image_id,label,source_clean,source_adv,tf_inception_v3_clean,tf_inception_v3_adv,tf_inception_v4_clean,tf_inception_v4_adv,tf_inc_res_v2_clean,tf_inc_res_v2_adv,tf_resnet_v2_50_clean,tf_resnet_v2_50_adv,tf_resnet_v2_101_clean,tf_resnet_v2_101_adv,tf_resnet_v2_152_clean,tf_resnet_v2_152_adv,tf_ens3_adv_inc_v3_clean,tf_ens3_adv_inc_v3_adv,tf_ens4_adv_inc_v3_clean,tf_ens4_adv_inc_v3_adv,tf_ens_adv_inc_res_v2_clean,tf_ens_adv_inc_res_v2_adv
0c7ac4a8c9dfa802.png,305,305,302,306,303,306,303,306,303,306,303,306,303,306,303,306,303,306,303,306,303
f43fbfe8a9ea876c.png,883,883,904,884,905,884,905,884,905,884,905,884,905,884,905,884,905,884,884,884,884
4fc263d35a3ad3ee.png,243,243,180,244,181,244,181,244,181,244,181,244,181,244,244,244,244,244,244,244,244
cc13c2bc5cdd1f44.png,559,559,755,560,756,560,542,560,517,560,560,560,560,560,542,560,560,560,533,560,560
73a52afd2f818ed5.png,438,438,12,439,13,439,368,439,13,439,678,439,573,439,439,439,439,439,439,439,439
58f0fd17c4a0e25a.png,990,990,65,991,66,991,66,991,853,991,122,991,991,991,122,991,991,991,991,991,991
90e11aa7c36c64f2.png,949,949,113,950,114,950,114,950,114,950,114,950,950,950,114,950,950,950,113,950,989
696f0f6bea562bf8.png,853,853,703,854,704,854,638,854,854,854,913,854,704,854,854,854,638,854,638,854,854
df58f94361c6d105.png,609,609,436,610,437,657,437,610,437,437,437,610,437,437,437,610,437,437,437,610,437
1394faa319bd353c.png,609,609,436,610,437,610,437,610,610,610,437,610,437,512,512,437,437,437,437,610,610
6cae4a23623d142b.png,582,582,454,583,455,583,455,583,455,583,455,583,455,583,455,583,455,583,455,583,583
d02adcb9140880a1.png,915,915,497,916,498,916,916,916,916,916,916,916,916,916,916,916,916,916,916,916,916
71080285ad6cb4e9.png,455,539,539,540,540,456,540,456,540,456,540,456,540,456,456,456,540,456,540,456,456
137ab6ca314e9e35.png,619,798,769,906,770,620,770,620,620,620,770,620,620,620,620,620,770,620,620,620,923
c819099fed6f0d73.png,961,961,893,962,447,962,894,962,894,962,894,962,894,962,465,962,540,962,817,962,503
4b384c8247b56c0a.png,541,541,669,542,670,542,670,542,542,542,670,542,670,542,542,542,542,542,542,542,542
62ebd5f7ce015380.png,630,774,3,775,4,631,631,631,631,631,631,631,631,631,631,631,503,631,631,631,631
f24817d66024dfb6.png,741,741,497,742,498,742,742,742,742,742,742,742,407,742,742,742,742,742,498,742,742
1b57d7bbd673c771.png,422,422,490,423,491,423,491,423,491,423,491,423,547,423,491,423,491,423,423,423,788
a2de1f4f2c1021fa.png,455,455,748,456,749,456,894,456,894,456,456,456,894,456,894,456,894,894,894,456,894
3e7b01ba495f15f9.png,707,707,453,708,454,708,572,708,708,708,481,708,708,708,481,708,708,708,708,708,708
1a264165276e3c85.png,854,854,492,855,493,855,407,855,493,855,493,855,493,855,407,855,407,855,855,855,493
bc9a5e01c02e759e.png,922,922,921,923,922,923,922,923,923,923,922,923,923,923,923,923,923,923,922,923,923
01bdc0cfe670f708.png,471,471,669,472,670,472,670,472,670,472,670,472,670,472,670,472,472,472,472,472,472
6af829a442e2e0e7.png,129,129,600,90,601,128,128,130,382,130,132,130,135,128,734,130,130,130,128,130,130
493694833dc23399.png,537,537,611,538,612,538,538,538,538,538,644,538,612,538,864,538,538,538,429,538,538
6ac94c9244f84aa3.png,672,672,700,673,701,673,646,673,646,673,673,673,670,673,888,673,673,673,673,673,863
7529b42e71769777.png,476,476,669,477,670,477,670,477,670,477,477,477,670,477,477,477,477,477,477,477,477
d204464fcf15ad99.png,299,299,298,300,299,300,300,300,300,300,300,300,300,300,300,300,300,300,300,300,300
7fd7ce3eb2bf9944.png,99,99,85,100,86,100,86,100,100,100,100,100,24,100,24,100,100,100,100,100,100
303781188f1b3b27.png,476,476,44,477,645,477,477,477,477,477,477,477,477,477,477,477,477,477,477,477,477
67967c9db11151e0.png,251,251,275,252,276,252,276,252,276,252,252,252,252,252,252,252,252,252,276,252,276
fa2a7d600b62174e.png,520,520,827,521,828,521,754,521,812,521,521,521,521,521,521,521,521,521,521,521,521
cd2d2889ef7ac51c.png,923,923,921,924,922,924,966,924,701,924,125,924,924,924,924,924,924,924,924,924,924
11954d93a7051cb5.png,22,22,21,23,22,23,22,23,22,23,23,23,23,23,23,23,22,23,22,23,23
03f90f7138f761e8.png,663,663,698,664,699,664,699,664,699,664,699,699,699,664,699,664,699,664,699,664,699
19935b1c0a4d305d.png,760,760,922,761,923,761,761,761,923,761,761,761,761,761,923,761,761,761,761,761,761
9cf861a657c27cec.png,582,582,829,583,830,583,583,583,583,583,583,583,583,583,583,583,583,583,583,583,583
05817a675e7506d1.png,672,672,559,673,560,673,560,673,560,673,560,673,560,673,560,673,673,673,560,673,673
e1c702ed9842dd1c.png,692,692,917,693,918,918,918,693,693,463,693,463,463,693,693,693,918,918,918,693,693
e7cafac174e90143.png,525,525,483,526,484,526,484,526,484,526,484,526,484,526,484,526,484,526,484,526,526
1a680f33500acb4b.png,931,931,929,932,930,932,930,932,930,932,930,932,420,932,932,932,119,932,930,932,930
81ddbe14219e9dcf.png,317,317,316,318,317,318,317,318,317,318,317,318,317,318,317,318,318,318,318,318,318
04cb9de291399d15.png,464,464,422,465,423,465,465,465,428,465,817,465,465,465,544,465,817,465,465,465,465
23f9d18d531eb148.png,478,478,446,479,447,479,447,479,447,479,447,479,447,479,447,479,447,479,479,479,447
63f2e14ab6be82cf.png,667,667,461,668,462,668,668,668,525,668,668,668,615,668,615,668,668,668,668,668,668
0dffbfa7ba43cb90.png,961,961,107,962,108,962,460,962,108,962,962,962,853,962,108,962,962,962,962,962,962
a97274c7e80a1764.png,865,865,398,866,399,866,399,866,399,866,468,866,497,497,497,866,497,866,866,866,866
85e2eea48d912d31.png,805,805,176,806,177,806,806,806,806,806,806,806,806,806,806,806,806,806,806,806,806
ff5182599937c1ec.png,324,324,29,325,30,325,60,325,325,325,325,325,30,325,30,325,325,325,30,325,325
4bb12984b41d0834.png,33,33,83,34,84,34,34,34,35,34,35,34,35,34,35,34,34,34,34,34,34
150249123e81930d.png,922,922,434,923,435,923,435,923,435,923,592,923,592,923,435,923,923,923,923,923,923
f963957ccfa82f6b.png,142,142,140,143,141,143,141,143,141,143,143,143,143,143,141,143,143,789,141,143,143
890fdaf4e1892e00.png,312,312,324,313,325,313,325,313,326,313,326,313,325,313,326,313,318,313,326,313,313
9a1c67f467b9beea.png,302,302,390,303,391,303,391,303,391,303,391,303,391,303,391,303,303,303,104,303,303
217597258ac12258.png,582,582,509,583,510,583,583,583,510,583,510,583,583,583,583,583,583,583,583,583,583
346c5575b60194c3.png,948,988,376,949,377,949,377,949,377,989,989,949,956,949,956,949,949,949,377,949,989
296033c3a5910845.png,360,360,287,361,288,361,288,361,361,361,288,361,361,361,361,361,361,361,361,361,361
3a7d9bd310202e93.png,789,789,591,790,592,790,790,790,435,790,790,790,790,790,790,790,790,790,790,790,790
56e9d5f63cfc507e.png,440,440,700,441,701,441,701,441,701,441,441,441,738,441,701,441,441,441,441,441,441
602f2c3749d6021e.png,746,746,795,747,796,747,747,747,747,747,747,747,747,747,747,747,747,747,747,747,747
7c754696067fdfa9.png,764,764,319,765,320,765,765,765,765,765,765,765,765,765,765,765,765,765,765,765,765
8f5eda0b6a910b43.png,949,949,502,950,503,950,950,950,503,950,503,950,950,950,950,950,950,950,950,950,950
89119361e9d9e02d.png,480,480,648,481,649,481,481,481,708,481,481,481,482,481,482,481,649,481,481,481,481
da63f2acf683c0a7.png,133,133,49,134,50,134,134,134,134,134,134,134,134,134,134,134,134,134,134,134,134
741fc1a3fc08731d.png,792,792,652,793,653,793,653,793,653,793,653,793,653,793,653,793,793,793,793,793,793
d77af00930283f4b.png,900,900,915,901,916,901,916,901,901,901,901,901,901,901,901,901,901,901,901,901,901
97151fe7a0a6e2e3.png,733,733,820,734,821,734,734,734,734,734,975,734,896,734,734,734,734,734,734,734,734
393d40f3a6a79400.png,327,327,33,328,34,328,34,328,34,328,328,328,328,328,34,328,328,328,328,328,328
8f5e0855ca8de8ea.png,467,467,33,468,34,468,34,468,468,468,34,468,34,468,34,468,468,468,34,468,468
d72f34526e12fd83.png,441,441,883,442,884,442,442,442,428,442,884,442,884,442,442,442,442,442,442,442,442
957529a2abaa0581.png,882,882,808,883,809,883,883,883,883,883,864,883,572,883,572,883,883,883,883,883,883
3bd1ba0432603b28.png,920,920,482,921,483,921,762,921,921,921,921,921,921,921,921,174,52,789,789,921,921
3228a465697fb2cf.png,839,839,448,840,449,840,840,840,840,840,840,840,840,840,840,840,840,840,840,840,840
871c99d5658c3189.png,955,955,957,956,958,956,952,956,952,956,958,956,958,956,956,956,956,956,956,956,952
1733cbc68a2ae05d.png,555,555,407,556,408,556,556,556,556,556,556,556,556,556,556,556,556,556,556,556,556
69a3493d13953e1f.png,519,519,886,520,887,520,520,520,861,520,520,520,520,520,520,520,520,520,520,520,520
8a82ddd7ab76efbb.png,510,510,540,511,592,511,541,511,541,511,541,511,541,511,511,511,511,511,541,511,511
e95ef0aeeab7b496.png,888,888,67,889,68,889,670,889,670,889,670,889,670,889,916,889,889,789,859,889,889
8555611998ea426a.png,990,990,946,991,947,991,991,991,991,991,991,991,991,991,991,991,991,991,991,991,991
1cc2caf8e5db27c3.png,430,430,808,431,809,431,911,431,431,431,431,431,431,431,431,431,431,431,431,431,431
a00c8d22e63497c4.png,430,430,641,431,642,431,891,431,642,431,431,431,418,431,642,431,431,431,431,431,806
4f553b721705d008.png,396,396,71,397,72,397,397,397,397,397,397,397,397,397,397,397,397,397,397,397,397
f1ce339a44d7a118.png,97,97,82,98,83,98,83,98,98,98,98,98,83,98,98,98,98,99,99,98,98
2153d9869fb5a9ef.png,644,644,9,645,10,645,10,645,10,645,645,645,10,645,645,645,645,645,645,645,645
7506caf0a49c3951.png,78,78,125,79,126,79,126,79,126,79,126,79,126,79,126,79,79,79,79,79,79
1d4133f5bc7af193.png,140,140,142,141,143,141,143,141,141,141,141,141,141,141,143,141,141,141,141,141,141
fd26c4733822dfcc.png,362,362,384,363,385,363,363,363,384,363,384,363,363,363,384,363,363,363,363,363,363
60f5900a00d94b25.png,705,705,413,706,414,706,706,706,706,706,706,706,706,706,706,706,706,706,706,706,706
79f953be91aa8ce2.png,659,659,971,660,972,660,972,660,972,660,972,660,972,660,972,660,660,660,660,660,660
d9da4e5ef53d5e8b.png,640,539,922,540,923,641,641,641,713,641,641,641,641,641,641,641,713,641,641,641,641
0411ca972e637297.png,967,967,849,968,850,968,850,968,850,968,850,968,850,968,850,968,968,968,850,968,968
92dbb18dd447fd75.png,489,489,580,490,581,490,581,490,581,490,490,490,490,490,490,490,490,490,490,490,490
65251969959ce0e6.png,937,937,973,938,52,938,974,938,938,938,938,938,938,938,938,938,938,938,938,938,938
b76e552d4b3ec0c3.png,991,991,308,992,309,992,992,992,992,992,992,992,992,992,992,992,992,992,992,992,992
828ade8df2d14c45.png,887,887,439,888,440,888,888,888,888,888,888,888,440,888,888,888,888,888,888,888,888
3dc0e8f854bdc9b3.png,603,603,595,604,596,604,604,604,604,604,604,604,604,604,604,604,604,604,604,604,604
6bb6cf032c1286c5.png,467,467,391,468,392,468,392,468,392,468,392,468,468,468,392,468,468,468,468,468,392
2e9b377877f64b3d.png,498,498,744,499,745,499,658,499,658,499,584,499,499,499,499,499,658,499,499,499,499
2842a69bf5b14526.png,879,879,835,880,836,880,836,880,836,880,880,880,880,880,880,880,880,880,880,880,880
a74f197288b10a0d.png,807,807,586,808,587,808,848,808,808,808,808,808,449,808,450,808,450,808,808,808,707
7a85f42383ec2f81.png,708,708,319,709,320,709,458,709,617,709,825,709,602,709,579,709,515,789,709,709,709
55e85d7b58024966.png,967,967,809,968,810,968,968,968,968,968,968,968,968,968,968,968,968,968,968,968,968
d6d192c5786f29f5.png,472,472,6,473,7,473,473,473,473,473,694,473,473,473,473,473,473,473,473,473,473
f533740a8d4618ce.png,287,287,67,288,68,288,69,288,288,288,294,288,288,288,288,288,288,288,288,288,288
5292f5b36a0789fa.png,853,853,883,854,884,854,539,854,462,854,477,854,916,854,477,854,854,854,884,854,916
ba4b978112a20be1.png,971,971,912,972,913,972,972,972,972,972,526,972,972,972,972,972,972,972,972,972,972
3692f6967c632fee.png,805,805,602,806,603,806,769,806,806,806,806,806,769,806,753,806,806,806,806,806,806
fae551840c1690fa.png,719,719,397,720,398,720,720,720,720,720,720,720,720,720,720,720,720,720,720,720,720
8020698d79dc39f2.png,854,854,401,855,402,855,855,855,402,855,855,855,855,855,855,855,855,855,855,855,855
d392f0639c17f396.png,807,853,580,854,581,581,581,808,581,859,581,808,581,808,581,808,581,808,581,581,581
8f97e3fface13e4d.png,471,471,792,472,793,472,472,472,472,472,422,472,472,472,472,472,472,422,793,472,472
a920691cf2d50f79.png,946,946,127,947,128,947,959,947,128,329,329,947,959,947,128,991,128,329,329,329,128
a482985ca1e77960.png,890,890,839,891,840,891,840,891,891,891,891,891,891,891,891,891,840,891,891,891,891
362e4ac62cf888f4.png,572,572,755,573,756,573,573,573,573,573,573,573,573,573,573,573,573,573,573,573,573
694e7617a4878041.png,883,883,711,884,712,884,884,884,884,884,884,884,884,884,884,884,884,884,884,884,884
fa5484e61e455eb2.png,476,476,39,477,40,477,477,477,477,477,477,477,477,477,477,477,477,477,477,477,477
ab42aa5e9745c214.png,581,581,669,582,670,582,670,582,670,582,415,582,670,582,670,582,582,582,582,582,582
e6e677a28e3bd6d7.png,603,603,595,604,596,604,604,604,604,604,808,604,604,604,731,604,604,604,604,604,604
2e541180b2323a5d.png,23,23,50,24,51,24,24,24,50,24,24,24,24,24,24,24,24,24,24,24,24
01f824264783f58d.png,967,967,910,968,911,968,667,968,667,968,968,968,968,968,968,968,968,968,968,968,968
335e604bbe3eec78.png,311,311,312,312,313,312,312,312,312,312,312,312,312,312,312,312,312,312,312,312,312
4e1bdcb677f21fb4.png,873,873,586,874,587,874,874,874,874,874,874,874,874,874,874,874,874,874,874,874,874
c6b5f6c1d79dffc6.png,582,582,36,583,37,583,119,583,791,583,119,583,583,583,583,583,583,583,583,944,583
8f9c1e4fd9f4cb2e.png,16,16,94,17,95,17,17,17,17,17,95,17,95,17,95,17,17,17,17,17,17
f54616f2af588fd8.png,672,672,65,673,66,673,673,673,673,673,673,673,673,673,673,673,673,673,673,673,673
f20911d36a287dce.png,780,780,724,781,725,781,781,781,781,725,725,781,725,781,781,781,781,781,781,781,781
81a7637c67f4f777.png,489,489,700,490,701,490,751,490,490,490,490,490,490,490,490,490,490,490,490,490,490
65c1808390bd18c5.png,685,685,409,686,410,686,410,686,410,410,410,686,410,686,410,686,410,789,410,686,410
e570258f1bef4ade.png,366,366,297,367,298,367,298,367,298,367,298,367,298,367,298,367,298,367,368,367,368
58bbaa0c5ab520d5.png,487,662,737,663,738,488,899,488,738,762,762,762,899,762,899,488,762,488,663,762,762
556d8b457b94c285.png,746,746,795,747,796,747,796,747,747,747,747,747,747,747,747,747,747,747,747,747,747
38546e7d7136c2ab.png,599,599,904,600,905,600,600,600,600,600,600,600,600,600,600,600,600,600,600,600,600
9876fe92d003c9d4.png,912,912,525,913,526,913,526,913,526,913,913,913,913,913,913,411,596,913,526,913,913
8df3dc0c3fef1824.png,950,950,938,951,939,951,939,951,939,951,939,951,939,951,939,951,939,951,939,951,951
938ada2f2bfa2b68.png,843,843,395,844,396,844,844,844,396,844,396,844,396,844,844,844,844,844,844,844,844
61131df39f19a4a0.png,614,614,579,615,789,615,653,615,653,615,615,615,615,615,615,615,615,615,615,615,615
7278c2b63080f08c.png,348,348,169,349,170,349,170,349,170,349,170,349,170,349,170,349,170,349,170,349,170
f734e87286835196.png,323,323,70,324,71,324,324,324,324,71,71,324,71,324,71,324,71,324,71,324,71
06a0e36c443746b5.png,353,353,352,354,353,354,354,354,353,354,353,354,354,354,354,354,354,354,354,354,354
d7d8fc1442a82a8e.png,21,21,23,22,24,22,22,22,24,22,95,22,22,22,22,22,22,22,22,22,22
f9937696f421f4e4.png,84,84,396,85,974,85,85,85,85,85,85,85,85,85,85,85,85,85,85,85,85
9429f0d1ad2283df.png,437,437,845,438,846,438,846,438,846,438,846,438,554,438,559,438,658,438,658,438,658
7524a7ef9de8edc3.png,946,946,70,947,71,947,947,947,12,947,321,947,947,947,947,947,947,947,947,947,947
c98a8640dcfaa5e0.png,746,746,560,747,561,747,747,747,747,747,747,747,747,747,747,747,747,747,747,747,747
d34c51d7523e9c0f.png,646,646,888,647,889,647,647,647,647,647,647,647,647,647,647,647,647,647,647,647,647
24726d9054e9d78f.png,544,544,937,545,938,545,938,545,938,545,938,545,938,545,545,545,910,545,545,545,545
66aa56675136bbab.png,469,469,541,470,542,470,542,470,542,470,542,470,542,470,470,470,470,470,470,470,470
a8fe76c687b00e33.png,597,487,891,760,892,598,598,598,598,598,488,488,892,598,892,598,598,598,892,598,598
411c5d79017077f4.png,81,81,82,82,83,82,82,82,82,82,83,82,83,82,82,82,82,82,82,82,82
bb6fcb4a52b4fc0f.png,734,734,656,735,657,735,657,735,657,735,657,735,657,735,657,735,657,735,735,735,735
84640859ee739095.png,719,719,367,720,368,720,720,720,720,720,345,720,720,720,720,720,720,720,720,720,720
6d2d82bc1ba0a956.png,51,51,679,52,680,52,680,52,680,52,680,52,680,52,489,52,680,52,680,52,52
3e1e47f5af2a3f16.png,293,293,288,294,289,294,294,294,294,294,294,294,294,294,294,294,294,294,294,294,294
1ac44ddb6a2d497a.png,897,897,909,898,910,898,546,898,568,679,679,898,910,898,910,898,898,898,892,572,898
7a291389e67a8a07.png,416,416,702,417,703,417,174,417,162,417,703,417,703,417,703,417,703,417,703,417,703
afa0f88aaab03427.png,544,544,712,545,713,545,545,545,545,545,545,545,545,545,545,545,545,545,545,545,545
1e26772fc8c493bb.png,415,931,931,932,932,950,950,416,416,416,416,416,950,958,950,416,416,510,510,416,416
4d1237ccbd9a5b4b.png,814,814,436,815,437,815,815,815,815,815,815,815,815,815,815,815,815,815,815,815,815
c3f452167c39302f.png,295,295,101,296,102,296,102,296,102,296,102,296,102,296,102,296,367,296,102,296,102
6841e385fe79177f.png,829,829,569,830,570,830,875,830,830,830,830,830,556,830,556,830,830,830,556,830,830
b48febf2b989205b.png,759,759,113,760,114,760,760,760,760,760,760,760,760,760,760,760,760,760,760,760,760
baeb1300832574aa.png,971,971,107,972,108,972,108,972,108,972,108,972,108,972,108,972,108,972,108,972,108
7b6cc934fda859fa.png,306,306,904,307,905,307,905,307,307,307,905,307,905,307,905,307,905,307,905,307,307
39f82c728c956125.png,637,637,704,638,705,638,638,638,705,638,705,638,638,638,705,638,638,638,638,638,638
c8231978dc765004.png,471,471,169,472,170,472,472,472,170,472,170,472,170,472,170,691,472,472,472,472,472
823f8eae0df2d5c1.png,94,94,389,95,390,95,95,95,95,95,95,95,95,95,95,95,95,95,95,95,95
038fd7a750733bb5.png,17,17,320,18,321,18,18,18,18,18,18,18,18,18,18,18,18,18,321,18,18
6d6078c60e59e9f4.png,984,984,990,985,991,985,991,985,986,986,986,985,986,985,991,985,985,985,985,985,985
1f71668ab3dbe81b.png,708,708,669,709,670,709,885,709,916,709,766,709,744,709,709,709,709,709,709,709,709
70b3b833463d20b9.png,863,863,62,864,63,864,62,864,62,864,864,864,864,864,864,864,864,864,864,864,864
dd4d033a9a45552d.png,391,391,360,392,361,392,151,392,361,392,392,392,361,392,363,392,3,392,392,392,392
8800cff23fade16a.png,531,531,487,532,488,532,532,532,488,532,532,532,532,532,488,532,532,532,532,532,532
af2ac1705dc19a5f.png,383,383,377,384,378,384,384,384,384,384,383,384,384,384,384,384,384,384,384,384,384
87937b805302f958.png,417,417,460,418,461,418,418,418,418,418,418,418,914,418,418,418,418,418,418,418,418
f33087679c5e7799.png,442,442,873,443,874,443,874,443,874,443,874,443,874,443,874,443,443,443,443,443,443
6374e7e35ad90f50.png,38,38,290,39,291,39,291,39,291,39,291,39,291,39,291,39,291,39,398,39,291
92c73d668e2cd3ce.png,858,858,821,859,822,859,859,859,859,859,822,859,859,859,859,859,859,859,859,859,859
e8d5809ee6888f8f.png,716,716,668,717,669,717,717,717,717,717,717,717,717,717,717,717,717,717,717,717,717
45da32a1cf073a4f.png,99,99,85,100,86,100,86,100,86,100,100,100,100,100,100,100,100,100,100,100,100
fe94909a2fad4ffe.png,546,546,889,547,403,547,547,547,547,547,547,547,547,547,547,547,547,547,547,547,547
00c3cd597f1ee96f.png,137,137,360,138,361,138,361,138,361,138,361,138,361,138,361,138,361,138,138,138,138
a5949b0719d3ea77.png,980,980,111,981,112,981,112,981,112,981,112,112,112,981,112,981,112,789,112,981,112
d7984e6e1a51b3c4.png,517,517,821,518,822,518,822,518,518,518,518,518,822,518,518,518,518,518,518,518,518
979757e16b67ac7e.png,322,322,326,323,327,323,327,323,327,323,327,323,327,323,327,323,327,323,323,323,323
60ab0fb53634bc3c.png,765,765,706,766,707,766,707,766,766,766,766,766,707,766,766,766,766,766,766,766,766
ad333e5d6953cbbf.png,632,632,605,633,606,633,606,633,1000,633,633,633,701,633,606,633,633,633,606,633,633
2b7e6f0d6f73fa1f.png,637,453,454,454,455,550,592,638,592,554,455,638,550,638,693,887,447,638,625,638,550
4063377442ea93d3.png,595,595,565,596,566,596,566,596,566,596,566,596,566,596,566,515,515,789,510,596,596
60ed157b21d49c4c.png,754,754,507,508,508,755,508,755,508,755,508,755,508,755,508,755,508,755,508,508,508
8f07c92f0af97807.png,805,805,890,806,891,806,891,806,891,806,891,806,891,806,806,806,806,806,806,806,806
d67b326ef48bb7b7.png,873,873,497,874,498,874,498,874,874,874,498,874,498,874,874,874,874,874,498,874,874
9f3afb58c061c290.png,980,980,749,981,750,91,750,981,750,979,85,981,750,972,750,750,750,750,750,981,2
1f7c25207bc3e303.png,475,475,836,476,837,476,837,476,837,476,476,476,476,476,476,476,476,476,476,476,476
70d812d368e3e828.png,455,455,409,456,410,456,456,456,456,456,456,456,456,456,456,456,410,456,456,456,456
e19a59ad09d18497.png,442,442,755,443,756,443,756,443,756,443,756,443,443,443,756,443,443,443,443,443,443
dde33b51c8c152d2.png,734,734,751,735,752,735,735,735,752,735,752,735,752,735,752,735,735,735,735,735,735
a33af1b9f8b8a81b.png,879,879,297,880,298,880,880,880,298,880,346,880,880,880,880,880,880,880,880,880,880
1c924877ccc60129.png,409,409,685,410,686,410,410,410,410,636,636,410,686,827,686,410,827,410,410,827,827
74dbbe535861d709.png,701,417,417,418,418,418,418,702,702,702,418,702,418,702,702,418,418,418,418,418,418
858ec91996beb034.png,685,685,787,686,788,686,686,686,827,686,480,686,480,686,827,686,536,686,480,686,827
e5cf220f8144c192.png,705,705,716,467,717,706,706,706,706,706,706,706,548,548,548,706,706,706,706,706,706
34a39905ce228160.png,768,768,611,769,612,769,988,769,753,769,988,769,430,769,575,769,769,769,769,769,806
9455bd672cb9e4bd.png,521,521,922,522,923,522,923,522,923,522,923,522,522,522,923,522,522,522,923,522,522
9c509bfb75167fb0.png,640,640,835,641,836,641,641,641,641,641,641,641,641,641,641,641,641,641,641,641,641
37e7dc99bf2704c7.png,663,663,497,664,498,664,498,664,498,498,498,498,498,498,498,664,498,664,498,664,664
f2bfa7a95e787fe1.png,720,720,711,721,712,721,632,721,899,721,701,721,632,721,701,721,721,721,721,721,721
0f9d8c86a9f38020.png,759,759,704,760,705,760,760,760,760,760,760,760,760,760,705,760,760,760,760,760,760
ce05236afebb173d.png,535,535,983,536,984,536,672,536,536,536,536,536,536,536,536,536,536,536,536,536,536
12fb008451be82d4.png,582,582,565,583,566,583,583,583,583,583,583,583,583,583,583,583,583,583,583,583,583
1a7425e8f990e04a.png,607,607,731,608,732,608,732,608,608,608,738,608,544,608,880,608,608,608,608,608,608
1ba816dc6937b62d.png,859,859,883,860,884,860,774,860,774,860,860,860,860,860,860,860,860,860,860,860,860
a92e49d8bbdc2aae.png,532,532,526,533,527,533,527,533,533,533,533,533,533,533,533,533,533,533,533,533,533
0e0f1fd2ed183781.png,113,113,50,114,51,114,114,114,114,114,114,114,114,114,114,114,114,114,114,114,114
c83cfca4bc9dd3c7.png,695,695,666,696,667,696,667,696,667,696,667,696,667,696,667,696,667,696,667,696,667
172f992e1a0ebbc3.png,565,565,671,566,672,780,410,566,566,566,566,780,566,566,566,566,566,566,780,566,566
565c67fd230f18cc.png,554,554,839,555,840,555,719,555,555,555,555,555,555,555,555,555,719,555,719,555,555
b8596bba57a73794.png,351,351,348,352,349,352,350,352,350,352,350,352,352,352,349,352,352,352,354,352,352
d94940216544b2c5.png,311,311,47,312,48,312,48,312,48,312,48,312,48,312,48,312,312,312,312,312,48
9f55ac35ce9703e5.png,8,8,82,9,83,9,9,9,83,9,83,9,83,9,83,9,9,9,9,9,9
55323ce1ff485412.png,385,385,386,386,387,386,387,386,387,386,386,386,387,386,387,386,386,386,386,386,386
526f322d78bd5b44.png,570,570,600,571,601,571,644,571,644,571,571,571,644,571,764,571,571,571,571,571,571
229fbe790098d2e5.png,480,480,424,481,425,481,425,481,425,481,481,481,481,481,481,481,481,481,481,481,481
e0c0f412d78571dc.png,733,733,657,734,658,734,658,734,658,734,734,734,734,734,734,734,734,734,734,734,734
d12aad0d18252b40.png,324,324,463,325,464,325,198,325,367,325,325,325,464,325,325,325,464,325,325,325,325
22712d0324d43ef2.png,897,897,787,898,788,898,788,898,788,898,788,898,788,898,788,898,898,898,898,898,898
3201d10ec4dca056.png,738,738,463,739,464,739,739,739,739,739,739,739,739,739,739,739,739,739,739,739,739
62c7958e7cd80cca.png,401,401,514,402,515,402,402,402,402,402,656,402,402,402,402,402,402,402,402,402,402
12cf4de43c70273e.png,814,814,908,815,909,815,909,815,909,815,909,815,909,815,436,515,119,789,983,815,815
56dbd7d814ef5c58.png,253,253,211,254,212,254,274,254,212,254,163,254,254,254,254,254,254,254,254,254,254
e91abe0f1a7a30f4.png,751,751,864,752,865,752,752,752,752,752,752,752,752,752,752,752,752,752,752,752,752
641d03527848417f.png,340,340,815,341,816,341,341,341,341,341,341,341,341,341,341,341,341,341,341,341,341
de282cea97167923.png,304,303,317,304,318,305,318,305,318,305,318,305,318,305,318,305,305,305,318,305,305
088560551b91ceb0.png,982,982,636,983,637,983,983,983,637,983,602,983,602,983,637,983,983,983,983,983,983
a70b1cda0776cba6.png,142,142,140,143,141,143,141,143,141,143,141,143,141,143,143,143,141,143,141,143,141
c036b20afde859b7.png,280,280,272,281,273,281,273,281,273,281,273,281,273,281,273,281,273,281,273,281,273
5d6c4759c26bae8c.png,546,546,889,547,890,547,547,547,547,547,547,547,547,547,547,547,547,547,547,547,547
3eded0a8d5f16059.png,99,99,138,100,139,100,139,100,139,128,128,100,100,100,22,100,100,100,100,100,100
9db1070b1b9f03d2.png,323,323,70,324,71,324,71,324,76,324,76,324,553,324,421,324,324,324,324,324,324
e3c3f8889ac99aec.png,535,535,988,536,989,536,633,536,989,536,536,536,536,536,989,536,536,536,536,536,536
d6d42f8a1f6b4460.png,665,665,612,666,613,666,613,666,666,666,666,666,666,666,666,666,666,666,666,666,666
517dc655edeaf344.png,429,429,808,430,809,430,430,430,430,430,430,430,430,430,430,430,430,430,430,430,430
10db986bad48a9d5.png,893,893,741,894,742,894,742,894,742,592,592,894,742,540,742,894,894,778,778,894,841
17cfccd62451a233.png,965,965,712,966,713,966,713,966,713,966,961,966,924,966,924,966,924,966,924,966,966
212476b1b58a0cfe.png,511,511,436,512,437,512,437,512,437,512,437,512,512,512,437,512,512,512,512,512,437
919a6f1d23c6d05e.png,144,144,971,145,972,145,25,145,137,145,218,145,145,145,751,145,145,145,145,145,145
da4f4d6944d93ae0.png,734,734,864,735,865,735,735,735,735,735,735,735,735,735,735,735,735,735,735,735,735
1461ed9402248ddc.png,513,513,558,514,559,514,559,514,514,514,514,514,514,514,514,514,514,514,514,514,514
f0dcd519b5499d48.png,663,663,873,664,874,664,664,664,664,664,874,443,874,664,874,664,664,664,664,664,664
9a5913e0fb6d0866.png,766,766,938,767,939,468,937,767,939,767,767,767,999,767,988,767,767,767,468,767,988
cfab8f880da31ad8.png,540,540,517,541,518,541,518,541,541,541,541,541,541,541,541,541,541,541,541,541,541
17df043d369008f5.png,990,990,109,991,110,991,110,991,110,991,110,991,110,991,110,991,114,998,948,991,998
95d6a4087f394d8b.png,749,749,794,750,795,750,795,750,750,750,795,750,795,750,750,750,750,750,750,750,750
0be391239ccba0f2.png,718,718,730,719,731,719,719,719,719,719,719,719,719,719,719,719,719,719,719,719,719
8d68931ba23fdeb7.png,841,841,461,842,462,842,842,842,842,842,842,842,842,842,842,842,842,842,842,842,842
6bff4ecb94f1f84e.png,858,858,858,859,675,859,859,859,859,859,859,859,859,859,859,859,859,859,859,859,859
96fcb76927274db6.png,471,471,870,472,871,472,472,472,472,472,472,472,871,472,472,472,472,472,472,472,472
4de063bd5b838f11.png,1,1,868,2,869,2,869,2,869,2,869,2,869,2,869,2,2,2,841,2,869
55b85f4336d9603a.png,879,879,396,880,397,880,880,880,880,880,880,880,880,880,880,880,880,880,880,880,880
f6437ed4f1b8fe23.png,301,301,730,302,731,302,451,302,302,302,302,302,302,302,302,302,302,302,302,302,302
a90d9627e2145090.png,425,425,664,426,665,426,426,426,426,426,426,426,426,426,426,426,426,426,426,426,426
f4bde5facfdca0c6.png,787,787,868,788,869,788,788,788,540,788,788,788,788,788,459,788,788,788,788,788,788
803450d936b35ebb.png,933,933,119,934,120,934,911,934,119,934,934,934,934,934,934,934,934,934,934,934,934
fff35cdcce3cde43.png,912,912,863,913,864,913,864,913,864,913,864,913,864,913,864,913,864,913,864,913,864
b58e8d136aff5a50.png,624,624,860,625,861,625,861,625,861,625,861,625,625,625,861,455,861,625,861,625,625
76d7e2d1bf3a31fe.png,311,311,82,312,83,312,51,312,365,312,317,312,314,312,312,312,58,312,312,312,314
a777db736ecdfb65.png,325,325,78,326,79,326,79,326,79,326,326,326,79,326,79,326,79,326,79,326,79
f1a6fdadaa132225.png,989,989,556,990,557,990,557,990,557,990,557,990,557,990,557,990,860,990,869,990,869
6bea02f26beef50d.png,708,708,887,709,888,709,888,709,709,502,888,709,888,502,502,709,709,709,888,709,709
7b6a9bf5b175e3b2.png,557,557,677,558,678,558,558,558,558,558,717,558,796,558,558,558,592,558,592,558,558
7c249a944594a62e.png,989,989,412,990,413,990,729,990,990,990,59,990,122,990,816,816,729,990,990,990,990
5c2d823a4d30e3d5.png,717,717,492,718,493,718,749,718,493,718,718,718,718,718,718,718,437,718,718,718,718
fc94d8ed9eca8c51.png,389,389,509,390,510,390,510,390,510,723,510,396,510,940,510,390,30,390,399,390,988
73728c249317ccb9.png,847,847,586,848,587,848,587,848,587,848,587,848,587,848,587,848,587,848,587,848,587
0b1d45bd9ab1064e.png,560,560,566,561,567,561,561,561,561,982,982,561,561,561,561,561,561,561,561,561,561
4b52fd42977215b9.png,900,900,580,901,581,901,581,901,581,901,581,901,581,901,581,901,901,901,901,901,901
c27e3bde18fba21b.png,322,322,325,323,326,323,326,323,326,326,326,323,326,323,326,323,323,323,323,323,326
5dbfff56258cf9e6.png,317,317,815,318,816,318,318,318,318,318,318,318,318,318,816,318,318,318,318,318,318
c47ca11294a9aefe.png,546,546,626,547,627,547,547,547,547,547,547,547,547,547,547,547,547,547,547,547,547
97917829607b6189.png,858,858,839,859,840,859,859,859,859,859,840,859,840,539,539,859,859,789,859,859,840
d386396825739960.png,853,853,913,854,914,854,914,854,914,854,914,854,914,854,854,854,854,854,854,854,854
44fa09bc5f8e69a5.png,303,303,300,304,301,304,301,304,301,304,301,304,301,304,301,304,304,304,304,304,304
70db5a1689f89129.png,433,433,801,434,802,434,434,434,434,434,434,434,434,434,434,434,434,434,434,434,434
89d60f53d478c4f7.png,667,667,448,668,449,668,668,668,449,668,668,668,668,668,668,668,668,668,668,668,668
d531a31add433f46.png,763,763,652,764,653,764,795,764,653,764,764,764,795,764,764,764,764,764,764,764,764
4d0c0f35a0c00bdc.png,679,679,488,680,489,680,680,680,680,680,680,680,680,680,680,680,680,680,680,680,680
33197fa6ae88508a.png,847,847,586,848,587,848,587,848,587,848,587,848,587,848,587,848,587,848,587,848,848
78059d1afd7b9fea.png,57,57,26,58,27,58,58,58,58,58,58,58,58,58,58,58,58,58,58,58,58
542c07e8bf8e283c.png,144,144,146,145,147,145,147,145,147,145,151,145,147,145,147,145,147,789,145,145,145
e8c99e0220ab46d2.png,590,590,458,591,459,591,762,591,762,591,591,591,762,591,762,591,591,591,762,591,591
c755f3b0f89028fc.png,565,565,820,566,821,566,566,566,566,566,566,566,566,566,821,570,119,789,570,566,566
76db169867bf2e9d.png,963,963,669,964,670,964,964,964,964,964,964,964,964,964,964,964,964,964,964,964,964
784232355d49601b.png,326,326,318,327,319,327,327,327,327,327,327,327,327,327,327,327,327,327,327,327,327
e99ceff3e420ef95.png,830,830,744,831,745,831,831,831,831,831,831,831,831,831,831,831,831,831,831,831,831
23955512cd0e1191.png,475,475,162,476,172,476,163,476,747,898,880,898,479,898,163,476,674,476,423,476,674
d6eac6858474111c.png,322,322,326,323,327,323,323,323,327,323,327,323,327,323,323,323,323,323,323,323,323
8d90c523b27410a7.png,320,320,770,321,771,321,319,321,319,321,321,321,321,321,319,321,321,321,319,321,321
5cf72b48fdf5e419.png,629,629,390,630,391,630,391,630,328,630,391,630,391,630,30,630,113,630,750,630,30
228fec6cab5f560d.png,973,973,125,974,126,974,126,974,126,974,974,974,974,974,974,974,974,974,974,974,974
e7b61bec5e4ca40e.png,323,323,985,324,986,324,324,324,324,324,324,324,324,324,324,324,324,324,324,324,324
d3551db0b83c8fc0.png,617,617,341,618,342,618,432,618,342,618,842,618,342,618,701,618,342,618,425,618,342
c7d0c73d636300f5.png,829,829,654,830,655,830,875,830,875,830,655,830,875,830,706,830,830,830,875,830,875
61ed2594a0524631.png,471,471,908,472,909,472,472,472,909,472,437,472,437,472,472,472,472,472,472,472,472
89f48bcf97aa6600.png,417,417,821,418,822,418,418,418,822,418,418,418,418,418,418,418,418,418,418,418,418
ed786d792c4309a4.png,498,498,458,499,459,499,407,499,459,499,499,499,499,499,499,499,407,499,459,499,459
9fe19d5c6dab83a3.png,454,454,495,455,559,455,496,455,496,455,454,455,455,455,455,455,455,455,455,455,455
d5d5f843f100328c.png,885,885,738,886,739,886,109,886,911,886,864,886,109,886,507,886,109,507,507,886,116
789417c091011f53.png,344,341,341,345,342,345,343,345,342,345,349,345,342,345,342,345,343,345,342,345,342
e648427e38e80ff8.png,887,887,608,888,609,888,701,888,701,888,609,888,888,888,609,888,888,888,888,888,888
1478a0fc99a988db.png,775,614,652,615,653,776,776,776,653,776,653,776,653,776,653,776,653,776,776,776,653
e758de2cbb3d10a0.png,304,304,306,305,307,305,307,305,305,305,305,305,307,305,307,305,305,305,305,305,305
8af30e5c3fa48a08.png,695,695,498,696,499,696,789,696,789,696,499,696,841,696,789,696,789,696,696,696,696
38287d2e5a4a9a57.png,959,959,712,960,713,960,924,960,829,960,960,960,960,960,960,960,960,960,924,960,960
c6e0d2ab3bbf4a3e.png,705,705,779,706,780,706,706,706,706,706,706,706,706,706,706,706,706,706,706,706,706
4cccb215bd60b3c3.png,32,32,50,33,51,33,51,33,51,33,33,33,31,33,33,33,33,33,33,33,33
9a49001b63903f72.png,768,768,787,769,788,769,788,769,788,769,788,769,788,769,788,769,561,769,788,769,769
1cbae41091a750dc.png,472,472,693,473,694,473,694,473,473,473,473,473,473,473,473,473,473,473,473,473,473
de40907c1e2c5515.png,628,628,483,629,484,629,629,629,629,629,629,629,629,629,629,629,629,789,629,629,629
446f75fdea0e1da0.png,921,921,893,922,894,922,894,922,894,632,693,922,693,922,922,922,922,632,693,922,447
059da9a174262427.png,253,253,286,254,287,254,216,254,174,254,174,254,174,254,174,254,174,174,174,254,174
35c344ca0584ba14.png,687,687,421,688,422,688,688,688,422,688,688,688,688,688,688,688,688,688,688,688,688
c335ce88293384f2.png,734,734,407,735,408,735,735,735,735,408,408,735,408,735,408,735,735,735,408,735,735
daa6404780b1af27.png,637,637,747,638,748,638,748,638,748,638,748,638,748,638,748,638,748,638,748,638,638
446b24f903b488fc.png,143,143,129,144,130,144,144,144,129,144,129,144,129,144,145,144,144,144,144,144,144
d7ffed8f21024a14.png,751,751,586,752,587,752,587,752,752,752,752,752,587,752,752,752,752,752,752,752,752
5efeca6c4c233f01.png,760,760,711,761,712,761,701,761,701,761,712,761,701,761,761,119,119,789,805,761,633
7d599306068f4594.png,716,716,660,717,661,717,661,717,661,717,661,717,661,717,661,717,717,717,717,717,717
67a52d9155241752.png,829,829,874,830,875,830,875,830,875,830,875,830,875,830,875,830,830,830,875,830,830
dc12a25cc85ee9cf.png,646,646,868,647,869,647,647,647,647,647,647,647,647,647,647,647,647,647,647,647,647
0d6463e9a7ef6185.png,770,770,630,771,631,771,631,771,631,771,771,771,771,771,771,771,631,771,631,771,771
af543b5f19ed1b1d.png,39,39,48,40,49,40,40,40,40,40,40,40,40,40,40,40,40,40,40,40,40
a7151de51c2f1d0b.png,344,344,346,345,347,345,24,345,24,345,347,345,347,345,345,345,347,345,345,345,345
c5c9d17672ff88ce.png,457,457,921,458,922,458,922,458,922,458,922,458,922,458,922,458,922,458,922,458,458
5bdb8268eadf57d8.png,851,851,710,852,711,852,465,852,465,852,711,852,465,852,627,852,711,852,711,852,711
80177288cda51d95.png,640,640,891,641,892,641,892,641,641,641,892,641,892,641,641,641,641,641,892,641,641
5b60477a29c7ef81.png,415,415,582,416,583,416,583,416,583,416,583,933,583,416,416,416,416,416,416,416,416
da7e65bc80814f37.png,787,652,688,778,689,788,644,788,778,788,653,788,788,788,788,788,788,788,788,788,788
4aeb33c9e565a201.png,97,97,18,98,19,98,98,98,98,98,19,98,98,98,98,98,98,98,98,98,98
19d43f8204d3183d.png,984,984,489,985,490,985,985,985,490,985,985,985,985,985,985,985,985,985,985,985,985
2b741c5c635a7295.png,107,107,3,108,4,108,4,108,4,108,4,108,108,108,108,108,108,108,4,108,108
398720b8f19d5b84.png,696,696,712,697,713,697,713,697,713,697,713,697,713,697,713,697,713,697,713,697,713
ab8329c28d8538c3.png,468,468,654,469,655,469,469,469,469,469,469,469,469,469,655,469,469,469,469,469,469
348618ddbde3a39c.png,385,385,349,386,350,386,350,386,350,386,350,386,350,386,350,386,350,386,387,386,387
d0029b3675b792ae.png,789,789,804,790,805,790,805,790,701,790,805,790,805,790,805,790,805,790,790,790,790
69854b68476d5068.png,892,892,409,893,410,893,893,893,893,410,410,410,410,893,893,893,893,893,893,893,893
4bdb561770b52424.png,146,146,20,147,21,147,21,147,21,147,147,147,147,147,147,147,147,147,147,147,147
a92ab9e5fb9c5d64.png,628,628,749,629,750,629,815,629,815,629,815,629,872,629,815,629,815,629,815,629,815
8c6edf1ddfb61102.png,888,888,821,889,822,889,822,889,822,889,822,889,822,889,889,889,889,889,889,889,889
c135b139d293f7f2.png,346,346,354,347,355,347,355,347,355,347,347,347,355,347,347,347,347,347,347,347,347
7d2e9b03ec1b630b.png,400,400,735,401,736,401,401,401,401,401,451,401,401,401,401,401,401,401,736,401,401
29fe8d653950a631.png,79,79,50,80,51,80,80,80,80,80,80,80,80,80,80,80,80,80,80,80,80
d4c817db6be62b71.png,94,94,95,95,96,95,96,95,96,95,95,95,95,95,95,95,96,95,95,95,95
1e77361718213a43.png,439,439,889,440,890,440,890,440,653,440,440,440,440,440,440,440,440,440,440,440,440
6711e27733cfd050.png,717,717,436,718,437,718,718,718,512,718,718,718,718,718,718,718,718,718,718,718,718
df874264566c58a9.png,741,741,611,742,612,742,742,742,742,742,742,742,742,742,742,742,742,742,742,742,742
67c0339b1dfda5f6.png,557,557,5,558,6,558,558,558,558,558,543,558,558,558,543,558,558,558,558,558,558
abd121ef53a69ef8.png,239,239,255,240,256,240,233,240,240,240,240,240,240,240,240,240,240,240,240,240,240
5021e7da00bf43b2.png,479,479,669,480,670,480,673,480,670,480,502,480,400,480,480,480,480,480,673,480,480
ebdfdcba5dc3b72a.png,867,867,675,868,676,868,868,868,676,868,676,868,868,868,676,119,868,789,868,868,868
68274b8293271807.png,833,833,915,834,916,834,916,834,916,834,916,834,37,834,916,834,834,834,834,834,834
a84ead15406596ce.png,479,479,691,480,692,480,546,480,480,480,480,480,546,480,480,480,480,480,480,480,480
5d1df4748743d42e.png,963,963,65,964,66,964,964,964,964,964,964,964,964,964,964,964,964,964,964,964,964
16ff75228179469c.png,227,227,269,228,270,165,175,228,228,165,165,228,270,228,270,165,165,228,270,228,228
6e840c209f5733d5.png,441,441,968,442,969,442,969,442,969,442,442,442,969,442,442,442,442,442,442,442,442
16bbe588e0ecc6ab.png,141,141,135,142,136,142,136,142,136,142,136,142,136,142,136,142,142,142,136,142,142
46b657df12fd7c26.png,283,283,338,284,339,284,284,284,284,284,284,284,284,284,284,284,284,284,284,284,284
bc7dff0960bb3335.png,442,442,839,443,840,443,840,443,840,443,840,443,443,443,443,443,443,443,443,443,443
128fca690a11f68c.png,97,97,91,98,92,98,92,98,98,98,98,98,92,98,98,98,98,98,98,98,98
ed9b2813b9245e52.png,879,879,367,880,368,880,368,880,368,880,670,668,368,880,368,880,880,880,880,880,880
a187afb98f295057.png,120,120,825,121,826,121,501,121,826,121,826,121,826,121,826,121,113,121,21,121,826
d2d2b255935f0aae.png,947,947,353,948,354,948,354,948,449,948,128,948,354,948,354,948,948,948,948,948,948
4d008626b4b68665.png,107,107,356,108,357,108,729,108,299,108,392,108,7,108,729,108,729,108,729,108,77
10bc8784a5eb8843.png,743,743,439,440,440,699,669,744,744,653,653,699,699,744,744,653,668,744,898,653,765
77ac8bf95825dfcc.png,634,907,943,635,944,635,785,635,944,635,989,635,635,635,635,635,826,635,944,441,989
5c8bcfa0dbb246ab.png,817,817,436,818,437,818,437,818,818,818,437,818,437,818,818,818,818,818,818,818,818
afb0233b2e0545c4.png,580,580,821,581,822,581,581,581,581,581,581,581,581,581,581,581,581,581,581,581,581
1bb5f1337dfb1edd.png,640,640,845,641,846,641,641,641,641,641,641,641,641,641,641,641,641,641,641,641,641
a3c4dd88edacb575.png,399,399,454,400,455,400,455,400,455,400,455,400,801,400,455,400,455,400,801,400,455
64ed3f0e8a2dc320.png,652,652,645,653,646,653,646,653,646,653,653,653,646,653,646,653,646,653,653,653,646
d25df1a8259d3fdf.png,160,160,189,161,190,161,203,161,190,161,203,161,190,161,203,161,161,161,190,161,203
184a160b32ff4c72.png,517,517,724,518,725,518,725,518,725,518,725,518,725,518,518,518,725,518,518,518,518
4f722cab5573a5fb.png,884,884,873,885,874,885,885,885,874,885,885,885,885,885,885,885,885,885,885,885,885
1b546695167d3f6e.png,959,959,996,960,997,960,997,960,997,960,997,960,997,960,997,960,960,960,910,960,960
6a940d1bf69f1d10.png,557,557,523,558,524,558,558,558,558,558,558,558,558,558,558,558,558,558,558,558,558
f4902a569fa12171.png,949,949,937,950,938,950,950,950,950,950,950,950,950,950,950,950,950,950,950,950,950
54a6b2cd7f89220e.png,917,917,458,918,459,918,459,918,459,918,459,918,918,972,918,918,918,972,918,918,459
7b71925e989ee1d8.png,933,933,956,934,957,934,957,934,957,934,468,934,468,934,957,934,957,934,934,934,934
eae13c52554a7783.png,780,780,744,781,745,781,781,781,781,781,781,781,745,781,781,119,52,789,781,781,781
b1e69e9c3d740f4c.png,3,3,394,4,395,4,395,4,4,4,4,4,395,4,395,4,4,4,4,4,3
493e327b171ab0c3.png,830,424,424,831,425,831,425,831,425,831,425,831,425,831,425,831,425,831,425,831,831
2efe4916e679e875.png,865,865,611,866,612,866,866,866,866,866,866,866,866,866,866,866,866,866,866,866,866
588bd41c9aa5a81b.png,533,533,911,534,912,534,534,534,534,534,534,534,534,534,534,540,825,534,534,534,534
49b1adfeb8ffcabd.png,931,931,109,932,110,932,948,932,932,932,932,932,932,932,932,932,932,932,932,932,932
225e06c2dfa68a62.png,881,881,907,882,908,882,882,882,882,882,882,882,908,882,882,882,882,882,908,882,882
d7d5b34ea0a0ffcf.png,877,877,646,878,647,878,458,878,647,878,647,878,647,878,878,878,878,878,878,878,878
0212aa8aa912ee45.png,326,326,315,327,316,327,990,327,327,327,990,327,316,327,316,327,318,327,990,327,327
d7de327bbf412965.png,489,489,361,490,362,490,362,490,362,490,747,490,490,490,490,490,490,490,490,490,490
2200794c59b1808e.png,310,310,364,311,365,311,311,311,600,311,600,311,311,311,311,311,311,311,311,311,311
83896b9fb7e9c2f8.png,536,536,913,537,914,537,914,537,914,537,537,537,537,537,537,537,119,789,789,537,537
f9f36f7774d73820.png,304,304,306,305,307,305,307,305,307,305,305,305,305,305,307,305,305,305,305,305,305
796e23f8dbf9a7a2.png,606,606,423,607,424,607,424,607,607,607,607,607,424,607,607,607,607,607,607,607,607
dad40e355e4e8e96.png,654,654,436,655,437,655,437,655,657,655,437,655,437,655,437,655,437,437,437,655,655
064e1cc405062c85.png,107,107,33,108,34,108,34,108,34,108,34,108,108,108,108,108,108,108,3,108,108
1484479b7630af0a.png,701,701,347,702,348,702,348,702,702,702,959,702,959,702,959,702,702,702,702,702,702
18d5f99fe237a306.png,814,814,606,815,607,815,607,815,607,815,815,815,815,815,815,815,815,815,815,815,815
d0c6c29954f0380b.png,430,430,611,431,612,431,431,431,431,431,891,431,431,431,891,431,431,431,431,431,431
c777da68bec01dcd.png,486,486,889,487,890,487,487,487,487,487,487,487,487,487,890,487,487,487,487,487,487
5cd8864b6e35df82.png,865,865,51,866,52,866,52,866,52,866,52,866,52,866,52,866,52,866,52,866,866
444109f3ccfacc7b.png,335,335,669,336,670,336,286,336,52,336,286,336,331,336,33,336,336,336,336,336,336
b722c809657aecee.png,776,776,652,777,653,777,777,777,777,777,777,777,777,777,777,777,777,777,777,777,777
a193f7ae7d550a82.png,737,898,898,899,899,738,899,738,899,899,899,738,899,738,899,738,899,738,899,738,738
97025d82ec9860dc.png,675,675,407,676,408,676,676,676,676,676,676,676,676,676,676,676,676,676,676,676,676
23f39187c0d00e30.png,971,971,772,972,773,972,972,972,972,972,972,972,972,972,972,972,972,972,972,972,972
515c6586db87bbd8.png,873,873,888,874,889,874,699,874,889,874,889,874,874,874,699,874,699,874,874,874,874
42e9b41ce96dbf0a.png,850,850,170,851,171,851,171,851,171,851,171,851,171,851,171,851,851,851,171,851,193
126175abfdcb1a21.png,470,470,784,471,785,471,785,471,471,471,471,471,471,471,471,471,471,471,471,471,471
4b0c9bf2584b35d3.png,959,959,937,960,938,960,938,960,938,938,938,960,938,938,938,960,938,960,938,960,938
19b5bea9a7608a92.png,777,777,626,778,627,778,594,778,627,778,598,778,627,778,598,778,474,778,778,778,778
1a94dc47fdd84a95.png,869,869,457,870,458,870,870,870,870,870,870,870,870,870,870,119,119,870,870,870,870
c35cd0d5673ec1db.png,962,962,973,963,974,963,116,963,109,963,110,963,951,963,951,963,963,963,963,963,963
b239b5b3e1642f3b.png,913,913,395,914,396,914,750,914,396,914,396,914,750,914,750,914,914,526,914,914,914
e22a1c8dab22f256.png,310,310,941,311,942,311,311,311,311,311,311,311,311,311,311,311,311,311,311,311,311
d959fd91192d5717.png,628,628,829,629,830,629,629,629,629,629,629,629,629,629,629,629,629,629,629,629,629
692016122b9e07a6.png,959,959,552,960,553,960,553,960,553,960,941,960,553,960,553,960,941,960,941,960,960
8749fd2540a0cb01.png,832,832,741,833,742,833,688,833,833,833,833,833,833,833,833,833,833,833,833,833,833
8e9e976fc98e3cfa.png,665,665,661,666,662,666,666,666,662,666,662,666,666,666,666,666,666,666,666,666,666
d7c8008bf74f2324.png,814,814,428,815,429,815,473,815,473,815,694,815,815,815,815,815,815,815,815,815,626
330b9cb3cd80c88b.png,533,533,533,534,534,534,534,534,534,534,534,534,534,534,534,534,534,534,534,534,534
1ef172b89f4a39cf.png,50,50,36,51,37,51,37,51,37,51,51,51,37,51,51,51,37,51,51,51,51
b02b553998809e17.png,703,703,791,704,792,704,792,704,792,704,792,704,792,704,792,704,792,704,792,704,704
74b2e35cda75fe27.png,628,628,449,629,450,629,409,629,629,629,629,629,629,629,846,629,629,629,981,629,629
f5a2cf5c66d313fa.png,976,976,980,977,981,977,981,977,981,977,981,977,981,977,981,977,977,789,977,977,977
5ceb9f2e8405b0de.png,411,411,617,412,618,412,618,412,412,412,412,412,618,412,618,412,412,412,412,412,412
114c98c078c5aab0.png,49,49,50,50,51,50,51,50,51,50,51,50,50,50,50,50,50,50,50,50,50
d741b583a123562b.png,320,320,319,321,320,321,321,321,321,321,321,321,321,321,321,321,321,321,321,321,321
324278ff7f22b4eb.png,497,818,980,498,981,498,981,498,670,498,981,819,819,498,981,819,981,498,981,498,673
1f4227ce24232867.png,33,33,37,34,38,34,37,34,36,34,34,34,110,34,34,34,34,34,34,34,34
5973419efd52f783.png,624,624,877,625,878,625,625,625,625,625,763,625,763,625,625,625,763,625,625,625,625
fdedd06cdf58084e.png,981,981,416,982,417,982,798,982,417,982,417,982,417,982,417,982,982,982,982,982,982
911aebf30626ce02.png,874,874,654,875,655,875,655,875,655,875,655,875,655,875,655,875,875,875,875,875,875
55599050147071cc.png,472,472,693,473,694,473,473,473,473,473,473,473,473,473,473,473,473,473,473,473,473
eee6f4bcc8468f77.png,963,963,390,964,391,964,964,964,964,964,964,964,964,964,964,964,964,964,964,964,964
7f3c20f487834846.png,407,407,734,408,735,408,408,408,408,408,735,408,408,408,408,408,408,408,408,408,408
8c8bc30a62a1ee23.png,303,303,300,304,301,304,304,304,304,304,304,304,304,304,304,304,304,304,304,304,304
7e0fb7f80ffa514b.png,654,654,569,655,570,655,570,655,570,655,570,655,570,655,758,655,570,655,570,655,570
c02ff39fe5832f4b.png,904,904,580,905,581,905,581,905,581,905,581,558,581,625,581,728,581,558,906,905,581
891fe6baf8896b77.png,324,324,327,325,328,325,488,325,724,325,328,325,328,325,324,325,325,325,325,325,325
e96d52f9fbe3ca0b.png,630,630,514,631,515,631,515,631,515,631,515,631,515,631,515,631,631,631,631,631,631
29279d12ed3e29ff.png,457,457,541,458,543,458,458,458,814,458,425,458,543,458,458,458,458,458,458,458,458
ac295a63ac9d2cd7.png,692,692,921,693,922,693,922,693,922,693,693,693,693,693,693,693,693,693,922,693,922
5d23b04cc45bc37b.png,517,517,864,518,865,518,865,518,518,518,865,518,865,518,865,518,518,518,518,518,518
11c53fe6feb856c6.png,476,461,524,477,525,428,428,477,477,477,462,477,462,477,462,477,477,477,477,944,391
cbcb7444cc827812.png,762,762,4,763,5,763,763,763,563,763,763,763,763,763,819,763,763,763,763,763,763
fe1314dd6f75551d.png,920,920,583,921,584,921,921,921,584,921,921,921,921,921,921,921,921,921,921,921,921
a8fca010774a1187.png,828,489,489,490,490,829,490,829,829,829,829,829,490,829,490,490,490,829,905,829,829
5ec826683757ffae.png,22,22,21,23,22,23,22,23,23,23,23,23,23,23,23,23,23,23,23,23,23
b9310b9080c06e4f.png,866,866,586,867,587,867,867,867,867,867,865,867,480,867,867,867,867,867,867,867,867
4f9f0b75f5b04524.png,57,57,123,58,124,58,58,58,58,58,58,58,58,58,58,58,58,58,58,58,58
4abadb721e74b99b.png,944,944,911,945,912,945,583,945,962,945,945,945,468,945,945,945,945,945,945,945,583
a3c651cf20ee2d34.png,640,401,401,402,402,641,402,641,402,402,402,402,402,641,478,641,402,641,641,641,641
5c4eec952ca114a1.png,347,347,362,348,363,348,343,348,347,348,363,348,347,348,347,348,348,348,348,348,348
7f045354f4577c16.png,557,557,879,558,880,558,558,558,880,558,558,558,558,558,558,558,558,789,558,558,558
53211f8a1b131de6.png,945,945,704,946,705,946,930,946,930,946,930,946,705,946,930,946,930,946,946,946,930
9c0e25e2f72438e8.png,511,511,717,512,718,512,512,512,512,512,718,512,512,512,512,512,512,512,512,512,512
55512a6c2a45e2e8.png,927,927,653,928,654,928,654,928,952,928,654,928,654,928,654,928,928,928,928,928,969
869adfbad4e38261.png,591,591,721,592,722,592,722,592,722,592,722,592,701,592,701,722,722,592,722,592,722
adcf48b42266309d.png,504,504,725,505,726,505,726,505,1000,505,1000,505,505,505,900,505,900,505,505,505,505
3b67bec3793efcb4.png,821,821,619,822,620,822,670,822,563,822,822,822,822,822,728,822,822,822,822,822,822
67a08d685abf7fb6.png,738,738,883,739,884,739,884,739,884,739,884,739,739,739,884,739,739,739,739,739,739
22a313cc9fc2b4f1.png,309,309,308,310,309,310,310,310,310,310,310,310,310,310,310,310,310,310,310,310,310
0d85e0103989c850.png,323,323,33,324,35,324,324,324,324,324,324,324,324,324,324,324,324,324,324,324,324
c3cf76709c87255b.png,675,675,705,676,706,657,706,676,676,676,676,676,706,706,706,676,676,628,628,676,676
74355a8c878b6814.png,874,874,654,875,655,875,655,875,875,875,875,875,875,875,875,875,875,875,875,875,875
6efed50f84ec5e01.png,946,946,953,947,954,947,954,947,954,947,954,947,954,947,954,947,954,947,947,947,947
d6887e8d19a06139.png,562,562,668,563,669,563,669,563,563,563,563,563,563,563,669,563,539,563,493,563,563
21fef4d9b3dce49a.png,974,974,134,975,135,975,129,975,978,975,133,975,273,975,978,975,978,975,975,975,277
0d65cb9d26de4d37.png,570,570,345,571,346,571,571,571,571,571,644,571,571,571,571,571,571,571,571,571,571
3df888fc3b1df464.png,954,954,461,955,462,955,515,955,955,955,955,955,462,955,462,955,955,955,955,955,955
5ab3f1edd2f0cb06.png,386,386,346,387,347,387,387,387,347,387,387,387,387,387,344,387,387,387,387,387,387
51b390bb124a6d9d.png,967,967,646,968,647,968,647,968,647,968,647,968,968,968,660,968,647,968,968,968,968
5bf502c4a4b7d04d.png,9,9,354,10,355,10,10,10,10,10,10,10,10,10,10,10,10,10,10,10,10
6ad1230d612d7eb7.png,437,437,791,438,792,438,820,438,576,438,510,438,792,438,722,438,438,438,438,438,438
76a5715019fe11c7.png,820,820,762,821,763,821,821,821,821,821,699,821,821,821,821,821,821,821,821,821,821
207fd3b5def218d1.png,990,990,973,991,974,991,991,991,991,991,991,991,991,991,991,991,991,991,991,991,991
ad43e858c614db4d.png,967,967,816,968,817,968,968,968,817,968,968,968,968,968,968,968,968,968,968,968,968
b3ba6f0352a29b2d.png,751,751,573,752,574,752,574,752,574,752,574,752,752,752,574,752,752,752,752,752,574
95185508805329aa.png,652,652,878,653,879,880,922,653,653,439,738,540,795,141,540,716,513,716,716,653,653
73ee2cc19ef92e50.png,981,981,702,982,703,982,982,982,982,982,703,982,982,982,982,982,982,982,646,982,982
be1c43056c5d0085.png,144,144,749,145,750,145,750,145,133,145,750,145,750,145,750,145,145,145,145,145,145
84a5f6ee2af29208.png,320,320,319,321,320,321,320,321,320,321,320,321,320,321,320,321,320,321,312,321,321
50b9e11ae686ae32.png,320,320,319,321,320,321,321,321,321,321,321,321,320,321,320,321,320,321,321,321,320
fe2edb6cad72d2d2.png,917,917,837,918,838,918,918,918,775,918,838,918,887,918,510,918,918,918,918,918,918
58420b727fcab02b.png,137,137,146,138,147,138,138,138,147,138,138,138,138,138,138,138,138,138,138,138,138
47b087263b33728b.png,317,317,49,318,50,318,51,318,51,318,50,318,104,318,50,318,51,318,104,318,104
0e0299d6352a3fb8.png,538,538,577,539,578,539,539,539,539,539,539,539,578,539,539,539,539,539,539,539,539
2ee4c1b2b9bcc6c8.png,762,762,423,763,424,763,424,763,424,763,763,763,763,763,763,763,424,763,763,763,763
24312de5c34473c0.png,873,873,884,874,885,874,874,874,885,874,874,874,885,874,874,874,874,874,874,874,874
bb748281da5e8681.png,347,347,276,348,276,348,277,348,277,348,277,348,10,348,277,348,348,348,10,348,348
b648e8dfcb4fbc99.png,981,701,645,702,646,982,982,982,982,782,646,982,702,782,646,881,702,982,982,702,646
d2cc2eabfc7bf54a.png,555,555,913,556,914,556,914,556,821,556,472,556,821,556,821,556,821,556,556,556,556
da4b3e38b069d735.png,776,776,652,777,653,777,653,777,653,777,786,777,820,777,653,777,421,777,547,777,777
b0bb1ea9bcc45800.png,844,844,804,845,805,845,805,845,805,845,805,845,805,845,805,845,845,845,845,845,845
ac668c13ccfd4b79.png,597,597,666,598,667,598,667,598,667,598,667,598,578,598,667,598,578,598,515,598,598
b6c6a5b7829fbc9b.png,472,472,576,473,577,473,577,473,577,473,577,473,577,473,577,473,577,473,473,473,577
014f0024918a7b6f.png,9,9,958,10,959,10,10,10,10,10,10,10,10,10,10,10,10,10,346,10,10
93114736f072d6d3.png,616,59,60,61,61,617,54,617,61,617,65,617,617,617,59,617,57,617,59,617,57
c9ddfb1043177de8.png,974,974,975,975,976,975,976,975,976,975,976,975,976,975,976,975,976,975,461,975,975
7e4c41563370bed1.png,718,718,821,719,822,719,719,719,719,719,719,719,719,719,719,119,119,789,719,719,719
328d99215b19c8c7.png,805,805,830,806,831,806,831,806,831,806,831,806,831,806,831,806,806,806,769,806,806
2a1a60df9a58bb7c.png,649,863,863,864,864,650,864,650,864,650,864,650,864,864,864,864,864,864,864,650,864
263c7bcd59502625.png,479,479,518,480,519,480,519,480,519,480,480,480,519,480,519,480,519,480,480,480,480
d05076189b7fd185.png,707,707,637,708,638,708,708,708,708,708,708,708,708,708,708,708,708,708,708,708,708
fe193683db61ac2d.png,743,743,421,744,422,664,422,744,557,744,744,744,744,744,859,744,744,744,744,744,744
d8b0101e2459882a.png,654,654,762,655,763,655,706,655,763,655,763,655,499,655,763,655,706,655,499,655,655
3841b33c9797cbf1.png,908,475,475,476,476,909,476,909,909,909,476,909,476,909,476,909,476,909,476,909,909
232c22314e21f764.png,114,114,329,115,330,115,328,115,115,115,115,115,330,115,330,115,115,115,115,115,115
30b62313af2b5d74.png,315,315,292,316,289,316,312,316,312,316,312,316,316,316,316,316,316,316,316,316,316
2c54b60a2851b8ed.png,656,656,717,657,718,657,657,657,657,657,657,657,657,657,657,657,657,657,657,657,657
c96c3eab644075d3.png,347,347,921,348,922,348,550,348,550,348,550,347,922,348,922,348,918,348,348,348,348
060dfe239abfd547.png,703,703,423,704,424,704,424,704,424,704,766,704,424,704,424,704,704,424,424,704,704
0bd5123017590e39.png,565,565,525,566,526,566,526,566,526,566,526,566,526,566,526,566,526,566,526,566,566
bd3617fcc985fe31.png,832,832,439,833,440,833,833,833,833,833,833,833,833,833,833,833,833,833,833,833,833
54666421b4a6998f.png,919,919,721,920,722,920,920,920,920,920,920,920,293,920,920,920,920,920,920,920,920
4e34df87968bd882.png,338,338,332,339,333,339,333,339,333,339,333,339,333,339,333,339,339,339,339,339,339
3f48b1e74589d310.png,652,652,819,653,820,653,820,653,820,653,820,653,820,653,820,653,820,516,820,653,653
96e77c20bf94ecb1.png,817,817,436,818,437,818,818,818,818,818,818,818,818,818,818,818,818,818,818,818,818
4edeacef9fb8ec90.png,718,718,525,719,526,719,526,719,719,719,526,526,526,719,526,719,719,719,526,719,526
c9302f3b2b0452e4.png,883,883,646,884,647,884,647,884,884,884,884,884,884,884,884,647,647,884,884,884,884
0af0a5dfee6b84ff.png,483,483,663,484,664,484,484,484,484,484,484,484,484,484,484,484,484,484,484,484,484
02dbe78a73db2808.png,974,974,65,975,66,975,66,975,51,975,66,975,66,975,51,975,979,975,7,975,66
592c7424f13b2d29.png,603,603,730,604,731,604,604,604,604,604,604,604,604,604,604,604,604,604,604,604,604
f5b0ed0fbb3b5f74.png,566,566,513,567,514,567,567,567,567,567,567,567,567,567,567,567,567,567,567,567,567
1b1ffd7000d0749f.png,959,959,787,960,788,960,924,960,960,960,960,960,869,960,960,960,960,960,924,960,910
70a2529a6b2c0d46.png,579,579,744,580,745,580,580,580,745,580,745,580,765,580,653,580,745,580,580,580,580
bba5c56cc3eb07c9.png,920,920,562,921,563,921,563,921,563,921,563,921,563,921,563,921,921,921,921,921,921
000b7d55b6184b08.png,388,388,260,389,261,389,389,389,389,389,389,389,389,389,389,389,389,389,389,389,389
8a02b6196885c394.png,759,759,570,760,571,760,760,760,760,760,760,760,571,760,571,760,760,760,760,760,746
582663fe666aac9c.png,922,922,851,923,852,923,783,923,783,923,783,923,783,923,783,923,783,923,923,923,923
f6515f31b750a573.png,476,476,636,477,637,477,340,477,637,477,677,477,637,477,677,477,477,477,477,477,477
acd99e9b7128395a.png,858,858,972,859,973,859,973,859,859,979,971,859,980,859,973,859,859,859,859,859,859
83d35591dfff99ac.png,580,580,280,581,281,581,581,581,276,581,581,581,581,581,581,581,581,581,581,581,581
3dfbdd066af9ca1e.png,820,820,408,821,409,821,821,821,821,821,821,821,821,821,821,821,821,821,821,821,821
59204d6bb0c234eb.png,417,417,806,418,807,418,418,418,418,418,418,418,418,418,418,418,418,418,418,418,418
d740663eeccdcecd.png,437,437,755,438,756,438,438,438,438,438,438,438,438,438,438,438,438,438,438,438,438
9226b783cfb770bd.png,825,825,48,826,49,826,49,826,44,826,826,826,826,826,49,826,298,826,49,826,826
01dd15caa1b2c7b4.png,303,303,302,304,303,304,303,304,301,304,301,304,301,304,301,304,304,304,301,304,304
b97f4b95ae696316.png,517,517,540,518,541,518,541,518,518,518,541,518,518,518,518,518,518,518,518,518,518
c42c88890b5fc86d.png,670,670,217,671,218,671,196,671,671,671,671,671,671,671,671,671,671,671,671,671,671
d158837db31ed892.png,518,518,868,519,869,519,519,519,519,519,519,519,519,519,519,519,519,519,519,519,519
4a1a40a116088962.png,597,597,987,598,988,598,988,598,749,598,749,598,749,598,749,598,749,598,598,598,598
ba4508962af69d90.png,672,672,879,673,880,673,880,673,673,673,880,673,880,673,880,673,673,673,673,673,673
7069a117c92d27a4.png,545,545,868,546,869,546,493,546,869,546,546,546,493,546,869,546,828,546,493,546,546
79fa9855119ffeea.png,478,478,651,479,652,479,693,479,693,479,493,479,479,479,479,52,52,479,479,479,520
82e2334925339ef8.png,817,817,751,818,752,818,818,818,752,818,818,818,818,818,818,818,818,818,818,818,818
4f5464b7d4682441.png,975,975,866,976,867,976,976,976,272,976,976,976,976,976,976,976,976,976,976,976,976
72f96c6dc5df2de8.png,884,884,437,885,438,885,885,885,438,885,438,885,885,885,438,885,885,885,885,885,885
6609c25b3314b5b3.png,511,511,436,512,437,512,437,512,437,512,437,512,437,512,437,512,437,512,437,512,437
52d8515abbfaa8ac.png,229,229,170,230,171,230,171,230,171,171,171,230,171,230,171,230,230,230,171,230,171
a7f9b28e30d19d85.png,661,661,586,662,587,662,587,662,587,662,587,662,587,662,587,662,662,662,662,662,662
8b7a5446dae48ac1.png,308,308,319,309,320,309,320,309,320,309,320,309,320,309,309,309,320,309,320,309,309
b2a7e558f1a3ff16.png,619,619,405,620,406,620,620,620,620,620,418,620,620,620,620,620,620,620,418,620,620
1a95932427129cda.png,656,656,407,657,408,657,408,657,408,657,657,657,408,657,657,657,657,657,408,657,657
d4579363596fbf21.png,832,832,425,833,426,833,833,833,833,833,833,833,833,833,833,833,833,833,833,833,833
f7dd570a0cfe1dcc.png,668,668,657,669,658,669,669,669,658,669,658,669,669,669,669,119,119,789,789,669,669
2d23b1dab7e3e9c0.png,510,510,913,511,914,511,914,511,537,511,537,511,914,511,914,511,511,511,537,511,511
b7d9e1d8cf1d7912.png,518,518,316,519,317,519,519,519,519,519,519,519,519,519,317,519,519,519,519,519,519
6b27728f0f816dc6.png,637,637,820,638,821,638,821,638,821,638,821,638,821,638,821,638,638,638,662,638,638
c96358fe7b8eaf28.png,705,705,427,706,428,800,428,706,428,800,428,800,428,800,428,706,706,800,428,706,800
9b4cab2ffb0c0754.png,974,974,483,975,484,975,484,975,484,975,484,975,658,975,484,975,975,975,975,975,975
1685d066f8070081.png,978,978,977,979,978,979,978,979,978,979,978,979,978,979,978,979,978,979,978,979,978
e071bf346787d971.png,562,562,525,563,526,563,526,563,526,563,526,563,563,563,526,563,526,563,526,563,563
e66d732354c6baf0.png,300,300,70,301,71,301,71,301,301,301,301,301,301,301,301,301,301,301,301,301,301
33adbc27fdcadd65.png,923,923,124,924,125,924,125,924,125,924,125,924,125,924,125,924,125,924,924,924,125
eb53098ebcf05e64.png,563,563,767,564,768,564,564,564,564,564,564,564,564,564,564,564,564,564,564,564,564
8c609b06a60af060.png,498,498,718,499,719,499,499,499,499,499,688,499,499,499,499,499,499,499,499,499,499
c66310d8b709d6d5.png,762,579,579,580,580,763,580,763,580,763,580,763,580,763,580,763,580,763,580,763,763
740981d161a38bad.png,571,571,769,572,770,572,893,572,550,572,770,572,482,572,779,572,572,572,572,572,845
4c8a4414419ab0bb.png,661,661,586,662,587,662,587,662,587,662,662,662,662,662,662,662,662,662,662,662,662
ecaf98c8ce9f04c3.png,560,560,244,561,245,561,245,561,245,561,561,561,256,561,561,561,561,561,561,561,256
093402dc35f59027.png,733,733,839,734,840,734,725,734,734,734,734,734,840,734,734,734,734,734,734,734,734
8bb7d10e97694eb5.png,142,140,140,143,141,143,141,143,141,143,141,143,141,143,143,143,141,143,143,143,143
820ae900a943d605.png,887,887,614,888,615,888,888,888,888,888,615,888,618,888,888,888,618,888,618,888,888
8859efd46fab37ff.png,922,922,526,923,527,923,919,923,923,923,919,919,919,923,923,923,923,923,923,923,923
dde9f0aadcb02874.png,980,980,149,981,150,981,150,981,150,981,150,981,150,981,150,981,981,981,981,981,981
13810fcac72f12ba.png,875,875,674,876,675,876,876,876,876,876,876,876,876,876,876,876,876,789,876,876,876
b1bf532ce2c4c3a1.png,874,829,705,830,706,875,706,875,706,875,706,875,706,875,735,875,875,706,655,875,875
9aba31a4b2404aa5.png,911,911,921,912,922,912,922,912,922,912,922,912,912,912,912,912,912,912,912,912,912
5b85f98e0105d135.png,569,569,408,570,409,570,570,570,570,570,409,570,570,570,570,570,570,570,570,570,570
53c478ffc8ddb967.png,319,319,318,320,319,320,320,320,319,320,319,320,320,320,320,320,320,320,320,320,320
92c3f5e99d8ac862.png,663,663,668,664,669,664,669,664,664,664,664,664,664,664,664,664,664,664,664,664,664
fae45093bad0961a.png,528,528,783,529,784,529,529,529,529,529,529,529,529,529,784,529,529,529,529,529,529
0db0952967f6faa6.png,815,815,569,816,570,816,696,816,708,816,836,816,328,816,816,816,816,816,816,816,816
9594ef7e0fc79ea8.png,402,402,835,403,836,836,836,403,403,547,547,403,403,403,836,403,403,403,836,403,403
634d7f18d098cccb.png,538,538,788,539,789,539,885,539,854,539,854,539,789,539,885,539,539,539,916,539,539
05cac1419419ce29.png,853,853,264,854,265,854,891,854,854,854,854,854,265,854,854,854,854,854,854,854,854
868af4a2e614f5ac.png,717,717,627,718,628,718,718,718,628,718,718,718,718,718,718,718,628,718,718,718,718
6898f889c17f8e16.png,887,887,750,888,751,888,825,888,751,888,888,888,751,888,751,888,751,888,888,888,888
8e3324c208eb9a3b.png,821,821,727,822,728,822,822,822,728,822,822,822,822,822,822,822,822,789,728,822,822
7d7a8e41b8d0577e.png,964,544,971,965,972,965,862,965,862,965,862,965,862,965,998,942,998,545,862,965,862
5ff168f7d006f69c.png,682,682,437,683,438,683,438,683,438,683,683,683,683,683,683,683,683,789,683,683,683
f348adf7ea1967f7.png,908,908,353,909,354,909,673,909,909,909,473,909,909,909,909,909,909,909,909,909,909
40f79488e3c2d6c4.png,917,917,775,918,776,918,918,918,918,918,918,918,918,918,612,918,918,918,918,918,918
3e9496f7652e1968.png,468,468,436,469,437,469,437,469,437,469,437,469,469,469,437,469,437,469,437,469,469
2f7d5ff922af55c4.png,480,480,648,481,649,481,649,481,649,481,649,481,649,481,481,481,481,772,772,481,481
79a5625805a08253.png,765,765,669,766,670,766,766,766,766,766,766,766,744,766,595,766,766,766,766,766,766
412311ea17528b7c.png,763,763,428,764,429,764,764,764,764,764,764,764,764,764,764,764,764,764,764,764,764
00312c7e7196baf4.png,326,326,102,327,103,327,327,327,327,327,323,327,327,327,327,327,327,327,327,327,327
51d1c77f80467b59.png,976,976,460,977,461,977,977,977,461,977,461,977,461,977,461,52,119,789,977,977,977
82179b1d313e0e23.png,829,829,547,830,548,830,548,830,548,830,548,830,875,830,548,830,830,830,830,830,830
b0e0e06e647b478f.png,483,483,497,484,498,484,498,484,498,484,498,484,664,484,664,484,498,484,664,484,498
c609f86fa706bb9e.png,112,112,709,113,710,113,592,113,710,113,722,113,722,113,710,113,710,113,685,113,722
55a2e48a87c16998.png,910,910,327,911,328,911,328,911,328,911,328,911,328,911,328,911,328,911,328,911,328
7d833ac8ab852bd2.png,51,51,467,52,468,52,468,52,468,52,468,52,468,52,468,52,468,52,468,52,468
fe92a88132b5d67b.png,962,962,434,964,435,963,963,963,963,931,435,963,931,964,931,963,931,963,963,963,931
6ab876a15af539c4.png,983,983,413,984,414,984,452,984,984,984,984,984,984,984,984,984,984,984,984,984,984
4fff343244f212cc.png,820,820,745,821,746,821,493,821,746,821,821,821,746,821,407,821,746,821,821,746,746
22a9c318b6e36853.png,619,786,461,620,462,620,462,620,462,620,858,620,620,620,546,620,858,620,462,620,858
71d368782c72e313.png,912,912,888,913,889,913,889,913,889,913,889,913,889,913,913,913,913,913,913,913,913
65b8c8b065069802.png,665,665,730,666,731,666,666,666,666,666,666,666,666,666,666,666,666,666,666,666,666
b0619a61cf135f5e.png,984,984,986,985,987,985,987,985,987,985,987,985,985,985,987,985,985,985,987,985,987
93394c1f9c4c0053.png,319,319,117,320,118,320,257,320,124,320,124,320,124,320,118,320,320,320,320,320,320
aa90f93ed6fae139.png,309,309,308,310,309,310,309,310,309,310,309,310,309,310,309,310,309,310,309,310,309
aa07ba1587ec047e.png,468,468,511,469,512,469,469,469,469,469,469,469,469,469,469,469,469,469,469,469,469
5d8085ae68e07d72.png,708,708,50,709,51,709,709,709,492,709,831,709,709,709,864,709,709,709,709,709,709
749ed3502293d019.png,474,474,652,475,653,475,653,475,170,475,475,475,475,475,475,475,475,475,475,475,475
791c3d333052ca64.png,963,963,411,964,412,964,964,964,964,964,412,964,964,964,964,964,964,964,964,964,964
90e9a43bfb6a68b7.png,866,866,704,867,705,867,562,867,867,867,556,867,867,867,867,867,867,867,867,867,867
72e6ba0cc7fb30a6.png,874,874,454,875,455,875,830,875,830,875,830,875,830,875,830,875,830,875,830,875,875
8c5b5bc0f39e2e06.png,897,897,848,898,849,898,898,898,898,898,849,898,486,898,898,898,898,898,898,898,898
cc43200264a62126.png,980,980,830,981,831,981,981,981,981,981,981,981,981,981,981,981,981,981,981,981,981
be95f5be87f6fadd.png,458,458,893,459,894,459,459,459,459,459,459,459,459,459,459,459,459,459,459,459,459
7b6e963025eaeb66.png,993,993,140,994,141,994,11,994,141,994,113,994,140,994,141,994,140,994,994,994,144
7f842d0c1e747334.png,304,304,78,305,79,305,79,305,79,305,79,306,79,305,79,126,126,79,79,309,126
ed3cb7f5154ae02d.png,979,979,980,980,981,980,981,980,981,980,981,980,981,980,981,980,981,980,980,980,980
6ecbd7d19f5b9147.png,595,595,703,596,704,596,704,596,704,596,704,596,959,596,731,596,704,596,596,596,596
d016b3204e7ca96e.png,791,791,586,792,587,792,587,792,662,792,752,752,752,671,671,752,671,792,792,792,792
8400742ba78ac009.png,970,970,23,971,24,971,82,971,914,971,83,971,971,971,971,971,971,971,971,971,971
121c87c3c822e2c5.png,458,458,508,459,509,459,641,459,459,459,459,459,459,459,826,459,459,459,509,459,459
76886996d4ab4614.png,974,974,147,975,148,975,148,975,148,975,148,975,148,975,148,975,148,789,148,975,148
9d5ef11ec55123e5.png,99,99,85,100,86,100,100,100,98,100,100,100,100,100,100,100,98,100,100,100,98
1dfbeffd999f280e.png,581,581,556,582,557,582,582,582,582,582,582,582,582,582,582,582,582,582,582,582,582
e3f5dbed7bd31314.png,546,546,550,547,551,403,403,547,547,547,547,547,677,547,547,547,759,547,547,547,547
eb8ce5ba5c47e344.png,668,668,437,669,438,669,669,669,438,669,438,669,833,669,438,52,52,789,789,669,669
f5dffe28fc19b6e7.png,917,917,922,918,923,918,923,918,918,918,918,918,918,918,918,918,918,918,918,918,918
1ebff1b3c8de66de.png,336,336,286,337,592,337,344,337,288,337,288,337,178,337,343,337,337,337,270,337,337
0546b47c13f154d3.png,107,107,6,108,7,108,7,108,108,108,7,108,108,108,3,108,108,108,108,108,108
f52db15134c1a74e.png,637,637,583,638,584,638,584,638,554,638,584,638,638,638,638,638,638,638,638,638,638
8094d4088a08cf09.png,440,440,720,441,721,441,721,441,721,441,721,441,721,441,899,441,441,441,441,441,441
d9f624188d16fe93.png,39,39,46,40,47,40,47,40,47,40,47,47,47,40,47,47,47,40,47,47,47
631b6820e91a9e3e.png,12,12,85,13,86,13,13,13,13,13,13,13,13,13,13,13,13,13,13,13,13
611f453c4bb616b9.png,309,309,314,310,315,310,315,310,315,310,315,310,310,310,315,310,310,310,310,310,310
5792d4a42d2a82c8.png,987,987,955,988,956,988,999,988,988,988,956,988,956,988,988,988,988,988,988,988,988
c0e0c11350b8740e.png,318,318,324,319,325,319,319,319,319,319,319,319,325,319,325,319,319,319,319,319,319
c663670c06c06ea4.png,908,908,475,909,476,909,476,909,476,909,476,909,476,909,476,909,909,909,909,909,909
49591319edeb6b3a.png,308,308,317,309,318,309,317,309,318,309,317,309,317,309,318,309,309,309,309,309,309
02eb799d147d5f91.png,624,624,406,625,407,625,625,625,407,625,625,625,625,625,625,625,625,625,625,625,625
f2d36d089779166a.png,348,348,343,349,344,349,344,349,344,349,344,349,344,349,344,349,344,349,344,349,344
cc8d850717026796.png,661,661,609,662,610,662,662,662,662,662,662,662,662,662,662,662,662,662,662,662,662
ab3fef142d031784.png,656,656,751,657,752,657,657,657,480,657,818,657,657,657,818,657,657,657,818,657,657
c84cbc2c05227bee.png,436,436,717,437,718,437,657,437,718,437,718,437,718,437,657,437,657,437,718,437,718
9d55997552acf0de.png,259,259,156,260,157,260,152,260,152,260,158,260,152,260,152,260,158,260,158,260,158
8da3593258ae27cb.png,580,124,424,581,425,581,581,581,581,581,581,581,597,581,581,581,581,581,618,581,581
fccab516c111d524.png,649,649,483,650,484,650,484,650,484,650,484,650,484,650,484,959,484,650,484,650,484
315e55af9615abd2.png,346,346,730,347,731,347,731,347,731,347,731,347,731,731,731,347,731,347,731,347,731
c135337ca7a575ae.png,347,347,343,348,344,348,344,348,344,348,344,348,344,348,344,348,348,348,348,348,348
3bfe9ff7b488485d.png,705,654,757,706,758,706,758,706,758,706,758,706,758,706,758,706,706,706,758,706,706
1e33aa336b89dcff.png,538,538,406,539,407,539,539,539,539,539,539,539,539,539,539,539,539,539,539,539,539
39a483e9a23716ed.png,675,675,971,676,972,676,972,676,899,676,972,676,676,676,676,676,676,676,570,676,676
5191cfba868056a5.png,970,970,145,971,146,971,971,971,971,971,146,971,971,971,971,971,971,971,971,971,971
4572c8986c28343b.png,436,436,654,437,655,437,657,437,437,437,437,437,657,437,437,437,437,437,437,437,437
7700d0ba053dc4bd.png,936,936,65,937,66,937,66,937,83,937,886,937,937,937,937,937,937,937,937,937,937
eab9755117160864.png,610,610,841,611,842,611,611,611,842,611,842,611,611,611,842,611,611,611,611,611,611
8b47d72b39b2bd33.png,525,525,839,526,840,526,840,526,840,526,840,526,526,526,840,526,840,526,526,526,526
7d2a7bca22967f29.png,734,734,864,735,865,735,865,735,735,735,735,735,735,735,735,735,735,735,735,735,735
8e89734ed940e222.png,656,656,569,657,570,657,676,657,676,657,676,657,676,657,676,657,657,657,657,657,657
30b922dbfdbffd11.png,609,609,661,610,662,610,662,610,662,610,662,610,662,610,662,610,610,610,576,610,576
ef0e34b8ccb6d42f.png,981,539,103,982,104,982,104,982,104,982,104,982,104,982,362,982,982,540,540,982,104
506b87b78daa499c.png,820,820,744,821,745,821,821,821,821,821,821,821,821,821,821,821,821,821,821,821,821
62e0e0efc6deeef4.png,970,980,980,971,981,971,981,971,981,971,981,971,981,971,981,971,981,971,981,971,981
28652355cd12a1e7.png,307,307,109,308,110,308,110,308,305,308,956,308,956,308,308,308,308,308,308,308,308
0ed355357757528d.png,762,762,829,763,830,763,763,763,830,763,763,763,499,763,763,763,830,763,830,763,763
abe9504895f6e8dd.png,565,565,547,566,548,566,566,566,566,566,566,566,566,566,566,566,566,566,566,566,566
dd984311bff04342.png,117,117,397,118,398,118,118,118,398,118,118,118,118,118,118,118,118,118,118,118,118
f7947af6545be760.png,417,417,701,418,702,418,702,418,418,418,418,418,418,418,418,418,119,789,418,418,418
01244097ca8ffdfa.png,90,90,12,91,13,91,91,91,91,91,91,91,91,91,91,91,91,91,91,91,91
3cf4bb0637d0f182.png,861,861,577,862,578,862,809,862,1000,862,1000,862,701,862,701,862,862,862,862,862,862
1d5361e858fe8462.png,498,498,652,499,653,820,653,499,653,499,728,499,433,499,885,499,499,499,621,499,499
6a50fbe8723a6a4a.png,562,974,517,975,518,563,518,563,820,563,820,563,108,563,820,563,820,563,820,563,563
001b5e6f1b89fd3b.png,576,576,525,577,526,577,526,577,577,577,526,577,526,577,577,577,577,577,577,577,577
25eef91443ded954.png,436,436,511,437,512,437,437,437,437,437,512,437,512,437,437,437,437,437,437,437,437
ed3f9b6a081a4802.png,817,817,436,818,437,818,818,818,818,818,818,818,818,818,818,818,818,818,818,818,818
95fbd20d0aaf319a.png,825,825,465,826,466,826,826,826,826,826,826,826,826,826,826,826,826,826,826,826,826
2bc6c55a0ab24f86.png,785,785,894,786,895,786,447,786,447,786,832,786,832,786,447,832,832,786,897,786,832
319e8b63d6a194aa.png,825,825,500,826,501,826,501,826,501,826,501,826,501,826,501,826,501,826,501,826,501
4fcc9c949d66a4e0.png,770,770,461,771,462,771,598,771,771,771,598,771,598,771,771,771,771,771,462,771,771
5c847b72d1e1713f.png,555,555,757,556,758,556,556,556,556,556,556,556,556,556,556,556,556,556,556,556,556
707bce947d54bcd8.png,946,946,328,947,329,947,947,947,947,947,947,947,947,947,947,947,947,947,947,947,947
43fa89c17e628c06.png,132,132,131,133,132,133,132,133,132,133,132,133,132,133,132,133,132,133,133,133,133
6612fd36e6dd9534.png,308,308,314,309,315,309,315,309,315,318,318,309,315,309,315,309,305,309,305,305,305
4146a745f9b2f3cb.png,50,50,49,51,50,51,51,51,51,51,50,51,51,51,50,51,51,51,51,51,51
74bfc95412b2f824.png,671,671,764,672,765,672,672,672,672,672,492,672,796,672,672,672,672,672,672,672,672
5fc906f27c8975d2.png,978,978,646,979,647,979,976,979,752,979,979,979,979,979,979,979,979,789,979,979,979
2fc17ec1fad5d947.png,873,873,573,874,574,874,874,874,874,874,874,874,874,874,874,874,874,874,874,874,874
cb63df64516985c1.png,634,634,669,635,670,635,670,635,670,635,854,635,49,635,335,635,854,635,49,635,49
7b8413ef241118df.png,547,547,565,548,566,548,566,548,566,566,566,548,566,566,566,548,566,548,566,548,548
2e854fca826e54b3.png,857,857,750,858,751,858,858,858,751,858,751,858,751,858,858,858,858,858,858,858,858
f0add7f552d2d895.png,649,649,337,650,338,650,338,650,338,650,338,650,338,650,338,650,650,650,650,650,650
9d4674c86096e4bd.png,661,661,436,662,437,662,662,662,662,662,610,662,662,662,437,662,662,662,662,662,662
05437214d1ba9580.png,809,809,666,810,667,810,113,810,667,810,113,810,667,926,115,926,667,810,929,810,810
dacb07f80166a7fd.png,448,448,824,449,825,449,825,449,854,449,825,449,449,449,449,449,449,449,854,449,411
82b6f0bc71f5d0af.png,562,562,979,563,980,563,581,563,563,563,563,563,647,563,563,563,563,563,563,563,563
0f36316247c03427.png,752,752,615,753,616,753,616,753,616,753,616,753,616,753,616,753,616,753,616,753,753
efeabdd8a05e91f8.png,497,497,727,498,728,498,498,498,498,498,498,498,498,498,498,498,498,498,498,498,498
7453471febf1db6f.png,594,594,863,595,864,595,407,595,864,595,595,595,595,595,864,595,595,595,595,595,595
e6f2de0c605f1ed3.png,131,131,133,134,134,132,134,132,134,132,134,132,134,132,134,132,132,134,134,132,132
648231d9393250fd.png,547,547,556,548,557,548,581,548,548,548,548,548,548,548,548,548,581,548,734,548,548
864fffaf7a83b3f4.png,580,580,791,581,792,581,581,581,581,581,581,581,581,581,581,581,581,581,581,581,581
c179282bd977c6e0.png,671,671,870,672,871,672,672,672,672,672,672,672,672,672,672,672,672,672,672,672,672
40a7f086461190f3.png,492,492,741,493,742,493,493,493,742,493,742,493,742,493,493,493,493,493,493,493,493
90e1aa56cae80a60.png,917,917,591,918,592,918,592,918,592,918,922,918,918,918,918,918,918,918,918,918,918
839aa3d166b020cf.png,13,13,92,14,90,14,17,14,13,13,14,14,13,14,13,14,14,14,14,14,14
38bdd950c1d08be6.png,132,132,13,133,14,133,133,133,133,133,133,133,133,133,133,133,133,133,133,133,133
2d95297e468bdf9b.png,865,865,582,866,583,866,583,866,583,866,583,866,583,866,583,866,583,866,866,866,583
ef5b1e5a76ae66dc.png,539,539,852,540,853,540,853,540,540,540,853,540,853,540,540,540,540,540,540,540,540
7a11ae4c1f5e790c.png,688,688,732,689,733,689,733,689,733,689,772,689,733,689,733,689,733,689,733,689,689
477bf90e7413df23.png,541,541,707,542,708,542,542,542,542,542,613,542,542,542,542,542,542,542,542,542,542
7060ae82e5b96a77.png,521,521,860,522,861,522,689,522,861,522,689,522,861,522,861,522,887,522,689,522,522
42e55ac6782d4d99.png,973,973,33,974,34,974,974,974,34,974,35,974,34,974,974,974,974,974,34,974,974
8868879c2acd5d9e.png,321,321,322,322,323,322,322,322,322,322,322,322,322,322,322,322,322,322,322,322,322
5b3a8c63e41802e7.png,749,749,315,750,316,750,750,750,750,750,750,750,750,750,750,750,750,750,750,750,750
659ca4ac6cc57e89.png,777,777,57,778,58,778,112,778,778,778,112,778,751,778,112,778,778,778,778,778,778
9534108b0e8dceb1.png,646,646,124,647,125,647,647,647,647,647,647,647,647,647,647,647,647,647,647,647,647
fbc6b98b13c768e2.png,458,458,892,459,893,459,459,459,459,459,459,459,459,459,459,459,459,459,459,459,459
7c3b0d93654b39cd.png,707,707,411,708,412,708,708,708,708,708,708,708,708,708,708,708,529,708,708,708,708
43694caa12d5f823.png,978,978,646,979,647,979,979,979,976,979,979,979,979,979,976,979,976,979,979,979,979
69788a29e7436808.png,309,309,310,310,311,310,311,310,311,310,311,310,311,310,311,310,311,310,311,310,311
daa43d65c3b18a84.png,821,821,913,822,914,822,914,822,914,822,914,822,914,822,914,822,822,822,822,822,822
a8c3363bbcc7015c.png,738,738,883,739,884,739,884,739,739,739,739,739,739,739,884,739,739,739,739,739,739
93a0857ff81c25ce.png,547,547,829,548,830,548,548,548,548,548,548,548,548,548,548,548,548,548,548,548,548
b11fa0f292c0178f.png,701,701,777,702,778,702,702,702,585,702,702,702,702,702,702,702,702,789,702,702,702
1dc0533f87996962.png,565,565,458,566,459,566,459,566,566,566,566,566,566,566,566,566,566,566,566,566,566
589319c64adf5fce.png,698,698,880,699,881,699,881,699,881,699,881,699,699,699,881,699,699,699,881,699,699
cebd45d7200f6111.png,70,70,307,71,308,71,435,71,35,71,592,71,701,71,701,71,311,71,311,71,76
7e73c7adc520e406.png,132,132,134,133,135,133,135,133,133,133,135,133,133,133,135,133,133,133,133,133,133
6de6432b0f23ae75.png,104,104,349,105,350,105,351,105,350,105,350,105,350,105,350,105,105,105,105,105,105
ebb4dad78cfd67a9.png,737,737,692,738,693,738,583,738,510,738,441,738,738,738,738,738,738,738,738,738,738
e8c6f75ad26bae84.png,972,972,979,973,980,973,980,973,980,973,980,973,51,973,980,973,973,973,973,973,980
1e408a8d1e2cdc74.png,768,768,573,769,574,769,769,769,574,769,769,769,574,769,769,769,574,769,574,769,646
11afa51200515f9a.png,825,825,708,826,709,826,709,826,709,826,709,826,709,826,709,826,709,826,864,826,788
9f6fe669276f04cf.png,919,919,539,920,540,920,920,920,920,920,920,920,920,920,920,920,920,920,920,920,920
408bae58c26a8076.png,132,132,2,133,3,133,5,133,5,133,3,145,66,147,974,133,141,133,141,133,133
b5548ecffa20aac8.png,933,933,94,934,95,934,95,934,934,934,934,934,934,934,924,934,934,934,934,934,934
9ee13ecd8d6727c0.png,497,800,741,498,742,498,801,498,498,498,498,498,498,498,498,498,498,498,498,498,498
d1a723656dc08b5e.png,821,821,839,822,840,822,822,822,822,822,822,822,840,822,822,822,822,822,822,822,822
d1709eec353a6f93.png,296,296,36,297,37,297,361,297,37,297,37,297,37,297,37,297,51,297,361,297,297
b89dbfcc49dcf156.png,888,888,668,889,669,889,889,889,889,889,889,889,889,889,889,889,889,889,889,889,889
7368fe0ff47343a0.png,964,964,117,965,118,965,965,965,113,965,118,965,118,965,113,965,965,965,965,965,965
d23fd2119c4f5dec.png,328,328,973,329,974,329,329,329,329,329,329,329,329,329,329,329,329,329,329,329,329
5a0e21d54b9c4954.png,327,327,32,328,33,328,797,328,328,328,115,328,797,328,328,328,328,328,328,328,328
4b8517e927f32962.png,865,865,591,866,592,866,866,866,866,866,866,866,866,866,866,866,866,866,866,866,866
38deb4830d12358f.png,979,979,141,980,142,980,140,980,140,980,357,980,59,980,294,980,980,980,275,980,980
81804435ad51df95.png,436,436,675,437,676,437,437,437,437,437,657,437,437,437,437,437,437,437,437,437,437
e4941a341ace171a.png,708,708,442,709,443,709,709,709,443,709,709,709,443,709,709,709,709,709,709,709,709
558a7b66b78ba65b.png,421,421,884,422,885,422,885,422,885,422,885,422,885,422,885,422,885,422,885,422,885
435137d9d4f4125e.png,1,1,391,2,392,2,2,2,2,2,2,2,2,2,2,2,2,2,2,2,2
c43077b2283479be.png,13,13,94,14,95,14,95,14,95,14,95,14,95,14,95,14,95,14,95,14,14
77c72d0a01e1af70.png,427,427,778,428,779,428,428,428,428,428,779,757,428,428,428,428,428,428,428,428,428
72ac2a5af79e26d5.png,717,864,864,718,865,718,865,718,865,718,865,718,865,718,718,718,718,718,865,718,718
32c0e4647ce5a812.png,326,326,76,327,77,327,592,327,592,327,327,327,592,327,118,327,327,327,327,327,327
54153d17b11b495c.png,656,656,829,437,830,657,657,657,655,657,655,657,657,657,657,657,657,657,655,657,657
fb1efda0b27d5289.png,847,847,421,848,422,848,472,848,558,848,848,848,558,848,848,848,848,848,472,848,848
7c5ea6f89e6e2733.png,819,819,6,820,7,820,820,820,820,820,820,820,820,820,820,820,820,820,820,820,820
721804d1d3a60206.png,908,908,701,909,702,909,702,909,702,909,702,909,702,909,702,909,909,909,909,909,909
dcb6b32cd80f2b1f.png,555,555,547,556,548,556,556,556,556,556,556,556,556,556,556,556,556,556,556,556,556
49c27b439d39a00c.png,489,489,705,490,706,490,490,490,706,490,490,490,490,490,490,490,490,490,490,490,490
2c065d2dc6b2cf44.png,933,933,924,934,925,934,925,934,925,934,925,934,925,934,925,934,925,934,925,934,925
b3f200c672c5ca4f.png,975,975,646,976,647,976,647,976,972,976,647,647,647,976,972,976,647,976,647,976,976
3f40eba168e5d385.png,514,514,465,515,466,515,466,515,466,515,466,515,466,515,466,515,515,515,515,515,515
0e71473957df4793.png,877,877,904,878,905,878,905,878,905,413,905,878,905,455,905,878,550,878,425,878,447
6c9f8901246faff2.png,628,628,538,629,539,629,629,629,629,629,629,629,629,629,629,629,629,789,629,629,629
a64ae1acd9d09a87.png,130,130,128,131,129,131,135,131,135,131,128,131,145,131,145,131,131,131,131,131,131
05f7c084329ff0c6.png,972,972,649,973,650,973,650,973,650,973,650,973,650,973,650,973,650,973,650,973,973
5d77597361d06d2b.png,903,903,76,904,77,904,77,904,77,904,77,904,77,904,77,904,77,904,817,507,585
ac2a8a4777dbe746.png,895,895,404,896,405,896,405,896,405,896,405,896,405,896,405,896,52,896,405,896,405
3d75d9676ad6361c.png,150,150,18,151,19,151,86,151,19,151,49,151,49,151,19,151,19,151,19,151,151
e3a740861f12f49e.png,819,819,424,820,425,820,566,820,820,820,425,820,820,820,425,782,878,820,820,820,820
64577d3916d6dafb.png,605,662,830,663,831,606,447,606,831,606,606,606,447,606,808,682,808,606,831,606,682
3b32eca218ed3dbe.png,741,741,209,742,210,742,742,742,742,742,742,742,742,742,493,742,742,742,742,742,742
0707f3dfb7c29f5c.png,605,605,419,606,420,606,420,606,420,606,420,606,420,606,420,762,420,606,420,606,420
59e9bdbb7a3fc4ba.png,517,517,743,518,744,518,780,518,744,744,744,518,744,518,518,518,455,518,518,518,518
686ea4ec999364ff.png,458,458,921,459,922,459,459,459,459,459,459,459,459,459,459,459,459,459,459,459,459
cb71a056a8e05bb2.png,319,319,124,320,125,320,320,320,125,319,319,320,320,320,41,320,320,320,320,320,320
f63d58b5af16091f.png,715,715,566,716,567,716,567,716,567,716,716,716,567,716,567,716,716,716,716,716,716
d3aa8ee50458c020.png,430,430,416,431,417,431,431,431,431,431,431,431,431,431,431,431,431,431,431,431,431
2891f4aa2279d369.png,470,470,6,471,7,471,471,471,471,471,471,471,471,471,471,471,471,471,471,471,471
ae24c23192976a40.png,751,751,565,752,566,752,752,752,752,752,752,752,752,752,752,752,752,752,752,752,752
348ac56def3ccd35.png,915,915,727,916,728,916,916,916,916,916,916,916,916,916,916,916,916,916,916,916,916
d46216d31908163e.png,895,895,908,896,909,896,896,896,896,896,896,896,909,896,896,896,896,896,896,896,896
a8dd9ba15f7b817b.png,805,805,981,806,982,806,806,806,982,982,982,806,806,806,806,806,806,806,806,806,806
5224fec9ba33b50d.png,603,603,690,604,691,604,691,604,691,604,604,604,604,604,691,604,604,604,604,604,604
b3c384a2d1a391c0.png,630,630,792,631,793,631,894,631,882,631,637,631,894,631,778,631,515,631,598,631,631
4a1a488e8a975f7c.png,919,919,595,920,596,920,920,920,920,920,920,920,920,920,920,920,920,920,920,920,920
d7c1d1632cf0acc7.png,403,403,833,404,834,404,834,404,834,404,834,404,834,404,834,52,52,789,794,404,404
ca50e3535eb6396c.png,555,867,867,556,868,556,804,556,556,556,804,868,868,556,804,556,556,556,556,556,556
30e132285c2e960f.png,911,911,956,912,957,912,957,912,957,912,957,912,912,912,957,912,957,912,957,912,957
ea65c0ff71e7ceb3.png,403,403,36,404,37,404,796,404,796,404,796,404,796,404,404,404,404,404,404,404,404
200285e90078210b.png,441,441,712,442,713,442,713,442,713,442,713,442,713,442,713,442,442,442,442,442,442
cec46dbd1fa3473a.png,897,897,671,898,672,898,492,898,779,898,898,898,898,898,898,898,898,898,898,898,898
6314b953a2f66e36.png,310,310,312,311,313,311,313,311,313,311,313,311,313,311,313,311,311,311,313,311,311
1f3f949ccbc81c93.png,303,303,307,304,308,304,304,304,308,304,308,304,308,304,308,304,304,304,304,304,304
04546cc5e537d7cd.png,425,425,580,426,581,426,581,426,581,426,581,426,426,426,426,426,426,426,426,426,426
73064ceb466612d5.png,718,718,912,719,913,719,913,719,913,719,719,719,719,719,913,719,719,719,719,719,719
ae78688b32986638.png,912,912,425,913,426,913,426,913,426,913,426,913,913,913,426,913,913,913,913,913,913
72d85232abd98067.png,470,470,522,471,523,471,471,471,471,471,471,471,471,471,471,471,471,471,471,471,471
89d8361c6bfe905c.png,603,603,345,604,346,604,691,604,691,604,691,604,691,604,691,604,691,604,604,604,691
4ca02fd28a5e9703.png,995,995,669,996,670,996,670,996,670,996,670,996,670,996,670,991,991,996,739,996,996
48762c2cd2ed47e1.png,754,754,390,755,391,755,755,755,882,755,459,755,755,755,559,755,755,755,755,755,755
b217644382dcd864.png,511,511,436,512,437,512,582,512,512,512,512,512,512,512,512,512,512,512,512,512,512
c4824f023903731a.png,737,737,824,738,825,738,738,738,738,738,899,738,441,899,899,738,441,738,441,738,738
629138193e021cdf.png,884,884,884,885,885,885,885,885,885,885,885,885,885,885,885,885,885,885,885,885,885
7d4186ce0332245d.png,975,975,698,976,699,976,976,976,976,976,976,976,976,976,976,976,976,976,976,450,450
90dfd75887f3e67b.png,985,985,721,986,722,986,986,986,722,986,540,986,986,986,986,986,986,986,986,986,986
ed56c7616a8ac010.png,781,781,646,782,647,782,647,782,782,782,782,782,782,782,782,782,782,782,782,782,782
5d6b9cadb6f9e1cd.png,895,895,822,896,823,896,823,896,914,896,604,896,823,896,896,896,823,789,789,896,896
a033832d9ff8913b.png,100,100,58,101,59,101,51,101,101,101,101,101,59,101,101,101,101,101,101,101,101
313ff0037b86260a.png,497,497,562,498,563,498,443,498,498,498,498,498,498,498,498,443,443,498,443,498,498
afe045d68f1a60d0.png,989,989,990,990,991,990,991,990,990,990,990,990,990,990,990,990,990,990,990,990,990
b19e2df06dbcccd9.png,672,672,237,673,238,673,751,673,238,673,238,673,238,673,238,673,673,673,673,673,673
510e5062fef4a993.png,630,630,792,631,793,631,894,631,598,631,793,631,598,631,598,631,793,631,778,631,793
943274babd06a662.png,668,668,710,669,711,669,754,669,478,669,669,669,669,669,669,52,52,789,789,728,728
0e83f990a04ed67d.png,821,821,752,822,753,822,822,822,822,822,822,822,822,822,822,822,119,789,789,822,822
607702d7ef44d081.png,864,864,675,865,676,865,676,865,865,865,865,865,676,865,865,865,865,865,865,865,865
e9811aebe8bed6e5.png,335,335,331,336,332,336,332,336,332,336,332,336,332,336,332,336,336,336,336,336,336
380053c506e32105.png,779,779,874,780,875,780,780,780,780,780,780,780,780,780,780,780,780,780,780,780,780
668bc83a884d24f9.png,2,2,33,3,34,3,34,3,34,3,34,3,34,3,34,3,3,3,802,3,3
be9a3bea2989a0b4.png,717,717,654,718,655,718,437,718,655,718,718,718,718,718,718,718,437,718,469,718,718
b74c05ecff5f99d8.png,406,406,663,407,664,407,407,407,407,407,407,407,407,407,407,407,407,407,407,407,407
7a51c260ca0e83e7.png,547,547,705,548,706,548,706,548,548,548,706,548,548,706,706,706,706,548,548,548,548
e89d48768917f563.png,458,458,919,459,920,459,459,459,459,459,459,459,459,459,459,459,459,459,459,459,459
080bec22a6b1d37d.png,759,759,745,760,746,760,760,760,746,760,760,760,760,760,760,760,760,760,760,760,760
e37b556e8889d2ec.png,751,751,468,752,469,752,469,752,752,752,752,752,752,752,752,752,752,752,469,752,752
67dd47336dc89421.png,817,817,436,818,437,818,437,818,480,818,818,818,437,818,818,818,752,818,818,818,818
25f85aadcf248cc1.png,853,853,718,854,719,854,854,854,854,854,854,854,854,854,854,854,854,854,707,854,854
c3e9a84e039df3ce.png,468,468,436,469,437,469,437,469,437,469,469,469,469,469,469,469,469,469,469,469,469
0134ba03294509a1.png,981,981,768,982,769,982,982,982,769,982,982,982,982,982,982,982,982,982,982,982,982
53fe22426ff21243.png,535,535,319,536,320,536,536,536,536,536,574,536,671,536,759,536,536,536,536,536,536
4053a6a3d0e63c01.png,391,391,6,392,7,392,7,392,7,2,59,392,7,390,7,5,7,392,392,392,392
3ece3c1f94e4141a.png,331,331,500,332,501,332,82,332,288,332,332,332,51,332,332,332,290,331,288,332,332
7d253f78ef6f029a.png,682,682,428,683,429,683,429,683,429,683,429,683,429,683,683,683,683,683,683,683,683
fecd59b8de8ae6f7.png,819,819,424,820,425,820,820,820,789,820,820,820,820,820,820,820,820,820,820,820,820
24159caf9c5e92be.png,707,707,528,708,529,708,529,708,708,708,529,708,529,708,529,708,708,708,529,708,708
44982b98ba192bb7.png,321,321,325,322,326,322,326,322,326,322,323,322,322,322,322,322,322,322,323,322,322
7ca714cdcd5d36d9.png,779,779,545,780,546,780,780,780,780,780,780,780,780,780,780,780,780,780,780,780,780
cbaff3255afbe83f.png,560,560,615,561,616,561,561,561,561,561,561,561,561,561,561,561,561,561,561,561,561
fafbad0b3093a886.png,671,671,877,672,878,672,445,672,672,672,672,672,873,672,672,672,672,672,672,672,672
45315ea51da415ab.png,355,355,292,356,293,356,293,356,293,356,293,356,293,356,293,356,293,356,293,356,293
1e4bb9fd37654da6.png,819,819,420,820,421,820,547,820,421,820,547,820,547,820,421,820,820,820,547,820,820
5f3ea3c6b683fb57.png,772,772,840,773,841,773,773,773,773,773,773,773,547,773,773,773,773,773,773,773,773
ccbcaf10176e78e0.png,922,922,592,923,593,923,593,923,593,923,447,923,593,923,923,923,923,923,593,923,923
8d17aa69b4fd7b45.png,406,406,921,407,922,407,407,407,407,407,407,407,407,407,407,407,709,407,407,407,407
c25da85d5d62b000.png,403,403,814,404,815,404,148,404,404,404,815,404,404,404,404,404,404,404,404,404,404
beb3e55c385feb12.png,814,814,498,815,499,815,555,815,815,815,555,815,815,815,815,815,555,815,815,815,815
ed3573d0c197fbaf.png,847,847,428,848,429,848,429,848,429,848,848,848,848,848,848,848,863,848,863,848,587
95d1a6be6786190f.png,890,890,615,891,616,891,616,891,616,891,616,891,616,891,616,891,891,891,616,891,891
c8abefc975e94b10.png,874,874,888,875,889,875,875,875,830,875,875,875,875,875,830,875,875,875,875,875,875
be97d1e63c32043e.png,94,94,397,95,398,95,398,95,8,95,644,95,8,95,8,95,95,95,95,95,95
df2cd1b82d5dec14.png,518,518,450,519,451,519,451,519,451,519,519,519,519,519,519,519,519,519,451,519,519
024f73e53c3c1f1d.png,579,579,532,580,533,580,533,580,580,580,580,580,580,580,580,580,580,580,580,580,580
e957c417fcd20c5b.png,819,819,583,820,584,820,584,820,820,820,578,820,820,820,820,820,820,820,820,820,820
795f5aef9bef8134.png,825,825,448,826,449,826,751,826,461,826,833,826,833,826,600,826,826,826,113,826,461
422d08407aeed1be.png,113,113,71,114,72,114,114,114,114,114,114,114,114,114,115,114,114,114,114,114,114
69a39406cb1d2ce5.png,475,475,837,476,838,476,838,476,838,476,838,476,837,476,838,476,476,476,476,476,476
564de663adeb8cd5.png,557,557,565,558,566,558,843,558,710,558,609,558,710,558,451,558,710,558,558,558,558
04c1bde5affb7b5b.png,652,652,459,653,460,653,460,653,460,558,460,653,468,653,460,653,653,558,558,653,653
90f5385a77a49f77.png,703,703,808,704,809,704,520,704,913,704,913,704,704,704,704,704,959,704,704,704,704
604b54a3b7424d9b.png,938,938,708,939,709,939,530,939,530,939,530,939,709,939,709,939,939,939,939,939,939
a6535c039bfeba2c.png,535,535,123,536,124,536,536,536,536,536,536,536,536,536,536,536,536,536,536,536,536
35d67f3f70aeef92.png,979,979,974,980,975,980,975,980,975,980,975,980,975,980,975,980,980,980,980,980,980
3efa3df701898afd.png,736,642,642,723,643,723,643,737,643,737,643,723,643,723,643,737,643,831,643,723,737
f08f34c258228251.png,698,698,833,699,834,699,537,699,699,699,699,699,537,699,699,699,699,699,699,699,699
d47c9aabecda0e12.png,985,985,716,986,717,986,986,986,986,986,986,986,986,986,986,986,986,986,986,986,986
d97c1f3f1c211d1a.png,978,978,958,979,959,979,959,979,959,979,976,979,979,976,976,979,976,979,976,979,976
62949c357e429690.png,972,972,293,973,294,973,294,973,46,973,10,973,294,973,294,501,973,973,973,973,889
9311a098cfb4b946.png,820,820,606,821,607,821,535,821,607,821,470,821,607,821,821,821,635,821,821,821,635
38d8d105d5e70c80.png,421,904,705,422,706,422,706,422,906,422,706,422,422,422,422,422,422,422,422,422,422
a28beac14b9037da.png,404,404,456,405,457,405,896,405,405,405,909,405,909,405,909,119,515,789,405,405,405
fa3aae44c2675e88.png,770,770,630,771,631,771,631,771,771,771,771,771,631,771,771,771,631,771,631,771,771
44aa69f642b86628.png,879,879,385,880,386,880,880,880,880,880,386,880,880,880,880,880,880,880,880,880,880
6cc289dc7a8fce86.png,157,157,230,158,231,158,158,158,158,158,158,158,158,158,158,158,158,158,158,158,158
a92babc0a6436d3b.png,759,759,884,760,885,760,483,760,760,760,760,760,760,760,760,760,760,760,760,760,760
9fbeb797de1e1639.png,762,762,424,763,425,763,763,763,425,763,425,763,425,763,425,763,763,763,763,763,425
16179baa1513c701.png,94,94,95,95,96,95,96,95,96,95,96,95,96,95,96,95,96,96,96,95,96
5a8d5bc9bf40e832.png,518,518,746,519,747,519,747,519,519,519,519,519,519,519,519,519,519,519,519,519,519
aa4e1cf9cb6e7801.png,895,895,744,896,745,896,896,896,745,896,658,896,896,896,896,896,896,896,896,896,896
200735f93ea764f2.png,308,308,319,309,320,309,320,309,309,309,309,309,320,309,309,309,309,309,309,309,309
5d53f9bc389e98ad.png,264,264,171,265,172,265,172,265,172,265,172,265,172,265,172,265,233,265,265,265,265
5b974695c09ad165.png,990,990,584,991,585,953,953,991,991,991,953,991,680,991,953,991,991,991,953,991,991
becf3b004177ded6.png,985,985,748,986,749,986,722,986,986,986,986,986,986,986,986,986,986,986,986,986,986
4f04ca75d7aafc0a.png,839,839,461,840,462,840,840,840,840,840,840,840,840,840,840,840,840,840,840,840,840
8764eecf6e898c7f.png,483,483,668,484,669,484,669,484,669,484,669,484,669,484,669,484,484,484,699,484,484
c5f5e09f4f5fd41a.png,403,403,913,404,914,404,834,404,834,404,834,404,404,404,404,404,404,404,404,404,404
17f3b8a057bc01be.png,858,858,449,859,450,859,859,859,859,859,859,859,859,859,859,859,450,859,859,859,859
c10f6e0689efbc1c.png,887,887,459,888,460,407,592,888,460,888,460,888,468,888,888,888,468,888,888,888,888
0e9bdc3ab80b1a71.png,366,366,296,367,297,367,297,367,88,367,297,367,110,367,297,367,367,367,367,367,367
c17d39b1eba4cc03.png,668,668,900,669,901,669,669,669,669,901,901,669,901,669,669,669,669,789,669,669,669
ec346009f286ffca.png,119,124,124,120,125,120,125,120,125,120,125,120,125,120,125,120,120,120,125,120,120
01fa4be27dd11b5d.png,450,450,731,451,732,451,451,451,451,451,451,451,451,451,451,451,451,451,451,451,451
490df9e021386d29.png,404,404,744,405,745,405,405,405,834,405,658,405,405,405,834,405,405,405,405,405,405
08fbf75e60a6efb7.png,483,483,500,484,501,484,501,484,501,484,501,484,501,484,501,484,973,484,501,484,484
fc583c08026e3d74.png,880,880,654,881,655,881,672,881,881,881,881,881,881,881,881,881,881,881,881,881,881
db6c6671a6924eba.png,406,406,857,407,858,407,407,407,858,407,858,407,407,407,407,407,407,407,407,407,407
5a6439b10c1f6761.png,319,319,396,320,397,320,397,320,320,320,320,320,320,320,320,320,320,320,320,320,320
218e02b6cfa0466e.png,698,698,764,699,765,699,765,699,744,699,765,699,699,699,699,699,699,699,699,699,744
3f8bf287f20333eb.png,972,972,619,973,620,973,589,973,854,973,973,973,973,973,973,973,119,789,510,973,973
be5543dc68f0b970.png,779,779,654,780,655,780,780,780,655,780,655,780,780,780,780,780,780,780,780,780,780
87fcc5f70673d3d2.png,698,698,668,699,669,699,669,699,669,699,669,699,669,669,669,669,669,669,669,699,699
99f175132cd1c6e2.png,933,933,945,934,946,934,934,934,925,934,934,934,934,934,934,934,925,934,934,934,934
a4f718e554dd18dd.png,975,975,977,976,978,976,978,976,978,976,976,976,978,976,976,976,976,976,976,976,976
46a489dcff5471a4.png,919,919,539,920,540,920,641,920,540,920,920,920,920,920,920,920,459,920,920,920,920
38c6124f40b8d845.png,895,895,744,896,745,896,745,896,745,896,745,896,896,896,745,52,119,789,896,896,896
6740e1e89b5bbab4.png,980,980,316,981,317,981,34,981,981,981,981,981,981,981,981,981,317,981,981,981,981
54ff02d9dfbf8540.png,883,692,936,884,937,884,884,884,937,884,884,884,884,884,841,884,937,884,937,884,884
2c9398f44d099e0f.png,521,521,932,933,933,522,315,522,933,522,70,522,933,125,933,522,125,522,522,522,522
6896a8b78f404dc8.png,979,979,646,980,647,980,647,980,647,980,647,980,647,980,647,980,980,980,647,980,980
d2d6ae6e0b8a0c31.png,985,985,326,986,327,986,327,986,119,986,325,986,325,986,327,986,986,986,986,986,986
fccfc3563cd562e1.png,976,976,977,977,978,977,977,977,977,977,977,977,977,977,979,977,977,977,977,977,977
d3a88c50958b1b5f.png,976,976,979,977,980,977,980,977,980,977,980,977,980,977,980,977,977,977,977,977,977
513b3032ed1f388c.png,113,113,114,114,115,114,115,114,115,114,114,114,114,114,114,114,114,114,114,114,114
6217866896fbe2b7.png,698,698,576,699,577,699,699,699,699,699,699,699,699,699,699,699,52,789,789,699,699
21554e755b9706d2.png,341,341,296,342,297,342,297,342,297,342,297,342,342,342,342,342,342,342,342,342,342
87a2147620d5e1cb.png,779,779,874,780,875,780,780,780,780,780,780,780,780,780,875,780,780,780,780,780,780
b86d604067f50613.png,489,489,627,490,628,490,136,490,490,490,752,490,628,490,490,490,628,490,490,628,628
af3736cca01a2d28.png,317,316,319,321,320,318,320,318,320,318,320,318,320,318,317,318,318,318,320,318,318
5adb3d985cf217a9.png,404,404,422,405,423,405,423,405,423,405,909,405,909,405,909,515,515,789,789,405,405
60566d5680497389.png,472,472,349,473,350,473,473,473,604,473,473,473,473,473,473,473,473,473,473,473,473
1cfa5381359bff9f.png,421,421,839,422,840,422,840,422,840,422,840,422,840,422,840,422,840,422,422,467,840
cd40b0e46c9da574.png,661,661,717,662,718,662,662,662,662,662,662,662,662,662,662,662,662,662,662,662,662
e9ecdf28dc1d5a85.png,608,608,515,609,516,609,609,609,609,609,609,609,609,609,609,609,609,609,609,609,609
821aae58dc96b4b2.png,340,340,292,341,293,341,341,341,341,341,341,341,341,341,341,341,341,341,341,341,341
715335d5ddfca1f2.png,480,480,669,481,670,481,670,481,670,481,670,481,670,481,670,481,527,481,670,481,481
1be47d60e0156bbb.png,649,649,125,650,126,650,650,650,448,650,978,650,978,650,650,650,650,650,650,650,650
8724748782cb6c31.png,75,75,126,76,127,76,127,76,127,76,76,76,76,76,926,76,78,76,76,76,76
2ba52bcf59097dc8.png,970,970,980,971,981,971,981,971,981,971,981,971,981,971,981,971,971,971,981,971,971
2ed718f6db9785f8.png,518,518,560,519,561,519,519,519,519,519,519,519,519,519,519,519,519,519,519,519,519
4a251fb6d80b5137.png,799,799,556,800,557,800,557,800,905,800,905,800,557,800,905,800,905,800,557,800,905
3617bfc5d06bc196.png,884,884,431,885,432,885,432,885,432,885,885,885,885,885,432,885,432,885,885,885,885
143c74a57326fd40.png,421,421,674,422,675,422,932,422,88,422,422,422,88,422,368,422,422,422,422,422,422
d051e0bd46125123.png,668,668,873,669,874,669,874,669,874,669,874,669,874,669,874,669,669,669,669,669,669
84af93c72781b7f0.png,437,437,669,438,670,438,670,438,670,438,670,438,670,438,670,438,670,438,670,438,670
a52570066ecc61fd.png,975,975,353,976,351,976,976,976,976,976,976,976,976,976,341,976,976,976,704,976,976
3e8bf1eee7083f6e.png,630,630,350,631,351,631,637,631,798,631,344,631,637,631,557,631,351,771,351,631,631
f6d5c95ce7908a58.png,560,560,416,561,417,561,417,561,431,561,431,561,431,561,561,561,561,561,561,561,561
bfb2aaf48d7fc08c.png,978,978,804,979,805,979,436,979,978,979,795,979,978,979,7,979,978,979,345,979,978
5528f7330399485f.png,73,73,74,74,75,74,75,74,75,74,75,74,75,74,75,75,75,74,75,74,74
635ea505879178ed.png,538,538,437,539,438,539,539,539,539,539,539,539,539,539,539,539,539,539,539,539,539
a8631b077e74f7aa.png,479,479,535,480,536,480,536,480,536,480,536,536,536,480,536,536,536,480,536,480,536
bb03be3702584eeb.png,671,671,730,672,731,672,672,672,672,672,445,672,672,672,731,672,672,672,672,672,672
8090736c8299ab28.png,979,979,911,980,912,980,912,980,912,980,912,980,980,980,912,980,980,980,980,980,980
74b13710bcf4f7f3.png,774,502,538,771,539,771,539,775,916,775,539,775,539,503,916,771,771,789,789,775,631
ecd3a969dd466349.png,284,284,766,285,767,285,767,285,193,285,767,285,767,285,767,285,767,285,767,285,285
2abcab3d77d4767e.png,442,517,871,443,872,443,485,443,518,584,872,683,499,443,584,443,443,443,443,443,443
8c975de17f3247d1.png,649,649,883,650,884,650,670,650,884,650,798,650,807,650,722,650,650,650,650,650,650
8d86fae18afef4e0.png,37,37,36,38,37,38,38,38,38,38,38,38,38,38,38,38,38,38,38,38,38
619a9d0eb2acdd82.png,884,743,815,885,816,885,816,885,816,885,816,885,885,885,816,885,816,885,744,885,885
9ab953cce5c7f879.png,442,442,497,443,498,443,443,443,443,443,498,443,443,443,498,443,443,443,498,443,443
1c2e9fe8b0b2fdf2.png,57,57,312,58,313,58,313,58,313,58,58,58,313,58,58,58,58,58,58,58,58
a414ccf5c51454e0.png,829,829,475,830,476,830,476,830,476,830,476,830,476,830,476,830,830,830,830,830,830
26aa2e6ee43387e7.png,912,912,730,913,731,913,731,913,731,913,731,913,913,913,913,913,913,913,731,913,913
3302a8c24caf20f4.png,703,706,706,707,707,704,707,704,707,704,707,707,707,704,707,707,707,704,707,704,704
dd722682a9f2b9dd.png,436,436,654,437,655,437,437,437,437,437,657,437,610,437,657,437,437,437,437,437,437
6afe58efa85756dc.png,928,928,938,929,939,929,929,929,962,929,929,929,929,929,929,929,929,929,929,929,929
0ceee9a38409e30c.png,483,483,873,484,874,484,874,484,874,484,874,484,874,484,874,484,874,484,874,484,874
1df5e1adad21d618.png,404,404,804,405,805,405,805,405,805,405,805,405,405,405,405,405,405,405,405,405,405
57e62606f02d0251.png,547,547,524,548,525,548,637,548,848,548,637,780,725,548,780,548,548,548,821,548,548
d0fe8afb55c3c7cd.png,497,497,483,498,484,498,484,498,484,498,484,498,484,498,484,498,484,498,498,498,484
91d18b353d5b3be2.png,930,930,109,931,110,931,110,931,110,931,962,931,962,931,962,931,600,931,931,931,931
21b0803c965f76ef.png,919,919,868,920,869,920,465,920,465,920,869,920,869,920,869,920,920,920,920,920,920
f20783fc38473514.png,385,385,286,386,287,386,386,386,468,386,386,386,347,386,515,386,468,386,468,386,468
3d6e530955c60759.png,511,511,751,512,752,512,818,512,480,512,480,512,818,512,480,512,818,512,480,512,512
7e5c847bafc4d50c.png,908,908,657,909,658,909,658,909,280,909,658,909,909,909,909,909,909,909,745,909,909
0aebe24fc257286e.png,560,560,768,561,769,561,769,561,561,561,561,561,561,561,561,561,561,561,561,561,561
3c970c84b598f2d9.png,779,779,874,780,875,780,780,780,780,780,780,780,780,780,875,780,780,780,780,780,780
c6166621198a3de4.png,985,985,985,986,986,986,986,986,986,986,986,986,986,986,986,986,986,986,986,986,986
134bfd93a04b88b2.png,580,580,690,581,691,581,581,581,581,581,581,581,581,581,581,581,581,581,581,581,581
4227a6e105cc0588.png,970,970,979,971,980,971,980,971,980,971,971,971,971,971,971,119,119,789,789,971,971
405dd60729a8c18d.png,847,847,580,848,581,848,581,848,581,848,581,848,581,848,581,848,581,848,848,848,848
0d29832e5da60f5f.png,972,972,825,973,826,973,826,973,826,973,826,973,826,826,826,973,826,826,826,973,826
90ab38bb74020d5a.png,646,646,888,647,889,647,889,647,889,647,647,647,647,647,889,647,647,647,647,647,647
068c5d66662a837a.png,963,963,924,964,925,964,925,964,964,964,942,964,964,964,964,964,942,964,942,964,964
e5f15610a22098bb.png,671,671,8,672,8,672,672,672,672,672,672,672,672,672,672,672,672,672,672,672,672
4cd90a6459ce9571.png,718,718,525,719,526,719,526,719,719,719,526,719,719,719,719,719,719,983,719,719,719
4a0bac33f8e81e60.png,406,406,756,407,757,407,428,407,407,407,407,407,407,407,407,407,620,407,428,407,407
cc283b8f7f46fbf0.png,573,573,912,574,913,574,574,574,574,574,574,574,574,574,574,574,574,574,574,574,574
70b9b8ae11327472.png,10,10,95,11,96,11,17,11,96,11,93,11,96,11,92,11,11,11,11,11,11
5dd8e133e66ecd3a.png,141,141,137,142,138,142,138,142,138,142,142,142,138,142,138,142,142,789,142,142,142
4dc360d125c9238c.png,526,526,786,527,787,527,787,527,787,527,527,527,787,527,787,787,787,527,527,527,787
8805b0b20d808c49.png,703,703,367,704,368,704,704,704,198,704,368,704,368,704,704,704,704,704,704,704,704
15d27dbdc9eeda7f.png,468,468,807,469,808,469,469,469,752,752,818,752,752,752,752,52,818,818,469,469,469
448a738f6dcba07e.png,562,562,123,563,124,563,563,563,563,563,563,563,563,563,563,563,563,563,563,563,563
e5948d6294eb8ca3.png,886,886,741,887,742,887,887,887,887,887,887,887,887,887,887,887,887,887,887,887,887
