image_id,label,source_clean,source_adv,tf_inception_v3_clean,tf_inception_v3_adv,tf_inception_v4_clean,tf_inception_v4_adv,tf_inc_res_v2_clean,tf_inc_res_v2_adv,tf_resnet_v2_50_clean,tf_resnet_v2_50_adv,tf_resnet_v2_101_clean,tf_resnet_v2_101_adv,tf_resnet_v2_152_clean,tf_resnet_v2_152_adv,tf_ens3_adv_inc_v3_clean,tf_ens3_adv_inc_v3_adv,tf_ens4_adv_inc_v3_clean,tf_ens4_adv_inc_v3_adv,tf_ens_adv_inc_res_v2_clean,tf_ens_adv_inc_res_v2_adv
0c7ac4a8c9dfa802.png,306,306,458,306,458,306,303,306,303,306,303,306,303,306,303,306,303,306,303,306,303
f43fbfe8a9ea876c.png,884,884,905,884,905,884,905,884,905,884,905,884,905,884,905,884,884,884,884,884,884
4fc263d35a3ad3ee.png,244,244,152,244,152,244,152,244,183,244,181,244,152,244,244,244,244,244,244,244,244
cc13c2bc5cdd1f44.png,560,560,670,560,670,560,533,560,763,560,560,560,533,560,533,560,560,560,560,560,560
73a52afd2f818ed5.png,439,439,615,439,615,439,615,439,615,439,888,439,615,439,615,439,505,439,810,439,439
58f0fd17c4a0e25a.png,991,991,880,991,880,991,937,991,880,991,34,991,119,991,120,991,119,991,122,991,991
90e11aa7c36c64f2.png,950,950,114,950,114,950,114,950,114,950,114,950,114,950,114,950,114,950,114,950,989
696f0f6bea562bf8.png,854,854,638,854,638,854,638,854,638,854,704,854,854,854,704,854,638,854,638,854,638
df58f94361c6d105.png,610,610,818,610,818,657,480,610,480,437,437,610,480,437,437,610,437,437,480,610,437
1394faa319bd353c.png,610,610,695,610,695,610,437,610,437,610,437,610,437,512,437,437,437,437,437,610,610
6cae4a23623d142b.png,583,583,455,583,455,583,455,583,455,583,455,583,455,583,455,583,455,583,455,583,455
d02adcb9140880a1.png,916,916,664,916,664,916,916,916,916,916,916,916,916,916,664,916,916,916,916,916,916
71080285ad6cb4e9.png,456,540,456,540,456,456,456,456,456,456,456,456,456,456,456,456,456,456,456,456,456
137ab6ca314e9e35.png,620,906,770,906,770,620,770,620,770,620,770,620,620,620,770,620,620,620,620,620,620
c819099fed6f0d73.png,962,962,749,962,749,962,749,962,749,962,749,962,749,962,749,962,931,962,931,962,503
4b384c8247b56c0a.png,542,542,607,542,607,542,565,542,787,542,565,542,858,542,607,542,542,542,542,542,542
62ebd5f7ce015380.png,631,775,710,775,710,631,631,631,631,631,710,631,631,631,631,631,631,631,631,631,631
f24817d66024dfb6.png,742,742,498,742,498,742,742,742,742,742,742,742,407,742,742,742,742,742,407,742,407
1b57d7bbd673c771.png,423,423,573,423,573,423,423,423,850,423,544,423,542,423,827,423,410,423,423,423,410
a2de1f4f2c1021fa.png,456,456,749,456,749,456,894,456,749,456,894,456,894,456,894,456,894,894,894,456,894
3e7b01ba495f15f9.png,708,708,670,708,670,708,708,708,481,708,481,708,481,708,481,708,708,708,708,708,708
1a264165276e3c85.png,855,855,479,855,479,855,407,855,479,855,493,855,479,855,479,855,479,855,855,855,493
bc9a5e01c02e759e.png,923,923,447,923,447,923,447,923,923,923,447,923,923,923,447,923,923,923,447,923,923
01bdc0cfe670f708.png,472,472,670,472,670,472,670,472,670,472,670,472,670,472,670,472,472,472,836,472,472
6af829a442e2e0e7.png,130,90,880,90,880,128,128,130,136,130,143,130,141,128,135,130,130,130,130,130,130
493694833dc23399.png,538,538,670,538,670,538,670,538,670,538,771,538,612,538,670,538,538,538,538,538,538
6ac94c9244f84aa3.png,673,673,701,673,701,673,646,673,840,673,840,673,840,673,840,673,673,673,840,673,863
7529b42e71769777.png,477,477,670,477,670,477,670,477,670,477,477,477,670,477,477,477,477,477,477,477,477
d204464fcf15ad99.png,300,300,817,300,817,300,300,300,300,300,300,300,300,300,300,300,300,300,300,300,300
7fd7ce3eb2bf9944.png,100,100,10,100,10,100,10,100,10,100,86,100,10,100,10,100,100,100,100,100,100
303781188f1b3b27.png,477,477,697,477,697,477,914,477,914,477,51,477,914,477,617,477,477,477,914,477,477
67967c9db11151e0.png,252,252,85,252,85,252,276,252,276,252,282,252,276,252,276,252,252,252,276,252,252
fa2a7d600b62174e.png,521,521,739,521,739,521,521,521,521,521,521,521,521,521,517,521,521,521,521,521,521
cd2d2889ef7ac51c.png,924,924,660,924,660,924,924,924,660,924,924,924,660,924,924,924,924,924,924,924,924
11954d93a7051cb5.png,23,23,869,23,869,23,81,23,63,23,84,23,23,23,23,23,23,23,22,23,23
03f90f7138f761e8.png,664,664,669,664,669,664,699,664,699,664,669,699,699,664,669,664,699,664,699,664,669
19935b1c0a4d305d.png,761,761,447,761,447,761,761,761,761,761,447,761,761,761,761,761,761,761,761,761,761
9cf861a657c27cec.png,583,583,903,583,903,583,583,583,583,583,583,583,583,583,583,583,583,583,583,583,583
05817a675e7506d1.png,673,673,524,673,524,673,560,673,524,673,524,673,524,673,524,673,485,673,560,673,673
e1c702ed9842dd1c.png,693,693,463,693,463,918,463,693,463,463,463,463,463,693,463,693,693,918,693,693,693
e7cafac174e90143.png,526,526,461,526,461,526,461,526,461,526,484,526,461,526,461,526,526,526,526,526,526
1a680f33500acb4b.png,932,932,930,932,930,932,930,932,930,932,930,932,930,932,930,932,929,932,930,932,932
81ddbe14219e9dcf.png,318,318,121,318,121,318,121,318,121,318,318,318,318,318,318,318,318,318,318,318,318
04cb9de291399d15.png,465,465,423,465,423,465,465,465,465,465,423,465,465,465,465,465,784,465,465,465,465
23f9d18d531eb148.png,479,479,300,479,300,479,520,479,520,479,520,479,178,479,171,479,479,479,479,479,479
63f2e14ab6be82cf.png,668,668,670,668,670,668,670,668,888,668,888,668,615,668,615,668,448,668,668,668,668
0dffbfa7ba43cb90.png,962,962,899,962,899,962,899,962,460,962,70,962,962,962,113,962,962,962,962,962,962
a97274c7e80a1764.png,866,866,420,866,420,866,866,866,768,866,761,866,420,497,497,866,866,866,866,866,866
85e2eea48d912d31.png,806,806,10,806,10,806,10,806,233,806,523,806,806,806,806,806,806,806,806,806,806
ff5182599937c1ec.png,325,325,987,325,987,325,739,325,56,325,60,325,987,325,987,325,987,325,325,325,325
4bb12984b41d0834.png,34,34,63,34,63,34,282,34,35,34,37,34,77,34,34,34,34,34,36,34,34
150249123e81930d.png,923,923,444,923,444,923,435,923,592,923,592,923,435,923,923,923,923,923,923,923,923
f963957ccfa82f6b.png,143,143,729,143,729,143,142,143,142,143,143,143,143,143,142,143,143,789,789,143,143
890fdaf4e1892e00.png,313,313,750,313,750,313,300,313,316,313,817,313,369,313,124,313,312,313,312,313,316
9a1c67f467b9beea.png,303,303,37,303,37,303,37,303,37,303,110,303,110,303,37,303,303,303,104,303,303
217597258ac12258.png,583,583,510,583,510,583,510,583,510,583,510,583,510,583,510,583,583,583,583,583,583
346c5575b60194c3.png,949,949,795,949,795,949,377,949,989,989,956,949,956,949,989,949,949,949,989,949,989
296033c3a5910845.png,361,361,110,361,110,361,110,361,110,361,110,361,110,361,110,361,361,361,361,361,361
3a7d9bd310202e93.png,790,790,919,790,919,790,919,790,919,790,790,790,919,790,919,790,790,790,919,790,790
56e9d5f63cfc507e.png,441,441,701,441,701,441,701,441,701,441,738,441,701,441,701,441,441,441,441,441,441
602f2c3749d6021e.png,747,747,796,747,796,747,747,747,747,747,747,747,747,747,747,747,747,747,747,747,747
7c754696067fdfa9.png,765,765,670,765,670,765,670,765,396,765,670,765,396,765,670,765,765,765,765,765,670
8f5eda0b6a910b43.png,950,950,503,950,503,950,722,950,660,950,832,950,660,950,660,950,660,950,950,950,950
89119361e9d9e02d.png,481,481,649,481,649,481,557,481,649,481,649,481,649,481,649,481,481,481,481,481,481
da63f2acf683c0a7.png,134,134,50,134,50,134,50,134,134,134,50,134,50,134,50,134,134,134,134,134,50
741fc1a3fc08731d.png,793,793,653,793,653,793,653,793,653,793,653,793,653,793,653,793,793,793,653,793,793
d77af00930283f4b.png,901,901,477,901,477,901,916,901,901,901,901,901,901,901,901,901,901,901,901,901,901
97151fe7a0a6e2e3.png,734,734,629,734,629,734,734,734,734,734,404,734,629,734,558,734,734,734,558,734,734
393d40f3a6a79400.png,328,328,34,328,34,328,37,328,34,328,37,328,37,328,34,328,34,328,34,328,34
8f5e0855ca8de8ea.png,468,468,37,468,37,468,460,468,37,468,751,468,751,468,37,468,886,468,798,468,468
d72f34526e12fd83.png,442,442,884,442,884,442,884,442,884,442,884,442,884,442,884,442,442,442,442,442,442
957529a2abaa0581.png,883,883,773,883,773,883,457,883,415,883,524,883,773,883,457,883,883,883,883,883,883
3bd1ba0432603b28.png,921,921,762,921,762,921,762,921,762,921,762,921,921,921,762,174,174,789,789,921,921
3228a465697fb2cf.png,840,840,670,840,670,840,840,840,840,840,840,840,840,840,840,840,840,840,840,840,840
871c99d5658c3189.png,956,956,958,956,958,956,958,956,958,956,958,956,958,956,958,956,952,956,956,956,952
1733cbc68a2ae05d.png,556,556,408,556,408,556,556,556,556,556,556,556,556,556,556,556,556,556,556,556,556
69a3493d13953e1f.png,520,520,920,520,920,520,520,520,520,520,520,520,520,520,920,520,520,520,520,520,520
8a82ddd7ab76efbb.png,511,511,792,511,792,511,695,511,541,511,914,511,629,511,511,511,511,511,511,511,511
e95ef0aeeab7b496.png,889,889,514,889,514,889,751,889,859,889,855,889,669,889,855,889,889,789,889,889,889
8555611998ea426a.png,991,991,109,991,109,991,109,991,974,991,329,991,991,991,991,991,991,991,991,991,991
1cc2caf8e5db27c3.png,431,431,590,431,590,431,642,431,918,431,911,431,431,431,431,431,431,431,431,431,431
a00c8d22e63497c4.png,431,431,972,431,972,431,891,431,806,431,431,431,431,431,911,431,431,431,431,431,431
4f553b721705d008.png,397,397,670,397,670,397,211,397,216,397,397,397,397,397,397,397,397,397,397,397,397
f1ce339a44d7a118.png,98,98,99,98,99,98,99,98,98,98,99,98,83,98,99,98,98,99,99,98,99
2153d9869fb5a9ef.png,645,645,471,645,471,645,471,645,645,645,471,645,863,645,645,645,645,645,645,645,645
7506caf0a49c3951.png,79,79,126,79,126,79,126,79,126,79,126,79,126,79,126,79,79,79,79,79,79
1d4133f5bc7af193.png,141,141,170,141,170,141,141,141,170,141,171,141,170,141,147,141,141,141,141,141,141
fd26c4733822dfcc.png,363,363,972,363,972,363,363,363,363,363,363,363,363,363,363,363,363,363,363,363,363
60f5900a00d94b25.png,706,706,629,706,629,706,706,706,706,706,706,706,706,706,706,706,706,706,706,706,706
79f953be91aa8ce2.png,660,660,961,660,961,660,850,660,961,660,850,660,961,660,660,660,660,660,660,660,660
d9da4e5ef53d5e8b.png,641,540,427,540,427,641,641,641,459,641,641,641,641,641,641,641,713,641,799,641,641
0411ca972e637297.png,968,968,850,968,850,968,850,968,850,968,850,968,850,968,114,968,829,968,850,968,968
92dbb18dd447fd75.png,490,490,581,490,581,490,581,490,581,490,581,490,490,490,490,490,581,490,490,490,490
65251969959ce0e6.png,938,938,974,938,974,938,974,938,974,938,938,938,974,938,938,938,938,938,938,938,938
b76e552d4b3ec0c3.png,992,992,125,992,125,992,124,992,992,992,992,992,992,992,992,992,992,992,992,992,992
828ade8df2d14c45.png,888,888,773,888,773,888,888,888,524,888,457,888,888,888,888,888,888,888,888,888,888
3dc0e8f854bdc9b3.png,604,604,445,604,445,604,871,604,871,604,691,604,604,604,604,604,604,604,604,604,604
6bb6cf032c1286c5.png,468,468,66,468,66,468,62,468,489,468,468,468,468,468,911,468,489,468,468,468,468
2e9b377877f64b3d.png,499,499,745,499,745,499,421,499,584,499,658,499,499,499,499,499,499,499,499,499,499
2842a69bf5b14526.png,880,880,418,880,418,880,418,880,880,880,880,880,880,880,880,880,880,880,880,880,880
a74f197288b10a0d.png,808,808,707,808,707,808,707,808,707,808,808,808,808,808,707,808,808,808,808,808,707
7a85f42383ec2f81.png,709,709,620,709,620,709,432,709,602,709,569,709,602,709,709,709,515,789,709,709,709
55e85d7b58024966.png,968,968,960,968,960,968,968,968,968,968,968,968,968,968,968,968,968,968,968,968,968
d6d192c5786f29f5.png,473,473,396,473,396,473,473,473,396,473,396,473,473,473,473,473,473,473,473,473,473
f533740a8d4618ce.png,288,288,328,288,328,288,42,288,115,288,69,288,50,288,330,288,115,288,69,288,115
5292f5b36a0789fa.png,854,854,515,854,515,854,515,854,557,854,477,854,557,854,557,854,496,854,496,854,496
ba4b978112a20be1.png,972,972,526,972,526,972,526,972,972,972,526,972,526,972,526,972,972,972,972,972,972
3692f6967c632fee.png,806,806,769,806,769,806,769,806,769,806,806,806,769,806,769,806,769,806,806,806,769
fae551840c1690fa.png,720,720,2,720,2,720,2,720,2,720,2,720,2,720,88,720,720,720,720,720,720
8020698d79dc39f2.png,855,855,402,855,402,855,499,855,402,855,855,855,855,855,855,855,855,855,855,855,855
d392f0639c17f396.png,808,854,808,854,808,581,808,808,808,859,859,808,581,808,808,808,808,808,808,581,808
8f97e3fface13e4d.png,472,472,730,472,730,472,730,472,557,472,792,472,730,472,730,472,422,422,730,472,472
a920691cf2d50f79.png,947,947,647,947,647,947,974,947,974,329,329,947,979,947,329,991,981,329,979,329,981
a482985ca1e77960.png,891,891,840,891,840,891,840,891,891,891,840,891,840,891,646,891,840,891,891,891,891
362e4ac62cf888f4.png,573,573,756,573,756,573,573,573,573,573,573,573,573,573,573,573,573,573,573,573,573
694e7617a4878041.png,884,884,726,884,726,884,884,884,884,884,884,884,884,884,884,884,884,884,884,884,884
fa5484e61e455eb2.png,477,477,877,477,877,477,477,477,477,477,477,477,477,477,477,477,477,477,477,477,477
ab42aa5e9745c214.png,582,582,670,582,670,582,415,582,670,582,637,582,670,582,637,582,582,582,582,582,582
e6e677a28e3bd6d7.png,604,604,808,604,808,604,604,604,604,604,808,604,808,604,808,604,604,604,604,604,604
2e541180b2323a5d.png,24,24,57,24,57,24,128,24,86,24,922,24,731,24,429,24,24,24,24,24,24
01f824264783f58d.png,968,968,80,968,80,968,968,968,968,968,679,968,968,968,968,968,968,968,968,968,968
335e604bbe3eec78.png,312,312,42,312,42,312,312,312,42,312,42,312,312,312,312,312,312,312,312,312,312
4e1bdcb677f21fb4.png,874,874,833,874,833,874,874,874,874,874,407,874,874,874,874,874,874,874,874,874,874
c6b5f6c1d79dffc6.png,583,583,37,583,37,583,161,583,37,583,37,583,37,583,37,583,791,583,583,944,944
8f9c1e4fd9f4cb2e.png,17,17,146,17,146,17,371,17,371,17,371,17,285,17,286,17,17,17,17,17,17
f54616f2af588fd8.png,673,673,880,673,880,673,673,673,880,673,880,673,880,673,673,673,673,673,673,673,673
f20911d36a287dce.png,781,781,647,781,647,781,976,781,537,725,647,781,725,781,537,781,781,781,537,781,781
81a7637c67f4f777.png,490,490,885,490,885,490,490,490,490,490,490,490,490,490,490,490,490,490,490,490,490
65c1808390bd18c5.png,686,686,836,686,836,686,410,686,410,410,410,686,410,686,410,686,52,789,410,686,410
e570258f1bef4ade.png,367,367,972,367,972,367,298,367,972,367,368,367,368,367,972,367,368,367,298,367,367
58bbaa0c5ab520d5.png,488,663,762,663,762,488,762,488,762,762,762,762,762,762,762,488,762,488,488,762,762
556d8b457b94c285.png,747,747,796,747,796,747,747,747,747,747,747,747,796,747,747,747,747,747,747,747,747
38546e7d7136c2ab.png,600,600,612,600,612,600,600,600,600,600,600,600,600,600,600,600,600,600,600,600,600
9876fe92d003c9d4.png,913,913,974,913,974,913,610,913,638,913,596,913,610,913,610,411,450,913,916,913,411
8df3dc0c3fef1824.png,951,951,939,951,939,951,939,951,939,951,939,951,939,951,939,951,939,951,939,951,951
938ada2f2bfa2b68.png,844,844,432,844,432,844,432,844,432,844,432,844,432,844,432,844,844,844,844,844,844
61131df39f19a4a0.png,615,615,807,615,807,615,653,615,653,615,698,615,697,615,615,615,615,615,615,615,615
7278c2b63080f08c.png,349,349,170,349,170,349,170,349,170,349,170,349,171,349,170,349,170,349,170,349,349
f734e87286835196.png,324,324,78,324,78,324,314,324,293,71,816,324,110,324,816,324,95,324,989,324,324
06a0e36c443746b5.png,354,354,353,354,353,354,354,354,354,354,353,354,354,354,354,354,354,354,354,354,354
d7d8fc1442a82a8e.png,22,22,13,22,13,22,13,22,25,22,95,22,22,22,22,22,22,22,22,22,22
f9937696f421f4e4.png,85,85,475,85,475,85,85,85,85,85,85,85,85,85,85,85,85,85,85,85,85
9429f0d1ad2283df.png,438,438,846,438,846,438,846,438,846,438,846,438,846,438,846,438,658,438,438,438,438
7524a7ef9de8edc3.png,947,947,816,947,816,947,816,947,816,947,816,947,816,947,816,947,947,947,947,947,947
c98a8640dcfaa5e0.png,747,747,692,747,692,747,747,747,692,747,747,747,747,747,747,747,747,747,747,747,747
d34c51d7523e9c0f.png,647,647,889,647,889,647,901,647,976,647,647,647,647,647,889,647,647,647,647,647,647
24726d9054e9d78f.png,545,545,929,545,929,545,929,545,929,545,929,545,929,545,929,545,929,545,929,545,929
66aa56675136bbab.png,470,470,542,470,542,470,542,470,542,470,470,470,542,470,542,470,470,470,470,470,470
a8fe76c687b00e33.png,598,760,892,760,892,598,892,598,892,598,892,488,892,598,892,598,598,598,892,598,598
411c5d79017077f4.png,82,82,136,82,136,82,83,82,22,82,83,82,83,82,82,82,82,82,82,82,22
bb6fcb4a52b4fc0f.png,735,735,657,735,657,735,657,735,657,735,657,735,676,735,657,735,657,735,735,735,735
84640859ee739095.png,720,720,9,720,9,720,720,720,9,720,9,720,9,720,9,720,9,720,720,720,720
6d2d82bc1ba0a956.png,52,52,489,52,489,52,489,52,680,52,680,52,680,52,489,52,680,52,680,52,52
3e1e47f5af2a3f16.png,294,294,291,294,291,294,294,294,294,294,294,294,289,294,294,294,294,294,294,294,294
1ac44ddb6a2d497a.png,898,898,910,898,910,898,892,898,568,679,892,898,892,898,910,898,910,898,892,572,898
7a291389e67a8a07.png,417,417,670,417,670,417,670,417,670,417,670,417,751,417,886,417,771,417,517,417,417
afa0f88aaab03427.png,545,545,470,545,470,545,470,545,545,545,869,545,470,545,545,545,545,545,545,545,545
1e26772fc8c493bb.png,416,932,954,932,954,950,950,416,954,416,957,416,950,958,950,416,416,510,510,416,416
4d1237ccbd9a5b4b.png,815,815,657,815,657,815,483,815,815,815,815,815,629,815,813,815,815,815,815,815,815
c3f452167c39302f.png,296,296,647,296,647,296,647,296,647,296,647,296,647,296,647,296,368,296,368,296,296
6841e385fe79177f.png,830,830,875,830,875,830,875,830,875,830,830,830,556,830,556,830,830,830,556,830,830
b48febf2b989205b.png,760,760,610,760,610,760,865,760,480,760,480,760,480,760,760,760,760,760,760,760,760
baeb1300832574aa.png,972,972,2,972,2,972,2,972,2,972,110,972,110,972,2,972,981,972,981,972,557
7b6cc934fda859fa.png,307,307,905,307,905,307,905,307,378,307,905,307,905,307,905,307,905,307,905,307,307
39f82c728c956125.png,638,638,705,638,705,638,705,638,705,638,705,638,705,638,705,638,638,638,705,638,638
c8231978dc765004.png,472,472,553,472,553,472,553,472,553,472,170,472,553,472,223,691,553,472,844,472,553
823f8eae0df2d5c1.png,95,95,320,95,320,95,95,95,320,95,320,95,320,95,320,95,95,95,95,95,95
038fd7a750733bb5.png,18,18,792,18,792,18,753,18,771,18,18,18,753,18,18,18,18,18,321,18,18
6d6078c60e59e9f4.png,985,985,736,985,736,985,985,985,736,986,986,985,986,985,991,985,985,985,985,985,985
1f71668ab3dbe81b.png,709,709,362,709,362,709,798,709,798,709,362,709,569,709,709,709,709,709,709,709,709
70b3b833463d20b9.png,864,864,489,864,489,864,973,864,973,864,973,864,973,864,973,864,650,864,864,864,864
dd4d033a9a45552d.png,392,392,34,392,34,392,35,392,392,392,392,392,361,392,363,392,3,392,3,392,392
8800cff23fade16a.png,532,532,593,532,593,532,532,532,486,532,532,532,547,532,488,532,532,532,532,532,532
af2ac1705dc19a5f.png,384,384,381,384,381,384,384,384,384,384,383,384,384,384,384,384,384,384,384,384,384
87937b805302f958.png,418,418,815,418,815,418,418,418,418,418,418,418,976,418,418,418,418,418,418,418,418
f33087679c5e7799.png,443,443,874,443,874,443,874,443,874,443,874,443,874,443,874,443,443,443,443,443,443
6374e7e35ad90f50.png,39,39,615,39,615,39,751,39,289,39,751,39,888,39,751,39,37,39,291,39,39
92c73d668e2cd3ce.png,859,859,822,859,822,859,859,859,822,859,822,859,822,859,822,859,859,859,859,859,859
e8d5809ee6888f8f.png,717,717,669,717,669,717,717,717,688,717,717,717,717,717,717,717,717,717,717,717,717
45da32a1cf073a4f.png,100,100,802,100,802,100,338,100,802,100,151,100,34,100,135,100,100,100,976,100,100
fe94909a2fad4ffe.png,547,547,444,547,444,547,547,547,547,547,547,547,547,547,547,547,547,547,547,547,547
00c3cd597f1ee96f.png,138,138,151,138,151,138,361,138,361,138,361,138,361,138,361,138,361,138,138,138,138
a5949b0719d3ea77.png,981,981,61,981,61,981,112,981,112,981,112,112,112,981,112,981,112,789,112,981,981
d7984e6e1a51b3c4.png,518,518,822,518,822,518,822,518,581,518,822,518,822,518,822,518,518,518,822,518,518
979757e16b67ac7e.png,323,323,726,323,726,323,726,323,726,323,726,323,327,323,327,323,323,323,323,323,323
60ab0fb53634bc3c.png,766,766,707,766,707,766,707,766,766,766,766,766,766,766,766,766,766,766,766,766,766
ad333e5d6953cbbf.png,633,633,606,633,606,633,606,633,606,633,606,633,633,633,606,633,633,633,606,633,633
2b7e6f0d6f73fa1f.png,638,454,638,454,638,550,638,638,638,554,638,638,638,638,638,887,638,638,638,638,550
4063377442ea93d3.png,596,596,566,596,566,596,566,596,566,596,566,596,566,596,566,515,596,789,596,596,596
60ed157b21d49c4c.png,755,508,755,508,755,755,755,755,755,755,755,755,755,755,508,755,529,755,508,508,508
8f07c92f0af97807.png,806,806,417,806,417,806,806,806,806,806,891,806,806,806,806,806,806,806,806,806,806
d67b326ef48bb7b7.png,874,874,498,874,498,874,498,874,498,874,498,874,874,874,874,874,874,874,498,874,874
9f3afb58c061c290.png,981,981,978,981,978,91,978,981,978,979,978,981,981,972,972,750,750,750,750,981,89
1f7c25207bc3e303.png,476,476,701,476,701,476,625,476,795,476,476,476,476,476,476,476,476,476,476,476,476
70d812d368e3e828.png,456,456,430,456,430,456,456,456,456,456,456,456,456,456,456,456,456,456,456,456,456
e19a59ad09d18497.png,443,443,756,443,756,443,756,443,756,443,756,443,756,443,756,443,443,443,443,443,443
dde33b51c8c152d2.png,735,735,865,735,865,735,735,735,865,735,469,735,437,735,752,735,735,735,735,735,735
a33af1b9f8b8a81b.png,880,880,257,880,257,880,257,880,257,880,257,880,257,880,668,880,621,880,880,880,880
1c924877ccc60129.png,410,410,827,410,827,410,827,410,827,636,827,410,827,827,827,410,827,410,827,827,827
74dbbe535861d709.png,702,418,702,418,702,418,702,702,747,702,592,702,702,702,702,418,702,418,702,418,702
858ec91996beb034.png,686,686,432,686,432,686,415,686,827,686,410,686,480,686,749,686,480,686,480,686,827
e5cf220f8144c192.png,706,467,661,467,661,706,661,706,706,706,706,706,548,548,548,706,706,706,706,706,706
34a39905ce228160.png,769,769,785,769,785,769,588,769,759,769,588,769,110,769,597,769,769,769,523,769,769
9455bd672cb9e4bd.png,522,522,923,522,923,522,923,522,923,522,923,522,923,522,923,522,522,522,522,522,522
9c509bfb75167fb0.png,641,641,836,641,836,641,836,641,836,641,641,641,641,641,641,641,641,641,836,641,641
37e7dc99bf2704c7.png,664,664,498,664,498,664,498,664,498,498,498,498,498,498,498,664,498,664,498,664,664
f2bfa7a95e787fe1.png,721,721,701,721,701,721,701,721,701,721,701,721,701,721,701,721,721,721,721,721,721
0f9d8c86a9f38020.png,760,760,705,760,705,760,705,760,760,760,893,760,705,760,705,760,760,760,705,760,760
ce05236afebb173d.png,536,536,798,536,798,536,415,536,415,536,798,536,536,536,798,536,536,536,536,536,536
12fb008451be82d4.png,583,583,566,583,566,583,820,583,566,583,566,583,583,583,566,583,583,583,566,583,583
1a7425e8f990e04a.png,608,608,441,608,441,608,908,608,441,608,441,608,441,608,908,608,441,608,908,608,908
1ba816dc6937b62d.png,860,860,435,860,435,860,435,860,860,860,860,860,435,860,860,860,860,860,860,860,860
a92e49d8bbdc2aae.png,533,533,479,533,479,533,479,533,533,533,533,533,533,533,533,533,533,533,533,533,533
0e0f1fd2ed183781.png,114,114,118,114,118,114,118,114,114,114,114,114,114,114,114,114,114,114,114,114,114
c83cfca4bc9dd3c7.png,696,696,1000,696,1000,696,193,696,203,696,203,696,1000,696,1000,696,203,696,203,696,1000
172f992e1a0ebbc3.png,566,566,893,566,893,780,893,566,836,566,976,780,756,566,976,566,756,566,780,566,566
565c67fd230f18cc.png,555,555,719,555,719,555,555,555,719,555,719,555,555,555,719,555,719,555,719,555,719
b8596bba57a73794.png,352,352,349,352,349,352,350,352,349,352,349,352,349,352,349,352,352,352,354,352,352
d94940216544b2c5.png,312,312,48,312,48,312,48,312,48,312,48,312,48,312,48,312,48,312,48,312,48
9f55ac35ce9703e5.png,9,9,751,9,751,9,9,9,751,9,751,9,751,9,83,9,88,9,88,9,9
55323ce1ff485412.png,386,386,387,386,387,386,387,386,387,386,387,386,387,386,387,386,386,386,386,386,386
526f322d78bd5b44.png,571,571,214,571,214,571,214,571,644,571,644,571,644,571,52,571,571,571,571,571,571
229fbe790098d2e5.png,481,481,425,481,425,481,481,481,481,481,481,481,481,481,481,481,481,481,481,481,481
e0c0f412d78571dc.png,734,734,702,734,702,734,702,734,702,734,702,734,734,734,702,734,734,734,734,734,734
d12aad0d18252b40.png,325,325,721,325,721,325,721,325,721,325,721,325,721,325,972,325,721,325,325,325,721
22712d0324d43ef2.png,898,898,788,898,788,898,788,898,788,898,788,898,892,898,788,898,898,898,898,898,898
3201d10ec4dca056.png,739,739,956,739,956,739,739,739,884,739,739,739,739,739,739,739,739,739,739,739,739
62c7958e7cd80cca.png,402,402,515,402,515,402,402,402,503,402,412,402,515,402,402,402,402,402,402,402,402
12cf4de43c70273e.png,815,815,877,815,877,815,436,815,436,815,778,815,815,815,815,515,119,789,983,815,815
56dbd7d814ef5c58.png,254,254,210,254,210,254,210,254,210,254,210,254,210,254,210,254,274,254,254,254,254
e91abe0f1a7a30f4.png,752,752,818,752,818,752,752,752,752,752,752,752,752,752,752,752,752,752,752,752,752
641d03527848417f.png,341,341,816,341,816,341,341,341,341,341,341,341,341,341,341,341,341,341,341,341,341
de282cea97167923.png,305,304,319,304,319,305,319,305,319,305,319,305,319,305,319,305,305,305,318,305,305
088560551b91ceb0.png,983,983,637,983,637,983,602,983,637,983,602,983,602,983,602,983,983,983,602,983,602
a70b1cda0776cba6.png,143,143,142,143,142,143,142,143,142,143,142,143,143,143,143,143,142,143,142,143,142
c036b20afde859b7.png,281,281,116,281,116,281,213,281,287,281,59,281,59,281,391,281,281,281,281,281,281
5d6c4759c26bae8c.png,547,547,807,547,807,547,547,547,547,547,547,547,547,547,547,547,547,547,547,547,547
3eded0a8d5f16059.png,100,100,92,100,92,100,22,100,22,128,92,100,92,100,22,100,9,100,8,100,100
9db1070b1b9f03d2.png,324,324,125,324,125,324,125,324,304,324,125,324,125,324,125,324,324,324,324,324,324
e3c3f8889ac99aec.png,536,536,633,536,633,536,633,536,633,536,633,536,633,536,687,536,536,536,536,536,536
d6d42f8a1f6b4460.png,666,666,604,666,604,666,613,666,666,666,666,666,666,666,666,666,666,666,666,666,666
517dc655edeaf344.png,430,430,809,430,809,430,430,430,430,430,430,430,430,430,430,430,430,430,430,430,430
10db986bad48a9d5.png,894,894,841,894,841,894,841,894,778,592,841,894,841,540,886,894,841,778,778,894,841
17cfccd62451a233.png,966,966,740,966,740,966,740,966,740,966,924,966,924,966,924,966,924,966,924,966,924
212476b1b58a0cfe.png,512,512,437,512,437,512,437,512,437,512,437,512,512,512,437,512,512,512,512,512,437
919a6f1d23c6d05e.png,145,145,729,145,729,145,729,145,729,145,729,145,729,145,729,145,145,145,729,145,145
da4f4d6944d93ae0.png,735,735,610,735,610,735,735,735,735,735,610,735,610,735,735,735,735,735,735,735,735
1461ed9402248ddc.png,514,514,559,514,559,514,514,514,514,514,514,514,514,514,514,514,514,514,514,514,514
f0dcd519b5499d48.png,664,664,874,664,874,664,874,664,874,664,874,443,874,664,664,664,664,664,664,664,664
9a5913e0fb6d0866.png,767,767,573,767,573,468,573,767,416,767,954,767,999,767,988,767,988,767,468,767,468
cfab8f880da31ad8.png,541,541,518,541,518,541,518,541,541,541,541,541,541,541,541,541,541,541,518,541,541
17df043d369008f5.png,991,991,110,991,110,991,110,991,110,991,110,991,110,991,110,991,114,998,114,991,114
95d6a4087f394d8b.png,750,750,795,750,795,750,795,750,795,750,795,750,795,750,795,750,457,750,869,750,750
0be391239ccba0f2.png,719,719,518,719,518,719,719,719,719,719,719,719,719,719,719,719,719,719,719,719,719
8d68931ba23fdeb7.png,842,842,452,842,452,842,842,842,842,842,842,842,842,842,842,842,842,842,842,842,842
6bff4ecb94f1f84e.png,859,859,675,859,675,859,859,859,859,859,859,859,859,859,859,859,859,859,859,859,859
96fcb76927274db6.png,472,472,871,472,871,472,613,472,472,472,871,472,871,472,472,472,472,472,472,472,472
4de063bd5b838f11.png,2,2,877,2,877,2,877,2,670,2,563,2,877,2,432,2,643,2,643,2,2
55b85f4336d9603a.png,880,880,836,880,836,880,880,880,836,880,836,880,836,880,880,880,880,880,880,880,880
f6437ed4f1b8fe23.png,302,302,701,302,701,302,701,302,701,302,701,302,701,302,701,302,302,302,451,302,302
a90d9627e2145090.png,426,426,605,426,605,426,426,426,63,426,426,426,426,426,426,426,426,426,426,426,426
f4bde5facfdca0c6.png,788,788,641,788,641,788,788,788,641,788,641,788,641,788,459,788,641,788,641,788,788
803450d936b35ebb.png,934,934,109,934,109,934,109,934,592,934,110,934,110,934,912,934,934,934,934,934,934
fff35cdcce3cde43.png,913,913,864,913,864,913,864,913,864,913,864,913,864,913,864,913,913,913,913,913,913
b58e8d136aff5a50.png,625,625,455,625,455,625,455,625,455,625,455,625,455,625,455,455,455,625,625,625,625
76d7e2d1bf3a31fe.png,312,312,83,312,83,312,68,312,83,312,68,312,58,312,314,312,58,312,314,312,314
a777db736ecdfb65.png,326,326,471,326,471,326,856,326,825,326,453,326,659,326,534,326,685,326,685,326,326
f1a6fdadaa132225.png,990,990,788,990,788,990,788,990,869,990,869,990,788,990,788,990,853,990,869,990,869
6bea02f26beef50d.png,709,709,736,709,736,709,736,709,502,502,502,709,736,502,502,709,502,709,736,709,709
7b6a9bf5b175e3b2.png,558,558,592,558,592,558,592,558,592,558,592,558,592,558,592,558,592,558,592,558,592
7c249a944594a62e.png,990,990,792,990,792,990,490,990,490,990,581,990,124,990,124,816,490,990,490,990,990
5c2d823a4d30e3d5.png,718,718,894,718,894,718,894,718,493,718,718,718,718,718,718,718,718,718,718,718,718
fc94d8ed9eca8c51.png,390,390,510,390,510,390,510,390,510,723,510,396,510,940,510,390,493,390,399,390,988
73728c249317ccb9.png,848,848,587,848,587,848,587,848,587,848,587,848,587,848,587,848,587,848,587,848,587
0b1d45bd9ab1064e.png,561,561,567,561,567,561,561,561,765,982,982,561,567,561,561,561,982,561,982,561,561
4b52fd42977215b9.png,901,901,558,901,558,901,558,901,734,901,558,901,901,901,406,901,901,901,901,901,901
c27e3bde18fba21b.png,323,323,48,323,48,323,326,323,326,326,326,323,323,323,326,323,323,323,326,323,323
5dbfff56258cf9e6.png,318,318,776,318,776,318,776,318,776,318,776,318,825,318,776,318,569,318,318,318,318
c47ca11294a9aefe.png,547,547,773,547,773,547,547,547,773,547,547,547,547,547,547,547,547,547,547,547,547
97917829607b6189.png,859,859,792,859,792,859,808,859,905,859,840,859,581,539,581,859,840,789,744,859,840
d386396825739960.png,854,854,699,854,699,854,563,854,699,854,563,854,563,854,563,854,854,854,854,854,854
44fa09bc5f8e69a5.png,304,304,303,304,303,304,303,304,303,304,303,304,304,304,303,304,303,304,304,304,304
70db5a1689f89129.png,434,434,802,434,802,434,802,434,434,434,435,434,434,434,434,434,434,434,434,434,434
89d60f53d478c4f7.png,668,668,77,668,77,668,77,668,77,668,77,668,411,668,77,668,668,668,668,668,820
d531a31add433f46.png,764,764,653,764,653,764,465,764,653,764,414,764,764,764,412,764,764,764,764,764,764
4d0c0f35a0c00bdc.png,680,680,592,680,592,680,592,680,592,680,680,680,680,680,680,680,680,680,680,680,680
33197fa6ae88508a.png,848,848,587,848,587,848,587,848,587,848,587,848,587,848,587,848,848,848,848,848,848
78059d1afd7b9fea.png,58,58,27,58,27,58,58,58,27,58,58,58,58,58,58,58,58,58,58,58,58
542c07e8bf8e283c.png,145,145,147,145,147,145,147,145,147,145,147,145,100,145,147,145,147,789,145,145,145
e8c99e0220ab46d2.png,591,591,689,591,689,591,689,591,689,591,689,591,689,591,762,591,591,591,762,591,591
c755f3b0f89028fc.png,566,566,670,566,670,566,604,566,570,566,570,566,570,566,570,570,570,789,789,566,570
76db169867bf2e9d.png,964,964,939,964,939,964,939,964,939,964,964,964,964,964,960,964,964,964,964,964,964
784232355d49601b.png,327,327,795,327,795,327,795,327,795,327,795,327,795,327,327,327,327,327,327,327,327
e99ceff3e420ef95.png,831,831,745,831,745,831,658,831,658,831,831,831,658,831,831,831,831,831,831,831,831
23955512cd0e1191.png,476,476,898,476,898,476,898,476,898,898,898,898,898,898,898,476,898,476,898,476,898
d6eac6858474111c.png,323,323,432,323,432,323,327,323,327,323,323,323,327,323,323,323,323,323,323,323,323
8d90c523b27410a7.png,321,321,317,321,317,321,317,321,319,321,319,321,319,321,319,321,321,321,321,321,321
5cf72b48fdf5e419.png,630,630,750,630,750,630,750,630,328,630,70,630,328,630,644,630,630,630,630,630,630
228fec6cab5f560d.png,974,974,317,974,317,974,77,974,126,974,317,974,126,974,126,974,974,974,974,974,974
e7b61bec5e4ca40e.png,324,324,563,324,563,324,563,324,563,324,563,324,563,324,563,324,324,324,324,324,324
d3551db0b83c8fc0.png,618,618,349,618,349,618,349,618,349,618,611,618,611,618,349,618,349,618,346,618,618
c7d0c73d636300f5.png,830,830,395,830,395,830,51,830,395,830,830,830,395,830,395,830,830,830,875,830,830
61ed2594a0524631.png,472,472,909,472,909,472,571,472,865,472,752,472,752,472,909,472,472,472,472,472,472
89f48bcf97aa6600.png,418,418,787,418,787,418,418,418,858,418,418,418,418,418,418,418,418,418,418,418,418
ed786d792c4309a4.png,499,499,459,499,459,499,459,499,459,499,459,499,459,499,499,499,407,499,459,499,459
9fe19d5c6dab83a3.png,455,455,800,455,800,455,800,455,800,455,800,455,455,455,455,455,455,455,455,455,455
d5d5f843f100328c.png,886,886,118,886,118,886,118,886,118,886,118,886,507,886,118,886,955,507,507,886,945
789417c091011f53.png,345,345,349,345,349,345,349,345,349,345,349,345,349,345,349,345,349,345,349,345,349
e648427e38e80ff8.png,888,888,701,888,701,888,701,888,701,888,888,888,888,888,701,888,888,888,888,888,888
1478a0fc99a988db.png,776,615,794,615,794,776,751,776,776,776,776,776,776,776,115,776,776,776,776,776,776
e758de2cbb3d10a0.png,305,305,109,305,109,305,309,305,309,305,309,305,309,305,306,305,305,305,309,305,305
8af30e5c3fa48a08.png,696,696,841,696,841,696,841,696,841,696,841,696,841,696,534,696,789,696,697,696,696
38287d2e5a4a9a57.png,960,960,829,960,829,960,960,960,829,960,960,960,960,960,960,960,960,960,960,960,960
c6e0d2ab3bbf4a3e.png,706,706,670,706,670,706,706,706,706,706,706,706,706,706,706,706,706,706,706,706,706
4cccb215bd60b3c3.png,33,33,312,33,312,33,312,33,312,33,312,33,312,33,33,33,33,33,33,33,33
9a49001b63903f72.png,769,769,881,769,881,769,881,769,881,769,881,769,881,769,881,769,982,769,881,769,806
1cbae41091a750dc.png,473,473,911,473,911,473,694,473,473,473,473,473,473,473,473,473,473,473,473,473,473
de40907c1e2c5515.png,629,629,699,629,699,629,629,629,629,629,629,629,629,629,629,629,629,789,629,629,629
446f75fdea0e1da0.png,922,922,798,922,798,922,798,922,798,632,798,922,798,922,798,922,693,632,693,922,550
059da9a174262427.png,254,254,216,254,216,254,216,254,216,254,216,254,216,254,216,254,174,174,174,254,174
35c344ca0584ba14.png,688,688,422,688,422,688,688,688,422,688,688,688,688,688,688,688,688,688,688,688,688
c335ce88293384f2.png,735,735,408,735,408,735,408,735,408,408,408,735,408,735,408,735,735,735,735,735,735
daa6404780b1af27.png,638,638,748,638,748,638,748,638,748,638,748,638,748,638,748,638,748,638,748,638,638
446b24f903b488fc.png,144,144,829,144,829,144,578,144,856,144,578,144,144,144,578,144,144,144,144,144,144
d7ffed8f21024a14.png,752,752,657,752,657,752,752,752,752,752,752,752,752,752,752,752,752,752,752,752,752
5efeca6c4c233f01.png,761,761,701,761,701,761,701,761,701,761,701,761,701,761,701,119,119,789,789,761,633
7d599306068f4594.png,717,717,916,717,916,717,661,717,661,717,661,717,717,717,661,717,717,717,717,717,717
67a52d9155241752.png,830,830,780,830,780,830,780,830,780,830,780,830,780,830,875,830,780,830,780,830,830
dc12a25cc85ee9cf.png,647,647,894,647,894,647,647,647,647,647,647,647,465,647,647,647,647,647,647,647,647
0d6463e9a7ef6185.png,771,771,631,771,631,771,631,771,631,771,631,771,631,771,631,771,631,771,631,771,771
af543b5f19ed1b1d.png,40,40,49,40,49,40,40,40,40,40,40,40,49,40,40,40,40,40,40,40,40
a7151de51c2f1d0b.png,345,345,51,345,51,345,51,345,51,345,50,345,50,345,51,345,51,345,51,345,51
c5c9d17672ff88ce.png,458,458,836,458,836,458,836,458,836,458,836,458,922,458,922,458,922,458,922,458,458
5bdb8268eadf57d8.png,852,852,465,852,465,852,465,852,465,852,598,852,465,852,465,852,623,852,860,852,860
80177288cda51d95.png,641,641,557,641,557,641,557,641,641,641,557,641,641,641,641,641,641,641,641,641,641
5b60477a29c7ef81.png,416,416,957,416,957,416,957,416,957,416,957,933,583,416,416,416,416,416,416,416,416
da7e65bc80814f37.png,788,778,909,778,909,788,909,788,788,788,609,788,855,788,751,788,788,788,752,788,788
4aeb33c9e565a201.png,98,98,430,98,430,98,99,98,98,98,19,98,98,98,98,98,98,98,98,98,98
19d43f8204d3183d.png,985,985,435,985,435,985,985,985,985,985,985,985,985,985,985,985,985,985,985,985,985
2b741c5c635a7295.png,108,108,750,108,750,108,750,108,750,108,750,108,108,108,108,108,108,108,4,108,108
398720b8f19d5b84.png,697,697,836,697,836,697,836,697,636,697,836,697,836,697,836,697,636,697,421,697,636
ab8329c28d8538c3.png,469,469,612,469,612,469,469,469,469,469,469,469,469,469,657,469,469,469,469,469,469
348618ddbde3a39c.png,386,386,349,386,349,386,349,386,365,386,350,386,349,386,349,386,349,386,387,386,365
d0029b3675b792ae.png,790,790,805,790,805,790,805,790,805,790,805,790,805,790,790,790,790,790,790,790,790
69854b68476d5068.png,893,893,410,893,410,893,410,893,893,410,410,410,410,893,410,893,893,893,893,893,893
4bdb561770b52424.png,147,147,82,147,82,147,82,147,147,147,147,147,82,147,147,147,147,147,147,147,147
a92ab9e5fb9c5d64.png,629,629,978,629,978,629,978,629,978,629,978,629,872,629,978,629,629,629,815,629,629
8c6edf1ddfb61102.png,889,889,37,889,37,889,37,889,889,889,889,889,889,889,889,889,889,889,889,889,889
c135b139d293f7f2.png,347,347,355,347,355,347,347,347,347,347,347,347,347,347,347,347,347,347,347,347,347
7d2e9b03ec1b630b.png,401,401,972,401,972,401,401,401,401,401,888,401,794,401,401,401,646,401,646,401,401
29fe8d653950a631.png,80,80,38,80,38,80,80,80,80,80,80,80,80,80,80,80,80,80,80,80,80
d4c817db6be62b71.png,95,95,701,95,701,95,96,95,95,95,95,95,95,95,95,95,95,95,95,95,95
1e77361718213a43.png,440,440,647,440,647,440,440,440,653,440,653,440,440,440,653,440,440,440,440,440,440
6711e27733cfd050.png,718,718,512,718,512,718,718,718,512,718,718,718,718,718,718,718,718,718,718,718,718
df874264566c58a9.png,742,742,722,742,722,742,742,742,742,742,742,742,742,742,742,742,742,742,742,742,742
67c0339b1dfda5f6.png,558,558,841,558,841,558,841,558,880,558,841,558,841,558,880,558,558,558,558,558,558
abd121ef53a69ef8.png,240,240,233,240,233,240,233,240,233,240,233,240,233,240,233,240,233,240,233,240,233
5021e7da00bf43b2.png,480,480,798,480,798,480,265,480,798,480,502,480,415,480,798,480,577,480,476,480,476
ebdfdcba5dc3b72a.png,868,868,670,868,670,868,868,868,868,868,868,868,868,868,868,119,868,789,868,868,868
68274b8293271807.png,834,834,670,834,670,834,670,834,670,834,670,834,670,834,670,834,599,834,834,834,834
a84ead15406596ce.png,480,480,536,480,536,480,546,480,546,480,480,480,546,480,480,480,480,480,480,480,480
5d1df4748743d42e.png,964,964,328,964,328,964,964,964,964,964,328,964,964,964,964,964,964,964,964,964,964
16ff75228179469c.png,228,228,328,228,328,165,173,228,199,165,270,228,270,228,251,165,270,228,270,228,165
6e840c209f5733d5.png,442,442,464,442,464,442,442,442,442,442,442,442,442,442,442,442,442,442,442,442,442
16bbe588e0ecc6ab.png,142,142,94,142,94,142,136,142,136,142,136,142,136,142,136,142,142,142,142,142,142
46b657df12fd7c26.png,284,284,88,284,88,284,25,284,284,284,284,284,284,284,284,284,284,284,284,284,284
bc7dff0960bb3335.png,443,443,840,443,840,443,840,443,443,443,443,443,410,443,443,443,443,443,443,443,443
128fca690a11f68c.png,98,98,92,98,92,98,98,98,8,98,134,98,100,98,98,98,98,98,98,98,98
ed9b2813b9245e52.png,880,880,282,880,282,880,282,880,286,880,282,668,282,880,282,880,368,880,880,880,835
a187afb98f295057.png,121,121,7,121,7,121,7,121,7,121,7,121,7,121,7,121,7,121,7,121,125
d2d2b255935f0aae.png,948,948,110,948,110,948,354,948,354,948,354,948,354,948,354,948,948,948,354,948,948
4d008626b4b68665.png,108,108,972,108,972,108,972,108,972,108,972,108,972,108,972,108,600,108,600,108,108
10bc8784a5eb8843.png,744,440,744,440,744,699,744,744,744,653,744,699,744,744,744,653,653,744,744,653,653
77ac8bf95825dfcc.png,635,635,392,635,392,635,392,635,635,635,151,635,635,635,635,635,826,635,635,441,461
5c8bcfa0dbb246ab.png,818,818,718,818,718,818,718,818,512,818,512,818,512,818,480,818,818,818,818,818,818
afb0233b2e0545c4.png,581,581,612,581,612,581,581,581,581,581,581,581,581,581,581,581,581,581,581,581,581
1bb5f1337dfb1edd.png,641,641,817,641,817,641,641,641,641,641,641,641,641,641,641,641,641,641,641,641,641
a3c4dd88edacb575.png,400,400,972,400,972,400,972,400,972,400,972,400,972,400,972,400,668,400,455,400,400
64ed3f0e8a2dc320.png,653,653,646,653,646,653,646,653,646,653,653,653,646,653,646,653,653,653,653,653,653
d25df1a8259d3fdf.png,161,161,204,161,204,161,171,161,203,161,203,161,203,161,203,161,161,161,161,161,203
184a160b32ff4c72.png,518,518,558,518,558,518,558,518,558,518,518,518,518,518,558,518,558,518,518,518,518
4f722cab5573a5fb.png,885,885,498,885,498,885,885,885,885,885,885,885,885,885,885,885,885,885,885,885,885
1b546695167d3f6e.png,960,960,113,960,113,960,113,960,113,960,113,960,113,960,113,960,960,960,910,960,960
6a940d1bf69f1d10.png,558,558,670,558,670,558,905,558,906,558,557,558,546,558,566,558,558,558,906,558,558
f4902a569fa12171.png,950,950,329,950,329,950,950,950,950,950,950,950,950,950,950,950,950,950,950,950,950
54a6b2cd7f89220e.png,918,918,972,918,972,918,972,918,972,918,918,918,918,972,972,918,972,972,972,918,918
7b71925e989ee1d8.png,934,934,464,934,464,934,52,934,432,934,522,934,522,934,522,934,468,934,468,934,934
eae13c52554a7783.png,781,781,836,781,836,781,781,781,836,781,781,781,836,781,781,119,781,789,781,781,781
b1e69e9c3d740f4c.png,4,4,395,4,395,4,395,4,4,4,4,4,395,4,395,4,4,4,4,4,4
493e327b171ab0c3.png,831,831,425,831,425,831,425,831,425,831,425,831,771,831,701,831,425,831,425,831,831
2efe4916e679e875.png,866,866,592,866,592,866,866,866,866,866,866,866,866,866,866,866,866,866,866,866,866
588bd41c9aa5a81b.png,534,534,912,534,912,534,453,534,534,534,534,534,534,534,825,540,540,534,534,534,736
49b1adfeb8ffcabd.png,932,932,109,932,109,932,109,932,109,932,109,932,109,932,109,932,932,932,329,932,932
225e06c2dfa68a62.png,882,882,717,882,717,882,882,882,882,882,882,882,882,882,882,882,882,882,908,882,882
d7d5b34ea0a0ffcf.png,878,878,880,878,880,878,880,878,618,878,618,878,618,878,647,878,878,878,878,878,878
0212aa8aa912ee45.png,327,327,382,327,382,327,382,327,382,327,817,327,680,327,817,327,95,327,990,327,990
d7de327bbf412965.png,490,490,362,490,362,490,362,490,804,490,747,490,747,490,747,490,490,490,747,490,747
2200794c59b1808e.png,311,311,739,311,739,311,306,311,121,311,306,311,306,311,306,311,306,311,306,311,311
83896b9fb7e9c2f8.png,537,537,646,537,646,537,518,537,734,537,518,537,537,537,537,537,537,789,646,537,537
f9f36f7774d73820.png,305,305,134,305,134,305,306,305,307,305,305,305,306,305,306,305,305,305,305,305,305
796e23f8dbf9a7a2.png,607,607,670,607,670,607,670,607,670,607,670,607,670,607,670,607,607,607,607,607,607
dad40e355e4e8e96.png,655,655,437,655,437,655,437,655,657,655,437,655,437,655,437,655,437,437,437,655,655
064e1cc405062c85.png,108,108,893,108,893,108,893,108,893,108,110,108,110,108,893,108,108,108,737,108,108
1484479b7630af0a.png,702,702,675,702,675,702,701,702,877,702,959,702,110,702,701,702,702,702,702,702,702
18d5f99fe237a306.png,815,815,513,815,513,815,585,815,869,815,815,815,815,815,815,815,815,815,815,815,815
d0c6c29954f0380b.png,431,431,612,431,612,431,612,431,891,431,612,431,891,431,612,431,431,431,891,431,431
c777da68bec01dcd.png,487,487,547,487,547,487,487,487,487,487,487,487,487,487,890,487,487,487,487,487,487
5cd8864b6e35df82.png,866,866,578,866,578,866,416,866,866,866,612,866,866,866,866,866,866,866,866,866,866
444109f3ccfacc7b.png,336,336,670,336,670,336,670,336,48,336,286,336,432,336,52,336,336,336,336,336,336
b722c809657aecee.png,777,777,514,777,514,777,777,777,514,777,777,777,777,777,777,777,777,777,777,777,777
a193f7ae7d550a82.png,738,899,738,899,738,738,738,738,738,899,738,738,738,738,738,738,738,738,738,738,738
97025d82ec9860dc.png,676,676,408,676,408,676,676,676,676,676,676,676,408,676,676,676,676,676,676,676,676
23f39187c0d00e30.png,972,972,117,972,117,972,972,972,972,972,972,972,972,972,972,972,972,972,972,972,972
515c6586db87bbd8.png,874,874,699,874,699,874,699,874,699,874,699,874,699,874,699,874,699,874,874,874,874
42e9b41ce96dbf0a.png,851,851,213,851,213,851,193,851,171,851,203,851,851,851,851,851,851,851,851,851,851
126175abfdcb1a21.png,471,471,717,471,717,471,471,471,471,471,717,471,717,471,717,471,471,471,471,471,471
4b0c9bf2584b35d3.png,960,960,938,960,938,960,938,960,938,938,938,960,938,938,938,960,938,960,938,960,938
19b5bea9a7608a92.png,778,778,606,778,606,778,564,778,778,778,778,778,863,778,474,778,474,778,778,778,778
1a94dc47fdd84a95.png,870,870,530,870,530,870,618,870,870,870,870,870,870,870,569,119,119,870,870,870,870
c35cd0d5673ec1db.png,963,963,182,963,182,963,182,963,266,963,192,963,912,963,182,963,951,963,810,963,963
b239b5b3e1642f3b.png,914,914,778,914,778,914,778,914,778,914,778,914,778,914,778,914,588,526,778,914,765
e22a1c8dab22f256.png,311,311,391,311,391,311,311,311,311,311,311,311,311,311,311,311,311,311,311,311,311
d959fd91192d5717.png,629,629,588,629,588,629,885,629,885,629,750,629,629,629,410,629,629,629,629,629,629
692016122b9e07a6.png,960,960,809,960,809,960,912,960,912,960,960,960,960,960,912,960,960,960,960,960,960
8749fd2540a0cb01.png,833,833,742,833,742,833,407,833,833,833,498,833,833,833,833,833,833,833,833,833,833
8e9e976fc98e3cfa.png,666,666,669,666,669,666,666,666,666,666,666,666,666,666,666,666,666,666,666,666,666
d7c8008bf74f2324.png,815,815,880,815,880,815,694,815,694,815,694,815,710,815,473,815,473,815,815,815,626
330b9cb3cd80c88b.png,534,534,749,534,749,534,534,534,534,534,534,534,534,534,534,534,534,534,534,534,534
1ef172b89f4a39cf.png,51,51,111,51,111,51,37,51,7,51,51,51,37,51,37,51,50,51,50,51,51
b02b553998809e17.png,704,704,463,704,463,704,463,704,463,704,463,704,463,704,463,704,463,704,463,704,463
74b2e35cda75fe27.png,629,629,493,629,493,629,557,629,493,629,493,629,465,629,493,629,629,629,629,629,629
f5a2cf5c66d313fa.png,977,977,751,977,751,977,70,977,751,977,825,977,825,977,980,977,977,789,977,977,977
5ceb9f2e8405b0de.png,412,412,618,412,618,412,412,412,412,412,412,412,412,412,412,412,412,412,412,412,412
114c98c078c5aab0.png,50,50,612,50,612,50,612,50,612,50,612,50,50,50,50,50,50,50,50,50,50
d741b583a123562b.png,321,321,59,321,59,321,321,321,321,321,321,321,321,321,321,321,321,321,321,321,321
324278ff7f22b4eb.png,498,498,515,498,515,498,670,498,670,498,670,819,795,498,515,819,819,498,819,498,498
1f4227ce24232867.png,34,34,328,34,328,34,110,34,974,34,984,34,110,34,974,34,34,34,34,34,34
5973419efd52f783.png,625,625,599,625,599,625,499,625,599,625,599,625,763,625,763,625,763,625,544,625,625
fdedd06cdf58084e.png,982,982,825,982,825,982,751,982,798,982,609,982,609,982,609,982,982,982,982,982,982
911aebf30626ce02.png,875,875,780,875,780,875,706,875,780,875,780,875,780,875,875,875,875,875,875,875,875
55599050147071cc.png,473,473,838,473,838,473,473,473,473,473,473,473,473,473,473,473,473,473,473,473,473
eee6f4bcc8468f77.png,964,964,869,964,869,964,869,964,964,964,964,964,964,964,964,964,964,964,964,964,964
7f3c20f487834846.png,408,408,735,408,735,408,735,408,408,408,408,408,408,408,408,408,408,408,408,408,408
8c8bc30a62a1ee23.png,304,304,73,304,73,304,304,304,304,304,304,304,304,304,304,304,304,304,304,304,304
7e0fb7f80ffa514b.png,655,655,570,655,570,655,570,655,570,655,570,655,570,655,570,655,570,655,570,655,570
c02ff39fe5832f4b.png,905,905,409,905,409,905,728,905,581,905,581,558,581,625,581,728,728,558,906,905,905
891fe6baf8896b77.png,325,325,328,325,328,325,328,325,328,325,328,325,328,325,328,325,328,325,724,325,325
e96d52f9fbe3ca0b.png,631,631,515,631,515,631,515,631,515,631,515,631,515,631,515,631,631,631,631,631,631
29279d12ed3e29ff.png,458,458,258,458,258,458,258,458,258,458,258,458,208,458,258,458,458,458,458,458,458
ac295a63ac9d2cd7.png,693,693,435,693,435,693,435,693,435,693,435,693,435,693,435,693,693,693,693,693,922
5d23b04cc45bc37b.png,518,518,865,518,865,518,865,518,865,518,865,518,865,518,865,518,518,518,518,518,518
11c53fe6feb856c6.png,477,477,798,477,798,428,751,477,565,477,751,477,751,477,751,477,477,477,477,944,940
cbcb7444cc827812.png,763,763,499,763,499,763,670,763,670,763,499,763,406,763,499,763,763,763,763,763,763
fe1314dd6f75551d.png,921,921,876,921,876,921,734,921,584,921,562,921,921,921,921,921,921,921,921,921,921
a8fca010774a1187.png,829,490,829,490,829,829,829,829,829,829,829,829,829,829,829,490,829,829,829,829,829
5ec826683757ffae.png,23,23,458,23,458,23,24,23,22,23,9,23,24,23,9,23,23,23,23,23,23
b9310b9080c06e4f.png,867,867,662,867,662,867,867,867,867,867,662,867,480,867,662,867,867,867,867,867,867
4f9f0b75f5b04524.png,58,58,670,58,670,58,58,58,58,58,58,58,58,58,58,58,58,58,58,58,58
4abadb721e74b99b.png,945,945,328,945,328,945,468,945,125,945,468,945,468,945,468,945,945,945,416,945,933
a3c651cf20ee2d34.png,641,402,647,402,647,641,641,641,641,402,641,402,641,641,641,641,641,641,641,641,641
5c4eec952ca114a1.png,348,348,376,348,376,348,376,348,376,348,344,348,206,348,344,348,347,348,346,348,348
7f045354f4577c16.png,558,558,756,558,756,558,564,558,880,558,558,558,558,558,558,558,558,789,558,558,558
53211f8a1b131de6.png,946,946,930,946,930,946,930,946,930,946,930,946,930,946,930,946,930,946,946,946,946
9c0e25e2f72438e8.png,512,512,718,512,718,512,512,512,718,512,437,512,469,512,718,512,512,512,512,512,512
55512a6c2a45e2e8.png,928,928,504,928,504,928,504,928,952,928,504,928,504,928,504,928,928,928,952,928,850
869adfbad4e38261.png,592,592,722,592,722,592,722,592,722,592,722,592,722,592,722,722,722,592,722,592,592
adcf48b42266309d.png,505,505,506,505,506,505,726,505,726,505,726,505,505,505,900,505,900,505,505,505,505
3b67bec3793efcb4.png,822,822,519,822,519,822,728,822,573,822,539,822,728,822,728,822,822,822,822,822,822
67a08d685abf7fb6.png,739,739,884,739,884,739,884,739,884,739,739,739,739,739,884,739,739,739,884,739,739
22a313cc9fc2b4f1.png,310,310,988,310,988,310,310,310,310,310,310,310,310,310,310,310,310,310,310,310,310
0d85e0103989c850.png,324,324,653,324,653,324,324,324,324,324,324,324,324,324,324,324,324,324,324,324,324
c3cf76709c87255b.png,676,676,706,676,706,657,706,676,676,676,676,676,706,706,706,676,706,628,628,676,676
74355a8c878b6814.png,875,875,655,875,655,875,655,875,875,875,875,875,875,875,875,875,875,875,875,875,706
6efed50f84ec5e01.png,947,947,364,947,364,947,364,947,364,947,364,947,364,947,397,947,947,947,947,947,947
d6887e8d19a06139.png,563,563,669,563,669,563,669,563,539,563,407,563,563,563,669,563,833,563,699,563,493
21fef4d9b3dce49a.png,975,975,435,975,435,975,133,975,435,975,435,975,435,975,701,975,133,975,100,975,129
0d65cb9d26de4d37.png,571,571,644,571,644,571,644,571,644,571,644,571,644,571,644,571,571,571,571,571,571
3df888fc3b1df464.png,955,955,462,955,462,955,515,955,884,955,764,955,884,955,462,955,955,955,955,955,955
5ab3f1edd2f0cb06.png,387,387,346,387,346,387,347,387,347,387,344,387,347,387,344,387,387,387,387,387,387
51b390bb124a6d9d.png,968,968,507,968,507,968,507,968,507,968,507,968,507,968,507,968,968,968,968,968,968
5bf502c4a4b7d04d.png,10,10,83,10,83,10,84,10,82,10,82,10,82,10,82,10,10,10,10,10,10
6ad1230d612d7eb7.png,438,438,629,438,629,438,438,438,438,438,438,438,438,438,438,438,438,438,438,438,438
76a5715019fe11c7.png,821,821,563,821,563,821,563,821,821,821,563,821,647,821,407,821,821,821,563,821,821
207fd3b5def218d1.png,991,991,108,991,108,991,991,991,939,991,991,991,991,991,991,991,991,991,991,991,991
ad43e858c614db4d.png,968,968,536,968,536,968,536,968,536,968,536,968,536,968,924,968,968,968,536,968,968
b3ba6f0352a29b2d.png,752,752,771,752,771,752,771,752,771,752,771,752,771,752,771,752,752,752,752,752,752
95185508805329aa.png,653,653,459,653,459,880,459,653,459,439,459,540,540,141,540,716,513,716,716,653,922
73ee2cc19ef92e50.png,982,982,417,982,417,982,417,982,891,982,891,982,820,982,881,982,881,982,982,982,982
be1c43056c5d0085.png,145,145,750,145,750,145,750,145,750,145,750,145,750,145,750,145,145,145,145,145,145
84a5f6ee2af29208.png,321,321,99,321,99,321,320,321,617,321,110,321,320,321,320,321,321,321,321,321,320
50b9e11ae686ae32.png,321,321,80,321,80,321,320,321,321,321,321,321,320,321,311,321,320,321,321,321,320
fe2edb6cad72d2d2.png,918,918,838,918,838,918,479,918,693,918,693,918,918,918,510,918,918,918,918,918,918
58420b727fcab02b.png,138,138,151,138,151,138,138,138,147,138,138,138,138,138,138,138,138,138,138,138,138
47b087263b33728b.png,318,318,66,318,66,318,361,318,361,318,361,318,361,318,361,318,338,318,104,318,338
0e0299d6352a3fb8.png,539,539,972,539,972,539,539,539,539,539,641,539,539,539,641,539,641,539,539,539,539
2ee4c1b2b9bcc6c8.png,763,763,424,763,424,763,652,763,416,763,763,763,763,763,763,763,424,763,763,763,763
24312de5c34473c0.png,874,874,670,874,670,874,664,874,669,874,874,874,669,874,669,874,874,874,874,874,874
bb748281da5e8681.png,348,348,330,348,330,348,330,348,330,348,330,348,10,348,330,348,10,348,348,348,348
b648e8dfcb4fbc99.png,982,702,782,702,782,982,982,982,982,782,782,982,782,782,782,881,982,982,982,702,982
d2cc2eabfc7bf54a.png,556,556,619,556,619,556,560,556,789,556,678,556,820,556,651,556,556,556,820,556,556
da4b3e38b069d735.png,777,777,786,777,786,777,786,777,786,777,559,777,786,777,786,777,824,777,547,777,777
b0bb1ea9bcc45800.png,845,845,531,845,531,845,845,845,621,845,749,845,637,845,772,845,845,845,845,845,845
ac668c13ccfd4b79.png,598,598,573,598,573,598,667,598,911,598,778,598,667,598,779,598,578,598,495,598,578
b6c6a5b7829fbc9b.png,473,473,8,473,8,473,473,473,577,473,694,473,473,473,473,473,473,473,473,473,473
014f0024918a7b6f.png,10,10,959,10,959,10,959,10,959,10,959,10,959,10,959,10,10,10,346,10,10
93114736f072d6d3.png,617,61,412,61,412,617,637,617,749,617,412,617,615,617,617,617,617,617,749,617,617
c9ddfb1043177de8.png,975,975,976,975,976,975,751,975,751,975,909,975,976,975,976,975,461,975,461,975,975
7e4c41563370bed1.png,719,719,863,719,863,719,422,719,719,719,88,719,719,719,719,119,719,789,719,719,719
328d99215b19c8c7.png,806,806,831,806,831,806,831,806,831,806,831,806,831,806,831,806,831,806,769,806,806
2a1a60df9a58bb7c.png,650,864,899,864,899,650,435,650,702,650,650,650,650,864,794,864,864,864,864,650,418
263c7bcd59502625.png,480,480,692,480,692,480,519,480,415,480,771,480,415,480,415,480,519,480,818,480,480
d05076189b7fd185.png,708,708,638,708,638,708,708,708,708,708,708,708,708,708,708,708,708,708,708,708,708
fe193683db61ac2d.png,744,744,493,744,493,664,895,744,550,744,515,744,493,744,550,744,744,744,744,744,859
d8b0101e2459882a.png,655,655,708,655,708,655,708,655,708,655,878,655,801,655,801,655,706,655,706,655,706
3841b33c9797cbf1.png,909,476,869,476,869,909,885,909,578,909,110,909,539,909,539,909,909,909,909,909,909
232c22314e21f764.png,115,115,328,115,328,115,328,115,115,115,330,115,115,115,330,115,115,115,115,115,115
30b62313af2b5d74.png,316,316,38,316,38,316,312,316,312,316,114,316,316,316,312,316,316,316,316,316,316
2c54b60a2851b8ed.png,657,657,752,657,752,657,437,657,469,657,657,657,657,657,469,657,437,657,657,657,657
c96c3eab644075d3.png,348,348,869,348,869,348,550,348,540,348,869,347,540,348,540,348,540,348,348,348,348
060dfe239abfd547.png,704,704,670,704,670,704,766,704,766,704,766,704,766,704,707,704,704,424,424,704,704
0bd5123017590e39.png,566,566,526,566,526,566,526,566,526,566,526,566,526,566,526,566,526,566,526,566,566
bd3617fcc985fe31.png,833,833,484,833,484,833,833,833,833,833,833,833,833,833,833,833,833,833,833,833,833
54666421b4a6998f.png,920,920,722,920,722,920,722,920,722,920,459,920,722,920,722,920,920,920,920,920,920
4e34df87968bd882.png,339,339,229,339,229,339,333,339,333,339,349,339,333,339,333,339,339,339,339,339,339
3f48b1e74589d310.png,653,653,820,653,820,653,820,653,653,653,820,653,820,653,820,653,820,516,516,653,514
96e77c20bf94ecb1.png,818,818,437,818,437,818,818,818,818,818,818,818,818,818,818,818,818,818,818,818,818
4edeacef9fb8ec90.png,719,719,526,719,526,719,526,719,719,719,526,526,526,719,526,719,719,719,526,719,719
c9302f3b2b0452e4.png,884,884,647,884,647,884,647,884,884,884,884,884,884,884,884,647,647,884,884,884,884
0af0a5dfee6b84ff.png,484,484,709,484,709,484,484,484,874,484,709,484,484,484,874,484,484,484,484,484,484
02dbe78a73db2808.png,975,975,59,975,59,975,338,975,825,975,751,975,7,975,7,975,978,975,7,975,51
592c7424f13b2d29.png,604,604,387,604,387,604,604,604,604,604,604,604,604,604,604,604,604,604,604,604,604
f5b0ed0fbb3b5f74.png,567,567,535,567,535,567,567,567,567,567,567,567,567,567,567,567,567,567,567,567,567
1b1ffd7000d0749f.png,960,960,827,960,827,960,924,960,869,960,533,960,869,960,924,960,927,960,927,960,927
70a2529a6b2c0d46.png,580,580,414,580,414,580,653,580,653,580,831,580,765,580,653,580,587,580,580,580,580
bba5c56cc3eb07c9.png,921,921,719,921,719,921,840,921,840,921,719,921,719,921,719,921,921,921,921,921,921
000b7d55b6184b08.png,389,389,260,389,260,389,369,389,260,389,389,389,389,389,389,389,389,389,389,389,389
8a02b6196885c394.png,760,760,571,760,571,760,760,760,571,760,448,760,760,760,760,760,760,760,760,760,746
582663fe666aac9c.png,923,923,852,923,852,923,783,923,783,923,783,923,783,923,923,923,783,923,923,923,923
f6515f31b750a573.png,477,477,701,477,701,477,701,477,701,477,435,477,435,477,701,477,477,477,477,477,477
acd99e9b7128395a.png,859,859,973,859,973,859,973,859,973,979,973,859,973,859,973,859,859,859,971,859,859
83d35591dfff99ac.png,581,581,384,581,384,581,384,581,384,581,581,581,581,581,581,581,581,581,581,581,581
3dfbdd066af9ca1e.png,821,821,670,821,670,821,798,821,662,821,821,821,821,821,821,821,821,821,821,821,821
59204d6bb0c234eb.png,418,418,751,418,751,418,418,418,418,418,418,418,418,418,418,418,418,418,418,418,418
d740663eeccdcecd.png,438,438,756,438,756,438,438,438,438,438,438,438,438,438,438,438,438,438,438,438,438
9226b783cfb770bd.png,826,826,361,826,361,826,361,826,361,826,7,826,361,826,365,826,980,826,361,826,59
01dd15caa1b2c7b4.png,304,304,301,304,301,304,304,304,301,304,301,304,301,304,301,304,304,304,301,304,304
b97f4b95ae696316.png,518,518,728,518,728,518,518,518,518,518,518,518,518,518,518,518,518,518,518,518,518
c42c88890b5fc86d.png,671,671,457,671,457,671,666,671,671,671,666,671,831,671,671,671,671,671,671,671,671
d158837db31ed892.png,519,519,809,519,809,519,747,519,519,519,519,519,519,519,574,519,519,519,519,519,519
4a1a40a116088962.png,598,598,749,598,749,598,749,598,749,598,749,598,749,598,749,598,598,598,598,598,598
ba4508962af69d90.png,673,673,669,673,669,673,669,673,539,673,670,673,539,673,539,673,673,673,673,673,673
7069a117c92d27a4.png,546,546,621,546,621,546,621,546,621,546,546,546,621,546,621,546,546,546,828,546,546
79fa9855119ffeea.png,479,479,711,479,711,479,711,479,711,479,493,479,493,479,493,52,52,479,554,479,520
82e2334925339ef8.png,818,818,590,818,590,818,818,818,752,818,752,818,818,818,818,818,818,818,818,818,818
4f5464b7d4682441.png,976,976,972,976,972,976,802,976,802,976,976,976,352,976,976,976,976,976,976,976,976
72f96c6dc5df2de8.png,885,885,675,885,675,885,438,885,438,885,438,885,885,885,438,885,885,885,744,885,885
6609c25b3314b5b3.png,512,512,437,512,437,512,437,512,437,512,437,512,437,512,437,512,437,512,437,512,512
52d8515abbfaa8ac.png,230,230,171,230,171,230,171,230,171,171,171,230,171,230,171,230,182,230,171,230,171
a7f9b28e30d19d85.png,662,662,848,662,848,662,587,662,587,662,587,662,587,662,587,662,662,662,662,662,662
8b7a5446dae48ac1.png,309,309,320,309,320,309,320,309,320,309,320,309,320,309,320,309,320,309,320,309,320
b2a7e558f1a3ff16.png,620,620,836,620,836,620,620,620,620,620,620,620,647,620,620,620,620,620,620,620,620
1a95932427129cda.png,657,657,408,657,408,657,408,657,408,657,408,657,408,657,735,657,657,657,408,657,657
d4579363596fbf21.png,833,833,592,833,592,833,426,833,426,833,833,833,426,833,426,833,833,833,833,833,833
f7dd570a0cfe1dcc.png,669,669,547,669,547,669,443,669,547,669,547,669,669,669,669,119,52,789,789,669,669
2d23b1dab7e3e9c0.png,511,511,537,511,537,511,537,511,537,511,537,511,537,511,537,511,511,511,537,511,511
b7d9e1d8cf1d7912.png,519,519,771,519,771,519,519,519,519,519,771,519,519,519,771,519,519,519,519,519,519
6b27728f0f816dc6.png,638,638,746,638,746,638,848,638,746,638,746,638,746,638,746,638,638,638,662,638,638
c96358fe7b8eaf28.png,706,706,800,706,800,800,800,706,800,800,800,800,800,800,800,706,800,800,800,706,800
9b4cab2ffb0c0754.png,975,975,396,975,396,975,670,975,396,975,396,975,396,975,396,975,975,975,975,975,975
1685d066f8070081.png,979,979,978,979,978,979,978,979,978,979,978,979,978,979,978,979,978,979,978,979,978
e071bf346787d971.png,563,563,526,563,526,563,526,563,526,563,526,563,526,563,526,563,526,563,526,563,563
e66d732354c6baf0.png,301,301,124,301,124,301,313,301,124,301,301,301,124,301,124,301,301,301,301,301,301
33adbc27fdcadd65.png,924,924,869,924,869,924,125,924,125,924,125,924,125,924,125,924,125,924,125,924,125
eb53098ebcf05e64.png,564,564,768,564,768,564,564,564,564,564,564,564,564,564,564,564,564,564,564,564,564
8c609b06a60af060.png,499,499,670,499,670,499,670,499,670,499,688,499,744,499,688,499,499,499,499,499,426
c66310d8b709d6d5.png,763,580,763,580,763,763,763,763,763,763,763,763,763,763,763,763,763,763,763,763,763
740981d161a38bad.png,572,572,770,572,770,572,893,572,770,572,770,572,482,572,893,572,572,572,708,572,845
4c8a4414419ab0bb.png,662,662,437,662,437,662,587,662,437,662,437,662,662,662,662,662,662,662,662,662,662
ecaf98c8ce9f04c3.png,561,561,215,561,215,561,215,561,245,561,215,561,215,561,215,561,561,561,561,561,561
093402dc35f59027.png,734,734,901,734,901,734,725,734,725,734,734,734,734,734,734,734,734,734,734,734,734
8bb7d10e97694eb5.png,143,143,141,143,141,143,141,143,141,143,143,143,141,143,141,143,143,143,143,143,143
820ae900a943d605.png,888,888,615,888,615,888,888,888,615,888,698,888,888,888,888,888,888,888,618,888,888
8859efd46fab37ff.png,923,923,527,923,527,923,527,923,527,923,923,919,919,923,923,923,923,923,923,923,923
dde9f0aadcb02874.png,981,981,110,981,110,981,110,981,110,981,110,981,110,981,110,981,981,981,108,981,981
13810fcac72f12ba.png,876,876,675,876,675,876,876,876,876,876,876,876,876,876,876,876,876,789,487,876,876
b1bf532ce2c4c3a1.png,875,830,821,830,821,875,706,875,706,875,875,875,875,875,735,875,875,706,706,875,875
9aba31a4b2404aa5.png,912,912,841,912,841,912,841,912,912,912,841,912,912,912,912,912,912,912,912,912,912
5b85f98e0105d135.png,570,570,451,570,451,570,831,570,451,570,803,570,831,570,451,570,570,570,570,570,570
53c478ffc8ddb967.png,320,320,319,320,319,320,319,320,319,320,319,320,319,320,319,320,320,320,320,320,320
92c3f5e99d8ac862.png,664,664,767,664,767,664,498,664,635,664,664,664,664,664,664,664,664,664,498,664,664
fae45093bad0961a.png,529,529,784,529,784,529,529,529,529,529,529,529,529,529,784,529,529,529,529,529,529
0db0952967f6faa6.png,816,816,787,816,787,816,557,816,787,816,484,816,858,816,816,816,787,816,787,816,490
9594ef7e0fc79ea8.png,403,403,836,403,836,836,836,403,403,547,836,403,836,403,836,403,836,403,836,403,403
634d7f18d098cccb.png,539,539,885,539,885,539,885,539,885,539,885,539,885,539,885,539,885,539,539,539,539
05cac1419419ce29.png,854,854,670,854,670,854,891,854,670,854,510,854,854,854,581,854,854,854,854,854,854
868af4a2e614f5ac.png,718,718,628,718,628,718,628,718,628,718,610,718,628,718,718,718,628,718,718,718,718
6898f889c17f8e16.png,888,888,751,888,751,888,751,888,751,888,751,888,751,888,751,888,751,888,888,888,888
8e3324c208eb9a3b.png,822,822,728,822,728,822,546,822,539,822,822,822,753,822,822,822,822,789,728,822,822
7d7a8e41b8d0577e.png,965,965,545,965,545,965,545,965,545,965,110,965,110,965,545,942,942,545,464,965,862
5ff168f7d006f69c.png,683,683,438,683,438,683,438,683,438,683,683,683,683,683,683,683,683,789,683,683,683
f348adf7ea1967f7.png,909,909,10,909,10,909,337,909,218,909,897,909,85,909,25,909,650,909,650,909,909
40f79488e3c2d6c4.png,918,918,612,918,612,918,612,918,612,918,612,918,612,918,612,918,612,918,612,918,918
3e9496f7652e1968.png,469,469,610,469,610,469,437,469,437,469,469,469,469,469,437,469,437,469,437,469,469
2f7d5ff922af55c4.png,481,481,701,481,701,481,1000,481,1000,481,1000,481,1000,481,701,481,481,772,481,481,481
79a5625805a08253.png,766,766,422,766,422,766,422,766,422,766,422,766,744,766,422,766,766,766,766,766,766
412311ea17528b7c.png,764,764,612,764,612,764,764,764,612,764,612,764,621,764,764,764,764,764,764,764,764
00312c7e7196baf4.png,327,327,103,327,103,327,103,327,103,327,329,327,329,327,103,327,327,327,103,327,327
51d1c77f80467b59.png,977,977,526,977,526,977,461,977,461,977,526,977,461,977,526,52,119,789,977,977,977
82179b1d313e0e23.png,830,830,548,830,548,830,548,830,548,830,548,830,548,830,830,830,830,830,548,830,830
b0e0e06e647b478f.png,484,484,498,484,498,484,498,484,498,484,664,484,664,484,498,484,664,484,664,484,498
c609f86fa706bb9e.png,113,113,435,113,435,113,435,113,435,113,435,113,722,113,435,113,710,113,118,113,113
55a2e48a87c16998.png,911,911,328,911,328,911,328,911,328,911,328,911,328,911,328,911,328,911,328,911,328
7d833ac8ab852bd2.png,52,52,999,52,999,52,999,52,468,52,999,52,999,52,999,52,468,52,52,52,468
fe92a88132b5d67b.png,963,964,963,964,963,963,963,963,963,931,931,963,963,964,963,963,931,963,963,963,963
6ab876a15af539c4.png,984,984,489,984,489,984,825,984,571,984,110,984,110,984,984,984,984,984,984,984,984
4fff343244f212cc.png,821,821,493,821,493,821,493,821,493,821,493,821,493,821,407,821,746,821,857,746,746
22a9c318b6e36853.png,620,620,858,620,858,620,858,620,858,620,858,620,858,620,858,620,858,620,858,620,858
71d368782c72e313.png,913,913,889,913,889,913,913,913,913,913,913,913,913,913,913,913,913,913,913,913,913
65b8c8b065069802.png,666,666,378,666,378,666,672,666,666,666,666,666,672,666,672,666,666,666,666,666,666
b0619a61cf135f5e.png,985,985,816,985,816,985,816,985,987,985,987,985,987,985,987,985,985,985,985,985,987
93394c1f9c4c0053.png,320,320,52,320,52,320,52,320,644,320,124,320,80,320,124,320,320,320,124,320,320
aa90f93ed6fae139.png,310,310,309,310,309,310,309,310,309,310,309,310,309,310,309,310,309,310,309,310,310
aa07ba1587ec047e.png,469,469,752,469,752,469,818,469,469,469,752,469,469,469,818,469,469,469,469,469,469
5d8085ae68e07d72.png,709,709,396,709,396,709,709,709,390,709,653,709,390,709,709,709,709,709,709,709,709
749ed3502293d019.png,475,475,851,475,851,475,851,475,851,475,851,475,851,475,475,475,475,475,475,475,475
791c3d333052ca64.png,964,964,869,964,869,964,964,964,964,964,964,964,964,964,964,964,964,964,964,964,964
90e9a43bfb6a68b7.png,867,867,409,867,409,867,867,867,867,867,804,867,867,867,867,867,867,867,867,867,867
72e6ba0cc7fb30a6.png,875,875,499,875,499,875,830,875,455,875,830,875,830,875,830,875,875,875,875,875,875
8c5b5bc0f39e2e06.png,898,898,483,898,483,898,898,898,898,898,483,898,898,898,898,898,898,898,898,898,898
cc43200264a62126.png,981,981,916,981,916,981,916,981,916,981,981,981,916,981,916,981,916,981,981,981,981
be95f5be87f6fadd.png,459,459,894,459,894,459,459,459,459,459,459,459,459,459,459,459,459,459,459,459,459
7b6e963025eaeb66.png,994,994,140,994,140,994,140,994,141,994,141,994,141,994,310,994,140,994,994,994,140
7f842d0c1e747334.png,305,305,795,305,795,305,79,305,79,305,79,306,79,305,79,126,126,79,79,309,79
ed3cb7f5154ae02d.png,980,980,981,980,981,980,981,980,981,980,981,980,981,980,981,980,980,980,980,980,980
6ecbd7d19f5b9147.png,596,596,647,596,647,596,647,596,647,596,647,596,647,596,647,596,596,596,596,596,596
d016b3204e7ca96e.png,792,792,752,792,752,792,752,792,752,792,752,752,792,671,671,752,752,792,752,792,582
8400742ba78ac009.png,971,971,288,971,288,971,361,971,273,971,338,971,971,971,358,971,971,971,971,971,971
121c87c3c822e2c5.png,459,459,420,459,420,459,509,459,420,459,459,459,459,459,641,459,509,459,509,459,459
76886996d4ab4614.png,975,975,59,975,59,975,59,975,59,975,888,975,59,975,59,975,148,789,978,975,148
9d5ef11ec55123e5.png,100,100,98,100,98,100,100,100,98,100,100,100,100,100,100,100,100,100,100,100,100
1dfbeffd999f280e.png,582,582,754,582,754,582,582,582,582,582,582,582,582,582,582,582,582,582,582,582,582
e3f5dbed7bd31314.png,547,547,890,547,890,403,403,547,547,547,547,547,890,547,547,547,890,547,890,547,547
eb8ce5ba5c47e344.png,669,669,709,669,709,669,833,669,709,669,669,669,833,669,833,52,669,789,833,669,669
f5dffe28fc19b6e7.png,918,918,923,918,923,918,923,918,918,918,918,918,918,918,918,918,918,918,918,918,918
1ebff1b3c8de66de.png,337,337,592,337,592,337,110,337,592,337,344,337,592,337,344,337,270,337,202,337,281
0546b47c13f154d3.png,108,108,217,108,217,108,230,108,217,108,110,108,217,108,328,108,108,108,108,108,108
f52db15134c1a74e.png,638,638,584,638,584,638,584,638,584,638,744,638,584,638,638,638,638,638,638,638,638
8094d4088a08cf09.png,441,441,552,441,552,441,441,441,441,441,441,441,441,441,441,441,441,441,441,441,441
d9f624188d16fe93.png,40,40,47,40,47,40,47,40,47,40,47,47,47,40,40,47,47,40,47,47,47
631b6820e91a9e3e.png,13,13,751,13,751,13,751,13,49,13,88,13,286,13,88,13,13,13,13,13,13
611f453c4bb616b9.png,310,310,701,310,701,310,701,310,701,310,72,310,310,310,315,310,310,310,310,310,310
5792d4a42d2a82c8.png,988,988,942,988,942,988,942,988,953,988,957,988,940,988,988,988,944,988,988,988,988
c0e0c11350b8740e.png,319,319,325,319,325,319,325,319,319,319,319,319,319,319,319,319,319,319,319,319,319
c663670c06c06ea4.png,909,909,476,909,476,909,909,909,476,909,476,909,909,909,909,909,909,909,909,909,909
49591319edeb6b3a.png,309,309,319,309,319,309,319,309,319,309,315,309,309,309,309,309,309,309,309,309,309
02eb799d147d5f91.png,625,625,407,625,407,625,407,625,407,625,498,625,407,625,625,625,625,625,625,625,625
f2d36d089779166a.png,349,349,344,349,344,349,344,349,344,349,344,349,344,349,344,349,344,349,344,349,344
cc8d850717026796.png,662,662,718,662,718,662,662,662,662,662,662,662,662,662,662,662,662,662,662,662,662
ab3fef142d031784.png,657,657,752,657,752,657,657,657,437,657,752,657,437,657,818,657,657,657,657,657,657
c84cbc2c05227bee.png,437,437,657,437,657,437,657,437,657,437,657,437,657,437,657,437,657,437,657,437,437
9d55997552acf0de.png,260,260,795,260,795,260,260,260,260,260,110,260,152,260,260,260,260,260,260,260,260
8da3593258ae27cb.png,581,581,948,581,948,581,125,581,581,581,581,581,119,581,122,581,581,581,581,581,119
fccab516c111d524.png,650,650,833,650,833,650,833,650,501,650,501,650,501,650,833,959,650,650,501,650,501
315e55af9615abd2.png,347,347,731,347,731,347,731,347,731,347,731,347,731,731,731,347,731,347,731,347,347
c135337ca7a575ae.png,348,348,347,348,347,348,347,348,347,348,347,348,347,348,347,348,347,348,347,348,348
3bfe9ff7b488485d.png,706,706,655,706,655,706,655,706,758,706,657,706,655,706,706,706,655,706,655,706,706
1e33aa336b89dcff.png,539,539,407,539,407,539,539,539,539,539,539,539,539,539,539,539,539,539,539,539,539
39a483e9a23716ed.png,676,676,732,676,732,676,732,676,732,676,732,676,698,676,676,676,676,676,570,676,676
5191cfba868056a5.png,971,971,146,971,146,971,93,971,331,971,146,971,350,971,980,971,146,971,980,971,971
4572c8986c28343b.png,437,437,735,437,735,437,735,437,437,437,437,437,657,437,437,437,437,437,657,437,437
7700d0ba053dc4bd.png,937,937,328,937,328,937,328,937,328,937,328,937,940,937,974,937,937,937,937,937,937
eab9755117160864.png,611,611,679,611,679,611,611,611,679,611,611,611,611,611,611,611,611,611,611,611,611
8b47d72b39b2bd33.png,526,526,840,526,840,526,840,526,840,526,840,526,840,526,840,526,840,526,981,526,526
7d2a7bca22967f29.png,735,735,718,735,718,735,735,735,735,735,735,735,735,735,718,735,735,735,735,735,735
8e89734ed940e222.png,657,657,570,657,570,657,676,657,676,657,676,657,676,657,676,657,657,657,657,657,657
30b922dbfdbffd11.png,610,610,662,610,662,610,662,610,662,610,662,610,662,610,662,610,662,610,662,610,662
ef0e34b8ccb6d42f.png,982,982,944,982,944,982,670,982,238,982,238,982,750,982,670,982,750,540,750,982,789
506b87b78daa499c.png,821,821,587,821,587,821,821,821,821,821,821,821,821,821,821,821,821,821,821,821,821
62e0e0efc6deeef4.png,971,971,972,971,972,971,972,971,972,971,85,971,110,971,7,971,7,971,59,971,7
28652355cd12a1e7.png,308,308,110,308,110,308,110,308,110,308,110,308,308,308,308,308,308,308,308,308,308
0ed355357757528d.png,763,763,830,763,830,763,830,763,830,763,830,763,706,763,830,763,830,763,830,763,763
abe9504895f6e8dd.png,566,566,548,566,548,566,566,566,566,566,566,566,566,566,566,566,566,566,566,566,566
dd984311bff04342.png,118,118,644,118,644,118,722,118,118,118,118,118,118,118,118,118,118,118,118,118,118
f7947af6545be760.png,418,418,702,418,702,418,702,418,418,418,418,418,418,418,418,418,418,789,418,418,418
01244097ca8ffdfa.png,91,91,863,91,863,91,91,91,91,91,91,91,91,91,91,91,91,91,91,91,91
3cf4bb0637d0f182.png,862,862,897,862,897,862,862,862,862,862,862,862,862,862,862,862,862,862,862,862,862
1d5361e858fe8462.png,499,499,433,499,433,820,653,499,765,499,820,499,820,499,820,499,499,499,621,499,499
6a50fbe8723a6a4a.png,563,975,563,975,563,563,563,563,563,563,563,563,563,563,563,563,563,563,563,563,563
001b5e6f1b89fd3b.png,577,577,526,577,526,577,526,577,577,577,526,577,526,577,577,577,577,577,577,577,577
25eef91443ded954.png,437,437,409,437,409,437,437,437,437,437,437,437,512,437,437,437,437,437,437,437,437
ed3f9b6a081a4802.png,818,818,718,818,718,818,818,818,818,818,818,818,818,818,818,818,818,818,818,818,818
95fbd20d0aaf319a.png,826,826,866,826,866,826,866,826,866,826,866,826,866,826,866,826,826,826,866,826,826
2bc6c55a0ab24f86.png,786,786,832,786,832,786,832,786,832,786,832,786,832,786,786,832,832,786,832,786,832
319e8b63d6a194aa.png,826,826,722,826,722,826,501,826,501,826,501,826,110,826,501,826,501,826,501,826,501
4fcc9c949d66a4e0.png,771,771,611,771,611,771,611,771,611,771,611,771,611,771,611,771,460,771,503,771,771
5c847b72d1e1713f.png,556,556,852,556,852,556,556,556,556,556,556,556,555,556,556,556,556,556,556,556,556
707bce947d54bcd8.png,947,947,109,947,109,947,947,947,109,947,947,947,947,947,109,947,947,947,947,947,947
43fa89c17e628c06.png,133,133,21,133,21,133,132,133,132,133,133,133,132,133,132,133,132,133,133,133,133
6612fd36e6dd9534.png,309,309,308,309,308,309,308,309,308,318,305,309,308,309,308,309,305,309,305,305,305
4146a745f9b2f3cb.png,51,51,59,51,59,51,59,51,59,51,59,51,68,51,51,51,51,51,51,51,51
74bfc95412b2f824.png,672,672,765,672,765,672,796,672,457,672,492,672,457,672,796,672,672,672,672,672,672
5fc906f27c8975d2.png,979,979,647,979,647,979,647,979,647,979,647,979,647,979,647,979,979,789,979,979,979
2fc17ec1fad5d947.png,874,874,816,874,816,874,874,874,874,874,874,874,874,874,874,874,874,874,874,874,874
cb63df64516985c1.png,635,635,524,635,524,635,670,635,670,635,670,635,524,635,335,635,463,635,635,635,49
7b8413ef241118df.png,548,548,806,548,806,548,806,548,566,566,566,548,566,566,566,548,566,548,566,548,548
2e854fca826e54b3.png,858,858,670,858,670,858,565,858,565,858,565,858,565,858,670,858,858,858,858,858,858
f0add7f552d2d895.png,650,650,219,650,219,650,220,650,218,650,365,650,365,650,365,650,650,650,365,650,650
9d4674c86096e4bd.png,662,662,437,662,437,662,662,662,662,662,610,662,437,662,437,662,662,662,662,662,662
05437214d1ba9580.png,810,810,342,810,342,810,435,810,342,810,444,810,869,926,924,926,926,810,926,810,810
dacb07f80166a7fd.png,449,449,825,449,825,449,825,449,825,449,825,449,825,449,825,449,825,449,825,449,825
82b6f0bc71f5d0af.png,563,563,662,563,662,563,751,563,671,563,864,563,647,563,581,563,428,563,871,563,428
0f36316247c03427.png,753,753,616,753,616,753,616,753,616,753,616,753,616,753,616,753,616,753,616,753,891
efeabdd8a05e91f8.png,498,498,625,498,625,498,498,498,498,498,498,498,699,498,498,498,498,498,498,498,498
7453471febf1db6f.png,595,595,864,595,864,595,864,595,864,595,864,595,864,595,864,595,595,595,595,595,595
e6f2de0c605f1ed3.png,132,134,85,134,85,132,132,132,132,132,132,132,132,132,132,132,132,134,132,132,132
648231d9393250fd.png,548,548,495,548,495,548,581,548,495,548,581,548,548,548,581,548,495,548,734,548,548
864fffaf7a83b3f4.png,581,581,739,581,739,581,581,581,581,581,581,581,581,581,581,581,581,581,581,581,581
c179282bd977c6e0.png,672,672,871,672,871,672,672,672,871,672,672,672,672,672,672,672,672,672,672,672,672
40a7f086461190f3.png,493,493,800,493,800,493,895,493,742,493,493,493,742,493,742,493,493,493,493,493,493
90e1aa56cae80a60.png,918,918,550,918,550,918,918,918,918,918,922,918,918,918,918,918,918,918,918,918,918
839aa3d166b020cf.png,14,14,89,14,89,14,17,14,17,13,17,14,17,14,17,14,14,14,14,14,14
38bdd950c1d08be6.png,133,133,145,133,145,133,145,133,145,133,145,133,145,133,145,133,145,133,133,133,133
2d95297e468bdf9b.png,866,866,922,866,922,866,918,866,918,866,918,866,918,866,918,866,918,866,918,866,866
ef5b1e5a76ae66dc.png,540,540,853,540,853,540,853,540,540,540,853,540,853,540,540,540,540,540,540,540,540
7a11ae4c1f5e790c.png,689,689,733,689,733,689,760,689,733,689,772,689,689,689,898,689,733,689,733,689,689
477bf90e7413df23.png,542,542,792,542,792,542,791,542,542,542,792,542,792,542,792,542,542,542,542,542,542
7060ae82e5b96a77.png,522,522,887,522,887,522,583,522,861,522,887,522,923,522,887,522,887,522,689,522,522
42e55ac6782d4d99.png,974,974,37,974,37,974,34,974,34,974,34,974,34,974,34,974,974,974,974,974,974
8868879c2acd5d9e.png,322,322,323,322,323,322,322,322,322,322,322,322,322,322,322,322,322,322,322,322,322
5b3a8c63e41802e7.png,750,750,678,750,678,750,678,750,784,750,678,750,678,750,678,750,678,750,678,750,750
659ca4ac6cc57e89.png,778,778,59,778,59,778,59,778,778,778,112,778,751,778,112,778,778,778,778,778,778
9534108b0e8dceb1.png,647,647,817,647,817,647,647,647,647,647,647,647,647,647,647,647,647,647,647,647,647
fbc6b98b13c768e2.png,459,459,795,459,795,459,459,459,459,459,459,459,459,459,459,459,459,459,459,459,459
7c3b0d93654b39cd.png,708,708,742,708,742,708,638,708,708,708,708,708,708,708,638,708,708,708,708,708,708
43694caa12d5f823.png,979,979,976,979,976,979,976,979,976,979,979,979,979,979,976,979,976,979,979,979,979
69788a29e7436808.png,310,310,311,310,311,310,311,310,311,310,311,310,311,310,311,310,311,310,311,310,311
daa43d65c3b18a84.png,822,822,914,822,914,822,914,822,914,822,822,822,822,822,822,822,822,822,822,822,822
a8c3363bbcc7015c.png,739,739,877,739,877,739,897,739,897,739,897,739,877,739,847,739,739,739,739,739,739
93a0857ff81c25ce.png,548,548,706,548,706,548,548,548,548,548,548,548,548,548,548,548,548,548,548,548,548
b11fa0f292c0178f.png,702,702,612,702,612,702,418,702,612,702,702,702,722,702,418,702,702,789,702,702,702
1dc0533f87996962.png,566,566,792,566,792,566,556,566,566,566,566,566,566,566,566,566,566,566,566,566,566
589319c64adf5fce.png,699,699,881,699,881,699,881,699,881,699,881,699,699,699,881,699,699,699,881,699,699
cebd45d7200f6111.png,71,71,869,71,869,71,722,71,722,71,110,71,722,71,110,71,71,71,71,71,71
7e73c7adc520e406.png,133,133,9,133,9,133,135,133,135,133,135,133,135,133,135,133,133,133,133,133,133
6de6432b0f23ae75.png,105,105,350,105,350,105,350,105,105,105,349,105,105,105,105,105,105,105,105,105,105
ebb4dad78cfd67a9.png,738,738,627,738,627,738,441,738,738,738,441,738,738,738,738,738,738,738,738,738,738
e8c6f75ad26bae84.png,973,973,980,973,980,973,980,973,980,973,980,973,980,973,980,973,973,973,973,973,826
1e408a8d1e2cdc74.png,769,769,766,769,766,769,355,769,707,769,707,769,704,769,653,769,576,769,574,769,646
11afa51200515f9a.png,826,826,683,826,683,826,709,826,459,826,459,826,709,826,709,826,709,826,864,826,459
9f6fe669276f04cf.png,920,920,589,920,589,920,920,920,920,920,920,920,920,920,920,920,920,920,920,920,920
408bae58c26a8076.png,133,133,2,133,2,133,392,133,392,133,974,145,974,147,974,133,5,133,3,133,133
b5548ecffa20aac8.png,934,934,114,934,114,934,114,934,114,934,114,934,114,934,114,934,114,934,934,934,924
9ee13ecd8d6727c0.png,498,498,801,498,801,498,801,498,801,498,801,498,498,498,498,498,801,498,801,498,498
d1a723656dc08b5e.png,822,822,972,822,972,822,822,822,822,822,822,822,822,822,822,822,822,822,822,822,822
d1709eec353a6f93.png,297,297,59,297,59,297,59,297,110,297,110,297,110,297,110,297,976,297,51,297,204
b89dbfcc49dcf156.png,889,889,699,889,699,889,889,889,889,889,889,889,889,889,889,889,889,889,889,889,889
7368fe0ff47343a0.png,965,965,929,965,929,965,929,965,929,965,929,965,929,965,929,965,965,965,965,965,965
d23fd2119c4f5dec.png,329,329,974,329,974,329,329,329,974,329,974,329,974,329,329,329,329,329,329,329,329
5a0e21d54b9c4954.png,328,328,113,328,113,328,328,328,328,328,328,328,328,328,328,328,328,328,328,328,328
4b8517e927f32962.png,866,866,862,866,862,866,866,866,862,866,866,866,866,866,851,866,866,866,866,866,866
38deb4830d12358f.png,980,980,59,980,59,980,59,980,59,980,59,980,59,980,59,980,59,980,980,980,59
81804435ad51df95.png,437,437,655,437,655,437,655,437,655,437,657,437,655,437,655,437,437,437,437,437,437
e4941a341ace171a.png,709,709,833,709,833,709,709,709,709,709,709,709,833,709,833,709,709,709,709,709,709
558a7b66b78ba65b.png,422,422,885,422,885,422,885,422,885,422,885,422,885,422,885,422,885,422,885,422,422
435137d9d4f4125e.png,2,2,392,2,392,2,392,2,2,2,2,2,392,2,392,2,2,2,2,2,2
c43077b2283479be.png,14,14,85,14,85,14,97,14,129,14,137,14,19,14,17,14,19,14,14,14,14
77c72d0a01e1af70.png,428,428,779,428,779,428,428,428,428,428,779,757,428,428,428,428,428,428,428,428,428
72ac2a5af79e26d5.png,718,718,865,718,865,718,865,718,865,718,865,718,718,718,865,718,865,718,865,718,718
32c0e4647ce5a812.png,327,327,80,327,80,327,592,327,110,327,110,327,110,327,118,327,327,327,327,327,327
54153d17b11b495c.png,657,437,657,437,657,657,657,657,657,657,657,657,657,657,657,657,657,657,657,657,657
fb1efda0b27d5289.png,848,848,422,848,422,848,422,848,581,848,422,848,848,848,848,848,848,848,848,848,848
7c5ea6f89e6e2733.png,820,820,471,820,471,820,670,820,819,820,820,820,820,820,820,820,820,820,820,820,820
721804d1d3a60206.png,909,909,702,909,702,909,406,909,702,909,909,909,909,909,909,909,909,909,909,909,909
dcb6b32cd80f2b1f.png,556,556,830,556,830,556,556,556,556,556,556,556,556,556,556,556,556,556,556,556,556
49c27b439d39a00c.png,490,490,728,490,728,490,490,490,706,490,490,490,490,490,882,490,490,490,490,490,490
2c065d2dc6b2cf44.png,934,934,442,934,442,934,442,934,442,934,442,934,442,934,442,934,442,934,442,934,934
b3f200c672c5ca4f.png,976,976,647,976,647,976,647,976,647,976,647,647,647,976,647,976,647,976,647,976,976
3f40eba168e5d385.png,515,515,869,515,869,515,786,515,869,515,598,515,598,515,637,515,515,515,515,515,515
0e71473957df4793.png,878,878,905,878,905,878,800,878,905,413,455,878,540,455,455,878,878,878,481,878,878
6c9f8901246faff2.png,629,629,699,629,699,629,629,629,539,629,833,629,629,629,833,629,629,789,789,629,629
a64ae1acd9d09a87.png,131,131,129,131,129,131,128,131,128,131,135,131,145,131,135,131,128,131,131,131,131
05f7c084329ff0c6.png,973,973,612,973,612,973,612,973,612,973,612,973,612,973,612,973,501,973,650,973,650
5d77597361d06d2b.png,904,904,77,904,77,904,77,904,77,904,77,904,77,904,77,904,585,904,77,507,585
ac2a8a4777dbe746.png,896,896,405,896,405,896,405,896,405,896,405,896,405,896,405,896,405,896,896,896,405
3d75d9676ad6361c.png,151,151,59,151,59,151,49,151,64,151,59,151,358,151,361,151,151,151,151,151,151
e3a740861f12f49e.png,820,820,535,820,535,820,535,820,878,820,792,820,535,820,820,782,878,820,566,820,820
64577d3916d6dafb.png,606,663,708,663,708,606,894,606,447,606,606,606,606,606,447,682,606,606,606,606,621
3b32eca218ed3dbe.png,742,742,897,742,897,742,795,742,742,742,742,742,742,742,742,742,742,742,742,742,742
0707f3dfb7c29f5c.png,606,606,592,606,592,606,592,606,592,606,592,606,592,606,592,762,710,606,420,606,420
59e9bdbb7a3fc4ba.png,518,518,744,518,744,518,744,518,744,744,744,518,744,518,744,518,455,518,518,518,744
686ea4ec999364ff.png,459,459,923,459,923,459,923,459,459,459,459,459,459,459,459,459,459,459,459,459,459
cb71a056a8e05bb2.png,320,320,325,320,325,320,77,320,77,319,319,320,77,320,34,320,320,320,987,320,319
f63d58b5af16091f.png,716,716,884,716,884,716,716,716,884,716,716,716,716,716,716,716,716,716,716,716,716
d3aa8ee50458c020.png,431,431,701,431,701,431,431,431,431,431,431,431,431,431,431,431,431,431,431,431,431
2891f4aa2279d369.png,471,471,515,471,515,471,503,471,515,471,670,471,701,471,670,471,471,471,471,471,471
ae24c23192976a40.png,752,752,499,752,499,752,566,752,566,752,752,752,499,752,752,752,752,752,752,752,752
348ac56def3ccd35.png,916,916,808,916,808,916,916,916,916,916,916,916,916,916,916,916,916,916,916,916,916
d46216d31908163e.png,896,896,670,896,670,896,670,896,891,896,896,896,670,896,916,896,896,896,896,896,896
a8dd9ba15f7b817b.png,806,806,853,806,853,806,806,806,753,982,891,806,891,806,806,806,806,806,806,806,806
5224fec9ba33b50d.png,604,604,691,604,691,604,691,604,691,604,604,604,691,604,691,604,604,604,604,604,604
b3c384a2d1a391c0.png,631,631,493,631,493,631,778,631,493,631,493,631,493,631,778,631,765,631,778,631,631
4a1a488e8a975f7c.png,920,920,518,920,518,920,518,920,920,920,920,920,920,920,920,920,920,920,920,920,920
d7c1d1632cf0acc7.png,404,404,409,404,409,404,409,404,404,404,404,404,404,404,404,52,848,789,789,404,404
ca50e3535eb6396c.png,556,556,813,556,813,556,499,556,820,556,813,868,820,556,804,556,921,556,821,556,556
30e132285c2e960f.png,912,912,750,912,750,912,750,912,957,912,957,912,853,912,957,912,957,912,957,912,957
ea65c0ff71e7ceb3.png,404,404,524,404,524,404,524,404,524,404,524,404,524,404,524,404,404,404,404,404,404
200285e90078210b.png,442,442,712,442,712,442,712,442,712,442,712,442,712,442,712,442,712,442,712,442,712
cec46dbd1fa3473a.png,898,898,597,898,597,898,771,898,779,898,597,898,898,898,597,898,898,898,852,898,898
6314b953a2f66e36.png,311,311,71,311,71,311,71,311,313,311,71,311,71,311,71,311,311,311,311,311,311
1f3f949ccbc81c93.png,304,304,319,304,319,304,304,304,313,304,313,304,308,304,308,304,304,304,304,304,304
04546cc5e537d7cd.png,426,426,916,426,916,426,916,426,916,426,916,426,426,426,426,426,426,426,426,426,426
73064ceb466612d5.png,719,719,670,719,670,719,670,719,670,719,832,719,670,719,670,719,719,719,719,719,719
ae78688b32986638.png,913,913,426,913,426,913,426,913,426,913,426,913,426,913,426,913,913,913,913,913,913
72d85232abd98067.png,471,471,959,471,959,471,959,471,407,471,471,471,959,471,471,471,471,471,471,471,471
89d8361c6bfe905c.png,604,604,346,604,346,604,691,604,691,604,691,604,691,604,691,604,691,604,691,604,691
4ca02fd28a5e9703.png,996,996,670,996,670,996,670,996,670,996,328,996,670,996,670,991,937,996,739,996,996
48762c2cd2ed47e1.png,755,755,898,755,898,755,849,755,755,755,482,755,482,755,559,755,755,755,755,755,755
b217644382dcd864.png,512,512,437,512,437,512,437,512,582,512,437,512,437,512,437,512,512,512,512,512,512
c4824f023903731a.png,738,738,510,738,510,738,899,738,899,738,899,738,899,899,899,738,738,738,738,738,738
629138193e021cdf.png,885,885,646,885,646,885,885,885,885,885,885,885,885,885,885,885,885,885,885,885,885
7d4186ce0332245d.png,976,976,450,976,450,976,450,976,450,976,450,976,450,976,450,976,450,976,450,450,450
90dfd75887f3e67b.png,986,986,722,986,722,986,540,986,722,986,540,986,986,986,540,986,986,986,880,986,986
ed56c7616a8ac010.png,782,782,874,782,874,782,742,782,647,782,858,782,782,782,782,782,782,782,782,782,782
5d6b9cadb6f9e1cd.png,896,896,979,896,979,896,355,896,702,896,604,896,691,896,604,896,702,789,355,896,702
a033832d9ff8913b.png,101,101,59,101,59,101,59,101,101,101,101,101,101,101,101,101,101,101,101,101,101
313ff0037b86260a.png,498,498,833,498,833,498,498,498,498,498,498,498,498,498,498,443,443,498,498,498,498
afe045d68f1a60d0.png,990,990,972,990,972,990,972,990,972,990,972,990,329,990,330,990,990,990,990,990,990
b19e2df06dbcccd9.png,673,673,670,673,670,673,670,673,670,673,670,673,670,673,670,673,673,673,673,673,673
510e5062fef4a993.png,631,631,792,631,792,631,540,631,742,631,540,631,540,631,540,631,540,631,392,631,540
943274babd06a662.png,669,669,758,669,758,669,758,669,499,669,758,669,669,669,669,52,728,789,789,728,728
0e83f990a04ed67d.png,822,822,670,822,670,822,822,822,822,822,822,822,822,822,822,822,822,789,789,822,822
607702d7ef44d081.png,865,865,757,865,757,865,865,865,570,865,865,865,868,865,676,865,865,865,865,865,865
e9811aebe8bed6e5.png,336,336,105,336,105,336,105,336,105,336,105,336,105,336,105,336,105,336,105,336,336
380053c506e32105.png,780,780,710,780,710,780,875,780,780,780,780,780,780,780,780,780,780,780,780,780,780
668bc83a884d24f9.png,3,3,110,3,110,3,110,3,110,3,110,3,110,3,110,3,802,3,802,3,3
be9a3bea2989a0b4.png,718,718,437,718,437,718,437,718,437,718,718,718,718,718,437,718,437,718,437,718,437
b74c05ecff5f99d8.png,407,407,699,407,699,407,407,407,407,407,407,407,407,407,407,407,407,407,407,407,407
7a51c260ca0e83e7.png,548,548,766,548,766,548,830,548,830,548,830,548,566,706,566,706,830,548,548,548,548
e89d48768917f563.png,459,459,920,459,920,459,459,459,459,459,459,459,459,459,459,459,459,459,459,459,459
080bec22a6b1d37d.png,760,760,623,760,623,760,760,760,760,760,760,760,760,760,760,760,760,760,760,760,760
e37b556e8889d2ec.png,752,752,512,752,512,752,512,752,752,752,818,752,752,752,818,752,752,752,752,752,752
67dd47336dc89421.png,818,818,437,818,437,818,437,818,437,818,437,818,437,818,437,818,818,818,818,818,818
25f85aadcf248cc1.png,854,854,699,854,699,854,699,854,699,854,699,854,699,854,699,854,707,854,707,854,707
c3e9a84e039df3ce.png,469,469,437,469,437,469,469,469,437,469,469,469,469,469,469,469,469,469,469,469,469
0134ba03294509a1.png,982,982,972,982,972,982,982,982,982,982,982,982,982,982,982,982,982,982,982,982,982
53fe22426ff21243.png,536,536,574,536,574,536,574,536,546,536,574,536,574,536,574,536,536,536,536,536,536
4053a6a3d0e63c01.png,392,392,751,392,751,392,110,392,825,2,110,392,110,390,773,5,392,392,392,392,392
3ece3c1f94e4141a.png,332,332,110,332,110,332,220,332,110,332,110,332,110,332,110,332,217,331,220,332,332
7d253f78ef6f029a.png,683,683,648,683,648,683,683,683,683,683,683,683,683,683,683,683,683,683,683,683,683
fecd59b8de8ae6f7.png,820,820,590,820,590,820,820,820,763,820,789,820,820,820,820,820,820,820,820,820,820
24159caf9c5e92be.png,708,708,893,708,893,708,529,708,708,708,893,708,893,708,893,708,708,708,708,708,708
44982b98ba192bb7.png,322,322,323,322,323,322,323,322,323,322,323,322,323,322,323,322,323,322,323,322,322
7ca714cdcd5d36d9.png,780,780,546,780,546,780,780,780,780,780,780,780,780,780,780,780,780,780,780,780,780
cbaff3255afbe83f.png,561,561,653,561,653,561,982,561,616,561,982,561,561,561,616,561,561,561,982,561,561
fafbad0b3093a886.png,672,672,871,672,871,672,445,672,672,672,672,672,672,672,672,672,672,672,672,672,672
45315ea51da415ab.png,356,356,293,356,293,356,283,356,293,356,293,356,283,356,283,356,293,356,293,356,283
1e4bb9fd37654da6.png,820,820,421,820,421,820,890,820,421,820,421,820,547,820,421,820,820,820,820,820,820
5f3ea3c6b683fb57.png,773,773,841,773,841,773,773,773,773,773,773,773,612,773,773,773,773,773,773,773,773
ccbcaf10176e78e0.png,923,923,606,923,606,923,550,923,447,923,606,923,919,923,606,923,923,923,923,923,923
8d17aa69b4fd7b45.png,407,407,653,407,653,407,407,407,407,407,407,407,407,407,653,407,407,407,407,407,407
c25da85d5d62b000.png,404,404,815,404,815,404,815,404,148,404,815,404,815,404,815,404,404,404,404,404,404
beb3e55c385feb12.png,815,815,555,815,555,815,555,815,555,815,555,815,555,815,555,815,555,815,815,815,555
ed3573d0c197fbaf.png,848,848,863,848,863,848,863,848,863,848,863,848,863,848,587,848,863,848,872,848,848
95d1a6be6786190f.png,891,891,616,891,616,891,616,891,616,891,616,891,616,891,616,891,747,891,891,891,891
c8abefc975e94b10.png,875,875,887,875,887,875,830,875,830,875,830,875,830,875,830,875,875,875,875,875,875
be97d1e63c32043e.png,95,95,91,95,91,95,89,95,91,95,8,95,265,95,95,95,95,95,95,95,95
df2cd1b82d5dec14.png,519,519,747,519,747,519,747,519,747,519,747,519,519,519,561,519,519,519,519,519,519
024f73e53c3c1f1d.png,580,580,754,580,754,580,565,580,751,580,533,580,557,580,701,580,580,580,580,580,580
e957c417fcd20c5b.png,820,820,708,820,708,820,820,820,820,820,578,820,578,820,820,820,820,820,820,820,820
795f5aef9bef8134.png,826,826,869,826,869,826,869,826,869,826,826,826,869,826,600,826,826,826,113,826,826
422d08407aeed1be.png,114,114,398,114,398,114,77,114,183,114,114,114,398,114,114,114,114,114,114,114,114
69a39406cb1d2ce5.png,476,476,972,476,972,476,972,476,837,476,897,476,476,476,897,476,476,476,476,476,476
564de663adeb8cd5.png,558,558,710,558,710,558,710,558,710,558,710,558,710,558,710,558,710,558,558,558,710
04c1bde5affb7b5b.png,653,653,477,653,477,653,524,653,895,558,477,653,497,653,558,653,653,558,558,653,653
90f5385a77a49f77.png,704,704,647,704,647,704,520,704,704,704,704,704,704,704,704,704,959,704,428,704,647
604b54a3b7424d9b.png,939,939,701,939,701,939,701,939,701,939,701,939,701,939,701,939,836,939,583,939,583
a6535c039bfeba2c.png,536,536,489,536,489,536,536,536,831,536,773,536,445,536,536,536,536,536,536,536,536
35d67f3f70aeef92.png,980,980,975,980,975,980,975,980,975,980,975,980,975,980,975,980,975,980,980,980,980
3efa3df701898afd.png,737,723,643,723,643,723,643,737,643,737,643,723,643,723,643,737,643,831,643,723,737
f08f34c258228251.png,699,699,840,699,840,699,719,699,840,699,840,699,719,699,719,699,719,699,699,699,719
d47c9aabecda0e12.png,986,986,816,986,816,986,986,986,986,986,986,986,986,986,986,986,986,986,986,986,986
d97c1f3f1c211d1a.png,979,979,2,979,2,979,484,979,484,979,976,979,484,976,484,979,976,979,976,979,976
62949c357e429690.png,973,973,864,973,864,973,864,973,792,973,612,973,459,973,72,501,973,973,889,973,889
9311a098cfb4b946.png,821,821,573,821,573,821,894,821,557,821,864,821,754,821,984,821,346,821,821,821,601
38d8d105d5e70c80.png,422,422,649,422,649,422,1000,422,1000,422,649,422,422,422,539,422,422,422,422,422,422
a28beac14b9037da.png,405,405,909,405,909,405,909,405,405,405,909,405,405,405,405,119,405,789,405,405,405
fa3aae44c2675e88.png,771,771,631,771,631,771,631,771,771,771,631,771,631,771,771,771,631,771,771,771,771
44aa69f642b86628.png,880,880,386,880,386,880,880,880,880,880,387,880,880,880,880,880,880,880,880,880,880
6cc289dc7a8fce86.png,158,158,334,158,334,158,153,158,158,158,158,158,158,158,158,158,158,158,158,158,158
a92babc0a6436d3b.png,760,760,647,760,647,760,885,760,885,760,885,760,402,760,879,760,760,760,760,760,760
9fbeb797de1e1639.png,763,763,499,763,499,763,763,763,499,763,499,763,763,763,763,763,763,763,499,763,763
16179baa1513c701.png,95,95,96,95,96,95,96,95,96,95,96,95,96,95,96,95,96,96,96,95,95
5a8d5bc9bf40e832.png,519,519,747,519,747,519,747,519,747,519,747,519,747,519,747,519,519,519,519,519,519
aa4e1cf9cb6e7801.png,896,896,745,896,745,896,658,896,745,896,658,896,896,896,896,896,896,896,896,896,896
200735f93ea764f2.png,309,309,110,309,110,309,110,309,109,309,310,309,110,309,310,309,309,309,309,309,309
5d53f9bc389e98ad.png,265,265,233,265,233,265,233,265,233,265,233,265,233,265,233,265,233,265,265,265,265
5b974695c09ad165.png,991,991,953,991,953,953,953,991,953,991,953,991,953,991,953,991,953,991,953,991,953
becf3b004177ded6.png,986,986,647,986,647,986,722,986,986,986,986,986,986,986,986,986,986,986,986,986,986
4f04ca75d7aafc0a.png,840,840,794,840,794,840,794,840,794,840,840,840,840,840,840,840,840,840,840,840,840
8764eecf6e898c7f.png,484,484,670,484,670,484,670,484,670,484,581,484,751,484,670,484,484,484,699,484,484
c5f5e09f4f5fd41a.png,404,404,511,404,511,404,511,404,511,404,537,404,537,404,404,404,511,404,511,404,404
17f3b8a057bc01be.png,859,859,449,859,449,859,449,859,859,859,664,859,859,859,664,859,450,859,859,859,859
c10f6e0689efbc1c.png,888,888,460,888,460,407,460,888,592,888,460,888,468,888,592,888,468,888,888,888,888
0e9bdc3ab80b1a71.png,367,367,387,367,387,367,386,367,387,367,387,367,387,367,387,367,367,367,102,367,367
c17d39b1eba4cc03.png,669,669,901,669,901,669,669,669,669,901,901,669,669,669,669,669,669,789,669,669,669
ec346009f286ffca.png,120,120,364,120,364,120,364,120,364,120,364,120,364,120,126,120,121,120,120,120,126
01fa4be27dd11b5d.png,451,451,785,451,785,451,451,451,788,451,918,451,451,451,524,451,451,451,451,451,451
490df9e021386d29.png,405,405,745,405,745,405,658,405,405,405,405,405,405,405,405,405,405,405,405,405,405
08fbf75e60a6efb7.png,484,484,501,484,501,484,501,484,501,484,973,484,501,484,501,484,874,484,501,484,484
fc583c08026e3d74.png,881,881,978,881,978,881,672,881,672,881,647,881,881,881,672,881,881,881,881,881,881
db6c6671a6924eba.png,407,407,699,407,699,407,407,407,858,407,407,407,407,407,407,407,407,407,407,407,407
5a6439b10c1f6761.png,320,320,24,320,24,320,320,320,77,320,320,320,320,320,320,320,320,320,309,320,320
218e02b6cfa0466e.png,699,699,653,699,653,699,653,699,653,699,653,699,653,699,653,699,653,699,653,699,744
3f8bf287f20333eb.png,973,973,589,973,589,973,589,973,589,973,959,973,973,973,973,973,973,789,973,973,973
be5543dc68f0b970.png,780,780,670,780,670,780,670,780,670,780,916,780,780,780,780,780,780,780,780,780,780
87fcc5f70673d3d2.png,699,699,539,699,539,699,539,699,539,699,539,699,539,669,669,669,669,669,669,699,699
99f175132cd1c6e2.png,934,934,939,934,939,934,939,934,939,934,939,934,939,934,939,934,642,934,468,934,934
a4f718e554dd18dd.png,976,976,141,976,141,976,133,976,976,976,976,976,976,976,976,976,976,976,976,976,976
46a489dcff5471a4.png,920,920,770,920,770,920,770,920,770,920,770,920,459,920,920,920,459,920,920,920,920
38c6124f40b8d845.png,896,896,745,896,745,896,745,896,745,896,745,896,896,896,745,52,52,789,896,896,896
6740e1e89b5bbab4.png,981,981,114,981,114,981,114,981,114,981,115,981,115,981,115,981,115,981,114,981,981
54ff02d9dfbf8540.png,884,884,841,884,841,884,841,884,841,884,841,884,912,884,841,884,841,884,884,884,912
2c9398f44d099e0f.png,522,933,522,933,522,522,522,522,522,522,522,522,125,125,522,522,522,522,522,522,522
6896a8b78f404dc8.png,980,980,77,980,77,980,140,980,77,980,978,980,77,980,77,980,979,980,100,980,980
d2d6ae6e0b8a0c31.png,986,986,38,986,38,986,110,986,110,986,37,986,38,986,38,986,942,986,986,986,986
fccfc3563cd562e1.png,977,977,347,977,347,977,347,977,977,977,977,977,977,977,979,977,977,977,977,977,977
d3a88c50958b1b5f.png,977,977,647,977,647,977,751,977,751,977,742,977,110,977,980,977,977,977,977,977,977
513b3032ed1f388c.png,114,114,80,114,80,114,114,114,80,114,114,114,114,114,114,114,114,114,114,114,114
6217866896fbe2b7.png,699,699,455,699,455,699,699,699,699,699,699,699,699,699,699,699,52,789,699,699,699
21554e755b9706d2.png,342,342,297,342,297,342,297,342,297,342,342,342,297,342,297,342,342,342,342,342,342
87a2147620d5e1cb.png,780,780,830,780,830,780,780,780,780,780,780,780,780,780,830,780,780,780,780,780,780
b86d604067f50613.png,490,490,809,490,809,490,136,490,490,490,752,490,628,490,752,490,705,490,445,628,628
af3736cca01a2d28.png,318,321,318,321,318,318,318,318,318,318,318,318,318,318,318,318,318,318,318,318,318
5adb3d985cf217a9.png,405,405,472,405,472,405,405,405,405,405,405,405,405,405,405,515,515,789,405,405,405
60566d5680497389.png,473,473,858,473,858,473,871,473,704,473,563,473,647,473,976,473,473,473,473,473,473
1cfa5381359bff9f.png,422,422,840,422,840,422,840,422,840,422,840,422,840,422,840,422,840,422,422,467,840
cd40b0e46c9da574.png,662,662,284,662,284,662,662,662,662,662,662,662,662,662,662,662,662,662,662,662,662
e9ecdf28dc1d5a85.png,609,609,851,609,851,609,609,609,609,609,609,609,609,609,609,609,609,609,609,609,609
821aae58dc96b4b2.png,341,341,412,341,412,341,341,341,341,341,341,341,341,341,341,341,341,341,341,341,341
715335d5ddfca1f2.png,481,481,895,481,895,481,895,481,800,481,895,481,481,481,481,481,481,481,481,481,481
1be47d60e0156bbb.png,650,650,978,650,978,650,978,650,650,650,978,650,978,650,959,650,650,650,650,650,650
8724748782cb6c31.png,76,76,55,76,55,76,33,76,125,76,794,76,127,76,313,76,313,76,313,76,313
2ba52bcf59097dc8.png,971,971,981,971,981,971,981,971,981,971,981,971,981,971,981,971,971,971,981,971,971
2ed718f6db9785f8.png,519,519,747,519,747,519,747,519,519,519,519,519,771,519,771,519,519,519,519,519,519
4a251fb6d80b5137.png,800,800,557,800,557,800,557,800,557,800,557,800,557,800,557,800,800,800,800,800,800
3617bfc5d06bc196.png,885,885,432,885,432,885,432,885,432,885,432,885,432,885,517,885,432,885,885,885,885
143c74a57326fd40.png,422,422,546,422,546,422,546,422,546,422,582,422,546,422,546,422,422,422,546,422,422
d051e0bd46125123.png,669,669,874,669,874,669,874,669,874,669,664,669,874,669,874,669,669,669,669,669,669
84af93c72781b7f0.png,438,438,465,438,465,438,894,438,749,438,751,438,465,438,722,438,897,438,860,438,897
a52570066ecc61fd.png,976,976,351,976,351,976,976,976,976,976,704,976,822,976,976,976,976,976,889,976,976
3e8bf1eee7083f6e.png,631,631,792,631,792,631,792,631,792,631,51,631,792,631,771,631,771,771,771,631,771
f6d5c95ce7908a58.png,561,561,881,561,881,561,417,561,431,561,431,561,431,561,431,561,561,561,417,561,561
bfb2aaf48d7fc08c.png,979,979,396,979,396,979,670,979,795,979,670,979,493,979,396,979,978,979,338,979,978
5528f7330399485f.png,74,74,75,74,75,74,75,74,75,74,75,74,75,74,75,75,75,74,75,74,74
635ea505879178ed.png,539,539,669,539,669,539,539,539,539,539,539,539,539,539,539,539,539,539,539,539,539
a8631b077e74f7aa.png,480,480,213,480,213,480,746,480,885,480,536,536,480,480,536,536,536,480,536,480,536
bb03be3702584eeb.png,672,672,731,672,731,672,731,672,731,672,445,672,672,672,731,672,672,672,672,672,672
8090736c8299ab28.png,980,980,391,980,391,980,391,980,391,980,391,980,391,980,391,980,391,980,391,980,391
74b13710bcf4f7f3.png,775,771,465,771,465,771,775,775,775,775,775,775,775,503,775,771,771,789,789,775,631
ecd3a969dd466349.png,285,285,339,285,339,285,339,285,193,285,193,285,203,285,193,285,339,285,285,285,285
2abcab3d77d4767e.png,443,443,872,443,872,443,443,443,518,584,584,683,864,443,864,443,443,443,443,443,443
8c975de17f3247d1.png,650,650,807,650,807,650,807,650,807,650,835,650,807,650,807,650,650,650,650,650,650
8d86fae18afef4e0.png,38,38,37,38,37,38,38,38,38,38,38,38,38,38,38,38,38,38,38,38,38
619a9d0eb2acdd82.png,885,885,744,885,744,885,744,885,744,885,744,885,744,885,744,885,744,885,744,885,744
9ab953cce5c7f879.png,443,443,717,443,717,443,699,443,443,443,699,443,443,443,443,443,699,443,443,443,443
1c2e9fe8b0b2fdf2.png,58,58,80,58,80,58,80,58,58,58,80,58,313,58,58,58,53,58,58,58,58
a414ccf5c51454e0.png,830,830,476,830,476,830,476,830,476,830,476,830,476,830,476,830,830,830,830,830,830
26aa2e6ee43387e7.png,913,913,458,913,458,913,836,913,731,913,731,913,731,913,731,913,913,913,913,913,913
3302a8c24caf20f4.png,704,707,341,707,341,704,341,704,704,704,647,707,341,704,704,707,707,704,704,704,704
dd722682a9f2b9dd.png,437,437,865,437,865,437,437,437,610,437,437,437,610,437,610,437,437,437,437,437,437
6afe58efa85756dc.png,929,929,648,929,648,929,648,929,962,929,648,929,929,929,648,929,929,929,929,929,929
0ceee9a38409e30c.png,484,484,874,484,874,484,874,484,874,484,874,484,874,484,874,484,874,484,874,484,874
1df5e1adad21d618.png,405,405,787,405,787,405,805,405,787,405,787,405,787,405,787,405,405,405,405,405,405
57e62606f02d0251.png,548,548,415,548,415,548,415,548,415,548,637,780,598,548,415,548,548,548,834,548,548
d0fe8afb55c3c7cd.png,498,498,816,498,816,498,484,498,484,498,699,498,699,498,699,498,484,498,498,498,484
91d18b353d5b3be2.png,931,931,530,931,530,931,592,931,592,931,110,931,110,931,110,931,600,931,931,931,931
21b0803c965f76ef.png,920,920,647,920,647,920,647,920,465,920,647,920,647,920,894,920,920,920,920,920,920
f20783fc38473514.png,386,386,460,386,460,386,460,386,460,386,515,386,515,386,515,386,468,386,468,386,468
3d6e530955c60759.png,512,512,472,512,472,512,818,512,480,512,746,512,472,512,472,512,512,512,818,512,512
7e5c847bafc4d50c.png,909,909,66,909,66,909,328,909,66,909,110,909,110,909,802,909,909,909,909,909,909
0aebe24fc257286e.png,561,561,671,561,671,561,984,561,672,561,671,561,616,561,671,561,519,561,561,561,561
3c970c84b598f2d9.png,780,780,708,780,708,780,875,780,780,780,780,780,780,780,875,780,780,780,780,780,780
c6166621198a3de4.png,986,986,193,986,193,986,193,986,986,986,986,986,986,986,986,986,986,986,986,986,986
134bfd93a04b88b2.png,581,581,691,581,691,581,581,581,581,581,581,581,581,581,581,581,581,581,581,581,581
4227a6e105cc0588.png,971,971,816,971,816,971,980,971,816,971,971,971,980,971,980,119,673,789,789,971,971
405dd60729a8c18d.png,848,848,581,848,581,848,581,848,581,848,581,848,581,848,581,848,581,848,384,848,581
0d29832e5da60f5f.png,973,973,51,973,51,973,729,973,392,973,51,973,826,826,826,973,826,826,826,973,826
90ab38bb74020d5a.png,647,647,664,647,664,647,664,647,664,647,647,647,647,647,484,647,647,647,647,647,647
068c5d66662a837a.png,964,964,942,964,942,964,942,964,964,964,942,964,964,964,942,964,942,964,942,964,964
e5f15610a22098bb.png,672,672,871,672,871,672,445,672,672,672,871,672,672,672,871,672,672,672,672,672,672
4cd90a6459ce9571.png,719,719,770,719,770,719,719,719,719,719,550,719,719,719,770,719,719,983,719,719,719
4a0bac33f8e81e60.png,407,407,757,407,757,407,428,407,428,407,407,407,407,407,407,407,428,407,407,407,407
cc283b8f7f46fbf0.png,574,574,612,574,612,574,612,574,612,574,612,574,647,574,647,574,574,574,574,574,574
70b9b8ae11327472.png,11,11,93,11,93,11,17,11,17,11,93,11,13,11,17,11,11,11,11,11,11
5dd8e133e66ecd3a.png,142,142,138,142,138,142,138,142,138,142,142,142,142,142,138,142,142,789,142,142,142
4dc360d125c9238c.png,527,527,407,527,407,527,407,527,407,527,407,527,407,527,407,787,407,527,533,527,407
8805b0b20d808c49.png,704,704,647,704,647,704,704,704,613,704,704,704,704,704,704,704,704,704,704,704,704
15d27dbdc9eeda7f.png,469,469,916,469,916,469,752,469,752,752,818,752,818,752,752,52,818,818,818,469,469
448a738f6dcba07e.png,563,563,820,563,820,563,820,563,820,563,563,563,563,563,563,563,820,563,563,563,563
e5948d6294eb8ca3.png,887,887,670,887,670,887,855,887,855,887,866,887,887,887,866,887,887,887,887,887,887
