image_id,label,source_clean,source_adv,tf_inception_v3_clean,tf_inception_v3_adv,tf_inception_v4_clean,tf_inception_v4_adv,tf_inc_res_v2_clean,tf_inc_res_v2_adv,tf_resnet_v2_50_clean,tf_resnet_v2_50_adv,tf_resnet_v2_101_clean,tf_resnet_v2_101_adv,tf_resnet_v2_152_clean,tf_resnet_v2_152_adv,tf_ens3_adv_inc_v3_clean,tf_ens3_adv_inc_v3_adv,tf_ens4_adv_inc_v3_clean,tf_ens4_adv_inc_v3_adv,tf_ens_adv_inc_res_v2_clean,tf_ens_adv_inc_res_v2_adv
0c7ac4a8c9dfa802.png,306,306,303,306,303,306,303,306,303,306,303,306,303,306,303,306,303,306,303,306,306
f43fbfe8a9ea876c.png,884,884,899,884,899,884,884,884,884,884,884,884,884,884,884,884,884,884,884,884,884
4fc263d35a3ad3ee.png,244,244,243,244,243,244,243,244,243,244,243,244,243,244,244,244,244,244,243,244,244
cc13c2bc5cdd1f44.png,560,560,781,560,781,560,560,560,915,560,560,560,432,560,766,560,560,560,560,560,560
73a52afd2f818ed5.png,439,439,970,439,970,439,573,439,504,439,573,439,573,439,504,439,928,439,970,439,970
58f0fd17c4a0e25a.png,991,991,957,991,957,991,957,991,957,991,957,991,957,991,957,991,957,991,122,991,991
90e11aa7c36c64f2.png,950,950,114,950,114,950,114,950,114,950,114,950,114,950,114,950,114,950,114,950,950
696f0f6bea562bf8.png,854,854,638,854,638,854,638,854,704,854,913,854,913,854,704,854,638,854,638,854,854
df58f94361c6d105.png,610,610,657,610,657,657,657,610,657,437,610,610,657,437,657,610,657,437,657,610,437
1394faa319bd353c.png,610,610,657,610,657,610,657,610,437,610,657,610,657,512,657,437,657,437,437,610,610
6cae4a23623d142b.png,583,583,957,583,957,583,957,583,957,583,957,583,957,583,957,583,957,583,957,583,957
d02adcb9140880a1.png,916,916,717,916,717,916,916,916,916,916,916,916,916,916,916,916,916,916,916,916,916
71080285ad6cb4e9.png,456,540,456,540,456,456,456,456,456,456,456,456,456,456,456,456,456,456,456,456,456
137ab6ca314e9e35.png,620,906,770,906,770,620,770,620,620,620,770,620,620,620,770,620,620,620,620,620,620
c819099fed6f0d73.png,962,962,749,962,749,962,749,962,749,962,749,962,749,962,749,962,497,962,962,962,503
4b384c8247b56c0a.png,542,542,413,542,413,542,493,542,493,542,828,542,542,542,542,542,542,542,542,542,542
62ebd5f7ce015380.png,631,775,663,775,663,631,631,631,631,631,631,631,631,631,710,631,631,631,663,631,631
f24817d66024dfb6.png,742,742,498,742,498,742,742,742,742,742,742,742,407,742,742,742,742,742,498,742,407
1b57d7bbd673c771.png,423,423,827,423,827,423,827,423,827,423,452,423,415,423,827,423,423,423,423,423,410
a2de1f4f2c1021fa.png,456,456,749,456,749,456,894,456,749,456,894,456,894,456,894,456,894,894,894,456,894
3e7b01ba495f15f9.png,708,708,887,708,887,708,887,708,481,708,708,708,708,708,481,708,708,708,708,708,708
1a264165276e3c85.png,855,855,743,855,743,855,407,855,493,855,493,855,413,855,916,855,407,855,855,855,882
bc9a5e01c02e759e.png,923,923,447,923,447,923,447,923,447,923,447,923,534,923,447,923,923,923,447,923,923
01bdc0cfe670f708.png,472,472,612,472,612,472,612,472,612,472,612,472,670,472,612,472,472,472,836,472,472
6af829a442e2e0e7.png,130,90,880,90,880,128,135,130,136,130,136,130,135,128,135,130,135,130,128,130,130
493694833dc23399.png,538,538,574,538,574,538,831,538,429,538,771,538,429,538,864,538,574,538,429,538,538
6ac94c9244f84aa3.png,673,673,701,673,701,673,646,673,840,673,840,673,840,673,840,673,646,673,840,673,673
7529b42e71769777.png,477,477,707,477,707,477,707,477,707,477,477,477,477,477,477,477,477,477,477,477,477
d204464fcf15ad99.png,300,300,762,300,762,300,300,300,300,300,300,300,300,300,300,300,300,300,300,300,300
7fd7ce3eb2bf9944.png,100,100,86,100,86,100,85,100,98,100,100,100,24,100,86,100,100,100,100,100,100
303781188f1b3b27.png,477,477,541,477,541,477,541,477,477,477,51,477,541,477,477,477,541,477,477,477,477
67967c9db11151e0.png,252,252,289,252,289,252,289,252,289,252,291,252,289,252,291,252,252,252,291,252,252
fa2a7d600b62174e.png,521,521,860,521,860,521,521,521,521,521,521,521,521,521,521,521,521,521,521,521,521
cd2d2889ef7ac51c.png,924,924,660,924,660,924,924,924,119,924,924,924,924,924,924,924,924,924,924,924,924
11954d93a7051cb5.png,23,23,87,23,87,23,22,23,24,23,84,23,23,23,23,23,23,23,22,23,23
03f90f7138f761e8.png,664,664,699,664,699,664,699,664,699,664,699,699,699,664,699,664,699,664,699,664,699
19935b1c0a4d305d.png,761,761,800,761,800,761,761,761,800,761,761,761,761,761,800,761,761,761,761,761,761
9cf861a657c27cec.png,583,583,830,583,830,583,583,583,583,583,583,583,583,583,583,583,583,583,583,583,583
05817a675e7506d1.png,673,673,838,673,838,673,560,673,560,673,560,673,524,673,524,673,863,673,560,673,673
e1c702ed9842dd1c.png,693,693,463,693,463,918,463,693,693,463,463,463,463,693,693,693,693,918,693,693,693
e7cafac174e90143.png,526,526,580,526,580,526,882,526,882,526,882,526,40,526,882,526,526,526,526,526,526
1a680f33500acb4b.png,932,932,667,932,667,932,667,932,667,932,667,932,667,932,667,932,667,932,667,932,932
81ddbe14219e9dcf.png,318,318,121,318,121,318,121,318,121,318,40,318,121,318,317,318,318,318,318,318,318
04cb9de291399d15.png,465,465,817,465,817,465,465,465,465,465,817,465,465,465,465,465,817,465,465,465,465
23f9d18d531eb148.png,479,479,860,479,860,479,479,479,479,479,479,479,479,479,860,479,479,479,479,479,479
63f2e14ab6be82cf.png,668,668,888,668,888,668,888,668,888,668,888,668,448,668,888,668,888,668,888,668,668
0dffbfa7ba43cb90.png,962,962,460,962,460,962,460,962,460,962,113,962,110,962,113,962,962,962,962,962,962
a97274c7e80a1764.png,866,866,407,866,407,866,497,866,407,866,497,866,497,497,497,866,866,866,866,866,866
85e2eea48d912d31.png,806,806,769,806,769,806,806,806,806,806,806,806,806,806,806,806,806,806,806,806,806
ff5182599937c1ec.png,325,325,987,325,987,325,987,325,987,325,987,325,987,325,987,325,987,325,30,325,325
4bb12984b41d0834.png,34,34,435,34,435,34,24,34,435,34,36,34,77,34,435,34,34,34,34,34,34
150249123e81930d.png,923,923,592,923,592,923,592,923,751,923,592,923,923,923,923,923,923,923,923,923,923
f963957ccfa82f6b.png,143,143,141,143,141,143,141,143,141,143,143,143,143,143,143,143,143,789,143,143,143
890fdaf4e1892e00.png,313,313,312,313,312,313,312,313,313,313,312,313,312,313,312,313,312,313,312,313,313
9a1c67f467b9beea.png,303,303,999,303,999,303,306,303,306,303,306,303,306,303,306,303,303,303,303,303,303
217597258ac12258.png,583,583,510,583,510,583,510,583,510,583,510,583,510,583,583,583,583,583,583,583,583
346c5575b60194c3.png,949,949,989,949,989,949,989,949,989,989,989,949,956,949,989,949,949,949,989,949,989
296033c3a5910845.png,361,361,357,361,357,361,361,361,361,361,361,361,361,361,361,361,361,361,361,361,361
3a7d9bd310202e93.png,790,790,1000,790,1000,790,790,790,435,790,790,790,919,790,790,790,790,790,790,790,790
56e9d5f63cfc507e.png,441,441,887,441,887,441,441,441,441,441,738,441,441,441,510,441,441,441,441,441,441
602f2c3749d6021e.png,747,747,445,747,445,747,747,747,747,747,747,747,747,747,747,747,747,747,747,747,747
7c754696067fdfa9.png,765,765,846,765,846,765,846,765,313,765,320,765,72,765,396,765,745,765,765,765,765
8f5eda0b6a910b43.png,950,950,951,950,951,950,950,950,951,950,951,950,950,950,950,950,950,950,950,950,950
89119361e9d9e02d.png,481,481,708,481,708,481,708,481,708,481,708,481,482,481,482,481,708,481,481,481,708
da63f2acf683c0a7.png,134,134,151,134,151,134,37,134,361,134,361,134,361,134,134,134,134,134,361,134,361
741fc1a3fc08731d.png,793,793,653,793,653,793,653,793,653,793,653,793,653,793,653,793,793,793,793,793,793
d77af00930283f4b.png,901,901,702,901,702,901,901,901,901,901,901,901,901,901,901,901,901,901,901,901,901
97151fe7a0a6e2e3.png,734,734,404,734,404,734,734,734,734,734,905,734,404,734,558,734,734,734,734,734,734
393d40f3a6a79400.png,328,328,398,328,398,328,398,328,328,328,328,328,392,328,34,328,328,328,328,328,328
8f5e0855ca8de8ea.png,468,468,37,468,37,468,609,468,751,468,37,468,886,468,886,468,886,468,37,468,468
d72f34526e12fd83.png,442,442,884,442,884,442,884,442,969,442,884,442,884,442,884,442,442,442,442,442,442
957529a2abaa0581.png,883,883,773,883,773,883,883,883,785,883,771,883,883,883,773,883,883,883,883,883,883
3bd1ba0432603b28.png,921,921,435,921,435,921,762,921,921,921,845,921,845,921,845,174,921,789,789,921,921
3228a465697fb2cf.png,840,840,577,840,577,840,840,840,840,840,840,840,840,840,840,840,840,840,840,840,840
871c99d5658c3189.png,956,956,949,956,949,956,949,956,949,956,958,956,958,956,949,956,952,956,956,956,952
1733cbc68a2ae05d.png,556,556,408,556,408,556,556,556,556,556,556,556,556,556,556,556,556,556,556,556,556
69a3493d13953e1f.png,520,520,465,520,465,520,520,520,510,520,520,520,520,520,920,520,520,520,520,520,520
8a82ddd7ab76efbb.png,511,511,338,511,338,511,511,511,511,511,511,511,511,511,511,511,511,511,511,511,511
e95ef0aeeab7b496.png,889,889,699,889,699,889,404,889,699,889,889,889,669,889,889,889,889,789,789,889,889
8555611998ea426a.png,991,991,947,991,947,991,947,991,991,991,991,991,991,991,991,991,991,991,991,991,991
1cc2caf8e5db27c3.png,431,431,866,431,866,431,642,431,918,431,911,431,431,431,431,431,431,431,431,431,431
a00c8d22e63497c4.png,431,431,642,431,642,431,431,431,642,431,431,431,544,431,642,431,431,431,431,431,431
4f553b721705d008.png,397,397,934,397,934,397,397,397,116,397,397,397,397,397,397,397,397,397,397,397,397
f1ce339a44d7a118.png,98,98,99,98,99,98,99,98,84,98,99,98,83,98,99,98,99,99,99,98,99
2153d9869fb5a9ef.png,645,645,471,645,471,645,471,645,645,645,645,645,645,645,645,645,645,645,645,645,645
7506caf0a49c3951.png,79,79,113,79,113,79,126,79,126,79,113,79,113,79,113,79,79,79,79,79,79
1d4133f5bc7af193.png,141,141,170,141,170,141,141,141,140,141,147,141,141,141,141,141,141,141,141,141,141
fd26c4733822dfcc.png,363,363,384,363,384,363,363,363,363,363,363,363,363,363,363,363,363,363,363,363,363
60f5900a00d94b25.png,706,706,691,706,691,706,604,706,706,706,706,706,706,706,706,706,706,706,706,706,706
79f953be91aa8ce2.png,660,660,829,660,829,660,829,660,829,660,829,660,829,660,829,660,660,660,660,660,829
d9da4e5ef53d5e8b.png,641,540,892,540,892,641,641,641,641,641,641,641,641,641,641,641,641,641,641,641,641
0411ca972e637297.png,968,968,850,968,850,968,850,968,850,968,850,968,850,968,850,968,968,968,968,968,968
92dbb18dd447fd75.png,490,490,661,490,661,490,490,490,490,490,490,490,490,490,490,490,490,490,490,490,490
65251969959ce0e6.png,938,938,992,938,992,938,992,938,992,938,938,938,974,938,938,938,938,938,938,938,938
b76e552d4b3ec0c3.png,992,992,68,992,68,992,992,992,992,992,992,992,992,992,992,992,992,992,992,992,992
828ade8df2d14c45.png,888,888,668,888,668,888,888,888,888,888,888,888,888,888,888,888,888,888,888,888,888
3dc0e8f854bdc9b3.png,604,604,653,604,653,604,604,604,653,604,604,604,472,604,604,604,604,604,604,604,604
6bb6cf032c1286c5.png,468,468,793,468,793,468,793,468,793,468,489,468,468,468,468,468,468,468,468,468,468
2e9b377877f64b3d.png,499,499,745,499,745,499,658,499,658,499,584,499,499,499,499,499,499,499,499,499,499
2842a69bf5b14526.png,880,880,418,880,418,880,880,880,880,880,880,880,880,880,880,880,880,880,880,880,880
a74f197288b10a0d.png,808,808,737,808,737,808,737,808,808,808,808,808,737,808,737,808,707,808,808,808,808
7a85f42383ec2f81.png,709,709,773,709,773,709,798,709,615,709,502,709,579,709,579,709,438,789,709,709,709
55e85d7b58024966.png,968,968,941,968,941,968,810,968,810,968,968,968,968,968,968,968,968,968,968,968,968
d6d192c5786f29f5.png,473,473,694,473,694,473,473,473,473,473,473,473,473,473,473,473,473,473,473,473,473
f533740a8d4618ce.png,288,288,40,288,40,288,33,288,115,288,50,288,115,288,33,288,115,288,69,288,288
5292f5b36a0789fa.png,854,854,916,854,916,854,916,854,916,854,916,854,916,854,916,854,916,854,916,854,916
ba4b978112a20be1.png,972,972,559,972,559,972,559,972,559,972,844,972,559,972,559,972,972,972,972,972,972
3692f6967c632fee.png,806,806,769,806,769,806,769,806,806,806,806,806,769,806,769,806,806,806,806,806,806
fae551840c1690fa.png,720,720,110,720,110,720,720,720,720,720,720,720,720,720,720,720,720,720,720,720,720
8020698d79dc39f2.png,855,855,402,855,402,855,855,855,402,855,855,855,855,855,855,855,855,855,855,855,855
d392f0639c17f396.png,808,854,808,854,808,581,808,808,808,859,859,808,808,808,808,808,808,808,808,581,808
8f97e3fface13e4d.png,472,472,535,472,535,472,792,472,871,472,792,472,792,472,535,472,422,422,422,472,472
a920691cf2d50f79.png,947,947,201,947,201,947,227,947,979,329,329,947,979,947,227,991,979,329,329,329,646
a482985ca1e77960.png,891,891,911,891,911,891,840,891,891,891,646,891,891,891,646,891,646,891,891,891,891
362e4ac62cf888f4.png,573,573,756,573,756,573,573,573,573,573,573,573,573,573,756,573,573,573,573,573,573
694e7617a4878041.png,884,884,726,884,726,884,884,884,884,884,884,884,884,884,884,884,884,884,884,884,884
fa5484e61e455eb2.png,477,477,455,477,455,477,477,477,477,477,477,477,477,477,477,477,477,477,477,477,477
ab42aa5e9745c214.png,582,582,670,582,670,582,670,582,670,582,415,582,670,582,894,582,582,582,582,582,582
e6e677a28e3bd6d7.png,604,604,596,604,596,604,604,604,604,604,808,604,604,604,808,604,604,604,604,604,604
2e541180b2323a5d.png,24,24,429,24,429,24,604,24,429,24,563,24,731,24,429,24,24,24,691,24,24
01f824264783f58d.png,968,968,692,968,692,968,968,968,968,968,679,968,968,968,968,968,968,968,968,968,968
335e604bbe3eec78.png,312,312,42,312,42,312,312,312,312,312,312,312,312,312,312,312,312,312,312,312,312
4e1bdcb677f21fb4.png,874,874,604,874,604,874,874,874,874,874,407,874,874,874,874,874,874,874,874,874,874
c6b5f6c1d79dffc6.png,583,583,125,583,125,583,125,583,125,583,125,583,583,583,125,583,791,583,583,944,583
8f9c1e4fd9f4cb2e.png,17,17,18,17,18,17,18,17,17,17,18,17,18,17,17,17,17,17,17,17,17
f54616f2af588fd8.png,673,673,880,673,880,673,880,673,673,673,880,673,880,673,673,673,673,673,673,673,673
f20911d36a287dce.png,781,781,725,781,725,781,725,781,725,725,725,781,725,781,725,781,725,781,781,781,781
81a7637c67f4f777.png,490,490,508,490,508,490,490,490,490,490,490,490,490,490,490,490,490,490,490,490,490
65c1808390bd18c5.png,686,686,508,686,508,686,606,686,755,410,410,686,893,686,686,686,410,789,686,686,686
e570258f1bef4ade.png,367,367,170,367,170,367,300,367,277,367,277,367,270,367,300,367,298,367,298,367,367
58bbaa0c5ab520d5.png,488,663,762,663,762,488,762,488,762,762,762,762,762,762,762,488,762,488,762,762,762
556d8b457b94c285.png,747,747,702,747,702,747,747,747,747,747,747,747,796,747,747,747,747,747,747,747,747
38546e7d7136c2ab.png,600,600,460,600,460,600,600,600,600,600,600,600,600,600,600,600,600,600,600,600,600
9876fe92d003c9d4.png,913,913,448,913,448,913,691,913,913,913,840,913,913,913,913,411,411,913,916,913,913
8df3dc0c3fef1824.png,951,951,939,951,939,951,939,951,939,951,939,951,939,951,939,951,939,951,939,951,951
938ada2f2bfa2b68.png,844,844,751,844,751,844,285,844,751,844,282,844,382,844,432,844,844,844,844,844,844
61131df39f19a4a0.png,615,615,807,615,807,615,653,615,653,615,698,615,698,615,698,615,615,615,615,615,615
7278c2b63080f08c.png,349,349,170,349,170,349,170,349,170,349,170,349,170,349,170,349,170,349,170,349,349
f734e87286835196.png,324,324,78,324,78,324,71,324,71,71,71,324,71,324,319,324,71,324,71,324,71
06a0e36c443746b5.png,354,354,353,354,353,354,354,354,354,354,354,354,354,354,354,354,354,354,354,354,354
d7d8fc1442a82a8e.png,22,22,23,22,23,22,88,22,24,22,24,22,24,22,22,22,22,22,22,22,22
f9937696f421f4e4.png,85,85,770,85,770,85,85,85,85,85,85,85,85,85,85,85,85,85,85,85,85
9429f0d1ad2283df.png,438,438,770,438,770,438,846,438,419,438,846,438,846,438,846,438,658,438,518,438,438
7524a7ef9de8edc3.png,947,947,816,947,816,947,816,947,816,947,816,947,816,947,816,947,947,947,947,947,947
c98a8640dcfaa5e0.png,747,747,984,747,984,747,747,747,747,747,747,747,747,747,747,747,747,747,747,747,747
d34c51d7523e9c0f.png,647,647,948,647,948,647,132,647,647,647,647,647,647,647,647,647,647,647,647,647,647
24726d9054e9d78f.png,545,545,122,545,122,545,122,545,119,545,122,545,910,545,910,545,119,545,122,545,568
66aa56675136bbab.png,470,470,694,470,694,470,470,470,470,470,841,470,470,470,470,470,470,470,470,470,470
a8fe76c687b00e33.png,598,760,892,760,892,598,892,598,598,598,749,488,892,598,892,598,598,598,892,598,598
411c5d79017077f4.png,82,82,22,82,22,82,83,82,22,82,22,82,22,82,22,82,22,82,82,82,22
bb6fcb4a52b4fc0f.png,735,735,657,735,657,735,657,735,657,735,657,735,657,735,657,735,657,735,735,735,735
84640859ee739095.png,720,720,374,720,374,720,342,720,9,720,9,720,9,720,342,720,720,720,720,720,720
6d2d82bc1ba0a956.png,52,52,680,52,680,52,680,52,680,52,680,52,680,52,680,52,680,52,680,52,585
3e1e47f5af2a3f16.png,294,294,289,294,289,294,294,294,294,294,294,294,294,294,294,294,294,294,294,294,294
1ac44ddb6a2d497a.png,898,898,831,898,831,898,590,898,831,679,892,898,578,898,831,898,898,898,892,572,705
7a291389e67a8a07.png,417,417,703,417,703,417,703,417,435,417,435,417,435,417,435,417,703,417,703,417,417
afa0f88aaab03427.png,545,545,568,545,568,545,545,545,545,545,545,545,568,545,568,545,545,545,545,545,545
1e26772fc8c493bb.png,416,932,954,932,954,950,950,416,954,416,957,416,954,958,950,416,416,510,510,416,416
4d1237ccbd9a5b4b.png,815,815,467,815,467,815,652,815,467,815,629,815,629,815,815,815,815,815,815,815,815
c3f452167c39302f.png,296,296,366,296,366,296,292,296,366,296,366,296,362,296,373,296,366,296,368,296,298
6841e385fe79177f.png,830,830,875,830,875,830,875,830,875,830,830,830,556,830,556,830,830,830,556,830,830
b48febf2b989205b.png,760,760,746,760,746,760,760,760,746,760,746,760,760,760,760,760,760,760,760,760,760
baeb1300832574aa.png,972,972,108,972,108,972,108,972,108,972,108,972,110,972,2,972,108,972,108,972,108
7b6cc934fda859fa.png,307,307,905,307,905,307,905,307,905,307,905,307,905,307,905,307,905,307,905,307,307
39f82c728c956125.png,638,638,705,638,705,638,705,638,705,638,705,638,705,638,705,638,638,638,705,638,638
c8231978dc765004.png,472,472,604,472,604,472,604,472,604,472,604,472,604,472,223,691,604,472,604,472,170
823f8eae0df2d5c1.png,95,95,310,95,310,95,95,95,95,95,95,95,95,95,95,95,95,95,95,95,95
038fd7a750733bb5.png,18,18,12,18,12,18,12,18,12,18,18,18,18,18,12,18,18,18,18,18,18
6d6078c60e59e9f4.png,985,985,67,985,67,985,985,985,986,986,986,985,985,985,986,985,985,985,985,985,985
1f71668ab3dbe81b.png,709,709,744,709,744,709,885,709,744,709,744,709,709,709,885,709,709,709,709,709,709
70b3b833463d20b9.png,864,864,63,864,63,864,63,864,63,864,63,864,59,864,63,864,595,864,864,864,864
dd4d033a9a45552d.png,392,392,34,392,34,392,361,392,361,392,361,392,361,392,363,392,3,392,361,392,392
8800cff23fade16a.png,532,532,919,532,919,532,919,532,532,532,532,532,532,532,532,532,532,532,532,532,532
af2ac1705dc19a5f.png,384,384,381,384,381,384,384,384,381,384,383,384,384,384,384,384,384,384,384,384,384
87937b805302f958.png,418,418,872,418,872,418,418,418,418,418,418,418,872,418,418,418,418,418,418,418,418
f33087679c5e7799.png,443,443,874,443,874,443,874,443,874,443,874,443,874,443,874,443,443,443,443,443,443
6374e7e35ad90f50.png,39,39,37,39,37,39,37,39,83,39,291,39,291,39,37,39,39,39,39,39,39
92c73d668e2cd3ce.png,859,859,479,859,479,859,479,859,479,859,808,859,479,859,612,859,859,859,859,859,859
e8d5809ee6888f8f.png,717,717,399,717,399,717,717,717,717,717,717,717,717,717,717,717,717,717,717,717,717
45da32a1cf073a4f.png,100,100,87,100,87,100,86,100,976,100,83,100,86,100,83,100,100,100,100,100,100
fe94909a2fad4ffe.png,547,547,403,547,403,547,547,547,547,547,547,547,547,547,547,547,547,547,547,547,547
00c3cd597f1ee96f.png,138,138,361,138,361,138,361,138,361,138,361,138,361,138,361,138,361,138,138,138,138
a5949b0719d3ea77.png,981,981,732,981,732,981,112,981,112,981,112,112,112,981,112,981,112,789,112,981,112
d7984e6e1a51b3c4.png,518,518,822,518,822,518,822,518,822,518,822,518,822,518,822,518,518,518,518,518,518
979757e16b67ac7e.png,323,323,327,323,327,323,327,323,327,323,327,323,327,323,327,323,323,323,323,323,323
60ab0fb53634bc3c.png,766,766,707,766,707,766,766,766,766,766,766,766,707,766,766,766,766,766,766,766,766
ad333e5d6953cbbf.png,633,633,508,633,508,633,606,633,516,633,516,633,809,633,633,633,633,633,606,633,633
2b7e6f0d6f73fa1f.png,638,454,638,454,638,550,638,638,638,554,638,638,693,638,638,887,638,638,638,638,638
4063377442ea93d3.png,596,596,570,596,570,596,570,596,596,596,596,596,596,596,596,515,596,789,596,596,596
60ed157b21d49c4c.png,755,508,755,508,755,755,755,755,755,755,755,755,755,755,508,755,755,755,508,508,508
8f07c92f0af97807.png,806,806,603,806,603,806,806,806,806,806,806,806,806,806,806,806,806,806,806,806,806
d67b326ef48bb7b7.png,874,874,498,874,498,874,498,874,874,874,498,874,885,874,874,874,874,874,874,874,874
9f3afb58c061c290.png,981,981,750,981,750,91,750,981,750,979,825,981,750,972,750,750,750,750,750,981,2
1f7c25207bc3e303.png,476,476,455,476,455,476,625,476,455,476,455,476,455,476,476,476,476,476,476,476,476
70d812d368e3e828.png,456,456,410,456,410,456,456,456,456,456,456,456,456,456,456,456,456,456,456,456,456
e19a59ad09d18497.png,443,443,756,443,756,443,443,443,756,443,756,443,443,443,443,443,443,443,443,443,443
dde33b51c8c152d2.png,735,735,865,735,865,735,735,735,865,735,469,735,469,735,752,735,735,735,735,735,735
a33af1b9f8b8a81b.png,880,880,668,880,668,880,668,880,668,880,668,880,668,880,668,880,880,880,668,880,880
1c924877ccc60129.png,410,410,827,410,827,410,827,410,827,636,827,410,827,827,686,410,827,410,827,827,827
74dbbe535861d709.png,702,418,702,418,702,418,702,702,702,702,702,702,702,702,702,418,702,418,702,418,702
858ec91996beb034.png,686,686,415,686,415,686,415,686,827,686,415,686,480,686,749,686,536,686,480,686,827
e5cf220f8144c192.png,706,467,706,467,706,706,706,706,706,706,706,706,706,548,706,706,706,706,706,706,706
34a39905ce228160.png,769,769,607,769,607,769,588,769,742,769,825,769,742,769,982,769,769,769,806,769,806
9455bd672cb9e4bd.png,522,522,869,522,869,522,648,522,522,522,923,522,869,522,923,522,522,522,522,522,522
9c509bfb75167fb0.png,641,641,836,641,836,641,836,641,836,641,641,641,641,641,641,641,641,641,836,641,641
37e7dc99bf2704c7.png,664,664,498,664,498,664,498,664,498,498,498,498,498,498,498,664,498,664,498,664,664
f2bfa7a95e787fe1.png,721,721,586,721,586,721,632,721,632,721,632,721,632,721,632,721,721,721,632,721,721
0f9d8c86a9f38020.png,760,760,705,760,705,760,760,760,705,760,610,760,760,760,705,760,760,760,760,760,760
ce05236afebb173d.png,536,536,260,536,260,536,536,536,536,536,536,536,536,536,536,536,536,536,536,536,536
12fb008451be82d4.png,583,583,855,583,855,583,499,583,583,583,583,583,583,583,510,583,583,583,583,583,583
1a7425e8f990e04a.png,608,608,782,608,782,608,578,608,782,608,880,608,608,608,880,608,608,608,608,608,608
1ba816dc6937b62d.png,860,860,749,860,749,860,598,860,749,860,860,860,465,860,860,860,860,860,860,860,860
a92e49d8bbdc2aae.png,533,533,527,533,527,533,533,533,533,533,533,533,533,533,533,533,533,533,533,533,533
0e0f1fd2ed183781.png,114,114,70,114,70,114,118,114,70,114,114,114,114,114,114,114,114,114,114,114,114
c83cfca4bc9dd3c7.png,696,696,667,696,667,696,1000,696,667,696,851,696,701,696,667,696,667,696,667,696,1000
172f992e1a0ebbc3.png,566,566,893,566,893,780,976,566,707,566,976,780,913,566,976,566,780,566,780,566,410
565c67fd230f18cc.png,555,555,719,555,719,555,555,555,719,555,555,555,555,555,719,555,719,555,719,555,555
b8596bba57a73794.png,352,352,354,352,354,352,354,352,354,352,354,352,354,352,354,352,352,352,354,352,352
d94940216544b2c5.png,312,312,48,312,48,312,48,312,48,312,48,312,48,312,48,312,48,312,48,312,48
9f55ac35ce9703e5.png,9,9,88,9,88,9,88,9,88,9,432,9,88,9,83,9,88,9,88,9,9
55323ce1ff485412.png,386,386,213,386,213,386,213,386,515,386,387,386,387,386,387,386,386,386,387,386,386
526f322d78bd5b44.png,571,571,692,571,692,571,644,571,571,571,571,571,571,571,644,571,571,571,571,571,571
229fbe790098d2e5.png,481,481,425,481,425,481,481,481,481,481,481,481,481,481,481,481,481,481,481,481,481
e0c0f412d78571dc.png,734,734,976,734,976,734,734,734,734,734,734,734,734,734,734,734,734,734,734,734,734
d12aad0d18252b40.png,325,325,972,325,972,325,972,325,972,325,829,325,972,325,972,325,966,325,325,325,325
22712d0324d43ef2.png,898,898,423,898,423,898,788,898,423,898,892,898,892,898,788,898,633,898,633,898,898
3201d10ec4dca056.png,739,739,956,739,956,739,739,739,739,739,739,739,884,739,739,739,739,739,739,739,739
62c7958e7cd80cca.png,402,402,515,402,515,402,402,402,503,402,412,402,646,402,656,402,503,402,402,402,402
12cf4de43c70273e.png,815,815,877,815,877,815,436,815,897,815,815,815,815,815,660,515,52,789,983,815,815
56dbd7d814ef5c58.png,254,254,192,254,192,254,210,254,210,254,210,254,210,254,210,254,274,254,254,254,254
e91abe0f1a7a30f4.png,752,752,818,752,818,752,818,752,752,752,752,752,752,752,752,752,752,752,752,752,752
641d03527848417f.png,341,341,786,341,786,341,341,341,341,341,341,341,341,341,341,341,341,341,341,341,341
de282cea97167923.png,305,304,305,304,305,305,305,305,305,305,305,305,305,305,305,305,305,305,305,305,305
088560551b91ceb0.png,983,983,637,983,637,983,579,983,637,983,637,983,602,983,415,983,415,983,415,983,602
a70b1cda0776cba6.png,143,143,142,143,142,143,142,143,142,143,142,143,143,143,142,143,142,143,142,143,142
c036b20afde859b7.png,281,281,273,281,273,281,273,281,273,281,273,281,273,281,273,281,273,281,273,281,273
5d6c4759c26bae8c.png,547,547,911,547,911,547,547,547,547,547,547,547,547,547,547,547,547,547,547,547,547
3eded0a8d5f16059.png,100,100,92,100,92,100,92,100,92,128,92,100,92,100,22,100,92,100,8,100,100
9db1070b1b9f03d2.png,324,324,71,324,71,324,71,324,71,324,553,324,315,324,71,324,324,324,324,324,324
e3c3f8889ac99aec.png,536,536,489,536,489,536,489,536,489,536,536,536,536,536,536,536,536,536,536,536,536
d6d42f8a1f6b4460.png,666,666,613,666,613,666,613,666,666,666,666,666,666,666,666,666,666,666,666,666,666
517dc655edeaf344.png,430,430,809,430,809,430,430,430,430,430,430,430,430,430,430,430,430,430,430,430,430
10db986bad48a9d5.png,894,894,721,894,721,894,841,894,540,592,825,894,540,540,540,894,540,778,778,894,420
17cfccd62451a233.png,966,966,924,966,924,966,924,966,924,966,924,966,924,966,924,966,924,966,924,966,966
212476b1b58a0cfe.png,512,512,437,512,437,512,437,512,437,512,437,512,512,512,512,512,512,512,512,512,437
919a6f1d23c6d05e.png,145,145,128,145,128,145,128,145,128,145,129,145,88,145,798,145,145,145,145,145,145
da4f4d6944d93ae0.png,735,735,719,735,719,735,735,735,735,735,735,735,735,735,735,735,735,735,735,735,735
1461ed9402248ddc.png,514,514,559,514,559,514,514,514,514,514,514,514,514,514,514,514,514,514,514,514,514
f0dcd519b5499d48.png,664,664,874,664,874,664,874,664,664,664,664,443,664,664,664,664,664,664,664,664,664
9a5913e0fb6d0866.png,767,767,471,767,471,468,468,767,583,767,471,767,999,767,999,767,988,767,954,767,468
cfab8f880da31ad8.png,541,541,518,541,518,541,518,541,541,541,541,541,541,541,541,541,541,541,541,541,541
17df043d369008f5.png,991,991,114,991,114,991,114,991,114,991,114,991,114,991,114,991,114,998,114,991,114
95d6a4087f394d8b.png,750,750,457,750,457,750,457,750,750,750,750,750,457,750,80,750,750,750,750,750,750
0be391239ccba0f2.png,719,719,66,719,66,719,719,719,719,719,719,719,719,719,719,719,719,719,719,719,719
8d68931ba23fdeb7.png,842,842,452,842,452,842,842,842,842,842,842,842,842,842,842,842,842,842,842,842,842
6bff4ecb94f1f84e.png,859,859,542,859,542,859,859,859,859,859,859,859,859,859,859,859,859,859,859,859,859
96fcb76927274db6.png,472,472,456,472,456,472,472,472,472,472,472,472,472,472,472,472,472,472,472,472,472
4de063bd5b838f11.png,2,2,877,2,877,2,877,2,877,2,877,2,877,2,694,2,694,2,841,2,2
55b85f4336d9603a.png,880,880,808,880,808,880,880,880,880,880,880,880,880,880,880,880,880,880,880,880,880
f6437ed4f1b8fe23.png,302,302,585,302,585,302,585,302,585,302,302,302,585,302,585,302,302,302,302,302,302
a90d9627e2145090.png,426,426,905,426,905,426,426,426,905,426,426,426,426,426,426,426,426,426,426,426,426
f4bde5facfdca0c6.png,788,788,641,788,641,788,641,788,641,788,641,788,641,788,459,788,641,788,788,788,788
803450d936b35ebb.png,934,934,119,934,119,934,119,934,119,934,119,934,119,934,119,934,934,934,934,934,934
fff35cdcce3cde43.png,913,913,864,913,864,913,864,913,864,913,864,913,864,913,864,913,913,913,913,913,913
b58e8d136aff5a50.png,625,625,455,625,455,625,455,625,455,625,455,625,455,625,861,455,455,625,455,625,455
76d7e2d1bf3a31fe.png,312,312,68,312,68,312,68,312,83,312,312,312,58,312,58,312,58,312,58,312,314
a777db736ecdfb65.png,326,326,318,326,318,326,315,326,318,326,315,326,319,326,127,326,79,326,79,326,326
f1a6fdadaa132225.png,990,990,578,990,578,990,788,990,869,990,869,990,869,990,788,990,894,990,869,990,990
6bea02f26beef50d.png,709,709,736,709,736,709,736,709,502,502,502,709,736,502,502,709,502,709,888,709,709
7b6a9bf5b175e3b2.png,558,558,768,558,768,558,717,558,558,558,717,558,592,558,754,558,592,558,592,558,558
7c249a944594a62e.png,990,990,792,990,792,990,490,990,990,990,581,990,122,990,124,816,490,990,990,990,990
5c2d823a4d30e3d5.png,718,718,828,718,828,718,718,718,437,718,718,718,718,718,718,718,718,718,718,718,718
fc94d8ed9eca8c51.png,390,390,510,390,510,390,510,390,510,723,510,396,396,940,510,390,396,390,396,390,396
73728c249317ccb9.png,848,848,587,848,587,848,587,848,587,848,587,848,587,848,587,848,587,848,587,848,587
0b1d45bd9ab1064e.png,561,561,876,561,876,561,514,561,514,982,982,561,567,561,567,561,876,561,561,561,561
4b52fd42977215b9.png,901,901,558,901,558,901,901,901,901,901,558,901,901,901,734,901,901,901,901,901,901
c27e3bde18fba21b.png,323,323,319,323,319,323,319,323,326,326,326,323,323,323,326,323,323,323,323,323,323
5dbfff56258cf9e6.png,318,318,776,318,776,318,318,318,185,318,185,318,355,318,318,318,355,318,318,318,318
c47ca11294a9aefe.png,547,547,903,547,903,547,547,547,547,547,547,547,547,547,547,547,547,547,547,547,547
97917829607b6189.png,859,859,558,859,558,859,859,859,581,859,539,859,859,539,539,859,840,789,744,859,840
d386396825739960.png,854,854,563,854,563,854,563,854,563,854,563,854,563,854,563,854,854,854,854,854,854
44fa09bc5f8e69a5.png,304,304,303,304,303,304,303,304,303,304,303,304,304,304,303,304,304,304,304,304,304
70db5a1689f89129.png,434,434,446,434,446,434,434,434,434,434,434,434,434,434,434,434,434,434,434,434,434
89d60f53d478c4f7.png,668,668,499,668,499,668,499,668,499,668,789,668,499,668,499,668,820,668,820,668,820
d531a31add433f46.png,764,764,547,764,547,764,465,764,764,764,764,764,764,764,764,764,764,764,764,764,764
4d0c0f35a0c00bdc.png,680,680,489,680,489,680,680,680,680,680,680,680,680,680,680,680,680,680,680,680,680
33197fa6ae88508a.png,848,848,587,848,587,848,587,848,587,848,587,848,587,848,587,848,848,848,848,848,848
78059d1afd7b9fea.png,58,58,67,58,67,58,55,58,55,58,58,58,58,58,58,58,58,58,58,58,58
542c07e8bf8e283c.png,145,145,147,145,147,145,147,145,147,145,147,145,100,145,147,145,147,789,145,145,145
e8c99e0220ab46d2.png,591,591,755,591,755,591,762,591,689,591,689,591,689,591,762,591,591,591,762,591,591
c755f3b0f89028fc.png,566,566,570,566,570,566,570,566,570,566,587,566,570,566,570,570,570,789,570,566,570
76db169867bf2e9d.png,964,964,938,964,938,964,938,964,938,964,938,964,938,964,960,964,938,964,938,964,964
784232355d49601b.png,327,327,795,327,795,327,327,327,319,327,327,327,327,327,327,327,327,327,327,327,327
e99ceff3e420ef95.png,831,831,745,831,745,831,745,831,658,831,831,831,658,831,658,831,831,831,658,831,831
23955512cd0e1191.png,476,476,898,476,898,476,898,476,898,898,898,898,898,898,898,476,898,476,898,476,898
d6eac6858474111c.png,323,323,327,323,327,323,327,323,323,323,327,323,327,323,323,323,323,323,323,323,323
8d90c523b27410a7.png,321,321,753,321,753,321,321,321,319,321,321,321,321,321,321,321,321,321,321,321,321
5cf72b48fdf5e419.png,630,630,420,630,420,630,817,630,420,630,630,630,420,630,630,630,674,630,630,630,630
228fec6cab5f560d.png,974,974,126,974,126,974,126,974,126,974,974,974,974,974,126,974,974,974,974,974,974
e7b61bec5e4ca40e.png,324,324,816,324,816,324,816,324,816,324,324,324,324,324,324,324,324,324,324,324,324
d3551db0b83c8fc0.png,618,618,933,618,933,618,62,618,62,618,842,618,797,618,842,618,982,618,61,618,618
c7d0c73d636300f5.png,830,830,395,830,395,830,70,830,395,830,830,830,51,830,51,830,830,830,875,830,830
61ed2594a0524631.png,472,472,909,472,909,472,480,472,909,472,752,472,472,472,472,472,472,472,472,472,472
89f48bcf97aa6600.png,418,418,822,418,822,418,418,418,822,418,418,418,418,418,418,418,418,418,418,418,418
ed786d792c4309a4.png,499,499,540,499,540,499,407,499,459,499,407,499,407,499,407,499,407,499,407,499,459
9fe19d5c6dab83a3.png,455,455,447,455,447,455,496,455,455,455,455,455,482,455,455,455,455,455,455,455,455
d5d5f843f100328c.png,886,886,118,886,118,886,118,886,507,886,118,886,507,886,911,886,955,507,507,886,886
789417c091011f53.png,345,345,349,345,349,345,349,345,349,345,349,345,349,345,349,345,349,345,349,345,349
e648427e38e80ff8.png,888,888,930,888,930,888,930,888,930,888,776,888,888,888,888,888,888,888,888,888,888
1478a0fc99a988db.png,776,615,776,615,776,776,776,776,776,776,776,776,776,776,776,776,776,776,776,776,776
e758de2cbb3d10a0.png,305,305,989,305,989,305,989,305,989,305,989,305,310,305,989,305,305,305,309,305,305
8af30e5c3fa48a08.png,696,696,530,696,530,696,751,696,530,696,771,696,530,696,530,696,789,696,583,696,696
38287d2e5a4a9a57.png,960,960,829,960,829,960,924,960,829,960,960,960,960,960,960,960,960,960,960,960,960
c6e0d2ab3bbf4a3e.png,706,706,780,706,780,706,706,706,706,706,706,706,706,706,706,706,706,706,706,706,706
4cccb215bd60b3c3.png,33,33,32,33,32,33,32,33,32,33,33,33,33,33,33,33,33,33,33,33,33
9a49001b63903f72.png,769,769,881,769,881,769,881,769,881,769,881,769,881,769,881,769,881,769,881,769,806
1cbae41091a750dc.png,473,473,694,473,694,473,694,473,473,473,473,473,473,473,473,473,473,473,473,473,473
de40907c1e2c5515.png,629,629,699,629,699,629,629,629,629,629,629,629,629,629,629,629,629,789,629,629,629
446f75fdea0e1da0.png,922,922,798,922,798,922,894,922,894,632,693,922,693,922,922,922,550,632,693,922,550
059da9a174262427.png,254,254,174,254,174,254,174,254,174,254,174,254,174,254,174,254,174,174,174,254,174
35c344ca0584ba14.png,688,688,664,688,664,688,688,688,688,688,688,688,688,688,688,688,688,688,688,688,688
c335ce88293384f2.png,735,735,408,735,408,735,408,735,408,408,408,735,408,735,408,735,408,735,408,735,735
daa6404780b1af27.png,638,638,572,638,572,638,572,638,572,638,572,638,572,638,572,638,638,638,572,638,638
446b24f903b488fc.png,144,144,516,144,516,144,144,144,144,144,144,144,144,144,144,144,144,144,144,144,144
d7ffed8f21024a14.png,752,752,657,752,657,752,752,752,657,752,752,752,752,752,657,752,752,752,752,752,752
5efeca6c4c233f01.png,761,761,633,761,633,761,761,761,712,761,712,761,712,761,701,119,119,789,701,761,633
7d599306068f4594.png,717,717,661,717,661,717,661,717,661,717,661,717,661,717,661,717,717,717,717,717,717
67a52d9155241752.png,830,830,780,830,780,830,875,830,780,830,780,830,865,830,830,830,875,830,875,830,830
dc12a25cc85ee9cf.png,647,647,894,647,894,647,647,647,647,647,647,647,647,647,647,647,647,647,647,647,647
0d6463e9a7ef6185.png,771,771,598,771,598,771,771,771,771,771,631,771,771,771,771,771,631,771,631,771,771
af543b5f19ed1b1d.png,40,40,50,40,50,40,40,40,40,40,40,40,40,40,40,40,40,40,40,40,40
a7151de51c2f1d0b.png,345,345,347,345,347,345,24,345,869,345,347,345,50,345,24,345,50,345,345,345,50
c5c9d17672ff88ce.png,458,458,922,458,922,458,922,458,922,458,922,458,922,458,922,458,922,458,922,458,458
5bdb8268eadf57d8.png,852,852,465,852,465,852,465,852,465,852,894,852,465,852,749,852,627,852,465,852,860
80177288cda51d95.png,641,641,972,641,972,641,641,641,641,641,641,641,641,641,641,641,641,641,641,641,641
5b60477a29c7ef81.png,416,416,964,416,964,416,583,416,964,416,416,933,416,416,416,416,416,416,416,416,416
da7e65bc80814f37.png,788,778,869,778,869,788,869,788,862,788,788,788,788,788,788,788,788,788,869,788,788
4aeb33c9e565a201.png,98,98,19,98,19,98,81,98,19,98,19,98,98,98,98,98,98,98,19,98,98
19d43f8204d3183d.png,985,985,562,985,562,985,985,985,991,985,985,985,985,985,985,985,985,985,985,985,985
2b741c5c635a7295.png,108,108,750,108,750,108,750,108,750,108,108,108,108,108,108,108,108,108,108,108,108
398720b8f19d5b84.png,697,697,421,697,421,697,749,697,421,697,432,697,421,697,836,697,636,697,421,697,636
ab8329c28d8538c3.png,469,469,576,469,576,469,469,469,469,469,469,469,469,469,469,469,469,469,469,469,469
348618ddbde3a39c.png,386,386,349,386,349,386,349,386,387,386,350,386,387,386,387,386,387,386,387,386,387
d0029b3675b792ae.png,790,790,805,790,805,790,805,790,805,790,805,790,805,790,805,790,805,790,790,790,790
69854b68476d5068.png,893,893,410,893,410,893,893,893,893,410,410,410,410,893,893,893,893,893,893,893,893
4bdb561770b52424.png,147,147,82,147,82,147,82,147,147,147,147,147,147,147,147,147,147,147,147,147,147
a92ab9e5fb9c5d64.png,629,629,815,629,815,629,815,629,815,629,815,629,872,629,815,629,815,629,815,629,815
8c6edf1ddfb61102.png,889,889,809,889,809,889,409,889,889,889,889,889,889,889,889,889,889,889,889,889,889
c135b139d293f7f2.png,347,347,691,347,691,347,346,347,347,347,347,347,347,347,347,347,347,347,347,347,347
7d2e9b03ec1b630b.png,401,401,668,401,668,401,401,401,401,401,668,401,401,401,668,401,401,401,401,401,401
29fe8d653950a631.png,80,80,68,80,68,80,80,80,80,80,80,80,80,80,80,80,80,80,80,80,80
d4c817db6be62b71.png,95,95,701,95,701,95,95,95,95,95,95,95,95,95,95,95,95,95,95,95,95
1e77361718213a43.png,440,440,876,440,876,440,440,440,653,440,440,440,440,440,653,440,440,440,440,440,440
6711e27733cfd050.png,718,718,469,718,469,718,718,718,512,718,718,718,718,718,718,718,718,718,718,718,718
df874264566c58a9.png,742,742,612,742,612,742,742,742,742,742,742,742,742,742,742,742,742,742,742,742,742
67c0339b1dfda5f6.png,558,558,697,558,697,558,748,558,880,558,609,558,543,558,880,558,451,558,558,558,558
abd121ef53a69ef8.png,240,240,177,240,177,240,233,240,241,240,241,240,242,240,233,240,241,240,240,240,233
5021e7da00bf43b2.png,480,480,898,480,898,480,898,480,746,480,898,480,662,480,662,480,480,480,480,480,480
ebdfdcba5dc3b72a.png,868,868,572,868,572,868,868,868,868,868,868,868,868,868,868,119,868,789,868,868,868
68274b8293271807.png,834,834,200,834,200,834,198,834,200,834,707,834,599,834,976,834,461,834,834,834,834
a84ead15406596ce.png,480,480,536,480,536,480,546,480,480,480,480,480,480,480,480,480,480,480,480,480,480
5d1df4748743d42e.png,964,964,122,964,122,964,122,964,964,964,964,964,964,964,964,964,964,964,964,964,964
16ff75228179469c.png,228,228,165,228,165,165,165,228,165,165,165,228,165,228,165,165,165,228,165,228,165
6e840c209f5733d5.png,442,442,928,442,928,442,928,442,928,442,928,442,928,442,442,442,442,442,442,442,442
16bbe588e0ecc6ab.png,142,142,136,142,136,142,136,142,136,142,136,142,136,142,136,142,142,142,136,142,142
46b657df12fd7c26.png,284,284,273,284,273,284,25,284,284,284,284,284,284,284,284,284,284,284,284,284,284
bc7dff0960bb3335.png,443,443,840,443,840,443,840,443,410,443,498,443,443,443,443,443,443,443,443,443,443
128fca690a11f68c.png,98,98,8,98,8,98,84,98,8,98,134,98,98,98,8,98,98,98,98,98,98
ed9b2813b9245e52.png,880,880,458,880,458,880,502,880,888,880,701,668,835,880,502,880,835,880,880,880,835
a187afb98f295057.png,121,121,23,121,23,121,83,121,83,121,335,121,83,121,335,121,14,121,21,121,35
d2d2b255935f0aae.png,948,948,354,948,354,948,354,948,354,948,354,948,354,948,354,948,948,948,354,948,948
4d008626b4b68665.png,108,108,37,108,37,108,670,108,37,108,37,108,70,108,37,108,30,108,62,108,77
10bc8784a5eb8843.png,744,440,744,440,744,699,744,744,744,653,744,699,744,744,744,653,668,744,744,653,653
77ac8bf95825dfcc.png,635,635,507,635,507,635,463,635,635,635,989,635,635,635,908,635,635,635,635,441,989
5c8bcfa0dbb246ab.png,818,818,512,818,512,818,512,818,512,818,512,818,512,818,818,818,818,818,818,818,818
afb0233b2e0545c4.png,581,581,991,581,991,581,581,581,581,581,581,581,581,581,581,581,581,581,581,581,581
1bb5f1337dfb1edd.png,641,641,817,641,817,641,641,641,641,641,641,641,641,641,641,641,641,641,641,641,641
a3c4dd88edacb575.png,400,400,455,400,455,400,455,400,455,400,455,400,455,400,455,400,455,400,801,400,455
64ed3f0e8a2dc320.png,653,653,646,653,646,653,646,653,646,653,653,653,646,653,646,653,653,653,653,653,646
d25df1a8259d3fdf.png,161,161,213,161,213,161,213,161,213,161,213,161,213,161,213,161,161,161,161,161,161
184a160b32ff4c72.png,518,518,558,518,558,518,558,518,518,518,518,518,518,518,518,518,558,518,518,518,518
4f722cab5573a5fb.png,885,885,788,885,788,885,885,885,885,885,885,885,885,885,885,885,885,885,885,885,885
1b546695167d3f6e.png,960,960,553,960,553,960,912,960,910,960,960,960,729,960,960,960,960,960,960,960,960
6a940d1bf69f1d10.png,558,558,701,558,701,558,701,558,701,558,558,558,701,558,558,558,558,558,906,558,558
f4902a569fa12171.png,950,950,954,950,954,950,950,950,950,950,950,950,950,950,950,950,950,950,950,950,950
54a6b2cd7f89220e.png,918,918,972,918,972,918,972,918,972,918,918,918,918,972,972,918,972,972,972,918,918
7b71925e989ee1d8.png,934,934,925,934,925,934,925,934,925,934,925,934,925,934,925,934,925,934,925,934,925
eae13c52554a7783.png,781,781,915,781,915,781,781,781,781,781,781,781,781,781,781,119,52,789,789,781,781
b1e69e9c3d740f4c.png,4,4,395,4,395,4,395,4,395,4,395,4,395,4,395,4,4,4,4,4,4
493e327b171ab0c3.png,831,831,425,831,425,831,425,831,425,831,425,831,425,831,425,831,425,831,425,831,831
2efe4916e679e875.png,866,866,668,866,668,866,866,866,407,866,866,866,866,866,866,866,866,866,866,866,866
588bd41c9aa5a81b.png,534,534,912,534,912,534,534,534,534,534,534,534,534,534,534,540,825,534,534,534,736
49b1adfeb8ffcabd.png,932,932,109,932,109,932,109,932,109,932,109,932,109,932,109,932,932,932,932,932,932
225e06c2dfa68a62.png,882,882,688,882,688,882,882,882,882,882,882,882,908,882,882,882,882,882,908,882,882
d7d5b34ea0a0ffcf.png,878,878,880,878,880,878,880,878,618,878,647,878,647,878,647,878,763,878,878,878,878
0212aa8aa912ee45.png,327,327,125,327,125,327,990,327,884,327,817,327,990,327,48,327,316,327,990,327,327
d7de327bbf412965.png,490,490,362,490,362,490,363,490,362,490,747,490,747,490,747,490,490,490,490,490,747
2200794c59b1808e.png,311,311,306,311,306,311,306,311,306,311,306,311,306,311,306,311,311,311,306,311,311
83896b9fb7e9c2f8.png,537,537,646,537,646,537,537,537,734,537,537,537,537,537,537,537,537,789,646,537,537
f9f36f7774d73820.png,305,305,307,305,307,305,307,305,307,305,305,305,305,305,307,305,305,305,305,305,305
796e23f8dbf9a7a2.png,607,607,533,607,533,607,787,607,607,607,607,607,607,607,787,607,607,607,607,607,607
dad40e355e4e8e96.png,655,655,437,655,437,655,437,655,437,655,437,655,437,655,437,655,437,437,437,655,655
064e1cc405062c85.png,108,108,260,108,260,108,260,108,188,108,110,108,110,108,110,108,108,108,108,108,108
1484479b7630af0a.png,702,702,697,702,697,702,747,702,747,702,959,702,959,702,701,702,702,702,702,702,702
18d5f99fe237a306.png,815,815,513,815,513,815,585,815,778,815,564,815,771,815,815,815,815,815,815,815,815
d0c6c29954f0380b.png,431,431,511,431,511,431,431,431,431,431,891,431,431,431,891,431,431,431,431,431,431
c777da68bec01dcd.png,487,487,806,487,806,487,487,487,487,487,487,487,487,487,487,487,487,487,487,487,487
5cd8864b6e35df82.png,866,866,578,866,578,866,416,866,185,866,866,866,510,866,866,866,866,866,578,866,866
444109f3ccfacc7b.png,336,336,285,336,285,336,286,336,286,336,299,336,152,336,152,336,336,336,336,336,336
b722c809657aecee.png,777,777,653,777,653,777,777,777,777,777,777,777,777,777,777,777,777,777,777,777,777
a193f7ae7d550a82.png,738,899,738,899,738,738,738,738,738,899,738,738,738,738,738,738,738,738,738,738,738
97025d82ec9860dc.png,676,676,735,676,735,676,676,676,676,676,735,676,676,676,676,676,676,676,676,676,676
23f39187c0d00e30.png,972,972,66,972,66,972,972,972,972,972,972,972,972,972,972,972,972,972,972,972,972
515c6586db87bbd8.png,874,874,699,874,699,874,699,874,699,874,699,874,699,874,699,874,699,874,874,874,874
42e9b41ce96dbf0a.png,851,851,444,851,444,851,204,851,851,851,851,851,851,851,851,851,851,851,851,851,851
126175abfdcb1a21.png,471,471,697,471,697,471,471,471,471,471,471,471,471,471,471,471,471,471,471,471,471
4b0c9bf2584b35d3.png,960,960,938,960,938,960,938,960,938,938,938,960,938,938,938,960,938,960,938,960,938
19b5bea9a7608a92.png,778,778,606,778,606,778,594,778,778,778,598,778,863,778,598,778,474,778,778,778,778
1a94dc47fdd84a95.png,870,870,530,870,530,870,870,870,870,870,870,870,870,870,870,119,515,870,870,870,870
c35cd0d5673ec1db.png,963,963,925,963,925,963,925,963,925,963,925,963,925,963,925,963,925,963,925,963,925
b239b5b3e1642f3b.png,914,914,778,914,778,914,778,914,778,914,778,914,778,914,778,914,859,526,778,914,492
e22a1c8dab22f256.png,311,311,122,311,122,311,311,311,75,311,78,311,311,311,78,311,311,311,311,311,311
d959fd91192d5717.png,629,629,406,629,406,629,629,629,406,629,629,629,629,629,629,629,629,629,629,629,629
692016122b9e07a6.png,960,960,809,960,809,960,912,960,959,960,912,960,912,960,912,960,960,960,589,960,960
8749fd2540a0cb01.png,833,833,688,833,688,833,688,833,688,833,833,833,833,833,833,833,833,833,833,833,833
8e9e976fc98e3cfa.png,666,666,752,666,752,666,666,666,662,666,662,666,666,666,666,666,536,666,666,666,666
d7c8008bf74f2324.png,815,815,473,815,473,815,473,815,473,815,473,815,694,815,473,815,815,815,815,815,626
330b9cb3cd80c88b.png,534,534,670,534,670,534,534,534,534,534,534,534,534,534,534,534,534,534,534,534,534
1ef172b89f4a39cf.png,51,51,50,51,50,51,50,51,50,51,50,51,50,51,50,51,50,51,50,51,50
b02b553998809e17.png,704,704,612,704,612,704,612,704,612,704,612,704,612,704,792,704,739,704,612,704,704
74b2e35cda75fe27.png,629,629,821,629,821,629,204,629,284,629,220,629,200,629,227,629,629,629,629,629,629
f5a2cf5c66d313fa.png,977,977,345,977,345,977,345,977,70,977,50,977,977,977,980,977,361,789,977,977,977
5ceb9f2e8405b0de.png,412,412,618,412,618,412,412,412,412,412,412,412,618,412,412,412,412,412,412,412,412
114c98c078c5aab0.png,50,50,612,50,612,50,612,50,612,50,612,50,50,50,50,50,50,50,50,50,50
d741b583a123562b.png,321,321,320,321,320,321,321,321,321,321,321,321,321,321,321,321,321,321,321,321,321
324278ff7f22b4eb.png,498,498,819,498,819,498,819,498,819,498,819,819,819,498,819,819,819,498,819,498,973
1f4227ce24232867.png,34,34,398,34,398,34,330,34,110,34,7,34,110,34,397,34,34,34,34,34,34
5973419efd52f783.png,625,625,499,625,499,625,706,625,599,625,763,625,763,625,763,625,763,625,499,625,625
fdedd06cdf58084e.png,982,982,609,982,609,982,609,982,609,982,609,982,609,982,609,982,982,982,982,982,982
911aebf30626ce02.png,875,875,780,875,780,875,875,875,875,875,780,875,780,875,875,875,875,875,875,875,875
55599050147071cc.png,473,473,694,473,694,473,473,473,473,473,473,473,473,473,473,473,473,473,473,473,473
eee6f4bcc8468f77.png,964,964,965,964,965,964,964,964,964,964,964,964,964,964,964,964,964,964,964,964,964
7f3c20f487834846.png,408,408,735,408,735,408,408,408,408,408,408,408,408,408,408,408,408,408,408,408,408
8c8bc30a62a1ee23.png,304,304,73,304,73,304,73,304,304,304,304,304,304,304,304,304,304,304,304,304,304
7e0fb7f80ffa514b.png,655,655,758,655,758,655,758,655,655,655,758,655,570,655,758,655,758,655,570,655,655
c02ff39fe5832f4b.png,905,905,695,905,695,905,728,905,581,905,581,558,581,625,744,728,906,558,558,905,905
891fe6baf8896b77.png,325,325,560,325,560,325,560,325,560,325,429,325,328,325,659,325,325,325,326,325,325
e96d52f9fbe3ca0b.png,631,631,503,631,503,631,771,631,631,631,631,631,631,631,503,631,631,631,631,631,631
29279d12ed3e29ff.png,458,458,559,458,559,458,684,458,684,458,559,458,684,458,458,458,458,458,458,458,458
ac295a63ac9d2cd7.png,693,693,428,693,428,693,922,693,922,693,693,693,693,693,693,693,693,693,693,693,922
5d23b04cc45bc37b.png,518,518,865,518,865,518,865,518,865,518,865,518,865,518,865,518,518,518,518,518,518
11c53fe6feb856c6.png,477,477,892,477,892,428,892,477,892,477,892,477,892,477,892,477,543,477,751,944,940
cbcb7444cc827812.png,763,763,819,763,819,763,499,763,499,763,499,763,763,763,819,763,763,763,499,763,763
fe1314dd6f75551d.png,921,921,754,921,754,921,754,921,754,921,562,921,921,921,557,921,921,921,921,921,921
a8fca010774a1187.png,829,490,829,490,829,829,829,829,829,829,829,829,678,829,829,490,829,829,829,829,829
5ec826683757ffae.png,23,23,22,23,22,23,23,23,23,23,23,23,23,23,23,23,23,23,23,23,23
b9310b9080c06e4f.png,867,867,662,867,662,867,867,867,867,867,662,867,480,867,662,867,867,867,867,867,867
4f9f0b75f5b04524.png,58,58,42,58,42,58,58,58,58,58,42,58,58,58,58,58,58,58,58,58,58
4abadb721e74b99b.png,945,945,125,945,125,945,583,945,125,945,125,945,125,945,912,945,945,945,416,945,933
a3c651cf20ee2d34.png,641,402,641,402,641,641,641,641,641,402,641,402,641,641,641,641,641,641,641,641,641
5c4eec952ca114a1.png,348,348,349,348,349,348,349,348,349,348,349,348,349,348,349,348,347,348,349,348,348
7f045354f4577c16.png,558,558,665,558,665,558,558,558,7,558,558,558,558,558,558,558,558,789,558,558,558
53211f8a1b131de6.png,946,946,930,946,930,946,930,946,930,946,930,946,930,946,930,946,930,946,930,946,990
9c0e25e2f72438e8.png,512,512,718,512,718,512,512,512,718,512,628,512,437,512,512,512,512,512,512,512,512
55512a6c2a45e2e8.png,928,928,944,928,944,928,944,928,726,928,113,928,953,928,944,928,928,928,928,928,929
869adfbad4e38261.png,592,592,722,592,722,592,722,592,722,592,722,592,722,592,722,722,722,592,722,592,722
adcf48b42266309d.png,505,505,900,505,900,505,900,505,1000,505,1000,505,505,505,900,505,505,505,505,505,505
3b67bec3793efcb4.png,822,822,563,822,563,822,563,822,563,822,563,822,563,822,719,822,822,822,563,822,822
67a08d685abf7fb6.png,739,739,884,739,884,739,884,739,884,739,739,739,739,739,884,739,739,739,739,739,739
22a313cc9fc2b4f1.png,310,310,309,310,309,310,310,310,310,310,310,310,310,310,310,310,310,310,310,310,310
0d85e0103989c850.png,324,324,985,324,985,324,324,324,324,324,324,324,324,324,324,324,324,324,324,324,324
c3cf76709c87255b.png,676,676,706,676,706,657,706,676,706,676,676,676,706,706,706,676,655,628,628,676,676
74355a8c878b6814.png,875,875,655,875,655,875,655,875,655,875,875,875,875,875,875,875,875,875,875,875,875
6efed50f84ec5e01.png,947,947,954,947,954,947,954,947,954,947,954,947,954,947,954,947,947,947,947,947,954
d6887e8d19a06139.png,563,563,833,563,833,563,833,563,833,563,563,563,563,563,833,563,833,563,833,563,493
21fef4d9b3dce49a.png,975,975,85,975,85,975,133,975,435,975,435,975,435,975,701,975,976,975,133,975,129
0d65cb9d26de4d37.png,571,571,864,571,864,571,618,571,644,571,644,571,571,571,644,571,571,571,644,571,571
3df888fc3b1df464.png,955,955,462,955,462,955,515,955,722,955,453,955,751,955,462,955,884,955,955,955,955
5ab3f1edd2f0cb06.png,387,387,344,387,344,387,344,387,344,387,344,387,344,387,344,387,344,387,344,387,387
51b390bb124a6d9d.png,968,968,945,968,945,968,945,968,945,968,647,968,118,968,507,968,113,968,968,968,968
5bf502c4a4b7d04d.png,10,10,105,10,105,10,105,10,105,10,105,10,10,10,332,10,10,10,10,10,10
6ad1230d612d7eb7.png,438,438,629,438,629,438,438,438,438,438,722,438,438,438,438,438,438,438,438,438,438
76a5715019fe11c7.png,821,821,563,821,563,821,563,821,821,821,563,821,647,821,821,821,821,821,563,821,821
207fd3b5def218d1.png,991,991,939,991,939,991,939,991,939,991,991,991,991,991,939,991,991,991,991,991,991
ad43e858c614db4d.png,968,968,817,968,817,968,817,968,817,968,817,968,952,968,968,968,968,968,817,968,968
b3ba6f0352a29b2d.png,752,752,574,752,574,752,574,752,574,752,752,752,752,752,574,752,752,752,752,752,752
95185508805329aa.png,653,653,459,653,459,880,459,653,459,439,459,540,540,141,540,716,513,716,716,653,653
73ee2cc19ef92e50.png,982,982,431,982,431,982,982,982,891,982,891,982,646,982,891,982,982,982,982,982,982
be1c43056c5d0085.png,145,145,134,145,134,145,133,145,133,145,750,145,750,145,750,145,145,145,145,145,133
84a5f6ee2af29208.png,321,321,320,321,320,321,320,321,321,321,321,321,320,321,321,321,321,321,321,321,321
50b9e11ae686ae32.png,321,321,311,321,311,321,311,321,311,321,321,321,321,321,311,321,320,321,321,321,321
fe2edb6cad72d2d2.png,918,918,838,918,838,918,838,918,612,918,838,918,918,918,693,918,918,918,918,918,918
58420b727fcab02b.png,138,138,147,138,147,138,147,138,147,138,98,138,138,138,138,138,138,138,138,138,138
47b087263b33728b.png,318,318,68,318,68,318,68,318,68,318,68,318,68,318,68,318,338,318,104,318,338
0e0299d6352a3fb8.png,539,539,641,539,641,539,641,539,539,539,641,539,539,539,641,539,641,539,539,539,539
2ee4c1b2b9bcc6c8.png,763,763,424,763,424,763,424,763,424,763,763,763,763,763,763,763,424,763,763,763,763
24312de5c34473c0.png,874,874,893,874,893,874,885,874,885,874,885,874,664,874,664,874,874,874,874,874,874
bb748281da5e8681.png,348,348,330,348,330,348,103,348,10,348,103,348,330,348,330,348,348,348,348,348,348
b648e8dfcb4fbc99.png,982,702,782,702,782,982,982,982,982,782,782,982,782,782,782,881,982,982,982,702,982
d2cc2eabfc7bf54a.png,556,556,542,556,542,556,542,556,542,556,542,556,820,556,820,556,542,556,542,556,556
da4b3e38b069d735.png,777,777,820,777,820,777,820,777,777,777,559,777,820,777,820,777,820,777,547,777,777
b0bb1ea9bcc45800.png,845,845,637,845,637,845,845,845,621,845,894,845,637,845,845,845,845,845,845,845,845
ac668c13ccfd4b79.png,598,598,806,598,806,598,806,598,667,598,806,598,806,598,778,598,578,598,779,598,588
b6c6a5b7829fbc9b.png,473,473,694,473,694,473,473,473,473,473,694,473,473,473,473,473,473,473,473,473,694
014f0024918a7b6f.png,10,10,356,10,356,10,10,10,10,10,10,10,10,10,10,10,10,10,10,10,10
93114736f072d6d3.png,617,61,617,61,617,617,617,617,617,617,617,617,617,617,617,617,617,617,617,617,617
c9ddfb1043177de8.png,975,975,461,975,461,975,976,975,976,975,976,975,976,975,976,975,461,975,461,975,975
7e4c41563370bed1.png,719,719,555,719,555,719,719,719,719,719,719,719,719,719,719,119,119,789,719,719,719
328d99215b19c8c7.png,806,806,626,806,626,806,831,806,831,806,831,806,831,806,831,806,831,806,806,806,806
2a1a60df9a58bb7c.png,650,864,899,864,899,650,776,650,702,650,794,650,912,864,794,864,650,864,864,650,418
263c7bcd59502625.png,480,480,476,480,476,480,480,480,476,480,480,480,415,480,480,480,437,480,480,480,480
d05076189b7fd185.png,708,708,638,708,638,708,708,708,708,708,708,708,708,708,708,708,708,708,708,708,708
fe193683db61ac2d.png,744,744,422,744,422,664,889,744,422,744,792,744,744,744,744,744,744,744,744,744,744
d8b0101e2459882a.png,655,655,708,655,708,655,708,655,708,655,878,655,801,655,706,655,468,655,524,655,706
3841b33c9797cbf1.png,909,476,909,476,909,909,909,909,909,909,909,909,909,909,909,909,909,909,909,909,909
232c22314e21f764.png,115,115,304,115,304,115,311,115,115,115,115,115,115,115,330,115,115,115,115,115,115
30b62313af2b5d74.png,316,316,312,316,312,316,312,316,313,316,316,316,317,316,312,316,316,316,316,316,316
2c54b60a2851b8ed.png,657,657,437,657,437,657,437,657,657,657,657,657,657,657,437,657,657,657,657,657,657
c96c3eab644075d3.png,348,348,701,348,701,348,701,348,540,348,348,347,348,348,701,348,348,348,348,348,348
060dfe239abfd547.png,704,704,707,704,707,704,707,704,707,704,707,704,707,704,707,704,766,424,707,704,704
0bd5123017590e39.png,566,566,695,566,695,566,581,566,695,566,581,566,792,566,695,566,526,566,526,566,526
bd3617fcc985fe31.png,833,833,484,833,484,833,833,833,833,833,833,833,833,833,833,833,833,833,833,833,833
54666421b4a6998f.png,920,920,933,920,933,920,997,920,997,920,920,920,997,920,540,920,920,920,920,920,920
4e34df87968bd882.png,339,339,347,339,347,339,347,339,342,339,349,339,333,339,347,339,339,339,339,339,339
3f48b1e74589d310.png,653,653,820,653,820,653,820,653,653,653,820,653,653,653,653,653,820,516,516,653,514
96e77c20bf94ecb1.png,818,818,437,818,437,818,818,818,512,818,818,818,818,818,818,818,818,818,818,818,818
4edeacef9fb8ec90.png,719,719,526,719,526,719,526,719,719,719,526,526,526,719,526,719,719,719,719,719,526
c9302f3b2b0452e4.png,884,884,647,884,647,884,647,884,884,884,884,884,647,884,884,647,647,884,884,884,884
0af0a5dfee6b84ff.png,484,484,874,484,874,484,874,484,874,484,709,484,484,484,874,484,484,484,709,484,484
02dbe78a73db2808.png,975,975,979,975,979,975,59,975,50,975,66,975,66,975,66,975,979,975,7,975,66
592c7424f13b2d29.png,604,604,821,604,821,604,604,604,604,604,604,604,604,604,604,604,604,604,604,604,604
f5b0ed0fbb3b5f74.png,567,567,514,567,514,567,567,567,567,567,567,567,567,567,567,567,567,567,567,567,567
1b1ffd7000d0749f.png,960,960,680,960,680,960,927,960,869,960,869,960,910,960,927,960,956,960,927,960,927
70a2529a6b2c0d46.png,580,580,765,580,765,580,587,580,414,580,831,580,414,580,653,580,587,580,643,580,580
bba5c56cc3eb07c9.png,921,921,719,921,719,921,840,921,840,921,840,921,563,921,840,921,921,921,921,921,921
000b7d55b6184b08.png,389,389,261,389,261,389,261,389,261,389,261,389,261,389,389,389,389,389,389,389,389
8a02b6196885c394.png,760,760,571,760,571,760,760,760,571,760,571,760,760,760,571,760,760,760,760,760,746
582663fe666aac9c.png,923,923,852,923,852,923,783,923,783,923,783,923,783,923,783,923,783,923,923,923,923
f6515f31b750a573.png,477,477,356,477,356,477,340,477,356,477,677,477,356,477,356,477,477,477,477,477,477
acd99e9b7128395a.png,859,859,971,859,971,859,971,859,971,979,971,859,971,859,971,859,859,859,971,859,859
83d35591dfff99ac.png,581,581,816,581,816,581,816,581,816,581,816,581,581,581,581,581,581,581,581,581,581
3dfbdd066af9ca1e.png,821,821,765,821,765,821,414,821,821,821,821,821,821,821,821,821,821,821,821,821,821
59204d6bb0c234eb.png,418,418,479,418,479,418,418,418,418,418,418,418,418,418,418,418,418,418,418,418,418
d740663eeccdcecd.png,438,438,756,438,756,438,438,438,438,438,438,438,438,438,438,438,438,438,438,438,438
9226b783cfb770bd.png,826,826,980,826,980,826,980,826,980,826,980,826,980,826,980,826,980,826,980,826,980
01dd15caa1b2c7b4.png,304,304,301,304,301,304,301,304,301,304,301,304,301,304,301,304,304,304,301,304,304
b97f4b95ae696316.png,518,518,840,518,840,518,541,518,541,518,541,518,518,518,518,518,518,518,518,518,518
c42c88890b5fc86d.png,671,671,239,671,239,671,239,671,671,671,671,671,239,671,671,671,671,671,671,671,671
d158837db31ed892.png,519,519,747,519,747,519,519,519,519,519,519,519,519,519,519,519,519,519,519,519,519
4a1a40a116088962.png,598,598,512,598,512,598,598,598,622,598,749,598,598,598,598,598,598,598,883,598,598
ba4508962af69d90.png,673,673,916,673,916,673,539,673,916,673,916,673,673,673,916,673,673,673,673,673,673
7069a117c92d27a4.png,546,546,478,546,478,546,493,546,641,546,546,546,546,546,894,546,715,546,828,546,546
79fa9855119ffeea.png,479,479,712,479,712,479,701,479,712,479,520,479,712,479,712,52,632,479,632,479,479
82e2334925339ef8.png,818,818,752,818,752,818,818,818,818,818,818,818,818,818,818,818,818,818,818,818,818
4f5464b7d4682441.png,976,976,867,976,867,976,347,976,356,976,976,976,976,976,612,976,976,976,976,976,976
72f96c6dc5df2de8.png,885,885,664,885,664,885,885,885,885,885,885,885,664,885,664,885,885,885,885,885,885
6609c25b3314b5b3.png,512,512,437,512,437,512,437,512,437,512,437,512,437,512,437,512,437,512,437,512,582
52d8515abbfaa8ac.png,230,230,171,230,171,230,171,230,171,171,171,230,171,230,171,230,230,230,171,230,171
a7f9b28e30d19d85.png,662,662,848,662,848,662,587,662,587,662,662,662,587,662,662,662,662,662,662,662,662
8b7a5446dae48ac1.png,309,309,320,309,320,309,320,309,320,309,320,309,320,309,320,309,320,309,320,309,320
b2a7e558f1a3ff16.png,620,620,614,620,614,620,620,620,620,620,620,620,614,620,620,620,620,620,620,620,620
1a95932427129cda.png,657,657,408,657,408,657,408,657,408,657,408,657,408,657,657,657,657,657,408,657,657
d4579363596fbf21.png,833,833,426,833,426,833,426,833,426,833,426,833,426,833,426,833,833,833,833,833,833
f7dd570a0cfe1dcc.png,669,669,406,669,406,669,443,669,406,669,406,669,499,669,406,119,52,789,789,669,669
2d23b1dab7e3e9c0.png,511,511,537,511,537,511,537,511,537,511,537,511,537,511,537,511,511,511,537,511,511
b7d9e1d8cf1d7912.png,519,519,796,519,796,519,796,519,803,519,519,519,803,519,519,519,519,519,519,519,519
6b27728f0f816dc6.png,638,638,662,638,662,638,662,638,662,638,821,638,821,638,821,638,638,638,662,638,638
c96358fe7b8eaf28.png,706,706,599,706,599,800,906,706,599,800,599,800,599,800,800,706,599,800,599,706,800
9b4cab2ffb0c0754.png,975,975,813,975,813,975,975,975,813,975,170,975,813,975,147,975,975,975,975,975,975
1685d066f8070081.png,979,979,978,979,978,979,978,979,978,979,978,979,978,979,978,979,978,979,978,979,978
e071bf346787d971.png,563,563,526,563,526,563,526,563,526,563,526,563,526,563,526,563,526,563,526,563,563
e66d732354c6baf0.png,301,301,307,301,307,301,301,301,303,301,301,301,301,301,301,301,301,301,301,301,301
33adbc27fdcadd65.png,924,924,125,924,125,924,125,924,125,924,125,924,125,924,125,924,125,924,125,924,125
eb53098ebcf05e64.png,564,564,630,564,630,564,564,564,564,564,564,564,564,564,564,564,564,564,564,564,564
8c609b06a60af060.png,499,499,763,499,763,499,763,499,499,499,499,499,499,499,499,499,499,499,499,499,499
c66310d8b709d6d5.png,763,580,763,580,763,763,763,763,763,763,763,763,763,763,763,763,763,763,763,763,763
740981d161a38bad.png,572,572,447,572,447,572,447,572,550,572,447,572,447,572,452,572,572,572,482,572,572
4c8a4414419ab0bb.png,662,662,437,662,437,662,437,662,662,662,437,662,662,662,662,662,662,662,662,662,662
ecaf98c8ce9f04c3.png,561,561,222,561,222,561,769,561,769,561,891,561,769,561,561,561,561,561,561,561,561
093402dc35f59027.png,734,734,457,734,457,734,725,734,734,734,734,734,734,734,734,734,734,734,734,734,734
8bb7d10e97694eb5.png,143,143,141,143,141,143,141,143,141,143,143,143,141,143,143,143,143,143,143,143,143
820ae900a943d605.png,888,888,983,888,983,888,618,888,615,888,835,888,888,888,888,888,618,888,618,888,888
8859efd46fab37ff.png,923,923,919,923,919,923,919,923,919,923,919,919,919,923,919,923,923,923,919,923,919
dde9f0aadcb02874.png,981,981,185,981,185,981,210,981,110,981,110,981,110,981,110,981,367,981,261,981,981
13810fcac72f12ba.png,876,876,715,876,715,876,876,876,876,876,876,876,876,876,876,876,675,789,487,876,876
b1bf532ce2c4c3a1.png,875,830,706,830,706,875,706,875,875,875,875,875,706,875,706,875,875,706,706,875,875
9aba31a4b2404aa5.png,912,912,841,912,841,912,841,912,912,912,841,912,912,912,912,912,912,912,912,912,912
5b85f98e0105d135.png,570,570,451,570,451,570,831,570,831,570,803,570,831,570,803,570,831,570,570,570,570
53c478ffc8ddb967.png,320,320,319,320,319,320,319,320,319,320,319,320,320,320,320,320,320,320,320,320,320
92c3f5e99d8ac862.png,664,664,767,664,767,664,767,664,635,664,347,664,699,664,664,664,767,664,767,664,664
fae45093bad0961a.png,529,529,784,529,784,529,529,529,529,529,529,529,529,529,529,529,529,529,529,529,529
0db0952967f6faa6.png,816,816,484,816,484,816,484,816,484,816,484,816,484,816,484,816,822,816,484,816,490
9594ef7e0fc79ea8.png,403,403,836,403,836,836,836,403,403,547,547,403,836,403,836,403,403,403,836,403,836
634d7f18d098cccb.png,539,539,885,539,885,539,885,539,885,539,539,539,885,539,885,539,539,539,539,539,539
05cac1419419ce29.png,854,854,853,854,853,854,854,854,854,854,854,854,612,854,854,854,854,854,854,854,854
868af4a2e614f5ac.png,718,718,408,718,408,718,718,718,610,718,610,718,610,718,718,718,718,718,718,718,718
6898f889c17f8e16.png,888,888,751,888,751,888,751,888,751,888,751,888,751,888,751,888,751,888,888,888,888
8e3324c208eb9a3b.png,822,822,728,822,728,822,546,822,620,822,822,822,822,822,822,822,52,789,728,822,822
7d7a8e41b8d0577e.png,965,965,941,965,941,965,660,965,941,965,941,965,941,965,545,942,942,545,998,965,862
5ff168f7d006f69c.png,683,683,438,683,438,683,438,683,438,683,683,683,683,683,683,683,683,789,683,683,683
f348adf7ea1967f7.png,909,909,673,909,673,909,337,909,673,909,980,909,909,909,673,909,650,909,650,909,909
40f79488e3c2d6c4.png,918,918,612,918,612,918,612,918,612,918,612,918,612,918,612,918,612,918,612,918,918
3e9496f7652e1968.png,469,469,437,469,437,469,437,469,437,469,469,469,437,469,437,469,437,469,437,469,469
2f7d5ff922af55c4.png,481,481,860,481,860,481,1000,481,675,481,675,481,557,481,557,481,481,772,481,481,481
79a5625805a08253.png,766,766,422,766,422,766,422,766,422,766,422,766,744,766,422,766,766,766,766,766,422
412311ea17528b7c.png,764,764,552,764,552,764,764,764,764,764,764,764,764,764,764,764,764,764,764,764,764
00312c7e7196baf4.png,327,327,323,327,323,327,323,327,323,327,323,327,323,327,327,327,327,327,327,327,327
51d1c77f80467b59.png,977,977,976,977,976,977,461,977,461,977,461,977,461,977,461,52,977,789,979,977,977
82179b1d313e0e23.png,830,830,875,830,875,830,875,830,804,830,875,830,875,830,830,830,830,830,875,830,830
b0e0e06e647b478f.png,484,484,498,484,498,484,498,484,498,484,498,484,498,484,664,484,498,484,664,484,664
c609f86fa706bb9e.png,113,113,710,113,710,113,592,113,710,113,751,113,710,113,592,113,710,113,749,113,113
55a2e48a87c16998.png,911,911,328,911,328,911,328,911,328,911,328,911,328,911,328,911,328,911,328,911,933
7d833ac8ab852bd2.png,52,52,988,52,988,52,468,52,52,52,999,52,999,52,999,52,468,52,468,52,468
fe92a88132b5d67b.png,963,964,963,964,963,963,963,963,963,931,963,963,963,964,963,963,963,963,963,963,963
6ab876a15af539c4.png,984,984,452,984,452,984,452,984,984,984,984,984,984,984,984,984,984,984,984,984,984
4fff343244f212cc.png,821,821,746,821,746,821,858,821,407,821,407,821,407,821,493,821,746,821,746,746,746
22a9c318b6e36853.png,620,620,787,620,787,620,858,620,858,620,787,620,787,620,644,620,787,620,787,620,620
71d368782c72e313.png,913,913,959,913,959,913,913,913,913,913,913,913,913,913,913,913,913,913,913,913,913
65b8c8b065069802.png,666,666,429,666,429,666,666,666,666,666,666,666,666,666,666,666,666,666,666,666,666
b0619a61cf135f5e.png,985,985,987,985,987,985,987,985,987,985,987,985,985,985,987,985,985,985,987,985,987
93394c1f9c4c0053.png,320,320,398,320,398,320,809,320,124,320,124,320,124,320,124,320,320,320,320,320,320
aa90f93ed6fae139.png,310,310,309,310,309,310,309,310,309,310,309,310,309,310,309,310,309,310,309,310,309
aa07ba1587ec047e.png,469,469,437,469,437,469,469,469,469,469,469,469,469,469,469,469,469,469,469,469,469
5d8085ae68e07d72.png,709,709,831,709,831,709,864,709,864,709,864,709,864,709,864,709,864,709,709,709,864
749ed3502293d019.png,475,475,851,475,851,475,851,475,851,475,851,475,851,475,475,475,475,475,475,475,475
791c3d333052ca64.png,964,964,600,964,600,964,964,964,964,964,964,964,964,964,964,964,964,964,964,964,964
90e9a43bfb6a68b7.png,867,867,518,867,518,867,562,867,867,867,804,867,867,867,867,867,867,867,867,867,867
72e6ba0cc7fb30a6.png,875,875,830,875,830,875,830,875,830,875,830,875,830,875,830,875,875,875,875,875,875
8c5b5bc0f39e2e06.png,898,898,476,898,476,898,476,898,779,898,486,898,898,898,898,898,898,898,898,898,898
cc43200264a62126.png,981,981,916,981,916,981,916,981,916,981,981,981,916,981,916,981,981,981,981,981,981
be95f5be87f6fadd.png,459,459,770,459,770,459,459,459,459,459,459,459,459,459,459,459,459,459,459,459,459
7b6e963025eaeb66.png,994,994,276,994,276,994,141,994,86,994,964,994,16,994,86,994,140,994,989,994,140
7f842d0c1e747334.png,305,305,126,305,126,305,79,305,79,305,79,306,79,305,79,126,79,79,79,309,126
ed3cb7f5154ae02d.png,980,980,981,980,981,980,981,980,981,980,981,980,981,980,981,980,980,980,980,980,980
6ecbd7d19f5b9147.png,596,596,647,596,647,596,647,596,647,596,647,596,647,596,647,596,596,596,647,596,596
d016b3204e7ca96e.png,792,792,519,792,519,792,752,792,671,792,792,752,792,671,671,752,752,792,519,792,582
8400742ba78ac009.png,971,971,361,971,361,971,300,971,361,971,338,971,361,971,361,971,971,971,971,971,971
121c87c3c822e2c5.png,459,459,811,459,811,459,811,459,509,459,509,459,826,459,826,459,459,459,540,459,459
76886996d4ab4614.png,975,975,141,975,141,975,99,975,143,975,435,975,550,975,447,975,148,789,148,975,149
9d5ef11ec55123e5.png,100,100,98,100,98,100,98,100,98,100,100,100,100,100,100,100,100,100,100,100,98
1dfbeffd999f280e.png,582,582,718,582,718,582,582,582,582,582,582,582,582,582,582,582,582,582,582,582,582
e3f5dbed7bd31314.png,547,547,890,547,890,403,403,547,547,547,890,547,547,547,547,547,890,547,890,547,547
eb8ce5ba5c47e344.png,669,669,709,669,709,669,709,669,709,669,669,669,709,669,669,52,669,789,669,669,669
f5dffe28fc19b6e7.png,918,918,923,918,923,918,918,918,918,918,918,918,918,918,918,918,918,918,918,918,918
1ebff1b3c8de66de.png,337,337,344,337,344,337,344,337,344,337,344,337,344,337,344,337,343,337,270,337,343
0546b47c13f154d3.png,108,108,2,108,2,108,108,108,108,108,974,108,109,108,108,108,108,108,108,108,108
f52db15134c1a74e.png,638,638,584,638,584,638,584,638,584,638,584,638,584,638,792,638,638,638,638,638,638
8094d4088a08cf09.png,441,441,530,441,530,441,441,441,441,441,441,441,441,441,441,441,441,441,441,441,441
d9f624188d16fe93.png,40,40,47,40,47,40,47,40,47,40,47,47,47,40,40,47,47,40,47,47,47
631b6820e91a9e3e.png,13,13,12,13,12,13,12,13,13,13,13,13,13,13,13,13,13,13,13,13,13
611f453c4bb616b9.png,310,310,411,310,411,310,310,310,310,310,310,310,310,310,310,310,310,310,310,310,310
5792d4a42d2a82c8.png,988,988,942,988,942,988,942,988,988,988,937,988,944,988,999,988,988,988,999,988,988
c0e0c11350b8740e.png,319,319,729,319,729,319,319,319,319,319,319,319,319,319,319,319,319,319,319,319,319
c663670c06c06ea4.png,909,909,476,909,476,909,909,909,476,909,476,909,476,909,909,909,909,909,909,909,909
49591319edeb6b3a.png,309,309,319,309,319,309,317,309,319,309,319,309,319,309,319,309,309,309,309,309,309
02eb799d147d5f91.png,625,625,455,625,455,625,455,625,455,625,455,625,625,625,625,625,625,625,625,625,625
f2d36d089779166a.png,349,349,344,349,344,349,344,349,344,349,344,349,344,349,344,349,344,349,344,349,344
cc8d850717026796.png,662,662,863,662,863,662,662,662,662,662,662,662,662,662,662,662,662,662,662,662,662
ab3fef142d031784.png,657,657,582,657,582,657,657,657,657,657,818,657,437,657,818,657,657,657,818,657,657
c84cbc2c05227bee.png,437,437,657,437,657,437,657,437,657,437,657,437,718,437,657,437,657,437,657,437,657
9d55997552acf0de.png,260,260,158,260,158,260,260,260,260,260,260,260,260,260,152,260,260,260,260,260,260
8da3593258ae27cb.png,581,581,119,581,119,581,119,581,997,581,581,581,119,581,122,581,581,581,119,581,937
fccab516c111d524.png,650,650,833,650,833,650,973,650,833,650,833,650,501,650,484,959,484,650,650,650,650
315e55af9615abd2.png,347,347,731,347,731,347,731,347,731,347,731,347,731,731,731,347,731,347,731,347,731
c135337ca7a575ae.png,348,348,347,348,347,348,347,348,347,348,347,348,348,348,346,348,348,348,348,348,348
3bfe9ff7b488485d.png,706,706,655,706,655,706,655,706,735,706,655,706,655,706,706,706,655,706,655,706,706
1e33aa336b89dcff.png,539,539,407,539,407,539,539,539,539,539,539,539,539,539,885,539,539,539,539,539,539
39a483e9a23716ed.png,676,676,570,676,570,676,741,676,676,676,492,676,741,676,676,676,676,676,570,676,676
5191cfba868056a5.png,971,971,980,971,980,971,980,971,980,971,980,971,980,971,980,971,971,971,980,971,971
4572c8986c28343b.png,437,437,735,437,735,437,735,437,437,437,437,437,657,437,437,437,437,437,437,437,437
7700d0ba053dc4bd.png,937,937,328,937,328,937,328,937,238,937,110,937,944,937,940,937,937,937,991,937,937
eab9755117160864.png,611,611,679,611,679,611,611,611,679,611,611,611,611,611,611,611,611,611,611,611,611
8b47d72b39b2bd33.png,526,526,840,526,840,526,840,526,840,526,840,526,840,526,840,526,840,526,840,526,973
7d2a7bca22967f29.png,735,735,718,735,718,735,735,735,735,735,735,735,735,735,718,735,735,735,735,735,735
8e89734ed940e222.png,657,657,758,657,758,657,758,657,676,657,676,657,657,657,657,657,657,657,657,657,657
30b922dbfdbffd11.png,610,610,662,610,662,610,662,610,662,610,662,610,662,610,662,610,662,610,662,610,662
ef0e34b8ccb6d42f.png,982,982,411,982,411,982,612,982,919,982,612,982,411,982,612,982,540,540,612,982,675
506b87b78daa499c.png,821,821,745,821,745,821,821,821,821,821,821,821,821,821,821,821,821,821,821,821,821
62e0e0efc6deeef4.png,971,971,7,971,7,971,7,971,7,971,7,971,7,971,7,971,7,971,7,971,7
28652355cd12a1e7.png,308,308,305,308,305,308,305,308,305,308,308,308,308,308,305,308,305,308,304,308,308
0ed355357757528d.png,763,763,830,763,830,763,763,763,416,763,830,763,416,763,763,763,830,763,830,763,763
abe9504895f6e8dd.png,566,566,548,566,548,566,566,566,566,566,548,566,566,566,566,566,566,566,566,566,566
dd984311bff04342.png,118,118,398,118,398,118,398,118,118,118,118,118,118,118,118,118,118,118,118,118,118
f7947af6545be760.png,418,418,702,418,702,418,702,418,418,418,418,418,418,418,418,418,418,789,418,418,418
01244097ca8ffdfa.png,91,91,471,91,471,91,91,91,91,91,91,91,91,91,91,91,91,91,91,91,91
3cf4bb0637d0f182.png,862,862,860,862,860,862,862,862,862,862,862,862,862,862,862,862,862,862,862,862,862
1d5361e858fe8462.png,499,499,684,499,684,820,653,499,433,499,763,499,433,499,684,499,433,499,433,499,499
6a50fbe8723a6a4a.png,563,975,822,975,822,563,820,563,820,563,820,563,820,563,820,563,563,563,820,563,563
001b5e6f1b89fd3b.png,577,577,526,577,526,577,526,577,577,577,526,577,526,577,577,577,577,577,577,577,577
25eef91443ded954.png,437,437,512,437,512,437,437,437,512,437,437,437,437,437,437,437,437,437,437,437,437
ed3f9b6a081a4802.png,818,818,752,818,752,818,818,818,818,818,818,818,818,818,818,818,818,818,818,818,818
95fbd20d0aaf319a.png,826,826,884,826,884,826,826,826,709,826,826,826,826,826,407,826,826,826,510,826,826
2bc6c55a0ab24f86.png,786,786,832,786,832,786,832,786,832,786,832,786,832,786,832,832,832,786,832,786,832
319e8b63d6a194aa.png,826,826,501,826,501,826,501,826,501,826,501,826,501,826,501,826,501,826,501,826,501
4fcc9c949d66a4e0.png,771,771,503,771,503,771,503,771,771,771,771,771,771,771,771,771,771,771,771,771,771
5c847b72d1e1713f.png,556,556,852,556,852,556,556,556,556,556,556,556,556,556,556,556,556,556,556,556,556
707bce947d54bcd8.png,947,947,109,947,109,947,109,947,109,947,947,947,947,947,109,947,947,947,947,947,947
43fa89c17e628c06.png,133,133,138,133,138,133,132,133,132,133,132,133,130,133,132,133,132,133,133,133,133
6612fd36e6dd9534.png,309,309,305,309,305,309,305,309,305,318,305,309,308,309,304,309,305,309,305,305,305
4146a745f9b2f3cb.png,51,51,68,51,68,51,68,51,50,51,50,51,50,51,51,51,51,51,51,51,51
74bfc95412b2f824.png,672,672,590,672,590,672,672,672,666,672,492,672,672,672,536,672,672,672,672,672,672
5fc906f27c8975d2.png,979,979,976,979,976,979,976,979,977,979,979,979,647,979,976,979,979,789,979,979,979
2fc17ec1fad5d947.png,874,874,574,874,574,874,874,874,874,874,874,874,874,874,874,874,874,874,874,874,874
cb63df64516985c1.png,635,635,91,635,91,635,366,635,9,635,134,635,841,635,103,635,841,635,89,635,49
7b8413ef241118df.png,548,548,566,548,566,548,566,548,566,566,566,548,566,566,566,548,566,548,566,548,548
2e854fca826e54b3.png,858,858,565,858,565,858,858,858,565,858,858,858,858,858,858,858,858,858,858,858,858
f0add7f552d2d895.png,650,650,338,650,338,650,338,650,338,650,365,650,365,650,365,650,650,650,650,650,650
9d4674c86096e4bd.png,662,662,718,662,718,662,662,662,662,662,610,662,662,662,662,662,662,662,662,662,662
05437214d1ba9580.png,810,810,829,810,829,810,926,810,829,810,829,810,829,926,829,926,926,810,926,810,926
dacb07f80166a7fd.png,449,449,825,449,825,449,825,449,825,449,825,449,825,449,825,449,825,449,825,449,449
82b6f0bc71f5d0af.png,563,563,867,563,867,563,751,563,581,563,751,563,840,563,840,563,428,563,871,563,871
0f36316247c03427.png,753,753,616,753,616,753,616,753,616,753,616,753,616,753,616,753,616,753,616,753,891
efeabdd8a05e91f8.png,498,498,625,498,625,498,498,498,498,498,498,498,498,498,498,498,498,498,498,498,498
7453471febf1db6f.png,595,595,508,595,508,595,477,595,864,595,595,595,595,595,595,595,595,595,595,595,595
e6f2de0c605f1ed3.png,132,134,132,134,132,132,132,132,132,132,132,132,132,132,132,132,132,134,132,132,132
648231d9393250fd.png,548,548,921,548,921,548,921,548,548,548,581,548,921,548,921,548,548,548,921,548,548
864fffaf7a83b3f4.png,581,581,739,581,739,581,739,581,581,581,739,581,581,581,581,581,581,581,581,581,581
c179282bd977c6e0.png,672,672,871,672,871,672,672,672,871,672,672,672,672,672,672,672,871,672,672,672,672
40a7f086461190f3.png,493,493,520,493,520,493,493,493,493,493,493,493,742,493,742,493,493,493,493,493,493
90e1aa56cae80a60.png,918,918,550,918,550,918,918,918,918,918,918,918,918,918,918,918,918,918,918,918,918
839aa3d166b020cf.png,14,14,13,14,13,14,13,14,13,13,13,14,13,14,13,14,13,14,13,14,13
38bdd950c1d08be6.png,133,133,145,133,145,133,145,133,145,133,145,133,145,133,145,133,133,133,133,133,133
2d95297e468bdf9b.png,866,866,583,866,583,866,583,866,583,866,583,866,583,866,583,866,866,866,866,866,866
ef5b1e5a76ae66dc.png,540,540,853,540,853,540,853,540,540,540,853,540,853,540,853,540,853,540,540,540,540
7a11ae4c1f5e790c.png,689,689,755,689,755,689,755,689,733,689,772,689,755,689,689,689,733,689,733,689,689
477bf90e7413df23.png,542,542,653,542,653,542,402,542,542,542,613,542,542,542,542,542,542,542,542,542,542
7060ae82e5b96a77.png,522,522,887,522,887,522,861,522,522,522,887,522,689,522,860,522,887,522,689,522,522
42e55ac6782d4d99.png,974,974,914,974,914,974,914,974,914,974,914,974,34,974,914,974,974,974,974,974,974
8868879c2acd5d9e.png,322,322,323,322,323,322,323,322,322,322,322,322,322,322,322,322,322,322,322,322,322
5b3a8c63e41802e7.png,750,750,311,750,311,750,678,750,311,750,678,750,750,750,311,750,311,750,750,750,750
659ca4ac6cc57e89.png,778,778,855,778,855,778,795,778,795,778,795,778,795,778,855,778,778,778,778,778,778
9534108b0e8dceb1.png,647,647,934,647,934,647,647,647,647,647,647,647,647,647,647,647,647,647,647,647,647
fbc6b98b13c768e2.png,459,459,779,459,779,459,459,459,459,459,459,459,459,459,459,459,459,459,459,459,459
7c3b0d93654b39cd.png,708,708,529,708,529,708,708,708,708,708,708,708,708,708,708,708,529,708,708,708,708
43694caa12d5f823.png,979,979,976,979,976,979,976,979,976,979,976,979,976,979,976,979,976,979,976,979,979
69788a29e7436808.png,310,310,311,310,311,310,311,310,311,310,311,310,311,310,311,310,310,310,311,310,311
daa43d65c3b18a84.png,822,822,834,822,834,822,914,822,914,822,822,822,822,822,822,822,822,822,822,822,822
a8c3363bbcc7015c.png,739,739,620,739,620,739,884,739,884,739,847,739,739,739,884,739,739,739,739,739,739
93a0857ff81c25ce.png,548,548,706,548,706,548,548,548,548,548,548,548,548,548,548,548,548,548,548,548,548
b11fa0f292c0178f.png,702,702,901,702,901,702,418,702,702,702,702,702,809,702,418,702,702,789,702,702,702
1dc0533f87996962.png,566,566,556,566,556,566,566,566,566,566,566,566,566,566,566,566,566,566,566,566,566
589319c64adf5fce.png,699,699,881,699,881,699,881,699,699,699,699,699,699,699,699,699,699,699,699,699,699
cebd45d7200f6111.png,71,71,78,71,78,71,78,71,78,71,78,71,78,71,78,71,78,71,74,71,78
7e73c7adc520e406.png,133,133,135,133,135,133,135,133,135,133,135,133,135,133,135,133,133,133,133,133,133
6de6432b0f23ae75.png,105,105,196,105,196,105,152,105,152,105,152,105,277,105,277,105,105,105,105,105,105
ebb4dad78cfd67a9.png,738,738,441,738,441,738,441,738,441,738,441,738,441,738,738,738,441,738,738,738,738
e8c6f75ad26bae84.png,973,973,826,973,826,973,826,973,826,973,826,973,826,973,826,973,826,973,826,973,826
1e408a8d1e2cdc74.png,769,769,871,769,871,769,445,769,574,769,561,769,574,769,451,769,574,769,574,769,646
11afa51200515f9a.png,826,826,709,826,709,826,709,826,709,826,709,826,709,826,709,826,709,826,864,826,459
9f6fe669276f04cf.png,920,920,589,920,589,920,920,920,920,920,920,920,920,920,920,920,920,920,920,920,920
408bae58c26a8076.png,133,133,3,133,3,133,869,133,392,133,974,145,34,147,974,133,5,133,3,133,133
b5548ecffa20aac8.png,934,934,678,934,678,934,678,934,678,934,678,934,678,934,678,934,934,934,924,934,934
9ee13ecd8d6727c0.png,498,498,801,498,801,498,801,498,498,498,498,498,498,498,498,498,498,498,498,498,498
d1a723656dc08b5e.png,822,822,589,822,589,822,822,822,822,822,822,822,822,822,822,822,822,822,822,822,822
d1709eec353a6f93.png,297,297,361,297,361,297,338,297,361,297,338,297,338,297,361,297,190,297,338,297,204
b89dbfcc49dcf156.png,889,889,833,889,833,889,889,889,889,889,889,889,889,889,889,889,889,889,889,889,889
7368fe0ff47343a0.png,965,965,929,965,929,965,929,965,929,965,929,965,966,965,929,965,965,965,965,965,965
d23fd2119c4f5dec.png,329,329,309,329,309,329,329,329,309,329,309,329,309,329,329,329,329,329,329,329,329
5a0e21d54b9c4954.png,328,328,114,328,114,328,328,328,328,328,328,328,328,328,328,328,328,328,328,328,328
4b8517e927f32962.png,866,866,969,866,969,866,866,866,866,866,866,866,866,866,851,866,851,866,866,866,866
38deb4830d12358f.png,980,980,125,980,125,980,125,980,125,980,50,980,277,980,50,980,980,980,980,980,980
81804435ad51df95.png,437,437,655,437,655,437,655,437,655,437,437,437,655,437,655,437,437,437,437,437,437
e4941a341ace171a.png,709,709,499,709,499,709,498,709,443,709,499,709,443,709,443,709,709,709,709,709,709
558a7b66b78ba65b.png,422,422,885,422,885,422,885,422,885,422,885,422,885,422,885,422,885,422,885,422,885
435137d9d4f4125e.png,2,2,974,2,974,2,974,2,974,2,2,2,974,2,612,2,2,2,2,2,2
c43077b2283479be.png,14,14,218,14,218,14,19,14,19,14,95,14,19,14,95,14,17,14,19,14,14
77c72d0a01e1af70.png,428,428,779,428,779,428,428,428,428,428,428,757,428,428,428,428,428,428,428,428,428
72ac2a5af79e26d5.png,718,718,865,718,865,718,865,718,865,718,865,718,469,718,865,718,752,718,865,718,718
32c0e4647ce5a812.png,327,327,80,327,80,327,592,327,592,327,110,327,751,327,592,327,327,327,327,327,327
54153d17b11b495c.png,657,437,657,437,657,657,657,657,657,657,657,657,657,657,657,657,657,657,657,657,657
fb1efda0b27d5289.png,848,848,472,848,472,848,472,848,472,848,472,848,472,848,472,848,472,848,472,848,848
7c5ea6f89e6e2733.png,820,820,471,820,471,820,820,820,819,820,819,820,820,820,819,820,820,820,820,820,820
721804d1d3a60206.png,909,909,467,909,467,909,909,909,909,909,909,909,909,909,909,909,909,909,909,909,909
dcb6b32cd80f2b1f.png,556,556,875,556,875,556,556,556,556,556,556,556,556,556,556,556,556,556,556,556,556
49c27b439d39a00c.png,490,490,706,490,706,490,490,490,706,490,490,490,490,490,490,490,490,490,490,490,490
2c065d2dc6b2cf44.png,934,934,442,934,442,934,442,934,442,934,970,934,442,934,442,934,442,934,442,934,934
b3f200c672c5ca4f.png,976,976,647,976,647,976,647,976,647,976,647,647,647,976,647,976,647,976,647,976,976
3f40eba168e5d385.png,515,515,651,515,651,515,786,515,598,515,598,515,598,515,598,515,515,515,515,515,515
0e71473957df4793.png,878,878,413,878,413,878,499,878,743,413,413,878,1000,455,743,878,413,878,481,878,878
6c9f8901246faff2.png,629,629,880,629,880,629,629,629,629,629,629,629,629,629,629,629,629,789,789,629,629
a64ae1acd9d09a87.png,131,131,129,131,129,131,128,131,135,131,129,131,145,131,145,131,128,131,129,131,131
05f7c084329ff0c6.png,973,973,501,973,501,973,501,973,501,973,650,973,501,973,501,973,501,973,501,973,650
5d77597361d06d2b.png,904,904,784,904,784,904,315,904,127,904,70,904,70,904,70,904,817,904,70,507,507
ac2a8a4777dbe746.png,896,896,490,896,490,896,490,896,490,896,767,896,490,896,490,896,896,896,896,896,896
3d75d9676ad6361c.png,151,151,357,151,357,151,357,151,357,151,361,151,358,151,358,151,151,151,151,151,151
e3a740861f12f49e.png,820,820,865,820,865,820,865,820,865,820,562,820,865,820,566,782,518,820,820,820,820
64577d3916d6dafb.png,606,663,708,663,708,606,708,606,447,606,606,606,606,606,923,682,682,606,606,606,621
3b32eca218ed3dbe.png,742,742,897,742,897,742,742,742,742,742,742,742,742,742,742,742,742,742,742,742,795
0707f3dfb7c29f5c.png,606,606,762,606,762,606,762,606,710,606,762,606,762,606,762,762,762,606,762,606,762
59e9bdbb7a3fc4ba.png,518,518,566,518,566,518,625,518,566,744,744,518,744,518,518,518,455,518,518,518,511
686ea4ec999364ff.png,459,459,491,459,491,459,459,459,459,459,459,459,459,459,459,459,459,459,459,459,459
cb71a056a8e05bb2.png,320,320,325,320,325,320,37,320,325,319,319,320,325,320,325,320,320,320,987,320,320
f63d58b5af16091f.png,716,716,884,716,884,716,884,716,716,716,716,716,716,716,716,716,716,716,716,716,716
d3aa8ee50458c020.png,431,431,701,431,701,431,431,431,431,431,431,431,431,431,431,431,431,431,431,431,431
2891f4aa2279d369.png,471,471,302,471,302,471,435,471,210,471,110,471,670,471,110,471,627,471,471,471,471
ae24c23192976a40.png,752,752,818,752,818,752,752,752,752,752,752,752,752,752,752,752,818,752,752,752,752
348ac56def3ccd35.png,916,916,50,916,50,916,916,916,916,916,916,916,916,916,916,916,916,916,916,916,916
d46216d31908163e.png,896,896,704,896,704,896,896,896,909,896,896,896,896,896,909,896,896,896,896,896,896
a8dd9ba15f7b817b.png,806,806,833,806,833,806,874,806,806,982,891,806,891,806,806,806,806,806,806,806,806
5224fec9ba33b50d.png,604,604,691,604,691,604,691,604,604,604,604,604,604,604,604,604,604,604,604,604,604
b3c384a2d1a391c0.png,631,631,15,631,15,631,15,631,459,631,493,631,493,631,778,631,88,631,764,631,23
4a1a488e8a975f7c.png,920,920,805,920,805,920,920,920,920,920,920,920,920,920,920,920,920,920,920,920,920
d7c1d1632cf0acc7.png,404,404,834,404,834,404,834,404,834,404,834,404,834,404,834,52,52,789,794,404,404
ca50e3535eb6396c.png,556,556,813,556,813,556,885,556,804,556,813,868,820,556,450,556,450,556,821,556,556
30e132285c2e960f.png,912,912,750,912,750,912,750,912,957,912,957,912,957,912,957,912,957,912,957,912,957
ea65c0ff71e7ceb3.png,404,404,671,404,671,404,666,404,666,404,666,404,881,404,666,404,404,404,404,404,404
200285e90078210b.png,442,442,712,442,712,442,712,442,712,442,712,442,712,442,712,442,712,442,442,442,442
cec46dbd1fa3473a.png,898,898,610,898,610,898,610,898,779,898,610,898,898,898,898,898,898,898,898,898,898
6314b953a2f66e36.png,311,311,71,311,71,311,71,311,71,311,71,311,71,311,313,311,311,311,311,311,311
1f3f949ccbc81c93.png,304,304,303,304,303,304,304,304,308,304,308,304,308,304,308,304,304,304,303,304,304
04546cc5e537d7cd.png,426,426,450,426,450,426,426,426,426,426,426,426,426,426,426,426,426,426,426,426,426
73064ceb466612d5.png,719,719,916,719,916,719,670,719,670,719,832,719,670,719,670,719,719,719,719,719,719
ae78688b32986638.png,913,913,426,913,426,913,913,913,913,913,426,913,913,913,426,913,913,913,913,913,913
72d85232abd98067.png,471,471,645,471,645,471,645,471,645,471,645,471,645,471,645,471,471,471,471,471,471
89d8361c6bfe905c.png,604,604,346,604,346,604,346,604,346,604,346,604,691,604,346,604,604,604,604,604,691
4ca02fd28a5e9703.png,996,996,429,996,429,996,775,996,328,996,328,996,328,996,996,991,991,996,429,996,996
48762c2cd2ed47e1.png,755,755,663,755,663,755,755,755,755,755,755,755,755,755,755,755,755,755,755,755,755
b217644382dcd864.png,512,512,437,512,437,512,437,512,512,512,437,512,582,512,437,512,512,512,512,512,512
c4824f023903731a.png,738,738,504,738,504,738,899,738,504,738,510,738,441,899,441,738,738,738,441,738,738
629138193e021cdf.png,885,885,646,885,646,885,885,885,885,885,885,885,885,885,885,885,885,885,885,885,885
7d4186ce0332245d.png,976,976,450,976,450,976,450,976,450,976,976,976,450,976,450,976,450,976,450,450,450
90dfd75887f3e67b.png,986,986,722,986,722,986,722,986,722,986,540,986,986,986,986,986,986,986,986,986,986
ed56c7616a8ac010.png,782,782,461,782,461,782,742,782,647,782,782,782,782,782,782,782,782,782,782,782,782
5d6b9cadb6f9e1cd.png,896,896,880,896,880,896,52,896,880,896,404,896,604,896,538,896,702,789,789,896,702
a033832d9ff8913b.png,101,101,54,101,54,101,59,101,37,101,101,101,101,101,101,101,101,101,101,101,101
313ff0037b86260a.png,498,498,664,498,664,498,498,498,498,498,498,498,498,498,498,443,443,498,498,498,498
afe045d68f1a60d0.png,990,990,124,990,124,990,330,990,330,990,50,990,124,990,330,990,991,990,990,990,989
b19e2df06dbcccd9.png,673,673,670,673,670,673,670,673,670,673,670,673,670,673,670,673,673,673,673,673,673
510e5062fef4a993.png,631,631,788,631,788,631,793,631,459,631,793,631,894,631,793,631,793,631,778,631,793
943274babd06a662.png,669,669,728,669,728,669,728,669,669,669,669,669,669,669,669,52,728,789,789,728,728
0e83f990a04ed67d.png,822,822,978,822,978,822,822,822,822,822,822,822,822,822,822,822,822,789,822,822,822
607702d7ef44d081.png,865,865,718,865,718,865,676,865,865,865,865,865,655,865,676,865,865,865,865,865,865
e9811aebe8bed6e5.png,336,336,357,336,357,336,357,336,357,336,357,336,357,336,357,336,336,336,357,336,357
380053c506e32105.png,780,780,655,780,655,780,780,780,780,780,780,780,780,780,780,780,780,780,780,780,780
668bc83a884d24f9.png,3,3,802,3,802,3,34,3,34,3,110,3,110,3,108,3,802,3,3,3,3
be9a3bea2989a0b4.png,718,718,437,718,437,718,437,718,437,718,718,718,718,718,718,718,437,718,437,718,437
b74c05ecff5f99d8.png,407,407,699,407,699,407,407,407,407,407,407,407,407,407,407,407,407,407,407,407,407
7a51c260ca0e83e7.png,548,548,706,548,706,548,706,548,566,548,548,548,548,706,706,706,548,548,548,548,548
e89d48768917f563.png,459,459,705,459,705,459,459,459,459,459,459,459,459,459,459,459,459,459,459,459,459
080bec22a6b1d37d.png,760,760,623,760,623,760,760,760,760,760,760,760,760,760,760,760,760,760,760,760,760
e37b556e8889d2ec.png,752,752,818,752,818,752,512,752,752,752,752,752,752,752,818,752,752,752,752,752,752
67dd47336dc89421.png,818,818,437,818,437,818,437,818,437,818,437,818,437,818,818,818,818,818,818,818,818
25f85aadcf248cc1.png,854,854,800,854,800,854,599,854,800,854,800,854,800,854,707,854,707,854,707,854,854
c3e9a84e039df3ce.png,469,469,718,469,718,469,469,469,469,469,469,469,469,469,469,469,469,469,469,469,469
0134ba03294509a1.png,982,982,903,982,903,982,982,982,561,982,982,982,982,982,891,982,982,982,982,982,982
53fe22426ff21243.png,536,536,574,536,574,536,88,536,752,536,574,536,574,536,574,536,536,536,536,536,536
4053a6a3d0e63c01.png,392,392,2,392,2,392,392,392,392,2,2,392,392,390,392,5,392,392,392,392,392
3ece3c1f94e4141a.png,332,332,290,332,290,332,220,332,290,332,110,332,290,332,290,332,290,331,290,332,290
7d253f78ef6f029a.png,683,683,382,683,382,683,683,683,382,683,683,683,683,683,683,683,683,683,683,683,683
fecd59b8de8ae6f7.png,820,820,499,820,499,820,820,820,763,820,820,820,820,820,499,820,820,820,820,820,820
24159caf9c5e92be.png,708,708,529,708,529,708,529,708,708,708,893,708,529,708,529,708,708,708,708,708,708
44982b98ba192bb7.png,322,322,326,322,326,322,326,322,323,322,323,322,323,322,326,322,323,322,323,322,322
7ca714cdcd5d36d9.png,780,780,556,780,556,780,780,780,780,780,780,780,780,780,780,780,780,780,780,780,780
cbaff3255afbe83f.png,561,561,982,561,982,561,982,561,982,561,982,561,561,561,982,561,561,561,982,561,561
fafbad0b3093a886.png,672,672,871,672,871,672,445,672,445,672,672,672,672,672,672,672,672,672,672,672,672
45315ea51da415ab.png,356,356,293,356,293,356,293,356,293,356,293,356,283,356,283,356,293,356,293,356,299
1e4bb9fd37654da6.png,820,820,421,820,421,820,547,820,547,820,547,820,547,820,547,820,547,820,547,820,820
5f3ea3c6b683fb57.png,773,773,547,773,547,773,773,773,773,773,547,773,547,773,773,773,773,773,773,773,773
ccbcaf10176e78e0.png,923,923,743,923,743,923,743,923,743,923,447,923,743,923,923,923,923,923,923,923,923
8d17aa69b4fd7b45.png,407,407,765,407,765,407,407,407,407,407,407,407,407,407,653,407,653,407,407,407,407
c25da85d5d62b000.png,404,404,392,404,392,404,815,404,404,404,404,404,404,404,404,404,404,404,404,404,404
beb3e55c385feb12.png,815,815,555,815,555,815,555,815,815,815,555,815,815,815,815,815,555,815,815,815,555
ed3573d0c197fbaf.png,848,848,863,848,863,848,863,848,863,848,848,848,863,848,863,848,863,848,863,848,848
95d1a6be6786190f.png,891,891,616,891,616,891,616,891,616,891,616,891,616,891,616,891,747,891,616,891,891
c8abefc975e94b10.png,875,875,664,875,664,875,830,875,699,875,875,875,830,875,830,875,889,875,875,875,875
be97d1e63c32043e.png,95,95,91,95,91,95,91,95,8,95,91,95,91,95,8,95,95,95,95,95,95
df2cd1b82d5dec14.png,519,519,747,519,747,519,747,519,796,519,747,519,519,519,561,519,747,519,519,519,519
024f73e53c3c1f1d.png,580,580,533,580,533,580,565,580,533,580,533,580,580,580,533,580,527,580,580,580,580
e957c417fcd20c5b.png,820,820,584,820,584,820,584,820,820,820,578,820,578,820,820,820,820,820,820,820,820
795f5aef9bef8134.png,826,826,869,826,869,826,869,826,869,826,612,826,859,826,600,826,826,826,859,826,461
422d08407aeed1be.png,114,114,116,114,116,114,114,114,114,114,116,114,116,114,116,114,114,114,114,114,114
69a39406cb1d2ce5.png,476,476,838,476,838,476,476,476,837,476,838,476,837,476,838,476,476,476,476,476,476
564de663adeb8cd5.png,558,558,710,558,710,558,710,558,710,558,710,558,710,558,710,558,710,558,710,558,710
04c1bde5affb7b5b.png,653,653,734,653,734,653,558,653,841,558,523,653,558,653,558,653,653,558,558,653,653
90f5385a77a49f77.png,704,704,492,704,492,704,520,704,520,704,704,704,704,704,704,704,959,704,411,704,704
604b54a3b7424d9b.png,939,939,762,939,762,939,701,939,1000,939,509,939,762,939,509,939,729,939,583,939,939
a6535c039bfeba2c.png,536,536,489,536,489,536,536,536,546,536,536,536,536,536,536,536,536,536,536,536,536
35d67f3f70aeef92.png,980,980,975,980,975,980,975,980,975,980,975,980,975,980,975,980,980,980,980,980,980
3efa3df701898afd.png,737,723,643,723,643,723,643,737,765,737,737,723,643,723,643,737,737,831,643,723,737
f08f34c258228251.png,699,699,90,699,90,699,537,699,577,699,976,699,577,699,728,699,719,699,699,699,699
d47c9aabecda0e12.png,986,986,816,986,816,986,986,986,986,986,986,986,986,986,986,986,986,986,986,986,986
d97c1f3f1c211d1a.png,979,979,484,979,484,979,484,979,484,979,484,979,484,976,976,979,976,979,484,979,976
62949c357e429690.png,973,973,864,973,864,973,864,973,864,973,867,973,864,973,864,501,864,973,864,973,889
9311a098cfb4b946.png,821,821,347,821,347,821,386,821,347,821,347,821,671,821,984,821,347,821,386,821,588
38d8d105d5e70c80.png,422,422,649,422,649,422,649,422,1000,422,649,422,422,422,540,422,422,422,422,422,422
a28beac14b9037da.png,405,405,702,405,702,405,909,405,405,405,405,405,405,405,405,119,515,789,405,405,405
fa3aae44c2675e88.png,771,771,631,771,631,771,631,771,771,771,631,771,631,771,771,771,771,771,631,771,771
44aa69f642b86628.png,880,880,647,880,647,880,647,880,647,880,647,880,647,880,880,880,880,880,880,880,880
6cc289dc7a8fce86.png,158,158,231,158,231,158,231,158,231,158,158,158,158,158,158,158,158,158,158,158,158
a92babc0a6436d3b.png,760,760,623,760,623,760,760,760,760,760,760,760,760,760,760,760,760,760,760,760,760
9fbeb797de1e1639.png,763,763,499,763,499,763,499,763,499,763,499,763,763,763,763,763,763,763,499,763,425
16179baa1513c701.png,95,95,96,95,96,95,96,95,96,95,96,95,96,95,96,95,96,96,96,95,96
5a8d5bc9bf40e832.png,519,519,747,519,747,519,747,519,747,519,519,519,519,519,747,519,519,519,519,519,519
aa4e1cf9cb6e7801.png,896,896,745,896,745,896,658,896,745,896,896,896,745,896,896,896,896,896,896,896,896
200735f93ea764f2.png,309,309,310,309,310,309,310,309,310,309,310,309,310,309,310,309,309,309,309,309,309
5d53f9bc389e98ad.png,265,265,233,265,233,265,233,265,233,265,233,265,232,265,233,265,233,265,233,265,265
5b974695c09ad165.png,991,991,680,991,680,953,680,991,680,991,680,991,680,991,680,991,680,991,989,991,989
becf3b004177ded6.png,986,986,611,986,611,986,611,986,986,986,611,986,986,986,986,986,986,986,986,986,986
4f04ca75d7aafc0a.png,840,840,794,840,794,840,794,840,794,840,840,840,840,840,794,840,840,840,840,840,840
8764eecf6e898c7f.png,484,484,985,484,985,484,985,484,699,484,699,484,484,484,699,484,484,484,699,484,484
c5f5e09f4f5fd41a.png,404,404,511,404,511,404,834,404,834,404,537,404,834,404,834,404,511,404,511,404,404
17f3b8a057bc01be.png,859,859,449,859,449,859,664,859,859,859,450,859,859,859,664,859,859,859,859,859,859
c10f6e0689efbc1c.png,888,888,841,888,841,407,841,888,841,888,841,888,841,888,841,888,841,888,888,888,888
0e9bdc3ab80b1a71.png,367,367,386,367,386,367,386,367,102,367,110,367,110,367,110,367,367,367,102,367,367
c17d39b1eba4cc03.png,669,669,901,669,901,669,669,669,669,901,901,669,901,669,669,669,669,789,669,669,669
ec346009f286ffca.png,120,120,125,120,125,120,125,120,125,120,125,120,125,120,125,120,125,120,125,120,125
01fa4be27dd11b5d.png,451,451,794,451,794,451,794,451,794,451,451,451,451,451,451,451,451,451,451,451,451
490df9e021386d29.png,405,405,745,405,745,405,658,405,405,405,405,405,405,405,745,405,405,405,405,405,405
08fbf75e60a6efb7.png,484,484,501,484,501,484,501,484,501,484,973,484,501,484,501,484,501,484,501,484,484
fc583c08026e3d74.png,881,881,871,881,871,881,871,881,881,881,881,881,881,881,881,881,881,881,881,881,881
db6c6671a6924eba.png,407,407,699,407,699,407,407,407,858,407,407,407,407,407,407,407,407,407,407,407,407
5a6439b10c1f6761.png,320,320,309,320,309,320,309,320,320,320,320,320,320,320,320,320,320,320,309,320,320
218e02b6cfa0466e.png,699,699,653,699,653,699,653,699,744,699,653,699,699,699,699,699,699,699,653,699,699
3f8bf287f20333eb.png,973,973,826,973,826,973,826,973,826,973,973,973,826,973,826,973,826,789,973,973,973
be5543dc68f0b970.png,780,780,655,780,655,780,875,780,655,780,655,780,780,780,780,780,780,780,780,780,780
87fcc5f70673d3d2.png,699,699,539,699,539,699,539,699,539,699,539,699,539,669,669,669,669,669,669,699,699
99f175132cd1c6e2.png,934,934,939,934,939,934,939,934,939,934,939,934,939,934,939,934,939,934,939,934,939
a4f718e554dd18dd.png,976,976,899,976,899,976,976,976,976,976,976,976,976,976,976,976,976,976,976,976,976
46a489dcff5471a4.png,920,920,770,920,770,920,770,920,770,920,540,920,459,920,770,920,920,920,920,920,920
38c6124f40b8d845.png,896,896,745,896,745,896,896,896,745,896,745,896,896,896,745,52,52,789,896,896,896
6740e1e89b5bbab4.png,981,981,115,981,115,981,319,981,53,981,50,981,34,981,330,981,115,981,981,981,981
54ff02d9dfbf8540.png,884,884,841,884,841,884,841,884,841,884,841,884,841,884,841,884,841,884,841,884,841
2c9398f44d099e0f.png,522,933,522,933,522,522,522,522,522,522,522,522,125,125,125,522,522,522,522,522,522
6896a8b78f404dc8.png,980,980,35,980,35,980,328,980,140,980,978,980,979,980,980,980,980,980,980,980,980
d2d6ae6e0b8a0c31.png,986,986,38,986,38,986,37,986,37,986,38,986,38,986,38,986,986,986,986,986,986
fccfc3563cd562e1.png,977,977,344,977,344,977,347,977,347,977,977,977,977,977,976,977,977,977,977,977,977
d3a88c50958b1b5f.png,977,977,973,977,973,977,980,977,973,977,973,977,980,977,77,977,977,977,977,977,977
513b3032ed1f388c.png,114,114,45,114,45,114,114,114,38,114,114,114,38,114,38,114,114,114,114,114,114
6217866896fbe2b7.png,699,699,975,699,975,699,699,699,699,699,699,699,699,699,699,699,699,789,699,699,699
21554e755b9706d2.png,342,342,151,342,151,342,151,342,110,342,342,342,342,342,342,342,342,342,342,342,342
87a2147620d5e1cb.png,780,780,830,780,830,780,780,780,780,780,780,780,780,780,780,780,780,780,780,780,780
b86d604067f50613.png,490,490,282,490,282,490,136,490,24,490,752,490,752,490,752,490,657,490,490,628,628
af3736cca01a2d28.png,318,321,318,321,318,318,318,318,318,318,318,318,318,318,318,318,318,318,318,318,318
5adb3d985cf217a9.png,405,405,896,405,896,405,896,405,405,405,405,405,405,405,405,515,515,789,405,405,405
60566d5680497389.png,473,473,704,473,704,473,871,473,704,473,704,473,694,473,473,473,473,473,473,473,473
1cfa5381359bff9f.png,422,422,840,422,840,422,840,422,840,422,840,422,840,422,840,422,840,422,840,467,840
cd40b0e46c9da574.png,662,662,806,662,806,662,662,662,662,662,662,662,662,662,662,662,662,662,662,662,662
e9ecdf28dc1d5a85.png,609,609,807,609,807,609,609,609,609,609,609,609,609,609,609,609,609,609,609,609,609
821aae58dc96b4b2.png,341,341,125,341,125,341,341,341,341,341,341,341,341,341,341,341,341,341,341,341,341
715335d5ddfca1f2.png,481,481,800,481,800,481,895,481,800,481,895,481,701,481,800,481,481,481,481,481,481
1be47d60e0156bbb.png,650,650,978,650,978,650,978,650,978,650,978,650,978,650,515,650,650,650,650,650,650
8724748782cb6c31.png,76,76,312,76,312,76,313,76,312,76,312,76,124,76,313,76,313,76,313,76,313
2ba52bcf59097dc8.png,971,971,981,971,981,971,981,971,981,971,981,971,981,971,981,971,971,971,981,971,971
2ed718f6db9785f8.png,519,519,747,519,747,519,747,519,519,519,519,519,519,519,771,519,519,519,519,519,519
4a251fb6d80b5137.png,800,800,905,800,905,800,905,800,905,800,905,800,557,800,905,800,905,800,905,800,905
3617bfc5d06bc196.png,885,885,498,885,498,885,885,885,885,885,885,885,885,885,885,885,885,885,885,885,885
143c74a57326fd40.png,422,422,546,422,546,422,546,422,546,422,582,422,546,422,821,422,422,422,546,422,819
d051e0bd46125123.png,669,669,874,669,874,669,874,669,874,669,874,669,874,669,874,669,669,669,669,669,669
84af93c72781b7f0.png,438,438,834,438,834,438,834,438,834,438,566,438,834,438,834,438,834,438,834,438,834
a52570066ecc61fd.png,976,976,704,976,704,976,731,976,429,976,704,976,704,976,704,976,976,976,704,976,976
3e8bf1eee7083f6e.png,631,631,547,631,547,631,611,631,598,631,771,631,771,631,771,631,771,771,771,631,771
f6d5c95ce7908a58.png,561,561,769,561,769,561,769,561,431,561,431,561,431,561,431,561,561,561,561,561,769
bfb2aaf48d7fc08c.png,979,979,543,979,543,979,396,979,670,979,320,979,670,979,7,979,978,979,345,979,311
5528f7330399485f.png,74,74,75,74,75,74,75,74,75,74,75,74,75,74,75,75,75,74,75,74,74
635ea505879178ed.png,539,539,833,539,833,539,539,539,539,539,539,539,539,539,833,539,539,539,539,539,539
a8631b077e74f7aa.png,480,480,536,480,536,480,536,480,480,480,536,536,480,480,536,536,536,480,536,480,536
bb03be3702584eeb.png,672,672,666,672,666,672,672,672,666,672,672,672,672,672,672,672,672,672,672,672,672
8090736c8299ab28.png,980,980,973,980,973,980,973,980,973,980,973,980,973,980,973,980,980,980,980,980,980
74b13710bcf4f7f3.png,775,771,465,771,465,771,775,775,775,775,631,775,775,503,775,771,503,789,789,775,631
ecd3a969dd466349.png,285,285,226,285,226,285,193,285,193,285,183,285,193,285,226,285,285,285,285,285,285
2abcab3d77d4767e.png,443,443,872,443,872,443,438,443,864,584,485,683,864,443,864,443,443,443,518,443,443
8c975de17f3247d1.png,650,650,825,650,825,650,701,650,825,650,751,650,722,650,751,650,650,650,650,650,650
8d86fae18afef4e0.png,38,38,37,38,37,38,38,38,38,38,38,38,38,38,38,38,38,38,38,38,38
619a9d0eb2acdd82.png,885,885,744,885,744,885,744,885,744,885,744,885,744,885,744,885,744,885,744,885,885
9ab953cce5c7f879.png,443,443,498,443,498,443,498,443,443,443,498,443,443,443,498,443,443,443,443,443,443
1c2e9fe8b0b2fdf2.png,58,58,319,58,319,58,115,58,71,58,80,58,313,58,58,58,71,58,71,58,58
a414ccf5c51454e0.png,830,830,852,830,852,830,830,830,830,830,476,830,830,830,830,830,830,830,830,830,830
26aa2e6ee43387e7.png,913,913,975,913,975,913,650,913,650,913,650,913,650,913,647,913,650,913,913,913,913
3302a8c24caf20f4.png,704,707,704,707,704,704,704,704,341,704,704,707,704,704,704,707,707,704,704,704,704
dd722682a9f2b9dd.png,437,437,865,437,865,437,437,437,610,437,437,437,610,437,437,437,437,437,469,437,437
6afe58efa85756dc.png,929,929,932,929,932,929,932,929,932,929,929,929,932,929,932,929,932,929,929,929,929
0ceee9a38409e30c.png,484,484,874,484,874,484,874,484,874,484,874,484,874,484,874,484,874,484,699,484,874
1df5e1adad21d618.png,405,405,909,405,909,405,447,405,550,405,444,405,550,405,833,405,405,405,405,405,405
57e62606f02d0251.png,548,548,415,548,415,548,415,548,916,548,637,780,637,548,415,548,548,548,548,548,548
d0fe8afb55c3c7cd.png,498,498,699,498,699,498,699,498,484,498,699,498,699,498,699,498,699,498,498,498,484
91d18b353d5b3be2.png,931,931,334,931,334,931,334,931,110,931,110,931,110,931,110,931,600,931,931,931,931
21b0803c965f76ef.png,920,920,647,920,647,920,637,920,922,920,540,920,540,920,920,920,920,920,920,920,920
f20783fc38473514.png,386,386,538,386,538,386,538,386,538,386,538,386,538,386,343,386,538,386,343,386,538
3d6e530955c60759.png,512,512,752,512,752,512,818,512,480,512,818,512,818,512,746,512,818,512,437,512,512
7e5c847bafc4d50c.png,909,909,626,909,626,909,803,909,473,909,473,909,909,909,473,909,815,909,815,909,909
0aebe24fc257286e.png,561,561,616,561,616,561,616,561,616,561,616,561,561,561,616,561,561,561,561,561,561
3c970c84b598f2d9.png,780,780,830,780,830,780,875,780,780,780,780,780,780,780,780,780,780,780,780,780,780
c6166621198a3de4.png,986,986,702,986,702,986,986,986,986,986,986,986,986,986,986,986,986,986,986,986,986
134bfd93a04b88b2.png,581,581,429,581,429,581,581,581,581,581,581,581,581,581,581,581,581,581,581,581,581
4227a6e105cc0588.png,971,971,980,971,980,971,980,971,980,971,971,971,980,971,980,119,52,789,789,971,971
405dd60729a8c18d.png,848,848,610,848,610,848,848,848,587,848,581,848,848,848,848,848,848,848,848,848,848
0d29832e5da60f5f.png,973,973,826,973,826,973,826,973,826,973,826,973,826,826,826,973,826,826,826,973,826
90ab38bb74020d5a.png,647,647,664,647,664,647,664,647,664,647,647,647,647,647,647,647,647,647,647,647,647
068c5d66662a837a.png,964,964,115,964,115,964,925,964,911,964,964,964,115,964,115,964,942,964,964,964,964
e5f15610a22098bb.png,672,672,871,672,871,672,672,672,672,672,445,672,672,672,881,672,672,672,672,672,672
4cd90a6459ce9571.png,719,719,526,719,526,719,719,719,719,719,435,719,461,719,461,719,719,983,719,719,719
4a0bac33f8e81e60.png,407,407,428,407,428,407,428,407,428,407,407,407,407,407,407,407,407,407,428,407,407
cc283b8f7f46fbf0.png,574,574,754,574,754,574,574,574,574,574,574,574,574,574,574,574,574,574,574,574,574
70b9b8ae11327472.png,11,11,12,11,12,11,12,11,13,11,13,11,13,11,13,11,12,11,12,11,12
5dd8e133e66ecd3a.png,142,142,138,142,138,142,138,142,138,142,138,142,142,142,142,142,142,789,142,142,142
4dc360d125c9238c.png,527,527,568,527,568,527,533,527,551,527,533,527,828,527,828,787,787,527,893,527,828
8805b0b20d808c49.png,704,704,647,704,647,704,647,704,613,704,704,704,704,704,704,704,704,704,704,704,704
15d27dbdc9eeda7f.png,469,469,752,469,752,469,752,469,752,752,752,752,752,752,752,52,818,818,752,469,752
448a738f6dcba07e.png,563,563,124,563,124,563,820,563,124,563,563,563,563,563,820,563,563,563,563,563,563
e5948d6294eb8ca3.png,887,887,463,887,463,887,887,887,887,887,887,887,887,887,887,887,887,887,887,887,887
