image,label,vit_base_patch16_224__clean,vit_base_patch16_224__vit_base_patch16_224,vit_base_patch16_224__pit_b_224,vit_base_patch16_224__cait_s24_224,vit_base_patch16_224__visformer_small,deit_base_distilled_patch16_224__clean,deit_base_distilled_patch16_224__vit_base_patch16_224,deit_base_distilled_patch16_224__pit_b_224,deit_base_distilled_patch16_224__cait_s24_224,deit_base_distilled_patch16_224__visformer_small,levit_256__clean,levit_256__vit_base_patch16_224,levit_256__pit_b_224,levit_256__cait_s24_224,levit_256__visformer_small,pit_b_224__clean,pit_b_224__vit_base_patch16_224,pit_b_224__pit_b_224,pit_b_224__cait_s24_224,pit_b_224__visformer_small,cait_s24_224__clean,cait_s24_224__vit_base_patch16_224,cait_s24_224__pit_b_224,cait_s24_224__cait_s24_224,cait_s24_224__visformer_small,convit_base__clean,convit_base__vit_base_patch16_224,convit_base__pit_b_224,convit_base__cait_s24_224,convit_base__visformer_small,tnt_s_patch16_224__clean,tnt_s_patch16_224__vit_base_patch16_224,tnt_s_patch16_224__pit_b_224,tnt_s_patch16_224__cait_s24_224,tnt_s_patch16_224__visformer_small,visformer_small__clean,visformer_small__vit_base_patch16_224,visformer_small__pit_b_224,visformer_small__cait_s24_224,visformer_small__visformer_small
ILSVRC2012_val_00000031.png,324,324,325,325,47,325,324,325,325,47,325,324,325,325,324,325,324,324,775,324,325,324,325,325,46,325,324,325,325,46,325,324,325,325,325,325,324,325,325,325,325
ILSVRC2012_val_00000081.png,970,970,815,646,979,970,970,970,646,672,970,970,970,970,672,970,970,970,646,672,975,970,646,970,672,975,970,970,646,672,970,970,979,646,672,672,970,970,646,672,715
ILSVRC2012_val_00000102.png,159,159,180,180,246,246,159,180,180,246,243,159,180,243,246,243,159,180,180,246,243,159,246,180,246,246,159,180,180,246,243,159,180,180,246,243,159,180,243,246,243
ILSVRC2012_val_00000117.png,638,638,655,638,638,638,638,655,639,639,638,638,655,639,639,638,638,638,639,638,638,638,655,638,639,638,638,655,639,639,638,638,655,639,639,638,638,638,639,639,620
ILSVRC2012_val_00000120.png,645,645,701,645,645,645,645,645,645,645,645,645,645,645,645,645,645,645,971,645,645,645,645,645,865,645,645,645,645,645,645,645,645,645,645,645,645,645,645,645,879
ILSVRC2012_val_00000138.png,328,328,108,328,108,328,328,108,947,108,322,328,108,947,108,107,328,328,947,108,322,328,108,328,108,328,328,108,947,108,328,328,108,947,108,322,328,108,328,108,322
ILSVRC2012_val_00000166.png,687,687,687,687,687,687,687,687,687,687,687,687,687,687,687,687,687,687,411,687,687,687,687,687,794,687,687,687,687,687,687,687,687,687,687,687,687,687,687,687,799
ILSVRC2012_val_00000262.png,1,1,983,1,1,1,1,983,390,983,1,1,983,29,6,371,1,1,29,6,1,1,983,29,983,1,1,983,29,5,1,1,983,29,33,371,1,1,29,149,371
ILSVRC2012_val_00000299.png,69,69,116,116,741,116,69,116,116,741,69,69,69,741,588,824,69,116,506,741,116,69,116,741,741,116,69,116,111,741,116,69,116,116,741,116,69,116,116,116,116
ILSVRC2012_val_00000410.png,598,598,854,598,745,598,598,854,598,745,664,598,598,598,598,598,598,598,526,598,782,598,498,598,745,664,598,854,598,745,598,598,745,598,745,664,598,745,745,745,664
ILSVRC2012_val_00000499.png,398,398,398,398,398,398,398,398,398,398,941,398,398,398,398,941,398,398,411,398,941,398,398,398,769,941,398,398,398,398,398,398,398,398,398,941,398,398,398,398,941
ILSVRC2012_val_00000526.png,868,868,711,409,635,868,868,711,409,826,409,868,868,868,481,826,868,711,137,409,409,868,711,868,826,409,868,711,409,826,409,868,711,719,409,409,868,711,787,409,409
ILSVRC2012_val_00000537.png,491,491,469,491,491,491,491,491,491,491,491,491,491,491,491,491,491,491,109,491,491,491,491,491,775,491,491,491,491,775,491,491,491,491,491,491,491,491,491,491,829
ILSVRC2012_val_00000548.png,143,143,128,143,143,143,143,143,128,128,143,143,143,128,143,98,143,143,128,143,143,143,143,128,128,143,143,143,128,128,109,143,143,128,128,98,143,143,128,128,98
ILSVRC2012_val_00000575.png,600,600,835,517,517,600,600,835,600,744,600,600,517,517,517,704,600,600,517,517,600,600,835,600,62,600,600,460,600,744,600,600,835,517,562,695,600,835,517,517,704
ILSVRC2012_val_00000602.png,850,850,178,178,584,178,850,178,178,600,178,850,178,178,584,178,850,178,178,658,178,850,178,178,584,178,850,178,178,584,178,850,178,178,584,178,850,178,178,584,178
ILSVRC2012_val_00000695.png,370,370,176,80,388,370,370,23,23,357,370,370,370,93,370,295,370,370,947,370,370,370,375,99,552,370,370,219,18,721,370,370,370,99,109,370,370,23,23,370,738
ILSVRC2012_val_00000724.png,449,449,536,449,660,449,449,536,449,660,449,449,449,449,449,449,449,449,39,660,449,449,449,449,660,449,449,536,660,660,660,449,449,660,660,660,449,449,449,660,757
ILSVRC2012_val_00000781.png,112,112,66,112,774,112,112,66,353,893,112,112,66,282,282,363,112,112,117,463,640,112,363,340,611,363,112,66,117,117,112,112,66,250,770,363,112,66,203,117,426
ILSVRC2012_val_00000809.png,863,863,7,7,7,7,863,7,7,7,7,863,7,8,7,7,863,7,417,7,7,863,7,7,7,7,863,7,7,7,7,863,7,7,7,7,863,7,7,7,7
ILSVRC2012_val_00000871.png,294,294,391,294,256,294,294,219,219,256,207,294,294,213,256,207,294,294,99,256,294,294,200,271,256,207,294,226,271,256,294,294,182,271,256,219,294,294,348,294,207
ILSVRC2012_val_00000890.png,25,25,28,28,25,25,25,28,28,300,25,25,25,28,25,308,25,25,28,25,308,25,28,25,304,25,25,28,28,300,25,25,25,28,300,304,25,25,28,25,308
ILSVRC2012_val_00000989.png,998,998,815,998,998,998,998,998,998,888,998,998,998,998,888,998,998,998,958,888,998,998,998,998,340,998,998,815,998,340,998,998,998,998,888,998,998,998,998,998,79
ILSVRC2012_val_00001094.png,489,489,660,489,716,489,489,660,489,791,489,489,660,489,489,489,489,489,549,489,791,489,660,489,721,489,489,660,489,738,489,489,660,489,706,489,489,489,489,489,791
ILSVRC2012_val_00001115.png,962,962,923,962,116,962,962,923,108,329,61,962,923,329,962,61,962,923,108,962,61,962,923,108,329,61,962,923,108,329,61,962,923,108,962,61,962,962,61,962,61
ILSVRC2012_val_00001343.png,748,748,692,893,893,893,748,692,411,411,748,748,748,748,748,748,748,748,697,748,748,748,692,411,879,748,748,692,411,709,748,748,893,411,893,748,748,748,748,748,791
ILSVRC2012_val_00001379.png,185,185,272,184,184,219,185,186,184,184,219,185,186,184,184,219,185,186,184,184,219,185,294,184,191,184,185,269,184,184,219,185,186,184,184,219,185,186,184,184,219
ILSVRC2012_val_00001425.png,178,178,246,180,178,178,178,246,180,207,180,178,178,178,178,178,178,246,180,208,180,178,246,180,207,178,178,246,180,208,180,178,246,180,178,180,178,246,180,178,180
ILSVRC2012_val_00001434.png,206,206,243,206,208,219,206,209,209,151,219,206,209,206,209,219,206,209,209,209,219,206,209,209,151,219,206,208,209,151,221,206,209,209,151,219,206,209,209,209,219
ILSVRC2012_val_00001435.png,89,89,364,364,89,89,89,364,364,109,89,89,364,364,21,898,89,364,364,89,898,89,364,364,109,89,89,364,364,109,898,89,364,364,109,898,89,364,364,89,898
ILSVRC2012_val_00001512.png,926,926,463,926,469,926,926,469,124,124,124,926,926,124,124,124,926,926,124,124,124,926,124,124,124,124,926,124,124,124,124,926,124,124,124,124,926,926,124,124,124
ILSVRC2012_val_00001537.png,80,80,83,80,80,80,80,83,83,83,80,80,83,83,83,100,80,80,83,80,80,80,83,80,83,80,80,83,83,83,80,80,83,83,83,100,80,80,83,80,205
ILSVRC2012_val_00001570.png,307,307,302,302,302,307,307,302,307,302,307,307,302,303,302,302,307,302,303,302,302,307,302,307,302,302,307,302,303,302,307,307,302,302,302,302,307,302,302,302,314
ILSVRC2012_val_00001638.png,636,636,414,636,748,636,636,414,414,748,414,636,636,414,748,414,636,414,414,636,414,636,414,636,748,414,636,414,414,748,414,636,414,759,748,414,636,414,414,636,414
ILSVRC2012_val_00001642.png,960,960,415,962,923,960,960,415,962,123,960,960,960,960,960,960,960,960,923,923,960,960,415,923,415,960,960,415,923,415,960,960,415,962,923,960,960,960,923,928,314
ILSVRC2012_val_00001645.png,44,44,395,58,50,395,44,395,44,50,395,44,44,44,44,395,44,44,50,50,395,44,395,50,50,395,44,395,44,50,395,44,395,58,49,395,44,395,50,50,395
ILSVRC2012_val_00001648.png,533,533,474,533,533,533,533,474,533,911,533,533,533,533,533,533,533,533,474,533,533,533,474,533,911,533,533,533,533,911,533,533,533,533,474,533,533,533,533,533,558
ILSVRC2012_val_00001655.png,906,906,457,643,850,474,906,824,109,850,474,906,824,474,850,474,906,457,643,591,474,906,824,643,109,474,906,850,501,850,474,906,474,501,911,474,906,850,903,850,474
ILSVRC2012_val_00001659.png,671,671,880,671,671,671,671,671,671,364,671,671,671,671,671,671,671,671,972,671,671,671,671,671,721,671,671,671,671,972,671,671,671,671,972,671,671,671,671,671,880
ILSVRC2012_val_00001689.png,518,518,691,518,518,518,518,691,545,545,755,518,518,545,518,755,518,518,545,518,755,518,691,518,545,755,518,518,545,518,755,518,545,545,545,755,518,518,545,518,755
ILSVRC2012_val_00001753.png,675,675,734,675,717,734,675,734,407,468,468,675,734,734,734,734,675,734,407,734,717,675,734,407,407,734,675,734,407,468,734,675,734,407,734,468,675,734,407,407,751
ILSVRC2012_val_00001925.png,262,262,154,262,380,262,262,154,262,102,262,262,154,262,262,348,262,154,202,262,276,262,154,262,298,262,262,154,262,364,262,262,154,262,182,276,262,154,262,262,294
ILSVRC2012_val_00002002.png,134,134,83,134,134,134,134,134,134,134,134,134,134,134,134,134,134,134,99,134,134,134,134,134,127,134,134,97,134,134,134,134,134,99,134,134,134,134,99,134,115
ILSVRC2012_val_00002073.png,351,351,352,350,350,351,351,352,350,350,51,351,352,350,350,51,351,352,350,351,51,351,352,350,350,51,351,352,350,350,51,351,352,350,350,51,351,352,350,350,51
ILSVRC2012_val_00002159.png,662,662,742,742,742,662,662,742,742,742,742,662,662,742,742,742,662,662,742,742,742,662,742,742,742,742,662,742,742,742,742,662,742,742,742,742,662,742,742,742,742
ILSVRC2012_val_00002176.png,190,190,181,190,190,190,190,181,190,190,190,190,181,188,190,104,190,188,235,190,104,190,181,181,203,190,190,181,190,794,190,190,181,188,190,104,190,190,104,190,104
ILSVRC2012_val_00002183.png,414,414,636,636,636,636,414,636,748,961,414,414,636,636,636,869,414,636,748,636,869,414,636,636,961,869,414,636,748,636,869,414,636,748,636,414,414,655,748,636,869
ILSVRC2012_val_00002184.png,958,958,427,958,649,958,958,427,104,825,649,958,958,109,958,649,958,293,997,374,227,958,427,649,381,649,958,275,738,104,227,958,427,997,23,346,958,958,649,104,227
ILSVRC2012_val_00002311.png,138,138,80,138,138,138,138,138,138,138,138,138,138,138,138,138,138,138,134,138,138,138,138,138,815,138,138,138,138,138,138,138,138,138,138,138,138,138,138,138,58
ILSVRC2012_val_00002347.png,618,618,494,618,828,618,618,494,494,828,618,618,618,786,828,641,618,398,494,618,523,618,618,823,828,618,618,494,618,828,618,618,618,398,828,618,618,618,398,828,523
ILSVRC2012_val_00002464.png,690,690,345,345,346,345,690,690,690,346,354,690,690,690,346,354,690,690,345,690,354,690,690,690,346,354,690,345,690,346,690,690,690,690,346,354,690,690,345,346,354
ILSVRC2012_val_00002533.png,632,632,633,632,633,632,632,633,632,633,632,632,632,473,635,861,632,633,633,600,861,632,633,600,633,861,632,633,109,635,632,632,633,633,600,861,632,632,600,861,861
ILSVRC2012_val_00002583.png,350,350,184,350,349,350,350,184,184,349,182,350,350,350,349,182,350,350,184,350,182,350,184,184,348,182,350,182,184,349,182,350,182,184,349,182,350,350,184,350,182
ILSVRC2012_val_00002614.png,243,243,242,242,242,242,243,242,242,242,242,243,242,242,242,242,243,242,242,242,242,243,242,242,171,242,243,242,242,242,242,243,242,242,242,242,243,242,242,242,242
ILSVRC2012_val_00002716.png,695,695,507,507,507,695,695,695,695,507,695,695,695,695,695,695,695,695,411,507,695,695,507,507,507,695,695,507,507,507,695,695,695,507,507,695,695,695,109,507,662
ILSVRC2012_val_00002733.png,456,456,432,456,456,456,456,432,456,432,456,456,456,456,456,456,456,456,788,456,420,456,456,456,711,456,456,456,456,764,456,456,456,456,456,456,456,456,416,456,819
ILSVRC2012_val_00002734.png,723,723,584,723,723,723,723,549,723,549,723,723,723,549,723,549,723,816,816,816,723,723,584,723,868,723,723,549,723,549,723,723,584,884,892,549,723,549,816,549,549
ILSVRC2012_val_00002815.png,352,352,353,352,353,352,352,353,352,353,352,352,353,353,353,351,352,353,353,353,351,352,353,352,353,352,352,353,353,353,352,352,353,353,353,351,352,353,353,353,351
ILSVRC2012_val_00002932.png,33,33,34,34,34,33,33,34,34,34,34,33,34,34,34,34,33,34,34,34,34,33,34,34,641,34,33,34,34,34,34,33,34,34,34,34,33,34,34,34,34
ILSVRC2012_val_00003096.png,679,679,433,679,679,679,679,433,488,488,679,679,679,515,488,679,679,611,488,488,679,679,433,488,488,679,679,842,488,488,679,679,679,488,850,679,679,488,850,850,515
ILSVRC2012_val_00003145.png,914,914,522,914,914,914,914,700,914,484,914,914,914,914,914,914,914,914,484,914,914,914,914,484,484,914,914,914,914,914,914,914,914,914,914,914,914,914,914,914,833
ILSVRC2012_val_00003190.png,911,911,533,911,533,911,911,533,533,533,806,911,911,533,533,806,911,533,533,533,806,911,533,533,533,806,911,533,806,533,806,911,533,911,533,806,911,533,806,533,806
ILSVRC2012_val_00003194.png,603,603,830,603,603,603,603,603,603,730,603,603,603,603,603,603,603,603,515,603,603,603,830,603,730,603,603,603,603,730,603,603,603,830,730,603,603,603,603,603,671
ILSVRC2012_val_00003317.png,861,861,607,861,861,861,861,607,643,641,861,861,861,643,861,861,861,607,643,861,643,861,607,643,641,861,861,607,643,641,861,861,607,643,861,643,861,861,643,861,643
ILSVRC2012_val_00003332.png,913,913,510,913,814,913,913,510,913,476,913,913,913,913,913,913,913,913,408,814,913,913,510,913,814,913,913,510,913,814,913,913,913,913,814,913,913,913,913,913,821
ILSVRC2012_val_00003337.png,369,369,372,367,375,374,369,372,367,284,374,369,372,367,284,374,369,372,367,284,374,369,372,367,284,369,369,372,367,284,374,369,370,367,284,374,369,370,367,284,374
ILSVRC2012_val_00003340.png,898,898,849,898,562,898,898,505,899,562,505,898,505,899,562,505,898,505,712,538,505,898,832,898,832,899,898,818,898,818,437,898,899,898,442,503,898,899,899,562,849
ILSVRC2012_val_00003381.png,685,685,826,685,685,685,685,685,685,826,685,685,685,685,685,685,685,685,659,685,685,685,685,685,409,685,685,685,685,685,685,685,685,685,685,685,685,685,685,685,613
ILSVRC2012_val_00003515.png,903,903,887,459,459,903,903,655,987,831,655,903,857,987,601,697,903,655,750,655,697,903,655,655,953,655,903,601,578,831,697,903,655,578,655,578,903,689,750,697,697
ILSVRC2012_val_00003577.png,78,78,73,78,73,78,78,73,111,73,78,78,78,111,71,71,78,78,111,78,71,78,73,111,674,71,78,73,111,73,78,78,78,111,73,71,78,78,111,78,71
ILSVRC2012_val_00003584.png,199,199,252,252,252,252,199,252,252,252,252,199,252,252,252,252,199,252,252,252,252,199,252,252,154,252,199,252,252,252,252,199,252,252,252,252,199,252,252,252,252
ILSVRC2012_val_00003607.png,60,60,54,60,62,60,60,54,54,34,54,60,54,54,66,54,60,54,109,62,54,60,54,54,45,54,60,54,54,34,54,60,54,54,32,54,60,54,54,62,54
ILSVRC2012_val_00003670.png,405,405,733,405,405,405,405,1,557,794,405,405,733,682,405,863,405,405,815,405,405,405,696,815,794,405,405,557,405,794,405,405,405,557,405,405,405,405,815,405,863
ILSVRC2012_val_00003674.png,430,430,981,430,430,430,430,981,430,890,430,430,430,560,430,981,430,430,805,430,981,430,981,430,922,981,430,981,430,430,560,430,981,805,430,981,430,430,805,430,981
ILSVRC2012_val_00003706.png,67,67,68,67,67,67,67,67,67,68,67,67,67,67,68,67,67,67,68,67,67,67,67,67,68,67,67,68,67,68,67,67,67,67,68,54,67,67,67,68,32
ILSVRC2012_val_00003724.png,634,634,932,408,932,634,634,932,84,415,433,634,582,492,415,433,634,718,433,415,433,634,415,415,932,433,634,415,84,932,433,634,582,858,706,433,634,415,642,741,433
ILSVRC2012_val_00003745.png,249,249,210,250,250,250,249,250,250,250,250,249,250,250,250,250,249,250,250,250,250,249,250,250,171,250,249,250,250,250,250,249,250,250,250,250,249,250,250,250,250
ILSVRC2012_val_00003900.png,769,769,435,769,769,769,769,778,769,778,794,769,769,769,769,794,769,769,597,597,769,769,769,597,778,794,769,794,597,640,794,769,769,769,640,769,769,769,794,769,794
ILSVRC2012_val_00003901.png,785,785,606,837,837,785,785,514,837,594,837,785,813,785,837,837,785,785,837,785,785,785,606,837,987,785,785,514,837,836,785,785,836,837,594,837,785,785,837,837,837
ILSVRC2012_val_00003913.png,607,607,920,607,607,607,607,607,607,827,854,607,920,562,854,854,607,607,562,827,854,607,862,562,827,854,607,607,562,827,607,607,862,562,854,854,607,607,562,607,854
ILSVRC2012_val_00003918.png,795,795,621,795,795,795,795,795,795,795,795,795,795,795,795,795,795,795,557,795,795,795,795,795,411,795,795,795,795,795,795,795,795,795,795,795,795,795,795,795,839
ILSVRC2012_val_00004015.png,699,699,642,434,542,699,699,699,434,434,699,699,699,434,699,699,699,699,434,699,699,699,699,434,419,699,699,608,434,434,699,699,699,434,542,644,699,699,434,699,905
ILSVRC2012_val_00004171.png,686,686,790,686,506,686,686,790,686,506,686,686,524,524,524,687,686,524,524,412,412,686,790,506,506,412,686,748,909,884,909,686,632,632,506,412,686,545,545,506,545
ILSVRC2012_val_00004180.png,239,239,164,238,195,238,239,164,238,195,238,239,238,238,240,238,239,238,238,240,238,239,164,238,179,238,239,180,238,240,238,239,164,238,179,238,239,164,238,180,238
ILSVRC2012_val_00004234.png,94,94,95,94,94,94,94,94,94,794,94,94,94,94,94,94,94,94,142,94,94,94,94,94,794,94,94,94,94,794,94,94,94,94,94,94,94,94,94,94,86
ILSVRC2012_val_00004238.png,555,555,867,555,879,555,555,867,555,982,555,555,555,879,555,555,555,555,874,555,555,555,555,555,614,555,555,864,555,614,555,555,555,555,879,555,555,555,829,829,871
ILSVRC2012_val_00004267.png,340,340,155,340,340,340,340,340,340,815,340,340,340,340,340,340,340,340,476,340,340,340,340,340,117,340,340,340,340,815,340,340,340,340,340,340,340,340,340,340,773
ILSVRC2012_val_00004281.png,963,963,934,963,415,963,963,934,415,415,415,963,963,415,415,963,963,963,923,415,963,963,934,415,415,415,963,934,923,415,963,963,963,415,415,509,963,963,415,415,582
ILSVRC2012_val_00004289.png,928,928,228,849,961,961,928,911,849,911,961,928,911,911,911,961,928,911,725,911,961,928,840,849,961,961,928,228,849,961,961,928,911,911,961,961,928,911,619,961,961
ILSVRC2012_val_00004309.png,458,458,498,458,916,458,458,458,458,675,458,458,458,458,458,458,458,458,557,458,458,458,675,458,419,458,458,458,458,419,458,458,458,458,458,458,458,458,458,458,893
ILSVRC2012_val_00004319.png,734,734,654,654,654,654,734,734,734,627,734,734,734,627,627,734,734,734,904,734,734,734,734,627,800,734,734,734,864,627,734,734,734,627,874,734,734,734,829,734,668
ILSVRC2012_val_00004340.png,91,91,12,90,104,91,91,12,355,496,91,91,91,21,496,114,91,91,8,708,313,91,12,708,496,82,91,12,90,496,91,91,12,9,708,316,91,12,282,496,114
ILSVRC2012_val_00004346.png,545,545,73,545,545,545,545,952,545,545,545,545,545,545,545,545,545,545,917,545,545,545,545,545,434,545,545,952,545,545,545,545,545,545,545,952,545,545,701,545,952
ILSVRC2012_val_00004355.png,378,378,370,378,382,370,378,370,378,382,378,378,378,217,378,370,378,378,380,380,370,378,370,378,382,378,378,370,378,388,378,378,370,378,382,370,378,378,378,380,370
ILSVRC2012_val_00004359.png,155,155,154,152,204,156,155,154,156,204,219,155,154,155,204,219,155,154,156,204,219,155,154,156,204,219,155,154,156,204,219,155,154,152,204,219,155,154,156,204,219
ILSVRC2012_val_00004400.png,121,121,307,121,327,121,121,119,121,327,123,121,121,121,121,123,121,121,124,121,123,121,119,121,327,123,121,119,121,327,121,121,121,121,327,123,121,121,121,121,123
ILSVRC2012_val_00004401.png,126,126,314,883,226,126,126,314,126,732,534,126,126,126,126,534,126,126,427,126,534,126,314,126,732,534,126,314,126,732,126,126,126,126,187,534,126,126,281,126,534
ILSVRC2012_val_00004413.png,515,515,112,112,112,112,515,112,808,641,112,515,808,808,808,112,515,808,808,515,591,515,109,808,641,808,515,397,808,641,515,515,808,808,808,808,515,515,808,808,110
ILSVRC2012_val_00004418.png,123,123,122,973,396,123,123,123,973,396,123,123,123,973,123,123,123,123,973,396,123,123,123,973,396,65,123,123,973,396,123,123,123,973,396,123,123,123,973,396,65
ILSVRC2012_val_00004447.png,471,471,866,471,603,471,471,603,866,661,471,471,471,866,471,471,471,471,866,471,603,471,471,866,661,471,471,603,866,603,471,471,603,866,661,603,471,471,866,471,870
ILSVRC2012_val_00004508.png,347,347,346,346,348,342,347,346,345,171,347,347,346,345,348,372,347,346,345,348,372,347,346,345,348,372,347,346,345,348,373,347,346,345,348,370,347,346,345,348,370
ILSVRC2012_val_00004575.png,425,425,858,425,858,853,425,858,425,858,853,425,425,716,858,853,425,634,912,858,853,425,858,716,858,853,425,858,858,858,853,425,425,858,858,853,425,425,716,858,853
ILSVRC2012_val_00004576.png,389,389,3,389,389,389,389,389,395,391,389,389,389,395,389,395,389,389,395,391,389,389,4,395,391,389,389,4,389,391,389,389,4,395,391,389,389,389,395,391,538
ILSVRC2012_val_00004590.png,322,322,324,94,309,317,322,324,94,308,317,322,325,94,311,317,322,324,94,309,317,322,324,94,308,317,322,324,94,308,317,322,324,94,318,317,322,318,94,308,317
ILSVRC2012_val_00004593.png,197,197,199,197,262,205,197,199,197,219,197,197,197,205,198,205,197,197,205,197,205,197,197,197,158,197,197,198,197,198,197,197,199,197,219,197,197,197,205,198,205
ILSVRC2012_val_00004606.png,667,667,459,639,456,667,667,459,459,456,667,667,459,459,667,585,667,459,638,667,667,667,459,733,790,585,667,459,733,400,733,667,459,459,667,862,667,459,459,667,585
ILSVRC2012_val_00004630.png,760,760,737,760,737,760,760,737,760,737,760,760,760,760,907,907,760,760,907,760,760,760,737,760,898,760,760,760,760,737,760,760,737,907,737,760,760,760,760,760,711
ILSVRC2012_val_00004638.png,38,38,42,42,41,38,38,42,41,41,38,38,42,138,41,138,38,42,138,41,138,38,42,41,41,138,38,42,84,41,38,38,42,138,41,138,38,42,138,41,138
ILSVRC2012_val_00004658.png,853,853,425,425,958,425,853,425,425,958,833,853,425,425,958,833,853,425,425,958,833,853,425,425,831,833,853,425,425,958,833,853,425,425,958,833,853,425,425,853,833
ILSVRC2012_val_00004678.png,103,103,397,397,285,62,103,397,397,202,61,103,397,344,202,50,103,397,397,219,62,103,397,397,770,794,103,397,397,538,61,103,397,397,202,61,103,397,397,202,62
ILSVRC2012_val_00004751.png,345,345,360,345,348,360,345,360,348,348,360,345,360,348,348,360,345,360,348,348,360,345,360,348,348,360,345,360,348,348,360,345,360,348,348,360,345,360,348,348,360
ILSVRC2012_val_00004841.png,79,79,126,79,79,79,79,79,79,749,79,79,79,79,79,79,79,79,644,79,79,79,109,79,749,79,79,112,749,749,79,79,79,79,79,79,79,79,107,79,470
ILSVRC2012_val_00004871.png,409,409,842,409,409,530,409,107,409,721,111,409,107,107,107,107,409,107,721,107,107,409,107,892,600,111,409,107,409,721,111,409,107,107,107,111,409,107,443,107,111
ILSVRC2012_val_00004919.png,303,303,74,303,74,73,303,74,307,58,815,303,74,307,303,815,303,74,307,126,73,303,73,303,58,815,303,74,307,58,815,303,73,307,77,73,303,73,307,303,815
ILSVRC2012_val_00004923.png,111,111,111,111,584,111,111,111,111,584,584,111,111,111,584,111,111,111,584,584,111,111,111,584,584,584,111,111,111,584,111,111,111,584,584,111,111,111,111,584,584
ILSVRC2012_val_00004924.png,412,412,788,412,12,412,412,788,12,12,412,412,412,412,412,431,412,412,12,12,151,412,788,12,225,791,412,778,412,12,412,412,412,412,12,412,412,412,12,412,151
ILSVRC2012_val_00004925.png,708,708,971,708,971,708,708,971,708,971,971,708,708,708,708,971,708,708,971,708,971,708,971,708,971,971,708,971,708,971,708,708,971,971,971,971,708,971,109,971,971
ILSVRC2012_val_00005036.png,828,828,469,712,884,828,828,538,828,854,938,828,828,828,828,828,828,828,712,619,884,828,469,712,794,938,828,538,659,818,828,828,828,828,828,538,828,828,828,828,938
ILSVRC2012_val_00005109.png,386,386,385,385,385,386,386,385,385,385,386,386,386,385,385,385,386,385,385,385,386,386,385,385,748,386,386,385,385,385,386,386,385,385,385,386,386,386,385,385,356
ILSVRC2012_val_00005139.png,175,175,187,175,176,187,175,187,200,176,187,175,201,200,176,187,175,187,200,176,187,175,187,200,176,187,175,187,917,176,187,175,187,200,176,187,175,187,200,176,187
ILSVRC2012_val_00005192.png,400,400,667,400,971,400,400,400,400,401,400,400,400,400,400,400,400,400,602,400,400,400,400,400,549,400,400,400,667,741,400,400,400,400,400,400,400,400,108,400,794
ILSVRC2012_val_00005241.png,488,488,695,679,110,488,488,591,591,110,111,488,65,591,110,591,488,488,84,110,868,488,824,84,110,591,488,884,591,110,696,488,679,679,110,679,488,695,735,110,696
ILSVRC2012_val_00005309.png,875,875,513,875,513,875,875,875,875,513,875,875,875,875,875,875,875,875,735,875,875,875,513,875,513,875,875,875,875,513,875,875,875,875,875,875,875,875,875,875,456
ILSVRC2012_val_00005365.png,194,194,850,202,850,265,194,265,202,265,265,194,265,202,265,265,194,265,202,265,265,194,265,202,109,265,194,265,202,265,265,194,265,202,265,265,194,265,202,266,266
ILSVRC2012_val_00005565.png,366,366,370,379,370,373,366,370,379,370,366,366,370,379,370,366,366,370,379,370,366,366,370,379,370,366,366,370,379,370,366,366,370,379,370,23,366,370,379,370,23
ILSVRC2012_val_00005582.png,125,125,119,112,397,125,125,119,112,397,327,125,121,112,109,327,125,125,112,390,327,125,118,112,397,327,125,119,112,397,327,125,119,112,397,327,125,125,112,397,327
ILSVRC2012_val_00005591.png,338,338,332,338,232,232,338,332,333,232,249,338,338,333,611,249,338,338,333,232,249,338,332,333,232,249,338,332,333,232,249,338,332,333,232,249,338,338,333,367,249
ILSVRC2012_val_00005634.png,92,92,95,92,92,92,92,95,92,12,92,92,92,95,92,92,92,95,95,92,92,92,95,92,12,92,92,95,92,12,92,92,92,95,12,144,92,92,92,92,144
ILSVRC2012_val_00005664.png,737,737,918,737,737,737,737,737,737,788,737,737,737,737,737,737,737,737,751,751,751,737,737,737,845,737,737,737,737,737,737,737,737,737,751,751,737,737,737,737,751
ILSVRC2012_val_00005689.png,967,967,809,968,968,967,967,809,967,506,925,967,967,967,463,463,967,967,968,968,828,967,809,967,545,925,967,809,967,727,967,967,809,109,741,968,967,967,968,463,463
ILSVRC2012_val_00005718.png,169,169,232,222,258,257,169,231,222,258,258,169,257,222,258,258,169,231,222,258,258,169,232,222,258,258,169,232,222,258,257,169,231,222,258,258,169,257,222,258,258
ILSVRC2012_val_00005804.png,626,626,891,464,518,447,626,891,626,641,626,626,543,88,93,759,626,783,770,741,759,626,891,464,611,626,626,891,464,918,622,626,891,464,96,512,626,626,464,512,759
ILSVRC2012_val_00005869.png,770,770,897,770,770,770,770,770,770,560,770,770,770,770,770,770,770,770,788,770,770,770,770,770,560,770,770,770,770,560,770,770,770,770,770,770,770,770,770,770,828
ILSVRC2012_val_00005891.png,302,302,303,300,300,302,302,303,300,300,302,302,302,300,300,302,302,303,300,300,302,302,303,300,300,300,302,303,300,300,302,302,303,300,300,300,302,302,300,300,74
ILSVRC2012_val_00005950.png,663,663,668,668,668,668,663,668,668,668,668,663,668,668,668,668,663,668,698,668,668,663,668,668,668,668,663,668,668,668,668,663,668,668,668,668,663,668,668,668,668
ILSVRC2012_val_00005989.png,580,580,706,580,476,580,580,580,580,690,580,580,580,580,580,580,580,580,738,580,580,580,706,580,690,580,580,706,738,690,580,580,580,580,690,875,580,580,580,580,875
ILSVRC2012_val_00005996.png,571,571,778,637,637,571,571,778,561,778,769,571,571,561,561,769,571,571,561,571,769,571,778,561,778,769,571,637,637,778,637,571,571,561,778,769,571,571,561,778,769
ILSVRC2012_val_00006106.png,820,820,866,820,547,820,820,866,820,547,856,820,856,547,547,856,820,820,547,820,856,820,866,547,547,856,820,866,820,547,856,820,856,547,547,856,820,820,547,547,856
ILSVRC2012_val_00006147.png,570,570,691,570,570,570,570,570,570,691,570,570,570,570,570,570,570,570,401,570,570,570,570,570,691,570,570,691,570,691,570,570,570,570,691,570,570,570,570,570,401
ILSVRC2012_val_00006177.png,819,819,402,819,546,819,819,402,819,546,819,819,819,420,546,420,819,819,794,819,420,819,650,794,546,819,819,650,819,546,819,819,819,420,546,420,819,819,420,546,420
ILSVRC2012_val_00006180.png,839,839,821,839,839,839,839,821,976,976,839,839,839,839,839,839,839,839,976,976,839,839,821,976,47,839,839,821,976,976,839,839,821,976,976,821,839,839,839,976,821
ILSVRC2012_val_00006213.png,23,23,8,23,23,23,23,23,23,23,23,23,23,93,23,93,23,23,93,23,23,23,23,93,411,23,23,23,23,23,23,23,23,93,23,23,23,23,93,23,86
ILSVRC2012_val_00006231.png,137,137,80,137,137,137,137,22,98,97,137,137,137,98,137,137,137,137,98,137,137,137,22,137,97,137,137,137,137,97,137,137,137,98,97,137,137,97,98,97,212
ILSVRC2012_val_00006242.png,244,244,200,244,219,244,244,200,214,219,160,244,200,214,219,160,244,200,109,214,160,244,200,214,219,244,244,200,214,219,244,244,200,214,219,160,244,200,214,244,160
ILSVRC2012_val_00006246.png,481,481,664,481,632,657,481,781,848,754,620,481,481,620,605,620,481,482,482,851,482,481,530,481,754,848,481,848,848,754,848,481,848,848,620,620,481,848,482,482,39
ILSVRC2012_val_00006326.png,13,13,10,16,10,13,13,10,16,10,13,13,13,16,10,62,13,10,16,10,62,13,16,16,10,13,13,10,16,10,13,13,13,16,10,62,13,13,16,10,62
ILSVRC2012_val_00006393.png,229,229,155,200,200,194,229,155,200,200,194,229,200,200,200,194,229,204,200,204,194,229,155,200,185,194,229,155,200,200,194,229,155,200,200,194,229,200,200,200,194
ILSVRC2012_val_00006416.png,260,260,151,259,259,259,260,259,259,259,259,260,259,259,259,259,260,259,382,259,259,260,259,259,151,259,260,259,259,259,259,260,259,259,259,259,260,259,259,259,259
ILSVRC2012_val_00006470.png,698,698,557,698,698,698,698,557,698,557,698,698,698,698,698,698,698,698,663,698,698,698,557,698,557,698,698,557,663,557,698,698,698,698,557,698,698,698,698,557,561
ILSVRC2012_val_00006501.png,309,309,599,599,310,309,309,302,310,310,310,309,310,302,310,310,309,302,302,310,310,309,599,302,310,310,309,302,302,310,310,309,309,302,310,310,309,310,302,310,310
ILSVRC2012_val_00006510.png,747,747,602,747,650,747,747,747,650,650,747,747,747,650,747,650,747,747,650,747,747,747,747,650,650,747,747,602,747,650,747,747,747,463,650,747,747,747,747,747,688
ILSVRC2012_val_00006575.png,640,640,787,640,787,640,640,787,640,787,640,640,640,640,640,640,640,640,458,640,640,640,787,458,458,787,640,787,640,458,640,640,640,640,458,640,640,640,640,640,398
ILSVRC2012_val_00006585.png,204,204,229,155,157,155,204,229,155,157,155,204,229,155,155,155,204,229,155,155,155,204,155,155,794,155,204,229,155,217,155,204,200,155,338,155,204,229,155,155,155
ILSVRC2012_val_00006647.png,902,902,589,769,405,902,902,589,767,808,794,902,902,767,434,769,902,902,767,902,769,902,589,794,794,769,902,589,767,502,769,902,589,584,808,769,902,589,767,767,769
ILSVRC2012_val_00006747.png,901,901,725,901,883,883,901,901,901,883,901,901,901,901,883,883,901,901,876,883,883,901,725,883,883,883,901,901,901,883,901,901,901,901,883,725,901,901,901,901,505
ILSVRC2012_val_00006752.png,789,789,799,789,789,789,789,789,789,789,789,789,789,789,789,789,789,789,799,789,789,789,789,789,721,789,789,789,789,721,789,789,789,789,789,789,789,789,789,789,799
ILSVRC2012_val_00006758.png,381,381,384,380,94,357,381,384,380,643,357,381,380,380,379,357,381,384,380,384,357,381,384,380,772,357,381,384,380,113,357,381,384,380,783,357,381,384,380,379,357
ILSVRC2012_val_00006822.png,466,466,829,466,466,466,466,466,466,466,466,466,466,466,466,466,466,466,829,466,466,466,466,466,466,466,466,829,466,466,466,466,861,999,466,861,466,466,829,466,502
ILSVRC2012_val_00006871.png,614,614,697,614,697,614,614,697,614,697,614,614,697,697,697,697,614,614,697,614,614,614,697,614,697,614,614,697,614,697,614,614,697,697,697,697,614,614,697,614,697
ILSVRC2012_val_00006935.png,176,176,179,172,181,270,176,172,172,267,270,176,172,172,188,270,176,172,172,266,270,176,172,172,987,176,176,172,172,267,176,176,172,172,188,270,176,172,172,188,270
ILSVRC2012_val_00006941.png,542,542,541,542,606,542,542,542,542,786,845,542,542,542,542,845,542,542,709,542,845,542,542,542,786,845,542,542,542,528,845,542,542,845,845,845,542,542,542,542,845
ILSVRC2012_val_00007119.png,539,539,620,620,620,620,539,620,285,84,620,539,281,281,281,620,539,281,285,84,135,539,281,539,84,539,539,732,539,84,620,539,620,539,487,620,539,620,285,281,620
ILSVRC2012_val_00007127.png,538,538,506,538,538,538,538,506,538,506,538,538,538,538,538,538,538,538,506,506,506,538,538,538,506,538,538,538,538,538,538,538,538,538,538,538,538,538,506,506,506
ILSVRC2012_val_00007134.png,678,678,813,463,910,463,678,463,463,775,463,678,775,775,775,775,678,678,463,463,775,678,762,463,910,678,678,463,463,910,968,678,463,463,775,463,678,572,463,775,411
ILSVRC2012_val_00007241.png,727,727,821,562,562,727,727,562,562,562,727,727,727,727,727,727,727,727,562,727,727,727,562,562,824,727,727,727,562,562,727,727,727,562,562,727,727,727,727,727,497
ILSVRC2012_val_00007306.png,995,995,994,995,994,995,995,994,333,994,114,995,995,947,994,114,995,995,607,995,114,995,994,643,994,114,995,994,114,994,114,995,994,114,994,114,995,995,114,994,114
ILSVRC2012_val_00007356.png,189,189,191,189,188,186,189,191,185,188,185,189,191,201,188,186,189,189,201,188,186,189,191,189,348,186,189,191,189,188,185,189,191,201,188,186,189,191,201,188,186
ILSVRC2012_val_00007406.png,278,278,151,272,277,278,278,277,272,277,278,278,277,272,277,277,278,277,272,277,277,278,151,272,277,278,278,277,278,277,278,278,263,272,277,277,278,277,272,277,277
ILSVRC2012_val_00007437.png,32,32,56,37,30,32,32,68,35,936,35,32,49,35,30,35,32,30,741,30,35,32,58,37,506,35,32,60,37,51,35,32,25,35,30,35,32,32,37,30,35
ILSVRC2012_val_00007445.png,172,172,173,173,215,172,172,173,173,218,172,172,173,173,173,253,172,173,173,172,253,172,173,173,794,253,172,173,173,794,253,172,173,173,218,253,172,173,173,215,253
ILSVRC2012_val_00007548.png,289,289,292,344,292,562,289,292,343,340,708,289,292,343,340,708,289,292,343,292,708,289,292,343,340,708,289,292,343,340,708,289,292,344,725,708,289,292,343,292,708
ILSVRC2012_val_00007575.png,460,460,971,460,449,460,460,971,460,904,460,460,460,460,975,460,460,460,468,460,460,460,794,794,790,109,460,672,468,727,460,460,611,627,536,536,460,460,460,460,449
ILSVRC2012_val_00007604.png,367,367,368,366,366,369,367,369,366,366,369,367,369,366,366,369,367,369,366,366,369,367,369,366,643,369,367,369,366,366,367,367,369,366,366,369,367,369,366,366,369
ILSVRC2012_val_00007633.png,654,654,436,654,757,654,654,436,407,757,654,654,407,654,757,609,654,654,407,757,609,654,436,654,757,654,654,468,407,757,654,654,407,407,757,609,654,468,407,757,609
ILSVRC2012_val_00007638.png,447,447,892,447,447,447,447,447,447,758,447,447,778,447,447,447,447,447,758,758,447,447,835,447,758,447,447,741,447,758,447,447,835,447,733,447,447,447,109,733,733
ILSVRC2012_val_00007650.png,778,778,792,778,792,778,778,792,807,462,778,778,778,846,462,640,778,778,754,462,778,778,792,807,840,778,778,830,807,840,778,778,807,919,840,919,778,807,840,840,636
ILSVRC2012_val_00007766.png,873,873,663,698,663,873,873,663,698,663,663,873,663,668,663,663,873,873,698,663,663,873,663,698,663,663,873,663,698,663,663,873,663,698,663,663,873,663,698,663,663
ILSVRC2012_val_00007767.png,388,388,361,388,388,388,388,388,388,388,388,388,388,388,388,388,388,388,104,388,388,388,388,388,815,388,388,388,388,388,388,388,388,388,388,388,388,388,388,388,232
ILSVRC2012_val_00007804.png,680,680,804,804,804,804,680,804,804,804,804,680,804,804,804,804,680,804,883,804,804,680,804,804,804,804,680,804,804,804,804,680,804,631,804,804,680,804,804,804,804
ILSVRC2012_val_00007841.png,886,886,710,509,800,886,886,886,860,790,886,886,886,700,865,794,886,886,700,800,886,886,710,999,109,865,886,806,760,109,760,886,760,760,800,844,886,886,999,800,530
ILSVRC2012_val_00007868.png,786,786,786,786,786,786,786,786,786,786,786,786,786,786,786,786,786,786,819,786,786,786,786,786,514,786,786,786,786,786,786,786,786,786,786,786,786,786,786,786,519
ILSVRC2012_val_00007968.png,428,428,469,428,428,428,428,428,428,815,428,428,428,338,428,827,428,428,909,428,640,428,800,338,152,428,428,800,428,815,428,428,428,469,469,428,428,428,827,428,827
ILSVRC2012_val_00008024.png,3,3,2,33,2,3,3,2,2,2,149,3,33,5,33,149,3,2,2,2,149,3,2,2,538,149,3,2,2,2,149,3,2,2,2,149,3,2,33,33,149
ILSVRC2012_val_00008062.png,924,924,666,924,113,924,924,924,924,109,936,924,924,924,69,944,924,924,781,850,109,924,666,448,113,924,924,666,924,328,936,924,924,741,850,936,924,924,646,924,936
ILSVRC2012_val_00008082.png,514,514,834,608,785,514,514,834,608,617,834,514,514,608,785,834,514,514,608,741,834,514,514,608,617,834,514,785,608,834,834,514,514,414,785,834,514,834,608,617,834
ILSVRC2012_val_00008092.png,374,374,372,368,368,373,374,372,368,368,374,374,372,368,368,356,374,372,368,368,368,374,372,368,368,370,374,372,368,368,374,374,372,368,368,284,374,372,368,368,356
ILSVRC2012_val_00008166.png,168,168,211,180,84,354,168,211,180,23,354,168,211,180,23,354,168,341,180,23,354,168,211,180,643,354,168,209,180,23,354,168,211,180,23,354,168,211,180,23,354
ILSVRC2012_val_00008197.png,250,250,157,250,264,250,250,248,248,264,250,250,248,248,248,196,250,250,248,250,196,250,248,250,264,196,250,248,250,264,250,250,249,248,264,196,250,250,248,264,196
ILSVRC2012_val_00008346.png,208,208,234,234,234,208,208,234,234,234,234,208,234,234,234,234,208,234,234,234,234,208,234,234,234,234,208,234,234,234,234,208,234,234,234,234,208,234,234,234,240
ILSVRC2012_val_00008399.png,52,52,60,52,60,52,52,60,52,61,124,52,61,61,61,124,52,60,46,60,124,52,60,60,62,124,52,60,60,61,52,52,60,52,54,124,52,52,52,52,124
ILSVRC2012_val_00008401.png,443,443,868,443,892,443,443,868,443,854,443,443,868,611,868,868,443,443,611,443,443,443,868,611,892,443,443,868,611,406,443,443,868,611,868,868,443,443,611,443,868
ILSVRC2012_val_00008417.png,298,298,331,331,331,278,298,331,331,331,278,298,331,331,331,278,298,331,331,331,278,298,331,331,331,278,298,331,331,331,278,298,331,331,331,278,298,331,331,331,278
ILSVRC2012_val_00008447.png,399,399,887,399,672,887,399,887,887,672,887,399,399,887,672,887,399,887,887,672,887,399,887,399,787,887,399,887,399,807,887,399,887,887,887,887,399,887,887,887,887
ILSVRC2012_val_00008538.png,677,677,783,677,587,677,677,783,677,816,677,677,677,677,677,677,677,677,947,677,677,677,783,677,641,677,677,783,677,816,677,677,677,677,677,677,677,677,677,677,952
ILSVRC2012_val_00008618.png,48,48,47,47,47,47,48,47,47,47,48,48,48,47,48,48,48,48,47,48,48,48,47,47,47,48,48,47,47,47,307,48,47,47,47,307,48,48,47,48,307
ILSVRC2012_val_00008627.png,245,245,151,186,338,151,245,151,192,719,151,245,151,192,83,151,245,151,266,151,151,245,151,192,719,151,245,151,185,719,151,245,151,182,257,151,245,151,192,151,151
ILSVRC2012_val_00008653.png,252,252,262,262,205,262,252,262,262,262,262,252,262,262,262,262,252,262,262,262,262,252,262,262,262,262,252,262,262,262,262,252,262,262,262,262,252,262,262,262,262
ILSVRC2012_val_00008675.png,162,162,161,161,161,162,162,161,161,212,162,162,161,161,161,181,162,161,161,161,229,162,161,161,161,181,162,161,161,161,162,162,161,161,161,181,162,161,161,161,267
ILSVRC2012_val_00008676.png,292,292,281,290,282,292,292,292,290,290,292,292,292,290,292,292,292,292,290,290,292,292,292,290,397,292,292,282,290,290,292,292,292,290,290,290,292,292,290,292,697
ILSVRC2012_val_00008686.png,29,29,42,29,333,29,29,42,88,333,29,29,29,88,333,596,29,29,88,356,596,29,42,88,333,674,29,42,88,333,29,29,42,51,333,596,29,42,7,333,596
ILSVRC2012_val_00008693.png,321,321,326,321,321,321,321,321,321,321,321,321,321,321,321,321,321,321,322,321,321,321,321,321,340,321,321,321,321,321,321,321,321,321,321,321,321,321,321,321,5
ILSVRC2012_val_00008697.png,315,315,318,312,312,312,315,318,312,312,312,315,318,312,312,312,315,318,312,312,312,315,318,312,312,312,315,318,312,312,312,315,318,312,312,312,315,318,312,312,312
ILSVRC2012_val_00008764.png,821,821,718,821,718,821,821,718,718,718,821,821,821,821,821,821,821,718,718,718,718,821,718,839,718,821,821,821,821,718,821,821,821,718,718,821,821,821,718,718,718
ILSVRC2012_val_00008772.png,207,207,209,208,211,185,207,209,208,208,186,207,209,208,208,185,207,209,208,208,185,207,209,208,254,207,207,209,208,208,207,207,209,208,208,185,207,209,208,208,186
ILSVRC2012_val_00008783.png,847,847,408,847,471,847,847,408,847,744,847,847,744,744,744,744,847,847,744,744,744,847,408,847,471,847,847,408,471,471,847,847,847,109,471,471,847,847,744,471,471
ILSVRC2012_val_00008803.png,477,477,740,477,740,477,477,477,477,740,477,477,477,477,477,477,477,477,590,477,477,477,740,477,740,477,477,477,477,740,477,477,477,784,477,477,477,477,477,477,590
ILSVRC2012_val_00008829.png,64,64,59,55,55,64,64,55,55,55,64,64,55,55,55,55,64,55,55,55,55,64,55,64,55,64,64,55,55,55,55,64,55,55,55,55,64,55,55,55,55
ILSVRC2012_val_00008854.png,823,823,823,823,902,823,823,823,823,902,823,823,823,823,902,823,823,823,108,823,823,823,823,823,902,823,823,823,823,902,823,823,823,635,902,823,823,823,823,635,577
ILSVRC2012_val_00008935.png,710,710,492,492,514,709,710,492,563,777,748,710,710,492,512,748,710,492,563,492,748,710,492,777,440,748,710,492,505,737,709,710,492,777,777,748,710,492,777,777,748
ILSVRC2012_val_00008952.png,6,6,5,5,5,5,6,5,5,5,5,6,5,5,5,5,6,5,5,5,5,6,5,5,5,5,6,5,5,5,5,6,5,5,5,5,6,5,5,5,5
ILSVRC2012_val_00008985.png,452,452,796,452,806,452,452,796,452,796,452,452,452,452,452,452,452,452,679,452,452,452,796,452,464,452,452,796,452,796,452,452,796,452,796,452,452,452,452,452,898
ILSVRC2012_val_00009038.png,855,855,828,855,855,855,855,855,650,650,650,855,855,855,650,855,855,855,721,855,855,855,855,855,611,855,855,855,855,650,855,855,855,898,650,650,855,855,883,650,650
ILSVRC2012_val_00009140.png,469,469,883,469,469,469,469,883,469,883,469,469,469,469,469,469,469,469,883,469,883,469,883,469,883,469,469,883,84,883,469,469,883,469,883,469,469,469,469,469,293
ILSVRC2012_val_00009170.png,586,586,864,586,586,586,586,864,586,864,586,586,586,586,586,586,586,586,884,586,586,586,864,586,864,586,586,864,586,864,586,586,864,586,864,586,586,586,586,586,864
ILSVRC2012_val_00009207.png,524,524,707,461,725,461,524,461,461,461,524,524,524,461,461,461,524,524,461,461,524,524,461,461,572,524,524,461,524,461,524,524,461,461,461,524,524,461,461,461,898
ILSVRC2012_val_00009406.png,343,343,341,342,174,174,343,341,341,258,250,343,341,342,261,250,343,341,342,174,250,343,345,341,235,249,343,341,342,794,250,343,341,341,261,249,343,342,342,261,250
ILSVRC2012_val_00009494.png,744,744,669,744,884,744,744,744,657,668,744,744,657,657,657,744,744,657,812,657,657,744,657,657,668,744,744,657,657,657,744,744,657,657,437,744,744,744,744,657,417
ILSVRC2012_val_00009498.png,674,674,772,674,772,674,674,674,674,748,674,674,674,674,674,611,674,674,772,674,674,674,674,674,893,674,674,674,674,748,674,674,674,674,674,674,674,674,674,674,611
ILSVRC2012_val_00009651.png,566,566,650,566,513,566,566,566,566,513,566,566,566,566,513,513,566,566,643,513,794,566,566,566,513,566,566,566,566,513,566,566,566,819,513,776,566,566,650,513,650
ILSVRC2012_val_00009762.png,912,912,425,425,642,425,912,425,853,642,718,912,425,718,718,718,912,425,706,642,718,912,425,853,642,718,912,853,706,642,109,912,425,706,642,718,912,425,718,718,718
ILSVRC2012_val_00009834.png,606,606,606,606,606,606,606,606,606,482,606,606,606,606,606,826,606,606,17,606,606,606,606,606,721,606,606,606,606,482,606,606,606,84,606,606,606,606,606,606,826
ILSVRC2012_val_00009970.png,784,784,451,784,813,784,784,451,784,813,784,784,784,784,784,623,784,784,451,784,784,784,784,784,813,784,784,451,784,784,784,784,875,784,741,623,784,784,623,784,623
ILSVRC2012_val_00009989.png,704,704,412,704,704,704,704,704,704,704,704,704,704,704,704,704,704,704,729,704,704,704,704,704,545,704,704,704,704,704,704,704,704,704,704,704,704,704,704,704,882
ILSVRC2012_val_00010022.png,24,24,24,24,24,24,24,24,24,24,24,24,24,24,24,24,24,24,80,24,24,24,24,24,24,24,24,24,24,24,24,24,24,24,24,24,24,24,24,24,150
ILSVRC2012_val_00010063.png,639,639,608,639,638,639,639,638,639,638,639,639,639,638,638,608,639,639,638,639,639,639,638,639,638,639,639,639,639,638,638,639,639,639,638,655,639,655,639,655,608
ILSVRC2012_val_00010070.png,191,191,196,196,196,219,191,196,219,219,219,191,196,281,196,219,191,196,219,196,219,191,196,76,245,219,191,196,219,196,219,191,196,219,196,219,191,196,219,196,219
ILSVRC2012_val_00010079.png,791,791,790,791,791,791,791,791,791,790,791,791,791,791,791,791,791,791,790,790,791,791,791,791,790,791,791,791,791,790,791,791,791,791,790,791,791,791,791,790,520
ILSVRC2012_val_00010112.png,965,965,971,125,584,112,965,109,584,584,885,965,109,591,591,885,965,506,506,533,885,965,109,955,584,885,965,868,333,506,965,965,109,950,616,109,965,591,506,584,885
ILSVRC2012_val_00010121.png,495,495,648,495,894,495,495,648,548,894,648,495,495,548,894,477,495,648,548,894,495,495,648,495,894,495,495,648,548,894,648,495,648,548,894,495,495,648,453,894,477
ILSVRC2012_val_00010125.png,201,201,226,226,187,201,201,226,226,187,201,201,201,226,201,226,201,201,226,201,226,201,226,201,283,201,201,226,226,283,201,201,201,226,204,226,201,201,226,201,226
ILSVRC2012_val_00010127.png,417,417,417,417,417,417,417,417,417,417,417,417,417,417,417,417,417,417,701,417,417,417,417,417,418,417,417,417,417,417,417,417,417,417,417,417,417,417,417,417,135
ILSVRC2012_val_00010131.png,758,758,733,758,733,758,758,733,758,558,460,758,671,671,972,460,758,758,671,830,460,758,733,758,709,733,758,733,758,830,460,758,758,758,733,460,758,758,671,830,460
ILSVRC2012_val_00010149.png,938,938,936,938,991,938,938,936,936,991,928,938,936,936,991,928,938,936,936,991,928,938,936,533,991,928,938,936,936,991,928,938,936,533,991,928,938,936,936,938,928
ILSVRC2012_val_00010158.png,441,441,572,441,441,441,441,441,969,794,441,441,441,441,441,441,441,441,969,441,441,441,441,969,794,441,441,441,969,441,441,441,441,969,441,441,441,441,969,572,969
ILSVRC2012_val_00010259.png,516,516,765,516,516,516,516,516,516,765,516,516,516,184,516,472,516,516,472,516,472,516,516,516,765,516,516,516,516,815,472,516,516,516,516,472,516,516,472,516,472
ILSVRC2012_val_00010344.png,979,979,904,979,815,979,979,970,970,973,62,979,979,973,970,62,979,979,973,970,62,979,970,979,721,62,979,970,970,815,979,979,970,970,970,62,979,979,970,970,62
ILSVRC2012_val_00010362.png,870,870,428,661,856,866,870,428,661,856,856,870,870,661,856,856,870,870,661,856,856,870,428,661,856,856,870,428,661,856,856,870,870,661,856,856,870,870,661,866,856
ILSVRC2012_val_00010401.png,779,779,654,779,779,779,779,654,779,779,779,779,779,779,779,779,779,779,654,779,779,779,779,779,468,779,779,779,779,779,779,779,779,779,779,779,779,779,654,779,734
ILSVRC2012_val_00010537.png,210,210,217,210,217,217,210,217,210,217,852,210,217,215,217,852,210,215,215,215,217,210,217,217,858,217,210,217,215,217,852,210,217,215,217,217,210,217,215,217,852
ILSVRC2012_val_00010595.png,438,438,647,438,967,438,438,647,438,967,855,438,438,438,438,855,438,438,647,438,855,438,647,438,967,438,438,647,647,967,438,438,647,438,967,855,438,438,647,967,855
ILSVRC2012_val_00010599.png,896,896,794,390,868,896,896,794,390,962,60,896,794,65,962,66,896,794,39,962,68,896,794,390,962,68,896,794,896,962,896,896,794,390,962,68,896,794,876,962,68
ILSVRC2012_val_00010608.png,947,947,997,947,947,947,947,947,947,992,947,947,947,947,947,947,947,947,995,947,995,947,947,947,641,947,947,996,996,992,947,947,947,947,992,995,947,947,947,947,995
ILSVRC2012_val_00010631.png,729,729,534,729,729,729,729,760,729,859,729,729,729,729,729,859,729,729,917,729,729,729,729,729,859,729,729,534,729,868,729,729,896,729,859,859,729,729,729,729,859
ILSVRC2012_val_00010711.png,281,281,282,281,282,281,281,281,281,282,281,281,281,281,281,281,281,281,285,282,281,281,282,281,282,281,281,282,281,282,281,281,282,285,282,281,281,281,281,282,292
ILSVRC2012_val_00010721.png,559,559,706,706,706,706,559,706,706,706,706,559,706,706,706,706,559,706,706,706,706,559,706,706,706,706,559,706,706,706,706,559,706,706,706,706,559,706,706,706,706
ILSVRC2012_val_00010858.png,885,885,841,885,841,885,885,841,841,887,887,885,841,841,697,614,885,400,841,697,735,885,841,841,787,697,885,841,841,841,697,885,841,841,841,841,885,885,697,697,614
ILSVRC2012_val_00010923.png,330,330,331,330,331,330,330,331,330,331,330,330,331,48,331,43,330,331,63,331,38,330,331,330,981,330,330,331,330,331,330,330,331,43,331,67,330,331,32,331,38
ILSVRC2012_val_00010928.png,224,224,256,260,221,256,224,256,256,266,256,224,256,256,221,256,224,256,244,266,256,224,256,256,266,256,224,256,109,266,256,224,256,244,266,256,224,256,256,266,256
ILSVRC2012_val_00011092.png,359,359,297,359,362,359,359,358,359,362,359,359,358,359,359,359,359,359,358,359,359,359,358,359,362,359,359,362,359,362,359,359,359,359,361,359,359,359,359,362,808
ILSVRC2012_val_00011104.png,332,332,195,332,332,359,332,195,153,283,359,332,359,153,283,359,332,203,153,332,359,332,330,203,283,359,332,330,153,283,359,332,361,153,283,359,332,330,203,157,359
ILSVRC2012_val_00011118.png,506,506,406,698,698,506,506,698,506,698,509,506,698,698,698,509,506,624,624,698,509,506,698,698,698,509,506,497,624,698,865,506,698,624,698,509,506,698,698,698,509
ILSVRC2012_val_00011184.png,202,202,182,170,182,170,202,182,170,182,170,202,182,170,184,170,202,182,170,184,170,202,182,170,341,170,202,182,170,182,170,202,182,170,184,170,202,182,170,182,170
ILSVRC2012_val_00011226.png,816,816,758,641,868,816,816,816,868,868,868,816,816,816,816,892,816,816,868,816,816,816,816,584,868,816,816,816,641,868,816,816,816,949,949,949,816,816,923,923,923
ILSVRC2012_val_00011236.png,71,71,117,33,66,117,71,117,108,109,108,71,108,125,44,108,71,117,60,611,108,71,109,33,397,108,71,443,393,109,108,71,117,60,109,108,71,117,611,611,108
ILSVRC2012_val_00011321.png,397,397,946,397,126,397,397,946,69,69,397,397,397,126,126,82,397,397,70,69,82,397,946,397,69,397,397,946,397,69,397,397,328,82,69,82,397,946,82,69,82
ILSVRC2012_val_00011398.png,453,453,564,453,564,453,453,564,894,564,453,453,453,794,564,788,453,453,516,564,894,453,564,453,564,453,453,564,453,564,453,453,564,453,564,788,453,453,894,564,788
ILSVRC2012_val_00011527.png,525,525,832,698,885,646,525,978,698,893,525,525,525,99,525,646,525,525,668,525,525,525,698,580,492,646,525,646,858,492,525,525,525,525,881,646,525,525,646,646,646
ILSVRC2012_val_00011651.png,115,115,110,329,329,116,115,110,329,285,116,115,329,329,329,116,115,110,329,329,116,115,110,329,329,116,115,110,329,329,116,115,110,329,329,116,115,329,329,329,116
ILSVRC2012_val_00011711.png,874,874,547,874,779,874,874,705,705,779,779,874,874,705,779,779,874,705,705,779,779,874,874,705,779,779,874,705,705,779,779,874,705,705,779,779,874,705,705,779,779
ILSVRC2012_val_00011744.png,306,306,75,306,899,306,306,75,75,696,75,306,75,696,725,75,306,302,696,306,75,306,75,306,711,75,306,75,306,899,75,306,75,696,899,75,306,75,725,306,75
ILSVRC2012_val_00011788.png,485,485,848,485,485,485,485,485,485,485,485,485,485,485,485,485,485,485,848,485,485,485,485,485,577,485,485,485,485,485,485,485,485,485,485,485,485,485,485,485,769
ILSVRC2012_val_00011799.png,841,841,610,610,610,841,841,610,610,610,610,841,610,610,610,610,841,610,610,610,610,841,610,610,610,610,841,610,610,610,610,841,610,610,610,610,841,610,610,610,610
ILSVRC2012_val_00011827.png,646,646,730,646,958,730,646,646,646,977,730,646,646,730,730,730,646,730,730,803,730,646,730,730,958,730,646,730,730,977,730,646,646,646,977,730,646,730,361,730,730
ILSVRC2012_val_00011902.png,348,348,216,348,348,348,348,216,257,231,257,348,216,348,228,157,348,216,257,231,157,348,216,257,230,157,348,216,257,231,257,348,216,257,231,157,348,216,257,257,157
ILSVRC2012_val_00011963.png,424,424,733,424,424,424,424,424,424,424,424,424,424,424,424,424,424,424,919,424,424,424,424,424,733,424,424,424,424,424,424,424,424,424,424,424,424,424,424,424,523
ILSVRC2012_val_00011987.png,627,627,817,627,627,627,627,627,627,627,627,627,627,627,627,627,627,627,757,627,627,627,627,627,757,627,627,627,627,627,627,627,627,627,627,627,627,627,627,627,536
ILSVRC2012_val_00011998.png,376,376,374,376,373,376,376,374,376,374,273,376,374,282,373,273,376,376,212,376,273,376,374,273,368,273,376,374,376,376,376,376,377,273,376,273,376,374,291,373,273
ILSVRC2012_val_00012067.png,213,213,219,219,219,219,213,219,219,219,219,213,219,219,219,219,213,219,219,219,219,213,219,219,219,219,213,219,219,219,219,213,219,219,219,219,213,219,219,219,219
ILSVRC2012_val_00012175.png,556,556,766,556,556,556,556,766,556,248,556,556,556,458,249,250,556,556,609,248,556,556,766,458,248,250,556,766,556,248,556,556,766,458,248,250,556,556,556,248,250
ILSVRC2012_val_00012208.png,593,593,710,593,593,593,593,593,593,611,593,593,593,593,593,593,593,593,709,593,593,593,593,593,485,593,593,710,593,482,593,593,593,593,611,593,593,593,593,593,848
ILSVRC2012_val_00012233.png,922,922,788,922,798,798,922,748,798,798,798,922,922,922,798,798,922,922,798,798,798,922,515,798,798,798,922,700,798,798,798,922,837,798,798,798,922,922,798,798,798
ILSVRC2012_val_00012333.png,564,564,797,797,797,669,564,797,797,797,797,564,797,797,797,797,564,797,797,797,797,564,797,797,797,797,564,797,797,797,797,564,797,797,797,797,564,797,797,797,797
ILSVRC2012_val_00012349.png,881,881,828,881,579,881,881,881,881,579,881,881,881,881,881,593,881,579,633,579,579,881,881,881,579,881,881,881,881,579,881,881,881,633,579,681,881,881,622,579,681
ILSVRC2012_val_00012473.png,475,475,606,475,475,475,475,475,475,257,475,475,475,770,475,475,475,475,770,475,475,475,475,475,257,475,475,475,475,257,475,475,475,475,475,606,475,475,475,475,606
ILSVRC2012_val_00012488.png,98,98,143,98,98,98,98,143,98,97,98,98,98,98,98,98,98,98,143,98,98,98,98,98,97,98,98,98,98,98,98,98,98,143,98,98,98,98,98,98,143
ILSVRC2012_val_00012491.png,689,689,501,578,824,903,689,501,578,903,903,689,501,824,824,903,689,501,885,824,903,689,824,885,824,903,689,501,885,824,903,689,501,885,903,903,689,501,578,903,903
ILSVRC2012_val_00012563.png,419,419,855,419,626,419,419,419,419,419,419,419,419,109,419,109,419,419,815,419,56,419,855,419,911,419,419,419,419,506,419,419,419,419,419,56,419,419,109,419,56
ILSVRC2012_val_00012613.png,578,578,619,578,601,578,578,601,689,689,601,578,601,689,689,601,578,601,689,689,578,578,601,689,411,601,578,601,689,689,578,578,601,601,689,601,578,601,601,601,524
ILSVRC2012_val_00012793.png,382,382,381,382,278,278,382,381,382,278,278,382,381,382,278,278,382,381,381,278,278,382,381,382,278,278,382,381,382,278,278,382,381,382,278,278,382,381,298,278,278
ILSVRC2012_val_00012809.png,436,436,468,436,717,436,436,468,436,717,436,436,436,436,436,436,436,436,717,436,436,436,468,436,717,436,436,436,436,717,436,436,436,436,717,436,436,436,436,436,468
ILSVRC2012_val_00012900.png,660,660,716,716,716,668,660,716,716,716,668,660,716,716,716,668,660,660,716,716,660,660,716,716,716,538,660,716,660,716,668,660,716,716,716,497,660,660,716,716,538
ILSVRC2012_val_00012964.png,558,558,578,558,558,558,558,558,558,558,558,558,558,558,558,558,558,558,683,558,558,558,889,558,542,558,558,558,558,558,558,558,558,558,558,558,558,558,558,558,456
ILSVRC2012_val_00012976.png,101,101,372,101,385,101,101,385,101,385,101,101,101,101,385,101,101,101,921,101,101,101,101,101,538,101,101,101,101,385,101,101,101,101,385,101,101,101,101,385,84
ILSVRC2012_val_00013057.png,583,583,858,583,583,583,583,858,583,583,583,583,583,583,583,583,583,583,614,583,583,583,583,583,741,583,583,858,583,583,583,583,583,583,583,583,583,583,885,583,693
ILSVRC2012_val_00013058.png,798,798,769,798,564,798,798,769,564,579,579,798,769,564,669,564,798,769,365,669,579,798,769,564,579,579,798,769,564,564,579,798,798,564,564,579,798,769,564,669,579
ILSVRC2012_val_00013098.png,478,478,412,559,423,893,478,559,519,827,893,478,478,553,553,893,478,478,553,519,893,478,559,519,492,893,478,559,553,760,478,478,478,492,492,893,478,478,553,553,893
ILSVRC2012_val_00013124.png,554,554,536,554,554,554,554,536,536,724,554,554,554,536,536,554,554,554,536,536,554,554,536,536,724,554,554,536,536,724,554,554,536,536,536,554,554,554,536,554,913
ILSVRC2012_val_00013200.png,833,833,472,536,472,833,833,472,536,693,472,833,472,449,472,472,833,693,449,472,472,833,472,536,693,472,833,794,449,693,472,833,472,536,472,472,833,472,536,472,472
ILSVRC2012_val_00013202.png,486,486,889,486,486,486,486,486,486,486,486,486,486,486,486,486,486,486,563,486,486,486,486,486,411,486,486,486,486,486,486,486,486,486,486,486,486,486,486,486,733
ILSVRC2012_val_00013203.png,871,871,484,484,484,871,871,484,484,484,871,871,914,484,780,914,871,484,484,484,914,871,484,484,484,914,871,484,484,484,871,871,484,484,484,914,871,484,484,484,914
ILSVRC2012_val_00013207.png,496,496,796,496,796,496,496,796,806,796,796,496,496,496,496,496,496,496,806,796,496,496,796,806,796,796,496,796,496,796,796,496,796,806,796,796,496,496,806,796,796
ILSVRC2012_val_00013286.png,942,942,941,941,941,942,942,941,941,941,942,942,941,941,941,942,942,941,941,941,195,942,941,941,868,942,942,941,941,941,942,942,941,941,941,942,942,941,941,941,195
ILSVRC2012_val_00013348.png,519,519,634,519,753,519,519,519,519,401,519,519,519,868,811,519,519,634,586,401,753,519,519,519,721,519,519,634,519,401,519,519,634,519,401,753,519,519,519,753,753
ILSVRC2012_val_00013410.png,285,285,69,281,281,281,285,281,281,806,340,285,281,282,281,340,285,281,863,281,340,285,281,281,611,340,285,281,281,611,340,285,281,281,281,340,285,281,281,281,340
ILSVRC2012_val_00013525.png,120,120,119,120,120,120,120,120,11,114,120,120,120,11,120,120,120,120,11,120,120,120,120,120,114,120,120,120,114,114,120,120,120,11,120,120,120,120,11,120,11
ILSVRC2012_val_00013547.png,721,721,750,721,721,721,721,750,721,842,721,721,721,842,842,434,721,721,728,721,721,721,721,775,842,721,721,721,721,842,721,721,721,721,636,721,721,721,797,797,433
ILSVRC2012_val_00013552.png,300,300,305,300,300,300,300,302,300,302,300,300,305,300,302,300,300,300,305,300,300,300,305,300,305,300,300,305,300,302,300,300,300,300,300,300,300,300,300,302,114
ILSVRC2012_val_00013583.png,232,232,247,232,264,151,232,247,151,264,151,232,247,195,264,151,232,247,448,264,151,232,247,232,161,151,232,247,151,264,151,232,247,151,264,151,232,247,151,264,151
ILSVRC2012_val_00013616.png,673,673,487,662,811,673,673,487,487,811,487,673,487,487,414,487,673,487,848,485,487,673,487,487,857,487,673,487,761,530,487,673,487,487,741,487,673,487,487,811,487
ILSVRC2012_val_00013641.png,81,81,80,81,80,81,81,80,143,80,81,81,80,81,81,80,81,81,143,81,81,81,80,143,80,81,81,80,81,80,81,81,80,143,80,80,81,81,143,81,80
ILSVRC2012_val_00013733.png,385,385,386,101,386,386,385,386,101,386,386,385,386,101,386,386,385,386,101,386,386,385,386,385,386,386,385,386,101,386,386,385,386,101,386,386,385,386,101,386,386
ILSVRC2012_val_00013858.png,63,63,53,60,52,63,63,53,60,52,63,63,60,60,52,56,63,63,58,52,54,63,53,60,52,56,63,60,63,52,63,63,52,60,52,54,63,60,60,52,54
ILSVRC2012_val_00013921.png,474,474,652,474,474,474,474,474,474,474,474,474,474,474,474,474,474,474,748,474,474,474,474,474,588,474,474,474,474,911,474,474,474,474,911,588,474,474,474,474,588
ILSVRC2012_val_00013975.png,917,917,692,917,692,917,917,692,917,999,917,917,917,917,917,917,917,917,907,917,917,917,917,917,999,917,917,692,917,692,917,917,917,917,999,917,917,917,917,917,960
ILSVRC2012_val_00014029.png,295,295,297,297,297,297,295,297,297,297,252,295,297,297,297,252,295,297,297,297,252,295,297,297,297,252,295,297,297,297,252,295,297,297,297,252,295,297,297,297,252
ILSVRC2012_val_00014035.png,892,892,426,426,426,892,892,426,426,109,892,892,892,892,426,892,892,426,426,426,892,892,426,892,426,892,892,426,892,426,892,892,426,426,426,892,892,892,892,892,783
ILSVRC2012_val_00014043.png,363,363,59,363,363,363,363,39,39,363,39,363,363,363,363,39,363,363,42,363,39,363,363,363,363,39,363,39,363,363,39,363,363,363,363,39,363,363,39,363,39
ILSVRC2012_val_00014059.png,327,327,973,327,611,4,327,973,327,721,4,327,327,327,327,4,327,327,34,750,4,327,973,327,723,327,327,973,84,723,4,327,327,34,38,4,327,327,34,750,3
ILSVRC2012_val_00014090.png,7,7,86,7,7,7,7,7,7,8,7,7,7,7,7,7,7,7,8,7,7,7,7,7,8,7,7,7,7,86,7,7,7,7,8,7,7,7,7,7,614
ILSVRC2012_val_00014117.png,220,220,168,580,213,221,220,168,428,213,220,220,220,213,213,266,220,220,541,213,220,220,168,160,213,220,220,163,538,213,220,220,168,640,213,213,220,163,428,213,429
ILSVRC2012_val_00014128.png,325,325,324,325,325,325,325,325,325,643,325,325,325,325,325,325,325,325,794,325,325,325,325,325,597,325,325,325,325,806,325,325,325,325,325,325,325,325,325,325,60
ILSVRC2012_val_00014212.png,971,971,903,971,971,971,971,971,971,971,971,971,971,971,971,971,971,971,880,971,971,971,971,971,971,971,971,971,971,971,971,971,971,971,971,971,971,971,971,971,879
ILSVRC2012_val_00014268.png,462,462,824,462,794,462,462,824,568,794,462,462,462,462,462,562,462,462,114,794,292,462,824,910,794,292,462,794,794,794,292,462,462,910,794,292,462,462,462,824,292
ILSVRC2012_val_00014341.png,832,832,698,832,497,832,832,698,832,682,832,832,832,832,832,832,832,832,668,832,832,832,698,832,682,832,832,698,832,682,832,832,698,668,698,668,832,832,109,832,698
ILSVRC2012_val_00014377.png,535,535,479,535,535,535,535,535,535,535,535,535,535,535,535,535,535,535,826,535,535,535,535,535,783,535,535,535,535,535,535,535,535,535,535,535,535,535,535,535,826
ILSVRC2012_val_00014391.png,361,361,362,362,362,361,361,362,362,362,375,361,362,362,362,374,361,362,362,362,374,361,362,362,362,361,361,362,362,362,361,361,362,362,362,375,361,362,362,362,374
ILSVRC2012_val_00014483.png,319,319,318,320,320,319,319,320,320,320,320,319,319,319,319,319,319,320,320,320,320,319,320,320,318,320,319,320,320,320,320,319,320,320,320,320,319,320,320,320,320
ILSVRC2012_val_00014487.png,706,706,807,807,876,706,706,807,807,435,109,706,706,718,406,517,706,517,884,876,517,706,807,498,435,109,706,807,884,657,109,706,657,571,657,109,706,517,718,905,517
ILSVRC2012_val_00014567.png,739,739,725,739,216,739,739,725,212,216,245,739,739,217,216,245,739,739,251,739,245,739,725,212,204,245,739,725,217,204,245,739,739,217,216,245,739,739,215,242,245
ILSVRC2012_val_00014747.png,153,153,155,155,155,155,153,155,155,155,155,153,155,155,155,155,153,155,155,155,155,153,155,155,155,155,153,155,155,155,155,153,154,155,155,204,153,204,155,155,155
ILSVRC2012_val_00014776.png,402,402,714,402,402,402,402,714,402,487,402,402,402,714,714,402,402,402,622,402,402,402,714,402,487,402,402,402,402,487,402,402,402,402,714,402,402,402,714,714,487
ILSVRC2012_val_00014819.png,148,148,250,148,148,148,148,195,253,148,587,148,148,264,148,831,148,148,285,148,749,148,217,148,564,831,148,195,148,148,831,148,148,264,148,741,148,148,564,148,749
ILSVRC2012_val_00014874.png,934,934,932,934,71,934,934,932,960,568,934,934,934,960,568,934,934,934,960,934,934,934,932,960,616,934,934,934,934,616,934,934,932,960,932,934,934,934,960,934,947
ILSVRC2012_val_00014999.png,919,919,919,919,919,919,919,919,919,919,919,919,919,919,919,919,919,919,919,919,919,919,919,919,750,919,919,919,919,919,919,919,919,919,919,919,919,919,919,919,871
ILSVRC2012_val_00015043.png,831,831,797,831,797,831,831,797,831,797,831,831,797,831,797,785,831,797,757,797,757,831,797,831,797,831,831,797,453,797,831,831,797,831,797,831,831,797,656,797,664
ILSVRC2012_val_00015190.png,45,45,41,45,282,45,45,288,282,794,45,45,45,285,516,516,45,45,285,285,285,45,41,285,794,172,45,41,285,794,45,45,41,282,281,282,45,45,285,281,837
ILSVRC2012_val_00015220.png,2,2,4,4,4,4,2,4,4,4,4,2,4,4,4,4,2,4,4,4,4,2,4,4,4,4,2,4,4,4,4,2,4,4,4,4,2,4,4,4,4
ILSVRC2012_val_00015261.png,927,927,927,927,927,927,927,927,927,927,927,927,927,927,927,927,927,927,619,927,927,927,927,927,599,927,927,927,927,927,927,927,927,927,927,927,927,927,927,927,883
ILSVRC2012_val_00015271.png,318,318,320,318,318,318,318,318,318,317,318,318,318,318,318,318,318,318,317,318,318,318,318,318,46,318,318,318,318,318,318,318,318,318,318,318,318,318,318,318,40
ILSVRC2012_val_00015297.png,629,629,711,629,845,629,629,711,629,845,589,629,629,629,629,629,629,629,845,629,589,629,711,629,845,629,629,711,845,845,629,629,629,710,845,629,629,629,629,629,589
ILSVRC2012_val_00015328.png,611,611,971,611,611,611,611,971,858,858,646,611,611,858,858,858,611,611,404,611,646,611,971,611,858,611,611,815,824,824,646,611,611,858,858,646,611,611,611,611,646
ILSVRC2012_val_00015360.png,806,806,655,806,655,806,806,806,806,655,806,806,806,806,655,806,806,806,906,655,806,806,655,806,655,806,806,655,806,655,806,806,806,452,885,885,806,806,806,655,638
ILSVRC2012_val_00015401.png,284,284,283,283,283,283,284,283,283,283,259,284,283,283,283,259,284,283,283,283,259,284,283,283,283,259,284,283,283,283,259,284,283,283,283,259,284,283,283,283,259
ILSVRC2012_val_00015435.png,736,736,876,736,736,736,736,736,736,662,736,736,736,736,736,736,736,736,754,736,736,736,736,736,754,736,736,736,736,736,736,736,736,736,736,736,736,736,736,736,872
ILSVRC2012_val_00015444.png,693,693,472,693,693,693,693,472,432,472,693,693,693,432,693,971,693,693,432,472,693,693,472,456,472,693,693,693,432,472,693,693,693,456,472,693,693,693,594,472,971
ILSVRC2012_val_00015501.png,767,767,737,767,879,767,767,879,879,879,767,767,401,879,879,879,767,767,879,767,401,767,879,879,879,879,767,879,879,879,879,767,767,879,879,401,767,767,879,879,559
ILSVRC2012_val_00015523.png,62,62,315,61,313,61,62,58,61,313,62,62,62,62,62,62,62,62,61,61,61,62,58,61,313,61,62,58,61,313,62,62,58,61,313,61,62,62,61,61,61
ILSVRC2012_val_00015554.png,843,843,842,843,842,843,843,842,843,890,775,843,775,775,890,775,843,775,890,890,775,843,842,890,890,775,843,890,890,890,775,843,890,890,890,775,843,775,890,890,775
ILSVRC2012_val_00015731.png,722,722,417,892,607,607,722,417,607,892,607,722,417,607,892,607,722,722,868,722,607,722,417,607,892,607,722,417,607,892,607,722,417,892,892,607,722,722,607,607,607
ILSVRC2012_val_00015736.png,732,732,759,745,754,732,732,732,732,754,732,732,732,732,745,732,732,732,745,732,530,732,732,732,754,732,732,759,745,754,732,732,732,745,754,530,732,732,745,732,530
ILSVRC2012_val_00015767.png,182,182,202,184,202,255,182,202,184,170,255,182,184,226,170,255,182,202,184,170,255,182,202,184,170,255,182,202,184,170,255,182,202,184,170,255,182,202,184,170,255
ILSVRC2012_val_00015777.png,943,943,588,943,945,943,943,790,943,945,939,943,953,943,945,939,943,943,911,945,939,943,790,943,945,939,943,790,790,945,939,943,790,949,945,939,943,943,943,945,939
ILSVRC2012_val_00015833.png,594,594,594,594,594,594,594,594,594,594,594,594,594,594,594,594,594,594,770,594,594,594,594,594,721,594,594,594,594,594,594,594,594,594,594,594,594,594,594,594,770
ILSVRC2012_val_00015892.png,492,492,519,492,519,492,492,519,519,478,881,492,519,519,519,881,492,519,844,519,881,492,519,492,686,881,492,519,492,478,881,492,519,519,519,881,492,519,519,478,881
ILSVRC2012_val_00015938.png,588,588,478,588,588,588,588,588,588,588,588,588,588,588,588,588,588,588,356,588,588,588,588,588,966,588,588,588,588,588,588,588,588,588,588,588,588,588,588,588,7
ILSVRC2012_val_00016047.png,813,813,792,813,618,813,813,792,813,618,813,813,813,623,618,623,813,813,618,618,623,813,813,618,574,813,813,813,618,109,813,813,813,618,574,623,813,813,618,618,777
ILSVRC2012_val_00016183.png,26,26,112,25,30,126,26,6,25,30,126,26,119,25,30,126,26,119,25,119,126,26,58,25,55,126,26,390,25,30,126,26,390,25,30,126,26,119,25,119,126
ILSVRC2012_val_00016278.png,557,557,497,557,497,557,557,497,557,497,557,557,557,557,497,557,557,611,442,557,497,557,497,557,497,557,557,497,557,497,557,557,497,698,497,557,557,497,497,497,497
ILSVRC2012_val_00016364.png,670,670,671,670,665,670,670,665,670,665,670,670,665,670,665,665,670,670,665,665,670,670,665,670,671,670,670,665,670,665,670,670,665,670,665,670,670,665,665,665,730
ILSVRC2012_val_00016401.png,236,236,151,237,151,237,236,237,237,151,237,236,237,237,237,237,236,237,237,237,237,236,237,237,151,237,236,237,237,151,237,236,237,237,151,151,236,237,237,151,151
ILSVRC2012_val_00016410.png,867,867,757,867,757,867,867,757,867,675,867,867,867,675,675,867,867,867,109,867,867,867,757,867,654,867,867,867,109,675,867,867,867,867,675,867,867,867,867,867,609
ILSVRC2012_val_00016464.png,40,40,64,40,46,40,40,40,46,46,390,40,40,46,40,40,40,40,46,40,390,40,46,40,46,390,40,46,46,46,40,40,46,46,46,390,40,40,46,40,390
ILSVRC2012_val_00016513.png,297,297,643,370,295,297,297,84,370,295,295,297,370,370,295,379,297,297,370,295,297,297,370,370,295,297,297,84,297,295,297,297,370,370,295,109,297,370,370,295,109
ILSVRC2012_val_00016597.png,923,923,960,960,121,960,923,960,960,121,960,923,923,960,121,960,923,960,960,121,960,923,960,960,778,960,923,960,960,121,960,923,960,960,121,960,923,960,960,121,960
ILSVRC2012_val_00016620.png,523,523,702,523,523,523,523,523,523,542,523,523,523,523,523,523,523,523,946,523,523,523,523,523,946,523,523,523,523,946,523,523,523,523,542,523,523,523,523,523,870
ILSVRC2012_val_00016771.png,147,147,148,148,148,147,147,148,148,148,148,147,148,98,148,148,147,148,148,148,148,147,148,148,668,148,147,148,148,148,148,147,148,148,148,148,147,148,148,148,148
ILSVRC2012_val_00016804.png,214,214,234,234,234,234,214,234,234,234,234,214,234,234,234,234,214,234,234,234,234,214,234,234,179,234,214,234,234,234,234,214,234,234,234,234,214,234,234,234,234
ILSVRC2012_val_00016846.png,65,65,983,65,983,65,65,65,65,983,65,65,65,65,65,65,65,65,737,65,65,65,65,65,983,65,65,65,65,983,65,65,65,65,983,65,65,65,65,65,913
ILSVRC2012_val_00016883.png,211,211,159,159,176,159,211,159,159,176,211,211,159,159,184,160,211,159,242,176,160,211,159,159,794,160,211,159,159,794,159,211,159,159,176,160,211,159,243,176,160
ILSVRC2012_val_00016958.png,617,617,762,697,697,697,617,697,697,697,697,617,697,697,697,697,617,617,697,697,697,617,697,697,697,697,617,457,697,697,697,617,457,697,697,697,617,697,697,697,697
ILSVRC2012_val_00016986.png,360,360,175,39,360,32,360,175,36,109,32,360,360,360,360,32,360,356,973,337,32,360,175,32,109,32,360,360,150,109,360,360,360,36,337,32,360,360,39,337,32
ILSVRC2012_val_00016999.png,933,933,930,930,934,930,933,930,931,934,930,933,930,931,930,930,933,930,931,934,930,933,930,931,934,930,933,930,931,934,930,933,930,931,934,930,933,930,931,930,930
ILSVRC2012_val_00017020.png,701,701,895,701,895,701,701,701,701,895,701,701,701,895,701,701,701,701,895,701,701,701,895,701,895,701,701,701,701,895,701,701,701,701,701,701,701,895,895,895,895
ILSVRC2012_val_00017128.png,664,664,548,846,830,851,664,598,846,824,84,664,664,846,824,598,664,851,846,851,598,664,794,846,824,84,664,598,664,432,84,664,598,846,598,598,664,851,846,598,598
ILSVRC2012_val_00017179.png,427,427,756,427,414,427,427,774,427,709,427,427,427,587,691,427,427,427,52,429,427,427,691,427,709,427,427,770,427,770,427,427,522,852,770,427,427,427,634,774,752
ILSVRC2012_val_00017205.png,991,991,996,991,973,991,991,996,991,973,991,991,991,112,973,991,991,991,996,991,62,991,991,991,973,62,991,991,991,973,991,991,991,991,973,62,991,991,991,991,62
ILSVRC2012_val_00017216.png,800,800,886,800,762,800,800,800,800,509,800,800,800,800,800,800,800,800,886,800,800,800,800,800,765,800,800,800,800,415,800,800,800,800,509,886,800,800,886,800,886
ILSVRC2012_val_00017352.png,900,900,437,900,815,900,900,900,900,794,900,900,900,900,900,900,900,900,437,900,900,900,900,900,794,900,900,580,900,583,900,900,900,900,724,900,900,900,900,900,819
ILSVRC2012_val_00017354.png,931,931,932,931,868,931,931,932,923,721,928,931,932,923,415,923,931,931,959,923,928,931,932,415,415,923,931,932,868,868,928,931,932,959,415,928,931,932,443,443,960
ILSVRC2012_val_00017391.png,11,11,10,11,11,11,11,11,11,113,11,11,11,11,11,11,11,11,741,11,11,11,11,11,113,11,11,11,11,113,11,11,11,11,113,11,11,11,11,11,113
ILSVRC2012_val_00017398.png,301,301,302,304,305,304,301,302,304,305,304,301,304,304,305,305,301,304,304,304,304,301,305,304,305,304,301,305,304,305,304,301,305,304,305,304,301,304,304,305,305
ILSVRC2012_val_00017524.png,925,925,659,925,925,925,925,925,925,868,925,925,925,809,861,925,925,925,659,925,567,925,868,868,721,925,925,925,659,414,809,925,925,659,741,925,925,925,659,567,567
ILSVRC2012_val_00017608.png,904,904,556,904,904,904,904,904,904,904,904,904,904,904,904,904,904,904,743,904,904,904,904,904,904,904,904,904,904,904,904,904,904,904,904,904,904,904,904,904,789
ILSVRC2012_val_00017789.png,145,145,145,145,145,145,145,145,145,794,145,145,145,395,883,148,145,145,109,145,148,145,145,145,794,145,145,145,145,794,145,145,145,145,804,145,145,145,148,148,148
ILSVRC2012_val_00017812.png,510,510,833,510,510,510,510,536,510,814,510,510,510,472,510,525,510,510,472,510,510,510,510,510,814,510,510,510,510,814,510,510,536,814,814,525,510,510,510,510,525
ILSVRC2012_val_00017876.png,550,550,427,505,968,886,550,414,550,967,886,550,505,550,967,886,550,550,967,550,886,550,414,967,967,886,550,550,550,967,886,550,899,550,967,886,550,550,550,550,886
ILSVRC2012_val_00018090.png,756,756,716,756,412,756,756,448,738,412,738,756,716,738,412,918,756,716,412,756,756,756,883,738,412,427,756,716,738,412,412,756,448,738,412,412,756,716,412,412,807
ILSVRC2012_val_00018127.png,773,773,711,773,711,773,773,711,773,720,109,773,773,773,720,773,773,773,487,773,773,773,711,773,720,773,773,711,773,720,773,773,773,84,720,773,773,773,773,773,109
ILSVRC2012_val_00018134.png,85,85,86,85,85,85,85,85,85,138,85,85,85,85,85,85,85,85,83,85,85,85,85,85,794,85,85,85,85,794,85,85,85,85,138,85,85,85,85,85,212
ILSVRC2012_val_00018283.png,959,959,940,940,721,940,959,940,940,443,883,959,940,940,721,883,959,940,850,959,883,959,940,940,721,883,959,940,940,721,959,959,940,940,588,883,959,940,940,552,883
ILSVRC2012_val_00018324.png,725,725,849,505,504,725,725,849,505,504,504,725,725,505,504,504,725,505,505,504,504,725,849,505,504,504,725,849,505,504,504,725,849,505,504,504,725,505,505,504,504
ILSVRC2012_val_00018365.png,312,312,111,311,311,311,312,46,312,311,312,312,312,312,311,311,312,311,311,311,311,312,312,312,311,312,312,311,311,311,311,312,311,84,311,311,312,311,311,311,311
ILSVRC2012_val_00018431.png,387,387,250,357,250,387,387,250,358,250,328,387,387,356,250,328,387,387,357,250,328,387,250,387,794,328,387,249,109,250,328,387,250,357,250,328,387,250,356,250,328
ILSVRC2012_val_00018441.png,764,764,515,764,808,764,764,515,764,879,764,764,515,515,515,109,764,764,515,775,355,764,515,558,879,109,764,515,515,185,109,764,515,778,879,109,764,515,109,109,515
ILSVRC2012_val_00018529.png,222,222,257,257,203,257,222,257,257,153,257,222,257,257,203,257,222,257,257,257,257,222,257,257,193,257,222,257,257,204,257,222,257,257,153,257,222,257,257,203,257
ILSVRC2012_val_00018670.png,435,435,999,999,999,999,435,999,896,700,999,435,999,109,999,999,435,999,700,700,999,435,999,700,700,999,435,999,109,700,999,435,999,896,999,999,435,700,700,999,999
ILSVRC2012_val_00018743.png,293,293,288,288,288,293,293,288,288,288,293,293,288,288,288,352,293,288,288,288,288,293,288,288,288,293,293,288,288,288,287,293,288,288,288,287,293,288,288,288,4
ILSVRC2012_val_00018889.png,649,649,447,649,487,649,649,447,515,464,487,649,652,515,615,487,649,501,515,487,487,649,464,568,487,487,649,464,568,487,649,649,796,515,487,487,649,796,568,796,487
ILSVRC2012_val_00018915.png,975,975,562,975,124,971,975,698,580,580,109,975,975,975,975,975,975,977,580,580,580,975,562,580,694,975,975,727,580,580,109,975,975,580,580,975,975,975,580,580,716
ILSVRC2012_val_00018995.png,536,536,625,536,491,536,536,536,554,491,536,536,536,554,536,724,536,536,554,536,536,536,536,554,491,536,536,536,554,491,536,536,536,536,645,536,536,536,554,536,426
ILSVRC2012_val_00019001.png,532,532,424,532,532,532,532,423,532,657,532,532,532,532,532,532,532,532,495,532,532,532,423,532,555,532,532,424,532,555,532,532,532,532,526,532,532,532,495,532,424
ILSVRC2012_val_00019005.png,655,655,476,514,523,655,655,476,834,514,806,655,862,697,456,862,655,476,457,476,523,655,476,765,514,655,655,476,476,514,476,655,476,523,514,532,655,476,799,476,532
ILSVRC2012_val_00019020.png,173,173,167,171,253,167,173,167,171,253,167,173,167,171,180,167,173,167,171,167,167,173,167,171,253,167,173,167,171,253,167,173,167,171,162,167,173,167,171,253,167
ILSVRC2012_val_00019080.png,238,238,253,195,253,240,238,253,242,158,232,238,253,242,253,232,238,253,242,253,232,238,253,242,158,232,238,253,242,253,240,238,253,242,253,232,238,253,195,253,232
ILSVRC2012_val_00019207.png,707,707,749,882,589,707,707,528,707,882,707,707,707,583,700,707,707,707,894,882,613,707,528,707,589,707,707,528,707,882,707,707,707,707,882,707,707,707,749,749,613
ILSVRC2012_val_00019208.png,15,15,86,15,15,15,15,15,15,15,15,15,15,15,15,15,15,15,86,15,15,15,15,15,794,15,15,15,15,15,15,15,15,15,15,15,15,15,15,15,580
ILSVRC2012_val_00019233.png,893,893,611,893,611,611,893,611,893,611,611,893,611,611,611,611,893,611,611,611,611,893,611,893,538,611,893,611,109,611,611,893,611,549,611,611,893,611,611,611,611
ILSVRC2012_val_00019295.png,815,815,73,815,815,815,815,815,815,815,815,815,815,815,815,815,815,815,787,815,815,815,815,815,73,815,815,815,815,815,815,815,815,815,815,815,815,815,815,815,849
ILSVRC2012_val_00019390.png,444,444,870,444,444,444,444,870,444,671,444,444,444,870,444,444,444,444,870,444,444,444,870,444,671,444,444,870,444,671,444,444,870,870,671,444,444,444,870,671,898
ILSVRC2012_val_00019521.png,888,888,663,884,565,525,888,663,565,565,525,888,663,565,660,525,888,663,565,565,525,888,663,565,586,525,888,663,84,565,525,888,663,663,565,525,888,663,663,565,525
ILSVRC2012_val_00019689.png,969,969,928,969,969,969,969,969,969,440,969,969,969,969,969,441,969,969,700,969,969,969,969,969,440,441,969,969,969,440,969,969,969,969,441,441,969,969,969,969,441
ILSVRC2012_val_00019708.png,465,465,597,465,597,465,465,597,465,597,615,465,465,465,465,615,465,597,615,597,615,465,597,465,597,615,465,597,465,597,465,465,597,465,597,615,465,465,465,597,615
ILSVRC2012_val_00019799.png,467,467,509,467,750,467,467,467,467,750,467,467,467,467,750,739,467,467,582,467,467,467,509,467,750,467,467,582,467,750,467,467,467,467,750,731,467,467,467,467,731
ILSVRC2012_val_00019943.png,702,702,416,702,416,702,702,702,702,496,702,702,702,702,702,702,702,702,971,702,702,702,416,702,721,702,702,416,702,496,702,702,416,702,496,702,702,702,702,702,496
ILSVRC2012_val_00019948.png,630,630,502,630,502,630,630,502,630,502,630,630,630,788,502,630,630,630,788,630,630,630,502,630,502,630,630,502,630,502,630,630,630,630,502,630,630,630,630,630,883
ILSVRC2012_val_00020031.png,156,156,256,256,199,199,156,256,219,226,199,156,256,199,226,199,156,256,214,199,199,156,256,256,226,199,156,256,219,226,199,156,256,214,226,199,156,256,199,226,199
ILSVRC2012_val_00020098.png,956,956,938,965,938,956,956,529,965,938,965,956,938,965,938,965,956,529,965,938,965,956,431,965,938,965,956,750,965,938,965,956,938,965,938,965,956,529,965,938,965
ILSVRC2012_val_00020199.png,981,981,815,981,981,981,981,981,981,752,981,981,981,981,981,981,981,981,615,981,981,981,981,981,752,981,981,981,981,752,981,981,981,981,981,981,981,981,981,981,545
ILSVRC2012_val_00020244.png,540,540,403,403,459,540,540,403,403,879,540,540,403,403,540,73,540,403,403,540,540,540,403,403,879,540,540,403,403,879,403,540,403,403,831,540,540,540,403,540,883
ILSVRC2012_val_00020255.png,505,505,550,505,550,505,505,550,550,550,505,505,505,505,505,505,505,550,550,550,550,505,550,505,550,505,505,550,550,550,505,505,505,550,550,505,505,550,550,550,550
ILSVRC2012_val_00020274.png,53,53,52,52,52,53,53,52,52,52,53,53,52,52,52,59,53,52,52,52,59,53,52,52,52,55,53,52,53,52,53,53,52,52,52,59,53,52,52,52,59
ILSVRC2012_val_00020406.png,379,379,377,367,378,379,379,377,367,378,379,379,380,367,378,373,379,380,367,378,373,379,377,367,378,373,379,380,367,378,373,379,380,367,378,373,379,378,367,297,373
ILSVRC2012_val_00020434.png,421,421,556,421,421,421,421,556,556,556,421,421,421,421,556,556,421,556,556,556,556,421,556,421,556,556,421,421,421,556,421,421,421,421,556,421,421,556,556,556,556
ILSVRC2012_val_00020488.png,259,259,154,260,154,261,259,154,260,154,260,259,154,260,154,235,259,154,260,154,235,259,154,260,154,259,259,154,260,154,261,259,154,260,154,235,259,154,260,154,235
ILSVRC2012_val_00020493.png,439,439,652,439,439,439,439,439,439,614,439,439,439,439,439,439,439,439,787,439,439,439,439,439,614,439,439,439,439,439,439,439,439,439,614,439,439,439,439,439,422
ILSVRC2012_val_00020524.png,511,511,751,817,817,817,511,817,817,817,817,511,817,817,817,817,511,817,817,817,817,511,817,817,817,817,511,817,817,817,817,511,817,817,817,817,511,817,817,817,751
ILSVRC2012_val_00020659.png,565,565,565,565,565,565,565,565,565,565,565,565,565,565,565,565,565,565,795,565,565,565,565,565,565,565,565,565,565,565,565,565,565,565,565,565,565,565,565,565,867
ILSVRC2012_val_00020678.png,230,230,176,231,227,231,230,169,231,227,231,230,169,231,169,231,230,231,231,231,231,230,169,231,862,231,230,169,231,273,231,230,169,231,231,231,230,169,231,231,231
ILSVRC2012_val_00020694.png,21,21,22,22,22,22,21,22,22,22,22,21,22,22,22,22,21,21,22,22,22,21,22,22,22,22,21,22,22,22,22,21,22,22,22,22,21,22,22,22,22
ILSVRC2012_val_00020702.png,757,757,705,757,757,757,757,757,757,757,757,757,757,757,757,757,757,757,705,757,757,757,757,757,790,757,757,757,757,757,757,757,757,757,757,757,757,757,757,757,829
ILSVRC2012_val_00020730.png,20,20,91,20,96,20,20,91,20,96,20,20,20,17,20,20,20,20,91,20,20,20,91,91,96,91,20,91,20,96,20,20,91,91,96,20,20,20,91,96,93
ILSVRC2012_val_00020748.png,241,241,238,238,242,239,241,238,238,238,240,241,238,238,238,240,241,238,238,238,240,241,238,238,246,239,241,238,238,238,240,241,238,238,242,239,241,238,238,238,240
ILSVRC2012_val_00020753.png,759,759,622,759,622,622,759,622,759,622,759,759,759,759,759,759,759,759,666,759,759,759,622,759,746,759,759,622,759,622,759,759,622,622,622,622,759,622,622,759,622
ILSVRC2012_val_00020758.png,581,581,438,581,678,581,581,438,581,808,581,581,581,581,474,581,581,581,846,699,709,581,438,581,699,581,581,438,581,808,581,581,534,640,911,650,581,859,650,700,504
ILSVRC2012_val_00020760.png,865,865,917,461,461,652,865,917,652,652,652,865,808,457,614,652,865,865,652,652,652,865,917,652,652,652,865,917,652,652,652,865,797,652,887,652,865,797,652,501,652
ILSVRC2012_val_00020812.png,579,579,881,579,517,579,579,579,579,517,579,579,579,579,579,579,579,579,881,579,579,579,881,579,517,579,579,881,579,881,579,579,579,579,517,579,579,579,579,579,791
ILSVRC2012_val_00020852.png,463,463,711,463,588,463,463,883,968,588,968,463,968,968,463,968,463,968,968,463,968,463,711,968,588,463,463,711,968,588,968,463,711,968,588,968,463,968,968,588,504
ILSVRC2012_val_00020857.png,899,899,828,478,790,899,899,828,529,828,899,899,899,529,529,899,899,899,468,899,899,899,828,529,828,899,899,828,529,828,899,899,899,591,463,899,899,899,529,529,882
ILSVRC2012_val_00020889.png,10,10,11,13,52,10,10,11,13,411,10,10,11,13,10,10,10,11,13,10,10,10,11,13,411,10,10,11,13,411,10,10,11,13,611,10,10,11,13,10,761
ILSVRC2012_val_00020894.png,814,814,408,833,408,814,814,408,408,460,913,814,408,833,408,913,814,814,833,460,814,814,408,913,427,913,814,408,84,460,814,814,408,408,408,408,814,814,913,460,971
ILSVRC2012_val_00020904.png,513,513,865,513,875,513,513,875,513,875,513,513,875,875,875,513,513,513,400,513,513,513,875,513,456,513,513,875,513,875,513,513,875,513,875,808,513,513,513,875,515
ILSVRC2012_val_00021045.png,286,286,291,286,287,273,286,291,287,287,273,286,291,287,287,273,286,291,287,287,273,286,291,287,287,273,286,291,84,287,273,286,291,287,287,273,286,291,298,287,273
ILSVRC2012_val_00021095.png,619,619,532,619,619,619,619,846,619,604,619,619,619,619,619,619,619,846,506,619,619,619,619,619,604,619,619,619,619,846,619,619,619,619,708,619,619,619,619,619,679
ILSVRC2012_val_00021123.png,601,601,456,601,601,601,601,601,601,601,601,601,601,601,601,601,601,601,815,601,601,601,601,601,284,601,601,601,601,601,601,601,601,601,601,601,601,601,601,601,813
ILSVRC2012_val_00021206.png,184,184,187,151,211,151,184,187,151,211,151,184,193,151,211,151,184,187,151,640,151,184,187,151,211,151,184,187,151,227,151,184,187,151,193,151,184,193,151,211,151
ILSVRC2012_val_00021226.png,231,231,230,267,157,230,231,230,231,157,230,231,231,231,169,230,231,230,243,230,230,231,230,227,157,230,231,230,741,157,230,231,230,203,157,230,231,230,203,230,230
ILSVRC2012_val_00021374.png,504,504,968,725,725,504,504,968,849,721,849,504,849,849,849,849,504,849,849,883,849,504,968,849,879,849,504,968,849,849,849,504,849,849,849,849,504,968,849,849,849
ILSVRC2012_val_00021379.png,255,255,794,225,255,225,255,242,225,372,225,255,255,225,255,225,255,225,225,255,225,255,242,225,643,225,255,242,225,275,235,255,234,225,255,225,255,225,225,255,225
ILSVRC2012_val_00021380.png,681,681,778,681,620,681,681,681,681,810,681,681,681,681,681,810,681,681,620,681,681,681,681,681,646,681,681,681,681,681,681,681,681,681,681,810,681,681,681,681,810
ILSVRC2012_val_00021398.png,986,986,76,986,74,986,986,76,988,815,986,986,986,986,986,986,986,986,952,986,74,986,76,951,815,986,986,76,986,815,986,986,76,952,74,74,986,986,989,986,74
ILSVRC2012_val_00021559.png,980,980,825,888,669,980,980,825,825,580,976,980,825,825,669,976,980,825,825,580,976,980,825,825,580,976,980,825,825,580,980,980,825,825,580,976,980,825,755,580,976
ILSVRC2012_val_00021570.png,809,809,925,925,925,923,809,809,926,925,809,809,809,925,925,923,809,809,923,925,923,809,925,925,925,923,809,809,925,925,923,809,925,923,925,923,809,925,925,925,923
ILSVRC2012_val_00021629.png,940,940,521,659,659,659,940,808,109,987,961,940,808,109,953,659,940,659,109,987,659,940,808,109,722,961,940,808,928,987,961,940,659,961,987,961,940,961,961,987,659
ILSVRC2012_val_00021639.png,455,455,455,455,455,455,455,455,455,455,455,455,455,455,455,455,455,455,580,455,455,455,455,455,794,455,455,455,455,794,455,455,455,455,455,455,455,455,455,455,615
ILSVRC2012_val_00021671.png,266,266,153,153,153,257,266,153,203,153,257,266,153,203,153,257,266,153,203,153,257,266,153,203,283,257,266,153,203,153,257,266,153,203,153,257,266,153,203,153,257
ILSVRC2012_val_00021697.png,186,186,903,186,193,186,186,193,193,193,186,186,193,201,193,263,186,201,201,193,263,186,193,193,193,263,186,201,193,201,186,186,201,201,193,250,186,193,193,193,250
ILSVRC2012_val_00021784.png,763,763,777,763,763,763,763,777,763,763,763,763,777,777,763,777,763,763,818,763,777,763,777,763,763,777,763,763,763,763,763,763,777,740,763,777,763,777,777,763,777
ILSVRC2012_val_00021917.png,383,383,370,298,381,383,383,370,382,382,383,383,382,298,382,280,383,370,298,370,280,383,370,269,382,280,383,370,382,382,383,383,370,299,382,280,383,383,269,382,280
ILSVRC2012_val_00022047.png,610,610,568,411,841,411,610,568,411,841,610,610,697,411,841,411,610,610,411,841,411,610,568,411,841,411,610,568,411,841,411,610,568,411,841,610,610,568,411,841,411
ILSVRC2012_val_00022082.png,380,380,373,380,372,380,380,373,377,373,380,380,380,377,373,94,380,373,377,373,94,380,373,377,497,380,380,373,380,373,380,380,373,373,373,16,380,373,377,373,94
ILSVRC2012_val_00022140.png,128,128,127,128,128,128,128,128,128,127,128,128,128,128,128,128,128,128,134,128,128,128,128,128,61,128,128,128,128,127,128,128,128,128,128,128,128,128,128,128,18
ILSVRC2012_val_00022222.png,124,124,996,124,116,124,124,996,122,213,124,124,124,124,213,213,124,124,122,911,124,124,911,124,741,911,124,996,122,741,124,124,911,122,911,124,124,124,122,911,231
ILSVRC2012_val_00022243.png,642,642,830,519,830,642,642,830,642,830,734,642,642,642,642,197,642,734,478,734,734,642,734,734,544,734,642,734,642,757,830,642,642,642,642,642,642,642,642,642,830
ILSVRC2012_val_00022250.png,794,794,775,794,399,794,794,775,794,399,794,794,794,794,689,794,794,689,872,689,872,794,775,794,399,794,794,689,872,399,689,794,775,898,399,872,794,775,872,501,872
ILSVRC2012_val_00022345.png,805,805,890,805,805,805,805,805,805,794,805,805,805,805,805,805,805,805,606,805,805,805,805,805,794,805,805,805,805,805,805,805,805,805,805,805,805,805,805,805,890
ILSVRC2012_val_00022346.png,872,872,414,872,872,872,872,872,872,447,872,872,872,872,872,872,872,872,988,872,109,872,872,872,447,872,872,872,447,447,872,872,872,872,872,872,872,872,872,872,836
ILSVRC2012_val_00022391.png,822,822,982,822,982,822,822,982,822,982,822,822,822,822,683,982,822,822,585,822,822,822,982,982,982,982,822,982,822,982,982,822,982,822,982,982,822,822,822,822,982
ILSVRC2012_val_00022400.png,711,711,631,711,711,711,711,711,711,754,711,711,711,686,686,686,711,711,773,711,711,711,711,711,581,711,711,711,711,754,711,711,711,711,711,711,711,711,711,711,686
ILSVRC2012_val_00022499.png,209,209,805,227,227,236,209,51,227,227,236,209,227,227,227,236,209,227,227,227,236,209,805,227,719,236,209,805,227,227,236,209,805,227,227,236,209,236,227,227,236
ILSVRC2012_val_00022664.png,234,234,160,244,244,214,234,244,244,244,214,234,244,244,244,214,234,244,244,244,214,234,244,244,244,214,234,244,244,244,214,234,244,244,244,214,234,244,244,244,214
ILSVRC2012_val_00022665.png,431,431,798,431,811,398,431,798,431,811,398,431,431,431,697,520,431,431,785,520,398,431,798,431,811,398,431,798,499,811,398,431,431,431,811,398,431,431,785,594,398
ILSVRC2012_val_00022748.png,957,957,828,949,828,957,957,957,957,911,911,957,957,949,911,911,957,957,949,957,911,957,506,957,616,911,957,957,957,616,911,957,957,949,911,911,957,957,949,911,911
ILSVRC2012_val_00022830.png,752,752,852,752,852,852,752,852,752,852,752,752,852,852,852,852,752,852,852,852,852,752,752,752,852,752,752,852,852,852,852,752,852,852,852,852,752,852,852,852,852
ILSVRC2012_val_00022861.png,735,735,850,735,735,735,735,735,735,824,735,735,735,735,735,735,735,735,263,735,735,735,735,735,824,735,735,735,735,824,735,735,735,735,735,735,735,735,735,824,254
ILSVRC2012_val_00023008.png,937,937,938,937,943,937,937,938,973,943,84,937,973,973,109,257,937,938,973,741,84,937,938,973,868,84,937,938,973,943,937,937,938,84,943,84,937,938,973,943,257
ILSVRC2012_val_00023031.png,105,105,209,267,383,104,105,209,209,383,104,105,209,209,383,104,105,209,209,383,104,105,209,209,383,104,105,209,209,383,104,105,209,209,383,104,105,209,209,383,104
ILSVRC2012_val_00023039.png,576,576,668,576,576,576,576,576,576,668,576,576,576,576,576,576,576,576,442,576,576,576,668,576,411,576,576,576,576,576,576,576,576,576,576,576,576,576,576,576,437
ILSVRC2012_val_00023042.png,905,905,903,905,903,905,905,903,903,903,84,905,903,903,903,84,905,903,903,903,903,905,877,905,903,903,905,903,903,903,903,905,903,903,903,903,905,903,905,903,903
ILSVRC2012_val_00023047.png,547,547,829,547,705,547,547,829,547,705,547,547,547,547,547,547,547,547,820,547,547,547,829,547,703,829,547,829,547,705,547,547,829,547,705,829,547,547,547,547,829
ILSVRC2012_val_00023076.png,246,246,177,171,180,189,246,177,251,180,188,246,177,170,189,189,246,169,251,264,189,246,177,251,180,188,246,177,251,180,189,246,177,264,180,189,246,177,769,189,189
ILSVRC2012_val_00023130.png,714,714,402,714,714,714,714,714,714,721,714,714,714,714,714,714,714,714,104,714,714,714,714,714,904,714,714,714,714,721,714,714,714,828,815,494,714,714,714,714,494
ILSVRC2012_val_00023147.png,503,503,418,503,503,503,503,418,503,883,503,503,503,626,503,503,503,503,626,503,503,503,418,503,794,503,503,418,503,794,503,503,418,533,503,503,503,503,503,503,902
ILSVRC2012_val_00023275.png,682,682,708,682,708,682,682,708,682,708,682,682,682,517,708,517,682,682,517,471,682,682,708,517,708,517,682,708,109,708,794,682,682,517,708,517,682,682,517,682,517
ILSVRC2012_val_00023353.png,553,553,553,553,553,553,553,553,553,553,553,553,553,553,553,553,553,553,412,553,553,553,553,553,721,553,553,553,553,721,553,553,553,553,553,553,553,553,553,553,748
ILSVRC2012_val_00023362.png,215,215,218,929,929,929,215,218,929,929,929,215,218,929,929,929,215,218,929,929,929,215,218,929,929,929,215,218,929,929,929,215,218,929,380,161,215,218,929,929,929
ILSVRC2012_val_00023411.png,272,272,249,269,275,269,272,249,269,275,269,272,269,269,271,269,272,269,533,275,269,272,249,269,275,269,272,249,269,275,269,272,249,269,275,269,272,269,269,271,269
ILSVRC2012_val_00023447.png,501,501,452,501,887,452,501,452,887,887,452,501,501,887,887,452,501,501,841,501,501,501,452,887,887,452,501,452,452,887,452,501,452,887,887,452,501,501,887,887,452
ILSVRC2012_val_00023484.png,751,751,817,751,751,751,751,751,751,817,751,751,751,751,817,751,751,751,479,751,751,751,751,751,817,751,751,751,751,817,751,751,751,751,817,751,751,751,751,751,536
ILSVRC2012_val_00023546.png,263,263,253,264,253,151,263,253,263,253,151,263,253,264,253,151,263,253,264,253,151,263,253,264,253,151,263,253,263,253,151,263,253,264,253,151,263,253,264,253,151
ILSVRC2012_val_00023599.png,609,609,654,717,408,609,609,654,717,408,757,609,654,717,408,757,609,654,717,408,757,609,654,717,659,609,609,654,717,408,609,609,654,717,408,757,609,654,717,408,757
ILSVRC2012_val_00023678.png,43,43,39,43,43,43,43,43,43,904,43,43,43,43,43,43,43,43,958,43,43,43,43,43,904,43,43,43,284,904,43,43,43,34,43,43,43,43,43,43,756
ILSVRC2012_val_00023692.png,73,73,74,74,74,73,73,74,73,74,73,73,73,73,74,815,73,73,74,74,74,73,74,73,74,74,73,74,74,74,815,73,73,74,74,73,73,73,74,74,815
ILSVRC2012_val_00023699.png,622,622,632,622,761,622,622,518,473,473,512,622,622,473,761,622,622,622,650,622,622,622,518,673,473,512,622,851,622,473,512,622,622,882,473,512,622,622,473,622,512
ILSVRC2012_val_00023843.png,964,964,923,109,328,938,964,923,955,953,938,964,964,700,953,938,964,118,118,944,938,964,923,955,953,938,964,923,923,953,938,964,923,953,953,938,964,923,998,944,938
ILSVRC2012_val_00023898.png,283,283,285,287,287,283,283,285,287,287,332,283,285,287,287,332,283,287,287,287,332,283,285,287,287,332,283,285,287,287,332,283,287,287,287,332,283,282,287,287,331
ILSVRC2012_val_00023949.png,171,171,172,171,615,171,171,172,171,568,171,171,172,171,171,209,171,172,172,171,84,171,172,171,543,171,171,172,171,84,171,171,172,172,235,250,171,172,171,171,222
ILSVRC2012_val_00023956.png,746,746,981,746,746,746,746,746,746,746,746,746,746,746,746,746,746,746,805,746,746,746,746,746,197,746,746,746,746,746,746,746,746,746,746,746,746,746,746,746,890
ILSVRC2012_val_00023958.png,113,113,58,113,113,113,113,113,113,51,113,113,113,113,113,113,113,113,300,113,113,113,113,113,51,113,113,113,113,51,113,113,113,113,51,113,113,113,113,113,303
ILSVRC2012_val_00023968.png,161,161,162,162,166,162,161,162,166,166,166,161,162,166,166,166,161,162,166,166,166,161,162,166,166,166,161,162,166,166,166,161,162,166,166,166,161,162,166,166,166
ILSVRC2012_val_00023994.png,357,357,333,54,59,366,357,333,54,835,939,357,341,54,341,939,357,357,62,357,939,357,952,54,845,939,357,333,54,845,952,357,35,54,35,939,357,357,54,35,939
ILSVRC2012_val_00024001.png,966,966,960,966,928,966,966,960,966,960,910,966,966,572,572,572,966,960,809,960,809,966,928,572,960,928,966,960,966,538,966,966,927,927,927,927,966,928,572,741,910
ILSVRC2012_val_00024006.png,869,869,568,614,614,869,869,568,614,697,614,869,568,731,697,614,869,568,456,869,614,869,568,109,419,614,869,568,456,697,614,869,568,445,419,614,869,869,109,697,614
ILSVRC2012_val_00024017.png,541,541,519,541,541,541,541,541,541,588,541,541,541,541,588,647,541,541,438,541,541,541,588,541,588,541,541,541,541,790,541,541,541,541,588,541,541,541,541,541,647
ILSVRC2012_val_00024048.png,775,775,578,775,775,775,775,982,775,697,775,775,775,697,775,775,775,775,697,697,775,775,552,775,697,775,775,578,697,697,775,775,775,775,797,982,775,775,697,697,982
ILSVRC2012_val_00024239.png,356,356,337,356,357,356,356,357,356,357,356,356,356,331,357,331,356,356,8,356,356,356,337,356,135,356,356,357,356,357,356,356,356,8,357,356,356,356,330,357,331
ILSVRC2012_val_00024244.png,668,668,538,668,668,668,668,668,538,538,668,668,668,668,668,668,668,668,538,668,668,668,668,538,538,668,668,668,538,538,668,668,668,538,538,668,668,668,538,538,705
ILSVRC2012_val_00024310.png,705,705,799,609,799,732,705,757,757,480,732,705,757,757,799,732,705,705,660,799,732,705,757,757,799,732,705,757,757,827,732,705,799,757,799,732,705,757,660,799,732
ILSVRC2012_val_00024354.png,110,110,115,110,115,110,110,115,115,115,110,110,110,115,110,341,110,110,115,115,341,110,115,115,115,115,110,115,115,115,110,110,110,115,115,341,110,110,115,110,341
ILSVRC2012_val_00024453.png,493,493,848,492,492,493,493,481,485,481,481,493,481,481,481,481,493,493,485,493,481,493,771,771,771,481,493,485,783,662,493,493,481,481,481,481,493,481,481,481,481
ILSVRC2012_val_00024461.png,953,953,944,953,973,953,953,944,953,393,953,953,953,953,973,973,953,953,393,953,109,953,944,953,611,973,953,944,953,611,953,953,953,953,329,973,953,953,973,973,973
ILSVRC2012_val_00024479.png,793,793,490,669,794,793,793,490,564,794,793,793,793,490,794,564,793,793,892,793,564,793,490,564,794,564,793,490,564,794,793,793,793,109,794,564,793,793,564,794,564
ILSVRC2012_val_00024540.png,613,613,662,613,613,613,613,650,613,882,650,613,613,882,882,650,613,662,882,882,650,613,613,613,882,613,613,650,882,882,650,613,613,882,812,650,613,662,882,882,650
ILSVRC2012_val_00024550.png,656,656,817,656,654,627,656,817,654,654,627,656,627,627,654,627,656,656,705,654,627,656,511,654,705,627,656,817,654,654,627,656,627,627,654,627,656,656,654,654,627
ILSVRC2012_val_00024609.png,68,68,47,47,66,68,68,47,66,66,61,68,68,66,66,61,68,66,54,66,61,68,47,68,66,68,68,47,66,66,61,68,47,66,66,61,68,68,54,66,61
ILSVRC2012_val_00024637.png,203,203,192,192,192,192,203,192,192,192,192,203,192,192,192,192,203,192,192,192,192,203,192,192,226,192,203,192,192,192,192,203,192,192,192,192,203,192,192,192,192
ILSVRC2012_val_00024710.png,974,974,974,974,460,974,974,974,974,815,974,974,974,970,977,977,974,974,538,562,562,974,974,802,815,109,974,974,974,815,974,974,974,802,525,974,974,974,802,554,977
ILSVRC2012_val_00024753.png,51,51,33,43,43,33,51,33,43,43,33,51,33,43,43,33,51,36,43,43,33,51,33,43,43,33,51,33,43,43,33,51,33,43,43,33,51,33,43,43,33
ILSVRC2012_val_00024781.png,782,782,664,664,664,527,782,664,527,664,527,782,782,782,664,782,782,527,673,741,527,782,664,782,664,782,782,664,527,664,527,782,664,527,664,527,782,664,527,664,673
ILSVRC2012_val_00024926.png,373,373,371,373,371,373,373,371,373,371,279,373,371,370,371,356,373,371,363,371,296,373,371,370,371,279,373,371,373,371,279,373,371,373,335,279,373,371,373,371,279
ILSVRC2012_val_00025075.png,129,129,129,129,129,129,129,129,129,129,129,129,129,129,129,129,129,129,144,129,129,129,129,129,397,129,129,129,129,397,129,129,129,129,129,129,129,129,129,129,794
ILSVRC2012_val_00025315.png,333,333,338,338,338,338,333,338,338,338,338,333,338,338,338,338,333,338,218,338,338,333,338,338,338,338,333,338,338,338,338,333,338,338,338,338,333,338,338,338,338
ILSVRC2012_val_00025390.png,932,932,112,112,934,932,932,112,567,934,794,932,934,909,934,567,932,909,567,934,567,932,112,868,934,794,932,112,868,411,567,932,112,884,934,567,932,112,868,934,567
ILSVRC2012_val_00025402.png,500,500,663,832,412,500,500,884,884,750,500,500,500,500,750,500,500,500,787,500,500,500,884,884,750,500,500,884,682,750,500,500,884,787,750,884,500,500,663,830,546
ILSVRC2012_val_00025408.png,669,669,578,669,578,669,669,578,737,440,737,669,578,737,440,737,669,578,440,440,737,669,578,440,440,737,669,578,737,440,737,669,578,737,440,737,669,578,737,737,737
ILSVRC2012_val_00025416.png,569,569,660,660,867,660,569,660,660,867,660,569,660,660,867,449,569,569,581,867,660,569,660,660,867,660,569,660,660,660,449,569,660,660,867,449,569,660,660,660,449
ILSVRC2012_val_00025440.png,987,987,599,987,998,987,987,599,998,998,987,987,987,998,998,987,987,987,52,987,987,987,599,998,998,987,987,998,998,998,987,987,998,998,998,987,987,987,987,987,855
ILSVRC2012_val_00025446.png,994,994,947,994,994,994,994,994,994,994,994,994,994,994,994,994,994,994,947,994,994,994,994,994,85,994,994,994,994,994,994,994,994,994,994,994,994,994,994,994,46
ILSVRC2012_val_00025563.png,691,691,414,691,570,691,691,414,691,570,691,691,691,691,643,691,691,414,570,570,414,691,414,570,570,691,691,414,691,570,691,691,414,691,570,414,691,691,570,570,414
ILSVRC2012_val_00025800.png,390,390,61,397,397,60,390,61,397,397,63,390,390,397,397,63,390,390,397,397,63,390,61,397,397,63,390,63,397,397,63,390,61,397,397,63,390,363,397,611,63
ILSVRC2012_val_00025844.png,616,616,584,616,584,616,616,584,616,774,616,616,616,616,616,616,616,616,623,616,464,616,584,584,774,616,616,616,616,774,616,616,616,616,616,616,616,616,616,616,774
ILSVRC2012_val_00025851.png,251,251,246,212,217,251,251,246,212,219,251,251,246,212,219,217,251,246,212,217,217,251,246,212,219,219,251,246,212,219,251,251,246,212,219,217,251,246,212,219,217
ILSVRC2012_val_00025907.png,837,837,836,837,523,837,837,836,837,523,361,837,837,837,837,837,837,837,836,836,836,837,836,837,523,361,837,836,837,523,151,837,837,837,523,195,837,837,837,523,195
ILSVRC2012_val_00025989.png,621,621,870,621,855,621,621,870,440,737,390,621,621,816,440,621,621,621,816,3,3,621,870,621,503,621,621,870,4,149,390,621,621,4,4,4,621,621,882,621,4
ILSVRC2012_val_00026068.png,95,95,94,95,95,95,95,95,95,92,95,95,95,95,95,95,95,95,443,95,95,95,95,95,92,95,95,95,95,92,95,95,95,95,95,95,95,95,95,95,794
ILSVRC2012_val_00026088.png,684,684,719,684,719,684,684,684,684,719,684,684,684,684,684,684,684,684,719,684,684,684,719,684,719,684,684,684,684,719,684,684,684,684,719,684,684,684,684,684,850
ILSVRC2012_val_00026113.png,509,509,582,582,582,509,509,582,582,582,582,509,582,582,582,582,509,582,582,582,582,509,582,582,582,582,509,582,582,582,582,509,582,582,582,582,509,582,582,582,582
ILSVRC2012_val_00026139.png,127,127,128,128,128,127,127,128,127,128,127,127,127,127,128,127,127,128,128,128,127,127,128,128,128,127,127,128,128,128,127,127,128,128,128,127,127,128,128,128,574
ILSVRC2012_val_00026145.png,527,527,688,664,664,688,527,688,664,664,782,527,526,664,664,688,527,526,664,664,782,527,688,664,799,688,527,688,664,664,782,527,688,664,799,688,527,673,664,664,688
ILSVRC2012_val_00026189.png,404,404,908,404,625,404,404,404,404,864,404,404,404,404,864,864,404,404,405,895,404,404,908,405,830,404,404,908,404,908,404,404,908,405,908,404,404,404,404,404,611
ILSVRC2012_val_00026202.png,35,35,397,35,36,35,35,36,150,36,67,35,36,47,36,67,35,36,356,36,67,35,36,35,110,67,35,36,35,36,35,35,36,36,36,67,35,36,32,36,67
ILSVRC2012_val_00026226.png,549,549,794,507,828,794,549,794,898,898,794,549,794,794,411,794,549,794,898,610,794,549,794,898,898,794,549,794,898,898,794,549,794,898,898,794,549,794,898,898,794
ILSVRC2012_val_00026280.png,408,408,554,408,802,408,408,554,554,802,554,408,554,554,802,554,408,554,554,802,554,408,554,554,802,554,408,554,554,802,554,408,554,554,802,554,408,554,554,802,554
ILSVRC2012_val_00026315.png,804,804,711,804,711,804,804,711,804,711,804,804,804,804,711,804,804,804,711,804,804,804,711,804,711,804,804,711,804,711,804,804,711,804,711,804,804,711,711,711,585
ILSVRC2012_val_00026328.png,422,422,585,422,794,422,422,422,109,794,877,422,422,422,422,877,422,422,659,422,422,422,794,109,794,877,422,589,760,794,422,422,422,109,794,877,422,422,760,422,877
ILSVRC2012_val_00026332.png,473,473,633,473,684,473,473,633,473,589,589,473,473,473,684,589,473,473,109,589,473,473,633,473,589,589,473,633,109,589,109,473,633,473,589,589,473,473,473,684,844
ILSVRC2012_val_00026390.png,341,341,344,355,348,341,341,341,355,355,246,341,341,355,355,246,341,341,355,341,246,341,341,355,348,341,341,341,341,355,341,341,341,355,355,246,341,341,355,348,246
ILSVRC2012_val_00026397.png,0,0,334,0,0,0,0,0,0,0,0,0,0,0,0,0,0,0,576,0,0,0,0,0,389,0,0,0,0,0,0,0,0,0,0,0,0,0,0,0,341
ILSVRC2012_val_00026436.png,733,733,702,733,702,456,733,702,733,602,794,733,702,602,602,846,733,602,602,602,794,733,702,602,602,456,733,702,702,602,733,733,702,456,702,456,733,830,954,602,846
ILSVRC2012_val_00026490.png,4,4,2,4,4,4,4,2,2,2,2,4,2,2,2,2,4,2,2,2,2,4,2,2,2,2,4,2,2,2,2,4,2,2,2,2,4,2,2,2,2
ILSVRC2012_val_00026510.png,140,140,139,139,139,140,140,139,139,139,142,140,140,139,139,142,140,139,139,139,142,140,139,139,139,142,140,139,139,139,142,140,139,139,139,142,140,139,139,139,142
ILSVRC2012_val_00026559.png,891,891,567,891,544,544,891,567,891,544,891,891,891,544,469,544,891,891,544,891,891,891,567,544,544,544,891,987,891,544,891,891,891,544,544,544,891,891,544,544,544
ILSVRC2012_val_00026627.png,401,401,398,401,401,401,401,401,401,401,401,401,401,401,401,401,401,401,396,401,401,401,401,401,490,401,401,401,401,401,401,401,401,401,401,401,401,401,401,401,668
ILSVRC2012_val_00026692.png,165,165,161,161,163,165,165,161,161,163,165,165,165,212,163,164,165,161,161,163,241,165,161,161,163,165,165,161,161,163,165,165,161,161,163,165,165,161,161,163,240
ILSVRC2012_val_00026737.png,371,371,370,371,371,371,371,370,371,370,299,371,370,370,370,299,371,371,370,371,299,371,370,371,48,299,371,370,371,370,299,371,371,370,370,299,371,370,370,370,299
ILSVRC2012_val_00026743.png,717,717,511,511,511,511,717,511,511,511,511,717,511,511,717,511,717,511,511,511,511,717,511,717,511,717,717,511,511,511,511,717,511,511,511,511,717,717,511,717,511
ILSVRC2012_val_00026754.png,880,880,444,880,880,880,880,444,880,880,880,880,880,870,880,880,880,880,870,880,880,880,880,880,890,880,880,444,880,880,880,880,880,880,880,880,880,880,880,880,870
ILSVRC2012_val_00026803.png,205,205,210,205,178,205,205,210,199,180,205,205,210,205,209,212,205,210,169,208,212,205,210,205,243,212,205,210,205,243,205,205,210,176,806,212,205,210,205,210,212
ILSVRC2012_val_00026901.png,41,41,40,40,40,40,41,40,40,40,40,41,40,40,40,40,41,40,40,40,40,41,40,40,40,40,41,40,40,40,40,41,40,40,40,40,41,40,40,40,40
ILSVRC2012_val_00026916.png,859,859,719,859,868,868,859,719,859,868,868,859,859,859,859,868,859,859,891,859,859,859,719,861,868,868,859,865,859,868,868,859,719,859,859,859,859,859,859,859,868
ILSVRC2012_val_00026925.png,118,118,121,121,121,118,118,121,118,121,118,118,118,118,121,118,118,121,121,121,118,118,121,118,121,118,118,121,121,121,118,118,121,118,121,118,118,118,118,118,808
ILSVRC2012_val_00026972.png,750,750,564,750,831,750,750,564,831,831,831,750,831,831,831,831,750,564,831,831,831,750,669,831,831,831,750,564,831,831,831,750,564,831,831,831,750,564,831,831,696
ILSVRC2012_val_00027124.png,264,264,232,232,232,232,264,232,264,232,232,264,232,264,232,232,264,232,852,232,232,264,232,232,232,232,264,232,264,232,232,264,232,232,232,232,264,232,232,232,232
ILSVRC2012_val_00027141.png,894,894,797,894,733,797,894,797,797,733,797,894,797,700,794,797,894,797,797,733,797,894,797,797,733,797,894,747,797,733,797,894,797,797,733,797,894,797,797,733,797
ILSVRC2012_val_00027148.png,61,61,62,61,61,61,61,61,61,62,61,61,61,61,61,61,61,61,288,61,61,61,61,61,62,61,61,61,61,61,61,61,61,61,61,61,61,61,61,61,68
ILSVRC2012_val_00027201.png,694,694,540,694,694,694,694,540,694,625,555,694,540,694,554,555,694,694,540,694,555,694,694,694,904,555,694,540,694,625,84,694,694,694,904,555,694,540,540,554,555
ILSVRC2012_val_00027287.png,445,445,490,445,445,445,445,445,445,552,445,445,445,445,445,445,445,445,806,445,655,445,490,445,552,445,445,490,445,552,445,445,445,445,552,445,445,445,716,552,816
ILSVRC2012_val_00027348.png,164,164,161,161,161,161,164,161,161,161,161,164,161,161,161,161,164,161,161,161,161,164,161,161,169,161,164,161,161,161,161,164,161,161,161,161,164,161,161,161,161
ILSVRC2012_val_00027385.png,497,497,483,497,832,497,497,483,497,832,483,497,483,483,832,483,497,483,873,832,483,497,483,873,832,483,497,483,497,913,483,497,483,873,832,483,497,483,873,832,483
ILSVRC2012_val_00027498.png,14,14,21,14,90,14,14,21,88,90,90,14,14,88,90,90,14,90,88,90,90,14,88,88,90,90,14,88,88,90,90,14,90,88,90,90,14,14,88,90,90
ILSVRC2012_val_00027530.png,985,985,995,985,985,985,985,985,985,309,985,985,985,985,309,985,985,985,309,309,985,985,985,985,309,985,985,985,985,309,985,985,985,985,309,985,985,985,985,309,995
ILSVRC2012_val_00027633.png,5,5,6,5,6,5,5,5,5,6,5,5,5,389,5,777,5,5,389,5,5,5,6,389,6,5,5,5,5,6,5,5,5,389,6,5,5,5,389,5,777
ILSVRC2012_val_00027636.png,648,648,585,648,711,648,648,585,786,532,532,648,648,786,631,532,648,648,786,631,532,648,585,786,631,532,648,585,786,786,648,648,585,109,532,532,648,669,669,532,532
ILSVRC2012_val_00027657.png,104,104,286,286,286,286,104,286,286,286,286,104,286,286,286,286,104,286,286,286,286,104,286,286,288,286,104,286,286,286,286,104,286,286,286,286,104,286,286,286,286
ILSVRC2012_val_00027790.png,66,66,67,66,68,66,66,67,68,68,66,66,66,66,68,66,66,68,828,68,808,66,67,68,828,68,66,68,66,68,66,66,68,68,68,66,66,68,68,68,622
ILSVRC2012_val_00027793.png,848,848,759,759,759,759,848,759,759,759,759,848,759,759,759,759,848,759,759,759,759,848,759,759,759,759,848,759,759,759,759,848,759,759,759,759,848,759,759,759,759
ILSVRC2012_val_00027955.png,354,354,676,977,835,208,354,676,842,514,254,354,354,341,514,794,354,580,977,978,254,354,676,354,514,794,354,172,977,514,794,354,676,977,514,254,354,354,354,514,254
ILSVRC2012_val_00028029.png,930,930,328,868,619,964,930,328,113,619,964,930,884,721,750,964,930,328,879,448,964,930,328,328,619,964,930,884,328,619,964,930,328,112,619,964,930,112,84,884,964
ILSVRC2012_val_00028103.png,233,233,265,252,256,196,233,265,219,256,196,233,265,219,256,196,233,265,226,256,196,233,265,219,256,196,233,265,226,256,196,233,265,219,256,196,233,265,199,256,196
ILSVRC2012_val_00028201.png,844,844,600,500,314,500,844,863,500,884,500,844,884,500,884,500,844,863,500,695,500,844,863,500,695,500,844,884,500,700,500,844,884,500,76,500,844,448,500,448,500
ILSVRC2012_val_00028333.png,637,637,844,844,588,637,637,844,707,588,754,637,844,844,333,848,637,844,844,192,637,637,844,844,588,637,637,844,412,588,771,637,844,626,588,492,637,844,844,787,848
ILSVRC2012_val_00028359.png,448,448,637,448,448,448,448,448,448,448,448,448,448,448,448,448,448,448,494,448,448,448,448,448,494,448,448,448,448,448,448,448,448,448,448,448,448,448,448,448,637
ILSVRC2012_val_00028377.png,653,653,463,463,412,463,653,463,588,588,109,653,463,463,588,463,653,463,463,492,463,653,463,588,588,503,653,463,463,588,109,653,463,463,588,463,653,463,463,588,463
ILSVRC2012_val_00028502.png,498,498,424,498,815,498,498,424,84,424,424,498,424,109,424,424,498,611,628,424,424,498,424,109,815,424,498,424,628,109,706,498,424,109,491,424,498,424,448,424,424
ILSVRC2012_val_00028524.png,17,17,95,17,17,17,17,17,17,17,17,17,17,17,17,84,17,17,10,17,17,17,17,17,906,17,17,17,17,17,17,17,17,17,17,84,17,17,17,17,84
ILSVRC2012_val_00028528.png,716,716,912,716,716,716,716,716,716,716,716,716,716,716,716,716,716,716,912,716,716,716,716,716,660,716,716,716,716,716,716,716,716,716,716,716,716,716,716,716,660
ILSVRC2012_val_00028576.png,596,596,543,596,587,596,596,543,589,473,589,596,589,650,596,589,596,596,589,587,589,596,543,596,543,596,596,543,606,587,596,596,543,589,587,589,596,589,589,587,589
ILSVRC2012_val_00028592.png,551,551,966,551,966,551,551,966,504,966,710,551,966,504,966,551,551,505,504,966,504,551,966,504,966,966,551,629,504,966,629,551,966,504,966,551,551,966,504,966,710
ILSVRC2012_val_00028608.png,730,730,856,730,866,123,730,595,730,866,123,730,730,730,866,123,730,866,866,866,108,730,856,866,866,123,730,595,866,866,123,730,730,730,866,108,730,730,730,730,108
ILSVRC2012_val_00028696.png,597,597,643,597,597,597,597,597,597,597,597,597,597,597,597,597,597,597,502,597,502,597,597,597,748,597,597,597,502,502,597,597,597,597,597,597,597,597,502,597,502
ILSVRC2012_val_00028779.png,74,74,73,73,73,73,74,73,73,73,73,74,73,73,73,73,74,73,73,73,73,74,73,73,73,73,74,73,73,73,73,74,73,73,73,73,74,73,73,73,73
ILSVRC2012_val_00028825.png,344,344,385,346,346,344,344,344,150,346,344,344,344,150,346,344,344,344,794,346,394,344,344,150,802,344,344,344,150,792,344,344,344,150,346,344,344,344,346,346,394
ILSVRC2012_val_00028835.png,812,812,744,812,812,812,812,812,812,417,812,812,812,812,812,812,812,812,417,812,812,812,812,812,417,812,812,812,812,417,812,812,812,417,417,417,812,812,812,812,417
ILSVRC2012_val_00028870.png,261,261,157,174,261,249,261,157,174,261,261,261,157,174,261,250,261,151,174,261,248,261,157,174,261,174,261,157,174,261,249,261,157,174,261,250,261,157,174,261,248
ILSVRC2012_val_00028887.png,740,740,589,740,740,740,740,740,589,882,740,740,589,589,589,589,740,740,524,740,740,740,740,740,882,740,740,740,740,882,740,740,740,589,882,740,740,740,740,740,465
ILSVRC2012_val_00028920.png,133,133,16,16,85,133,133,16,133,85,133,133,133,85,85,133,133,133,85,85,133,133,16,85,84,133,133,18,20,85,133,133,133,85,85,85,133,133,85,85,15
ILSVRC2012_val_00029045.png,528,528,409,528,528,528,528,409,528,772,528,528,528,528,748,748,528,528,102,528,528,528,528,528,772,528,528,528,528,772,528,528,528,528,772,528,528,528,528,528,748
ILSVRC2012_val_00029093.png,700,700,999,700,999,700,700,999,999,999,999,700,700,999,999,999,700,700,646,999,999,700,999,999,999,999,700,999,999,999,999,700,999,999,999,999,700,999,999,999,999
ILSVRC2012_val_00029125.png,766,766,932,766,766,766,766,932,766,932,766,766,766,766,766,766,766,766,788,766,766,766,766,766,588,766,766,766,766,415,766,766,766,766,415,766,766,766,788,766,788
ILSVRC2012_val_00029127.png,196,196,170,155,246,200,196,198,196,198,196,196,198,204,198,200,196,198,204,196,204,196,198,204,411,200,196,198,196,198,196,196,198,204,198,200,196,198,155,198,200
ILSVRC2012_val_00029156.png,77,77,73,77,76,77,77,73,77,76,77,77,77,77,76,76,77,77,76,76,77,77,73,76,76,76,77,73,77,76,77,77,73,77,76,77,77,73,76,76,73
ILSVRC2012_val_00029183.png,696,696,563,696,696,696,696,563,696,767,696,696,696,418,696,696,696,696,418,418,418,696,563,418,783,696,696,418,418,418,696,696,696,418,767,418,696,696,696,696,563
ILSVRC2012_val_00029207.png,355,355,246,355,355,246,355,246,354,354,243,355,246,354,355,243,355,355,354,354,243,355,246,354,354,243,355,246,354,354,245,355,246,354,354,243,355,242,354,354,243
ILSVRC2012_val_00029208.png,75,75,73,75,815,75,75,73,75,815,75,75,73,73,74,109,75,73,73,73,303,75,73,75,815,75,75,73,73,815,75,75,72,73,815,109,75,73,75,73,109
ILSVRC2012_val_00029572.png,909,909,469,909,541,121,909,469,909,541,909,909,469,491,541,830,909,469,84,541,830,909,469,909,541,909,909,469,909,541,909,909,469,341,541,830,909,909,924,541,830
ILSVRC2012_val_00029594.png,659,659,435,896,709,896,659,435,659,709,659,659,659,700,435,868,659,611,999,611,435,659,435,659,709,435,659,611,659,709,659,659,659,999,709,876,659,659,700,659,435
ILSVRC2012_val_00029709.png,12,12,708,708,708,12,12,562,141,141,863,12,141,142,141,141,12,708,863,21,863,12,142,142,721,721,12,144,144,141,863,12,611,140,141,863,12,708,141,140,863
ILSVRC2012_val_00029714.png,935,935,962,923,939,938,935,962,937,939,938,935,965,937,939,938,935,965,114,939,938,935,962,987,939,938,935,962,937,939,938,935,962,937,741,938,935,962,937,582,938
ILSVRC2012_val_00029737.png,407,407,734,407,407,407,407,407,407,407,407,407,407,407,407,407,407,407,734,407,734,407,407,407,734,407,407,407,407,407,407,407,407,407,407,407,407,407,734,407,734
ILSVRC2012_val_00029766.png,897,897,999,897,859,897,897,999,897,811,811,897,999,700,859,811,897,897,550,859,811,897,999,897,650,811,897,999,897,859,811,897,897,756,811,811,897,897,811,811,811
ILSVRC2012_val_00029780.png,434,434,971,794,794,434,434,578,794,794,753,434,794,570,794,753,434,794,753,794,753,434,971,794,794,753,434,794,794,570,753,434,794,585,601,753,434,794,794,794,753
ILSVRC2012_val_00029781.png,643,643,552,643,643,643,643,643,643,903,643,643,643,643,903,643,643,643,903,643,643,643,643,643,903,643,643,643,643,903,643,643,552,903,903,971,643,643,643,643,971
ILSVRC2012_val_00029802.png,772,772,910,772,679,772,772,774,109,815,488,772,774,679,679,794,772,772,679,488,794,772,774,109,815,794,772,502,584,868,584,772,772,109,488,584,772,584,679,488,589
ILSVRC2012_val_00029828.png,502,502,514,502,464,502,502,514,502,464,502,502,770,514,770,770,502,514,464,464,770,502,514,502,464,502,502,514,464,464,770,502,502,502,464,770,502,788,109,611,770
ILSVRC2012_val_00029884.png,672,672,525,672,674,672,672,525,672,870,672,672,672,672,672,672,672,672,837,672,672,672,888,672,839,672,672,672,672,471,672,672,672,672,250,672,672,672,672,672,265
ILSVRC2012_val_00029885.png,135,135,130,135,135,135,135,135,135,135,135,135,135,135,135,135,135,135,142,135,135,135,135,135,131,135,135,130,135,131,135,135,135,135,135,135,135,135,142,135,253
ILSVRC2012_val_00029919.png,954,954,998,954,987,954,954,998,954,987,954,954,954,939,987,582,954,954,939,954,954,954,987,954,987,954,954,998,939,939,954,954,954,939,939,954,954,954,939,987,312
ILSVRC2012_val_00029967.png,999,999,459,999,589,720,999,459,411,680,720,999,459,411,589,720,999,459,639,680,720,999,459,638,680,720,999,459,411,680,720,999,459,411,680,720,999,655,411,680,720
ILSVRC2012_val_00029975.png,615,615,597,615,597,615,615,597,465,597,514,615,597,465,597,514,615,597,465,597,514,615,597,465,597,514,615,597,465,597,514,615,597,465,597,514,615,597,465,597,514
ILSVRC2012_val_00030022.png,384,384,375,364,364,376,384,375,364,384,364,384,375,364,384,61,384,374,61,384,61,384,375,364,109,364,384,375,364,384,375,384,375,364,384,61,384,375,364,384,61
ILSVRC2012_val_00030088.png,174,174,248,279,174,174,174,248,279,174,174,174,248,279,174,174,174,248,279,174,174,174,248,279,196,174,174,248,279,794,174,174,248,279,174,174,174,248,279,174,340
ILSVRC2012_val_00030198.png,916,916,921,916,498,916,916,454,916,454,916,916,916,916,916,916,916,916,363,916,415,916,454,454,409,916,916,921,916,454,916,916,916,454,454,916,916,916,458,916,415
ILSVRC2012_val_00030262.png,753,753,770,753,126,461,753,770,855,126,461,753,753,753,461,461,753,753,855,461,461,753,770,753,126,753,753,753,855,126,753,753,753,855,126,461,753,753,855,126,524
ILSVRC2012_val_00030295.png,709,709,893,478,549,549,709,893,549,549,549,709,549,549,549,549,709,709,481,709,709,709,893,549,549,549,709,893,109,549,549,709,709,481,709,549,709,709,549,549,549
ILSVRC2012_val_00030305.png,274,274,277,277,263,274,274,277,277,259,274,274,277,277,260,277,274,277,277,274,277,274,277,277,263,274,274,277,277,263,274,274,277,277,263,277,274,277,277,263,277
ILSVRC2012_val_00030443.png,866,866,595,866,856,866,866,595,866,856,866,866,866,866,866,643,866,866,595,856,866,866,595,866,856,866,866,866,595,856,866,866,595,595,856,866,866,866,595,856,643
ILSVRC2012_val_00030453.png,433,433,801,433,433,433,433,801,433,433,433,433,801,433,433,814,433,433,814,433,814,433,6,814,98,433,433,801,433,433,433,433,801,814,6,814,433,433,433,433,814
ILSVRC2012_val_00030500.png,102,102,334,334,102,102,102,334,102,102,102,102,102,102,102,102,102,102,334,102,102,102,334,102,102,102,102,334,102,102,102,102,102,102,102,102,102,102,102,102,110
ILSVRC2012_val_00030718.png,494,494,442,494,494,494,494,494,494,794,494,494,494,494,494,494,494,494,827,494,494,494,494,494,794,494,494,494,494,818,494,494,494,619,619,494,494,494,494,494,855
ILSVRC2012_val_00030719.png,55,55,936,55,64,55,55,64,64,64,55,55,55,64,64,47,55,55,64,64,47,55,64,64,64,55,55,64,64,64,55,55,64,64,64,55,55,55,64,64,47
ILSVRC2012_val_00030809.png,780,780,914,914,914,914,780,914,914,914,914,780,914,780,914,914,780,914,914,914,914,780,914,914,914,914,780,914,914,914,914,780,914,914,914,914,780,914,914,914,914
ILSVRC2012_val_00030891.png,82,82,81,82,81,82,82,81,8,81,82,82,81,82,81,82,82,81,8,81,82,82,81,8,81,82,82,81,8,81,82,82,81,8,81,109,82,81,82,81,85
ILSVRC2012_val_00030915.png,180,180,254,219,245,156,180,254,212,109,156,180,284,212,245,156,180,245,212,245,156,180,245,212,245,156,180,109,212,245,156,180,245,212,245,156,180,254,212,245,156
ILSVRC2012_val_00030940.png,131,131,128,128,128,131,131,128,93,128,131,131,128,128,128,93,131,128,93,128,131,131,128,128,128,131,131,128,93,128,131,131,128,93,128,93,131,128,128,128,93
ILSVRC2012_val_00030991.png,349,349,348,349,212,349,349,348,349,215,349,349,348,348,348,212,349,349,348,349,349,349,348,349,247,349,349,348,348,216,348,349,348,348,348,212,349,349,348,349,212
ILSVRC2012_val_00031127.png,198,198,199,199,196,196,198,199,196,196,196,198,196,196,196,196,198,199,84,196,196,198,199,196,196,196,198,199,196,196,196,198,199,199,196,196,198,199,199,196,196
ILSVRC2012_val_00031152.png,633,633,623,633,623,633,633,623,633,769,633,633,623,633,418,623,633,473,749,473,418,633,623,633,769,633,633,623,633,769,418,633,623,633,999,418,633,623,623,633,563
ILSVRC2012_val_00031252.png,228,228,154,228,228,228,228,200,228,228,228,228,228,228,228,348,228,228,233,228,228,228,219,228,348,228,228,200,228,228,228,228,228,228,228,348,228,228,228,228,294
ILSVRC2012_val_00031328.png,440,440,468,440,907,440,440,468,440,907,440,440,440,440,440,440,440,440,907,907,966,440,907,907,907,907,440,440,907,907,440,440,440,907,907,907,440,440,907,907,750
ILSVRC2012_val_00031361.png,282,282,669,282,151,282,282,218,263,151,173,282,338,250,263,173,282,260,250,263,173,282,669,263,151,173,282,218,263,151,173,282,215,250,151,173,282,263,250,263,173
ILSVRC2012_val_00031410.png,589,589,528,589,589,589,589,528,589,528,613,589,589,589,528,613,589,589,882,589,613,589,528,589,528,589,589,528,589,741,589,589,589,589,528,613,589,589,589,613,613
ILSVRC2012_val_00031472.png,317,317,316,317,317,317,317,317,317,316,317,317,317,316,317,317,317,317,316,317,316,317,316,316,316,317,317,317,316,316,317,317,316,316,316,316,317,317,316,317,316
ILSVRC2012_val_00031495.png,918,918,922,918,918,918,918,918,918,918,918,918,918,918,918,918,918,918,117,918,918,918,918,918,918,918,918,918,918,918,918,918,918,918,918,918,918,918,918,918,905
ILSVRC2012_val_00031548.png,889,889,822,650,463,541,889,822,889,541,889,889,822,889,541,889,889,889,617,875,889,889,541,650,541,889,889,822,889,541,889,889,420,889,541,541,889,889,617,420,541
ILSVRC2012_val_00031586.png,49,49,44,44,44,44,49,44,44,44,44,49,49,44,44,44,49,44,44,44,44,49,44,44,44,44,49,44,44,44,44,49,44,44,44,44,49,44,44,44,44
ILSVRC2012_val_00031588.png,624,624,454,454,454,624,624,454,454,454,624,624,624,454,454,743,624,624,454,624,624,624,454,454,860,624,624,454,624,454,624,624,454,454,454,624,624,624,454,624,791
ILSVRC2012_val_00031593.png,993,993,991,991,109,993,993,991,991,514,993,993,993,991,996,996,993,991,327,993,993,993,991,991,55,993,993,991,991,514,993,993,991,950,62,993,993,993,108,993,750
ILSVRC2012_val_00031629.png,719,719,859,719,719,719,719,719,865,719,719,719,719,721,719,721,719,719,865,719,850,719,859,719,804,719,719,719,719,719,719,719,719,865,719,719,719,719,750,719,806
ILSVRC2012_val_00031647.png,945,945,567,945,945,945,945,945,945,945,945,945,945,945,945,949,945,945,909,945,945,945,945,945,469,945,945,945,945,945,945,945,945,945,945,949,945,945,945,945,463
ILSVRC2012_val_00031670.png,461,461,506,461,748,461,461,524,461,748,461,461,461,725,461,461,461,461,725,748,461,461,524,461,748,461,461,524,461,636,461,461,524,725,414,461,461,461,725,461,150
ILSVRC2012_val_00031686.png,290,290,288,288,288,290,290,288,288,288,290,290,290,288,288,288,290,288,288,288,290,290,288,288,288,290,290,288,288,288,288,290,288,288,288,288,290,290,288,288,60
ILSVRC2012_val_00031762.png,377,377,369,380,374,366,377,369,369,374,366,377,369,369,381,366,377,379,369,374,366,377,369,369,562,366,377,369,369,381,366,377,374,369,381,366,377,369,369,374,366
ILSVRC2012_val_00031783.png,830,830,555,830,555,830,830,555,555,555,803,830,830,555,555,803,830,830,611,555,555,830,555,555,406,555,830,555,555,555,803,830,803,555,555,803,830,830,109,555,803
ILSVRC2012_val_00031785.png,212,212,210,251,251,212,212,210,251,251,210,212,212,251,251,251,212,210,251,251,251,212,210,251,251,251,212,210,251,251,251,212,210,251,251,251,212,212,251,251,345
ILSVRC2012_val_00031789.png,665,665,870,665,870,665,665,870,665,870,665,665,665,665,870,665,665,665,142,870,665,665,870,870,870,665,665,870,665,870,665,665,870,870,870,870,665,665,665,444,808
ILSVRC2012_val_00031922.png,141,141,140,141,141,141,141,140,141,141,141,141,141,139,141,141,141,141,139,141,139,141,140,141,129,141,141,140,141,141,141,141,141,139,141,141,141,141,139,141,139
ILSVRC2012_val_00031927.png,59,59,55,40,46,59,59,55,40,40,40,59,59,40,40,40,59,59,40,40,40,59,55,40,46,40,59,55,40,46,40,59,55,40,40,46,59,59,40,40,46
ILSVRC2012_val_00032032.png,978,978,556,978,904,978,978,556,978,904,978,978,978,978,904,337,978,972,649,904,425,978,556,649,904,978,978,978,978,904,978,978,980,978,904,978,978,978,978,904,425
ILSVRC2012_val_00032039.png,464,464,633,464,464,464,464,464,464,828,464,464,464,464,464,464,464,464,968,464,464,464,464,464,828,464,464,464,464,828,464,464,464,464,818,464,464,464,464,464,968
ILSVRC2012_val_00032046.png,487,487,590,487,590,487,487,590,487,590,487,487,487,487,590,487,487,487,590,590,487,487,590,487,590,487,487,590,487,590,848,487,590,487,590,487,487,487,487,590,481
ILSVRC2012_val_00032097.png,826,826,531,826,826,826,826,531,826,531,447,826,826,826,826,826,826,826,530,826,826,826,531,826,531,447,826,531,826,531,826,826,531,826,531,447,826,826,530,826,447
ILSVRC2012_val_00032098.png,745,745,745,745,745,745,745,745,745,922,745,745,745,745,745,745,745,745,737,745,745,745,745,745,922,745,745,745,745,831,745,745,745,745,745,745,745,745,745,745,737
ILSVRC2012_val_00032102.png,19,19,13,19,19,19,19,13,10,19,19,19,19,10,19,19,19,19,10,19,40,19,13,19,616,19,19,13,10,10,19,19,13,10,10,19,19,19,10,19,40
ILSVRC2012_val_00032120.png,157,157,154,232,232,232,157,152,232,232,232,157,157,232,232,232,157,157,231,232,231,157,152,232,232,716,157,152,232,232,231,157,152,232,232,232,157,157,231,231,231
ILSVRC2012_val_00032188.png,256,256,219,226,202,226,256,219,226,202,226,256,219,226,233,226,256,219,226,233,226,256,219,226,202,226,256,219,226,184,226,256,219,200,202,200,256,219,226,233,226
ILSVRC2012_val_00032370.png,948,948,956,852,852,948,948,956,852,852,852,948,956,852,852,522,948,956,852,852,948,948,956,852,852,948,948,956,852,852,522,948,956,852,852,522,948,956,852,852,522
ILSVRC2012_val_00032435.png,416,416,702,702,422,416,416,702,702,422,416,416,702,702,422,422,416,702,702,422,422,416,702,702,422,422,416,702,702,422,422,416,702,702,422,422,416,416,702,422,422
ILSVRC2012_val_00032552.png,287,287,273,269,273,278,287,273,272,356,278,287,272,272,272,278,287,273,359,271,278,287,273,273,384,278,287,273,271,271,278,287,273,298,384,278,287,272,271,271,278
ILSVRC2012_val_00032623.png,277,277,278,278,278,278,277,278,278,278,278,277,278,278,278,278,277,278,497,278,278,277,278,278,758,278,277,278,278,278,278,277,278,278,278,278,277,278,278,278,278
ILSVRC2012_val_00032646.png,248,248,195,250,250,250,248,250,250,250,250,248,250,250,250,250,248,250,250,250,250,248,250,250,250,250,248,250,250,250,250,248,250,250,250,250,248,250,250,250,250
ILSVRC2012_val_00032695.png,996,996,991,996,996,996,996,991,996,991,996,996,991,61,112,459,996,996,89,996,996,996,991,109,991,112,996,991,996,991,996,996,991,112,991,459,996,996,89,991,808
ILSVRC2012_val_00032723.png,426,426,778,426,426,426,426,426,426,426,426,426,426,426,426,426,426,426,778,426,426,426,426,426,815,426,426,426,426,426,426,426,426,426,426,426,426,426,426,426,646
ILSVRC2012_val_00032911.png,543,543,422,422,422,543,543,422,543,422,543,543,543,543,422,543,543,543,422,543,422,543,422,543,422,422,543,422,422,422,422,543,422,422,422,422,543,543,422,422,422
ILSVRC2012_val_00032926.png,647,647,438,647,503,647,647,438,647,503,109,647,647,503,647,109,647,647,503,647,109,647,438,109,503,647,647,647,647,503,647,647,438,647,503,647,647,647,503,503,626
ILSVRC2012_val_00032950.png,420,420,837,567,823,420,420,414,420,823,420,420,420,765,765,588,420,420,831,640,635,420,420,420,823,420,420,529,420,882,420,420,420,721,414,635,420,420,823,823,635
ILSVRC2012_val_00033014.png,119,119,394,119,394,119,119,118,118,394,110,119,118,118,118,110,119,118,640,123,110,119,118,118,794,110,119,118,118,750,110,119,118,118,394,110,119,118,118,118,110
ILSVRC2012_val_00033018.png,346,346,730,346,345,346,346,730,341,178,341,346,346,346,346,346,346,346,341,346,341,346,730,341,345,346,346,346,341,178,346,346,730,341,345,227,346,346,341,346,685
ILSVRC2012_val_00033076.png,99,99,375,99,134,99,99,370,176,134,176,99,134,133,134,134,99,99,8,8,176,99,375,176,134,176,99,370,99,134,99,99,373,8,134,99,99,99,23,134,428
ILSVRC2012_val_00033149.png,200,200,155,200,232,232,200,155,155,232,232,200,155,155,232,232,200,155,155,232,232,200,155,230,232,232,200,155,155,230,232,200,155,155,232,232,200,155,155,232,232
ILSVRC2012_val_00033150.png,18,18,80,18,18,18,18,18,18,340,18,18,18,18,282,219,18,18,99,18,18,18,18,18,340,18,18,18,18,806,18,18,18,18,18,176,18,18,18,212,992
ILSVRC2012_val_00033171.png,796,796,643,796,796,796,796,643,796,796,796,796,796,796,796,796,796,796,643,796,796,796,796,796,917,796,796,796,796,917,796,796,796,796,796,796,796,796,796,796,205
ILSVRC2012_val_00033207.png,534,534,651,534,534,534,534,651,620,748,534,534,534,620,534,893,534,534,620,534,534,534,651,534,748,953,534,651,109,748,534,534,534,681,534,662,534,534,620,771,662
ILSVRC2012_val_00033255.png,825,825,649,649,649,649,825,649,649,649,649,825,649,649,649,649,825,649,649,649,649,825,649,649,649,649,825,649,649,649,649,825,649,649,649,649,825,649,649,649,649
ILSVRC2012_val_00033340.png,90,90,90,90,90,90,90,90,90,90,90,90,90,90,90,90,90,90,95,90,90,90,90,90,90,90,90,90,90,90,90,90,90,90,90,90,90,90,90,90,368
ILSVRC2012_val_00033725.png,754,754,485,754,485,754,754,745,485,745,745,754,745,745,485,745,754,754,485,485,745,754,745,754,485,745,754,485,485,485,485,754,485,485,745,745,754,745,745,745,745
ILSVRC2012_val_00033897.png,267,267,153,257,153,203,267,153,257,153,203,267,153,257,153,203,267,153,257,153,203,267,153,257,153,203,267,153,257,153,203,267,153,257,153,203,267,153,257,153,203
ILSVRC2012_val_00033960.png,30,30,26,30,32,30,30,26,39,32,39,30,30,50,32,39,30,26,39,32,39,30,32,39,32,39,30,26,50,32,30,30,26,39,32,39,30,32,39,32,39
ILSVRC2012_val_00033997.png,183,183,181,183,181,183,183,181,181,181,183,183,183,189,181,181,183,183,181,181,183,183,181,181,181,181,183,181,181,181,183,183,181,181,181,181,183,181,181,181,181
ILSVRC2012_val_00034008.png,851,851,664,782,664,782,851,664,782,446,707,851,664,782,592,707,851,782,782,782,707,851,664,782,446,707,851,664,782,673,707,851,782,782,446,707,851,782,782,527,707
ILSVRC2012_val_00034055.png,179,179,246,254,223,254,179,246,254,223,254,179,179,254,223,254,179,179,852,223,254,179,246,254,223,254,179,246,254,223,254,179,179,254,223,254,179,179,205,223,254
ILSVRC2012_val_00034168.png,22,22,21,22,21,22,22,21,22,21,22,22,22,22,21,22,22,21,93,21,109,22,21,22,21,22,22,21,84,21,22,22,21,22,21,23,22,21,22,21,444
ILSVRC2012_val_00034182.png,552,552,655,655,655,655,552,655,655,655,655,552,655,655,655,655,552,655,655,655,655,552,655,655,655,655,552,655,655,834,655,552,655,655,655,655,552,655,655,655,608
ILSVRC2012_val_00034217.png,852,852,475,736,574,852,852,948,852,574,852,852,852,852,574,852,852,852,988,574,988,852,948,948,574,852,852,852,852,574,852,852,948,852,574,852,852,852,988,574,362
ILSVRC2012_val_00034225.png,393,393,108,108,108,393,393,108,108,108,393,393,393,108,108,393,393,108,108,108,393,393,108,108,108,393,393,108,108,108,393,393,393,108,393,393,393,393,108,108,995
ILSVRC2012_val_00034230.png,375,375,384,375,384,375,375,384,375,794,375,375,375,375,364,375,375,375,21,375,375,375,384,375,794,375,375,384,375,794,375,375,384,375,883,375,375,384,883,883,883
ILSVRC2012_val_00034302.png,411,411,617,411,411,411,411,411,411,443,411,411,411,411,411,411,411,411,443,411,411,411,411,411,443,411,411,411,411,443,411,411,411,411,411,411,411,411,411,411,434
ILSVRC2012_val_00034356.png,163,163,161,163,161,163,163,161,163,161,163,163,163,163,163,163,163,163,246,163,163,163,161,163,955,163,163,161,163,161,163,163,161,243,161,163,163,163,243,161,912
ILSVRC2012_val_00034359.png,715,715,834,501,614,982,715,834,652,741,982,715,715,652,458,982,715,982,614,982,982,715,834,834,982,982,715,834,457,614,982,715,614,614,982,982,715,715,614,982,982
ILSVRC2012_val_00034391.png,921,921,848,917,800,921,921,481,917,865,917,921,481,917,865,865,921,481,917,886,476,921,848,917,800,613,921,481,917,800,917,921,481,917,800,546,921,481,917,800,800
ILSVRC2012_val_00034406.png,76,76,73,76,76,76,76,76,76,23,76,76,76,76,76,76,76,76,73,76,76,76,76,76,23,76,76,76,76,23,76,76,76,76,76,23,76,76,76,76,23
ILSVRC2012_val_00034438.png,353,353,276,276,276,276,353,276,276,276,276,353,276,276,276,276,353,276,276,276,276,353,276,276,276,276,353,276,276,276,276,353,276,276,276,276,353,276,276,276,276
ILSVRC2012_val_00034459.png,625,625,746,625,625,625,625,625,625,625,625,625,625,625,625,625,625,625,640,625,625,625,625,625,815,625,625,625,625,625,625,625,625,625,625,625,625,625,625,625,656
ILSVRC2012_val_00034548.png,130,130,146,130,130,130,130,130,89,109,130,130,130,89,130,130,130,130,89,130,130,130,130,89,109,144,130,130,89,130,130,130,130,89,130,144,130,130,89,130,144
ILSVRC2012_val_00034551.png,275,275,353,275,275,275,275,353,275,274,275,275,275,275,275,275,275,275,735,275,275,275,353,275,274,275,275,353,275,274,275,275,275,275,274,275,275,275,275,275,62
ILSVRC2012_val_00034603.png,802,802,670,670,670,802,802,670,802,670,802,802,665,670,670,787,802,670,670,670,490,802,670,670,670,787,802,670,670,670,787,802,787,787,670,787,802,787,670,670,787
ILSVRC2012_val_00034714.png,810,810,878,878,878,878,810,878,878,878,810,810,878,878,878,878,810,878,508,878,878,810,878,878,754,878,810,878,878,878,878,810,878,878,878,878,810,878,878,878,878
ILSVRC2012_val_00034765.png,499,499,813,499,464,499,499,813,499,464,499,499,499,499,499,499,499,499,630,499,499,499,813,499,464,499,499,813,499,464,499,499,499,499,464,499,499,499,499,499,632
ILSVRC2012_val_00034862.png,973,973,4,147,147,973,973,4,4,147,4,973,973,4,147,4,973,4,4,147,4,973,4,4,147,4,973,2,4,147,4,973,973,4,147,4,973,4,4,147,4
ILSVRC2012_val_00034870.png,623,623,418,623,623,623,623,418,618,794,623,623,418,892,600,600,623,418,892,794,600,623,418,794,794,600,623,418,794,794,600,623,418,892,794,600,623,749,600,600,600
ILSVRC2012_val_00034948.png,219,219,216,219,176,216,219,216,156,589,216,219,216,156,589,216,219,216,156,589,216,219,216,156,813,216,219,216,156,589,216,219,216,156,589,216,219,216,156,589,216
ILSVRC2012_val_00034998.png,396,396,973,340,396,340,396,973,340,973,340,396,396,340,396,340,396,396,340,396,340,396,396,340,393,340,396,973,340,393,340,396,973,340,973,340,396,396,340,396,340
ILSVRC2012_val_00035014.png,313,313,448,313,58,313,313,313,313,58,313,313,313,79,111,313,313,313,783,58,58,313,313,313,58,313,313,448,313,58,313,313,313,44,58,313,313,313,41,58,58
ILSVRC2012_val_00035047.png,93,93,96,96,96,96,93,96,96,96,96,93,96,96,96,96,93,96,96,96,96,93,96,96,96,96,93,96,96,96,96,93,96,96,96,96,93,96,96,96,96
ILSVRC2012_val_00035093.png,27,27,26,27,44,27,27,26,55,114,27,27,27,60,26,59,27,27,60,26,55,27,26,27,54,27,27,26,27,114,27,27,26,60,52,55,27,26,60,26,59
ILSVRC2012_val_00035125.png,997,997,947,947,947,997,997,947,947,992,994,997,947,947,992,994,997,947,947,992,994,997,947,947,992,994,997,947,947,109,994,997,947,947,992,994,997,947,947,992,994
ILSVRC2012_val_00035279.png,989,989,489,989,312,989,989,489,489,325,489,989,989,489,580,989,989,489,580,11,489,989,489,489,325,489,989,489,489,325,489,989,489,311,325,489,989,489,489,489,489
ILSVRC2012_val_00035379.png,58,58,973,58,54,65,58,973,58,68,973,58,109,62,58,973,58,110,62,54,110,58,109,62,68,973,58,973,62,54,973,58,109,62,54,973,58,327,62,54,973
ILSVRC2012_val_00035545.png,329,329,390,390,329,329,329,390,390,794,390,329,390,390,329,390,329,390,390,329,390,329,390,390,794,390,329,390,390,794,390,329,390,390,110,390,329,390,390,33,390
ILSVRC2012_val_00035570.png,976,976,978,979,979,979,976,978,979,970,979,976,976,979,979,979,976,976,979,979,979,976,794,979,979,979,976,978,979,970,979,976,978,979,979,979,976,975,979,979,979
ILSVRC2012_val_00035751.png,482,482,632,482,482,482,482,482,482,482,482,482,482,482,482,482,482,482,999,482,482,482,482,482,688,482,482,482,482,754,482,482,482,482,848,482,482,482,482,482,678
ILSVRC2012_val_00035777.png,561,561,561,561,575,561,561,561,561,575,561,561,561,561,575,561,561,561,569,561,561,561,561,561,575,561,561,561,561,575,561,561,561,561,575,829,561,561,561,561,829
ILSVRC2012_val_00035908.png,270,270,269,258,272,258,270,269,258,272,258,270,270,258,272,258,270,270,258,272,258,270,269,258,298,258,270,269,258,272,258,270,269,258,272,258,270,270,258,272,258
ILSVRC2012_val_00036018.png,842,842,445,842,433,842,842,639,842,433,842,842,842,296,433,296,842,842,264,433,33,842,639,842,910,842,842,445,842,629,842,842,445,842,433,296,842,842,842,433,360
ILSVRC2012_val_00036072.png,254,254,728,254,243,254,254,728,254,243,254,254,254,254,254,254,254,254,396,254,254,254,728,254,246,254,254,728,254,243,254,254,728,243,243,243,254,254,254,254,243
ILSVRC2012_val_00036132.png,83,83,83,83,83,83,83,83,83,83,83,83,83,83,83,83,83,83,694,83,83,83,83,83,346,83,83,83,83,83,83,83,83,83,83,83,83,83,83,83,393
ILSVRC2012_val_00036208.png,480,480,571,454,893,779,480,468,454,779,779,480,454,454,769,779,480,779,454,779,779,480,779,454,769,779,480,779,454,770,779,480,779,454,481,779,480,454,454,454,779
ILSVRC2012_val_00036288.png,768,768,560,768,761,768,768,917,768,508,761,768,529,768,761,761,768,768,830,768,714,768,917,768,918,768,768,430,761,457,761,768,419,768,918,761,768,768,768,761,761
ILSVRC2012_val_00036292.png,139,139,140,139,139,139,139,140,139,815,139,139,139,20,139,139,139,139,20,139,139,139,140,140,815,139,139,140,139,140,139,139,139,20,142,139,139,139,20,139,10
ILSVRC2012_val_00036344.png,144,144,129,144,129,144,144,129,144,144,144,144,144,132,144,137,144,129,131,144,144,144,129,144,858,144,144,129,144,144,144,144,129,144,144,144,144,144,132,144,137
ILSVRC2012_val_00036353.png,834,834,539,834,880,834,834,765,869,880,834,834,857,400,796,982,834,834,824,834,982,834,765,869,880,834,834,765,667,880,834,834,630,869,880,982,834,834,834,652,982
ILSVRC2012_val_00036402.png,799,799,894,905,905,799,799,799,905,794,905,799,799,905,905,905,799,799,794,905,905,799,894,905,794,799,799,894,905,794,799,799,799,905,905,905,799,799,905,905,905
ILSVRC2012_val_00036424.png,628,628,449,628,536,628,628,536,628,536,628,628,628,628,628,628,628,628,536,628,628,628,628,628,536,628,628,536,628,536,628,628,628,628,628,628,628,628,628,628,833
ILSVRC2012_val_00036493.png,787,787,879,879,879,879,787,879,787,879,614,787,787,614,787,614,787,787,443,787,614,787,879,787,721,787,787,879,879,879,614,787,879,879,879,614,787,614,787,614,614
ILSVRC2012_val_00036517.png,856,856,820,856,820,856,856,856,856,820,856,856,856,856,820,856,856,856,820,820,856,856,856,856,705,856,856,856,856,820,856,856,856,856,820,856,856,856,820,820,770
ILSVRC2012_val_00036533.png,288,288,290,290,290,288,288,290,290,290,288,288,290,290,290,288,288,290,290,290,288,288,290,290,290,288,288,290,290,290,288,288,290,290,290,288,288,290,290,290,41
ILSVRC2012_val_00036613.png,304,304,307,304,307,304,304,307,304,307,307,304,304,303,303,307,304,307,32,307,307,304,307,304,60,307,304,307,304,307,307,304,307,78,307,307,304,307,307,307,307
ILSVRC2012_val_00036655.png,221,221,267,206,209,267,221,267,206,209,267,221,267,206,206,267,221,267,322,206,267,221,267,206,211,266,221,267,206,213,267,221,267,206,209,266,221,267,206,213,266
ILSVRC2012_val_00036681.png,781,781,981,781,781,781,781,781,781,781,781,781,781,781,781,781,781,781,981,981,781,781,781,781,981,781,781,781,781,981,781,781,781,781,781,781,781,781,781,781,865
ILSVRC2012_val_00036749.png,9,9,80,9,9,9,9,9,134,134,9,9,9,134,9,9,9,9,134,9,9,9,9,134,134,9,9,9,9,134,9,9,9,134,9,9,9,9,134,9,63
ILSVRC2012_val_00036780.png,437,437,460,460,460,460,437,460,460,460,460,437,460,460,460,460,437,460,460,460,460,437,460,460,693,460,437,460,460,460,460,437,460,460,460,460,437,460,460,460,460
ILSVRC2012_val_00036828.png,116,116,990,116,116,116,116,990,328,633,36,116,116,314,635,36,116,990,310,377,36,116,35,116,633,36,116,455,314,633,36,116,530,78,633,36,116,990,116,455,36
ILSVRC2012_val_00036850.png,31,31,32,31,32,31,31,32,31,32,31,31,31,31,32,46,31,32,32,32,46,31,32,31,538,46,31,32,31,32,31,31,31,31,32,46,31,32,32,32,46
ILSVRC2012_val_00036913.png,167,167,195,166,166,167,167,166,167,166,167,167,167,166,166,173,167,167,166,167,166,167,167,167,166,167,167,166,166,166,167,167,180,166,166,151,167,166,166,166,151
ILSVRC2012_val_00036954.png,982,982,796,982,904,982,982,982,982,457,982,982,982,476,904,982,982,982,685,982,982,982,906,982,904,982,982,982,254,904,982,982,776,242,457,982,982,982,254,904,242
ILSVRC2012_val_00036956.png,631,631,434,434,434,631,631,434,434,109,901,631,434,434,434,434,631,434,895,434,901,631,434,434,815,898,631,434,434,434,901,631,434,434,441,631,631,591,434,434,899
ILSVRC2012_val_00036999.png,16,16,91,93,93,93,16,91,93,23,93,16,16,16,21,16,16,91,93,93,93,16,91,93,23,93,16,91,93,23,16,16,91,93,91,93,16,91,93,91,93
ILSVRC2012_val_00037018.png,712,712,111,712,712,712,712,111,659,463,659,712,712,659,712,659,712,111,659,712,659,712,111,659,504,659,712,111,659,809,109,712,111,659,111,659,712,111,659,111,659
ILSVRC2012_val_00037057.png,854,854,538,893,492,500,854,538,893,568,500,854,854,750,532,500,854,538,893,532,500,854,538,893,568,500,854,538,893,532,500,854,538,500,500,500,854,500,500,500,500
ILSVRC2012_val_00037102.png,936,936,936,936,936,936,936,936,936,108,936,936,936,936,936,936,936,936,55,936,936,936,936,936,108,936,936,936,936,973,936,936,936,936,973,988,936,936,936,936,988
ILSVRC2012_val_00037103.png,226,226,252,200,244,199,226,252,200,256,199,226,252,200,256,199,226,252,200,256,199,226,252,200,244,199,226,252,200,244,199,226,252,200,256,199,226,252,219,256,199
ILSVRC2012_val_00037133.png,296,296,279,279,356,356,296,279,279,356,356,296,279,279,356,356,296,279,279,356,356,296,279,279,356,356,296,279,279,356,356,296,279,279,356,356,296,279,279,356,356
ILSVRC2012_val_00037164.png,237,237,151,236,676,236,237,151,236,345,236,237,237,236,236,236,237,151,236,236,236,237,151,236,345,236,237,151,236,236,236,237,151,236,236,236,237,151,236,236,236
ILSVRC2012_val_00037196.png,442,442,912,825,825,825,442,912,970,260,825,442,912,970,825,825,442,825,970,825,825,442,912,970,603,825,442,425,970,815,825,442,912,425,912,825,442,825,970,825,825
ILSVRC2012_val_00037204.png,895,895,908,895,908,895,895,895,895,404,895,895,895,895,895,895,895,895,908,895,895,895,404,895,404,404,895,895,895,404,895,895,895,404,404,404,895,895,908,895,404
ILSVRC2012_val_00037247.png,950,950,934,950,950,950,950,934,934,934,950,950,950,949,950,950,950,934,794,934,934,950,950,934,62,950,950,934,950,934,950,950,950,934,945,950,950,950,934,934,934
ILSVRC2012_val_00037367.png,54,54,68,54,66,54,54,54,54,68,54,54,54,54,54,54,54,54,60,54,54,54,54,54,68,54,54,66,60,68,54,54,54,54,68,54,54,54,60,54,68
ILSVRC2012_val_00037385.png,605,605,761,761,446,605,605,761,761,446,761,605,761,761,549,761,605,605,761,481,761,605,761,778,446,761,605,761,761,411,605,605,761,662,662,761,605,761,761,549,761
ILSVRC2012_val_00037452.png,450,450,865,450,435,450,450,450,450,865,450,450,450,849,865,450,450,450,849,450,450,450,450,450,865,450,450,450,450,804,450,450,450,450,450,450,450,450,849,450,849
ILSVRC2012_val_00037522.png,949,949,619,949,879,949,949,887,949,879,949,949,949,824,824,987,949,949,903,949,949,949,619,987,879,987,949,887,949,879,949,949,887,824,879,998,949,949,124,949,987
ILSVRC2012_val_00037524.png,84,84,84,84,84,84,84,84,84,84,84,84,84,84,84,84,84,84,108,84,84,84,84,84,84,84,84,84,84,84,84,84,84,84,84,84,84,84,84,84,126
ILSVRC2012_val_00037541.png,983,983,691,983,983,983,983,983,983,983,983,983,983,983,983,983,983,983,884,983,983,983,983,983,769,983,983,691,983,643,983,983,983,3,983,983,983,983,983,983,461
ILSVRC2012_val_00037639.png,608,608,496,496,496,608,608,496,496,773,608,608,496,496,797,797,608,496,60,496,496,608,496,496,898,411,608,496,414,773,84,608,496,465,898,797,608,496,414,898,412
ILSVRC2012_val_00037644.png,726,726,587,777,777,726,726,587,777,893,642,726,587,765,642,642,726,596,84,777,642,726,587,777,893,642,726,696,777,893,726,726,587,777,893,726,726,726,788,642,642
ILSVRC2012_val_00037652.png,468,468,436,436,436,581,468,436,436,436,717,468,436,436,436,717,468,436,436,436,717,468,436,436,436,436,468,436,436,436,436,468,436,436,436,436,468,436,436,436,717
ILSVRC2012_val_00037694.png,811,811,647,811,632,811,811,883,811,883,883,811,811,811,811,811,811,632,815,632,738,811,883,811,572,883,811,899,811,883,811,811,811,811,632,811,811,811,811,632,883
ILSVRC2012_val_00037714.png,132,132,134,132,134,132,132,134,134,134,132,132,132,134,134,134,132,132,134,132,132,132,134,134,134,132,132,134,134,134,132,132,134,134,134,132,132,132,134,132,134
ILSVRC2012_val_00037736.png,929,929,464,929,784,929,929,748,596,109,929,929,929,212,784,115,929,929,288,929,113,929,929,929,429,929,929,971,971,429,929,929,929,626,784,125,929,929,212,784,125
ILSVRC2012_val_00037758.png,70,70,313,70,70,70,70,70,70,70,70,70,70,70,70,70,70,70,313,70,70,70,70,70,414,70,70,313,70,300,70,70,70,70,70,70,70,70,70,70,393
ILSVRC2012_val_00037916.png,242,242,179,242,180,242,242,179,179,180,242,242,242,242,242,264,242,242,179,242,242,242,179,242,180,242,242,179,242,179,242,242,179,179,180,242,242,242,179,180,264
ILSVRC2012_val_00037926.png,988,988,995,988,995,988,988,995,70,643,988,988,988,74,988,988,988,995,109,308,988,988,995,988,808,988,988,995,506,506,988,988,995,616,506,988,988,995,113,995,826
ILSVRC2012_val_00037929.png,560,560,981,560,560,560,560,981,560,981,981,560,560,981,981,560,560,981,254,981,981,560,981,981,981,981,560,981,560,981,560,560,981,981,981,981,560,981,643,981,981
ILSVRC2012_val_00038033.png,395,395,391,389,389,389,395,391,395,389,389,395,389,389,389,389,395,395,67,389,389,395,391,395,389,389,395,391,395,389,389,395,391,395,389,389,395,389,67,389,389
ILSVRC2012_val_00038096.png,592,592,844,662,662,592,592,844,662,844,662,592,662,662,662,662,592,592,662,662,592,592,844,662,844,662,592,844,662,662,592,592,844,662,844,662,592,662,662,662,754
ILSVRC2012_val_00038110.png,149,149,344,6,363,5,149,344,6,363,5,149,33,6,363,5,149,344,6,363,6,149,344,6,363,5,149,344,6,50,5,149,344,6,50,5,149,344,6,5,5
ILSVRC2012_val_00038142.png,314,314,301,126,960,314,314,301,120,960,124,314,314,108,960,124,314,301,109,314,314,314,301,126,960,124,314,301,126,960,314,314,301,124,960,124,314,301,125,960,124
ILSVRC2012_val_00038157.png,151,151,797,151,434,151,151,797,151,434,263,151,151,151,151,151,151,151,434,151,151,151,243,151,434,263,151,797,151,434,151,151,245,151,186,263,151,151,434,151,263
ILSVRC2012_val_00038221.png,587,587,677,587,596,587,587,677,784,596,587,587,677,477,700,918,587,677,508,596,918,587,677,563,596,918,587,677,477,596,587,587,677,508,596,918,587,677,508,596,918
ILSVRC2012_val_00038236.png,326,326,321,321,54,326,326,321,321,54,326,326,321,321,54,54,326,326,321,57,326,326,321,321,54,326,326,321,321,54,326,326,321,269,54,54,326,326,321,60,60
ILSVRC2012_val_00038251.png,470,470,960,470,960,470,470,960,470,960,960,470,470,470,470,470,470,470,960,960,960,470,960,470,960,960,470,960,470,960,960,470,960,960,960,960,470,960,960,960,960
ILSVRC2012_val_00038413.png,336,336,298,298,66,973,336,298,298,109,988,336,298,298,298,988,336,298,298,616,988,336,298,298,66,988,336,298,298,315,988,336,298,298,66,988,336,298,298,298,988
ILSVRC2012_val_00038427.png,537,537,249,537,249,537,537,537,537,249,537,537,537,537,537,537,537,537,248,249,537,537,537,537,249,537,537,537,537,249,537,537,537,537,249,537,537,537,537,537,264
ILSVRC2012_val_00038546.png,697,697,443,697,443,443,697,443,610,610,725,697,529,610,610,725,697,206,362,610,725,697,597,610,610,725,697,443,610,787,725,697,725,610,610,725,697,750,750,610,725
ILSVRC2012_val_00038597.png,546,546,420,546,546,546,546,546,546,402,546,546,546,420,546,777,546,546,420,546,546,546,546,546,402,777,546,546,546,402,546,546,546,420,402,777,546,546,420,402,777
ILSVRC2012_val_00038607.png,840,840,797,840,741,840,840,840,840,591,840,840,840,840,840,797,840,840,893,840,840,840,797,840,580,840,840,797,840,750,840,840,797,840,591,797,840,840,840,741,797
ILSVRC2012_val_00038678.png,890,890,615,890,615,890,890,890,890,890,890,890,890,890,890,890,890,615,615,890,890,890,890,890,615,890,890,890,890,615,890,890,890,890,615,890,890,890,890,890,882
ILSVRC2012_val_00038705.png,177,177,205,205,205,205,177,205,205,205,205,177,205,205,205,205,177,205,151,205,205,177,205,205,205,205,177,205,223,205,205,177,205,205,205,205,177,205,205,205,205
ILSVRC2012_val_00038708.png,114,114,79,52,52,52,114,79,52,52,52,114,79,52,126,52,114,79,52,52,52,114,79,52,52,52,114,79,52,52,52,114,79,52,52,52,114,79,52,52,52
ILSVRC2012_val_00038743.png,808,808,588,750,588,808,808,588,750,588,911,808,808,750,808,911,808,588,750,588,911,808,588,750,588,911,808,588,750,588,911,808,790,750,588,911,808,721,750,750,911
ILSVRC2012_val_00038986.png,273,273,176,354,171,354,273,176,354,171,354,273,176,354,171,354,273,176,354,180,354,273,176,354,171,354,273,176,562,171,354,273,176,354,171,354,273,176,354,171,354
ILSVRC2012_val_00039085.png,276,276,382,272,178,276,276,382,349,171,276,276,272,349,176,272,276,280,349,346,272,276,382,349,858,272,276,108,349,411,272,276,280,349,172,272,276,277,349,178,272
ILSVRC2012_val_00039106.png,47,47,40,47,46,47,47,46,47,46,47,47,46,46,46,46,47,47,46,46,47,47,46,46,46,46,47,46,46,46,47,47,46,46,46,46,47,46,46,46,46
ILSVRC2012_val_00039130.png,308,308,542,308,971,308,308,310,310,794,312,308,310,310,310,541,308,310,310,310,541,308,310,310,794,312,308,542,310,794,541,308,310,310,809,306,308,310,310,987,541
ILSVRC2012_val_00039253.png,372,372,375,371,371,372,372,371,371,371,370,372,371,371,371,360,372,374,371,371,357,372,375,371,371,370,372,370,371,371,370,372,370,371,384,360,372,370,371,380,356
ILSVRC2012_val_00039290.png,584,584,551,584,584,584,584,584,584,464,584,584,584,551,464,584,584,551,464,464,551,584,551,772,464,584,584,551,584,464,464,584,584,584,464,584,584,584,584,584,910
ILSVRC2012_val_00039421.png,358,358,750,359,750,356,358,359,359,750,359,358,359,359,359,359,358,359,359,359,273,358,359,359,750,358,358,359,358,750,358,358,359,750,750,852,358,359,359,359,852
ILSVRC2012_val_00039426.png,100,100,131,100,100,100,100,100,100,63,100,100,100,100,100,100,100,100,8,100,100,100,100,100,63,100,100,100,100,63,100,100,100,100,100,100,100,100,100,100,114
ILSVRC2012_val_00039464.png,961,961,936,936,973,48,961,936,936,911,936,961,936,955,911,955,961,936,934,911,934,961,936,797,911,936,961,936,936,903,936,961,936,936,452,123,961,936,728,911,123
ILSVRC2012_val_00039490.png,783,783,473,783,783,783,783,783,783,783,783,783,783,783,783,783,783,783,794,783,783,783,783,783,411,783,783,783,783,783,783,783,783,783,783,783,783,783,783,783,641
ILSVRC2012_val_00039737.png,413,413,764,413,597,413,413,764,597,597,597,413,413,597,597,597,413,413,597,597,597,413,413,413,597,597,413,764,413,597,764,413,413,597,597,413,413,413,597,597,464
ILSVRC2012_val_00039746.png,457,457,906,457,457,457,457,457,457,838,457,457,457,457,457,457,457,457,120,457,457,457,457,457,838,457,457,457,457,838,457,457,457,457,838,457,457,457,457,76,76
ILSVRC2012_val_00039748.png,658,658,824,367,824,367,658,824,490,850,367,658,474,490,658,474,658,824,490,658,367,658,824,474,464,658,658,824,490,850,658,658,824,843,824,367,658,824,824,658,367
ILSVRC2012_val_00039815.png,824,824,465,824,411,824,824,465,911,411,824,824,824,474,411,411,824,678,911,411,411,824,796,824,411,411,824,465,824,411,824,824,824,824,411,824,824,824,824,411,411
ILSVRC2012_val_00039842.png,818,818,921,818,818,818,818,818,818,818,818,818,818,818,818,818,818,818,650,818,818,818,818,818,650,818,818,818,818,818,818,818,818,818,818,818,818,818,818,818,643
ILSVRC2012_val_00039892.png,743,743,562,743,438,743,743,743,743,794,743,743,743,624,711,454,743,743,454,454,454,743,743,743,845,743,743,743,454,898,454,743,743,624,845,743,743,743,454,743,454
ILSVRC2012_val_00039939.png,271,271,274,277,345,274,271,274,277,112,274,271,274,277,351,274,271,274,277,271,274,271,274,277,112,274,271,274,277,351,274,271,274,277,351,274,271,274,277,351,274
ILSVRC2012_val_00040016.png,877,877,412,877,877,877,877,897,877,897,877,877,877,897,877,877,877,877,492,877,877,877,877,877,717,877,877,877,877,897,877,877,877,877,632,446,877,877,877,897,446
ILSVRC2012_val_00040140.png,217,217,200,218,218,217,217,217,217,218,217,217,217,217,218,217,217,217,218,218,217,217,200,218,218,217,217,219,218,218,217,217,219,218,218,217,217,217,218,218,214
ILSVRC2012_val_00040221.png,56,56,65,56,65,56,56,65,56,65,56,56,56,56,65,56,56,56,60,65,38,56,65,56,65,56,56,65,56,65,56,56,56,56,65,56,56,56,56,65,38
ILSVRC2012_val_00040291.png,216,216,212,212,215,212,216,212,212,215,212,216,216,212,216,212,216,212,212,215,212,216,212,212,151,212,216,216,212,215,212,216,216,212,215,212,216,212,212,212,212
ILSVRC2012_val_00040345.png,864,864,627,864,864,864,864,511,468,803,864,864,864,468,803,864,864,468,468,864,864,864,717,864,803,864,864,468,468,803,864,864,468,468,803,511,864,864,468,803,511
ILSVRC2012_val_00040407.png,520,520,987,987,987,987,520,987,987,987,987,520,387,519,519,987,520,987,987,520,987,520,987,987,987,987,520,519,987,987,987,520,96,987,729,987,520,520,998,520,987
ILSVRC2012_val_00040452.png,331,331,330,330,330,331,331,330,330,330,331,331,330,331,330,331,331,330,330,330,331,331,330,330,330,331,331,330,331,330,331,331,330,330,330,331,331,330,330,330,51
ILSVRC2012_val_00040457.png,454,454,886,860,860,886,454,886,860,859,886,454,886,860,648,886,454,886,860,860,886,454,886,860,766,886,454,886,860,859,886,454,886,648,859,886,454,886,886,860,886
ILSVRC2012_val_00040494.png,720,720,714,711,108,720,720,714,109,108,767,720,720,109,109,767,720,720,767,767,767,720,714,109,108,767,720,767,767,108,767,720,720,767,767,767,720,720,109,767,767
ILSVRC2012_val_00040541.png,563,563,418,563,418,563,563,418,563,629,563,563,418,767,767,629,563,418,896,605,629,563,629,896,629,629,563,767,563,629,563,563,418,418,767,640,563,563,418,563,629
ILSVRC2012_val_00040601.png,738,738,463,738,463,738,738,738,738,696,738,738,738,738,738,738,738,738,463,738,738,738,738,738,696,738,738,738,738,463,738,738,738,738,463,738,738,738,738,738,538
ILSVRC2012_val_00040634.png,641,641,816,641,641,641,641,641,641,641,641,641,641,641,641,641,641,641,577,641,641,641,641,641,574,641,641,641,641,641,641,641,641,641,641,641,641,641,641,641,542
ILSVRC2012_val_00040798.png,391,391,394,391,394,391,391,394,391,394,391,391,394,395,394,391,391,394,395,394,109,391,394,394,394,841,391,394,395,394,391,391,394,394,394,640,391,394,395,394,981
ILSVRC2012_val_00040930.png,50,50,49,50,49,50,50,49,337,49,360,50,49,337,49,360,50,49,360,49,360,50,49,337,49,360,50,49,360,49,360,50,49,337,49,360,50,49,360,49,360
ILSVRC2012_val_00040952.png,240,240,238,240,238,238,240,238,241,238,238,240,238,241,238,238,240,238,241,238,238,240,238,241,163,238,240,238,241,238,238,240,238,240,238,238,240,238,240,238,164
ILSVRC2012_val_00040966.png,652,652,902,652,715,652,652,614,715,715,652,652,652,715,715,420,652,652,715,715,749,652,902,715,715,652,652,834,652,715,652,652,452,715,715,452,652,652,715,715,808
ILSVRC2012_val_00041010.png,944,944,944,944,944,944,944,944,944,750,944,944,944,944,944,944,944,944,506,944,944,944,944,944,750,944,944,944,944,750,944,944,944,944,750,944,944,944,944,944,67
ILSVRC2012_val_00041063.png,977,977,868,978,978,977,977,978,978,978,977,977,978,978,978,354,977,978,978,978,412,977,978,978,84,977,977,978,978,978,978,977,978,978,978,977,977,978,978,978,160
ILSVRC2012_val_00041080.png,790,790,588,790,790,790,790,790,790,588,790,790,790,790,790,790,790,588,588,588,588,790,588,588,588,790,790,588,588,588,588,790,790,588,588,588,790,790,790,790,588
ILSVRC2012_val_00041241.png,459,459,445,459,459,459,459,445,459,459,459,459,459,459,459,459,459,459,514,459,459,459,445,459,426,419,459,445,109,459,459,459,445,459,459,419,459,459,459,459,419
ILSVRC2012_val_00041354.png,483,483,698,698,698,698,483,698,698,698,698,483,698,698,698,698,483,698,698,698,698,483,698,698,708,698,483,698,698,698,698,483,698,698,698,698,483,698,698,698,698
ILSVRC2012_val_00041406.png,257,257,202,219,216,222,257,202,219,219,222,257,202,219,216,222,257,202,219,216,222,257,202,219,216,222,257,202,207,216,222,257,202,219,216,222,257,202,219,216,222
ILSVRC2012_val_00041468.png,683,683,558,683,558,683,683,558,683,558,462,683,683,623,462,462,683,902,902,558,462,683,558,683,733,683,683,558,902,733,462,683,558,558,733,462,683,558,462,558,462
ILSVRC2012_val_00041474.png,939,939,943,943,941,943,939,943,943,616,943,939,943,943,941,943,939,943,943,941,943,939,943,943,941,943,939,943,943,941,943,939,943,943,941,943,939,943,943,616,943
ILSVRC2012_val_00041483.png,530,530,531,530,531,530,530,531,530,531,530,530,530,530,530,530,530,530,732,531,530,530,531,530,531,530,530,531,530,531,530,530,531,530,531,530,530,531,530,531,692
ILSVRC2012_val_00041486.png,860,860,624,454,454,860,860,624,860,453,860,860,860,860,519,624,860,860,624,860,860,860,624,454,721,624,860,454,860,453,860,860,454,454,453,624,860,860,860,860,624
ILSVRC2012_val_00041488.png,946,946,108,946,946,946,946,946,946,309,946,946,946,946,946,946,946,946,309,946,946,946,946,946,309,946,946,946,946,309,946,946,946,946,946,946,946,946,946,946,309
ILSVRC2012_val_00041511.png,392,392,973,973,973,392,392,973,973,973,973,392,973,973,973,973,392,973,973,973,973,392,973,973,973,973,392,973,973,973,392,392,973,973,973,973,392,973,973,973,973
ILSVRC2012_val_00041545.png,879,879,655,879,868,879,879,655,879,416,879,879,879,879,879,879,879,879,770,879,879,879,655,879,868,879,879,728,879,899,879,879,879,808,868,879,879,879,879,879,478
ILSVRC2012_val_00041601.png,269,269,249,249,273,289,269,249,249,273,289,269,249,249,271,289,269,249,249,271,289,269,249,249,253,289,269,249,249,271,289,269,249,249,274,289,269,249,249,274,289
ILSVRC2012_val_00041653.png,193,193,186,184,235,193,193,186,193,235,193,193,186,193,235,219,193,186,207,235,219,193,186,193,235,219,193,186,193,235,193,193,186,207,235,219,193,186,184,235,219
ILSVRC2012_val_00041670.png,910,910,693,910,589,910,910,910,910,63,910,910,910,910,618,910,910,910,696,432,910,910,693,910,818,513,910,693,910,845,910,910,910,696,776,513,910,910,696,618,513
ILSVRC2012_val_00041756.png,368,368,377,380,372,368,368,377,380,372,368,368,380,380,368,368,368,371,380,371,368,368,377,380,794,368,368,377,380,372,368,368,380,380,371,368,368,380,380,371,371
ILSVRC2012_val_00041787.png,599,599,309,599,599,599,599,599,599,721,599,599,599,599,599,37,599,599,275,599,599,599,599,599,659,599,599,599,599,599,599,599,599,599,599,599,599,599,599,599,37
ILSVRC2012_val_00041863.png,749,749,807,807,985,749,749,807,749,985,749,749,749,813,985,749,749,749,800,749,140,749,807,749,985,749,749,807,749,985,749,749,749,749,985,749,749,749,749,749,140
ILSVRC2012_val_00041883.png,857,857,854,854,854,857,857,854,741,854,857,857,857,741,857,857,857,857,741,857,857,857,854,741,652,857,857,854,857,652,857,857,857,857,857,401,857,857,741,741,401
ILSVRC2012_val_00041900.png,968,968,600,968,783,968,968,473,968,815,464,968,968,968,815,968,968,968,647,464,464,968,535,968,815,968,968,473,968,464,968,968,606,700,473,464,968,968,968,686,464
ILSVRC2012_val_00041938.png,849,849,505,849,849,849,849,505,849,849,849,849,849,849,849,849,849,849,505,849,849,849,505,849,849,849,849,505,849,849,849,849,849,505,849,849,849,505,505,505,417
ILSVRC2012_val_00042004.png,107,107,123,107,611,107,107,107,107,815,107,107,107,107,107,107,107,107,34,107,107,107,107,107,815,107,107,107,107,107,107,107,107,107,107,107,107,107,107,107,750
ILSVRC2012_val_00042029.png,42,42,14,42,501,14,42,14,775,689,233,42,14,14,775,824,42,14,815,42,224,42,14,775,689,14,42,14,84,689,14,42,14,775,775,14,42,42,84,775,224
ILSVRC2012_val_00042034.png,657,657,744,657,657,657,657,744,744,744,657,657,657,657,744,668,657,657,437,657,917,657,744,744,514,668,657,744,744,514,657,657,657,657,744,258,657,744,744,744,257
ILSVRC2012_val_00042063.png,562,562,974,562,562,562,562,974,974,148,562,562,562,974,562,562,562,562,974,562,562,562,974,974,148,562,562,974,974,148,562,562,460,974,148,562,562,562,974,562,399
ILSVRC2012_val_00042080.png,941,941,940,940,868,940,941,940,940,959,940,941,940,940,940,940,941,940,940,940,940,941,940,940,769,940,941,940,940,940,940,941,940,940,940,940,941,940,940,940,940
ILSVRC2012_val_00042125.png,28,28,45,28,28,28,28,25,28,60,28,28,28,28,28,28,28,28,47,79,28,28,25,28,79,28,28,25,28,79,28,28,25,62,79,28,28,28,28,28,67
ILSVRC2012_val_00042134.png,57,57,52,52,52,54,57,52,52,52,54,57,52,52,52,54,57,52,52,52,54,57,52,52,52,54,57,52,52,52,52,57,52,52,52,52,57,54,52,52,54
ILSVRC2012_val_00042212.png,703,703,706,703,958,703,703,706,703,216,703,703,703,730,706,730,703,703,730,703,703,703,706,703,522,202,703,706,703,522,257,703,706,706,706,706,703,703,703,703,216
ILSVRC2012_val_00042223.png,311,311,312,311,311,311,311,311,311,39,311,311,311,311,311,39,311,311,312,311,311,311,311,311,824,311,311,311,311,311,311,311,311,311,311,311,311,311,311,311,39
ILSVRC2012_val_00042348.png,651,651,786,651,526,651,651,786,651,526,651,651,651,651,526,526,651,651,526,526,526,651,786,651,526,651,651,786,651,526,651,651,651,651,526,651,651,651,651,526,526
ILSVRC2012_val_00042429.png,432,432,558,432,683,432,432,683,432,808,432,432,432,432,432,432,432,432,84,432,432,432,432,432,619,432,432,432,432,808,432,432,432,432,808,432,432,432,683,432,617
ILSVRC2012_val_00042554.png,862,862,456,862,862,862,862,862,862,456,862,862,862,862,862,862,862,862,456,862,862,862,862,862,456,862,862,862,862,862,862,862,862,862,862,862,862,862,862,862,459
ILSVRC2012_val_00042625.png,258,258,279,270,151,270,258,279,270,151,270,258,279,270,151,270,258,279,270,259,270,258,279,270,151,270,258,279,270,151,270,258,279,270,151,270,258,279,270,259,270
ILSVRC2012_val_00042657.png,247,247,218,218,218,157,247,218,218,218,157,247,218,215,218,157,247,218,212,218,157,247,218,218,218,157,247,218,218,218,157,247,218,218,218,157,247,218,212,218,157
ILSVRC2012_val_00042659.png,279,279,260,257,260,338,279,260,203,203,338,279,260,276,260,338,279,260,276,260,338,279,260,192,260,338,279,260,186,260,338,279,260,192,260,338,279,260,203,260,338
ILSVRC2012_val_00042795.png,882,882,482,882,882,882,882,482,882,613,882,882,882,882,882,882,882,882,613,882,482,882,482,882,464,882,882,482,109,528,882,882,882,882,741,882,882,882,482,882,485
ILSVRC2012_val_00042833.png,192,192,191,186,226,202,192,182,186,226,202,192,192,186,226,202,192,186,186,226,202,192,186,186,226,202,192,186,186,226,202,192,186,186,226,202,192,192,186,226,202
ILSVRC2012_val_00042944.png,484,484,871,871,871,871,484,871,871,871,871,484,484,871,871,871,484,484,871,871,871,484,871,871,758,871,484,871,871,871,871,484,871,871,871,871,484,871,871,871,871
ILSVRC2012_val_00042981.png,335,335,298,335,335,335,335,298,335,335,335,335,298,335,335,133,335,335,138,335,335,335,298,335,987,335,335,298,335,335,335,335,298,298,335,335,335,298,335,335,879
ILSVRC2012_val_00043045.png,575,575,561,575,575,575,575,575,575,575,575,575,575,575,575,575,575,575,786,575,575,575,575,575,575,575,575,575,575,575,575,575,575,575,575,575,575,575,575,575,621
ILSVRC2012_val_00043070.png,604,604,604,604,604,604,604,604,604,604,604,604,604,604,604,604,604,604,750,604,604,604,604,604,549,604,604,604,604,604,604,604,604,604,604,604,604,604,604,604,523
ILSVRC2012_val_00043108.png,146,146,146,146,146,146,146,146,146,144,146,146,146,132,146,146,146,146,132,146,146,146,146,146,144,146,146,146,146,144,146,146,146,146,144,146,146,146,132,146,769
ILSVRC2012_val_00043123.png,990,990,956,956,956,990,990,956,956,956,949,990,956,956,956,949,990,956,956,956,949,990,956,956,945,949,990,956,956,956,949,990,956,956,956,949,990,956,956,956,949
ILSVRC2012_val_00043157.png,188,188,219,188,189,188,188,219,189,189,216,188,188,189,189,216,188,188,189,189,216,188,219,189,189,216,188,219,189,189,216,188,219,189,189,216,188,188,189,189,216
ILSVRC2012_val_00043161.png,612,612,870,612,612,612,612,612,612,612,612,612,612,612,612,612,612,612,877,612,612,612,612,612,411,612,612,612,612,612,612,612,612,612,612,612,612,612,612,612,523
ILSVRC2012_val_00043231.png,150,150,731,150,971,178,150,731,150,642,296,150,731,150,731,222,150,731,641,722,195,150,731,150,722,171,150,731,150,641,150,150,731,747,764,178,150,731,150,105,195
ILSVRC2012_val_00043254.png,280,280,278,335,278,280,280,278,335,278,280,280,278,335,278,335,280,278,335,278,335,280,278,335,278,280,280,278,335,278,280,280,278,335,278,335,280,278,335,280,335
ILSVRC2012_val_00043286.png,762,762,691,762,532,762,762,762,762,209,762,762,762,762,762,762,762,762,879,624,624,762,762,762,178,762,762,762,762,526,109,762,762,762,406,526,762,762,762,762,526
ILSVRC2012_val_00043335.png,526,526,664,526,782,526,526,526,526,782,526,526,526,526,526,526,526,526,624,526,526,526,782,526,782,526,526,526,526,782,526,526,526,526,782,526,526,526,526,782,681
ILSVRC2012_val_00043394.png,907,907,438,907,711,907,907,737,737,438,907,907,907,711,711,907,907,907,737,438,696,907,438,737,438,696,907,438,737,438,907,907,907,737,438,907,907,907,737,711,792
ILSVRC2012_val_00043442.png,227,227,241,240,241,241,227,241,240,241,241,227,227,240,241,241,227,240,240,240,241,227,241,240,241,241,227,241,240,241,241,227,241,240,241,241,227,227,240,241,238
ILSVRC2012_val_00043469.png,590,590,999,590,487,590,590,591,590,487,761,590,590,590,487,761,590,590,688,590,761,590,591,761,487,761,590,590,590,487,761,590,590,688,487,761,590,590,688,487,761
ILSVRC2012_val_00043504.png,34,34,33,34,34,34,34,34,34,750,34,34,34,34,34,256,34,34,669,34,256,34,34,34,60,34,34,34,34,223,34,34,34,34,223,741,34,34,34,34,256
ILSVRC2012_val_00043578.png,46,46,59,46,40,55,46,59,46,40,64,46,46,55,40,64,46,59,55,40,55,46,59,46,640,64,46,59,55,40,64,46,59,55,40,64,46,40,55,40,64
ILSVRC2012_val_00043583.png,187,187,193,193,175,193,187,193,193,193,193,187,193,193,193,193,187,193,193,189,193,187,193,193,355,193,187,193,193,193,193,187,193,193,193,193,187,193,193,193,193
ILSVRC2012_val_00043637.png,835,835,635,835,857,835,835,835,835,857,835,835,835,835,835,500,835,835,500,835,500,835,835,835,857,835,835,835,835,857,835,835,835,835,835,500,835,835,835,835,500
ILSVRC2012_val_00043739.png,836,836,785,836,837,837,836,785,837,622,837,836,837,837,622,622,836,837,837,837,622,836,785,837,622,622,836,785,837,622,837,836,785,837,622,622,836,837,837,622,622
ILSVRC2012_val_00043753.png,635,635,823,635,635,635,635,635,635,464,635,635,635,635,635,635,635,635,729,635,635,635,635,635,464,635,635,635,635,635,635,635,635,635,635,635,635,635,635,635,551
ILSVRC2012_val_00043862.png,884,884,497,884,884,884,884,884,884,498,884,884,884,884,884,884,884,884,615,884,884,884,884,884,442,884,884,406,884,498,884,884,884,884,884,884,884,884,884,884,627
ILSVRC2012_val_00043893.png,337,337,360,337,337,337,337,360,360,337,337,337,337,360,337,337,337,337,360,337,337,337,360,360,741,337,337,360,360,337,337,337,360,360,337,360,337,337,360,337,360
ILSVRC2012_val_00044018.png,718,718,821,718,525,718,718,718,718,868,718,718,718,449,525,425,718,718,821,718,449,718,821,718,750,449,718,718,718,525,718,718,718,718,525,425,718,718,718,718,425
ILSVRC2012_val_00044044.png,362,362,370,387,151,250,362,370,250,250,250,362,370,250,359,250,362,370,794,250,250,362,370,250,918,250,362,370,248,249,250,362,370,248,151,250,362,370,250,250,250
ILSVRC2012_val_00044214.png,713,713,673,713,713,713,713,713,636,742,713,713,713,859,742,859,713,713,893,713,713,713,899,636,742,713,713,713,713,742,713,713,713,109,742,713,713,713,893,742,859
ILSVRC2012_val_00044221.png,568,568,655,655,655,655,568,655,655,655,514,568,655,514,514,514,568,568,640,655,514,568,655,655,655,655,568,655,568,655,514,568,655,640,655,655,568,655,655,655,514
ILSVRC2012_val_00044226.png,692,692,415,692,692,692,692,692,692,509,692,692,692,692,692,692,692,692,387,692,692,692,582,692,509,692,692,692,692,509,692,692,692,692,509,692,692,692,692,692,643
ILSVRC2012_val_00044289.png,984,984,998,984,984,984,984,984,984,922,984,984,984,984,984,984,984,984,856,984,984,984,984,984,922,984,984,984,984,922,984,984,984,984,984,984,984,984,984,984,417
ILSVRC2012_val_00044351.png,415,415,766,415,509,415,415,766,415,509,415,415,415,415,509,454,415,766,762,509,624,415,766,415,808,415,415,766,415,582,415,415,415,415,509,454,415,415,415,509,454
ILSVRC2012_val_00044407.png,316,316,302,316,614,316,316,316,316,476,316,316,316,316,316,316,316,316,406,316,316,316,316,316,614,316,316,316,316,741,316,316,316,316,741,316,316,316,316,316,835
ILSVRC2012_val_00044416.png,521,521,712,712,712,712,521,712,551,712,712,521,712,659,969,712,521,712,631,712,712,521,712,551,712,712,521,712,551,712,712,521,712,551,712,712,521,712,712,712,712
ILSVRC2012_val_00044434.png,585,585,907,907,440,585,585,585,440,440,585,585,585,907,440,440,585,585,737,440,585,585,907,907,440,585,585,585,585,440,585,585,907,907,440,796,585,585,631,440,796
ILSVRC2012_val_00044529.png,170,170,748,180,660,436,170,201,178,660,436,170,468,178,436,656,170,203,178,817,640,170,656,178,754,282,170,193,178,468,212,170,436,436,717,282,170,177,178,660,851
ILSVRC2012_val_00044616.png,522,522,429,522,574,522,522,429,522,574,522,522,522,522,574,522,522,522,99,522,522,522,522,522,574,522,522,522,522,574,522,522,522,522,574,381,522,522,522,574,589
ILSVRC2012_val_00044803.png,644,644,767,767,109,696,644,767,644,397,696,644,767,797,748,696,644,644,750,65,696,644,767,696,6,696,644,644,644,109,644,644,644,696,5,696,644,767,696,116,696
ILSVRC2012_val_00044813.png,801,801,983,801,983,801,801,983,983,983,801,801,983,983,983,983,801,801,983,983,983,801,983,983,983,801,801,801,983,983,801,801,801,983,983,983,801,801,983,983,983
ILSVRC2012_val_00044826.png,529,529,842,529,842,529,529,842,929,462,929,529,842,840,731,840,529,842,929,840,929,529,842,929,840,842,529,731,842,840,731,529,842,929,462,842,529,842,929,840,902
ILSVRC2012_val_00044884.png,87,87,128,87,128,128,87,128,136,749,136,87,87,87,87,136,87,87,18,128,136,87,128,18,749,96,87,84,136,19,136,87,128,18,18,136,87,87,136,87,136
ILSVRC2012_val_00044936.png,574,574,574,574,574,574,574,574,574,879,574,574,574,968,700,452,574,574,968,574,572,574,574,574,721,968,574,574,574,721,574,574,574,968,574,928,574,574,968,968,452
ILSVRC2012_val_00045004.png,908,908,815,908,904,908,908,815,908,794,908,908,904,315,794,851,908,908,854,908,908,908,794,794,794,908,908,908,908,405,908,908,908,315,405,908,908,908,315,908,851
ILSVRC2012_val_00045005.png,235,235,264,263,151,151,235,263,263,263,151,235,263,263,263,151,235,263,263,263,151,235,263,263,338,151,235,263,263,263,151,235,263,263,263,151,235,263,263,263,151
ILSVRC2012_val_00045076.png,755,755,807,755,755,755,755,755,755,755,755,755,755,755,755,755,755,755,807,755,755,755,755,755,581,755,755,755,755,755,755,755,755,755,755,755,755,755,755,755,565
ILSVRC2012_val_00045117.png,878,878,440,878,878,878,878,878,878,878,878,878,878,878,878,878,878,878,767,878,878,878,878,878,411,878,878,878,878,878,878,878,878,878,878,878,878,878,878,878,783
ILSVRC2012_val_00045127.png,364,364,377,382,370,47,364,377,382,370,47,364,377,382,381,47,364,377,382,382,47,364,377,382,370,47,364,377,382,370,380,364,377,380,370,47,364,377,382,380,47
ILSVRC2012_val_00045167.png,650,650,865,650,650,650,650,643,650,819,650,650,650,650,650,633,650,650,772,650,650,650,650,650,819,650,650,650,650,819,650,650,650,772,819,633,650,650,650,650,633
ILSVRC2012_val_00045196.png,777,777,456,777,777,777,777,456,777,748,777,777,456,777,777,777,777,456,744,758,777,777,456,777,477,777,777,456,777,477,777,777,758,758,477,777,777,456,758,456,744
ILSVRC2012_val_00045214.png,602,602,899,602,602,602,602,602,602,602,602,602,602,602,602,602,602,602,702,602,602,602,602,602,456,602,602,602,602,602,602,602,602,602,602,602,602,602,602,602,693
ILSVRC2012_val_00045255.png,776,776,490,776,513,776,776,490,776,513,776,776,490,101,558,776,776,490,819,875,577,776,490,776,631,776,776,490,776,513,776,776,461,776,513,577,776,490,432,513,577
ILSVRC2012_val_00045276.png,403,403,536,536,536,403,403,536,536,536,536,403,536,536,536,536,403,536,536,536,536,403,536,536,536,536,403,536,536,536,536,403,536,536,536,536,403,536,536,536,536
ILSVRC2012_val_00045304.png,365,365,379,368,368,365,365,379,368,368,368,365,365,368,368,379,365,365,368,368,365,365,379,368,368,365,365,379,368,368,365,365,365,368,368,368,365,379,368,368,784
ILSVRC2012_val_00045335.png,106,106,269,269,269,106,106,269,280,269,279,106,269,269,269,279,106,269,280,269,279,106,269,280,99,279,106,269,279,269,106,106,269,279,269,279,106,269,280,269,279
ILSVRC2012_val_00045469.png,166,166,156,162,273,162,166,156,338,167,162,166,215,162,176,162,166,156,338,167,162,166,156,338,917,162,166,156,338,167,162,166,156,338,167,162,166,156,338,162,162
ILSVRC2012_val_00045503.png,86,86,82,82,82,86,86,86,86,82,86,86,86,86,86,86,86,86,23,86,86,86,86,86,82,86,86,86,86,82,794,86,86,86,82,86,86,86,86,86,62
ILSVRC2012_val_00045512.png,117,117,112,117,117,117,117,112,117,113,117,117,117,117,117,117,117,117,619,117,117,117,112,117,113,117,117,112,506,113,643,117,112,506,506,562,117,113,117,113,562
ILSVRC2012_val_00045572.png,724,724,510,536,694,724,724,510,724,109,724,724,724,536,975,540,724,536,536,975,540,724,510,536,646,540,724,554,536,694,724,724,625,536,694,540,724,510,554,694,540
ILSVRC2012_val_00045686.png,418,418,499,418,499,418,418,499,473,589,777,418,623,650,473,777,418,611,650,650,499,418,499,473,797,777,418,795,418,752,499,418,623,473,640,109,418,395,292,456,499
ILSVRC2012_val_00045693.png,771,771,507,771,868,771,771,868,771,868,868,771,771,771,868,868,771,771,613,613,771,771,868,778,868,868,771,662,771,868,771,771,896,109,868,868,771,771,507,868,868
ILSVRC2012_val_00045840.png,915,915,887,915,399,915,915,887,915,399,915,915,915,915,915,796,915,915,399,915,84,915,887,915,399,915,915,887,915,399,915,915,915,915,399,915,915,915,915,399,558
ILSVRC2012_val_00045926.png,122,122,118,124,124,122,122,124,124,124,122,122,122,124,124,809,122,122,709,122,122,122,124,122,124,122,122,122,122,124,122,122,124,748,124,809,122,122,122,122,809
ILSVRC2012_val_00045934.png,531,531,530,531,859,487,531,531,531,651,487,531,531,531,800,487,531,531,620,487,487,531,800,651,651,487,531,530,487,651,487,531,531,530,480,487,531,531,785,531,487
ILSVRC2012_val_00045956.png,265,265,163,186,207,186,265,207,186,219,186,265,207,186,219,186,265,207,186,219,186,265,207,186,220,186,265,207,186,207,186,265,207,186,207,186,265,207,186,213,186
ILSVRC2012_val_00046028.png,952,952,923,952,952,952,952,923,952,515,952,952,952,952,952,952,952,952,828,952,952,952,952,952,411,952,952,952,952,411,952,952,952,868,868,891,952,952,952,952,891
ILSVRC2012_val_00046083.png,310,310,308,308,304,308,310,308,308,304,308,310,308,308,304,308,310,308,308,304,308,310,308,308,109,308,310,308,308,411,308,310,308,308,304,308,310,308,308,304,308
ILSVRC2012_val_00046149.png,36,36,37,62,62,36,36,37,60,62,36,36,37,61,62,36,36,37,62,62,794,36,37,62,62,36,36,37,60,62,36,36,37,62,62,36,36,37,62,62,237
ILSVRC2012_val_00046160.png,846,846,464,846,619,846,846,464,846,619,846,846,846,846,846,711,846,619,619,619,711,846,464,846,619,711,846,464,619,619,846,846,777,846,619,711,846,619,619,619,711
ILSVRC2012_val_00046176.png,741,741,750,741,411,741,741,750,824,411,824,741,741,411,411,411,741,741,411,411,411,741,411,411,411,411,741,750,411,411,411,741,741,741,824,741,741,741,741,411,411
ILSVRC2012_val_00046225.png,676,676,235,235,676,676,676,676,676,676,676,676,676,235,676,676,676,676,235,676,676,676,676,676,600,676,676,676,676,676,676,676,676,235,676,110,676,676,235,676,823
ILSVRC2012_val_00046328.png,544,544,469,544,883,544,544,469,544,756,544,544,544,861,544,506,544,544,876,544,544,544,469,544,756,544,544,469,84,898,544,544,469,567,756,109,544,469,756,469,899
ILSVRC2012_val_00046387.png,472,472,572,472,870,472,472,472,472,870,472,472,472,472,472,472,472,472,693,472,472,472,472,472,258,472,472,472,472,258,472,472,472,472,870,472,472,472,472,472,870
ILSVRC2012_val_00046492.png,548,548,729,848,766,766,548,729,482,859,766,548,811,482,482,766,548,509,482,859,766,548,729,482,859,766,548,729,592,766,766,548,526,482,766,766,548,859,482,859,766
ILSVRC2012_val_00046683.png,223,223,160,224,224,224,223,160,224,630,630,223,160,224,630,630,223,224,224,285,630,223,160,224,630,630,223,160,224,630,630,223,160,224,630,630,223,224,224,630,630
ILSVRC2012_val_00046721.png,807,807,508,807,624,807,807,807,807,922,807,807,807,807,398,807,807,807,466,807,807,807,508,807,922,807,807,681,807,737,807,807,807,807,582,620,807,807,781,807,620
ILSVRC2012_val_00046829.png,108,108,953,115,643,953,108,953,115,953,953,108,953,115,904,953,108,953,115,953,953,108,953,115,953,953,108,953,115,953,953,108,953,115,953,953,108,953,115,953,953
ILSVRC2012_val_00046903.png,97,97,86,97,97,97,97,86,99,99,97,97,97,97,97,97,97,97,99,99,97,97,86,97,99,86,97,86,97,99,97,97,86,99,99,86,97,97,99,99,86
ILSVRC2012_val_00046983.png,406,406,887,406,887,406,406,887,406,887,406,406,887,406,887,406,406,887,687,887,687,406,887,687,887,687,406,887,406,887,406,406,406,406,887,687,406,887,406,887,687
ILSVRC2012_val_00047004.png,160,160,198,219,196,199,160,196,219,219,199,160,199,219,219,199,160,233,219,219,196,160,196,219,196,196,160,196,219,219,196,160,199,219,219,199,160,233,219,219,192
ILSVRC2012_val_00047055.png,577,577,494,577,577,577,577,577,577,577,748,577,577,936,577,748,577,577,928,577,748,577,577,577,842,748,577,577,84,842,748,577,577,577,577,748,577,577,577,577,748
ILSVRC2012_val_00047194.png,72,72,125,72,74,72,72,74,72,815,72,72,72,74,74,309,72,74,74,74,74,72,74,74,815,72,72,74,72,815,72,72,72,72,74,72,72,74,74,74,309
ILSVRC2012_val_00047267.png,334,334,361,334,334,334,334,361,357,357,357,334,334,357,357,357,334,334,356,357,357,334,361,357,357,357,334,358,357,357,357,334,361,357,357,357,334,362,357,357,357
ILSVRC2012_val_00047286.png,742,742,713,713,713,760,742,713,713,713,109,742,713,549,713,109,742,713,109,713,713,742,446,478,713,519,742,713,713,713,109,742,713,713,549,660,742,713,713,713,675
ILSVRC2012_val_00047453.png,508,508,844,508,508,508,508,507,810,878,508,508,508,508,810,508,508,508,904,878,810,508,844,530,810,781,508,844,810,878,810,508,508,810,810,508,508,508,508,508,781
ILSVRC2012_val_00047567.png,951,951,828,572,828,951,951,828,572,828,711,951,711,113,577,113,951,968,966,968,113,951,828,712,828,947,951,828,572,855,113,951,737,828,773,113,951,572,572,923,113
ILSVRC2012_val_00047587.png,88,88,87,88,90,88,88,88,88,88,88,88,88,88,88,88,88,88,130,88,88,88,88,88,90,88,88,88,88,88,88,88,88,88,90,88,88,88,88,88,38
ILSVRC2012_val_00047596.png,920,920,919,920,867,920,920,920,920,867,920,920,920,920,920,920,920,920,794,920,920,920,920,794,867,920,920,920,794,794,920,920,920,920,867,920,920,920,920,920,718
ILSVRC2012_val_00047639.png,883,883,238,883,725,883,883,234,883,725,601,883,883,643,883,601,883,883,406,741,689,883,883,883,636,883,883,254,883,725,883,883,448,883,594,601,883,883,907,907,689
ILSVRC2012_val_00047655.png,972,972,500,649,741,972,972,500,109,775,649,972,85,649,885,291,972,972,649,958,291,972,972,649,411,291,972,972,649,414,291,972,500,649,741,291,972,972,24,958,291
ILSVRC2012_val_00047734.png,573,573,751,573,751,573,573,751,573,751,573,573,573,621,573,573,573,573,621,573,573,573,751,621,817,573,573,751,573,817,573,573,751,621,751,751,573,573,621,751,817
ILSVRC2012_val_00047790.png,476,476,752,476,476,476,476,476,476,800,476,476,476,800,800,699,476,476,699,476,476,476,476,476,542,476,476,558,558,800,476,476,476,476,558,699,476,476,699,476,699
ILSVRC2012_val_00047802.png,446,446,893,893,893,446,446,893,893,893,446,446,893,893,434,893,446,893,893,608,446,446,893,893,911,637,446,893,893,893,446,446,893,893,434,893,446,893,893,893,637
ILSVRC2012_val_00047824.png,567,567,909,567,971,567,567,909,567,538,567,567,567,861,431,567,567,567,950,567,567,567,909,950,538,722,567,909,521,521,950,567,909,521,521,521,567,909,722,469,722
ILSVRC2012_val_00047861.png,827,827,849,827,849,827,827,849,637,849,849,827,771,827,849,849,827,827,637,827,849,827,849,827,468,827,827,849,771,849,827,827,827,637,849,849,827,771,771,827,849
ILSVRC2012_val_00047960.png,845,845,862,845,845,845,845,862,862,862,845,845,845,862,845,845,845,862,862,845,862,845,845,845,585,845,845,862,862,585,845,845,845,862,862,862,845,845,862,845,456
ILSVRC2012_val_00047991.png,195,195,245,195,195,195,195,245,180,180,180,195,195,180,180,232,195,195,180,180,232,195,245,180,545,232,195,245,195,232,232,195,245,180,180,232,195,195,180,195,231
ILSVRC2012_val_00048004.png,451,451,679,451,792,451,451,679,451,837,451,451,451,459,807,451,451,451,414,451,451,451,679,451,837,451,451,451,451,836,451,451,451,451,774,451,451,451,451,451,414
ILSVRC2012_val_00048102.png,181,181,154,216,267,219,181,160,169,180,169,181,204,154,216,169,181,204,203,267,151,181,219,203,588,212,181,204,203,267,169,181,257,203,267,151,181,153,203,267,151
ILSVRC2012_val_00048123.png,152,152,154,155,155,155,152,154,155,155,155,152,154,155,188,155,152,154,155,155,155,152,154,154,161,155,152,154,155,155,155,152,154,155,155,155,152,154,155,154,155
ILSVRC2012_val_00048130.png,731,731,738,618,828,731,731,738,618,868,427,731,731,618,828,828,731,731,910,731,731,731,738,618,828,427,731,738,618,828,868,731,731,910,809,427,731,731,910,731,427
ILSVRC2012_val_00048242.png,8,8,83,7,8,8,8,83,7,86,86,8,8,7,86,86,8,8,917,8,86,8,82,7,86,86,8,83,7,86,86,8,8,7,86,86,8,8,7,86,86
ILSVRC2012_val_00048249.png,429,429,981,429,981,429,429,981,429,981,429,429,429,429,981,981,429,429,752,429,429,429,429,429,981,429,429,981,429,981,981,429,981,429,981,429,429,429,429,429,806
ILSVRC2012_val_00048322.png,572,572,708,572,572,572,572,572,619,619,572,572,572,846,619,572,572,572,750,572,572,572,572,750,650,572,572,572,650,619,572,572,572,750,619,572,572,572,572,572,846
ILSVRC2012_val_00048332.png,666,666,532,666,256,666,666,896,666,794,666,666,666,700,160,666,666,666,999,666,666,666,750,666,160,666,666,224,809,794,666,666,809,700,794,750,666,666,750,666,750
ILSVRC2012_val_00048336.png,765,765,559,765,830,765,765,765,765,745,765,765,765,765,613,791,765,765,640,745,707,765,559,877,632,765,765,765,877,632,765,765,765,877,745,662,765,765,765,765,707
ILSVRC2012_val_00048350.png,688,688,688,688,688,688,688,688,688,688,688,688,688,688,688,688,688,688,367,688,688,688,688,688,549,688,688,688,688,688,688,688,688,688,688,688,688,688,688,688,551
ILSVRC2012_val_00048404.png,829,829,874,874,874,874,829,874,874,874,874,829,874,874,874,874,829,829,874,874,874,829,874,874,874,874,829,874,874,874,874,829,874,874,874,874,829,874,874,874,874
ILSVRC2012_val_00048409.png,591,591,443,443,735,591,591,443,443,735,591,591,735,443,735,109,591,735,443,735,591,591,443,443,735,591,591,443,443,735,591,591,443,443,735,795,591,443,443,735,795
ILSVRC2012_val_00048433.png,394,394,758,395,395,394,394,395,801,121,394,394,395,395,121,394,394,394,801,394,394,394,395,395,121,394,394,395,394,121,394,394,395,4,395,395,394,395,395,395,837
ILSVRC2012_val_00048467.png,39,39,48,378,49,377,39,48,377,49,382,39,50,377,49,382,39,39,382,49,382,39,50,377,49,382,39,48,382,49,382,39,48,382,49,382,39,39,382,49,382
ILSVRC2012_val_00048503.png,887,887,902,887,887,887,887,808,887,887,887,887,887,887,887,887,887,887,917,887,887,887,772,887,778,887,887,641,887,887,887,887,887,887,887,887,887,887,808,887,808
ILSVRC2012_val_00048620.png,620,620,681,620,782,620,620,620,620,782,620,620,620,620,620,620,620,620,681,620,620,620,620,620,782,620,620,620,620,580,620,620,620,681,620,620,620,620,620,620,713
ILSVRC2012_val_00048624.png,728,728,700,443,692,787,728,434,692,692,787,728,700,692,692,787,728,700,692,692,455,728,434,868,692,787,728,692,455,692,109,728,700,692,692,610,728,700,692,692,787
ILSVRC2012_val_00048681.png,517,517,839,517,517,517,517,718,517,489,517,517,517,517,517,517,517,517,718,517,517,517,718,517,489,517,517,718,718,489,718,517,517,718,668,718,517,718,517,517,718
ILSVRC2012_val_00048698.png,661,661,856,661,856,661,661,856,661,856,856,661,661,661,856,856,661,661,856,856,661,661,856,856,856,856,661,856,661,856,856,661,856,661,856,856,661,661,856,856,856
ILSVRC2012_val_00048727.png,136,136,128,136,136,136,136,136,136,143,136,136,136,136,136,136,136,136,143,136,136,136,128,136,143,136,136,136,136,143,136,136,136,136,136,136,136,136,136,136,143
ILSVRC2012_val_00048802.png,142,142,140,142,700,142,142,140,142,794,142,142,142,142,749,142,142,142,913,133,142,142,140,142,794,142,142,140,142,794,142,142,140,142,133,133,142,142,142,133,133
ILSVRC2012_val_00048880.png,992,992,996,992,992,992,992,992,992,992,992,992,992,992,992,992,992,992,996,992,992,992,992,992,947,992,992,992,992,992,992,992,992,992,992,992,992,992,992,992,108
ILSVRC2012_val_00048941.png,792,792,840,792,840,792,792,840,830,638,462,792,462,792,462,462,792,792,830,792,638,792,840,830,638,795,792,840,792,638,792,792,840,796,461,796,792,840,879,792,638
ILSVRC2012_val_00048948.png,225,225,255,246,255,163,225,255,160,255,246,225,255,160,255,243,225,255,212,255,243,225,255,160,255,243,225,255,160,255,246,225,255,160,255,243,225,255,160,255,243
ILSVRC2012_val_00048961.png,595,595,856,595,621,595,595,595,595,621,595,595,595,609,595,751,595,595,408,621,595,595,595,408,794,595,595,595,408,575,595,595,595,621,575,595,595,595,595,595,751
ILSVRC2012_val_00049013.png,761,761,848,761,761,761,761,632,761,761,761,761,761,761,761,761,761,761,700,761,761,761,848,761,482,761,761,754,761,761,761,761,761,761,761,761,761,761,761,761,848
ILSVRC2012_val_00049041.png,320,320,319,319,319,320,320,320,320,319,320,320,320,320,320,320,320,320,319,320,320,320,319,320,319,320,320,320,320,319,320,320,320,320,319,320,320,320,320,320,59
ILSVRC2012_val_00049044.png,268,268,246,268,214,268,268,246,227,197,227,268,246,177,197,177,268,268,241,197,173,268,246,227,214,173,268,246,177,214,173,268,246,177,197,177,268,246,177,197,208
ILSVRC2012_val_00049047.png,955,955,328,955,109,955,955,955,955,109,955,955,955,955,955,955,955,955,109,955,955,955,955,955,109,955,955,955,955,109,955,955,955,955,955,955,955,955,955,955,55
ILSVRC2012_val_00049050.png,423,423,424,423,424,423,423,424,423,509,423,423,423,423,423,423,423,423,424,424,423,423,423,423,509,423,423,424,424,509,423,423,423,423,509,865,423,424,424,424,509
ILSVRC2012_val_00049060.png,490,490,524,490,490,490,490,490,490,735,490,490,490,490,490,490,490,490,393,490,490,490,490,490,922,490,490,490,490,735,490,490,490,490,490,490,490,490,490,490,794
ILSVRC2012_val_00049082.png,339,339,350,351,274,339,339,350,351,109,339,339,339,351,339,353,339,339,351,339,353,339,339,351,109,339,339,225,351,109,352,339,339,351,341,339,339,339,351,354,352
ILSVRC2012_val_00049108.png,797,797,414,797,746,797,797,414,678,746,797,797,414,678,678,678,797,797,678,748,678,797,414,678,746,797,797,414,678,746,797,797,797,678,746,797,797,414,746,746,746
ILSVRC2012_val_00049114.png,876,876,897,876,435,876,876,897,435,435,876,876,897,876,435,539,876,435,435,435,539,876,897,876,589,876,876,897,876,435,876,876,897,435,435,539,876,897,435,435,539
ILSVRC2012_val_00049158.png,774,774,655,655,542,806,774,806,774,714,596,774,774,777,558,462,774,774,524,462,774,774,806,777,714,596,774,774,774,462,774,774,806,777,542,641,774,774,461,462,641
ILSVRC2012_val_00049171.png,803,803,425,425,425,425,803,425,425,425,425,803,803,425,425,425,803,803,425,803,425,803,425,425,425,425,803,425,425,425,803,803,425,425,425,425,803,425,425,425,425
ILSVRC2012_val_00049188.png,512,512,828,512,473,512,512,828,528,507,749,512,794,84,507,749,512,794,485,473,749,512,794,482,545,749,512,818,512,754,749,512,512,528,473,749,512,794,623,473,749
ILSVRC2012_val_00049248.png,507,507,685,507,507,507,507,507,507,685,507,507,507,507,581,685,507,507,826,685,685,507,685,826,685,685,507,507,507,685,507,507,507,507,685,507,507,507,507,685,685
ILSVRC2012_val_00049259.png,305,305,306,102,646,305,305,306,102,130,86,305,305,102,298,305,305,305,102,86,86,305,305,102,130,86,305,305,102,130,86,305,305,102,86,86,305,305,102,86,86
ILSVRC2012_val_00049307.png,582,582,942,582,956,956,582,942,582,956,956,582,582,936,956,956,582,582,911,956,956,582,942,582,956,956,582,942,582,956,956,582,582,582,956,956,582,582,936,956,956
ILSVRC2012_val_00049397.png,253,253,171,238,263,273,253,171,253,263,253,253,253,151,263,208,253,171,345,263,208,253,171,253,263,273,253,171,273,263,273,253,171,345,263,208,253,171,238,263,208
ILSVRC2012_val_00049418.png,323,323,323,323,323,323,323,323,323,323,323,323,323,323,323,323,323,323,234,323,323,323,323,323,323,323,323,323,323,323,323,323,323,323,323,323,323,323,323,323,92
ILSVRC2012_val_00049421.png,158,158,164,151,164,164,158,164,164,212,164,158,237,151,227,164,158,164,212,164,164,158,164,212,212,164,158,164,212,212,164,158,164,212,212,164,158,164,164,164,164
ILSVRC2012_val_00049426.png,299,299,298,299,138,299,299,298,138,298,138,299,299,138,298,138,299,299,138,299,138,299,299,138,84,138,299,298,138,84,138,299,299,138,370,138,299,299,138,138,138
ILSVRC2012_val_00049438.png,410,410,709,410,634,410,410,570,634,634,410,410,570,634,634,850,410,410,634,634,588,410,599,410,634,410,410,620,410,850,410,410,415,634,634,491,410,410,634,634,606
ILSVRC2012_val_00049459.png,788,788,726,788,788,788,788,788,788,827,788,788,788,788,788,788,788,788,779,788,788,788,788,788,827,726,788,788,788,827,788,788,788,788,860,726,788,788,788,788,726
ILSVRC2012_val_00049461.png,109,109,5,6,6,6,109,5,6,6,6,109,5,6,65,6,109,5,6,6,6,109,5,6,6,6,109,5,6,6,6,109,5,6,6,6,109,5,6,6,6
ILSVRC2012_val_00049477.png,291,291,289,289,293,289,291,289,289,293,289,291,289,289,293,289,291,289,289,293,289,291,289,289,293,289,291,289,289,293,289,291,289,289,293,289,291,289,289,293,289
ILSVRC2012_val_00049494.png,479,479,751,479,479,479,479,479,479,849,479,479,479,479,479,479,479,479,750,479,479,479,479,479,828,479,479,479,479,84,479,479,479,479,479,479,479,479,479,479,650
ILSVRC2012_val_00049539.png,838,838,855,838,838,838,838,631,838,692,700,838,838,838,529,529,838,631,631,529,538,838,529,838,868,700,838,529,838,692,838,838,529,631,692,700,838,529,631,529,999
ILSVRC2012_val_00049553.png,96,96,93,96,96,96,96,96,96,96,96,96,96,96,96,96,96,96,93,96,96,96,96,96,815,96,96,96,96,96,96,96,96,96,96,96,96,96,96,96,396
ILSVRC2012_val_00049642.png,218,218,268,161,215,215,218,218,161,215,215,218,218,161,215,215,218,218,161,215,215,218,218,161,151,215,218,213,161,215,215,218,218,161,215,215,218,218,161,215,215
ILSVRC2012_val_00049675.png,817,817,511,817,511,817,817,511,817,511,817,817,817,468,468,468,817,817,436,817,436,817,511,817,511,817,817,511,817,511,817,817,511,817,817,468,817,817,468,817,468
ILSVRC2012_val_00049782.png,37,37,35,37,35,37,37,35,35,35,35,37,35,37,35,35,37,35,35,35,35,37,35,35,641,37,37,35,35,35,35,37,35,35,35,35,37,35,35,35,35
ILSVRC2012_val_00049800.png,154,154,267,154,226,154,154,228,154,226,154,154,228,226,226,226,154,154,226,226,256,154,228,154,226,154,154,267,154,226,154,154,267,226,226,226,154,267,154,226,256
ILSVRC2012_val_00049830.png,342,342,341,342,287,272,342,342,342,287,270,342,342,342,287,269,342,342,341,287,270,342,342,342,287,270,342,342,342,287,272,342,342,342,289,270,342,342,342,287,270
ILSVRC2012_val_00049870.png,858,858,807,858,858,858,858,858,634,472,858,858,634,634,427,434,858,634,634,472,434,858,858,634,536,434,858,634,634,861,434,858,858,634,472,434,858,634,634,910,434
