resnet50_CE_100
Hyper-parameters: {'source_model': 'resnet50', 'batch_size': 50, 'max_iterations': 400, 'loss_function': 'CE', 'targeted': False, 'm1': 1, 'm2': 1, 'strength': 0, 'adv_perturbation': True, 'adv_loss_function': 'CE', 'adv_epsilon': 0.06274509803921569, 'adv_steps': 8, 'transpoint': 100, 'seed': 9018, 'MI': False, 'DI': False, 'TI': False, 'SI': False, 'random_start': False, 'save': True, 'device': 0, 'adv_alpha': 0.00784313725490196, 'adv_targeted': 1, 'file_path': '/targeted_attack/adv_example/resnet50_CE_100'}

device: cuda
setting up the source and target models
loaded the images
##################################################
starting :1 batch
[[18.  0.  0.  0.  0.  0.  0.  0.  0.  0.  0.  0.  0.  0.  0.  0.  0.  0.
   0.  0.  0.  0.  0.  0.  0.  0.  0.  0.  0.  0.  0.  0.  0.  0.  0.  0.
   0.  0.  0.  0.]
 [50.  0.  0.  0.  0.  0.  0.  0.  0.  0.  0.  0.  0.  0.  0.  0.  0.  0.
   0.  0.  0.  0.  0.  0.  0.  0.  0.  0.  0.  0.  0.  0.  0.  0.  0.  0.
   0.  0.  0.  0.]
 [33.  0.  0.  0.  0.  0.  0.  0.  0.  0.  0.  0.  0.  0.  0.  0.  0.  0.
   0.  0.  0.  0.  0.  0.  0.  0.  0.  0.  0.  0.  0.  0.  0.  0.  0.  0.
   0.  0.  0.  0.]
 [40.  0.  0.  0.  0.  0.  0.  0.  0.  0.  0.  0.  0.  0.  0.  0.  0.  0.
   0.  0.  0.  0.  0.  0.  0.  0.  0.  0.  0.  0.  0.  0.  0.  0.  0.  0.
   0.  0.  0.  0.]]
##############################
[[18. 21.  0.  0.  0.  0.  0.  0.  0.  0.  0.  0.  0.  0.  0.  0.  0.  0.
   0.  0.  0.  0.  0.  0.  0.  0.  0.  0.  0.  0.  0.  0.  0.  0.  0.  0.
   0.  0.  0.  0.]
 [50. 50.  0.  0.  0.  0.  0.  0.  0.  0.  0.  0.  0.  0.  0.  0.  0.  0.
   0.  0.  0.  0.  0.  0.  0.  0.  0.  0.  0.  0.  0.  0.  0.  0.  0.  0.
   0.  0.  0.  0.]
 [33. 39.  0.  0.  0.  0.  0.  0.  0.  0.  0.  0.  0.  0.  0.  0.  0.  0.
   0.  0.  0.  0.  0.  0.  0.  0.  0.  0.  0.  0.  0.  0.  0.  0.  0.  0.
   0.  0.  0.  0.]
 [40. 41.  0.  0.  0.  0.  0.  0.  0.  0.  0.  0.  0.  0.  0.  0.  0.  0.
   0.  0.  0.  0.  0.  0.  0.  0.  0.  0.  0.  0.  0.  0.  0.  0.  0.  0.
   0.  0.  0.  0.]]
##############################
[[18. 21. 22.  0.  0.  0.  0.  0.  0.  0.  0.  0.  0.  0.  0.  0.  0.  0.
   0.  0.  0.  0.  0.  0.  0.  0.  0.  0.  0.  0.  0.  0.  0.  0.  0.  0.
   0.  0.  0.  0.]
 [50. 50. 50.  0.  0.  0.  0.  0.  0.  0.  0.  0.  0.  0.  0.  0.  0.  0.
   0.  0.  0.  0.  0.  0.  0.  0.  0.  0.  0.  0.  0.  0.  0.  0.  0.  0.
   0.  0.  0.  0.]
 [33. 39. 39.  0.  0.  0.  0.  0.  0.  0.  0.  0.  0.  0.  0.  0.  0.  0.
   0.  0.  0.  0.  0.  0.  0.  0.  0.  0.  0.  0.  0.  0.  0.  0.  0.  0.
   0.  0.  0.  0.]
 [40. 41. 42.  0.  0.  0.  0.  0.  0.  0.  0.  0.  0.  0.  0.  0.  0.  0.
   0.  0.  0.  0.  0.  0.  0.  0.  0.  0.  0.  0.  0.  0.  0.  0.  0.  0.
   0.  0.  0.  0.]]
##############################
[[18. 21. 22. 21.  0.  0.  0.  0.  0.  0.  0.  0.  0.  0.  0.  0.  0.  0.
   0.  0.  0.  0.  0.  0.  0.  0.  0.  0.  0.  0.  0.  0.  0.  0.  0.  0.
   0.  0.  0.  0.]
 [50. 50. 50. 50.  0.  0.  0.  0.  0.  0.  0.  0.  0.  0.  0.  0.  0.  0.
   0.  0.  0.  0.  0.  0.  0.  0.  0.  0.  0.  0.  0.  0.  0.  0.  0.  0.
   0.  0.  0.  0.]
 [33. 39. 39. 39.  0.  0.  0.  0.  0.  0.  0.  0.  0.  0.  0.  0.  0.  0.
   0.  0.  0.  0.  0.  0.  0.  0.  0.  0.  0.  0.  0.  0.  0.  0.  0.  0.
   0.  0.  0.  0.]
 [40. 41. 42. 43.  0.  0.  0.  0.  0.  0.  0.  0.  0.  0.  0.  0.  0.  0.
   0.  0.  0.  0.  0.  0.  0.  0.  0.  0.  0.  0.  0.  0.  0.  0.  0.  0.
   0.  0.  0.  0.]]
##############################
[[18. 21. 22. 21. 25.  0.  0.  0.  0.  0.  0.  0.  0.  0.  0.  0.  0.  0.
   0.  0.  0.  0.  0.  0.  0.  0.  0.  0.  0.  0.  0.  0.  0.  0.  0.  0.
   0.  0.  0.  0.]
 [50. 50. 50. 50. 50.  0.  0.  0.  0.  0.  0.  0.  0.  0.  0.  0.  0.  0.
   0.  0.  0.  0.  0.  0.  0.  0.  0.  0.  0.  0.  0.  0.  0.  0.  0.  0.
   0.  0.  0.  0.]
 [33. 39. 39. 39. 41.  0.  0.  0.  0.  0.  0.  0.  0.  0.  0.  0.  0.  0.
   0.  0.  0.  0.  0.  0.  0.  0.  0.  0.  0.  0.  0.  0.  0.  0.  0.  0.
   0.  0.  0.  0.]
 [40. 41. 42. 43. 42.  0.  0.  0.  0.  0.  0.  0.  0.  0.  0.  0.  0.  0.
   0.  0.  0.  0.  0.  0.  0.  0.  0.  0.  0.  0.  0.  0.  0.  0.  0.  0.
   0.  0.  0.  0.]]
##############################
[[18. 21. 22. 21. 25. 22.  0.  0.  0.  0.  0.  0.  0.  0.  0.  0.  0.  0.
   0.  0.  0.  0.  0.  0.  0.  0.  0.  0.  0.  0.  0.  0.  0.  0.  0.  0.
   0.  0.  0.  0.]
 [50. 50. 50. 50. 50. 50.  0.  0.  0.  0.  0.  0.  0.  0.  0.  0.  0.  0.
   0.  0.  0.  0.  0.  0.  0.  0.  0.  0.  0.  0.  0.  0.  0.  0.  0.  0.
   0.  0.  0.  0.]
 [33. 39. 39. 39. 41. 39.  0.  0.  0.  0.  0.  0.  0.  0.  0.  0.  0.  0.
   0.  0.  0.  0.  0.  0.  0.  0.  0.  0.  0.  0.  0.  0.  0.  0.  0.  0.
   0.  0.  0.  0.]
 [40. 41. 42. 43. 42. 41.  0.  0.  0.  0.  0.  0.  0.  0.  0.  0.  0.  0.
   0.  0.  0.  0.  0.  0.  0.  0.  0.  0.  0.  0.  0.  0.  0.  0.  0.  0.
   0.  0.  0.  0.]]
##############################
[[18. 21. 22. 21. 25. 22. 22.  0.  0.  0.  0.  0.  0.  0.  0.  0.  0.  0.
   0.  0.  0.  0.  0.  0.  0.  0.  0.  0.  0.  0.  0.  0.  0.  0.  0.  0.
   0.  0.  0.  0.]
 [50. 50. 50. 50. 50. 50. 50.  0.  0.  0.  0.  0.  0.  0.  0.  0.  0.  0.
   0.  0.  0.  0.  0.  0.  0.  0.  0.  0.  0.  0.  0.  0.  0.  0.  0.  0.
   0.  0.  0.  0.]
 [33. 39. 39. 39. 41. 39. 37.  0.  0.  0.  0.  0.  0.  0.  0.  0.  0.  0.
   0.  0.  0.  0.  0.  0.  0.  0.  0.  0.  0.  0.  0.  0.  0.  0.  0.  0.
   0.  0.  0.  0.]
 [40. 41. 42. 43. 42. 41. 43.  0.  0.  0.  0.  0.  0.  0.  0.  0.  0.  0.
   0.  0.  0.  0.  0.  0.  0.  0.  0.  0.  0.  0.  0.  0.  0.  0.  0.  0.
   0.  0.  0.  0.]]
##############################
[[18. 21. 22. 21. 25. 22. 22. 25.  0.  0.  0.  0.  0.  0.  0.  0.  0.  0.
   0.  0.  0.  0.  0.  0.  0.  0.  0.  0.  0.  0.  0.  0.  0.  0.  0.  0.
   0.  0.  0.  0.]
 [50. 50. 50. 50. 50. 50. 50. 50.  0.  0.  0.  0.  0.  0.  0.  0.  0.  0.
   0.  0.  0.  0.  0.  0.  0.  0.  0.  0.  0.  0.  0.  0.  0.  0.  0.  0.
   0.  0.  0.  0.]
 [33. 39. 39. 39. 41. 39. 37. 40.  0.  0.  0.  0.  0.  0.  0.  0.  0.  0.
   0.  0.  0.  0.  0.  0.  0.  0.  0.  0.  0.  0.  0.  0.  0.  0.  0.  0.
   0.  0.  0.  0.]
 [40. 41. 42. 43. 42. 41. 43. 42.  0.  0.  0.  0.  0.  0.  0.  0.  0.  0.
   0.  0.  0.  0.  0.  0.  0.  0.  0.  0.  0.  0.  0.  0.  0.  0.  0.  0.
   0.  0.  0.  0.]]
##############################
[[18. 21. 22. 21. 25. 22. 22. 25. 22.  0.  0.  0.  0.  0.  0.  0.  0.  0.
   0.  0.  0.  0.  0.  0.  0.  0.  0.  0.  0.  0.  0.  0.  0.  0.  0.  0.
   0.  0.  0.  0.]
 [50. 50. 50. 50. 50. 50. 50. 50. 50.  0.  0.  0.  0.  0.  0.  0.  0.  0.
   0.  0.  0.  0.  0.  0.  0.  0.  0.  0.  0.  0.  0.  0.  0.  0.  0.  0.
   0.  0.  0.  0.]
 [33. 39. 39. 39. 41. 39. 37. 40. 42.  0.  0.  0.  0.  0.  0.  0.  0.  0.
   0.  0.  0.  0.  0.  0.  0.  0.  0.  0.  0.  0.  0.  0.  0.  0.  0.  0.
   0.  0.  0.  0.]
 [40. 41. 42. 43. 42. 41. 43. 42. 42.  0.  0.  0.  0.  0.  0.  0.  0.  0.
   0.  0.  0.  0.  0.  0.  0.  0.  0.  0.  0.  0.  0.  0.  0.  0.  0.  0.
   0.  0.  0.  0.]]
##############################
[[18. 21. 22. 21. 25. 22. 22. 25. 22. 26.  0.  0.  0.  0.  0.  0.  0.  0.
   0.  0.  0.  0.  0.  0.  0.  0.  0.  0.  0.  0.  0.  0.  0.  0.  0.  0.
   0.  0.  0.  0.]
 [50. 50. 50. 50. 50. 50. 50. 50. 50. 50.  0.  0.  0.  0.  0.  0.  0.  0.
   0.  0.  0.  0.  0.  0.  0.  0.  0.  0.  0.  0.  0.  0.  0.  0.  0.  0.
   0.  0.  0.  0.]
 [33. 39. 39. 39. 41. 39. 37. 40. 42. 40.  0.  0.  0.  0.  0.  0.  0.  0.
   0.  0.  0.  0.  0.  0.  0.  0.  0.  0.  0.  0.  0.  0.  0.  0.  0.  0.
   0.  0.  0.  0.]
 [40. 41. 42. 43. 42. 41. 43. 42. 42. 42.  0.  0.  0.  0.  0.  0.  0.  0.
   0.  0.  0.  0.  0.  0.  0.  0.  0.  0.  0.  0.  0.  0.  0.  0.  0.  0.
   0.  0.  0.  0.]]
##############################
[[18. 21. 22. 21. 25. 22. 22. 25. 22. 26. 20.  0.  0.  0.  0.  0.  0.  0.
   0.  0.  0.  0.  0.  0.  0.  0.  0.  0.  0.  0.  0.  0.  0.  0.  0.  0.
   0.  0.  0.  0.]
 [50. 50. 50. 50. 50. 50. 50. 50. 50. 50. 50.  0.  0.  0.  0.  0.  0.  0.
   0.  0.  0.  0.  0.  0.  0.  0.  0.  0.  0.  0.  0.  0.  0.  0.  0.  0.
   0.  0.  0.  0.]
 [33. 39. 39. 39. 41. 39. 37. 40. 42. 40. 28.  0.  0.  0.  0.  0.  0.  0.
   0.  0.  0.  0.  0.  0.  0.  0.  0.  0.  0.  0.  0.  0.  0.  0.  0.  0.
   0.  0.  0.  0.]
 [40. 41. 42. 43. 42. 41. 43. 42. 42. 42. 33.  0.  0.  0.  0.  0.  0.  0.
   0.  0.  0.  0.  0.  0.  0.  0.  0.  0.  0.  0.  0.  0.  0.  0.  0.  0.
   0.  0.  0.  0.]]
##############################
[[18. 21. 22. 21. 25. 22. 22. 25. 22. 26. 20. 21.  0.  0.  0.  0.  0.  0.
   0.  0.  0.  0.  0.  0.  0.  0.  0.  0.  0.  0.  0.  0.  0.  0.  0.  0.
   0.  0.  0.  0.]
 [50. 50. 50. 50. 50. 50. 50. 50. 50. 50. 50. 50.  0.  0.  0.  0.  0.  0.
   0.  0.  0.  0.  0.  0.  0.  0.  0.  0.  0.  0.  0.  0.  0.  0.  0.  0.
   0.  0.  0.  0.]
 [33. 39. 39. 39. 41. 39. 37. 40. 42. 40. 28. 28.  0.  0.  0.  0.  0.  0.
   0.  0.  0.  0.  0.  0.  0.  0.  0.  0.  0.  0.  0.  0.  0.  0.  0.  0.
   0.  0.  0.  0.]
 [40. 41. 42. 43. 42. 41. 43. 42. 42. 42. 33. 37.  0.  0.  0.  0.  0.  0.
   0.  0.  0.  0.  0.  0.  0.  0.  0.  0.  0.  0.  0.  0.  0.  0.  0.  0.
   0.  0.  0.  0.]]
##############################
[[18. 21. 22. 21. 25. 22. 22. 25. 22. 26. 20. 21. 23.  0.  0.  0.  0.  0.
   0.  0.  0.  0.  0.  0.  0.  0.  0.  0.  0.  0.  0.  0.  0.  0.  0.  0.
   0.  0.  0.  0.]
 [50. 50. 50. 50. 50. 50. 50. 50. 50. 50. 50. 50. 50.  0.  0.  0.  0.  0.
   0.  0.  0.  0.  0.  0.  0.  0.  0.  0.  0.  0.  0.  0.  0.  0.  0.  0.
   0.  0.  0.  0.]
 [33. 39. 39. 39. 41. 39. 37. 40. 42. 40. 28. 28. 30.  0.  0.  0.  0.  0.
   0.  0.  0.  0.  0.  0.  0.  0.  0.  0.  0.  0.  0.  0.  0.  0.  0.  0.
   0.  0.  0.  0.]
 [40. 41. 42. 43. 42. 41. 43. 42. 42. 42. 33. 37. 37.  0.  0.  0.  0.  0.
   0.  0.  0.  0.  0.  0.  0.  0.  0.  0.  0.  0.  0.  0.  0.  0.  0.  0.
   0.  0.  0.  0.]]
##############################
[[18. 21. 22. 21. 25. 22. 22. 25. 22. 26. 20. 21. 23. 21.  0.  0.  0.  0.
   0.  0.  0.  0.  0.  0.  0.  0.  0.  0.  0.  0.  0.  0.  0.  0.  0.  0.
   0.  0.  0.  0.]
 [50. 50. 50. 50. 50. 50. 50. 50. 50. 50. 50. 50. 50. 50.  0.  0.  0.  0.
   0.  0.  0.  0.  0.  0.  0.  0.  0.  0.  0.  0.  0.  0.  0.  0.  0.  0.
   0.  0.  0.  0.]
 [33. 39. 39. 39. 41. 39. 37. 40. 42. 40. 28. 28. 30. 31.  0.  0.  0.  0.
   0.  0.  0.  0.  0.  0.  0.  0.  0.  0.  0.  0.  0.  0.  0.  0.  0.  0.
   0.  0.  0.  0.]
 [40. 41. 42. 43. 42. 41. 43. 42. 42. 42. 33. 37. 37. 36.  0.  0.  0.  0.
   0.  0.  0.  0.  0.  0.  0.  0.  0.  0.  0.  0.  0.  0.  0.  0.  0.  0.
   0.  0.  0.  0.]]
##############################
[[18. 21. 22. 21. 25. 22. 22. 25. 22. 26. 20. 21. 23. 21. 27.  0.  0.  0.
   0.  0.  0.  0.  0.  0.  0.  0.  0.  0.  0.  0.  0.  0.  0.  0.  0.  0.
   0.  0.  0.  0.]
 [50. 50. 50. 50. 50. 50. 50. 50. 50. 50. 50. 50. 50. 50. 50.  0.  0.  0.
   0.  0.  0.  0.  0.  0.  0.  0.  0.  0.  0.  0.  0.  0.  0.  0.  0.  0.
   0.  0.  0.  0.]
 [33. 39. 39. 39. 41. 39. 37. 40. 42. 40. 28. 28. 30. 31. 34.  0.  0.  0.
   0.  0.  0.  0.  0.  0.  0.  0.  0.  0.  0.  0.  0.  0.  0.  0.  0.  0.
   0.  0.  0.  0.]
 [40. 41. 42. 43. 42. 41. 43. 42. 42. 42. 33. 37. 37. 36. 39.  0.  0.  0.
   0.  0.  0.  0.  0.  0.  0.  0.  0.  0.  0.  0.  0.  0.  0.  0.  0.  0.
   0.  0.  0.  0.]]
##############################
[[18. 21. 22. 21. 25. 22. 22. 25. 22. 26. 20. 21. 23. 21. 27. 24.  0.  0.
   0.  0.  0.  0.  0.  0.  0.  0.  0.  0.  0.  0.  0.  0.  0.  0.  0.  0.
   0.  0.  0.  0.]
 [50. 50. 50. 50. 50. 50. 50. 50. 50. 50. 50. 50. 50. 50. 50. 50.  0.  0.
   0.  0.  0.  0.  0.  0.  0.  0.  0.  0.  0.  0.  0.  0.  0.  0.  0.  0.
   0.  0.  0.  0.]
 [33. 39. 39. 39. 41. 39. 37. 40. 42. 40. 28. 28. 30. 31. 34. 31.  0.  0.
   0.  0.  0.  0.  0.  0.  0.  0.  0.  0.  0.  0.  0.  0.  0.  0.  0.  0.
   0.  0.  0.  0.]
 [40. 41. 42. 43. 42. 41. 43. 42. 42. 42. 33. 37. 37. 36. 39. 39.  0.  0.
   0.  0.  0.  0.  0.  0.  0.  0.  0.  0.  0.  0.  0.  0.  0.  0.  0.  0.
   0.  0.  0.  0.]]
##############################
[[18. 21. 22. 21. 25. 22. 22. 25. 22. 26. 20. 21. 23. 21. 27. 24. 24.  0.
   0.  0.  0.  0.  0.  0.  0.  0.  0.  0.  0.  0.  0.  0.  0.  0.  0.  0.
   0.  0.  0.  0.]
 [50. 50. 50. 50. 50. 50. 50. 50. 50. 50. 50. 50. 50. 50. 50. 50. 50.  0.
   0.  0.  0.  0.  0.  0.  0.  0.  0.  0.  0.  0.  0.  0.  0.  0.  0.  0.
   0.  0.  0.  0.]
 [33. 39. 39. 39. 41. 39. 37. 40. 42. 40. 28. 28. 30. 31. 34. 31. 33.  0.
   0.  0.  0.  0.  0.  0.  0.  0.  0.  0.  0.  0.  0.  0.  0.  0.  0.  0.
   0.  0.  0.  0.]
 [40. 41. 42. 43. 42. 41. 43. 42. 42. 42. 33. 37. 37. 36. 39. 39. 40.  0.
   0.  0.  0.  0.  0.  0.  0.  0.  0.  0.  0.  0.  0.  0.  0.  0.  0.  0.
   0.  0.  0.  0.]]
##############################
[[18. 21. 22. 21. 25. 22. 22. 25. 22. 26. 20. 21. 23. 21. 27. 24. 24. 28.
   0.  0.  0.  0.  0.  0.  0.  0.  0.  0.  0.  0.  0.  0.  0.  0.  0.  0.
   0.  0.  0.  0.]
 [50. 50. 50. 50. 50. 50. 50. 50. 50. 50. 50. 50. 50. 50. 50. 50. 50. 50.
   0.  0.  0.  0.  0.  0.  0.  0.  0.  0.  0.  0.  0.  0.  0.  0.  0.  0.
   0.  0.  0.  0.]
 [33. 39. 39. 39. 41. 39. 37. 40. 42. 40. 28. 28. 30. 31. 34. 31. 33. 32.
   0.  0.  0.  0.  0.  0.  0.  0.  0.  0.  0.  0.  0.  0.  0.  0.  0.  0.
   0.  0.  0.  0.]
 [40. 41. 42. 43. 42. 41. 43. 42. 42. 42. 33. 37. 37. 36. 39. 39. 40. 40.
   0.  0.  0.  0.  0.  0.  0.  0.  0.  0.  0.  0.  0.  0.  0.  0.  0.  0.
   0.  0.  0.  0.]]
##############################
[[18. 21. 22. 21. 25. 22. 22. 25. 22. 26. 20. 21. 23. 21. 27. 24. 24. 28.
  30.  0.  0.  0.  0.  0.  0.  0.  0.  0.  0.  0.  0.  0.  0.  0.  0.  0.
   0.  0.  0.  0.]
 [50. 50. 50. 50. 50. 50. 50. 50. 50. 50. 50. 50. 50. 50. 50. 50. 50. 50.
  50.  0.  0.  0.  0.  0.  0.  0.  0.  0.  0.  0.  0.  0.  0.  0.  0.  0.
   0.  0.  0.  0.]
 [33. 39. 39. 39. 41. 39. 37. 40. 42. 40. 28. 28. 30. 31. 34. 31. 33. 32.
  33.  0.  0.  0.  0.  0.  0.  0.  0.  0.  0.  0.  0.  0.  0.  0.  0.  0.
   0.  0.  0.  0.]
 [40. 41. 42. 43. 42. 41. 43. 42. 42. 42. 33. 37. 37. 36. 39. 39. 40. 40.
  40.  0.  0.  0.  0.  0.  0.  0.  0.  0.  0.  0.  0.  0.  0.  0.  0.  0.
   0.  0.  0.  0.]]
##############################
[[18. 21. 22. 21. 25. 22. 22. 25. 22. 26. 20. 21. 23. 21. 27. 24. 24. 28.
  30. 30.  0.  0.  0.  0.  0.  0.  0.  0.  0.  0.  0.  0.  0.  0.  0.  0.
   0.  0.  0.  0.]
 [50. 50. 50. 50. 50. 50. 50. 50. 50. 50. 50. 50. 50. 50. 50. 50. 50. 50.
  50. 50.  0.  0.  0.  0.  0.  0.  0.  0.  0.  0.  0.  0.  0.  0.  0.  0.
   0.  0.  0.  0.]
 [33. 39. 39. 39. 41. 39. 37. 40. 42. 40. 28. 28. 30. 31. 34. 31. 33. 32.
  33. 32.  0.  0.  0.  0.  0.  0.  0.  0.  0.  0.  0.  0.  0.  0.  0.  0.
   0.  0.  0.  0.]
 [40. 41. 42. 43. 42. 41. 43. 42. 42. 42. 33. 37. 37. 36. 39. 39. 40. 40.
  40. 39.  0.  0.  0.  0.  0.  0.  0.  0.  0.  0.  0.  0.  0.  0.  0.  0.
   0.  0.  0.  0.]]
##############################
[[18. 21. 22. 21. 25. 22. 22. 25. 22. 26. 20. 21. 23. 21. 27. 24. 24. 28.
  30. 30. 32.  0.  0.  0.  0.  0.  0.  0.  0.  0.  0.  0.  0.  0.  0.  0.
   0.  0.  0.  0.]
 [50. 50. 50. 50. 50. 50. 50. 50. 50. 50. 50. 50. 50. 50. 50. 50. 50. 50.
  50. 50. 50.  0.  0.  0.  0.  0.  0.  0.  0.  0.  0.  0.  0.  0.  0.  0.
   0.  0.  0.  0.]
 [33. 39. 39. 39. 41. 39. 37. 40. 42. 40. 28. 28. 30. 31. 34. 31. 33. 32.
  33. 32. 36.  0.  0.  0.  0.  0.  0.  0.  0.  0.  0.  0.  0.  0.  0.  0.
   0.  0.  0.  0.]
 [40. 41. 42. 43. 42. 41. 43. 42. 42. 42. 33. 37. 37. 36. 39. 39. 40. 40.
  40. 39. 41.  0.  0.  0.  0.  0.  0.  0.  0.  0.  0.  0.  0.  0.  0.  0.
   0.  0.  0.  0.]]
##############################
[[18. 21. 22. 21. 25. 22. 22. 25. 22. 26. 20. 21. 23. 21. 27. 24. 24. 28.
  30. 30. 32. 30.  0.  0.  0.  0.  0.  0.  0.  0.  0.  0.  0.  0.  0.  0.
   0.  0.  0.  0.]
 [50. 50. 50. 50. 50. 50. 50. 50. 50. 50. 50. 50. 50. 50. 50. 50. 50. 50.
  50. 50. 50. 50.  0.  0.  0.  0.  0.  0.  0.  0.  0.  0.  0.  0.  0.  0.
   0.  0.  0.  0.]
 [33. 39. 39. 39. 41. 39. 37. 40. 42. 40. 28. 28. 30. 31. 34. 31. 33. 32.
  33. 32. 36. 37.  0.  0.  0.  0.  0.  0.  0.  0.  0.  0.  0.  0.  0.  0.
   0.  0.  0.  0.]
 [40. 41. 42. 43. 42. 41. 43. 42. 42. 42. 33. 37. 37. 36. 39. 39. 40. 40.
  40. 39. 41. 42.  0.  0.  0.  0.  0.  0.  0.  0.  0.  0.  0.  0.  0.  0.
   0.  0.  0.  0.]]
##############################
[[18. 21. 22. 21. 25. 22. 22. 25. 22. 26. 20. 21. 23. 21. 27. 24. 24. 28.
  30. 30. 32. 30. 33.  0.  0.  0.  0.  0.  0.  0.  0.  0.  0.  0.  0.  0.
   0.  0.  0.  0.]
 [50. 50. 50. 50. 50. 50. 50. 50. 50. 50. 50. 50. 50. 50. 50. 50. 50. 50.
  50. 50. 50. 50. 50.  0.  0.  0.  0.  0.  0.  0.  0.  0.  0.  0.  0.  0.
   0.  0.  0.  0.]
 [33. 39. 39. 39. 41. 39. 37. 40. 42. 40. 28. 28. 30. 31. 34. 31. 33. 32.
  33. 32. 36. 37. 37.  0.  0.  0.  0.  0.  0.  0.  0.  0.  0.  0.  0.  0.
   0.  0.  0.  0.]
 [40. 41. 42. 43. 42. 41. 43. 42. 42. 42. 33. 37. 37. 36. 39. 39. 40. 40.
  40. 39. 41. 42. 44.  0.  0.  0.  0.  0.  0.  0.  0.  0.  0.  0.  0.  0.
   0.  0.  0.  0.]]
##############################
[[18. 21. 22. 21. 25. 22. 22. 25. 22. 26. 20. 21. 23. 21. 27. 24. 24. 28.
  30. 30. 32. 30. 33. 32.  0.  0.  0.  0.  0.  0.  0.  0.  0.  0.  0.  0.
   0.  0.  0.  0.]
 [50. 50. 50. 50. 50. 50. 50. 50. 50. 50. 50. 50. 50. 50. 50. 50. 50. 50.
  50. 50. 50. 50. 50. 50.  0.  0.  0.  0.  0.  0.  0.  0.  0.  0.  0.  0.
   0.  0.  0.  0.]
 [33. 39. 39. 39. 41. 39. 37. 40. 42. 40. 28. 28. 30. 31. 34. 31. 33. 32.
  33. 32. 36. 37. 37. 35.  0.  0.  0.  0.  0.  0.  0.  0.  0.  0.  0.  0.
   0.  0.  0.  0.]
 [40. 41. 42. 43. 42. 41. 43. 42. 42. 42. 33. 37. 37. 36. 39. 39. 40. 40.
  40. 39. 41. 42. 44. 39.  0.  0.  0.  0.  0.  0.  0.  0.  0.  0.  0.  0.
   0.  0.  0.  0.]]
##############################
[[18. 21. 22. 21. 25. 22. 22. 25. 22. 26. 20. 21. 23. 21. 27. 24. 24. 28.
  30. 30. 32. 30. 33. 32. 30.  0.  0.  0.  0.  0.  0.  0.  0.  0.  0.  0.
   0.  0.  0.  0.]
 [50. 50. 50. 50. 50. 50. 50. 50. 50. 50. 50. 50. 50. 50. 50. 50. 50. 50.
  50. 50. 50. 50. 50. 50. 50.  0.  0.  0.  0.  0.  0.  0.  0.  0.  0.  0.
   0.  0.  0.  0.]
 [33. 39. 39. 39. 41. 39. 37. 40. 42. 40. 28. 28. 30. 31. 34. 31. 33. 32.
  33. 32. 36. 37. 37. 35. 34.  0.  0.  0.  0.  0.  0.  0.  0.  0.  0.  0.
   0.  0.  0.  0.]
 [40. 41. 42. 43. 42. 41. 43. 42. 42. 42. 33. 37. 37. 36. 39. 39. 40. 40.
  40. 39. 41. 42. 44. 39. 40.  0.  0.  0.  0.  0.  0.  0.  0.  0.  0.  0.
   0.  0.  0.  0.]]
##############################
[[18. 21. 22. 21. 25. 22. 22. 25. 22. 26. 20. 21. 23. 21. 27. 24. 24. 28.
  30. 30. 32. 30. 33. 32. 30. 31.  0.  0.  0.  0.  0.  0.  0.  0.  0.  0.
   0.  0.  0.  0.]
 [50. 50. 50. 50. 50. 50. 50. 50. 50. 50. 50. 50. 50. 50. 50. 50. 50. 50.
  50. 50. 50. 50. 50. 50. 50. 50.  0.  0.  0.  0.  0.  0.  0.  0.  0.  0.
   0.  0.  0.  0.]
 [33. 39. 39. 39. 41. 39. 37. 40. 42. 40. 28. 28. 30. 31. 34. 31. 33. 32.
  33. 32. 36. 37. 37. 35. 34. 38.  0.  0.  0.  0.  0.  0.  0.  0.  0.  0.
   0.  0.  0.  0.]
 [40. 41. 42. 43. 42. 41. 43. 42. 42. 42. 33. 37. 37. 36. 39. 39. 40. 40.
  40. 39. 41. 42. 44. 39. 40. 40.  0.  0.  0.  0.  0.  0.  0.  0.  0.  0.
   0.  0.  0.  0.]]
##############################
[[18. 21. 22. 21. 25. 22. 22. 25. 22. 26. 20. 21. 23. 21. 27. 24. 24. 28.
  30. 30. 32. 30. 33. 32. 30. 31. 32.  0.  0.  0.  0.  0.  0.  0.  0.  0.
   0.  0.  0.  0.]
 [50. 50. 50. 50. 50. 50. 50. 50. 50. 50. 50. 50. 50. 50. 50. 50. 50. 50.
  50. 50. 50. 50. 50. 50. 50. 50. 50.  0.  0.  0.  0.  0.  0.  0.  0.  0.
   0.  0.  0.  0.]
 [33. 39. 39. 39. 41. 39. 37. 40. 42. 40. 28. 28. 30. 31. 34. 31. 33. 32.
  33. 32. 36. 37. 37. 35. 34. 38. 40.  0.  0.  0.  0.  0.  0.  0.  0.  0.
   0.  0.  0.  0.]
 [40. 41. 42. 43. 42. 41. 43. 42. 42. 42. 33. 37. 37. 36. 39. 39. 40. 40.
  40. 39. 41. 42. 44. 39. 40. 40. 42.  0.  0.  0.  0.  0.  0.  0.  0.  0.
   0.  0.  0.  0.]]
##############################
[[18. 21. 22. 21. 25. 22. 22. 25. 22. 26. 20. 21. 23. 21. 27. 24. 24. 28.
  30. 30. 32. 30. 33. 32. 30. 31. 32. 32.  0.  0.  0.  0.  0.  0.  0.  0.
   0.  0.  0.  0.]
 [50. 50. 50. 50. 50. 50. 50. 50. 50. 50. 50. 50. 50. 50. 50. 50. 50. 50.
  50. 50. 50. 50. 50. 50. 50. 50. 50. 50.  0.  0.  0.  0.  0.  0.  0.  0.
   0.  0.  0.  0.]
 [33. 39. 39. 39. 41. 39. 37. 40. 42. 40. 28. 28. 30. 31. 34. 31. 33. 32.
  33. 32. 36. 37. 37. 35. 34. 38. 40. 39.  0.  0.  0.  0.  0.  0.  0.  0.
   0.  0.  0.  0.]
 [40. 41. 42. 43. 42. 41. 43. 42. 42. 42. 33. 37. 37. 36. 39. 39. 40. 40.
  40. 39. 41. 42. 44. 39. 40. 40. 42. 42.  0.  0.  0.  0.  0.  0.  0.  0.
   0.  0.  0.  0.]]
##############################
[[18. 21. 22. 21. 25. 22. 22. 25. 22. 26. 20. 21. 23. 21. 27. 24. 24. 28.
  30. 30. 32. 30. 33. 32. 30. 31. 32. 32. 32.  0.  0.  0.  0.  0.  0.  0.
   0.  0.  0.  0.]
 [50. 50. 50. 50. 50. 50. 50. 50. 50. 50. 50. 50. 50. 50. 50. 50. 50. 50.
  50. 50. 50. 50. 50. 50. 50. 50. 50. 50. 50.  0.  0.  0.  0.  0.  0.  0.
   0.  0.  0.  0.]
 [33. 39. 39. 39. 41. 39. 37. 40. 42. 40. 28. 28. 30. 31. 34. 31. 33. 32.
  33. 32. 36. 37. 37. 35. 34. 38. 40. 39. 38.  0.  0.  0.  0.  0.  0.  0.
   0.  0.  0.  0.]
 [40. 41. 42. 43. 42. 41. 43. 42. 42. 42. 33. 37. 37. 36. 39. 39. 40. 40.
  40. 39. 41. 42. 44. 39. 40. 40. 42. 42. 42.  0.  0.  0.  0.  0.  0.  0.
   0.  0.  0.  0.]]
##############################
[[18. 21. 22. 21. 25. 22. 22. 25. 22. 26. 20. 21. 23. 21. 27. 24. 24. 28.
  30. 30. 32. 30. 33. 32. 30. 31. 32. 32. 32. 33.  0.  0.  0.  0.  0.  0.
   0.  0.  0.  0.]
 [50. 50. 50. 50. 50. 50. 50. 50. 50. 50. 50. 50. 50. 50. 50. 50. 50. 50.
  50. 50. 50. 50. 50. 50. 50. 50. 50. 50. 50. 50.  0.  0.  0.  0.  0.  0.
   0.  0.  0.  0.]
 [33. 39. 39. 39. 41. 39. 37. 40. 42. 40. 28. 28. 30. 31. 34. 31. 33. 32.
  33. 32. 36. 37. 37. 35. 34. 38. 40. 39. 38. 39.  0.  0.  0.  0.  0.  0.
   0.  0.  0.  0.]
 [40. 41. 42. 43. 42. 41. 43. 42. 42. 42. 33. 37. 37. 36. 39. 39. 40. 40.
  40. 39. 41. 42. 44. 39. 40. 40. 42. 42. 42. 41.  0.  0.  0.  0.  0.  0.
   0.  0.  0.  0.]]
##############################
[[18. 21. 22. 21. 25. 22. 22. 25. 22. 26. 20. 21. 23. 21. 27. 24. 24. 28.
  30. 30. 32. 30. 33. 32. 30. 31. 32. 32. 32. 33. 30.  0.  0.  0.  0.  0.
   0.  0.  0.  0.]
 [50. 50. 50. 50. 50. 50. 50. 50. 50. 50. 50. 50. 50. 50. 50. 50. 50. 50.
  50. 50. 50. 50. 50. 50. 50. 50. 50. 50. 50. 50. 50.  0.  0.  0.  0.  0.
   0.  0.  0.  0.]
 [33. 39. 39. 39. 41. 39. 37. 40. 42. 40. 28. 28. 30. 31. 34. 31. 33. 32.
  33. 32. 36. 37. 37. 35. 34. 38. 40. 39. 38. 39. 36.  0.  0.  0.  0.  0.
   0.  0.  0.  0.]
 [40. 41. 42. 43. 42. 41. 43. 42. 42. 42. 33. 37. 37. 36. 39. 39. 40. 40.
  40. 39. 41. 42. 44. 39. 40. 40. 42. 42. 42. 41. 42.  0.  0.  0.  0.  0.
   0.  0.  0.  0.]]
##############################
[[18. 21. 22. 21. 25. 22. 22. 25. 22. 26. 20. 21. 23. 21. 27. 24. 24. 28.
  30. 30. 32. 30. 33. 32. 30. 31. 32. 32. 32. 33. 30. 31.  0.  0.  0.  0.
   0.  0.  0.  0.]
 [50. 50. 50. 50. 50. 50. 50. 50. 50. 50. 50. 50. 50. 50. 50. 50. 50. 50.
  50. 50. 50. 50. 50. 50. 50. 50. 50. 50. 50. 50. 50. 50.  0.  0.  0.  0.
   0.  0.  0.  0.]
 [33. 39. 39. 39. 41. 39. 37. 40. 42. 40. 28. 28. 30. 31. 34. 31. 33. 32.
  33. 32. 36. 37. 37. 35. 34. 38. 40. 39. 38. 39. 36. 38.  0.  0.  0.  0.
   0.  0.  0.  0.]
 [40. 41. 42. 43. 42. 41. 43. 42. 42. 42. 33. 37. 37. 36. 39. 39. 40. 40.
  40. 39. 41. 42. 44. 39. 40. 40. 42. 42. 42. 41. 42. 43.  0.  0.  0.  0.
   0.  0.  0.  0.]]
##############################
[[18. 21. 22. 21. 25. 22. 22. 25. 22. 26. 20. 21. 23. 21. 27. 24. 24. 28.
  30. 30. 32. 30. 33. 32. 30. 31. 32. 32. 32. 33. 30. 31. 29.  0.  0.  0.
   0.  0.  0.  0.]
 [50. 50. 50. 50. 50. 50. 50. 50. 50. 50. 50. 50. 50. 50. 50. 50. 50. 50.
  50. 50. 50. 50. 50. 50. 50. 50. 50. 50. 50. 50. 50. 50. 50.  0.  0.  0.
   0.  0.  0.  0.]
 [33. 39. 39. 39. 41. 39. 37. 40. 42. 40. 28. 28. 30. 31. 34. 31. 33. 32.
  33. 32. 36. 37. 37. 35. 34. 38. 40. 39. 38. 39. 36. 38. 36.  0.  0.  0.
   0.  0.  0.  0.]
 [40. 41. 42. 43. 42. 41. 43. 42. 42. 42. 33. 37. 37. 36. 39. 39. 40. 40.
  40. 39. 41. 42. 44. 39. 40. 40. 42. 42. 42. 41. 42. 43. 43.  0.  0.  0.
   0.  0.  0.  0.]]
##############################
[[18. 21. 22. 21. 25. 22. 22. 25. 22. 26. 20. 21. 23. 21. 27. 24. 24. 28.
  30. 30. 32. 30. 33. 32. 30. 31. 32. 32. 32. 33. 30. 31. 29. 29.  0.  0.
   0.  0.  0.  0.]
 [50. 50. 50. 50. 50. 50. 50. 50. 50. 50. 50. 50. 50. 50. 50. 50. 50. 50.
  50. 50. 50. 50. 50. 50. 50. 50. 50. 50. 50. 50. 50. 50. 50. 50.  0.  0.
   0.  0.  0.  0.]
 [33. 39. 39. 39. 41. 39. 37. 40. 42. 40. 28. 28. 30. 31. 34. 31. 33. 32.
  33. 32. 36. 37. 37. 35. 34. 38. 40. 39. 38. 39. 36. 38. 36. 38.  0.  0.
   0.  0.  0.  0.]
 [40. 41. 42. 43. 42. 41. 43. 42. 42. 42. 33. 37. 37. 36. 39. 39. 40. 40.
  40. 39. 41. 42. 44. 39. 40. 40. 42. 42. 42. 41. 42. 43. 43. 39.  0.  0.
   0.  0.  0.  0.]]
##############################
[[18. 21. 22. 21. 25. 22. 22. 25. 22. 26. 20. 21. 23. 21. 27. 24. 24. 28.
  30. 30. 32. 30. 33. 32. 30. 31. 32. 32. 32. 33. 30. 31. 29. 29. 30.  0.
   0.  0.  0.  0.]
 [50. 50. 50. 50. 50. 50. 50. 50. 50. 50. 50. 50. 50. 50. 50. 50. 50. 50.
  50. 50. 50. 50. 50. 50. 50. 50. 50. 50. 50. 50. 50. 50. 50. 50. 50.  0.
   0.  0.  0.  0.]
 [33. 39. 39. 39. 41. 39. 37. 40. 42. 40. 28. 28. 30. 31. 34. 31. 33. 32.
  33. 32. 36. 37. 37. 35. 34. 38. 40. 39. 38. 39. 36. 38. 36. 38. 34.  0.
   0.  0.  0.  0.]
 [40. 41. 42. 43. 42. 41. 43. 42. 42. 42. 33. 37. 37. 36. 39. 39. 40. 40.
  40. 39. 41. 42. 44. 39. 40. 40. 42. 42. 42. 41. 42. 43. 43. 39. 39.  0.
   0.  0.  0.  0.]]
##############################
[[18. 21. 22. 21. 25. 22. 22. 25. 22. 26. 20. 21. 23. 21. 27. 24. 24. 28.
  30. 30. 32. 30. 33. 32. 30. 31. 32. 32. 32. 33. 30. 31. 29. 29. 30. 30.
   0.  0.  0.  0.]
 [50. 50. 50. 50. 50. 50. 50. 50. 50. 50. 50. 50. 50. 50. 50. 50. 50. 50.
  50. 50. 50. 50. 50. 50. 50. 50. 50. 50. 50. 50. 50. 50. 50. 50. 50. 50.
   0.  0.  0.  0.]
 [33. 39. 39. 39. 41. 39. 37. 40. 42. 40. 28. 28. 30. 31. 34. 31. 33. 32.
  33. 32. 36. 37. 37. 35. 34. 38. 40. 39. 38. 39. 36. 38. 36. 38. 34. 38.
   0.  0.  0.  0.]
 [40. 41. 42. 43. 42. 41. 43. 42. 42. 42. 33. 37. 37. 36. 39. 39. 40. 40.
  40. 39. 41. 42. 44. 39. 40. 40. 42. 42. 42. 41. 42. 43. 43. 39. 39. 41.
   0.  0.  0.  0.]]
##############################
[[18. 21. 22. 21. 25. 22. 22. 25. 22. 26. 20. 21. 23. 21. 27. 24. 24. 28.
  30. 30. 32. 30. 33. 32. 30. 31. 32. 32. 32. 33. 30. 31. 29. 29. 30. 30.
  31.  0.  0.  0.]
 [50. 50. 50. 50. 50. 50. 50. 50. 50. 50. 50. 50. 50. 50. 50. 50. 50. 50.
  50. 50. 50. 50. 50. 50. 50. 50. 50. 50. 50. 50. 50. 50. 50. 50. 50. 50.
  50.  0.  0.  0.]
 [33. 39. 39. 39. 41. 39. 37. 40. 42. 40. 28. 28. 30. 31. 34. 31. 33. 32.
  33. 32. 36. 37. 37. 35. 34. 38. 40. 39. 38. 39. 36. 38. 36. 38. 34. 38.
  37.  0.  0.  0.]
 [40. 41. 42. 43. 42. 41. 43. 42. 42. 42. 33. 37. 37. 36. 39. 39. 40. 40.
  40. 39. 41. 42. 44. 39. 40. 40. 42. 42. 42. 41. 42. 43. 43. 39. 39. 41.
  40.  0.  0.  0.]]
##############################
[[18. 21. 22. 21. 25. 22. 22. 25. 22. 26. 20. 21. 23. 21. 27. 24. 24. 28.
  30. 30. 32. 30. 33. 32. 30. 31. 32. 32. 32. 33. 30. 31. 29. 29. 30. 30.
  31. 31.  0.  0.]
 [50. 50. 50. 50. 50. 50. 50. 50. 50. 50. 50. 50. 50. 50. 50. 50. 50. 50.
  50. 50. 50. 50. 50. 50. 50. 50. 50. 50. 50. 50. 50. 50. 50. 50. 50. 50.
  50. 50.  0.  0.]
 [33. 39. 39. 39. 41. 39. 37. 40. 42. 40. 28. 28. 30. 31. 34. 31. 33. 32.
  33. 32. 36. 37. 37. 35. 34. 38. 40. 39. 38. 39. 36. 38. 36. 38. 34. 38.
  37. 36.  0.  0.]
 [40. 41. 42. 43. 42. 41. 43. 42. 42. 42. 33. 37. 37. 36. 39. 39. 40. 40.
  40. 39. 41. 42. 44. 39. 40. 40. 42. 42. 42. 41. 42. 43. 43. 39. 39. 41.
  40. 40.  0.  0.]]
##############################
[[18. 21. 22. 21. 25. 22. 22. 25. 22. 26. 20. 21. 23. 21. 27. 24. 24. 28.
  30. 30. 32. 30. 33. 32. 30. 31. 32. 32. 32. 33. 30. 31. 29. 29. 30. 30.
  31. 31. 30.  0.]
 [50. 50. 50. 50. 50. 50. 50. 50. 50. 50. 50. 50. 50. 50. 50. 50. 50. 50.
  50. 50. 50. 50. 50. 50. 50. 50. 50. 50. 50. 50. 50. 50. 50. 50. 50. 50.
  50. 50. 50.  0.]
 [33. 39. 39. 39. 41. 39. 37. 40. 42. 40. 28. 28. 30. 31. 34. 31. 33. 32.
  33. 32. 36. 37. 37. 35. 34. 38. 40. 39. 38. 39. 36. 38. 36. 38. 34. 38.
  37. 36. 38.  0.]
 [40. 41. 42. 43. 42. 41. 43. 42. 42. 42. 33. 37. 37. 36. 39. 39. 40. 40.
  40. 39. 41. 42. 44. 39. 40. 40. 42. 42. 42. 41. 42. 43. 43. 39. 39. 41.
  40. 40. 42.  0.]]
##############################
[[18. 21. 22. 21. 25. 22. 22. 25. 22. 26. 20. 21. 23. 21. 27. 24. 24. 28.
  30. 30. 32. 30. 33. 32. 30. 31. 32. 32. 32. 33. 30. 31. 29. 29. 30. 30.
  31. 31. 30. 30.]
 [50. 50. 50. 50. 50. 50. 50. 50. 50. 50. 50. 50. 50. 50. 50. 50. 50. 50.
  50. 50. 50. 50. 50. 50. 50. 50. 50. 50. 50. 50. 50. 50. 50. 50. 50. 50.
  50. 50. 50. 50.]
 [33. 39. 39. 39. 41. 39. 37. 40. 42. 40. 28. 28. 30. 31. 34. 31. 33. 32.
  33. 32. 36. 37. 37. 35. 34. 38. 40. 39. 38. 39. 36. 38. 36. 38. 34. 38.
  37. 36. 38. 38.]
 [40. 41. 42. 43. 42. 41. 43. 42. 42. 42. 33. 37. 37. 36. 39. 39. 40. 40.
  40. 39. 41. 42. 44. 39. 40. 40. 42. 42. 42. 41. 42. 43. 43. 39. 39. 41.
  40. 40. 42. 43.]]
##############################
##################################################
##################################################
starting :2 batch
[[ 26.  21.  22.  21.  25.  22.  22.  25.  22.  26.  20.  21.  23.  21.
   27.  24.  24.  28.  30.  30.  32.  30.  33.  32.  30.  31.  32.  32.
   32.  33.  30.  31.  29.  29.  30.  30.  31.  31.  30.  30.]
 [100.  50.  50.  50.  50.  50.  50.  50.  50.  50.  50.  50.  50.  50.
   50.  50.  50.  50.  50.  50.  50.  50.  50.  50.  50.  50.  50.  50.
   50.  50.  50.  50.  50.  50.  50.  50.  50.  50.  50.  50.]
 [ 63.  39.  39.  39.  41.  39.  37.  40.  42.  40.  28.  28.  30.  31.
   34.  31.  33.  32.  33.  32.  36.  37.  37.  35.  34.  38.  40.  39.
   38.  39.  36.  38.  36.  38.  34.  38.  37.  36.  38.  38.]
 [ 70.  41.  42.  43.  42.  41.  43.  42.  42.  42.  33.  37.  37.  36.
   39.  39.  40.  40.  40.  39.  41.  42.  44.  39.  40.  40.  42.  42.
   42.  41.  42.  43.  43.  39.  39.  41.  40.  40.  42.  43.]]
##############################
[[ 26.  31.  22.  21.  25.  22.  22.  25.  22.  26.  20.  21.  23.  21.
   27.  24.  24.  28.  30.  30.  32.  30.  33.  32.  30.  31.  32.  32.
   32.  33.  30.  31.  29.  29.  30.  30.  31.  31.  30.  30.]
 [100. 100.  50.  50.  50.  50.  50.  50.  50.  50.  50.  50.  50.  50.
   50.  50.  50.  50.  50.  50.  50.  50.  50.  50.  50.  50.  50.  50.
   50.  50.  50.  50.  50.  50.  50.  50.  50.  50.  50.  50.]
 [ 63.  77.  39.  39.  41.  39.  37.  40.  42.  40.  28.  28.  30.  31.
   34.  31.  33.  32.  33.  32.  36.  37.  37.  35.  34.  38.  40.  39.
   38.  39.  36.  38.  36.  38.  34.  38.  37.  36.  38.  38.]
 [ 70.  74.  42.  43.  42.  41.  43.  42.  42.  42.  33.  37.  37.  36.
   39.  39.  40.  40.  40.  39.  41.  42.  44.  39.  40.  40.  42.  42.
   42.  41.  42.  43.  43.  39.  39.  41.  40.  40.  42.  43.]]
##############################
[[ 26.  31.  36.  21.  25.  22.  22.  25.  22.  26.  20.  21.  23.  21.
   27.  24.  24.  28.  30.  30.  32.  30.  33.  32.  30.  31.  32.  32.
   32.  33.  30.  31.  29.  29.  30.  30.  31.  31.  30.  30.]
 [100. 100. 100.  50.  50.  50.  50.  50.  50.  50.  50.  50.  50.  50.
   50.  50.  50.  50.  50.  50.  50.  50.  50.  50.  50.  50.  50.  50.
   50.  50.  50.  50.  50.  50.  50.  50.  50.  50.  50.  50.]
 [ 63.  77.  76.  39.  41.  39.  37.  40.  42.  40.  28.  28.  30.  31.
   34.  31.  33.  32.  33.  32.  36.  37.  37.  35.  34.  38.  40.  39.
   38.  39.  36.  38.  36.  38.  34.  38.  37.  36.  38.  38.]
 [ 70.  74.  78.  43.  42.  41.  43.  42.  42.  42.  33.  37.  37.  36.
   39.  39.  40.  40.  40.  39.  41.  42.  44.  39.  40.  40.  42.  42.
   42.  41.  42.  43.  43.  39.  39.  41.  40.  40.  42.  43.]]
##############################
[[ 26.  31.  36.  36.  25.  22.  22.  25.  22.  26.  20.  21.  23.  21.
   27.  24.  24.  28.  30.  30.  32.  30.  33.  32.  30.  31.  32.  32.
   32.  33.  30.  31.  29.  29.  30.  30.  31.  31.  30.  30.]
 [100. 100. 100. 100.  50.  50.  50.  50.  50.  50.  50.  50.  50.  50.
   50.  50.  50.  50.  50.  50.  50.  50.  50.  50.  50.  50.  50.  50.
   50.  50.  50.  50.  50.  50.  50.  50.  50.  50.  50.  50.]
 [ 63.  77.  76.  79.  41.  39.  37.  40.  42.  40.  28.  28.  30.  31.
   34.  31.  33.  32.  33.  32.  36.  37.  37.  35.  34.  38.  40.  39.
   38.  39.  36.  38.  36.  38.  34.  38.  37.  36.  38.  38.]
 [ 70.  74.  78.  78.  42.  41.  43.  42.  42.  42.  33.  37.  37.  36.
   39.  39.  40.  40.  40.  39.  41.  42.  44.  39.  40.  40.  42.  42.
   42.  41.  42.  43.  43.  39.  39.  41.  40.  40.  42.  43.]]
##############################
[[ 26.  31.  36.  36.  40.  22.  22.  25.  22.  26.  20.  21.  23.  21.
   27.  24.  24.  28.  30.  30.  32.  30.  33.  32.  30.  31.  32.  32.
   32.  33.  30.  31.  29.  29.  30.  30.  31.  31.  30.  30.]
 [100. 100. 100. 100. 100.  50.  50.  50.  50.  50.  50.  50.  50.  50.
   50.  50.  50.  50.  50.  50.  50.  50.  50.  50.  50.  50.  50.  50.
   50.  50.  50.  50.  50.  50.  50.  50.  50.  50.  50.  50.]
 [ 63.  77.  76.  79.  78.  39.  37.  40.  42.  40.  28.  28.  30.  31.
   34.  31.  33.  32.  33.  32.  36.  37.  37.  35.  34.  38.  40.  39.
   38.  39.  36.  38.  36.  38.  34.  38.  37.  36.  38.  38.]
 [ 70.  74.  78.  78.  78.  41.  43.  42.  42.  42.  33.  37.  37.  36.
   39.  39.  40.  40.  40.  39.  41.  42.  44.  39.  40.  40.  42.  42.
   42.  41.  42.  43.  43.  39.  39.  41.  40.  40.  42.  43.]]
##############################
[[ 26.  31.  36.  36.  40.  36.  22.  25.  22.  26.  20.  21.  23.  21.
   27.  24.  24.  28.  30.  30.  32.  30.  33.  32.  30.  31.  32.  32.
   32.  33.  30.  31.  29.  29.  30.  30.  31.  31.  30.  30.]
 [100. 100. 100. 100. 100. 100.  50.  50.  50.  50.  50.  50.  50.  50.
   50.  50.  50.  50.  50.  50.  50.  50.  50.  50.  50.  50.  50.  50.
   50.  50.  50.  50.  50.  50.  50.  50.  50.  50.  50.  50.]
 [ 63.  77.  76.  79.  78.  79.  37.  40.  42.  40.  28.  28.  30.  31.
   34.  31.  33.  32.  33.  32.  36.  37.  37.  35.  34.  38.  40.  39.
   38.  39.  36.  38.  36.  38.  34.  38.  37.  36.  38.  38.]
 [ 70.  74.  78.  78.  78.  77.  43.  42.  42.  42.  33.  37.  37.  36.
   39.  39.  40.  40.  40.  39.  41.  42.  44.  39.  40.  40.  42.  42.
   42.  41.  42.  43.  43.  39.  39.  41.  40.  40.  42.  43.]]
##############################
[[ 26.  31.  36.  36.  40.  36.  37.  25.  22.  26.  20.  21.  23.  21.
   27.  24.  24.  28.  30.  30.  32.  30.  33.  32.  30.  31.  32.  32.
   32.  33.  30.  31.  29.  29.  30.  30.  31.  31.  30.  30.]
 [100. 100. 100. 100. 100. 100. 100.  50.  50.  50.  50.  50.  50.  50.
   50.  50.  50.  50.  50.  50.  50.  50.  50.  50.  50.  50.  50.  50.
   50.  50.  50.  50.  50.  50.  50.  50.  50.  50.  50.  50.]
 [ 63.  77.  76.  79.  78.  79.  77.  40.  42.  40.  28.  28.  30.  31.
   34.  31.  33.  32.  33.  32.  36.  37.  37.  35.  34.  38.  40.  39.
   38.  39.  36.  38.  36.  38.  34.  38.  37.  36.  38.  38.]
 [ 70.  74.  78.  78.  78.  77.  80.  42.  42.  42.  33.  37.  37.  36.
   39.  39.  40.  40.  40.  39.  41.  42.  44.  39.  40.  40.  42.  42.
   42.  41.  42.  43.  43.  39.  39.  41.  40.  40.  42.  43.]]
##############################
[[ 26.  31.  36.  36.  40.  36.  37.  40.  22.  26.  20.  21.  23.  21.
   27.  24.  24.  28.  30.  30.  32.  30.  33.  32.  30.  31.  32.  32.
   32.  33.  30.  31.  29.  29.  30.  30.  31.  31.  30.  30.]
 [100. 100. 100. 100. 100. 100. 100. 100.  50.  50.  50.  50.  50.  50.
   50.  50.  50.  50.  50.  50.  50.  50.  50.  50.  50.  50.  50.  50.
   50.  50.  50.  50.  50.  50.  50.  50.  50.  50.  50.  50.]
 [ 63.  77.  76.  79.  78.  79.  77.  79.  42.  40.  28.  28.  30.  31.
   34.  31.  33.  32.  33.  32.  36.  37.  37.  35.  34.  38.  40.  39.
   38.  39.  36.  38.  36.  38.  34.  38.  37.  36.  38.  38.]
 [ 70.  74.  78.  78.  78.  77.  80.  78.  42.  42.  33.  37.  37.  36.
   39.  39.  40.  40.  40.  39.  41.  42.  44.  39.  40.  40.  42.  42.
   42.  41.  42.  43.  43.  39.  39.  41.  40.  40.  42.  43.]]
##############################
[[ 26.  31.  36.  36.  40.  36.  37.  40.  37.  26.  20.  21.  23.  21.
   27.  24.  24.  28.  30.  30.  32.  30.  33.  32.  30.  31.  32.  32.
   32.  33.  30.  31.  29.  29.  30.  30.  31.  31.  30.  30.]
 [100. 100. 100. 100. 100. 100. 100. 100. 100.  50.  50.  50.  50.  50.
   50.  50.  50.  50.  50.  50.  50.  50.  50.  50.  50.  50.  50.  50.
   50.  50.  50.  50.  50.  50.  50.  50.  50.  50.  50.  50.]
 [ 63.  77.  76.  79.  78.  79.  77.  79.  84.  40.  28.  28.  30.  31.
   34.  31.  33.  32.  33.  32.  36.  37.  37.  35.  34.  38.  40.  39.
   38.  39.  36.  38.  36.  38.  34.  38.  37.  36.  38.  38.]
 [ 70.  74.  78.  78.  78.  77.  80.  78.  79.  42.  33.  37.  37.  36.
   39.  39.  40.  40.  40.  39.  41.  42.  44.  39.  40.  40.  42.  42.
   42.  41.  42.  43.  43.  39.  39.  41.  40.  40.  42.  43.]]
##############################
[[ 26.  31.  36.  36.  40.  36.  37.  40.  37.  39.  20.  21.  23.  21.
   27.  24.  24.  28.  30.  30.  32.  30.  33.  32.  30.  31.  32.  32.
   32.  33.  30.  31.  29.  29.  30.  30.  31.  31.  30.  30.]
 [100. 100. 100. 100. 100. 100. 100. 100. 100. 100.  50.  50.  50.  50.
   50.  50.  50.  50.  50.  50.  50.  50.  50.  50.  50.  50.  50.  50.
   50.  50.  50.  50.  50.  50.  50.  50.  50.  50.  50.  50.]
 [ 63.  77.  76.  79.  78.  79.  77.  79.  84.  82.  28.  28.  30.  31.
   34.  31.  33.  32.  33.  32.  36.  37.  37.  35.  34.  38.  40.  39.
   38.  39.  36.  38.  36.  38.  34.  38.  37.  36.  38.  38.]
 [ 70.  74.  78.  78.  78.  77.  80.  78.  79.  79.  33.  37.  37.  36.
   39.  39.  40.  40.  40.  39.  41.  42.  44.  39.  40.  40.  42.  42.
   42.  41.  42.  43.  43.  39.  39.  41.  40.  40.  42.  43.]]
##############################
[[ 26.  31.  36.  36.  40.  36.  37.  40.  37.  39.  32.  21.  23.  21.
   27.  24.  24.  28.  30.  30.  32.  30.  33.  32.  30.  31.  32.  32.
   32.  33.  30.  31.  29.  29.  30.  30.  31.  31.  30.  30.]
 [100. 100. 100. 100. 100. 100. 100. 100. 100. 100. 100.  50.  50.  50.
   50.  50.  50.  50.  50.  50.  50.  50.  50.  50.  50.  50.  50.  50.
   50.  50.  50.  50.  50.  50.  50.  50.  50.  50.  50.  50.]
 [ 63.  77.  76.  79.  78.  79.  77.  79.  84.  82.  59.  28.  30.  31.
   34.  31.  33.  32.  33.  32.  36.  37.  37.  35.  34.  38.  40.  39.
   38.  39.  36.  38.  36.  38.  34.  38.  37.  36.  38.  38.]
 [ 70.  74.  78.  78.  78.  77.  80.  78.  79.  79.  61.  37.  37.  36.
   39.  39.  40.  40.  40.  39.  41.  42.  44.  39.  40.  40.  42.  42.
   42.  41.  42.  43.  43.  39.  39.  41.  40.  40.  42.  43.]]
##############################
[[ 26.  31.  36.  36.  40.  36.  37.  40.  37.  39.  32.  32.  23.  21.
   27.  24.  24.  28.  30.  30.  32.  30.  33.  32.  30.  31.  32.  32.
   32.  33.  30.  31.  29.  29.  30.  30.  31.  31.  30.  30.]
 [100. 100. 100. 100. 100. 100. 100. 100. 100. 100. 100. 100.  50.  50.
   50.  50.  50.  50.  50.  50.  50.  50.  50.  50.  50.  50.  50.  50.
   50.  50.  50.  50.  50.  50.  50.  50.  50.  50.  50.  50.]
 [ 63.  77.  76.  79.  78.  79.  77.  79.  84.  82.  59.  54.  30.  31.
   34.  31.  33.  32.  33.  32.  36.  37.  37.  35.  34.  38.  40.  39.
   38.  39.  36.  38.  36.  38.  34.  38.  37.  36.  38.  38.]
 [ 70.  74.  78.  78.  78.  77.  80.  78.  79.  79.  61.  66.  37.  36.
   39.  39.  40.  40.  40.  39.  41.  42.  44.  39.  40.  40.  42.  42.
   42.  41.  42.  43.  43.  39.  39.  41.  40.  40.  42.  43.]]
##############################
[[ 26.  31.  36.  36.  40.  36.  37.  40.  37.  39.  32.  32.  34.  21.
   27.  24.  24.  28.  30.  30.  32.  30.  33.  32.  30.  31.  32.  32.
   32.  33.  30.  31.  29.  29.  30.  30.  31.  31.  30.  30.]
 [100. 100. 100. 100. 100. 100. 100. 100. 100. 100. 100. 100. 100.  50.
   50.  50.  50.  50.  50.  50.  50.  50.  50.  50.  50.  50.  50.  50.
   50.  50.  50.  50.  50.  50.  50.  50.  50.  50.  50.  50.]
 [ 63.  77.  76.  79.  78.  79.  77.  79.  84.  82.  59.  54.  57.  31.
   34.  31.  33.  32.  33.  32.  36.  37.  37.  35.  34.  38.  40.  39.
   38.  39.  36.  38.  36.  38.  34.  38.  37.  36.  38.  38.]
 [ 70.  74.  78.  78.  78.  77.  80.  78.  79.  79.  61.  66.  65.  36.
   39.  39.  40.  40.  40.  39.  41.  42.  44.  39.  40.  40.  42.  42.
   42.  41.  42.  43.  43.  39.  39.  41.  40.  40.  42.  43.]]
##############################
[[ 26.  31.  36.  36.  40.  36.  37.  40.  37.  39.  32.  32.  34.  34.
   27.  24.  24.  28.  30.  30.  32.  30.  33.  32.  30.  31.  32.  32.
   32.  33.  30.  31.  29.  29.  30.  30.  31.  31.  30.  30.]
 [100. 100. 100. 100. 100. 100. 100. 100. 100. 100. 100. 100. 100. 100.
   50.  50.  50.  50.  50.  50.  50.  50.  50.  50.  50.  50.  50.  50.
   50.  50.  50.  50.  50.  50.  50.  50.  50.  50.  50.  50.]
 [ 63.  77.  76.  79.  78.  79.  77.  79.  84.  82.  59.  54.  57.  56.
   34.  31.  33.  32.  33.  32.  36.  37.  37.  35.  34.  38.  40.  39.
   38.  39.  36.  38.  36.  38.  34.  38.  37.  36.  38.  38.]
 [ 70.  74.  78.  78.  78.  77.  80.  78.  79.  79.  61.  66.  65.  65.
   39.  39.  40.  40.  40.  39.  41.  42.  44.  39.  40.  40.  42.  42.
   42.  41.  42.  43.  43.  39.  39.  41.  40.  40.  42.  43.]]
##############################
[[ 26.  31.  36.  36.  40.  36.  37.  40.  37.  39.  32.  32.  34.  34.
   37.  24.  24.  28.  30.  30.  32.  30.  33.  32.  30.  31.  32.  32.
   32.  33.  30.  31.  29.  29.  30.  30.  31.  31.  30.  30.]
 [100. 100. 100. 100. 100. 100. 100. 100. 100. 100. 100. 100. 100. 100.
  100.  50.  50.  50.  50.  50.  50.  50.  50.  50.  50.  50.  50.  50.
   50.  50.  50.  50.  50.  50.  50.  50.  50.  50.  50.  50.]
 [ 63.  77.  76.  79.  78.  79.  77.  79.  84.  82.  59.  54.  57.  56.
   61.  31.  33.  32.  33.  32.  36.  37.  37.  35.  34.  38.  40.  39.
   38.  39.  36.  38.  36.  38.  34.  38.  37.  36.  38.  38.]
 [ 70.  74.  78.  78.  78.  77.  80.  78.  79.  79.  61.  66.  65.  65.
   71.  39.  40.  40.  40.  39.  41.  42.  44.  39.  40.  40.  42.  42.
   42.  41.  42.  43.  43.  39.  39.  41.  40.  40.  42.  43.]]
##############################
[[ 26.  31.  36.  36.  40.  36.  37.  40.  37.  39.  32.  32.  34.  34.
   37.  33.  24.  28.  30.  30.  32.  30.  33.  32.  30.  31.  32.  32.
   32.  33.  30.  31.  29.  29.  30.  30.  31.  31.  30.  30.]
 [100. 100. 100. 100. 100. 100. 100. 100. 100. 100. 100. 100. 100. 100.
  100. 100.  50.  50.  50.  50.  50.  50.  50.  50.  50.  50.  50.  50.
   50.  50.  50.  50.  50.  50.  50.  50.  50.  50.  50.  50.]
 [ 63.  77.  76.  79.  78.  79.  77.  79.  84.  82.  59.  54.  57.  56.
   61.  62.  33.  32.  33.  32.  36.  37.  37.  35.  34.  38.  40.  39.
   38.  39.  36.  38.  36.  38.  34.  38.  37.  36.  38.  38.]
 [ 70.  74.  78.  78.  78.  77.  80.  78.  79.  79.  61.  66.  65.  65.
   71.  72.  40.  40.  40.  39.  41.  42.  44.  39.  40.  40.  42.  42.
   42.  41.  42.  43.  43.  39.  39.  41.  40.  40.  42.  43.]]
##############################
[[ 26.  31.  36.  36.  40.  36.  37.  40.  37.  39.  32.  32.  34.  34.
   37.  33.  33.  28.  30.  30.  32.  30.  33.  32.  30.  31.  32.  32.
   32.  33.  30.  31.  29.  29.  30.  30.  31.  31.  30.  30.]
 [100. 100. 100. 100. 100. 100. 100. 100. 100. 100. 100. 100. 100. 100.
  100. 100. 100.  50.  50.  50.  50.  50.  50.  50.  50.  50.  50.  50.
   50.  50.  50.  50.  50.  50.  50.  50.  50.  50.  50.  50.]
 [ 63.  77.  76.  79.  78.  79.  77.  79.  84.  82.  59.  54.  57.  56.
   61.  62.  61.  32.  33.  32.  36.  37.  37.  35.  34.  38.  40.  39.
   38.  39.  36.  38.  36.  38.  34.  38.  37.  36.  38.  38.]
 [ 70.  74.  78.  78.  78.  77.  80.  78.  79.  79.  61.  66.  65.  65.
   71.  72.  76.  40.  40.  39.  41.  42.  44.  39.  40.  40.  42.  42.
   42.  41.  42.  43.  43.  39.  39.  41.  40.  40.  42.  43.]]
##############################
[[ 26.  31.  36.  36.  40.  36.  37.  40.  37.  39.  32.  32.  34.  34.
   37.  33.  33.  38.  30.  30.  32.  30.  33.  32.  30.  31.  32.  32.
   32.  33.  30.  31.  29.  29.  30.  30.  31.  31.  30.  30.]
 [100. 100. 100. 100. 100. 100. 100. 100. 100. 100. 100. 100. 100. 100.
  100. 100. 100. 100.  50.  50.  50.  50.  50.  50.  50.  50.  50.  50.
   50.  50.  50.  50.  50.  50.  50.  50.  50.  50.  50.  50.]
 [ 63.  77.  76.  79.  78.  79.  77.  79.  84.  82.  59.  54.  57.  56.
   61.  62.  61.  61.  33.  32.  36.  37.  37.  35.  34.  38.  40.  39.
   38.  39.  36.  38.  36.  38.  34.  38.  37.  36.  38.  38.]
 [ 70.  74.  78.  78.  78.  77.  80.  78.  79.  79.  61.  66.  65.  65.
   71.  72.  76.  74.  40.  39.  41.  42.  44.  39.  40.  40.  42.  42.
   42.  41.  42.  43.  43.  39.  39.  41.  40.  40.  42.  43.]]
##############################
[[ 26.  31.  36.  36.  40.  36.  37.  40.  37.  39.  32.  32.  34.  34.
   37.  33.  33.  38.  40.  30.  32.  30.  33.  32.  30.  31.  32.  32.
   32.  33.  30.  31.  29.  29.  30.  30.  31.  31.  30.  30.]
 [100. 100. 100. 100. 100. 100. 100. 100. 100. 100. 100. 100. 100. 100.
  100. 100. 100. 100. 100.  50.  50.  50.  50.  50.  50.  50.  50.  50.
   50.  50.  50.  50.  50.  50.  50.  50.  50.  50.  50.  50.]
 [ 63.  77.  76.  79.  78.  79.  77.  79.  84.  82.  59.  54.  57.  56.
   61.  62.  61.  61.  62.  32.  36.  37.  37.  35.  34.  38.  40.  39.
   38.  39.  36.  38.  36.  38.  34.  38.  37.  36.  38.  38.]
 [ 70.  74.  78.  78.  78.  77.  80.  78.  79.  79.  61.  66.  65.  65.
   71.  72.  76.  74.  77.  39.  41.  42.  44.  39.  40.  40.  42.  42.
   42.  41.  42.  43.  43.  39.  39.  41.  40.  40.  42.  43.]]
##############################
[[ 26.  31.  36.  36.  40.  36.  37.  40.  37.  39.  32.  32.  34.  34.
   37.  33.  33.  38.  40.  42.  32.  30.  33.  32.  30.  31.  32.  32.
   32.  33.  30.  31.  29.  29.  30.  30.  31.  31.  30.  30.]
 [100. 100. 100. 100. 100. 100. 100. 100. 100. 100. 100. 100. 100. 100.
  100. 100. 100. 100. 100. 100.  50.  50.  50.  50.  50.  50.  50.  50.
   50.  50.  50.  50.  50.  50.  50.  50.  50.  50.  50.  50.]
 [ 63.  77.  76.  79.  78.  79.  77.  79.  84.  82.  59.  54.  57.  56.
   61.  62.  61.  61.  62.  63.  36.  37.  37.  35.  34.  38.  40.  39.
   38.  39.  36.  38.  36.  38.  34.  38.  37.  36.  38.  38.]
 [ 70.  74.  78.  78.  78.  77.  80.  78.  79.  79.  61.  66.  65.  65.
   71.  72.  76.  74.  77.  75.  41.  42.  44.  39.  40.  40.  42.  42.
   42.  41.  42.  43.  43.  39.  39.  41.  40.  40.  42.  43.]]
##############################
[[ 26.  31.  36.  36.  40.  36.  37.  40.  37.  39.  32.  32.  34.  34.
   37.  33.  33.  38.  40.  42.  45.  30.  33.  32.  30.  31.  32.  32.
   32.  33.  30.  31.  29.  29.  30.  30.  31.  31.  30.  30.]
 [100. 100. 100. 100. 100. 100. 100. 100. 100. 100. 100. 100. 100. 100.
  100. 100. 100. 100. 100. 100. 100.  50.  50.  50.  50.  50.  50.  50.
   50.  50.  50.  50.  50.  50.  50.  50.  50.  50.  50.  50.]
 [ 63.  77.  76.  79.  78.  79.  77.  79.  84.  82.  59.  54.  57.  56.
   61.  62.  61.  61.  62.  63.  69.  37.  37.  35.  34.  38.  40.  39.
   38.  39.  36.  38.  36.  38.  34.  38.  37.  36.  38.  38.]
 [ 70.  74.  78.  78.  78.  77.  80.  78.  79.  79.  61.  66.  65.  65.
   71.  72.  76.  74.  77.  75.  78.  42.  44.  39.  40.  40.  42.  42.
   42.  41.  42.  43.  43.  39.  39.  41.  40.  40.  42.  43.]]
##############################
[[ 26.  31.  36.  36.  40.  36.  37.  40.  37.  39.  32.  32.  34.  34.
   37.  33.  33.  38.  40.  42.  45.  41.  33.  32.  30.  31.  32.  32.
   32.  33.  30.  31.  29.  29.  30.  30.  31.  31.  30.  30.]
 [100. 100. 100. 100. 100. 100. 100. 100. 100. 100. 100. 100. 100. 100.
  100. 100. 100. 100. 100. 100. 100. 100.  50.  50.  50.  50.  50.  50.
   50.  50.  50.  50.  50.  50.  50.  50.  50.  50.  50.  50.]
 [ 63.  77.  76.  79.  78.  79.  77.  79.  84.  82.  59.  54.  57.  56.
   61.  62.  61.  61.  62.  63.  69.  70.  37.  35.  34.  38.  40.  39.
   38.  39.  36.  38.  36.  38.  34.  38.  37.  36.  38.  38.]
 [ 70.  74.  78.  78.  78.  77.  80.  78.  79.  79.  61.  66.  65.  65.
   71.  72.  76.  74.  77.  75.  78.  80.  44.  39.  40.  40.  42.  42.
   42.  41.  42.  43.  43.  39.  39.  41.  40.  40.  42.  43.]]
##############################
[[ 26.  31.  36.  36.  40.  36.  37.  40.  37.  39.  32.  32.  34.  34.
   37.  33.  33.  38.  40.  42.  45.  41.  43.  32.  30.  31.  32.  32.
   32.  33.  30.  31.  29.  29.  30.  30.  31.  31.  30.  30.]
 [100. 100. 100. 100. 100. 100. 100. 100. 100. 100. 100. 100. 100. 100.
  100. 100. 100. 100. 100. 100. 100. 100. 100.  50.  50.  50.  50.  50.
   50.  50.  50.  50.  50.  50.  50.  50.  50.  50.  50.  50.]
 [ 63.  77.  76.  79.  78.  79.  77.  79.  84.  82.  59.  54.  57.  56.
   61.  62.  61.  61.  62.  63.  69.  70.  68.  35.  34.  38.  40.  39.
   38.  39.  36.  38.  36.  38.  34.  38.  37.  36.  38.  38.]
 [ 70.  74.  78.  78.  78.  77.  80.  78.  79.  79.  61.  66.  65.  65.
   71.  72.  76.  74.  77.  75.  78.  80.  79.  39.  40.  40.  42.  42.
   42.  41.  42.  43.  43.  39.  39.  41.  40.  40.  42.  43.]]
##############################
[[ 26.  31.  36.  36.  40.  36.  37.  40.  37.  39.  32.  32.  34.  34.
   37.  33.  33.  38.  40.  42.  45.  41.  43.  41.  30.  31.  32.  32.
   32.  33.  30.  31.  29.  29.  30.  30.  31.  31.  30.  30.]
 [100. 100. 100. 100. 100. 100. 100. 100. 100. 100. 100. 100. 100. 100.
  100. 100. 100. 100. 100. 100. 100. 100. 100. 100.  50.  50.  50.  50.
   50.  50.  50.  50.  50.  50.  50.  50.  50.  50.  50.  50.]
 [ 63.  77.  76.  79.  78.  79.  77.  79.  84.  82.  59.  54.  57.  56.
   61.  62.  61.  61.  62.  63.  69.  70.  68.  66.  34.  38.  40.  39.
   38.  39.  36.  38.  36.  38.  34.  38.  37.  36.  38.  38.]
 [ 70.  74.  78.  78.  78.  77.  80.  78.  79.  79.  61.  66.  65.  65.
   71.  72.  76.  74.  77.  75.  78.  80.  79.  75.  40.  40.  42.  42.
   42.  41.  42.  43.  43.  39.  39.  41.  40.  40.  42.  43.]]
##############################
[[ 26.  31.  36.  36.  40.  36.  37.  40.  37.  39.  32.  32.  34.  34.
   37.  33.  33.  38.  40.  42.  45.  41.  43.  41.  40.  31.  32.  32.
   32.  33.  30.  31.  29.  29.  30.  30.  31.  31.  30.  30.]
 [100. 100. 100. 100. 100. 100. 100. 100. 100. 100. 100. 100. 100. 100.
  100. 100. 100. 100. 100. 100. 100. 100. 100. 100. 100.  50.  50.  50.
   50.  50.  50.  50.  50.  50.  50.  50.  50.  50.  50.  50.]
 [ 63.  77.  76.  79.  78.  79.  77.  79.  84.  82.  59.  54.  57.  56.
   61.  62.  61.  61.  62.  63.  69.  70.  68.  66.  68.  38.  40.  39.
   38.  39.  36.  38.  36.  38.  34.  38.  37.  36.  38.  38.]
 [ 70.  74.  78.  78.  78.  77.  80.  78.  79.  79.  61.  66.  65.  65.
   71.  72.  76.  74.  77.  75.  78.  80.  79.  75.  78.  40.  42.  42.
   42.  41.  42.  43.  43.  39.  39.  41.  40.  40.  42.  43.]]
##############################
[[ 26.  31.  36.  36.  40.  36.  37.  40.  37.  39.  32.  32.  34.  34.
   37.  33.  33.  38.  40.  42.  45.  41.  43.  41.  40.  44.  32.  32.
   32.  33.  30.  31.  29.  29.  30.  30.  31.  31.  30.  30.]
 [100. 100. 100. 100. 100. 100. 100. 100. 100. 100. 100. 100. 100. 100.
  100. 100. 100. 100. 100. 100. 100. 100. 100. 100. 100. 100.  50.  50.
   50.  50.  50.  50.  50.  50.  50.  50.  50.  50.  50.  50.]
 [ 63.  77.  76.  79.  78.  79.  77.  79.  84.  82.  59.  54.  57.  56.
   61.  62.  61.  61.  62.  63.  69.  70.  68.  66.  68.  69.  40.  39.
   38.  39.  36.  38.  36.  38.  34.  38.  37.  36.  38.  38.]
 [ 70.  74.  78.  78.  78.  77.  80.  78.  79.  79.  61.  66.  65.  65.
   71.  72.  76.  74.  77.  75.  78.  80.  79.  75.  78.  76.  42.  42.
   42.  41.  42.  43.  43.  39.  39.  41.  40.  40.  42.  43.]]
##############################
[[ 26.  31.  36.  36.  40.  36.  37.  40.  37.  39.  32.  32.  34.  34.
   37.  33.  33.  38.  40.  42.  45.  41.  43.  41.  40.  44.  44.  32.
   32.  33.  30.  31.  29.  29.  30.  30.  31.  31.  30.  30.]
 [100. 100. 100. 100. 100. 100. 100. 100. 100. 100. 100. 100. 100. 100.
  100. 100. 100. 100. 100. 100. 100. 100. 100. 100. 100. 100. 100.  50.
   50.  50.  50.  50.  50.  50.  50.  50.  50.  50.  50.  50.]
 [ 63.  77.  76.  79.  78.  79.  77.  79.  84.  82.  59.  54.  57.  56.
   61.  62.  61.  61.  62.  63.  69.  70.  68.  66.  68.  69.  74.  39.
   38.  39.  36.  38.  36.  38.  34.  38.  37.  36.  38.  38.]
 [ 70.  74.  78.  78.  78.  77.  80.  78.  79.  79.  61.  66.  65.  65.
   71.  72.  76.  74.  77.  75.  78.  80.  79.  75.  78.  76.  76.  42.
   42.  41.  42.  43.  43.  39.  39.  41.  40.  40.  42.  43.]]
##############################
[[ 26.  31.  36.  36.  40.  36.  37.  40.  37.  39.  32.  32.  34.  34.
   37.  33.  33.  38.  40.  42.  45.  41.  43.  41.  40.  44.  44.  47.
   32.  33.  30.  31.  29.  29.  30.  30.  31.  31.  30.  30.]
 [100. 100. 100. 100. 100. 100. 100. 100. 100. 100. 100. 100. 100. 100.
  100. 100. 100. 100. 100. 100. 100. 100. 100. 100. 100. 100. 100. 100.
   50.  50.  50.  50.  50.  50.  50.  50.  50.  50.  50.  50.]
 [ 63.  77.  76.  79.  78.  79.  77.  79.  84.  82.  59.  54.  57.  56.
   61.  62.  61.  61.  62.  63.  69.  70.  68.  66.  68.  69.  74.  76.
   38.  39.  36.  38.  36.  38.  34.  38.  37.  36.  38.  38.]
 [ 70.  74.  78.  78.  78.  77.  80.  78.  79.  79.  61.  66.  65.  65.
   71.  72.  76.  74.  77.  75.  78.  80.  79.  75.  78.  76.  76.  78.
   42.  41.  42.  43.  43.  39.  39.  41.  40.  40.  42.  43.]]
##############################
[[ 26.  31.  36.  36.  40.  36.  37.  40.  37.  39.  32.  32.  34.  34.
   37.  33.  33.  38.  40.  42.  45.  41.  43.  41.  40.  44.  44.  47.
   46.  33.  30.  31.  29.  29.  30.  30.  31.  31.  30.  30.]
 [100. 100. 100. 100. 100. 100. 100. 100. 100. 100. 100. 100. 100. 100.
  100. 100. 100. 100. 100. 100. 100. 100. 100. 100. 100. 100. 100. 100.
  100.  50.  50.  50.  50.  50.  50.  50.  50.  50.  50.  50.]
 [ 63.  77.  76.  79.  78.  79.  77.  79.  84.  82.  59.  54.  57.  56.
   61.  62.  61.  61.  62.  63.  69.  70.  68.  66.  68.  69.  74.  76.
   72.  39.  36.  38.  36.  38.  34.  38.  37.  36.  38.  38.]
 [ 70.  74.  78.  78.  78.  77.  80.  78.  79.  79.  61.  66.  65.  65.
   71.  72.  76.  74.  77.  75.  78.  80.  79.  75.  78.  76.  76.  78.
   76.  41.  42.  43.  43.  39.  39.  41.  40.  40.  42.  43.]]
##############################
[[ 26.  31.  36.  36.  40.  36.  37.  40.  37.  39.  32.  32.  34.  34.
   37.  33.  33.  38.  40.  42.  45.  41.  43.  41.  40.  44.  44.  47.
   46.  47.  30.  31.  29.  29.  30.  30.  31.  31.  30.  30.]
 [100. 100. 100. 100. 100. 100. 100. 100. 100. 100. 100. 100. 100. 100.
  100. 100. 100. 100. 100. 100. 100. 100. 100. 100. 100. 100. 100. 100.
  100. 100.  50.  50.  50.  50.  50.  50.  50.  50.  50.  50.]
 [ 63.  77.  76.  79.  78.  79.  77.  79.  84.  82.  59.  54.  57.  56.
   61.  62.  61.  61.  62.  63.  69.  70.  68.  66.  68.  69.  74.  76.
   72.  73.  36.  38.  36.  38.  34.  38.  37.  36.  38.  38.]
 [ 70.  74.  78.  78.  78.  77.  80.  78.  79.  79.  61.  66.  65.  65.
   71.  72.  76.  74.  77.  75.  78.  80.  79.  75.  78.  76.  76.  78.
   76.  77.  42.  43.  43.  39.  39.  41.  40.  40.  42.  43.]]
##############################
[[ 26.  31.  36.  36.  40.  36.  37.  40.  37.  39.  32.  32.  34.  34.
   37.  33.  33.  38.  40.  42.  45.  41.  43.  41.  40.  44.  44.  47.
   46.  47.  41.  31.  29.  29.  30.  30.  31.  31.  30.  30.]
 [100. 100. 100. 100. 100. 100. 100. 100. 100. 100. 100. 100. 100. 100.
  100. 100. 100. 100. 100. 100. 100. 100. 100. 100. 100. 100. 100. 100.
  100. 100. 100.  50.  50.  50.  50.  50.  50.  50.  50.  50.]
 [ 63.  77.  76.  79.  78.  79.  77.  79.  84.  82.  59.  54.  57.  56.
   61.  62.  61.  61.  62.  63.  69.  70.  68.  66.  68.  69.  74.  76.
   72.  73.  71.  38.  36.  38.  34.  38.  37.  36.  38.  38.]
 [ 70.  74.  78.  78.  78.  77.  80.  78.  79.  79.  61.  66.  65.  65.
   71.  72.  76.  74.  77.  75.  78.  80.  79.  75.  78.  76.  76.  78.
   76.  77.  80.  43.  43.  39.  39.  41.  40.  40.  42.  43.]]
##############################
[[ 26.  31.  36.  36.  40.  36.  37.  40.  37.  39.  32.  32.  34.  34.
   37.  33.  33.  38.  40.  42.  45.  41.  43.  41.  40.  44.  44.  47.
   46.  47.  41.  43.  29.  29.  30.  30.  31.  31.  30.  30.]
 [100. 100. 100. 100. 100. 100. 100. 100. 100. 100. 100. 100. 100. 100.
  100. 100. 100. 100. 100. 100. 100. 100. 100. 100. 100. 100. 100. 100.
  100. 100. 100. 100.  50.  50.  50.  50.  50.  50.  50.  50.]
 [ 63.  77.  76.  79.  78.  79.  77.  79.  84.  82.  59.  54.  57.  56.
   61.  62.  61.  61.  62.  63.  69.  70.  68.  66.  68.  69.  74.  76.
   72.  73.  71.  74.  36.  38.  34.  38.  37.  36.  38.  38.]
 [ 70.  74.  78.  78.  78.  77.  80.  78.  79.  79.  61.  66.  65.  65.
   71.  72.  76.  74.  77.  75.  78.  80.  79.  75.  78.  76.  76.  78.
   76.  77.  80.  78.  43.  39.  39.  41.  40.  40.  42.  43.]]
##############################
[[ 26.  31.  36.  36.  40.  36.  37.  40.  37.  39.  32.  32.  34.  34.
   37.  33.  33.  38.  40.  42.  45.  41.  43.  41.  40.  44.  44.  47.
   46.  47.  41.  43.  41.  29.  30.  30.  31.  31.  30.  30.]
 [100. 100. 100. 100. 100. 100. 100. 100. 100. 100. 100. 100. 100. 100.
  100. 100. 100. 100. 100. 100. 100. 100. 100. 100. 100. 100. 100. 100.
  100. 100. 100. 100. 100.  50.  50.  50.  50.  50.  50.  50.]
 [ 63.  77.  76.  79.  78.  79.  77.  79.  84.  82.  59.  54.  57.  56.
   61.  62.  61.  61.  62.  63.  69.  70.  68.  66.  68.  69.  74.  76.
   72.  73.  71.  74.  74.  38.  34.  38.  37.  36.  38.  38.]
 [ 70.  74.  78.  78.  78.  77.  80.  78.  79.  79.  61.  66.  65.  65.
   71.  72.  76.  74.  77.  75.  78.  80.  79.  75.  78.  76.  76.  78.
   76.  77.  80.  78.  80.  39.  39.  41.  40.  40.  42.  43.]]
##############################
[[ 26.  31.  36.  36.  40.  36.  37.  40.  37.  39.  32.  32.  34.  34.
   37.  33.  33.  38.  40.  42.  45.  41.  43.  41.  40.  44.  44.  47.
   46.  47.  41.  43.  41.  42.  30.  30.  31.  31.  30.  30.]
 [100. 100. 100. 100. 100. 100. 100. 100. 100. 100. 100. 100. 100. 100.
  100. 100. 100. 100. 100. 100. 100. 100. 100. 100. 100. 100. 100. 100.
  100. 100. 100. 100. 100. 100.  50.  50.  50.  50.  50.  50.]
 [ 63.  77.  76.  79.  78.  79.  77.  79.  84.  82.  59.  54.  57.  56.
   61.  62.  61.  61.  62.  63.  69.  70.  68.  66.  68.  69.  74.  76.
   72.  73.  71.  74.  74.  80.  34.  38.  37.  36.  38.  38.]
 [ 70.  74.  78.  78.  78.  77.  80.  78.  79.  79.  61.  66.  65.  65.
   71.  72.  76.  74.  77.  75.  78.  80.  79.  75.  78.  76.  76.  78.
   76.  77.  80.  78.  80.  77.  39.  41.  40.  40.  42.  43.]]
##############################
[[ 26.  31.  36.  36.  40.  36.  37.  40.  37.  39.  32.  32.  34.  34.
   37.  33.  33.  38.  40.  42.  45.  41.  43.  41.  40.  44.  44.  47.
   46.  47.  41.  43.  41.  42.  45.  30.  31.  31.  30.  30.]
 [100. 100. 100. 100. 100. 100. 100. 100. 100. 100. 100. 100. 100. 100.
  100. 100. 100. 100. 100. 100. 100. 100. 100. 100. 100. 100. 100. 100.
  100. 100. 100. 100. 100. 100. 100.  50.  50.  50.  50.  50.]
 [ 63.  77.  76.  79.  78.  79.  77.  79.  84.  82.  59.  54.  57.  56.
   61.  62.  61.  61.  62.  63.  69.  70.  68.  66.  68.  69.  74.  76.
   72.  73.  71.  74.  74.  80.  74.  38.  37.  36.  38.  38.]
 [ 70.  74.  78.  78.  78.  77.  80.  78.  79.  79.  61.  66.  65.  65.
   71.  72.  76.  74.  77.  75.  78.  80.  79.  75.  78.  76.  76.  78.
   76.  77.  80.  78.  80.  77.  75.  41.  40.  40.  42.  43.]]
##############################
[[ 26.  31.  36.  36.  40.  36.  37.  40.  37.  39.  32.  32.  34.  34.
   37.  33.  33.  38.  40.  42.  45.  41.  43.  41.  40.  44.  44.  47.
   46.  47.  41.  43.  41.  42.  45.  44.  31.  31.  30.  30.]
 [100. 100. 100. 100. 100. 100. 100. 100. 100. 100. 100. 100. 100. 100.
  100. 100. 100. 100. 100. 100. 100. 100. 100. 100. 100. 100. 100. 100.
  100. 100. 100. 100. 100. 100. 100. 100.  50.  50.  50.  50.]
 [ 63.  77.  76.  79.  78.  79.  77.  79.  84.  82.  59.  54.  57.  56.
   61.  62.  61.  61.  62.  63.  69.  70.  68.  66.  68.  69.  74.  76.
   72.  73.  71.  74.  74.  80.  74.  74.  37.  36.  38.  38.]
 [ 70.  74.  78.  78.  78.  77.  80.  78.  79.  79.  61.  66.  65.  65.
   71.  72.  76.  74.  77.  75.  78.  80.  79.  75.  78.  76.  76.  78.
   76.  77.  80.  78.  80.  77.  75.  78.  40.  40.  42.  43.]]
##############################
[[ 26.  31.  36.  36.  40.  36.  37.  40.  37.  39.  32.  32.  34.  34.
   37.  33.  33.  38.  40.  42.  45.  41.  43.  41.  40.  44.  44.  47.
   46.  47.  41.  43.  41.  42.  45.  44.  46.  31.  30.  30.]
 [100. 100. 100. 100. 100. 100. 100. 100. 100. 100. 100. 100. 100. 100.
  100. 100. 100. 100. 100. 100. 100. 100. 100. 100. 100. 100. 100. 100.
  100. 100. 100. 100. 100. 100. 100. 100. 100.  50.  50.  50.]
 [ 63.  77.  76.  79.  78.  79.  77.  79.  84.  82.  59.  54.  57.  56.
   61.  62.  61.  61.  62.  63.  69.  70.  68.  66.  68.  69.  74.  76.
   72.  73.  71.  74.  74.  80.  74.  74.  75.  36.  38.  38.]
 [ 70.  74.  78.  78.  78.  77.  80.  78.  79.  79.  61.  66.  65.  65.
   71.  72.  76.  74.  77.  75.  78.  80.  79.  75.  78.  76.  76.  78.
   76.  77.  80.  78.  80.  77.  75.  78.  77.  40.  42.  43.]]
##############################
[[ 26.  31.  36.  36.  40.  36.  37.  40.  37.  39.  32.  32.  34.  34.
   37.  33.  33.  38.  40.  42.  45.  41.  43.  41.  40.  44.  44.  47.
   46.  47.  41.  43.  41.  42.  45.  44.  46.  44.  30.  30.]
 [100. 100. 100. 100. 100. 100. 100. 100. 100. 100. 100. 100. 100. 100.
  100. 100. 100. 100. 100. 100. 100. 100. 100. 100. 100. 100. 100. 100.
  100. 100. 100. 100. 100. 100. 100. 100. 100. 100.  50.  50.]
 [ 63.  77.  76.  79.  78.  79.  77.  79.  84.  82.  59.  54.  57.  56.
   61.  62.  61.  61.  62.  63.  69.  70.  68.  66.  68.  69.  74.  76.
   72.  73.  71.  74.  74.  80.  74.  74.  75.  74.  38.  38.]
 [ 70.  74.  78.  78.  78.  77.  80.  78.  79.  79.  61.  66.  65.  65.
   71.  72.  76.  74.  77.  75.  78.  80.  79.  75.  78.  76.  76.  78.
   76.  77.  80.  78.  80.  77.  75.  78.  77.  76.  42.  43.]]
##############################
[[ 26.  31.  36.  36.  40.  36.  37.  40.  37.  39.  32.  32.  34.  34.
   37.  33.  33.  38.  40.  42.  45.  41.  43.  41.  40.  44.  44.  47.
   46.  47.  41.  43.  41.  42.  45.  44.  46.  44.  43.  30.]
 [100. 100. 100. 100. 100. 100. 100. 100. 100. 100. 100. 100. 100. 100.
  100. 100. 100. 100. 100. 100. 100. 100. 100. 100. 100. 100. 100. 100.
  100. 100. 100. 100. 100. 100. 100. 100. 100. 100. 100.  50.]
 [ 63.  77.  76.  79.  78.  79.  77.  79.  84.  82.  59.  54.  57.  56.
   61.  62.  61.  61.  62.  63.  69.  70.  68.  66.  68.  69.  74.  76.
   72.  73.  71.  74.  74.  80.  74.  74.  75.  74.  76.  38.]
 [ 70.  74.  78.  78.  78.  77.  80.  78.  79.  79.  61.  66.  65.  65.
   71.  72.  76.  74.  77.  75.  78.  80.  79.  75.  78.  76.  76.  78.
   76.  77.  80.  78.  80.  77.  75.  78.  77.  76.  79.  43.]]
##############################
[[ 26.  31.  36.  36.  40.  36.  37.  40.  37.  39.  32.  32.  34.  34.
   37.  33.  33.  38.  40.  42.  45.  41.  43.  41.  40.  44.  44.  47.
   46.  47.  41.  43.  41.  42.  45.  44.  46.  44.  43.  43.]
 [100. 100. 100. 100. 100. 100. 100. 100. 100. 100. 100. 100. 100. 100.
  100. 100. 100. 100. 100. 100. 100. 100. 100. 100. 100. 100. 100. 100.
  100. 100. 100. 100. 100. 100. 100. 100. 100. 100. 100. 100.]
 [ 63.  77.  76.  79.  78.  79.  77.  79.  84.  82.  59.  54.  57.  56.
   61.  62.  61.  61.  62.  63.  69.  70.  68.  66.  68.  69.  74.  76.
   72.  73.  71.  74.  74.  80.  74.  74.  75.  74.  76.  76.]
 [ 70.  74.  78.  78.  78.  77.  80.  78.  79.  79.  61.  66.  65.  65.
   71.  72.  76.  74.  77.  75.  78.  80.  79.  75.  78.  76.  76.  78.
   76.  77.  80.  78.  80.  77.  75.  78.  77.  76.  79.  81.]]
##############################
##################################################
##################################################
starting :3 batch
[[ 39.  31.  36.  36.  40.  36.  37.  40.  37.  39.  32.  32.  34.  34.
   37.  33.  33.  38.  40.  42.  45.  41.  43.  41.  40.  44.  44.  47.
   46.  47.  41.  43.  41.  42.  45.  44.  46.  44.  43.  43.]
 [150. 100. 100. 100. 100. 100. 100. 100. 100. 100. 100. 100. 100. 100.
  100. 100. 100. 100. 100. 100. 100. 100. 100. 100. 100. 100. 100. 100.
  100. 100. 100. 100. 100. 100. 100. 100. 100. 100. 100. 100.]
 [ 95.  77.  76.  79.  78.  79.  77.  79.  84.  82.  59.  54.  57.  56.
   61.  62.  61.  61.  62.  63.  69.  70.  68.  66.  68.  69.  74.  76.
   72.  73.  71.  74.  74.  80.  74.  74.  75.  74.  76.  76.]
 [100.  74.  78.  78.  78.  77.  80.  78.  79.  79.  61.  66.  65.  65.
   71.  72.  76.  74.  77.  75.  78.  80.  79.  75.  78.  76.  76.  78.
   76.  77.  80.  78.  80.  77.  75.  78.  77.  76.  79.  81.]]
##############################
[[ 39.  48.  36.  36.  40.  36.  37.  40.  37.  39.  32.  32.  34.  34.
   37.  33.  33.  38.  40.  42.  45.  41.  43.  41.  40.  44.  44.  47.
   46.  47.  41.  43.  41.  42.  45.  44.  46.  44.  43.  43.]
 [150. 150. 100. 100. 100. 100. 100. 100. 100. 100. 100. 100. 100. 100.
  100. 100. 100. 100. 100. 100. 100. 100. 100. 100. 100. 100. 100. 100.
  100. 100. 100. 100. 100. 100. 100. 100. 100. 100. 100. 100.]
 [ 95. 111.  76.  79.  78.  79.  77.  79.  84.  82.  59.  54.  57.  56.
   61.  62.  61.  61.  62.  63.  69.  70.  68.  66.  68.  69.  74.  76.
   72.  73.  71.  74.  74.  80.  74.  74.  75.  74.  76.  76.]
 [100. 107.  78.  78.  78.  77.  80.  78.  79.  79.  61.  66.  65.  65.
   71.  72.  76.  74.  77.  75.  78.  80.  79.  75.  78.  76.  76.  78.
   76.  77.  80.  78.  80.  77.  75.  78.  77.  76.  79.  81.]]
##############################
[[ 39.  48.  53.  36.  40.  36.  37.  40.  37.  39.  32.  32.  34.  34.
   37.  33.  33.  38.  40.  42.  45.  41.  43.  41.  40.  44.  44.  47.
   46.  47.  41.  43.  41.  42.  45.  44.  46.  44.  43.  43.]
 [150. 150. 150. 100. 100. 100. 100. 100. 100. 100. 100. 100. 100. 100.
  100. 100. 100. 100. 100. 100. 100. 100. 100. 100. 100. 100. 100. 100.
  100. 100. 100. 100. 100. 100. 100. 100. 100. 100. 100. 100.]
 [ 95. 111. 111.  79.  78.  79.  77.  79.  84.  82.  59.  54.  57.  56.
   61.  62.  61.  61.  62.  63.  69.  70.  68.  66.  68.  69.  74.  76.
   72.  73.  71.  74.  74.  80.  74.  74.  75.  74.  76.  76.]
 [100. 107. 114.  78.  78.  77.  80.  78.  79.  79.  61.  66.  65.  65.
   71.  72.  76.  74.  77.  75.  78.  80.  79.  75.  78.  76.  76.  78.
   76.  77.  80.  78.  80.  77.  75.  78.  77.  76.  79.  81.]]
##############################
[[ 39.  48.  53.  51.  40.  36.  37.  40.  37.  39.  32.  32.  34.  34.
   37.  33.  33.  38.  40.  42.  45.  41.  43.  41.  40.  44.  44.  47.
   46.  47.  41.  43.  41.  42.  45.  44.  46.  44.  43.  43.]
 [150. 150. 150. 150. 100. 100. 100. 100. 100. 100. 100. 100. 100. 100.
  100. 100. 100. 100. 100. 100. 100. 100. 100. 100. 100. 100. 100. 100.
  100. 100. 100. 100. 100. 100. 100. 100. 100. 100. 100. 100.]
 [ 95. 111. 111. 114.  78.  79.  77.  79.  84.  82.  59.  54.  57.  56.
   61.  62.  61.  61.  62.  63.  69.  70.  68.  66.  68.  69.  74.  76.
   72.  73.  71.  74.  74.  80.  74.  74.  75.  74.  76.  76.]
 [100. 107. 114. 119.  78.  77.  80.  78.  79.  79.  61.  66.  65.  65.
   71.  72.  76.  74.  77.  75.  78.  80.  79.  75.  78.  76.  76.  78.
   76.  77.  80.  78.  80.  77.  75.  78.  77.  76.  79.  81.]]
##############################
[[ 39.  48.  53.  51.  56.  36.  37.  40.  37.  39.  32.  32.  34.  34.
   37.  33.  33.  38.  40.  42.  45.  41.  43.  41.  40.  44.  44.  47.
   46.  47.  41.  43.  41.  42.  45.  44.  46.  44.  43.  43.]
 [150. 150. 150. 150. 150. 100. 100. 100. 100. 100. 100. 100. 100. 100.
  100. 100. 100. 100. 100. 100. 100. 100. 100. 100. 100. 100. 100. 100.
  100. 100. 100. 100. 100. 100. 100. 100. 100. 100. 100. 100.]
 [ 95. 111. 111. 114. 112.  79.  77.  79.  84.  82.  59.  54.  57.  56.
   61.  62.  61.  61.  62.  63.  69.  70.  68.  66.  68.  69.  74.  76.
   72.  73.  71.  74.  74.  80.  74.  74.  75.  74.  76.  76.]
 [100. 107. 114. 119. 116.  77.  80.  78.  79.  79.  61.  66.  65.  65.
   71.  72.  76.  74.  77.  75.  78.  80.  79.  75.  78.  76.  76.  78.
   76.  77.  80.  78.  80.  77.  75.  78.  77.  76.  79.  81.]]
##############################
[[ 39.  48.  53.  51.  56.  50.  37.  40.  37.  39.  32.  32.  34.  34.
   37.  33.  33.  38.  40.  42.  45.  41.  43.  41.  40.  44.  44.  47.
   46.  47.  41.  43.  41.  42.  45.  44.  46.  44.  43.  43.]
 [150. 150. 150. 150. 150. 150. 100. 100. 100. 100. 100. 100. 100. 100.
  100. 100. 100. 100. 100. 100. 100. 100. 100. 100. 100. 100. 100. 100.
  100. 100. 100. 100. 100. 100. 100. 100. 100. 100. 100. 100.]
 [ 95. 111. 111. 114. 112. 115.  77.  79.  84.  82.  59.  54.  57.  56.
   61.  62.  61.  61.  62.  63.  69.  70.  68.  66.  68.  69.  74.  76.
   72.  73.  71.  74.  74.  80.  74.  74.  75.  74.  76.  76.]
 [100. 107. 114. 119. 116. 117.  80.  78.  79.  79.  61.  66.  65.  65.
   71.  72.  76.  74.  77.  75.  78.  80.  79.  75.  78.  76.  76.  78.
   76.  77.  80.  78.  80.  77.  75.  78.  77.  76.  79.  81.]]
##############################
[[ 39.  48.  53.  51.  56.  50.  52.  40.  37.  39.  32.  32.  34.  34.
   37.  33.  33.  38.  40.  42.  45.  41.  43.  41.  40.  44.  44.  47.
   46.  47.  41.  43.  41.  42.  45.  44.  46.  44.  43.  43.]
 [150. 150. 150. 150. 150. 150. 150. 100. 100. 100. 100. 100. 100. 100.
  100. 100. 100. 100. 100. 100. 100. 100. 100. 100. 100. 100. 100. 100.
  100. 100. 100. 100. 100. 100. 100. 100. 100. 100. 100. 100.]
 [ 95. 111. 111. 114. 112. 115. 113.  79.  84.  82.  59.  54.  57.  56.
   61.  62.  61.  61.  62.  63.  69.  70.  68.  66.  68.  69.  74.  76.
   72.  73.  71.  74.  74.  80.  74.  74.  75.  74.  76.  76.]
 [100. 107. 114. 119. 116. 117. 119.  78.  79.  79.  61.  66.  65.  65.
   71.  72.  76.  74.  77.  75.  78.  80.  79.  75.  78.  76.  76.  78.
   76.  77.  80.  78.  80.  77.  75.  78.  77.  76.  79.  81.]]
##############################
[[ 39.  48.  53.  51.  56.  50.  52.  54.  37.  39.  32.  32.  34.  34.
   37.  33.  33.  38.  40.  42.  45.  41.  43.  41.  40.  44.  44.  47.
   46.  47.  41.  43.  41.  42.  45.  44.  46.  44.  43.  43.]
 [150. 150. 150. 150. 150. 150. 150. 150. 100. 100. 100. 100. 100. 100.
  100. 100. 100. 100. 100. 100. 100. 100. 100. 100. 100. 100. 100. 100.
  100. 100. 100. 100. 100. 100. 100. 100. 100. 100. 100. 100.]
 [ 95. 111. 111. 114. 112. 115. 113. 116.  84.  82.  59.  54.  57.  56.
   61.  62.  61.  61.  62.  63.  69.  70.  68.  66.  68.  69.  74.  76.
   72.  73.  71.  74.  74.  80.  74.  74.  75.  74.  76.  76.]
 [100. 107. 114. 119. 116. 117. 119. 117.  79.  79.  61.  66.  65.  65.
   71.  72.  76.  74.  77.  75.  78.  80.  79.  75.  78.  76.  76.  78.
   76.  77.  80.  78.  80.  77.  75.  78.  77.  76.  79.  81.]]
##############################
[[ 39.  48.  53.  51.  56.  50.  52.  54.  50.  39.  32.  32.  34.  34.
   37.  33.  33.  38.  40.  42.  45.  41.  43.  41.  40.  44.  44.  47.
   46.  47.  41.  43.  41.  42.  45.  44.  46.  44.  43.  43.]
 [150. 150. 150. 150. 150. 150. 150. 150. 150. 100. 100. 100. 100. 100.
  100. 100. 100. 100. 100. 100. 100. 100. 100. 100. 100. 100. 100. 100.
  100. 100. 100. 100. 100. 100. 100. 100. 100. 100. 100. 100.]
 [ 95. 111. 111. 114. 112. 115. 113. 116. 119.  82.  59.  54.  57.  56.
   61.  62.  61.  61.  62.  63.  69.  70.  68.  66.  68.  69.  74.  76.
   72.  73.  71.  74.  74.  80.  74.  74.  75.  74.  76.  76.]
 [100. 107. 114. 119. 116. 117. 119. 117. 119.  79.  61.  66.  65.  65.
   71.  72.  76.  74.  77.  75.  78.  80.  79.  75.  78.  76.  76.  78.
   76.  77.  80.  78.  80.  77.  75.  78.  77.  76.  79.  81.]]
##############################
[[ 39.  48.  53.  51.  56.  50.  52.  54.  50.  52.  32.  32.  34.  34.
   37.  33.  33.  38.  40.  42.  45.  41.  43.  41.  40.  44.  44.  47.
   46.  47.  41.  43.  41.  42.  45.  44.  46.  44.  43.  43.]
 [150. 150. 150. 150. 150. 150. 150. 150. 150. 150. 100. 100. 100. 100.
  100. 100. 100. 100. 100. 100. 100. 100. 100. 100. 100. 100. 100. 100.
  100. 100. 100. 100. 100. 100. 100. 100. 100. 100. 100. 100.]
 [ 95. 111. 111. 114. 112. 115. 113. 116. 119. 117.  59.  54.  57.  56.
   61.  62.  61.  61.  62.  63.  69.  70.  68.  66.  68.  69.  74.  76.
   72.  73.  71.  74.  74.  80.  74.  74.  75.  74.  76.  76.]
 [100. 107. 114. 119. 116. 117. 119. 117. 119. 119.  61.  66.  65.  65.
   71.  72.  76.  74.  77.  75.  78.  80.  79.  75.  78.  76.  76.  78.
   76.  77.  80.  78.  80.  77.  75.  78.  77.  76.  79.  81.]]
##############################
[[ 39.  48.  53.  51.  56.  50.  52.  54.  50.  52.  46.  32.  34.  34.
   37.  33.  33.  38.  40.  42.  45.  41.  43.  41.  40.  44.  44.  47.
   46.  47.  41.  43.  41.  42.  45.  44.  46.  44.  43.  43.]
 [150. 150. 150. 150. 150. 150. 150. 150. 150. 150. 150. 100. 100. 100.
  100. 100. 100. 100. 100. 100. 100. 100. 100. 100. 100. 100. 100. 100.
  100. 100. 100. 100. 100. 100. 100. 100. 100. 100. 100. 100.]
 [ 95. 111. 111. 114. 112. 115. 113. 116. 119. 117.  90.  54.  57.  56.
   61.  62.  61.  61.  62.  63.  69.  70.  68.  66.  68.  69.  74.  76.
   72.  73.  71.  74.  74.  80.  74.  74.  75.  74.  76.  76.]
 [100. 107. 114. 119. 116. 117. 119. 117. 119. 119.  93.  66.  65.  65.
   71.  72.  76.  74.  77.  75.  78.  80.  79.  75.  78.  76.  76.  78.
   76.  77.  80.  78.  80.  77.  75.  78.  77.  76.  79.  81.]]
##############################
[[ 39.  48.  53.  51.  56.  50.  52.  54.  50.  52.  46.  46.  34.  34.
   37.  33.  33.  38.  40.  42.  45.  41.  43.  41.  40.  44.  44.  47.
   46.  47.  41.  43.  41.  42.  45.  44.  46.  44.  43.  43.]
 [150. 150. 150. 150. 150. 150. 150. 150. 150. 150. 150. 149. 100. 100.
  100. 100. 100. 100. 100. 100. 100. 100. 100. 100. 100. 100. 100. 100.
  100. 100. 100. 100. 100. 100. 100. 100. 100. 100. 100. 100.]
 [ 95. 111. 111. 114. 112. 115. 113. 116. 119. 117.  90.  84.  57.  56.
   61.  62.  61.  61.  62.  63.  69.  70.  68.  66.  68.  69.  74.  76.
   72.  73.  71.  74.  74.  80.  74.  74.  75.  74.  76.  76.]
 [100. 107. 114. 119. 116. 117. 119. 117. 119. 119.  93.  98.  65.  65.
   71.  72.  76.  74.  77.  75.  78.  80.  79.  75.  78.  76.  76.  78.
   76.  77.  80.  78.  80.  77.  75.  78.  77.  76.  79.  81.]]
##############################
[[ 39.  48.  53.  51.  56.  50.  52.  54.  50.  52.  46.  46.  50.  34.
   37.  33.  33.  38.  40.  42.  45.  41.  43.  41.  40.  44.  44.  47.
   46.  47.  41.  43.  41.  42.  45.  44.  46.  44.  43.  43.]
 [150. 150. 150. 150. 150. 150. 150. 150. 150. 150. 150. 149. 149. 100.
  100. 100. 100. 100. 100. 100. 100. 100. 100. 100. 100. 100. 100. 100.
  100. 100. 100. 100. 100. 100. 100. 100. 100. 100. 100. 100.]
 [ 95. 111. 111. 114. 112. 115. 113. 116. 119. 117.  90.  84.  92.  56.
   61.  62.  61.  61.  62.  63.  69.  70.  68.  66.  68.  69.  74.  76.
   72.  73.  71.  74.  74.  80.  74.  74.  75.  74.  76.  76.]
 [100. 107. 114. 119. 116. 117. 119. 117. 119. 119.  93.  98.  95.  65.
   71.  72.  76.  74.  77.  75.  78.  80.  79.  75.  78.  76.  76.  78.
   76.  77.  80.  78.  80.  77.  75.  78.  77.  76.  79.  81.]]
##############################
[[ 39.  48.  53.  51.  56.  50.  52.  54.  50.  52.  46.  46.  50.  49.
   37.  33.  33.  38.  40.  42.  45.  41.  43.  41.  40.  44.  44.  47.
   46.  47.  41.  43.  41.  42.  45.  44.  46.  44.  43.  43.]
 [150. 150. 150. 150. 150. 150. 150. 150. 150. 150. 150. 149. 149. 148.
  100. 100. 100. 100. 100. 100. 100. 100. 100. 100. 100. 100. 100. 100.
  100. 100. 100. 100. 100. 100. 100. 100. 100. 100. 100. 100.]
 [ 95. 111. 111. 114. 112. 115. 113. 116. 119. 117.  90.  84.  92.  85.
   61.  62.  61.  61.  62.  63.  69.  70.  68.  66.  68.  69.  74.  76.
   72.  73.  71.  74.  74.  80.  74.  74.  75.  74.  76.  76.]
 [100. 107. 114. 119. 116. 117. 119. 117. 119. 119.  93.  98.  95.  98.
   71.  72.  76.  74.  77.  75.  78.  80.  79.  75.  78.  76.  76.  78.
   76.  77.  80.  78.  80.  77.  75.  78.  77.  76.  79.  81.]]
##############################
[[ 39.  48.  53.  51.  56.  50.  52.  54.  50.  52.  46.  46.  50.  49.
   52.  33.  33.  38.  40.  42.  45.  41.  43.  41.  40.  44.  44.  47.
   46.  47.  41.  43.  41.  42.  45.  44.  46.  44.  43.  43.]
 [150. 150. 150. 150. 150. 150. 150. 150. 150. 150. 150. 149. 149. 148.
  148. 100. 100. 100. 100. 100. 100. 100. 100. 100. 100. 100. 100. 100.
  100. 100. 100. 100. 100. 100. 100. 100. 100. 100. 100. 100.]
 [ 95. 111. 111. 114. 112. 115. 113. 116. 119. 117.  90.  84.  92.  85.
   95.  62.  61.  61.  62.  63.  69.  70.  68.  66.  68.  69.  74.  76.
   72.  73.  71.  74.  74.  80.  74.  74.  75.  74.  76.  76.]
 [100. 107. 114. 119. 116. 117. 119. 117. 119. 119.  93.  98.  95.  98.
  103.  72.  76.  74.  77.  75.  78.  80.  79.  75.  78.  76.  76.  78.
   76.  77.  80.  78.  80.  77.  75.  78.  77.  76.  79.  81.]]
##############################
[[ 39.  48.  53.  51.  56.  50.  52.  54.  50.  52.  46.  46.  50.  49.
   52.  53.  33.  38.  40.  42.  45.  41.  43.  41.  40.  44.  44.  47.
   46.  47.  41.  43.  41.  42.  45.  44.  46.  44.  43.  43.]
 [150. 150. 150. 150. 150. 150. 150. 150. 150. 150. 150. 149. 149. 148.
  148. 148. 100. 100. 100. 100. 100. 100. 100. 100. 100. 100. 100. 100.
  100. 100. 100. 100. 100. 100. 100. 100. 100. 100. 100. 100.]
 [ 95. 111. 111. 114. 112. 115. 113. 116. 119. 117.  90.  84.  92.  85.
   95.  97.  61.  61.  62.  63.  69.  70.  68.  66.  68.  69.  74.  76.
   72.  73.  71.  74.  74.  80.  74.  74.  75.  74.  76.  76.]
 [100. 107. 114. 119. 116. 117. 119. 117. 119. 119.  93.  98.  95.  98.
  103. 106.  76.  74.  77.  75.  78.  80.  79.  75.  78.  76.  76.  78.
   76.  77.  80.  78.  80.  77.  75.  78.  77.  76.  79.  81.]]
##############################
[[ 39.  48.  53.  51.  56.  50.  52.  54.  50.  52.  46.  46.  50.  49.
   52.  53.  52.  38.  40.  42.  45.  41.  43.  41.  40.  44.  44.  47.
   46.  47.  41.  43.  41.  42.  45.  44.  46.  44.  43.  43.]
 [150. 150. 150. 150. 150. 150. 150. 150. 150. 150. 150. 149. 149. 148.
  148. 148. 148. 100. 100. 100. 100. 100. 100. 100. 100. 100. 100. 100.
  100. 100. 100. 100. 100. 100. 100. 100. 100. 100. 100. 100.]
 [ 95. 111. 111. 114. 112. 115. 113. 116. 119. 117.  90.  84.  92.  85.
   95.  97.  97.  61.  62.  63.  69.  70.  68.  66.  68.  69.  74.  76.
   72.  73.  71.  74.  74.  80.  74.  74.  75.  74.  76.  76.]
 [100. 107. 114. 119. 116. 117. 119. 117. 119. 119.  93.  98.  95.  98.
  103. 106. 112.  74.  77.  75.  78.  80.  79.  75.  78.  76.  76.  78.
   76.  77.  80.  78.  80.  77.  75.  78.  77.  76.  79.  81.]]
##############################
[[ 39.  48.  53.  51.  56.  50.  52.  54.  50.  52.  46.  46.  50.  49.
   52.  53.  52.  54.  40.  42.  45.  41.  43.  41.  40.  44.  44.  47.
   46.  47.  41.  43.  41.  42.  45.  44.  46.  44.  43.  43.]
 [150. 150. 150. 150. 150. 150. 150. 150. 150. 150. 150. 149. 149. 148.
  148. 148. 148. 148. 100. 100. 100. 100. 100. 100. 100. 100. 100. 100.
  100. 100. 100. 100. 100. 100. 100. 100. 100. 100. 100. 100.]
 [ 95. 111. 111. 114. 112. 115. 113. 116. 119. 117.  90.  84.  92.  85.
   95.  97.  97.  95.  62.  63.  69.  70.  68.  66.  68.  69.  74.  76.
   72.  73.  71.  74.  74.  80.  74.  74.  75.  74.  76.  76.]
 [100. 107. 114. 119. 116. 117. 119. 117. 119. 119.  93.  98.  95.  98.
  103. 106. 112. 109.  77.  75.  78.  80.  79.  75.  78.  76.  76.  78.
   76.  77.  80.  78.  80.  77.  75.  78.  77.  76.  79.  81.]]
##############################
[[ 39.  48.  53.  51.  56.  50.  52.  54.  50.  52.  46.  46.  50.  49.
   52.  53.  52.  54.  58.  42.  45.  41.  43.  41.  40.  44.  44.  47.
   46.  47.  41.  43.  41.  42.  45.  44.  46.  44.  43.  43.]
 [150. 150. 150. 150. 150. 150. 150. 150. 150. 150. 150. 149. 149. 148.
  148. 148. 148. 148. 148. 100. 100. 100. 100. 100. 100. 100. 100. 100.
  100. 100. 100. 100. 100. 100. 100. 100. 100. 100. 100. 100.]
 [ 95. 111. 111. 114. 112. 115. 113. 116. 119. 117.  90.  84.  92.  85.
   95.  97.  97.  95.  97.  63.  69.  70.  68.  66.  68.  69.  74.  76.
   72.  73.  71.  74.  74.  80.  74.  74.  75.  74.  76.  76.]
 [100. 107. 114. 119. 116. 117. 119. 117. 119. 119.  93.  98.  95.  98.
  103. 106. 112. 109. 111.  75.  78.  80.  79.  75.  78.  76.  76.  78.
   76.  77.  80.  78.  80.  77.  75.  78.  77.  76.  79.  81.]]
##############################
[[ 39.  48.  53.  51.  56.  50.  52.  54.  50.  52.  46.  46.  50.  49.
   52.  53.  52.  54.  58.  61.  45.  41.  43.  41.  40.  44.  44.  47.
   46.  47.  41.  43.  41.  42.  45.  44.  46.  44.  43.  43.]
 [150. 150. 150. 150. 150. 150. 150. 150. 150. 150. 150. 149. 149. 148.
  148. 148. 148. 148. 148. 147. 100. 100. 100. 100. 100. 100. 100. 100.
  100. 100. 100. 100. 100. 100. 100. 100. 100. 100. 100. 100.]
 [ 95. 111. 111. 114. 112. 115. 113. 116. 119. 117.  90.  84.  92.  85.
   95.  97.  97.  95.  97.  99.  69.  70.  68.  66.  68.  69.  74.  76.
   72.  73.  71.  74.  74.  80.  74.  74.  75.  74.  76.  76.]
 [100. 107. 114. 119. 116. 117. 119. 117. 119. 119.  93.  98.  95.  98.
  103. 106. 112. 109. 111. 109.  78.  80.  79.  75.  78.  76.  76.  78.
   76.  77.  80.  78.  80.  77.  75.  78.  77.  76.  79.  81.]]
##############################
[[ 39.  48.  53.  51.  56.  50.  52.  54.  50.  52.  46.  46.  50.  49.
   52.  53.  52.  54.  58.  61.  65.  41.  43.  41.  40.  44.  44.  47.
   46.  47.  41.  43.  41.  42.  45.  44.  46.  44.  43.  43.]
 [150. 150. 150. 150. 150. 150. 150. 150. 150. 150. 150. 149. 149. 148.
  148. 148. 148. 148. 148. 147. 148. 100. 100. 100. 100. 100. 100. 100.
  100. 100. 100. 100. 100. 100. 100. 100. 100. 100. 100. 100.]
 [ 95. 111. 111. 114. 112. 115. 113. 116. 119. 117.  90.  84.  92.  85.
   95.  97.  97.  95.  97.  99. 104.  70.  68.  66.  68.  69.  74.  76.
   72.  73.  71.  74.  74.  80.  74.  74.  75.  74.  76.  76.]
 [100. 107. 114. 119. 116. 117. 119. 117. 119. 119.  93.  98.  95.  98.
  103. 106. 112. 109. 111. 109. 111.  80.  79.  75.  78.  76.  76.  78.
   76.  77.  80.  78.  80.  77.  75.  78.  77.  76.  79.  81.]]
##############################
[[ 39.  48.  53.  51.  56.  50.  52.  54.  50.  52.  46.  46.  50.  49.
   52.  53.  52.  54.  58.  61.  65.  64.  43.  41.  40.  44.  44.  47.
   46.  47.  41.  43.  41.  42.  45.  44.  46.  44.  43.  43.]
 [150. 150. 150. 150. 150. 150. 150. 150. 150. 150. 150. 149. 149. 148.
  148. 148. 148. 148. 148. 147. 148. 148. 100. 100. 100. 100. 100. 100.
  100. 100. 100. 100. 100. 100. 100. 100. 100. 100. 100. 100.]
 [ 95. 111. 111. 114. 112. 115. 113. 116. 119. 117.  90.  84.  92.  85.
   95.  97.  97.  95.  97.  99. 104. 105.  68.  66.  68.  69.  74.  76.
   72.  73.  71.  74.  74.  80.  74.  74.  75.  74.  76.  76.]
 [100. 107. 114. 119. 116. 117. 119. 117. 119. 119.  93.  98.  95.  98.
  103. 106. 112. 109. 111. 109. 111. 114.  79.  75.  78.  76.  76.  78.
   76.  77.  80.  78.  80.  77.  75.  78.  77.  76.  79.  81.]]
##############################
[[ 39.  48.  53.  51.  56.  50.  52.  54.  50.  52.  46.  46.  50.  49.
   52.  53.  52.  54.  58.  61.  65.  64.  65.  41.  40.  44.  44.  47.
   46.  47.  41.  43.  41.  42.  45.  44.  46.  44.  43.  43.]
 [150. 150. 150. 150. 150. 150. 150. 150. 150. 150. 150. 149. 149. 148.
  148. 148. 148. 148. 148. 147. 148. 148. 148. 100. 100. 100. 100. 100.
  100. 100. 100. 100. 100. 100. 100. 100. 100. 100. 100. 100.]
 [ 95. 111. 111. 114. 112. 115. 113. 116. 119. 117.  90.  84.  92.  85.
   95.  97.  97.  95.  97.  99. 104. 105. 102.  66.  68.  69.  74.  76.
   72.  73.  71.  74.  74.  80.  74.  74.  75.  74.  76.  76.]
 [100. 107. 114. 119. 116. 117. 119. 117. 119. 119.  93.  98.  95.  98.
  103. 106. 112. 109. 111. 109. 111. 114. 112.  75.  78.  76.  76.  78.
   76.  77.  80.  78.  80.  77.  75.  78.  77.  76.  79.  81.]]
##############################
[[ 39.  48.  53.  51.  56.  50.  52.  54.  50.  52.  46.  46.  50.  49.
   52.  53.  52.  54.  58.  61.  65.  64.  65.  61.  40.  44.  44.  47.
   46.  47.  41.  43.  41.  42.  45.  44.  46.  44.  43.  43.]
 [150. 150. 150. 150. 150. 150. 150. 150. 150. 150. 150. 149. 149. 148.
  148. 148. 148. 148. 148. 147. 148. 148. 148. 148. 100. 100. 100. 100.
  100. 100. 100. 100. 100. 100. 100. 100. 100. 100. 100. 100.]
 [ 95. 111. 111. 114. 112. 115. 113. 116. 119. 117.  90.  84.  92.  85.
   95.  97.  97.  95.  97.  99. 104. 105. 102. 101.  68.  69.  74.  76.
   72.  73.  71.  74.  74.  80.  74.  74.  75.  74.  76.  76.]
 [100. 107. 114. 119. 116. 117. 119. 117. 119. 119.  93.  98.  95.  98.
  103. 106. 112. 109. 111. 109. 111. 114. 112. 105.  78.  76.  76.  78.
   76.  77.  80.  78.  80.  77.  75.  78.  77.  76.  79.  81.]]
##############################
[[ 39.  48.  53.  51.  56.  50.  52.  54.  50.  52.  46.  46.  50.  49.
   52.  53.  52.  54.  58.  61.  65.  64.  65.  61.  61.  44.  44.  47.
   46.  47.  41.  43.  41.  42.  45.  44.  46.  44.  43.  43.]
 [150. 150. 150. 150. 150. 150. 150. 150. 150. 150. 150. 149. 149. 148.
  148. 148. 148. 148. 148. 147. 148. 148. 148. 148. 148. 100. 100. 100.
  100. 100. 100. 100. 100. 100. 100. 100. 100. 100. 100. 100.]
 [ 95. 111. 111. 114. 112. 115. 113. 116. 119. 117.  90.  84.  92.  85.
   95.  97.  97.  95.  97.  99. 104. 105. 102. 101. 103.  69.  74.  76.
   72.  73.  71.  74.  74.  80.  74.  74.  75.  74.  76.  76.]
 [100. 107. 114. 119. 116. 117. 119. 117. 119. 119.  93.  98.  95.  98.
  103. 106. 112. 109. 111. 109. 111. 114. 112. 105. 112.  76.  76.  78.
   76.  77.  80.  78.  80.  77.  75.  78.  77.  76.  79.  81.]]
##############################
[[ 39.  48.  53.  51.  56.  50.  52.  54.  50.  52.  46.  46.  50.  49.
   52.  53.  52.  54.  58.  61.  65.  64.  65.  61.  61.  67.  44.  47.
   46.  47.  41.  43.  41.  42.  45.  44.  46.  44.  43.  43.]
 [150. 150. 150. 150. 150. 150. 150. 150. 150. 150. 150. 149. 149. 148.
  148. 148. 148. 148. 148. 147. 148. 148. 148. 148. 148. 148. 100. 100.
  100. 100. 100. 100. 100. 100. 100. 100. 100. 100. 100. 100.]
 [ 95. 111. 111. 114. 112. 115. 113. 116. 119. 117.  90.  84.  92.  85.
   95.  97.  97.  95.  97.  99. 104. 105. 102. 101. 103. 105.  74.  76.
   72.  73.  71.  74.  74.  80.  74.  74.  75.  74.  76.  76.]
 [100. 107. 114. 119. 116. 117. 119. 117. 119. 119.  93.  98.  95.  98.
  103. 106. 112. 109. 111. 109. 111. 114. 112. 105. 112. 112.  76.  78.
   76.  77.  80.  78.  80.  77.  75.  78.  77.  76.  79.  81.]]
##############################
[[ 39.  48.  53.  51.  56.  50.  52.  54.  50.  52.  46.  46.  50.  49.
   52.  53.  52.  54.  58.  61.  65.  64.  65.  61.  61.  67.  68.  47.
   46.  47.  41.  43.  41.  42.  45.  44.  46.  44.  43.  43.]
 [150. 150. 150. 150. 150. 150. 150. 150. 150. 150. 150. 149. 149. 148.
  148. 148. 148. 148. 148. 147. 148. 148. 148. 148. 148. 148. 149. 100.
  100. 100. 100. 100. 100. 100. 100. 100. 100. 100. 100. 100.]
 [ 95. 111. 111. 114. 112. 115. 113. 116. 119. 117.  90.  84.  92.  85.
   95.  97.  97.  95.  97.  99. 104. 105. 102. 101. 103. 105. 110.  76.
   72.  73.  71.  74.  74.  80.  74.  74.  75.  74.  76.  76.]
 [100. 107. 114. 119. 116. 117. 119. 117. 119. 119.  93.  98.  95.  98.
  103. 106. 112. 109. 111. 109. 111. 114. 112. 105. 112. 112. 110.  78.
   76.  77.  80.  78.  80.  77.  75.  78.  77.  76.  79.  81.]]
##############################
[[ 39.  48.  53.  51.  56.  50.  52.  54.  50.  52.  46.  46.  50.  49.
   52.  53.  52.  54.  58.  61.  65.  64.  65.  61.  61.  67.  68.  70.
   46.  47.  41.  43.  41.  42.  45.  44.  46.  44.  43.  43.]
 [150. 150. 150. 150. 150. 150. 150. 150. 150. 150. 150. 149. 149. 148.
  148. 148. 148. 148. 148. 147. 148. 148. 148. 148. 148. 148. 149. 148.
  100. 100. 100. 100. 100. 100. 100. 100. 100. 100. 100. 100.]
 [ 95. 111. 111. 114. 112. 115. 113. 116. 119. 117.  90.  84.  92.  85.
   95.  97.  97.  95.  97.  99. 104. 105. 102. 101. 103. 105. 110. 112.
   72.  73.  71.  74.  74.  80.  74.  74.  75.  74.  76.  76.]
 [100. 107. 114. 119. 116. 117. 119. 117. 119. 119.  93.  98.  95.  98.
  103. 106. 112. 109. 111. 109. 111. 114. 112. 105. 112. 112. 110. 111.
   76.  77.  80.  78.  80.  77.  75.  78.  77.  76.  79.  81.]]
##############################
[[ 39.  48.  53.  51.  56.  50.  52.  54.  50.  52.  46.  46.  50.  49.
   52.  53.  52.  54.  58.  61.  65.  64.  65.  61.  61.  67.  68.  70.
   69.  47.  41.  43.  41.  42.  45.  44.  46.  44.  43.  43.]
 [150. 150. 150. 150. 150. 150. 150. 150. 150. 150. 150. 149. 149. 148.
  148. 148. 148. 148. 148. 147. 148. 148. 148. 148. 148. 148. 149. 148.
  149. 100. 100. 100. 100. 100. 100. 100. 100. 100. 100. 100.]
 [ 95. 111. 111. 114. 112. 115. 113. 116. 119. 117.  90.  84.  92.  85.
   95.  97.  97.  95.  97.  99. 104. 105. 102. 101. 103. 105. 110. 112.
  108.  73.  71.  74.  74.  80.  74.  74.  75.  74.  76.  76.]
 [100. 107. 114. 119. 116. 117. 119. 117. 119. 119.  93.  98.  95.  98.
  103. 106. 112. 109. 111. 109. 111. 114. 112. 105. 112. 112. 110. 111.
  109.  77.  80.  78.  80.  77.  75.  78.  77.  76.  79.  81.]]
##############################
[[ 39.  48.  53.  51.  56.  50.  52.  54.  50.  52.  46.  46.  50.  49.
   52.  53.  52.  54.  58.  61.  65.  64.  65.  61.  61.  67.  68.  70.
   69.  68.  41.  43.  41.  42.  45.  44.  46.  44.  43.  43.]
 [150. 150. 150. 150. 150. 150. 150. 150. 150. 150. 150. 149. 149. 148.
  148. 148. 148. 148. 148. 147. 148. 148. 148. 148. 148. 148. 149. 148.
  149. 148. 100. 100. 100. 100. 100. 100. 100. 100. 100. 100.]
 [ 95. 111. 111. 114. 112. 115. 113. 116. 119. 117.  90.  84.  92.  85.
   95.  97.  97.  95.  97.  99. 104. 105. 102. 101. 103. 105. 110. 112.
  108. 108.  71.  74.  74.  80.  74.  74.  75.  74.  76.  76.]
 [100. 107. 114. 119. 116. 117. 119. 117. 119. 119.  93.  98.  95.  98.
  103. 106. 112. 109. 111. 109. 111. 114. 112. 105. 112. 112. 110. 111.
  109. 111.  80.  78.  80.  77.  75.  78.  77.  76.  79.  81.]]
##############################
[[ 39.  48.  53.  51.  56.  50.  52.  54.  50.  52.  46.  46.  50.  49.
   52.  53.  52.  54.  58.  61.  65.  64.  65.  61.  61.  67.  68.  70.
   69.  68.  61.  43.  41.  42.  45.  44.  46.  44.  43.  43.]
 [150. 150. 150. 150. 150. 150. 150. 150. 150. 150. 150. 149. 149. 148.
  148. 148. 148. 148. 148. 147. 148. 148. 148. 148. 148. 148. 149. 148.
  149. 148. 148. 100. 100. 100. 100. 100. 100. 100. 100. 100.]
 [ 95. 111. 111. 114. 112. 115. 113. 116. 119. 117.  90.  84.  92.  85.
   95.  97.  97.  95.  97.  99. 104. 105. 102. 101. 103. 105. 110. 112.
  108. 108. 105.  74.  74.  80.  74.  74.  75.  74.  76.  76.]
 [100. 107. 114. 119. 116. 117. 119. 117. 119. 119.  93.  98.  95.  98.
  103. 106. 112. 109. 111. 109. 111. 114. 112. 105. 112. 112. 110. 111.
  109. 111. 115.  78.  80.  77.  75.  78.  77.  76.  79.  81.]]
##############################
[[ 39.  48.  53.  51.  56.  50.  52.  54.  50.  52.  46.  46.  50.  49.
   52.  53.  52.  54.  58.  61.  65.  64.  65.  61.  61.  67.  68.  70.
   69.  68.  61.  64.  41.  42.  45.  44.  46.  44.  43.  43.]
 [150. 150. 150. 150. 150. 150. 150. 150. 150. 150. 150. 149. 149. 148.
  148. 148. 148. 148. 148. 147. 148. 148. 148. 148. 148. 148. 149. 148.
  149. 148. 148. 148. 100. 100. 100. 100. 100. 100. 100. 100.]
 [ 95. 111. 111. 114. 112. 115. 113. 116. 119. 117.  90.  84.  92.  85.
   95.  97.  97.  95.  97.  99. 104. 105. 102. 101. 103. 105. 110. 112.
  108. 108. 105. 110.  74.  80.  74.  74.  75.  74.  76.  76.]
 [100. 107. 114. 119. 116. 117. 119. 117. 119. 119.  93.  98.  95.  98.
  103. 106. 112. 109. 111. 109. 111. 114. 112. 105. 112. 112. 110. 111.
  109. 111. 115. 113.  80.  77.  75.  78.  77.  76.  79.  81.]]
##############################
[[ 39.  48.  53.  51.  56.  50.  52.  54.  50.  52.  46.  46.  50.  49.
   52.  53.  52.  54.  58.  61.  65.  64.  65.  61.  61.  67.  68.  70.
   69.  68.  61.  64.  61.  42.  45.  44.  46.  44.  43.  43.]
 [150. 150. 150. 150. 150. 150. 150. 150. 150. 150. 150. 149. 149. 148.
  148. 148. 148. 148. 148. 147. 148. 148. 148. 148. 148. 148. 149. 148.
  149. 148. 148. 148. 148. 100. 100. 100. 100. 100. 100. 100.]
 [ 95. 111. 111. 114. 112. 115. 113. 116. 119. 117.  90.  84.  92.  85.
   95.  97.  97.  95.  97.  99. 104. 105. 102. 101. 103. 105. 110. 112.
  108. 108. 105. 110. 110.  80.  74.  74.  75.  74.  76.  76.]
 [100. 107. 114. 119. 116. 117. 119. 117. 119. 119.  93.  98.  95.  98.
  103. 106. 112. 109. 111. 109. 111. 114. 112. 105. 112. 112. 110. 111.
  109. 111. 115. 113. 116.  77.  75.  78.  77.  76.  79.  81.]]
##############################
[[ 39.  48.  53.  51.  56.  50.  52.  54.  50.  52.  46.  46.  50.  49.
   52.  53.  52.  54.  58.  61.  65.  64.  65.  61.  61.  67.  68.  70.
   69.  68.  61.  64.  61.  64.  45.  44.  46.  44.  43.  43.]
 [150. 150. 150. 150. 150. 150. 150. 150. 150. 150. 150. 149. 149. 148.
  148. 148. 148. 148. 148. 147. 148. 148. 148. 148. 148. 148. 149. 148.
  149. 148. 148. 148. 148. 147. 100. 100. 100. 100. 100. 100.]
 [ 95. 111. 111. 114. 112. 115. 113. 116. 119. 117.  90.  84.  92.  85.
   95.  97.  97.  95.  97.  99. 104. 105. 102. 101. 103. 105. 110. 112.
  108. 108. 105. 110. 110. 115.  74.  74.  75.  74.  76.  76.]
 [100. 107. 114. 119. 116. 117. 119. 117. 119. 119.  93.  98.  95.  98.
  103. 106. 112. 109. 111. 109. 111. 114. 112. 105. 112. 112. 110. 111.
  109. 111. 115. 113. 116. 111.  75.  78.  77.  76.  79.  81.]]
##############################
[[ 39.  48.  53.  51.  56.  50.  52.  54.  50.  52.  46.  46.  50.  49.
   52.  53.  52.  54.  58.  61.  65.  64.  65.  61.  61.  67.  68.  70.
   69.  68.  61.  64.  61.  64.  68.  44.  46.  44.  43.  43.]
 [150. 150. 150. 150. 150. 150. 150. 150. 150. 150. 150. 149. 149. 148.
  148. 148. 148. 148. 148. 147. 148. 148. 148. 148. 148. 148. 149. 148.
  149. 148. 148. 148. 148. 147. 148. 100. 100. 100. 100. 100.]
 [ 95. 111. 111. 114. 112. 115. 113. 116. 119. 117.  90.  84.  92.  85.
   95.  97.  97.  95.  97.  99. 104. 105. 102. 101. 103. 105. 110. 112.
  108. 108. 105. 110. 110. 115. 110.  74.  75.  74.  76.  76.]
 [100. 107. 114. 119. 116. 117. 119. 117. 119. 119.  93.  98.  95.  98.
  103. 106. 112. 109. 111. 109. 111. 114. 112. 105. 112. 112. 110. 111.
  109. 111. 115. 113. 116. 111. 112.  78.  77.  76.  79.  81.]]
##############################
[[ 39.  48.  53.  51.  56.  50.  52.  54.  50.  52.  46.  46.  50.  49.
   52.  53.  52.  54.  58.  61.  65.  64.  65.  61.  61.  67.  68.  70.
   69.  68.  61.  64.  61.  64.  68.  66.  46.  44.  43.  43.]
 [150. 150. 150. 150. 150. 150. 150. 150. 150. 150. 150. 149. 149. 148.
  148. 148. 148. 148. 148. 147. 148. 148. 148. 148. 148. 148. 149. 148.
  149. 148. 148. 148. 148. 147. 148. 148. 100. 100. 100. 100.]
 [ 95. 111. 111. 114. 112. 115. 113. 116. 119. 117.  90.  84.  92.  85.
   95.  97.  97.  95.  97.  99. 104. 105. 102. 101. 103. 105. 110. 112.
  108. 108. 105. 110. 110. 115. 110. 110.  75.  74.  76.  76.]
 [100. 107. 114. 119. 116. 117. 119. 117. 119. 119.  93.  98.  95.  98.
  103. 106. 112. 109. 111. 109. 111. 114. 112. 105. 112. 112. 110. 111.
  109. 111. 115. 113. 116. 111. 112. 111.  77.  76.  79.  81.]]
##############################
[[ 39.  48.  53.  51.  56.  50.  52.  54.  50.  52.  46.  46.  50.  49.
   52.  53.  52.  54.  58.  61.  65.  64.  65.  61.  61.  67.  68.  70.
   69.  68.  61.  64.  61.  64.  68.  66.  68.  44.  43.  43.]
 [150. 150. 150. 150. 150. 150. 150. 150. 150. 150. 150. 149. 149. 148.
  148. 148. 148. 148. 148. 147. 148. 148. 148. 148. 148. 148. 149. 148.
  149. 148. 148. 148. 148. 147. 148. 148. 147. 100. 100. 100.]
 [ 95. 111. 111. 114. 112. 115. 113. 116. 119. 117.  90.  84.  92.  85.
   95.  97.  97.  95.  97.  99. 104. 105. 102. 101. 103. 105. 110. 112.
  108. 108. 105. 110. 110. 115. 110. 110. 112.  74.  76.  76.]
 [100. 107. 114. 119. 116. 117. 119. 117. 119. 119.  93.  98.  95.  98.
  103. 106. 112. 109. 111. 109. 111. 114. 112. 105. 112. 112. 110. 111.
  109. 111. 115. 113. 116. 111. 112. 111. 112.  76.  79.  81.]]
##############################
[[ 39.  48.  53.  51.  56.  50.  52.  54.  50.  52.  46.  46.  50.  49.
   52.  53.  52.  54.  58.  61.  65.  64.  65.  61.  61.  67.  68.  70.
   69.  68.  61.  64.  61.  64.  68.  66.  68.  66.  43.  43.]
 [150. 150. 150. 150. 150. 150. 150. 150. 150. 150. 150. 149. 149. 148.
  148. 148. 148. 148. 148. 147. 148. 148. 148. 148. 148. 148. 149. 148.
  149. 148. 148. 148. 148. 147. 148. 148. 147. 147. 100. 100.]
 [ 95. 111. 111. 114. 112. 115. 113. 116. 119. 117.  90.  84.  92.  85.
   95.  97.  97.  95.  97.  99. 104. 105. 102. 101. 103. 105. 110. 112.
  108. 108. 105. 110. 110. 115. 110. 110. 112. 110.  76.  76.]
 [100. 107. 114. 119. 116. 117. 119. 117. 119. 119.  93.  98.  95.  98.
  103. 106. 112. 109. 111. 109. 111. 114. 112. 105. 112. 112. 110. 111.
  109. 111. 115. 113. 116. 111. 112. 111. 112. 112.  79.  81.]]
##############################
[[ 39.  48.  53.  51.  56.  50.  52.  54.  50.  52.  46.  46.  50.  49.
   52.  53.  52.  54.  58.  61.  65.  64.  65.  61.  61.  67.  68.  70.
   69.  68.  61.  64.  61.  64.  68.  66.  68.  66.  65.  43.]
 [150. 150. 150. 150. 150. 150. 150. 150. 150. 150. 150. 149. 149. 148.
  148. 148. 148. 148. 148. 147. 148. 148. 148. 148. 148. 148. 149. 148.
  149. 148. 148. 148. 148. 147. 148. 148. 147. 147. 148. 100.]
 [ 95. 111. 111. 114. 112. 115. 113. 116. 119. 117.  90.  84.  92.  85.
   95.  97.  97.  95.  97.  99. 104. 105. 102. 101. 103. 105. 110. 112.
  108. 108. 105. 110. 110. 115. 110. 110. 112. 110. 113.  76.]
 [100. 107. 114. 119. 116. 117. 119. 117. 119. 119.  93.  98.  95.  98.
  103. 106. 112. 109. 111. 109. 111. 114. 112. 105. 112. 112. 110. 111.
  109. 111. 115. 113. 116. 111. 112. 111. 112. 112. 113.  81.]]
##############################
[[ 39.  48.  53.  51.  56.  50.  52.  54.  50.  52.  46.  46.  50.  49.
   52.  53.  52.  54.  58.  61.  65.  64.  65.  61.  61.  67.  68.  70.
   69.  68.  61.  64.  61.  64.  68.  66.  68.  66.  65.  64.]
 [150. 150. 150. 150. 150. 150. 150. 150. 150. 150. 150. 149. 149. 148.
  148. 148. 148. 148. 148. 147. 148. 148. 148. 148. 148. 148. 149. 148.
  149. 148. 148. 148. 148. 147. 148. 148. 147. 147. 148. 148.]
 [ 95. 111. 111. 114. 112. 115. 113. 116. 119. 117.  90.  84.  92.  85.
   95.  97.  97.  95.  97.  99. 104. 105. 102. 101. 103. 105. 110. 112.
  108. 108. 105. 110. 110. 115. 110. 110. 112. 110. 113. 113.]
 [100. 107. 114. 119. 116. 117. 119. 117. 119. 119.  93.  98.  95.  98.
  103. 106. 112. 109. 111. 109. 111. 114. 112. 105. 112. 112. 110. 111.
  109. 111. 115. 113. 116. 111. 112. 111. 112. 112. 113. 116.]]
##############################
##################################################
##################################################
starting :4 batch
[[ 53.  48.  53.  51.  56.  50.  52.  54.  50.  52.  46.  46.  50.  49.
   52.  53.  52.  54.  58.  61.  65.  64.  65.  61.  61.  67.  68.  70.
   69.  68.  61.  64.  61.  64.  68.  66.  68.  66.  65.  64.]
 [200. 150. 150. 150. 150. 150. 150. 150. 150. 150. 150. 149. 149. 148.
  148. 148. 148. 148. 148. 147. 148. 148. 148. 148. 148. 148. 149. 148.
  149. 148. 148. 148. 148. 147. 148. 148. 147. 147. 148. 148.]
 [131. 111. 111. 114. 112. 115. 113. 116. 119. 117.  90.  84.  92.  85.
   95.  97.  97.  95.  97.  99. 104. 105. 102. 101. 103. 105. 110. 112.
  108. 108. 105. 110. 110. 115. 110. 110. 112. 110. 113. 113.]
 [130. 107. 114. 119. 116. 117. 119. 117. 119. 119.  93.  98.  95.  98.
  103. 106. 112. 109. 111. 109. 111. 114. 112. 105. 112. 112. 110. 111.
  109. 111. 115. 113. 116. 111. 112. 111. 112. 112. 113. 116.]]
##############################
[[ 53.  63.  53.  51.  56.  50.  52.  54.  50.  52.  46.  46.  50.  49.
   52.  53.  52.  54.  58.  61.  65.  64.  65.  61.  61.  67.  68.  70.
   69.  68.  61.  64.  61.  64.  68.  66.  68.  66.  65.  64.]
 [200. 200. 150. 150. 150. 150. 150. 150. 150. 150. 150. 149. 149. 148.
  148. 148. 148. 148. 148. 147. 148. 148. 148. 148. 148. 148. 149. 148.
  149. 148. 148. 148. 148. 147. 148. 148. 147. 147. 148. 148.]
 [131. 149. 111. 114. 112. 115. 113. 116. 119. 117.  90.  84.  92.  85.
   95.  97.  97.  95.  97.  99. 104. 105. 102. 101. 103. 105. 110. 112.
  108. 108. 105. 110. 110. 115. 110. 110. 112. 110. 113. 113.]
 [130. 142. 114. 119. 116. 117. 119. 117. 119. 119.  93.  98.  95.  98.
  103. 106. 112. 109. 111. 109. 111. 114. 112. 105. 112. 112. 110. 111.
  109. 111. 115. 113. 116. 111. 112. 111. 112. 112. 113. 116.]]
##############################
[[ 53.  63.  68.  51.  56.  50.  52.  54.  50.  52.  46.  46.  50.  49.
   52.  53.  52.  54.  58.  61.  65.  64.  65.  61.  61.  67.  68.  70.
   69.  68.  61.  64.  61.  64.  68.  66.  68.  66.  65.  64.]
 [200. 200. 200. 150. 150. 150. 150. 150. 150. 150. 150. 149. 149. 148.
  148. 148. 148. 148. 148. 147. 148. 148. 148. 148. 148. 148. 149. 148.
  149. 148. 148. 148. 148. 147. 148. 148. 147. 147. 148. 148.]
 [131. 149. 151. 114. 112. 115. 113. 116. 119. 117.  90.  84.  92.  85.
   95.  97.  97.  95.  97.  99. 104. 105. 102. 101. 103. 105. 110. 112.
  108. 108. 105. 110. 110. 115. 110. 110. 112. 110. 113. 113.]
 [130. 142. 149. 119. 116. 117. 119. 117. 119. 119.  93.  98.  95.  98.
  103. 106. 112. 109. 111. 109. 111. 114. 112. 105. 112. 112. 110. 111.
  109. 111. 115. 113. 116. 111. 112. 111. 112. 112. 113. 116.]]
##############################
[[ 53.  63.  68.  66.  56.  50.  52.  54.  50.  52.  46.  46.  50.  49.
   52.  53.  52.  54.  58.  61.  65.  64.  65.  61.  61.  67.  68.  70.
   69.  68.  61.  64.  61.  64.  68.  66.  68.  66.  65.  64.]
 [200. 200. 200. 200. 150. 150. 150. 150. 150. 150. 150. 149. 149. 148.
  148. 148. 148. 148. 148. 147. 148. 148. 148. 148. 148. 148. 149. 148.
  149. 148. 148. 148. 148. 147. 148. 148. 147. 147. 148. 148.]
 [131. 149. 151. 153. 112. 115. 113. 116. 119. 117.  90.  84.  92.  85.
   95.  97.  97.  95.  97.  99. 104. 105. 102. 101. 103. 105. 110. 112.
  108. 108. 105. 110. 110. 115. 110. 110. 112. 110. 113. 113.]
 [130. 142. 149. 152. 116. 117. 119. 117. 119. 119.  93.  98.  95.  98.
  103. 106. 112. 109. 111. 109. 111. 114. 112. 105. 112. 112. 110. 111.
  109. 111. 115. 113. 116. 111. 112. 111. 112. 112. 113. 116.]]
##############################
[[ 53.  63.  68.  66.  68.  50.  52.  54.  50.  52.  46.  46.  50.  49.
   52.  53.  52.  54.  58.  61.  65.  64.  65.  61.  61.  67.  68.  70.
   69.  68.  61.  64.  61.  64.  68.  66.  68.  66.  65.  64.]
 [200. 200. 200. 200. 200. 150. 150. 150. 150. 150. 150. 149. 149. 148.
  148. 148. 148. 148. 148. 147. 148. 148. 148. 148. 148. 148. 149. 148.
  149. 148. 148. 148. 148. 147. 148. 148. 147. 147. 148. 148.]
 [131. 149. 151. 153. 151. 115. 113. 116. 119. 117.  90.  84.  92.  85.
   95.  97.  97.  95.  97.  99. 104. 105. 102. 101. 103. 105. 110. 112.
  108. 108. 105. 110. 110. 115. 110. 110. 112. 110. 113. 113.]
 [130. 142. 149. 152. 154. 117. 119. 117. 119. 119.  93.  98.  95.  98.
  103. 106. 112. 109. 111. 109. 111. 114. 112. 105. 112. 112. 110. 111.
  109. 111. 115. 113. 116. 111. 112. 111. 112. 112. 113. 116.]]
##############################
[[ 53.  63.  68.  66.  68.  65.  52.  54.  50.  52.  46.  46.  50.  49.
   52.  53.  52.  54.  58.  61.  65.  64.  65.  61.  61.  67.  68.  70.
   69.  68.  61.  64.  61.  64.  68.  66.  68.  66.  65.  64.]
 [200. 200. 200. 200. 200. 200. 150. 150. 150. 150. 150. 149. 149. 148.
  148. 148. 148. 148. 148. 147. 148. 148. 148. 148. 148. 148. 149. 148.
  149. 148. 148. 148. 148. 147. 148. 148. 147. 147. 148. 148.]
 [131. 149. 151. 153. 151. 155. 113. 116. 119. 117.  90.  84.  92.  85.
   95.  97.  97.  95.  97.  99. 104. 105. 102. 101. 103. 105. 110. 112.
  108. 108. 105. 110. 110. 115. 110. 110. 112. 110. 113. 113.]
 [130. 142. 149. 152. 154. 154. 119. 117. 119. 119.  93.  98.  95.  98.
  103. 106. 112. 109. 111. 109. 111. 114. 112. 105. 112. 112. 110. 111.
  109. 111. 115. 113. 116. 111. 112. 111. 112. 112. 113. 116.]]
##############################
[[ 53.  63.  68.  66.  68.  65.  65.  54.  50.  52.  46.  46.  50.  49.
   52.  53.  52.  54.  58.  61.  65.  64.  65.  61.  61.  67.  68.  70.
   69.  68.  61.  64.  61.  64.  68.  66.  68.  66.  65.  64.]
 [200. 200. 200. 200. 200. 200. 200. 150. 150. 150. 150. 149. 149. 148.
  148. 148. 148. 148. 148. 147. 148. 148. 148. 148. 148. 148. 149. 148.
  149. 148. 148. 148. 148. 147. 148. 148. 147. 147. 148. 148.]
 [131. 149. 151. 153. 151. 155. 151. 116. 119. 117.  90.  84.  92.  85.
   95.  97.  97.  95.  97.  99. 104. 105. 102. 101. 103. 105. 110. 112.
  108. 108. 105. 110. 110. 115. 110. 110. 112. 110. 113. 113.]
 [130. 142. 149. 152. 154. 154. 156. 117. 119. 119.  93.  98.  95.  98.
  103. 106. 112. 109. 111. 109. 111. 114. 112. 105. 112. 112. 110. 111.
  109. 111. 115. 113. 116. 111. 112. 111. 112. 112. 113. 116.]]
##############################
[[ 53.  63.  68.  66.  68.  65.  65.  64.  50.  52.  46.  46.  50.  49.
   52.  53.  52.  54.  58.  61.  65.  64.  65.  61.  61.  67.  68.  70.
   69.  68.  61.  64.  61.  64.  68.  66.  68.  66.  65.  64.]
 [200. 200. 200. 200. 200. 200. 200. 200. 150. 150. 150. 149. 149. 148.
  148. 148. 148. 148. 148. 147. 148. 148. 148. 148. 148. 148. 149. 148.
  149. 148. 148. 148. 148. 147. 148. 148. 147. 147. 148. 148.]
 [131. 149. 151. 153. 151. 155. 151. 156. 119. 117.  90.  84.  92.  85.
   95.  97.  97.  95.  97.  99. 104. 105. 102. 101. 103. 105. 110. 112.
  108. 108. 105. 110. 110. 115. 110. 110. 112. 110. 113. 113.]
 [130. 142. 149. 152. 154. 154. 156. 153. 119. 119.  93.  98.  95.  98.
  103. 106. 112. 109. 111. 109. 111. 114. 112. 105. 112. 112. 110. 111.
  109. 111. 115. 113. 116. 111. 112. 111. 112. 112. 113. 116.]]
##############################
[[ 53.  63.  68.  66.  68.  65.  65.  64.  63.  52.  46.  46.  50.  49.
   52.  53.  52.  54.  58.  61.  65.  64.  65.  61.  61.  67.  68.  70.
   69.  68.  61.  64.  61.  64.  68.  66.  68.  66.  65.  64.]
 [200. 200. 200. 200. 200. 200. 200. 200. 200. 150. 150. 149. 149. 148.
  148. 148. 148. 148. 148. 147. 148. 148. 148. 148. 148. 148. 149. 148.
  149. 148. 148. 148. 148. 147. 148. 148. 147. 147. 148. 148.]
 [131. 149. 151. 153. 151. 155. 151. 156. 159. 117.  90.  84.  92.  85.
   95.  97.  97.  95.  97.  99. 104. 105. 102. 101. 103. 105. 110. 112.
  108. 108. 105. 110. 110. 115. 110. 110. 112. 110. 113. 113.]
 [130. 142. 149. 152. 154. 154. 156. 153. 156. 119.  93.  98.  95.  98.
  103. 106. 112. 109. 111. 109. 111. 114. 112. 105. 112. 112. 110. 111.
  109. 111. 115. 113. 116. 111. 112. 111. 112. 112. 113. 116.]]
##############################
[[ 53.  63.  68.  66.  68.  65.  65.  64.  63.  65.  46.  46.  50.  49.
   52.  53.  52.  54.  58.  61.  65.  64.  65.  61.  61.  67.  68.  70.
   69.  68.  61.  64.  61.  64.  68.  66.  68.  66.  65.  64.]
 [200. 200. 200. 200. 200. 200. 200. 200. 200. 200. 150. 149. 149. 148.
  148. 148. 148. 148. 148. 147. 148. 148. 148. 148. 148. 148. 149. 148.
  149. 148. 148. 148. 148. 147. 148. 148. 147. 147. 148. 148.]
 [131. 149. 151. 153. 151. 155. 151. 156. 159. 156.  90.  84.  92.  85.
   95.  97.  97.  95.  97.  99. 104. 105. 102. 101. 103. 105. 110. 112.
  108. 108. 105. 110. 110. 115. 110. 110. 112. 110. 113. 113.]
 [130. 142. 149. 152. 154. 154. 156. 153. 156. 157.  93.  98.  95.  98.
  103. 106. 112. 109. 111. 109. 111. 114. 112. 105. 112. 112. 110. 111.
  109. 111. 115. 113. 116. 111. 112. 111. 112. 112. 113. 116.]]
##############################
[[ 53.  63.  68.  66.  68.  65.  65.  64.  63.  65.  55.  46.  50.  49.
   52.  53.  52.  54.  58.  61.  65.  64.  65.  61.  61.  67.  68.  70.
   69.  68.  61.  64.  61.  64.  68.  66.  68.  66.  65.  64.]
 [200. 200. 200. 200. 200. 200. 200. 200. 200. 200. 200. 149. 149. 148.
  148. 148. 148. 148. 148. 147. 148. 148. 148. 148. 148. 148. 149. 148.
  149. 148. 148. 148. 148. 147. 148. 148. 147. 147. 148. 148.]
 [131. 149. 151. 153. 151. 155. 151. 156. 159. 156. 125.  84.  92.  85.
   95.  97.  97.  95.  97.  99. 104. 105. 102. 101. 103. 105. 110. 112.
  108. 108. 105. 110. 110. 115. 110. 110. 112. 110. 113. 113.]
 [130. 142. 149. 152. 154. 154. 156. 153. 156. 157. 126.  98.  95.  98.
  103. 106. 112. 109. 111. 109. 111. 114. 112. 105. 112. 112. 110. 111.
  109. 111. 115. 113. 116. 111. 112. 111. 112. 112. 113. 116.]]
##############################
[[ 53.  63.  68.  66.  68.  65.  65.  64.  63.  65.  55.  58.  50.  49.
   52.  53.  52.  54.  58.  61.  65.  64.  65.  61.  61.  67.  68.  70.
   69.  68.  61.  64.  61.  64.  68.  66.  68.  66.  65.  64.]
 [200. 200. 200. 200. 200. 200. 200. 200. 200. 200. 200. 199. 149. 148.
  148. 148. 148. 148. 148. 147. 148. 148. 148. 148. 148. 148. 149. 148.
  149. 148. 148. 148. 148. 147. 148. 148. 147. 147. 148. 148.]
 [131. 149. 151. 153. 151. 155. 151. 156. 159. 156. 125. 117.  92.  85.
   95.  97.  97.  95.  97.  99. 104. 105. 102. 101. 103. 105. 110. 112.
  108. 108. 105. 110. 110. 115. 110. 110. 112. 110. 113. 113.]
 [130. 142. 149. 152. 154. 154. 156. 153. 156. 157. 126. 131.  95.  98.
  103. 106. 112. 109. 111. 109. 111. 114. 112. 105. 112. 112. 110. 111.
  109. 111. 115. 113. 116. 111. 112. 111. 112. 112. 113. 116.]]
##############################
[[ 53.  63.  68.  66.  68.  65.  65.  64.  63.  65.  55.  58.  62.  49.
   52.  53.  52.  54.  58.  61.  65.  64.  65.  61.  61.  67.  68.  70.
   69.  68.  61.  64.  61.  64.  68.  66.  68.  66.  65.  64.]
 [200. 200. 200. 200. 200. 200. 200. 200. 200. 200. 200. 199. 199. 148.
  148. 148. 148. 148. 148. 147. 148. 148. 148. 148. 148. 148. 149. 148.
  149. 148. 148. 148. 148. 147. 148. 148. 147. 147. 148. 148.]
 [131. 149. 151. 153. 151. 155. 151. 156. 159. 156. 125. 117. 126.  85.
   95.  97.  97.  95.  97.  99. 104. 105. 102. 101. 103. 105. 110. 112.
  108. 108. 105. 110. 110. 115. 110. 110. 112. 110. 113. 113.]
 [130. 142. 149. 152. 154. 154. 156. 153. 156. 157. 126. 131. 129.  98.
  103. 106. 112. 109. 111. 109. 111. 114. 112. 105. 112. 112. 110. 111.
  109. 111. 115. 113. 116. 111. 112. 111. 112. 112. 113. 116.]]
##############################
[[ 53.  63.  68.  66.  68.  65.  65.  64.  63.  65.  55.  58.  62.  61.
   52.  53.  52.  54.  58.  61.  65.  64.  65.  61.  61.  67.  68.  70.
   69.  68.  61.  64.  61.  64.  68.  66.  68.  66.  65.  64.]
 [200. 200. 200. 200. 200. 200. 200. 200. 200. 200. 200. 199. 199. 198.
  148. 148. 148. 148. 148. 147. 148. 148. 148. 148. 148. 148. 149. 148.
  149. 148. 148. 148. 148. 147. 148. 148. 147. 147. 148. 148.]
 [131. 149. 151. 153. 151. 155. 151. 156. 159. 156. 125. 117. 126. 119.
   95.  97.  97.  95.  97.  99. 104. 105. 102. 101. 103. 105. 110. 112.
  108. 108. 105. 110. 110. 115. 110. 110. 112. 110. 113. 113.]
 [130. 142. 149. 152. 154. 154. 156. 153. 156. 157. 126. 131. 129. 129.
  103. 106. 112. 109. 111. 109. 111. 114. 112. 105. 112. 112. 110. 111.
  109. 111. 115. 113. 116. 111. 112. 111. 112. 112. 113. 116.]]
##############################
[[ 53.  63.  68.  66.  68.  65.  65.  64.  63.  65.  55.  58.  62.  61.
   66.  53.  52.  54.  58.  61.  65.  64.  65.  61.  61.  67.  68.  70.
   69.  68.  61.  64.  61.  64.  68.  66.  68.  66.  65.  64.]
 [200. 200. 200. 200. 200. 200. 200. 200. 200. 200. 200. 199. 199. 198.
  198. 148. 148. 148. 148. 147. 148. 148. 148. 148. 148. 148. 149. 148.
  149. 148. 148. 148. 148. 147. 148. 148. 147. 147. 148. 148.]
 [131. 149. 151. 153. 151. 155. 151. 156. 159. 156. 125. 117. 126. 119.
  130.  97.  97.  95.  97.  99. 104. 105. 102. 101. 103. 105. 110. 112.
  108. 108. 105. 110. 110. 115. 110. 110. 112. 110. 113. 113.]
 [130. 142. 149. 152. 154. 154. 156. 153. 156. 157. 126. 131. 129. 129.
  132. 106. 112. 109. 111. 109. 111. 114. 112. 105. 112. 112. 110. 111.
  109. 111. 115. 113. 116. 111. 112. 111. 112. 112. 113. 116.]]
##############################
[[ 53.  63.  68.  66.  68.  65.  65.  64.  63.  65.  55.  58.  62.  61.
   66.  71.  52.  54.  58.  61.  65.  64.  65.  61.  61.  67.  68.  70.
   69.  68.  61.  64.  61.  64.  68.  66.  68.  66.  65.  64.]
 [200. 200. 200. 200. 200. 200. 200. 200. 200. 200. 200. 199. 199. 198.
  198. 198. 148. 148. 148. 147. 148. 148. 148. 148. 148. 148. 149. 148.
  149. 148. 148. 148. 148. 147. 148. 148. 147. 147. 148. 148.]
 [131. 149. 151. 153. 151. 155. 151. 156. 159. 156. 125. 117. 126. 119.
  130. 129.  97.  95.  97.  99. 104. 105. 102. 101. 103. 105. 110. 112.
  108. 108. 105. 110. 110. 115. 110. 110. 112. 110. 113. 113.]
 [130. 142. 149. 152. 154. 154. 156. 153. 156. 157. 126. 131. 129. 129.
  132. 136. 112. 109. 111. 109. 111. 114. 112. 105. 112. 112. 110. 111.
  109. 111. 115. 113. 116. 111. 112. 111. 112. 112. 113. 116.]]
##############################
[[ 53.  63.  68.  66.  68.  65.  65.  64.  63.  65.  55.  58.  62.  61.
   66.  71.  68.  54.  58.  61.  65.  64.  65.  61.  61.  67.  68.  70.
   69.  68.  61.  64.  61.  64.  68.  66.  68.  66.  65.  64.]
 [200. 200. 200. 200. 200. 200. 200. 200. 200. 200. 200. 199. 199. 198.
  198. 198. 198. 148. 148. 147. 148. 148. 148. 148. 148. 148. 149. 148.
  149. 148. 148. 148. 148. 147. 148. 148. 147. 147. 148. 148.]
 [131. 149. 151. 153. 151. 155. 151. 156. 159. 156. 125. 117. 126. 119.
  130. 129. 131.  95.  97.  99. 104. 105. 102. 101. 103. 105. 110. 112.
  108. 108. 105. 110. 110. 115. 110. 110. 112. 110. 113. 113.]
 [130. 142. 149. 152. 154. 154. 156. 153. 156. 157. 126. 131. 129. 129.
  132. 136. 146. 109. 111. 109. 111. 114. 112. 105. 112. 112. 110. 111.
  109. 111. 115. 113. 116. 111. 112. 111. 112. 112. 113. 116.]]
##############################
[[ 53.  63.  68.  66.  68.  65.  65.  64.  63.  65.  55.  58.  62.  61.
   66.  71.  68.  72.  58.  61.  65.  64.  65.  61.  61.  67.  68.  70.
   69.  68.  61.  64.  61.  64.  68.  66.  68.  66.  65.  64.]
 [200. 200. 200. 200. 200. 200. 200. 200. 200. 200. 200. 199. 199. 198.
  198. 198. 198. 198. 148. 147. 148. 148. 148. 148. 148. 148. 149. 148.
  149. 148. 148. 148. 148. 147. 148. 148. 147. 147. 148. 148.]
 [131. 149. 151. 153. 151. 155. 151. 156. 159. 156. 125. 117. 126. 119.
  130. 129. 131. 132.  97.  99. 104. 105. 102. 101. 103. 105. 110. 112.
  108. 108. 105. 110. 110. 115. 110. 110. 112. 110. 113. 113.]
 [130. 142. 149. 152. 154. 154. 156. 153. 156. 157. 126. 131. 129. 129.
  132. 136. 146. 143. 111. 109. 111. 114. 112. 105. 112. 112. 110. 111.
  109. 111. 115. 113. 116. 111. 112. 111. 112. 112. 113. 116.]]
##############################
[[ 53.  63.  68.  66.  68.  65.  65.  64.  63.  65.  55.  58.  62.  61.
   66.  71.  68.  72.  77.  61.  65.  64.  65.  61.  61.  67.  68.  70.
   69.  68.  61.  64.  61.  64.  68.  66.  68.  66.  65.  64.]
 [200. 200. 200. 200. 200. 200. 200. 200. 200. 200. 200. 199. 199. 198.
  198. 198. 198. 198. 198. 147. 148. 148. 148. 148. 148. 148. 149. 148.
  149. 148. 148. 148. 148. 147. 148. 148. 147. 147. 148. 148.]
 [131. 149. 151. 153. 151. 155. 151. 156. 159. 156. 125. 117. 126. 119.
  130. 129. 131. 132. 135.  99. 104. 105. 102. 101. 103. 105. 110. 112.
  108. 108. 105. 110. 110. 115. 110. 110. 112. 110. 113. 113.]
 [130. 142. 149. 152. 154. 154. 156. 153. 156. 157. 126. 131. 129. 129.
  132. 136. 146. 143. 147. 109. 111. 114. 112. 105. 112. 112. 110. 111.
  109. 111. 115. 113. 116. 111. 112. 111. 112. 112. 113. 116.]]
##############################
[[ 53.  63.  68.  66.  68.  65.  65.  64.  63.  65.  55.  58.  62.  61.
   66.  71.  68.  72.  77.  79.  65.  64.  65.  61.  61.  67.  68.  70.
   69.  68.  61.  64.  61.  64.  68.  66.  68.  66.  65.  64.]
 [200. 200. 200. 200. 200. 200. 200. 200. 200. 200. 200. 199. 199. 198.
  198. 198. 198. 198. 198. 197. 148. 148. 148. 148. 148. 148. 149. 148.
  149. 148. 148. 148. 148. 147. 148. 148. 147. 147. 148. 148.]
 [131. 149. 151. 153. 151. 155. 151. 156. 159. 156. 125. 117. 126. 119.
  130. 129. 131. 132. 135. 134. 104. 105. 102. 101. 103. 105. 110. 112.
  108. 108. 105. 110. 110. 115. 110. 110. 112. 110. 113. 113.]
 [130. 142. 149. 152. 154. 154. 156. 153. 156. 157. 126. 131. 129. 129.
  132. 136. 146. 143. 147. 141. 111. 114. 112. 105. 112. 112. 110. 111.
  109. 111. 115. 113. 116. 111. 112. 111. 112. 112. 113. 116.]]
##############################
[[ 53.  63.  68.  66.  68.  65.  65.  64.  63.  65.  55.  58.  62.  61.
   66.  71.  68.  72.  77.  79.  81.  64.  65.  61.  61.  67.  68.  70.
   69.  68.  61.  64.  61.  64.  68.  66.  68.  66.  65.  64.]
 [200. 200. 200. 200. 200. 200. 200. 200. 200. 200. 200. 199. 199. 198.
  198. 198. 198. 198. 198. 197. 198. 148. 148. 148. 148. 148. 149. 148.
  149. 148. 148. 148. 148. 147. 148. 148. 147. 147. 148. 148.]
 [131. 149. 151. 153. 151. 155. 151. 156. 159. 156. 125. 117. 126. 119.
  130. 129. 131. 132. 135. 134. 139. 105. 102. 101. 103. 105. 110. 112.
  108. 108. 105. 110. 110. 115. 110. 110. 112. 110. 113. 113.]
 [130. 142. 149. 152. 154. 154. 156. 153. 156. 157. 126. 131. 129. 129.
  132. 136. 146. 143. 147. 141. 146. 114. 112. 105. 112. 112. 110. 111.
  109. 111. 115. 113. 116. 111. 112. 111. 112. 112. 113. 116.]]
##############################
[[ 53.  63.  68.  66.  68.  65.  65.  64.  63.  65.  55.  58.  62.  61.
   66.  71.  68.  72.  77.  79.  81.  82.  65.  61.  61.  67.  68.  70.
   69.  68.  61.  64.  61.  64.  68.  66.  68.  66.  65.  64.]
 [200. 200. 200. 200. 200. 200. 200. 200. 200. 200. 200. 199. 199. 198.
  198. 198. 198. 198. 198. 197. 198. 198. 148. 148. 148. 148. 149. 148.
  149. 148. 148. 148. 148. 147. 148. 148. 147. 147. 148. 148.]
 [131. 149. 151. 153. 151. 155. 151. 156. 159. 156. 125. 117. 126. 119.
  130. 129. 131. 132. 135. 134. 139. 142. 102. 101. 103. 105. 110. 112.
  108. 108. 105. 110. 110. 115. 110. 110. 112. 110. 113. 113.]
 [130. 142. 149. 152. 154. 154. 156. 153. 156. 157. 126. 131. 129. 129.
  132. 136. 146. 143. 147. 141. 146. 148. 112. 105. 112. 112. 110. 111.
  109. 111. 115. 113. 116. 111. 112. 111. 112. 112. 113. 116.]]
##############################
[[ 53.  63.  68.  66.  68.  65.  65.  64.  63.  65.  55.  58.  62.  61.
   66.  71.  68.  72.  77.  79.  81.  82.  83.  61.  61.  67.  68.  70.
   69.  68.  61.  64.  61.  64.  68.  66.  68.  66.  65.  64.]
 [200. 200. 200. 200. 200. 200. 200. 200. 200. 200. 200. 199. 199. 198.
  198. 198. 198. 198. 198. 197. 198. 198. 198. 148. 148. 148. 149. 148.
  149. 148. 148. 148. 148. 147. 148. 148. 147. 147. 148. 148.]
 [131. 149. 151. 153. 151. 155. 151. 156. 159. 156. 125. 117. 126. 119.
  130. 129. 131. 132. 135. 134. 139. 142. 140. 101. 103. 105. 110. 112.
  108. 108. 105. 110. 110. 115. 110. 110. 112. 110. 113. 113.]
 [130. 142. 149. 152. 154. 154. 156. 153. 156. 157. 126. 131. 129. 129.
  132. 136. 146. 143. 147. 141. 146. 148. 146. 105. 112. 112. 110. 111.
  109. 111. 115. 113. 116. 111. 112. 111. 112. 112. 113. 116.]]
##############################
[[ 53.  63.  68.  66.  68.  65.  65.  64.  63.  65.  55.  58.  62.  61.
   66.  71.  68.  72.  77.  79.  81.  82.  83.  78.  61.  67.  68.  70.
   69.  68.  61.  64.  61.  64.  68.  66.  68.  66.  65.  64.]
 [200. 200. 200. 200. 200. 200. 200. 200. 200. 200. 200. 199. 199. 198.
  198. 198. 198. 198. 198. 197. 198. 198. 198. 198. 148. 148. 149. 148.
  149. 148. 148. 148. 148. 147. 148. 148. 147. 147. 148. 148.]
 [131. 149. 151. 153. 151. 155. 151. 156. 159. 156. 125. 117. 126. 119.
  130. 129. 131. 132. 135. 134. 139. 142. 140. 137. 103. 105. 110. 112.
  108. 108. 105. 110. 110. 115. 110. 110. 112. 110. 113. 113.]
 [130. 142. 149. 152. 154. 154. 156. 153. 156. 157. 126. 131. 129. 129.
  132. 136. 146. 143. 147. 141. 146. 148. 146. 142. 112. 112. 110. 111.
  109. 111. 115. 113. 116. 111. 112. 111. 112. 112. 113. 116.]]
##############################
[[ 53.  63.  68.  66.  68.  65.  65.  64.  63.  65.  55.  58.  62.  61.
   66.  71.  68.  72.  77.  79.  81.  82.  83.  78.  80.  67.  68.  70.
   69.  68.  61.  64.  61.  64.  68.  66.  68.  66.  65.  64.]
 [200. 200. 200. 200. 200. 200. 200. 200. 200. 200. 200. 199. 199. 198.
  198. 198. 198. 198. 198. 197. 198. 198. 198. 198. 197. 148. 149. 148.
  149. 148. 148. 148. 148. 147. 148. 148. 147. 147. 148. 148.]
 [131. 149. 151. 153. 151. 155. 151. 156. 159. 156. 125. 117. 126. 119.
  130. 129. 131. 132. 135. 134. 139. 142. 140. 137. 141. 105. 110. 112.
  108. 108. 105. 110. 110. 115. 110. 110. 112. 110. 113. 113.]
 [130. 142. 149. 152. 154. 154. 156. 153. 156. 157. 126. 131. 129. 129.
  132. 136. 146. 143. 147. 141. 146. 148. 146. 142. 148. 112. 110. 111.
  109. 111. 115. 113. 116. 111. 112. 111. 112. 112. 113. 116.]]
##############################
[[ 53.  63.  68.  66.  68.  65.  65.  64.  63.  65.  55.  58.  62.  61.
   66.  71.  68.  72.  77.  79.  81.  82.  83.  78.  80.  82.  68.  70.
   69.  68.  61.  64.  61.  64.  68.  66.  68.  66.  65.  64.]
 [200. 200. 200. 200. 200. 200. 200. 200. 200. 200. 200. 199. 199. 198.
  198. 198. 198. 198. 198. 197. 198. 198. 198. 198. 197. 198. 149. 148.
  149. 148. 148. 148. 148. 147. 148. 148. 147. 147. 148. 148.]
 [131. 149. 151. 153. 151. 155. 151. 156. 159. 156. 125. 117. 126. 119.
  130. 129. 131. 132. 135. 134. 139. 142. 140. 137. 141. 143. 110. 112.
  108. 108. 105. 110. 110. 115. 110. 110. 112. 110. 113. 113.]
 [130. 142. 149. 152. 154. 154. 156. 153. 156. 157. 126. 131. 129. 129.
  132. 136. 146. 143. 147. 141. 146. 148. 146. 142. 148. 149. 110. 111.
  109. 111. 115. 113. 116. 111. 112. 111. 112. 112. 113. 116.]]
##############################
[[ 53.  63.  68.  66.  68.  65.  65.  64.  63.  65.  55.  58.  62.  61.
   66.  71.  68.  72.  77.  79.  81.  82.  83.  78.  80.  82.  87.  70.
   69.  68.  61.  64.  61.  64.  68.  66.  68.  66.  65.  64.]
 [200. 200. 200. 200. 200. 200. 200. 200. 200. 200. 200. 199. 199. 198.
  198. 198. 198. 198. 198. 197. 198. 198. 198. 198. 197. 198. 198. 148.
  149. 148. 148. 148. 148. 147. 148. 148. 147. 147. 148. 148.]
 [131. 149. 151. 153. 151. 155. 151. 156. 159. 156. 125. 117. 126. 119.
  130. 129. 131. 132. 135. 134. 139. 142. 140. 137. 141. 143. 145. 112.
  108. 108. 105. 110. 110. 115. 110. 110. 112. 110. 113. 113.]
 [130. 142. 149. 152. 154. 154. 156. 153. 156. 157. 126. 131. 129. 129.
  132. 136. 146. 143. 147. 141. 146. 148. 146. 142. 148. 149. 149. 111.
  109. 111. 115. 113. 116. 111. 112. 111. 112. 112. 113. 116.]]
##############################
[[ 53.  63.  68.  66.  68.  65.  65.  64.  63.  65.  55.  58.  62.  61.
   66.  71.  68.  72.  77.  79.  81.  82.  83.  78.  80.  82.  87.  89.
   69.  68.  61.  64.  61.  64.  68.  66.  68.  66.  65.  64.]
 [200. 200. 200. 200. 200. 200. 200. 200. 200. 200. 200. 199. 199. 198.
  198. 198. 198. 198. 198. 197. 198. 198. 198. 198. 197. 198. 198. 198.
  149. 148. 148. 148. 148. 147. 148. 148. 147. 147. 148. 148.]
 [131. 149. 151. 153. 151. 155. 151. 156. 159. 156. 125. 117. 126. 119.
  130. 129. 131. 132. 135. 134. 139. 142. 140. 137. 141. 143. 145. 150.
  108. 108. 105. 110. 110. 115. 110. 110. 112. 110. 113. 113.]
 [130. 142. 149. 152. 154. 154. 156. 153. 156. 157. 126. 131. 129. 129.
  132. 136. 146. 143. 147. 141. 146. 148. 146. 142. 148. 149. 149. 146.
  109. 111. 115. 113. 116. 111. 112. 111. 112. 112. 113. 116.]]
##############################
[[ 53.  63.  68.  66.  68.  65.  65.  64.  63.  65.  55.  58.  62.  61.
   66.  71.  68.  72.  77.  79.  81.  82.  83.  78.  80.  82.  87.  89.
   90.  68.  61.  64.  61.  64.  68.  66.  68.  66.  65.  64.]
 [200. 200. 200. 200. 200. 200. 200. 200. 200. 200. 200. 199. 199. 198.
  198. 198. 198. 198. 198. 197. 198. 198. 198. 198. 197. 198. 198. 198.
  199. 148. 148. 148. 148. 147. 148. 148. 147. 147. 148. 148.]
 [131. 149. 151. 153. 151. 155. 151. 156. 159. 156. 125. 117. 126. 119.
  130. 129. 131. 132. 135. 134. 139. 142. 140. 137. 141. 143. 145. 150.
  145. 108. 105. 110. 110. 115. 110. 110. 112. 110. 113. 113.]
 [130. 142. 149. 152. 154. 154. 156. 153. 156. 157. 126. 131. 129. 129.
  132. 136. 146. 143. 147. 141. 146. 148. 146. 142. 148. 149. 149. 146.
  147. 111. 115. 113. 116. 111. 112. 111. 112. 112. 113. 116.]]
##############################
[[ 53.  63.  68.  66.  68.  65.  65.  64.  63.  65.  55.  58.  62.  61.
   66.  71.  68.  72.  77.  79.  81.  82.  83.  78.  80.  82.  87.  89.
   90.  85.  61.  64.  61.  64.  68.  66.  68.  66.  65.  64.]
 [200. 200. 200. 200. 200. 200. 200. 200. 200. 200. 200. 199. 199. 198.
  198. 198. 198. 198. 198. 197. 198. 198. 198. 198. 197. 198. 198. 198.
  199. 198. 148. 148. 148. 147. 148. 148. 147. 147. 148. 148.]
 [131. 149. 151. 153. 151. 155. 151. 156. 159. 156. 125. 117. 126. 119.
  130. 129. 131. 132. 135. 134. 139. 142. 140. 137. 141. 143. 145. 150.
  145. 144. 105. 110. 110. 115. 110. 110. 112. 110. 113. 113.]
 [130. 142. 149. 152. 154. 154. 156. 153. 156. 157. 126. 131. 129. 129.
  132. 136. 146. 143. 147. 141. 146. 148. 146. 142. 148. 149. 149. 146.
  147. 149. 115. 113. 116. 111. 112. 111. 112. 112. 113. 116.]]
##############################
[[ 53.  63.  68.  66.  68.  65.  65.  64.  63.  65.  55.  58.  62.  61.
   66.  71.  68.  72.  77.  79.  81.  82.  83.  78.  80.  82.  87.  89.
   90.  85.  80.  64.  61.  64.  68.  66.  68.  66.  65.  64.]
 [200. 200. 200. 200. 200. 200. 200. 200. 200. 200. 200. 199. 199. 198.
  198. 198. 198. 198. 198. 197. 198. 198. 198. 198. 197. 198. 198. 198.
  199. 198. 198. 148. 148. 147. 148. 148. 147. 147. 148. 148.]
 [131. 149. 151. 153. 151. 155. 151. 156. 159. 156. 125. 117. 126. 119.
  130. 129. 131. 132. 135. 134. 139. 142. 140. 137. 141. 143. 145. 150.
  145. 144. 141. 110. 110. 115. 110. 110. 112. 110. 113. 113.]
 [130. 142. 149. 152. 154. 154. 156. 153. 156. 157. 126. 131. 129. 129.
  132. 136. 146. 143. 147. 141. 146. 148. 146. 142. 148. 149. 149. 146.
  147. 149. 155. 113. 116. 111. 112. 111. 112. 112. 113. 116.]]
##############################
[[ 53.  63.  68.  66.  68.  65.  65.  64.  63.  65.  55.  58.  62.  61.
   66.  71.  68.  72.  77.  79.  81.  82.  83.  78.  80.  82.  87.  89.
   90.  85.  80.  84.  61.  64.  68.  66.  68.  66.  65.  64.]
 [200. 200. 200. 200. 200. 200. 200. 200. 200. 200. 200. 199. 199. 198.
  198. 198. 198. 198. 198. 197. 198. 198. 198. 198. 197. 198. 198. 198.
  199. 198. 198. 198. 148. 147. 148. 148. 147. 147. 148. 148.]
 [131. 149. 151. 153. 151. 155. 151. 156. 159. 156. 125. 117. 126. 119.
  130. 129. 131. 132. 135. 134. 139. 142. 140. 137. 141. 143. 145. 150.
  145. 144. 141. 143. 110. 115. 110. 110. 112. 110. 113. 113.]
 [130. 142. 149. 152. 154. 154. 156. 153. 156. 157. 126. 131. 129. 129.
  132. 136. 146. 143. 147. 141. 146. 148. 146. 142. 148. 149. 149. 146.
  147. 149. 155. 152. 116. 111. 112. 111. 112. 112. 113. 116.]]
##############################
[[ 53.  63.  68.  66.  68.  65.  65.  64.  63.  65.  55.  58.  62.  61.
   66.  71.  68.  72.  77.  79.  81.  82.  83.  78.  80.  82.  87.  89.
   90.  85.  80.  84.  83.  64.  68.  66.  68.  66.  65.  64.]
 [200. 200. 200. 200. 200. 200. 200. 200. 200. 200. 200. 199. 199. 198.
  198. 198. 198. 198. 198. 197. 198. 198. 198. 198. 197. 198. 198. 198.
  199. 198. 198. 198. 198. 147. 148. 148. 147. 147. 148. 148.]
 [131. 149. 151. 153. 151. 155. 151. 156. 159. 156. 125. 117. 126. 119.
  130. 129. 131. 132. 135. 134. 139. 142. 140. 137. 141. 143. 145. 150.
  145. 144. 141. 143. 147. 115. 110. 110. 112. 110. 113. 113.]
 [130. 142. 149. 152. 154. 154. 156. 153. 156. 157. 126. 131. 129. 129.
  132. 136. 146. 143. 147. 141. 146. 148. 146. 142. 148. 149. 149. 146.
  147. 149. 155. 152. 154. 111. 112. 111. 112. 112. 113. 116.]]
##############################
[[ 53.  63.  68.  66.  68.  65.  65.  64.  63.  65.  55.  58.  62.  61.
   66.  71.  68.  72.  77.  79.  81.  82.  83.  78.  80.  82.  87.  89.
   90.  85.  80.  84.  83.  82.  68.  66.  68.  66.  65.  64.]
 [200. 200. 200. 200. 200. 200. 200. 200. 200. 200. 200. 199. 199. 198.
  198. 198. 198. 198. 198. 197. 198. 198. 198. 198. 197. 198. 198. 198.
  199. 198. 198. 198. 198. 197. 148. 148. 147. 147. 148. 148.]
 [131. 149. 151. 153. 151. 155. 151. 156. 159. 156. 125. 117. 126. 119.
  130. 129. 131. 132. 135. 134. 139. 142. 140. 137. 141. 143. 145. 150.
  145. 144. 141. 143. 147. 156. 110. 110. 112. 110. 113. 113.]
 [130. 142. 149. 152. 154. 154. 156. 153. 156. 157. 126. 131. 129. 129.
  132. 136. 146. 143. 147. 141. 146. 148. 146. 142. 148. 149. 149. 146.
  147. 149. 155. 152. 154. 150. 112. 111. 112. 112. 113. 116.]]
##############################
[[ 53.  63.  68.  66.  68.  65.  65.  64.  63.  65.  55.  58.  62.  61.
   66.  71.  68.  72.  77.  79.  81.  82.  83.  78.  80.  82.  87.  89.
   90.  85.  80.  84.  83.  82.  85.  66.  68.  66.  65.  64.]
 [200. 200. 200. 200. 200. 200. 200. 200. 200. 200. 200. 199. 199. 198.
  198. 198. 198. 198. 198. 197. 198. 198. 198. 198. 197. 198. 198. 198.
  199. 198. 198. 198. 198. 197. 198. 148. 147. 147. 148. 148.]
 [131. 149. 151. 153. 151. 155. 151. 156. 159. 156. 125. 117. 126. 119.
  130. 129. 131. 132. 135. 134. 139. 142. 140. 137. 141. 143. 145. 150.
  145. 144. 141. 143. 147. 156. 149. 110. 112. 110. 113. 113.]
 [130. 142. 149. 152. 154. 154. 156. 153. 156. 157. 126. 131. 129. 129.
  132. 136. 146. 143. 147. 141. 146. 148. 146. 142. 148. 149. 149. 146.
  147. 149. 155. 152. 154. 150. 148. 111. 112. 112. 113. 116.]]
##############################
[[ 53.  63.  68.  66.  68.  65.  65.  64.  63.  65.  55.  58.  62.  61.
   66.  71.  68.  72.  77.  79.  81.  82.  83.  78.  80.  82.  87.  89.
   90.  85.  80.  84.  83.  82.  85.  82.  68.  66.  65.  64.]
 [200. 200. 200. 200. 200. 200. 200. 200. 200. 200. 200. 199. 199. 198.
  198. 198. 198. 198. 198. 197. 198. 198. 198. 198. 197. 198. 198. 198.
  199. 198. 198. 198. 198. 197. 198. 198. 147. 147. 148. 148.]
 [131. 149. 151. 153. 151. 155. 151. 156. 159. 156. 125. 117. 126. 119.
  130. 129. 131. 132. 135. 134. 139. 142. 140. 137. 141. 143. 145. 150.
  145. 144. 141. 143. 147. 156. 149. 151. 112. 110. 113. 113.]
 [130. 142. 149. 152. 154. 154. 156. 153. 156. 157. 126. 131. 129. 129.
  132. 136. 146. 143. 147. 141. 146. 148. 146. 142. 148. 149. 149. 146.
  147. 149. 155. 152. 154. 150. 148. 150. 112. 112. 113. 116.]]
##############################
[[ 53.  63.  68.  66.  68.  65.  65.  64.  63.  65.  55.  58.  62.  61.
   66.  71.  68.  72.  77.  79.  81.  82.  83.  78.  80.  82.  87.  89.
   90.  85.  80.  84.  83.  82.  85.  82.  86.  66.  65.  64.]
 [200. 200. 200. 200. 200. 200. 200. 200. 200. 200. 200. 199. 199. 198.
  198. 198. 198. 198. 198. 197. 198. 198. 198. 198. 197. 198. 198. 198.
  199. 198. 198. 198. 198. 197. 198. 198. 197. 147. 148. 148.]
 [131. 149. 151. 153. 151. 155. 151. 156. 159. 156. 125. 117. 126. 119.
  130. 129. 131. 132. 135. 134. 139. 142. 140. 137. 141. 143. 145. 150.
  145. 144. 141. 143. 147. 156. 149. 151. 151. 110. 113. 113.]
 [130. 142. 149. 152. 154. 154. 156. 153. 156. 157. 126. 131. 129. 129.
  132. 136. 146. 143. 147. 141. 146. 148. 146. 142. 148. 149. 149. 146.
  147. 149. 155. 152. 154. 150. 148. 150. 150. 112. 113. 116.]]
##############################
[[ 53.  63.  68.  66.  68.  65.  65.  64.  63.  65.  55.  58.  62.  61.
   66.  71.  68.  72.  77.  79.  81.  82.  83.  78.  80.  82.  87.  89.
   90.  85.  80.  84.  83.  82.  85.  82.  86.  86.  65.  64.]
 [200. 200. 200. 200. 200. 200. 200. 200. 200. 200. 200. 199. 199. 198.
  198. 198. 198. 198. 198. 197. 198. 198. 198. 198. 197. 198. 198. 198.
  199. 198. 198. 198. 198. 197. 198. 198. 197. 197. 148. 148.]
 [131. 149. 151. 153. 151. 155. 151. 156. 159. 156. 125. 117. 126. 119.
  130. 129. 131. 132. 135. 134. 139. 142. 140. 137. 141. 143. 145. 150.
  145. 144. 141. 143. 147. 156. 149. 151. 151. 150. 113. 113.]
 [130. 142. 149. 152. 154. 154. 156. 153. 156. 157. 126. 131. 129. 129.
  132. 136. 146. 143. 147. 141. 146. 148. 146. 142. 148. 149. 149. 146.
  147. 149. 155. 152. 154. 150. 148. 150. 150. 148. 113. 116.]]
##############################
[[ 53.  63.  68.  66.  68.  65.  65.  64.  63.  65.  55.  58.  62.  61.
   66.  71.  68.  72.  77.  79.  81.  82.  83.  78.  80.  82.  87.  89.
   90.  85.  80.  84.  83.  82.  85.  82.  86.  86.  85.  64.]
 [200. 200. 200. 200. 200. 200. 200. 200. 200. 200. 200. 199. 199. 198.
  198. 198. 198. 198. 198. 197. 198. 198. 198. 198. 197. 198. 198. 198.
  199. 198. 198. 198. 198. 197. 198. 198. 197. 197. 198. 148.]
 [131. 149. 151. 153. 151. 155. 151. 156. 159. 156. 125. 117. 126. 119.
  130. 129. 131. 132. 135. 134. 139. 142. 140. 137. 141. 143. 145. 150.
  145. 144. 141. 143. 147. 156. 149. 151. 151. 150. 152. 113.]
 [130. 142. 149. 152. 154. 154. 156. 153. 156. 157. 126. 131. 129. 129.
  132. 136. 146. 143. 147. 141. 146. 148. 146. 142. 148. 149. 149. 146.
  147. 149. 155. 152. 154. 150. 148. 150. 150. 148. 151. 116.]]
##############################
[[ 53.  63.  68.  66.  68.  65.  65.  64.  63.  65.  55.  58.  62.  61.
   66.  71.  68.  72.  77.  79.  81.  82.  83.  78.  80.  82.  87.  89.
   90.  85.  80.  84.  83.  82.  85.  82.  86.  86.  85.  83.]
 [200. 200. 200. 200. 200. 200. 200. 200. 200. 200. 200. 199. 199. 198.
  198. 198. 198. 198. 198. 197. 198. 198. 198. 198. 197. 198. 198. 198.
  199. 198. 198. 198. 198. 197. 198. 198. 197. 197. 198. 198.]
 [131. 149. 151. 153. 151. 155. 151. 156. 159. 156. 125. 117. 126. 119.
  130. 129. 131. 132. 135. 134. 139. 142. 140. 137. 141. 143. 145. 150.
  145. 144. 141. 143. 147. 156. 149. 151. 151. 150. 152. 153.]
 [130. 142. 149. 152. 154. 154. 156. 153. 156. 157. 126. 131. 129. 129.
  132. 136. 146. 143. 147. 141. 146. 148. 146. 142. 148. 149. 149. 146.
  147. 149. 155. 152. 154. 150. 148. 150. 150. 148. 151. 155.]]
##############################
##################################################
##################################################
starting :5 batch
[[ 62.  63.  68.  66.  68.  65.  65.  64.  63.  65.  55.  58.  62.  61.
   66.  71.  68.  72.  77.  79.  81.  82.  83.  78.  80.  82.  87.  89.
   90.  85.  80.  84.  83.  82.  85.  82.  86.  86.  85.  83.]
 [250. 200. 200. 200. 200. 200. 200. 200. 200. 200. 200. 199. 199. 198.
  198. 198. 198. 198. 198. 197. 198. 198. 198. 198. 197. 198. 198. 198.
  199. 198. 198. 198. 198. 197. 198. 198. 197. 197. 198. 198.]
 [167. 149. 151. 153. 151. 155. 151. 156. 159. 156. 125. 117. 126. 119.
  130. 129. 131. 132. 135. 134. 139. 142. 140. 137. 141. 143. 145. 150.
  145. 144. 141. 143. 147. 156. 149. 151. 151. 150. 152. 153.]
 [162. 142. 149. 152. 154. 154. 156. 153. 156. 157. 126. 131. 129. 129.
  132. 136. 146. 143. 147. 141. 146. 148. 146. 142. 148. 149. 149. 146.
  147. 149. 155. 152. 154. 150. 148. 150. 150. 148. 151. 155.]]
##############################
[[ 62.  77.  68.  66.  68.  65.  65.  64.  63.  65.  55.  58.  62.  61.
   66.  71.  68.  72.  77.  79.  81.  82.  83.  78.  80.  82.  87.  89.
   90.  85.  80.  84.  83.  82.  85.  82.  86.  86.  85.  83.]
 [250. 250. 200. 200. 200. 200. 200. 200. 200. 200. 200. 199. 199. 198.
  198. 198. 198. 198. 198. 197. 198. 198. 198. 198. 197. 198. 198. 198.
  199. 198. 198. 198. 198. 197. 198. 198. 197. 197. 198. 198.]
 [167. 189. 151. 153. 151. 155. 151. 156. 159. 156. 125. 117. 126. 119.
  130. 129. 131. 132. 135. 134. 139. 142. 140. 137. 141. 143. 145. 150.
  145. 144. 141. 143. 147. 156. 149. 151. 151. 150. 152. 153.]
 [162. 181. 149. 152. 154. 154. 156. 153. 156. 157. 126. 131. 129. 129.
  132. 136. 146. 143. 147. 141. 146. 148. 146. 142. 148. 149. 149. 146.
  147. 149. 155. 152. 154. 150. 148. 150. 150. 148. 151. 155.]]
##############################
[[ 62.  77.  85.  66.  68.  65.  65.  64.  63.  65.  55.  58.  62.  61.
   66.  71.  68.  72.  77.  79.  81.  82.  83.  78.  80.  82.  87.  89.
   90.  85.  80.  84.  83.  82.  85.  82.  86.  86.  85.  83.]
 [250. 250. 250. 200. 200. 200. 200. 200. 200. 200. 200. 199. 199. 198.
  198. 198. 198. 198. 198. 197. 198. 198. 198. 198. 197. 198. 198. 198.
  199. 198. 198. 198. 198. 197. 198. 198. 197. 197. 198. 198.]
 [167. 189. 192. 153. 151. 155. 151. 156. 159. 156. 125. 117. 126. 119.
  130. 129. 131. 132. 135. 134. 139. 142. 140. 137. 141. 143. 145. 150.
  145. 144. 141. 143. 147. 156. 149. 151. 151. 150. 152. 153.]
 [162. 181. 189. 152. 154. 154. 156. 153. 156. 157. 126. 131. 129. 129.
  132. 136. 146. 143. 147. 141. 146. 148. 146. 142. 148. 149. 149. 146.
  147. 149. 155. 152. 154. 150. 148. 150. 150. 148. 151. 155.]]
##############################
[[ 62.  77.  85.  84.  68.  65.  65.  64.  63.  65.  55.  58.  62.  61.
   66.  71.  68.  72.  77.  79.  81.  82.  83.  78.  80.  82.  87.  89.
   90.  85.  80.  84.  83.  82.  85.  82.  86.  86.  85.  83.]
 [250. 250. 250. 250. 200. 200. 200. 200. 200. 200. 200. 199. 199. 198.
  198. 198. 198. 198. 198. 197. 198. 198. 198. 198. 197. 198. 198. 198.
  199. 198. 198. 198. 198. 197. 198. 198. 197. 197. 198. 198.]
 [167. 189. 192. 197. 151. 155. 151. 156. 159. 156. 125. 117. 126. 119.
  130. 129. 131. 132. 135. 134. 139. 142. 140. 137. 141. 143. 145. 150.
  145. 144. 141. 143. 147. 156. 149. 151. 151. 150. 152. 153.]
 [162. 181. 189. 193. 154. 154. 156. 153. 156. 157. 126. 131. 129. 129.
  132. 136. 146. 143. 147. 141. 146. 148. 146. 142. 148. 149. 149. 146.
  147. 149. 155. 152. 154. 150. 148. 150. 150. 148. 151. 155.]]
##############################
[[ 62.  77.  85.  84.  87.  65.  65.  64.  63.  65.  55.  58.  62.  61.
   66.  71.  68.  72.  77.  79.  81.  82.  83.  78.  80.  82.  87.  89.
   90.  85.  80.  84.  83.  82.  85.  82.  86.  86.  85.  83.]
 [250. 250. 250. 250. 250. 200. 200. 200. 200. 200. 200. 199. 199. 198.
  198. 198. 198. 198. 198. 197. 198. 198. 198. 198. 197. 198. 198. 198.
  199. 198. 198. 198. 198. 197. 198. 198. 197. 197. 198. 198.]
 [167. 189. 192. 197. 194. 155. 151. 156. 159. 156. 125. 117. 126. 119.
  130. 129. 131. 132. 135. 134. 139. 142. 140. 137. 141. 143. 145. 150.
  145. 144. 141. 143. 147. 156. 149. 151. 151. 150. 152. 153.]
 [162. 181. 189. 193. 194. 154. 156. 153. 156. 157. 126. 131. 129. 129.
  132. 136. 146. 143. 147. 141. 146. 148. 146. 142. 148. 149. 149. 146.
  147. 149. 155. 152. 154. 150. 148. 150. 150. 148. 151. 155.]]
##############################
[[ 62.  77.  85.  84.  87.  81.  65.  64.  63.  65.  55.  58.  62.  61.
   66.  71.  68.  72.  77.  79.  81.  82.  83.  78.  80.  82.  87.  89.
   90.  85.  80.  84.  83.  82.  85.  82.  86.  86.  85.  83.]
 [250. 250. 250. 250. 250. 250. 200. 200. 200. 200. 200. 199. 199. 198.
  198. 198. 198. 198. 198. 197. 198. 198. 198. 198. 197. 198. 198. 198.
  199. 198. 198. 198. 198. 197. 198. 198. 197. 197. 198. 198.]
 [167. 189. 192. 197. 194. 198. 151. 156. 159. 156. 125. 117. 126. 119.
  130. 129. 131. 132. 135. 134. 139. 142. 140. 137. 141. 143. 145. 150.
  145. 144. 141. 143. 147. 156. 149. 151. 151. 150. 152. 153.]
 [162. 181. 189. 193. 194. 194. 156. 153. 156. 157. 126. 131. 129. 129.
  132. 136. 146. 143. 147. 141. 146. 148. 146. 142. 148. 149. 149. 146.
  147. 149. 155. 152. 154. 150. 148. 150. 150. 148. 151. 155.]]
##############################
[[ 62.  77.  85.  84.  87.  81.  79.  64.  63.  65.  55.  58.  62.  61.
   66.  71.  68.  72.  77.  79.  81.  82.  83.  78.  80.  82.  87.  89.
   90.  85.  80.  84.  83.  82.  85.  82.  86.  86.  85.  83.]
 [250. 250. 250. 250. 250. 250. 250. 200. 200. 200. 200. 199. 199. 198.
  198. 198. 198. 198. 198. 197. 198. 198. 198. 198. 197. 198. 198. 198.
  199. 198. 198. 198. 198. 197. 198. 198. 197. 197. 198. 198.]
 [167. 189. 192. 197. 194. 198. 194. 156. 159. 156. 125. 117. 126. 119.
  130. 129. 131. 132. 135. 134. 139. 142. 140. 137. 141. 143. 145. 150.
  145. 144. 141. 143. 147. 156. 149. 151. 151. 150. 152. 153.]
 [162. 181. 189. 193. 194. 194. 197. 153. 156. 157. 126. 131. 129. 129.
  132. 136. 146. 143. 147. 141. 146. 148. 146. 142. 148. 149. 149. 146.
  147. 149. 155. 152. 154. 150. 148. 150. 150. 148. 151. 155.]]
##############################
[[ 62.  77.  85.  84.  87.  81.  79.  80.  63.  65.  55.  58.  62.  61.
   66.  71.  68.  72.  77.  79.  81.  82.  83.  78.  80.  82.  87.  89.
   90.  85.  80.  84.  83.  82.  85.  82.  86.  86.  85.  83.]
 [250. 250. 250. 250. 250. 250. 250. 250. 200. 200. 200. 199. 199. 198.
  198. 198. 198. 198. 198. 197. 198. 198. 198. 198. 197. 198. 198. 198.
  199. 198. 198. 198. 198. 197. 198. 198. 197. 197. 198. 198.]
 [167. 189. 192. 197. 194. 198. 194. 199. 159. 156. 125. 117. 126. 119.
  130. 129. 131. 132. 135. 134. 139. 142. 140. 137. 141. 143. 145. 150.
  145. 144. 141. 143. 147. 156. 149. 151. 151. 150. 152. 153.]
 [162. 181. 189. 193. 194. 194. 197. 194. 156. 157. 126. 131. 129. 129.
  132. 136. 146. 143. 147. 141. 146. 148. 146. 142. 148. 149. 149. 146.
  147. 149. 155. 152. 154. 150. 148. 150. 150. 148. 151. 155.]]
##############################
[[ 62.  77.  85.  84.  87.  81.  79.  80.  81.  65.  55.  58.  62.  61.
   66.  71.  68.  72.  77.  79.  81.  82.  83.  78.  80.  82.  87.  89.
   90.  85.  80.  84.  83.  82.  85.  82.  86.  86.  85.  83.]
 [250. 250. 250. 250. 250. 250. 250. 250. 250. 200. 200. 199. 199. 198.
  198. 198. 198. 198. 198. 197. 198. 198. 198. 198. 197. 198. 198. 198.
  199. 198. 198. 198. 198. 197. 198. 198. 197. 197. 198. 198.]
 [167. 189. 192. 197. 194. 198. 194. 199. 201. 156. 125. 117. 126. 119.
  130. 129. 131. 132. 135. 134. 139. 142. 140. 137. 141. 143. 145. 150.
  145. 144. 141. 143. 147. 156. 149. 151. 151. 150. 152. 153.]
 [162. 181. 189. 193. 194. 194. 197. 194. 196. 157. 126. 131. 129. 129.
  132. 136. 146. 143. 147. 141. 146. 148. 146. 142. 148. 149. 149. 146.
  147. 149. 155. 152. 154. 150. 148. 150. 150. 148. 151. 155.]]
##############################
[[ 62.  77.  85.  84.  87.  81.  79.  80.  81.  81.  55.  58.  62.  61.
   66.  71.  68.  72.  77.  79.  81.  82.  83.  78.  80.  82.  87.  89.
   90.  85.  80.  84.  83.  82.  85.  82.  86.  86.  85.  83.]
 [250. 250. 250. 250. 250. 250. 250. 250. 250. 250. 200. 199. 199. 198.
  198. 198. 198. 198. 198. 197. 198. 198. 198. 198. 197. 198. 198. 198.
  199. 198. 198. 198. 198. 197. 198. 198. 197. 197. 198. 198.]
 [167. 189. 192. 197. 194. 198. 194. 199. 201. 199. 125. 117. 126. 119.
  130. 129. 131. 132. 135. 134. 139. 142. 140. 137. 141. 143. 145. 150.
  145. 144. 141. 143. 147. 156. 149. 151. 151. 150. 152. 153.]
 [162. 181. 189. 193. 194. 194. 197. 194. 196. 197. 126. 131. 129. 129.
  132. 136. 146. 143. 147. 141. 146. 148. 146. 142. 148. 149. 149. 146.
  147. 149. 155. 152. 154. 150. 148. 150. 150. 148. 151. 155.]]
##############################
[[ 62.  77.  85.  84.  87.  81.  79.  80.  81.  81.  69.  58.  62.  61.
   66.  71.  68.  72.  77.  79.  81.  82.  83.  78.  80.  82.  87.  89.
   90.  85.  80.  84.  83.  82.  85.  82.  86.  86.  85.  83.]
 [250. 250. 250. 250. 250. 250. 250. 250. 250. 250. 250. 199. 199. 198.
  198. 198. 198. 198. 198. 197. 198. 198. 198. 198. 197. 198. 198. 198.
  199. 198. 198. 198. 198. 197. 198. 198. 197. 197. 198. 198.]
 [167. 189. 192. 197. 194. 198. 194. 199. 201. 199. 160. 117. 126. 119.
  130. 129. 131. 132. 135. 134. 139. 142. 140. 137. 141. 143. 145. 150.
  145. 144. 141. 143. 147. 156. 149. 151. 151. 150. 152. 153.]
 [162. 181. 189. 193. 194. 194. 197. 194. 196. 197. 161. 131. 129. 129.
  132. 136. 146. 143. 147. 141. 146. 148. 146. 142. 148. 149. 149. 146.
  147. 149. 155. 152. 154. 150. 148. 150. 150. 148. 151. 155.]]
##############################
[[ 62.  77.  85.  84.  87.  81.  79.  80.  81.  81.  69.  72.  62.  61.
   66.  71.  68.  72.  77.  79.  81.  82.  83.  78.  80.  82.  87.  89.
   90.  85.  80.  84.  83.  82.  85.  82.  86.  86.  85.  83.]
 [250. 250. 250. 250. 250. 250. 250. 250. 250. 250. 250. 249. 199. 198.
  198. 198. 198. 198. 198. 197. 198. 198. 198. 198. 197. 198. 198. 198.
  199. 198. 198. 198. 198. 197. 198. 198. 197. 197. 198. 198.]
 [167. 189. 192. 197. 194. 198. 194. 199. 201. 199. 160. 150. 126. 119.
  130. 129. 131. 132. 135. 134. 139. 142. 140. 137. 141. 143. 145. 150.
  145. 144. 141. 143. 147. 156. 149. 151. 151. 150. 152. 153.]
 [162. 181. 189. 193. 194. 194. 197. 194. 196. 197. 161. 164. 129. 129.
  132. 136. 146. 143. 147. 141. 146. 148. 146. 142. 148. 149. 149. 146.
  147. 149. 155. 152. 154. 150. 148. 150. 150. 148. 151. 155.]]
##############################
[[ 62.  77.  85.  84.  87.  81.  79.  80.  81.  81.  69.  72.  79.  61.
   66.  71.  68.  72.  77.  79.  81.  82.  83.  78.  80.  82.  87.  89.
   90.  85.  80.  84.  83.  82.  85.  82.  86.  86.  85.  83.]
 [250. 250. 250. 250. 250. 250. 250. 250. 250. 250. 250. 249. 249. 198.
  198. 198. 198. 198. 198. 197. 198. 198. 198. 198. 197. 198. 198. 198.
  199. 198. 198. 198. 198. 197. 198. 198. 197. 197. 198. 198.]
 [167. 189. 192. 197. 194. 198. 194. 199. 201. 199. 160. 150. 159. 119.
  130. 129. 131. 132. 135. 134. 139. 142. 140. 137. 141. 143. 145. 150.
  145. 144. 141. 143. 147. 156. 149. 151. 151. 150. 152. 153.]
 [162. 181. 189. 193. 194. 194. 197. 194. 196. 197. 161. 164. 164. 129.
  132. 136. 146. 143. 147. 141. 146. 148. 146. 142. 148. 149. 149. 146.
  147. 149. 155. 152. 154. 150. 148. 150. 150. 148. 151. 155.]]
##############################
[[ 62.  77.  85.  84.  87.  81.  79.  80.  81.  81.  69.  72.  79.  76.
   66.  71.  68.  72.  77.  79.  81.  82.  83.  78.  80.  82.  87.  89.
   90.  85.  80.  84.  83.  82.  85.  82.  86.  86.  85.  83.]
 [250. 250. 250. 250. 250. 250. 250. 250. 250. 250. 250. 249. 249. 248.
  198. 198. 198. 198. 198. 197. 198. 198. 198. 198. 197. 198. 198. 198.
  199. 198. 198. 198. 198. 197. 198. 198. 197. 197. 198. 198.]
 [167. 189. 192. 197. 194. 198. 194. 199. 201. 199. 160. 150. 159. 152.
  130. 129. 131. 132. 135. 134. 139. 142. 140. 137. 141. 143. 145. 150.
  145. 144. 141. 143. 147. 156. 149. 151. 151. 150. 152. 153.]
 [162. 181. 189. 193. 194. 194. 197. 194. 196. 197. 161. 164. 164. 164.
  132. 136. 146. 143. 147. 141. 146. 148. 146. 142. 148. 149. 149. 146.
  147. 149. 155. 152. 154. 150. 148. 150. 150. 148. 151. 155.]]
##############################
[[ 62.  77.  85.  84.  87.  81.  79.  80.  81.  81.  69.  72.  79.  76.
   84.  71.  68.  72.  77.  79.  81.  82.  83.  78.  80.  82.  87.  89.
   90.  85.  80.  84.  83.  82.  85.  82.  86.  86.  85.  83.]
 [250. 250. 250. 250. 250. 250. 250. 250. 250. 250. 250. 249. 249. 248.
  247. 198. 198. 198. 198. 197. 198. 198. 198. 198. 197. 198. 198. 198.
  199. 198. 198. 198. 198. 197. 198. 198. 197. 197. 198. 198.]
 [167. 189. 192. 197. 194. 198. 194. 199. 201. 199. 160. 150. 159. 152.
  165. 129. 131. 132. 135. 134. 139. 142. 140. 137. 141. 143. 145. 150.
  145. 144. 141. 143. 147. 156. 149. 151. 151. 150. 152. 153.]
 [162. 181. 189. 193. 194. 194. 197. 194. 196. 197. 161. 164. 164. 164.
  169. 136. 146. 143. 147. 141. 146. 148. 146. 142. 148. 149. 149. 146.
  147. 149. 155. 152. 154. 150. 148. 150. 150. 148. 151. 155.]]
##############################
[[ 62.  77.  85.  84.  87.  81.  79.  80.  81.  81.  69.  72.  79.  76.
   84.  89.  68.  72.  77.  79.  81.  82.  83.  78.  80.  82.  87.  89.
   90.  85.  80.  84.  83.  82.  85.  82.  86.  86.  85.  83.]
 [250. 250. 250. 250. 250. 250. 250. 250. 250. 250. 250. 249. 249. 248.
  247. 248. 198. 198. 198. 197. 198. 198. 198. 198. 197. 198. 198. 198.
  199. 198. 198. 198. 198. 197. 198. 198. 197. 197. 198. 198.]
 [167. 189. 192. 197. 194. 198. 194. 199. 201. 199. 160. 150. 159. 152.
  165. 165. 131. 132. 135. 134. 139. 142. 140. 137. 141. 143. 145. 150.
  145. 144. 141. 143. 147. 156. 149. 151. 151. 150. 152. 153.]
 [162. 181. 189. 193. 194. 194. 197. 194. 196. 197. 161. 164. 164. 164.
  169. 173. 146. 143. 147. 141. 146. 148. 146. 142. 148. 149. 149. 146.
  147. 149. 155. 152. 154. 150. 148. 150. 150. 148. 151. 155.]]
##############################
[[ 62.  77.  85.  84.  87.  81.  79.  80.  81.  81.  69.  72.  79.  76.
   84.  89.  88.  72.  77.  79.  81.  82.  83.  78.  80.  82.  87.  89.
   90.  85.  80.  84.  83.  82.  85.  82.  86.  86.  85.  83.]
 [250. 250. 250. 250. 250. 250. 250. 250. 250. 250. 250. 249. 249. 248.
  247. 248. 248. 198. 198. 197. 198. 198. 198. 198. 197. 198. 198. 198.
  199. 198. 198. 198. 198. 197. 198. 198. 197. 197. 198. 198.]
 [167. 189. 192. 197. 194. 198. 194. 199. 201. 199. 160. 150. 159. 152.
  165. 165. 164. 132. 135. 134. 139. 142. 140. 137. 141. 143. 145. 150.
  145. 144. 141. 143. 147. 156. 149. 151. 151. 150. 152. 153.]
 [162. 181. 189. 193. 194. 194. 197. 194. 196. 197. 161. 164. 164. 164.
  169. 173. 181. 143. 147. 141. 146. 148. 146. 142. 148. 149. 149. 146.
  147. 149. 155. 152. 154. 150. 148. 150. 150. 148. 151. 155.]]
##############################
[[ 62.  77.  85.  84.  87.  81.  79.  80.  81.  81.  69.  72.  79.  76.
   84.  89.  88.  89.  77.  79.  81.  82.  83.  78.  80.  82.  87.  89.
   90.  85.  80.  84.  83.  82.  85.  82.  86.  86.  85.  83.]
 [250. 250. 250. 250. 250. 250. 250. 250. 250. 250. 250. 249. 249. 248.
  247. 248. 248. 247. 198. 197. 198. 198. 198. 198. 197. 198. 198. 198.
  199. 198. 198. 198. 198. 197. 198. 198. 197. 197. 198. 198.]
 [167. 189. 192. 197. 194. 198. 194. 199. 201. 199. 160. 150. 159. 152.
  165. 165. 164. 165. 135. 134. 139. 142. 140. 137. 141. 143. 145. 150.
  145. 144. 141. 143. 147. 156. 149. 151. 151. 150. 152. 153.]
 [162. 181. 189. 193. 194. 194. 197. 194. 196. 197. 161. 164. 164. 164.
  169. 173. 181. 181. 147. 141. 146. 148. 146. 142. 148. 149. 149. 146.
  147. 149. 155. 152. 154. 150. 148. 150. 150. 148. 151. 155.]]
##############################
[[ 62.  77.  85.  84.  87.  81.  79.  80.  81.  81.  69.  72.  79.  76.
   84.  89.  88.  89.  94.  79.  81.  82.  83.  78.  80.  82.  87.  89.
   90.  85.  80.  84.  83.  82.  85.  82.  86.  86.  85.  83.]
 [250. 250. 250. 250. 250. 250. 250. 250. 250. 250. 250. 249. 249. 248.
  247. 248. 248. 247. 248. 197. 198. 198. 198. 198. 197. 198. 198. 198.
  199. 198. 198. 198. 198. 197. 198. 198. 197. 197. 198. 198.]
 [167. 189. 192. 197. 194. 198. 194. 199. 201. 199. 160. 150. 159. 152.
  165. 165. 164. 165. 171. 134. 139. 142. 140. 137. 141. 143. 145. 150.
  145. 144. 141. 143. 147. 156. 149. 151. 151. 150. 152. 153.]
 [162. 181. 189. 193. 194. 194. 197. 194. 196. 197. 161. 164. 164. 164.
  169. 173. 181. 181. 185. 141. 146. 148. 146. 142. 148. 149. 149. 146.
  147. 149. 155. 152. 154. 150. 148. 150. 150. 148. 151. 155.]]
##############################
[[ 62.  77.  85.  84.  87.  81.  79.  80.  81.  81.  69.  72.  79.  76.
   84.  89.  88.  89.  94.  98.  81.  82.  83.  78.  80.  82.  87.  89.
   90.  85.  80.  84.  83.  82.  85.  82.  86.  86.  85.  83.]
 [250. 250. 250. 250. 250. 250. 250. 250. 250. 250. 250. 249. 249. 248.
  247. 248. 248. 247. 248. 247. 198. 198. 198. 198. 197. 198. 198. 198.
  199. 198. 198. 198. 198. 197. 198. 198. 197. 197. 198. 198.]
 [167. 189. 192. 197. 194. 198. 194. 199. 201. 199. 160. 150. 159. 152.
  165. 165. 164. 165. 171. 168. 139. 142. 140. 137. 141. 143. 145. 150.
  145. 144. 141. 143. 147. 156. 149. 151. 151. 150. 152. 153.]
 [162. 181. 189. 193. 194. 194. 197. 194. 196. 197. 161. 164. 164. 164.
  169. 173. 181. 181. 185. 178. 146. 148. 146. 142. 148. 149. 149. 146.
  147. 149. 155. 152. 154. 150. 148. 150. 150. 148. 151. 155.]]
##############################
[[ 62.  77.  85.  84.  87.  81.  79.  80.  81.  81.  69.  72.  79.  76.
   84.  89.  88.  89.  94.  98. 101.  82.  83.  78.  80.  82.  87.  89.
   90.  85.  80.  84.  83.  82.  85.  82.  86.  86.  85.  83.]
 [250. 250. 250. 250. 250. 250. 250. 250. 250. 250. 250. 249. 249. 248.
  247. 248. 248. 247. 248. 247. 248. 198. 198. 198. 197. 198. 198. 198.
  199. 198. 198. 198. 198. 197. 198. 198. 197. 197. 198. 198.]
 [167. 189. 192. 197. 194. 198. 194. 199. 201. 199. 160. 150. 159. 152.
  165. 165. 164. 165. 171. 168. 170. 142. 140. 137. 141. 143. 145. 150.
  145. 144. 141. 143. 147. 156. 149. 151. 151. 150. 152. 153.]
 [162. 181. 189. 193. 194. 194. 197. 194. 196. 197. 161. 164. 164. 164.
  169. 173. 181. 181. 185. 178. 184. 148. 146. 142. 148. 149. 149. 146.
  147. 149. 155. 152. 154. 150. 148. 150. 150. 148. 151. 155.]]
##############################
[[ 62.  77.  85.  84.  87.  81.  79.  80.  81.  81.  69.  72.  79.  76.
   84.  89.  88.  89.  94.  98. 101. 104.  83.  78.  80.  82.  87.  89.
   90.  85.  80.  84.  83.  82.  85.  82.  86.  86.  85.  83.]
 [250. 250. 250. 250. 250. 250. 250. 250. 250. 250. 250. 249. 249. 248.
  247. 248. 248. 247. 248. 247. 248. 248. 198. 198. 197. 198. 198. 198.
  199. 198. 198. 198. 198. 197. 198. 198. 197. 197. 198. 198.]
 [167. 189. 192. 197. 194. 198. 194. 199. 201. 199. 160. 150. 159. 152.
  165. 165. 164. 165. 171. 168. 170. 176. 140. 137. 141. 143. 145. 150.
  145. 144. 141. 143. 147. 156. 149. 151. 151. 150. 152. 153.]
 [162. 181. 189. 193. 194. 194. 197. 194. 196. 197. 161. 164. 164. 164.
  169. 173. 181. 181. 185. 178. 184. 186. 146. 142. 148. 149. 149. 146.
  147. 149. 155. 152. 154. 150. 148. 150. 150. 148. 151. 155.]]
##############################
[[ 62.  77.  85.  84.  87.  81.  79.  80.  81.  81.  69.  72.  79.  76.
   84.  89.  88.  89.  94.  98. 101. 104. 103.  78.  80.  82.  87.  89.
   90.  85.  80.  84.  83.  82.  85.  82.  86.  86.  85.  83.]
 [250. 250. 250. 250. 250. 250. 250. 250. 250. 250. 250. 249. 249. 248.
  247. 248. 248. 247. 248. 247. 248. 248. 248. 198. 197. 198. 198. 198.
  199. 198. 198. 198. 198. 197. 198. 198. 197. 197. 198. 198.]
 [167. 189. 192. 197. 194. 198. 194. 199. 201. 199. 160. 150. 159. 152.
  165. 165. 164. 165. 171. 168. 170. 176. 173. 137. 141. 143. 145. 150.
  145. 144. 141. 143. 147. 156. 149. 151. 151. 150. 152. 153.]
 [162. 181. 189. 193. 194. 194. 197. 194. 196. 197. 161. 164. 164. 164.
  169. 173. 181. 181. 185. 178. 184. 186. 185. 142. 148. 149. 149. 146.
  147. 149. 155. 152. 154. 150. 148. 150. 150. 148. 151. 155.]]
##############################
[[ 62.  77.  85.  84.  87.  81.  79.  80.  81.  81.  69.  72.  79.  76.
   84.  89.  88.  89.  94.  98. 101. 104. 103. 100.  80.  82.  87.  89.
   90.  85.  80.  84.  83.  82.  85.  82.  86.  86.  85.  83.]
 [250. 250. 250. 250. 250. 250. 250. 250. 250. 250. 250. 249. 249. 248.
  247. 248. 248. 247. 248. 247. 248. 248. 248. 248. 197. 198. 198. 198.
  199. 198. 198. 198. 198. 197. 198. 198. 197. 197. 198. 198.]
 [167. 189. 192. 197. 194. 198. 194. 199. 201. 199. 160. 150. 159. 152.
  165. 165. 164. 165. 171. 168. 170. 176. 173. 175. 141. 143. 145. 150.
  145. 144. 141. 143. 147. 156. 149. 151. 151. 150. 152. 153.]
 [162. 181. 189. 193. 194. 194. 197. 194. 196. 197. 161. 164. 164. 164.
  169. 173. 181. 181. 185. 178. 184. 186. 185. 181. 148. 149. 149. 146.
  147. 149. 155. 152. 154. 150. 148. 150. 150. 148. 151. 155.]]
##############################
[[ 62.  77.  85.  84.  87.  81.  79.  80.  81.  81.  69.  72.  79.  76.
   84.  89.  88.  89.  94.  98. 101. 104. 103. 100. 105.  82.  87.  89.
   90.  85.  80.  84.  83.  82.  85.  82.  86.  86.  85.  83.]
 [250. 250. 250. 250. 250. 250. 250. 250. 250. 250. 250. 249. 249. 248.
  247. 248. 248. 247. 248. 247. 248. 248. 248. 248. 247. 198. 198. 198.
  199. 198. 198. 198. 198. 197. 198. 198. 197. 197. 198. 198.]
 [167. 189. 192. 197. 194. 198. 194. 199. 201. 199. 160. 150. 159. 152.
  165. 165. 164. 165. 171. 168. 170. 176. 173. 175. 176. 143. 145. 150.
  145. 144. 141. 143. 147. 156. 149. 151. 151. 150. 152. 153.]
 [162. 181. 189. 193. 194. 194. 197. 194. 196. 197. 161. 164. 164. 164.
  169. 173. 181. 181. 185. 178. 184. 186. 185. 181. 189. 149. 149. 146.
  147. 149. 155. 152. 154. 150. 148. 150. 150. 148. 151. 155.]]
##############################
[[ 62.  77.  85.  84.  87.  81.  79.  80.  81.  81.  69.  72.  79.  76.
   84.  89.  88.  89.  94.  98. 101. 104. 103. 100. 105. 107.  87.  89.
   90.  85.  80.  84.  83.  82.  85.  82.  86.  86.  85.  83.]
 [250. 250. 250. 250. 250. 250. 250. 250. 250. 250. 250. 249. 249. 248.
  247. 248. 248. 247. 248. 247. 248. 248. 248. 248. 247. 248. 198. 198.
  199. 198. 198. 198. 198. 197. 198. 198. 197. 197. 198. 198.]
 [167. 189. 192. 197. 194. 198. 194. 199. 201. 199. 160. 150. 159. 152.
  165. 165. 164. 165. 171. 168. 170. 176. 173. 175. 176. 180. 145. 150.
  145. 144. 141. 143. 147. 156. 149. 151. 151. 150. 152. 153.]
 [162. 181. 189. 193. 194. 194. 197. 194. 196. 197. 161. 164. 164. 164.
  169. 173. 181. 181. 185. 178. 184. 186. 185. 181. 189. 189. 149. 146.
  147. 149. 155. 152. 154. 150. 148. 150. 150. 148. 151. 155.]]
##############################
[[ 62.  77.  85.  84.  87.  81.  79.  80.  81.  81.  69.  72.  79.  76.
   84.  89.  88.  89.  94.  98. 101. 104. 103. 100. 105. 107. 110.  89.
   90.  85.  80.  84.  83.  82.  85.  82.  86.  86.  85.  83.]
 [250. 250. 250. 250. 250. 250. 250. 250. 250. 250. 250. 249. 249. 248.
  247. 248. 248. 247. 248. 247. 248. 248. 248. 248. 247. 248. 248. 198.
  199. 198. 198. 198. 198. 197. 198. 198. 197. 197. 198. 198.]
 [167. 189. 192. 197. 194. 198. 194. 199. 201. 199. 160. 150. 159. 152.
  165. 165. 164. 165. 171. 168. 170. 176. 173. 175. 176. 180. 182. 150.
  145. 144. 141. 143. 147. 156. 149. 151. 151. 150. 152. 153.]
 [162. 181. 189. 193. 194. 194. 197. 194. 196. 197. 161. 164. 164. 164.
  169. 173. 181. 181. 185. 178. 184. 186. 185. 181. 189. 189. 188. 146.
  147. 149. 155. 152. 154. 150. 148. 150. 150. 148. 151. 155.]]
##############################
[[ 62.  77.  85.  84.  87.  81.  79.  80.  81.  81.  69.  72.  79.  76.
   84.  89.  88.  89.  94.  98. 101. 104. 103. 100. 105. 107. 110. 111.
   90.  85.  80.  84.  83.  82.  85.  82.  86.  86.  85.  83.]
 [250. 250. 250. 250. 250. 250. 250. 250. 250. 250. 250. 249. 249. 248.
  247. 248. 248. 247. 248. 247. 248. 248. 248. 248. 247. 248. 248. 248.
  199. 198. 198. 198. 198. 197. 198. 198. 197. 197. 198. 198.]
 [167. 189. 192. 197. 194. 198. 194. 199. 201. 199. 160. 150. 159. 152.
  165. 165. 164. 165. 171. 168. 170. 176. 173. 175. 176. 180. 182. 186.
  145. 144. 141. 143. 147. 156. 149. 151. 151. 150. 152. 153.]
 [162. 181. 189. 193. 194. 194. 197. 194. 196. 197. 161. 164. 164. 164.
  169. 173. 181. 181. 185. 178. 184. 186. 185. 181. 189. 189. 188. 184.
  147. 149. 155. 152. 154. 150. 148. 150. 150. 148. 151. 155.]]
##############################
[[ 62.  77.  85.  84.  87.  81.  79.  80.  81.  81.  69.  72.  79.  76.
   84.  89.  88.  89.  94.  98. 101. 104. 103. 100. 105. 107. 110. 111.
  115.  85.  80.  84.  83.  82.  85.  82.  86.  86.  85.  83.]
 [250. 250. 250. 250. 250. 250. 250. 250. 250. 250. 250. 249. 249. 248.
  247. 248. 248. 247. 248. 247. 248. 248. 248. 248. 247. 248. 248. 248.
  249. 198. 198. 198. 198. 197. 198. 198. 197. 197. 198. 198.]
 [167. 189. 192. 197. 194. 198. 194. 199. 201. 199. 160. 150. 159. 152.
  165. 165. 164. 165. 171. 168. 170. 176. 173. 175. 176. 180. 182. 186.
  182. 144. 141. 143. 147. 156. 149. 151. 151. 150. 152. 153.]
 [162. 181. 189. 193. 194. 194. 197. 194. 196. 197. 161. 164. 164. 164.
  169. 173. 181. 181. 185. 178. 184. 186. 185. 181. 189. 189. 188. 184.
  185. 149. 155. 152. 154. 150. 148. 150. 150. 148. 151. 155.]]
##############################
[[ 62.  77.  85.  84.  87.  81.  79.  80.  81.  81.  69.  72.  79.  76.
   84.  89.  88.  89.  94.  98. 101. 104. 103. 100. 105. 107. 110. 111.
  115. 110.  80.  84.  83.  82.  85.  82.  86.  86.  85.  83.]
 [250. 250. 250. 250. 250. 250. 250. 250. 250. 250. 250. 249. 249. 248.
  247. 248. 248. 247. 248. 247. 248. 248. 248. 248. 247. 248. 248. 248.
  249. 248. 198. 198. 198. 197. 198. 198. 197. 197. 198. 198.]
 [167. 189. 192. 197. 194. 198. 194. 199. 201. 199. 160. 150. 159. 152.
  165. 165. 164. 165. 171. 168. 170. 176. 173. 175. 176. 180. 182. 186.
  182. 184. 141. 143. 147. 156. 149. 151. 151. 150. 152. 153.]
 [162. 181. 189. 193. 194. 194. 197. 194. 196. 197. 161. 164. 164. 164.
  169. 173. 181. 181. 185. 178. 184. 186. 185. 181. 189. 189. 188. 184.
  185. 188. 155. 152. 154. 150. 148. 150. 150. 148. 151. 155.]]
##############################
[[ 62.  77.  85.  84.  87.  81.  79.  80.  81.  81.  69.  72.  79.  76.
   84.  89.  88.  89.  94.  98. 101. 104. 103. 100. 105. 107. 110. 111.
  115. 110. 102.  84.  83.  82.  85.  82.  86.  86.  85.  83.]
 [250. 250. 250. 250. 250. 250. 250. 250. 250. 250. 250. 249. 249. 248.
  247. 248. 248. 247. 248. 247. 248. 248. 248. 248. 247. 248. 248. 248.
  249. 248. 248. 198. 198. 197. 198. 198. 197. 197. 198. 198.]
 [167. 189. 192. 197. 194. 198. 194. 199. 201. 199. 160. 150. 159. 152.
  165. 165. 164. 165. 171. 168. 170. 176. 173. 175. 176. 180. 182. 186.
  182. 184. 179. 143. 147. 156. 149. 151. 151. 150. 152. 153.]
 [162. 181. 189. 193. 194. 194. 197. 194. 196. 197. 161. 164. 164. 164.
  169. 173. 181. 181. 185. 178. 184. 186. 185. 181. 189. 189. 188. 184.
  185. 188. 195. 152. 154. 150. 148. 150. 150. 148. 151. 155.]]
##############################
[[ 62.  77.  85.  84.  87.  81.  79.  80.  81.  81.  69.  72.  79.  76.
   84.  89.  88.  89.  94.  98. 101. 104. 103. 100. 105. 107. 110. 111.
  115. 110. 102. 109.  83.  82.  85.  82.  86.  86.  85.  83.]
 [250. 250. 250. 250. 250. 250. 250. 250. 250. 250. 250. 249. 249. 248.
  247. 248. 248. 247. 248. 247. 248. 248. 248. 248. 247. 248. 248. 248.
  249. 248. 248. 248. 198. 197. 198. 198. 197. 197. 198. 198.]
 [167. 189. 192. 197. 194. 198. 194. 199. 201. 199. 160. 150. 159. 152.
  165. 165. 164. 165. 171. 168. 170. 176. 173. 175. 176. 180. 182. 186.
  182. 184. 179. 180. 147. 156. 149. 151. 151. 150. 152. 153.]
 [162. 181. 189. 193. 194. 194. 197. 194. 196. 197. 161. 164. 164. 164.
  169. 173. 181. 181. 185. 178. 184. 186. 185. 181. 189. 189. 188. 184.
  185. 188. 195. 192. 154. 150. 148. 150. 150. 148. 151. 155.]]
##############################
[[ 62.  77.  85.  84.  87.  81.  79.  80.  81.  81.  69.  72.  79.  76.
   84.  89.  88.  89.  94.  98. 101. 104. 103. 100. 105. 107. 110. 111.
  115. 110. 102. 109. 107.  82.  85.  82.  86.  86.  85.  83.]
 [250. 250. 250. 250. 250. 250. 250. 250. 250. 250. 250. 249. 249. 248.
  247. 248. 248. 247. 248. 247. 248. 248. 248. 248. 247. 248. 248. 248.
  249. 248. 248. 248. 248. 197. 198. 198. 197. 197. 198. 198.]
 [167. 189. 192. 197. 194. 198. 194. 199. 201. 199. 160. 150. 159. 152.
  165. 165. 164. 165. 171. 168. 170. 176. 173. 175. 176. 180. 182. 186.
  182. 184. 179. 180. 186. 156. 149. 151. 151. 150. 152. 153.]
 [162. 181. 189. 193. 194. 194. 197. 194. 196. 197. 161. 164. 164. 164.
  169. 173. 181. 181. 185. 178. 184. 186. 185. 181. 189. 189. 188. 184.
  185. 188. 195. 192. 194. 150. 148. 150. 150. 148. 151. 155.]]
##############################
[[ 62.  77.  85.  84.  87.  81.  79.  80.  81.  81.  69.  72.  79.  76.
   84.  89.  88.  89.  94.  98. 101. 104. 103. 100. 105. 107. 110. 111.
  115. 110. 102. 109. 107. 104.  85.  82.  86.  86.  85.  83.]
 [250. 250. 250. 250. 250. 250. 250. 250. 250. 250. 250. 249. 249. 248.
  247. 248. 248. 247. 248. 247. 248. 248. 248. 248. 247. 248. 248. 248.
  249. 248. 248. 248. 248. 247. 198. 198. 197. 197. 198. 198.]
 [167. 189. 192. 197. 194. 198. 194. 199. 201. 199. 160. 150. 159. 152.
  165. 165. 164. 165. 171. 168. 170. 176. 173. 175. 176. 180. 182. 186.
  182. 184. 179. 180. 186. 196. 149. 151. 151. 150. 152. 153.]
 [162. 181. 189. 193. 194. 194. 197. 194. 196. 197. 161. 164. 164. 164.
  169. 173. 181. 181. 185. 178. 184. 186. 185. 181. 189. 189. 188. 184.
  185. 188. 195. 192. 194. 191. 148. 150. 150. 148. 151. 155.]]
##############################
[[ 62.  77.  85.  84.  87.  81.  79.  80.  81.  81.  69.  72.  79.  76.
   84.  89.  88.  89.  94.  98. 101. 104. 103. 100. 105. 107. 110. 111.
  115. 110. 102. 109. 107. 104. 105.  82.  86.  86.  85.  83.]
 [250. 250. 250. 250. 250. 250. 250. 250. 250. 250. 250. 249. 249. 248.
  247. 248. 248. 247. 248. 247. 248. 248. 248. 248. 247. 248. 248. 248.
  249. 248. 248. 248. 248. 247. 248. 198. 197. 197. 198. 198.]
 [167. 189. 192. 197. 194. 198. 194. 199. 201. 199. 160. 150. 159. 152.
  165. 165. 164. 165. 171. 168. 170. 176. 173. 175. 176. 180. 182. 186.
  182. 184. 179. 180. 186. 196. 186. 151. 151. 150. 152. 153.]
 [162. 181. 189. 193. 194. 194. 197. 194. 196. 197. 161. 164. 164. 164.
  169. 173. 181. 181. 185. 178. 184. 186. 185. 181. 189. 189. 188. 184.
  185. 188. 195. 192. 194. 191. 188. 150. 150. 148. 151. 155.]]
##############################
[[ 62.  77.  85.  84.  87.  81.  79.  80.  81.  81.  69.  72.  79.  76.
   84.  89.  88.  89.  94.  98. 101. 104. 103. 100. 105. 107. 110. 111.
  115. 110. 102. 109. 107. 104. 105. 101.  86.  86.  85.  83.]
 [250. 250. 250. 250. 250. 250. 250. 250. 250. 250. 250. 249. 249. 248.
  247. 248. 248. 247. 248. 247. 248. 248. 248. 248. 247. 248. 248. 248.
  249. 248. 248. 248. 248. 247. 248. 248. 197. 197. 198. 198.]
 [167. 189. 192. 197. 194. 198. 194. 199. 201. 199. 160. 150. 159. 152.
  165. 165. 164. 165. 171. 168. 170. 176. 173. 175. 176. 180. 182. 186.
  182. 184. 179. 180. 186. 196. 186. 189. 151. 150. 152. 153.]
 [162. 181. 189. 193. 194. 194. 197. 194. 196. 197. 161. 164. 164. 164.
  169. 173. 181. 181. 185. 178. 184. 186. 185. 181. 189. 189. 188. 184.
  185. 188. 195. 192. 194. 191. 188. 190. 150. 148. 151. 155.]]
##############################
[[ 62.  77.  85.  84.  87.  81.  79.  80.  81.  81.  69.  72.  79.  76.
   84.  89.  88.  89.  94.  98. 101. 104. 103. 100. 105. 107. 110. 111.
  115. 110. 102. 109. 107. 104. 105. 101. 108.  86.  85.  83.]
 [250. 250. 250. 250. 250. 250. 250. 250. 250. 250. 250. 249. 249. 248.
  247. 248. 248. 247. 248. 247. 248. 248. 248. 248. 247. 248. 248. 248.
  249. 248. 248. 248. 248. 247. 248. 248. 247. 197. 198. 198.]
 [167. 189. 192. 197. 194. 198. 194. 199. 201. 199. 160. 150. 159. 152.
  165. 165. 164. 165. 171. 168. 170. 176. 173. 175. 176. 180. 182. 186.
  182. 184. 179. 180. 186. 196. 186. 189. 191. 150. 152. 153.]
 [162. 181. 189. 193. 194. 194. 197. 194. 196. 197. 161. 164. 164. 164.
  169. 173. 181. 181. 185. 178. 184. 186. 185. 181. 189. 189. 188. 184.
  185. 188. 195. 192. 194. 191. 188. 190. 191. 148. 151. 155.]]
##############################
[[ 62.  77.  85.  84.  87.  81.  79.  80.  81.  81.  69.  72.  79.  76.
   84.  89.  88.  89.  94.  98. 101. 104. 103. 100. 105. 107. 110. 111.
  115. 110. 102. 109. 107. 104. 105. 101. 108. 105.  85.  83.]
 [250. 250. 250. 250. 250. 250. 250. 250. 250. 250. 250. 249. 249. 248.
  247. 248. 248. 247. 248. 247. 248. 248. 248. 248. 247. 248. 248. 248.
  249. 248. 248. 248. 248. 247. 248. 248. 247. 247. 198. 198.]
 [167. 189. 192. 197. 194. 198. 194. 199. 201. 199. 160. 150. 159. 152.
  165. 165. 164. 165. 171. 168. 170. 176. 173. 175. 176. 180. 182. 186.
  182. 184. 179. 180. 186. 196. 186. 189. 191. 188. 152. 153.]
 [162. 181. 189. 193. 194. 194. 197. 194. 196. 197. 161. 164. 164. 164.
  169. 173. 181. 181. 185. 178. 184. 186. 185. 181. 189. 189. 188. 184.
  185. 188. 195. 192. 194. 191. 188. 190. 191. 188. 151. 155.]]
##############################
[[ 62.  77.  85.  84.  87.  81.  79.  80.  81.  81.  69.  72.  79.  76.
   84.  89.  88.  89.  94.  98. 101. 104. 103. 100. 105. 107. 110. 111.
  115. 110. 102. 109. 107. 104. 105. 101. 108. 105. 106.  83.]
 [250. 250. 250. 250. 250. 250. 250. 250. 250. 250. 250. 249. 249. 248.
  247. 248. 248. 247. 248. 247. 248. 248. 248. 248. 247. 248. 248. 248.
  249. 248. 248. 248. 248. 247. 248. 248. 247. 247. 248. 198.]
 [167. 189. 192. 197. 194. 198. 194. 199. 201. 199. 160. 150. 159. 152.
  165. 165. 164. 165. 171. 168. 170. 176. 173. 175. 176. 180. 182. 186.
  182. 184. 179. 180. 186. 196. 186. 189. 191. 188. 190. 153.]
 [162. 181. 189. 193. 194. 194. 197. 194. 196. 197. 161. 164. 164. 164.
  169. 173. 181. 181. 185. 178. 184. 186. 185. 181. 189. 189. 188. 184.
  185. 188. 195. 192. 194. 191. 188. 190. 191. 188. 191. 155.]]
##############################
[[ 62.  77.  85.  84.  87.  81.  79.  80.  81.  81.  69.  72.  79.  76.
   84.  89.  88.  89.  94.  98. 101. 104. 103. 100. 105. 107. 110. 111.
  115. 110. 102. 109. 107. 104. 105. 101. 108. 105. 106. 105.]
 [250. 250. 250. 250. 250. 250. 250. 250. 250. 250. 250. 249. 249. 248.
  247. 248. 248. 247. 248. 247. 248. 248. 248. 248. 247. 248. 248. 248.
  249. 248. 248. 248. 248. 247. 248. 248. 247. 247. 248. 248.]
 [167. 189. 192. 197. 194. 198. 194. 199. 201. 199. 160. 150. 159. 152.
  165. 165. 164. 165. 171. 168. 170. 176. 173. 175. 176. 180. 182. 186.
  182. 184. 179. 180. 186. 196. 186. 189. 191. 188. 190. 189.]
 [162. 181. 189. 193. 194. 194. 197. 194. 196. 197. 161. 164. 164. 164.
  169. 173. 181. 181. 185. 178. 184. 186. 185. 181. 189. 189. 188. 184.
  185. 188. 195. 192. 194. 191. 188. 190. 191. 188. 191. 194.]]
##############################
##################################################
##################################################
starting :6 batch
[[ 74.  77.  85.  84.  87.  81.  79.  80.  81.  81.  69.  72.  79.  76.
   84.  89.  88.  89.  94.  98. 101. 104. 103. 100. 105. 107. 110. 111.
  115. 110. 102. 109. 107. 104. 105. 101. 108. 105. 106. 105.]
 [300. 250. 250. 250. 250. 250. 250. 250. 250. 250. 250. 249. 249. 248.
  247. 248. 248. 247. 248. 247. 248. 248. 248. 248. 247. 248. 248. 248.
  249. 248. 248. 248. 248. 247. 248. 248. 247. 247. 248. 248.]
 [200. 189. 192. 197. 194. 198. 194. 199. 201. 199. 160. 150. 159. 152.
  165. 165. 164. 165. 171. 168. 170. 176. 173. 175. 176. 180. 182. 186.
  182. 184. 179. 180. 186. 196. 186. 189. 191. 188. 190. 189.]
 [196. 181. 189. 193. 194. 194. 197. 194. 196. 197. 161. 164. 164. 164.
  169. 173. 181. 181. 185. 178. 184. 186. 185. 181. 189. 189. 188. 184.
  185. 188. 195. 192. 194. 191. 188. 190. 191. 188. 191. 194.]]
##############################
[[ 74.  92.  85.  84.  87.  81.  79.  80.  81.  81.  69.  72.  79.  76.
   84.  89.  88.  89.  94.  98. 101. 104. 103. 100. 105. 107. 110. 111.
  115. 110. 102. 109. 107. 104. 105. 101. 108. 105. 106. 105.]
 [300. 300. 250. 250. 250. 250. 250. 250. 250. 250. 250. 249. 249. 248.
  247. 248. 248. 247. 248. 247. 248. 248. 248. 248. 247. 248. 248. 248.
  249. 248. 248. 248. 248. 247. 248. 248. 247. 247. 248. 248.]
 [200. 224. 192. 197. 194. 198. 194. 199. 201. 199. 160. 150. 159. 152.
  165. 165. 164. 165. 171. 168. 170. 176. 173. 175. 176. 180. 182. 186.
  182. 184. 179. 180. 186. 196. 186. 189. 191. 188. 190. 189.]
 [196. 217. 189. 193. 194. 194. 197. 194. 196. 197. 161. 164. 164. 164.
  169. 173. 181. 181. 185. 178. 184. 186. 185. 181. 189. 189. 188. 184.
  185. 188. 195. 192. 194. 191. 188. 190. 191. 188. 191. 194.]]
##############################
[[ 74.  92.  99.  84.  87.  81.  79.  80.  81.  81.  69.  72.  79.  76.
   84.  89.  88.  89.  94.  98. 101. 104. 103. 100. 105. 107. 110. 111.
  115. 110. 102. 109. 107. 104. 105. 101. 108. 105. 106. 105.]
 [300. 300. 300. 250. 250. 250. 250. 250. 250. 250. 250. 249. 249. 248.
  247. 248. 248. 247. 248. 247. 248. 248. 248. 248. 247. 248. 248. 248.
  249. 248. 248. 248. 248. 247. 248. 248. 247. 247. 248. 248.]
 [200. 224. 230. 197. 194. 198. 194. 199. 201. 199. 160. 150. 159. 152.
  165. 165. 164. 165. 171. 168. 170. 176. 173. 175. 176. 180. 182. 186.
  182. 184. 179. 180. 186. 196. 186. 189. 191. 188. 190. 189.]
 [196. 217. 226. 193. 194. 194. 197. 194. 196. 197. 161. 164. 164. 164.
  169. 173. 181. 181. 185. 178. 184. 186. 185. 181. 189. 189. 188. 184.
  185. 188. 195. 192. 194. 191. 188. 190. 191. 188. 191. 194.]]
##############################
[[ 74.  92.  99. 100.  87.  81.  79.  80.  81.  81.  69.  72.  79.  76.
   84.  89.  88.  89.  94.  98. 101. 104. 103. 100. 105. 107. 110. 111.
  115. 110. 102. 109. 107. 104. 105. 101. 108. 105. 106. 105.]
 [300. 300. 300. 300. 250. 250. 250. 250. 250. 250. 250. 249. 249. 248.
  247. 248. 248. 247. 248. 247. 248. 248. 248. 248. 247. 248. 248. 248.
  249. 248. 248. 248. 248. 247. 248. 248. 247. 247. 248. 248.]
 [200. 224. 230. 236. 194. 198. 194. 199. 201. 199. 160. 150. 159. 152.
  165. 165. 164. 165. 171. 168. 170. 176. 173. 175. 176. 180. 182. 186.
  182. 184. 179. 180. 186. 196. 186. 189. 191. 188. 190. 189.]
 [196. 217. 226. 231. 194. 194. 197. 194. 196. 197. 161. 164. 164. 164.
  169. 173. 181. 181. 185. 178. 184. 186. 185. 181. 189. 189. 188. 184.
  185. 188. 195. 192. 194. 191. 188. 190. 191. 188. 191. 194.]]
##############################
[[ 74.  92.  99. 100. 102.  81.  79.  80.  81.  81.  69.  72.  79.  76.
   84.  89.  88.  89.  94.  98. 101. 104. 103. 100. 105. 107. 110. 111.
  115. 110. 102. 109. 107. 104. 105. 101. 108. 105. 106. 105.]
 [300. 300. 300. 300. 300. 250. 250. 250. 250. 250. 250. 249. 249. 248.
  247. 248. 248. 247. 248. 247. 248. 248. 248. 248. 247. 248. 248. 248.
  249. 248. 248. 248. 248. 247. 248. 248. 247. 247. 248. 248.]
 [200. 224. 230. 236. 232. 198. 194. 199. 201. 199. 160. 150. 159. 152.
  165. 165. 164. 165. 171. 168. 170. 176. 173. 175. 176. 180. 182. 186.
  182. 184. 179. 180. 186. 196. 186. 189. 191. 188. 190. 189.]
 [196. 217. 226. 231. 232. 194. 197. 194. 196. 197. 161. 164. 164. 164.
  169. 173. 181. 181. 185. 178. 184. 186. 185. 181. 189. 189. 188. 184.
  185. 188. 195. 192. 194. 191. 188. 190. 191. 188. 191. 194.]]
##############################
[[ 74.  92.  99. 100. 102.  95.  79.  80.  81.  81.  69.  72.  79.  76.
   84.  89.  88.  89.  94.  98. 101. 104. 103. 100. 105. 107. 110. 111.
  115. 110. 102. 109. 107. 104. 105. 101. 108. 105. 106. 105.]
 [300. 300. 300. 300. 300. 300. 250. 250. 250. 250. 250. 249. 249. 248.
  247. 248. 248. 247. 248. 247. 248. 248. 248. 248. 247. 248. 248. 248.
  249. 248. 248. 248. 248. 247. 248. 248. 247. 247. 248. 248.]
 [200. 224. 230. 236. 232. 237. 194. 199. 201. 199. 160. 150. 159. 152.
  165. 165. 164. 165. 171. 168. 170. 176. 173. 175. 176. 180. 182. 186.
  182. 184. 179. 180. 186. 196. 186. 189. 191. 188. 190. 189.]
 [196. 217. 226. 231. 232. 233. 197. 194. 196. 197. 161. 164. 164. 164.
  169. 173. 181. 181. 185. 178. 184. 186. 185. 181. 189. 189. 188. 184.
  185. 188. 195. 192. 194. 191. 188. 190. 191. 188. 191. 194.]]
##############################
[[ 74.  92.  99. 100. 102.  95.  93.  80.  81.  81.  69.  72.  79.  76.
   84.  89.  88.  89.  94.  98. 101. 104. 103. 100. 105. 107. 110. 111.
  115. 110. 102. 109. 107. 104. 105. 101. 108. 105. 106. 105.]
 [300. 300. 300. 300. 300. 300. 300. 250. 250. 250. 250. 249. 249. 248.
  247. 248. 248. 247. 248. 247. 248. 248. 248. 248. 247. 248. 248. 248.
  249. 248. 248. 248. 248. 247. 248. 248. 247. 247. 248. 248.]
 [200. 224. 230. 236. 232. 237. 234. 199. 201. 199. 160. 150. 159. 152.
  165. 165. 164. 165. 171. 168. 170. 176. 173. 175. 176. 180. 182. 186.
  182. 184. 179. 180. 186. 196. 186. 189. 191. 188. 190. 189.]
 [196. 217. 226. 231. 232. 233. 237. 194. 196. 197. 161. 164. 164. 164.
  169. 173. 181. 181. 185. 178. 184. 186. 185. 181. 189. 189. 188. 184.
  185. 188. 195. 192. 194. 191. 188. 190. 191. 188. 191. 194.]]
##############################
[[ 74.  92.  99. 100. 102.  95.  93.  95.  81.  81.  69.  72.  79.  76.
   84.  89.  88.  89.  94.  98. 101. 104. 103. 100. 105. 107. 110. 111.
  115. 110. 102. 109. 107. 104. 105. 101. 108. 105. 106. 105.]
 [300. 300. 300. 300. 300. 300. 300. 300. 250. 250. 250. 249. 249. 248.
  247. 248. 248. 247. 248. 247. 248. 248. 248. 248. 247. 248. 248. 248.
  249. 248. 248. 248. 248. 247. 248. 248. 247. 247. 248. 248.]
 [200. 224. 230. 236. 232. 237. 234. 240. 201. 199. 160. 150. 159. 152.
  165. 165. 164. 165. 171. 168. 170. 176. 173. 175. 176. 180. 182. 186.
  182. 184. 179. 180. 186. 196. 186. 189. 191. 188. 190. 189.]
 [196. 217. 226. 231. 232. 233. 237. 236. 196. 197. 161. 164. 164. 164.
  169. 173. 181. 181. 185. 178. 184. 186. 185. 181. 189. 189. 188. 184.
  185. 188. 195. 192. 194. 191. 188. 190. 191. 188. 191. 194.]]
##############################
[[ 74.  92.  99. 100. 102.  95.  93.  95.  97.  81.  69.  72.  79.  76.
   84.  89.  88.  89.  94.  98. 101. 104. 103. 100. 105. 107. 110. 111.
  115. 110. 102. 109. 107. 104. 105. 101. 108. 105. 106. 105.]
 [300. 300. 300. 300. 300. 300. 300. 300. 300. 250. 250. 249. 249. 248.
  247. 248. 248. 247. 248. 247. 248. 248. 248. 248. 247. 248. 248. 248.
  249. 248. 248. 248. 248. 247. 248. 248. 247. 247. 248. 248.]
 [200. 224. 230. 236. 232. 237. 234. 240. 241. 199. 160. 150. 159. 152.
  165. 165. 164. 165. 171. 168. 170. 176. 173. 175. 176. 180. 182. 186.
  182. 184. 179. 180. 186. 196. 186. 189. 191. 188. 190. 189.]
 [196. 217. 226. 231. 232. 233. 237. 236. 237. 197. 161. 164. 164. 164.
  169. 173. 181. 181. 185. 178. 184. 186. 185. 181. 189. 189. 188. 184.
  185. 188. 195. 192. 194. 191. 188. 190. 191. 188. 191. 194.]]
##############################
[[ 74.  92.  99. 100. 102.  95.  93.  95.  97.  96.  69.  72.  79.  76.
   84.  89.  88.  89.  94.  98. 101. 104. 103. 100. 105. 107. 110. 111.
  115. 110. 102. 109. 107. 104. 105. 101. 108. 105. 106. 105.]
 [300. 300. 300. 300. 300. 300. 300. 300. 300. 300. 250. 249. 249. 248.
  247. 248. 248. 247. 248. 247. 248. 248. 248. 248. 247. 248. 248. 248.
  249. 248. 248. 248. 248. 247. 248. 248. 247. 247. 248. 248.]
 [200. 224. 230. 236. 232. 237. 234. 240. 241. 238. 160. 150. 159. 152.
  165. 165. 164. 165. 171. 168. 170. 176. 173. 175. 176. 180. 182. 186.
  182. 184. 179. 180. 186. 196. 186. 189. 191. 188. 190. 189.]
 [196. 217. 226. 231. 232. 233. 237. 236. 237. 238. 161. 164. 164. 164.
  169. 173. 181. 181. 185. 178. 184. 186. 185. 181. 189. 189. 188. 184.
  185. 188. 195. 192. 194. 191. 188. 190. 191. 188. 191. 194.]]
##############################
[[ 74.  92.  99. 100. 102.  95.  93.  95.  97.  96.  82.  72.  79.  76.
   84.  89.  88.  89.  94.  98. 101. 104. 103. 100. 105. 107. 110. 111.
  115. 110. 102. 109. 107. 104. 105. 101. 108. 105. 106. 105.]
 [300. 300. 300. 300. 300. 300. 300. 300. 300. 300. 300. 249. 249. 248.
  247. 248. 248. 247. 248. 247. 248. 248. 248. 248. 247. 248. 248. 248.
  249. 248. 248. 248. 248. 247. 248. 248. 247. 247. 248. 248.]
 [200. 224. 230. 236. 232. 237. 234. 240. 241. 238. 189. 150. 159. 152.
  165. 165. 164. 165. 171. 168. 170. 176. 173. 175. 176. 180. 182. 186.
  182. 184. 179. 180. 186. 196. 186. 189. 191. 188. 190. 189.]
 [196. 217. 226. 231. 232. 233. 237. 236. 237. 238. 195. 164. 164. 164.
  169. 173. 181. 181. 185. 178. 184. 186. 185. 181. 189. 189. 188. 184.
  185. 188. 195. 192. 194. 191. 188. 190. 191. 188. 191. 194.]]
##############################
[[ 74.  92.  99. 100. 102.  95.  93.  95.  97.  96.  82.  86.  79.  76.
   84.  89.  88.  89.  94.  98. 101. 104. 103. 100. 105. 107. 110. 111.
  115. 110. 102. 109. 107. 104. 105. 101. 108. 105. 106. 105.]
 [300. 300. 300. 300. 300. 300. 300. 300. 300. 300. 300. 299. 249. 248.
  247. 248. 248. 247. 248. 247. 248. 248. 248. 248. 247. 248. 248. 248.
  249. 248. 248. 248. 248. 247. 248. 248. 247. 247. 248. 248.]
 [200. 224. 230. 236. 232. 237. 234. 240. 241. 238. 189. 177. 159. 152.
  165. 165. 164. 165. 171. 168. 170. 176. 173. 175. 176. 180. 182. 186.
  182. 184. 179. 180. 186. 196. 186. 189. 191. 188. 190. 189.]
 [196. 217. 226. 231. 232. 233. 237. 236. 237. 238. 195. 196. 164. 164.
  169. 173. 181. 181. 185. 178. 184. 186. 185. 181. 189. 189. 188. 184.
  185. 188. 195. 192. 194. 191. 188. 190. 191. 188. 191. 194.]]
##############################
[[ 74.  92.  99. 100. 102.  95.  93.  95.  97.  96.  82.  86.  96.  76.
   84.  89.  88.  89.  94.  98. 101. 104. 103. 100. 105. 107. 110. 111.
  115. 110. 102. 109. 107. 104. 105. 101. 108. 105. 106. 105.]
 [300. 300. 300. 300. 300. 300. 300. 300. 300. 300. 300. 299. 299. 248.
  247. 248. 248. 247. 248. 247. 248. 248. 248. 248. 247. 248. 248. 248.
  249. 248. 248. 248. 248. 247. 248. 248. 247. 247. 248. 248.]
 [200. 224. 230. 236. 232. 237. 234. 240. 241. 238. 189. 177. 188. 152.
  165. 165. 164. 165. 171. 168. 170. 176. 173. 175. 176. 180. 182. 186.
  182. 184. 179. 180. 186. 196. 186. 189. 191. 188. 190. 189.]
 [196. 217. 226. 231. 232. 233. 237. 236. 237. 238. 195. 196. 197. 164.
  169. 173. 181. 181. 185. 178. 184. 186. 185. 181. 189. 189. 188. 184.
  185. 188. 195. 192. 194. 191. 188. 190. 191. 188. 191. 194.]]
##############################
[[ 74.  92.  99. 100. 102.  95.  93.  95.  97.  96.  82.  86.  96.  94.
   84.  89.  88.  89.  94.  98. 101. 104. 103. 100. 105. 107. 110. 111.
  115. 110. 102. 109. 107. 104. 105. 101. 108. 105. 106. 105.]
 [300. 300. 300. 300. 300. 300. 300. 300. 300. 300. 300. 299. 299. 298.
  247. 248. 248. 247. 248. 247. 248. 248. 248. 248. 247. 248. 248. 248.
  249. 248. 248. 248. 248. 247. 248. 248. 247. 247. 248. 248.]
 [200. 224. 230. 236. 232. 237. 234. 240. 241. 238. 189. 177. 188. 181.
  165. 165. 164. 165. 171. 168. 170. 176. 173. 175. 176. 180. 182. 186.
  182. 184. 179. 180. 186. 196. 186. 189. 191. 188. 190. 189.]
 [196. 217. 226. 231. 232. 233. 237. 236. 237. 238. 195. 196. 197. 197.
  169. 173. 181. 181. 185. 178. 184. 186. 185. 181. 189. 189. 188. 184.
  185. 188. 195. 192. 194. 191. 188. 190. 191. 188. 191. 194.]]
##############################
[[ 74.  92.  99. 100. 102.  95.  93.  95.  97.  96.  82.  86.  96.  94.
  106.  89.  88.  89.  94.  98. 101. 104. 103. 100. 105. 107. 110. 111.
  115. 110. 102. 109. 107. 104. 105. 101. 108. 105. 106. 105.]
 [300. 300. 300. 300. 300. 300. 300. 300. 300. 300. 300. 299. 299. 298.
  297. 248. 248. 247. 248. 247. 248. 248. 248. 248. 247. 248. 248. 248.
  249. 248. 248. 248. 248. 247. 248. 248. 247. 247. 248. 248.]
 [200. 224. 230. 236. 232. 237. 234. 240. 241. 238. 189. 177. 188. 181.
  199. 165. 164. 165. 171. 168. 170. 176. 173. 175. 176. 180. 182. 186.
  182. 184. 179. 180. 186. 196. 186. 189. 191. 188. 190. 189.]
 [196. 217. 226. 231. 232. 233. 237. 236. 237. 238. 195. 196. 197. 197.
  202. 173. 181. 181. 185. 178. 184. 186. 185. 181. 189. 189. 188. 184.
  185. 188. 195. 192. 194. 191. 188. 190. 191. 188. 191. 194.]]
##############################
[[ 74.  92.  99. 100. 102.  95.  93.  95.  97.  96.  82.  86.  96.  94.
  106. 108.  88.  89.  94.  98. 101. 104. 103. 100. 105. 107. 110. 111.
  115. 110. 102. 109. 107. 104. 105. 101. 108. 105. 106. 105.]
 [300. 300. 300. 300. 300. 300. 300. 300. 300. 300. 300. 299. 299. 298.
  297. 298. 248. 247. 248. 247. 248. 248. 248. 248. 247. 248. 248. 248.
  249. 248. 248. 248. 248. 247. 248. 248. 247. 247. 248. 248.]
 [200. 224. 230. 236. 232. 237. 234. 240. 241. 238. 189. 177. 188. 181.
  199. 195. 164. 165. 171. 168. 170. 176. 173. 175. 176. 180. 182. 186.
  182. 184. 179. 180. 186. 196. 186. 189. 191. 188. 190. 189.]
 [196. 217. 226. 231. 232. 233. 237. 236. 237. 238. 195. 196. 197. 197.
  202. 205. 181. 181. 185. 178. 184. 186. 185. 181. 189. 189. 188. 184.
  185. 188. 195. 192. 194. 191. 188. 190. 191. 188. 191. 194.]]
##############################
[[ 74.  92.  99. 100. 102.  95.  93.  95.  97.  96.  82.  86.  96.  94.
  106. 108. 110.  89.  94.  98. 101. 104. 103. 100. 105. 107. 110. 111.
  115. 110. 102. 109. 107. 104. 105. 101. 108. 105. 106. 105.]
 [300. 300. 300. 300. 300. 300. 300. 300. 300. 300. 300. 299. 299. 298.
  297. 298. 298. 247. 248. 247. 248. 248. 248. 248. 247. 248. 248. 248.
  249. 248. 248. 248. 248. 247. 248. 248. 247. 247. 248. 248.]
 [200. 224. 230. 236. 232. 237. 234. 240. 241. 238. 189. 177. 188. 181.
  199. 195. 196. 165. 171. 168. 170. 176. 173. 175. 176. 180. 182. 186.
  182. 184. 179. 180. 186. 196. 186. 189. 191. 188. 190. 189.]
 [196. 217. 226. 231. 232. 233. 237. 236. 237. 238. 195. 196. 197. 197.
  202. 205. 214. 181. 185. 178. 184. 186. 185. 181. 189. 189. 188. 184.
  185. 188. 195. 192. 194. 191. 188. 190. 191. 188. 191. 194.]]
##############################
[[ 74.  92.  99. 100. 102.  95.  93.  95.  97.  96.  82.  86.  96.  94.
  106. 108. 110. 110.  94.  98. 101. 104. 103. 100. 105. 107. 110. 111.
  115. 110. 102. 109. 107. 104. 105. 101. 108. 105. 106. 105.]
 [300. 300. 300. 300. 300. 300. 300. 300. 300. 300. 300. 299. 299. 298.
  297. 298. 298. 297. 248. 247. 248. 248. 248. 248. 247. 248. 248. 248.
  249. 248. 248. 248. 248. 247. 248. 248. 247. 247. 248. 248.]
 [200. 224. 230. 236. 232. 237. 234. 240. 241. 238. 189. 177. 188. 181.
  199. 195. 196. 199. 171. 168. 170. 176. 173. 175. 176. 180. 182. 186.
  182. 184. 179. 180. 186. 196. 186. 189. 191. 188. 190. 189.]
 [196. 217. 226. 231. 232. 233. 237. 236. 237. 238. 195. 196. 197. 197.
  202. 205. 214. 213. 185. 178. 184. 186. 185. 181. 189. 189. 188. 184.
  185. 188. 195. 192. 194. 191. 188. 190. 191. 188. 191. 194.]]
##############################
[[ 74.  92.  99. 100. 102.  95.  93.  95.  97.  96.  82.  86.  96.  94.
  106. 108. 110. 110. 115.  98. 101. 104. 103. 100. 105. 107. 110. 111.
  115. 110. 102. 109. 107. 104. 105. 101. 108. 105. 106. 105.]
 [300. 300. 300. 300. 300. 300. 300. 300. 300. 300. 300. 299. 299. 298.
  297. 298. 298. 297. 298. 247. 248. 248. 248. 248. 247. 248. 248. 248.
  249. 248. 248. 248. 248. 247. 248. 248. 247. 247. 248. 248.]
 [200. 224. 230. 236. 232. 237. 234. 240. 241. 238. 189. 177. 188. 181.
  199. 195. 196. 199. 203. 168. 170. 176. 173. 175. 176. 180. 182. 186.
  182. 184. 179. 180. 186. 196. 186. 189. 191. 188. 190. 189.]
 [196. 217. 226. 231. 232. 233. 237. 236. 237. 238. 195. 196. 197. 197.
  202. 205. 214. 213. 221. 178. 184. 186. 185. 181. 189. 189. 188. 184.
  185. 188. 195. 192. 194. 191. 188. 190. 191. 188. 191. 194.]]
##############################
[[ 74.  92.  99. 100. 102.  95.  93.  95.  97.  96.  82.  86.  96.  94.
  106. 108. 110. 110. 115. 119. 101. 104. 103. 100. 105. 107. 110. 111.
  115. 110. 102. 109. 107. 104. 105. 101. 108. 105. 106. 105.]
 [300. 300. 300. 300. 300. 300. 300. 300. 300. 300. 300. 299. 299. 298.
  297. 298. 298. 297. 298. 297. 248. 248. 248. 248. 247. 248. 248. 248.
  249. 248. 248. 248. 248. 247. 248. 248. 247. 247. 248. 248.]
 [200. 224. 230. 236. 232. 237. 234. 240. 241. 238. 189. 177. 188. 181.
  199. 195. 196. 199. 203. 203. 170. 176. 173. 175. 176. 180. 182. 186.
  182. 184. 179. 180. 186. 196. 186. 189. 191. 188. 190. 189.]
 [196. 217. 226. 231. 232. 233. 237. 236. 237. 238. 195. 196. 197. 197.
  202. 205. 214. 213. 221. 215. 184. 186. 185. 181. 189. 189. 188. 184.
  185. 188. 195. 192. 194. 191. 188. 190. 191. 188. 191. 194.]]
##############################
[[ 74.  92.  99. 100. 102.  95.  93.  95.  97.  96.  82.  86.  96.  94.
  106. 108. 110. 110. 115. 119. 121. 104. 103. 100. 105. 107. 110. 111.
  115. 110. 102. 109. 107. 104. 105. 101. 108. 105. 106. 105.]
 [300. 300. 300. 300. 300. 300. 300. 300. 300. 300. 300. 299. 299. 298.
  297. 298. 298. 297. 298. 297. 298. 248. 248. 248. 247. 248. 248. 248.
  249. 248. 248. 248. 248. 247. 248. 248. 247. 247. 248. 248.]
 [200. 224. 230. 236. 232. 237. 234. 240. 241. 238. 189. 177. 188. 181.
  199. 195. 196. 199. 203. 203. 205. 176. 173. 175. 176. 180. 182. 186.
  182. 184. 179. 180. 186. 196. 186. 189. 191. 188. 190. 189.]
 [196. 217. 226. 231. 232. 233. 237. 236. 237. 238. 195. 196. 197. 197.
  202. 205. 214. 213. 221. 215. 217. 186. 185. 181. 189. 189. 188. 184.
  185. 188. 195. 192. 194. 191. 188. 190. 191. 188. 191. 194.]]
##############################
[[ 74.  92.  99. 100. 102.  95.  93.  95.  97.  96.  82.  86.  96.  94.
  106. 108. 110. 110. 115. 119. 121. 126. 103. 100. 105. 107. 110. 111.
  115. 110. 102. 109. 107. 104. 105. 101. 108. 105. 106. 105.]
 [300. 300. 300. 300. 300. 300. 300. 300. 300. 300. 300. 299. 299. 298.
  297. 298. 298. 297. 298. 297. 298. 298. 248. 248. 247. 248. 248. 248.
  249. 248. 248. 248. 248. 247. 248. 248. 247. 247. 248. 248.]
 [200. 224. 230. 236. 232. 237. 234. 240. 241. 238. 189. 177. 188. 181.
  199. 195. 196. 199. 203. 203. 205. 212. 173. 175. 176. 180. 182. 186.
  182. 184. 179. 180. 186. 196. 186. 189. 191. 188. 190. 189.]
 [196. 217. 226. 231. 232. 233. 237. 236. 237. 238. 195. 196. 197. 197.
  202. 205. 214. 213. 221. 215. 217. 222. 185. 181. 189. 189. 188. 184.
  185. 188. 195. 192. 194. 191. 188. 190. 191. 188. 191. 194.]]
##############################
[[ 74.  92.  99. 100. 102.  95.  93.  95.  97.  96.  82.  86.  96.  94.
  106. 108. 110. 110. 115. 119. 121. 126. 125. 100. 105. 107. 110. 111.
  115. 110. 102. 109. 107. 104. 105. 101. 108. 105. 106. 105.]
 [300. 300. 300. 300. 300. 300. 300. 300. 300. 300. 300. 299. 299. 298.
  297. 298. 298. 297. 298. 297. 298. 298. 298. 248. 247. 248. 248. 248.
  249. 248. 248. 248. 248. 247. 248. 248. 247. 247. 248. 248.]
 [200. 224. 230. 236. 232. 237. 234. 240. 241. 238. 189. 177. 188. 181.
  199. 195. 196. 199. 203. 203. 205. 212. 209. 175. 176. 180. 182. 186.
  182. 184. 179. 180. 186. 196. 186. 189. 191. 188. 190. 189.]
 [196. 217. 226. 231. 232. 233. 237. 236. 237. 238. 195. 196. 197. 197.
  202. 205. 214. 213. 221. 215. 217. 222. 225. 181. 189. 189. 188. 184.
  185. 188. 195. 192. 194. 191. 188. 190. 191. 188. 191. 194.]]
##############################
[[ 74.  92.  99. 100. 102.  95.  93.  95.  97.  96.  82.  86.  96.  94.
  106. 108. 110. 110. 115. 119. 121. 126. 125. 124. 105. 107. 110. 111.
  115. 110. 102. 109. 107. 104. 105. 101. 108. 105. 106. 105.]
 [300. 300. 300. 300. 300. 300. 300. 300. 300. 300. 300. 299. 299. 298.
  297. 298. 298. 297. 298. 297. 298. 298. 298. 298. 247. 248. 248. 248.
  249. 248. 248. 248. 248. 247. 248. 248. 247. 247. 248. 248.]
 [200. 224. 230. 236. 232. 237. 234. 240. 241. 238. 189. 177. 188. 181.
  199. 195. 196. 199. 203. 203. 205. 212. 209. 211. 176. 180. 182. 186.
  182. 184. 179. 180. 186. 196. 186. 189. 191. 188. 190. 189.]
 [196. 217. 226. 231. 232. 233. 237. 236. 237. 238. 195. 196. 197. 197.
  202. 205. 214. 213. 221. 215. 217. 222. 225. 221. 189. 189. 188. 184.
  185. 188. 195. 192. 194. 191. 188. 190. 191. 188. 191. 194.]]
##############################
[[ 74.  92.  99. 100. 102.  95.  93.  95.  97.  96.  82.  86.  96.  94.
  106. 108. 110. 110. 115. 119. 121. 126. 125. 124. 125. 107. 110. 111.
  115. 110. 102. 109. 107. 104. 105. 101. 108. 105. 106. 105.]
 [300. 300. 300. 300. 300. 300. 300. 300. 300. 300. 300. 299. 299. 298.
  297. 298. 298. 297. 298. 297. 298. 298. 298. 298. 297. 248. 248. 248.
  249. 248. 248. 248. 248. 247. 248. 248. 247. 247. 248. 248.]
 [200. 224. 230. 236. 232. 237. 234. 240. 241. 238. 189. 177. 188. 181.
  199. 195. 196. 199. 203. 203. 205. 212. 209. 211. 212. 180. 182. 186.
  182. 184. 179. 180. 186. 196. 186. 189. 191. 188. 190. 189.]
 [196. 217. 226. 231. 232. 233. 237. 236. 237. 238. 195. 196. 197. 197.
  202. 205. 214. 213. 221. 215. 217. 222. 225. 221. 229. 189. 188. 184.
  185. 188. 195. 192. 194. 191. 188. 190. 191. 188. 191. 194.]]
##############################
[[ 74.  92.  99. 100. 102.  95.  93.  95.  97.  96.  82.  86.  96.  94.
  106. 108. 110. 110. 115. 119. 121. 126. 125. 124. 125. 128. 110. 111.
  115. 110. 102. 109. 107. 104. 105. 101. 108. 105. 106. 105.]
 [300. 300. 300. 300. 300. 300. 300. 300. 300. 300. 300. 299. 299. 298.
  297. 298. 298. 297. 298. 297. 298. 298. 298. 298. 297. 298. 248. 248.
  249. 248. 248. 248. 248. 247. 248. 248. 247. 247. 248. 248.]
 [200. 224. 230. 236. 232. 237. 234. 240. 241. 238. 189. 177. 188. 181.
  199. 195. 196. 199. 203. 203. 205. 212. 209. 211. 212. 220. 182. 186.
  182. 184. 179. 180. 186. 196. 186. 189. 191. 188. 190. 189.]
 [196. 217. 226. 231. 232. 233. 237. 236. 237. 238. 195. 196. 197. 197.
  202. 205. 214. 213. 221. 215. 217. 222. 225. 221. 229. 227. 188. 184.
  185. 188. 195. 192. 194. 191. 188. 190. 191. 188. 191. 194.]]
##############################
[[ 74.  92.  99. 100. 102.  95.  93.  95.  97.  96.  82.  86.  96.  94.
  106. 108. 110. 110. 115. 119. 121. 126. 125. 124. 125. 128. 132. 111.
  115. 110. 102. 109. 107. 104. 105. 101. 108. 105. 106. 105.]
 [300. 300. 300. 300. 300. 300. 300. 300. 300. 300. 300. 299. 299. 298.
  297. 298. 298. 297. 298. 297. 298. 298. 298. 298. 297. 298. 298. 248.
  249. 248. 248. 248. 248. 247. 248. 248. 247. 247. 248. 248.]
 [200. 224. 230. 236. 232. 237. 234. 240. 241. 238. 189. 177. 188. 181.
  199. 195. 196. 199. 203. 203. 205. 212. 209. 211. 212. 220. 224. 186.
  182. 184. 179. 180. 186. 196. 186. 189. 191. 188. 190. 189.]
 [196. 217. 226. 231. 232. 233. 237. 236. 237. 238. 195. 196. 197. 197.
  202. 205. 214. 213. 221. 215. 217. 222. 225. 221. 229. 227. 227. 184.
  185. 188. 195. 192. 194. 191. 188. 190. 191. 188. 191. 194.]]
##############################
[[ 74.  92.  99. 100. 102.  95.  93.  95.  97.  96.  82.  86.  96.  94.
  106. 108. 110. 110. 115. 119. 121. 126. 125. 124. 125. 128. 132. 135.
  115. 110. 102. 109. 107. 104. 105. 101. 108. 105. 106. 105.]
 [300. 300. 300. 300. 300. 300. 300. 300. 300. 300. 300. 299. 299. 298.
  297. 298. 298. 297. 298. 297. 298. 298. 298. 298. 297. 298. 298. 298.
  249. 248. 248. 248. 248. 247. 248. 248. 247. 247. 248. 248.]
 [200. 224. 230. 236. 232. 237. 234. 240. 241. 238. 189. 177. 188. 181.
  199. 195. 196. 199. 203. 203. 205. 212. 209. 211. 212. 220. 224. 227.
  182. 184. 179. 180. 186. 196. 186. 189. 191. 188. 190. 189.]
 [196. 217. 226. 231. 232. 233. 237. 236. 237. 238. 195. 196. 197. 197.
  202. 205. 214. 213. 221. 215. 217. 222. 225. 221. 229. 227. 227. 223.
  185. 188. 195. 192. 194. 191. 188. 190. 191. 188. 191. 194.]]
##############################
[[ 74.  92.  99. 100. 102.  95.  93.  95.  97.  96.  82.  86.  96.  94.
  106. 108. 110. 110. 115. 119. 121. 126. 125. 124. 125. 128. 132. 135.
  139. 110. 102. 109. 107. 104. 105. 101. 108. 105. 106. 105.]
 [300. 300. 300. 300. 300. 300. 300. 300. 300. 300. 300. 299. 299. 298.
  297. 298. 298. 297. 298. 297. 298. 298. 298. 298. 297. 298. 298. 298.
  299. 248. 248. 248. 248. 247. 248. 248. 247. 247. 248. 248.]
 [200. 224. 230. 236. 232. 237. 234. 240. 241. 238. 189. 177. 188. 181.
  199. 195. 196. 199. 203. 203. 205. 212. 209. 211. 212. 220. 224. 227.
  223. 184. 179. 180. 186. 196. 186. 189. 191. 188. 190. 189.]
 [196. 217. 226. 231. 232. 233. 237. 236. 237. 238. 195. 196. 197. 197.
  202. 205. 214. 213. 221. 215. 217. 222. 225. 221. 229. 227. 227. 223.
  221. 188. 195. 192. 194. 191. 188. 190. 191. 188. 191. 194.]]
##############################
[[ 74.  92.  99. 100. 102.  95.  93.  95.  97.  96.  82.  86.  96.  94.
  106. 108. 110. 110. 115. 119. 121. 126. 125. 124. 125. 128. 132. 135.
  139. 133. 102. 109. 107. 104. 105. 101. 108. 105. 106. 105.]
 [300. 300. 300. 300. 300. 300. 300. 300. 300. 300. 300. 299. 299. 298.
  297. 298. 298. 297. 298. 297. 298. 298. 298. 298. 297. 298. 298. 298.
  299. 298. 248. 248. 248. 247. 248. 248. 247. 247. 248. 248.]
 [200. 224. 230. 236. 232. 237. 234. 240. 241. 238. 189. 177. 188. 181.
  199. 195. 196. 199. 203. 203. 205. 212. 209. 211. 212. 220. 224. 227.
  223. 223. 179. 180. 186. 196. 186. 189. 191. 188. 190. 189.]
 [196. 217. 226. 231. 232. 233. 237. 236. 237. 238. 195. 196. 197. 197.
  202. 205. 214. 213. 221. 215. 217. 222. 225. 221. 229. 227. 227. 223.
  221. 227. 195. 192. 194. 191. 188. 190. 191. 188. 191. 194.]]
##############################
[[ 74.  92.  99. 100. 102.  95.  93.  95.  97.  96.  82.  86.  96.  94.
  106. 108. 110. 110. 115. 119. 121. 126. 125. 124. 125. 128. 132. 135.
  139. 133. 127. 109. 107. 104. 105. 101. 108. 105. 106. 105.]
 [300. 300. 300. 300. 300. 300. 300. 300. 300. 300. 300. 299. 299. 298.
  297. 298. 298. 297. 298. 297. 298. 298. 298. 298. 297. 298. 298. 298.
  299. 298. 298. 248. 248. 247. 248. 248. 247. 247. 248. 248.]
 [200. 224. 230. 236. 232. 237. 234. 240. 241. 238. 189. 177. 188. 181.
  199. 195. 196. 199. 203. 203. 205. 212. 209. 211. 212. 220. 224. 227.
  223. 223. 220. 180. 186. 196. 186. 189. 191. 188. 190. 189.]
 [196. 217. 226. 231. 232. 233. 237. 236. 237. 238. 195. 196. 197. 197.
  202. 205. 214. 213. 221. 215. 217. 222. 225. 221. 229. 227. 227. 223.
  221. 227. 234. 192. 194. 191. 188. 190. 191. 188. 191. 194.]]
##############################
[[ 74.  92.  99. 100. 102.  95.  93.  95.  97.  96.  82.  86.  96.  94.
  106. 108. 110. 110. 115. 119. 121. 126. 125. 124. 125. 128. 132. 135.
  139. 133. 127. 136. 107. 104. 105. 101. 108. 105. 106. 105.]
 [300. 300. 300. 300. 300. 300. 300. 300. 300. 300. 300. 299. 299. 298.
  297. 298. 298. 297. 298. 297. 298. 298. 298. 298. 297. 298. 298. 298.
  299. 298. 298. 298. 248. 247. 248. 248. 247. 247. 248. 248.]
 [200. 224. 230. 236. 232. 237. 234. 240. 241. 238. 189. 177. 188. 181.
  199. 195. 196. 199. 203. 203. 205. 212. 209. 211. 212. 220. 224. 227.
  223. 223. 220. 221. 186. 196. 186. 189. 191. 188. 190. 189.]
 [196. 217. 226. 231. 232. 233. 237. 236. 237. 238. 195. 196. 197. 197.
  202. 205. 214. 213. 221. 215. 217. 222. 225. 221. 229. 227. 227. 223.
  221. 227. 234. 231. 194. 191. 188. 190. 191. 188. 191. 194.]]
##############################
[[ 74.  92.  99. 100. 102.  95.  93.  95.  97.  96.  82.  86.  96.  94.
  106. 108. 110. 110. 115. 119. 121. 126. 125. 124. 125. 128. 132. 135.
  139. 133. 127. 136. 130. 104. 105. 101. 108. 105. 106. 105.]
 [300. 300. 300. 300. 300. 300. 300. 300. 300. 300. 300. 299. 299. 298.
  297. 298. 298. 297. 298. 297. 298. 298. 298. 298. 297. 298. 298. 298.
  299. 298. 298. 298. 298. 247. 248. 248. 247. 247. 248. 248.]
 [200. 224. 230. 236. 232. 237. 234. 240. 241. 238. 189. 177. 188. 181.
  199. 195. 196. 199. 203. 203. 205. 212. 209. 211. 212. 220. 224. 227.
  223. 223. 220. 221. 230. 196. 186. 189. 191. 188. 190. 189.]
 [196. 217. 226. 231. 232. 233. 237. 236. 237. 238. 195. 196. 197. 197.
  202. 205. 214. 213. 221. 215. 217. 222. 225. 221. 229. 227. 227. 223.
  221. 227. 234. 231. 234. 191. 188. 190. 191. 188. 191. 194.]]
##############################
[[ 74.  92.  99. 100. 102.  95.  93.  95.  97.  96.  82.  86.  96.  94.
  106. 108. 110. 110. 115. 119. 121. 126. 125. 124. 125. 128. 132. 135.
  139. 133. 127. 136. 130. 130. 105. 101. 108. 105. 106. 105.]
 [300. 300. 300. 300. 300. 300. 300. 300. 300. 300. 300. 299. 299. 298.
  297. 298. 298. 297. 298. 297. 298. 298. 298. 298. 297. 298. 298. 298.
  299. 298. 298. 298. 298. 297. 248. 248. 247. 247. 248. 248.]
 [200. 224. 230. 236. 232. 237. 234. 240. 241. 238. 189. 177. 188. 181.
  199. 195. 196. 199. 203. 203. 205. 212. 209. 211. 212. 220. 224. 227.
  223. 223. 220. 221. 230. 237. 186. 189. 191. 188. 190. 189.]
 [196. 217. 226. 231. 232. 233. 237. 236. 237. 238. 195. 196. 197. 197.
  202. 205. 214. 213. 221. 215. 217. 222. 225. 221. 229. 227. 227. 223.
  221. 227. 234. 231. 234. 231. 188. 190. 191. 188. 191. 194.]]
##############################
[[ 74.  92.  99. 100. 102.  95.  93.  95.  97.  96.  82.  86.  96.  94.
  106. 108. 110. 110. 115. 119. 121. 126. 125. 124. 125. 128. 132. 135.
  139. 133. 127. 136. 130. 130. 131. 101. 108. 105. 106. 105.]
 [300. 300. 300. 300. 300. 300. 300. 300. 300. 300. 300. 299. 299. 298.
  297. 298. 298. 297. 298. 297. 298. 298. 298. 298. 297. 298. 298. 298.
  299. 298. 298. 298. 298. 297. 298. 248. 247. 247. 248. 248.]
 [200. 224. 230. 236. 232. 237. 234. 240. 241. 238. 189. 177. 188. 181.
  199. 195. 196. 199. 203. 203. 205. 212. 209. 211. 212. 220. 224. 227.
  223. 223. 220. 221. 230. 237. 224. 189. 191. 188. 190. 189.]
 [196. 217. 226. 231. 232. 233. 237. 236. 237. 238. 195. 196. 197. 197.
  202. 205. 214. 213. 221. 215. 217. 222. 225. 221. 229. 227. 227. 223.
  221. 227. 234. 231. 234. 231. 227. 190. 191. 188. 191. 194.]]
##############################
[[ 74.  92.  99. 100. 102.  95.  93.  95.  97.  96.  82.  86.  96.  94.
  106. 108. 110. 110. 115. 119. 121. 126. 125. 124. 125. 128. 132. 135.
  139. 133. 127. 136. 130. 130. 131. 128. 108. 105. 106. 105.]
 [300. 300. 300. 300. 300. 300. 300. 300. 300. 300. 300. 299. 299. 298.
  297. 298. 298. 297. 298. 297. 298. 298. 298. 298. 297. 298. 298. 298.
  299. 298. 298. 298. 298. 297. 298. 298. 247. 247. 248. 248.]
 [200. 224. 230. 236. 232. 237. 234. 240. 241. 238. 189. 177. 188. 181.
  199. 195. 196. 199. 203. 203. 205. 212. 209. 211. 212. 220. 224. 227.
  223. 223. 220. 221. 230. 237. 224. 228. 191. 188. 190. 189.]
 [196. 217. 226. 231. 232. 233. 237. 236. 237. 238. 195. 196. 197. 197.
  202. 205. 214. 213. 221. 215. 217. 222. 225. 221. 229. 227. 227. 223.
  221. 227. 234. 231. 234. 231. 227. 228. 191. 188. 191. 194.]]
##############################
[[ 74.  92.  99. 100. 102.  95.  93.  95.  97.  96.  82.  86.  96.  94.
  106. 108. 110. 110. 115. 119. 121. 126. 125. 124. 125. 128. 132. 135.
  139. 133. 127. 136. 130. 130. 131. 128. 137. 105. 106. 105.]
 [300. 300. 300. 300. 300. 300. 300. 300. 300. 300. 300. 299. 299. 298.
  297. 298. 298. 297. 298. 297. 298. 298. 298. 298. 297. 298. 298. 298.
  299. 298. 298. 298. 298. 297. 298. 298. 297. 247. 248. 248.]
 [200. 224. 230. 236. 232. 237. 234. 240. 241. 238. 189. 177. 188. 181.
  199. 195. 196. 199. 203. 203. 205. 212. 209. 211. 212. 220. 224. 227.
  223. 223. 220. 221. 230. 237. 224. 228. 234. 188. 190. 189.]
 [196. 217. 226. 231. 232. 233. 237. 236. 237. 238. 195. 196. 197. 197.
  202. 205. 214. 213. 221. 215. 217. 222. 225. 221. 229. 227. 227. 223.
  221. 227. 234. 231. 234. 231. 227. 228. 229. 188. 191. 194.]]
##############################
[[ 74.  92.  99. 100. 102.  95.  93.  95.  97.  96.  82.  86.  96.  94.
  106. 108. 110. 110. 115. 119. 121. 126. 125. 124. 125. 128. 132. 135.
  139. 133. 127. 136. 130. 130. 131. 128. 137. 131. 106. 105.]
 [300. 300. 300. 300. 300. 300. 300. 300. 300. 300. 300. 299. 299. 298.
  297. 298. 298. 297. 298. 297. 298. 298. 298. 298. 297. 298. 298. 298.
  299. 298. 298. 298. 298. 297. 298. 298. 297. 297. 248. 248.]
 [200. 224. 230. 236. 232. 237. 234. 240. 241. 238. 189. 177. 188. 181.
  199. 195. 196. 199. 203. 203. 205. 212. 209. 211. 212. 220. 224. 227.
  223. 223. 220. 221. 230. 237. 224. 228. 234. 228. 190. 189.]
 [196. 217. 226. 231. 232. 233. 237. 236. 237. 238. 195. 196. 197. 197.
  202. 205. 214. 213. 221. 215. 217. 222. 225. 221. 229. 227. 227. 223.
  221. 227. 234. 231. 234. 231. 227. 228. 229. 227. 191. 194.]]
##############################
[[ 74.  92.  99. 100. 102.  95.  93.  95.  97.  96.  82.  86.  96.  94.
  106. 108. 110. 110. 115. 119. 121. 126. 125. 124. 125. 128. 132. 135.
  139. 133. 127. 136. 130. 130. 131. 128. 137. 131. 132. 105.]
 [300. 300. 300. 300. 300. 300. 300. 300. 300. 300. 300. 299. 299. 298.
  297. 298. 298. 297. 298. 297. 298. 298. 298. 298. 297. 298. 298. 298.
  299. 298. 298. 298. 298. 297. 298. 298. 297. 297. 298. 248.]
 [200. 224. 230. 236. 232. 237. 234. 240. 241. 238. 189. 177. 188. 181.
  199. 195. 196. 199. 203. 203. 205. 212. 209. 211. 212. 220. 224. 227.
  223. 223. 220. 221. 230. 237. 224. 228. 234. 228. 231. 189.]
 [196. 217. 226. 231. 232. 233. 237. 236. 237. 238. 195. 196. 197. 197.
  202. 205. 214. 213. 221. 215. 217. 222. 225. 221. 229. 227. 227. 223.
  221. 227. 234. 231. 234. 231. 227. 228. 229. 227. 228. 194.]]
##############################
[[ 74.  92.  99. 100. 102.  95.  93.  95.  97.  96.  82.  86.  96.  94.
  106. 108. 110. 110. 115. 119. 121. 126. 125. 124. 125. 128. 132. 135.
  139. 133. 127. 136. 130. 130. 131. 128. 137. 131. 132. 131.]
 [300. 300. 300. 300. 300. 300. 300. 300. 300. 300. 300. 299. 299. 298.
  297. 298. 298. 297. 298. 297. 298. 298. 298. 298. 297. 298. 298. 298.
  299. 298. 298. 298. 298. 297. 298. 298. 297. 297. 298. 298.]
 [200. 224. 230. 236. 232. 237. 234. 240. 241. 238. 189. 177. 188. 181.
  199. 195. 196. 199. 203. 203. 205. 212. 209. 211. 212. 220. 224. 227.
  223. 223. 220. 221. 230. 237. 224. 228. 234. 228. 231. 227.]
 [196. 217. 226. 231. 232. 233. 237. 236. 237. 238. 195. 196. 197. 197.
  202. 205. 214. 213. 221. 215. 217. 222. 225. 221. 229. 227. 227. 223.
  221. 227. 234. 231. 234. 231. 227. 228. 229. 227. 228. 233.]]
##############################
##################################################
##################################################
starting :7 batch
[[ 95.  92.  99. 100. 102.  95.  93.  95.  97.  96.  82.  86.  96.  94.
  106. 108. 110. 110. 115. 119. 121. 126. 125. 124. 125. 128. 132. 135.
  139. 133. 127. 136. 130. 130. 131. 128. 137. 131. 132. 131.]
 [350. 300. 300. 300. 300. 300. 300. 300. 300. 300. 300. 299. 299. 298.
  297. 298. 298. 297. 298. 297. 298. 298. 298. 298. 297. 298. 298. 298.
  299. 298. 298. 298. 298. 297. 298. 298. 297. 297. 298. 298.]
 [236. 224. 230. 236. 232. 237. 234. 240. 241. 238. 189. 177. 188. 181.
  199. 195. 196. 199. 203. 203. 205. 212. 209. 211. 212. 220. 224. 227.
  223. 223. 220. 221. 230. 237. 224. 228. 234. 228. 231. 227.]
 [227. 217. 226. 231. 232. 233. 237. 236. 237. 238. 195. 196. 197. 197.
  202. 205. 214. 213. 221. 215. 217. 222. 225. 221. 229. 227. 227. 223.
  221. 227. 234. 231. 234. 231. 227. 228. 229. 227. 228. 233.]]
##############################
[[ 95. 112.  99. 100. 102.  95.  93.  95.  97.  96.  82.  86.  96.  94.
  106. 108. 110. 110. 115. 119. 121. 126. 125. 124. 125. 128. 132. 135.
  139. 133. 127. 136. 130. 130. 131. 128. 137. 131. 132. 131.]
 [350. 350. 300. 300. 300. 300. 300. 300. 300. 300. 300. 299. 299. 298.
  297. 298. 298. 297. 298. 297. 298. 298. 298. 298. 297. 298. 298. 298.
  299. 298. 298. 298. 298. 297. 298. 298. 297. 297. 298. 298.]
 [236. 262. 230. 236. 232. 237. 234. 240. 241. 238. 189. 177. 188. 181.
  199. 195. 196. 199. 203. 203. 205. 212. 209. 211. 212. 220. 224. 227.
  223. 223. 220. 221. 230. 237. 224. 228. 234. 228. 231. 227.]
 [227. 253. 226. 231. 232. 233. 237. 236. 237. 238. 195. 196. 197. 197.
  202. 205. 214. 213. 221. 215. 217. 222. 225. 221. 229. 227. 227. 223.
  221. 227. 234. 231. 234. 231. 227. 228. 229. 227. 228. 233.]]
##############################
[[ 95. 112. 119. 100. 102.  95.  93.  95.  97.  96.  82.  86.  96.  94.
  106. 108. 110. 110. 115. 119. 121. 126. 125. 124. 125. 128. 132. 135.
  139. 133. 127. 136. 130. 130. 131. 128. 137. 131. 132. 131.]
 [350. 350. 350. 300. 300. 300. 300. 300. 300. 300. 300. 299. 299. 298.
  297. 298. 298. 297. 298. 297. 298. 298. 298. 298. 297. 298. 298. 298.
  299. 298. 298. 298. 298. 297. 298. 298. 297. 297. 298. 298.]
 [236. 262. 270. 236. 232. 237. 234. 240. 241. 238. 189. 177. 188. 181.
  199. 195. 196. 199. 203. 203. 205. 212. 209. 211. 212. 220. 224. 227.
  223. 223. 220. 221. 230. 237. 224. 228. 234. 228. 231. 227.]
 [227. 253. 262. 231. 232. 233. 237. 236. 237. 238. 195. 196. 197. 197.
  202. 205. 214. 213. 221. 215. 217. 222. 225. 221. 229. 227. 227. 223.
  221. 227. 234. 231. 234. 231. 227. 228. 229. 227. 228. 233.]]
##############################
[[ 95. 112. 119. 120. 102.  95.  93.  95.  97.  96.  82.  86.  96.  94.
  106. 108. 110. 110. 115. 119. 121. 126. 125. 124. 125. 128. 132. 135.
  139. 133. 127. 136. 130. 130. 131. 128. 137. 131. 132. 131.]
 [350. 350. 350. 350. 300. 300. 300. 300. 300. 300. 300. 299. 299. 298.
  297. 298. 298. 297. 298. 297. 298. 298. 298. 298. 297. 298. 298. 298.
  299. 298. 298. 298. 298. 297. 298. 298. 297. 297. 298. 298.]
 [236. 262. 270. 277. 232. 237. 234. 240. 241. 238. 189. 177. 188. 181.
  199. 195. 196. 199. 203. 203. 205. 212. 209. 211. 212. 220. 224. 227.
  223. 223. 220. 221. 230. 237. 224. 228. 234. 228. 231. 227.]
 [227. 253. 262. 266. 232. 233. 237. 236. 237. 238. 195. 196. 197. 197.
  202. 205. 214. 213. 221. 215. 217. 222. 225. 221. 229. 227. 227. 223.
  221. 227. 234. 231. 234. 231. 227. 228. 229. 227. 228. 233.]]
##############################
[[ 95. 112. 119. 120. 121.  95.  93.  95.  97.  96.  82.  86.  96.  94.
  106. 108. 110. 110. 115. 119. 121. 126. 125. 124. 125. 128. 132. 135.
  139. 133. 127. 136. 130. 130. 131. 128. 137. 131. 132. 131.]
 [350. 350. 350. 350. 350. 300. 300. 300. 300. 300. 300. 299. 299. 298.
  297. 298. 298. 297. 298. 297. 298. 298. 298. 298. 297. 298. 298. 298.
  299. 298. 298. 298. 298. 297. 298. 298. 297. 297. 298. 298.]
 [236. 262. 270. 277. 271. 237. 234. 240. 241. 238. 189. 177. 188. 181.
  199. 195. 196. 199. 203. 203. 205. 212. 209. 211. 212. 220. 224. 227.
  223. 223. 220. 221. 230. 237. 224. 228. 234. 228. 231. 227.]
 [227. 253. 262. 266. 268. 233. 237. 236. 237. 238. 195. 196. 197. 197.
  202. 205. 214. 213. 221. 215. 217. 222. 225. 221. 229. 227. 227. 223.
  221. 227. 234. 231. 234. 231. 227. 228. 229. 227. 228. 233.]]
##############################
[[ 95. 112. 119. 120. 121. 115.  93.  95.  97.  96.  82.  86.  96.  94.
  106. 108. 110. 110. 115. 119. 121. 126. 125. 124. 125. 128. 132. 135.
  139. 133. 127. 136. 130. 130. 131. 128. 137. 131. 132. 131.]
 [350. 350. 350. 350. 350. 350. 300. 300. 300. 300. 300. 299. 299. 298.
  297. 298. 298. 297. 298. 297. 298. 298. 298. 298. 297. 298. 298. 298.
  299. 298. 298. 298. 298. 297. 298. 298. 297. 297. 298. 298.]
 [236. 262. 270. 277. 271. 277. 234. 240. 241. 238. 189. 177. 188. 181.
  199. 195. 196. 199. 203. 203. 205. 212. 209. 211. 212. 220. 224. 227.
  223. 223. 220. 221. 230. 237. 224. 228. 234. 228. 231. 227.]
 [227. 253. 262. 266. 268. 268. 237. 236. 237. 238. 195. 196. 197. 197.
  202. 205. 214. 213. 221. 215. 217. 222. 225. 221. 229. 227. 227. 223.
  221. 227. 234. 231. 234. 231. 227. 228. 229. 227. 228. 233.]]
##############################
[[ 95. 112. 119. 120. 121. 115. 113.  95.  97.  96.  82.  86.  96.  94.
  106. 108. 110. 110. 115. 119. 121. 126. 125. 124. 125. 128. 132. 135.
  139. 133. 127. 136. 130. 130. 131. 128. 137. 131. 132. 131.]
 [350. 350. 350. 350. 350. 350. 350. 300. 300. 300. 300. 299. 299. 298.
  297. 298. 298. 297. 298. 297. 298. 298. 298. 298. 297. 298. 298. 298.
  299. 298. 298. 298. 298. 297. 298. 298. 297. 297. 298. 298.]
 [236. 262. 270. 277. 271. 277. 273. 240. 241. 238. 189. 177. 188. 181.
  199. 195. 196. 199. 203. 203. 205. 212. 209. 211. 212. 220. 224. 227.
  223. 223. 220. 221. 230. 237. 224. 228. 234. 228. 231. 227.]
 [227. 253. 262. 266. 268. 268. 271. 236. 237. 238. 195. 196. 197. 197.
  202. 205. 214. 213. 221. 215. 217. 222. 225. 221. 229. 227. 227. 223.
  221. 227. 234. 231. 234. 231. 227. 228. 229. 227. 228. 233.]]
##############################
[[ 95. 112. 119. 120. 121. 115. 113. 114.  97.  96.  82.  86.  96.  94.
  106. 108. 110. 110. 115. 119. 121. 126. 125. 124. 125. 128. 132. 135.
  139. 133. 127. 136. 130. 130. 131. 128. 137. 131. 132. 131.]
 [350. 350. 350. 350. 350. 350. 350. 350. 300. 300. 300. 299. 299. 298.
  297. 298. 298. 297. 298. 297. 298. 298. 298. 298. 297. 298. 298. 298.
  299. 298. 298. 298. 298. 297. 298. 298. 297. 297. 298. 298.]
 [236. 262. 270. 277. 271. 277. 273. 280. 241. 238. 189. 177. 188. 181.
  199. 195. 196. 199. 203. 203. 205. 212. 209. 211. 212. 220. 224. 227.
  223. 223. 220. 221. 230. 237. 224. 228. 234. 228. 231. 227.]
 [227. 253. 262. 266. 268. 268. 271. 274. 237. 238. 195. 196. 197. 197.
  202. 205. 214. 213. 221. 215. 217. 222. 225. 221. 229. 227. 227. 223.
  221. 227. 234. 231. 234. 231. 227. 228. 229. 227. 228. 233.]]
##############################
[[ 95. 112. 119. 120. 121. 115. 113. 114. 117.  96.  82.  86.  96.  94.
  106. 108. 110. 110. 115. 119. 121. 126. 125. 124. 125. 128. 132. 135.
  139. 133. 127. 136. 130. 130. 131. 128. 137. 131. 132. 131.]
 [350. 350. 350. 350. 350. 350. 350. 350. 350. 300. 300. 299. 299. 298.
  297. 298. 298. 297. 298. 297. 298. 298. 298. 298. 297. 298. 298. 298.
  299. 298. 298. 298. 298. 297. 298. 298. 297. 297. 298. 298.]
 [236. 262. 270. 277. 271. 277. 273. 280. 279. 238. 189. 177. 188. 181.
  199. 195. 196. 199. 203. 203. 205. 212. 209. 211. 212. 220. 224. 227.
  223. 223. 220. 221. 230. 237. 224. 228. 234. 228. 231. 227.]
 [227. 253. 262. 266. 268. 268. 271. 274. 275. 238. 195. 196. 197. 197.
  202. 205. 214. 213. 221. 215. 217. 222. 225. 221. 229. 227. 227. 223.
  221. 227. 234. 231. 234. 231. 227. 228. 229. 227. 228. 233.]]
##############################
[[ 95. 112. 119. 120. 121. 115. 113. 114. 117. 115.  82.  86.  96.  94.
  106. 108. 110. 110. 115. 119. 121. 126. 125. 124. 125. 128. 132. 135.
  139. 133. 127. 136. 130. 130. 131. 128. 137. 131. 132. 131.]
 [350. 350. 350. 350. 350. 350. 350. 350. 350. 350. 300. 299. 299. 298.
  297. 298. 298. 297. 298. 297. 298. 298. 298. 298. 297. 298. 298. 298.
  299. 298. 298. 298. 298. 297. 298. 298. 297. 297. 298. 298.]
 [236. 262. 270. 277. 271. 277. 273. 280. 279. 277. 189. 177. 188. 181.
  199. 195. 196. 199. 203. 203. 205. 212. 209. 211. 212. 220. 224. 227.
  223. 223. 220. 221. 230. 237. 224. 228. 234. 228. 231. 227.]
 [227. 253. 262. 266. 268. 268. 271. 274. 275. 274. 195. 196. 197. 197.
  202. 205. 214. 213. 221. 215. 217. 222. 225. 221. 229. 227. 227. 223.
  221. 227. 234. 231. 234. 231. 227. 228. 229. 227. 228. 233.]]
##############################
[[ 95. 112. 119. 120. 121. 115. 113. 114. 117. 115. 100.  86.  96.  94.
  106. 108. 110. 110. 115. 119. 121. 126. 125. 124. 125. 128. 132. 135.
  139. 133. 127. 136. 130. 130. 131. 128. 137. 131. 132. 131.]
 [350. 350. 350. 350. 350. 350. 350. 350. 350. 350. 350. 299. 299. 298.
  297. 298. 298. 297. 298. 297. 298. 298. 298. 298. 297. 298. 298. 298.
  299. 298. 298. 298. 298. 297. 298. 298. 297. 297. 298. 298.]
 [236. 262. 270. 277. 271. 277. 273. 280. 279. 277. 219. 177. 188. 181.
  199. 195. 196. 199. 203. 203. 205. 212. 209. 211. 212. 220. 224. 227.
  223. 223. 220. 221. 230. 237. 224. 228. 234. 228. 231. 227.]
 [227. 253. 262. 266. 268. 268. 271. 274. 275. 274. 224. 196. 197. 197.
  202. 205. 214. 213. 221. 215. 217. 222. 225. 221. 229. 227. 227. 223.
  221. 227. 234. 231. 234. 231. 227. 228. 229. 227. 228. 233.]]
##############################
[[ 95. 112. 119. 120. 121. 115. 113. 114. 117. 115. 100. 102.  96.  94.
  106. 108. 110. 110. 115. 119. 121. 126. 125. 124. 125. 128. 132. 135.
  139. 133. 127. 136. 130. 130. 131. 128. 137. 131. 132. 131.]
 [350. 350. 350. 350. 350. 350. 350. 350. 350. 350. 350. 349. 299. 298.
  297. 298. 298. 297. 298. 297. 298. 298. 298. 298. 297. 298. 298. 298.
  299. 298. 298. 298. 298. 297. 298. 298. 297. 297. 298. 298.]
 [236. 262. 270. 277. 271. 277. 273. 280. 279. 277. 219. 202. 188. 181.
  199. 195. 196. 199. 203. 203. 205. 212. 209. 211. 212. 220. 224. 227.
  223. 223. 220. 221. 230. 237. 224. 228. 234. 228. 231. 227.]
 [227. 253. 262. 266. 268. 268. 271. 274. 275. 274. 224. 221. 197. 197.
  202. 205. 214. 213. 221. 215. 217. 222. 225. 221. 229. 227. 227. 223.
  221. 227. 234. 231. 234. 231. 227. 228. 229. 227. 228. 233.]]
##############################
[[ 95. 112. 119. 120. 121. 115. 113. 114. 117. 115. 100. 102. 115.  94.
  106. 108. 110. 110. 115. 119. 121. 126. 125. 124. 125. 128. 132. 135.
  139. 133. 127. 136. 130. 130. 131. 128. 137. 131. 132. 131.]
 [350. 350. 350. 350. 350. 350. 350. 350. 350. 350. 350. 349. 349. 298.
  297. 298. 298. 297. 298. 297. 298. 298. 298. 298. 297. 298. 298. 298.
  299. 298. 298. 298. 298. 297. 298. 298. 297. 297. 298. 298.]
 [236. 262. 270. 277. 271. 277. 273. 280. 279. 277. 219. 202. 219. 181.
  199. 195. 196. 199. 203. 203. 205. 212. 209. 211. 212. 220. 224. 227.
  223. 223. 220. 221. 230. 237. 224. 228. 234. 228. 231. 227.]
 [227. 253. 262. 266. 268. 268. 271. 274. 275. 274. 224. 221. 224. 197.
  202. 205. 214. 213. 221. 215. 217. 222. 225. 221. 229. 227. 227. 223.
  221. 227. 234. 231. 234. 231. 227. 228. 229. 227. 228. 233.]]
##############################
[[ 95. 112. 119. 120. 121. 115. 113. 114. 117. 115. 100. 102. 115. 114.
  106. 108. 110. 110. 115. 119. 121. 126. 125. 124. 125. 128. 132. 135.
  139. 133. 127. 136. 130. 130. 131. 128. 137. 131. 132. 131.]
 [350. 350. 350. 350. 350. 350. 350. 350. 350. 350. 350. 349. 349. 348.
  297. 298. 298. 297. 298. 297. 298. 298. 298. 298. 297. 298. 298. 298.
  299. 298. 298. 298. 298. 297. 298. 298. 297. 297. 298. 298.]
 [236. 262. 270. 277. 271. 277. 273. 280. 279. 277. 219. 202. 219. 213.
  199. 195. 196. 199. 203. 203. 205. 212. 209. 211. 212. 220. 224. 227.
  223. 223. 220. 221. 230. 237. 224. 228. 234. 228. 231. 227.]
 [227. 253. 262. 266. 268. 268. 271. 274. 275. 274. 224. 221. 224. 229.
  202. 205. 214. 213. 221. 215. 217. 222. 225. 221. 229. 227. 227. 223.
  221. 227. 234. 231. 234. 231. 227. 228. 229. 227. 228. 233.]]
##############################
[[ 95. 112. 119. 120. 121. 115. 113. 114. 117. 115. 100. 102. 115. 114.
  124. 108. 110. 110. 115. 119. 121. 126. 125. 124. 125. 128. 132. 135.
  139. 133. 127. 136. 130. 130. 131. 128. 137. 131. 132. 131.]
 [350. 350. 350. 350. 350. 350. 350. 350. 350. 350. 350. 349. 349. 348.
  347. 298. 298. 297. 298. 297. 298. 298. 298. 298. 297. 298. 298. 298.
  299. 298. 298. 298. 298. 297. 298. 298. 297. 297. 298. 298.]
 [236. 262. 270. 277. 271. 277. 273. 280. 279. 277. 219. 202. 219. 213.
  233. 195. 196. 199. 203. 203. 205. 212. 209. 211. 212. 220. 224. 227.
  223. 223. 220. 221. 230. 237. 224. 228. 234. 228. 231. 227.]
 [227. 253. 262. 266. 268. 268. 271. 274. 275. 274. 224. 221. 224. 229.
  233. 205. 214. 213. 221. 215. 217. 222. 225. 221. 229. 227. 227. 223.
  221. 227. 234. 231. 234. 231. 227. 228. 229. 227. 228. 233.]]
##############################
[[ 95. 112. 119. 120. 121. 115. 113. 114. 117. 115. 100. 102. 115. 114.
  124. 127. 110. 110. 115. 119. 121. 126. 125. 124. 125. 128. 132. 135.
  139. 133. 127. 136. 130. 130. 131. 128. 137. 131. 132. 131.]
 [350. 350. 350. 350. 350. 350. 350. 350. 350. 350. 350. 349. 349. 348.
  347. 348. 298. 297. 298. 297. 298. 298. 298. 298. 297. 298. 298. 298.
  299. 298. 298. 298. 298. 297. 298. 298. 297. 297. 298. 298.]
 [236. 262. 270. 277. 271. 277. 273. 280. 279. 277. 219. 202. 219. 213.
  233. 228. 196. 199. 203. 203. 205. 212. 209. 211. 212. 220. 224. 227.
  223. 223. 220. 221. 230. 237. 224. 228. 234. 228. 231. 227.]
 [227. 253. 262. 266. 268. 268. 271. 274. 275. 274. 224. 221. 224. 229.
  233. 234. 214. 213. 221. 215. 217. 222. 225. 221. 229. 227. 227. 223.
  221. 227. 234. 231. 234. 231. 227. 228. 229. 227. 228. 233.]]
##############################
[[ 95. 112. 119. 120. 121. 115. 113. 114. 117. 115. 100. 102. 115. 114.
  124. 127. 130. 110. 115. 119. 121. 126. 125. 124. 125. 128. 132. 135.
  139. 133. 127. 136. 130. 130. 131. 128. 137. 131. 132. 131.]
 [350. 350. 350. 350. 350. 350. 350. 350. 350. 350. 350. 349. 349. 348.
  347. 348. 348. 297. 298. 297. 298. 298. 298. 298. 297. 298. 298. 298.
  299. 298. 298. 298. 298. 297. 298. 298. 297. 297. 298. 298.]
 [236. 262. 270. 277. 271. 277. 273. 280. 279. 277. 219. 202. 219. 213.
  233. 228. 229. 199. 203. 203. 205. 212. 209. 211. 212. 220. 224. 227.
  223. 223. 220. 221. 230. 237. 224. 228. 234. 228. 231. 227.]
 [227. 253. 262. 266. 268. 268. 271. 274. 275. 274. 224. 221. 224. 229.
  233. 234. 242. 213. 221. 215. 217. 222. 225. 221. 229. 227. 227. 223.
  221. 227. 234. 231. 234. 231. 227. 228. 229. 227. 228. 233.]]
##############################
[[ 95. 112. 119. 120. 121. 115. 113. 114. 117. 115. 100. 102. 115. 114.
  124. 127. 130. 129. 115. 119. 121. 126. 125. 124. 125. 128. 132. 135.
  139. 133. 127. 136. 130. 130. 131. 128. 137. 131. 132. 131.]
 [350. 350. 350. 350. 350. 350. 350. 350. 350. 350. 350. 349. 349. 348.
  347. 348. 348. 347. 298. 297. 298. 298. 298. 298. 297. 298. 298. 298.
  299. 298. 298. 298. 298. 297. 298. 298. 297. 297. 298. 298.]
 [236. 262. 270. 277. 271. 277. 273. 280. 279. 277. 219. 202. 219. 213.
  233. 228. 229. 234. 203. 203. 205. 212. 209. 211. 212. 220. 224. 227.
  223. 223. 220. 221. 230. 237. 224. 228. 234. 228. 231. 227.]
 [227. 253. 262. 266. 268. 268. 271. 274. 275. 274. 224. 221. 224. 229.
  233. 234. 242. 246. 221. 215. 217. 222. 225. 221. 229. 227. 227. 223.
  221. 227. 234. 231. 234. 231. 227. 228. 229. 227. 228. 233.]]
##############################
[[ 95. 112. 119. 120. 121. 115. 113. 114. 117. 115. 100. 102. 115. 114.
  124. 127. 130. 129. 136. 119. 121. 126. 125. 124. 125. 128. 132. 135.
  139. 133. 127. 136. 130. 130. 131. 128. 137. 131. 132. 131.]
 [350. 350. 350. 350. 350. 350. 350. 350. 350. 350. 350. 349. 349. 348.
  347. 348. 348. 347. 348. 297. 298. 298. 298. 298. 297. 298. 298. 298.
  299. 298. 298. 298. 298. 297. 298. 298. 297. 297. 298. 298.]
 [236. 262. 270. 277. 271. 277. 273. 280. 279. 277. 219. 202. 219. 213.
  233. 228. 229. 234. 239. 203. 205. 212. 209. 211. 212. 220. 224. 227.
  223. 223. 220. 221. 230. 237. 224. 228. 234. 228. 231. 227.]
 [227. 253. 262. 266. 268. 268. 271. 274. 275. 274. 224. 221. 224. 229.
  233. 234. 242. 246. 257. 215. 217. 222. 225. 221. 229. 227. 227. 223.
  221. 227. 234. 231. 234. 231. 227. 228. 229. 227. 228. 233.]]
##############################
[[ 95. 112. 119. 120. 121. 115. 113. 114. 117. 115. 100. 102. 115. 114.
  124. 127. 130. 129. 136. 139. 121. 126. 125. 124. 125. 128. 132. 135.
  139. 133. 127. 136. 130. 130. 131. 128. 137. 131. 132. 131.]
 [350. 350. 350. 350. 350. 350. 350. 350. 350. 350. 350. 349. 349. 348.
  347. 348. 348. 347. 348. 347. 298. 298. 298. 298. 297. 298. 298. 298.
  299. 298. 298. 298. 298. 297. 298. 298. 297. 297. 298. 298.]
 [236. 262. 270. 277. 271. 277. 273. 280. 279. 277. 219. 202. 219. 213.
  233. 228. 229. 234. 239. 238. 205. 212. 209. 211. 212. 220. 224. 227.
  223. 223. 220. 221. 230. 237. 224. 228. 234. 228. 231. 227.]
 [227. 253. 262. 266. 268. 268. 271. 274. 275. 274. 224. 221. 224. 229.
  233. 234. 242. 246. 257. 251. 217. 222. 225. 221. 229. 227. 227. 223.
  221. 227. 234. 231. 234. 231. 227. 228. 229. 227. 228. 233.]]
##############################
[[ 95. 112. 119. 120. 121. 115. 113. 114. 117. 115. 100. 102. 115. 114.
  124. 127. 130. 129. 136. 139. 141. 126. 125. 124. 125. 128. 132. 135.
  139. 133. 127. 136. 130. 130. 131. 128. 137. 131. 132. 131.]
 [350. 350. 350. 350. 350. 350. 350. 350. 350. 350. 350. 349. 349. 348.
  347. 348. 348. 347. 348. 347. 348. 298. 298. 298. 297. 298. 298. 298.
  299. 298. 298. 298. 298. 297. 298. 298. 297. 297. 298. 298.]
 [236. 262. 270. 277. 271. 277. 273. 280. 279. 277. 219. 202. 219. 213.
  233. 228. 229. 234. 239. 238. 242. 212. 209. 211. 212. 220. 224. 227.
  223. 223. 220. 221. 230. 237. 224. 228. 234. 228. 231. 227.]
 [227. 253. 262. 266. 268. 268. 271. 274. 275. 274. 224. 221. 224. 229.
  233. 234. 242. 246. 257. 251. 253. 222. 225. 221. 229. 227. 227. 223.
  221. 227. 234. 231. 234. 231. 227. 228. 229. 227. 228. 233.]]
##############################
[[ 95. 112. 119. 120. 121. 115. 113. 114. 117. 115. 100. 102. 115. 114.
  124. 127. 130. 129. 136. 139. 141. 144. 125. 124. 125. 128. 132. 135.
  139. 133. 127. 136. 130. 130. 131. 128. 137. 131. 132. 131.]
 [350. 350. 350. 350. 350. 350. 350. 350. 350. 350. 350. 349. 349. 348.
  347. 348. 348. 347. 348. 347. 348. 347. 298. 298. 297. 298. 298. 298.
  299. 298. 298. 298. 298. 297. 298. 298. 297. 297. 298. 298.]
 [236. 262. 270. 277. 271. 277. 273. 280. 279. 277. 219. 202. 219. 213.
  233. 228. 229. 234. 239. 238. 242. 248. 209. 211. 212. 220. 224. 227.
  223. 223. 220. 221. 230. 237. 224. 228. 234. 228. 231. 227.]
 [227. 253. 262. 266. 268. 268. 271. 274. 275. 274. 224. 221. 224. 229.
  233. 234. 242. 246. 257. 251. 253. 259. 225. 221. 229. 227. 227. 223.
  221. 227. 234. 231. 234. 231. 227. 228. 229. 227. 228. 233.]]
##############################
[[ 95. 112. 119. 120. 121. 115. 113. 114. 117. 115. 100. 102. 115. 114.
  124. 127. 130. 129. 136. 139. 141. 144. 146. 124. 125. 128. 132. 135.
  139. 133. 127. 136. 130. 130. 131. 128. 137. 131. 132. 131.]
 [350. 350. 350. 350. 350. 350. 350. 350. 350. 350. 350. 349. 349. 348.
  347. 348. 348. 347. 348. 347. 348. 347. 347. 298. 297. 298. 298. 298.
  299. 298. 298. 298. 298. 297. 298. 298. 297. 297. 298. 298.]
 [236. 262. 270. 277. 271. 277. 273. 280. 279. 277. 219. 202. 219. 213.
  233. 228. 229. 234. 239. 238. 242. 248. 246. 211. 212. 220. 224. 227.
  223. 223. 220. 221. 230. 237. 224. 228. 234. 228. 231. 227.]
 [227. 253. 262. 266. 268. 268. 271. 274. 275. 274. 224. 221. 224. 229.
  233. 234. 242. 246. 257. 251. 253. 259. 259. 221. 229. 227. 227. 223.
  221. 227. 234. 231. 234. 231. 227. 228. 229. 227. 228. 233.]]
##############################
[[ 95. 112. 119. 120. 121. 115. 113. 114. 117. 115. 100. 102. 115. 114.
  124. 127. 130. 129. 136. 139. 141. 144. 146. 146. 125. 128. 132. 135.
  139. 133. 127. 136. 130. 130. 131. 128. 137. 131. 132. 131.]
 [350. 350. 350. 350. 350. 350. 350. 350. 350. 350. 350. 349. 349. 348.
  347. 348. 348. 347. 348. 347. 348. 347. 347. 347. 297. 298. 298. 298.
  299. 298. 298. 298. 298. 297. 298. 298. 297. 297. 298. 298.]
 [236. 262. 270. 277. 271. 277. 273. 280. 279. 277. 219. 202. 219. 213.
  233. 228. 229. 234. 239. 238. 242. 248. 246. 249. 212. 220. 224. 227.
  223. 223. 220. 221. 230. 237. 224. 228. 234. 228. 231. 227.]
 [227. 253. 262. 266. 268. 268. 271. 274. 275. 274. 224. 221. 224. 229.
  233. 234. 242. 246. 257. 251. 253. 259. 259. 257. 229. 227. 227. 223.
  221. 227. 234. 231. 234. 231. 227. 228. 229. 227. 228. 233.]]
##############################
[[ 95. 112. 119. 120. 121. 115. 113. 114. 117. 115. 100. 102. 115. 114.
  124. 127. 130. 129. 136. 139. 141. 144. 146. 146. 148. 128. 132. 135.
  139. 133. 127. 136. 130. 130. 131. 128. 137. 131. 132. 131.]
 [350. 350. 350. 350. 350. 350. 350. 350. 350. 350. 350. 349. 349. 348.
  347. 348. 348. 347. 348. 347. 348. 347. 347. 347. 347. 298. 298. 298.
  299. 298. 298. 298. 298. 297. 298. 298. 297. 297. 298. 298.]
 [236. 262. 270. 277. 271. 277. 273. 280. 279. 277. 219. 202. 219. 213.
  233. 228. 229. 234. 239. 238. 242. 248. 246. 249. 249. 220. 224. 227.
  223. 223. 220. 221. 230. 237. 224. 228. 234. 228. 231. 227.]
 [227. 253. 262. 266. 268. 268. 271. 274. 275. 274. 224. 221. 224. 229.
  233. 234. 242. 246. 257. 251. 253. 259. 259. 257. 267. 227. 227. 223.
  221. 227. 234. 231. 234. 231. 227. 228. 229. 227. 228. 233.]]
##############################
[[ 95. 112. 119. 120. 121. 115. 113. 114. 117. 115. 100. 102. 115. 114.
  124. 127. 130. 129. 136. 139. 141. 144. 146. 146. 148. 151. 132. 135.
  139. 133. 127. 136. 130. 130. 131. 128. 137. 131. 132. 131.]
 [350. 350. 350. 350. 350. 350. 350. 350. 350. 350. 350. 349. 349. 348.
  347. 348. 348. 347. 348. 347. 348. 347. 347. 347. 347. 347. 298. 298.
  299. 298. 298. 298. 298. 297. 298. 298. 297. 297. 298. 298.]
 [236. 262. 270. 277. 271. 277. 273. 280. 279. 277. 219. 202. 219. 213.
  233. 228. 229. 234. 239. 238. 242. 248. 246. 249. 249. 260. 224. 227.
  223. 223. 220. 221. 230. 237. 224. 228. 234. 228. 231. 227.]
 [227. 253. 262. 266. 268. 268. 271. 274. 275. 274. 224. 221. 224. 229.
  233. 234. 242. 246. 257. 251. 253. 259. 259. 257. 267. 263. 227. 223.
  221. 227. 234. 231. 234. 231. 227. 228. 229. 227. 228. 233.]]
##############################
[[ 95. 112. 119. 120. 121. 115. 113. 114. 117. 115. 100. 102. 115. 114.
  124. 127. 130. 129. 136. 139. 141. 144. 146. 146. 148. 151. 158. 135.
  139. 133. 127. 136. 130. 130. 131. 128. 137. 131. 132. 131.]
 [350. 350. 350. 350. 350. 350. 350. 350. 350. 350. 350. 349. 349. 348.
  347. 348. 348. 347. 348. 347. 348. 347. 347. 347. 347. 347. 347. 298.
  299. 298. 298. 298. 298. 297. 298. 298. 297. 297. 298. 298.]
 [236. 262. 270. 277. 271. 277. 273. 280. 279. 277. 219. 202. 219. 213.
  233. 228. 229. 234. 239. 238. 242. 248. 246. 249. 249. 260. 264. 227.
  223. 223. 220. 221. 230. 237. 224. 228. 234. 228. 231. 227.]
 [227. 253. 262. 266. 268. 268. 271. 274. 275. 274. 224. 221. 224. 229.
  233. 234. 242. 246. 257. 251. 253. 259. 259. 257. 267. 263. 267. 223.
  221. 227. 234. 231. 234. 231. 227. 228. 229. 227. 228. 233.]]
##############################
[[ 95. 112. 119. 120. 121. 115. 113. 114. 117. 115. 100. 102. 115. 114.
  124. 127. 130. 129. 136. 139. 141. 144. 146. 146. 148. 151. 158. 158.
  139. 133. 127. 136. 130. 130. 131. 128. 137. 131. 132. 131.]
 [350. 350. 350. 350. 350. 350. 350. 350. 350. 350. 350. 349. 349. 348.
  347. 348. 348. 347. 348. 347. 348. 347. 347. 347. 347. 347. 347. 348.
  299. 298. 298. 298. 298. 297. 298. 298. 297. 297. 298. 298.]
 [236. 262. 270. 277. 271. 277. 273. 280. 279. 277. 219. 202. 219. 213.
  233. 228. 229. 234. 239. 238. 242. 248. 246. 249. 249. 260. 264. 266.
  223. 223. 220. 221. 230. 237. 224. 228. 234. 228. 231. 227.]
 [227. 253. 262. 266. 268. 268. 271. 274. 275. 274. 224. 221. 224. 229.
  233. 234. 242. 246. 257. 251. 253. 259. 259. 257. 267. 263. 267. 263.
  221. 227. 234. 231. 234. 231. 227. 228. 229. 227. 228. 233.]]
##############################
[[ 95. 112. 119. 120. 121. 115. 113. 114. 117. 115. 100. 102. 115. 114.
  124. 127. 130. 129. 136. 139. 141. 144. 146. 146. 148. 151. 158. 158.
  160. 133. 127. 136. 130. 130. 131. 128. 137. 131. 132. 131.]
 [350. 350. 350. 350. 350. 350. 350. 350. 350. 350. 350. 349. 349. 348.
  347. 348. 348. 347. 348. 347. 348. 347. 347. 347. 347. 347. 347. 348.
  349. 298. 298. 298. 298. 297. 298. 298. 297. 297. 298. 298.]
 [236. 262. 270. 277. 271. 277. 273. 280. 279. 277. 219. 202. 219. 213.
  233. 228. 229. 234. 239. 238. 242. 248. 246. 249. 249. 260. 264. 266.
  263. 223. 220. 221. 230. 237. 224. 228. 234. 228. 231. 227.]
 [227. 253. 262. 266. 268. 268. 271. 274. 275. 274. 224. 221. 224. 229.
  233. 234. 242. 246. 257. 251. 253. 259. 259. 257. 267. 263. 267. 263.
  261. 227. 234. 231. 234. 231. 227. 228. 229. 227. 228. 233.]]
##############################
[[ 95. 112. 119. 120. 121. 115. 113. 114. 117. 115. 100. 102. 115. 114.
  124. 127. 130. 129. 136. 139. 141. 144. 146. 146. 148. 151. 158. 158.
  160. 155. 127. 136. 130. 130. 131. 128. 137. 131. 132. 131.]
 [350. 350. 350. 350. 350. 350. 350. 350. 350. 350. 350. 349. 349. 348.
  347. 348. 348. 347. 348. 347. 348. 347. 347. 347. 347. 347. 347. 348.
  349. 348. 298. 298. 298. 297. 298. 298. 297. 297. 298. 298.]
 [236. 262. 270. 277. 271. 277. 273. 280. 279. 277. 219. 202. 219. 213.
  233. 228. 229. 234. 239. 238. 242. 248. 246. 249. 249. 260. 264. 266.
  263. 264. 220. 221. 230. 237. 224. 228. 234. 228. 231. 227.]
 [227. 253. 262. 266. 268. 268. 271. 274. 275. 274. 224. 221. 224. 229.
  233. 234. 242. 246. 257. 251. 253. 259. 259. 257. 267. 263. 267. 263.
  261. 266. 234. 231. 234. 231. 227. 228. 229. 227. 228. 233.]]
##############################
[[ 95. 112. 119. 120. 121. 115. 113. 114. 117. 115. 100. 102. 115. 114.
  124. 127. 130. 129. 136. 139. 141. 144. 146. 146. 148. 151. 158. 158.
  160. 155. 150. 136. 130. 130. 131. 128. 137. 131. 132. 131.]
 [350. 350. 350. 350. 350. 350. 350. 350. 350. 350. 350. 349. 349. 348.
  347. 348. 348. 347. 348. 347. 348. 347. 347. 347. 347. 347. 347. 348.
  349. 348. 348. 298. 298. 297. 298. 298. 297. 297. 298. 298.]
 [236. 262. 270. 277. 271. 277. 273. 280. 279. 277. 219. 202. 219. 213.
  233. 228. 229. 234. 239. 238. 242. 248. 246. 249. 249. 260. 264. 266.
  263. 264. 262. 221. 230. 237. 224. 228. 234. 228. 231. 227.]
 [227. 253. 262. 266. 268. 268. 271. 274. 275. 274. 224. 221. 224. 229.
  233. 234. 242. 246. 257. 251. 253. 259. 259. 257. 267. 263. 267. 263.
  261. 266. 274. 231. 234. 231. 227. 228. 229. 227. 228. 233.]]
##############################
[[ 95. 112. 119. 120. 121. 115. 113. 114. 117. 115. 100. 102. 115. 114.
  124. 127. 130. 129. 136. 139. 141. 144. 146. 146. 148. 151. 158. 158.
  160. 155. 150. 156. 130. 130. 131. 128. 137. 131. 132. 131.]
 [350. 350. 350. 350. 350. 350. 350. 350. 350. 350. 350. 349. 349. 348.
  347. 348. 348. 347. 348. 347. 348. 347. 347. 347. 347. 347. 347. 348.
  349. 348. 348. 347. 298. 297. 298. 298. 297. 297. 298. 298.]
 [236. 262. 270. 277. 271. 277. 273. 280. 279. 277. 219. 202. 219. 213.
  233. 228. 229. 234. 239. 238. 242. 248. 246. 249. 249. 260. 264. 266.
  263. 264. 262. 260. 230. 237. 224. 228. 234. 228. 231. 227.]
 [227. 253. 262. 266. 268. 268. 271. 274. 275. 274. 224. 221. 224. 229.
  233. 234. 242. 246. 257. 251. 253. 259. 259. 257. 267. 263. 267. 263.
  261. 266. 274. 269. 234. 231. 227. 228. 229. 227. 228. 233.]]
##############################
[[ 95. 112. 119. 120. 121. 115. 113. 114. 117. 115. 100. 102. 115. 114.
  124. 127. 130. 129. 136. 139. 141. 144. 146. 146. 148. 151. 158. 158.
  160. 155. 150. 156. 151. 130. 131. 128. 137. 131. 132. 131.]
 [350. 350. 350. 350. 350. 350. 350. 350. 350. 350. 350. 349. 349. 348.
  347. 348. 348. 347. 348. 347. 348. 347. 347. 347. 347. 347. 347. 348.
  349. 348. 348. 347. 348. 297. 298. 298. 297. 297. 298. 298.]
 [236. 262. 270. 277. 271. 277. 273. 280. 279. 277. 219. 202. 219. 213.
  233. 228. 229. 234. 239. 238. 242. 248. 246. 249. 249. 260. 264. 266.
  263. 264. 262. 260. 268. 237. 224. 228. 234. 228. 231. 227.]
 [227. 253. 262. 266. 268. 268. 271. 274. 275. 274. 224. 221. 224. 229.
  233. 234. 242. 246. 257. 251. 253. 259. 259. 257. 267. 263. 267. 263.
  261. 266. 274. 269. 271. 231. 227. 228. 229. 227. 228. 233.]]
##############################
[[ 95. 112. 119. 120. 121. 115. 113. 114. 117. 115. 100. 102. 115. 114.
  124. 127. 130. 129. 136. 139. 141. 144. 146. 146. 148. 151. 158. 158.
  160. 155. 150. 156. 151. 155. 131. 128. 137. 131. 132. 131.]
 [350. 350. 350. 350. 350. 350. 350. 350. 350. 350. 350. 349. 349. 348.
  347. 348. 348. 347. 348. 347. 348. 347. 347. 347. 347. 347. 347. 348.
  349. 348. 348. 347. 348. 347. 298. 298. 297. 297. 298. 298.]
 [236. 262. 270. 277. 271. 277. 273. 280. 279. 277. 219. 202. 219. 213.
  233. 228. 229. 234. 239. 238. 242. 248. 246. 249. 249. 260. 264. 266.
  263. 264. 262. 260. 268. 278. 224. 228. 234. 228. 231. 227.]
 [227. 253. 262. 266. 268. 268. 271. 274. 275. 274. 224. 221. 224. 229.
  233. 234. 242. 246. 257. 251. 253. 259. 259. 257. 267. 263. 267. 263.
  261. 266. 274. 269. 271. 271. 227. 228. 229. 227. 228. 233.]]
##############################
[[ 95. 112. 119. 120. 121. 115. 113. 114. 117. 115. 100. 102. 115. 114.
  124. 127. 130. 129. 136. 139. 141. 144. 146. 146. 148. 151. 158. 158.
  160. 155. 150. 156. 151. 155. 156. 128. 137. 131. 132. 131.]
 [350. 350. 350. 350. 350. 350. 350. 350. 350. 350. 350. 349. 349. 348.
  347. 348. 348. 347. 348. 347. 348. 347. 347. 347. 347. 347. 347. 348.
  349. 348. 348. 347. 348. 347. 348. 298. 297. 297. 298. 298.]
 [236. 262. 270. 277. 271. 277. 273. 280. 279. 277. 219. 202. 219. 213.
  233. 228. 229. 234. 239. 238. 242. 248. 246. 249. 249. 260. 264. 266.
  263. 264. 262. 260. 268. 278. 262. 228. 234. 228. 231. 227.]
 [227. 253. 262. 266. 268. 268. 271. 274. 275. 274. 224. 221. 224. 229.
  233. 234. 242. 246. 257. 251. 253. 259. 259. 257. 267. 263. 267. 263.
  261. 266. 274. 269. 271. 271. 265. 228. 229. 227. 228. 233.]]
##############################
[[ 95. 112. 119. 120. 121. 115. 113. 114. 117. 115. 100. 102. 115. 114.
  124. 127. 130. 129. 136. 139. 141. 144. 146. 146. 148. 151. 158. 158.
  160. 155. 150. 156. 151. 155. 156. 154. 137. 131. 132. 131.]
 [350. 350. 350. 350. 350. 350. 350. 350. 350. 350. 350. 349. 349. 348.
  347. 348. 348. 347. 348. 347. 348. 347. 347. 347. 347. 347. 347. 348.
  349. 348. 348. 347. 348. 347. 348. 348. 297. 297. 298. 298.]
 [236. 262. 270. 277. 271. 277. 273. 280. 279. 277. 219. 202. 219. 213.
  233. 228. 229. 234. 239. 238. 242. 248. 246. 249. 249. 260. 264. 266.
  263. 264. 262. 260. 268. 278. 262. 268. 234. 228. 231. 227.]
 [227. 253. 262. 266. 268. 268. 271. 274. 275. 274. 224. 221. 224. 229.
  233. 234. 242. 246. 257. 251. 253. 259. 259. 257. 267. 263. 267. 263.
  261. 266. 274. 269. 271. 271. 265. 266. 229. 227. 228. 233.]]
##############################
[[ 95. 112. 119. 120. 121. 115. 113. 114. 117. 115. 100. 102. 115. 114.
  124. 127. 130. 129. 136. 139. 141. 144. 146. 146. 148. 151. 158. 158.
  160. 155. 150. 156. 151. 155. 156. 154. 161. 131. 132. 131.]
 [350. 350. 350. 350. 350. 350. 350. 350. 350. 350. 350. 349. 349. 348.
  347. 348. 348. 347. 348. 347. 348. 347. 347. 347. 347. 347. 347. 348.
  349. 348. 348. 347. 348. 347. 348. 348. 347. 297. 298. 298.]
 [236. 262. 270. 277. 271. 277. 273. 280. 279. 277. 219. 202. 219. 213.
  233. 228. 229. 234. 239. 238. 242. 248. 246. 249. 249. 260. 264. 266.
  263. 264. 262. 260. 268. 278. 262. 268. 275. 228. 231. 227.]
 [227. 253. 262. 266. 268. 268. 271. 274. 275. 274. 224. 221. 224. 229.
  233. 234. 242. 246. 257. 251. 253. 259. 259. 257. 267. 263. 267. 263.
  261. 266. 274. 269. 271. 271. 265. 266. 269. 227. 228. 233.]]
##############################
[[ 95. 112. 119. 120. 121. 115. 113. 114. 117. 115. 100. 102. 115. 114.
  124. 127. 130. 129. 136. 139. 141. 144. 146. 146. 148. 151. 158. 158.
  160. 155. 150. 156. 151. 155. 156. 154. 161. 155. 132. 131.]
 [350. 350. 350. 350. 350. 350. 350. 350. 350. 350. 350. 349. 349. 348.
  347. 348. 348. 347. 348. 347. 348. 347. 347. 347. 347. 347. 347. 348.
  349. 348. 348. 347. 348. 347. 348. 348. 347. 347. 298. 298.]
 [236. 262. 270. 277. 271. 277. 273. 280. 279. 277. 219. 202. 219. 213.
  233. 228. 229. 234. 239. 238. 242. 248. 246. 249. 249. 260. 264. 266.
  263. 264. 262. 260. 268. 278. 262. 268. 275. 266. 231. 227.]
 [227. 253. 262. 266. 268. 268. 271. 274. 275. 274. 224. 221. 224. 229.
  233. 234. 242. 246. 257. 251. 253. 259. 259. 257. 267. 263. 267. 263.
  261. 266. 274. 269. 271. 271. 265. 266. 269. 267. 228. 233.]]
##############################
[[ 95. 112. 119. 120. 121. 115. 113. 114. 117. 115. 100. 102. 115. 114.
  124. 127. 130. 129. 136. 139. 141. 144. 146. 146. 148. 151. 158. 158.
  160. 155. 150. 156. 151. 155. 156. 154. 161. 155. 156. 131.]
 [350. 350. 350. 350. 350. 350. 350. 350. 350. 350. 350. 349. 349. 348.
  347. 348. 348. 347. 348. 347. 348. 347. 347. 347. 347. 347. 347. 348.
  349. 348. 348. 347. 348. 347. 348. 348. 347. 347. 348. 298.]
 [236. 262. 270. 277. 271. 277. 273. 280. 279. 277. 219. 202. 219. 213.
  233. 228. 229. 234. 239. 238. 242. 248. 246. 249. 249. 260. 264. 266.
  263. 264. 262. 260. 268. 278. 262. 268. 275. 266. 273. 227.]
 [227. 253. 262. 266. 268. 268. 271. 274. 275. 274. 224. 221. 224. 229.
  233. 234. 242. 246. 257. 251. 253. 259. 259. 257. 267. 263. 267. 263.
  261. 266. 274. 269. 271. 271. 265. 266. 269. 267. 267. 233.]]
##############################
[[ 95. 112. 119. 120. 121. 115. 113. 114. 117. 115. 100. 102. 115. 114.
  124. 127. 130. 129. 136. 139. 141. 144. 146. 146. 148. 151. 158. 158.
  160. 155. 150. 156. 151. 155. 156. 154. 161. 155. 156. 154.]
 [350. 350. 350. 350. 350. 350. 350. 350. 350. 350. 350. 349. 349. 348.
  347. 348. 348. 347. 348. 347. 348. 347. 347. 347. 347. 347. 347. 348.
  349. 348. 348. 347. 348. 347. 348. 348. 347. 347. 348. 348.]
 [236. 262. 270. 277. 271. 277. 273. 280. 279. 277. 219. 202. 219. 213.
  233. 228. 229. 234. 239. 238. 242. 248. 246. 249. 249. 260. 264. 266.
  263. 264. 262. 260. 268. 278. 262. 268. 275. 266. 273. 269.]
 [227. 253. 262. 266. 268. 268. 271. 274. 275. 274. 224. 221. 224. 229.
  233. 234. 242. 246. 257. 251. 253. 259. 259. 257. 267. 263. 267. 263.
  261. 266. 274. 269. 271. 271. 265. 266. 269. 267. 267. 271.]]
##############################
##################################################
##################################################
starting :8 batch
[[106. 112. 119. 120. 121. 115. 113. 114. 117. 115. 100. 102. 115. 114.
  124. 127. 130. 129. 136. 139. 141. 144. 146. 146. 148. 151. 158. 158.
  160. 155. 150. 156. 151. 155. 156. 154. 161. 155. 156. 154.]
 [400. 350. 350. 350. 350. 350. 350. 350. 350. 350. 350. 349. 349. 348.
  347. 348. 348. 347. 348. 347. 348. 347. 347. 347. 347. 347. 347. 348.
  349. 348. 348. 347. 348. 347. 348. 348. 347. 347. 348. 348.]
 [273. 262. 270. 277. 271. 277. 273. 280. 279. 277. 219. 202. 219. 213.
  233. 228. 229. 234. 239. 238. 242. 248. 246. 249. 249. 260. 264. 266.
  263. 264. 262. 260. 268. 278. 262. 268. 275. 266. 273. 269.]
 [264. 253. 262. 266. 268. 268. 271. 274. 275. 274. 224. 221. 224. 229.
  233. 234. 242. 246. 257. 251. 253. 259. 259. 257. 267. 263. 267. 263.
  261. 266. 274. 269. 271. 271. 265. 266. 269. 267. 267. 271.]]
##############################
[[106. 125. 119. 120. 121. 115. 113. 114. 117. 115. 100. 102. 115. 114.
  124. 127. 130. 129. 136. 139. 141. 144. 146. 146. 148. 151. 158. 158.
  160. 155. 150. 156. 151. 155. 156. 154. 161. 155. 156. 154.]
 [400. 400. 350. 350. 350. 350. 350. 350. 350. 350. 350. 349. 349. 348.
  347. 348. 348. 347. 348. 347. 348. 347. 347. 347. 347. 347. 347. 348.
  349. 348. 348. 347. 348. 347. 348. 348. 347. 347. 348. 348.]
 [273. 303. 270. 277. 271. 277. 273. 280. 279. 277. 219. 202. 219. 213.
  233. 228. 229. 234. 239. 238. 242. 248. 246. 249. 249. 260. 264. 266.
  263. 264. 262. 260. 268. 278. 262. 268. 275. 266. 273. 269.]
 [264. 294. 262. 266. 268. 268. 271. 274. 275. 274. 224. 221. 224. 229.
  233. 234. 242. 246. 257. 251. 253. 259. 259. 257. 267. 263. 267. 263.
  261. 266. 274. 269. 271. 271. 265. 266. 269. 267. 267. 271.]]
##############################
[[106. 125. 133. 120. 121. 115. 113. 114. 117. 115. 100. 102. 115. 114.
  124. 127. 130. 129. 136. 139. 141. 144. 146. 146. 148. 151. 158. 158.
  160. 155. 150. 156. 151. 155. 156. 154. 161. 155. 156. 154.]
 [400. 400. 400. 350. 350. 350. 350. 350. 350. 350. 350. 349. 349. 348.
  347. 348. 348. 347. 348. 347. 348. 347. 347. 347. 347. 347. 347. 348.
  349. 348. 348. 347. 348. 347. 348. 348. 347. 347. 348. 348.]
 [273. 303. 310. 277. 271. 277. 273. 280. 279. 277. 219. 202. 219. 213.
  233. 228. 229. 234. 239. 238. 242. 248. 246. 249. 249. 260. 264. 266.
  263. 264. 262. 260. 268. 278. 262. 268. 275. 266. 273. 269.]
 [264. 294. 304. 266. 268. 268. 271. 274. 275. 274. 224. 221. 224. 229.
  233. 234. 242. 246. 257. 251. 253. 259. 259. 257. 267. 263. 267. 263.
  261. 266. 274. 269. 271. 271. 265. 266. 269. 267. 267. 271.]]
##############################
[[106. 125. 133. 135. 121. 115. 113. 114. 117. 115. 100. 102. 115. 114.
  124. 127. 130. 129. 136. 139. 141. 144. 146. 146. 148. 151. 158. 158.
  160. 155. 150. 156. 151. 155. 156. 154. 161. 155. 156. 154.]
 [400. 400. 400. 400. 350. 350. 350. 350. 350. 350. 350. 349. 349. 348.
  347. 348. 348. 347. 348. 347. 348. 347. 347. 347. 347. 347. 347. 348.
  349. 348. 348. 347. 348. 347. 348. 348. 347. 347. 348. 348.]
 [273. 303. 310. 317. 271. 277. 273. 280. 279. 277. 219. 202. 219. 213.
  233. 228. 229. 234. 239. 238. 242. 248. 246. 249. 249. 260. 264. 266.
  263. 264. 262. 260. 268. 278. 262. 268. 275. 266. 273. 269.]
 [264. 294. 304. 307. 268. 268. 271. 274. 275. 274. 224. 221. 224. 229.
  233. 234. 242. 246. 257. 251. 253. 259. 259. 257. 267. 263. 267. 263.
  261. 266. 274. 269. 271. 271. 265. 266. 269. 267. 267. 271.]]
##############################
[[106. 125. 133. 135. 140. 115. 113. 114. 117. 115. 100. 102. 115. 114.
  124. 127. 130. 129. 136. 139. 141. 144. 146. 146. 148. 151. 158. 158.
  160. 155. 150. 156. 151. 155. 156. 154. 161. 155. 156. 154.]
 [400. 400. 400. 400. 400. 350. 350. 350. 350. 350. 350. 349. 349. 348.
  347. 348. 348. 347. 348. 347. 348. 347. 347. 347. 347. 347. 347. 348.
  349. 348. 348. 347. 348. 347. 348. 348. 347. 347. 348. 348.]
 [273. 303. 310. 317. 311. 277. 273. 280. 279. 277. 219. 202. 219. 213.
  233. 228. 229. 234. 239. 238. 242. 248. 246. 249. 249. 260. 264. 266.
  263. 264. 262. 260. 268. 278. 262. 268. 275. 266. 273. 269.]
 [264. 294. 304. 307. 311. 268. 271. 274. 275. 274. 224. 221. 224. 229.
  233. 234. 242. 246. 257. 251. 253. 259. 259. 257. 267. 263. 267. 263.
  261. 266. 274. 269. 271. 271. 265. 266. 269. 267. 267. 271.]]
##############################
[[106. 125. 133. 135. 140. 135. 113. 114. 117. 115. 100. 102. 115. 114.
  124. 127. 130. 129. 136. 139. 141. 144. 146. 146. 148. 151. 158. 158.
  160. 155. 150. 156. 151. 155. 156. 154. 161. 155. 156. 154.]
 [400. 400. 400. 400. 400. 400. 350. 350. 350. 350. 350. 349. 349. 348.
  347. 348. 348. 347. 348. 347. 348. 347. 347. 347. 347. 347. 347. 348.
  349. 348. 348. 347. 348. 347. 348. 348. 347. 347. 348. 348.]
 [273. 303. 310. 317. 311. 318. 273. 280. 279. 277. 219. 202. 219. 213.
  233. 228. 229. 234. 239. 238. 242. 248. 246. 249. 249. 260. 264. 266.
  263. 264. 262. 260. 268. 278. 262. 268. 275. 266. 273. 269.]
 [264. 294. 304. 307. 311. 311. 271. 274. 275. 274. 224. 221. 224. 229.
  233. 234. 242. 246. 257. 251. 253. 259. 259. 257. 267. 263. 267. 263.
  261. 266. 274. 269. 271. 271. 265. 266. 269. 267. 267. 271.]]
##############################
[[106. 125. 133. 135. 140. 135. 133. 114. 117. 115. 100. 102. 115. 114.
  124. 127. 130. 129. 136. 139. 141. 144. 146. 146. 148. 151. 158. 158.
  160. 155. 150. 156. 151. 155. 156. 154. 161. 155. 156. 154.]
 [400. 400. 400. 400. 400. 400. 400. 350. 350. 350. 350. 349. 349. 348.
  347. 348. 348. 347. 348. 347. 348. 347. 347. 347. 347. 347. 347. 348.
  349. 348. 348. 347. 348. 347. 348. 348. 347. 347. 348. 348.]
 [273. 303. 310. 317. 311. 318. 314. 280. 279. 277. 219. 202. 219. 213.
  233. 228. 229. 234. 239. 238. 242. 248. 246. 249. 249. 260. 264. 266.
  263. 264. 262. 260. 268. 278. 262. 268. 275. 266. 273. 269.]
 [264. 294. 304. 307. 311. 311. 315. 274. 275. 274. 224. 221. 224. 229.
  233. 234. 242. 246. 257. 251. 253. 259. 259. 257. 267. 263. 267. 263.
  261. 266. 274. 269. 271. 271. 265. 266. 269. 267. 267. 271.]]
##############################
[[106. 125. 133. 135. 140. 135. 133. 135. 117. 115. 100. 102. 115. 114.
  124. 127. 130. 129. 136. 139. 141. 144. 146. 146. 148. 151. 158. 158.
  160. 155. 150. 156. 151. 155. 156. 154. 161. 155. 156. 154.]
 [400. 400. 400. 400. 400. 400. 400. 400. 350. 350. 350. 349. 349. 348.
  347. 348. 348. 347. 348. 347. 348. 347. 347. 347. 347. 347. 347. 348.
  349. 348. 348. 347. 348. 347. 348. 348. 347. 347. 348. 348.]
 [273. 303. 310. 317. 311. 318. 314. 320. 279. 277. 219. 202. 219. 213.
  233. 228. 229. 234. 239. 238. 242. 248. 246. 249. 249. 260. 264. 266.
  263. 264. 262. 260. 268. 278. 262. 268. 275. 266. 273. 269.]
 [264. 294. 304. 307. 311. 311. 315. 318. 275. 274. 224. 221. 224. 229.
  233. 234. 242. 246. 257. 251. 253. 259. 259. 257. 267. 263. 267. 263.
  261. 266. 274. 269. 271. 271. 265. 266. 269. 267. 267. 271.]]
##############################
[[106. 125. 133. 135. 140. 135. 133. 135. 139. 115. 100. 102. 115. 114.
  124. 127. 130. 129. 136. 139. 141. 144. 146. 146. 148. 151. 158. 158.
  160. 155. 150. 156. 151. 155. 156. 154. 161. 155. 156. 154.]
 [400. 400. 400. 400. 400. 400. 400. 400. 400. 350. 350. 349. 349. 348.
  347. 348. 348. 347. 348. 347. 348. 347. 347. 347. 347. 347. 347. 348.
  349. 348. 348. 347. 348. 347. 348. 348. 347. 347. 348. 348.]
 [273. 303. 310. 317. 311. 318. 314. 320. 318. 277. 219. 202. 219. 213.
  233. 228. 229. 234. 239. 238. 242. 248. 246. 249. 249. 260. 264. 266.
  263. 264. 262. 260. 268. 278. 262. 268. 275. 266. 273. 269.]
 [264. 294. 304. 307. 311. 311. 315. 318. 319. 274. 224. 221. 224. 229.
  233. 234. 242. 246. 257. 251. 253. 259. 259. 257. 267. 263. 267. 263.
  261. 266. 274. 269. 271. 271. 265. 266. 269. 267. 267. 271.]]
##############################
[[106. 125. 133. 135. 140. 135. 133. 135. 139. 136. 100. 102. 115. 114.
  124. 127. 130. 129. 136. 139. 141. 144. 146. 146. 148. 151. 158. 158.
  160. 155. 150. 156. 151. 155. 156. 154. 161. 155. 156. 154.]
 [400. 400. 400. 400. 400. 400. 400. 400. 400. 400. 350. 349. 349. 348.
  347. 348. 348. 347. 348. 347. 348. 347. 347. 347. 347. 347. 347. 348.
  349. 348. 348. 347. 348. 347. 348. 348. 347. 347. 348. 348.]
 [273. 303. 310. 317. 311. 318. 314. 320. 318. 317. 219. 202. 219. 213.
  233. 228. 229. 234. 239. 238. 242. 248. 246. 249. 249. 260. 264. 266.
  263. 264. 262. 260. 268. 278. 262. 268. 275. 266. 273. 269.]
 [264. 294. 304. 307. 311. 311. 315. 318. 319. 318. 224. 221. 224. 229.
  233. 234. 242. 246. 257. 251. 253. 259. 259. 257. 267. 263. 267. 263.
  261. 266. 274. 269. 271. 271. 265. 266. 269. 267. 267. 271.]]
##############################
[[106. 125. 133. 135. 140. 135. 133. 135. 139. 136. 119. 102. 115. 114.
  124. 127. 130. 129. 136. 139. 141. 144. 146. 146. 148. 151. 158. 158.
  160. 155. 150. 156. 151. 155. 156. 154. 161. 155. 156. 154.]
 [400. 400. 400. 400. 400. 400. 400. 400. 400. 400. 400. 349. 349. 348.
  347. 348. 348. 347. 348. 347. 348. 347. 347. 347. 347. 347. 347. 348.
  349. 348. 348. 347. 348. 347. 348. 348. 347. 347. 348. 348.]
 [273. 303. 310. 317. 311. 318. 314. 320. 318. 317. 253. 202. 219. 213.
  233. 228. 229. 234. 239. 238. 242. 248. 246. 249. 249. 260. 264. 266.
  263. 264. 262. 260. 268. 278. 262. 268. 275. 266. 273. 269.]
 [264. 294. 304. 307. 311. 311. 315. 318. 319. 318. 262. 221. 224. 229.
  233. 234. 242. 246. 257. 251. 253. 259. 259. 257. 267. 263. 267. 263.
  261. 266. 274. 269. 271. 271. 265. 266. 269. 267. 267. 271.]]
##############################
[[106. 125. 133. 135. 140. 135. 133. 135. 139. 136. 119. 118. 115. 114.
  124. 127. 130. 129. 136. 139. 141. 144. 146. 146. 148. 151. 158. 158.
  160. 155. 150. 156. 151. 155. 156. 154. 161. 155. 156. 154.]
 [400. 400. 400. 400. 400. 400. 400. 400. 400. 400. 400. 399. 349. 348.
  347. 348. 348. 347. 348. 347. 348. 347. 347. 347. 347. 347. 347. 348.
  349. 348. 348. 347. 348. 347. 348. 348. 347. 347. 348. 348.]
 [273. 303. 310. 317. 311. 318. 314. 320. 318. 317. 253. 235. 219. 213.
  233. 228. 229. 234. 239. 238. 242. 248. 246. 249. 249. 260. 264. 266.
  263. 264. 262. 260. 268. 278. 262. 268. 275. 266. 273. 269.]
 [264. 294. 304. 307. 311. 311. 315. 318. 319. 318. 262. 256. 224. 229.
  233. 234. 242. 246. 257. 251. 253. 259. 259. 257. 267. 263. 267. 263.
  261. 266. 274. 269. 271. 271. 265. 266. 269. 267. 267. 271.]]
##############################
[[106. 125. 133. 135. 140. 135. 133. 135. 139. 136. 119. 118. 133. 114.
  124. 127. 130. 129. 136. 139. 141. 144. 146. 146. 148. 151. 158. 158.
  160. 155. 150. 156. 151. 155. 156. 154. 161. 155. 156. 154.]
 [400. 400. 400. 400. 400. 400. 400. 400. 400. 400. 400. 399. 399. 348.
  347. 348. 348. 347. 348. 347. 348. 347. 347. 347. 347. 347. 347. 348.
  349. 348. 348. 347. 348. 347. 348. 348. 347. 347. 348. 348.]
 [273. 303. 310. 317. 311. 318. 314. 320. 318. 317. 253. 235. 250. 213.
  233. 228. 229. 234. 239. 238. 242. 248. 246. 249. 249. 260. 264. 266.
  263. 264. 262. 260. 268. 278. 262. 268. 275. 266. 273. 269.]
 [264. 294. 304. 307. 311. 311. 315. 318. 319. 318. 262. 256. 259. 229.
  233. 234. 242. 246. 257. 251. 253. 259. 259. 257. 267. 263. 267. 263.
  261. 266. 274. 269. 271. 271. 265. 266. 269. 267. 267. 271.]]
##############################
[[106. 125. 133. 135. 140. 135. 133. 135. 139. 136. 119. 118. 133. 132.
  124. 127. 130. 129. 136. 139. 141. 144. 146. 146. 148. 151. 158. 158.
  160. 155. 150. 156. 151. 155. 156. 154. 161. 155. 156. 154.]
 [400. 400. 400. 400. 400. 400. 400. 400. 400. 400. 400. 399. 399. 398.
  347. 348. 348. 347. 348. 347. 348. 347. 347. 347. 347. 347. 347. 348.
  349. 348. 348. 347. 348. 347. 348. 348. 347. 347. 348. 348.]
 [273. 303. 310. 317. 311. 318. 314. 320. 318. 317. 253. 235. 250. 247.
  233. 228. 229. 234. 239. 238. 242. 248. 246. 249. 249. 260. 264. 266.
  263. 264. 262. 260. 268. 278. 262. 268. 275. 266. 273. 269.]
 [264. 294. 304. 307. 311. 311. 315. 318. 319. 318. 262. 256. 259. 267.
  233. 234. 242. 246. 257. 251. 253. 259. 259. 257. 267. 263. 267. 263.
  261. 266. 274. 269. 271. 271. 265. 266. 269. 267. 267. 271.]]
##############################
[[106. 125. 133. 135. 140. 135. 133. 135. 139. 136. 119. 118. 133. 132.
  144. 127. 130. 129. 136. 139. 141. 144. 146. 146. 148. 151. 158. 158.
  160. 155. 150. 156. 151. 155. 156. 154. 161. 155. 156. 154.]
 [400. 400. 400. 400. 400. 400. 400. 400. 400. 400. 400. 399. 399. 398.
  397. 348. 348. 347. 348. 347. 348. 347. 347. 347. 347. 347. 347. 348.
  349. 348. 348. 347. 348. 347. 348. 348. 347. 347. 348. 348.]
 [273. 303. 310. 317. 311. 318. 314. 320. 318. 317. 253. 235. 250. 247.
  267. 228. 229. 234. 239. 238. 242. 248. 246. 249. 249. 260. 264. 266.
  263. 264. 262. 260. 268. 278. 262. 268. 275. 266. 273. 269.]
 [264. 294. 304. 307. 311. 311. 315. 318. 319. 318. 262. 256. 259. 267.
  270. 234. 242. 246. 257. 251. 253. 259. 259. 257. 267. 263. 267. 263.
  261. 266. 274. 269. 271. 271. 265. 266. 269. 267. 267. 271.]]
##############################
[[106. 125. 133. 135. 140. 135. 133. 135. 139. 136. 119. 118. 133. 132.
  144. 145. 130. 129. 136. 139. 141. 144. 146. 146. 148. 151. 158. 158.
  160. 155. 150. 156. 151. 155. 156. 154. 161. 155. 156. 154.]
 [400. 400. 400. 400. 400. 400. 400. 400. 400. 400. 400. 399. 399. 398.
  397. 398. 348. 347. 348. 347. 348. 347. 347. 347. 347. 347. 347. 348.
  349. 348. 348. 347. 348. 347. 348. 348. 347. 347. 348. 348.]
 [273. 303. 310. 317. 311. 318. 314. 320. 318. 317. 253. 235. 250. 247.
  267. 263. 229. 234. 239. 238. 242. 248. 246. 249. 249. 260. 264. 266.
  263. 264. 262. 260. 268. 278. 262. 268. 275. 266. 273. 269.]
 [264. 294. 304. 307. 311. 311. 315. 318. 319. 318. 262. 256. 259. 267.
  270. 271. 242. 246. 257. 251. 253. 259. 259. 257. 267. 263. 267. 263.
  261. 266. 274. 269. 271. 271. 265. 266. 269. 267. 267. 271.]]
##############################
[[106. 125. 133. 135. 140. 135. 133. 135. 139. 136. 119. 118. 133. 132.
  144. 145. 152. 129. 136. 139. 141. 144. 146. 146. 148. 151. 158. 158.
  160. 155. 150. 156. 151. 155. 156. 154. 161. 155. 156. 154.]
 [400. 400. 400. 400. 400. 400. 400. 400. 400. 400. 400. 399. 399. 398.
  397. 398. 398. 347. 348. 347. 348. 347. 347. 347. 347. 347. 347. 348.
  349. 348. 348. 347. 348. 347. 348. 348. 347. 347. 348. 348.]
 [273. 303. 310. 317. 311. 318. 314. 320. 318. 317. 253. 235. 250. 247.
  267. 263. 264. 234. 239. 238. 242. 248. 246. 249. 249. 260. 264. 266.
  263. 264. 262. 260. 268. 278. 262. 268. 275. 266. 273. 269.]
 [264. 294. 304. 307. 311. 311. 315. 318. 319. 318. 262. 256. 259. 267.
  270. 271. 279. 246. 257. 251. 253. 259. 259. 257. 267. 263. 267. 263.
  261. 266. 274. 269. 271. 271. 265. 266. 269. 267. 267. 271.]]
##############################
[[106. 125. 133. 135. 140. 135. 133. 135. 139. 136. 119. 118. 133. 132.
  144. 145. 152. 154. 136. 139. 141. 144. 146. 146. 148. 151. 158. 158.
  160. 155. 150. 156. 151. 155. 156. 154. 161. 155. 156. 154.]
 [400. 400. 400. 400. 400. 400. 400. 400. 400. 400. 400. 399. 399. 398.
  397. 398. 398. 396. 348. 347. 348. 347. 347. 347. 347. 347. 347. 348.
  349. 348. 348. 347. 348. 347. 348. 348. 347. 347. 348. 348.]
 [273. 303. 310. 317. 311. 318. 314. 320. 318. 317. 253. 235. 250. 247.
  267. 263. 264. 269. 239. 238. 242. 248. 246. 249. 249. 260. 264. 266.
  263. 264. 262. 260. 268. 278. 262. 268. 275. 266. 273. 269.]
 [264. 294. 304. 307. 311. 311. 315. 318. 319. 318. 262. 256. 259. 267.
  270. 271. 279. 281. 257. 251. 253. 259. 259. 257. 267. 263. 267. 263.
  261. 266. 274. 269. 271. 271. 265. 266. 269. 267. 267. 271.]]
##############################
[[106. 125. 133. 135. 140. 135. 133. 135. 139. 136. 119. 118. 133. 132.
  144. 145. 152. 154. 158. 139. 141. 144. 146. 146. 148. 151. 158. 158.
  160. 155. 150. 156. 151. 155. 156. 154. 161. 155. 156. 154.]
 [400. 400. 400. 400. 400. 400. 400. 400. 400. 400. 400. 399. 399. 398.
  397. 398. 398. 396. 397. 347. 348. 347. 347. 347. 347. 347. 347. 348.
  349. 348. 348. 347. 348. 347. 348. 348. 347. 347. 348. 348.]
 [273. 303. 310. 317. 311. 318. 314. 320. 318. 317. 253. 235. 250. 247.
  267. 263. 264. 269. 274. 238. 242. 248. 246. 249. 249. 260. 264. 266.
  263. 264. 262. 260. 268. 278. 262. 268. 275. 266. 273. 269.]
 [264. 294. 304. 307. 311. 311. 315. 318. 319. 318. 262. 256. 259. 267.
  270. 271. 279. 281. 296. 251. 253. 259. 259. 257. 267. 263. 267. 263.
  261. 266. 274. 269. 271. 271. 265. 266. 269. 267. 267. 271.]]
##############################
[[106. 125. 133. 135. 140. 135. 133. 135. 139. 136. 119. 118. 133. 132.
  144. 145. 152. 154. 158. 162. 141. 144. 146. 146. 148. 151. 158. 158.
  160. 155. 150. 156. 151. 155. 156. 154. 161. 155. 156. 154.]
 [400. 400. 400. 400. 400. 400. 400. 400. 400. 400. 400. 399. 399. 398.
  397. 398. 398. 396. 397. 396. 348. 347. 347. 347. 347. 347. 347. 348.
  349. 348. 348. 347. 348. 347. 348. 348. 347. 347. 348. 348.]
 [273. 303. 310. 317. 311. 318. 314. 320. 318. 317. 253. 235. 250. 247.
  267. 263. 264. 269. 274. 274. 242. 248. 246. 249. 249. 260. 264. 266.
  263. 264. 262. 260. 268. 278. 262. 268. 275. 266. 273. 269.]
 [264. 294. 304. 307. 311. 311. 315. 318. 319. 318. 262. 256. 259. 267.
  270. 271. 279. 281. 296. 290. 253. 259. 259. 257. 267. 263. 267. 263.
  261. 266. 274. 269. 271. 271. 265. 266. 269. 267. 267. 271.]]
##############################
[[106. 125. 133. 135. 140. 135. 133. 135. 139. 136. 119. 118. 133. 132.
  144. 145. 152. 154. 158. 162. 167. 144. 146. 146. 148. 151. 158. 158.
  160. 155. 150. 156. 151. 155. 156. 154. 161. 155. 156. 154.]
 [400. 400. 400. 400. 400. 400. 400. 400. 400. 400. 400. 399. 399. 398.
  397. 398. 398. 396. 397. 396. 397. 347. 347. 347. 347. 347. 347. 348.
  349. 348. 348. 347. 348. 347. 348. 348. 347. 347. 348. 348.]
 [273. 303. 310. 317. 311. 318. 314. 320. 318. 317. 253. 235. 250. 247.
  267. 263. 264. 269. 274. 274. 276. 248. 246. 249. 249. 260. 264. 266.
  263. 264. 262. 260. 268. 278. 262. 268. 275. 266. 273. 269.]
 [264. 294. 304. 307. 311. 311. 315. 318. 319. 318. 262. 256. 259. 267.
  270. 271. 279. 281. 296. 290. 292. 259. 259. 257. 267. 263. 267. 263.
  261. 266. 274. 269. 271. 271. 265. 266. 269. 267. 267. 271.]]
##############################
[[106. 125. 133. 135. 140. 135. 133. 135. 139. 136. 119. 118. 133. 132.
  144. 145. 152. 154. 158. 162. 167. 169. 146. 146. 148. 151. 158. 158.
  160. 155. 150. 156. 151. 155. 156. 154. 161. 155. 156. 154.]
 [400. 400. 400. 400. 400. 400. 400. 400. 400. 400. 400. 399. 399. 398.
  397. 398. 398. 396. 397. 396. 397. 396. 347. 347. 347. 347. 347. 348.
  349. 348. 348. 347. 348. 347. 348. 348. 347. 347. 348. 348.]
 [273. 303. 310. 317. 311. 318. 314. 320. 318. 317. 253. 235. 250. 247.
  267. 263. 264. 269. 274. 274. 276. 283. 246. 249. 249. 260. 264. 266.
  263. 264. 262. 260. 268. 278. 262. 268. 275. 266. 273. 269.]
 [264. 294. 304. 307. 311. 311. 315. 318. 319. 318. 262. 256. 259. 267.
  270. 271. 279. 281. 296. 290. 292. 299. 259. 257. 267. 263. 267. 263.
  261. 266. 274. 269. 271. 271. 265. 266. 269. 267. 267. 271.]]
##############################
[[106. 125. 133. 135. 140. 135. 133. 135. 139. 136. 119. 118. 133. 132.
  144. 145. 152. 154. 158. 162. 167. 169. 168. 146. 148. 151. 158. 158.
  160. 155. 150. 156. 151. 155. 156. 154. 161. 155. 156. 154.]
 [400. 400. 400. 400. 400. 400. 400. 400. 400. 400. 400. 399. 399. 398.
  397. 398. 398. 396. 397. 396. 397. 396. 396. 347. 347. 347. 347. 348.
  349. 348. 348. 347. 348. 347. 348. 348. 347. 347. 348. 348.]
 [273. 303. 310. 317. 311. 318. 314. 320. 318. 317. 253. 235. 250. 247.
  267. 263. 264. 269. 274. 274. 276. 283. 282. 249. 249. 260. 264. 266.
  263. 264. 262. 260. 268. 278. 262. 268. 275. 266. 273. 269.]
 [264. 294. 304. 307. 311. 311. 315. 318. 319. 318. 262. 256. 259. 267.
  270. 271. 279. 281. 296. 290. 292. 299. 297. 257. 267. 263. 267. 263.
  261. 266. 274. 269. 271. 271. 265. 266. 269. 267. 267. 271.]]
##############################
[[106. 125. 133. 135. 140. 135. 133. 135. 139. 136. 119. 118. 133. 132.
  144. 145. 152. 154. 158. 162. 167. 169. 168. 168. 148. 151. 158. 158.
  160. 155. 150. 156. 151. 155. 156. 154. 161. 155. 156. 154.]
 [400. 400. 400. 400. 400. 400. 400. 400. 400. 400. 400. 399. 399. 398.
  397. 398. 398. 396. 397. 396. 397. 396. 396. 396. 347. 347. 347. 348.
  349. 348. 348. 347. 348. 347. 348. 348. 347. 347. 348. 348.]
 [273. 303. 310. 317. 311. 318. 314. 320. 318. 317. 253. 235. 250. 247.
  267. 263. 264. 269. 274. 274. 276. 283. 282. 284. 249. 260. 264. 266.
  263. 264. 262. 260. 268. 278. 262. 268. 275. 266. 273. 269.]
 [264. 294. 304. 307. 311. 311. 315. 318. 319. 318. 262. 256. 259. 267.
  270. 271. 279. 281. 296. 290. 292. 299. 297. 295. 267. 263. 267. 263.
  261. 266. 274. 269. 271. 271. 265. 266. 269. 267. 267. 271.]]
##############################
[[106. 125. 133. 135. 140. 135. 133. 135. 139. 136. 119. 118. 133. 132.
  144. 145. 152. 154. 158. 162. 167. 169. 168. 168. 174. 151. 158. 158.
  160. 155. 150. 156. 151. 155. 156. 154. 161. 155. 156. 154.]
 [400. 400. 400. 400. 400. 400. 400. 400. 400. 400. 400. 399. 399. 398.
  397. 398. 398. 396. 397. 396. 397. 396. 396. 396. 396. 347. 347. 348.
  349. 348. 348. 347. 348. 347. 348. 348. 347. 347. 348. 348.]
 [273. 303. 310. 317. 311. 318. 314. 320. 318. 317. 253. 235. 250. 247.
  267. 263. 264. 269. 274. 274. 276. 283. 282. 284. 288. 260. 264. 266.
  263. 264. 262. 260. 268. 278. 262. 268. 275. 266. 273. 269.]
 [264. 294. 304. 307. 311. 311. 315. 318. 319. 318. 262. 256. 259. 267.
  270. 271. 279. 281. 296. 290. 292. 299. 297. 295. 305. 263. 267. 263.
  261. 266. 274. 269. 271. 271. 265. 266. 269. 267. 267. 271.]]
##############################
[[106. 125. 133. 135. 140. 135. 133. 135. 139. 136. 119. 118. 133. 132.
  144. 145. 152. 154. 158. 162. 167. 169. 168. 168. 174. 176. 158. 158.
  160. 155. 150. 156. 151. 155. 156. 154. 161. 155. 156. 154.]
 [400. 400. 400. 400. 400. 400. 400. 400. 400. 400. 400. 399. 399. 398.
  397. 398. 398. 396. 397. 396. 397. 396. 396. 396. 396. 396. 347. 348.
  349. 348. 348. 347. 348. 347. 348. 348. 347. 347. 348. 348.]
 [273. 303. 310. 317. 311. 318. 314. 320. 318. 317. 253. 235. 250. 247.
  267. 263. 264. 269. 274. 274. 276. 283. 282. 284. 288. 298. 264. 266.
  263. 264. 262. 260. 268. 278. 262. 268. 275. 266. 273. 269.]
 [264. 294. 304. 307. 311. 311. 315. 318. 319. 318. 262. 256. 259. 267.
  270. 271. 279. 281. 296. 290. 292. 299. 297. 295. 305. 301. 267. 263.
  261. 266. 274. 269. 271. 271. 265. 266. 269. 267. 267. 271.]]
##############################
[[106. 125. 133. 135. 140. 135. 133. 135. 139. 136. 119. 118. 133. 132.
  144. 145. 152. 154. 158. 162. 167. 169. 168. 168. 174. 176. 182. 158.
  160. 155. 150. 156. 151. 155. 156. 154. 161. 155. 156. 154.]
 [400. 400. 400. 400. 400. 400. 400. 400. 400. 400. 400. 399. 399. 398.
  397. 398. 398. 396. 397. 396. 397. 396. 396. 396. 396. 396. 396. 348.
  349. 348. 348. 347. 348. 347. 348. 348. 347. 347. 348. 348.]
 [273. 303. 310. 317. 311. 318. 314. 320. 318. 317. 253. 235. 250. 247.
  267. 263. 264. 269. 274. 274. 276. 283. 282. 284. 288. 298. 302. 266.
  263. 264. 262. 260. 268. 278. 262. 268. 275. 266. 273. 269.]
 [264. 294. 304. 307. 311. 311. 315. 318. 319. 318. 262. 256. 259. 267.
  270. 271. 279. 281. 296. 290. 292. 299. 297. 295. 305. 301. 307. 263.
  261. 266. 274. 269. 271. 271. 265. 266. 269. 267. 267. 271.]]
##############################
[[106. 125. 133. 135. 140. 135. 133. 135. 139. 136. 119. 118. 133. 132.
  144. 145. 152. 154. 158. 162. 167. 169. 168. 168. 174. 176. 182. 183.
  160. 155. 150. 156. 151. 155. 156. 154. 161. 155. 156. 154.]
 [400. 400. 400. 400. 400. 400. 400. 400. 400. 400. 400. 399. 399. 398.
  397. 398. 398. 396. 397. 396. 397. 396. 396. 396. 396. 396. 396. 397.
  349. 348. 348. 347. 348. 347. 348. 348. 347. 347. 348. 348.]
 [273. 303. 310. 317. 311. 318. 314. 320. 318. 317. 253. 235. 250. 247.
  267. 263. 264. 269. 274. 274. 276. 283. 282. 284. 288. 298. 302. 303.
  263. 264. 262. 260. 268. 278. 262. 268. 275. 266. 273. 269.]
 [264. 294. 304. 307. 311. 311. 315. 318. 319. 318. 262. 256. 259. 267.
  270. 271. 279. 281. 296. 290. 292. 299. 297. 295. 305. 301. 307. 302.
  261. 266. 274. 269. 271. 271. 265. 266. 269. 267. 267. 271.]]
##############################
[[106. 125. 133. 135. 140. 135. 133. 135. 139. 136. 119. 118. 133. 132.
  144. 145. 152. 154. 158. 162. 167. 169. 168. 168. 174. 176. 182. 183.
  183. 155. 150. 156. 151. 155. 156. 154. 161. 155. 156. 154.]
 [400. 400. 400. 400. 400. 400. 400. 400. 400. 400. 400. 399. 399. 398.
  397. 398. 398. 396. 397. 396. 397. 396. 396. 396. 396. 396. 396. 397.
  398. 348. 348. 347. 348. 347. 348. 348. 347. 347. 348. 348.]
 [273. 303. 310. 317. 311. 318. 314. 320. 318. 317. 253. 235. 250. 247.
  267. 263. 264. 269. 274. 274. 276. 283. 282. 284. 288. 298. 302. 303.
  301. 264. 262. 260. 268. 278. 262. 268. 275. 266. 273. 269.]
 [264. 294. 304. 307. 311. 311. 315. 318. 319. 318. 262. 256. 259. 267.
  270. 271. 279. 281. 296. 290. 292. 299. 297. 295. 305. 301. 307. 302.
  297. 266. 274. 269. 271. 271. 265. 266. 269. 267. 267. 271.]]
##############################
[[106. 125. 133. 135. 140. 135. 133. 135. 139. 136. 119. 118. 133. 132.
  144. 145. 152. 154. 158. 162. 167. 169. 168. 168. 174. 176. 182. 183.
  183. 180. 150. 156. 151. 155. 156. 154. 161. 155. 156. 154.]
 [400. 400. 400. 400. 400. 400. 400. 400. 400. 400. 400. 399. 399. 398.
  397. 398. 398. 396. 397. 396. 397. 396. 396. 396. 396. 396. 396. 397.
  398. 398. 348. 347. 348. 347. 348. 348. 347. 347. 348. 348.]
 [273. 303. 310. 317. 311. 318. 314. 320. 318. 317. 253. 235. 250. 247.
  267. 263. 264. 269. 274. 274. 276. 283. 282. 284. 288. 298. 302. 303.
  301. 301. 262. 260. 268. 278. 262. 268. 275. 266. 273. 269.]
 [264. 294. 304. 307. 311. 311. 315. 318. 319. 318. 262. 256. 259. 267.
  270. 271. 279. 281. 296. 290. 292. 299. 297. 295. 305. 301. 307. 302.
  297. 307. 274. 269. 271. 271. 265. 266. 269. 267. 267. 271.]]
##############################
[[106. 125. 133. 135. 140. 135. 133. 135. 139. 136. 119. 118. 133. 132.
  144. 145. 152. 154. 158. 162. 167. 169. 168. 168. 174. 176. 182. 183.
  183. 180. 175. 156. 151. 155. 156. 154. 161. 155. 156. 154.]
 [400. 400. 400. 400. 400. 400. 400. 400. 400. 400. 400. 399. 399. 398.
  397. 398. 398. 396. 397. 396. 397. 396. 396. 396. 396. 396. 396. 397.
  398. 398. 397. 347. 348. 347. 348. 348. 347. 347. 348. 348.]
 [273. 303. 310. 317. 311. 318. 314. 320. 318. 317. 253. 235. 250. 247.
  267. 263. 264. 269. 274. 274. 276. 283. 282. 284. 288. 298. 302. 303.
  301. 301. 300. 260. 268. 278. 262. 268. 275. 266. 273. 269.]
 [264. 294. 304. 307. 311. 311. 315. 318. 319. 318. 262. 256. 259. 267.
  270. 271. 279. 281. 296. 290. 292. 299. 297. 295. 305. 301. 307. 302.
  297. 307. 314. 269. 271. 271. 265. 266. 269. 267. 267. 271.]]
##############################
[[106. 125. 133. 135. 140. 135. 133. 135. 139. 136. 119. 118. 133. 132.
  144. 145. 152. 154. 158. 162. 167. 169. 168. 168. 174. 176. 182. 183.
  183. 180. 175. 179. 151. 155. 156. 154. 161. 155. 156. 154.]
 [400. 400. 400. 400. 400. 400. 400. 400. 400. 400. 400. 399. 399. 398.
  397. 398. 398. 396. 397. 396. 397. 396. 396. 396. 396. 396. 396. 397.
  398. 398. 397. 396. 348. 347. 348. 348. 347. 347. 348. 348.]
 [273. 303. 310. 317. 311. 318. 314. 320. 318. 317. 253. 235. 250. 247.
  267. 263. 264. 269. 274. 274. 276. 283. 282. 284. 288. 298. 302. 303.
  301. 301. 300. 299. 268. 278. 262. 268. 275. 266. 273. 269.]
 [264. 294. 304. 307. 311. 311. 315. 318. 319. 318. 262. 256. 259. 267.
  270. 271. 279. 281. 296. 290. 292. 299. 297. 295. 305. 301. 307. 302.
  297. 307. 314. 308. 271. 271. 265. 266. 269. 267. 267. 271.]]
##############################
[[106. 125. 133. 135. 140. 135. 133. 135. 139. 136. 119. 118. 133. 132.
  144. 145. 152. 154. 158. 162. 167. 169. 168. 168. 174. 176. 182. 183.
  183. 180. 175. 179. 175. 155. 156. 154. 161. 155. 156. 154.]
 [400. 400. 400. 400. 400. 400. 400. 400. 400. 400. 400. 399. 399. 398.
  397. 398. 398. 396. 397. 396. 397. 396. 396. 396. 396. 396. 396. 397.
  398. 398. 397. 396. 397. 347. 348. 348. 347. 347. 348. 348.]
 [273. 303. 310. 317. 311. 318. 314. 320. 318. 317. 253. 235. 250. 247.
  267. 263. 264. 269. 274. 274. 276. 283. 282. 284. 288. 298. 302. 303.
  301. 301. 300. 299. 309. 278. 262. 268. 275. 266. 273. 269.]
 [264. 294. 304. 307. 311. 311. 315. 318. 319. 318. 262. 256. 259. 267.
  270. 271. 279. 281. 296. 290. 292. 299. 297. 295. 305. 301. 307. 302.
  297. 307. 314. 308. 309. 271. 265. 266. 269. 267. 267. 271.]]
##############################
[[106. 125. 133. 135. 140. 135. 133. 135. 139. 136. 119. 118. 133. 132.
  144. 145. 152. 154. 158. 162. 167. 169. 168. 168. 174. 176. 182. 183.
  183. 180. 175. 179. 175. 179. 156. 154. 161. 155. 156. 154.]
 [400. 400. 400. 400. 400. 400. 400. 400. 400. 400. 400. 399. 399. 398.
  397. 398. 398. 396. 397. 396. 397. 396. 396. 396. 396. 396. 396. 397.
  398. 398. 397. 396. 397. 396. 348. 348. 347. 347. 348. 348.]
 [273. 303. 310. 317. 311. 318. 314. 320. 318. 317. 253. 235. 250. 247.
  267. 263. 264. 269. 274. 274. 276. 283. 282. 284. 288. 298. 302. 303.
  301. 301. 300. 299. 309. 318. 262. 268. 275. 266. 273. 269.]
 [264. 294. 304. 307. 311. 311. 315. 318. 319. 318. 262. 256. 259. 267.
  270. 271. 279. 281. 296. 290. 292. 299. 297. 295. 305. 301. 307. 302.
  297. 307. 314. 308. 309. 309. 265. 266. 269. 267. 267. 271.]]
##############################
[[106. 125. 133. 135. 140. 135. 133. 135. 139. 136. 119. 118. 133. 132.
  144. 145. 152. 154. 158. 162. 167. 169. 168. 168. 174. 176. 182. 183.
  183. 180. 175. 179. 175. 179. 181. 154. 161. 155. 156. 154.]
 [400. 400. 400. 400. 400. 400. 400. 400. 400. 400. 400. 399. 399. 398.
  397. 398. 398. 396. 397. 396. 397. 396. 396. 396. 396. 396. 396. 397.
  398. 398. 397. 396. 397. 396. 397. 348. 347. 347. 348. 348.]
 [273. 303. 310. 317. 311. 318. 314. 320. 318. 317. 253. 235. 250. 247.
  267. 263. 264. 269. 274. 274. 276. 283. 282. 284. 288. 298. 302. 303.
  301. 301. 300. 299. 309. 318. 302. 268. 275. 266. 273. 269.]
 [264. 294. 304. 307. 311. 311. 315. 318. 319. 318. 262. 256. 259. 267.
  270. 271. 279. 281. 296. 290. 292. 299. 297. 295. 305. 301. 307. 302.
  297. 307. 314. 308. 309. 309. 304. 266. 269. 267. 267. 271.]]
##############################
[[106. 125. 133. 135. 140. 135. 133. 135. 139. 136. 119. 118. 133. 132.
  144. 145. 152. 154. 158. 162. 167. 169. 168. 168. 174. 176. 182. 183.
  183. 180. 175. 179. 175. 179. 181. 181. 161. 155. 156. 154.]
 [400. 400. 400. 400. 400. 400. 400. 400. 400. 400. 400. 399. 399. 398.
  397. 398. 398. 396. 397. 396. 397. 396. 396. 396. 396. 396. 396. 397.
  398. 398. 397. 396. 397. 396. 397. 398. 347. 347. 348. 348.]
 [273. 303. 310. 317. 311. 318. 314. 320. 318. 317. 253. 235. 250. 247.
  267. 263. 264. 269. 274. 274. 276. 283. 282. 284. 288. 298. 302. 303.
  301. 301. 300. 299. 309. 318. 302. 309. 275. 266. 273. 269.]
 [264. 294. 304. 307. 311. 311. 315. 318. 319. 318. 262. 256. 259. 267.
  270. 271. 279. 281. 296. 290. 292. 299. 297. 295. 305. 301. 307. 302.
  297. 307. 314. 308. 309. 309. 304. 303. 269. 267. 267. 271.]]
##############################
[[106. 125. 133. 135. 140. 135. 133. 135. 139. 136. 119. 118. 133. 132.
  144. 145. 152. 154. 158. 162. 167. 169. 168. 168. 174. 176. 182. 183.
  183. 180. 175. 179. 175. 179. 181. 181. 188. 155. 156. 154.]
 [400. 400. 400. 400. 400. 400. 400. 400. 400. 400. 400. 399. 399. 398.
  397. 398. 398. 396. 397. 396. 397. 396. 396. 396. 396. 396. 396. 397.
  398. 398. 397. 396. 397. 396. 397. 398. 397. 347. 348. 348.]
 [273. 303. 310. 317. 311. 318. 314. 320. 318. 317. 253. 235. 250. 247.
  267. 263. 264. 269. 274. 274. 276. 283. 282. 284. 288. 298. 302. 303.
  301. 301. 300. 299. 309. 318. 302. 309. 315. 266. 273. 269.]
 [264. 294. 304. 307. 311. 311. 315. 318. 319. 318. 262. 256. 259. 267.
  270. 271. 279. 281. 296. 290. 292. 299. 297. 295. 305. 301. 307. 302.
  297. 307. 314. 308. 309. 309. 304. 303. 307. 267. 267. 271.]]
##############################
[[106. 125. 133. 135. 140. 135. 133. 135. 139. 136. 119. 118. 133. 132.
  144. 145. 152. 154. 158. 162. 167. 169. 168. 168. 174. 176. 182. 183.
  183. 180. 175. 179. 175. 179. 181. 181. 188. 182. 156. 154.]
 [400. 400. 400. 400. 400. 400. 400. 400. 400. 400. 400. 399. 399. 398.
  397. 398. 398. 396. 397. 396. 397. 396. 396. 396. 396. 396. 396. 397.
  398. 398. 397. 396. 397. 396. 397. 398. 397. 397. 348. 348.]
 [273. 303. 310. 317. 311. 318. 314. 320. 318. 317. 253. 235. 250. 247.
  267. 263. 264. 269. 274. 274. 276. 283. 282. 284. 288. 298. 302. 303.
  301. 301. 300. 299. 309. 318. 302. 309. 315. 307. 273. 269.]
 [264. 294. 304. 307. 311. 311. 315. 318. 319. 318. 262. 256. 259. 267.
  270. 271. 279. 281. 296. 290. 292. 299. 297. 295. 305. 301. 307. 302.
  297. 307. 314. 308. 309. 309. 304. 303. 307. 305. 267. 271.]]
##############################
[[106. 125. 133. 135. 140. 135. 133. 135. 139. 136. 119. 118. 133. 132.
  144. 145. 152. 154. 158. 162. 167. 169. 168. 168. 174. 176. 182. 183.
  183. 180. 175. 179. 175. 179. 181. 181. 188. 182. 182. 154.]
 [400. 400. 400. 400. 400. 400. 400. 400. 400. 400. 400. 399. 399. 398.
  397. 398. 398. 396. 397. 396. 397. 396. 396. 396. 396. 396. 396. 397.
  398. 398. 397. 396. 397. 396. 397. 398. 397. 397. 398. 348.]
 [273. 303. 310. 317. 311. 318. 314. 320. 318. 317. 253. 235. 250. 247.
  267. 263. 264. 269. 274. 274. 276. 283. 282. 284. 288. 298. 302. 303.
  301. 301. 300. 299. 309. 318. 302. 309. 315. 307. 313. 269.]
 [264. 294. 304. 307. 311. 311. 315. 318. 319. 318. 262. 256. 259. 267.
  270. 271. 279. 281. 296. 290. 292. 299. 297. 295. 305. 301. 307. 302.
  297. 307. 314. 308. 309. 309. 304. 303. 307. 305. 306. 271.]]
##############################
[[106. 125. 133. 135. 140. 135. 133. 135. 139. 136. 119. 118. 133. 132.
  144. 145. 152. 154. 158. 162. 167. 169. 168. 168. 174. 176. 182. 183.
  183. 180. 175. 179. 175. 179. 181. 181. 188. 182. 182. 178.]
 [400. 400. 400. 400. 400. 400. 400. 400. 400. 400. 400. 399. 399. 398.
  397. 398. 398. 396. 397. 396. 397. 396. 396. 396. 396. 396. 396. 397.
  398. 398. 397. 396. 397. 396. 397. 398. 397. 397. 398. 398.]
 [273. 303. 310. 317. 311. 318. 314. 320. 318. 317. 253. 235. 250. 247.
  267. 263. 264. 269. 274. 274. 276. 283. 282. 284. 288. 298. 302. 303.
  301. 301. 300. 299. 309. 318. 302. 309. 315. 307. 313. 309.]
 [264. 294. 304. 307. 311. 311. 315. 318. 319. 318. 262. 256. 259. 267.
  270. 271. 279. 281. 296. 290. 292. 299. 297. 295. 305. 301. 307. 302.
  297. 307. 314. 308. 309. 309. 304. 303. 307. 305. 306. 309.]]
##############################
##################################################
##################################################
starting :9 batch
[[118. 125. 133. 135. 140. 135. 133. 135. 139. 136. 119. 118. 133. 132.
  144. 145. 152. 154. 158. 162. 167. 169. 168. 168. 174. 176. 182. 183.
  183. 180. 175. 179. 175. 179. 181. 181. 188. 182. 182. 178.]
 [450. 400. 400. 400. 400. 400. 400. 400. 400. 400. 400. 399. 399. 398.
  397. 398. 398. 396. 397. 396. 397. 396. 396. 396. 396. 396. 396. 397.
  398. 398. 397. 396. 397. 396. 397. 398. 397. 397. 398. 398.]
 [304. 303. 310. 317. 311. 318. 314. 320. 318. 317. 253. 235. 250. 247.
  267. 263. 264. 269. 274. 274. 276. 283. 282. 284. 288. 298. 302. 303.
  301. 301. 300. 299. 309. 318. 302. 309. 315. 307. 313. 309.]
 [297. 294. 304. 307. 311. 311. 315. 318. 319. 318. 262. 256. 259. 267.
  270. 271. 279. 281. 296. 290. 292. 299. 297. 295. 305. 301. 307. 302.
  297. 307. 314. 308. 309. 309. 304. 303. 307. 305. 306. 309.]]
##############################
[[118. 141. 133. 135. 140. 135. 133. 135. 139. 136. 119. 118. 133. 132.
  144. 145. 152. 154. 158. 162. 167. 169. 168. 168. 174. 176. 182. 183.
  183. 180. 175. 179. 175. 179. 181. 181. 188. 182. 182. 178.]
 [450. 450. 400. 400. 400. 400. 400. 400. 400. 400. 400. 399. 399. 398.
  397. 398. 398. 396. 397. 396. 397. 396. 396. 396. 396. 396. 396. 397.
  398. 398. 397. 396. 397. 396. 397. 398. 397. 397. 398. 398.]
 [304. 340. 310. 317. 311. 318. 314. 320. 318. 317. 253. 235. 250. 247.
  267. 263. 264. 269. 274. 274. 276. 283. 282. 284. 288. 298. 302. 303.
  301. 301. 300. 299. 309. 318. 302. 309. 315. 307. 313. 309.]
 [297. 328. 304. 307. 311. 311. 315. 318. 319. 318. 262. 256. 259. 267.
  270. 271. 279. 281. 296. 290. 292. 299. 297. 295. 305. 301. 307. 302.
  297. 307. 314. 308. 309. 309. 304. 303. 307. 305. 306. 309.]]
##############################
[[118. 141. 152. 135. 140. 135. 133. 135. 139. 136. 119. 118. 133. 132.
  144. 145. 152. 154. 158. 162. 167. 169. 168. 168. 174. 176. 182. 183.
  183. 180. 175. 179. 175. 179. 181. 181. 188. 182. 182. 178.]
 [450. 450. 450. 400. 400. 400. 400. 400. 400. 400. 400. 399. 399. 398.
  397. 398. 398. 396. 397. 396. 397. 396. 396. 396. 396. 396. 396. 397.
  398. 398. 397. 396. 397. 396. 397. 398. 397. 397. 398. 398.]
 [304. 340. 347. 317. 311. 318. 314. 320. 318. 317. 253. 235. 250. 247.
  267. 263. 264. 269. 274. 274. 276. 283. 282. 284. 288. 298. 302. 303.
  301. 301. 300. 299. 309. 318. 302. 309. 315. 307. 313. 309.]
 [297. 328. 343. 307. 311. 311. 315. 318. 319. 318. 262. 256. 259. 267.
  270. 271. 279. 281. 296. 290. 292. 299. 297. 295. 305. 301. 307. 302.
  297. 307. 314. 308. 309. 309. 304. 303. 307. 305. 306. 309.]]
##############################
[[118. 141. 152. 154. 140. 135. 133. 135. 139. 136. 119. 118. 133. 132.
  144. 145. 152. 154. 158. 162. 167. 169. 168. 168. 174. 176. 182. 183.
  183. 180. 175. 179. 175. 179. 181. 181. 188. 182. 182. 178.]
 [450. 450. 450. 450. 400. 400. 400. 400. 400. 400. 400. 399. 399. 398.
  397. 398. 398. 396. 397. 396. 397. 396. 396. 396. 396. 396. 396. 397.
  398. 398. 397. 396. 397. 396. 397. 398. 397. 397. 398. 398.]
 [304. 340. 347. 353. 311. 318. 314. 320. 318. 317. 253. 235. 250. 247.
  267. 263. 264. 269. 274. 274. 276. 283. 282. 284. 288. 298. 302. 303.
  301. 301. 300. 299. 309. 318. 302. 309. 315. 307. 313. 309.]
 [297. 328. 343. 346. 311. 311. 315. 318. 319. 318. 262. 256. 259. 267.
  270. 271. 279. 281. 296. 290. 292. 299. 297. 295. 305. 301. 307. 302.
  297. 307. 314. 308. 309. 309. 304. 303. 307. 305. 306. 309.]]
##############################
[[118. 141. 152. 154. 161. 135. 133. 135. 139. 136. 119. 118. 133. 132.
  144. 145. 152. 154. 158. 162. 167. 169. 168. 168. 174. 176. 182. 183.
  183. 180. 175. 179. 175. 179. 181. 181. 188. 182. 182. 178.]
 [450. 450. 450. 450. 450. 400. 400. 400. 400. 400. 400. 399. 399. 398.
  397. 398. 398. 396. 397. 396. 397. 396. 396. 396. 396. 396. 396. 397.
  398. 398. 397. 396. 397. 396. 397. 398. 397. 397. 398. 398.]
 [304. 340. 347. 353. 348. 318. 314. 320. 318. 317. 253. 235. 250. 247.
  267. 263. 264. 269. 274. 274. 276. 283. 282. 284. 288. 298. 302. 303.
  301. 301. 300. 299. 309. 318. 302. 309. 315. 307. 313. 309.]
 [297. 328. 343. 346. 348. 311. 315. 318. 319. 318. 262. 256. 259. 267.
  270. 271. 279. 281. 296. 290. 292. 299. 297. 295. 305. 301. 307. 302.
  297. 307. 314. 308. 309. 309. 304. 303. 307. 305. 306. 309.]]
##############################
[[118. 141. 152. 154. 161. 155. 133. 135. 139. 136. 119. 118. 133. 132.
  144. 145. 152. 154. 158. 162. 167. 169. 168. 168. 174. 176. 182. 183.
  183. 180. 175. 179. 175. 179. 181. 181. 188. 182. 182. 178.]
 [450. 450. 450. 450. 450. 450. 400. 400. 400. 400. 400. 399. 399. 398.
  397. 398. 398. 396. 397. 396. 397. 396. 396. 396. 396. 396. 396. 397.
  398. 398. 397. 396. 397. 396. 397. 398. 397. 397. 398. 398.]
 [304. 340. 347. 353. 348. 355. 314. 320. 318. 317. 253. 235. 250. 247.
  267. 263. 264. 269. 274. 274. 276. 283. 282. 284. 288. 298. 302. 303.
  301. 301. 300. 299. 309. 318. 302. 309. 315. 307. 313. 309.]
 [297. 328. 343. 346. 348. 349. 315. 318. 319. 318. 262. 256. 259. 267.
  270. 271. 279. 281. 296. 290. 292. 299. 297. 295. 305. 301. 307. 302.
  297. 307. 314. 308. 309. 309. 304. 303. 307. 305. 306. 309.]]
##############################
[[118. 141. 152. 154. 161. 155. 154. 135. 139. 136. 119. 118. 133. 132.
  144. 145. 152. 154. 158. 162. 167. 169. 168. 168. 174. 176. 182. 183.
  183. 180. 175. 179. 175. 179. 181. 181. 188. 182. 182. 178.]
 [450. 450. 450. 450. 450. 450. 450. 400. 400. 400. 400. 399. 399. 398.
  397. 398. 398. 396. 397. 396. 397. 396. 396. 396. 396. 396. 396. 397.
  398. 398. 397. 396. 397. 396. 397. 398. 397. 397. 398. 398.]
 [304. 340. 347. 353. 348. 355. 350. 320. 318. 317. 253. 235. 250. 247.
  267. 263. 264. 269. 274. 274. 276. 283. 282. 284. 288. 298. 302. 303.
  301. 301. 300. 299. 309. 318. 302. 309. 315. 307. 313. 309.]
 [297. 328. 343. 346. 348. 349. 355. 318. 319. 318. 262. 256. 259. 267.
  270. 271. 279. 281. 296. 290. 292. 299. 297. 295. 305. 301. 307. 302.
  297. 307. 314. 308. 309. 309. 304. 303. 307. 305. 306. 309.]]
##############################
[[118. 141. 152. 154. 161. 155. 154. 156. 139. 136. 119. 118. 133. 132.
  144. 145. 152. 154. 158. 162. 167. 169. 168. 168. 174. 176. 182. 183.
  183. 180. 175. 179. 175. 179. 181. 181. 188. 182. 182. 178.]
 [450. 450. 450. 450. 450. 450. 450. 450. 400. 400. 400. 399. 399. 398.
  397. 398. 398. 396. 397. 396. 397. 396. 396. 396. 396. 396. 396. 397.
  398. 398. 397. 396. 397. 396. 397. 398. 397. 397. 398. 398.]
 [304. 340. 347. 353. 348. 355. 350. 356. 318. 317. 253. 235. 250. 247.
  267. 263. 264. 269. 274. 274. 276. 283. 282. 284. 288. 298. 302. 303.
  301. 301. 300. 299. 309. 318. 302. 309. 315. 307. 313. 309.]
 [297. 328. 343. 346. 348. 349. 355. 355. 319. 318. 262. 256. 259. 267.
  270. 271. 279. 281. 296. 290. 292. 299. 297. 295. 305. 301. 307. 302.
  297. 307. 314. 308. 309. 309. 304. 303. 307. 305. 306. 309.]]
##############################
[[118. 141. 152. 154. 161. 155. 154. 156. 159. 136. 119. 118. 133. 132.
  144. 145. 152. 154. 158. 162. 167. 169. 168. 168. 174. 176. 182. 183.
  183. 180. 175. 179. 175. 179. 181. 181. 188. 182. 182. 178.]
 [450. 450. 450. 450. 450. 450. 450. 450. 450. 400. 400. 399. 399. 398.
  397. 398. 398. 396. 397. 396. 397. 396. 396. 396. 396. 396. 396. 397.
  398. 398. 397. 396. 397. 396. 397. 398. 397. 397. 398. 398.]
 [304. 340. 347. 353. 348. 355. 350. 356. 355. 317. 253. 235. 250. 247.
  267. 263. 264. 269. 274. 274. 276. 283. 282. 284. 288. 298. 302. 303.
  301. 301. 300. 299. 309. 318. 302. 309. 315. 307. 313. 309.]
 [297. 328. 343. 346. 348. 349. 355. 355. 356. 318. 262. 256. 259. 267.
  270. 271. 279. 281. 296. 290. 292. 299. 297. 295. 305. 301. 307. 302.
  297. 307. 314. 308. 309. 309. 304. 303. 307. 305. 306. 309.]]
##############################
[[118. 141. 152. 154. 161. 155. 154. 156. 159. 159. 119. 118. 133. 132.
  144. 145. 152. 154. 158. 162. 167. 169. 168. 168. 174. 176. 182. 183.
  183. 180. 175. 179. 175. 179. 181. 181. 188. 182. 182. 178.]
 [450. 450. 450. 450. 450. 450. 450. 450. 450. 450. 400. 399. 399. 398.
  397. 398. 398. 396. 397. 396. 397. 396. 396. 396. 396. 396. 396. 397.
  398. 398. 397. 396. 397. 396. 397. 398. 397. 397. 398. 398.]
 [304. 340. 347. 353. 348. 355. 350. 356. 355. 354. 253. 235. 250. 247.
  267. 263. 264. 269. 274. 274. 276. 283. 282. 284. 288. 298. 302. 303.
  301. 301. 300. 299. 309. 318. 302. 309. 315. 307. 313. 309.]
 [297. 328. 343. 346. 348. 349. 355. 355. 356. 355. 262. 256. 259. 267.
  270. 271. 279. 281. 296. 290. 292. 299. 297. 295. 305. 301. 307. 302.
  297. 307. 314. 308. 309. 309. 304. 303. 307. 305. 306. 309.]]
##############################
[[118. 141. 152. 154. 161. 155. 154. 156. 159. 159. 135. 118. 133. 132.
  144. 145. 152. 154. 158. 162. 167. 169. 168. 168. 174. 176. 182. 183.
  183. 180. 175. 179. 175. 179. 181. 181. 188. 182. 182. 178.]
 [450. 450. 450. 450. 450. 450. 450. 450. 450. 450. 450. 399. 399. 398.
  397. 398. 398. 396. 397. 396. 397. 396. 396. 396. 396. 396. 396. 397.
  398. 398. 397. 396. 397. 396. 397. 398. 397. 397. 398. 398.]
 [304. 340. 347. 353. 348. 355. 350. 356. 355. 354. 282. 235. 250. 247.
  267. 263. 264. 269. 274. 274. 276. 283. 282. 284. 288. 298. 302. 303.
  301. 301. 300. 299. 309. 318. 302. 309. 315. 307. 313. 309.]
 [297. 328. 343. 346. 348. 349. 355. 355. 356. 355. 292. 256. 259. 267.
  270. 271. 279. 281. 296. 290. 292. 299. 297. 295. 305. 301. 307. 302.
  297. 307. 314. 308. 309. 309. 304. 303. 307. 305. 306. 309.]]
##############################
[[118. 141. 152. 154. 161. 155. 154. 156. 159. 159. 135. 134. 133. 132.
  144. 145. 152. 154. 158. 162. 167. 169. 168. 168. 174. 176. 182. 183.
  183. 180. 175. 179. 175. 179. 181. 181. 188. 182. 182. 178.]
 [450. 450. 450. 450. 450. 450. 450. 450. 450. 450. 450. 449. 399. 398.
  397. 398. 398. 396. 397. 396. 397. 396. 396. 396. 396. 396. 396. 397.
  398. 398. 397. 396. 397. 396. 397. 398. 397. 397. 398. 398.]
 [304. 340. 347. 353. 348. 355. 350. 356. 355. 354. 282. 265. 250. 247.
  267. 263. 264. 269. 274. 274. 276. 283. 282. 284. 288. 298. 302. 303.
  301. 301. 300. 299. 309. 318. 302. 309. 315. 307. 313. 309.]
 [297. 328. 343. 346. 348. 349. 355. 355. 356. 355. 292. 289. 259. 267.
  270. 271. 279. 281. 296. 290. 292. 299. 297. 295. 305. 301. 307. 302.
  297. 307. 314. 308. 309. 309. 304. 303. 307. 305. 306. 309.]]
##############################
[[118. 141. 152. 154. 161. 155. 154. 156. 159. 159. 135. 134. 151. 132.
  144. 145. 152. 154. 158. 162. 167. 169. 168. 168. 174. 176. 182. 183.
  183. 180. 175. 179. 175. 179. 181. 181. 188. 182. 182. 178.]
 [450. 450. 450. 450. 450. 450. 450. 450. 450. 450. 450. 449. 449. 398.
  397. 398. 398. 396. 397. 396. 397. 396. 396. 396. 396. 396. 396. 397.
  398. 398. 397. 396. 397. 396. 397. 398. 397. 397. 398. 398.]
 [304. 340. 347. 353. 348. 355. 350. 356. 355. 354. 282. 265. 281. 247.
  267. 263. 264. 269. 274. 274. 276. 283. 282. 284. 288. 298. 302. 303.
  301. 301. 300. 299. 309. 318. 302. 309. 315. 307. 313. 309.]
 [297. 328. 343. 346. 348. 349. 355. 355. 356. 355. 292. 289. 295. 267.
  270. 271. 279. 281. 296. 290. 292. 299. 297. 295. 305. 301. 307. 302.
  297. 307. 314. 308. 309. 309. 304. 303. 307. 305. 306. 309.]]
##############################
[[118. 141. 152. 154. 161. 155. 154. 156. 159. 159. 135. 134. 151. 148.
  144. 145. 152. 154. 158. 162. 167. 169. 168. 168. 174. 176. 182. 183.
  183. 180. 175. 179. 175. 179. 181. 181. 188. 182. 182. 178.]
 [450. 450. 450. 450. 450. 450. 450. 450. 450. 450. 450. 449. 449. 448.
  397. 398. 398. 396. 397. 396. 397. 396. 396. 396. 396. 396. 396. 397.
  398. 398. 397. 396. 397. 396. 397. 398. 397. 397. 398. 398.]
 [304. 340. 347. 353. 348. 355. 350. 356. 355. 354. 282. 265. 281. 277.
  267. 263. 264. 269. 274. 274. 276. 283. 282. 284. 288. 298. 302. 303.
  301. 301. 300. 299. 309. 318. 302. 309. 315. 307. 313. 309.]
 [297. 328. 343. 346. 348. 349. 355. 355. 356. 355. 292. 289. 295. 299.
  270. 271. 279. 281. 296. 290. 292. 299. 297. 295. 305. 301. 307. 302.
  297. 307. 314. 308. 309. 309. 304. 303. 307. 305. 306. 309.]]
##############################
[[118. 141. 152. 154. 161. 155. 154. 156. 159. 159. 135. 134. 151. 148.
  162. 145. 152. 154. 158. 162. 167. 169. 168. 168. 174. 176. 182. 183.
  183. 180. 175. 179. 175. 179. 181. 181. 188. 182. 182. 178.]
 [450. 450. 450. 450. 450. 450. 450. 450. 450. 450. 450. 449. 449. 448.
  446. 398. 398. 396. 397. 396. 397. 396. 396. 396. 396. 396. 396. 397.
  398. 398. 397. 396. 397. 396. 397. 398. 397. 397. 398. 398.]
 [304. 340. 347. 353. 348. 355. 350. 356. 355. 354. 282. 265. 281. 277.
  298. 263. 264. 269. 274. 274. 276. 283. 282. 284. 288. 298. 302. 303.
  301. 301. 300. 299. 309. 318. 302. 309. 315. 307. 313. 309.]
 [297. 328. 343. 346. 348. 349. 355. 355. 356. 355. 292. 289. 295. 299.
  305. 271. 279. 281. 296. 290. 292. 299. 297. 295. 305. 301. 307. 302.
  297. 307. 314. 308. 309. 309. 304. 303. 307. 305. 306. 309.]]
##############################
[[118. 141. 152. 154. 161. 155. 154. 156. 159. 159. 135. 134. 151. 148.
  162. 161. 152. 154. 158. 162. 167. 169. 168. 168. 174. 176. 182. 183.
  183. 180. 175. 179. 175. 179. 181. 181. 188. 182. 182. 178.]
 [450. 450. 450. 450. 450. 450. 450. 450. 450. 450. 450. 449. 449. 448.
  446. 448. 398. 396. 397. 396. 397. 396. 396. 396. 396. 396. 396. 397.
  398. 398. 397. 396. 397. 396. 397. 398. 397. 397. 398. 398.]
 [304. 340. 347. 353. 348. 355. 350. 356. 355. 354. 282. 265. 281. 277.
  298. 294. 264. 269. 274. 274. 276. 283. 282. 284. 288. 298. 302. 303.
  301. 301. 300. 299. 309. 318. 302. 309. 315. 307. 313. 309.]
 [297. 328. 343. 346. 348. 349. 355. 355. 356. 355. 292. 289. 295. 299.
  305. 305. 279. 281. 296. 290. 292. 299. 297. 295. 305. 301. 307. 302.
  297. 307. 314. 308. 309. 309. 304. 303. 307. 305. 306. 309.]]
##############################
[[118. 141. 152. 154. 161. 155. 154. 156. 159. 159. 135. 134. 151. 148.
  162. 161. 168. 154. 158. 162. 167. 169. 168. 168. 174. 176. 182. 183.
  183. 180. 175. 179. 175. 179. 181. 181. 188. 182. 182. 178.]
 [450. 450. 450. 450. 450. 450. 450. 450. 450. 450. 450. 449. 449. 448.
  446. 448. 448. 396. 397. 396. 397. 396. 396. 396. 396. 396. 396. 397.
  398. 398. 397. 396. 397. 396. 397. 398. 397. 397. 398. 398.]
 [304. 340. 347. 353. 348. 355. 350. 356. 355. 354. 282. 265. 281. 277.
  298. 294. 295. 269. 274. 274. 276. 283. 282. 284. 288. 298. 302. 303.
  301. 301. 300. 299. 309. 318. 302. 309. 315. 307. 313. 309.]
 [297. 328. 343. 346. 348. 349. 355. 355. 356. 355. 292. 289. 295. 299.
  305. 305. 315. 281. 296. 290. 292. 299. 297. 295. 305. 301. 307. 302.
  297. 307. 314. 308. 309. 309. 304. 303. 307. 305. 306. 309.]]
##############################
[[118. 141. 152. 154. 161. 155. 154. 156. 159. 159. 135. 134. 151. 148.
  162. 161. 168. 173. 158. 162. 167. 169. 168. 168. 174. 176. 182. 183.
  183. 180. 175. 179. 175. 179. 181. 181. 188. 182. 182. 178.]
 [450. 450. 450. 450. 450. 450. 450. 450. 450. 450. 450. 449. 449. 448.
  446. 448. 448. 446. 397. 396. 397. 396. 396. 396. 396. 396. 396. 397.
  398. 398. 397. 396. 397. 396. 397. 398. 397. 397. 398. 398.]
 [304. 340. 347. 353. 348. 355. 350. 356. 355. 354. 282. 265. 281. 277.
  298. 294. 295. 303. 274. 274. 276. 283. 282. 284. 288. 298. 302. 303.
  301. 301. 300. 299. 309. 318. 302. 309. 315. 307. 313. 309.]
 [297. 328. 343. 346. 348. 349. 355. 355. 356. 355. 292. 289. 295. 299.
  305. 305. 315. 321. 296. 290. 292. 299. 297. 295. 305. 301. 307. 302.
  297. 307. 314. 308. 309. 309. 304. 303. 307. 305. 306. 309.]]
##############################
[[118. 141. 152. 154. 161. 155. 154. 156. 159. 159. 135. 134. 151. 148.
  162. 161. 168. 173. 178. 162. 167. 169. 168. 168. 174. 176. 182. 183.
  183. 180. 175. 179. 175. 179. 181. 181. 188. 182. 182. 178.]
 [450. 450. 450. 450. 450. 450. 450. 450. 450. 450. 450. 449. 449. 448.
  446. 448. 448. 446. 447. 396. 397. 396. 396. 396. 396. 396. 396. 397.
  398. 398. 397. 396. 397. 396. 397. 398. 397. 397. 398. 398.]
 [304. 340. 347. 353. 348. 355. 350. 356. 355. 354. 282. 265. 281. 277.
  298. 294. 295. 303. 306. 274. 276. 283. 282. 284. 288. 298. 302. 303.
  301. 301. 300. 299. 309. 318. 302. 309. 315. 307. 313. 309.]
 [297. 328. 343. 346. 348. 349. 355. 355. 356. 355. 292. 289. 295. 299.
  305. 305. 315. 321. 338. 290. 292. 299. 297. 295. 305. 301. 307. 302.
  297. 307. 314. 308. 309. 309. 304. 303. 307. 305. 306. 309.]]
##############################
[[118. 141. 152. 154. 161. 155. 154. 156. 159. 159. 135. 134. 151. 148.
  162. 161. 168. 173. 178. 183. 167. 169. 168. 168. 174. 176. 182. 183.
  183. 180. 175. 179. 175. 179. 181. 181. 188. 182. 182. 178.]
 [450. 450. 450. 450. 450. 450. 450. 450. 450. 450. 450. 449. 449. 448.
  446. 448. 448. 446. 447. 446. 397. 396. 396. 396. 396. 396. 396. 397.
  398. 398. 397. 396. 397. 396. 397. 398. 397. 397. 398. 398.]
 [304. 340. 347. 353. 348. 355. 350. 356. 355. 354. 282. 265. 281. 277.
  298. 294. 295. 303. 306. 310. 276. 283. 282. 284. 288. 298. 302. 303.
  301. 301. 300. 299. 309. 318. 302. 309. 315. 307. 313. 309.]
 [297. 328. 343. 346. 348. 349. 355. 355. 356. 355. 292. 289. 295. 299.
  305. 305. 315. 321. 338. 330. 292. 299. 297. 295. 305. 301. 307. 302.
  297. 307. 314. 308. 309. 309. 304. 303. 307. 305. 306. 309.]]
##############################
[[118. 141. 152. 154. 161. 155. 154. 156. 159. 159. 135. 134. 151. 148.
  162. 161. 168. 173. 178. 183. 189. 169. 168. 168. 174. 176. 182. 183.
  183. 180. 175. 179. 175. 179. 181. 181. 188. 182. 182. 178.]
 [450. 450. 450. 450. 450. 450. 450. 450. 450. 450. 450. 449. 449. 448.
  446. 448. 448. 446. 447. 446. 447. 396. 396. 396. 396. 396. 396. 397.
  398. 398. 397. 396. 397. 396. 397. 398. 397. 397. 398. 398.]
 [304. 340. 347. 353. 348. 355. 350. 356. 355. 354. 282. 265. 281. 277.
  298. 294. 295. 303. 306. 310. 314. 283. 282. 284. 288. 298. 302. 303.
  301. 301. 300. 299. 309. 318. 302. 309. 315. 307. 313. 309.]
 [297. 328. 343. 346. 348. 349. 355. 355. 356. 355. 292. 289. 295. 299.
  305. 305. 315. 321. 338. 330. 335. 299. 297. 295. 305. 301. 307. 302.
  297. 307. 314. 308. 309. 309. 304. 303. 307. 305. 306. 309.]]
##############################
[[118. 141. 152. 154. 161. 155. 154. 156. 159. 159. 135. 134. 151. 148.
  162. 161. 168. 173. 178. 183. 189. 189. 168. 168. 174. 176. 182. 183.
  183. 180. 175. 179. 175. 179. 181. 181. 188. 182. 182. 178.]
 [450. 450. 450. 450. 450. 450. 450. 450. 450. 450. 450. 449. 449. 448.
  446. 448. 448. 446. 447. 446. 447. 446. 396. 396. 396. 396. 396. 397.
  398. 398. 397. 396. 397. 396. 397. 398. 397. 397. 398. 398.]
 [304. 340. 347. 353. 348. 355. 350. 356. 355. 354. 282. 265. 281. 277.
  298. 294. 295. 303. 306. 310. 314. 316. 282. 284. 288. 298. 302. 303.
  301. 301. 300. 299. 309. 318. 302. 309. 315. 307. 313. 309.]
 [297. 328. 343. 346. 348. 349. 355. 355. 356. 355. 292. 289. 295. 299.
  305. 305. 315. 321. 338. 330. 335. 339. 297. 295. 305. 301. 307. 302.
  297. 307. 314. 308. 309. 309. 304. 303. 307. 305. 306. 309.]]
##############################
[[118. 141. 152. 154. 161. 155. 154. 156. 159. 159. 135. 134. 151. 148.
  162. 161. 168. 173. 178. 183. 189. 189. 189. 168. 174. 176. 182. 183.
  183. 180. 175. 179. 175. 179. 181. 181. 188. 182. 182. 178.]
 [450. 450. 450. 450. 450. 450. 450. 450. 450. 450. 450. 449. 449. 448.
  446. 448. 448. 446. 447. 446. 447. 446. 446. 396. 396. 396. 396. 397.
  398. 398. 397. 396. 397. 396. 397. 398. 397. 397. 398. 398.]
 [304. 340. 347. 353. 348. 355. 350. 356. 355. 354. 282. 265. 281. 277.
  298. 294. 295. 303. 306. 310. 314. 316. 320. 284. 288. 298. 302. 303.
  301. 301. 300. 299. 309. 318. 302. 309. 315. 307. 313. 309.]
 [297. 328. 343. 346. 348. 349. 355. 355. 356. 355. 292. 289. 295. 299.
  305. 305. 315. 321. 338. 330. 335. 339. 339. 295. 305. 301. 307. 302.
  297. 307. 314. 308. 309. 309. 304. 303. 307. 305. 306. 309.]]
##############################
[[118. 141. 152. 154. 161. 155. 154. 156. 159. 159. 135. 134. 151. 148.
  162. 161. 168. 173. 178. 183. 189. 189. 189. 191. 174. 176. 182. 183.
  183. 180. 175. 179. 175. 179. 181. 181. 188. 182. 182. 178.]
 [450. 450. 450. 450. 450. 450. 450. 450. 450. 450. 450. 449. 449. 448.
  446. 448. 448. 446. 447. 446. 447. 446. 446. 446. 396. 396. 396. 397.
  398. 398. 397. 396. 397. 396. 397. 398. 397. 397. 398. 398.]
 [304. 340. 347. 353. 348. 355. 350. 356. 355. 354. 282. 265. 281. 277.
  298. 294. 295. 303. 306. 310. 314. 316. 320. 321. 288. 298. 302. 303.
  301. 301. 300. 299. 309. 318. 302. 309. 315. 307. 313. 309.]
 [297. 328. 343. 346. 348. 349. 355. 355. 356. 355. 292. 289. 295. 299.
  305. 305. 315. 321. 338. 330. 335. 339. 339. 334. 305. 301. 307. 302.
  297. 307. 314. 308. 309. 309. 304. 303. 307. 305. 306. 309.]]
##############################
[[118. 141. 152. 154. 161. 155. 154. 156. 159. 159. 135. 134. 151. 148.
  162. 161. 168. 173. 178. 183. 189. 189. 189. 191. 195. 176. 182. 183.
  183. 180. 175. 179. 175. 179. 181. 181. 188. 182. 182. 178.]
 [450. 450. 450. 450. 450. 450. 450. 450. 450. 450. 450. 449. 449. 448.
  446. 448. 448. 446. 447. 446. 447. 446. 446. 446. 446. 396. 396. 397.
  398. 398. 397. 396. 397. 396. 397. 398. 397. 397. 398. 398.]
 [304. 340. 347. 353. 348. 355. 350. 356. 355. 354. 282. 265. 281. 277.
  298. 294. 295. 303. 306. 310. 314. 316. 320. 321. 324. 298. 302. 303.
  301. 301. 300. 299. 309. 318. 302. 309. 315. 307. 313. 309.]
 [297. 328. 343. 346. 348. 349. 355. 355. 356. 355. 292. 289. 295. 299.
  305. 305. 315. 321. 338. 330. 335. 339. 339. 334. 346. 301. 307. 302.
  297. 307. 314. 308. 309. 309. 304. 303. 307. 305. 306. 309.]]
##############################
[[118. 141. 152. 154. 161. 155. 154. 156. 159. 159. 135. 134. 151. 148.
  162. 161. 168. 173. 178. 183. 189. 189. 189. 191. 195. 198. 182. 183.
  183. 180. 175. 179. 175. 179. 181. 181. 188. 182. 182. 178.]
 [450. 450. 450. 450. 450. 450. 450. 450. 450. 450. 450. 449. 449. 448.
  446. 448. 448. 446. 447. 446. 447. 446. 446. 446. 446. 446. 396. 397.
  398. 398. 397. 396. 397. 396. 397. 398. 397. 397. 398. 398.]
 [304. 340. 347. 353. 348. 355. 350. 356. 355. 354. 282. 265. 281. 277.
  298. 294. 295. 303. 306. 310. 314. 316. 320. 321. 324. 336. 302. 303.
  301. 301. 300. 299. 309. 318. 302. 309. 315. 307. 313. 309.]
 [297. 328. 343. 346. 348. 349. 355. 355. 356. 355. 292. 289. 295. 299.
  305. 305. 315. 321. 338. 330. 335. 339. 339. 334. 346. 341. 307. 302.
  297. 307. 314. 308. 309. 309. 304. 303. 307. 305. 306. 309.]]
##############################
[[118. 141. 152. 154. 161. 155. 154. 156. 159. 159. 135. 134. 151. 148.
  162. 161. 168. 173. 178. 183. 189. 189. 189. 191. 195. 198. 207. 183.
  183. 180. 175. 179. 175. 179. 181. 181. 188. 182. 182. 178.]
 [450. 450. 450. 450. 450. 450. 450. 450. 450. 450. 450. 449. 449. 448.
  446. 448. 448. 446. 447. 446. 447. 446. 446. 446. 446. 446. 446. 397.
  398. 398. 397. 396. 397. 396. 397. 398. 397. 397. 398. 398.]
 [304. 340. 347. 353. 348. 355. 350. 356. 355. 354. 282. 265. 281. 277.
  298. 294. 295. 303. 306. 310. 314. 316. 320. 321. 324. 336. 339. 303.
  301. 301. 300. 299. 309. 318. 302. 309. 315. 307. 313. 309.]
 [297. 328. 343. 346. 348. 349. 355. 355. 356. 355. 292. 289. 295. 299.
  305. 305. 315. 321. 338. 330. 335. 339. 339. 334. 346. 341. 346. 302.
  297. 307. 314. 308. 309. 309. 304. 303. 307. 305. 306. 309.]]
##############################
[[118. 141. 152. 154. 161. 155. 154. 156. 159. 159. 135. 134. 151. 148.
  162. 161. 168. 173. 178. 183. 189. 189. 189. 191. 195. 198. 207. 205.
  183. 180. 175. 179. 175. 179. 181. 181. 188. 182. 182. 178.]
 [450. 450. 450. 450. 450. 450. 450. 450. 450. 450. 450. 449. 449. 448.
  446. 448. 448. 446. 447. 446. 447. 446. 446. 446. 446. 446. 446. 447.
  398. 398. 397. 396. 397. 396. 397. 398. 397. 397. 398. 398.]
 [304. 340. 347. 353. 348. 355. 350. 356. 355. 354. 282. 265. 281. 277.
  298. 294. 295. 303. 306. 310. 314. 316. 320. 321. 324. 336. 339. 342.
  301. 301. 300. 299. 309. 318. 302. 309. 315. 307. 313. 309.]
 [297. 328. 343. 346. 348. 349. 355. 355. 356. 355. 292. 289. 295. 299.
  305. 305. 315. 321. 338. 330. 335. 339. 339. 334. 346. 341. 346. 343.
  297. 307. 314. 308. 309. 309. 304. 303. 307. 305. 306. 309.]]
##############################
[[118. 141. 152. 154. 161. 155. 154. 156. 159. 159. 135. 134. 151. 148.
  162. 161. 168. 173. 178. 183. 189. 189. 189. 191. 195. 198. 207. 205.
  206. 180. 175. 179. 175. 179. 181. 181. 188. 182. 182. 178.]
 [450. 450. 450. 450. 450. 450. 450. 450. 450. 450. 450. 449. 449. 448.
  446. 448. 448. 446. 447. 446. 447. 446. 446. 446. 446. 446. 446. 447.
  448. 398. 397. 396. 397. 396. 397. 398. 397. 397. 398. 398.]
 [304. 340. 347. 353. 348. 355. 350. 356. 355. 354. 282. 265. 281. 277.
  298. 294. 295. 303. 306. 310. 314. 316. 320. 321. 324. 336. 339. 342.
  341. 301. 300. 299. 309. 318. 302. 309. 315. 307. 313. 309.]
 [297. 328. 343. 346. 348. 349. 355. 355. 356. 355. 292. 289. 295. 299.
  305. 305. 315. 321. 338. 330. 335. 339. 339. 334. 346. 341. 346. 343.
  336. 307. 314. 308. 309. 309. 304. 303. 307. 305. 306. 309.]]
##############################
[[118. 141. 152. 154. 161. 155. 154. 156. 159. 159. 135. 134. 151. 148.
  162. 161. 168. 173. 178. 183. 189. 189. 189. 191. 195. 198. 207. 205.
  206. 204. 175. 179. 175. 179. 181. 181. 188. 182. 182. 178.]
 [450. 450. 450. 450. 450. 450. 450. 450. 450. 450. 450. 449. 449. 448.
  446. 448. 448. 446. 447. 446. 447. 446. 446. 446. 446. 446. 446. 447.
  448. 448. 397. 396. 397. 396. 397. 398. 397. 397. 398. 398.]
 [304. 340. 347. 353. 348. 355. 350. 356. 355. 354. 282. 265. 281. 277.
  298. 294. 295. 303. 306. 310. 314. 316. 320. 321. 324. 336. 339. 342.
  341. 341. 300. 299. 309. 318. 302. 309. 315. 307. 313. 309.]
 [297. 328. 343. 346. 348. 349. 355. 355. 356. 355. 292. 289. 295. 299.
  305. 305. 315. 321. 338. 330. 335. 339. 339. 334. 346. 341. 346. 343.
  336. 347. 314. 308. 309. 309. 304. 303. 307. 305. 306. 309.]]
##############################
[[118. 141. 152. 154. 161. 155. 154. 156. 159. 159. 135. 134. 151. 148.
  162. 161. 168. 173. 178. 183. 189. 189. 189. 191. 195. 198. 207. 205.
  206. 204. 200. 179. 175. 179. 181. 181. 188. 182. 182. 178.]
 [450. 450. 450. 450. 450. 450. 450. 450. 450. 450. 450. 449. 449. 448.
  446. 448. 448. 446. 447. 446. 447. 446. 446. 446. 446. 446. 446. 447.
  448. 448. 447. 396. 397. 396. 397. 398. 397. 397. 398. 398.]
 [304. 340. 347. 353. 348. 355. 350. 356. 355. 354. 282. 265. 281. 277.
  298. 294. 295. 303. 306. 310. 314. 316. 320. 321. 324. 336. 339. 342.
  341. 341. 341. 299. 309. 318. 302. 309. 315. 307. 313. 309.]
 [297. 328. 343. 346. 348. 349. 355. 355. 356. 355. 292. 289. 295. 299.
  305. 305. 315. 321. 338. 330. 335. 339. 339. 334. 346. 341. 346. 343.
  336. 347. 354. 308. 309. 309. 304. 303. 307. 305. 306. 309.]]
##############################
[[118. 141. 152. 154. 161. 155. 154. 156. 159. 159. 135. 134. 151. 148.
  162. 161. 168. 173. 178. 183. 189. 189. 189. 191. 195. 198. 207. 205.
  206. 204. 200. 203. 175. 179. 181. 181. 188. 182. 182. 178.]
 [450. 450. 450. 450. 450. 450. 450. 450. 450. 450. 450. 449. 449. 448.
  446. 448. 448. 446. 447. 446. 447. 446. 446. 446. 446. 446. 446. 447.
  448. 448. 447. 446. 397. 396. 397. 398. 397. 397. 398. 398.]
 [304. 340. 347. 353. 348. 355. 350. 356. 355. 354. 282. 265. 281. 277.
  298. 294. 295. 303. 306. 310. 314. 316. 320. 321. 324. 336. 339. 342.
  341. 341. 341. 339. 309. 318. 302. 309. 315. 307. 313. 309.]
 [297. 328. 343. 346. 348. 349. 355. 355. 356. 355. 292. 289. 295. 299.
  305. 305. 315. 321. 338. 330. 335. 339. 339. 334. 346. 341. 346. 343.
  336. 347. 354. 348. 309. 309. 304. 303. 307. 305. 306. 309.]]
##############################
[[118. 141. 152. 154. 161. 155. 154. 156. 159. 159. 135. 134. 151. 148.
  162. 161. 168. 173. 178. 183. 189. 189. 189. 191. 195. 198. 207. 205.
  206. 204. 200. 203. 200. 179. 181. 181. 188. 182. 182. 178.]
 [450. 450. 450. 450. 450. 450. 450. 450. 450. 450. 450. 449. 449. 448.
  446. 448. 448. 446. 447. 446. 447. 446. 446. 446. 446. 446. 446. 447.
  448. 448. 447. 446. 447. 396. 397. 398. 397. 397. 398. 398.]
 [304. 340. 347. 353. 348. 355. 350. 356. 355. 354. 282. 265. 281. 277.
  298. 294. 295. 303. 306. 310. 314. 316. 320. 321. 324. 336. 339. 342.
  341. 341. 341. 339. 349. 318. 302. 309. 315. 307. 313. 309.]
 [297. 328. 343. 346. 348. 349. 355. 355. 356. 355. 292. 289. 295. 299.
  305. 305. 315. 321. 338. 330. 335. 339. 339. 334. 346. 341. 346. 343.
  336. 347. 354. 348. 350. 309. 304. 303. 307. 305. 306. 309.]]
##############################
[[118. 141. 152. 154. 161. 155. 154. 156. 159. 159. 135. 134. 151. 148.
  162. 161. 168. 173. 178. 183. 189. 189. 189. 191. 195. 198. 207. 205.
  206. 204. 200. 203. 200. 203. 181. 181. 188. 182. 182. 178.]
 [450. 450. 450. 450. 450. 450. 450. 450. 450. 450. 450. 449. 449. 448.
  446. 448. 448. 446. 447. 446. 447. 446. 446. 446. 446. 446. 446. 447.
  448. 448. 447. 446. 447. 446. 397. 398. 397. 397. 398. 398.]
 [304. 340. 347. 353. 348. 355. 350. 356. 355. 354. 282. 265. 281. 277.
  298. 294. 295. 303. 306. 310. 314. 316. 320. 321. 324. 336. 339. 342.
  341. 341. 341. 339. 349. 358. 302. 309. 315. 307. 313. 309.]
 [297. 328. 343. 346. 348. 349. 355. 355. 356. 355. 292. 289. 295. 299.
  305. 305. 315. 321. 338. 330. 335. 339. 339. 334. 346. 341. 346. 343.
  336. 347. 354. 348. 350. 349. 304. 303. 307. 305. 306. 309.]]
##############################
[[118. 141. 152. 154. 161. 155. 154. 156. 159. 159. 135. 134. 151. 148.
  162. 161. 168. 173. 178. 183. 189. 189. 189. 191. 195. 198. 207. 205.
  206. 204. 200. 203. 200. 203. 206. 181. 188. 182. 182. 178.]
 [450. 450. 450. 450. 450. 450. 450. 450. 450. 450. 450. 449. 449. 448.
  446. 448. 448. 446. 447. 446. 447. 446. 446. 446. 446. 446. 446. 447.
  448. 448. 447. 446. 447. 446. 447. 398. 397. 397. 398. 398.]
 [304. 340. 347. 353. 348. 355. 350. 356. 355. 354. 282. 265. 281. 277.
  298. 294. 295. 303. 306. 310. 314. 316. 320. 321. 324. 336. 339. 342.
  341. 341. 341. 339. 349. 358. 342. 309. 315. 307. 313. 309.]
 [297. 328. 343. 346. 348. 349. 355. 355. 356. 355. 292. 289. 295. 299.
  305. 305. 315. 321. 338. 330. 335. 339. 339. 334. 346. 341. 346. 343.
  336. 347. 354. 348. 350. 349. 343. 303. 307. 305. 306. 309.]]
##############################
[[118. 141. 152. 154. 161. 155. 154. 156. 159. 159. 135. 134. 151. 148.
  162. 161. 168. 173. 178. 183. 189. 189. 189. 191. 195. 198. 207. 205.
  206. 204. 200. 203. 200. 203. 206. 205. 188. 182. 182. 178.]
 [450. 450. 450. 450. 450. 450. 450. 450. 450. 450. 450. 449. 449. 448.
  446. 448. 448. 446. 447. 446. 447. 446. 446. 446. 446. 446. 446. 447.
  448. 448. 447. 446. 447. 446. 447. 448. 397. 397. 398. 398.]
 [304. 340. 347. 353. 348. 355. 350. 356. 355. 354. 282. 265. 281. 277.
  298. 294. 295. 303. 306. 310. 314. 316. 320. 321. 324. 336. 339. 342.
  341. 341. 341. 339. 349. 358. 342. 349. 315. 307. 313. 309.]
 [297. 328. 343. 346. 348. 349. 355. 355. 356. 355. 292. 289. 295. 299.
  305. 305. 315. 321. 338. 330. 335. 339. 339. 334. 346. 341. 346. 343.
  336. 347. 354. 348. 350. 349. 343. 346. 307. 305. 306. 309.]]
##############################
[[118. 141. 152. 154. 161. 155. 154. 156. 159. 159. 135. 134. 151. 148.
  162. 161. 168. 173. 178. 183. 189. 189. 189. 191. 195. 198. 207. 205.
  206. 204. 200. 203. 200. 203. 206. 205. 212. 182. 182. 178.]
 [450. 450. 450. 450. 450. 450. 450. 450. 450. 450. 450. 449. 449. 448.
  446. 448. 448. 446. 447. 446. 447. 446. 446. 446. 446. 446. 446. 447.
  448. 448. 447. 446. 447. 446. 447. 448. 447. 397. 398. 398.]
 [304. 340. 347. 353. 348. 355. 350. 356. 355. 354. 282. 265. 281. 277.
  298. 294. 295. 303. 306. 310. 314. 316. 320. 321. 324. 336. 339. 342.
  341. 341. 341. 339. 349. 358. 342. 349. 354. 307. 313. 309.]
 [297. 328. 343. 346. 348. 349. 355. 355. 356. 355. 292. 289. 295. 299.
  305. 305. 315. 321. 338. 330. 335. 339. 339. 334. 346. 341. 346. 343.
  336. 347. 354. 348. 350. 349. 343. 346. 349. 305. 306. 309.]]
##############################
[[118. 141. 152. 154. 161. 155. 154. 156. 159. 159. 135. 134. 151. 148.
  162. 161. 168. 173. 178. 183. 189. 189. 189. 191. 195. 198. 207. 205.
  206. 204. 200. 203. 200. 203. 206. 205. 212. 206. 182. 178.]
 [450. 450. 450. 450. 450. 450. 450. 450. 450. 450. 450. 449. 449. 448.
  446. 448. 448. 446. 447. 446. 447. 446. 446. 446. 446. 446. 446. 447.
  448. 448. 447. 446. 447. 446. 447. 448. 447. 447. 398. 398.]
 [304. 340. 347. 353. 348. 355. 350. 356. 355. 354. 282. 265. 281. 277.
  298. 294. 295. 303. 306. 310. 314. 316. 320. 321. 324. 336. 339. 342.
  341. 341. 341. 339. 349. 358. 342. 349. 354. 347. 313. 309.]
 [297. 328. 343. 346. 348. 349. 355. 355. 356. 355. 292. 289. 295. 299.
  305. 305. 315. 321. 338. 330. 335. 339. 339. 334. 346. 341. 346. 343.
  336. 347. 354. 348. 350. 349. 343. 346. 349. 347. 306. 309.]]
##############################
[[118. 141. 152. 154. 161. 155. 154. 156. 159. 159. 135. 134. 151. 148.
  162. 161. 168. 173. 178. 183. 189. 189. 189. 191. 195. 198. 207. 205.
  206. 204. 200. 203. 200. 203. 206. 205. 212. 206. 204. 178.]
 [450. 450. 450. 450. 450. 450. 450. 450. 450. 450. 450. 449. 449. 448.
  446. 448. 448. 446. 447. 446. 447. 446. 446. 446. 446. 446. 446. 447.
  448. 448. 447. 446. 447. 446. 447. 448. 447. 447. 448. 398.]
 [304. 340. 347. 353. 348. 355. 350. 356. 355. 354. 282. 265. 281. 277.
  298. 294. 295. 303. 306. 310. 314. 316. 320. 321. 324. 336. 339. 342.
  341. 341. 341. 339. 349. 358. 342. 349. 354. 347. 352. 309.]
 [297. 328. 343. 346. 348. 349. 355. 355. 356. 355. 292. 289. 295. 299.
  305. 305. 315. 321. 338. 330. 335. 339. 339. 334. 346. 341. 346. 343.
  336. 347. 354. 348. 350. 349. 343. 346. 349. 347. 347. 309.]]
##############################
[[118. 141. 152. 154. 161. 155. 154. 156. 159. 159. 135. 134. 151. 148.
  162. 161. 168. 173. 178. 183. 189. 189. 189. 191. 195. 198. 207. 205.
  206. 204. 200. 203. 200. 203. 206. 205. 212. 206. 204. 199.]
 [450. 450. 450. 450. 450. 450. 450. 450. 450. 450. 450. 449. 449. 448.
  446. 448. 448. 446. 447. 446. 447. 446. 446. 446. 446. 446. 446. 447.
  448. 448. 447. 446. 447. 446. 447. 448. 447. 447. 448. 448.]
 [304. 340. 347. 353. 348. 355. 350. 356. 355. 354. 282. 265. 281. 277.
  298. 294. 295. 303. 306. 310. 314. 316. 320. 321. 324. 336. 339. 342.
  341. 341. 341. 339. 349. 358. 342. 349. 354. 347. 352. 348.]
 [297. 328. 343. 346. 348. 349. 355. 355. 356. 355. 292. 289. 295. 299.
  305. 305. 315. 321. 338. 330. 335. 339. 339. 334. 346. 341. 346. 343.
  336. 347. 354. 348. 350. 349. 343. 346. 349. 347. 347. 350.]]
##############################
##################################################
##################################################
starting :10 batch
[[134. 141. 152. 154. 161. 155. 154. 156. 159. 159. 135. 134. 151. 148.
  162. 161. 168. 173. 178. 183. 189. 189. 189. 191. 195. 198. 207. 205.
  206. 204. 200. 203. 200. 203. 206. 205. 212. 206. 204. 199.]
 [500. 450. 450. 450. 450. 450. 450. 450. 450. 450. 450. 449. 449. 448.
  446. 448. 448. 446. 447. 446. 447. 446. 446. 446. 446. 446. 446. 447.
  448. 448. 447. 446. 447. 446. 447. 448. 447. 447. 448. 448.]
 [342. 340. 347. 353. 348. 355. 350. 356. 355. 354. 282. 265. 281. 277.
  298. 294. 295. 303. 306. 310. 314. 316. 320. 321. 324. 336. 339. 342.
  341. 341. 341. 339. 349. 358. 342. 349. 354. 347. 352. 348.]
 [332. 328. 343. 346. 348. 349. 355. 355. 356. 355. 292. 289. 295. 299.
  305. 305. 315. 321. 338. 330. 335. 339. 339. 334. 346. 341. 346. 343.
  336. 347. 354. 348. 350. 349. 343. 346. 349. 347. 347. 350.]]
##############################
[[134. 159. 152. 154. 161. 155. 154. 156. 159. 159. 135. 134. 151. 148.
  162. 161. 168. 173. 178. 183. 189. 189. 189. 191. 195. 198. 207. 205.
  206. 204. 200. 203. 200. 203. 206. 205. 212. 206. 204. 199.]
 [500. 500. 450. 450. 450. 450. 450. 450. 450. 450. 450. 449. 449. 448.
  446. 448. 448. 446. 447. 446. 447. 446. 446. 446. 446. 446. 446. 447.
  448. 448. 447. 446. 447. 446. 447. 448. 447. 447. 448. 448.]
 [342. 382. 347. 353. 348. 355. 350. 356. 355. 354. 282. 265. 281. 277.
  298. 294. 295. 303. 306. 310. 314. 316. 320. 321. 324. 336. 339. 342.
  341. 341. 341. 339. 349. 358. 342. 349. 354. 347. 352. 348.]
 [332. 364. 343. 346. 348. 349. 355. 355. 356. 355. 292. 289. 295. 299.
  305. 305. 315. 321. 338. 330. 335. 339. 339. 334. 346. 341. 346. 343.
  336. 347. 354. 348. 350. 349. 343. 346. 349. 347. 347. 350.]]
##############################
[[134. 159. 173. 154. 161. 155. 154. 156. 159. 159. 135. 134. 151. 148.
  162. 161. 168. 173. 178. 183. 189. 189. 189. 191. 195. 198. 207. 205.
  206. 204. 200. 203. 200. 203. 206. 205. 212. 206. 204. 199.]
 [500. 500. 500. 450. 450. 450. 450. 450. 450. 450. 450. 449. 449. 448.
  446. 448. 448. 446. 447. 446. 447. 446. 446. 446. 446. 446. 446. 447.
  448. 448. 447. 446. 447. 446. 447. 448. 447. 447. 448. 448.]
 [342. 382. 389. 353. 348. 355. 350. 356. 355. 354. 282. 265. 281. 277.
  298. 294. 295. 303. 306. 310. 314. 316. 320. 321. 324. 336. 339. 342.
  341. 341. 341. 339. 349. 358. 342. 349. 354. 347. 352. 348.]
 [332. 364. 382. 346. 348. 349. 355. 355. 356. 355. 292. 289. 295. 299.
  305. 305. 315. 321. 338. 330. 335. 339. 339. 334. 346. 341. 346. 343.
  336. 347. 354. 348. 350. 349. 343. 346. 349. 347. 347. 350.]]
##############################
[[134. 159. 173. 173. 161. 155. 154. 156. 159. 159. 135. 134. 151. 148.
  162. 161. 168. 173. 178. 183. 189. 189. 189. 191. 195. 198. 207. 205.
  206. 204. 200. 203. 200. 203. 206. 205. 212. 206. 204. 199.]
 [500. 500. 500. 500. 450. 450. 450. 450. 450. 450. 450. 449. 449. 448.
  446. 448. 448. 446. 447. 446. 447. 446. 446. 446. 446. 446. 446. 447.
  448. 448. 447. 446. 447. 446. 447. 448. 447. 447. 448. 448.]
 [342. 382. 389. 399. 348. 355. 350. 356. 355. 354. 282. 265. 281. 277.
  298. 294. 295. 303. 306. 310. 314. 316. 320. 321. 324. 336. 339. 342.
  341. 341. 341. 339. 349. 358. 342. 349. 354. 347. 352. 348.]
 [332. 364. 382. 388. 348. 349. 355. 355. 356. 355. 292. 289. 295. 299.
  305. 305. 315. 321. 338. 330. 335. 339. 339. 334. 346. 341. 346. 343.
  336. 347. 354. 348. 350. 349. 343. 346. 349. 347. 347. 350.]]
##############################
[[134. 159. 173. 173. 179. 155. 154. 156. 159. 159. 135. 134. 151. 148.
  162. 161. 168. 173. 178. 183. 189. 189. 189. 191. 195. 198. 207. 205.
  206. 204. 200. 203. 200. 203. 206. 205. 212. 206. 204. 199.]
 [500. 500. 500. 500. 500. 450. 450. 450. 450. 450. 450. 449. 449. 448.
  446. 448. 448. 446. 447. 446. 447. 446. 446. 446. 446. 446. 446. 447.
  448. 448. 447. 446. 447. 446. 447. 448. 447. 447. 448. 448.]
 [342. 382. 389. 399. 392. 355. 350. 356. 355. 354. 282. 265. 281. 277.
  298. 294. 295. 303. 306. 310. 314. 316. 320. 321. 324. 336. 339. 342.
  341. 341. 341. 339. 349. 358. 342. 349. 354. 347. 352. 348.]
 [332. 364. 382. 388. 391. 349. 355. 355. 356. 355. 292. 289. 295. 299.
  305. 305. 315. 321. 338. 330. 335. 339. 339. 334. 346. 341. 346. 343.
  336. 347. 354. 348. 350. 349. 343. 346. 349. 347. 347. 350.]]
##############################
[[134. 159. 173. 173. 179. 176. 154. 156. 159. 159. 135. 134. 151. 148.
  162. 161. 168. 173. 178. 183. 189. 189. 189. 191. 195. 198. 207. 205.
  206. 204. 200. 203. 200. 203. 206. 205. 212. 206. 204. 199.]
 [500. 500. 500. 500. 500. 500. 450. 450. 450. 450. 450. 449. 449. 448.
  446. 448. 448. 446. 447. 446. 447. 446. 446. 446. 446. 446. 446. 447.
  448. 448. 447. 446. 447. 446. 447. 448. 447. 447. 448. 448.]
 [342. 382. 389. 399. 392. 402. 350. 356. 355. 354. 282. 265. 281. 277.
  298. 294. 295. 303. 306. 310. 314. 316. 320. 321. 324. 336. 339. 342.
  341. 341. 341. 339. 349. 358. 342. 349. 354. 347. 352. 348.]
 [332. 364. 382. 388. 391. 389. 355. 355. 356. 355. 292. 289. 295. 299.
  305. 305. 315. 321. 338. 330. 335. 339. 339. 334. 346. 341. 346. 343.
  336. 347. 354. 348. 350. 349. 343. 346. 349. 347. 347. 350.]]
##############################
[[134. 159. 173. 173. 179. 176. 174. 156. 159. 159. 135. 134. 151. 148.
  162. 161. 168. 173. 178. 183. 189. 189. 189. 191. 195. 198. 207. 205.
  206. 204. 200. 203. 200. 203. 206. 205. 212. 206. 204. 199.]
 [500. 500. 500. 500. 500. 500. 500. 450. 450. 450. 450. 449. 449. 448.
  446. 448. 448. 446. 447. 446. 447. 446. 446. 446. 446. 446. 446. 447.
  448. 448. 447. 446. 447. 446. 447. 448. 447. 447. 448. 448.]
 [342. 382. 389. 399. 392. 402. 396. 356. 355. 354. 282. 265. 281. 277.
  298. 294. 295. 303. 306. 310. 314. 316. 320. 321. 324. 336. 339. 342.
  341. 341. 341. 339. 349. 358. 342. 349. 354. 347. 352. 348.]
 [332. 364. 382. 388. 391. 389. 396. 355. 356. 355. 292. 289. 295. 299.
  305. 305. 315. 321. 338. 330. 335. 339. 339. 334. 346. 341. 346. 343.
  336. 347. 354. 348. 350. 349. 343. 346. 349. 347. 347. 350.]]
##############################
[[134. 159. 173. 173. 179. 176. 174. 176. 159. 159. 135. 134. 151. 148.
  162. 161. 168. 173. 178. 183. 189. 189. 189. 191. 195. 198. 207. 205.
  206. 204. 200. 203. 200. 203. 206. 205. 212. 206. 204. 199.]
 [500. 500. 500. 500. 500. 500. 500. 500. 450. 450. 450. 449. 449. 448.
  446. 448. 448. 446. 447. 446. 447. 446. 446. 446. 446. 446. 446. 447.
  448. 448. 447. 446. 447. 446. 447. 448. 447. 447. 448. 448.]
 [342. 382. 389. 399. 392. 402. 396. 400. 355. 354. 282. 265. 281. 277.
  298. 294. 295. 303. 306. 310. 314. 316. 320. 321. 324. 336. 339. 342.
  341. 341. 341. 339. 349. 358. 342. 349. 354. 347. 352. 348.]
 [332. 364. 382. 388. 391. 389. 396. 396. 356. 355. 292. 289. 295. 299.
  305. 305. 315. 321. 338. 330. 335. 339. 339. 334. 346. 341. 346. 343.
  336. 347. 354. 348. 350. 349. 343. 346. 349. 347. 347. 350.]]
##############################
[[134. 159. 173. 173. 179. 176. 174. 176. 178. 159. 135. 134. 151. 148.
  162. 161. 168. 173. 178. 183. 189. 189. 189. 191. 195. 198. 207. 205.
  206. 204. 200. 203. 200. 203. 206. 205. 212. 206. 204. 199.]
 [500. 500. 500. 500. 500. 500. 500. 500. 500. 450. 450. 449. 449. 448.
  446. 448. 448. 446. 447. 446. 447. 446. 446. 446. 446. 446. 446. 447.
  448. 448. 447. 446. 447. 446. 447. 448. 447. 447. 448. 448.]
 [342. 382. 389. 399. 392. 402. 396. 400. 399. 354. 282. 265. 281. 277.
  298. 294. 295. 303. 306. 310. 314. 316. 320. 321. 324. 336. 339. 342.
  341. 341. 341. 339. 349. 358. 342. 349. 354. 347. 352. 348.]
 [332. 364. 382. 388. 391. 389. 396. 396. 396. 355. 292. 289. 295. 299.
  305. 305. 315. 321. 338. 330. 335. 339. 339. 334. 346. 341. 346. 343.
  336. 347. 354. 348. 350. 349. 343. 346. 349. 347. 347. 350.]]
##############################
[[134. 159. 173. 173. 179. 176. 174. 176. 178. 178. 135. 134. 151. 148.
  162. 161. 168. 173. 178. 183. 189. 189. 189. 191. 195. 198. 207. 205.
  206. 204. 200. 203. 200. 203. 206. 205. 212. 206. 204. 199.]
 [500. 500. 500. 500. 500. 500. 500. 500. 500. 500. 450. 449. 449. 448.
  446. 448. 448. 446. 447. 446. 447. 446. 446. 446. 446. 446. 446. 447.
  448. 448. 447. 446. 447. 446. 447. 448. 447. 447. 448. 448.]
 [342. 382. 389. 399. 392. 402. 396. 400. 399. 400. 282. 265. 281. 277.
  298. 294. 295. 303. 306. 310. 314. 316. 320. 321. 324. 336. 339. 342.
  341. 341. 341. 339. 349. 358. 342. 349. 354. 347. 352. 348.]
 [332. 364. 382. 388. 391. 389. 396. 396. 396. 397. 292. 289. 295. 299.
  305. 305. 315. 321. 338. 330. 335. 339. 339. 334. 346. 341. 346. 343.
  336. 347. 354. 348. 350. 349. 343. 346. 349. 347. 347. 350.]]
##############################
[[134. 159. 173. 173. 179. 176. 174. 176. 178. 178. 155. 134. 151. 148.
  162. 161. 168. 173. 178. 183. 189. 189. 189. 191. 195. 198. 207. 205.
  206. 204. 200. 203. 200. 203. 206. 205. 212. 206. 204. 199.]
 [500. 500. 500. 500. 500. 500. 500. 500. 500. 500. 500. 449. 449. 448.
  446. 448. 448. 446. 447. 446. 447. 446. 446. 446. 446. 446. 446. 447.
  448. 448. 447. 446. 447. 446. 447. 448. 447. 447. 448. 448.]
 [342. 382. 389. 399. 392. 402. 396. 400. 399. 400. 319. 265. 281. 277.
  298. 294. 295. 303. 306. 310. 314. 316. 320. 321. 324. 336. 339. 342.
  341. 341. 341. 339. 349. 358. 342. 349. 354. 347. 352. 348.]
 [332. 364. 382. 388. 391. 389. 396. 396. 396. 397. 329. 289. 295. 299.
  305. 305. 315. 321. 338. 330. 335. 339. 339. 334. 346. 341. 346. 343.
  336. 347. 354. 348. 350. 349. 343. 346. 349. 347. 347. 350.]]
##############################
[[134. 159. 173. 173. 179. 176. 174. 176. 178. 178. 155. 152. 151. 148.
  162. 161. 168. 173. 178. 183. 189. 189. 189. 191. 195. 198. 207. 205.
  206. 204. 200. 203. 200. 203. 206. 205. 212. 206. 204. 199.]
 [500. 500. 500. 500. 500. 500. 500. 500. 500. 500. 500. 499. 449. 448.
  446. 448. 448. 446. 447. 446. 447. 446. 446. 446. 446. 446. 446. 447.
  448. 448. 447. 446. 447. 446. 447. 448. 447. 447. 448. 448.]
 [342. 382. 389. 399. 392. 402. 396. 400. 399. 400. 319. 299. 281. 277.
  298. 294. 295. 303. 306. 310. 314. 316. 320. 321. 324. 336. 339. 342.
  341. 341. 341. 339. 349. 358. 342. 349. 354. 347. 352. 348.]
 [332. 364. 382. 388. 391. 389. 396. 396. 396. 397. 329. 325. 295. 299.
  305. 305. 315. 321. 338. 330. 335. 339. 339. 334. 346. 341. 346. 343.
  336. 347. 354. 348. 350. 349. 343. 346. 349. 347. 347. 350.]]
##############################
[[134. 159. 173. 173. 179. 176. 174. 176. 178. 178. 155. 152. 173. 148.
  162. 161. 168. 173. 178. 183. 189. 189. 189. 191. 195. 198. 207. 205.
  206. 204. 200. 203. 200. 203. 206. 205. 212. 206. 204. 199.]
 [500. 500. 500. 500. 500. 500. 500. 500. 500. 500. 500. 499. 499. 448.
  446. 448. 448. 446. 447. 446. 447. 446. 446. 446. 446. 446. 446. 447.
  448. 448. 447. 446. 447. 446. 447. 448. 447. 447. 448. 448.]
 [342. 382. 389. 399. 392. 402. 396. 400. 399. 400. 319. 299. 318. 277.
  298. 294. 295. 303. 306. 310. 314. 316. 320. 321. 324. 336. 339. 342.
  341. 341. 341. 339. 349. 358. 342. 349. 354. 347. 352. 348.]
 [332. 364. 382. 388. 391. 389. 396. 396. 396. 397. 329. 325. 333. 299.
  305. 305. 315. 321. 338. 330. 335. 339. 339. 334. 346. 341. 346. 343.
  336. 347. 354. 348. 350. 349. 343. 346. 349. 347. 347. 350.]]
##############################
[[134. 159. 173. 173. 179. 176. 174. 176. 178. 178. 155. 152. 173. 170.
  162. 161. 168. 173. 178. 183. 189. 189. 189. 191. 195. 198. 207. 205.
  206. 204. 200. 203. 200. 203. 206. 205. 212. 206. 204. 199.]
 [500. 500. 500. 500. 500. 500. 500. 500. 500. 500. 500. 499. 499. 498.
  446. 448. 448. 446. 447. 446. 447. 446. 446. 446. 446. 446. 446. 447.
  448. 448. 447. 446. 447. 446. 447. 448. 447. 447. 448. 448.]
 [342. 382. 389. 399. 392. 402. 396. 400. 399. 400. 319. 299. 318. 313.
  298. 294. 295. 303. 306. 310. 314. 316. 320. 321. 324. 336. 339. 342.
  341. 341. 341. 339. 349. 358. 342. 349. 354. 347. 352. 348.]
 [332. 364. 382. 388. 391. 389. 396. 396. 396. 397. 329. 325. 333. 339.
  305. 305. 315. 321. 338. 330. 335. 339. 339. 334. 346. 341. 346. 343.
  336. 347. 354. 348. 350. 349. 343. 346. 349. 347. 347. 350.]]
##############################
[[134. 159. 173. 173. 179. 176. 174. 176. 178. 178. 155. 152. 173. 170.
  182. 161. 168. 173. 178. 183. 189. 189. 189. 191. 195. 198. 207. 205.
  206. 204. 200. 203. 200. 203. 206. 205. 212. 206. 204. 199.]
 [500. 500. 500. 500. 500. 500. 500. 500. 500. 500. 500. 499. 499. 498.
  496. 448. 448. 446. 447. 446. 447. 446. 446. 446. 446. 446. 446. 447.
  448. 448. 447. 446. 447. 446. 447. 448. 447. 447. 448. 448.]
 [342. 382. 389. 399. 392. 402. 396. 400. 399. 400. 319. 299. 318. 313.
  334. 294. 295. 303. 306. 310. 314. 316. 320. 321. 324. 336. 339. 342.
  341. 341. 341. 339. 349. 358. 342. 349. 354. 347. 352. 348.]
 [332. 364. 382. 388. 391. 389. 396. 396. 396. 397. 329. 325. 333. 339.
  345. 305. 315. 321. 338. 330. 335. 339. 339. 334. 346. 341. 346. 343.
  336. 347. 354. 348. 350. 349. 343. 346. 349. 347. 347. 350.]]
##############################
[[134. 159. 173. 173. 179. 176. 174. 176. 178. 178. 155. 152. 173. 170.
  182. 183. 168. 173. 178. 183. 189. 189. 189. 191. 195. 198. 207. 205.
  206. 204. 200. 203. 200. 203. 206. 205. 212. 206. 204. 199.]
 [500. 500. 500. 500. 500. 500. 500. 500. 500. 500. 500. 499. 499. 498.
  496. 498. 448. 446. 447. 446. 447. 446. 446. 446. 446. 446. 446. 447.
  448. 448. 447. 446. 447. 446. 447. 448. 447. 447. 448. 448.]
 [342. 382. 389. 399. 392. 402. 396. 400. 399. 400. 319. 299. 318. 313.
  334. 331. 295. 303. 306. 310. 314. 316. 320. 321. 324. 336. 339. 342.
  341. 341. 341. 339. 349. 358. 342. 349. 354. 347. 352. 348.]
 [332. 364. 382. 388. 391. 389. 396. 396. 396. 397. 329. 325. 333. 339.
  345. 346. 315. 321. 338. 330. 335. 339. 339. 334. 346. 341. 346. 343.
  336. 347. 354. 348. 350. 349. 343. 346. 349. 347. 347. 350.]]
##############################
[[134. 159. 173. 173. 179. 176. 174. 176. 178. 178. 155. 152. 173. 170.
  182. 183. 190. 173. 178. 183. 189. 189. 189. 191. 195. 198. 207. 205.
  206. 204. 200. 203. 200. 203. 206. 205. 212. 206. 204. 199.]
 [500. 500. 500. 500. 500. 500. 500. 500. 500. 500. 500. 499. 499. 498.
  496. 498. 498. 446. 447. 446. 447. 446. 446. 446. 446. 446. 446. 447.
  448. 448. 447. 446. 447. 446. 447. 448. 447. 447. 448. 448.]
 [342. 382. 389. 399. 392. 402. 396. 400. 399. 400. 319. 299. 318. 313.
  334. 331. 333. 303. 306. 310. 314. 316. 320. 321. 324. 336. 339. 342.
  341. 341. 341. 339. 349. 358. 342. 349. 354. 347. 352. 348.]
 [332. 364. 382. 388. 391. 389. 396. 396. 396. 397. 329. 325. 333. 339.
  345. 346. 354. 321. 338. 330. 335. 339. 339. 334. 346. 341. 346. 343.
  336. 347. 354. 348. 350. 349. 343. 346. 349. 347. 347. 350.]]
##############################
[[134. 159. 173. 173. 179. 176. 174. 176. 178. 178. 155. 152. 173. 170.
  182. 183. 190. 198. 178. 183. 189. 189. 189. 191. 195. 198. 207. 205.
  206. 204. 200. 203. 200. 203. 206. 205. 212. 206. 204. 199.]
 [500. 500. 500. 500. 500. 500. 500. 500. 500. 500. 500. 499. 499. 498.
  496. 498. 498. 496. 447. 446. 447. 446. 446. 446. 446. 446. 446. 447.
  448. 448. 447. 446. 447. 446. 447. 448. 447. 447. 448. 448.]
 [342. 382. 389. 399. 392. 402. 396. 400. 399. 400. 319. 299. 318. 313.
  334. 331. 333. 341. 306. 310. 314. 316. 320. 321. 324. 336. 339. 342.
  341. 341. 341. 339. 349. 358. 342. 349. 354. 347. 352. 348.]
 [332. 364. 382. 388. 391. 389. 396. 396. 396. 397. 329. 325. 333. 339.
  345. 346. 354. 361. 338. 330. 335. 339. 339. 334. 346. 341. 346. 343.
  336. 347. 354. 348. 350. 349. 343. 346. 349. 347. 347. 350.]]
##############################
[[134. 159. 173. 173. 179. 176. 174. 176. 178. 178. 155. 152. 173. 170.
  182. 183. 190. 198. 202. 183. 189. 189. 189. 191. 195. 198. 207. 205.
  206. 204. 200. 203. 200. 203. 206. 205. 212. 206. 204. 199.]
 [500. 500. 500. 500. 500. 500. 500. 500. 500. 500. 500. 499. 499. 498.
  496. 498. 498. 496. 497. 446. 447. 446. 446. 446. 446. 446. 446. 447.
  448. 448. 447. 446. 447. 446. 447. 448. 447. 447. 448. 448.]
 [342. 382. 389. 399. 392. 402. 396. 400. 399. 400. 319. 299. 318. 313.
  334. 331. 333. 341. 344. 310. 314. 316. 320. 321. 324. 336. 339. 342.
  341. 341. 341. 339. 349. 358. 342. 349. 354. 347. 352. 348.]
 [332. 364. 382. 388. 391. 389. 396. 396. 396. 397. 329. 325. 333. 339.
  345. 346. 354. 361. 377. 330. 335. 339. 339. 334. 346. 341. 346. 343.
  336. 347. 354. 348. 350. 349. 343. 346. 349. 347. 347. 350.]]
##############################
[[134. 159. 173. 173. 179. 176. 174. 176. 178. 178. 155. 152. 173. 170.
  182. 183. 190. 198. 202. 207. 189. 189. 189. 191. 195. 198. 207. 205.
  206. 204. 200. 203. 200. 203. 206. 205. 212. 206. 204. 199.]
 [500. 500. 500. 500. 500. 500. 500. 500. 500. 500. 500. 499. 499. 498.
  496. 498. 498. 496. 497. 496. 447. 446. 446. 446. 446. 446. 446. 447.
  448. 448. 447. 446. 447. 446. 447. 448. 447. 447. 448. 448.]
 [342. 382. 389. 399. 392. 402. 396. 400. 399. 400. 319. 299. 318. 313.
  334. 331. 333. 341. 344. 349. 314. 316. 320. 321. 324. 336. 339. 342.
  341. 341. 341. 339. 349. 358. 342. 349. 354. 347. 352. 348.]
 [332. 364. 382. 388. 391. 389. 396. 396. 396. 397. 329. 325. 333. 339.
  345. 346. 354. 361. 377. 370. 335. 339. 339. 334. 346. 341. 346. 343.
  336. 347. 354. 348. 350. 349. 343. 346. 349. 347. 347. 350.]]
##############################
[[134. 159. 173. 173. 179. 176. 174. 176. 178. 178. 155. 152. 173. 170.
  182. 183. 190. 198. 202. 207. 214. 189. 189. 191. 195. 198. 207. 205.
  206. 204. 200. 203. 200. 203. 206. 205. 212. 206. 204. 199.]
 [500. 500. 500. 500. 500. 500. 500. 500. 500. 500. 500. 499. 499. 498.
  496. 498. 498. 496. 497. 496. 497. 446. 446. 446. 446. 446. 446. 447.
  448. 448. 447. 446. 447. 446. 447. 448. 447. 447. 448. 448.]
 [342. 382. 389. 399. 392. 402. 396. 400. 399. 400. 319. 299. 318. 313.
  334. 331. 333. 341. 344. 349. 353. 316. 320. 321. 324. 336. 339. 342.
  341. 341. 341. 339. 349. 358. 342. 349. 354. 347. 352. 348.]
 [332. 364. 382. 388. 391. 389. 396. 396. 396. 397. 329. 325. 333. 339.
  345. 346. 354. 361. 377. 370. 374. 339. 339. 334. 346. 341. 346. 343.
  336. 347. 354. 348. 350. 349. 343. 346. 349. 347. 347. 350.]]
##############################
[[134. 159. 173. 173. 179. 176. 174. 176. 178. 178. 155. 152. 173. 170.
  182. 183. 190. 198. 202. 207. 214. 214. 189. 191. 195. 198. 207. 205.
  206. 204. 200. 203. 200. 203. 206. 205. 212. 206. 204. 199.]
 [500. 500. 500. 500. 500. 500. 500. 500. 500. 500. 500. 499. 499. 498.
  496. 498. 498. 496. 497. 496. 497. 496. 446. 446. 446. 446. 446. 447.
  448. 448. 447. 446. 447. 446. 447. 448. 447. 447. 448. 448.]
 [342. 382. 389. 399. 392. 402. 396. 400. 399. 400. 319. 299. 318. 313.
  334. 331. 333. 341. 344. 349. 353. 356. 320. 321. 324. 336. 339. 342.
  341. 341. 341. 339. 349. 358. 342. 349. 354. 347. 352. 348.]
 [332. 364. 382. 388. 391. 389. 396. 396. 396. 397. 329. 325. 333. 339.
  345. 346. 354. 361. 377. 370. 374. 378. 339. 334. 346. 341. 346. 343.
  336. 347. 354. 348. 350. 349. 343. 346. 349. 347. 347. 350.]]
##############################
[[134. 159. 173. 173. 179. 176. 174. 176. 178. 178. 155. 152. 173. 170.
  182. 183. 190. 198. 202. 207. 214. 214. 212. 191. 195. 198. 207. 205.
  206. 204. 200. 203. 200. 203. 206. 205. 212. 206. 204. 199.]
 [500. 500. 500. 500. 500. 500. 500. 500. 500. 500. 500. 499. 499. 498.
  496. 498. 498. 496. 497. 496. 497. 496. 496. 446. 446. 446. 446. 447.
  448. 448. 447. 446. 447. 446. 447. 448. 447. 447. 448. 448.]
 [342. 382. 389. 399. 392. 402. 396. 400. 399. 400. 319. 299. 318. 313.
  334. 331. 333. 341. 344. 349. 353. 356. 359. 321. 324. 336. 339. 342.
  341. 341. 341. 339. 349. 358. 342. 349. 354. 347. 352. 348.]
 [332. 364. 382. 388. 391. 389. 396. 396. 396. 397. 329. 325. 333. 339.
  345. 346. 354. 361. 377. 370. 374. 378. 378. 334. 346. 341. 346. 343.
  336. 347. 354. 348. 350. 349. 343. 346. 349. 347. 347. 350.]]
##############################
[[134. 159. 173. 173. 179. 176. 174. 176. 178. 178. 155. 152. 173. 170.
  182. 183. 190. 198. 202. 207. 214. 214. 212. 217. 195. 198. 207. 205.
  206. 204. 200. 203. 200. 203. 206. 205. 212. 206. 204. 199.]
 [500. 500. 500. 500. 500. 500. 500. 500. 500. 500. 500. 499. 499. 498.
  496. 498. 498. 496. 497. 496. 497. 496. 496. 496. 446. 446. 446. 447.
  448. 448. 447. 446. 447. 446. 447. 448. 447. 447. 448. 448.]
 [342. 382. 389. 399. 392. 402. 396. 400. 399. 400. 319. 299. 318. 313.
  334. 331. 333. 341. 344. 349. 353. 356. 359. 361. 324. 336. 339. 342.
  341. 341. 341. 339. 349. 358. 342. 349. 354. 347. 352. 348.]
 [332. 364. 382. 388. 391. 389. 396. 396. 396. 397. 329. 325. 333. 339.
  345. 346. 354. 361. 377. 370. 374. 378. 378. 372. 346. 341. 346. 343.
  336. 347. 354. 348. 350. 349. 343. 346. 349. 347. 347. 350.]]
##############################
[[134. 159. 173. 173. 179. 176. 174. 176. 178. 178. 155. 152. 173. 170.
  182. 183. 190. 198. 202. 207. 214. 214. 212. 217. 223. 198. 207. 205.
  206. 204. 200. 203. 200. 203. 206. 205. 212. 206. 204. 199.]
 [500. 500. 500. 500. 500. 500. 500. 500. 500. 500. 500. 499. 499. 498.
  496. 498. 498. 496. 497. 496. 497. 496. 496. 496. 496. 446. 446. 447.
  448. 448. 447. 446. 447. 446. 447. 448. 447. 447. 448. 448.]
 [342. 382. 389. 399. 392. 402. 396. 400. 399. 400. 319. 299. 318. 313.
  334. 331. 333. 341. 344. 349. 353. 356. 359. 361. 362. 336. 339. 342.
  341. 341. 341. 339. 349. 358. 342. 349. 354. 347. 352. 348.]
 [332. 364. 382. 388. 391. 389. 396. 396. 396. 397. 329. 325. 333. 339.
  345. 346. 354. 361. 377. 370. 374. 378. 378. 372. 387. 341. 346. 343.
  336. 347. 354. 348. 350. 349. 343. 346. 349. 347. 347. 350.]]
##############################
[[134. 159. 173. 173. 179. 176. 174. 176. 178. 178. 155. 152. 173. 170.
  182. 183. 190. 198. 202. 207. 214. 214. 212. 217. 223. 224. 207. 205.
  206. 204. 200. 203. 200. 203. 206. 205. 212. 206. 204. 199.]
 [500. 500. 500. 500. 500. 500. 500. 500. 500. 500. 500. 499. 499. 498.
  496. 498. 498. 496. 497. 496. 497. 496. 496. 496. 496. 496. 446. 447.
  448. 448. 447. 446. 447. 446. 447. 448. 447. 447. 448. 448.]
 [342. 382. 389. 399. 392. 402. 396. 400. 399. 400. 319. 299. 318. 313.
  334. 331. 333. 341. 344. 349. 353. 356. 359. 361. 362. 375. 339. 342.
  341. 341. 341. 339. 349. 358. 342. 349. 354. 347. 352. 348.]
 [332. 364. 382. 388. 391. 389. 396. 396. 396. 397. 329. 325. 333. 339.
  345. 346. 354. 361. 377. 370. 374. 378. 378. 372. 387. 379. 346. 343.
  336. 347. 354. 348. 350. 349. 343. 346. 349. 347. 347. 350.]]
##############################
[[134. 159. 173. 173. 179. 176. 174. 176. 178. 178. 155. 152. 173. 170.
  182. 183. 190. 198. 202. 207. 214. 214. 212. 217. 223. 224. 232. 205.
  206. 204. 200. 203. 200. 203. 206. 205. 212. 206. 204. 199.]
 [500. 500. 500. 500. 500. 500. 500. 500. 500. 500. 500. 499. 499. 498.
  496. 498. 498. 496. 497. 496. 497. 496. 496. 496. 496. 496. 496. 447.
  448. 448. 447. 446. 447. 446. 447. 448. 447. 447. 448. 448.]
 [342. 382. 389. 399. 392. 402. 396. 400. 399. 400. 319. 299. 318. 313.
  334. 331. 333. 341. 344. 349. 353. 356. 359. 361. 362. 375. 379. 342.
  341. 341. 341. 339. 349. 358. 342. 349. 354. 347. 352. 348.]
 [332. 364. 382. 388. 391. 389. 396. 396. 396. 397. 329. 325. 333. 339.
  345. 346. 354. 361. 377. 370. 374. 378. 378. 372. 387. 379. 387. 343.
  336. 347. 354. 348. 350. 349. 343. 346. 349. 347. 347. 350.]]
##############################
[[134. 159. 173. 173. 179. 176. 174. 176. 178. 178. 155. 152. 173. 170.
  182. 183. 190. 198. 202. 207. 214. 214. 212. 217. 223. 224. 232. 231.
  206. 204. 200. 203. 200. 203. 206. 205. 212. 206. 204. 199.]
 [500. 500. 500. 500. 500. 500. 500. 500. 500. 500. 500. 499. 499. 498.
  496. 498. 498. 496. 497. 496. 497. 496. 496. 496. 496. 496. 496. 497.
  448. 448. 447. 446. 447. 446. 447. 448. 447. 447. 448. 448.]
 [342. 382. 389. 399. 392. 402. 396. 400. 399. 400. 319. 299. 318. 313.
  334. 331. 333. 341. 344. 349. 353. 356. 359. 361. 362. 375. 379. 382.
  341. 341. 341. 339. 349. 358. 342. 349. 354. 347. 352. 348.]
 [332. 364. 382. 388. 391. 389. 396. 396. 396. 397. 329. 325. 333. 339.
  345. 346. 354. 361. 377. 370. 374. 378. 378. 372. 387. 379. 387. 386.
  336. 347. 354. 348. 350. 349. 343. 346. 349. 347. 347. 350.]]
##############################
[[134. 159. 173. 173. 179. 176. 174. 176. 178. 178. 155. 152. 173. 170.
  182. 183. 190. 198. 202. 207. 214. 214. 212. 217. 223. 224. 232. 231.
  233. 204. 200. 203. 200. 203. 206. 205. 212. 206. 204. 199.]
 [500. 500. 500. 500. 500. 500. 500. 500. 500. 500. 500. 499. 499. 498.
  496. 498. 498. 496. 497. 496. 497. 496. 496. 496. 496. 496. 496. 497.
  498. 448. 447. 446. 447. 446. 447. 448. 447. 447. 448. 448.]
 [342. 382. 389. 399. 392. 402. 396. 400. 399. 400. 319. 299. 318. 313.
  334. 331. 333. 341. 344. 349. 353. 356. 359. 361. 362. 375. 379. 382.
  383. 341. 341. 339. 349. 358. 342. 349. 354. 347. 352. 348.]
 [332. 364. 382. 388. 391. 389. 396. 396. 396. 397. 329. 325. 333. 339.
  345. 346. 354. 361. 377. 370. 374. 378. 378. 372. 387. 379. 387. 386.
  378. 347. 354. 348. 350. 349. 343. 346. 349. 347. 347. 350.]]
##############################
[[134. 159. 173. 173. 179. 176. 174. 176. 178. 178. 155. 152. 173. 170.
  182. 183. 190. 198. 202. 207. 214. 214. 212. 217. 223. 224. 232. 231.
  233. 233. 200. 203. 200. 203. 206. 205. 212. 206. 204. 199.]
 [500. 500. 500. 500. 500. 500. 500. 500. 500. 500. 500. 499. 499. 498.
  496. 498. 498. 496. 497. 496. 497. 496. 496. 496. 496. 496. 496. 497.
  498. 498. 447. 446. 447. 446. 447. 448. 447. 447. 448. 448.]
 [342. 382. 389. 399. 392. 402. 396. 400. 399. 400. 319. 299. 318. 313.
  334. 331. 333. 341. 344. 349. 353. 356. 359. 361. 362. 375. 379. 382.
  383. 380. 341. 339. 349. 358. 342. 349. 354. 347. 352. 348.]
 [332. 364. 382. 388. 391. 389. 396. 396. 396. 397. 329. 325. 333. 339.
  345. 346. 354. 361. 377. 370. 374. 378. 378. 372. 387. 379. 387. 386.
  378. 390. 354. 348. 350. 349. 343. 346. 349. 347. 347. 350.]]
##############################
[[134. 159. 173. 173. 179. 176. 174. 176. 178. 178. 155. 152. 173. 170.
  182. 183. 190. 198. 202. 207. 214. 214. 212. 217. 223. 224. 232. 231.
  233. 233. 228. 203. 200. 203. 206. 205. 212. 206. 204. 199.]
 [500. 500. 500. 500. 500. 500. 500. 500. 500. 500. 500. 499. 499. 498.
  496. 498. 498. 496. 497. 496. 497. 496. 496. 496. 496. 496. 496. 497.
  498. 498. 497. 446. 447. 446. 447. 448. 447. 447. 448. 448.]
 [342. 382. 389. 399. 392. 402. 396. 400. 399. 400. 319. 299. 318. 313.
  334. 331. 333. 341. 344. 349. 353. 356. 359. 361. 362. 375. 379. 382.
  383. 380. 382. 339. 349. 358. 342. 349. 354. 347. 352. 348.]
 [332. 364. 382. 388. 391. 389. 396. 396. 396. 397. 329. 325. 333. 339.
  345. 346. 354. 361. 377. 370. 374. 378. 378. 372. 387. 379. 387. 386.
  378. 390. 396. 348. 350. 349. 343. 346. 349. 347. 347. 350.]]
##############################
[[134. 159. 173. 173. 179. 176. 174. 176. 178. 178. 155. 152. 173. 170.
  182. 183. 190. 198. 202. 207. 214. 214. 212. 217. 223. 224. 232. 231.
  233. 233. 228. 232. 200. 203. 206. 205. 212. 206. 204. 199.]
 [500. 500. 500. 500. 500. 500. 500. 500. 500. 500. 500. 499. 499. 498.
  496. 498. 498. 496. 497. 496. 497. 496. 496. 496. 496. 496. 496. 497.
  498. 498. 497. 496. 447. 446. 447. 448. 447. 447. 448. 448.]
 [342. 382. 389. 399. 392. 402. 396. 400. 399. 400. 319. 299. 318. 313.
  334. 331. 333. 341. 344. 349. 353. 356. 359. 361. 362. 375. 379. 382.
  383. 380. 382. 382. 349. 358. 342. 349. 354. 347. 352. 348.]
 [332. 364. 382. 388. 391. 389. 396. 396. 396. 397. 329. 325. 333. 339.
  345. 346. 354. 361. 377. 370. 374. 378. 378. 372. 387. 379. 387. 386.
  378. 390. 396. 392. 350. 349. 343. 346. 349. 347. 347. 350.]]
##############################
[[134. 159. 173. 173. 179. 176. 174. 176. 178. 178. 155. 152. 173. 170.
  182. 183. 190. 198. 202. 207. 214. 214. 212. 217. 223. 224. 232. 231.
  233. 233. 228. 232. 228. 203. 206. 205. 212. 206. 204. 199.]
 [500. 500. 500. 500. 500. 500. 500. 500. 500. 500. 500. 499. 499. 498.
  496. 498. 498. 496. 497. 496. 497. 496. 496. 496. 496. 496. 496. 497.
  498. 498. 497. 496. 497. 446. 447. 448. 447. 447. 448. 448.]
 [342. 382. 389. 399. 392. 402. 396. 400. 399. 400. 319. 299. 318. 313.
  334. 331. 333. 341. 344. 349. 353. 356. 359. 361. 362. 375. 379. 382.
  383. 380. 382. 382. 393. 358. 342. 349. 354. 347. 352. 348.]
 [332. 364. 382. 388. 391. 389. 396. 396. 396. 397. 329. 325. 333. 339.
  345. 346. 354. 361. 377. 370. 374. 378. 378. 372. 387. 379. 387. 386.
  378. 390. 396. 392. 395. 349. 343. 346. 349. 347. 347. 350.]]
##############################
[[134. 159. 173. 173. 179. 176. 174. 176. 178. 178. 155. 152. 173. 170.
  182. 183. 190. 198. 202. 207. 214. 214. 212. 217. 223. 224. 232. 231.
  233. 233. 228. 232. 228. 233. 206. 205. 212. 206. 204. 199.]
 [500. 500. 500. 500. 500. 500. 500. 500. 500. 500. 500. 499. 499. 498.
  496. 498. 498. 496. 497. 496. 497. 496. 496. 496. 496. 496. 496. 497.
  498. 498. 497. 496. 497. 496. 447. 448. 447. 447. 448. 448.]
 [342. 382. 389. 399. 392. 402. 396. 400. 399. 400. 319. 299. 318. 313.
  334. 331. 333. 341. 344. 349. 353. 356. 359. 361. 362. 375. 379. 382.
  383. 380. 382. 382. 393. 401. 342. 349. 354. 347. 352. 348.]
 [332. 364. 382. 388. 391. 389. 396. 396. 396. 397. 329. 325. 333. 339.
  345. 346. 354. 361. 377. 370. 374. 378. 378. 372. 387. 379. 387. 386.
  378. 390. 396. 392. 395. 394. 343. 346. 349. 347. 347. 350.]]
##############################
[[134. 159. 173. 173. 179. 176. 174. 176. 178. 178. 155. 152. 173. 170.
  182. 183. 190. 198. 202. 207. 214. 214. 212. 217. 223. 224. 232. 231.
  233. 233. 228. 232. 228. 233. 236. 205. 212. 206. 204. 199.]
 [500. 500. 500. 500. 500. 500. 500. 500. 500. 500. 500. 499. 499. 498.
  496. 498. 498. 496. 497. 496. 497. 496. 496. 496. 496. 496. 496. 497.
  498. 498. 497. 496. 497. 496. 497. 448. 447. 447. 448. 448.]
 [342. 382. 389. 399. 392. 402. 396. 400. 399. 400. 319. 299. 318. 313.
  334. 331. 333. 341. 344. 349. 353. 356. 359. 361. 362. 375. 379. 382.
  383. 380. 382. 382. 393. 401. 383. 349. 354. 347. 352. 348.]
 [332. 364. 382. 388. 391. 389. 396. 396. 396. 397. 329. 325. 333. 339.
  345. 346. 354. 361. 377. 370. 374. 378. 378. 372. 387. 379. 387. 386.
  378. 390. 396. 392. 395. 394. 388. 346. 349. 347. 347. 350.]]
##############################
[[134. 159. 173. 173. 179. 176. 174. 176. 178. 178. 155. 152. 173. 170.
  182. 183. 190. 198. 202. 207. 214. 214. 212. 217. 223. 224. 232. 231.
  233. 233. 228. 232. 228. 233. 236. 235. 212. 206. 204. 199.]
 [500. 500. 500. 500. 500. 500. 500. 500. 500. 500. 500. 499. 499. 498.
  496. 498. 498. 496. 497. 496. 497. 496. 496. 496. 496. 496. 496. 497.
  498. 498. 497. 496. 497. 496. 497. 498. 447. 447. 448. 448.]
 [342. 382. 389. 399. 392. 402. 396. 400. 399. 400. 319. 299. 318. 313.
  334. 331. 333. 341. 344. 349. 353. 356. 359. 361. 362. 375. 379. 382.
  383. 380. 382. 382. 393. 401. 383. 394. 354. 347. 352. 348.]
 [332. 364. 382. 388. 391. 389. 396. 396. 396. 397. 329. 325. 333. 339.
  345. 346. 354. 361. 377. 370. 374. 378. 378. 372. 387. 379. 387. 386.
  378. 390. 396. 392. 395. 394. 388. 392. 349. 347. 347. 350.]]
##############################
[[134. 159. 173. 173. 179. 176. 174. 176. 178. 178. 155. 152. 173. 170.
  182. 183. 190. 198. 202. 207. 214. 214. 212. 217. 223. 224. 232. 231.
  233. 233. 228. 232. 228. 233. 236. 235. 243. 206. 204. 199.]
 [500. 500. 500. 500. 500. 500. 500. 500. 500. 500. 500. 499. 499. 498.
  496. 498. 498. 496. 497. 496. 497. 496. 496. 496. 496. 496. 496. 497.
  498. 498. 497. 496. 497. 496. 497. 498. 497. 447. 448. 448.]
 [342. 382. 389. 399. 392. 402. 396. 400. 399. 400. 319. 299. 318. 313.
  334. 331. 333. 341. 344. 349. 353. 356. 359. 361. 362. 375. 379. 382.
  383. 380. 382. 382. 393. 401. 383. 394. 398. 347. 352. 348.]
 [332. 364. 382. 388. 391. 389. 396. 396. 396. 397. 329. 325. 333. 339.
  345. 346. 354. 361. 377. 370. 374. 378. 378. 372. 387. 379. 387. 386.
  378. 390. 396. 392. 395. 394. 388. 392. 392. 347. 347. 350.]]
##############################
[[134. 159. 173. 173. 179. 176. 174. 176. 178. 178. 155. 152. 173. 170.
  182. 183. 190. 198. 202. 207. 214. 214. 212. 217. 223. 224. 232. 231.
  233. 233. 228. 232. 228. 233. 236. 235. 243. 233. 204. 199.]
 [500. 500. 500. 500. 500. 500. 500. 500. 500. 500. 500. 499. 499. 498.
  496. 498. 498. 496. 497. 496. 497. 496. 496. 496. 496. 496. 496. 497.
  498. 498. 497. 496. 497. 496. 497. 498. 497. 497. 448. 448.]
 [342. 382. 389. 399. 392. 402. 396. 400. 399. 400. 319. 299. 318. 313.
  334. 331. 333. 341. 344. 349. 353. 356. 359. 361. 362. 375. 379. 382.
  383. 380. 382. 382. 393. 401. 383. 394. 398. 392. 352. 348.]
 [332. 364. 382. 388. 391. 389. 396. 396. 396. 397. 329. 325. 333. 339.
  345. 346. 354. 361. 377. 370. 374. 378. 378. 372. 387. 379. 387. 386.
  378. 390. 396. 392. 395. 394. 388. 392. 392. 392. 347. 350.]]
##############################
[[134. 159. 173. 173. 179. 176. 174. 176. 178. 178. 155. 152. 173. 170.
  182. 183. 190. 198. 202. 207. 214. 214. 212. 217. 223. 224. 232. 231.
  233. 233. 228. 232. 228. 233. 236. 235. 243. 233. 233. 199.]
 [500. 500. 500. 500. 500. 500. 500. 500. 500. 500. 500. 499. 499. 498.
  496. 498. 498. 496. 497. 496. 497. 496. 496. 496. 496. 496. 496. 497.
  498. 498. 497. 496. 497. 496. 497. 498. 497. 497. 498. 448.]
 [342. 382. 389. 399. 392. 402. 396. 400. 399. 400. 319. 299. 318. 313.
  334. 331. 333. 341. 344. 349. 353. 356. 359. 361. 362. 375. 379. 382.
  383. 380. 382. 382. 393. 401. 383. 394. 398. 392. 395. 348.]
 [332. 364. 382. 388. 391. 389. 396. 396. 396. 397. 329. 325. 333. 339.
  345. 346. 354. 361. 377. 370. 374. 378. 378. 372. 387. 379. 387. 386.
  378. 390. 396. 392. 395. 394. 388. 392. 392. 392. 393. 350.]]
##############################
[[134. 159. 173. 173. 179. 176. 174. 176. 178. 178. 155. 152. 173. 170.
  182. 183. 190. 198. 202. 207. 214. 214. 212. 217. 223. 224. 232. 231.
  233. 233. 228. 232. 228. 233. 236. 235. 243. 233. 233. 228.]
 [500. 500. 500. 500. 500. 500. 500. 500. 500. 500. 500. 499. 499. 498.
  496. 498. 498. 496. 497. 496. 497. 496. 496. 496. 496. 496. 496. 497.
  498. 498. 497. 496. 497. 496. 497. 498. 497. 497. 498. 498.]
 [342. 382. 389. 399. 392. 402. 396. 400. 399. 400. 319. 299. 318. 313.
  334. 331. 333. 341. 344. 349. 353. 356. 359. 361. 362. 375. 379. 382.
  383. 380. 382. 382. 393. 401. 383. 394. 398. 392. 395. 394.]
 [332. 364. 382. 388. 391. 389. 396. 396. 396. 397. 329. 325. 333. 339.
  345. 346. 354. 361. 377. 370. 374. 378. 378. 372. 387. 379. 387. 386.
  378. 390. 396. 392. 395. 394. 388. 392. 392. 392. 393. 393.]]
##############################
##################################################
##################################################
starting :11 batch
[[150. 159. 173. 173. 179. 176. 174. 176. 178. 178. 155. 152. 173. 170.
  182. 183. 190. 198. 202. 207. 214. 214. 212. 217. 223. 224. 232. 231.
  233. 233. 228. 232. 228. 233. 236. 235. 243. 233. 233. 228.]
 [550. 500. 500. 500. 500. 500. 500. 500. 500. 500. 500. 499. 499. 498.
  496. 498. 498. 496. 497. 496. 497. 496. 496. 496. 496. 496. 496. 497.
  498. 498. 497. 496. 497. 496. 497. 498. 497. 497. 498. 498.]
 [379. 382. 389. 399. 392. 402. 396. 400. 399. 400. 319. 299. 318. 313.
  334. 331. 333. 341. 344. 349. 353. 356. 359. 361. 362. 375. 379. 382.
  383. 380. 382. 382. 393. 401. 383. 394. 398. 392. 395. 394.]
 [370. 364. 382. 388. 391. 389. 396. 396. 396. 397. 329. 325. 333. 339.
  345. 346. 354. 361. 377. 370. 374. 378. 378. 372. 387. 379. 387. 386.
  378. 390. 396. 392. 395. 394. 388. 392. 392. 392. 393. 393.]]
##############################
[[150. 177. 173. 173. 179. 176. 174. 176. 178. 178. 155. 152. 173. 170.
  182. 183. 190. 198. 202. 207. 214. 214. 212. 217. 223. 224. 232. 231.
  233. 233. 228. 232. 228. 233. 236. 235. 243. 233. 233. 228.]
 [550. 550. 500. 500. 500. 500. 500. 500. 500. 500. 500. 499. 499. 498.
  496. 498. 498. 496. 497. 496. 497. 496. 496. 496. 496. 496. 496. 497.
  498. 498. 497. 496. 497. 496. 497. 498. 497. 497. 498. 498.]
 [379. 422. 389. 399. 392. 402. 396. 400. 399. 400. 319. 299. 318. 313.
  334. 331. 333. 341. 344. 349. 353. 356. 359. 361. 362. 375. 379. 382.
  383. 380. 382. 382. 393. 401. 383. 394. 398. 392. 395. 394.]
 [370. 403. 382. 388. 391. 389. 396. 396. 396. 397. 329. 325. 333. 339.
  345. 346. 354. 361. 377. 370. 374. 378. 378. 372. 387. 379. 387. 386.
  378. 390. 396. 392. 395. 394. 388. 392. 392. 392. 393. 393.]]
##############################
[[150. 177. 190. 173. 179. 176. 174. 176. 178. 178. 155. 152. 173. 170.
  182. 183. 190. 198. 202. 207. 214. 214. 212. 217. 223. 224. 232. 231.
  233. 233. 228. 232. 228. 233. 236. 235. 243. 233. 233. 228.]
 [550. 550. 550. 500. 500. 500. 500. 500. 500. 500. 500. 499. 499. 498.
  496. 498. 498. 496. 497. 496. 497. 496. 496. 496. 496. 496. 496. 497.
  498. 498. 497. 496. 497. 496. 497. 498. 497. 497. 498. 498.]
 [379. 422. 428. 399. 392. 402. 396. 400. 399. 400. 319. 299. 318. 313.
  334. 331. 333. 341. 344. 349. 353. 356. 359. 361. 362. 375. 379. 382.
  383. 380. 382. 382. 393. 401. 383. 394. 398. 392. 395. 394.]
 [370. 403. 420. 388. 391. 389. 396. 396. 396. 397. 329. 325. 333. 339.
  345. 346. 354. 361. 377. 370. 374. 378. 378. 372. 387. 379. 387. 386.
  378. 390. 396. 392. 395. 394. 388. 392. 392. 392. 393. 393.]]
##############################
[[150. 177. 190. 191. 179. 176. 174. 176. 178. 178. 155. 152. 173. 170.
  182. 183. 190. 198. 202. 207. 214. 214. 212. 217. 223. 224. 232. 231.
  233. 233. 228. 232. 228. 233. 236. 235. 243. 233. 233. 228.]
 [550. 550. 550. 550. 500. 500. 500. 500. 500. 500. 500. 499. 499. 498.
  496. 498. 498. 496. 497. 496. 497. 496. 496. 496. 496. 496. 496. 497.
  498. 498. 497. 496. 497. 496. 497. 498. 497. 497. 498. 498.]
 [379. 422. 428. 439. 392. 402. 396. 400. 399. 400. 319. 299. 318. 313.
  334. 331. 333. 341. 344. 349. 353. 356. 359. 361. 362. 375. 379. 382.
  383. 380. 382. 382. 393. 401. 383. 394. 398. 392. 395. 394.]
 [370. 403. 420. 427. 391. 389. 396. 396. 396. 397. 329. 325. 333. 339.
  345. 346. 354. 361. 377. 370. 374. 378. 378. 372. 387. 379. 387. 386.
  378. 390. 396. 392. 395. 394. 388. 392. 392. 392. 393. 393.]]
##############################
[[150. 177. 190. 191. 198. 176. 174. 176. 178. 178. 155. 152. 173. 170.
  182. 183. 190. 198. 202. 207. 214. 214. 212. 217. 223. 224. 232. 231.
  233. 233. 228. 232. 228. 233. 236. 235. 243. 233. 233. 228.]
 [550. 550. 550. 550. 550. 500. 500. 500. 500. 500. 500. 499. 499. 498.
  496. 498. 498. 496. 497. 496. 497. 496. 496. 496. 496. 496. 496. 497.
  498. 498. 497. 496. 497. 496. 497. 498. 497. 497. 498. 498.]
 [379. 422. 428. 439. 431. 402. 396. 400. 399. 400. 319. 299. 318. 313.
  334. 331. 333. 341. 344. 349. 353. 356. 359. 361. 362. 375. 379. 382.
  383. 380. 382. 382. 393. 401. 383. 394. 398. 392. 395. 394.]
 [370. 403. 420. 427. 431. 389. 396. 396. 396. 397. 329. 325. 333. 339.
  345. 346. 354. 361. 377. 370. 374. 378. 378. 372. 387. 379. 387. 386.
  378. 390. 396. 392. 395. 394. 388. 392. 392. 392. 393. 393.]]
##############################
[[150. 177. 190. 191. 198. 194. 174. 176. 178. 178. 155. 152. 173. 170.
  182. 183. 190. 198. 202. 207. 214. 214. 212. 217. 223. 224. 232. 231.
  233. 233. 228. 232. 228. 233. 236. 235. 243. 233. 233. 228.]
 [550. 550. 550. 550. 550. 550. 500. 500. 500. 500. 500. 499. 499. 498.
  496. 498. 498. 496. 497. 496. 497. 496. 496. 496. 496. 496. 496. 497.
  498. 498. 497. 496. 497. 496. 497. 498. 497. 497. 498. 498.]
 [379. 422. 428. 439. 431. 442. 396. 400. 399. 400. 319. 299. 318. 313.
  334. 331. 333. 341. 344. 349. 353. 356. 359. 361. 362. 375. 379. 382.
  383. 380. 382. 382. 393. 401. 383. 394. 398. 392. 395. 394.]
 [370. 403. 420. 427. 431. 426. 396. 396. 396. 397. 329. 325. 333. 339.
  345. 346. 354. 361. 377. 370. 374. 378. 378. 372. 387. 379. 387. 386.
  378. 390. 396. 392. 395. 394. 388. 392. 392. 392. 393. 393.]]
##############################
[[150. 177. 190. 191. 198. 194. 191. 176. 178. 178. 155. 152. 173. 170.
  182. 183. 190. 198. 202. 207. 214. 214. 212. 217. 223. 224. 232. 231.
  233. 233. 228. 232. 228. 233. 236. 235. 243. 233. 233. 228.]
 [550. 550. 550. 550. 550. 550. 550. 500. 500. 500. 500. 499. 499. 498.
  496. 498. 498. 496. 497. 496. 497. 496. 496. 496. 496. 496. 496. 497.
  498. 498. 497. 496. 497. 496. 497. 498. 497. 497. 498. 498.]
 [379. 422. 428. 439. 431. 442. 436. 400. 399. 400. 319. 299. 318. 313.
  334. 331. 333. 341. 344. 349. 353. 356. 359. 361. 362. 375. 379. 382.
  383. 380. 382. 382. 393. 401. 383. 394. 398. 392. 395. 394.]
 [370. 403. 420. 427. 431. 426. 435. 396. 396. 397. 329. 325. 333. 339.
  345. 346. 354. 361. 377. 370. 374. 378. 378. 372. 387. 379. 387. 386.
  378. 390. 396. 392. 395. 394. 388. 392. 392. 392. 393. 393.]]
##############################
[[150. 177. 190. 191. 198. 194. 191. 196. 178. 178. 155. 152. 173. 170.
  182. 183. 190. 198. 202. 207. 214. 214. 212. 217. 223. 224. 232. 231.
  233. 233. 228. 232. 228. 233. 236. 235. 243. 233. 233. 228.]
 [550. 550. 550. 550. 550. 550. 550. 550. 500. 500. 500. 499. 499. 498.
  496. 498. 498. 496. 497. 496. 497. 496. 496. 496. 496. 496. 496. 497.
  498. 498. 497. 496. 497. 496. 497. 498. 497. 497. 498. 498.]
 [379. 422. 428. 439. 431. 442. 436. 441. 399. 400. 319. 299. 318. 313.
  334. 331. 333. 341. 344. 349. 353. 356. 359. 361. 362. 375. 379. 382.
  383. 380. 382. 382. 393. 401. 383. 394. 398. 392. 395. 394.]
 [370. 403. 420. 427. 431. 426. 435. 435. 396. 397. 329. 325. 333. 339.
  345. 346. 354. 361. 377. 370. 374. 378. 378. 372. 387. 379. 387. 386.
  378. 390. 396. 392. 395. 394. 388. 392. 392. 392. 393. 393.]]
##############################
[[150. 177. 190. 191. 198. 194. 191. 196. 196. 178. 155. 152. 173. 170.
  182. 183. 190. 198. 202. 207. 214. 214. 212. 217. 223. 224. 232. 231.
  233. 233. 228. 232. 228. 233. 236. 235. 243. 233. 233. 228.]
 [550. 550. 550. 550. 550. 550. 550. 550. 550. 500. 500. 499. 499. 498.
  496. 498. 498. 496. 497. 496. 497. 496. 496. 496. 496. 496. 496. 497.
  498. 498. 497. 496. 497. 496. 497. 498. 497. 497. 498. 498.]
 [379. 422. 428. 439. 431. 442. 436. 441. 440. 400. 319. 299. 318. 313.
  334. 331. 333. 341. 344. 349. 353. 356. 359. 361. 362. 375. 379. 382.
  383. 380. 382. 382. 393. 401. 383. 394. 398. 392. 395. 394.]
 [370. 403. 420. 427. 431. 426. 435. 435. 435. 397. 329. 325. 333. 339.
  345. 346. 354. 361. 377. 370. 374. 378. 378. 372. 387. 379. 387. 386.
  378. 390. 396. 392. 395. 394. 388. 392. 392. 392. 393. 393.]]
##############################
[[150. 177. 190. 191. 198. 194. 191. 196. 196. 197. 155. 152. 173. 170.
  182. 183. 190. 198. 202. 207. 214. 214. 212. 217. 223. 224. 232. 231.
  233. 233. 228. 232. 228. 233. 236. 235. 243. 233. 233. 228.]
 [550. 550. 550. 550. 550. 550. 550. 550. 550. 550. 500. 499. 499. 498.
  496. 498. 498. 496. 497. 496. 497. 496. 496. 496. 496. 496. 496. 497.
  498. 498. 497. 496. 497. 496. 497. 498. 497. 497. 498. 498.]
 [379. 422. 428. 439. 431. 442. 436. 441. 440. 441. 319. 299. 318. 313.
  334. 331. 333. 341. 344. 349. 353. 356. 359. 361. 362. 375. 379. 382.
  383. 380. 382. 382. 393. 401. 383. 394. 398. 392. 395. 394.]
 [370. 403. 420. 427. 431. 426. 435. 435. 435. 434. 329. 325. 333. 339.
  345. 346. 354. 361. 377. 370. 374. 378. 378. 372. 387. 379. 387. 386.
  378. 390. 396. 392. 395. 394. 388. 392. 392. 392. 393. 393.]]
##############################
[[150. 177. 190. 191. 198. 194. 191. 196. 196. 197. 171. 152. 173. 170.
  182. 183. 190. 198. 202. 207. 214. 214. 212. 217. 223. 224. 232. 231.
  233. 233. 228. 232. 228. 233. 236. 235. 243. 233. 233. 228.]
 [550. 550. 550. 550. 550. 550. 550. 550. 550. 550. 550. 499. 499. 498.
  496. 498. 498. 496. 497. 496. 497. 496. 496. 496. 496. 496. 496. 497.
  498. 498. 497. 496. 497. 496. 497. 498. 497. 497. 498. 498.]
 [379. 422. 428. 439. 431. 442. 436. 441. 440. 441. 354. 299. 318. 313.
  334. 331. 333. 341. 344. 349. 353. 356. 359. 361. 362. 375. 379. 382.
  383. 380. 382. 382. 393. 401. 383. 394. 398. 392. 395. 394.]
 [370. 403. 420. 427. 431. 426. 435. 435. 435. 434. 361. 325. 333. 339.
  345. 346. 354. 361. 377. 370. 374. 378. 378. 372. 387. 379. 387. 386.
  378. 390. 396. 392. 395. 394. 388. 392. 392. 392. 393. 393.]]
##############################
[[150. 177. 190. 191. 198. 194. 191. 196. 196. 197. 171. 168. 173. 170.
  182. 183. 190. 198. 202. 207. 214. 214. 212. 217. 223. 224. 232. 231.
  233. 233. 228. 232. 228. 233. 236. 235. 243. 233. 233. 228.]
 [550. 550. 550. 550. 550. 550. 550. 550. 550. 550. 550. 549. 499. 498.
  496. 498. 498. 496. 497. 496. 497. 496. 496. 496. 496. 496. 496. 497.
  498. 498. 497. 496. 497. 496. 497. 498. 497. 497. 498. 498.]
 [379. 422. 428. 439. 431. 442. 436. 441. 440. 441. 354. 330. 318. 313.
  334. 331. 333. 341. 344. 349. 353. 356. 359. 361. 362. 375. 379. 382.
  383. 380. 382. 382. 393. 401. 383. 394. 398. 392. 395. 394.]
 [370. 403. 420. 427. 431. 426. 435. 435. 435. 434. 361. 358. 333. 339.
  345. 346. 354. 361. 377. 370. 374. 378. 378. 372. 387. 379. 387. 386.
  378. 390. 396. 392. 395. 394. 388. 392. 392. 392. 393. 393.]]
##############################
[[150. 177. 190. 191. 198. 194. 191. 196. 196. 197. 171. 168. 190. 170.
  182. 183. 190. 198. 202. 207. 214. 214. 212. 217. 223. 224. 232. 231.
  233. 233. 228. 232. 228. 233. 236. 235. 243. 233. 233. 228.]
 [550. 550. 550. 550. 550. 550. 550. 550. 550. 550. 550. 549. 549. 498.
  496. 498. 498. 496. 497. 496. 497. 496. 496. 496. 496. 496. 496. 497.
  498. 498. 497. 496. 497. 496. 497. 498. 497. 497. 498. 498.]
 [379. 422. 428. 439. 431. 442. 436. 441. 440. 441. 354. 330. 351. 313.
  334. 331. 333. 341. 344. 349. 353. 356. 359. 361. 362. 375. 379. 382.
  383. 380. 382. 382. 393. 401. 383. 394. 398. 392. 395. 394.]
 [370. 403. 420. 427. 431. 426. 435. 435. 435. 434. 361. 358. 368. 339.
  345. 346. 354. 361. 377. 370. 374. 378. 378. 372. 387. 379. 387. 386.
  378. 390. 396. 392. 395. 394. 388. 392. 392. 392. 393. 393.]]
##############################
[[150. 177. 190. 191. 198. 194. 191. 196. 196. 197. 171. 168. 190. 188.
  182. 183. 190. 198. 202. 207. 214. 214. 212. 217. 223. 224. 232. 231.
  233. 233. 228. 232. 228. 233. 236. 235. 243. 233. 233. 228.]
 [550. 550. 550. 550. 550. 550. 550. 550. 550. 550. 550. 549. 549. 548.
  496. 498. 498. 496. 497. 496. 497. 496. 496. 496. 496. 496. 496. 497.
  498. 498. 497. 496. 497. 496. 497. 498. 497. 497. 498. 498.]
 [379. 422. 428. 439. 431. 442. 436. 441. 440. 441. 354. 330. 351. 342.
  334. 331. 333. 341. 344. 349. 353. 356. 359. 361. 362. 375. 379. 382.
  383. 380. 382. 382. 393. 401. 383. 394. 398. 392. 395. 394.]
 [370. 403. 420. 427. 431. 426. 435. 435. 435. 434. 361. 358. 368. 371.
  345. 346. 354. 361. 377. 370. 374. 378. 378. 372. 387. 379. 387. 386.
  378. 390. 396. 392. 395. 394. 388. 392. 392. 392. 393. 393.]]
##############################
[[150. 177. 190. 191. 198. 194. 191. 196. 196. 197. 171. 168. 190. 188.
  198. 183. 190. 198. 202. 207. 214. 214. 212. 217. 223. 224. 232. 231.
  233. 233. 228. 232. 228. 233. 236. 235. 243. 233. 233. 228.]
 [550. 550. 550. 550. 550. 550. 550. 550. 550. 550. 550. 549. 549. 548.
  546. 498. 498. 496. 497. 496. 497. 496. 496. 496. 496. 496. 496. 497.
  498. 498. 497. 496. 497. 496. 497. 498. 497. 497. 498. 498.]
 [379. 422. 428. 439. 431. 442. 436. 441. 440. 441. 354. 330. 351. 342.
  363. 331. 333. 341. 344. 349. 353. 356. 359. 361. 362. 375. 379. 382.
  383. 380. 382. 382. 393. 401. 383. 394. 398. 392. 395. 394.]
 [370. 403. 420. 427. 431. 426. 435. 435. 435. 434. 361. 358. 368. 371.
  380. 346. 354. 361. 377. 370. 374. 378. 378. 372. 387. 379. 387. 386.
  378. 390. 396. 392. 395. 394. 388. 392. 392. 392. 393. 393.]]
##############################
[[150. 177. 190. 191. 198. 194. 191. 196. 196. 197. 171. 168. 190. 188.
  198. 200. 190. 198. 202. 207. 214. 214. 212. 217. 223. 224. 232. 231.
  233. 233. 228. 232. 228. 233. 236. 235. 243. 233. 233. 228.]
 [550. 550. 550. 550. 550. 550. 550. 550. 550. 550. 550. 549. 549. 548.
  546. 548. 498. 496. 497. 496. 497. 496. 496. 496. 496. 496. 496. 497.
  498. 498. 497. 496. 497. 496. 497. 498. 497. 497. 498. 498.]
 [379. 422. 428. 439. 431. 442. 436. 441. 440. 441. 354. 330. 351. 342.
  363. 364. 333. 341. 344. 349. 353. 356. 359. 361. 362. 375. 379. 382.
  383. 380. 382. 382. 393. 401. 383. 394. 398. 392. 395. 394.]
 [370. 403. 420. 427. 431. 426. 435. 435. 435. 434. 361. 358. 368. 371.
  380. 382. 354. 361. 377. 370. 374. 378. 378. 372. 387. 379. 387. 386.
  378. 390. 396. 392. 395. 394. 388. 392. 392. 392. 393. 393.]]
##############################
[[150. 177. 190. 191. 198. 194. 191. 196. 196. 197. 171. 168. 190. 188.
  198. 200. 207. 198. 202. 207. 214. 214. 212. 217. 223. 224. 232. 231.
  233. 233. 228. 232. 228. 233. 236. 235. 243. 233. 233. 228.]
 [550. 550. 550. 550. 550. 550. 550. 550. 550. 550. 550. 549. 549. 548.
  546. 548. 548. 496. 497. 496. 497. 496. 496. 496. 496. 496. 496. 497.
  498. 498. 497. 496. 497. 496. 497. 498. 497. 497. 498. 498.]
 [379. 422. 428. 439. 431. 442. 436. 441. 440. 441. 354. 330. 351. 342.
  363. 364. 365. 341. 344. 349. 353. 356. 359. 361. 362. 375. 379. 382.
  383. 380. 382. 382. 393. 401. 383. 394. 398. 392. 395. 394.]
 [370. 403. 420. 427. 431. 426. 435. 435. 435. 434. 361. 358. 368. 371.
  380. 382. 388. 361. 377. 370. 374. 378. 378. 372. 387. 379. 387. 386.
  378. 390. 396. 392. 395. 394. 388. 392. 392. 392. 393. 393.]]
##############################
[[150. 177. 190. 191. 198. 194. 191. 196. 196. 197. 171. 168. 190. 188.
  198. 200. 207. 217. 202. 207. 214. 214. 212. 217. 223. 224. 232. 231.
  233. 233. 228. 232. 228. 233. 236. 235. 243. 233. 233. 228.]
 [550. 550. 550. 550. 550. 550. 550. 550. 550. 550. 550. 549. 549. 548.
  546. 548. 548. 546. 497. 496. 497. 496. 496. 496. 496. 496. 496. 497.
  498. 498. 497. 496. 497. 496. 497. 498. 497. 497. 498. 498.]
 [379. 422. 428. 439. 431. 442. 436. 441. 440. 441. 354. 330. 351. 342.
  363. 364. 365. 375. 344. 349. 353. 356. 359. 361. 362. 375. 379. 382.
  383. 380. 382. 382. 393. 401. 383. 394. 398. 392. 395. 394.]
 [370. 403. 420. 427. 431. 426. 435. 435. 435. 434. 361. 358. 368. 371.
  380. 382. 388. 394. 377. 370. 374. 378. 378. 372. 387. 379. 387. 386.
  378. 390. 396. 392. 395. 394. 388. 392. 392. 392. 393. 393.]]
##############################
[[150. 177. 190. 191. 198. 194. 191. 196. 196. 197. 171. 168. 190. 188.
  198. 200. 207. 217. 218. 207. 214. 214. 212. 217. 223. 224. 232. 231.
  233. 233. 228. 232. 228. 233. 236. 235. 243. 233. 233. 228.]
 [550. 550. 550. 550. 550. 550. 550. 550. 550. 550. 550. 549. 549. 548.
  546. 548. 548. 546. 547. 496. 497. 496. 496. 496. 496. 496. 496. 497.
  498. 498. 497. 496. 497. 496. 497. 498. 497. 497. 498. 498.]
 [379. 422. 428. 439. 431. 442. 436. 441. 440. 441. 354. 330. 351. 342.
  363. 364. 365. 375. 375. 349. 353. 356. 359. 361. 362. 375. 379. 382.
  383. 380. 382. 382. 393. 401. 383. 394. 398. 392. 395. 394.]
 [370. 403. 420. 427. 431. 426. 435. 435. 435. 434. 361. 358. 368. 371.
  380. 382. 388. 394. 411. 370. 374. 378. 378. 372. 387. 379. 387. 386.
  378. 390. 396. 392. 395. 394. 388. 392. 392. 392. 393. 393.]]
##############################
[[150. 177. 190. 191. 198. 194. 191. 196. 196. 197. 171. 168. 190. 188.
  198. 200. 207. 217. 218. 222. 214. 214. 212. 217. 223. 224. 232. 231.
  233. 233. 228. 232. 228. 233. 236. 235. 243. 233. 233. 228.]
 [550. 550. 550. 550. 550. 550. 550. 550. 550. 550. 550. 549. 549. 548.
  546. 548. 548. 546. 547. 546. 497. 496. 496. 496. 496. 496. 496. 497.
  498. 498. 497. 496. 497. 496. 497. 498. 497. 497. 498. 498.]
 [379. 422. 428. 439. 431. 442. 436. 441. 440. 441. 354. 330. 351. 342.
  363. 364. 365. 375. 375. 384. 353. 356. 359. 361. 362. 375. 379. 382.
  383. 380. 382. 382. 393. 401. 383. 394. 398. 392. 395. 394.]
 [370. 403. 420. 427. 431. 426. 435. 435. 435. 434. 361. 358. 368. 371.
  380. 382. 388. 394. 411. 403. 374. 378. 378. 372. 387. 379. 387. 386.
  378. 390. 396. 392. 395. 394. 388. 392. 392. 392. 393. 393.]]
##############################
[[150. 177. 190. 191. 198. 194. 191. 196. 196. 197. 171. 168. 190. 188.
  198. 200. 207. 217. 218. 222. 231. 214. 212. 217. 223. 224. 232. 231.
  233. 233. 228. 232. 228. 233. 236. 235. 243. 233. 233. 228.]
 [550. 550. 550. 550. 550. 550. 550. 550. 550. 550. 550. 549. 549. 548.
  546. 548. 548. 546. 547. 546. 547. 496. 496. 496. 496. 496. 496. 497.
  498. 498. 497. 496. 497. 496. 497. 498. 497. 497. 498. 498.]
 [379. 422. 428. 439. 431. 442. 436. 441. 440. 441. 354. 330. 351. 342.
  363. 364. 365. 375. 375. 384. 389. 356. 359. 361. 362. 375. 379. 382.
  383. 380. 382. 382. 393. 401. 383. 394. 398. 392. 395. 394.]
 [370. 403. 420. 427. 431. 426. 435. 435. 435. 434. 361. 358. 368. 371.
  380. 382. 388. 394. 411. 403. 408. 378. 378. 372. 387. 379. 387. 386.
  378. 390. 396. 392. 395. 394. 388. 392. 392. 392. 393. 393.]]
##############################
[[150. 177. 190. 191. 198. 194. 191. 196. 196. 197. 171. 168. 190. 188.
  198. 200. 207. 217. 218. 222. 231. 228. 212. 217. 223. 224. 232. 231.
  233. 233. 228. 232. 228. 233. 236. 235. 243. 233. 233. 228.]
 [550. 550. 550. 550. 550. 550. 550. 550. 550. 550. 550. 549. 549. 548.
  546. 548. 548. 546. 547. 546. 547. 546. 496. 496. 496. 496. 496. 497.
  498. 498. 497. 496. 497. 496. 497. 498. 497. 497. 498. 498.]
 [379. 422. 428. 439. 431. 442. 436. 441. 440. 441. 354. 330. 351. 342.
  363. 364. 365. 375. 375. 384. 389. 391. 359. 361. 362. 375. 379. 382.
  383. 380. 382. 382. 393. 401. 383. 394. 398. 392. 395. 394.]
 [370. 403. 420. 427. 431. 426. 435. 435. 435. 434. 361. 358. 368. 371.
  380. 382. 388. 394. 411. 403. 408. 413. 378. 372. 387. 379. 387. 386.
  378. 390. 396. 392. 395. 394. 388. 392. 392. 392. 393. 393.]]
##############################
[[150. 177. 190. 191. 198. 194. 191. 196. 196. 197. 171. 168. 190. 188.
  198. 200. 207. 217. 218. 222. 231. 228. 229. 217. 223. 224. 232. 231.
  233. 233. 228. 232. 228. 233. 236. 235. 243. 233. 233. 228.]
 [550. 550. 550. 550. 550. 550. 550. 550. 550. 550. 550. 549. 549. 548.
  546. 548. 548. 546. 547. 546. 547. 546. 546. 496. 496. 496. 496. 497.
  498. 498. 497. 496. 497. 496. 497. 498. 497. 497. 498. 498.]
 [379. 422. 428. 439. 431. 442. 436. 441. 440. 441. 354. 330. 351. 342.
  363. 364. 365. 375. 375. 384. 389. 391. 393. 361. 362. 375. 379. 382.
  383. 380. 382. 382. 393. 401. 383. 394. 398. 392. 395. 394.]
 [370. 403. 420. 427. 431. 426. 435. 435. 435. 434. 361. 358. 368. 371.
  380. 382. 388. 394. 411. 403. 408. 413. 416. 372. 387. 379. 387. 386.
  378. 390. 396. 392. 395. 394. 388. 392. 392. 392. 393. 393.]]
##############################
[[150. 177. 190. 191. 198. 194. 191. 196. 196. 197. 171. 168. 190. 188.
  198. 200. 207. 217. 218. 222. 231. 228. 229. 234. 223. 224. 232. 231.
  233. 233. 228. 232. 228. 233. 236. 235. 243. 233. 233. 228.]
 [550. 550. 550. 550. 550. 550. 550. 550. 550. 550. 550. 549. 549. 548.
  546. 548. 548. 546. 547. 546. 547. 546. 546. 546. 496. 496. 496. 497.
  498. 498. 497. 496. 497. 496. 497. 498. 497. 497. 498. 498.]
 [379. 422. 428. 439. 431. 442. 436. 441. 440. 441. 354. 330. 351. 342.
  363. 364. 365. 375. 375. 384. 389. 391. 393. 394. 362. 375. 379. 382.
  383. 380. 382. 382. 393. 401. 383. 394. 398. 392. 395. 394.]
 [370. 403. 420. 427. 431. 426. 435. 435. 435. 434. 361. 358. 368. 371.
  380. 382. 388. 394. 411. 403. 408. 413. 416. 407. 387. 379. 387. 386.
  378. 390. 396. 392. 395. 394. 388. 392. 392. 392. 393. 393.]]
##############################
[[150. 177. 190. 191. 198. 194. 191. 196. 196. 197. 171. 168. 190. 188.
  198. 200. 207. 217. 218. 222. 231. 228. 229. 234. 239. 224. 232. 231.
  233. 233. 228. 232. 228. 233. 236. 235. 243. 233. 233. 228.]
 [550. 550. 550. 550. 550. 550. 550. 550. 550. 550. 550. 549. 549. 548.
  546. 548. 548. 546. 547. 546. 547. 546. 546. 546. 546. 496. 496. 497.
  498. 498. 497. 496. 497. 496. 497. 498. 497. 497. 498. 498.]
 [379. 422. 428. 439. 431. 442. 436. 441. 440. 441. 354. 330. 351. 342.
  363. 364. 365. 375. 375. 384. 389. 391. 393. 394. 395. 375. 379. 382.
  383. 380. 382. 382. 393. 401. 383. 394. 398. 392. 395. 394.]
 [370. 403. 420. 427. 431. 426. 435. 435. 435. 434. 361. 358. 368. 371.
  380. 382. 388. 394. 411. 403. 408. 413. 416. 407. 425. 379. 387. 386.
  378. 390. 396. 392. 395. 394. 388. 392. 392. 392. 393. 393.]]
##############################
[[150. 177. 190. 191. 198. 194. 191. 196. 196. 197. 171. 168. 190. 188.
  198. 200. 207. 217. 218. 222. 231. 228. 229. 234. 239. 241. 232. 231.
  233. 233. 228. 232. 228. 233. 236. 235. 243. 233. 233. 228.]
 [550. 550. 550. 550. 550. 550. 550. 550. 550. 550. 550. 549. 549. 548.
  546. 548. 548. 546. 547. 546. 547. 546. 546. 546. 546. 546. 496. 497.
  498. 498. 497. 496. 497. 496. 497. 498. 497. 497. 498. 498.]
 [379. 422. 428. 439. 431. 442. 436. 441. 440. 441. 354. 330. 351. 342.
  363. 364. 365. 375. 375. 384. 389. 391. 393. 394. 395. 412. 379. 382.
  383. 380. 382. 382. 393. 401. 383. 394. 398. 392. 395. 394.]
 [370. 403. 420. 427. 431. 426. 435. 435. 435. 434. 361. 358. 368. 371.
  380. 382. 388. 394. 411. 403. 408. 413. 416. 407. 425. 416. 387. 386.
  378. 390. 396. 392. 395. 394. 388. 392. 392. 392. 393. 393.]]
##############################
[[150. 177. 190. 191. 198. 194. 191. 196. 196. 197. 171. 168. 190. 188.
  198. 200. 207. 217. 218. 222. 231. 228. 229. 234. 239. 241. 248. 231.
  233. 233. 228. 232. 228. 233. 236. 235. 243. 233. 233. 228.]
 [550. 550. 550. 550. 550. 550. 550. 550. 550. 550. 550. 549. 549. 548.
  546. 548. 548. 546. 547. 546. 547. 546. 546. 546. 546. 546. 546. 497.
  498. 498. 497. 496. 497. 496. 497. 498. 497. 497. 498. 498.]
 [379. 422. 428. 439. 431. 442. 436. 441. 440. 441. 354. 330. 351. 342.
  363. 364. 365. 375. 375. 384. 389. 391. 393. 394. 395. 412. 416. 382.
  383. 380. 382. 382. 393. 401. 383. 394. 398. 392. 395. 394.]
 [370. 403. 420. 427. 431. 426. 435. 435. 435. 434. 361. 358. 368. 371.
  380. 382. 388. 394. 411. 403. 408. 413. 416. 407. 425. 416. 423. 386.
  378. 390. 396. 392. 395. 394. 388. 392. 392. 392. 393. 393.]]
##############################
[[150. 177. 190. 191. 198. 194. 191. 196. 196. 197. 171. 168. 190. 188.
  198. 200. 207. 217. 218. 222. 231. 228. 229. 234. 239. 241. 248. 248.
  233. 233. 228. 232. 228. 233. 236. 235. 243. 233. 233. 228.]
 [550. 550. 550. 550. 550. 550. 550. 550. 550. 550. 550. 549. 549. 548.
  546. 548. 548. 546. 547. 546. 547. 546. 546. 546. 546. 546. 546. 547.
  498. 498. 497. 496. 497. 496. 497. 498. 497. 497. 498. 498.]
 [379. 422. 428. 439. 431. 442. 436. 441. 440. 441. 354. 330. 351. 342.
  363. 364. 365. 375. 375. 384. 389. 391. 393. 394. 395. 412. 416. 417.
  383. 380. 382. 382. 393. 401. 383. 394. 398. 392. 395. 394.]
 [370. 403. 420. 427. 431. 426. 435. 435. 435. 434. 361. 358. 368. 371.
  380. 382. 388. 394. 411. 403. 408. 413. 416. 407. 425. 416. 423. 423.
  378. 390. 396. 392. 395. 394. 388. 392. 392. 392. 393. 393.]]
##############################
[[150. 177. 190. 191. 198. 194. 191. 196. 196. 197. 171. 168. 190. 188.
  198. 200. 207. 217. 218. 222. 231. 228. 229. 234. 239. 241. 248. 248.
  249. 233. 228. 232. 228. 233. 236. 235. 243. 233. 233. 228.]
 [550. 550. 550. 550. 550. 550. 550. 550. 550. 550. 550. 549. 549. 548.
  546. 548. 548. 546. 547. 546. 547. 546. 546. 546. 546. 546. 546. 547.
  548. 498. 497. 496. 497. 496. 497. 498. 497. 497. 498. 498.]
 [379. 422. 428. 439. 431. 442. 436. 441. 440. 441. 354. 330. 351. 342.
  363. 364. 365. 375. 375. 384. 389. 391. 393. 394. 395. 412. 416. 417.
  418. 380. 382. 382. 393. 401. 383. 394. 398. 392. 395. 394.]
 [370. 403. 420. 427. 431. 426. 435. 435. 435. 434. 361. 358. 368. 371.
  380. 382. 388. 394. 411. 403. 408. 413. 416. 407. 425. 416. 423. 423.
  415. 390. 396. 392. 395. 394. 388. 392. 392. 392. 393. 393.]]
##############################
[[150. 177. 190. 191. 198. 194. 191. 196. 196. 197. 171. 168. 190. 188.
  198. 200. 207. 217. 218. 222. 231. 228. 229. 234. 239. 241. 248. 248.
  249. 249. 228. 232. 228. 233. 236. 235. 243. 233. 233. 228.]
 [550. 550. 550. 550. 550. 550. 550. 550. 550. 550. 550. 549. 549. 548.
  546. 548. 548. 546. 547. 546. 547. 546. 546. 546. 546. 546. 546. 547.
  548. 548. 497. 496. 497. 496. 497. 498. 497. 497. 498. 498.]
 [379. 422. 428. 439. 431. 442. 436. 441. 440. 441. 354. 330. 351. 342.
  363. 364. 365. 375. 375. 384. 389. 391. 393. 394. 395. 412. 416. 417.
  418. 416. 382. 382. 393. 401. 383. 394. 398. 392. 395. 394.]
 [370. 403. 420. 427. 431. 426. 435. 435. 435. 434. 361. 358. 368. 371.
  380. 382. 388. 394. 411. 403. 408. 413. 416. 407. 425. 416. 423. 423.
  415. 428. 396. 392. 395. 394. 388. 392. 392. 392. 393. 393.]]
##############################
[[150. 177. 190. 191. 198. 194. 191. 196. 196. 197. 171. 168. 190. 188.
  198. 200. 207. 217. 218. 222. 231. 228. 229. 234. 239. 241. 248. 248.
  249. 249. 245. 232. 228. 233. 236. 235. 243. 233. 233. 228.]
 [550. 550. 550. 550. 550. 550. 550. 550. 550. 550. 550. 549. 549. 548.
  546. 548. 548. 546. 547. 546. 547. 546. 546. 546. 546. 546. 546. 547.
  548. 548. 547. 496. 497. 496. 497. 498. 497. 497. 498. 498.]
 [379. 422. 428. 439. 431. 442. 436. 441. 440. 441. 354. 330. 351. 342.
  363. 364. 365. 375. 375. 384. 389. 391. 393. 394. 395. 412. 416. 417.
  418. 416. 421. 382. 393. 401. 383. 394. 398. 392. 395. 394.]
 [370. 403. 420. 427. 431. 426. 435. 435. 435. 434. 361. 358. 368. 371.
  380. 382. 388. 394. 411. 403. 408. 413. 416. 407. 425. 416. 423. 423.
  415. 428. 435. 392. 395. 394. 388. 392. 392. 392. 393. 393.]]
##############################
[[150. 177. 190. 191. 198. 194. 191. 196. 196. 197. 171. 168. 190. 188.
  198. 200. 207. 217. 218. 222. 231. 228. 229. 234. 239. 241. 248. 248.
  249. 249. 245. 251. 228. 233. 236. 235. 243. 233. 233. 228.]
 [550. 550. 550. 550. 550. 550. 550. 550. 550. 550. 550. 549. 549. 548.
  546. 548. 548. 546. 547. 546. 547. 546. 546. 546. 546. 546. 546. 547.
  548. 548. 547. 546. 497. 496. 497. 498. 497. 497. 498. 498.]
 [379. 422. 428. 439. 431. 442. 436. 441. 440. 441. 354. 330. 351. 342.
  363. 364. 365. 375. 375. 384. 389. 391. 393. 394. 395. 412. 416. 417.
  418. 416. 421. 419. 393. 401. 383. 394. 398. 392. 395. 394.]
 [370. 403. 420. 427. 431. 426. 435. 435. 435. 434. 361. 358. 368. 371.
  380. 382. 388. 394. 411. 403. 408. 413. 416. 407. 425. 416. 423. 423.
  415. 428. 435. 429. 395. 394. 388. 392. 392. 392. 393. 393.]]
##############################
[[150. 177. 190. 191. 198. 194. 191. 196. 196. 197. 171. 168. 190. 188.
  198. 200. 207. 217. 218. 222. 231. 228. 229. 234. 239. 241. 248. 248.
  249. 249. 245. 251. 248. 233. 236. 235. 243. 233. 233. 228.]
 [550. 550. 550. 550. 550. 550. 550. 550. 550. 550. 550. 549. 549. 548.
  546. 548. 548. 546. 547. 546. 547. 546. 546. 546. 546. 546. 546. 547.
  548. 548. 547. 546. 547. 496. 497. 498. 497. 497. 498. 498.]
 [379. 422. 428. 439. 431. 442. 436. 441. 440. 441. 354. 330. 351. 342.
  363. 364. 365. 375. 375. 384. 389. 391. 393. 394. 395. 412. 416. 417.
  418. 416. 421. 419. 428. 401. 383. 394. 398. 392. 395. 394.]
 [370. 403. 420. 427. 431. 426. 435. 435. 435. 434. 361. 358. 368. 371.
  380. 382. 388. 394. 411. 403. 408. 413. 416. 407. 425. 416. 423. 423.
  415. 428. 435. 429. 433. 394. 388. 392. 392. 392. 393. 393.]]
##############################
[[150. 177. 190. 191. 198. 194. 191. 196. 196. 197. 171. 168. 190. 188.
  198. 200. 207. 217. 218. 222. 231. 228. 229. 234. 239. 241. 248. 248.
  249. 249. 245. 251. 248. 250. 236. 235. 243. 233. 233. 228.]
 [550. 550. 550. 550. 550. 550. 550. 550. 550. 550. 550. 549. 549. 548.
  546. 548. 548. 546. 547. 546. 547. 546. 546. 546. 546. 546. 546. 547.
  548. 548. 547. 546. 547. 546. 497. 498. 497. 497. 498. 498.]
 [379. 422. 428. 439. 431. 442. 436. 441. 440. 441. 354. 330. 351. 342.
  363. 364. 365. 375. 375. 384. 389. 391. 393. 394. 395. 412. 416. 417.
  418. 416. 421. 419. 428. 438. 383. 394. 398. 392. 395. 394.]
 [370. 403. 420. 427. 431. 426. 435. 435. 435. 434. 361. 358. 368. 371.
  380. 382. 388. 394. 411. 403. 408. 413. 416. 407. 425. 416. 423. 423.
  415. 428. 435. 429. 433. 432. 388. 392. 392. 392. 393. 393.]]
##############################
[[150. 177. 190. 191. 198. 194. 191. 196. 196. 197. 171. 168. 190. 188.
  198. 200. 207. 217. 218. 222. 231. 228. 229. 234. 239. 241. 248. 248.
  249. 249. 245. 251. 248. 250. 253. 235. 243. 233. 233. 228.]
 [550. 550. 550. 550. 550. 550. 550. 550. 550. 550. 550. 549. 549. 548.
  546. 548. 548. 546. 547. 546. 547. 546. 546. 546. 546. 546. 546. 547.
  548. 548. 547. 546. 547. 546. 547. 498. 497. 497. 498. 498.]
 [379. 422. 428. 439. 431. 442. 436. 441. 440. 441. 354. 330. 351. 342.
  363. 364. 365. 375. 375. 384. 389. 391. 393. 394. 395. 412. 416. 417.
  418. 416. 421. 419. 428. 438. 421. 394. 398. 392. 395. 394.]
 [370. 403. 420. 427. 431. 426. 435. 435. 435. 434. 361. 358. 368. 371.
  380. 382. 388. 394. 411. 403. 408. 413. 416. 407. 425. 416. 423. 423.
  415. 428. 435. 429. 433. 432. 427. 392. 392. 392. 393. 393.]]
##############################
[[150. 177. 190. 191. 198. 194. 191. 196. 196. 197. 171. 168. 190. 188.
  198. 200. 207. 217. 218. 222. 231. 228. 229. 234. 239. 241. 248. 248.
  249. 249. 245. 251. 248. 250. 253. 252. 243. 233. 233. 228.]
 [550. 550. 550. 550. 550. 550. 550. 550. 550. 550. 550. 549. 549. 548.
  546. 548. 548. 546. 547. 546. 547. 546. 546. 546. 546. 546. 546. 547.
  548. 548. 547. 546. 547. 546. 547. 548. 497. 497. 498. 498.]
 [379. 422. 428. 439. 431. 442. 436. 441. 440. 441. 354. 330. 351. 342.
  363. 364. 365. 375. 375. 384. 389. 391. 393. 394. 395. 412. 416. 417.
  418. 416. 421. 419. 428. 438. 421. 432. 398. 392. 395. 394.]
 [370. 403. 420. 427. 431. 426. 435. 435. 435. 434. 361. 358. 368. 371.
  380. 382. 388. 394. 411. 403. 408. 413. 416. 407. 425. 416. 423. 423.
  415. 428. 435. 429. 433. 432. 427. 433. 392. 392. 393. 393.]]
##############################
[[150. 177. 190. 191. 198. 194. 191. 196. 196. 197. 171. 168. 190. 188.
  198. 200. 207. 217. 218. 222. 231. 228. 229. 234. 239. 241. 248. 248.
  249. 249. 245. 251. 248. 250. 253. 252. 258. 233. 233. 228.]
 [550. 550. 550. 550. 550. 550. 550. 550. 550. 550. 550. 549. 549. 548.
  546. 548. 548. 546. 547. 546. 547. 546. 546. 546. 546. 546. 546. 547.
  548. 548. 547. 546. 547. 546. 547. 548. 547. 497. 498. 498.]
 [379. 422. 428. 439. 431. 442. 436. 441. 440. 441. 354. 330. 351. 342.
  363. 364. 365. 375. 375. 384. 389. 391. 393. 394. 395. 412. 416. 417.
  418. 416. 421. 419. 428. 438. 421. 432. 438. 392. 395. 394.]
 [370. 403. 420. 427. 431. 426. 435. 435. 435. 434. 361. 358. 368. 371.
  380. 382. 388. 394. 411. 403. 408. 413. 416. 407. 425. 416. 423. 423.
  415. 428. 435. 429. 433. 432. 427. 433. 431. 392. 393. 393.]]
##############################
[[150. 177. 190. 191. 198. 194. 191. 196. 196. 197. 171. 168. 190. 188.
  198. 200. 207. 217. 218. 222. 231. 228. 229. 234. 239. 241. 248. 248.
  249. 249. 245. 251. 248. 250. 253. 252. 258. 252. 233. 228.]
 [550. 550. 550. 550. 550. 550. 550. 550. 550. 550. 550. 549. 549. 548.
  546. 548. 548. 546. 547. 546. 547. 546. 546. 546. 546. 546. 546. 547.
  548. 548. 547. 546. 547. 546. 547. 548. 547. 547. 498. 498.]
 [379. 422. 428. 439. 431. 442. 436. 441. 440. 441. 354. 330. 351. 342.
  363. 364. 365. 375. 375. 384. 389. 391. 393. 394. 395. 412. 416. 417.
  418. 416. 421. 419. 428. 438. 421. 432. 438. 433. 395. 394.]
 [370. 403. 420. 427. 431. 426. 435. 435. 435. 434. 361. 358. 368. 371.
  380. 382. 388. 394. 411. 403. 408. 413. 416. 407. 425. 416. 423. 423.
  415. 428. 435. 429. 433. 432. 427. 433. 431. 433. 393. 393.]]
##############################
[[150. 177. 190. 191. 198. 194. 191. 196. 196. 197. 171. 168. 190. 188.
  198. 200. 207. 217. 218. 222. 231. 228. 229. 234. 239. 241. 248. 248.
  249. 249. 245. 251. 248. 250. 253. 252. 258. 252. 252. 228.]
 [550. 550. 550. 550. 550. 550. 550. 550. 550. 550. 550. 549. 549. 548.
  546. 548. 548. 546. 547. 546. 547. 546. 546. 546. 546. 546. 546. 547.
  548. 548. 547. 546. 547. 546. 547. 548. 547. 547. 548. 498.]
 [379. 422. 428. 439. 431. 442. 436. 441. 440. 441. 354. 330. 351. 342.
  363. 364. 365. 375. 375. 384. 389. 391. 393. 394. 395. 412. 416. 417.
  418. 416. 421. 419. 428. 438. 421. 432. 438. 433. 433. 394.]
 [370. 403. 420. 427. 431. 426. 435. 435. 435. 434. 361. 358. 368. 371.
  380. 382. 388. 394. 411. 403. 408. 413. 416. 407. 425. 416. 423. 423.
  415. 428. 435. 429. 433. 432. 427. 433. 431. 433. 431. 393.]]
##############################
[[150. 177. 190. 191. 198. 194. 191. 196. 196. 197. 171. 168. 190. 188.
  198. 200. 207. 217. 218. 222. 231. 228. 229. 234. 239. 241. 248. 248.
  249. 249. 245. 251. 248. 250. 253. 252. 258. 252. 252. 246.]
 [550. 550. 550. 550. 550. 550. 550. 550. 550. 550. 550. 549. 549. 548.
  546. 548. 548. 546. 547. 546. 547. 546. 546. 546. 546. 546. 546. 547.
  548. 548. 547. 546. 547. 546. 547. 548. 547. 547. 548. 548.]
 [379. 422. 428. 439. 431. 442. 436. 441. 440. 441. 354. 330. 351. 342.
  363. 364. 365. 375. 375. 384. 389. 391. 393. 394. 395. 412. 416. 417.
  418. 416. 421. 419. 428. 438. 421. 432. 438. 433. 433. 433.]
 [370. 403. 420. 427. 431. 426. 435. 435. 435. 434. 361. 358. 368. 371.
  380. 382. 388. 394. 411. 403. 408. 413. 416. 407. 425. 416. 423. 423.
  415. 428. 435. 429. 433. 432. 427. 433. 431. 433. 431. 435.]]
##############################
##################################################
##################################################
starting :12 batch
[[163. 177. 190. 191. 198. 194. 191. 196. 196. 197. 171. 168. 190. 188.
  198. 200. 207. 217. 218. 222. 231. 228. 229. 234. 239. 241. 248. 248.
  249. 249. 245. 251. 248. 250. 253. 252. 258. 252. 252. 246.]
 [600. 550. 550. 550. 550. 550. 550. 550. 550. 550. 550. 549. 549. 548.
  546. 548. 548. 546. 547. 546. 547. 546. 546. 546. 546. 546. 546. 547.
  548. 548. 547. 546. 547. 546. 547. 548. 547. 547. 548. 548.]
 [409. 422. 428. 439. 431. 442. 436. 441. 440. 441. 354. 330. 351. 342.
  363. 364. 365. 375. 375. 384. 389. 391. 393. 394. 395. 412. 416. 417.
  418. 416. 421. 419. 428. 438. 421. 432. 438. 433. 433. 433.]
 [407. 403. 420. 427. 431. 426. 435. 435. 435. 434. 361. 358. 368. 371.
  380. 382. 388. 394. 411. 403. 408. 413. 416. 407. 425. 416. 423. 423.
  415. 428. 435. 429. 433. 432. 427. 433. 431. 433. 431. 435.]]
##############################
[[163. 193. 190. 191. 198. 194. 191. 196. 196. 197. 171. 168. 190. 188.
  198. 200. 207. 217. 218. 222. 231. 228. 229. 234. 239. 241. 248. 248.
  249. 249. 245. 251. 248. 250. 253. 252. 258. 252. 252. 246.]
 [600. 600. 550. 550. 550. 550. 550. 550. 550. 550. 550. 549. 549. 548.
  546. 548. 548. 546. 547. 546. 547. 546. 546. 546. 546. 546. 546. 547.
  548. 548. 547. 546. 547. 546. 547. 548. 547. 547. 548. 548.]
 [409. 461. 428. 439. 431. 442. 436. 441. 440. 441. 354. 330. 351. 342.
  363. 364. 365. 375. 375. 384. 389. 391. 393. 394. 395. 412. 416. 417.
  418. 416. 421. 419. 428. 438. 421. 432. 438. 433. 433. 433.]
 [407. 444. 420. 427. 431. 426. 435. 435. 435. 434. 361. 358. 368. 371.
  380. 382. 388. 394. 411. 403. 408. 413. 416. 407. 425. 416. 423. 423.
  415. 428. 435. 429. 433. 432. 427. 433. 431. 433. 431. 435.]]
##############################
[[163. 193. 208. 191. 198. 194. 191. 196. 196. 197. 171. 168. 190. 188.
  198. 200. 207. 217. 218. 222. 231. 228. 229. 234. 239. 241. 248. 248.
  249. 249. 245. 251. 248. 250. 253. 252. 258. 252. 252. 246.]
 [600. 600. 600. 550. 550. 550. 550. 550. 550. 550. 550. 549. 549. 548.
  546. 548. 548. 546. 547. 546. 547. 546. 546. 546. 546. 546. 546. 547.
  548. 548. 547. 546. 547. 546. 547. 548. 547. 547. 548. 548.]
 [409. 461. 468. 439. 431. 442. 436. 441. 440. 441. 354. 330. 351. 342.
  363. 364. 365. 375. 375. 384. 389. 391. 393. 394. 395. 412. 416. 417.
  418. 416. 421. 419. 428. 438. 421. 432. 438. 433. 433. 433.]
 [407. 444. 461. 427. 431. 426. 435. 435. 435. 434. 361. 358. 368. 371.
  380. 382. 388. 394. 411. 403. 408. 413. 416. 407. 425. 416. 423. 423.
  415. 428. 435. 429. 433. 432. 427. 433. 431. 433. 431. 435.]]
##############################
[[163. 193. 208. 208. 198. 194. 191. 196. 196. 197. 171. 168. 190. 188.
  198. 200. 207. 217. 218. 222. 231. 228. 229. 234. 239. 241. 248. 248.
  249. 249. 245. 251. 248. 250. 253. 252. 258. 252. 252. 246.]
 [600. 600. 600. 600. 550. 550. 550. 550. 550. 550. 550. 549. 549. 548.
  546. 548. 548. 546. 547. 546. 547. 546. 546. 546. 546. 546. 546. 547.
  548. 548. 547. 546. 547. 546. 547. 548. 547. 547. 548. 548.]
 [409. 461. 468. 478. 431. 442. 436. 441. 440. 441. 354. 330. 351. 342.
  363. 364. 365. 375. 375. 384. 389. 391. 393. 394. 395. 412. 416. 417.
  418. 416. 421. 419. 428. 438. 421. 432. 438. 433. 433. 433.]
 [407. 444. 461. 465. 431. 426. 435. 435. 435. 434. 361. 358. 368. 371.
  380. 382. 388. 394. 411. 403. 408. 413. 416. 407. 425. 416. 423. 423.
  415. 428. 435. 429. 433. 432. 427. 433. 431. 433. 431. 435.]]
##############################
[[163. 193. 208. 208. 218. 194. 191. 196. 196. 197. 171. 168. 190. 188.
  198. 200. 207. 217. 218. 222. 231. 228. 229. 234. 239. 241. 248. 248.
  249. 249. 245. 251. 248. 250. 253. 252. 258. 252. 252. 246.]
 [600. 600. 600. 600. 600. 550. 550. 550. 550. 550. 550. 549. 549. 548.
  546. 548. 548. 546. 547. 546. 547. 546. 546. 546. 546. 546. 546. 547.
  548. 548. 547. 546. 547. 546. 547. 548. 547. 547. 548. 548.]
 [409. 461. 468. 478. 470. 442. 436. 441. 440. 441. 354. 330. 351. 342.
  363. 364. 365. 375. 375. 384. 389. 391. 393. 394. 395. 412. 416. 417.
  418. 416. 421. 419. 428. 438. 421. 432. 438. 433. 433. 433.]
 [407. 444. 461. 465. 470. 426. 435. 435. 435. 434. 361. 358. 368. 371.
  380. 382. 388. 394. 411. 403. 408. 413. 416. 407. 425. 416. 423. 423.
  415. 428. 435. 429. 433. 432. 427. 433. 431. 433. 431. 435.]]
##############################
[[163. 193. 208. 208. 218. 214. 191. 196. 196. 197. 171. 168. 190. 188.
  198. 200. 207. 217. 218. 222. 231. 228. 229. 234. 239. 241. 248. 248.
  249. 249. 245. 251. 248. 250. 253. 252. 258. 252. 252. 246.]
 [600. 600. 600. 600. 600. 600. 550. 550. 550. 550. 550. 549. 549. 548.
  546. 548. 548. 546. 547. 546. 547. 546. 546. 546. 546. 546. 546. 547.
  548. 548. 547. 546. 547. 546. 547. 548. 547. 547. 548. 548.]
 [409. 461. 468. 478. 470. 481. 436. 441. 440. 441. 354. 330. 351. 342.
  363. 364. 365. 375. 375. 384. 389. 391. 393. 394. 395. 412. 416. 417.
  418. 416. 421. 419. 428. 438. 421. 432. 438. 433. 433. 433.]
 [407. 444. 461. 465. 470. 464. 435. 435. 435. 434. 361. 358. 368. 371.
  380. 382. 388. 394. 411. 403. 408. 413. 416. 407. 425. 416. 423. 423.
  415. 428. 435. 429. 433. 432. 427. 433. 431. 433. 431. 435.]]
##############################
[[163. 193. 208. 208. 218. 214. 209. 196. 196. 197. 171. 168. 190. 188.
  198. 200. 207. 217. 218. 222. 231. 228. 229. 234. 239. 241. 248. 248.
  249. 249. 245. 251. 248. 250. 253. 252. 258. 252. 252. 246.]
 [600. 600. 600. 600. 600. 600. 600. 550. 550. 550. 550. 549. 549. 548.
  546. 548. 548. 546. 547. 546. 547. 546. 546. 546. 546. 546. 546. 547.
  548. 548. 547. 546. 547. 546. 547. 548. 547. 547. 548. 548.]
 [409. 461. 468. 478. 470. 481. 475. 441. 440. 441. 354. 330. 351. 342.
  363. 364. 365. 375. 375. 384. 389. 391. 393. 394. 395. 412. 416. 417.
  418. 416. 421. 419. 428. 438. 421. 432. 438. 433. 433. 433.]
 [407. 444. 461. 465. 470. 464. 475. 435. 435. 434. 361. 358. 368. 371.
  380. 382. 388. 394. 411. 403. 408. 413. 416. 407. 425. 416. 423. 423.
  415. 428. 435. 429. 433. 432. 427. 433. 431. 433. 431. 435.]]
##############################
[[163. 193. 208. 208. 218. 214. 209. 214. 196. 197. 171. 168. 190. 188.
  198. 200. 207. 217. 218. 222. 231. 228. 229. 234. 239. 241. 248. 248.
  249. 249. 245. 251. 248. 250. 253. 252. 258. 252. 252. 246.]
 [600. 600. 600. 600. 600. 600. 600. 600. 550. 550. 550. 549. 549. 548.
  546. 548. 548. 546. 547. 546. 547. 546. 546. 546. 546. 546. 546. 547.
  548. 548. 547. 546. 547. 546. 547. 548. 547. 547. 548. 548.]
 [409. 461. 468. 478. 470. 481. 475. 482. 440. 441. 354. 330. 351. 342.
  363. 364. 365. 375. 375. 384. 389. 391. 393. 394. 395. 412. 416. 417.
  418. 416. 421. 419. 428. 438. 421. 432. 438. 433. 433. 433.]
 [407. 444. 461. 465. 470. 464. 475. 475. 435. 434. 361. 358. 368. 371.
  380. 382. 388. 394. 411. 403. 408. 413. 416. 407. 425. 416. 423. 423.
  415. 428. 435. 429. 433. 432. 427. 433. 431. 433. 431. 435.]]
##############################
[[163. 193. 208. 208. 218. 214. 209. 214. 214. 197. 171. 168. 190. 188.
  198. 200. 207. 217. 218. 222. 231. 228. 229. 234. 239. 241. 248. 248.
  249. 249. 245. 251. 248. 250. 253. 252. 258. 252. 252. 246.]
 [600. 600. 600. 600. 600. 600. 600. 600. 600. 550. 550. 549. 549. 548.
  546. 548. 548. 546. 547. 546. 547. 546. 546. 546. 546. 546. 546. 547.
  548. 548. 547. 546. 547. 546. 547. 548. 547. 547. 548. 548.]
 [409. 461. 468. 478. 470. 481. 475. 482. 480. 441. 354. 330. 351. 342.
  363. 364. 365. 375. 375. 384. 389. 391. 393. 394. 395. 412. 416. 417.
  418. 416. 421. 419. 428. 438. 421. 432. 438. 433. 433. 433.]
 [407. 444. 461. 465. 470. 464. 475. 475. 474. 434. 361. 358. 368. 371.
  380. 382. 388. 394. 411. 403. 408. 413. 416. 407. 425. 416. 423. 423.
  415. 428. 435. 429. 433. 432. 427. 433. 431. 433. 431. 435.]]
##############################
[[163. 193. 208. 208. 218. 214. 209. 214. 214. 216. 171. 168. 190. 188.
  198. 200. 207. 217. 218. 222. 231. 228. 229. 234. 239. 241. 248. 248.
  249. 249. 245. 251. 248. 250. 253. 252. 258. 252. 252. 246.]
 [600. 600. 600. 600. 600. 600. 600. 600. 600. 600. 550. 549. 549. 548.
  546. 548. 548. 546. 547. 546. 547. 546. 546. 546. 546. 546. 546. 547.
  548. 548. 547. 546. 547. 546. 547. 548. 547. 547. 548. 548.]
 [409. 461. 468. 478. 470. 481. 475. 482. 480. 482. 354. 330. 351. 342.
  363. 364. 365. 375. 375. 384. 389. 391. 393. 394. 395. 412. 416. 417.
  418. 416. 421. 419. 428. 438. 421. 432. 438. 433. 433. 433.]
 [407. 444. 461. 465. 470. 464. 475. 475. 474. 475. 361. 358. 368. 371.
  380. 382. 388. 394. 411. 403. 408. 413. 416. 407. 425. 416. 423. 423.
  415. 428. 435. 429. 433. 432. 427. 433. 431. 433. 431. 435.]]
##############################
[[163. 193. 208. 208. 218. 214. 209. 214. 214. 216. 186. 168. 190. 188.
  198. 200. 207. 217. 218. 222. 231. 228. 229. 234. 239. 241. 248. 248.
  249. 249. 245. 251. 248. 250. 253. 252. 258. 252. 252. 246.]
 [600. 600. 600. 600. 600. 600. 600. 600. 600. 600. 600. 549. 549. 548.
  546. 548. 548. 546. 547. 546. 547. 546. 546. 546. 546. 546. 546. 547.
  548. 548. 547. 546. 547. 546. 547. 548. 547. 547. 548. 548.]
 [409. 461. 468. 478. 470. 481. 475. 482. 480. 482. 386. 330. 351. 342.
  363. 364. 365. 375. 375. 384. 389. 391. 393. 394. 395. 412. 416. 417.
  418. 416. 421. 419. 428. 438. 421. 432. 438. 433. 433. 433.]
 [407. 444. 461. 465. 470. 464. 475. 475. 474. 475. 393. 358. 368. 371.
  380. 382. 388. 394. 411. 403. 408. 413. 416. 407. 425. 416. 423. 423.
  415. 428. 435. 429. 433. 432. 427. 433. 431. 433. 431. 435.]]
##############################
[[163. 193. 208. 208. 218. 214. 209. 214. 214. 216. 186. 182. 190. 188.
  198. 200. 207. 217. 218. 222. 231. 228. 229. 234. 239. 241. 248. 248.
  249. 249. 245. 251. 248. 250. 253. 252. 258. 252. 252. 246.]
 [600. 600. 600. 600. 600. 600. 600. 600. 600. 600. 600. 599. 549. 548.
  546. 548. 548. 546. 547. 546. 547. 546. 546. 546. 546. 546. 546. 547.
  548. 548. 547. 546. 547. 546. 547. 548. 547. 547. 548. 548.]
 [409. 461. 468. 478. 470. 481. 475. 482. 480. 482. 386. 359. 351. 342.
  363. 364. 365. 375. 375. 384. 389. 391. 393. 394. 395. 412. 416. 417.
  418. 416. 421. 419. 428. 438. 421. 432. 438. 433. 433. 433.]
 [407. 444. 461. 465. 470. 464. 475. 475. 474. 475. 393. 391. 368. 371.
  380. 382. 388. 394. 411. 403. 408. 413. 416. 407. 425. 416. 423. 423.
  415. 428. 435. 429. 433. 432. 427. 433. 431. 433. 431. 435.]]
##############################
[[163. 193. 208. 208. 218. 214. 209. 214. 214. 216. 186. 182. 204. 188.
  198. 200. 207. 217. 218. 222. 231. 228. 229. 234. 239. 241. 248. 248.
  249. 249. 245. 251. 248. 250. 253. 252. 258. 252. 252. 246.]
 [600. 600. 600. 600. 600. 600. 600. 600. 600. 600. 600. 599. 598. 548.
  546. 548. 548. 546. 547. 546. 547. 546. 546. 546. 546. 546. 546. 547.
  548. 548. 547. 546. 547. 546. 547. 548. 547. 547. 548. 548.]
 [409. 461. 468. 478. 470. 481. 475. 482. 480. 482. 386. 359. 384. 342.
  363. 364. 365. 375. 375. 384. 389. 391. 393. 394. 395. 412. 416. 417.
  418. 416. 421. 419. 428. 438. 421. 432. 438. 433. 433. 433.]
 [407. 444. 461. 465. 470. 464. 475. 475. 474. 475. 393. 391. 400. 371.
  380. 382. 388. 394. 411. 403. 408. 413. 416. 407. 425. 416. 423. 423.
  415. 428. 435. 429. 433. 432. 427. 433. 431. 433. 431. 435.]]
##############################
[[163. 193. 208. 208. 218. 214. 209. 214. 214. 216. 186. 182. 204. 204.
  198. 200. 207. 217. 218. 222. 231. 228. 229. 234. 239. 241. 248. 248.
  249. 249. 245. 251. 248. 250. 253. 252. 258. 252. 252. 246.]
 [600. 600. 600. 600. 600. 600. 600. 600. 600. 600. 600. 599. 598. 598.
  546. 548. 548. 546. 547. 546. 547. 546. 546. 546. 546. 546. 546. 547.
  548. 548. 547. 546. 547. 546. 547. 548. 547. 547. 548. 548.]
 [409. 461. 468. 478. 470. 481. 475. 482. 480. 482. 386. 359. 384. 372.
  363. 364. 365. 375. 375. 384. 389. 391. 393. 394. 395. 412. 416. 417.
  418. 416. 421. 419. 428. 438. 421. 432. 438. 433. 433. 433.]
 [407. 444. 461. 465. 470. 464. 475. 475. 474. 475. 393. 391. 400. 406.
  380. 382. 388. 394. 411. 403. 408. 413. 416. 407. 425. 416. 423. 423.
  415. 428. 435. 429. 433. 432. 427. 433. 431. 433. 431. 435.]]
##############################
[[163. 193. 208. 208. 218. 214. 209. 214. 214. 216. 186. 182. 204. 204.
  214. 200. 207. 217. 218. 222. 231. 228. 229. 234. 239. 241. 248. 248.
  249. 249. 245. 251. 248. 250. 253. 252. 258. 252. 252. 246.]
 [600. 600. 600. 600. 600. 600. 600. 600. 600. 600. 600. 599. 598. 598.
  596. 548. 548. 546. 547. 546. 547. 546. 546. 546. 546. 546. 546. 547.
  548. 548. 547. 546. 547. 546. 547. 548. 547. 547. 548. 548.]
 [409. 461. 468. 478. 470. 481. 475. 482. 480. 482. 386. 359. 384. 372.
  394. 364. 365. 375. 375. 384. 389. 391. 393. 394. 395. 412. 416. 417.
  418. 416. 421. 419. 428. 438. 421. 432. 438. 433. 433. 433.]
 [407. 444. 461. 465. 470. 464. 475. 475. 474. 475. 393. 391. 400. 406.
  415. 382. 388. 394. 411. 403. 408. 413. 416. 407. 425. 416. 423. 423.
  415. 428. 435. 429. 433. 432. 427. 433. 431. 433. 431. 435.]]
##############################
[[163. 193. 208. 208. 218. 214. 209. 214. 214. 216. 186. 182. 204. 204.
  214. 216. 207. 217. 218. 222. 231. 228. 229. 234. 239. 241. 248. 248.
  249. 249. 245. 251. 248. 250. 253. 252. 258. 252. 252. 246.]
 [600. 600. 600. 600. 600. 600. 600. 600. 600. 600. 600. 599. 598. 598.
  596. 598. 548. 546. 547. 546. 547. 546. 546. 546. 546. 546. 546. 547.
  548. 548. 547. 546. 547. 546. 547. 548. 547. 547. 548. 548.]
 [409. 461. 468. 478. 470. 481. 475. 482. 480. 482. 386. 359. 384. 372.
  394. 396. 365. 375. 375. 384. 389. 391. 393. 394. 395. 412. 416. 417.
  418. 416. 421. 419. 428. 438. 421. 432. 438. 433. 433. 433.]
 [407. 444. 461. 465. 470. 464. 475. 475. 474. 475. 393. 391. 400. 406.
  415. 415. 388. 394. 411. 403. 408. 413. 416. 407. 425. 416. 423. 423.
  415. 428. 435. 429. 433. 432. 427. 433. 431. 433. 431. 435.]]
##############################
[[163. 193. 208. 208. 218. 214. 209. 214. 214. 216. 186. 182. 204. 204.
  214. 216. 225. 217. 218. 222. 231. 228. 229. 234. 239. 241. 248. 248.
  249. 249. 245. 251. 248. 250. 253. 252. 258. 252. 252. 246.]
 [600. 600. 600. 600. 600. 600. 600. 600. 600. 600. 600. 599. 598. 598.
  596. 598. 598. 546. 547. 546. 547. 546. 546. 546. 546. 546. 546. 547.
  548. 548. 547. 546. 547. 546. 547. 548. 547. 547. 548. 548.]
 [409. 461. 468. 478. 470. 481. 475. 482. 480. 482. 386. 359. 384. 372.
  394. 396. 396. 375. 375. 384. 389. 391. 393. 394. 395. 412. 416. 417.
  418. 416. 421. 419. 428. 438. 421. 432. 438. 433. 433. 433.]
 [407. 444. 461. 465. 470. 464. 475. 475. 474. 475. 393. 391. 400. 406.
  415. 415. 420. 394. 411. 403. 408. 413. 416. 407. 425. 416. 423. 423.
  415. 428. 435. 429. 433. 432. 427. 433. 431. 433. 431. 435.]]
##############################
[[163. 193. 208. 208. 218. 214. 209. 214. 214. 216. 186. 182. 204. 204.
  214. 216. 225. 237. 218. 222. 231. 228. 229. 234. 239. 241. 248. 248.
  249. 249. 245. 251. 248. 250. 253. 252. 258. 252. 252. 246.]
 [600. 600. 600. 600. 600. 600. 600. 600. 600. 600. 600. 599. 598. 598.
  596. 598. 598. 595. 547. 546. 547. 546. 546. 546. 546. 546. 546. 547.
  548. 548. 547. 546. 547. 546. 547. 548. 547. 547. 548. 548.]
 [409. 461. 468. 478. 470. 481. 475. 482. 480. 482. 386. 359. 384. 372.
  394. 396. 396. 408. 375. 384. 389. 391. 393. 394. 395. 412. 416. 417.
  418. 416. 421. 419. 428. 438. 421. 432. 438. 433. 433. 433.]
 [407. 444. 461. 465. 470. 464. 475. 475. 474. 475. 393. 391. 400. 406.
  415. 415. 420. 426. 411. 403. 408. 413. 416. 407. 425. 416. 423. 423.
  415. 428. 435. 429. 433. 432. 427. 433. 431. 433. 431. 435.]]
##############################
[[163. 193. 208. 208. 218. 214. 209. 214. 214. 216. 186. 182. 204. 204.
  214. 216. 225. 237. 240. 222. 231. 228. 229. 234. 239. 241. 248. 248.
  249. 249. 245. 251. 248. 250. 253. 252. 258. 252. 252. 246.]
 [600. 600. 600. 600. 600. 600. 600. 600. 600. 600. 600. 599. 598. 598.
  596. 598. 598. 595. 596. 546. 547. 546. 546. 546. 546. 546. 546. 547.
  548. 548. 547. 546. 547. 546. 547. 548. 547. 547. 548. 548.]
 [409. 461. 468. 478. 470. 481. 475. 482. 480. 482. 386. 359. 384. 372.
  394. 396. 396. 408. 407. 384. 389. 391. 393. 394. 395. 412. 416. 417.
  418. 416. 421. 419. 428. 438. 421. 432. 438. 433. 433. 433.]
 [407. 444. 461. 465. 470. 464. 475. 475. 474. 475. 393. 391. 400. 406.
  415. 415. 420. 426. 446. 403. 408. 413. 416. 407. 425. 416. 423. 423.
  415. 428. 435. 429. 433. 432. 427. 433. 431. 433. 431. 435.]]
##############################
[[163. 193. 208. 208. 218. 214. 209. 214. 214. 216. 186. 182. 204. 204.
  214. 216. 225. 237. 240. 244. 231. 228. 229. 234. 239. 241. 248. 248.
  249. 249. 245. 251. 248. 250. 253. 252. 258. 252. 252. 246.]
 [600. 600. 600. 600. 600. 600. 600. 600. 600. 600. 600. 599. 598. 598.
  596. 598. 598. 595. 596. 594. 547. 546. 546. 546. 546. 546. 546. 547.
  548. 548. 547. 546. 547. 546. 547. 548. 547. 547. 548. 548.]
 [409. 461. 468. 478. 470. 481. 475. 482. 480. 482. 386. 359. 384. 372.
  394. 396. 396. 408. 407. 416. 389. 391. 393. 394. 395. 412. 416. 417.
  418. 416. 421. 419. 428. 438. 421. 432. 438. 433. 433. 433.]
 [407. 444. 461. 465. 470. 464. 475. 475. 474. 475. 393. 391. 400. 406.
  415. 415. 420. 426. 446. 438. 408. 413. 416. 407. 425. 416. 423. 423.
  415. 428. 435. 429. 433. 432. 427. 433. 431. 433. 431. 435.]]
##############################
[[163. 193. 208. 208. 218. 214. 209. 214. 214. 216. 186. 182. 204. 204.
  214. 216. 225. 237. 240. 244. 253. 228. 229. 234. 239. 241. 248. 248.
  249. 249. 245. 251. 248. 250. 253. 252. 258. 252. 252. 246.]
 [600. 600. 600. 600. 600. 600. 600. 600. 600. 600. 600. 599. 598. 598.
  596. 598. 598. 595. 596. 594. 597. 546. 546. 546. 546. 546. 546. 547.
  548. 548. 547. 546. 547. 546. 547. 548. 547. 547. 548. 548.]
 [409. 461. 468. 478. 470. 481. 475. 482. 480. 482. 386. 359. 384. 372.
  394. 396. 396. 408. 407. 416. 425. 391. 393. 394. 395. 412. 416. 417.
  418. 416. 421. 419. 428. 438. 421. 432. 438. 433. 433. 433.]
 [407. 444. 461. 465. 470. 464. 475. 475. 474. 475. 393. 391. 400. 406.
  415. 415. 420. 426. 446. 438. 442. 413. 416. 407. 425. 416. 423. 423.
  415. 428. 435. 429. 433. 432. 427. 433. 431. 433. 431. 435.]]
##############################
[[163. 193. 208. 208. 218. 214. 209. 214. 214. 216. 186. 182. 204. 204.
  214. 216. 225. 237. 240. 244. 253. 250. 229. 234. 239. 241. 248. 248.
  249. 249. 245. 251. 248. 250. 253. 252. 258. 252. 252. 246.]
 [600. 600. 600. 600. 600. 600. 600. 600. 600. 600. 600. 599. 598. 598.
  596. 598. 598. 595. 596. 594. 597. 595. 546. 546. 546. 546. 546. 547.
  548. 548. 547. 546. 547. 546. 547. 548. 547. 547. 548. 548.]
 [409. 461. 468. 478. 470. 481. 475. 482. 480. 482. 386. 359. 384. 372.
  394. 396. 396. 408. 407. 416. 425. 425. 393. 394. 395. 412. 416. 417.
  418. 416. 421. 419. 428. 438. 421. 432. 438. 433. 433. 433.]
 [407. 444. 461. 465. 470. 464. 475. 475. 474. 475. 393. 391. 400. 406.
  415. 415. 420. 426. 446. 438. 442. 448. 416. 407. 425. 416. 423. 423.
  415. 428. 435. 429. 433. 432. 427. 433. 431. 433. 431. 435.]]
##############################
[[163. 193. 208. 208. 218. 214. 209. 214. 214. 216. 186. 182. 204. 204.
  214. 216. 225. 237. 240. 244. 253. 250. 250. 234. 239. 241. 248. 248.
  249. 249. 245. 251. 248. 250. 253. 252. 258. 252. 252. 246.]
 [600. 600. 600. 600. 600. 600. 600. 600. 600. 600. 600. 599. 598. 598.
  596. 598. 598. 595. 596. 594. 597. 595. 595. 546. 546. 546. 546. 547.
  548. 548. 547. 546. 547. 546. 547. 548. 547. 547. 548. 548.]
 [409. 461. 468. 478. 470. 481. 475. 482. 480. 482. 386. 359. 384. 372.
  394. 396. 396. 408. 407. 416. 425. 425. 431. 394. 395. 412. 416. 417.
  418. 416. 421. 419. 428. 438. 421. 432. 438. 433. 433. 433.]
 [407. 444. 461. 465. 470. 464. 475. 475. 474. 475. 393. 391. 400. 406.
  415. 415. 420. 426. 446. 438. 442. 448. 451. 407. 425. 416. 423. 423.
  415. 428. 435. 429. 433. 432. 427. 433. 431. 433. 431. 435.]]
##############################
[[163. 193. 208. 208. 218. 214. 209. 214. 214. 216. 186. 182. 204. 204.
  214. 216. 225. 237. 240. 244. 253. 250. 250. 257. 239. 241. 248. 248.
  249. 249. 245. 251. 248. 250. 253. 252. 258. 252. 252. 246.]
 [600. 600. 600. 600. 600. 600. 600. 600. 600. 600. 600. 599. 598. 598.
  596. 598. 598. 595. 596. 594. 597. 595. 595. 596. 546. 546. 546. 547.
  548. 548. 547. 546. 547. 546. 547. 548. 547. 547. 548. 548.]
 [409. 461. 468. 478. 470. 481. 475. 482. 480. 482. 386. 359. 384. 372.
  394. 396. 396. 408. 407. 416. 425. 425. 431. 430. 395. 412. 416. 417.
  418. 416. 421. 419. 428. 438. 421. 432. 438. 433. 433. 433.]
 [407. 444. 461. 465. 470. 464. 475. 475. 474. 475. 393. 391. 400. 406.
  415. 415. 420. 426. 446. 438. 442. 448. 451. 444. 425. 416. 423. 423.
  415. 428. 435. 429. 433. 432. 427. 433. 431. 433. 431. 435.]]
##############################
[[163. 193. 208. 208. 218. 214. 209. 214. 214. 216. 186. 182. 204. 204.
  214. 216. 225. 237. 240. 244. 253. 250. 250. 257. 262. 241. 248. 248.
  249. 249. 245. 251. 248. 250. 253. 252. 258. 252. 252. 246.]
 [600. 600. 600. 600. 600. 600. 600. 600. 600. 600. 600. 599. 598. 598.
  596. 598. 598. 595. 596. 594. 597. 595. 595. 596. 596. 546. 546. 547.
  548. 548. 547. 546. 547. 546. 547. 548. 547. 547. 548. 548.]
 [409. 461. 468. 478. 470. 481. 475. 482. 480. 482. 386. 359. 384. 372.
  394. 396. 396. 408. 407. 416. 425. 425. 431. 430. 431. 412. 416. 417.
  418. 416. 421. 419. 428. 438. 421. 432. 438. 433. 433. 433.]
 [407. 444. 461. 465. 470. 464. 475. 475. 474. 475. 393. 391. 400. 406.
  415. 415. 420. 426. 446. 438. 442. 448. 451. 444. 463. 416. 423. 423.
  415. 428. 435. 429. 433. 432. 427. 433. 431. 433. 431. 435.]]
##############################
[[163. 193. 208. 208. 218. 214. 209. 214. 214. 216. 186. 182. 204. 204.
  214. 216. 225. 237. 240. 244. 253. 250. 250. 257. 262. 265. 248. 248.
  249. 249. 245. 251. 248. 250. 253. 252. 258. 252. 252. 246.]
 [600. 600. 600. 600. 600. 600. 600. 600. 600. 600. 600. 599. 598. 598.
  596. 598. 598. 595. 596. 594. 597. 595. 595. 596. 596. 596. 546. 547.
  548. 548. 547. 546. 547. 546. 547. 548. 547. 547. 548. 548.]
 [409. 461. 468. 478. 470. 481. 475. 482. 480. 482. 386. 359. 384. 372.
  394. 396. 396. 408. 407. 416. 425. 425. 431. 430. 431. 450. 416. 417.
  418. 416. 421. 419. 428. 438. 421. 432. 438. 433. 433. 433.]
 [407. 444. 461. 465. 470. 464. 475. 475. 474. 475. 393. 391. 400. 406.
  415. 415. 420. 426. 446. 438. 442. 448. 451. 444. 463. 454. 423. 423.
  415. 428. 435. 429. 433. 432. 427. 433. 431. 433. 431. 435.]]
##############################
[[163. 193. 208. 208. 218. 214. 209. 214. 214. 216. 186. 182. 204. 204.
  214. 216. 225. 237. 240. 244. 253. 250. 250. 257. 262. 265. 273. 248.
  249. 249. 245. 251. 248. 250. 253. 252. 258. 252. 252. 246.]
 [600. 600. 600. 600. 600. 600. 600. 600. 600. 600. 600. 599. 598. 598.
  596. 598. 598. 595. 596. 594. 597. 595. 595. 596. 596. 596. 596. 547.
  548. 548. 547. 546. 547. 546. 547. 548. 547. 547. 548. 548.]
 [409. 461. 468. 478. 470. 481. 475. 482. 480. 482. 386. 359. 384. 372.
  394. 396. 396. 408. 407. 416. 425. 425. 431. 430. 431. 450. 454. 417.
  418. 416. 421. 419. 428. 438. 421. 432. 438. 433. 433. 433.]
 [407. 444. 461. 465. 470. 464. 475. 475. 474. 475. 393. 391. 400. 406.
  415. 415. 420. 426. 446. 438. 442. 448. 451. 444. 463. 454. 461. 423.
  415. 428. 435. 429. 433. 432. 427. 433. 431. 433. 431. 435.]]
##############################
[[163. 193. 208. 208. 218. 214. 209. 214. 214. 216. 186. 182. 204. 204.
  214. 216. 225. 237. 240. 244. 253. 250. 250. 257. 262. 265. 273. 271.
  249. 249. 245. 251. 248. 250. 253. 252. 258. 252. 252. 246.]
 [600. 600. 600. 600. 600. 600. 600. 600. 600. 600. 600. 599. 598. 598.
  596. 598. 598. 595. 596. 594. 597. 595. 595. 596. 596. 596. 596. 597.
  548. 548. 547. 546. 547. 546. 547. 548. 547. 547. 548. 548.]
 [409. 461. 468. 478. 470. 481. 475. 482. 480. 482. 386. 359. 384. 372.
  394. 396. 396. 408. 407. 416. 425. 425. 431. 430. 431. 450. 454. 450.
  418. 416. 421. 419. 428. 438. 421. 432. 438. 433. 433. 433.]
 [407. 444. 461. 465. 470. 464. 475. 475. 474. 475. 393. 391. 400. 406.
  415. 415. 420. 426. 446. 438. 442. 448. 451. 444. 463. 454. 461. 459.
  415. 428. 435. 429. 433. 432. 427. 433. 431. 433. 431. 435.]]
##############################
[[163. 193. 208. 208. 218. 214. 209. 214. 214. 216. 186. 182. 204. 204.
  214. 216. 225. 237. 240. 244. 253. 250. 250. 257. 262. 265. 273. 271.
  274. 249. 245. 251. 248. 250. 253. 252. 258. 252. 252. 246.]
 [600. 600. 600. 600. 600. 600. 600. 600. 600. 600. 600. 599. 598. 598.
  596. 598. 598. 595. 596. 594. 597. 595. 595. 596. 596. 596. 596. 597.
  598. 548. 547. 546. 547. 546. 547. 548. 547. 547. 548. 548.]
 [409. 461. 468. 478. 470. 481. 475. 482. 480. 482. 386. 359. 384. 372.
  394. 396. 396. 408. 407. 416. 425. 425. 431. 430. 431. 450. 454. 450.
  458. 416. 421. 419. 428. 438. 421. 432. 438. 433. 433. 433.]
 [407. 444. 461. 465. 470. 464. 475. 475. 474. 475. 393. 391. 400. 406.
  415. 415. 420. 426. 446. 438. 442. 448. 451. 444. 463. 454. 461. 459.
  452. 428. 435. 429. 433. 432. 427. 433. 431. 433. 431. 435.]]
##############################
[[163. 193. 208. 208. 218. 214. 209. 214. 214. 216. 186. 182. 204. 204.
  214. 216. 225. 237. 240. 244. 253. 250. 250. 257. 262. 265. 273. 271.
  274. 273. 245. 251. 248. 250. 253. 252. 258. 252. 252. 246.]
 [600. 600. 600. 600. 600. 600. 600. 600. 600. 600. 600. 599. 598. 598.
  596. 598. 598. 595. 596. 594. 597. 595. 595. 596. 596. 596. 596. 597.
  598. 598. 547. 546. 547. 546. 547. 548. 547. 547. 548. 548.]
 [409. 461. 468. 478. 470. 481. 475. 482. 480. 482. 386. 359. 384. 372.
  394. 396. 396. 408. 407. 416. 425. 425. 431. 430. 431. 450. 454. 450.
  458. 456. 421. 419. 428. 438. 421. 432. 438. 433. 433. 433.]
 [407. 444. 461. 465. 470. 464. 475. 475. 474. 475. 393. 391. 400. 406.
  415. 415. 420. 426. 446. 438. 442. 448. 451. 444. 463. 454. 461. 459.
  452. 466. 435. 429. 433. 432. 427. 433. 431. 433. 431. 435.]]
##############################
[[163. 193. 208. 208. 218. 214. 209. 214. 214. 216. 186. 182. 204. 204.
  214. 216. 225. 237. 240. 244. 253. 250. 250. 257. 262. 265. 273. 271.
  274. 273. 268. 251. 248. 250. 253. 252. 258. 252. 252. 246.]
 [600. 600. 600. 600. 600. 600. 600. 600. 600. 600. 600. 599. 598. 598.
  596. 598. 598. 595. 596. 594. 597. 595. 595. 596. 596. 596. 596. 597.
  598. 598. 597. 546. 547. 546. 547. 548. 547. 547. 548. 548.]
 [409. 461. 468. 478. 470. 481. 475. 482. 480. 482. 386. 359. 384. 372.
  394. 396. 396. 408. 407. 416. 425. 425. 431. 430. 431. 450. 454. 450.
  458. 456. 461. 419. 428. 438. 421. 432. 438. 433. 433. 433.]
 [407. 444. 461. 465. 470. 464. 475. 475. 474. 475. 393. 391. 400. 406.
  415. 415. 420. 426. 446. 438. 442. 448. 451. 444. 463. 454. 461. 459.
  452. 466. 473. 429. 433. 432. 427. 433. 431. 433. 431. 435.]]
##############################
[[163. 193. 208. 208. 218. 214. 209. 214. 214. 216. 186. 182. 204. 204.
  214. 216. 225. 237. 240. 244. 253. 250. 250. 257. 262. 265. 273. 271.
  274. 273. 268. 275. 248. 250. 253. 252. 258. 252. 252. 246.]
 [600. 600. 600. 600. 600. 600. 600. 600. 600. 600. 600. 599. 598. 598.
  596. 598. 598. 595. 596. 594. 597. 595. 595. 596. 596. 596. 596. 597.
  598. 598. 597. 596. 547. 546. 547. 548. 547. 547. 548. 548.]
 [409. 461. 468. 478. 470. 481. 475. 482. 480. 482. 386. 359. 384. 372.
  394. 396. 396. 408. 407. 416. 425. 425. 431. 430. 431. 450. 454. 450.
  458. 456. 461. 456. 428. 438. 421. 432. 438. 433. 433. 433.]
 [407. 444. 461. 465. 470. 464. 475. 475. 474. 475. 393. 391. 400. 406.
  415. 415. 420. 426. 446. 438. 442. 448. 451. 444. 463. 454. 461. 459.
  452. 466. 473. 468. 433. 432. 427. 433. 431. 433. 431. 435.]]
##############################
[[163. 193. 208. 208. 218. 214. 209. 214. 214. 216. 186. 182. 204. 204.
  214. 216. 225. 237. 240. 244. 253. 250. 250. 257. 262. 265. 273. 271.
  274. 273. 268. 275. 272. 250. 253. 252. 258. 252. 252. 246.]
 [600. 600. 600. 600. 600. 600. 600. 600. 600. 600. 600. 599. 598. 598.
  596. 598. 598. 595. 596. 594. 597. 595. 595. 596. 596. 596. 596. 597.
  598. 598. 597. 596. 597. 546. 547. 548. 547. 547. 548. 548.]
 [409. 461. 468. 478. 470. 481. 475. 482. 480. 482. 386. 359. 384. 372.
  394. 396. 396. 408. 407. 416. 425. 425. 431. 430. 431. 450. 454. 450.
  458. 456. 461. 456. 466. 438. 421. 432. 438. 433. 433. 433.]
 [407. 444. 461. 465. 470. 464. 475. 475. 474. 475. 393. 391. 400. 406.
  415. 415. 420. 426. 446. 438. 442. 448. 451. 444. 463. 454. 461. 459.
  452. 466. 473. 468. 473. 432. 427. 433. 431. 433. 431. 435.]]
##############################
[[163. 193. 208. 208. 218. 214. 209. 214. 214. 216. 186. 182. 204. 204.
  214. 216. 225. 237. 240. 244. 253. 250. 250. 257. 262. 265. 273. 271.
  274. 273. 268. 275. 272. 276. 253. 252. 258. 252. 252. 246.]
 [600. 600. 600. 600. 600. 600. 600. 600. 600. 600. 600. 599. 598. 598.
  596. 598. 598. 595. 596. 594. 597. 595. 595. 596. 596. 596. 596. 597.
  598. 598. 597. 596. 597. 595. 547. 548. 547. 547. 548. 548.]
 [409. 461. 468. 478. 470. 481. 475. 482. 480. 482. 386. 359. 384. 372.
  394. 396. 396. 408. 407. 416. 425. 425. 431. 430. 431. 450. 454. 450.
  458. 456. 461. 456. 466. 478. 421. 432. 438. 433. 433. 433.]
 [407. 444. 461. 465. 470. 464. 475. 475. 474. 475. 393. 391. 400. 406.
  415. 415. 420. 426. 446. 438. 442. 448. 451. 444. 463. 454. 461. 459.
  452. 466. 473. 468. 473. 472. 427. 433. 431. 433. 431. 435.]]
##############################
[[163. 193. 208. 208. 218. 214. 209. 214. 214. 216. 186. 182. 204. 204.
  214. 216. 225. 237. 240. 244. 253. 250. 250. 257. 262. 265. 273. 271.
  274. 273. 268. 275. 272. 276. 280. 252. 258. 252. 252. 246.]
 [600. 600. 600. 600. 600. 600. 600. 600. 600. 600. 600. 599. 598. 598.
  596. 598. 598. 595. 596. 594. 597. 595. 595. 596. 596. 596. 596. 597.
  598. 598. 597. 596. 597. 595. 597. 548. 547. 547. 548. 548.]
 [409. 461. 468. 478. 470. 481. 475. 482. 480. 482. 386. 359. 384. 372.
  394. 396. 396. 408. 407. 416. 425. 425. 431. 430. 431. 450. 454. 450.
  458. 456. 461. 456. 466. 478. 460. 432. 438. 433. 433. 433.]
 [407. 444. 461. 465. 470. 464. 475. 475. 474. 475. 393. 391. 400. 406.
  415. 415. 420. 426. 446. 438. 442. 448. 451. 444. 463. 454. 461. 459.
  452. 466. 473. 468. 473. 472. 467. 433. 431. 433. 431. 435.]]
##############################
[[163. 193. 208. 208. 218. 214. 209. 214. 214. 216. 186. 182. 204. 204.
  214. 216. 225. 237. 240. 244. 253. 250. 250. 257. 262. 265. 273. 271.
  274. 273. 268. 275. 272. 276. 280. 276. 258. 252. 252. 246.]
 [600. 600. 600. 600. 600. 600. 600. 600. 600. 600. 600. 599. 598. 598.
  596. 598. 598. 595. 596. 594. 597. 595. 595. 596. 596. 596. 596. 597.
  598. 598. 597. 596. 597. 595. 597. 598. 547. 547. 548. 548.]
 [409. 461. 468. 478. 470. 481. 475. 482. 480. 482. 386. 359. 384. 372.
  394. 396. 396. 408. 407. 416. 425. 425. 431. 430. 431. 450. 454. 450.
  458. 456. 461. 456. 466. 478. 460. 471. 438. 433. 433. 433.]
 [407. 444. 461. 465. 470. 464. 475. 475. 474. 475. 393. 391. 400. 406.
  415. 415. 420. 426. 446. 438. 442. 448. 451. 444. 463. 454. 461. 459.
  452. 466. 473. 468. 473. 472. 467. 474. 431. 433. 431. 435.]]
##############################
[[163. 193. 208. 208. 218. 214. 209. 214. 214. 216. 186. 182. 204. 204.
  214. 216. 225. 237. 240. 244. 253. 250. 250. 257. 262. 265. 273. 271.
  274. 273. 268. 275. 272. 276. 280. 276. 287. 252. 252. 246.]
 [600. 600. 600. 600. 600. 600. 600. 600. 600. 600. 600. 599. 598. 598.
  596. 598. 598. 595. 596. 594. 597. 595. 595. 596. 596. 596. 596. 597.
  598. 598. 597. 596. 597. 595. 597. 598. 597. 547. 548. 548.]
 [409. 461. 468. 478. 470. 481. 475. 482. 480. 482. 386. 359. 384. 372.
  394. 396. 396. 408. 407. 416. 425. 425. 431. 430. 431. 450. 454. 450.
  458. 456. 461. 456. 466. 478. 460. 471. 476. 433. 433. 433.]
 [407. 444. 461. 465. 470. 464. 475. 475. 474. 475. 393. 391. 400. 406.
  415. 415. 420. 426. 446. 438. 442. 448. 451. 444. 463. 454. 461. 459.
  452. 466. 473. 468. 473. 472. 467. 474. 471. 433. 431. 435.]]
##############################
[[163. 193. 208. 208. 218. 214. 209. 214. 214. 216. 186. 182. 204. 204.
  214. 216. 225. 237. 240. 244. 253. 250. 250. 257. 262. 265. 273. 271.
  274. 273. 268. 275. 272. 276. 280. 276. 287. 278. 252. 246.]
 [600. 600. 600. 600. 600. 600. 600. 600. 600. 600. 600. 599. 598. 598.
  596. 598. 598. 595. 596. 594. 597. 595. 595. 596. 596. 596. 596. 597.
  598. 598. 597. 596. 597. 595. 597. 598. 597. 596. 548. 548.]
 [409. 461. 468. 478. 470. 481. 475. 482. 480. 482. 386. 359. 384. 372.
  394. 396. 396. 408. 407. 416. 425. 425. 431. 430. 431. 450. 454. 450.
  458. 456. 461. 456. 466. 478. 460. 471. 476. 473. 433. 433.]
 [407. 444. 461. 465. 470. 464. 475. 475. 474. 475. 393. 391. 400. 406.
  415. 415. 420. 426. 446. 438. 442. 448. 451. 444. 463. 454. 461. 459.
  452. 466. 473. 468. 473. 472. 467. 474. 471. 472. 431. 435.]]
##############################
[[163. 193. 208. 208. 218. 214. 209. 214. 214. 216. 186. 182. 204. 204.
  214. 216. 225. 237. 240. 244. 253. 250. 250. 257. 262. 265. 273. 271.
  274. 273. 268. 275. 272. 276. 280. 276. 287. 278. 280. 246.]
 [600. 600. 600. 600. 600. 600. 600. 600. 600. 600. 600. 599. 598. 598.
  596. 598. 598. 595. 596. 594. 597. 595. 595. 596. 596. 596. 596. 597.
  598. 598. 597. 596. 597. 595. 597. 598. 597. 596. 598. 548.]
 [409. 461. 468. 478. 470. 481. 475. 482. 480. 482. 386. 359. 384. 372.
  394. 396. 396. 408. 407. 416. 425. 425. 431. 430. 431. 450. 454. 450.
  458. 456. 461. 456. 466. 478. 460. 471. 476. 473. 474. 433.]
 [407. 444. 461. 465. 470. 464. 475. 475. 474. 475. 393. 391. 400. 406.
  415. 415. 420. 426. 446. 438. 442. 448. 451. 444. 463. 454. 461. 459.
  452. 466. 473. 468. 473. 472. 467. 474. 471. 472. 471. 435.]]
##############################
[[163. 193. 208. 208. 218. 214. 209. 214. 214. 216. 186. 182. 204. 204.
  214. 216. 225. 237. 240. 244. 253. 250. 250. 257. 262. 265. 273. 271.
  274. 273. 268. 275. 272. 276. 280. 276. 287. 278. 280. 272.]
 [600. 600. 600. 600. 600. 600. 600. 600. 600. 600. 600. 599. 598. 598.
  596. 598. 598. 595. 596. 594. 597. 595. 595. 596. 596. 596. 596. 597.
  598. 598. 597. 596. 597. 595. 597. 598. 597. 596. 598. 598.]
 [409. 461. 468. 478. 470. 481. 475. 482. 480. 482. 386. 359. 384. 372.
  394. 396. 396. 408. 407. 416. 425. 425. 431. 430. 431. 450. 454. 450.
  458. 456. 461. 456. 466. 478. 460. 471. 476. 473. 474. 474.]
 [407. 444. 461. 465. 470. 464. 475. 475. 474. 475. 393. 391. 400. 406.
  415. 415. 420. 426. 446. 438. 442. 448. 451. 444. 463. 454. 461. 459.
  452. 466. 473. 468. 473. 472. 467. 474. 471. 472. 471. 478.]]
##############################
##################################################
##################################################
starting :13 batch
[[179. 193. 208. 208. 218. 214. 209. 214. 214. 216. 186. 182. 204. 204.
  214. 216. 225. 237. 240. 244. 253. 250. 250. 257. 262. 265. 273. 271.
  274. 273. 268. 275. 272. 276. 280. 276. 287. 278. 280. 272.]
 [650. 600. 600. 600. 600. 600. 600. 600. 600. 600. 600. 599. 598. 598.
  596. 598. 598. 595. 596. 594. 597. 595. 595. 596. 596. 596. 596. 597.
  598. 598. 597. 596. 597. 595. 597. 598. 597. 596. 598. 598.]
 [446. 461. 468. 478. 470. 481. 475. 482. 480. 482. 386. 359. 384. 372.
  394. 396. 396. 408. 407. 416. 425. 425. 431. 430. 431. 450. 454. 450.
  458. 456. 461. 456. 466. 478. 460. 471. 476. 473. 474. 474.]
 [441. 444. 461. 465. 470. 464. 475. 475. 474. 475. 393. 391. 400. 406.
  415. 415. 420. 426. 446. 438. 442. 448. 451. 444. 463. 454. 461. 459.
  452. 466. 473. 468. 473. 472. 467. 474. 471. 472. 471. 478.]]
##############################
[[179. 209. 208. 208. 218. 214. 209. 214. 214. 216. 186. 182. 204. 204.
  214. 216. 225. 237. 240. 244. 253. 250. 250. 257. 262. 265. 273. 271.
  274. 273. 268. 275. 272. 276. 280. 276. 287. 278. 280. 272.]
 [650. 650. 600. 600. 600. 600. 600. 600. 600. 600. 600. 599. 598. 598.
  596. 598. 598. 595. 596. 594. 597. 595. 595. 596. 596. 596. 596. 597.
  598. 598. 597. 596. 597. 595. 597. 598. 597. 596. 598. 598.]
 [446. 502. 468. 478. 470. 481. 475. 482. 480. 482. 386. 359. 384. 372.
  394. 396. 396. 408. 407. 416. 425. 425. 431. 430. 431. 450. 454. 450.
  458. 456. 461. 456. 466. 478. 460. 471. 476. 473. 474. 474.]
 [441. 479. 461. 465. 470. 464. 475. 475. 474. 475. 393. 391. 400. 406.
  415. 415. 420. 426. 446. 438. 442. 448. 451. 444. 463. 454. 461. 459.
  452. 466. 473. 468. 473. 472. 467. 474. 471. 472. 471. 478.]]
##############################
[[179. 209. 227. 208. 218. 214. 209. 214. 214. 216. 186. 182. 204. 204.
  214. 216. 225. 237. 240. 244. 253. 250. 250. 257. 262. 265. 273. 271.
  274. 273. 268. 275. 272. 276. 280. 276. 287. 278. 280. 272.]
 [650. 650. 650. 600. 600. 600. 600. 600. 600. 600. 600. 599. 598. 598.
  596. 598. 598. 595. 596. 594. 597. 595. 595. 596. 596. 596. 596. 597.
  598. 598. 597. 596. 597. 595. 597. 598. 597. 596. 598. 598.]
 [446. 502. 509. 478. 470. 481. 475. 482. 480. 482. 386. 359. 384. 372.
  394. 396. 396. 408. 407. 416. 425. 425. 431. 430. 431. 450. 454. 450.
  458. 456. 461. 456. 466. 478. 460. 471. 476. 473. 474. 474.]
 [441. 479. 499. 465. 470. 464. 475. 475. 474. 475. 393. 391. 400. 406.
  415. 415. 420. 426. 446. 438. 442. 448. 451. 444. 463. 454. 461. 459.
  452. 466. 473. 468. 473. 472. 467. 474. 471. 472. 471. 478.]]
##############################
[[179. 209. 227. 227. 218. 214. 209. 214. 214. 216. 186. 182. 204. 204.
  214. 216. 225. 237. 240. 244. 253. 250. 250. 257. 262. 265. 273. 271.
  274. 273. 268. 275. 272. 276. 280. 276. 287. 278. 280. 272.]
 [650. 650. 650. 650. 600. 600. 600. 600. 600. 600. 600. 599. 598. 598.
  596. 598. 598. 595. 596. 594. 597. 595. 595. 596. 596. 596. 596. 597.
  598. 598. 597. 596. 597. 595. 597. 598. 597. 596. 598. 598.]
 [446. 502. 509. 520. 470. 481. 475. 482. 480. 482. 386. 359. 384. 372.
  394. 396. 396. 408. 407. 416. 425. 425. 431. 430. 431. 450. 454. 450.
  458. 456. 461. 456. 466. 478. 460. 471. 476. 473. 474. 474.]
 [441. 479. 499. 503. 470. 464. 475. 475. 474. 475. 393. 391. 400. 406.
  415. 415. 420. 426. 446. 438. 442. 448. 451. 444. 463. 454. 461. 459.
  452. 466. 473. 468. 473. 472. 467. 474. 471. 472. 471. 478.]]
##############################
[[179. 209. 227. 227. 237. 214. 209. 214. 214. 216. 186. 182. 204. 204.
  214. 216. 225. 237. 240. 244. 253. 250. 250. 257. 262. 265. 273. 271.
  274. 273. 268. 275. 272. 276. 280. 276. 287. 278. 280. 272.]
 [650. 650. 650. 650. 650. 600. 600. 600. 600. 600. 600. 599. 598. 598.
  596. 598. 598. 595. 596. 594. 597. 595. 595. 596. 596. 596. 596. 597.
  598. 598. 597. 596. 597. 595. 597. 598. 597. 596. 598. 598.]
 [446. 502. 509. 520. 511. 481. 475. 482. 480. 482. 386. 359. 384. 372.
  394. 396. 396. 408. 407. 416. 425. 425. 431. 430. 431. 450. 454. 450.
  458. 456. 461. 456. 466. 478. 460. 471. 476. 473. 474. 474.]
 [441. 479. 499. 503. 510. 464. 475. 475. 474. 475. 393. 391. 400. 406.
  415. 415. 420. 426. 446. 438. 442. 448. 451. 444. 463. 454. 461. 459.
  452. 466. 473. 468. 473. 472. 467. 474. 471. 472. 471. 478.]]
##############################
[[179. 209. 227. 227. 237. 235. 209. 214. 214. 216. 186. 182. 204. 204.
  214. 216. 225. 237. 240. 244. 253. 250. 250. 257. 262. 265. 273. 271.
  274. 273. 268. 275. 272. 276. 280. 276. 287. 278. 280. 272.]
 [650. 650. 650. 650. 650. 650. 600. 600. 600. 600. 600. 599. 598. 598.
  596. 598. 598. 595. 596. 594. 597. 595. 595. 596. 596. 596. 596. 597.
  598. 598. 597. 596. 597. 595. 597. 598. 597. 596. 598. 598.]
 [446. 502. 509. 520. 511. 524. 475. 482. 480. 482. 386. 359. 384. 372.
  394. 396. 396. 408. 407. 416. 425. 425. 431. 430. 431. 450. 454. 450.
  458. 456. 461. 456. 466. 478. 460. 471. 476. 473. 474. 474.]
 [441. 479. 499. 503. 510. 504. 475. 475. 474. 475. 393. 391. 400. 406.
  415. 415. 420. 426. 446. 438. 442. 448. 451. 444. 463. 454. 461. 459.
  452. 466. 473. 468. 473. 472. 467. 474. 471. 472. 471. 478.]]
##############################
[[179. 209. 227. 227. 237. 235. 228. 214. 214. 216. 186. 182. 204. 204.
  214. 216. 225. 237. 240. 244. 253. 250. 250. 257. 262. 265. 273. 271.
  274. 273. 268. 275. 272. 276. 280. 276. 287. 278. 280. 272.]
 [650. 650. 650. 650. 650. 650. 650. 600. 600. 600. 600. 599. 598. 598.
  596. 598. 598. 595. 596. 594. 597. 595. 595. 596. 596. 596. 596. 597.
  598. 598. 597. 596. 597. 595. 597. 598. 597. 596. 598. 598.]
 [446. 502. 509. 520. 511. 524. 519. 482. 480. 482. 386. 359. 384. 372.
  394. 396. 396. 408. 407. 416. 425. 425. 431. 430. 431. 450. 454. 450.
  458. 456. 461. 456. 466. 478. 460. 471. 476. 473. 474. 474.]
 [441. 479. 499. 503. 510. 504. 514. 475. 474. 475. 393. 391. 400. 406.
  415. 415. 420. 426. 446. 438. 442. 448. 451. 444. 463. 454. 461. 459.
  452. 466. 473. 468. 473. 472. 467. 474. 471. 472. 471. 478.]]
##############################
[[179. 209. 227. 227. 237. 235. 228. 235. 214. 216. 186. 182. 204. 204.
  214. 216. 225. 237. 240. 244. 253. 250. 250. 257. 262. 265. 273. 271.
  274. 273. 268. 275. 272. 276. 280. 276. 287. 278. 280. 272.]
 [650. 650. 650. 650. 650. 650. 650. 650. 600. 600. 600. 599. 598. 598.
  596. 598. 598. 595. 596. 594. 597. 595. 595. 596. 596. 596. 596. 597.
  598. 598. 597. 596. 597. 595. 597. 598. 597. 596. 598. 598.]
 [446. 502. 509. 520. 511. 524. 519. 522. 480. 482. 386. 359. 384. 372.
  394. 396. 396. 408. 407. 416. 425. 425. 431. 430. 431. 450. 454. 450.
  458. 456. 461. 456. 466. 478. 460. 471. 476. 473. 474. 474.]
 [441. 479. 499. 503. 510. 504. 514. 512. 474. 475. 393. 391. 400. 406.
  415. 415. 420. 426. 446. 438. 442. 448. 451. 444. 463. 454. 461. 459.
  452. 466. 473. 468. 473. 472. 467. 474. 471. 472. 471. 478.]]
##############################
[[179. 209. 227. 227. 237. 235. 228. 235. 237. 216. 186. 182. 204. 204.
  214. 216. 225. 237. 240. 244. 253. 250. 250. 257. 262. 265. 273. 271.
  274. 273. 268. 275. 272. 276. 280. 276. 287. 278. 280. 272.]
 [650. 650. 650. 650. 650. 650. 650. 650. 650. 600. 600. 599. 598. 598.
  596. 598. 598. 595. 596. 594. 597. 595. 595. 596. 596. 596. 596. 597.
  598. 598. 597. 596. 597. 595. 597. 598. 597. 596. 598. 598.]
 [446. 502. 509. 520. 511. 524. 519. 522. 523. 482. 386. 359. 384. 372.
  394. 396. 396. 408. 407. 416. 425. 425. 431. 430. 431. 450. 454. 450.
  458. 456. 461. 456. 466. 478. 460. 471. 476. 473. 474. 474.]
 [441. 479. 499. 503. 510. 504. 514. 512. 512. 475. 393. 391. 400. 406.
  415. 415. 420. 426. 446. 438. 442. 448. 451. 444. 463. 454. 461. 459.
  452. 466. 473. 468. 473. 472. 467. 474. 471. 472. 471. 478.]]
##############################
[[179. 209. 227. 227. 237. 235. 228. 235. 237. 234. 186. 182. 204. 204.
  214. 216. 225. 237. 240. 244. 253. 250. 250. 257. 262. 265. 273. 271.
  274. 273. 268. 275. 272. 276. 280. 276. 287. 278. 280. 272.]
 [650. 650. 650. 650. 650. 650. 650. 650. 650. 650. 600. 599. 598. 598.
  596. 598. 598. 595. 596. 594. 597. 595. 595. 596. 596. 596. 596. 597.
  598. 598. 597. 596. 597. 595. 597. 598. 597. 596. 598. 598.]
 [446. 502. 509. 520. 511. 524. 519. 522. 523. 523. 386. 359. 384. 372.
  394. 396. 396. 408. 407. 416. 425. 425. 431. 430. 431. 450. 454. 450.
  458. 456. 461. 456. 466. 478. 460. 471. 476. 473. 474. 474.]
 [441. 479. 499. 503. 510. 504. 514. 512. 512. 511. 393. 391. 400. 406.
  415. 415. 420. 426. 446. 438. 442. 448. 451. 444. 463. 454. 461. 459.
  452. 466. 473. 468. 473. 472. 467. 474. 471. 472. 471. 478.]]
##############################
[[179. 209. 227. 227. 237. 235. 228. 235. 237. 234. 202. 182. 204. 204.
  214. 216. 225. 237. 240. 244. 253. 250. 250. 257. 262. 265. 273. 271.
  274. 273. 268. 275. 272. 276. 280. 276. 287. 278. 280. 272.]
 [650. 650. 650. 650. 650. 650. 650. 650. 650. 650. 650. 599. 598. 598.
  596. 598. 598. 595. 596. 594. 597. 595. 595. 596. 596. 596. 596. 597.
  598. 598. 597. 596. 597. 595. 597. 598. 597. 596. 598. 598.]
 [446. 502. 509. 520. 511. 524. 519. 522. 523. 523. 422. 359. 384. 372.
  394. 396. 396. 408. 407. 416. 425. 425. 431. 430. 431. 450. 454. 450.
  458. 456. 461. 456. 466. 478. 460. 471. 476. 473. 474. 474.]
 [441. 479. 499. 503. 510. 504. 514. 512. 512. 511. 428. 391. 400. 406.
  415. 415. 420. 426. 446. 438. 442. 448. 451. 444. 463. 454. 461. 459.
  452. 466. 473. 468. 473. 472. 467. 474. 471. 472. 471. 478.]]
##############################
[[179. 209. 227. 227. 237. 235. 228. 235. 237. 234. 202. 201. 204. 204.
  214. 216. 225. 237. 240. 244. 253. 250. 250. 257. 262. 265. 273. 271.
  274. 273. 268. 275. 272. 276. 280. 276. 287. 278. 280. 272.]
 [650. 650. 650. 650. 650. 650. 650. 650. 650. 650. 650. 649. 598. 598.
  596. 598. 598. 595. 596. 594. 597. 595. 595. 596. 596. 596. 596. 597.
  598. 598. 597. 596. 597. 595. 597. 598. 597. 596. 598. 598.]
 [446. 502. 509. 520. 511. 524. 519. 522. 523. 523. 422. 393. 384. 372.
  394. 396. 396. 408. 407. 416. 425. 425. 431. 430. 431. 450. 454. 450.
  458. 456. 461. 456. 466. 478. 460. 471. 476. 473. 474. 474.]
 [441. 479. 499. 503. 510. 504. 514. 512. 512. 511. 428. 425. 400. 406.
  415. 415. 420. 426. 446. 438. 442. 448. 451. 444. 463. 454. 461. 459.
  452. 466. 473. 468. 473. 472. 467. 474. 471. 472. 471. 478.]]
##############################
[[179. 209. 227. 227. 237. 235. 228. 235. 237. 234. 202. 201. 224. 204.
  214. 216. 225. 237. 240. 244. 253. 250. 250. 257. 262. 265. 273. 271.
  274. 273. 268. 275. 272. 276. 280. 276. 287. 278. 280. 272.]
 [650. 650. 650. 650. 650. 650. 650. 650. 650. 650. 650. 649. 648. 598.
  596. 598. 598. 595. 596. 594. 597. 595. 595. 596. 596. 596. 596. 597.
  598. 598. 597. 596. 597. 595. 597. 598. 597. 596. 598. 598.]
 [446. 502. 509. 520. 511. 524. 519. 522. 523. 523. 422. 393. 418. 372.
  394. 396. 396. 408. 407. 416. 425. 425. 431. 430. 431. 450. 454. 450.
  458. 456. 461. 456. 466. 478. 460. 471. 476. 473. 474. 474.]
 [441. 479. 499. 503. 510. 504. 514. 512. 512. 511. 428. 425. 433. 406.
  415. 415. 420. 426. 446. 438. 442. 448. 451. 444. 463. 454. 461. 459.
  452. 466. 473. 468. 473. 472. 467. 474. 471. 472. 471. 478.]]
##############################
[[179. 209. 227. 227. 237. 235. 228. 235. 237. 234. 202. 201. 224. 225.
  214. 216. 225. 237. 240. 244. 253. 250. 250. 257. 262. 265. 273. 271.
  274. 273. 268. 275. 272. 276. 280. 276. 287. 278. 280. 272.]
 [650. 650. 650. 650. 650. 650. 650. 650. 650. 650. 650. 649. 648. 648.
  596. 598. 598. 595. 596. 594. 597. 595. 595. 596. 596. 596. 596. 597.
  598. 598. 597. 596. 597. 595. 597. 598. 597. 596. 598. 598.]
 [446. 502. 509. 520. 511. 524. 519. 522. 523. 523. 422. 393. 418. 406.
  394. 396. 396. 408. 407. 416. 425. 425. 431. 430. 431. 450. 454. 450.
  458. 456. 461. 456. 466. 478. 460. 471. 476. 473. 474. 474.]
 [441. 479. 499. 503. 510. 504. 514. 512. 512. 511. 428. 425. 433. 441.
  415. 415. 420. 426. 446. 438. 442. 448. 451. 444. 463. 454. 461. 459.
  452. 466. 473. 468. 473. 472. 467. 474. 471. 472. 471. 478.]]
##############################
[[179. 209. 227. 227. 237. 235. 228. 235. 237. 234. 202. 201. 224. 225.
  233. 216. 225. 237. 240. 244. 253. 250. 250. 257. 262. 265. 273. 271.
  274. 273. 268. 275. 272. 276. 280. 276. 287. 278. 280. 272.]
 [650. 650. 650. 650. 650. 650. 650. 650. 650. 650. 650. 649. 648. 648.
  646. 598. 598. 595. 596. 594. 597. 595. 595. 596. 596. 596. 596. 597.
  598. 598. 597. 596. 597. 595. 597. 598. 597. 596. 598. 598.]
 [446. 502. 509. 520. 511. 524. 519. 522. 523. 523. 422. 393. 418. 406.
  428. 396. 396. 408. 407. 416. 425. 425. 431. 430. 431. 450. 454. 450.
  458. 456. 461. 456. 466. 478. 460. 471. 476. 473. 474. 474.]
 [441. 479. 499. 503. 510. 504. 514. 512. 512. 511. 428. 425. 433. 441.
  452. 415. 420. 426. 446. 438. 442. 448. 451. 444. 463. 454. 461. 459.
  452. 466. 473. 468. 473. 472. 467. 474. 471. 472. 471. 478.]]
##############################
[[179. 209. 227. 227. 237. 235. 228. 235. 237. 234. 202. 201. 224. 225.
  233. 237. 225. 237. 240. 244. 253. 250. 250. 257. 262. 265. 273. 271.
  274. 273. 268. 275. 272. 276. 280. 276. 287. 278. 280. 272.]
 [650. 650. 650. 650. 650. 650. 650. 650. 650. 650. 650. 649. 648. 648.
  646. 647. 598. 595. 596. 594. 597. 595. 595. 596. 596. 596. 596. 597.
  598. 598. 597. 596. 597. 595. 597. 598. 597. 596. 598. 598.]
 [446. 502. 509. 520. 511. 524. 519. 522. 523. 523. 422. 393. 418. 406.
  428. 429. 396. 408. 407. 416. 425. 425. 431. 430. 431. 450. 454. 450.
  458. 456. 461. 456. 466. 478. 460. 471. 476. 473. 474. 474.]
 [441. 479. 499. 503. 510. 504. 514. 512. 512. 511. 428. 425. 433. 441.
  452. 449. 420. 426. 446. 438. 442. 448. 451. 444. 463. 454. 461. 459.
  452. 466. 473. 468. 473. 472. 467. 474. 471. 472. 471. 478.]]
##############################
[[179. 209. 227. 227. 237. 235. 228. 235. 237. 234. 202. 201. 224. 225.
  233. 237. 246. 237. 240. 244. 253. 250. 250. 257. 262. 265. 273. 271.
  274. 273. 268. 275. 272. 276. 280. 276. 287. 278. 280. 272.]
 [650. 650. 650. 650. 650. 650. 650. 650. 650. 650. 650. 649. 648. 648.
  646. 647. 648. 595. 596. 594. 597. 595. 595. 596. 596. 596. 596. 597.
  598. 598. 597. 596. 597. 595. 597. 598. 597. 596. 598. 598.]
 [446. 502. 509. 520. 511. 524. 519. 522. 523. 523. 422. 393. 418. 406.
  428. 429. 432. 408. 407. 416. 425. 425. 431. 430. 431. 450. 454. 450.
  458. 456. 461. 456. 466. 478. 460. 471. 476. 473. 474. 474.]
 [441. 479. 499. 503. 510. 504. 514. 512. 512. 511. 428. 425. 433. 441.
  452. 449. 456. 426. 446. 438. 442. 448. 451. 444. 463. 454. 461. 459.
  452. 466. 473. 468. 473. 472. 467. 474. 471. 472. 471. 478.]]
##############################
[[179. 209. 227. 227. 237. 235. 228. 235. 237. 234. 202. 201. 224. 225.
  233. 237. 246. 258. 240. 244. 253. 250. 250. 257. 262. 265. 273. 271.
  274. 273. 268. 275. 272. 276. 280. 276. 287. 278. 280. 272.]
 [650. 650. 650. 650. 650. 650. 650. 650. 650. 650. 650. 649. 648. 648.
  646. 647. 648. 645. 596. 594. 597. 595. 595. 596. 596. 596. 596. 597.
  598. 598. 597. 596. 597. 595. 597. 598. 597. 596. 598. 598.]
 [446. 502. 509. 520. 511. 524. 519. 522. 523. 523. 422. 393. 418. 406.
  428. 429. 432. 444. 407. 416. 425. 425. 431. 430. 431. 450. 454. 450.
  458. 456. 461. 456. 466. 478. 460. 471. 476. 473. 474. 474.]
 [441. 479. 499. 503. 510. 504. 514. 512. 512. 511. 428. 425. 433. 441.
  452. 449. 456. 464. 446. 438. 442. 448. 451. 444. 463. 454. 461. 459.
  452. 466. 473. 468. 473. 472. 467. 474. 471. 472. 471. 478.]]
##############################
[[179. 209. 227. 227. 237. 235. 228. 235. 237. 234. 202. 201. 224. 225.
  233. 237. 246. 258. 257. 244. 253. 250. 250. 257. 262. 265. 273. 271.
  274. 273. 268. 275. 272. 276. 280. 276. 287. 278. 280. 272.]
 [650. 650. 650. 650. 650. 650. 650. 650. 650. 650. 650. 649. 648. 648.
  646. 647. 648. 645. 646. 594. 597. 595. 595. 596. 596. 596. 596. 597.
  598. 598. 597. 596. 597. 595. 597. 598. 597. 596. 598. 598.]
 [446. 502. 509. 520. 511. 524. 519. 522. 523. 523. 422. 393. 418. 406.
  428. 429. 432. 444. 442. 416. 425. 425. 431. 430. 431. 450. 454. 450.
  458. 456. 461. 456. 466. 478. 460. 471. 476. 473. 474. 474.]
 [441. 479. 499. 503. 510. 504. 514. 512. 512. 511. 428. 425. 433. 441.
  452. 449. 456. 464. 486. 438. 442. 448. 451. 444. 463. 454. 461. 459.
  452. 466. 473. 468. 473. 472. 467. 474. 471. 472. 471. 478.]]
##############################
[[179. 209. 227. 227. 237. 235. 228. 235. 237. 234. 202. 201. 224. 225.
  233. 237. 246. 258. 257. 262. 253. 250. 250. 257. 262. 265. 273. 271.
  274. 273. 268. 275. 272. 276. 280. 276. 287. 278. 280. 272.]
 [650. 650. 650. 650. 650. 650. 650. 650. 650. 650. 650. 649. 648. 648.
  646. 647. 648. 645. 646. 644. 597. 595. 595. 596. 596. 596. 596. 597.
  598. 598. 597. 596. 597. 595. 597. 598. 597. 596. 598. 598.]
 [446. 502. 509. 520. 511. 524. 519. 522. 523. 523. 422. 393. 418. 406.
  428. 429. 432. 444. 442. 449. 425. 425. 431. 430. 431. 450. 454. 450.
  458. 456. 461. 456. 466. 478. 460. 471. 476. 473. 474. 474.]
 [441. 479. 499. 503. 510. 504. 514. 512. 512. 511. 428. 425. 433. 441.
  452. 449. 456. 464. 486. 477. 442. 448. 451. 444. 463. 454. 461. 459.
  452. 466. 473. 468. 473. 472. 467. 474. 471. 472. 471. 478.]]
##############################
[[179. 209. 227. 227. 237. 235. 228. 235. 237. 234. 202. 201. 224. 225.
  233. 237. 246. 258. 257. 262. 274. 250. 250. 257. 262. 265. 273. 271.
  274. 273. 268. 275. 272. 276. 280. 276. 287. 278. 280. 272.]
 [650. 650. 650. 650. 650. 650. 650. 650. 650. 650. 650. 649. 648. 648.
  646. 647. 648. 645. 646. 644. 647. 595. 595. 596. 596. 596. 596. 597.
  598. 598. 597. 596. 597. 595. 597. 598. 597. 596. 598. 598.]
 [446. 502. 509. 520. 511. 524. 519. 522. 523. 523. 422. 393. 418. 406.
  428. 429. 432. 444. 442. 449. 459. 425. 431. 430. 431. 450. 454. 450.
  458. 456. 461. 456. 466. 478. 460. 471. 476. 473. 474. 474.]
 [441. 479. 499. 503. 510. 504. 514. 512. 512. 511. 428. 425. 433. 441.
  452. 449. 456. 464. 486. 477. 480. 448. 451. 444. 463. 454. 461. 459.
  452. 466. 473. 468. 473. 472. 467. 474. 471. 472. 471. 478.]]
##############################
[[179. 209. 227. 227. 237. 235. 228. 235. 237. 234. 202. 201. 224. 225.
  233. 237. 246. 258. 257. 262. 274. 270. 250. 257. 262. 265. 273. 271.
  274. 273. 268. 275. 272. 276. 280. 276. 287. 278. 280. 272.]
 [650. 650. 650. 650. 650. 650. 650. 650. 650. 650. 650. 649. 648. 648.
  646. 647. 648. 645. 646. 644. 647. 645. 595. 596. 596. 596. 596. 597.
  598. 598. 597. 596. 597. 595. 597. 598. 597. 596. 598. 598.]
 [446. 502. 509. 520. 511. 524. 519. 522. 523. 523. 422. 393. 418. 406.
  428. 429. 432. 444. 442. 449. 459. 459. 431. 430. 431. 450. 454. 450.
  458. 456. 461. 456. 466. 478. 460. 471. 476. 473. 474. 474.]
 [441. 479. 499. 503. 510. 504. 514. 512. 512. 511. 428. 425. 433. 441.
  452. 449. 456. 464. 486. 477. 480. 488. 451. 444. 463. 454. 461. 459.
  452. 466. 473. 468. 473. 472. 467. 474. 471. 472. 471. 478.]]
##############################
[[179. 209. 227. 227. 237. 235. 228. 235. 237. 234. 202. 201. 224. 225.
  233. 237. 246. 258. 257. 262. 274. 270. 273. 257. 262. 265. 273. 271.
  274. 273. 268. 275. 272. 276. 280. 276. 287. 278. 280. 272.]
 [650. 650. 650. 650. 650. 650. 650. 650. 650. 650. 650. 649. 648. 648.
  646. 647. 648. 645. 646. 644. 647. 645. 645. 596. 596. 596. 596. 597.
  598. 598. 597. 596. 597. 595. 597. 598. 597. 596. 598. 598.]
 [446. 502. 509. 520. 511. 524. 519. 522. 523. 523. 422. 393. 418. 406.
  428. 429. 432. 444. 442. 449. 459. 459. 467. 430. 431. 450. 454. 450.
  458. 456. 461. 456. 466. 478. 460. 471. 476. 473. 474. 474.]
 [441. 479. 499. 503. 510. 504. 514. 512. 512. 511. 428. 425. 433. 441.
  452. 449. 456. 464. 486. 477. 480. 488. 491. 444. 463. 454. 461. 459.
  452. 466. 473. 468. 473. 472. 467. 474. 471. 472. 471. 478.]]
##############################
[[179. 209. 227. 227. 237. 235. 228. 235. 237. 234. 202. 201. 224. 225.
  233. 237. 246. 258. 257. 262. 274. 270. 273. 280. 262. 265. 273. 271.
  274. 273. 268. 275. 272. 276. 280. 276. 287. 278. 280. 272.]
 [650. 650. 650. 650. 650. 650. 650. 650. 650. 650. 650. 649. 648. 648.
  646. 647. 648. 645. 646. 644. 647. 645. 645. 646. 596. 596. 596. 597.
  598. 598. 597. 596. 597. 595. 597. 598. 597. 596. 598. 598.]
 [446. 502. 509. 520. 511. 524. 519. 522. 523. 523. 422. 393. 418. 406.
  428. 429. 432. 444. 442. 449. 459. 459. 467. 466. 431. 450. 454. 450.
  458. 456. 461. 456. 466. 478. 460. 471. 476. 473. 474. 474.]
 [441. 479. 499. 503. 510. 504. 514. 512. 512. 511. 428. 425. 433. 441.
  452. 449. 456. 464. 486. 477. 480. 488. 491. 483. 463. 454. 461. 459.
  452. 466. 473. 468. 473. 472. 467. 474. 471. 472. 471. 478.]]
##############################
[[179. 209. 227. 227. 237. 235. 228. 235. 237. 234. 202. 201. 224. 225.
  233. 237. 246. 258. 257. 262. 274. 270. 273. 280. 284. 265. 273. 271.
  274. 273. 268. 275. 272. 276. 280. 276. 287. 278. 280. 272.]
 [650. 650. 650. 650. 650. 650. 650. 650. 650. 650. 650. 649. 648. 648.
  646. 647. 648. 645. 646. 644. 647. 645. 645. 646. 646. 596. 596. 597.
  598. 598. 597. 596. 597. 595. 597. 598. 597. 596. 598. 598.]
 [446. 502. 509. 520. 511. 524. 519. 522. 523. 523. 422. 393. 418. 406.
  428. 429. 432. 444. 442. 449. 459. 459. 467. 466. 468. 450. 454. 450.
  458. 456. 461. 456. 466. 478. 460. 471. 476. 473. 474. 474.]
 [441. 479. 499. 503. 510. 504. 514. 512. 512. 511. 428. 425. 433. 441.
  452. 449. 456. 464. 486. 477. 480. 488. 491. 483. 503. 454. 461. 459.
  452. 466. 473. 468. 473. 472. 467. 474. 471. 472. 471. 478.]]
##############################
[[179. 209. 227. 227. 237. 235. 228. 235. 237. 234. 202. 201. 224. 225.
  233. 237. 246. 258. 257. 262. 274. 270. 273. 280. 284. 284. 273. 271.
  274. 273. 268. 275. 272. 276. 280. 276. 287. 278. 280. 272.]
 [650. 650. 650. 650. 650. 650. 650. 650. 650. 650. 650. 649. 648. 648.
  646. 647. 648. 645. 646. 644. 647. 645. 645. 646. 646. 646. 596. 597.
  598. 598. 597. 596. 597. 595. 597. 598. 597. 596. 598. 598.]
 [446. 502. 509. 520. 511. 524. 519. 522. 523. 523. 422. 393. 418. 406.
  428. 429. 432. 444. 442. 449. 459. 459. 467. 466. 468. 486. 454. 450.
  458. 456. 461. 456. 466. 478. 460. 471. 476. 473. 474. 474.]
 [441. 479. 499. 503. 510. 504. 514. 512. 512. 511. 428. 425. 433. 441.
  452. 449. 456. 464. 486. 477. 480. 488. 491. 483. 503. 493. 461. 459.
  452. 466. 473. 468. 473. 472. 467. 474. 471. 472. 471. 478.]]
##############################
[[179. 209. 227. 227. 237. 235. 228. 235. 237. 234. 202. 201. 224. 225.
  233. 237. 246. 258. 257. 262. 274. 270. 273. 280. 284. 284. 291. 271.
  274. 273. 268. 275. 272. 276. 280. 276. 287. 278. 280. 272.]
 [650. 650. 650. 650. 650. 650. 650. 650. 650. 650. 650. 649. 648. 648.
  646. 647. 648. 645. 646. 644. 647. 645. 645. 646. 646. 646. 646. 597.
  598. 598. 597. 596. 597. 595. 597. 598. 597. 596. 598. 598.]
 [446. 502. 509. 520. 511. 524. 519. 522. 523. 523. 422. 393. 418. 406.
  428. 429. 432. 444. 442. 449. 459. 459. 467. 466. 468. 486. 495. 450.
  458. 456. 461. 456. 466. 478. 460. 471. 476. 473. 474. 474.]
 [441. 479. 499. 503. 510. 504. 514. 512. 512. 511. 428. 425. 433. 441.
  452. 449. 456. 464. 486. 477. 480. 488. 491. 483. 503. 493. 497. 459.
  452. 466. 473. 468. 473. 472. 467. 474. 471. 472. 471. 478.]]
##############################
[[179. 209. 227. 227. 237. 235. 228. 235. 237. 234. 202. 201. 224. 225.
  233. 237. 246. 258. 257. 262. 274. 270. 273. 280. 284. 284. 291. 292.
  274. 273. 268. 275. 272. 276. 280. 276. 287. 278. 280. 272.]
 [650. 650. 650. 650. 650. 650. 650. 650. 650. 650. 650. 649. 648. 648.
  646. 647. 648. 645. 646. 644. 647. 645. 645. 646. 646. 646. 646. 647.
  598. 598. 597. 596. 597. 595. 597. 598. 597. 596. 598. 598.]
 [446. 502. 509. 520. 511. 524. 519. 522. 523. 523. 422. 393. 418. 406.
  428. 429. 432. 444. 442. 449. 459. 459. 467. 466. 468. 486. 495. 488.
  458. 456. 461. 456. 466. 478. 460. 471. 476. 473. 474. 474.]
 [441. 479. 499. 503. 510. 504. 514. 512. 512. 511. 428. 425. 433. 441.
  452. 449. 456. 464. 486. 477. 480. 488. 491. 483. 503. 493. 497. 497.
  452. 466. 473. 468. 473. 472. 467. 474. 471. 472. 471. 478.]]
##############################
[[179. 209. 227. 227. 237. 235. 228. 235. 237. 234. 202. 201. 224. 225.
  233. 237. 246. 258. 257. 262. 274. 270. 273. 280. 284. 284. 291. 292.
  293. 273. 268. 275. 272. 276. 280. 276. 287. 278. 280. 272.]
 [650. 650. 650. 650. 650. 650. 650. 650. 650. 650. 650. 649. 648. 648.
  646. 647. 648. 645. 646. 644. 647. 645. 645. 646. 646. 646. 646. 647.
  648. 598. 597. 596. 597. 595. 597. 598. 597. 596. 598. 598.]
 [446. 502. 509. 520. 511. 524. 519. 522. 523. 523. 422. 393. 418. 406.
  428. 429. 432. 444. 442. 449. 459. 459. 467. 466. 468. 486. 495. 488.
  498. 456. 461. 456. 466. 478. 460. 471. 476. 473. 474. 474.]
 [441. 479. 499. 503. 510. 504. 514. 512. 512. 511. 428. 425. 433. 441.
  452. 449. 456. 464. 486. 477. 480. 488. 491. 483. 503. 493. 497. 497.
  490. 466. 473. 468. 473. 472. 467. 474. 471. 472. 471. 478.]]
##############################
[[179. 209. 227. 227. 237. 235. 228. 235. 237. 234. 202. 201. 224. 225.
  233. 237. 246. 258. 257. 262. 274. 270. 273. 280. 284. 284. 291. 292.
  293. 293. 268. 275. 272. 276. 280. 276. 287. 278. 280. 272.]
 [650. 650. 650. 650. 650. 650. 650. 650. 650. 650. 650. 649. 648. 648.
  646. 647. 648. 645. 646. 644. 647. 645. 645. 646. 646. 646. 646. 647.
  648. 648. 597. 596. 597. 595. 597. 598. 597. 596. 598. 598.]
 [446. 502. 509. 520. 511. 524. 519. 522. 523. 523. 422. 393. 418. 406.
  428. 429. 432. 444. 442. 449. 459. 459. 467. 466. 468. 486. 495. 488.
  498. 495. 461. 456. 466. 478. 460. 471. 476. 473. 474. 474.]
 [441. 479. 499. 503. 510. 504. 514. 512. 512. 511. 428. 425. 433. 441.
  452. 449. 456. 464. 486. 477. 480. 488. 491. 483. 503. 493. 497. 497.
  490. 506. 473. 468. 473. 472. 467. 474. 471. 472. 471. 478.]]
##############################
[[179. 209. 227. 227. 237. 235. 228. 235. 237. 234. 202. 201. 224. 225.
  233. 237. 246. 258. 257. 262. 274. 270. 273. 280. 284. 284. 291. 292.
  293. 293. 288. 275. 272. 276. 280. 276. 287. 278. 280. 272.]
 [650. 650. 650. 650. 650. 650. 650. 650. 650. 650. 650. 649. 648. 648.
  646. 647. 648. 645. 646. 644. 647. 645. 645. 646. 646. 646. 646. 647.
  648. 648. 647. 596. 597. 595. 597. 598. 597. 596. 598. 598.]
 [446. 502. 509. 520. 511. 524. 519. 522. 523. 523. 422. 393. 418. 406.
  428. 429. 432. 444. 442. 449. 459. 459. 467. 466. 468. 486. 495. 488.
  498. 495. 501. 456. 466. 478. 460. 471. 476. 473. 474. 474.]
 [441. 479. 499. 503. 510. 504. 514. 512. 512. 511. 428. 425. 433. 441.
  452. 449. 456. 464. 486. 477. 480. 488. 491. 483. 503. 493. 497. 497.
  490. 506. 514. 468. 473. 472. 467. 474. 471. 472. 471. 478.]]
##############################
[[179. 209. 227. 227. 237. 235. 228. 235. 237. 234. 202. 201. 224. 225.
  233. 237. 246. 258. 257. 262. 274. 270. 273. 280. 284. 284. 291. 292.
  293. 293. 288. 297. 272. 276. 280. 276. 287. 278. 280. 272.]
 [650. 650. 650. 650. 650. 650. 650. 650. 650. 650. 650. 649. 648. 648.
  646. 647. 648. 645. 646. 644. 647. 645. 645. 646. 646. 646. 646. 647.
  648. 648. 647. 646. 597. 595. 597. 598. 597. 596. 598. 598.]
 [446. 502. 509. 520. 511. 524. 519. 522. 523. 523. 422. 393. 418. 406.
  428. 429. 432. 444. 442. 449. 459. 459. 467. 466. 468. 486. 495. 488.
  498. 495. 501. 496. 466. 478. 460. 471. 476. 473. 474. 474.]
 [441. 479. 499. 503. 510. 504. 514. 512. 512. 511. 428. 425. 433. 441.
  452. 449. 456. 464. 486. 477. 480. 488. 491. 483. 503. 493. 497. 497.
  490. 506. 514. 510. 473. 472. 467. 474. 471. 472. 471. 478.]]
##############################
[[179. 209. 227. 227. 237. 235. 228. 235. 237. 234. 202. 201. 224. 225.
  233. 237. 246. 258. 257. 262. 274. 270. 273. 280. 284. 284. 291. 292.
  293. 293. 288. 297. 291. 276. 280. 276. 287. 278. 280. 272.]
 [650. 650. 650. 650. 650. 650. 650. 650. 650. 650. 650. 649. 648. 648.
  646. 647. 648. 645. 646. 644. 647. 645. 645. 646. 646. 646. 646. 647.
  648. 648. 647. 646. 647. 595. 597. 598. 597. 596. 598. 598.]
 [446. 502. 509. 520. 511. 524. 519. 522. 523. 523. 422. 393. 418. 406.
  428. 429. 432. 444. 442. 449. 459. 459. 467. 466. 468. 486. 495. 488.
  498. 495. 501. 496. 506. 478. 460. 471. 476. 473. 474. 474.]
 [441. 479. 499. 503. 510. 504. 514. 512. 512. 511. 428. 425. 433. 441.
  452. 449. 456. 464. 486. 477. 480. 488. 491. 483. 503. 493. 497. 497.
  490. 506. 514. 510. 514. 472. 467. 474. 471. 472. 471. 478.]]
##############################
[[179. 209. 227. 227. 237. 235. 228. 235. 237. 234. 202. 201. 224. 225.
  233. 237. 246. 258. 257. 262. 274. 270. 273. 280. 284. 284. 291. 292.
  293. 293. 288. 297. 291. 298. 280. 276. 287. 278. 280. 272.]
 [650. 650. 650. 650. 650. 650. 650. 650. 650. 650. 650. 649. 648. 648.
  646. 647. 648. 645. 646. 644. 647. 645. 645. 646. 646. 646. 646. 647.
  648. 648. 647. 646. 647. 645. 597. 598. 597. 596. 598. 598.]
 [446. 502. 509. 520. 511. 524. 519. 522. 523. 523. 422. 393. 418. 406.
  428. 429. 432. 444. 442. 449. 459. 459. 467. 466. 468. 486. 495. 488.
  498. 495. 501. 496. 506. 520. 460. 471. 476. 473. 474. 474.]
 [441. 479. 499. 503. 510. 504. 514. 512. 512. 511. 428. 425. 433. 441.
  452. 449. 456. 464. 486. 477. 480. 488. 491. 483. 503. 493. 497. 497.
  490. 506. 514. 510. 514. 514. 467. 474. 471. 472. 471. 478.]]
##############################
[[179. 209. 227. 227. 237. 235. 228. 235. 237. 234. 202. 201. 224. 225.
  233. 237. 246. 258. 257. 262. 274. 270. 273. 280. 284. 284. 291. 292.
  293. 293. 288. 297. 291. 298. 303. 276. 287. 278. 280. 272.]
 [650. 650. 650. 650. 650. 650. 650. 650. 650. 650. 650. 649. 648. 648.
  646. 647. 648. 645. 646. 644. 647. 645. 645. 646. 646. 646. 646. 647.
  648. 648. 647. 646. 647. 645. 647. 598. 597. 596. 598. 598.]
 [446. 502. 509. 520. 511. 524. 519. 522. 523. 523. 422. 393. 418. 406.
  428. 429. 432. 444. 442. 449. 459. 459. 467. 466. 468. 486. 495. 488.
  498. 495. 501. 496. 506. 520. 502. 471. 476. 473. 474. 474.]
 [441. 479. 499. 503. 510. 504. 514. 512. 512. 511. 428. 425. 433. 441.
  452. 449. 456. 464. 486. 477. 480. 488. 491. 483. 503. 493. 497. 497.
  490. 506. 514. 510. 514. 514. 506. 474. 471. 472. 471. 478.]]
##############################
[[179. 209. 227. 227. 237. 235. 228. 235. 237. 234. 202. 201. 224. 225.
  233. 237. 246. 258. 257. 262. 274. 270. 273. 280. 284. 284. 291. 292.
  293. 293. 288. 297. 291. 298. 303. 298. 287. 278. 280. 272.]
 [650. 650. 650. 650. 650. 650. 650. 650. 650. 650. 650. 649. 648. 648.
  646. 647. 648. 645. 646. 644. 647. 645. 645. 646. 646. 646. 646. 647.
  648. 648. 647. 646. 647. 645. 647. 648. 597. 596. 598. 598.]
 [446. 502. 509. 520. 511. 524. 519. 522. 523. 523. 422. 393. 418. 406.
  428. 429. 432. 444. 442. 449. 459. 459. 467. 466. 468. 486. 495. 488.
  498. 495. 501. 496. 506. 520. 502. 512. 476. 473. 474. 474.]
 [441. 479. 499. 503. 510. 504. 514. 512. 512. 511. 428. 425. 433. 441.
  452. 449. 456. 464. 486. 477. 480. 488. 491. 483. 503. 493. 497. 497.
  490. 506. 514. 510. 514. 514. 506. 514. 471. 472. 471. 478.]]
##############################
[[179. 209. 227. 227. 237. 235. 228. 235. 237. 234. 202. 201. 224. 225.
  233. 237. 246. 258. 257. 262. 274. 270. 273. 280. 284. 284. 291. 292.
  293. 293. 288. 297. 291. 298. 303. 298. 305. 278. 280. 272.]
 [650. 650. 650. 650. 650. 650. 650. 650. 650. 650. 650. 649. 648. 648.
  646. 647. 648. 645. 646. 644. 647. 645. 645. 646. 646. 646. 646. 647.
  648. 648. 647. 646. 647. 645. 647. 648. 647. 596. 598. 598.]
 [446. 502. 509. 520. 511. 524. 519. 522. 523. 523. 422. 393. 418. 406.
  428. 429. 432. 444. 442. 449. 459. 459. 467. 466. 468. 486. 495. 488.
  498. 495. 501. 496. 506. 520. 502. 512. 518. 473. 474. 474.]
 [441. 479. 499. 503. 510. 504. 514. 512. 512. 511. 428. 425. 433. 441.
  452. 449. 456. 464. 486. 477. 480. 488. 491. 483. 503. 493. 497. 497.
  490. 506. 514. 510. 514. 514. 506. 514. 515. 472. 471. 478.]]
##############################
[[179. 209. 227. 227. 237. 235. 228. 235. 237. 234. 202. 201. 224. 225.
  233. 237. 246. 258. 257. 262. 274. 270. 273. 280. 284. 284. 291. 292.
  293. 293. 288. 297. 291. 298. 303. 298. 305. 302. 280. 272.]
 [650. 650. 650. 650. 650. 650. 650. 650. 650. 650. 650. 649. 648. 648.
  646. 647. 648. 645. 646. 644. 647. 645. 645. 646. 646. 646. 646. 647.
  648. 648. 647. 646. 647. 645. 647. 648. 647. 646. 598. 598.]
 [446. 502. 509. 520. 511. 524. 519. 522. 523. 523. 422. 393. 418. 406.
  428. 429. 432. 444. 442. 449. 459. 459. 467. 466. 468. 486. 495. 488.
  498. 495. 501. 496. 506. 520. 502. 512. 518. 515. 474. 474.]
 [441. 479. 499. 503. 510. 504. 514. 512. 512. 511. 428. 425. 433. 441.
  452. 449. 456. 464. 486. 477. 480. 488. 491. 483. 503. 493. 497. 497.
  490. 506. 514. 510. 514. 514. 506. 514. 515. 515. 471. 478.]]
##############################
[[179. 209. 227. 227. 237. 235. 228. 235. 237. 234. 202. 201. 224. 225.
  233. 237. 246. 258. 257. 262. 274. 270. 273. 280. 284. 284. 291. 292.
  293. 293. 288. 297. 291. 298. 303. 298. 305. 302. 303. 272.]
 [650. 650. 650. 650. 650. 650. 650. 650. 650. 650. 650. 649. 648. 648.
  646. 647. 648. 645. 646. 644. 647. 645. 645. 646. 646. 646. 646. 647.
  648. 648. 647. 646. 647. 645. 647. 648. 647. 646. 648. 598.]
 [446. 502. 509. 520. 511. 524. 519. 522. 523. 523. 422. 393. 418. 406.
  428. 429. 432. 444. 442. 449. 459. 459. 467. 466. 468. 486. 495. 488.
  498. 495. 501. 496. 506. 520. 502. 512. 518. 515. 513. 474.]
 [441. 479. 499. 503. 510. 504. 514. 512. 512. 511. 428. 425. 433. 441.
  452. 449. 456. 464. 486. 477. 480. 488. 491. 483. 503. 493. 497. 497.
  490. 506. 514. 510. 514. 514. 506. 514. 515. 515. 512. 478.]]
##############################
[[179. 209. 227. 227. 237. 235. 228. 235. 237. 234. 202. 201. 224. 225.
  233. 237. 246. 258. 257. 262. 274. 270. 273. 280. 284. 284. 291. 292.
  293. 293. 288. 297. 291. 298. 303. 298. 305. 302. 303. 292.]
 [650. 650. 650. 650. 650. 650. 650. 650. 650. 650. 650. 649. 648. 648.
  646. 647. 648. 645. 646. 644. 647. 645. 645. 646. 646. 646. 646. 647.
  648. 648. 647. 646. 647. 645. 647. 648. 647. 646. 648. 648.]
 [446. 502. 509. 520. 511. 524. 519. 522. 523. 523. 422. 393. 418. 406.
  428. 429. 432. 444. 442. 449. 459. 459. 467. 466. 468. 486. 495. 488.
  498. 495. 501. 496. 506. 520. 502. 512. 518. 515. 513. 513.]
 [441. 479. 499. 503. 510. 504. 514. 512. 512. 511. 428. 425. 433. 441.
  452. 449. 456. 464. 486. 477. 480. 488. 491. 483. 503. 493. 497. 497.
  490. 506. 514. 510. 514. 514. 506. 514. 515. 515. 512. 518.]]
##############################
##################################################
##################################################
starting :14 batch
[[190. 209. 227. 227. 237. 235. 228. 235. 237. 234. 202. 201. 224. 225.
  233. 237. 246. 258. 257. 262. 274. 270. 273. 280. 284. 284. 291. 292.
  293. 293. 288. 297. 291. 298. 303. 298. 305. 302. 303. 292.]
 [700. 650. 650. 650. 650. 650. 650. 650. 650. 650. 650. 649. 648. 648.
  646. 647. 648. 645. 646. 644. 647. 645. 645. 646. 646. 646. 646. 647.
  648. 648. 647. 646. 647. 645. 647. 648. 647. 646. 648. 648.]
 [477. 502. 509. 520. 511. 524. 519. 522. 523. 523. 422. 393. 418. 406.
  428. 429. 432. 444. 442. 449. 459. 459. 467. 466. 468. 486. 495. 488.
  498. 495. 501. 496. 506. 520. 502. 512. 518. 515. 513. 513.]
 [476. 479. 499. 503. 510. 504. 514. 512. 512. 511. 428. 425. 433. 441.
  452. 449. 456. 464. 486. 477. 480. 488. 491. 483. 503. 493. 497. 497.
  490. 506. 514. 510. 514. 514. 506. 514. 515. 515. 512. 518.]]
##############################
[[190. 223. 227. 227. 237. 235. 228. 235. 237. 234. 202. 201. 224. 225.
  233. 237. 246. 258. 257. 262. 274. 270. 273. 280. 284. 284. 291. 292.
  293. 293. 288. 297. 291. 298. 303. 298. 305. 302. 303. 292.]
 [700. 700. 650. 650. 650. 650. 650. 650. 650. 650. 650. 649. 648. 648.
  646. 647. 648. 645. 646. 644. 647. 645. 645. 646. 646. 646. 646. 647.
  648. 648. 647. 646. 647. 645. 647. 648. 647. 646. 648. 648.]
 [477. 536. 509. 520. 511. 524. 519. 522. 523. 523. 422. 393. 418. 406.
  428. 429. 432. 444. 442. 449. 459. 459. 467. 466. 468. 486. 495. 488.
  498. 495. 501. 496. 506. 520. 502. 512. 518. 515. 513. 513.]
 [476. 515. 499. 503. 510. 504. 514. 512. 512. 511. 428. 425. 433. 441.
  452. 449. 456. 464. 486. 477. 480. 488. 491. 483. 503. 493. 497. 497.
  490. 506. 514. 510. 514. 514. 506. 514. 515. 515. 512. 518.]]
##############################
[[190. 223. 243. 227. 237. 235. 228. 235. 237. 234. 202. 201. 224. 225.
  233. 237. 246. 258. 257. 262. 274. 270. 273. 280. 284. 284. 291. 292.
  293. 293. 288. 297. 291. 298. 303. 298. 305. 302. 303. 292.]
 [700. 700. 700. 650. 650. 650. 650. 650. 650. 650. 650. 649. 648. 648.
  646. 647. 648. 645. 646. 644. 647. 645. 645. 646. 646. 646. 646. 647.
  648. 648. 647. 646. 647. 645. 647. 648. 647. 646. 648. 648.]
 [477. 536. 542. 520. 511. 524. 519. 522. 523. 523. 422. 393. 418. 406.
  428. 429. 432. 444. 442. 449. 459. 459. 467. 466. 468. 486. 495. 488.
  498. 495. 501. 496. 506. 520. 502. 512. 518. 515. 513. 513.]
 [476. 515. 534. 503. 510. 504. 514. 512. 512. 511. 428. 425. 433. 441.
  452. 449. 456. 464. 486. 477. 480. 488. 491. 483. 503. 493. 497. 497.
  490. 506. 514. 510. 514. 514. 506. 514. 515. 515. 512. 518.]]
##############################
[[190. 223. 243. 243. 237. 235. 228. 235. 237. 234. 202. 201. 224. 225.
  233. 237. 246. 258. 257. 262. 274. 270. 273. 280. 284. 284. 291. 292.
  293. 293. 288. 297. 291. 298. 303. 298. 305. 302. 303. 292.]
 [700. 700. 700. 700. 650. 650. 650. 650. 650. 650. 650. 649. 648. 648.
  646. 647. 648. 645. 646. 644. 647. 645. 645. 646. 646. 646. 646. 647.
  648. 648. 647. 646. 647. 645. 647. 648. 647. 646. 648. 648.]
 [477. 536. 542. 552. 511. 524. 519. 522. 523. 523. 422. 393. 418. 406.
  428. 429. 432. 444. 442. 449. 459. 459. 467. 466. 468. 486. 495. 488.
  498. 495. 501. 496. 506. 520. 502. 512. 518. 515. 513. 513.]
 [476. 515. 534. 539. 510. 504. 514. 512. 512. 511. 428. 425. 433. 441.
  452. 449. 456. 464. 486. 477. 480. 488. 491. 483. 503. 493. 497. 497.
  490. 506. 514. 510. 514. 514. 506. 514. 515. 515. 512. 518.]]
##############################
[[190. 223. 243. 243. 252. 235. 228. 235. 237. 234. 202. 201. 224. 225.
  233. 237. 246. 258. 257. 262. 274. 270. 273. 280. 284. 284. 291. 292.
  293. 293. 288. 297. 291. 298. 303. 298. 305. 302. 303. 292.]
 [700. 700. 700. 700. 700. 650. 650. 650. 650. 650. 650. 649. 648. 648.
  646. 647. 648. 645. 646. 644. 647. 645. 645. 646. 646. 646. 646. 647.
  648. 648. 647. 646. 647. 645. 647. 648. 647. 646. 648. 648.]
 [477. 536. 542. 552. 548. 524. 519. 522. 523. 523. 422. 393. 418. 406.
  428. 429. 432. 444. 442. 449. 459. 459. 467. 466. 468. 486. 495. 488.
  498. 495. 501. 496. 506. 520. 502. 512. 518. 515. 513. 513.]
 [476. 515. 534. 539. 546. 504. 514. 512. 512. 511. 428. 425. 433. 441.
  452. 449. 456. 464. 486. 477. 480. 488. 491. 483. 503. 493. 497. 497.
  490. 506. 514. 510. 514. 514. 506. 514. 515. 515. 512. 518.]]
##############################
[[190. 223. 243. 243. 252. 250. 228. 235. 237. 234. 202. 201. 224. 225.
  233. 237. 246. 258. 257. 262. 274. 270. 273. 280. 284. 284. 291. 292.
  293. 293. 288. 297. 291. 298. 303. 298. 305. 302. 303. 292.]
 [700. 700. 700. 700. 700. 700. 650. 650. 650. 650. 650. 649. 648. 648.
  646. 647. 648. 645. 646. 644. 647. 645. 645. 646. 646. 646. 646. 647.
  648. 648. 647. 646. 647. 645. 647. 648. 647. 646. 648. 648.]
 [477. 536. 542. 552. 548. 560. 519. 522. 523. 523. 422. 393. 418. 406.
  428. 429. 432. 444. 442. 449. 459. 459. 467. 466. 468. 486. 495. 488.
  498. 495. 501. 496. 506. 520. 502. 512. 518. 515. 513. 513.]
 [476. 515. 534. 539. 546. 540. 514. 512. 512. 511. 428. 425. 433. 441.
  452. 449. 456. 464. 486. 477. 480. 488. 491. 483. 503. 493. 497. 497.
  490. 506. 514. 510. 514. 514. 506. 514. 515. 515. 512. 518.]]
##############################
[[190. 223. 243. 243. 252. 250. 244. 235. 237. 234. 202. 201. 224. 225.
  233. 237. 246. 258. 257. 262. 274. 270. 273. 280. 284. 284. 291. 292.
  293. 293. 288. 297. 291. 298. 303. 298. 305. 302. 303. 292.]
 [700. 700. 700. 700. 700. 700. 700. 650. 650. 650. 650. 649. 648. 648.
  646. 647. 648. 645. 646. 644. 647. 645. 645. 646. 646. 646. 646. 647.
  648. 648. 647. 646. 647. 645. 647. 648. 647. 646. 648. 648.]
 [477. 536. 542. 552. 548. 560. 553. 522. 523. 523. 422. 393. 418. 406.
  428. 429. 432. 444. 442. 449. 459. 459. 467. 466. 468. 486. 495. 488.
  498. 495. 501. 496. 506. 520. 502. 512. 518. 515. 513. 513.]
 [476. 515. 534. 539. 546. 540. 551. 512. 512. 511. 428. 425. 433. 441.
  452. 449. 456. 464. 486. 477. 480. 488. 491. 483. 503. 493. 497. 497.
  490. 506. 514. 510. 514. 514. 506. 514. 515. 515. 512. 518.]]
##############################
[[190. 223. 243. 243. 252. 250. 244. 252. 237. 234. 202. 201. 224. 225.
  233. 237. 246. 258. 257. 262. 274. 270. 273. 280. 284. 284. 291. 292.
  293. 293. 288. 297. 291. 298. 303. 298. 305. 302. 303. 292.]
 [700. 700. 700. 700. 700. 700. 700. 700. 650. 650. 650. 649. 648. 648.
  646. 647. 648. 645. 646. 644. 647. 645. 645. 646. 646. 646. 646. 647.
  648. 648. 647. 646. 647. 645. 647. 648. 647. 646. 648. 648.]
 [477. 536. 542. 552. 548. 560. 553. 556. 523. 523. 422. 393. 418. 406.
  428. 429. 432. 444. 442. 449. 459. 459. 467. 466. 468. 486. 495. 488.
  498. 495. 501. 496. 506. 520. 502. 512. 518. 515. 513. 513.]
 [476. 515. 534. 539. 546. 540. 551. 548. 512. 511. 428. 425. 433. 441.
  452. 449. 456. 464. 486. 477. 480. 488. 491. 483. 503. 493. 497. 497.
  490. 506. 514. 510. 514. 514. 506. 514. 515. 515. 512. 518.]]
##############################
[[190. 223. 243. 243. 252. 250. 244. 252. 254. 234. 202. 201. 224. 225.
  233. 237. 246. 258. 257. 262. 274. 270. 273. 280. 284. 284. 291. 292.
  293. 293. 288. 297. 291. 298. 303. 298. 305. 302. 303. 292.]
 [700. 700. 700. 700. 700. 700. 700. 700. 700. 650. 650. 649. 648. 648.
  646. 647. 648. 645. 646. 644. 647. 645. 645. 646. 646. 646. 646. 647.
  648. 648. 647. 646. 647. 645. 647. 648. 647. 646. 648. 648.]
 [477. 536. 542. 552. 548. 560. 553. 556. 556. 523. 422. 393. 418. 406.
  428. 429. 432. 444. 442. 449. 459. 459. 467. 466. 468. 486. 495. 488.
  498. 495. 501. 496. 506. 520. 502. 512. 518. 515. 513. 513.]
 [476. 515. 534. 539. 546. 540. 551. 548. 549. 511. 428. 425. 433. 441.
  452. 449. 456. 464. 486. 477. 480. 488. 491. 483. 503. 493. 497. 497.
  490. 506. 514. 510. 514. 514. 506. 514. 515. 515. 512. 518.]]
##############################
[[190. 223. 243. 243. 252. 250. 244. 252. 254. 250. 202. 201. 224. 225.
  233. 237. 246. 258. 257. 262. 274. 270. 273. 280. 284. 284. 291. 292.
  293. 293. 288. 297. 291. 298. 303. 298. 305. 302. 303. 292.]
 [700. 700. 700. 700. 700. 700. 700. 700. 700. 700. 650. 649. 648. 648.
  646. 647. 648. 645. 646. 644. 647. 645. 645. 646. 646. 646. 646. 647.
  648. 648. 647. 646. 647. 645. 647. 648. 647. 646. 648. 648.]
 [477. 536. 542. 552. 548. 560. 553. 556. 556. 560. 422. 393. 418. 406.
  428. 429. 432. 444. 442. 449. 459. 459. 467. 466. 468. 486. 495. 488.
  498. 495. 501. 496. 506. 520. 502. 512. 518. 515. 513. 513.]
 [476. 515. 534. 539. 546. 540. 551. 548. 549. 545. 428. 425. 433. 441.
  452. 449. 456. 464. 486. 477. 480. 488. 491. 483. 503. 493. 497. 497.
  490. 506. 514. 510. 514. 514. 506. 514. 515. 515. 512. 518.]]
##############################
[[190. 223. 243. 243. 252. 250. 244. 252. 254. 250. 214. 201. 224. 225.
  233. 237. 246. 258. 257. 262. 274. 270. 273. 280. 284. 284. 291. 292.
  293. 293. 288. 297. 291. 298. 303. 298. 305. 302. 303. 292.]
 [700. 700. 700. 700. 700. 700. 700. 700. 700. 700. 700. 649. 648. 648.
  646. 647. 648. 645. 646. 644. 647. 645. 645. 646. 646. 646. 646. 647.
  648. 648. 647. 646. 647. 645. 647. 648. 647. 646. 648. 648.]
 [477. 536. 542. 552. 548. 560. 553. 556. 556. 560. 451. 393. 418. 406.
  428. 429. 432. 444. 442. 449. 459. 459. 467. 466. 468. 486. 495. 488.
  498. 495. 501. 496. 506. 520. 502. 512. 518. 515. 513. 513.]
 [476. 515. 534. 539. 546. 540. 551. 548. 549. 545. 458. 425. 433. 441.
  452. 449. 456. 464. 486. 477. 480. 488. 491. 483. 503. 493. 497. 497.
  490. 506. 514. 510. 514. 514. 506. 514. 515. 515. 512. 518.]]
##############################
[[190. 223. 243. 243. 252. 250. 244. 252. 254. 250. 214. 216. 224. 225.
  233. 237. 246. 258. 257. 262. 274. 270. 273. 280. 284. 284. 291. 292.
  293. 293. 288. 297. 291. 298. 303. 298. 305. 302. 303. 292.]
 [700. 700. 700. 700. 700. 700. 700. 700. 700. 700. 700. 699. 648. 648.
  646. 647. 648. 645. 646. 644. 647. 645. 645. 646. 646. 646. 646. 647.
  648. 648. 647. 646. 647. 645. 647. 648. 647. 646. 648. 648.]
 [477. 536. 542. 552. 548. 560. 553. 556. 556. 560. 451. 423. 418. 406.
  428. 429. 432. 444. 442. 449. 459. 459. 467. 466. 468. 486. 495. 488.
  498. 495. 501. 496. 506. 520. 502. 512. 518. 515. 513. 513.]
 [476. 515. 534. 539. 546. 540. 551. 548. 549. 545. 458. 457. 433. 441.
  452. 449. 456. 464. 486. 477. 480. 488. 491. 483. 503. 493. 497. 497.
  490. 506. 514. 510. 514. 514. 506. 514. 515. 515. 512. 518.]]
##############################
[[190. 223. 243. 243. 252. 250. 244. 252. 254. 250. 214. 216. 239. 225.
  233. 237. 246. 258. 257. 262. 274. 270. 273. 280. 284. 284. 291. 292.
  293. 293. 288. 297. 291. 298. 303. 298. 305. 302. 303. 292.]
 [700. 700. 700. 700. 700. 700. 700. 700. 700. 700. 700. 699. 698. 648.
  646. 647. 648. 645. 646. 644. 647. 645. 645. 646. 646. 646. 646. 647.
  648. 648. 647. 646. 647. 645. 647. 648. 647. 646. 648. 648.]
 [477. 536. 542. 552. 548. 560. 553. 556. 556. 560. 451. 423. 445. 406.
  428. 429. 432. 444. 442. 449. 459. 459. 467. 466. 468. 486. 495. 488.
  498. 495. 501. 496. 506. 520. 502. 512. 518. 515. 513. 513.]
 [476. 515. 534. 539. 546. 540. 551. 548. 549. 545. 458. 457. 465. 441.
  452. 449. 456. 464. 486. 477. 480. 488. 491. 483. 503. 493. 497. 497.
  490. 506. 514. 510. 514. 514. 506. 514. 515. 515. 512. 518.]]
##############################
[[190. 223. 243. 243. 252. 250. 244. 252. 254. 250. 214. 216. 239. 242.
  233. 237. 246. 258. 257. 262. 274. 270. 273. 280. 284. 284. 291. 292.
  293. 293. 288. 297. 291. 298. 303. 298. 305. 302. 303. 292.]
 [700. 700. 700. 700. 700. 700. 700. 700. 700. 700. 700. 699. 698. 698.
  646. 647. 648. 645. 646. 644. 647. 645. 645. 646. 646. 646. 646. 647.
  648. 648. 647. 646. 647. 645. 647. 648. 647. 646. 648. 648.]
 [477. 536. 542. 552. 548. 560. 553. 556. 556. 560. 451. 423. 445. 437.
  428. 429. 432. 444. 442. 449. 459. 459. 467. 466. 468. 486. 495. 488.
  498. 495. 501. 496. 506. 520. 502. 512. 518. 515. 513. 513.]
 [476. 515. 534. 539. 546. 540. 551. 548. 549. 545. 458. 457. 465. 472.
  452. 449. 456. 464. 486. 477. 480. 488. 491. 483. 503. 493. 497. 497.
  490. 506. 514. 510. 514. 514. 506. 514. 515. 515. 512. 518.]]
##############################
[[190. 223. 243. 243. 252. 250. 244. 252. 254. 250. 214. 216. 239. 242.
  254. 237. 246. 258. 257. 262. 274. 270. 273. 280. 284. 284. 291. 292.
  293. 293. 288. 297. 291. 298. 303. 298. 305. 302. 303. 292.]
 [700. 700. 700. 700. 700. 700. 700. 700. 700. 700. 700. 699. 698. 698.
  696. 647. 648. 645. 646. 644. 647. 645. 645. 646. 646. 646. 646. 647.
  648. 648. 647. 646. 647. 645. 647. 648. 647. 646. 648. 648.]
 [477. 536. 542. 552. 548. 560. 553. 556. 556. 560. 451. 423. 445. 437.
  460. 429. 432. 444. 442. 449. 459. 459. 467. 466. 468. 486. 495. 488.
  498. 495. 501. 496. 506. 520. 502. 512. 518. 515. 513. 513.]
 [476. 515. 534. 539. 546. 540. 551. 548. 549. 545. 458. 457. 465. 472.
  486. 449. 456. 464. 486. 477. 480. 488. 491. 483. 503. 493. 497. 497.
  490. 506. 514. 510. 514. 514. 506. 514. 515. 515. 512. 518.]]
##############################
[[190. 223. 243. 243. 252. 250. 244. 252. 254. 250. 214. 216. 239. 242.
  254. 256. 246. 258. 257. 262. 274. 270. 273. 280. 284. 284. 291. 292.
  293. 293. 288. 297. 291. 298. 303. 298. 305. 302. 303. 292.]
 [700. 700. 700. 700. 700. 700. 700. 700. 700. 700. 700. 699. 698. 698.
  696. 697. 648. 645. 646. 644. 647. 645. 645. 646. 646. 646. 646. 647.
  648. 648. 647. 646. 647. 645. 647. 648. 647. 646. 648. 648.]
 [477. 536. 542. 552. 548. 560. 553. 556. 556. 560. 451. 423. 445. 437.
  460. 461. 432. 444. 442. 449. 459. 459. 467. 466. 468. 486. 495. 488.
  498. 495. 501. 496. 506. 520. 502. 512. 518. 515. 513. 513.]
 [476. 515. 534. 539. 546. 540. 551. 548. 549. 545. 458. 457. 465. 472.
  486. 485. 456. 464. 486. 477. 480. 488. 491. 483. 503. 493. 497. 497.
  490. 506. 514. 510. 514. 514. 506. 514. 515. 515. 512. 518.]]
##############################
[[190. 223. 243. 243. 252. 250. 244. 252. 254. 250. 214. 216. 239. 242.
  254. 256. 269. 258. 257. 262. 274. 270. 273. 280. 284. 284. 291. 292.
  293. 293. 288. 297. 291. 298. 303. 298. 305. 302. 303. 292.]
 [700. 700. 700. 700. 700. 700. 700. 700. 700. 700. 700. 699. 698. 698.
  696. 697. 698. 645. 646. 644. 647. 645. 645. 646. 646. 646. 646. 647.
  648. 648. 647. 646. 647. 645. 647. 648. 647. 646. 648. 648.]
 [477. 536. 542. 552. 548. 560. 553. 556. 556. 560. 451. 423. 445. 437.
  460. 461. 464. 444. 442. 449. 459. 459. 467. 466. 468. 486. 495. 488.
  498. 495. 501. 496. 506. 520. 502. 512. 518. 515. 513. 513.]
 [476. 515. 534. 539. 546. 540. 551. 548. 549. 545. 458. 457. 465. 472.
  486. 485. 491. 464. 486. 477. 480. 488. 491. 483. 503. 493. 497. 497.
  490. 506. 514. 510. 514. 514. 506. 514. 515. 515. 512. 518.]]
##############################
[[190. 223. 243. 243. 252. 250. 244. 252. 254. 250. 214. 216. 239. 242.
  254. 256. 269. 277. 257. 262. 274. 270. 273. 280. 284. 284. 291. 292.
  293. 293. 288. 297. 291. 298. 303. 298. 305. 302. 303. 292.]
 [700. 700. 700. 700. 700. 700. 700. 700. 700. 700. 700. 699. 698. 698.
  696. 697. 698. 695. 646. 644. 647. 645. 645. 646. 646. 646. 646. 647.
  648. 648. 647. 646. 647. 645. 647. 648. 647. 646. 648. 648.]
 [477. 536. 542. 552. 548. 560. 553. 556. 556. 560. 451. 423. 445. 437.
  460. 461. 464. 474. 442. 449. 459. 459. 467. 466. 468. 486. 495. 488.
  498. 495. 501. 496. 506. 520. 502. 512. 518. 515. 513. 513.]
 [476. 515. 534. 539. 546. 540. 551. 548. 549. 545. 458. 457. 465. 472.
  486. 485. 491. 497. 486. 477. 480. 488. 491. 483. 503. 493. 497. 497.
  490. 506. 514. 510. 514. 514. 506. 514. 515. 515. 512. 518.]]
##############################
[[190. 223. 243. 243. 252. 250. 244. 252. 254. 250. 214. 216. 239. 242.
  254. 256. 269. 277. 278. 262. 274. 270. 273. 280. 284. 284. 291. 292.
  293. 293. 288. 297. 291. 298. 303. 298. 305. 302. 303. 292.]
 [700. 700. 700. 700. 700. 700. 700. 700. 700. 700. 700. 699. 698. 698.
  696. 697. 698. 695. 696. 644. 647. 645. 645. 646. 646. 646. 646. 647.
  648. 648. 647. 646. 647. 645. 647. 648. 647. 646. 648. 648.]
 [477. 536. 542. 552. 548. 560. 553. 556. 556. 560. 451. 423. 445. 437.
  460. 461. 464. 474. 473. 449. 459. 459. 467. 466. 468. 486. 495. 488.
  498. 495. 501. 496. 506. 520. 502. 512. 518. 515. 513. 513.]
 [476. 515. 534. 539. 546. 540. 551. 548. 549. 545. 458. 457. 465. 472.
  486. 485. 491. 497. 519. 477. 480. 488. 491. 483. 503. 493. 497. 497.
  490. 506. 514. 510. 514. 514. 506. 514. 515. 515. 512. 518.]]
##############################
[[190. 223. 243. 243. 252. 250. 244. 252. 254. 250. 214. 216. 239. 242.
  254. 256. 269. 277. 278. 282. 274. 270. 273. 280. 284. 284. 291. 292.
  293. 293. 288. 297. 291. 298. 303. 298. 305. 302. 303. 292.]
 [700. 700. 700. 700. 700. 700. 700. 700. 700. 700. 700. 699. 698. 698.
  696. 697. 698. 695. 696. 694. 647. 645. 645. 646. 646. 646. 646. 647.
  648. 648. 647. 646. 647. 645. 647. 648. 647. 646. 648. 648.]
 [477. 536. 542. 552. 548. 560. 553. 556. 556. 560. 451. 423. 445. 437.
  460. 461. 464. 474. 473. 479. 459. 459. 467. 466. 468. 486. 495. 488.
  498. 495. 501. 496. 506. 520. 502. 512. 518. 515. 513. 513.]
 [476. 515. 534. 539. 546. 540. 551. 548. 549. 545. 458. 457. 465. 472.
  486. 485. 491. 497. 519. 513. 480. 488. 491. 483. 503. 493. 497. 497.
  490. 506. 514. 510. 514. 514. 506. 514. 515. 515. 512. 518.]]
##############################
[[190. 223. 243. 243. 252. 250. 244. 252. 254. 250. 214. 216. 239. 242.
  254. 256. 269. 277. 278. 282. 294. 270. 273. 280. 284. 284. 291. 292.
  293. 293. 288. 297. 291. 298. 303. 298. 305. 302. 303. 292.]
 [700. 700. 700. 700. 700. 700. 700. 700. 700. 700. 700. 699. 698. 698.
  696. 697. 698. 695. 696. 694. 697. 645. 645. 646. 646. 646. 646. 647.
  648. 648. 647. 646. 647. 645. 647. 648. 647. 646. 648. 648.]
 [477. 536. 542. 552. 548. 560. 553. 556. 556. 560. 451. 423. 445. 437.
  460. 461. 464. 474. 473. 479. 491. 459. 467. 466. 468. 486. 495. 488.
  498. 495. 501. 496. 506. 520. 502. 512. 518. 515. 513. 513.]
 [476. 515. 534. 539. 546. 540. 551. 548. 549. 545. 458. 457. 465. 472.
  486. 485. 491. 497. 519. 513. 515. 488. 491. 483. 503. 493. 497. 497.
  490. 506. 514. 510. 514. 514. 506. 514. 515. 515. 512. 518.]]
##############################
[[190. 223. 243. 243. 252. 250. 244. 252. 254. 250. 214. 216. 239. 242.
  254. 256. 269. 277. 278. 282. 294. 292. 273. 280. 284. 284. 291. 292.
  293. 293. 288. 297. 291. 298. 303. 298. 305. 302. 303. 292.]
 [700. 700. 700. 700. 700. 700. 700. 700. 700. 700. 700. 699. 698. 698.
  696. 697. 698. 695. 696. 694. 697. 695. 645. 646. 646. 646. 646. 647.
  648. 648. 647. 646. 647. 645. 647. 648. 647. 646. 648. 648.]
 [477. 536. 542. 552. 548. 560. 553. 556. 556. 560. 451. 423. 445. 437.
  460. 461. 464. 474. 473. 479. 491. 492. 467. 466. 468. 486. 495. 488.
  498. 495. 501. 496. 506. 520. 502. 512. 518. 515. 513. 513.]
 [476. 515. 534. 539. 546. 540. 551. 548. 549. 545. 458. 457. 465. 472.
  486. 485. 491. 497. 519. 513. 515. 526. 491. 483. 503. 493. 497. 497.
  490. 506. 514. 510. 514. 514. 506. 514. 515. 515. 512. 518.]]
##############################
[[190. 223. 243. 243. 252. 250. 244. 252. 254. 250. 214. 216. 239. 242.
  254. 256. 269. 277. 278. 282. 294. 292. 297. 280. 284. 284. 291. 292.
  293. 293. 288. 297. 291. 298. 303. 298. 305. 302. 303. 292.]
 [700. 700. 700. 700. 700. 700. 700. 700. 700. 700. 700. 699. 698. 698.
  696. 697. 698. 695. 696. 694. 697. 695. 695. 646. 646. 646. 646. 647.
  648. 648. 647. 646. 647. 645. 647. 648. 647. 646. 648. 648.]
 [477. 536. 542. 552. 548. 560. 553. 556. 556. 560. 451. 423. 445. 437.
  460. 461. 464. 474. 473. 479. 491. 492. 500. 466. 468. 486. 495. 488.
  498. 495. 501. 496. 506. 520. 502. 512. 518. 515. 513. 513.]
 [476. 515. 534. 539. 546. 540. 551. 548. 549. 545. 458. 457. 465. 472.
  486. 485. 491. 497. 519. 513. 515. 526. 530. 483. 503. 493. 497. 497.
  490. 506. 514. 510. 514. 514. 506. 514. 515. 515. 512. 518.]]
##############################
[[190. 223. 243. 243. 252. 250. 244. 252. 254. 250. 214. 216. 239. 242.
  254. 256. 269. 277. 278. 282. 294. 292. 297. 302. 284. 284. 291. 292.
  293. 293. 288. 297. 291. 298. 303. 298. 305. 302. 303. 292.]
 [700. 700. 700. 700. 700. 700. 700. 700. 700. 700. 700. 699. 698. 698.
  696. 697. 698. 695. 696. 694. 697. 695. 695. 696. 646. 646. 646. 647.
  648. 648. 647. 646. 647. 645. 647. 648. 647. 646. 648. 648.]
 [477. 536. 542. 552. 548. 560. 553. 556. 556. 560. 451. 423. 445. 437.
  460. 461. 464. 474. 473. 479. 491. 492. 500. 503. 468. 486. 495. 488.
  498. 495. 501. 496. 506. 520. 502. 512. 518. 515. 513. 513.]
 [476. 515. 534. 539. 546. 540. 551. 548. 549. 545. 458. 457. 465. 472.
  486. 485. 491. 497. 519. 513. 515. 526. 530. 521. 503. 493. 497. 497.
  490. 506. 514. 510. 514. 514. 506. 514. 515. 515. 512. 518.]]
##############################
[[190. 223. 243. 243. 252. 250. 244. 252. 254. 250. 214. 216. 239. 242.
  254. 256. 269. 277. 278. 282. 294. 292. 297. 302. 308. 284. 291. 292.
  293. 293. 288. 297. 291. 298. 303. 298. 305. 302. 303. 292.]
 [700. 700. 700. 700. 700. 700. 700. 700. 700. 700. 700. 699. 698. 698.
  696. 697. 698. 695. 696. 694. 697. 695. 695. 696. 696. 646. 646. 647.
  648. 648. 647. 646. 647. 645. 647. 648. 647. 646. 648. 648.]
 [477. 536. 542. 552. 548. 560. 553. 556. 556. 560. 451. 423. 445. 437.
  460. 461. 464. 474. 473. 479. 491. 492. 500. 503. 504. 486. 495. 488.
  498. 495. 501. 496. 506. 520. 502. 512. 518. 515. 513. 513.]
 [476. 515. 534. 539. 546. 540. 551. 548. 549. 545. 458. 457. 465. 472.
  486. 485. 491. 497. 519. 513. 515. 526. 530. 521. 542. 493. 497. 497.
  490. 506. 514. 510. 514. 514. 506. 514. 515. 515. 512. 518.]]
##############################
[[190. 223. 243. 243. 252. 250. 244. 252. 254. 250. 214. 216. 239. 242.
  254. 256. 269. 277. 278. 282. 294. 292. 297. 302. 308. 308. 291. 292.
  293. 293. 288. 297. 291. 298. 303. 298. 305. 302. 303. 292.]
 [700. 700. 700. 700. 700. 700. 700. 700. 700. 700. 700. 699. 698. 698.
  696. 697. 698. 695. 696. 694. 697. 695. 695. 696. 696. 696. 646. 647.
  648. 648. 647. 646. 647. 645. 647. 648. 647. 646. 648. 648.]
 [477. 536. 542. 552. 548. 560. 553. 556. 556. 560. 451. 423. 445. 437.
  460. 461. 464. 474. 473. 479. 491. 492. 500. 503. 504. 525. 495. 488.
  498. 495. 501. 496. 506. 520. 502. 512. 518. 515. 513. 513.]
 [476. 515. 534. 539. 546. 540. 551. 548. 549. 545. 458. 457. 465. 472.
  486. 485. 491. 497. 519. 513. 515. 526. 530. 521. 542. 532. 497. 497.
  490. 506. 514. 510. 514. 514. 506. 514. 515. 515. 512. 518.]]
##############################
[[190. 223. 243. 243. 252. 250. 244. 252. 254. 250. 214. 216. 239. 242.
  254. 256. 269. 277. 278. 282. 294. 292. 297. 302. 308. 308. 316. 292.
  293. 293. 288. 297. 291. 298. 303. 298. 305. 302. 303. 292.]
 [700. 700. 700. 700. 700. 700. 700. 700. 700. 700. 700. 699. 698. 698.
  696. 697. 698. 695. 696. 694. 697. 695. 695. 696. 696. 696. 696. 647.
  648. 648. 647. 646. 647. 645. 647. 648. 647. 646. 648. 648.]
 [477. 536. 542. 552. 548. 560. 553. 556. 556. 560. 451. 423. 445. 437.
  460. 461. 464. 474. 473. 479. 491. 492. 500. 503. 504. 525. 532. 488.
  498. 495. 501. 496. 506. 520. 502. 512. 518. 515. 513. 513.]
 [476. 515. 534. 539. 546. 540. 551. 548. 549. 545. 458. 457. 465. 472.
  486. 485. 491. 497. 519. 513. 515. 526. 530. 521. 542. 532. 536. 497.
  490. 506. 514. 510. 514. 514. 506. 514. 515. 515. 512. 518.]]
##############################
[[190. 223. 243. 243. 252. 250. 244. 252. 254. 250. 214. 216. 239. 242.
  254. 256. 269. 277. 278. 282. 294. 292. 297. 302. 308. 308. 316. 316.
  293. 293. 288. 297. 291. 298. 303. 298. 305. 302. 303. 292.]
 [700. 700. 700. 700. 700. 700. 700. 700. 700. 700. 700. 699. 698. 698.
  696. 697. 698. 695. 696. 694. 697. 695. 695. 696. 696. 696. 696. 697.
  648. 648. 647. 646. 647. 645. 647. 648. 647. 646. 648. 648.]
 [477. 536. 542. 552. 548. 560. 553. 556. 556. 560. 451. 423. 445. 437.
  460. 461. 464. 474. 473. 479. 491. 492. 500. 503. 504. 525. 532. 531.
  498. 495. 501. 496. 506. 520. 502. 512. 518. 515. 513. 513.]
 [476. 515. 534. 539. 546. 540. 551. 548. 549. 545. 458. 457. 465. 472.
  486. 485. 491. 497. 519. 513. 515. 526. 530. 521. 542. 532. 536. 537.
  490. 506. 514. 510. 514. 514. 506. 514. 515. 515. 512. 518.]]
##############################
[[190. 223. 243. 243. 252. 250. 244. 252. 254. 250. 214. 216. 239. 242.
  254. 256. 269. 277. 278. 282. 294. 292. 297. 302. 308. 308. 316. 316.
  317. 293. 288. 297. 291. 298. 303. 298. 305. 302. 303. 292.]
 [700. 700. 700. 700. 700. 700. 700. 700. 700. 700. 700. 699. 698. 698.
  696. 697. 698. 695. 696. 694. 697. 695. 695. 696. 696. 696. 696. 697.
  698. 648. 647. 646. 647. 645. 647. 648. 647. 646. 648. 648.]
 [477. 536. 542. 552. 548. 560. 553. 556. 556. 560. 451. 423. 445. 437.
  460. 461. 464. 474. 473. 479. 491. 492. 500. 503. 504. 525. 532. 531.
  537. 495. 501. 496. 506. 520. 502. 512. 518. 515. 513. 513.]
 [476. 515. 534. 539. 546. 540. 551. 548. 549. 545. 458. 457. 465. 472.
  486. 485. 491. 497. 519. 513. 515. 526. 530. 521. 542. 532. 536. 537.
  528. 506. 514. 510. 514. 514. 506. 514. 515. 515. 512. 518.]]
##############################
[[190. 223. 243. 243. 252. 250. 244. 252. 254. 250. 214. 216. 239. 242.
  254. 256. 269. 277. 278. 282. 294. 292. 297. 302. 308. 308. 316. 316.
  317. 320. 288. 297. 291. 298. 303. 298. 305. 302. 303. 292.]
 [700. 700. 700. 700. 700. 700. 700. 700. 700. 700. 700. 699. 698. 698.
  696. 697. 698. 695. 696. 694. 697. 695. 695. 696. 696. 696. 696. 697.
  698. 698. 647. 646. 647. 645. 647. 648. 647. 646. 648. 648.]
 [477. 536. 542. 552. 548. 560. 553. 556. 556. 560. 451. 423. 445. 437.
  460. 461. 464. 474. 473. 479. 491. 492. 500. 503. 504. 525. 532. 531.
  537. 536. 501. 496. 506. 520. 502. 512. 518. 515. 513. 513.]
 [476. 515. 534. 539. 546. 540. 551. 548. 549. 545. 458. 457. 465. 472.
  486. 485. 491. 497. 519. 513. 515. 526. 530. 521. 542. 532. 536. 537.
  528. 547. 514. 510. 514. 514. 506. 514. 515. 515. 512. 518.]]
##############################
[[190. 223. 243. 243. 252. 250. 244. 252. 254. 250. 214. 216. 239. 242.
  254. 256. 269. 277. 278. 282. 294. 292. 297. 302. 308. 308. 316. 316.
  317. 320. 315. 297. 291. 298. 303. 298. 305. 302. 303. 292.]
 [700. 700. 700. 700. 700. 700. 700. 700. 700. 700. 700. 699. 698. 698.
  696. 697. 698. 695. 696. 694. 697. 695. 695. 696. 696. 696. 696. 697.
  698. 698. 697. 646. 647. 645. 647. 648. 647. 646. 648. 648.]
 [477. 536. 542. 552. 548. 560. 553. 556. 556. 560. 451. 423. 445. 437.
  460. 461. 464. 474. 473. 479. 491. 492. 500. 503. 504. 525. 532. 531.
  537. 536. 544. 496. 506. 520. 502. 512. 518. 515. 513. 513.]
 [476. 515. 534. 539. 546. 540. 551. 548. 549. 545. 458. 457. 465. 472.
  486. 485. 491. 497. 519. 513. 515. 526. 530. 521. 542. 532. 536. 537.
  528. 547. 554. 510. 514. 514. 506. 514. 515. 515. 512. 518.]]
##############################
[[190. 223. 243. 243. 252. 250. 244. 252. 254. 250. 214. 216. 239. 242.
  254. 256. 269. 277. 278. 282. 294. 292. 297. 302. 308. 308. 316. 316.
  317. 320. 315. 323. 291. 298. 303. 298. 305. 302. 303. 292.]
 [700. 700. 700. 700. 700. 700. 700. 700. 700. 700. 700. 699. 698. 698.
  696. 697. 698. 695. 696. 694. 697. 695. 695. 696. 696. 696. 696. 697.
  698. 698. 697. 696. 647. 645. 647. 648. 647. 646. 648. 648.]
 [477. 536. 542. 552. 548. 560. 553. 556. 556. 560. 451. 423. 445. 437.
  460. 461. 464. 474. 473. 479. 491. 492. 500. 503. 504. 525. 532. 531.
  537. 536. 544. 537. 506. 520. 502. 512. 518. 515. 513. 513.]
 [476. 515. 534. 539. 546. 540. 551. 548. 549. 545. 458. 457. 465. 472.
  486. 485. 491. 497. 519. 513. 515. 526. 530. 521. 542. 532. 536. 537.
  528. 547. 554. 549. 514. 514. 506. 514. 515. 515. 512. 518.]]
##############################
[[190. 223. 243. 243. 252. 250. 244. 252. 254. 250. 214. 216. 239. 242.
  254. 256. 269. 277. 278. 282. 294. 292. 297. 302. 308. 308. 316. 316.
  317. 320. 315. 323. 317. 298. 303. 298. 305. 302. 303. 292.]
 [700. 700. 700. 700. 700. 700. 700. 700. 700. 700. 700. 699. 698. 698.
  696. 697. 698. 695. 696. 694. 697. 695. 695. 696. 696. 696. 696. 697.
  698. 698. 697. 696. 697. 645. 647. 648. 647. 646. 648. 648.]
 [477. 536. 542. 552. 548. 560. 553. 556. 556. 560. 451. 423. 445. 437.
  460. 461. 464. 474. 473. 479. 491. 492. 500. 503. 504. 525. 532. 531.
  537. 536. 544. 537. 545. 520. 502. 512. 518. 515. 513. 513.]
 [476. 515. 534. 539. 546. 540. 551. 548. 549. 545. 458. 457. 465. 472.
  486. 485. 491. 497. 519. 513. 515. 526. 530. 521. 542. 532. 536. 537.
  528. 547. 554. 549. 553. 514. 506. 514. 515. 515. 512. 518.]]
##############################
[[190. 223. 243. 243. 252. 250. 244. 252. 254. 250. 214. 216. 239. 242.
  254. 256. 269. 277. 278. 282. 294. 292. 297. 302. 308. 308. 316. 316.
  317. 320. 315. 323. 317. 322. 303. 298. 305. 302. 303. 292.]
 [700. 700. 700. 700. 700. 700. 700. 700. 700. 700. 700. 699. 698. 698.
  696. 697. 698. 695. 696. 694. 697. 695. 695. 696. 696. 696. 696. 697.
  698. 698. 697. 696. 697. 695. 647. 648. 647. 646. 648. 648.]
 [477. 536. 542. 552. 548. 560. 553. 556. 556. 560. 451. 423. 445. 437.
  460. 461. 464. 474. 473. 479. 491. 492. 500. 503. 504. 525. 532. 531.
  537. 536. 544. 537. 545. 559. 502. 512. 518. 515. 513. 513.]
 [476. 515. 534. 539. 546. 540. 551. 548. 549. 545. 458. 457. 465. 472.
  486. 485. 491. 497. 519. 513. 515. 526. 530. 521. 542. 532. 536. 537.
  528. 547. 554. 549. 553. 553. 506. 514. 515. 515. 512. 518.]]
##############################
[[190. 223. 243. 243. 252. 250. 244. 252. 254. 250. 214. 216. 239. 242.
  254. 256. 269. 277. 278. 282. 294. 292. 297. 302. 308. 308. 316. 316.
  317. 320. 315. 323. 317. 322. 327. 298. 305. 302. 303. 292.]
 [700. 700. 700. 700. 700. 700. 700. 700. 700. 700. 700. 699. 698. 698.
  696. 697. 698. 695. 696. 694. 697. 695. 695. 696. 696. 696. 696. 697.
  698. 698. 697. 696. 697. 695. 697. 648. 647. 646. 648. 648.]
 [477. 536. 542. 552. 548. 560. 553. 556. 556. 560. 451. 423. 445. 437.
  460. 461. 464. 474. 473. 479. 491. 492. 500. 503. 504. 525. 532. 531.
  537. 536. 544. 537. 545. 559. 541. 512. 518. 515. 513. 513.]
 [476. 515. 534. 539. 546. 540. 551. 548. 549. 545. 458. 457. 465. 472.
  486. 485. 491. 497. 519. 513. 515. 526. 530. 521. 542. 532. 536. 537.
  528. 547. 554. 549. 553. 553. 544. 514. 515. 515. 512. 518.]]
##############################
[[190. 223. 243. 243. 252. 250. 244. 252. 254. 250. 214. 216. 239. 242.
  254. 256. 269. 277. 278. 282. 294. 292. 297. 302. 308. 308. 316. 316.
  317. 320. 315. 323. 317. 322. 327. 323. 305. 302. 303. 292.]
 [700. 700. 700. 700. 700. 700. 700. 700. 700. 700. 700. 699. 698. 698.
  696. 697. 698. 695. 696. 694. 697. 695. 695. 696. 696. 696. 696. 697.
  698. 698. 697. 696. 697. 695. 697. 698. 647. 646. 648. 648.]
 [477. 536. 542. 552. 548. 560. 553. 556. 556. 560. 451. 423. 445. 437.
  460. 461. 464. 474. 473. 479. 491. 492. 500. 503. 504. 525. 532. 531.
  537. 536. 544. 537. 545. 559. 541. 553. 518. 515. 513. 513.]
 [476. 515. 534. 539. 546. 540. 551. 548. 549. 545. 458. 457. 465. 472.
  486. 485. 491. 497. 519. 513. 515. 526. 530. 521. 542. 532. 536. 537.
  528. 547. 554. 549. 553. 553. 544. 554. 515. 515. 512. 518.]]
##############################
[[190. 223. 243. 243. 252. 250. 244. 252. 254. 250. 214. 216. 239. 242.
  254. 256. 269. 277. 278. 282. 294. 292. 297. 302. 308. 308. 316. 316.
  317. 320. 315. 323. 317. 322. 327. 323. 331. 302. 303. 292.]
 [700. 700. 700. 700. 700. 700. 700. 700. 700. 700. 700. 699. 698. 698.
  696. 697. 698. 695. 696. 694. 697. 695. 695. 696. 696. 696. 696. 697.
  698. 698. 697. 696. 697. 695. 697. 698. 697. 646. 648. 648.]
 [477. 536. 542. 552. 548. 560. 553. 556. 556. 560. 451. 423. 445. 437.
  460. 461. 464. 474. 473. 479. 491. 492. 500. 503. 504. 525. 532. 531.
  537. 536. 544. 537. 545. 559. 541. 553. 560. 515. 513. 513.]
 [476. 515. 534. 539. 546. 540. 551. 548. 549. 545. 458. 457. 465. 472.
  486. 485. 491. 497. 519. 513. 515. 526. 530. 521. 542. 532. 536. 537.
  528. 547. 554. 549. 553. 553. 544. 554. 553. 515. 512. 518.]]
##############################
[[190. 223. 243. 243. 252. 250. 244. 252. 254. 250. 214. 216. 239. 242.
  254. 256. 269. 277. 278. 282. 294. 292. 297. 302. 308. 308. 316. 316.
  317. 320. 315. 323. 317. 322. 327. 323. 331. 329. 303. 292.]
 [700. 700. 700. 700. 700. 700. 700. 700. 700. 700. 700. 699. 698. 698.
  696. 697. 698. 695. 696. 694. 697. 695. 695. 696. 696. 696. 696. 697.
  698. 698. 697. 696. 697. 695. 697. 698. 697. 696. 648. 648.]
 [477. 536. 542. 552. 548. 560. 553. 556. 556. 560. 451. 423. 445. 437.
  460. 461. 464. 474. 473. 479. 491. 492. 500. 503. 504. 525. 532. 531.
  537. 536. 544. 537. 545. 559. 541. 553. 560. 554. 513. 513.]
 [476. 515. 534. 539. 546. 540. 551. 548. 549. 545. 458. 457. 465. 472.
  486. 485. 491. 497. 519. 513. 515. 526. 530. 521. 542. 532. 536. 537.
  528. 547. 554. 549. 553. 553. 544. 554. 553. 554. 512. 518.]]
##############################
[[190. 223. 243. 243. 252. 250. 244. 252. 254. 250. 214. 216. 239. 242.
  254. 256. 269. 277. 278. 282. 294. 292. 297. 302. 308. 308. 316. 316.
  317. 320. 315. 323. 317. 322. 327. 323. 331. 329. 330. 292.]
 [700. 700. 700. 700. 700. 700. 700. 700. 700. 700. 700. 699. 698. 698.
  696. 697. 698. 695. 696. 694. 697. 695. 695. 696. 696. 696. 696. 697.
  698. 698. 697. 696. 697. 695. 697. 698. 697. 696. 698. 648.]
 [477. 536. 542. 552. 548. 560. 553. 556. 556. 560. 451. 423. 445. 437.
  460. 461. 464. 474. 473. 479. 491. 492. 500. 503. 504. 525. 532. 531.
  537. 536. 544. 537. 545. 559. 541. 553. 560. 554. 553. 513.]
 [476. 515. 534. 539. 546. 540. 551. 548. 549. 545. 458. 457. 465. 472.
  486. 485. 491. 497. 519. 513. 515. 526. 530. 521. 542. 532. 536. 537.
  528. 547. 554. 549. 553. 553. 544. 554. 553. 554. 552. 518.]]
##############################
[[190. 223. 243. 243. 252. 250. 244. 252. 254. 250. 214. 216. 239. 242.
  254. 256. 269. 277. 278. 282. 294. 292. 297. 302. 308. 308. 316. 316.
  317. 320. 315. 323. 317. 322. 327. 323. 331. 329. 330. 318.]
 [700. 700. 700. 700. 700. 700. 700. 700. 700. 700. 700. 699. 698. 698.
  696. 697. 698. 695. 696. 694. 697. 695. 695. 696. 696. 696. 696. 697.
  698. 698. 697. 696. 697. 695. 697. 698. 697. 696. 698. 698.]
 [477. 536. 542. 552. 548. 560. 553. 556. 556. 560. 451. 423. 445. 437.
  460. 461. 464. 474. 473. 479. 491. 492. 500. 503. 504. 525. 532. 531.
  537. 536. 544. 537. 545. 559. 541. 553. 560. 554. 553. 553.]
 [476. 515. 534. 539. 546. 540. 551. 548. 549. 545. 458. 457. 465. 472.
  486. 485. 491. 497. 519. 513. 515. 526. 530. 521. 542. 532. 536. 537.
  528. 547. 554. 549. 553. 553. 544. 554. 553. 554. 552. 557.]]
##############################
##################################################
##################################################
starting :15 batch
[[203. 223. 243. 243. 252. 250. 244. 252. 254. 250. 214. 216. 239. 242.
  254. 256. 269. 277. 278. 282. 294. 292. 297. 302. 308. 308. 316. 316.
  317. 320. 315. 323. 317. 322. 327. 323. 331. 329. 330. 318.]
 [750. 700. 700. 700. 700. 700. 700. 700. 700. 700. 700. 699. 698. 698.
  696. 697. 698. 695. 696. 694. 697. 695. 695. 696. 696. 696. 696. 697.
  698. 698. 697. 696. 697. 695. 697. 698. 697. 696. 698. 698.]
 [514. 536. 542. 552. 548. 560. 553. 556. 556. 560. 451. 423. 445. 437.
  460. 461. 464. 474. 473. 479. 491. 492. 500. 503. 504. 525. 532. 531.
  537. 536. 544. 537. 545. 559. 541. 553. 560. 554. 553. 553.]
 [512. 515. 534. 539. 546. 540. 551. 548. 549. 545. 458. 457. 465. 472.
  486. 485. 491. 497. 519. 513. 515. 526. 530. 521. 542. 532. 536. 537.
  528. 547. 554. 549. 553. 553. 544. 554. 553. 554. 552. 557.]]
##############################
[[203. 239. 243. 243. 252. 250. 244. 252. 254. 250. 214. 216. 239. 242.
  254. 256. 269. 277. 278. 282. 294. 292. 297. 302. 308. 308. 316. 316.
  317. 320. 315. 323. 317. 322. 327. 323. 331. 329. 330. 318.]
 [750. 750. 700. 700. 700. 700. 700. 700. 700. 700. 700. 699. 698. 698.
  696. 697. 698. 695. 696. 694. 697. 695. 695. 696. 696. 696. 696. 697.
  698. 698. 697. 696. 697. 695. 697. 698. 697. 696. 698. 698.]
 [514. 575. 542. 552. 548. 560. 553. 556. 556. 560. 451. 423. 445. 437.
  460. 461. 464. 474. 473. 479. 491. 492. 500. 503. 504. 525. 532. 531.
  537. 536. 544. 537. 545. 559. 541. 553. 560. 554. 553. 553.]
 [512. 554. 534. 539. 546. 540. 551. 548. 549. 545. 458. 457. 465. 472.
  486. 485. 491. 497. 519. 513. 515. 526. 530. 521. 542. 532. 536. 537.
  528. 547. 554. 549. 553. 553. 544. 554. 553. 554. 552. 557.]]
##############################
[[203. 239. 259. 243. 252. 250. 244. 252. 254. 250. 214. 216. 239. 242.
  254. 256. 269. 277. 278. 282. 294. 292. 297. 302. 308. 308. 316. 316.
  317. 320. 315. 323. 317. 322. 327. 323. 331. 329. 330. 318.]
 [750. 750. 750. 700. 700. 700. 700. 700. 700. 700. 700. 699. 698. 698.
  696. 697. 698. 695. 696. 694. 697. 695. 695. 696. 696. 696. 696. 697.
  698. 698. 697. 696. 697. 695. 697. 698. 697. 696. 698. 698.]
 [514. 575. 580. 552. 548. 560. 553. 556. 556. 560. 451. 423. 445. 437.
  460. 461. 464. 474. 473. 479. 491. 492. 500. 503. 504. 525. 532. 531.
  537. 536. 544. 537. 545. 559. 541. 553. 560. 554. 553. 553.]
 [512. 554. 575. 539. 546. 540. 551. 548. 549. 545. 458. 457. 465. 472.
  486. 485. 491. 497. 519. 513. 515. 526. 530. 521. 542. 532. 536. 537.
  528. 547. 554. 549. 553. 553. 544. 554. 553. 554. 552. 557.]]
##############################
[[203. 239. 259. 260. 252. 250. 244. 252. 254. 250. 214. 216. 239. 242.
  254. 256. 269. 277. 278. 282. 294. 292. 297. 302. 308. 308. 316. 316.
  317. 320. 315. 323. 317. 322. 327. 323. 331. 329. 330. 318.]
 [750. 750. 750. 750. 700. 700. 700. 700. 700. 700. 700. 699. 698. 698.
  696. 697. 698. 695. 696. 694. 697. 695. 695. 696. 696. 696. 696. 697.
  698. 698. 697. 696. 697. 695. 697. 698. 697. 696. 698. 698.]
 [514. 575. 580. 592. 548. 560. 553. 556. 556. 560. 451. 423. 445. 437.
  460. 461. 464. 474. 473. 479. 491. 492. 500. 503. 504. 525. 532. 531.
  537. 536. 544. 537. 545. 559. 541. 553. 560. 554. 553. 553.]
 [512. 554. 575. 581. 546. 540. 551. 548. 549. 545. 458. 457. 465. 472.
  486. 485. 491. 497. 519. 513. 515. 526. 530. 521. 542. 532. 536. 537.
  528. 547. 554. 549. 553. 553. 544. 554. 553. 554. 552. 557.]]
##############################
[[203. 239. 259. 260. 268. 250. 244. 252. 254. 250. 214. 216. 239. 242.
  254. 256. 269. 277. 278. 282. 294. 292. 297. 302. 308. 308. 316. 316.
  317. 320. 315. 323. 317. 322. 327. 323. 331. 329. 330. 318.]
 [750. 750. 750. 750. 750. 700. 700. 700. 700. 700. 700. 699. 698. 698.
  696. 697. 698. 695. 696. 694. 697. 695. 695. 696. 696. 696. 696. 697.
  698. 698. 697. 696. 697. 695. 697. 698. 697. 696. 698. 698.]
 [514. 575. 580. 592. 589. 560. 553. 556. 556. 560. 451. 423. 445. 437.
  460. 461. 464. 474. 473. 479. 491. 492. 500. 503. 504. 525. 532. 531.
  537. 536. 544. 537. 545. 559. 541. 553. 560. 554. 553. 553.]
 [512. 554. 575. 581. 588. 540. 551. 548. 549. 545. 458. 457. 465. 472.
  486. 485. 491. 497. 519. 513. 515. 526. 530. 521. 542. 532. 536. 537.
  528. 547. 554. 549. 553. 553. 544. 554. 553. 554. 552. 557.]]
##############################
[[203. 239. 259. 260. 268. 267. 244. 252. 254. 250. 214. 216. 239. 242.
  254. 256. 269. 277. 278. 282. 294. 292. 297. 302. 308. 308. 316. 316.
  317. 320. 315. 323. 317. 322. 327. 323. 331. 329. 330. 318.]
 [750. 750. 750. 750. 750. 750. 700. 700. 700. 700. 700. 699. 698. 698.
  696. 697. 698. 695. 696. 694. 697. 695. 695. 696. 696. 696. 696. 697.
  698. 698. 697. 696. 697. 695. 697. 698. 697. 696. 698. 698.]
 [514. 575. 580. 592. 589. 598. 553. 556. 556. 560. 451. 423. 445. 437.
  460. 461. 464. 474. 473. 479. 491. 492. 500. 503. 504. 525. 532. 531.
  537. 536. 544. 537. 545. 559. 541. 553. 560. 554. 553. 553.]
 [512. 554. 575. 581. 588. 582. 551. 548. 549. 545. 458. 457. 465. 472.
  486. 485. 491. 497. 519. 513. 515. 526. 530. 521. 542. 532. 536. 537.
  528. 547. 554. 549. 553. 553. 544. 554. 553. 554. 552. 557.]]
##############################
[[203. 239. 259. 260. 268. 267. 262. 252. 254. 250. 214. 216. 239. 242.
  254. 256. 269. 277. 278. 282. 294. 292. 297. 302. 308. 308. 316. 316.
  317. 320. 315. 323. 317. 322. 327. 323. 331. 329. 330. 318.]
 [750. 750. 750. 750. 750. 750. 750. 700. 700. 700. 700. 699. 698. 698.
  696. 697. 698. 695. 696. 694. 697. 695. 695. 696. 696. 696. 696. 697.
  698. 698. 697. 696. 697. 695. 697. 698. 697. 696. 698. 698.]
 [514. 575. 580. 592. 589. 598. 593. 556. 556. 560. 451. 423. 445. 437.
  460. 461. 464. 474. 473. 479. 491. 492. 500. 503. 504. 525. 532. 531.
  537. 536. 544. 537. 545. 559. 541. 553. 560. 554. 553. 553.]
 [512. 554. 575. 581. 588. 582. 592. 548. 549. 545. 458. 457. 465. 472.
  486. 485. 491. 497. 519. 513. 515. 526. 530. 521. 542. 532. 536. 537.
  528. 547. 554. 549. 553. 553. 544. 554. 553. 554. 552. 557.]]
##############################
[[203. 239. 259. 260. 268. 267. 262. 267. 254. 250. 214. 216. 239. 242.
  254. 256. 269. 277. 278. 282. 294. 292. 297. 302. 308. 308. 316. 316.
  317. 320. 315. 323. 317. 322. 327. 323. 331. 329. 330. 318.]
 [750. 750. 750. 750. 750. 750. 750. 750. 700. 700. 700. 699. 698. 698.
  696. 697. 698. 695. 696. 694. 697. 695. 695. 696. 696. 696. 696. 697.
  698. 698. 697. 696. 697. 695. 697. 698. 697. 696. 698. 698.]
 [514. 575. 580. 592. 589. 598. 593. 594. 556. 560. 451. 423. 445. 437.
  460. 461. 464. 474. 473. 479. 491. 492. 500. 503. 504. 525. 532. 531.
  537. 536. 544. 537. 545. 559. 541. 553. 560. 554. 553. 553.]
 [512. 554. 575. 581. 588. 582. 592. 590. 549. 545. 458. 457. 465. 472.
  486. 485. 491. 497. 519. 513. 515. 526. 530. 521. 542. 532. 536. 537.
  528. 547. 554. 549. 553. 553. 544. 554. 553. 554. 552. 557.]]
##############################
[[203. 239. 259. 260. 268. 267. 262. 267. 269. 250. 214. 216. 239. 242.
  254. 256. 269. 277. 278. 282. 294. 292. 297. 302. 308. 308. 316. 316.
  317. 320. 315. 323. 317. 322. 327. 323. 331. 329. 330. 318.]
 [750. 750. 750. 750. 750. 750. 750. 750. 750. 700. 700. 699. 698. 698.
  696. 697. 698. 695. 696. 694. 697. 695. 695. 696. 696. 696. 696. 697.
  698. 698. 697. 696. 697. 695. 697. 698. 697. 696. 698. 698.]
 [514. 575. 580. 592. 589. 598. 593. 594. 595. 560. 451. 423. 445. 437.
  460. 461. 464. 474. 473. 479. 491. 492. 500. 503. 504. 525. 532. 531.
  537. 536. 544. 537. 545. 559. 541. 553. 560. 554. 553. 553.]
 [512. 554. 575. 581. 588. 582. 592. 590. 590. 545. 458. 457. 465. 472.
  486. 485. 491. 497. 519. 513. 515. 526. 530. 521. 542. 532. 536. 537.
  528. 547. 554. 549. 553. 553. 544. 554. 553. 554. 552. 557.]]
##############################
[[203. 239. 259. 260. 268. 267. 262. 267. 269. 265. 214. 216. 239. 242.
  254. 256. 269. 277. 278. 282. 294. 292. 297. 302. 308. 308. 316. 316.
  317. 320. 315. 323. 317. 322. 327. 323. 331. 329. 330. 318.]
 [750. 750. 750. 750. 750. 750. 750. 750. 750. 750. 700. 699. 698. 698.
  696. 697. 698. 695. 696. 694. 697. 695. 695. 696. 696. 696. 696. 697.
  698. 698. 697. 696. 697. 695. 697. 698. 697. 696. 698. 698.]
 [514. 575. 580. 592. 589. 598. 593. 594. 595. 599. 451. 423. 445. 437.
  460. 461. 464. 474. 473. 479. 491. 492. 500. 503. 504. 525. 532. 531.
  537. 536. 544. 537. 545. 559. 541. 553. 560. 554. 553. 553.]
 [512. 554. 575. 581. 588. 582. 592. 590. 590. 586. 458. 457. 465. 472.
  486. 485. 491. 497. 519. 513. 515. 526. 530. 521. 542. 532. 536. 537.
  528. 547. 554. 549. 553. 553. 544. 554. 553. 554. 552. 557.]]
##############################
[[203. 239. 259. 260. 268. 267. 262. 267. 269. 265. 227. 216. 239. 242.
  254. 256. 269. 277. 278. 282. 294. 292. 297. 302. 308. 308. 316. 316.
  317. 320. 315. 323. 317. 322. 327. 323. 331. 329. 330. 318.]
 [750. 750. 750. 750. 750. 750. 750. 750. 750. 750. 750. 699. 698. 698.
  696. 697. 698. 695. 696. 694. 697. 695. 695. 696. 696. 696. 696. 697.
  698. 698. 697. 696. 697. 695. 697. 698. 697. 696. 698. 698.]
 [514. 575. 580. 592. 589. 598. 593. 594. 595. 599. 486. 423. 445. 437.
  460. 461. 464. 474. 473. 479. 491. 492. 500. 503. 504. 525. 532. 531.
  537. 536. 544. 537. 545. 559. 541. 553. 560. 554. 553. 553.]
 [512. 554. 575. 581. 588. 582. 592. 590. 590. 586. 497. 457. 465. 472.
  486. 485. 491. 497. 519. 513. 515. 526. 530. 521. 542. 532. 536. 537.
  528. 547. 554. 549. 553. 553. 544. 554. 553. 554. 552. 557.]]
##############################
[[203. 239. 259. 260. 268. 267. 262. 267. 269. 265. 227. 231. 239. 242.
  254. 256. 269. 277. 278. 282. 294. 292. 297. 302. 308. 308. 316. 316.
  317. 320. 315. 323. 317. 322. 327. 323. 331. 329. 330. 318.]
 [750. 750. 750. 750. 750. 750. 750. 750. 750. 750. 750. 749. 698. 698.
  696. 697. 698. 695. 696. 694. 697. 695. 695. 696. 696. 696. 696. 697.
  698. 698. 697. 696. 697. 695. 697. 698. 697. 696. 698. 698.]
 [514. 575. 580. 592. 589. 598. 593. 594. 595. 599. 486. 455. 445. 437.
  460. 461. 464. 474. 473. 479. 491. 492. 500. 503. 504. 525. 532. 531.
  537. 536. 544. 537. 545. 559. 541. 553. 560. 554. 553. 553.]
 [512. 554. 575. 581. 588. 582. 592. 590. 590. 586. 497. 495. 465. 472.
  486. 485. 491. 497. 519. 513. 515. 526. 530. 521. 542. 532. 536. 537.
  528. 547. 554. 549. 553. 553. 544. 554. 553. 554. 552. 557.]]
##############################
[[203. 239. 259. 260. 268. 267. 262. 267. 269. 265. 227. 231. 255. 242.
  254. 256. 269. 277. 278. 282. 294. 292. 297. 302. 308. 308. 316. 316.
  317. 320. 315. 323. 317. 322. 327. 323. 331. 329. 330. 318.]
 [750. 750. 750. 750. 750. 750. 750. 750. 750. 750. 750. 749. 748. 698.
  696. 697. 698. 695. 696. 694. 697. 695. 695. 696. 696. 696. 696. 697.
  698. 698. 697. 696. 697. 695. 697. 698. 697. 696. 698. 698.]
 [514. 575. 580. 592. 589. 598. 593. 594. 595. 599. 486. 455. 475. 437.
  460. 461. 464. 474. 473. 479. 491. 492. 500. 503. 504. 525. 532. 531.
  537. 536. 544. 537. 545. 559. 541. 553. 560. 554. 553. 553.]
 [512. 554. 575. 581. 588. 582. 592. 590. 590. 586. 497. 495. 502. 472.
  486. 485. 491. 497. 519. 513. 515. 526. 530. 521. 542. 532. 536. 537.
  528. 547. 554. 549. 553. 553. 544. 554. 553. 554. 552. 557.]]
##############################
[[203. 239. 259. 260. 268. 267. 262. 267. 269. 265. 227. 231. 255. 257.
  254. 256. 269. 277. 278. 282. 294. 292. 297. 302. 308. 308. 316. 316.
  317. 320. 315. 323. 317. 322. 327. 323. 331. 329. 330. 318.]
 [750. 750. 750. 750. 750. 750. 750. 750. 750. 750. 750. 749. 748. 748.
  696. 697. 698. 695. 696. 694. 697. 695. 695. 696. 696. 696. 696. 697.
  698. 698. 697. 696. 697. 695. 697. 698. 697. 696. 698. 698.]
 [514. 575. 580. 592. 589. 598. 593. 594. 595. 599. 486. 455. 475. 466.
  460. 461. 464. 474. 473. 479. 491. 492. 500. 503. 504. 525. 532. 531.
  537. 536. 544. 537. 545. 559. 541. 553. 560. 554. 553. 553.]
 [512. 554. 575. 581. 588. 582. 592. 590. 590. 586. 497. 495. 502. 509.
  486. 485. 491. 497. 519. 513. 515. 526. 530. 521. 542. 532. 536. 537.
  528. 547. 554. 549. 553. 553. 544. 554. 553. 554. 552. 557.]]
##############################
[[203. 239. 259. 260. 268. 267. 262. 267. 269. 265. 227. 231. 255. 257.
  271. 256. 269. 277. 278. 282. 294. 292. 297. 302. 308. 308. 316. 316.
  317. 320. 315. 323. 317. 322. 327. 323. 331. 329. 330. 318.]
 [750. 750. 750. 750. 750. 750. 750. 750. 750. 750. 750. 749. 748. 748.
  746. 697. 698. 695. 696. 694. 697. 695. 695. 696. 696. 696. 696. 697.
  698. 698. 697. 696. 697. 695. 697. 698. 697. 696. 698. 698.]
 [514. 575. 580. 592. 589. 598. 593. 594. 595. 599. 486. 455. 475. 466.
  490. 461. 464. 474. 473. 479. 491. 492. 500. 503. 504. 525. 532. 531.
  537. 536. 544. 537. 545. 559. 541. 553. 560. 554. 553. 553.]
 [512. 554. 575. 581. 588. 582. 592. 590. 590. 586. 497. 495. 502. 509.
  523. 485. 491. 497. 519. 513. 515. 526. 530. 521. 542. 532. 536. 537.
  528. 547. 554. 549. 553. 553. 544. 554. 553. 554. 552. 557.]]
##############################
[[203. 239. 259. 260. 268. 267. 262. 267. 269. 265. 227. 231. 255. 257.
  271. 272. 269. 277. 278. 282. 294. 292. 297. 302. 308. 308. 316. 316.
  317. 320. 315. 323. 317. 322. 327. 323. 331. 329. 330. 318.]
 [750. 750. 750. 750. 750. 750. 750. 750. 750. 750. 750. 749. 748. 748.
  746. 747. 698. 695. 696. 694. 697. 695. 695. 696. 696. 696. 696. 697.
  698. 698. 697. 696. 697. 695. 697. 698. 697. 696. 698. 698.]
 [514. 575. 580. 592. 589. 598. 593. 594. 595. 599. 486. 455. 475. 466.
  490. 495. 464. 474. 473. 479. 491. 492. 500. 503. 504. 525. 532. 531.
  537. 536. 544. 537. 545. 559. 541. 553. 560. 554. 553. 553.]
 [512. 554. 575. 581. 588. 582. 592. 590. 590. 586. 497. 495. 502. 509.
  523. 524. 491. 497. 519. 513. 515. 526. 530. 521. 542. 532. 536. 537.
  528. 547. 554. 549. 553. 553. 544. 554. 553. 554. 552. 557.]]
##############################
[[203. 239. 259. 260. 268. 267. 262. 267. 269. 265. 227. 231. 255. 257.
  271. 272. 288. 277. 278. 282. 294. 292. 297. 302. 308. 308. 316. 316.
  317. 320. 315. 323. 317. 322. 327. 323. 331. 329. 330. 318.]
 [750. 750. 750. 750. 750. 750. 750. 750. 750. 750. 750. 749. 748. 748.
  746. 747. 748. 695. 696. 694. 697. 695. 695. 696. 696. 696. 696. 697.
  698. 698. 697. 696. 697. 695. 697. 698. 697. 696. 698. 698.]
 [514. 575. 580. 592. 589. 598. 593. 594. 595. 599. 486. 455. 475. 466.
  490. 495. 500. 474. 473. 479. 491. 492. 500. 503. 504. 525. 532. 531.
  537. 536. 544. 537. 545. 559. 541. 553. 560. 554. 553. 553.]
 [512. 554. 575. 581. 588. 582. 592. 590. 590. 586. 497. 495. 502. 509.
  523. 524. 531. 497. 519. 513. 515. 526. 530. 521. 542. 532. 536. 537.
  528. 547. 554. 549. 553. 553. 544. 554. 553. 554. 552. 557.]]
##############################
[[203. 239. 259. 260. 268. 267. 262. 267. 269. 265. 227. 231. 255. 257.
  271. 272. 288. 298. 278. 282. 294. 292. 297. 302. 308. 308. 316. 316.
  317. 320. 315. 323. 317. 322. 327. 323. 331. 329. 330. 318.]
 [750. 750. 750. 750. 750. 750. 750. 750. 750. 750. 750. 749. 748. 748.
  746. 747. 748. 745. 696. 694. 697. 695. 695. 696. 696. 696. 696. 697.
  698. 698. 697. 696. 697. 695. 697. 698. 697. 696. 698. 698.]
 [514. 575. 580. 592. 589. 598. 593. 594. 595. 599. 486. 455. 475. 466.
  490. 495. 500. 508. 473. 479. 491. 492. 500. 503. 504. 525. 532. 531.
  537. 536. 544. 537. 545. 559. 541. 553. 560. 554. 553. 553.]
 [512. 554. 575. 581. 588. 582. 592. 590. 590. 586. 497. 495. 502. 509.
  523. 524. 531. 536. 519. 513. 515. 526. 530. 521. 542. 532. 536. 537.
  528. 547. 554. 549. 553. 553. 544. 554. 553. 554. 552. 557.]]
##############################
[[203. 239. 259. 260. 268. 267. 262. 267. 269. 265. 227. 231. 255. 257.
  271. 272. 288. 298. 295. 282. 294. 292. 297. 302. 308. 308. 316. 316.
  317. 320. 315. 323. 317. 322. 327. 323. 331. 329. 330. 318.]
 [750. 750. 750. 750. 750. 750. 750. 750. 750. 750. 750. 749. 748. 748.
  746. 747. 748. 745. 746. 694. 697. 695. 695. 696. 696. 696. 696. 697.
  698. 698. 697. 696. 697. 695. 697. 698. 697. 696. 698. 698.]
 [514. 575. 580. 592. 589. 598. 593. 594. 595. 599. 486. 455. 475. 466.
  490. 495. 500. 508. 508. 479. 491. 492. 500. 503. 504. 525. 532. 531.
  537. 536. 544. 537. 545. 559. 541. 553. 560. 554. 553. 553.]
 [512. 554. 575. 581. 588. 582. 592. 590. 590. 586. 497. 495. 502. 509.
  523. 524. 531. 536. 558. 513. 515. 526. 530. 521. 542. 532. 536. 537.
  528. 547. 554. 549. 553. 553. 544. 554. 553. 554. 552. 557.]]
##############################
[[203. 239. 259. 260. 268. 267. 262. 267. 269. 265. 227. 231. 255. 257.
  271. 272. 288. 298. 295. 301. 294. 292. 297. 302. 308. 308. 316. 316.
  317. 320. 315. 323. 317. 322. 327. 323. 331. 329. 330. 318.]
 [750. 750. 750. 750. 750. 750. 750. 750. 750. 750. 750. 749. 748. 748.
  746. 747. 748. 745. 746. 744. 697. 695. 695. 696. 696. 696. 696. 697.
  698. 698. 697. 696. 697. 695. 697. 698. 697. 696. 698. 698.]
 [514. 575. 580. 592. 589. 598. 593. 594. 595. 599. 486. 455. 475. 466.
  490. 495. 500. 508. 508. 514. 491. 492. 500. 503. 504. 525. 532. 531.
  537. 536. 544. 537. 545. 559. 541. 553. 560. 554. 553. 553.]
 [512. 554. 575. 581. 588. 582. 592. 590. 590. 586. 497. 495. 502. 509.
  523. 524. 531. 536. 558. 553. 515. 526. 530. 521. 542. 532. 536. 537.
  528. 547. 554. 549. 553. 553. 544. 554. 553. 554. 552. 557.]]
##############################
[[203. 239. 259. 260. 268. 267. 262. 267. 269. 265. 227. 231. 255. 257.
  271. 272. 288. 298. 295. 301. 315. 292. 297. 302. 308. 308. 316. 316.
  317. 320. 315. 323. 317. 322. 327. 323. 331. 329. 330. 318.]
 [750. 750. 750. 750. 750. 750. 750. 750. 750. 750. 750. 749. 748. 748.
  746. 747. 748. 745. 746. 744. 747. 695. 695. 696. 696. 696. 696. 697.
  698. 698. 697. 696. 697. 695. 697. 698. 697. 696. 698. 698.]
 [514. 575. 580. 592. 589. 598. 593. 594. 595. 599. 486. 455. 475. 466.
  490. 495. 500. 508. 508. 514. 526. 492. 500. 503. 504. 525. 532. 531.
  537. 536. 544. 537. 545. 559. 541. 553. 560. 554. 553. 553.]
 [512. 554. 575. 581. 588. 582. 592. 590. 590. 586. 497. 495. 502. 509.
  523. 524. 531. 536. 558. 553. 555. 526. 530. 521. 542. 532. 536. 537.
  528. 547. 554. 549. 553. 553. 544. 554. 553. 554. 552. 557.]]
##############################
[[203. 239. 259. 260. 268. 267. 262. 267. 269. 265. 227. 231. 255. 257.
  271. 272. 288. 298. 295. 301. 315. 314. 297. 302. 308. 308. 316. 316.
  317. 320. 315. 323. 317. 322. 327. 323. 331. 329. 330. 318.]
 [750. 750. 750. 750. 750. 750. 750. 750. 750. 750. 750. 749. 748. 748.
  746. 747. 748. 745. 746. 744. 747. 745. 695. 696. 696. 696. 696. 697.
  698. 698. 697. 696. 697. 695. 697. 698. 697. 696. 698. 698.]
 [514. 575. 580. 592. 589. 598. 593. 594. 595. 599. 486. 455. 475. 466.
  490. 495. 500. 508. 508. 514. 526. 526. 500. 503. 504. 525. 532. 531.
  537. 536. 544. 537. 545. 559. 541. 553. 560. 554. 553. 553.]
 [512. 554. 575. 581. 588. 582. 592. 590. 590. 586. 497. 495. 502. 509.
  523. 524. 531. 536. 558. 553. 555. 567. 530. 521. 542. 532. 536. 537.
  528. 547. 554. 549. 553. 553. 544. 554. 553. 554. 552. 557.]]
##############################
[[203. 239. 259. 260. 268. 267. 262. 267. 269. 265. 227. 231. 255. 257.
  271. 272. 288. 298. 295. 301. 315. 314. 317. 302. 308. 308. 316. 316.
  317. 320. 315. 323. 317. 322. 327. 323. 331. 329. 330. 318.]
 [750. 750. 750. 750. 750. 750. 750. 750. 750. 750. 750. 749. 748. 748.
  746. 747. 748. 745. 746. 744. 747. 745. 745. 696. 696. 696. 696. 697.
  698. 698. 697. 696. 697. 695. 697. 698. 697. 696. 698. 698.]
 [514. 575. 580. 592. 589. 598. 593. 594. 595. 599. 486. 455. 475. 466.
  490. 495. 500. 508. 508. 514. 526. 526. 534. 503. 504. 525. 532. 531.
  537. 536. 544. 537. 545. 559. 541. 553. 560. 554. 553. 553.]
 [512. 554. 575. 581. 588. 582. 592. 590. 590. 586. 497. 495. 502. 509.
  523. 524. 531. 536. 558. 553. 555. 567. 570. 521. 542. 532. 536. 537.
  528. 547. 554. 549. 553. 553. 544. 554. 553. 554. 552. 557.]]
##############################
[[203. 239. 259. 260. 268. 267. 262. 267. 269. 265. 227. 231. 255. 257.
  271. 272. 288. 298. 295. 301. 315. 314. 317. 324. 308. 308. 316. 316.
  317. 320. 315. 323. 317. 322. 327. 323. 331. 329. 330. 318.]
 [750. 750. 750. 750. 750. 750. 750. 750. 750. 750. 750. 749. 748. 748.
  746. 747. 748. 745. 746. 744. 747. 745. 745. 746. 696. 696. 696. 697.
  698. 698. 697. 696. 697. 695. 697. 698. 697. 696. 698. 698.]
 [514. 575. 580. 592. 589. 598. 593. 594. 595. 599. 486. 455. 475. 466.
  490. 495. 500. 508. 508. 514. 526. 526. 534. 539. 504. 525. 532. 531.
  537. 536. 544. 537. 545. 559. 541. 553. 560. 554. 553. 553.]
 [512. 554. 575. 581. 588. 582. 592. 590. 590. 586. 497. 495. 502. 509.
  523. 524. 531. 536. 558. 553. 555. 567. 570. 560. 542. 532. 536. 537.
  528. 547. 554. 549. 553. 553. 544. 554. 553. 554. 552. 557.]]
##############################
[[203. 239. 259. 260. 268. 267. 262. 267. 269. 265. 227. 231. 255. 257.
  271. 272. 288. 298. 295. 301. 315. 314. 317. 324. 327. 308. 316. 316.
  317. 320. 315. 323. 317. 322. 327. 323. 331. 329. 330. 318.]
 [750. 750. 750. 750. 750. 750. 750. 750. 750. 750. 750. 749. 748. 748.
  746. 747. 748. 745. 746. 744. 747. 745. 745. 746. 746. 696. 696. 697.
  698. 698. 697. 696. 697. 695. 697. 698. 697. 696. 698. 698.]
 [514. 575. 580. 592. 589. 598. 593. 594. 595. 599. 486. 455. 475. 466.
  490. 495. 500. 508. 508. 514. 526. 526. 534. 539. 543. 525. 532. 531.
  537. 536. 544. 537. 545. 559. 541. 553. 560. 554. 553. 553.]
 [512. 554. 575. 581. 588. 582. 592. 590. 590. 586. 497. 495. 502. 509.
  523. 524. 531. 536. 558. 553. 555. 567. 570. 560. 583. 532. 536. 537.
  528. 547. 554. 549. 553. 553. 544. 554. 553. 554. 552. 557.]]
##############################
[[203. 239. 259. 260. 268. 267. 262. 267. 269. 265. 227. 231. 255. 257.
  271. 272. 288. 298. 295. 301. 315. 314. 317. 324. 327. 330. 316. 316.
  317. 320. 315. 323. 317. 322. 327. 323. 331. 329. 330. 318.]
 [750. 750. 750. 750. 750. 750. 750. 750. 750. 750. 750. 749. 748. 748.
  746. 747. 748. 745. 746. 744. 747. 745. 745. 746. 746. 746. 696. 697.
  698. 698. 697. 696. 697. 695. 697. 698. 697. 696. 698. 698.]
 [514. 575. 580. 592. 589. 598. 593. 594. 595. 599. 486. 455. 475. 466.
  490. 495. 500. 508. 508. 514. 526. 526. 534. 539. 543. 564. 532. 531.
  537. 536. 544. 537. 545. 559. 541. 553. 560. 554. 553. 553.]
 [512. 554. 575. 581. 588. 582. 592. 590. 590. 586. 497. 495. 502. 509.
  523. 524. 531. 536. 558. 553. 555. 567. 570. 560. 583. 573. 536. 537.
  528. 547. 554. 549. 553. 553. 544. 554. 553. 554. 552. 557.]]
##############################
[[203. 239. 259. 260. 268. 267. 262. 267. 269. 265. 227. 231. 255. 257.
  271. 272. 288. 298. 295. 301. 315. 314. 317. 324. 327. 330. 339. 316.
  317. 320. 315. 323. 317. 322. 327. 323. 331. 329. 330. 318.]
 [750. 750. 750. 750. 750. 750. 750. 750. 750. 750. 750. 749. 748. 748.
  746. 747. 748. 745. 746. 744. 747. 745. 745. 746. 746. 746. 746. 697.
  698. 698. 697. 696. 697. 695. 697. 698. 697. 696. 698. 698.]
 [514. 575. 580. 592. 589. 598. 593. 594. 595. 599. 486. 455. 475. 466.
  490. 495. 500. 508. 508. 514. 526. 526. 534. 539. 543. 564. 572. 531.
  537. 536. 544. 537. 545. 559. 541. 553. 560. 554. 553. 553.]
 [512. 554. 575. 581. 588. 582. 592. 590. 590. 586. 497. 495. 502. 509.
  523. 524. 531. 536. 558. 553. 555. 567. 570. 560. 583. 573. 578. 537.
  528. 547. 554. 549. 553. 553. 544. 554. 553. 554. 552. 557.]]
##############################
[[203. 239. 259. 260. 268. 267. 262. 267. 269. 265. 227. 231. 255. 257.
  271. 272. 288. 298. 295. 301. 315. 314. 317. 324. 327. 330. 339. 337.
  317. 320. 315. 323. 317. 322. 327. 323. 331. 329. 330. 318.]
 [750. 750. 750. 750. 750. 750. 750. 750. 750. 750. 750. 749. 748. 748.
  746. 747. 748. 745. 746. 744. 747. 745. 745. 746. 746. 746. 746. 747.
  698. 698. 697. 696. 697. 695. 697. 698. 697. 696. 698. 698.]
 [514. 575. 580. 592. 589. 598. 593. 594. 595. 599. 486. 455. 475. 466.
  490. 495. 500. 508. 508. 514. 526. 526. 534. 539. 543. 564. 572. 571.
  537. 536. 544. 537. 545. 559. 541. 553. 560. 554. 553. 553.]
 [512. 554. 575. 581. 588. 582. 592. 590. 590. 586. 497. 495. 502. 509.
  523. 524. 531. 536. 558. 553. 555. 567. 570. 560. 583. 573. 578. 578.
  528. 547. 554. 549. 553. 553. 544. 554. 553. 554. 552. 557.]]
##############################
[[203. 239. 259. 260. 268. 267. 262. 267. 269. 265. 227. 231. 255. 257.
  271. 272. 288. 298. 295. 301. 315. 314. 317. 324. 327. 330. 339. 337.
  337. 320. 315. 323. 317. 322. 327. 323. 331. 329. 330. 318.]
 [750. 750. 750. 750. 750. 750. 750. 750. 750. 750. 750. 749. 748. 748.
  746. 747. 748. 745. 746. 744. 747. 745. 745. 746. 746. 746. 746. 747.
  748. 698. 697. 696. 697. 695. 697. 698. 697. 696. 698. 698.]
 [514. 575. 580. 592. 589. 598. 593. 594. 595. 599. 486. 455. 475. 466.
  490. 495. 500. 508. 508. 514. 526. 526. 534. 539. 543. 564. 572. 571.
  577. 536. 544. 537. 545. 559. 541. 553. 560. 554. 553. 553.]
 [512. 554. 575. 581. 588. 582. 592. 590. 590. 586. 497. 495. 502. 509.
  523. 524. 531. 536. 558. 553. 555. 567. 570. 560. 583. 573. 578. 578.
  569. 547. 554. 549. 553. 553. 544. 554. 553. 554. 552. 557.]]
##############################
[[203. 239. 259. 260. 268. 267. 262. 267. 269. 265. 227. 231. 255. 257.
  271. 272. 288. 298. 295. 301. 315. 314. 317. 324. 327. 330. 339. 337.
  337. 343. 315. 323. 317. 322. 327. 323. 331. 329. 330. 318.]
 [750. 750. 750. 750. 750. 750. 750. 750. 750. 750. 750. 749. 748. 748.
  746. 747. 748. 745. 746. 744. 747. 745. 745. 746. 746. 746. 746. 747.
  748. 748. 697. 696. 697. 695. 697. 698. 697. 696. 698. 698.]
 [514. 575. 580. 592. 589. 598. 593. 594. 595. 599. 486. 455. 475. 466.
  490. 495. 500. 508. 508. 514. 526. 526. 534. 539. 543. 564. 572. 571.
  577. 579. 544. 537. 545. 559. 541. 553. 560. 554. 553. 553.]
 [512. 554. 575. 581. 588. 582. 592. 590. 590. 586. 497. 495. 502. 509.
  523. 524. 531. 536. 558. 553. 555. 567. 570. 560. 583. 573. 578. 578.
  569. 590. 554. 549. 553. 553. 544. 554. 553. 554. 552. 557.]]
##############################
[[203. 239. 259. 260. 268. 267. 262. 267. 269. 265. 227. 231. 255. 257.
  271. 272. 288. 298. 295. 301. 315. 314. 317. 324. 327. 330. 339. 337.
  337. 343. 338. 323. 317. 322. 327. 323. 331. 329. 330. 318.]
 [750. 750. 750. 750. 750. 750. 750. 750. 750. 750. 750. 749. 748. 748.
  746. 747. 748. 745. 746. 744. 747. 745. 745. 746. 746. 746. 746. 747.
  748. 748. 747. 696. 697. 695. 697. 698. 697. 696. 698. 698.]
 [514. 575. 580. 592. 589. 598. 593. 594. 595. 599. 486. 455. 475. 466.
  490. 495. 500. 508. 508. 514. 526. 526. 534. 539. 543. 564. 572. 571.
  577. 579. 585. 537. 545. 559. 541. 553. 560. 554. 553. 553.]
 [512. 554. 575. 581. 588. 582. 592. 590. 590. 586. 497. 495. 502. 509.
  523. 524. 531. 536. 558. 553. 555. 567. 570. 560. 583. 573. 578. 578.
  569. 590. 597. 549. 553. 553. 544. 554. 553. 554. 552. 557.]]
##############################
[[203. 239. 259. 260. 268. 267. 262. 267. 269. 265. 227. 231. 255. 257.
  271. 272. 288. 298. 295. 301. 315. 314. 317. 324. 327. 330. 339. 337.
  337. 343. 338. 345. 317. 322. 327. 323. 331. 329. 330. 318.]
 [750. 750. 750. 750. 750. 750. 750. 750. 750. 750. 750. 749. 748. 748.
  746. 747. 748. 745. 746. 744. 747. 745. 745. 746. 746. 746. 746. 747.
  748. 748. 747. 746. 697. 695. 697. 698. 697. 696. 698. 698.]
 [514. 575. 580. 592. 589. 598. 593. 594. 595. 599. 486. 455. 475. 466.
  490. 495. 500. 508. 508. 514. 526. 526. 534. 539. 543. 564. 572. 571.
  577. 579. 585. 579. 545. 559. 541. 553. 560. 554. 553. 553.]
 [512. 554. 575. 581. 588. 582. 592. 590. 590. 586. 497. 495. 502. 509.
  523. 524. 531. 536. 558. 553. 555. 567. 570. 560. 583. 573. 578. 578.
  569. 590. 597. 592. 553. 553. 544. 554. 553. 554. 552. 557.]]
##############################
[[203. 239. 259. 260. 268. 267. 262. 267. 269. 265. 227. 231. 255. 257.
  271. 272. 288. 298. 295. 301. 315. 314. 317. 324. 327. 330. 339. 337.
  337. 343. 338. 345. 340. 322. 327. 323. 331. 329. 330. 318.]
 [750. 750. 750. 750. 750. 750. 750. 750. 750. 750. 750. 749. 748. 748.
  746. 747. 748. 745. 746. 744. 747. 745. 745. 746. 746. 746. 746. 747.
  748. 748. 747. 746. 747. 695. 697. 698. 697. 696. 698. 698.]
 [514. 575. 580. 592. 589. 598. 593. 594. 595. 599. 486. 455. 475. 466.
  490. 495. 500. 508. 508. 514. 526. 526. 534. 539. 543. 564. 572. 571.
  577. 579. 585. 579. 587. 559. 541. 553. 560. 554. 553. 553.]
 [512. 554. 575. 581. 588. 582. 592. 590. 590. 586. 497. 495. 502. 509.
  523. 524. 531. 536. 558. 553. 555. 567. 570. 560. 583. 573. 578. 578.
  569. 590. 597. 592. 595. 553. 544. 554. 553. 554. 552. 557.]]
##############################
[[203. 239. 259. 260. 268. 267. 262. 267. 269. 265. 227. 231. 255. 257.
  271. 272. 288. 298. 295. 301. 315. 314. 317. 324. 327. 330. 339. 337.
  337. 343. 338. 345. 340. 343. 327. 323. 331. 329. 330. 318.]
 [750. 750. 750. 750. 750. 750. 750. 750. 750. 750. 750. 749. 748. 748.
  746. 747. 748. 745. 746. 744. 747. 745. 745. 746. 746. 746. 746. 747.
  748. 748. 747. 746. 747. 745. 697. 698. 697. 696. 698. 698.]
 [514. 575. 580. 592. 589. 598. 593. 594. 595. 599. 486. 455. 475. 466.
  490. 495. 500. 508. 508. 514. 526. 526. 534. 539. 543. 564. 572. 571.
  577. 579. 585. 579. 587. 600. 541. 553. 560. 554. 553. 553.]
 [512. 554. 575. 581. 588. 582. 592. 590. 590. 586. 497. 495. 502. 509.
  523. 524. 531. 536. 558. 553. 555. 567. 570. 560. 583. 573. 578. 578.
  569. 590. 597. 592. 595. 595. 544. 554. 553. 554. 552. 557.]]
##############################
[[203. 239. 259. 260. 268. 267. 262. 267. 269. 265. 227. 231. 255. 257.
  271. 272. 288. 298. 295. 301. 315. 314. 317. 324. 327. 330. 339. 337.
  337. 343. 338. 345. 340. 343. 351. 323. 331. 329. 330. 318.]
 [750. 750. 750. 750. 750. 750. 750. 750. 750. 750. 750. 749. 748. 748.
  746. 747. 748. 745. 746. 744. 747. 745. 745. 746. 746. 746. 746. 747.
  748. 748. 747. 746. 747. 745. 747. 698. 697. 696. 698. 698.]
 [514. 575. 580. 592. 589. 598. 593. 594. 595. 599. 486. 455. 475. 466.
  490. 495. 500. 508. 508. 514. 526. 526. 534. 539. 543. 564. 572. 571.
  577. 579. 585. 579. 587. 600. 581. 553. 560. 554. 553. 553.]
 [512. 554. 575. 581. 588. 582. 592. 590. 590. 586. 497. 495. 502. 509.
  523. 524. 531. 536. 558. 553. 555. 567. 570. 560. 583. 573. 578. 578.
  569. 590. 597. 592. 595. 595. 586. 554. 553. 554. 552. 557.]]
##############################
[[203. 239. 259. 260. 268. 267. 262. 267. 269. 265. 227. 231. 255. 257.
  271. 272. 288. 298. 295. 301. 315. 314. 317. 324. 327. 330. 339. 337.
  337. 343. 338. 345. 340. 343. 351. 348. 331. 329. 330. 318.]
 [750. 750. 750. 750. 750. 750. 750. 750. 750. 750. 750. 749. 748. 748.
  746. 747. 748. 745. 746. 744. 747. 745. 745. 746. 746. 746. 746. 747.
  748. 748. 747. 746. 747. 745. 747. 748. 697. 696. 698. 698.]
 [514. 575. 580. 592. 589. 598. 593. 594. 595. 599. 486. 455. 475. 466.
  490. 495. 500. 508. 508. 514. 526. 526. 534. 539. 543. 564. 572. 571.
  577. 579. 585. 579. 587. 600. 581. 595. 560. 554. 553. 553.]
 [512. 554. 575. 581. 588. 582. 592. 590. 590. 586. 497. 495. 502. 509.
  523. 524. 531. 536. 558. 553. 555. 567. 570. 560. 583. 573. 578. 578.
  569. 590. 597. 592. 595. 595. 586. 596. 553. 554. 552. 557.]]
##############################
[[203. 239. 259. 260. 268. 267. 262. 267. 269. 265. 227. 231. 255. 257.
  271. 272. 288. 298. 295. 301. 315. 314. 317. 324. 327. 330. 339. 337.
  337. 343. 338. 345. 340. 343. 351. 348. 354. 329. 330. 318.]
 [750. 750. 750. 750. 750. 750. 750. 750. 750. 750. 750. 749. 748. 748.
  746. 747. 748. 745. 746. 744. 747. 745. 745. 746. 746. 746. 746. 747.
  748. 748. 747. 746. 747. 745. 747. 748. 747. 696. 698. 698.]
 [514. 575. 580. 592. 589. 598. 593. 594. 595. 599. 486. 455. 475. 466.
  490. 495. 500. 508. 508. 514. 526. 526. 534. 539. 543. 564. 572. 571.
  577. 579. 585. 579. 587. 600. 581. 595. 601. 554. 553. 553.]
 [512. 554. 575. 581. 588. 582. 592. 590. 590. 586. 497. 495. 502. 509.
  523. 524. 531. 536. 558. 553. 555. 567. 570. 560. 583. 573. 578. 578.
  569. 590. 597. 592. 595. 595. 586. 596. 595. 554. 552. 557.]]
##############################
[[203. 239. 259. 260. 268. 267. 262. 267. 269. 265. 227. 231. 255. 257.
  271. 272. 288. 298. 295. 301. 315. 314. 317. 324. 327. 330. 339. 337.
  337. 343. 338. 345. 340. 343. 351. 348. 354. 351. 330. 318.]
 [750. 750. 750. 750. 750. 750. 750. 750. 750. 750. 750. 749. 748. 748.
  746. 747. 748. 745. 746. 744. 747. 745. 745. 746. 746. 746. 746. 747.
  748. 748. 747. 746. 747. 745. 747. 748. 747. 746. 698. 698.]
 [514. 575. 580. 592. 589. 598. 593. 594. 595. 599. 486. 455. 475. 466.
  490. 495. 500. 508. 508. 514. 526. 526. 534. 539. 543. 564. 572. 571.
  577. 579. 585. 579. 587. 600. 581. 595. 601. 594. 553. 553.]
 [512. 554. 575. 581. 588. 582. 592. 590. 590. 586. 497. 495. 502. 509.
  523. 524. 531. 536. 558. 553. 555. 567. 570. 560. 583. 573. 578. 578.
  569. 590. 597. 592. 595. 595. 586. 596. 595. 596. 552. 557.]]
##############################
[[203. 239. 259. 260. 268. 267. 262. 267. 269. 265. 227. 231. 255. 257.
  271. 272. 288. 298. 295. 301. 315. 314. 317. 324. 327. 330. 339. 337.
  337. 343. 338. 345. 340. 343. 351. 348. 354. 351. 351. 318.]
 [750. 750. 750. 750. 750. 750. 750. 750. 750. 750. 750. 749. 748. 748.
  746. 747. 748. 745. 746. 744. 747. 745. 745. 746. 746. 746. 746. 747.
  748. 748. 747. 746. 747. 745. 747. 748. 747. 746. 748. 698.]
 [514. 575. 580. 592. 589. 598. 593. 594. 595. 599. 486. 455. 475. 466.
  490. 495. 500. 508. 508. 514. 526. 526. 534. 539. 543. 564. 572. 571.
  577. 579. 585. 579. 587. 600. 581. 595. 601. 594. 594. 553.]
 [512. 554. 575. 581. 588. 582. 592. 590. 590. 586. 497. 495. 502. 509.
  523. 524. 531. 536. 558. 553. 555. 567. 570. 560. 583. 573. 578. 578.
  569. 590. 597. 592. 595. 595. 586. 596. 595. 596. 593. 557.]]
##############################
[[203. 239. 259. 260. 268. 267. 262. 267. 269. 265. 227. 231. 255. 257.
  271. 272. 288. 298. 295. 301. 315. 314. 317. 324. 327. 330. 339. 337.
  337. 343. 338. 345. 340. 343. 351. 348. 354. 351. 351. 342.]
 [750. 750. 750. 750. 750. 750. 750. 750. 750. 750. 750. 749. 748. 748.
  746. 747. 748. 745. 746. 744. 747. 745. 745. 746. 746. 746. 746. 747.
  748. 748. 747. 746. 747. 745. 747. 748. 747. 746. 748. 748.]
 [514. 575. 580. 592. 589. 598. 593. 594. 595. 599. 486. 455. 475. 466.
  490. 495. 500. 508. 508. 514. 526. 526. 534. 539. 543. 564. 572. 571.
  577. 579. 585. 579. 587. 600. 581. 595. 601. 594. 594. 594.]
 [512. 554. 575. 581. 588. 582. 592. 590. 590. 586. 497. 495. 502. 509.
  523. 524. 531. 536. 558. 553. 555. 567. 570. 560. 583. 573. 578. 578.
  569. 590. 597. 592. 595. 595. 586. 596. 595. 596. 593. 598.]]
##############################
##################################################
##################################################
starting :16 batch
[[218. 239. 259. 260. 268. 267. 262. 267. 269. 265. 227. 231. 255. 257.
  271. 272. 288. 298. 295. 301. 315. 314. 317. 324. 327. 330. 339. 337.
  337. 343. 338. 345. 340. 343. 351. 348. 354. 351. 351. 342.]
 [800. 750. 750. 750. 750. 750. 750. 750. 750. 750. 750. 749. 748. 748.
  746. 747. 748. 745. 746. 744. 747. 745. 745. 746. 746. 746. 746. 747.
  748. 748. 747. 746. 747. 745. 747. 748. 747. 746. 748. 748.]
 [549. 575. 580. 592. 589. 598. 593. 594. 595. 599. 486. 455. 475. 466.
  490. 495. 500. 508. 508. 514. 526. 526. 534. 539. 543. 564. 572. 571.
  577. 579. 585. 579. 587. 600. 581. 595. 601. 594. 594. 594.]
 [549. 554. 575. 581. 588. 582. 592. 590. 590. 586. 497. 495. 502. 509.
  523. 524. 531. 536. 558. 553. 555. 567. 570. 560. 583. 573. 578. 578.
  569. 590. 597. 592. 595. 595. 586. 596. 595. 596. 593. 598.]]
##############################
[[218. 256. 259. 260. 268. 267. 262. 267. 269. 265. 227. 231. 255. 257.
  271. 272. 288. 298. 295. 301. 315. 314. 317. 324. 327. 330. 339. 337.
  337. 343. 338. 345. 340. 343. 351. 348. 354. 351. 351. 342.]
 [800. 800. 750. 750. 750. 750. 750. 750. 750. 750. 750. 749. 748. 748.
  746. 747. 748. 745. 746. 744. 747. 745. 745. 746. 746. 746. 746. 747.
  748. 748. 747. 746. 747. 745. 747. 748. 747. 746. 748. 748.]
 [549. 613. 580. 592. 589. 598. 593. 594. 595. 599. 486. 455. 475. 466.
  490. 495. 500. 508. 508. 514. 526. 526. 534. 539. 543. 564. 572. 571.
  577. 579. 585. 579. 587. 600. 581. 595. 601. 594. 594. 594.]
 [549. 592. 575. 581. 588. 582. 592. 590. 590. 586. 497. 495. 502. 509.
  523. 524. 531. 536. 558. 553. 555. 567. 570. 560. 583. 573. 578. 578.
  569. 590. 597. 592. 595. 595. 586. 596. 595. 596. 593. 598.]]
##############################
[[218. 256. 279. 260. 268. 267. 262. 267. 269. 265. 227. 231. 255. 257.
  271. 272. 288. 298. 295. 301. 315. 314. 317. 324. 327. 330. 339. 337.
  337. 343. 338. 345. 340. 343. 351. 348. 354. 351. 351. 342.]
 [800. 800. 800. 750. 750. 750. 750. 750. 750. 750. 750. 749. 748. 748.
  746. 747. 748. 745. 746. 744. 747. 745. 745. 746. 746. 746. 746. 747.
  748. 748. 747. 746. 747. 745. 747. 748. 747. 746. 748. 748.]
 [549. 613. 617. 592. 589. 598. 593. 594. 595. 599. 486. 455. 475. 466.
  490. 495. 500. 508. 508. 514. 526. 526. 534. 539. 543. 564. 572. 571.
  577. 579. 585. 579. 587. 600. 581. 595. 601. 594. 594. 594.]
 [549. 592. 612. 581. 588. 582. 592. 590. 590. 586. 497. 495. 502. 509.
  523. 524. 531. 536. 558. 553. 555. 567. 570. 560. 583. 573. 578. 578.
  569. 590. 597. 592. 595. 595. 586. 596. 595. 596. 593. 598.]]
##############################
[[218. 256. 279. 281. 268. 267. 262. 267. 269. 265. 227. 231. 255. 257.
  271. 272. 288. 298. 295. 301. 315. 314. 317. 324. 327. 330. 339. 337.
  337. 343. 338. 345. 340. 343. 351. 348. 354. 351. 351. 342.]
 [800. 800. 800. 800. 750. 750. 750. 750. 750. 750. 750. 749. 748. 748.
  746. 747. 748. 745. 746. 744. 747. 745. 745. 746. 746. 746. 746. 747.
  748. 748. 747. 746. 747. 745. 747. 748. 747. 746. 748. 748.]
 [549. 613. 617. 631. 589. 598. 593. 594. 595. 599. 486. 455. 475. 466.
  490. 495. 500. 508. 508. 514. 526. 526. 534. 539. 543. 564. 572. 571.
  577. 579. 585. 579. 587. 600. 581. 595. 601. 594. 594. 594.]
 [549. 592. 612. 619. 588. 582. 592. 590. 590. 586. 497. 495. 502. 509.
  523. 524. 531. 536. 558. 553. 555. 567. 570. 560. 583. 573. 578. 578.
  569. 590. 597. 592. 595. 595. 586. 596. 595. 596. 593. 598.]]
##############################
[[218. 256. 279. 281. 288. 267. 262. 267. 269. 265. 227. 231. 255. 257.
  271. 272. 288. 298. 295. 301. 315. 314. 317. 324. 327. 330. 339. 337.
  337. 343. 338. 345. 340. 343. 351. 348. 354. 351. 351. 342.]
 [800. 800. 800. 800. 800. 750. 750. 750. 750. 750. 750. 749. 748. 748.
  746. 747. 748. 745. 746. 744. 747. 745. 745. 746. 746. 746. 746. 747.
  748. 748. 747. 746. 747. 745. 747. 748. 747. 746. 748. 748.]
 [549. 613. 617. 631. 627. 598. 593. 594. 595. 599. 486. 455. 475. 466.
  490. 495. 500. 508. 508. 514. 526. 526. 534. 539. 543. 564. 572. 571.
  577. 579. 585. 579. 587. 600. 581. 595. 601. 594. 594. 594.]
 [549. 592. 612. 619. 626. 582. 592. 590. 590. 586. 497. 495. 502. 509.
  523. 524. 531. 536. 558. 553. 555. 567. 570. 560. 583. 573. 578. 578.
  569. 590. 597. 592. 595. 595. 586. 596. 595. 596. 593. 598.]]
##############################
[[218. 256. 279. 281. 288. 288. 262. 267. 269. 265. 227. 231. 255. 257.
  271. 272. 288. 298. 295. 301. 315. 314. 317. 324. 327. 330. 339. 337.
  337. 343. 338. 345. 340. 343. 351. 348. 354. 351. 351. 342.]
 [800. 800. 800. 800. 800. 800. 750. 750. 750. 750. 750. 749. 748. 748.
  746. 747. 748. 745. 746. 744. 747. 745. 745. 746. 746. 746. 746. 747.
  748. 748. 747. 746. 747. 745. 747. 748. 747. 746. 748. 748.]
 [549. 613. 617. 631. 627. 636. 593. 594. 595. 599. 486. 455. 475. 466.
  490. 495. 500. 508. 508. 514. 526. 526. 534. 539. 543. 564. 572. 571.
  577. 579. 585. 579. 587. 600. 581. 595. 601. 594. 594. 594.]
 [549. 592. 612. 619. 626. 621. 592. 590. 590. 586. 497. 495. 502. 509.
  523. 524. 531. 536. 558. 553. 555. 567. 570. 560. 583. 573. 578. 578.
  569. 590. 597. 592. 595. 595. 586. 596. 595. 596. 593. 598.]]
##############################
[[218. 256. 279. 281. 288. 288. 283. 267. 269. 265. 227. 231. 255. 257.
  271. 272. 288. 298. 295. 301. 315. 314. 317. 324. 327. 330. 339. 337.
  337. 343. 338. 345. 340. 343. 351. 348. 354. 351. 351. 342.]
 [800. 800. 800. 800. 800. 800. 800. 750. 750. 750. 750. 749. 748. 748.
  746. 747. 748. 745. 746. 744. 747. 745. 745. 746. 746. 746. 746. 747.
  748. 748. 747. 746. 747. 745. 747. 748. 747. 746. 748. 748.]
 [549. 613. 617. 631. 627. 636. 632. 594. 595. 599. 486. 455. 475. 466.
  490. 495. 500. 508. 508. 514. 526. 526. 534. 539. 543. 564. 572. 571.
  577. 579. 585. 579. 587. 600. 581. 595. 601. 594. 594. 594.]
 [549. 592. 612. 619. 626. 621. 631. 590. 590. 586. 497. 495. 502. 509.
  523. 524. 531. 536. 558. 553. 555. 567. 570. 560. 583. 573. 578. 578.
  569. 590. 597. 592. 595. 595. 586. 596. 595. 596. 593. 598.]]
##############################
[[218. 256. 279. 281. 288. 288. 283. 287. 269. 265. 227. 231. 255. 257.
  271. 272. 288. 298. 295. 301. 315. 314. 317. 324. 327. 330. 339. 337.
  337. 343. 338. 345. 340. 343. 351. 348. 354. 351. 351. 342.]
 [800. 800. 800. 800. 800. 800. 800. 800. 750. 750. 750. 749. 748. 748.
  746. 747. 748. 745. 746. 744. 747. 745. 745. 746. 746. 746. 746. 747.
  748. 748. 747. 746. 747. 745. 747. 748. 747. 746. 748. 748.]
 [549. 613. 617. 631. 627. 636. 632. 633. 595. 599. 486. 455. 475. 466.
  490. 495. 500. 508. 508. 514. 526. 526. 534. 539. 543. 564. 572. 571.
  577. 579. 585. 579. 587. 600. 581. 595. 601. 594. 594. 594.]
 [549. 592. 612. 619. 626. 621. 631. 629. 590. 586. 497. 495. 502. 509.
  523. 524. 531. 536. 558. 553. 555. 567. 570. 560. 583. 573. 578. 578.
  569. 590. 597. 592. 595. 595. 586. 596. 595. 596. 593. 598.]]
##############################
[[218. 256. 279. 281. 288. 288. 283. 287. 290. 265. 227. 231. 255. 257.
  271. 272. 288. 298. 295. 301. 315. 314. 317. 324. 327. 330. 339. 337.
  337. 343. 338. 345. 340. 343. 351. 348. 354. 351. 351. 342.]
 [800. 800. 800. 800. 800. 800. 800. 800. 800. 750. 750. 749. 748. 748.
  746. 747. 748. 745. 746. 744. 747. 745. 745. 746. 746. 746. 746. 747.
  748. 748. 747. 746. 747. 745. 747. 748. 747. 746. 748. 748.]
 [549. 613. 617. 631. 627. 636. 632. 633. 635. 599. 486. 455. 475. 466.
  490. 495. 500. 508. 508. 514. 526. 526. 534. 539. 543. 564. 572. 571.
  577. 579. 585. 579. 587. 600. 581. 595. 601. 594. 594. 594.]
 [549. 592. 612. 619. 626. 621. 631. 629. 630. 586. 497. 495. 502. 509.
  523. 524. 531. 536. 558. 553. 555. 567. 570. 560. 583. 573. 578. 578.
  569. 590. 597. 592. 595. 595. 586. 596. 595. 596. 593. 598.]]
##############################
[[218. 256. 279. 281. 288. 288. 283. 287. 290. 287. 227. 231. 255. 257.
  271. 272. 288. 298. 295. 301. 315. 314. 317. 324. 327. 330. 339. 337.
  337. 343. 338. 345. 340. 343. 351. 348. 354. 351. 351. 342.]
 [800. 800. 800. 800. 800. 800. 800. 800. 800. 800. 750. 749. 748. 748.
  746. 747. 748. 745. 746. 744. 747. 745. 745. 746. 746. 746. 746. 747.
  748. 748. 747. 746. 747. 745. 747. 748. 747. 746. 748. 748.]
 [549. 613. 617. 631. 627. 636. 632. 633. 635. 640. 486. 455. 475. 466.
  490. 495. 500. 508. 508. 514. 526. 526. 534. 539. 543. 564. 572. 571.
  577. 579. 585. 579. 587. 600. 581. 595. 601. 594. 594. 594.]
 [549. 592. 612. 619. 626. 621. 631. 629. 630. 626. 497. 495. 502. 509.
  523. 524. 531. 536. 558. 553. 555. 567. 570. 560. 583. 573. 578. 578.
  569. 590. 597. 592. 595. 595. 586. 596. 595. 596. 593. 598.]]
##############################
[[218. 256. 279. 281. 288. 288. 283. 287. 290. 287. 248. 231. 255. 257.
  271. 272. 288. 298. 295. 301. 315. 314. 317. 324. 327. 330. 339. 337.
  337. 343. 338. 345. 340. 343. 351. 348. 354. 351. 351. 342.]
 [800. 800. 800. 800. 800. 800. 800. 800. 800. 800. 800. 749. 748. 748.
  746. 747. 748. 745. 746. 744. 747. 745. 745. 746. 746. 746. 746. 747.
  748. 748. 747. 746. 747. 745. 747. 748. 747. 746. 748. 748.]
 [549. 613. 617. 631. 627. 636. 632. 633. 635. 640. 522. 455. 475. 466.
  490. 495. 500. 508. 508. 514. 526. 526. 534. 539. 543. 564. 572. 571.
  577. 579. 585. 579. 587. 600. 581. 595. 601. 594. 594. 594.]
 [549. 592. 612. 619. 626. 621. 631. 629. 630. 626. 534. 495. 502. 509.
  523. 524. 531. 536. 558. 553. 555. 567. 570. 560. 583. 573. 578. 578.
  569. 590. 597. 592. 595. 595. 586. 596. 595. 596. 593. 598.]]
##############################
[[218. 256. 279. 281. 288. 288. 283. 287. 290. 287. 248. 250. 255. 257.
  271. 272. 288. 298. 295. 301. 315. 314. 317. 324. 327. 330. 339. 337.
  337. 343. 338. 345. 340. 343. 351. 348. 354. 351. 351. 342.]
 [800. 800. 800. 800. 800. 800. 800. 800. 800. 800. 800. 799. 748. 748.
  746. 747. 748. 745. 746. 744. 747. 745. 745. 746. 746. 746. 746. 747.
  748. 748. 747. 746. 747. 745. 747. 748. 747. 746. 748. 748.]
 [549. 613. 617. 631. 627. 636. 632. 633. 635. 640. 522. 490. 475. 466.
  490. 495. 500. 508. 508. 514. 526. 526. 534. 539. 543. 564. 572. 571.
  577. 579. 585. 579. 587. 600. 581. 595. 601. 594. 594. 594.]
 [549. 592. 612. 619. 626. 621. 631. 629. 630. 626. 534. 533. 502. 509.
  523. 524. 531. 536. 558. 553. 555. 567. 570. 560. 583. 573. 578. 578.
  569. 590. 597. 592. 595. 595. 586. 596. 595. 596. 593. 598.]]
##############################
[[218. 256. 279. 281. 288. 288. 283. 287. 290. 287. 248. 250. 273. 257.
  271. 272. 288. 298. 295. 301. 315. 314. 317. 324. 327. 330. 339. 337.
  337. 343. 338. 345. 340. 343. 351. 348. 354. 351. 351. 342.]
 [800. 800. 800. 800. 800. 800. 800. 800. 800. 800. 800. 799. 798. 748.
  746. 747. 748. 745. 746. 744. 747. 745. 745. 746. 746. 746. 746. 747.
  748. 748. 747. 746. 747. 745. 747. 748. 747. 746. 748. 748.]
 [549. 613. 617. 631. 627. 636. 632. 633. 635. 640. 522. 490. 506. 466.
  490. 495. 500. 508. 508. 514. 526. 526. 534. 539. 543. 564. 572. 571.
  577. 579. 585. 579. 587. 600. 581. 595. 601. 594. 594. 594.]
 [549. 592. 612. 619. 626. 621. 631. 629. 630. 626. 534. 533. 538. 509.
  523. 524. 531. 536. 558. 553. 555. 567. 570. 560. 583. 573. 578. 578.
  569. 590. 597. 592. 595. 595. 586. 596. 595. 596. 593. 598.]]
##############################
[[218. 256. 279. 281. 288. 288. 283. 287. 290. 287. 248. 250. 273. 275.
  271. 272. 288. 298. 295. 301. 315. 314. 317. 324. 327. 330. 339. 337.
  337. 343. 338. 345. 340. 343. 351. 348. 354. 351. 351. 342.]
 [800. 800. 800. 800. 800. 800. 800. 800. 800. 800. 800. 799. 798. 798.
  746. 747. 748. 745. 746. 744. 747. 745. 745. 746. 746. 746. 746. 747.
  748. 748. 747. 746. 747. 745. 747. 748. 747. 746. 748. 748.]
 [549. 613. 617. 631. 627. 636. 632. 633. 635. 640. 522. 490. 506. 495.
  490. 495. 500. 508. 508. 514. 526. 526. 534. 539. 543. 564. 572. 571.
  577. 579. 585. 579. 587. 600. 581. 595. 601. 594. 594. 594.]
 [549. 592. 612. 619. 626. 621. 631. 629. 630. 626. 534. 533. 538. 546.
  523. 524. 531. 536. 558. 553. 555. 567. 570. 560. 583. 573. 578. 578.
  569. 590. 597. 592. 595. 595. 586. 596. 595. 596. 593. 598.]]
##############################
[[218. 256. 279. 281. 288. 288. 283. 287. 290. 287. 248. 250. 273. 275.
  290. 272. 288. 298. 295. 301. 315. 314. 317. 324. 327. 330. 339. 337.
  337. 343. 338. 345. 340. 343. 351. 348. 354. 351. 351. 342.]
 [800. 800. 800. 800. 800. 800. 800. 800. 800. 800. 800. 799. 798. 798.
  796. 747. 748. 745. 746. 744. 747. 745. 745. 746. 746. 746. 746. 747.
  748. 748. 747. 746. 747. 745. 747. 748. 747. 746. 748. 748.]
 [549. 613. 617. 631. 627. 636. 632. 633. 635. 640. 522. 490. 506. 495.
  523. 495. 500. 508. 508. 514. 526. 526. 534. 539. 543. 564. 572. 571.
  577. 579. 585. 579. 587. 600. 581. 595. 601. 594. 594. 594.]
 [549. 592. 612. 619. 626. 621. 631. 629. 630. 626. 534. 533. 538. 546.
  555. 524. 531. 536. 558. 553. 555. 567. 570. 560. 583. 573. 578. 578.
  569. 590. 597. 592. 595. 595. 586. 596. 595. 596. 593. 598.]]
##############################
[[218. 256. 279. 281. 288. 288. 283. 287. 290. 287. 248. 250. 273. 275.
  290. 290. 288. 298. 295. 301. 315. 314. 317. 324. 327. 330. 339. 337.
  337. 343. 338. 345. 340. 343. 351. 348. 354. 351. 351. 342.]
 [800. 800. 800. 800. 800. 800. 800. 800. 800. 800. 800. 799. 798. 798.
  796. 797. 748. 745. 746. 744. 747. 745. 745. 746. 746. 746. 746. 747.
  748. 748. 747. 746. 747. 745. 747. 748. 747. 746. 748. 748.]
 [549. 613. 617. 631. 627. 636. 632. 633. 635. 640. 522. 490. 506. 495.
  523. 530. 500. 508. 508. 514. 526. 526. 534. 539. 543. 564. 572. 571.
  577. 579. 585. 579. 587. 600. 581. 595. 601. 594. 594. 594.]
 [549. 592. 612. 619. 626. 621. 631. 629. 630. 626. 534. 533. 538. 546.
  555. 557. 531. 536. 558. 553. 555. 567. 570. 560. 583. 573. 578. 578.
  569. 590. 597. 592. 595. 595. 586. 596. 595. 596. 593. 598.]]
##############################
[[218. 256. 279. 281. 288. 288. 283. 287. 290. 287. 248. 250. 273. 275.
  290. 290. 307. 298. 295. 301. 315. 314. 317. 324. 327. 330. 339. 337.
  337. 343. 338. 345. 340. 343. 351. 348. 354. 351. 351. 342.]
 [800. 800. 800. 800. 800. 800. 800. 800. 800. 800. 800. 799. 798. 798.
  796. 797. 797. 745. 746. 744. 747. 745. 745. 746. 746. 746. 746. 747.
  748. 748. 747. 746. 747. 745. 747. 748. 747. 746. 748. 748.]
 [549. 613. 617. 631. 627. 636. 632. 633. 635. 640. 522. 490. 506. 495.
  523. 530. 537. 508. 508. 514. 526. 526. 534. 539. 543. 564. 572. 571.
  577. 579. 585. 579. 587. 600. 581. 595. 601. 594. 594. 594.]
 [549. 592. 612. 619. 626. 621. 631. 629. 630. 626. 534. 533. 538. 546.
  555. 557. 569. 536. 558. 553. 555. 567. 570. 560. 583. 573. 578. 578.
  569. 590. 597. 592. 595. 595. 586. 596. 595. 596. 593. 598.]]
##############################
[[218. 256. 279. 281. 288. 288. 283. 287. 290. 287. 248. 250. 273. 275.
  290. 290. 307. 320. 295. 301. 315. 314. 317. 324. 327. 330. 339. 337.
  337. 343. 338. 345. 340. 343. 351. 348. 354. 351. 351. 342.]
 [800. 800. 800. 800. 800. 800. 800. 800. 800. 800. 800. 799. 798. 798.
  796. 797. 797. 794. 746. 744. 747. 745. 745. 746. 746. 746. 746. 747.
  748. 748. 747. 746. 747. 745. 747. 748. 747. 746. 748. 748.]
 [549. 613. 617. 631. 627. 636. 632. 633. 635. 640. 522. 490. 506. 495.
  523. 530. 537. 545. 508. 514. 526. 526. 534. 539. 543. 564. 572. 571.
  577. 579. 585. 579. 587. 600. 581. 595. 601. 594. 594. 594.]
 [549. 592. 612. 619. 626. 621. 631. 629. 630. 626. 534. 533. 538. 546.
  555. 557. 569. 572. 558. 553. 555. 567. 570. 560. 583. 573. 578. 578.
  569. 590. 597. 592. 595. 595. 586. 596. 595. 596. 593. 598.]]
##############################
[[218. 256. 279. 281. 288. 288. 283. 287. 290. 287. 248. 250. 273. 275.
  290. 290. 307. 320. 317. 301. 315. 314. 317. 324. 327. 330. 339. 337.
  337. 343. 338. 345. 340. 343. 351. 348. 354. 351. 351. 342.]
 [800. 800. 800. 800. 800. 800. 800. 800. 800. 800. 800. 799. 798. 798.
  796. 797. 797. 794. 795. 744. 747. 745. 745. 746. 746. 746. 746. 747.
  748. 748. 747. 746. 747. 745. 747. 748. 747. 746. 748. 748.]
 [549. 613. 617. 631. 627. 636. 632. 633. 635. 640. 522. 490. 506. 495.
  523. 530. 537. 545. 543. 514. 526. 526. 534. 539. 543. 564. 572. 571.
  577. 579. 585. 579. 587. 600. 581. 595. 601. 594. 594. 594.]
 [549. 592. 612. 619. 626. 621. 631. 629. 630. 626. 534. 533. 538. 546.
  555. 557. 569. 572. 593. 553. 555. 567. 570. 560. 583. 573. 578. 578.
  569. 590. 597. 592. 595. 595. 586. 596. 595. 596. 593. 598.]]
##############################
[[218. 256. 279. 281. 288. 288. 283. 287. 290. 287. 248. 250. 273. 275.
  290. 290. 307. 320. 317. 327. 315. 314. 317. 324. 327. 330. 339. 337.
  337. 343. 338. 345. 340. 343. 351. 348. 354. 351. 351. 342.]
 [800. 800. 800. 800. 800. 800. 800. 800. 800. 800. 800. 799. 798. 798.
  796. 797. 797. 794. 795. 793. 747. 745. 745. 746. 746. 746. 746. 747.
  748. 748. 747. 746. 747. 745. 747. 748. 747. 746. 748. 748.]
 [549. 613. 617. 631. 627. 636. 632. 633. 635. 640. 522. 490. 506. 495.
  523. 530. 537. 545. 543. 550. 526. 526. 534. 539. 543. 564. 572. 571.
  577. 579. 585. 579. 587. 600. 581. 595. 601. 594. 594. 594.]
 [549. 592. 612. 619. 626. 621. 631. 629. 630. 626. 534. 533. 538. 546.
  555. 557. 569. 572. 593. 591. 555. 567. 570. 560. 583. 573. 578. 578.
  569. 590. 597. 592. 595. 595. 586. 596. 595. 596. 593. 598.]]
##############################
[[218. 256. 279. 281. 288. 288. 283. 287. 290. 287. 248. 250. 273. 275.
  290. 290. 307. 320. 317. 327. 337. 314. 317. 324. 327. 330. 339. 337.
  337. 343. 338. 345. 340. 343. 351. 348. 354. 351. 351. 342.]
 [800. 800. 800. 800. 800. 800. 800. 800. 800. 800. 800. 799. 798. 798.
  796. 797. 797. 794. 795. 793. 796. 745. 745. 746. 746. 746. 746. 747.
  748. 748. 747. 746. 747. 745. 747. 748. 747. 746. 748. 748.]
 [549. 613. 617. 631. 627. 636. 632. 633. 635. 640. 522. 490. 506. 495.
  523. 530. 537. 545. 543. 550. 564. 526. 534. 539. 543. 564. 572. 571.
  577. 579. 585. 579. 587. 600. 581. 595. 601. 594. 594. 594.]
 [549. 592. 612. 619. 626. 621. 631. 629. 630. 626. 534. 533. 538. 546.
  555. 557. 569. 572. 593. 591. 594. 567. 570. 560. 583. 573. 578. 578.
  569. 590. 597. 592. 595. 595. 586. 596. 595. 596. 593. 598.]]
##############################
[[218. 256. 279. 281. 288. 288. 283. 287. 290. 287. 248. 250. 273. 275.
  290. 290. 307. 320. 317. 327. 337. 337. 317. 324. 327. 330. 339. 337.
  337. 343. 338. 345. 340. 343. 351. 348. 354. 351. 351. 342.]
 [800. 800. 800. 800. 800. 800. 800. 800. 800. 800. 800. 799. 798. 798.
  796. 797. 797. 794. 795. 793. 796. 795. 745. 746. 746. 746. 746. 747.
  748. 748. 747. 746. 747. 745. 747. 748. 747. 746. 748. 748.]
 [549. 613. 617. 631. 627. 636. 632. 633. 635. 640. 522. 490. 506. 495.
  523. 530. 537. 545. 543. 550. 564. 566. 534. 539. 543. 564. 572. 571.
  577. 579. 585. 579. 587. 600. 581. 595. 601. 594. 594. 594.]
 [549. 592. 612. 619. 626. 621. 631. 629. 630. 626. 534. 533. 538. 546.
  555. 557. 569. 572. 593. 591. 594. 608. 570. 560. 583. 573. 578. 578.
  569. 590. 597. 592. 595. 595. 586. 596. 595. 596. 593. 598.]]
##############################
[[218. 256. 279. 281. 288. 288. 283. 287. 290. 287. 248. 250. 273. 275.
  290. 290. 307. 320. 317. 327. 337. 337. 340. 324. 327. 330. 339. 337.
  337. 343. 338. 345. 340. 343. 351. 348. 354. 351. 351. 342.]
 [800. 800. 800. 800. 800. 800. 800. 800. 800. 800. 800. 799. 798. 798.
  796. 797. 797. 794. 795. 793. 796. 795. 795. 746. 746. 746. 746. 747.
  748. 748. 747. 746. 747. 745. 747. 748. 747. 746. 748. 748.]
 [549. 613. 617. 631. 627. 636. 632. 633. 635. 640. 522. 490. 506. 495.
  523. 530. 537. 545. 543. 550. 564. 566. 572. 539. 543. 564. 572. 571.
  577. 579. 585. 579. 587. 600. 581. 595. 601. 594. 594. 594.]
 [549. 592. 612. 619. 626. 621. 631. 629. 630. 626. 534. 533. 538. 546.
  555. 557. 569. 572. 593. 591. 594. 608. 611. 560. 583. 573. 578. 578.
  569. 590. 597. 592. 595. 595. 586. 596. 595. 596. 593. 598.]]
##############################
[[218. 256. 279. 281. 288. 288. 283. 287. 290. 287. 248. 250. 273. 275.
  290. 290. 307. 320. 317. 327. 337. 337. 340. 347. 327. 330. 339. 337.
  337. 343. 338. 345. 340. 343. 351. 348. 354. 351. 351. 342.]
 [800. 800. 800. 800. 800. 800. 800. 800. 800. 800. 800. 799. 798. 798.
  796. 797. 797. 794. 795. 793. 796. 795. 795. 796. 746. 746. 746. 747.
  748. 748. 747. 746. 747. 745. 747. 748. 747. 746. 748. 748.]
 [549. 613. 617. 631. 627. 636. 632. 633. 635. 640. 522. 490. 506. 495.
  523. 530. 537. 545. 543. 550. 564. 566. 572. 579. 543. 564. 572. 571.
  577. 579. 585. 579. 587. 600. 581. 595. 601. 594. 594. 594.]
 [549. 592. 612. 619. 626. 621. 631. 629. 630. 626. 534. 533. 538. 546.
  555. 557. 569. 572. 593. 591. 594. 608. 611. 599. 583. 573. 578. 578.
  569. 590. 597. 592. 595. 595. 586. 596. 595. 596. 593. 598.]]
##############################
[[218. 256. 279. 281. 288. 288. 283. 287. 290. 287. 248. 250. 273. 275.
  290. 290. 307. 320. 317. 327. 337. 337. 340. 347. 348. 330. 339. 337.
  337. 343. 338. 345. 340. 343. 351. 348. 354. 351. 351. 342.]
 [800. 800. 800. 800. 800. 800. 800. 800. 800. 800. 800. 799. 798. 798.
  796. 797. 797. 794. 795. 793. 796. 795. 795. 796. 796. 746. 746. 747.
  748. 748. 747. 746. 747. 745. 747. 748. 747. 746. 748. 748.]
 [549. 613. 617. 631. 627. 636. 632. 633. 635. 640. 522. 490. 506. 495.
  523. 530. 537. 545. 543. 550. 564. 566. 572. 579. 584. 564. 572. 571.
  577. 579. 585. 579. 587. 600. 581. 595. 601. 594. 594. 594.]
 [549. 592. 612. 619. 626. 621. 631. 629. 630. 626. 534. 533. 538. 546.
  555. 557. 569. 572. 593. 591. 594. 608. 611. 599. 624. 573. 578. 578.
  569. 590. 597. 592. 595. 595. 586. 596. 595. 596. 593. 598.]]
##############################
[[218. 256. 279. 281. 288. 288. 283. 287. 290. 287. 248. 250. 273. 275.
  290. 290. 307. 320. 317. 327. 337. 337. 340. 347. 348. 351. 339. 337.
  337. 343. 338. 345. 340. 343. 351. 348. 354. 351. 351. 342.]
 [800. 800. 800. 800. 800. 800. 800. 800. 800. 800. 800. 799. 798. 798.
  796. 797. 797. 794. 795. 793. 796. 795. 795. 796. 796. 795. 746. 747.
  748. 748. 747. 746. 747. 745. 747. 748. 747. 746. 748. 748.]
 [549. 613. 617. 631. 627. 636. 632. 633. 635. 640. 522. 490. 506. 495.
  523. 530. 537. 545. 543. 550. 564. 566. 572. 579. 584. 601. 572. 571.
  577. 579. 585. 579. 587. 600. 581. 595. 601. 594. 594. 594.]
 [549. 592. 612. 619. 626. 621. 631. 629. 630. 626. 534. 533. 538. 546.
  555. 557. 569. 572. 593. 591. 594. 608. 611. 599. 624. 613. 578. 578.
  569. 590. 597. 592. 595. 595. 586. 596. 595. 596. 593. 598.]]
##############################
[[218. 256. 279. 281. 288. 288. 283. 287. 290. 287. 248. 250. 273. 275.
  290. 290. 307. 320. 317. 327. 337. 337. 340. 347. 348. 351. 361. 337.
  337. 343. 338. 345. 340. 343. 351. 348. 354. 351. 351. 342.]
 [800. 800. 800. 800. 800. 800. 800. 800. 800. 800. 800. 799. 798. 798.
  796. 797. 797. 794. 795. 793. 796. 795. 795. 796. 796. 795. 795. 747.
  748. 748. 747. 746. 747. 745. 747. 748. 747. 746. 748. 748.]
 [549. 613. 617. 631. 627. 636. 632. 633. 635. 640. 522. 490. 506. 495.
  523. 530. 537. 545. 543. 550. 564. 566. 572. 579. 584. 601. 611. 571.
  577. 579. 585. 579. 587. 600. 581. 595. 601. 594. 594. 594.]
 [549. 592. 612. 619. 626. 621. 631. 629. 630. 626. 534. 533. 538. 546.
  555. 557. 569. 572. 593. 591. 594. 608. 611. 599. 624. 613. 618. 578.
  569. 590. 597. 592. 595. 595. 586. 596. 595. 596. 593. 598.]]
##############################
[[218. 256. 279. 281. 288. 288. 283. 287. 290. 287. 248. 250. 273. 275.
  290. 290. 307. 320. 317. 327. 337. 337. 340. 347. 348. 351. 361. 362.
  337. 343. 338. 345. 340. 343. 351. 348. 354. 351. 351. 342.]
 [800. 800. 800. 800. 800. 800. 800. 800. 800. 800. 800. 799. 798. 798.
  796. 797. 797. 794. 795. 793. 796. 795. 795. 796. 796. 795. 795. 797.
  748. 748. 747. 746. 747. 745. 747. 748. 747. 746. 748. 748.]
 [549. 613. 617. 631. 627. 636. 632. 633. 635. 640. 522. 490. 506. 495.
  523. 530. 537. 545. 543. 550. 564. 566. 572. 579. 584. 601. 611. 610.
  577. 579. 585. 579. 587. 600. 581. 595. 601. 594. 594. 594.]
 [549. 592. 612. 619. 626. 621. 631. 629. 630. 626. 534. 533. 538. 546.
  555. 557. 569. 572. 593. 591. 594. 608. 611. 599. 624. 613. 618. 619.
  569. 590. 597. 592. 595. 595. 586. 596. 595. 596. 593. 598.]]
##############################
[[218. 256. 279. 281. 288. 288. 283. 287. 290. 287. 248. 250. 273. 275.
  290. 290. 307. 320. 317. 327. 337. 337. 340. 347. 348. 351. 361. 362.
  360. 343. 338. 345. 340. 343. 351. 348. 354. 351. 351. 342.]
 [800. 800. 800. 800. 800. 800. 800. 800. 800. 800. 800. 799. 798. 798.
  796. 797. 797. 794. 795. 793. 796. 795. 795. 796. 796. 795. 795. 797.
  798. 748. 747. 746. 747. 745. 747. 748. 747. 746. 748. 748.]
 [549. 613. 617. 631. 627. 636. 632. 633. 635. 640. 522. 490. 506. 495.
  523. 530. 537. 545. 543. 550. 564. 566. 572. 579. 584. 601. 611. 610.
  614. 579. 585. 579. 587. 600. 581. 595. 601. 594. 594. 594.]
 [549. 592. 612. 619. 626. 621. 631. 629. 630. 626. 534. 533. 538. 546.
  555. 557. 569. 572. 593. 591. 594. 608. 611. 599. 624. 613. 618. 619.
  611. 590. 597. 592. 595. 595. 586. 596. 595. 596. 593. 598.]]
##############################
[[218. 256. 279. 281. 288. 288. 283. 287. 290. 287. 248. 250. 273. 275.
  290. 290. 307. 320. 317. 327. 337. 337. 340. 347. 348. 351. 361. 362.
  360. 364. 338. 345. 340. 343. 351. 348. 354. 351. 351. 342.]
 [800. 800. 800. 800. 800. 800. 800. 800. 800. 800. 800. 799. 798. 798.
  796. 797. 797. 794. 795. 793. 796. 795. 795. 796. 796. 795. 795. 797.
  798. 798. 747. 746. 747. 745. 747. 748. 747. 746. 748. 748.]
 [549. 613. 617. 631. 627. 636. 632. 633. 635. 640. 522. 490. 506. 495.
  523. 530. 537. 545. 543. 550. 564. 566. 572. 579. 584. 601. 611. 610.
  614. 618. 585. 579. 587. 600. 581. 595. 601. 594. 594. 594.]
 [549. 592. 612. 619. 626. 621. 631. 629. 630. 626. 534. 533. 538. 546.
  555. 557. 569. 572. 593. 591. 594. 608. 611. 599. 624. 613. 618. 619.
  611. 630. 597. 592. 595. 595. 586. 596. 595. 596. 593. 598.]]
##############################
[[218. 256. 279. 281. 288. 288. 283. 287. 290. 287. 248. 250. 273. 275.
  290. 290. 307. 320. 317. 327. 337. 337. 340. 347. 348. 351. 361. 362.
  360. 364. 362. 345. 340. 343. 351. 348. 354. 351. 351. 342.]
 [800. 800. 800. 800. 800. 800. 800. 800. 800. 800. 800. 799. 798. 798.
  796. 797. 797. 794. 795. 793. 796. 795. 795. 796. 796. 795. 795. 797.
  798. 798. 797. 746. 747. 745. 747. 748. 747. 746. 748. 748.]
 [549. 613. 617. 631. 627. 636. 632. 633. 635. 640. 522. 490. 506. 495.
  523. 530. 537. 545. 543. 550. 564. 566. 572. 579. 584. 601. 611. 610.
  614. 618. 624. 579. 587. 600. 581. 595. 601. 594. 594. 594.]
 [549. 592. 612. 619. 626. 621. 631. 629. 630. 626. 534. 533. 538. 546.
  555. 557. 569. 572. 593. 591. 594. 608. 611. 599. 624. 613. 618. 619.
  611. 630. 638. 592. 595. 595. 586. 596. 595. 596. 593. 598.]]
##############################
[[218. 256. 279. 281. 288. 288. 283. 287. 290. 287. 248. 250. 273. 275.
  290. 290. 307. 320. 317. 327. 337. 337. 340. 347. 348. 351. 361. 362.
  360. 364. 362. 369. 340. 343. 351. 348. 354. 351. 351. 342.]
 [800. 800. 800. 800. 800. 800. 800. 800. 800. 800. 800. 799. 798. 798.
  796. 797. 797. 794. 795. 793. 796. 795. 795. 796. 796. 795. 795. 797.
  798. 798. 797. 795. 747. 745. 747. 748. 747. 746. 748. 748.]
 [549. 613. 617. 631. 627. 636. 632. 633. 635. 640. 522. 490. 506. 495.
  523. 530. 537. 545. 543. 550. 564. 566. 572. 579. 584. 601. 611. 610.
  614. 618. 624. 618. 587. 600. 581. 595. 601. 594. 594. 594.]
 [549. 592. 612. 619. 626. 621. 631. 629. 630. 626. 534. 533. 538. 546.
  555. 557. 569. 572. 593. 591. 594. 608. 611. 599. 624. 613. 618. 619.
  611. 630. 638. 632. 595. 595. 586. 596. 595. 596. 593. 598.]]
##############################
[[218. 256. 279. 281. 288. 288. 283. 287. 290. 287. 248. 250. 273. 275.
  290. 290. 307. 320. 317. 327. 337. 337. 340. 347. 348. 351. 361. 362.
  360. 364. 362. 369. 363. 343. 351. 348. 354. 351. 351. 342.]
 [800. 800. 800. 800. 800. 800. 800. 800. 800. 800. 800. 799. 798. 798.
  796. 797. 797. 794. 795. 793. 796. 795. 795. 796. 796. 795. 795. 797.
  798. 798. 797. 795. 797. 745. 747. 748. 747. 746. 748. 748.]
 [549. 613. 617. 631. 627. 636. 632. 633. 635. 640. 522. 490. 506. 495.
  523. 530. 537. 545. 543. 550. 564. 566. 572. 579. 584. 601. 611. 610.
  614. 618. 624. 618. 629. 600. 581. 595. 601. 594. 594. 594.]
 [549. 592. 612. 619. 626. 621. 631. 629. 630. 626. 534. 533. 538. 546.
  555. 557. 569. 572. 593. 591. 594. 608. 611. 599. 624. 613. 618. 619.
  611. 630. 638. 632. 637. 595. 586. 596. 595. 596. 593. 598.]]
##############################
[[218. 256. 279. 281. 288. 288. 283. 287. 290. 287. 248. 250. 273. 275.
  290. 290. 307. 320. 317. 327. 337. 337. 340. 347. 348. 351. 361. 362.
  360. 364. 362. 369. 363. 365. 351. 348. 354. 351. 351. 342.]
 [800. 800. 800. 800. 800. 800. 800. 800. 800. 800. 800. 799. 798. 798.
  796. 797. 797. 794. 795. 793. 796. 795. 795. 796. 796. 795. 795. 797.
  798. 798. 797. 795. 797. 794. 747. 748. 747. 746. 748. 748.]
 [549. 613. 617. 631. 627. 636. 632. 633. 635. 640. 522. 490. 506. 495.
  523. 530. 537. 545. 543. 550. 564. 566. 572. 579. 584. 601. 611. 610.
  614. 618. 624. 618. 629. 641. 581. 595. 601. 594. 594. 594.]
 [549. 592. 612. 619. 626. 621. 631. 629. 630. 626. 534. 533. 538. 546.
  555. 557. 569. 572. 593. 591. 594. 608. 611. 599. 624. 613. 618. 619.
  611. 630. 638. 632. 637. 638. 586. 596. 595. 596. 593. 598.]]
##############################
[[218. 256. 279. 281. 288. 288. 283. 287. 290. 287. 248. 250. 273. 275.
  290. 290. 307. 320. 317. 327. 337. 337. 340. 347. 348. 351. 361. 362.
  360. 364. 362. 369. 363. 365. 376. 348. 354. 351. 351. 342.]
 [800. 800. 800. 800. 800. 800. 800. 800. 800. 800. 800. 799. 798. 798.
  796. 797. 797. 794. 795. 793. 796. 795. 795. 796. 796. 795. 795. 797.
  798. 798. 797. 795. 797. 794. 796. 748. 747. 746. 748. 748.]
 [549. 613. 617. 631. 627. 636. 632. 633. 635. 640. 522. 490. 506. 495.
  523. 530. 537. 545. 543. 550. 564. 566. 572. 579. 584. 601. 611. 610.
  614. 618. 624. 618. 629. 641. 620. 595. 601. 594. 594. 594.]
 [549. 592. 612. 619. 626. 621. 631. 629. 630. 626. 534. 533. 538. 546.
  555. 557. 569. 572. 593. 591. 594. 608. 611. 599. 624. 613. 618. 619.
  611. 630. 638. 632. 637. 638. 626. 596. 595. 596. 593. 598.]]
##############################
[[218. 256. 279. 281. 288. 288. 283. 287. 290. 287. 248. 250. 273. 275.
  290. 290. 307. 320. 317. 327. 337. 337. 340. 347. 348. 351. 361. 362.
  360. 364. 362. 369. 363. 365. 376. 371. 354. 351. 351. 342.]
 [800. 800. 800. 800. 800. 800. 800. 800. 800. 800. 800. 799. 798. 798.
  796. 797. 797. 794. 795. 793. 796. 795. 795. 796. 796. 795. 795. 797.
  798. 798. 797. 795. 797. 794. 796. 797. 747. 746. 748. 748.]
 [549. 613. 617. 631. 627. 636. 632. 633. 635. 640. 522. 490. 506. 495.
  523. 530. 537. 545. 543. 550. 564. 566. 572. 579. 584. 601. 611. 610.
  614. 618. 624. 618. 629. 641. 620. 635. 601. 594. 594. 594.]
 [549. 592. 612. 619. 626. 621. 631. 629. 630. 626. 534. 533. 538. 546.
  555. 557. 569. 572. 593. 591. 594. 608. 611. 599. 624. 613. 618. 619.
  611. 630. 638. 632. 637. 638. 626. 635. 595. 596. 593. 598.]]
##############################
[[218. 256. 279. 281. 288. 288. 283. 287. 290. 287. 248. 250. 273. 275.
  290. 290. 307. 320. 317. 327. 337. 337. 340. 347. 348. 351. 361. 362.
  360. 364. 362. 369. 363. 365. 376. 371. 378. 351. 351. 342.]
 [800. 800. 800. 800. 800. 800. 800. 800. 800. 800. 800. 799. 798. 798.
  796. 797. 797. 794. 795. 793. 796. 795. 795. 796. 796. 795. 795. 797.
  798. 798. 797. 795. 797. 794. 796. 797. 796. 746. 748. 748.]
 [549. 613. 617. 631. 627. 636. 632. 633. 635. 640. 522. 490. 506. 495.
  523. 530. 537. 545. 543. 550. 564. 566. 572. 579. 584. 601. 611. 610.
  614. 618. 624. 618. 629. 641. 620. 635. 640. 594. 594. 594.]
 [549. 592. 612. 619. 626. 621. 631. 629. 630. 626. 534. 533. 538. 546.
  555. 557. 569. 572. 593. 591. 594. 608. 611. 599. 624. 613. 618. 619.
  611. 630. 638. 632. 637. 638. 626. 635. 635. 596. 593. 598.]]
##############################
[[218. 256. 279. 281. 288. 288. 283. 287. 290. 287. 248. 250. 273. 275.
  290. 290. 307. 320. 317. 327. 337. 337. 340. 347. 348. 351. 361. 362.
  360. 364. 362. 369. 363. 365. 376. 371. 378. 376. 351. 342.]
 [800. 800. 800. 800. 800. 800. 800. 800. 800. 800. 800. 799. 798. 798.
  796. 797. 797. 794. 795. 793. 796. 795. 795. 796. 796. 795. 795. 797.
  798. 798. 797. 795. 797. 794. 796. 797. 796. 795. 748. 748.]
 [549. 613. 617. 631. 627. 636. 632. 633. 635. 640. 522. 490. 506. 495.
  523. 530. 537. 545. 543. 550. 564. 566. 572. 579. 584. 601. 611. 610.
  614. 618. 624. 618. 629. 641. 620. 635. 640. 635. 594. 594.]
 [549. 592. 612. 619. 626. 621. 631. 629. 630. 626. 534. 533. 538. 546.
  555. 557. 569. 572. 593. 591. 594. 608. 611. 599. 624. 613. 618. 619.
  611. 630. 638. 632. 637. 638. 626. 635. 635. 636. 593. 598.]]
##############################
[[218. 256. 279. 281. 288. 288. 283. 287. 290. 287. 248. 250. 273. 275.
  290. 290. 307. 320. 317. 327. 337. 337. 340. 347. 348. 351. 361. 362.
  360. 364. 362. 369. 363. 365. 376. 371. 378. 376. 377. 342.]
 [800. 800. 800. 800. 800. 800. 800. 800. 800. 800. 800. 799. 798. 798.
  796. 797. 797. 794. 795. 793. 796. 795. 795. 796. 796. 795. 795. 797.
  798. 798. 797. 795. 797. 794. 796. 797. 796. 795. 797. 748.]
 [549. 613. 617. 631. 627. 636. 632. 633. 635. 640. 522. 490. 506. 495.
  523. 530. 537. 545. 543. 550. 564. 566. 572. 579. 584. 601. 611. 610.
  614. 618. 624. 618. 629. 641. 620. 635. 640. 635. 633. 594.]
 [549. 592. 612. 619. 626. 621. 631. 629. 630. 626. 534. 533. 538. 546.
  555. 557. 569. 572. 593. 591. 594. 608. 611. 599. 624. 613. 618. 619.
  611. 630. 638. 632. 637. 638. 626. 635. 635. 636. 632. 598.]]
##############################
[[218. 256. 279. 281. 288. 288. 283. 287. 290. 287. 248. 250. 273. 275.
  290. 290. 307. 320. 317. 327. 337. 337. 340. 347. 348. 351. 361. 362.
  360. 364. 362. 369. 363. 365. 376. 371. 378. 376. 377. 366.]
 [800. 800. 800. 800. 800. 800. 800. 800. 800. 800. 800. 799. 798. 798.
  796. 797. 797. 794. 795. 793. 796. 795. 795. 796. 796. 795. 795. 797.
  798. 798. 797. 795. 797. 794. 796. 797. 796. 795. 797. 797.]
 [549. 613. 617. 631. 627. 636. 632. 633. 635. 640. 522. 490. 506. 495.
  523. 530. 537. 545. 543. 550. 564. 566. 572. 579. 584. 601. 611. 610.
  614. 618. 624. 618. 629. 641. 620. 635. 640. 635. 633. 636.]
 [549. 592. 612. 619. 626. 621. 631. 629. 630. 626. 534. 533. 538. 546.
  555. 557. 569. 572. 593. 591. 594. 608. 611. 599. 624. 613. 618. 619.
  611. 630. 638. 632. 637. 638. 626. 635. 635. 636. 632. 637.]]
##############################
##################################################
##################################################
starting :17 batch
[[224. 256. 279. 281. 288. 288. 283. 287. 290. 287. 248. 250. 273. 275.
  290. 290. 307. 320. 317. 327. 337. 337. 340. 347. 348. 351. 361. 362.
  360. 364. 362. 369. 363. 365. 376. 371. 378. 376. 377. 366.]
 [850. 800. 800. 800. 800. 800. 800. 800. 800. 800. 800. 799. 798. 798.
  796. 797. 797. 794. 795. 793. 796. 795. 795. 796. 796. 795. 795. 797.
  798. 798. 797. 795. 797. 794. 796. 797. 796. 795. 797. 797.]
 [577. 613. 617. 631. 627. 636. 632. 633. 635. 640. 522. 490. 506. 495.
  523. 530. 537. 545. 543. 550. 564. 566. 572. 579. 584. 601. 611. 610.
  614. 618. 624. 618. 629. 641. 620. 635. 640. 635. 633. 636.]
 [577. 592. 612. 619. 626. 621. 631. 629. 630. 626. 534. 533. 538. 546.
  555. 557. 569. 572. 593. 591. 594. 608. 611. 599. 624. 613. 618. 619.
  611. 630. 638. 632. 637. 638. 626. 635. 635. 636. 632. 637.]]
##############################
[[224. 266. 279. 281. 288. 288. 283. 287. 290. 287. 248. 250. 273. 275.
  290. 290. 307. 320. 317. 327. 337. 337. 340. 347. 348. 351. 361. 362.
  360. 364. 362. 369. 363. 365. 376. 371. 378. 376. 377. 366.]
 [850. 850. 800. 800. 800. 800. 800. 800. 800. 800. 800. 799. 798. 798.
  796. 797. 797. 794. 795. 793. 796. 795. 795. 796. 796. 795. 795. 797.
  798. 798. 797. 795. 797. 794. 796. 797. 796. 795. 797. 797.]
 [577. 649. 617. 631. 627. 636. 632. 633. 635. 640. 522. 490. 506. 495.
  523. 530. 537. 545. 543. 550. 564. 566. 572. 579. 584. 601. 611. 610.
  614. 618. 624. 618. 629. 641. 620. 635. 640. 635. 633. 636.]
 [577. 624. 612. 619. 626. 621. 631. 629. 630. 626. 534. 533. 538. 546.
  555. 557. 569. 572. 593. 591. 594. 608. 611. 599. 624. 613. 618. 619.
  611. 630. 638. 632. 637. 638. 626. 635. 635. 636. 632. 637.]]
##############################
[[224. 266. 289. 281. 288. 288. 283. 287. 290. 287. 248. 250. 273. 275.
  290. 290. 307. 320. 317. 327. 337. 337. 340. 347. 348. 351. 361. 362.
  360. 364. 362. 369. 363. 365. 376. 371. 378. 376. 377. 366.]
 [850. 850. 850. 800. 800. 800. 800. 800. 800. 800. 800. 799. 798. 798.
  796. 797. 797. 794. 795. 793. 796. 795. 795. 796. 796. 795. 795. 797.
  798. 798. 797. 795. 797. 794. 796. 797. 796. 795. 797. 797.]
 [577. 649. 651. 631. 627. 636. 632. 633. 635. 640. 522. 490. 506. 495.
  523. 530. 537. 545. 543. 550. 564. 566. 572. 579. 584. 601. 611. 610.
  614. 618. 624. 618. 629. 641. 620. 635. 640. 635. 633. 636.]
 [577. 624. 651. 619. 626. 621. 631. 629. 630. 626. 534. 533. 538. 546.
  555. 557. 569. 572. 593. 591. 594. 608. 611. 599. 624. 613. 618. 619.
  611. 630. 638. 632. 637. 638. 626. 635. 635. 636. 632. 637.]]
##############################
[[224. 266. 289. 292. 288. 288. 283. 287. 290. 287. 248. 250. 273. 275.
  290. 290. 307. 320. 317. 327. 337. 337. 340. 347. 348. 351. 361. 362.
  360. 364. 362. 369. 363. 365. 376. 371. 378. 376. 377. 366.]
 [850. 850. 850. 850. 800. 800. 800. 800. 800. 800. 800. 799. 798. 798.
  796. 797. 797. 794. 795. 793. 796. 795. 795. 796. 796. 795. 795. 797.
  798. 798. 797. 795. 797. 794. 796. 797. 796. 795. 797. 797.]
 [577. 649. 651. 667. 627. 636. 632. 633. 635. 640. 522. 490. 506. 495.
  523. 530. 537. 545. 543. 550. 564. 566. 572. 579. 584. 601. 611. 610.
  614. 618. 624. 618. 629. 641. 620. 635. 640. 635. 633. 636.]
 [577. 624. 651. 657. 626. 621. 631. 629. 630. 626. 534. 533. 538. 546.
  555. 557. 569. 572. 593. 591. 594. 608. 611. 599. 624. 613. 618. 619.
  611. 630. 638. 632. 637. 638. 626. 635. 635. 636. 632. 637.]]
##############################
[[224. 266. 289. 292. 300. 288. 283. 287. 290. 287. 248. 250. 273. 275.
  290. 290. 307. 320. 317. 327. 337. 337. 340. 347. 348. 351. 361. 362.
  360. 364. 362. 369. 363. 365. 376. 371. 378. 376. 377. 366.]
 [850. 850. 850. 850. 850. 800. 800. 800. 800. 800. 800. 799. 798. 798.
  796. 797. 797. 794. 795. 793. 796. 795. 795. 796. 796. 795. 795. 797.
  798. 798. 797. 795. 797. 794. 796. 797. 796. 795. 797. 797.]
 [577. 649. 651. 667. 664. 636. 632. 633. 635. 640. 522. 490. 506. 495.
  523. 530. 537. 545. 543. 550. 564. 566. 572. 579. 584. 601. 611. 610.
  614. 618. 624. 618. 629. 641. 620. 635. 640. 635. 633. 636.]
 [577. 624. 651. 657. 663. 621. 631. 629. 630. 626. 534. 533. 538. 546.
  555. 557. 569. 572. 593. 591. 594. 608. 611. 599. 624. 613. 618. 619.
  611. 630. 638. 632. 637. 638. 626. 635. 635. 636. 632. 637.]]
##############################
[[224. 266. 289. 292. 300. 301. 283. 287. 290. 287. 248. 250. 273. 275.
  290. 290. 307. 320. 317. 327. 337. 337. 340. 347. 348. 351. 361. 362.
  360. 364. 362. 369. 363. 365. 376. 371. 378. 376. 377. 366.]
 [850. 850. 850. 850. 850. 850. 800. 800. 800. 800. 800. 799. 798. 798.
  796. 797. 797. 794. 795. 793. 796. 795. 795. 796. 796. 795. 795. 797.
  798. 798. 797. 795. 797. 794. 796. 797. 796. 795. 797. 797.]
 [577. 649. 651. 667. 664. 676. 632. 633. 635. 640. 522. 490. 506. 495.
  523. 530. 537. 545. 543. 550. 564. 566. 572. 579. 584. 601. 611. 610.
  614. 618. 624. 618. 629. 641. 620. 635. 640. 635. 633. 636.]
 [577. 624. 651. 657. 663. 660. 631. 629. 630. 626. 534. 533. 538. 546.
  555. 557. 569. 572. 593. 591. 594. 608. 611. 599. 624. 613. 618. 619.
  611. 630. 638. 632. 637. 638. 626. 635. 635. 636. 632. 637.]]
##############################
[[224. 266. 289. 292. 300. 301. 298. 287. 290. 287. 248. 250. 273. 275.
  290. 290. 307. 320. 317. 327. 337. 337. 340. 347. 348. 351. 361. 362.
  360. 364. 362. 369. 363. 365. 376. 371. 378. 376. 377. 366.]
 [850. 850. 850. 850. 850. 850. 850. 800. 800. 800. 800. 799. 798. 798.
  796. 797. 797. 794. 795. 793. 796. 795. 795. 796. 796. 795. 795. 797.
  798. 798. 797. 795. 797. 794. 796. 797. 796. 795. 797. 797.]
 [577. 649. 651. 667. 664. 676. 671. 633. 635. 640. 522. 490. 506. 495.
  523. 530. 537. 545. 543. 550. 564. 566. 572. 579. 584. 601. 611. 610.
  614. 618. 624. 618. 629. 641. 620. 635. 640. 635. 633. 636.]
 [577. 624. 651. 657. 663. 660. 672. 629. 630. 626. 534. 533. 538. 546.
  555. 557. 569. 572. 593. 591. 594. 608. 611. 599. 624. 613. 618. 619.
  611. 630. 638. 632. 637. 638. 626. 635. 635. 636. 632. 637.]]
##############################
[[224. 266. 289. 292. 300. 301. 298. 299. 290. 287. 248. 250. 273. 275.
  290. 290. 307. 320. 317. 327. 337. 337. 340. 347. 348. 351. 361. 362.
  360. 364. 362. 369. 363. 365. 376. 371. 378. 376. 377. 366.]
 [850. 850. 850. 850. 850. 850. 850. 850. 800. 800. 800. 799. 798. 798.
  796. 797. 797. 794. 795. 793. 796. 795. 795. 796. 796. 795. 795. 797.
  798. 798. 797. 795. 797. 794. 796. 797. 796. 795. 797. 797.]
 [577. 649. 651. 667. 664. 676. 671. 671. 635. 640. 522. 490. 506. 495.
  523. 530. 537. 545. 543. 550. 564. 566. 572. 579. 584. 601. 611. 610.
  614. 618. 624. 618. 629. 641. 620. 635. 640. 635. 633. 636.]
 [577. 624. 651. 657. 663. 660. 672. 667. 630. 626. 534. 533. 538. 546.
  555. 557. 569. 572. 593. 591. 594. 608. 611. 599. 624. 613. 618. 619.
  611. 630. 638. 632. 637. 638. 626. 635. 635. 636. 632. 637.]]
##############################
[[224. 266. 289. 292. 300. 301. 298. 299. 303. 287. 248. 250. 273. 275.
  290. 290. 307. 320. 317. 327. 337. 337. 340. 347. 348. 351. 361. 362.
  360. 364. 362. 369. 363. 365. 376. 371. 378. 376. 377. 366.]
 [850. 850. 850. 850. 850. 850. 850. 850. 850. 800. 800. 799. 798. 798.
  796. 797. 797. 794. 795. 793. 796. 795. 795. 796. 796. 795. 795. 797.
  798. 798. 797. 795. 797. 794. 796. 797. 796. 795. 797. 797.]
 [577. 649. 651. 667. 664. 676. 671. 671. 674. 640. 522. 490. 506. 495.
  523. 530. 537. 545. 543. 550. 564. 566. 572. 579. 584. 601. 611. 610.
  614. 618. 624. 618. 629. 641. 620. 635. 640. 635. 633. 636.]
 [577. 624. 651. 657. 663. 660. 672. 667. 668. 626. 534. 533. 538. 546.
  555. 557. 569. 572. 593. 591. 594. 608. 611. 599. 624. 613. 618. 619.
  611. 630. 638. 632. 637. 638. 626. 635. 635. 636. 632. 637.]]
##############################
[[224. 266. 289. 292. 300. 301. 298. 299. 303. 300. 248. 250. 273. 275.
  290. 290. 307. 320. 317. 327. 337. 337. 340. 347. 348. 351. 361. 362.
  360. 364. 362. 369. 363. 365. 376. 371. 378. 376. 377. 366.]
 [850. 850. 850. 850. 850. 850. 850. 850. 850. 850. 800. 799. 798. 798.
  796. 797. 797. 794. 795. 793. 796. 795. 795. 796. 796. 795. 795. 797.
  798. 798. 797. 795. 797. 794. 796. 797. 796. 795. 797. 797.]
 [577. 649. 651. 667. 664. 676. 671. 671. 674. 677. 522. 490. 506. 495.
  523. 530. 537. 545. 543. 550. 564. 566. 572. 579. 584. 601. 611. 610.
  614. 618. 624. 618. 629. 641. 620. 635. 640. 635. 633. 636.]
 [577. 624. 651. 657. 663. 660. 672. 667. 668. 663. 534. 533. 538. 546.
  555. 557. 569. 572. 593. 591. 594. 608. 611. 599. 624. 613. 618. 619.
  611. 630. 638. 632. 637. 638. 626. 635. 635. 636. 632. 637.]]
##############################
[[224. 266. 289. 292. 300. 301. 298. 299. 303. 300. 261. 250. 273. 275.
  290. 290. 307. 320. 317. 327. 337. 337. 340. 347. 348. 351. 361. 362.
  360. 364. 362. 369. 363. 365. 376. 371. 378. 376. 377. 366.]
 [850. 850. 850. 850. 850. 850. 850. 850. 850. 850. 850. 799. 798. 798.
  796. 797. 797. 794. 795. 793. 796. 795. 795. 796. 796. 795. 795. 797.
  798. 798. 797. 795. 797. 794. 796. 797. 796. 795. 797. 797.]
 [577. 649. 651. 667. 664. 676. 671. 671. 674. 677. 553. 490. 506. 495.
  523. 530. 537. 545. 543. 550. 564. 566. 572. 579. 584. 601. 611. 610.
  614. 618. 624. 618. 629. 641. 620. 635. 640. 635. 633. 636.]
 [577. 624. 651. 657. 663. 660. 672. 667. 668. 663. 568. 533. 538. 546.
  555. 557. 569. 572. 593. 591. 594. 608. 611. 599. 624. 613. 618. 619.
  611. 630. 638. 632. 637. 638. 626. 635. 635. 636. 632. 637.]]
##############################
[[224. 266. 289. 292. 300. 301. 298. 299. 303. 300. 261. 261. 273. 275.
  290. 290. 307. 320. 317. 327. 337. 337. 340. 347. 348. 351. 361. 362.
  360. 364. 362. 369. 363. 365. 376. 371. 378. 376. 377. 366.]
 [850. 850. 850. 850. 850. 850. 850. 850. 850. 850. 850. 849. 798. 798.
  796. 797. 797. 794. 795. 793. 796. 795. 795. 796. 796. 795. 795. 797.
  798. 798. 797. 795. 797. 794. 796. 797. 796. 795. 797. 797.]
 [577. 649. 651. 667. 664. 676. 671. 671. 674. 677. 553. 518. 506. 495.
  523. 530. 537. 545. 543. 550. 564. 566. 572. 579. 584. 601. 611. 610.
  614. 618. 624. 618. 629. 641. 620. 635. 640. 635. 633. 636.]
 [577. 624. 651. 657. 663. 660. 672. 667. 668. 663. 568. 564. 538. 546.
  555. 557. 569. 572. 593. 591. 594. 608. 611. 599. 624. 613. 618. 619.
  611. 630. 638. 632. 637. 638. 626. 635. 635. 636. 632. 637.]]
##############################
[[224. 266. 289. 292. 300. 301. 298. 299. 303. 300. 261. 261. 282. 275.
  290. 290. 307. 320. 317. 327. 337. 337. 340. 347. 348. 351. 361. 362.
  360. 364. 362. 369. 363. 365. 376. 371. 378. 376. 377. 366.]
 [850. 850. 850. 850. 850. 850. 850. 850. 850. 850. 850. 849. 848. 798.
  796. 797. 797. 794. 795. 793. 796. 795. 795. 796. 796. 795. 795. 797.
  798. 798. 797. 795. 797. 794. 796. 797. 796. 795. 797. 797.]
 [577. 649. 651. 667. 664. 676. 671. 671. 674. 677. 553. 518. 533. 495.
  523. 530. 537. 545. 543. 550. 564. 566. 572. 579. 584. 601. 611. 610.
  614. 618. 624. 618. 629. 641. 620. 635. 640. 635. 633. 636.]
 [577. 624. 651. 657. 663. 660. 672. 667. 668. 663. 568. 564. 570. 546.
  555. 557. 569. 572. 593. 591. 594. 608. 611. 599. 624. 613. 618. 619.
  611. 630. 638. 632. 637. 638. 626. 635. 635. 636. 632. 637.]]
##############################
[[224. 266. 289. 292. 300. 301. 298. 299. 303. 300. 261. 261. 282. 286.
  290. 290. 307. 320. 317. 327. 337. 337. 340. 347. 348. 351. 361. 362.
  360. 364. 362. 369. 363. 365. 376. 371. 378. 376. 377. 366.]
 [850. 850. 850. 850. 850. 850. 850. 850. 850. 850. 850. 849. 848. 848.
  796. 797. 797. 794. 795. 793. 796. 795. 795. 796. 796. 795. 795. 797.
  798. 798. 797. 795. 797. 794. 796. 797. 796. 795. 797. 797.]
 [577. 649. 651. 667. 664. 676. 671. 671. 674. 677. 553. 518. 533. 526.
  523. 530. 537. 545. 543. 550. 564. 566. 572. 579. 584. 601. 611. 610.
  614. 618. 624. 618. 629. 641. 620. 635. 640. 635. 633. 636.]
 [577. 624. 651. 657. 663. 660. 672. 667. 668. 663. 568. 564. 570. 576.
  555. 557. 569. 572. 593. 591. 594. 608. 611. 599. 624. 613. 618. 619.
  611. 630. 638. 632. 637. 638. 626. 635. 635. 636. 632. 637.]]
##############################
[[224. 266. 289. 292. 300. 301. 298. 299. 303. 300. 261. 261. 282. 286.
  304. 290. 307. 320. 317. 327. 337. 337. 340. 347. 348. 351. 361. 362.
  360. 364. 362. 369. 363. 365. 376. 371. 378. 376. 377. 366.]
 [850. 850. 850. 850. 850. 850. 850. 850. 850. 850. 850. 849. 848. 848.
  845. 797. 797. 794. 795. 793. 796. 795. 795. 796. 796. 795. 795. 797.
  798. 798. 797. 795. 797. 794. 796. 797. 796. 795. 797. 797.]
 [577. 649. 651. 667. 664. 676. 671. 671. 674. 677. 553. 518. 533. 526.
  552. 530. 537. 545. 543. 550. 564. 566. 572. 579. 584. 601. 611. 610.
  614. 618. 624. 618. 629. 641. 620. 635. 640. 635. 633. 636.]
 [577. 624. 651. 657. 663. 660. 672. 667. 668. 663. 568. 564. 570. 576.
  588. 557. 569. 572. 593. 591. 594. 608. 611. 599. 624. 613. 618. 619.
  611. 630. 638. 632. 637. 638. 626. 635. 635. 636. 632. 637.]]
##############################
[[224. 266. 289. 292. 300. 301. 298. 299. 303. 300. 261. 261. 282. 286.
  304. 306. 307. 320. 317. 327. 337. 337. 340. 347. 348. 351. 361. 362.
  360. 364. 362. 369. 363. 365. 376. 371. 378. 376. 377. 366.]
 [850. 850. 850. 850. 850. 850. 850. 850. 850. 850. 850. 849. 848. 848.
  845. 847. 797. 794. 795. 793. 796. 795. 795. 796. 796. 795. 795. 797.
  798. 798. 797. 795. 797. 794. 796. 797. 796. 795. 797. 797.]
 [577. 649. 651. 667. 664. 676. 671. 671. 674. 677. 553. 518. 533. 526.
  552. 557. 537. 545. 543. 550. 564. 566. 572. 579. 584. 601. 611. 610.
  614. 618. 624. 618. 629. 641. 620. 635. 640. 635. 633. 636.]
 [577. 624. 651. 657. 663. 660. 672. 667. 668. 663. 568. 564. 570. 576.
  588. 590. 569. 572. 593. 591. 594. 608. 611. 599. 624. 613. 618. 619.
  611. 630. 638. 632. 637. 638. 626. 635. 635. 636. 632. 637.]]
##############################
[[224. 266. 289. 292. 300. 301. 298. 299. 303. 300. 261. 261. 282. 286.
  304. 306. 319. 320. 317. 327. 337. 337. 340. 347. 348. 351. 361. 362.
  360. 364. 362. 369. 363. 365. 376. 371. 378. 376. 377. 366.]
 [850. 850. 850. 850. 850. 850. 850. 850. 850. 850. 850. 849. 848. 848.
  845. 847. 846. 794. 795. 793. 796. 795. 795. 796. 796. 795. 795. 797.
  798. 798. 797. 795. 797. 794. 796. 797. 796. 795. 797. 797.]
 [577. 649. 651. 667. 664. 676. 671. 671. 674. 677. 553. 518. 533. 526.
  552. 557. 567. 545. 543. 550. 564. 566. 572. 579. 584. 601. 611. 610.
  614. 618. 624. 618. 629. 641. 620. 635. 640. 635. 633. 636.]
 [577. 624. 651. 657. 663. 660. 672. 667. 668. 663. 568. 564. 570. 576.
  588. 590. 601. 572. 593. 591. 594. 608. 611. 599. 624. 613. 618. 619.
  611. 630. 638. 632. 637. 638. 626. 635. 635. 636. 632. 637.]]
##############################
[[224. 266. 289. 292. 300. 301. 298. 299. 303. 300. 261. 261. 282. 286.
  304. 306. 319. 332. 317. 327. 337. 337. 340. 347. 348. 351. 361. 362.
  360. 364. 362. 369. 363. 365. 376. 371. 378. 376. 377. 366.]
 [850. 850. 850. 850. 850. 850. 850. 850. 850. 850. 850. 849. 848. 848.
  845. 847. 846. 844. 795. 793. 796. 795. 795. 796. 796. 795. 795. 797.
  798. 798. 797. 795. 797. 794. 796. 797. 796. 795. 797. 797.]
 [577. 649. 651. 667. 664. 676. 671. 671. 674. 677. 553. 518. 533. 526.
  552. 557. 567. 578. 543. 550. 564. 566. 572. 579. 584. 601. 611. 610.
  614. 618. 624. 618. 629. 641. 620. 635. 640. 635. 633. 636.]
 [577. 624. 651. 657. 663. 660. 672. 667. 668. 663. 568. 564. 570. 576.
  588. 590. 601. 605. 593. 591. 594. 608. 611. 599. 624. 613. 618. 619.
  611. 630. 638. 632. 637. 638. 626. 635. 635. 636. 632. 637.]]
##############################
[[224. 266. 289. 292. 300. 301. 298. 299. 303. 300. 261. 261. 282. 286.
  304. 306. 319. 332. 330. 327. 337. 337. 340. 347. 348. 351. 361. 362.
  360. 364. 362. 369. 363. 365. 376. 371. 378. 376. 377. 366.]
 [850. 850. 850. 850. 850. 850. 850. 850. 850. 850. 850. 849. 848. 848.
  845. 847. 846. 844. 845. 793. 796. 795. 795. 796. 796. 795. 795. 797.
  798. 798. 797. 795. 797. 794. 796. 797. 796. 795. 797. 797.]
 [577. 649. 651. 667. 664. 676. 671. 671. 674. 677. 553. 518. 533. 526.
  552. 557. 567. 578. 575. 550. 564. 566. 572. 579. 584. 601. 611. 610.
  614. 618. 624. 618. 629. 641. 620. 635. 640. 635. 633. 636.]
 [577. 624. 651. 657. 663. 660. 672. 667. 668. 663. 568. 564. 570. 576.
  588. 590. 601. 605. 626. 591. 594. 608. 611. 599. 624. 613. 618. 619.
  611. 630. 638. 632. 637. 638. 626. 635. 635. 636. 632. 637.]]
##############################
[[224. 266. 289. 292. 300. 301. 298. 299. 303. 300. 261. 261. 282. 286.
  304. 306. 319. 332. 330. 340. 337. 337. 340. 347. 348. 351. 361. 362.
  360. 364. 362. 369. 363. 365. 376. 371. 378. 376. 377. 366.]
 [850. 850. 850. 850. 850. 850. 850. 850. 850. 850. 850. 849. 848. 848.
  845. 847. 846. 844. 845. 843. 796. 795. 795. 796. 796. 795. 795. 797.
  798. 798. 797. 795. 797. 794. 796. 797. 796. 795. 797. 797.]
 [577. 649. 651. 667. 664. 676. 671. 671. 674. 677. 553. 518. 533. 526.
  552. 557. 567. 578. 575. 583. 564. 566. 572. 579. 584. 601. 611. 610.
  614. 618. 624. 618. 629. 641. 620. 635. 640. 635. 633. 636.]
 [577. 624. 651. 657. 663. 660. 672. 667. 668. 663. 568. 564. 570. 576.
  588. 590. 601. 605. 626. 625. 594. 608. 611. 599. 624. 613. 618. 619.
  611. 630. 638. 632. 637. 638. 626. 635. 635. 636. 632. 637.]]
##############################
[[224. 266. 289. 292. 300. 301. 298. 299. 303. 300. 261. 261. 282. 286.
  304. 306. 319. 332. 330. 340. 350. 337. 340. 347. 348. 351. 361. 362.
  360. 364. 362. 369. 363. 365. 376. 371. 378. 376. 377. 366.]
 [850. 850. 850. 850. 850. 850. 850. 850. 850. 850. 850. 849. 848. 848.
  845. 847. 846. 844. 845. 843. 846. 795. 795. 796. 796. 795. 795. 797.
  798. 798. 797. 795. 797. 794. 796. 797. 796. 795. 797. 797.]
 [577. 649. 651. 667. 664. 676. 671. 671. 674. 677. 553. 518. 533. 526.
  552. 557. 567. 578. 575. 583. 599. 566. 572. 579. 584. 601. 611. 610.
  614. 618. 624. 618. 629. 641. 620. 635. 640. 635. 633. 636.]
 [577. 624. 651. 657. 663. 660. 672. 667. 668. 663. 568. 564. 570. 576.
  588. 590. 601. 605. 626. 625. 631. 608. 611. 599. 624. 613. 618. 619.
  611. 630. 638. 632. 637. 638. 626. 635. 635. 636. 632. 637.]]
##############################
[[224. 266. 289. 292. 300. 301. 298. 299. 303. 300. 261. 261. 282. 286.
  304. 306. 319. 332. 330. 340. 350. 349. 340. 347. 348. 351. 361. 362.
  360. 364. 362. 369. 363. 365. 376. 371. 378. 376. 377. 366.]
 [850. 850. 850. 850. 850. 850. 850. 850. 850. 850. 850. 849. 848. 848.
  845. 847. 846. 844. 845. 843. 846. 845. 795. 796. 796. 795. 795. 797.
  798. 798. 797. 795. 797. 794. 796. 797. 796. 795. 797. 797.]
 [577. 649. 651. 667. 664. 676. 671. 671. 674. 677. 553. 518. 533. 526.
  552. 557. 567. 578. 575. 583. 599. 601. 572. 579. 584. 601. 611. 610.
  614. 618. 624. 618. 629. 641. 620. 635. 640. 635. 633. 636.]
 [577. 624. 651. 657. 663. 660. 672. 667. 668. 663. 568. 564. 570. 576.
  588. 590. 601. 605. 626. 625. 631. 643. 611. 599. 624. 613. 618. 619.
  611. 630. 638. 632. 637. 638. 626. 635. 635. 636. 632. 637.]]
##############################
[[224. 266. 289. 292. 300. 301. 298. 299. 303. 300. 261. 261. 282. 286.
  304. 306. 319. 332. 330. 340. 350. 349. 353. 347. 348. 351. 361. 362.
  360. 364. 362. 369. 363. 365. 376. 371. 378. 376. 377. 366.]
 [850. 850. 850. 850. 850. 850. 850. 850. 850. 850. 850. 849. 848. 848.
  845. 847. 846. 844. 845. 843. 846. 845. 845. 796. 796. 795. 795. 797.
  798. 798. 797. 795. 797. 794. 796. 797. 796. 795. 797. 797.]
 [577. 649. 651. 667. 664. 676. 671. 671. 674. 677. 553. 518. 533. 526.
  552. 557. 567. 578. 575. 583. 599. 601. 607. 579. 584. 601. 611. 610.
  614. 618. 624. 618. 629. 641. 620. 635. 640. 635. 633. 636.]
 [577. 624. 651. 657. 663. 660. 672. 667. 668. 663. 568. 564. 570. 576.
  588. 590. 601. 605. 626. 625. 631. 643. 649. 599. 624. 613. 618. 619.
  611. 630. 638. 632. 637. 638. 626. 635. 635. 636. 632. 637.]]
##############################
[[224. 266. 289. 292. 300. 301. 298. 299. 303. 300. 261. 261. 282. 286.
  304. 306. 319. 332. 330. 340. 350. 349. 353. 363. 348. 351. 361. 362.
  360. 364. 362. 369. 363. 365. 376. 371. 378. 376. 377. 366.]
 [850. 850. 850. 850. 850. 850. 850. 850. 850. 850. 850. 849. 848. 848.
  845. 847. 846. 844. 845. 843. 846. 845. 845. 846. 796. 795. 795. 797.
  798. 798. 797. 795. 797. 794. 796. 797. 796. 795. 797. 797.]
 [577. 649. 651. 667. 664. 676. 671. 671. 674. 677. 553. 518. 533. 526.
  552. 557. 567. 578. 575. 583. 599. 601. 607. 614. 584. 601. 611. 610.
  614. 618. 624. 618. 629. 641. 620. 635. 640. 635. 633. 636.]
 [577. 624. 651. 657. 663. 660. 672. 667. 668. 663. 568. 564. 570. 576.
  588. 590. 601. 605. 626. 625. 631. 643. 649. 637. 624. 613. 618. 619.
  611. 630. 638. 632. 637. 638. 626. 635. 635. 636. 632. 637.]]
##############################
[[224. 266. 289. 292. 300. 301. 298. 299. 303. 300. 261. 261. 282. 286.
  304. 306. 319. 332. 330. 340. 350. 349. 353. 363. 363. 351. 361. 362.
  360. 364. 362. 369. 363. 365. 376. 371. 378. 376. 377. 366.]
 [850. 850. 850. 850. 850. 850. 850. 850. 850. 850. 850. 849. 848. 848.
  845. 847. 846. 844. 845. 843. 846. 845. 845. 846. 846. 795. 795. 797.
  798. 798. 797. 795. 797. 794. 796. 797. 796. 795. 797. 797.]
 [577. 649. 651. 667. 664. 676. 671. 671. 674. 677. 553. 518. 533. 526.
  552. 557. 567. 578. 575. 583. 599. 601. 607. 614. 619. 601. 611. 610.
  614. 618. 624. 618. 629. 641. 620. 635. 640. 635. 633. 636.]
 [577. 624. 651. 657. 663. 660. 672. 667. 668. 663. 568. 564. 570. 576.
  588. 590. 601. 605. 626. 625. 631. 643. 649. 637. 662. 613. 618. 619.
  611. 630. 638. 632. 637. 638. 626. 635. 635. 636. 632. 637.]]
##############################
[[224. 266. 289. 292. 300. 301. 298. 299. 303. 300. 261. 261. 282. 286.
  304. 306. 319. 332. 330. 340. 350. 349. 353. 363. 363. 365. 361. 362.
  360. 364. 362. 369. 363. 365. 376. 371. 378. 376. 377. 366.]
 [850. 850. 850. 850. 850. 850. 850. 850. 850. 850. 850. 849. 848. 848.
  845. 847. 846. 844. 845. 843. 846. 845. 845. 846. 846. 845. 795. 797.
  798. 798. 797. 795. 797. 794. 796. 797. 796. 795. 797. 797.]
 [577. 649. 651. 667. 664. 676. 671. 671. 674. 677. 553. 518. 533. 526.
  552. 557. 567. 578. 575. 583. 599. 601. 607. 614. 619. 637. 611. 610.
  614. 618. 624. 618. 629. 641. 620. 635. 640. 635. 633. 636.]
 [577. 624. 651. 657. 663. 660. 672. 667. 668. 663. 568. 564. 570. 576.
  588. 590. 601. 605. 626. 625. 631. 643. 649. 637. 662. 651. 618. 619.
  611. 630. 638. 632. 637. 638. 626. 635. 635. 636. 632. 637.]]
##############################
[[224. 266. 289. 292. 300. 301. 298. 299. 303. 300. 261. 261. 282. 286.
  304. 306. 319. 332. 330. 340. 350. 349. 353. 363. 363. 365. 376. 362.
  360. 364. 362. 369. 363. 365. 376. 371. 378. 376. 377. 366.]
 [850. 850. 850. 850. 850. 850. 850. 850. 850. 850. 850. 849. 848. 848.
  845. 847. 846. 844. 845. 843. 846. 845. 845. 846. 846. 845. 845. 797.
  798. 798. 797. 795. 797. 794. 796. 797. 796. 795. 797. 797.]
 [577. 649. 651. 667. 664. 676. 671. 671. 674. 677. 553. 518. 533. 526.
  552. 557. 567. 578. 575. 583. 599. 601. 607. 614. 619. 637. 646. 610.
  614. 618. 624. 618. 629. 641. 620. 635. 640. 635. 633. 636.]
 [577. 624. 651. 657. 663. 660. 672. 667. 668. 663. 568. 564. 570. 576.
  588. 590. 601. 605. 626. 625. 631. 643. 649. 637. 662. 651. 656. 619.
  611. 630. 638. 632. 637. 638. 626. 635. 635. 636. 632. 637.]]
##############################
[[224. 266. 289. 292. 300. 301. 298. 299. 303. 300. 261. 261. 282. 286.
  304. 306. 319. 332. 330. 340. 350. 349. 353. 363. 363. 365. 376. 375.
  360. 364. 362. 369. 363. 365. 376. 371. 378. 376. 377. 366.]
 [850. 850. 850. 850. 850. 850. 850. 850. 850. 850. 850. 849. 848. 848.
  845. 847. 846. 844. 845. 843. 846. 845. 845. 846. 846. 845. 845. 847.
  798. 798. 797. 795. 797. 794. 796. 797. 796. 795. 797. 797.]
 [577. 649. 651. 667. 664. 676. 671. 671. 674. 677. 553. 518. 533. 526.
  552. 557. 567. 578. 575. 583. 599. 601. 607. 614. 619. 637. 646. 645.
  614. 618. 624. 618. 629. 641. 620. 635. 640. 635. 633. 636.]
 [577. 624. 651. 657. 663. 660. 672. 667. 668. 663. 568. 564. 570. 576.
  588. 590. 601. 605. 626. 625. 631. 643. 649. 637. 662. 651. 656. 654.
  611. 630. 638. 632. 637. 638. 626. 635. 635. 636. 632. 637.]]
##############################
[[224. 266. 289. 292. 300. 301. 298. 299. 303. 300. 261. 261. 282. 286.
  304. 306. 319. 332. 330. 340. 350. 349. 353. 363. 363. 365. 376. 375.
  373. 364. 362. 369. 363. 365. 376. 371. 378. 376. 377. 366.]
 [850. 850. 850. 850. 850. 850. 850. 850. 850. 850. 850. 849. 848. 848.
  845. 847. 846. 844. 845. 843. 846. 845. 845. 846. 846. 845. 845. 847.
  848. 798. 797. 795. 797. 794. 796. 797. 796. 795. 797. 797.]
 [577. 649. 651. 667. 664. 676. 671. 671. 674. 677. 553. 518. 533. 526.
  552. 557. 567. 578. 575. 583. 599. 601. 607. 614. 619. 637. 646. 645.
  650. 618. 624. 618. 629. 641. 620. 635. 640. 635. 633. 636.]
 [577. 624. 651. 657. 663. 660. 672. 667. 668. 663. 568. 564. 570. 576.
  588. 590. 601. 605. 626. 625. 631. 643. 649. 637. 662. 651. 656. 654.
  645. 630. 638. 632. 637. 638. 626. 635. 635. 636. 632. 637.]]
##############################
[[224. 266. 289. 292. 300. 301. 298. 299. 303. 300. 261. 261. 282. 286.
  304. 306. 319. 332. 330. 340. 350. 349. 353. 363. 363. 365. 376. 375.
  373. 378. 362. 369. 363. 365. 376. 371. 378. 376. 377. 366.]
 [850. 850. 850. 850. 850. 850. 850. 850. 850. 850. 850. 849. 848. 848.
  845. 847. 846. 844. 845. 843. 846. 845. 845. 846. 846. 845. 845. 847.
  848. 848. 797. 795. 797. 794. 796. 797. 796. 795. 797. 797.]
 [577. 649. 651. 667. 664. 676. 671. 671. 674. 677. 553. 518. 533. 526.
  552. 557. 567. 578. 575. 583. 599. 601. 607. 614. 619. 637. 646. 645.
  650. 653. 624. 618. 629. 641. 620. 635. 640. 635. 633. 636.]
 [577. 624. 651. 657. 663. 660. 672. 667. 668. 663. 568. 564. 570. 576.
  588. 590. 601. 605. 626. 625. 631. 643. 649. 637. 662. 651. 656. 654.
  645. 667. 638. 632. 637. 638. 626. 635. 635. 636. 632. 637.]]
##############################
[[224. 266. 289. 292. 300. 301. 298. 299. 303. 300. 261. 261. 282. 286.
  304. 306. 319. 332. 330. 340. 350. 349. 353. 363. 363. 365. 376. 375.
  373. 378. 374. 369. 363. 365. 376. 371. 378. 376. 377. 366.]
 [850. 850. 850. 850. 850. 850. 850. 850. 850. 850. 850. 849. 848. 848.
  845. 847. 846. 844. 845. 843. 846. 845. 845. 846. 846. 845. 845. 847.
  848. 848. 847. 795. 797. 794. 796. 797. 796. 795. 797. 797.]
 [577. 649. 651. 667. 664. 676. 671. 671. 674. 677. 553. 518. 533. 526.
  552. 557. 567. 578. 575. 583. 599. 601. 607. 614. 619. 637. 646. 645.
  650. 653. 661. 618. 629. 641. 620. 635. 640. 635. 633. 636.]
 [577. 624. 651. 657. 663. 660. 672. 667. 668. 663. 568. 564. 570. 576.
  588. 590. 601. 605. 626. 625. 631. 643. 649. 637. 662. 651. 656. 654.
  645. 667. 674. 632. 637. 638. 626. 635. 635. 636. 632. 637.]]
##############################
[[224. 266. 289. 292. 300. 301. 298. 299. 303. 300. 261. 261. 282. 286.
  304. 306. 319. 332. 330. 340. 350. 349. 353. 363. 363. 365. 376. 375.
  373. 378. 374. 386. 363. 365. 376. 371. 378. 376. 377. 366.]
 [850. 850. 850. 850. 850. 850. 850. 850. 850. 850. 850. 849. 848. 848.
  845. 847. 846. 844. 845. 843. 846. 845. 845. 846. 846. 845. 845. 847.
  848. 848. 847. 845. 797. 794. 796. 797. 796. 795. 797. 797.]
 [577. 649. 651. 667. 664. 676. 671. 671. 674. 677. 553. 518. 533. 526.
  552. 557. 567. 578. 575. 583. 599. 601. 607. 614. 619. 637. 646. 645.
  650. 653. 661. 654. 629. 641. 620. 635. 640. 635. 633. 636.]
 [577. 624. 651. 657. 663. 660. 672. 667. 668. 663. 568. 564. 570. 576.
  588. 590. 601. 605. 626. 625. 631. 643. 649. 637. 662. 651. 656. 654.
  645. 667. 674. 667. 637. 638. 626. 635. 635. 636. 632. 637.]]
##############################
[[224. 266. 289. 292. 300. 301. 298. 299. 303. 300. 261. 261. 282. 286.
  304. 306. 319. 332. 330. 340. 350. 349. 353. 363. 363. 365. 376. 375.
  373. 378. 374. 386. 379. 365. 376. 371. 378. 376. 377. 366.]
 [850. 850. 850. 850. 850. 850. 850. 850. 850. 850. 850. 849. 848. 848.
  845. 847. 846. 844. 845. 843. 846. 845. 845. 846. 846. 845. 845. 847.
  848. 848. 847. 845. 847. 794. 796. 797. 796. 795. 797. 797.]
 [577. 649. 651. 667. 664. 676. 671. 671. 674. 677. 553. 518. 533. 526.
  552. 557. 567. 578. 575. 583. 599. 601. 607. 614. 619. 637. 646. 645.
  650. 653. 661. 654. 666. 641. 620. 635. 640. 635. 633. 636.]
 [577. 624. 651. 657. 663. 660. 672. 667. 668. 663. 568. 564. 570. 576.
  588. 590. 601. 605. 626. 625. 631. 643. 649. 637. 662. 651. 656. 654.
  645. 667. 674. 667. 674. 638. 626. 635. 635. 636. 632. 637.]]
##############################
[[224. 266. 289. 292. 300. 301. 298. 299. 303. 300. 261. 261. 282. 286.
  304. 306. 319. 332. 330. 340. 350. 349. 353. 363. 363. 365. 376. 375.
  373. 378. 374. 386. 379. 379. 376. 371. 378. 376. 377. 366.]
 [850. 850. 850. 850. 850. 850. 850. 850. 850. 850. 850. 849. 848. 848.
  845. 847. 846. 844. 845. 843. 846. 845. 845. 846. 846. 845. 845. 847.
  848. 848. 847. 845. 847. 844. 796. 797. 796. 795. 797. 797.]
 [577. 649. 651. 667. 664. 676. 671. 671. 674. 677. 553. 518. 533. 526.
  552. 557. 567. 578. 575. 583. 599. 601. 607. 614. 619. 637. 646. 645.
  650. 653. 661. 654. 666. 678. 620. 635. 640. 635. 633. 636.]
 [577. 624. 651. 657. 663. 660. 672. 667. 668. 663. 568. 564. 570. 576.
  588. 590. 601. 605. 626. 625. 631. 643. 649. 637. 662. 651. 656. 654.
  645. 667. 674. 667. 674. 675. 626. 635. 635. 636. 632. 637.]]
##############################
[[224. 266. 289. 292. 300. 301. 298. 299. 303. 300. 261. 261. 282. 286.
  304. 306. 319. 332. 330. 340. 350. 349. 353. 363. 363. 365. 376. 375.
  373. 378. 374. 386. 379. 379. 393. 371. 378. 376. 377. 366.]
 [850. 850. 850. 850. 850. 850. 850. 850. 850. 850. 850. 849. 848. 848.
  845. 847. 846. 844. 845. 843. 846. 845. 845. 846. 846. 845. 845. 847.
  848. 848. 847. 845. 847. 844. 846. 797. 796. 795. 797. 797.]
 [577. 649. 651. 667. 664. 676. 671. 671. 674. 677. 553. 518. 533. 526.
  552. 557. 567. 578. 575. 583. 599. 601. 607. 614. 619. 637. 646. 645.
  650. 653. 661. 654. 666. 678. 659. 635. 640. 635. 633. 636.]
 [577. 624. 651. 657. 663. 660. 672. 667. 668. 663. 568. 564. 570. 576.
  588. 590. 601. 605. 626. 625. 631. 643. 649. 637. 662. 651. 656. 654.
  645. 667. 674. 667. 674. 675. 663. 635. 635. 636. 632. 637.]]
##############################
[[224. 266. 289. 292. 300. 301. 298. 299. 303. 300. 261. 261. 282. 286.
  304. 306. 319. 332. 330. 340. 350. 349. 353. 363. 363. 365. 376. 375.
  373. 378. 374. 386. 379. 379. 393. 386. 378. 376. 377. 366.]
 [850. 850. 850. 850. 850. 850. 850. 850. 850. 850. 850. 849. 848. 848.
  845. 847. 846. 844. 845. 843. 846. 845. 845. 846. 846. 845. 845. 847.
  848. 848. 847. 845. 847. 844. 846. 847. 796. 795. 797. 797.]
 [577. 649. 651. 667. 664. 676. 671. 671. 674. 677. 553. 518. 533. 526.
  552. 557. 567. 578. 575. 583. 599. 601. 607. 614. 619. 637. 646. 645.
  650. 653. 661. 654. 666. 678. 659. 673. 640. 635. 633. 636.]
 [577. 624. 651. 657. 663. 660. 672. 667. 668. 663. 568. 564. 570. 576.
  588. 590. 601. 605. 626. 625. 631. 643. 649. 637. 662. 651. 656. 654.
  645. 667. 674. 667. 674. 675. 663. 673. 635. 636. 632. 637.]]
##############################
[[224. 266. 289. 292. 300. 301. 298. 299. 303. 300. 261. 261. 282. 286.
  304. 306. 319. 332. 330. 340. 350. 349. 353. 363. 363. 365. 376. 375.
  373. 378. 374. 386. 379. 379. 393. 386. 395. 376. 377. 366.]
 [850. 850. 850. 850. 850. 850. 850. 850. 850. 850. 850. 849. 848. 848.
  845. 847. 846. 844. 845. 843. 846. 845. 845. 846. 846. 845. 845. 847.
  848. 848. 847. 845. 847. 844. 846. 847. 846. 795. 797. 797.]
 [577. 649. 651. 667. 664. 676. 671. 671. 674. 677. 553. 518. 533. 526.
  552. 557. 567. 578. 575. 583. 599. 601. 607. 614. 619. 637. 646. 645.
  650. 653. 661. 654. 666. 678. 659. 673. 680. 635. 633. 636.]
 [577. 624. 651. 657. 663. 660. 672. 667. 668. 663. 568. 564. 570. 576.
  588. 590. 601. 605. 626. 625. 631. 643. 649. 637. 662. 651. 656. 654.
  645. 667. 674. 667. 674. 675. 663. 673. 673. 636. 632. 637.]]
##############################
[[224. 266. 289. 292. 300. 301. 298. 299. 303. 300. 261. 261. 282. 286.
  304. 306. 319. 332. 330. 340. 350. 349. 353. 363. 363. 365. 376. 375.
  373. 378. 374. 386. 379. 379. 393. 386. 395. 391. 377. 366.]
 [850. 850. 850. 850. 850. 850. 850. 850. 850. 850. 850. 849. 848. 848.
  845. 847. 846. 844. 845. 843. 846. 845. 845. 846. 846. 845. 845. 847.
  848. 848. 847. 845. 847. 844. 846. 847. 846. 845. 797. 797.]
 [577. 649. 651. 667. 664. 676. 671. 671. 674. 677. 553. 518. 533. 526.
  552. 557. 567. 578. 575. 583. 599. 601. 607. 614. 619. 637. 646. 645.
  650. 653. 661. 654. 666. 678. 659. 673. 680. 670. 633. 636.]
 [577. 624. 651. 657. 663. 660. 672. 667. 668. 663. 568. 564. 570. 576.
  588. 590. 601. 605. 626. 625. 631. 643. 649. 637. 662. 651. 656. 654.
  645. 667. 674. 667. 674. 675. 663. 673. 673. 671. 632. 637.]]
##############################
[[224. 266. 289. 292. 300. 301. 298. 299. 303. 300. 261. 261. 282. 286.
  304. 306. 319. 332. 330. 340. 350. 349. 353. 363. 363. 365. 376. 375.
  373. 378. 374. 386. 379. 379. 393. 386. 395. 391. 396. 366.]
 [850. 850. 850. 850. 850. 850. 850. 850. 850. 850. 850. 849. 848. 848.
  845. 847. 846. 844. 845. 843. 846. 845. 845. 846. 846. 845. 845. 847.
  848. 848. 847. 845. 847. 844. 846. 847. 846. 845. 847. 797.]
 [577. 649. 651. 667. 664. 676. 671. 671. 674. 677. 553. 518. 533. 526.
  552. 557. 567. 578. 575. 583. 599. 601. 607. 614. 619. 637. 646. 645.
  650. 653. 661. 654. 666. 678. 659. 673. 680. 670. 669. 636.]
 [577. 624. 651. 657. 663. 660. 672. 667. 668. 663. 568. 564. 570. 576.
  588. 590. 601. 605. 626. 625. 631. 643. 649. 637. 662. 651. 656. 654.
  645. 667. 674. 667. 674. 675. 663. 673. 673. 671. 671. 637.]]
##############################
[[224. 266. 289. 292. 300. 301. 298. 299. 303. 300. 261. 261. 282. 286.
  304. 306. 319. 332. 330. 340. 350. 349. 353. 363. 363. 365. 376. 375.
  373. 378. 374. 386. 379. 379. 393. 386. 395. 391. 396. 385.]
 [850. 850. 850. 850. 850. 850. 850. 850. 850. 850. 850. 849. 848. 848.
  845. 847. 846. 844. 845. 843. 846. 845. 845. 846. 846. 845. 845. 847.
  848. 848. 847. 845. 847. 844. 846. 847. 846. 845. 847. 847.]
 [577. 649. 651. 667. 664. 676. 671. 671. 674. 677. 553. 518. 533. 526.
  552. 557. 567. 578. 575. 583. 599. 601. 607. 614. 619. 637. 646. 645.
  650. 653. 661. 654. 666. 678. 659. 673. 680. 670. 669. 674.]
 [577. 624. 651. 657. 663. 660. 672. 667. 668. 663. 568. 564. 570. 576.
  588. 590. 601. 605. 626. 625. 631. 643. 649. 637. 662. 651. 656. 654.
  645. 667. 674. 667. 674. 675. 663. 673. 673. 671. 671. 674.]]
##############################
##################################################
##################################################
starting :18 batch
[[237. 266. 289. 292. 300. 301. 298. 299. 303. 300. 261. 261. 282. 286.
  304. 306. 319. 332. 330. 340. 350. 349. 353. 363. 363. 365. 376. 375.
  373. 378. 374. 386. 379. 379. 393. 386. 395. 391. 396. 385.]
 [900. 850. 850. 850. 850. 850. 850. 850. 850. 850. 850. 849. 848. 848.
  845. 847. 846. 844. 845. 843. 846. 845. 845. 846. 846. 845. 845. 847.
  848. 848. 847. 845. 847. 844. 846. 847. 846. 845. 847. 847.]
 [612. 649. 651. 667. 664. 676. 671. 671. 674. 677. 553. 518. 533. 526.
  552. 557. 567. 578. 575. 583. 599. 601. 607. 614. 619. 637. 646. 645.
  650. 653. 661. 654. 666. 678. 659. 673. 680. 670. 669. 674.]
 [609. 624. 651. 657. 663. 660. 672. 667. 668. 663. 568. 564. 570. 576.
  588. 590. 601. 605. 626. 625. 631. 643. 649. 637. 662. 651. 656. 654.
  645. 667. 674. 667. 674. 675. 663. 673. 673. 671. 671. 674.]]
##############################
[[237. 282. 289. 292. 300. 301. 298. 299. 303. 300. 261. 261. 282. 286.
  304. 306. 319. 332. 330. 340. 350. 349. 353. 363. 363. 365. 376. 375.
  373. 378. 374. 386. 379. 379. 393. 386. 395. 391. 396. 385.]
 [900. 900. 850. 850. 850. 850. 850. 850. 850. 850. 850. 849. 848. 848.
  845. 847. 846. 844. 845. 843. 846. 845. 845. 846. 846. 845. 845. 847.
  848. 848. 847. 845. 847. 844. 846. 847. 846. 845. 847. 847.]
 [612. 686. 651. 667. 664. 676. 671. 671. 674. 677. 553. 518. 533. 526.
  552. 557. 567. 578. 575. 583. 599. 601. 607. 614. 619. 637. 646. 645.
  650. 653. 661. 654. 666. 678. 659. 673. 680. 670. 669. 674.]
 [609. 660. 651. 657. 663. 660. 672. 667. 668. 663. 568. 564. 570. 576.
  588. 590. 601. 605. 626. 625. 631. 643. 649. 637. 662. 651. 656. 654.
  645. 667. 674. 667. 674. 675. 663. 673. 673. 671. 671. 674.]]
##############################
[[237. 282. 303. 292. 300. 301. 298. 299. 303. 300. 261. 261. 282. 286.
  304. 306. 319. 332. 330. 340. 350. 349. 353. 363. 363. 365. 376. 375.
  373. 378. 374. 386. 379. 379. 393. 386. 395. 391. 396. 385.]
 [900. 900. 900. 850. 850. 850. 850. 850. 850. 850. 850. 849. 848. 848.
  845. 847. 846. 844. 845. 843. 846. 845. 845. 846. 846. 845. 845. 847.
  848. 848. 847. 845. 847. 844. 846. 847. 846. 845. 847. 847.]
 [612. 686. 690. 667. 664. 676. 671. 671. 674. 677. 553. 518. 533. 526.
  552. 557. 567. 578. 575. 583. 599. 601. 607. 614. 619. 637. 646. 645.
  650. 653. 661. 654. 666. 678. 659. 673. 680. 670. 669. 674.]
 [609. 660. 692. 657. 663. 660. 672. 667. 668. 663. 568. 564. 570. 576.
  588. 590. 601. 605. 626. 625. 631. 643. 649. 637. 662. 651. 656. 654.
  645. 667. 674. 667. 674. 675. 663. 673. 673. 671. 671. 674.]]
##############################
[[237. 282. 303. 311. 300. 301. 298. 299. 303. 300. 261. 261. 282. 286.
  304. 306. 319. 332. 330. 340. 350. 349. 353. 363. 363. 365. 376. 375.
  373. 378. 374. 386. 379. 379. 393. 386. 395. 391. 396. 385.]
 [900. 900. 900. 900. 850. 850. 850. 850. 850. 850. 850. 849. 848. 848.
  845. 847. 846. 844. 845. 843. 846. 845. 845. 846. 846. 845. 845. 847.
  848. 848. 847. 845. 847. 844. 846. 847. 846. 845. 847. 847.]
 [612. 686. 690. 706. 664. 676. 671. 671. 674. 677. 553. 518. 533. 526.
  552. 557. 567. 578. 575. 583. 599. 601. 607. 614. 619. 637. 646. 645.
  650. 653. 661. 654. 666. 678. 659. 673. 680. 670. 669. 674.]
 [609. 660. 692. 698. 663. 660. 672. 667. 668. 663. 568. 564. 570. 576.
  588. 590. 601. 605. 626. 625. 631. 643. 649. 637. 662. 651. 656. 654.
  645. 667. 674. 667. 674. 675. 663. 673. 673. 671. 671. 674.]]
##############################
[[237. 282. 303. 311. 318. 301. 298. 299. 303. 300. 261. 261. 282. 286.
  304. 306. 319. 332. 330. 340. 350. 349. 353. 363. 363. 365. 376. 375.
  373. 378. 374. 386. 379. 379. 393. 386. 395. 391. 396. 385.]
 [900. 900. 900. 900. 900. 850. 850. 850. 850. 850. 850. 849. 848. 848.
  845. 847. 846. 844. 845. 843. 846. 845. 845. 846. 846. 845. 845. 847.
  848. 848. 847. 845. 847. 844. 846. 847. 846. 845. 847. 847.]
 [612. 686. 690. 706. 704. 676. 671. 671. 674. 677. 553. 518. 533. 526.
  552. 557. 567. 578. 575. 583. 599. 601. 607. 614. 619. 637. 646. 645.
  650. 653. 661. 654. 666. 678. 659. 673. 680. 670. 669. 674.]
 [609. 660. 692. 698. 704. 660. 672. 667. 668. 663. 568. 564. 570. 576.
  588. 590. 601. 605. 626. 625. 631. 643. 649. 637. 662. 651. 656. 654.
  645. 667. 674. 667. 674. 675. 663. 673. 673. 671. 671. 674.]]
##############################
[[237. 282. 303. 311. 318. 317. 298. 299. 303. 300. 261. 261. 282. 286.
  304. 306. 319. 332. 330. 340. 350. 349. 353. 363. 363. 365. 376. 375.
  373. 378. 374. 386. 379. 379. 393. 386. 395. 391. 396. 385.]
 [900. 900. 900. 900. 900. 900. 850. 850. 850. 850. 850. 849. 848. 848.
  845. 847. 846. 844. 845. 843. 846. 845. 845. 846. 846. 845. 845. 847.
  848. 848. 847. 845. 847. 844. 846. 847. 846. 845. 847. 847.]
 [612. 686. 690. 706. 704. 716. 671. 671. 674. 677. 553. 518. 533. 526.
  552. 557. 567. 578. 575. 583. 599. 601. 607. 614. 619. 637. 646. 645.
  650. 653. 661. 654. 666. 678. 659. 673. 680. 670. 669. 674.]
 [609. 660. 692. 698. 704. 700. 672. 667. 668. 663. 568. 564. 570. 576.
  588. 590. 601. 605. 626. 625. 631. 643. 649. 637. 662. 651. 656. 654.
  645. 667. 674. 667. 674. 675. 663. 673. 673. 671. 671. 674.]]
##############################
[[237. 282. 303. 311. 318. 317. 314. 299. 303. 300. 261. 261. 282. 286.
  304. 306. 319. 332. 330. 340. 350. 349. 353. 363. 363. 365. 376. 375.
  373. 378. 374. 386. 379. 379. 393. 386. 395. 391. 396. 385.]
 [900. 900. 900. 900. 900. 900. 900. 850. 850. 850. 850. 849. 848. 848.
  845. 847. 846. 844. 845. 843. 846. 845. 845. 846. 846. 845. 845. 847.
  848. 848. 847. 845. 847. 844. 846. 847. 846. 845. 847. 847.]
 [612. 686. 690. 706. 704. 716. 711. 671. 674. 677. 553. 518. 533. 526.
  552. 557. 567. 578. 575. 583. 599. 601. 607. 614. 619. 637. 646. 645.
  650. 653. 661. 654. 666. 678. 659. 673. 680. 670. 669. 674.]
 [609. 660. 692. 698. 704. 700. 713. 667. 668. 663. 568. 564. 570. 576.
  588. 590. 601. 605. 626. 625. 631. 643. 649. 637. 662. 651. 656. 654.
  645. 667. 674. 667. 674. 675. 663. 673. 673. 671. 671. 674.]]
##############################
[[237. 282. 303. 311. 318. 317. 314. 316. 303. 300. 261. 261. 282. 286.
  304. 306. 319. 332. 330. 340. 350. 349. 353. 363. 363. 365. 376. 375.
  373. 378. 374. 386. 379. 379. 393. 386. 395. 391. 396. 385.]
 [900. 900. 900. 900. 900. 900. 900. 900. 850. 850. 850. 849. 848. 848.
  845. 847. 846. 844. 845. 843. 846. 845. 845. 846. 846. 845. 845. 847.
  848. 848. 847. 845. 847. 844. 846. 847. 846. 845. 847. 847.]
 [612. 686. 690. 706. 704. 716. 711. 712. 674. 677. 553. 518. 533. 526.
  552. 557. 567. 578. 575. 583. 599. 601. 607. 614. 619. 637. 646. 645.
  650. 653. 661. 654. 666. 678. 659. 673. 680. 670. 669. 674.]
 [609. 660. 692. 698. 704. 700. 713. 707. 668. 663. 568. 564. 570. 576.
  588. 590. 601. 605. 626. 625. 631. 643. 649. 637. 662. 651. 656. 654.
  645. 667. 674. 667. 674. 675. 663. 673. 673. 671. 671. 674.]]
##############################
[[237. 282. 303. 311. 318. 317. 314. 316. 322. 300. 261. 261. 282. 286.
  304. 306. 319. 332. 330. 340. 350. 349. 353. 363. 363. 365. 376. 375.
  373. 378. 374. 386. 379. 379. 393. 386. 395. 391. 396. 385.]
 [900. 900. 900. 900. 900. 900. 900. 900. 900. 850. 850. 849. 848. 848.
  845. 847. 846. 844. 845. 843. 846. 845. 845. 846. 846. 845. 845. 847.
  848. 848. 847. 845. 847. 844. 846. 847. 846. 845. 847. 847.]
 [612. 686. 690. 706. 704. 716. 711. 712. 714. 677. 553. 518. 533. 526.
  552. 557. 567. 578. 575. 583. 599. 601. 607. 614. 619. 637. 646. 645.
  650. 653. 661. 654. 666. 678. 659. 673. 680. 670. 669. 674.]
 [609. 660. 692. 698. 704. 700. 713. 707. 709. 663. 568. 564. 570. 576.
  588. 590. 601. 605. 626. 625. 631. 643. 649. 637. 662. 651. 656. 654.
  645. 667. 674. 667. 674. 675. 663. 673. 673. 671. 671. 674.]]
##############################
[[237. 282. 303. 311. 318. 317. 314. 316. 322. 317. 261. 261. 282. 286.
  304. 306. 319. 332. 330. 340. 350. 349. 353. 363. 363. 365. 376. 375.
  373. 378. 374. 386. 379. 379. 393. 386. 395. 391. 396. 385.]
 [900. 900. 900. 900. 900. 900. 900. 900. 900. 900. 850. 849. 848. 848.
  845. 847. 846. 844. 845. 843. 846. 845. 845. 846. 846. 845. 845. 847.
  848. 848. 847. 845. 847. 844. 846. 847. 846. 845. 847. 847.]
 [612. 686. 690. 706. 704. 716. 711. 712. 714. 716. 553. 518. 533. 526.
  552. 557. 567. 578. 575. 583. 599. 601. 607. 614. 619. 637. 646. 645.
  650. 653. 661. 654. 666. 678. 659. 673. 680. 670. 669. 674.]
 [609. 660. 692. 698. 704. 700. 713. 707. 709. 704. 568. 564. 570. 576.
  588. 590. 601. 605. 626. 625. 631. 643. 649. 637. 662. 651. 656. 654.
  645. 667. 674. 667. 674. 675. 663. 673. 673. 671. 671. 674.]]
##############################
[[237. 282. 303. 311. 318. 317. 314. 316. 322. 317. 273. 261. 282. 286.
  304. 306. 319. 332. 330. 340. 350. 349. 353. 363. 363. 365. 376. 375.
  373. 378. 374. 386. 379. 379. 393. 386. 395. 391. 396. 385.]
 [900. 900. 900. 900. 900. 900. 900. 900. 900. 900. 900. 849. 848. 848.
  845. 847. 846. 844. 845. 843. 846. 845. 845. 846. 846. 845. 845. 847.
  848. 848. 847. 845. 847. 844. 846. 847. 846. 845. 847. 847.]
 [612. 686. 690. 706. 704. 716. 711. 712. 714. 716. 587. 518. 533. 526.
  552. 557. 567. 578. 575. 583. 599. 601. 607. 614. 619. 637. 646. 645.
  650. 653. 661. 654. 666. 678. 659. 673. 680. 670. 669. 674.]
 [609. 660. 692. 698. 704. 700. 713. 707. 709. 704. 603. 564. 570. 576.
  588. 590. 601. 605. 626. 625. 631. 643. 649. 637. 662. 651. 656. 654.
  645. 667. 674. 667. 674. 675. 663. 673. 673. 671. 671. 674.]]
##############################
[[237. 282. 303. 311. 318. 317. 314. 316. 322. 317. 273. 276. 282. 286.
  304. 306. 319. 332. 330. 340. 350. 349. 353. 363. 363. 365. 376. 375.
  373. 378. 374. 386. 379. 379. 393. 386. 395. 391. 396. 385.]
 [900. 900. 900. 900. 900. 900. 900. 900. 900. 900. 900. 899. 848. 848.
  845. 847. 846. 844. 845. 843. 846. 845. 845. 846. 846. 845. 845. 847.
  848. 848. 847. 845. 847. 844. 846. 847. 846. 845. 847. 847.]
 [612. 686. 690. 706. 704. 716. 711. 712. 714. 716. 587. 548. 533. 526.
  552. 557. 567. 578. 575. 583. 599. 601. 607. 614. 619. 637. 646. 645.
  650. 653. 661. 654. 666. 678. 659. 673. 680. 670. 669. 674.]
 [609. 660. 692. 698. 704. 700. 713. 707. 709. 704. 603. 600. 570. 576.
  588. 590. 601. 605. 626. 625. 631. 643. 649. 637. 662. 651. 656. 654.
  645. 667. 674. 667. 674. 675. 663. 673. 673. 671. 671. 674.]]
##############################
[[237. 282. 303. 311. 318. 317. 314. 316. 322. 317. 273. 276. 296. 286.
  304. 306. 319. 332. 330. 340. 350. 349. 353. 363. 363. 365. 376. 375.
  373. 378. 374. 386. 379. 379. 393. 386. 395. 391. 396. 385.]
 [900. 900. 900. 900. 900. 900. 900. 900. 900. 900. 900. 899. 898. 848.
  845. 847. 846. 844. 845. 843. 846. 845. 845. 846. 846. 845. 845. 847.
  848. 848. 847. 845. 847. 844. 846. 847. 846. 845. 847. 847.]
 [612. 686. 690. 706. 704. 716. 711. 712. 714. 716. 587. 548. 565. 526.
  552. 557. 567. 578. 575. 583. 599. 601. 607. 614. 619. 637. 646. 645.
  650. 653. 661. 654. 666. 678. 659. 673. 680. 670. 669. 674.]
 [609. 660. 692. 698. 704. 700. 713. 707. 709. 704. 603. 600. 605. 576.
  588. 590. 601. 605. 626. 625. 631. 643. 649. 637. 662. 651. 656. 654.
  645. 667. 674. 667. 674. 675. 663. 673. 673. 671. 671. 674.]]
##############################
[[237. 282. 303. 311. 318. 317. 314. 316. 322. 317. 273. 276. 296. 298.
  304. 306. 319. 332. 330. 340. 350. 349. 353. 363. 363. 365. 376. 375.
  373. 378. 374. 386. 379. 379. 393. 386. 395. 391. 396. 385.]
 [900. 900. 900. 900. 900. 900. 900. 900. 900. 900. 900. 899. 898. 898.
  845. 847. 846. 844. 845. 843. 846. 845. 845. 846. 846. 845. 845. 847.
  848. 848. 847. 845. 847. 844. 846. 847. 846. 845. 847. 847.]
 [612. 686. 690. 706. 704. 716. 711. 712. 714. 716. 587. 548. 565. 561.
  552. 557. 567. 578. 575. 583. 599. 601. 607. 614. 619. 637. 646. 645.
  650. 653. 661. 654. 666. 678. 659. 673. 680. 670. 669. 674.]
 [609. 660. 692. 698. 704. 700. 713. 707. 709. 704. 603. 600. 605. 611.
  588. 590. 601. 605. 626. 625. 631. 643. 649. 637. 662. 651. 656. 654.
  645. 667. 674. 667. 674. 675. 663. 673. 673. 671. 671. 674.]]
##############################
[[237. 282. 303. 311. 318. 317. 314. 316. 322. 317. 273. 276. 296. 298.
  320. 306. 319. 332. 330. 340. 350. 349. 353. 363. 363. 365. 376. 375.
  373. 378. 374. 386. 379. 379. 393. 386. 395. 391. 396. 385.]
 [900. 900. 900. 900. 900. 900. 900. 900. 900. 900. 900. 899. 898. 898.
  895. 847. 846. 844. 845. 843. 846. 845. 845. 846. 846. 845. 845. 847.
  848. 848. 847. 845. 847. 844. 846. 847. 846. 845. 847. 847.]
 [612. 686. 690. 706. 704. 716. 711. 712. 714. 716. 587. 548. 565. 561.
  586. 557. 567. 578. 575. 583. 599. 601. 607. 614. 619. 637. 646. 645.
  650. 653. 661. 654. 666. 678. 659. 673. 680. 670. 669. 674.]
 [609. 660. 692. 698. 704. 700. 713. 707. 709. 704. 603. 600. 605. 611.
  623. 590. 601. 605. 626. 625. 631. 643. 649. 637. 662. 651. 656. 654.
  645. 667. 674. 667. 674. 675. 663. 673. 673. 671. 671. 674.]]
##############################
[[237. 282. 303. 311. 318. 317. 314. 316. 322. 317. 273. 276. 296. 298.
  320. 322. 319. 332. 330. 340. 350. 349. 353. 363. 363. 365. 376. 375.
  373. 378. 374. 386. 379. 379. 393. 386. 395. 391. 396. 385.]
 [900. 900. 900. 900. 900. 900. 900. 900. 900. 900. 900. 899. 898. 898.
  895. 897. 846. 844. 845. 843. 846. 845. 845. 846. 846. 845. 845. 847.
  848. 848. 847. 845. 847. 844. 846. 847. 846. 845. 847. 847.]
 [612. 686. 690. 706. 704. 716. 711. 712. 714. 716. 587. 548. 565. 561.
  586. 593. 567. 578. 575. 583. 599. 601. 607. 614. 619. 637. 646. 645.
  650. 653. 661. 654. 666. 678. 659. 673. 680. 670. 669. 674.]
 [609. 660. 692. 698. 704. 700. 713. 707. 709. 704. 603. 600. 605. 611.
  623. 627. 601. 605. 626. 625. 631. 643. 649. 637. 662. 651. 656. 654.
  645. 667. 674. 667. 674. 675. 663. 673. 673. 671. 671. 674.]]
##############################
[[237. 282. 303. 311. 318. 317. 314. 316. 322. 317. 273. 276. 296. 298.
  320. 322. 336. 332. 330. 340. 350. 349. 353. 363. 363. 365. 376. 375.
  373. 378. 374. 386. 379. 379. 393. 386. 395. 391. 396. 385.]
 [900. 900. 900. 900. 900. 900. 900. 900. 900. 900. 900. 899. 898. 898.
  895. 897. 896. 844. 845. 843. 846. 845. 845. 846. 846. 845. 845. 847.
  848. 848. 847. 845. 847. 844. 846. 847. 846. 845. 847. 847.]
 [612. 686. 690. 706. 704. 716. 711. 712. 714. 716. 587. 548. 565. 561.
  586. 593. 604. 578. 575. 583. 599. 601. 607. 614. 619. 637. 646. 645.
  650. 653. 661. 654. 666. 678. 659. 673. 680. 670. 669. 674.]
 [609. 660. 692. 698. 704. 700. 713. 707. 709. 704. 603. 600. 605. 611.
  623. 627. 637. 605. 626. 625. 631. 643. 649. 637. 662. 651. 656. 654.
  645. 667. 674. 667. 674. 675. 663. 673. 673. 671. 671. 674.]]
##############################
[[237. 282. 303. 311. 318. 317. 314. 316. 322. 317. 273. 276. 296. 298.
  320. 322. 336. 350. 330. 340. 350. 349. 353. 363. 363. 365. 376. 375.
  373. 378. 374. 386. 379. 379. 393. 386. 395. 391. 396. 385.]
 [900. 900. 900. 900. 900. 900. 900. 900. 900. 900. 900. 899. 898. 898.
  895. 897. 896. 894. 845. 843. 846. 845. 845. 846. 846. 845. 845. 847.
  848. 848. 847. 845. 847. 844. 846. 847. 846. 845. 847. 847.]
 [612. 686. 690. 706. 704. 716. 711. 712. 714. 716. 587. 548. 565. 561.
  586. 593. 604. 615. 575. 583. 599. 601. 607. 614. 619. 637. 646. 645.
  650. 653. 661. 654. 666. 678. 659. 673. 680. 670. 669. 674.]
 [609. 660. 692. 698. 704. 700. 713. 707. 709. 704. 603. 600. 605. 611.
  623. 627. 637. 642. 626. 625. 631. 643. 649. 637. 662. 651. 656. 654.
  645. 667. 674. 667. 674. 675. 663. 673. 673. 671. 671. 674.]]
##############################
[[237. 282. 303. 311. 318. 317. 314. 316. 322. 317. 273. 276. 296. 298.
  320. 322. 336. 350. 349. 340. 350. 349. 353. 363. 363. 365. 376. 375.
  373. 378. 374. 386. 379. 379. 393. 386. 395. 391. 396. 385.]
 [900. 900. 900. 900. 900. 900. 900. 900. 900. 900. 900. 899. 898. 898.
  895. 897. 896. 894. 895. 843. 846. 845. 845. 846. 846. 845. 845. 847.
  848. 848. 847. 845. 847. 844. 846. 847. 846. 845. 847. 847.]
 [612. 686. 690. 706. 704. 716. 711. 712. 714. 716. 587. 548. 565. 561.
  586. 593. 604. 615. 612. 583. 599. 601. 607. 614. 619. 637. 646. 645.
  650. 653. 661. 654. 666. 678. 659. 673. 680. 670. 669. 674.]
 [609. 660. 692. 698. 704. 700. 713. 707. 709. 704. 603. 600. 605. 611.
  623. 627. 637. 642. 662. 625. 631. 643. 649. 637. 662. 651. 656. 654.
  645. 667. 674. 667. 674. 675. 663. 673. 673. 671. 671. 674.]]
##############################
[[237. 282. 303. 311. 318. 317. 314. 316. 322. 317. 273. 276. 296. 298.
  320. 322. 336. 350. 349. 360. 350. 349. 353. 363. 363. 365. 376. 375.
  373. 378. 374. 386. 379. 379. 393. 386. 395. 391. 396. 385.]
 [900. 900. 900. 900. 900. 900. 900. 900. 900. 900. 900. 899. 898. 898.
  895. 897. 896. 894. 895. 893. 846. 845. 845. 846. 846. 845. 845. 847.
  848. 848. 847. 845. 847. 844. 846. 847. 846. 845. 847. 847.]
 [612. 686. 690. 706. 704. 716. 711. 712. 714. 716. 587. 548. 565. 561.
  586. 593. 604. 615. 612. 619. 599. 601. 607. 614. 619. 637. 646. 645.
  650. 653. 661. 654. 666. 678. 659. 673. 680. 670. 669. 674.]
 [609. 660. 692. 698. 704. 700. 713. 707. 709. 704. 603. 600. 605. 611.
  623. 627. 637. 642. 662. 663. 631. 643. 649. 637. 662. 651. 656. 654.
  645. 667. 674. 667. 674. 675. 663. 673. 673. 671. 671. 674.]]
##############################
[[237. 282. 303. 311. 318. 317. 314. 316. 322. 317. 273. 276. 296. 298.
  320. 322. 336. 350. 349. 360. 369. 349. 353. 363. 363. 365. 376. 375.
  373. 378. 374. 386. 379. 379. 393. 386. 395. 391. 396. 385.]
 [900. 900. 900. 900. 900. 900. 900. 900. 900. 900. 900. 899. 898. 898.
  895. 897. 896. 894. 895. 893. 896. 845. 845. 846. 846. 845. 845. 847.
  848. 848. 847. 845. 847. 844. 846. 847. 846. 845. 847. 847.]
 [612. 686. 690. 706. 704. 716. 711. 712. 714. 716. 587. 548. 565. 561.
  586. 593. 604. 615. 612. 619. 636. 601. 607. 614. 619. 637. 646. 645.
  650. 653. 661. 654. 666. 678. 659. 673. 680. 670. 669. 674.]
 [609. 660. 692. 698. 704. 700. 713. 707. 709. 704. 603. 600. 605. 611.
  623. 627. 637. 642. 662. 663. 669. 643. 649. 637. 662. 651. 656. 654.
  645. 667. 674. 667. 674. 675. 663. 673. 673. 671. 671. 674.]]
##############################
[[237. 282. 303. 311. 318. 317. 314. 316. 322. 317. 273. 276. 296. 298.
  320. 322. 336. 350. 349. 360. 369. 370. 353. 363. 363. 365. 376. 375.
  373. 378. 374. 386. 379. 379. 393. 386. 395. 391. 396. 385.]
 [900. 900. 900. 900. 900. 900. 900. 900. 900. 900. 900. 899. 898. 898.
  895. 897. 896. 894. 895. 893. 896. 895. 845. 846. 846. 845. 845. 847.
  848. 848. 847. 845. 847. 844. 846. 847. 846. 845. 847. 847.]
 [612. 686. 690. 706. 704. 716. 711. 712. 714. 716. 587. 548. 565. 561.
  586. 593. 604. 615. 612. 619. 636. 639. 607. 614. 619. 637. 646. 645.
  650. 653. 661. 654. 666. 678. 659. 673. 680. 670. 669. 674.]
 [609. 660. 692. 698. 704. 700. 713. 707. 709. 704. 603. 600. 605. 611.
  623. 627. 637. 642. 662. 663. 669. 681. 649. 637. 662. 651. 656. 654.
  645. 667. 674. 667. 674. 675. 663. 673. 673. 671. 671. 674.]]
##############################
[[237. 282. 303. 311. 318. 317. 314. 316. 322. 317. 273. 276. 296. 298.
  320. 322. 336. 350. 349. 360. 369. 370. 372. 363. 363. 365. 376. 375.
  373. 378. 374. 386. 379. 379. 393. 386. 395. 391. 396. 385.]
 [900. 900. 900. 900. 900. 900. 900. 900. 900. 900. 900. 899. 898. 898.
  895. 897. 896. 894. 895. 893. 896. 895. 895. 846. 846. 845. 845. 847.
  848. 848. 847. 845. 847. 844. 846. 847. 846. 845. 847. 847.]
 [612. 686. 690. 706. 704. 716. 711. 712. 714. 716. 587. 548. 565. 561.
  586. 593. 604. 615. 612. 619. 636. 639. 647. 614. 619. 637. 646. 645.
  650. 653. 661. 654. 666. 678. 659. 673. 680. 670. 669. 674.]
 [609. 660. 692. 698. 704. 700. 713. 707. 709. 704. 603. 600. 605. 611.
  623. 627. 637. 642. 662. 663. 669. 681. 685. 637. 662. 651. 656. 654.
  645. 667. 674. 667. 674. 675. 663. 673. 673. 671. 671. 674.]]
##############################
[[237. 282. 303. 311. 318. 317. 314. 316. 322. 317. 273. 276. 296. 298.
  320. 322. 336. 350. 349. 360. 369. 370. 372. 381. 363. 365. 376. 375.
  373. 378. 374. 386. 379. 379. 393. 386. 395. 391. 396. 385.]
 [900. 900. 900. 900. 900. 900. 900. 900. 900. 900. 900. 899. 898. 898.
  895. 897. 896. 894. 895. 893. 896. 895. 895. 896. 846. 845. 845. 847.
  848. 848. 847. 845. 847. 844. 846. 847. 846. 845. 847. 847.]
 [612. 686. 690. 706. 704. 716. 711. 712. 714. 716. 587. 548. 565. 561.
  586. 593. 604. 615. 612. 619. 636. 639. 647. 655. 619. 637. 646. 645.
  650. 653. 661. 654. 666. 678. 659. 673. 680. 670. 669. 674.]
 [609. 660. 692. 698. 704. 700. 713. 707. 709. 704. 603. 600. 605. 611.
  623. 627. 637. 642. 662. 663. 669. 681. 685. 676. 662. 651. 656. 654.
  645. 667. 674. 667. 674. 675. 663. 673. 673. 671. 671. 674.]]
##############################
[[237. 282. 303. 311. 318. 317. 314. 316. 322. 317. 273. 276. 296. 298.
  320. 322. 336. 350. 349. 360. 369. 370. 372. 381. 381. 365. 376. 375.
  373. 378. 374. 386. 379. 379. 393. 386. 395. 391. 396. 385.]
 [900. 900. 900. 900. 900. 900. 900. 900. 900. 900. 900. 899. 898. 898.
  895. 897. 896. 894. 895. 893. 896. 895. 895. 896. 896. 845. 845. 847.
  848. 848. 847. 845. 847. 844. 846. 847. 846. 845. 847. 847.]
 [612. 686. 690. 706. 704. 716. 711. 712. 714. 716. 587. 548. 565. 561.
  586. 593. 604. 615. 612. 619. 636. 639. 647. 655. 656. 637. 646. 645.
  650. 653. 661. 654. 666. 678. 659. 673. 680. 670. 669. 674.]
 [609. 660. 692. 698. 704. 700. 713. 707. 709. 704. 603. 600. 605. 611.
  623. 627. 637. 642. 662. 663. 669. 681. 685. 676. 701. 651. 656. 654.
  645. 667. 674. 667. 674. 675. 663. 673. 673. 671. 671. 674.]]
##############################
[[237. 282. 303. 311. 318. 317. 314. 316. 322. 317. 273. 276. 296. 298.
  320. 322. 336. 350. 349. 360. 369. 370. 372. 381. 381. 387. 376. 375.
  373. 378. 374. 386. 379. 379. 393. 386. 395. 391. 396. 385.]
 [900. 900. 900. 900. 900. 900. 900. 900. 900. 900. 900. 899. 898. 898.
  895. 897. 896. 894. 895. 893. 896. 895. 895. 896. 896. 895. 845. 847.
  848. 848. 847. 845. 847. 844. 846. 847. 846. 845. 847. 847.]
 [612. 686. 690. 706. 704. 716. 711. 712. 714. 716. 587. 548. 565. 561.
  586. 593. 604. 615. 612. 619. 636. 639. 647. 655. 656. 676. 646. 645.
  650. 653. 661. 654. 666. 678. 659. 673. 680. 670. 669. 674.]
 [609. 660. 692. 698. 704. 700. 713. 707. 709. 704. 603. 600. 605. 611.
  623. 627. 637. 642. 662. 663. 669. 681. 685. 676. 701. 691. 656. 654.
  645. 667. 674. 667. 674. 675. 663. 673. 673. 671. 671. 674.]]
##############################
[[237. 282. 303. 311. 318. 317. 314. 316. 322. 317. 273. 276. 296. 298.
  320. 322. 336. 350. 349. 360. 369. 370. 372. 381. 381. 387. 396. 375.
  373. 378. 374. 386. 379. 379. 393. 386. 395. 391. 396. 385.]
 [900. 900. 900. 900. 900. 900. 900. 900. 900. 900. 900. 899. 898. 898.
  895. 897. 896. 894. 895. 893. 896. 895. 895. 896. 896. 895. 895. 847.
  848. 848. 847. 845. 847. 844. 846. 847. 846. 845. 847. 847.]
 [612. 686. 690. 706. 704. 716. 711. 712. 714. 716. 587. 548. 565. 561.
  586. 593. 604. 615. 612. 619. 636. 639. 647. 655. 656. 676. 685. 645.
  650. 653. 661. 654. 666. 678. 659. 673. 680. 670. 669. 674.]
 [609. 660. 692. 698. 704. 700. 713. 707. 709. 704. 603. 600. 605. 611.
  623. 627. 637. 642. 662. 663. 669. 681. 685. 676. 701. 691. 698. 654.
  645. 667. 674. 667. 674. 675. 663. 673. 673. 671. 671. 674.]]
##############################
[[237. 282. 303. 311. 318. 317. 314. 316. 322. 317. 273. 276. 296. 298.
  320. 322. 336. 350. 349. 360. 369. 370. 372. 381. 381. 387. 396. 396.
  373. 378. 374. 386. 379. 379. 393. 386. 395. 391. 396. 385.]
 [900. 900. 900. 900. 900. 900. 900. 900. 900. 900. 900. 899. 898. 898.
  895. 897. 896. 894. 895. 893. 896. 895. 895. 896. 896. 895. 895. 897.
  848. 848. 847. 845. 847. 844. 846. 847. 846. 845. 847. 847.]
 [612. 686. 690. 706. 704. 716. 711. 712. 714. 716. 587. 548. 565. 561.
  586. 593. 604. 615. 612. 619. 636. 639. 647. 655. 656. 676. 685. 685.
  650. 653. 661. 654. 666. 678. 659. 673. 680. 670. 669. 674.]
 [609. 660. 692. 698. 704. 700. 713. 707. 709. 704. 603. 600. 605. 611.
  623. 627. 637. 642. 662. 663. 669. 681. 685. 676. 701. 691. 698. 695.
  645. 667. 674. 667. 674. 675. 663. 673. 673. 671. 671. 674.]]
##############################
[[237. 282. 303. 311. 318. 317. 314. 316. 322. 317. 273. 276. 296. 298.
  320. 322. 336. 350. 349. 360. 369. 370. 372. 381. 381. 387. 396. 396.
  392. 378. 374. 386. 379. 379. 393. 386. 395. 391. 396. 385.]
 [900. 900. 900. 900. 900. 900. 900. 900. 900. 900. 900. 899. 898. 898.
  895. 897. 896. 894. 895. 893. 896. 895. 895. 896. 896. 895. 895. 897.
  898. 848. 847. 845. 847. 844. 846. 847. 846. 845. 847. 847.]
 [612. 686. 690. 706. 704. 716. 711. 712. 714. 716. 587. 548. 565. 561.
  586. 593. 604. 615. 612. 619. 636. 639. 647. 655. 656. 676. 685. 685.
  693. 653. 661. 654. 666. 678. 659. 673. 680. 670. 669. 674.]
 [609. 660. 692. 698. 704. 700. 713. 707. 709. 704. 603. 600. 605. 611.
  623. 627. 637. 642. 662. 663. 669. 681. 685. 676. 701. 691. 698. 695.
  686. 667. 674. 667. 674. 675. 663. 673. 673. 671. 671. 674.]]
##############################
[[237. 282. 303. 311. 318. 317. 314. 316. 322. 317. 273. 276. 296. 298.
  320. 322. 336. 350. 349. 360. 369. 370. 372. 381. 381. 387. 396. 396.
  392. 399. 374. 386. 379. 379. 393. 386. 395. 391. 396. 385.]
 [900. 900. 900. 900. 900. 900. 900. 900. 900. 900. 900. 899. 898. 898.
  895. 897. 896. 894. 895. 893. 896. 895. 895. 896. 896. 895. 895. 897.
  898. 898. 847. 845. 847. 844. 846. 847. 846. 845. 847. 847.]
 [612. 686. 690. 706. 704. 716. 711. 712. 714. 716. 587. 548. 565. 561.
  586. 593. 604. 615. 612. 619. 636. 639. 647. 655. 656. 676. 685. 685.
  693. 694. 661. 654. 666. 678. 659. 673. 680. 670. 669. 674.]
 [609. 660. 692. 698. 704. 700. 713. 707. 709. 704. 603. 600. 605. 611.
  623. 627. 637. 642. 662. 663. 669. 681. 685. 676. 701. 691. 698. 695.
  686. 708. 674. 667. 674. 675. 663. 673. 673. 671. 671. 674.]]
##############################
[[237. 282. 303. 311. 318. 317. 314. 316. 322. 317. 273. 276. 296. 298.
  320. 322. 336. 350. 349. 360. 369. 370. 372. 381. 381. 387. 396. 396.
  392. 399. 396. 386. 379. 379. 393. 386. 395. 391. 396. 385.]
 [900. 900. 900. 900. 900. 900. 900. 900. 900. 900. 900. 899. 898. 898.
  895. 897. 896. 894. 895. 893. 896. 895. 895. 896. 896. 895. 895. 897.
  898. 898. 897. 845. 847. 844. 846. 847. 846. 845. 847. 847.]
 [612. 686. 690. 706. 704. 716. 711. 712. 714. 716. 587. 548. 565. 561.
  586. 593. 604. 615. 612. 619. 636. 639. 647. 655. 656. 676. 685. 685.
  693. 694. 701. 654. 666. 678. 659. 673. 680. 670. 669. 674.]
 [609. 660. 692. 698. 704. 700. 713. 707. 709. 704. 603. 600. 605. 611.
  623. 627. 637. 642. 662. 663. 669. 681. 685. 676. 701. 691. 698. 695.
  686. 708. 715. 667. 674. 675. 663. 673. 673. 671. 671. 674.]]
##############################
[[237. 282. 303. 311. 318. 317. 314. 316. 322. 317. 273. 276. 296. 298.
  320. 322. 336. 350. 349. 360. 369. 370. 372. 381. 381. 387. 396. 396.
  392. 399. 396. 408. 379. 379. 393. 386. 395. 391. 396. 385.]
 [900. 900. 900. 900. 900. 900. 900. 900. 900. 900. 900. 899. 898. 898.
  895. 897. 896. 894. 895. 893. 896. 895. 895. 896. 896. 895. 895. 897.
  898. 898. 897. 895. 847. 844. 846. 847. 846. 845. 847. 847.]
 [612. 686. 690. 706. 704. 716. 711. 712. 714. 716. 587. 548. 565. 561.
  586. 593. 604. 615. 612. 619. 636. 639. 647. 655. 656. 676. 685. 685.
  693. 694. 701. 693. 666. 678. 659. 673. 680. 670. 669. 674.]
 [609. 660. 692. 698. 704. 700. 713. 707. 709. 704. 603. 600. 605. 611.
  623. 627. 637. 642. 662. 663. 669. 681. 685. 676. 701. 691. 698. 695.
  686. 708. 715. 705. 674. 675. 663. 673. 673. 671. 671. 674.]]
##############################
[[237. 282. 303. 311. 318. 317. 314. 316. 322. 317. 273. 276. 296. 298.
  320. 322. 336. 350. 349. 360. 369. 370. 372. 381. 381. 387. 396. 396.
  392. 399. 396. 408. 401. 379. 393. 386. 395. 391. 396. 385.]
 [900. 900. 900. 900. 900. 900. 900. 900. 900. 900. 900. 899. 898. 898.
  895. 897. 896. 894. 895. 893. 896. 895. 895. 896. 896. 895. 895. 897.
  898. 898. 897. 895. 897. 844. 846. 847. 846. 845. 847. 847.]
 [612. 686. 690. 706. 704. 716. 711. 712. 714. 716. 587. 548. 565. 561.
  586. 593. 604. 615. 612. 619. 636. 639. 647. 655. 656. 676. 685. 685.
  693. 694. 701. 693. 706. 678. 659. 673. 680. 670. 669. 674.]
 [609. 660. 692. 698. 704. 700. 713. 707. 709. 704. 603. 600. 605. 611.
  623. 627. 637. 642. 662. 663. 669. 681. 685. 676. 701. 691. 698. 695.
  686. 708. 715. 705. 713. 675. 663. 673. 673. 671. 671. 674.]]
##############################
[[237. 282. 303. 311. 318. 317. 314. 316. 322. 317. 273. 276. 296. 298.
  320. 322. 336. 350. 349. 360. 369. 370. 372. 381. 381. 387. 396. 396.
  392. 399. 396. 408. 401. 400. 393. 386. 395. 391. 396. 385.]
 [900. 900. 900. 900. 900. 900. 900. 900. 900. 900. 900. 899. 898. 898.
  895. 897. 896. 894. 895. 893. 896. 895. 895. 896. 896. 895. 895. 897.
  898. 898. 897. 895. 897. 894. 846. 847. 846. 845. 847. 847.]
 [612. 686. 690. 706. 704. 716. 711. 712. 714. 716. 587. 548. 565. 561.
  586. 593. 604. 615. 612. 619. 636. 639. 647. 655. 656. 676. 685. 685.
  693. 694. 701. 693. 706. 721. 659. 673. 680. 670. 669. 674.]
 [609. 660. 692. 698. 704. 700. 713. 707. 709. 704. 603. 600. 605. 611.
  623. 627. 637. 642. 662. 663. 669. 681. 685. 676. 701. 691. 698. 695.
  686. 708. 715. 705. 713. 716. 663. 673. 673. 671. 671. 674.]]
##############################
[[237. 282. 303. 311. 318. 317. 314. 316. 322. 317. 273. 276. 296. 298.
  320. 322. 336. 350. 349. 360. 369. 370. 372. 381. 381. 387. 396. 396.
  392. 399. 396. 408. 401. 400. 415. 386. 395. 391. 396. 385.]
 [900. 900. 900. 900. 900. 900. 900. 900. 900. 900. 900. 899. 898. 898.
  895. 897. 896. 894. 895. 893. 896. 895. 895. 896. 896. 895. 895. 897.
  898. 898. 897. 895. 897. 894. 896. 847. 846. 845. 847. 847.]
 [612. 686. 690. 706. 704. 716. 711. 712. 714. 716. 587. 548. 565. 561.
  586. 593. 604. 615. 612. 619. 636. 639. 647. 655. 656. 676. 685. 685.
  693. 694. 701. 693. 706. 721. 701. 673. 680. 670. 669. 674.]
 [609. 660. 692. 698. 704. 700. 713. 707. 709. 704. 603. 600. 605. 611.
  623. 627. 637. 642. 662. 663. 669. 681. 685. 676. 701. 691. 698. 695.
  686. 708. 715. 705. 713. 716. 706. 673. 673. 671. 671. 674.]]
##############################
[[237. 282. 303. 311. 318. 317. 314. 316. 322. 317. 273. 276. 296. 298.
  320. 322. 336. 350. 349. 360. 369. 370. 372. 381. 381. 387. 396. 396.
  392. 399. 396. 408. 401. 400. 415. 408. 395. 391. 396. 385.]
 [900. 900. 900. 900. 900. 900. 900. 900. 900. 900. 900. 899. 898. 898.
  895. 897. 896. 894. 895. 893. 896. 895. 895. 896. 896. 895. 895. 897.
  898. 898. 897. 895. 897. 894. 896. 897. 846. 845. 847. 847.]
 [612. 686. 690. 706. 704. 716. 711. 712. 714. 716. 587. 548. 565. 561.
  586. 593. 604. 615. 612. 619. 636. 639. 647. 655. 656. 676. 685. 685.
  693. 694. 701. 693. 706. 721. 701. 716. 680. 670. 669. 674.]
 [609. 660. 692. 698. 704. 700. 713. 707. 709. 704. 603. 600. 605. 611.
  623. 627. 637. 642. 662. 663. 669. 681. 685. 676. 701. 691. 698. 695.
  686. 708. 715. 705. 713. 716. 706. 715. 673. 671. 671. 674.]]
##############################
[[237. 282. 303. 311. 318. 317. 314. 316. 322. 317. 273. 276. 296. 298.
  320. 322. 336. 350. 349. 360. 369. 370. 372. 381. 381. 387. 396. 396.
  392. 399. 396. 408. 401. 400. 415. 408. 416. 391. 396. 385.]
 [900. 900. 900. 900. 900. 900. 900. 900. 900. 900. 900. 899. 898. 898.
  895. 897. 896. 894. 895. 893. 896. 895. 895. 896. 896. 895. 895. 897.
  898. 898. 897. 895. 897. 894. 896. 897. 896. 845. 847. 847.]
 [612. 686. 690. 706. 704. 716. 711. 712. 714. 716. 587. 548. 565. 561.
  586. 593. 604. 615. 612. 619. 636. 639. 647. 655. 656. 676. 685. 685.
  693. 694. 701. 693. 706. 721. 701. 716. 721. 670. 669. 674.]
 [609. 660. 692. 698. 704. 700. 713. 707. 709. 704. 603. 600. 605. 611.
  623. 627. 637. 642. 662. 663. 669. 681. 685. 676. 701. 691. 698. 695.
  686. 708. 715. 705. 713. 716. 706. 715. 716. 671. 671. 674.]]
##############################
[[237. 282. 303. 311. 318. 317. 314. 316. 322. 317. 273. 276. 296. 298.
  320. 322. 336. 350. 349. 360. 369. 370. 372. 381. 381. 387. 396. 396.
  392. 399. 396. 408. 401. 400. 415. 408. 416. 413. 396. 385.]
 [900. 900. 900. 900. 900. 900. 900. 900. 900. 900. 900. 899. 898. 898.
  895. 897. 896. 894. 895. 893. 896. 895. 895. 896. 896. 895. 895. 897.
  898. 898. 897. 895. 897. 894. 896. 897. 896. 895. 847. 847.]
 [612. 686. 690. 706. 704. 716. 711. 712. 714. 716. 587. 548. 565. 561.
  586. 593. 604. 615. 612. 619. 636. 639. 647. 655. 656. 676. 685. 685.
  693. 694. 701. 693. 706. 721. 701. 716. 721. 709. 669. 674.]
 [609. 660. 692. 698. 704. 700. 713. 707. 709. 704. 603. 600. 605. 611.
  623. 627. 637. 642. 662. 663. 669. 681. 685. 676. 701. 691. 698. 695.
  686. 708. 715. 705. 713. 716. 706. 715. 716. 712. 671. 674.]]
##############################
[[237. 282. 303. 311. 318. 317. 314. 316. 322. 317. 273. 276. 296. 298.
  320. 322. 336. 350. 349. 360. 369. 370. 372. 381. 381. 387. 396. 396.
  392. 399. 396. 408. 401. 400. 415. 408. 416. 413. 416. 385.]
 [900. 900. 900. 900. 900. 900. 900. 900. 900. 900. 900. 899. 898. 898.
  895. 897. 896. 894. 895. 893. 896. 895. 895. 896. 896. 895. 895. 897.
  898. 898. 897. 895. 897. 894. 896. 897. 896. 895. 897. 847.]
 [612. 686. 690. 706. 704. 716. 711. 712. 714. 716. 587. 548. 565. 561.
  586. 593. 604. 615. 612. 619. 636. 639. 647. 655. 656. 676. 685. 685.
  693. 694. 701. 693. 706. 721. 701. 716. 721. 709. 708. 674.]
 [609. 660. 692. 698. 704. 700. 713. 707. 709. 704. 603. 600. 605. 611.
  623. 627. 637. 642. 662. 663. 669. 681. 685. 676. 701. 691. 698. 695.
  686. 708. 715. 705. 713. 716. 706. 715. 716. 712. 712. 674.]]
##############################
[[237. 282. 303. 311. 318. 317. 314. 316. 322. 317. 273. 276. 296. 298.
  320. 322. 336. 350. 349. 360. 369. 370. 372. 381. 381. 387. 396. 396.
  392. 399. 396. 408. 401. 400. 415. 408. 416. 413. 416. 407.]
 [900. 900. 900. 900. 900. 900. 900. 900. 900. 900. 900. 899. 898. 898.
  895. 897. 896. 894. 895. 893. 896. 895. 895. 896. 896. 895. 895. 897.
  898. 898. 897. 895. 897. 894. 896. 897. 896. 895. 897. 897.]
 [612. 686. 690. 706. 704. 716. 711. 712. 714. 716. 587. 548. 565. 561.
  586. 593. 604. 615. 612. 619. 636. 639. 647. 655. 656. 676. 685. 685.
  693. 694. 701. 693. 706. 721. 701. 716. 721. 709. 708. 713.]
 [609. 660. 692. 698. 704. 700. 713. 707. 709. 704. 603. 600. 605. 611.
  623. 627. 637. 642. 662. 663. 669. 681. 685. 676. 701. 691. 698. 695.
  686. 708. 715. 705. 713. 716. 706. 715. 716. 712. 712. 715.]]
##############################
##################################################
##################################################
starting :19 batch
[[252. 282. 303. 311. 318. 317. 314. 316. 322. 317. 273. 276. 296. 298.
  320. 322. 336. 350. 349. 360. 369. 370. 372. 381. 381. 387. 396. 396.
  392. 399. 396. 408. 401. 400. 415. 408. 416. 413. 416. 407.]
 [950. 900. 900. 900. 900. 900. 900. 900. 900. 900. 900. 899. 898. 898.
  895. 897. 896. 894. 895. 893. 896. 895. 895. 896. 896. 895. 895. 897.
  898. 898. 897. 895. 897. 894. 896. 897. 896. 895. 897. 897.]
 [642. 686. 690. 706. 704. 716. 711. 712. 714. 716. 587. 548. 565. 561.
  586. 593. 604. 615. 612. 619. 636. 639. 647. 655. 656. 676. 685. 685.
  693. 694. 701. 693. 706. 721. 701. 716. 721. 709. 708. 713.]
 [641. 660. 692. 698. 704. 700. 713. 707. 709. 704. 603. 600. 605. 611.
  623. 627. 637. 642. 662. 663. 669. 681. 685. 676. 701. 691. 698. 695.
  686. 708. 715. 705. 713. 716. 706. 715. 716. 712. 712. 715.]]
##############################
[[252. 299. 303. 311. 318. 317. 314. 316. 322. 317. 273. 276. 296. 298.
  320. 322. 336. 350. 349. 360. 369. 370. 372. 381. 381. 387. 396. 396.
  392. 399. 396. 408. 401. 400. 415. 408. 416. 413. 416. 407.]
 [950. 950. 900. 900. 900. 900. 900. 900. 900. 900. 900. 899. 898. 898.
  895. 897. 896. 894. 895. 893. 896. 895. 895. 896. 896. 895. 895. 897.
  898. 898. 897. 895. 897. 894. 896. 897. 896. 895. 897. 897.]
 [642. 723. 690. 706. 704. 716. 711. 712. 714. 716. 587. 548. 565. 561.
  586. 593. 604. 615. 612. 619. 636. 639. 647. 655. 656. 676. 685. 685.
  693. 694. 701. 693. 706. 721. 701. 716. 721. 709. 708. 713.]
 [641. 695. 692. 698. 704. 700. 713. 707. 709. 704. 603. 600. 605. 611.
  623. 627. 637. 642. 662. 663. 669. 681. 685. 676. 701. 691. 698. 695.
  686. 708. 715. 705. 713. 716. 706. 715. 716. 712. 712. 715.]]
##############################
[[252. 299. 322. 311. 318. 317. 314. 316. 322. 317. 273. 276. 296. 298.
  320. 322. 336. 350. 349. 360. 369. 370. 372. 381. 381. 387. 396. 396.
  392. 399. 396. 408. 401. 400. 415. 408. 416. 413. 416. 407.]
 [950. 950. 950. 900. 900. 900. 900. 900. 900. 900. 900. 899. 898. 898.
  895. 897. 896. 894. 895. 893. 896. 895. 895. 896. 896. 895. 895. 897.
  898. 898. 897. 895. 897. 894. 896. 897. 896. 895. 897. 897.]
 [642. 723. 731. 706. 704. 716. 711. 712. 714. 716. 587. 548. 565. 561.
  586. 593. 604. 615. 612. 619. 636. 639. 647. 655. 656. 676. 685. 685.
  693. 694. 701. 693. 706. 721. 701. 716. 721. 709. 708. 713.]
 [641. 695. 727. 698. 704. 700. 713. 707. 709. 704. 603. 600. 605. 611.
  623. 627. 637. 642. 662. 663. 669. 681. 685. 676. 701. 691. 698. 695.
  686. 708. 715. 705. 713. 716. 706. 715. 716. 712. 712. 715.]]
##############################
[[252. 299. 322. 330. 318. 317. 314. 316. 322. 317. 273. 276. 296. 298.
  320. 322. 336. 350. 349. 360. 369. 370. 372. 381. 381. 387. 396. 396.
  392. 399. 396. 408. 401. 400. 415. 408. 416. 413. 416. 407.]
 [950. 950. 950. 950. 900. 900. 900. 900. 900. 900. 900. 899. 898. 898.
  895. 897. 896. 894. 895. 893. 896. 895. 895. 896. 896. 895. 895. 897.
  898. 898. 897. 895. 897. 894. 896. 897. 896. 895. 897. 897.]
 [642. 723. 731. 745. 704. 716. 711. 712. 714. 716. 587. 548. 565. 561.
  586. 593. 604. 615. 612. 619. 636. 639. 647. 655. 656. 676. 685. 685.
  693. 694. 701. 693. 706. 721. 701. 716. 721. 709. 708. 713.]
 [641. 695. 727. 735. 704. 700. 713. 707. 709. 704. 603. 600. 605. 611.
  623. 627. 637. 642. 662. 663. 669. 681. 685. 676. 701. 691. 698. 695.
  686. 708. 715. 705. 713. 716. 706. 715. 716. 712. 712. 715.]]
##############################
[[252. 299. 322. 330. 339. 317. 314. 316. 322. 317. 273. 276. 296. 298.
  320. 322. 336. 350. 349. 360. 369. 370. 372. 381. 381. 387. 396. 396.
  392. 399. 396. 408. 401. 400. 415. 408. 416. 413. 416. 407.]
 [950. 950. 950. 950. 950. 900. 900. 900. 900. 900. 900. 899. 898. 898.
  895. 897. 896. 894. 895. 893. 896. 895. 895. 896. 896. 895. 895. 897.
  898. 898. 897. 895. 897. 894. 896. 897. 896. 895. 897. 897.]
 [642. 723. 731. 745. 745. 716. 711. 712. 714. 716. 587. 548. 565. 561.
  586. 593. 604. 615. 612. 619. 636. 639. 647. 655. 656. 676. 685. 685.
  693. 694. 701. 693. 706. 721. 701. 716. 721. 709. 708. 713.]
 [641. 695. 727. 735. 741. 700. 713. 707. 709. 704. 603. 600. 605. 611.
  623. 627. 637. 642. 662. 663. 669. 681. 685. 676. 701. 691. 698. 695.
  686. 708. 715. 705. 713. 716. 706. 715. 716. 712. 712. 715.]]
##############################
[[252. 299. 322. 330. 339. 336. 314. 316. 322. 317. 273. 276. 296. 298.
  320. 322. 336. 350. 349. 360. 369. 370. 372. 381. 381. 387. 396. 396.
  392. 399. 396. 408. 401. 400. 415. 408. 416. 413. 416. 407.]
 [950. 950. 950. 950. 950. 950. 900. 900. 900. 900. 900. 899. 898. 898.
  895. 897. 896. 894. 895. 893. 896. 895. 895. 896. 896. 895. 895. 897.
  898. 898. 897. 895. 897. 894. 896. 897. 896. 895. 897. 897.]
 [642. 723. 731. 745. 745. 757. 711. 712. 714. 716. 587. 548. 565. 561.
  586. 593. 604. 615. 612. 619. 636. 639. 647. 655. 656. 676. 685. 685.
  693. 694. 701. 693. 706. 721. 701. 716. 721. 709. 708. 713.]
 [641. 695. 727. 735. 741. 738. 713. 707. 709. 704. 603. 600. 605. 611.
  623. 627. 637. 642. 662. 663. 669. 681. 685. 676. 701. 691. 698. 695.
  686. 708. 715. 705. 713. 716. 706. 715. 716. 712. 712. 715.]]
##############################
[[252. 299. 322. 330. 339. 336. 335. 316. 322. 317. 273. 276. 296. 298.
  320. 322. 336. 350. 349. 360. 369. 370. 372. 381. 381. 387. 396. 396.
  392. 399. 396. 408. 401. 400. 415. 408. 416. 413. 416. 407.]
 [950. 950. 950. 950. 950. 950. 950. 900. 900. 900. 900. 899. 898. 898.
  895. 897. 896. 894. 895. 893. 896. 895. 895. 896. 896. 895. 895. 897.
  898. 898. 897. 895. 897. 894. 896. 897. 896. 895. 897. 897.]
 [642. 723. 731. 745. 745. 757. 751. 712. 714. 716. 587. 548. 565. 561.
  586. 593. 604. 615. 612. 619. 636. 639. 647. 655. 656. 676. 685. 685.
  693. 694. 701. 693. 706. 721. 701. 716. 721. 709. 708. 713.]
 [641. 695. 727. 735. 741. 738. 750. 707. 709. 704. 603. 600. 605. 611.
  623. 627. 637. 642. 662. 663. 669. 681. 685. 676. 701. 691. 698. 695.
  686. 708. 715. 705. 713. 716. 706. 715. 716. 712. 712. 715.]]
##############################
[[252. 299. 322. 330. 339. 336. 335. 338. 322. 317. 273. 276. 296. 298.
  320. 322. 336. 350. 349. 360. 369. 370. 372. 381. 381. 387. 396. 396.
  392. 399. 396. 408. 401. 400. 415. 408. 416. 413. 416. 407.]
 [950. 950. 950. 950. 950. 950. 950. 950. 900. 900. 900. 899. 898. 898.
  895. 897. 896. 894. 895. 893. 896. 895. 895. 896. 896. 895. 895. 897.
  898. 898. 897. 895. 897. 894. 896. 897. 896. 895. 897. 897.]
 [642. 723. 731. 745. 745. 757. 751. 754. 714. 716. 587. 548. 565. 561.
  586. 593. 604. 615. 612. 619. 636. 639. 647. 655. 656. 676. 685. 685.
  693. 694. 701. 693. 706. 721. 701. 716. 721. 709. 708. 713.]
 [641. 695. 727. 735. 741. 738. 750. 745. 709. 704. 603. 600. 605. 611.
  623. 627. 637. 642. 662. 663. 669. 681. 685. 676. 701. 691. 698. 695.
  686. 708. 715. 705. 713. 716. 706. 715. 716. 712. 712. 715.]]
##############################
[[252. 299. 322. 330. 339. 336. 335. 338. 343. 317. 273. 276. 296. 298.
  320. 322. 336. 350. 349. 360. 369. 370. 372. 381. 381. 387. 396. 396.
  392. 399. 396. 408. 401. 400. 415. 408. 416. 413. 416. 407.]
 [950. 950. 950. 950. 950. 950. 950. 950. 950. 900. 900. 899. 898. 898.
  895. 897. 896. 894. 895. 893. 896. 895. 895. 896. 896. 895. 895. 897.
  898. 898. 897. 895. 897. 894. 896. 897. 896. 895. 897. 897.]
 [642. 723. 731. 745. 745. 757. 751. 754. 756. 716. 587. 548. 565. 561.
  586. 593. 604. 615. 612. 619. 636. 639. 647. 655. 656. 676. 685. 685.
  693. 694. 701. 693. 706. 721. 701. 716. 721. 709. 708. 713.]
 [641. 695. 727. 735. 741. 738. 750. 745. 744. 704. 603. 600. 605. 611.
  623. 627. 637. 642. 662. 663. 669. 681. 685. 676. 701. 691. 698. 695.
  686. 708. 715. 705. 713. 716. 706. 715. 716. 712. 712. 715.]]
##############################
[[252. 299. 322. 330. 339. 336. 335. 338. 343. 337. 273. 276. 296. 298.
  320. 322. 336. 350. 349. 360. 369. 370. 372. 381. 381. 387. 396. 396.
  392. 399. 396. 408. 401. 400. 415. 408. 416. 413. 416. 407.]
 [950. 950. 950. 950. 950. 950. 950. 950. 950. 950. 900. 899. 898. 898.
  895. 897. 896. 894. 895. 893. 896. 895. 895. 896. 896. 895. 895. 897.
  898. 898. 897. 895. 897. 894. 896. 897. 896. 895. 897. 897.]
 [642. 723. 731. 745. 745. 757. 751. 754. 756. 756. 587. 548. 565. 561.
  586. 593. 604. 615. 612. 619. 636. 639. 647. 655. 656. 676. 685. 685.
  693. 694. 701. 693. 706. 721. 701. 716. 721. 709. 708. 713.]
 [641. 695. 727. 735. 741. 738. 750. 745. 744. 743. 603. 600. 605. 611.
  623. 627. 637. 642. 662. 663. 669. 681. 685. 676. 701. 691. 698. 695.
  686. 708. 715. 705. 713. 716. 706. 715. 716. 712. 712. 715.]]
##############################
[[252. 299. 322. 330. 339. 336. 335. 338. 343. 337. 292. 276. 296. 298.
  320. 322. 336. 350. 349. 360. 369. 370. 372. 381. 381. 387. 396. 396.
  392. 399. 396. 408. 401. 400. 415. 408. 416. 413. 416. 407.]
 [950. 950. 950. 950. 950. 950. 950. 950. 950. 950. 950. 899. 898. 898.
  895. 897. 896. 894. 895. 893. 896. 895. 895. 896. 896. 895. 895. 897.
  898. 898. 897. 895. 897. 894. 896. 897. 896. 895. 897. 897.]
 [642. 723. 731. 745. 745. 757. 751. 754. 756. 756. 621. 548. 565. 561.
  586. 593. 604. 615. 612. 619. 636. 639. 647. 655. 656. 676. 685. 685.
  693. 694. 701. 693. 706. 721. 701. 716. 721. 709. 708. 713.]
 [641. 695. 727. 735. 741. 738. 750. 745. 744. 743. 636. 600. 605. 611.
  623. 627. 637. 642. 662. 663. 669. 681. 685. 676. 701. 691. 698. 695.
  686. 708. 715. 705. 713. 716. 706. 715. 716. 712. 712. 715.]]
##############################
[[252. 299. 322. 330. 339. 336. 335. 338. 343. 337. 292. 293. 296. 298.
  320. 322. 336. 350. 349. 360. 369. 370. 372. 381. 381. 387. 396. 396.
  392. 399. 396. 408. 401. 400. 415. 408. 416. 413. 416. 407.]
 [950. 950. 950. 950. 950. 950. 950. 950. 950. 950. 950. 949. 898. 898.
  895. 897. 896. 894. 895. 893. 896. 895. 895. 896. 896. 895. 895. 897.
  898. 898. 897. 895. 897. 894. 896. 897. 896. 895. 897. 897.]
 [642. 723. 731. 745. 745. 757. 751. 754. 756. 756. 621. 585. 565. 561.
  586. 593. 604. 615. 612. 619. 636. 639. 647. 655. 656. 676. 685. 685.
  693. 694. 701. 693. 706. 721. 701. 716. 721. 709. 708. 713.]
 [641. 695. 727. 735. 741. 738. 750. 745. 744. 743. 636. 634. 605. 611.
  623. 627. 637. 642. 662. 663. 669. 681. 685. 676. 701. 691. 698. 695.
  686. 708. 715. 705. 713. 716. 706. 715. 716. 712. 712. 715.]]
##############################
[[252. 299. 322. 330. 339. 336. 335. 338. 343. 337. 292. 293. 314. 298.
  320. 322. 336. 350. 349. 360. 369. 370. 372. 381. 381. 387. 396. 396.
  392. 399. 396. 408. 401. 400. 415. 408. 416. 413. 416. 407.]
 [950. 950. 950. 950. 950. 950. 950. 950. 950. 950. 950. 949. 948. 898.
  895. 897. 896. 894. 895. 893. 896. 895. 895. 896. 896. 895. 895. 897.
  898. 898. 897. 895. 897. 894. 896. 897. 896. 895. 897. 897.]
 [642. 723. 731. 745. 745. 757. 751. 754. 756. 756. 621. 585. 596. 561.
  586. 593. 604. 615. 612. 619. 636. 639. 647. 655. 656. 676. 685. 685.
  693. 694. 701. 693. 706. 721. 701. 716. 721. 709. 708. 713.]
 [641. 695. 727. 735. 741. 738. 750. 745. 744. 743. 636. 634. 639. 611.
  623. 627. 637. 642. 662. 663. 669. 681. 685. 676. 701. 691. 698. 695.
  686. 708. 715. 705. 713. 716. 706. 715. 716. 712. 712. 715.]]
##############################
[[252. 299. 322. 330. 339. 336. 335. 338. 343. 337. 292. 293. 314. 319.
  320. 322. 336. 350. 349. 360. 369. 370. 372. 381. 381. 387. 396. 396.
  392. 399. 396. 408. 401. 400. 415. 408. 416. 413. 416. 407.]
 [950. 950. 950. 950. 950. 950. 950. 950. 950. 950. 950. 949. 948. 948.
  895. 897. 896. 894. 895. 893. 896. 895. 895. 896. 896. 895. 895. 897.
  898. 898. 897. 895. 897. 894. 896. 897. 896. 895. 897. 897.]
 [642. 723. 731. 745. 745. 757. 751. 754. 756. 756. 621. 585. 596. 593.
  586. 593. 604. 615. 612. 619. 636. 639. 647. 655. 656. 676. 685. 685.
  693. 694. 701. 693. 706. 721. 701. 716. 721. 709. 708. 713.]
 [641. 695. 727. 735. 741. 738. 750. 745. 744. 743. 636. 634. 639. 642.
  623. 627. 637. 642. 662. 663. 669. 681. 685. 676. 701. 691. 698. 695.
  686. 708. 715. 705. 713. 716. 706. 715. 716. 712. 712. 715.]]
##############################
[[252. 299. 322. 330. 339. 336. 335. 338. 343. 337. 292. 293. 314. 319.
  342. 322. 336. 350. 349. 360. 369. 370. 372. 381. 381. 387. 396. 396.
  392. 399. 396. 408. 401. 400. 415. 408. 416. 413. 416. 407.]
 [950. 950. 950. 950. 950. 950. 950. 950. 950. 950. 950. 949. 948. 948.
  943. 897. 896. 894. 895. 893. 896. 895. 895. 896. 896. 895. 895. 897.
  898. 898. 897. 895. 897. 894. 896. 897. 896. 895. 897. 897.]
 [642. 723. 731. 745. 745. 757. 751. 754. 756. 756. 621. 585. 596. 593.
  617. 593. 604. 615. 612. 619. 636. 639. 647. 655. 656. 676. 685. 685.
  693. 694. 701. 693. 706. 721. 701. 716. 721. 709. 708. 713.]
 [641. 695. 727. 735. 741. 738. 750. 745. 744. 743. 636. 634. 639. 642.
  657. 627. 637. 642. 662. 663. 669. 681. 685. 676. 701. 691. 698. 695.
  686. 708. 715. 705. 713. 716. 706. 715. 716. 712. 712. 715.]]
##############################
[[252. 299. 322. 330. 339. 336. 335. 338. 343. 337. 292. 293. 314. 319.
  342. 341. 336. 350. 349. 360. 369. 370. 372. 381. 381. 387. 396. 396.
  392. 399. 396. 408. 401. 400. 415. 408. 416. 413. 416. 407.]
 [950. 950. 950. 950. 950. 950. 950. 950. 950. 950. 950. 949. 948. 948.
  943. 946. 896. 894. 895. 893. 896. 895. 895. 896. 896. 895. 895. 897.
  898. 898. 897. 895. 897. 894. 896. 897. 896. 895. 897. 897.]
 [642. 723. 731. 745. 745. 757. 751. 754. 756. 756. 621. 585. 596. 593.
  617. 624. 604. 615. 612. 619. 636. 639. 647. 655. 656. 676. 685. 685.
  693. 694. 701. 693. 706. 721. 701. 716. 721. 709. 708. 713.]
 [641. 695. 727. 735. 741. 738. 750. 745. 744. 743. 636. 634. 639. 642.
  657. 660. 637. 642. 662. 663. 669. 681. 685. 676. 701. 691. 698. 695.
  686. 708. 715. 705. 713. 716. 706. 715. 716. 712. 712. 715.]]
##############################
[[252. 299. 322. 330. 339. 336. 335. 338. 343. 337. 292. 293. 314. 319.
  342. 341. 357. 350. 349. 360. 369. 370. 372. 381. 381. 387. 396. 396.
  392. 399. 396. 408. 401. 400. 415. 408. 416. 413. 416. 407.]
 [950. 950. 950. 950. 950. 950. 950. 950. 950. 950. 950. 949. 948. 948.
  943. 946. 945. 894. 895. 893. 896. 895. 895. 896. 896. 895. 895. 897.
  898. 898. 897. 895. 897. 894. 896. 897. 896. 895. 897. 897.]
 [642. 723. 731. 745. 745. 757. 751. 754. 756. 756. 621. 585. 596. 593.
  617. 624. 638. 615. 612. 619. 636. 639. 647. 655. 656. 676. 685. 685.
  693. 694. 701. 693. 706. 721. 701. 716. 721. 709. 708. 713.]
 [641. 695. 727. 735. 741. 738. 750. 745. 744. 743. 636. 634. 639. 642.
  657. 660. 671. 642. 662. 663. 669. 681. 685. 676. 701. 691. 698. 695.
  686. 708. 715. 705. 713. 716. 706. 715. 716. 712. 712. 715.]]
##############################
[[252. 299. 322. 330. 339. 336. 335. 338. 343. 337. 292. 293. 314. 319.
  342. 341. 357. 375. 349. 360. 369. 370. 372. 381. 381. 387. 396. 396.
  392. 399. 396. 408. 401. 400. 415. 408. 416. 413. 416. 407.]
 [950. 950. 950. 950. 950. 950. 950. 950. 950. 950. 950. 949. 948. 948.
  943. 946. 945. 943. 895. 893. 896. 895. 895. 896. 896. 895. 895. 897.
  898. 898. 897. 895. 897. 894. 896. 897. 896. 895. 897. 897.]
 [642. 723. 731. 745. 745. 757. 751. 754. 756. 756. 621. 585. 596. 593.
  617. 624. 638. 651. 612. 619. 636. 639. 647. 655. 656. 676. 685. 685.
  693. 694. 701. 693. 706. 721. 701. 716. 721. 709. 708. 713.]
 [641. 695. 727. 735. 741. 738. 750. 745. 744. 743. 636. 634. 639. 642.
  657. 660. 671. 677. 662. 663. 669. 681. 685. 676. 701. 691. 698. 695.
  686. 708. 715. 705. 713. 716. 706. 715. 716. 712. 712. 715.]]
##############################
[[252. 299. 322. 330. 339. 336. 335. 338. 343. 337. 292. 293. 314. 319.
  342. 341. 357. 375. 372. 360. 369. 370. 372. 381. 381. 387. 396. 396.
  392. 399. 396. 408. 401. 400. 415. 408. 416. 413. 416. 407.]
 [950. 950. 950. 950. 950. 950. 950. 950. 950. 950. 950. 949. 948. 948.
  943. 946. 945. 943. 944. 893. 896. 895. 895. 896. 896. 895. 895. 897.
  898. 898. 897. 895. 897. 894. 896. 897. 896. 895. 897. 897.]
 [642. 723. 731. 745. 745. 757. 751. 754. 756. 756. 621. 585. 596. 593.
  617. 624. 638. 651. 648. 619. 636. 639. 647. 655. 656. 676. 685. 685.
  693. 694. 701. 693. 706. 721. 701. 716. 721. 709. 708. 713.]
 [641. 695. 727. 735. 741. 738. 750. 745. 744. 743. 636. 634. 639. 642.
  657. 660. 671. 677. 694. 663. 669. 681. 685. 676. 701. 691. 698. 695.
  686. 708. 715. 705. 713. 716. 706. 715. 716. 712. 712. 715.]]
##############################
[[252. 299. 322. 330. 339. 336. 335. 338. 343. 337. 292. 293. 314. 319.
  342. 341. 357. 375. 372. 385. 369. 370. 372. 381. 381. 387. 396. 396.
  392. 399. 396. 408. 401. 400. 415. 408. 416. 413. 416. 407.]
 [950. 950. 950. 950. 950. 950. 950. 950. 950. 950. 950. 949. 948. 948.
  943. 946. 945. 943. 944. 942. 896. 895. 895. 896. 896. 895. 895. 897.
  898. 898. 897. 895. 897. 894. 896. 897. 896. 895. 897. 897.]
 [642. 723. 731. 745. 745. 757. 751. 754. 756. 756. 621. 585. 596. 593.
  617. 624. 638. 651. 648. 655. 636. 639. 647. 655. 656. 676. 685. 685.
  693. 694. 701. 693. 706. 721. 701. 716. 721. 709. 708. 713.]
 [641. 695. 727. 735. 741. 738. 750. 745. 744. 743. 636. 634. 639. 642.
  657. 660. 671. 677. 694. 695. 669. 681. 685. 676. 701. 691. 698. 695.
  686. 708. 715. 705. 713. 716. 706. 715. 716. 712. 712. 715.]]
##############################
[[252. 299. 322. 330. 339. 336. 335. 338. 343. 337. 292. 293. 314. 319.
  342. 341. 357. 375. 372. 385. 392. 370. 372. 381. 381. 387. 396. 396.
  392. 399. 396. 408. 401. 400. 415. 408. 416. 413. 416. 407.]
 [950. 950. 950. 950. 950. 950. 950. 950. 950. 950. 950. 949. 948. 948.
  943. 946. 945. 943. 944. 942. 946. 895. 895. 896. 896. 895. 895. 897.
  898. 898. 897. 895. 897. 894. 896. 897. 896. 895. 897. 897.]
 [642. 723. 731. 745. 745. 757. 751. 754. 756. 756. 621. 585. 596. 593.
  617. 624. 638. 651. 648. 655. 671. 639. 647. 655. 656. 676. 685. 685.
  693. 694. 701. 693. 706. 721. 701. 716. 721. 709. 708. 713.]
 [641. 695. 727. 735. 741. 738. 750. 745. 744. 743. 636. 634. 639. 642.
  657. 660. 671. 677. 694. 695. 699. 681. 685. 676. 701. 691. 698. 695.
  686. 708. 715. 705. 713. 716. 706. 715. 716. 712. 712. 715.]]
##############################
[[252. 299. 322. 330. 339. 336. 335. 338. 343. 337. 292. 293. 314. 319.
  342. 341. 357. 375. 372. 385. 392. 391. 372. 381. 381. 387. 396. 396.
  392. 399. 396. 408. 401. 400. 415. 408. 416. 413. 416. 407.]
 [950. 950. 950. 950. 950. 950. 950. 950. 950. 950. 950. 949. 948. 948.
  943. 946. 945. 943. 944. 942. 946. 945. 895. 896. 896. 895. 895. 897.
  898. 898. 897. 895. 897. 894. 896. 897. 896. 895. 897. 897.]
 [642. 723. 731. 745. 745. 757. 751. 754. 756. 756. 621. 585. 596. 593.
  617. 624. 638. 651. 648. 655. 671. 677. 647. 655. 656. 676. 685. 685.
  693. 694. 701. 693. 706. 721. 701. 716. 721. 709. 708. 713.]
 [641. 695. 727. 735. 741. 738. 750. 745. 744. 743. 636. 634. 639. 642.
  657. 660. 671. 677. 694. 695. 699. 715. 685. 676. 701. 691. 698. 695.
  686. 708. 715. 705. 713. 716. 706. 715. 716. 712. 712. 715.]]
##############################
[[252. 299. 322. 330. 339. 336. 335. 338. 343. 337. 292. 293. 314. 319.
  342. 341. 357. 375. 372. 385. 392. 391. 392. 381. 381. 387. 396. 396.
  392. 399. 396. 408. 401. 400. 415. 408. 416. 413. 416. 407.]
 [950. 950. 950. 950. 950. 950. 950. 950. 950. 950. 950. 949. 948. 948.
  943. 946. 945. 943. 944. 942. 946. 945. 945. 896. 896. 895. 895. 897.
  898. 898. 897. 895. 897. 894. 896. 897. 896. 895. 897. 897.]
 [642. 723. 731. 745. 745. 757. 751. 754. 756. 756. 621. 585. 596. 593.
  617. 624. 638. 651. 648. 655. 671. 677. 687. 655. 656. 676. 685. 685.
  693. 694. 701. 693. 706. 721. 701. 716. 721. 709. 708. 713.]
 [641. 695. 727. 735. 741. 738. 750. 745. 744. 743. 636. 634. 639. 642.
  657. 660. 671. 677. 694. 695. 699. 715. 718. 676. 701. 691. 698. 695.
  686. 708. 715. 705. 713. 716. 706. 715. 716. 712. 712. 715.]]
##############################
[[252. 299. 322. 330. 339. 336. 335. 338. 343. 337. 292. 293. 314. 319.
  342. 341. 357. 375. 372. 385. 392. 391. 392. 400. 381. 387. 396. 396.
  392. 399. 396. 408. 401. 400. 415. 408. 416. 413. 416. 407.]
 [950. 950. 950. 950. 950. 950. 950. 950. 950. 950. 950. 949. 948. 948.
  943. 946. 945. 943. 944. 942. 946. 945. 945. 946. 896. 895. 895. 897.
  898. 898. 897. 895. 897. 894. 896. 897. 896. 895. 897. 897.]
 [642. 723. 731. 745. 745. 757. 751. 754. 756. 756. 621. 585. 596. 593.
  617. 624. 638. 651. 648. 655. 671. 677. 687. 694. 656. 676. 685. 685.
  693. 694. 701. 693. 706. 721. 701. 716. 721. 709. 708. 713.]
 [641. 695. 727. 735. 741. 738. 750. 745. 744. 743. 636. 634. 639. 642.
  657. 660. 671. 677. 694. 695. 699. 715. 718. 711. 701. 691. 698. 695.
  686. 708. 715. 705. 713. 716. 706. 715. 716. 712. 712. 715.]]
##############################
[[252. 299. 322. 330. 339. 336. 335. 338. 343. 337. 292. 293. 314. 319.
  342. 341. 357. 375. 372. 385. 392. 391. 392. 400. 405. 387. 396. 396.
  392. 399. 396. 408. 401. 400. 415. 408. 416. 413. 416. 407.]
 [950. 950. 950. 950. 950. 950. 950. 950. 950. 950. 950. 949. 948. 948.
  943. 946. 945. 943. 944. 942. 946. 945. 945. 946. 946. 895. 895. 897.
  898. 898. 897. 895. 897. 894. 896. 897. 896. 895. 897. 897.]
 [642. 723. 731. 745. 745. 757. 751. 754. 756. 756. 621. 585. 596. 593.
  617. 624. 638. 651. 648. 655. 671. 677. 687. 694. 694. 676. 685. 685.
  693. 694. 701. 693. 706. 721. 701. 716. 721. 709. 708. 713.]
 [641. 695. 727. 735. 741. 738. 750. 745. 744. 743. 636. 634. 639. 642.
  657. 660. 671. 677. 694. 695. 699. 715. 718. 711. 736. 691. 698. 695.
  686. 708. 715. 705. 713. 716. 706. 715. 716. 712. 712. 715.]]
##############################
[[252. 299. 322. 330. 339. 336. 335. 338. 343. 337. 292. 293. 314. 319.
  342. 341. 357. 375. 372. 385. 392. 391. 392. 400. 405. 409. 396. 396.
  392. 399. 396. 408. 401. 400. 415. 408. 416. 413. 416. 407.]
 [950. 950. 950. 950. 950. 950. 950. 950. 950. 950. 950. 949. 948. 948.
  943. 946. 945. 943. 944. 942. 946. 945. 945. 946. 946. 944. 895. 897.
  898. 898. 897. 895. 897. 894. 896. 897. 896. 895. 897. 897.]
 [642. 723. 731. 745. 745. 757. 751. 754. 756. 756. 621. 585. 596. 593.
  617. 624. 638. 651. 648. 655. 671. 677. 687. 694. 694. 715. 685. 685.
  693. 694. 701. 693. 706. 721. 701. 716. 721. 709. 708. 713.]
 [641. 695. 727. 735. 741. 738. 750. 745. 744. 743. 636. 634. 639. 642.
  657. 660. 671. 677. 694. 695. 699. 715. 718. 711. 736. 726. 698. 695.
  686. 708. 715. 705. 713. 716. 706. 715. 716. 712. 712. 715.]]
##############################
[[252. 299. 322. 330. 339. 336. 335. 338. 343. 337. 292. 293. 314. 319.
  342. 341. 357. 375. 372. 385. 392. 391. 392. 400. 405. 409. 419. 396.
  392. 399. 396. 408. 401. 400. 415. 408. 416. 413. 416. 407.]
 [950. 950. 950. 950. 950. 950. 950. 950. 950. 950. 950. 949. 948. 948.
  943. 946. 945. 943. 944. 942. 946. 945. 945. 946. 946. 944. 945. 897.
  898. 898. 897. 895. 897. 894. 896. 897. 896. 895. 897. 897.]
 [642. 723. 731. 745. 745. 757. 751. 754. 756. 756. 621. 585. 596. 593.
  617. 624. 638. 651. 648. 655. 671. 677. 687. 694. 694. 715. 722. 685.
  693. 694. 701. 693. 706. 721. 701. 716. 721. 709. 708. 713.]
 [641. 695. 727. 735. 741. 738. 750. 745. 744. 743. 636. 634. 639. 642.
  657. 660. 671. 677. 694. 695. 699. 715. 718. 711. 736. 726. 733. 695.
  686. 708. 715. 705. 713. 716. 706. 715. 716. 712. 712. 715.]]
##############################
[[252. 299. 322. 330. 339. 336. 335. 338. 343. 337. 292. 293. 314. 319.
  342. 341. 357. 375. 372. 385. 392. 391. 392. 400. 405. 409. 419. 420.
  392. 399. 396. 408. 401. 400. 415. 408. 416. 413. 416. 407.]
 [950. 950. 950. 950. 950. 950. 950. 950. 950. 950. 950. 949. 948. 948.
  943. 946. 945. 943. 944. 942. 946. 945. 945. 946. 946. 944. 945. 947.
  898. 898. 897. 895. 897. 894. 896. 897. 896. 895. 897. 897.]
 [642. 723. 731. 745. 745. 757. 751. 754. 756. 756. 621. 585. 596. 593.
  617. 624. 638. 651. 648. 655. 671. 677. 687. 694. 694. 715. 722. 725.
  693. 694. 701. 693. 706. 721. 701. 716. 721. 709. 708. 713.]
 [641. 695. 727. 735. 741. 738. 750. 745. 744. 743. 636. 634. 639. 642.
  657. 660. 671. 677. 694. 695. 699. 715. 718. 711. 736. 726. 733. 732.
  686. 708. 715. 705. 713. 716. 706. 715. 716. 712. 712. 715.]]
##############################
[[252. 299. 322. 330. 339. 336. 335. 338. 343. 337. 292. 293. 314. 319.
  342. 341. 357. 375. 372. 385. 392. 391. 392. 400. 405. 409. 419. 420.
  414. 399. 396. 408. 401. 400. 415. 408. 416. 413. 416. 407.]
 [950. 950. 950. 950. 950. 950. 950. 950. 950. 950. 950. 949. 948. 948.
  943. 946. 945. 943. 944. 942. 946. 945. 945. 946. 946. 944. 945. 947.
  948. 898. 897. 895. 897. 894. 896. 897. 896. 895. 897. 897.]
 [642. 723. 731. 745. 745. 757. 751. 754. 756. 756. 621. 585. 596. 593.
  617. 624. 638. 651. 648. 655. 671. 677. 687. 694. 694. 715. 722. 725.
  730. 694. 701. 693. 706. 721. 701. 716. 721. 709. 708. 713.]
 [641. 695. 727. 735. 741. 738. 750. 745. 744. 743. 636. 634. 639. 642.
  657. 660. 671. 677. 694. 695. 699. 715. 718. 711. 736. 726. 733. 732.
  723. 708. 715. 705. 713. 716. 706. 715. 716. 712. 712. 715.]]
##############################
[[252. 299. 322. 330. 339. 336. 335. 338. 343. 337. 292. 293. 314. 319.
  342. 341. 357. 375. 372. 385. 392. 391. 392. 400. 405. 409. 419. 420.
  414. 424. 396. 408. 401. 400. 415. 408. 416. 413. 416. 407.]
 [950. 950. 950. 950. 950. 950. 950. 950. 950. 950. 950. 949. 948. 948.
  943. 946. 945. 943. 944. 942. 946. 945. 945. 946. 946. 944. 945. 947.
  948. 948. 897. 895. 897. 894. 896. 897. 896. 895. 897. 897.]
 [642. 723. 731. 745. 745. 757. 751. 754. 756. 756. 621. 585. 596. 593.
  617. 624. 638. 651. 648. 655. 671. 677. 687. 694. 694. 715. 722. 725.
  730. 736. 701. 693. 706. 721. 701. 716. 721. 709. 708. 713.]
 [641. 695. 727. 735. 741. 738. 750. 745. 744. 743. 636. 634. 639. 642.
  657. 660. 671. 677. 694. 695. 699. 715. 718. 711. 736. 726. 733. 732.
  723. 747. 715. 705. 713. 716. 706. 715. 716. 712. 712. 715.]]
##############################
[[252. 299. 322. 330. 339. 336. 335. 338. 343. 337. 292. 293. 314. 319.
  342. 341. 357. 375. 372. 385. 392. 391. 392. 400. 405. 409. 419. 420.
  414. 424. 419. 408. 401. 400. 415. 408. 416. 413. 416. 407.]
 [950. 950. 950. 950. 950. 950. 950. 950. 950. 950. 950. 949. 948. 948.
  943. 946. 945. 943. 944. 942. 946. 945. 945. 946. 946. 944. 945. 947.
  948. 948. 947. 895. 897. 894. 896. 897. 896. 895. 897. 897.]
 [642. 723. 731. 745. 745. 757. 751. 754. 756. 756. 621. 585. 596. 593.
  617. 624. 638. 651. 648. 655. 671. 677. 687. 694. 694. 715. 722. 725.
  730. 736. 741. 693. 706. 721. 701. 716. 721. 709. 708. 713.]
 [641. 695. 727. 735. 741. 738. 750. 745. 744. 743. 636. 634. 639. 642.
  657. 660. 671. 677. 694. 695. 699. 715. 718. 711. 736. 726. 733. 732.
  723. 747. 754. 705. 713. 716. 706. 715. 716. 712. 712. 715.]]
##############################
[[252. 299. 322. 330. 339. 336. 335. 338. 343. 337. 292. 293. 314. 319.
  342. 341. 357. 375. 372. 385. 392. 391. 392. 400. 405. 409. 419. 420.
  414. 424. 419. 433. 401. 400. 415. 408. 416. 413. 416. 407.]
 [950. 950. 950. 950. 950. 950. 950. 950. 950. 950. 950. 949. 948. 948.
  943. 946. 945. 943. 944. 942. 946. 945. 945. 946. 946. 944. 945. 947.
  948. 948. 947. 945. 897. 894. 896. 897. 896. 895. 897. 897.]
 [642. 723. 731. 745. 745. 757. 751. 754. 756. 756. 621. 585. 596. 593.
  617. 624. 638. 651. 648. 655. 671. 677. 687. 694. 694. 715. 722. 725.
  730. 736. 741. 734. 706. 721. 701. 716. 721. 709. 708. 713.]
 [641. 695. 727. 735. 741. 738. 750. 745. 744. 743. 636. 634. 639. 642.
  657. 660. 671. 677. 694. 695. 699. 715. 718. 711. 736. 726. 733. 732.
  723. 747. 754. 742. 713. 716. 706. 715. 716. 712. 712. 715.]]
##############################
[[252. 299. 322. 330. 339. 336. 335. 338. 343. 337. 292. 293. 314. 319.
  342. 341. 357. 375. 372. 385. 392. 391. 392. 400. 405. 409. 419. 420.
  414. 424. 419. 433. 426. 400. 415. 408. 416. 413. 416. 407.]
 [950. 950. 950. 950. 950. 950. 950. 950. 950. 950. 950. 949. 948. 948.
  943. 946. 945. 943. 944. 942. 946. 945. 945. 946. 946. 944. 945. 947.
  948. 948. 947. 945. 946. 894. 896. 897. 896. 895. 897. 897.]
 [642. 723. 731. 745. 745. 757. 751. 754. 756. 756. 621. 585. 596. 593.
  617. 624. 638. 651. 648. 655. 671. 677. 687. 694. 694. 715. 722. 725.
  730. 736. 741. 734. 747. 721. 701. 716. 721. 709. 708. 713.]
 [641. 695. 727. 735. 741. 738. 750. 745. 744. 743. 636. 634. 639. 642.
  657. 660. 671. 677. 694. 695. 699. 715. 718. 711. 736. 726. 733. 732.
  723. 747. 754. 742. 752. 716. 706. 715. 716. 712. 712. 715.]]
##############################
[[252. 299. 322. 330. 339. 336. 335. 338. 343. 337. 292. 293. 314. 319.
  342. 341. 357. 375. 372. 385. 392. 391. 392. 400. 405. 409. 419. 420.
  414. 424. 419. 433. 426. 426. 415. 408. 416. 413. 416. 407.]
 [950. 950. 950. 950. 950. 950. 950. 950. 950. 950. 950. 949. 948. 948.
  943. 946. 945. 943. 944. 942. 946. 945. 945. 946. 946. 944. 945. 947.
  948. 948. 947. 945. 946. 944. 896. 897. 896. 895. 897. 897.]
 [642. 723. 731. 745. 745. 757. 751. 754. 756. 756. 621. 585. 596. 593.
  617. 624. 638. 651. 648. 655. 671. 677. 687. 694. 694. 715. 722. 725.
  730. 736. 741. 734. 747. 762. 701. 716. 721. 709. 708. 713.]
 [641. 695. 727. 735. 741. 738. 750. 745. 744. 743. 636. 634. 639. 642.
  657. 660. 671. 677. 694. 695. 699. 715. 718. 711. 736. 726. 733. 732.
  723. 747. 754. 742. 752. 756. 706. 715. 716. 712. 712. 715.]]
##############################
[[252. 299. 322. 330. 339. 336. 335. 338. 343. 337. 292. 293. 314. 319.
  342. 341. 357. 375. 372. 385. 392. 391. 392. 400. 405. 409. 419. 420.
  414. 424. 419. 433. 426. 426. 438. 408. 416. 413. 416. 407.]
 [950. 950. 950. 950. 950. 950. 950. 950. 950. 950. 950. 949. 948. 948.
  943. 946. 945. 943. 944. 942. 946. 945. 945. 946. 946. 944. 945. 947.
  948. 948. 947. 945. 946. 944. 946. 897. 896. 895. 897. 897.]
 [642. 723. 731. 745. 745. 757. 751. 754. 756. 756. 621. 585. 596. 593.
  617. 624. 638. 651. 648. 655. 671. 677. 687. 694. 694. 715. 722. 725.
  730. 736. 741. 734. 747. 762. 741. 716. 721. 709. 708. 713.]
 [641. 695. 727. 735. 741. 738. 750. 745. 744. 743. 636. 634. 639. 642.
  657. 660. 671. 677. 694. 695. 699. 715. 718. 711. 736. 726. 733. 732.
  723. 747. 754. 742. 752. 756. 744. 715. 716. 712. 712. 715.]]
##############################
[[252. 299. 322. 330. 339. 336. 335. 338. 343. 337. 292. 293. 314. 319.
  342. 341. 357. 375. 372. 385. 392. 391. 392. 400. 405. 409. 419. 420.
  414. 424. 419. 433. 426. 426. 438. 433. 416. 413. 416. 407.]
 [950. 950. 950. 950. 950. 950. 950. 950. 950. 950. 950. 949. 948. 948.
  943. 946. 945. 943. 944. 942. 946. 945. 945. 946. 946. 944. 945. 947.
  948. 948. 947. 945. 946. 944. 946. 947. 896. 895. 897. 897.]
 [642. 723. 731. 745. 745. 757. 751. 754. 756. 756. 621. 585. 596. 593.
  617. 624. 638. 651. 648. 655. 671. 677. 687. 694. 694. 715. 722. 725.
  730. 736. 741. 734. 747. 762. 741. 757. 721. 709. 708. 713.]
 [641. 695. 727. 735. 741. 738. 750. 745. 744. 743. 636. 634. 639. 642.
  657. 660. 671. 677. 694. 695. 699. 715. 718. 711. 736. 726. 733. 732.
  723. 747. 754. 742. 752. 756. 744. 755. 716. 712. 712. 715.]]
##############################
[[252. 299. 322. 330. 339. 336. 335. 338. 343. 337. 292. 293. 314. 319.
  342. 341. 357. 375. 372. 385. 392. 391. 392. 400. 405. 409. 419. 420.
  414. 424. 419. 433. 426. 426. 438. 433. 443. 413. 416. 407.]
 [950. 950. 950. 950. 950. 950. 950. 950. 950. 950. 950. 949. 948. 948.
  943. 946. 945. 943. 944. 942. 946. 945. 945. 946. 946. 944. 945. 947.
  948. 948. 947. 945. 946. 944. 946. 947. 946. 895. 897. 897.]
 [642. 723. 731. 745. 745. 757. 751. 754. 756. 756. 621. 585. 596. 593.
  617. 624. 638. 651. 648. 655. 671. 677. 687. 694. 694. 715. 722. 725.
  730. 736. 741. 734. 747. 762. 741. 757. 762. 709. 708. 713.]
 [641. 695. 727. 735. 741. 738. 750. 745. 744. 743. 636. 634. 639. 642.
  657. 660. 671. 677. 694. 695. 699. 715. 718. 711. 736. 726. 733. 732.
  723. 747. 754. 742. 752. 756. 744. 755. 757. 712. 712. 715.]]
##############################
[[252. 299. 322. 330. 339. 336. 335. 338. 343. 337. 292. 293. 314. 319.
  342. 341. 357. 375. 372. 385. 392. 391. 392. 400. 405. 409. 419. 420.
  414. 424. 419. 433. 426. 426. 438. 433. 443. 440. 416. 407.]
 [950. 950. 950. 950. 950. 950. 950. 950. 950. 950. 950. 949. 948. 948.
  943. 946. 945. 943. 944. 942. 946. 945. 945. 946. 946. 944. 945. 947.
  948. 948. 947. 945. 946. 944. 946. 947. 946. 945. 897. 897.]
 [642. 723. 731. 745. 745. 757. 751. 754. 756. 756. 621. 585. 596. 593.
  617. 624. 638. 651. 648. 655. 671. 677. 687. 694. 694. 715. 722. 725.
  730. 736. 741. 734. 747. 762. 741. 757. 762. 750. 708. 713.]
 [641. 695. 727. 735. 741. 738. 750. 745. 744. 743. 636. 634. 639. 642.
  657. 660. 671. 677. 694. 695. 699. 715. 718. 711. 736. 726. 733. 732.
  723. 747. 754. 742. 752. 756. 744. 755. 757. 751. 712. 715.]]
##############################
[[252. 299. 322. 330. 339. 336. 335. 338. 343. 337. 292. 293. 314. 319.
  342. 341. 357. 375. 372. 385. 392. 391. 392. 400. 405. 409. 419. 420.
  414. 424. 419. 433. 426. 426. 438. 433. 443. 440. 443. 407.]
 [950. 950. 950. 950. 950. 950. 950. 950. 950. 950. 950. 949. 948. 948.
  943. 946. 945. 943. 944. 942. 946. 945. 945. 946. 946. 944. 945. 947.
  948. 948. 947. 945. 946. 944. 946. 947. 946. 945. 947. 897.]
 [642. 723. 731. 745. 745. 757. 751. 754. 756. 756. 621. 585. 596. 593.
  617. 624. 638. 651. 648. 655. 671. 677. 687. 694. 694. 715. 722. 725.
  730. 736. 741. 734. 747. 762. 741. 757. 762. 750. 749. 713.]
 [641. 695. 727. 735. 741. 738. 750. 745. 744. 743. 636. 634. 639. 642.
  657. 660. 671. 677. 694. 695. 699. 715. 718. 711. 736. 726. 733. 732.
  723. 747. 754. 742. 752. 756. 744. 755. 757. 751. 750. 715.]]
##############################
[[252. 299. 322. 330. 339. 336. 335. 338. 343. 337. 292. 293. 314. 319.
  342. 341. 357. 375. 372. 385. 392. 391. 392. 400. 405. 409. 419. 420.
  414. 424. 419. 433. 426. 426. 438. 433. 443. 440. 443. 434.]
 [950. 950. 950. 950. 950. 950. 950. 950. 950. 950. 950. 949. 948. 948.
  943. 946. 945. 943. 944. 942. 946. 945. 945. 946. 946. 944. 945. 947.
  948. 948. 947. 945. 946. 944. 946. 947. 946. 945. 947. 947.]
 [642. 723. 731. 745. 745. 757. 751. 754. 756. 756. 621. 585. 596. 593.
  617. 624. 638. 651. 648. 655. 671. 677. 687. 694. 694. 715. 722. 725.
  730. 736. 741. 734. 747. 762. 741. 757. 762. 750. 749. 754.]
 [641. 695. 727. 735. 741. 738. 750. 745. 744. 743. 636. 634. 639. 642.
  657. 660. 671. 677. 694. 695. 699. 715. 718. 711. 736. 726. 733. 732.
  723. 747. 754. 742. 752. 756. 744. 755. 757. 751. 750. 754.]]
##############################
##################################################
##################################################
starting :20 batch
[[ 262.  299.  322.  330.  339.  336.  335.  338.  343.  337.  292.  293.
   314.  319.  342.  341.  357.  375.  372.  385.  392.  391.  392.  400.
   405.  409.  419.  420.  414.  424.  419.  433.  426.  426.  438.  433.
   443.  440.  443.  434.]
 [1000.  950.  950.  950.  950.  950.  950.  950.  950.  950.  950.  949.
   948.  948.  943.  946.  945.  943.  944.  942.  946.  945.  945.  946.
   946.  944.  945.  947.  948.  948.  947.  945.  946.  944.  946.  947.
   946.  945.  947.  947.]
 [ 675.  723.  731.  745.  745.  757.  751.  754.  756.  756.  621.  585.
   596.  593.  617.  624.  638.  651.  648.  655.  671.  677.  687.  694.
   694.  715.  722.  725.  730.  736.  741.  734.  747.  762.  741.  757.
   762.  750.  749.  754.]
 [ 677.  695.  727.  735.  741.  738.  750.  745.  744.  743.  636.  634.
   639.  642.  657.  660.  671.  677.  694.  695.  699.  715.  718.  711.
   736.  726.  733.  732.  723.  747.  754.  742.  752.  756.  744.  755.
   757.  751.  750.  754.]]
##############################
[[ 262.  318.  322.  330.  339.  336.  335.  338.  343.  337.  292.  293.
   314.  319.  342.  341.  357.  375.  372.  385.  392.  391.  392.  400.
   405.  409.  419.  420.  414.  424.  419.  433.  426.  426.  438.  433.
   443.  440.  443.  434.]
 [1000. 1000.  950.  950.  950.  950.  950.  950.  950.  950.  950.  949.
   948.  948.  943.  946.  945.  943.  944.  942.  946.  945.  945.  946.
   946.  944.  945.  947.  948.  948.  947.  945.  946.  944.  946.  947.
   946.  945.  947.  947.]
 [ 675.  760.  731.  745.  745.  757.  751.  754.  756.  756.  621.  585.
   596.  593.  617.  624.  638.  651.  648.  655.  671.  677.  687.  694.
   694.  715.  722.  725.  730.  736.  741.  734.  747.  762.  741.  757.
   762.  750.  749.  754.]
 [ 677.  732.  727.  735.  741.  738.  750.  745.  744.  743.  636.  634.
   639.  642.  657.  660.  671.  677.  694.  695.  699.  715.  718.  711.
   736.  726.  733.  732.  723.  747.  754.  742.  752.  756.  744.  755.
   757.  751.  750.  754.]]
##############################
[[ 262.  318.  337.  330.  339.  336.  335.  338.  343.  337.  292.  293.
   314.  319.  342.  341.  357.  375.  372.  385.  392.  391.  392.  400.
   405.  409.  419.  420.  414.  424.  419.  433.  426.  426.  438.  433.
   443.  440.  443.  434.]
 [1000. 1000. 1000.  950.  950.  950.  950.  950.  950.  950.  950.  949.
   948.  948.  943.  946.  945.  943.  944.  942.  946.  945.  945.  946.
   946.  944.  945.  947.  948.  948.  947.  945.  946.  944.  946.  947.
   946.  945.  947.  947.]
 [ 675.  760.  768.  745.  745.  757.  751.  754.  756.  756.  621.  585.
   596.  593.  617.  624.  638.  651.  648.  655.  671.  677.  687.  694.
   694.  715.  722.  725.  730.  736.  741.  734.  747.  762.  741.  757.
   762.  750.  749.  754.]
 [ 677.  732.  764.  735.  741.  738.  750.  745.  744.  743.  636.  634.
   639.  642.  657.  660.  671.  677.  694.  695.  699.  715.  718.  711.
   736.  726.  733.  732.  723.  747.  754.  742.  752.  756.  744.  755.
   757.  751.  750.  754.]]
##############################
[[ 262.  318.  337.  346.  339.  336.  335.  338.  343.  337.  292.  293.
   314.  319.  342.  341.  357.  375.  372.  385.  392.  391.  392.  400.
   405.  409.  419.  420.  414.  424.  419.  433.  426.  426.  438.  433.
   443.  440.  443.  434.]
 [1000. 1000. 1000. 1000.  950.  950.  950.  950.  950.  950.  950.  949.
   948.  948.  943.  946.  945.  943.  944.  942.  946.  945.  945.  946.
   946.  944.  945.  947.  948.  948.  947.  945.  946.  944.  946.  947.
   946.  945.  947.  947.]
 [ 675.  760.  768.  783.  745.  757.  751.  754.  756.  756.  621.  585.
   596.  593.  617.  624.  638.  651.  648.  655.  671.  677.  687.  694.
   694.  715.  722.  725.  730.  736.  741.  734.  747.  762.  741.  757.
   762.  750.  749.  754.]
 [ 677.  732.  764.  775.  741.  738.  750.  745.  744.  743.  636.  634.
   639.  642.  657.  660.  671.  677.  694.  695.  699.  715.  718.  711.
   736.  726.  733.  732.  723.  747.  754.  742.  752.  756.  744.  755.
   757.  751.  750.  754.]]
##############################
[[ 262.  318.  337.  346.  356.  336.  335.  338.  343.  337.  292.  293.
   314.  319.  342.  341.  357.  375.  372.  385.  392.  391.  392.  400.
   405.  409.  419.  420.  414.  424.  419.  433.  426.  426.  438.  433.
   443.  440.  443.  434.]
 [1000. 1000. 1000. 1000. 1000.  950.  950.  950.  950.  950.  950.  949.
   948.  948.  943.  946.  945.  943.  944.  942.  946.  945.  945.  946.
   946.  944.  945.  947.  948.  948.  947.  945.  946.  944.  946.  947.
   946.  945.  947.  947.]
 [ 675.  760.  768.  783.  780.  757.  751.  754.  756.  756.  621.  585.
   596.  593.  617.  624.  638.  651.  648.  655.  671.  677.  687.  694.
   694.  715.  722.  725.  730.  736.  741.  734.  747.  762.  741.  757.
   762.  750.  749.  754.]
 [ 677.  732.  764.  775.  780.  738.  750.  745.  744.  743.  636.  634.
   639.  642.  657.  660.  671.  677.  694.  695.  699.  715.  718.  711.
   736.  726.  733.  732.  723.  747.  754.  742.  752.  756.  744.  755.
   757.  751.  750.  754.]]
##############################
[[ 262.  318.  337.  346.  356.  354.  335.  338.  343.  337.  292.  293.
   314.  319.  342.  341.  357.  375.  372.  385.  392.  391.  392.  400.
   405.  409.  419.  420.  414.  424.  419.  433.  426.  426.  438.  433.
   443.  440.  443.  434.]
 [1000. 1000. 1000. 1000. 1000. 1000.  950.  950.  950.  950.  950.  949.
   948.  948.  943.  946.  945.  943.  944.  942.  946.  945.  945.  946.
   946.  944.  945.  947.  948.  948.  947.  945.  946.  944.  946.  947.
   946.  945.  947.  947.]
 [ 675.  760.  768.  783.  780.  794.  751.  754.  756.  756.  621.  585.
   596.  593.  617.  624.  638.  651.  648.  655.  671.  677.  687.  694.
   694.  715.  722.  725.  730.  736.  741.  734.  747.  762.  741.  757.
   762.  750.  749.  754.]
 [ 677.  732.  764.  775.  780.  777.  750.  745.  744.  743.  636.  634.
   639.  642.  657.  660.  671.  677.  694.  695.  699.  715.  718.  711.
   736.  726.  733.  732.  723.  747.  754.  742.  752.  756.  744.  755.
   757.  751.  750.  754.]]
##############################
[[ 262.  318.  337.  346.  356.  354.  353.  338.  343.  337.  292.  293.
   314.  319.  342.  341.  357.  375.  372.  385.  392.  391.  392.  400.
   405.  409.  419.  420.  414.  424.  419.  433.  426.  426.  438.  433.
   443.  440.  443.  434.]
 [1000. 1000. 1000. 1000. 1000. 1000. 1000.  950.  950.  950.  950.  949.
   948.  948.  943.  946.  945.  943.  944.  942.  946.  945.  945.  946.
   946.  944.  945.  947.  948.  948.  947.  945.  946.  944.  946.  947.
   946.  945.  947.  947.]
 [ 675.  760.  768.  783.  780.  794.  787.  754.  756.  756.  621.  585.
   596.  593.  617.  624.  638.  651.  648.  655.  671.  677.  687.  694.
   694.  715.  722.  725.  730.  736.  741.  734.  747.  762.  741.  757.
   762.  750.  749.  754.]
 [ 677.  732.  764.  775.  780.  777.  790.  745.  744.  743.  636.  634.
   639.  642.  657.  660.  671.  677.  694.  695.  699.  715.  718.  711.
   736.  726.  733.  732.  723.  747.  754.  742.  752.  756.  744.  755.
   757.  751.  750.  754.]]
##############################
[[ 262.  318.  337.  346.  356.  354.  353.  355.  343.  337.  292.  293.
   314.  319.  342.  341.  357.  375.  372.  385.  392.  391.  392.  400.
   405.  409.  419.  420.  414.  424.  419.  433.  426.  426.  438.  433.
   443.  440.  443.  434.]
 [1000. 1000. 1000. 1000. 1000. 1000. 1000. 1000.  950.  950.  950.  949.
   948.  948.  943.  946.  945.  943.  944.  942.  946.  945.  945.  946.
   946.  944.  945.  947.  948.  948.  947.  945.  946.  944.  946.  947.
   946.  945.  947.  947.]
 [ 675.  760.  768.  783.  780.  794.  787.  790.  756.  756.  621.  585.
   596.  593.  617.  624.  638.  651.  648.  655.  671.  677.  687.  694.
   694.  715.  722.  725.  730.  736.  741.  734.  747.  762.  741.  757.
   762.  750.  749.  754.]
 [ 677.  732.  764.  775.  780.  777.  790.  783.  744.  743.  636.  634.
   639.  642.  657.  660.  671.  677.  694.  695.  699.  715.  718.  711.
   736.  726.  733.  732.  723.  747.  754.  742.  752.  756.  744.  755.
   757.  751.  750.  754.]]
##############################
[[ 262.  318.  337.  346.  356.  354.  353.  355.  361.  337.  292.  293.
   314.  319.  342.  341.  357.  375.  372.  385.  392.  391.  392.  400.
   405.  409.  419.  420.  414.  424.  419.  433.  426.  426.  438.  433.
   443.  440.  443.  434.]
 [1000. 1000. 1000. 1000. 1000. 1000. 1000. 1000. 1000.  950.  950.  949.
   948.  948.  943.  946.  945.  943.  944.  942.  946.  945.  945.  946.
   946.  944.  945.  947.  948.  948.  947.  945.  946.  944.  946.  947.
   946.  945.  947.  947.]
 [ 675.  760.  768.  783.  780.  794.  787.  790.  791.  756.  621.  585.
   596.  593.  617.  624.  638.  651.  648.  655.  671.  677.  687.  694.
   694.  715.  722.  725.  730.  736.  741.  734.  747.  762.  741.  757.
   762.  750.  749.  754.]
 [ 677.  732.  764.  775.  780.  777.  790.  783.  783.  743.  636.  634.
   639.  642.  657.  660.  671.  677.  694.  695.  699.  715.  718.  711.
   736.  726.  733.  732.  723.  747.  754.  742.  752.  756.  744.  755.
   757.  751.  750.  754.]]
##############################
[[ 262.  318.  337.  346.  356.  354.  353.  355.  361.  354.  292.  293.
   314.  319.  342.  341.  357.  375.  372.  385.  392.  391.  392.  400.
   405.  409.  419.  420.  414.  424.  419.  433.  426.  426.  438.  433.
   443.  440.  443.  434.]
 [1000. 1000. 1000. 1000. 1000. 1000. 1000. 1000. 1000. 1000.  950.  949.
   948.  948.  943.  946.  945.  943.  944.  942.  946.  945.  945.  946.
   946.  944.  945.  947.  948.  948.  947.  945.  946.  944.  946.  947.
   946.  945.  947.  947.]
 [ 675.  760.  768.  783.  780.  794.  787.  790.  791.  793.  621.  585.
   596.  593.  617.  624.  638.  651.  648.  655.  671.  677.  687.  694.
   694.  715.  722.  725.  730.  736.  741.  734.  747.  762.  741.  757.
   762.  750.  749.  754.]
 [ 677.  732.  764.  775.  780.  777.  790.  783.  783.  781.  636.  634.
   639.  642.  657.  660.  671.  677.  694.  695.  699.  715.  718.  711.
   736.  726.  733.  732.  723.  747.  754.  742.  752.  756.  744.  755.
   757.  751.  750.  754.]]
##############################
[[ 262.  318.  337.  346.  356.  354.  353.  355.  361.  354.  304.  293.
   314.  319.  342.  341.  357.  375.  372.  385.  392.  391.  392.  400.
   405.  409.  419.  420.  414.  424.  419.  433.  426.  426.  438.  433.
   443.  440.  443.  434.]
 [1000. 1000. 1000. 1000. 1000. 1000. 1000. 1000. 1000. 1000. 1000.  949.
   948.  948.  943.  946.  945.  943.  944.  942.  946.  945.  945.  946.
   946.  944.  945.  947.  948.  948.  947.  945.  946.  944.  946.  947.
   946.  945.  947.  947.]
 [ 675.  760.  768.  783.  780.  794.  787.  790.  791.  793.  649.  585.
   596.  593.  617.  624.  638.  651.  648.  655.  671.  677.  687.  694.
   694.  715.  722.  725.  730.  736.  741.  734.  747.  762.  741.  757.
   762.  750.  749.  754.]
 [ 677.  732.  764.  775.  780.  777.  790.  783.  783.  781.  672.  634.
   639.  642.  657.  660.  671.  677.  694.  695.  699.  715.  718.  711.
   736.  726.  733.  732.  723.  747.  754.  742.  752.  756.  744.  755.
   757.  751.  750.  754.]]
##############################
[[ 262.  318.  337.  346.  356.  354.  353.  355.  361.  354.  304.  304.
   314.  319.  342.  341.  357.  375.  372.  385.  392.  391.  392.  400.
   405.  409.  419.  420.  414.  424.  419.  433.  426.  426.  438.  433.
   443.  440.  443.  434.]
 [1000. 1000. 1000. 1000. 1000. 1000. 1000. 1000. 1000. 1000. 1000.  999.
   948.  948.  943.  946.  945.  943.  944.  942.  946.  945.  945.  946.
   946.  944.  945.  947.  948.  948.  947.  945.  946.  944.  946.  947.
   946.  945.  947.  947.]
 [ 675.  760.  768.  783.  780.  794.  787.  790.  791.  793.  649.  612.
   596.  593.  617.  624.  638.  651.  648.  655.  671.  677.  687.  694.
   694.  715.  722.  725.  730.  736.  741.  734.  747.  762.  741.  757.
   762.  750.  749.  754.]
 [ 677.  732.  764.  775.  780.  777.  790.  783.  783.  781.  672.  668.
   639.  642.  657.  660.  671.  677.  694.  695.  699.  715.  718.  711.
   736.  726.  733.  732.  723.  747.  754.  742.  752.  756.  744.  755.
   757.  751.  750.  754.]]
##############################
[[ 262.  318.  337.  346.  356.  354.  353.  355.  361.  354.  304.  304.
   328.  319.  342.  341.  357.  375.  372.  385.  392.  391.  392.  400.
   405.  409.  419.  420.  414.  424.  419.  433.  426.  426.  438.  433.
   443.  440.  443.  434.]
 [1000. 1000. 1000. 1000. 1000. 1000. 1000. 1000. 1000. 1000. 1000.  999.
   998.  948.  943.  946.  945.  943.  944.  942.  946.  945.  945.  946.
   946.  944.  945.  947.  948.  948.  947.  945.  946.  944.  946.  947.
   946.  945.  947.  947.]
 [ 675.  760.  768.  783.  780.  794.  787.  790.  791.  793.  649.  612.
   622.  593.  617.  624.  638.  651.  648.  655.  671.  677.  687.  694.
   694.  715.  722.  725.  730.  736.  741.  734.  747.  762.  741.  757.
   762.  750.  749.  754.]
 [ 677.  732.  764.  775.  780.  777.  790.  783.  783.  781.  672.  668.
   671.  642.  657.  660.  671.  677.  694.  695.  699.  715.  718.  711.
   736.  726.  733.  732.  723.  747.  754.  742.  752.  756.  744.  755.
   757.  751.  750.  754.]]
##############################
[[ 262.  318.  337.  346.  356.  354.  353.  355.  361.  354.  304.  304.
   328.  335.  342.  341.  357.  375.  372.  385.  392.  391.  392.  400.
   405.  409.  419.  420.  414.  424.  419.  433.  426.  426.  438.  433.
   443.  440.  443.  434.]
 [1000. 1000. 1000. 1000. 1000. 1000. 1000. 1000. 1000. 1000. 1000.  999.
   998.  998.  943.  946.  945.  943.  944.  942.  946.  945.  945.  946.
   946.  944.  945.  947.  948.  948.  947.  945.  946.  944.  946.  947.
   946.  945.  947.  947.]
 [ 675.  760.  768.  783.  780.  794.  787.  790.  791.  793.  649.  612.
   622.  621.  617.  624.  638.  651.  648.  655.  671.  677.  687.  694.
   694.  715.  722.  725.  730.  736.  741.  734.  747.  762.  741.  757.
   762.  750.  749.  754.]
 [ 677.  732.  764.  775.  780.  777.  790.  783.  783.  781.  672.  668.
   671.  674.  657.  660.  671.  677.  694.  695.  699.  715.  718.  711.
   736.  726.  733.  732.  723.  747.  754.  742.  752.  756.  744.  755.
   757.  751.  750.  754.]]
##############################
[[ 262.  318.  337.  346.  356.  354.  353.  355.  361.  354.  304.  304.
   328.  335.  356.  341.  357.  375.  372.  385.  392.  391.  392.  400.
   405.  409.  419.  420.  414.  424.  419.  433.  426.  426.  438.  433.
   443.  440.  443.  434.]
 [1000. 1000. 1000. 1000. 1000. 1000. 1000. 1000. 1000. 1000. 1000.  999.
   998.  998.  993.  946.  945.  943.  944.  942.  946.  945.  945.  946.
   946.  944.  945.  947.  948.  948.  947.  945.  946.  944.  946.  947.
   946.  945.  947.  947.]
 [ 675.  760.  768.  783.  780.  794.  787.  790.  791.  793.  649.  612.
   622.  621.  648.  624.  638.  651.  648.  655.  671.  677.  687.  694.
   694.  715.  722.  725.  730.  736.  741.  734.  747.  762.  741.  757.
   762.  750.  749.  754.]
 [ 677.  732.  764.  775.  780.  777.  790.  783.  783.  781.  672.  668.
   671.  674.  687.  660.  671.  677.  694.  695.  699.  715.  718.  711.
   736.  726.  733.  732.  723.  747.  754.  742.  752.  756.  744.  755.
   757.  751.  750.  754.]]
##############################
[[ 262.  318.  337.  346.  356.  354.  353.  355.  361.  354.  304.  304.
   328.  335.  356.  359.  357.  375.  372.  385.  392.  391.  392.  400.
   405.  409.  419.  420.  414.  424.  419.  433.  426.  426.  438.  433.
   443.  440.  443.  434.]
 [1000. 1000. 1000. 1000. 1000. 1000. 1000. 1000. 1000. 1000. 1000.  999.
   998.  998.  993.  996.  945.  943.  944.  942.  946.  945.  945.  946.
   946.  944.  945.  947.  948.  948.  947.  945.  946.  944.  946.  947.
   946.  945.  947.  947.]
 [ 675.  760.  768.  783.  780.  794.  787.  790.  791.  793.  649.  612.
   622.  621.  648.  652.  638.  651.  648.  655.  671.  677.  687.  694.
   694.  715.  722.  725.  730.  736.  741.  734.  747.  762.  741.  757.
   762.  750.  749.  754.]
 [ 677.  732.  764.  775.  780.  777.  790.  783.  783.  781.  672.  668.
   671.  674.  687.  689.  671.  677.  694.  695.  699.  715.  718.  711.
   736.  726.  733.  732.  723.  747.  754.  742.  752.  756.  744.  755.
   757.  751.  750.  754.]]
##############################
[[ 262.  318.  337.  346.  356.  354.  353.  355.  361.  354.  304.  304.
   328.  335.  356.  359.  374.  375.  372.  385.  392.  391.  392.  400.
   405.  409.  419.  420.  414.  424.  419.  433.  426.  426.  438.  433.
   443.  440.  443.  434.]
 [1000. 1000. 1000. 1000. 1000. 1000. 1000. 1000. 1000. 1000. 1000.  999.
   998.  998.  993.  996.  995.  943.  944.  942.  946.  945.  945.  946.
   946.  944.  945.  947.  948.  948.  947.  945.  946.  944.  946.  947.
   946.  945.  947.  947.]
 [ 675.  760.  768.  783.  780.  794.  787.  790.  791.  793.  649.  612.
   622.  621.  648.  652.  668.  651.  648.  655.  671.  677.  687.  694.
   694.  715.  722.  725.  730.  736.  741.  734.  747.  762.  741.  757.
   762.  750.  749.  754.]
 [ 677.  732.  764.  775.  780.  777.  790.  783.  783.  781.  672.  668.
   671.  674.  687.  689.  703.  677.  694.  695.  699.  715.  718.  711.
   736.  726.  733.  732.  723.  747.  754.  742.  752.  756.  744.  755.
   757.  751.  750.  754.]]
##############################
[[ 262.  318.  337.  346.  356.  354.  353.  355.  361.  354.  304.  304.
   328.  335.  356.  359.  374.  395.  372.  385.  392.  391.  392.  400.
   405.  409.  419.  420.  414.  424.  419.  433.  426.  426.  438.  433.
   443.  440.  443.  434.]
 [1000. 1000. 1000. 1000. 1000. 1000. 1000. 1000. 1000. 1000. 1000.  999.
   998.  998.  993.  996.  995.  993.  944.  942.  946.  945.  945.  946.
   946.  944.  945.  947.  948.  948.  947.  945.  946.  944.  946.  947.
   946.  945.  947.  947.]
 [ 675.  760.  768.  783.  780.  794.  787.  790.  791.  793.  649.  612.
   622.  621.  648.  652.  668.  680.  648.  655.  671.  677.  687.  694.
   694.  715.  722.  725.  730.  736.  741.  734.  747.  762.  741.  757.
   762.  750.  749.  754.]
 [ 677.  732.  764.  775.  780.  777.  790.  783.  783.  781.  672.  668.
   671.  674.  687.  689.  703.  711.  694.  695.  699.  715.  718.  711.
   736.  726.  733.  732.  723.  747.  754.  742.  752.  756.  744.  755.
   757.  751.  750.  754.]]
##############################
[[ 262.  318.  337.  346.  356.  354.  353.  355.  361.  354.  304.  304.
   328.  335.  356.  359.  374.  395.  393.  385.  392.  391.  392.  400.
   405.  409.  419.  420.  414.  424.  419.  433.  426.  426.  438.  433.
   443.  440.  443.  434.]
 [1000. 1000. 1000. 1000. 1000. 1000. 1000. 1000. 1000. 1000. 1000.  999.
   998.  998.  993.  996.  995.  993.  994.  942.  946.  945.  945.  946.
   946.  944.  945.  947.  948.  948.  947.  945.  946.  944.  946.  947.
   946.  945.  947.  947.]
 [ 675.  760.  768.  783.  780.  794.  787.  790.  791.  793.  649.  612.
   622.  621.  648.  652.  668.  680.  681.  655.  671.  677.  687.  694.
   694.  715.  722.  725.  730.  736.  741.  734.  747.  762.  741.  757.
   762.  750.  749.  754.]
 [ 677.  732.  764.  775.  780.  777.  790.  783.  783.  781.  672.  668.
   671.  674.  687.  689.  703.  711.  727.  695.  699.  715.  718.  711.
   736.  726.  733.  732.  723.  747.  754.  742.  752.  756.  744.  755.
   757.  751.  750.  754.]]
##############################
[[ 262.  318.  337.  346.  356.  354.  353.  355.  361.  354.  304.  304.
   328.  335.  356.  359.  374.  395.  393.  406.  392.  391.  392.  400.
   405.  409.  419.  420.  414.  424.  419.  433.  426.  426.  438.  433.
   443.  440.  443.  434.]
 [1000. 1000. 1000. 1000. 1000. 1000. 1000. 1000. 1000. 1000. 1000.  999.
   998.  998.  993.  996.  995.  993.  994.  992.  946.  945.  945.  946.
   946.  944.  945.  947.  948.  948.  947.  945.  946.  944.  946.  947.
   946.  945.  947.  947.]
 [ 675.  760.  768.  783.  780.  794.  787.  790.  791.  793.  649.  612.
   622.  621.  648.  652.  668.  680.  681.  688.  671.  677.  687.  694.
   694.  715.  722.  725.  730.  736.  741.  734.  747.  762.  741.  757.
   762.  750.  749.  754.]
 [ 677.  732.  764.  775.  780.  777.  790.  783.  783.  781.  672.  668.
   671.  674.  687.  689.  703.  711.  727.  733.  699.  715.  718.  711.
   736.  726.  733.  732.  723.  747.  754.  742.  752.  756.  744.  755.
   757.  751.  750.  754.]]
##############################
[[ 262.  318.  337.  346.  356.  354.  353.  355.  361.  354.  304.  304.
   328.  335.  356.  359.  374.  395.  393.  406.  411.  391.  392.  400.
   405.  409.  419.  420.  414.  424.  419.  433.  426.  426.  438.  433.
   443.  440.  443.  434.]
 [1000. 1000. 1000. 1000. 1000. 1000. 1000. 1000. 1000. 1000. 1000.  999.
   998.  998.  993.  996.  995.  993.  994.  992.  996.  945.  945.  946.
   946.  944.  945.  947.  948.  948.  947.  945.  946.  944.  946.  947.
   946.  945.  947.  947.]
 [ 675.  760.  768.  783.  780.  794.  787.  790.  791.  793.  649.  612.
   622.  621.  648.  652.  668.  680.  681.  688.  704.  677.  687.  694.
   694.  715.  722.  725.  730.  736.  741.  734.  747.  762.  741.  757.
   762.  750.  749.  754.]
 [ 677.  732.  764.  775.  780.  777.  790.  783.  783.  781.  672.  668.
   671.  674.  687.  689.  703.  711.  727.  733.  739.  715.  718.  711.
   736.  726.  733.  732.  723.  747.  754.  742.  752.  756.  744.  755.
   757.  751.  750.  754.]]
##############################
[[ 262.  318.  337.  346.  356.  354.  353.  355.  361.  354.  304.  304.
   328.  335.  356.  359.  374.  395.  393.  406.  411.  414.  392.  400.
   405.  409.  419.  420.  414.  424.  419.  433.  426.  426.  438.  433.
   443.  440.  443.  434.]
 [1000. 1000. 1000. 1000. 1000. 1000. 1000. 1000. 1000. 1000. 1000.  999.
   998.  998.  993.  996.  995.  993.  994.  992.  996.  995.  945.  946.
   946.  944.  945.  947.  948.  948.  947.  945.  946.  944.  946.  947.
   946.  945.  947.  947.]
 [ 675.  760.  768.  783.  780.  794.  787.  790.  791.  793.  649.  612.
   622.  621.  648.  652.  668.  680.  681.  688.  704.  711.  687.  694.
   694.  715.  722.  725.  730.  736.  741.  734.  747.  762.  741.  757.
   762.  750.  749.  754.]
 [ 677.  732.  764.  775.  780.  777.  790.  783.  783.  781.  672.  668.
   671.  674.  687.  689.  703.  711.  727.  733.  739.  751.  718.  711.
   736.  726.  733.  732.  723.  747.  754.  742.  752.  756.  744.  755.
   757.  751.  750.  754.]]
##############################
[[ 262.  318.  337.  346.  356.  354.  353.  355.  361.  354.  304.  304.
   328.  335.  356.  359.  374.  395.  393.  406.  411.  414.  413.  400.
   405.  409.  419.  420.  414.  424.  419.  433.  426.  426.  438.  433.
   443.  440.  443.  434.]
 [1000. 1000. 1000. 1000. 1000. 1000. 1000. 1000. 1000. 1000. 1000.  999.
   998.  998.  993.  996.  995.  993.  994.  992.  996.  995.  995.  946.
   946.  944.  945.  947.  948.  948.  947.  945.  946.  944.  946.  947.
   946.  945.  947.  947.]
 [ 675.  760.  768.  783.  780.  794.  787.  790.  791.  793.  649.  612.
   622.  621.  648.  652.  668.  680.  681.  688.  704.  711.  719.  694.
   694.  715.  722.  725.  730.  736.  741.  734.  747.  762.  741.  757.
   762.  750.  749.  754.]
 [ 677.  732.  764.  775.  780.  777.  790.  783.  783.  781.  672.  668.
   671.  674.  687.  689.  703.  711.  727.  733.  739.  751.  757.  711.
   736.  726.  733.  732.  723.  747.  754.  742.  752.  756.  744.  755.
   757.  751.  750.  754.]]
##############################
[[ 262.  318.  337.  346.  356.  354.  353.  355.  361.  354.  304.  304.
   328.  335.  356.  359.  374.  395.  393.  406.  411.  414.  413.  420.
   405.  409.  419.  420.  414.  424.  419.  433.  426.  426.  438.  433.
   443.  440.  443.  434.]
 [1000. 1000. 1000. 1000. 1000. 1000. 1000. 1000. 1000. 1000. 1000.  999.
   998.  998.  993.  996.  995.  993.  994.  992.  996.  995.  995.  996.
   946.  944.  945.  947.  948.  948.  947.  945.  946.  944.  946.  947.
   946.  945.  947.  947.]
 [ 675.  760.  768.  783.  780.  794.  787.  790.  791.  793.  649.  612.
   622.  621.  648.  652.  668.  680.  681.  688.  704.  711.  719.  727.
   694.  715.  722.  725.  730.  736.  741.  734.  747.  762.  741.  757.
   762.  750.  749.  754.]
 [ 677.  732.  764.  775.  780.  777.  790.  783.  783.  781.  672.  668.
   671.  674.  687.  689.  703.  711.  727.  733.  739.  751.  757.  747.
   736.  726.  733.  732.  723.  747.  754.  742.  752.  756.  744.  755.
   757.  751.  750.  754.]]
##############################
[[ 262.  318.  337.  346.  356.  354.  353.  355.  361.  354.  304.  304.
   328.  335.  356.  359.  374.  395.  393.  406.  411.  414.  413.  420.
   428.  409.  419.  420.  414.  424.  419.  433.  426.  426.  438.  433.
   443.  440.  443.  434.]
 [1000. 1000. 1000. 1000. 1000. 1000. 1000. 1000. 1000. 1000. 1000.  999.
   998.  998.  993.  996.  995.  993.  994.  992.  996.  995.  995.  996.
   996.  944.  945.  947.  948.  948.  947.  945.  946.  944.  946.  947.
   946.  945.  947.  947.]
 [ 675.  760.  768.  783.  780.  794.  787.  790.  791.  793.  649.  612.
   622.  621.  648.  652.  668.  680.  681.  688.  704.  711.  719.  727.
   729.  715.  722.  725.  730.  736.  741.  734.  747.  762.  741.  757.
   762.  750.  749.  754.]
 [ 677.  732.  764.  775.  780.  777.  790.  783.  783.  781.  672.  668.
   671.  674.  687.  689.  703.  711.  727.  733.  739.  751.  757.  747.
   774.  726.  733.  732.  723.  747.  754.  742.  752.  756.  744.  755.
   757.  751.  750.  754.]]
##############################
[[ 262.  318.  337.  346.  356.  354.  353.  355.  361.  354.  304.  304.
   328.  335.  356.  359.  374.  395.  393.  406.  411.  414.  413.  420.
   428.  432.  419.  420.  414.  424.  419.  433.  426.  426.  438.  433.
   443.  440.  443.  434.]
 [1000. 1000. 1000. 1000. 1000. 1000. 1000. 1000. 1000. 1000. 1000.  999.
   998.  998.  993.  996.  995.  993.  994.  992.  996.  995.  995.  996.
   996.  994.  945.  947.  948.  948.  947.  945.  946.  944.  946.  947.
   946.  945.  947.  947.]
 [ 675.  760.  768.  783.  780.  794.  787.  790.  791.  793.  649.  612.
   622.  621.  648.  652.  668.  680.  681.  688.  704.  711.  719.  727.
   729.  751.  722.  725.  730.  736.  741.  734.  747.  762.  741.  757.
   762.  750.  749.  754.]
 [ 677.  732.  764.  775.  780.  777.  790.  783.  783.  781.  672.  668.
   671.  674.  687.  689.  703.  711.  727.  733.  739.  751.  757.  747.
   774.  765.  733.  732.  723.  747.  754.  742.  752.  756.  744.  755.
   757.  751.  750.  754.]]
##############################
[[ 262.  318.  337.  346.  356.  354.  353.  355.  361.  354.  304.  304.
   328.  335.  356.  359.  374.  395.  393.  406.  411.  414.  413.  420.
   428.  432.  442.  420.  414.  424.  419.  433.  426.  426.  438.  433.
   443.  440.  443.  434.]
 [1000. 1000. 1000. 1000. 1000. 1000. 1000. 1000. 1000. 1000. 1000.  999.
   998.  998.  993.  996.  995.  993.  994.  992.  996.  995.  995.  996.
   996.  994.  995.  947.  948.  948.  947.  945.  946.  944.  946.  947.
   946.  945.  947.  947.]
 [ 675.  760.  768.  783.  780.  794.  787.  790.  791.  793.  649.  612.
   622.  621.  648.  652.  668.  680.  681.  688.  704.  711.  719.  727.
   729.  751.  756.  725.  730.  736.  741.  734.  747.  762.  741.  757.
   762.  750.  749.  754.]
 [ 677.  732.  764.  775.  780.  777.  790.  783.  783.  781.  672.  668.
   671.  674.  687.  689.  703.  711.  727.  733.  739.  751.  757.  747.
   774.  765.  773.  732.  723.  747.  754.  742.  752.  756.  744.  755.
   757.  751.  750.  754.]]
##############################
[[ 262.  318.  337.  346.  356.  354.  353.  355.  361.  354.  304.  304.
   328.  335.  356.  359.  374.  395.  393.  406.  411.  414.  413.  420.
   428.  432.  442.  443.  414.  424.  419.  433.  426.  426.  438.  433.
   443.  440.  443.  434.]
 [1000. 1000. 1000. 1000. 1000. 1000. 1000. 1000. 1000. 1000. 1000.  999.
   998.  998.  993.  996.  995.  993.  994.  992.  996.  995.  995.  996.
   996.  994.  995.  997.  948.  948.  947.  945.  946.  944.  946.  947.
   946.  945.  947.  947.]
 [ 675.  760.  768.  783.  780.  794.  787.  790.  791.  793.  649.  612.
   622.  621.  648.  652.  668.  680.  681.  688.  704.  711.  719.  727.
   729.  751.  756.  761.  730.  736.  741.  734.  747.  762.  741.  757.
   762.  750.  749.  754.]
 [ 677.  732.  764.  775.  780.  777.  790.  783.  783.  781.  672.  668.
   671.  674.  687.  689.  703.  711.  727.  733.  739.  751.  757.  747.
   774.  765.  773.  771.  723.  747.  754.  742.  752.  756.  744.  755.
   757.  751.  750.  754.]]
##############################
[[ 262.  318.  337.  346.  356.  354.  353.  355.  361.  354.  304.  304.
   328.  335.  356.  359.  374.  395.  393.  406.  411.  414.  413.  420.
   428.  432.  442.  443.  436.  424.  419.  433.  426.  426.  438.  433.
   443.  440.  443.  434.]
 [1000. 1000. 1000. 1000. 1000. 1000. 1000. 1000. 1000. 1000. 1000.  999.
   998.  998.  993.  996.  995.  993.  994.  992.  996.  995.  995.  996.
   996.  994.  995.  997.  998.  948.  947.  945.  946.  944.  946.  947.
   946.  945.  947.  947.]
 [ 675.  760.  768.  783.  780.  794.  787.  790.  791.  793.  649.  612.
   622.  621.  648.  652.  668.  680.  681.  688.  704.  711.  719.  727.
   729.  751.  756.  761.  766.  736.  741.  734.  747.  762.  741.  757.
   762.  750.  749.  754.]
 [ 677.  732.  764.  775.  780.  777.  790.  783.  783.  781.  672.  668.
   671.  674.  687.  689.  703.  711.  727.  733.  739.  751.  757.  747.
   774.  765.  773.  771.  762.  747.  754.  742.  752.  756.  744.  755.
   757.  751.  750.  754.]]
##############################
[[ 262.  318.  337.  346.  356.  354.  353.  355.  361.  354.  304.  304.
   328.  335.  356.  359.  374.  395.  393.  406.  411.  414.  413.  420.
   428.  432.  442.  443.  436.  445.  419.  433.  426.  426.  438.  433.
   443.  440.  443.  434.]
 [1000. 1000. 1000. 1000. 1000. 1000. 1000. 1000. 1000. 1000. 1000.  999.
   998.  998.  993.  996.  995.  993.  994.  992.  996.  995.  995.  996.
   996.  994.  995.  997.  998.  998.  947.  945.  946.  944.  946.  947.
   946.  945.  947.  947.]
 [ 675.  760.  768.  783.  780.  794.  787.  790.  791.  793.  649.  612.
   622.  621.  648.  652.  668.  680.  681.  688.  704.  711.  719.  727.
   729.  751.  756.  761.  766.  774.  741.  734.  747.  762.  741.  757.
   762.  750.  749.  754.]
 [ 677.  732.  764.  775.  780.  777.  790.  783.  783.  781.  672.  668.
   671.  674.  687.  689.  703.  711.  727.  733.  739.  751.  757.  747.
   774.  765.  773.  771.  762.  785.  754.  742.  752.  756.  744.  755.
   757.  751.  750.  754.]]
##############################
[[ 262.  318.  337.  346.  356.  354.  353.  355.  361.  354.  304.  304.
   328.  335.  356.  359.  374.  395.  393.  406.  411.  414.  413.  420.
   428.  432.  442.  443.  436.  445.  439.  433.  426.  426.  438.  433.
   443.  440.  443.  434.]
 [1000. 1000. 1000. 1000. 1000. 1000. 1000. 1000. 1000. 1000. 1000.  999.
   998.  998.  993.  996.  995.  993.  994.  992.  996.  995.  995.  996.
   996.  994.  995.  997.  998.  998.  997.  945.  946.  944.  946.  947.
   946.  945.  947.  947.]
 [ 675.  760.  768.  783.  780.  794.  787.  790.  791.  793.  649.  612.
   622.  621.  648.  652.  668.  680.  681.  688.  704.  711.  719.  727.
   729.  751.  756.  761.  766.  774.  783.  734.  747.  762.  741.  757.
   762.  750.  749.  754.]
 [ 677.  732.  764.  775.  780.  777.  790.  783.  783.  781.  672.  668.
   671.  674.  687.  689.  703.  711.  727.  733.  739.  751.  757.  747.
   774.  765.  773.  771.  762.  785.  793.  742.  752.  756.  744.  755.
   757.  751.  750.  754.]]
##############################
[[ 262.  318.  337.  346.  356.  354.  353.  355.  361.  354.  304.  304.
   328.  335.  356.  359.  374.  395.  393.  406.  411.  414.  413.  420.
   428.  432.  442.  443.  436.  445.  439.  456.  426.  426.  438.  433.
   443.  440.  443.  434.]
 [1000. 1000. 1000. 1000. 1000. 1000. 1000. 1000. 1000. 1000. 1000.  999.
   998.  998.  993.  996.  995.  993.  994.  992.  996.  995.  995.  996.
   996.  994.  995.  997.  998.  998.  997.  995.  946.  944.  946.  947.
   946.  945.  947.  947.]
 [ 675.  760.  768.  783.  780.  794.  787.  790.  791.  793.  649.  612.
   622.  621.  648.  652.  668.  680.  681.  688.  704.  711.  719.  727.
   729.  751.  756.  761.  766.  774.  783.  774.  747.  762.  741.  757.
   762.  750.  749.  754.]
 [ 677.  732.  764.  775.  780.  777.  790.  783.  783.  781.  672.  668.
   671.  674.  687.  689.  703.  711.  727.  733.  739.  751.  757.  747.
   774.  765.  773.  771.  762.  785.  793.  782.  752.  756.  744.  755.
   757.  751.  750.  754.]]
##############################
[[ 262.  318.  337.  346.  356.  354.  353.  355.  361.  354.  304.  304.
   328.  335.  356.  359.  374.  395.  393.  406.  411.  414.  413.  420.
   428.  432.  442.  443.  436.  445.  439.  456.  447.  426.  438.  433.
   443.  440.  443.  434.]
 [1000. 1000. 1000. 1000. 1000. 1000. 1000. 1000. 1000. 1000. 1000.  999.
   998.  998.  993.  996.  995.  993.  994.  992.  996.  995.  995.  996.
   996.  994.  995.  997.  998.  998.  997.  995.  996.  944.  946.  947.
   946.  945.  947.  947.]
 [ 675.  760.  768.  783.  780.  794.  787.  790.  791.  793.  649.  612.
   622.  621.  648.  652.  668.  680.  681.  688.  704.  711.  719.  727.
   729.  751.  756.  761.  766.  774.  783.  774.  785.  762.  741.  757.
   762.  750.  749.  754.]
 [ 677.  732.  764.  775.  780.  777.  790.  783.  783.  781.  672.  668.
   671.  674.  687.  689.  703.  711.  727.  733.  739.  751.  757.  747.
   774.  765.  773.  771.  762.  785.  793.  782.  793.  756.  744.  755.
   757.  751.  750.  754.]]
##############################
[[ 262.  318.  337.  346.  356.  354.  353.  355.  361.  354.  304.  304.
   328.  335.  356.  359.  374.  395.  393.  406.  411.  414.  413.  420.
   428.  432.  442.  443.  436.  445.  439.  456.  447.  451.  438.  433.
   443.  440.  443.  434.]
 [1000. 1000. 1000. 1000. 1000. 1000. 1000. 1000. 1000. 1000. 1000.  999.
   998.  998.  993.  996.  995.  993.  994.  992.  996.  995.  995.  996.
   996.  994.  995.  997.  998.  998.  997.  995.  996.  994.  946.  947.
   946.  945.  947.  947.]
 [ 675.  760.  768.  783.  780.  794.  787.  790.  791.  793.  649.  612.
   622.  621.  648.  652.  668.  680.  681.  688.  704.  711.  719.  727.
   729.  751.  756.  761.  766.  774.  783.  774.  785.  798.  741.  757.
   762.  750.  749.  754.]
 [ 677.  732.  764.  775.  780.  777.  790.  783.  783.  781.  672.  668.
   671.  674.  687.  689.  703.  711.  727.  733.  739.  751.  757.  747.
   774.  765.  773.  771.  762.  785.  793.  782.  793.  799.  744.  755.
   757.  751.  750.  754.]]
##############################
[[ 262.  318.  337.  346.  356.  354.  353.  355.  361.  354.  304.  304.
   328.  335.  356.  359.  374.  395.  393.  406.  411.  414.  413.  420.
   428.  432.  442.  443.  436.  445.  439.  456.  447.  451.  461.  433.
   443.  440.  443.  434.]
 [1000. 1000. 1000. 1000. 1000. 1000. 1000. 1000. 1000. 1000. 1000.  999.
   998.  998.  993.  996.  995.  993.  994.  992.  996.  995.  995.  996.
   996.  994.  995.  997.  998.  998.  997.  995.  996.  994.  996.  947.
   946.  945.  947.  947.]
 [ 675.  760.  768.  783.  780.  794.  787.  790.  791.  793.  649.  612.
   622.  621.  648.  652.  668.  680.  681.  688.  704.  711.  719.  727.
   729.  751.  756.  761.  766.  774.  783.  774.  785.  798.  778.  757.
   762.  750.  749.  754.]
 [ 677.  732.  764.  775.  780.  777.  790.  783.  783.  781.  672.  668.
   671.  674.  687.  689.  703.  711.  727.  733.  739.  751.  757.  747.
   774.  765.  773.  771.  762.  785.  793.  782.  793.  799.  787.  755.
   757.  751.  750.  754.]]
##############################
[[ 262.  318.  337.  346.  356.  354.  353.  355.  361.  354.  304.  304.
   328.  335.  356.  359.  374.  395.  393.  406.  411.  414.  413.  420.
   428.  432.  442.  443.  436.  445.  439.  456.  447.  451.  461.  456.
   443.  440.  443.  434.]
 [1000. 1000. 1000. 1000. 1000. 1000. 1000. 1000. 1000. 1000. 1000.  999.
   998.  998.  993.  996.  995.  993.  994.  992.  996.  995.  995.  996.
   996.  994.  995.  997.  998.  998.  997.  995.  996.  994.  996.  997.
   946.  945.  947.  947.]
 [ 675.  760.  768.  783.  780.  794.  787.  790.  791.  793.  649.  612.
   622.  621.  648.  652.  668.  680.  681.  688.  704.  711.  719.  727.
   729.  751.  756.  761.  766.  774.  783.  774.  785.  798.  778.  793.
   762.  750.  749.  754.]
 [ 677.  732.  764.  775.  780.  777.  790.  783.  783.  781.  672.  668.
   671.  674.  687.  689.  703.  711.  727.  733.  739.  751.  757.  747.
   774.  765.  773.  771.  762.  785.  793.  782.  793.  799.  787.  796.
   757.  751.  750.  754.]]
##############################
[[ 262.  318.  337.  346.  356.  354.  353.  355.  361.  354.  304.  304.
   328.  335.  356.  359.  374.  395.  393.  406.  411.  414.  413.  420.
   428.  432.  442.  443.  436.  445.  439.  456.  447.  451.  461.  456.
   467.  440.  443.  434.]
 [1000. 1000. 1000. 1000. 1000. 1000. 1000. 1000. 1000. 1000. 1000.  999.
   998.  998.  993.  996.  995.  993.  994.  992.  996.  995.  995.  996.
   996.  994.  995.  997.  998.  998.  997.  995.  996.  994.  996.  997.
   996.  945.  947.  947.]
 [ 675.  760.  768.  783.  780.  794.  787.  790.  791.  793.  649.  612.
   622.  621.  648.  652.  668.  680.  681.  688.  704.  711.  719.  727.
   729.  751.  756.  761.  766.  774.  783.  774.  785.  798.  778.  793.
   799.  750.  749.  754.]
 [ 677.  732.  764.  775.  780.  777.  790.  783.  783.  781.  672.  668.
   671.  674.  687.  689.  703.  711.  727.  733.  739.  751.  757.  747.
   774.  765.  773.  771.  762.  785.  793.  782.  793.  799.  787.  796.
   797.  751.  750.  754.]]
##############################
[[ 262.  318.  337.  346.  356.  354.  353.  355.  361.  354.  304.  304.
   328.  335.  356.  359.  374.  395.  393.  406.  411.  414.  413.  420.
   428.  432.  442.  443.  436.  445.  439.  456.  447.  451.  461.  456.
   467.  463.  443.  434.]
 [1000. 1000. 1000. 1000. 1000. 1000. 1000. 1000. 1000. 1000. 1000.  999.
   998.  998.  993.  996.  995.  993.  994.  992.  996.  995.  995.  996.
   996.  994.  995.  997.  998.  998.  997.  995.  996.  994.  996.  997.
   996.  995.  947.  947.]
 [ 675.  760.  768.  783.  780.  794.  787.  790.  791.  793.  649.  612.
   622.  621.  648.  652.  668.  680.  681.  688.  704.  711.  719.  727.
   729.  751.  756.  761.  766.  774.  783.  774.  785.  798.  778.  793.
   799.  788.  749.  754.]
 [ 677.  732.  764.  775.  780.  777.  790.  783.  783.  781.  672.  668.
   671.  674.  687.  689.  703.  711.  727.  733.  739.  751.  757.  747.
   774.  765.  773.  771.  762.  785.  793.  782.  793.  799.  787.  796.
   797.  790.  750.  754.]]
##############################
[[ 262.  318.  337.  346.  356.  354.  353.  355.  361.  354.  304.  304.
   328.  335.  356.  359.  374.  395.  393.  406.  411.  414.  413.  420.
   428.  432.  442.  443.  436.  445.  439.  456.  447.  451.  461.  456.
   467.  463.  464.  434.]
 [1000. 1000. 1000. 1000. 1000. 1000. 1000. 1000. 1000. 1000. 1000.  999.
   998.  998.  993.  996.  995.  993.  994.  992.  996.  995.  995.  996.
   996.  994.  995.  997.  998.  998.  997.  995.  996.  994.  996.  997.
   996.  995.  997.  947.]
 [ 675.  760.  768.  783.  780.  794.  787.  790.  791.  793.  649.  612.
   622.  621.  648.  652.  668.  680.  681.  688.  704.  711.  719.  727.
   729.  751.  756.  761.  766.  774.  783.  774.  785.  798.  778.  793.
   799.  788.  786.  754.]
 [ 677.  732.  764.  775.  780.  777.  790.  783.  783.  781.  672.  668.
   671.  674.  687.  689.  703.  711.  727.  733.  739.  751.  757.  747.
   774.  765.  773.  771.  762.  785.  793.  782.  793.  799.  787.  796.
   797.  790.  792.  754.]]
##############################
[[ 262.  318.  337.  346.  356.  354.  353.  355.  361.  354.  304.  304.
   328.  335.  356.  359.  374.  395.  393.  406.  411.  414.  413.  420.
   428.  432.  442.  443.  436.  445.  439.  456.  447.  451.  461.  456.
   467.  463.  464.  455.]
 [1000. 1000. 1000. 1000. 1000. 1000. 1000. 1000. 1000. 1000. 1000.  999.
   998.  998.  993.  996.  995.  993.  994.  992.  996.  995.  995.  996.
   996.  994.  995.  997.  998.  998.  997.  995.  996.  994.  996.  997.
   996.  995.  997.  997.]
 [ 675.  760.  768.  783.  780.  794.  787.  790.  791.  793.  649.  612.
   622.  621.  648.  652.  668.  680.  681.  688.  704.  711.  719.  727.
   729.  751.  756.  761.  766.  774.  783.  774.  785.  798.  778.  793.
   799.  788.  786.  790.]
 [ 677.  732.  764.  775.  780.  777.  790.  783.  783.  781.  672.  668.
   671.  674.  687.  689.  703.  711.  727.  733.  739.  751.  757.  747.
   774.  765.  773.  771.  762.  785.  793.  782.  793.  799.  787.  796.
   797.  790.  792.  791.]]
##############################
##################################################
/targeted_attack/adv_example/resnet50_CE_100
Hyper-parameters: {'source_model': 'resnet50', 'batch_size': 50, 'max_iterations': 400, 'loss_function': 'CE', 'targeted': False, 'm1': 1, 'm2': 1, 'strength': 0, 'adv_perturbation': True, 'adv_loss_function': 'CE', 'adv_epsilon': 0.06274509803921569, 'adv_steps': 8, 'transpoint': 100, 'seed': 9018, 'MI': False, 'DI': False, 'TI': False, 'SI': False, 'random_start': False, 'save': True, 'device': 0, 'adv_alpha': 0.00784313725490196, 'adv_targeted': 1, 'file_path': '/targeted_attack/adv_example/resnet50_CE_100'}

final result
Source model : Ensemble --> Target model: Inception-v3 | ResNet50 | DenseNet121 | VGG16bn
[[ 262.  318.  337.  346.  356.  354.  353.  355.  361.  354.  304.  304.
   328.  335.  356.  359.  374.  395.  393.  406.  411.  414.  413.  420.
   428.  432.  442.  443.  436.  445.  439.  456.  447.  451.  461.  456.
   467.  463.  464.  455.]
 [1000. 1000. 1000. 1000. 1000. 1000. 1000. 1000. 1000. 1000. 1000.  999.
   998.  998.  993.  996.  995.  993.  994.  992.  996.  995.  995.  996.
   996.  994.  995.  997.  998.  998.  997.  995.  996.  994.  996.  997.
   996.  995.  997.  997.]
 [ 675.  760.  768.  783.  780.  794.  787.  790.  791.  793.  649.  612.
   622.  621.  648.  652.  668.  680.  681.  688.  704.  711.  719.  727.
   729.  751.  756.  761.  766.  774.  783.  774.  785.  798.  778.  793.
   799.  788.  786.  790.]
 [ 677.  732.  764.  775.  780.  777.  790.  783.  783.  781.  672.  668.
   671.  674.  687.  689.  703.  711.  727.  733.  739.  751.  757.  747.
   774.  765.  773.  771.  762.  785.  793.  782.  793.  799.  787.  796.
   797.  790.  792.  791.]]
results for 10 iters:
[ 262. 1000.  675.  677.]
results for 100 iters:
[ 354. 1000.  793.  781.]
results for 200 iters:
[406. 992. 688. 733.]
results for 300 iters:
[445. 998. 774. 785.]
results for 400 iters:
[455. 997. 790. 791.]
saving the adversarial examples
finishing saving the adversarial examples
finishing the attack experiment
##################################################
##################################################
##################################################
