resnet50_CE_400
Hyper-parameters: {'source_model': 'resnet50', 'batch_size': 50, 'max_iterations': 400, 'loss_function': 'CE', 'targeted': False, 'm1': 1, 'm2': 1, 'strength': 0, 'adv_perturbation': False, 'adv_loss_function': 'CE', 'adv_epsilon': 0.06274509803921569, 'adv_steps': 8, 'transpoint': 400, 'seed': 9018, 'MI': False, 'DI': False, 'TI': False, 'SI': False, 'random_start': False, 'save': True, 'device': 0, 'adv_alpha': 0.00784313725490196, 'adv_targeted': 1, 'file_path': '/targeted_attack/adv_example/resnet50_CE_400'}

device: cuda
setting up the source and target models
loaded the images
##################################################
starting :1 batch
[[18.  0.  0.  0.  0.  0.  0.  0.  0.  0.  0.  0.  0.  0.  0.  0.  0.  0.
   0.  0.  0.  0.  0.  0.  0.  0.  0.  0.  0.  0.  0.  0.  0.  0.  0.  0.
   0.  0.  0.  0.]
 [50.  0.  0.  0.  0.  0.  0.  0.  0.  0.  0.  0.  0.  0.  0.  0.  0.  0.
   0.  0.  0.  0.  0.  0.  0.  0.  0.  0.  0.  0.  0.  0.  0.  0.  0.  0.
   0.  0.  0.  0.]
 [33.  0.  0.  0.  0.  0.  0.  0.  0.  0.  0.  0.  0.  0.  0.  0.  0.  0.
   0.  0.  0.  0.  0.  0.  0.  0.  0.  0.  0.  0.  0.  0.  0.  0.  0.  0.
   0.  0.  0.  0.]
 [40.  0.  0.  0.  0.  0.  0.  0.  0.  0.  0.  0.  0.  0.  0.  0.  0.  0.
   0.  0.  0.  0.  0.  0.  0.  0.  0.  0.  0.  0.  0.  0.  0.  0.  0.  0.
   0.  0.  0.  0.]]
##############################
[[18. 21.  0.  0.  0.  0.  0.  0.  0.  0.  0.  0.  0.  0.  0.  0.  0.  0.
   0.  0.  0.  0.  0.  0.  0.  0.  0.  0.  0.  0.  0.  0.  0.  0.  0.  0.
   0.  0.  0.  0.]
 [50. 50.  0.  0.  0.  0.  0.  0.  0.  0.  0.  0.  0.  0.  0.  0.  0.  0.
   0.  0.  0.  0.  0.  0.  0.  0.  0.  0.  0.  0.  0.  0.  0.  0.  0.  0.
   0.  0.  0.  0.]
 [33. 39.  0.  0.  0.  0.  0.  0.  0.  0.  0.  0.  0.  0.  0.  0.  0.  0.
   0.  0.  0.  0.  0.  0.  0.  0.  0.  0.  0.  0.  0.  0.  0.  0.  0.  0.
   0.  0.  0.  0.]
 [40. 41.  0.  0.  0.  0.  0.  0.  0.  0.  0.  0.  0.  0.  0.  0.  0.  0.
   0.  0.  0.  0.  0.  0.  0.  0.  0.  0.  0.  0.  0.  0.  0.  0.  0.  0.
   0.  0.  0.  0.]]
##############################
[[18. 21. 22.  0.  0.  0.  0.  0.  0.  0.  0.  0.  0.  0.  0.  0.  0.  0.
   0.  0.  0.  0.  0.  0.  0.  0.  0.  0.  0.  0.  0.  0.  0.  0.  0.  0.
   0.  0.  0.  0.]
 [50. 50. 50.  0.  0.  0.  0.  0.  0.  0.  0.  0.  0.  0.  0.  0.  0.  0.
   0.  0.  0.  0.  0.  0.  0.  0.  0.  0.  0.  0.  0.  0.  0.  0.  0.  0.
   0.  0.  0.  0.]
 [33. 39. 39.  0.  0.  0.  0.  0.  0.  0.  0.  0.  0.  0.  0.  0.  0.  0.
   0.  0.  0.  0.  0.  0.  0.  0.  0.  0.  0.  0.  0.  0.  0.  0.  0.  0.
   0.  0.  0.  0.]
 [40. 41. 42.  0.  0.  0.  0.  0.  0.  0.  0.  0.  0.  0.  0.  0.  0.  0.
   0.  0.  0.  0.  0.  0.  0.  0.  0.  0.  0.  0.  0.  0.  0.  0.  0.  0.
   0.  0.  0.  0.]]
##############################
[[18. 21. 22. 21.  0.  0.  0.  0.  0.  0.  0.  0.  0.  0.  0.  0.  0.  0.
   0.  0.  0.  0.  0.  0.  0.  0.  0.  0.  0.  0.  0.  0.  0.  0.  0.  0.
   0.  0.  0.  0.]
 [50. 50. 50. 50.  0.  0.  0.  0.  0.  0.  0.  0.  0.  0.  0.  0.  0.  0.
   0.  0.  0.  0.  0.  0.  0.  0.  0.  0.  0.  0.  0.  0.  0.  0.  0.  0.
   0.  0.  0.  0.]
 [33. 39. 39. 39.  0.  0.  0.  0.  0.  0.  0.  0.  0.  0.  0.  0.  0.  0.
   0.  0.  0.  0.  0.  0.  0.  0.  0.  0.  0.  0.  0.  0.  0.  0.  0.  0.
   0.  0.  0.  0.]
 [40. 41. 42. 43.  0.  0.  0.  0.  0.  0.  0.  0.  0.  0.  0.  0.  0.  0.
   0.  0.  0.  0.  0.  0.  0.  0.  0.  0.  0.  0.  0.  0.  0.  0.  0.  0.
   0.  0.  0.  0.]]
##############################
[[18. 21. 22. 21. 25.  0.  0.  0.  0.  0.  0.  0.  0.  0.  0.  0.  0.  0.
   0.  0.  0.  0.  0.  0.  0.  0.  0.  0.  0.  0.  0.  0.  0.  0.  0.  0.
   0.  0.  0.  0.]
 [50. 50. 50. 50. 50.  0.  0.  0.  0.  0.  0.  0.  0.  0.  0.  0.  0.  0.
   0.  0.  0.  0.  0.  0.  0.  0.  0.  0.  0.  0.  0.  0.  0.  0.  0.  0.
   0.  0.  0.  0.]
 [33. 39. 39. 39. 41.  0.  0.  0.  0.  0.  0.  0.  0.  0.  0.  0.  0.  0.
   0.  0.  0.  0.  0.  0.  0.  0.  0.  0.  0.  0.  0.  0.  0.  0.  0.  0.
   0.  0.  0.  0.]
 [40. 41. 42. 43. 42.  0.  0.  0.  0.  0.  0.  0.  0.  0.  0.  0.  0.  0.
   0.  0.  0.  0.  0.  0.  0.  0.  0.  0.  0.  0.  0.  0.  0.  0.  0.  0.
   0.  0.  0.  0.]]
##############################
[[18. 21. 22. 21. 25. 22.  0.  0.  0.  0.  0.  0.  0.  0.  0.  0.  0.  0.
   0.  0.  0.  0.  0.  0.  0.  0.  0.  0.  0.  0.  0.  0.  0.  0.  0.  0.
   0.  0.  0.  0.]
 [50. 50. 50. 50. 50. 50.  0.  0.  0.  0.  0.  0.  0.  0.  0.  0.  0.  0.
   0.  0.  0.  0.  0.  0.  0.  0.  0.  0.  0.  0.  0.  0.  0.  0.  0.  0.
   0.  0.  0.  0.]
 [33. 39. 39. 39. 41. 39.  0.  0.  0.  0.  0.  0.  0.  0.  0.  0.  0.  0.
   0.  0.  0.  0.  0.  0.  0.  0.  0.  0.  0.  0.  0.  0.  0.  0.  0.  0.
   0.  0.  0.  0.]
 [40. 41. 42. 43. 42. 41.  0.  0.  0.  0.  0.  0.  0.  0.  0.  0.  0.  0.
   0.  0.  0.  0.  0.  0.  0.  0.  0.  0.  0.  0.  0.  0.  0.  0.  0.  0.
   0.  0.  0.  0.]]
##############################
[[18. 21. 22. 21. 25. 22. 22.  0.  0.  0.  0.  0.  0.  0.  0.  0.  0.  0.
   0.  0.  0.  0.  0.  0.  0.  0.  0.  0.  0.  0.  0.  0.  0.  0.  0.  0.
   0.  0.  0.  0.]
 [50. 50. 50. 50. 50. 50. 50.  0.  0.  0.  0.  0.  0.  0.  0.  0.  0.  0.
   0.  0.  0.  0.  0.  0.  0.  0.  0.  0.  0.  0.  0.  0.  0.  0.  0.  0.
   0.  0.  0.  0.]
 [33. 39. 39. 39. 41. 39. 37.  0.  0.  0.  0.  0.  0.  0.  0.  0.  0.  0.
   0.  0.  0.  0.  0.  0.  0.  0.  0.  0.  0.  0.  0.  0.  0.  0.  0.  0.
   0.  0.  0.  0.]
 [40. 41. 42. 43. 42. 41. 43.  0.  0.  0.  0.  0.  0.  0.  0.  0.  0.  0.
   0.  0.  0.  0.  0.  0.  0.  0.  0.  0.  0.  0.  0.  0.  0.  0.  0.  0.
   0.  0.  0.  0.]]
##############################
[[18. 21. 22. 21. 25. 22. 22. 25.  0.  0.  0.  0.  0.  0.  0.  0.  0.  0.
   0.  0.  0.  0.  0.  0.  0.  0.  0.  0.  0.  0.  0.  0.  0.  0.  0.  0.
   0.  0.  0.  0.]
 [50. 50. 50. 50. 50. 50. 50. 50.  0.  0.  0.  0.  0.  0.  0.  0.  0.  0.
   0.  0.  0.  0.  0.  0.  0.  0.  0.  0.  0.  0.  0.  0.  0.  0.  0.  0.
   0.  0.  0.  0.]
 [33. 39. 39. 39. 41. 39. 37. 40.  0.  0.  0.  0.  0.  0.  0.  0.  0.  0.
   0.  0.  0.  0.  0.  0.  0.  0.  0.  0.  0.  0.  0.  0.  0.  0.  0.  0.
   0.  0.  0.  0.]
 [40. 41. 42. 43. 42. 41. 43. 42.  0.  0.  0.  0.  0.  0.  0.  0.  0.  0.
   0.  0.  0.  0.  0.  0.  0.  0.  0.  0.  0.  0.  0.  0.  0.  0.  0.  0.
   0.  0.  0.  0.]]
##############################
[[18. 21. 22. 21. 25. 22. 22. 25. 22.  0.  0.  0.  0.  0.  0.  0.  0.  0.
   0.  0.  0.  0.  0.  0.  0.  0.  0.  0.  0.  0.  0.  0.  0.  0.  0.  0.
   0.  0.  0.  0.]
 [50. 50. 50. 50. 50. 50. 50. 50. 50.  0.  0.  0.  0.  0.  0.  0.  0.  0.
   0.  0.  0.  0.  0.  0.  0.  0.  0.  0.  0.  0.  0.  0.  0.  0.  0.  0.
   0.  0.  0.  0.]
 [33. 39. 39. 39. 41. 39. 37. 40. 42.  0.  0.  0.  0.  0.  0.  0.  0.  0.
   0.  0.  0.  0.  0.  0.  0.  0.  0.  0.  0.  0.  0.  0.  0.  0.  0.  0.
   0.  0.  0.  0.]
 [40. 41. 42. 43. 42. 41. 43. 42. 42.  0.  0.  0.  0.  0.  0.  0.  0.  0.
   0.  0.  0.  0.  0.  0.  0.  0.  0.  0.  0.  0.  0.  0.  0.  0.  0.  0.
   0.  0.  0.  0.]]
##############################
[[18. 21. 22. 21. 25. 22. 22. 25. 22. 26.  0.  0.  0.  0.  0.  0.  0.  0.
   0.  0.  0.  0.  0.  0.  0.  0.  0.  0.  0.  0.  0.  0.  0.  0.  0.  0.
   0.  0.  0.  0.]
 [50. 50. 50. 50. 50. 50. 50. 50. 50. 50.  0.  0.  0.  0.  0.  0.  0.  0.
   0.  0.  0.  0.  0.  0.  0.  0.  0.  0.  0.  0.  0.  0.  0.  0.  0.  0.
   0.  0.  0.  0.]
 [33. 39. 39. 39. 41. 39. 37. 40. 42. 40.  0.  0.  0.  0.  0.  0.  0.  0.
   0.  0.  0.  0.  0.  0.  0.  0.  0.  0.  0.  0.  0.  0.  0.  0.  0.  0.
   0.  0.  0.  0.]
 [40. 41. 42. 43. 42. 41. 43. 42. 42. 42.  0.  0.  0.  0.  0.  0.  0.  0.
   0.  0.  0.  0.  0.  0.  0.  0.  0.  0.  0.  0.  0.  0.  0.  0.  0.  0.
   0.  0.  0.  0.]]
##############################
[[18. 21. 22. 21. 25. 22. 22. 25. 22. 26. 24.  0.  0.  0.  0.  0.  0.  0.
   0.  0.  0.  0.  0.  0.  0.  0.  0.  0.  0.  0.  0.  0.  0.  0.  0.  0.
   0.  0.  0.  0.]
 [50. 50. 50. 50. 50. 50. 50. 50. 50. 50. 50.  0.  0.  0.  0.  0.  0.  0.
   0.  0.  0.  0.  0.  0.  0.  0.  0.  0.  0.  0.  0.  0.  0.  0.  0.  0.
   0.  0.  0.  0.]
 [33. 39. 39. 39. 41. 39. 37. 40. 42. 40. 38.  0.  0.  0.  0.  0.  0.  0.
   0.  0.  0.  0.  0.  0.  0.  0.  0.  0.  0.  0.  0.  0.  0.  0.  0.  0.
   0.  0.  0.  0.]
 [40. 41. 42. 43. 42. 41. 43. 42. 42. 42. 41.  0.  0.  0.  0.  0.  0.  0.
   0.  0.  0.  0.  0.  0.  0.  0.  0.  0.  0.  0.  0.  0.  0.  0.  0.  0.
   0.  0.  0.  0.]]
##############################
[[18. 21. 22. 21. 25. 22. 22. 25. 22. 26. 24. 24.  0.  0.  0.  0.  0.  0.
   0.  0.  0.  0.  0.  0.  0.  0.  0.  0.  0.  0.  0.  0.  0.  0.  0.  0.
   0.  0.  0.  0.]
 [50. 50. 50. 50. 50. 50. 50. 50. 50. 50. 50. 50.  0.  0.  0.  0.  0.  0.
   0.  0.  0.  0.  0.  0.  0.  0.  0.  0.  0.  0.  0.  0.  0.  0.  0.  0.
   0.  0.  0.  0.]
 [33. 39. 39. 39. 41. 39. 37. 40. 42. 40. 38. 38.  0.  0.  0.  0.  0.  0.
   0.  0.  0.  0.  0.  0.  0.  0.  0.  0.  0.  0.  0.  0.  0.  0.  0.  0.
   0.  0.  0.  0.]
 [40. 41. 42. 43. 42. 41. 43. 42. 42. 42. 41. 40.  0.  0.  0.  0.  0.  0.
   0.  0.  0.  0.  0.  0.  0.  0.  0.  0.  0.  0.  0.  0.  0.  0.  0.  0.
   0.  0.  0.  0.]]
##############################
[[18. 21. 22. 21. 25. 22. 22. 25. 22. 26. 24. 24. 23.  0.  0.  0.  0.  0.
   0.  0.  0.  0.  0.  0.  0.  0.  0.  0.  0.  0.  0.  0.  0.  0.  0.  0.
   0.  0.  0.  0.]
 [50. 50. 50. 50. 50. 50. 50. 50. 50. 50. 50. 50. 50.  0.  0.  0.  0.  0.
   0.  0.  0.  0.  0.  0.  0.  0.  0.  0.  0.  0.  0.  0.  0.  0.  0.  0.
   0.  0.  0.  0.]
 [33. 39. 39. 39. 41. 39. 37. 40. 42. 40. 38. 38. 40.  0.  0.  0.  0.  0.
   0.  0.  0.  0.  0.  0.  0.  0.  0.  0.  0.  0.  0.  0.  0.  0.  0.  0.
   0.  0.  0.  0.]
 [40. 41. 42. 43. 42. 41. 43. 42. 42. 42. 41. 40. 42.  0.  0.  0.  0.  0.
   0.  0.  0.  0.  0.  0.  0.  0.  0.  0.  0.  0.  0.  0.  0.  0.  0.  0.
   0.  0.  0.  0.]]
##############################
[[18. 21. 22. 21. 25. 22. 22. 25. 22. 26. 24. 24. 23. 22.  0.  0.  0.  0.
   0.  0.  0.  0.  0.  0.  0.  0.  0.  0.  0.  0.  0.  0.  0.  0.  0.  0.
   0.  0.  0.  0.]
 [50. 50. 50. 50. 50. 50. 50. 50. 50. 50. 50. 50. 50. 50.  0.  0.  0.  0.
   0.  0.  0.  0.  0.  0.  0.  0.  0.  0.  0.  0.  0.  0.  0.  0.  0.  0.
   0.  0.  0.  0.]
 [33. 39. 39. 39. 41. 39. 37. 40. 42. 40. 38. 38. 40. 41.  0.  0.  0.  0.
   0.  0.  0.  0.  0.  0.  0.  0.  0.  0.  0.  0.  0.  0.  0.  0.  0.  0.
   0.  0.  0.  0.]
 [40. 41. 42. 43. 42. 41. 43. 42. 42. 42. 41. 40. 42. 40.  0.  0.  0.  0.
   0.  0.  0.  0.  0.  0.  0.  0.  0.  0.  0.  0.  0.  0.  0.  0.  0.  0.
   0.  0.  0.  0.]]
##############################
[[18. 21. 22. 21. 25. 22. 22. 25. 22. 26. 24. 24. 23. 22. 24.  0.  0.  0.
   0.  0.  0.  0.  0.  0.  0.  0.  0.  0.  0.  0.  0.  0.  0.  0.  0.  0.
   0.  0.  0.  0.]
 [50. 50. 50. 50. 50. 50. 50. 50. 50. 50. 50. 50. 50. 50. 50.  0.  0.  0.
   0.  0.  0.  0.  0.  0.  0.  0.  0.  0.  0.  0.  0.  0.  0.  0.  0.  0.
   0.  0.  0.  0.]
 [33. 39. 39. 39. 41. 39. 37. 40. 42. 40. 38. 38. 40. 41. 42.  0.  0.  0.
   0.  0.  0.  0.  0.  0.  0.  0.  0.  0.  0.  0.  0.  0.  0.  0.  0.  0.
   0.  0.  0.  0.]
 [40. 41. 42. 43. 42. 41. 43. 42. 42. 42. 41. 40. 42. 40. 42.  0.  0.  0.
   0.  0.  0.  0.  0.  0.  0.  0.  0.  0.  0.  0.  0.  0.  0.  0.  0.  0.
   0.  0.  0.  0.]]
##############################
[[18. 21. 22. 21. 25. 22. 22. 25. 22. 26. 24. 24. 23. 22. 24. 23.  0.  0.
   0.  0.  0.  0.  0.  0.  0.  0.  0.  0.  0.  0.  0.  0.  0.  0.  0.  0.
   0.  0.  0.  0.]
 [50. 50. 50. 50. 50. 50. 50. 50. 50. 50. 50. 50. 50. 50. 50. 50.  0.  0.
   0.  0.  0.  0.  0.  0.  0.  0.  0.  0.  0.  0.  0.  0.  0.  0.  0.  0.
   0.  0.  0.  0.]
 [33. 39. 39. 39. 41. 39. 37. 40. 42. 40. 38. 38. 40. 41. 42. 41.  0.  0.
   0.  0.  0.  0.  0.  0.  0.  0.  0.  0.  0.  0.  0.  0.  0.  0.  0.  0.
   0.  0.  0.  0.]
 [40. 41. 42. 43. 42. 41. 43. 42. 42. 42. 41. 40. 42. 40. 42. 41.  0.  0.
   0.  0.  0.  0.  0.  0.  0.  0.  0.  0.  0.  0.  0.  0.  0.  0.  0.  0.
   0.  0.  0.  0.]]
##############################
[[18. 21. 22. 21. 25. 22. 22. 25. 22. 26. 24. 24. 23. 22. 24. 23. 23.  0.
   0.  0.  0.  0.  0.  0.  0.  0.  0.  0.  0.  0.  0.  0.  0.  0.  0.  0.
   0.  0.  0.  0.]
 [50. 50. 50. 50. 50. 50. 50. 50. 50. 50. 50. 50. 50. 50. 50. 50. 50.  0.
   0.  0.  0.  0.  0.  0.  0.  0.  0.  0.  0.  0.  0.  0.  0.  0.  0.  0.
   0.  0.  0.  0.]
 [33. 39. 39. 39. 41. 39. 37. 40. 42. 40. 38. 38. 40. 41. 42. 41. 42.  0.
   0.  0.  0.  0.  0.  0.  0.  0.  0.  0.  0.  0.  0.  0.  0.  0.  0.  0.
   0.  0.  0.  0.]
 [40. 41. 42. 43. 42. 41. 43. 42. 42. 42. 41. 40. 42. 40. 42. 41. 42.  0.
   0.  0.  0.  0.  0.  0.  0.  0.  0.  0.  0.  0.  0.  0.  0.  0.  0.  0.
   0.  0.  0.  0.]]
##############################
[[18. 21. 22. 21. 25. 22. 22. 25. 22. 26. 24. 24. 23. 22. 24. 23. 23. 22.
   0.  0.  0.  0.  0.  0.  0.  0.  0.  0.  0.  0.  0.  0.  0.  0.  0.  0.
   0.  0.  0.  0.]
 [50. 50. 50. 50. 50. 50. 50. 50. 50. 50. 50. 50. 50. 50. 50. 50. 50. 50.
   0.  0.  0.  0.  0.  0.  0.  0.  0.  0.  0.  0.  0.  0.  0.  0.  0.  0.
   0.  0.  0.  0.]
 [33. 39. 39. 39. 41. 39. 37. 40. 42. 40. 38. 38. 40. 41. 42. 41. 42. 43.
   0.  0.  0.  0.  0.  0.  0.  0.  0.  0.  0.  0.  0.  0.  0.  0.  0.  0.
   0.  0.  0.  0.]
 [40. 41. 42. 43. 42. 41. 43. 42. 42. 42. 41. 40. 42. 40. 42. 41. 42. 41.
   0.  0.  0.  0.  0.  0.  0.  0.  0.  0.  0.  0.  0.  0.  0.  0.  0.  0.
   0.  0.  0.  0.]]
##############################
[[18. 21. 22. 21. 25. 22. 22. 25. 22. 26. 24. 24. 23. 22. 24. 23. 23. 22.
  24.  0.  0.  0.  0.  0.  0.  0.  0.  0.  0.  0.  0.  0.  0.  0.  0.  0.
   0.  0.  0.  0.]
 [50. 50. 50. 50. 50. 50. 50. 50. 50. 50. 50. 50. 50. 50. 50. 50. 50. 50.
  50.  0.  0.  0.  0.  0.  0.  0.  0.  0.  0.  0.  0.  0.  0.  0.  0.  0.
   0.  0.  0.  0.]
 [33. 39. 39. 39. 41. 39. 37. 40. 42. 40. 38. 38. 40. 41. 42. 41. 42. 43.
  42.  0.  0.  0.  0.  0.  0.  0.  0.  0.  0.  0.  0.  0.  0.  0.  0.  0.
   0.  0.  0.  0.]
 [40. 41. 42. 43. 42. 41. 43. 42. 42. 42. 41. 40. 42. 40. 42. 41. 42. 41.
  42.  0.  0.  0.  0.  0.  0.  0.  0.  0.  0.  0.  0.  0.  0.  0.  0.  0.
   0.  0.  0.  0.]]
##############################
[[18. 21. 22. 21. 25. 22. 22. 25. 22. 26. 24. 24. 23. 22. 24. 23. 23. 22.
  24. 24.  0.  0.  0.  0.  0.  0.  0.  0.  0.  0.  0.  0.  0.  0.  0.  0.
   0.  0.  0.  0.]
 [50. 50. 50. 50. 50. 50. 50. 50. 50. 50. 50. 50. 50. 50. 50. 50. 50. 50.
  50. 50.  0.  0.  0.  0.  0.  0.  0.  0.  0.  0.  0.  0.  0.  0.  0.  0.
   0.  0.  0.  0.]
 [33. 39. 39. 39. 41. 39. 37. 40. 42. 40. 38. 38. 40. 41. 42. 41. 42. 43.
  42. 42.  0.  0.  0.  0.  0.  0.  0.  0.  0.  0.  0.  0.  0.  0.  0.  0.
   0.  0.  0.  0.]
 [40. 41. 42. 43. 42. 41. 43. 42. 42. 42. 41. 40. 42. 40. 42. 41. 42. 41.
  42. 43.  0.  0.  0.  0.  0.  0.  0.  0.  0.  0.  0.  0.  0.  0.  0.  0.
   0.  0.  0.  0.]]
##############################
[[18. 21. 22. 21. 25. 22. 22. 25. 22. 26. 24. 24. 23. 22. 24. 23. 23. 22.
  24. 24. 25.  0.  0.  0.  0.  0.  0.  0.  0.  0.  0.  0.  0.  0.  0.  0.
   0.  0.  0.  0.]
 [50. 50. 50. 50. 50. 50. 50. 50. 50. 50. 50. 50. 50. 50. 50. 50. 50. 50.
  50. 50. 50.  0.  0.  0.  0.  0.  0.  0.  0.  0.  0.  0.  0.  0.  0.  0.
   0.  0.  0.  0.]
 [33. 39. 39. 39. 41. 39. 37. 40. 42. 40. 38. 38. 40. 41. 42. 41. 42. 43.
  42. 42. 45.  0.  0.  0.  0.  0.  0.  0.  0.  0.  0.  0.  0.  0.  0.  0.
   0.  0.  0.  0.]
 [40. 41. 42. 43. 42. 41. 43. 42. 42. 42. 41. 40. 42. 40. 42. 41. 42. 41.
  42. 43. 41.  0.  0.  0.  0.  0.  0.  0.  0.  0.  0.  0.  0.  0.  0.  0.
   0.  0.  0.  0.]]
##############################
[[18. 21. 22. 21. 25. 22. 22. 25. 22. 26. 24. 24. 23. 22. 24. 23. 23. 22.
  24. 24. 25. 23.  0.  0.  0.  0.  0.  0.  0.  0.  0.  0.  0.  0.  0.  0.
   0.  0.  0.  0.]
 [50. 50. 50. 50. 50. 50. 50. 50. 50. 50. 50. 50. 50. 50. 50. 50. 50. 50.
  50. 50. 50. 50.  0.  0.  0.  0.  0.  0.  0.  0.  0.  0.  0.  0.  0.  0.
   0.  0.  0.  0.]
 [33. 39. 39. 39. 41. 39. 37. 40. 42. 40. 38. 38. 40. 41. 42. 41. 42. 43.
  42. 42. 45. 42.  0.  0.  0.  0.  0.  0.  0.  0.  0.  0.  0.  0.  0.  0.
   0.  0.  0.  0.]
 [40. 41. 42. 43. 42. 41. 43. 42. 42. 42. 41. 40. 42. 40. 42. 41. 42. 41.
  42. 43. 41. 40.  0.  0.  0.  0.  0.  0.  0.  0.  0.  0.  0.  0.  0.  0.
   0.  0.  0.  0.]]
##############################
[[18. 21. 22. 21. 25. 22. 22. 25. 22. 26. 24. 24. 23. 22. 24. 23. 23. 22.
  24. 24. 25. 23. 25.  0.  0.  0.  0.  0.  0.  0.  0.  0.  0.  0.  0.  0.
   0.  0.  0.  0.]
 [50. 50. 50. 50. 50. 50. 50. 50. 50. 50. 50. 50. 50. 50. 50. 50. 50. 50.
  50. 50. 50. 50. 50.  0.  0.  0.  0.  0.  0.  0.  0.  0.  0.  0.  0.  0.
   0.  0.  0.  0.]
 [33. 39. 39. 39. 41. 39. 37. 40. 42. 40. 38. 38. 40. 41. 42. 41. 42. 43.
  42. 42. 45. 42. 43.  0.  0.  0.  0.  0.  0.  0.  0.  0.  0.  0.  0.  0.
   0.  0.  0.  0.]
 [40. 41. 42. 43. 42. 41. 43. 42. 42. 42. 41. 40. 42. 40. 42. 41. 42. 41.
  42. 43. 41. 40. 40.  0.  0.  0.  0.  0.  0.  0.  0.  0.  0.  0.  0.  0.
   0.  0.  0.  0.]]
##############################
[[18. 21. 22. 21. 25. 22. 22. 25. 22. 26. 24. 24. 23. 22. 24. 23. 23. 22.
  24. 24. 25. 23. 25. 24.  0.  0.  0.  0.  0.  0.  0.  0.  0.  0.  0.  0.
   0.  0.  0.  0.]
 [50. 50. 50. 50. 50. 50. 50. 50. 50. 50. 50. 50. 50. 50. 50. 50. 50. 50.
  50. 50. 50. 50. 50. 50.  0.  0.  0.  0.  0.  0.  0.  0.  0.  0.  0.  0.
   0.  0.  0.  0.]
 [33. 39. 39. 39. 41. 39. 37. 40. 42. 40. 38. 38. 40. 41. 42. 41. 42. 43.
  42. 42. 45. 42. 43. 40.  0.  0.  0.  0.  0.  0.  0.  0.  0.  0.  0.  0.
   0.  0.  0.  0.]
 [40. 41. 42. 43. 42. 41. 43. 42. 42. 42. 41. 40. 42. 40. 42. 41. 42. 41.
  42. 43. 41. 40. 40. 40.  0.  0.  0.  0.  0.  0.  0.  0.  0.  0.  0.  0.
   0.  0.  0.  0.]]
##############################
[[18. 21. 22. 21. 25. 22. 22. 25. 22. 26. 24. 24. 23. 22. 24. 23. 23. 22.
  24. 24. 25. 23. 25. 24. 23.  0.  0.  0.  0.  0.  0.  0.  0.  0.  0.  0.
   0.  0.  0.  0.]
 [50. 50. 50. 50. 50. 50. 50. 50. 50. 50. 50. 50. 50. 50. 50. 50. 50. 50.
  50. 50. 50. 50. 50. 50. 50.  0.  0.  0.  0.  0.  0.  0.  0.  0.  0.  0.
   0.  0.  0.  0.]
 [33. 39. 39. 39. 41. 39. 37. 40. 42. 40. 38. 38. 40. 41. 42. 41. 42. 43.
  42. 42. 45. 42. 43. 40. 41.  0.  0.  0.  0.  0.  0.  0.  0.  0.  0.  0.
   0.  0.  0.  0.]
 [40. 41. 42. 43. 42. 41. 43. 42. 42. 42. 41. 40. 42. 40. 42. 41. 42. 41.
  42. 43. 41. 40. 40. 40. 40.  0.  0.  0.  0.  0.  0.  0.  0.  0.  0.  0.
   0.  0.  0.  0.]]
##############################
[[18. 21. 22. 21. 25. 22. 22. 25. 22. 26. 24. 24. 23. 22. 24. 23. 23. 22.
  24. 24. 25. 23. 25. 24. 23. 24.  0.  0.  0.  0.  0.  0.  0.  0.  0.  0.
   0.  0.  0.  0.]
 [50. 50. 50. 50. 50. 50. 50. 50. 50. 50. 50. 50. 50. 50. 50. 50. 50. 50.
  50. 50. 50. 50. 50. 50. 50. 50.  0.  0.  0.  0.  0.  0.  0.  0.  0.  0.
   0.  0.  0.  0.]
 [33. 39. 39. 39. 41. 39. 37. 40. 42. 40. 38. 38. 40. 41. 42. 41. 42. 43.
  42. 42. 45. 42. 43. 40. 41. 43.  0.  0.  0.  0.  0.  0.  0.  0.  0.  0.
   0.  0.  0.  0.]
 [40. 41. 42. 43. 42. 41. 43. 42. 42. 42. 41. 40. 42. 40. 42. 41. 42. 41.
  42. 43. 41. 40. 40. 40. 40. 41.  0.  0.  0.  0.  0.  0.  0.  0.  0.  0.
   0.  0.  0.  0.]]
##############################
[[18. 21. 22. 21. 25. 22. 22. 25. 22. 26. 24. 24. 23. 22. 24. 23. 23. 22.
  24. 24. 25. 23. 25. 24. 23. 24. 21.  0.  0.  0.  0.  0.  0.  0.  0.  0.
   0.  0.  0.  0.]
 [50. 50. 50. 50. 50. 50. 50. 50. 50. 50. 50. 50. 50. 50. 50. 50. 50. 50.
  50. 50. 50. 50. 50. 50. 50. 50. 50.  0.  0.  0.  0.  0.  0.  0.  0.  0.
   0.  0.  0.  0.]
 [33. 39. 39. 39. 41. 39. 37. 40. 42. 40. 38. 38. 40. 41. 42. 41. 42. 43.
  42. 42. 45. 42. 43. 40. 41. 43. 41.  0.  0.  0.  0.  0.  0.  0.  0.  0.
   0.  0.  0.  0.]
 [40. 41. 42. 43. 42. 41. 43. 42. 42. 42. 41. 40. 42. 40. 42. 41. 42. 41.
  42. 43. 41. 40. 40. 40. 40. 41. 41.  0.  0.  0.  0.  0.  0.  0.  0.  0.
   0.  0.  0.  0.]]
##############################
[[18. 21. 22. 21. 25. 22. 22. 25. 22. 26. 24. 24. 23. 22. 24. 23. 23. 22.
  24. 24. 25. 23. 25. 24. 23. 24. 21. 24.  0.  0.  0.  0.  0.  0.  0.  0.
   0.  0.  0.  0.]
 [50. 50. 50. 50. 50. 50. 50. 50. 50. 50. 50. 50. 50. 50. 50. 50. 50. 50.
  50. 50. 50. 50. 50. 50. 50. 50. 50. 50.  0.  0.  0.  0.  0.  0.  0.  0.
   0.  0.  0.  0.]
 [33. 39. 39. 39. 41. 39. 37. 40. 42. 40. 38. 38. 40. 41. 42. 41. 42. 43.
  42. 42. 45. 42. 43. 40. 41. 43. 41. 42.  0.  0.  0.  0.  0.  0.  0.  0.
   0.  0.  0.  0.]
 [40. 41. 42. 43. 42. 41. 43. 42. 42. 42. 41. 40. 42. 40. 42. 41. 42. 41.
  42. 43. 41. 40. 40. 40. 40. 41. 41. 42.  0.  0.  0.  0.  0.  0.  0.  0.
   0.  0.  0.  0.]]
##############################
[[18. 21. 22. 21. 25. 22. 22. 25. 22. 26. 24. 24. 23. 22. 24. 23. 23. 22.
  24. 24. 25. 23. 25. 24. 23. 24. 21. 24. 24.  0.  0.  0.  0.  0.  0.  0.
   0.  0.  0.  0.]
 [50. 50. 50. 50. 50. 50. 50. 50. 50. 50. 50. 50. 50. 50. 50. 50. 50. 50.
  50. 50. 50. 50. 50. 50. 50. 50. 50. 50. 50.  0.  0.  0.  0.  0.  0.  0.
   0.  0.  0.  0.]
 [33. 39. 39. 39. 41. 39. 37. 40. 42. 40. 38. 38. 40. 41. 42. 41. 42. 43.
  42. 42. 45. 42. 43. 40. 41. 43. 41. 42. 42.  0.  0.  0.  0.  0.  0.  0.
   0.  0.  0.  0.]
 [40. 41. 42. 43. 42. 41. 43. 42. 42. 42. 41. 40. 42. 40. 42. 41. 42. 41.
  42. 43. 41. 40. 40. 40. 40. 41. 41. 42. 40.  0.  0.  0.  0.  0.  0.  0.
   0.  0.  0.  0.]]
##############################
[[18. 21. 22. 21. 25. 22. 22. 25. 22. 26. 24. 24. 23. 22. 24. 23. 23. 22.
  24. 24. 25. 23. 25. 24. 23. 24. 21. 24. 24. 23.  0.  0.  0.  0.  0.  0.
   0.  0.  0.  0.]
 [50. 50. 50. 50. 50. 50. 50. 50. 50. 50. 50. 50. 50. 50. 50. 50. 50. 50.
  50. 50. 50. 50. 50. 50. 50. 50. 50. 50. 50. 50.  0.  0.  0.  0.  0.  0.
   0.  0.  0.  0.]
 [33. 39. 39. 39. 41. 39. 37. 40. 42. 40. 38. 38. 40. 41. 42. 41. 42. 43.
  42. 42. 45. 42. 43. 40. 41. 43. 41. 42. 42. 42.  0.  0.  0.  0.  0.  0.
   0.  0.  0.  0.]
 [40. 41. 42. 43. 42. 41. 43. 42. 42. 42. 41. 40. 42. 40. 42. 41. 42. 41.
  42. 43. 41. 40. 40. 40. 40. 41. 41. 42. 40. 40.  0.  0.  0.  0.  0.  0.
   0.  0.  0.  0.]]
##############################
[[18. 21. 22. 21. 25. 22. 22. 25. 22. 26. 24. 24. 23. 22. 24. 23. 23. 22.
  24. 24. 25. 23. 25. 24. 23. 24. 21. 24. 24. 23. 25.  0.  0.  0.  0.  0.
   0.  0.  0.  0.]
 [50. 50. 50. 50. 50. 50. 50. 50. 50. 50. 50. 50. 50. 50. 50. 50. 50. 50.
  50. 50. 50. 50. 50. 50. 50. 50. 50. 50. 50. 50. 50.  0.  0.  0.  0.  0.
   0.  0.  0.  0.]
 [33. 39. 39. 39. 41. 39. 37. 40. 42. 40. 38. 38. 40. 41. 42. 41. 42. 43.
  42. 42. 45. 42. 43. 40. 41. 43. 41. 42. 42. 42. 44.  0.  0.  0.  0.  0.
   0.  0.  0.  0.]
 [40. 41. 42. 43. 42. 41. 43. 42. 42. 42. 41. 40. 42. 40. 42. 41. 42. 41.
  42. 43. 41. 40. 40. 40. 40. 41. 41. 42. 40. 40. 43.  0.  0.  0.  0.  0.
   0.  0.  0.  0.]]
##############################
[[18. 21. 22. 21. 25. 22. 22. 25. 22. 26. 24. 24. 23. 22. 24. 23. 23. 22.
  24. 24. 25. 23. 25. 24. 23. 24. 21. 24. 24. 23. 25. 25.  0.  0.  0.  0.
   0.  0.  0.  0.]
 [50. 50. 50. 50. 50. 50. 50. 50. 50. 50. 50. 50. 50. 50. 50. 50. 50. 50.
  50. 50. 50. 50. 50. 50. 50. 50. 50. 50. 50. 50. 50. 50.  0.  0.  0.  0.
   0.  0.  0.  0.]
 [33. 39. 39. 39. 41. 39. 37. 40. 42. 40. 38. 38. 40. 41. 42. 41. 42. 43.
  42. 42. 45. 42. 43. 40. 41. 43. 41. 42. 42. 42. 44. 41.  0.  0.  0.  0.
   0.  0.  0.  0.]
 [40. 41. 42. 43. 42. 41. 43. 42. 42. 42. 41. 40. 42. 40. 42. 41. 42. 41.
  42. 43. 41. 40. 40. 40. 40. 41. 41. 42. 40. 40. 43. 43.  0.  0.  0.  0.
   0.  0.  0.  0.]]
##############################
[[18. 21. 22. 21. 25. 22. 22. 25. 22. 26. 24. 24. 23. 22. 24. 23. 23. 22.
  24. 24. 25. 23. 25. 24. 23. 24. 21. 24. 24. 23. 25. 25. 22.  0.  0.  0.
   0.  0.  0.  0.]
 [50. 50. 50. 50. 50. 50. 50. 50. 50. 50. 50. 50. 50. 50. 50. 50. 50. 50.
  50. 50. 50. 50. 50. 50. 50. 50. 50. 50. 50. 50. 50. 50. 50.  0.  0.  0.
   0.  0.  0.  0.]
 [33. 39. 39. 39. 41. 39. 37. 40. 42. 40. 38. 38. 40. 41. 42. 41. 42. 43.
  42. 42. 45. 42. 43. 40. 41. 43. 41. 42. 42. 42. 44. 41. 44.  0.  0.  0.
   0.  0.  0.  0.]
 [40. 41. 42. 43. 42. 41. 43. 42. 42. 42. 41. 40. 42. 40. 42. 41. 42. 41.
  42. 43. 41. 40. 40. 40. 40. 41. 41. 42. 40. 40. 43. 43. 42.  0.  0.  0.
   0.  0.  0.  0.]]
##############################
[[18. 21. 22. 21. 25. 22. 22. 25. 22. 26. 24. 24. 23. 22. 24. 23. 23. 22.
  24. 24. 25. 23. 25. 24. 23. 24. 21. 24. 24. 23. 25. 25. 22. 23.  0.  0.
   0.  0.  0.  0.]
 [50. 50. 50. 50. 50. 50. 50. 50. 50. 50. 50. 50. 50. 50. 50. 50. 50. 50.
  50. 50. 50. 50. 50. 50. 50. 50. 50. 50. 50. 50. 50. 50. 50. 50.  0.  0.
   0.  0.  0.  0.]
 [33. 39. 39. 39. 41. 39. 37. 40. 42. 40. 38. 38. 40. 41. 42. 41. 42. 43.
  42. 42. 45. 42. 43. 40. 41. 43. 41. 42. 42. 42. 44. 41. 44. 42.  0.  0.
   0.  0.  0.  0.]
 [40. 41. 42. 43. 42. 41. 43. 42. 42. 42. 41. 40. 42. 40. 42. 41. 42. 41.
  42. 43. 41. 40. 40. 40. 40. 41. 41. 42. 40. 40. 43. 43. 42. 42.  0.  0.
   0.  0.  0.  0.]]
##############################
[[18. 21. 22. 21. 25. 22. 22. 25. 22. 26. 24. 24. 23. 22. 24. 23. 23. 22.
  24. 24. 25. 23. 25. 24. 23. 24. 21. 24. 24. 23. 25. 25. 22. 23. 22.  0.
   0.  0.  0.  0.]
 [50. 50. 50. 50. 50. 50. 50. 50. 50. 50. 50. 50. 50. 50. 50. 50. 50. 50.
  50. 50. 50. 50. 50. 50. 50. 50. 50. 50. 50. 50. 50. 50. 50. 50. 50.  0.
   0.  0.  0.  0.]
 [33. 39. 39. 39. 41. 39. 37. 40. 42. 40. 38. 38. 40. 41. 42. 41. 42. 43.
  42. 42. 45. 42. 43. 40. 41. 43. 41. 42. 42. 42. 44. 41. 44. 42. 44.  0.
   0.  0.  0.  0.]
 [40. 41. 42. 43. 42. 41. 43. 42. 42. 42. 41. 40. 42. 40. 42. 41. 42. 41.
  42. 43. 41. 40. 40. 40. 40. 41. 41. 42. 40. 40. 43. 43. 42. 42. 41.  0.
   0.  0.  0.  0.]]
##############################
[[18. 21. 22. 21. 25. 22. 22. 25. 22. 26. 24. 24. 23. 22. 24. 23. 23. 22.
  24. 24. 25. 23. 25. 24. 23. 24. 21. 24. 24. 23. 25. 25. 22. 23. 22. 22.
   0.  0.  0.  0.]
 [50. 50. 50. 50. 50. 50. 50. 50. 50. 50. 50. 50. 50. 50. 50. 50. 50. 50.
  50. 50. 50. 50. 50. 50. 50. 50. 50. 50. 50. 50. 50. 50. 50. 50. 50. 50.
   0.  0.  0.  0.]
 [33. 39. 39. 39. 41. 39. 37. 40. 42. 40. 38. 38. 40. 41. 42. 41. 42. 43.
  42. 42. 45. 42. 43. 40. 41. 43. 41. 42. 42. 42. 44. 41. 44. 42. 44. 45.
   0.  0.  0.  0.]
 [40. 41. 42. 43. 42. 41. 43. 42. 42. 42. 41. 40. 42. 40. 42. 41. 42. 41.
  42. 43. 41. 40. 40. 40. 40. 41. 41. 42. 40. 40. 43. 43. 42. 42. 41. 43.
   0.  0.  0.  0.]]
##############################
[[18. 21. 22. 21. 25. 22. 22. 25. 22. 26. 24. 24. 23. 22. 24. 23. 23. 22.
  24. 24. 25. 23. 25. 24. 23. 24. 21. 24. 24. 23. 25. 25. 22. 23. 22. 22.
  23.  0.  0.  0.]
 [50. 50. 50. 50. 50. 50. 50. 50. 50. 50. 50. 50. 50. 50. 50. 50. 50. 50.
  50. 50. 50. 50. 50. 50. 50. 50. 50. 50. 50. 50. 50. 50. 50. 50. 50. 50.
  50.  0.  0.  0.]
 [33. 39. 39. 39. 41. 39. 37. 40. 42. 40. 38. 38. 40. 41. 42. 41. 42. 43.
  42. 42. 45. 42. 43. 40. 41. 43. 41. 42. 42. 42. 44. 41. 44. 42. 44. 45.
  43.  0.  0.  0.]
 [40. 41. 42. 43. 42. 41. 43. 42. 42. 42. 41. 40. 42. 40. 42. 41. 42. 41.
  42. 43. 41. 40. 40. 40. 40. 41. 41. 42. 40. 40. 43. 43. 42. 42. 41. 43.
  42.  0.  0.  0.]]
##############################
[[18. 21. 22. 21. 25. 22. 22. 25. 22. 26. 24. 24. 23. 22. 24. 23. 23. 22.
  24. 24. 25. 23. 25. 24. 23. 24. 21. 24. 24. 23. 25. 25. 22. 23. 22. 22.
  23. 22.  0.  0.]
 [50. 50. 50. 50. 50. 50. 50. 50. 50. 50. 50. 50. 50. 50. 50. 50. 50. 50.
  50. 50. 50. 50. 50. 50. 50. 50. 50. 50. 50. 50. 50. 50. 50. 50. 50. 50.
  50. 50.  0.  0.]
 [33. 39. 39. 39. 41. 39. 37. 40. 42. 40. 38. 38. 40. 41. 42. 41. 42. 43.
  42. 42. 45. 42. 43. 40. 41. 43. 41. 42. 42. 42. 44. 41. 44. 42. 44. 45.
  43. 43.  0.  0.]
 [40. 41. 42. 43. 42. 41. 43. 42. 42. 42. 41. 40. 42. 40. 42. 41. 42. 41.
  42. 43. 41. 40. 40. 40. 40. 41. 41. 42. 40. 40. 43. 43. 42. 42. 41. 43.
  42. 42.  0.  0.]]
##############################
[[18. 21. 22. 21. 25. 22. 22. 25. 22. 26. 24. 24. 23. 22. 24. 23. 23. 22.
  24. 24. 25. 23. 25. 24. 23. 24. 21. 24. 24. 23. 25. 25. 22. 23. 22. 22.
  23. 22. 22.  0.]
 [50. 50. 50. 50. 50. 50. 50. 50. 50. 50. 50. 50. 50. 50. 50. 50. 50. 50.
  50. 50. 50. 50. 50. 50. 50. 50. 50. 50. 50. 50. 50. 50. 50. 50. 50. 50.
  50. 50. 50.  0.]
 [33. 39. 39. 39. 41. 39. 37. 40. 42. 40. 38. 38. 40. 41. 42. 41. 42. 43.
  42. 42. 45. 42. 43. 40. 41. 43. 41. 42. 42. 42. 44. 41. 44. 42. 44. 45.
  43. 43. 44.  0.]
 [40. 41. 42. 43. 42. 41. 43. 42. 42. 42. 41. 40. 42. 40. 42. 41. 42. 41.
  42. 43. 41. 40. 40. 40. 40. 41. 41. 42. 40. 40. 43. 43. 42. 42. 41. 43.
  42. 42. 41.  0.]]
##############################
[[18. 21. 22. 21. 25. 22. 22. 25. 22. 26. 24. 24. 23. 22. 24. 23. 23. 22.
  24. 24. 25. 23. 25. 24. 23. 24. 21. 24. 24. 23. 25. 25. 22. 23. 22. 22.
  23. 22. 22. 22.]
 [50. 50. 50. 50. 50. 50. 50. 50. 50. 50. 50. 50. 50. 50. 50. 50. 50. 50.
  50. 50. 50. 50. 50. 50. 50. 50. 50. 50. 50. 50. 50. 50. 50. 50. 50. 50.
  50. 50. 50. 50.]
 [33. 39. 39. 39. 41. 39. 37. 40. 42. 40. 38. 38. 40. 41. 42. 41. 42. 43.
  42. 42. 45. 42. 43. 40. 41. 43. 41. 42. 42. 42. 44. 41. 44. 42. 44. 45.
  43. 43. 44. 44.]
 [40. 41. 42. 43. 42. 41. 43. 42. 42. 42. 41. 40. 42. 40. 42. 41. 42. 41.
  42. 43. 41. 40. 40. 40. 40. 41. 41. 42. 40. 40. 43. 43. 42. 42. 41. 43.
  42. 42. 41. 44.]]
##############################
##################################################
##################################################
starting :2 batch
[[ 26.  21.  22.  21.  25.  22.  22.  25.  22.  26.  24.  24.  23.  22.
   24.  23.  23.  22.  24.  24.  25.  23.  25.  24.  23.  24.  21.  24.
   24.  23.  25.  25.  22.  23.  22.  22.  23.  22.  22.  22.]
 [100.  50.  50.  50.  50.  50.  50.  50.  50.  50.  50.  50.  50.  50.
   50.  50.  50.  50.  50.  50.  50.  50.  50.  50.  50.  50.  50.  50.
   50.  50.  50.  50.  50.  50.  50.  50.  50.  50.  50.  50.]
 [ 63.  39.  39.  39.  41.  39.  37.  40.  42.  40.  38.  38.  40.  41.
   42.  41.  42.  43.  42.  42.  45.  42.  43.  40.  41.  43.  41.  42.
   42.  42.  44.  41.  44.  42.  44.  45.  43.  43.  44.  44.]
 [ 70.  41.  42.  43.  42.  41.  43.  42.  42.  42.  41.  40.  42.  40.
   42.  41.  42.  41.  42.  43.  41.  40.  40.  40.  40.  41.  41.  42.
   40.  40.  43.  43.  42.  42.  41.  43.  42.  42.  41.  44.]]
##############################
[[ 26.  31.  22.  21.  25.  22.  22.  25.  22.  26.  24.  24.  23.  22.
   24.  23.  23.  22.  24.  24.  25.  23.  25.  24.  23.  24.  21.  24.
   24.  23.  25.  25.  22.  23.  22.  22.  23.  22.  22.  22.]
 [100. 100.  50.  50.  50.  50.  50.  50.  50.  50.  50.  50.  50.  50.
   50.  50.  50.  50.  50.  50.  50.  50.  50.  50.  50.  50.  50.  50.
   50.  50.  50.  50.  50.  50.  50.  50.  50.  50.  50.  50.]
 [ 63.  77.  39.  39.  41.  39.  37.  40.  42.  40.  38.  38.  40.  41.
   42.  41.  42.  43.  42.  42.  45.  42.  43.  40.  41.  43.  41.  42.
   42.  42.  44.  41.  44.  42.  44.  45.  43.  43.  44.  44.]
 [ 70.  74.  42.  43.  42.  41.  43.  42.  42.  42.  41.  40.  42.  40.
   42.  41.  42.  41.  42.  43.  41.  40.  40.  40.  40.  41.  41.  42.
   40.  40.  43.  43.  42.  42.  41.  43.  42.  42.  41.  44.]]
##############################
[[ 26.  31.  36.  21.  25.  22.  22.  25.  22.  26.  24.  24.  23.  22.
   24.  23.  23.  22.  24.  24.  25.  23.  25.  24.  23.  24.  21.  24.
   24.  23.  25.  25.  22.  23.  22.  22.  23.  22.  22.  22.]
 [100. 100. 100.  50.  50.  50.  50.  50.  50.  50.  50.  50.  50.  50.
   50.  50.  50.  50.  50.  50.  50.  50.  50.  50.  50.  50.  50.  50.
   50.  50.  50.  50.  50.  50.  50.  50.  50.  50.  50.  50.]
 [ 63.  77.  76.  39.  41.  39.  37.  40.  42.  40.  38.  38.  40.  41.
   42.  41.  42.  43.  42.  42.  45.  42.  43.  40.  41.  43.  41.  42.
   42.  42.  44.  41.  44.  42.  44.  45.  43.  43.  44.  44.]
 [ 70.  74.  78.  43.  42.  41.  43.  42.  42.  42.  41.  40.  42.  40.
   42.  41.  42.  41.  42.  43.  41.  40.  40.  40.  40.  41.  41.  42.
   40.  40.  43.  43.  42.  42.  41.  43.  42.  42.  41.  44.]]
##############################
[[ 26.  31.  36.  36.  25.  22.  22.  25.  22.  26.  24.  24.  23.  22.
   24.  23.  23.  22.  24.  24.  25.  23.  25.  24.  23.  24.  21.  24.
   24.  23.  25.  25.  22.  23.  22.  22.  23.  22.  22.  22.]
 [100. 100. 100. 100.  50.  50.  50.  50.  50.  50.  50.  50.  50.  50.
   50.  50.  50.  50.  50.  50.  50.  50.  50.  50.  50.  50.  50.  50.
   50.  50.  50.  50.  50.  50.  50.  50.  50.  50.  50.  50.]
 [ 63.  77.  76.  79.  41.  39.  37.  40.  42.  40.  38.  38.  40.  41.
   42.  41.  42.  43.  42.  42.  45.  42.  43.  40.  41.  43.  41.  42.
   42.  42.  44.  41.  44.  42.  44.  45.  43.  43.  44.  44.]
 [ 70.  74.  78.  78.  42.  41.  43.  42.  42.  42.  41.  40.  42.  40.
   42.  41.  42.  41.  42.  43.  41.  40.  40.  40.  40.  41.  41.  42.
   40.  40.  43.  43.  42.  42.  41.  43.  42.  42.  41.  44.]]
##############################
[[ 26.  31.  36.  36.  40.  22.  22.  25.  22.  26.  24.  24.  23.  22.
   24.  23.  23.  22.  24.  24.  25.  23.  25.  24.  23.  24.  21.  24.
   24.  23.  25.  25.  22.  23.  22.  22.  23.  22.  22.  22.]
 [100. 100. 100. 100. 100.  50.  50.  50.  50.  50.  50.  50.  50.  50.
   50.  50.  50.  50.  50.  50.  50.  50.  50.  50.  50.  50.  50.  50.
   50.  50.  50.  50.  50.  50.  50.  50.  50.  50.  50.  50.]
 [ 63.  77.  76.  79.  78.  39.  37.  40.  42.  40.  38.  38.  40.  41.
   42.  41.  42.  43.  42.  42.  45.  42.  43.  40.  41.  43.  41.  42.
   42.  42.  44.  41.  44.  42.  44.  45.  43.  43.  44.  44.]
 [ 70.  74.  78.  78.  78.  41.  43.  42.  42.  42.  41.  40.  42.  40.
   42.  41.  42.  41.  42.  43.  41.  40.  40.  40.  40.  41.  41.  42.
   40.  40.  43.  43.  42.  42.  41.  43.  42.  42.  41.  44.]]
##############################
[[ 26.  31.  36.  36.  40.  36.  22.  25.  22.  26.  24.  24.  23.  22.
   24.  23.  23.  22.  24.  24.  25.  23.  25.  24.  23.  24.  21.  24.
   24.  23.  25.  25.  22.  23.  22.  22.  23.  22.  22.  22.]
 [100. 100. 100. 100. 100. 100.  50.  50.  50.  50.  50.  50.  50.  50.
   50.  50.  50.  50.  50.  50.  50.  50.  50.  50.  50.  50.  50.  50.
   50.  50.  50.  50.  50.  50.  50.  50.  50.  50.  50.  50.]
 [ 63.  77.  76.  79.  78.  79.  37.  40.  42.  40.  38.  38.  40.  41.
   42.  41.  42.  43.  42.  42.  45.  42.  43.  40.  41.  43.  41.  42.
   42.  42.  44.  41.  44.  42.  44.  45.  43.  43.  44.  44.]
 [ 70.  74.  78.  78.  78.  77.  43.  42.  42.  42.  41.  40.  42.  40.
   42.  41.  42.  41.  42.  43.  41.  40.  40.  40.  40.  41.  41.  42.
   40.  40.  43.  43.  42.  42.  41.  43.  42.  42.  41.  44.]]
##############################
[[ 26.  31.  36.  36.  40.  36.  37.  25.  22.  26.  24.  24.  23.  22.
   24.  23.  23.  22.  24.  24.  25.  23.  25.  24.  23.  24.  21.  24.
   24.  23.  25.  25.  22.  23.  22.  22.  23.  22.  22.  22.]
 [100. 100. 100. 100. 100. 100. 100.  50.  50.  50.  50.  50.  50.  50.
   50.  50.  50.  50.  50.  50.  50.  50.  50.  50.  50.  50.  50.  50.
   50.  50.  50.  50.  50.  50.  50.  50.  50.  50.  50.  50.]
 [ 63.  77.  76.  79.  78.  79.  77.  40.  42.  40.  38.  38.  40.  41.
   42.  41.  42.  43.  42.  42.  45.  42.  43.  40.  41.  43.  41.  42.
   42.  42.  44.  41.  44.  42.  44.  45.  43.  43.  44.  44.]
 [ 70.  74.  78.  78.  78.  77.  80.  42.  42.  42.  41.  40.  42.  40.
   42.  41.  42.  41.  42.  43.  41.  40.  40.  40.  40.  41.  41.  42.
   40.  40.  43.  43.  42.  42.  41.  43.  42.  42.  41.  44.]]
##############################
[[ 26.  31.  36.  36.  40.  36.  37.  40.  22.  26.  24.  24.  23.  22.
   24.  23.  23.  22.  24.  24.  25.  23.  25.  24.  23.  24.  21.  24.
   24.  23.  25.  25.  22.  23.  22.  22.  23.  22.  22.  22.]
 [100. 100. 100. 100. 100. 100. 100. 100.  50.  50.  50.  50.  50.  50.
   50.  50.  50.  50.  50.  50.  50.  50.  50.  50.  50.  50.  50.  50.
   50.  50.  50.  50.  50.  50.  50.  50.  50.  50.  50.  50.]
 [ 63.  77.  76.  79.  78.  79.  77.  79.  42.  40.  38.  38.  40.  41.
   42.  41.  42.  43.  42.  42.  45.  42.  43.  40.  41.  43.  41.  42.
   42.  42.  44.  41.  44.  42.  44.  45.  43.  43.  44.  44.]
 [ 70.  74.  78.  78.  78.  77.  80.  78.  42.  42.  41.  40.  42.  40.
   42.  41.  42.  41.  42.  43.  41.  40.  40.  40.  40.  41.  41.  42.
   40.  40.  43.  43.  42.  42.  41.  43.  42.  42.  41.  44.]]
##############################
[[ 26.  31.  36.  36.  40.  36.  37.  40.  37.  26.  24.  24.  23.  22.
   24.  23.  23.  22.  24.  24.  25.  23.  25.  24.  23.  24.  21.  24.
   24.  23.  25.  25.  22.  23.  22.  22.  23.  22.  22.  22.]
 [100. 100. 100. 100. 100. 100. 100. 100. 100.  50.  50.  50.  50.  50.
   50.  50.  50.  50.  50.  50.  50.  50.  50.  50.  50.  50.  50.  50.
   50.  50.  50.  50.  50.  50.  50.  50.  50.  50.  50.  50.]
 [ 63.  77.  76.  79.  78.  79.  77.  79.  84.  40.  38.  38.  40.  41.
   42.  41.  42.  43.  42.  42.  45.  42.  43.  40.  41.  43.  41.  42.
   42.  42.  44.  41.  44.  42.  44.  45.  43.  43.  44.  44.]
 [ 70.  74.  78.  78.  78.  77.  80.  78.  79.  42.  41.  40.  42.  40.
   42.  41.  42.  41.  42.  43.  41.  40.  40.  40.  40.  41.  41.  42.
   40.  40.  43.  43.  42.  42.  41.  43.  42.  42.  41.  44.]]
##############################
[[ 26.  31.  36.  36.  40.  36.  37.  40.  37.  39.  24.  24.  23.  22.
   24.  23.  23.  22.  24.  24.  25.  23.  25.  24.  23.  24.  21.  24.
   24.  23.  25.  25.  22.  23.  22.  22.  23.  22.  22.  22.]
 [100. 100. 100. 100. 100. 100. 100. 100. 100. 100.  50.  50.  50.  50.
   50.  50.  50.  50.  50.  50.  50.  50.  50.  50.  50.  50.  50.  50.
   50.  50.  50.  50.  50.  50.  50.  50.  50.  50.  50.  50.]
 [ 63.  77.  76.  79.  78.  79.  77.  79.  84.  82.  38.  38.  40.  41.
   42.  41.  42.  43.  42.  42.  45.  42.  43.  40.  41.  43.  41.  42.
   42.  42.  44.  41.  44.  42.  44.  45.  43.  43.  44.  44.]
 [ 70.  74.  78.  78.  78.  77.  80.  78.  79.  79.  41.  40.  42.  40.
   42.  41.  42.  41.  42.  43.  41.  40.  40.  40.  40.  41.  41.  42.
   40.  40.  43.  43.  42.  42.  41.  43.  42.  42.  41.  44.]]
##############################
[[ 26.  31.  36.  36.  40.  36.  37.  40.  37.  39.  38.  24.  23.  22.
   24.  23.  23.  22.  24.  24.  25.  23.  25.  24.  23.  24.  21.  24.
   24.  23.  25.  25.  22.  23.  22.  22.  23.  22.  22.  22.]
 [100. 100. 100. 100. 100. 100. 100. 100. 100. 100. 100.  50.  50.  50.
   50.  50.  50.  50.  50.  50.  50.  50.  50.  50.  50.  50.  50.  50.
   50.  50.  50.  50.  50.  50.  50.  50.  50.  50.  50.  50.]
 [ 63.  77.  76.  79.  78.  79.  77.  79.  84.  82.  76.  38.  40.  41.
   42.  41.  42.  43.  42.  42.  45.  42.  43.  40.  41.  43.  41.  42.
   42.  42.  44.  41.  44.  42.  44.  45.  43.  43.  44.  44.]
 [ 70.  74.  78.  78.  78.  77.  80.  78.  79.  79.  77.  40.  42.  40.
   42.  41.  42.  41.  42.  43.  41.  40.  40.  40.  40.  41.  41.  42.
   40.  40.  43.  43.  42.  42.  41.  43.  42.  42.  41.  44.]]
##############################
[[ 26.  31.  36.  36.  40.  36.  37.  40.  37.  39.  38.  37.  23.  22.
   24.  23.  23.  22.  24.  24.  25.  23.  25.  24.  23.  24.  21.  24.
   24.  23.  25.  25.  22.  23.  22.  22.  23.  22.  22.  22.]
 [100. 100. 100. 100. 100. 100. 100. 100. 100. 100. 100. 100.  50.  50.
   50.  50.  50.  50.  50.  50.  50.  50.  50.  50.  50.  50.  50.  50.
   50.  50.  50.  50.  50.  50.  50.  50.  50.  50.  50.  50.]
 [ 63.  77.  76.  79.  78.  79.  77.  79.  84.  82.  76.  76.  40.  41.
   42.  41.  42.  43.  42.  42.  45.  42.  43.  40.  41.  43.  41.  42.
   42.  42.  44.  41.  44.  42.  44.  45.  43.  43.  44.  44.]
 [ 70.  74.  78.  78.  78.  77.  80.  78.  79.  79.  77.  78.  42.  40.
   42.  41.  42.  41.  42.  43.  41.  40.  40.  40.  40.  41.  41.  42.
   40.  40.  43.  43.  42.  42.  41.  43.  42.  42.  41.  44.]]
##############################
[[ 26.  31.  36.  36.  40.  36.  37.  40.  37.  39.  38.  37.  38.  22.
   24.  23.  23.  22.  24.  24.  25.  23.  25.  24.  23.  24.  21.  24.
   24.  23.  25.  25.  22.  23.  22.  22.  23.  22.  22.  22.]
 [100. 100. 100. 100. 100. 100. 100. 100. 100. 100. 100. 100. 100.  50.
   50.  50.  50.  50.  50.  50.  50.  50.  50.  50.  50.  50.  50.  50.
   50.  50.  50.  50.  50.  50.  50.  50.  50.  50.  50.  50.]
 [ 63.  77.  76.  79.  78.  79.  77.  79.  84.  82.  76.  76.  78.  41.
   42.  41.  42.  43.  42.  42.  45.  42.  43.  40.  41.  43.  41.  42.
   42.  42.  44.  41.  44.  42.  44.  45.  43.  43.  44.  44.]
 [ 70.  74.  78.  78.  78.  77.  80.  78.  79.  79.  77.  78.  79.  40.
   42.  41.  42.  41.  42.  43.  41.  40.  40.  40.  40.  41.  41.  42.
   40.  40.  43.  43.  42.  42.  41.  43.  42.  42.  41.  44.]]
##############################
[[ 26.  31.  36.  36.  40.  36.  37.  40.  37.  39.  38.  37.  38.  36.
   24.  23.  23.  22.  24.  24.  25.  23.  25.  24.  23.  24.  21.  24.
   24.  23.  25.  25.  22.  23.  22.  22.  23.  22.  22.  22.]
 [100. 100. 100. 100. 100. 100. 100. 100. 100. 100. 100. 100. 100. 100.
   50.  50.  50.  50.  50.  50.  50.  50.  50.  50.  50.  50.  50.  50.
   50.  50.  50.  50.  50.  50.  50.  50.  50.  50.  50.  50.]
 [ 63.  77.  76.  79.  78.  79.  77.  79.  84.  82.  76.  76.  78.  81.
   42.  41.  42.  43.  42.  42.  45.  42.  43.  40.  41.  43.  41.  42.
   42.  42.  44.  41.  44.  42.  44.  45.  43.  43.  44.  44.]
 [ 70.  74.  78.  78.  78.  77.  80.  78.  79.  79.  77.  78.  79.  77.
   42.  41.  42.  41.  42.  43.  41.  40.  40.  40.  40.  41.  41.  42.
   40.  40.  43.  43.  42.  42.  41.  43.  42.  42.  41.  44.]]
##############################
[[ 26.  31.  36.  36.  40.  36.  37.  40.  37.  39.  38.  37.  38.  36.
   39.  23.  23.  22.  24.  24.  25.  23.  25.  24.  23.  24.  21.  24.
   24.  23.  25.  25.  22.  23.  22.  22.  23.  22.  22.  22.]
 [100. 100. 100. 100. 100. 100. 100. 100. 100. 100. 100. 100. 100. 100.
  100.  50.  50.  50.  50.  50.  50.  50.  50.  50.  50.  50.  50.  50.
   50.  50.  50.  50.  50.  50.  50.  50.  50.  50.  50.  50.]
 [ 63.  77.  76.  79.  78.  79.  77.  79.  84.  82.  76.  76.  78.  81.
   79.  41.  42.  43.  42.  42.  45.  42.  43.  40.  41.  43.  41.  42.
   42.  42.  44.  41.  44.  42.  44.  45.  43.  43.  44.  44.]
 [ 70.  74.  78.  78.  78.  77.  80.  78.  79.  79.  77.  78.  79.  77.
   78.  41.  42.  41.  42.  43.  41.  40.  40.  40.  40.  41.  41.  42.
   40.  40.  43.  43.  42.  42.  41.  43.  42.  42.  41.  44.]]
##############################
[[ 26.  31.  36.  36.  40.  36.  37.  40.  37.  39.  38.  37.  38.  36.
   39.  38.  23.  22.  24.  24.  25.  23.  25.  24.  23.  24.  21.  24.
   24.  23.  25.  25.  22.  23.  22.  22.  23.  22.  22.  22.]
 [100. 100. 100. 100. 100. 100. 100. 100. 100. 100. 100. 100. 100. 100.
  100. 100.  50.  50.  50.  50.  50.  50.  50.  50.  50.  50.  50.  50.
   50.  50.  50.  50.  50.  50.  50.  50.  50.  50.  50.  50.]
 [ 63.  77.  76.  79.  78.  79.  77.  79.  84.  82.  76.  76.  78.  81.
   79.  80.  42.  43.  42.  42.  45.  42.  43.  40.  41.  43.  41.  42.
   42.  42.  44.  41.  44.  42.  44.  45.  43.  43.  44.  44.]
 [ 70.  74.  78.  78.  78.  77.  80.  78.  79.  79.  77.  78.  79.  77.
   78.  76.  42.  41.  42.  43.  41.  40.  40.  40.  40.  41.  41.  42.
   40.  40.  43.  43.  42.  42.  41.  43.  42.  42.  41.  44.]]
##############################
[[ 26.  31.  36.  36.  40.  36.  37.  40.  37.  39.  38.  37.  38.  36.
   39.  38.  37.  22.  24.  24.  25.  23.  25.  24.  23.  24.  21.  24.
   24.  23.  25.  25.  22.  23.  22.  22.  23.  22.  22.  22.]
 [100. 100. 100. 100. 100. 100. 100. 100. 100. 100. 100. 100. 100. 100.
  100. 100. 100.  50.  50.  50.  50.  50.  50.  50.  50.  50.  50.  50.
   50.  50.  50.  50.  50.  50.  50.  50.  50.  50.  50.  50.]
 [ 63.  77.  76.  79.  78.  79.  77.  79.  84.  82.  76.  76.  78.  81.
   79.  80.  79.  43.  42.  42.  45.  42.  43.  40.  41.  43.  41.  42.
   42.  42.  44.  41.  44.  42.  44.  45.  43.  43.  44.  44.]
 [ 70.  74.  78.  78.  78.  77.  80.  78.  79.  79.  77.  78.  79.  77.
   78.  76.  80.  41.  42.  43.  41.  40.  40.  40.  40.  41.  41.  42.
   40.  40.  43.  43.  42.  42.  41.  43.  42.  42.  41.  44.]]
##############################
[[ 26.  31.  36.  36.  40.  36.  37.  40.  37.  39.  38.  37.  38.  36.
   39.  38.  37.  35.  24.  24.  25.  23.  25.  24.  23.  24.  21.  24.
   24.  23.  25.  25.  22.  23.  22.  22.  23.  22.  22.  22.]
 [100. 100. 100. 100. 100. 100. 100. 100. 100. 100. 100. 100. 100. 100.
  100. 100. 100. 100.  50.  50.  50.  50.  50.  50.  50.  50.  50.  50.
   50.  50.  50.  50.  50.  50.  50.  50.  50.  50.  50.  50.]
 [ 63.  77.  76.  79.  78.  79.  77.  79.  84.  82.  76.  76.  78.  81.
   79.  80.  79.  81.  42.  42.  45.  42.  43.  40.  41.  43.  41.  42.
   42.  42.  44.  41.  44.  42.  44.  45.  43.  43.  44.  44.]
 [ 70.  74.  78.  78.  78.  77.  80.  78.  79.  79.  77.  78.  79.  77.
   78.  76.  80.  78.  42.  43.  41.  40.  40.  40.  40.  41.  41.  42.
   40.  40.  43.  43.  42.  42.  41.  43.  42.  42.  41.  44.]]
##############################
[[ 26.  31.  36.  36.  40.  36.  37.  40.  37.  39.  38.  37.  38.  36.
   39.  38.  37.  35.  40.  24.  25.  23.  25.  24.  23.  24.  21.  24.
   24.  23.  25.  25.  22.  23.  22.  22.  23.  22.  22.  22.]
 [100. 100. 100. 100. 100. 100. 100. 100. 100. 100. 100. 100. 100. 100.
  100. 100. 100. 100. 100.  50.  50.  50.  50.  50.  50.  50.  50.  50.
   50.  50.  50.  50.  50.  50.  50.  50.  50.  50.  50.  50.]
 [ 63.  77.  76.  79.  78.  79.  77.  79.  84.  82.  76.  76.  78.  81.
   79.  80.  79.  81.  80.  42.  45.  42.  43.  40.  41.  43.  41.  42.
   42.  42.  44.  41.  44.  42.  44.  45.  43.  43.  44.  44.]
 [ 70.  74.  78.  78.  78.  77.  80.  78.  79.  79.  77.  78.  79.  77.
   78.  76.  80.  78.  80.  43.  41.  40.  40.  40.  40.  41.  41.  42.
   40.  40.  43.  43.  42.  42.  41.  43.  42.  42.  41.  44.]]
##############################
[[ 26.  31.  36.  36.  40.  36.  37.  40.  37.  39.  38.  37.  38.  36.
   39.  38.  37.  35.  40.  38.  25.  23.  25.  24.  23.  24.  21.  24.
   24.  23.  25.  25.  22.  23.  22.  22.  23.  22.  22.  22.]
 [100. 100. 100. 100. 100. 100. 100. 100. 100. 100. 100. 100. 100. 100.
  100. 100. 100. 100. 100. 100.  50.  50.  50.  50.  50.  50.  50.  50.
   50.  50.  50.  50.  50.  50.  50.  50.  50.  50.  50.  50.]
 [ 63.  77.  76.  79.  78.  79.  77.  79.  84.  82.  76.  76.  78.  81.
   79.  80.  79.  81.  80.  82.  45.  42.  43.  40.  41.  43.  41.  42.
   42.  42.  44.  41.  44.  42.  44.  45.  43.  43.  44.  44.]
 [ 70.  74.  78.  78.  78.  77.  80.  78.  79.  79.  77.  78.  79.  77.
   78.  76.  80.  78.  80.  82.  41.  40.  40.  40.  40.  41.  41.  42.
   40.  40.  43.  43.  42.  42.  41.  43.  42.  42.  41.  44.]]
##############################
[[ 26.  31.  36.  36.  40.  36.  37.  40.  37.  39.  38.  37.  38.  36.
   39.  38.  37.  35.  40.  38.  40.  23.  25.  24.  23.  24.  21.  24.
   24.  23.  25.  25.  22.  23.  22.  22.  23.  22.  22.  22.]
 [100. 100. 100. 100. 100. 100. 100. 100. 100. 100. 100. 100. 100. 100.
  100. 100. 100. 100. 100. 100. 100.  50.  50.  50.  50.  50.  50.  50.
   50.  50.  50.  50.  50.  50.  50.  50.  50.  50.  50.  50.]
 [ 63.  77.  76.  79.  78.  79.  77.  79.  84.  82.  76.  76.  78.  81.
   79.  80.  79.  81.  80.  82.  80.  42.  43.  40.  41.  43.  41.  42.
   42.  42.  44.  41.  44.  42.  44.  45.  43.  43.  44.  44.]
 [ 70.  74.  78.  78.  78.  77.  80.  78.  79.  79.  77.  78.  79.  77.
   78.  76.  80.  78.  80.  82.  78.  40.  40.  40.  40.  41.  41.  42.
   40.  40.  43.  43.  42.  42.  41.  43.  42.  42.  41.  44.]]
##############################
[[ 26.  31.  36.  36.  40.  36.  37.  40.  37.  39.  38.  37.  38.  36.
   39.  38.  37.  35.  40.  38.  40.  37.  25.  24.  23.  24.  21.  24.
   24.  23.  25.  25.  22.  23.  22.  22.  23.  22.  22.  22.]
 [100. 100. 100. 100. 100. 100. 100. 100. 100. 100. 100. 100. 100. 100.
  100. 100. 100. 100. 100. 100. 100. 100.  50.  50.  50.  50.  50.  50.
   50.  50.  50.  50.  50.  50.  50.  50.  50.  50.  50.  50.]
 [ 63.  77.  76.  79.  78.  79.  77.  79.  84.  82.  76.  76.  78.  81.
   79.  80.  79.  81.  80.  82.  80.  79.  43.  40.  41.  43.  41.  42.
   42.  42.  44.  41.  44.  42.  44.  45.  43.  43.  44.  44.]
 [ 70.  74.  78.  78.  78.  77.  80.  78.  79.  79.  77.  78.  79.  77.
   78.  76.  80.  78.  80.  82.  78.  79.  40.  40.  40.  41.  41.  42.
   40.  40.  43.  43.  42.  42.  41.  43.  42.  42.  41.  44.]]
##############################
[[ 26.  31.  36.  36.  40.  36.  37.  40.  37.  39.  38.  37.  38.  36.
   39.  38.  37.  35.  40.  38.  40.  37.  38.  24.  23.  24.  21.  24.
   24.  23.  25.  25.  22.  23.  22.  22.  23.  22.  22.  22.]
 [100. 100. 100. 100. 100. 100. 100. 100. 100. 100. 100. 100. 100. 100.
  100. 100. 100. 100. 100. 100. 100. 100. 100.  50.  50.  50.  50.  50.
   50.  50.  50.  50.  50.  50.  50.  50.  50.  50.  50.  50.]
 [ 63.  77.  76.  79.  78.  79.  77.  79.  84.  82.  76.  76.  78.  81.
   79.  80.  79.  81.  80.  82.  80.  79.  80.  40.  41.  43.  41.  42.
   42.  42.  44.  41.  44.  42.  44.  45.  43.  43.  44.  44.]
 [ 70.  74.  78.  78.  78.  77.  80.  78.  79.  79.  77.  78.  79.  77.
   78.  76.  80.  78.  80.  82.  78.  79.  77.  40.  40.  41.  41.  42.
   40.  40.  43.  43.  42.  42.  41.  43.  42.  42.  41.  44.]]
##############################
[[ 26.  31.  36.  36.  40.  36.  37.  40.  37.  39.  38.  37.  38.  36.
   39.  38.  37.  35.  40.  38.  40.  37.  38.  37.  23.  24.  21.  24.
   24.  23.  25.  25.  22.  23.  22.  22.  23.  22.  22.  22.]
 [100. 100. 100. 100. 100. 100. 100. 100. 100. 100. 100. 100. 100. 100.
  100. 100. 100. 100. 100. 100. 100. 100. 100. 100.  50.  50.  50.  50.
   50.  50.  50.  50.  50.  50.  50.  50.  50.  50.  50.  50.]
 [ 63.  77.  76.  79.  78.  79.  77.  79.  84.  82.  76.  76.  78.  81.
   79.  80.  79.  81.  80.  82.  80.  79.  80.  77.  41.  43.  41.  42.
   42.  42.  44.  41.  44.  42.  44.  45.  43.  43.  44.  44.]
 [ 70.  74.  78.  78.  78.  77.  80.  78.  79.  79.  77.  78.  79.  77.
   78.  76.  80.  78.  80.  82.  78.  79.  77.  77.  40.  41.  41.  42.
   40.  40.  43.  43.  42.  42.  41.  43.  42.  42.  41.  44.]]
##############################
[[ 26.  31.  36.  36.  40.  36.  37.  40.  37.  39.  38.  37.  38.  36.
   39.  38.  37.  35.  40.  38.  40.  37.  38.  37.  36.  24.  21.  24.
   24.  23.  25.  25.  22.  23.  22.  22.  23.  22.  22.  22.]
 [100. 100. 100. 100. 100. 100. 100. 100. 100. 100. 100. 100. 100. 100.
  100. 100. 100. 100. 100. 100. 100. 100. 100. 100. 100.  50.  50.  50.
   50.  50.  50.  50.  50.  50.  50.  50.  50.  50.  50.  50.]
 [ 63.  77.  76.  79.  78.  79.  77.  79.  84.  82.  76.  76.  78.  81.
   79.  80.  79.  81.  80.  82.  80.  79.  80.  77.  76.  43.  41.  42.
   42.  42.  44.  41.  44.  42.  44.  45.  43.  43.  44.  44.]
 [ 70.  74.  78.  78.  78.  77.  80.  78.  79.  79.  77.  78.  79.  77.
   78.  76.  80.  78.  80.  82.  78.  79.  77.  77.  77.  41.  41.  42.
   40.  40.  43.  43.  42.  42.  41.  43.  42.  42.  41.  44.]]
##############################
[[ 26.  31.  36.  36.  40.  36.  37.  40.  37.  39.  38.  37.  38.  36.
   39.  38.  37.  35.  40.  38.  40.  37.  38.  37.  36.  39.  21.  24.
   24.  23.  25.  25.  22.  23.  22.  22.  23.  22.  22.  22.]
 [100. 100. 100. 100. 100. 100. 100. 100. 100. 100. 100. 100. 100. 100.
  100. 100. 100. 100. 100. 100. 100. 100. 100. 100. 100. 100.  50.  50.
   50.  50.  50.  50.  50.  50.  50.  50.  50.  50.  50.  50.]
 [ 63.  77.  76.  79.  78.  79.  77.  79.  84.  82.  76.  76.  78.  81.
   79.  80.  79.  81.  80.  82.  80.  79.  80.  77.  76.  80.  41.  42.
   42.  42.  44.  41.  44.  42.  44.  45.  43.  43.  44.  44.]
 [ 70.  74.  78.  78.  78.  77.  80.  78.  79.  79.  77.  78.  79.  77.
   78.  76.  80.  78.  80.  82.  78.  79.  77.  77.  77.  78.  41.  42.
   40.  40.  43.  43.  42.  42.  41.  43.  42.  42.  41.  44.]]
##############################
[[ 26.  31.  36.  36.  40.  36.  37.  40.  37.  39.  38.  37.  38.  36.
   39.  38.  37.  35.  40.  38.  40.  37.  38.  37.  36.  39.  36.  24.
   24.  23.  25.  25.  22.  23.  22.  22.  23.  22.  22.  22.]
 [100. 100. 100. 100. 100. 100. 100. 100. 100. 100. 100. 100. 100. 100.
  100. 100. 100. 100. 100. 100. 100. 100. 100. 100. 100. 100. 100.  50.
   50.  50.  50.  50.  50.  50.  50.  50.  50.  50.  50.  50.]
 [ 63.  77.  76.  79.  78.  79.  77.  79.  84.  82.  76.  76.  78.  81.
   79.  80.  79.  81.  80.  82.  80.  79.  80.  77.  76.  80.  79.  42.
   42.  42.  44.  41.  44.  42.  44.  45.  43.  43.  44.  44.]
 [ 70.  74.  78.  78.  78.  77.  80.  78.  79.  79.  77.  78.  79.  77.
   78.  76.  80.  78.  80.  82.  78.  79.  77.  77.  77.  78.  78.  42.
   40.  40.  43.  43.  42.  42.  41.  43.  42.  42.  41.  44.]]
##############################
[[ 26.  31.  36.  36.  40.  36.  37.  40.  37.  39.  38.  37.  38.  36.
   39.  38.  37.  35.  40.  38.  40.  37.  38.  37.  36.  39.  36.  40.
   24.  23.  25.  25.  22.  23.  22.  22.  23.  22.  22.  22.]
 [100. 100. 100. 100. 100. 100. 100. 100. 100. 100. 100. 100. 100. 100.
  100. 100. 100. 100. 100. 100. 100. 100. 100. 100. 100. 100. 100. 100.
   50.  50.  50.  50.  50.  50.  50.  50.  50.  50.  50.  50.]
 [ 63.  77.  76.  79.  78.  79.  77.  79.  84.  82.  76.  76.  78.  81.
   79.  80.  79.  81.  80.  82.  80.  79.  80.  77.  76.  80.  79.  78.
   42.  42.  44.  41.  44.  42.  44.  45.  43.  43.  44.  44.]
 [ 70.  74.  78.  78.  78.  77.  80.  78.  79.  79.  77.  78.  79.  77.
   78.  76.  80.  78.  80.  82.  78.  79.  77.  77.  77.  78.  78.  78.
   40.  40.  43.  43.  42.  42.  41.  43.  42.  42.  41.  44.]]
##############################
[[ 26.  31.  36.  36.  40.  36.  37.  40.  37.  39.  38.  37.  38.  36.
   39.  38.  37.  35.  40.  38.  40.  37.  38.  37.  36.  39.  36.  40.
   39.  23.  25.  25.  22.  23.  22.  22.  23.  22.  22.  22.]
 [100. 100. 100. 100. 100. 100. 100. 100. 100. 100. 100. 100. 100. 100.
  100. 100. 100. 100. 100. 100. 100. 100. 100. 100. 100. 100. 100. 100.
  100.  50.  50.  50.  50.  50.  50.  50.  50.  50.  50.  50.]
 [ 63.  77.  76.  79.  78.  79.  77.  79.  84.  82.  76.  76.  78.  81.
   79.  80.  79.  81.  80.  82.  80.  79.  80.  77.  76.  80.  79.  78.
   78.  42.  44.  41.  44.  42.  44.  45.  43.  43.  44.  44.]
 [ 70.  74.  78.  78.  78.  77.  80.  78.  79.  79.  77.  78.  79.  77.
   78.  76.  80.  78.  80.  82.  78.  79.  77.  77.  77.  78.  78.  78.
   77.  40.  43.  43.  42.  42.  41.  43.  42.  42.  41.  44.]]
##############################
[[ 26.  31.  36.  36.  40.  36.  37.  40.  37.  39.  38.  37.  38.  36.
   39.  38.  37.  35.  40.  38.  40.  37.  38.  37.  36.  39.  36.  40.
   39.  39.  25.  25.  22.  23.  22.  22.  23.  22.  22.  22.]
 [100. 100. 100. 100. 100. 100. 100. 100. 100. 100. 100. 100. 100. 100.
  100. 100. 100. 100. 100. 100. 100. 100. 100. 100. 100. 100. 100. 100.
  100. 100.  50.  50.  50.  50.  50.  50.  50.  50.  50.  50.]
 [ 63.  77.  76.  79.  78.  79.  77.  79.  84.  82.  76.  76.  78.  81.
   79.  80.  79.  81.  80.  82.  80.  79.  80.  77.  76.  80.  79.  78.
   78.  79.  44.  41.  44.  42.  44.  45.  43.  43.  44.  44.]
 [ 70.  74.  78.  78.  78.  77.  80.  78.  79.  79.  77.  78.  79.  77.
   78.  76.  80.  78.  80.  82.  78.  79.  77.  77.  77.  78.  78.  78.
   77.  78.  43.  43.  42.  42.  41.  43.  42.  42.  41.  44.]]
##############################
[[ 26.  31.  36.  36.  40.  36.  37.  40.  37.  39.  38.  37.  38.  36.
   39.  38.  37.  35.  40.  38.  40.  37.  38.  37.  36.  39.  36.  40.
   39.  39.  39.  25.  22.  23.  22.  22.  23.  22.  22.  22.]
 [100. 100. 100. 100. 100. 100. 100. 100. 100. 100. 100. 100. 100. 100.
  100. 100. 100. 100. 100. 100. 100. 100. 100. 100. 100. 100. 100. 100.
  100. 100. 100.  50.  50.  50.  50.  50.  50.  50.  50.  50.]
 [ 63.  77.  76.  79.  78.  79.  77.  79.  84.  82.  76.  76.  78.  81.
   79.  80.  79.  81.  80.  82.  80.  79.  80.  77.  76.  80.  79.  78.
   78.  79.  79.  41.  44.  42.  44.  45.  43.  43.  44.  44.]
 [ 70.  74.  78.  78.  78.  77.  80.  78.  79.  79.  77.  78.  79.  77.
   78.  76.  80.  78.  80.  82.  78.  79.  77.  77.  77.  78.  78.  78.
   77.  78.  80.  43.  42.  42.  41.  43.  42.  42.  41.  44.]]
##############################
[[ 26.  31.  36.  36.  40.  36.  37.  40.  37.  39.  38.  37.  38.  36.
   39.  38.  37.  35.  40.  38.  40.  37.  38.  37.  36.  39.  36.  40.
   39.  39.  39.  39.  22.  23.  22.  22.  23.  22.  22.  22.]
 [100. 100. 100. 100. 100. 100. 100. 100. 100. 100. 100. 100. 100. 100.
  100. 100. 100. 100. 100. 100. 100. 100. 100. 100. 100. 100. 100. 100.
  100. 100. 100. 100.  50.  50.  50.  50.  50.  50.  50.  50.]
 [ 63.  77.  76.  79.  78.  79.  77.  79.  84.  82.  76.  76.  78.  81.
   79.  80.  79.  81.  80.  82.  80.  79.  80.  77.  76.  80.  79.  78.
   78.  79.  79.  77.  44.  42.  44.  45.  43.  43.  44.  44.]
 [ 70.  74.  78.  78.  78.  77.  80.  78.  79.  79.  77.  78.  79.  77.
   78.  76.  80.  78.  80.  82.  78.  79.  77.  77.  77.  78.  78.  78.
   77.  78.  80.  80.  42.  42.  41.  43.  42.  42.  41.  44.]]
##############################
[[ 26.  31.  36.  36.  40.  36.  37.  40.  37.  39.  38.  37.  38.  36.
   39.  38.  37.  35.  40.  38.  40.  37.  38.  37.  36.  39.  36.  40.
   39.  39.  39.  39.  37.  23.  22.  22.  23.  22.  22.  22.]
 [100. 100. 100. 100. 100. 100. 100. 100. 100. 100. 100. 100. 100. 100.
  100. 100. 100. 100. 100. 100. 100. 100. 100. 100. 100. 100. 100. 100.
  100. 100. 100. 100. 100.  50.  50.  50.  50.  50.  50.  50.]
 [ 63.  77.  76.  79.  78.  79.  77.  79.  84.  82.  76.  76.  78.  81.
   79.  80.  79.  81.  80.  82.  80.  79.  80.  77.  76.  80.  79.  78.
   78.  79.  79.  77.  82.  42.  44.  45.  43.  43.  44.  44.]
 [ 70.  74.  78.  78.  78.  77.  80.  78.  79.  79.  77.  78.  79.  77.
   78.  76.  80.  78.  80.  82.  78.  79.  77.  77.  77.  78.  78.  78.
   77.  78.  80.  80.  79.  42.  41.  43.  42.  42.  41.  44.]]
##############################
[[ 26.  31.  36.  36.  40.  36.  37.  40.  37.  39.  38.  37.  38.  36.
   39.  38.  37.  35.  40.  38.  40.  37.  38.  37.  36.  39.  36.  40.
   39.  39.  39.  39.  37.  38.  22.  22.  23.  22.  22.  22.]
 [100. 100. 100. 100. 100. 100. 100. 100. 100. 100. 100. 100. 100. 100.
  100. 100. 100. 100. 100. 100. 100. 100. 100. 100. 100. 100. 100. 100.
  100. 100. 100. 100. 100. 100.  50.  50.  50.  50.  50.  50.]
 [ 63.  77.  76.  79.  78.  79.  77.  79.  84.  82.  76.  76.  78.  81.
   79.  80.  79.  81.  80.  82.  80.  79.  80.  77.  76.  80.  79.  78.
   78.  79.  79.  77.  82.  80.  44.  45.  43.  43.  44.  44.]
 [ 70.  74.  78.  78.  78.  77.  80.  78.  79.  79.  77.  78.  79.  77.
   78.  76.  80.  78.  80.  82.  78.  79.  77.  77.  77.  78.  78.  78.
   77.  78.  80.  80.  79.  77.  41.  43.  42.  42.  41.  44.]]
##############################
[[ 26.  31.  36.  36.  40.  36.  37.  40.  37.  39.  38.  37.  38.  36.
   39.  38.  37.  35.  40.  38.  40.  37.  38.  37.  36.  39.  36.  40.
   39.  39.  39.  39.  37.  38.  38.  22.  23.  22.  22.  22.]
 [100. 100. 100. 100. 100. 100. 100. 100. 100. 100. 100. 100. 100. 100.
  100. 100. 100. 100. 100. 100. 100. 100. 100. 100. 100. 100. 100. 100.
  100. 100. 100. 100. 100. 100. 100.  50.  50.  50.  50.  50.]
 [ 63.  77.  76.  79.  78.  79.  77.  79.  84.  82.  76.  76.  78.  81.
   79.  80.  79.  81.  80.  82.  80.  79.  80.  77.  76.  80.  79.  78.
   78.  79.  79.  77.  82.  80.  81.  45.  43.  43.  44.  44.]
 [ 70.  74.  78.  78.  78.  77.  80.  78.  79.  79.  77.  78.  79.  77.
   78.  76.  80.  78.  80.  82.  78.  79.  77.  77.  77.  78.  78.  78.
   77.  78.  80.  80.  79.  77.  78.  43.  42.  42.  41.  44.]]
##############################
[[ 26.  31.  36.  36.  40.  36.  37.  40.  37.  39.  38.  37.  38.  36.
   39.  38.  37.  35.  40.  38.  40.  37.  38.  37.  36.  39.  36.  40.
   39.  39.  39.  39.  37.  38.  38.  36.  23.  22.  22.  22.]
 [100. 100. 100. 100. 100. 100. 100. 100. 100. 100. 100. 100. 100. 100.
  100. 100. 100. 100. 100. 100. 100. 100. 100. 100. 100. 100. 100. 100.
  100. 100. 100. 100. 100. 100. 100. 100.  50.  50.  50.  50.]
 [ 63.  77.  76.  79.  78.  79.  77.  79.  84.  82.  76.  76.  78.  81.
   79.  80.  79.  81.  80.  82.  80.  79.  80.  77.  76.  80.  79.  78.
   78.  79.  79.  77.  82.  80.  81.  84.  43.  43.  44.  44.]
 [ 70.  74.  78.  78.  78.  77.  80.  78.  79.  79.  77.  78.  79.  77.
   78.  76.  80.  78.  80.  82.  78.  79.  77.  77.  77.  78.  78.  78.
   77.  78.  80.  80.  79.  77.  78.  80.  42.  42.  41.  44.]]
##############################
[[ 26.  31.  36.  36.  40.  36.  37.  40.  37.  39.  38.  37.  38.  36.
   39.  38.  37.  35.  40.  38.  40.  37.  38.  37.  36.  39.  36.  40.
   39.  39.  39.  39.  37.  38.  38.  36.  38.  22.  22.  22.]
 [100. 100. 100. 100. 100. 100. 100. 100. 100. 100. 100. 100. 100. 100.
  100. 100. 100. 100. 100. 100. 100. 100. 100. 100. 100. 100. 100. 100.
  100. 100. 100. 100. 100. 100. 100. 100. 100.  50.  50.  50.]
 [ 63.  77.  76.  79.  78.  79.  77.  79.  84.  82.  76.  76.  78.  81.
   79.  80.  79.  81.  80.  82.  80.  79.  80.  77.  76.  80.  79.  78.
   78.  79.  79.  77.  82.  80.  81.  84.  81.  43.  44.  44.]
 [ 70.  74.  78.  78.  78.  77.  80.  78.  79.  79.  77.  78.  79.  77.
   78.  76.  80.  78.  80.  82.  78.  79.  77.  77.  77.  78.  78.  78.
   77.  78.  80.  80.  79.  77.  78.  80.  77.  42.  41.  44.]]
##############################
[[ 26.  31.  36.  36.  40.  36.  37.  40.  37.  39.  38.  37.  38.  36.
   39.  38.  37.  35.  40.  38.  40.  37.  38.  37.  36.  39.  36.  40.
   39.  39.  39.  39.  37.  38.  38.  36.  38.  37.  22.  22.]
 [100. 100. 100. 100. 100. 100. 100. 100. 100. 100. 100. 100. 100. 100.
  100. 100. 100. 100. 100. 100. 100. 100. 100. 100. 100. 100. 100. 100.
  100. 100. 100. 100. 100. 100. 100. 100. 100. 100.  50.  50.]
 [ 63.  77.  76.  79.  78.  79.  77.  79.  84.  82.  76.  76.  78.  81.
   79.  80.  79.  81.  80.  82.  80.  79.  80.  77.  76.  80.  79.  78.
   78.  79.  79.  77.  82.  80.  81.  84.  81.  81.  44.  44.]
 [ 70.  74.  78.  78.  78.  77.  80.  78.  79.  79.  77.  78.  79.  77.
   78.  76.  80.  78.  80.  82.  78.  79.  77.  77.  77.  78.  78.  78.
   77.  78.  80.  80.  79.  77.  78.  80.  77.  78.  41.  44.]]
##############################
[[ 26.  31.  36.  36.  40.  36.  37.  40.  37.  39.  38.  37.  38.  36.
   39.  38.  37.  35.  40.  38.  40.  37.  38.  37.  36.  39.  36.  40.
   39.  39.  39.  39.  37.  38.  38.  36.  38.  37.  37.  22.]
 [100. 100. 100. 100. 100. 100. 100. 100. 100. 100. 100. 100. 100. 100.
  100. 100. 100. 100. 100. 100. 100. 100. 100. 100. 100. 100. 100. 100.
  100. 100. 100. 100. 100. 100. 100. 100. 100. 100. 100.  50.]
 [ 63.  77.  76.  79.  78.  79.  77.  79.  84.  82.  76.  76.  78.  81.
   79.  80.  79.  81.  80.  82.  80.  79.  80.  77.  76.  80.  79.  78.
   78.  79.  79.  77.  82.  80.  81.  84.  81.  81.  80.  44.]
 [ 70.  74.  78.  78.  78.  77.  80.  78.  79.  79.  77.  78.  79.  77.
   78.  76.  80.  78.  80.  82.  78.  79.  77.  77.  77.  78.  78.  78.
   77.  78.  80.  80.  79.  77.  78.  80.  77.  78.  79.  44.]]
##############################
[[ 26.  31.  36.  36.  40.  36.  37.  40.  37.  39.  38.  37.  38.  36.
   39.  38.  37.  35.  40.  38.  40.  37.  38.  37.  36.  39.  36.  40.
   39.  39.  39.  39.  37.  38.  38.  36.  38.  37.  37.  37.]
 [100. 100. 100. 100. 100. 100. 100. 100. 100. 100. 100. 100. 100. 100.
  100. 100. 100. 100. 100. 100. 100. 100. 100. 100. 100. 100. 100. 100.
  100. 100. 100. 100. 100. 100. 100. 100. 100. 100. 100. 100.]
 [ 63.  77.  76.  79.  78.  79.  77.  79.  84.  82.  76.  76.  78.  81.
   79.  80.  79.  81.  80.  82.  80.  79.  80.  77.  76.  80.  79.  78.
   78.  79.  79.  77.  82.  80.  81.  84.  81.  81.  80.  81.]
 [ 70.  74.  78.  78.  78.  77.  80.  78.  79.  79.  77.  78.  79.  77.
   78.  76.  80.  78.  80.  82.  78.  79.  77.  77.  77.  78.  78.  78.
   77.  78.  80.  80.  79.  77.  78.  80.  77.  78.  79.  81.]]
##############################
##################################################
##################################################
starting :3 batch
[[ 39.  31.  36.  36.  40.  36.  37.  40.  37.  39.  38.  37.  38.  36.
   39.  38.  37.  35.  40.  38.  40.  37.  38.  37.  36.  39.  36.  40.
   39.  39.  39.  39.  37.  38.  38.  36.  38.  37.  37.  37.]
 [150. 100. 100. 100. 100. 100. 100. 100. 100. 100. 100. 100. 100. 100.
  100. 100. 100. 100. 100. 100. 100. 100. 100. 100. 100. 100. 100. 100.
  100. 100. 100. 100. 100. 100. 100. 100. 100. 100. 100. 100.]
 [ 95.  77.  76.  79.  78.  79.  77.  79.  84.  82.  76.  76.  78.  81.
   79.  80.  79.  81.  80.  82.  80.  79.  80.  77.  76.  80.  79.  78.
   78.  79.  79.  77.  82.  80.  81.  84.  81.  81.  80.  81.]
 [100.  74.  78.  78.  78.  77.  80.  78.  79.  79.  77.  78.  79.  77.
   78.  76.  80.  78.  80.  82.  78.  79.  77.  77.  77.  78.  78.  78.
   77.  78.  80.  80.  79.  77.  78.  80.  77.  78.  79.  81.]]
##############################
[[ 39.  48.  36.  36.  40.  36.  37.  40.  37.  39.  38.  37.  38.  36.
   39.  38.  37.  35.  40.  38.  40.  37.  38.  37.  36.  39.  36.  40.
   39.  39.  39.  39.  37.  38.  38.  36.  38.  37.  37.  37.]
 [150. 150. 100. 100. 100. 100. 100. 100. 100. 100. 100. 100. 100. 100.
  100. 100. 100. 100. 100. 100. 100. 100. 100. 100. 100. 100. 100. 100.
  100. 100. 100. 100. 100. 100. 100. 100. 100. 100. 100. 100.]
 [ 95. 111.  76.  79.  78.  79.  77.  79.  84.  82.  76.  76.  78.  81.
   79.  80.  79.  81.  80.  82.  80.  79.  80.  77.  76.  80.  79.  78.
   78.  79.  79.  77.  82.  80.  81.  84.  81.  81.  80.  81.]
 [100. 107.  78.  78.  78.  77.  80.  78.  79.  79.  77.  78.  79.  77.
   78.  76.  80.  78.  80.  82.  78.  79.  77.  77.  77.  78.  78.  78.
   77.  78.  80.  80.  79.  77.  78.  80.  77.  78.  79.  81.]]
##############################
[[ 39.  48.  53.  36.  40.  36.  37.  40.  37.  39.  38.  37.  38.  36.
   39.  38.  37.  35.  40.  38.  40.  37.  38.  37.  36.  39.  36.  40.
   39.  39.  39.  39.  37.  38.  38.  36.  38.  37.  37.  37.]
 [150. 150. 150. 100. 100. 100. 100. 100. 100. 100. 100. 100. 100. 100.
  100. 100. 100. 100. 100. 100. 100. 100. 100. 100. 100. 100. 100. 100.
  100. 100. 100. 100. 100. 100. 100. 100. 100. 100. 100. 100.]
 [ 95. 111. 111.  79.  78.  79.  77.  79.  84.  82.  76.  76.  78.  81.
   79.  80.  79.  81.  80.  82.  80.  79.  80.  77.  76.  80.  79.  78.
   78.  79.  79.  77.  82.  80.  81.  84.  81.  81.  80.  81.]
 [100. 107. 114.  78.  78.  77.  80.  78.  79.  79.  77.  78.  79.  77.
   78.  76.  80.  78.  80.  82.  78.  79.  77.  77.  77.  78.  78.  78.
   77.  78.  80.  80.  79.  77.  78.  80.  77.  78.  79.  81.]]
##############################
[[ 39.  48.  53.  51.  40.  36.  37.  40.  37.  39.  38.  37.  38.  36.
   39.  38.  37.  35.  40.  38.  40.  37.  38.  37.  36.  39.  36.  40.
   39.  39.  39.  39.  37.  38.  38.  36.  38.  37.  37.  37.]
 [150. 150. 150. 150. 100. 100. 100. 100. 100. 100. 100. 100. 100. 100.
  100. 100. 100. 100. 100. 100. 100. 100. 100. 100. 100. 100. 100. 100.
  100. 100. 100. 100. 100. 100. 100. 100. 100. 100. 100. 100.]
 [ 95. 111. 111. 114.  78.  79.  77.  79.  84.  82.  76.  76.  78.  81.
   79.  80.  79.  81.  80.  82.  80.  79.  80.  77.  76.  80.  79.  78.
   78.  79.  79.  77.  82.  80.  81.  84.  81.  81.  80.  81.]
 [100. 107. 114. 119.  78.  77.  80.  78.  79.  79.  77.  78.  79.  77.
   78.  76.  80.  78.  80.  82.  78.  79.  77.  77.  77.  78.  78.  78.
   77.  78.  80.  80.  79.  77.  78.  80.  77.  78.  79.  81.]]
##############################
[[ 39.  48.  53.  51.  56.  36.  37.  40.  37.  39.  38.  37.  38.  36.
   39.  38.  37.  35.  40.  38.  40.  37.  38.  37.  36.  39.  36.  40.
   39.  39.  39.  39.  37.  38.  38.  36.  38.  37.  37.  37.]
 [150. 150. 150. 150. 150. 100. 100. 100. 100. 100. 100. 100. 100. 100.
  100. 100. 100. 100. 100. 100. 100. 100. 100. 100. 100. 100. 100. 100.
  100. 100. 100. 100. 100. 100. 100. 100. 100. 100. 100. 100.]
 [ 95. 111. 111. 114. 112.  79.  77.  79.  84.  82.  76.  76.  78.  81.
   79.  80.  79.  81.  80.  82.  80.  79.  80.  77.  76.  80.  79.  78.
   78.  79.  79.  77.  82.  80.  81.  84.  81.  81.  80.  81.]
 [100. 107. 114. 119. 116.  77.  80.  78.  79.  79.  77.  78.  79.  77.
   78.  76.  80.  78.  80.  82.  78.  79.  77.  77.  77.  78.  78.  78.
   77.  78.  80.  80.  79.  77.  78.  80.  77.  78.  79.  81.]]
##############################
[[ 39.  48.  53.  51.  56.  50.  37.  40.  37.  39.  38.  37.  38.  36.
   39.  38.  37.  35.  40.  38.  40.  37.  38.  37.  36.  39.  36.  40.
   39.  39.  39.  39.  37.  38.  38.  36.  38.  37.  37.  37.]
 [150. 150. 150. 150. 150. 150. 100. 100. 100. 100. 100. 100. 100. 100.
  100. 100. 100. 100. 100. 100. 100. 100. 100. 100. 100. 100. 100. 100.
  100. 100. 100. 100. 100. 100. 100. 100. 100. 100. 100. 100.]
 [ 95. 111. 111. 114. 112. 115.  77.  79.  84.  82.  76.  76.  78.  81.
   79.  80.  79.  81.  80.  82.  80.  79.  80.  77.  76.  80.  79.  78.
   78.  79.  79.  77.  82.  80.  81.  84.  81.  81.  80.  81.]
 [100. 107. 114. 119. 116. 117.  80.  78.  79.  79.  77.  78.  79.  77.
   78.  76.  80.  78.  80.  82.  78.  79.  77.  77.  77.  78.  78.  78.
   77.  78.  80.  80.  79.  77.  78.  80.  77.  78.  79.  81.]]
##############################
[[ 39.  48.  53.  51.  56.  50.  52.  40.  37.  39.  38.  37.  38.  36.
   39.  38.  37.  35.  40.  38.  40.  37.  38.  37.  36.  39.  36.  40.
   39.  39.  39.  39.  37.  38.  38.  36.  38.  37.  37.  37.]
 [150. 150. 150. 150. 150. 150. 150. 100. 100. 100. 100. 100. 100. 100.
  100. 100. 100. 100. 100. 100. 100. 100. 100. 100. 100. 100. 100. 100.
  100. 100. 100. 100. 100. 100. 100. 100. 100. 100. 100. 100.]
 [ 95. 111. 111. 114. 112. 115. 113.  79.  84.  82.  76.  76.  78.  81.
   79.  80.  79.  81.  80.  82.  80.  79.  80.  77.  76.  80.  79.  78.
   78.  79.  79.  77.  82.  80.  81.  84.  81.  81.  80.  81.]
 [100. 107. 114. 119. 116. 117. 119.  78.  79.  79.  77.  78.  79.  77.
   78.  76.  80.  78.  80.  82.  78.  79.  77.  77.  77.  78.  78.  78.
   77.  78.  80.  80.  79.  77.  78.  80.  77.  78.  79.  81.]]
##############################
[[ 39.  48.  53.  51.  56.  50.  52.  54.  37.  39.  38.  37.  38.  36.
   39.  38.  37.  35.  40.  38.  40.  37.  38.  37.  36.  39.  36.  40.
   39.  39.  39.  39.  37.  38.  38.  36.  38.  37.  37.  37.]
 [150. 150. 150. 150. 150. 150. 150. 150. 100. 100. 100. 100. 100. 100.
  100. 100. 100. 100. 100. 100. 100. 100. 100. 100. 100. 100. 100. 100.
  100. 100. 100. 100. 100. 100. 100. 100. 100. 100. 100. 100.]
 [ 95. 111. 111. 114. 112. 115. 113. 116.  84.  82.  76.  76.  78.  81.
   79.  80.  79.  81.  80.  82.  80.  79.  80.  77.  76.  80.  79.  78.
   78.  79.  79.  77.  82.  80.  81.  84.  81.  81.  80.  81.]
 [100. 107. 114. 119. 116. 117. 119. 117.  79.  79.  77.  78.  79.  77.
   78.  76.  80.  78.  80.  82.  78.  79.  77.  77.  77.  78.  78.  78.
   77.  78.  80.  80.  79.  77.  78.  80.  77.  78.  79.  81.]]
##############################
[[ 39.  48.  53.  51.  56.  50.  52.  54.  50.  39.  38.  37.  38.  36.
   39.  38.  37.  35.  40.  38.  40.  37.  38.  37.  36.  39.  36.  40.
   39.  39.  39.  39.  37.  38.  38.  36.  38.  37.  37.  37.]
 [150. 150. 150. 150. 150. 150. 150. 150. 150. 100. 100. 100. 100. 100.
  100. 100. 100. 100. 100. 100. 100. 100. 100. 100. 100. 100. 100. 100.
  100. 100. 100. 100. 100. 100. 100. 100. 100. 100. 100. 100.]
 [ 95. 111. 111. 114. 112. 115. 113. 116. 119.  82.  76.  76.  78.  81.
   79.  80.  79.  81.  80.  82.  80.  79.  80.  77.  76.  80.  79.  78.
   78.  79.  79.  77.  82.  80.  81.  84.  81.  81.  80.  81.]
 [100. 107. 114. 119. 116. 117. 119. 117. 119.  79.  77.  78.  79.  77.
   78.  76.  80.  78.  80.  82.  78.  79.  77.  77.  77.  78.  78.  78.
   77.  78.  80.  80.  79.  77.  78.  80.  77.  78.  79.  81.]]
##############################
[[ 39.  48.  53.  51.  56.  50.  52.  54.  50.  52.  38.  37.  38.  36.
   39.  38.  37.  35.  40.  38.  40.  37.  38.  37.  36.  39.  36.  40.
   39.  39.  39.  39.  37.  38.  38.  36.  38.  37.  37.  37.]
 [150. 150. 150. 150. 150. 150. 150. 150. 150. 150. 100. 100. 100. 100.
  100. 100. 100. 100. 100. 100. 100. 100. 100. 100. 100. 100. 100. 100.
  100. 100. 100. 100. 100. 100. 100. 100. 100. 100. 100. 100.]
 [ 95. 111. 111. 114. 112. 115. 113. 116. 119. 117.  76.  76.  78.  81.
   79.  80.  79.  81.  80.  82.  80.  79.  80.  77.  76.  80.  79.  78.
   78.  79.  79.  77.  82.  80.  81.  84.  81.  81.  80.  81.]
 [100. 107. 114. 119. 116. 117. 119. 117. 119. 119.  77.  78.  79.  77.
   78.  76.  80.  78.  80.  82.  78.  79.  77.  77.  77.  78.  78.  78.
   77.  78.  80.  80.  79.  77.  78.  80.  77.  78.  79.  81.]]
##############################
[[ 39.  48.  53.  51.  56.  50.  52.  54.  50.  52.  52.  37.  38.  36.
   39.  38.  37.  35.  40.  38.  40.  37.  38.  37.  36.  39.  36.  40.
   39.  39.  39.  39.  37.  38.  38.  36.  38.  37.  37.  37.]
 [150. 150. 150. 150. 150. 150. 150. 150. 150. 150. 150. 100. 100. 100.
  100. 100. 100. 100. 100. 100. 100. 100. 100. 100. 100. 100. 100. 100.
  100. 100. 100. 100. 100. 100. 100. 100. 100. 100. 100. 100.]
 [ 95. 111. 111. 114. 112. 115. 113. 116. 119. 117. 112.  76.  78.  81.
   79.  80.  79.  81.  80.  82.  80.  79.  80.  77.  76.  80.  79.  78.
   78.  79.  79.  77.  82.  80.  81.  84.  81.  81.  80.  81.]
 [100. 107. 114. 119. 116. 117. 119. 117. 119. 119. 118.  78.  79.  77.
   78.  76.  80.  78.  80.  82.  78.  79.  77.  77.  77.  78.  78.  78.
   77.  78.  80.  80.  79.  77.  78.  80.  77.  78.  79.  81.]]
##############################
[[ 39.  48.  53.  51.  56.  50.  52.  54.  50.  52.  52.  49.  38.  36.
   39.  38.  37.  35.  40.  38.  40.  37.  38.  37.  36.  39.  36.  40.
   39.  39.  39.  39.  37.  38.  38.  36.  38.  37.  37.  37.]
 [150. 150. 150. 150. 150. 150. 150. 150. 150. 150. 150. 150. 100. 100.
  100. 100. 100. 100. 100. 100. 100. 100. 100. 100. 100. 100. 100. 100.
  100. 100. 100. 100. 100. 100. 100. 100. 100. 100. 100. 100.]
 [ 95. 111. 111. 114. 112. 115. 113. 116. 119. 117. 112. 114.  78.  81.
   79.  80.  79.  81.  80.  82.  80.  79.  80.  77.  76.  80.  79.  78.
   78.  79.  79.  77.  82.  80.  81.  84.  81.  81.  80.  81.]
 [100. 107. 114. 119. 116. 117. 119. 117. 119. 119. 118. 119.  79.  77.
   78.  76.  80.  78.  80.  82.  78.  79.  77.  77.  77.  78.  78.  78.
   77.  78.  80.  80.  79.  77.  78.  80.  77.  78.  79.  81.]]
##############################
[[ 39.  48.  53.  51.  56.  50.  52.  54.  50.  52.  52.  49.  52.  36.
   39.  38.  37.  35.  40.  38.  40.  37.  38.  37.  36.  39.  36.  40.
   39.  39.  39.  39.  37.  38.  38.  36.  38.  37.  37.  37.]
 [150. 150. 150. 150. 150. 150. 150. 150. 150. 150. 150. 150. 150. 100.
  100. 100. 100. 100. 100. 100. 100. 100. 100. 100. 100. 100. 100. 100.
  100. 100. 100. 100. 100. 100. 100. 100. 100. 100. 100. 100.]
 [ 95. 111. 111. 114. 112. 115. 113. 116. 119. 117. 112. 114. 113.  81.
   79.  80.  79.  81.  80.  82.  80.  79.  80.  77.  76.  80.  79.  78.
   78.  79.  79.  77.  82.  80.  81.  84.  81.  81.  80.  81.]
 [100. 107. 114. 119. 116. 117. 119. 117. 119. 119. 118. 119. 118.  77.
   78.  76.  80.  78.  80.  82.  78.  79.  77.  77.  77.  78.  78.  78.
   77.  78.  80.  80.  79.  77.  78.  80.  77.  78.  79.  81.]]
##############################
[[ 39.  48.  53.  51.  56.  50.  52.  54.  50.  52.  52.  49.  52.  49.
   39.  38.  37.  35.  40.  38.  40.  37.  38.  37.  36.  39.  36.  40.
   39.  39.  39.  39.  37.  38.  38.  36.  38.  37.  37.  37.]
 [150. 150. 150. 150. 150. 150. 150. 150. 150. 150. 150. 150. 150. 150.
  100. 100. 100. 100. 100. 100. 100. 100. 100. 100. 100. 100. 100. 100.
  100. 100. 100. 100. 100. 100. 100. 100. 100. 100. 100. 100.]
 [ 95. 111. 111. 114. 112. 115. 113. 116. 119. 117. 112. 114. 113. 116.
   79.  80.  79.  81.  80.  82.  80.  79.  80.  77.  76.  80.  79.  78.
   78.  79.  79.  77.  82.  80.  81.  84.  81.  81.  80.  81.]
 [100. 107. 114. 119. 116. 117. 119. 117. 119. 119. 118. 119. 118. 116.
   78.  76.  80.  78.  80.  82.  78.  79.  77.  77.  77.  78.  78.  78.
   77.  78.  80.  80.  79.  77.  78.  80.  77.  78.  79.  81.]]
##############################
[[ 39.  48.  53.  51.  56.  50.  52.  54.  50.  52.  52.  49.  52.  49.
   53.  38.  37.  35.  40.  38.  40.  37.  38.  37.  36.  39.  36.  40.
   39.  39.  39.  39.  37.  38.  38.  36.  38.  37.  37.  37.]
 [150. 150. 150. 150. 150. 150. 150. 150. 150. 150. 150. 150. 150. 150.
  150. 100. 100. 100. 100. 100. 100. 100. 100. 100. 100. 100. 100. 100.
  100. 100. 100. 100. 100. 100. 100. 100. 100. 100. 100. 100.]
 [ 95. 111. 111. 114. 112. 115. 113. 116. 119. 117. 112. 114. 113. 116.
  115.  80.  79.  81.  80.  82.  80.  79.  80.  77.  76.  80.  79.  78.
   78.  79.  79.  77.  82.  80.  81.  84.  81.  81.  80.  81.]
 [100. 107. 114. 119. 116. 117. 119. 117. 119. 119. 118. 119. 118. 116.
  119.  76.  80.  78.  80.  82.  78.  79.  77.  77.  77.  78.  78.  78.
   77.  78.  80.  80.  79.  77.  78.  80.  77.  78.  79.  81.]]
##############################
[[ 39.  48.  53.  51.  56.  50.  52.  54.  50.  52.  52.  49.  52.  49.
   53.  49.  37.  35.  40.  38.  40.  37.  38.  37.  36.  39.  36.  40.
   39.  39.  39.  39.  37.  38.  38.  36.  38.  37.  37.  37.]
 [150. 150. 150. 150. 150. 150. 150. 150. 150. 150. 150. 150. 150. 150.
  150. 150. 100. 100. 100. 100. 100. 100. 100. 100. 100. 100. 100. 100.
  100. 100. 100. 100. 100. 100. 100. 100. 100. 100. 100. 100.]
 [ 95. 111. 111. 114. 112. 115. 113. 116. 119. 117. 112. 114. 113. 116.
  115. 116.  79.  81.  80.  82.  80.  79.  80.  77.  76.  80.  79.  78.
   78.  79.  79.  77.  82.  80.  81.  84.  81.  81.  80.  81.]
 [100. 107. 114. 119. 116. 117. 119. 117. 119. 119. 118. 119. 118. 116.
  119. 116.  80.  78.  80.  82.  78.  79.  77.  77.  77.  78.  78.  78.
   77.  78.  80.  80.  79.  77.  78.  80.  77.  78.  79.  81.]]
##############################
[[ 39.  48.  53.  51.  56.  50.  52.  54.  50.  52.  52.  49.  52.  49.
   53.  49.  50.  35.  40.  38.  40.  37.  38.  37.  36.  39.  36.  40.
   39.  39.  39.  39.  37.  38.  38.  36.  38.  37.  37.  37.]
 [150. 150. 150. 150. 150. 150. 150. 150. 150. 150. 150. 150. 150. 150.
  150. 150. 150. 100. 100. 100. 100. 100. 100. 100. 100. 100. 100. 100.
  100. 100. 100. 100. 100. 100. 100. 100. 100. 100. 100. 100.]
 [ 95. 111. 111. 114. 112. 115. 113. 116. 119. 117. 112. 114. 113. 116.
  115. 116. 114.  81.  80.  82.  80.  79.  80.  77.  76.  80.  79.  78.
   78.  79.  79.  77.  82.  80.  81.  84.  81.  81.  80.  81.]
 [100. 107. 114. 119. 116. 117. 119. 117. 119. 119. 118. 119. 118. 116.
  119. 116. 121.  78.  80.  82.  78.  79.  77.  77.  77.  78.  78.  78.
   77.  78.  80.  80.  79.  77.  78.  80.  77.  78.  79.  81.]]
##############################
[[ 39.  48.  53.  51.  56.  50.  52.  54.  50.  52.  52.  49.  52.  49.
   53.  49.  50.  47.  40.  38.  40.  37.  38.  37.  36.  39.  36.  40.
   39.  39.  39.  39.  37.  38.  38.  36.  38.  37.  37.  37.]
 [150. 150. 150. 150. 150. 150. 150. 150. 150. 150. 150. 150. 150. 150.
  150. 150. 150. 150. 100. 100. 100. 100. 100. 100. 100. 100. 100. 100.
  100. 100. 100. 100. 100. 100. 100. 100. 100. 100. 100. 100.]
 [ 95. 111. 111. 114. 112. 115. 113. 116. 119. 117. 112. 114. 113. 116.
  115. 116. 114. 116.  80.  82.  80.  79.  80.  77.  76.  80.  79.  78.
   78.  79.  79.  77.  82.  80.  81.  84.  81.  81.  80.  81.]
 [100. 107. 114. 119. 116. 117. 119. 117. 119. 119. 118. 119. 118. 116.
  119. 116. 121. 119.  80.  82.  78.  79.  77.  77.  77.  78.  78.  78.
   77.  78.  80.  80.  79.  77.  78.  80.  77.  78.  79.  81.]]
##############################
[[ 39.  48.  53.  51.  56.  50.  52.  54.  50.  52.  52.  49.  52.  49.
   53.  49.  50.  47.  52.  38.  40.  37.  38.  37.  36.  39.  36.  40.
   39.  39.  39.  39.  37.  38.  38.  36.  38.  37.  37.  37.]
 [150. 150. 150. 150. 150. 150. 150. 150. 150. 150. 150. 150. 150. 150.
  150. 150. 150. 150. 150. 100. 100. 100. 100. 100. 100. 100. 100. 100.
  100. 100. 100. 100. 100. 100. 100. 100. 100. 100. 100. 100.]
 [ 95. 111. 111. 114. 112. 115. 113. 116. 119. 117. 112. 114. 113. 116.
  115. 116. 114. 116. 116.  82.  80.  79.  80.  77.  76.  80.  79.  78.
   78.  79.  79.  77.  82.  80.  81.  84.  81.  81.  80.  81.]
 [100. 107. 114. 119. 116. 117. 119. 117. 119. 119. 118. 119. 118. 116.
  119. 116. 121. 119. 119.  82.  78.  79.  77.  77.  77.  78.  78.  78.
   77.  78.  80.  80.  79.  77.  78.  80.  77.  78.  79.  81.]]
##############################
[[ 39.  48.  53.  51.  56.  50.  52.  54.  50.  52.  52.  49.  52.  49.
   53.  49.  50.  47.  52.  53.  40.  37.  38.  37.  36.  39.  36.  40.
   39.  39.  39.  39.  37.  38.  38.  36.  38.  37.  37.  37.]
 [150. 150. 150. 150. 150. 150. 150. 150. 150. 150. 150. 150. 150. 150.
  150. 150. 150. 150. 150. 150. 100. 100. 100. 100. 100. 100. 100. 100.
  100. 100. 100. 100. 100. 100. 100. 100. 100. 100. 100. 100.]
 [ 95. 111. 111. 114. 112. 115. 113. 116. 119. 117. 112. 114. 113. 116.
  115. 116. 114. 116. 116. 117.  80.  79.  80.  77.  76.  80.  79.  78.
   78.  79.  79.  77.  82.  80.  81.  84.  81.  81.  80.  81.]
 [100. 107. 114. 119. 116. 117. 119. 117. 119. 119. 118. 119. 118. 116.
  119. 116. 121. 119. 119. 119.  78.  79.  77.  77.  77.  78.  78.  78.
   77.  78.  80.  80.  79.  77.  78.  80.  77.  78.  79.  81.]]
##############################
[[ 39.  48.  53.  51.  56.  50.  52.  54.  50.  52.  52.  49.  52.  49.
   53.  49.  50.  47.  52.  53.  56.  37.  38.  37.  36.  39.  36.  40.
   39.  39.  39.  39.  37.  38.  38.  36.  38.  37.  37.  37.]
 [150. 150. 150. 150. 150. 150. 150. 150. 150. 150. 150. 150. 150. 150.
  150. 150. 150. 150. 150. 150. 150. 100. 100. 100. 100. 100. 100. 100.
  100. 100. 100. 100. 100. 100. 100. 100. 100. 100. 100. 100.]
 [ 95. 111. 111. 114. 112. 115. 113. 116. 119. 117. 112. 114. 113. 116.
  115. 116. 114. 116. 116. 117. 116.  79.  80.  77.  76.  80.  79.  78.
   78.  79.  79.  77.  82.  80.  81.  84.  81.  81.  80.  81.]
 [100. 107. 114. 119. 116. 117. 119. 117. 119. 119. 118. 119. 118. 116.
  119. 116. 121. 119. 119. 119. 117.  79.  77.  77.  77.  78.  78.  78.
   77.  78.  80.  80.  79.  77.  78.  80.  77.  78.  79.  81.]]
##############################
[[ 39.  48.  53.  51.  56.  50.  52.  54.  50.  52.  52.  49.  52.  49.
   53.  49.  50.  47.  52.  53.  56.  51.  38.  37.  36.  39.  36.  40.
   39.  39.  39.  39.  37.  38.  38.  36.  38.  37.  37.  37.]
 [150. 150. 150. 150. 150. 150. 150. 150. 150. 150. 150. 150. 150. 150.
  150. 150. 150. 150. 150. 150. 150. 150. 100. 100. 100. 100. 100. 100.
  100. 100. 100. 100. 100. 100. 100. 100. 100. 100. 100. 100.]
 [ 95. 111. 111. 114. 112. 115. 113. 116. 119. 117. 112. 114. 113. 116.
  115. 116. 114. 116. 116. 117. 116. 114.  80.  77.  76.  80.  79.  78.
   78.  79.  79.  77.  82.  80.  81.  84.  81.  81.  80.  81.]
 [100. 107. 114. 119. 116. 117. 119. 117. 119. 119. 118. 119. 118. 116.
  119. 116. 121. 119. 119. 119. 117. 118.  77.  77.  77.  78.  78.  78.
   77.  78.  80.  80.  79.  77.  78.  80.  77.  78.  79.  81.]]
##############################
[[ 39.  48.  53.  51.  56.  50.  52.  54.  50.  52.  52.  49.  52.  49.
   53.  49.  50.  47.  52.  53.  56.  51.  50.  37.  36.  39.  36.  40.
   39.  39.  39.  39.  37.  38.  38.  36.  38.  37.  37.  37.]
 [150. 150. 150. 150. 150. 150. 150. 150. 150. 150. 150. 150. 150. 150.
  150. 150. 150. 150. 150. 150. 150. 150. 150. 100. 100. 100. 100. 100.
  100. 100. 100. 100. 100. 100. 100. 100. 100. 100. 100. 100.]
 [ 95. 111. 111. 114. 112. 115. 113. 116. 119. 117. 112. 114. 113. 116.
  115. 116. 114. 116. 116. 117. 116. 114. 114.  77.  76.  80.  79.  78.
   78.  79.  79.  77.  82.  80.  81.  84.  81.  81.  80.  81.]
 [100. 107. 114. 119. 116. 117. 119. 117. 119. 119. 118. 119. 118. 116.
  119. 116. 121. 119. 119. 119. 117. 118. 118.  77.  77.  78.  78.  78.
   77.  78.  80.  80.  79.  77.  78.  80.  77.  78.  79.  81.]]
##############################
[[ 39.  48.  53.  51.  56.  50.  52.  54.  50.  52.  52.  49.  52.  49.
   53.  49.  50.  47.  52.  53.  56.  51.  50.  49.  36.  39.  36.  40.
   39.  39.  39.  39.  37.  38.  38.  36.  38.  37.  37.  37.]
 [150. 150. 150. 150. 150. 150. 150. 150. 150. 150. 150. 150. 150. 150.
  150. 150. 150. 150. 150. 150. 150. 150. 150. 150. 100. 100. 100. 100.
  100. 100. 100. 100. 100. 100. 100. 100. 100. 100. 100. 100.]
 [ 95. 111. 111. 114. 112. 115. 113. 116. 119. 117. 112. 114. 113. 116.
  115. 116. 114. 116. 116. 117. 116. 114. 114. 112.  76.  80.  79.  78.
   78.  79.  79.  77.  82.  80.  81.  84.  81.  81.  80.  81.]
 [100. 107. 114. 119. 116. 117. 119. 117. 119. 119. 118. 119. 118. 116.
  119. 116. 121. 119. 119. 119. 117. 118. 118. 116.  77.  78.  78.  78.
   77.  78.  80.  80.  79.  77.  78.  80.  77.  78.  79.  81.]]
##############################
[[ 39.  48.  53.  51.  56.  50.  52.  54.  50.  52.  52.  49.  52.  49.
   53.  49.  50.  47.  52.  53.  56.  51.  50.  49.  49.  39.  36.  40.
   39.  39.  39.  39.  37.  38.  38.  36.  38.  37.  37.  37.]
 [150. 150. 150. 150. 150. 150. 150. 150. 150. 150. 150. 150. 150. 150.
  150. 150. 150. 150. 150. 150. 150. 150. 150. 150. 150. 100. 100. 100.
  100. 100. 100. 100. 100. 100. 100. 100. 100. 100. 100. 100.]
 [ 95. 111. 111. 114. 112. 115. 113. 116. 119. 117. 112. 114. 113. 116.
  115. 116. 114. 116. 116. 117. 116. 114. 114. 112. 110.  80.  79.  78.
   78.  79.  79.  77.  82.  80.  81.  84.  81.  81.  80.  81.]
 [100. 107. 114. 119. 116. 117. 119. 117. 119. 119. 118. 119. 118. 116.
  119. 116. 121. 119. 119. 119. 117. 118. 118. 116. 119.  78.  78.  78.
   77.  78.  80.  80.  79.  77.  78.  80.  77.  78.  79.  81.]]
##############################
[[ 39.  48.  53.  51.  56.  50.  52.  54.  50.  52.  52.  49.  52.  49.
   53.  49.  50.  47.  52.  53.  56.  51.  50.  49.  49.  55.  36.  40.
   39.  39.  39.  39.  37.  38.  38.  36.  38.  37.  37.  37.]
 [150. 150. 150. 150. 150. 150. 150. 150. 150. 150. 150. 150. 150. 150.
  150. 150. 150. 150. 150. 150. 150. 150. 150. 150. 150. 150. 100. 100.
  100. 100. 100. 100. 100. 100. 100. 100. 100. 100. 100. 100.]
 [ 95. 111. 111. 114. 112. 115. 113. 116. 119. 117. 112. 114. 113. 116.
  115. 116. 114. 116. 116. 117. 116. 114. 114. 112. 110. 115.  79.  78.
   78.  79.  79.  77.  82.  80.  81.  84.  81.  81.  80.  81.]
 [100. 107. 114. 119. 116. 117. 119. 117. 119. 119. 118. 119. 118. 116.
  119. 116. 121. 119. 119. 119. 117. 118. 118. 116. 119. 119.  78.  78.
   77.  78.  80.  80.  79.  77.  78.  80.  77.  78.  79.  81.]]
##############################
[[ 39.  48.  53.  51.  56.  50.  52.  54.  50.  52.  52.  49.  52.  49.
   53.  49.  50.  47.  52.  53.  56.  51.  50.  49.  49.  55.  46.  40.
   39.  39.  39.  39.  37.  38.  38.  36.  38.  37.  37.  37.]
 [150. 150. 150. 150. 150. 150. 150. 150. 150. 150. 150. 150. 150. 150.
  150. 150. 150. 150. 150. 150. 150. 150. 150. 150. 150. 150. 150. 100.
  100. 100. 100. 100. 100. 100. 100. 100. 100. 100. 100. 100.]
 [ 95. 111. 111. 114. 112. 115. 113. 116. 119. 117. 112. 114. 113. 116.
  115. 116. 114. 116. 116. 117. 116. 114. 114. 112. 110. 115. 113.  78.
   78.  79.  79.  77.  82.  80.  81.  84.  81.  81.  80.  81.]
 [100. 107. 114. 119. 116. 117. 119. 117. 119. 119. 118. 119. 118. 116.
  119. 116. 121. 119. 119. 119. 117. 118. 118. 116. 119. 119. 118.  78.
   77.  78.  80.  80.  79.  77.  78.  80.  77.  78.  79.  81.]]
##############################
[[ 39.  48.  53.  51.  56.  50.  52.  54.  50.  52.  52.  49.  52.  49.
   53.  49.  50.  47.  52.  53.  56.  51.  50.  49.  49.  55.  46.  53.
   39.  39.  39.  39.  37.  38.  38.  36.  38.  37.  37.  37.]
 [150. 150. 150. 150. 150. 150. 150. 150. 150. 150. 150. 150. 150. 150.
  150. 150. 150. 150. 150. 150. 150. 150. 150. 150. 150. 150. 150. 150.
  100. 100. 100. 100. 100. 100. 100. 100. 100. 100. 100. 100.]
 [ 95. 111. 111. 114. 112. 115. 113. 116. 119. 117. 112. 114. 113. 116.
  115. 116. 114. 116. 116. 117. 116. 114. 114. 112. 110. 115. 113. 112.
   78.  79.  79.  77.  82.  80.  81.  84.  81.  81.  80.  81.]
 [100. 107. 114. 119. 116. 117. 119. 117. 119. 119. 118. 119. 118. 116.
  119. 116. 121. 119. 119. 119. 117. 118. 118. 116. 119. 119. 118. 118.
   77.  78.  80.  80.  79.  77.  78.  80.  77.  78.  79.  81.]]
##############################
[[ 39.  48.  53.  51.  56.  50.  52.  54.  50.  52.  52.  49.  52.  49.
   53.  49.  50.  47.  52.  53.  56.  51.  50.  49.  49.  55.  46.  53.
   50.  39.  39.  39.  37.  38.  38.  36.  38.  37.  37.  37.]
 [150. 150. 150. 150. 150. 150. 150. 150. 150. 150. 150. 150. 150. 150.
  150. 150. 150. 150. 150. 150. 150. 150. 150. 150. 150. 150. 150. 150.
  150. 100. 100. 100. 100. 100. 100. 100. 100. 100. 100. 100.]
 [ 95. 111. 111. 114. 112. 115. 113. 116. 119. 117. 112. 114. 113. 116.
  115. 116. 114. 116. 116. 117. 116. 114. 114. 112. 110. 115. 113. 112.
  113.  79.  79.  77.  82.  80.  81.  84.  81.  81.  80.  81.]
 [100. 107. 114. 119. 116. 117. 119. 117. 119. 119. 118. 119. 118. 116.
  119. 116. 121. 119. 119. 119. 117. 118. 118. 116. 119. 119. 118. 118.
  118.  78.  80.  80.  79.  77.  78.  80.  77.  78.  79.  81.]]
##############################
[[ 39.  48.  53.  51.  56.  50.  52.  54.  50.  52.  52.  49.  52.  49.
   53.  49.  50.  47.  52.  53.  56.  51.  50.  49.  49.  55.  46.  53.
   50.  52.  39.  39.  37.  38.  38.  36.  38.  37.  37.  37.]
 [150. 150. 150. 150. 150. 150. 150. 150. 150. 150. 150. 150. 150. 150.
  150. 150. 150. 150. 150. 150. 150. 150. 150. 150. 150. 150. 150. 150.
  150. 150. 100. 100. 100. 100. 100. 100. 100. 100. 100. 100.]
 [ 95. 111. 111. 114. 112. 115. 113. 116. 119. 117. 112. 114. 113. 116.
  115. 116. 114. 116. 116. 117. 116. 114. 114. 112. 110. 115. 113. 112.
  113. 114.  79.  77.  82.  80.  81.  84.  81.  81.  80.  81.]
 [100. 107. 114. 119. 116. 117. 119. 117. 119. 119. 118. 119. 118. 116.
  119. 116. 121. 119. 119. 119. 117. 118. 118. 116. 119. 119. 118. 118.
  118. 117.  80.  80.  79.  77.  78.  80.  77.  78.  79.  81.]]
##############################
[[ 39.  48.  53.  51.  56.  50.  52.  54.  50.  52.  52.  49.  52.  49.
   53.  49.  50.  47.  52.  53.  56.  51.  50.  49.  49.  55.  46.  53.
   50.  52.  50.  39.  37.  38.  38.  36.  38.  37.  37.  37.]
 [150. 150. 150. 150. 150. 150. 150. 150. 150. 150. 150. 150. 150. 150.
  150. 150. 150. 150. 150. 150. 150. 150. 150. 150. 150. 150. 150. 150.
  150. 150. 150. 100. 100. 100. 100. 100. 100. 100. 100. 100.]
 [ 95. 111. 111. 114. 112. 115. 113. 116. 119. 117. 112. 114. 113. 116.
  115. 116. 114. 116. 116. 117. 116. 114. 114. 112. 110. 115. 113. 112.
  113. 114. 115.  77.  82.  80.  81.  84.  81.  81.  80.  81.]
 [100. 107. 114. 119. 116. 117. 119. 117. 119. 119. 118. 119. 118. 116.
  119. 116. 121. 119. 119. 119. 117. 118. 118. 116. 119. 119. 118. 118.
  118. 117. 120.  80.  79.  77.  78.  80.  77.  78.  79.  81.]]
##############################
[[ 39.  48.  53.  51.  56.  50.  52.  54.  50.  52.  52.  49.  52.  49.
   53.  49.  50.  47.  52.  53.  56.  51.  50.  49.  49.  55.  46.  53.
   50.  52.  50.  50.  37.  38.  38.  36.  38.  37.  37.  37.]
 [150. 150. 150. 150. 150. 150. 150. 150. 150. 150. 150. 150. 150. 150.
  150. 150. 150. 150. 150. 150. 150. 150. 150. 150. 150. 150. 150. 150.
  150. 150. 150. 150. 100. 100. 100. 100. 100. 100. 100. 100.]
 [ 95. 111. 111. 114. 112. 115. 113. 116. 119. 117. 112. 114. 113. 116.
  115. 116. 114. 116. 116. 117. 116. 114. 114. 112. 110. 115. 113. 112.
  113. 114. 115. 110.  82.  80.  81.  84.  81.  81.  80.  81.]
 [100. 107. 114. 119. 116. 117. 119. 117. 119. 119. 118. 119. 118. 116.
  119. 116. 121. 119. 119. 119. 117. 118. 118. 116. 119. 119. 118. 118.
  118. 117. 120. 118.  79.  77.  78.  80.  77.  78.  79.  81.]]
##############################
[[ 39.  48.  53.  51.  56.  50.  52.  54.  50.  52.  52.  49.  52.  49.
   53.  49.  50.  47.  52.  53.  56.  51.  50.  49.  49.  55.  46.  53.
   50.  52.  50.  50.  47.  38.  38.  36.  38.  37.  37.  37.]
 [150. 150. 150. 150. 150. 150. 150. 150. 150. 150. 150. 150. 150. 150.
  150. 150. 150. 150. 150. 150. 150. 150. 150. 150. 150. 150. 150. 150.
  150. 150. 150. 150. 150. 100. 100. 100. 100. 100. 100. 100.]
 [ 95. 111. 111. 114. 112. 115. 113. 116. 119. 117. 112. 114. 113. 116.
  115. 116. 114. 116. 116. 117. 116. 114. 114. 112. 110. 115. 113. 112.
  113. 114. 115. 110. 116.  80.  81.  84.  81.  81.  80.  81.]
 [100. 107. 114. 119. 116. 117. 119. 117. 119. 119. 118. 119. 118. 116.
  119. 116. 121. 119. 119. 119. 117. 118. 118. 116. 119. 119. 118. 118.
  118. 117. 120. 118. 121.  77.  78.  80.  77.  78.  79.  81.]]
##############################
[[ 39.  48.  53.  51.  56.  50.  52.  54.  50.  52.  52.  49.  52.  49.
   53.  49.  50.  47.  52.  53.  56.  51.  50.  49.  49.  55.  46.  53.
   50.  52.  50.  50.  47.  48.  38.  36.  38.  37.  37.  37.]
 [150. 150. 150. 150. 150. 150. 150. 150. 150. 150. 150. 150. 150. 150.
  150. 150. 150. 150. 150. 150. 150. 150. 150. 150. 150. 150. 150. 150.
  150. 150. 150. 150. 150. 150. 100. 100. 100. 100. 100. 100.]
 [ 95. 111. 111. 114. 112. 115. 113. 116. 119. 117. 112. 114. 113. 116.
  115. 116. 114. 116. 116. 117. 116. 114. 114. 112. 110. 115. 113. 112.
  113. 114. 115. 110. 116. 115.  81.  84.  81.  81.  80.  81.]
 [100. 107. 114. 119. 116. 117. 119. 117. 119. 119. 118. 119. 118. 116.
  119. 116. 121. 119. 119. 119. 117. 118. 118. 116. 119. 119. 118. 118.
  118. 117. 120. 118. 121. 119.  78.  80.  77.  78.  79.  81.]]
##############################
[[ 39.  48.  53.  51.  56.  50.  52.  54.  50.  52.  52.  49.  52.  49.
   53.  49.  50.  47.  52.  53.  56.  51.  50.  49.  49.  55.  46.  53.
   50.  52.  50.  50.  47.  48.  50.  36.  38.  37.  37.  37.]
 [150. 150. 150. 150. 150. 150. 150. 150. 150. 150. 150. 150. 150. 150.
  150. 150. 150. 150. 150. 150. 150. 150. 150. 150. 150. 150. 150. 150.
  150. 150. 150. 150. 150. 150. 150. 100. 100. 100. 100. 100.]
 [ 95. 111. 111. 114. 112. 115. 113. 116. 119. 117. 112. 114. 113. 116.
  115. 116. 114. 116. 116. 117. 116. 114. 114. 112. 110. 115. 113. 112.
  113. 114. 115. 110. 116. 115. 114.  84.  81.  81.  80.  81.]
 [100. 107. 114. 119. 116. 117. 119. 117. 119. 119. 118. 119. 118. 116.
  119. 116. 121. 119. 119. 119. 117. 118. 118. 116. 119. 119. 118. 118.
  118. 117. 120. 118. 121. 119. 116.  80.  77.  78.  79.  81.]]
##############################
[[ 39.  48.  53.  51.  56.  50.  52.  54.  50.  52.  52.  49.  52.  49.
   53.  49.  50.  47.  52.  53.  56.  51.  50.  49.  49.  55.  46.  53.
   50.  52.  50.  50.  47.  48.  50.  47.  38.  37.  37.  37.]
 [150. 150. 150. 150. 150. 150. 150. 150. 150. 150. 150. 150. 150. 150.
  150. 150. 150. 150. 150. 150. 150. 150. 150. 150. 150. 150. 150. 150.
  150. 150. 150. 150. 150. 150. 150. 150. 100. 100. 100. 100.]
 [ 95. 111. 111. 114. 112. 115. 113. 116. 119. 117. 112. 114. 113. 116.
  115. 116. 114. 116. 116. 117. 116. 114. 114. 112. 110. 115. 113. 112.
  113. 114. 115. 110. 116. 115. 114. 118.  81.  81.  80.  81.]
 [100. 107. 114. 119. 116. 117. 119. 117. 119. 119. 118. 119. 118. 116.
  119. 116. 121. 119. 119. 119. 117. 118. 118. 116. 119. 119. 118. 118.
  118. 117. 120. 118. 121. 119. 116. 117.  77.  78.  79.  81.]]
##############################
[[ 39.  48.  53.  51.  56.  50.  52.  54.  50.  52.  52.  49.  52.  49.
   53.  49.  50.  47.  52.  53.  56.  51.  50.  49.  49.  55.  46.  53.
   50.  52.  50.  50.  47.  48.  50.  47.  50.  37.  37.  37.]
 [150. 150. 150. 150. 150. 150. 150. 150. 150. 150. 150. 150. 150. 150.
  150. 150. 150. 150. 150. 150. 150. 150. 150. 150. 150. 150. 150. 150.
  150. 150. 150. 150. 150. 150. 150. 150. 150. 100. 100. 100.]
 [ 95. 111. 111. 114. 112. 115. 113. 116. 119. 117. 112. 114. 113. 116.
  115. 116. 114. 116. 116. 117. 116. 114. 114. 112. 110. 115. 113. 112.
  113. 114. 115. 110. 116. 115. 114. 118. 117.  81.  80.  81.]
 [100. 107. 114. 119. 116. 117. 119. 117. 119. 119. 118. 119. 118. 116.
  119. 116. 121. 119. 119. 119. 117. 118. 118. 116. 119. 119. 118. 118.
  118. 117. 120. 118. 121. 119. 116. 117. 115.  78.  79.  81.]]
##############################
[[ 39.  48.  53.  51.  56.  50.  52.  54.  50.  52.  52.  49.  52.  49.
   53.  49.  50.  47.  52.  53.  56.  51.  50.  49.  49.  55.  46.  53.
   50.  52.  50.  50.  47.  48.  50.  47.  50.  50.  37.  37.]
 [150. 150. 150. 150. 150. 150. 150. 150. 150. 150. 150. 150. 150. 150.
  150. 150. 150. 150. 150. 150. 150. 150. 150. 150. 150. 150. 150. 150.
  150. 150. 150. 150. 150. 150. 150. 150. 150. 150. 100. 100.]
 [ 95. 111. 111. 114. 112. 115. 113. 116. 119. 117. 112. 114. 113. 116.
  115. 116. 114. 116. 116. 117. 116. 114. 114. 112. 110. 115. 113. 112.
  113. 114. 115. 110. 116. 115. 114. 118. 117. 114.  80.  81.]
 [100. 107. 114. 119. 116. 117. 119. 117. 119. 119. 118. 119. 118. 116.
  119. 116. 121. 119. 119. 119. 117. 118. 118. 116. 119. 119. 118. 118.
  118. 117. 120. 118. 121. 119. 116. 117. 115. 116.  79.  81.]]
##############################
[[ 39.  48.  53.  51.  56.  50.  52.  54.  50.  52.  52.  49.  52.  49.
   53.  49.  50.  47.  52.  53.  56.  51.  50.  49.  49.  55.  46.  53.
   50.  52.  50.  50.  47.  48.  50.  47.  50.  50.  49.  37.]
 [150. 150. 150. 150. 150. 150. 150. 150. 150. 150. 150. 150. 150. 150.
  150. 150. 150. 150. 150. 150. 150. 150. 150. 150. 150. 150. 150. 150.
  150. 150. 150. 150. 150. 150. 150. 150. 150. 150. 150. 100.]
 [ 95. 111. 111. 114. 112. 115. 113. 116. 119. 117. 112. 114. 113. 116.
  115. 116. 114. 116. 116. 117. 116. 114. 114. 112. 110. 115. 113. 112.
  113. 114. 115. 110. 116. 115. 114. 118. 117. 114. 115.  81.]
 [100. 107. 114. 119. 116. 117. 119. 117. 119. 119. 118. 119. 118. 116.
  119. 116. 121. 119. 119. 119. 117. 118. 118. 116. 119. 119. 118. 118.
  118. 117. 120. 118. 121. 119. 116. 117. 115. 116. 117.  81.]]
##############################
[[ 39.  48.  53.  51.  56.  50.  52.  54.  50.  52.  52.  49.  52.  49.
   53.  49.  50.  47.  52.  53.  56.  51.  50.  49.  49.  55.  46.  53.
   50.  52.  50.  50.  47.  48.  50.  47.  50.  50.  49.  48.]
 [150. 150. 150. 150. 150. 150. 150. 150. 150. 150. 150. 150. 150. 150.
  150. 150. 150. 150. 150. 150. 150. 150. 150. 150. 150. 150. 150. 150.
  150. 150. 150. 150. 150. 150. 150. 150. 150. 150. 150. 150.]
 [ 95. 111. 111. 114. 112. 115. 113. 116. 119. 117. 112. 114. 113. 116.
  115. 116. 114. 116. 116. 117. 116. 114. 114. 112. 110. 115. 113. 112.
  113. 114. 115. 110. 116. 115. 114. 118. 117. 114. 115. 114.]
 [100. 107. 114. 119. 116. 117. 119. 117. 119. 119. 118. 119. 118. 116.
  119. 116. 121. 119. 119. 119. 117. 118. 118. 116. 119. 119. 118. 118.
  118. 117. 120. 118. 121. 119. 116. 117. 115. 116. 117. 121.]]
##############################
##################################################
##################################################
starting :4 batch
[[ 53.  48.  53.  51.  56.  50.  52.  54.  50.  52.  52.  49.  52.  49.
   53.  49.  50.  47.  52.  53.  56.  51.  50.  49.  49.  55.  46.  53.
   50.  52.  50.  50.  47.  48.  50.  47.  50.  50.  49.  48.]
 [200. 150. 150. 150. 150. 150. 150. 150. 150. 150. 150. 150. 150. 150.
  150. 150. 150. 150. 150. 150. 150. 150. 150. 150. 150. 150. 150. 150.
  150. 150. 150. 150. 150. 150. 150. 150. 150. 150. 150. 150.]
 [131. 111. 111. 114. 112. 115. 113. 116. 119. 117. 112. 114. 113. 116.
  115. 116. 114. 116. 116. 117. 116. 114. 114. 112. 110. 115. 113. 112.
  113. 114. 115. 110. 116. 115. 114. 118. 117. 114. 115. 114.]
 [130. 107. 114. 119. 116. 117. 119. 117. 119. 119. 118. 119. 118. 116.
  119. 116. 121. 119. 119. 119. 117. 118. 118. 116. 119. 119. 118. 118.
  118. 117. 120. 118. 121. 119. 116. 117. 115. 116. 117. 121.]]
##############################
[[ 53.  63.  53.  51.  56.  50.  52.  54.  50.  52.  52.  49.  52.  49.
   53.  49.  50.  47.  52.  53.  56.  51.  50.  49.  49.  55.  46.  53.
   50.  52.  50.  50.  47.  48.  50.  47.  50.  50.  49.  48.]
 [200. 200. 150. 150. 150. 150. 150. 150. 150. 150. 150. 150. 150. 150.
  150. 150. 150. 150. 150. 150. 150. 150. 150. 150. 150. 150. 150. 150.
  150. 150. 150. 150. 150. 150. 150. 150. 150. 150. 150. 150.]
 [131. 149. 111. 114. 112. 115. 113. 116. 119. 117. 112. 114. 113. 116.
  115. 116. 114. 116. 116. 117. 116. 114. 114. 112. 110. 115. 113. 112.
  113. 114. 115. 110. 116. 115. 114. 118. 117. 114. 115. 114.]
 [130. 142. 114. 119. 116. 117. 119. 117. 119. 119. 118. 119. 118. 116.
  119. 116. 121. 119. 119. 119. 117. 118. 118. 116. 119. 119. 118. 118.
  118. 117. 120. 118. 121. 119. 116. 117. 115. 116. 117. 121.]]
##############################
[[ 53.  63.  68.  51.  56.  50.  52.  54.  50.  52.  52.  49.  52.  49.
   53.  49.  50.  47.  52.  53.  56.  51.  50.  49.  49.  55.  46.  53.
   50.  52.  50.  50.  47.  48.  50.  47.  50.  50.  49.  48.]
 [200. 200. 200. 150. 150. 150. 150. 150. 150. 150. 150. 150. 150. 150.
  150. 150. 150. 150. 150. 150. 150. 150. 150. 150. 150. 150. 150. 150.
  150. 150. 150. 150. 150. 150. 150. 150. 150. 150. 150. 150.]
 [131. 149. 151. 114. 112. 115. 113. 116. 119. 117. 112. 114. 113. 116.
  115. 116. 114. 116. 116. 117. 116. 114. 114. 112. 110. 115. 113. 112.
  113. 114. 115. 110. 116. 115. 114. 118. 117. 114. 115. 114.]
 [130. 142. 149. 119. 116. 117. 119. 117. 119. 119. 118. 119. 118. 116.
  119. 116. 121. 119. 119. 119. 117. 118. 118. 116. 119. 119. 118. 118.
  118. 117. 120. 118. 121. 119. 116. 117. 115. 116. 117. 121.]]
##############################
[[ 53.  63.  68.  66.  56.  50.  52.  54.  50.  52.  52.  49.  52.  49.
   53.  49.  50.  47.  52.  53.  56.  51.  50.  49.  49.  55.  46.  53.
   50.  52.  50.  50.  47.  48.  50.  47.  50.  50.  49.  48.]
 [200. 200. 200. 200. 150. 150. 150. 150. 150. 150. 150. 150. 150. 150.
  150. 150. 150. 150. 150. 150. 150. 150. 150. 150. 150. 150. 150. 150.
  150. 150. 150. 150. 150. 150. 150. 150. 150. 150. 150. 150.]
 [131. 149. 151. 153. 112. 115. 113. 116. 119. 117. 112. 114. 113. 116.
  115. 116. 114. 116. 116. 117. 116. 114. 114. 112. 110. 115. 113. 112.
  113. 114. 115. 110. 116. 115. 114. 118. 117. 114. 115. 114.]
 [130. 142. 149. 152. 116. 117. 119. 117. 119. 119. 118. 119. 118. 116.
  119. 116. 121. 119. 119. 119. 117. 118. 118. 116. 119. 119. 118. 118.
  118. 117. 120. 118. 121. 119. 116. 117. 115. 116. 117. 121.]]
##############################
[[ 53.  63.  68.  66.  68.  50.  52.  54.  50.  52.  52.  49.  52.  49.
   53.  49.  50.  47.  52.  53.  56.  51.  50.  49.  49.  55.  46.  53.
   50.  52.  50.  50.  47.  48.  50.  47.  50.  50.  49.  48.]
 [200. 200. 200. 200. 200. 150. 150. 150. 150. 150. 150. 150. 150. 150.
  150. 150. 150. 150. 150. 150. 150. 150. 150. 150. 150. 150. 150. 150.
  150. 150. 150. 150. 150. 150. 150. 150. 150. 150. 150. 150.]
 [131. 149. 151. 153. 151. 115. 113. 116. 119. 117. 112. 114. 113. 116.
  115. 116. 114. 116. 116. 117. 116. 114. 114. 112. 110. 115. 113. 112.
  113. 114. 115. 110. 116. 115. 114. 118. 117. 114. 115. 114.]
 [130. 142. 149. 152. 154. 117. 119. 117. 119. 119. 118. 119. 118. 116.
  119. 116. 121. 119. 119. 119. 117. 118. 118. 116. 119. 119. 118. 118.
  118. 117. 120. 118. 121. 119. 116. 117. 115. 116. 117. 121.]]
##############################
[[ 53.  63.  68.  66.  68.  65.  52.  54.  50.  52.  52.  49.  52.  49.
   53.  49.  50.  47.  52.  53.  56.  51.  50.  49.  49.  55.  46.  53.
   50.  52.  50.  50.  47.  48.  50.  47.  50.  50.  49.  48.]
 [200. 200. 200. 200. 200. 200. 150. 150. 150. 150. 150. 150. 150. 150.
  150. 150. 150. 150. 150. 150. 150. 150. 150. 150. 150. 150. 150. 150.
  150. 150. 150. 150. 150. 150. 150. 150. 150. 150. 150. 150.]
 [131. 149. 151. 153. 151. 155. 113. 116. 119. 117. 112. 114. 113. 116.
  115. 116. 114. 116. 116. 117. 116. 114. 114. 112. 110. 115. 113. 112.
  113. 114. 115. 110. 116. 115. 114. 118. 117. 114. 115. 114.]
 [130. 142. 149. 152. 154. 154. 119. 117. 119. 119. 118. 119. 118. 116.
  119. 116. 121. 119. 119. 119. 117. 118. 118. 116. 119. 119. 118. 118.
  118. 117. 120. 118. 121. 119. 116. 117. 115. 116. 117. 121.]]
##############################
[[ 53.  63.  68.  66.  68.  65.  65.  54.  50.  52.  52.  49.  52.  49.
   53.  49.  50.  47.  52.  53.  56.  51.  50.  49.  49.  55.  46.  53.
   50.  52.  50.  50.  47.  48.  50.  47.  50.  50.  49.  48.]
 [200. 200. 200. 200. 200. 200. 200. 150. 150. 150. 150. 150. 150. 150.
  150. 150. 150. 150. 150. 150. 150. 150. 150. 150. 150. 150. 150. 150.
  150. 150. 150. 150. 150. 150. 150. 150. 150. 150. 150. 150.]
 [131. 149. 151. 153. 151. 155. 151. 116. 119. 117. 112. 114. 113. 116.
  115. 116. 114. 116. 116. 117. 116. 114. 114. 112. 110. 115. 113. 112.
  113. 114. 115. 110. 116. 115. 114. 118. 117. 114. 115. 114.]
 [130. 142. 149. 152. 154. 154. 156. 117. 119. 119. 118. 119. 118. 116.
  119. 116. 121. 119. 119. 119. 117. 118. 118. 116. 119. 119. 118. 118.
  118. 117. 120. 118. 121. 119. 116. 117. 115. 116. 117. 121.]]
##############################
[[ 53.  63.  68.  66.  68.  65.  65.  64.  50.  52.  52.  49.  52.  49.
   53.  49.  50.  47.  52.  53.  56.  51.  50.  49.  49.  55.  46.  53.
   50.  52.  50.  50.  47.  48.  50.  47.  50.  50.  49.  48.]
 [200. 200. 200. 200. 200. 200. 200. 200. 150. 150. 150. 150. 150. 150.
  150. 150. 150. 150. 150. 150. 150. 150. 150. 150. 150. 150. 150. 150.
  150. 150. 150. 150. 150. 150. 150. 150. 150. 150. 150. 150.]
 [131. 149. 151. 153. 151. 155. 151. 156. 119. 117. 112. 114. 113. 116.
  115. 116. 114. 116. 116. 117. 116. 114. 114. 112. 110. 115. 113. 112.
  113. 114. 115. 110. 116. 115. 114. 118. 117. 114. 115. 114.]
 [130. 142. 149. 152. 154. 154. 156. 153. 119. 119. 118. 119. 118. 116.
  119. 116. 121. 119. 119. 119. 117. 118. 118. 116. 119. 119. 118. 118.
  118. 117. 120. 118. 121. 119. 116. 117. 115. 116. 117. 121.]]
##############################
[[ 53.  63.  68.  66.  68.  65.  65.  64.  63.  52.  52.  49.  52.  49.
   53.  49.  50.  47.  52.  53.  56.  51.  50.  49.  49.  55.  46.  53.
   50.  52.  50.  50.  47.  48.  50.  47.  50.  50.  49.  48.]
 [200. 200. 200. 200. 200. 200. 200. 200. 200. 150. 150. 150. 150. 150.
  150. 150. 150. 150. 150. 150. 150. 150. 150. 150. 150. 150. 150. 150.
  150. 150. 150. 150. 150. 150. 150. 150. 150. 150. 150. 150.]
 [131. 149. 151. 153. 151. 155. 151. 156. 159. 117. 112. 114. 113. 116.
  115. 116. 114. 116. 116. 117. 116. 114. 114. 112. 110. 115. 113. 112.
  113. 114. 115. 110. 116. 115. 114. 118. 117. 114. 115. 114.]
 [130. 142. 149. 152. 154. 154. 156. 153. 156. 119. 118. 119. 118. 116.
  119. 116. 121. 119. 119. 119. 117. 118. 118. 116. 119. 119. 118. 118.
  118. 117. 120. 118. 121. 119. 116. 117. 115. 116. 117. 121.]]
##############################
[[ 53.  63.  68.  66.  68.  65.  65.  64.  63.  65.  52.  49.  52.  49.
   53.  49.  50.  47.  52.  53.  56.  51.  50.  49.  49.  55.  46.  53.
   50.  52.  50.  50.  47.  48.  50.  47.  50.  50.  49.  48.]
 [200. 200. 200. 200. 200. 200. 200. 200. 200. 200. 150. 150. 150. 150.
  150. 150. 150. 150. 150. 150. 150. 150. 150. 150. 150. 150. 150. 150.
  150. 150. 150. 150. 150. 150. 150. 150. 150. 150. 150. 150.]
 [131. 149. 151. 153. 151. 155. 151. 156. 159. 156. 112. 114. 113. 116.
  115. 116. 114. 116. 116. 117. 116. 114. 114. 112. 110. 115. 113. 112.
  113. 114. 115. 110. 116. 115. 114. 118. 117. 114. 115. 114.]
 [130. 142. 149. 152. 154. 154. 156. 153. 156. 157. 118. 119. 118. 116.
  119. 116. 121. 119. 119. 119. 117. 118. 118. 116. 119. 119. 118. 118.
  118. 117. 120. 118. 121. 119. 116. 117. 115. 116. 117. 121.]]
##############################
[[ 53.  63.  68.  66.  68.  65.  65.  64.  63.  65.  67.  49.  52.  49.
   53.  49.  50.  47.  52.  53.  56.  51.  50.  49.  49.  55.  46.  53.
   50.  52.  50.  50.  47.  48.  50.  47.  50.  50.  49.  48.]
 [200. 200. 200. 200. 200. 200. 200. 200. 200. 200. 200. 150. 150. 150.
  150. 150. 150. 150. 150. 150. 150. 150. 150. 150. 150. 150. 150. 150.
  150. 150. 150. 150. 150. 150. 150. 150. 150. 150. 150. 150.]
 [131. 149. 151. 153. 151. 155. 151. 156. 159. 156. 149. 114. 113. 116.
  115. 116. 114. 116. 116. 117. 116. 114. 114. 112. 110. 115. 113. 112.
  113. 114. 115. 110. 116. 115. 114. 118. 117. 114. 115. 114.]
 [130. 142. 149. 152. 154. 154. 156. 153. 156. 157. 154. 119. 118. 116.
  119. 116. 121. 119. 119. 119. 117. 118. 118. 116. 119. 119. 118. 118.
  118. 117. 120. 118. 121. 119. 116. 117. 115. 116. 117. 121.]]
##############################
[[ 53.  63.  68.  66.  68.  65.  65.  64.  63.  65.  67.  62.  52.  49.
   53.  49.  50.  47.  52.  53.  56.  51.  50.  49.  49.  55.  46.  53.
   50.  52.  50.  50.  47.  48.  50.  47.  50.  50.  49.  48.]
 [200. 200. 200. 200. 200. 200. 200. 200. 200. 200. 200. 200. 150. 150.
  150. 150. 150. 150. 150. 150. 150. 150. 150. 150. 150. 150. 150. 150.
  150. 150. 150. 150. 150. 150. 150. 150. 150. 150. 150. 150.]
 [131. 149. 151. 153. 151. 155. 151. 156. 159. 156. 149. 155. 113. 116.
  115. 116. 114. 116. 116. 117. 116. 114. 114. 112. 110. 115. 113. 112.
  113. 114. 115. 110. 116. 115. 114. 118. 117. 114. 115. 114.]
 [130. 142. 149. 152. 154. 154. 156. 153. 156. 157. 154. 153. 118. 116.
  119. 116. 121. 119. 119. 119. 117. 118. 118. 116. 119. 119. 118. 118.
  118. 117. 120. 118. 121. 119. 116. 117. 115. 116. 117. 121.]]
##############################
[[ 53.  63.  68.  66.  68.  65.  65.  64.  63.  65.  67.  62.  66.  49.
   53.  49.  50.  47.  52.  53.  56.  51.  50.  49.  49.  55.  46.  53.
   50.  52.  50.  50.  47.  48.  50.  47.  50.  50.  49.  48.]
 [200. 200. 200. 200. 200. 200. 200. 200. 200. 200. 200. 200. 200. 150.
  150. 150. 150. 150. 150. 150. 150. 150. 150. 150. 150. 150. 150. 150.
  150. 150. 150. 150. 150. 150. 150. 150. 150. 150. 150. 150.]
 [131. 149. 151. 153. 151. 155. 151. 156. 159. 156. 149. 155. 151. 116.
  115. 116. 114. 116. 116. 117. 116. 114. 114. 112. 110. 115. 113. 112.
  113. 114. 115. 110. 116. 115. 114. 118. 117. 114. 115. 114.]
 [130. 142. 149. 152. 154. 154. 156. 153. 156. 157. 154. 153. 158. 116.
  119. 116. 121. 119. 119. 119. 117. 118. 118. 116. 119. 119. 118. 118.
  118. 117. 120. 118. 121. 119. 116. 117. 115. 116. 117. 121.]]
##############################
[[ 53.  63.  68.  66.  68.  65.  65.  64.  63.  65.  67.  62.  66.  60.
   53.  49.  50.  47.  52.  53.  56.  51.  50.  49.  49.  55.  46.  53.
   50.  52.  50.  50.  47.  48.  50.  47.  50.  50.  49.  48.]
 [200. 200. 200. 200. 200. 200. 200. 200. 200. 200. 200. 200. 200. 200.
  150. 150. 150. 150. 150. 150. 150. 150. 150. 150. 150. 150. 150. 150.
  150. 150. 150. 150. 150. 150. 150. 150. 150. 150. 150. 150.]
 [131. 149. 151. 153. 151. 155. 151. 156. 159. 156. 149. 155. 151. 156.
  115. 116. 114. 116. 116. 117. 116. 114. 114. 112. 110. 115. 113. 112.
  113. 114. 115. 110. 116. 115. 114. 118. 117. 114. 115. 114.]
 [130. 142. 149. 152. 154. 154. 156. 153. 156. 157. 154. 153. 158. 153.
  119. 116. 121. 119. 119. 119. 117. 118. 118. 116. 119. 119. 118. 118.
  118. 117. 120. 118. 121. 119. 116. 117. 115. 116. 117. 121.]]
##############################
[[ 53.  63.  68.  66.  68.  65.  65.  64.  63.  65.  67.  62.  66.  60.
   65.  49.  50.  47.  52.  53.  56.  51.  50.  49.  49.  55.  46.  53.
   50.  52.  50.  50.  47.  48.  50.  47.  50.  50.  49.  48.]
 [200. 200. 200. 200. 200. 200. 200. 200. 200. 200. 200. 200. 200. 200.
  200. 150. 150. 150. 150. 150. 150. 150. 150. 150. 150. 150. 150. 150.
  150. 150. 150. 150. 150. 150. 150. 150. 150. 150. 150. 150.]
 [131. 149. 151. 153. 151. 155. 151. 156. 159. 156. 149. 155. 151. 156.
  156. 116. 114. 116. 116. 117. 116. 114. 114. 112. 110. 115. 113. 112.
  113. 114. 115. 110. 116. 115. 114. 118. 117. 114. 115. 114.]
 [130. 142. 149. 152. 154. 154. 156. 153. 156. 157. 154. 153. 158. 153.
  159. 116. 121. 119. 119. 119. 117. 118. 118. 116. 119. 119. 118. 118.
  118. 117. 120. 118. 121. 119. 116. 117. 115. 116. 117. 121.]]
##############################
[[ 53.  63.  68.  66.  68.  65.  65.  64.  63.  65.  67.  62.  66.  60.
   65.  62.  50.  47.  52.  53.  56.  51.  50.  49.  49.  55.  46.  53.
   50.  52.  50.  50.  47.  48.  50.  47.  50.  50.  49.  48.]
 [200. 200. 200. 200. 200. 200. 200. 200. 200. 200. 200. 200. 200. 200.
  200. 200. 150. 150. 150. 150. 150. 150. 150. 150. 150. 150. 150. 150.
  150. 150. 150. 150. 150. 150. 150. 150. 150. 150. 150. 150.]
 [131. 149. 151. 153. 151. 155. 151. 156. 159. 156. 149. 155. 151. 156.
  156. 155. 114. 116. 116. 117. 116. 114. 114. 112. 110. 115. 113. 112.
  113. 114. 115. 110. 116. 115. 114. 118. 117. 114. 115. 114.]
 [130. 142. 149. 152. 154. 154. 156. 153. 156. 157. 154. 153. 158. 153.
  159. 153. 121. 119. 119. 119. 117. 118. 118. 116. 119. 119. 118. 118.
  118. 117. 120. 118. 121. 119. 116. 117. 115. 116. 117. 121.]]
##############################
[[ 53.  63.  68.  66.  68.  65.  65.  64.  63.  65.  67.  62.  66.  60.
   65.  62.  64.  47.  52.  53.  56.  51.  50.  49.  49.  55.  46.  53.
   50.  52.  50.  50.  47.  48.  50.  47.  50.  50.  49.  48.]
 [200. 200. 200. 200. 200. 200. 200. 200. 200. 200. 200. 200. 200. 200.
  200. 200. 200. 150. 150. 150. 150. 150. 150. 150. 150. 150. 150. 150.
  150. 150. 150. 150. 150. 150. 150. 150. 150. 150. 150. 150.]
 [131. 149. 151. 153. 151. 155. 151. 156. 159. 156. 149. 155. 151. 156.
  156. 155. 153. 116. 116. 117. 116. 114. 114. 112. 110. 115. 113. 112.
  113. 114. 115. 110. 116. 115. 114. 118. 117. 114. 115. 114.]
 [130. 142. 149. 152. 154. 154. 156. 153. 156. 157. 154. 153. 158. 153.
  159. 153. 159. 119. 119. 119. 117. 118. 118. 116. 119. 119. 118. 118.
  118. 117. 120. 118. 121. 119. 116. 117. 115. 116. 117. 121.]]
##############################
[[ 53.  63.  68.  66.  68.  65.  65.  64.  63.  65.  67.  62.  66.  60.
   65.  62.  64.  59.  52.  53.  56.  51.  50.  49.  49.  55.  46.  53.
   50.  52.  50.  50.  47.  48.  50.  47.  50.  50.  49.  48.]
 [200. 200. 200. 200. 200. 200. 200. 200. 200. 200. 200. 200. 200. 200.
  200. 200. 200. 200. 150. 150. 150. 150. 150. 150. 150. 150. 150. 150.
  150. 150. 150. 150. 150. 150. 150. 150. 150. 150. 150. 150.]
 [131. 149. 151. 153. 151. 155. 151. 156. 159. 156. 149. 155. 151. 156.
  156. 155. 153. 155. 116. 117. 116. 114. 114. 112. 110. 115. 113. 112.
  113. 114. 115. 110. 116. 115. 114. 118. 117. 114. 115. 114.]
 [130. 142. 149. 152. 154. 154. 156. 153. 156. 157. 154. 153. 158. 153.
  159. 153. 159. 156. 119. 119. 117. 118. 118. 116. 119. 119. 118. 118.
  118. 117. 120. 118. 121. 119. 116. 117. 115. 116. 117. 121.]]
##############################
[[ 53.  63.  68.  66.  68.  65.  65.  64.  63.  65.  67.  62.  66.  60.
   65.  62.  64.  59.  64.  53.  56.  51.  50.  49.  49.  55.  46.  53.
   50.  52.  50.  50.  47.  48.  50.  47.  50.  50.  49.  48.]
 [200. 200. 200. 200. 200. 200. 200. 200. 200. 200. 200. 200. 200. 200.
  200. 200. 200. 200. 200. 150. 150. 150. 150. 150. 150. 150. 150. 150.
  150. 150. 150. 150. 150. 150. 150. 150. 150. 150. 150. 150.]
 [131. 149. 151. 153. 151. 155. 151. 156. 159. 156. 149. 155. 151. 156.
  156. 155. 153. 155. 154. 117. 116. 114. 114. 112. 110. 115. 113. 112.
  113. 114. 115. 110. 116. 115. 114. 118. 117. 114. 115. 114.]
 [130. 142. 149. 152. 154. 154. 156. 153. 156. 157. 154. 153. 158. 153.
  159. 153. 159. 156. 156. 119. 117. 118. 118. 116. 119. 119. 118. 118.
  118. 117. 120. 118. 121. 119. 116. 117. 115. 116. 117. 121.]]
##############################
[[ 53.  63.  68.  66.  68.  65.  65.  64.  63.  65.  67.  62.  66.  60.
   65.  62.  64.  59.  64.  67.  56.  51.  50.  49.  49.  55.  46.  53.
   50.  52.  50.  50.  47.  48.  50.  47.  50.  50.  49.  48.]
 [200. 200. 200. 200. 200. 200. 200. 200. 200. 200. 200. 200. 200. 200.
  200. 200. 200. 200. 200. 200. 150. 150. 150. 150. 150. 150. 150. 150.
  150. 150. 150. 150. 150. 150. 150. 150. 150. 150. 150. 150.]
 [131. 149. 151. 153. 151. 155. 151. 156. 159. 156. 149. 155. 151. 156.
  156. 155. 153. 155. 154. 157. 116. 114. 114. 112. 110. 115. 113. 112.
  113. 114. 115. 110. 116. 115. 114. 118. 117. 114. 115. 114.]
 [130. 142. 149. 152. 154. 154. 156. 153. 156. 157. 154. 153. 158. 153.
  159. 153. 159. 156. 156. 157. 117. 118. 118. 116. 119. 119. 118. 118.
  118. 117. 120. 118. 121. 119. 116. 117. 115. 116. 117. 121.]]
##############################
[[ 53.  63.  68.  66.  68.  65.  65.  64.  63.  65.  67.  62.  66.  60.
   65.  62.  64.  59.  64.  67.  71.  51.  50.  49.  49.  55.  46.  53.
   50.  52.  50.  50.  47.  48.  50.  47.  50.  50.  49.  48.]
 [200. 200. 200. 200. 200. 200. 200. 200. 200. 200. 200. 200. 200. 200.
  200. 200. 200. 200. 200. 200. 200. 150. 150. 150. 150. 150. 150. 150.
  150. 150. 150. 150. 150. 150. 150. 150. 150. 150. 150. 150.]
 [131. 149. 151. 153. 151. 155. 151. 156. 159. 156. 149. 155. 151. 156.
  156. 155. 153. 155. 154. 157. 155. 114. 114. 112. 110. 115. 113. 112.
  113. 114. 115. 110. 116. 115. 114. 118. 117. 114. 115. 114.]
 [130. 142. 149. 152. 154. 154. 156. 153. 156. 157. 154. 153. 158. 153.
  159. 153. 159. 156. 156. 157. 154. 118. 118. 116. 119. 119. 118. 118.
  118. 117. 120. 118. 121. 119. 116. 117. 115. 116. 117. 121.]]
##############################
[[ 53.  63.  68.  66.  68.  65.  65.  64.  63.  65.  67.  62.  66.  60.
   65.  62.  64.  59.  64.  67.  71.  67.  50.  49.  49.  55.  46.  53.
   50.  52.  50.  50.  47.  48.  50.  47.  50.  50.  49.  48.]
 [200. 200. 200. 200. 200. 200. 200. 200. 200. 200. 200. 200. 200. 200.
  200. 200. 200. 200. 200. 200. 200. 200. 150. 150. 150. 150. 150. 150.
  150. 150. 150. 150. 150. 150. 150. 150. 150. 150. 150. 150.]
 [131. 149. 151. 153. 151. 155. 151. 156. 159. 156. 149. 155. 151. 156.
  156. 155. 153. 155. 154. 157. 155. 153. 114. 112. 110. 115. 113. 112.
  113. 114. 115. 110. 116. 115. 114. 118. 117. 114. 115. 114.]
 [130. 142. 149. 152. 154. 154. 156. 153. 156. 157. 154. 153. 158. 153.
  159. 153. 159. 156. 156. 157. 154. 155. 118. 116. 119. 119. 118. 118.
  118. 117. 120. 118. 121. 119. 116. 117. 115. 116. 117. 121.]]
##############################
[[ 53.  63.  68.  66.  68.  65.  65.  64.  63.  65.  67.  62.  66.  60.
   65.  62.  64.  59.  64.  67.  71.  67.  66.  49.  49.  55.  46.  53.
   50.  52.  50.  50.  47.  48.  50.  47.  50.  50.  49.  48.]
 [200. 200. 200. 200. 200. 200. 200. 200. 200. 200. 200. 200. 200. 200.
  200. 200. 200. 200. 200. 200. 200. 200. 200. 150. 150. 150. 150. 150.
  150. 150. 150. 150. 150. 150. 150. 150. 150. 150. 150. 150.]
 [131. 149. 151. 153. 151. 155. 151. 156. 159. 156. 149. 155. 151. 156.
  156. 155. 153. 155. 154. 157. 155. 153. 156. 112. 110. 115. 113. 112.
  113. 114. 115. 110. 116. 115. 114. 118. 117. 114. 115. 114.]
 [130. 142. 149. 152. 154. 154. 156. 153. 156. 157. 154. 153. 158. 153.
  159. 153. 159. 156. 156. 157. 154. 155. 157. 116. 119. 119. 118. 118.
  118. 117. 120. 118. 121. 119. 116. 117. 115. 116. 117. 121.]]
##############################
[[ 53.  63.  68.  66.  68.  65.  65.  64.  63.  65.  67.  62.  66.  60.
   65.  62.  64.  59.  64.  67.  71.  67.  66.  63.  49.  55.  46.  53.
   50.  52.  50.  50.  47.  48.  50.  47.  50.  50.  49.  48.]
 [200. 200. 200. 200. 200. 200. 200. 200. 200. 200. 200. 200. 200. 200.
  200. 200. 200. 200. 200. 200. 200. 200. 200. 200. 150. 150. 150. 150.
  150. 150. 150. 150. 150. 150. 150. 150. 150. 150. 150. 150.]
 [131. 149. 151. 153. 151. 155. 151. 156. 159. 156. 149. 155. 151. 156.
  156. 155. 153. 155. 154. 157. 155. 153. 156. 153. 110. 115. 113. 112.
  113. 114. 115. 110. 116. 115. 114. 118. 117. 114. 115. 114.]
 [130. 142. 149. 152. 154. 154. 156. 153. 156. 157. 154. 153. 158. 153.
  159. 153. 159. 156. 156. 157. 154. 155. 157. 155. 119. 119. 118. 118.
  118. 117. 120. 118. 121. 119. 116. 117. 115. 116. 117. 121.]]
##############################
[[ 53.  63.  68.  66.  68.  65.  65.  64.  63.  65.  67.  62.  66.  60.
   65.  62.  64.  59.  64.  67.  71.  67.  66.  63.  63.  55.  46.  53.
   50.  52.  50.  50.  47.  48.  50.  47.  50.  50.  49.  48.]
 [200. 200. 200. 200. 200. 200. 200. 200. 200. 200. 200. 200. 200. 200.
  200. 200. 200. 200. 200. 200. 200. 200. 200. 200. 200. 150. 150. 150.
  150. 150. 150. 150. 150. 150. 150. 150. 150. 150. 150. 150.]
 [131. 149. 151. 153. 151. 155. 151. 156. 159. 156. 149. 155. 151. 156.
  156. 155. 153. 155. 154. 157. 155. 153. 156. 153. 151. 115. 113. 112.
  113. 114. 115. 110. 116. 115. 114. 118. 117. 114. 115. 114.]
 [130. 142. 149. 152. 154. 154. 156. 153. 156. 157. 154. 153. 158. 153.
  159. 153. 159. 156. 156. 157. 154. 155. 157. 155. 154. 119. 118. 118.
  118. 117. 120. 118. 121. 119. 116. 117. 115. 116. 117. 121.]]
##############################
[[ 53.  63.  68.  66.  68.  65.  65.  64.  63.  65.  67.  62.  66.  60.
   65.  62.  64.  59.  64.  67.  71.  67.  66.  63.  63.  69.  46.  53.
   50.  52.  50.  50.  47.  48.  50.  47.  50.  50.  49.  48.]
 [200. 200. 200. 200. 200. 200. 200. 200. 200. 200. 200. 200. 200. 200.
  200. 200. 200. 200. 200. 200. 200. 200. 200. 200. 200. 200. 150. 150.
  150. 150. 150. 150. 150. 150. 150. 150. 150. 150. 150. 150.]
 [131. 149. 151. 153. 151. 155. 151. 156. 159. 156. 149. 155. 151. 156.
  156. 155. 153. 155. 154. 157. 155. 153. 156. 153. 151. 154. 113. 112.
  113. 114. 115. 110. 116. 115. 114. 118. 117. 114. 115. 114.]
 [130. 142. 149. 152. 154. 154. 156. 153. 156. 157. 154. 153. 158. 153.
  159. 153. 159. 156. 156. 157. 154. 155. 157. 155. 154. 160. 118. 118.
  118. 117. 120. 118. 121. 119. 116. 117. 115. 116. 117. 121.]]
##############################
[[ 53.  63.  68.  66.  68.  65.  65.  64.  63.  65.  67.  62.  66.  60.
   65.  62.  64.  59.  64.  67.  71.  67.  66.  63.  63.  69.  60.  53.
   50.  52.  50.  50.  47.  48.  50.  47.  50.  50.  49.  48.]
 [200. 200. 200. 200. 200. 200. 200. 200. 200. 200. 200. 200. 200. 200.
  200. 200. 200. 200. 200. 200. 200. 200. 200. 200. 200. 200. 200. 150.
  150. 150. 150. 150. 150. 150. 150. 150. 150. 150. 150. 150.]
 [131. 149. 151. 153. 151. 155. 151. 156. 159. 156. 149. 155. 151. 156.
  156. 155. 153. 155. 154. 157. 155. 153. 156. 153. 151. 154. 151. 112.
  113. 114. 115. 110. 116. 115. 114. 118. 117. 114. 115. 114.]
 [130. 142. 149. 152. 154. 154. 156. 153. 156. 157. 154. 153. 158. 153.
  159. 153. 159. 156. 156. 157. 154. 155. 157. 155. 154. 160. 154. 118.
  118. 117. 120. 118. 121. 119. 116. 117. 115. 116. 117. 121.]]
##############################
[[ 53.  63.  68.  66.  68.  65.  65.  64.  63.  65.  67.  62.  66.  60.
   65.  62.  64.  59.  64.  67.  71.  67.  66.  63.  63.  69.  60.  66.
   50.  52.  50.  50.  47.  48.  50.  47.  50.  50.  49.  48.]
 [200. 200. 200. 200. 200. 200. 200. 200. 200. 200. 200. 200. 200. 200.
  200. 200. 200. 200. 200. 200. 200. 200. 200. 200. 200. 200. 200. 200.
  150. 150. 150. 150. 150. 150. 150. 150. 150. 150. 150. 150.]
 [131. 149. 151. 153. 151. 155. 151. 156. 159. 156. 149. 155. 151. 156.
  156. 155. 153. 155. 154. 157. 155. 153. 156. 153. 151. 154. 151. 153.
  113. 114. 115. 110. 116. 115. 114. 118. 117. 114. 115. 114.]
 [130. 142. 149. 152. 154. 154. 156. 153. 156. 157. 154. 153. 158. 153.
  159. 153. 159. 156. 156. 157. 154. 155. 157. 155. 154. 160. 154. 156.
  118. 117. 120. 118. 121. 119. 116. 117. 115. 116. 117. 121.]]
##############################
[[ 53.  63.  68.  66.  68.  65.  65.  64.  63.  65.  67.  62.  66.  60.
   65.  62.  64.  59.  64.  67.  71.  67.  66.  63.  63.  69.  60.  66.
   63.  52.  50.  50.  47.  48.  50.  47.  50.  50.  49.  48.]
 [200. 200. 200. 200. 200. 200. 200. 200. 200. 200. 200. 200. 200. 200.
  200. 200. 200. 200. 200. 200. 200. 200. 200. 200. 200. 200. 200. 200.
  200. 150. 150. 150. 150. 150. 150. 150. 150. 150. 150. 150.]
 [131. 149. 151. 153. 151. 155. 151. 156. 159. 156. 149. 155. 151. 156.
  156. 155. 153. 155. 154. 157. 155. 153. 156. 153. 151. 154. 151. 153.
  153. 114. 115. 110. 116. 115. 114. 118. 117. 114. 115. 114.]
 [130. 142. 149. 152. 154. 154. 156. 153. 156. 157. 154. 153. 158. 153.
  159. 153. 159. 156. 156. 157. 154. 155. 157. 155. 154. 160. 154. 156.
  157. 117. 120. 118. 121. 119. 116. 117. 115. 116. 117. 121.]]
##############################
[[ 53.  63.  68.  66.  68.  65.  65.  64.  63.  65.  67.  62.  66.  60.
   65.  62.  64.  59.  64.  67.  71.  67.  66.  63.  63.  69.  60.  66.
   63.  65.  50.  50.  47.  48.  50.  47.  50.  50.  49.  48.]
 [200. 200. 200. 200. 200. 200. 200. 200. 200. 200. 200. 200. 200. 200.
  200. 200. 200. 200. 200. 200. 200. 200. 200. 200. 200. 200. 200. 200.
  200. 200. 150. 150. 150. 150. 150. 150. 150. 150. 150. 150.]
 [131. 149. 151. 153. 151. 155. 151. 156. 159. 156. 149. 155. 151. 156.
  156. 155. 153. 155. 154. 157. 155. 153. 156. 153. 151. 154. 151. 153.
  153. 153. 115. 110. 116. 115. 114. 118. 117. 114. 115. 114.]
 [130. 142. 149. 152. 154. 154. 156. 153. 156. 157. 154. 153. 158. 153.
  159. 153. 159. 156. 156. 157. 154. 155. 157. 155. 154. 160. 154. 156.
  157. 156. 120. 118. 121. 119. 116. 117. 115. 116. 117. 121.]]
##############################
[[ 53.  63.  68.  66.  68.  65.  65.  64.  63.  65.  67.  62.  66.  60.
   65.  62.  64.  59.  64.  67.  71.  67.  66.  63.  63.  69.  60.  66.
   63.  65.  63.  50.  47.  48.  50.  47.  50.  50.  49.  48.]
 [200. 200. 200. 200. 200. 200. 200. 200. 200. 200. 200. 200. 200. 200.
  200. 200. 200. 200. 200. 200. 200. 200. 200. 200. 200. 200. 200. 200.
  200. 200. 200. 150. 150. 150. 150. 150. 150. 150. 150. 150.]
 [131. 149. 151. 153. 151. 155. 151. 156. 159. 156. 149. 155. 151. 156.
  156. 155. 153. 155. 154. 157. 155. 153. 156. 153. 151. 154. 151. 153.
  153. 153. 153. 110. 116. 115. 114. 118. 117. 114. 115. 114.]
 [130. 142. 149. 152. 154. 154. 156. 153. 156. 157. 154. 153. 158. 153.
  159. 153. 159. 156. 156. 157. 154. 155. 157. 155. 154. 160. 154. 156.
  157. 156. 157. 118. 121. 119. 116. 117. 115. 116. 117. 121.]]
##############################
[[ 53.  63.  68.  66.  68.  65.  65.  64.  63.  65.  67.  62.  66.  60.
   65.  62.  64.  59.  64.  67.  71.  67.  66.  63.  63.  69.  60.  66.
   63.  65.  63.  62.  47.  48.  50.  47.  50.  50.  49.  48.]
 [200. 200. 200. 200. 200. 200. 200. 200. 200. 200. 200. 200. 200. 200.
  200. 200. 200. 200. 200. 200. 200. 200. 200. 200. 200. 200. 200. 200.
  200. 200. 200. 200. 150. 150. 150. 150. 150. 150. 150. 150.]
 [131. 149. 151. 153. 151. 155. 151. 156. 159. 156. 149. 155. 151. 156.
  156. 155. 153. 155. 154. 157. 155. 153. 156. 153. 151. 154. 151. 153.
  153. 153. 153. 149. 116. 115. 114. 118. 117. 114. 115. 114.]
 [130. 142. 149. 152. 154. 154. 156. 153. 156. 157. 154. 153. 158. 153.
  159. 153. 159. 156. 156. 157. 154. 155. 157. 155. 154. 160. 154. 156.
  157. 156. 157. 155. 121. 119. 116. 117. 115. 116. 117. 121.]]
##############################
[[ 53.  63.  68.  66.  68.  65.  65.  64.  63.  65.  67.  62.  66.  60.
   65.  62.  64.  59.  64.  67.  71.  67.  66.  63.  63.  69.  60.  66.
   63.  65.  63.  62.  61.  48.  50.  47.  50.  50.  49.  48.]
 [200. 200. 200. 200. 200. 200. 200. 200. 200. 200. 200. 200. 200. 200.
  200. 200. 200. 200. 200. 200. 200. 200. 200. 200. 200. 200. 200. 200.
  200. 200. 200. 200. 200. 150. 150. 150. 150. 150. 150. 150.]
 [131. 149. 151. 153. 151. 155. 151. 156. 159. 156. 149. 155. 151. 156.
  156. 155. 153. 155. 154. 157. 155. 153. 156. 153. 151. 154. 151. 153.
  153. 153. 153. 149. 154. 115. 114. 118. 117. 114. 115. 114.]
 [130. 142. 149. 152. 154. 154. 156. 153. 156. 157. 154. 153. 158. 153.
  159. 153. 159. 156. 156. 157. 154. 155. 157. 155. 154. 160. 154. 156.
  157. 156. 157. 155. 155. 119. 116. 117. 115. 116. 117. 121.]]
##############################
[[ 53.  63.  68.  66.  68.  65.  65.  64.  63.  65.  67.  62.  66.  60.
   65.  62.  64.  59.  64.  67.  71.  67.  66.  63.  63.  69.  60.  66.
   63.  65.  63.  62.  61.  61.  50.  47.  50.  50.  49.  48.]
 [200. 200. 200. 200. 200. 200. 200. 200. 200. 200. 200. 200. 200. 200.
  200. 200. 200. 200. 200. 200. 200. 200. 200. 200. 200. 200. 200. 200.
  200. 200. 200. 200. 200. 200. 150. 150. 150. 150. 150. 150.]
 [131. 149. 151. 153. 151. 155. 151. 156. 159. 156. 149. 155. 151. 156.
  156. 155. 153. 155. 154. 157. 155. 153. 156. 153. 151. 154. 151. 153.
  153. 153. 153. 149. 154. 153. 114. 118. 117. 114. 115. 114.]
 [130. 142. 149. 152. 154. 154. 156. 153. 156. 157. 154. 153. 158. 153.
  159. 153. 159. 156. 156. 157. 154. 155. 157. 155. 154. 160. 154. 156.
  157. 156. 157. 155. 155. 154. 116. 117. 115. 116. 117. 121.]]
##############################
[[ 53.  63.  68.  66.  68.  65.  65.  64.  63.  65.  67.  62.  66.  60.
   65.  62.  64.  59.  64.  67.  71.  67.  66.  63.  63.  69.  60.  66.
   63.  65.  63.  62.  61.  61.  63.  47.  50.  50.  49.  48.]
 [200. 200. 200. 200. 200. 200. 200. 200. 200. 200. 200. 200. 200. 200.
  200. 200. 200. 200. 200. 200. 200. 200. 200. 200. 200. 200. 200. 200.
  200. 200. 200. 200. 200. 200. 200. 150. 150. 150. 150. 150.]
 [131. 149. 151. 153. 151. 155. 151. 156. 159. 156. 149. 155. 151. 156.
  156. 155. 153. 155. 154. 157. 155. 153. 156. 153. 151. 154. 151. 153.
  153. 153. 153. 149. 154. 153. 151. 118. 117. 114. 115. 114.]
 [130. 142. 149. 152. 154. 154. 156. 153. 156. 157. 154. 153. 158. 153.
  159. 153. 159. 156. 156. 157. 154. 155. 157. 155. 154. 160. 154. 156.
  157. 156. 157. 155. 155. 154. 155. 117. 115. 116. 117. 121.]]
##############################
[[ 53.  63.  68.  66.  68.  65.  65.  64.  63.  65.  67.  62.  66.  60.
   65.  62.  64.  59.  64.  67.  71.  67.  66.  63.  63.  69.  60.  66.
   63.  65.  63.  62.  61.  61.  63.  60.  50.  50.  49.  48.]
 [200. 200. 200. 200. 200. 200. 200. 200. 200. 200. 200. 200. 200. 200.
  200. 200. 200. 200. 200. 200. 200. 200. 200. 200. 200. 200. 200. 200.
  200. 200. 200. 200. 200. 200. 200. 200. 150. 150. 150. 150.]
 [131. 149. 151. 153. 151. 155. 151. 156. 159. 156. 149. 155. 151. 156.
  156. 155. 153. 155. 154. 157. 155. 153. 156. 153. 151. 154. 151. 153.
  153. 153. 153. 149. 154. 153. 151. 155. 117. 114. 115. 114.]
 [130. 142. 149. 152. 154. 154. 156. 153. 156. 157. 154. 153. 158. 153.
  159. 153. 159. 156. 156. 157. 154. 155. 157. 155. 154. 160. 154. 156.
  157. 156. 157. 155. 155. 154. 155. 155. 115. 116. 117. 121.]]
##############################
[[ 53.  63.  68.  66.  68.  65.  65.  64.  63.  65.  67.  62.  66.  60.
   65.  62.  64.  59.  64.  67.  71.  67.  66.  63.  63.  69.  60.  66.
   63.  65.  63.  62.  61.  61.  63.  60.  65.  50.  49.  48.]
 [200. 200. 200. 200. 200. 200. 200. 200. 200. 200. 200. 200. 200. 200.
  200. 200. 200. 200. 200. 200. 200. 200. 200. 200. 200. 200. 200. 200.
  200. 200. 200. 200. 200. 200. 200. 200. 200. 150. 150. 150.]
 [131. 149. 151. 153. 151. 155. 151. 156. 159. 156. 149. 155. 151. 156.
  156. 155. 153. 155. 154. 157. 155. 153. 156. 153. 151. 154. 151. 153.
  153. 153. 153. 149. 154. 153. 151. 155. 156. 114. 115. 114.]
 [130. 142. 149. 152. 154. 154. 156. 153. 156. 157. 154. 153. 158. 153.
  159. 153. 159. 156. 156. 157. 154. 155. 157. 155. 154. 160. 154. 156.
  157. 156. 157. 155. 155. 154. 155. 155. 152. 116. 117. 121.]]
##############################
[[ 53.  63.  68.  66.  68.  65.  65.  64.  63.  65.  67.  62.  66.  60.
   65.  62.  64.  59.  64.  67.  71.  67.  66.  63.  63.  69.  60.  66.
   63.  65.  63.  62.  61.  61.  63.  60.  65.  64.  49.  48.]
 [200. 200. 200. 200. 200. 200. 200. 200. 200. 200. 200. 200. 200. 200.
  200. 200. 200. 200. 200. 200. 200. 200. 200. 200. 200. 200. 200. 200.
  200. 200. 200. 200. 200. 200. 200. 200. 200. 200. 150. 150.]
 [131. 149. 151. 153. 151. 155. 151. 156. 159. 156. 149. 155. 151. 156.
  156. 155. 153. 155. 154. 157. 155. 153. 156. 153. 151. 154. 151. 153.
  153. 153. 153. 149. 154. 153. 151. 155. 156. 154. 115. 114.]
 [130. 142. 149. 152. 154. 154. 156. 153. 156. 157. 154. 153. 158. 153.
  159. 153. 159. 156. 156. 157. 154. 155. 157. 155. 154. 160. 154. 156.
  157. 156. 157. 155. 155. 154. 155. 155. 152. 153. 117. 121.]]
##############################
[[ 53.  63.  68.  66.  68.  65.  65.  64.  63.  65.  67.  62.  66.  60.
   65.  62.  64.  59.  64.  67.  71.  67.  66.  63.  63.  69.  60.  66.
   63.  65.  63.  62.  61.  61.  63.  60.  65.  64.  63.  48.]
 [200. 200. 200. 200. 200. 200. 200. 200. 200. 200. 200. 200. 200. 200.
  200. 200. 200. 200. 200. 200. 200. 200. 200. 200. 200. 200. 200. 200.
  200. 200. 200. 200. 200. 200. 200. 200. 200. 200. 200. 150.]
 [131. 149. 151. 153. 151. 155. 151. 156. 159. 156. 149. 155. 151. 156.
  156. 155. 153. 155. 154. 157. 155. 153. 156. 153. 151. 154. 151. 153.
  153. 153. 153. 149. 154. 153. 151. 155. 156. 154. 156. 114.]
 [130. 142. 149. 152. 154. 154. 156. 153. 156. 157. 154. 153. 158. 153.
  159. 153. 159. 156. 156. 157. 154. 155. 157. 155. 154. 160. 154. 156.
  157. 156. 157. 155. 155. 154. 155. 155. 152. 153. 156. 121.]]
##############################
[[ 53.  63.  68.  66.  68.  65.  65.  64.  63.  65.  67.  62.  66.  60.
   65.  62.  64.  59.  64.  67.  71.  67.  66.  63.  63.  69.  60.  66.
   63.  65.  63.  62.  61.  61.  63.  60.  65.  64.  63.  61.]
 [200. 200. 200. 200. 200. 200. 200. 200. 200. 200. 200. 200. 200. 200.
  200. 200. 200. 200. 200. 200. 200. 200. 200. 200. 200. 200. 200. 200.
  200. 200. 200. 200. 200. 200. 200. 200. 200. 200. 200. 200.]
 [131. 149. 151. 153. 151. 155. 151. 156. 159. 156. 149. 155. 151. 156.
  156. 155. 153. 155. 154. 157. 155. 153. 156. 153. 151. 154. 151. 153.
  153. 153. 153. 149. 154. 153. 151. 155. 156. 154. 156. 153.]
 [130. 142. 149. 152. 154. 154. 156. 153. 156. 157. 154. 153. 158. 153.
  159. 153. 159. 156. 156. 157. 154. 155. 157. 155. 154. 160. 154. 156.
  157. 156. 157. 155. 155. 154. 155. 155. 152. 153. 156. 158.]]
##############################
##################################################
##################################################
starting :5 batch
[[ 62.  63.  68.  66.  68.  65.  65.  64.  63.  65.  67.  62.  66.  60.
   65.  62.  64.  59.  64.  67.  71.  67.  66.  63.  63.  69.  60.  66.
   63.  65.  63.  62.  61.  61.  63.  60.  65.  64.  63.  61.]
 [250. 200. 200. 200. 200. 200. 200. 200. 200. 200. 200. 200. 200. 200.
  200. 200. 200. 200. 200. 200. 200. 200. 200. 200. 200. 200. 200. 200.
  200. 200. 200. 200. 200. 200. 200. 200. 200. 200. 200. 200.]
 [167. 149. 151. 153. 151. 155. 151. 156. 159. 156. 149. 155. 151. 156.
  156. 155. 153. 155. 154. 157. 155. 153. 156. 153. 151. 154. 151. 153.
  153. 153. 153. 149. 154. 153. 151. 155. 156. 154. 156. 153.]
 [162. 142. 149. 152. 154. 154. 156. 153. 156. 157. 154. 153. 158. 153.
  159. 153. 159. 156. 156. 157. 154. 155. 157. 155. 154. 160. 154. 156.
  157. 156. 157. 155. 155. 154. 155. 155. 152. 153. 156. 158.]]
##############################
[[ 62.  77.  68.  66.  68.  65.  65.  64.  63.  65.  67.  62.  66.  60.
   65.  62.  64.  59.  64.  67.  71.  67.  66.  63.  63.  69.  60.  66.
   63.  65.  63.  62.  61.  61.  63.  60.  65.  64.  63.  61.]
 [250. 250. 200. 200. 200. 200. 200. 200. 200. 200. 200. 200. 200. 200.
  200. 200. 200. 200. 200. 200. 200. 200. 200. 200. 200. 200. 200. 200.
  200. 200. 200. 200. 200. 200. 200. 200. 200. 200. 200. 200.]
 [167. 189. 151. 153. 151. 155. 151. 156. 159. 156. 149. 155. 151. 156.
  156. 155. 153. 155. 154. 157. 155. 153. 156. 153. 151. 154. 151. 153.
  153. 153. 153. 149. 154. 153. 151. 155. 156. 154. 156. 153.]
 [162. 181. 149. 152. 154. 154. 156. 153. 156. 157. 154. 153. 158. 153.
  159. 153. 159. 156. 156. 157. 154. 155. 157. 155. 154. 160. 154. 156.
  157. 156. 157. 155. 155. 154. 155. 155. 152. 153. 156. 158.]]
##############################
[[ 62.  77.  85.  66.  68.  65.  65.  64.  63.  65.  67.  62.  66.  60.
   65.  62.  64.  59.  64.  67.  71.  67.  66.  63.  63.  69.  60.  66.
   63.  65.  63.  62.  61.  61.  63.  60.  65.  64.  63.  61.]
 [250. 250. 250. 200. 200. 200. 200. 200. 200. 200. 200. 200. 200. 200.
  200. 200. 200. 200. 200. 200. 200. 200. 200. 200. 200. 200. 200. 200.
  200. 200. 200. 200. 200. 200. 200. 200. 200. 200. 200. 200.]
 [167. 189. 192. 153. 151. 155. 151. 156. 159. 156. 149. 155. 151. 156.
  156. 155. 153. 155. 154. 157. 155. 153. 156. 153. 151. 154. 151. 153.
  153. 153. 153. 149. 154. 153. 151. 155. 156. 154. 156. 153.]
 [162. 181. 189. 152. 154. 154. 156. 153. 156. 157. 154. 153. 158. 153.
  159. 153. 159. 156. 156. 157. 154. 155. 157. 155. 154. 160. 154. 156.
  157. 156. 157. 155. 155. 154. 155. 155. 152. 153. 156. 158.]]
##############################
[[ 62.  77.  85.  84.  68.  65.  65.  64.  63.  65.  67.  62.  66.  60.
   65.  62.  64.  59.  64.  67.  71.  67.  66.  63.  63.  69.  60.  66.
   63.  65.  63.  62.  61.  61.  63.  60.  65.  64.  63.  61.]
 [250. 250. 250. 250. 200. 200. 200. 200. 200. 200. 200. 200. 200. 200.
  200. 200. 200. 200. 200. 200. 200. 200. 200. 200. 200. 200. 200. 200.
  200. 200. 200. 200. 200. 200. 200. 200. 200. 200. 200. 200.]
 [167. 189. 192. 197. 151. 155. 151. 156. 159. 156. 149. 155. 151. 156.
  156. 155. 153. 155. 154. 157. 155. 153. 156. 153. 151. 154. 151. 153.
  153. 153. 153. 149. 154. 153. 151. 155. 156. 154. 156. 153.]
 [162. 181. 189. 193. 154. 154. 156. 153. 156. 157. 154. 153. 158. 153.
  159. 153. 159. 156. 156. 157. 154. 155. 157. 155. 154. 160. 154. 156.
  157. 156. 157. 155. 155. 154. 155. 155. 152. 153. 156. 158.]]
##############################
[[ 62.  77.  85.  84.  87.  65.  65.  64.  63.  65.  67.  62.  66.  60.
   65.  62.  64.  59.  64.  67.  71.  67.  66.  63.  63.  69.  60.  66.
   63.  65.  63.  62.  61.  61.  63.  60.  65.  64.  63.  61.]
 [250. 250. 250. 250. 250. 200. 200. 200. 200. 200. 200. 200. 200. 200.
  200. 200. 200. 200. 200. 200. 200. 200. 200. 200. 200. 200. 200. 200.
  200. 200. 200. 200. 200. 200. 200. 200. 200. 200. 200. 200.]
 [167. 189. 192. 197. 194. 155. 151. 156. 159. 156. 149. 155. 151. 156.
  156. 155. 153. 155. 154. 157. 155. 153. 156. 153. 151. 154. 151. 153.
  153. 153. 153. 149. 154. 153. 151. 155. 156. 154. 156. 153.]
 [162. 181. 189. 193. 194. 154. 156. 153. 156. 157. 154. 153. 158. 153.
  159. 153. 159. 156. 156. 157. 154. 155. 157. 155. 154. 160. 154. 156.
  157. 156. 157. 155. 155. 154. 155. 155. 152. 153. 156. 158.]]
##############################
[[ 62.  77.  85.  84.  87.  81.  65.  64.  63.  65.  67.  62.  66.  60.
   65.  62.  64.  59.  64.  67.  71.  67.  66.  63.  63.  69.  60.  66.
   63.  65.  63.  62.  61.  61.  63.  60.  65.  64.  63.  61.]
 [250. 250. 250. 250. 250. 250. 200. 200. 200. 200. 200. 200. 200. 200.
  200. 200. 200. 200. 200. 200. 200. 200. 200. 200. 200. 200. 200. 200.
  200. 200. 200. 200. 200. 200. 200. 200. 200. 200. 200. 200.]
 [167. 189. 192. 197. 194. 198. 151. 156. 159. 156. 149. 155. 151. 156.
  156. 155. 153. 155. 154. 157. 155. 153. 156. 153. 151. 154. 151. 153.
  153. 153. 153. 149. 154. 153. 151. 155. 156. 154. 156. 153.]
 [162. 181. 189. 193. 194. 194. 156. 153. 156. 157. 154. 153. 158. 153.
  159. 153. 159. 156. 156. 157. 154. 155. 157. 155. 154. 160. 154. 156.
  157. 156. 157. 155. 155. 154. 155. 155. 152. 153. 156. 158.]]
##############################
[[ 62.  77.  85.  84.  87.  81.  79.  64.  63.  65.  67.  62.  66.  60.
   65.  62.  64.  59.  64.  67.  71.  67.  66.  63.  63.  69.  60.  66.
   63.  65.  63.  62.  61.  61.  63.  60.  65.  64.  63.  61.]
 [250. 250. 250. 250. 250. 250. 250. 200. 200. 200. 200. 200. 200. 200.
  200. 200. 200. 200. 200. 200. 200. 200. 200. 200. 200. 200. 200. 200.
  200. 200. 200. 200. 200. 200. 200. 200. 200. 200. 200. 200.]
 [167. 189. 192. 197. 194. 198. 194. 156. 159. 156. 149. 155. 151. 156.
  156. 155. 153. 155. 154. 157. 155. 153. 156. 153. 151. 154. 151. 153.
  153. 153. 153. 149. 154. 153. 151. 155. 156. 154. 156. 153.]
 [162. 181. 189. 193. 194. 194. 197. 153. 156. 157. 154. 153. 158. 153.
  159. 153. 159. 156. 156. 157. 154. 155. 157. 155. 154. 160. 154. 156.
  157. 156. 157. 155. 155. 154. 155. 155. 152. 153. 156. 158.]]
##############################
[[ 62.  77.  85.  84.  87.  81.  79.  80.  63.  65.  67.  62.  66.  60.
   65.  62.  64.  59.  64.  67.  71.  67.  66.  63.  63.  69.  60.  66.
   63.  65.  63.  62.  61.  61.  63.  60.  65.  64.  63.  61.]
 [250. 250. 250. 250. 250. 250. 250. 250. 200. 200. 200. 200. 200. 200.
  200. 200. 200. 200. 200. 200. 200. 200. 200. 200. 200. 200. 200. 200.
  200. 200. 200. 200. 200. 200. 200. 200. 200. 200. 200. 200.]
 [167. 189. 192. 197. 194. 198. 194. 199. 159. 156. 149. 155. 151. 156.
  156. 155. 153. 155. 154. 157. 155. 153. 156. 153. 151. 154. 151. 153.
  153. 153. 153. 149. 154. 153. 151. 155. 156. 154. 156. 153.]
 [162. 181. 189. 193. 194. 194. 197. 194. 156. 157. 154. 153. 158. 153.
  159. 153. 159. 156. 156. 157. 154. 155. 157. 155. 154. 160. 154. 156.
  157. 156. 157. 155. 155. 154. 155. 155. 152. 153. 156. 158.]]
##############################
[[ 62.  77.  85.  84.  87.  81.  79.  80.  81.  65.  67.  62.  66.  60.
   65.  62.  64.  59.  64.  67.  71.  67.  66.  63.  63.  69.  60.  66.
   63.  65.  63.  62.  61.  61.  63.  60.  65.  64.  63.  61.]
 [250. 250. 250. 250. 250. 250. 250. 250. 250. 200. 200. 200. 200. 200.
  200. 200. 200. 200. 200. 200. 200. 200. 200. 200. 200. 200. 200. 200.
  200. 200. 200. 200. 200. 200. 200. 200. 200. 200. 200. 200.]
 [167. 189. 192. 197. 194. 198. 194. 199. 201. 156. 149. 155. 151. 156.
  156. 155. 153. 155. 154. 157. 155. 153. 156. 153. 151. 154. 151. 153.
  153. 153. 153. 149. 154. 153. 151. 155. 156. 154. 156. 153.]
 [162. 181. 189. 193. 194. 194. 197. 194. 196. 157. 154. 153. 158. 153.
  159. 153. 159. 156. 156. 157. 154. 155. 157. 155. 154. 160. 154. 156.
  157. 156. 157. 155. 155. 154. 155. 155. 152. 153. 156. 158.]]
##############################
[[ 62.  77.  85.  84.  87.  81.  79.  80.  81.  81.  67.  62.  66.  60.
   65.  62.  64.  59.  64.  67.  71.  67.  66.  63.  63.  69.  60.  66.
   63.  65.  63.  62.  61.  61.  63.  60.  65.  64.  63.  61.]
 [250. 250. 250. 250. 250. 250. 250. 250. 250. 250. 200. 200. 200. 200.
  200. 200. 200. 200. 200. 200. 200. 200. 200. 200. 200. 200. 200. 200.
  200. 200. 200. 200. 200. 200. 200. 200. 200. 200. 200. 200.]
 [167. 189. 192. 197. 194. 198. 194. 199. 201. 199. 149. 155. 151. 156.
  156. 155. 153. 155. 154. 157. 155. 153. 156. 153. 151. 154. 151. 153.
  153. 153. 153. 149. 154. 153. 151. 155. 156. 154. 156. 153.]
 [162. 181. 189. 193. 194. 194. 197. 194. 196. 197. 154. 153. 158. 153.
  159. 153. 159. 156. 156. 157. 154. 155. 157. 155. 154. 160. 154. 156.
  157. 156. 157. 155. 155. 154. 155. 155. 152. 153. 156. 158.]]
##############################
[[ 62.  77.  85.  84.  87.  81.  79.  80.  81.  81.  88.  62.  66.  60.
   65.  62.  64.  59.  64.  67.  71.  67.  66.  63.  63.  69.  60.  66.
   63.  65.  63.  62.  61.  61.  63.  60.  65.  64.  63.  61.]
 [250. 250. 250. 250. 250. 250. 250. 250. 250. 250. 250. 200. 200. 200.
  200. 200. 200. 200. 200. 200. 200. 200. 200. 200. 200. 200. 200. 200.
  200. 200. 200. 200. 200. 200. 200. 200. 200. 200. 200. 200.]
 [167. 189. 192. 197. 194. 198. 194. 199. 201. 199. 191. 155. 151. 156.
  156. 155. 153. 155. 154. 157. 155. 153. 156. 153. 151. 154. 151. 153.
  153. 153. 153. 149. 154. 153. 151. 155. 156. 154. 156. 153.]
 [162. 181. 189. 193. 194. 194. 197. 194. 196. 197. 194. 153. 158. 153.
  159. 153. 159. 156. 156. 157. 154. 155. 157. 155. 154. 160. 154. 156.
  157. 156. 157. 155. 155. 154. 155. 155. 152. 153. 156. 158.]]
##############################
[[ 62.  77.  85.  84.  87.  81.  79.  80.  81.  81.  88.  82.  66.  60.
   65.  62.  64.  59.  64.  67.  71.  67.  66.  63.  63.  69.  60.  66.
   63.  65.  63.  62.  61.  61.  63.  60.  65.  64.  63.  61.]
 [250. 250. 250. 250. 250. 250. 250. 250. 250. 250. 250. 250. 200. 200.
  200. 200. 200. 200. 200. 200. 200. 200. 200. 200. 200. 200. 200. 200.
  200. 200. 200. 200. 200. 200. 200. 200. 200. 200. 200. 200.]
 [167. 189. 192. 197. 194. 198. 194. 199. 201. 199. 191. 198. 151. 156.
  156. 155. 153. 155. 154. 157. 155. 153. 156. 153. 151. 154. 151. 153.
  153. 153. 153. 149. 154. 153. 151. 155. 156. 154. 156. 153.]
 [162. 181. 189. 193. 194. 194. 197. 194. 196. 197. 194. 192. 158. 153.
  159. 153. 159. 156. 156. 157. 154. 155. 157. 155. 154. 160. 154. 156.
  157. 156. 157. 155. 155. 154. 155. 155. 152. 153. 156. 158.]]
##############################
[[ 62.  77.  85.  84.  87.  81.  79.  80.  81.  81.  88.  82.  87.  60.
   65.  62.  64.  59.  64.  67.  71.  67.  66.  63.  63.  69.  60.  66.
   63.  65.  63.  62.  61.  61.  63.  60.  65.  64.  63.  61.]
 [250. 250. 250. 250. 250. 250. 250. 250. 250. 250. 250. 250. 250. 200.
  200. 200. 200. 200. 200. 200. 200. 200. 200. 200. 200. 200. 200. 200.
  200. 200. 200. 200. 200. 200. 200. 200. 200. 200. 200. 200.]
 [167. 189. 192. 197. 194. 198. 194. 199. 201. 199. 191. 198. 194. 156.
  156. 155. 153. 155. 154. 157. 155. 153. 156. 153. 151. 154. 151. 153.
  153. 153. 153. 149. 154. 153. 151. 155. 156. 154. 156. 153.]
 [162. 181. 189. 193. 194. 194. 197. 194. 196. 197. 194. 192. 198. 153.
  159. 153. 159. 156. 156. 157. 154. 155. 157. 155. 154. 160. 154. 156.
  157. 156. 157. 155. 155. 154. 155. 155. 152. 153. 156. 158.]]
##############################
[[ 62.  77.  85.  84.  87.  81.  79.  80.  81.  81.  88.  82.  87.  81.
   65.  62.  64.  59.  64.  67.  71.  67.  66.  63.  63.  69.  60.  66.
   63.  65.  63.  62.  61.  61.  63.  60.  65.  64.  63.  61.]
 [250. 250. 250. 250. 250. 250. 250. 250. 250. 250. 250. 250. 250. 250.
  200. 200. 200. 200. 200. 200. 200. 200. 200. 200. 200. 200. 200. 200.
  200. 200. 200. 200. 200. 200. 200. 200. 200. 200. 200. 200.]
 [167. 189. 192. 197. 194. 198. 194. 199. 201. 199. 191. 198. 194. 199.
  156. 155. 153. 155. 154. 157. 155. 153. 156. 153. 151. 154. 151. 153.
  153. 153. 153. 149. 154. 153. 151. 155. 156. 154. 156. 153.]
 [162. 181. 189. 193. 194. 194. 197. 194. 196. 197. 194. 192. 198. 194.
  159. 153. 159. 156. 156. 157. 154. 155. 157. 155. 154. 160. 154. 156.
  157. 156. 157. 155. 155. 154. 155. 155. 152. 153. 156. 158.]]
##############################
[[ 62.  77.  85.  84.  87.  81.  79.  80.  81.  81.  88.  82.  87.  81.
   85.  62.  64.  59.  64.  67.  71.  67.  66.  63.  63.  69.  60.  66.
   63.  65.  63.  62.  61.  61.  63.  60.  65.  64.  63.  61.]
 [250. 250. 250. 250. 250. 250. 250. 250. 250. 250. 250. 250. 250. 250.
  250. 200. 200. 200. 200. 200. 200. 200. 200. 200. 200. 200. 200. 200.
  200. 200. 200. 200. 200. 200. 200. 200. 200. 200. 200. 200.]
 [167. 189. 192. 197. 194. 198. 194. 199. 201. 199. 191. 198. 194. 199.
  198. 155. 153. 155. 154. 157. 155. 153. 156. 153. 151. 154. 151. 153.
  153. 153. 153. 149. 154. 153. 151. 155. 156. 154. 156. 153.]
 [162. 181. 189. 193. 194. 194. 197. 194. 196. 197. 194. 192. 198. 194.
  200. 153. 159. 156. 156. 157. 154. 155. 157. 155. 154. 160. 154. 156.
  157. 156. 157. 155. 155. 154. 155. 155. 152. 153. 156. 158.]]
##############################
[[ 62.  77.  85.  84.  87.  81.  79.  80.  81.  81.  88.  82.  87.  81.
   85.  85.  64.  59.  64.  67.  71.  67.  66.  63.  63.  69.  60.  66.
   63.  65.  63.  62.  61.  61.  63.  60.  65.  64.  63.  61.]
 [250. 250. 250. 250. 250. 250. 250. 250. 250. 250. 250. 250. 250. 250.
  250. 250. 200. 200. 200. 200. 200. 200. 200. 200. 200. 200. 200. 200.
  200. 200. 200. 200. 200. 200. 200. 200. 200. 200. 200. 200.]
 [167. 189. 192. 197. 194. 198. 194. 199. 201. 199. 191. 198. 194. 199.
  198. 196. 153. 155. 154. 157. 155. 153. 156. 153. 151. 154. 151. 153.
  153. 153. 153. 149. 154. 153. 151. 155. 156. 154. 156. 153.]
 [162. 181. 189. 193. 194. 194. 197. 194. 196. 197. 194. 192. 198. 194.
  200. 193. 159. 156. 156. 157. 154. 155. 157. 155. 154. 160. 154. 156.
  157. 156. 157. 155. 155. 154. 155. 155. 152. 153. 156. 158.]]
##############################
[[ 62.  77.  85.  84.  87.  81.  79.  80.  81.  81.  88.  82.  87.  81.
   85.  85.  85.  59.  64.  67.  71.  67.  66.  63.  63.  69.  60.  66.
   63.  65.  63.  62.  61.  61.  63.  60.  65.  64.  63.  61.]
 [250. 250. 250. 250. 250. 250. 250. 250. 250. 250. 250. 250. 250. 250.
  250. 250. 250. 200. 200. 200. 200. 200. 200. 200. 200. 200. 200. 200.
  200. 200. 200. 200. 200. 200. 200. 200. 200. 200. 200. 200.]
 [167. 189. 192. 197. 194. 198. 194. 199. 201. 199. 191. 198. 194. 199.
  198. 196. 196. 155. 154. 157. 155. 153. 156. 153. 151. 154. 151. 153.
  153. 153. 153. 149. 154. 153. 151. 155. 156. 154. 156. 153.]
 [162. 181. 189. 193. 194. 194. 197. 194. 196. 197. 194. 192. 198. 194.
  200. 193. 202. 156. 156. 157. 154. 155. 157. 155. 154. 160. 154. 156.
  157. 156. 157. 155. 155. 154. 155. 155. 152. 153. 156. 158.]]
##############################
[[ 62.  77.  85.  84.  87.  81.  79.  80.  81.  81.  88.  82.  87.  81.
   85.  85.  85.  81.  64.  67.  71.  67.  66.  63.  63.  69.  60.  66.
   63.  65.  63.  62.  61.  61.  63.  60.  65.  64.  63.  61.]
 [250. 250. 250. 250. 250. 250. 250. 250. 250. 250. 250. 250. 250. 250.
  250. 250. 250. 250. 200. 200. 200. 200. 200. 200. 200. 200. 200. 200.
  200. 200. 200. 200. 200. 200. 200. 200. 200. 200. 200. 200.]
 [167. 189. 192. 197. 194. 198. 194. 199. 201. 199. 191. 198. 194. 199.
  198. 196. 196. 197. 154. 157. 155. 153. 156. 153. 151. 154. 151. 153.
  153. 153. 153. 149. 154. 153. 151. 155. 156. 154. 156. 153.]
 [162. 181. 189. 193. 194. 194. 197. 194. 196. 197. 194. 192. 198. 194.
  200. 193. 202. 198. 156. 157. 154. 155. 157. 155. 154. 160. 154. 156.
  157. 156. 157. 155. 155. 154. 155. 155. 152. 153. 156. 158.]]
##############################
[[ 62.  77.  85.  84.  87.  81.  79.  80.  81.  81.  88.  82.  87.  81.
   85.  85.  85.  81.  89.  67.  71.  67.  66.  63.  63.  69.  60.  66.
   63.  65.  63.  62.  61.  61.  63.  60.  65.  64.  63.  61.]
 [250. 250. 250. 250. 250. 250. 250. 250. 250. 250. 250. 250. 250. 250.
  250. 250. 250. 250. 250. 200. 200. 200. 200. 200. 200. 200. 200. 200.
  200. 200. 200. 200. 200. 200. 200. 200. 200. 200. 200. 200.]
 [167. 189. 192. 197. 194. 198. 194. 199. 201. 199. 191. 198. 194. 199.
  198. 196. 196. 197. 197. 157. 155. 153. 156. 153. 151. 154. 151. 153.
  153. 153. 153. 149. 154. 153. 151. 155. 156. 154. 156. 153.]
 [162. 181. 189. 193. 194. 194. 197. 194. 196. 197. 194. 192. 198. 194.
  200. 193. 202. 198. 198. 157. 154. 155. 157. 155. 154. 160. 154. 156.
  157. 156. 157. 155. 155. 154. 155. 155. 152. 153. 156. 158.]]
##############################
[[ 62.  77.  85.  84.  87.  81.  79.  80.  81.  81.  88.  82.  87.  81.
   85.  85.  85.  81.  89.  86.  71.  67.  66.  63.  63.  69.  60.  66.
   63.  65.  63.  62.  61.  61.  63.  60.  65.  64.  63.  61.]
 [250. 250. 250. 250. 250. 250. 250. 250. 250. 250. 250. 250. 250. 250.
  250. 250. 250. 250. 250. 250. 200. 200. 200. 200. 200. 200. 200. 200.
  200. 200. 200. 200. 200. 200. 200. 200. 200. 200. 200. 200.]
 [167. 189. 192. 197. 194. 198. 194. 199. 201. 199. 191. 198. 194. 199.
  198. 196. 196. 197. 197. 198. 155. 153. 156. 153. 151. 154. 151. 153.
  153. 153. 153. 149. 154. 153. 151. 155. 156. 154. 156. 153.]
 [162. 181. 189. 193. 194. 194. 197. 194. 196. 197. 194. 192. 198. 194.
  200. 193. 202. 198. 198. 197. 154. 155. 157. 155. 154. 160. 154. 156.
  157. 156. 157. 155. 155. 154. 155. 155. 152. 153. 156. 158.]]
##############################
[[ 62.  77.  85.  84.  87.  81.  79.  80.  81.  81.  88.  82.  87.  81.
   85.  85.  85.  81.  89.  86.  93.  67.  66.  63.  63.  69.  60.  66.
   63.  65.  63.  62.  61.  61.  63.  60.  65.  64.  63.  61.]
 [250. 250. 250. 250. 250. 250. 250. 250. 250. 250. 250. 250. 250. 250.
  250. 250. 250. 250. 250. 250. 250. 200. 200. 200. 200. 200. 200. 200.
  200. 200. 200. 200. 200. 200. 200. 200. 200. 200. 200. 200.]
 [167. 189. 192. 197. 194. 198. 194. 199. 201. 199. 191. 198. 194. 199.
  198. 196. 196. 197. 197. 198. 196. 153. 156. 153. 151. 154. 151. 153.
  153. 153. 153. 149. 154. 153. 151. 155. 156. 154. 156. 153.]
 [162. 181. 189. 193. 194. 194. 197. 194. 196. 197. 194. 192. 198. 194.
  200. 193. 202. 198. 198. 197. 197. 155. 157. 155. 154. 160. 154. 156.
  157. 156. 157. 155. 155. 154. 155. 155. 152. 153. 156. 158.]]
##############################
[[ 62.  77.  85.  84.  87.  81.  79.  80.  81.  81.  88.  82.  87.  81.
   85.  85.  85.  81.  89.  86.  93.  88.  66.  63.  63.  69.  60.  66.
   63.  65.  63.  62.  61.  61.  63.  60.  65.  64.  63.  61.]
 [250. 250. 250. 250. 250. 250. 250. 250. 250. 250. 250. 250. 250. 250.
  250. 250. 250. 250. 250. 250. 250. 250. 200. 200. 200. 200. 200. 200.
  200. 200. 200. 200. 200. 200. 200. 200. 200. 200. 200. 200.]
 [167. 189. 192. 197. 194. 198. 194. 199. 201. 199. 191. 198. 194. 199.
  198. 196. 196. 197. 197. 198. 196. 194. 156. 153. 151. 154. 151. 153.
  153. 153. 153. 149. 154. 153. 151. 155. 156. 154. 156. 153.]
 [162. 181. 189. 193. 194. 194. 197. 194. 196. 197. 194. 192. 198. 194.
  200. 193. 202. 198. 198. 197. 197. 198. 157. 155. 154. 160. 154. 156.
  157. 156. 157. 155. 155. 154. 155. 155. 152. 153. 156. 158.]]
##############################
[[ 62.  77.  85.  84.  87.  81.  79.  80.  81.  81.  88.  82.  87.  81.
   85.  85.  85.  81.  89.  86.  93.  88.  87.  63.  63.  69.  60.  66.
   63.  65.  63.  62.  61.  61.  63.  60.  65.  64.  63.  61.]
 [250. 250. 250. 250. 250. 250. 250. 250. 250. 250. 250. 250. 250. 250.
  250. 250. 250. 250. 250. 250. 250. 250. 250. 200. 200. 200. 200. 200.
  200. 200. 200. 200. 200. 200. 200. 200. 200. 200. 200. 200.]
 [167. 189. 192. 197. 194. 198. 194. 199. 201. 199. 191. 198. 194. 199.
  198. 196. 196. 197. 197. 198. 196. 194. 197. 153. 151. 154. 151. 153.
  153. 153. 153. 149. 154. 153. 151. 155. 156. 154. 156. 153.]
 [162. 181. 189. 193. 194. 194. 197. 194. 196. 197. 194. 192. 198. 194.
  200. 193. 202. 198. 198. 197. 197. 198. 201. 155. 154. 160. 154. 156.
  157. 156. 157. 155. 155. 154. 155. 155. 152. 153. 156. 158.]]
##############################
[[ 62.  77.  85.  84.  87.  81.  79.  80.  81.  81.  88.  82.  87.  81.
   85.  85.  85.  81.  89.  86.  93.  88.  87.  85.  63.  69.  60.  66.
   63.  65.  63.  62.  61.  61.  63.  60.  65.  64.  63.  61.]
 [250. 250. 250. 250. 250. 250. 250. 250. 250. 250. 250. 250. 250. 250.
  250. 250. 250. 250. 250. 250. 250. 250. 250. 250. 200. 200. 200. 200.
  200. 200. 200. 200. 200. 200. 200. 200. 200. 200. 200. 200.]
 [167. 189. 192. 197. 194. 198. 194. 199. 201. 199. 191. 198. 194. 199.
  198. 196. 196. 197. 197. 198. 196. 194. 197. 195. 151. 154. 151. 153.
  153. 153. 153. 149. 154. 153. 151. 155. 156. 154. 156. 153.]
 [162. 181. 189. 193. 194. 194. 197. 194. 196. 197. 194. 192. 198. 194.
  200. 193. 202. 198. 198. 197. 197. 198. 201. 198. 154. 160. 154. 156.
  157. 156. 157. 155. 155. 154. 155. 155. 152. 153. 156. 158.]]
##############################
[[ 62.  77.  85.  84.  87.  81.  79.  80.  81.  81.  88.  82.  87.  81.
   85.  85.  85.  81.  89.  86.  93.  88.  87.  85.  85.  69.  60.  66.
   63.  65.  63.  62.  61.  61.  63.  60.  65.  64.  63.  61.]
 [250. 250. 250. 250. 250. 250. 250. 250. 250. 250. 250. 250. 250. 250.
  250. 250. 250. 250. 250. 250. 250. 250. 250. 250. 250. 200. 200. 200.
  200. 200. 200. 200. 200. 200. 200. 200. 200. 200. 200. 200.]
 [167. 189. 192. 197. 194. 198. 194. 199. 201. 199. 191. 198. 194. 199.
  198. 196. 196. 197. 197. 198. 196. 194. 197. 195. 193. 154. 151. 153.
  153. 153. 153. 149. 154. 153. 151. 155. 156. 154. 156. 153.]
 [162. 181. 189. 193. 194. 194. 197. 194. 196. 197. 194. 192. 198. 194.
  200. 193. 202. 198. 198. 197. 197. 198. 201. 198. 196. 160. 154. 156.
  157. 156. 157. 155. 155. 154. 155. 155. 152. 153. 156. 158.]]
##############################
[[ 62.  77.  85.  84.  87.  81.  79.  80.  81.  81.  88.  82.  87.  81.
   85.  85.  85.  81.  89.  86.  93.  88.  87.  85.  85.  90.  60.  66.
   63.  65.  63.  62.  61.  61.  63.  60.  65.  64.  63.  61.]
 [250. 250. 250. 250. 250. 250. 250. 250. 250. 250. 250. 250. 250. 250.
  250. 250. 250. 250. 250. 250. 250. 250. 250. 250. 250. 250. 200. 200.
  200. 200. 200. 200. 200. 200. 200. 200. 200. 200. 200. 200.]
 [167. 189. 192. 197. 194. 198. 194. 199. 201. 199. 191. 198. 194. 199.
  198. 196. 196. 197. 197. 198. 196. 194. 197. 195. 193. 196. 151. 153.
  153. 153. 153. 149. 154. 153. 151. 155. 156. 154. 156. 153.]
 [162. 181. 189. 193. 194. 194. 197. 194. 196. 197. 194. 192. 198. 194.
  200. 193. 202. 198. 198. 197. 197. 198. 201. 198. 196. 203. 154. 156.
  157. 156. 157. 155. 155. 154. 155. 155. 152. 153. 156. 158.]]
##############################
[[ 62.  77.  85.  84.  87.  81.  79.  80.  81.  81.  88.  82.  87.  81.
   85.  85.  85.  81.  89.  86.  93.  88.  87.  85.  85.  90.  81.  66.
   63.  65.  63.  62.  61.  61.  63.  60.  65.  64.  63.  61.]
 [250. 250. 250. 250. 250. 250. 250. 250. 250. 250. 250. 250. 250. 250.
  250. 250. 250. 250. 250. 250. 250. 250. 250. 250. 250. 250. 250. 200.
  200. 200. 200. 200. 200. 200. 200. 200. 200. 200. 200. 200.]
 [167. 189. 192. 197. 194. 198. 194. 199. 201. 199. 191. 198. 194. 199.
  198. 196. 196. 197. 197. 198. 196. 194. 197. 195. 193. 196. 193. 153.
  153. 153. 153. 149. 154. 153. 151. 155. 156. 154. 156. 153.]
 [162. 181. 189. 193. 194. 194. 197. 194. 196. 197. 194. 192. 198. 194.
  200. 193. 202. 198. 198. 197. 197. 198. 201. 198. 196. 203. 195. 156.
  157. 156. 157. 155. 155. 154. 155. 155. 152. 153. 156. 158.]]
##############################
[[ 62.  77.  85.  84.  87.  81.  79.  80.  81.  81.  88.  82.  87.  81.
   85.  85.  85.  81.  89.  86.  93.  88.  87.  85.  85.  90.  81.  86.
   63.  65.  63.  62.  61.  61.  63.  60.  65.  64.  63.  61.]
 [250. 250. 250. 250. 250. 250. 250. 250. 250. 250. 250. 250. 250. 250.
  250. 250. 250. 250. 250. 250. 250. 250. 250. 250. 250. 250. 250. 250.
  200. 200. 200. 200. 200. 200. 200. 200. 200. 200. 200. 200.]
 [167. 189. 192. 197. 194. 198. 194. 199. 201. 199. 191. 198. 194. 199.
  198. 196. 196. 197. 197. 198. 196. 194. 197. 195. 193. 196. 193. 196.
  153. 153. 153. 149. 154. 153. 151. 155. 156. 154. 156. 153.]
 [162. 181. 189. 193. 194. 194. 197. 194. 196. 197. 194. 192. 198. 194.
  200. 193. 202. 198. 198. 197. 197. 198. 201. 198. 196. 203. 195. 199.
  157. 156. 157. 155. 155. 154. 155. 155. 152. 153. 156. 158.]]
##############################
[[ 62.  77.  85.  84.  87.  81.  79.  80.  81.  81.  88.  82.  87.  81.
   85.  85.  85.  81.  89.  86.  93.  88.  87.  85.  85.  90.  81.  86.
   84.  65.  63.  62.  61.  61.  63.  60.  65.  64.  63.  61.]
 [250. 250. 250. 250. 250. 250. 250. 250. 250. 250. 250. 250. 250. 250.
  250. 250. 250. 250. 250. 250. 250. 250. 250. 250. 250. 250. 250. 250.
  250. 200. 200. 200. 200. 200. 200. 200. 200. 200. 200. 200.]
 [167. 189. 192. 197. 194. 198. 194. 199. 201. 199. 191. 198. 194. 199.
  198. 196. 196. 197. 197. 198. 196. 194. 197. 195. 193. 196. 193. 196.
  195. 153. 153. 149. 154. 153. 151. 155. 156. 154. 156. 153.]
 [162. 181. 189. 193. 194. 194. 197. 194. 196. 197. 194. 192. 198. 194.
  200. 193. 202. 198. 198. 197. 197. 198. 201. 198. 196. 203. 195. 199.
  201. 156. 157. 155. 155. 154. 155. 155. 152. 153. 156. 158.]]
##############################
[[ 62.  77.  85.  84.  87.  81.  79.  80.  81.  81.  88.  82.  87.  81.
   85.  85.  85.  81.  89.  86.  93.  88.  87.  85.  85.  90.  81.  86.
   84.  86.  63.  62.  61.  61.  63.  60.  65.  64.  63.  61.]
 [250. 250. 250. 250. 250. 250. 250. 250. 250. 250. 250. 250. 250. 250.
  250. 250. 250. 250. 250. 250. 250. 250. 250. 250. 250. 250. 250. 250.
  250. 250. 200. 200. 200. 200. 200. 200. 200. 200. 200. 200.]
 [167. 189. 192. 197. 194. 198. 194. 199. 201. 199. 191. 198. 194. 199.
  198. 196. 196. 197. 197. 198. 196. 194. 197. 195. 193. 196. 193. 196.
  195. 195. 153. 149. 154. 153. 151. 155. 156. 154. 156. 153.]
 [162. 181. 189. 193. 194. 194. 197. 194. 196. 197. 194. 192. 198. 194.
  200. 193. 202. 198. 198. 197. 197. 198. 201. 198. 196. 203. 195. 199.
  201. 199. 157. 155. 155. 154. 155. 155. 152. 153. 156. 158.]]
##############################
[[ 62.  77.  85.  84.  87.  81.  79.  80.  81.  81.  88.  82.  87.  81.
   85.  85.  85.  81.  89.  86.  93.  88.  87.  85.  85.  90.  81.  86.
   84.  86.  85.  62.  61.  61.  63.  60.  65.  64.  63.  61.]
 [250. 250. 250. 250. 250. 250. 250. 250. 250. 250. 250. 250. 250. 250.
  250. 250. 250. 250. 250. 250. 250. 250. 250. 250. 250. 250. 250. 250.
  250. 250. 250. 200. 200. 200. 200. 200. 200. 200. 200. 200.]
 [167. 189. 192. 197. 194. 198. 194. 199. 201. 199. 191. 198. 194. 199.
  198. 196. 196. 197. 197. 198. 196. 194. 197. 195. 193. 196. 193. 196.
  195. 195. 195. 149. 154. 153. 151. 155. 156. 154. 156. 153.]
 [162. 181. 189. 193. 194. 194. 197. 194. 196. 197. 194. 192. 198. 194.
  200. 193. 202. 198. 198. 197. 197. 198. 201. 198. 196. 203. 195. 199.
  201. 199. 201. 155. 155. 154. 155. 155. 152. 153. 156. 158.]]
##############################
[[ 62.  77.  85.  84.  87.  81.  79.  80.  81.  81.  88.  82.  87.  81.
   85.  85.  85.  81.  89.  86.  93.  88.  87.  85.  85.  90.  81.  86.
   84.  86.  85.  83.  61.  61.  63.  60.  65.  64.  63.  61.]
 [250. 250. 250. 250. 250. 250. 250. 250. 250. 250. 250. 250. 250. 250.
  250. 250. 250. 250. 250. 250. 250. 250. 250. 250. 250. 250. 250. 250.
  250. 250. 250. 250. 200. 200. 200. 200. 200. 200. 200. 200.]
 [167. 189. 192. 197. 194. 198. 194. 199. 201. 199. 191. 198. 194. 199.
  198. 196. 196. 197. 197. 198. 196. 194. 197. 195. 193. 196. 193. 196.
  195. 195. 195. 190. 154. 153. 151. 155. 156. 154. 156. 153.]
 [162. 181. 189. 193. 194. 194. 197. 194. 196. 197. 194. 192. 198. 194.
  200. 193. 202. 198. 198. 197. 197. 198. 201. 198. 196. 203. 195. 199.
  201. 199. 201. 199. 155. 154. 155. 155. 152. 153. 156. 158.]]
##############################
[[ 62.  77.  85.  84.  87.  81.  79.  80.  81.  81.  88.  82.  87.  81.
   85.  85.  85.  81.  89.  86.  93.  88.  87.  85.  85.  90.  81.  86.
   84.  86.  85.  83.  82.  61.  63.  60.  65.  64.  63.  61.]
 [250. 250. 250. 250. 250. 250. 250. 250. 250. 250. 250. 250. 250. 250.
  250. 250. 250. 250. 250. 250. 250. 250. 250. 250. 250. 250. 250. 250.
  250. 250. 250. 250. 250. 200. 200. 200. 200. 200. 200. 200.]
 [167. 189. 192. 197. 194. 198. 194. 199. 201. 199. 191. 198. 194. 199.
  198. 196. 196. 197. 197. 198. 196. 194. 197. 195. 193. 196. 193. 196.
  195. 195. 195. 190. 196. 153. 151. 155. 156. 154. 156. 153.]
 [162. 181. 189. 193. 194. 194. 197. 194. 196. 197. 194. 192. 198. 194.
  200. 193. 202. 198. 198. 197. 197. 198. 201. 198. 196. 203. 195. 199.
  201. 199. 201. 199. 199. 154. 155. 155. 152. 153. 156. 158.]]
##############################
[[ 62.  77.  85.  84.  87.  81.  79.  80.  81.  81.  88.  82.  87.  81.
   85.  85.  85.  81.  89.  86.  93.  88.  87.  85.  85.  90.  81.  86.
   84.  86.  85.  83.  82.  81.  63.  60.  65.  64.  63.  61.]
 [250. 250. 250. 250. 250. 250. 250. 250. 250. 250. 250. 250. 250. 250.
  250. 250. 250. 250. 250. 250. 250. 250. 250. 250. 250. 250. 250. 250.
  250. 250. 250. 250. 250. 250. 200. 200. 200. 200. 200. 200.]
 [167. 189. 192. 197. 194. 198. 194. 199. 201. 199. 191. 198. 194. 199.
  198. 196. 196. 197. 197. 198. 196. 194. 197. 195. 193. 196. 193. 196.
  195. 195. 195. 190. 196. 194. 151. 155. 156. 154. 156. 153.]
 [162. 181. 189. 193. 194. 194. 197. 194. 196. 197. 194. 192. 198. 194.
  200. 193. 202. 198. 198. 197. 197. 198. 201. 198. 196. 203. 195. 199.
  201. 199. 201. 199. 199. 198. 155. 155. 152. 153. 156. 158.]]
##############################
[[ 62.  77.  85.  84.  87.  81.  79.  80.  81.  81.  88.  82.  87.  81.
   85.  85.  85.  81.  89.  86.  93.  88.  87.  85.  85.  90.  81.  86.
   84.  86.  85.  83.  82.  81.  84.  60.  65.  64.  63.  61.]
 [250. 250. 250. 250. 250. 250. 250. 250. 250. 250. 250. 250. 250. 250.
  250. 250. 250. 250. 250. 250. 250. 250. 250. 250. 250. 250. 250. 250.
  250. 250. 250. 250. 250. 250. 250. 200. 200. 200. 200. 200.]
 [167. 189. 192. 197. 194. 198. 194. 199. 201. 199. 191. 198. 194. 199.
  198. 196. 196. 197. 197. 198. 196. 194. 197. 195. 193. 196. 193. 196.
  195. 195. 195. 190. 196. 194. 194. 155. 156. 154. 156. 153.]
 [162. 181. 189. 193. 194. 194. 197. 194. 196. 197. 194. 192. 198. 194.
  200. 193. 202. 198. 198. 197. 197. 198. 201. 198. 196. 203. 195. 199.
  201. 199. 201. 199. 199. 198. 201. 155. 152. 153. 156. 158.]]
##############################
[[ 62.  77.  85.  84.  87.  81.  79.  80.  81.  81.  88.  82.  87.  81.
   85.  85.  85.  81.  89.  86.  93.  88.  87.  85.  85.  90.  81.  86.
   84.  86.  85.  83.  82.  81.  84.  79.  65.  64.  63.  61.]
 [250. 250. 250. 250. 250. 250. 250. 250. 250. 250. 250. 250. 250. 250.
  250. 250. 250. 250. 250. 250. 250. 250. 250. 250. 250. 250. 250. 250.
  250. 250. 250. 250. 250. 250. 250. 250. 200. 200. 200. 200.]
 [167. 189. 192. 197. 194. 198. 194. 199. 201. 199. 191. 198. 194. 199.
  198. 196. 196. 197. 197. 198. 196. 194. 197. 195. 193. 196. 193. 196.
  195. 195. 195. 190. 196. 194. 194. 197. 156. 154. 156. 153.]
 [162. 181. 189. 193. 194. 194. 197. 194. 196. 197. 194. 192. 198. 194.
  200. 193. 202. 198. 198. 197. 197. 198. 201. 198. 196. 203. 195. 199.
  201. 199. 201. 199. 199. 198. 201. 198. 152. 153. 156. 158.]]
##############################
[[ 62.  77.  85.  84.  87.  81.  79.  80.  81.  81.  88.  82.  87.  81.
   85.  85.  85.  81.  89.  86.  93.  88.  87.  85.  85.  90.  81.  86.
   84.  86.  85.  83.  82.  81.  84.  79.  86.  64.  63.  61.]
 [250. 250. 250. 250. 250. 250. 250. 250. 250. 250. 250. 250. 250. 250.
  250. 250. 250. 250. 250. 250. 250. 250. 250. 250. 250. 250. 250. 250.
  250. 250. 250. 250. 250. 250. 250. 250. 250. 200. 200. 200.]
 [167. 189. 192. 197. 194. 198. 194. 199. 201. 199. 191. 198. 194. 199.
  198. 196. 196. 197. 197. 198. 196. 194. 197. 195. 193. 196. 193. 196.
  195. 195. 195. 190. 196. 194. 194. 197. 198. 154. 156. 153.]
 [162. 181. 189. 193. 194. 194. 197. 194. 196. 197. 194. 192. 198. 194.
  200. 193. 202. 198. 198. 197. 197. 198. 201. 198. 196. 203. 195. 199.
  201. 199. 201. 199. 199. 198. 201. 198. 195. 153. 156. 158.]]
##############################
[[ 62.  77.  85.  84.  87.  81.  79.  80.  81.  81.  88.  82.  87.  81.
   85.  85.  85.  81.  89.  86.  93.  88.  87.  85.  85.  90.  81.  86.
   84.  86.  85.  83.  82.  81.  84.  79.  86.  83.  63.  61.]
 [250. 250. 250. 250. 250. 250. 250. 250. 250. 250. 250. 250. 250. 250.
  250. 250. 250. 250. 250. 250. 250. 250. 250. 250. 250. 250. 250. 250.
  250. 250. 250. 250. 250. 250. 250. 250. 250. 250. 200. 200.]
 [167. 189. 192. 197. 194. 198. 194. 199. 201. 199. 191. 198. 194. 199.
  198. 196. 196. 197. 197. 198. 196. 194. 197. 195. 193. 196. 193. 196.
  195. 195. 195. 190. 196. 194. 194. 197. 198. 196. 156. 153.]
 [162. 181. 189. 193. 194. 194. 197. 194. 196. 197. 194. 192. 198. 194.
  200. 193. 202. 198. 198. 197. 197. 198. 201. 198. 196. 203. 195. 199.
  201. 199. 201. 199. 199. 198. 201. 198. 195. 197. 156. 158.]]
##############################
[[ 62.  77.  85.  84.  87.  81.  79.  80.  81.  81.  88.  82.  87.  81.
   85.  85.  85.  81.  89.  86.  93.  88.  87.  85.  85.  90.  81.  86.
   84.  86.  85.  83.  82.  81.  84.  79.  86.  83.  84.  61.]
 [250. 250. 250. 250. 250. 250. 250. 250. 250. 250. 250. 250. 250. 250.
  250. 250. 250. 250. 250. 250. 250. 250. 250. 250. 250. 250. 250. 250.
  250. 250. 250. 250. 250. 250. 250. 250. 250. 250. 250. 200.]
 [167. 189. 192. 197. 194. 198. 194. 199. 201. 199. 191. 198. 194. 199.
  198. 196. 196. 197. 197. 198. 196. 194. 197. 195. 193. 196. 193. 196.
  195. 195. 195. 190. 196. 194. 194. 197. 198. 196. 198. 153.]
 [162. 181. 189. 193. 194. 194. 197. 194. 196. 197. 194. 192. 198. 194.
  200. 193. 202. 198. 198. 197. 197. 198. 201. 198. 196. 203. 195. 199.
  201. 199. 201. 199. 199. 198. 201. 198. 195. 197. 200. 158.]]
##############################
[[ 62.  77.  85.  84.  87.  81.  79.  80.  81.  81.  88.  82.  87.  81.
   85.  85.  85.  81.  89.  86.  93.  88.  87.  85.  85.  90.  81.  86.
   84.  86.  85.  83.  82.  81.  84.  79.  86.  83.  84.  81.]
 [250. 250. 250. 250. 250. 250. 250. 250. 250. 250. 250. 250. 250. 250.
  250. 250. 250. 250. 250. 250. 250. 250. 250. 250. 250. 250. 250. 250.
  250. 250. 250. 250. 250. 250. 250. 250. 250. 250. 250. 250.]
 [167. 189. 192. 197. 194. 198. 194. 199. 201. 199. 191. 198. 194. 199.
  198. 196. 196. 197. 197. 198. 196. 194. 197. 195. 193. 196. 193. 196.
  195. 195. 195. 190. 196. 194. 194. 197. 198. 196. 198. 195.]
 [162. 181. 189. 193. 194. 194. 197. 194. 196. 197. 194. 192. 198. 194.
  200. 193. 202. 198. 198. 197. 197. 198. 201. 198. 196. 203. 195. 199.
  201. 199. 201. 199. 199. 198. 201. 198. 195. 197. 200. 202.]]
##############################
##################################################
##################################################
starting :6 batch
[[ 74.  77.  85.  84.  87.  81.  79.  80.  81.  81.  88.  82.  87.  81.
   85.  85.  85.  81.  89.  86.  93.  88.  87.  85.  85.  90.  81.  86.
   84.  86.  85.  83.  82.  81.  84.  79.  86.  83.  84.  81.]
 [300. 250. 250. 250. 250. 250. 250. 250. 250. 250. 250. 250. 250. 250.
  250. 250. 250. 250. 250. 250. 250. 250. 250. 250. 250. 250. 250. 250.
  250. 250. 250. 250. 250. 250. 250. 250. 250. 250. 250. 250.]
 [200. 189. 192. 197. 194. 198. 194. 199. 201. 199. 191. 198. 194. 199.
  198. 196. 196. 197. 197. 198. 196. 194. 197. 195. 193. 196. 193. 196.
  195. 195. 195. 190. 196. 194. 194. 197. 198. 196. 198. 195.]
 [196. 181. 189. 193. 194. 194. 197. 194. 196. 197. 194. 192. 198. 194.
  200. 193. 202. 198. 198. 197. 197. 198. 201. 198. 196. 203. 195. 199.
  201. 199. 201. 199. 199. 198. 201. 198. 195. 197. 200. 202.]]
##############################
[[ 74.  92.  85.  84.  87.  81.  79.  80.  81.  81.  88.  82.  87.  81.
   85.  85.  85.  81.  89.  86.  93.  88.  87.  85.  85.  90.  81.  86.
   84.  86.  85.  83.  82.  81.  84.  79.  86.  83.  84.  81.]
 [300. 300. 250. 250. 250. 250. 250. 250. 250. 250. 250. 250. 250. 250.
  250. 250. 250. 250. 250. 250. 250. 250. 250. 250. 250. 250. 250. 250.
  250. 250. 250. 250. 250. 250. 250. 250. 250. 250. 250. 250.]
 [200. 224. 192. 197. 194. 198. 194. 199. 201. 199. 191. 198. 194. 199.
  198. 196. 196. 197. 197. 198. 196. 194. 197. 195. 193. 196. 193. 196.
  195. 195. 195. 190. 196. 194. 194. 197. 198. 196. 198. 195.]
 [196. 217. 189. 193. 194. 194. 197. 194. 196. 197. 194. 192. 198. 194.
  200. 193. 202. 198. 198. 197. 197. 198. 201. 198. 196. 203. 195. 199.
  201. 199. 201. 199. 199. 198. 201. 198. 195. 197. 200. 202.]]
##############################
[[ 74.  92.  99.  84.  87.  81.  79.  80.  81.  81.  88.  82.  87.  81.
   85.  85.  85.  81.  89.  86.  93.  88.  87.  85.  85.  90.  81.  86.
   84.  86.  85.  83.  82.  81.  84.  79.  86.  83.  84.  81.]
 [300. 300. 300. 250. 250. 250. 250. 250. 250. 250. 250. 250. 250. 250.
  250. 250. 250. 250. 250. 250. 250. 250. 250. 250. 250. 250. 250. 250.
  250. 250. 250. 250. 250. 250. 250. 250. 250. 250. 250. 250.]
 [200. 224. 230. 197. 194. 198. 194. 199. 201. 199. 191. 198. 194. 199.
  198. 196. 196. 197. 197. 198. 196. 194. 197. 195. 193. 196. 193. 196.
  195. 195. 195. 190. 196. 194. 194. 197. 198. 196. 198. 195.]
 [196. 217. 226. 193. 194. 194. 197. 194. 196. 197. 194. 192. 198. 194.
  200. 193. 202. 198. 198. 197. 197. 198. 201. 198. 196. 203. 195. 199.
  201. 199. 201. 199. 199. 198. 201. 198. 195. 197. 200. 202.]]
##############################
[[ 74.  92.  99. 100.  87.  81.  79.  80.  81.  81.  88.  82.  87.  81.
   85.  85.  85.  81.  89.  86.  93.  88.  87.  85.  85.  90.  81.  86.
   84.  86.  85.  83.  82.  81.  84.  79.  86.  83.  84.  81.]
 [300. 300. 300. 300. 250. 250. 250. 250. 250. 250. 250. 250. 250. 250.
  250. 250. 250. 250. 250. 250. 250. 250. 250. 250. 250. 250. 250. 250.
  250. 250. 250. 250. 250. 250. 250. 250. 250. 250. 250. 250.]
 [200. 224. 230. 236. 194. 198. 194. 199. 201. 199. 191. 198. 194. 199.
  198. 196. 196. 197. 197. 198. 196. 194. 197. 195. 193. 196. 193. 196.
  195. 195. 195. 190. 196. 194. 194. 197. 198. 196. 198. 195.]
 [196. 217. 226. 231. 194. 194. 197. 194. 196. 197. 194. 192. 198. 194.
  200. 193. 202. 198. 198. 197. 197. 198. 201. 198. 196. 203. 195. 199.
  201. 199. 201. 199. 199. 198. 201. 198. 195. 197. 200. 202.]]
##############################
[[ 74.  92.  99. 100. 102.  81.  79.  80.  81.  81.  88.  82.  87.  81.
   85.  85.  85.  81.  89.  86.  93.  88.  87.  85.  85.  90.  81.  86.
   84.  86.  85.  83.  82.  81.  84.  79.  86.  83.  84.  81.]
 [300. 300. 300. 300. 300. 250. 250. 250. 250. 250. 250. 250. 250. 250.
  250. 250. 250. 250. 250. 250. 250. 250. 250. 250. 250. 250. 250. 250.
  250. 250. 250. 250. 250. 250. 250. 250. 250. 250. 250. 250.]
 [200. 224. 230. 236. 232. 198. 194. 199. 201. 199. 191. 198. 194. 199.
  198. 196. 196. 197. 197. 198. 196. 194. 197. 195. 193. 196. 193. 196.
  195. 195. 195. 190. 196. 194. 194. 197. 198. 196. 198. 195.]
 [196. 217. 226. 231. 232. 194. 197. 194. 196. 197. 194. 192. 198. 194.
  200. 193. 202. 198. 198. 197. 197. 198. 201. 198. 196. 203. 195. 199.
  201. 199. 201. 199. 199. 198. 201. 198. 195. 197. 200. 202.]]
##############################
[[ 74.  92.  99. 100. 102.  95.  79.  80.  81.  81.  88.  82.  87.  81.
   85.  85.  85.  81.  89.  86.  93.  88.  87.  85.  85.  90.  81.  86.
   84.  86.  85.  83.  82.  81.  84.  79.  86.  83.  84.  81.]
 [300. 300. 300. 300. 300. 300. 250. 250. 250. 250. 250. 250. 250. 250.
  250. 250. 250. 250. 250. 250. 250. 250. 250. 250. 250. 250. 250. 250.
  250. 250. 250. 250. 250. 250. 250. 250. 250. 250. 250. 250.]
 [200. 224. 230. 236. 232. 237. 194. 199. 201. 199. 191. 198. 194. 199.
  198. 196. 196. 197. 197. 198. 196. 194. 197. 195. 193. 196. 193. 196.
  195. 195. 195. 190. 196. 194. 194. 197. 198. 196. 198. 195.]
 [196. 217. 226. 231. 232. 233. 197. 194. 196. 197. 194. 192. 198. 194.
  200. 193. 202. 198. 198. 197. 197. 198. 201. 198. 196. 203. 195. 199.
  201. 199. 201. 199. 199. 198. 201. 198. 195. 197. 200. 202.]]
##############################
[[ 74.  92.  99. 100. 102.  95.  93.  80.  81.  81.  88.  82.  87.  81.
   85.  85.  85.  81.  89.  86.  93.  88.  87.  85.  85.  90.  81.  86.
   84.  86.  85.  83.  82.  81.  84.  79.  86.  83.  84.  81.]
 [300. 300. 300. 300. 300. 300. 300. 250. 250. 250. 250. 250. 250. 250.
  250. 250. 250. 250. 250. 250. 250. 250. 250. 250. 250. 250. 250. 250.
  250. 250. 250. 250. 250. 250. 250. 250. 250. 250. 250. 250.]
 [200. 224. 230. 236. 232. 237. 234. 199. 201. 199. 191. 198. 194. 199.
  198. 196. 196. 197. 197. 198. 196. 194. 197. 195. 193. 196. 193. 196.
  195. 195. 195. 190. 196. 194. 194. 197. 198. 196. 198. 195.]
 [196. 217. 226. 231. 232. 233. 237. 194. 196. 197. 194. 192. 198. 194.
  200. 193. 202. 198. 198. 197. 197. 198. 201. 198. 196. 203. 195. 199.
  201. 199. 201. 199. 199. 198. 201. 198. 195. 197. 200. 202.]]
##############################
[[ 74.  92.  99. 100. 102.  95.  93.  95.  81.  81.  88.  82.  87.  81.
   85.  85.  85.  81.  89.  86.  93.  88.  87.  85.  85.  90.  81.  86.
   84.  86.  85.  83.  82.  81.  84.  79.  86.  83.  84.  81.]
 [300. 300. 300. 300. 300. 300. 300. 300. 250. 250. 250. 250. 250. 250.
  250. 250. 250. 250. 250. 250. 250. 250. 250. 250. 250. 250. 250. 250.
  250. 250. 250. 250. 250. 250. 250. 250. 250. 250. 250. 250.]
 [200. 224. 230. 236. 232. 237. 234. 240. 201. 199. 191. 198. 194. 199.
  198. 196. 196. 197. 197. 198. 196. 194. 197. 195. 193. 196. 193. 196.
  195. 195. 195. 190. 196. 194. 194. 197. 198. 196. 198. 195.]
 [196. 217. 226. 231. 232. 233. 237. 236. 196. 197. 194. 192. 198. 194.
  200. 193. 202. 198. 198. 197. 197. 198. 201. 198. 196. 203. 195. 199.
  201. 199. 201. 199. 199. 198. 201. 198. 195. 197. 200. 202.]]
##############################
[[ 74.  92.  99. 100. 102.  95.  93.  95.  97.  81.  88.  82.  87.  81.
   85.  85.  85.  81.  89.  86.  93.  88.  87.  85.  85.  90.  81.  86.
   84.  86.  85.  83.  82.  81.  84.  79.  86.  83.  84.  81.]
 [300. 300. 300. 300. 300. 300. 300. 300. 300. 250. 250. 250. 250. 250.
  250. 250. 250. 250. 250. 250. 250. 250. 250. 250. 250. 250. 250. 250.
  250. 250. 250. 250. 250. 250. 250. 250. 250. 250. 250. 250.]
 [200. 224. 230. 236. 232. 237. 234. 240. 241. 199. 191. 198. 194. 199.
  198. 196. 196. 197. 197. 198. 196. 194. 197. 195. 193. 196. 193. 196.
  195. 195. 195. 190. 196. 194. 194. 197. 198. 196. 198. 195.]
 [196. 217. 226. 231. 232. 233. 237. 236. 237. 197. 194. 192. 198. 194.
  200. 193. 202. 198. 198. 197. 197. 198. 201. 198. 196. 203. 195. 199.
  201. 199. 201. 199. 199. 198. 201. 198. 195. 197. 200. 202.]]
##############################
[[ 74.  92.  99. 100. 102.  95.  93.  95.  97.  96.  88.  82.  87.  81.
   85.  85.  85.  81.  89.  86.  93.  88.  87.  85.  85.  90.  81.  86.
   84.  86.  85.  83.  82.  81.  84.  79.  86.  83.  84.  81.]
 [300. 300. 300. 300. 300. 300. 300. 300. 300. 300. 250. 250. 250. 250.
  250. 250. 250. 250. 250. 250. 250. 250. 250. 250. 250. 250. 250. 250.
  250. 250. 250. 250. 250. 250. 250. 250. 250. 250. 250. 250.]
 [200. 224. 230. 236. 232. 237. 234. 240. 241. 238. 191. 198. 194. 199.
  198. 196. 196. 197. 197. 198. 196. 194. 197. 195. 193. 196. 193. 196.
  195. 195. 195. 190. 196. 194. 194. 197. 198. 196. 198. 195.]
 [196. 217. 226. 231. 232. 233. 237. 236. 237. 238. 194. 192. 198. 194.
  200. 193. 202. 198. 198. 197. 197. 198. 201. 198. 196. 203. 195. 199.
  201. 199. 201. 199. 199. 198. 201. 198. 195. 197. 200. 202.]]
##############################
[[ 74.  92.  99. 100. 102.  95.  93.  95.  97.  96. 103.  82.  87.  81.
   85.  85.  85.  81.  89.  86.  93.  88.  87.  85.  85.  90.  81.  86.
   84.  86.  85.  83.  82.  81.  84.  79.  86.  83.  84.  81.]
 [300. 300. 300. 300. 300. 300. 300. 300. 300. 300. 300. 250. 250. 250.
  250. 250. 250. 250. 250. 250. 250. 250. 250. 250. 250. 250. 250. 250.
  250. 250. 250. 250. 250. 250. 250. 250. 250. 250. 250. 250.]
 [200. 224. 230. 236. 232. 237. 234. 240. 241. 238. 230. 198. 194. 199.
  198. 196. 196. 197. 197. 198. 196. 194. 197. 195. 193. 196. 193. 196.
  195. 195. 195. 190. 196. 194. 194. 197. 198. 196. 198. 195.]
 [196. 217. 226. 231. 232. 233. 237. 236. 237. 238. 235. 192. 198. 194.
  200. 193. 202. 198. 198. 197. 197. 198. 201. 198. 196. 203. 195. 199.
  201. 199. 201. 199. 199. 198. 201. 198. 195. 197. 200. 202.]]
##############################
[[ 74.  92.  99. 100. 102.  95.  93.  95.  97.  96. 103.  98.  87.  81.
   85.  85.  85.  81.  89.  86.  93.  88.  87.  85.  85.  90.  81.  86.
   84.  86.  85.  83.  82.  81.  84.  79.  86.  83.  84.  81.]
 [300. 300. 300. 300. 300. 300. 300. 300. 300. 300. 300. 300. 250. 250.
  250. 250. 250. 250. 250. 250. 250. 250. 250. 250. 250. 250. 250. 250.
  250. 250. 250. 250. 250. 250. 250. 250. 250. 250. 250. 250.]
 [200. 224. 230. 236. 232. 237. 234. 240. 241. 238. 230. 238. 194. 199.
  198. 196. 196. 197. 197. 198. 196. 194. 197. 195. 193. 196. 193. 196.
  195. 195. 195. 190. 196. 194. 194. 197. 198. 196. 198. 195.]
 [196. 217. 226. 231. 232. 233. 237. 236. 237. 238. 235. 234. 198. 194.
  200. 193. 202. 198. 198. 197. 197. 198. 201. 198. 196. 203. 195. 199.
  201. 199. 201. 199. 199. 198. 201. 198. 195. 197. 200. 202.]]
##############################
[[ 74.  92.  99. 100. 102.  95.  93.  95.  97.  96. 103.  98. 101.  81.
   85.  85.  85.  81.  89.  86.  93.  88.  87.  85.  85.  90.  81.  86.
   84.  86.  85.  83.  82.  81.  84.  79.  86.  83.  84.  81.]
 [300. 300. 300. 300. 300. 300. 300. 300. 300. 300. 300. 300. 300. 250.
  250. 250. 250. 250. 250. 250. 250. 250. 250. 250. 250. 250. 250. 250.
  250. 250. 250. 250. 250. 250. 250. 250. 250. 250. 250. 250.]
 [200. 224. 230. 236. 232. 237. 234. 240. 241. 238. 230. 238. 233. 199.
  198. 196. 196. 197. 197. 198. 196. 194. 197. 195. 193. 196. 193. 196.
  195. 195. 195. 190. 196. 194. 194. 197. 198. 196. 198. 195.]
 [196. 217. 226. 231. 232. 233. 237. 236. 237. 238. 235. 234. 239. 194.
  200. 193. 202. 198. 198. 197. 197. 198. 201. 198. 196. 203. 195. 199.
  201. 199. 201. 199. 199. 198. 201. 198. 195. 197. 200. 202.]]
##############################
[[ 74.  92.  99. 100. 102.  95.  93.  95.  97.  96. 103.  98. 101.  96.
   85.  85.  85.  81.  89.  86.  93.  88.  87.  85.  85.  90.  81.  86.
   84.  86.  85.  83.  82.  81.  84.  79.  86.  83.  84.  81.]
 [300. 300. 300. 300. 300. 300. 300. 300. 300. 300. 300. 300. 300. 300.
  250. 250. 250. 250. 250. 250. 250. 250. 250. 250. 250. 250. 250. 250.
  250. 250. 250. 250. 250. 250. 250. 250. 250. 250. 250. 250.]
 [200. 224. 230. 236. 232. 237. 234. 240. 241. 238. 230. 238. 233. 236.
  198. 196. 196. 197. 197. 198. 196. 194. 197. 195. 193. 196. 193. 196.
  195. 195. 195. 190. 196. 194. 194. 197. 198. 196. 198. 195.]
 [196. 217. 226. 231. 232. 233. 237. 236. 237. 238. 235. 234. 239. 236.
  200. 193. 202. 198. 198. 197. 197. 198. 201. 198. 196. 203. 195. 199.
  201. 199. 201. 199. 199. 198. 201. 198. 195. 197. 200. 202.]]
##############################
[[ 74.  92.  99. 100. 102.  95.  93.  95.  97.  96. 103.  98. 101.  96.
   99.  85.  85.  81.  89.  86.  93.  88.  87.  85.  85.  90.  81.  86.
   84.  86.  85.  83.  82.  81.  84.  79.  86.  83.  84.  81.]
 [300. 300. 300. 300. 300. 300. 300. 300. 300. 300. 300. 300. 300. 300.
  300. 250. 250. 250. 250. 250. 250. 250. 250. 250. 250. 250. 250. 250.
  250. 250. 250. 250. 250. 250. 250. 250. 250. 250. 250. 250.]
 [200. 224. 230. 236. 232. 237. 234. 240. 241. 238. 230. 238. 233. 236.
  236. 196. 196. 197. 197. 198. 196. 194. 197. 195. 193. 196. 193. 196.
  195. 195. 195. 190. 196. 194. 194. 197. 198. 196. 198. 195.]
 [196. 217. 226. 231. 232. 233. 237. 236. 237. 238. 235. 234. 239. 236.
  242. 193. 202. 198. 198. 197. 197. 198. 201. 198. 196. 203. 195. 199.
  201. 199. 201. 199. 199. 198. 201. 198. 195. 197. 200. 202.]]
##############################
[[ 74.  92.  99. 100. 102.  95.  93.  95.  97.  96. 103.  98. 101.  96.
   99.  99.  85.  81.  89.  86.  93.  88.  87.  85.  85.  90.  81.  86.
   84.  86.  85.  83.  82.  81.  84.  79.  86.  83.  84.  81.]
 [300. 300. 300. 300. 300. 300. 300. 300. 300. 300. 300. 300. 300. 300.
  300. 300. 250. 250. 250. 250. 250. 250. 250. 250. 250. 250. 250. 250.
  250. 250. 250. 250. 250. 250. 250. 250. 250. 250. 250. 250.]
 [200. 224. 230. 236. 232. 237. 234. 240. 241. 238. 230. 238. 233. 236.
  236. 236. 196. 197. 197. 198. 196. 194. 197. 195. 193. 196. 193. 196.
  195. 195. 195. 190. 196. 194. 194. 197. 198. 196. 198. 195.]
 [196. 217. 226. 231. 232. 233. 237. 236. 237. 238. 235. 234. 239. 236.
  242. 236. 202. 198. 198. 197. 197. 198. 201. 198. 196. 203. 195. 199.
  201. 199. 201. 199. 199. 198. 201. 198. 195. 197. 200. 202.]]
##############################
[[ 74.  92.  99. 100. 102.  95.  93.  95.  97.  96. 103.  98. 101.  96.
   99.  99.  99.  81.  89.  86.  93.  88.  87.  85.  85.  90.  81.  86.
   84.  86.  85.  83.  82.  81.  84.  79.  86.  83.  84.  81.]
 [300. 300. 300. 300. 300. 300. 300. 300. 300. 300. 300. 300. 300. 300.
  300. 300. 300. 250. 250. 250. 250. 250. 250. 250. 250. 250. 250. 250.
  250. 250. 250. 250. 250. 250. 250. 250. 250. 250. 250. 250.]
 [200. 224. 230. 236. 232. 237. 234. 240. 241. 238. 230. 238. 233. 236.
  236. 236. 234. 197. 197. 198. 196. 194. 197. 195. 193. 196. 193. 196.
  195. 195. 195. 190. 196. 194. 194. 197. 198. 196. 198. 195.]
 [196. 217. 226. 231. 232. 233. 237. 236. 237. 238. 235. 234. 239. 236.
  242. 236. 245. 198. 198. 197. 197. 198. 201. 198. 196. 203. 195. 199.
  201. 199. 201. 199. 199. 198. 201. 198. 195. 197. 200. 202.]]
##############################
[[ 74.  92.  99. 100. 102.  95.  93.  95.  97.  96. 103.  98. 101.  96.
   99.  99.  99.  97.  89.  86.  93.  88.  87.  85.  85.  90.  81.  86.
   84.  86.  85.  83.  82.  81.  84.  79.  86.  83.  84.  81.]
 [300. 300. 300. 300. 300. 300. 300. 300. 300. 300. 300. 300. 300. 300.
  300. 300. 300. 300. 250. 250. 250. 250. 250. 250. 250. 250. 250. 250.
  250. 250. 250. 250. 250. 250. 250. 250. 250. 250. 250. 250.]
 [200. 224. 230. 236. 232. 237. 234. 240. 241. 238. 230. 238. 233. 236.
  236. 236. 234. 235. 197. 198. 196. 194. 197. 195. 193. 196. 193. 196.
  195. 195. 195. 190. 196. 194. 194. 197. 198. 196. 198. 195.]
 [196. 217. 226. 231. 232. 233. 237. 236. 237. 238. 235. 234. 239. 236.
  242. 236. 245. 240. 198. 197. 197. 198. 201. 198. 196. 203. 195. 199.
  201. 199. 201. 199. 199. 198. 201. 198. 195. 197. 200. 202.]]
##############################
[[ 74.  92.  99. 100. 102.  95.  93.  95.  97.  96. 103.  98. 101.  96.
   99.  99.  99.  97. 103.  86.  93.  88.  87.  85.  85.  90.  81.  86.
   84.  86.  85.  83.  82.  81.  84.  79.  86.  83.  84.  81.]
 [300. 300. 300. 300. 300. 300. 300. 300. 300. 300. 300. 300. 300. 300.
  300. 300. 300. 300. 300. 250. 250. 250. 250. 250. 250. 250. 250. 250.
  250. 250. 250. 250. 250. 250. 250. 250. 250. 250. 250. 250.]
 [200. 224. 230. 236. 232. 237. 234. 240. 241. 238. 230. 238. 233. 236.
  236. 236. 234. 235. 237. 198. 196. 194. 197. 195. 193. 196. 193. 196.
  195. 195. 195. 190. 196. 194. 194. 197. 198. 196. 198. 195.]
 [196. 217. 226. 231. 232. 233. 237. 236. 237. 238. 235. 234. 239. 236.
  242. 236. 245. 240. 241. 197. 197. 198. 201. 198. 196. 203. 195. 199.
  201. 199. 201. 199. 199. 198. 201. 198. 195. 197. 200. 202.]]
##############################
[[ 74.  92.  99. 100. 102.  95.  93.  95.  97.  96. 103.  98. 101.  96.
   99.  99.  99.  97. 103. 100.  93.  88.  87.  85.  85.  90.  81.  86.
   84.  86.  85.  83.  82.  81.  84.  79.  86.  83.  84.  81.]
 [300. 300. 300. 300. 300. 300. 300. 300. 300. 300. 300. 300. 300. 300.
  300. 300. 300. 300. 300. 300. 250. 250. 250. 250. 250. 250. 250. 250.
  250. 250. 250. 250. 250. 250. 250. 250. 250. 250. 250. 250.]
 [200. 224. 230. 236. 232. 237. 234. 240. 241. 238. 230. 238. 233. 236.
  236. 236. 234. 235. 237. 236. 196. 194. 197. 195. 193. 196. 193. 196.
  195. 195. 195. 190. 196. 194. 194. 197. 198. 196. 198. 195.]
 [196. 217. 226. 231. 232. 233. 237. 236. 237. 238. 235. 234. 239. 236.
  242. 236. 245. 240. 241. 239. 197. 198. 201. 198. 196. 203. 195. 199.
  201. 199. 201. 199. 199. 198. 201. 198. 195. 197. 200. 202.]]
##############################
[[ 74.  92.  99. 100. 102.  95.  93.  95.  97.  96. 103.  98. 101.  96.
   99.  99.  99.  97. 103. 100. 108.  88.  87.  85.  85.  90.  81.  86.
   84.  86.  85.  83.  82.  81.  84.  79.  86.  83.  84.  81.]
 [300. 300. 300. 300. 300. 300. 300. 300. 300. 300. 300. 300. 300. 300.
  300. 300. 300. 300. 300. 300. 300. 250. 250. 250. 250. 250. 250. 250.
  250. 250. 250. 250. 250. 250. 250. 250. 250. 250. 250. 250.]
 [200. 224. 230. 236. 232. 237. 234. 240. 241. 238. 230. 238. 233. 236.
  236. 236. 234. 235. 237. 236. 234. 194. 197. 195. 193. 196. 193. 196.
  195. 195. 195. 190. 196. 194. 194. 197. 198. 196. 198. 195.]
 [196. 217. 226. 231. 232. 233. 237. 236. 237. 238. 235. 234. 239. 236.
  242. 236. 245. 240. 241. 239. 239. 198. 201. 198. 196. 203. 195. 199.
  201. 199. 201. 199. 199. 198. 201. 198. 195. 197. 200. 202.]]
##############################
[[ 74.  92.  99. 100. 102.  95.  93.  95.  97.  96. 103.  98. 101.  96.
   99.  99.  99.  97. 103. 100. 108. 103.  87.  85.  85.  90.  81.  86.
   84.  86.  85.  83.  82.  81.  84.  79.  86.  83.  84.  81.]
 [300. 300. 300. 300. 300. 300. 300. 300. 300. 300. 300. 300. 300. 300.
  300. 300. 300. 300. 300. 300. 300. 300. 250. 250. 250. 250. 250. 250.
  250. 250. 250. 250. 250. 250. 250. 250. 250. 250. 250. 250.]
 [200. 224. 230. 236. 232. 237. 234. 240. 241. 238. 230. 238. 233. 236.
  236. 236. 234. 235. 237. 236. 234. 233. 197. 195. 193. 196. 193. 196.
  195. 195. 195. 190. 196. 194. 194. 197. 198. 196. 198. 195.]
 [196. 217. 226. 231. 232. 233. 237. 236. 237. 238. 235. 234. 239. 236.
  242. 236. 245. 240. 241. 239. 239. 238. 201. 198. 196. 203. 195. 199.
  201. 199. 201. 199. 199. 198. 201. 198. 195. 197. 200. 202.]]
##############################
[[ 74.  92.  99. 100. 102.  95.  93.  95.  97.  96. 103.  98. 101.  96.
   99.  99.  99.  97. 103. 100. 108. 103. 103.  85.  85.  90.  81.  86.
   84.  86.  85.  83.  82.  81.  84.  79.  86.  83.  84.  81.]
 [300. 300. 300. 300. 300. 300. 300. 300. 300. 300. 300. 300. 300. 300.
  300. 300. 300. 300. 300. 300. 300. 300. 300. 250. 250. 250. 250. 250.
  250. 250. 250. 250. 250. 250. 250. 250. 250. 250. 250. 250.]
 [200. 224. 230. 236. 232. 237. 234. 240. 241. 238. 230. 238. 233. 236.
  236. 236. 234. 235. 237. 236. 234. 233. 236. 195. 193. 196. 193. 196.
  195. 195. 195. 190. 196. 194. 194. 197. 198. 196. 198. 195.]
 [196. 217. 226. 231. 232. 233. 237. 236. 237. 238. 235. 234. 239. 236.
  242. 236. 245. 240. 241. 239. 239. 238. 243. 198. 196. 203. 195. 199.
  201. 199. 201. 199. 199. 198. 201. 198. 195. 197. 200. 202.]]
##############################
[[ 74.  92.  99. 100. 102.  95.  93.  95.  97.  96. 103.  98. 101.  96.
   99.  99.  99.  97. 103. 100. 108. 103. 103. 100.  85.  90.  81.  86.
   84.  86.  85.  83.  82.  81.  84.  79.  86.  83.  84.  81.]
 [300. 300. 300. 300. 300. 300. 300. 300. 300. 300. 300. 300. 300. 300.
  300. 300. 300. 300. 300. 300. 300. 300. 300. 300. 250. 250. 250. 250.
  250. 250. 250. 250. 250. 250. 250. 250. 250. 250. 250. 250.]
 [200. 224. 230. 236. 232. 237. 234. 240. 241. 238. 230. 238. 233. 236.
  236. 236. 234. 235. 237. 236. 234. 233. 236. 235. 193. 196. 193. 196.
  195. 195. 195. 190. 196. 194. 194. 197. 198. 196. 198. 195.]
 [196. 217. 226. 231. 232. 233. 237. 236. 237. 238. 235. 234. 239. 236.
  242. 236. 245. 240. 241. 239. 239. 238. 243. 240. 196. 203. 195. 199.
  201. 199. 201. 199. 199. 198. 201. 198. 195. 197. 200. 202.]]
##############################
[[ 74.  92.  99. 100. 102.  95.  93.  95.  97.  96. 103.  98. 101.  96.
   99.  99.  99.  97. 103. 100. 108. 103. 103. 100. 100.  90.  81.  86.
   84.  86.  85.  83.  82.  81.  84.  79.  86.  83.  84.  81.]
 [300. 300. 300. 300. 300. 300. 300. 300. 300. 300. 300. 300. 300. 300.
  300. 300. 300. 300. 300. 300. 300. 300. 300. 300. 300. 250. 250. 250.
  250. 250. 250. 250. 250. 250. 250. 250. 250. 250. 250. 250.]
 [200. 224. 230. 236. 232. 237. 234. 240. 241. 238. 230. 238. 233. 236.
  236. 236. 234. 235. 237. 236. 234. 233. 236. 235. 232. 196. 193. 196.
  195. 195. 195. 190. 196. 194. 194. 197. 198. 196. 198. 195.]
 [196. 217. 226. 231. 232. 233. 237. 236. 237. 238. 235. 234. 239. 236.
  242. 236. 245. 240. 241. 239. 239. 238. 243. 240. 237. 203. 195. 199.
  201. 199. 201. 199. 199. 198. 201. 198. 195. 197. 200. 202.]]
##############################
[[ 74.  92.  99. 100. 102.  95.  93.  95.  97.  96. 103.  98. 101.  96.
   99.  99.  99.  97. 103. 100. 108. 103. 103. 100. 100. 104.  81.  86.
   84.  86.  85.  83.  82.  81.  84.  79.  86.  83.  84.  81.]
 [300. 300. 300. 300. 300. 300. 300. 300. 300. 300. 300. 300. 300. 300.
  300. 300. 300. 300. 300. 300. 300. 300. 300. 300. 300. 300. 250. 250.
  250. 250. 250. 250. 250. 250. 250. 250. 250. 250. 250. 250.]
 [200. 224. 230. 236. 232. 237. 234. 240. 241. 238. 230. 238. 233. 236.
  236. 236. 234. 235. 237. 236. 234. 233. 236. 235. 232. 235. 193. 196.
  195. 195. 195. 190. 196. 194. 194. 197. 198. 196. 198. 195.]
 [196. 217. 226. 231. 232. 233. 237. 236. 237. 238. 235. 234. 239. 236.
  242. 236. 245. 240. 241. 239. 239. 238. 243. 240. 237. 243. 195. 199.
  201. 199. 201. 199. 199. 198. 201. 198. 195. 197. 200. 202.]]
##############################
[[ 74.  92.  99. 100. 102.  95.  93.  95.  97.  96. 103.  98. 101.  96.
   99.  99.  99.  97. 103. 100. 108. 103. 103. 100. 100. 104.  95.  86.
   84.  86.  85.  83.  82.  81.  84.  79.  86.  83.  84.  81.]
 [300. 300. 300. 300. 300. 300. 300. 300. 300. 300. 300. 300. 300. 300.
  300. 300. 300. 300. 300. 300. 300. 300. 300. 300. 300. 300. 300. 250.
  250. 250. 250. 250. 250. 250. 250. 250. 250. 250. 250. 250.]
 [200. 224. 230. 236. 232. 237. 234. 240. 241. 238. 230. 238. 233. 236.
  236. 236. 234. 235. 237. 236. 234. 233. 236. 235. 232. 235. 233. 196.
  195. 195. 195. 190. 196. 194. 194. 197. 198. 196. 198. 195.]
 [196. 217. 226. 231. 232. 233. 237. 236. 237. 238. 235. 234. 239. 236.
  242. 236. 245. 240. 241. 239. 239. 238. 243. 240. 237. 243. 237. 199.
  201. 199. 201. 199. 199. 198. 201. 198. 195. 197. 200. 202.]]
##############################
[[ 74.  92.  99. 100. 102.  95.  93.  95.  97.  96. 103.  98. 101.  96.
   99.  99.  99.  97. 103. 100. 108. 103. 103. 100. 100. 104.  95. 100.
   84.  86.  85.  83.  82.  81.  84.  79.  86.  83.  84.  81.]
 [300. 300. 300. 300. 300. 300. 300. 300. 300. 300. 300. 300. 300. 300.
  300. 300. 300. 300. 300. 300. 300. 300. 300. 300. 300. 300. 300. 300.
  250. 250. 250. 250. 250. 250. 250. 250. 250. 250. 250. 250.]
 [200. 224. 230. 236. 232. 237. 234. 240. 241. 238. 230. 238. 233. 236.
  236. 236. 234. 235. 237. 236. 234. 233. 236. 235. 232. 235. 233. 233.
  195. 195. 195. 190. 196. 194. 194. 197. 198. 196. 198. 195.]
 [196. 217. 226. 231. 232. 233. 237. 236. 237. 238. 235. 234. 239. 236.
  242. 236. 245. 240. 241. 239. 239. 238. 243. 240. 237. 243. 237. 240.
  201. 199. 201. 199. 199. 198. 201. 198. 195. 197. 200. 202.]]
##############################
[[ 74.  92.  99. 100. 102.  95.  93.  95.  97.  96. 103.  98. 101.  96.
   99.  99.  99.  97. 103. 100. 108. 103. 103. 100. 100. 104.  95. 100.
   98.  86.  85.  83.  82.  81.  84.  79.  86.  83.  84.  81.]
 [300. 300. 300. 300. 300. 300. 300. 300. 300. 300. 300. 300. 300. 300.
  300. 300. 300. 300. 300. 300. 300. 300. 300. 300. 300. 300. 300. 300.
  300. 250. 250. 250. 250. 250. 250. 250. 250. 250. 250. 250.]
 [200. 224. 230. 236. 232. 237. 234. 240. 241. 238. 230. 238. 233. 236.
  236. 236. 234. 235. 237. 236. 234. 233. 236. 235. 232. 235. 233. 233.
  234. 195. 195. 190. 196. 194. 194. 197. 198. 196. 198. 195.]
 [196. 217. 226. 231. 232. 233. 237. 236. 237. 238. 235. 234. 239. 236.
  242. 236. 245. 240. 241. 239. 239. 238. 243. 240. 237. 243. 237. 240.
  241. 199. 201. 199. 199. 198. 201. 198. 195. 197. 200. 202.]]
##############################
[[ 74.  92.  99. 100. 102.  95.  93.  95.  97.  96. 103.  98. 101.  96.
   99.  99.  99.  97. 103. 100. 108. 103. 103. 100. 100. 104.  95. 100.
   98. 100.  85.  83.  82.  81.  84.  79.  86.  83.  84.  81.]
 [300. 300. 300. 300. 300. 300. 300. 300. 300. 300. 300. 300. 300. 300.
  300. 300. 300. 300. 300. 300. 300. 300. 300. 300. 300. 300. 300. 300.
  300. 300. 250. 250. 250. 250. 250. 250. 250. 250. 250. 250.]
 [200. 224. 230. 236. 232. 237. 234. 240. 241. 238. 230. 238. 233. 236.
  236. 236. 234. 235. 237. 236. 234. 233. 236. 235. 232. 235. 233. 233.
  234. 235. 195. 190. 196. 194. 194. 197. 198. 196. 198. 195.]
 [196. 217. 226. 231. 232. 233. 237. 236. 237. 238. 235. 234. 239. 236.
  242. 236. 245. 240. 241. 239. 239. 238. 243. 240. 237. 243. 237. 240.
  241. 239. 201. 199. 199. 198. 201. 198. 195. 197. 200. 202.]]
##############################
[[ 74.  92.  99. 100. 102.  95.  93.  95.  97.  96. 103.  98. 101.  96.
   99.  99.  99.  97. 103. 100. 108. 103. 103. 100. 100. 104.  95. 100.
   98. 100.  99.  83.  82.  81.  84.  79.  86.  83.  84.  81.]
 [300. 300. 300. 300. 300. 300. 300. 300. 300. 300. 300. 300. 300. 300.
  300. 300. 300. 300. 300. 300. 300. 300. 300. 300. 300. 300. 300. 300.
  300. 300. 300. 250. 250. 250. 250. 250. 250. 250. 250. 250.]
 [200. 224. 230. 236. 232. 237. 234. 240. 241. 238. 230. 238. 233. 236.
  236. 236. 234. 235. 237. 236. 234. 233. 236. 235. 232. 235. 233. 233.
  234. 235. 235. 190. 196. 194. 194. 197. 198. 196. 198. 195.]
 [196. 217. 226. 231. 232. 233. 237. 236. 237. 238. 235. 234. 239. 236.
  242. 236. 245. 240. 241. 239. 239. 238. 243. 240. 237. 243. 237. 240.
  241. 239. 240. 199. 199. 198. 201. 198. 195. 197. 200. 202.]]
##############################
[[ 74.  92.  99. 100. 102.  95.  93.  95.  97.  96. 103.  98. 101.  96.
   99.  99.  99.  97. 103. 100. 108. 103. 103. 100. 100. 104.  95. 100.
   98. 100.  99.  97.  82.  81.  84.  79.  86.  83.  84.  81.]
 [300. 300. 300. 300. 300. 300. 300. 300. 300. 300. 300. 300. 300. 300.
  300. 300. 300. 300. 300. 300. 300. 300. 300. 300. 300. 300. 300. 300.
  300. 300. 300. 300. 250. 250. 250. 250. 250. 250. 250. 250.]
 [200. 224. 230. 236. 232. 237. 234. 240. 241. 238. 230. 238. 233. 236.
  236. 236. 234. 235. 237. 236. 234. 233. 236. 235. 232. 235. 233. 233.
  234. 235. 235. 229. 196. 194. 194. 197. 198. 196. 198. 195.]
 [196. 217. 226. 231. 232. 233. 237. 236. 237. 238. 235. 234. 239. 236.
  242. 236. 245. 240. 241. 239. 239. 238. 243. 240. 237. 243. 237. 240.
  241. 239. 240. 240. 199. 198. 201. 198. 195. 197. 200. 202.]]
##############################
[[ 74.  92.  99. 100. 102.  95.  93.  95.  97.  96. 103.  98. 101.  96.
   99.  99.  99.  97. 103. 100. 108. 103. 103. 100. 100. 104.  95. 100.
   98. 100.  99.  97.  96.  81.  84.  79.  86.  83.  84.  81.]
 [300. 300. 300. 300. 300. 300. 300. 300. 300. 300. 300. 300. 300. 300.
  300. 300. 300. 300. 300. 300. 300. 300. 300. 300. 300. 300. 300. 300.
  300. 300. 300. 300. 300. 250. 250. 250. 250. 250. 250. 250.]
 [200. 224. 230. 236. 232. 237. 234. 240. 241. 238. 230. 238. 233. 236.
  236. 236. 234. 235. 237. 236. 234. 233. 236. 235. 232. 235. 233. 233.
  234. 235. 235. 229. 236. 194. 194. 197. 198. 196. 198. 195.]
 [196. 217. 226. 231. 232. 233. 237. 236. 237. 238. 235. 234. 239. 236.
  242. 236. 245. 240. 241. 239. 239. 238. 243. 240. 237. 243. 237. 240.
  241. 239. 240. 240. 239. 198. 201. 198. 195. 197. 200. 202.]]
##############################
[[ 74.  92.  99. 100. 102.  95.  93.  95.  97.  96. 103.  98. 101.  96.
   99.  99.  99.  97. 103. 100. 108. 103. 103. 100. 100. 104.  95. 100.
   98. 100.  99.  97.  96.  96.  84.  79.  86.  83.  84.  81.]
 [300. 300. 300. 300. 300. 300. 300. 300. 300. 300. 300. 300. 300. 300.
  300. 300. 300. 300. 300. 300. 300. 300. 300. 300. 300. 300. 300. 300.
  300. 300. 300. 300. 300. 300. 250. 250. 250. 250. 250. 250.]
 [200. 224. 230. 236. 232. 237. 234. 240. 241. 238. 230. 238. 233. 236.
  236. 236. 234. 235. 237. 236. 234. 233. 236. 235. 232. 235. 233. 233.
  234. 235. 235. 229. 236. 233. 194. 197. 198. 196. 198. 195.]
 [196. 217. 226. 231. 232. 233. 237. 236. 237. 238. 235. 234. 239. 236.
  242. 236. 245. 240. 241. 239. 239. 238. 243. 240. 237. 243. 237. 240.
  241. 239. 240. 240. 239. 238. 201. 198. 195. 197. 200. 202.]]
##############################
[[ 74.  92.  99. 100. 102.  95.  93.  95.  97.  96. 103.  98. 101.  96.
   99.  99.  99.  97. 103. 100. 108. 103. 103. 100. 100. 104.  95. 100.
   98. 100.  99.  97.  96.  96.  98.  79.  86.  83.  84.  81.]
 [300. 300. 300. 300. 300. 300. 300. 300. 300. 300. 300. 300. 300. 300.
  300. 300. 300. 300. 300. 300. 300. 300. 300. 300. 300. 300. 300. 300.
  300. 300. 300. 300. 300. 300. 300. 250. 250. 250. 250. 250.]
 [200. 224. 230. 236. 232. 237. 234. 240. 241. 238. 230. 238. 233. 236.
  236. 236. 234. 235. 237. 236. 234. 233. 236. 235. 232. 235. 233. 233.
  234. 235. 235. 229. 236. 233. 234. 197. 198. 196. 198. 195.]
 [196. 217. 226. 231. 232. 233. 237. 236. 237. 238. 235. 234. 239. 236.
  242. 236. 245. 240. 241. 239. 239. 238. 243. 240. 237. 243. 237. 240.
  241. 239. 240. 240. 239. 238. 241. 198. 195. 197. 200. 202.]]
##############################
[[ 74.  92.  99. 100. 102.  95.  93.  95.  97.  96. 103.  98. 101.  96.
   99.  99.  99.  97. 103. 100. 108. 103. 103. 100. 100. 104.  95. 100.
   98. 100.  99.  97.  96.  96.  98.  94.  86.  83.  84.  81.]
 [300. 300. 300. 300. 300. 300. 300. 300. 300. 300. 300. 300. 300. 300.
  300. 300. 300. 300. 300. 300. 300. 300. 300. 300. 300. 300. 300. 300.
  300. 300. 300. 300. 300. 300. 300. 300. 250. 250. 250. 250.]
 [200. 224. 230. 236. 232. 237. 234. 240. 241. 238. 230. 238. 233. 236.
  236. 236. 234. 235. 237. 236. 234. 233. 236. 235. 232. 235. 233. 233.
  234. 235. 235. 229. 236. 233. 234. 237. 198. 196. 198. 195.]
 [196. 217. 226. 231. 232. 233. 237. 236. 237. 238. 235. 234. 239. 236.
  242. 236. 245. 240. 241. 239. 239. 238. 243. 240. 237. 243. 237. 240.
  241. 239. 240. 240. 239. 238. 241. 237. 195. 197. 200. 202.]]
##############################
[[ 74.  92.  99. 100. 102.  95.  93.  95.  97.  96. 103.  98. 101.  96.
   99.  99.  99.  97. 103. 100. 108. 103. 103. 100. 100. 104.  95. 100.
   98. 100.  99.  97.  96.  96.  98.  94. 100.  83.  84.  81.]
 [300. 300. 300. 300. 300. 300. 300. 300. 300. 300. 300. 300. 300. 300.
  300. 300. 300. 300. 300. 300. 300. 300. 300. 300. 300. 300. 300. 300.
  300. 300. 300. 300. 300. 300. 300. 300. 300. 250. 250. 250.]
 [200. 224. 230. 236. 232. 237. 234. 240. 241. 238. 230. 238. 233. 236.
  236. 236. 234. 235. 237. 236. 234. 233. 236. 235. 232. 235. 233. 233.
  234. 235. 235. 229. 236. 233. 234. 237. 237. 196. 198. 195.]
 [196. 217. 226. 231. 232. 233. 237. 236. 237. 238. 235. 234. 239. 236.
  242. 236. 245. 240. 241. 239. 239. 238. 243. 240. 237. 243. 237. 240.
  241. 239. 240. 240. 239. 238. 241. 237. 235. 197. 200. 202.]]
##############################
[[ 74.  92.  99. 100. 102.  95.  93.  95.  97.  96. 103.  98. 101.  96.
   99.  99.  99.  97. 103. 100. 108. 103. 103. 100. 100. 104.  95. 100.
   98. 100.  99.  97.  96.  96.  98.  94. 100.  98.  84.  81.]
 [300. 300. 300. 300. 300. 300. 300. 300. 300. 300. 300. 300. 300. 300.
  300. 300. 300. 300. 300. 300. 300. 300. 300. 300. 300. 300. 300. 300.
  300. 300. 300. 300. 300. 300. 300. 300. 300. 300. 250. 250.]
 [200. 224. 230. 236. 232. 237. 234. 240. 241. 238. 230. 238. 233. 236.
  236. 236. 234. 235. 237. 236. 234. 233. 236. 235. 232. 235. 233. 233.
  234. 235. 235. 229. 236. 233. 234. 237. 237. 237. 198. 195.]
 [196. 217. 226. 231. 232. 233. 237. 236. 237. 238. 235. 234. 239. 236.
  242. 236. 245. 240. 241. 239. 239. 238. 243. 240. 237. 243. 237. 240.
  241. 239. 240. 240. 239. 238. 241. 237. 235. 237. 200. 202.]]
##############################
[[ 74.  92.  99. 100. 102.  95.  93.  95.  97.  96. 103.  98. 101.  96.
   99.  99.  99.  97. 103. 100. 108. 103. 103. 100. 100. 104.  95. 100.
   98. 100.  99.  97.  96.  96.  98.  94. 100.  98.  98.  81.]
 [300. 300. 300. 300. 300. 300. 300. 300. 300. 300. 300. 300. 300. 300.
  300. 300. 300. 300. 300. 300. 300. 300. 300. 300. 300. 300. 300. 300.
  300. 300. 300. 300. 300. 300. 300. 300. 300. 300. 300. 250.]
 [200. 224. 230. 236. 232. 237. 234. 240. 241. 238. 230. 238. 233. 236.
  236. 236. 234. 235. 237. 236. 234. 233. 236. 235. 232. 235. 233. 233.
  234. 235. 235. 229. 236. 233. 234. 237. 237. 237. 239. 195.]
 [196. 217. 226. 231. 232. 233. 237. 236. 237. 238. 235. 234. 239. 236.
  242. 236. 245. 240. 241. 239. 239. 238. 243. 240. 237. 243. 237. 240.
  241. 239. 240. 240. 239. 238. 241. 237. 235. 237. 240. 202.]]
##############################
[[ 74.  92.  99. 100. 102.  95.  93.  95.  97.  96. 103.  98. 101.  96.
   99.  99.  99.  97. 103. 100. 108. 103. 103. 100. 100. 104.  95. 100.
   98. 100.  99.  97.  96.  96.  98.  94. 100.  98.  98.  95.]
 [300. 300. 300. 300. 300. 300. 300. 300. 300. 300. 300. 300. 300. 300.
  300. 300. 300. 300. 300. 300. 300. 300. 300. 300. 300. 300. 300. 300.
  300. 300. 300. 300. 300. 300. 300. 300. 300. 300. 300. 300.]
 [200. 224. 230. 236. 232. 237. 234. 240. 241. 238. 230. 238. 233. 236.
  236. 236. 234. 235. 237. 236. 234. 233. 236. 235. 232. 235. 233. 233.
  234. 235. 235. 229. 236. 233. 234. 237. 237. 237. 239. 231.]
 [196. 217. 226. 231. 232. 233. 237. 236. 237. 238. 235. 234. 239. 236.
  242. 236. 245. 240. 241. 239. 239. 238. 243. 240. 237. 243. 237. 240.
  241. 239. 240. 240. 239. 238. 241. 237. 235. 237. 240. 242.]]
##############################
##################################################
##################################################
starting :7 batch
[[ 95.  92.  99. 100. 102.  95.  93.  95.  97.  96. 103.  98. 101.  96.
   99.  99.  99.  97. 103. 100. 108. 103. 103. 100. 100. 104.  95. 100.
   98. 100.  99.  97.  96.  96.  98.  94. 100.  98.  98.  95.]
 [350. 300. 300. 300. 300. 300. 300. 300. 300. 300. 300. 300. 300. 300.
  300. 300. 300. 300. 300. 300. 300. 300. 300. 300. 300. 300. 300. 300.
  300. 300. 300. 300. 300. 300. 300. 300. 300. 300. 300. 300.]
 [236. 224. 230. 236. 232. 237. 234. 240. 241. 238. 230. 238. 233. 236.
  236. 236. 234. 235. 237. 236. 234. 233. 236. 235. 232. 235. 233. 233.
  234. 235. 235. 229. 236. 233. 234. 237. 237. 237. 239. 231.]
 [227. 217. 226. 231. 232. 233. 237. 236. 237. 238. 235. 234. 239. 236.
  242. 236. 245. 240. 241. 239. 239. 238. 243. 240. 237. 243. 237. 240.
  241. 239. 240. 240. 239. 238. 241. 237. 235. 237. 240. 242.]]
##############################
[[ 95. 112.  99. 100. 102.  95.  93.  95.  97.  96. 103.  98. 101.  96.
   99.  99.  99.  97. 103. 100. 108. 103. 103. 100. 100. 104.  95. 100.
   98. 100.  99.  97.  96.  96.  98.  94. 100.  98.  98.  95.]
 [350. 350. 300. 300. 300. 300. 300. 300. 300. 300. 300. 300. 300. 300.
  300. 300. 300. 300. 300. 300. 300. 300. 300. 300. 300. 300. 300. 300.
  300. 300. 300. 300. 300. 300. 300. 300. 300. 300. 300. 300.]
 [236. 262. 230. 236. 232. 237. 234. 240. 241. 238. 230. 238. 233. 236.
  236. 236. 234. 235. 237. 236. 234. 233. 236. 235. 232. 235. 233. 233.
  234. 235. 235. 229. 236. 233. 234. 237. 237. 237. 239. 231.]
 [227. 253. 226. 231. 232. 233. 237. 236. 237. 238. 235. 234. 239. 236.
  242. 236. 245. 240. 241. 239. 239. 238. 243. 240. 237. 243. 237. 240.
  241. 239. 240. 240. 239. 238. 241. 237. 235. 237. 240. 242.]]
##############################
[[ 95. 112. 119. 100. 102.  95.  93.  95.  97.  96. 103.  98. 101.  96.
   99.  99.  99.  97. 103. 100. 108. 103. 103. 100. 100. 104.  95. 100.
   98. 100.  99.  97.  96.  96.  98.  94. 100.  98.  98.  95.]
 [350. 350. 350. 300. 300. 300. 300. 300. 300. 300. 300. 300. 300. 300.
  300. 300. 300. 300. 300. 300. 300. 300. 300. 300. 300. 300. 300. 300.
  300. 300. 300. 300. 300. 300. 300. 300. 300. 300. 300. 300.]
 [236. 262. 270. 236. 232. 237. 234. 240. 241. 238. 230. 238. 233. 236.
  236. 236. 234. 235. 237. 236. 234. 233. 236. 235. 232. 235. 233. 233.
  234. 235. 235. 229. 236. 233. 234. 237. 237. 237. 239. 231.]
 [227. 253. 262. 231. 232. 233. 237. 236. 237. 238. 235. 234. 239. 236.
  242. 236. 245. 240. 241. 239. 239. 238. 243. 240. 237. 243. 237. 240.
  241. 239. 240. 240. 239. 238. 241. 237. 235. 237. 240. 242.]]
##############################
[[ 95. 112. 119. 120. 102.  95.  93.  95.  97.  96. 103.  98. 101.  96.
   99.  99.  99.  97. 103. 100. 108. 103. 103. 100. 100. 104.  95. 100.
   98. 100.  99.  97.  96.  96.  98.  94. 100.  98.  98.  95.]
 [350. 350. 350. 350. 300. 300. 300. 300. 300. 300. 300. 300. 300. 300.
  300. 300. 300. 300. 300. 300. 300. 300. 300. 300. 300. 300. 300. 300.
  300. 300. 300. 300. 300. 300. 300. 300. 300. 300. 300. 300.]
 [236. 262. 270. 277. 232. 237. 234. 240. 241. 238. 230. 238. 233. 236.
  236. 236. 234. 235. 237. 236. 234. 233. 236. 235. 232. 235. 233. 233.
  234. 235. 235. 229. 236. 233. 234. 237. 237. 237. 239. 231.]
 [227. 253. 262. 266. 232. 233. 237. 236. 237. 238. 235. 234. 239. 236.
  242. 236. 245. 240. 241. 239. 239. 238. 243. 240. 237. 243. 237. 240.
  241. 239. 240. 240. 239. 238. 241. 237. 235. 237. 240. 242.]]
##############################
[[ 95. 112. 119. 120. 121.  95.  93.  95.  97.  96. 103.  98. 101.  96.
   99.  99.  99.  97. 103. 100. 108. 103. 103. 100. 100. 104.  95. 100.
   98. 100.  99.  97.  96.  96.  98.  94. 100.  98.  98.  95.]
 [350. 350. 350. 350. 350. 300. 300. 300. 300. 300. 300. 300. 300. 300.
  300. 300. 300. 300. 300. 300. 300. 300. 300. 300. 300. 300. 300. 300.
  300. 300. 300. 300. 300. 300. 300. 300. 300. 300. 300. 300.]
 [236. 262. 270. 277. 271. 237. 234. 240. 241. 238. 230. 238. 233. 236.
  236. 236. 234. 235. 237. 236. 234. 233. 236. 235. 232. 235. 233. 233.
  234. 235. 235. 229. 236. 233. 234. 237. 237. 237. 239. 231.]
 [227. 253. 262. 266. 268. 233. 237. 236. 237. 238. 235. 234. 239. 236.
  242. 236. 245. 240. 241. 239. 239. 238. 243. 240. 237. 243. 237. 240.
  241. 239. 240. 240. 239. 238. 241. 237. 235. 237. 240. 242.]]
##############################
[[ 95. 112. 119. 120. 121. 115.  93.  95.  97.  96. 103.  98. 101.  96.
   99.  99.  99.  97. 103. 100. 108. 103. 103. 100. 100. 104.  95. 100.
   98. 100.  99.  97.  96.  96.  98.  94. 100.  98.  98.  95.]
 [350. 350. 350. 350. 350. 350. 300. 300. 300. 300. 300. 300. 300. 300.
  300. 300. 300. 300. 300. 300. 300. 300. 300. 300. 300. 300. 300. 300.
  300. 300. 300. 300. 300. 300. 300. 300. 300. 300. 300. 300.]
 [236. 262. 270. 277. 271. 277. 234. 240. 241. 238. 230. 238. 233. 236.
  236. 236. 234. 235. 237. 236. 234. 233. 236. 235. 232. 235. 233. 233.
  234. 235. 235. 229. 236. 233. 234. 237. 237. 237. 239. 231.]
 [227. 253. 262. 266. 268. 268. 237. 236. 237. 238. 235. 234. 239. 236.
  242. 236. 245. 240. 241. 239. 239. 238. 243. 240. 237. 243. 237. 240.
  241. 239. 240. 240. 239. 238. 241. 237. 235. 237. 240. 242.]]
##############################
[[ 95. 112. 119. 120. 121. 115. 113.  95.  97.  96. 103.  98. 101.  96.
   99.  99.  99.  97. 103. 100. 108. 103. 103. 100. 100. 104.  95. 100.
   98. 100.  99.  97.  96.  96.  98.  94. 100.  98.  98.  95.]
 [350. 350. 350. 350. 350. 350. 350. 300. 300. 300. 300. 300. 300. 300.
  300. 300. 300. 300. 300. 300. 300. 300. 300. 300. 300. 300. 300. 300.
  300. 300. 300. 300. 300. 300. 300. 300. 300. 300. 300. 300.]
 [236. 262. 270. 277. 271. 277. 273. 240. 241. 238. 230. 238. 233. 236.
  236. 236. 234. 235. 237. 236. 234. 233. 236. 235. 232. 235. 233. 233.
  234. 235. 235. 229. 236. 233. 234. 237. 237. 237. 239. 231.]
 [227. 253. 262. 266. 268. 268. 271. 236. 237. 238. 235. 234. 239. 236.
  242. 236. 245. 240. 241. 239. 239. 238. 243. 240. 237. 243. 237. 240.
  241. 239. 240. 240. 239. 238. 241. 237. 235. 237. 240. 242.]]
##############################
[[ 95. 112. 119. 120. 121. 115. 113. 114.  97.  96. 103.  98. 101.  96.
   99.  99.  99.  97. 103. 100. 108. 103. 103. 100. 100. 104.  95. 100.
   98. 100.  99.  97.  96.  96.  98.  94. 100.  98.  98.  95.]
 [350. 350. 350. 350. 350. 350. 350. 350. 300. 300. 300. 300. 300. 300.
  300. 300. 300. 300. 300. 300. 300. 300. 300. 300. 300. 300. 300. 300.
  300. 300. 300. 300. 300. 300. 300. 300. 300. 300. 300. 300.]
 [236. 262. 270. 277. 271. 277. 273. 280. 241. 238. 230. 238. 233. 236.
  236. 236. 234. 235. 237. 236. 234. 233. 236. 235. 232. 235. 233. 233.
  234. 235. 235. 229. 236. 233. 234. 237. 237. 237. 239. 231.]
 [227. 253. 262. 266. 268. 268. 271. 274. 237. 238. 235. 234. 239. 236.
  242. 236. 245. 240. 241. 239. 239. 238. 243. 240. 237. 243. 237. 240.
  241. 239. 240. 240. 239. 238. 241. 237. 235. 237. 240. 242.]]
##############################
[[ 95. 112. 119. 120. 121. 115. 113. 114. 117.  96. 103.  98. 101.  96.
   99.  99.  99.  97. 103. 100. 108. 103. 103. 100. 100. 104.  95. 100.
   98. 100.  99.  97.  96.  96.  98.  94. 100.  98.  98.  95.]
 [350. 350. 350. 350. 350. 350. 350. 350. 350. 300. 300. 300. 300. 300.
  300. 300. 300. 300. 300. 300. 300. 300. 300. 300. 300. 300. 300. 300.
  300. 300. 300. 300. 300. 300. 300. 300. 300. 300. 300. 300.]
 [236. 262. 270. 277. 271. 277. 273. 280. 279. 238. 230. 238. 233. 236.
  236. 236. 234. 235. 237. 236. 234. 233. 236. 235. 232. 235. 233. 233.
  234. 235. 235. 229. 236. 233. 234. 237. 237. 237. 239. 231.]
 [227. 253. 262. 266. 268. 268. 271. 274. 275. 238. 235. 234. 239. 236.
  242. 236. 245. 240. 241. 239. 239. 238. 243. 240. 237. 243. 237. 240.
  241. 239. 240. 240. 239. 238. 241. 237. 235. 237. 240. 242.]]
##############################
[[ 95. 112. 119. 120. 121. 115. 113. 114. 117. 115. 103.  98. 101.  96.
   99.  99.  99.  97. 103. 100. 108. 103. 103. 100. 100. 104.  95. 100.
   98. 100.  99.  97.  96.  96.  98.  94. 100.  98.  98.  95.]
 [350. 350. 350. 350. 350. 350. 350. 350. 350. 350. 300. 300. 300. 300.
  300. 300. 300. 300. 300. 300. 300. 300. 300. 300. 300. 300. 300. 300.
  300. 300. 300. 300. 300. 300. 300. 300. 300. 300. 300. 300.]
 [236. 262. 270. 277. 271. 277. 273. 280. 279. 277. 230. 238. 233. 236.
  236. 236. 234. 235. 237. 236. 234. 233. 236. 235. 232. 235. 233. 233.
  234. 235. 235. 229. 236. 233. 234. 237. 237. 237. 239. 231.]
 [227. 253. 262. 266. 268. 268. 271. 274. 275. 274. 235. 234. 239. 236.
  242. 236. 245. 240. 241. 239. 239. 238. 243. 240. 237. 243. 237. 240.
  241. 239. 240. 240. 239. 238. 241. 237. 235. 237. 240. 242.]]
##############################
[[ 95. 112. 119. 120. 121. 115. 113. 114. 117. 115. 125.  98. 101.  96.
   99.  99.  99.  97. 103. 100. 108. 103. 103. 100. 100. 104.  95. 100.
   98. 100.  99.  97.  96.  96.  98.  94. 100.  98.  98.  95.]
 [350. 350. 350. 350. 350. 350. 350. 350. 350. 350. 350. 300. 300. 300.
  300. 300. 300. 300. 300. 300. 300. 300. 300. 300. 300. 300. 300. 300.
  300. 300. 300. 300. 300. 300. 300. 300. 300. 300. 300. 300.]
 [236. 262. 270. 277. 271. 277. 273. 280. 279. 277. 268. 238. 233. 236.
  236. 236. 234. 235. 237. 236. 234. 233. 236. 235. 232. 235. 233. 233.
  234. 235. 235. 229. 236. 233. 234. 237. 237. 237. 239. 231.]
 [227. 253. 262. 266. 268. 268. 271. 274. 275. 274. 272. 234. 239. 236.
  242. 236. 245. 240. 241. 239. 239. 238. 243. 240. 237. 243. 237. 240.
  241. 239. 240. 240. 239. 238. 241. 237. 235. 237. 240. 242.]]
##############################
[[ 95. 112. 119. 120. 121. 115. 113. 114. 117. 115. 125. 119. 101.  96.
   99.  99.  99.  97. 103. 100. 108. 103. 103. 100. 100. 104.  95. 100.
   98. 100.  99.  97.  96.  96.  98.  94. 100.  98.  98.  95.]
 [350. 350. 350. 350. 350. 350. 350. 350. 350. 350. 350. 350. 300. 300.
  300. 300. 300. 300. 300. 300. 300. 300. 300. 300. 300. 300. 300. 300.
  300. 300. 300. 300. 300. 300. 300. 300. 300. 300. 300. 300.]
 [236. 262. 270. 277. 271. 277. 273. 280. 279. 277. 268. 276. 233. 236.
  236. 236. 234. 235. 237. 236. 234. 233. 236. 235. 232. 235. 233. 233.
  234. 235. 235. 229. 236. 233. 234. 237. 237. 237. 239. 231.]
 [227. 253. 262. 266. 268. 268. 271. 274. 275. 274. 272. 271. 239. 236.
  242. 236. 245. 240. 241. 239. 239. 238. 243. 240. 237. 243. 237. 240.
  241. 239. 240. 240. 239. 238. 241. 237. 235. 237. 240. 242.]]
##############################
[[ 95. 112. 119. 120. 121. 115. 113. 114. 117. 115. 125. 119. 120.  96.
   99.  99.  99.  97. 103. 100. 108. 103. 103. 100. 100. 104.  95. 100.
   98. 100.  99.  97.  96.  96.  98.  94. 100.  98.  98.  95.]
 [350. 350. 350. 350. 350. 350. 350. 350. 350. 350. 350. 350. 350. 300.
  300. 300. 300. 300. 300. 300. 300. 300. 300. 300. 300. 300. 300. 300.
  300. 300. 300. 300. 300. 300. 300. 300. 300. 300. 300. 300.]
 [236. 262. 270. 277. 271. 277. 273. 280. 279. 277. 268. 276. 271. 236.
  236. 236. 234. 235. 237. 236. 234. 233. 236. 235. 232. 235. 233. 233.
  234. 235. 235. 229. 236. 233. 234. 237. 237. 237. 239. 231.]
 [227. 253. 262. 266. 268. 268. 271. 274. 275. 274. 272. 271. 275. 236.
  242. 236. 245. 240. 241. 239. 239. 238. 243. 240. 237. 243. 237. 240.
  241. 239. 240. 240. 239. 238. 241. 237. 235. 237. 240. 242.]]
##############################
[[ 95. 112. 119. 120. 121. 115. 113. 114. 117. 115. 125. 119. 120. 115.
   99.  99.  99.  97. 103. 100. 108. 103. 103. 100. 100. 104.  95. 100.
   98. 100.  99.  97.  96.  96.  98.  94. 100.  98.  98.  95.]
 [350. 350. 350. 350. 350. 350. 350. 350. 350. 350. 350. 350. 350. 350.
  300. 300. 300. 300. 300. 300. 300. 300. 300. 300. 300. 300. 300. 300.
  300. 300. 300. 300. 300. 300. 300. 300. 300. 300. 300. 300.]
 [236. 262. 270. 277. 271. 277. 273. 280. 279. 277. 268. 276. 271. 275.
  236. 236. 234. 235. 237. 236. 234. 233. 236. 235. 232. 235. 233. 233.
  234. 235. 235. 229. 236. 233. 234. 237. 237. 237. 239. 231.]
 [227. 253. 262. 266. 268. 268. 271. 274. 275. 274. 272. 271. 275. 273.
  242. 236. 245. 240. 241. 239. 239. 238. 243. 240. 237. 243. 237. 240.
  241. 239. 240. 240. 239. 238. 241. 237. 235. 237. 240. 242.]]
##############################
[[ 95. 112. 119. 120. 121. 115. 113. 114. 117. 115. 125. 119. 120. 115.
  116.  99.  99.  97. 103. 100. 108. 103. 103. 100. 100. 104.  95. 100.
   98. 100.  99.  97.  96.  96.  98.  94. 100.  98.  98.  95.]
 [350. 350. 350. 350. 350. 350. 350. 350. 350. 350. 350. 350. 350. 350.
  350. 300. 300. 300. 300. 300. 300. 300. 300. 300. 300. 300. 300. 300.
  300. 300. 300. 300. 300. 300. 300. 300. 300. 300. 300. 300.]
 [236. 262. 270. 277. 271. 277. 273. 280. 279. 277. 268. 276. 271. 275.
  274. 236. 234. 235. 237. 236. 234. 233. 236. 235. 232. 235. 233. 233.
  234. 235. 235. 229. 236. 233. 234. 237. 237. 237. 239. 231.]
 [227. 253. 262. 266. 268. 268. 271. 274. 275. 274. 272. 271. 275. 273.
  277. 236. 245. 240. 241. 239. 239. 238. 243. 240. 237. 243. 237. 240.
  241. 239. 240. 240. 239. 238. 241. 237. 235. 237. 240. 242.]]
##############################
[[ 95. 112. 119. 120. 121. 115. 113. 114. 117. 115. 125. 119. 120. 115.
  116. 117.  99.  97. 103. 100. 108. 103. 103. 100. 100. 104.  95. 100.
   98. 100.  99.  97.  96.  96.  98.  94. 100.  98.  98.  95.]
 [350. 350. 350. 350. 350. 350. 350. 350. 350. 350. 350. 350. 350. 350.
  350. 350. 300. 300. 300. 300. 300. 300. 300. 300. 300. 300. 300. 300.
  300. 300. 300. 300. 300. 300. 300. 300. 300. 300. 300. 300.]
 [236. 262. 270. 277. 271. 277. 273. 280. 279. 277. 268. 276. 271. 275.
  274. 275. 234. 235. 237. 236. 234. 233. 236. 235. 232. 235. 233. 233.
  234. 235. 235. 229. 236. 233. 234. 237. 237. 237. 239. 231.]
 [227. 253. 262. 266. 268. 268. 271. 274. 275. 274. 272. 271. 275. 273.
  277. 272. 245. 240. 241. 239. 239. 238. 243. 240. 237. 243. 237. 240.
  241. 239. 240. 240. 239. 238. 241. 237. 235. 237. 240. 242.]]
##############################
[[ 95. 112. 119. 120. 121. 115. 113. 114. 117. 115. 125. 119. 120. 115.
  116. 117. 115.  97. 103. 100. 108. 103. 103. 100. 100. 104.  95. 100.
   98. 100.  99.  97.  96.  96.  98.  94. 100.  98.  98.  95.]
 [350. 350. 350. 350. 350. 350. 350. 350. 350. 350. 350. 350. 350. 350.
  350. 350. 350. 300. 300. 300. 300. 300. 300. 300. 300. 300. 300. 300.
  300. 300. 300. 300. 300. 300. 300. 300. 300. 300. 300. 300.]
 [236. 262. 270. 277. 271. 277. 273. 280. 279. 277. 268. 276. 271. 275.
  274. 275. 272. 235. 237. 236. 234. 233. 236. 235. 232. 235. 233. 233.
  234. 235. 235. 229. 236. 233. 234. 237. 237. 237. 239. 231.]
 [227. 253. 262. 266. 268. 268. 271. 274. 275. 274. 272. 271. 275. 273.
  277. 272. 279. 240. 241. 239. 239. 238. 243. 240. 237. 243. 237. 240.
  241. 239. 240. 240. 239. 238. 241. 237. 235. 237. 240. 242.]]
##############################
[[ 95. 112. 119. 120. 121. 115. 113. 114. 117. 115. 125. 119. 120. 115.
  116. 117. 115. 118. 103. 100. 108. 103. 103. 100. 100. 104.  95. 100.
   98. 100.  99.  97.  96.  96.  98.  94. 100.  98.  98.  95.]
 [350. 350. 350. 350. 350. 350. 350. 350. 350. 350. 350. 350. 350. 350.
  350. 350. 350. 350. 300. 300. 300. 300. 300. 300. 300. 300. 300. 300.
  300. 300. 300. 300. 300. 300. 300. 300. 300. 300. 300. 300.]
 [236. 262. 270. 277. 271. 277. 273. 280. 279. 277. 268. 276. 271. 275.
  274. 275. 272. 275. 237. 236. 234. 233. 236. 235. 232. 235. 233. 233.
  234. 235. 235. 229. 236. 233. 234. 237. 237. 237. 239. 231.]
 [227. 253. 262. 266. 268. 268. 271. 274. 275. 274. 272. 271. 275. 273.
  277. 272. 279. 274. 241. 239. 239. 238. 243. 240. 237. 243. 237. 240.
  241. 239. 240. 240. 239. 238. 241. 237. 235. 237. 240. 242.]]
##############################
[[ 95. 112. 119. 120. 121. 115. 113. 114. 117. 115. 125. 119. 120. 115.
  116. 117. 115. 118. 123. 100. 108. 103. 103. 100. 100. 104.  95. 100.
   98. 100.  99.  97.  96.  96.  98.  94. 100.  98.  98.  95.]
 [350. 350. 350. 350. 350. 350. 350. 350. 350. 350. 350. 350. 350. 350.
  350. 350. 350. 350. 350. 300. 300. 300. 300. 300. 300. 300. 300. 300.
  300. 300. 300. 300. 300. 300. 300. 300. 300. 300. 300. 300.]
 [236. 262. 270. 277. 271. 277. 273. 280. 279. 277. 268. 276. 271. 275.
  274. 275. 272. 275. 274. 236. 234. 233. 236. 235. 232. 235. 233. 233.
  234. 235. 235. 229. 236. 233. 234. 237. 237. 237. 239. 231.]
 [227. 253. 262. 266. 268. 268. 271. 274. 275. 274. 272. 271. 275. 273.
  277. 272. 279. 274. 275. 239. 239. 238. 243. 240. 237. 243. 237. 240.
  241. 239. 240. 240. 239. 238. 241. 237. 235. 237. 240. 242.]]
##############################
[[ 95. 112. 119. 120. 121. 115. 113. 114. 117. 115. 125. 119. 120. 115.
  116. 117. 115. 118. 123. 118. 108. 103. 103. 100. 100. 104.  95. 100.
   98. 100.  99.  97.  96.  96.  98.  94. 100.  98.  98.  95.]
 [350. 350. 350. 350. 350. 350. 350. 350. 350. 350. 350. 350. 350. 350.
  350. 350. 350. 350. 350. 350. 300. 300. 300. 300. 300. 300. 300. 300.
  300. 300. 300. 300. 300. 300. 300. 300. 300. 300. 300. 300.]
 [236. 262. 270. 277. 271. 277. 273. 280. 279. 277. 268. 276. 271. 275.
  274. 275. 272. 275. 274. 273. 234. 233. 236. 235. 232. 235. 233. 233.
  234. 235. 235. 229. 236. 233. 234. 237. 237. 237. 239. 231.]
 [227. 253. 262. 266. 268. 268. 271. 274. 275. 274. 272. 271. 275. 273.
  277. 272. 279. 274. 275. 274. 239. 238. 243. 240. 237. 243. 237. 240.
  241. 239. 240. 240. 239. 238. 241. 237. 235. 237. 240. 242.]]
##############################
[[ 95. 112. 119. 120. 121. 115. 113. 114. 117. 115. 125. 119. 120. 115.
  116. 117. 115. 118. 123. 118. 125. 103. 103. 100. 100. 104.  95. 100.
   98. 100.  99.  97.  96.  96.  98.  94. 100.  98.  98.  95.]
 [350. 350. 350. 350. 350. 350. 350. 350. 350. 350. 350. 350. 350. 350.
  350. 350. 350. 350. 350. 350. 350. 300. 300. 300. 300. 300. 300. 300.
  300. 300. 300. 300. 300. 300. 300. 300. 300. 300. 300. 300.]
 [236. 262. 270. 277. 271. 277. 273. 280. 279. 277. 268. 276. 271. 275.
  274. 275. 272. 275. 274. 273. 271. 233. 236. 235. 232. 235. 233. 233.
  234. 235. 235. 229. 236. 233. 234. 237. 237. 237. 239. 231.]
 [227. 253. 262. 266. 268. 268. 271. 274. 275. 274. 272. 271. 275. 273.
  277. 272. 279. 274. 275. 274. 274. 238. 243. 240. 237. 243. 237. 240.
  241. 239. 240. 240. 239. 238. 241. 237. 235. 237. 240. 242.]]
##############################
[[ 95. 112. 119. 120. 121. 115. 113. 114. 117. 115. 125. 119. 120. 115.
  116. 117. 115. 118. 123. 118. 125. 120. 103. 100. 100. 104.  95. 100.
   98. 100.  99.  97.  96.  96.  98.  94. 100.  98.  98.  95.]
 [350. 350. 350. 350. 350. 350. 350. 350. 350. 350. 350. 350. 350. 350.
  350. 350. 350. 350. 350. 350. 350. 350. 300. 300. 300. 300. 300. 300.
  300. 300. 300. 300. 300. 300. 300. 300. 300. 300. 300. 300.]
 [236. 262. 270. 277. 271. 277. 273. 280. 279. 277. 268. 276. 271. 275.
  274. 275. 272. 275. 274. 273. 271. 270. 236. 235. 232. 235. 233. 233.
  234. 235. 235. 229. 236. 233. 234. 237. 237. 237. 239. 231.]
 [227. 253. 262. 266. 268. 268. 271. 274. 275. 274. 272. 271. 275. 273.
  277. 272. 279. 274. 275. 274. 274. 275. 243. 240. 237. 243. 237. 240.
  241. 239. 240. 240. 239. 238. 241. 237. 235. 237. 240. 242.]]
##############################
[[ 95. 112. 119. 120. 121. 115. 113. 114. 117. 115. 125. 119. 120. 115.
  116. 117. 115. 118. 123. 118. 125. 120. 122. 100. 100. 104.  95. 100.
   98. 100.  99.  97.  96.  96.  98.  94. 100.  98.  98.  95.]
 [350. 350. 350. 350. 350. 350. 350. 350. 350. 350. 350. 350. 350. 350.
  350. 350. 350. 350. 350. 350. 350. 350. 350. 300. 300. 300. 300. 300.
  300. 300. 300. 300. 300. 300. 300. 300. 300. 300. 300. 300.]
 [236. 262. 270. 277. 271. 277. 273. 280. 279. 277. 268. 276. 271. 275.
  274. 275. 272. 275. 274. 273. 271. 270. 273. 235. 232. 235. 233. 233.
  234. 235. 235. 229. 236. 233. 234. 237. 237. 237. 239. 231.]
 [227. 253. 262. 266. 268. 268. 271. 274. 275. 274. 272. 271. 275. 273.
  277. 272. 279. 274. 275. 274. 274. 275. 278. 240. 237. 243. 237. 240.
  241. 239. 240. 240. 239. 238. 241. 237. 235. 237. 240. 242.]]
##############################
[[ 95. 112. 119. 120. 121. 115. 113. 114. 117. 115. 125. 119. 120. 115.
  116. 117. 115. 118. 123. 118. 125. 120. 122. 117. 100. 104.  95. 100.
   98. 100.  99.  97.  96.  96.  98.  94. 100.  98.  98.  95.]
 [350. 350. 350. 350. 350. 350. 350. 350. 350. 350. 350. 350. 350. 350.
  350. 350. 350. 350. 350. 350. 350. 350. 350. 350. 300. 300. 300. 300.
  300. 300. 300. 300. 300. 300. 300. 300. 300. 300. 300. 300.]
 [236. 262. 270. 277. 271. 277. 273. 280. 279. 277. 268. 276. 271. 275.
  274. 275. 272. 275. 274. 273. 271. 270. 273. 273. 232. 235. 233. 233.
  234. 235. 235. 229. 236. 233. 234. 237. 237. 237. 239. 231.]
 [227. 253. 262. 266. 268. 268. 271. 274. 275. 274. 272. 271. 275. 273.
  277. 272. 279. 274. 275. 274. 274. 275. 278. 277. 237. 243. 237. 240.
  241. 239. 240. 240. 239. 238. 241. 237. 235. 237. 240. 242.]]
##############################
[[ 95. 112. 119. 120. 121. 115. 113. 114. 117. 115. 125. 119. 120. 115.
  116. 117. 115. 118. 123. 118. 125. 120. 122. 117. 117. 104.  95. 100.
   98. 100.  99.  97.  96.  96.  98.  94. 100.  98.  98.  95.]
 [350. 350. 350. 350. 350. 350. 350. 350. 350. 350. 350. 350. 350. 350.
  350. 350. 350. 350. 350. 350. 350. 350. 350. 350. 350. 300. 300. 300.
  300. 300. 300. 300. 300. 300. 300. 300. 300. 300. 300. 300.]
 [236. 262. 270. 277. 271. 277. 273. 280. 279. 277. 268. 276. 271. 275.
  274. 275. 272. 275. 274. 273. 271. 270. 273. 273. 270. 235. 233. 233.
  234. 235. 235. 229. 236. 233. 234. 237. 237. 237. 239. 231.]
 [227. 253. 262. 266. 268. 268. 271. 274. 275. 274. 272. 271. 275. 273.
  277. 272. 279. 274. 275. 274. 274. 275. 278. 277. 271. 243. 237. 240.
  241. 239. 240. 240. 239. 238. 241. 237. 235. 237. 240. 242.]]
##############################
[[ 95. 112. 119. 120. 121. 115. 113. 114. 117. 115. 125. 119. 120. 115.
  116. 117. 115. 118. 123. 118. 125. 120. 122. 117. 117. 122.  95. 100.
   98. 100.  99.  97.  96.  96.  98.  94. 100.  98.  98.  95.]
 [350. 350. 350. 350. 350. 350. 350. 350. 350. 350. 350. 350. 350. 350.
  350. 350. 350. 350. 350. 350. 350. 350. 350. 350. 350. 350. 300. 300.
  300. 300. 300. 300. 300. 300. 300. 300. 300. 300. 300. 300.]
 [236. 262. 270. 277. 271. 277. 273. 280. 279. 277. 268. 276. 271. 275.
  274. 275. 272. 275. 274. 273. 271. 270. 273. 273. 270. 273. 233. 233.
  234. 235. 235. 229. 236. 233. 234. 237. 237. 237. 239. 231.]
 [227. 253. 262. 266. 268. 268. 271. 274. 275. 274. 272. 271. 275. 273.
  277. 272. 279. 274. 275. 274. 274. 275. 278. 277. 271. 277. 237. 240.
  241. 239. 240. 240. 239. 238. 241. 237. 235. 237. 240. 242.]]
##############################
[[ 95. 112. 119. 120. 121. 115. 113. 114. 117. 115. 125. 119. 120. 115.
  116. 117. 115. 118. 123. 118. 125. 120. 122. 117. 117. 122. 111. 100.
   98. 100.  99.  97.  96.  96.  98.  94. 100.  98.  98.  95.]
 [350. 350. 350. 350. 350. 350. 350. 350. 350. 350. 350. 350. 350. 350.
  350. 350. 350. 350. 350. 350. 350. 350. 350. 350. 350. 350. 350. 300.
  300. 300. 300. 300. 300. 300. 300. 300. 300. 300. 300. 300.]
 [236. 262. 270. 277. 271. 277. 273. 280. 279. 277. 268. 276. 271. 275.
  274. 275. 272. 275. 274. 273. 271. 270. 273. 273. 270. 273. 271. 233.
  234. 235. 235. 229. 236. 233. 234. 237. 237. 237. 239. 231.]
 [227. 253. 262. 266. 268. 268. 271. 274. 275. 274. 272. 271. 275. 273.
  277. 272. 279. 274. 275. 274. 274. 275. 278. 277. 271. 277. 270. 240.
  241. 239. 240. 240. 239. 238. 241. 237. 235. 237. 240. 242.]]
##############################
[[ 95. 112. 119. 120. 121. 115. 113. 114. 117. 115. 125. 119. 120. 115.
  116. 117. 115. 118. 123. 118. 125. 120. 122. 117. 117. 122. 111. 116.
   98. 100.  99.  97.  96.  96.  98.  94. 100.  98.  98.  95.]
 [350. 350. 350. 350. 350. 350. 350. 350. 350. 350. 350. 350. 350. 350.
  350. 350. 350. 350. 350. 350. 350. 350. 350. 350. 350. 350. 350. 350.
  300. 300. 300. 300. 300. 300. 300. 300. 300. 300. 300. 300.]
 [236. 262. 270. 277. 271. 277. 273. 280. 279. 277. 268. 276. 271. 275.
  274. 275. 272. 275. 274. 273. 271. 270. 273. 273. 270. 273. 271. 270.
  234. 235. 235. 229. 236. 233. 234. 237. 237. 237. 239. 231.]
 [227. 253. 262. 266. 268. 268. 271. 274. 275. 274. 272. 271. 275. 273.
  277. 272. 279. 274. 275. 274. 274. 275. 278. 277. 271. 277. 270. 273.
  241. 239. 240. 240. 239. 238. 241. 237. 235. 237. 240. 242.]]
##############################
[[ 95. 112. 119. 120. 121. 115. 113. 114. 117. 115. 125. 119. 120. 115.
  116. 117. 115. 118. 123. 118. 125. 120. 122. 117. 117. 122. 111. 116.
  116. 100.  99.  97.  96.  96.  98.  94. 100.  98.  98.  95.]
 [350. 350. 350. 350. 350. 350. 350. 350. 350. 350. 350. 350. 350. 350.
  350. 350. 350. 350. 350. 350. 350. 350. 350. 350. 350. 350. 350. 350.
  350. 300. 300. 300. 300. 300. 300. 300. 300. 300. 300. 300.]
 [236. 262. 270. 277. 271. 277. 273. 280. 279. 277. 268. 276. 271. 275.
  274. 275. 272. 275. 274. 273. 271. 270. 273. 273. 270. 273. 271. 270.
  271. 235. 235. 229. 236. 233. 234. 237. 237. 237. 239. 231.]
 [227. 253. 262. 266. 268. 268. 271. 274. 275. 274. 272. 271. 275. 273.
  277. 272. 279. 274. 275. 274. 274. 275. 278. 277. 271. 277. 270. 273.
  276. 239. 240. 240. 239. 238. 241. 237. 235. 237. 240. 242.]]
##############################
[[ 95. 112. 119. 120. 121. 115. 113. 114. 117. 115. 125. 119. 120. 115.
  116. 117. 115. 118. 123. 118. 125. 120. 122. 117. 117. 122. 111. 116.
  116. 117.  99.  97.  96.  96.  98.  94. 100.  98.  98.  95.]
 [350. 350. 350. 350. 350. 350. 350. 350. 350. 350. 350. 350. 350. 350.
  350. 350. 350. 350. 350. 350. 350. 350. 350. 350. 350. 350. 350. 350.
  350. 350. 300. 300. 300. 300. 300. 300. 300. 300. 300. 300.]
 [236. 262. 270. 277. 271. 277. 273. 280. 279. 277. 268. 276. 271. 275.
  274. 275. 272. 275. 274. 273. 271. 270. 273. 273. 270. 273. 271. 270.
  271. 273. 235. 229. 236. 233. 234. 237. 237. 237. 239. 231.]
 [227. 253. 262. 266. 268. 268. 271. 274. 275. 274. 272. 271. 275. 273.
  277. 272. 279. 274. 275. 274. 274. 275. 278. 277. 271. 277. 270. 273.
  276. 276. 240. 240. 239. 238. 241. 237. 235. 237. 240. 242.]]
##############################
[[ 95. 112. 119. 120. 121. 115. 113. 114. 117. 115. 125. 119. 120. 115.
  116. 117. 115. 118. 123. 118. 125. 120. 122. 117. 117. 122. 111. 116.
  116. 117. 117.  97.  96.  96.  98.  94. 100.  98.  98.  95.]
 [350. 350. 350. 350. 350. 350. 350. 350. 350. 350. 350. 350. 350. 350.
  350. 350. 350. 350. 350. 350. 350. 350. 350. 350. 350. 350. 350. 350.
  350. 350. 350. 300. 300. 300. 300. 300. 300. 300. 300. 300.]
 [236. 262. 270. 277. 271. 277. 273. 280. 279. 277. 268. 276. 271. 275.
  274. 275. 272. 275. 274. 273. 271. 270. 273. 273. 270. 273. 271. 270.
  271. 273. 274. 229. 236. 233. 234. 237. 237. 237. 239. 231.]
 [227. 253. 262. 266. 268. 268. 271. 274. 275. 274. 272. 271. 275. 273.
  277. 272. 279. 274. 275. 274. 274. 275. 278. 277. 271. 277. 270. 273.
  276. 276. 276. 240. 239. 238. 241. 237. 235. 237. 240. 242.]]
##############################
[[ 95. 112. 119. 120. 121. 115. 113. 114. 117. 115. 125. 119. 120. 115.
  116. 117. 115. 118. 123. 118. 125. 120. 122. 117. 117. 122. 111. 116.
  116. 117. 117. 115.  96.  96.  98.  94. 100.  98.  98.  95.]
 [350. 350. 350. 350. 350. 350. 350. 350. 350. 350. 350. 350. 350. 350.
  350. 350. 350. 350. 350. 350. 350. 350. 350. 350. 350. 350. 350. 350.
  350. 350. 350. 350. 300. 300. 300. 300. 300. 300. 300. 300.]
 [236. 262. 270. 277. 271. 277. 273. 280. 279. 277. 268. 276. 271. 275.
  274. 275. 272. 275. 274. 273. 271. 270. 273. 273. 270. 273. 271. 270.
  271. 273. 274. 269. 236. 233. 234. 237. 237. 237. 239. 231.]
 [227. 253. 262. 266. 268. 268. 271. 274. 275. 274. 272. 271. 275. 273.
  277. 272. 279. 274. 275. 274. 274. 275. 278. 277. 271. 277. 270. 273.
  276. 276. 276. 278. 239. 238. 241. 237. 235. 237. 240. 242.]]
##############################
[[ 95. 112. 119. 120. 121. 115. 113. 114. 117. 115. 125. 119. 120. 115.
  116. 117. 115. 118. 123. 118. 125. 120. 122. 117. 117. 122. 111. 116.
  116. 117. 117. 115. 114.  96.  98.  94. 100.  98.  98.  95.]
 [350. 350. 350. 350. 350. 350. 350. 350. 350. 350. 350. 350. 350. 350.
  350. 350. 350. 350. 350. 350. 350. 350. 350. 350. 350. 350. 350. 350.
  350. 350. 350. 350. 350. 300. 300. 300. 300. 300. 300. 300.]
 [236. 262. 270. 277. 271. 277. 273. 280. 279. 277. 268. 276. 271. 275.
  274. 275. 272. 275. 274. 273. 271. 270. 273. 273. 270. 273. 271. 270.
  271. 273. 274. 269. 275. 233. 234. 237. 237. 237. 239. 231.]
 [227. 253. 262. 266. 268. 268. 271. 274. 275. 274. 272. 271. 275. 273.
  277. 272. 279. 274. 275. 274. 274. 275. 278. 277. 271. 277. 270. 273.
  276. 276. 276. 278. 277. 238. 241. 237. 235. 237. 240. 242.]]
##############################
[[ 95. 112. 119. 120. 121. 115. 113. 114. 117. 115. 125. 119. 120. 115.
  116. 117. 115. 118. 123. 118. 125. 120. 122. 117. 117. 122. 111. 116.
  116. 117. 117. 115. 114. 113.  98.  94. 100.  98.  98.  95.]
 [350. 350. 350. 350. 350. 350. 350. 350. 350. 350. 350. 350. 350. 350.
  350. 350. 350. 350. 350. 350. 350. 350. 350. 350. 350. 350. 350. 350.
  350. 350. 350. 350. 350. 350. 300. 300. 300. 300. 300. 300.]
 [236. 262. 270. 277. 271. 277. 273. 280. 279. 277. 268. 276. 271. 275.
  274. 275. 272. 275. 274. 273. 271. 270. 273. 273. 270. 273. 271. 270.
  271. 273. 274. 269. 275. 272. 234. 237. 237. 237. 239. 231.]
 [227. 253. 262. 266. 268. 268. 271. 274. 275. 274. 272. 271. 275. 273.
  277. 272. 279. 274. 275. 274. 274. 275. 278. 277. 271. 277. 270. 273.
  276. 276. 276. 278. 277. 276. 241. 237. 235. 237. 240. 242.]]
##############################
[[ 95. 112. 119. 120. 121. 115. 113. 114. 117. 115. 125. 119. 120. 115.
  116. 117. 115. 118. 123. 118. 125. 120. 122. 117. 117. 122. 111. 116.
  116. 117. 117. 115. 114. 113. 115.  94. 100.  98.  98.  95.]
 [350. 350. 350. 350. 350. 350. 350. 350. 350. 350. 350. 350. 350. 350.
  350. 350. 350. 350. 350. 350. 350. 350. 350. 350. 350. 350. 350. 350.
  350. 350. 350. 350. 350. 350. 350. 300. 300. 300. 300. 300.]
 [236. 262. 270. 277. 271. 277. 273. 280. 279. 277. 268. 276. 271. 275.
  274. 275. 272. 275. 274. 273. 271. 270. 273. 273. 270. 273. 271. 270.
  271. 273. 274. 269. 275. 272. 270. 237. 237. 237. 239. 231.]
 [227. 253. 262. 266. 268. 268. 271. 274. 275. 274. 272. 271. 275. 273.
  277. 272. 279. 274. 275. 274. 274. 275. 278. 277. 271. 277. 270. 273.
  276. 276. 276. 278. 277. 276. 280. 237. 235. 237. 240. 242.]]
##############################
[[ 95. 112. 119. 120. 121. 115. 113. 114. 117. 115. 125. 119. 120. 115.
  116. 117. 115. 118. 123. 118. 125. 120. 122. 117. 117. 122. 111. 116.
  116. 117. 117. 115. 114. 113. 115. 112. 100.  98.  98.  95.]
 [350. 350. 350. 350. 350. 350. 350. 350. 350. 350. 350. 350. 350. 350.
  350. 350. 350. 350. 350. 350. 350. 350. 350. 350. 350. 350. 350. 350.
  350. 350. 350. 350. 350. 350. 350. 350. 300. 300. 300. 300.]
 [236. 262. 270. 277. 271. 277. 273. 280. 279. 277. 268. 276. 271. 275.
  274. 275. 272. 275. 274. 273. 271. 270. 273. 273. 270. 273. 271. 270.
  271. 273. 274. 269. 275. 272. 270. 275. 237. 237. 239. 231.]
 [227. 253. 262. 266. 268. 268. 271. 274. 275. 274. 272. 271. 275. 273.
  277. 272. 279. 274. 275. 274. 274. 275. 278. 277. 271. 277. 270. 273.
  276. 276. 276. 278. 277. 276. 280. 274. 235. 237. 240. 242.]]
##############################
[[ 95. 112. 119. 120. 121. 115. 113. 114. 117. 115. 125. 119. 120. 115.
  116. 117. 115. 118. 123. 118. 125. 120. 122. 117. 117. 122. 111. 116.
  116. 117. 117. 115. 114. 113. 115. 112. 117.  98.  98.  95.]
 [350. 350. 350. 350. 350. 350. 350. 350. 350. 350. 350. 350. 350. 350.
  350. 350. 350. 350. 350. 350. 350. 350. 350. 350. 350. 350. 350. 350.
  350. 350. 350. 350. 350. 350. 350. 350. 350. 300. 300. 300.]
 [236. 262. 270. 277. 271. 277. 273. 280. 279. 277. 268. 276. 271. 275.
  274. 275. 272. 275. 274. 273. 271. 270. 273. 273. 270. 273. 271. 270.
  271. 273. 274. 269. 275. 272. 270. 275. 276. 237. 239. 231.]
 [227. 253. 262. 266. 268. 268. 271. 274. 275. 274. 272. 271. 275. 273.
  277. 272. 279. 274. 275. 274. 274. 275. 278. 277. 271. 277. 270. 273.
  276. 276. 276. 278. 277. 276. 280. 274. 272. 237. 240. 242.]]
##############################
[[ 95. 112. 119. 120. 121. 115. 113. 114. 117. 115. 125. 119. 120. 115.
  116. 117. 115. 118. 123. 118. 125. 120. 122. 117. 117. 122. 111. 116.
  116. 117. 117. 115. 114. 113. 115. 112. 117. 114.  98.  95.]
 [350. 350. 350. 350. 350. 350. 350. 350. 350. 350. 350. 350. 350. 350.
  350. 350. 350. 350. 350. 350. 350. 350. 350. 350. 350. 350. 350. 350.
  350. 350. 350. 350. 350. 350. 350. 350. 350. 350. 300. 300.]
 [236. 262. 270. 277. 271. 277. 273. 280. 279. 277. 268. 276. 271. 275.
  274. 275. 272. 275. 274. 273. 271. 270. 273. 273. 270. 273. 271. 270.
  271. 273. 274. 269. 275. 272. 270. 275. 276. 275. 239. 231.]
 [227. 253. 262. 266. 268. 268. 271. 274. 275. 274. 272. 271. 275. 273.
  277. 272. 279. 274. 275. 274. 274. 275. 278. 277. 271. 277. 270. 273.
  276. 276. 276. 278. 277. 276. 280. 274. 272. 273. 240. 242.]]
##############################
[[ 95. 112. 119. 120. 121. 115. 113. 114. 117. 115. 125. 119. 120. 115.
  116. 117. 115. 118. 123. 118. 125. 120. 122. 117. 117. 122. 111. 116.
  116. 117. 117. 115. 114. 113. 115. 112. 117. 114. 115.  95.]
 [350. 350. 350. 350. 350. 350. 350. 350. 350. 350. 350. 350. 350. 350.
  350. 350. 350. 350. 350. 350. 350. 350. 350. 350. 350. 350. 350. 350.
  350. 350. 350. 350. 350. 350. 350. 350. 350. 350. 350. 300.]
 [236. 262. 270. 277. 271. 277. 273. 280. 279. 277. 268. 276. 271. 275.
  274. 275. 272. 275. 274. 273. 271. 270. 273. 273. 270. 273. 271. 270.
  271. 273. 274. 269. 275. 272. 270. 275. 276. 275. 279. 231.]
 [227. 253. 262. 266. 268. 268. 271. 274. 275. 274. 272. 271. 275. 273.
  277. 272. 279. 274. 275. 274. 274. 275. 278. 277. 271. 277. 270. 273.
  276. 276. 276. 278. 277. 276. 280. 274. 272. 273. 276. 242.]]
##############################
[[ 95. 112. 119. 120. 121. 115. 113. 114. 117. 115. 125. 119. 120. 115.
  116. 117. 115. 118. 123. 118. 125. 120. 122. 117. 117. 122. 111. 116.
  116. 117. 117. 115. 114. 113. 115. 112. 117. 114. 115. 112.]
 [350. 350. 350. 350. 350. 350. 350. 350. 350. 350. 350. 350. 350. 350.
  350. 350. 350. 350. 350. 350. 350. 350. 350. 350. 350. 350. 350. 350.
  350. 350. 350. 350. 350. 350. 350. 350. 350. 350. 350. 350.]
 [236. 262. 270. 277. 271. 277. 273. 280. 279. 277. 268. 276. 271. 275.
  274. 275. 272. 275. 274. 273. 271. 270. 273. 273. 270. 273. 271. 270.
  271. 273. 274. 269. 275. 272. 270. 275. 276. 275. 279. 269.]
 [227. 253. 262. 266. 268. 268. 271. 274. 275. 274. 272. 271. 275. 273.
  277. 272. 279. 274. 275. 274. 274. 275. 278. 277. 271. 277. 270. 273.
  276. 276. 276. 278. 277. 276. 280. 274. 272. 273. 276. 279.]]
##############################
##################################################
##################################################
starting :8 batch
[[106. 112. 119. 120. 121. 115. 113. 114. 117. 115. 125. 119. 120. 115.
  116. 117. 115. 118. 123. 118. 125. 120. 122. 117. 117. 122. 111. 116.
  116. 117. 117. 115. 114. 113. 115. 112. 117. 114. 115. 112.]
 [400. 350. 350. 350. 350. 350. 350. 350. 350. 350. 350. 350. 350. 350.
  350. 350. 350. 350. 350. 350. 350. 350. 350. 350. 350. 350. 350. 350.
  350. 350. 350. 350. 350. 350. 350. 350. 350. 350. 350. 350.]
 [273. 262. 270. 277. 271. 277. 273. 280. 279. 277. 268. 276. 271. 275.
  274. 275. 272. 275. 274. 273. 271. 270. 273. 273. 270. 273. 271. 270.
  271. 273. 274. 269. 275. 272. 270. 275. 276. 275. 279. 269.]
 [264. 253. 262. 266. 268. 268. 271. 274. 275. 274. 272. 271. 275. 273.
  277. 272. 279. 274. 275. 274. 274. 275. 278. 277. 271. 277. 270. 273.
  276. 276. 276. 278. 277. 276. 280. 274. 272. 273. 276. 279.]]
##############################
[[106. 125. 119. 120. 121. 115. 113. 114. 117. 115. 125. 119. 120. 115.
  116. 117. 115. 118. 123. 118. 125. 120. 122. 117. 117. 122. 111. 116.
  116. 117. 117. 115. 114. 113. 115. 112. 117. 114. 115. 112.]
 [400. 400. 350. 350. 350. 350. 350. 350. 350. 350. 350. 350. 350. 350.
  350. 350. 350. 350. 350. 350. 350. 350. 350. 350. 350. 350. 350. 350.
  350. 350. 350. 350. 350. 350. 350. 350. 350. 350. 350. 350.]
 [273. 303. 270. 277. 271. 277. 273. 280. 279. 277. 268. 276. 271. 275.
  274. 275. 272. 275. 274. 273. 271. 270. 273. 273. 270. 273. 271. 270.
  271. 273. 274. 269. 275. 272. 270. 275. 276. 275. 279. 269.]
 [264. 294. 262. 266. 268. 268. 271. 274. 275. 274. 272. 271. 275. 273.
  277. 272. 279. 274. 275. 274. 274. 275. 278. 277. 271. 277. 270. 273.
  276. 276. 276. 278. 277. 276. 280. 274. 272. 273. 276. 279.]]
##############################
[[106. 125. 133. 120. 121. 115. 113. 114. 117. 115. 125. 119. 120. 115.
  116. 117. 115. 118. 123. 118. 125. 120. 122. 117. 117. 122. 111. 116.
  116. 117. 117. 115. 114. 113. 115. 112. 117. 114. 115. 112.]
 [400. 400. 400. 350. 350. 350. 350. 350. 350. 350. 350. 350. 350. 350.
  350. 350. 350. 350. 350. 350. 350. 350. 350. 350. 350. 350. 350. 350.
  350. 350. 350. 350. 350. 350. 350. 350. 350. 350. 350. 350.]
 [273. 303. 310. 277. 271. 277. 273. 280. 279. 277. 268. 276. 271. 275.
  274. 275. 272. 275. 274. 273. 271. 270. 273. 273. 270. 273. 271. 270.
  271. 273. 274. 269. 275. 272. 270. 275. 276. 275. 279. 269.]
 [264. 294. 304. 266. 268. 268. 271. 274. 275. 274. 272. 271. 275. 273.
  277. 272. 279. 274. 275. 274. 274. 275. 278. 277. 271. 277. 270. 273.
  276. 276. 276. 278. 277. 276. 280. 274. 272. 273. 276. 279.]]
##############################
[[106. 125. 133. 135. 121. 115. 113. 114. 117. 115. 125. 119. 120. 115.
  116. 117. 115. 118. 123. 118. 125. 120. 122. 117. 117. 122. 111. 116.
  116. 117. 117. 115. 114. 113. 115. 112. 117. 114. 115. 112.]
 [400. 400. 400. 400. 350. 350. 350. 350. 350. 350. 350. 350. 350. 350.
  350. 350. 350. 350. 350. 350. 350. 350. 350. 350. 350. 350. 350. 350.
  350. 350. 350. 350. 350. 350. 350. 350. 350. 350. 350. 350.]
 [273. 303. 310. 317. 271. 277. 273. 280. 279. 277. 268. 276. 271. 275.
  274. 275. 272. 275. 274. 273. 271. 270. 273. 273. 270. 273. 271. 270.
  271. 273. 274. 269. 275. 272. 270. 275. 276. 275. 279. 269.]
 [264. 294. 304. 307. 268. 268. 271. 274. 275. 274. 272. 271. 275. 273.
  277. 272. 279. 274. 275. 274. 274. 275. 278. 277. 271. 277. 270. 273.
  276. 276. 276. 278. 277. 276. 280. 274. 272. 273. 276. 279.]]
##############################
[[106. 125. 133. 135. 140. 115. 113. 114. 117. 115. 125. 119. 120. 115.
  116. 117. 115. 118. 123. 118. 125. 120. 122. 117. 117. 122. 111. 116.
  116. 117. 117. 115. 114. 113. 115. 112. 117. 114. 115. 112.]
 [400. 400. 400. 400. 400. 350. 350. 350. 350. 350. 350. 350. 350. 350.
  350. 350. 350. 350. 350. 350. 350. 350. 350. 350. 350. 350. 350. 350.
  350. 350. 350. 350. 350. 350. 350. 350. 350. 350. 350. 350.]
 [273. 303. 310. 317. 311. 277. 273. 280. 279. 277. 268. 276. 271. 275.
  274. 275. 272. 275. 274. 273. 271. 270. 273. 273. 270. 273. 271. 270.
  271. 273. 274. 269. 275. 272. 270. 275. 276. 275. 279. 269.]
 [264. 294. 304. 307. 311. 268. 271. 274. 275. 274. 272. 271. 275. 273.
  277. 272. 279. 274. 275. 274. 274. 275. 278. 277. 271. 277. 270. 273.
  276. 276. 276. 278. 277. 276. 280. 274. 272. 273. 276. 279.]]
##############################
[[106. 125. 133. 135. 140. 135. 113. 114. 117. 115. 125. 119. 120. 115.
  116. 117. 115. 118. 123. 118. 125. 120. 122. 117. 117. 122. 111. 116.
  116. 117. 117. 115. 114. 113. 115. 112. 117. 114. 115. 112.]
 [400. 400. 400. 400. 400. 400. 350. 350. 350. 350. 350. 350. 350. 350.
  350. 350. 350. 350. 350. 350. 350. 350. 350. 350. 350. 350. 350. 350.
  350. 350. 350. 350. 350. 350. 350. 350. 350. 350. 350. 350.]
 [273. 303. 310. 317. 311. 318. 273. 280. 279. 277. 268. 276. 271. 275.
  274. 275. 272. 275. 274. 273. 271. 270. 273. 273. 270. 273. 271. 270.
  271. 273. 274. 269. 275. 272. 270. 275. 276. 275. 279. 269.]
 [264. 294. 304. 307. 311. 311. 271. 274. 275. 274. 272. 271. 275. 273.
  277. 272. 279. 274. 275. 274. 274. 275. 278. 277. 271. 277. 270. 273.
  276. 276. 276. 278. 277. 276. 280. 274. 272. 273. 276. 279.]]
##############################
[[106. 125. 133. 135. 140. 135. 133. 114. 117. 115. 125. 119. 120. 115.
  116. 117. 115. 118. 123. 118. 125. 120. 122. 117. 117. 122. 111. 116.
  116. 117. 117. 115. 114. 113. 115. 112. 117. 114. 115. 112.]
 [400. 400. 400. 400. 400. 400. 400. 350. 350. 350. 350. 350. 350. 350.
  350. 350. 350. 350. 350. 350. 350. 350. 350. 350. 350. 350. 350. 350.
  350. 350. 350. 350. 350. 350. 350. 350. 350. 350. 350. 350.]
 [273. 303. 310. 317. 311. 318. 314. 280. 279. 277. 268. 276. 271. 275.
  274. 275. 272. 275. 274. 273. 271. 270. 273. 273. 270. 273. 271. 270.
  271. 273. 274. 269. 275. 272. 270. 275. 276. 275. 279. 269.]
 [264. 294. 304. 307. 311. 311. 315. 274. 275. 274. 272. 271. 275. 273.
  277. 272. 279. 274. 275. 274. 274. 275. 278. 277. 271. 277. 270. 273.
  276. 276. 276. 278. 277. 276. 280. 274. 272. 273. 276. 279.]]
##############################
[[106. 125. 133. 135. 140. 135. 133. 135. 117. 115. 125. 119. 120. 115.
  116. 117. 115. 118. 123. 118. 125. 120. 122. 117. 117. 122. 111. 116.
  116. 117. 117. 115. 114. 113. 115. 112. 117. 114. 115. 112.]
 [400. 400. 400. 400. 400. 400. 400. 400. 350. 350. 350. 350. 350. 350.
  350. 350. 350. 350. 350. 350. 350. 350. 350. 350. 350. 350. 350. 350.
  350. 350. 350. 350. 350. 350. 350. 350. 350. 350. 350. 350.]
 [273. 303. 310. 317. 311. 318. 314. 320. 279. 277. 268. 276. 271. 275.
  274. 275. 272. 275. 274. 273. 271. 270. 273. 273. 270. 273. 271. 270.
  271. 273. 274. 269. 275. 272. 270. 275. 276. 275. 279. 269.]
 [264. 294. 304. 307. 311. 311. 315. 318. 275. 274. 272. 271. 275. 273.
  277. 272. 279. 274. 275. 274. 274. 275. 278. 277. 271. 277. 270. 273.
  276. 276. 276. 278. 277. 276. 280. 274. 272. 273. 276. 279.]]
##############################
[[106. 125. 133. 135. 140. 135. 133. 135. 139. 115. 125. 119. 120. 115.
  116. 117. 115. 118. 123. 118. 125. 120. 122. 117. 117. 122. 111. 116.
  116. 117. 117. 115. 114. 113. 115. 112. 117. 114. 115. 112.]
 [400. 400. 400. 400. 400. 400. 400. 400. 400. 350. 350. 350. 350. 350.
  350. 350. 350. 350. 350. 350. 350. 350. 350. 350. 350. 350. 350. 350.
  350. 350. 350. 350. 350. 350. 350. 350. 350. 350. 350. 350.]
 [273. 303. 310. 317. 311. 318. 314. 320. 318. 277. 268. 276. 271. 275.
  274. 275. 272. 275. 274. 273. 271. 270. 273. 273. 270. 273. 271. 270.
  271. 273. 274. 269. 275. 272. 270. 275. 276. 275. 279. 269.]
 [264. 294. 304. 307. 311. 311. 315. 318. 319. 274. 272. 271. 275. 273.
  277. 272. 279. 274. 275. 274. 274. 275. 278. 277. 271. 277. 270. 273.
  276. 276. 276. 278. 277. 276. 280. 274. 272. 273. 276. 279.]]
##############################
[[106. 125. 133. 135. 140. 135. 133. 135. 139. 136. 125. 119. 120. 115.
  116. 117. 115. 118. 123. 118. 125. 120. 122. 117. 117. 122. 111. 116.
  116. 117. 117. 115. 114. 113. 115. 112. 117. 114. 115. 112.]
 [400. 400. 400. 400. 400. 400. 400. 400. 400. 400. 350. 350. 350. 350.
  350. 350. 350. 350. 350. 350. 350. 350. 350. 350. 350. 350. 350. 350.
  350. 350. 350. 350. 350. 350. 350. 350. 350. 350. 350. 350.]
 [273. 303. 310. 317. 311. 318. 314. 320. 318. 317. 268. 276. 271. 275.
  274. 275. 272. 275. 274. 273. 271. 270. 273. 273. 270. 273. 271. 270.
  271. 273. 274. 269. 275. 272. 270. 275. 276. 275. 279. 269.]
 [264. 294. 304. 307. 311. 311. 315. 318. 319. 318. 272. 271. 275. 273.
  277. 272. 279. 274. 275. 274. 274. 275. 278. 277. 271. 277. 270. 273.
  276. 276. 276. 278. 277. 276. 280. 274. 272. 273. 276. 279.]]
##############################
[[106. 125. 133. 135. 140. 135. 133. 135. 139. 136. 150. 119. 120. 115.
  116. 117. 115. 118. 123. 118. 125. 120. 122. 117. 117. 122. 111. 116.
  116. 117. 117. 115. 114. 113. 115. 112. 117. 114. 115. 112.]
 [400. 400. 400. 400. 400. 400. 400. 400. 400. 400. 400. 350. 350. 350.
  350. 350. 350. 350. 350. 350. 350. 350. 350. 350. 350. 350. 350. 350.
  350. 350. 350. 350. 350. 350. 350. 350. 350. 350. 350. 350.]
 [273. 303. 310. 317. 311. 318. 314. 320. 318. 317. 308. 276. 271. 275.
  274. 275. 272. 275. 274. 273. 271. 270. 273. 273. 270. 273. 271. 270.
  271. 273. 274. 269. 275. 272. 270. 275. 276. 275. 279. 269.]
 [264. 294. 304. 307. 311. 311. 315. 318. 319. 318. 316. 271. 275. 273.
  277. 272. 279. 274. 275. 274. 274. 275. 278. 277. 271. 277. 270. 273.
  276. 276. 276. 278. 277. 276. 280. 274. 272. 273. 276. 279.]]
##############################
[[106. 125. 133. 135. 140. 135. 133. 135. 139. 136. 150. 141. 120. 115.
  116. 117. 115. 118. 123. 118. 125. 120. 122. 117. 117. 122. 111. 116.
  116. 117. 117. 115. 114. 113. 115. 112. 117. 114. 115. 112.]
 [400. 400. 400. 400. 400. 400. 400. 400. 400. 400. 400. 400. 350. 350.
  350. 350. 350. 350. 350. 350. 350. 350. 350. 350. 350. 350. 350. 350.
  350. 350. 350. 350. 350. 350. 350. 350. 350. 350. 350. 350.]
 [273. 303. 310. 317. 311. 318. 314. 320. 318. 317. 308. 316. 271. 275.
  274. 275. 272. 275. 274. 273. 271. 270. 273. 273. 270. 273. 271. 270.
  271. 273. 274. 269. 275. 272. 270. 275. 276. 275. 279. 269.]
 [264. 294. 304. 307. 311. 311. 315. 318. 319. 318. 316. 315. 275. 273.
  277. 272. 279. 274. 275. 274. 274. 275. 278. 277. 271. 277. 270. 273.
  276. 276. 276. 278. 277. 276. 280. 274. 272. 273. 276. 279.]]
##############################
[[106. 125. 133. 135. 140. 135. 133. 135. 139. 136. 150. 141. 142. 115.
  116. 117. 115. 118. 123. 118. 125. 120. 122. 117. 117. 122. 111. 116.
  116. 117. 117. 115. 114. 113. 115. 112. 117. 114. 115. 112.]
 [400. 400. 400. 400. 400. 400. 400. 400. 400. 400. 400. 400. 400. 350.
  350. 350. 350. 350. 350. 350. 350. 350. 350. 350. 350. 350. 350. 350.
  350. 350. 350. 350. 350. 350. 350. 350. 350. 350. 350. 350.]
 [273. 303. 310. 317. 311. 318. 314. 320. 318. 317. 308. 316. 311. 275.
  274. 275. 272. 275. 274. 273. 271. 270. 273. 273. 270. 273. 271. 270.
  271. 273. 274. 269. 275. 272. 270. 275. 276. 275. 279. 269.]
 [264. 294. 304. 307. 311. 311. 315. 318. 319. 318. 316. 315. 318. 273.
  277. 272. 279. 274. 275. 274. 274. 275. 278. 277. 271. 277. 270. 273.
  276. 276. 276. 278. 277. 276. 280. 274. 272. 273. 276. 279.]]
##############################
[[106. 125. 133. 135. 140. 135. 133. 135. 139. 136. 150. 141. 142. 138.
  116. 117. 115. 118. 123. 118. 125. 120. 122. 117. 117. 122. 111. 116.
  116. 117. 117. 115. 114. 113. 115. 112. 117. 114. 115. 112.]
 [400. 400. 400. 400. 400. 400. 400. 400. 400. 400. 400. 400. 400. 400.
  350. 350. 350. 350. 350. 350. 350. 350. 350. 350. 350. 350. 350. 350.
  350. 350. 350. 350. 350. 350. 350. 350. 350. 350. 350. 350.]
 [273. 303. 310. 317. 311. 318. 314. 320. 318. 317. 308. 316. 311. 314.
  274. 275. 272. 275. 274. 273. 271. 270. 273. 273. 270. 273. 271. 270.
  271. 273. 274. 269. 275. 272. 270. 275. 276. 275. 279. 269.]
 [264. 294. 304. 307. 311. 311. 315. 318. 319. 318. 316. 315. 318. 317.
  277. 272. 279. 274. 275. 274. 274. 275. 278. 277. 271. 277. 270. 273.
  276. 276. 276. 278. 277. 276. 280. 274. 272. 273. 276. 279.]]
##############################
[[106. 125. 133. 135. 140. 135. 133. 135. 139. 136. 150. 141. 142. 138.
  138. 117. 115. 118. 123. 118. 125. 120. 122. 117. 117. 122. 111. 116.
  116. 117. 117. 115. 114. 113. 115. 112. 117. 114. 115. 112.]
 [400. 400. 400. 400. 400. 400. 400. 400. 400. 400. 400. 400. 400. 400.
  400. 350. 350. 350. 350. 350. 350. 350. 350. 350. 350. 350. 350. 350.
  350. 350. 350. 350. 350. 350. 350. 350. 350. 350. 350. 350.]
 [273. 303. 310. 317. 311. 318. 314. 320. 318. 317. 308. 316. 311. 314.
  314. 275. 272. 275. 274. 273. 271. 270. 273. 273. 270. 273. 271. 270.
  271. 273. 274. 269. 275. 272. 270. 275. 276. 275. 279. 269.]
 [264. 294. 304. 307. 311. 311. 315. 318. 319. 318. 316. 315. 318. 317.
  321. 272. 279. 274. 275. 274. 274. 275. 278. 277. 271. 277. 270. 273.
  276. 276. 276. 278. 277. 276. 280. 274. 272. 273. 276. 279.]]
##############################
[[106. 125. 133. 135. 140. 135. 133. 135. 139. 136. 150. 141. 142. 138.
  138. 138. 115. 118. 123. 118. 125. 120. 122. 117. 117. 122. 111. 116.
  116. 117. 117. 115. 114. 113. 115. 112. 117. 114. 115. 112.]
 [400. 400. 400. 400. 400. 400. 400. 400. 400. 400. 400. 400. 400. 400.
  400. 400. 350. 350. 350. 350. 350. 350. 350. 350. 350. 350. 350. 350.
  350. 350. 350. 350. 350. 350. 350. 350. 350. 350. 350. 350.]
 [273. 303. 310. 317. 311. 318. 314. 320. 318. 317. 308. 316. 311. 314.
  314. 313. 272. 275. 274. 273. 271. 270. 273. 273. 270. 273. 271. 270.
  271. 273. 274. 269. 275. 272. 270. 275. 276. 275. 279. 269.]
 [264. 294. 304. 307. 311. 311. 315. 318. 319. 318. 316. 315. 318. 317.
  321. 316. 279. 274. 275. 274. 274. 275. 278. 277. 271. 277. 270. 273.
  276. 276. 276. 278. 277. 276. 280. 274. 272. 273. 276. 279.]]
##############################
[[106. 125. 133. 135. 140. 135. 133. 135. 139. 136. 150. 141. 142. 138.
  138. 138. 139. 118. 123. 118. 125. 120. 122. 117. 117. 122. 111. 116.
  116. 117. 117. 115. 114. 113. 115. 112. 117. 114. 115. 112.]
 [400. 400. 400. 400. 400. 400. 400. 400. 400. 400. 400. 400. 400. 400.
  400. 400. 400. 350. 350. 350. 350. 350. 350. 350. 350. 350. 350. 350.
  350. 350. 350. 350. 350. 350. 350. 350. 350. 350. 350. 350.]
 [273. 303. 310. 317. 311. 318. 314. 320. 318. 317. 308. 316. 311. 314.
  314. 313. 312. 275. 274. 273. 271. 270. 273. 273. 270. 273. 271. 270.
  271. 273. 274. 269. 275. 272. 270. 275. 276. 275. 279. 269.]
 [264. 294. 304. 307. 311. 311. 315. 318. 319. 318. 316. 315. 318. 317.
  321. 316. 323. 274. 275. 274. 274. 275. 278. 277. 271. 277. 270. 273.
  276. 276. 276. 278. 277. 276. 280. 274. 272. 273. 276. 279.]]
##############################
[[106. 125. 133. 135. 140. 135. 133. 135. 139. 136. 150. 141. 142. 138.
  138. 138. 139. 141. 123. 118. 125. 120. 122. 117. 117. 122. 111. 116.
  116. 117. 117. 115. 114. 113. 115. 112. 117. 114. 115. 112.]
 [400. 400. 400. 400. 400. 400. 400. 400. 400. 400. 400. 400. 400. 400.
  400. 400. 400. 400. 350. 350. 350. 350. 350. 350. 350. 350. 350. 350.
  350. 350. 350. 350. 350. 350. 350. 350. 350. 350. 350. 350.]
 [273. 303. 310. 317. 311. 318. 314. 320. 318. 317. 308. 316. 311. 314.
  314. 313. 312. 314. 274. 273. 271. 270. 273. 273. 270. 273. 271. 270.
  271. 273. 274. 269. 275. 272. 270. 275. 276. 275. 279. 269.]
 [264. 294. 304. 307. 311. 311. 315. 318. 319. 318. 316. 315. 318. 317.
  321. 316. 323. 318. 275. 274. 274. 275. 278. 277. 271. 277. 270. 273.
  276. 276. 276. 278. 277. 276. 280. 274. 272. 273. 276. 279.]]
##############################
[[106. 125. 133. 135. 140. 135. 133. 135. 139. 136. 150. 141. 142. 138.
  138. 138. 139. 141. 145. 118. 125. 120. 122. 117. 117. 122. 111. 116.
  116. 117. 117. 115. 114. 113. 115. 112. 117. 114. 115. 112.]
 [400. 400. 400. 400. 400. 400. 400. 400. 400. 400. 400. 400. 400. 400.
  400. 400. 400. 400. 400. 350. 350. 350. 350. 350. 350. 350. 350. 350.
  350. 350. 350. 350. 350. 350. 350. 350. 350. 350. 350. 350.]
 [273. 303. 310. 317. 311. 318. 314. 320. 318. 317. 308. 316. 311. 314.
  314. 313. 312. 314. 314. 273. 271. 270. 273. 273. 270. 273. 271. 270.
  271. 273. 274. 269. 275. 272. 270. 275. 276. 275. 279. 269.]
 [264. 294. 304. 307. 311. 311. 315. 318. 319. 318. 316. 315. 318. 317.
  321. 316. 323. 318. 318. 274. 274. 275. 278. 277. 271. 277. 270. 273.
  276. 276. 276. 278. 277. 276. 280. 274. 272. 273. 276. 279.]]
##############################
[[106. 125. 133. 135. 140. 135. 133. 135. 139. 136. 150. 141. 142. 138.
  138. 138. 139. 141. 145. 140. 125. 120. 122. 117. 117. 122. 111. 116.
  116. 117. 117. 115. 114. 113. 115. 112. 117. 114. 115. 112.]
 [400. 400. 400. 400. 400. 400. 400. 400. 400. 400. 400. 400. 400. 400.
  400. 400. 400. 400. 400. 400. 350. 350. 350. 350. 350. 350. 350. 350.
  350. 350. 350. 350. 350. 350. 350. 350. 350. 350. 350. 350.]
 [273. 303. 310. 317. 311. 318. 314. 320. 318. 317. 308. 316. 311. 314.
  314. 313. 312. 314. 314. 312. 271. 270. 273. 273. 270. 273. 271. 270.
  271. 273. 274. 269. 275. 272. 270. 275. 276. 275. 279. 269.]
 [264. 294. 304. 307. 311. 311. 315. 318. 319. 318. 316. 315. 318. 317.
  321. 316. 323. 318. 318. 317. 274. 275. 278. 277. 271. 277. 270. 273.
  276. 276. 276. 278. 277. 276. 280. 274. 272. 273. 276. 279.]]
##############################
[[106. 125. 133. 135. 140. 135. 133. 135. 139. 136. 150. 141. 142. 138.
  138. 138. 139. 141. 145. 140. 147. 120. 122. 117. 117. 122. 111. 116.
  116. 117. 117. 115. 114. 113. 115. 112. 117. 114. 115. 112.]
 [400. 400. 400. 400. 400. 400. 400. 400. 400. 400. 400. 400. 400. 400.
  400. 400. 400. 400. 400. 400. 400. 350. 350. 350. 350. 350. 350. 350.
  350. 350. 350. 350. 350. 350. 350. 350. 350. 350. 350. 350.]
 [273. 303. 310. 317. 311. 318. 314. 320. 318. 317. 308. 316. 311. 314.
  314. 313. 312. 314. 314. 312. 309. 270. 273. 273. 270. 273. 271. 270.
  271. 273. 274. 269. 275. 272. 270. 275. 276. 275. 279. 269.]
 [264. 294. 304. 307. 311. 311. 315. 318. 319. 318. 316. 315. 318. 317.
  321. 316. 323. 318. 318. 317. 317. 275. 278. 277. 271. 277. 270. 273.
  276. 276. 276. 278. 277. 276. 280. 274. 272. 273. 276. 279.]]
##############################
[[106. 125. 133. 135. 140. 135. 133. 135. 139. 136. 150. 141. 142. 138.
  138. 138. 139. 141. 145. 140. 147. 143. 122. 117. 117. 122. 111. 116.
  116. 117. 117. 115. 114. 113. 115. 112. 117. 114. 115. 112.]
 [400. 400. 400. 400. 400. 400. 400. 400. 400. 400. 400. 400. 400. 400.
  400. 400. 400. 400. 400. 400. 400. 400. 350. 350. 350. 350. 350. 350.
  350. 350. 350. 350. 350. 350. 350. 350. 350. 350. 350. 350.]
 [273. 303. 310. 317. 311. 318. 314. 320. 318. 317. 308. 316. 311. 314.
  314. 313. 312. 314. 314. 312. 309. 309. 273. 273. 270. 273. 271. 270.
  271. 273. 274. 269. 275. 272. 270. 275. 276. 275. 279. 269.]
 [264. 294. 304. 307. 311. 311. 315. 318. 319. 318. 316. 315. 318. 317.
  321. 316. 323. 318. 318. 317. 317. 318. 278. 277. 271. 277. 270. 273.
  276. 276. 276. 278. 277. 276. 280. 274. 272. 273. 276. 279.]]
##############################
[[106. 125. 133. 135. 140. 135. 133. 135. 139. 136. 150. 141. 142. 138.
  138. 138. 139. 141. 145. 140. 147. 143. 143. 117. 117. 122. 111. 116.
  116. 117. 117. 115. 114. 113. 115. 112. 117. 114. 115. 112.]
 [400. 400. 400. 400. 400. 400. 400. 400. 400. 400. 400. 400. 400. 400.
  400. 400. 400. 400. 400. 400. 400. 400. 400. 350. 350. 350. 350. 350.
  350. 350. 350. 350. 350. 350. 350. 350. 350. 350. 350. 350.]
 [273. 303. 310. 317. 311. 318. 314. 320. 318. 317. 308. 316. 311. 314.
  314. 313. 312. 314. 314. 312. 309. 309. 312. 273. 270. 273. 271. 270.
  271. 273. 274. 269. 275. 272. 270. 275. 276. 275. 279. 269.]
 [264. 294. 304. 307. 311. 311. 315. 318. 319. 318. 316. 315. 318. 317.
  321. 316. 323. 318. 318. 317. 317. 318. 321. 277. 271. 277. 270. 273.
  276. 276. 276. 278. 277. 276. 280. 274. 272. 273. 276. 279.]]
##############################
[[106. 125. 133. 135. 140. 135. 133. 135. 139. 136. 150. 141. 142. 138.
  138. 138. 139. 141. 145. 140. 147. 143. 143. 140. 117. 122. 111. 116.
  116. 117. 117. 115. 114. 113. 115. 112. 117. 114. 115. 112.]
 [400. 400. 400. 400. 400. 400. 400. 400. 400. 400. 400. 400. 400. 400.
  400. 400. 400. 400. 400. 400. 400. 400. 400. 400. 350. 350. 350. 350.
  350. 350. 350. 350. 350. 350. 350. 350. 350. 350. 350. 350.]
 [273. 303. 310. 317. 311. 318. 314. 320. 318. 317. 308. 316. 311. 314.
  314. 313. 312. 314. 314. 312. 309. 309. 312. 312. 270. 273. 271. 270.
  271. 273. 274. 269. 275. 272. 270. 275. 276. 275. 279. 269.]
 [264. 294. 304. 307. 311. 311. 315. 318. 319. 318. 316. 315. 318. 317.
  321. 316. 323. 318. 318. 317. 317. 318. 321. 318. 271. 277. 270. 273.
  276. 276. 276. 278. 277. 276. 280. 274. 272. 273. 276. 279.]]
##############################
[[106. 125. 133. 135. 140. 135. 133. 135. 139. 136. 150. 141. 142. 138.
  138. 138. 139. 141. 145. 140. 147. 143. 143. 140. 139. 122. 111. 116.
  116. 117. 117. 115. 114. 113. 115. 112. 117. 114. 115. 112.]
 [400. 400. 400. 400. 400. 400. 400. 400. 400. 400. 400. 400. 400. 400.
  400. 400. 400. 400. 400. 400. 400. 400. 400. 400. 400. 350. 350. 350.
  350. 350. 350. 350. 350. 350. 350. 350. 350. 350. 350. 350.]
 [273. 303. 310. 317. 311. 318. 314. 320. 318. 317. 308. 316. 311. 314.
  314. 313. 312. 314. 314. 312. 309. 309. 312. 312. 310. 273. 271. 270.
  271. 273. 274. 269. 275. 272. 270. 275. 276. 275. 279. 269.]
 [264. 294. 304. 307. 311. 311. 315. 318. 319. 318. 316. 315. 318. 317.
  321. 316. 323. 318. 318. 317. 317. 318. 321. 318. 314. 277. 270. 273.
  276. 276. 276. 278. 277. 276. 280. 274. 272. 273. 276. 279.]]
##############################
[[106. 125. 133. 135. 140. 135. 133. 135. 139. 136. 150. 141. 142. 138.
  138. 138. 139. 141. 145. 140. 147. 143. 143. 140. 139. 143. 111. 116.
  116. 117. 117. 115. 114. 113. 115. 112. 117. 114. 115. 112.]
 [400. 400. 400. 400. 400. 400. 400. 400. 400. 400. 400. 400. 400. 400.
  400. 400. 400. 400. 400. 400. 400. 400. 400. 400. 400. 400. 350. 350.
  350. 350. 350. 350. 350. 350. 350. 350. 350. 350. 350. 350.]
 [273. 303. 310. 317. 311. 318. 314. 320. 318. 317. 308. 316. 311. 314.
  314. 313. 312. 314. 314. 312. 309. 309. 312. 312. 310. 312. 271. 270.
  271. 273. 274. 269. 275. 272. 270. 275. 276. 275. 279. 269.]
 [264. 294. 304. 307. 311. 311. 315. 318. 319. 318. 316. 315. 318. 317.
  321. 316. 323. 318. 318. 317. 317. 318. 321. 318. 314. 321. 270. 273.
  276. 276. 276. 278. 277. 276. 280. 274. 272. 273. 276. 279.]]
##############################
[[106. 125. 133. 135. 140. 135. 133. 135. 139. 136. 150. 141. 142. 138.
  138. 138. 139. 141. 145. 140. 147. 143. 143. 140. 139. 143. 133. 116.
  116. 117. 117. 115. 114. 113. 115. 112. 117. 114. 115. 112.]
 [400. 400. 400. 400. 400. 400. 400. 400. 400. 400. 400. 400. 400. 400.
  400. 400. 400. 400. 400. 400. 400. 400. 400. 400. 400. 400. 400. 350.
  350. 350. 350. 350. 350. 350. 350. 350. 350. 350. 350. 350.]
 [273. 303. 310. 317. 311. 318. 314. 320. 318. 317. 308. 316. 311. 314.
  314. 313. 312. 314. 314. 312. 309. 309. 312. 312. 310. 312. 310. 270.
  271. 273. 274. 269. 275. 272. 270. 275. 276. 275. 279. 269.]
 [264. 294. 304. 307. 311. 311. 315. 318. 319. 318. 316. 315. 318. 317.
  321. 316. 323. 318. 318. 317. 317. 318. 321. 318. 314. 321. 313. 273.
  276. 276. 276. 278. 277. 276. 280. 274. 272. 273. 276. 279.]]
##############################
[[106. 125. 133. 135. 140. 135. 133. 135. 139. 136. 150. 141. 142. 138.
  138. 138. 139. 141. 145. 140. 147. 143. 143. 140. 139. 143. 133. 140.
  116. 117. 117. 115. 114. 113. 115. 112. 117. 114. 115. 112.]
 [400. 400. 400. 400. 400. 400. 400. 400. 400. 400. 400. 400. 400. 400.
  400. 400. 400. 400. 400. 400. 400. 400. 400. 400. 400. 400. 400. 400.
  350. 350. 350. 350. 350. 350. 350. 350. 350. 350. 350. 350.]
 [273. 303. 310. 317. 311. 318. 314. 320. 318. 317. 308. 316. 311. 314.
  314. 313. 312. 314. 314. 312. 309. 309. 312. 312. 310. 312. 310. 309.
  271. 273. 274. 269. 275. 272. 270. 275. 276. 275. 279. 269.]
 [264. 294. 304. 307. 311. 311. 315. 318. 319. 318. 316. 315. 318. 317.
  321. 316. 323. 318. 318. 317. 317. 318. 321. 318. 314. 321. 313. 314.
  276. 276. 276. 278. 277. 276. 280. 274. 272. 273. 276. 279.]]
##############################
[[106. 125. 133. 135. 140. 135. 133. 135. 139. 136. 150. 141. 142. 138.
  138. 138. 139. 141. 145. 140. 147. 143. 143. 140. 139. 143. 133. 140.
  138. 117. 117. 115. 114. 113. 115. 112. 117. 114. 115. 112.]
 [400. 400. 400. 400. 400. 400. 400. 400. 400. 400. 400. 400. 400. 400.
  400. 400. 400. 400. 400. 400. 400. 400. 400. 400. 400. 400. 400. 400.
  400. 350. 350. 350. 350. 350. 350. 350. 350. 350. 350. 350.]
 [273. 303. 310. 317. 311. 318. 314. 320. 318. 317. 308. 316. 311. 314.
  314. 313. 312. 314. 314. 312. 309. 309. 312. 312. 310. 312. 310. 309.
  310. 273. 274. 269. 275. 272. 270. 275. 276. 275. 279. 269.]
 [264. 294. 304. 307. 311. 311. 315. 318. 319. 318. 316. 315. 318. 317.
  321. 316. 323. 318. 318. 317. 317. 318. 321. 318. 314. 321. 313. 314.
  319. 276. 276. 278. 277. 276. 280. 274. 272. 273. 276. 279.]]
##############################
[[106. 125. 133. 135. 140. 135. 133. 135. 139. 136. 150. 141. 142. 138.
  138. 138. 139. 141. 145. 140. 147. 143. 143. 140. 139. 143. 133. 140.
  138. 140. 117. 115. 114. 113. 115. 112. 117. 114. 115. 112.]
 [400. 400. 400. 400. 400. 400. 400. 400. 400. 400. 400. 400. 400. 400.
  400. 400. 400. 400. 400. 400. 400. 400. 400. 400. 400. 400. 400. 400.
  400. 400. 350. 350. 350. 350. 350. 350. 350. 350. 350. 350.]
 [273. 303. 310. 317. 311. 318. 314. 320. 318. 317. 308. 316. 311. 314.
  314. 313. 312. 314. 314. 312. 309. 309. 312. 312. 310. 312. 310. 309.
  310. 311. 274. 269. 275. 272. 270. 275. 276. 275. 279. 269.]
 [264. 294. 304. 307. 311. 311. 315. 318. 319. 318. 316. 315. 318. 317.
  321. 316. 323. 318. 318. 317. 317. 318. 321. 318. 314. 321. 313. 314.
  319. 320. 276. 278. 277. 276. 280. 274. 272. 273. 276. 279.]]
##############################
[[106. 125. 133. 135. 140. 135. 133. 135. 139. 136. 150. 141. 142. 138.
  138. 138. 139. 141. 145. 140. 147. 143. 143. 140. 139. 143. 133. 140.
  138. 140. 140. 115. 114. 113. 115. 112. 117. 114. 115. 112.]
 [400. 400. 400. 400. 400. 400. 400. 400. 400. 400. 400. 400. 400. 400.
  400. 400. 400. 400. 400. 400. 400. 400. 400. 400. 400. 400. 400. 400.
  400. 400. 400. 350. 350. 350. 350. 350. 350. 350. 350. 350.]
 [273. 303. 310. 317. 311. 318. 314. 320. 318. 317. 308. 316. 311. 314.
  314. 313. 312. 314. 314. 312. 309. 309. 312. 312. 310. 312. 310. 309.
  310. 311. 313. 269. 275. 272. 270. 275. 276. 275. 279. 269.]
 [264. 294. 304. 307. 311. 311. 315. 318. 319. 318. 316. 315. 318. 317.
  321. 316. 323. 318. 318. 317. 317. 318. 321. 318. 314. 321. 313. 314.
  319. 320. 319. 278. 277. 276. 280. 274. 272. 273. 276. 279.]]
##############################
[[106. 125. 133. 135. 140. 135. 133. 135. 139. 136. 150. 141. 142. 138.
  138. 138. 139. 141. 145. 140. 147. 143. 143. 140. 139. 143. 133. 140.
  138. 140. 140. 138. 114. 113. 115. 112. 117. 114. 115. 112.]
 [400. 400. 400. 400. 400. 400. 400. 400. 400. 400. 400. 400. 400. 400.
  400. 400. 400. 400. 400. 400. 400. 400. 400. 400. 400. 400. 400. 400.
  400. 400. 400. 400. 350. 350. 350. 350. 350. 350. 350. 350.]
 [273. 303. 310. 317. 311. 318. 314. 320. 318. 317. 308. 316. 311. 314.
  314. 313. 312. 314. 314. 312. 309. 309. 312. 312. 310. 312. 310. 309.
  310. 311. 313. 307. 275. 272. 270. 275. 276. 275. 279. 269.]
 [264. 294. 304. 307. 311. 311. 315. 318. 319. 318. 316. 315. 318. 317.
  321. 316. 323. 318. 318. 317. 317. 318. 321. 318. 314. 321. 313. 314.
  319. 320. 319. 322. 277. 276. 280. 274. 272. 273. 276. 279.]]
##############################
[[106. 125. 133. 135. 140. 135. 133. 135. 139. 136. 150. 141. 142. 138.
  138. 138. 139. 141. 145. 140. 147. 143. 143. 140. 139. 143. 133. 140.
  138. 140. 140. 138. 137. 113. 115. 112. 117. 114. 115. 112.]
 [400. 400. 400. 400. 400. 400. 400. 400. 400. 400. 400. 400. 400. 400.
  400. 400. 400. 400. 400. 400. 400. 400. 400. 400. 400. 400. 400. 400.
  400. 400. 400. 400. 400. 350. 350. 350. 350. 350. 350. 350.]
 [273. 303. 310. 317. 311. 318. 314. 320. 318. 317. 308. 316. 311. 314.
  314. 313. 312. 314. 314. 312. 309. 309. 312. 312. 310. 312. 310. 309.
  310. 311. 313. 307. 312. 272. 270. 275. 276. 275. 279. 269.]
 [264. 294. 304. 307. 311. 311. 315. 318. 319. 318. 316. 315. 318. 317.
  321. 316. 323. 318. 318. 317. 317. 318. 321. 318. 314. 321. 313. 314.
  319. 320. 319. 322. 320. 276. 280. 274. 272. 273. 276. 279.]]
##############################
[[106. 125. 133. 135. 140. 135. 133. 135. 139. 136. 150. 141. 142. 138.
  138. 138. 139. 141. 145. 140. 147. 143. 143. 140. 139. 143. 133. 140.
  138. 140. 140. 138. 137. 136. 115. 112. 117. 114. 115. 112.]
 [400. 400. 400. 400. 400. 400. 400. 400. 400. 400. 400. 400. 400. 400.
  400. 400. 400. 400. 400. 400. 400. 400. 400. 400. 400. 400. 400. 400.
  400. 400. 400. 400. 400. 400. 350. 350. 350. 350. 350. 350.]
 [273. 303. 310. 317. 311. 318. 314. 320. 318. 317. 308. 316. 311. 314.
  314. 313. 312. 314. 314. 312. 309. 309. 312. 312. 310. 312. 310. 309.
  310. 311. 313. 307. 312. 310. 270. 275. 276. 275. 279. 269.]
 [264. 294. 304. 307. 311. 311. 315. 318. 319. 318. 316. 315. 318. 317.
  321. 316. 323. 318. 318. 317. 317. 318. 321. 318. 314. 321. 313. 314.
  319. 320. 319. 322. 320. 320. 280. 274. 272. 273. 276. 279.]]
##############################
[[106. 125. 133. 135. 140. 135. 133. 135. 139. 136. 150. 141. 142. 138.
  138. 138. 139. 141. 145. 140. 147. 143. 143. 140. 139. 143. 133. 140.
  138. 140. 140. 138. 137. 136. 137. 112. 117. 114. 115. 112.]
 [400. 400. 400. 400. 400. 400. 400. 400. 400. 400. 400. 400. 400. 400.
  400. 400. 400. 400. 400. 400. 400. 400. 400. 400. 400. 400. 400. 400.
  400. 400. 400. 400. 400. 400. 400. 350. 350. 350. 350. 350.]
 [273. 303. 310. 317. 311. 318. 314. 320. 318. 317. 308. 316. 311. 314.
  314. 313. 312. 314. 314. 312. 309. 309. 312. 312. 310. 312. 310. 309.
  310. 311. 313. 307. 312. 310. 309. 275. 276. 275. 279. 269.]
 [264. 294. 304. 307. 311. 311. 315. 318. 319. 318. 316. 315. 318. 317.
  321. 316. 323. 318. 318. 317. 317. 318. 321. 318. 314. 321. 313. 314.
  319. 320. 319. 322. 320. 320. 323. 274. 272. 273. 276. 279.]]
##############################
[[106. 125. 133. 135. 140. 135. 133. 135. 139. 136. 150. 141. 142. 138.
  138. 138. 139. 141. 145. 140. 147. 143. 143. 140. 139. 143. 133. 140.
  138. 140. 140. 138. 137. 136. 137. 134. 117. 114. 115. 112.]
 [400. 400. 400. 400. 400. 400. 400. 400. 400. 400. 400. 400. 400. 400.
  400. 400. 400. 400. 400. 400. 400. 400. 400. 400. 400. 400. 400. 400.
  400. 400. 400. 400. 400. 400. 400. 400. 350. 350. 350. 350.]
 [273. 303. 310. 317. 311. 318. 314. 320. 318. 317. 308. 316. 311. 314.
  314. 313. 312. 314. 314. 312. 309. 309. 312. 312. 310. 312. 310. 309.
  310. 311. 313. 307. 312. 310. 309. 315. 276. 275. 279. 269.]
 [264. 294. 304. 307. 311. 311. 315. 318. 319. 318. 316. 315. 318. 317.
  321. 316. 323. 318. 318. 317. 317. 318. 321. 318. 314. 321. 313. 314.
  319. 320. 319. 322. 320. 320. 323. 317. 272. 273. 276. 279.]]
##############################
[[106. 125. 133. 135. 140. 135. 133. 135. 139. 136. 150. 141. 142. 138.
  138. 138. 139. 141. 145. 140. 147. 143. 143. 140. 139. 143. 133. 140.
  138. 140. 140. 138. 137. 136. 137. 134. 141. 114. 115. 112.]
 [400. 400. 400. 400. 400. 400. 400. 400. 400. 400. 400. 400. 400. 400.
  400. 400. 400. 400. 400. 400. 400. 400. 400. 400. 400. 400. 400. 400.
  400. 400. 400. 400. 400. 400. 400. 400. 400. 350. 350. 350.]
 [273. 303. 310. 317. 311. 318. 314. 320. 318. 317. 308. 316. 311. 314.
  314. 313. 312. 314. 314. 312. 309. 309. 312. 312. 310. 312. 310. 309.
  310. 311. 313. 307. 312. 310. 309. 315. 315. 275. 279. 269.]
 [264. 294. 304. 307. 311. 311. 315. 318. 319. 318. 316. 315. 318. 317.
  321. 316. 323. 318. 318. 317. 317. 318. 321. 318. 314. 321. 313. 314.
  319. 320. 319. 322. 320. 320. 323. 317. 315. 273. 276. 279.]]
##############################
[[106. 125. 133. 135. 140. 135. 133. 135. 139. 136. 150. 141. 142. 138.
  138. 138. 139. 141. 145. 140. 147. 143. 143. 140. 139. 143. 133. 140.
  138. 140. 140. 138. 137. 136. 137. 134. 141. 138. 115. 112.]
 [400. 400. 400. 400. 400. 400. 400. 400. 400. 400. 400. 400. 400. 400.
  400. 400. 400. 400. 400. 400. 400. 400. 400. 400. 400. 400. 400. 400.
  400. 400. 400. 400. 400. 400. 400. 400. 400. 400. 350. 350.]
 [273. 303. 310. 317. 311. 318. 314. 320. 318. 317. 308. 316. 311. 314.
  314. 313. 312. 314. 314. 312. 309. 309. 312. 312. 310. 312. 310. 309.
  310. 311. 313. 307. 312. 310. 309. 315. 315. 314. 279. 269.]
 [264. 294. 304. 307. 311. 311. 315. 318. 319. 318. 316. 315. 318. 317.
  321. 316. 323. 318. 318. 317. 317. 318. 321. 318. 314. 321. 313. 314.
  319. 320. 319. 322. 320. 320. 323. 317. 315. 314. 276. 279.]]
##############################
[[106. 125. 133. 135. 140. 135. 133. 135. 139. 136. 150. 141. 142. 138.
  138. 138. 139. 141. 145. 140. 147. 143. 143. 140. 139. 143. 133. 140.
  138. 140. 140. 138. 137. 136. 137. 134. 141. 138. 138. 112.]
 [400. 400. 400. 400. 400. 400. 400. 400. 400. 400. 400. 400. 400. 400.
  400. 400. 400. 400. 400. 400. 400. 400. 400. 400. 400. 400. 400. 400.
  400. 400. 400. 400. 400. 400. 400. 400. 400. 400. 400. 350.]
 [273. 303. 310. 317. 311. 318. 314. 320. 318. 317. 308. 316. 311. 314.
  314. 313. 312. 314. 314. 312. 309. 309. 312. 312. 310. 312. 310. 309.
  310. 311. 313. 307. 312. 310. 309. 315. 315. 314. 318. 269.]
 [264. 294. 304. 307. 311. 311. 315. 318. 319. 318. 316. 315. 318. 317.
  321. 316. 323. 318. 318. 317. 317. 318. 321. 318. 314. 321. 313. 314.
  319. 320. 319. 322. 320. 320. 323. 317. 315. 314. 320. 279.]]
##############################
[[106. 125. 133. 135. 140. 135. 133. 135. 139. 136. 150. 141. 142. 138.
  138. 138. 139. 141. 145. 140. 147. 143. 143. 140. 139. 143. 133. 140.
  138. 140. 140. 138. 137. 136. 137. 134. 141. 138. 138. 136.]
 [400. 400. 400. 400. 400. 400. 400. 400. 400. 400. 400. 400. 400. 400.
  400. 400. 400. 400. 400. 400. 400. 400. 400. 400. 400. 400. 400. 400.
  400. 400. 400. 400. 400. 400. 400. 400. 400. 400. 400. 400.]
 [273. 303. 310. 317. 311. 318. 314. 320. 318. 317. 308. 316. 311. 314.
  314. 313. 312. 314. 314. 312. 309. 309. 312. 312. 310. 312. 310. 309.
  310. 311. 313. 307. 312. 310. 309. 315. 315. 314. 318. 308.]
 [264. 294. 304. 307. 311. 311. 315. 318. 319. 318. 316. 315. 318. 317.
  321. 316. 323. 318. 318. 317. 317. 318. 321. 318. 314. 321. 313. 314.
  319. 320. 319. 322. 320. 320. 323. 317. 315. 314. 320. 321.]]
##############################
##################################################
##################################################
starting :9 batch
[[118. 125. 133. 135. 140. 135. 133. 135. 139. 136. 150. 141. 142. 138.
  138. 138. 139. 141. 145. 140. 147. 143. 143. 140. 139. 143. 133. 140.
  138. 140. 140. 138. 137. 136. 137. 134. 141. 138. 138. 136.]
 [450. 400. 400. 400. 400. 400. 400. 400. 400. 400. 400. 400. 400. 400.
  400. 400. 400. 400. 400. 400. 400. 400. 400. 400. 400. 400. 400. 400.
  400. 400. 400. 400. 400. 400. 400. 400. 400. 400. 400. 400.]
 [304. 303. 310. 317. 311. 318. 314. 320. 318. 317. 308. 316. 311. 314.
  314. 313. 312. 314. 314. 312. 309. 309. 312. 312. 310. 312. 310. 309.
  310. 311. 313. 307. 312. 310. 309. 315. 315. 314. 318. 308.]
 [297. 294. 304. 307. 311. 311. 315. 318. 319. 318. 316. 315. 318. 317.
  321. 316. 323. 318. 318. 317. 317. 318. 321. 318. 314. 321. 313. 314.
  319. 320. 319. 322. 320. 320. 323. 317. 315. 314. 320. 321.]]
##############################
[[118. 141. 133. 135. 140. 135. 133. 135. 139. 136. 150. 141. 142. 138.
  138. 138. 139. 141. 145. 140. 147. 143. 143. 140. 139. 143. 133. 140.
  138. 140. 140. 138. 137. 136. 137. 134. 141. 138. 138. 136.]
 [450. 450. 400. 400. 400. 400. 400. 400. 400. 400. 400. 400. 400. 400.
  400. 400. 400. 400. 400. 400. 400. 400. 400. 400. 400. 400. 400. 400.
  400. 400. 400. 400. 400. 400. 400. 400. 400. 400. 400. 400.]
 [304. 340. 310. 317. 311. 318. 314. 320. 318. 317. 308. 316. 311. 314.
  314. 313. 312. 314. 314. 312. 309. 309. 312. 312. 310. 312. 310. 309.
  310. 311. 313. 307. 312. 310. 309. 315. 315. 314. 318. 308.]
 [297. 328. 304. 307. 311. 311. 315. 318. 319. 318. 316. 315. 318. 317.
  321. 316. 323. 318. 318. 317. 317. 318. 321. 318. 314. 321. 313. 314.
  319. 320. 319. 322. 320. 320. 323. 317. 315. 314. 320. 321.]]
##############################
[[118. 141. 152. 135. 140. 135. 133. 135. 139. 136. 150. 141. 142. 138.
  138. 138. 139. 141. 145. 140. 147. 143. 143. 140. 139. 143. 133. 140.
  138. 140. 140. 138. 137. 136. 137. 134. 141. 138. 138. 136.]
 [450. 450. 450. 400. 400. 400. 400. 400. 400. 400. 400. 400. 400. 400.
  400. 400. 400. 400. 400. 400. 400. 400. 400. 400. 400. 400. 400. 400.
  400. 400. 400. 400. 400. 400. 400. 400. 400. 400. 400. 400.]
 [304. 340. 347. 317. 311. 318. 314. 320. 318. 317. 308. 316. 311. 314.
  314. 313. 312. 314. 314. 312. 309. 309. 312. 312. 310. 312. 310. 309.
  310. 311. 313. 307. 312. 310. 309. 315. 315. 314. 318. 308.]
 [297. 328. 343. 307. 311. 311. 315. 318. 319. 318. 316. 315. 318. 317.
  321. 316. 323. 318. 318. 317. 317. 318. 321. 318. 314. 321. 313. 314.
  319. 320. 319. 322. 320. 320. 323. 317. 315. 314. 320. 321.]]
##############################
[[118. 141. 152. 154. 140. 135. 133. 135. 139. 136. 150. 141. 142. 138.
  138. 138. 139. 141. 145. 140. 147. 143. 143. 140. 139. 143. 133. 140.
  138. 140. 140. 138. 137. 136. 137. 134. 141. 138. 138. 136.]
 [450. 450. 450. 450. 400. 400. 400. 400. 400. 400. 400. 400. 400. 400.
  400. 400. 400. 400. 400. 400. 400. 400. 400. 400. 400. 400. 400. 400.
  400. 400. 400. 400. 400. 400. 400. 400. 400. 400. 400. 400.]
 [304. 340. 347. 353. 311. 318. 314. 320. 318. 317. 308. 316. 311. 314.
  314. 313. 312. 314. 314. 312. 309. 309. 312. 312. 310. 312. 310. 309.
  310. 311. 313. 307. 312. 310. 309. 315. 315. 314. 318. 308.]
 [297. 328. 343. 346. 311. 311. 315. 318. 319. 318. 316. 315. 318. 317.
  321. 316. 323. 318. 318. 317. 317. 318. 321. 318. 314. 321. 313. 314.
  319. 320. 319. 322. 320. 320. 323. 317. 315. 314. 320. 321.]]
##############################
[[118. 141. 152. 154. 161. 135. 133. 135. 139. 136. 150. 141. 142. 138.
  138. 138. 139. 141. 145. 140. 147. 143. 143. 140. 139. 143. 133. 140.
  138. 140. 140. 138. 137. 136. 137. 134. 141. 138. 138. 136.]
 [450. 450. 450. 450. 450. 400. 400. 400. 400. 400. 400. 400. 400. 400.
  400. 400. 400. 400. 400. 400. 400. 400. 400. 400. 400. 400. 400. 400.
  400. 400. 400. 400. 400. 400. 400. 400. 400. 400. 400. 400.]
 [304. 340. 347. 353. 348. 318. 314. 320. 318. 317. 308. 316. 311. 314.
  314. 313. 312. 314. 314. 312. 309. 309. 312. 312. 310. 312. 310. 309.
  310. 311. 313. 307. 312. 310. 309. 315. 315. 314. 318. 308.]
 [297. 328. 343. 346. 348. 311. 315. 318. 319. 318. 316. 315. 318. 317.
  321. 316. 323. 318. 318. 317. 317. 318. 321. 318. 314. 321. 313. 314.
  319. 320. 319. 322. 320. 320. 323. 317. 315. 314. 320. 321.]]
##############################
[[118. 141. 152. 154. 161. 155. 133. 135. 139. 136. 150. 141. 142. 138.
  138. 138. 139. 141. 145. 140. 147. 143. 143. 140. 139. 143. 133. 140.
  138. 140. 140. 138. 137. 136. 137. 134. 141. 138. 138. 136.]
 [450. 450. 450. 450. 450. 450. 400. 400. 400. 400. 400. 400. 400. 400.
  400. 400. 400. 400. 400. 400. 400. 400. 400. 400. 400. 400. 400. 400.
  400. 400. 400. 400. 400. 400. 400. 400. 400. 400. 400. 400.]
 [304. 340. 347. 353. 348. 355. 314. 320. 318. 317. 308. 316. 311. 314.
  314. 313. 312. 314. 314. 312. 309. 309. 312. 312. 310. 312. 310. 309.
  310. 311. 313. 307. 312. 310. 309. 315. 315. 314. 318. 308.]
 [297. 328. 343. 346. 348. 349. 315. 318. 319. 318. 316. 315. 318. 317.
  321. 316. 323. 318. 318. 317. 317. 318. 321. 318. 314. 321. 313. 314.
  319. 320. 319. 322. 320. 320. 323. 317. 315. 314. 320. 321.]]
##############################
[[118. 141. 152. 154. 161. 155. 154. 135. 139. 136. 150. 141. 142. 138.
  138. 138. 139. 141. 145. 140. 147. 143. 143. 140. 139. 143. 133. 140.
  138. 140. 140. 138. 137. 136. 137. 134. 141. 138. 138. 136.]
 [450. 450. 450. 450. 450. 450. 450. 400. 400. 400. 400. 400. 400. 400.
  400. 400. 400. 400. 400. 400. 400. 400. 400. 400. 400. 400. 400. 400.
  400. 400. 400. 400. 400. 400. 400. 400. 400. 400. 400. 400.]
 [304. 340. 347. 353. 348. 355. 350. 320. 318. 317. 308. 316. 311. 314.
  314. 313. 312. 314. 314. 312. 309. 309. 312. 312. 310. 312. 310. 309.
  310. 311. 313. 307. 312. 310. 309. 315. 315. 314. 318. 308.]
 [297. 328. 343. 346. 348. 349. 355. 318. 319. 318. 316. 315. 318. 317.
  321. 316. 323. 318. 318. 317. 317. 318. 321. 318. 314. 321. 313. 314.
  319. 320. 319. 322. 320. 320. 323. 317. 315. 314. 320. 321.]]
##############################
[[118. 141. 152. 154. 161. 155. 154. 156. 139. 136. 150. 141. 142. 138.
  138. 138. 139. 141. 145. 140. 147. 143. 143. 140. 139. 143. 133. 140.
  138. 140. 140. 138. 137. 136. 137. 134. 141. 138. 138. 136.]
 [450. 450. 450. 450. 450. 450. 450. 450. 400. 400. 400. 400. 400. 400.
  400. 400. 400. 400. 400. 400. 400. 400. 400. 400. 400. 400. 400. 400.
  400. 400. 400. 400. 400. 400. 400. 400. 400. 400. 400. 400.]
 [304. 340. 347. 353. 348. 355. 350. 356. 318. 317. 308. 316. 311. 314.
  314. 313. 312. 314. 314. 312. 309. 309. 312. 312. 310. 312. 310. 309.
  310. 311. 313. 307. 312. 310. 309. 315. 315. 314. 318. 308.]
 [297. 328. 343. 346. 348. 349. 355. 355. 319. 318. 316. 315. 318. 317.
  321. 316. 323. 318. 318. 317. 317. 318. 321. 318. 314. 321. 313. 314.
  319. 320. 319. 322. 320. 320. 323. 317. 315. 314. 320. 321.]]
##############################
[[118. 141. 152. 154. 161. 155. 154. 156. 159. 136. 150. 141. 142. 138.
  138. 138. 139. 141. 145. 140. 147. 143. 143. 140. 139. 143. 133. 140.
  138. 140. 140. 138. 137. 136. 137. 134. 141. 138. 138. 136.]
 [450. 450. 450. 450. 450. 450. 450. 450. 450. 400. 400. 400. 400. 400.
  400. 400. 400. 400. 400. 400. 400. 400. 400. 400. 400. 400. 400. 400.
  400. 400. 400. 400. 400. 400. 400. 400. 400. 400. 400. 400.]
 [304. 340. 347. 353. 348. 355. 350. 356. 355. 317. 308. 316. 311. 314.
  314. 313. 312. 314. 314. 312. 309. 309. 312. 312. 310. 312. 310. 309.
  310. 311. 313. 307. 312. 310. 309. 315. 315. 314. 318. 308.]
 [297. 328. 343. 346. 348. 349. 355. 355. 356. 318. 316. 315. 318. 317.
  321. 316. 323. 318. 318. 317. 317. 318. 321. 318. 314. 321. 313. 314.
  319. 320. 319. 322. 320. 320. 323. 317. 315. 314. 320. 321.]]
##############################
[[118. 141. 152. 154. 161. 155. 154. 156. 159. 159. 150. 141. 142. 138.
  138. 138. 139. 141. 145. 140. 147. 143. 143. 140. 139. 143. 133. 140.
  138. 140. 140. 138. 137. 136. 137. 134. 141. 138. 138. 136.]
 [450. 450. 450. 450. 450. 450. 450. 450. 450. 450. 400. 400. 400. 400.
  400. 400. 400. 400. 400. 400. 400. 400. 400. 400. 400. 400. 400. 400.
  400. 400. 400. 400. 400. 400. 400. 400. 400. 400. 400. 400.]
 [304. 340. 347. 353. 348. 355. 350. 356. 355. 354. 308. 316. 311. 314.
  314. 313. 312. 314. 314. 312. 309. 309. 312. 312. 310. 312. 310. 309.
  310. 311. 313. 307. 312. 310. 309. 315. 315. 314. 318. 308.]
 [297. 328. 343. 346. 348. 349. 355. 355. 356. 355. 316. 315. 318. 317.
  321. 316. 323. 318. 318. 317. 317. 318. 321. 318. 314. 321. 313. 314.
  319. 320. 319. 322. 320. 320. 323. 317. 315. 314. 320. 321.]]
##############################
[[118. 141. 152. 154. 161. 155. 154. 156. 159. 159. 171. 141. 142. 138.
  138. 138. 139. 141. 145. 140. 147. 143. 143. 140. 139. 143. 133. 140.
  138. 140. 140. 138. 137. 136. 137. 134. 141. 138. 138. 136.]
 [450. 450. 450. 450. 450. 450. 450. 450. 450. 450. 450. 400. 400. 400.
  400. 400. 400. 400. 400. 400. 400. 400. 400. 400. 400. 400. 400. 400.
  400. 400. 400. 400. 400. 400. 400. 400. 400. 400. 400. 400.]
 [304. 340. 347. 353. 348. 355. 350. 356. 355. 354. 345. 316. 311. 314.
  314. 313. 312. 314. 314. 312. 309. 309. 312. 312. 310. 312. 310. 309.
  310. 311. 313. 307. 312. 310. 309. 315. 315. 314. 318. 308.]
 [297. 328. 343. 346. 348. 349. 355. 355. 356. 355. 354. 315. 318. 317.
  321. 316. 323. 318. 318. 317. 317. 318. 321. 318. 314. 321. 313. 314.
  319. 320. 319. 322. 320. 320. 323. 317. 315. 314. 320. 321.]]
##############################
[[118. 141. 152. 154. 161. 155. 154. 156. 159. 159. 171. 161. 142. 138.
  138. 138. 139. 141. 145. 140. 147. 143. 143. 140. 139. 143. 133. 140.
  138. 140. 140. 138. 137. 136. 137. 134. 141. 138. 138. 136.]
 [450. 450. 450. 450. 450. 450. 450. 450. 450. 450. 450. 450. 400. 400.
  400. 400. 400. 400. 400. 400. 400. 400. 400. 400. 400. 400. 400. 400.
  400. 400. 400. 400. 400. 400. 400. 400. 400. 400. 400. 400.]
 [304. 340. 347. 353. 348. 355. 350. 356. 355. 354. 345. 352. 311. 314.
  314. 313. 312. 314. 314. 312. 309. 309. 312. 312. 310. 312. 310. 309.
  310. 311. 313. 307. 312. 310. 309. 315. 315. 314. 318. 308.]
 [297. 328. 343. 346. 348. 349. 355. 355. 356. 355. 354. 352. 318. 317.
  321. 316. 323. 318. 318. 317. 317. 318. 321. 318. 314. 321. 313. 314.
  319. 320. 319. 322. 320. 320. 323. 317. 315. 314. 320. 321.]]
##############################
[[118. 141. 152. 154. 161. 155. 154. 156. 159. 159. 171. 161. 165. 138.
  138. 138. 139. 141. 145. 140. 147. 143. 143. 140. 139. 143. 133. 140.
  138. 140. 140. 138. 137. 136. 137. 134. 141. 138. 138. 136.]
 [450. 450. 450. 450. 450. 450. 450. 450. 450. 450. 450. 450. 450. 400.
  400. 400. 400. 400. 400. 400. 400. 400. 400. 400. 400. 400. 400. 400.
  400. 400. 400. 400. 400. 400. 400. 400. 400. 400. 400. 400.]
 [304. 340. 347. 353. 348. 355. 350. 356. 355. 354. 345. 352. 347. 314.
  314. 313. 312. 314. 314. 312. 309. 309. 312. 312. 310. 312. 310. 309.
  310. 311. 313. 307. 312. 310. 309. 315. 315. 314. 318. 308.]
 [297. 328. 343. 346. 348. 349. 355. 355. 356. 355. 354. 352. 357. 317.
  321. 316. 323. 318. 318. 317. 317. 318. 321. 318. 314. 321. 313. 314.
  319. 320. 319. 322. 320. 320. 323. 317. 315. 314. 320. 321.]]
##############################
[[118. 141. 152. 154. 161. 155. 154. 156. 159. 159. 171. 161. 165. 161.
  138. 138. 139. 141. 145. 140. 147. 143. 143. 140. 139. 143. 133. 140.
  138. 140. 140. 138. 137. 136. 137. 134. 141. 138. 138. 136.]
 [450. 450. 450. 450. 450. 450. 450. 450. 450. 450. 450. 450. 450. 450.
  400. 400. 400. 400. 400. 400. 400. 400. 400. 400. 400. 400. 400. 400.
  400. 400. 400. 400. 400. 400. 400. 400. 400. 400. 400. 400.]
 [304. 340. 347. 353. 348. 355. 350. 356. 355. 354. 345. 352. 347. 351.
  314. 313. 312. 314. 314. 312. 309. 309. 312. 312. 310. 312. 310. 309.
  310. 311. 313. 307. 312. 310. 309. 315. 315. 314. 318. 308.]
 [297. 328. 343. 346. 348. 349. 355. 355. 356. 355. 354. 352. 357. 354.
  321. 316. 323. 318. 318. 317. 317. 318. 321. 318. 314. 321. 313. 314.
  319. 320. 319. 322. 320. 320. 323. 317. 315. 314. 320. 321.]]
##############################
[[118. 141. 152. 154. 161. 155. 154. 156. 159. 159. 171. 161. 165. 161.
  162. 138. 139. 141. 145. 140. 147. 143. 143. 140. 139. 143. 133. 140.
  138. 140. 140. 138. 137. 136. 137. 134. 141. 138. 138. 136.]
 [450. 450. 450. 450. 450. 450. 450. 450. 450. 450. 450. 450. 450. 450.
  450. 400. 400. 400. 400. 400. 400. 400. 400. 400. 400. 400. 400. 400.
  400. 400. 400. 400. 400. 400. 400. 400. 400. 400. 400. 400.]
 [304. 340. 347. 353. 348. 355. 350. 356. 355. 354. 345. 352. 347. 351.
  351. 313. 312. 314. 314. 312. 309. 309. 312. 312. 310. 312. 310. 309.
  310. 311. 313. 307. 312. 310. 309. 315. 315. 314. 318. 308.]
 [297. 328. 343. 346. 348. 349. 355. 355. 356. 355. 354. 352. 357. 354.
  358. 316. 323. 318. 318. 317. 317. 318. 321. 318. 314. 321. 313. 314.
  319. 320. 319. 322. 320. 320. 323. 317. 315. 314. 320. 321.]]
##############################
[[118. 141. 152. 154. 161. 155. 154. 156. 159. 159. 171. 161. 165. 161.
  162. 161. 139. 141. 145. 140. 147. 143. 143. 140. 139. 143. 133. 140.
  138. 140. 140. 138. 137. 136. 137. 134. 141. 138. 138. 136.]
 [450. 450. 450. 450. 450. 450. 450. 450. 450. 450. 450. 450. 450. 450.
  450. 450. 400. 400. 400. 400. 400. 400. 400. 400. 400. 400. 400. 400.
  400. 400. 400. 400. 400. 400. 400. 400. 400. 400. 400. 400.]
 [304. 340. 347. 353. 348. 355. 350. 356. 355. 354. 345. 352. 347. 351.
  351. 351. 312. 314. 314. 312. 309. 309. 312. 312. 310. 312. 310. 309.
  310. 311. 313. 307. 312. 310. 309. 315. 315. 314. 318. 308.]
 [297. 328. 343. 346. 348. 349. 355. 355. 356. 355. 354. 352. 357. 354.
  358. 354. 323. 318. 318. 317. 317. 318. 321. 318. 314. 321. 313. 314.
  319. 320. 319. 322. 320. 320. 323. 317. 315. 314. 320. 321.]]
##############################
[[118. 141. 152. 154. 161. 155. 154. 156. 159. 159. 171. 161. 165. 161.
  162. 161. 162. 141. 145. 140. 147. 143. 143. 140. 139. 143. 133. 140.
  138. 140. 140. 138. 137. 136. 137. 134. 141. 138. 138. 136.]
 [450. 450. 450. 450. 450. 450. 450. 450. 450. 450. 450. 450. 450. 450.
  450. 450. 450. 400. 400. 400. 400. 400. 400. 400. 400. 400. 400. 400.
  400. 400. 400. 400. 400. 400. 400. 400. 400. 400. 400. 400.]
 [304. 340. 347. 353. 348. 355. 350. 356. 355. 354. 345. 352. 347. 351.
  351. 351. 349. 314. 314. 312. 309. 309. 312. 312. 310. 312. 310. 309.
  310. 311. 313. 307. 312. 310. 309. 315. 315. 314. 318. 308.]
 [297. 328. 343. 346. 348. 349. 355. 355. 356. 355. 354. 352. 357. 354.
  358. 354. 361. 318. 318. 317. 317. 318. 321. 318. 314. 321. 313. 314.
  319. 320. 319. 322. 320. 320. 323. 317. 315. 314. 320. 321.]]
##############################
[[118. 141. 152. 154. 161. 155. 154. 156. 159. 159. 171. 161. 165. 161.
  162. 161. 162. 163. 145. 140. 147. 143. 143. 140. 139. 143. 133. 140.
  138. 140. 140. 138. 137. 136. 137. 134. 141. 138. 138. 136.]
 [450. 450. 450. 450. 450. 450. 450. 450. 450. 450. 450. 450. 450. 450.
  450. 450. 450. 450. 400. 400. 400. 400. 400. 400. 400. 400. 400. 400.
  400. 400. 400. 400. 400. 400. 400. 400. 400. 400. 400. 400.]
 [304. 340. 347. 353. 348. 355. 350. 356. 355. 354. 345. 352. 347. 351.
  351. 351. 349. 350. 314. 312. 309. 309. 312. 312. 310. 312. 310. 309.
  310. 311. 313. 307. 312. 310. 309. 315. 315. 314. 318. 308.]
 [297. 328. 343. 346. 348. 349. 355. 355. 356. 355. 354. 352. 357. 354.
  358. 354. 361. 355. 318. 317. 317. 318. 321. 318. 314. 321. 313. 314.
  319. 320. 319. 322. 320. 320. 323. 317. 315. 314. 320. 321.]]
##############################
[[118. 141. 152. 154. 161. 155. 154. 156. 159. 159. 171. 161. 165. 161.
  162. 161. 162. 163. 168. 140. 147. 143. 143. 140. 139. 143. 133. 140.
  138. 140. 140. 138. 137. 136. 137. 134. 141. 138. 138. 136.]
 [450. 450. 450. 450. 450. 450. 450. 450. 450. 450. 450. 450. 450. 450.
  450. 450. 450. 450. 450. 400. 400. 400. 400. 400. 400. 400. 400. 400.
  400. 400. 400. 400. 400. 400. 400. 400. 400. 400. 400. 400.]
 [304. 340. 347. 353. 348. 355. 350. 356. 355. 354. 345. 352. 347. 351.
  351. 351. 349. 350. 352. 312. 309. 309. 312. 312. 310. 312. 310. 309.
  310. 311. 313. 307. 312. 310. 309. 315. 315. 314. 318. 308.]
 [297. 328. 343. 346. 348. 349. 355. 355. 356. 355. 354. 352. 357. 354.
  358. 354. 361. 355. 355. 317. 317. 318. 321. 318. 314. 321. 313. 314.
  319. 320. 319. 322. 320. 320. 323. 317. 315. 314. 320. 321.]]
##############################
[[118. 141. 152. 154. 161. 155. 154. 156. 159. 159. 171. 161. 165. 161.
  162. 161. 162. 163. 168. 160. 147. 143. 143. 140. 139. 143. 133. 140.
  138. 140. 140. 138. 137. 136. 137. 134. 141. 138. 138. 136.]
 [450. 450. 450. 450. 450. 450. 450. 450. 450. 450. 450. 450. 450. 450.
  450. 450. 450. 450. 450. 450. 400. 400. 400. 400. 400. 400. 400. 400.
  400. 400. 400. 400. 400. 400. 400. 400. 400. 400. 400. 400.]
 [304. 340. 347. 353. 348. 355. 350. 356. 355. 354. 345. 352. 347. 351.
  351. 351. 349. 350. 352. 349. 309. 309. 312. 312. 310. 312. 310. 309.
  310. 311. 313. 307. 312. 310. 309. 315. 315. 314. 318. 308.]
 [297. 328. 343. 346. 348. 349. 355. 355. 356. 355. 354. 352. 357. 354.
  358. 354. 361. 355. 355. 356. 317. 318. 321. 318. 314. 321. 313. 314.
  319. 320. 319. 322. 320. 320. 323. 317. 315. 314. 320. 321.]]
##############################
[[118. 141. 152. 154. 161. 155. 154. 156. 159. 159. 171. 161. 165. 161.
  162. 161. 162. 163. 168. 160. 167. 143. 143. 140. 139. 143. 133. 140.
  138. 140. 140. 138. 137. 136. 137. 134. 141. 138. 138. 136.]
 [450. 450. 450. 450. 450. 450. 450. 450. 450. 450. 450. 450. 450. 450.
  450. 450. 450. 450. 450. 450. 450. 400. 400. 400. 400. 400. 400. 400.
  400. 400. 400. 400. 400. 400. 400. 400. 400. 400. 400. 400.]
 [304. 340. 347. 353. 348. 355. 350. 356. 355. 354. 345. 352. 347. 351.
  351. 351. 349. 350. 352. 349. 346. 309. 312. 312. 310. 312. 310. 309.
  310. 311. 313. 307. 312. 310. 309. 315. 315. 314. 318. 308.]
 [297. 328. 343. 346. 348. 349. 355. 355. 356. 355. 354. 352. 357. 354.
  358. 354. 361. 355. 355. 356. 355. 318. 321. 318. 314. 321. 313. 314.
  319. 320. 319. 322. 320. 320. 323. 317. 315. 314. 320. 321.]]
##############################
[[118. 141. 152. 154. 161. 155. 154. 156. 159. 159. 171. 161. 165. 161.
  162. 161. 162. 163. 168. 160. 167. 164. 143. 140. 139. 143. 133. 140.
  138. 140. 140. 138. 137. 136. 137. 134. 141. 138. 138. 136.]
 [450. 450. 450. 450. 450. 450. 450. 450. 450. 450. 450. 450. 450. 450.
  450. 450. 450. 450. 450. 450. 450. 450. 400. 400. 400. 400. 400. 400.
  400. 400. 400. 400. 400. 400. 400. 400. 400. 400. 400. 400.]
 [304. 340. 347. 353. 348. 355. 350. 356. 355. 354. 345. 352. 347. 351.
  351. 351. 349. 350. 352. 349. 346. 345. 312. 312. 310. 312. 310. 309.
  310. 311. 313. 307. 312. 310. 309. 315. 315. 314. 318. 308.]
 [297. 328. 343. 346. 348. 349. 355. 355. 356. 355. 354. 352. 357. 354.
  358. 354. 361. 355. 355. 356. 355. 356. 321. 318. 314. 321. 313. 314.
  319. 320. 319. 322. 320. 320. 323. 317. 315. 314. 320. 321.]]
##############################
[[118. 141. 152. 154. 161. 155. 154. 156. 159. 159. 171. 161. 165. 161.
  162. 161. 162. 163. 168. 160. 167. 164. 163. 140. 139. 143. 133. 140.
  138. 140. 140. 138. 137. 136. 137. 134. 141. 138. 138. 136.]
 [450. 450. 450. 450. 450. 450. 450. 450. 450. 450. 450. 450. 450. 450.
  450. 450. 450. 450. 450. 450. 450. 450. 450. 400. 400. 400. 400. 400.
  400. 400. 400. 400. 400. 400. 400. 400. 400. 400. 400. 400.]
 [304. 340. 347. 353. 348. 355. 350. 356. 355. 354. 345. 352. 347. 351.
  351. 351. 349. 350. 352. 349. 346. 345. 349. 312. 310. 312. 310. 309.
  310. 311. 313. 307. 312. 310. 309. 315. 315. 314. 318. 308.]
 [297. 328. 343. 346. 348. 349. 355. 355. 356. 355. 354. 352. 357. 354.
  358. 354. 361. 355. 355. 356. 355. 356. 360. 318. 314. 321. 313. 314.
  319. 320. 319. 322. 320. 320. 323. 317. 315. 314. 320. 321.]]
##############################
[[118. 141. 152. 154. 161. 155. 154. 156. 159. 159. 171. 161. 165. 161.
  162. 161. 162. 163. 168. 160. 167. 164. 163. 162. 139. 143. 133. 140.
  138. 140. 140. 138. 137. 136. 137. 134. 141. 138. 138. 136.]
 [450. 450. 450. 450. 450. 450. 450. 450. 450. 450. 450. 450. 450. 450.
  450. 450. 450. 450. 450. 450. 450. 450. 450. 450. 400. 400. 400. 400.
  400. 400. 400. 400. 400. 400. 400. 400. 400. 400. 400. 400.]
 [304. 340. 347. 353. 348. 355. 350. 356. 355. 354. 345. 352. 347. 351.
  351. 351. 349. 350. 352. 349. 346. 345. 349. 350. 310. 312. 310. 309.
  310. 311. 313. 307. 312. 310. 309. 315. 315. 314. 318. 308.]
 [297. 328. 343. 346. 348. 349. 355. 355. 356. 355. 354. 352. 357. 354.
  358. 354. 361. 355. 355. 356. 355. 356. 360. 356. 314. 321. 313. 314.
  319. 320. 319. 322. 320. 320. 323. 317. 315. 314. 320. 321.]]
##############################
[[118. 141. 152. 154. 161. 155. 154. 156. 159. 159. 171. 161. 165. 161.
  162. 161. 162. 163. 168. 160. 167. 164. 163. 162. 162. 143. 133. 140.
  138. 140. 140. 138. 137. 136. 137. 134. 141. 138. 138. 136.]
 [450. 450. 450. 450. 450. 450. 450. 450. 450. 450. 450. 450. 450. 450.
  450. 450. 450. 450. 450. 450. 450. 450. 450. 450. 450. 400. 400. 400.
  400. 400. 400. 400. 400. 400. 400. 400. 400. 400. 400. 400.]
 [304. 340. 347. 353. 348. 355. 350. 356. 355. 354. 345. 352. 347. 351.
  351. 351. 349. 350. 352. 349. 346. 345. 349. 350. 346. 312. 310. 309.
  310. 311. 313. 307. 312. 310. 309. 315. 315. 314. 318. 308.]
 [297. 328. 343. 346. 348. 349. 355. 355. 356. 355. 354. 352. 357. 354.
  358. 354. 361. 355. 355. 356. 355. 356. 360. 356. 353. 321. 313. 314.
  319. 320. 319. 322. 320. 320. 323. 317. 315. 314. 320. 321.]]
##############################
[[118. 141. 152. 154. 161. 155. 154. 156. 159. 159. 171. 161. 165. 161.
  162. 161. 162. 163. 168. 160. 167. 164. 163. 162. 162. 166. 133. 140.
  138. 140. 140. 138. 137. 136. 137. 134. 141. 138. 138. 136.]
 [450. 450. 450. 450. 450. 450. 450. 450. 450. 450. 450. 450. 450. 450.
  450. 450. 450. 450. 450. 450. 450. 450. 450. 450. 450. 450. 400. 400.
  400. 400. 400. 400. 400. 400. 400. 400. 400. 400. 400. 400.]
 [304. 340. 347. 353. 348. 355. 350. 356. 355. 354. 345. 352. 347. 351.
  351. 351. 349. 350. 352. 349. 346. 345. 349. 350. 346. 350. 310. 309.
  310. 311. 313. 307. 312. 310. 309. 315. 315. 314. 318. 308.]
 [297. 328. 343. 346. 348. 349. 355. 355. 356. 355. 354. 352. 357. 354.
  358. 354. 361. 355. 355. 356. 355. 356. 360. 356. 353. 360. 313. 314.
  319. 320. 319. 322. 320. 320. 323. 317. 315. 314. 320. 321.]]
##############################
[[118. 141. 152. 154. 161. 155. 154. 156. 159. 159. 171. 161. 165. 161.
  162. 161. 162. 163. 168. 160. 167. 164. 163. 162. 162. 166. 155. 140.
  138. 140. 140. 138. 137. 136. 137. 134. 141. 138. 138. 136.]
 [450. 450. 450. 450. 450. 450. 450. 450. 450. 450. 450. 450. 450. 450.
  450. 450. 450. 450. 450. 450. 450. 450. 450. 450. 450. 450. 450. 400.
  400. 400. 400. 400. 400. 400. 400. 400. 400. 400. 400. 400.]
 [304. 340. 347. 353. 348. 355. 350. 356. 355. 354. 345. 352. 347. 351.
  351. 351. 349. 350. 352. 349. 346. 345. 349. 350. 346. 350. 347. 309.
  310. 311. 313. 307. 312. 310. 309. 315. 315. 314. 318. 308.]
 [297. 328. 343. 346. 348. 349. 355. 355. 356. 355. 354. 352. 357. 354.
  358. 354. 361. 355. 355. 356. 355. 356. 360. 356. 353. 360. 353. 314.
  319. 320. 319. 322. 320. 320. 323. 317. 315. 314. 320. 321.]]
##############################
[[118. 141. 152. 154. 161. 155. 154. 156. 159. 159. 171. 161. 165. 161.
  162. 161. 162. 163. 168. 160. 167. 164. 163. 162. 162. 166. 155. 162.
  138. 140. 140. 138. 137. 136. 137. 134. 141. 138. 138. 136.]
 [450. 450. 450. 450. 450. 450. 450. 450. 450. 450. 450. 450. 450. 450.
  450. 450. 450. 450. 450. 450. 450. 450. 450. 450. 450. 450. 450. 450.
  400. 400. 400. 400. 400. 400. 400. 400. 400. 400. 400. 400.]
 [304. 340. 347. 353. 348. 355. 350. 356. 355. 354. 345. 352. 347. 351.
  351. 351. 349. 350. 352. 349. 346. 345. 349. 350. 346. 350. 347. 348.
  310. 311. 313. 307. 312. 310. 309. 315. 315. 314. 318. 308.]
 [297. 328. 343. 346. 348. 349. 355. 355. 356. 355. 354. 352. 357. 354.
  358. 354. 361. 355. 355. 356. 355. 356. 360. 356. 353. 360. 353. 352.
  319. 320. 319. 322. 320. 320. 323. 317. 315. 314. 320. 321.]]
##############################
[[118. 141. 152. 154. 161. 155. 154. 156. 159. 159. 171. 161. 165. 161.
  162. 161. 162. 163. 168. 160. 167. 164. 163. 162. 162. 166. 155. 162.
  162. 140. 140. 138. 137. 136. 137. 134. 141. 138. 138. 136.]
 [450. 450. 450. 450. 450. 450. 450. 450. 450. 450. 450. 450. 450. 450.
  450. 450. 450. 450. 450. 450. 450. 450. 450. 450. 450. 450. 450. 450.
  450. 400. 400. 400. 400. 400. 400. 400. 400. 400. 400. 400.]
 [304. 340. 347. 353. 348. 355. 350. 356. 355. 354. 345. 352. 347. 351.
  351. 351. 349. 350. 352. 349. 346. 345. 349. 350. 346. 350. 347. 348.
  345. 311. 313. 307. 312. 310. 309. 315. 315. 314. 318. 308.]
 [297. 328. 343. 346. 348. 349. 355. 355. 356. 355. 354. 352. 357. 354.
  358. 354. 361. 355. 355. 356. 355. 356. 360. 356. 353. 360. 353. 352.
  357. 320. 319. 322. 320. 320. 323. 317. 315. 314. 320. 321.]]
##############################
[[118. 141. 152. 154. 161. 155. 154. 156. 159. 159. 171. 161. 165. 161.
  162. 161. 162. 163. 168. 160. 167. 164. 163. 162. 162. 166. 155. 162.
  162. 159. 140. 138. 137. 136. 137. 134. 141. 138. 138. 136.]
 [450. 450. 450. 450. 450. 450. 450. 450. 450. 450. 450. 450. 450. 450.
  450. 450. 450. 450. 450. 450. 450. 450. 450. 450. 450. 450. 450. 450.
  450. 450. 400. 400. 400. 400. 400. 400. 400. 400. 400. 400.]
 [304. 340. 347. 353. 348. 355. 350. 356. 355. 354. 345. 352. 347. 351.
  351. 351. 349. 350. 352. 349. 346. 345. 349. 350. 346. 350. 347. 348.
  345. 347. 313. 307. 312. 310. 309. 315. 315. 314. 318. 308.]
 [297. 328. 343. 346. 348. 349. 355. 355. 356. 355. 354. 352. 357. 354.
  358. 354. 361. 355. 355. 356. 355. 356. 360. 356. 353. 360. 353. 352.
  357. 359. 319. 322. 320. 320. 323. 317. 315. 314. 320. 321.]]
##############################
[[118. 141. 152. 154. 161. 155. 154. 156. 159. 159. 171. 161. 165. 161.
  162. 161. 162. 163. 168. 160. 167. 164. 163. 162. 162. 166. 155. 162.
  162. 159. 163. 138. 137. 136. 137. 134. 141. 138. 138. 136.]
 [450. 450. 450. 450. 450. 450. 450. 450. 450. 450. 450. 450. 450. 450.
  450. 450. 450. 450. 450. 450. 450. 450. 450. 450. 450. 450. 450. 450.
  450. 450. 450. 400. 400. 400. 400. 400. 400. 400. 400. 400.]
 [304. 340. 347. 353. 348. 355. 350. 356. 355. 354. 345. 352. 347. 351.
  351. 351. 349. 350. 352. 349. 346. 345. 349. 350. 346. 350. 347. 348.
  345. 347. 351. 307. 312. 310. 309. 315. 315. 314. 318. 308.]
 [297. 328. 343. 346. 348. 349. 355. 355. 356. 355. 354. 352. 357. 354.
  358. 354. 361. 355. 355. 356. 355. 356. 360. 356. 353. 360. 353. 352.
  357. 359. 358. 322. 320. 320. 323. 317. 315. 314. 320. 321.]]
##############################
[[118. 141. 152. 154. 161. 155. 154. 156. 159. 159. 171. 161. 165. 161.
  162. 161. 162. 163. 168. 160. 167. 164. 163. 162. 162. 166. 155. 162.
  162. 159. 163. 159. 137. 136. 137. 134. 141. 138. 138. 136.]
 [450. 450. 450. 450. 450. 450. 450. 450. 450. 450. 450. 450. 450. 450.
  450. 450. 450. 450. 450. 450. 450. 450. 450. 450. 450. 450. 450. 450.
  450. 450. 450. 450. 400. 400. 400. 400. 400. 400. 400. 400.]
 [304. 340. 347. 353. 348. 355. 350. 356. 355. 354. 345. 352. 347. 351.
  351. 351. 349. 350. 352. 349. 346. 345. 349. 350. 346. 350. 347. 348.
  345. 347. 351. 344. 312. 310. 309. 315. 315. 314. 318. 308.]
 [297. 328. 343. 346. 348. 349. 355. 355. 356. 355. 354. 352. 357. 354.
  358. 354. 361. 355. 355. 356. 355. 356. 360. 356. 353. 360. 353. 352.
  357. 359. 358. 362. 320. 320. 323. 317. 315. 314. 320. 321.]]
##############################
[[118. 141. 152. 154. 161. 155. 154. 156. 159. 159. 171. 161. 165. 161.
  162. 161. 162. 163. 168. 160. 167. 164. 163. 162. 162. 166. 155. 162.
  162. 159. 163. 159. 158. 136. 137. 134. 141. 138. 138. 136.]
 [450. 450. 450. 450. 450. 450. 450. 450. 450. 450. 450. 450. 450. 450.
  450. 450. 450. 450. 450. 450. 450. 450. 450. 450. 450. 450. 450. 450.
  450. 450. 450. 450. 450. 400. 400. 400. 400. 400. 400. 400.]
 [304. 340. 347. 353. 348. 355. 350. 356. 355. 354. 345. 352. 347. 351.
  351. 351. 349. 350. 352. 349. 346. 345. 349. 350. 346. 350. 347. 348.
  345. 347. 351. 344. 349. 310. 309. 315. 315. 314. 318. 308.]
 [297. 328. 343. 346. 348. 349. 355. 355. 356. 355. 354. 352. 357. 354.
  358. 354. 361. 355. 355. 356. 355. 356. 360. 356. 353. 360. 353. 352.
  357. 359. 358. 362. 355. 320. 323. 317. 315. 314. 320. 321.]]
##############################
[[118. 141. 152. 154. 161. 155. 154. 156. 159. 159. 171. 161. 165. 161.
  162. 161. 162. 163. 168. 160. 167. 164. 163. 162. 162. 166. 155. 162.
  162. 159. 163. 159. 158. 158. 137. 134. 141. 138. 138. 136.]
 [450. 450. 450. 450. 450. 450. 450. 450. 450. 450. 450. 450. 450. 450.
  450. 450. 450. 450. 450. 450. 450. 450. 450. 450. 450. 450. 450. 450.
  450. 450. 450. 450. 450. 450. 400. 400. 400. 400. 400. 400.]
 [304. 340. 347. 353. 348. 355. 350. 356. 355. 354. 345. 352. 347. 351.
  351. 351. 349. 350. 352. 349. 346. 345. 349. 350. 346. 350. 347. 348.
  345. 347. 351. 344. 349. 347. 309. 315. 315. 314. 318. 308.]
 [297. 328. 343. 346. 348. 349. 355. 355. 356. 355. 354. 352. 357. 354.
  358. 354. 361. 355. 355. 356. 355. 356. 360. 356. 353. 360. 353. 352.
  357. 359. 358. 362. 355. 360. 323. 317. 315. 314. 320. 321.]]
##############################
[[118. 141. 152. 154. 161. 155. 154. 156. 159. 159. 171. 161. 165. 161.
  162. 161. 162. 163. 168. 160. 167. 164. 163. 162. 162. 166. 155. 162.
  162. 159. 163. 159. 158. 158. 157. 134. 141. 138. 138. 136.]
 [450. 450. 450. 450. 450. 450. 450. 450. 450. 450. 450. 450. 450. 450.
  450. 450. 450. 450. 450. 450. 450. 450. 450. 450. 450. 450. 450. 450.
  450. 450. 450. 450. 450. 450. 450. 400. 400. 400. 400. 400.]
 [304. 340. 347. 353. 348. 355. 350. 356. 355. 354. 345. 352. 347. 351.
  351. 351. 349. 350. 352. 349. 346. 345. 349. 350. 346. 350. 347. 348.
  345. 347. 351. 344. 349. 347. 345. 315. 315. 314. 318. 308.]
 [297. 328. 343. 346. 348. 349. 355. 355. 356. 355. 354. 352. 357. 354.
  358. 354. 361. 355. 355. 356. 355. 356. 360. 356. 353. 360. 353. 352.
  357. 359. 358. 362. 355. 360. 359. 317. 315. 314. 320. 321.]]
##############################
[[118. 141. 152. 154. 161. 155. 154. 156. 159. 159. 171. 161. 165. 161.
  162. 161. 162. 163. 168. 160. 167. 164. 163. 162. 162. 166. 155. 162.
  162. 159. 163. 159. 158. 158. 157. 154. 141. 138. 138. 136.]
 [450. 450. 450. 450. 450. 450. 450. 450. 450. 450. 450. 450. 450. 450.
  450. 450. 450. 450. 450. 450. 450. 450. 450. 450. 450. 450. 450. 450.
  450. 450. 450. 450. 450. 450. 450. 450. 400. 400. 400. 400.]
 [304. 340. 347. 353. 348. 355. 350. 356. 355. 354. 345. 352. 347. 351.
  351. 351. 349. 350. 352. 349. 346. 345. 349. 350. 346. 350. 347. 348.
  345. 347. 351. 344. 349. 347. 345. 350. 315. 314. 318. 308.]
 [297. 328. 343. 346. 348. 349. 355. 355. 356. 355. 354. 352. 357. 354.
  358. 354. 361. 355. 355. 356. 355. 356. 360. 356. 353. 360. 353. 352.
  357. 359. 358. 362. 355. 360. 359. 354. 315. 314. 320. 321.]]
##############################
[[118. 141. 152. 154. 161. 155. 154. 156. 159. 159. 171. 161. 165. 161.
  162. 161. 162. 163. 168. 160. 167. 164. 163. 162. 162. 166. 155. 162.
  162. 159. 163. 159. 158. 158. 157. 154. 161. 138. 138. 136.]
 [450. 450. 450. 450. 450. 450. 450. 450. 450. 450. 450. 450. 450. 450.
  450. 450. 450. 450. 450. 450. 450. 450. 450. 450. 450. 450. 450. 450.
  450. 450. 450. 450. 450. 450. 450. 450. 450. 400. 400. 400.]
 [304. 340. 347. 353. 348. 355. 350. 356. 355. 354. 345. 352. 347. 351.
  351. 351. 349. 350. 352. 349. 346. 345. 349. 350. 346. 350. 347. 348.
  345. 347. 351. 344. 349. 347. 345. 350. 352. 314. 318. 308.]
 [297. 328. 343. 346. 348. 349. 355. 355. 356. 355. 354. 352. 357. 354.
  358. 354. 361. 355. 355. 356. 355. 356. 360. 356. 353. 360. 353. 352.
  357. 359. 358. 362. 355. 360. 359. 354. 350. 314. 320. 321.]]
##############################
[[118. 141. 152. 154. 161. 155. 154. 156. 159. 159. 171. 161. 165. 161.
  162. 161. 162. 163. 168. 160. 167. 164. 163. 162. 162. 166. 155. 162.
  162. 159. 163. 159. 158. 158. 157. 154. 161. 158. 138. 136.]
 [450. 450. 450. 450. 450. 450. 450. 450. 450. 450. 450. 450. 450. 450.
  450. 450. 450. 450. 450. 450. 450. 450. 450. 450. 450. 450. 450. 450.
  450. 450. 450. 450. 450. 450. 450. 450. 450. 450. 400. 400.]
 [304. 340. 347. 353. 348. 355. 350. 356. 355. 354. 345. 352. 347. 351.
  351. 351. 349. 350. 352. 349. 346. 345. 349. 350. 346. 350. 347. 348.
  345. 347. 351. 344. 349. 347. 345. 350. 352. 350. 318. 308.]
 [297. 328. 343. 346. 348. 349. 355. 355. 356. 355. 354. 352. 357. 354.
  358. 354. 361. 355. 355. 356. 355. 356. 360. 356. 353. 360. 353. 352.
  357. 359. 358. 362. 355. 360. 359. 354. 350. 352. 320. 321.]]
##############################
[[118. 141. 152. 154. 161. 155. 154. 156. 159. 159. 171. 161. 165. 161.
  162. 161. 162. 163. 168. 160. 167. 164. 163. 162. 162. 166. 155. 162.
  162. 159. 163. 159. 158. 158. 157. 154. 161. 158. 158. 136.]
 [450. 450. 450. 450. 450. 450. 450. 450. 450. 450. 450. 450. 450. 450.
  450. 450. 450. 450. 450. 450. 450. 450. 450. 450. 450. 450. 450. 450.
  450. 450. 450. 450. 450. 450. 450. 450. 450. 450. 450. 400.]
 [304. 340. 347. 353. 348. 355. 350. 356. 355. 354. 345. 352. 347. 351.
  351. 351. 349. 350. 352. 349. 346. 345. 349. 350. 346. 350. 347. 348.
  345. 347. 351. 344. 349. 347. 345. 350. 352. 350. 355. 308.]
 [297. 328. 343. 346. 348. 349. 355. 355. 356. 355. 354. 352. 357. 354.
  358. 354. 361. 355. 355. 356. 355. 356. 360. 356. 353. 360. 353. 352.
  357. 359. 358. 362. 355. 360. 359. 354. 350. 352. 358. 321.]]
##############################
[[118. 141. 152. 154. 161. 155. 154. 156. 159. 159. 171. 161. 165. 161.
  162. 161. 162. 163. 168. 160. 167. 164. 163. 162. 162. 166. 155. 162.
  162. 159. 163. 159. 158. 158. 157. 154. 161. 158. 158. 156.]
 [450. 450. 450. 450. 450. 450. 450. 450. 450. 450. 450. 450. 450. 450.
  450. 450. 450. 450. 450. 450. 450. 450. 450. 450. 450. 450. 450. 450.
  450. 450. 450. 450. 450. 450. 450. 450. 450. 450. 450. 450.]
 [304. 340. 347. 353. 348. 355. 350. 356. 355. 354. 345. 352. 347. 351.
  351. 351. 349. 350. 352. 349. 346. 345. 349. 350. 346. 350. 347. 348.
  345. 347. 351. 344. 349. 347. 345. 350. 352. 350. 355. 344.]
 [297. 328. 343. 346. 348. 349. 355. 355. 356. 355. 354. 352. 357. 354.
  358. 354. 361. 355. 355. 356. 355. 356. 360. 356. 353. 360. 353. 352.
  357. 359. 358. 362. 355. 360. 359. 354. 350. 352. 358. 359.]]
##############################
##################################################
##################################################
starting :10 batch
[[134. 141. 152. 154. 161. 155. 154. 156. 159. 159. 171. 161. 165. 161.
  162. 161. 162. 163. 168. 160. 167. 164. 163. 162. 162. 166. 155. 162.
  162. 159. 163. 159. 158. 158. 157. 154. 161. 158. 158. 156.]
 [500. 450. 450. 450. 450. 450. 450. 450. 450. 450. 450. 450. 450. 450.
  450. 450. 450. 450. 450. 450. 450. 450. 450. 450. 450. 450. 450. 450.
  450. 450. 450. 450. 450. 450. 450. 450. 450. 450. 450. 450.]
 [342. 340. 347. 353. 348. 355. 350. 356. 355. 354. 345. 352. 347. 351.
  351. 351. 349. 350. 352. 349. 346. 345. 349. 350. 346. 350. 347. 348.
  345. 347. 351. 344. 349. 347. 345. 350. 352. 350. 355. 344.]
 [332. 328. 343. 346. 348. 349. 355. 355. 356. 355. 354. 352. 357. 354.
  358. 354. 361. 355. 355. 356. 355. 356. 360. 356. 353. 360. 353. 352.
  357. 359. 358. 362. 355. 360. 359. 354. 350. 352. 358. 359.]]
##############################
[[134. 159. 152. 154. 161. 155. 154. 156. 159. 159. 171. 161. 165. 161.
  162. 161. 162. 163. 168. 160. 167. 164. 163. 162. 162. 166. 155. 162.
  162. 159. 163. 159. 158. 158. 157. 154. 161. 158. 158. 156.]
 [500. 500. 450. 450. 450. 450. 450. 450. 450. 450. 450. 450. 450. 450.
  450. 450. 450. 450. 450. 450. 450. 450. 450. 450. 450. 450. 450. 450.
  450. 450. 450. 450. 450. 450. 450. 450. 450. 450. 450. 450.]
 [342. 382. 347. 353. 348. 355. 350. 356. 355. 354. 345. 352. 347. 351.
  351. 351. 349. 350. 352. 349. 346. 345. 349. 350. 346. 350. 347. 348.
  345. 347. 351. 344. 349. 347. 345. 350. 352. 350. 355. 344.]
 [332. 364. 343. 346. 348. 349. 355. 355. 356. 355. 354. 352. 357. 354.
  358. 354. 361. 355. 355. 356. 355. 356. 360. 356. 353. 360. 353. 352.
  357. 359. 358. 362. 355. 360. 359. 354. 350. 352. 358. 359.]]
##############################
[[134. 159. 173. 154. 161. 155. 154. 156. 159. 159. 171. 161. 165. 161.
  162. 161. 162. 163. 168. 160. 167. 164. 163. 162. 162. 166. 155. 162.
  162. 159. 163. 159. 158. 158. 157. 154. 161. 158. 158. 156.]
 [500. 500. 500. 450. 450. 450. 450. 450. 450. 450. 450. 450. 450. 450.
  450. 450. 450. 450. 450. 450. 450. 450. 450. 450. 450. 450. 450. 450.
  450. 450. 450. 450. 450. 450. 450. 450. 450. 450. 450. 450.]
 [342. 382. 389. 353. 348. 355. 350. 356. 355. 354. 345. 352. 347. 351.
  351. 351. 349. 350. 352. 349. 346. 345. 349. 350. 346. 350. 347. 348.
  345. 347. 351. 344. 349. 347. 345. 350. 352. 350. 355. 344.]
 [332. 364. 382. 346. 348. 349. 355. 355. 356. 355. 354. 352. 357. 354.
  358. 354. 361. 355. 355. 356. 355. 356. 360. 356. 353. 360. 353. 352.
  357. 359. 358. 362. 355. 360. 359. 354. 350. 352. 358. 359.]]
##############################
[[134. 159. 173. 173. 161. 155. 154. 156. 159. 159. 171. 161. 165. 161.
  162. 161. 162. 163. 168. 160. 167. 164. 163. 162. 162. 166. 155. 162.
  162. 159. 163. 159. 158. 158. 157. 154. 161. 158. 158. 156.]
 [500. 500. 500. 500. 450. 450. 450. 450. 450. 450. 450. 450. 450. 450.
  450. 450. 450. 450. 450. 450. 450. 450. 450. 450. 450. 450. 450. 450.
  450. 450. 450. 450. 450. 450. 450. 450. 450. 450. 450. 450.]
 [342. 382. 389. 399. 348. 355. 350. 356. 355. 354. 345. 352. 347. 351.
  351. 351. 349. 350. 352. 349. 346. 345. 349. 350. 346. 350. 347. 348.
  345. 347. 351. 344. 349. 347. 345. 350. 352. 350. 355. 344.]
 [332. 364. 382. 388. 348. 349. 355. 355. 356. 355. 354. 352. 357. 354.
  358. 354. 361. 355. 355. 356. 355. 356. 360. 356. 353. 360. 353. 352.
  357. 359. 358. 362. 355. 360. 359. 354. 350. 352. 358. 359.]]
##############################
[[134. 159. 173. 173. 179. 155. 154. 156. 159. 159. 171. 161. 165. 161.
  162. 161. 162. 163. 168. 160. 167. 164. 163. 162. 162. 166. 155. 162.
  162. 159. 163. 159. 158. 158. 157. 154. 161. 158. 158. 156.]
 [500. 500. 500. 500. 500. 450. 450. 450. 450. 450. 450. 450. 450. 450.
  450. 450. 450. 450. 450. 450. 450. 450. 450. 450. 450. 450. 450. 450.
  450. 450. 450. 450. 450. 450. 450. 450. 450. 450. 450. 450.]
 [342. 382. 389. 399. 392. 355. 350. 356. 355. 354. 345. 352. 347. 351.
  351. 351. 349. 350. 352. 349. 346. 345. 349. 350. 346. 350. 347. 348.
  345. 347. 351. 344. 349. 347. 345. 350. 352. 350. 355. 344.]
 [332. 364. 382. 388. 391. 349. 355. 355. 356. 355. 354. 352. 357. 354.
  358. 354. 361. 355. 355. 356. 355. 356. 360. 356. 353. 360. 353. 352.
  357. 359. 358. 362. 355. 360. 359. 354. 350. 352. 358. 359.]]
##############################
[[134. 159. 173. 173. 179. 176. 154. 156. 159. 159. 171. 161. 165. 161.
  162. 161. 162. 163. 168. 160. 167. 164. 163. 162. 162. 166. 155. 162.
  162. 159. 163. 159. 158. 158. 157. 154. 161. 158. 158. 156.]
 [500. 500. 500. 500. 500. 500. 450. 450. 450. 450. 450. 450. 450. 450.
  450. 450. 450. 450. 450. 450. 450. 450. 450. 450. 450. 450. 450. 450.
  450. 450. 450. 450. 450. 450. 450. 450. 450. 450. 450. 450.]
 [342. 382. 389. 399. 392. 402. 350. 356. 355. 354. 345. 352. 347. 351.
  351. 351. 349. 350. 352. 349. 346. 345. 349. 350. 346. 350. 347. 348.
  345. 347. 351. 344. 349. 347. 345. 350. 352. 350. 355. 344.]
 [332. 364. 382. 388. 391. 389. 355. 355. 356. 355. 354. 352. 357. 354.
  358. 354. 361. 355. 355. 356. 355. 356. 360. 356. 353. 360. 353. 352.
  357. 359. 358. 362. 355. 360. 359. 354. 350. 352. 358. 359.]]
##############################
[[134. 159. 173. 173. 179. 176. 174. 156. 159. 159. 171. 161. 165. 161.
  162. 161. 162. 163. 168. 160. 167. 164. 163. 162. 162. 166. 155. 162.
  162. 159. 163. 159. 158. 158. 157. 154. 161. 158. 158. 156.]
 [500. 500. 500. 500. 500. 500. 500. 450. 450. 450. 450. 450. 450. 450.
  450. 450. 450. 450. 450. 450. 450. 450. 450. 450. 450. 450. 450. 450.
  450. 450. 450. 450. 450. 450. 450. 450. 450. 450. 450. 450.]
 [342. 382. 389. 399. 392. 402. 396. 356. 355. 354. 345. 352. 347. 351.
  351. 351. 349. 350. 352. 349. 346. 345. 349. 350. 346. 350. 347. 348.
  345. 347. 351. 344. 349. 347. 345. 350. 352. 350. 355. 344.]
 [332. 364. 382. 388. 391. 389. 396. 355. 356. 355. 354. 352. 357. 354.
  358. 354. 361. 355. 355. 356. 355. 356. 360. 356. 353. 360. 353. 352.
  357. 359. 358. 362. 355. 360. 359. 354. 350. 352. 358. 359.]]
##############################
[[134. 159. 173. 173. 179. 176. 174. 176. 159. 159. 171. 161. 165. 161.
  162. 161. 162. 163. 168. 160. 167. 164. 163. 162. 162. 166. 155. 162.
  162. 159. 163. 159. 158. 158. 157. 154. 161. 158. 158. 156.]
 [500. 500. 500. 500. 500. 500. 500. 500. 450. 450. 450. 450. 450. 450.
  450. 450. 450. 450. 450. 450. 450. 450. 450. 450. 450. 450. 450. 450.
  450. 450. 450. 450. 450. 450. 450. 450. 450. 450. 450. 450.]
 [342. 382. 389. 399. 392. 402. 396. 400. 355. 354. 345. 352. 347. 351.
  351. 351. 349. 350. 352. 349. 346. 345. 349. 350. 346. 350. 347. 348.
  345. 347. 351. 344. 349. 347. 345. 350. 352. 350. 355. 344.]
 [332. 364. 382. 388. 391. 389. 396. 396. 356. 355. 354. 352. 357. 354.
  358. 354. 361. 355. 355. 356. 355. 356. 360. 356. 353. 360. 353. 352.
  357. 359. 358. 362. 355. 360. 359. 354. 350. 352. 358. 359.]]
##############################
[[134. 159. 173. 173. 179. 176. 174. 176. 178. 159. 171. 161. 165. 161.
  162. 161. 162. 163. 168. 160. 167. 164. 163. 162. 162. 166. 155. 162.
  162. 159. 163. 159. 158. 158. 157. 154. 161. 158. 158. 156.]
 [500. 500. 500. 500. 500. 500. 500. 500. 500. 450. 450. 450. 450. 450.
  450. 450. 450. 450. 450. 450. 450. 450. 450. 450. 450. 450. 450. 450.
  450. 450. 450. 450. 450. 450. 450. 450. 450. 450. 450. 450.]
 [342. 382. 389. 399. 392. 402. 396. 400. 399. 354. 345. 352. 347. 351.
  351. 351. 349. 350. 352. 349. 346. 345. 349. 350. 346. 350. 347. 348.
  345. 347. 351. 344. 349. 347. 345. 350. 352. 350. 355. 344.]
 [332. 364. 382. 388. 391. 389. 396. 396. 396. 355. 354. 352. 357. 354.
  358. 354. 361. 355. 355. 356. 355. 356. 360. 356. 353. 360. 353. 352.
  357. 359. 358. 362. 355. 360. 359. 354. 350. 352. 358. 359.]]
##############################
[[134. 159. 173. 173. 179. 176. 174. 176. 178. 178. 171. 161. 165. 161.
  162. 161. 162. 163. 168. 160. 167. 164. 163. 162. 162. 166. 155. 162.
  162. 159. 163. 159. 158. 158. 157. 154. 161. 158. 158. 156.]
 [500. 500. 500. 500. 500. 500. 500. 500. 500. 500. 450. 450. 450. 450.
  450. 450. 450. 450. 450. 450. 450. 450. 450. 450. 450. 450. 450. 450.
  450. 450. 450. 450. 450. 450. 450. 450. 450. 450. 450. 450.]
 [342. 382. 389. 399. 392. 402. 396. 400. 399. 400. 345. 352. 347. 351.
  351. 351. 349. 350. 352. 349. 346. 345. 349. 350. 346. 350. 347. 348.
  345. 347. 351. 344. 349. 347. 345. 350. 352. 350. 355. 344.]
 [332. 364. 382. 388. 391. 389. 396. 396. 396. 397. 354. 352. 357. 354.
  358. 354. 361. 355. 355. 356. 355. 356. 360. 356. 353. 360. 353. 352.
  357. 359. 358. 362. 355. 360. 359. 354. 350. 352. 358. 359.]]
##############################
[[134. 159. 173. 173. 179. 176. 174. 176. 178. 178. 190. 161. 165. 161.
  162. 161. 162. 163. 168. 160. 167. 164. 163. 162. 162. 166. 155. 162.
  162. 159. 163. 159. 158. 158. 157. 154. 161. 158. 158. 156.]
 [500. 500. 500. 500. 500. 500. 500. 500. 500. 500. 500. 450. 450. 450.
  450. 450. 450. 450. 450. 450. 450. 450. 450. 450. 450. 450. 450. 450.
  450. 450. 450. 450. 450. 450. 450. 450. 450. 450. 450. 450.]
 [342. 382. 389. 399. 392. 402. 396. 400. 399. 400. 390. 352. 347. 351.
  351. 351. 349. 350. 352. 349. 346. 345. 349. 350. 346. 350. 347. 348.
  345. 347. 351. 344. 349. 347. 345. 350. 352. 350. 355. 344.]
 [332. 364. 382. 388. 391. 389. 396. 396. 396. 397. 395. 352. 357. 354.
  358. 354. 361. 355. 355. 356. 355. 356. 360. 356. 353. 360. 353. 352.
  357. 359. 358. 362. 355. 360. 359. 354. 350. 352. 358. 359.]]
##############################
[[134. 159. 173. 173. 179. 176. 174. 176. 178. 178. 190. 180. 165. 161.
  162. 161. 162. 163. 168. 160. 167. 164. 163. 162. 162. 166. 155. 162.
  162. 159. 163. 159. 158. 158. 157. 154. 161. 158. 158. 156.]
 [500. 500. 500. 500. 500. 500. 500. 500. 500. 500. 500. 500. 450. 450.
  450. 450. 450. 450. 450. 450. 450. 450. 450. 450. 450. 450. 450. 450.
  450. 450. 450. 450. 450. 450. 450. 450. 450. 450. 450. 450.]
 [342. 382. 389. 399. 392. 402. 396. 400. 399. 400. 390. 396. 347. 351.
  351. 351. 349. 350. 352. 349. 346. 345. 349. 350. 346. 350. 347. 348.
  345. 347. 351. 344. 349. 347. 345. 350. 352. 350. 355. 344.]
 [332. 364. 382. 388. 391. 389. 396. 396. 396. 397. 395. 393. 357. 354.
  358. 354. 361. 355. 355. 356. 355. 356. 360. 356. 353. 360. 353. 352.
  357. 359. 358. 362. 355. 360. 359. 354. 350. 352. 358. 359.]]
##############################
[[134. 159. 173. 173. 179. 176. 174. 176. 178. 178. 190. 180. 185. 161.
  162. 161. 162. 163. 168. 160. 167. 164. 163. 162. 162. 166. 155. 162.
  162. 159. 163. 159. 158. 158. 157. 154. 161. 158. 158. 156.]
 [500. 500. 500. 500. 500. 500. 500. 500. 500. 500. 500. 500. 500. 450.
  450. 450. 450. 450. 450. 450. 450. 450. 450. 450. 450. 450. 450. 450.
  450. 450. 450. 450. 450. 450. 450. 450. 450. 450. 450. 450.]
 [342. 382. 389. 399. 392. 402. 396. 400. 399. 400. 390. 396. 392. 351.
  351. 351. 349. 350. 352. 349. 346. 345. 349. 350. 346. 350. 347. 348.
  345. 347. 351. 344. 349. 347. 345. 350. 352. 350. 355. 344.]
 [332. 364. 382. 388. 391. 389. 396. 396. 396. 397. 395. 393. 399. 354.
  358. 354. 361. 355. 355. 356. 355. 356. 360. 356. 353. 360. 353. 352.
  357. 359. 358. 362. 355. 360. 359. 354. 350. 352. 358. 359.]]
##############################
[[134. 159. 173. 173. 179. 176. 174. 176. 178. 178. 190. 180. 185. 181.
  162. 161. 162. 163. 168. 160. 167. 164. 163. 162. 162. 166. 155. 162.
  162. 159. 163. 159. 158. 158. 157. 154. 161. 158. 158. 156.]
 [500. 500. 500. 500. 500. 500. 500. 500. 500. 500. 500. 500. 500. 500.
  450. 450. 450. 450. 450. 450. 450. 450. 450. 450. 450. 450. 450. 450.
  450. 450. 450. 450. 450. 450. 450. 450. 450. 450. 450. 450.]
 [342. 382. 389. 399. 392. 402. 396. 400. 399. 400. 390. 396. 392. 396.
  351. 351. 349. 350. 352. 349. 346. 345. 349. 350. 346. 350. 347. 348.
  345. 347. 351. 344. 349. 347. 345. 350. 352. 350. 355. 344.]
 [332. 364. 382. 388. 391. 389. 396. 396. 396. 397. 395. 393. 399. 395.
  358. 354. 361. 355. 355. 356. 355. 356. 360. 356. 353. 360. 353. 352.
  357. 359. 358. 362. 355. 360. 359. 354. 350. 352. 358. 359.]]
##############################
[[134. 159. 173. 173. 179. 176. 174. 176. 178. 178. 190. 180. 185. 181.
  181. 161. 162. 163. 168. 160. 167. 164. 163. 162. 162. 166. 155. 162.
  162. 159. 163. 159. 158. 158. 157. 154. 161. 158. 158. 156.]
 [500. 500. 500. 500. 500. 500. 500. 500. 500. 500. 500. 500. 500. 500.
  500. 450. 450. 450. 450. 450. 450. 450. 450. 450. 450. 450. 450. 450.
  450. 450. 450. 450. 450. 450. 450. 450. 450. 450. 450. 450.]
 [342. 382. 389. 399. 392. 402. 396. 400. 399. 400. 390. 396. 392. 396.
  392. 351. 349. 350. 352. 349. 346. 345. 349. 350. 346. 350. 347. 348.
  345. 347. 351. 344. 349. 347. 345. 350. 352. 350. 355. 344.]
 [332. 364. 382. 388. 391. 389. 396. 396. 396. 397. 395. 393. 399. 395.
  401. 354. 361. 355. 355. 356. 355. 356. 360. 356. 353. 360. 353. 352.
  357. 359. 358. 362. 355. 360. 359. 354. 350. 352. 358. 359.]]
##############################
[[134. 159. 173. 173. 179. 176. 174. 176. 178. 178. 190. 180. 185. 181.
  181. 181. 162. 163. 168. 160. 167. 164. 163. 162. 162. 166. 155. 162.
  162. 159. 163. 159. 158. 158. 157. 154. 161. 158. 158. 156.]
 [500. 500. 500. 500. 500. 500. 500. 500. 500. 500. 500. 500. 500. 500.
  500. 500. 450. 450. 450. 450. 450. 450. 450. 450. 450. 450. 450. 450.
  450. 450. 450. 450. 450. 450. 450. 450. 450. 450. 450. 450.]
 [342. 382. 389. 399. 392. 402. 396. 400. 399. 400. 390. 396. 392. 396.
  392. 394. 349. 350. 352. 349. 346. 345. 349. 350. 346. 350. 347. 348.
  345. 347. 351. 344. 349. 347. 345. 350. 352. 350. 355. 344.]
 [332. 364. 382. 388. 391. 389. 396. 396. 396. 397. 395. 393. 399. 395.
  401. 398. 361. 355. 355. 356. 355. 356. 360. 356. 353. 360. 353. 352.
  357. 359. 358. 362. 355. 360. 359. 354. 350. 352. 358. 359.]]
##############################
[[134. 159. 173. 173. 179. 176. 174. 176. 178. 178. 190. 180. 185. 181.
  181. 181. 183. 163. 168. 160. 167. 164. 163. 162. 162. 166. 155. 162.
  162. 159. 163. 159. 158. 158. 157. 154. 161. 158. 158. 156.]
 [500. 500. 500. 500. 500. 500. 500. 500. 500. 500. 500. 500. 500. 500.
  500. 500. 500. 450. 450. 450. 450. 450. 450. 450. 450. 450. 450. 450.
  450. 450. 450. 450. 450. 450. 450. 450. 450. 450. 450. 450.]
 [342. 382. 389. 399. 392. 402. 396. 400. 399. 400. 390. 396. 392. 396.
  392. 394. 393. 350. 352. 349. 346. 345. 349. 350. 346. 350. 347. 348.
  345. 347. 351. 344. 349. 347. 345. 350. 352. 350. 355. 344.]
 [332. 364. 382. 388. 391. 389. 396. 396. 396. 397. 395. 393. 399. 395.
  401. 398. 403. 355. 355. 356. 355. 356. 360. 356. 353. 360. 353. 352.
  357. 359. 358. 362. 355. 360. 359. 354. 350. 352. 358. 359.]]
##############################
[[134. 159. 173. 173. 179. 176. 174. 176. 178. 178. 190. 180. 185. 181.
  181. 181. 183. 181. 168. 160. 167. 164. 163. 162. 162. 166. 155. 162.
  162. 159. 163. 159. 158. 158. 157. 154. 161. 158. 158. 156.]
 [500. 500. 500. 500. 500. 500. 500. 500. 500. 500. 500. 500. 500. 500.
  500. 500. 500. 500. 450. 450. 450. 450. 450. 450. 450. 450. 450. 450.
  450. 450. 450. 450. 450. 450. 450. 450. 450. 450. 450. 450.]
 [342. 382. 389. 399. 392. 402. 396. 400. 399. 400. 390. 396. 392. 396.
  392. 394. 393. 393. 352. 349. 346. 345. 349. 350. 346. 350. 347. 348.
  345. 347. 351. 344. 349. 347. 345. 350. 352. 350. 355. 344.]
 [332. 364. 382. 388. 391. 389. 396. 396. 396. 397. 395. 393. 399. 395.
  401. 398. 403. 398. 355. 356. 355. 356. 360. 356. 353. 360. 353. 352.
  357. 359. 358. 362. 355. 360. 359. 354. 350. 352. 358. 359.]]
##############################
[[134. 159. 173. 173. 179. 176. 174. 176. 178. 178. 190. 180. 185. 181.
  181. 181. 183. 181. 189. 160. 167. 164. 163. 162. 162. 166. 155. 162.
  162. 159. 163. 159. 158. 158. 157. 154. 161. 158. 158. 156.]
 [500. 500. 500. 500. 500. 500. 500. 500. 500. 500. 500. 500. 500. 500.
  500. 500. 500. 500. 500. 450. 450. 450. 450. 450. 450. 450. 450. 450.
  450. 450. 450. 450. 450. 450. 450. 450. 450. 450. 450. 450.]
 [342. 382. 389. 399. 392. 402. 396. 400. 399. 400. 390. 396. 392. 396.
  392. 394. 393. 393. 397. 349. 346. 345. 349. 350. 346. 350. 347. 348.
  345. 347. 351. 344. 349. 347. 345. 350. 352. 350. 355. 344.]
 [332. 364. 382. 388. 391. 389. 396. 396. 396. 397. 395. 393. 399. 395.
  401. 398. 403. 398. 395. 356. 355. 356. 360. 356. 353. 360. 353. 352.
  357. 359. 358. 362. 355. 360. 359. 354. 350. 352. 358. 359.]]
##############################
[[134. 159. 173. 173. 179. 176. 174. 176. 178. 178. 190. 180. 185. 181.
  181. 181. 183. 181. 189. 179. 167. 164. 163. 162. 162. 166. 155. 162.
  162. 159. 163. 159. 158. 158. 157. 154. 161. 158. 158. 156.]
 [500. 500. 500. 500. 500. 500. 500. 500. 500. 500. 500. 500. 500. 500.
  500. 500. 500. 500. 500. 500. 450. 450. 450. 450. 450. 450. 450. 450.
  450. 450. 450. 450. 450. 450. 450. 450. 450. 450. 450. 450.]
 [342. 382. 389. 399. 392. 402. 396. 400. 399. 400. 390. 396. 392. 396.
  392. 394. 393. 393. 397. 393. 346. 345. 349. 350. 346. 350. 347. 348.
  345. 347. 351. 344. 349. 347. 345. 350. 352. 350. 355. 344.]
 [332. 364. 382. 388. 391. 389. 396. 396. 396. 397. 395. 393. 399. 395.
  401. 398. 403. 398. 395. 399. 355. 356. 360. 356. 353. 360. 353. 352.
  357. 359. 358. 362. 355. 360. 359. 354. 350. 352. 358. 359.]]
##############################
[[134. 159. 173. 173. 179. 176. 174. 176. 178. 178. 190. 180. 185. 181.
  181. 181. 183. 181. 189. 179. 186. 164. 163. 162. 162. 166. 155. 162.
  162. 159. 163. 159. 158. 158. 157. 154. 161. 158. 158. 156.]
 [500. 500. 500. 500. 500. 500. 500. 500. 500. 500. 500. 500. 500. 500.
  500. 500. 500. 500. 500. 500. 500. 450. 450. 450. 450. 450. 450. 450.
  450. 450. 450. 450. 450. 450. 450. 450. 450. 450. 450. 450.]
 [342. 382. 389. 399. 392. 402. 396. 400. 399. 400. 390. 396. 392. 396.
  392. 394. 393. 393. 397. 393. 389. 345. 349. 350. 346. 350. 347. 348.
  345. 347. 351. 344. 349. 347. 345. 350. 352. 350. 355. 344.]
 [332. 364. 382. 388. 391. 389. 396. 396. 396. 397. 395. 393. 399. 395.
  401. 398. 403. 398. 395. 399. 398. 356. 360. 356. 353. 360. 353. 352.
  357. 359. 358. 362. 355. 360. 359. 354. 350. 352. 358. 359.]]
##############################
[[134. 159. 173. 173. 179. 176. 174. 176. 178. 178. 190. 180. 185. 181.
  181. 181. 183. 181. 189. 179. 186. 184. 163. 162. 162. 166. 155. 162.
  162. 159. 163. 159. 158. 158. 157. 154. 161. 158. 158. 156.]
 [500. 500. 500. 500. 500. 500. 500. 500. 500. 500. 500. 500. 500. 500.
  500. 500. 500. 500. 500. 500. 500. 500. 450. 450. 450. 450. 450. 450.
  450. 450. 450. 450. 450. 450. 450. 450. 450. 450. 450. 450.]
 [342. 382. 389. 399. 392. 402. 396. 400. 399. 400. 390. 396. 392. 396.
  392. 394. 393. 393. 397. 393. 389. 388. 349. 350. 346. 350. 347. 348.
  345. 347. 351. 344. 349. 347. 345. 350. 352. 350. 355. 344.]
 [332. 364. 382. 388. 391. 389. 396. 396. 396. 397. 395. 393. 399. 395.
  401. 398. 403. 398. 395. 399. 398. 397. 360. 356. 353. 360. 353. 352.
  357. 359. 358. 362. 355. 360. 359. 354. 350. 352. 358. 359.]]
##############################
[[134. 159. 173. 173. 179. 176. 174. 176. 178. 178. 190. 180. 185. 181.
  181. 181. 183. 181. 189. 179. 186. 184. 184. 162. 162. 166. 155. 162.
  162. 159. 163. 159. 158. 158. 157. 154. 161. 158. 158. 156.]
 [500. 500. 500. 500. 500. 500. 500. 500. 500. 500. 500. 500. 500. 500.
  500. 500. 500. 500. 500. 500. 500. 500. 500. 450. 450. 450. 450. 450.
  450. 450. 450. 450. 450. 450. 450. 450. 450. 450. 450. 450.]
 [342. 382. 389. 399. 392. 402. 396. 400. 399. 400. 390. 396. 392. 396.
  392. 394. 393. 393. 397. 393. 389. 388. 392. 350. 346. 350. 347. 348.
  345. 347. 351. 344. 349. 347. 345. 350. 352. 350. 355. 344.]
 [332. 364. 382. 388. 391. 389. 396. 396. 396. 397. 395. 393. 399. 395.
  401. 398. 403. 398. 395. 399. 398. 397. 400. 356. 353. 360. 353. 352.
  357. 359. 358. 362. 355. 360. 359. 354. 350. 352. 358. 359.]]
##############################
[[134. 159. 173. 173. 179. 176. 174. 176. 178. 178. 190. 180. 185. 181.
  181. 181. 183. 181. 189. 179. 186. 184. 184. 182. 162. 166. 155. 162.
  162. 159. 163. 159. 158. 158. 157. 154. 161. 158. 158. 156.]
 [500. 500. 500. 500. 500. 500. 500. 500. 500. 500. 500. 500. 500. 500.
  500. 500. 500. 500. 500. 500. 500. 500. 500. 500. 450. 450. 450. 450.
  450. 450. 450. 450. 450. 450. 450. 450. 450. 450. 450. 450.]
 [342. 382. 389. 399. 392. 402. 396. 400. 399. 400. 390. 396. 392. 396.
  392. 394. 393. 393. 397. 393. 389. 388. 392. 396. 346. 350. 347. 348.
  345. 347. 351. 344. 349. 347. 345. 350. 352. 350. 355. 344.]
 [332. 364. 382. 388. 391. 389. 396. 396. 396. 397. 395. 393. 399. 395.
  401. 398. 403. 398. 395. 399. 398. 397. 400. 400. 353. 360. 353. 352.
  357. 359. 358. 362. 355. 360. 359. 354. 350. 352. 358. 359.]]
##############################
[[134. 159. 173. 173. 179. 176. 174. 176. 178. 178. 190. 180. 185. 181.
  181. 181. 183. 181. 189. 179. 186. 184. 184. 182. 182. 166. 155. 162.
  162. 159. 163. 159. 158. 158. 157. 154. 161. 158. 158. 156.]
 [500. 500. 500. 500. 500. 500. 500. 500. 500. 500. 500. 500. 500. 500.
  500. 500. 500. 500. 500. 500. 500. 500. 500. 500. 500. 450. 450. 450.
  450. 450. 450. 450. 450. 450. 450. 450. 450. 450. 450. 450.]
 [342. 382. 389. 399. 392. 402. 396. 400. 399. 400. 390. 396. 392. 396.
  392. 394. 393. 393. 397. 393. 389. 388. 392. 396. 391. 350. 347. 348.
  345. 347. 351. 344. 349. 347. 345. 350. 352. 350. 355. 344.]
 [332. 364. 382. 388. 391. 389. 396. 396. 396. 397. 395. 393. 399. 395.
  401. 398. 403. 398. 395. 399. 398. 397. 400. 400. 395. 360. 353. 352.
  357. 359. 358. 362. 355. 360. 359. 354. 350. 352. 358. 359.]]
##############################
[[134. 159. 173. 173. 179. 176. 174. 176. 178. 178. 190. 180. 185. 181.
  181. 181. 183. 181. 189. 179. 186. 184. 184. 182. 182. 187. 155. 162.
  162. 159. 163. 159. 158. 158. 157. 154. 161. 158. 158. 156.]
 [500. 500. 500. 500. 500. 500. 500. 500. 500. 500. 500. 500. 500. 500.
  500. 500. 500. 500. 500. 500. 500. 500. 500. 500. 500. 500. 450. 450.
  450. 450. 450. 450. 450. 450. 450. 450. 450. 450. 450. 450.]
 [342. 382. 389. 399. 392. 402. 396. 400. 399. 400. 390. 396. 392. 396.
  392. 394. 393. 393. 397. 393. 389. 388. 392. 396. 391. 392. 347. 348.
  345. 347. 351. 344. 349. 347. 345. 350. 352. 350. 355. 344.]
 [332. 364. 382. 388. 391. 389. 396. 396. 396. 397. 395. 393. 399. 395.
  401. 398. 403. 398. 395. 399. 398. 397. 400. 400. 395. 400. 353. 352.
  357. 359. 358. 362. 355. 360. 359. 354. 350. 352. 358. 359.]]
##############################
[[134. 159. 173. 173. 179. 176. 174. 176. 178. 178. 190. 180. 185. 181.
  181. 181. 183. 181. 189. 179. 186. 184. 184. 182. 182. 187. 174. 162.
  162. 159. 163. 159. 158. 158. 157. 154. 161. 158. 158. 156.]
 [500. 500. 500. 500. 500. 500. 500. 500. 500. 500. 500. 500. 500. 500.
  500. 500. 500. 500. 500. 500. 500. 500. 500. 500. 500. 500. 500. 450.
  450. 450. 450. 450. 450. 450. 450. 450. 450. 450. 450. 450.]
 [342. 382. 389. 399. 392. 402. 396. 400. 399. 400. 390. 396. 392. 396.
  392. 394. 393. 393. 397. 393. 389. 388. 392. 396. 391. 392. 391. 348.
  345. 347. 351. 344. 349. 347. 345. 350. 352. 350. 355. 344.]
 [332. 364. 382. 388. 391. 389. 396. 396. 396. 397. 395. 393. 399. 395.
  401. 398. 403. 398. 395. 399. 398. 397. 400. 400. 395. 400. 396. 352.
  357. 359. 358. 362. 355. 360. 359. 354. 350. 352. 358. 359.]]
##############################
[[134. 159. 173. 173. 179. 176. 174. 176. 178. 178. 190. 180. 185. 181.
  181. 181. 183. 181. 189. 179. 186. 184. 184. 182. 182. 187. 174. 180.
  162. 159. 163. 159. 158. 158. 157. 154. 161. 158. 158. 156.]
 [500. 500. 500. 500. 500. 500. 500. 500. 500. 500. 500. 500. 500. 500.
  500. 500. 500. 500. 500. 500. 500. 500. 500. 500. 500. 500. 500. 500.
  450. 450. 450. 450. 450. 450. 450. 450. 450. 450. 450. 450.]
 [342. 382. 389. 399. 392. 402. 396. 400. 399. 400. 390. 396. 392. 396.
  392. 394. 393. 393. 397. 393. 389. 388. 392. 396. 391. 392. 391. 392.
  345. 347. 351. 344. 349. 347. 345. 350. 352. 350. 355. 344.]
 [332. 364. 382. 388. 391. 389. 396. 396. 396. 397. 395. 393. 399. 395.
  401. 398. 403. 398. 395. 399. 398. 397. 400. 400. 395. 400. 396. 394.
  357. 359. 358. 362. 355. 360. 359. 354. 350. 352. 358. 359.]]
##############################
[[134. 159. 173. 173. 179. 176. 174. 176. 178. 178. 190. 180. 185. 181.
  181. 181. 183. 181. 189. 179. 186. 184. 184. 182. 182. 187. 174. 180.
  180. 159. 163. 159. 158. 158. 157. 154. 161. 158. 158. 156.]
 [500. 500. 500. 500. 500. 500. 500. 500. 500. 500. 500. 500. 500. 500.
  500. 500. 500. 500. 500. 500. 500. 500. 500. 500. 500. 500. 500. 500.
  500. 450. 450. 450. 450. 450. 450. 450. 450. 450. 450. 450.]
 [342. 382. 389. 399. 392. 402. 396. 400. 399. 400. 390. 396. 392. 396.
  392. 394. 393. 393. 397. 393. 389. 388. 392. 396. 391. 392. 391. 392.
  387. 347. 351. 344. 349. 347. 345. 350. 352. 350. 355. 344.]
 [332. 364. 382. 388. 391. 389. 396. 396. 396. 397. 395. 393. 399. 395.
  401. 398. 403. 398. 395. 399. 398. 397. 400. 400. 395. 400. 396. 394.
  400. 359. 358. 362. 355. 360. 359. 354. 350. 352. 358. 359.]]
##############################
[[134. 159. 173. 173. 179. 176. 174. 176. 178. 178. 190. 180. 185. 181.
  181. 181. 183. 181. 189. 179. 186. 184. 184. 182. 182. 187. 174. 180.
  180. 178. 163. 159. 158. 158. 157. 154. 161. 158. 158. 156.]
 [500. 500. 500. 500. 500. 500. 500. 500. 500. 500. 500. 500. 500. 500.
  500. 500. 500. 500. 500. 500. 500. 500. 500. 500. 500. 500. 500. 500.
  500. 500. 450. 450. 450. 450. 450. 450. 450. 450. 450. 450.]
 [342. 382. 389. 399. 392. 402. 396. 400. 399. 400. 390. 396. 392. 396.
  392. 394. 393. 393. 397. 393. 389. 388. 392. 396. 391. 392. 391. 392.
  387. 392. 351. 344. 349. 347. 345. 350. 352. 350. 355. 344.]
 [332. 364. 382. 388. 391. 389. 396. 396. 396. 397. 395. 393. 399. 395.
  401. 398. 403. 398. 395. 399. 398. 397. 400. 400. 395. 400. 396. 394.
  400. 402. 358. 362. 355. 360. 359. 354. 350. 352. 358. 359.]]
##############################
[[134. 159. 173. 173. 179. 176. 174. 176. 178. 178. 190. 180. 185. 181.
  181. 181. 183. 181. 189. 179. 186. 184. 184. 182. 182. 187. 174. 180.
  180. 178. 182. 159. 158. 158. 157. 154. 161. 158. 158. 156.]
 [500. 500. 500. 500. 500. 500. 500. 500. 500. 500. 500. 500. 500. 500.
  500. 500. 500. 500. 500. 500. 500. 500. 500. 500. 500. 500. 500. 500.
  500. 500. 500. 450. 450. 450. 450. 450. 450. 450. 450. 450.]
 [342. 382. 389. 399. 392. 402. 396. 400. 399. 400. 390. 396. 392. 396.
  392. 394. 393. 393. 397. 393. 389. 388. 392. 396. 391. 392. 391. 392.
  387. 392. 396. 344. 349. 347. 345. 350. 352. 350. 355. 344.]
 [332. 364. 382. 388. 391. 389. 396. 396. 396. 397. 395. 393. 399. 395.
  401. 398. 403. 398. 395. 399. 398. 397. 400. 400. 395. 400. 396. 394.
  400. 402. 400. 362. 355. 360. 359. 354. 350. 352. 358. 359.]]
##############################
[[134. 159. 173. 173. 179. 176. 174. 176. 178. 178. 190. 180. 185. 181.
  181. 181. 183. 181. 189. 179. 186. 184. 184. 182. 182. 187. 174. 180.
  180. 178. 182. 177. 158. 158. 157. 154. 161. 158. 158. 156.]
 [500. 500. 500. 500. 500. 500. 500. 500. 500. 500. 500. 500. 500. 500.
  500. 500. 500. 500. 500. 500. 500. 500. 500. 500. 500. 500. 500. 500.
  500. 500. 500. 500. 450. 450. 450. 450. 450. 450. 450. 450.]
 [342. 382. 389. 399. 392. 402. 396. 400. 399. 400. 390. 396. 392. 396.
  392. 394. 393. 393. 397. 393. 389. 388. 392. 396. 391. 392. 391. 392.
  387. 392. 396. 389. 349. 347. 345. 350. 352. 350. 355. 344.]
 [332. 364. 382. 388. 391. 389. 396. 396. 396. 397. 395. 393. 399. 395.
  401. 398. 403. 398. 395. 399. 398. 397. 400. 400. 395. 400. 396. 394.
  400. 402. 400. 404. 355. 360. 359. 354. 350. 352. 358. 359.]]
##############################
[[134. 159. 173. 173. 179. 176. 174. 176. 178. 178. 190. 180. 185. 181.
  181. 181. 183. 181. 189. 179. 186. 184. 184. 182. 182. 187. 174. 180.
  180. 178. 182. 177. 178. 158. 157. 154. 161. 158. 158. 156.]
 [500. 500. 500. 500. 500. 500. 500. 500. 500. 500. 500. 500. 500. 500.
  500. 500. 500. 500. 500. 500. 500. 500. 500. 500. 500. 500. 500. 500.
  500. 500. 500. 500. 500. 450. 450. 450. 450. 450. 450. 450.]
 [342. 382. 389. 399. 392. 402. 396. 400. 399. 400. 390. 396. 392. 396.
  392. 394. 393. 393. 397. 393. 389. 388. 392. 396. 391. 392. 391. 392.
  387. 392. 396. 389. 392. 347. 345. 350. 352. 350. 355. 344.]
 [332. 364. 382. 388. 391. 389. 396. 396. 396. 397. 395. 393. 399. 395.
  401. 398. 403. 398. 395. 399. 398. 397. 400. 400. 395. 400. 396. 394.
  400. 402. 400. 404. 398. 360. 359. 354. 350. 352. 358. 359.]]
##############################
[[134. 159. 173. 173. 179. 176. 174. 176. 178. 178. 190. 180. 185. 181.
  181. 181. 183. 181. 189. 179. 186. 184. 184. 182. 182. 187. 174. 180.
  180. 178. 182. 177. 178. 177. 157. 154. 161. 158. 158. 156.]
 [500. 500. 500. 500. 500. 500. 500. 500. 500. 500. 500. 500. 500. 500.
  500. 500. 500. 500. 500. 500. 500. 500. 500. 500. 500. 500. 500. 500.
  500. 500. 500. 500. 500. 500. 450. 450. 450. 450. 450. 450.]
 [342. 382. 389. 399. 392. 402. 396. 400. 399. 400. 390. 396. 392. 396.
  392. 394. 393. 393. 397. 393. 389. 388. 392. 396. 391. 392. 391. 392.
  387. 392. 396. 389. 392. 391. 345. 350. 352. 350. 355. 344.]
 [332. 364. 382. 388. 391. 389. 396. 396. 396. 397. 395. 393. 399. 395.
  401. 398. 403. 398. 395. 399. 398. 397. 400. 400. 395. 400. 396. 394.
  400. 402. 400. 404. 398. 402. 359. 354. 350. 352. 358. 359.]]
##############################
[[134. 159. 173. 173. 179. 176. 174. 176. 178. 178. 190. 180. 185. 181.
  181. 181. 183. 181. 189. 179. 186. 184. 184. 182. 182. 187. 174. 180.
  180. 178. 182. 177. 178. 177. 177. 154. 161. 158. 158. 156.]
 [500. 500. 500. 500. 500. 500. 500. 500. 500. 500. 500. 500. 500. 500.
  500. 500. 500. 500. 500. 500. 500. 500. 500. 500. 500. 500. 500. 500.
  500. 500. 500. 500. 500. 500. 500. 450. 450. 450. 450. 450.]
 [342. 382. 389. 399. 392. 402. 396. 400. 399. 400. 390. 396. 392. 396.
  392. 394. 393. 393. 397. 393. 389. 388. 392. 396. 391. 392. 391. 392.
  387. 392. 396. 389. 392. 391. 388. 350. 352. 350. 355. 344.]
 [332. 364. 382. 388. 391. 389. 396. 396. 396. 397. 395. 393. 399. 395.
  401. 398. 403. 398. 395. 399. 398. 397. 400. 400. 395. 400. 396. 394.
  400. 402. 400. 404. 398. 402. 401. 354. 350. 352. 358. 359.]]
##############################
[[134. 159. 173. 173. 179. 176. 174. 176. 178. 178. 190. 180. 185. 181.
  181. 181. 183. 181. 189. 179. 186. 184. 184. 182. 182. 187. 174. 180.
  180. 178. 182. 177. 178. 177. 177. 173. 161. 158. 158. 156.]
 [500. 500. 500. 500. 500. 500. 500. 500. 500. 500. 500. 500. 500. 500.
  500. 500. 500. 500. 500. 500. 500. 500. 500. 500. 500. 500. 500. 500.
  500. 500. 500. 500. 500. 500. 500. 500. 450. 450. 450. 450.]
 [342. 382. 389. 399. 392. 402. 396. 400. 399. 400. 390. 396. 392. 396.
  392. 394. 393. 393. 397. 393. 389. 388. 392. 396. 391. 392. 391. 392.
  387. 392. 396. 389. 392. 391. 388. 394. 352. 350. 355. 344.]
 [332. 364. 382. 388. 391. 389. 396. 396. 396. 397. 395. 393. 399. 395.
  401. 398. 403. 398. 395. 399. 398. 397. 400. 400. 395. 400. 396. 394.
  400. 402. 400. 404. 398. 402. 401. 395. 350. 352. 358. 359.]]
##############################
[[134. 159. 173. 173. 179. 176. 174. 176. 178. 178. 190. 180. 185. 181.
  181. 181. 183. 181. 189. 179. 186. 184. 184. 182. 182. 187. 174. 180.
  180. 178. 182. 177. 178. 177. 177. 173. 179. 158. 158. 156.]
 [500. 500. 500. 500. 500. 500. 500. 500. 500. 500. 500. 500. 500. 500.
  500. 500. 500. 500. 500. 500. 500. 500. 500. 500. 500. 500. 500. 500.
  500. 500. 500. 500. 500. 500. 500. 500. 500. 450. 450. 450.]
 [342. 382. 389. 399. 392. 402. 396. 400. 399. 400. 390. 396. 392. 396.
  392. 394. 393. 393. 397. 393. 389. 388. 392. 396. 391. 392. 391. 392.
  387. 392. 396. 389. 392. 391. 388. 394. 395. 350. 355. 344.]
 [332. 364. 382. 388. 391. 389. 396. 396. 396. 397. 395. 393. 399. 395.
  401. 398. 403. 398. 395. 399. 398. 397. 400. 400. 395. 400. 396. 394.
  400. 402. 400. 404. 398. 402. 401. 395. 391. 352. 358. 359.]]
##############################
[[134. 159. 173. 173. 179. 176. 174. 176. 178. 178. 190. 180. 185. 181.
  181. 181. 183. 181. 189. 179. 186. 184. 184. 182. 182. 187. 174. 180.
  180. 178. 182. 177. 178. 177. 177. 173. 179. 177. 158. 156.]
 [500. 500. 500. 500. 500. 500. 500. 500. 500. 500. 500. 500. 500. 500.
  500. 500. 500. 500. 500. 500. 500. 500. 500. 500. 500. 500. 500. 500.
  500. 500. 500. 500. 500. 500. 500. 500. 500. 500. 450. 450.]
 [342. 382. 389. 399. 392. 402. 396. 400. 399. 400. 390. 396. 392. 396.
  392. 394. 393. 393. 397. 393. 389. 388. 392. 396. 391. 392. 391. 392.
  387. 392. 396. 389. 392. 391. 388. 394. 395. 392. 355. 344.]
 [332. 364. 382. 388. 391. 389. 396. 396. 396. 397. 395. 393. 399. 395.
  401. 398. 403. 398. 395. 399. 398. 397. 400. 400. 395. 400. 396. 394.
  400. 402. 400. 404. 398. 402. 401. 395. 391. 393. 358. 359.]]
##############################
[[134. 159. 173. 173. 179. 176. 174. 176. 178. 178. 190. 180. 185. 181.
  181. 181. 183. 181. 189. 179. 186. 184. 184. 182. 182. 187. 174. 180.
  180. 178. 182. 177. 178. 177. 177. 173. 179. 177. 179. 156.]
 [500. 500. 500. 500. 500. 500. 500. 500. 500. 500. 500. 500. 500. 500.
  500. 500. 500. 500. 500. 500. 500. 500. 500. 500. 500. 500. 500. 500.
  500. 500. 500. 500. 500. 500. 500. 500. 500. 500. 500. 450.]
 [342. 382. 389. 399. 392. 402. 396. 400. 399. 400. 390. 396. 392. 396.
  392. 394. 393. 393. 397. 393. 389. 388. 392. 396. 391. 392. 391. 392.
  387. 392. 396. 389. 392. 391. 388. 394. 395. 392. 397. 344.]
 [332. 364. 382. 388. 391. 389. 396. 396. 396. 397. 395. 393. 399. 395.
  401. 398. 403. 398. 395. 399. 398. 397. 400. 400. 395. 400. 396. 394.
  400. 402. 400. 404. 398. 402. 401. 395. 391. 393. 400. 359.]]
##############################
[[134. 159. 173. 173. 179. 176. 174. 176. 178. 178. 190. 180. 185. 181.
  181. 181. 183. 181. 189. 179. 186. 184. 184. 182. 182. 187. 174. 180.
  180. 178. 182. 177. 178. 177. 177. 173. 179. 177. 179. 177.]
 [500. 500. 500. 500. 500. 500. 500. 500. 500. 500. 500. 500. 500. 500.
  500. 500. 500. 500. 500. 500. 500. 500. 500. 500. 500. 500. 500. 500.
  500. 500. 500. 500. 500. 500. 500. 500. 500. 500. 500. 500.]
 [342. 382. 389. 399. 392. 402. 396. 400. 399. 400. 390. 396. 392. 396.
  392. 394. 393. 393. 397. 393. 389. 388. 392. 396. 391. 392. 391. 392.
  387. 392. 396. 389. 392. 391. 388. 394. 395. 392. 397. 387.]
 [332. 364. 382. 388. 391. 389. 396. 396. 396. 397. 395. 393. 399. 395.
  401. 398. 403. 398. 395. 399. 398. 397. 400. 400. 395. 400. 396. 394.
  400. 402. 400. 404. 398. 402. 401. 395. 391. 393. 400. 398.]]
##############################
##################################################
##################################################
starting :11 batch
[[150. 159. 173. 173. 179. 176. 174. 176. 178. 178. 190. 180. 185. 181.
  181. 181. 183. 181. 189. 179. 186. 184. 184. 182. 182. 187. 174. 180.
  180. 178. 182. 177. 178. 177. 177. 173. 179. 177. 179. 177.]
 [550. 500. 500. 500. 500. 500. 500. 500. 500. 500. 500. 500. 500. 500.
  500. 500. 500. 500. 500. 500. 500. 500. 500. 500. 500. 500. 500. 500.
  500. 500. 500. 500. 500. 500. 500. 500. 500. 500. 500. 500.]
 [379. 382. 389. 399. 392. 402. 396. 400. 399. 400. 390. 396. 392. 396.
  392. 394. 393. 393. 397. 393. 389. 388. 392. 396. 391. 392. 391. 392.
  387. 392. 396. 389. 392. 391. 388. 394. 395. 392. 397. 387.]
 [370. 364. 382. 388. 391. 389. 396. 396. 396. 397. 395. 393. 399. 395.
  401. 398. 403. 398. 395. 399. 398. 397. 400. 400. 395. 400. 396. 394.
  400. 402. 400. 404. 398. 402. 401. 395. 391. 393. 400. 398.]]
##############################
[[150. 177. 173. 173. 179. 176. 174. 176. 178. 178. 190. 180. 185. 181.
  181. 181. 183. 181. 189. 179. 186. 184. 184. 182. 182. 187. 174. 180.
  180. 178. 182. 177. 178. 177. 177. 173. 179. 177. 179. 177.]
 [550. 550. 500. 500. 500. 500. 500. 500. 500. 500. 500. 500. 500. 500.
  500. 500. 500. 500. 500. 500. 500. 500. 500. 500. 500. 500. 500. 500.
  500. 500. 500. 500. 500. 500. 500. 500. 500. 500. 500. 500.]
 [379. 422. 389. 399. 392. 402. 396. 400. 399. 400. 390. 396. 392. 396.
  392. 394. 393. 393. 397. 393. 389. 388. 392. 396. 391. 392. 391. 392.
  387. 392. 396. 389. 392. 391. 388. 394. 395. 392. 397. 387.]
 [370. 403. 382. 388. 391. 389. 396. 396. 396. 397. 395. 393. 399. 395.
  401. 398. 403. 398. 395. 399. 398. 397. 400. 400. 395. 400. 396. 394.
  400. 402. 400. 404. 398. 402. 401. 395. 391. 393. 400. 398.]]
##############################
[[150. 177. 190. 173. 179. 176. 174. 176. 178. 178. 190. 180. 185. 181.
  181. 181. 183. 181. 189. 179. 186. 184. 184. 182. 182. 187. 174. 180.
  180. 178. 182. 177. 178. 177. 177. 173. 179. 177. 179. 177.]
 [550. 550. 550. 500. 500. 500. 500. 500. 500. 500. 500. 500. 500. 500.
  500. 500. 500. 500. 500. 500. 500. 500. 500. 500. 500. 500. 500. 500.
  500. 500. 500. 500. 500. 500. 500. 500. 500. 500. 500. 500.]
 [379. 422. 428. 399. 392. 402. 396. 400. 399. 400. 390. 396. 392. 396.
  392. 394. 393. 393. 397. 393. 389. 388. 392. 396. 391. 392. 391. 392.
  387. 392. 396. 389. 392. 391. 388. 394. 395. 392. 397. 387.]
 [370. 403. 420. 388. 391. 389. 396. 396. 396. 397. 395. 393. 399. 395.
  401. 398. 403. 398. 395. 399. 398. 397. 400. 400. 395. 400. 396. 394.
  400. 402. 400. 404. 398. 402. 401. 395. 391. 393. 400. 398.]]
##############################
[[150. 177. 190. 191. 179. 176. 174. 176. 178. 178. 190. 180. 185. 181.
  181. 181. 183. 181. 189. 179. 186. 184. 184. 182. 182. 187. 174. 180.
  180. 178. 182. 177. 178. 177. 177. 173. 179. 177. 179. 177.]
 [550. 550. 550. 550. 500. 500. 500. 500. 500. 500. 500. 500. 500. 500.
  500. 500. 500. 500. 500. 500. 500. 500. 500. 500. 500. 500. 500. 500.
  500. 500. 500. 500. 500. 500. 500. 500. 500. 500. 500. 500.]
 [379. 422. 428. 439. 392. 402. 396. 400. 399. 400. 390. 396. 392. 396.
  392. 394. 393. 393. 397. 393. 389. 388. 392. 396. 391. 392. 391. 392.
  387. 392. 396. 389. 392. 391. 388. 394. 395. 392. 397. 387.]
 [370. 403. 420. 427. 391. 389. 396. 396. 396. 397. 395. 393. 399. 395.
  401. 398. 403. 398. 395. 399. 398. 397. 400. 400. 395. 400. 396. 394.
  400. 402. 400. 404. 398. 402. 401. 395. 391. 393. 400. 398.]]
##############################
[[150. 177. 190. 191. 198. 176. 174. 176. 178. 178. 190. 180. 185. 181.
  181. 181. 183. 181. 189. 179. 186. 184. 184. 182. 182. 187. 174. 180.
  180. 178. 182. 177. 178. 177. 177. 173. 179. 177. 179. 177.]
 [550. 550. 550. 550. 550. 500. 500. 500. 500. 500. 500. 500. 500. 500.
  500. 500. 500. 500. 500. 500. 500. 500. 500. 500. 500. 500. 500. 500.
  500. 500. 500. 500. 500. 500. 500. 500. 500. 500. 500. 500.]
 [379. 422. 428. 439. 431. 402. 396. 400. 399. 400. 390. 396. 392. 396.
  392. 394. 393. 393. 397. 393. 389. 388. 392. 396. 391. 392. 391. 392.
  387. 392. 396. 389. 392. 391. 388. 394. 395. 392. 397. 387.]
 [370. 403. 420. 427. 431. 389. 396. 396. 396. 397. 395. 393. 399. 395.
  401. 398. 403. 398. 395. 399. 398. 397. 400. 400. 395. 400. 396. 394.
  400. 402. 400. 404. 398. 402. 401. 395. 391. 393. 400. 398.]]
##############################
[[150. 177. 190. 191. 198. 194. 174. 176. 178. 178. 190. 180. 185. 181.
  181. 181. 183. 181. 189. 179. 186. 184. 184. 182. 182. 187. 174. 180.
  180. 178. 182. 177. 178. 177. 177. 173. 179. 177. 179. 177.]
 [550. 550. 550. 550. 550. 550. 500. 500. 500. 500. 500. 500. 500. 500.
  500. 500. 500. 500. 500. 500. 500. 500. 500. 500. 500. 500. 500. 500.
  500. 500. 500. 500. 500. 500. 500. 500. 500. 500. 500. 500.]
 [379. 422. 428. 439. 431. 442. 396. 400. 399. 400. 390. 396. 392. 396.
  392. 394. 393. 393. 397. 393. 389. 388. 392. 396. 391. 392. 391. 392.
  387. 392. 396. 389. 392. 391. 388. 394. 395. 392. 397. 387.]
 [370. 403. 420. 427. 431. 426. 396. 396. 396. 397. 395. 393. 399. 395.
  401. 398. 403. 398. 395. 399. 398. 397. 400. 400. 395. 400. 396. 394.
  400. 402. 400. 404. 398. 402. 401. 395. 391. 393. 400. 398.]]
##############################
[[150. 177. 190. 191. 198. 194. 191. 176. 178. 178. 190. 180. 185. 181.
  181. 181. 183. 181. 189. 179. 186. 184. 184. 182. 182. 187. 174. 180.
  180. 178. 182. 177. 178. 177. 177. 173. 179. 177. 179. 177.]
 [550. 550. 550. 550. 550. 550. 550. 500. 500. 500. 500. 500. 500. 500.
  500. 500. 500. 500. 500. 500. 500. 500. 500. 500. 500. 500. 500. 500.
  500. 500. 500. 500. 500. 500. 500. 500. 500. 500. 500. 500.]
 [379. 422. 428. 439. 431. 442. 436. 400. 399. 400. 390. 396. 392. 396.
  392. 394. 393. 393. 397. 393. 389. 388. 392. 396. 391. 392. 391. 392.
  387. 392. 396. 389. 392. 391. 388. 394. 395. 392. 397. 387.]
 [370. 403. 420. 427. 431. 426. 435. 396. 396. 397. 395. 393. 399. 395.
  401. 398. 403. 398. 395. 399. 398. 397. 400. 400. 395. 400. 396. 394.
  400. 402. 400. 404. 398. 402. 401. 395. 391. 393. 400. 398.]]
##############################
[[150. 177. 190. 191. 198. 194. 191. 196. 178. 178. 190. 180. 185. 181.
  181. 181. 183. 181. 189. 179. 186. 184. 184. 182. 182. 187. 174. 180.
  180. 178. 182. 177. 178. 177. 177. 173. 179. 177. 179. 177.]
 [550. 550. 550. 550. 550. 550. 550. 550. 500. 500. 500. 500. 500. 500.
  500. 500. 500. 500. 500. 500. 500. 500. 500. 500. 500. 500. 500. 500.
  500. 500. 500. 500. 500. 500. 500. 500. 500. 500. 500. 500.]
 [379. 422. 428. 439. 431. 442. 436. 441. 399. 400. 390. 396. 392. 396.
  392. 394. 393. 393. 397. 393. 389. 388. 392. 396. 391. 392. 391. 392.
  387. 392. 396. 389. 392. 391. 388. 394. 395. 392. 397. 387.]
 [370. 403. 420. 427. 431. 426. 435. 435. 396. 397. 395. 393. 399. 395.
  401. 398. 403. 398. 395. 399. 398. 397. 400. 400. 395. 400. 396. 394.
  400. 402. 400. 404. 398. 402. 401. 395. 391. 393. 400. 398.]]
##############################
[[150. 177. 190. 191. 198. 194. 191. 196. 196. 178. 190. 180. 185. 181.
  181. 181. 183. 181. 189. 179. 186. 184. 184. 182. 182. 187. 174. 180.
  180. 178. 182. 177. 178. 177. 177. 173. 179. 177. 179. 177.]
 [550. 550. 550. 550. 550. 550. 550. 550. 550. 500. 500. 500. 500. 500.
  500. 500. 500. 500. 500. 500. 500. 500. 500. 500. 500. 500. 500. 500.
  500. 500. 500. 500. 500. 500. 500. 500. 500. 500. 500. 500.]
 [379. 422. 428. 439. 431. 442. 436. 441. 440. 400. 390. 396. 392. 396.
  392. 394. 393. 393. 397. 393. 389. 388. 392. 396. 391. 392. 391. 392.
  387. 392. 396. 389. 392. 391. 388. 394. 395. 392. 397. 387.]
 [370. 403. 420. 427. 431. 426. 435. 435. 435. 397. 395. 393. 399. 395.
  401. 398. 403. 398. 395. 399. 398. 397. 400. 400. 395. 400. 396. 394.
  400. 402. 400. 404. 398. 402. 401. 395. 391. 393. 400. 398.]]
##############################
[[150. 177. 190. 191. 198. 194. 191. 196. 196. 197. 190. 180. 185. 181.
  181. 181. 183. 181. 189. 179. 186. 184. 184. 182. 182. 187. 174. 180.
  180. 178. 182. 177. 178. 177. 177. 173. 179. 177. 179. 177.]
 [550. 550. 550. 550. 550. 550. 550. 550. 550. 550. 500. 500. 500. 500.
  500. 500. 500. 500. 500. 500. 500. 500. 500. 500. 500. 500. 500. 500.
  500. 500. 500. 500. 500. 500. 500. 500. 500. 500. 500. 500.]
 [379. 422. 428. 439. 431. 442. 436. 441. 440. 441. 390. 396. 392. 396.
  392. 394. 393. 393. 397. 393. 389. 388. 392. 396. 391. 392. 391. 392.
  387. 392. 396. 389. 392. 391. 388. 394. 395. 392. 397. 387.]
 [370. 403. 420. 427. 431. 426. 435. 435. 435. 434. 395. 393. 399. 395.
  401. 398. 403. 398. 395. 399. 398. 397. 400. 400. 395. 400. 396. 394.
  400. 402. 400. 404. 398. 402. 401. 395. 391. 393. 400. 398.]]
##############################
[[150. 177. 190. 191. 198. 194. 191. 196. 196. 197. 208. 180. 185. 181.
  181. 181. 183. 181. 189. 179. 186. 184. 184. 182. 182. 187. 174. 180.
  180. 178. 182. 177. 178. 177. 177. 173. 179. 177. 179. 177.]
 [550. 550. 550. 550. 550. 550. 550. 550. 550. 550. 550. 500. 500. 500.
  500. 500. 500. 500. 500. 500. 500. 500. 500. 500. 500. 500. 500. 500.
  500. 500. 500. 500. 500. 500. 500. 500. 500. 500. 500. 500.]
 [379. 422. 428. 439. 431. 442. 436. 441. 440. 441. 431. 396. 392. 396.
  392. 394. 393. 393. 397. 393. 389. 388. 392. 396. 391. 392. 391. 392.
  387. 392. 396. 389. 392. 391. 388. 394. 395. 392. 397. 387.]
 [370. 403. 420. 427. 431. 426. 435. 435. 435. 434. 434. 393. 399. 395.
  401. 398. 403. 398. 395. 399. 398. 397. 400. 400. 395. 400. 396. 394.
  400. 402. 400. 404. 398. 402. 401. 395. 391. 393. 400. 398.]]
##############################
[[150. 177. 190. 191. 198. 194. 191. 196. 196. 197. 208. 199. 185. 181.
  181. 181. 183. 181. 189. 179. 186. 184. 184. 182. 182. 187. 174. 180.
  180. 178. 182. 177. 178. 177. 177. 173. 179. 177. 179. 177.]
 [550. 550. 550. 550. 550. 550. 550. 550. 550. 550. 550. 550. 500. 500.
  500. 500. 500. 500. 500. 500. 500. 500. 500. 500. 500. 500. 500. 500.
  500. 500. 500. 500. 500. 500. 500. 500. 500. 500. 500. 500.]
 [379. 422. 428. 439. 431. 442. 436. 441. 440. 441. 431. 438. 392. 396.
  392. 394. 393. 393. 397. 393. 389. 388. 392. 396. 391. 392. 391. 392.
  387. 392. 396. 389. 392. 391. 388. 394. 395. 392. 397. 387.]
 [370. 403. 420. 427. 431. 426. 435. 435. 435. 434. 434. 432. 399. 395.
  401. 398. 403. 398. 395. 399. 398. 397. 400. 400. 395. 400. 396. 394.
  400. 402. 400. 404. 398. 402. 401. 395. 391. 393. 400. 398.]]
##############################
[[150. 177. 190. 191. 198. 194. 191. 196. 196. 197. 208. 199. 203. 181.
  181. 181. 183. 181. 189. 179. 186. 184. 184. 182. 182. 187. 174. 180.
  180. 178. 182. 177. 178. 177. 177. 173. 179. 177. 179. 177.]
 [550. 550. 550. 550. 550. 550. 550. 550. 550. 550. 550. 550. 550. 500.
  500. 500. 500. 500. 500. 500. 500. 500. 500. 500. 500. 500. 500. 500.
  500. 500. 500. 500. 500. 500. 500. 500. 500. 500. 500. 500.]
 [379. 422. 428. 439. 431. 442. 436. 441. 440. 441. 431. 438. 433. 396.
  392. 394. 393. 393. 397. 393. 389. 388. 392. 396. 391. 392. 391. 392.
  387. 392. 396. 389. 392. 391. 388. 394. 395. 392. 397. 387.]
 [370. 403. 420. 427. 431. 426. 435. 435. 435. 434. 434. 432. 437. 395.
  401. 398. 403. 398. 395. 399. 398. 397. 400. 400. 395. 400. 396. 394.
  400. 402. 400. 404. 398. 402. 401. 395. 391. 393. 400. 398.]]
##############################
[[150. 177. 190. 191. 198. 194. 191. 196. 196. 197. 208. 199. 203. 199.
  181. 181. 183. 181. 189. 179. 186. 184. 184. 182. 182. 187. 174. 180.
  180. 178. 182. 177. 178. 177. 177. 173. 179. 177. 179. 177.]
 [550. 550. 550. 550. 550. 550. 550. 550. 550. 550. 550. 550. 550. 550.
  500. 500. 500. 500. 500. 500. 500. 500. 500. 500. 500. 500. 500. 500.
  500. 500. 500. 500. 500. 500. 500. 500. 500. 500. 500. 500.]
 [379. 422. 428. 439. 431. 442. 436. 441. 440. 441. 431. 438. 433. 435.
  392. 394. 393. 393. 397. 393. 389. 388. 392. 396. 391. 392. 391. 392.
  387. 392. 396. 389. 392. 391. 388. 394. 395. 392. 397. 387.]
 [370. 403. 420. 427. 431. 426. 435. 435. 435. 434. 434. 432. 437. 434.
  401. 398. 403. 398. 395. 399. 398. 397. 400. 400. 395. 400. 396. 394.
  400. 402. 400. 404. 398. 402. 401. 395. 391. 393. 400. 398.]]
##############################
[[150. 177. 190. 191. 198. 194. 191. 196. 196. 197. 208. 199. 203. 199.
  200. 181. 183. 181. 189. 179. 186. 184. 184. 182. 182. 187. 174. 180.
  180. 178. 182. 177. 178. 177. 177. 173. 179. 177. 179. 177.]
 [550. 550. 550. 550. 550. 550. 550. 550. 550. 550. 550. 550. 550. 550.
  550. 500. 500. 500. 500. 500. 500. 500. 500. 500. 500. 500. 500. 500.
  500. 500. 500. 500. 500. 500. 500. 500. 500. 500. 500. 500.]
 [379. 422. 428. 439. 431. 442. 436. 441. 440. 441. 431. 438. 433. 435.
  432. 394. 393. 393. 397. 393. 389. 388. 392. 396. 391. 392. 391. 392.
  387. 392. 396. 389. 392. 391. 388. 394. 395. 392. 397. 387.]
 [370. 403. 420. 427. 431. 426. 435. 435. 435. 434. 434. 432. 437. 434.
  439. 398. 403. 398. 395. 399. 398. 397. 400. 400. 395. 400. 396. 394.
  400. 402. 400. 404. 398. 402. 401. 395. 391. 393. 400. 398.]]
##############################
[[150. 177. 190. 191. 198. 194. 191. 196. 196. 197. 208. 199. 203. 199.
  200. 197. 183. 181. 189. 179. 186. 184. 184. 182. 182. 187. 174. 180.
  180. 178. 182. 177. 178. 177. 177. 173. 179. 177. 179. 177.]
 [550. 550. 550. 550. 550. 550. 550. 550. 550. 550. 550. 550. 550. 550.
  550. 550. 500. 500. 500. 500. 500. 500. 500. 500. 500. 500. 500. 500.
  500. 500. 500. 500. 500. 500. 500. 500. 500. 500. 500. 500.]
 [379. 422. 428. 439. 431. 442. 436. 441. 440. 441. 431. 438. 433. 435.
  432. 435. 393. 393. 397. 393. 389. 388. 392. 396. 391. 392. 391. 392.
  387. 392. 396. 389. 392. 391. 388. 394. 395. 392. 397. 387.]
 [370. 403. 420. 427. 431. 426. 435. 435. 435. 434. 434. 432. 437. 434.
  439. 436. 403. 398. 395. 399. 398. 397. 400. 400. 395. 400. 396. 394.
  400. 402. 400. 404. 398. 402. 401. 395. 391. 393. 400. 398.]]
##############################
[[150. 177. 190. 191. 198. 194. 191. 196. 196. 197. 208. 199. 203. 199.
  200. 197. 199. 181. 189. 179. 186. 184. 184. 182. 182. 187. 174. 180.
  180. 178. 182. 177. 178. 177. 177. 173. 179. 177. 179. 177.]
 [550. 550. 550. 550. 550. 550. 550. 550. 550. 550. 550. 550. 550. 550.
  550. 550. 550. 500. 500. 500. 500. 500. 500. 500. 500. 500. 500. 500.
  500. 500. 500. 500. 500. 500. 500. 500. 500. 500. 500. 500.]
 [379. 422. 428. 439. 431. 442. 436. 441. 440. 441. 431. 438. 433. 435.
  432. 435. 433. 393. 397. 393. 389. 388. 392. 396. 391. 392. 391. 392.
  387. 392. 396. 389. 392. 391. 388. 394. 395. 392. 397. 387.]
 [370. 403. 420. 427. 431. 426. 435. 435. 435. 434. 434. 432. 437. 434.
  439. 436. 441. 398. 395. 399. 398. 397. 400. 400. 395. 400. 396. 394.
  400. 402. 400. 404. 398. 402. 401. 395. 391. 393. 400. 398.]]
##############################
[[150. 177. 190. 191. 198. 194. 191. 196. 196. 197. 208. 199. 203. 199.
  200. 197. 199. 197. 189. 179. 186. 184. 184. 182. 182. 187. 174. 180.
  180. 178. 182. 177. 178. 177. 177. 173. 179. 177. 179. 177.]
 [550. 550. 550. 550. 550. 550. 550. 550. 550. 550. 550. 550. 550. 550.
  550. 550. 550. 550. 500. 500. 500. 500. 500. 500. 500. 500. 500. 500.
  500. 500. 500. 500. 500. 500. 500. 500. 500. 500. 500. 500.]
 [379. 422. 428. 439. 431. 442. 436. 441. 440. 441. 431. 438. 433. 435.
  432. 435. 433. 434. 397. 393. 389. 388. 392. 396. 391. 392. 391. 392.
  387. 392. 396. 389. 392. 391. 388. 394. 395. 392. 397. 387.]
 [370. 403. 420. 427. 431. 426. 435. 435. 435. 434. 434. 432. 437. 434.
  439. 436. 441. 436. 395. 399. 398. 397. 400. 400. 395. 400. 396. 394.
  400. 402. 400. 404. 398. 402. 401. 395. 391. 393. 400. 398.]]
##############################
[[150. 177. 190. 191. 198. 194. 191. 196. 196. 197. 208. 199. 203. 199.
  200. 197. 199. 197. 205. 179. 186. 184. 184. 182. 182. 187. 174. 180.
  180. 178. 182. 177. 178. 177. 177. 173. 179. 177. 179. 177.]
 [550. 550. 550. 550. 550. 550. 550. 550. 550. 550. 550. 550. 550. 550.
  550. 550. 550. 550. 550. 500. 500. 500. 500. 500. 500. 500. 500. 500.
  500. 500. 500. 500. 500. 500. 500. 500. 500. 500. 500. 500.]
 [379. 422. 428. 439. 431. 442. 436. 441. 440. 441. 431. 438. 433. 435.
  432. 435. 433. 434. 439. 393. 389. 388. 392. 396. 391. 392. 391. 392.
  387. 392. 396. 389. 392. 391. 388. 394. 395. 392. 397. 387.]
 [370. 403. 420. 427. 431. 426. 435. 435. 435. 434. 434. 432. 437. 434.
  439. 436. 441. 436. 434. 399. 398. 397. 400. 400. 395. 400. 396. 394.
  400. 402. 400. 404. 398. 402. 401. 395. 391. 393. 400. 398.]]
##############################
[[150. 177. 190. 191. 198. 194. 191. 196. 196. 197. 208. 199. 203. 199.
  200. 197. 199. 197. 205. 195. 186. 184. 184. 182. 182. 187. 174. 180.
  180. 178. 182. 177. 178. 177. 177. 173. 179. 177. 179. 177.]
 [550. 550. 550. 550. 550. 550. 550. 550. 550. 550. 550. 550. 550. 550.
  550. 550. 550. 550. 550. 550. 500. 500. 500. 500. 500. 500. 500. 500.
  500. 500. 500. 500. 500. 500. 500. 500. 500. 500. 500. 500.]
 [379. 422. 428. 439. 431. 442. 436. 441. 440. 441. 431. 438. 433. 435.
  432. 435. 433. 434. 439. 433. 389. 388. 392. 396. 391. 392. 391. 392.
  387. 392. 396. 389. 392. 391. 388. 394. 395. 392. 397. 387.]
 [370. 403. 420. 427. 431. 426. 435. 435. 435. 434. 434. 432. 437. 434.
  439. 436. 441. 436. 434. 437. 398. 397. 400. 400. 395. 400. 396. 394.
  400. 402. 400. 404. 398. 402. 401. 395. 391. 393. 400. 398.]]
##############################
[[150. 177. 190. 191. 198. 194. 191. 196. 196. 197. 208. 199. 203. 199.
  200. 197. 199. 197. 205. 195. 202. 184. 184. 182. 182. 187. 174. 180.
  180. 178. 182. 177. 178. 177. 177. 173. 179. 177. 179. 177.]
 [550. 550. 550. 550. 550. 550. 550. 550. 550. 550. 550. 550. 550. 550.
  550. 550. 550. 550. 550. 550. 550. 500. 500. 500. 500. 500. 500. 500.
  500. 500. 500. 500. 500. 500. 500. 500. 500. 500. 500. 500.]
 [379. 422. 428. 439. 431. 442. 436. 441. 440. 441. 431. 438. 433. 435.
  432. 435. 433. 434. 439. 433. 429. 388. 392. 396. 391. 392. 391. 392.
  387. 392. 396. 389. 392. 391. 388. 394. 395. 392. 397. 387.]
 [370. 403. 420. 427. 431. 426. 435. 435. 435. 434. 434. 432. 437. 434.
  439. 436. 441. 436. 434. 437. 436. 397. 400. 400. 395. 400. 396. 394.
  400. 402. 400. 404. 398. 402. 401. 395. 391. 393. 400. 398.]]
##############################
[[150. 177. 190. 191. 198. 194. 191. 196. 196. 197. 208. 199. 203. 199.
  200. 197. 199. 197. 205. 195. 202. 200. 184. 182. 182. 187. 174. 180.
  180. 178. 182. 177. 178. 177. 177. 173. 179. 177. 179. 177.]
 [550. 550. 550. 550. 550. 550. 550. 550. 550. 550. 550. 550. 550. 550.
  550. 550. 550. 550. 550. 550. 550. 550. 500. 500. 500. 500. 500. 500.
  500. 500. 500. 500. 500. 500. 500. 500. 500. 500. 500. 500.]
 [379. 422. 428. 439. 431. 442. 436. 441. 440. 441. 431. 438. 433. 435.
  432. 435. 433. 434. 439. 433. 429. 429. 392. 396. 391. 392. 391. 392.
  387. 392. 396. 389. 392. 391. 388. 394. 395. 392. 397. 387.]
 [370. 403. 420. 427. 431. 426. 435. 435. 435. 434. 434. 432. 437. 434.
  439. 436. 441. 436. 434. 437. 436. 433. 400. 400. 395. 400. 396. 394.
  400. 402. 400. 404. 398. 402. 401. 395. 391. 393. 400. 398.]]
##############################
[[150. 177. 190. 191. 198. 194. 191. 196. 196. 197. 208. 199. 203. 199.
  200. 197. 199. 197. 205. 195. 202. 200. 200. 182. 182. 187. 174. 180.
  180. 178. 182. 177. 178. 177. 177. 173. 179. 177. 179. 177.]
 [550. 550. 550. 550. 550. 550. 550. 550. 550. 550. 550. 550. 550. 550.
  550. 550. 550. 550. 550. 550. 550. 550. 550. 500. 500. 500. 500. 500.
  500. 500. 500. 500. 500. 500. 500. 500. 500. 500. 500. 500.]
 [379. 422. 428. 439. 431. 442. 436. 441. 440. 441. 431. 438. 433. 435.
  432. 435. 433. 434. 439. 433. 429. 429. 434. 396. 391. 392. 391. 392.
  387. 392. 396. 389. 392. 391. 388. 394. 395. 392. 397. 387.]
 [370. 403. 420. 427. 431. 426. 435. 435. 435. 434. 434. 432. 437. 434.
  439. 436. 441. 436. 434. 437. 436. 433. 440. 400. 395. 400. 396. 394.
  400. 402. 400. 404. 398. 402. 401. 395. 391. 393. 400. 398.]]
##############################
[[150. 177. 190. 191. 198. 194. 191. 196. 196. 197. 208. 199. 203. 199.
  200. 197. 199. 197. 205. 195. 202. 200. 200. 199. 182. 187. 174. 180.
  180. 178. 182. 177. 178. 177. 177. 173. 179. 177. 179. 177.]
 [550. 550. 550. 550. 550. 550. 550. 550. 550. 550. 550. 550. 550. 550.
  550. 550. 550. 550. 550. 550. 550. 550. 550. 550. 500. 500. 500. 500.
  500. 500. 500. 500. 500. 500. 500. 500. 500. 500. 500. 500.]
 [379. 422. 428. 439. 431. 442. 436. 441. 440. 441. 431. 438. 433. 435.
  432. 435. 433. 434. 439. 433. 429. 429. 434. 437. 391. 392. 391. 392.
  387. 392. 396. 389. 392. 391. 388. 394. 395. 392. 397. 387.]
 [370. 403. 420. 427. 431. 426. 435. 435. 435. 434. 434. 432. 437. 434.
  439. 436. 441. 436. 434. 437. 436. 433. 440. 440. 395. 400. 396. 394.
  400. 402. 400. 404. 398. 402. 401. 395. 391. 393. 400. 398.]]
##############################
[[150. 177. 190. 191. 198. 194. 191. 196. 196. 197. 208. 199. 203. 199.
  200. 197. 199. 197. 205. 195. 202. 200. 200. 199. 199. 187. 174. 180.
  180. 178. 182. 177. 178. 177. 177. 173. 179. 177. 179. 177.]
 [550. 550. 550. 550. 550. 550. 550. 550. 550. 550. 550. 550. 550. 550.
  550. 550. 550. 550. 550. 550. 550. 550. 550. 550. 550. 500. 500. 500.
  500. 500. 500. 500. 500. 500. 500. 500. 500. 500. 500. 500.]
 [379. 422. 428. 439. 431. 442. 436. 441. 440. 441. 431. 438. 433. 435.
  432. 435. 433. 434. 439. 433. 429. 429. 434. 437. 431. 392. 391. 392.
  387. 392. 396. 389. 392. 391. 388. 394. 395. 392. 397. 387.]
 [370. 403. 420. 427. 431. 426. 435. 435. 435. 434. 434. 432. 437. 434.
  439. 436. 441. 436. 434. 437. 436. 433. 440. 440. 431. 400. 396. 394.
  400. 402. 400. 404. 398. 402. 401. 395. 391. 393. 400. 398.]]
##############################
[[150. 177. 190. 191. 198. 194. 191. 196. 196. 197. 208. 199. 203. 199.
  200. 197. 199. 197. 205. 195. 202. 200. 200. 199. 199. 203. 174. 180.
  180. 178. 182. 177. 178. 177. 177. 173. 179. 177. 179. 177.]
 [550. 550. 550. 550. 550. 550. 550. 550. 550. 550. 550. 550. 550. 550.
  550. 550. 550. 550. 550. 550. 550. 550. 550. 550. 550. 550. 500. 500.
  500. 500. 500. 500. 500. 500. 500. 500. 500. 500. 500. 500.]
 [379. 422. 428. 439. 431. 442. 436. 441. 440. 441. 431. 438. 433. 435.
  432. 435. 433. 434. 439. 433. 429. 429. 434. 437. 431. 433. 391. 392.
  387. 392. 396. 389. 392. 391. 388. 394. 395. 392. 397. 387.]
 [370. 403. 420. 427. 431. 426. 435. 435. 435. 434. 434. 432. 437. 434.
  439. 436. 441. 436. 434. 437. 436. 433. 440. 440. 431. 438. 396. 394.
  400. 402. 400. 404. 398. 402. 401. 395. 391. 393. 400. 398.]]
##############################
[[150. 177. 190. 191. 198. 194. 191. 196. 196. 197. 208. 199. 203. 199.
  200. 197. 199. 197. 205. 195. 202. 200. 200. 199. 199. 203. 191. 180.
  180. 178. 182. 177. 178. 177. 177. 173. 179. 177. 179. 177.]
 [550. 550. 550. 550. 550. 550. 550. 550. 550. 550. 550. 550. 550. 550.
  550. 550. 550. 550. 550. 550. 550. 550. 550. 550. 550. 550. 550. 500.
  500. 500. 500. 500. 500. 500. 500. 500. 500. 500. 500. 500.]
 [379. 422. 428. 439. 431. 442. 436. 441. 440. 441. 431. 438. 433. 435.
  432. 435. 433. 434. 439. 433. 429. 429. 434. 437. 431. 433. 430. 392.
  387. 392. 396. 389. 392. 391. 388. 394. 395. 392. 397. 387.]
 [370. 403. 420. 427. 431. 426. 435. 435. 435. 434. 434. 432. 437. 434.
  439. 436. 441. 436. 434. 437. 436. 433. 440. 440. 431. 438. 434. 394.
  400. 402. 400. 404. 398. 402. 401. 395. 391. 393. 400. 398.]]
##############################
[[150. 177. 190. 191. 198. 194. 191. 196. 196. 197. 208. 199. 203. 199.
  200. 197. 199. 197. 205. 195. 202. 200. 200. 199. 199. 203. 191. 197.
  180. 178. 182. 177. 178. 177. 177. 173. 179. 177. 179. 177.]
 [550. 550. 550. 550. 550. 550. 550. 550. 550. 550. 550. 550. 550. 550.
  550. 550. 550. 550. 550. 550. 550. 550. 550. 550. 550. 550. 550. 550.
  500. 500. 500. 500. 500. 500. 500. 500. 500. 500. 500. 500.]
 [379. 422. 428. 439. 431. 442. 436. 441. 440. 441. 431. 438. 433. 435.
  432. 435. 433. 434. 439. 433. 429. 429. 434. 437. 431. 433. 430. 432.
  387. 392. 396. 389. 392. 391. 388. 394. 395. 392. 397. 387.]
 [370. 403. 420. 427. 431. 426. 435. 435. 435. 434. 434. 432. 437. 434.
  439. 436. 441. 436. 434. 437. 436. 433. 440. 440. 431. 438. 434. 433.
  400. 402. 400. 404. 398. 402. 401. 395. 391. 393. 400. 398.]]
##############################
[[150. 177. 190. 191. 198. 194. 191. 196. 196. 197. 208. 199. 203. 199.
  200. 197. 199. 197. 205. 195. 202. 200. 200. 199. 199. 203. 191. 197.
  196. 178. 182. 177. 178. 177. 177. 173. 179. 177. 179. 177.]
 [550. 550. 550. 550. 550. 550. 550. 550. 550. 550. 550. 550. 550. 550.
  550. 550. 550. 550. 550. 550. 550. 550. 550. 550. 550. 550. 550. 550.
  550. 500. 500. 500. 500. 500. 500. 500. 500. 500. 500. 500.]
 [379. 422. 428. 439. 431. 442. 436. 441. 440. 441. 431. 438. 433. 435.
  432. 435. 433. 434. 439. 433. 429. 429. 434. 437. 431. 433. 430. 432.
  428. 392. 396. 389. 392. 391. 388. 394. 395. 392. 397. 387.]
 [370. 403. 420. 427. 431. 426. 435. 435. 435. 434. 434. 432. 437. 434.
  439. 436. 441. 436. 434. 437. 436. 433. 440. 440. 431. 438. 434. 433.
  436. 402. 400. 404. 398. 402. 401. 395. 391. 393. 400. 398.]]
##############################
[[150. 177. 190. 191. 198. 194. 191. 196. 196. 197. 208. 199. 203. 199.
  200. 197. 199. 197. 205. 195. 202. 200. 200. 199. 199. 203. 191. 197.
  196. 196. 182. 177. 178. 177. 177. 173. 179. 177. 179. 177.]
 [550. 550. 550. 550. 550. 550. 550. 550. 550. 550. 550. 550. 550. 550.
  550. 550. 550. 550. 550. 550. 550. 550. 550. 550. 550. 550. 550. 550.
  550. 550. 500. 500. 500. 500. 500. 500. 500. 500. 500. 500.]
 [379. 422. 428. 439. 431. 442. 436. 441. 440. 441. 431. 438. 433. 435.
  432. 435. 433. 434. 439. 433. 429. 429. 434. 437. 431. 433. 430. 432.
  428. 432. 396. 389. 392. 391. 388. 394. 395. 392. 397. 387.]
 [370. 403. 420. 427. 431. 426. 435. 435. 435. 434. 434. 432. 437. 434.
  439. 436. 441. 436. 434. 437. 436. 433. 440. 440. 431. 438. 434. 433.
  436. 441. 400. 404. 398. 402. 401. 395. 391. 393. 400. 398.]]
##############################
[[150. 177. 190. 191. 198. 194. 191. 196. 196. 197. 208. 199. 203. 199.
  200. 197. 199. 197. 205. 195. 202. 200. 200. 199. 199. 203. 191. 197.
  196. 196. 198. 177. 178. 177. 177. 173. 179. 177. 179. 177.]
 [550. 550. 550. 550. 550. 550. 550. 550. 550. 550. 550. 550. 550. 550.
  550. 550. 550. 550. 550. 550. 550. 550. 550. 550. 550. 550. 550. 550.
  550. 550. 550. 500. 500. 500. 500. 500. 500. 500. 500. 500.]
 [379. 422. 428. 439. 431. 442. 436. 441. 440. 441. 431. 438. 433. 435.
  432. 435. 433. 434. 439. 433. 429. 429. 434. 437. 431. 433. 430. 432.
  428. 432. 436. 389. 392. 391. 388. 394. 395. 392. 397. 387.]
 [370. 403. 420. 427. 431. 426. 435. 435. 435. 434. 434. 432. 437. 434.
  439. 436. 441. 436. 434. 437. 436. 433. 440. 440. 431. 438. 434. 433.
  436. 441. 436. 404. 398. 402. 401. 395. 391. 393. 400. 398.]]
##############################
[[150. 177. 190. 191. 198. 194. 191. 196. 196. 197. 208. 199. 203. 199.
  200. 197. 199. 197. 205. 195. 202. 200. 200. 199. 199. 203. 191. 197.
  196. 196. 198. 195. 178. 177. 177. 173. 179. 177. 179. 177.]
 [550. 550. 550. 550. 550. 550. 550. 550. 550. 550. 550. 550. 550. 550.
  550. 550. 550. 550. 550. 550. 550. 550. 550. 550. 550. 550. 550. 550.
  550. 550. 550. 550. 500. 500. 500. 500. 500. 500. 500. 500.]
 [379. 422. 428. 439. 431. 442. 436. 441. 440. 441. 431. 438. 433. 435.
  432. 435. 433. 434. 439. 433. 429. 429. 434. 437. 431. 433. 430. 432.
  428. 432. 436. 429. 392. 391. 388. 394. 395. 392. 397. 387.]
 [370. 403. 420. 427. 431. 426. 435. 435. 435. 434. 434. 432. 437. 434.
  439. 436. 441. 436. 434. 437. 436. 433. 440. 440. 431. 438. 434. 433.
  436. 441. 436. 442. 398. 402. 401. 395. 391. 393. 400. 398.]]
##############################
[[150. 177. 190. 191. 198. 194. 191. 196. 196. 197. 208. 199. 203. 199.
  200. 197. 199. 197. 205. 195. 202. 200. 200. 199. 199. 203. 191. 197.
  196. 196. 198. 195. 195. 177. 177. 173. 179. 177. 179. 177.]
 [550. 550. 550. 550. 550. 550. 550. 550. 550. 550. 550. 550. 550. 550.
  550. 550. 550. 550. 550. 550. 550. 550. 550. 550. 550. 550. 550. 550.
  550. 550. 550. 550. 550. 500. 500. 500. 500. 500. 500. 500.]
 [379. 422. 428. 439. 431. 442. 436. 441. 440. 441. 431. 438. 433. 435.
  432. 435. 433. 434. 439. 433. 429. 429. 434. 437. 431. 433. 430. 432.
  428. 432. 436. 429. 434. 391. 388. 394. 395. 392. 397. 387.]
 [370. 403. 420. 427. 431. 426. 435. 435. 435. 434. 434. 432. 437. 434.
  439. 436. 441. 436. 434. 437. 436. 433. 440. 440. 431. 438. 434. 433.
  436. 441. 436. 442. 435. 402. 401. 395. 391. 393. 400. 398.]]
##############################
[[150. 177. 190. 191. 198. 194. 191. 196. 196. 197. 208. 199. 203. 199.
  200. 197. 199. 197. 205. 195. 202. 200. 200. 199. 199. 203. 191. 197.
  196. 196. 198. 195. 195. 194. 177. 173. 179. 177. 179. 177.]
 [550. 550. 550. 550. 550. 550. 550. 550. 550. 550. 550. 550. 550. 550.
  550. 550. 550. 550. 550. 550. 550. 550. 550. 550. 550. 550. 550. 550.
  550. 550. 550. 550. 550. 550. 500. 500. 500. 500. 500. 500.]
 [379. 422. 428. 439. 431. 442. 436. 441. 440. 441. 431. 438. 433. 435.
  432. 435. 433. 434. 439. 433. 429. 429. 434. 437. 431. 433. 430. 432.
  428. 432. 436. 429. 434. 430. 388. 394. 395. 392. 397. 387.]
 [370. 403. 420. 427. 431. 426. 435. 435. 435. 434. 434. 432. 437. 434.
  439. 436. 441. 436. 434. 437. 436. 433. 440. 440. 431. 438. 434. 433.
  436. 441. 436. 442. 435. 440. 401. 395. 391. 393. 400. 398.]]
##############################
[[150. 177. 190. 191. 198. 194. 191. 196. 196. 197. 208. 199. 203. 199.
  200. 197. 199. 197. 205. 195. 202. 200. 200. 199. 199. 203. 191. 197.
  196. 196. 198. 195. 195. 194. 195. 173. 179. 177. 179. 177.]
 [550. 550. 550. 550. 550. 550. 550. 550. 550. 550. 550. 550. 550. 550.
  550. 550. 550. 550. 550. 550. 550. 550. 550. 550. 550. 550. 550. 550.
  550. 550. 550. 550. 550. 550. 550. 500. 500. 500. 500. 500.]
 [379. 422. 428. 439. 431. 442. 436. 441. 440. 441. 431. 438. 433. 435.
  432. 435. 433. 434. 439. 433. 429. 429. 434. 437. 431. 433. 430. 432.
  428. 432. 436. 429. 434. 430. 428. 394. 395. 392. 397. 387.]
 [370. 403. 420. 427. 431. 426. 435. 435. 435. 434. 434. 432. 437. 434.
  439. 436. 441. 436. 434. 437. 436. 433. 440. 440. 431. 438. 434. 433.
  436. 441. 436. 442. 435. 440. 438. 395. 391. 393. 400. 398.]]
##############################
[[150. 177. 190. 191. 198. 194. 191. 196. 196. 197. 208. 199. 203. 199.
  200. 197. 199. 197. 205. 195. 202. 200. 200. 199. 199. 203. 191. 197.
  196. 196. 198. 195. 195. 194. 195. 192. 179. 177. 179. 177.]
 [550. 550. 550. 550. 550. 550. 550. 550. 550. 550. 550. 550. 550. 550.
  550. 550. 550. 550. 550. 550. 550. 550. 550. 550. 550. 550. 550. 550.
  550. 550. 550. 550. 550. 550. 550. 550. 500. 500. 500. 500.]
 [379. 422. 428. 439. 431. 442. 436. 441. 440. 441. 431. 438. 433. 435.
  432. 435. 433. 434. 439. 433. 429. 429. 434. 437. 431. 433. 430. 432.
  428. 432. 436. 429. 434. 430. 428. 434. 395. 392. 397. 387.]
 [370. 403. 420. 427. 431. 426. 435. 435. 435. 434. 434. 432. 437. 434.
  439. 436. 441. 436. 434. 437. 436. 433. 440. 440. 431. 438. 434. 433.
  436. 441. 436. 442. 435. 440. 438. 433. 391. 393. 400. 398.]]
##############################
[[150. 177. 190. 191. 198. 194. 191. 196. 196. 197. 208. 199. 203. 199.
  200. 197. 199. 197. 205. 195. 202. 200. 200. 199. 199. 203. 191. 197.
  196. 196. 198. 195. 195. 194. 195. 192. 196. 177. 179. 177.]
 [550. 550. 550. 550. 550. 550. 550. 550. 550. 550. 550. 550. 550. 550.
  550. 550. 550. 550. 550. 550. 550. 550. 550. 550. 550. 550. 550. 550.
  550. 550. 550. 550. 550. 550. 550. 550. 550. 500. 500. 500.]
 [379. 422. 428. 439. 431. 442. 436. 441. 440. 441. 431. 438. 433. 435.
  432. 435. 433. 434. 439. 433. 429. 429. 434. 437. 431. 433. 430. 432.
  428. 432. 436. 429. 434. 430. 428. 434. 434. 392. 397. 387.]
 [370. 403. 420. 427. 431. 426. 435. 435. 435. 434. 434. 432. 437. 434.
  439. 436. 441. 436. 434. 437. 436. 433. 440. 440. 431. 438. 434. 433.
  436. 441. 436. 442. 435. 440. 438. 433. 430. 393. 400. 398.]]
##############################
[[150. 177. 190. 191. 198. 194. 191. 196. 196. 197. 208. 199. 203. 199.
  200. 197. 199. 197. 205. 195. 202. 200. 200. 199. 199. 203. 191. 197.
  196. 196. 198. 195. 195. 194. 195. 192. 196. 194. 179. 177.]
 [550. 550. 550. 550. 550. 550. 550. 550. 550. 550. 550. 550. 550. 550.
  550. 550. 550. 550. 550. 550. 550. 550. 550. 550. 550. 550. 550. 550.
  550. 550. 550. 550. 550. 550. 550. 550. 550. 550. 500. 500.]
 [379. 422. 428. 439. 431. 442. 436. 441. 440. 441. 431. 438. 433. 435.
  432. 435. 433. 434. 439. 433. 429. 429. 434. 437. 431. 433. 430. 432.
  428. 432. 436. 429. 434. 430. 428. 434. 434. 431. 397. 387.]
 [370. 403. 420. 427. 431. 426. 435. 435. 435. 434. 434. 432. 437. 434.
  439. 436. 441. 436. 434. 437. 436. 433. 440. 440. 431. 438. 434. 433.
  436. 441. 436. 442. 435. 440. 438. 433. 430. 431. 400. 398.]]
##############################
[[150. 177. 190. 191. 198. 194. 191. 196. 196. 197. 208. 199. 203. 199.
  200. 197. 199. 197. 205. 195. 202. 200. 200. 199. 199. 203. 191. 197.
  196. 196. 198. 195. 195. 194. 195. 192. 196. 194. 198. 177.]
 [550. 550. 550. 550. 550. 550. 550. 550. 550. 550. 550. 550. 550. 550.
  550. 550. 550. 550. 550. 550. 550. 550. 550. 550. 550. 550. 550. 550.
  550. 550. 550. 550. 550. 550. 550. 550. 550. 550. 550. 500.]
 [379. 422. 428. 439. 431. 442. 436. 441. 440. 441. 431. 438. 433. 435.
  432. 435. 433. 434. 439. 433. 429. 429. 434. 437. 431. 433. 430. 432.
  428. 432. 436. 429. 434. 430. 428. 434. 434. 431. 438. 387.]
 [370. 403. 420. 427. 431. 426. 435. 435. 435. 434. 434. 432. 437. 434.
  439. 436. 441. 436. 434. 437. 436. 433. 440. 440. 431. 438. 434. 433.
  436. 441. 436. 442. 435. 440. 438. 433. 430. 431. 437. 398.]]
##############################
[[150. 177. 190. 191. 198. 194. 191. 196. 196. 197. 208. 199. 203. 199.
  200. 197. 199. 197. 205. 195. 202. 200. 200. 199. 199. 203. 191. 197.
  196. 196. 198. 195. 195. 194. 195. 192. 196. 194. 198. 195.]
 [550. 550. 550. 550. 550. 550. 550. 550. 550. 550. 550. 550. 550. 550.
  550. 550. 550. 550. 550. 550. 550. 550. 550. 550. 550. 550. 550. 550.
  550. 550. 550. 550. 550. 550. 550. 550. 550. 550. 550. 550.]
 [379. 422. 428. 439. 431. 442. 436. 441. 440. 441. 431. 438. 433. 435.
  432. 435. 433. 434. 439. 433. 429. 429. 434. 437. 431. 433. 430. 432.
  428. 432. 436. 429. 434. 430. 428. 434. 434. 431. 438. 427.]
 [370. 403. 420. 427. 431. 426. 435. 435. 435. 434. 434. 432. 437. 434.
  439. 436. 441. 436. 434. 437. 436. 433. 440. 440. 431. 438. 434. 433.
  436. 441. 436. 442. 435. 440. 438. 433. 430. 431. 437. 436.]]
##############################
##################################################
##################################################
starting :12 batch
[[163. 177. 190. 191. 198. 194. 191. 196. 196. 197. 208. 199. 203. 199.
  200. 197. 199. 197. 205. 195. 202. 200. 200. 199. 199. 203. 191. 197.
  196. 196. 198. 195. 195. 194. 195. 192. 196. 194. 198. 195.]
 [600. 550. 550. 550. 550. 550. 550. 550. 550. 550. 550. 550. 550. 550.
  550. 550. 550. 550. 550. 550. 550. 550. 550. 550. 550. 550. 550. 550.
  550. 550. 550. 550. 550. 550. 550. 550. 550. 550. 550. 550.]
 [409. 422. 428. 439. 431. 442. 436. 441. 440. 441. 431. 438. 433. 435.
  432. 435. 433. 434. 439. 433. 429. 429. 434. 437. 431. 433. 430. 432.
  428. 432. 436. 429. 434. 430. 428. 434. 434. 431. 438. 427.]
 [407. 403. 420. 427. 431. 426. 435. 435. 435. 434. 434. 432. 437. 434.
  439. 436. 441. 436. 434. 437. 436. 433. 440. 440. 431. 438. 434. 433.
  436. 441. 436. 442. 435. 440. 438. 433. 430. 431. 437. 436.]]
##############################
[[163. 193. 190. 191. 198. 194. 191. 196. 196. 197. 208. 199. 203. 199.
  200. 197. 199. 197. 205. 195. 202. 200. 200. 199. 199. 203. 191. 197.
  196. 196. 198. 195. 195. 194. 195. 192. 196. 194. 198. 195.]
 [600. 600. 550. 550. 550. 550. 550. 550. 550. 550. 550. 550. 550. 550.
  550. 550. 550. 550. 550. 550. 550. 550. 550. 550. 550. 550. 550. 550.
  550. 550. 550. 550. 550. 550. 550. 550. 550. 550. 550. 550.]
 [409. 461. 428. 439. 431. 442. 436. 441. 440. 441. 431. 438. 433. 435.
  432. 435. 433. 434. 439. 433. 429. 429. 434. 437. 431. 433. 430. 432.
  428. 432. 436. 429. 434. 430. 428. 434. 434. 431. 438. 427.]
 [407. 444. 420. 427. 431. 426. 435. 435. 435. 434. 434. 432. 437. 434.
  439. 436. 441. 436. 434. 437. 436. 433. 440. 440. 431. 438. 434. 433.
  436. 441. 436. 442. 435. 440. 438. 433. 430. 431. 437. 436.]]
##############################
[[163. 193. 208. 191. 198. 194. 191. 196. 196. 197. 208. 199. 203. 199.
  200. 197. 199. 197. 205. 195. 202. 200. 200. 199. 199. 203. 191. 197.
  196. 196. 198. 195. 195. 194. 195. 192. 196. 194. 198. 195.]
 [600. 600. 600. 550. 550. 550. 550. 550. 550. 550. 550. 550. 550. 550.
  550. 550. 550. 550. 550. 550. 550. 550. 550. 550. 550. 550. 550. 550.
  550. 550. 550. 550. 550. 550. 550. 550. 550. 550. 550. 550.]
 [409. 461. 468. 439. 431. 442. 436. 441. 440. 441. 431. 438. 433. 435.
  432. 435. 433. 434. 439. 433. 429. 429. 434. 437. 431. 433. 430. 432.
  428. 432. 436. 429. 434. 430. 428. 434. 434. 431. 438. 427.]
 [407. 444. 461. 427. 431. 426. 435. 435. 435. 434. 434. 432. 437. 434.
  439. 436. 441. 436. 434. 437. 436. 433. 440. 440. 431. 438. 434. 433.
  436. 441. 436. 442. 435. 440. 438. 433. 430. 431. 437. 436.]]
##############################
[[163. 193. 208. 208. 198. 194. 191. 196. 196. 197. 208. 199. 203. 199.
  200. 197. 199. 197. 205. 195. 202. 200. 200. 199. 199. 203. 191. 197.
  196. 196. 198. 195. 195. 194. 195. 192. 196. 194. 198. 195.]
 [600. 600. 600. 600. 550. 550. 550. 550. 550. 550. 550. 550. 550. 550.
  550. 550. 550. 550. 550. 550. 550. 550. 550. 550. 550. 550. 550. 550.
  550. 550. 550. 550. 550. 550. 550. 550. 550. 550. 550. 550.]
 [409. 461. 468. 478. 431. 442. 436. 441. 440. 441. 431. 438. 433. 435.
  432. 435. 433. 434. 439. 433. 429. 429. 434. 437. 431. 433. 430. 432.
  428. 432. 436. 429. 434. 430. 428. 434. 434. 431. 438. 427.]
 [407. 444. 461. 465. 431. 426. 435. 435. 435. 434. 434. 432. 437. 434.
  439. 436. 441. 436. 434. 437. 436. 433. 440. 440. 431. 438. 434. 433.
  436. 441. 436. 442. 435. 440. 438. 433. 430. 431. 437. 436.]]
##############################
[[163. 193. 208. 208. 218. 194. 191. 196. 196. 197. 208. 199. 203. 199.
  200. 197. 199. 197. 205. 195. 202. 200. 200. 199. 199. 203. 191. 197.
  196. 196. 198. 195. 195. 194. 195. 192. 196. 194. 198. 195.]
 [600. 600. 600. 600. 600. 550. 550. 550. 550. 550. 550. 550. 550. 550.
  550. 550. 550. 550. 550. 550. 550. 550. 550. 550. 550. 550. 550. 550.
  550. 550. 550. 550. 550. 550. 550. 550. 550. 550. 550. 550.]
 [409. 461. 468. 478. 470. 442. 436. 441. 440. 441. 431. 438. 433. 435.
  432. 435. 433. 434. 439. 433. 429. 429. 434. 437. 431. 433. 430. 432.
  428. 432. 436. 429. 434. 430. 428. 434. 434. 431. 438. 427.]
 [407. 444. 461. 465. 470. 426. 435. 435. 435. 434. 434. 432. 437. 434.
  439. 436. 441. 436. 434. 437. 436. 433. 440. 440. 431. 438. 434. 433.
  436. 441. 436. 442. 435. 440. 438. 433. 430. 431. 437. 436.]]
##############################
[[163. 193. 208. 208. 218. 214. 191. 196. 196. 197. 208. 199. 203. 199.
  200. 197. 199. 197. 205. 195. 202. 200. 200. 199. 199. 203. 191. 197.
  196. 196. 198. 195. 195. 194. 195. 192. 196. 194. 198. 195.]
 [600. 600. 600. 600. 600. 600. 550. 550. 550. 550. 550. 550. 550. 550.
  550. 550. 550. 550. 550. 550. 550. 550. 550. 550. 550. 550. 550. 550.
  550. 550. 550. 550. 550. 550. 550. 550. 550. 550. 550. 550.]
 [409. 461. 468. 478. 470. 481. 436. 441. 440. 441. 431. 438. 433. 435.
  432. 435. 433. 434. 439. 433. 429. 429. 434. 437. 431. 433. 430. 432.
  428. 432. 436. 429. 434. 430. 428. 434. 434. 431. 438. 427.]
 [407. 444. 461. 465. 470. 464. 435. 435. 435. 434. 434. 432. 437. 434.
  439. 436. 441. 436. 434. 437. 436. 433. 440. 440. 431. 438. 434. 433.
  436. 441. 436. 442. 435. 440. 438. 433. 430. 431. 437. 436.]]
##############################
[[163. 193. 208. 208. 218. 214. 209. 196. 196. 197. 208. 199. 203. 199.
  200. 197. 199. 197. 205. 195. 202. 200. 200. 199. 199. 203. 191. 197.
  196. 196. 198. 195. 195. 194. 195. 192. 196. 194. 198. 195.]
 [600. 600. 600. 600. 600. 600. 600. 550. 550. 550. 550. 550. 550. 550.
  550. 550. 550. 550. 550. 550. 550. 550. 550. 550. 550. 550. 550. 550.
  550. 550. 550. 550. 550. 550. 550. 550. 550. 550. 550. 550.]
 [409. 461. 468. 478. 470. 481. 475. 441. 440. 441. 431. 438. 433. 435.
  432. 435. 433. 434. 439. 433. 429. 429. 434. 437. 431. 433. 430. 432.
  428. 432. 436. 429. 434. 430. 428. 434. 434. 431. 438. 427.]
 [407. 444. 461. 465. 470. 464. 475. 435. 435. 434. 434. 432. 437. 434.
  439. 436. 441. 436. 434. 437. 436. 433. 440. 440. 431. 438. 434. 433.
  436. 441. 436. 442. 435. 440. 438. 433. 430. 431. 437. 436.]]
##############################
[[163. 193. 208. 208. 218. 214. 209. 214. 196. 197. 208. 199. 203. 199.
  200. 197. 199. 197. 205. 195. 202. 200. 200. 199. 199. 203. 191. 197.
  196. 196. 198. 195. 195. 194. 195. 192. 196. 194. 198. 195.]
 [600. 600. 600. 600. 600. 600. 600. 600. 550. 550. 550. 550. 550. 550.
  550. 550. 550. 550. 550. 550. 550. 550. 550. 550. 550. 550. 550. 550.
  550. 550. 550. 550. 550. 550. 550. 550. 550. 550. 550. 550.]
 [409. 461. 468. 478. 470. 481. 475. 482. 440. 441. 431. 438. 433. 435.
  432. 435. 433. 434. 439. 433. 429. 429. 434. 437. 431. 433. 430. 432.
  428. 432. 436. 429. 434. 430. 428. 434. 434. 431. 438. 427.]
 [407. 444. 461. 465. 470. 464. 475. 475. 435. 434. 434. 432. 437. 434.
  439. 436. 441. 436. 434. 437. 436. 433. 440. 440. 431. 438. 434. 433.
  436. 441. 436. 442. 435. 440. 438. 433. 430. 431. 437. 436.]]
##############################
[[163. 193. 208. 208. 218. 214. 209. 214. 214. 197. 208. 199. 203. 199.
  200. 197. 199. 197. 205. 195. 202. 200. 200. 199. 199. 203. 191. 197.
  196. 196. 198. 195. 195. 194. 195. 192. 196. 194. 198. 195.]
 [600. 600. 600. 600. 600. 600. 600. 600. 600. 550. 550. 550. 550. 550.
  550. 550. 550. 550. 550. 550. 550. 550. 550. 550. 550. 550. 550. 550.
  550. 550. 550. 550. 550. 550. 550. 550. 550. 550. 550. 550.]
 [409. 461. 468. 478. 470. 481. 475. 482. 480. 441. 431. 438. 433. 435.
  432. 435. 433. 434. 439. 433. 429. 429. 434. 437. 431. 433. 430. 432.
  428. 432. 436. 429. 434. 430. 428. 434. 434. 431. 438. 427.]
 [407. 444. 461. 465. 470. 464. 475. 475. 474. 434. 434. 432. 437. 434.
  439. 436. 441. 436. 434. 437. 436. 433. 440. 440. 431. 438. 434. 433.
  436. 441. 436. 442. 435. 440. 438. 433. 430. 431. 437. 436.]]
##############################
[[163. 193. 208. 208. 218. 214. 209. 214. 214. 216. 208. 199. 203. 199.
  200. 197. 199. 197. 205. 195. 202. 200. 200. 199. 199. 203. 191. 197.
  196. 196. 198. 195. 195. 194. 195. 192. 196. 194. 198. 195.]
 [600. 600. 600. 600. 600. 600. 600. 600. 600. 600. 550. 550. 550. 550.
  550. 550. 550. 550. 550. 550. 550. 550. 550. 550. 550. 550. 550. 550.
  550. 550. 550. 550. 550. 550. 550. 550. 550. 550. 550. 550.]
 [409. 461. 468. 478. 470. 481. 475. 482. 480. 482. 431. 438. 433. 435.
  432. 435. 433. 434. 439. 433. 429. 429. 434. 437. 431. 433. 430. 432.
  428. 432. 436. 429. 434. 430. 428. 434. 434. 431. 438. 427.]
 [407. 444. 461. 465. 470. 464. 475. 475. 474. 475. 434. 432. 437. 434.
  439. 436. 441. 436. 434. 437. 436. 433. 440. 440. 431. 438. 434. 433.
  436. 441. 436. 442. 435. 440. 438. 433. 430. 431. 437. 436.]]
##############################
[[163. 193. 208. 208. 218. 214. 209. 214. 214. 216. 227. 199. 203. 199.
  200. 197. 199. 197. 205. 195. 202. 200. 200. 199. 199. 203. 191. 197.
  196. 196. 198. 195. 195. 194. 195. 192. 196. 194. 198. 195.]
 [600. 600. 600. 600. 600. 600. 600. 600. 600. 600. 600. 550. 550. 550.
  550. 550. 550. 550. 550. 550. 550. 550. 550. 550. 550. 550. 550. 550.
  550. 550. 550. 550. 550. 550. 550. 550. 550. 550. 550. 550.]
 [409. 461. 468. 478. 470. 481. 475. 482. 480. 482. 470. 438. 433. 435.
  432. 435. 433. 434. 439. 433. 429. 429. 434. 437. 431. 433. 430. 432.
  428. 432. 436. 429. 434. 430. 428. 434. 434. 431. 438. 427.]
 [407. 444. 461. 465. 470. 464. 475. 475. 474. 475. 475. 432. 437. 434.
  439. 436. 441. 436. 434. 437. 436. 433. 440. 440. 431. 438. 434. 433.
  436. 441. 436. 442. 435. 440. 438. 433. 430. 431. 437. 436.]]
##############################
[[163. 193. 208. 208. 218. 214. 209. 214. 214. 216. 227. 216. 203. 199.
  200. 197. 199. 197. 205. 195. 202. 200. 200. 199. 199. 203. 191. 197.
  196. 196. 198. 195. 195. 194. 195. 192. 196. 194. 198. 195.]
 [600. 600. 600. 600. 600. 600. 600. 600. 600. 600. 600. 600. 550. 550.
  550. 550. 550. 550. 550. 550. 550. 550. 550. 550. 550. 550. 550. 550.
  550. 550. 550. 550. 550. 550. 550. 550. 550. 550. 550. 550.]
 [409. 461. 468. 478. 470. 481. 475. 482. 480. 482. 470. 479. 433. 435.
  432. 435. 433. 434. 439. 433. 429. 429. 434. 437. 431. 433. 430. 432.
  428. 432. 436. 429. 434. 430. 428. 434. 434. 431. 438. 427.]
 [407. 444. 461. 465. 470. 464. 475. 475. 474. 475. 475. 473. 437. 434.
  439. 436. 441. 436. 434. 437. 436. 433. 440. 440. 431. 438. 434. 433.
  436. 441. 436. 442. 435. 440. 438. 433. 430. 431. 437. 436.]]
##############################
[[163. 193. 208. 208. 218. 214. 209. 214. 214. 216. 227. 216. 223. 199.
  200. 197. 199. 197. 205. 195. 202. 200. 200. 199. 199. 203. 191. 197.
  196. 196. 198. 195. 195. 194. 195. 192. 196. 194. 198. 195.]
 [600. 600. 600. 600. 600. 600. 600. 600. 600. 600. 600. 600. 600. 550.
  550. 550. 550. 550. 550. 550. 550. 550. 550. 550. 550. 550. 550. 550.
  550. 550. 550. 550. 550. 550. 550. 550. 550. 550. 550. 550.]
 [409. 461. 468. 478. 470. 481. 475. 482. 480. 482. 470. 479. 474. 435.
  432. 435. 433. 434. 439. 433. 429. 429. 434. 437. 431. 433. 430. 432.
  428. 432. 436. 429. 434. 430. 428. 434. 434. 431. 438. 427.]
 [407. 444. 461. 465. 470. 464. 475. 475. 474. 475. 475. 473. 478. 434.
  439. 436. 441. 436. 434. 437. 436. 433. 440. 440. 431. 438. 434. 433.
  436. 441. 436. 442. 435. 440. 438. 433. 430. 431. 437. 436.]]
##############################
[[163. 193. 208. 208. 218. 214. 209. 214. 214. 216. 227. 216. 223. 215.
  200. 197. 199. 197. 205. 195. 202. 200. 200. 199. 199. 203. 191. 197.
  196. 196. 198. 195. 195. 194. 195. 192. 196. 194. 198. 195.]
 [600. 600. 600. 600. 600. 600. 600. 600. 600. 600. 600. 600. 600. 600.
  550. 550. 550. 550. 550. 550. 550. 550. 550. 550. 550. 550. 550. 550.
  550. 550. 550. 550. 550. 550. 550. 550. 550. 550. 550. 550.]
 [409. 461. 468. 478. 470. 481. 475. 482. 480. 482. 470. 479. 474. 476.
  432. 435. 433. 434. 439. 433. 429. 429. 434. 437. 431. 433. 430. 432.
  428. 432. 436. 429. 434. 430. 428. 434. 434. 431. 438. 427.]
 [407. 444. 461. 465. 470. 464. 475. 475. 474. 475. 475. 473. 478. 474.
  439. 436. 441. 436. 434. 437. 436. 433. 440. 440. 431. 438. 434. 433.
  436. 441. 436. 442. 435. 440. 438. 433. 430. 431. 437. 436.]]
##############################
[[163. 193. 208. 208. 218. 214. 209. 214. 214. 216. 227. 216. 223. 215.
  215. 197. 199. 197. 205. 195. 202. 200. 200. 199. 199. 203. 191. 197.
  196. 196. 198. 195. 195. 194. 195. 192. 196. 194. 198. 195.]
 [600. 600. 600. 600. 600. 600. 600. 600. 600. 600. 600. 600. 600. 600.
  600. 550. 550. 550. 550. 550. 550. 550. 550. 550. 550. 550. 550. 550.
  550. 550. 550. 550. 550. 550. 550. 550. 550. 550. 550. 550.]
 [409. 461. 468. 478. 470. 481. 475. 482. 480. 482. 470. 479. 474. 476.
  470. 435. 433. 434. 439. 433. 429. 429. 434. 437. 431. 433. 430. 432.
  428. 432. 436. 429. 434. 430. 428. 434. 434. 431. 438. 427.]
 [407. 444. 461. 465. 470. 464. 475. 475. 474. 475. 475. 473. 478. 474.
  481. 436. 441. 436. 434. 437. 436. 433. 440. 440. 431. 438. 434. 433.
  436. 441. 436. 442. 435. 440. 438. 433. 430. 431. 437. 436.]]
##############################
[[163. 193. 208. 208. 218. 214. 209. 214. 214. 216. 227. 216. 223. 215.
  215. 215. 199. 197. 205. 195. 202. 200. 200. 199. 199. 203. 191. 197.
  196. 196. 198. 195. 195. 194. 195. 192. 196. 194. 198. 195.]
 [600. 600. 600. 600. 600. 600. 600. 600. 600. 600. 600. 600. 600. 600.
  600. 600. 550. 550. 550. 550. 550. 550. 550. 550. 550. 550. 550. 550.
  550. 550. 550. 550. 550. 550. 550. 550. 550. 550. 550. 550.]
 [409. 461. 468. 478. 470. 481. 475. 482. 480. 482. 470. 479. 474. 476.
  470. 472. 433. 434. 439. 433. 429. 429. 434. 437. 431. 433. 430. 432.
  428. 432. 436. 429. 434. 430. 428. 434. 434. 431. 438. 427.]
 [407. 444. 461. 465. 470. 464. 475. 475. 474. 475. 475. 473. 478. 474.
  481. 478. 441. 436. 434. 437. 436. 433. 440. 440. 431. 438. 434. 433.
  436. 441. 436. 442. 435. 440. 438. 433. 430. 431. 437. 436.]]
##############################
[[163. 193. 208. 208. 218. 214. 209. 214. 214. 216. 227. 216. 223. 215.
  215. 215. 217. 197. 205. 195. 202. 200. 200. 199. 199. 203. 191. 197.
  196. 196. 198. 195. 195. 194. 195. 192. 196. 194. 198. 195.]
 [600. 600. 600. 600. 600. 600. 600. 600. 600. 600. 600. 600. 600. 600.
  600. 600. 600. 550. 550. 550. 550. 550. 550. 550. 550. 550. 550. 550.
  550. 550. 550. 550. 550. 550. 550. 550. 550. 550. 550. 550.]
 [409. 461. 468. 478. 470. 481. 475. 482. 480. 482. 470. 479. 474. 476.
  470. 472. 470. 434. 439. 433. 429. 429. 434. 437. 431. 433. 430. 432.
  428. 432. 436. 429. 434. 430. 428. 434. 434. 431. 438. 427.]
 [407. 444. 461. 465. 470. 464. 475. 475. 474. 475. 475. 473. 478. 474.
  481. 478. 485. 436. 434. 437. 436. 433. 440. 440. 431. 438. 434. 433.
  436. 441. 436. 442. 435. 440. 438. 433. 430. 431. 437. 436.]]
##############################
[[163. 193. 208. 208. 218. 214. 209. 214. 214. 216. 227. 216. 223. 215.
  215. 215. 217. 218. 205. 195. 202. 200. 200. 199. 199. 203. 191. 197.
  196. 196. 198. 195. 195. 194. 195. 192. 196. 194. 198. 195.]
 [600. 600. 600. 600. 600. 600. 600. 600. 600. 600. 600. 600. 600. 600.
  600. 600. 600. 600. 550. 550. 550. 550. 550. 550. 550. 550. 550. 550.
  550. 550. 550. 550. 550. 550. 550. 550. 550. 550. 550. 550.]
 [409. 461. 468. 478. 470. 481. 475. 482. 480. 482. 470. 479. 474. 476.
  470. 472. 470. 473. 439. 433. 429. 429. 434. 437. 431. 433. 430. 432.
  428. 432. 436. 429. 434. 430. 428. 434. 434. 431. 438. 427.]
 [407. 444. 461. 465. 470. 464. 475. 475. 474. 475. 475. 473. 478. 474.
  481. 478. 485. 477. 434. 437. 436. 433. 440. 440. 431. 438. 434. 433.
  436. 441. 436. 442. 435. 440. 438. 433. 430. 431. 437. 436.]]
##############################
[[163. 193. 208. 208. 218. 214. 209. 214. 214. 216. 227. 216. 223. 215.
  215. 215. 217. 218. 224. 195. 202. 200. 200. 199. 199. 203. 191. 197.
  196. 196. 198. 195. 195. 194. 195. 192. 196. 194. 198. 195.]
 [600. 600. 600. 600. 600. 600. 600. 600. 600. 600. 600. 600. 600. 600.
  600. 600. 600. 600. 600. 550. 550. 550. 550. 550. 550. 550. 550. 550.
  550. 550. 550. 550. 550. 550. 550. 550. 550. 550. 550. 550.]
 [409. 461. 468. 478. 470. 481. 475. 482. 480. 482. 470. 479. 474. 476.
  470. 472. 470. 473. 477. 433. 429. 429. 434. 437. 431. 433. 430. 432.
  428. 432. 436. 429. 434. 430. 428. 434. 434. 431. 438. 427.]
 [407. 444. 461. 465. 470. 464. 475. 475. 474. 475. 475. 473. 478. 474.
  481. 478. 485. 477. 476. 437. 436. 433. 440. 440. 431. 438. 434. 433.
  436. 441. 436. 442. 435. 440. 438. 433. 430. 431. 437. 436.]]
##############################
[[163. 193. 208. 208. 218. 214. 209. 214. 214. 216. 227. 216. 223. 215.
  215. 215. 217. 218. 224. 216. 202. 200. 200. 199. 199. 203. 191. 197.
  196. 196. 198. 195. 195. 194. 195. 192. 196. 194. 198. 195.]
 [600. 600. 600. 600. 600. 600. 600. 600. 600. 600. 600. 600. 600. 600.
  600. 600. 600. 600. 600. 600. 550. 550. 550. 550. 550. 550. 550. 550.
  550. 550. 550. 550. 550. 550. 550. 550. 550. 550. 550. 550.]
 [409. 461. 468. 478. 470. 481. 475. 482. 480. 482. 470. 479. 474. 476.
  470. 472. 470. 473. 477. 474. 429. 429. 434. 437. 431. 433. 430. 432.
  428. 432. 436. 429. 434. 430. 428. 434. 434. 431. 438. 427.]
 [407. 444. 461. 465. 470. 464. 475. 475. 474. 475. 475. 473. 478. 474.
  481. 478. 485. 477. 476. 479. 436. 433. 440. 440. 431. 438. 434. 433.
  436. 441. 436. 442. 435. 440. 438. 433. 430. 431. 437. 436.]]
##############################
[[163. 193. 208. 208. 218. 214. 209. 214. 214. 216. 227. 216. 223. 215.
  215. 215. 217. 218. 224. 216. 222. 200. 200. 199. 199. 203. 191. 197.
  196. 196. 198. 195. 195. 194. 195. 192. 196. 194. 198. 195.]
 [600. 600. 600. 600. 600. 600. 600. 600. 600. 600. 600. 600. 600. 600.
  600. 600. 600. 600. 600. 600. 600. 550. 550. 550. 550. 550. 550. 550.
  550. 550. 550. 550. 550. 550. 550. 550. 550. 550. 550. 550.]
 [409. 461. 468. 478. 470. 481. 475. 482. 480. 482. 470. 479. 474. 476.
  470. 472. 470. 473. 477. 474. 468. 429. 434. 437. 431. 433. 430. 432.
  428. 432. 436. 429. 434. 430. 428. 434. 434. 431. 438. 427.]
 [407. 444. 461. 465. 470. 464. 475. 475. 474. 475. 475. 473. 478. 474.
  481. 478. 485. 477. 476. 479. 478. 433. 440. 440. 431. 438. 434. 433.
  436. 441. 436. 442. 435. 440. 438. 433. 430. 431. 437. 436.]]
##############################
[[163. 193. 208. 208. 218. 214. 209. 214. 214. 216. 227. 216. 223. 215.
  215. 215. 217. 218. 224. 216. 222. 219. 200. 199. 199. 203. 191. 197.
  196. 196. 198. 195. 195. 194. 195. 192. 196. 194. 198. 195.]
 [600. 600. 600. 600. 600. 600. 600. 600. 600. 600. 600. 600. 600. 600.
  600. 600. 600. 600. 600. 600. 600. 600. 550. 550. 550. 550. 550. 550.
  550. 550. 550. 550. 550. 550. 550. 550. 550. 550. 550. 550.]
 [409. 461. 468. 478. 470. 481. 475. 482. 480. 482. 470. 479. 474. 476.
  470. 472. 470. 473. 477. 474. 468. 469. 434. 437. 431. 433. 430. 432.
  428. 432. 436. 429. 434. 430. 428. 434. 434. 431. 438. 427.]
 [407. 444. 461. 465. 470. 464. 475. 475. 474. 475. 475. 473. 478. 474.
  481. 478. 485. 477. 476. 479. 478. 475. 440. 440. 431. 438. 434. 433.
  436. 441. 436. 442. 435. 440. 438. 433. 430. 431. 437. 436.]]
##############################
[[163. 193. 208. 208. 218. 214. 209. 214. 214. 216. 227. 216. 223. 215.
  215. 215. 217. 218. 224. 216. 222. 219. 218. 199. 199. 203. 191. 197.
  196. 196. 198. 195. 195. 194. 195. 192. 196. 194. 198. 195.]
 [600. 600. 600. 600. 600. 600. 600. 600. 600. 600. 600. 600. 600. 600.
  600. 600. 600. 600. 600. 600. 600. 600. 600. 550. 550. 550. 550. 550.
  550. 550. 550. 550. 550. 550. 550. 550. 550. 550. 550. 550.]
 [409. 461. 468. 478. 470. 481. 475. 482. 480. 482. 470. 479. 474. 476.
  470. 472. 470. 473. 477. 474. 468. 469. 473. 437. 431. 433. 430. 432.
  428. 432. 436. 429. 434. 430. 428. 434. 434. 431. 438. 427.]
 [407. 444. 461. 465. 470. 464. 475. 475. 474. 475. 475. 473. 478. 474.
  481. 478. 485. 477. 476. 479. 478. 475. 481. 440. 431. 438. 434. 433.
  436. 441. 436. 442. 435. 440. 438. 433. 430. 431. 437. 436.]]
##############################
[[163. 193. 208. 208. 218. 214. 209. 214. 214. 216. 227. 216. 223. 215.
  215. 215. 217. 218. 224. 216. 222. 219. 218. 217. 199. 203. 191. 197.
  196. 196. 198. 195. 195. 194. 195. 192. 196. 194. 198. 195.]
 [600. 600. 600. 600. 600. 600. 600. 600. 600. 600. 600. 600. 600. 600.
  600. 600. 600. 600. 600. 600. 600. 600. 600. 600. 550. 550. 550. 550.
  550. 550. 550. 550. 550. 550. 550. 550. 550. 550. 550. 550.]
 [409. 461. 468. 478. 470. 481. 475. 482. 480. 482. 470. 479. 474. 476.
  470. 472. 470. 473. 477. 474. 468. 469. 473. 475. 431. 433. 430. 432.
  428. 432. 436. 429. 434. 430. 428. 434. 434. 431. 438. 427.]
 [407. 444. 461. 465. 470. 464. 475. 475. 474. 475. 475. 473. 478. 474.
  481. 478. 485. 477. 476. 479. 478. 475. 481. 484. 431. 438. 434. 433.
  436. 441. 436. 442. 435. 440. 438. 433. 430. 431. 437. 436.]]
##############################
[[163. 193. 208. 208. 218. 214. 209. 214. 214. 216. 227. 216. 223. 215.
  215. 215. 217. 218. 224. 216. 222. 219. 218. 217. 219. 203. 191. 197.
  196. 196. 198. 195. 195. 194. 195. 192. 196. 194. 198. 195.]
 [600. 600. 600. 600. 600. 600. 600. 600. 600. 600. 600. 600. 600. 600.
  600. 600. 600. 600. 600. 600. 600. 600. 600. 600. 600. 550. 550. 550.
  550. 550. 550. 550. 550. 550. 550. 550. 550. 550. 550. 550.]
 [409. 461. 468. 478. 470. 481. 475. 482. 480. 482. 470. 479. 474. 476.
  470. 472. 470. 473. 477. 474. 468. 469. 473. 475. 472. 433. 430. 432.
  428. 432. 436. 429. 434. 430. 428. 434. 434. 431. 438. 427.]
 [407. 444. 461. 465. 470. 464. 475. 475. 474. 475. 475. 473. 478. 474.
  481. 478. 485. 477. 476. 479. 478. 475. 481. 484. 475. 438. 434. 433.
  436. 441. 436. 442. 435. 440. 438. 433. 430. 431. 437. 436.]]
##############################
[[163. 193. 208. 208. 218. 214. 209. 214. 214. 216. 227. 216. 223. 215.
  215. 215. 217. 218. 224. 216. 222. 219. 218. 217. 219. 223. 191. 197.
  196. 196. 198. 195. 195. 194. 195. 192. 196. 194. 198. 195.]
 [600. 600. 600. 600. 600. 600. 600. 600. 600. 600. 600. 600. 600. 600.
  600. 600. 600. 600. 600. 600. 600. 600. 600. 600. 600. 600. 550. 550.
  550. 550. 550. 550. 550. 550. 550. 550. 550. 550. 550. 550.]
 [409. 461. 468. 478. 470. 481. 475. 482. 480. 482. 470. 479. 474. 476.
  470. 472. 470. 473. 477. 474. 468. 469. 473. 475. 472. 472. 430. 432.
  428. 432. 436. 429. 434. 430. 428. 434. 434. 431. 438. 427.]
 [407. 444. 461. 465. 470. 464. 475. 475. 474. 475. 475. 473. 478. 474.
  481. 478. 485. 477. 476. 479. 478. 475. 481. 484. 475. 482. 434. 433.
  436. 441. 436. 442. 435. 440. 438. 433. 430. 431. 437. 436.]]
##############################
[[163. 193. 208. 208. 218. 214. 209. 214. 214. 216. 227. 216. 223. 215.
  215. 215. 217. 218. 224. 216. 222. 219. 218. 217. 219. 223. 210. 197.
  196. 196. 198. 195. 195. 194. 195. 192. 196. 194. 198. 195.]
 [600. 600. 600. 600. 600. 600. 600. 600. 600. 600. 600. 600. 600. 600.
  600. 600. 600. 600. 600. 600. 600. 600. 600. 600. 600. 600. 600. 550.
  550. 550. 550. 550. 550. 550. 550. 550. 550. 550. 550. 550.]
 [409. 461. 468. 478. 470. 481. 475. 482. 480. 482. 470. 479. 474. 476.
  470. 472. 470. 473. 477. 474. 468. 469. 473. 475. 472. 472. 469. 432.
  428. 432. 436. 429. 434. 430. 428. 434. 434. 431. 438. 427.]
 [407. 444. 461. 465. 470. 464. 475. 475. 474. 475. 475. 473. 478. 474.
  481. 478. 485. 477. 476. 479. 478. 475. 481. 484. 475. 482. 479. 433.
  436. 441. 436. 442. 435. 440. 438. 433. 430. 431. 437. 436.]]
##############################
[[163. 193. 208. 208. 218. 214. 209. 214. 214. 216. 227. 216. 223. 215.
  215. 215. 217. 218. 224. 216. 222. 219. 218. 217. 219. 223. 210. 217.
  196. 196. 198. 195. 195. 194. 195. 192. 196. 194. 198. 195.]
 [600. 600. 600. 600. 600. 600. 600. 600. 600. 600. 600. 600. 600. 600.
  600. 600. 600. 600. 600. 600. 600. 600. 600. 600. 600. 600. 600. 600.
  550. 550. 550. 550. 550. 550. 550. 550. 550. 550. 550. 550.]
 [409. 461. 468. 478. 470. 481. 475. 482. 480. 482. 470. 479. 474. 476.
  470. 472. 470. 473. 477. 474. 468. 469. 473. 475. 472. 472. 469. 473.
  428. 432. 436. 429. 434. 430. 428. 434. 434. 431. 438. 427.]
 [407. 444. 461. 465. 470. 464. 475. 475. 474. 475. 475. 473. 478. 474.
  481. 478. 485. 477. 476. 479. 478. 475. 481. 484. 475. 482. 479. 474.
  436. 441. 436. 442. 435. 440. 438. 433. 430. 431. 437. 436.]]
##############################
[[163. 193. 208. 208. 218. 214. 209. 214. 214. 216. 227. 216. 223. 215.
  215. 215. 217. 218. 224. 216. 222. 219. 218. 217. 219. 223. 210. 217.
  213. 196. 198. 195. 195. 194. 195. 192. 196. 194. 198. 195.]
 [600. 600. 600. 600. 600. 600. 600. 600. 600. 600. 600. 600. 600. 600.
  600. 600. 600. 600. 600. 600. 600. 600. 600. 600. 600. 600. 600. 600.
  600. 550. 550. 550. 550. 550. 550. 550. 550. 550. 550. 550.]
 [409. 461. 468. 478. 470. 481. 475. 482. 480. 482. 470. 479. 474. 476.
  470. 472. 470. 473. 477. 474. 468. 469. 473. 475. 472. 472. 469. 473.
  467. 432. 436. 429. 434. 430. 428. 434. 434. 431. 438. 427.]
 [407. 444. 461. 465. 470. 464. 475. 475. 474. 475. 475. 473. 478. 474.
  481. 478. 485. 477. 476. 479. 478. 475. 481. 484. 475. 482. 479. 474.
  476. 441. 436. 442. 435. 440. 438. 433. 430. 431. 437. 436.]]
##############################
[[163. 193. 208. 208. 218. 214. 209. 214. 214. 216. 227. 216. 223. 215.
  215. 215. 217. 218. 224. 216. 222. 219. 218. 217. 219. 223. 210. 217.
  213. 216. 198. 195. 195. 194. 195. 192. 196. 194. 198. 195.]
 [600. 600. 600. 600. 600. 600. 600. 600. 600. 600. 600. 600. 600. 600.
  600. 600. 600. 600. 600. 600. 600. 600. 600. 600. 600. 600. 600. 600.
  600. 600. 550. 550. 550. 550. 550. 550. 550. 550. 550. 550.]
 [409. 461. 468. 478. 470. 481. 475. 482. 480. 482. 470. 479. 474. 476.
  470. 472. 470. 473. 477. 474. 468. 469. 473. 475. 472. 472. 469. 473.
  467. 472. 436. 429. 434. 430. 428. 434. 434. 431. 438. 427.]
 [407. 444. 461. 465. 470. 464. 475. 475. 474. 475. 475. 473. 478. 474.
  481. 478. 485. 477. 476. 479. 478. 475. 481. 484. 475. 482. 479. 474.
  476. 481. 436. 442. 435. 440. 438. 433. 430. 431. 437. 436.]]
##############################
[[163. 193. 208. 208. 218. 214. 209. 214. 214. 216. 227. 216. 223. 215.
  215. 215. 217. 218. 224. 216. 222. 219. 218. 217. 219. 223. 210. 217.
  213. 216. 219. 195. 195. 194. 195. 192. 196. 194. 198. 195.]
 [600. 600. 600. 600. 600. 600. 600. 600. 600. 600. 600. 600. 600. 600.
  600. 600. 600. 600. 600. 600. 600. 600. 600. 600. 600. 600. 600. 600.
  600. 600. 600. 550. 550. 550. 550. 550. 550. 550. 550. 550.]
 [409. 461. 468. 478. 470. 481. 475. 482. 480. 482. 470. 479. 474. 476.
  470. 472. 470. 473. 477. 474. 468. 469. 473. 475. 472. 472. 469. 473.
  467. 472. 476. 429. 434. 430. 428. 434. 434. 431. 438. 427.]
 [407. 444. 461. 465. 470. 464. 475. 475. 474. 475. 475. 473. 478. 474.
  481. 478. 485. 477. 476. 479. 478. 475. 481. 484. 475. 482. 479. 474.
  476. 481. 478. 442. 435. 440. 438. 433. 430. 431. 437. 436.]]
##############################
[[163. 193. 208. 208. 218. 214. 209. 214. 214. 216. 227. 216. 223. 215.
  215. 215. 217. 218. 224. 216. 222. 219. 218. 217. 219. 223. 210. 217.
  213. 216. 219. 213. 195. 194. 195. 192. 196. 194. 198. 195.]
 [600. 600. 600. 600. 600. 600. 600. 600. 600. 600. 600. 600. 600. 600.
  600. 600. 600. 600. 600. 600. 600. 600. 600. 600. 600. 600. 600. 600.
  600. 600. 600. 600. 550. 550. 550. 550. 550. 550. 550. 550.]
 [409. 461. 468. 478. 470. 481. 475. 482. 480. 482. 470. 479. 474. 476.
  470. 472. 470. 473. 477. 474. 468. 469. 473. 475. 472. 472. 469. 473.
  467. 472. 476. 468. 434. 430. 428. 434. 434. 431. 438. 427.]
 [407. 444. 461. 465. 470. 464. 475. 475. 474. 475. 475. 473. 478. 474.
  481. 478. 485. 477. 476. 479. 478. 475. 481. 484. 475. 482. 479. 474.
  476. 481. 478. 485. 435. 440. 438. 433. 430. 431. 437. 436.]]
##############################
[[163. 193. 208. 208. 218. 214. 209. 214. 214. 216. 227. 216. 223. 215.
  215. 215. 217. 218. 224. 216. 222. 219. 218. 217. 219. 223. 210. 217.
  213. 216. 219. 213. 217. 194. 195. 192. 196. 194. 198. 195.]
 [600. 600. 600. 600. 600. 600. 600. 600. 600. 600. 600. 600. 600. 600.
  600. 600. 600. 600. 600. 600. 600. 600. 600. 600. 600. 600. 600. 600.
  600. 600. 600. 600. 600. 550. 550. 550. 550. 550. 550. 550.]
 [409. 461. 468. 478. 470. 481. 475. 482. 480. 482. 470. 479. 474. 476.
  470. 472. 470. 473. 477. 474. 468. 469. 473. 475. 472. 472. 469. 473.
  467. 472. 476. 468. 473. 430. 428. 434. 434. 431. 438. 427.]
 [407. 444. 461. 465. 470. 464. 475. 475. 474. 475. 475. 473. 478. 474.
  481. 478. 485. 477. 476. 479. 478. 475. 481. 484. 475. 482. 479. 474.
  476. 481. 478. 485. 476. 440. 438. 433. 430. 431. 437. 436.]]
##############################
[[163. 193. 208. 208. 218. 214. 209. 214. 214. 216. 227. 216. 223. 215.
  215. 215. 217. 218. 224. 216. 222. 219. 218. 217. 219. 223. 210. 217.
  213. 216. 219. 213. 217. 214. 195. 192. 196. 194. 198. 195.]
 [600. 600. 600. 600. 600. 600. 600. 600. 600. 600. 600. 600. 600. 600.
  600. 600. 600. 600. 600. 600. 600. 600. 600. 600. 600. 600. 600. 600.
  600. 600. 600. 600. 600. 600. 550. 550. 550. 550. 550. 550.]
 [409. 461. 468. 478. 470. 481. 475. 482. 480. 482. 470. 479. 474. 476.
  470. 472. 470. 473. 477. 474. 468. 469. 473. 475. 472. 472. 469. 473.
  467. 472. 476. 468. 473. 468. 428. 434. 434. 431. 438. 427.]
 [407. 444. 461. 465. 470. 464. 475. 475. 474. 475. 475. 473. 478. 474.
  481. 478. 485. 477. 476. 479. 478. 475. 481. 484. 475. 482. 479. 474.
  476. 481. 478. 485. 476. 480. 438. 433. 430. 431. 437. 436.]]
##############################
[[163. 193. 208. 208. 218. 214. 209. 214. 214. 216. 227. 216. 223. 215.
  215. 215. 217. 218. 224. 216. 222. 219. 218. 217. 219. 223. 210. 217.
  213. 216. 219. 213. 217. 214. 213. 192. 196. 194. 198. 195.]
 [600. 600. 600. 600. 600. 600. 600. 600. 600. 600. 600. 600. 600. 600.
  600. 600. 600. 600. 600. 600. 600. 600. 600. 600. 600. 600. 600. 600.
  600. 600. 600. 600. 600. 600. 600. 550. 550. 550. 550. 550.]
 [409. 461. 468. 478. 470. 481. 475. 482. 480. 482. 470. 479. 474. 476.
  470. 472. 470. 473. 477. 474. 468. 469. 473. 475. 472. 472. 469. 473.
  467. 472. 476. 468. 473. 468. 467. 434. 434. 431. 438. 427.]
 [407. 444. 461. 465. 470. 464. 475. 475. 474. 475. 475. 473. 478. 474.
  481. 478. 485. 477. 476. 479. 478. 475. 481. 484. 475. 482. 479. 474.
  476. 481. 478. 485. 476. 480. 480. 433. 430. 431. 437. 436.]]
##############################
[[163. 193. 208. 208. 218. 214. 209. 214. 214. 216. 227. 216. 223. 215.
  215. 215. 217. 218. 224. 216. 222. 219. 218. 217. 219. 223. 210. 217.
  213. 216. 219. 213. 217. 214. 213. 209. 196. 194. 198. 195.]
 [600. 600. 600. 600. 600. 600. 600. 600. 600. 600. 600. 600. 600. 600.
  600. 600. 600. 600. 600. 600. 600. 600. 600. 600. 600. 600. 600. 600.
  600. 600. 600. 600. 600. 600. 600. 600. 550. 550. 550. 550.]
 [409. 461. 468. 478. 470. 481. 475. 482. 480. 482. 470. 479. 474. 476.
  470. 472. 470. 473. 477. 474. 468. 469. 473. 475. 472. 472. 469. 473.
  467. 472. 476. 468. 473. 468. 467. 474. 434. 431. 438. 427.]
 [407. 444. 461. 465. 470. 464. 475. 475. 474. 475. 475. 473. 478. 474.
  481. 478. 485. 477. 476. 479. 478. 475. 481. 484. 475. 482. 479. 474.
  476. 481. 478. 485. 476. 480. 480. 475. 430. 431. 437. 436.]]
##############################
[[163. 193. 208. 208. 218. 214. 209. 214. 214. 216. 227. 216. 223. 215.
  215. 215. 217. 218. 224. 216. 222. 219. 218. 217. 219. 223. 210. 217.
  213. 216. 219. 213. 217. 214. 213. 209. 214. 194. 198. 195.]
 [600. 600. 600. 600. 600. 600. 600. 600. 600. 600. 600. 600. 600. 600.
  600. 600. 600. 600. 600. 600. 600. 600. 600. 600. 600. 600. 600. 600.
  600. 600. 600. 600. 600. 600. 600. 600. 600. 550. 550. 550.]
 [409. 461. 468. 478. 470. 481. 475. 482. 480. 482. 470. 479. 474. 476.
  470. 472. 470. 473. 477. 474. 468. 469. 473. 475. 472. 472. 469. 473.
  467. 472. 476. 468. 473. 468. 467. 474. 472. 431. 438. 427.]
 [407. 444. 461. 465. 470. 464. 475. 475. 474. 475. 475. 473. 478. 474.
  481. 478. 485. 477. 476. 479. 478. 475. 481. 484. 475. 482. 479. 474.
  476. 481. 478. 485. 476. 480. 480. 475. 470. 431. 437. 436.]]
##############################
[[163. 193. 208. 208. 218. 214. 209. 214. 214. 216. 227. 216. 223. 215.
  215. 215. 217. 218. 224. 216. 222. 219. 218. 217. 219. 223. 210. 217.
  213. 216. 219. 213. 217. 214. 213. 209. 214. 213. 198. 195.]
 [600. 600. 600. 600. 600. 600. 600. 600. 600. 600. 600. 600. 600. 600.
  600. 600. 600. 600. 600. 600. 600. 600. 600. 600. 600. 600. 600. 600.
  600. 600. 600. 600. 600. 600. 600. 600. 600. 600. 550. 550.]
 [409. 461. 468. 478. 470. 481. 475. 482. 480. 482. 470. 479. 474. 476.
  470. 472. 470. 473. 477. 474. 468. 469. 473. 475. 472. 472. 469. 473.
  467. 472. 476. 468. 473. 468. 467. 474. 472. 469. 438. 427.]
 [407. 444. 461. 465. 470. 464. 475. 475. 474. 475. 475. 473. 478. 474.
  481. 478. 485. 477. 476. 479. 478. 475. 481. 484. 475. 482. 479. 474.
  476. 481. 478. 485. 476. 480. 480. 475. 470. 471. 437. 436.]]
##############################
[[163. 193. 208. 208. 218. 214. 209. 214. 214. 216. 227. 216. 223. 215.
  215. 215. 217. 218. 224. 216. 222. 219. 218. 217. 219. 223. 210. 217.
  213. 216. 219. 213. 217. 214. 213. 209. 214. 213. 218. 195.]
 [600. 600. 600. 600. 600. 600. 600. 600. 600. 600. 600. 600. 600. 600.
  600. 600. 600. 600. 600. 600. 600. 600. 600. 600. 600. 600. 600. 600.
  600. 600. 600. 600. 600. 600. 600. 600. 600. 600. 600. 550.]
 [409. 461. 468. 478. 470. 481. 475. 482. 480. 482. 470. 479. 474. 476.
  470. 472. 470. 473. 477. 474. 468. 469. 473. 475. 472. 472. 469. 473.
  467. 472. 476. 468. 473. 468. 467. 474. 472. 469. 476. 427.]
 [407. 444. 461. 465. 470. 464. 475. 475. 474. 475. 475. 473. 478. 474.
  481. 478. 485. 477. 476. 479. 478. 475. 481. 484. 475. 482. 479. 474.
  476. 481. 478. 485. 476. 480. 480. 475. 470. 471. 477. 436.]]
##############################
[[163. 193. 208. 208. 218. 214. 209. 214. 214. 216. 227. 216. 223. 215.
  215. 215. 217. 218. 224. 216. 222. 219. 218. 217. 219. 223. 210. 217.
  213. 216. 219. 213. 217. 214. 213. 209. 214. 213. 218. 214.]
 [600. 600. 600. 600. 600. 600. 600. 600. 600. 600. 600. 600. 600. 600.
  600. 600. 600. 600. 600. 600. 600. 600. 600. 600. 600. 600. 600. 600.
  600. 600. 600. 600. 600. 600. 600. 600. 600. 600. 600. 600.]
 [409. 461. 468. 478. 470. 481. 475. 482. 480. 482. 470. 479. 474. 476.
  470. 472. 470. 473. 477. 474. 468. 469. 473. 475. 472. 472. 469. 473.
  467. 472. 476. 468. 473. 468. 467. 474. 472. 469. 476. 466.]
 [407. 444. 461. 465. 470. 464. 475. 475. 474. 475. 475. 473. 478. 474.
  481. 478. 485. 477. 476. 479. 478. 475. 481. 484. 475. 482. 479. 474.
  476. 481. 478. 485. 476. 480. 480. 475. 470. 471. 477. 478.]]
##############################
##################################################
##################################################
starting :13 batch
[[179. 193. 208. 208. 218. 214. 209. 214. 214. 216. 227. 216. 223. 215.
  215. 215. 217. 218. 224. 216. 222. 219. 218. 217. 219. 223. 210. 217.
  213. 216. 219. 213. 217. 214. 213. 209. 214. 213. 218. 214.]
 [650. 600. 600. 600. 600. 600. 600. 600. 600. 600. 600. 600. 600. 600.
  600. 600. 600. 600. 600. 600. 600. 600. 600. 600. 600. 600. 600. 600.
  600. 600. 600. 600. 600. 600. 600. 600. 600. 600. 600. 600.]
 [446. 461. 468. 478. 470. 481. 475. 482. 480. 482. 470. 479. 474. 476.
  470. 472. 470. 473. 477. 474. 468. 469. 473. 475. 472. 472. 469. 473.
  467. 472. 476. 468. 473. 468. 467. 474. 472. 469. 476. 466.]
 [441. 444. 461. 465. 470. 464. 475. 475. 474. 475. 475. 473. 478. 474.
  481. 478. 485. 477. 476. 479. 478. 475. 481. 484. 475. 482. 479. 474.
  476. 481. 478. 485. 476. 480. 480. 475. 470. 471. 477. 478.]]
##############################
[[179. 209. 208. 208. 218. 214. 209. 214. 214. 216. 227. 216. 223. 215.
  215. 215. 217. 218. 224. 216. 222. 219. 218. 217. 219. 223. 210. 217.
  213. 216. 219. 213. 217. 214. 213. 209. 214. 213. 218. 214.]
 [650. 650. 600. 600. 600. 600. 600. 600. 600. 600. 600. 600. 600. 600.
  600. 600. 600. 600. 600. 600. 600. 600. 600. 600. 600. 600. 600. 600.
  600. 600. 600. 600. 600. 600. 600. 600. 600. 600. 600. 600.]
 [446. 502. 468. 478. 470. 481. 475. 482. 480. 482. 470. 479. 474. 476.
  470. 472. 470. 473. 477. 474. 468. 469. 473. 475. 472. 472. 469. 473.
  467. 472. 476. 468. 473. 468. 467. 474. 472. 469. 476. 466.]
 [441. 479. 461. 465. 470. 464. 475. 475. 474. 475. 475. 473. 478. 474.
  481. 478. 485. 477. 476. 479. 478. 475. 481. 484. 475. 482. 479. 474.
  476. 481. 478. 485. 476. 480. 480. 475. 470. 471. 477. 478.]]
##############################
[[179. 209. 227. 208. 218. 214. 209. 214. 214. 216. 227. 216. 223. 215.
  215. 215. 217. 218. 224. 216. 222. 219. 218. 217. 219. 223. 210. 217.
  213. 216. 219. 213. 217. 214. 213. 209. 214. 213. 218. 214.]
 [650. 650. 650. 600. 600. 600. 600. 600. 600. 600. 600. 600. 600. 600.
  600. 600. 600. 600. 600. 600. 600. 600. 600. 600. 600. 600. 600. 600.
  600. 600. 600. 600. 600. 600. 600. 600. 600. 600. 600. 600.]
 [446. 502. 509. 478. 470. 481. 475. 482. 480. 482. 470. 479. 474. 476.
  470. 472. 470. 473. 477. 474. 468. 469. 473. 475. 472. 472. 469. 473.
  467. 472. 476. 468. 473. 468. 467. 474. 472. 469. 476. 466.]
 [441. 479. 499. 465. 470. 464. 475. 475. 474. 475. 475. 473. 478. 474.
  481. 478. 485. 477. 476. 479. 478. 475. 481. 484. 475. 482. 479. 474.
  476. 481. 478. 485. 476. 480. 480. 475. 470. 471. 477. 478.]]
##############################
[[179. 209. 227. 227. 218. 214. 209. 214. 214. 216. 227. 216. 223. 215.
  215. 215. 217. 218. 224. 216. 222. 219. 218. 217. 219. 223. 210. 217.
  213. 216. 219. 213. 217. 214. 213. 209. 214. 213. 218. 214.]
 [650. 650. 650. 650. 600. 600. 600. 600. 600. 600. 600. 600. 600. 600.
  600. 600. 600. 600. 600. 600. 600. 600. 600. 600. 600. 600. 600. 600.
  600. 600. 600. 600. 600. 600. 600. 600. 600. 600. 600. 600.]
 [446. 502. 509. 520. 470. 481. 475. 482. 480. 482. 470. 479. 474. 476.
  470. 472. 470. 473. 477. 474. 468. 469. 473. 475. 472. 472. 469. 473.
  467. 472. 476. 468. 473. 468. 467. 474. 472. 469. 476. 466.]
 [441. 479. 499. 503. 470. 464. 475. 475. 474. 475. 475. 473. 478. 474.
  481. 478. 485. 477. 476. 479. 478. 475. 481. 484. 475. 482. 479. 474.
  476. 481. 478. 485. 476. 480. 480. 475. 470. 471. 477. 478.]]
##############################
[[179. 209. 227. 227. 237. 214. 209. 214. 214. 216. 227. 216. 223. 215.
  215. 215. 217. 218. 224. 216. 222. 219. 218. 217. 219. 223. 210. 217.
  213. 216. 219. 213. 217. 214. 213. 209. 214. 213. 218. 214.]
 [650. 650. 650. 650. 650. 600. 600. 600. 600. 600. 600. 600. 600. 600.
  600. 600. 600. 600. 600. 600. 600. 600. 600. 600. 600. 600. 600. 600.
  600. 600. 600. 600. 600. 600. 600. 600. 600. 600. 600. 600.]
 [446. 502. 509. 520. 511. 481. 475. 482. 480. 482. 470. 479. 474. 476.
  470. 472. 470. 473. 477. 474. 468. 469. 473. 475. 472. 472. 469. 473.
  467. 472. 476. 468. 473. 468. 467. 474. 472. 469. 476. 466.]
 [441. 479. 499. 503. 510. 464. 475. 475. 474. 475. 475. 473. 478. 474.
  481. 478. 485. 477. 476. 479. 478. 475. 481. 484. 475. 482. 479. 474.
  476. 481. 478. 485. 476. 480. 480. 475. 470. 471. 477. 478.]]
##############################
[[179. 209. 227. 227. 237. 235. 209. 214. 214. 216. 227. 216. 223. 215.
  215. 215. 217. 218. 224. 216. 222. 219. 218. 217. 219. 223. 210. 217.
  213. 216. 219. 213. 217. 214. 213. 209. 214. 213. 218. 214.]
 [650. 650. 650. 650. 650. 650. 600. 600. 600. 600. 600. 600. 600. 600.
  600. 600. 600. 600. 600. 600. 600. 600. 600. 600. 600. 600. 600. 600.
  600. 600. 600. 600. 600. 600. 600. 600. 600. 600. 600. 600.]
 [446. 502. 509. 520. 511. 524. 475. 482. 480. 482. 470. 479. 474. 476.
  470. 472. 470. 473. 477. 474. 468. 469. 473. 475. 472. 472. 469. 473.
  467. 472. 476. 468. 473. 468. 467. 474. 472. 469. 476. 466.]
 [441. 479. 499. 503. 510. 504. 475. 475. 474. 475. 475. 473. 478. 474.
  481. 478. 485. 477. 476. 479. 478. 475. 481. 484. 475. 482. 479. 474.
  476. 481. 478. 485. 476. 480. 480. 475. 470. 471. 477. 478.]]
##############################
[[179. 209. 227. 227. 237. 235. 228. 214. 214. 216. 227. 216. 223. 215.
  215. 215. 217. 218. 224. 216. 222. 219. 218. 217. 219. 223. 210. 217.
  213. 216. 219. 213. 217. 214. 213. 209. 214. 213. 218. 214.]
 [650. 650. 650. 650. 650. 650. 650. 600. 600. 600. 600. 600. 600. 600.
  600. 600. 600. 600. 600. 600. 600. 600. 600. 600. 600. 600. 600. 600.
  600. 600. 600. 600. 600. 600. 600. 600. 600. 600. 600. 600.]
 [446. 502. 509. 520. 511. 524. 519. 482. 480. 482. 470. 479. 474. 476.
  470. 472. 470. 473. 477. 474. 468. 469. 473. 475. 472. 472. 469. 473.
  467. 472. 476. 468. 473. 468. 467. 474. 472. 469. 476. 466.]
 [441. 479. 499. 503. 510. 504. 514. 475. 474. 475. 475. 473. 478. 474.
  481. 478. 485. 477. 476. 479. 478. 475. 481. 484. 475. 482. 479. 474.
  476. 481. 478. 485. 476. 480. 480. 475. 470. 471. 477. 478.]]
##############################
[[179. 209. 227. 227. 237. 235. 228. 235. 214. 216. 227. 216. 223. 215.
  215. 215. 217. 218. 224. 216. 222. 219. 218. 217. 219. 223. 210. 217.
  213. 216. 219. 213. 217. 214. 213. 209. 214. 213. 218. 214.]
 [650. 650. 650. 650. 650. 650. 650. 650. 600. 600. 600. 600. 600. 600.
  600. 600. 600. 600. 600. 600. 600. 600. 600. 600. 600. 600. 600. 600.
  600. 600. 600. 600. 600. 600. 600. 600. 600. 600. 600. 600.]
 [446. 502. 509. 520. 511. 524. 519. 522. 480. 482. 470. 479. 474. 476.
  470. 472. 470. 473. 477. 474. 468. 469. 473. 475. 472. 472. 469. 473.
  467. 472. 476. 468. 473. 468. 467. 474. 472. 469. 476. 466.]
 [441. 479. 499. 503. 510. 504. 514. 512. 474. 475. 475. 473. 478. 474.
  481. 478. 485. 477. 476. 479. 478. 475. 481. 484. 475. 482. 479. 474.
  476. 481. 478. 485. 476. 480. 480. 475. 470. 471. 477. 478.]]
##############################
[[179. 209. 227. 227. 237. 235. 228. 235. 237. 216. 227. 216. 223. 215.
  215. 215. 217. 218. 224. 216. 222. 219. 218. 217. 219. 223. 210. 217.
  213. 216. 219. 213. 217. 214. 213. 209. 214. 213. 218. 214.]
 [650. 650. 650. 650. 650. 650. 650. 650. 650. 600. 600. 600. 600. 600.
  600. 600. 600. 600. 600. 600. 600. 600. 600. 600. 600. 600. 600. 600.
  600. 600. 600. 600. 600. 600. 600. 600. 600. 600. 600. 600.]
 [446. 502. 509. 520. 511. 524. 519. 522. 523. 482. 470. 479. 474. 476.
  470. 472. 470. 473. 477. 474. 468. 469. 473. 475. 472. 472. 469. 473.
  467. 472. 476. 468. 473. 468. 467. 474. 472. 469. 476. 466.]
 [441. 479. 499. 503. 510. 504. 514. 512. 512. 475. 475. 473. 478. 474.
  481. 478. 485. 477. 476. 479. 478. 475. 481. 484. 475. 482. 479. 474.
  476. 481. 478. 485. 476. 480. 480. 475. 470. 471. 477. 478.]]
##############################
[[179. 209. 227. 227. 237. 235. 228. 235. 237. 234. 227. 216. 223. 215.
  215. 215. 217. 218. 224. 216. 222. 219. 218. 217. 219. 223. 210. 217.
  213. 216. 219. 213. 217. 214. 213. 209. 214. 213. 218. 214.]
 [650. 650. 650. 650. 650. 650. 650. 650. 650. 650. 600. 600. 600. 600.
  600. 600. 600. 600. 600. 600. 600. 600. 600. 600. 600. 600. 600. 600.
  600. 600. 600. 600. 600. 600. 600. 600. 600. 600. 600. 600.]
 [446. 502. 509. 520. 511. 524. 519. 522. 523. 523. 470. 479. 474. 476.
  470. 472. 470. 473. 477. 474. 468. 469. 473. 475. 472. 472. 469. 473.
  467. 472. 476. 468. 473. 468. 467. 474. 472. 469. 476. 466.]
 [441. 479. 499. 503. 510. 504. 514. 512. 512. 511. 475. 473. 478. 474.
  481. 478. 485. 477. 476. 479. 478. 475. 481. 484. 475. 482. 479. 474.
  476. 481. 478. 485. 476. 480. 480. 475. 470. 471. 477. 478.]]
##############################
[[179. 209. 227. 227. 237. 235. 228. 235. 237. 234. 248. 216. 223. 215.
  215. 215. 217. 218. 224. 216. 222. 219. 218. 217. 219. 223. 210. 217.
  213. 216. 219. 213. 217. 214. 213. 209. 214. 213. 218. 214.]
 [650. 650. 650. 650. 650. 650. 650. 650. 650. 650. 650. 600. 600. 600.
  600. 600. 600. 600. 600. 600. 600. 600. 600. 600. 600. 600. 600. 600.
  600. 600. 600. 600. 600. 600. 600. 600. 600. 600. 600. 600.]
 [446. 502. 509. 520. 511. 524. 519. 522. 523. 523. 514. 479. 474. 476.
  470. 472. 470. 473. 477. 474. 468. 469. 473. 475. 472. 472. 469. 473.
  467. 472. 476. 468. 473. 468. 467. 474. 472. 469. 476. 466.]
 [441. 479. 499. 503. 510. 504. 514. 512. 512. 511. 509. 473. 478. 474.
  481. 478. 485. 477. 476. 479. 478. 475. 481. 484. 475. 482. 479. 474.
  476. 481. 478. 485. 476. 480. 480. 475. 470. 471. 477. 478.]]
##############################
[[179. 209. 227. 227. 237. 235. 228. 235. 237. 234. 248. 237. 223. 215.
  215. 215. 217. 218. 224. 216. 222. 219. 218. 217. 219. 223. 210. 217.
  213. 216. 219. 213. 217. 214. 213. 209. 214. 213. 218. 214.]
 [650. 650. 650. 650. 650. 650. 650. 650. 650. 650. 650. 650. 600. 600.
  600. 600. 600. 600. 600. 600. 600. 600. 600. 600. 600. 600. 600. 600.
  600. 600. 600. 600. 600. 600. 600. 600. 600. 600. 600. 600.]
 [446. 502. 509. 520. 511. 524. 519. 522. 523. 523. 514. 521. 474. 476.
  470. 472. 470. 473. 477. 474. 468. 469. 473. 475. 472. 472. 469. 473.
  467. 472. 476. 468. 473. 468. 467. 474. 472. 469. 476. 466.]
 [441. 479. 499. 503. 510. 504. 514. 512. 512. 511. 509. 510. 478. 474.
  481. 478. 485. 477. 476. 479. 478. 475. 481. 484. 475. 482. 479. 474.
  476. 481. 478. 485. 476. 480. 480. 475. 470. 471. 477. 478.]]
##############################
[[179. 209. 227. 227. 237. 235. 228. 235. 237. 234. 248. 237. 243. 215.
  215. 215. 217. 218. 224. 216. 222. 219. 218. 217. 219. 223. 210. 217.
  213. 216. 219. 213. 217. 214. 213. 209. 214. 213. 218. 214.]
 [650. 650. 650. 650. 650. 650. 650. 650. 650. 650. 650. 650. 650. 600.
  600. 600. 600. 600. 600. 600. 600. 600. 600. 600. 600. 600. 600. 600.
  600. 600. 600. 600. 600. 600. 600. 600. 600. 600. 600. 600.]
 [446. 502. 509. 520. 511. 524. 519. 522. 523. 523. 514. 521. 517. 476.
  470. 472. 470. 473. 477. 474. 468. 469. 473. 475. 472. 472. 469. 473.
  467. 472. 476. 468. 473. 468. 467. 474. 472. 469. 476. 466.]
 [441. 479. 499. 503. 510. 504. 514. 512. 512. 511. 509. 510. 515. 474.
  481. 478. 485. 477. 476. 479. 478. 475. 481. 484. 475. 482. 479. 474.
  476. 481. 478. 485. 476. 480. 480. 475. 470. 471. 477. 478.]]
##############################
[[179. 209. 227. 227. 237. 235. 228. 235. 237. 234. 248. 237. 243. 235.
  215. 215. 217. 218. 224. 216. 222. 219. 218. 217. 219. 223. 210. 217.
  213. 216. 219. 213. 217. 214. 213. 209. 214. 213. 218. 214.]
 [650. 650. 650. 650. 650. 650. 650. 650. 650. 650. 650. 650. 650. 650.
  600. 600. 600. 600. 600. 600. 600. 600. 600. 600. 600. 600. 600. 600.
  600. 600. 600. 600. 600. 600. 600. 600. 600. 600. 600. 600.]
 [446. 502. 509. 520. 511. 524. 519. 522. 523. 523. 514. 521. 517. 518.
  470. 472. 470. 473. 477. 474. 468. 469. 473. 475. 472. 472. 469. 473.
  467. 472. 476. 468. 473. 468. 467. 474. 472. 469. 476. 466.]
 [441. 479. 499. 503. 510. 504. 514. 512. 512. 511. 509. 510. 515. 512.
  481. 478. 485. 477. 476. 479. 478. 475. 481. 484. 475. 482. 479. 474.
  476. 481. 478. 485. 476. 480. 480. 475. 470. 471. 477. 478.]]
##############################
[[179. 209. 227. 227. 237. 235. 228. 235. 237. 234. 248. 237. 243. 235.
  237. 215. 217. 218. 224. 216. 222. 219. 218. 217. 219. 223. 210. 217.
  213. 216. 219. 213. 217. 214. 213. 209. 214. 213. 218. 214.]
 [650. 650. 650. 650. 650. 650. 650. 650. 650. 650. 650. 650. 650. 650.
  650. 600. 600. 600. 600. 600. 600. 600. 600. 600. 600. 600. 600. 600.
  600. 600. 600. 600. 600. 600. 600. 600. 600. 600. 600. 600.]
 [446. 502. 509. 520. 511. 524. 519. 522. 523. 523. 514. 521. 517. 518.
  511. 472. 470. 473. 477. 474. 468. 469. 473. 475. 472. 472. 469. 473.
  467. 472. 476. 468. 473. 468. 467. 474. 472. 469. 476. 466.]
 [441. 479. 499. 503. 510. 504. 514. 512. 512. 511. 509. 510. 515. 512.
  520. 478. 485. 477. 476. 479. 478. 475. 481. 484. 475. 482. 479. 474.
  476. 481. 478. 485. 476. 480. 480. 475. 470. 471. 477. 478.]]
##############################
[[179. 209. 227. 227. 237. 235. 228. 235. 237. 234. 248. 237. 243. 235.
  237. 235. 217. 218. 224. 216. 222. 219. 218. 217. 219. 223. 210. 217.
  213. 216. 219. 213. 217. 214. 213. 209. 214. 213. 218. 214.]
 [650. 650. 650. 650. 650. 650. 650. 650. 650. 650. 650. 650. 650. 650.
  650. 650. 600. 600. 600. 600. 600. 600. 600. 600. 600. 600. 600. 600.
  600. 600. 600. 600. 600. 600. 600. 600. 600. 600. 600. 600.]
 [446. 502. 509. 520. 511. 524. 519. 522. 523. 523. 514. 521. 517. 518.
  511. 514. 470. 473. 477. 474. 468. 469. 473. 475. 472. 472. 469. 473.
  467. 472. 476. 468. 473. 468. 467. 474. 472. 469. 476. 466.]
 [441. 479. 499. 503. 510. 504. 514. 512. 512. 511. 509. 510. 515. 512.
  520. 515. 485. 477. 476. 479. 478. 475. 481. 484. 475. 482. 479. 474.
  476. 481. 478. 485. 476. 480. 480. 475. 470. 471. 477. 478.]]
##############################
[[179. 209. 227. 227. 237. 235. 228. 235. 237. 234. 248. 237. 243. 235.
  237. 235. 236. 218. 224. 216. 222. 219. 218. 217. 219. 223. 210. 217.
  213. 216. 219. 213. 217. 214. 213. 209. 214. 213. 218. 214.]
 [650. 650. 650. 650. 650. 650. 650. 650. 650. 650. 650. 650. 650. 650.
  650. 650. 650. 600. 600. 600. 600. 600. 600. 600. 600. 600. 600. 600.
  600. 600. 600. 600. 600. 600. 600. 600. 600. 600. 600. 600.]
 [446. 502. 509. 520. 511. 524. 519. 522. 523. 523. 514. 521. 517. 518.
  511. 514. 512. 473. 477. 474. 468. 469. 473. 475. 472. 472. 469. 473.
  467. 472. 476. 468. 473. 468. 467. 474. 472. 469. 476. 466.]
 [441. 479. 499. 503. 510. 504. 514. 512. 512. 511. 509. 510. 515. 512.
  520. 515. 521. 477. 476. 479. 478. 475. 481. 484. 475. 482. 479. 474.
  476. 481. 478. 485. 476. 480. 480. 475. 470. 471. 477. 478.]]
##############################
[[179. 209. 227. 227. 237. 235. 228. 235. 237. 234. 248. 237. 243. 235.
  237. 235. 236. 239. 224. 216. 222. 219. 218. 217. 219. 223. 210. 217.
  213. 216. 219. 213. 217. 214. 213. 209. 214. 213. 218. 214.]
 [650. 650. 650. 650. 650. 650. 650. 650. 650. 650. 650. 650. 650. 650.
  650. 650. 650. 650. 600. 600. 600. 600. 600. 600. 600. 600. 600. 600.
  600. 600. 600. 600. 600. 600. 600. 600. 600. 600. 600. 600.]
 [446. 502. 509. 520. 511. 524. 519. 522. 523. 523. 514. 521. 517. 518.
  511. 514. 512. 516. 477. 474. 468. 469. 473. 475. 472. 472. 469. 473.
  467. 472. 476. 468. 473. 468. 467. 474. 472. 469. 476. 466.]
 [441. 479. 499. 503. 510. 504. 514. 512. 512. 511. 509. 510. 515. 512.
  520. 515. 521. 514. 476. 479. 478. 475. 481. 484. 475. 482. 479. 474.
  476. 481. 478. 485. 476. 480. 480. 475. 470. 471. 477. 478.]]
##############################
[[179. 209. 227. 227. 237. 235. 228. 235. 237. 234. 248. 237. 243. 235.
  237. 235. 236. 239. 242. 216. 222. 219. 218. 217. 219. 223. 210. 217.
  213. 216. 219. 213. 217. 214. 213. 209. 214. 213. 218. 214.]
 [650. 650. 650. 650. 650. 650. 650. 650. 650. 650. 650. 650. 650. 650.
  650. 650. 650. 650. 650. 600. 600. 600. 600. 600. 600. 600. 600. 600.
  600. 600. 600. 600. 600. 600. 600. 600. 600. 600. 600. 600.]
 [446. 502. 509. 520. 511. 524. 519. 522. 523. 523. 514. 521. 517. 518.
  511. 514. 512. 516. 518. 474. 468. 469. 473. 475. 472. 472. 469. 473.
  467. 472. 476. 468. 473. 468. 467. 474. 472. 469. 476. 466.]
 [441. 479. 499. 503. 510. 504. 514. 512. 512. 511. 509. 510. 515. 512.
  520. 515. 521. 514. 512. 479. 478. 475. 481. 484. 475. 482. 479. 474.
  476. 481. 478. 485. 476. 480. 480. 475. 470. 471. 477. 478.]]
##############################
[[179. 209. 227. 227. 237. 235. 228. 235. 237. 234. 248. 237. 243. 235.
  237. 235. 236. 239. 242. 236. 222. 219. 218. 217. 219. 223. 210. 217.
  213. 216. 219. 213. 217. 214. 213. 209. 214. 213. 218. 214.]
 [650. 650. 650. 650. 650. 650. 650. 650. 650. 650. 650. 650. 650. 650.
  650. 650. 650. 650. 650. 650. 600. 600. 600. 600. 600. 600. 600. 600.
  600. 600. 600. 600. 600. 600. 600. 600. 600. 600. 600. 600.]
 [446. 502. 509. 520. 511. 524. 519. 522. 523. 523. 514. 521. 517. 518.
  511. 514. 512. 516. 518. 515. 468. 469. 473. 475. 472. 472. 469. 473.
  467. 472. 476. 468. 473. 468. 467. 474. 472. 469. 476. 466.]
 [441. 479. 499. 503. 510. 504. 514. 512. 512. 511. 509. 510. 515. 512.
  520. 515. 521. 514. 512. 515. 478. 475. 481. 484. 475. 482. 479. 474.
  476. 481. 478. 485. 476. 480. 480. 475. 470. 471. 477. 478.]]
##############################
[[179. 209. 227. 227. 237. 235. 228. 235. 237. 234. 248. 237. 243. 235.
  237. 235. 236. 239. 242. 236. 241. 219. 218. 217. 219. 223. 210. 217.
  213. 216. 219. 213. 217. 214. 213. 209. 214. 213. 218. 214.]
 [650. 650. 650. 650. 650. 650. 650. 650. 650. 650. 650. 650. 650. 650.
  650. 650. 650. 650. 650. 650. 650. 600. 600. 600. 600. 600. 600. 600.
  600. 600. 600. 600. 600. 600. 600. 600. 600. 600. 600. 600.]
 [446. 502. 509. 520. 511. 524. 519. 522. 523. 523. 514. 521. 517. 518.
  511. 514. 512. 516. 518. 515. 511. 469. 473. 475. 472. 472. 469. 473.
  467. 472. 476. 468. 473. 468. 467. 474. 472. 469. 476. 466.]
 [441. 479. 499. 503. 510. 504. 514. 512. 512. 511. 509. 510. 515. 512.
  520. 515. 521. 514. 512. 515. 512. 475. 481. 484. 475. 482. 479. 474.
  476. 481. 478. 485. 476. 480. 480. 475. 470. 471. 477. 478.]]
##############################
[[179. 209. 227. 227. 237. 235. 228. 235. 237. 234. 248. 237. 243. 235.
  237. 235. 236. 239. 242. 236. 241. 237. 218. 217. 219. 223. 210. 217.
  213. 216. 219. 213. 217. 214. 213. 209. 214. 213. 218. 214.]
 [650. 650. 650. 650. 650. 650. 650. 650. 650. 650. 650. 650. 650. 650.
  650. 650. 650. 650. 650. 650. 650. 650. 600. 600. 600. 600. 600. 600.
  600. 600. 600. 600. 600. 600. 600. 600. 600. 600. 600. 600.]
 [446. 502. 509. 520. 511. 524. 519. 522. 523. 523. 514. 521. 517. 518.
  511. 514. 512. 516. 518. 515. 511. 509. 473. 475. 472. 472. 469. 473.
  467. 472. 476. 468. 473. 468. 467. 474. 472. 469. 476. 466.]
 [441. 479. 499. 503. 510. 504. 514. 512. 512. 511. 509. 510. 515. 512.
  520. 515. 521. 514. 512. 515. 512. 511. 481. 484. 475. 482. 479. 474.
  476. 481. 478. 485. 476. 480. 480. 475. 470. 471. 477. 478.]]
##############################
[[179. 209. 227. 227. 237. 235. 228. 235. 237. 234. 248. 237. 243. 235.
  237. 235. 236. 239. 242. 236. 241. 237. 238. 217. 219. 223. 210. 217.
  213. 216. 219. 213. 217. 214. 213. 209. 214. 213. 218. 214.]
 [650. 650. 650. 650. 650. 650. 650. 650. 650. 650. 650. 650. 650. 650.
  650. 650. 650. 650. 650. 650. 650. 650. 650. 600. 600. 600. 600. 600.
  600. 600. 600. 600. 600. 600. 600. 600. 600. 600. 600. 600.]
 [446. 502. 509. 520. 511. 524. 519. 522. 523. 523. 514. 521. 517. 518.
  511. 514. 512. 516. 518. 515. 511. 509. 515. 475. 472. 472. 469. 473.
  467. 472. 476. 468. 473. 468. 467. 474. 472. 469. 476. 466.]
 [441. 479. 499. 503. 510. 504. 514. 512. 512. 511. 509. 510. 515. 512.
  520. 515. 521. 514. 512. 515. 512. 511. 519. 484. 475. 482. 479. 474.
  476. 481. 478. 485. 476. 480. 480. 475. 470. 471. 477. 478.]]
##############################
[[179. 209. 227. 227. 237. 235. 228. 235. 237. 234. 248. 237. 243. 235.
  237. 235. 236. 239. 242. 236. 241. 237. 238. 236. 219. 223. 210. 217.
  213. 216. 219. 213. 217. 214. 213. 209. 214. 213. 218. 214.]
 [650. 650. 650. 650. 650. 650. 650. 650. 650. 650. 650. 650. 650. 650.
  650. 650. 650. 650. 650. 650. 650. 650. 650. 650. 600. 600. 600. 600.
  600. 600. 600. 600. 600. 600. 600. 600. 600. 600. 600. 600.]
 [446. 502. 509. 520. 511. 524. 519. 522. 523. 523. 514. 521. 517. 518.
  511. 514. 512. 516. 518. 515. 511. 509. 515. 517. 472. 472. 469. 473.
  467. 472. 476. 468. 473. 468. 467. 474. 472. 469. 476. 466.]
 [441. 479. 499. 503. 510. 504. 514. 512. 512. 511. 509. 510. 515. 512.
  520. 515. 521. 514. 512. 515. 512. 511. 519. 522. 475. 482. 479. 474.
  476. 481. 478. 485. 476. 480. 480. 475. 470. 471. 477. 478.]]
##############################
[[179. 209. 227. 227. 237. 235. 228. 235. 237. 234. 248. 237. 243. 235.
  237. 235. 236. 239. 242. 236. 241. 237. 238. 236. 240. 223. 210. 217.
  213. 216. 219. 213. 217. 214. 213. 209. 214. 213. 218. 214.]
 [650. 650. 650. 650. 650. 650. 650. 650. 650. 650. 650. 650. 650. 650.
  650. 650. 650. 650. 650. 650. 650. 650. 650. 650. 650. 600. 600. 600.
  600. 600. 600. 600. 600. 600. 600. 600. 600. 600. 600. 600.]
 [446. 502. 509. 520. 511. 524. 519. 522. 523. 523. 514. 521. 517. 518.
  511. 514. 512. 516. 518. 515. 511. 509. 515. 517. 514. 472. 469. 473.
  467. 472. 476. 468. 473. 468. 467. 474. 472. 469. 476. 466.]
 [441. 479. 499. 503. 510. 504. 514. 512. 512. 511. 509. 510. 515. 512.
  520. 515. 521. 514. 512. 515. 512. 511. 519. 522. 510. 482. 479. 474.
  476. 481. 478. 485. 476. 480. 480. 475. 470. 471. 477. 478.]]
##############################
[[179. 209. 227. 227. 237. 235. 228. 235. 237. 234. 248. 237. 243. 235.
  237. 235. 236. 239. 242. 236. 241. 237. 238. 236. 240. 243. 210. 217.
  213. 216. 219. 213. 217. 214. 213. 209. 214. 213. 218. 214.]
 [650. 650. 650. 650. 650. 650. 650. 650. 650. 650. 650. 650. 650. 650.
  650. 650. 650. 650. 650. 650. 650. 650. 650. 650. 650. 650. 600. 600.
  600. 600. 600. 600. 600. 600. 600. 600. 600. 600. 600. 600.]
 [446. 502. 509. 520. 511. 524. 519. 522. 523. 523. 514. 521. 517. 518.
  511. 514. 512. 516. 518. 515. 511. 509. 515. 517. 514. 515. 469. 473.
  467. 472. 476. 468. 473. 468. 467. 474. 472. 469. 476. 466.]
 [441. 479. 499. 503. 510. 504. 514. 512. 512. 511. 509. 510. 515. 512.
  520. 515. 521. 514. 512. 515. 512. 511. 519. 522. 510. 522. 479. 474.
  476. 481. 478. 485. 476. 480. 480. 475. 470. 471. 477. 478.]]
##############################
[[179. 209. 227. 227. 237. 235. 228. 235. 237. 234. 248. 237. 243. 235.
  237. 235. 236. 239. 242. 236. 241. 237. 238. 236. 240. 243. 230. 217.
  213. 216. 219. 213. 217. 214. 213. 209. 214. 213. 218. 214.]
 [650. 650. 650. 650. 650. 650. 650. 650. 650. 650. 650. 650. 650. 650.
  650. 650. 650. 650. 650. 650. 650. 650. 650. 650. 650. 650. 650. 600.
  600. 600. 600. 600. 600. 600. 600. 600. 600. 600. 600. 600.]
 [446. 502. 509. 520. 511. 524. 519. 522. 523. 523. 514. 521. 517. 518.
  511. 514. 512. 516. 518. 515. 511. 509. 515. 517. 514. 515. 511. 473.
  467. 472. 476. 468. 473. 468. 467. 474. 472. 469. 476. 466.]
 [441. 479. 499. 503. 510. 504. 514. 512. 512. 511. 509. 510. 515. 512.
  520. 515. 521. 514. 512. 515. 512. 511. 519. 522. 510. 522. 515. 474.
  476. 481. 478. 485. 476. 480. 480. 475. 470. 471. 477. 478.]]
##############################
[[179. 209. 227. 227. 237. 235. 228. 235. 237. 234. 248. 237. 243. 235.
  237. 235. 236. 239. 242. 236. 241. 237. 238. 236. 240. 243. 230. 238.
  213. 216. 219. 213. 217. 214. 213. 209. 214. 213. 218. 214.]
 [650. 650. 650. 650. 650. 650. 650. 650. 650. 650. 650. 650. 650. 650.
  650. 650. 650. 650. 650. 650. 650. 650. 650. 650. 650. 650. 650. 650.
  600. 600. 600. 600. 600. 600. 600. 600. 600. 600. 600. 600.]
 [446. 502. 509. 520. 511. 524. 519. 522. 523. 523. 514. 521. 517. 518.
  511. 514. 512. 516. 518. 515. 511. 509. 515. 517. 514. 515. 511. 515.
  467. 472. 476. 468. 473. 468. 467. 474. 472. 469. 476. 466.]
 [441. 479. 499. 503. 510. 504. 514. 512. 512. 511. 509. 510. 515. 512.
  520. 515. 521. 514. 512. 515. 512. 511. 519. 522. 510. 522. 515. 510.
  476. 481. 478. 485. 476. 480. 480. 475. 470. 471. 477. 478.]]
##############################
[[179. 209. 227. 227. 237. 235. 228. 235. 237. 234. 248. 237. 243. 235.
  237. 235. 236. 239. 242. 236. 241. 237. 238. 236. 240. 243. 230. 238.
  232. 216. 219. 213. 217. 214. 213. 209. 214. 213. 218. 214.]
 [650. 650. 650. 650. 650. 650. 650. 650. 650. 650. 650. 650. 650. 650.
  650. 650. 650. 650. 650. 650. 650. 650. 650. 650. 650. 650. 650. 650.
  650. 600. 600. 600. 600. 600. 600. 600. 600. 600. 600. 600.]
 [446. 502. 509. 520. 511. 524. 519. 522. 523. 523. 514. 521. 517. 518.
  511. 514. 512. 516. 518. 515. 511. 509. 515. 517. 514. 515. 511. 515.
  511. 472. 476. 468. 473. 468. 467. 474. 472. 469. 476. 466.]
 [441. 479. 499. 503. 510. 504. 514. 512. 512. 511. 509. 510. 515. 512.
  520. 515. 521. 514. 512. 515. 512. 511. 519. 522. 510. 522. 515. 510.
  511. 481. 478. 485. 476. 480. 480. 475. 470. 471. 477. 478.]]
##############################
[[179. 209. 227. 227. 237. 235. 228. 235. 237. 234. 248. 237. 243. 235.
  237. 235. 236. 239. 242. 236. 241. 237. 238. 236. 240. 243. 230. 238.
  232. 236. 219. 213. 217. 214. 213. 209. 214. 213. 218. 214.]
 [650. 650. 650. 650. 650. 650. 650. 650. 650. 650. 650. 650. 650. 650.
  650. 650. 650. 650. 650. 650. 650. 650. 650. 650. 650. 650. 650. 650.
  650. 650. 600. 600. 600. 600. 600. 600. 600. 600. 600. 600.]
 [446. 502. 509. 520. 511. 524. 519. 522. 523. 523. 514. 521. 517. 518.
  511. 514. 512. 516. 518. 515. 511. 509. 515. 517. 514. 515. 511. 515.
  511. 515. 476. 468. 473. 468. 467. 474. 472. 469. 476. 466.]
 [441. 479. 499. 503. 510. 504. 514. 512. 512. 511. 509. 510. 515. 512.
  520. 515. 521. 514. 512. 515. 512. 511. 519. 522. 510. 522. 515. 510.
  511. 518. 478. 485. 476. 480. 480. 475. 470. 471. 477. 478.]]
##############################
[[179. 209. 227. 227. 237. 235. 228. 235. 237. 234. 248. 237. 243. 235.
  237. 235. 236. 239. 242. 236. 241. 237. 238. 236. 240. 243. 230. 238.
  232. 236. 238. 213. 217. 214. 213. 209. 214. 213. 218. 214.]
 [650. 650. 650. 650. 650. 650. 650. 650. 650. 650. 650. 650. 650. 650.
  650. 650. 650. 650. 650. 650. 650. 650. 650. 650. 650. 650. 650. 650.
  650. 650. 650. 600. 600. 600. 600. 600. 600. 600. 600. 600.]
 [446. 502. 509. 520. 511. 524. 519. 522. 523. 523. 514. 521. 517. 518.
  511. 514. 512. 516. 518. 515. 511. 509. 515. 517. 514. 515. 511. 515.
  511. 515. 517. 468. 473. 468. 467. 474. 472. 469. 476. 466.]
 [441. 479. 499. 503. 510. 504. 514. 512. 512. 511. 509. 510. 515. 512.
  520. 515. 521. 514. 512. 515. 512. 511. 519. 522. 510. 522. 515. 510.
  511. 518. 516. 485. 476. 480. 480. 475. 470. 471. 477. 478.]]
##############################
[[179. 209. 227. 227. 237. 235. 228. 235. 237. 234. 248. 237. 243. 235.
  237. 235. 236. 239. 242. 236. 241. 237. 238. 236. 240. 243. 230. 238.
  232. 236. 238. 234. 217. 214. 213. 209. 214. 213. 218. 214.]
 [650. 650. 650. 650. 650. 650. 650. 650. 650. 650. 650. 650. 650. 650.
  650. 650. 650. 650. 650. 650. 650. 650. 650. 650. 650. 650. 650. 650.
  650. 650. 650. 650. 600. 600. 600. 600. 600. 600. 600. 600.]
 [446. 502. 509. 520. 511. 524. 519. 522. 523. 523. 514. 521. 517. 518.
  511. 514. 512. 516. 518. 515. 511. 509. 515. 517. 514. 515. 511. 515.
  511. 515. 517. 509. 473. 468. 467. 474. 472. 469. 476. 466.]
 [441. 479. 499. 503. 510. 504. 514. 512. 512. 511. 509. 510. 515. 512.
  520. 515. 521. 514. 512. 515. 512. 511. 519. 522. 510. 522. 515. 510.
  511. 518. 516. 522. 476. 480. 480. 475. 470. 471. 477. 478.]]
##############################
[[179. 209. 227. 227. 237. 235. 228. 235. 237. 234. 248. 237. 243. 235.
  237. 235. 236. 239. 242. 236. 241. 237. 238. 236. 240. 243. 230. 238.
  232. 236. 238. 234. 237. 214. 213. 209. 214. 213. 218. 214.]
 [650. 650. 650. 650. 650. 650. 650. 650. 650. 650. 650. 650. 650. 650.
  650. 650. 650. 650. 650. 650. 650. 650. 650. 650. 650. 650. 650. 650.
  650. 650. 650. 650. 650. 600. 600. 600. 600. 600. 600. 600.]
 [446. 502. 509. 520. 511. 524. 519. 522. 523. 523. 514. 521. 517. 518.
  511. 514. 512. 516. 518. 515. 511. 509. 515. 517. 514. 515. 511. 515.
  511. 515. 517. 509. 515. 468. 467. 474. 472. 469. 476. 466.]
 [441. 479. 499. 503. 510. 504. 514. 512. 512. 511. 509. 510. 515. 512.
  520. 515. 521. 514. 512. 515. 512. 511. 519. 522. 510. 522. 515. 510.
  511. 518. 516. 522. 513. 480. 480. 475. 470. 471. 477. 478.]]
##############################
[[179. 209. 227. 227. 237. 235. 228. 235. 237. 234. 248. 237. 243. 235.
  237. 235. 236. 239. 242. 236. 241. 237. 238. 236. 240. 243. 230. 238.
  232. 236. 238. 234. 237. 234. 213. 209. 214. 213. 218. 214.]
 [650. 650. 650. 650. 650. 650. 650. 650. 650. 650. 650. 650. 650. 650.
  650. 650. 650. 650. 650. 650. 650. 650. 650. 650. 650. 650. 650. 650.
  650. 650. 650. 650. 650. 650. 600. 600. 600. 600. 600. 600.]
 [446. 502. 509. 520. 511. 524. 519. 522. 523. 523. 514. 521. 517. 518.
  511. 514. 512. 516. 518. 515. 511. 509. 515. 517. 514. 515. 511. 515.
  511. 515. 517. 509. 515. 510. 467. 474. 472. 469. 476. 466.]
 [441. 479. 499. 503. 510. 504. 514. 512. 512. 511. 509. 510. 515. 512.
  520. 515. 521. 514. 512. 515. 512. 511. 519. 522. 510. 522. 515. 510.
  511. 518. 516. 522. 513. 517. 480. 475. 470. 471. 477. 478.]]
##############################
[[179. 209. 227. 227. 237. 235. 228. 235. 237. 234. 248. 237. 243. 235.
  237. 235. 236. 239. 242. 236. 241. 237. 238. 236. 240. 243. 230. 238.
  232. 236. 238. 234. 237. 234. 231. 209. 214. 213. 218. 214.]
 [650. 650. 650. 650. 650. 650. 650. 650. 650. 650. 650. 650. 650. 650.
  650. 650. 650. 650. 650. 650. 650. 650. 650. 650. 650. 650. 650. 650.
  650. 650. 650. 650. 650. 650. 650. 600. 600. 600. 600. 600.]
 [446. 502. 509. 520. 511. 524. 519. 522. 523. 523. 514. 521. 517. 518.
  511. 514. 512. 516. 518. 515. 511. 509. 515. 517. 514. 515. 511. 515.
  511. 515. 517. 509. 515. 510. 509. 474. 472. 469. 476. 466.]
 [441. 479. 499. 503. 510. 504. 514. 512. 512. 511. 509. 510. 515. 512.
  520. 515. 521. 514. 512. 515. 512. 511. 519. 522. 510. 522. 515. 510.
  511. 518. 516. 522. 513. 517. 518. 475. 470. 471. 477. 478.]]
##############################
[[179. 209. 227. 227. 237. 235. 228. 235. 237. 234. 248. 237. 243. 235.
  237. 235. 236. 239. 242. 236. 241. 237. 238. 236. 240. 243. 230. 238.
  232. 236. 238. 234. 237. 234. 231. 229. 214. 213. 218. 214.]
 [650. 650. 650. 650. 650. 650. 650. 650. 650. 650. 650. 650. 650. 650.
  650. 650. 650. 650. 650. 650. 650. 650. 650. 650. 650. 650. 650. 650.
  650. 650. 650. 650. 650. 650. 650. 650. 600. 600. 600. 600.]
 [446. 502. 509. 520. 511. 524. 519. 522. 523. 523. 514. 521. 517. 518.
  511. 514. 512. 516. 518. 515. 511. 509. 515. 517. 514. 515. 511. 515.
  511. 515. 517. 509. 515. 510. 509. 516. 472. 469. 476. 466.]
 [441. 479. 499. 503. 510. 504. 514. 512. 512. 511. 509. 510. 515. 512.
  520. 515. 521. 514. 512. 515. 512. 511. 519. 522. 510. 522. 515. 510.
  511. 518. 516. 522. 513. 517. 518. 511. 470. 471. 477. 478.]]
##############################
[[179. 209. 227. 227. 237. 235. 228. 235. 237. 234. 248. 237. 243. 235.
  237. 235. 236. 239. 242. 236. 241. 237. 238. 236. 240. 243. 230. 238.
  232. 236. 238. 234. 237. 234. 231. 229. 235. 213. 218. 214.]
 [650. 650. 650. 650. 650. 650. 650. 650. 650. 650. 650. 650. 650. 650.
  650. 650. 650. 650. 650. 650. 650. 650. 650. 650. 650. 650. 650. 650.
  650. 650. 650. 650. 650. 650. 650. 650. 650. 600. 600. 600.]
 [446. 502. 509. 520. 511. 524. 519. 522. 523. 523. 514. 521. 517. 518.
  511. 514. 512. 516. 518. 515. 511. 509. 515. 517. 514. 515. 511. 515.
  511. 515. 517. 509. 515. 510. 509. 516. 515. 469. 476. 466.]
 [441. 479. 499. 503. 510. 504. 514. 512. 512. 511. 509. 510. 515. 512.
  520. 515. 521. 514. 512. 515. 512. 511. 519. 522. 510. 522. 515. 510.
  511. 518. 516. 522. 513. 517. 518. 511. 509. 471. 477. 478.]]
##############################
[[179. 209. 227. 227. 237. 235. 228. 235. 237. 234. 248. 237. 243. 235.
  237. 235. 236. 239. 242. 236. 241. 237. 238. 236. 240. 243. 230. 238.
  232. 236. 238. 234. 237. 234. 231. 229. 235. 234. 218. 214.]
 [650. 650. 650. 650. 650. 650. 650. 650. 650. 650. 650. 650. 650. 650.
  650. 650. 650. 650. 650. 650. 650. 650. 650. 650. 650. 650. 650. 650.
  650. 650. 650. 650. 650. 650. 650. 650. 650. 650. 600. 600.]
 [446. 502. 509. 520. 511. 524. 519. 522. 523. 523. 514. 521. 517. 518.
  511. 514. 512. 516. 518. 515. 511. 509. 515. 517. 514. 515. 511. 515.
  511. 515. 517. 509. 515. 510. 509. 516. 515. 511. 476. 466.]
 [441. 479. 499. 503. 510. 504. 514. 512. 512. 511. 509. 510. 515. 512.
  520. 515. 521. 514. 512. 515. 512. 511. 519. 522. 510. 522. 515. 510.
  511. 518. 516. 522. 513. 517. 518. 511. 509. 509. 477. 478.]]
##############################
[[179. 209. 227. 227. 237. 235. 228. 235. 237. 234. 248. 237. 243. 235.
  237. 235. 236. 239. 242. 236. 241. 237. 238. 236. 240. 243. 230. 238.
  232. 236. 238. 234. 237. 234. 231. 229. 235. 234. 238. 214.]
 [650. 650. 650. 650. 650. 650. 650. 650. 650. 650. 650. 650. 650. 650.
  650. 650. 650. 650. 650. 650. 650. 650. 650. 650. 650. 650. 650. 650.
  650. 650. 650. 650. 650. 650. 650. 650. 650. 650. 650. 600.]
 [446. 502. 509. 520. 511. 524. 519. 522. 523. 523. 514. 521. 517. 518.
  511. 514. 512. 516. 518. 515. 511. 509. 515. 517. 514. 515. 511. 515.
  511. 515. 517. 509. 515. 510. 509. 516. 515. 511. 519. 466.]
 [441. 479. 499. 503. 510. 504. 514. 512. 512. 511. 509. 510. 515. 512.
  520. 515. 521. 514. 512. 515. 512. 511. 519. 522. 510. 522. 515. 510.
  511. 518. 516. 522. 513. 517. 518. 511. 509. 509. 519. 478.]]
##############################
[[179. 209. 227. 227. 237. 235. 228. 235. 237. 234. 248. 237. 243. 235.
  237. 235. 236. 239. 242. 236. 241. 237. 238. 236. 240. 243. 230. 238.
  232. 236. 238. 234. 237. 234. 231. 229. 235. 234. 238. 236.]
 [650. 650. 650. 650. 650. 650. 650. 650. 650. 650. 650. 650. 650. 650.
  650. 650. 650. 650. 650. 650. 650. 650. 650. 650. 650. 650. 650. 650.
  650. 650. 650. 650. 650. 650. 650. 650. 650. 650. 650. 650.]
 [446. 502. 509. 520. 511. 524. 519. 522. 523. 523. 514. 521. 517. 518.
  511. 514. 512. 516. 518. 515. 511. 509. 515. 517. 514. 515. 511. 515.
  511. 515. 517. 509. 515. 510. 509. 516. 515. 511. 519. 510.]
 [441. 479. 499. 503. 510. 504. 514. 512. 512. 511. 509. 510. 515. 512.
  520. 515. 521. 514. 512. 515. 512. 511. 519. 522. 510. 522. 515. 510.
  511. 518. 516. 522. 513. 517. 518. 511. 509. 509. 519. 515.]]
##############################
##################################################
##################################################
starting :14 batch
[[190. 209. 227. 227. 237. 235. 228. 235. 237. 234. 248. 237. 243. 235.
  237. 235. 236. 239. 242. 236. 241. 237. 238. 236. 240. 243. 230. 238.
  232. 236. 238. 234. 237. 234. 231. 229. 235. 234. 238. 236.]
 [700. 650. 650. 650. 650. 650. 650. 650. 650. 650. 650. 650. 650. 650.
  650. 650. 650. 650. 650. 650. 650. 650. 650. 650. 650. 650. 650. 650.
  650. 650. 650. 650. 650. 650. 650. 650. 650. 650. 650. 650.]
 [477. 502. 509. 520. 511. 524. 519. 522. 523. 523. 514. 521. 517. 518.
  511. 514. 512. 516. 518. 515. 511. 509. 515. 517. 514. 515. 511. 515.
  511. 515. 517. 509. 515. 510. 509. 516. 515. 511. 519. 510.]
 [476. 479. 499. 503. 510. 504. 514. 512. 512. 511. 509. 510. 515. 512.
  520. 515. 521. 514. 512. 515. 512. 511. 519. 522. 510. 522. 515. 510.
  511. 518. 516. 522. 513. 517. 518. 511. 509. 509. 519. 515.]]
##############################
[[190. 223. 227. 227. 237. 235. 228. 235. 237. 234. 248. 237. 243. 235.
  237. 235. 236. 239. 242. 236. 241. 237. 238. 236. 240. 243. 230. 238.
  232. 236. 238. 234. 237. 234. 231. 229. 235. 234. 238. 236.]
 [700. 700. 650. 650. 650. 650. 650. 650. 650. 650. 650. 650. 650. 650.
  650. 650. 650. 650. 650. 650. 650. 650. 650. 650. 650. 650. 650. 650.
  650. 650. 650. 650. 650. 650. 650. 650. 650. 650. 650. 650.]
 [477. 536. 509. 520. 511. 524. 519. 522. 523. 523. 514. 521. 517. 518.
  511. 514. 512. 516. 518. 515. 511. 509. 515. 517. 514. 515. 511. 515.
  511. 515. 517. 509. 515. 510. 509. 516. 515. 511. 519. 510.]
 [476. 515. 499. 503. 510. 504. 514. 512. 512. 511. 509. 510. 515. 512.
  520. 515. 521. 514. 512. 515. 512. 511. 519. 522. 510. 522. 515. 510.
  511. 518. 516. 522. 513. 517. 518. 511. 509. 509. 519. 515.]]
##############################
[[190. 223. 243. 227. 237. 235. 228. 235. 237. 234. 248. 237. 243. 235.
  237. 235. 236. 239. 242. 236. 241. 237. 238. 236. 240. 243. 230. 238.
  232. 236. 238. 234. 237. 234. 231. 229. 235. 234. 238. 236.]
 [700. 700. 700. 650. 650. 650. 650. 650. 650. 650. 650. 650. 650. 650.
  650. 650. 650. 650. 650. 650. 650. 650. 650. 650. 650. 650. 650. 650.
  650. 650. 650. 650. 650. 650. 650. 650. 650. 650. 650. 650.]
 [477. 536. 542. 520. 511. 524. 519. 522. 523. 523. 514. 521. 517. 518.
  511. 514. 512. 516. 518. 515. 511. 509. 515. 517. 514. 515. 511. 515.
  511. 515. 517. 509. 515. 510. 509. 516. 515. 511. 519. 510.]
 [476. 515. 534. 503. 510. 504. 514. 512. 512. 511. 509. 510. 515. 512.
  520. 515. 521. 514. 512. 515. 512. 511. 519. 522. 510. 522. 515. 510.
  511. 518. 516. 522. 513. 517. 518. 511. 509. 509. 519. 515.]]
##############################
[[190. 223. 243. 243. 237. 235. 228. 235. 237. 234. 248. 237. 243. 235.
  237. 235. 236. 239. 242. 236. 241. 237. 238. 236. 240. 243. 230. 238.
  232. 236. 238. 234. 237. 234. 231. 229. 235. 234. 238. 236.]
 [700. 700. 700. 700. 650. 650. 650. 650. 650. 650. 650. 650. 650. 650.
  650. 650. 650. 650. 650. 650. 650. 650. 650. 650. 650. 650. 650. 650.
  650. 650. 650. 650. 650. 650. 650. 650. 650. 650. 650. 650.]
 [477. 536. 542. 552. 511. 524. 519. 522. 523. 523. 514. 521. 517. 518.
  511. 514. 512. 516. 518. 515. 511. 509. 515. 517. 514. 515. 511. 515.
  511. 515. 517. 509. 515. 510. 509. 516. 515. 511. 519. 510.]
 [476. 515. 534. 539. 510. 504. 514. 512. 512. 511. 509. 510. 515. 512.
  520. 515. 521. 514. 512. 515. 512. 511. 519. 522. 510. 522. 515. 510.
  511. 518. 516. 522. 513. 517. 518. 511. 509. 509. 519. 515.]]
##############################
[[190. 223. 243. 243. 252. 235. 228. 235. 237. 234. 248. 237. 243. 235.
  237. 235. 236. 239. 242. 236. 241. 237. 238. 236. 240. 243. 230. 238.
  232. 236. 238. 234. 237. 234. 231. 229. 235. 234. 238. 236.]
 [700. 700. 700. 700. 700. 650. 650. 650. 650. 650. 650. 650. 650. 650.
  650. 650. 650. 650. 650. 650. 650. 650. 650. 650. 650. 650. 650. 650.
  650. 650. 650. 650. 650. 650. 650. 650. 650. 650. 650. 650.]
 [477. 536. 542. 552. 548. 524. 519. 522. 523. 523. 514. 521. 517. 518.
  511. 514. 512. 516. 518. 515. 511. 509. 515. 517. 514. 515. 511. 515.
  511. 515. 517. 509. 515. 510. 509. 516. 515. 511. 519. 510.]
 [476. 515. 534. 539. 546. 504. 514. 512. 512. 511. 509. 510. 515. 512.
  520. 515. 521. 514. 512. 515. 512. 511. 519. 522. 510. 522. 515. 510.
  511. 518. 516. 522. 513. 517. 518. 511. 509. 509. 519. 515.]]
##############################
[[190. 223. 243. 243. 252. 250. 228. 235. 237. 234. 248. 237. 243. 235.
  237. 235. 236. 239. 242. 236. 241. 237. 238. 236. 240. 243. 230. 238.
  232. 236. 238. 234. 237. 234. 231. 229. 235. 234. 238. 236.]
 [700. 700. 700. 700. 700. 700. 650. 650. 650. 650. 650. 650. 650. 650.
  650. 650. 650. 650. 650. 650. 650. 650. 650. 650. 650. 650. 650. 650.
  650. 650. 650. 650. 650. 650. 650. 650. 650. 650. 650. 650.]
 [477. 536. 542. 552. 548. 560. 519. 522. 523. 523. 514. 521. 517. 518.
  511. 514. 512. 516. 518. 515. 511. 509. 515. 517. 514. 515. 511. 515.
  511. 515. 517. 509. 515. 510. 509. 516. 515. 511. 519. 510.]
 [476. 515. 534. 539. 546. 540. 514. 512. 512. 511. 509. 510. 515. 512.
  520. 515. 521. 514. 512. 515. 512. 511. 519. 522. 510. 522. 515. 510.
  511. 518. 516. 522. 513. 517. 518. 511. 509. 509. 519. 515.]]
##############################
[[190. 223. 243. 243. 252. 250. 244. 235. 237. 234. 248. 237. 243. 235.
  237. 235. 236. 239. 242. 236. 241. 237. 238. 236. 240. 243. 230. 238.
  232. 236. 238. 234. 237. 234. 231. 229. 235. 234. 238. 236.]
 [700. 700. 700. 700. 700. 700. 700. 650. 650. 650. 650. 650. 650. 650.
  650. 650. 650. 650. 650. 650. 650. 650. 650. 650. 650. 650. 650. 650.
  650. 650. 650. 650. 650. 650. 650. 650. 650. 650. 650. 650.]
 [477. 536. 542. 552. 548. 560. 553. 522. 523. 523. 514. 521. 517. 518.
  511. 514. 512. 516. 518. 515. 511. 509. 515. 517. 514. 515. 511. 515.
  511. 515. 517. 509. 515. 510. 509. 516. 515. 511. 519. 510.]
 [476. 515. 534. 539. 546. 540. 551. 512. 512. 511. 509. 510. 515. 512.
  520. 515. 521. 514. 512. 515. 512. 511. 519. 522. 510. 522. 515. 510.
  511. 518. 516. 522. 513. 517. 518. 511. 509. 509. 519. 515.]]
##############################
[[190. 223. 243. 243. 252. 250. 244. 252. 237. 234. 248. 237. 243. 235.
  237. 235. 236. 239. 242. 236. 241. 237. 238. 236. 240. 243. 230. 238.
  232. 236. 238. 234. 237. 234. 231. 229. 235. 234. 238. 236.]
 [700. 700. 700. 700. 700. 700. 700. 700. 650. 650. 650. 650. 650. 650.
  650. 650. 650. 650. 650. 650. 650. 650. 650. 650. 650. 650. 650. 650.
  650. 650. 650. 650. 650. 650. 650. 650. 650. 650. 650. 650.]
 [477. 536. 542. 552. 548. 560. 553. 556. 523. 523. 514. 521. 517. 518.
  511. 514. 512. 516. 518. 515. 511. 509. 515. 517. 514. 515. 511. 515.
  511. 515. 517. 509. 515. 510. 509. 516. 515. 511. 519. 510.]
 [476. 515. 534. 539. 546. 540. 551. 548. 512. 511. 509. 510. 515. 512.
  520. 515. 521. 514. 512. 515. 512. 511. 519. 522. 510. 522. 515. 510.
  511. 518. 516. 522. 513. 517. 518. 511. 509. 509. 519. 515.]]
##############################
[[190. 223. 243. 243. 252. 250. 244. 252. 254. 234. 248. 237. 243. 235.
  237. 235. 236. 239. 242. 236. 241. 237. 238. 236. 240. 243. 230. 238.
  232. 236. 238. 234. 237. 234. 231. 229. 235. 234. 238. 236.]
 [700. 700. 700. 700. 700. 700. 700. 700. 700. 650. 650. 650. 650. 650.
  650. 650. 650. 650. 650. 650. 650. 650. 650. 650. 650. 650. 650. 650.
  650. 650. 650. 650. 650. 650. 650. 650. 650. 650. 650. 650.]
 [477. 536. 542. 552. 548. 560. 553. 556. 556. 523. 514. 521. 517. 518.
  511. 514. 512. 516. 518. 515. 511. 509. 515. 517. 514. 515. 511. 515.
  511. 515. 517. 509. 515. 510. 509. 516. 515. 511. 519. 510.]
 [476. 515. 534. 539. 546. 540. 551. 548. 549. 511. 509. 510. 515. 512.
  520. 515. 521. 514. 512. 515. 512. 511. 519. 522. 510. 522. 515. 510.
  511. 518. 516. 522. 513. 517. 518. 511. 509. 509. 519. 515.]]
##############################
[[190. 223. 243. 243. 252. 250. 244. 252. 254. 250. 248. 237. 243. 235.
  237. 235. 236. 239. 242. 236. 241. 237. 238. 236. 240. 243. 230. 238.
  232. 236. 238. 234. 237. 234. 231. 229. 235. 234. 238. 236.]
 [700. 700. 700. 700. 700. 700. 700. 700. 700. 700. 650. 650. 650. 650.
  650. 650. 650. 650. 650. 650. 650. 650. 650. 650. 650. 650. 650. 650.
  650. 650. 650. 650. 650. 650. 650. 650. 650. 650. 650. 650.]
 [477. 536. 542. 552. 548. 560. 553. 556. 556. 560. 514. 521. 517. 518.
  511. 514. 512. 516. 518. 515. 511. 509. 515. 517. 514. 515. 511. 515.
  511. 515. 517. 509. 515. 510. 509. 516. 515. 511. 519. 510.]
 [476. 515. 534. 539. 546. 540. 551. 548. 549. 545. 509. 510. 515. 512.
  520. 515. 521. 514. 512. 515. 512. 511. 519. 522. 510. 522. 515. 510.
  511. 518. 516. 522. 513. 517. 518. 511. 509. 509. 519. 515.]]
##############################
[[190. 223. 243. 243. 252. 250. 244. 252. 254. 250. 265. 237. 243. 235.
  237. 235. 236. 239. 242. 236. 241. 237. 238. 236. 240. 243. 230. 238.
  232. 236. 238. 234. 237. 234. 231. 229. 235. 234. 238. 236.]
 [700. 700. 700. 700. 700. 700. 700. 700. 700. 700. 700. 650. 650. 650.
  650. 650. 650. 650. 650. 650. 650. 650. 650. 650. 650. 650. 650. 650.
  650. 650. 650. 650. 650. 650. 650. 650. 650. 650. 650. 650.]
 [477. 536. 542. 552. 548. 560. 553. 556. 556. 560. 548. 521. 517. 518.
  511. 514. 512. 516. 518. 515. 511. 509. 515. 517. 514. 515. 511. 515.
  511. 515. 517. 509. 515. 510. 509. 516. 515. 511. 519. 510.]
 [476. 515. 534. 539. 546. 540. 551. 548. 549. 545. 543. 510. 515. 512.
  520. 515. 521. 514. 512. 515. 512. 511. 519. 522. 510. 522. 515. 510.
  511. 518. 516. 522. 513. 517. 518. 511. 509. 509. 519. 515.]]
##############################
[[190. 223. 243. 243. 252. 250. 244. 252. 254. 250. 265. 253. 243. 235.
  237. 235. 236. 239. 242. 236. 241. 237. 238. 236. 240. 243. 230. 238.
  232. 236. 238. 234. 237. 234. 231. 229. 235. 234. 238. 236.]
 [700. 700. 700. 700. 700. 700. 700. 700. 700. 700. 700. 700. 650. 650.
  650. 650. 650. 650. 650. 650. 650. 650. 650. 650. 650. 650. 650. 650.
  650. 650. 650. 650. 650. 650. 650. 650. 650. 650. 650. 650.]
 [477. 536. 542. 552. 548. 560. 553. 556. 556. 560. 548. 557. 517. 518.
  511. 514. 512. 516. 518. 515. 511. 509. 515. 517. 514. 515. 511. 515.
  511. 515. 517. 509. 515. 510. 509. 516. 515. 511. 519. 510.]
 [476. 515. 534. 539. 546. 540. 551. 548. 549. 545. 543. 545. 515. 512.
  520. 515. 521. 514. 512. 515. 512. 511. 519. 522. 510. 522. 515. 510.
  511. 518. 516. 522. 513. 517. 518. 511. 509. 509. 519. 515.]]
##############################
[[190. 223. 243. 243. 252. 250. 244. 252. 254. 250. 265. 253. 259. 235.
  237. 235. 236. 239. 242. 236. 241. 237. 238. 236. 240. 243. 230. 238.
  232. 236. 238. 234. 237. 234. 231. 229. 235. 234. 238. 236.]
 [700. 700. 700. 700. 700. 700. 700. 700. 700. 700. 700. 700. 700. 650.
  650. 650. 650. 650. 650. 650. 650. 650. 650. 650. 650. 650. 650. 650.
  650. 650. 650. 650. 650. 650. 650. 650. 650. 650. 650. 650.]
 [477. 536. 542. 552. 548. 560. 553. 556. 556. 560. 548. 557. 551. 518.
  511. 514. 512. 516. 518. 515. 511. 509. 515. 517. 514. 515. 511. 515.
  511. 515. 517. 509. 515. 510. 509. 516. 515. 511. 519. 510.]
 [476. 515. 534. 539. 546. 540. 551. 548. 549. 545. 543. 545. 549. 512.
  520. 515. 521. 514. 512. 515. 512. 511. 519. 522. 510. 522. 515. 510.
  511. 518. 516. 522. 513. 517. 518. 511. 509. 509. 519. 515.]]
##############################
[[190. 223. 243. 243. 252. 250. 244. 252. 254. 250. 265. 253. 259. 251.
  237. 235. 236. 239. 242. 236. 241. 237. 238. 236. 240. 243. 230. 238.
  232. 236. 238. 234. 237. 234. 231. 229. 235. 234. 238. 236.]
 [700. 700. 700. 700. 700. 700. 700. 700. 700. 700. 700. 700. 700. 700.
  650. 650. 650. 650. 650. 650. 650. 650. 650. 650. 650. 650. 650. 650.
  650. 650. 650. 650. 650. 650. 650. 650. 650. 650. 650. 650.]
 [477. 536. 542. 552. 548. 560. 553. 556. 556. 560. 548. 557. 551. 550.
  511. 514. 512. 516. 518. 515. 511. 509. 515. 517. 514. 515. 511. 515.
  511. 515. 517. 509. 515. 510. 509. 516. 515. 511. 519. 510.]
 [476. 515. 534. 539. 546. 540. 551. 548. 549. 545. 543. 545. 549. 546.
  520. 515. 521. 514. 512. 515. 512. 511. 519. 522. 510. 522. 515. 510.
  511. 518. 516. 522. 513. 517. 518. 511. 509. 509. 519. 515.]]
##############################
[[190. 223. 243. 243. 252. 250. 244. 252. 254. 250. 265. 253. 259. 251.
  252. 235. 236. 239. 242. 236. 241. 237. 238. 236. 240. 243. 230. 238.
  232. 236. 238. 234. 237. 234. 231. 229. 235. 234. 238. 236.]
 [700. 700. 700. 700. 700. 700. 700. 700. 700. 700. 700. 700. 700. 700.
  700. 650. 650. 650. 650. 650. 650. 650. 650. 650. 650. 650. 650. 650.
  650. 650. 650. 650. 650. 650. 650. 650. 650. 650. 650. 650.]
 [477. 536. 542. 552. 548. 560. 553. 556. 556. 560. 548. 557. 551. 550.
  542. 514. 512. 516. 518. 515. 511. 509. 515. 517. 514. 515. 511. 515.
  511. 515. 517. 509. 515. 510. 509. 516. 515. 511. 519. 510.]
 [476. 515. 534. 539. 546. 540. 551. 548. 549. 545. 543. 545. 549. 546.
  553. 515. 521. 514. 512. 515. 512. 511. 519. 522. 510. 522. 515. 510.
  511. 518. 516. 522. 513. 517. 518. 511. 509. 509. 519. 515.]]
##############################
[[190. 223. 243. 243. 252. 250. 244. 252. 254. 250. 265. 253. 259. 251.
  252. 250. 236. 239. 242. 236. 241. 237. 238. 236. 240. 243. 230. 238.
  232. 236. 238. 234. 237. 234. 231. 229. 235. 234. 238. 236.]
 [700. 700. 700. 700. 700. 700. 700. 700. 700. 700. 700. 700. 700. 700.
  700. 700. 650. 650. 650. 650. 650. 650. 650. 650. 650. 650. 650. 650.
  650. 650. 650. 650. 650. 650. 650. 650. 650. 650. 650. 650.]
 [477. 536. 542. 552. 548. 560. 553. 556. 556. 560. 548. 557. 551. 550.
  542. 550. 512. 516. 518. 515. 511. 509. 515. 517. 514. 515. 511. 515.
  511. 515. 517. 509. 515. 510. 509. 516. 515. 511. 519. 510.]
 [476. 515. 534. 539. 546. 540. 551. 548. 549. 545. 543. 545. 549. 546.
  553. 550. 521. 514. 512. 515. 512. 511. 519. 522. 510. 522. 515. 510.
  511. 518. 516. 522. 513. 517. 518. 511. 509. 509. 519. 515.]]
##############################
[[190. 223. 243. 243. 252. 250. 244. 252. 254. 250. 265. 253. 259. 251.
  252. 250. 252. 239. 242. 236. 241. 237. 238. 236. 240. 243. 230. 238.
  232. 236. 238. 234. 237. 234. 231. 229. 235. 234. 238. 236.]
 [700. 700. 700. 700. 700. 700. 700. 700. 700. 700. 700. 700. 700. 700.
  700. 700. 700. 650. 650. 650. 650. 650. 650. 650. 650. 650. 650. 650.
  650. 650. 650. 650. 650. 650. 650. 650. 650. 650. 650. 650.]
 [477. 536. 542. 552. 548. 560. 553. 556. 556. 560. 548. 557. 551. 550.
  542. 550. 546. 516. 518. 515. 511. 509. 515. 517. 514. 515. 511. 515.
  511. 515. 517. 509. 515. 510. 509. 516. 515. 511. 519. 510.]
 [476. 515. 534. 539. 546. 540. 551. 548. 549. 545. 543. 545. 549. 546.
  553. 550. 555. 514. 512. 515. 512. 511. 519. 522. 510. 522. 515. 510.
  511. 518. 516. 522. 513. 517. 518. 511. 509. 509. 519. 515.]]
##############################
[[190. 223. 243. 243. 252. 250. 244. 252. 254. 250. 265. 253. 259. 251.
  252. 250. 252. 255. 242. 236. 241. 237. 238. 236. 240. 243. 230. 238.
  232. 236. 238. 234. 237. 234. 231. 229. 235. 234. 238. 236.]
 [700. 700. 700. 700. 700. 700. 700. 700. 700. 700. 700. 700. 700. 700.
  700. 700. 700. 700. 650. 650. 650. 650. 650. 650. 650. 650. 650. 650.
  650. 650. 650. 650. 650. 650. 650. 650. 650. 650. 650. 650.]
 [477. 536. 542. 552. 548. 560. 553. 556. 556. 560. 548. 557. 551. 550.
  542. 550. 546. 550. 518. 515. 511. 509. 515. 517. 514. 515. 511. 515.
  511. 515. 517. 509. 515. 510. 509. 516. 515. 511. 519. 510.]
 [476. 515. 534. 539. 546. 540. 551. 548. 549. 545. 543. 545. 549. 546.
  553. 550. 555. 549. 512. 515. 512. 511. 519. 522. 510. 522. 515. 510.
  511. 518. 516. 522. 513. 517. 518. 511. 509. 509. 519. 515.]]
##############################
[[190. 223. 243. 243. 252. 250. 244. 252. 254. 250. 265. 253. 259. 251.
  252. 250. 252. 255. 258. 236. 241. 237. 238. 236. 240. 243. 230. 238.
  232. 236. 238. 234. 237. 234. 231. 229. 235. 234. 238. 236.]
 [700. 700. 700. 700. 700. 700. 700. 700. 700. 700. 700. 700. 700. 700.
  700. 700. 700. 700. 700. 650. 650. 650. 650. 650. 650. 650. 650. 650.
  650. 650. 650. 650. 650. 650. 650. 650. 650. 650. 650. 650.]
 [477. 536. 542. 552. 548. 560. 553. 556. 556. 560. 548. 557. 551. 550.
  542. 550. 546. 550. 551. 515. 511. 509. 515. 517. 514. 515. 511. 515.
  511. 515. 517. 509. 515. 510. 509. 516. 515. 511. 519. 510.]
 [476. 515. 534. 539. 546. 540. 551. 548. 549. 545. 543. 545. 549. 546.
  553. 550. 555. 549. 546. 515. 512. 511. 519. 522. 510. 522. 515. 510.
  511. 518. 516. 522. 513. 517. 518. 511. 509. 509. 519. 515.]]
##############################
[[190. 223. 243. 243. 252. 250. 244. 252. 254. 250. 265. 253. 259. 251.
  252. 250. 252. 255. 258. 251. 241. 237. 238. 236. 240. 243. 230. 238.
  232. 236. 238. 234. 237. 234. 231. 229. 235. 234. 238. 236.]
 [700. 700. 700. 700. 700. 700. 700. 700. 700. 700. 700. 700. 700. 700.
  700. 700. 700. 700. 700. 700. 650. 650. 650. 650. 650. 650. 650. 650.
  650. 650. 650. 650. 650. 650. 650. 650. 650. 650. 650. 650.]
 [477. 536. 542. 552. 548. 560. 553. 556. 556. 560. 548. 557. 551. 550.
  542. 550. 546. 550. 551. 548. 511. 509. 515. 517. 514. 515. 511. 515.
  511. 515. 517. 509. 515. 510. 509. 516. 515. 511. 519. 510.]
 [476. 515. 534. 539. 546. 540. 551. 548. 549. 545. 543. 545. 549. 546.
  553. 550. 555. 549. 546. 550. 512. 511. 519. 522. 510. 522. 515. 510.
  511. 518. 516. 522. 513. 517. 518. 511. 509. 509. 519. 515.]]
##############################
[[190. 223. 243. 243. 252. 250. 244. 252. 254. 250. 265. 253. 259. 251.
  252. 250. 252. 255. 258. 251. 255. 237. 238. 236. 240. 243. 230. 238.
  232. 236. 238. 234. 237. 234. 231. 229. 235. 234. 238. 236.]
 [700. 700. 700. 700. 700. 700. 700. 700. 700. 700. 700. 700. 700. 700.
  700. 700. 700. 700. 700. 700. 700. 650. 650. 650. 650. 650. 650. 650.
  650. 650. 650. 650. 650. 650. 650. 650. 650. 650. 650. 650.]
 [477. 536. 542. 552. 548. 560. 553. 556. 556. 560. 548. 557. 551. 550.
  542. 550. 546. 550. 551. 548. 545. 509. 515. 517. 514. 515. 511. 515.
  511. 515. 517. 509. 515. 510. 509. 516. 515. 511. 519. 510.]
 [476. 515. 534. 539. 546. 540. 551. 548. 549. 545. 543. 545. 549. 546.
  553. 550. 555. 549. 546. 550. 546. 511. 519. 522. 510. 522. 515. 510.
  511. 518. 516. 522. 513. 517. 518. 511. 509. 509. 519. 515.]]
##############################
[[190. 223. 243. 243. 252. 250. 244. 252. 254. 250. 265. 253. 259. 251.
  252. 250. 252. 255. 258. 251. 255. 252. 238. 236. 240. 243. 230. 238.
  232. 236. 238. 234. 237. 234. 231. 229. 235. 234. 238. 236.]
 [700. 700. 700. 700. 700. 700. 700. 700. 700. 700. 700. 700. 700. 700.
  700. 700. 700. 700. 700. 700. 700. 700. 650. 650. 650. 650. 650. 650.
  650. 650. 650. 650. 650. 650. 650. 650. 650. 650. 650. 650.]
 [477. 536. 542. 552. 548. 560. 553. 556. 556. 560. 548. 557. 551. 550.
  542. 550. 546. 550. 551. 548. 545. 543. 515. 517. 514. 515. 511. 515.
  511. 515. 517. 509. 515. 510. 509. 516. 515. 511. 519. 510.]
 [476. 515. 534. 539. 546. 540. 551. 548. 549. 545. 543. 545. 549. 546.
  553. 550. 555. 549. 546. 550. 546. 546. 519. 522. 510. 522. 515. 510.
  511. 518. 516. 522. 513. 517. 518. 511. 509. 509. 519. 515.]]
##############################
[[190. 223. 243. 243. 252. 250. 244. 252. 254. 250. 265. 253. 259. 251.
  252. 250. 252. 255. 258. 251. 255. 252. 252. 236. 240. 243. 230. 238.
  232. 236. 238. 234. 237. 234. 231. 229. 235. 234. 238. 236.]
 [700. 700. 700. 700. 700. 700. 700. 700. 700. 700. 700. 700. 700. 700.
  700. 700. 700. 700. 700. 700. 700. 700. 700. 650. 650. 650. 650. 650.
  650. 650. 650. 650. 650. 650. 650. 650. 650. 650. 650. 650.]
 [477. 536. 542. 552. 548. 560. 553. 556. 556. 560. 548. 557. 551. 550.
  542. 550. 546. 550. 551. 548. 545. 543. 547. 517. 514. 515. 511. 515.
  511. 515. 517. 509. 515. 510. 509. 516. 515. 511. 519. 510.]
 [476. 515. 534. 539. 546. 540. 551. 548. 549. 545. 543. 545. 549. 546.
  553. 550. 555. 549. 546. 550. 546. 546. 554. 522. 510. 522. 515. 510.
  511. 518. 516. 522. 513. 517. 518. 511. 509. 509. 519. 515.]]
##############################
[[190. 223. 243. 243. 252. 250. 244. 252. 254. 250. 265. 253. 259. 251.
  252. 250. 252. 255. 258. 251. 255. 252. 252. 251. 240. 243. 230. 238.
  232. 236. 238. 234. 237. 234. 231. 229. 235. 234. 238. 236.]
 [700. 700. 700. 700. 700. 700. 700. 700. 700. 700. 700. 700. 700. 700.
  700. 700. 700. 700. 700. 700. 700. 700. 700. 700. 650. 650. 650. 650.
  650. 650. 650. 650. 650. 650. 650. 650. 650. 650. 650. 650.]
 [477. 536. 542. 552. 548. 560. 553. 556. 556. 560. 548. 557. 551. 550.
  542. 550. 546. 550. 551. 548. 545. 543. 547. 552. 514. 515. 511. 515.
  511. 515. 517. 509. 515. 510. 509. 516. 515. 511. 519. 510.]
 [476. 515. 534. 539. 546. 540. 551. 548. 549. 545. 543. 545. 549. 546.
  553. 550. 555. 549. 546. 550. 546. 546. 554. 556. 510. 522. 515. 510.
  511. 518. 516. 522. 513. 517. 518. 511. 509. 509. 519. 515.]]
##############################
[[190. 223. 243. 243. 252. 250. 244. 252. 254. 250. 265. 253. 259. 251.
  252. 250. 252. 255. 258. 251. 255. 252. 252. 251. 255. 243. 230. 238.
  232. 236. 238. 234. 237. 234. 231. 229. 235. 234. 238. 236.]
 [700. 700. 700. 700. 700. 700. 700. 700. 700. 700. 700. 700. 700. 700.
  700. 700. 700. 700. 700. 700. 700. 700. 700. 700. 700. 650. 650. 650.
  650. 650. 650. 650. 650. 650. 650. 650. 650. 650. 650. 650.]
 [477. 536. 542. 552. 548. 560. 553. 556. 556. 560. 548. 557. 551. 550.
  542. 550. 546. 550. 551. 548. 545. 543. 547. 552. 549. 515. 511. 515.
  511. 515. 517. 509. 515. 510. 509. 516. 515. 511. 519. 510.]
 [476. 515. 534. 539. 546. 540. 551. 548. 549. 545. 543. 545. 549. 546.
  553. 550. 555. 549. 546. 550. 546. 546. 554. 556. 544. 522. 515. 510.
  511. 518. 516. 522. 513. 517. 518. 511. 509. 509. 519. 515.]]
##############################
[[190. 223. 243. 243. 252. 250. 244. 252. 254. 250. 265. 253. 259. 251.
  252. 250. 252. 255. 258. 251. 255. 252. 252. 251. 255. 258. 230. 238.
  232. 236. 238. 234. 237. 234. 231. 229. 235. 234. 238. 236.]
 [700. 700. 700. 700. 700. 700. 700. 700. 700. 700. 700. 700. 700. 700.
  700. 700. 700. 700. 700. 700. 700. 700. 700. 700. 700. 700. 650. 650.
  650. 650. 650. 650. 650. 650. 650. 650. 650. 650. 650. 650.]
 [477. 536. 542. 552. 548. 560. 553. 556. 556. 560. 548. 557. 551. 550.
  542. 550. 546. 550. 551. 548. 545. 543. 547. 552. 549. 548. 511. 515.
  511. 515. 517. 509. 515. 510. 509. 516. 515. 511. 519. 510.]
 [476. 515. 534. 539. 546. 540. 551. 548. 549. 545. 543. 545. 549. 546.
  553. 550. 555. 549. 546. 550. 546. 546. 554. 556. 544. 556. 515. 510.
  511. 518. 516. 522. 513. 517. 518. 511. 509. 509. 519. 515.]]
##############################
[[190. 223. 243. 243. 252. 250. 244. 252. 254. 250. 265. 253. 259. 251.
  252. 250. 252. 255. 258. 251. 255. 252. 252. 251. 255. 258. 246. 238.
  232. 236. 238. 234. 237. 234. 231. 229. 235. 234. 238. 236.]
 [700. 700. 700. 700. 700. 700. 700. 700. 700. 700. 700. 700. 700. 700.
  700. 700. 700. 700. 700. 700. 700. 700. 700. 700. 700. 700. 700. 650.
  650. 650. 650. 650. 650. 650. 650. 650. 650. 650. 650. 650.]
 [477. 536. 542. 552. 548. 560. 553. 556. 556. 560. 548. 557. 551. 550.
  542. 550. 546. 550. 551. 548. 545. 543. 547. 552. 549. 548. 545. 515.
  511. 515. 517. 509. 515. 510. 509. 516. 515. 511. 519. 510.]
 [476. 515. 534. 539. 546. 540. 551. 548. 549. 545. 543. 545. 549. 546.
  553. 550. 555. 549. 546. 550. 546. 546. 554. 556. 544. 556. 551. 510.
  511. 518. 516. 522. 513. 517. 518. 511. 509. 509. 519. 515.]]
##############################
[[190. 223. 243. 243. 252. 250. 244. 252. 254. 250. 265. 253. 259. 251.
  252. 250. 252. 255. 258. 251. 255. 252. 252. 251. 255. 258. 246. 255.
  232. 236. 238. 234. 237. 234. 231. 229. 235. 234. 238. 236.]
 [700. 700. 700. 700. 700. 700. 700. 700. 700. 700. 700. 700. 700. 700.
  700. 700. 700. 700. 700. 700. 700. 700. 700. 700. 700. 700. 700. 700.
  650. 650. 650. 650. 650. 650. 650. 650. 650. 650. 650. 650.]
 [477. 536. 542. 552. 548. 560. 553. 556. 556. 560. 548. 557. 551. 550.
  542. 550. 546. 550. 551. 548. 545. 543. 547. 552. 549. 548. 545. 552.
  511. 515. 517. 509. 515. 510. 509. 516. 515. 511. 519. 510.]
 [476. 515. 534. 539. 546. 540. 551. 548. 549. 545. 543. 545. 549. 546.
  553. 550. 555. 549. 546. 550. 546. 546. 554. 556. 544. 556. 551. 546.
  511. 518. 516. 522. 513. 517. 518. 511. 509. 509. 519. 515.]]
##############################
[[190. 223. 243. 243. 252. 250. 244. 252. 254. 250. 265. 253. 259. 251.
  252. 250. 252. 255. 258. 251. 255. 252. 252. 251. 255. 258. 246. 255.
  249. 236. 238. 234. 237. 234. 231. 229. 235. 234. 238. 236.]
 [700. 700. 700. 700. 700. 700. 700. 700. 700. 700. 700. 700. 700. 700.
  700. 700. 700. 700. 700. 700. 700. 700. 700. 700. 700. 700. 700. 700.
  700. 650. 650. 650. 650. 650. 650. 650. 650. 650. 650. 650.]
 [477. 536. 542. 552. 548. 560. 553. 556. 556. 560. 548. 557. 551. 550.
  542. 550. 546. 550. 551. 548. 545. 543. 547. 552. 549. 548. 545. 552.
  548. 515. 517. 509. 515. 510. 509. 516. 515. 511. 519. 510.]
 [476. 515. 534. 539. 546. 540. 551. 548. 549. 545. 543. 545. 549. 546.
  553. 550. 555. 549. 546. 550. 546. 546. 554. 556. 544. 556. 551. 546.
  546. 518. 516. 522. 513. 517. 518. 511. 509. 509. 519. 515.]]
##############################
[[190. 223. 243. 243. 252. 250. 244. 252. 254. 250. 265. 253. 259. 251.
  252. 250. 252. 255. 258. 251. 255. 252. 252. 251. 255. 258. 246. 255.
  249. 253. 238. 234. 237. 234. 231. 229. 235. 234. 238. 236.]
 [700. 700. 700. 700. 700. 700. 700. 700. 700. 700. 700. 700. 700. 700.
  700. 700. 700. 700. 700. 700. 700. 700. 700. 700. 700. 700. 700. 700.
  700. 700. 650. 650. 650. 650. 650. 650. 650. 650. 650. 650.]
 [477. 536. 542. 552. 548. 560. 553. 556. 556. 560. 548. 557. 551. 550.
  542. 550. 546. 550. 551. 548. 545. 543. 547. 552. 549. 548. 545. 552.
  548. 549. 517. 509. 515. 510. 509. 516. 515. 511. 519. 510.]
 [476. 515. 534. 539. 546. 540. 551. 548. 549. 545. 543. 545. 549. 546.
  553. 550. 555. 549. 546. 550. 546. 546. 554. 556. 544. 556. 551. 546.
  546. 552. 516. 522. 513. 517. 518. 511. 509. 509. 519. 515.]]
##############################
[[190. 223. 243. 243. 252. 250. 244. 252. 254. 250. 265. 253. 259. 251.
  252. 250. 252. 255. 258. 251. 255. 252. 252. 251. 255. 258. 246. 255.
  249. 253. 255. 234. 237. 234. 231. 229. 235. 234. 238. 236.]
 [700. 700. 700. 700. 700. 700. 700. 700. 700. 700. 700. 700. 700. 700.
  700. 700. 700. 700. 700. 700. 700. 700. 700. 700. 700. 700. 700. 700.
  700. 700. 700. 650. 650. 650. 650. 650. 650. 650. 650. 650.]
 [477. 536. 542. 552. 548. 560. 553. 556. 556. 560. 548. 557. 551. 550.
  542. 550. 546. 550. 551. 548. 545. 543. 547. 552. 549. 548. 545. 552.
  548. 549. 551. 509. 515. 510. 509. 516. 515. 511. 519. 510.]
 [476. 515. 534. 539. 546. 540. 551. 548. 549. 545. 543. 545. 549. 546.
  553. 550. 555. 549. 546. 550. 546. 546. 554. 556. 544. 556. 551. 546.
  546. 552. 552. 522. 513. 517. 518. 511. 509. 509. 519. 515.]]
##############################
[[190. 223. 243. 243. 252. 250. 244. 252. 254. 250. 265. 253. 259. 251.
  252. 250. 252. 255. 258. 251. 255. 252. 252. 251. 255. 258. 246. 255.
  249. 253. 255. 250. 237. 234. 231. 229. 235. 234. 238. 236.]
 [700. 700. 700. 700. 700. 700. 700. 700. 700. 700. 700. 700. 700. 700.
  700. 700. 700. 700. 700. 700. 700. 700. 700. 700. 700. 700. 700. 700.
  700. 700. 700. 700. 650. 650. 650. 650. 650. 650. 650. 650.]
 [477. 536. 542. 552. 548. 560. 553. 556. 556. 560. 548. 557. 551. 550.
  542. 550. 546. 550. 551. 548. 545. 543. 547. 552. 549. 548. 545. 552.
  548. 549. 551. 545. 515. 510. 509. 516. 515. 511. 519. 510.]
 [476. 515. 534. 539. 546. 540. 551. 548. 549. 545. 543. 545. 549. 546.
  553. 550. 555. 549. 546. 550. 546. 546. 554. 556. 544. 556. 551. 546.
  546. 552. 552. 558. 513. 517. 518. 511. 509. 509. 519. 515.]]
##############################
[[190. 223. 243. 243. 252. 250. 244. 252. 254. 250. 265. 253. 259. 251.
  252. 250. 252. 255. 258. 251. 255. 252. 252. 251. 255. 258. 246. 255.
  249. 253. 255. 250. 253. 234. 231. 229. 235. 234. 238. 236.]
 [700. 700. 700. 700. 700. 700. 700. 700. 700. 700. 700. 700. 700. 700.
  700. 700. 700. 700. 700. 700. 700. 700. 700. 700. 700. 700. 700. 700.
  700. 700. 700. 700. 700. 650. 650. 650. 650. 650. 650. 650.]
 [477. 536. 542. 552. 548. 560. 553. 556. 556. 560. 548. 557. 551. 550.
  542. 550. 546. 550. 551. 548. 545. 543. 547. 552. 549. 548. 545. 552.
  548. 549. 551. 545. 548. 510. 509. 516. 515. 511. 519. 510.]
 [476. 515. 534. 539. 546. 540. 551. 548. 549. 545. 543. 545. 549. 546.
  553. 550. 555. 549. 546. 550. 546. 546. 554. 556. 544. 556. 551. 546.
  546. 552. 552. 558. 548. 517. 518. 511. 509. 509. 519. 515.]]
##############################
[[190. 223. 243. 243. 252. 250. 244. 252. 254. 250. 265. 253. 259. 251.
  252. 250. 252. 255. 258. 251. 255. 252. 252. 251. 255. 258. 246. 255.
  249. 253. 255. 250. 253. 249. 231. 229. 235. 234. 238. 236.]
 [700. 700. 700. 700. 700. 700. 700. 700. 700. 700. 700. 700. 700. 700.
  700. 700. 700. 700. 700. 700. 700. 700. 700. 700. 700. 700. 700. 700.
  700. 700. 700. 700. 700. 700. 650. 650. 650. 650. 650. 650.]
 [477. 536. 542. 552. 548. 560. 553. 556. 556. 560. 548. 557. 551. 550.
  542. 550. 546. 550. 551. 548. 545. 543. 547. 552. 549. 548. 545. 552.
  548. 549. 551. 545. 548. 545. 509. 516. 515. 511. 519. 510.]
 [476. 515. 534. 539. 546. 540. 551. 548. 549. 545. 543. 545. 549. 546.
  553. 550. 555. 549. 546. 550. 546. 546. 554. 556. 544. 556. 551. 546.
  546. 552. 552. 558. 548. 551. 518. 511. 509. 509. 519. 515.]]
##############################
[[190. 223. 243. 243. 252. 250. 244. 252. 254. 250. 265. 253. 259. 251.
  252. 250. 252. 255. 258. 251. 255. 252. 252. 251. 255. 258. 246. 255.
  249. 253. 255. 250. 253. 249. 248. 229. 235. 234. 238. 236.]
 [700. 700. 700. 700. 700. 700. 700. 700. 700. 700. 700. 700. 700. 700.
  700. 700. 700. 700. 700. 700. 700. 700. 700. 700. 700. 700. 700. 700.
  700. 700. 700. 700. 700. 700. 700. 650. 650. 650. 650. 650.]
 [477. 536. 542. 552. 548. 560. 553. 556. 556. 560. 548. 557. 551. 550.
  542. 550. 546. 550. 551. 548. 545. 543. 547. 552. 549. 548. 545. 552.
  548. 549. 551. 545. 548. 545. 542. 516. 515. 511. 519. 510.]
 [476. 515. 534. 539. 546. 540. 551. 548. 549. 545. 543. 545. 549. 546.
  553. 550. 555. 549. 546. 550. 546. 546. 554. 556. 544. 556. 551. 546.
  546. 552. 552. 558. 548. 551. 554. 511. 509. 509. 519. 515.]]
##############################
[[190. 223. 243. 243. 252. 250. 244. 252. 254. 250. 265. 253. 259. 251.
  252. 250. 252. 255. 258. 251. 255. 252. 252. 251. 255. 258. 246. 255.
  249. 253. 255. 250. 253. 249. 248. 245. 235. 234. 238. 236.]
 [700. 700. 700. 700. 700. 700. 700. 700. 700. 700. 700. 700. 700. 700.
  700. 700. 700. 700. 700. 700. 700. 700. 700. 700. 700. 700. 700. 700.
  700. 700. 700. 700. 700. 700. 700. 700. 650. 650. 650. 650.]
 [477. 536. 542. 552. 548. 560. 553. 556. 556. 560. 548. 557. 551. 550.
  542. 550. 546. 550. 551. 548. 545. 543. 547. 552. 549. 548. 545. 552.
  548. 549. 551. 545. 548. 545. 542. 549. 515. 511. 519. 510.]
 [476. 515. 534. 539. 546. 540. 551. 548. 549. 545. 543. 545. 549. 546.
  553. 550. 555. 549. 546. 550. 546. 546. 554. 556. 544. 556. 551. 546.
  546. 552. 552. 558. 548. 551. 554. 546. 509. 509. 519. 515.]]
##############################
[[190. 223. 243. 243. 252. 250. 244. 252. 254. 250. 265. 253. 259. 251.
  252. 250. 252. 255. 258. 251. 255. 252. 252. 251. 255. 258. 246. 255.
  249. 253. 255. 250. 253. 249. 248. 245. 251. 234. 238. 236.]
 [700. 700. 700. 700. 700. 700. 700. 700. 700. 700. 700. 700. 700. 700.
  700. 700. 700. 700. 700. 700. 700. 700. 700. 700. 700. 700. 700. 700.
  700. 700. 700. 700. 700. 700. 700. 700. 700. 650. 650. 650.]
 [477. 536. 542. 552. 548. 560. 553. 556. 556. 560. 548. 557. 551. 550.
  542. 550. 546. 550. 551. 548. 545. 543. 547. 552. 549. 548. 545. 552.
  548. 549. 551. 545. 548. 545. 542. 549. 549. 511. 519. 510.]
 [476. 515. 534. 539. 546. 540. 551. 548. 549. 545. 543. 545. 549. 546.
  553. 550. 555. 549. 546. 550. 546. 546. 554. 556. 544. 556. 551. 546.
  546. 552. 552. 558. 548. 551. 554. 546. 545. 509. 519. 515.]]
##############################
[[190. 223. 243. 243. 252. 250. 244. 252. 254. 250. 265. 253. 259. 251.
  252. 250. 252. 255. 258. 251. 255. 252. 252. 251. 255. 258. 246. 255.
  249. 253. 255. 250. 253. 249. 248. 245. 251. 251. 238. 236.]
 [700. 700. 700. 700. 700. 700. 700. 700. 700. 700. 700. 700. 700. 700.
  700. 700. 700. 700. 700. 700. 700. 700. 700. 700. 700. 700. 700. 700.
  700. 700. 700. 700. 700. 700. 700. 700. 700. 700. 650. 650.]
 [477. 536. 542. 552. 548. 560. 553. 556. 556. 560. 548. 557. 551. 550.
  542. 550. 546. 550. 551. 548. 545. 543. 547. 552. 549. 548. 545. 552.
  548. 549. 551. 545. 548. 545. 542. 549. 549. 545. 519. 510.]
 [476. 515. 534. 539. 546. 540. 551. 548. 549. 545. 543. 545. 549. 546.
  553. 550. 555. 549. 546. 550. 546. 546. 554. 556. 544. 556. 551. 546.
  546. 552. 552. 558. 548. 551. 554. 546. 545. 544. 519. 515.]]
##############################
[[190. 223. 243. 243. 252. 250. 244. 252. 254. 250. 265. 253. 259. 251.
  252. 250. 252. 255. 258. 251. 255. 252. 252. 251. 255. 258. 246. 255.
  249. 253. 255. 250. 253. 249. 248. 245. 251. 251. 255. 236.]
 [700. 700. 700. 700. 700. 700. 700. 700. 700. 700. 700. 700. 700. 700.
  700. 700. 700. 700. 700. 700. 700. 700. 700. 700. 700. 700. 700. 700.
  700. 700. 700. 700. 700. 700. 700. 700. 700. 700. 700. 650.]
 [477. 536. 542. 552. 548. 560. 553. 556. 556. 560. 548. 557. 551. 550.
  542. 550. 546. 550. 551. 548. 545. 543. 547. 552. 549. 548. 545. 552.
  548. 549. 551. 545. 548. 545. 542. 549. 549. 545. 553. 510.]
 [476. 515. 534. 539. 546. 540. 551. 548. 549. 545. 543. 545. 549. 546.
  553. 550. 555. 549. 546. 550. 546. 546. 554. 556. 544. 556. 551. 546.
  546. 552. 552. 558. 548. 551. 554. 546. 545. 544. 552. 515.]]
##############################
[[190. 223. 243. 243. 252. 250. 244. 252. 254. 250. 265. 253. 259. 251.
  252. 250. 252. 255. 258. 251. 255. 252. 252. 251. 255. 258. 246. 255.
  249. 253. 255. 250. 253. 249. 248. 245. 251. 251. 255. 253.]
 [700. 700. 700. 700. 700. 700. 700. 700. 700. 700. 700. 700. 700. 700.
  700. 700. 700. 700. 700. 700. 700. 700. 700. 700. 700. 700. 700. 700.
  700. 700. 700. 700. 700. 700. 700. 700. 700. 700. 700. 700.]
 [477. 536. 542. 552. 548. 560. 553. 556. 556. 560. 548. 557. 551. 550.
  542. 550. 546. 550. 551. 548. 545. 543. 547. 552. 549. 548. 545. 552.
  548. 549. 551. 545. 548. 545. 542. 549. 549. 545. 553. 541.]
 [476. 515. 534. 539. 546. 540. 551. 548. 549. 545. 543. 545. 549. 546.
  553. 550. 555. 549. 546. 550. 546. 546. 554. 556. 544. 556. 551. 546.
  546. 552. 552. 558. 548. 551. 554. 546. 545. 544. 552. 549.]]
##############################
##################################################
##################################################
starting :15 batch
[[203. 223. 243. 243. 252. 250. 244. 252. 254. 250. 265. 253. 259. 251.
  252. 250. 252. 255. 258. 251. 255. 252. 252. 251. 255. 258. 246. 255.
  249. 253. 255. 250. 253. 249. 248. 245. 251. 251. 255. 253.]
 [750. 700. 700. 700. 700. 700. 700. 700. 700. 700. 700. 700. 700. 700.
  700. 700. 700. 700. 700. 700. 700. 700. 700. 700. 700. 700. 700. 700.
  700. 700. 700. 700. 700. 700. 700. 700. 700. 700. 700. 700.]
 [514. 536. 542. 552. 548. 560. 553. 556. 556. 560. 548. 557. 551. 550.
  542. 550. 546. 550. 551. 548. 545. 543. 547. 552. 549. 548. 545. 552.
  548. 549. 551. 545. 548. 545. 542. 549. 549. 545. 553. 541.]
 [512. 515. 534. 539. 546. 540. 551. 548. 549. 545. 543. 545. 549. 546.
  553. 550. 555. 549. 546. 550. 546. 546. 554. 556. 544. 556. 551. 546.
  546. 552. 552. 558. 548. 551. 554. 546. 545. 544. 552. 549.]]
##############################
[[203. 239. 243. 243. 252. 250. 244. 252. 254. 250. 265. 253. 259. 251.
  252. 250. 252. 255. 258. 251. 255. 252. 252. 251. 255. 258. 246. 255.
  249. 253. 255. 250. 253. 249. 248. 245. 251. 251. 255. 253.]
 [750. 750. 700. 700. 700. 700. 700. 700. 700. 700. 700. 700. 700. 700.
  700. 700. 700. 700. 700. 700. 700. 700. 700. 700. 700. 700. 700. 700.
  700. 700. 700. 700. 700. 700. 700. 700. 700. 700. 700. 700.]
 [514. 575. 542. 552. 548. 560. 553. 556. 556. 560. 548. 557. 551. 550.
  542. 550. 546. 550. 551. 548. 545. 543. 547. 552. 549. 548. 545. 552.
  548. 549. 551. 545. 548. 545. 542. 549. 549. 545. 553. 541.]
 [512. 554. 534. 539. 546. 540. 551. 548. 549. 545. 543. 545. 549. 546.
  553. 550. 555. 549. 546. 550. 546. 546. 554. 556. 544. 556. 551. 546.
  546. 552. 552. 558. 548. 551. 554. 546. 545. 544. 552. 549.]]
##############################
[[203. 239. 259. 243. 252. 250. 244. 252. 254. 250. 265. 253. 259. 251.
  252. 250. 252. 255. 258. 251. 255. 252. 252. 251. 255. 258. 246. 255.
  249. 253. 255. 250. 253. 249. 248. 245. 251. 251. 255. 253.]
 [750. 750. 750. 700. 700. 700. 700. 700. 700. 700. 700. 700. 700. 700.
  700. 700. 700. 700. 700. 700. 700. 700. 700. 700. 700. 700. 700. 700.
  700. 700. 700. 700. 700. 700. 700. 700. 700. 700. 700. 700.]
 [514. 575. 580. 552. 548. 560. 553. 556. 556. 560. 548. 557. 551. 550.
  542. 550. 546. 550. 551. 548. 545. 543. 547. 552. 549. 548. 545. 552.
  548. 549. 551. 545. 548. 545. 542. 549. 549. 545. 553. 541.]
 [512. 554. 575. 539. 546. 540. 551. 548. 549. 545. 543. 545. 549. 546.
  553. 550. 555. 549. 546. 550. 546. 546. 554. 556. 544. 556. 551. 546.
  546. 552. 552. 558. 548. 551. 554. 546. 545. 544. 552. 549.]]
##############################
[[203. 239. 259. 260. 252. 250. 244. 252. 254. 250. 265. 253. 259. 251.
  252. 250. 252. 255. 258. 251. 255. 252. 252. 251. 255. 258. 246. 255.
  249. 253. 255. 250. 253. 249. 248. 245. 251. 251. 255. 253.]
 [750. 750. 750. 750. 700. 700. 700. 700. 700. 700. 700. 700. 700. 700.
  700. 700. 700. 700. 700. 700. 700. 700. 700. 700. 700. 700. 700. 700.
  700. 700. 700. 700. 700. 700. 700. 700. 700. 700. 700. 700.]
 [514. 575. 580. 592. 548. 560. 553. 556. 556. 560. 548. 557. 551. 550.
  542. 550. 546. 550. 551. 548. 545. 543. 547. 552. 549. 548. 545. 552.
  548. 549. 551. 545. 548. 545. 542. 549. 549. 545. 553. 541.]
 [512. 554. 575. 581. 546. 540. 551. 548. 549. 545. 543. 545. 549. 546.
  553. 550. 555. 549. 546. 550. 546. 546. 554. 556. 544. 556. 551. 546.
  546. 552. 552. 558. 548. 551. 554. 546. 545. 544. 552. 549.]]
##############################
[[203. 239. 259. 260. 268. 250. 244. 252. 254. 250. 265. 253. 259. 251.
  252. 250. 252. 255. 258. 251. 255. 252. 252. 251. 255. 258. 246. 255.
  249. 253. 255. 250. 253. 249. 248. 245. 251. 251. 255. 253.]
 [750. 750. 750. 750. 750. 700. 700. 700. 700. 700. 700. 700. 700. 700.
  700. 700. 700. 700. 700. 700. 700. 700. 700. 700. 700. 700. 700. 700.
  700. 700. 700. 700. 700. 700. 700. 700. 700. 700. 700. 700.]
 [514. 575. 580. 592. 589. 560. 553. 556. 556. 560. 548. 557. 551. 550.
  542. 550. 546. 550. 551. 548. 545. 543. 547. 552. 549. 548. 545. 552.
  548. 549. 551. 545. 548. 545. 542. 549. 549. 545. 553. 541.]
 [512. 554. 575. 581. 588. 540. 551. 548. 549. 545. 543. 545. 549. 546.
  553. 550. 555. 549. 546. 550. 546. 546. 554. 556. 544. 556. 551. 546.
  546. 552. 552. 558. 548. 551. 554. 546. 545. 544. 552. 549.]]
##############################
[[203. 239. 259. 260. 268. 267. 244. 252. 254. 250. 265. 253. 259. 251.
  252. 250. 252. 255. 258. 251. 255. 252. 252. 251. 255. 258. 246. 255.
  249. 253. 255. 250. 253. 249. 248. 245. 251. 251. 255. 253.]
 [750. 750. 750. 750. 750. 750. 700. 700. 700. 700. 700. 700. 700. 700.
  700. 700. 700. 700. 700. 700. 700. 700. 700. 700. 700. 700. 700. 700.
  700. 700. 700. 700. 700. 700. 700. 700. 700. 700. 700. 700.]
 [514. 575. 580. 592. 589. 598. 553. 556. 556. 560. 548. 557. 551. 550.
  542. 550. 546. 550. 551. 548. 545. 543. 547. 552. 549. 548. 545. 552.
  548. 549. 551. 545. 548. 545. 542. 549. 549. 545. 553. 541.]
 [512. 554. 575. 581. 588. 582. 551. 548. 549. 545. 543. 545. 549. 546.
  553. 550. 555. 549. 546. 550. 546. 546. 554. 556. 544. 556. 551. 546.
  546. 552. 552. 558. 548. 551. 554. 546. 545. 544. 552. 549.]]
##############################
[[203. 239. 259. 260. 268. 267. 262. 252. 254. 250. 265. 253. 259. 251.
  252. 250. 252. 255. 258. 251. 255. 252. 252. 251. 255. 258. 246. 255.
  249. 253. 255. 250. 253. 249. 248. 245. 251. 251. 255. 253.]
 [750. 750. 750. 750. 750. 750. 750. 700. 700. 700. 700. 700. 700. 700.
  700. 700. 700. 700. 700. 700. 700. 700. 700. 700. 700. 700. 700. 700.
  700. 700. 700. 700. 700. 700. 700. 700. 700. 700. 700. 700.]
 [514. 575. 580. 592. 589. 598. 593. 556. 556. 560. 548. 557. 551. 550.
  542. 550. 546. 550. 551. 548. 545. 543. 547. 552. 549. 548. 545. 552.
  548. 549. 551. 545. 548. 545. 542. 549. 549. 545. 553. 541.]
 [512. 554. 575. 581. 588. 582. 592. 548. 549. 545. 543. 545. 549. 546.
  553. 550. 555. 549. 546. 550. 546. 546. 554. 556. 544. 556. 551. 546.
  546. 552. 552. 558. 548. 551. 554. 546. 545. 544. 552. 549.]]
##############################
[[203. 239. 259. 260. 268. 267. 262. 267. 254. 250. 265. 253. 259. 251.
  252. 250. 252. 255. 258. 251. 255. 252. 252. 251. 255. 258. 246. 255.
  249. 253. 255. 250. 253. 249. 248. 245. 251. 251. 255. 253.]
 [750. 750. 750. 750. 750. 750. 750. 750. 700. 700. 700. 700. 700. 700.
  700. 700. 700. 700. 700. 700. 700. 700. 700. 700. 700. 700. 700. 700.
  700. 700. 700. 700. 700. 700. 700. 700. 700. 700. 700. 700.]
 [514. 575. 580. 592. 589. 598. 593. 594. 556. 560. 548. 557. 551. 550.
  542. 550. 546. 550. 551. 548. 545. 543. 547. 552. 549. 548. 545. 552.
  548. 549. 551. 545. 548. 545. 542. 549. 549. 545. 553. 541.]
 [512. 554. 575. 581. 588. 582. 592. 590. 549. 545. 543. 545. 549. 546.
  553. 550. 555. 549. 546. 550. 546. 546. 554. 556. 544. 556. 551. 546.
  546. 552. 552. 558. 548. 551. 554. 546. 545. 544. 552. 549.]]
##############################
[[203. 239. 259. 260. 268. 267. 262. 267. 269. 250. 265. 253. 259. 251.
  252. 250. 252. 255. 258. 251. 255. 252. 252. 251. 255. 258. 246. 255.
  249. 253. 255. 250. 253. 249. 248. 245. 251. 251. 255. 253.]
 [750. 750. 750. 750. 750. 750. 750. 750. 750. 700. 700. 700. 700. 700.
  700. 700. 700. 700. 700. 700. 700. 700. 700. 700. 700. 700. 700. 700.
  700. 700. 700. 700. 700. 700. 700. 700. 700. 700. 700. 700.]
 [514. 575. 580. 592. 589. 598. 593. 594. 595. 560. 548. 557. 551. 550.
  542. 550. 546. 550. 551. 548. 545. 543. 547. 552. 549. 548. 545. 552.
  548. 549. 551. 545. 548. 545. 542. 549. 549. 545. 553. 541.]
 [512. 554. 575. 581. 588. 582. 592. 590. 590. 545. 543. 545. 549. 546.
  553. 550. 555. 549. 546. 550. 546. 546. 554. 556. 544. 556. 551. 546.
  546. 552. 552. 558. 548. 551. 554. 546. 545. 544. 552. 549.]]
##############################
[[203. 239. 259. 260. 268. 267. 262. 267. 269. 265. 265. 253. 259. 251.
  252. 250. 252. 255. 258. 251. 255. 252. 252. 251. 255. 258. 246. 255.
  249. 253. 255. 250. 253. 249. 248. 245. 251. 251. 255. 253.]
 [750. 750. 750. 750. 750. 750. 750. 750. 750. 750. 700. 700. 700. 700.
  700. 700. 700. 700. 700. 700. 700. 700. 700. 700. 700. 700. 700. 700.
  700. 700. 700. 700. 700. 700. 700. 700. 700. 700. 700. 700.]
 [514. 575. 580. 592. 589. 598. 593. 594. 595. 599. 548. 557. 551. 550.
  542. 550. 546. 550. 551. 548. 545. 543. 547. 552. 549. 548. 545. 552.
  548. 549. 551. 545. 548. 545. 542. 549. 549. 545. 553. 541.]
 [512. 554. 575. 581. 588. 582. 592. 590. 590. 586. 543. 545. 549. 546.
  553. 550. 555. 549. 546. 550. 546. 546. 554. 556. 544. 556. 551. 546.
  546. 552. 552. 558. 548. 551. 554. 546. 545. 544. 552. 549.]]
##############################
[[203. 239. 259. 260. 268. 267. 262. 267. 269. 265. 281. 253. 259. 251.
  252. 250. 252. 255. 258. 251. 255. 252. 252. 251. 255. 258. 246. 255.
  249. 253. 255. 250. 253. 249. 248. 245. 251. 251. 255. 253.]
 [750. 750. 750. 750. 750. 750. 750. 750. 750. 750. 750. 700. 700. 700.
  700. 700. 700. 700. 700. 700. 700. 700. 700. 700. 700. 700. 700. 700.
  700. 700. 700. 700. 700. 700. 700. 700. 700. 700. 700. 700.]
 [514. 575. 580. 592. 589. 598. 593. 594. 595. 599. 586. 557. 551. 550.
  542. 550. 546. 550. 551. 548. 545. 543. 547. 552. 549. 548. 545. 552.
  548. 549. 551. 545. 548. 545. 542. 549. 549. 545. 553. 541.]
 [512. 554. 575. 581. 588. 582. 592. 590. 590. 586. 584. 545. 549. 546.
  553. 550. 555. 549. 546. 550. 546. 546. 554. 556. 544. 556. 551. 546.
  546. 552. 552. 558. 548. 551. 554. 546. 545. 544. 552. 549.]]
##############################
[[203. 239. 259. 260. 268. 267. 262. 267. 269. 265. 281. 269. 259. 251.
  252. 250. 252. 255. 258. 251. 255. 252. 252. 251. 255. 258. 246. 255.
  249. 253. 255. 250. 253. 249. 248. 245. 251. 251. 255. 253.]
 [750. 750. 750. 750. 750. 750. 750. 750. 750. 750. 750. 750. 700. 700.
  700. 700. 700. 700. 700. 700. 700. 700. 700. 700. 700. 700. 700. 700.
  700. 700. 700. 700. 700. 700. 700. 700. 700. 700. 700. 700.]
 [514. 575. 580. 592. 589. 598. 593. 594. 595. 599. 586. 596. 551. 550.
  542. 550. 546. 550. 551. 548. 545. 543. 547. 552. 549. 548. 545. 552.
  548. 549. 551. 545. 548. 545. 542. 549. 549. 545. 553. 541.]
 [512. 554. 575. 581. 588. 582. 592. 590. 590. 586. 584. 585. 549. 546.
  553. 550. 555. 549. 546. 550. 546. 546. 554. 556. 544. 556. 551. 546.
  546. 552. 552. 558. 548. 551. 554. 546. 545. 544. 552. 549.]]
##############################
[[203. 239. 259. 260. 268. 267. 262. 267. 269. 265. 281. 269. 276. 251.
  252. 250. 252. 255. 258. 251. 255. 252. 252. 251. 255. 258. 246. 255.
  249. 253. 255. 250. 253. 249. 248. 245. 251. 251. 255. 253.]
 [750. 750. 750. 750. 750. 750. 750. 750. 750. 750. 750. 750. 750. 700.
  700. 700. 700. 700. 700. 700. 700. 700. 700. 700. 700. 700. 700. 700.
  700. 700. 700. 700. 700. 700. 700. 700. 700. 700. 700. 700.]
 [514. 575. 580. 592. 589. 598. 593. 594. 595. 599. 586. 596. 590. 550.
  542. 550. 546. 550. 551. 548. 545. 543. 547. 552. 549. 548. 545. 552.
  548. 549. 551. 545. 548. 545. 542. 549. 549. 545. 553. 541.]
 [512. 554. 575. 581. 588. 582. 592. 590. 590. 586. 584. 585. 590. 546.
  553. 550. 555. 549. 546. 550. 546. 546. 554. 556. 544. 556. 551. 546.
  546. 552. 552. 558. 548. 551. 554. 546. 545. 544. 552. 549.]]
##############################
[[203. 239. 259. 260. 268. 267. 262. 267. 269. 265. 281. 269. 276. 268.
  252. 250. 252. 255. 258. 251. 255. 252. 252. 251. 255. 258. 246. 255.
  249. 253. 255. 250. 253. 249. 248. 245. 251. 251. 255. 253.]
 [750. 750. 750. 750. 750. 750. 750. 750. 750. 750. 750. 750. 750. 750.
  700. 700. 700. 700. 700. 700. 700. 700. 700. 700. 700. 700. 700. 700.
  700. 700. 700. 700. 700. 700. 700. 700. 700. 700. 700. 700.]
 [514. 575. 580. 592. 589. 598. 593. 594. 595. 599. 586. 596. 590. 590.
  542. 550. 546. 550. 551. 548. 545. 543. 547. 552. 549. 548. 545. 552.
  548. 549. 551. 545. 548. 545. 542. 549. 549. 545. 553. 541.]
 [512. 554. 575. 581. 588. 582. 592. 590. 590. 586. 584. 585. 590. 585.
  553. 550. 555. 549. 546. 550. 546. 546. 554. 556. 544. 556. 551. 546.
  546. 552. 552. 558. 548. 551. 554. 546. 545. 544. 552. 549.]]
##############################
[[203. 239. 259. 260. 268. 267. 262. 267. 269. 265. 281. 269. 276. 268.
  269. 250. 252. 255. 258. 251. 255. 252. 252. 251. 255. 258. 246. 255.
  249. 253. 255. 250. 253. 249. 248. 245. 251. 251. 255. 253.]
 [750. 750. 750. 750. 750. 750. 750. 750. 750. 750. 750. 750. 750. 750.
  750. 700. 700. 700. 700. 700. 700. 700. 700. 700. 700. 700. 700. 700.
  700. 700. 700. 700. 700. 700. 700. 700. 700. 700. 700. 700.]
 [514. 575. 580. 592. 589. 598. 593. 594. 595. 599. 586. 596. 590. 590.
  581. 550. 546. 550. 551. 548. 545. 543. 547. 552. 549. 548. 545. 552.
  548. 549. 551. 545. 548. 545. 542. 549. 549. 545. 553. 541.]
 [512. 554. 575. 581. 588. 582. 592. 590. 590. 586. 584. 585. 590. 585.
  594. 550. 555. 549. 546. 550. 546. 546. 554. 556. 544. 556. 551. 546.
  546. 552. 552. 558. 548. 551. 554. 546. 545. 544. 552. 549.]]
##############################
[[203. 239. 259. 260. 268. 267. 262. 267. 269. 265. 281. 269. 276. 268.
  269. 266. 252. 255. 258. 251. 255. 252. 252. 251. 255. 258. 246. 255.
  249. 253. 255. 250. 253. 249. 248. 245. 251. 251. 255. 253.]
 [750. 750. 750. 750. 750. 750. 750. 750. 750. 750. 750. 750. 750. 750.
  750. 750. 700. 700. 700. 700. 700. 700. 700. 700. 700. 700. 700. 700.
  700. 700. 700. 700. 700. 700. 700. 700. 700. 700. 700. 700.]
 [514. 575. 580. 592. 589. 598. 593. 594. 595. 599. 586. 596. 590. 590.
  581. 588. 546. 550. 551. 548. 545. 543. 547. 552. 549. 548. 545. 552.
  548. 549. 551. 545. 548. 545. 542. 549. 549. 545. 553. 541.]
 [512. 554. 575. 581. 588. 582. 592. 590. 590. 586. 584. 585. 590. 585.
  594. 591. 555. 549. 546. 550. 546. 546. 554. 556. 544. 556. 551. 546.
  546. 552. 552. 558. 548. 551. 554. 546. 545. 544. 552. 549.]]
##############################
[[203. 239. 259. 260. 268. 267. 262. 267. 269. 265. 281. 269. 276. 268.
  269. 266. 265. 255. 258. 251. 255. 252. 252. 251. 255. 258. 246. 255.
  249. 253. 255. 250. 253. 249. 248. 245. 251. 251. 255. 253.]
 [750. 750. 750. 750. 750. 750. 750. 750. 750. 750. 750. 750. 750. 750.
  750. 750. 750. 700. 700. 700. 700. 700. 700. 700. 700. 700. 700. 700.
  700. 700. 700. 700. 700. 700. 700. 700. 700. 700. 700. 700.]
 [514. 575. 580. 592. 589. 598. 593. 594. 595. 599. 586. 596. 590. 590.
  581. 588. 585. 550. 551. 548. 545. 543. 547. 552. 549. 548. 545. 552.
  548. 549. 551. 545. 548. 545. 542. 549. 549. 545. 553. 541.]
 [512. 554. 575. 581. 588. 582. 592. 590. 590. 586. 584. 585. 590. 585.
  594. 591. 596. 549. 546. 550. 546. 546. 554. 556. 544. 556. 551. 546.
  546. 552. 552. 558. 548. 551. 554. 546. 545. 544. 552. 549.]]
##############################
[[203. 239. 259. 260. 268. 267. 262. 267. 269. 265. 281. 269. 276. 268.
  269. 266. 265. 272. 258. 251. 255. 252. 252. 251. 255. 258. 246. 255.
  249. 253. 255. 250. 253. 249. 248. 245. 251. 251. 255. 253.]
 [750. 750. 750. 750. 750. 750. 750. 750. 750. 750. 750. 750. 750. 750.
  750. 750. 750. 750. 700. 700. 700. 700. 700. 700. 700. 700. 700. 700.
  700. 700. 700. 700. 700. 700. 700. 700. 700. 700. 700. 700.]
 [514. 575. 580. 592. 589. 598. 593. 594. 595. 599. 586. 596. 590. 590.
  581. 588. 585. 589. 551. 548. 545. 543. 547. 552. 549. 548. 545. 552.
  548. 549. 551. 545. 548. 545. 542. 549. 549. 545. 553. 541.]
 [512. 554. 575. 581. 588. 582. 592. 590. 590. 586. 584. 585. 590. 585.
  594. 591. 596. 590. 546. 550. 546. 546. 554. 556. 544. 556. 551. 546.
  546. 552. 552. 558. 548. 551. 554. 546. 545. 544. 552. 549.]]
##############################
[[203. 239. 259. 260. 268. 267. 262. 267. 269. 265. 281. 269. 276. 268.
  269. 266. 265. 272. 273. 251. 255. 252. 252. 251. 255. 258. 246. 255.
  249. 253. 255. 250. 253. 249. 248. 245. 251. 251. 255. 253.]
 [750. 750. 750. 750. 750. 750. 750. 750. 750. 750. 750. 750. 750. 750.
  750. 750. 750. 750. 750. 700. 700. 700. 700. 700. 700. 700. 700. 700.
  700. 700. 700. 700. 700. 700. 700. 700. 700. 700. 700. 700.]
 [514. 575. 580. 592. 589. 598. 593. 594. 595. 599. 586. 596. 590. 590.
  581. 588. 585. 589. 591. 548. 545. 543. 547. 552. 549. 548. 545. 552.
  548. 549. 551. 545. 548. 545. 542. 549. 549. 545. 553. 541.]
 [512. 554. 575. 581. 588. 582. 592. 590. 590. 586. 584. 585. 590. 585.
  594. 591. 596. 590. 588. 550. 546. 546. 554. 556. 544. 556. 551. 546.
  546. 552. 552. 558. 548. 551. 554. 546. 545. 544. 552. 549.]]
##############################
[[203. 239. 259. 260. 268. 267. 262. 267. 269. 265. 281. 269. 276. 268.
  269. 266. 265. 272. 273. 268. 255. 252. 252. 251. 255. 258. 246. 255.
  249. 253. 255. 250. 253. 249. 248. 245. 251. 251. 255. 253.]
 [750. 750. 750. 750. 750. 750. 750. 750. 750. 750. 750. 750. 750. 750.
  750. 750. 750. 750. 750. 750. 700. 700. 700. 700. 700. 700. 700. 700.
  700. 700. 700. 700. 700. 700. 700. 700. 700. 700. 700. 700.]
 [514. 575. 580. 592. 589. 598. 593. 594. 595. 599. 586. 596. 590. 590.
  581. 588. 585. 589. 591. 586. 545. 543. 547. 552. 549. 548. 545. 552.
  548. 549. 551. 545. 548. 545. 542. 549. 549. 545. 553. 541.]
 [512. 554. 575. 581. 588. 582. 592. 590. 590. 586. 584. 585. 590. 585.
  594. 591. 596. 590. 588. 592. 546. 546. 554. 556. 544. 556. 551. 546.
  546. 552. 552. 558. 548. 551. 554. 546. 545. 544. 552. 549.]]
##############################
[[203. 239. 259. 260. 268. 267. 262. 267. 269. 265. 281. 269. 276. 268.
  269. 266. 265. 272. 273. 268. 271. 252. 252. 251. 255. 258. 246. 255.
  249. 253. 255. 250. 253. 249. 248. 245. 251. 251. 255. 253.]
 [750. 750. 750. 750. 750. 750. 750. 750. 750. 750. 750. 750. 750. 750.
  750. 750. 750. 750. 750. 750. 750. 700. 700. 700. 700. 700. 700. 700.
  700. 700. 700. 700. 700. 700. 700. 700. 700. 700. 700. 700.]
 [514. 575. 580. 592. 589. 598. 593. 594. 595. 599. 586. 596. 590. 590.
  581. 588. 585. 589. 591. 586. 585. 543. 547. 552. 549. 548. 545. 552.
  548. 549. 551. 545. 548. 545. 542. 549. 549. 545. 553. 541.]
 [512. 554. 575. 581. 588. 582. 592. 590. 590. 586. 584. 585. 590. 585.
  594. 591. 596. 590. 588. 592. 587. 546. 554. 556. 544. 556. 551. 546.
  546. 552. 552. 558. 548. 551. 554. 546. 545. 544. 552. 549.]]
##############################
[[203. 239. 259. 260. 268. 267. 262. 267. 269. 265. 281. 269. 276. 268.
  269. 266. 265. 272. 273. 268. 271. 268. 252. 251. 255. 258. 246. 255.
  249. 253. 255. 250. 253. 249. 248. 245. 251. 251. 255. 253.]
 [750. 750. 750. 750. 750. 750. 750. 750. 750. 750. 750. 750. 750. 750.
  750. 750. 750. 750. 750. 750. 750. 750. 700. 700. 700. 700. 700. 700.
  700. 700. 700. 700. 700. 700. 700. 700. 700. 700. 700. 700.]
 [514. 575. 580. 592. 589. 598. 593. 594. 595. 599. 586. 596. 590. 590.
  581. 588. 585. 589. 591. 586. 585. 582. 547. 552. 549. 548. 545. 552.
  548. 549. 551. 545. 548. 545. 542. 549. 549. 545. 553. 541.]
 [512. 554. 575. 581. 588. 582. 592. 590. 590. 586. 584. 585. 590. 585.
  594. 591. 596. 590. 588. 592. 587. 587. 554. 556. 544. 556. 551. 546.
  546. 552. 552. 558. 548. 551. 554. 546. 545. 544. 552. 549.]]
##############################
[[203. 239. 259. 260. 268. 267. 262. 267. 269. 265. 281. 269. 276. 268.
  269. 266. 265. 272. 273. 268. 271. 268. 267. 251. 255. 258. 246. 255.
  249. 253. 255. 250. 253. 249. 248. 245. 251. 251. 255. 253.]
 [750. 750. 750. 750. 750. 750. 750. 750. 750. 750. 750. 750. 750. 750.
  750. 750. 750. 750. 750. 750. 750. 750. 750. 700. 700. 700. 700. 700.
  700. 700. 700. 700. 700. 700. 700. 700. 700. 700. 700. 700.]
 [514. 575. 580. 592. 589. 598. 593. 594. 595. 599. 586. 596. 590. 590.
  581. 588. 585. 589. 591. 586. 585. 582. 584. 552. 549. 548. 545. 552.
  548. 549. 551. 545. 548. 545. 542. 549. 549. 545. 553. 541.]
 [512. 554. 575. 581. 588. 582. 592. 590. 590. 586. 584. 585. 590. 585.
  594. 591. 596. 590. 588. 592. 587. 587. 596. 556. 544. 556. 551. 546.
  546. 552. 552. 558. 548. 551. 554. 546. 545. 544. 552. 549.]]
##############################
[[203. 239. 259. 260. 268. 267. 262. 267. 269. 265. 281. 269. 276. 268.
  269. 266. 265. 272. 273. 268. 271. 268. 267. 267. 255. 258. 246. 255.
  249. 253. 255. 250. 253. 249. 248. 245. 251. 251. 255. 253.]
 [750. 750. 750. 750. 750. 750. 750. 750. 750. 750. 750. 750. 750. 750.
  750. 750. 750. 750. 750. 750. 750. 750. 750. 750. 700. 700. 700. 700.
  700. 700. 700. 700. 700. 700. 700. 700. 700. 700. 700. 700.]
 [514. 575. 580. 592. 589. 598. 593. 594. 595. 599. 586. 596. 590. 590.
  581. 588. 585. 589. 591. 586. 585. 582. 584. 590. 549. 548. 545. 552.
  548. 549. 551. 545. 548. 545. 542. 549. 549. 545. 553. 541.]
 [512. 554. 575. 581. 588. 582. 592. 590. 590. 586. 584. 585. 590. 585.
  594. 591. 596. 590. 588. 592. 587. 587. 596. 599. 544. 556. 551. 546.
  546. 552. 552. 558. 548. 551. 554. 546. 545. 544. 552. 549.]]
##############################
[[203. 239. 259. 260. 268. 267. 262. 267. 269. 265. 281. 269. 276. 268.
  269. 266. 265. 272. 273. 268. 271. 268. 267. 267. 270. 258. 246. 255.
  249. 253. 255. 250. 253. 249. 248. 245. 251. 251. 255. 253.]
 [750. 750. 750. 750. 750. 750. 750. 750. 750. 750. 750. 750. 750. 750.
  750. 750. 750. 750. 750. 750. 750. 750. 750. 750. 750. 700. 700. 700.
  700. 700. 700. 700. 700. 700. 700. 700. 700. 700. 700. 700.]
 [514. 575. 580. 592. 589. 598. 593. 594. 595. 599. 586. 596. 590. 590.
  581. 588. 585. 589. 591. 586. 585. 582. 584. 590. 586. 548. 545. 552.
  548. 549. 551. 545. 548. 545. 542. 549. 549. 545. 553. 541.]
 [512. 554. 575. 581. 588. 582. 592. 590. 590. 586. 584. 585. 590. 585.
  594. 591. 596. 590. 588. 592. 587. 587. 596. 599. 585. 556. 551. 546.
  546. 552. 552. 558. 548. 551. 554. 546. 545. 544. 552. 549.]]
##############################
[[203. 239. 259. 260. 268. 267. 262. 267. 269. 265. 281. 269. 276. 268.
  269. 266. 265. 272. 273. 268. 271. 268. 267. 267. 270. 274. 246. 255.
  249. 253. 255. 250. 253. 249. 248. 245. 251. 251. 255. 253.]
 [750. 750. 750. 750. 750. 750. 750. 750. 750. 750. 750. 750. 750. 750.
  750. 750. 750. 750. 750. 750. 750. 750. 750. 750. 750. 750. 700. 700.
  700. 700. 700. 700. 700. 700. 700. 700. 700. 700. 700. 700.]
 [514. 575. 580. 592. 589. 598. 593. 594. 595. 599. 586. 596. 590. 590.
  581. 588. 585. 589. 591. 586. 585. 582. 584. 590. 586. 586. 545. 552.
  548. 549. 551. 545. 548. 545. 542. 549. 549. 545. 553. 541.]
 [512. 554. 575. 581. 588. 582. 592. 590. 590. 586. 584. 585. 590. 585.
  594. 591. 596. 590. 588. 592. 587. 587. 596. 599. 585. 597. 551. 546.
  546. 552. 552. 558. 548. 551. 554. 546. 545. 544. 552. 549.]]
##############################
[[203. 239. 259. 260. 268. 267. 262. 267. 269. 265. 281. 269. 276. 268.
  269. 266. 265. 272. 273. 268. 271. 268. 267. 267. 270. 274. 262. 255.
  249. 253. 255. 250. 253. 249. 248. 245. 251. 251. 255. 253.]
 [750. 750. 750. 750. 750. 750. 750. 750. 750. 750. 750. 750. 750. 750.
  750. 750. 750. 750. 750. 750. 750. 750. 750. 750. 750. 750. 750. 700.
  700. 700. 700. 700. 700. 700. 700. 700. 700. 700. 700. 700.]
 [514. 575. 580. 592. 589. 598. 593. 594. 595. 599. 586. 596. 590. 590.
  581. 588. 585. 589. 591. 586. 585. 582. 584. 590. 586. 586. 583. 552.
  548. 549. 551. 545. 548. 545. 542. 549. 549. 545. 553. 541.]
 [512. 554. 575. 581. 588. 582. 592. 590. 590. 586. 584. 585. 590. 585.
  594. 591. 596. 590. 588. 592. 587. 587. 596. 599. 585. 597. 594. 546.
  546. 552. 552. 558. 548. 551. 554. 546. 545. 544. 552. 549.]]
##############################
[[203. 239. 259. 260. 268. 267. 262. 267. 269. 265. 281. 269. 276. 268.
  269. 266. 265. 272. 273. 268. 271. 268. 267. 267. 270. 274. 262. 270.
  249. 253. 255. 250. 253. 249. 248. 245. 251. 251. 255. 253.]
 [750. 750. 750. 750. 750. 750. 750. 750. 750. 750. 750. 750. 750. 750.
  750. 750. 750. 750. 750. 750. 750. 750. 750. 750. 750. 750. 750. 750.
  700. 700. 700. 700. 700. 700. 700. 700. 700. 700. 700. 700.]
 [514. 575. 580. 592. 589. 598. 593. 594. 595. 599. 586. 596. 590. 590.
  581. 588. 585. 589. 591. 586. 585. 582. 584. 590. 586. 586. 583. 590.
  548. 549. 551. 545. 548. 545. 542. 549. 549. 545. 553. 541.]
 [512. 554. 575. 581. 588. 582. 592. 590. 590. 586. 584. 585. 590. 585.
  594. 591. 596. 590. 588. 592. 587. 587. 596. 599. 585. 597. 594. 588.
  546. 552. 552. 558. 548. 551. 554. 546. 545. 544. 552. 549.]]
##############################
[[203. 239. 259. 260. 268. 267. 262. 267. 269. 265. 281. 269. 276. 268.
  269. 266. 265. 272. 273. 268. 271. 268. 267. 267. 270. 274. 262. 270.
  265. 253. 255. 250. 253. 249. 248. 245. 251. 251. 255. 253.]
 [750. 750. 750. 750. 750. 750. 750. 750. 750. 750. 750. 750. 750. 750.
  750. 750. 750. 750. 750. 750. 750. 750. 750. 750. 750. 750. 750. 750.
  750. 700. 700. 700. 700. 700. 700. 700. 700. 700. 700. 700.]
 [514. 575. 580. 592. 589. 598. 593. 594. 595. 599. 586. 596. 590. 590.
  581. 588. 585. 589. 591. 586. 585. 582. 584. 590. 586. 586. 583. 590.
  586. 549. 551. 545. 548. 545. 542. 549. 549. 545. 553. 541.]
 [512. 554. 575. 581. 588. 582. 592. 590. 590. 586. 584. 585. 590. 585.
  594. 591. 596. 590. 588. 592. 587. 587. 596. 599. 585. 597. 594. 588.
  588. 552. 552. 558. 548. 551. 554. 546. 545. 544. 552. 549.]]
##############################
[[203. 239. 259. 260. 268. 267. 262. 267. 269. 265. 281. 269. 276. 268.
  269. 266. 265. 272. 273. 268. 271. 268. 267. 267. 270. 274. 262. 270.
  265. 270. 255. 250. 253. 249. 248. 245. 251. 251. 255. 253.]
 [750. 750. 750. 750. 750. 750. 750. 750. 750. 750. 750. 750. 750. 750.
  750. 750. 750. 750. 750. 750. 750. 750. 750. 750. 750. 750. 750. 750.
  750. 750. 700. 700. 700. 700. 700. 700. 700. 700. 700. 700.]
 [514. 575. 580. 592. 589. 598. 593. 594. 595. 599. 586. 596. 590. 590.
  581. 588. 585. 589. 591. 586. 585. 582. 584. 590. 586. 586. 583. 590.
  586. 587. 551. 545. 548. 545. 542. 549. 549. 545. 553. 541.]
 [512. 554. 575. 581. 588. 582. 592. 590. 590. 586. 584. 585. 590. 585.
  594. 591. 596. 590. 588. 592. 587. 587. 596. 599. 585. 597. 594. 588.
  588. 594. 552. 558. 548. 551. 554. 546. 545. 544. 552. 549.]]
##############################
[[203. 239. 259. 260. 268. 267. 262. 267. 269. 265. 281. 269. 276. 268.
  269. 266. 265. 272. 273. 268. 271. 268. 267. 267. 270. 274. 262. 270.
  265. 270. 271. 250. 253. 249. 248. 245. 251. 251. 255. 253.]
 [750. 750. 750. 750. 750. 750. 750. 750. 750. 750. 750. 750. 750. 750.
  750. 750. 750. 750. 750. 750. 750. 750. 750. 750. 750. 750. 750. 750.
  750. 750. 750. 700. 700. 700. 700. 700. 700. 700. 700. 700.]
 [514. 575. 580. 592. 589. 598. 593. 594. 595. 599. 586. 596. 590. 590.
  581. 588. 585. 589. 591. 586. 585. 582. 584. 590. 586. 586. 583. 590.
  586. 587. 588. 545. 548. 545. 542. 549. 549. 545. 553. 541.]
 [512. 554. 575. 581. 588. 582. 592. 590. 590. 586. 584. 585. 590. 585.
  594. 591. 596. 590. 588. 592. 587. 587. 596. 599. 585. 597. 594. 588.
  588. 594. 593. 558. 548. 551. 554. 546. 545. 544. 552. 549.]]
##############################
[[203. 239. 259. 260. 268. 267. 262. 267. 269. 265. 281. 269. 276. 268.
  269. 266. 265. 272. 273. 268. 271. 268. 267. 267. 270. 274. 262. 270.
  265. 270. 271. 267. 253. 249. 248. 245. 251. 251. 255. 253.]
 [750. 750. 750. 750. 750. 750. 750. 750. 750. 750. 750. 750. 750. 750.
  750. 750. 750. 750. 750. 750. 750. 750. 750. 750. 750. 750. 750. 750.
  750. 750. 750. 750. 700. 700. 700. 700. 700. 700. 700. 700.]
 [514. 575. 580. 592. 589. 598. 593. 594. 595. 599. 586. 596. 590. 590.
  581. 588. 585. 589. 591. 586. 585. 582. 584. 590. 586. 586. 583. 590.
  586. 587. 588. 584. 548. 545. 542. 549. 549. 545. 553. 541.]
 [512. 554. 575. 581. 588. 582. 592. 590. 590. 586. 584. 585. 590. 585.
  594. 591. 596. 590. 588. 592. 587. 587. 596. 599. 585. 597. 594. 588.
  588. 594. 593. 600. 548. 551. 554. 546. 545. 544. 552. 549.]]
##############################
[[203. 239. 259. 260. 268. 267. 262. 267. 269. 265. 281. 269. 276. 268.
  269. 266. 265. 272. 273. 268. 271. 268. 267. 267. 270. 274. 262. 270.
  265. 270. 271. 267. 270. 249. 248. 245. 251. 251. 255. 253.]
 [750. 750. 750. 750. 750. 750. 750. 750. 750. 750. 750. 750. 750. 750.
  750. 750. 750. 750. 750. 750. 750. 750. 750. 750. 750. 750. 750. 750.
  750. 750. 750. 750. 750. 700. 700. 700. 700. 700. 700. 700.]
 [514. 575. 580. 592. 589. 598. 593. 594. 595. 599. 586. 596. 590. 590.
  581. 588. 585. 589. 591. 586. 585. 582. 584. 590. 586. 586. 583. 590.
  586. 587. 588. 584. 586. 545. 542. 549. 549. 545. 553. 541.]
 [512. 554. 575. 581. 588. 582. 592. 590. 590. 586. 584. 585. 590. 585.
  594. 591. 596. 590. 588. 592. 587. 587. 596. 599. 585. 597. 594. 588.
  588. 594. 593. 600. 590. 551. 554. 546. 545. 544. 552. 549.]]
##############################
[[203. 239. 259. 260. 268. 267. 262. 267. 269. 265. 281. 269. 276. 268.
  269. 266. 265. 272. 273. 268. 271. 268. 267. 267. 270. 274. 262. 270.
  265. 270. 271. 267. 270. 263. 248. 245. 251. 251. 255. 253.]
 [750. 750. 750. 750. 750. 750. 750. 750. 750. 750. 750. 750. 750. 750.
  750. 750. 750. 750. 750. 750. 750. 750. 750. 750. 750. 750. 750. 750.
  750. 750. 750. 750. 750. 750. 700. 700. 700. 700. 700. 700.]
 [514. 575. 580. 592. 589. 598. 593. 594. 595. 599. 586. 596. 590. 590.
  581. 588. 585. 589. 591. 586. 585. 582. 584. 590. 586. 586. 583. 590.
  586. 587. 588. 584. 586. 583. 542. 549. 549. 545. 553. 541.]
 [512. 554. 575. 581. 588. 582. 592. 590. 590. 586. 584. 585. 590. 585.
  594. 591. 596. 590. 588. 592. 587. 587. 596. 599. 585. 597. 594. 588.
  588. 594. 593. 600. 590. 593. 554. 546. 545. 544. 552. 549.]]
##############################
[[203. 239. 259. 260. 268. 267. 262. 267. 269. 265. 281. 269. 276. 268.
  269. 266. 265. 272. 273. 268. 271. 268. 267. 267. 270. 274. 262. 270.
  265. 270. 271. 267. 270. 263. 265. 245. 251. 251. 255. 253.]
 [750. 750. 750. 750. 750. 750. 750. 750. 750. 750. 750. 750. 750. 750.
  750. 750. 750. 750. 750. 750. 750. 750. 750. 750. 750. 750. 750. 750.
  750. 750. 750. 750. 750. 750. 750. 700. 700. 700. 700. 700.]
 [514. 575. 580. 592. 589. 598. 593. 594. 595. 599. 586. 596. 590. 590.
  581. 588. 585. 589. 591. 586. 585. 582. 584. 590. 586. 586. 583. 590.
  586. 587. 588. 584. 586. 583. 580. 549. 549. 545. 553. 541.]
 [512. 554. 575. 581. 588. 582. 592. 590. 590. 586. 584. 585. 590. 585.
  594. 591. 596. 590. 588. 592. 587. 587. 596. 599. 585. 597. 594. 588.
  588. 594. 593. 600. 590. 593. 595. 546. 545. 544. 552. 549.]]
##############################
[[203. 239. 259. 260. 268. 267. 262. 267. 269. 265. 281. 269. 276. 268.
  269. 266. 265. 272. 273. 268. 271. 268. 267. 267. 270. 274. 262. 270.
  265. 270. 271. 267. 270. 263. 265. 261. 251. 251. 255. 253.]
 [750. 750. 750. 750. 750. 750. 750. 750. 750. 750. 750. 750. 750. 750.
  750. 750. 750. 750. 750. 750. 750. 750. 750. 750. 750. 750. 750. 750.
  750. 750. 750. 750. 750. 750. 750. 750. 700. 700. 700. 700.]
 [514. 575. 580. 592. 589. 598. 593. 594. 595. 599. 586. 596. 590. 590.
  581. 588. 585. 589. 591. 586. 585. 582. 584. 590. 586. 586. 583. 590.
  586. 587. 588. 584. 586. 583. 580. 587. 549. 545. 553. 541.]
 [512. 554. 575. 581. 588. 582. 592. 590. 590. 586. 584. 585. 590. 585.
  594. 591. 596. 590. 588. 592. 587. 587. 596. 599. 585. 597. 594. 588.
  588. 594. 593. 600. 590. 593. 595. 587. 545. 544. 552. 549.]]
##############################
[[203. 239. 259. 260. 268. 267. 262. 267. 269. 265. 281. 269. 276. 268.
  269. 266. 265. 272. 273. 268. 271. 268. 267. 267. 270. 274. 262. 270.
  265. 270. 271. 267. 270. 263. 265. 261. 268. 251. 255. 253.]
 [750. 750. 750. 750. 750. 750. 750. 750. 750. 750. 750. 750. 750. 750.
  750. 750. 750. 750. 750. 750. 750. 750. 750. 750. 750. 750. 750. 750.
  750. 750. 750. 750. 750. 750. 750. 750. 750. 700. 700. 700.]
 [514. 575. 580. 592. 589. 598. 593. 594. 595. 599. 586. 596. 590. 590.
  581. 588. 585. 589. 591. 586. 585. 582. 584. 590. 586. 586. 583. 590.
  586. 587. 588. 584. 586. 583. 580. 587. 587. 545. 553. 541.]
 [512. 554. 575. 581. 588. 582. 592. 590. 590. 586. 584. 585. 590. 585.
  594. 591. 596. 590. 588. 592. 587. 587. 596. 599. 585. 597. 594. 588.
  588. 594. 593. 600. 590. 593. 595. 587. 586. 544. 552. 549.]]
##############################
[[203. 239. 259. 260. 268. 267. 262. 267. 269. 265. 281. 269. 276. 268.
  269. 266. 265. 272. 273. 268. 271. 268. 267. 267. 270. 274. 262. 270.
  265. 270. 271. 267. 270. 263. 265. 261. 268. 267. 255. 253.]
 [750. 750. 750. 750. 750. 750. 750. 750. 750. 750. 750. 750. 750. 750.
  750. 750. 750. 750. 750. 750. 750. 750. 750. 750. 750. 750. 750. 750.
  750. 750. 750. 750. 750. 750. 750. 750. 750. 750. 700. 700.]
 [514. 575. 580. 592. 589. 598. 593. 594. 595. 599. 586. 596. 590. 590.
  581. 588. 585. 589. 591. 586. 585. 582. 584. 590. 586. 586. 583. 590.
  586. 587. 588. 584. 586. 583. 580. 587. 587. 583. 553. 541.]
 [512. 554. 575. 581. 588. 582. 592. 590. 590. 586. 584. 585. 590. 585.
  594. 591. 596. 590. 588. 592. 587. 587. 596. 599. 585. 597. 594. 588.
  588. 594. 593. 600. 590. 593. 595. 587. 586. 586. 552. 549.]]
##############################
[[203. 239. 259. 260. 268. 267. 262. 267. 269. 265. 281. 269. 276. 268.
  269. 266. 265. 272. 273. 268. 271. 268. 267. 267. 270. 274. 262. 270.
  265. 270. 271. 267. 270. 263. 265. 261. 268. 267. 270. 253.]
 [750. 750. 750. 750. 750. 750. 750. 750. 750. 750. 750. 750. 750. 750.
  750. 750. 750. 750. 750. 750. 750. 750. 750. 750. 750. 750. 750. 750.
  750. 750. 750. 750. 750. 750. 750. 750. 750. 750. 750. 700.]
 [514. 575. 580. 592. 589. 598. 593. 594. 595. 599. 586. 596. 590. 590.
  581. 588. 585. 589. 591. 586. 585. 582. 584. 590. 586. 586. 583. 590.
  586. 587. 588. 584. 586. 583. 580. 587. 587. 583. 591. 541.]
 [512. 554. 575. 581. 588. 582. 592. 590. 590. 586. 584. 585. 590. 585.
  594. 591. 596. 590. 588. 592. 587. 587. 596. 599. 585. 597. 594. 588.
  588. 594. 593. 600. 590. 593. 595. 587. 586. 586. 592. 549.]]
##############################
[[203. 239. 259. 260. 268. 267. 262. 267. 269. 265. 281. 269. 276. 268.
  269. 266. 265. 272. 273. 268. 271. 268. 267. 267. 270. 274. 262. 270.
  265. 270. 271. 267. 270. 263. 265. 261. 268. 267. 270. 268.]
 [750. 750. 750. 750. 750. 750. 750. 750. 750. 750. 750. 750. 750. 750.
  750. 750. 750. 750. 750. 750. 750. 750. 750. 750. 750. 750. 750. 750.
  750. 750. 750. 750. 750. 750. 750. 750. 750. 750. 750. 750.]
 [514. 575. 580. 592. 589. 598. 593. 594. 595. 599. 586. 596. 590. 590.
  581. 588. 585. 589. 591. 586. 585. 582. 584. 590. 586. 586. 583. 590.
  586. 587. 588. 584. 586. 583. 580. 587. 587. 583. 591. 579.]
 [512. 554. 575. 581. 588. 582. 592. 590. 590. 586. 584. 585. 590. 585.
  594. 591. 596. 590. 588. 592. 587. 587. 596. 599. 585. 597. 594. 588.
  588. 594. 593. 600. 590. 593. 595. 587. 586. 586. 592. 590.]]
##############################
##################################################
##################################################
starting :16 batch
[[218. 239. 259. 260. 268. 267. 262. 267. 269. 265. 281. 269. 276. 268.
  269. 266. 265. 272. 273. 268. 271. 268. 267. 267. 270. 274. 262. 270.
  265. 270. 271. 267. 270. 263. 265. 261. 268. 267. 270. 268.]
 [800. 750. 750. 750. 750. 750. 750. 750. 750. 750. 750. 750. 750. 750.
  750. 750. 750. 750. 750. 750. 750. 750. 750. 750. 750. 750. 750. 750.
  750. 750. 750. 750. 750. 750. 750. 750. 750. 750. 750. 750.]
 [549. 575. 580. 592. 589. 598. 593. 594. 595. 599. 586. 596. 590. 590.
  581. 588. 585. 589. 591. 586. 585. 582. 584. 590. 586. 586. 583. 590.
  586. 587. 588. 584. 586. 583. 580. 587. 587. 583. 591. 579.]
 [549. 554. 575. 581. 588. 582. 592. 590. 590. 586. 584. 585. 590. 585.
  594. 591. 596. 590. 588. 592. 587. 587. 596. 599. 585. 597. 594. 588.
  588. 594. 593. 600. 590. 593. 595. 587. 586. 586. 592. 590.]]
##############################
[[218. 256. 259. 260. 268. 267. 262. 267. 269. 265. 281. 269. 276. 268.
  269. 266. 265. 272. 273. 268. 271. 268. 267. 267. 270. 274. 262. 270.
  265. 270. 271. 267. 270. 263. 265. 261. 268. 267. 270. 268.]
 [800. 800. 750. 750. 750. 750. 750. 750. 750. 750. 750. 750. 750. 750.
  750. 750. 750. 750. 750. 750. 750. 750. 750. 750. 750. 750. 750. 750.
  750. 750. 750. 750. 750. 750. 750. 750. 750. 750. 750. 750.]
 [549. 613. 580. 592. 589. 598. 593. 594. 595. 599. 586. 596. 590. 590.
  581. 588. 585. 589. 591. 586. 585. 582. 584. 590. 586. 586. 583. 590.
  586. 587. 588. 584. 586. 583. 580. 587. 587. 583. 591. 579.]
 [549. 592. 575. 581. 588. 582. 592. 590. 590. 586. 584. 585. 590. 585.
  594. 591. 596. 590. 588. 592. 587. 587. 596. 599. 585. 597. 594. 588.
  588. 594. 593. 600. 590. 593. 595. 587. 586. 586. 592. 590.]]
##############################
[[218. 256. 279. 260. 268. 267. 262. 267. 269. 265. 281. 269. 276. 268.
  269. 266. 265. 272. 273. 268. 271. 268. 267. 267. 270. 274. 262. 270.
  265. 270. 271. 267. 270. 263. 265. 261. 268. 267. 270. 268.]
 [800. 800. 800. 750. 750. 750. 750. 750. 750. 750. 750. 750. 750. 750.
  750. 750. 750. 750. 750. 750. 750. 750. 750. 750. 750. 750. 750. 750.
  750. 750. 750. 750. 750. 750. 750. 750. 750. 750. 750. 750.]
 [549. 613. 617. 592. 589. 598. 593. 594. 595. 599. 586. 596. 590. 590.
  581. 588. 585. 589. 591. 586. 585. 582. 584. 590. 586. 586. 583. 590.
  586. 587. 588. 584. 586. 583. 580. 587. 587. 583. 591. 579.]
 [549. 592. 612. 581. 588. 582. 592. 590. 590. 586. 584. 585. 590. 585.
  594. 591. 596. 590. 588. 592. 587. 587. 596. 599. 585. 597. 594. 588.
  588. 594. 593. 600. 590. 593. 595. 587. 586. 586. 592. 590.]]
##############################
[[218. 256. 279. 281. 268. 267. 262. 267. 269. 265. 281. 269. 276. 268.
  269. 266. 265. 272. 273. 268. 271. 268. 267. 267. 270. 274. 262. 270.
  265. 270. 271. 267. 270. 263. 265. 261. 268. 267. 270. 268.]
 [800. 800. 800. 800. 750. 750. 750. 750. 750. 750. 750. 750. 750. 750.
  750. 750. 750. 750. 750. 750. 750. 750. 750. 750. 750. 750. 750. 750.
  750. 750. 750. 750. 750. 750. 750. 750. 750. 750. 750. 750.]
 [549. 613. 617. 631. 589. 598. 593. 594. 595. 599. 586. 596. 590. 590.
  581. 588. 585. 589. 591. 586. 585. 582. 584. 590. 586. 586. 583. 590.
  586. 587. 588. 584. 586. 583. 580. 587. 587. 583. 591. 579.]
 [549. 592. 612. 619. 588. 582. 592. 590. 590. 586. 584. 585. 590. 585.
  594. 591. 596. 590. 588. 592. 587. 587. 596. 599. 585. 597. 594. 588.
  588. 594. 593. 600. 590. 593. 595. 587. 586. 586. 592. 590.]]
##############################
[[218. 256. 279. 281. 288. 267. 262. 267. 269. 265. 281. 269. 276. 268.
  269. 266. 265. 272. 273. 268. 271. 268. 267. 267. 270. 274. 262. 270.
  265. 270. 271. 267. 270. 263. 265. 261. 268. 267. 270. 268.]
 [800. 800. 800. 800. 800. 750. 750. 750. 750. 750. 750. 750. 750. 750.
  750. 750. 750. 750. 750. 750. 750. 750. 750. 750. 750. 750. 750. 750.
  750. 750. 750. 750. 750. 750. 750. 750. 750. 750. 750. 750.]
 [549. 613. 617. 631. 627. 598. 593. 594. 595. 599. 586. 596. 590. 590.
  581. 588. 585. 589. 591. 586. 585. 582. 584. 590. 586. 586. 583. 590.
  586. 587. 588. 584. 586. 583. 580. 587. 587. 583. 591. 579.]
 [549. 592. 612. 619. 626. 582. 592. 590. 590. 586. 584. 585. 590. 585.
  594. 591. 596. 590. 588. 592. 587. 587. 596. 599. 585. 597. 594. 588.
  588. 594. 593. 600. 590. 593. 595. 587. 586. 586. 592. 590.]]
##############################
[[218. 256. 279. 281. 288. 288. 262. 267. 269. 265. 281. 269. 276. 268.
  269. 266. 265. 272. 273. 268. 271. 268. 267. 267. 270. 274. 262. 270.
  265. 270. 271. 267. 270. 263. 265. 261. 268. 267. 270. 268.]
 [800. 800. 800. 800. 800. 800. 750. 750. 750. 750. 750. 750. 750. 750.
  750. 750. 750. 750. 750. 750. 750. 750. 750. 750. 750. 750. 750. 750.
  750. 750. 750. 750. 750. 750. 750. 750. 750. 750. 750. 750.]
 [549. 613. 617. 631. 627. 636. 593. 594. 595. 599. 586. 596. 590. 590.
  581. 588. 585. 589. 591. 586. 585. 582. 584. 590. 586. 586. 583. 590.
  586. 587. 588. 584. 586. 583. 580. 587. 587. 583. 591. 579.]
 [549. 592. 612. 619. 626. 621. 592. 590. 590. 586. 584. 585. 590. 585.
  594. 591. 596. 590. 588. 592. 587. 587. 596. 599. 585. 597. 594. 588.
  588. 594. 593. 600. 590. 593. 595. 587. 586. 586. 592. 590.]]
##############################
[[218. 256. 279. 281. 288. 288. 283. 267. 269. 265. 281. 269. 276. 268.
  269. 266. 265. 272. 273. 268. 271. 268. 267. 267. 270. 274. 262. 270.
  265. 270. 271. 267. 270. 263. 265. 261. 268. 267. 270. 268.]
 [800. 800. 800. 800. 800. 800. 800. 750. 750. 750. 750. 750. 750. 750.
  750. 750. 750. 750. 750. 750. 750. 750. 750. 750. 750. 750. 750. 750.
  750. 750. 750. 750. 750. 750. 750. 750. 750. 750. 750. 750.]
 [549. 613. 617. 631. 627. 636. 632. 594. 595. 599. 586. 596. 590. 590.
  581. 588. 585. 589. 591. 586. 585. 582. 584. 590. 586. 586. 583. 590.
  586. 587. 588. 584. 586. 583. 580. 587. 587. 583. 591. 579.]
 [549. 592. 612. 619. 626. 621. 631. 590. 590. 586. 584. 585. 590. 585.
  594. 591. 596. 590. 588. 592. 587. 587. 596. 599. 585. 597. 594. 588.
  588. 594. 593. 600. 590. 593. 595. 587. 586. 586. 592. 590.]]
##############################
[[218. 256. 279. 281. 288. 288. 283. 287. 269. 265. 281. 269. 276. 268.
  269. 266. 265. 272. 273. 268. 271. 268. 267. 267. 270. 274. 262. 270.
  265. 270. 271. 267. 270. 263. 265. 261. 268. 267. 270. 268.]
 [800. 800. 800. 800. 800. 800. 800. 800. 750. 750. 750. 750. 750. 750.
  750. 750. 750. 750. 750. 750. 750. 750. 750. 750. 750. 750. 750. 750.
  750. 750. 750. 750. 750. 750. 750. 750. 750. 750. 750. 750.]
 [549. 613. 617. 631. 627. 636. 632. 633. 595. 599. 586. 596. 590. 590.
  581. 588. 585. 589. 591. 586. 585. 582. 584. 590. 586. 586. 583. 590.
  586. 587. 588. 584. 586. 583. 580. 587. 587. 583. 591. 579.]
 [549. 592. 612. 619. 626. 621. 631. 629. 590. 586. 584. 585. 590. 585.
  594. 591. 596. 590. 588. 592. 587. 587. 596. 599. 585. 597. 594. 588.
  588. 594. 593. 600. 590. 593. 595. 587. 586. 586. 592. 590.]]
##############################
[[218. 256. 279. 281. 288. 288. 283. 287. 290. 265. 281. 269. 276. 268.
  269. 266. 265. 272. 273. 268. 271. 268. 267. 267. 270. 274. 262. 270.
  265. 270. 271. 267. 270. 263. 265. 261. 268. 267. 270. 268.]
 [800. 800. 800. 800. 800. 800. 800. 800. 800. 750. 750. 750. 750. 750.
  750. 750. 750. 750. 750. 750. 750. 750. 750. 750. 750. 750. 750. 750.
  750. 750. 750. 750. 750. 750. 750. 750. 750. 750. 750. 750.]
 [549. 613. 617. 631. 627. 636. 632. 633. 635. 599. 586. 596. 590. 590.
  581. 588. 585. 589. 591. 586. 585. 582. 584. 590. 586. 586. 583. 590.
  586. 587. 588. 584. 586. 583. 580. 587. 587. 583. 591. 579.]
 [549. 592. 612. 619. 626. 621. 631. 629. 630. 586. 584. 585. 590. 585.
  594. 591. 596. 590. 588. 592. 587. 587. 596. 599. 585. 597. 594. 588.
  588. 594. 593. 600. 590. 593. 595. 587. 586. 586. 592. 590.]]
##############################
[[218. 256. 279. 281. 288. 288. 283. 287. 290. 287. 281. 269. 276. 268.
  269. 266. 265. 272. 273. 268. 271. 268. 267. 267. 270. 274. 262. 270.
  265. 270. 271. 267. 270. 263. 265. 261. 268. 267. 270. 268.]
 [800. 800. 800. 800. 800. 800. 800. 800. 800. 800. 750. 750. 750. 750.
  750. 750. 750. 750. 750. 750. 750. 750. 750. 750. 750. 750. 750. 750.
  750. 750. 750. 750. 750. 750. 750. 750. 750. 750. 750. 750.]
 [549. 613. 617. 631. 627. 636. 632. 633. 635. 640. 586. 596. 590. 590.
  581. 588. 585. 589. 591. 586. 585. 582. 584. 590. 586. 586. 583. 590.
  586. 587. 588. 584. 586. 583. 580. 587. 587. 583. 591. 579.]
 [549. 592. 612. 619. 626. 621. 631. 629. 630. 626. 584. 585. 590. 585.
  594. 591. 596. 590. 588. 592. 587. 587. 596. 599. 585. 597. 594. 588.
  588. 594. 593. 600. 590. 593. 595. 587. 586. 586. 592. 590.]]
##############################
[[218. 256. 279. 281. 288. 288. 283. 287. 290. 287. 302. 269. 276. 268.
  269. 266. 265. 272. 273. 268. 271. 268. 267. 267. 270. 274. 262. 270.
  265. 270. 271. 267. 270. 263. 265. 261. 268. 267. 270. 268.]
 [800. 800. 800. 800. 800. 800. 800. 800. 800. 800. 800. 750. 750. 750.
  750. 750. 750. 750. 750. 750. 750. 750. 750. 750. 750. 750. 750. 750.
  750. 750. 750. 750. 750. 750. 750. 750. 750. 750. 750. 750.]
 [549. 613. 617. 631. 627. 636. 632. 633. 635. 640. 626. 596. 590. 590.
  581. 588. 585. 589. 591. 586. 585. 582. 584. 590. 586. 586. 583. 590.
  586. 587. 588. 584. 586. 583. 580. 587. 587. 583. 591. 579.]
 [549. 592. 612. 619. 626. 621. 631. 629. 630. 626. 625. 585. 590. 585.
  594. 591. 596. 590. 588. 592. 587. 587. 596. 599. 585. 597. 594. 588.
  588. 594. 593. 600. 590. 593. 595. 587. 586. 586. 592. 590.]]
##############################
[[218. 256. 279. 281. 288. 288. 283. 287. 290. 287. 302. 291. 276. 268.
  269. 266. 265. 272. 273. 268. 271. 268. 267. 267. 270. 274. 262. 270.
  265. 270. 271. 267. 270. 263. 265. 261. 268. 267. 270. 268.]
 [800. 800. 800. 800. 800. 800. 800. 800. 800. 800. 800. 800. 750. 750.
  750. 750. 750. 750. 750. 750. 750. 750. 750. 750. 750. 750. 750. 750.
  750. 750. 750. 750. 750. 750. 750. 750. 750. 750. 750. 750.]
 [549. 613. 617. 631. 627. 636. 632. 633. 635. 640. 626. 636. 590. 590.
  581. 588. 585. 589. 591. 586. 585. 582. 584. 590. 586. 586. 583. 590.
  586. 587. 588. 584. 586. 583. 580. 587. 587. 583. 591. 579.]
 [549. 592. 612. 619. 626. 621. 631. 629. 630. 626. 625. 625. 590. 585.
  594. 591. 596. 590. 588. 592. 587. 587. 596. 599. 585. 597. 594. 588.
  588. 594. 593. 600. 590. 593. 595. 587. 586. 586. 592. 590.]]
##############################
[[218. 256. 279. 281. 288. 288. 283. 287. 290. 287. 302. 291. 297. 268.
  269. 266. 265. 272. 273. 268. 271. 268. 267. 267. 270. 274. 262. 270.
  265. 270. 271. 267. 270. 263. 265. 261. 268. 267. 270. 268.]
 [800. 800. 800. 800. 800. 800. 800. 800. 800. 800. 800. 800. 800. 750.
  750. 750. 750. 750. 750. 750. 750. 750. 750. 750. 750. 750. 750. 750.
  750. 750. 750. 750. 750. 750. 750. 750. 750. 750. 750. 750.]
 [549. 613. 617. 631. 627. 636. 632. 633. 635. 640. 626. 636. 630. 590.
  581. 588. 585. 589. 591. 586. 585. 582. 584. 590. 586. 586. 583. 590.
  586. 587. 588. 584. 586. 583. 580. 587. 587. 583. 591. 579.]
 [549. 592. 612. 619. 626. 621. 631. 629. 630. 626. 625. 625. 629. 585.
  594. 591. 596. 590. 588. 592. 587. 587. 596. 599. 585. 597. 594. 588.
  588. 594. 593. 600. 590. 593. 595. 587. 586. 586. 592. 590.]]
##############################
[[218. 256. 279. 281. 288. 288. 283. 287. 290. 287. 302. 291. 297. 289.
  269. 266. 265. 272. 273. 268. 271. 268. 267. 267. 270. 274. 262. 270.
  265. 270. 271. 267. 270. 263. 265. 261. 268. 267. 270. 268.]
 [800. 800. 800. 800. 800. 800. 800. 800. 800. 800. 800. 800. 800. 800.
  750. 750. 750. 750. 750. 750. 750. 750. 750. 750. 750. 750. 750. 750.
  750. 750. 750. 750. 750. 750. 750. 750. 750. 750. 750. 750.]
 [549. 613. 617. 631. 627. 636. 632. 633. 635. 640. 626. 636. 630. 629.
  581. 588. 585. 589. 591. 586. 585. 582. 584. 590. 586. 586. 583. 590.
  586. 587. 588. 584. 586. 583. 580. 587. 587. 583. 591. 579.]
 [549. 592. 612. 619. 626. 621. 631. 629. 630. 626. 625. 625. 629. 624.
  594. 591. 596. 590. 588. 592. 587. 587. 596. 599. 585. 597. 594. 588.
  588. 594. 593. 600. 590. 593. 595. 587. 586. 586. 592. 590.]]
##############################
[[218. 256. 279. 281. 288. 288. 283. 287. 290. 287. 302. 291. 297. 289.
  292. 266. 265. 272. 273. 268. 271. 268. 267. 267. 270. 274. 262. 270.
  265. 270. 271. 267. 270. 263. 265. 261. 268. 267. 270. 268.]
 [800. 800. 800. 800. 800. 800. 800. 800. 800. 800. 800. 800. 800. 800.
  800. 750. 750. 750. 750. 750. 750. 750. 750. 750. 750. 750. 750. 750.
  750. 750. 750. 750. 750. 750. 750. 750. 750. 750. 750. 750.]
 [549. 613. 617. 631. 627. 636. 632. 633. 635. 640. 626. 636. 630. 629.
  621. 588. 585. 589. 591. 586. 585. 582. 584. 590. 586. 586. 583. 590.
  586. 587. 588. 584. 586. 583. 580. 587. 587. 583. 591. 579.]
 [549. 592. 612. 619. 626. 621. 631. 629. 630. 626. 625. 625. 629. 624.
  632. 591. 596. 590. 588. 592. 587. 587. 596. 599. 585. 597. 594. 588.
  588. 594. 593. 600. 590. 593. 595. 587. 586. 586. 592. 590.]]
##############################
[[218. 256. 279. 281. 288. 288. 283. 287. 290. 287. 302. 291. 297. 289.
  292. 288. 265. 272. 273. 268. 271. 268. 267. 267. 270. 274. 262. 270.
  265. 270. 271. 267. 270. 263. 265. 261. 268. 267. 270. 268.]
 [800. 800. 800. 800. 800. 800. 800. 800. 800. 800. 800. 800. 800. 800.
  800. 800. 750. 750. 750. 750. 750. 750. 750. 750. 750. 750. 750. 750.
  750. 750. 750. 750. 750. 750. 750. 750. 750. 750. 750. 750.]
 [549. 613. 617. 631. 627. 636. 632. 633. 635. 640. 626. 636. 630. 629.
  621. 628. 585. 589. 591. 586. 585. 582. 584. 590. 586. 586. 583. 590.
  586. 587. 588. 584. 586. 583. 580. 587. 587. 583. 591. 579.]
 [549. 592. 612. 619. 626. 621. 631. 629. 630. 626. 625. 625. 629. 624.
  632. 629. 596. 590. 588. 592. 587. 587. 596. 599. 585. 597. 594. 588.
  588. 594. 593. 600. 590. 593. 595. 587. 586. 586. 592. 590.]]
##############################
[[218. 256. 279. 281. 288. 288. 283. 287. 290. 287. 302. 291. 297. 289.
  292. 288. 285. 272. 273. 268. 271. 268. 267. 267. 270. 274. 262. 270.
  265. 270. 271. 267. 270. 263. 265. 261. 268. 267. 270. 268.]
 [800. 800. 800. 800. 800. 800. 800. 800. 800. 800. 800. 800. 800. 800.
  800. 800. 800. 750. 750. 750. 750. 750. 750. 750. 750. 750. 750. 750.
  750. 750. 750. 750. 750. 750. 750. 750. 750. 750. 750. 750.]
 [549. 613. 617. 631. 627. 636. 632. 633. 635. 640. 626. 636. 630. 629.
  621. 628. 624. 589. 591. 586. 585. 582. 584. 590. 586. 586. 583. 590.
  586. 587. 588. 584. 586. 583. 580. 587. 587. 583. 591. 579.]
 [549. 592. 612. 619. 626. 621. 631. 629. 630. 626. 625. 625. 629. 624.
  632. 629. 636. 590. 588. 592. 587. 587. 596. 599. 585. 597. 594. 588.
  588. 594. 593. 600. 590. 593. 595. 587. 586. 586. 592. 590.]]
##############################
[[218. 256. 279. 281. 288. 288. 283. 287. 290. 287. 302. 291. 297. 289.
  292. 288. 285. 294. 273. 268. 271. 268. 267. 267. 270. 274. 262. 270.
  265. 270. 271. 267. 270. 263. 265. 261. 268. 267. 270. 268.]
 [800. 800. 800. 800. 800. 800. 800. 800. 800. 800. 800. 800. 800. 800.
  800. 800. 800. 800. 750. 750. 750. 750. 750. 750. 750. 750. 750. 750.
  750. 750. 750. 750. 750. 750. 750. 750. 750. 750. 750. 750.]
 [549. 613. 617. 631. 627. 636. 632. 633. 635. 640. 626. 636. 630. 629.
  621. 628. 624. 628. 591. 586. 585. 582. 584. 590. 586. 586. 583. 590.
  586. 587. 588. 584. 586. 583. 580. 587. 587. 583. 591. 579.]
 [549. 592. 612. 619. 626. 621. 631. 629. 630. 626. 625. 625. 629. 624.
  632. 629. 636. 629. 588. 592. 587. 587. 596. 599. 585. 597. 594. 588.
  588. 594. 593. 600. 590. 593. 595. 587. 586. 586. 592. 590.]]
##############################
[[218. 256. 279. 281. 288. 288. 283. 287. 290. 287. 302. 291. 297. 289.
  292. 288. 285. 294. 295. 268. 271. 268. 267. 267. 270. 274. 262. 270.
  265. 270. 271. 267. 270. 263. 265. 261. 268. 267. 270. 268.]
 [800. 800. 800. 800. 800. 800. 800. 800. 800. 800. 800. 800. 800. 800.
  800. 800. 800. 800. 800. 750. 750. 750. 750. 750. 750. 750. 750. 750.
  750. 750. 750. 750. 750. 750. 750. 750. 750. 750. 750. 750.]
 [549. 613. 617. 631. 627. 636. 632. 633. 635. 640. 626. 636. 630. 629.
  621. 628. 624. 628. 630. 586. 585. 582. 584. 590. 586. 586. 583. 590.
  586. 587. 588. 584. 586. 583. 580. 587. 587. 583. 591. 579.]
 [549. 592. 612. 619. 626. 621. 631. 629. 630. 626. 625. 625. 629. 624.
  632. 629. 636. 629. 626. 592. 587. 587. 596. 599. 585. 597. 594. 588.
  588. 594. 593. 600. 590. 593. 595. 587. 586. 586. 592. 590.]]
##############################
[[218. 256. 279. 281. 288. 288. 283. 287. 290. 287. 302. 291. 297. 289.
  292. 288. 285. 294. 295. 290. 271. 268. 267. 267. 270. 274. 262. 270.
  265. 270. 271. 267. 270. 263. 265. 261. 268. 267. 270. 268.]
 [800. 800. 800. 800. 800. 800. 800. 800. 800. 800. 800. 800. 800. 800.
  800. 800. 800. 800. 800. 800. 750. 750. 750. 750. 750. 750. 750. 750.
  750. 750. 750. 750. 750. 750. 750. 750. 750. 750. 750. 750.]
 [549. 613. 617. 631. 627. 636. 632. 633. 635. 640. 626. 636. 630. 629.
  621. 628. 624. 628. 630. 625. 585. 582. 584. 590. 586. 586. 583. 590.
  586. 587. 588. 584. 586. 583. 580. 587. 587. 583. 591. 579.]
 [549. 592. 612. 619. 626. 621. 631. 629. 630. 626. 625. 625. 629. 624.
  632. 629. 636. 629. 626. 630. 587. 587. 596. 599. 585. 597. 594. 588.
  588. 594. 593. 600. 590. 593. 595. 587. 586. 586. 592. 590.]]
##############################
[[218. 256. 279. 281. 288. 288. 283. 287. 290. 287. 302. 291. 297. 289.
  292. 288. 285. 294. 295. 290. 292. 268. 267. 267. 270. 274. 262. 270.
  265. 270. 271. 267. 270. 263. 265. 261. 268. 267. 270. 268.]
 [800. 800. 800. 800. 800. 800. 800. 800. 800. 800. 800. 800. 800. 800.
  800. 800. 800. 800. 800. 800. 800. 750. 750. 750. 750. 750. 750. 750.
  750. 750. 750. 750. 750. 750. 750. 750. 750. 750. 750. 750.]
 [549. 613. 617. 631. 627. 636. 632. 633. 635. 640. 626. 636. 630. 629.
  621. 628. 624. 628. 630. 625. 624. 582. 584. 590. 586. 586. 583. 590.
  586. 587. 588. 584. 586. 583. 580. 587. 587. 583. 591. 579.]
 [549. 592. 612. 619. 626. 621. 631. 629. 630. 626. 625. 625. 629. 624.
  632. 629. 636. 629. 626. 630. 626. 587. 596. 599. 585. 597. 594. 588.
  588. 594. 593. 600. 590. 593. 595. 587. 586. 586. 592. 590.]]
##############################
[[218. 256. 279. 281. 288. 288. 283. 287. 290. 287. 302. 291. 297. 289.
  292. 288. 285. 294. 295. 290. 292. 291. 267. 267. 270. 274. 262. 270.
  265. 270. 271. 267. 270. 263. 265. 261. 268. 267. 270. 268.]
 [800. 800. 800. 800. 800. 800. 800. 800. 800. 800. 800. 800. 800. 800.
  800. 800. 800. 800. 800. 800. 800. 800. 750. 750. 750. 750. 750. 750.
  750. 750. 750. 750. 750. 750. 750. 750. 750. 750. 750. 750.]
 [549. 613. 617. 631. 627. 636. 632. 633. 635. 640. 626. 636. 630. 629.
  621. 628. 624. 628. 630. 625. 624. 622. 584. 590. 586. 586. 583. 590.
  586. 587. 588. 584. 586. 583. 580. 587. 587. 583. 591. 579.]
 [549. 592. 612. 619. 626. 621. 631. 629. 630. 626. 625. 625. 629. 624.
  632. 629. 636. 629. 626. 630. 626. 626. 596. 599. 585. 597. 594. 588.
  588. 594. 593. 600. 590. 593. 595. 587. 586. 586. 592. 590.]]
##############################
[[218. 256. 279. 281. 288. 288. 283. 287. 290. 287. 302. 291. 297. 289.
  292. 288. 285. 294. 295. 290. 292. 291. 287. 267. 270. 274. 262. 270.
  265. 270. 271. 267. 270. 263. 265. 261. 268. 267. 270. 268.]
 [800. 800. 800. 800. 800. 800. 800. 800. 800. 800. 800. 800. 800. 800.
  800. 800. 800. 800. 800. 800. 800. 800. 800. 750. 750. 750. 750. 750.
  750. 750. 750. 750. 750. 750. 750. 750. 750. 750. 750. 750.]
 [549. 613. 617. 631. 627. 636. 632. 633. 635. 640. 626. 636. 630. 629.
  621. 628. 624. 628. 630. 625. 624. 622. 624. 590. 586. 586. 583. 590.
  586. 587. 588. 584. 586. 583. 580. 587. 587. 583. 591. 579.]
 [549. 592. 612. 619. 626. 621. 631. 629. 630. 626. 625. 625. 629. 624.
  632. 629. 636. 629. 626. 630. 626. 626. 634. 599. 585. 597. 594. 588.
  588. 594. 593. 600. 590. 593. 595. 587. 586. 586. 592. 590.]]
##############################
[[218. 256. 279. 281. 288. 288. 283. 287. 290. 287. 302. 291. 297. 289.
  292. 288. 285. 294. 295. 290. 292. 291. 287. 286. 270. 274. 262. 270.
  265. 270. 271. 267. 270. 263. 265. 261. 268. 267. 270. 268.]
 [800. 800. 800. 800. 800. 800. 800. 800. 800. 800. 800. 800. 800. 800.
  800. 800. 800. 800. 800. 800. 800. 800. 800. 800. 750. 750. 750. 750.
  750. 750. 750. 750. 750. 750. 750. 750. 750. 750. 750. 750.]
 [549. 613. 617. 631. 627. 636. 632. 633. 635. 640. 626. 636. 630. 629.
  621. 628. 624. 628. 630. 625. 624. 622. 624. 629. 586. 586. 583. 590.
  586. 587. 588. 584. 586. 583. 580. 587. 587. 583. 591. 579.]
 [549. 592. 612. 619. 626. 621. 631. 629. 630. 626. 625. 625. 629. 624.
  632. 629. 636. 629. 626. 630. 626. 626. 634. 637. 585. 597. 594. 588.
  588. 594. 593. 600. 590. 593. 595. 587. 586. 586. 592. 590.]]
##############################
[[218. 256. 279. 281. 288. 288. 283. 287. 290. 287. 302. 291. 297. 289.
  292. 288. 285. 294. 295. 290. 292. 291. 287. 286. 289. 274. 262. 270.
  265. 270. 271. 267. 270. 263. 265. 261. 268. 267. 270. 268.]
 [800. 800. 800. 800. 800. 800. 800. 800. 800. 800. 800. 800. 800. 800.
  800. 800. 800. 800. 800. 800. 800. 800. 800. 800. 800. 750. 750. 750.
  750. 750. 750. 750. 750. 750. 750. 750. 750. 750. 750. 750.]
 [549. 613. 617. 631. 627. 636. 632. 633. 635. 640. 626. 636. 630. 629.
  621. 628. 624. 628. 630. 625. 624. 622. 624. 629. 624. 586. 583. 590.
  586. 587. 588. 584. 586. 583. 580. 587. 587. 583. 591. 579.]
 [549. 592. 612. 619. 626. 621. 631. 629. 630. 626. 625. 625. 629. 624.
  632. 629. 636. 629. 626. 630. 626. 626. 634. 637. 622. 597. 594. 588.
  588. 594. 593. 600. 590. 593. 595. 587. 586. 586. 592. 590.]]
##############################
[[218. 256. 279. 281. 288. 288. 283. 287. 290. 287. 302. 291. 297. 289.
  292. 288. 285. 294. 295. 290. 292. 291. 287. 286. 289. 296. 262. 270.
  265. 270. 271. 267. 270. 263. 265. 261. 268. 267. 270. 268.]
 [800. 800. 800. 800. 800. 800. 800. 800. 800. 800. 800. 800. 800. 800.
  800. 800. 800. 800. 800. 800. 800. 800. 800. 800. 800. 800. 750. 750.
  750. 750. 750. 750. 750. 750. 750. 750. 750. 750. 750. 750.]
 [549. 613. 617. 631. 627. 636. 632. 633. 635. 640. 626. 636. 630. 629.
  621. 628. 624. 628. 630. 625. 624. 622. 624. 629. 624. 624. 583. 590.
  586. 587. 588. 584. 586. 583. 580. 587. 587. 583. 591. 579.]
 [549. 592. 612. 619. 626. 621. 631. 629. 630. 626. 625. 625. 629. 624.
  632. 629. 636. 629. 626. 630. 626. 626. 634. 637. 622. 636. 594. 588.
  588. 594. 593. 600. 590. 593. 595. 587. 586. 586. 592. 590.]]
##############################
[[218. 256. 279. 281. 288. 288. 283. 287. 290. 287. 302. 291. 297. 289.
  292. 288. 285. 294. 295. 290. 292. 291. 287. 286. 289. 296. 283. 270.
  265. 270. 271. 267. 270. 263. 265. 261. 268. 267. 270. 268.]
 [800. 800. 800. 800. 800. 800. 800. 800. 800. 800. 800. 800. 800. 800.
  800. 800. 800. 800. 800. 800. 800. 800. 800. 800. 800. 800. 800. 750.
  750. 750. 750. 750. 750. 750. 750. 750. 750. 750. 750. 750.]
 [549. 613. 617. 631. 627. 636. 632. 633. 635. 640. 626. 636. 630. 629.
  621. 628. 624. 628. 630. 625. 624. 622. 624. 629. 624. 624. 622. 590.
  586. 587. 588. 584. 586. 583. 580. 587. 587. 583. 591. 579.]
 [549. 592. 612. 619. 626. 621. 631. 629. 630. 626. 625. 625. 629. 624.
  632. 629. 636. 629. 626. 630. 626. 626. 634. 637. 622. 636. 632. 588.
  588. 594. 593. 600. 590. 593. 595. 587. 586. 586. 592. 590.]]
##############################
[[218. 256. 279. 281. 288. 288. 283. 287. 290. 287. 302. 291. 297. 289.
  292. 288. 285. 294. 295. 290. 292. 291. 287. 286. 289. 296. 283. 291.
  265. 270. 271. 267. 270. 263. 265. 261. 268. 267. 270. 268.]
 [800. 800. 800. 800. 800. 800. 800. 800. 800. 800. 800. 800. 800. 800.
  800. 800. 800. 800. 800. 800. 800. 800. 800. 800. 800. 800. 800. 800.
  750. 750. 750. 750. 750. 750. 750. 750. 750. 750. 750. 750.]
 [549. 613. 617. 631. 627. 636. 632. 633. 635. 640. 626. 636. 630. 629.
  621. 628. 624. 628. 630. 625. 624. 622. 624. 629. 624. 624. 622. 629.
  586. 587. 588. 584. 586. 583. 580. 587. 587. 583. 591. 579.]
 [549. 592. 612. 619. 626. 621. 631. 629. 630. 626. 625. 625. 629. 624.
  632. 629. 636. 629. 626. 630. 626. 626. 634. 637. 622. 636. 632. 626.
  588. 594. 593. 600. 590. 593. 595. 587. 586. 586. 592. 590.]]
##############################
[[218. 256. 279. 281. 288. 288. 283. 287. 290. 287. 302. 291. 297. 289.
  292. 288. 285. 294. 295. 290. 292. 291. 287. 286. 289. 296. 283. 291.
  285. 270. 271. 267. 270. 263. 265. 261. 268. 267. 270. 268.]
 [800. 800. 800. 800. 800. 800. 800. 800. 800. 800. 800. 800. 800. 800.
  800. 800. 800. 800. 800. 800. 800. 800. 800. 800. 800. 800. 800. 800.
  800. 750. 750. 750. 750. 750. 750. 750. 750. 750. 750. 750.]
 [549. 613. 617. 631. 627. 636. 632. 633. 635. 640. 626. 636. 630. 629.
  621. 628. 624. 628. 630. 625. 624. 622. 624. 629. 624. 624. 622. 629.
  625. 587. 588. 584. 586. 583. 580. 587. 587. 583. 591. 579.]
 [549. 592. 612. 619. 626. 621. 631. 629. 630. 626. 625. 625. 629. 624.
  632. 629. 636. 629. 626. 630. 626. 626. 634. 637. 622. 636. 632. 626.
  626. 594. 593. 600. 590. 593. 595. 587. 586. 586. 592. 590.]]
##############################
[[218. 256. 279. 281. 288. 288. 283. 287. 290. 287. 302. 291. 297. 289.
  292. 288. 285. 294. 295. 290. 292. 291. 287. 286. 289. 296. 283. 291.
  285. 290. 271. 267. 270. 263. 265. 261. 268. 267. 270. 268.]
 [800. 800. 800. 800. 800. 800. 800. 800. 800. 800. 800. 800. 800. 800.
  800. 800. 800. 800. 800. 800. 800. 800. 800. 800. 800. 800. 800. 800.
  800. 800. 750. 750. 750. 750. 750. 750. 750. 750. 750. 750.]
 [549. 613. 617. 631. 627. 636. 632. 633. 635. 640. 626. 636. 630. 629.
  621. 628. 624. 628. 630. 625. 624. 622. 624. 629. 624. 624. 622. 629.
  625. 627. 588. 584. 586. 583. 580. 587. 587. 583. 591. 579.]
 [549. 592. 612. 619. 626. 621. 631. 629. 630. 626. 625. 625. 629. 624.
  632. 629. 636. 629. 626. 630. 626. 626. 634. 637. 622. 636. 632. 626.
  626. 632. 593. 600. 590. 593. 595. 587. 586. 586. 592. 590.]]
##############################
[[218. 256. 279. 281. 288. 288. 283. 287. 290. 287. 302. 291. 297. 289.
  292. 288. 285. 294. 295. 290. 292. 291. 287. 286. 289. 296. 283. 291.
  285. 290. 293. 267. 270. 263. 265. 261. 268. 267. 270. 268.]
 [800. 800. 800. 800. 800. 800. 800. 800. 800. 800. 800. 800. 800. 800.
  800. 800. 800. 800. 800. 800. 800. 800. 800. 800. 800. 800. 800. 800.
  800. 800. 800. 750. 750. 750. 750. 750. 750. 750. 750. 750.]
 [549. 613. 617. 631. 627. 636. 632. 633. 635. 640. 626. 636. 630. 629.
  621. 628. 624. 628. 630. 625. 624. 622. 624. 629. 624. 624. 622. 629.
  625. 627. 628. 584. 586. 583. 580. 587. 587. 583. 591. 579.]
 [549. 592. 612. 619. 626. 621. 631. 629. 630. 626. 625. 625. 629. 624.
  632. 629. 636. 629. 626. 630. 626. 626. 634. 637. 622. 636. 632. 626.
  626. 632. 631. 600. 590. 593. 595. 587. 586. 586. 592. 590.]]
##############################
[[218. 256. 279. 281. 288. 288. 283. 287. 290. 287. 302. 291. 297. 289.
  292. 288. 285. 294. 295. 290. 292. 291. 287. 286. 289. 296. 283. 291.
  285. 290. 293. 286. 270. 263. 265. 261. 268. 267. 270. 268.]
 [800. 800. 800. 800. 800. 800. 800. 800. 800. 800. 800. 800. 800. 800.
  800. 800. 800. 800. 800. 800. 800. 800. 800. 800. 800. 800. 800. 800.
  800. 800. 800. 800. 750. 750. 750. 750. 750. 750. 750. 750.]
 [549. 613. 617. 631. 627. 636. 632. 633. 635. 640. 626. 636. 630. 629.
  621. 628. 624. 628. 630. 625. 624. 622. 624. 629. 624. 624. 622. 629.
  625. 627. 628. 623. 586. 583. 580. 587. 587. 583. 591. 579.]
 [549. 592. 612. 619. 626. 621. 631. 629. 630. 626. 625. 625. 629. 624.
  632. 629. 636. 629. 626. 630. 626. 626. 634. 637. 622. 636. 632. 626.
  626. 632. 631. 638. 590. 593. 595. 587. 586. 586. 592. 590.]]
##############################
[[218. 256. 279. 281. 288. 288. 283. 287. 290. 287. 302. 291. 297. 289.
  292. 288. 285. 294. 295. 290. 292. 291. 287. 286. 289. 296. 283. 291.
  285. 290. 293. 286. 291. 263. 265. 261. 268. 267. 270. 268.]
 [800. 800. 800. 800. 800. 800. 800. 800. 800. 800. 800. 800. 800. 800.
  800. 800. 800. 800. 800. 800. 800. 800. 800. 800. 800. 800. 800. 800.
  800. 800. 800. 800. 800. 750. 750. 750. 750. 750. 750. 750.]
 [549. 613. 617. 631. 627. 636. 632. 633. 635. 640. 626. 636. 630. 629.
  621. 628. 624. 628. 630. 625. 624. 622. 624. 629. 624. 624. 622. 629.
  625. 627. 628. 623. 626. 583. 580. 587. 587. 583. 591. 579.]
 [549. 592. 612. 619. 626. 621. 631. 629. 630. 626. 625. 625. 629. 624.
  632. 629. 636. 629. 626. 630. 626. 626. 634. 637. 622. 636. 632. 626.
  626. 632. 631. 638. 628. 593. 595. 587. 586. 586. 592. 590.]]
##############################
[[218. 256. 279. 281. 288. 288. 283. 287. 290. 287. 302. 291. 297. 289.
  292. 288. 285. 294. 295. 290. 292. 291. 287. 286. 289. 296. 283. 291.
  285. 290. 293. 286. 291. 286. 265. 261. 268. 267. 270. 268.]
 [800. 800. 800. 800. 800. 800. 800. 800. 800. 800. 800. 800. 800. 800.
  800. 800. 800. 800. 800. 800. 800. 800. 800. 800. 800. 800. 800. 800.
  800. 800. 800. 800. 800. 800. 750. 750. 750. 750. 750. 750.]
 [549. 613. 617. 631. 627. 636. 632. 633. 635. 640. 626. 636. 630. 629.
  621. 628. 624. 628. 630. 625. 624. 622. 624. 629. 624. 624. 622. 629.
  625. 627. 628. 623. 626. 623. 580. 587. 587. 583. 591. 579.]
 [549. 592. 612. 619. 626. 621. 631. 629. 630. 626. 625. 625. 629. 624.
  632. 629. 636. 629. 626. 630. 626. 626. 634. 637. 622. 636. 632. 626.
  626. 632. 631. 638. 628. 631. 595. 587. 586. 586. 592. 590.]]
##############################
[[218. 256. 279. 281. 288. 288. 283. 287. 290. 287. 302. 291. 297. 289.
  292. 288. 285. 294. 295. 290. 292. 291. 287. 286. 289. 296. 283. 291.
  285. 290. 293. 286. 291. 286. 288. 261. 268. 267. 270. 268.]
 [800. 800. 800. 800. 800. 800. 800. 800. 800. 800. 800. 800. 800. 800.
  800. 800. 800. 800. 800. 800. 800. 800. 800. 800. 800. 800. 800. 800.
  800. 800. 800. 800. 800. 800. 800. 750. 750. 750. 750. 750.]
 [549. 613. 617. 631. 627. 636. 632. 633. 635. 640. 626. 636. 630. 629.
  621. 628. 624. 628. 630. 625. 624. 622. 624. 629. 624. 624. 622. 629.
  625. 627. 628. 623. 626. 623. 618. 587. 587. 583. 591. 579.]
 [549. 592. 612. 619. 626. 621. 631. 629. 630. 626. 625. 625. 629. 624.
  632. 629. 636. 629. 626. 630. 626. 626. 634. 637. 622. 636. 632. 626.
  626. 632. 631. 638. 628. 631. 633. 587. 586. 586. 592. 590.]]
##############################
[[218. 256. 279. 281. 288. 288. 283. 287. 290. 287. 302. 291. 297. 289.
  292. 288. 285. 294. 295. 290. 292. 291. 287. 286. 289. 296. 283. 291.
  285. 290. 293. 286. 291. 286. 288. 281. 268. 267. 270. 268.]
 [800. 800. 800. 800. 800. 800. 800. 800. 800. 800. 800. 800. 800. 800.
  800. 800. 800. 800. 800. 800. 800. 800. 800. 800. 800. 800. 800. 800.
  800. 800. 800. 800. 800. 800. 800. 800. 750. 750. 750. 750.]
 [549. 613. 617. 631. 627. 636. 632. 633. 635. 640. 626. 636. 630. 629.
  621. 628. 624. 628. 630. 625. 624. 622. 624. 629. 624. 624. 622. 629.
  625. 627. 628. 623. 626. 623. 618. 627. 587. 583. 591. 579.]
 [549. 592. 612. 619. 626. 621. 631. 629. 630. 626. 625. 625. 629. 624.
  632. 629. 636. 629. 626. 630. 626. 626. 634. 637. 622. 636. 632. 626.
  626. 632. 631. 638. 628. 631. 633. 626. 586. 586. 592. 590.]]
##############################
[[218. 256. 279. 281. 288. 288. 283. 287. 290. 287. 302. 291. 297. 289.
  292. 288. 285. 294. 295. 290. 292. 291. 287. 286. 289. 296. 283. 291.
  285. 290. 293. 286. 291. 286. 288. 281. 290. 267. 270. 268.]
 [800. 800. 800. 800. 800. 800. 800. 800. 800. 800. 800. 800. 800. 800.
  800. 800. 800. 800. 800. 800. 800. 800. 800. 800. 800. 800. 800. 800.
  800. 800. 800. 800. 800. 800. 800. 800. 800. 750. 750. 750.]
 [549. 613. 617. 631. 627. 636. 632. 633. 635. 640. 626. 636. 630. 629.
  621. 628. 624. 628. 630. 625. 624. 622. 624. 629. 624. 624. 622. 629.
  625. 627. 628. 623. 626. 623. 618. 627. 625. 583. 591. 579.]
 [549. 592. 612. 619. 626. 621. 631. 629. 630. 626. 625. 625. 629. 624.
  632. 629. 636. 629. 626. 630. 626. 626. 634. 637. 622. 636. 632. 626.
  626. 632. 631. 638. 628. 631. 633. 626. 624. 586. 592. 590.]]
##############################
[[218. 256. 279. 281. 288. 288. 283. 287. 290. 287. 302. 291. 297. 289.
  292. 288. 285. 294. 295. 290. 292. 291. 287. 286. 289. 296. 283. 291.
  285. 290. 293. 286. 291. 286. 288. 281. 290. 290. 270. 268.]
 [800. 800. 800. 800. 800. 800. 800. 800. 800. 800. 800. 800. 800. 800.
  800. 800. 800. 800. 800. 800. 800. 800. 800. 800. 800. 800. 800. 800.
  800. 800. 800. 800. 800. 800. 800. 800. 800. 800. 750. 750.]
 [549. 613. 617. 631. 627. 636. 632. 633. 635. 640. 626. 636. 630. 629.
  621. 628. 624. 628. 630. 625. 624. 622. 624. 629. 624. 624. 622. 629.
  625. 627. 628. 623. 626. 623. 618. 627. 625. 622. 591. 579.]
 [549. 592. 612. 619. 626. 621. 631. 629. 630. 626. 625. 625. 629. 624.
  632. 629. 636. 629. 626. 630. 626. 626. 634. 637. 622. 636. 632. 626.
  626. 632. 631. 638. 628. 631. 633. 626. 624. 625. 592. 590.]]
##############################
[[218. 256. 279. 281. 288. 288. 283. 287. 290. 287. 302. 291. 297. 289.
  292. 288. 285. 294. 295. 290. 292. 291. 287. 286. 289. 296. 283. 291.
  285. 290. 293. 286. 291. 286. 288. 281. 290. 290. 293. 268.]
 [800. 800. 800. 800. 800. 800. 800. 800. 800. 800. 800. 800. 800. 800.
  800. 800. 800. 800. 800. 800. 800. 800. 800. 800. 800. 800. 800. 800.
  800. 800. 800. 800. 800. 800. 800. 800. 800. 800. 800. 750.]
 [549. 613. 617. 631. 627. 636. 632. 633. 635. 640. 626. 636. 630. 629.
  621. 628. 624. 628. 630. 625. 624. 622. 624. 629. 624. 624. 622. 629.
  625. 627. 628. 623. 626. 623. 618. 627. 625. 622. 631. 579.]
 [549. 592. 612. 619. 626. 621. 631. 629. 630. 626. 625. 625. 629. 624.
  632. 629. 636. 629. 626. 630. 626. 626. 634. 637. 622. 636. 632. 626.
  626. 632. 631. 638. 628. 631. 633. 626. 624. 625. 630. 590.]]
##############################
[[218. 256. 279. 281. 288. 288. 283. 287. 290. 287. 302. 291. 297. 289.
  292. 288. 285. 294. 295. 290. 292. 291. 287. 286. 289. 296. 283. 291.
  285. 290. 293. 286. 291. 286. 288. 281. 290. 290. 293. 290.]
 [800. 800. 800. 800. 800. 800. 800. 800. 800. 800. 800. 800. 800. 800.
  800. 800. 800. 800. 800. 800. 800. 800. 800. 800. 800. 800. 800. 800.
  800. 800. 800. 800. 800. 800. 800. 800. 800. 800. 800. 800.]
 [549. 613. 617. 631. 627. 636. 632. 633. 635. 640. 626. 636. 630. 629.
  621. 628. 624. 628. 630. 625. 624. 622. 624. 629. 624. 624. 622. 629.
  625. 627. 628. 623. 626. 623. 618. 627. 625. 622. 631. 619.]
 [549. 592. 612. 619. 626. 621. 631. 629. 630. 626. 625. 625. 629. 624.
  632. 629. 636. 629. 626. 630. 626. 626. 634. 637. 622. 636. 632. 626.
  626. 632. 631. 638. 628. 631. 633. 626. 624. 625. 630. 628.]]
##############################
##################################################
##################################################
starting :17 batch
[[224. 256. 279. 281. 288. 288. 283. 287. 290. 287. 302. 291. 297. 289.
  292. 288. 285. 294. 295. 290. 292. 291. 287. 286. 289. 296. 283. 291.
  285. 290. 293. 286. 291. 286. 288. 281. 290. 290. 293. 290.]
 [850. 800. 800. 800. 800. 800. 800. 800. 800. 800. 800. 800. 800. 800.
  800. 800. 800. 800. 800. 800. 800. 800. 800. 800. 800. 800. 800. 800.
  800. 800. 800. 800. 800. 800. 800. 800. 800. 800. 800. 800.]
 [577. 613. 617. 631. 627. 636. 632. 633. 635. 640. 626. 636. 630. 629.
  621. 628. 624. 628. 630. 625. 624. 622. 624. 629. 624. 624. 622. 629.
  625. 627. 628. 623. 626. 623. 618. 627. 625. 622. 631. 619.]
 [577. 592. 612. 619. 626. 621. 631. 629. 630. 626. 625. 625. 629. 624.
  632. 629. 636. 629. 626. 630. 626. 626. 634. 637. 622. 636. 632. 626.
  626. 632. 631. 638. 628. 631. 633. 626. 624. 625. 630. 628.]]
##############################
[[224. 266. 279. 281. 288. 288. 283. 287. 290. 287. 302. 291. 297. 289.
  292. 288. 285. 294. 295. 290. 292. 291. 287. 286. 289. 296. 283. 291.
  285. 290. 293. 286. 291. 286. 288. 281. 290. 290. 293. 290.]
 [850. 850. 800. 800. 800. 800. 800. 800. 800. 800. 800. 800. 800. 800.
  800. 800. 800. 800. 800. 800. 800. 800. 800. 800. 800. 800. 800. 800.
  800. 800. 800. 800. 800. 800. 800. 800. 800. 800. 800. 800.]
 [577. 649. 617. 631. 627. 636. 632. 633. 635. 640. 626. 636. 630. 629.
  621. 628. 624. 628. 630. 625. 624. 622. 624. 629. 624. 624. 622. 629.
  625. 627. 628. 623. 626. 623. 618. 627. 625. 622. 631. 619.]
 [577. 624. 612. 619. 626. 621. 631. 629. 630. 626. 625. 625. 629. 624.
  632. 629. 636. 629. 626. 630. 626. 626. 634. 637. 622. 636. 632. 626.
  626. 632. 631. 638. 628. 631. 633. 626. 624. 625. 630. 628.]]
##############################
[[224. 266. 289. 281. 288. 288. 283. 287. 290. 287. 302. 291. 297. 289.
  292. 288. 285. 294. 295. 290. 292. 291. 287. 286. 289. 296. 283. 291.
  285. 290. 293. 286. 291. 286. 288. 281. 290. 290. 293. 290.]
 [850. 850. 850. 800. 800. 800. 800. 800. 800. 800. 800. 800. 800. 800.
  800. 800. 800. 800. 800. 800. 800. 800. 800. 800. 800. 800. 800. 800.
  800. 800. 800. 800. 800. 800. 800. 800. 800. 800. 800. 800.]
 [577. 649. 651. 631. 627. 636. 632. 633. 635. 640. 626. 636. 630. 629.
  621. 628. 624. 628. 630. 625. 624. 622. 624. 629. 624. 624. 622. 629.
  625. 627. 628. 623. 626. 623. 618. 627. 625. 622. 631. 619.]
 [577. 624. 651. 619. 626. 621. 631. 629. 630. 626. 625. 625. 629. 624.
  632. 629. 636. 629. 626. 630. 626. 626. 634. 637. 622. 636. 632. 626.
  626. 632. 631. 638. 628. 631. 633. 626. 624. 625. 630. 628.]]
##############################
[[224. 266. 289. 292. 288. 288. 283. 287. 290. 287. 302. 291. 297. 289.
  292. 288. 285. 294. 295. 290. 292. 291. 287. 286. 289. 296. 283. 291.
  285. 290. 293. 286. 291. 286. 288. 281. 290. 290. 293. 290.]
 [850. 850. 850. 850. 800. 800. 800. 800. 800. 800. 800. 800. 800. 800.
  800. 800. 800. 800. 800. 800. 800. 800. 800. 800. 800. 800. 800. 800.
  800. 800. 800. 800. 800. 800. 800. 800. 800. 800. 800. 800.]
 [577. 649. 651. 667. 627. 636. 632. 633. 635. 640. 626. 636. 630. 629.
  621. 628. 624. 628. 630. 625. 624. 622. 624. 629. 624. 624. 622. 629.
  625. 627. 628. 623. 626. 623. 618. 627. 625. 622. 631. 619.]
 [577. 624. 651. 657. 626. 621. 631. 629. 630. 626. 625. 625. 629. 624.
  632. 629. 636. 629. 626. 630. 626. 626. 634. 637. 622. 636. 632. 626.
  626. 632. 631. 638. 628. 631. 633. 626. 624. 625. 630. 628.]]
##############################
[[224. 266. 289. 292. 300. 288. 283. 287. 290. 287. 302. 291. 297. 289.
  292. 288. 285. 294. 295. 290. 292. 291. 287. 286. 289. 296. 283. 291.
  285. 290. 293. 286. 291. 286. 288. 281. 290. 290. 293. 290.]
 [850. 850. 850. 850. 850. 800. 800. 800. 800. 800. 800. 800. 800. 800.
  800. 800. 800. 800. 800. 800. 800. 800. 800. 800. 800. 800. 800. 800.
  800. 800. 800. 800. 800. 800. 800. 800. 800. 800. 800. 800.]
 [577. 649. 651. 667. 664. 636. 632. 633. 635. 640. 626. 636. 630. 629.
  621. 628. 624. 628. 630. 625. 624. 622. 624. 629. 624. 624. 622. 629.
  625. 627. 628. 623. 626. 623. 618. 627. 625. 622. 631. 619.]
 [577. 624. 651. 657. 663. 621. 631. 629. 630. 626. 625. 625. 629. 624.
  632. 629. 636. 629. 626. 630. 626. 626. 634. 637. 622. 636. 632. 626.
  626. 632. 631. 638. 628. 631. 633. 626. 624. 625. 630. 628.]]
##############################
[[224. 266. 289. 292. 300. 301. 283. 287. 290. 287. 302. 291. 297. 289.
  292. 288. 285. 294. 295. 290. 292. 291. 287. 286. 289. 296. 283. 291.
  285. 290. 293. 286. 291. 286. 288. 281. 290. 290. 293. 290.]
 [850. 850. 850. 850. 850. 850. 800. 800. 800. 800. 800. 800. 800. 800.
  800. 800. 800. 800. 800. 800. 800. 800. 800. 800. 800. 800. 800. 800.
  800. 800. 800. 800. 800. 800. 800. 800. 800. 800. 800. 800.]
 [577. 649. 651. 667. 664. 676. 632. 633. 635. 640. 626. 636. 630. 629.
  621. 628. 624. 628. 630. 625. 624. 622. 624. 629. 624. 624. 622. 629.
  625. 627. 628. 623. 626. 623. 618. 627. 625. 622. 631. 619.]
 [577. 624. 651. 657. 663. 660. 631. 629. 630. 626. 625. 625. 629. 624.
  632. 629. 636. 629. 626. 630. 626. 626. 634. 637. 622. 636. 632. 626.
  626. 632. 631. 638. 628. 631. 633. 626. 624. 625. 630. 628.]]
##############################
[[224. 266. 289. 292. 300. 301. 298. 287. 290. 287. 302. 291. 297. 289.
  292. 288. 285. 294. 295. 290. 292. 291. 287. 286. 289. 296. 283. 291.
  285. 290. 293. 286. 291. 286. 288. 281. 290. 290. 293. 290.]
 [850. 850. 850. 850. 850. 850. 850. 800. 800. 800. 800. 800. 800. 800.
  800. 800. 800. 800. 800. 800. 800. 800. 800. 800. 800. 800. 800. 800.
  800. 800. 800. 800. 800. 800. 800. 800. 800. 800. 800. 800.]
 [577. 649. 651. 667. 664. 676. 671. 633. 635. 640. 626. 636. 630. 629.
  621. 628. 624. 628. 630. 625. 624. 622. 624. 629. 624. 624. 622. 629.
  625. 627. 628. 623. 626. 623. 618. 627. 625. 622. 631. 619.]
 [577. 624. 651. 657. 663. 660. 672. 629. 630. 626. 625. 625. 629. 624.
  632. 629. 636. 629. 626. 630. 626. 626. 634. 637. 622. 636. 632. 626.
  626. 632. 631. 638. 628. 631. 633. 626. 624. 625. 630. 628.]]
##############################
[[224. 266. 289. 292. 300. 301. 298. 299. 290. 287. 302. 291. 297. 289.
  292. 288. 285. 294. 295. 290. 292. 291. 287. 286. 289. 296. 283. 291.
  285. 290. 293. 286. 291. 286. 288. 281. 290. 290. 293. 290.]
 [850. 850. 850. 850. 850. 850. 850. 850. 800. 800. 800. 800. 800. 800.
  800. 800. 800. 800. 800. 800. 800. 800. 800. 800. 800. 800. 800. 800.
  800. 800. 800. 800. 800. 800. 800. 800. 800. 800. 800. 800.]
 [577. 649. 651. 667. 664. 676. 671. 671. 635. 640. 626. 636. 630. 629.
  621. 628. 624. 628. 630. 625. 624. 622. 624. 629. 624. 624. 622. 629.
  625. 627. 628. 623. 626. 623. 618. 627. 625. 622. 631. 619.]
 [577. 624. 651. 657. 663. 660. 672. 667. 630. 626. 625. 625. 629. 624.
  632. 629. 636. 629. 626. 630. 626. 626. 634. 637. 622. 636. 632. 626.
  626. 632. 631. 638. 628. 631. 633. 626. 624. 625. 630. 628.]]
##############################
[[224. 266. 289. 292. 300. 301. 298. 299. 303. 287. 302. 291. 297. 289.
  292. 288. 285. 294. 295. 290. 292. 291. 287. 286. 289. 296. 283. 291.
  285. 290. 293. 286. 291. 286. 288. 281. 290. 290. 293. 290.]
 [850. 850. 850. 850. 850. 850. 850. 850. 850. 800. 800. 800. 800. 800.
  800. 800. 800. 800. 800. 800. 800. 800. 800. 800. 800. 800. 800. 800.
  800. 800. 800. 800. 800. 800. 800. 800. 800. 800. 800. 800.]
 [577. 649. 651. 667. 664. 676. 671. 671. 674. 640. 626. 636. 630. 629.
  621. 628. 624. 628. 630. 625. 624. 622. 624. 629. 624. 624. 622. 629.
  625. 627. 628. 623. 626. 623. 618. 627. 625. 622. 631. 619.]
 [577. 624. 651. 657. 663. 660. 672. 667. 668. 626. 625. 625. 629. 624.
  632. 629. 636. 629. 626. 630. 626. 626. 634. 637. 622. 636. 632. 626.
  626. 632. 631. 638. 628. 631. 633. 626. 624. 625. 630. 628.]]
##############################
[[224. 266. 289. 292. 300. 301. 298. 299. 303. 300. 302. 291. 297. 289.
  292. 288. 285. 294. 295. 290. 292. 291. 287. 286. 289. 296. 283. 291.
  285. 290. 293. 286. 291. 286. 288. 281. 290. 290. 293. 290.]
 [850. 850. 850. 850. 850. 850. 850. 850. 850. 850. 800. 800. 800. 800.
  800. 800. 800. 800. 800. 800. 800. 800. 800. 800. 800. 800. 800. 800.
  800. 800. 800. 800. 800. 800. 800. 800. 800. 800. 800. 800.]
 [577. 649. 651. 667. 664. 676. 671. 671. 674. 677. 626. 636. 630. 629.
  621. 628. 624. 628. 630. 625. 624. 622. 624. 629. 624. 624. 622. 629.
  625. 627. 628. 623. 626. 623. 618. 627. 625. 622. 631. 619.]
 [577. 624. 651. 657. 663. 660. 672. 667. 668. 663. 625. 625. 629. 624.
  632. 629. 636. 629. 626. 630. 626. 626. 634. 637. 622. 636. 632. 626.
  626. 632. 631. 638. 628. 631. 633. 626. 624. 625. 630. 628.]]
##############################
[[224. 266. 289. 292. 300. 301. 298. 299. 303. 300. 315. 291. 297. 289.
  292. 288. 285. 294. 295. 290. 292. 291. 287. 286. 289. 296. 283. 291.
  285. 290. 293. 286. 291. 286. 288. 281. 290. 290. 293. 290.]
 [850. 850. 850. 850. 850. 850. 850. 850. 850. 850. 850. 800. 800. 800.
  800. 800. 800. 800. 800. 800. 800. 800. 800. 800. 800. 800. 800. 800.
  800. 800. 800. 800. 800. 800. 800. 800. 800. 800. 800. 800.]
 [577. 649. 651. 667. 664. 676. 671. 671. 674. 677. 663. 636. 630. 629.
  621. 628. 624. 628. 630. 625. 624. 622. 624. 629. 624. 624. 622. 629.
  625. 627. 628. 623. 626. 623. 618. 627. 625. 622. 631. 619.]
 [577. 624. 651. 657. 663. 660. 672. 667. 668. 663. 664. 625. 629. 624.
  632. 629. 636. 629. 626. 630. 626. 626. 634. 637. 622. 636. 632. 626.
  626. 632. 631. 638. 628. 631. 633. 626. 624. 625. 630. 628.]]
##############################
[[224. 266. 289. 292. 300. 301. 298. 299. 303. 300. 315. 304. 297. 289.
  292. 288. 285. 294. 295. 290. 292. 291. 287. 286. 289. 296. 283. 291.
  285. 290. 293. 286. 291. 286. 288. 281. 290. 290. 293. 290.]
 [850. 850. 850. 850. 850. 850. 850. 850. 850. 850. 850. 850. 800. 800.
  800. 800. 800. 800. 800. 800. 800. 800. 800. 800. 800. 800. 800. 800.
  800. 800. 800. 800. 800. 800. 800. 800. 800. 800. 800. 800.]
 [577. 649. 651. 667. 664. 676. 671. 671. 674. 677. 663. 673. 630. 629.
  621. 628. 624. 628. 630. 625. 624. 622. 624. 629. 624. 624. 622. 629.
  625. 627. 628. 623. 626. 623. 618. 627. 625. 622. 631. 619.]
 [577. 624. 651. 657. 663. 660. 672. 667. 668. 663. 664. 664. 629. 624.
  632. 629. 636. 629. 626. 630. 626. 626. 634. 637. 622. 636. 632. 626.
  626. 632. 631. 638. 628. 631. 633. 626. 624. 625. 630. 628.]]
##############################
[[224. 266. 289. 292. 300. 301. 298. 299. 303. 300. 315. 304. 312. 289.
  292. 288. 285. 294. 295. 290. 292. 291. 287. 286. 289. 296. 283. 291.
  285. 290. 293. 286. 291. 286. 288. 281. 290. 290. 293. 290.]
 [850. 850. 850. 850. 850. 850. 850. 850. 850. 850. 850. 850. 850. 800.
  800. 800. 800. 800. 800. 800. 800. 800. 800. 800. 800. 800. 800. 800.
  800. 800. 800. 800. 800. 800. 800. 800. 800. 800. 800. 800.]
 [577. 649. 651. 667. 664. 676. 671. 671. 674. 677. 663. 673. 668. 629.
  621. 628. 624. 628. 630. 625. 624. 622. 624. 629. 624. 624. 622. 629.
  625. 627. 628. 623. 626. 623. 618. 627. 625. 622. 631. 619.]
 [577. 624. 651. 657. 663. 660. 672. 667. 668. 663. 664. 664. 666. 624.
  632. 629. 636. 629. 626. 630. 626. 626. 634. 637. 622. 636. 632. 626.
  626. 632. 631. 638. 628. 631. 633. 626. 624. 625. 630. 628.]]
##############################
[[224. 266. 289. 292. 300. 301. 298. 299. 303. 300. 315. 304. 312. 303.
  292. 288. 285. 294. 295. 290. 292. 291. 287. 286. 289. 296. 283. 291.
  285. 290. 293. 286. 291. 286. 288. 281. 290. 290. 293. 290.]
 [850. 850. 850. 850. 850. 850. 850. 850. 850. 850. 850. 850. 850. 850.
  800. 800. 800. 800. 800. 800. 800. 800. 800. 800. 800. 800. 800. 800.
  800. 800. 800. 800. 800. 800. 800. 800. 800. 800. 800. 800.]
 [577. 649. 651. 667. 664. 676. 671. 671. 674. 677. 663. 673. 668. 667.
  621. 628. 624. 628. 630. 625. 624. 622. 624. 629. 624. 624. 622. 629.
  625. 627. 628. 623. 626. 623. 618. 627. 625. 622. 631. 619.]
 [577. 624. 651. 657. 663. 660. 672. 667. 668. 663. 664. 664. 666. 661.
  632. 629. 636. 629. 626. 630. 626. 626. 634. 637. 622. 636. 632. 626.
  626. 632. 631. 638. 628. 631. 633. 626. 624. 625. 630. 628.]]
##############################
[[224. 266. 289. 292. 300. 301. 298. 299. 303. 300. 315. 304. 312. 303.
  306. 288. 285. 294. 295. 290. 292. 291. 287. 286. 289. 296. 283. 291.
  285. 290. 293. 286. 291. 286. 288. 281. 290. 290. 293. 290.]
 [850. 850. 850. 850. 850. 850. 850. 850. 850. 850. 850. 850. 850. 850.
  850. 800. 800. 800. 800. 800. 800. 800. 800. 800. 800. 800. 800. 800.
  800. 800. 800. 800. 800. 800. 800. 800. 800. 800. 800. 800.]
 [577. 649. 651. 667. 664. 676. 671. 671. 674. 677. 663. 673. 668. 667.
  658. 628. 624. 628. 630. 625. 624. 622. 624. 629. 624. 624. 622. 629.
  625. 627. 628. 623. 626. 623. 618. 627. 625. 622. 631. 619.]
 [577. 624. 651. 657. 663. 660. 672. 667. 668. 663. 664. 664. 666. 661.
  670. 629. 636. 629. 626. 630. 626. 626. 634. 637. 622. 636. 632. 626.
  626. 632. 631. 638. 628. 631. 633. 626. 624. 625. 630. 628.]]
##############################
[[224. 266. 289. 292. 300. 301. 298. 299. 303. 300. 315. 304. 312. 303.
  306. 302. 285. 294. 295. 290. 292. 291. 287. 286. 289. 296. 283. 291.
  285. 290. 293. 286. 291. 286. 288. 281. 290. 290. 293. 290.]
 [850. 850. 850. 850. 850. 850. 850. 850. 850. 850. 850. 850. 850. 850.
  850. 850. 800. 800. 800. 800. 800. 800. 800. 800. 800. 800. 800. 800.
  800. 800. 800. 800. 800. 800. 800. 800. 800. 800. 800. 800.]
 [577. 649. 651. 667. 664. 676. 671. 671. 674. 677. 663. 673. 668. 667.
  658. 666. 624. 628. 630. 625. 624. 622. 624. 629. 624. 624. 622. 629.
  625. 627. 628. 623. 626. 623. 618. 627. 625. 622. 631. 619.]
 [577. 624. 651. 657. 663. 660. 672. 667. 668. 663. 664. 664. 666. 661.
  670. 669. 636. 629. 626. 630. 626. 626. 634. 637. 622. 636. 632. 626.
  626. 632. 631. 638. 628. 631. 633. 626. 624. 625. 630. 628.]]
##############################
[[224. 266. 289. 292. 300. 301. 298. 299. 303. 300. 315. 304. 312. 303.
  306. 302. 299. 294. 295. 290. 292. 291. 287. 286. 289. 296. 283. 291.
  285. 290. 293. 286. 291. 286. 288. 281. 290. 290. 293. 290.]
 [850. 850. 850. 850. 850. 850. 850. 850. 850. 850. 850. 850. 850. 850.
  850. 850. 850. 800. 800. 800. 800. 800. 800. 800. 800. 800. 800. 800.
  800. 800. 800. 800. 800. 800. 800. 800. 800. 800. 800. 800.]
 [577. 649. 651. 667. 664. 676. 671. 671. 674. 677. 663. 673. 668. 667.
  658. 666. 661. 628. 630. 625. 624. 622. 624. 629. 624. 624. 622. 629.
  625. 627. 628. 623. 626. 623. 618. 627. 625. 622. 631. 619.]
 [577. 624. 651. 657. 663. 660. 672. 667. 668. 663. 664. 664. 666. 661.
  670. 669. 674. 629. 626. 630. 626. 626. 634. 637. 622. 636. 632. 626.
  626. 632. 631. 638. 628. 631. 633. 626. 624. 625. 630. 628.]]
##############################
[[224. 266. 289. 292. 300. 301. 298. 299. 303. 300. 315. 304. 312. 303.
  306. 302. 299. 308. 295. 290. 292. 291. 287. 286. 289. 296. 283. 291.
  285. 290. 293. 286. 291. 286. 288. 281. 290. 290. 293. 290.]
 [850. 850. 850. 850. 850. 850. 850. 850. 850. 850. 850. 850. 850. 850.
  850. 850. 850. 850. 800. 800. 800. 800. 800. 800. 800. 800. 800. 800.
  800. 800. 800. 800. 800. 800. 800. 800. 800. 800. 800. 800.]
 [577. 649. 651. 667. 664. 676. 671. 671. 674. 677. 663. 673. 668. 667.
  658. 666. 661. 666. 630. 625. 624. 622. 624. 629. 624. 624. 622. 629.
  625. 627. 628. 623. 626. 623. 618. 627. 625. 622. 631. 619.]
 [577. 624. 651. 657. 663. 660. 672. 667. 668. 663. 664. 664. 666. 661.
  670. 669. 674. 669. 626. 630. 626. 626. 634. 637. 622. 636. 632. 626.
  626. 632. 631. 638. 628. 631. 633. 626. 624. 625. 630. 628.]]
##############################
[[224. 266. 289. 292. 300. 301. 298. 299. 303. 300. 315. 304. 312. 303.
  306. 302. 299. 308. 310. 290. 292. 291. 287. 286. 289. 296. 283. 291.
  285. 290. 293. 286. 291. 286. 288. 281. 290. 290. 293. 290.]
 [850. 850. 850. 850. 850. 850. 850. 850. 850. 850. 850. 850. 850. 850.
  850. 850. 850. 850. 850. 800. 800. 800. 800. 800. 800. 800. 800. 800.
  800. 800. 800. 800. 800. 800. 800. 800. 800. 800. 800. 800.]
 [577. 649. 651. 667. 664. 676. 671. 671. 674. 677. 663. 673. 668. 667.
  658. 666. 661. 666. 669. 625. 624. 622. 624. 629. 624. 624. 622. 629.
  625. 627. 628. 623. 626. 623. 618. 627. 625. 622. 631. 619.]
 [577. 624. 651. 657. 663. 660. 672. 667. 668. 663. 664. 664. 666. 661.
  670. 669. 674. 669. 665. 630. 626. 626. 634. 637. 622. 636. 632. 626.
  626. 632. 631. 638. 628. 631. 633. 626. 624. 625. 630. 628.]]
##############################
[[224. 266. 289. 292. 300. 301. 298. 299. 303. 300. 315. 304. 312. 303.
  306. 302. 299. 308. 310. 304. 292. 291. 287. 286. 289. 296. 283. 291.
  285. 290. 293. 286. 291. 286. 288. 281. 290. 290. 293. 290.]
 [850. 850. 850. 850. 850. 850. 850. 850. 850. 850. 850. 850. 850. 850.
  850. 850. 850. 850. 850. 850. 800. 800. 800. 800. 800. 800. 800. 800.
  800. 800. 800. 800. 800. 800. 800. 800. 800. 800. 800. 800.]
 [577. 649. 651. 667. 664. 676. 671. 671. 674. 677. 663. 673. 668. 667.
  658. 666. 661. 666. 669. 663. 624. 622. 624. 629. 624. 624. 622. 629.
  625. 627. 628. 623. 626. 623. 618. 627. 625. 622. 631. 619.]
 [577. 624. 651. 657. 663. 660. 672. 667. 668. 663. 664. 664. 666. 661.
  670. 669. 674. 669. 665. 667. 626. 626. 634. 637. 622. 636. 632. 626.
  626. 632. 631. 638. 628. 631. 633. 626. 624. 625. 630. 628.]]
##############################
[[224. 266. 289. 292. 300. 301. 298. 299. 303. 300. 315. 304. 312. 303.
  306. 302. 299. 308. 310. 304. 304. 291. 287. 286. 289. 296. 283. 291.
  285. 290. 293. 286. 291. 286. 288. 281. 290. 290. 293. 290.]
 [850. 850. 850. 850. 850. 850. 850. 850. 850. 850. 850. 850. 850. 850.
  850. 850. 850. 850. 850. 850. 850. 800. 800. 800. 800. 800. 800. 800.
  800. 800. 800. 800. 800. 800. 800. 800. 800. 800. 800. 800.]
 [577. 649. 651. 667. 664. 676. 671. 671. 674. 677. 663. 673. 668. 667.
  658. 666. 661. 666. 669. 663. 661. 622. 624. 629. 624. 624. 622. 629.
  625. 627. 628. 623. 626. 623. 618. 627. 625. 622. 631. 619.]
 [577. 624. 651. 657. 663. 660. 672. 667. 668. 663. 664. 664. 666. 661.
  670. 669. 674. 669. 665. 667. 665. 626. 634. 637. 622. 636. 632. 626.
  626. 632. 631. 638. 628. 631. 633. 626. 624. 625. 630. 628.]]
##############################
[[224. 266. 289. 292. 300. 301. 298. 299. 303. 300. 315. 304. 312. 303.
  306. 302. 299. 308. 310. 304. 304. 305. 287. 286. 289. 296. 283. 291.
  285. 290. 293. 286. 291. 286. 288. 281. 290. 290. 293. 290.]
 [850. 850. 850. 850. 850. 850. 850. 850. 850. 850. 850. 850. 850. 850.
  850. 850. 850. 850. 850. 850. 850. 850. 800. 800. 800. 800. 800. 800.
  800. 800. 800. 800. 800. 800. 800. 800. 800. 800. 800. 800.]
 [577. 649. 651. 667. 664. 676. 671. 671. 674. 677. 663. 673. 668. 667.
  658. 666. 661. 666. 669. 663. 661. 659. 624. 629. 624. 624. 622. 629.
  625. 627. 628. 623. 626. 623. 618. 627. 625. 622. 631. 619.]
 [577. 624. 651. 657. 663. 660. 672. 667. 668. 663. 664. 664. 666. 661.
  670. 669. 674. 669. 665. 667. 665. 662. 634. 637. 622. 636. 632. 626.
  626. 632. 631. 638. 628. 631. 633. 626. 624. 625. 630. 628.]]
##############################
[[224. 266. 289. 292. 300. 301. 298. 299. 303. 300. 315. 304. 312. 303.
  306. 302. 299. 308. 310. 304. 304. 305. 298. 286. 289. 296. 283. 291.
  285. 290. 293. 286. 291. 286. 288. 281. 290. 290. 293. 290.]
 [850. 850. 850. 850. 850. 850. 850. 850. 850. 850. 850. 850. 850. 850.
  850. 850. 850. 850. 850. 850. 850. 850. 850. 800. 800. 800. 800. 800.
  800. 800. 800. 800. 800. 800. 800. 800. 800. 800. 800. 800.]
 [577. 649. 651. 667. 664. 676. 671. 671. 674. 677. 663. 673. 668. 667.
  658. 666. 661. 666. 669. 663. 661. 659. 662. 629. 624. 624. 622. 629.
  625. 627. 628. 623. 626. 623. 618. 627. 625. 622. 631. 619.]
 [577. 624. 651. 657. 663. 660. 672. 667. 668. 663. 664. 664. 666. 661.
  670. 669. 674. 669. 665. 667. 665. 662. 672. 637. 622. 636. 632. 626.
  626. 632. 631. 638. 628. 631. 633. 626. 624. 625. 630. 628.]]
##############################
[[224. 266. 289. 292. 300. 301. 298. 299. 303. 300. 315. 304. 312. 303.
  306. 302. 299. 308. 310. 304. 304. 305. 298. 299. 289. 296. 283. 291.
  285. 290. 293. 286. 291. 286. 288. 281. 290. 290. 293. 290.]
 [850. 850. 850. 850. 850. 850. 850. 850. 850. 850. 850. 850. 850. 850.
  850. 850. 850. 850. 850. 850. 850. 850. 850. 850. 800. 800. 800. 800.
  800. 800. 800. 800. 800. 800. 800. 800. 800. 800. 800. 800.]
 [577. 649. 651. 667. 664. 676. 671. 671. 674. 677. 663. 673. 668. 667.
  658. 666. 661. 666. 669. 663. 661. 659. 662. 666. 624. 624. 622. 629.
  625. 627. 628. 623. 626. 623. 618. 627. 625. 622. 631. 619.]
 [577. 624. 651. 657. 663. 660. 672. 667. 668. 663. 664. 664. 666. 661.
  670. 669. 674. 669. 665. 667. 665. 662. 672. 675. 622. 636. 632. 626.
  626. 632. 631. 638. 628. 631. 633. 626. 624. 625. 630. 628.]]
##############################
[[224. 266. 289. 292. 300. 301. 298. 299. 303. 300. 315. 304. 312. 303.
  306. 302. 299. 308. 310. 304. 304. 305. 298. 299. 301. 296. 283. 291.
  285. 290. 293. 286. 291. 286. 288. 281. 290. 290. 293. 290.]
 [850. 850. 850. 850. 850. 850. 850. 850. 850. 850. 850. 850. 850. 850.
  850. 850. 850. 850. 850. 850. 850. 850. 850. 850. 850. 800. 800. 800.
  800. 800. 800. 800. 800. 800. 800. 800. 800. 800. 800. 800.]
 [577. 649. 651. 667. 664. 676. 671. 671. 674. 677. 663. 673. 668. 667.
  658. 666. 661. 666. 669. 663. 661. 659. 662. 666. 661. 624. 622. 629.
  625. 627. 628. 623. 626. 623. 618. 627. 625. 622. 631. 619.]
 [577. 624. 651. 657. 663. 660. 672. 667. 668. 663. 664. 664. 666. 661.
  670. 669. 674. 669. 665. 667. 665. 662. 672. 675. 661. 636. 632. 626.
  626. 632. 631. 638. 628. 631. 633. 626. 624. 625. 630. 628.]]
##############################
[[224. 266. 289. 292. 300. 301. 298. 299. 303. 300. 315. 304. 312. 303.
  306. 302. 299. 308. 310. 304. 304. 305. 298. 299. 301. 308. 283. 291.
  285. 290. 293. 286. 291. 286. 288. 281. 290. 290. 293. 290.]
 [850. 850. 850. 850. 850. 850. 850. 850. 850. 850. 850. 850. 850. 850.
  850. 850. 850. 850. 850. 850. 850. 850. 850. 850. 850. 850. 800. 800.
  800. 800. 800. 800. 800. 800. 800. 800. 800. 800. 800. 800.]
 [577. 649. 651. 667. 664. 676. 671. 671. 674. 677. 663. 673. 668. 667.
  658. 666. 661. 666. 669. 663. 661. 659. 662. 666. 661. 663. 622. 629.
  625. 627. 628. 623. 626. 623. 618. 627. 625. 622. 631. 619.]
 [577. 624. 651. 657. 663. 660. 672. 667. 668. 663. 664. 664. 666. 661.
  670. 669. 674. 669. 665. 667. 665. 662. 672. 675. 661. 675. 632. 626.
  626. 632. 631. 638. 628. 631. 633. 626. 624. 625. 630. 628.]]
##############################
[[224. 266. 289. 292. 300. 301. 298. 299. 303. 300. 315. 304. 312. 303.
  306. 302. 299. 308. 310. 304. 304. 305. 298. 299. 301. 308. 296. 291.
  285. 290. 293. 286. 291. 286. 288. 281. 290. 290. 293. 290.]
 [850. 850. 850. 850. 850. 850. 850. 850. 850. 850. 850. 850. 850. 850.
  850. 850. 850. 850. 850. 850. 850. 850. 850. 850. 850. 850. 850. 800.
  800. 800. 800. 800. 800. 800. 800. 800. 800. 800. 800. 800.]
 [577. 649. 651. 667. 664. 676. 671. 671. 674. 677. 663. 673. 668. 667.
  658. 666. 661. 666. 669. 663. 661. 659. 662. 666. 661. 663. 661. 629.
  625. 627. 628. 623. 626. 623. 618. 627. 625. 622. 631. 619.]
 [577. 624. 651. 657. 663. 660. 672. 667. 668. 663. 664. 664. 666. 661.
  670. 669. 674. 669. 665. 667. 665. 662. 672. 675. 661. 675. 669. 626.
  626. 632. 631. 638. 628. 631. 633. 626. 624. 625. 630. 628.]]
##############################
[[224. 266. 289. 292. 300. 301. 298. 299. 303. 300. 315. 304. 312. 303.
  306. 302. 299. 308. 310. 304. 304. 305. 298. 299. 301. 308. 296. 303.
  285. 290. 293. 286. 291. 286. 288. 281. 290. 290. 293. 290.]
 [850. 850. 850. 850. 850. 850. 850. 850. 850. 850. 850. 850. 850. 850.
  850. 850. 850. 850. 850. 850. 850. 850. 850. 850. 850. 850. 850. 850.
  800. 800. 800. 800. 800. 800. 800. 800. 800. 800. 800. 800.]
 [577. 649. 651. 667. 664. 676. 671. 671. 674. 677. 663. 673. 668. 667.
  658. 666. 661. 666. 669. 663. 661. 659. 662. 666. 661. 663. 661. 667.
  625. 627. 628. 623. 626. 623. 618. 627. 625. 622. 631. 619.]
 [577. 624. 651. 657. 663. 660. 672. 667. 668. 663. 664. 664. 666. 661.
  670. 669. 674. 669. 665. 667. 665. 662. 672. 675. 661. 675. 669. 664.
  626. 632. 631. 638. 628. 631. 633. 626. 624. 625. 630. 628.]]
##############################
[[224. 266. 289. 292. 300. 301. 298. 299. 303. 300. 315. 304. 312. 303.
  306. 302. 299. 308. 310. 304. 304. 305. 298. 299. 301. 308. 296. 303.
  298. 290. 293. 286. 291. 286. 288. 281. 290. 290. 293. 290.]
 [850. 850. 850. 850. 850. 850. 850. 850. 850. 850. 850. 850. 850. 850.
  850. 850. 850. 850. 850. 850. 850. 850. 850. 850. 850. 850. 850. 850.
  850. 800. 800. 800. 800. 800. 800. 800. 800. 800. 800. 800.]
 [577. 649. 651. 667. 664. 676. 671. 671. 674. 677. 663. 673. 668. 667.
  658. 666. 661. 666. 669. 663. 661. 659. 662. 666. 661. 663. 661. 667.
  663. 627. 628. 623. 626. 623. 618. 627. 625. 622. 631. 619.]
 [577. 624. 651. 657. 663. 660. 672. 667. 668. 663. 664. 664. 666. 661.
  670. 669. 674. 669. 665. 667. 665. 662. 672. 675. 661. 675. 669. 664.
  666. 632. 631. 638. 628. 631. 633. 626. 624. 625. 630. 628.]]
##############################
[[224. 266. 289. 292. 300. 301. 298. 299. 303. 300. 315. 304. 312. 303.
  306. 302. 299. 308. 310. 304. 304. 305. 298. 299. 301. 308. 296. 303.
  298. 303. 293. 286. 291. 286. 288. 281. 290. 290. 293. 290.]
 [850. 850. 850. 850. 850. 850. 850. 850. 850. 850. 850. 850. 850. 850.
  850. 850. 850. 850. 850. 850. 850. 850. 850. 850. 850. 850. 850. 850.
  850. 850. 800. 800. 800. 800. 800. 800. 800. 800. 800. 800.]
 [577. 649. 651. 667. 664. 676. 671. 671. 674. 677. 663. 673. 668. 667.
  658. 666. 661. 666. 669. 663. 661. 659. 662. 666. 661. 663. 661. 667.
  663. 664. 628. 623. 626. 623. 618. 627. 625. 622. 631. 619.]
 [577. 624. 651. 657. 663. 660. 672. 667. 668. 663. 664. 664. 666. 661.
  670. 669. 674. 669. 665. 667. 665. 662. 672. 675. 661. 675. 669. 664.
  666. 669. 631. 638. 628. 631. 633. 626. 624. 625. 630. 628.]]
##############################
[[224. 266. 289. 292. 300. 301. 298. 299. 303. 300. 315. 304. 312. 303.
  306. 302. 299. 308. 310. 304. 304. 305. 298. 299. 301. 308. 296. 303.
  298. 303. 307. 286. 291. 286. 288. 281. 290. 290. 293. 290.]
 [850. 850. 850. 850. 850. 850. 850. 850. 850. 850. 850. 850. 850. 850.
  850. 850. 850. 850. 850. 850. 850. 850. 850. 850. 850. 850. 850. 850.
  850. 850. 850. 800. 800. 800. 800. 800. 800. 800. 800. 800.]
 [577. 649. 651. 667. 664. 676. 671. 671. 674. 677. 663. 673. 668. 667.
  658. 666. 661. 666. 669. 663. 661. 659. 662. 666. 661. 663. 661. 667.
  663. 664. 666. 623. 626. 623. 618. 627. 625. 622. 631. 619.]
 [577. 624. 651. 657. 663. 660. 672. 667. 668. 663. 664. 664. 666. 661.
  670. 669. 674. 669. 665. 667. 665. 662. 672. 675. 661. 675. 669. 664.
  666. 669. 669. 638. 628. 631. 633. 626. 624. 625. 630. 628.]]
##############################
[[224. 266. 289. 292. 300. 301. 298. 299. 303. 300. 315. 304. 312. 303.
  306. 302. 299. 308. 310. 304. 304. 305. 298. 299. 301. 308. 296. 303.
  298. 303. 307. 299. 291. 286. 288. 281. 290. 290. 293. 290.]
 [850. 850. 850. 850. 850. 850. 850. 850. 850. 850. 850. 850. 850. 850.
  850. 850. 850. 850. 850. 850. 850. 850. 850. 850. 850. 850. 850. 850.
  850. 850. 850. 850. 800. 800. 800. 800. 800. 800. 800. 800.]
 [577. 649. 651. 667. 664. 676. 671. 671. 674. 677. 663. 673. 668. 667.
  658. 666. 661. 666. 669. 663. 661. 659. 662. 666. 661. 663. 661. 667.
  663. 664. 666. 660. 626. 623. 618. 627. 625. 622. 631. 619.]
 [577. 624. 651. 657. 663. 660. 672. 667. 668. 663. 664. 664. 666. 661.
  670. 669. 674. 669. 665. 667. 665. 662. 672. 675. 661. 675. 669. 664.
  666. 669. 669. 674. 628. 631. 633. 626. 624. 625. 630. 628.]]
##############################
[[224. 266. 289. 292. 300. 301. 298. 299. 303. 300. 315. 304. 312. 303.
  306. 302. 299. 308. 310. 304. 304. 305. 298. 299. 301. 308. 296. 303.
  298. 303. 307. 299. 303. 286. 288. 281. 290. 290. 293. 290.]
 [850. 850. 850. 850. 850. 850. 850. 850. 850. 850. 850. 850. 850. 850.
  850. 850. 850. 850. 850. 850. 850. 850. 850. 850. 850. 850. 850. 850.
  850. 850. 850. 850. 850. 800. 800. 800. 800. 800. 800. 800.]
 [577. 649. 651. 667. 664. 676. 671. 671. 674. 677. 663. 673. 668. 667.
  658. 666. 661. 666. 669. 663. 661. 659. 662. 666. 661. 663. 661. 667.
  663. 664. 666. 660. 664. 623. 618. 627. 625. 622. 631. 619.]
 [577. 624. 651. 657. 663. 660. 672. 667. 668. 663. 664. 664. 666. 661.
  670. 669. 674. 669. 665. 667. 665. 662. 672. 675. 661. 675. 669. 664.
  666. 669. 669. 674. 665. 631. 633. 626. 624. 625. 630. 628.]]
##############################
[[224. 266. 289. 292. 300. 301. 298. 299. 303. 300. 315. 304. 312. 303.
  306. 302. 299. 308. 310. 304. 304. 305. 298. 299. 301. 308. 296. 303.
  298. 303. 307. 299. 303. 297. 288. 281. 290. 290. 293. 290.]
 [850. 850. 850. 850. 850. 850. 850. 850. 850. 850. 850. 850. 850. 850.
  850. 850. 850. 850. 850. 850. 850. 850. 850. 850. 850. 850. 850. 850.
  850. 850. 850. 850. 850. 850. 800. 800. 800. 800. 800. 800.]
 [577. 649. 651. 667. 664. 676. 671. 671. 674. 677. 663. 673. 668. 667.
  658. 666. 661. 666. 669. 663. 661. 659. 662. 666. 661. 663. 661. 667.
  663. 664. 666. 660. 664. 661. 618. 627. 625. 622. 631. 619.]
 [577. 624. 651. 657. 663. 660. 672. 667. 668. 663. 664. 664. 666. 661.
  670. 669. 674. 669. 665. 667. 665. 662. 672. 675. 661. 675. 669. 664.
  666. 669. 669. 674. 665. 670. 633. 626. 624. 625. 630. 628.]]
##############################
[[224. 266. 289. 292. 300. 301. 298. 299. 303. 300. 315. 304. 312. 303.
  306. 302. 299. 308. 310. 304. 304. 305. 298. 299. 301. 308. 296. 303.
  298. 303. 307. 299. 303. 297. 300. 281. 290. 290. 293. 290.]
 [850. 850. 850. 850. 850. 850. 850. 850. 850. 850. 850. 850. 850. 850.
  850. 850. 850. 850. 850. 850. 850. 850. 850. 850. 850. 850. 850. 850.
  850. 850. 850. 850. 850. 850. 850. 800. 800. 800. 800. 800.]
 [577. 649. 651. 667. 664. 676. 671. 671. 674. 677. 663. 673. 668. 667.
  658. 666. 661. 666. 669. 663. 661. 659. 662. 666. 661. 663. 661. 667.
  663. 664. 666. 660. 664. 661. 656. 627. 625. 622. 631. 619.]
 [577. 624. 651. 657. 663. 660. 672. 667. 668. 663. 664. 664. 666. 661.
  670. 669. 674. 669. 665. 667. 665. 662. 672. 675. 661. 675. 669. 664.
  666. 669. 669. 674. 665. 670. 671. 626. 624. 625. 630. 628.]]
##############################
[[224. 266. 289. 292. 300. 301. 298. 299. 303. 300. 315. 304. 312. 303.
  306. 302. 299. 308. 310. 304. 304. 305. 298. 299. 301. 308. 296. 303.
  298. 303. 307. 299. 303. 297. 300. 293. 290. 290. 293. 290.]
 [850. 850. 850. 850. 850. 850. 850. 850. 850. 850. 850. 850. 850. 850.
  850. 850. 850. 850. 850. 850. 850. 850. 850. 850. 850. 850. 850. 850.
  850. 850. 850. 850. 850. 850. 850. 850. 800. 800. 800. 800.]
 [577. 649. 651. 667. 664. 676. 671. 671. 674. 677. 663. 673. 668. 667.
  658. 666. 661. 666. 669. 663. 661. 659. 662. 666. 661. 663. 661. 667.
  663. 664. 666. 660. 664. 661. 656. 663. 625. 622. 631. 619.]
 [577. 624. 651. 657. 663. 660. 672. 667. 668. 663. 664. 664. 666. 661.
  670. 669. 674. 669. 665. 667. 665. 662. 672. 675. 661. 675. 669. 664.
  666. 669. 669. 674. 665. 670. 671. 664. 624. 625. 630. 628.]]
##############################
[[224. 266. 289. 292. 300. 301. 298. 299. 303. 300. 315. 304. 312. 303.
  306. 302. 299. 308. 310. 304. 304. 305. 298. 299. 301. 308. 296. 303.
  298. 303. 307. 299. 303. 297. 300. 293. 301. 290. 293. 290.]
 [850. 850. 850. 850. 850. 850. 850. 850. 850. 850. 850. 850. 850. 850.
  850. 850. 850. 850. 850. 850. 850. 850. 850. 850. 850. 850. 850. 850.
  850. 850. 850. 850. 850. 850. 850. 850. 850. 800. 800. 800.]
 [577. 649. 651. 667. 664. 676. 671. 671. 674. 677. 663. 673. 668. 667.
  658. 666. 661. 666. 669. 663. 661. 659. 662. 666. 661. 663. 661. 667.
  663. 664. 666. 660. 664. 661. 656. 663. 662. 622. 631. 619.]
 [577. 624. 651. 657. 663. 660. 672. 667. 668. 663. 664. 664. 666. 661.
  670. 669. 674. 669. 665. 667. 665. 662. 672. 675. 661. 675. 669. 664.
  666. 669. 669. 674. 665. 670. 671. 664. 662. 625. 630. 628.]]
##############################
[[224. 266. 289. 292. 300. 301. 298. 299. 303. 300. 315. 304. 312. 303.
  306. 302. 299. 308. 310. 304. 304. 305. 298. 299. 301. 308. 296. 303.
  298. 303. 307. 299. 303. 297. 300. 293. 301. 303. 293. 290.]
 [850. 850. 850. 850. 850. 850. 850. 850. 850. 850. 850. 850. 850. 850.
  850. 850. 850. 850. 850. 850. 850. 850. 850. 850. 850. 850. 850. 850.
  850. 850. 850. 850. 850. 850. 850. 850. 850. 850. 800. 800.]
 [577. 649. 651. 667. 664. 676. 671. 671. 674. 677. 663. 673. 668. 667.
  658. 666. 661. 666. 669. 663. 661. 659. 662. 666. 661. 663. 661. 667.
  663. 664. 666. 660. 664. 661. 656. 663. 662. 659. 631. 619.]
 [577. 624. 651. 657. 663. 660. 672. 667. 668. 663. 664. 664. 666. 661.
  670. 669. 674. 669. 665. 667. 665. 662. 672. 675. 661. 675. 669. 664.
  666. 669. 669. 674. 665. 670. 671. 664. 662. 662. 630. 628.]]
##############################
[[224. 266. 289. 292. 300. 301. 298. 299. 303. 300. 315. 304. 312. 303.
  306. 302. 299. 308. 310. 304. 304. 305. 298. 299. 301. 308. 296. 303.
  298. 303. 307. 299. 303. 297. 300. 293. 301. 303. 304. 290.]
 [850. 850. 850. 850. 850. 850. 850. 850. 850. 850. 850. 850. 850. 850.
  850. 850. 850. 850. 850. 850. 850. 850. 850. 850. 850. 850. 850. 850.
  850. 850. 850. 850. 850. 850. 850. 850. 850. 850. 850. 800.]
 [577. 649. 651. 667. 664. 676. 671. 671. 674. 677. 663. 673. 668. 667.
  658. 666. 661. 666. 669. 663. 661. 659. 662. 666. 661. 663. 661. 667.
  663. 664. 666. 660. 664. 661. 656. 663. 662. 659. 670. 619.]
 [577. 624. 651. 657. 663. 660. 672. 667. 668. 663. 664. 664. 666. 661.
  670. 669. 674. 669. 665. 667. 665. 662. 672. 675. 661. 675. 669. 664.
  666. 669. 669. 674. 665. 670. 671. 664. 662. 662. 670. 628.]]
##############################
[[224. 266. 289. 292. 300. 301. 298. 299. 303. 300. 315. 304. 312. 303.
  306. 302. 299. 308. 310. 304. 304. 305. 298. 299. 301. 308. 296. 303.
  298. 303. 307. 299. 303. 297. 300. 293. 301. 303. 304. 302.]
 [850. 850. 850. 850. 850. 850. 850. 850. 850. 850. 850. 850. 850. 850.
  850. 850. 850. 850. 850. 850. 850. 850. 850. 850. 850. 850. 850. 850.
  850. 850. 850. 850. 850. 850. 850. 850. 850. 850. 850. 850.]
 [577. 649. 651. 667. 664. 676. 671. 671. 674. 677. 663. 673. 668. 667.
  658. 666. 661. 666. 669. 663. 661. 659. 662. 666. 661. 663. 661. 667.
  663. 664. 666. 660. 664. 661. 656. 663. 662. 659. 670. 655.]
 [577. 624. 651. 657. 663. 660. 672. 667. 668. 663. 664. 664. 666. 661.
  670. 669. 674. 669. 665. 667. 665. 662. 672. 675. 661. 675. 669. 664.
  666. 669. 669. 674. 665. 670. 671. 664. 662. 662. 670. 665.]]
##############################
##################################################
##################################################
starting :18 batch
[[237. 266. 289. 292. 300. 301. 298. 299. 303. 300. 315. 304. 312. 303.
  306. 302. 299. 308. 310. 304. 304. 305. 298. 299. 301. 308. 296. 303.
  298. 303. 307. 299. 303. 297. 300. 293. 301. 303. 304. 302.]
 [900. 850. 850. 850. 850. 850. 850. 850. 850. 850. 850. 850. 850. 850.
  850. 850. 850. 850. 850. 850. 850. 850. 850. 850. 850. 850. 850. 850.
  850. 850. 850. 850. 850. 850. 850. 850. 850. 850. 850. 850.]
 [612. 649. 651. 667. 664. 676. 671. 671. 674. 677. 663. 673. 668. 667.
  658. 666. 661. 666. 669. 663. 661. 659. 662. 666. 661. 663. 661. 667.
  663. 664. 666. 660. 664. 661. 656. 663. 662. 659. 670. 655.]
 [609. 624. 651. 657. 663. 660. 672. 667. 668. 663. 664. 664. 666. 661.
  670. 669. 674. 669. 665. 667. 665. 662. 672. 675. 661. 675. 669. 664.
  666. 669. 669. 674. 665. 670. 671. 664. 662. 662. 670. 665.]]
##############################
[[237. 282. 289. 292. 300. 301. 298. 299. 303. 300. 315. 304. 312. 303.
  306. 302. 299. 308. 310. 304. 304. 305. 298. 299. 301. 308. 296. 303.
  298. 303. 307. 299. 303. 297. 300. 293. 301. 303. 304. 302.]
 [900. 900. 850. 850. 850. 850. 850. 850. 850. 850. 850. 850. 850. 850.
  850. 850. 850. 850. 850. 850. 850. 850. 850. 850. 850. 850. 850. 850.
  850. 850. 850. 850. 850. 850. 850. 850. 850. 850. 850. 850.]
 [612. 686. 651. 667. 664. 676. 671. 671. 674. 677. 663. 673. 668. 667.
  658. 666. 661. 666. 669. 663. 661. 659. 662. 666. 661. 663. 661. 667.
  663. 664. 666. 660. 664. 661. 656. 663. 662. 659. 670. 655.]
 [609. 660. 651. 657. 663. 660. 672. 667. 668. 663. 664. 664. 666. 661.
  670. 669. 674. 669. 665. 667. 665. 662. 672. 675. 661. 675. 669. 664.
  666. 669. 669. 674. 665. 670. 671. 664. 662. 662. 670. 665.]]
##############################
[[237. 282. 303. 292. 300. 301. 298. 299. 303. 300. 315. 304. 312. 303.
  306. 302. 299. 308. 310. 304. 304. 305. 298. 299. 301. 308. 296. 303.
  298. 303. 307. 299. 303. 297. 300. 293. 301. 303. 304. 302.]
 [900. 900. 900. 850. 850. 850. 850. 850. 850. 850. 850. 850. 850. 850.
  850. 850. 850. 850. 850. 850. 850. 850. 850. 850. 850. 850. 850. 850.
  850. 850. 850. 850. 850. 850. 850. 850. 850. 850. 850. 850.]
 [612. 686. 690. 667. 664. 676. 671. 671. 674. 677. 663. 673. 668. 667.
  658. 666. 661. 666. 669. 663. 661. 659. 662. 666. 661. 663. 661. 667.
  663. 664. 666. 660. 664. 661. 656. 663. 662. 659. 670. 655.]
 [609. 660. 692. 657. 663. 660. 672. 667. 668. 663. 664. 664. 666. 661.
  670. 669. 674. 669. 665. 667. 665. 662. 672. 675. 661. 675. 669. 664.
  666. 669. 669. 674. 665. 670. 671. 664. 662. 662. 670. 665.]]
##############################
[[237. 282. 303. 311. 300. 301. 298. 299. 303. 300. 315. 304. 312. 303.
  306. 302. 299. 308. 310. 304. 304. 305. 298. 299. 301. 308. 296. 303.
  298. 303. 307. 299. 303. 297. 300. 293. 301. 303. 304. 302.]
 [900. 900. 900. 900. 850. 850. 850. 850. 850. 850. 850. 850. 850. 850.
  850. 850. 850. 850. 850. 850. 850. 850. 850. 850. 850. 850. 850. 850.
  850. 850. 850. 850. 850. 850. 850. 850. 850. 850. 850. 850.]
 [612. 686. 690. 706. 664. 676. 671. 671. 674. 677. 663. 673. 668. 667.
  658. 666. 661. 666. 669. 663. 661. 659. 662. 666. 661. 663. 661. 667.
  663. 664. 666. 660. 664. 661. 656. 663. 662. 659. 670. 655.]
 [609. 660. 692. 698. 663. 660. 672. 667. 668. 663. 664. 664. 666. 661.
  670. 669. 674. 669. 665. 667. 665. 662. 672. 675. 661. 675. 669. 664.
  666. 669. 669. 674. 665. 670. 671. 664. 662. 662. 670. 665.]]
##############################
[[237. 282. 303. 311. 318. 301. 298. 299. 303. 300. 315. 304. 312. 303.
  306. 302. 299. 308. 310. 304. 304. 305. 298. 299. 301. 308. 296. 303.
  298. 303. 307. 299. 303. 297. 300. 293. 301. 303. 304. 302.]
 [900. 900. 900. 900. 900. 850. 850. 850. 850. 850. 850. 850. 850. 850.
  850. 850. 850. 850. 850. 850. 850. 850. 850. 850. 850. 850. 850. 850.
  850. 850. 850. 850. 850. 850. 850. 850. 850. 850. 850. 850.]
 [612. 686. 690. 706. 704. 676. 671. 671. 674. 677. 663. 673. 668. 667.
  658. 666. 661. 666. 669. 663. 661. 659. 662. 666. 661. 663. 661. 667.
  663. 664. 666. 660. 664. 661. 656. 663. 662. 659. 670. 655.]
 [609. 660. 692. 698. 704. 660. 672. 667. 668. 663. 664. 664. 666. 661.
  670. 669. 674. 669. 665. 667. 665. 662. 672. 675. 661. 675. 669. 664.
  666. 669. 669. 674. 665. 670. 671. 664. 662. 662. 670. 665.]]
##############################
[[237. 282. 303. 311. 318. 317. 298. 299. 303. 300. 315. 304. 312. 303.
  306. 302. 299. 308. 310. 304. 304. 305. 298. 299. 301. 308. 296. 303.
  298. 303. 307. 299. 303. 297. 300. 293. 301. 303. 304. 302.]
 [900. 900. 900. 900. 900. 900. 850. 850. 850. 850. 850. 850. 850. 850.
  850. 850. 850. 850. 850. 850. 850. 850. 850. 850. 850. 850. 850. 850.
  850. 850. 850. 850. 850. 850. 850. 850. 850. 850. 850. 850.]
 [612. 686. 690. 706. 704. 716. 671. 671. 674. 677. 663. 673. 668. 667.
  658. 666. 661. 666. 669. 663. 661. 659. 662. 666. 661. 663. 661. 667.
  663. 664. 666. 660. 664. 661. 656. 663. 662. 659. 670. 655.]
 [609. 660. 692. 698. 704. 700. 672. 667. 668. 663. 664. 664. 666. 661.
  670. 669. 674. 669. 665. 667. 665. 662. 672. 675. 661. 675. 669. 664.
  666. 669. 669. 674. 665. 670. 671. 664. 662. 662. 670. 665.]]
##############################
[[237. 282. 303. 311. 318. 317. 314. 299. 303. 300. 315. 304. 312. 303.
  306. 302. 299. 308. 310. 304. 304. 305. 298. 299. 301. 308. 296. 303.
  298. 303. 307. 299. 303. 297. 300. 293. 301. 303. 304. 302.]
 [900. 900. 900. 900. 900. 900. 900. 850. 850. 850. 850. 850. 850. 850.
  850. 850. 850. 850. 850. 850. 850. 850. 850. 850. 850. 850. 850. 850.
  850. 850. 850. 850. 850. 850. 850. 850. 850. 850. 850. 850.]
 [612. 686. 690. 706. 704. 716. 711. 671. 674. 677. 663. 673. 668. 667.
  658. 666. 661. 666. 669. 663. 661. 659. 662. 666. 661. 663. 661. 667.
  663. 664. 666. 660. 664. 661. 656. 663. 662. 659. 670. 655.]
 [609. 660. 692. 698. 704. 700. 713. 667. 668. 663. 664. 664. 666. 661.
  670. 669. 674. 669. 665. 667. 665. 662. 672. 675. 661. 675. 669. 664.
  666. 669. 669. 674. 665. 670. 671. 664. 662. 662. 670. 665.]]
##############################
[[237. 282. 303. 311. 318. 317. 314. 316. 303. 300. 315. 304. 312. 303.
  306. 302. 299. 308. 310. 304. 304. 305. 298. 299. 301. 308. 296. 303.
  298. 303. 307. 299. 303. 297. 300. 293. 301. 303. 304. 302.]
 [900. 900. 900. 900. 900. 900. 900. 900. 850. 850. 850. 850. 850. 850.
  850. 850. 850. 850. 850. 850. 850. 850. 850. 850. 850. 850. 850. 850.
  850. 850. 850. 850. 850. 850. 850. 850. 850. 850. 850. 850.]
 [612. 686. 690. 706. 704. 716. 711. 712. 674. 677. 663. 673. 668. 667.
  658. 666. 661. 666. 669. 663. 661. 659. 662. 666. 661. 663. 661. 667.
  663. 664. 666. 660. 664. 661. 656. 663. 662. 659. 670. 655.]
 [609. 660. 692. 698. 704. 700. 713. 707. 668. 663. 664. 664. 666. 661.
  670. 669. 674. 669. 665. 667. 665. 662. 672. 675. 661. 675. 669. 664.
  666. 669. 669. 674. 665. 670. 671. 664. 662. 662. 670. 665.]]
##############################
[[237. 282. 303. 311. 318. 317. 314. 316. 322. 300. 315. 304. 312. 303.
  306. 302. 299. 308. 310. 304. 304. 305. 298. 299. 301. 308. 296. 303.
  298. 303. 307. 299. 303. 297. 300. 293. 301. 303. 304. 302.]
 [900. 900. 900. 900. 900. 900. 900. 900. 900. 850. 850. 850. 850. 850.
  850. 850. 850. 850. 850. 850. 850. 850. 850. 850. 850. 850. 850. 850.
  850. 850. 850. 850. 850. 850. 850. 850. 850. 850. 850. 850.]
 [612. 686. 690. 706. 704. 716. 711. 712. 714. 677. 663. 673. 668. 667.
  658. 666. 661. 666. 669. 663. 661. 659. 662. 666. 661. 663. 661. 667.
  663. 664. 666. 660. 664. 661. 656. 663. 662. 659. 670. 655.]
 [609. 660. 692. 698. 704. 700. 713. 707. 709. 663. 664. 664. 666. 661.
  670. 669. 674. 669. 665. 667. 665. 662. 672. 675. 661. 675. 669. 664.
  666. 669. 669. 674. 665. 670. 671. 664. 662. 662. 670. 665.]]
##############################
[[237. 282. 303. 311. 318. 317. 314. 316. 322. 317. 315. 304. 312. 303.
  306. 302. 299. 308. 310. 304. 304. 305. 298. 299. 301. 308. 296. 303.
  298. 303. 307. 299. 303. 297. 300. 293. 301. 303. 304. 302.]
 [900. 900. 900. 900. 900. 900. 900. 900. 900. 900. 850. 850. 850. 850.
  850. 850. 850. 850. 850. 850. 850. 850. 850. 850. 850. 850. 850. 850.
  850. 850. 850. 850. 850. 850. 850. 850. 850. 850. 850. 850.]
 [612. 686. 690. 706. 704. 716. 711. 712. 714. 716. 663. 673. 668. 667.
  658. 666. 661. 666. 669. 663. 661. 659. 662. 666. 661. 663. 661. 667.
  663. 664. 666. 660. 664. 661. 656. 663. 662. 659. 670. 655.]
 [609. 660. 692. 698. 704. 700. 713. 707. 709. 704. 664. 664. 666. 661.
  670. 669. 674. 669. 665. 667. 665. 662. 672. 675. 661. 675. 669. 664.
  666. 669. 669. 674. 665. 670. 671. 664. 662. 662. 670. 665.]]
##############################
[[237. 282. 303. 311. 318. 317. 314. 316. 322. 317. 333. 304. 312. 303.
  306. 302. 299. 308. 310. 304. 304. 305. 298. 299. 301. 308. 296. 303.
  298. 303. 307. 299. 303. 297. 300. 293. 301. 303. 304. 302.]
 [900. 900. 900. 900. 900. 900. 900. 900. 900. 900. 900. 850. 850. 850.
  850. 850. 850. 850. 850. 850. 850. 850. 850. 850. 850. 850. 850. 850.
  850. 850. 850. 850. 850. 850. 850. 850. 850. 850. 850. 850.]
 [612. 686. 690. 706. 704. 716. 711. 712. 714. 716. 703. 673. 668. 667.
  658. 666. 661. 666. 669. 663. 661. 659. 662. 666. 661. 663. 661. 667.
  663. 664. 666. 660. 664. 661. 656. 663. 662. 659. 670. 655.]
 [609. 660. 692. 698. 704. 700. 713. 707. 709. 704. 704. 664. 666. 661.
  670. 669. 674. 669. 665. 667. 665. 662. 672. 675. 661. 675. 669. 664.
  666. 669. 669. 674. 665. 670. 671. 664. 662. 662. 670. 665.]]
##############################
[[237. 282. 303. 311. 318. 317. 314. 316. 322. 317. 333. 322. 312. 303.
  306. 302. 299. 308. 310. 304. 304. 305. 298. 299. 301. 308. 296. 303.
  298. 303. 307. 299. 303. 297. 300. 293. 301. 303. 304. 302.]
 [900. 900. 900. 900. 900. 900. 900. 900. 900. 900. 900. 900. 850. 850.
  850. 850. 850. 850. 850. 850. 850. 850. 850. 850. 850. 850. 850. 850.
  850. 850. 850. 850. 850. 850. 850. 850. 850. 850. 850. 850.]
 [612. 686. 690. 706. 704. 716. 711. 712. 714. 716. 703. 713. 668. 667.
  658. 666. 661. 666. 669. 663. 661. 659. 662. 666. 661. 663. 661. 667.
  663. 664. 666. 660. 664. 661. 656. 663. 662. 659. 670. 655.]
 [609. 660. 692. 698. 704. 700. 713. 707. 709. 704. 704. 705. 666. 661.
  670. 669. 674. 669. 665. 667. 665. 662. 672. 675. 661. 675. 669. 664.
  666. 669. 669. 674. 665. 670. 671. 664. 662. 662. 670. 665.]]
##############################
[[237. 282. 303. 311. 318. 317. 314. 316. 322. 317. 333. 322. 330. 303.
  306. 302. 299. 308. 310. 304. 304. 305. 298. 299. 301. 308. 296. 303.
  298. 303. 307. 299. 303. 297. 300. 293. 301. 303. 304. 302.]
 [900. 900. 900. 900. 900. 900. 900. 900. 900. 900. 900. 900. 900. 850.
  850. 850. 850. 850. 850. 850. 850. 850. 850. 850. 850. 850. 850. 850.
  850. 850. 850. 850. 850. 850. 850. 850. 850. 850. 850. 850.]
 [612. 686. 690. 706. 704. 716. 711. 712. 714. 716. 703. 713. 706. 667.
  658. 666. 661. 666. 669. 663. 661. 659. 662. 666. 661. 663. 661. 667.
  663. 664. 666. 660. 664. 661. 656. 663. 662. 659. 670. 655.]
 [609. 660. 692. 698. 704. 700. 713. 707. 709. 704. 704. 705. 708. 661.
  670. 669. 674. 669. 665. 667. 665. 662. 672. 675. 661. 675. 669. 664.
  666. 669. 669. 674. 665. 670. 671. 664. 662. 662. 670. 665.]]
##############################
[[237. 282. 303. 311. 318. 317. 314. 316. 322. 317. 333. 322. 330. 320.
  306. 302. 299. 308. 310. 304. 304. 305. 298. 299. 301. 308. 296. 303.
  298. 303. 307. 299. 303. 297. 300. 293. 301. 303. 304. 302.]
 [900. 900. 900. 900. 900. 900. 900. 900. 900. 900. 900. 900. 900. 900.
  850. 850. 850. 850. 850. 850. 850. 850. 850. 850. 850. 850. 850. 850.
  850. 850. 850. 850. 850. 850. 850. 850. 850. 850. 850. 850.]
 [612. 686. 690. 706. 704. 716. 711. 712. 714. 716. 703. 713. 706. 706.
  658. 666. 661. 666. 669. 663. 661. 659. 662. 666. 661. 663. 661. 667.
  663. 664. 666. 660. 664. 661. 656. 663. 662. 659. 670. 655.]
 [609. 660. 692. 698. 704. 700. 713. 707. 709. 704. 704. 705. 708. 701.
  670. 669. 674. 669. 665. 667. 665. 662. 672. 675. 661. 675. 669. 664.
  666. 669. 669. 674. 665. 670. 671. 664. 662. 662. 670. 665.]]
##############################
[[237. 282. 303. 311. 318. 317. 314. 316. 322. 317. 333. 322. 330. 320.
  325. 302. 299. 308. 310. 304. 304. 305. 298. 299. 301. 308. 296. 303.
  298. 303. 307. 299. 303. 297. 300. 293. 301. 303. 304. 302.]
 [900. 900. 900. 900. 900. 900. 900. 900. 900. 900. 900. 900. 900. 900.
  900. 850. 850. 850. 850. 850. 850. 850. 850. 850. 850. 850. 850. 850.
  850. 850. 850. 850. 850. 850. 850. 850. 850. 850. 850. 850.]
 [612. 686. 690. 706. 704. 716. 711. 712. 714. 716. 703. 713. 706. 706.
  695. 666. 661. 666. 669. 663. 661. 659. 662. 666. 661. 663. 661. 667.
  663. 664. 666. 660. 664. 661. 656. 663. 662. 659. 670. 655.]
 [609. 660. 692. 698. 704. 700. 713. 707. 709. 704. 704. 705. 708. 701.
  711. 669. 674. 669. 665. 667. 665. 662. 672. 675. 661. 675. 669. 664.
  666. 669. 669. 674. 665. 670. 671. 664. 662. 662. 670. 665.]]
##############################
[[237. 282. 303. 311. 318. 317. 314. 316. 322. 317. 333. 322. 330. 320.
  325. 320. 299. 308. 310. 304. 304. 305. 298. 299. 301. 308. 296. 303.
  298. 303. 307. 299. 303. 297. 300. 293. 301. 303. 304. 302.]
 [900. 900. 900. 900. 900. 900. 900. 900. 900. 900. 900. 900. 900. 900.
  900. 900. 850. 850. 850. 850. 850. 850. 850. 850. 850. 850. 850. 850.
  850. 850. 850. 850. 850. 850. 850. 850. 850. 850. 850. 850.]
 [612. 686. 690. 706. 704. 716. 711. 712. 714. 716. 703. 713. 706. 706.
  695. 702. 661. 666. 669. 663. 661. 659. 662. 666. 661. 663. 661. 667.
  663. 664. 666. 660. 664. 661. 656. 663. 662. 659. 670. 655.]
 [609. 660. 692. 698. 704. 700. 713. 707. 709. 704. 704. 705. 708. 701.
  711. 708. 674. 669. 665. 667. 665. 662. 672. 675. 661. 675. 669. 664.
  666. 669. 669. 674. 665. 670. 671. 664. 662. 662. 670. 665.]]
##############################
[[237. 282. 303. 311. 318. 317. 314. 316. 322. 317. 333. 322. 330. 320.
  325. 320. 318. 308. 310. 304. 304. 305. 298. 299. 301. 308. 296. 303.
  298. 303. 307. 299. 303. 297. 300. 293. 301. 303. 304. 302.]
 [900. 900. 900. 900. 900. 900. 900. 900. 900. 900. 900. 900. 900. 900.
  900. 900. 900. 850. 850. 850. 850. 850. 850. 850. 850. 850. 850. 850.
  850. 850. 850. 850. 850. 850. 850. 850. 850. 850. 850. 850.]
 [612. 686. 690. 706. 704. 716. 711. 712. 714. 716. 703. 713. 706. 706.
  695. 702. 701. 666. 669. 663. 661. 659. 662. 666. 661. 663. 661. 667.
  663. 664. 666. 660. 664. 661. 656. 663. 662. 659. 670. 655.]
 [609. 660. 692. 698. 704. 700. 713. 707. 709. 704. 704. 705. 708. 701.
  711. 708. 713. 669. 665. 667. 665. 662. 672. 675. 661. 675. 669. 664.
  666. 669. 669. 674. 665. 670. 671. 664. 662. 662. 670. 665.]]
##############################
[[237. 282. 303. 311. 318. 317. 314. 316. 322. 317. 333. 322. 330. 320.
  325. 320. 318. 326. 310. 304. 304. 305. 298. 299. 301. 308. 296. 303.
  298. 303. 307. 299. 303. 297. 300. 293. 301. 303. 304. 302.]
 [900. 900. 900. 900. 900. 900. 900. 900. 900. 900. 900. 900. 900. 900.
  900. 900. 900. 900. 850. 850. 850. 850. 850. 850. 850. 850. 850. 850.
  850. 850. 850. 850. 850. 850. 850. 850. 850. 850. 850. 850.]
 [612. 686. 690. 706. 704. 716. 711. 712. 714. 716. 703. 713. 706. 706.
  695. 702. 701. 704. 669. 663. 661. 659. 662. 666. 661. 663. 661. 667.
  663. 664. 666. 660. 664. 661. 656. 663. 662. 659. 670. 655.]
 [609. 660. 692. 698. 704. 700. 713. 707. 709. 704. 704. 705. 708. 701.
  711. 708. 713. 709. 665. 667. 665. 662. 672. 675. 661. 675. 669. 664.
  666. 669. 669. 674. 665. 670. 671. 664. 662. 662. 670. 665.]]
##############################
[[237. 282. 303. 311. 318. 317. 314. 316. 322. 317. 333. 322. 330. 320.
  325. 320. 318. 326. 328. 304. 304. 305. 298. 299. 301. 308. 296. 303.
  298. 303. 307. 299. 303. 297. 300. 293. 301. 303. 304. 302.]
 [900. 900. 900. 900. 900. 900. 900. 900. 900. 900. 900. 900. 900. 900.
  900. 900. 900. 900. 900. 850. 850. 850. 850. 850. 850. 850. 850. 850.
  850. 850. 850. 850. 850. 850. 850. 850. 850. 850. 850. 850.]
 [612. 686. 690. 706. 704. 716. 711. 712. 714. 716. 703. 713. 706. 706.
  695. 702. 701. 704. 707. 663. 661. 659. 662. 666. 661. 663. 661. 667.
  663. 664. 666. 660. 664. 661. 656. 663. 662. 659. 670. 655.]
 [609. 660. 692. 698. 704. 700. 713. 707. 709. 704. 704. 705. 708. 701.
  711. 708. 713. 709. 704. 667. 665. 662. 672. 675. 661. 675. 669. 664.
  666. 669. 669. 674. 665. 670. 671. 664. 662. 662. 670. 665.]]
##############################
[[237. 282. 303. 311. 318. 317. 314. 316. 322. 317. 333. 322. 330. 320.
  325. 320. 318. 326. 328. 321. 304. 305. 298. 299. 301. 308. 296. 303.
  298. 303. 307. 299. 303. 297. 300. 293. 301. 303. 304. 302.]
 [900. 900. 900. 900. 900. 900. 900. 900. 900. 900. 900. 900. 900. 900.
  900. 900. 900. 900. 900. 900. 850. 850. 850. 850. 850. 850. 850. 850.
  850. 850. 850. 850. 850. 850. 850. 850. 850. 850. 850. 850.]
 [612. 686. 690. 706. 704. 716. 711. 712. 714. 716. 703. 713. 706. 706.
  695. 702. 701. 704. 707. 700. 661. 659. 662. 666. 661. 663. 661. 667.
  663. 664. 666. 660. 664. 661. 656. 663. 662. 659. 670. 655.]
 [609. 660. 692. 698. 704. 700. 713. 707. 709. 704. 704. 705. 708. 701.
  711. 708. 713. 709. 704. 705. 665. 662. 672. 675. 661. 675. 669. 664.
  666. 669. 669. 674. 665. 670. 671. 664. 662. 662. 670. 665.]]
##############################
[[237. 282. 303. 311. 318. 317. 314. 316. 322. 317. 333. 322. 330. 320.
  325. 320. 318. 326. 328. 321. 322. 305. 298. 299. 301. 308. 296. 303.
  298. 303. 307. 299. 303. 297. 300. 293. 301. 303. 304. 302.]
 [900. 900. 900. 900. 900. 900. 900. 900. 900. 900. 900. 900. 900. 900.
  900. 900. 900. 900. 900. 900. 900. 850. 850. 850. 850. 850. 850. 850.
  850. 850. 850. 850. 850. 850. 850. 850. 850. 850. 850. 850.]
 [612. 686. 690. 706. 704. 716. 711. 712. 714. 716. 703. 713. 706. 706.
  695. 702. 701. 704. 707. 700. 699. 659. 662. 666. 661. 663. 661. 667.
  663. 664. 666. 660. 664. 661. 656. 663. 662. 659. 670. 655.]
 [609. 660. 692. 698. 704. 700. 713. 707. 709. 704. 704. 705. 708. 701.
  711. 708. 713. 709. 704. 705. 703. 662. 672. 675. 661. 675. 669. 664.
  666. 669. 669. 674. 665. 670. 671. 664. 662. 662. 670. 665.]]
##############################
[[237. 282. 303. 311. 318. 317. 314. 316. 322. 317. 333. 322. 330. 320.
  325. 320. 318. 326. 328. 321. 322. 322. 298. 299. 301. 308. 296. 303.
  298. 303. 307. 299. 303. 297. 300. 293. 301. 303. 304. 302.]
 [900. 900. 900. 900. 900. 900. 900. 900. 900. 900. 900. 900. 900. 900.
  900. 900. 900. 900. 900. 900. 900. 900. 850. 850. 850. 850. 850. 850.
  850. 850. 850. 850. 850. 850. 850. 850. 850. 850. 850. 850.]
 [612. 686. 690. 706. 704. 716. 711. 712. 714. 716. 703. 713. 706. 706.
  695. 702. 701. 704. 707. 700. 699. 699. 662. 666. 661. 663. 661. 667.
  663. 664. 666. 660. 664. 661. 656. 663. 662. 659. 670. 655.]
 [609. 660. 692. 698. 704. 700. 713. 707. 709. 704. 704. 705. 708. 701.
  711. 708. 713. 709. 704. 705. 703. 700. 672. 675. 661. 675. 669. 664.
  666. 669. 669. 674. 665. 670. 671. 664. 662. 662. 670. 665.]]
##############################
[[237. 282. 303. 311. 318. 317. 314. 316. 322. 317. 333. 322. 330. 320.
  325. 320. 318. 326. 328. 321. 322. 322. 315. 299. 301. 308. 296. 303.
  298. 303. 307. 299. 303. 297. 300. 293. 301. 303. 304. 302.]
 [900. 900. 900. 900. 900. 900. 900. 900. 900. 900. 900. 900. 900. 900.
  900. 900. 900. 900. 900. 900. 900. 900. 900. 850. 850. 850. 850. 850.
  850. 850. 850. 850. 850. 850. 850. 850. 850. 850. 850. 850.]
 [612. 686. 690. 706. 704. 716. 711. 712. 714. 716. 703. 713. 706. 706.
  695. 702. 701. 704. 707. 700. 699. 699. 700. 666. 661. 663. 661. 667.
  663. 664. 666. 660. 664. 661. 656. 663. 662. 659. 670. 655.]
 [609. 660. 692. 698. 704. 700. 713. 707. 709. 704. 704. 705. 708. 701.
  711. 708. 713. 709. 704. 705. 703. 700. 712. 675. 661. 675. 669. 664.
  666. 669. 669. 674. 665. 670. 671. 664. 662. 662. 670. 665.]]
##############################
[[237. 282. 303. 311. 318. 317. 314. 316. 322. 317. 333. 322. 330. 320.
  325. 320. 318. 326. 328. 321. 322. 322. 315. 317. 301. 308. 296. 303.
  298. 303. 307. 299. 303. 297. 300. 293. 301. 303. 304. 302.]
 [900. 900. 900. 900. 900. 900. 900. 900. 900. 900. 900. 900. 900. 900.
  900. 900. 900. 900. 900. 900. 900. 900. 900. 900. 850. 850. 850. 850.
  850. 850. 850. 850. 850. 850. 850. 850. 850. 850. 850. 850.]
 [612. 686. 690. 706. 704. 716. 711. 712. 714. 716. 703. 713. 706. 706.
  695. 702. 701. 704. 707. 700. 699. 699. 700. 706. 661. 663. 661. 667.
  663. 664. 666. 660. 664. 661. 656. 663. 662. 659. 670. 655.]
 [609. 660. 692. 698. 704. 700. 713. 707. 709. 704. 704. 705. 708. 701.
  711. 708. 713. 709. 704. 705. 703. 700. 712. 714. 661. 675. 669. 664.
  666. 669. 669. 674. 665. 670. 671. 664. 662. 662. 670. 665.]]
##############################
[[237. 282. 303. 311. 318. 317. 314. 316. 322. 317. 333. 322. 330. 320.
  325. 320. 318. 326. 328. 321. 322. 322. 315. 317. 319. 308. 296. 303.
  298. 303. 307. 299. 303. 297. 300. 293. 301. 303. 304. 302.]
 [900. 900. 900. 900. 900. 900. 900. 900. 900. 900. 900. 900. 900. 900.
  900. 900. 900. 900. 900. 900. 900. 900. 900. 900. 900. 850. 850. 850.
  850. 850. 850. 850. 850. 850. 850. 850. 850. 850. 850. 850.]
 [612. 686. 690. 706. 704. 716. 711. 712. 714. 716. 703. 713. 706. 706.
  695. 702. 701. 704. 707. 700. 699. 699. 700. 706. 698. 663. 661. 667.
  663. 664. 666. 660. 664. 661. 656. 663. 662. 659. 670. 655.]
 [609. 660. 692. 698. 704. 700. 713. 707. 709. 704. 704. 705. 708. 701.
  711. 708. 713. 709. 704. 705. 703. 700. 712. 714. 700. 675. 669. 664.
  666. 669. 669. 674. 665. 670. 671. 664. 662. 662. 670. 665.]]
##############################
[[237. 282. 303. 311. 318. 317. 314. 316. 322. 317. 333. 322. 330. 320.
  325. 320. 318. 326. 328. 321. 322. 322. 315. 317. 319. 325. 296. 303.
  298. 303. 307. 299. 303. 297. 300. 293. 301. 303. 304. 302.]
 [900. 900. 900. 900. 900. 900. 900. 900. 900. 900. 900. 900. 900. 900.
  900. 900. 900. 900. 900. 900. 900. 900. 900. 900. 900. 900. 850. 850.
  850. 850. 850. 850. 850. 850. 850. 850. 850. 850. 850. 850.]
 [612. 686. 690. 706. 704. 716. 711. 712. 714. 716. 703. 713. 706. 706.
  695. 702. 701. 704. 707. 700. 699. 699. 700. 706. 698. 703. 661. 667.
  663. 664. 666. 660. 664. 661. 656. 663. 662. 659. 670. 655.]
 [609. 660. 692. 698. 704. 700. 713. 707. 709. 704. 704. 705. 708. 701.
  711. 708. 713. 709. 704. 705. 703. 700. 712. 714. 700. 716. 669. 664.
  666. 669. 669. 674. 665. 670. 671. 664. 662. 662. 670. 665.]]
##############################
[[237. 282. 303. 311. 318. 317. 314. 316. 322. 317. 333. 322. 330. 320.
  325. 320. 318. 326. 328. 321. 322. 322. 315. 317. 319. 325. 312. 303.
  298. 303. 307. 299. 303. 297. 300. 293. 301. 303. 304. 302.]
 [900. 900. 900. 900. 900. 900. 900. 900. 900. 900. 900. 900. 900. 900.
  900. 900. 900. 900. 900. 900. 900. 900. 900. 900. 900. 900. 900. 850.
  850. 850. 850. 850. 850. 850. 850. 850. 850. 850. 850. 850.]
 [612. 686. 690. 706. 704. 716. 711. 712. 714. 716. 703. 713. 706. 706.
  695. 702. 701. 704. 707. 700. 699. 699. 700. 706. 698. 703. 700. 667.
  663. 664. 666. 660. 664. 661. 656. 663. 662. 659. 670. 655.]
 [609. 660. 692. 698. 704. 700. 713. 707. 709. 704. 704. 705. 708. 701.
  711. 708. 713. 709. 704. 705. 703. 700. 712. 714. 700. 716. 709. 664.
  666. 669. 669. 674. 665. 670. 671. 664. 662. 662. 670. 665.]]
##############################
[[237. 282. 303. 311. 318. 317. 314. 316. 322. 317. 333. 322. 330. 320.
  325. 320. 318. 326. 328. 321. 322. 322. 315. 317. 319. 325. 312. 319.
  298. 303. 307. 299. 303. 297. 300. 293. 301. 303. 304. 302.]
 [900. 900. 900. 900. 900. 900. 900. 900. 900. 900. 900. 900. 900. 900.
  900. 900. 900. 900. 900. 900. 900. 900. 900. 900. 900. 900. 900. 900.
  850. 850. 850. 850. 850. 850. 850. 850. 850. 850. 850. 850.]
 [612. 686. 690. 706. 704. 716. 711. 712. 714. 716. 703. 713. 706. 706.
  695. 702. 701. 704. 707. 700. 699. 699. 700. 706. 698. 703. 700. 704.
  663. 664. 666. 660. 664. 661. 656. 663. 662. 659. 670. 655.]
 [609. 660. 692. 698. 704. 700. 713. 707. 709. 704. 704. 705. 708. 701.
  711. 708. 713. 709. 704. 705. 703. 700. 712. 714. 700. 716. 709. 706.
  666. 669. 669. 674. 665. 670. 671. 664. 662. 662. 670. 665.]]
##############################
[[237. 282. 303. 311. 318. 317. 314. 316. 322. 317. 333. 322. 330. 320.
  325. 320. 318. 326. 328. 321. 322. 322. 315. 317. 319. 325. 312. 319.
  315. 303. 307. 299. 303. 297. 300. 293. 301. 303. 304. 302.]
 [900. 900. 900. 900. 900. 900. 900. 900. 900. 900. 900. 900. 900. 900.
  900. 900. 900. 900. 900. 900. 900. 900. 900. 900. 900. 900. 900. 900.
  900. 850. 850. 850. 850. 850. 850. 850. 850. 850. 850. 850.]
 [612. 686. 690. 706. 704. 716. 711. 712. 714. 716. 703. 713. 706. 706.
  695. 702. 701. 704. 707. 700. 699. 699. 700. 706. 698. 703. 700. 704.
  702. 664. 666. 660. 664. 661. 656. 663. 662. 659. 670. 655.]
 [609. 660. 692. 698. 704. 700. 713. 707. 709. 704. 704. 705. 708. 701.
  711. 708. 713. 709. 704. 705. 703. 700. 712. 714. 700. 716. 709. 706.
  706. 669. 669. 674. 665. 670. 671. 664. 662. 662. 670. 665.]]
##############################
[[237. 282. 303. 311. 318. 317. 314. 316. 322. 317. 333. 322. 330. 320.
  325. 320. 318. 326. 328. 321. 322. 322. 315. 317. 319. 325. 312. 319.
  315. 320. 307. 299. 303. 297. 300. 293. 301. 303. 304. 302.]
 [900. 900. 900. 900. 900. 900. 900. 900. 900. 900. 900. 900. 900. 900.
  900. 900. 900. 900. 900. 900. 900. 900. 900. 900. 900. 900. 900. 900.
  900. 900. 850. 850. 850. 850. 850. 850. 850. 850. 850. 850.]
 [612. 686. 690. 706. 704. 716. 711. 712. 714. 716. 703. 713. 706. 706.
  695. 702. 701. 704. 707. 700. 699. 699. 700. 706. 698. 703. 700. 704.
  702. 703. 666. 660. 664. 661. 656. 663. 662. 659. 670. 655.]
 [609. 660. 692. 698. 704. 700. 713. 707. 709. 704. 704. 705. 708. 701.
  711. 708. 713. 709. 704. 705. 703. 700. 712. 714. 700. 716. 709. 706.
  706. 710. 669. 674. 665. 670. 671. 664. 662. 662. 670. 665.]]
##############################
[[237. 282. 303. 311. 318. 317. 314. 316. 322. 317. 333. 322. 330. 320.
  325. 320. 318. 326. 328. 321. 322. 322. 315. 317. 319. 325. 312. 319.
  315. 320. 326. 299. 303. 297. 300. 293. 301. 303. 304. 302.]
 [900. 900. 900. 900. 900. 900. 900. 900. 900. 900. 900. 900. 900. 900.
  900. 900. 900. 900. 900. 900. 900. 900. 900. 900. 900. 900. 900. 900.
  900. 900. 900. 850. 850. 850. 850. 850. 850. 850. 850. 850.]
 [612. 686. 690. 706. 704. 716. 711. 712. 714. 716. 703. 713. 706. 706.
  695. 702. 701. 704. 707. 700. 699. 699. 700. 706. 698. 703. 700. 704.
  702. 703. 707. 660. 664. 661. 656. 663. 662. 659. 670. 655.]
 [609. 660. 692. 698. 704. 700. 713. 707. 709. 704. 704. 705. 708. 701.
  711. 708. 713. 709. 704. 705. 703. 700. 712. 714. 700. 716. 709. 706.
  706. 710. 709. 674. 665. 670. 671. 664. 662. 662. 670. 665.]]
##############################
[[237. 282. 303. 311. 318. 317. 314. 316. 322. 317. 333. 322. 330. 320.
  325. 320. 318. 326. 328. 321. 322. 322. 315. 317. 319. 325. 312. 319.
  315. 320. 326. 318. 303. 297. 300. 293. 301. 303. 304. 302.]
 [900. 900. 900. 900. 900. 900. 900. 900. 900. 900. 900. 900. 900. 900.
  900. 900. 900. 900. 900. 900. 900. 900. 900. 900. 900. 900. 900. 900.
  900. 900. 900. 900. 850. 850. 850. 850. 850. 850. 850. 850.]
 [612. 686. 690. 706. 704. 716. 711. 712. 714. 716. 703. 713. 706. 706.
  695. 702. 701. 704. 707. 700. 699. 699. 700. 706. 698. 703. 700. 704.
  702. 703. 707. 702. 664. 661. 656. 663. 662. 659. 670. 655.]
 [609. 660. 692. 698. 704. 700. 713. 707. 709. 704. 704. 705. 708. 701.
  711. 708. 713. 709. 704. 705. 703. 700. 712. 714. 700. 716. 709. 706.
  706. 710. 709. 714. 665. 670. 671. 664. 662. 662. 670. 665.]]
##############################
[[237. 282. 303. 311. 318. 317. 314. 316. 322. 317. 333. 322. 330. 320.
  325. 320. 318. 326. 328. 321. 322. 322. 315. 317. 319. 325. 312. 319.
  315. 320. 326. 318. 320. 297. 300. 293. 301. 303. 304. 302.]
 [900. 900. 900. 900. 900. 900. 900. 900. 900. 900. 900. 900. 900. 900.
  900. 900. 900. 900. 900. 900. 900. 900. 900. 900. 900. 900. 900. 900.
  900. 900. 900. 900. 900. 850. 850. 850. 850. 850. 850. 850.]
 [612. 686. 690. 706. 704. 716. 711. 712. 714. 716. 703. 713. 706. 706.
  695. 702. 701. 704. 707. 700. 699. 699. 700. 706. 698. 703. 700. 704.
  702. 703. 707. 702. 703. 661. 656. 663. 662. 659. 670. 655.]
 [609. 660. 692. 698. 704. 700. 713. 707. 709. 704. 704. 705. 708. 701.
  711. 708. 713. 709. 704. 705. 703. 700. 712. 714. 700. 716. 709. 706.
  706. 710. 709. 714. 705. 670. 671. 664. 662. 662. 670. 665.]]
##############################
[[237. 282. 303. 311. 318. 317. 314. 316. 322. 317. 333. 322. 330. 320.
  325. 320. 318. 326. 328. 321. 322. 322. 315. 317. 319. 325. 312. 319.
  315. 320. 326. 318. 320. 314. 300. 293. 301. 303. 304. 302.]
 [900. 900. 900. 900. 900. 900. 900. 900. 900. 900. 900. 900. 900. 900.
  900. 900. 900. 900. 900. 900. 900. 900. 900. 900. 900. 900. 900. 900.
  900. 900. 900. 900. 900. 900. 850. 850. 850. 850. 850. 850.]
 [612. 686. 690. 706. 704. 716. 711. 712. 714. 716. 703. 713. 706. 706.
  695. 702. 701. 704. 707. 700. 699. 699. 700. 706. 698. 703. 700. 704.
  702. 703. 707. 702. 703. 700. 656. 663. 662. 659. 670. 655.]
 [609. 660. 692. 698. 704. 700. 713. 707. 709. 704. 704. 705. 708. 701.
  711. 708. 713. 709. 704. 705. 703. 700. 712. 714. 700. 716. 709. 706.
  706. 710. 709. 714. 705. 712. 671. 664. 662. 662. 670. 665.]]
##############################
[[237. 282. 303. 311. 318. 317. 314. 316. 322. 317. 333. 322. 330. 320.
  325. 320. 318. 326. 328. 321. 322. 322. 315. 317. 319. 325. 312. 319.
  315. 320. 326. 318. 320. 314. 319. 293. 301. 303. 304. 302.]
 [900. 900. 900. 900. 900. 900. 900. 900. 900. 900. 900. 900. 900. 900.
  900. 900. 900. 900. 900. 900. 900. 900. 900. 900. 900. 900. 900. 900.
  900. 900. 900. 900. 900. 900. 900. 850. 850. 850. 850. 850.]
 [612. 686. 690. 706. 704. 716. 711. 712. 714. 716. 703. 713. 706. 706.
  695. 702. 701. 704. 707. 700. 699. 699. 700. 706. 698. 703. 700. 704.
  702. 703. 707. 702. 703. 700. 695. 663. 662. 659. 670. 655.]
 [609. 660. 692. 698. 704. 700. 713. 707. 709. 704. 704. 705. 708. 701.
  711. 708. 713. 709. 704. 705. 703. 700. 712. 714. 700. 716. 709. 706.
  706. 710. 709. 714. 705. 712. 712. 664. 662. 662. 670. 665.]]
##############################
[[237. 282. 303. 311. 318. 317. 314. 316. 322. 317. 333. 322. 330. 320.
  325. 320. 318. 326. 328. 321. 322. 322. 315. 317. 319. 325. 312. 319.
  315. 320. 326. 318. 320. 314. 319. 311. 301. 303. 304. 302.]
 [900. 900. 900. 900. 900. 900. 900. 900. 900. 900. 900. 900. 900. 900.
  900. 900. 900. 900. 900. 900. 900. 900. 900. 900. 900. 900. 900. 900.
  900. 900. 900. 900. 900. 900. 900. 900. 850. 850. 850. 850.]
 [612. 686. 690. 706. 704. 716. 711. 712. 714. 716. 703. 713. 706. 706.
  695. 702. 701. 704. 707. 700. 699. 699. 700. 706. 698. 703. 700. 704.
  702. 703. 707. 702. 703. 700. 695. 702. 662. 659. 670. 655.]
 [609. 660. 692. 698. 704. 700. 713. 707. 709. 704. 704. 705. 708. 701.
  711. 708. 713. 709. 704. 705. 703. 700. 712. 714. 700. 716. 709. 706.
  706. 710. 709. 714. 705. 712. 712. 706. 662. 662. 670. 665.]]
##############################
[[237. 282. 303. 311. 318. 317. 314. 316. 322. 317. 333. 322. 330. 320.
  325. 320. 318. 326. 328. 321. 322. 322. 315. 317. 319. 325. 312. 319.
  315. 320. 326. 318. 320. 314. 319. 311. 319. 303. 304. 302.]
 [900. 900. 900. 900. 900. 900. 900. 900. 900. 900. 900. 900. 900. 900.
  900. 900. 900. 900. 900. 900. 900. 900. 900. 900. 900. 900. 900. 900.
  900. 900. 900. 900. 900. 900. 900. 900. 900. 850. 850. 850.]
 [612. 686. 690. 706. 704. 716. 711. 712. 714. 716. 703. 713. 706. 706.
  695. 702. 701. 704. 707. 700. 699. 699. 700. 706. 698. 703. 700. 704.
  702. 703. 707. 702. 703. 700. 695. 702. 701. 659. 670. 655.]
 [609. 660. 692. 698. 704. 700. 713. 707. 709. 704. 704. 705. 708. 701.
  711. 708. 713. 709. 704. 705. 703. 700. 712. 714. 700. 716. 709. 706.
  706. 710. 709. 714. 705. 712. 712. 706. 703. 662. 670. 665.]]
##############################
[[237. 282. 303. 311. 318. 317. 314. 316. 322. 317. 333. 322. 330. 320.
  325. 320. 318. 326. 328. 321. 322. 322. 315. 317. 319. 325. 312. 319.
  315. 320. 326. 318. 320. 314. 319. 311. 319. 321. 304. 302.]
 [900. 900. 900. 900. 900. 900. 900. 900. 900. 900. 900. 900. 900. 900.
  900. 900. 900. 900. 900. 900. 900. 900. 900. 900. 900. 900. 900. 900.
  900. 900. 900. 900. 900. 900. 900. 900. 900. 900. 850. 850.]
 [612. 686. 690. 706. 704. 716. 711. 712. 714. 716. 703. 713. 706. 706.
  695. 702. 701. 704. 707. 700. 699. 699. 700. 706. 698. 703. 700. 704.
  702. 703. 707. 702. 703. 700. 695. 702. 701. 697. 670. 655.]
 [609. 660. 692. 698. 704. 700. 713. 707. 709. 704. 704. 705. 708. 701.
  711. 708. 713. 709. 704. 705. 703. 700. 712. 714. 700. 716. 709. 706.
  706. 710. 709. 714. 705. 712. 712. 706. 703. 702. 670. 665.]]
##############################
[[237. 282. 303. 311. 318. 317. 314. 316. 322. 317. 333. 322. 330. 320.
  325. 320. 318. 326. 328. 321. 322. 322. 315. 317. 319. 325. 312. 319.
  315. 320. 326. 318. 320. 314. 319. 311. 319. 321. 321. 302.]
 [900. 900. 900. 900. 900. 900. 900. 900. 900. 900. 900. 900. 900. 900.
  900. 900. 900. 900. 900. 900. 900. 900. 900. 900. 900. 900. 900. 900.
  900. 900. 900. 900. 900. 900. 900. 900. 900. 900. 900. 850.]
 [612. 686. 690. 706. 704. 716. 711. 712. 714. 716. 703. 713. 706. 706.
  695. 702. 701. 704. 707. 700. 699. 699. 700. 706. 698. 703. 700. 704.
  702. 703. 707. 702. 703. 700. 695. 702. 701. 697. 708. 655.]
 [609. 660. 692. 698. 704. 700. 713. 707. 709. 704. 704. 705. 708. 701.
  711. 708. 713. 709. 704. 705. 703. 700. 712. 714. 700. 716. 709. 706.
  706. 710. 709. 714. 705. 712. 712. 706. 703. 702. 710. 665.]]
##############################
[[237. 282. 303. 311. 318. 317. 314. 316. 322. 317. 333. 322. 330. 320.
  325. 320. 318. 326. 328. 321. 322. 322. 315. 317. 319. 325. 312. 319.
  315. 320. 326. 318. 320. 314. 319. 311. 319. 321. 321. 318.]
 [900. 900. 900. 900. 900. 900. 900. 900. 900. 900. 900. 900. 900. 900.
  900. 900. 900. 900. 900. 900. 900. 900. 900. 900. 900. 900. 900. 900.
  900. 900. 900. 900. 900. 900. 900. 900. 900. 900. 900. 900.]
 [612. 686. 690. 706. 704. 716. 711. 712. 714. 716. 703. 713. 706. 706.
  695. 702. 701. 704. 707. 700. 699. 699. 700. 706. 698. 703. 700. 704.
  702. 703. 707. 702. 703. 700. 695. 702. 701. 697. 708. 692.]
 [609. 660. 692. 698. 704. 700. 713. 707. 709. 704. 704. 705. 708. 701.
  711. 708. 713. 709. 704. 705. 703. 700. 712. 714. 700. 716. 709. 706.
  706. 710. 709. 714. 705. 712. 712. 706. 703. 702. 710. 705.]]
##############################
##################################################
##################################################
starting :19 batch
[[252. 282. 303. 311. 318. 317. 314. 316. 322. 317. 333. 322. 330. 320.
  325. 320. 318. 326. 328. 321. 322. 322. 315. 317. 319. 325. 312. 319.
  315. 320. 326. 318. 320. 314. 319. 311. 319. 321. 321. 318.]
 [950. 900. 900. 900. 900. 900. 900. 900. 900. 900. 900. 900. 900. 900.
  900. 900. 900. 900. 900. 900. 900. 900. 900. 900. 900. 900. 900. 900.
  900. 900. 900. 900. 900. 900. 900. 900. 900. 900. 900. 900.]
 [642. 686. 690. 706. 704. 716. 711. 712. 714. 716. 703. 713. 706. 706.
  695. 702. 701. 704. 707. 700. 699. 699. 700. 706. 698. 703. 700. 704.
  702. 703. 707. 702. 703. 700. 695. 702. 701. 697. 708. 692.]
 [641. 660. 692. 698. 704. 700. 713. 707. 709. 704. 704. 705. 708. 701.
  711. 708. 713. 709. 704. 705. 703. 700. 712. 714. 700. 716. 709. 706.
  706. 710. 709. 714. 705. 712. 712. 706. 703. 702. 710. 705.]]
##############################
[[252. 299. 303. 311. 318. 317. 314. 316. 322. 317. 333. 322. 330. 320.
  325. 320. 318. 326. 328. 321. 322. 322. 315. 317. 319. 325. 312. 319.
  315. 320. 326. 318. 320. 314. 319. 311. 319. 321. 321. 318.]
 [950. 950. 900. 900. 900. 900. 900. 900. 900. 900. 900. 900. 900. 900.
  900. 900. 900. 900. 900. 900. 900. 900. 900. 900. 900. 900. 900. 900.
  900. 900. 900. 900. 900. 900. 900. 900. 900. 900. 900. 900.]
 [642. 723. 690. 706. 704. 716. 711. 712. 714. 716. 703. 713. 706. 706.
  695. 702. 701. 704. 707. 700. 699. 699. 700. 706. 698. 703. 700. 704.
  702. 703. 707. 702. 703. 700. 695. 702. 701. 697. 708. 692.]
 [641. 695. 692. 698. 704. 700. 713. 707. 709. 704. 704. 705. 708. 701.
  711. 708. 713. 709. 704. 705. 703. 700. 712. 714. 700. 716. 709. 706.
  706. 710. 709. 714. 705. 712. 712. 706. 703. 702. 710. 705.]]
##############################
[[252. 299. 322. 311. 318. 317. 314. 316. 322. 317. 333. 322. 330. 320.
  325. 320. 318. 326. 328. 321. 322. 322. 315. 317. 319. 325. 312. 319.
  315. 320. 326. 318. 320. 314. 319. 311. 319. 321. 321. 318.]
 [950. 950. 950. 900. 900. 900. 900. 900. 900. 900. 900. 900. 900. 900.
  900. 900. 900. 900. 900. 900. 900. 900. 900. 900. 900. 900. 900. 900.
  900. 900. 900. 900. 900. 900. 900. 900. 900. 900. 900. 900.]
 [642. 723. 731. 706. 704. 716. 711. 712. 714. 716. 703. 713. 706. 706.
  695. 702. 701. 704. 707. 700. 699. 699. 700. 706. 698. 703. 700. 704.
  702. 703. 707. 702. 703. 700. 695. 702. 701. 697. 708. 692.]
 [641. 695. 727. 698. 704. 700. 713. 707. 709. 704. 704. 705. 708. 701.
  711. 708. 713. 709. 704. 705. 703. 700. 712. 714. 700. 716. 709. 706.
  706. 710. 709. 714. 705. 712. 712. 706. 703. 702. 710. 705.]]
##############################
[[252. 299. 322. 330. 318. 317. 314. 316. 322. 317. 333. 322. 330. 320.
  325. 320. 318. 326. 328. 321. 322. 322. 315. 317. 319. 325. 312. 319.
  315. 320. 326. 318. 320. 314. 319. 311. 319. 321. 321. 318.]
 [950. 950. 950. 950. 900. 900. 900. 900. 900. 900. 900. 900. 900. 900.
  900. 900. 900. 900. 900. 900. 900. 900. 900. 900. 900. 900. 900. 900.
  900. 900. 900. 900. 900. 900. 900. 900. 900. 900. 900. 900.]
 [642. 723. 731. 745. 704. 716. 711. 712. 714. 716. 703. 713. 706. 706.
  695. 702. 701. 704. 707. 700. 699. 699. 700. 706. 698. 703. 700. 704.
  702. 703. 707. 702. 703. 700. 695. 702. 701. 697. 708. 692.]
 [641. 695. 727. 735. 704. 700. 713. 707. 709. 704. 704. 705. 708. 701.
  711. 708. 713. 709. 704. 705. 703. 700. 712. 714. 700. 716. 709. 706.
  706. 710. 709. 714. 705. 712. 712. 706. 703. 702. 710. 705.]]
##############################
[[252. 299. 322. 330. 339. 317. 314. 316. 322. 317. 333. 322. 330. 320.
  325. 320. 318. 326. 328. 321. 322. 322. 315. 317. 319. 325. 312. 319.
  315. 320. 326. 318. 320. 314. 319. 311. 319. 321. 321. 318.]
 [950. 950. 950. 950. 950. 900. 900. 900. 900. 900. 900. 900. 900. 900.
  900. 900. 900. 900. 900. 900. 900. 900. 900. 900. 900. 900. 900. 900.
  900. 900. 900. 900. 900. 900. 900. 900. 900. 900. 900. 900.]
 [642. 723. 731. 745. 745. 716. 711. 712. 714. 716. 703. 713. 706. 706.
  695. 702. 701. 704. 707. 700. 699. 699. 700. 706. 698. 703. 700. 704.
  702. 703. 707. 702. 703. 700. 695. 702. 701. 697. 708. 692.]
 [641. 695. 727. 735. 741. 700. 713. 707. 709. 704. 704. 705. 708. 701.
  711. 708. 713. 709. 704. 705. 703. 700. 712. 714. 700. 716. 709. 706.
  706. 710. 709. 714. 705. 712. 712. 706. 703. 702. 710. 705.]]
##############################
[[252. 299. 322. 330. 339. 336. 314. 316. 322. 317. 333. 322. 330. 320.
  325. 320. 318. 326. 328. 321. 322. 322. 315. 317. 319. 325. 312. 319.
  315. 320. 326. 318. 320. 314. 319. 311. 319. 321. 321. 318.]
 [950. 950. 950. 950. 950. 950. 900. 900. 900. 900. 900. 900. 900. 900.
  900. 900. 900. 900. 900. 900. 900. 900. 900. 900. 900. 900. 900. 900.
  900. 900. 900. 900. 900. 900. 900. 900. 900. 900. 900. 900.]
 [642. 723. 731. 745. 745. 757. 711. 712. 714. 716. 703. 713. 706. 706.
  695. 702. 701. 704. 707. 700. 699. 699. 700. 706. 698. 703. 700. 704.
  702. 703. 707. 702. 703. 700. 695. 702. 701. 697. 708. 692.]
 [641. 695. 727. 735. 741. 738. 713. 707. 709. 704. 704. 705. 708. 701.
  711. 708. 713. 709. 704. 705. 703. 700. 712. 714. 700. 716. 709. 706.
  706. 710. 709. 714. 705. 712. 712. 706. 703. 702. 710. 705.]]
##############################
[[252. 299. 322. 330. 339. 336. 335. 316. 322. 317. 333. 322. 330. 320.
  325. 320. 318. 326. 328. 321. 322. 322. 315. 317. 319. 325. 312. 319.
  315. 320. 326. 318. 320. 314. 319. 311. 319. 321. 321. 318.]
 [950. 950. 950. 950. 950. 950. 950. 900. 900. 900. 900. 900. 900. 900.
  900. 900. 900. 900. 900. 900. 900. 900. 900. 900. 900. 900. 900. 900.
  900. 900. 900. 900. 900. 900. 900. 900. 900. 900. 900. 900.]
 [642. 723. 731. 745. 745. 757. 751. 712. 714. 716. 703. 713. 706. 706.
  695. 702. 701. 704. 707. 700. 699. 699. 700. 706. 698. 703. 700. 704.
  702. 703. 707. 702. 703. 700. 695. 702. 701. 697. 708. 692.]
 [641. 695. 727. 735. 741. 738. 750. 707. 709. 704. 704. 705. 708. 701.
  711. 708. 713. 709. 704. 705. 703. 700. 712. 714. 700. 716. 709. 706.
  706. 710. 709. 714. 705. 712. 712. 706. 703. 702. 710. 705.]]
##############################
[[252. 299. 322. 330. 339. 336. 335. 338. 322. 317. 333. 322. 330. 320.
  325. 320. 318. 326. 328. 321. 322. 322. 315. 317. 319. 325. 312. 319.
  315. 320. 326. 318. 320. 314. 319. 311. 319. 321. 321. 318.]
 [950. 950. 950. 950. 950. 950. 950. 950. 900. 900. 900. 900. 900. 900.
  900. 900. 900. 900. 900. 900. 900. 900. 900. 900. 900. 900. 900. 900.
  900. 900. 900. 900. 900. 900. 900. 900. 900. 900. 900. 900.]
 [642. 723. 731. 745. 745. 757. 751. 754. 714. 716. 703. 713. 706. 706.
  695. 702. 701. 704. 707. 700. 699. 699. 700. 706. 698. 703. 700. 704.
  702. 703. 707. 702. 703. 700. 695. 702. 701. 697. 708. 692.]
 [641. 695. 727. 735. 741. 738. 750. 745. 709. 704. 704. 705. 708. 701.
  711. 708. 713. 709. 704. 705. 703. 700. 712. 714. 700. 716. 709. 706.
  706. 710. 709. 714. 705. 712. 712. 706. 703. 702. 710. 705.]]
##############################
[[252. 299. 322. 330. 339. 336. 335. 338. 343. 317. 333. 322. 330. 320.
  325. 320. 318. 326. 328. 321. 322. 322. 315. 317. 319. 325. 312. 319.
  315. 320. 326. 318. 320. 314. 319. 311. 319. 321. 321. 318.]
 [950. 950. 950. 950. 950. 950. 950. 950. 950. 900. 900. 900. 900. 900.
  900. 900. 900. 900. 900. 900. 900. 900. 900. 900. 900. 900. 900. 900.
  900. 900. 900. 900. 900. 900. 900. 900. 900. 900. 900. 900.]
 [642. 723. 731. 745. 745. 757. 751. 754. 756. 716. 703. 713. 706. 706.
  695. 702. 701. 704. 707. 700. 699. 699. 700. 706. 698. 703. 700. 704.
  702. 703. 707. 702. 703. 700. 695. 702. 701. 697. 708. 692.]
 [641. 695. 727. 735. 741. 738. 750. 745. 744. 704. 704. 705. 708. 701.
  711. 708. 713. 709. 704. 705. 703. 700. 712. 714. 700. 716. 709. 706.
  706. 710. 709. 714. 705. 712. 712. 706. 703. 702. 710. 705.]]
##############################
[[252. 299. 322. 330. 339. 336. 335. 338. 343. 337. 333. 322. 330. 320.
  325. 320. 318. 326. 328. 321. 322. 322. 315. 317. 319. 325. 312. 319.
  315. 320. 326. 318. 320. 314. 319. 311. 319. 321. 321. 318.]
 [950. 950. 950. 950. 950. 950. 950. 950. 950. 950. 900. 900. 900. 900.
  900. 900. 900. 900. 900. 900. 900. 900. 900. 900. 900. 900. 900. 900.
  900. 900. 900. 900. 900. 900. 900. 900. 900. 900. 900. 900.]
 [642. 723. 731. 745. 745. 757. 751. 754. 756. 756. 703. 713. 706. 706.
  695. 702. 701. 704. 707. 700. 699. 699. 700. 706. 698. 703. 700. 704.
  702. 703. 707. 702. 703. 700. 695. 702. 701. 697. 708. 692.]
 [641. 695. 727. 735. 741. 738. 750. 745. 744. 743. 704. 705. 708. 701.
  711. 708. 713. 709. 704. 705. 703. 700. 712. 714. 700. 716. 709. 706.
  706. 710. 709. 714. 705. 712. 712. 706. 703. 702. 710. 705.]]
##############################
[[252. 299. 322. 330. 339. 336. 335. 338. 343. 337. 350. 322. 330. 320.
  325. 320. 318. 326. 328. 321. 322. 322. 315. 317. 319. 325. 312. 319.
  315. 320. 326. 318. 320. 314. 319. 311. 319. 321. 321. 318.]
 [950. 950. 950. 950. 950. 950. 950. 950. 950. 950. 950. 900. 900. 900.
  900. 900. 900. 900. 900. 900. 900. 900. 900. 900. 900. 900. 900. 900.
  900. 900. 900. 900. 900. 900. 900. 900. 900. 900. 900. 900.]
 [642. 723. 731. 745. 745. 757. 751. 754. 756. 756. 743. 713. 706. 706.
  695. 702. 701. 704. 707. 700. 699. 699. 700. 706. 698. 703. 700. 704.
  702. 703. 707. 702. 703. 700. 695. 702. 701. 697. 708. 692.]
 [641. 695. 727. 735. 741. 738. 750. 745. 744. 743. 741. 705. 708. 701.
  711. 708. 713. 709. 704. 705. 703. 700. 712. 714. 700. 716. 709. 706.
  706. 710. 709. 714. 705. 712. 712. 706. 703. 702. 710. 705.]]
##############################
[[252. 299. 322. 330. 339. 336. 335. 338. 343. 337. 350. 339. 330. 320.
  325. 320. 318. 326. 328. 321. 322. 322. 315. 317. 319. 325. 312. 319.
  315. 320. 326. 318. 320. 314. 319. 311. 319. 321. 321. 318.]
 [950. 950. 950. 950. 950. 950. 950. 950. 950. 950. 950. 950. 900. 900.
  900. 900. 900. 900. 900. 900. 900. 900. 900. 900. 900. 900. 900. 900.
  900. 900. 900. 900. 900. 900. 900. 900. 900. 900. 900. 900.]
 [642. 723. 731. 745. 745. 757. 751. 754. 756. 756. 743. 753. 706. 706.
  695. 702. 701. 704. 707. 700. 699. 699. 700. 706. 698. 703. 700. 704.
  702. 703. 707. 702. 703. 700. 695. 702. 701. 697. 708. 692.]
 [641. 695. 727. 735. 741. 738. 750. 745. 744. 743. 741. 742. 708. 701.
  711. 708. 713. 709. 704. 705. 703. 700. 712. 714. 700. 716. 709. 706.
  706. 710. 709. 714. 705. 712. 712. 706. 703. 702. 710. 705.]]
##############################
[[252. 299. 322. 330. 339. 336. 335. 338. 343. 337. 350. 339. 348. 320.
  325. 320. 318. 326. 328. 321. 322. 322. 315. 317. 319. 325. 312. 319.
  315. 320. 326. 318. 320. 314. 319. 311. 319. 321. 321. 318.]
 [950. 950. 950. 950. 950. 950. 950. 950. 950. 950. 950. 950. 950. 900.
  900. 900. 900. 900. 900. 900. 900. 900. 900. 900. 900. 900. 900. 900.
  900. 900. 900. 900. 900. 900. 900. 900. 900. 900. 900. 900.]
 [642. 723. 731. 745. 745. 757. 751. 754. 756. 756. 743. 753. 747. 706.
  695. 702. 701. 704. 707. 700. 699. 699. 700. 706. 698. 703. 700. 704.
  702. 703. 707. 702. 703. 700. 695. 702. 701. 697. 708. 692.]
 [641. 695. 727. 735. 741. 738. 750. 745. 744. 743. 741. 742. 748. 701.
  711. 708. 713. 709. 704. 705. 703. 700. 712. 714. 700. 716. 709. 706.
  706. 710. 709. 714. 705. 712. 712. 706. 703. 702. 710. 705.]]
##############################
[[252. 299. 322. 330. 339. 336. 335. 338. 343. 337. 350. 339. 348. 338.
  325. 320. 318. 326. 328. 321. 322. 322. 315. 317. 319. 325. 312. 319.
  315. 320. 326. 318. 320. 314. 319. 311. 319. 321. 321. 318.]
 [950. 950. 950. 950. 950. 950. 950. 950. 950. 950. 950. 950. 950. 950.
  900. 900. 900. 900. 900. 900. 900. 900. 900. 900. 900. 900. 900. 900.
  900. 900. 900. 900. 900. 900. 900. 900. 900. 900. 900. 900.]
 [642. 723. 731. 745. 745. 757. 751. 754. 756. 756. 743. 753. 747. 746.
  695. 702. 701. 704. 707. 700. 699. 699. 700. 706. 698. 703. 700. 704.
  702. 703. 707. 702. 703. 700. 695. 702. 701. 697. 708. 692.]
 [641. 695. 727. 735. 741. 738. 750. 745. 744. 743. 741. 742. 748. 738.
  711. 708. 713. 709. 704. 705. 703. 700. 712. 714. 700. 716. 709. 706.
  706. 710. 709. 714. 705. 712. 712. 706. 703. 702. 710. 705.]]
##############################
[[252. 299. 322. 330. 339. 336. 335. 338. 343. 337. 350. 339. 348. 338.
  343. 320. 318. 326. 328. 321. 322. 322. 315. 317. 319. 325. 312. 319.
  315. 320. 326. 318. 320. 314. 319. 311. 319. 321. 321. 318.]
 [950. 950. 950. 950. 950. 950. 950. 950. 950. 950. 950. 950. 950. 950.
  950. 900. 900. 900. 900. 900. 900. 900. 900. 900. 900. 900. 900. 900.
  900. 900. 900. 900. 900. 900. 900. 900. 900. 900. 900. 900.]
 [642. 723. 731. 745. 745. 757. 751. 754. 756. 756. 743. 753. 747. 746.
  735. 702. 701. 704. 707. 700. 699. 699. 700. 706. 698. 703. 700. 704.
  702. 703. 707. 702. 703. 700. 695. 702. 701. 697. 708. 692.]
 [641. 695. 727. 735. 741. 738. 750. 745. 744. 743. 741. 742. 748. 738.
  749. 708. 713. 709. 704. 705. 703. 700. 712. 714. 700. 716. 709. 706.
  706. 710. 709. 714. 705. 712. 712. 706. 703. 702. 710. 705.]]
##############################
[[252. 299. 322. 330. 339. 336. 335. 338. 343. 337. 350. 339. 348. 338.
  343. 340. 318. 326. 328. 321. 322. 322. 315. 317. 319. 325. 312. 319.
  315. 320. 326. 318. 320. 314. 319. 311. 319. 321. 321. 318.]
 [950. 950. 950. 950. 950. 950. 950. 950. 950. 950. 950. 950. 950. 950.
  950. 950. 900. 900. 900. 900. 900. 900. 900. 900. 900. 900. 900. 900.
  900. 900. 900. 900. 900. 900. 900. 900. 900. 900. 900. 900.]
 [642. 723. 731. 745. 745. 757. 751. 754. 756. 756. 743. 753. 747. 746.
  735. 744. 701. 704. 707. 700. 699. 699. 700. 706. 698. 703. 700. 704.
  702. 703. 707. 702. 703. 700. 695. 702. 701. 697. 708. 692.]
 [641. 695. 727. 735. 741. 738. 750. 745. 744. 743. 741. 742. 748. 738.
  749. 746. 713. 709. 704. 705. 703. 700. 712. 714. 700. 716. 709. 706.
  706. 710. 709. 714. 705. 712. 712. 706. 703. 702. 710. 705.]]
##############################
[[252. 299. 322. 330. 339. 336. 335. 338. 343. 337. 350. 339. 348. 338.
  343. 340. 339. 326. 328. 321. 322. 322. 315. 317. 319. 325. 312. 319.
  315. 320. 326. 318. 320. 314. 319. 311. 319. 321. 321. 318.]
 [950. 950. 950. 950. 950. 950. 950. 950. 950. 950. 950. 950. 950. 950.
  950. 950. 950. 900. 900. 900. 900. 900. 900. 900. 900. 900. 900. 900.
  900. 900. 900. 900. 900. 900. 900. 900. 900. 900. 900. 900.]
 [642. 723. 731. 745. 745. 757. 751. 754. 756. 756. 743. 753. 747. 746.
  735. 744. 743. 704. 707. 700. 699. 699. 700. 706. 698. 703. 700. 704.
  702. 703. 707. 702. 703. 700. 695. 702. 701. 697. 708. 692.]
 [641. 695. 727. 735. 741. 738. 750. 745. 744. 743. 741. 742. 748. 738.
  749. 746. 752. 709. 704. 705. 703. 700. 712. 714. 700. 716. 709. 706.
  706. 710. 709. 714. 705. 712. 712. 706. 703. 702. 710. 705.]]
##############################
[[252. 299. 322. 330. 339. 336. 335. 338. 343. 337. 350. 339. 348. 338.
  343. 340. 339. 347. 328. 321. 322. 322. 315. 317. 319. 325. 312. 319.
  315. 320. 326. 318. 320. 314. 319. 311. 319. 321. 321. 318.]
 [950. 950. 950. 950. 950. 950. 950. 950. 950. 950. 950. 950. 950. 950.
  950. 950. 950. 950. 900. 900. 900. 900. 900. 900. 900. 900. 900. 900.
  900. 900. 900. 900. 900. 900. 900. 900. 900. 900. 900. 900.]
 [642. 723. 731. 745. 745. 757. 751. 754. 756. 756. 743. 753. 747. 746.
  735. 744. 743. 746. 707. 700. 699. 699. 700. 706. 698. 703. 700. 704.
  702. 703. 707. 702. 703. 700. 695. 702. 701. 697. 708. 692.]
 [641. 695. 727. 735. 741. 738. 750. 745. 744. 743. 741. 742. 748. 738.
  749. 746. 752. 748. 704. 705. 703. 700. 712. 714. 700. 716. 709. 706.
  706. 710. 709. 714. 705. 712. 712. 706. 703. 702. 710. 705.]]
##############################
[[252. 299. 322. 330. 339. 336. 335. 338. 343. 337. 350. 339. 348. 338.
  343. 340. 339. 347. 348. 321. 322. 322. 315. 317. 319. 325. 312. 319.
  315. 320. 326. 318. 320. 314. 319. 311. 319. 321. 321. 318.]
 [950. 950. 950. 950. 950. 950. 950. 950. 950. 950. 950. 950. 950. 950.
  950. 950. 950. 950. 950. 900. 900. 900. 900. 900. 900. 900. 900. 900.
  900. 900. 900. 900. 900. 900. 900. 900. 900. 900. 900. 900.]
 [642. 723. 731. 745. 745. 757. 751. 754. 756. 756. 743. 753. 747. 746.
  735. 744. 743. 746. 748. 700. 699. 699. 700. 706. 698. 703. 700. 704.
  702. 703. 707. 702. 703. 700. 695. 702. 701. 697. 708. 692.]
 [641. 695. 727. 735. 741. 738. 750. 745. 744. 743. 741. 742. 748. 738.
  749. 746. 752. 748. 742. 705. 703. 700. 712. 714. 700. 716. 709. 706.
  706. 710. 709. 714. 705. 712. 712. 706. 703. 702. 710. 705.]]
##############################
[[252. 299. 322. 330. 339. 336. 335. 338. 343. 337. 350. 339. 348. 338.
  343. 340. 339. 347. 348. 341. 322. 322. 315. 317. 319. 325. 312. 319.
  315. 320. 326. 318. 320. 314. 319. 311. 319. 321. 321. 318.]
 [950. 950. 950. 950. 950. 950. 950. 950. 950. 950. 950. 950. 950. 950.
  950. 950. 950. 950. 950. 950. 900. 900. 900. 900. 900. 900. 900. 900.
  900. 900. 900. 900. 900. 900. 900. 900. 900. 900. 900. 900.]
 [642. 723. 731. 745. 745. 757. 751. 754. 756. 756. 743. 753. 747. 746.
  735. 744. 743. 746. 748. 743. 699. 699. 700. 706. 698. 703. 700. 704.
  702. 703. 707. 702. 703. 700. 695. 702. 701. 697. 708. 692.]
 [641. 695. 727. 735. 741. 738. 750. 745. 744. 743. 741. 742. 748. 738.
  749. 746. 752. 748. 742. 742. 703. 700. 712. 714. 700. 716. 709. 706.
  706. 710. 709. 714. 705. 712. 712. 706. 703. 702. 710. 705.]]
##############################
[[252. 299. 322. 330. 339. 336. 335. 338. 343. 337. 350. 339. 348. 338.
  343. 340. 339. 347. 348. 341. 342. 322. 315. 317. 319. 325. 312. 319.
  315. 320. 326. 318. 320. 314. 319. 311. 319. 321. 321. 318.]
 [950. 950. 950. 950. 950. 950. 950. 950. 950. 950. 950. 950. 950. 950.
  950. 950. 950. 950. 950. 950. 950. 900. 900. 900. 900. 900. 900. 900.
  900. 900. 900. 900. 900. 900. 900. 900. 900. 900. 900. 900.]
 [642. 723. 731. 745. 745. 757. 751. 754. 756. 756. 743. 753. 747. 746.
  735. 744. 743. 746. 748. 743. 742. 699. 700. 706. 698. 703. 700. 704.
  702. 703. 707. 702. 703. 700. 695. 702. 701. 697. 708. 692.]
 [641. 695. 727. 735. 741. 738. 750. 745. 744. 743. 741. 742. 748. 738.
  749. 746. 752. 748. 742. 742. 739. 700. 712. 714. 700. 716. 709. 706.
  706. 710. 709. 714. 705. 712. 712. 706. 703. 702. 710. 705.]]
##############################
[[252. 299. 322. 330. 339. 336. 335. 338. 343. 337. 350. 339. 348. 338.
  343. 340. 339. 347. 348. 341. 342. 344. 315. 317. 319. 325. 312. 319.
  315. 320. 326. 318. 320. 314. 319. 311. 319. 321. 321. 318.]
 [950. 950. 950. 950. 950. 950. 950. 950. 950. 950. 950. 950. 950. 950.
  950. 950. 950. 950. 950. 950. 950. 950. 900. 900. 900. 900. 900. 900.
  900. 900. 900. 900. 900. 900. 900. 900. 900. 900. 900. 900.]
 [642. 723. 731. 745. 745. 757. 751. 754. 756. 756. 743. 753. 747. 746.
  735. 744. 743. 746. 748. 743. 742. 740. 700. 706. 698. 703. 700. 704.
  702. 703. 707. 702. 703. 700. 695. 702. 701. 697. 708. 692.]
 [641. 695. 727. 735. 741. 738. 750. 745. 744. 743. 741. 742. 748. 738.
  749. 746. 752. 748. 742. 742. 739. 737. 712. 714. 700. 716. 709. 706.
  706. 710. 709. 714. 705. 712. 712. 706. 703. 702. 710. 705.]]
##############################
[[252. 299. 322. 330. 339. 336. 335. 338. 343. 337. 350. 339. 348. 338.
  343. 340. 339. 347. 348. 341. 342. 344. 337. 317. 319. 325. 312. 319.
  315. 320. 326. 318. 320. 314. 319. 311. 319. 321. 321. 318.]
 [950. 950. 950. 950. 950. 950. 950. 950. 950. 950. 950. 950. 950. 950.
  950. 950. 950. 950. 950. 950. 950. 950. 950. 900. 900. 900. 900. 900.
  900. 900. 900. 900. 900. 900. 900. 900. 900. 900. 900. 900.]
 [642. 723. 731. 745. 745. 757. 751. 754. 756. 756. 743. 753. 747. 746.
  735. 744. 743. 746. 748. 743. 742. 740. 742. 706. 698. 703. 700. 704.
  702. 703. 707. 702. 703. 700. 695. 702. 701. 697. 708. 692.]
 [641. 695. 727. 735. 741. 738. 750. 745. 744. 743. 741. 742. 748. 738.
  749. 746. 752. 748. 742. 742. 739. 737. 746. 714. 700. 716. 709. 706.
  706. 710. 709. 714. 705. 712. 712. 706. 703. 702. 710. 705.]]
##############################
[[252. 299. 322. 330. 339. 336. 335. 338. 343. 337. 350. 339. 348. 338.
  343. 340. 339. 347. 348. 341. 342. 344. 337. 339. 319. 325. 312. 319.
  315. 320. 326. 318. 320. 314. 319. 311. 319. 321. 321. 318.]
 [950. 950. 950. 950. 950. 950. 950. 950. 950. 950. 950. 950. 950. 950.
  950. 950. 950. 950. 950. 950. 950. 950. 950. 950. 900. 900. 900. 900.
  900. 900. 900. 900. 900. 900. 900. 900. 900. 900. 900. 900.]
 [642. 723. 731. 745. 745. 757. 751. 754. 756. 756. 743. 753. 747. 746.
  735. 744. 743. 746. 748. 743. 742. 740. 742. 750. 698. 703. 700. 704.
  702. 703. 707. 702. 703. 700. 695. 702. 701. 697. 708. 692.]
 [641. 695. 727. 735. 741. 738. 750. 745. 744. 743. 741. 742. 748. 738.
  749. 746. 752. 748. 742. 742. 739. 737. 746. 750. 700. 716. 709. 706.
  706. 710. 709. 714. 705. 712. 712. 706. 703. 702. 710. 705.]]
##############################
[[252. 299. 322. 330. 339. 336. 335. 338. 343. 337. 350. 339. 348. 338.
  343. 340. 339. 347. 348. 341. 342. 344. 337. 339. 340. 325. 312. 319.
  315. 320. 326. 318. 320. 314. 319. 311. 319. 321. 321. 318.]
 [950. 950. 950. 950. 950. 950. 950. 950. 950. 950. 950. 950. 950. 950.
  950. 950. 950. 950. 950. 950. 950. 950. 950. 950. 950. 900. 900. 900.
  900. 900. 900. 900. 900. 900. 900. 900. 900. 900. 900. 900.]
 [642. 723. 731. 745. 745. 757. 751. 754. 756. 756. 743. 753. 747. 746.
  735. 744. 743. 746. 748. 743. 742. 740. 742. 750. 740. 703. 700. 704.
  702. 703. 707. 702. 703. 700. 695. 702. 701. 697. 708. 692.]
 [641. 695. 727. 735. 741. 738. 750. 745. 744. 743. 741. 742. 748. 738.
  749. 746. 752. 748. 742. 742. 739. 737. 746. 750. 738. 716. 709. 706.
  706. 710. 709. 714. 705. 712. 712. 706. 703. 702. 710. 705.]]
##############################
[[252. 299. 322. 330. 339. 336. 335. 338. 343. 337. 350. 339. 348. 338.
  343. 340. 339. 347. 348. 341. 342. 344. 337. 339. 340. 345. 312. 319.
  315. 320. 326. 318. 320. 314. 319. 311. 319. 321. 321. 318.]
 [950. 950. 950. 950. 950. 950. 950. 950. 950. 950. 950. 950. 950. 950.
  950. 950. 950. 950. 950. 950. 950. 950. 950. 950. 950. 950. 900. 900.
  900. 900. 900. 900. 900. 900. 900. 900. 900. 900. 900. 900.]
 [642. 723. 731. 745. 745. 757. 751. 754. 756. 756. 743. 753. 747. 746.
  735. 744. 743. 746. 748. 743. 742. 740. 742. 750. 740. 745. 700. 704.
  702. 703. 707. 702. 703. 700. 695. 702. 701. 697. 708. 692.]
 [641. 695. 727. 735. 741. 738. 750. 745. 744. 743. 741. 742. 748. 738.
  749. 746. 752. 748. 742. 742. 739. 737. 746. 750. 738. 753. 709. 706.
  706. 710. 709. 714. 705. 712. 712. 706. 703. 702. 710. 705.]]
##############################
[[252. 299. 322. 330. 339. 336. 335. 338. 343. 337. 350. 339. 348. 338.
  343. 340. 339. 347. 348. 341. 342. 344. 337. 339. 340. 345. 331. 319.
  315. 320. 326. 318. 320. 314. 319. 311. 319. 321. 321. 318.]
 [950. 950. 950. 950. 950. 950. 950. 950. 950. 950. 950. 950. 950. 950.
  950. 950. 950. 950. 950. 950. 950. 950. 950. 950. 950. 950. 950. 900.
  900. 900. 900. 900. 900. 900. 900. 900. 900. 900. 900. 900.]
 [642. 723. 731. 745. 745. 757. 751. 754. 756. 756. 743. 753. 747. 746.
  735. 744. 743. 746. 748. 743. 742. 740. 742. 750. 740. 745. 743. 704.
  702. 703. 707. 702. 703. 700. 695. 702. 701. 697. 708. 692.]
 [641. 695. 727. 735. 741. 738. 750. 745. 744. 743. 741. 742. 748. 738.
  749. 746. 752. 748. 742. 742. 739. 737. 746. 750. 738. 753. 746. 706.
  706. 710. 709. 714. 705. 712. 712. 706. 703. 702. 710. 705.]]
##############################
[[252. 299. 322. 330. 339. 336. 335. 338. 343. 337. 350. 339. 348. 338.
  343. 340. 339. 347. 348. 341. 342. 344. 337. 339. 340. 345. 331. 339.
  315. 320. 326. 318. 320. 314. 319. 311. 319. 321. 321. 318.]
 [950. 950. 950. 950. 950. 950. 950. 950. 950. 950. 950. 950. 950. 950.
  950. 950. 950. 950. 950. 950. 950. 950. 950. 950. 950. 950. 950. 950.
  900. 900. 900. 900. 900. 900. 900. 900. 900. 900. 900. 900.]
 [642. 723. 731. 745. 745. 757. 751. 754. 756. 756. 743. 753. 747. 746.
  735. 744. 743. 746. 748. 743. 742. 740. 742. 750. 740. 745. 743. 747.
  702. 703. 707. 702. 703. 700. 695. 702. 701. 697. 708. 692.]
 [641. 695. 727. 735. 741. 738. 750. 745. 744. 743. 741. 742. 748. 738.
  749. 746. 752. 748. 742. 742. 739. 737. 746. 750. 738. 753. 746. 742.
  706. 710. 709. 714. 705. 712. 712. 706. 703. 702. 710. 705.]]
##############################
[[252. 299. 322. 330. 339. 336. 335. 338. 343. 337. 350. 339. 348. 338.
  343. 340. 339. 347. 348. 341. 342. 344. 337. 339. 340. 345. 331. 339.
  335. 320. 326. 318. 320. 314. 319. 311. 319. 321. 321. 318.]
 [950. 950. 950. 950. 950. 950. 950. 950. 950. 950. 950. 950. 950. 950.
  950. 950. 950. 950. 950. 950. 950. 950. 950. 950. 950. 950. 950. 950.
  950. 900. 900. 900. 900. 900. 900. 900. 900. 900. 900. 900.]
 [642. 723. 731. 745. 745. 757. 751. 754. 756. 756. 743. 753. 747. 746.
  735. 744. 743. 746. 748. 743. 742. 740. 742. 750. 740. 745. 743. 747.
  744. 703. 707. 702. 703. 700. 695. 702. 701. 697. 708. 692.]
 [641. 695. 727. 735. 741. 738. 750. 745. 744. 743. 741. 742. 748. 738.
  749. 746. 752. 748. 742. 742. 739. 737. 746. 750. 738. 753. 746. 742.
  743. 710. 709. 714. 705. 712. 712. 706. 703. 702. 710. 705.]]
##############################
[[252. 299. 322. 330. 339. 336. 335. 338. 343. 337. 350. 339. 348. 338.
  343. 340. 339. 347. 348. 341. 342. 344. 337. 339. 340. 345. 331. 339.
  335. 339. 326. 318. 320. 314. 319. 311. 319. 321. 321. 318.]
 [950. 950. 950. 950. 950. 950. 950. 950. 950. 950. 950. 950. 950. 950.
  950. 950. 950. 950. 950. 950. 950. 950. 950. 950. 950. 950. 950. 950.
  950. 950. 900. 900. 900. 900. 900. 900. 900. 900. 900. 900.]
 [642. 723. 731. 745. 745. 757. 751. 754. 756. 756. 743. 753. 747. 746.
  735. 744. 743. 746. 748. 743. 742. 740. 742. 750. 740. 745. 743. 747.
  744. 744. 707. 702. 703. 700. 695. 702. 701. 697. 708. 692.]
 [641. 695. 727. 735. 741. 738. 750. 745. 744. 743. 741. 742. 748. 738.
  749. 746. 752. 748. 742. 742. 739. 737. 746. 750. 738. 753. 746. 742.
  743. 746. 709. 714. 705. 712. 712. 706. 703. 702. 710. 705.]]
##############################
[[252. 299. 322. 330. 339. 336. 335. 338. 343. 337. 350. 339. 348. 338.
  343. 340. 339. 347. 348. 341. 342. 344. 337. 339. 340. 345. 331. 339.
  335. 339. 346. 318. 320. 314. 319. 311. 319. 321. 321. 318.]
 [950. 950. 950. 950. 950. 950. 950. 950. 950. 950. 950. 950. 950. 950.
  950. 950. 950. 950. 950. 950. 950. 950. 950. 950. 950. 950. 950. 950.
  950. 950. 950. 900. 900. 900. 900. 900. 900. 900. 900. 900.]
 [642. 723. 731. 745. 745. 757. 751. 754. 756. 756. 743. 753. 747. 746.
  735. 744. 743. 746. 748. 743. 742. 740. 742. 750. 740. 745. 743. 747.
  744. 744. 748. 702. 703. 700. 695. 702. 701. 697. 708. 692.]
 [641. 695. 727. 735. 741. 738. 750. 745. 744. 743. 741. 742. 748. 738.
  749. 746. 752. 748. 742. 742. 739. 737. 746. 750. 738. 753. 746. 742.
  743. 746. 743. 714. 705. 712. 712. 706. 703. 702. 710. 705.]]
##############################
[[252. 299. 322. 330. 339. 336. 335. 338. 343. 337. 350. 339. 348. 338.
  343. 340. 339. 347. 348. 341. 342. 344. 337. 339. 340. 345. 331. 339.
  335. 339. 346. 336. 320. 314. 319. 311. 319. 321. 321. 318.]
 [950. 950. 950. 950. 950. 950. 950. 950. 950. 950. 950. 950. 950. 950.
  950. 950. 950. 950. 950. 950. 950. 950. 950. 950. 950. 950. 950. 950.
  950. 950. 950. 950. 900. 900. 900. 900. 900. 900. 900. 900.]
 [642. 723. 731. 745. 745. 757. 751. 754. 756. 756. 743. 753. 747. 746.
  735. 744. 743. 746. 748. 743. 742. 740. 742. 750. 740. 745. 743. 747.
  744. 744. 748. 743. 703. 700. 695. 702. 701. 697. 708. 692.]
 [641. 695. 727. 735. 741. 738. 750. 745. 744. 743. 741. 742. 748. 738.
  749. 746. 752. 748. 742. 742. 739. 737. 746. 750. 738. 753. 746. 742.
  743. 746. 743. 751. 705. 712. 712. 706. 703. 702. 710. 705.]]
##############################
[[252. 299. 322. 330. 339. 336. 335. 338. 343. 337. 350. 339. 348. 338.
  343. 340. 339. 347. 348. 341. 342. 344. 337. 339. 340. 345. 331. 339.
  335. 339. 346. 336. 340. 314. 319. 311. 319. 321. 321. 318.]
 [950. 950. 950. 950. 950. 950. 950. 950. 950. 950. 950. 950. 950. 950.
  950. 950. 950. 950. 950. 950. 950. 950. 950. 950. 950. 950. 950. 950.
  950. 950. 950. 950. 950. 900. 900. 900. 900. 900. 900. 900.]
 [642. 723. 731. 745. 745. 757. 751. 754. 756. 756. 743. 753. 747. 746.
  735. 744. 743. 746. 748. 743. 742. 740. 742. 750. 740. 745. 743. 747.
  744. 744. 748. 743. 744. 700. 695. 702. 701. 697. 708. 692.]
 [641. 695. 727. 735. 741. 738. 750. 745. 744. 743. 741. 742. 748. 738.
  749. 746. 752. 748. 742. 742. 739. 737. 746. 750. 738. 753. 746. 742.
  743. 746. 743. 751. 741. 712. 712. 706. 703. 702. 710. 705.]]
##############################
[[252. 299. 322. 330. 339. 336. 335. 338. 343. 337. 350. 339. 348. 338.
  343. 340. 339. 347. 348. 341. 342. 344. 337. 339. 340. 345. 331. 339.
  335. 339. 346. 336. 340. 334. 319. 311. 319. 321. 321. 318.]
 [950. 950. 950. 950. 950. 950. 950. 950. 950. 950. 950. 950. 950. 950.
  950. 950. 950. 950. 950. 950. 950. 950. 950. 950. 950. 950. 950. 950.
  950. 950. 950. 950. 950. 950. 900. 900. 900. 900. 900. 900.]
 [642. 723. 731. 745. 745. 757. 751. 754. 756. 756. 743. 753. 747. 746.
  735. 744. 743. 746. 748. 743. 742. 740. 742. 750. 740. 745. 743. 747.
  744. 744. 748. 743. 744. 743. 695. 702. 701. 697. 708. 692.]
 [641. 695. 727. 735. 741. 738. 750. 745. 744. 743. 741. 742. 748. 738.
  749. 746. 752. 748. 742. 742. 739. 737. 746. 750. 738. 753. 746. 742.
  743. 746. 743. 751. 741. 748. 712. 706. 703. 702. 710. 705.]]
##############################
[[252. 299. 322. 330. 339. 336. 335. 338. 343. 337. 350. 339. 348. 338.
  343. 340. 339. 347. 348. 341. 342. 344. 337. 339. 340. 345. 331. 339.
  335. 339. 346. 336. 340. 334. 338. 311. 319. 321. 321. 318.]
 [950. 950. 950. 950. 950. 950. 950. 950. 950. 950. 950. 950. 950. 950.
  950. 950. 950. 950. 950. 950. 950. 950. 950. 950. 950. 950. 950. 950.
  950. 950. 950. 950. 950. 950. 950. 900. 900. 900. 900. 900.]
 [642. 723. 731. 745. 745. 757. 751. 754. 756. 756. 743. 753. 747. 746.
  735. 744. 743. 746. 748. 743. 742. 740. 742. 750. 740. 745. 743. 747.
  744. 744. 748. 743. 744. 743. 741. 702. 701. 697. 708. 692.]
 [641. 695. 727. 735. 741. 738. 750. 745. 744. 743. 741. 742. 748. 738.
  749. 746. 752. 748. 742. 742. 739. 737. 746. 750. 738. 753. 746. 742.
  743. 746. 743. 751. 741. 748. 749. 706. 703. 702. 710. 705.]]
##############################
[[252. 299. 322. 330. 339. 336. 335. 338. 343. 337. 350. 339. 348. 338.
  343. 340. 339. 347. 348. 341. 342. 344. 337. 339. 340. 345. 331. 339.
  335. 339. 346. 336. 340. 334. 338. 330. 319. 321. 321. 318.]
 [950. 950. 950. 950. 950. 950. 950. 950. 950. 950. 950. 950. 950. 950.
  950. 950. 950. 950. 950. 950. 950. 950. 950. 950. 950. 950. 950. 950.
  950. 950. 950. 950. 950. 950. 950. 950. 900. 900. 900. 900.]
 [642. 723. 731. 745. 745. 757. 751. 754. 756. 756. 743. 753. 747. 746.
  735. 744. 743. 746. 748. 743. 742. 740. 742. 750. 740. 745. 743. 747.
  744. 744. 748. 743. 744. 743. 741. 747. 701. 697. 708. 692.]
 [641. 695. 727. 735. 741. 738. 750. 745. 744. 743. 741. 742. 748. 738.
  749. 746. 752. 748. 742. 742. 739. 737. 746. 750. 738. 753. 746. 742.
  743. 746. 743. 751. 741. 748. 749. 745. 703. 702. 710. 705.]]
##############################
[[252. 299. 322. 330. 339. 336. 335. 338. 343. 337. 350. 339. 348. 338.
  343. 340. 339. 347. 348. 341. 342. 344. 337. 339. 340. 345. 331. 339.
  335. 339. 346. 336. 340. 334. 338. 330. 339. 321. 321. 318.]
 [950. 950. 950. 950. 950. 950. 950. 950. 950. 950. 950. 950. 950. 950.
  950. 950. 950. 950. 950. 950. 950. 950. 950. 950. 950. 950. 950. 950.
  950. 950. 950. 950. 950. 950. 950. 950. 950. 900. 900. 900.]
 [642. 723. 731. 745. 745. 757. 751. 754. 756. 756. 743. 753. 747. 746.
  735. 744. 743. 746. 748. 743. 742. 740. 742. 750. 740. 745. 743. 747.
  744. 744. 748. 743. 744. 743. 741. 747. 743. 697. 708. 692.]
 [641. 695. 727. 735. 741. 738. 750. 745. 744. 743. 741. 742. 748. 738.
  749. 746. 752. 748. 742. 742. 739. 737. 746. 750. 738. 753. 746. 742.
  743. 746. 743. 751. 741. 748. 749. 745. 741. 702. 710. 705.]]
##############################
[[252. 299. 322. 330. 339. 336. 335. 338. 343. 337. 350. 339. 348. 338.
  343. 340. 339. 347. 348. 341. 342. 344. 337. 339. 340. 345. 331. 339.
  335. 339. 346. 336. 340. 334. 338. 330. 339. 340. 321. 318.]
 [950. 950. 950. 950. 950. 950. 950. 950. 950. 950. 950. 950. 950. 950.
  950. 950. 950. 950. 950. 950. 950. 950. 950. 950. 950. 950. 950. 950.
  950. 950. 950. 950. 950. 950. 950. 950. 950. 950. 900. 900.]
 [642. 723. 731. 745. 745. 757. 751. 754. 756. 756. 743. 753. 747. 746.
  735. 744. 743. 746. 748. 743. 742. 740. 742. 750. 740. 745. 743. 747.
  744. 744. 748. 743. 744. 743. 741. 747. 743. 739. 708. 692.]
 [641. 695. 727. 735. 741. 738. 750. 745. 744. 743. 741. 742. 748. 738.
  749. 746. 752. 748. 742. 742. 739. 737. 746. 750. 738. 753. 746. 742.
  743. 746. 743. 751. 741. 748. 749. 745. 741. 738. 710. 705.]]
##############################
[[252. 299. 322. 330. 339. 336. 335. 338. 343. 337. 350. 339. 348. 338.
  343. 340. 339. 347. 348. 341. 342. 344. 337. 339. 340. 345. 331. 339.
  335. 339. 346. 336. 340. 334. 338. 330. 339. 340. 341. 318.]
 [950. 950. 950. 950. 950. 950. 950. 950. 950. 950. 950. 950. 950. 950.
  950. 950. 950. 950. 950. 950. 950. 950. 950. 950. 950. 950. 950. 950.
  950. 950. 950. 950. 950. 950. 950. 950. 950. 950. 950. 900.]
 [642. 723. 731. 745. 745. 757. 751. 754. 756. 756. 743. 753. 747. 746.
  735. 744. 743. 746. 748. 743. 742. 740. 742. 750. 740. 745. 743. 747.
  744. 744. 748. 743. 744. 743. 741. 747. 743. 739. 751. 692.]
 [641. 695. 727. 735. 741. 738. 750. 745. 744. 743. 741. 742. 748. 738.
  749. 746. 752. 748. 742. 742. 739. 737. 746. 750. 738. 753. 746. 742.
  743. 746. 743. 751. 741. 748. 749. 745. 741. 738. 747. 705.]]
##############################
[[252. 299. 322. 330. 339. 336. 335. 338. 343. 337. 350. 339. 348. 338.
  343. 340. 339. 347. 348. 341. 342. 344. 337. 339. 340. 345. 331. 339.
  335. 339. 346. 336. 340. 334. 338. 330. 339. 340. 341. 338.]
 [950. 950. 950. 950. 950. 950. 950. 950. 950. 950. 950. 950. 950. 950.
  950. 950. 950. 950. 950. 950. 950. 950. 950. 950. 950. 950. 950. 950.
  950. 950. 950. 950. 950. 950. 950. 950. 950. 950. 950. 950.]
 [642. 723. 731. 745. 745. 757. 751. 754. 756. 756. 743. 753. 747. 746.
  735. 744. 743. 746. 748. 743. 742. 740. 742. 750. 740. 745. 743. 747.
  744. 744. 748. 743. 744. 743. 741. 747. 743. 739. 751. 735.]
 [641. 695. 727. 735. 741. 738. 750. 745. 744. 743. 741. 742. 748. 738.
  749. 746. 752. 748. 742. 742. 739. 737. 746. 750. 738. 753. 746. 742.
  743. 746. 743. 751. 741. 748. 749. 745. 741. 738. 747. 743.]]
##############################
##################################################
##################################################
starting :20 batch
[[ 262.  299.  322.  330.  339.  336.  335.  338.  343.  337.  350.  339.
   348.  338.  343.  340.  339.  347.  348.  341.  342.  344.  337.  339.
   340.  345.  331.  339.  335.  339.  346.  336.  340.  334.  338.  330.
   339.  340.  341.  338.]
 [1000.  950.  950.  950.  950.  950.  950.  950.  950.  950.  950.  950.
   950.  950.  950.  950.  950.  950.  950.  950.  950.  950.  950.  950.
   950.  950.  950.  950.  950.  950.  950.  950.  950.  950.  950.  950.
   950.  950.  950.  950.]
 [ 675.  723.  731.  745.  745.  757.  751.  754.  756.  756.  743.  753.
   747.  746.  735.  744.  743.  746.  748.  743.  742.  740.  742.  750.
   740.  745.  743.  747.  744.  744.  748.  743.  744.  743.  741.  747.
   743.  739.  751.  735.]
 [ 677.  695.  727.  735.  741.  738.  750.  745.  744.  743.  741.  742.
   748.  738.  749.  746.  752.  748.  742.  742.  739.  737.  746.  750.
   738.  753.  746.  742.  743.  746.  743.  751.  741.  748.  749.  745.
   741.  738.  747.  743.]]
##############################
[[ 262.  318.  322.  330.  339.  336.  335.  338.  343.  337.  350.  339.
   348.  338.  343.  340.  339.  347.  348.  341.  342.  344.  337.  339.
   340.  345.  331.  339.  335.  339.  346.  336.  340.  334.  338.  330.
   339.  340.  341.  338.]
 [1000. 1000.  950.  950.  950.  950.  950.  950.  950.  950.  950.  950.
   950.  950.  950.  950.  950.  950.  950.  950.  950.  950.  950.  950.
   950.  950.  950.  950.  950.  950.  950.  950.  950.  950.  950.  950.
   950.  950.  950.  950.]
 [ 675.  760.  731.  745.  745.  757.  751.  754.  756.  756.  743.  753.
   747.  746.  735.  744.  743.  746.  748.  743.  742.  740.  742.  750.
   740.  745.  743.  747.  744.  744.  748.  743.  744.  743.  741.  747.
   743.  739.  751.  735.]
 [ 677.  732.  727.  735.  741.  738.  750.  745.  744.  743.  741.  742.
   748.  738.  749.  746.  752.  748.  742.  742.  739.  737.  746.  750.
   738.  753.  746.  742.  743.  746.  743.  751.  741.  748.  749.  745.
   741.  738.  747.  743.]]
##############################
[[ 262.  318.  337.  330.  339.  336.  335.  338.  343.  337.  350.  339.
   348.  338.  343.  340.  339.  347.  348.  341.  342.  344.  337.  339.
   340.  345.  331.  339.  335.  339.  346.  336.  340.  334.  338.  330.
   339.  340.  341.  338.]
 [1000. 1000. 1000.  950.  950.  950.  950.  950.  950.  950.  950.  950.
   950.  950.  950.  950.  950.  950.  950.  950.  950.  950.  950.  950.
   950.  950.  950.  950.  950.  950.  950.  950.  950.  950.  950.  950.
   950.  950.  950.  950.]
 [ 675.  760.  768.  745.  745.  757.  751.  754.  756.  756.  743.  753.
   747.  746.  735.  744.  743.  746.  748.  743.  742.  740.  742.  750.
   740.  745.  743.  747.  744.  744.  748.  743.  744.  743.  741.  747.
   743.  739.  751.  735.]
 [ 677.  732.  764.  735.  741.  738.  750.  745.  744.  743.  741.  742.
   748.  738.  749.  746.  752.  748.  742.  742.  739.  737.  746.  750.
   738.  753.  746.  742.  743.  746.  743.  751.  741.  748.  749.  745.
   741.  738.  747.  743.]]
##############################
[[ 262.  318.  337.  346.  339.  336.  335.  338.  343.  337.  350.  339.
   348.  338.  343.  340.  339.  347.  348.  341.  342.  344.  337.  339.
   340.  345.  331.  339.  335.  339.  346.  336.  340.  334.  338.  330.
   339.  340.  341.  338.]
 [1000. 1000. 1000. 1000.  950.  950.  950.  950.  950.  950.  950.  950.
   950.  950.  950.  950.  950.  950.  950.  950.  950.  950.  950.  950.
   950.  950.  950.  950.  950.  950.  950.  950.  950.  950.  950.  950.
   950.  950.  950.  950.]
 [ 675.  760.  768.  783.  745.  757.  751.  754.  756.  756.  743.  753.
   747.  746.  735.  744.  743.  746.  748.  743.  742.  740.  742.  750.
   740.  745.  743.  747.  744.  744.  748.  743.  744.  743.  741.  747.
   743.  739.  751.  735.]
 [ 677.  732.  764.  775.  741.  738.  750.  745.  744.  743.  741.  742.
   748.  738.  749.  746.  752.  748.  742.  742.  739.  737.  746.  750.
   738.  753.  746.  742.  743.  746.  743.  751.  741.  748.  749.  745.
   741.  738.  747.  743.]]
##############################
[[ 262.  318.  337.  346.  356.  336.  335.  338.  343.  337.  350.  339.
   348.  338.  343.  340.  339.  347.  348.  341.  342.  344.  337.  339.
   340.  345.  331.  339.  335.  339.  346.  336.  340.  334.  338.  330.
   339.  340.  341.  338.]
 [1000. 1000. 1000. 1000. 1000.  950.  950.  950.  950.  950.  950.  950.
   950.  950.  950.  950.  950.  950.  950.  950.  950.  950.  950.  950.
   950.  950.  950.  950.  950.  950.  950.  950.  950.  950.  950.  950.
   950.  950.  950.  950.]
 [ 675.  760.  768.  783.  780.  757.  751.  754.  756.  756.  743.  753.
   747.  746.  735.  744.  743.  746.  748.  743.  742.  740.  742.  750.
   740.  745.  743.  747.  744.  744.  748.  743.  744.  743.  741.  747.
   743.  739.  751.  735.]
 [ 677.  732.  764.  775.  780.  738.  750.  745.  744.  743.  741.  742.
   748.  738.  749.  746.  752.  748.  742.  742.  739.  737.  746.  750.
   738.  753.  746.  742.  743.  746.  743.  751.  741.  748.  749.  745.
   741.  738.  747.  743.]]
##############################
[[ 262.  318.  337.  346.  356.  354.  335.  338.  343.  337.  350.  339.
   348.  338.  343.  340.  339.  347.  348.  341.  342.  344.  337.  339.
   340.  345.  331.  339.  335.  339.  346.  336.  340.  334.  338.  330.
   339.  340.  341.  338.]
 [1000. 1000. 1000. 1000. 1000. 1000.  950.  950.  950.  950.  950.  950.
   950.  950.  950.  950.  950.  950.  950.  950.  950.  950.  950.  950.
   950.  950.  950.  950.  950.  950.  950.  950.  950.  950.  950.  950.
   950.  950.  950.  950.]
 [ 675.  760.  768.  783.  780.  794.  751.  754.  756.  756.  743.  753.
   747.  746.  735.  744.  743.  746.  748.  743.  742.  740.  742.  750.
   740.  745.  743.  747.  744.  744.  748.  743.  744.  743.  741.  747.
   743.  739.  751.  735.]
 [ 677.  732.  764.  775.  780.  777.  750.  745.  744.  743.  741.  742.
   748.  738.  749.  746.  752.  748.  742.  742.  739.  737.  746.  750.
   738.  753.  746.  742.  743.  746.  743.  751.  741.  748.  749.  745.
   741.  738.  747.  743.]]
##############################
[[ 262.  318.  337.  346.  356.  354.  353.  338.  343.  337.  350.  339.
   348.  338.  343.  340.  339.  347.  348.  341.  342.  344.  337.  339.
   340.  345.  331.  339.  335.  339.  346.  336.  340.  334.  338.  330.
   339.  340.  341.  338.]
 [1000. 1000. 1000. 1000. 1000. 1000. 1000.  950.  950.  950.  950.  950.
   950.  950.  950.  950.  950.  950.  950.  950.  950.  950.  950.  950.
   950.  950.  950.  950.  950.  950.  950.  950.  950.  950.  950.  950.
   950.  950.  950.  950.]
 [ 675.  760.  768.  783.  780.  794.  787.  754.  756.  756.  743.  753.
   747.  746.  735.  744.  743.  746.  748.  743.  742.  740.  742.  750.
   740.  745.  743.  747.  744.  744.  748.  743.  744.  743.  741.  747.
   743.  739.  751.  735.]
 [ 677.  732.  764.  775.  780.  777.  790.  745.  744.  743.  741.  742.
   748.  738.  749.  746.  752.  748.  742.  742.  739.  737.  746.  750.
   738.  753.  746.  742.  743.  746.  743.  751.  741.  748.  749.  745.
   741.  738.  747.  743.]]
##############################
[[ 262.  318.  337.  346.  356.  354.  353.  355.  343.  337.  350.  339.
   348.  338.  343.  340.  339.  347.  348.  341.  342.  344.  337.  339.
   340.  345.  331.  339.  335.  339.  346.  336.  340.  334.  338.  330.
   339.  340.  341.  338.]
 [1000. 1000. 1000. 1000. 1000. 1000. 1000. 1000.  950.  950.  950.  950.
   950.  950.  950.  950.  950.  950.  950.  950.  950.  950.  950.  950.
   950.  950.  950.  950.  950.  950.  950.  950.  950.  950.  950.  950.
   950.  950.  950.  950.]
 [ 675.  760.  768.  783.  780.  794.  787.  790.  756.  756.  743.  753.
   747.  746.  735.  744.  743.  746.  748.  743.  742.  740.  742.  750.
   740.  745.  743.  747.  744.  744.  748.  743.  744.  743.  741.  747.
   743.  739.  751.  735.]
 [ 677.  732.  764.  775.  780.  777.  790.  783.  744.  743.  741.  742.
   748.  738.  749.  746.  752.  748.  742.  742.  739.  737.  746.  750.
   738.  753.  746.  742.  743.  746.  743.  751.  741.  748.  749.  745.
   741.  738.  747.  743.]]
##############################
[[ 262.  318.  337.  346.  356.  354.  353.  355.  361.  337.  350.  339.
   348.  338.  343.  340.  339.  347.  348.  341.  342.  344.  337.  339.
   340.  345.  331.  339.  335.  339.  346.  336.  340.  334.  338.  330.
   339.  340.  341.  338.]
 [1000. 1000. 1000. 1000. 1000. 1000. 1000. 1000. 1000.  950.  950.  950.
   950.  950.  950.  950.  950.  950.  950.  950.  950.  950.  950.  950.
   950.  950.  950.  950.  950.  950.  950.  950.  950.  950.  950.  950.
   950.  950.  950.  950.]
 [ 675.  760.  768.  783.  780.  794.  787.  790.  791.  756.  743.  753.
   747.  746.  735.  744.  743.  746.  748.  743.  742.  740.  742.  750.
   740.  745.  743.  747.  744.  744.  748.  743.  744.  743.  741.  747.
   743.  739.  751.  735.]
 [ 677.  732.  764.  775.  780.  777.  790.  783.  783.  743.  741.  742.
   748.  738.  749.  746.  752.  748.  742.  742.  739.  737.  746.  750.
   738.  753.  746.  742.  743.  746.  743.  751.  741.  748.  749.  745.
   741.  738.  747.  743.]]
##############################
[[ 262.  318.  337.  346.  356.  354.  353.  355.  361.  354.  350.  339.
   348.  338.  343.  340.  339.  347.  348.  341.  342.  344.  337.  339.
   340.  345.  331.  339.  335.  339.  346.  336.  340.  334.  338.  330.
   339.  340.  341.  338.]
 [1000. 1000. 1000. 1000. 1000. 1000. 1000. 1000. 1000. 1000.  950.  950.
   950.  950.  950.  950.  950.  950.  950.  950.  950.  950.  950.  950.
   950.  950.  950.  950.  950.  950.  950.  950.  950.  950.  950.  950.
   950.  950.  950.  950.]
 [ 675.  760.  768.  783.  780.  794.  787.  790.  791.  793.  743.  753.
   747.  746.  735.  744.  743.  746.  748.  743.  742.  740.  742.  750.
   740.  745.  743.  747.  744.  744.  748.  743.  744.  743.  741.  747.
   743.  739.  751.  735.]
 [ 677.  732.  764.  775.  780.  777.  790.  783.  783.  781.  741.  742.
   748.  738.  749.  746.  752.  748.  742.  742.  739.  737.  746.  750.
   738.  753.  746.  742.  743.  746.  743.  751.  741.  748.  749.  745.
   741.  738.  747.  743.]]
##############################
[[ 262.  318.  337.  346.  356.  354.  353.  355.  361.  354.  369.  339.
   348.  338.  343.  340.  339.  347.  348.  341.  342.  344.  337.  339.
   340.  345.  331.  339.  335.  339.  346.  336.  340.  334.  338.  330.
   339.  340.  341.  338.]
 [1000. 1000. 1000. 1000. 1000. 1000. 1000. 1000. 1000. 1000. 1000.  950.
   950.  950.  950.  950.  950.  950.  950.  950.  950.  950.  950.  950.
   950.  950.  950.  950.  950.  950.  950.  950.  950.  950.  950.  950.
   950.  950.  950.  950.]
 [ 675.  760.  768.  783.  780.  794.  787.  790.  791.  793.  779.  753.
   747.  746.  735.  744.  743.  746.  748.  743.  742.  740.  742.  750.
   740.  745.  743.  747.  744.  744.  748.  743.  744.  743.  741.  747.
   743.  739.  751.  735.]
 [ 677.  732.  764.  775.  780.  777.  790.  783.  783.  781.  780.  742.
   748.  738.  749.  746.  752.  748.  742.  742.  739.  737.  746.  750.
   738.  753.  746.  742.  743.  746.  743.  751.  741.  748.  749.  745.
   741.  738.  747.  743.]]
##############################
[[ 262.  318.  337.  346.  356.  354.  353.  355.  361.  354.  369.  356.
   348.  338.  343.  340.  339.  347.  348.  341.  342.  344.  337.  339.
   340.  345.  331.  339.  335.  339.  346.  336.  340.  334.  338.  330.
   339.  340.  341.  338.]
 [1000. 1000. 1000. 1000. 1000. 1000. 1000. 1000. 1000. 1000. 1000. 1000.
   950.  950.  950.  950.  950.  950.  950.  950.  950.  950.  950.  950.
   950.  950.  950.  950.  950.  950.  950.  950.  950.  950.  950.  950.
   950.  950.  950.  950.]
 [ 675.  760.  768.  783.  780.  794.  787.  790.  791.  793.  779.  788.
   747.  746.  735.  744.  743.  746.  748.  743.  742.  740.  742.  750.
   740.  745.  743.  747.  744.  744.  748.  743.  744.  743.  741.  747.
   743.  739.  751.  735.]
 [ 677.  732.  764.  775.  780.  777.  790.  783.  783.  781.  780.  780.
   748.  738.  749.  746.  752.  748.  742.  742.  739.  737.  746.  750.
   738.  753.  746.  742.  743.  746.  743.  751.  741.  748.  749.  745.
   741.  738.  747.  743.]]
##############################
[[ 262.  318.  337.  346.  356.  354.  353.  355.  361.  354.  369.  356.
   366.  338.  343.  340.  339.  347.  348.  341.  342.  344.  337.  339.
   340.  345.  331.  339.  335.  339.  346.  336.  340.  334.  338.  330.
   339.  340.  341.  338.]
 [1000. 1000. 1000. 1000. 1000. 1000. 1000. 1000. 1000. 1000. 1000. 1000.
  1000.  950.  950.  950.  950.  950.  950.  950.  950.  950.  950.  950.
   950.  950.  950.  950.  950.  950.  950.  950.  950.  950.  950.  950.
   950.  950.  950.  950.]
 [ 675.  760.  768.  783.  780.  794.  787.  790.  791.  793.  779.  788.
   783.  746.  735.  744.  743.  746.  748.  743.  742.  740.  742.  750.
   740.  745.  743.  747.  744.  744.  748.  743.  744.  743.  741.  747.
   743.  739.  751.  735.]
 [ 677.  732.  764.  775.  780.  777.  790.  783.  783.  781.  780.  780.
   786.  738.  749.  746.  752.  748.  742.  742.  739.  737.  746.  750.
   738.  753.  746.  742.  743.  746.  743.  751.  741.  748.  749.  745.
   741.  738.  747.  743.]]
##############################
[[ 262.  318.  337.  346.  356.  354.  353.  355.  361.  354.  369.  356.
   366.  358.  343.  340.  339.  347.  348.  341.  342.  344.  337.  339.
   340.  345.  331.  339.  335.  339.  346.  336.  340.  334.  338.  330.
   339.  340.  341.  338.]
 [1000. 1000. 1000. 1000. 1000. 1000. 1000. 1000. 1000. 1000. 1000. 1000.
  1000. 1000.  950.  950.  950.  950.  950.  950.  950.  950.  950.  950.
   950.  950.  950.  950.  950.  950.  950.  950.  950.  950.  950.  950.
   950.  950.  950.  950.]
 [ 675.  760.  768.  783.  780.  794.  787.  790.  791.  793.  779.  788.
   783.  782.  735.  744.  743.  746.  748.  743.  742.  740.  742.  750.
   740.  745.  743.  747.  744.  744.  748.  743.  744.  743.  741.  747.
   743.  739.  751.  735.]
 [ 677.  732.  764.  775.  780.  777.  790.  783.  783.  781.  780.  780.
   786.  776.  749.  746.  752.  748.  742.  742.  739.  737.  746.  750.
   738.  753.  746.  742.  743.  746.  743.  751.  741.  748.  749.  745.
   741.  738.  747.  743.]]
##############################
[[ 262.  318.  337.  346.  356.  354.  353.  355.  361.  354.  369.  356.
   366.  358.  361.  340.  339.  347.  348.  341.  342.  344.  337.  339.
   340.  345.  331.  339.  335.  339.  346.  336.  340.  334.  338.  330.
   339.  340.  341.  338.]
 [1000. 1000. 1000. 1000. 1000. 1000. 1000. 1000. 1000. 1000. 1000. 1000.
  1000. 1000. 1000.  950.  950.  950.  950.  950.  950.  950.  950.  950.
   950.  950.  950.  950.  950.  950.  950.  950.  950.  950.  950.  950.
   950.  950.  950.  950.]
 [ 675.  760.  768.  783.  780.  794.  787.  790.  791.  793.  779.  788.
   783.  782.  771.  744.  743.  746.  748.  743.  742.  740.  742.  750.
   740.  745.  743.  747.  744.  744.  748.  743.  744.  743.  741.  747.
   743.  739.  751.  735.]
 [ 677.  732.  764.  775.  780.  777.  790.  783.  783.  781.  780.  780.
   786.  776.  787.  746.  752.  748.  742.  742.  739.  737.  746.  750.
   738.  753.  746.  742.  743.  746.  743.  751.  741.  748.  749.  745.
   741.  738.  747.  743.]]
##############################
[[ 262.  318.  337.  346.  356.  354.  353.  355.  361.  354.  369.  356.
   366.  358.  361.  357.  339.  347.  348.  341.  342.  344.  337.  339.
   340.  345.  331.  339.  335.  339.  346.  336.  340.  334.  338.  330.
   339.  340.  341.  338.]
 [1000. 1000. 1000. 1000. 1000. 1000. 1000. 1000. 1000. 1000. 1000. 1000.
  1000. 1000. 1000. 1000.  950.  950.  950.  950.  950.  950.  950.  950.
   950.  950.  950.  950.  950.  950.  950.  950.  950.  950.  950.  950.
   950.  950.  950.  950.]
 [ 675.  760.  768.  783.  780.  794.  787.  790.  791.  793.  779.  788.
   783.  782.  771.  780.  743.  746.  748.  743.  742.  740.  742.  750.
   740.  745.  743.  747.  744.  744.  748.  743.  744.  743.  741.  747.
   743.  739.  751.  735.]
 [ 677.  732.  764.  775.  780.  777.  790.  783.  783.  781.  780.  780.
   786.  776.  787.  785.  752.  748.  742.  742.  739.  737.  746.  750.
   738.  753.  746.  742.  743.  746.  743.  751.  741.  748.  749.  745.
   741.  738.  747.  743.]]
##############################
[[ 262.  318.  337.  346.  356.  354.  353.  355.  361.  354.  369.  356.
   366.  358.  361.  357.  357.  347.  348.  341.  342.  344.  337.  339.
   340.  345.  331.  339.  335.  339.  346.  336.  340.  334.  338.  330.
   339.  340.  341.  338.]
 [1000. 1000. 1000. 1000. 1000. 1000. 1000. 1000. 1000. 1000. 1000. 1000.
  1000. 1000. 1000. 1000. 1000.  950.  950.  950.  950.  950.  950.  950.
   950.  950.  950.  950.  950.  950.  950.  950.  950.  950.  950.  950.
   950.  950.  950.  950.]
 [ 675.  760.  768.  783.  780.  794.  787.  790.  791.  793.  779.  788.
   783.  782.  771.  780.  780.  746.  748.  743.  742.  740.  742.  750.
   740.  745.  743.  747.  744.  744.  748.  743.  744.  743.  741.  747.
   743.  739.  751.  735.]
 [ 677.  732.  764.  775.  780.  777.  790.  783.  783.  781.  780.  780.
   786.  776.  787.  785.  790.  748.  742.  742.  739.  737.  746.  750.
   738.  753.  746.  742.  743.  746.  743.  751.  741.  748.  749.  745.
   741.  738.  747.  743.]]
##############################
[[ 262.  318.  337.  346.  356.  354.  353.  355.  361.  354.  369.  356.
   366.  358.  361.  357.  357.  368.  348.  341.  342.  344.  337.  339.
   340.  345.  331.  339.  335.  339.  346.  336.  340.  334.  338.  330.
   339.  340.  341.  338.]
 [1000. 1000. 1000. 1000. 1000. 1000. 1000. 1000. 1000. 1000. 1000. 1000.
  1000. 1000. 1000. 1000. 1000. 1000.  950.  950.  950.  950.  950.  950.
   950.  950.  950.  950.  950.  950.  950.  950.  950.  950.  950.  950.
   950.  950.  950.  950.]
 [ 675.  760.  768.  783.  780.  794.  787.  790.  791.  793.  779.  788.
   783.  782.  771.  780.  780.  784.  748.  743.  742.  740.  742.  750.
   740.  745.  743.  747.  744.  744.  748.  743.  744.  743.  741.  747.
   743.  739.  751.  735.]
 [ 677.  732.  764.  775.  780.  777.  790.  783.  783.  781.  780.  780.
   786.  776.  787.  785.  790.  786.  742.  742.  739.  737.  746.  750.
   738.  753.  746.  742.  743.  746.  743.  751.  741.  748.  749.  745.
   741.  738.  747.  743.]]
##############################
[[ 262.  318.  337.  346.  356.  354.  353.  355.  361.  354.  369.  356.
   366.  358.  361.  357.  357.  368.  365.  341.  342.  344.  337.  339.
   340.  345.  331.  339.  335.  339.  346.  336.  340.  334.  338.  330.
   339.  340.  341.  338.]
 [1000. 1000. 1000. 1000. 1000. 1000. 1000. 1000. 1000. 1000. 1000. 1000.
  1000. 1000. 1000. 1000. 1000. 1000. 1000.  950.  950.  950.  950.  950.
   950.  950.  950.  950.  950.  950.  950.  950.  950.  950.  950.  950.
   950.  950.  950.  950.]
 [ 675.  760.  768.  783.  780.  794.  787.  790.  791.  793.  779.  788.
   783.  782.  771.  780.  780.  784.  784.  743.  742.  740.  742.  750.
   740.  745.  743.  747.  744.  744.  748.  743.  744.  743.  741.  747.
   743.  739.  751.  735.]
 [ 677.  732.  764.  775.  780.  777.  790.  783.  783.  781.  780.  780.
   786.  776.  787.  785.  790.  786.  781.  742.  739.  737.  746.  750.
   738.  753.  746.  742.  743.  746.  743.  751.  741.  748.  749.  745.
   741.  738.  747.  743.]]
##############################
[[ 262.  318.  337.  346.  356.  354.  353.  355.  361.  354.  369.  356.
   366.  358.  361.  357.  357.  368.  365.  361.  342.  344.  337.  339.
   340.  345.  331.  339.  335.  339.  346.  336.  340.  334.  338.  330.
   339.  340.  341.  338.]
 [1000. 1000. 1000. 1000. 1000. 1000. 1000. 1000. 1000. 1000. 1000. 1000.
  1000. 1000. 1000. 1000. 1000. 1000. 1000. 1000.  950.  950.  950.  950.
   950.  950.  950.  950.  950.  950.  950.  950.  950.  950.  950.  950.
   950.  950.  950.  950.]
 [ 675.  760.  768.  783.  780.  794.  787.  790.  791.  793.  779.  788.
   783.  782.  771.  780.  780.  784.  784.  778.  742.  740.  742.  750.
   740.  745.  743.  747.  744.  744.  748.  743.  744.  743.  741.  747.
   743.  739.  751.  735.]
 [ 677.  732.  764.  775.  780.  777.  790.  783.  783.  781.  780.  780.
   786.  776.  787.  785.  790.  786.  781.  779.  739.  737.  746.  750.
   738.  753.  746.  742.  743.  746.  743.  751.  741.  748.  749.  745.
   741.  738.  747.  743.]]
##############################
[[ 262.  318.  337.  346.  356.  354.  353.  355.  361.  354.  369.  356.
   366.  358.  361.  357.  357.  368.  365.  361.  362.  344.  337.  339.
   340.  345.  331.  339.  335.  339.  346.  336.  340.  334.  338.  330.
   339.  340.  341.  338.]
 [1000. 1000. 1000. 1000. 1000. 1000. 1000. 1000. 1000. 1000. 1000. 1000.
  1000. 1000. 1000. 1000. 1000. 1000. 1000. 1000. 1000.  950.  950.  950.
   950.  950.  950.  950.  950.  950.  950.  950.  950.  950.  950.  950.
   950.  950.  950.  950.]
 [ 675.  760.  768.  783.  780.  794.  787.  790.  791.  793.  779.  788.
   783.  782.  771.  780.  780.  784.  784.  778.  778.  740.  742.  750.
   740.  745.  743.  747.  744.  744.  748.  743.  744.  743.  741.  747.
   743.  739.  751.  735.]
 [ 677.  732.  764.  775.  780.  777.  790.  783.  783.  781.  780.  780.
   786.  776.  787.  785.  790.  786.  781.  779.  776.  737.  746.  750.
   738.  753.  746.  742.  743.  746.  743.  751.  741.  748.  749.  745.
   741.  738.  747.  743.]]
##############################
[[ 262.  318.  337.  346.  356.  354.  353.  355.  361.  354.  369.  356.
   366.  358.  361.  357.  357.  368.  365.  361.  362.  362.  337.  339.
   340.  345.  331.  339.  335.  339.  346.  336.  340.  334.  338.  330.
   339.  340.  341.  338.]
 [1000. 1000. 1000. 1000. 1000. 1000. 1000. 1000. 1000. 1000. 1000. 1000.
  1000. 1000. 1000. 1000. 1000. 1000. 1000. 1000. 1000. 1000.  950.  950.
   950.  950.  950.  950.  950.  950.  950.  950.  950.  950.  950.  950.
   950.  950.  950.  950.]
 [ 675.  760.  768.  783.  780.  794.  787.  790.  791.  793.  779.  788.
   783.  782.  771.  780.  780.  784.  784.  778.  778.  777.  742.  750.
   740.  745.  743.  747.  744.  744.  748.  743.  744.  743.  741.  747.
   743.  739.  751.  735.]
 [ 677.  732.  764.  775.  780.  777.  790.  783.  783.  781.  780.  780.
   786.  776.  787.  785.  790.  786.  781.  779.  776.  773.  746.  750.
   738.  753.  746.  742.  743.  746.  743.  751.  741.  748.  749.  745.
   741.  738.  747.  743.]]
##############################
[[ 262.  318.  337.  346.  356.  354.  353.  355.  361.  354.  369.  356.
   366.  358.  361.  357.  357.  368.  365.  361.  362.  362.  358.  339.
   340.  345.  331.  339.  335.  339.  346.  336.  340.  334.  338.  330.
   339.  340.  341.  338.]
 [1000. 1000. 1000. 1000. 1000. 1000. 1000. 1000. 1000. 1000. 1000. 1000.
  1000. 1000. 1000. 1000. 1000. 1000. 1000. 1000. 1000. 1000. 1000.  950.
   950.  950.  950.  950.  950.  950.  950.  950.  950.  950.  950.  950.
   950.  950.  950.  950.]
 [ 675.  760.  768.  783.  780.  794.  787.  790.  791.  793.  779.  788.
   783.  782.  771.  780.  780.  784.  784.  778.  778.  777.  779.  750.
   740.  745.  743.  747.  744.  744.  748.  743.  744.  743.  741.  747.
   743.  739.  751.  735.]
 [ 677.  732.  764.  775.  780.  777.  790.  783.  783.  781.  780.  780.
   786.  776.  787.  785.  790.  786.  781.  779.  776.  773.  783.  750.
   738.  753.  746.  742.  743.  746.  743.  751.  741.  748.  749.  745.
   741.  738.  747.  743.]]
##############################
[[ 262.  318.  337.  346.  356.  354.  353.  355.  361.  354.  369.  356.
   366.  358.  361.  357.  357.  368.  365.  361.  362.  362.  358.  360.
   340.  345.  331.  339.  335.  339.  346.  336.  340.  334.  338.  330.
   339.  340.  341.  338.]
 [1000. 1000. 1000. 1000. 1000. 1000. 1000. 1000. 1000. 1000. 1000. 1000.
  1000. 1000. 1000. 1000. 1000. 1000. 1000. 1000. 1000. 1000. 1000. 1000.
   950.  950.  950.  950.  950.  950.  950.  950.  950.  950.  950.  950.
   950.  950.  950.  950.]
 [ 675.  760.  768.  783.  780.  794.  787.  790.  791.  793.  779.  788.
   783.  782.  771.  780.  780.  784.  784.  778.  778.  777.  779.  786.
   740.  745.  743.  747.  744.  744.  748.  743.  744.  743.  741.  747.
   743.  739.  751.  735.]
 [ 677.  732.  764.  775.  780.  777.  790.  783.  783.  781.  780.  780.
   786.  776.  787.  785.  790.  786.  781.  779.  776.  773.  783.  787.
   738.  753.  746.  742.  743.  746.  743.  751.  741.  748.  749.  745.
   741.  738.  747.  743.]]
##############################
[[ 262.  318.  337.  346.  356.  354.  353.  355.  361.  354.  369.  356.
   366.  358.  361.  357.  357.  368.  365.  361.  362.  362.  358.  360.
   360.  345.  331.  339.  335.  339.  346.  336.  340.  334.  338.  330.
   339.  340.  341.  338.]
 [1000. 1000. 1000. 1000. 1000. 1000. 1000. 1000. 1000. 1000. 1000. 1000.
  1000. 1000. 1000. 1000. 1000. 1000. 1000. 1000. 1000. 1000. 1000. 1000.
  1000.  950.  950.  950.  950.  950.  950.  950.  950.  950.  950.  950.
   950.  950.  950.  950.]
 [ 675.  760.  768.  783.  780.  794.  787.  790.  791.  793.  779.  788.
   783.  782.  771.  780.  780.  784.  784.  778.  778.  777.  779.  786.
   775.  745.  743.  747.  744.  744.  748.  743.  744.  743.  741.  747.
   743.  739.  751.  735.]
 [ 677.  732.  764.  775.  780.  777.  790.  783.  783.  781.  780.  780.
   786.  776.  787.  785.  790.  786.  781.  779.  776.  773.  783.  787.
   774.  753.  746.  742.  743.  746.  743.  751.  741.  748.  749.  745.
   741.  738.  747.  743.]]
##############################
[[ 262.  318.  337.  346.  356.  354.  353.  355.  361.  354.  369.  356.
   366.  358.  361.  357.  357.  368.  365.  361.  362.  362.  358.  360.
   360.  364.  331.  339.  335.  339.  346.  336.  340.  334.  338.  330.
   339.  340.  341.  338.]
 [1000. 1000. 1000. 1000. 1000. 1000. 1000. 1000. 1000. 1000. 1000. 1000.
  1000. 1000. 1000. 1000. 1000. 1000. 1000. 1000. 1000. 1000. 1000. 1000.
  1000. 1000.  950.  950.  950.  950.  950.  950.  950.  950.  950.  950.
   950.  950.  950.  950.]
 [ 675.  760.  768.  783.  780.  794.  787.  790.  791.  793.  779.  788.
   783.  782.  771.  780.  780.  784.  784.  778.  778.  777.  779.  786.
   775.  783.  743.  747.  744.  744.  748.  743.  744.  743.  741.  747.
   743.  739.  751.  735.]
 [ 677.  732.  764.  775.  780.  777.  790.  783.  783.  781.  780.  780.
   786.  776.  787.  785.  790.  786.  781.  779.  776.  773.  783.  787.
   774.  790.  746.  742.  743.  746.  743.  751.  741.  748.  749.  745.
   741.  738.  747.  743.]]
##############################
[[ 262.  318.  337.  346.  356.  354.  353.  355.  361.  354.  369.  356.
   366.  358.  361.  357.  357.  368.  365.  361.  362.  362.  358.  360.
   360.  364.  350.  339.  335.  339.  346.  336.  340.  334.  338.  330.
   339.  340.  341.  338.]
 [1000. 1000. 1000. 1000. 1000. 1000. 1000. 1000. 1000. 1000. 1000. 1000.
  1000. 1000. 1000. 1000. 1000. 1000. 1000. 1000. 1000. 1000. 1000. 1000.
  1000. 1000. 1000.  950.  950.  950.  950.  950.  950.  950.  950.  950.
   950.  950.  950.  950.]
 [ 675.  760.  768.  783.  780.  794.  787.  790.  791.  793.  779.  788.
   783.  782.  771.  780.  780.  784.  784.  778.  778.  777.  779.  786.
   775.  783.  780.  747.  744.  744.  748.  743.  744.  743.  741.  747.
   743.  739.  751.  735.]
 [ 677.  732.  764.  775.  780.  777.  790.  783.  783.  781.  780.  780.
   786.  776.  787.  785.  790.  786.  781.  779.  776.  773.  783.  787.
   774.  790.  785.  742.  743.  746.  743.  751.  741.  748.  749.  745.
   741.  738.  747.  743.]]
##############################
[[ 262.  318.  337.  346.  356.  354.  353.  355.  361.  354.  369.  356.
   366.  358.  361.  357.  357.  368.  365.  361.  362.  362.  358.  360.
   360.  364.  350.  360.  335.  339.  346.  336.  340.  334.  338.  330.
   339.  340.  341.  338.]
 [1000. 1000. 1000. 1000. 1000. 1000. 1000. 1000. 1000. 1000. 1000. 1000.
  1000. 1000. 1000. 1000. 1000. 1000. 1000. 1000. 1000. 1000. 1000. 1000.
  1000. 1000. 1000. 1000.  950.  950.  950.  950.  950.  950.  950.  950.
   950.  950.  950.  950.]
 [ 675.  760.  768.  783.  780.  794.  787.  790.  791.  793.  779.  788.
   783.  782.  771.  780.  780.  784.  784.  778.  778.  777.  779.  786.
   775.  783.  780.  783.  744.  744.  748.  743.  744.  743.  741.  747.
   743.  739.  751.  735.]
 [ 677.  732.  764.  775.  780.  777.  790.  783.  783.  781.  780.  780.
   786.  776.  787.  785.  790.  786.  781.  779.  776.  773.  783.  787.
   774.  790.  785.  780.  743.  746.  743.  751.  741.  748.  749.  745.
   741.  738.  747.  743.]]
##############################
[[ 262.  318.  337.  346.  356.  354.  353.  355.  361.  354.  369.  356.
   366.  358.  361.  357.  357.  368.  365.  361.  362.  362.  358.  360.
   360.  364.  350.  360.  355.  339.  346.  336.  340.  334.  338.  330.
   339.  340.  341.  338.]
 [1000. 1000. 1000. 1000. 1000. 1000. 1000. 1000. 1000. 1000. 1000. 1000.
  1000. 1000. 1000. 1000. 1000. 1000. 1000. 1000. 1000. 1000. 1000. 1000.
  1000. 1000. 1000. 1000. 1000.  950.  950.  950.  950.  950.  950.  950.
   950.  950.  950.  950.]
 [ 675.  760.  768.  783.  780.  794.  787.  790.  791.  793.  779.  788.
   783.  782.  771.  780.  780.  784.  784.  778.  778.  777.  779.  786.
   775.  783.  780.  783.  779.  744.  748.  743.  744.  743.  741.  747.
   743.  739.  751.  735.]
 [ 677.  732.  764.  775.  780.  777.  790.  783.  783.  781.  780.  780.
   786.  776.  787.  785.  790.  786.  781.  779.  776.  773.  783.  787.
   774.  790.  785.  780.  780.  746.  743.  751.  741.  748.  749.  745.
   741.  738.  747.  743.]]
##############################
[[ 262.  318.  337.  346.  356.  354.  353.  355.  361.  354.  369.  356.
   366.  358.  361.  357.  357.  368.  365.  361.  362.  362.  358.  360.
   360.  364.  350.  360.  355.  357.  346.  336.  340.  334.  338.  330.
   339.  340.  341.  338.]
 [1000. 1000. 1000. 1000. 1000. 1000. 1000. 1000. 1000. 1000. 1000. 1000.
  1000. 1000. 1000. 1000. 1000. 1000. 1000. 1000. 1000. 1000. 1000. 1000.
  1000. 1000. 1000. 1000. 1000. 1000.  950.  950.  950.  950.  950.  950.
   950.  950.  950.  950.]
 [ 675.  760.  768.  783.  780.  794.  787.  790.  791.  793.  779.  788.
   783.  782.  771.  780.  780.  784.  784.  778.  778.  777.  779.  786.
   775.  783.  780.  783.  779.  780.  748.  743.  744.  743.  741.  747.
   743.  739.  751.  735.]
 [ 677.  732.  764.  775.  780.  777.  790.  783.  783.  781.  780.  780.
   786.  776.  787.  785.  790.  786.  781.  779.  776.  773.  783.  787.
   774.  790.  785.  780.  780.  784.  743.  751.  741.  748.  749.  745.
   741.  738.  747.  743.]]
##############################
[[ 262.  318.  337.  346.  356.  354.  353.  355.  361.  354.  369.  356.
   366.  358.  361.  357.  357.  368.  365.  361.  362.  362.  358.  360.
   360.  364.  350.  360.  355.  357.  363.  336.  340.  334.  338.  330.
   339.  340.  341.  338.]
 [1000. 1000. 1000. 1000. 1000. 1000. 1000. 1000. 1000. 1000. 1000. 1000.
  1000. 1000. 1000. 1000. 1000. 1000. 1000. 1000. 1000. 1000. 1000. 1000.
  1000. 1000. 1000. 1000. 1000. 1000. 1000.  950.  950.  950.  950.  950.
   950.  950.  950.  950.]
 [ 675.  760.  768.  783.  780.  794.  787.  790.  791.  793.  779.  788.
   783.  782.  771.  780.  780.  784.  784.  778.  778.  777.  779.  786.
   775.  783.  780.  783.  779.  780.  784.  743.  744.  743.  741.  747.
   743.  739.  751.  735.]
 [ 677.  732.  764.  775.  780.  777.  790.  783.  783.  781.  780.  780.
   786.  776.  787.  785.  790.  786.  781.  779.  776.  773.  783.  787.
   774.  790.  785.  780.  780.  784.  781.  751.  741.  748.  749.  745.
   741.  738.  747.  743.]]
##############################
[[ 262.  318.  337.  346.  356.  354.  353.  355.  361.  354.  369.  356.
   366.  358.  361.  357.  357.  368.  365.  361.  362.  362.  358.  360.
   360.  364.  350.  360.  355.  357.  363.  354.  340.  334.  338.  330.
   339.  340.  341.  338.]
 [1000. 1000. 1000. 1000. 1000. 1000. 1000. 1000. 1000. 1000. 1000. 1000.
  1000. 1000. 1000. 1000. 1000. 1000. 1000. 1000. 1000. 1000. 1000. 1000.
  1000. 1000. 1000. 1000. 1000. 1000. 1000. 1000.  950.  950.  950.  950.
   950.  950.  950.  950.]
 [ 675.  760.  768.  783.  780.  794.  787.  790.  791.  793.  779.  788.
   783.  782.  771.  780.  780.  784.  784.  778.  778.  777.  779.  786.
   775.  783.  780.  783.  779.  780.  784.  778.  744.  743.  741.  747.
   743.  739.  751.  735.]
 [ 677.  732.  764.  775.  780.  777.  790.  783.  783.  781.  780.  780.
   786.  776.  787.  785.  790.  786.  781.  779.  776.  773.  783.  787.
   774.  790.  785.  780.  780.  784.  781.  789.  741.  748.  749.  745.
   741.  738.  747.  743.]]
##############################
[[ 262.  318.  337.  346.  356.  354.  353.  355.  361.  354.  369.  356.
   366.  358.  361.  357.  357.  368.  365.  361.  362.  362.  358.  360.
   360.  364.  350.  360.  355.  357.  363.  354.  362.  334.  338.  330.
   339.  340.  341.  338.]
 [1000. 1000. 1000. 1000. 1000. 1000. 1000. 1000. 1000. 1000. 1000. 1000.
  1000. 1000. 1000. 1000. 1000. 1000. 1000. 1000. 1000. 1000. 1000. 1000.
  1000. 1000. 1000. 1000. 1000. 1000. 1000. 1000. 1000.  950.  950.  950.
   950.  950.  950.  950.]
 [ 675.  760.  768.  783.  780.  794.  787.  790.  791.  793.  779.  788.
   783.  782.  771.  780.  780.  784.  784.  778.  778.  777.  779.  786.
   775.  783.  780.  783.  779.  780.  784.  778.  780.  743.  741.  747.
   743.  739.  751.  735.]
 [ 677.  732.  764.  775.  780.  777.  790.  783.  783.  781.  780.  780.
   786.  776.  787.  785.  790.  786.  781.  779.  776.  773.  783.  787.
   774.  790.  785.  780.  780.  784.  781.  789.  779.  748.  749.  745.
   741.  738.  747.  743.]]
##############################
[[ 262.  318.  337.  346.  356.  354.  353.  355.  361.  354.  369.  356.
   366.  358.  361.  357.  357.  368.  365.  361.  362.  362.  358.  360.
   360.  364.  350.  360.  355.  357.  363.  354.  362.  353.  338.  330.
   339.  340.  341.  338.]
 [1000. 1000. 1000. 1000. 1000. 1000. 1000. 1000. 1000. 1000. 1000. 1000.
  1000. 1000. 1000. 1000. 1000. 1000. 1000. 1000. 1000. 1000. 1000. 1000.
  1000. 1000. 1000. 1000. 1000. 1000. 1000. 1000. 1000. 1000.  950.  950.
   950.  950.  950.  950.]
 [ 675.  760.  768.  783.  780.  794.  787.  790.  791.  793.  779.  788.
   783.  782.  771.  780.  780.  784.  784.  778.  778.  777.  779.  786.
   775.  783.  780.  783.  779.  780.  784.  778.  780.  780.  741.  747.
   743.  739.  751.  735.]
 [ 677.  732.  764.  775.  780.  777.  790.  783.  783.  781.  780.  780.
   786.  776.  787.  785.  790.  786.  781.  779.  776.  773.  783.  787.
   774.  790.  785.  780.  780.  784.  781.  789.  779.  785.  749.  745.
   741.  738.  747.  743.]]
##############################
[[ 262.  318.  337.  346.  356.  354.  353.  355.  361.  354.  369.  356.
   366.  358.  361.  357.  357.  368.  365.  361.  362.  362.  358.  360.
   360.  364.  350.  360.  355.  357.  363.  354.  362.  353.  357.  330.
   339.  340.  341.  338.]
 [1000. 1000. 1000. 1000. 1000. 1000. 1000. 1000. 1000. 1000. 1000. 1000.
  1000. 1000. 1000. 1000. 1000. 1000. 1000. 1000. 1000. 1000. 1000. 1000.
  1000. 1000. 1000. 1000. 1000. 1000. 1000. 1000. 1000. 1000. 1000.  950.
   950.  950.  950.  950.]
 [ 675.  760.  768.  783.  780.  794.  787.  790.  791.  793.  779.  788.
   783.  782.  771.  780.  780.  784.  784.  778.  778.  777.  779.  786.
   775.  783.  780.  783.  779.  780.  784.  778.  780.  780.  778.  747.
   743.  739.  751.  735.]
 [ 677.  732.  764.  775.  780.  777.  790.  783.  783.  781.  780.  780.
   786.  776.  787.  785.  790.  786.  781.  779.  776.  773.  783.  787.
   774.  790.  785.  780.  780.  784.  781.  789.  779.  785.  786.  745.
   741.  738.  747.  743.]]
##############################
[[ 262.  318.  337.  346.  356.  354.  353.  355.  361.  354.  369.  356.
   366.  358.  361.  357.  357.  368.  365.  361.  362.  362.  358.  360.
   360.  364.  350.  360.  355.  357.  363.  354.  362.  353.  357.  349.
   339.  340.  341.  338.]
 [1000. 1000. 1000. 1000. 1000. 1000. 1000. 1000. 1000. 1000. 1000. 1000.
  1000. 1000. 1000. 1000. 1000. 1000. 1000. 1000. 1000. 1000. 1000. 1000.
  1000. 1000. 1000. 1000. 1000. 1000. 1000. 1000. 1000. 1000. 1000. 1000.
   950.  950.  950.  950.]
 [ 675.  760.  768.  783.  780.  794.  787.  790.  791.  793.  779.  788.
   783.  782.  771.  780.  780.  784.  784.  778.  778.  777.  779.  786.
   775.  783.  780.  783.  779.  780.  784.  778.  780.  780.  778.  783.
   743.  739.  751.  735.]
 [ 677.  732.  764.  775.  780.  777.  790.  783.  783.  781.  780.  780.
   786.  776.  787.  785.  790.  786.  781.  779.  776.  773.  783.  787.
   774.  790.  785.  780.  780.  784.  781.  789.  779.  785.  786.  781.
   741.  738.  747.  743.]]
##############################
[[ 262.  318.  337.  346.  356.  354.  353.  355.  361.  354.  369.  356.
   366.  358.  361.  357.  357.  368.  365.  361.  362.  362.  358.  360.
   360.  364.  350.  360.  355.  357.  363.  354.  362.  353.  357.  349.
   357.  340.  341.  338.]
 [1000. 1000. 1000. 1000. 1000. 1000. 1000. 1000. 1000. 1000. 1000. 1000.
  1000. 1000. 1000. 1000. 1000. 1000. 1000. 1000. 1000. 1000. 1000. 1000.
  1000. 1000. 1000. 1000. 1000. 1000. 1000. 1000. 1000. 1000. 1000. 1000.
  1000.  950.  950.  950.]
 [ 675.  760.  768.  783.  780.  794.  787.  790.  791.  793.  779.  788.
   783.  782.  771.  780.  780.  784.  784.  778.  778.  777.  779.  786.
   775.  783.  780.  783.  779.  780.  784.  778.  780.  780.  778.  783.
   779.  739.  751.  735.]
 [ 677.  732.  764.  775.  780.  777.  790.  783.  783.  781.  780.  780.
   786.  776.  787.  785.  790.  786.  781.  779.  776.  773.  783.  787.
   774.  790.  785.  780.  780.  784.  781.  789.  779.  785.  786.  781.
   777.  738.  747.  743.]]
##############################
[[ 262.  318.  337.  346.  356.  354.  353.  355.  361.  354.  369.  356.
   366.  358.  361.  357.  357.  368.  365.  361.  362.  362.  358.  360.
   360.  364.  350.  360.  355.  357.  363.  354.  362.  353.  357.  349.
   357.  361.  341.  338.]
 [1000. 1000. 1000. 1000. 1000. 1000. 1000. 1000. 1000. 1000. 1000. 1000.
  1000. 1000. 1000. 1000. 1000. 1000. 1000. 1000. 1000. 1000. 1000. 1000.
  1000. 1000. 1000. 1000. 1000. 1000. 1000. 1000. 1000. 1000. 1000. 1000.
  1000. 1000.  950.  950.]
 [ 675.  760.  768.  783.  780.  794.  787.  790.  791.  793.  779.  788.
   783.  782.  771.  780.  780.  784.  784.  778.  778.  777.  779.  786.
   775.  783.  780.  783.  779.  780.  784.  778.  780.  780.  778.  783.
   779.  776.  751.  735.]
 [ 677.  732.  764.  775.  780.  777.  790.  783.  783.  781.  780.  780.
   786.  776.  787.  785.  790.  786.  781.  779.  776.  773.  783.  787.
   774.  790.  785.  780.  780.  784.  781.  789.  779.  785.  786.  781.
   777.  773.  747.  743.]]
##############################
[[ 262.  318.  337.  346.  356.  354.  353.  355.  361.  354.  369.  356.
   366.  358.  361.  357.  357.  368.  365.  361.  362.  362.  358.  360.
   360.  364.  350.  360.  355.  357.  363.  354.  362.  353.  357.  349.
   357.  361.  362.  338.]
 [1000. 1000. 1000. 1000. 1000. 1000. 1000. 1000. 1000. 1000. 1000. 1000.
  1000. 1000. 1000. 1000. 1000. 1000. 1000. 1000. 1000. 1000. 1000. 1000.
  1000. 1000. 1000. 1000. 1000. 1000. 1000. 1000. 1000. 1000. 1000. 1000.
  1000. 1000. 1000.  950.]
 [ 675.  760.  768.  783.  780.  794.  787.  790.  791.  793.  779.  788.
   783.  782.  771.  780.  780.  784.  784.  778.  778.  777.  779.  786.
   775.  783.  780.  783.  779.  780.  784.  778.  780.  780.  778.  783.
   779.  776.  788.  735.]
 [ 677.  732.  764.  775.  780.  777.  790.  783.  783.  781.  780.  780.
   786.  776.  787.  785.  790.  786.  781.  779.  776.  773.  783.  787.
   774.  790.  785.  780.  780.  784.  781.  789.  779.  785.  786.  781.
   777.  773.  784.  743.]]
##############################
[[ 262.  318.  337.  346.  356.  354.  353.  355.  361.  354.  369.  356.
   366.  358.  361.  357.  357.  368.  365.  361.  362.  362.  358.  360.
   360.  364.  350.  360.  355.  357.  363.  354.  362.  353.  357.  349.
   357.  361.  362.  356.]
 [1000. 1000. 1000. 1000. 1000. 1000. 1000. 1000. 1000. 1000. 1000. 1000.
  1000. 1000. 1000. 1000. 1000. 1000. 1000. 1000. 1000. 1000. 1000. 1000.
  1000. 1000. 1000. 1000. 1000. 1000. 1000. 1000. 1000. 1000. 1000. 1000.
  1000. 1000. 1000. 1000.]
 [ 675.  760.  768.  783.  780.  794.  787.  790.  791.  793.  779.  788.
   783.  782.  771.  780.  780.  784.  784.  778.  778.  777.  779.  786.
   775.  783.  780.  783.  779.  780.  784.  778.  780.  780.  778.  783.
   779.  776.  788.  771.]
 [ 677.  732.  764.  775.  780.  777.  790.  783.  783.  781.  780.  780.
   786.  776.  787.  785.  790.  786.  781.  779.  776.  773.  783.  787.
   774.  790.  785.  780.  780.  784.  781.  789.  779.  785.  786.  781.
   777.  773.  784.  781.]]
##############################
##################################################
/targeted_attack/adv_example/resnet50_CE_400
Hyper-parameters: {'source_model': 'resnet50', 'batch_size': 50, 'max_iterations': 400, 'loss_function': 'CE', 'targeted': False, 'm1': 1, 'm2': 1, 'strength': 0, 'adv_perturbation': False, 'adv_loss_function': 'CE', 'adv_epsilon': 0.06274509803921569, 'adv_steps': 8, 'transpoint': 400, 'seed': 9018, 'MI': False, 'DI': False, 'TI': False, 'SI': False, 'random_start': False, 'save': True, 'device': 0, 'adv_alpha': 0.00784313725490196, 'adv_targeted': 1, 'file_path': '/targeted_attack/adv_example/resnet50_CE_400'}

final result
Source model : Ensemble --> Target model: Inception-v3 | ResNet50 | DenseNet121 | VGG16bn
[[ 262.  318.  337.  346.  356.  354.  353.  355.  361.  354.  369.  356.
   366.  358.  361.  357.  357.  368.  365.  361.  362.  362.  358.  360.
   360.  364.  350.  360.  355.  357.  363.  354.  362.  353.  357.  349.
   357.  361.  362.  356.]
 [1000. 1000. 1000. 1000. 1000. 1000. 1000. 1000. 1000. 1000. 1000. 1000.
  1000. 1000. 1000. 1000. 1000. 1000. 1000. 1000. 1000. 1000. 1000. 1000.
  1000. 1000. 1000. 1000. 1000. 1000. 1000. 1000. 1000. 1000. 1000. 1000.
  1000. 1000. 1000. 1000.]
 [ 675.  760.  768.  783.  780.  794.  787.  790.  791.  793.  779.  788.
   783.  782.  771.  780.  780.  784.  784.  778.  778.  777.  779.  786.
   775.  783.  780.  783.  779.  780.  784.  778.  780.  780.  778.  783.
   779.  776.  788.  771.]
 [ 677.  732.  764.  775.  780.  777.  790.  783.  783.  781.  780.  780.
   786.  776.  787.  785.  790.  786.  781.  779.  776.  773.  783.  787.
   774.  790.  785.  780.  780.  784.  781.  789.  779.  785.  786.  781.
   777.  773.  784.  781.]]
results for 10 iters:
[ 262. 1000.  675.  677.]
results for 100 iters:
[ 354. 1000.  793.  781.]
results for 200 iters:
[ 361. 1000.  778.  779.]
results for 300 iters:
[ 357. 1000.  780.  784.]
results for 400 iters:
[ 356. 1000.  771.  781.]
saving the adversarial examples
finishing saving the adversarial examples
finishing the attack experiment
##################################################
##################################################
##################################################
