C:\Users\jaive.DESKTOP-3TNM9JL\AppData\Roaming\Python\Python314\site-packages\torchvision\models\_utils.py:207: UserWarning: The parameter 'pretrained' is deprecated since 0.13 and may be removed in the future, please use 'weights' instead.
  warnings.warn(
C:\Users\jaive.DESKTOP-3TNM9JL\AppData\Roaming\Python\Python314\site-packages\torchvision\models\_utils.py:222: UserWarning: Arguments other than a weight enum or `None` for 'weights' are deprecated since 0.13 and may be removed in the future. The current behavior is equivalent to passing `weights=Inception_V3_Weights.IMAGENET1K_V1`. You can also use `weights=Inception_V3_Weights.DEFAULT` to get the most up-to-date weights.
  warnings.warn(msg)
C:\Users\jaive.DESKTOP-3TNM9JL\AppData\Roaming\Python\Python314\site-packages\torchvision\models\_utils.py:222: UserWarning: Arguments other than a weight enum or `None` for 'weights' are deprecated since 0.13 and may be removed in the future. The current behavior is equivalent to passing `weights=ResNet50_Weights.IMAGENET1K_V1`. You can also use `weights=ResNet50_Weights.DEFAULT` to get the most up-to-date weights.
  warnings.warn(msg)
C:\Users\jaive.DESKTOP-3TNM9JL\AppData\Roaming\Python\Python314\site-packages\torchvision\models\_utils.py:222: UserWarning: Arguments other than a weight enum or `None` for 'weights' are deprecated since 0.13 and may be removed in the future. The current behavior is equivalent to passing `weights=DenseNet121_Weights.IMAGENET1K_V1`. You can also use `weights=DenseNet121_Weights.DEFAULT` to get the most up-to-date weights.
  warnings.warn(msg)
C:\Users\jaive.DESKTOP-3TNM9JL\AppData\Roaming\Python\Python314\site-packages\torchvision\models\_utils.py:222: UserWarning: Arguments other than a weight enum or `None` for 'weights' are deprecated since 0.13 and may be removed in the future. The current behavior is equivalent to passing `weights=VGG16_BN_Weights.IMAGENET1K_V1`. You can also use `weights=VGG16_BN_Weights.DEFAULT` to get the most up-to-date weights.
  warnings.warn(msg)
----------- new folder ------------
------------ ok ----------------
resnet50_CE_0
Hyper-parameters: {'source_model': 'resnet50', 'batch_size': 50, 'max_iterations': 400, 'loss_function': 'CE', 'targeted': False, 'm1': 1, 'm2': 1, 'strength': 0, 'adv_perturbation': True, 'adv_loss_function': 'CE', 'adv_epsilon': 0.06274509803921569, 'adv_steps': 8, 'transpoint': 0, 'seed': 9018, 'MI': False, 'DI': False, 'TI': False, 'SI': False, 'random_start': False, 'save': True, 'device': 0, 'adv_alpha': 0.00784313725490196, 'adv_targeted': 1, 'file_path': '/targeted_attack/adv_example/resnet50_CE_0'}

device: cuda
setting up the source and target models
loaded the images
##################################################
starting :1 batch
[[ 6.  0.  0.  0.  0.  0.  0.  0.  0.  0.  0.  0.  0.  0.  0.  0.  0.  0.
   0.  0.  0.  0.  0.  0.  0.  0.  0.  0.  0.  0.  0.  0.  0.  0.  0.  0.
   0.  0.  0.  0.]
 [38.  0.  0.  0.  0.  0.  0.  0.  0.  0.  0.  0.  0.  0.  0.  0.  0.  0.
   0.  0.  0.  0.  0.  0.  0.  0.  0.  0.  0.  0.  0.  0.  0.  0.  0.  0.
   0.  0.  0.  0.]
 [11.  0.  0.  0.  0.  0.  0.  0.  0.  0.  0.  0.  0.  0.  0.  0.  0.  0.
   0.  0.  0.  0.  0.  0.  0.  0.  0.  0.  0.  0.  0.  0.  0.  0.  0.  0.
   0.  0.  0.  0.]
 [19.  0.  0.  0.  0.  0.  0.  0.  0.  0.  0.  0.  0.  0.  0.  0.  0.  0.
   0.  0.  0.  0.  0.  0.  0.  0.  0.  0.  0.  0.  0.  0.  0.  0.  0.  0.
   0.  0.  0.  0.]]
##############################
[[ 6.  9.  0.  0.  0.  0.  0.  0.  0.  0.  0.  0.  0.  0.  0.  0.  0.  0.
   0.  0.  0.  0.  0.  0.  0.  0.  0.  0.  0.  0.  0.  0.  0.  0.  0.  0.
   0.  0.  0.  0.]
 [38. 46.  0.  0.  0.  0.  0.  0.  0.  0.  0.  0.  0.  0.  0.  0.  0.  0.
   0.  0.  0.  0.  0.  0.  0.  0.  0.  0.  0.  0.  0.  0.  0.  0.  0.  0.
   0.  0.  0.  0.]
 [11. 13.  0.  0.  0.  0.  0.  0.  0.  0.  0.  0.  0.  0.  0.  0.  0.  0.
   0.  0.  0.  0.  0.  0.  0.  0.  0.  0.  0.  0.  0.  0.  0.  0.  0.  0.
   0.  0.  0.  0.]
 [19. 24.  0.  0.  0.  0.  0.  0.  0.  0.  0.  0.  0.  0.  0.  0.  0.  0.
   0.  0.  0.  0.  0.  0.  0.  0.  0.  0.  0.  0.  0.  0.  0.  0.  0.  0.
   0.  0.  0.  0.]]
##############################
[[ 6.  9. 14.  0.  0.  0.  0.  0.  0.  0.  0.  0.  0.  0.  0.  0.  0.  0.
   0.  0.  0.  0.  0.  0.  0.  0.  0.  0.  0.  0.  0.  0.  0.  0.  0.  0.
   0.  0.  0.  0.]
 [38. 46. 50.  0.  0.  0.  0.  0.  0.  0.  0.  0.  0.  0.  0.  0.  0.  0.
   0.  0.  0.  0.  0.  0.  0.  0.  0.  0.  0.  0.  0.  0.  0.  0.  0.  0.
   0.  0.  0.  0.]
 [11. 13. 18.  0.  0.  0.  0.  0.  0.  0.  0.  0.  0.  0.  0.  0.  0.  0.
   0.  0.  0.  0.  0.  0.  0.  0.  0.  0.  0.  0.  0.  0.  0.  0.  0.  0.
   0.  0.  0.  0.]
 [19. 24. 30.  0.  0.  0.  0.  0.  0.  0.  0.  0.  0.  0.  0.  0.  0.  0.
   0.  0.  0.  0.  0.  0.  0.  0.  0.  0.  0.  0.  0.  0.  0.  0.  0.  0.
   0.  0.  0.  0.]]
##############################
[[ 6.  9. 14. 16.  0.  0.  0.  0.  0.  0.  0.  0.  0.  0.  0.  0.  0.  0.
   0.  0.  0.  0.  0.  0.  0.  0.  0.  0.  0.  0.  0.  0.  0.  0.  0.  0.
   0.  0.  0.  0.]
 [38. 46. 50. 50.  0.  0.  0.  0.  0.  0.  0.  0.  0.  0.  0.  0.  0.  0.
   0.  0.  0.  0.  0.  0.  0.  0.  0.  0.  0.  0.  0.  0.  0.  0.  0.  0.
   0.  0.  0.  0.]
 [11. 13. 18. 25.  0.  0.  0.  0.  0.  0.  0.  0.  0.  0.  0.  0.  0.  0.
   0.  0.  0.  0.  0.  0.  0.  0.  0.  0.  0.  0.  0.  0.  0.  0.  0.  0.
   0.  0.  0.  0.]
 [19. 24. 30. 31.  0.  0.  0.  0.  0.  0.  0.  0.  0.  0.  0.  0.  0.  0.
   0.  0.  0.  0.  0.  0.  0.  0.  0.  0.  0.  0.  0.  0.  0.  0.  0.  0.
   0.  0.  0.  0.]]
##############################
[[ 6.  9. 14. 16. 21.  0.  0.  0.  0.  0.  0.  0.  0.  0.  0.  0.  0.  0.
   0.  0.  0.  0.  0.  0.  0.  0.  0.  0.  0.  0.  0.  0.  0.  0.  0.  0.
   0.  0.  0.  0.]
 [38. 46. 50. 50. 50.  0.  0.  0.  0.  0.  0.  0.  0.  0.  0.  0.  0.  0.
   0.  0.  0.  0.  0.  0.  0.  0.  0.  0.  0.  0.  0.  0.  0.  0.  0.  0.
   0.  0.  0.  0.]
 [11. 13. 18. 25. 29.  0.  0.  0.  0.  0.  0.  0.  0.  0.  0.  0.  0.  0.
   0.  0.  0.  0.  0.  0.  0.  0.  0.  0.  0.  0.  0.  0.  0.  0.  0.  0.
   0.  0.  0.  0.]
 [19. 24. 30. 31. 32.  0.  0.  0.  0.  0.  0.  0.  0.  0.  0.  0.  0.  0.
   0.  0.  0.  0.  0.  0.  0.  0.  0.  0.  0.  0.  0.  0.  0.  0.  0.  0.
   0.  0.  0.  0.]]
##############################
[[ 6.  9. 14. 16. 21. 24.  0.  0.  0.  0.  0.  0.  0.  0.  0.  0.  0.  0.
   0.  0.  0.  0.  0.  0.  0.  0.  0.  0.  0.  0.  0.  0.  0.  0.  0.  0.
   0.  0.  0.  0.]
 [38. 46. 50. 50. 50. 50.  0.  0.  0.  0.  0.  0.  0.  0.  0.  0.  0.  0.
   0.  0.  0.  0.  0.  0.  0.  0.  0.  0.  0.  0.  0.  0.  0.  0.  0.  0.
   0.  0.  0.  0.]
 [11. 13. 18. 25. 29. 28.  0.  0.  0.  0.  0.  0.  0.  0.  0.  0.  0.  0.
   0.  0.  0.  0.  0.  0.  0.  0.  0.  0.  0.  0.  0.  0.  0.  0.  0.  0.
   0.  0.  0.  0.]
 [19. 24. 30. 31. 32. 32.  0.  0.  0.  0.  0.  0.  0.  0.  0.  0.  0.  0.
   0.  0.  0.  0.  0.  0.  0.  0.  0.  0.  0.  0.  0.  0.  0.  0.  0.  0.
   0.  0.  0.  0.]]
##############################
[[ 6.  9. 14. 16. 21. 24. 25.  0.  0.  0.  0.  0.  0.  0.  0.  0.  0.  0.
   0.  0.  0.  0.  0.  0.  0.  0.  0.  0.  0.  0.  0.  0.  0.  0.  0.  0.
   0.  0.  0.  0.]
 [38. 46. 50. 50. 50. 50. 50.  0.  0.  0.  0.  0.  0.  0.  0.  0.  0.  0.
   0.  0.  0.  0.  0.  0.  0.  0.  0.  0.  0.  0.  0.  0.  0.  0.  0.  0.
   0.  0.  0.  0.]
 [11. 13. 18. 25. 29. 28. 31.  0.  0.  0.  0.  0.  0.  0.  0.  0.  0.  0.
   0.  0.  0.  0.  0.  0.  0.  0.  0.  0.  0.  0.  0.  0.  0.  0.  0.  0.
   0.  0.  0.  0.]
 [19. 24. 30. 31. 32. 32. 36.  0.  0.  0.  0.  0.  0.  0.  0.  0.  0.  0.
   0.  0.  0.  0.  0.  0.  0.  0.  0.  0.  0.  0.  0.  0.  0.  0.  0.  0.
   0.  0.  0.  0.]]
##############################
[[ 6.  9. 14. 16. 21. 24. 25. 27.  0.  0.  0.  0.  0.  0.  0.  0.  0.  0.
   0.  0.  0.  0.  0.  0.  0.  0.  0.  0.  0.  0.  0.  0.  0.  0.  0.  0.
   0.  0.  0.  0.]
 [38. 46. 50. 50. 50. 50. 50. 50.  0.  0.  0.  0.  0.  0.  0.  0.  0.  0.
   0.  0.  0.  0.  0.  0.  0.  0.  0.  0.  0.  0.  0.  0.  0.  0.  0.  0.
   0.  0.  0.  0.]
 [11. 13. 18. 25. 29. 28. 31. 31.  0.  0.  0.  0.  0.  0.  0.  0.  0.  0.
   0.  0.  0.  0.  0.  0.  0.  0.  0.  0.  0.  0.  0.  0.  0.  0.  0.  0.
   0.  0.  0.  0.]
 [19. 24. 30. 31. 32. 32. 36. 35.  0.  0.  0.  0.  0.  0.  0.  0.  0.  0.
   0.  0.  0.  0.  0.  0.  0.  0.  0.  0.  0.  0.  0.  0.  0.  0.  0.  0.
   0.  0.  0.  0.]]
##############################
[[ 6.  9. 14. 16. 21. 24. 25. 27. 26.  0.  0.  0.  0.  0.  0.  0.  0.  0.
   0.  0.  0.  0.  0.  0.  0.  0.  0.  0.  0.  0.  0.  0.  0.  0.  0.  0.
   0.  0.  0.  0.]
 [38. 46. 50. 50. 50. 50. 50. 50. 50.  0.  0.  0.  0.  0.  0.  0.  0.  0.
   0.  0.  0.  0.  0.  0.  0.  0.  0.  0.  0.  0.  0.  0.  0.  0.  0.  0.
   0.  0.  0.  0.]
 [11. 13. 18. 25. 29. 28. 31. 31. 32.  0.  0.  0.  0.  0.  0.  0.  0.  0.
   0.  0.  0.  0.  0.  0.  0.  0.  0.  0.  0.  0.  0.  0.  0.  0.  0.  0.
   0.  0.  0.  0.]
 [19. 24. 30. 31. 32. 32. 36. 35. 37.  0.  0.  0.  0.  0.  0.  0.  0.  0.
   0.  0.  0.  0.  0.  0.  0.  0.  0.  0.  0.  0.  0.  0.  0.  0.  0.  0.
   0.  0.  0.  0.]]
##############################
[[ 6.  9. 14. 16. 21. 24. 25. 27. 26. 28.  0.  0.  0.  0.  0.  0.  0.  0.
   0.  0.  0.  0.  0.  0.  0.  0.  0.  0.  0.  0.  0.  0.  0.  0.  0.  0.
   0.  0.  0.  0.]
 [38. 46. 50. 50. 50. 50. 50. 50. 50. 50.  0.  0.  0.  0.  0.  0.  0.  0.
   0.  0.  0.  0.  0.  0.  0.  0.  0.  0.  0.  0.  0.  0.  0.  0.  0.  0.
   0.  0.  0.  0.]
 [11. 13. 18. 25. 29. 28. 31. 31. 32. 32.  0.  0.  0.  0.  0.  0.  0.  0.
   0.  0.  0.  0.  0.  0.  0.  0.  0.  0.  0.  0.  0.  0.  0.  0.  0.  0.
   0.  0.  0.  0.]
 [19. 24. 30. 31. 32. 32. 36. 35. 37. 36.  0.  0.  0.  0.  0.  0.  0.  0.
   0.  0.  0.  0.  0.  0.  0.  0.  0.  0.  0.  0.  0.  0.  0.  0.  0.  0.
   0.  0.  0.  0.]]
##############################
[[ 6.  9. 14. 16. 21. 24. 25. 27. 26. 28. 27.  0.  0.  0.  0.  0.  0.  0.
   0.  0.  0.  0.  0.  0.  0.  0.  0.  0.  0.  0.  0.  0.  0.  0.  0.  0.
   0.  0.  0.  0.]
 [38. 46. 50. 50. 50. 50. 50. 50. 50. 50. 50.  0.  0.  0.  0.  0.  0.  0.
   0.  0.  0.  0.  0.  0.  0.  0.  0.  0.  0.  0.  0.  0.  0.  0.  0.  0.
   0.  0.  0.  0.]
 [11. 13. 18. 25. 29. 28. 31. 31. 32. 32. 35.  0.  0.  0.  0.  0.  0.  0.
   0.  0.  0.  0.  0.  0.  0.  0.  0.  0.  0.  0.  0.  0.  0.  0.  0.  0.
   0.  0.  0.  0.]
 [19. 24. 30. 31. 32. 32. 36. 35. 37. 36. 36.  0.  0.  0.  0.  0.  0.  0.
   0.  0.  0.  0.  0.  0.  0.  0.  0.  0.  0.  0.  0.  0.  0.  0.  0.  0.
   0.  0.  0.  0.]]
##############################
[[ 6.  9. 14. 16. 21. 24. 25. 27. 26. 28. 27. 26.  0.  0.  0.  0.  0.  0.
   0.  0.  0.  0.  0.  0.  0.  0.  0.  0.  0.  0.  0.  0.  0.  0.  0.  0.
   0.  0.  0.  0.]
 [38. 46. 50. 50. 50. 50. 50. 50. 50. 50. 50. 50.  0.  0.  0.  0.  0.  0.
   0.  0.  0.  0.  0.  0.  0.  0.  0.  0.  0.  0.  0.  0.  0.  0.  0.  0.
   0.  0.  0.  0.]
 [11. 13. 18. 25. 29. 28. 31. 31. 32. 32. 35. 35.  0.  0.  0.  0.  0.  0.
   0.  0.  0.  0.  0.  0.  0.  0.  0.  0.  0.  0.  0.  0.  0.  0.  0.  0.
   0.  0.  0.  0.]
 [19. 24. 30. 31. 32. 32. 36. 35. 37. 36. 36. 40.  0.  0.  0.  0.  0.  0.
   0.  0.  0.  0.  0.  0.  0.  0.  0.  0.  0.  0.  0.  0.  0.  0.  0.  0.
   0.  0.  0.  0.]]
##############################
[[ 6.  9. 14. 16. 21. 24. 25. 27. 26. 28. 27. 26. 29.  0.  0.  0.  0.  0.
   0.  0.  0.  0.  0.  0.  0.  0.  0.  0.  0.  0.  0.  0.  0.  0.  0.  0.
   0.  0.  0.  0.]
 [38. 46. 50. 50. 50. 50. 50. 50. 50. 50. 50. 50. 50.  0.  0.  0.  0.  0.
   0.  0.  0.  0.  0.  0.  0.  0.  0.  0.  0.  0.  0.  0.  0.  0.  0.  0.
   0.  0.  0.  0.]
 [11. 13. 18. 25. 29. 28. 31. 31. 32. 32. 35. 35. 33.  0.  0.  0.  0.  0.
   0.  0.  0.  0.  0.  0.  0.  0.  0.  0.  0.  0.  0.  0.  0.  0.  0.  0.
   0.  0.  0.  0.]
 [19. 24. 30. 31. 32. 32. 36. 35. 37. 36. 36. 40. 39.  0.  0.  0.  0.  0.
   0.  0.  0.  0.  0.  0.  0.  0.  0.  0.  0.  0.  0.  0.  0.  0.  0.  0.
   0.  0.  0.  0.]]
##############################
[[ 6.  9. 14. 16. 21. 24. 25. 27. 26. 28. 27. 26. 29. 28.  0.  0.  0.  0.
   0.  0.  0.  0.  0.  0.  0.  0.  0.  0.  0.  0.  0.  0.  0.  0.  0.  0.
   0.  0.  0.  0.]
 [38. 46. 50. 50. 50. 50. 50. 50. 50. 50. 50. 50. 50. 50.  0.  0.  0.  0.
   0.  0.  0.  0.  0.  0.  0.  0.  0.  0.  0.  0.  0.  0.  0.  0.  0.  0.
   0.  0.  0.  0.]
 [11. 13. 18. 25. 29. 28. 31. 31. 32. 32. 35. 35. 33. 33.  0.  0.  0.  0.
   0.  0.  0.  0.  0.  0.  0.  0.  0.  0.  0.  0.  0.  0.  0.  0.  0.  0.
   0.  0.  0.  0.]
 [19. 24. 30. 31. 32. 32. 36. 35. 37. 36. 36. 40. 39. 39.  0.  0.  0.  0.
   0.  0.  0.  0.  0.  0.  0.  0.  0.  0.  0.  0.  0.  0.  0.  0.  0.  0.
   0.  0.  0.  0.]]
##############################
[[ 6.  9. 14. 16. 21. 24. 25. 27. 26. 28. 27. 26. 29. 28. 28.  0.  0.  0.
   0.  0.  0.  0.  0.  0.  0.  0.  0.  0.  0.  0.  0.  0.  0.  0.  0.  0.
   0.  0.  0.  0.]
 [38. 46. 50. 50. 50. 50. 50. 50. 50. 50. 50. 50. 50. 50. 50.  0.  0.  0.
   0.  0.  0.  0.  0.  0.  0.  0.  0.  0.  0.  0.  0.  0.  0.  0.  0.  0.
   0.  0.  0.  0.]
 [11. 13. 18. 25. 29. 28. 31. 31. 32. 32. 35. 35. 33. 33. 32.  0.  0.  0.
   0.  0.  0.  0.  0.  0.  0.  0.  0.  0.  0.  0.  0.  0.  0.  0.  0.  0.
   0.  0.  0.  0.]
 [19. 24. 30. 31. 32. 32. 36. 35. 37. 36. 36. 40. 39. 39. 39.  0.  0.  0.
   0.  0.  0.  0.  0.  0.  0.  0.  0.  0.  0.  0.  0.  0.  0.  0.  0.  0.
   0.  0.  0.  0.]]
##############################
[[ 6.  9. 14. 16. 21. 24. 25. 27. 26. 28. 27. 26. 29. 28. 28. 30.  0.  0.
   0.  0.  0.  0.  0.  0.  0.  0.  0.  0.  0.  0.  0.  0.  0.  0.  0.  0.
   0.  0.  0.  0.]
 [38. 46. 50. 50. 50. 50. 50. 50. 50. 50. 50. 50. 50. 50. 50. 50.  0.  0.
   0.  0.  0.  0.  0.  0.  0.  0.  0.  0.  0.  0.  0.  0.  0.  0.  0.  0.
   0.  0.  0.  0.]
 [11. 13. 18. 25. 29. 28. 31. 31. 32. 32. 35. 35. 33. 33. 32. 35.  0.  0.
   0.  0.  0.  0.  0.  0.  0.  0.  0.  0.  0.  0.  0.  0.  0.  0.  0.  0.
   0.  0.  0.  0.]
 [19. 24. 30. 31. 32. 32. 36. 35. 37. 36. 36. 40. 39. 39. 39. 38.  0.  0.
   0.  0.  0.  0.  0.  0.  0.  0.  0.  0.  0.  0.  0.  0.  0.  0.  0.  0.
   0.  0.  0.  0.]]
##############################
[[ 6.  9. 14. 16. 21. 24. 25. 27. 26. 28. 27. 26. 29. 28. 28. 30. 33.  0.
   0.  0.  0.  0.  0.  0.  0.  0.  0.  0.  0.  0.  0.  0.  0.  0.  0.  0.
   0.  0.  0.  0.]
 [38. 46. 50. 50. 50. 50. 50. 50. 50. 50. 50. 50. 50. 50. 50. 50. 50.  0.
   0.  0.  0.  0.  0.  0.  0.  0.  0.  0.  0.  0.  0.  0.  0.  0.  0.  0.
   0.  0.  0.  0.]
 [11. 13. 18. 25. 29. 28. 31. 31. 32. 32. 35. 35. 33. 33. 32. 35. 33.  0.
   0.  0.  0.  0.  0.  0.  0.  0.  0.  0.  0.  0.  0.  0.  0.  0.  0.  0.
   0.  0.  0.  0.]
 [19. 24. 30. 31. 32. 32. 36. 35. 37. 36. 36. 40. 39. 39. 39. 38. 39.  0.
   0.  0.  0.  0.  0.  0.  0.  0.  0.  0.  0.  0.  0.  0.  0.  0.  0.  0.
   0.  0.  0.  0.]]
##############################
[[ 6.  9. 14. 16. 21. 24. 25. 27. 26. 28. 27. 26. 29. 28. 28. 30. 33. 28.
   0.  0.  0.  0.  0.  0.  0.  0.  0.  0.  0.  0.  0.  0.  0.  0.  0.  0.
   0.  0.  0.  0.]
 [38. 46. 50. 50. 50. 50. 50. 50. 50. 50. 50. 50. 50. 50. 50. 50. 50. 50.
   0.  0.  0.  0.  0.  0.  0.  0.  0.  0.  0.  0.  0.  0.  0.  0.  0.  0.
   0.  0.  0.  0.]
 [11. 13. 18. 25. 29. 28. 31. 31. 32. 32. 35. 35. 33. 33. 32. 35. 33. 32.
   0.  0.  0.  0.  0.  0.  0.  0.  0.  0.  0.  0.  0.  0.  0.  0.  0.  0.
   0.  0.  0.  0.]
 [19. 24. 30. 31. 32. 32. 36. 35. 37. 36. 36. 40. 39. 39. 39. 38. 39. 36.
   0.  0.  0.  0.  0.  0.  0.  0.  0.  0.  0.  0.  0.  0.  0.  0.  0.  0.
   0.  0.  0.  0.]]
##############################
[[ 6.  9. 14. 16. 21. 24. 25. 27. 26. 28. 27. 26. 29. 28. 28. 30. 33. 28.
  30.  0.  0.  0.  0.  0.  0.  0.  0.  0.  0.  0.  0.  0.  0.  0.  0.  0.
   0.  0.  0.  0.]
 [38. 46. 50. 50. 50. 50. 50. 50. 50. 50. 50. 50. 50. 50. 50. 50. 50. 50.
  50.  0.  0.  0.  0.  0.  0.  0.  0.  0.  0.  0.  0.  0.  0.  0.  0.  0.
   0.  0.  0.  0.]
 [11. 13. 18. 25. 29. 28. 31. 31. 32. 32. 35. 35. 33. 33. 32. 35. 33. 32.
  32.  0.  0.  0.  0.  0.  0.  0.  0.  0.  0.  0.  0.  0.  0.  0.  0.  0.
   0.  0.  0.  0.]
 [19. 24. 30. 31. 32. 32. 36. 35. 37. 36. 36. 40. 39. 39. 39. 38. 39. 36.
  38.  0.  0.  0.  0.  0.  0.  0.  0.  0.  0.  0.  0.  0.  0.  0.  0.  0.
   0.  0.  0.  0.]]
##############################
[[ 6.  9. 14. 16. 21. 24. 25. 27. 26. 28. 27. 26. 29. 28. 28. 30. 33. 28.
  30. 30.  0.  0.  0.  0.  0.  0.  0.  0.  0.  0.  0.  0.  0.  0.  0.  0.
   0.  0.  0.  0.]
 [38. 46. 50. 50. 50. 50. 50. 50. 50. 50. 50. 50. 50. 50. 50. 50. 50. 50.
  50. 50.  0.  0.  0.  0.  0.  0.  0.  0.  0.  0.  0.  0.  0.  0.  0.  0.
   0.  0.  0.  0.]
 [11. 13. 18. 25. 29. 28. 31. 31. 32. 32. 35. 35. 33. 33. 32. 35. 33. 32.
  32. 34.  0.  0.  0.  0.  0.  0.  0.  0.  0.  0.  0.  0.  0.  0.  0.  0.
   0.  0.  0.  0.]
 [19. 24. 30. 31. 32. 32. 36. 35. 37. 36. 36. 40. 39. 39. 39. 38. 39. 36.
  38. 41.  0.  0.  0.  0.  0.  0.  0.  0.  0.  0.  0.  0.  0.  0.  0.  0.
   0.  0.  0.  0.]]
##############################
[[ 6.  9. 14. 16. 21. 24. 25. 27. 26. 28. 27. 26. 29. 28. 28. 30. 33. 28.
  30. 30. 29.  0.  0.  0.  0.  0.  0.  0.  0.  0.  0.  0.  0.  0.  0.  0.
   0.  0.  0.  0.]
 [38. 46. 50. 50. 50. 50. 50. 50. 50. 50. 50. 50. 50. 50. 50. 50. 50. 50.
  50. 50. 50.  0.  0.  0.  0.  0.  0.  0.  0.  0.  0.  0.  0.  0.  0.  0.
   0.  0.  0.  0.]
 [11. 13. 18. 25. 29. 28. 31. 31. 32. 32. 35. 35. 33. 33. 32. 35. 33. 32.
  32. 34. 36.  0.  0.  0.  0.  0.  0.  0.  0.  0.  0.  0.  0.  0.  0.  0.
   0.  0.  0.  0.]
 [19. 24. 30. 31. 32. 32. 36. 35. 37. 36. 36. 40. 39. 39. 39. 38. 39. 36.
  38. 41. 39.  0.  0.  0.  0.  0.  0.  0.  0.  0.  0.  0.  0.  0.  0.  0.
   0.  0.  0.  0.]]
##############################
[[ 6.  9. 14. 16. 21. 24. 25. 27. 26. 28. 27. 26. 29. 28. 28. 30. 33. 28.
  30. 30. 29. 29.  0.  0.  0.  0.  0.  0.  0.  0.  0.  0.  0.  0.  0.  0.
   0.  0.  0.  0.]
 [38. 46. 50. 50. 50. 50. 50. 50. 50. 50. 50. 50. 50. 50. 50. 50. 50. 50.
  50. 50. 50. 50.  0.  0.  0.  0.  0.  0.  0.  0.  0.  0.  0.  0.  0.  0.
   0.  0.  0.  0.]
 [11. 13. 18. 25. 29. 28. 31. 31. 32. 32. 35. 35. 33. 33. 32. 35. 33. 32.
  32. 34. 36. 35.  0.  0.  0.  0.  0.  0.  0.  0.  0.  0.  0.  0.  0.  0.
   0.  0.  0.  0.]
 [19. 24. 30. 31. 32. 32. 36. 35. 37. 36. 36. 40. 39. 39. 39. 38. 39. 36.
  38. 41. 39. 39.  0.  0.  0.  0.  0.  0.  0.  0.  0.  0.  0.  0.  0.  0.
   0.  0.  0.  0.]]
##############################
[[ 6.  9. 14. 16. 21. 24. 25. 27. 26. 28. 27. 26. 29. 28. 28. 30. 33. 28.
  30. 30. 29. 29. 29.  0.  0.  0.  0.  0.  0.  0.  0.  0.  0.  0.  0.  0.
   0.  0.  0.  0.]
 [38. 46. 50. 50. 50. 50. 50. 50. 50. 50. 50. 50. 50. 50. 50. 50. 50. 50.
  50. 50. 50. 50. 50.  0.  0.  0.  0.  0.  0.  0.  0.  0.  0.  0.  0.  0.
   0.  0.  0.  0.]
 [11. 13. 18. 25. 29. 28. 31. 31. 32. 32. 35. 35. 33. 33. 32. 35. 33. 32.
  32. 34. 36. 35. 37.  0.  0.  0.  0.  0.  0.  0.  0.  0.  0.  0.  0.  0.
   0.  0.  0.  0.]
 [19. 24. 30. 31. 32. 32. 36. 35. 37. 36. 36. 40. 39. 39. 39. 38. 39. 36.
  38. 41. 39. 39. 39.  0.  0.  0.  0.  0.  0.  0.  0.  0.  0.  0.  0.  0.
   0.  0.  0.  0.]]
##############################
[[ 6.  9. 14. 16. 21. 24. 25. 27. 26. 28. 27. 26. 29. 28. 28. 30. 33. 28.
  30. 30. 29. 29. 29. 30.  0.  0.  0.  0.  0.  0.  0.  0.  0.  0.  0.  0.
   0.  0.  0.  0.]
 [38. 46. 50. 50. 50. 50. 50. 50. 50. 50. 50. 50. 50. 50. 50. 50. 50. 50.
  50. 50. 50. 50. 50. 50.  0.  0.  0.  0.  0.  0.  0.  0.  0.  0.  0.  0.
   0.  0.  0.  0.]
 [11. 13. 18. 25. 29. 28. 31. 31. 32. 32. 35. 35. 33. 33. 32. 35. 33. 32.
  32. 34. 36. 35. 37. 38.  0.  0.  0.  0.  0.  0.  0.  0.  0.  0.  0.  0.
   0.  0.  0.  0.]
 [19. 24. 30. 31. 32. 32. 36. 35. 37. 36. 36. 40. 39. 39. 39. 38. 39. 36.
  38. 41. 39. 39. 39. 40.  0.  0.  0.  0.  0.  0.  0.  0.  0.  0.  0.  0.
   0.  0.  0.  0.]]
##############################
[[ 6.  9. 14. 16. 21. 24. 25. 27. 26. 28. 27. 26. 29. 28. 28. 30. 33. 28.
  30. 30. 29. 29. 29. 30. 31.  0.  0.  0.  0.  0.  0.  0.  0.  0.  0.  0.
   0.  0.  0.  0.]
 [38. 46. 50. 50. 50. 50. 50. 50. 50. 50. 50. 50. 50. 50. 50. 50. 50. 50.
  50. 50. 50. 50. 50. 50. 50.  0.  0.  0.  0.  0.  0.  0.  0.  0.  0.  0.
   0.  0.  0.  0.]
 [11. 13. 18. 25. 29. 28. 31. 31. 32. 32. 35. 35. 33. 33. 32. 35. 33. 32.
  32. 34. 36. 35. 37. 38. 38.  0.  0.  0.  0.  0.  0.  0.  0.  0.  0.  0.
   0.  0.  0.  0.]
 [19. 24. 30. 31. 32. 32. 36. 35. 37. 36. 36. 40. 39. 39. 39. 38. 39. 36.
  38. 41. 39. 39. 39. 40. 42.  0.  0.  0.  0.  0.  0.  0.  0.  0.  0.  0.
   0.  0.  0.  0.]]
##############################
[[ 6.  9. 14. 16. 21. 24. 25. 27. 26. 28. 27. 26. 29. 28. 28. 30. 33. 28.
  30. 30. 29. 29. 29. 30. 31. 34.  0.  0.  0.  0.  0.  0.  0.  0.  0.  0.
   0.  0.  0.  0.]
 [38. 46. 50. 50. 50. 50. 50. 50. 50. 50. 50. 50. 50. 50. 50. 50. 50. 50.
  50. 50. 50. 50. 50. 50. 50. 50.  0.  0.  0.  0.  0.  0.  0.  0.  0.  0.
   0.  0.  0.  0.]
 [11. 13. 18. 25. 29. 28. 31. 31. 32. 32. 35. 35. 33. 33. 32. 35. 33. 32.
  32. 34. 36. 35. 37. 38. 38. 37.  0.  0.  0.  0.  0.  0.  0.  0.  0.  0.
   0.  0.  0.  0.]
 [19. 24. 30. 31. 32. 32. 36. 35. 37. 36. 36. 40. 39. 39. 39. 38. 39. 36.
  38. 41. 39. 39. 39. 40. 42. 39.  0.  0.  0.  0.  0.  0.  0.  0.  0.  0.
   0.  0.  0.  0.]]
##############################
[[ 6.  9. 14. 16. 21. 24. 25. 27. 26. 28. 27. 26. 29. 28. 28. 30. 33. 28.
  30. 30. 29. 29. 29. 30. 31. 34. 33.  0.  0.  0.  0.  0.  0.  0.  0.  0.
   0.  0.  0.  0.]
 [38. 46. 50. 50. 50. 50. 50. 50. 50. 50. 50. 50. 50. 50. 50. 50. 50. 50.
  50. 50. 50. 50. 50. 50. 50. 50. 50.  0.  0.  0.  0.  0.  0.  0.  0.  0.
   0.  0.  0.  0.]
 [11. 13. 18. 25. 29. 28. 31. 31. 32. 32. 35. 35. 33. 33. 32. 35. 33. 32.
  32. 34. 36. 35. 37. 38. 38. 37. 38.  0.  0.  0.  0.  0.  0.  0.  0.  0.
   0.  0.  0.  0.]
 [19. 24. 30. 31. 32. 32. 36. 35. 37. 36. 36. 40. 39. 39. 39. 38. 39. 36.
  38. 41. 39. 39. 39. 40. 42. 39. 39.  0.  0.  0.  0.  0.  0.  0.  0.  0.
   0.  0.  0.  0.]]
##############################
[[ 6.  9. 14. 16. 21. 24. 25. 27. 26. 28. 27. 26. 29. 28. 28. 30. 33. 28.
  30. 30. 29. 29. 29. 30. 31. 34. 33. 34.  0.  0.  0.  0.  0.  0.  0.  0.
   0.  0.  0.  0.]
 [38. 46. 50. 50. 50. 50. 50. 50. 50. 50. 50. 50. 50. 50. 50. 50. 50. 50.
  50. 50. 50. 50. 50. 50. 50. 50. 50. 50.  0.  0.  0.  0.  0.  0.  0.  0.
   0.  0.  0.  0.]
 [11. 13. 18. 25. 29. 28. 31. 31. 32. 32. 35. 35. 33. 33. 32. 35. 33. 32.
  32. 34. 36. 35. 37. 38. 38. 37. 38. 38.  0.  0.  0.  0.  0.  0.  0.  0.
   0.  0.  0.  0.]
 [19. 24. 30. 31. 32. 32. 36. 35. 37. 36. 36. 40. 39. 39. 39. 38. 39. 36.
  38. 41. 39. 39. 39. 40. 42. 39. 39. 41.  0.  0.  0.  0.  0.  0.  0.  0.
   0.  0.  0.  0.]]
##############################
[[ 6.  9. 14. 16. 21. 24. 25. 27. 26. 28. 27. 26. 29. 28. 28. 30. 33. 28.
  30. 30. 29. 29. 29. 30. 31. 34. 33. 34. 32.  0.  0.  0.  0.  0.  0.  0.
   0.  0.  0.  0.]
 [38. 46. 50. 50. 50. 50. 50. 50. 50. 50. 50. 50. 50. 50. 50. 50. 50. 50.
  50. 50. 50. 50. 50. 50. 50. 50. 50. 50. 50.  0.  0.  0.  0.  0.  0.  0.
   0.  0.  0.  0.]
 [11. 13. 18. 25. 29. 28. 31. 31. 32. 32. 35. 35. 33. 33. 32. 35. 33. 32.
  32. 34. 36. 35. 37. 38. 38. 37. 38. 38. 38.  0.  0.  0.  0.  0.  0.  0.
   0.  0.  0.  0.]
 [19. 24. 30. 31. 32. 32. 36. 35. 37. 36. 36. 40. 39. 39. 39. 38. 39. 36.
  38. 41. 39. 39. 39. 40. 42. 39. 39. 41. 41.  0.  0.  0.  0.  0.  0.  0.
   0.  0.  0.  0.]]
##############################
[[ 6.  9. 14. 16. 21. 24. 25. 27. 26. 28. 27. 26. 29. 28. 28. 30. 33. 28.
  30. 30. 29. 29. 29. 30. 31. 34. 33. 34. 32. 30.  0.  0.  0.  0.  0.  0.
   0.  0.  0.  0.]
 [38. 46. 50. 50. 50. 50. 50. 50. 50. 50. 50. 50. 50. 50. 50. 50. 50. 50.
  50. 50. 50. 50. 50. 50. 50. 50. 50. 50. 50. 50.  0.  0.  0.  0.  0.  0.
   0.  0.  0.  0.]
 [11. 13. 18. 25. 29. 28. 31. 31. 32. 32. 35. 35. 33. 33. 32. 35. 33. 32.
  32. 34. 36. 35. 37. 38. 38. 37. 38. 38. 38. 36.  0.  0.  0.  0.  0.  0.
   0.  0.  0.  0.]
 [19. 24. 30. 31. 32. 32. 36. 35. 37. 36. 36. 40. 39. 39. 39. 38. 39. 36.
  38. 41. 39. 39. 39. 40. 42. 39. 39. 41. 41. 39.  0.  0.  0.  0.  0.  0.
   0.  0.  0.  0.]]
##############################
[[ 6.  9. 14. 16. 21. 24. 25. 27. 26. 28. 27. 26. 29. 28. 28. 30. 33. 28.
  30. 30. 29. 29. 29. 30. 31. 34. 33. 34. 32. 30. 29.  0.  0.  0.  0.  0.
   0.  0.  0.  0.]
 [38. 46. 50. 50. 50. 50. 50. 50. 50. 50. 50. 50. 50. 50. 50. 50. 50. 50.
  50. 50. 50. 50. 50. 50. 50. 50. 50. 50. 50. 50. 50.  0.  0.  0.  0.  0.
   0.  0.  0.  0.]
 [11. 13. 18. 25. 29. 28. 31. 31. 32. 32. 35. 35. 33. 33. 32. 35. 33. 32.
  32. 34. 36. 35. 37. 38. 38. 37. 38. 38. 38. 36. 34.  0.  0.  0.  0.  0.
   0.  0.  0.  0.]
 [19. 24. 30. 31. 32. 32. 36. 35. 37. 36. 36. 40. 39. 39. 39. 38. 39. 36.
  38. 41. 39. 39. 39. 40. 42. 39. 39. 41. 41. 39. 39.  0.  0.  0.  0.  0.
   0.  0.  0.  0.]]
##############################
[[ 6.  9. 14. 16. 21. 24. 25. 27. 26. 28. 27. 26. 29. 28. 28. 30. 33. 28.
  30. 30. 29. 29. 29. 30. 31. 34. 33. 34. 32. 30. 29. 31.  0.  0.  0.  0.
   0.  0.  0.  0.]
 [38. 46. 50. 50. 50. 50. 50. 50. 50. 50. 50. 50. 50. 50. 50. 50. 50. 50.
  50. 50. 50. 50. 50. 50. 50. 50. 50. 50. 50. 50. 50. 50.  0.  0.  0.  0.
   0.  0.  0.  0.]
 [11. 13. 18. 25. 29. 28. 31. 31. 32. 32. 35. 35. 33. 33. 32. 35. 33. 32.
  32. 34. 36. 35. 37. 38. 38. 37. 38. 38. 38. 36. 34. 36.  0.  0.  0.  0.
   0.  0.  0.  0.]
 [19. 24. 30. 31. 32. 32. 36. 35. 37. 36. 36. 40. 39. 39. 39. 38. 39. 36.
  38. 41. 39. 39. 39. 40. 42. 39. 39. 41. 41. 39. 39. 38.  0.  0.  0.  0.
   0.  0.  0.  0.]]
##############################
[[ 6.  9. 14. 16. 21. 24. 25. 27. 26. 28. 27. 26. 29. 28. 28. 30. 33. 28.
  30. 30. 29. 29. 29. 30. 31. 34. 33. 34. 32. 30. 29. 31. 33.  0.  0.  0.
   0.  0.  0.  0.]
 [38. 46. 50. 50. 50. 50. 50. 50. 50. 50. 50. 50. 50. 50. 50. 50. 50. 50.
  50. 50. 50. 50. 50. 50. 50. 50. 50. 50. 50. 50. 50. 50. 50.  0.  0.  0.
   0.  0.  0.  0.]
 [11. 13. 18. 25. 29. 28. 31. 31. 32. 32. 35. 35. 33. 33. 32. 35. 33. 32.
  32. 34. 36. 35. 37. 38. 38. 37. 38. 38. 38. 36. 34. 36. 36.  0.  0.  0.
   0.  0.  0.  0.]
 [19. 24. 30. 31. 32. 32. 36. 35. 37. 36. 36. 40. 39. 39. 39. 38. 39. 36.
  38. 41. 39. 39. 39. 40. 42. 39. 39. 41. 41. 39. 39. 38. 40.  0.  0.  0.
   0.  0.  0.  0.]]
##############################
[[ 6.  9. 14. 16. 21. 24. 25. 27. 26. 28. 27. 26. 29. 28. 28. 30. 33. 28.
  30. 30. 29. 29. 29. 30. 31. 34. 33. 34. 32. 30. 29. 31. 33. 33.  0.  0.
   0.  0.  0.  0.]
 [38. 46. 50. 50. 50. 50. 50. 50. 50. 50. 50. 50. 50. 50. 50. 50. 50. 50.
  50. 50. 50. 50. 50. 50. 50. 50. 50. 50. 50. 50. 50. 50. 50. 50.  0.  0.
   0.  0.  0.  0.]
 [11. 13. 18. 25. 29. 28. 31. 31. 32. 32. 35. 35. 33. 33. 32. 35. 33. 32.
  32. 34. 36. 35. 37. 38. 38. 37. 38. 38. 38. 36. 34. 36. 36. 38.  0.  0.
   0.  0.  0.  0.]
 [19. 24. 30. 31. 32. 32. 36. 35. 37. 36. 36. 40. 39. 39. 39. 38. 39. 36.
  38. 41. 39. 39. 39. 40. 42. 39. 39. 41. 41. 39. 39. 38. 40. 40.  0.  0.
   0.  0.  0.  0.]]
##############################
[[ 6.  9. 14. 16. 21. 24. 25. 27. 26. 28. 27. 26. 29. 28. 28. 30. 33. 28.
  30. 30. 29. 29. 29. 30. 31. 34. 33. 34. 32. 30. 29. 31. 33. 33. 32.  0.
   0.  0.  0.  0.]
 [38. 46. 50. 50. 50. 50. 50. 50. 50. 50. 50. 50. 50. 50. 50. 50. 50. 50.
  50. 50. 50. 50. 50. 50. 50. 50. 50. 50. 50. 50. 50. 50. 50. 50. 50.  0.
   0.  0.  0.  0.]
 [11. 13. 18. 25. 29. 28. 31. 31. 32. 32. 35. 35. 33. 33. 32. 35. 33. 32.
  32. 34. 36. 35. 37. 38. 38. 37. 38. 38. 38. 36. 34. 36. 36. 38. 38.  0.
   0.  0.  0.  0.]
 [19. 24. 30. 31. 32. 32. 36. 35. 37. 36. 36. 40. 39. 39. 39. 38. 39. 36.
  38. 41. 39. 39. 39. 40. 42. 39. 39. 41. 41. 39. 39. 38. 40. 40. 41.  0.
   0.  0.  0.  0.]]
##############################
[[ 6.  9. 14. 16. 21. 24. 25. 27. 26. 28. 27. 26. 29. 28. 28. 30. 33. 28.
  30. 30. 29. 29. 29. 30. 31. 34. 33. 34. 32. 30. 29. 31. 33. 33. 32. 30.
   0.  0.  0.  0.]
 [38. 46. 50. 50. 50. 50. 50. 50. 50. 50. 50. 50. 50. 50. 50. 50. 50. 50.
  50. 50. 50. 50. 50. 50. 50. 50. 50. 50. 50. 50. 50. 50. 50. 50. 50. 50.
   0.  0.  0.  0.]
 [11. 13. 18. 25. 29. 28. 31. 31. 32. 32. 35. 35. 33. 33. 32. 35. 33. 32.
  32. 34. 36. 35. 37. 38. 38. 37. 38. 38. 38. 36. 34. 36. 36. 38. 38. 38.
   0.  0.  0.  0.]
 [19. 24. 30. 31. 32. 32. 36. 35. 37. 36. 36. 40. 39. 39. 39. 38. 39. 36.
  38. 41. 39. 39. 39. 40. 42. 39. 39. 41. 41. 39. 39. 38. 40. 40. 41. 40.
   0.  0.  0.  0.]]
##############################
[[ 6.  9. 14. 16. 21. 24. 25. 27. 26. 28. 27. 26. 29. 28. 28. 30. 33. 28.
  30. 30. 29. 29. 29. 30. 31. 34. 33. 34. 32. 30. 29. 31. 33. 33. 32. 30.
  30.  0.  0.  0.]
 [38. 46. 50. 50. 50. 50. 50. 50. 50. 50. 50. 50. 50. 50. 50. 50. 50. 50.
  50. 50. 50. 50. 50. 50. 50. 50. 50. 50. 50. 50. 50. 50. 50. 50. 50. 50.
  50.  0.  0.  0.]
 [11. 13. 18. 25. 29. 28. 31. 31. 32. 32. 35. 35. 33. 33. 32. 35. 33. 32.
  32. 34. 36. 35. 37. 38. 38. 37. 38. 38. 38. 36. 34. 36. 36. 38. 38. 38.
  39.  0.  0.  0.]
 [19. 24. 30. 31. 32. 32. 36. 35. 37. 36. 36. 40. 39. 39. 39. 38. 39. 36.
  38. 41. 39. 39. 39. 40. 42. 39. 39. 41. 41. 39. 39. 38. 40. 40. 41. 40.
  41.  0.  0.  0.]]
##############################
[[ 6.  9. 14. 16. 21. 24. 25. 27. 26. 28. 27. 26. 29. 28. 28. 30. 33. 28.
  30. 30. 29. 29. 29. 30. 31. 34. 33. 34. 32. 30. 29. 31. 33. 33. 32. 30.
  30. 32.  0.  0.]
 [38. 46. 50. 50. 50. 50. 50. 50. 50. 50. 50. 50. 50. 50. 50. 50. 50. 50.
  50. 50. 50. 50. 50. 50. 50. 50. 50. 50. 50. 50. 50. 50. 50. 50. 50. 50.
  50. 50.  0.  0.]
 [11. 13. 18. 25. 29. 28. 31. 31. 32. 32. 35. 35. 33. 33. 32. 35. 33. 32.
  32. 34. 36. 35. 37. 38. 38. 37. 38. 38. 38. 36. 34. 36. 36. 38. 38. 38.
  39. 35.  0.  0.]
 [19. 24. 30. 31. 32. 32. 36. 35. 37. 36. 36. 40. 39. 39. 39. 38. 39. 36.
  38. 41. 39. 39. 39. 40. 42. 39. 39. 41. 41. 39. 39. 38. 40. 40. 41. 40.
  41. 37.  0.  0.]]
##############################
[[ 6.  9. 14. 16. 21. 24. 25. 27. 26. 28. 27. 26. 29. 28. 28. 30. 33. 28.
  30. 30. 29. 29. 29. 30. 31. 34. 33. 34. 32. 30. 29. 31. 33. 33. 32. 30.
  30. 32. 33.  0.]
 [38. 46. 50. 50. 50. 50. 50. 50. 50. 50. 50. 50. 50. 50. 50. 50. 50. 50.
  50. 50. 50. 50. 50. 50. 50. 50. 50. 50. 50. 50. 50. 50. 50. 50. 50. 50.
  50. 50. 50.  0.]
 [11. 13. 18. 25. 29. 28. 31. 31. 32. 32. 35. 35. 33. 33. 32. 35. 33. 32.
  32. 34. 36. 35. 37. 38. 38. 37. 38. 38. 38. 36. 34. 36. 36. 38. 38. 38.
  39. 35. 39.  0.]
 [19. 24. 30. 31. 32. 32. 36. 35. 37. 36. 36. 40. 39. 39. 39. 38. 39. 36.
  38. 41. 39. 39. 39. 40. 42. 39. 39. 41. 41. 39. 39. 38. 40. 40. 41. 40.
  41. 37. 40.  0.]]
##############################
[[ 6.  9. 14. 16. 21. 24. 25. 27. 26. 28. 27. 26. 29. 28. 28. 30. 33. 28.
  30. 30. 29. 29. 29. 30. 31. 34. 33. 34. 32. 30. 29. 31. 33. 33. 32. 30.
  30. 32. 33. 30.]
 [38. 46. 50. 50. 50. 50. 50. 50. 50. 50. 50. 50. 50. 50. 50. 50. 50. 50.
  50. 50. 50. 50. 50. 50. 50. 50. 50. 50. 50. 50. 50. 50. 50. 50. 50. 50.
  50. 50. 50. 50.]
 [11. 13. 18. 25. 29. 28. 31. 31. 32. 32. 35. 35. 33. 33. 32. 35. 33. 32.
  32. 34. 36. 35. 37. 38. 38. 37. 38. 38. 38. 36. 34. 36. 36. 38. 38. 38.
  39. 35. 39. 39.]
 [19. 24. 30. 31. 32. 32. 36. 35. 37. 36. 36. 40. 39. 39. 39. 38. 39. 36.
  38. 41. 39. 39. 39. 40. 42. 39. 39. 41. 41. 39. 39. 38. 40. 40. 41. 40.
  41. 37. 40. 39.]]
##############################
##################################################
##################################################
starting :2 batch
[[ 9.  9. 14. 16. 21. 24. 25. 27. 26. 28. 27. 26. 29. 28. 28. 30. 33. 28.
  30. 30. 29. 29. 29. 30. 31. 34. 33. 34. 32. 30. 29. 31. 33. 33. 32. 30.
  30. 32. 33. 30.]
 [74. 46. 50. 50. 50. 50. 50. 50. 50. 50. 50. 50. 50. 50. 50. 50. 50. 50.
  50. 50. 50. 50. 50. 50. 50. 50. 50. 50. 50. 50. 50. 50. 50. 50. 50. 50.
  50. 50. 50. 50.]
 [20. 13. 18. 25. 29. 28. 31. 31. 32. 32. 35. 35. 33. 33. 32. 35. 33. 32.
  32. 34. 36. 35. 37. 38. 38. 37. 38. 38. 38. 36. 34. 36. 36. 38. 38. 38.
  39. 35. 39. 39.]
 [29. 24. 30. 31. 32. 32. 36. 35. 37. 36. 36. 40. 39. 39. 39. 38. 39. 36.
  38. 41. 39. 39. 39. 40. 42. 39. 39. 41. 41. 39. 39. 38. 40. 40. 41. 40.
  41. 37. 40. 39.]]
##############################
[[ 9. 14. 14. 16. 21. 24. 25. 27. 26. 28. 27. 26. 29. 28. 28. 30. 33. 28.
  30. 30. 29. 29. 29. 30. 31. 34. 33. 34. 32. 30. 29. 31. 33. 33. 32. 30.
  30. 32. 33. 30.]
 [74. 93. 50. 50. 50. 50. 50. 50. 50. 50. 50. 50. 50. 50. 50. 50. 50. 50.
  50. 50. 50. 50. 50. 50. 50. 50. 50. 50. 50. 50. 50. 50. 50. 50. 50. 50.
  50. 50. 50. 50.]
 [20. 28. 18. 25. 29. 28. 31. 31. 32. 32. 35. 35. 33. 33. 32. 35. 33. 32.
  32. 34. 36. 35. 37. 38. 38. 37. 38. 38. 38. 36. 34. 36. 36. 38. 38. 38.
  39. 35. 39. 39.]
 [29. 42. 30. 31. 32. 32. 36. 35. 37. 36. 36. 40. 39. 39. 39. 38. 39. 36.
  38. 41. 39. 39. 39. 40. 42. 39. 39. 41. 41. 39. 39. 38. 40. 40. 41. 40.
  41. 37. 40. 39.]]
##############################
[[ 9. 14. 22. 16. 21. 24. 25. 27. 26. 28. 27. 26. 29. 28. 28. 30. 33. 28.
  30. 30. 29. 29. 29. 30. 31. 34. 33. 34. 32. 30. 29. 31. 33. 33. 32. 30.
  30. 32. 33. 30.]
 [74. 93. 98. 50. 50. 50. 50. 50. 50. 50. 50. 50. 50. 50. 50. 50. 50. 50.
  50. 50. 50. 50. 50. 50. 50. 50. 50. 50. 50. 50. 50. 50. 50. 50. 50. 50.
  50. 50. 50. 50.]
 [20. 28. 35. 25. 29. 28. 31. 31. 32. 32. 35. 35. 33. 33. 32. 35. 33. 32.
  32. 34. 36. 35. 37. 38. 38. 37. 38. 38. 38. 36. 34. 36. 36. 38. 38. 38.
  39. 35. 39. 39.]
 [29. 42. 55. 31. 32. 32. 36. 35. 37. 36. 36. 40. 39. 39. 39. 38. 39. 36.
  38. 41. 39. 39. 39. 40. 42. 39. 39. 41. 41. 39. 39. 38. 40. 40. 41. 40.
  41. 37. 40. 39.]]
##############################
[[ 9. 14. 22. 22. 21. 24. 25. 27. 26. 28. 27. 26. 29. 28. 28. 30. 33. 28.
  30. 30. 29. 29. 29. 30. 31. 34. 33. 34. 32. 30. 29. 31. 33. 33. 32. 30.
  30. 32. 33. 30.]
 [74. 93. 98. 99. 50. 50. 50. 50. 50. 50. 50. 50. 50. 50. 50. 50. 50. 50.
  50. 50. 50. 50. 50. 50. 50. 50. 50. 50. 50. 50. 50. 50. 50. 50. 50. 50.
  50. 50. 50. 50.]
 [20. 28. 35. 45. 29. 28. 31. 31. 32. 32. 35. 35. 33. 33. 32. 35. 33. 32.
  32. 34. 36. 35. 37. 38. 38. 37. 38. 38. 38. 36. 34. 36. 36. 38. 38. 38.
  39. 35. 39. 39.]
 [29. 42. 55. 58. 32. 32. 36. 35. 37. 36. 36. 40. 39. 39. 39. 38. 39. 36.
  38. 41. 39. 39. 39. 40. 42. 39. 39. 41. 41. 39. 39. 38. 40. 40. 41. 40.
  41. 37. 40. 39.]]
##############################
[[ 9. 14. 22. 22. 29. 24. 25. 27. 26. 28. 27. 26. 29. 28. 28. 30. 33. 28.
  30. 30. 29. 29. 29. 30. 31. 34. 33. 34. 32. 30. 29. 31. 33. 33. 32. 30.
  30. 32. 33. 30.]
 [74. 93. 98. 99. 98. 50. 50. 50. 50. 50. 50. 50. 50. 50. 50. 50. 50. 50.
  50. 50. 50. 50. 50. 50. 50. 50. 50. 50. 50. 50. 50. 50. 50. 50. 50. 50.
  50. 50. 50. 50.]
 [20. 28. 35. 45. 51. 28. 31. 31. 32. 32. 35. 35. 33. 33. 32. 35. 33. 32.
  32. 34. 36. 35. 37. 38. 38. 37. 38. 38. 38. 36. 34. 36. 36. 38. 38. 38.
  39. 35. 39. 39.]
 [29. 42. 55. 58. 63. 32. 36. 35. 37. 36. 36. 40. 39. 39. 39. 38. 39. 36.
  38. 41. 39. 39. 39. 40. 42. 39. 39. 41. 41. 39. 39. 38. 40. 40. 41. 40.
  41. 37. 40. 39.]]
##############################
[[ 9. 14. 22. 22. 29. 31. 25. 27. 26. 28. 27. 26. 29. 28. 28. 30. 33. 28.
  30. 30. 29. 29. 29. 30. 31. 34. 33. 34. 32. 30. 29. 31. 33. 33. 32. 30.
  30. 32. 33. 30.]
 [74. 93. 98. 99. 98. 99. 50. 50. 50. 50. 50. 50. 50. 50. 50. 50. 50. 50.
  50. 50. 50. 50. 50. 50. 50. 50. 50. 50. 50. 50. 50. 50. 50. 50. 50. 50.
  50. 50. 50. 50.]
 [20. 28. 35. 45. 51. 53. 31. 31. 32. 32. 35. 35. 33. 33. 32. 35. 33. 32.
  32. 34. 36. 35. 37. 38. 38. 37. 38. 38. 38. 36. 34. 36. 36. 38. 38. 38.
  39. 35. 39. 39.]
 [29. 42. 55. 58. 63. 62. 36. 35. 37. 36. 36. 40. 39. 39. 39. 38. 39. 36.
  38. 41. 39. 39. 39. 40. 42. 39. 39. 41. 41. 39. 39. 38. 40. 40. 41. 40.
  41. 37. 40. 39.]]
##############################
[[  9.  14.  22.  22.  29.  31.  34.  27.  26.  28.  27.  26.  29.  28.
   28.  30.  33.  28.  30.  30.  29.  29.  29.  30.  31.  34.  33.  34.
   32.  30.  29.  31.  33.  33.  32.  30.  30.  32.  33.  30.]
 [ 74.  93.  98.  99.  98.  99. 100.  50.  50.  50.  50.  50.  50.  50.
   50.  50.  50.  50.  50.  50.  50.  50.  50.  50.  50.  50.  50.  50.
   50.  50.  50.  50.  50.  50.  50.  50.  50.  50.  50.  50.]
 [ 20.  28.  35.  45.  51.  53.  56.  31.  32.  32.  35.  35.  33.  33.
   32.  35.  33.  32.  32.  34.  36.  35.  37.  38.  38.  37.  38.  38.
   38.  36.  34.  36.  36.  38.  38.  38.  39.  35.  39.  39.]
 [ 29.  42.  55.  58.  63.  62.  69.  35.  37.  36.  36.  40.  39.  39.
   39.  38.  39.  36.  38.  41.  39.  39.  39.  40.  42.  39.  39.  41.
   41.  39.  39.  38.  40.  40.  41.  40.  41.  37.  40.  39.]]
##############################
[[  9.  14.  22.  22.  29.  31.  34.  39.  26.  28.  27.  26.  29.  28.
   28.  30.  33.  28.  30.  30.  29.  29.  29.  30.  31.  34.  33.  34.
   32.  30.  29.  31.  33.  33.  32.  30.  30.  32.  33.  30.]
 [ 74.  93.  98.  99.  98.  99. 100.  99.  50.  50.  50.  50.  50.  50.
   50.  50.  50.  50.  50.  50.  50.  50.  50.  50.  50.  50.  50.  50.
   50.  50.  50.  50.  50.  50.  50.  50.  50.  50.  50.  50.]
 [ 20.  28.  35.  45.  51.  53.  56.  62.  32.  32.  35.  35.  33.  33.
   32.  35.  33.  32.  32.  34.  36.  35.  37.  38.  38.  37.  38.  38.
   38.  36.  34.  36.  36.  38.  38.  38.  39.  35.  39.  39.]
 [ 29.  42.  55.  58.  63.  62.  69.  66.  37.  36.  36.  40.  39.  39.
   39.  38.  39.  36.  38.  41.  39.  39.  39.  40.  42.  39.  39.  41.
   41.  39.  39.  38.  40.  40.  41.  40.  41.  37.  40.  39.]]
##############################
[[  9.  14.  22.  22.  29.  31.  34.  39.  36.  28.  27.  26.  29.  28.
   28.  30.  33.  28.  30.  30.  29.  29.  29.  30.  31.  34.  33.  34.
   32.  30.  29.  31.  33.  33.  32.  30.  30.  32.  33.  30.]
 [ 74.  93.  98.  99.  98.  99. 100.  99. 100.  50.  50.  50.  50.  50.
   50.  50.  50.  50.  50.  50.  50.  50.  50.  50.  50.  50.  50.  50.
   50.  50.  50.  50.  50.  50.  50.  50.  50.  50.  50.  50.]
 [ 20.  28.  35.  45.  51.  53.  56.  62.  62.  32.  35.  35.  33.  33.
   32.  35.  33.  32.  32.  34.  36.  35.  37.  38.  38.  37.  38.  38.
   38.  36.  34.  36.  36.  38.  38.  38.  39.  35.  39.  39.]
 [ 29.  42.  55.  58.  63.  62.  69.  66.  67.  36.  36.  40.  39.  39.
   39.  38.  39.  36.  38.  41.  39.  39.  39.  40.  42.  39.  39.  41.
   41.  39.  39.  38.  40.  40.  41.  40.  41.  37.  40.  39.]]
##############################
[[  9.  14.  22.  22.  29.  31.  34.  39.  36.  39.  27.  26.  29.  28.
   28.  30.  33.  28.  30.  30.  29.  29.  29.  30.  31.  34.  33.  34.
   32.  30.  29.  31.  33.  33.  32.  30.  30.  32.  33.  30.]
 [ 74.  93.  98.  99.  98.  99. 100.  99. 100. 100.  50.  50.  50.  50.
   50.  50.  50.  50.  50.  50.  50.  50.  50.  50.  50.  50.  50.  50.
   50.  50.  50.  50.  50.  50.  50.  50.  50.  50.  50.  50.]
 [ 20.  28.  35.  45.  51.  53.  56.  62.  62.  59.  35.  35.  33.  33.
   32.  35.  33.  32.  32.  34.  36.  35.  37.  38.  38.  37.  38.  38.
   38.  36.  34.  36.  36.  38.  38.  38.  39.  35.  39.  39.]
 [ 29.  42.  55.  58.  63.  62.  69.  66.  67.  67.  36.  40.  39.  39.
   39.  38.  39.  36.  38.  41.  39.  39.  39.  40.  42.  39.  39.  41.
   41.  39.  39.  38.  40.  40.  41.  40.  41.  37.  40.  39.]]
##############################
[[  9.  14.  22.  22.  29.  31.  34.  39.  36.  39.  38.  26.  29.  28.
   28.  30.  33.  28.  30.  30.  29.  29.  29.  30.  31.  34.  33.  34.
   32.  30.  29.  31.  33.  33.  32.  30.  30.  32.  33.  30.]
 [ 74.  93.  98.  99.  98.  99. 100.  99. 100. 100. 100.  50.  50.  50.
   50.  50.  50.  50.  50.  50.  50.  50.  50.  50.  50.  50.  50.  50.
   50.  50.  50.  50.  50.  50.  50.  50.  50.  50.  50.  50.]
 [ 20.  28.  35.  45.  51.  53.  56.  62.  62.  59.  66.  35.  33.  33.
   32.  35.  33.  32.  32.  34.  36.  35.  37.  38.  38.  37.  38.  38.
   38.  36.  34.  36.  36.  38.  38.  38.  39.  35.  39.  39.]
 [ 29.  42.  55.  58.  63.  62.  69.  66.  67.  67.  69.  40.  39.  39.
   39.  38.  39.  36.  38.  41.  39.  39.  39.  40.  42.  39.  39.  41.
   41.  39.  39.  38.  40.  40.  41.  40.  41.  37.  40.  39.]]
##############################
[[  9.  14.  22.  22.  29.  31.  34.  39.  36.  39.  38.  40.  29.  28.
   28.  30.  33.  28.  30.  30.  29.  29.  29.  30.  31.  34.  33.  34.
   32.  30.  29.  31.  33.  33.  32.  30.  30.  32.  33.  30.]
 [ 74.  93.  98.  99.  98.  99. 100.  99. 100. 100. 100. 100.  50.  50.
   50.  50.  50.  50.  50.  50.  50.  50.  50.  50.  50.  50.  50.  50.
   50.  50.  50.  50.  50.  50.  50.  50.  50.  50.  50.  50.]
 [ 20.  28.  35.  45.  51.  53.  56.  62.  62.  59.  66.  67.  33.  33.
   32.  35.  33.  32.  32.  34.  36.  35.  37.  38.  38.  37.  38.  38.
   38.  36.  34.  36.  36.  38.  38.  38.  39.  35.  39.  39.]
 [ 29.  42.  55.  58.  63.  62.  69.  66.  67.  67.  69.  72.  39.  39.
   39.  38.  39.  36.  38.  41.  39.  39.  39.  40.  42.  39.  39.  41.
   41.  39.  39.  38.  40.  40.  41.  40.  41.  37.  40.  39.]]
##############################
[[  9.  14.  22.  22.  29.  31.  34.  39.  36.  39.  38.  40.  42.  28.
   28.  30.  33.  28.  30.  30.  29.  29.  29.  30.  31.  34.  33.  34.
   32.  30.  29.  31.  33.  33.  32.  30.  30.  32.  33.  30.]
 [ 74.  93.  98.  99.  98.  99. 100.  99. 100. 100. 100. 100. 100.  50.
   50.  50.  50.  50.  50.  50.  50.  50.  50.  50.  50.  50.  50.  50.
   50.  50.  50.  50.  50.  50.  50.  50.  50.  50.  50.  50.]
 [ 20.  28.  35.  45.  51.  53.  56.  62.  62.  59.  66.  67.  64.  33.
   32.  35.  33.  32.  32.  34.  36.  35.  37.  38.  38.  37.  38.  38.
   38.  36.  34.  36.  36.  38.  38.  38.  39.  35.  39.  39.]
 [ 29.  42.  55.  58.  63.  62.  69.  66.  67.  67.  69.  72.  75.  39.
   39.  38.  39.  36.  38.  41.  39.  39.  39.  40.  42.  39.  39.  41.
   41.  39.  39.  38.  40.  40.  41.  40.  41.  37.  40.  39.]]
##############################
[[  9.  14.  22.  22.  29.  31.  34.  39.  36.  39.  38.  40.  42.  40.
   28.  30.  33.  28.  30.  30.  29.  29.  29.  30.  31.  34.  33.  34.
   32.  30.  29.  31.  33.  33.  32.  30.  30.  32.  33.  30.]
 [ 74.  93.  98.  99.  98.  99. 100.  99. 100. 100. 100. 100. 100. 100.
   50.  50.  50.  50.  50.  50.  50.  50.  50.  50.  50.  50.  50.  50.
   50.  50.  50.  50.  50.  50.  50.  50.  50.  50.  50.  50.]
 [ 20.  28.  35.  45.  51.  53.  56.  62.  62.  59.  66.  67.  64.  68.
   32.  35.  33.  32.  32.  34.  36.  35.  37.  38.  38.  37.  38.  38.
   38.  36.  34.  36.  36.  38.  38.  38.  39.  35.  39.  39.]
 [ 29.  42.  55.  58.  63.  62.  69.  66.  67.  67.  69.  72.  75.  75.
   39.  38.  39.  36.  38.  41.  39.  39.  39.  40.  42.  39.  39.  41.
   41.  39.  39.  38.  40.  40.  41.  40.  41.  37.  40.  39.]]
##############################
[[  9.  14.  22.  22.  29.  31.  34.  39.  36.  39.  38.  40.  42.  40.
   40.  30.  33.  28.  30.  30.  29.  29.  29.  30.  31.  34.  33.  34.
   32.  30.  29.  31.  33.  33.  32.  30.  30.  32.  33.  30.]
 [ 74.  93.  98.  99.  98.  99. 100.  99. 100. 100. 100. 100. 100. 100.
  100.  50.  50.  50.  50.  50.  50.  50.  50.  50.  50.  50.  50.  50.
   50.  50.  50.  50.  50.  50.  50.  50.  50.  50.  50.  50.]
 [ 20.  28.  35.  45.  51.  53.  56.  62.  62.  59.  66.  67.  64.  68.
   70.  35.  33.  32.  32.  34.  36.  35.  37.  38.  38.  37.  38.  38.
   38.  36.  34.  36.  36.  38.  38.  38.  39.  35.  39.  39.]
 [ 29.  42.  55.  58.  63.  62.  69.  66.  67.  67.  69.  72.  75.  75.
   76.  38.  39.  36.  38.  41.  39.  39.  39.  40.  42.  39.  39.  41.
   41.  39.  39.  38.  40.  40.  41.  40.  41.  37.  40.  39.]]
##############################
[[  9.  14.  22.  22.  29.  31.  34.  39.  36.  39.  38.  40.  42.  40.
   40.  44.  33.  28.  30.  30.  29.  29.  29.  30.  31.  34.  33.  34.
   32.  30.  29.  31.  33.  33.  32.  30.  30.  32.  33.  30.]
 [ 74.  93.  98.  99.  98.  99. 100.  99. 100. 100. 100. 100. 100. 100.
  100. 100.  50.  50.  50.  50.  50.  50.  50.  50.  50.  50.  50.  50.
   50.  50.  50.  50.  50.  50.  50.  50.  50.  50.  50.  50.]
 [ 20.  28.  35.  45.  51.  53.  56.  62.  62.  59.  66.  67.  64.  68.
   70.  72.  33.  32.  32.  34.  36.  35.  37.  38.  38.  37.  38.  38.
   38.  36.  34.  36.  36.  38.  38.  38.  39.  35.  39.  39.]
 [ 29.  42.  55.  58.  63.  62.  69.  66.  67.  67.  69.  72.  75.  75.
   76.  73.  39.  36.  38.  41.  39.  39.  39.  40.  42.  39.  39.  41.
   41.  39.  39.  38.  40.  40.  41.  40.  41.  37.  40.  39.]]
##############################
[[  9.  14.  22.  22.  29.  31.  34.  39.  36.  39.  38.  40.  42.  40.
   40.  44.  48.  28.  30.  30.  29.  29.  29.  30.  31.  34.  33.  34.
   32.  30.  29.  31.  33.  33.  32.  30.  30.  32.  33.  30.]
 [ 74.  93.  98.  99.  98.  99. 100.  99. 100. 100. 100. 100. 100. 100.
  100. 100. 100.  50.  50.  50.  50.  50.  50.  50.  50.  50.  50.  50.
   50.  50.  50.  50.  50.  50.  50.  50.  50.  50.  50.  50.]
 [ 20.  28.  35.  45.  51.  53.  56.  62.  62.  59.  66.  67.  64.  68.
   70.  72.  68.  32.  32.  34.  36.  35.  37.  38.  38.  37.  38.  38.
   38.  36.  34.  36.  36.  38.  38.  38.  39.  35.  39.  39.]
 [ 29.  42.  55.  58.  63.  62.  69.  66.  67.  67.  69.  72.  75.  75.
   76.  73.  74.  36.  38.  41.  39.  39.  39.  40.  42.  39.  39.  41.
   41.  39.  39.  38.  40.  40.  41.  40.  41.  37.  40.  39.]]
##############################
[[  9.  14.  22.  22.  29.  31.  34.  39.  36.  39.  38.  40.  42.  40.
   40.  44.  48.  45.  30.  30.  29.  29.  29.  30.  31.  34.  33.  34.
   32.  30.  29.  31.  33.  33.  32.  30.  30.  32.  33.  30.]
 [ 74.  93.  98.  99.  98.  99. 100.  99. 100. 100. 100. 100. 100. 100.
  100. 100. 100.  99.  50.  50.  50.  50.  50.  50.  50.  50.  50.  50.
   50.  50.  50.  50.  50.  50.  50.  50.  50.  50.  50.  50.]
 [ 20.  28.  35.  45.  51.  53.  56.  62.  62.  59.  66.  67.  64.  68.
   70.  72.  68.  69.  32.  34.  36.  35.  37.  38.  38.  37.  38.  38.
   38.  36.  34.  36.  36.  38.  38.  38.  39.  35.  39.  39.]
 [ 29.  42.  55.  58.  63.  62.  69.  66.  67.  67.  69.  72.  75.  75.
   76.  73.  74.  73.  38.  41.  39.  39.  39.  40.  42.  39.  39.  41.
   41.  39.  39.  38.  40.  40.  41.  40.  41.  37.  40.  39.]]
##############################
[[  9.  14.  22.  22.  29.  31.  34.  39.  36.  39.  38.  40.  42.  40.
   40.  44.  48.  45.  46.  30.  29.  29.  29.  30.  31.  34.  33.  34.
   32.  30.  29.  31.  33.  33.  32.  30.  30.  32.  33.  30.]
 [ 74.  93.  98.  99.  98.  99. 100.  99. 100. 100. 100. 100. 100. 100.
  100. 100. 100.  99. 100.  50.  50.  50.  50.  50.  50.  50.  50.  50.
   50.  50.  50.  50.  50.  50.  50.  50.  50.  50.  50.  50.]
 [ 20.  28.  35.  45.  51.  53.  56.  62.  62.  59.  66.  67.  64.  68.
   70.  72.  68.  69.  66.  34.  36.  35.  37.  38.  38.  37.  38.  38.
   38.  36.  34.  36.  36.  38.  38.  38.  39.  35.  39.  39.]
 [ 29.  42.  55.  58.  63.  62.  69.  66.  67.  67.  69.  72.  75.  75.
   76.  73.  74.  73.  74.  41.  39.  39.  39.  40.  42.  39.  39.  41.
   41.  39.  39.  38.  40.  40.  41.  40.  41.  37.  40.  39.]]
##############################
[[  9.  14.  22.  22.  29.  31.  34.  39.  36.  39.  38.  40.  42.  40.
   40.  44.  48.  45.  46.  46.  29.  29.  29.  30.  31.  34.  33.  34.
   32.  30.  29.  31.  33.  33.  32.  30.  30.  32.  33.  30.]
 [ 74.  93.  98.  99.  98.  99. 100.  99. 100. 100. 100. 100. 100. 100.
  100. 100. 100.  99. 100. 100.  50.  50.  50.  50.  50.  50.  50.  50.
   50.  50.  50.  50.  50.  50.  50.  50.  50.  50.  50.  50.]
 [ 20.  28.  35.  45.  51.  53.  56.  62.  62.  59.  66.  67.  64.  68.
   70.  72.  68.  69.  66.  69.  36.  35.  37.  38.  38.  37.  38.  38.
   38.  36.  34.  36.  36.  38.  38.  38.  39.  35.  39.  39.]
 [ 29.  42.  55.  58.  63.  62.  69.  66.  67.  67.  69.  72.  75.  75.
   76.  73.  74.  73.  74.  77.  39.  39.  39.  40.  42.  39.  39.  41.
   41.  39.  39.  38.  40.  40.  41.  40.  41.  37.  40.  39.]]
##############################
[[  9.  14.  22.  22.  29.  31.  34.  39.  36.  39.  38.  40.  42.  40.
   40.  44.  48.  45.  46.  46.  44.  29.  29.  30.  31.  34.  33.  34.
   32.  30.  29.  31.  33.  33.  32.  30.  30.  32.  33.  30.]
 [ 74.  93.  98.  99.  98.  99. 100.  99. 100. 100. 100. 100. 100. 100.
  100. 100. 100.  99. 100. 100. 100.  50.  50.  50.  50.  50.  50.  50.
   50.  50.  50.  50.  50.  50.  50.  50.  50.  50.  50.  50.]
 [ 20.  28.  35.  45.  51.  53.  56.  62.  62.  59.  66.  67.  64.  68.
   70.  72.  68.  69.  66.  69.  73.  35.  37.  38.  38.  37.  38.  38.
   38.  36.  34.  36.  36.  38.  38.  38.  39.  35.  39.  39.]
 [ 29.  42.  55.  58.  63.  62.  69.  66.  67.  67.  69.  72.  75.  75.
   76.  73.  74.  73.  74.  77.  73.  39.  39.  40.  42.  39.  39.  41.
   41.  39.  39.  38.  40.  40.  41.  40.  41.  37.  40.  39.]]
##############################
[[  9.  14.  22.  22.  29.  31.  34.  39.  36.  39.  38.  40.  42.  40.
   40.  44.  48.  45.  46.  46.  44.  50.  29.  30.  31.  34.  33.  34.
   32.  30.  29.  31.  33.  33.  32.  30.  30.  32.  33.  30.]
 [ 74.  93.  98.  99.  98.  99. 100.  99. 100. 100. 100. 100. 100. 100.
  100. 100. 100.  99. 100. 100. 100.  99.  50.  50.  50.  50.  50.  50.
   50.  50.  50.  50.  50.  50.  50.  50.  50.  50.  50.  50.]
 [ 20.  28.  35.  45.  51.  53.  56.  62.  62.  59.  66.  67.  64.  68.
   70.  72.  68.  69.  66.  69.  73.  72.  37.  38.  38.  37.  38.  38.
   38.  36.  34.  36.  36.  38.  38.  38.  39.  35.  39.  39.]
 [ 29.  42.  55.  58.  63.  62.  69.  66.  67.  67.  69.  72.  75.  75.
   76.  73.  74.  73.  74.  77.  73.  74.  39.  40.  42.  39.  39.  41.
   41.  39.  39.  38.  40.  40.  41.  40.  41.  37.  40.  39.]]
##############################
[[  9.  14.  22.  22.  29.  31.  34.  39.  36.  39.  38.  40.  42.  40.
   40.  44.  48.  45.  46.  46.  44.  50.  47.  30.  31.  34.  33.  34.
   32.  30.  29.  31.  33.  33.  32.  30.  30.  32.  33.  30.]
 [ 74.  93.  98.  99.  98.  99. 100.  99. 100. 100. 100. 100. 100. 100.
  100. 100. 100.  99. 100. 100. 100.  99. 100.  50.  50.  50.  50.  50.
   50.  50.  50.  50.  50.  50.  50.  50.  50.  50.  50.  50.]
 [ 20.  28.  35.  45.  51.  53.  56.  62.  62.  59.  66.  67.  64.  68.
   70.  72.  68.  69.  66.  69.  73.  72.  72.  38.  38.  37.  38.  38.
   38.  36.  34.  36.  36.  38.  38.  38.  39.  35.  39.  39.]
 [ 29.  42.  55.  58.  63.  62.  69.  66.  67.  67.  69.  72.  75.  75.
   76.  73.  74.  73.  74.  77.  73.  74.  74.  40.  42.  39.  39.  41.
   41.  39.  39.  38.  40.  40.  41.  40.  41.  37.  40.  39.]]
##############################
[[  9.  14.  22.  22.  29.  31.  34.  39.  36.  39.  38.  40.  42.  40.
   40.  44.  48.  45.  46.  46.  44.  50.  47.  47.  31.  34.  33.  34.
   32.  30.  29.  31.  33.  33.  32.  30.  30.  32.  33.  30.]
 [ 74.  93.  98.  99.  98.  99. 100.  99. 100. 100. 100. 100. 100. 100.
  100. 100. 100.  99. 100. 100. 100.  99. 100. 100.  50.  50.  50.  50.
   50.  50.  50.  50.  50.  50.  50.  50.  50.  50.  50.  50.]
 [ 20.  28.  35.  45.  51.  53.  56.  62.  62.  59.  66.  67.  64.  68.
   70.  72.  68.  69.  66.  69.  73.  72.  72.  72.  38.  37.  38.  38.
   38.  36.  34.  36.  36.  38.  38.  38.  39.  35.  39.  39.]
 [ 29.  42.  55.  58.  63.  62.  69.  66.  67.  67.  69.  72.  75.  75.
   76.  73.  74.  73.  74.  77.  73.  74.  74.  75.  42.  39.  39.  41.
   41.  39.  39.  38.  40.  40.  41.  40.  41.  37.  40.  39.]]
##############################
[[  9.  14.  22.  22.  29.  31.  34.  39.  36.  39.  38.  40.  42.  40.
   40.  44.  48.  45.  46.  46.  44.  50.  47.  47.  49.  34.  33.  34.
   32.  30.  29.  31.  33.  33.  32.  30.  30.  32.  33.  30.]
 [ 74.  93.  98.  99.  98.  99. 100.  99. 100. 100. 100. 100. 100. 100.
  100. 100. 100.  99. 100. 100. 100.  99. 100. 100.  99.  50.  50.  50.
   50.  50.  50.  50.  50.  50.  50.  50.  50.  50.  50.  50.]
 [ 20.  28.  35.  45.  51.  53.  56.  62.  62.  59.  66.  67.  64.  68.
   70.  72.  68.  69.  66.  69.  73.  72.  72.  72.  72.  37.  38.  38.
   38.  36.  34.  36.  36.  38.  38.  38.  39.  35.  39.  39.]
 [ 29.  42.  55.  58.  63.  62.  69.  66.  67.  67.  69.  72.  75.  75.
   76.  73.  74.  73.  74.  77.  73.  74.  74.  75.  78.  39.  39.  41.
   41.  39.  39.  38.  40.  40.  41.  40.  41.  37.  40.  39.]]
##############################
[[  9.  14.  22.  22.  29.  31.  34.  39.  36.  39.  38.  40.  42.  40.
   40.  44.  48.  45.  46.  46.  44.  50.  47.  47.  49.  50.  33.  34.
   32.  30.  29.  31.  33.  33.  32.  30.  30.  32.  33.  30.]
 [ 74.  93.  98.  99.  98.  99. 100.  99. 100. 100. 100. 100. 100. 100.
  100. 100. 100.  99. 100. 100. 100.  99. 100. 100.  99. 100.  50.  50.
   50.  50.  50.  50.  50.  50.  50.  50.  50.  50.  50.  50.]
 [ 20.  28.  35.  45.  51.  53.  56.  62.  62.  59.  66.  67.  64.  68.
   70.  72.  68.  69.  66.  69.  73.  72.  72.  72.  72.  74.  38.  38.
   38.  36.  34.  36.  36.  38.  38.  38.  39.  35.  39.  39.]
 [ 29.  42.  55.  58.  63.  62.  69.  66.  67.  67.  69.  72.  75.  75.
   76.  73.  74.  73.  74.  77.  73.  74.  74.  75.  78.  76.  39.  41.
   41.  39.  39.  38.  40.  40.  41.  40.  41.  37.  40.  39.]]
##############################
[[  9.  14.  22.  22.  29.  31.  34.  39.  36.  39.  38.  40.  42.  40.
   40.  44.  48.  45.  46.  46.  44.  50.  47.  47.  49.  50.  53.  34.
   32.  30.  29.  31.  33.  33.  32.  30.  30.  32.  33.  30.]
 [ 74.  93.  98.  99.  98.  99. 100.  99. 100. 100. 100. 100. 100. 100.
  100. 100. 100.  99. 100. 100. 100.  99. 100. 100.  99. 100. 100.  50.
   50.  50.  50.  50.  50.  50.  50.  50.  50.  50.  50.  50.]
 [ 20.  28.  35.  45.  51.  53.  56.  62.  62.  59.  66.  67.  64.  68.
   70.  72.  68.  69.  66.  69.  73.  72.  72.  72.  72.  74.  71.  38.
   38.  36.  34.  36.  36.  38.  38.  38.  39.  35.  39.  39.]
 [ 29.  42.  55.  58.  63.  62.  69.  66.  67.  67.  69.  72.  75.  75.
   76.  73.  74.  73.  74.  77.  73.  74.  74.  75.  78.  76.  74.  41.
   41.  39.  39.  38.  40.  40.  41.  40.  41.  37.  40.  39.]]
##############################
[[  9.  14.  22.  22.  29.  31.  34.  39.  36.  39.  38.  40.  42.  40.
   40.  44.  48.  45.  46.  46.  44.  50.  47.  47.  49.  50.  53.  51.
   32.  30.  29.  31.  33.  33.  32.  30.  30.  32.  33.  30.]
 [ 74.  93.  98.  99.  98.  99. 100.  99. 100. 100. 100. 100. 100. 100.
  100. 100. 100.  99. 100. 100. 100.  99. 100. 100.  99. 100. 100. 100.
   50.  50.  50.  50.  50.  50.  50.  50.  50.  50.  50.  50.]
 [ 20.  28.  35.  45.  51.  53.  56.  62.  62.  59.  66.  67.  64.  68.
   70.  72.  68.  69.  66.  69.  73.  72.  72.  72.  72.  74.  71.  78.
   38.  36.  34.  36.  36.  38.  38.  38.  39.  35.  39.  39.]
 [ 29.  42.  55.  58.  63.  62.  69.  66.  67.  67.  69.  72.  75.  75.
   76.  73.  74.  73.  74.  77.  73.  74.  74.  75.  78.  76.  74.  78.
   41.  39.  39.  38.  40.  40.  41.  40.  41.  37.  40.  39.]]
##############################
[[  9.  14.  22.  22.  29.  31.  34.  39.  36.  39.  38.  40.  42.  40.
   40.  44.  48.  45.  46.  46.  44.  50.  47.  47.  49.  50.  53.  51.
   50.  30.  29.  31.  33.  33.  32.  30.  30.  32.  33.  30.]
 [ 74.  93.  98.  99.  98.  99. 100.  99. 100. 100. 100. 100. 100. 100.
  100. 100. 100.  99. 100. 100. 100.  99. 100. 100.  99. 100. 100. 100.
  100.  50.  50.  50.  50.  50.  50.  50.  50.  50.  50.  50.]
 [ 20.  28.  35.  45.  51.  53.  56.  62.  62.  59.  66.  67.  64.  68.
   70.  72.  68.  69.  66.  69.  73.  72.  72.  72.  72.  74.  71.  78.
   78.  36.  34.  36.  36.  38.  38.  38.  39.  35.  39.  39.]
 [ 29.  42.  55.  58.  63.  62.  69.  66.  67.  67.  69.  72.  75.  75.
   76.  73.  74.  73.  74.  77.  73.  74.  74.  75.  78.  76.  74.  78.
   77.  39.  39.  38.  40.  40.  41.  40.  41.  37.  40.  39.]]
##############################
[[  9.  14.  22.  22.  29.  31.  34.  39.  36.  39.  38.  40.  42.  40.
   40.  44.  48.  45.  46.  46.  44.  50.  47.  47.  49.  50.  53.  51.
   50.  49.  29.  31.  33.  33.  32.  30.  30.  32.  33.  30.]
 [ 74.  93.  98.  99.  98.  99. 100.  99. 100. 100. 100. 100. 100. 100.
  100. 100. 100.  99. 100. 100. 100.  99. 100. 100.  99. 100. 100. 100.
  100. 100.  50.  50.  50.  50.  50.  50.  50.  50.  50.  50.]
 [ 20.  28.  35.  45.  51.  53.  56.  62.  62.  59.  66.  67.  64.  68.
   70.  72.  68.  69.  66.  69.  73.  72.  72.  72.  72.  74.  71.  78.
   78.  74.  34.  36.  36.  38.  38.  38.  39.  35.  39.  39.]
 [ 29.  42.  55.  58.  63.  62.  69.  66.  67.  67.  69.  72.  75.  75.
   76.  73.  74.  73.  74.  77.  73.  74.  74.  75.  78.  76.  74.  78.
   77.  77.  39.  38.  40.  40.  41.  40.  41.  37.  40.  39.]]
##############################
[[  9.  14.  22.  22.  29.  31.  34.  39.  36.  39.  38.  40.  42.  40.
   40.  44.  48.  45.  46.  46.  44.  50.  47.  47.  49.  50.  53.  51.
   50.  49.  48.  31.  33.  33.  32.  30.  30.  32.  33.  30.]
 [ 74.  93.  98.  99.  98.  99. 100.  99. 100. 100. 100. 100. 100. 100.
  100. 100. 100.  99. 100. 100. 100.  99. 100. 100.  99. 100. 100. 100.
  100. 100. 100.  50.  50.  50.  50.  50.  50.  50.  50.  50.]
 [ 20.  28.  35.  45.  51.  53.  56.  62.  62.  59.  66.  67.  64.  68.
   70.  72.  68.  69.  66.  69.  73.  72.  72.  72.  72.  74.  71.  78.
   78.  74.  71.  36.  36.  38.  38.  38.  39.  35.  39.  39.]
 [ 29.  42.  55.  58.  63.  62.  69.  66.  67.  67.  69.  72.  75.  75.
   76.  73.  74.  73.  74.  77.  73.  74.  74.  75.  78.  76.  74.  78.
   77.  77.  76.  38.  40.  40.  41.  40.  41.  37.  40.  39.]]
##############################
[[  9.  14.  22.  22.  29.  31.  34.  39.  36.  39.  38.  40.  42.  40.
   40.  44.  48.  45.  46.  46.  44.  50.  47.  47.  49.  50.  53.  51.
   50.  49.  48.  49.  33.  33.  32.  30.  30.  32.  33.  30.]
 [ 74.  93.  98.  99.  98.  99. 100.  99. 100. 100. 100. 100. 100. 100.
  100. 100. 100.  99. 100. 100. 100.  99. 100. 100.  99. 100. 100. 100.
  100. 100. 100.  99.  50.  50.  50.  50.  50.  50.  50.  50.]
 [ 20.  28.  35.  45.  51.  53.  56.  62.  62.  59.  66.  67.  64.  68.
   70.  72.  68.  69.  66.  69.  73.  72.  72.  72.  72.  74.  71.  78.
   78.  74.  71.  73.  36.  38.  38.  38.  39.  35.  39.  39.]
 [ 29.  42.  55.  58.  63.  62.  69.  66.  67.  67.  69.  72.  75.  75.
   76.  73.  74.  73.  74.  77.  73.  74.  74.  75.  78.  76.  74.  78.
   77.  77.  76.  75.  40.  40.  41.  40.  41.  37.  40.  39.]]
##############################
[[  9.  14.  22.  22.  29.  31.  34.  39.  36.  39.  38.  40.  42.  40.
   40.  44.  48.  45.  46.  46.  44.  50.  47.  47.  49.  50.  53.  51.
   50.  49.  48.  49.  51.  33.  32.  30.  30.  32.  33.  30.]
 [ 74.  93.  98.  99.  98.  99. 100.  99. 100. 100. 100. 100. 100. 100.
  100. 100. 100.  99. 100. 100. 100.  99. 100. 100.  99. 100. 100. 100.
  100. 100. 100.  99. 100.  50.  50.  50.  50.  50.  50.  50.]
 [ 20.  28.  35.  45.  51.  53.  56.  62.  62.  59.  66.  67.  64.  68.
   70.  72.  68.  69.  66.  69.  73.  72.  72.  72.  72.  74.  71.  78.
   78.  74.  71.  73.  73.  38.  38.  38.  39.  35.  39.  39.]
 [ 29.  42.  55.  58.  63.  62.  69.  66.  67.  67.  69.  72.  75.  75.
   76.  73.  74.  73.  74.  77.  73.  74.  74.  75.  78.  76.  74.  78.
   77.  77.  76.  75.  77.  40.  41.  40.  41.  37.  40.  39.]]
##############################
[[  9.  14.  22.  22.  29.  31.  34.  39.  36.  39.  38.  40.  42.  40.
   40.  44.  48.  45.  46.  46.  44.  50.  47.  47.  49.  50.  53.  51.
   50.  49.  48.  49.  51.  51.  32.  30.  30.  32.  33.  30.]
 [ 74.  93.  98.  99.  98.  99. 100.  99. 100. 100. 100. 100. 100. 100.
  100. 100. 100.  99. 100. 100. 100.  99. 100. 100.  99. 100. 100. 100.
  100. 100. 100.  99. 100. 100.  50.  50.  50.  50.  50.  50.]
 [ 20.  28.  35.  45.  51.  53.  56.  62.  62.  59.  66.  67.  64.  68.
   70.  72.  68.  69.  66.  69.  73.  72.  72.  72.  72.  74.  71.  78.
   78.  74.  71.  73.  73.  76.  38.  38.  39.  35.  39.  39.]
 [ 29.  42.  55.  58.  63.  62.  69.  66.  67.  67.  69.  72.  75.  75.
   76.  73.  74.  73.  74.  77.  73.  74.  74.  75.  78.  76.  74.  78.
   77.  77.  76.  75.  77.  77.  41.  40.  41.  37.  40.  39.]]
##############################
[[  9.  14.  22.  22.  29.  31.  34.  39.  36.  39.  38.  40.  42.  40.
   40.  44.  48.  45.  46.  46.  44.  50.  47.  47.  49.  50.  53.  51.
   50.  49.  48.  49.  51.  51.  49.  30.  30.  32.  33.  30.]
 [ 74.  93.  98.  99.  98.  99. 100.  99. 100. 100. 100. 100. 100. 100.
  100. 100. 100.  99. 100. 100. 100.  99. 100. 100.  99. 100. 100. 100.
  100. 100. 100.  99. 100. 100. 100.  50.  50.  50.  50.  50.]
 [ 20.  28.  35.  45.  51.  53.  56.  62.  62.  59.  66.  67.  64.  68.
   70.  72.  68.  69.  66.  69.  73.  72.  72.  72.  72.  74.  71.  78.
   78.  74.  71.  73.  73.  76.  69.  38.  39.  35.  39.  39.]
 [ 29.  42.  55.  58.  63.  62.  69.  66.  67.  67.  69.  72.  75.  75.
   76.  73.  74.  73.  74.  77.  73.  74.  74.  75.  78.  76.  74.  78.
   77.  77.  76.  75.  77.  77.  78.  40.  41.  37.  40.  39.]]
##############################
[[  9.  14.  22.  22.  29.  31.  34.  39.  36.  39.  38.  40.  42.  40.
   40.  44.  48.  45.  46.  46.  44.  50.  47.  47.  49.  50.  53.  51.
   50.  49.  48.  49.  51.  51.  49.  49.  30.  32.  33.  30.]
 [ 74.  93.  98.  99.  98.  99. 100.  99. 100. 100. 100. 100. 100. 100.
  100. 100. 100.  99. 100. 100. 100.  99. 100. 100.  99. 100. 100. 100.
  100. 100. 100.  99. 100. 100. 100. 100.  50.  50.  50.  50.]
 [ 20.  28.  35.  45.  51.  53.  56.  62.  62.  59.  66.  67.  64.  68.
   70.  72.  68.  69.  66.  69.  73.  72.  72.  72.  72.  74.  71.  78.
   78.  74.  71.  73.  73.  76.  69.  74.  39.  35.  39.  39.]
 [ 29.  42.  55.  58.  63.  62.  69.  66.  67.  67.  69.  72.  75.  75.
   76.  73.  74.  73.  74.  77.  73.  74.  74.  75.  78.  76.  74.  78.
   77.  77.  76.  75.  77.  77.  78.  79.  41.  37.  40.  39.]]
##############################
[[  9.  14.  22.  22.  29.  31.  34.  39.  36.  39.  38.  40.  42.  40.
   40.  44.  48.  45.  46.  46.  44.  50.  47.  47.  49.  50.  53.  51.
   50.  49.  48.  49.  51.  51.  49.  49.  46.  32.  33.  30.]
 [ 74.  93.  98.  99.  98.  99. 100.  99. 100. 100. 100. 100. 100. 100.
  100. 100. 100.  99. 100. 100. 100.  99. 100. 100.  99. 100. 100. 100.
  100. 100. 100.  99. 100. 100. 100. 100. 100.  50.  50.  50.]
 [ 20.  28.  35.  45.  51.  53.  56.  62.  62.  59.  66.  67.  64.  68.
   70.  72.  68.  69.  66.  69.  73.  72.  72.  72.  72.  74.  71.  78.
   78.  74.  71.  73.  73.  76.  69.  74.  75.  35.  39.  39.]
 [ 29.  42.  55.  58.  63.  62.  69.  66.  67.  67.  69.  72.  75.  75.
   76.  73.  74.  73.  74.  77.  73.  74.  74.  75.  78.  76.  74.  78.
   77.  77.  76.  75.  77.  77.  78.  79.  78.  37.  40.  39.]]
##############################
[[  9.  14.  22.  22.  29.  31.  34.  39.  36.  39.  38.  40.  42.  40.
   40.  44.  48.  45.  46.  46.  44.  50.  47.  47.  49.  50.  53.  51.
   50.  49.  48.  49.  51.  51.  49.  49.  46.  51.  33.  30.]
 [ 74.  93.  98.  99.  98.  99. 100.  99. 100. 100. 100. 100. 100. 100.
  100. 100. 100.  99. 100. 100. 100.  99. 100. 100.  99. 100. 100. 100.
  100. 100. 100.  99. 100. 100. 100. 100. 100. 100.  50.  50.]
 [ 20.  28.  35.  45.  51.  53.  56.  62.  62.  59.  66.  67.  64.  68.
   70.  72.  68.  69.  66.  69.  73.  72.  72.  72.  72.  74.  71.  78.
   78.  74.  71.  73.  73.  76.  69.  74.  75.  73.  39.  39.]
 [ 29.  42.  55.  58.  63.  62.  69.  66.  67.  67.  69.  72.  75.  75.
   76.  73.  74.  73.  74.  77.  73.  74.  74.  75.  78.  76.  74.  78.
   77.  77.  76.  75.  77.  77.  78.  79.  78.  74.  40.  39.]]
##############################
[[  9.  14.  22.  22.  29.  31.  34.  39.  36.  39.  38.  40.  42.  40.
   40.  44.  48.  45.  46.  46.  44.  50.  47.  47.  49.  50.  53.  51.
   50.  49.  48.  49.  51.  51.  49.  49.  46.  51.  53.  30.]
 [ 74.  93.  98.  99.  98.  99. 100.  99. 100. 100. 100. 100. 100. 100.
  100. 100. 100.  99. 100. 100. 100.  99. 100. 100.  99. 100. 100. 100.
  100. 100. 100.  99. 100. 100. 100. 100. 100. 100. 100.  50.]
 [ 20.  28.  35.  45.  51.  53.  56.  62.  62.  59.  66.  67.  64.  68.
   70.  72.  68.  69.  66.  69.  73.  72.  72.  72.  72.  74.  71.  78.
   78.  74.  71.  73.  73.  76.  69.  74.  75.  73.  77.  39.]
 [ 29.  42.  55.  58.  63.  62.  69.  66.  67.  67.  69.  72.  75.  75.
   76.  73.  74.  73.  74.  77.  73.  74.  74.  75.  78.  76.  74.  78.
   77.  77.  76.  75.  77.  77.  78.  79.  78.  74.  76.  39.]]
##############################
[[  9.  14.  22.  22.  29.  31.  34.  39.  36.  39.  38.  40.  42.  40.
   40.  44.  48.  45.  46.  46.  44.  50.  47.  47.  49.  50.  53.  51.
   50.  49.  48.  49.  51.  51.  49.  49.  46.  51.  53.  49.]
 [ 74.  93.  98.  99.  98.  99. 100.  99. 100. 100. 100. 100. 100. 100.
  100. 100. 100.  99. 100. 100. 100.  99. 100. 100.  99. 100. 100. 100.
  100. 100. 100.  99. 100. 100. 100. 100. 100. 100. 100. 100.]
 [ 20.  28.  35.  45.  51.  53.  56.  62.  62.  59.  66.  67.  64.  68.
   70.  72.  68.  69.  66.  69.  73.  72.  72.  72.  72.  74.  71.  78.
   78.  74.  71.  73.  73.  76.  69.  74.  75.  73.  77.  77.]
 [ 29.  42.  55.  58.  63.  62.  69.  66.  67.  67.  69.  72.  75.  75.
   76.  73.  74.  73.  74.  77.  73.  74.  74.  75.  78.  76.  74.  78.
   77.  77.  76.  75.  77.  77.  78.  79.  78.  74.  76.  78.]]
##############################
##################################################
##################################################
starting :3 batch
[[ 17.  14.  22.  22.  29.  31.  34.  39.  36.  39.  38.  40.  42.  40.
   40.  44.  48.  45.  46.  46.  44.  50.  47.  47.  49.  50.  53.  51.
   50.  49.  48.  49.  51.  51.  49.  49.  46.  51.  53.  49.]
 [106.  93.  98.  99.  98.  99. 100.  99. 100. 100. 100. 100. 100. 100.
  100. 100. 100.  99. 100. 100. 100.  99. 100. 100.  99. 100. 100. 100.
  100. 100. 100.  99. 100. 100. 100. 100. 100. 100. 100. 100.]
 [ 30.  28.  35.  45.  51.  53.  56.  62.  62.  59.  66.  67.  64.  68.
   70.  72.  68.  69.  66.  69.  73.  72.  72.  72.  72.  74.  71.  78.
   78.  74.  71.  73.  73.  76.  69.  74.  75.  73.  77.  77.]
 [ 45.  42.  55.  58.  63.  62.  69.  66.  67.  67.  69.  72.  75.  75.
   76.  73.  74.  73.  74.  77.  73.  74.  74.  75.  78.  76.  74.  78.
   77.  77.  76.  75.  77.  77.  78.  79.  78.  74.  76.  78.]]
##############################
[[ 17.  23.  22.  22.  29.  31.  34.  39.  36.  39.  38.  40.  42.  40.
   40.  44.  48.  45.  46.  46.  44.  50.  47.  47.  49.  50.  53.  51.
   50.  49.  48.  49.  51.  51.  49.  49.  46.  51.  53.  49.]
 [106. 133.  98.  99.  98.  99. 100.  99. 100. 100. 100. 100. 100. 100.
  100. 100. 100.  99. 100. 100. 100.  99. 100. 100.  99. 100. 100. 100.
  100. 100. 100.  99. 100. 100. 100. 100. 100. 100. 100. 100.]
 [ 30.  46.  35.  45.  51.  53.  56.  62.  62.  59.  66.  67.  64.  68.
   70.  72.  68.  69.  66.  69.  73.  72.  72.  72.  72.  74.  71.  78.
   78.  74.  71.  73.  73.  76.  69.  74.  75.  73.  77.  77.]
 [ 45.  61.  55.  58.  63.  62.  69.  66.  67.  67.  69.  72.  75.  75.
   76.  73.  74.  73.  74.  77.  73.  74.  74.  75.  78.  76.  74.  78.
   77.  77.  76.  75.  77.  77.  78.  79.  78.  74.  76.  78.]]
##############################
[[ 17.  23.  32.  22.  29.  31.  34.  39.  36.  39.  38.  40.  42.  40.
   40.  44.  48.  45.  46.  46.  44.  50.  47.  47.  49.  50.  53.  51.
   50.  49.  48.  49.  51.  51.  49.  49.  46.  51.  53.  49.]
 [106. 133. 144.  99.  98.  99. 100.  99. 100. 100. 100. 100. 100. 100.
  100. 100. 100.  99. 100. 100. 100.  99. 100. 100.  99. 100. 100. 100.
  100. 100. 100.  99. 100. 100. 100. 100. 100. 100. 100. 100.]
 [ 30.  46.  56.  45.  51.  53.  56.  62.  62.  59.  66.  67.  64.  68.
   70.  72.  68.  69.  66.  69.  73.  72.  72.  72.  72.  74.  71.  78.
   78.  74.  71.  73.  73.  76.  69.  74.  75.  73.  77.  77.]
 [ 45.  61.  80.  58.  63.  62.  69.  66.  67.  67.  69.  72.  75.  75.
   76.  73.  74.  73.  74.  77.  73.  74.  74.  75.  78.  76.  74.  78.
   77.  77.  76.  75.  77.  77.  78.  79.  78.  74.  76.  78.]]
##############################
[[ 17.  23.  32.  35.  29.  31.  34.  39.  36.  39.  38.  40.  42.  40.
   40.  44.  48.  45.  46.  46.  44.  50.  47.  47.  49.  50.  53.  51.
   50.  49.  48.  49.  51.  51.  49.  49.  46.  51.  53.  49.]
 [106. 133. 144. 145.  98.  99. 100.  99. 100. 100. 100. 100. 100. 100.
  100. 100. 100.  99. 100. 100. 100.  99. 100. 100.  99. 100. 100. 100.
  100. 100. 100.  99. 100. 100. 100. 100. 100. 100. 100. 100.]
 [ 30.  46.  56.  69.  51.  53.  56.  62.  62.  59.  66.  67.  64.  68.
   70.  72.  68.  69.  66.  69.  73.  72.  72.  72.  72.  74.  71.  78.
   78.  74.  71.  73.  73.  76.  69.  74.  75.  73.  77.  77.]
 [ 45.  61.  80.  85.  63.  62.  69.  66.  67.  67.  69.  72.  75.  75.
   76.  73.  74.  73.  74.  77.  73.  74.  74.  75.  78.  76.  74.  78.
   77.  77.  76.  75.  77.  77.  78.  79.  78.  74.  76.  78.]]
##############################
[[ 17.  23.  32.  35.  42.  31.  34.  39.  36.  39.  38.  40.  42.  40.
   40.  44.  48.  45.  46.  46.  44.  50.  47.  47.  49.  50.  53.  51.
   50.  49.  48.  49.  51.  51.  49.  49.  46.  51.  53.  49.]
 [106. 133. 144. 145. 144.  99. 100.  99. 100. 100. 100. 100. 100. 100.
  100. 100. 100.  99. 100. 100. 100.  99. 100. 100.  99. 100. 100. 100.
  100. 100. 100.  99. 100. 100. 100. 100. 100. 100. 100. 100.]
 [ 30.  46.  56.  69.  77.  53.  56.  62.  62.  59.  66.  67.  64.  68.
   70.  72.  68.  69.  66.  69.  73.  72.  72.  72.  72.  74.  71.  78.
   78.  74.  71.  73.  73.  76.  69.  74.  75.  73.  77.  77.]
 [ 45.  61.  80.  85.  92.  62.  69.  66.  67.  67.  69.  72.  75.  75.
   76.  73.  74.  73.  74.  77.  73.  74.  74.  75.  78.  76.  74.  78.
   77.  77.  76.  75.  77.  77.  78.  79.  78.  74.  76.  78.]]
##############################
[[ 17.  23.  32.  35.  42.  48.  34.  39.  36.  39.  38.  40.  42.  40.
   40.  44.  48.  45.  46.  46.  44.  50.  47.  47.  49.  50.  53.  51.
   50.  49.  48.  49.  51.  51.  49.  49.  46.  51.  53.  49.]
 [106. 133. 144. 145. 144. 148. 100.  99. 100. 100. 100. 100. 100. 100.
  100. 100. 100.  99. 100. 100. 100.  99. 100. 100.  99. 100. 100. 100.
  100. 100. 100.  99. 100. 100. 100. 100. 100. 100. 100. 100.]
 [ 30.  46.  56.  69.  77.  80.  56.  62.  62.  59.  66.  67.  64.  68.
   70.  72.  68.  69.  66.  69.  73.  72.  72.  72.  72.  74.  71.  78.
   78.  74.  71.  73.  73.  76.  69.  74.  75.  73.  77.  77.]
 [ 45.  61.  80.  85.  92.  91.  69.  66.  67.  67.  69.  72.  75.  75.
   76.  73.  74.  73.  74.  77.  73.  74.  74.  75.  78.  76.  74.  78.
   77.  77.  76.  75.  77.  77.  78.  79.  78.  74.  76.  78.]]
##############################
[[ 17.  23.  32.  35.  42.  48.  50.  39.  36.  39.  38.  40.  42.  40.
   40.  44.  48.  45.  46.  46.  44.  50.  47.  47.  49.  50.  53.  51.
   50.  49.  48.  49.  51.  51.  49.  49.  46.  51.  53.  49.]
 [106. 133. 144. 145. 144. 148. 148.  99. 100. 100. 100. 100. 100. 100.
  100. 100. 100.  99. 100. 100. 100.  99. 100. 100.  99. 100. 100. 100.
  100. 100. 100.  99. 100. 100. 100. 100. 100. 100. 100. 100.]
 [ 30.  46.  56.  69.  77.  80.  83.  62.  62.  59.  66.  67.  64.  68.
   70.  72.  68.  69.  66.  69.  73.  72.  72.  72.  72.  74.  71.  78.
   78.  74.  71.  73.  73.  76.  69.  74.  75.  73.  77.  77.]
 [ 45.  61.  80.  85.  92.  91. 100.  66.  67.  67.  69.  72.  75.  75.
   76.  73.  74.  73.  74.  77.  73.  74.  74.  75.  78.  76.  74.  78.
   77.  77.  76.  75.  77.  77.  78.  79.  78.  74.  76.  78.]]
##############################
[[ 17.  23.  32.  35.  42.  48.  50.  55.  36.  39.  38.  40.  42.  40.
   40.  44.  48.  45.  46.  46.  44.  50.  47.  47.  49.  50.  53.  51.
   50.  49.  48.  49.  51.  51.  49.  49.  46.  51.  53.  49.]
 [106. 133. 144. 145. 144. 148. 148. 147. 100. 100. 100. 100. 100. 100.
  100. 100. 100.  99. 100. 100. 100.  99. 100. 100.  99. 100. 100. 100.
  100. 100. 100.  99. 100. 100. 100. 100. 100. 100. 100. 100.]
 [ 30.  46.  56.  69.  77.  80.  83.  91.  62.  59.  66.  67.  64.  68.
   70.  72.  68.  69.  66.  69.  73.  72.  72.  72.  72.  74.  71.  78.
   78.  74.  71.  73.  73.  76.  69.  74.  75.  73.  77.  77.]
 [ 45.  61.  80.  85.  92.  91. 100.  97.  67.  67.  69.  72.  75.  75.
   76.  73.  74.  73.  74.  77.  73.  74.  74.  75.  78.  76.  74.  78.
   77.  77.  76.  75.  77.  77.  78.  79.  78.  74.  76.  78.]]
##############################
[[ 17.  23.  32.  35.  42.  48.  50.  55.  52.  39.  38.  40.  42.  40.
   40.  44.  48.  45.  46.  46.  44.  50.  47.  47.  49.  50.  53.  51.
   50.  49.  48.  49.  51.  51.  49.  49.  46.  51.  53.  49.]
 [106. 133. 144. 145. 144. 148. 148. 147. 149. 100. 100. 100. 100. 100.
  100. 100. 100.  99. 100. 100. 100.  99. 100. 100.  99. 100. 100. 100.
  100. 100. 100.  99. 100. 100. 100. 100. 100. 100. 100. 100.]
 [ 30.  46.  56.  69.  77.  80.  83.  91.  89.  59.  66.  67.  64.  68.
   70.  72.  68.  69.  66.  69.  73.  72.  72.  72.  72.  74.  71.  78.
   78.  74.  71.  73.  73.  76.  69.  74.  75.  73.  77.  77.]
 [ 45.  61.  80.  85.  92.  91. 100.  97. 101.  67.  69.  72.  75.  75.
   76.  73.  74.  73.  74.  77.  73.  74.  74.  75.  78.  76.  74.  78.
   77.  77.  76.  75.  77.  77.  78.  79.  78.  74.  76.  78.]]
##############################
[[ 17.  23.  32.  35.  42.  48.  50.  55.  52.  58.  38.  40.  42.  40.
   40.  44.  48.  45.  46.  46.  44.  50.  47.  47.  49.  50.  53.  51.
   50.  49.  48.  49.  51.  51.  49.  49.  46.  51.  53.  49.]
 [106. 133. 144. 145. 144. 148. 148. 147. 149. 148. 100. 100. 100. 100.
  100. 100. 100.  99. 100. 100. 100.  99. 100. 100.  99. 100. 100. 100.
  100. 100. 100.  99. 100. 100. 100. 100. 100. 100. 100. 100.]
 [ 30.  46.  56.  69.  77.  80.  83.  91.  89.  90.  66.  67.  64.  68.
   70.  72.  68.  69.  66.  69.  73.  72.  72.  72.  72.  74.  71.  78.
   78.  74.  71.  73.  73.  76.  69.  74.  75.  73.  77.  77.]
 [ 45.  61.  80.  85.  92.  91. 100.  97. 101.  98.  69.  72.  75.  75.
   76.  73.  74.  73.  74.  77.  73.  74.  74.  75.  78.  76.  74.  78.
   77.  77.  76.  75.  77.  77.  78.  79.  78.  74.  76.  78.]]
##############################
[[ 17.  23.  32.  35.  42.  48.  50.  55.  52.  58.  52.  40.  42.  40.
   40.  44.  48.  45.  46.  46.  44.  50.  47.  47.  49.  50.  53.  51.
   50.  49.  48.  49.  51.  51.  49.  49.  46.  51.  53.  49.]
 [106. 133. 144. 145. 144. 148. 148. 147. 149. 148. 147. 100. 100. 100.
  100. 100. 100.  99. 100. 100. 100.  99. 100. 100.  99. 100. 100. 100.
  100. 100. 100.  99. 100. 100. 100. 100. 100. 100. 100. 100.]
 [ 30.  46.  56.  69.  77.  80.  83.  91.  89.  90.  94.  67.  64.  68.
   70.  72.  68.  69.  66.  69.  73.  72.  72.  72.  72.  74.  71.  78.
   78.  74.  71.  73.  73.  76.  69.  74.  75.  73.  77.  77.]
 [ 45.  61.  80.  85.  92.  91. 100.  97. 101.  98. 102.  72.  75.  75.
   76.  73.  74.  73.  74.  77.  73.  74.  74.  75.  78.  76.  74.  78.
   77.  77.  76.  75.  77.  77.  78.  79.  78.  74.  76.  78.]]
##############################
[[ 17.  23.  32.  35.  42.  48.  50.  55.  52.  58.  52.  55.  42.  40.
   40.  44.  48.  45.  46.  46.  44.  50.  47.  47.  49.  50.  53.  51.
   50.  49.  48.  49.  51.  51.  49.  49.  46.  51.  53.  49.]
 [106. 133. 144. 145. 144. 148. 148. 147. 149. 148. 147. 147. 100. 100.
  100. 100. 100.  99. 100. 100. 100.  99. 100. 100.  99. 100. 100. 100.
  100. 100. 100.  99. 100. 100. 100. 100. 100. 100. 100. 100.]
 [ 30.  46.  56.  69.  77.  80.  83.  91.  89.  90.  94.  97.  64.  68.
   70.  72.  68.  69.  66.  69.  73.  72.  72.  72.  72.  74.  71.  78.
   78.  74.  71.  73.  73.  76.  69.  74.  75.  73.  77.  77.]
 [ 45.  61.  80.  85.  92.  91. 100.  97. 101.  98. 102. 108.  75.  75.
   76.  73.  74.  73.  74.  77.  73.  74.  74.  75.  78.  76.  74.  78.
   77.  77.  76.  75.  77.  77.  78.  79.  78.  74.  76.  78.]]
##############################
[[ 17.  23.  32.  35.  42.  48.  50.  55.  52.  58.  52.  55.  59.  40.
   40.  44.  48.  45.  46.  46.  44.  50.  47.  47.  49.  50.  53.  51.
   50.  49.  48.  49.  51.  51.  49.  49.  46.  51.  53.  49.]
 [106. 133. 144. 145. 144. 148. 148. 147. 149. 148. 147. 147. 147. 100.
  100. 100. 100.  99. 100. 100. 100.  99. 100. 100.  99. 100. 100. 100.
  100. 100. 100.  99. 100. 100. 100. 100. 100. 100. 100. 100.]
 [ 30.  46.  56.  69.  77.  80.  83.  91.  89.  90.  94.  97.  96.  68.
   70.  72.  68.  69.  66.  69.  73.  72.  72.  72.  72.  74.  71.  78.
   78.  74.  71.  73.  73.  76.  69.  74.  75.  73.  77.  77.]
 [ 45.  61.  80.  85.  92.  91. 100.  97. 101.  98. 102. 108. 109.  75.
   76.  73.  74.  73.  74.  77.  73.  74.  74.  75.  78.  76.  74.  78.
   77.  77.  76.  75.  77.  77.  78.  79.  78.  74.  76.  78.]]
##############################
[[ 17.  23.  32.  35.  42.  48.  50.  55.  52.  58.  52.  55.  59.  53.
   40.  44.  48.  45.  46.  46.  44.  50.  47.  47.  49.  50.  53.  51.
   50.  49.  48.  49.  51.  51.  49.  49.  46.  51.  53.  49.]
 [106. 133. 144. 145. 144. 148. 148. 147. 149. 148. 147. 147. 147. 147.
  100. 100. 100.  99. 100. 100. 100.  99. 100. 100.  99. 100. 100. 100.
  100. 100. 100.  99. 100. 100. 100. 100. 100. 100. 100. 100.]
 [ 30.  46.  56.  69.  77.  80.  83.  91.  89.  90.  94.  97.  96.  99.
   70.  72.  68.  69.  66.  69.  73.  72.  72.  72.  72.  74.  71.  78.
   78.  74.  71.  73.  73.  76.  69.  74.  75.  73.  77.  77.]
 [ 45.  61.  80.  85.  92.  91. 100.  97. 101.  98. 102. 108. 109. 111.
   76.  73.  74.  73.  74.  77.  73.  74.  74.  75.  78.  76.  74.  78.
   77.  77.  76.  75.  77.  77.  78.  79.  78.  74.  76.  78.]]
##############################
[[ 17.  23.  32.  35.  42.  48.  50.  55.  52.  58.  52.  55.  59.  53.
   55.  44.  48.  45.  46.  46.  44.  50.  47.  47.  49.  50.  53.  51.
   50.  49.  48.  49.  51.  51.  49.  49.  46.  51.  53.  49.]
 [106. 133. 144. 145. 144. 148. 148. 147. 149. 148. 147. 147. 147. 147.
  147. 100. 100.  99. 100. 100. 100.  99. 100. 100.  99. 100. 100. 100.
  100. 100. 100.  99. 100. 100. 100. 100. 100. 100. 100. 100.]
 [ 30.  46.  56.  69.  77.  80.  83.  91.  89.  90.  94.  97.  96.  99.
  105.  72.  68.  69.  66.  69.  73.  72.  72.  72.  72.  74.  71.  78.
   78.  74.  71.  73.  73.  76.  69.  74.  75.  73.  77.  77.]
 [ 45.  61.  80.  85.  92.  91. 100.  97. 101.  98. 102. 108. 109. 111.
  111.  73.  74.  73.  74.  77.  73.  74.  74.  75.  78.  76.  74.  78.
   77.  77.  76.  75.  77.  77.  78.  79.  78.  74.  76.  78.]]
##############################
[[ 17.  23.  32.  35.  42.  48.  50.  55.  52.  58.  52.  55.  59.  53.
   55.  61.  48.  45.  46.  46.  44.  50.  47.  47.  49.  50.  53.  51.
   50.  49.  48.  49.  51.  51.  49.  49.  46.  51.  53.  49.]
 [106. 133. 144. 145. 144. 148. 148. 147. 149. 148. 147. 147. 147. 147.
  147. 146. 100.  99. 100. 100. 100.  99. 100. 100.  99. 100. 100. 100.
  100. 100. 100.  99. 100. 100. 100. 100. 100. 100. 100. 100.]
 [ 30.  46.  56.  69.  77.  80.  83.  91.  89.  90.  94.  97.  96.  99.
  105. 104.  68.  69.  66.  69.  73.  72.  72.  72.  72.  74.  71.  78.
   78.  74.  71.  73.  73.  76.  69.  74.  75.  73.  77.  77.]
 [ 45.  61.  80.  85.  92.  91. 100.  97. 101.  98. 102. 108. 109. 111.
  111. 106.  74.  73.  74.  77.  73.  74.  74.  75.  78.  76.  74.  78.
   77.  77.  76.  75.  77.  77.  78.  79.  78.  74.  76.  78.]]
##############################
[[ 17.  23.  32.  35.  42.  48.  50.  55.  52.  58.  52.  55.  59.  53.
   55.  61.  65.  45.  46.  46.  44.  50.  47.  47.  49.  50.  53.  51.
   50.  49.  48.  49.  51.  51.  49.  49.  46.  51.  53.  49.]
 [106. 133. 144. 145. 144. 148. 148. 147. 149. 148. 147. 147. 147. 147.
  147. 146. 148.  99. 100. 100. 100.  99. 100. 100.  99. 100. 100. 100.
  100. 100. 100.  99. 100. 100. 100. 100. 100. 100. 100. 100.]
 [ 30.  46.  56.  69.  77.  80.  83.  91.  89.  90.  94.  97.  96.  99.
  105. 104. 101.  69.  66.  69.  73.  72.  72.  72.  72.  74.  71.  78.
   78.  74.  71.  73.  73.  76.  69.  74.  75.  73.  77.  77.]
 [ 45.  61.  80.  85.  92.  91. 100.  97. 101.  98. 102. 108. 109. 111.
  111. 106. 109.  73.  74.  77.  73.  74.  74.  75.  78.  76.  74.  78.
   77.  77.  76.  75.  77.  77.  78.  79.  78.  74.  76.  78.]]
##############################
[[ 17.  23.  32.  35.  42.  48.  50.  55.  52.  58.  52.  55.  59.  53.
   55.  61.  65.  61.  46.  46.  44.  50.  47.  47.  49.  50.  53.  51.
   50.  49.  48.  49.  51.  51.  49.  49.  46.  51.  53.  49.]
 [106. 133. 144. 145. 144. 148. 148. 147. 149. 148. 147. 147. 147. 147.
  147. 146. 148. 146. 100. 100. 100.  99. 100. 100.  99. 100. 100. 100.
  100. 100. 100.  99. 100. 100. 100. 100. 100. 100. 100. 100.]
 [ 30.  46.  56.  69.  77.  80.  83.  91.  89.  90.  94.  97.  96.  99.
  105. 104. 101. 103.  66.  69.  73.  72.  72.  72.  72.  74.  71.  78.
   78.  74.  71.  73.  73.  76.  69.  74.  75.  73.  77.  77.]
 [ 45.  61.  80.  85.  92.  91. 100.  97. 101.  98. 102. 108. 109. 111.
  111. 106. 109. 110.  74.  77.  73.  74.  74.  75.  78.  76.  74.  78.
   77.  77.  76.  75.  77.  77.  78.  79.  78.  74.  76.  78.]]
##############################
[[ 17.  23.  32.  35.  42.  48.  50.  55.  52.  58.  52.  55.  59.  53.
   55.  61.  65.  61.  62.  46.  44.  50.  47.  47.  49.  50.  53.  51.
   50.  49.  48.  49.  51.  51.  49.  49.  46.  51.  53.  49.]
 [106. 133. 144. 145. 144. 148. 148. 147. 149. 148. 147. 147. 147. 147.
  147. 146. 148. 146. 147. 100. 100.  99. 100. 100.  99. 100. 100. 100.
  100. 100. 100.  99. 100. 100. 100. 100. 100. 100. 100. 100.]
 [ 30.  46.  56.  69.  77.  80.  83.  91.  89.  90.  94.  97.  96.  99.
  105. 104. 101. 103.  99.  69.  73.  72.  72.  72.  72.  74.  71.  78.
   78.  74.  71.  73.  73.  76.  69.  74.  75.  73.  77.  77.]
 [ 45.  61.  80.  85.  92.  91. 100.  97. 101.  98. 102. 108. 109. 111.
  111. 106. 109. 110. 107.  77.  73.  74.  74.  75.  78.  76.  74.  78.
   77.  77.  76.  75.  77.  77.  78.  79.  78.  74.  76.  78.]]
##############################
[[ 17.  23.  32.  35.  42.  48.  50.  55.  52.  58.  52.  55.  59.  53.
   55.  61.  65.  61.  62.  63.  44.  50.  47.  47.  49.  50.  53.  51.
   50.  49.  48.  49.  51.  51.  49.  49.  46.  51.  53.  49.]
 [106. 133. 144. 145. 144. 148. 148. 147. 149. 148. 147. 147. 147. 147.
  147. 146. 148. 146. 147. 146. 100.  99. 100. 100.  99. 100. 100. 100.
  100. 100. 100.  99. 100. 100. 100. 100. 100. 100. 100. 100.]
 [ 30.  46.  56.  69.  77.  80.  83.  91.  89.  90.  94.  97.  96.  99.
  105. 104. 101. 103.  99. 103.  73.  72.  72.  72.  72.  74.  71.  78.
   78.  74.  71.  73.  73.  76.  69.  74.  75.  73.  77.  77.]
 [ 45.  61.  80.  85.  92.  91. 100.  97. 101.  98. 102. 108. 109. 111.
  111. 106. 109. 110. 107. 113.  73.  74.  74.  75.  78.  76.  74.  78.
   77.  77.  76.  75.  77.  77.  78.  79.  78.  74.  76.  78.]]
##############################
[[ 17.  23.  32.  35.  42.  48.  50.  55.  52.  58.  52.  55.  59.  53.
   55.  61.  65.  61.  62.  63.  60.  50.  47.  47.  49.  50.  53.  51.
   50.  49.  48.  49.  51.  51.  49.  49.  46.  51.  53.  49.]
 [106. 133. 144. 145. 144. 148. 148. 147. 149. 148. 147. 147. 147. 147.
  147. 146. 148. 146. 147. 146. 148.  99. 100. 100.  99. 100. 100. 100.
  100. 100. 100.  99. 100. 100. 100. 100. 100. 100. 100. 100.]
 [ 30.  46.  56.  69.  77.  80.  83.  91.  89.  90.  94.  97.  96.  99.
  105. 104. 101. 103.  99. 103. 108.  72.  72.  72.  72.  74.  71.  78.
   78.  74.  71.  73.  73.  76.  69.  74.  75.  73.  77.  77.]
 [ 45.  61.  80.  85.  92.  91. 100.  97. 101.  98. 102. 108. 109. 111.
  111. 106. 109. 110. 107. 113. 107.  74.  74.  75.  78.  76.  74.  78.
   77.  77.  76.  75.  77.  77.  78.  79.  78.  74.  76.  78.]]
##############################
[[ 17.  23.  32.  35.  42.  48.  50.  55.  52.  58.  52.  55.  59.  53.
   55.  61.  65.  61.  62.  63.  60.  66.  47.  47.  49.  50.  53.  51.
   50.  49.  48.  49.  51.  51.  49.  49.  46.  51.  53.  49.]
 [106. 133. 144. 145. 144. 148. 148. 147. 149. 148. 147. 147. 147. 147.
  147. 146. 148. 146. 147. 146. 148. 146. 100. 100.  99. 100. 100. 100.
  100. 100. 100.  99. 100. 100. 100. 100. 100. 100. 100. 100.]
 [ 30.  46.  56.  69.  77.  80.  83.  91.  89.  90.  94.  97.  96.  99.
  105. 104. 101. 103.  99. 103. 108. 108.  72.  72.  72.  74.  71.  78.
   78.  74.  71.  73.  73.  76.  69.  74.  75.  73.  77.  77.]
 [ 45.  61.  80.  85.  92.  91. 100.  97. 101.  98. 102. 108. 109. 111.
  111. 106. 109. 110. 107. 113. 107. 112.  74.  75.  78.  76.  74.  78.
   77.  77.  76.  75.  77.  77.  78.  79.  78.  74.  76.  78.]]
##############################
[[ 17.  23.  32.  35.  42.  48.  50.  55.  52.  58.  52.  55.  59.  53.
   55.  61.  65.  61.  62.  63.  60.  66.  63.  47.  49.  50.  53.  51.
   50.  49.  48.  49.  51.  51.  49.  49.  46.  51.  53.  49.]
 [106. 133. 144. 145. 144. 148. 148. 147. 149. 148. 147. 147. 147. 147.
  147. 146. 148. 146. 147. 146. 148. 146. 147. 100.  99. 100. 100. 100.
  100. 100. 100.  99. 100. 100. 100. 100. 100. 100. 100. 100.]
 [ 30.  46.  56.  69.  77.  80.  83.  91.  89.  90.  94.  97.  96.  99.
  105. 104. 101. 103.  99. 103. 108. 108. 107.  72.  72.  74.  71.  78.
   78.  74.  71.  73.  73.  76.  69.  74.  75.  73.  77.  77.]
 [ 45.  61.  80.  85.  92.  91. 100.  97. 101.  98. 102. 108. 109. 111.
  111. 106. 109. 110. 107. 113. 107. 112. 112.  75.  78.  76.  74.  78.
   77.  77.  76.  75.  77.  77.  78.  79.  78.  74.  76.  78.]]
##############################
[[ 17.  23.  32.  35.  42.  48.  50.  55.  52.  58.  52.  55.  59.  53.
   55.  61.  65.  61.  62.  63.  60.  66.  63.  64.  49.  50.  53.  51.
   50.  49.  48.  49.  51.  51.  49.  49.  46.  51.  53.  49.]
 [106. 133. 144. 145. 144. 148. 148. 147. 149. 148. 147. 147. 147. 147.
  147. 146. 148. 146. 147. 146. 148. 146. 147. 146.  99. 100. 100. 100.
  100. 100. 100.  99. 100. 100. 100. 100. 100. 100. 100. 100.]
 [ 30.  46.  56.  69.  77.  80.  83.  91.  89.  90.  94.  97.  96.  99.
  105. 104. 101. 103.  99. 103. 108. 108. 107. 108.  72.  74.  71.  78.
   78.  74.  71.  73.  73.  76.  69.  74.  75.  73.  77.  77.]
 [ 45.  61.  80.  85.  92.  91. 100.  97. 101.  98. 102. 108. 109. 111.
  111. 106. 109. 110. 107. 113. 107. 112. 112. 111.  78.  76.  74.  78.
   77.  77.  76.  75.  77.  77.  78.  79.  78.  74.  76.  78.]]
##############################
[[ 17.  23.  32.  35.  42.  48.  50.  55.  52.  58.  52.  55.  59.  53.
   55.  61.  65.  61.  62.  63.  60.  66.  63.  64.  64.  50.  53.  51.
   50.  49.  48.  49.  51.  51.  49.  49.  46.  51.  53.  49.]
 [106. 133. 144. 145. 144. 148. 148. 147. 149. 148. 147. 147. 147. 147.
  147. 146. 148. 146. 147. 146. 148. 146. 147. 146. 146. 100. 100. 100.
  100. 100. 100.  99. 100. 100. 100. 100. 100. 100. 100. 100.]
 [ 30.  46.  56.  69.  77.  80.  83.  91.  89.  90.  94.  97.  96.  99.
  105. 104. 101. 103.  99. 103. 108. 108. 107. 108. 107.  74.  71.  78.
   78.  74.  71.  73.  73.  76.  69.  74.  75.  73.  77.  77.]
 [ 45.  61.  80.  85.  92.  91. 100.  97. 101.  98. 102. 108. 109. 111.
  111. 106. 109. 110. 107. 113. 107. 112. 112. 111. 113.  76.  74.  78.
   77.  77.  76.  75.  77.  77.  78.  79.  78.  74.  76.  78.]]
##############################
[[ 17.  23.  32.  35.  42.  48.  50.  55.  52.  58.  52.  55.  59.  53.
   55.  61.  65.  61.  62.  63.  60.  66.  63.  64.  64.  67.  53.  51.
   50.  49.  48.  49.  51.  51.  49.  49.  46.  51.  53.  49.]
 [106. 133. 144. 145. 144. 148. 148. 147. 149. 148. 147. 147. 147. 147.
  147. 146. 148. 146. 147. 146. 148. 146. 147. 146. 146. 148. 100. 100.
  100. 100. 100.  99. 100. 100. 100. 100. 100. 100. 100. 100.]
 [ 30.  46.  56.  69.  77.  80.  83.  91.  89.  90.  94.  97.  96.  99.
  105. 104. 101. 103.  99. 103. 108. 108. 107. 108. 107. 109.  71.  78.
   78.  74.  71.  73.  73.  76.  69.  74.  75.  73.  77.  77.]
 [ 45.  61.  80.  85.  92.  91. 100.  97. 101.  98. 102. 108. 109. 111.
  111. 106. 109. 110. 107. 113. 107. 112. 112. 111. 113. 113.  74.  78.
   77.  77.  76.  75.  77.  77.  78.  79.  78.  74.  76.  78.]]
##############################
[[ 17.  23.  32.  35.  42.  48.  50.  55.  52.  58.  52.  55.  59.  53.
   55.  61.  65.  61.  62.  63.  60.  66.  63.  64.  64.  67.  70.  51.
   50.  49.  48.  49.  51.  51.  49.  49.  46.  51.  53.  49.]
 [106. 133. 144. 145. 144. 148. 148. 147. 149. 148. 147. 147. 147. 147.
  147. 146. 148. 146. 147. 146. 148. 146. 147. 146. 146. 148. 148. 100.
  100. 100. 100.  99. 100. 100. 100. 100. 100. 100. 100. 100.]
 [ 30.  46.  56.  69.  77.  80.  83.  91.  89.  90.  94.  97.  96.  99.
  105. 104. 101. 103.  99. 103. 108. 108. 107. 108. 107. 109. 106.  78.
   78.  74.  71.  73.  73.  76.  69.  74.  75.  73.  77.  77.]
 [ 45.  61.  80.  85.  92.  91. 100.  97. 101.  98. 102. 108. 109. 111.
  111. 106. 109. 110. 107. 113. 107. 112. 112. 111. 113. 113. 111.  78.
   77.  77.  76.  75.  77.  77.  78.  79.  78.  74.  76.  78.]]
##############################
[[ 17.  23.  32.  35.  42.  48.  50.  55.  52.  58.  52.  55.  59.  53.
   55.  61.  65.  61.  62.  63.  60.  66.  63.  64.  64.  67.  70.  68.
   50.  49.  48.  49.  51.  51.  49.  49.  46.  51.  53.  49.]
 [106. 133. 144. 145. 144. 148. 148. 147. 149. 148. 147. 147. 147. 147.
  147. 146. 148. 146. 147. 146. 148. 146. 147. 146. 146. 148. 148. 147.
  100. 100. 100.  99. 100. 100. 100. 100. 100. 100. 100. 100.]
 [ 30.  46.  56.  69.  77.  80.  83.  91.  89.  90.  94.  97.  96.  99.
  105. 104. 101. 103.  99. 103. 108. 108. 107. 108. 107. 109. 106. 112.
   78.  74.  71.  73.  73.  76.  69.  74.  75.  73.  77.  77.]
 [ 45.  61.  80.  85.  92.  91. 100.  97. 101.  98. 102. 108. 109. 111.
  111. 106. 109. 110. 107. 113. 107. 112. 112. 111. 113. 113. 111. 114.
   77.  77.  76.  75.  77.  77.  78.  79.  78.  74.  76.  78.]]
##############################
[[ 17.  23.  32.  35.  42.  48.  50.  55.  52.  58.  52.  55.  59.  53.
   55.  61.  65.  61.  62.  63.  60.  66.  63.  64.  64.  67.  70.  68.
   67.  49.  48.  49.  51.  51.  49.  49.  46.  51.  53.  49.]
 [106. 133. 144. 145. 144. 148. 148. 147. 149. 148. 147. 147. 147. 147.
  147. 146. 148. 146. 147. 146. 148. 146. 147. 146. 146. 148. 148. 147.
  148. 100. 100.  99. 100. 100. 100. 100. 100. 100. 100. 100.]
 [ 30.  46.  56.  69.  77.  80.  83.  91.  89.  90.  94.  97.  96.  99.
  105. 104. 101. 103.  99. 103. 108. 108. 107. 108. 107. 109. 106. 112.
  113.  74.  71.  73.  73.  76.  69.  74.  75.  73.  77.  77.]
 [ 45.  61.  80.  85.  92.  91. 100.  97. 101.  98. 102. 108. 109. 111.
  111. 106. 109. 110. 107. 113. 107. 112. 112. 111. 113. 113. 111. 114.
  114.  77.  76.  75.  77.  77.  78.  79.  78.  74.  76.  78.]]
##############################
[[ 17.  23.  32.  35.  42.  48.  50.  55.  52.  58.  52.  55.  59.  53.
   55.  61.  65.  61.  62.  63.  60.  66.  63.  64.  64.  67.  70.  68.
   67.  68.  48.  49.  51.  51.  49.  49.  46.  51.  53.  49.]
 [106. 133. 144. 145. 144. 148. 148. 147. 149. 148. 147. 147. 147. 147.
  147. 146. 148. 146. 147. 146. 148. 146. 147. 146. 146. 148. 148. 147.
  148. 148. 100.  99. 100. 100. 100. 100. 100. 100. 100. 100.]
 [ 30.  46.  56.  69.  77.  80.  83.  91.  89.  90.  94.  97.  96.  99.
  105. 104. 101. 103.  99. 103. 108. 108. 107. 108. 107. 109. 106. 112.
  113. 111.  71.  73.  73.  76.  69.  74.  75.  73.  77.  77.]
 [ 45.  61.  80.  85.  92.  91. 100.  97. 101.  98. 102. 108. 109. 111.
  111. 106. 109. 110. 107. 113. 107. 112. 112. 111. 113. 113. 111. 114.
  114. 113.  76.  75.  77.  77.  78.  79.  78.  74.  76.  78.]]
##############################
[[ 17.  23.  32.  35.  42.  48.  50.  55.  52.  58.  52.  55.  59.  53.
   55.  61.  65.  61.  62.  63.  60.  66.  63.  64.  64.  67.  70.  68.
   67.  68.  67.  49.  51.  51.  49.  49.  46.  51.  53.  49.]
 [106. 133. 144. 145. 144. 148. 148. 147. 149. 148. 147. 147. 147. 147.
  147. 146. 148. 146. 147. 146. 148. 146. 147. 146. 146. 148. 148. 147.
  148. 148. 148.  99. 100. 100. 100. 100. 100. 100. 100. 100.]
 [ 30.  46.  56.  69.  77.  80.  83.  91.  89.  90.  94.  97.  96.  99.
  105. 104. 101. 103.  99. 103. 108. 108. 107. 108. 107. 109. 106. 112.
  113. 111. 107.  73.  73.  76.  69.  74.  75.  73.  77.  77.]
 [ 45.  61.  80.  85.  92.  91. 100.  97. 101.  98. 102. 108. 109. 111.
  111. 106. 109. 110. 107. 113. 107. 112. 112. 111. 113. 113. 111. 114.
  114. 113. 113.  75.  77.  77.  78.  79.  78.  74.  76.  78.]]
##############################
[[ 17.  23.  32.  35.  42.  48.  50.  55.  52.  58.  52.  55.  59.  53.
   55.  61.  65.  61.  62.  63.  60.  66.  63.  64.  64.  67.  70.  68.
   67.  68.  67.  68.  51.  51.  49.  49.  46.  51.  53.  49.]
 [106. 133. 144. 145. 144. 148. 148. 147. 149. 148. 147. 147. 147. 147.
  147. 146. 148. 146. 147. 146. 148. 146. 147. 146. 146. 148. 148. 147.
  148. 148. 148. 146. 100. 100. 100. 100. 100. 100. 100. 100.]
 [ 30.  46.  56.  69.  77.  80.  83.  91.  89.  90.  94.  97.  96.  99.
  105. 104. 101. 103.  99. 103. 108. 108. 107. 108. 107. 109. 106. 112.
  113. 111. 107. 110.  73.  76.  69.  74.  75.  73.  77.  77.]
 [ 45.  61.  80.  85.  92.  91. 100.  97. 101.  98. 102. 108. 109. 111.
  111. 106. 109. 110. 107. 113. 107. 112. 112. 111. 113. 113. 111. 114.
  114. 113. 113. 110.  77.  77.  78.  79.  78.  74.  76.  78.]]
##############################
[[ 17.  23.  32.  35.  42.  48.  50.  55.  52.  58.  52.  55.  59.  53.
   55.  61.  65.  61.  62.  63.  60.  66.  63.  64.  64.  67.  70.  68.
   67.  68.  67.  68.  72.  51.  49.  49.  46.  51.  53.  49.]
 [106. 133. 144. 145. 144. 148. 148. 147. 149. 148. 147. 147. 147. 147.
  147. 146. 148. 146. 147. 146. 148. 146. 147. 146. 146. 148. 148. 147.
  148. 148. 148. 146. 147. 100. 100. 100. 100. 100. 100. 100.]
 [ 30.  46.  56.  69.  77.  80.  83.  91.  89.  90.  94.  97.  96.  99.
  105. 104. 101. 103.  99. 103. 108. 108. 107. 108. 107. 109. 106. 112.
  113. 111. 107. 110. 108.  76.  69.  74.  75.  73.  77.  77.]
 [ 45.  61.  80.  85.  92.  91. 100.  97. 101.  98. 102. 108. 109. 111.
  111. 106. 109. 110. 107. 113. 107. 112. 112. 111. 113. 113. 111. 114.
  114. 113. 113. 110. 112.  77.  78.  79.  78.  74.  76.  78.]]
##############################
[[ 17.  23.  32.  35.  42.  48.  50.  55.  52.  58.  52.  55.  59.  53.
   55.  61.  65.  61.  62.  63.  60.  66.  63.  64.  64.  67.  70.  68.
   67.  68.  67.  68.  72.  68.  49.  49.  46.  51.  53.  49.]
 [106. 133. 144. 145. 144. 148. 148. 147. 149. 148. 147. 147. 147. 147.
  147. 146. 148. 146. 147. 146. 148. 146. 147. 146. 146. 148. 148. 147.
  148. 148. 148. 146. 147. 147. 100. 100. 100. 100. 100. 100.]
 [ 30.  46.  56.  69.  77.  80.  83.  91.  89.  90.  94.  97.  96.  99.
  105. 104. 101. 103.  99. 103. 108. 108. 107. 108. 107. 109. 106. 112.
  113. 111. 107. 110. 108. 111.  69.  74.  75.  73.  77.  77.]
 [ 45.  61.  80.  85.  92.  91. 100.  97. 101.  98. 102. 108. 109. 111.
  111. 106. 109. 110. 107. 113. 107. 112. 112. 111. 113. 113. 111. 114.
  114. 113. 113. 110. 112. 112.  78.  79.  78.  74.  76.  78.]]
##############################
[[ 17.  23.  32.  35.  42.  48.  50.  55.  52.  58.  52.  55.  59.  53.
   55.  61.  65.  61.  62.  63.  60.  66.  63.  64.  64.  67.  70.  68.
   67.  68.  67.  68.  72.  68.  67.  49.  46.  51.  53.  49.]
 [106. 133. 144. 145. 144. 148. 148. 147. 149. 148. 147. 147. 147. 147.
  147. 146. 148. 146. 147. 146. 148. 146. 147. 146. 146. 148. 148. 147.
  148. 148. 148. 146. 147. 147. 147. 100. 100. 100. 100. 100.]
 [ 30.  46.  56.  69.  77.  80.  83.  91.  89.  90.  94.  97.  96.  99.
  105. 104. 101. 103.  99. 103. 108. 108. 107. 108. 107. 109. 106. 112.
  113. 111. 107. 110. 108. 111. 106.  74.  75.  73.  77.  77.]
 [ 45.  61.  80.  85.  92.  91. 100.  97. 101.  98. 102. 108. 109. 111.
  111. 106. 109. 110. 107. 113. 107. 112. 112. 111. 113. 113. 111. 114.
  114. 113. 113. 110. 112. 112. 113.  79.  78.  74.  76.  78.]]
##############################
[[ 17.  23.  32.  35.  42.  48.  50.  55.  52.  58.  52.  55.  59.  53.
   55.  61.  65.  61.  62.  63.  60.  66.  63.  64.  64.  67.  70.  68.
   67.  68.  67.  68.  72.  68.  67.  71.  46.  51.  53.  49.]
 [106. 133. 144. 145. 144. 148. 148. 147. 149. 148. 147. 147. 147. 147.
  147. 146. 148. 146. 147. 146. 148. 146. 147. 146. 146. 148. 148. 147.
  148. 148. 148. 146. 147. 147. 147. 147. 100. 100. 100. 100.]
 [ 30.  46.  56.  69.  77.  80.  83.  91.  89.  90.  94.  97.  96.  99.
  105. 104. 101. 103.  99. 103. 108. 108. 107. 108. 107. 109. 106. 112.
  113. 111. 107. 110. 108. 111. 106. 111.  75.  73.  77.  77.]
 [ 45.  61.  80.  85.  92.  91. 100.  97. 101.  98. 102. 108. 109. 111.
  111. 106. 109. 110. 107. 113. 107. 112. 112. 111. 113. 113. 111. 114.
  114. 113. 113. 110. 112. 112. 113. 116.  78.  74.  76.  78.]]
##############################
[[ 17.  23.  32.  35.  42.  48.  50.  55.  52.  58.  52.  55.  59.  53.
   55.  61.  65.  61.  62.  63.  60.  66.  63.  64.  64.  67.  70.  68.
   67.  68.  67.  68.  72.  68.  67.  71.  68.  51.  53.  49.]
 [106. 133. 144. 145. 144. 148. 148. 147. 149. 148. 147. 147. 147. 147.
  147. 146. 148. 146. 147. 146. 148. 146. 147. 146. 146. 148. 148. 147.
  148. 148. 148. 146. 147. 147. 147. 147. 147. 100. 100. 100.]
 [ 30.  46.  56.  69.  77.  80.  83.  91.  89.  90.  94.  97.  96.  99.
  105. 104. 101. 103.  99. 103. 108. 108. 107. 108. 107. 109. 106. 112.
  113. 111. 107. 110. 108. 111. 106. 111. 112.  73.  77.  77.]
 [ 45.  61.  80.  85.  92.  91. 100.  97. 101.  98. 102. 108. 109. 111.
  111. 106. 109. 110. 107. 113. 107. 112. 112. 111. 113. 113. 111. 114.
  114. 113. 113. 110. 112. 112. 113. 116. 113.  74.  76.  78.]]
##############################
[[ 17.  23.  32.  35.  42.  48.  50.  55.  52.  58.  52.  55.  59.  53.
   55.  61.  65.  61.  62.  63.  60.  66.  63.  64.  64.  67.  70.  68.
   67.  68.  67.  68.  72.  68.  67.  71.  68.  69.  53.  49.]
 [106. 133. 144. 145. 144. 148. 148. 147. 149. 148. 147. 147. 147. 147.
  147. 146. 148. 146. 147. 146. 148. 146. 147. 146. 146. 148. 148. 147.
  148. 148. 148. 146. 147. 147. 147. 147. 147. 148. 100. 100.]
 [ 30.  46.  56.  69.  77.  80.  83.  91.  89.  90.  94.  97.  96.  99.
  105. 104. 101. 103.  99. 103. 108. 108. 107. 108. 107. 109. 106. 112.
  113. 111. 107. 110. 108. 111. 106. 111. 112. 110.  77.  77.]
 [ 45.  61.  80.  85.  92.  91. 100.  97. 101.  98. 102. 108. 109. 111.
  111. 106. 109. 110. 107. 113. 107. 112. 112. 111. 113. 113. 111. 114.
  114. 113. 113. 110. 112. 112. 113. 116. 113. 109.  76.  78.]]
##############################
[[ 17.  23.  32.  35.  42.  48.  50.  55.  52.  58.  52.  55.  59.  53.
   55.  61.  65.  61.  62.  63.  60.  66.  63.  64.  64.  67.  70.  68.
   67.  68.  67.  68.  72.  68.  67.  71.  68.  69.  71.  49.]
 [106. 133. 144. 145. 144. 148. 148. 147. 149. 148. 147. 147. 147. 147.
  147. 146. 148. 146. 147. 146. 148. 146. 147. 146. 146. 148. 148. 147.
  148. 148. 148. 146. 147. 147. 147. 147. 147. 148. 147. 100.]
 [ 30.  46.  56.  69.  77.  80.  83.  91.  89.  90.  94.  97.  96.  99.
  105. 104. 101. 103.  99. 103. 108. 108. 107. 108. 107. 109. 106. 112.
  113. 111. 107. 110. 108. 111. 106. 111. 112. 110. 114.  77.]
 [ 45.  61.  80.  85.  92.  91. 100.  97. 101.  98. 102. 108. 109. 111.
  111. 106. 109. 110. 107. 113. 107. 112. 112. 111. 113. 113. 111. 114.
  114. 113. 113. 110. 112. 112. 113. 116. 113. 109. 112.  78.]]
##############################
[[ 17.  23.  32.  35.  42.  48.  50.  55.  52.  58.  52.  55.  59.  53.
   55.  61.  65.  61.  62.  63.  60.  66.  63.  64.  64.  67.  70.  68.
   67.  68.  67.  68.  72.  68.  67.  71.  68.  69.  71.  68.]
 [106. 133. 144. 145. 144. 148. 148. 147. 149. 148. 147. 147. 147. 147.
  147. 146. 148. 146. 147. 146. 148. 146. 147. 146. 146. 148. 148. 147.
  148. 148. 148. 146. 147. 147. 147. 147. 147. 148. 147. 147.]
 [ 30.  46.  56.  69.  77.  80.  83.  91.  89.  90.  94.  97.  96.  99.
  105. 104. 101. 103.  99. 103. 108. 108. 107. 108. 107. 109. 106. 112.
  113. 111. 107. 110. 108. 111. 106. 111. 112. 110. 114. 114.]
 [ 45.  61.  80.  85.  92.  91. 100.  97. 101.  98. 102. 108. 109. 111.
  111. 106. 109. 110. 107. 113. 107. 112. 112. 111. 113. 113. 111. 114.
  114. 113. 113. 110. 112. 112. 113. 116. 113. 109. 112. 114.]]
##############################
##################################################
##################################################
starting :4 batch
[[ 22.  23.  32.  35.  42.  48.  50.  55.  52.  58.  52.  55.  59.  53.
   55.  61.  65.  61.  62.  63.  60.  66.  63.  64.  64.  67.  70.  68.
   67.  68.  67.  68.  72.  68.  67.  71.  68.  69.  71.  68.]
 [140. 133. 144. 145. 144. 148. 148. 147. 149. 148. 147. 147. 147. 147.
  147. 146. 148. 146. 147. 146. 148. 146. 147. 146. 146. 148. 148. 147.
  148. 148. 148. 146. 147. 147. 147. 147. 147. 148. 147. 147.]
 [ 39.  46.  56.  69.  77.  80.  83.  91.  89.  90.  94.  97.  96.  99.
  105. 104. 101. 103.  99. 103. 108. 108. 107. 108. 107. 109. 106. 112.
  113. 111. 107. 110. 108. 111. 106. 111. 112. 110. 114. 114.]
 [ 60.  61.  80.  85.  92.  91. 100.  97. 101.  98. 102. 108. 109. 111.
  111. 106. 109. 110. 107. 113. 107. 112. 112. 111. 113. 113. 111. 114.
  114. 113. 113. 110. 112. 112. 113. 116. 113. 109. 112. 114.]]
##############################
[[ 22.  28.  32.  35.  42.  48.  50.  55.  52.  58.  52.  55.  59.  53.
   55.  61.  65.  61.  62.  63.  60.  66.  63.  64.  64.  67.  70.  68.
   67.  68.  67.  68.  72.  68.  67.  71.  68.  69.  71.  68.]
 [140. 178. 144. 145. 144. 148. 148. 147. 149. 148. 147. 147. 147. 147.
  147. 146. 148. 146. 147. 146. 148. 146. 147. 146. 146. 148. 148. 147.
  148. 148. 148. 146. 147. 147. 147. 147. 147. 148. 147. 147.]
 [ 39.  62.  56.  69.  77.  80.  83.  91.  89.  90.  94.  97.  96.  99.
  105. 104. 101. 103.  99. 103. 108. 108. 107. 108. 107. 109. 106. 112.
  113. 111. 107. 110. 108. 111. 106. 111. 112. 110. 114. 114.]
 [ 60.  80.  80.  85.  92.  91. 100.  97. 101.  98. 102. 108. 109. 111.
  111. 106. 109. 110. 107. 113. 107. 112. 112. 111. 113. 113. 111. 114.
  114. 113. 113. 110. 112. 112. 113. 116. 113. 109. 112. 114.]]
##############################
[[ 22.  28.  41.  35.  42.  48.  50.  55.  52.  58.  52.  55.  59.  53.
   55.  61.  65.  61.  62.  63.  60.  66.  63.  64.  64.  67.  70.  68.
   67.  68.  67.  68.  72.  68.  67.  71.  68.  69.  71.  68.]
 [140. 178. 193. 145. 144. 148. 148. 147. 149. 148. 147. 147. 147. 147.
  147. 146. 148. 146. 147. 146. 148. 146. 147. 146. 146. 148. 148. 147.
  148. 148. 148. 146. 147. 147. 147. 147. 147. 148. 147. 147.]
 [ 39.  62.  80.  69.  77.  80.  83.  91.  89.  90.  94.  97.  96.  99.
  105. 104. 101. 103.  99. 103. 108. 108. 107. 108. 107. 109. 106. 112.
  113. 111. 107. 110. 108. 111. 106. 111. 112. 110. 114. 114.]
 [ 60.  80. 103.  85.  92.  91. 100.  97. 101.  98. 102. 108. 109. 111.
  111. 106. 109. 110. 107. 113. 107. 112. 112. 111. 113. 113. 111. 114.
  114. 113. 113. 110. 112. 112. 113. 116. 113. 109. 112. 114.]]
##############################
[[ 22.  28.  41.  47.  42.  48.  50.  55.  52.  58.  52.  55.  59.  53.
   55.  61.  65.  61.  62.  63.  60.  66.  63.  64.  64.  67.  70.  68.
   67.  68.  67.  68.  72.  68.  67.  71.  68.  69.  71.  68.]
 [140. 178. 193. 194. 144. 148. 148. 147. 149. 148. 147. 147. 147. 147.
  147. 146. 148. 146. 147. 146. 148. 146. 147. 146. 146. 148. 148. 147.
  148. 148. 148. 146. 147. 147. 147. 147. 147. 148. 147. 147.]
 [ 39.  62.  80.  97.  77.  80.  83.  91.  89.  90.  94.  97.  96.  99.
  105. 104. 101. 103.  99. 103. 108. 108. 107. 108. 107. 109. 106. 112.
  113. 111. 107. 110. 108. 111. 106. 111. 112. 110. 114. 114.]
 [ 60.  80. 103. 110.  92.  91. 100.  97. 101.  98. 102. 108. 109. 111.
  111. 106. 109. 110. 107. 113. 107. 112. 112. 111. 113. 113. 111. 114.
  114. 113. 113. 110. 112. 112. 113. 116. 113. 109. 112. 114.]]
##############################
[[ 22.  28.  41.  47.  51.  48.  50.  55.  52.  58.  52.  55.  59.  53.
   55.  61.  65.  61.  62.  63.  60.  66.  63.  64.  64.  67.  70.  68.
   67.  68.  67.  68.  72.  68.  67.  71.  68.  69.  71.  68.]
 [140. 178. 193. 194. 192. 148. 148. 147. 149. 148. 147. 147. 147. 147.
  147. 146. 148. 146. 147. 146. 148. 146. 147. 146. 146. 148. 148. 147.
  148. 148. 148. 146. 147. 147. 147. 147. 147. 148. 147. 147.]
 [ 39.  62.  80.  97. 103.  80.  83.  91.  89.  90.  94.  97.  96.  99.
  105. 104. 101. 103.  99. 103. 108. 108. 107. 108. 107. 109. 106. 112.
  113. 111. 107. 110. 108. 111. 106. 111. 112. 110. 114. 114.]
 [ 60.  80. 103. 110. 121.  91. 100.  97. 101.  98. 102. 108. 109. 111.
  111. 106. 109. 110. 107. 113. 107. 112. 112. 111. 113. 113. 111. 114.
  114. 113. 113. 110. 112. 112. 113. 116. 113. 109. 112. 114.]]
##############################
[[ 22.  28.  41.  47.  51.  59.  50.  55.  52.  58.  52.  55.  59.  53.
   55.  61.  65.  61.  62.  63.  60.  66.  63.  64.  64.  67.  70.  68.
   67.  68.  67.  68.  72.  68.  67.  71.  68.  69.  71.  68.]
 [140. 178. 193. 194. 192. 197. 148. 147. 149. 148. 147. 147. 147. 147.
  147. 146. 148. 146. 147. 146. 148. 146. 147. 146. 146. 148. 148. 147.
  148. 148. 148. 146. 147. 147. 147. 147. 147. 148. 147. 147.]
 [ 39.  62.  80.  97. 103. 107.  83.  91.  89.  90.  94.  97.  96.  99.
  105. 104. 101. 103.  99. 103. 108. 108. 107. 108. 107. 109. 106. 112.
  113. 111. 107. 110. 108. 111. 106. 111. 112. 110. 114. 114.]
 [ 60.  80. 103. 110. 121. 121. 100.  97. 101.  98. 102. 108. 109. 111.
  111. 106. 109. 110. 107. 113. 107. 112. 112. 111. 113. 113. 111. 114.
  114. 113. 113. 110. 112. 112. 113. 116. 113. 109. 112. 114.]]
##############################
[[ 22.  28.  41.  47.  51.  59.  63.  55.  52.  58.  52.  55.  59.  53.
   55.  61.  65.  61.  62.  63.  60.  66.  63.  64.  64.  67.  70.  68.
   67.  68.  67.  68.  72.  68.  67.  71.  68.  69.  71.  68.]
 [140. 178. 193. 194. 192. 197. 196. 147. 149. 148. 147. 147. 147. 147.
  147. 146. 148. 146. 147. 146. 148. 146. 147. 146. 146. 148. 148. 147.
  148. 148. 148. 146. 147. 147. 147. 147. 147. 148. 147. 147.]
 [ 39.  62.  80.  97. 103. 107. 113.  91.  89.  90.  94.  97.  96.  99.
  105. 104. 101. 103.  99. 103. 108. 108. 107. 108. 107. 109. 106. 112.
  113. 111. 107. 110. 108. 111. 106. 111. 112. 110. 114. 114.]
 [ 60.  80. 103. 110. 121. 121. 131.  97. 101.  98. 102. 108. 109. 111.
  111. 106. 109. 110. 107. 113. 107. 112. 112. 111. 113. 113. 111. 114.
  114. 113. 113. 110. 112. 112. 113. 116. 113. 109. 112. 114.]]
##############################
[[ 22.  28.  41.  47.  51.  59.  63.  67.  52.  58.  52.  55.  59.  53.
   55.  61.  65.  61.  62.  63.  60.  66.  63.  64.  64.  67.  70.  68.
   67.  68.  67.  68.  72.  68.  67.  71.  68.  69.  71.  68.]
 [140. 178. 193. 194. 192. 197. 196. 196. 149. 148. 147. 147. 147. 147.
  147. 146. 148. 146. 147. 146. 148. 146. 147. 146. 146. 148. 148. 147.
  148. 148. 148. 146. 147. 147. 147. 147. 147. 148. 147. 147.]
 [ 39.  62.  80.  97. 103. 107. 113. 121.  89.  90.  94.  97.  96.  99.
  105. 104. 101. 103.  99. 103. 108. 108. 107. 108. 107. 109. 106. 112.
  113. 111. 107. 110. 108. 111. 106. 111. 112. 110. 114. 114.]
 [ 60.  80. 103. 110. 121. 121. 131. 129. 101.  98. 102. 108. 109. 111.
  111. 106. 109. 110. 107. 113. 107. 112. 112. 111. 113. 113. 111. 114.
  114. 113. 113. 110. 112. 112. 113. 116. 113. 109. 112. 114.]]
##############################
[[ 22.  28.  41.  47.  51.  59.  63.  67.  63.  58.  52.  55.  59.  53.
   55.  61.  65.  61.  62.  63.  60.  66.  63.  64.  64.  67.  70.  68.
   67.  68.  67.  68.  72.  68.  67.  71.  68.  69.  71.  68.]
 [140. 178. 193. 194. 192. 197. 196. 196. 197. 148. 147. 147. 147. 147.
  147. 146. 148. 146. 147. 146. 148. 146. 147. 146. 146. 148. 148. 147.
  148. 148. 148. 146. 147. 147. 147. 147. 147. 148. 147. 147.]
 [ 39.  62.  80.  97. 103. 107. 113. 121. 117.  90.  94.  97.  96.  99.
  105. 104. 101. 103.  99. 103. 108. 108. 107. 108. 107. 109. 106. 112.
  113. 111. 107. 110. 108. 111. 106. 111. 112. 110. 114. 114.]
 [ 60.  80. 103. 110. 121. 121. 131. 129. 133.  98. 102. 108. 109. 111.
  111. 106. 109. 110. 107. 113. 107. 112. 112. 111. 113. 113. 111. 114.
  114. 113. 113. 110. 112. 112. 113. 116. 113. 109. 112. 114.]]
##############################
[[ 22.  28.  41.  47.  51.  59.  63.  67.  63.  73.  52.  55.  59.  53.
   55.  61.  65.  61.  62.  63.  60.  66.  63.  64.  64.  67.  70.  68.
   67.  68.  67.  68.  72.  68.  67.  71.  68.  69.  71.  68.]
 [140. 178. 193. 194. 192. 197. 196. 196. 197. 198. 147. 147. 147. 147.
  147. 146. 148. 146. 147. 146. 148. 146. 147. 146. 146. 148. 148. 147.
  148. 148. 148. 146. 147. 147. 147. 147. 147. 148. 147. 147.]
 [ 39.  62.  80.  97. 103. 107. 113. 121. 117. 118.  94.  97.  96.  99.
  105. 104. 101. 103.  99. 103. 108. 108. 107. 108. 107. 109. 106. 112.
  113. 111. 107. 110. 108. 111. 106. 111. 112. 110. 114. 114.]
 [ 60.  80. 103. 110. 121. 121. 131. 129. 133. 133. 102. 108. 109. 111.
  111. 106. 109. 110. 107. 113. 107. 112. 112. 111. 113. 113. 111. 114.
  114. 113. 113. 110. 112. 112. 113. 116. 113. 109. 112. 114.]]
##############################
[[ 22.  28.  41.  47.  51.  59.  63.  67.  63.  73.  63.  55.  59.  53.
   55.  61.  65.  61.  62.  63.  60.  66.  63.  64.  64.  67.  70.  68.
   67.  68.  67.  68.  72.  68.  67.  71.  68.  69.  71.  68.]
 [140. 178. 193. 194. 192. 197. 196. 196. 197. 198. 197. 147. 147. 147.
  147. 146. 148. 146. 147. 146. 148. 146. 147. 146. 146. 148. 148. 147.
  148. 148. 148. 146. 147. 147. 147. 147. 147. 148. 147. 147.]
 [ 39.  62.  80.  97. 103. 107. 113. 121. 117. 118. 128.  97.  96.  99.
  105. 104. 101. 103.  99. 103. 108. 108. 107. 108. 107. 109. 106. 112.
  113. 111. 107. 110. 108. 111. 106. 111. 112. 110. 114. 114.]
 [ 60.  80. 103. 110. 121. 121. 131. 129. 133. 133. 135. 108. 109. 111.
  111. 106. 109. 110. 107. 113. 107. 112. 112. 111. 113. 113. 111. 114.
  114. 113. 113. 110. 112. 112. 113. 116. 113. 109. 112. 114.]]
##############################
[[ 22.  28.  41.  47.  51.  59.  63.  67.  63.  73.  63.  69.  59.  53.
   55.  61.  65.  61.  62.  63.  60.  66.  63.  64.  64.  67.  70.  68.
   67.  68.  67.  68.  72.  68.  67.  71.  68.  69.  71.  68.]
 [140. 178. 193. 194. 192. 197. 196. 196. 197. 198. 197. 197. 147. 147.
  147. 146. 148. 146. 147. 146. 148. 146. 147. 146. 146. 148. 148. 147.
  148. 148. 148. 146. 147. 147. 147. 147. 147. 148. 147. 147.]
 [ 39.  62.  80.  97. 103. 107. 113. 121. 117. 118. 128. 130.  96.  99.
  105. 104. 101. 103.  99. 103. 108. 108. 107. 108. 107. 109. 106. 112.
  113. 111. 107. 110. 108. 111. 106. 111. 112. 110. 114. 114.]
 [ 60.  80. 103. 110. 121. 121. 131. 129. 133. 133. 135. 144. 109. 111.
  111. 106. 109. 110. 107. 113. 107. 112. 112. 111. 113. 113. 111. 114.
  114. 113. 113. 110. 112. 112. 113. 116. 113. 109. 112. 114.]]
##############################
[[ 22.  28.  41.  47.  51.  59.  63.  67.  63.  73.  63.  69.  72.  53.
   55.  61.  65.  61.  62.  63.  60.  66.  63.  64.  64.  67.  70.  68.
   67.  68.  67.  68.  72.  68.  67.  71.  68.  69.  71.  68.]
 [140. 178. 193. 194. 192. 197. 196. 196. 197. 198. 197. 197. 196. 147.
  147. 146. 148. 146. 147. 146. 148. 146. 147. 146. 146. 148. 148. 147.
  148. 148. 148. 146. 147. 147. 147. 147. 147. 148. 147. 147.]
 [ 39.  62.  80.  97. 103. 107. 113. 121. 117. 118. 128. 130. 129.  99.
  105. 104. 101. 103.  99. 103. 108. 108. 107. 108. 107. 109. 106. 112.
  113. 111. 107. 110. 108. 111. 106. 111. 112. 110. 114. 114.]
 [ 60.  80. 103. 110. 121. 121. 131. 129. 133. 133. 135. 144. 143. 111.
  111. 106. 109. 110. 107. 113. 107. 112. 112. 111. 113. 113. 111. 114.
  114. 113. 113. 110. 112. 112. 113. 116. 113. 109. 112. 114.]]
##############################
[[ 22.  28.  41.  47.  51.  59.  63.  67.  63.  73.  63.  69.  72.  68.
   55.  61.  65.  61.  62.  63.  60.  66.  63.  64.  64.  67.  70.  68.
   67.  68.  67.  68.  72.  68.  67.  71.  68.  69.  71.  68.]
 [140. 178. 193. 194. 192. 197. 196. 196. 197. 198. 197. 197. 196. 196.
  147. 146. 148. 146. 147. 146. 148. 146. 147. 146. 146. 148. 148. 147.
  148. 148. 148. 146. 147. 147. 147. 147. 147. 148. 147. 147.]
 [ 39.  62.  80.  97. 103. 107. 113. 121. 117. 118. 128. 130. 129. 132.
  105. 104. 101. 103.  99. 103. 108. 108. 107. 108. 107. 109. 106. 112.
  113. 111. 107. 110. 108. 111. 106. 111. 112. 110. 114. 114.]
 [ 60.  80. 103. 110. 121. 121. 131. 129. 133. 133. 135. 144. 143. 147.
  111. 106. 109. 110. 107. 113. 107. 112. 112. 111. 113. 113. 111. 114.
  114. 113. 113. 110. 112. 112. 113. 116. 113. 109. 112. 114.]]
##############################
[[ 22.  28.  41.  47.  51.  59.  63.  67.  63.  73.  63.  69.  72.  68.
   69.  61.  65.  61.  62.  63.  60.  66.  63.  64.  64.  67.  70.  68.
   67.  68.  67.  68.  72.  68.  67.  71.  68.  69.  71.  68.]
 [140. 178. 193. 194. 192. 197. 196. 196. 197. 198. 197. 197. 196. 196.
  196. 146. 148. 146. 147. 146. 148. 146. 147. 146. 146. 148. 148. 147.
  148. 148. 148. 146. 147. 147. 147. 147. 147. 148. 147. 147.]
 [ 39.  62.  80.  97. 103. 107. 113. 121. 117. 118. 128. 130. 129. 132.
  142. 104. 101. 103.  99. 103. 108. 108. 107. 108. 107. 109. 106. 112.
  113. 111. 107. 110. 108. 111. 106. 111. 112. 110. 114. 114.]
 [ 60.  80. 103. 110. 121. 121. 131. 129. 133. 133. 135. 144. 143. 147.
  147. 106. 109. 110. 107. 113. 107. 112. 112. 111. 113. 113. 111. 114.
  114. 113. 113. 110. 112. 112. 113. 116. 113. 109. 112. 114.]]
##############################
[[ 22.  28.  41.  47.  51.  59.  63.  67.  63.  73.  63.  69.  72.  68.
   69.  78.  65.  61.  62.  63.  60.  66.  63.  64.  64.  67.  70.  68.
   67.  68.  67.  68.  72.  68.  67.  71.  68.  69.  71.  68.]
 [140. 178. 193. 194. 192. 197. 196. 196. 197. 198. 197. 197. 196. 196.
  196. 196. 148. 146. 147. 146. 148. 146. 147. 146. 146. 148. 148. 147.
  148. 148. 148. 146. 147. 147. 147. 147. 147. 148. 147. 147.]
 [ 39.  62.  80.  97. 103. 107. 113. 121. 117. 118. 128. 130. 129. 132.
  142. 142. 101. 103.  99. 103. 108. 108. 107. 108. 107. 109. 106. 112.
  113. 111. 107. 110. 108. 111. 106. 111. 112. 110. 114. 114.]
 [ 60.  80. 103. 110. 121. 121. 131. 129. 133. 133. 135. 144. 143. 147.
  147. 141. 109. 110. 107. 113. 107. 112. 112. 111. 113. 113. 111. 114.
  114. 113. 113. 110. 112. 112. 113. 116. 113. 109. 112. 114.]]
##############################
[[ 22.  28.  41.  47.  51.  59.  63.  67.  63.  73.  63.  69.  72.  68.
   69.  78.  84.  61.  62.  63.  60.  66.  63.  64.  64.  67.  70.  68.
   67.  68.  67.  68.  72.  68.  67.  71.  68.  69.  71.  68.]
 [140. 178. 193. 194. 192. 197. 196. 196. 197. 198. 197. 197. 196. 196.
  196. 196. 198. 146. 147. 146. 148. 146. 147. 146. 146. 148. 148. 147.
  148. 148. 148. 146. 147. 147. 147. 147. 147. 148. 147. 147.]
 [ 39.  62.  80.  97. 103. 107. 113. 121. 117. 118. 128. 130. 129. 132.
  142. 142. 140. 103.  99. 103. 108. 108. 107. 108. 107. 109. 106. 112.
  113. 111. 107. 110. 108. 111. 106. 111. 112. 110. 114. 114.]
 [ 60.  80. 103. 110. 121. 121. 131. 129. 133. 133. 135. 144. 143. 147.
  147. 141. 147. 110. 107. 113. 107. 112. 112. 111. 113. 113. 111. 114.
  114. 113. 113. 110. 112. 112. 113. 116. 113. 109. 112. 114.]]
##############################
[[ 22.  28.  41.  47.  51.  59.  63.  67.  63.  73.  63.  69.  72.  68.
   69.  78.  84.  80.  62.  63.  60.  66.  63.  64.  64.  67.  70.  68.
   67.  68.  67.  68.  72.  68.  67.  71.  68.  69.  71.  68.]
 [140. 178. 193. 194. 192. 197. 196. 196. 197. 198. 197. 197. 196. 196.
  196. 196. 198. 196. 147. 146. 148. 146. 147. 146. 146. 148. 148. 147.
  148. 148. 148. 146. 147. 147. 147. 147. 147. 148. 147. 147.]
 [ 39.  62.  80.  97. 103. 107. 113. 121. 117. 118. 128. 130. 129. 132.
  142. 142. 140. 142.  99. 103. 108. 108. 107. 108. 107. 109. 106. 112.
  113. 111. 107. 110. 108. 111. 106. 111. 112. 110. 114. 114.]
 [ 60.  80. 103. 110. 121. 121. 131. 129. 133. 133. 135. 144. 143. 147.
  147. 141. 147. 147. 107. 113. 107. 112. 112. 111. 113. 113. 111. 114.
  114. 113. 113. 110. 112. 112. 113. 116. 113. 109. 112. 114.]]
##############################
[[ 22.  28.  41.  47.  51.  59.  63.  67.  63.  73.  63.  69.  72.  68.
   69.  78.  84.  80.  82.  63.  60.  66.  63.  64.  64.  67.  70.  68.
   67.  68.  67.  68.  72.  68.  67.  71.  68.  69.  71.  68.]
 [140. 178. 193. 194. 192. 197. 196. 196. 197. 198. 197. 197. 196. 196.
  196. 196. 198. 196. 197. 146. 148. 146. 147. 146. 146. 148. 148. 147.
  148. 148. 148. 146. 147. 147. 147. 147. 147. 148. 147. 147.]
 [ 39.  62.  80.  97. 103. 107. 113. 121. 117. 118. 128. 130. 129. 132.
  142. 142. 140. 142. 141. 103. 108. 108. 107. 108. 107. 109. 106. 112.
  113. 111. 107. 110. 108. 111. 106. 111. 112. 110. 114. 114.]
 [ 60.  80. 103. 110. 121. 121. 131. 129. 133. 133. 135. 144. 143. 147.
  147. 141. 147. 147. 145. 113. 107. 112. 112. 111. 113. 113. 111. 114.
  114. 113. 113. 110. 112. 112. 113. 116. 113. 109. 112. 114.]]
##############################
[[ 22.  28.  41.  47.  51.  59.  63.  67.  63.  73.  63.  69.  72.  68.
   69.  78.  84.  80.  82.  82.  60.  66.  63.  64.  64.  67.  70.  68.
   67.  68.  67.  68.  72.  68.  67.  71.  68.  69.  71.  68.]
 [140. 178. 193. 194. 192. 197. 196. 196. 197. 198. 197. 197. 196. 196.
  196. 196. 198. 196. 197. 196. 148. 146. 147. 146. 146. 148. 148. 147.
  148. 148. 148. 146. 147. 147. 147. 147. 147. 148. 147. 147.]
 [ 39.  62.  80.  97. 103. 107. 113. 121. 117. 118. 128. 130. 129. 132.
  142. 142. 140. 142. 141. 142. 108. 108. 107. 108. 107. 109. 106. 112.
  113. 111. 107. 110. 108. 111. 106. 111. 112. 110. 114. 114.]
 [ 60.  80. 103. 110. 121. 121. 131. 129. 133. 133. 135. 144. 143. 147.
  147. 141. 147. 147. 145. 152. 107. 112. 112. 111. 113. 113. 111. 114.
  114. 113. 113. 110. 112. 112. 113. 116. 113. 109. 112. 114.]]
##############################
[[ 22.  28.  41.  47.  51.  59.  63.  67.  63.  73.  63.  69.  72.  68.
   69.  78.  84.  80.  82.  82.  80.  66.  63.  64.  64.  67.  70.  68.
   67.  68.  67.  68.  72.  68.  67.  71.  68.  69.  71.  68.]
 [140. 178. 193. 194. 192. 197. 196. 196. 197. 198. 197. 197. 196. 196.
  196. 196. 198. 196. 197. 196. 198. 146. 147. 146. 146. 148. 148. 147.
  148. 148. 148. 146. 147. 147. 147. 147. 147. 148. 147. 147.]
 [ 39.  62.  80.  97. 103. 107. 113. 121. 117. 118. 128. 130. 129. 132.
  142. 142. 140. 142. 141. 142. 147. 108. 107. 108. 107. 109. 106. 112.
  113. 111. 107. 110. 108. 111. 106. 111. 112. 110. 114. 114.]
 [ 60.  80. 103. 110. 121. 121. 131. 129. 133. 133. 135. 144. 143. 147.
  147. 141. 147. 147. 145. 152. 143. 112. 112. 111. 113. 113. 111. 114.
  114. 113. 113. 110. 112. 112. 113. 116. 113. 109. 112. 114.]]
##############################
[[ 22.  28.  41.  47.  51.  59.  63.  67.  63.  73.  63.  69.  72.  68.
   69.  78.  84.  80.  82.  82.  80.  86.  63.  64.  64.  67.  70.  68.
   67.  68.  67.  68.  72.  68.  67.  71.  68.  69.  71.  68.]
 [140. 178. 193. 194. 192. 197. 196. 196. 197. 198. 197. 197. 196. 196.
  196. 196. 198. 196. 197. 196. 198. 196. 147. 146. 146. 148. 148. 147.
  148. 148. 148. 146. 147. 147. 147. 147. 147. 148. 147. 147.]
 [ 39.  62.  80.  97. 103. 107. 113. 121. 117. 118. 128. 130. 129. 132.
  142. 142. 140. 142. 141. 142. 147. 147. 107. 108. 107. 109. 106. 112.
  113. 111. 107. 110. 108. 111. 106. 111. 112. 110. 114. 114.]
 [ 60.  80. 103. 110. 121. 121. 131. 129. 133. 133. 135. 144. 143. 147.
  147. 141. 147. 147. 145. 152. 143. 150. 112. 111. 113. 113. 111. 114.
  114. 113. 113. 110. 112. 112. 113. 116. 113. 109. 112. 114.]]
##############################
[[ 22.  28.  41.  47.  51.  59.  63.  67.  63.  73.  63.  69.  72.  68.
   69.  78.  84.  80.  82.  82.  80.  86.  83.  64.  64.  67.  70.  68.
   67.  68.  67.  68.  72.  68.  67.  71.  68.  69.  71.  68.]
 [140. 178. 193. 194. 192. 197. 196. 196. 197. 198. 197. 197. 196. 196.
  196. 196. 198. 196. 197. 196. 198. 196. 197. 146. 146. 148. 148. 147.
  148. 148. 148. 146. 147. 147. 147. 147. 147. 148. 147. 147.]
 [ 39.  62.  80.  97. 103. 107. 113. 121. 117. 118. 128. 130. 129. 132.
  142. 142. 140. 142. 141. 142. 147. 147. 144. 108. 107. 109. 106. 112.
  113. 111. 107. 110. 108. 111. 106. 111. 112. 110. 114. 114.]
 [ 60.  80. 103. 110. 121. 121. 131. 129. 133. 133. 135. 144. 143. 147.
  147. 141. 147. 147. 145. 152. 143. 150. 149. 111. 113. 113. 111. 114.
  114. 113. 113. 110. 112. 112. 113. 116. 113. 109. 112. 114.]]
##############################
[[ 22.  28.  41.  47.  51.  59.  63.  67.  63.  73.  63.  69.  72.  68.
   69.  78.  84.  80.  82.  82.  80.  86.  83.  84.  64.  67.  70.  68.
   67.  68.  67.  68.  72.  68.  67.  71.  68.  69.  71.  68.]
 [140. 178. 193. 194. 192. 197. 196. 196. 197. 198. 197. 197. 196. 196.
  196. 196. 198. 196. 197. 196. 198. 196. 197. 196. 146. 148. 148. 147.
  148. 148. 148. 146. 147. 147. 147. 147. 147. 148. 147. 147.]
 [ 39.  62.  80.  97. 103. 107. 113. 121. 117. 118. 128. 130. 129. 132.
  142. 142. 140. 142. 141. 142. 147. 147. 144. 148. 107. 109. 106. 112.
  113. 111. 107. 110. 108. 111. 106. 111. 112. 110. 114. 114.]
 [ 60.  80. 103. 110. 121. 121. 131. 129. 133. 133. 135. 144. 143. 147.
  147. 141. 147. 147. 145. 152. 143. 150. 149. 147. 113. 113. 111. 114.
  114. 113. 113. 110. 112. 112. 113. 116. 113. 109. 112. 114.]]
##############################
[[ 22.  28.  41.  47.  51.  59.  63.  67.  63.  73.  63.  69.  72.  68.
   69.  78.  84.  80.  82.  82.  80.  86.  83.  84.  84.  67.  70.  68.
   67.  68.  67.  68.  72.  68.  67.  71.  68.  69.  71.  68.]
 [140. 178. 193. 194. 192. 197. 196. 196. 197. 198. 197. 197. 196. 196.
  196. 196. 198. 196. 197. 196. 198. 196. 197. 196. 196. 148. 148. 147.
  148. 148. 148. 146. 147. 147. 147. 147. 147. 148. 147. 147.]
 [ 39.  62.  80.  97. 103. 107. 113. 121. 117. 118. 128. 130. 129. 132.
  142. 142. 140. 142. 141. 142. 147. 147. 144. 148. 145. 109. 106. 112.
  113. 111. 107. 110. 108. 111. 106. 111. 112. 110. 114. 114.]
 [ 60.  80. 103. 110. 121. 121. 131. 129. 133. 133. 135. 144. 143. 147.
  147. 141. 147. 147. 145. 152. 143. 150. 149. 147. 146. 113. 111. 114.
  114. 113. 113. 110. 112. 112. 113. 116. 113. 109. 112. 114.]]
##############################
[[ 22.  28.  41.  47.  51.  59.  63.  67.  63.  73.  63.  69.  72.  68.
   69.  78.  84.  80.  82.  82.  80.  86.  83.  84.  84.  88.  70.  68.
   67.  68.  67.  68.  72.  68.  67.  71.  68.  69.  71.  68.]
 [140. 178. 193. 194. 192. 197. 196. 196. 197. 198. 197. 197. 196. 196.
  196. 196. 198. 196. 197. 196. 198. 196. 197. 196. 196. 198. 148. 147.
  148. 148. 148. 146. 147. 147. 147. 147. 147. 148. 147. 147.]
 [ 39.  62.  80.  97. 103. 107. 113. 121. 117. 118. 128. 130. 129. 132.
  142. 142. 140. 142. 141. 142. 147. 147. 144. 148. 145. 148. 106. 112.
  113. 111. 107. 110. 108. 111. 106. 111. 112. 110. 114. 114.]
 [ 60.  80. 103. 110. 121. 121. 131. 129. 133. 133. 135. 144. 143. 147.
  147. 141. 147. 147. 145. 152. 143. 150. 149. 147. 146. 149. 111. 114.
  114. 113. 113. 110. 112. 112. 113. 116. 113. 109. 112. 114.]]
##############################
[[ 22.  28.  41.  47.  51.  59.  63.  67.  63.  73.  63.  69.  72.  68.
   69.  78.  84.  80.  82.  82.  80.  86.  83.  84.  84.  88.  89.  68.
   67.  68.  67.  68.  72.  68.  67.  71.  68.  69.  71.  68.]
 [140. 178. 193. 194. 192. 197. 196. 196. 197. 198. 197. 197. 196. 196.
  196. 196. 198. 196. 197. 196. 198. 196. 197. 196. 196. 198. 198. 147.
  148. 148. 148. 146. 147. 147. 147. 147. 147. 148. 147. 147.]
 [ 39.  62.  80.  97. 103. 107. 113. 121. 117. 118. 128. 130. 129. 132.
  142. 142. 140. 142. 141. 142. 147. 147. 144. 148. 145. 148. 146. 112.
  113. 111. 107. 110. 108. 111. 106. 111. 112. 110. 114. 114.]
 [ 60.  80. 103. 110. 121. 121. 131. 129. 133. 133. 135. 144. 143. 147.
  147. 141. 147. 147. 145. 152. 143. 150. 149. 147. 146. 149. 150. 114.
  114. 113. 113. 110. 112. 112. 113. 116. 113. 109. 112. 114.]]
##############################
[[ 22.  28.  41.  47.  51.  59.  63.  67.  63.  73.  63.  69.  72.  68.
   69.  78.  84.  80.  82.  82.  80.  86.  83.  84.  84.  88.  89.  87.
   67.  68.  67.  68.  72.  68.  67.  71.  68.  69.  71.  68.]
 [140. 178. 193. 194. 192. 197. 196. 196. 197. 198. 197. 197. 196. 196.
  196. 196. 198. 196. 197. 196. 198. 196. 197. 196. 196. 198. 198. 197.
  148. 148. 148. 146. 147. 147. 147. 147. 147. 148. 147. 147.]
 [ 39.  62.  80.  97. 103. 107. 113. 121. 117. 118. 128. 130. 129. 132.
  142. 142. 140. 142. 141. 142. 147. 147. 144. 148. 145. 148. 146. 152.
  113. 111. 107. 110. 108. 111. 106. 111. 112. 110. 114. 114.]
 [ 60.  80. 103. 110. 121. 121. 131. 129. 133. 133. 135. 144. 143. 147.
  147. 141. 147. 147. 145. 152. 143. 150. 149. 147. 146. 149. 150. 154.
  114. 113. 113. 110. 112. 112. 113. 116. 113. 109. 112. 114.]]
##############################
[[ 22.  28.  41.  47.  51.  59.  63.  67.  63.  73.  63.  69.  72.  68.
   69.  78.  84.  80.  82.  82.  80.  86.  83.  84.  84.  88.  89.  87.
   87.  68.  67.  68.  72.  68.  67.  71.  68.  69.  71.  68.]
 [140. 178. 193. 194. 192. 197. 196. 196. 197. 198. 197. 197. 196. 196.
  196. 196. 198. 196. 197. 196. 198. 196. 197. 196. 196. 198. 198. 197.
  198. 148. 148. 146. 147. 147. 147. 147. 147. 148. 147. 147.]
 [ 39.  62.  80.  97. 103. 107. 113. 121. 117. 118. 128. 130. 129. 132.
  142. 142. 140. 142. 141. 142. 147. 147. 144. 148. 145. 148. 146. 152.
  151. 111. 107. 110. 108. 111. 106. 111. 112. 110. 114. 114.]
 [ 60.  80. 103. 110. 121. 121. 131. 129. 133. 133. 135. 144. 143. 147.
  147. 141. 147. 147. 145. 152. 143. 150. 149. 147. 146. 149. 150. 154.
  154. 113. 113. 110. 112. 112. 113. 116. 113. 109. 112. 114.]]
##############################
[[ 22.  28.  41.  47.  51.  59.  63.  67.  63.  73.  63.  69.  72.  68.
   69.  78.  84.  80.  82.  82.  80.  86.  83.  84.  84.  88.  89.  87.
   87.  88.  67.  68.  72.  68.  67.  71.  68.  69.  71.  68.]
 [140. 178. 193. 194. 192. 197. 196. 196. 197. 198. 197. 197. 196. 196.
  196. 196. 198. 196. 197. 196. 198. 196. 197. 196. 196. 198. 198. 197.
  198. 198. 148. 146. 147. 147. 147. 147. 147. 148. 147. 147.]
 [ 39.  62.  80.  97. 103. 107. 113. 121. 117. 118. 128. 130. 129. 132.
  142. 142. 140. 142. 141. 142. 147. 147. 144. 148. 145. 148. 146. 152.
  151. 148. 107. 110. 108. 111. 106. 111. 112. 110. 114. 114.]
 [ 60.  80. 103. 110. 121. 121. 131. 129. 133. 133. 135. 144. 143. 147.
  147. 141. 147. 147. 145. 152. 143. 150. 149. 147. 146. 149. 150. 154.
  154. 150. 113. 110. 112. 112. 113. 116. 113. 109. 112. 114.]]
##############################
[[ 22.  28.  41.  47.  51.  59.  63.  67.  63.  73.  63.  69.  72.  68.
   69.  78.  84.  80.  82.  82.  80.  86.  83.  84.  84.  88.  89.  87.
   87.  88.  86.  68.  72.  68.  67.  71.  68.  69.  71.  68.]
 [140. 178. 193. 194. 192. 197. 196. 196. 197. 198. 197. 197. 196. 196.
  196. 196. 198. 196. 197. 196. 198. 196. 197. 196. 196. 198. 198. 197.
  198. 198. 198. 146. 147. 147. 147. 147. 147. 148. 147. 147.]
 [ 39.  62.  80.  97. 103. 107. 113. 121. 117. 118. 128. 130. 129. 132.
  142. 142. 140. 142. 141. 142. 147. 147. 144. 148. 145. 148. 146. 152.
  151. 148. 145. 110. 108. 111. 106. 111. 112. 110. 114. 114.]
 [ 60.  80. 103. 110. 121. 121. 131. 129. 133. 133. 135. 144. 143. 147.
  147. 141. 147. 147. 145. 152. 143. 150. 149. 147. 146. 149. 150. 154.
  154. 150. 150. 110. 112. 112. 113. 116. 113. 109. 112. 114.]]
##############################
[[ 22.  28.  41.  47.  51.  59.  63.  67.  63.  73.  63.  69.  72.  68.
   69.  78.  84.  80.  82.  82.  80.  86.  83.  84.  84.  88.  89.  87.
   87.  88.  86.  85.  72.  68.  67.  71.  68.  69.  71.  68.]
 [140. 178. 193. 194. 192. 197. 196. 196. 197. 198. 197. 197. 196. 196.
  196. 196. 198. 196. 197. 196. 198. 196. 197. 196. 196. 198. 198. 197.
  198. 198. 198. 196. 147. 147. 147. 147. 147. 148. 147. 147.]
 [ 39.  62.  80.  97. 103. 107. 113. 121. 117. 118. 128. 130. 129. 132.
  142. 142. 140. 142. 141. 142. 147. 147. 144. 148. 145. 148. 146. 152.
  151. 148. 145. 149. 108. 111. 106. 111. 112. 110. 114. 114.]
 [ 60.  80. 103. 110. 121. 121. 131. 129. 133. 133. 135. 144. 143. 147.
  147. 141. 147. 147. 145. 152. 143. 150. 149. 147. 146. 149. 150. 154.
  154. 150. 150. 147. 112. 112. 113. 116. 113. 109. 112. 114.]]
##############################
[[ 22.  28.  41.  47.  51.  59.  63.  67.  63.  73.  63.  69.  72.  68.
   69.  78.  84.  80.  82.  82.  80.  86.  83.  84.  84.  88.  89.  87.
   87.  88.  86.  85.  88.  68.  67.  71.  68.  69.  71.  68.]
 [140. 178. 193. 194. 192. 197. 196. 196. 197. 198. 197. 197. 196. 196.
  196. 196. 198. 196. 197. 196. 198. 196. 197. 196. 196. 198. 198. 197.
  198. 198. 198. 196. 197. 147. 147. 147. 147. 148. 147. 147.]
 [ 39.  62.  80.  97. 103. 107. 113. 121. 117. 118. 128. 130. 129. 132.
  142. 142. 140. 142. 141. 142. 147. 147. 144. 148. 145. 148. 146. 152.
  151. 148. 145. 149. 147. 111. 106. 111. 112. 110. 114. 114.]
 [ 60.  80. 103. 110. 121. 121. 131. 129. 133. 133. 135. 144. 143. 147.
  147. 141. 147. 147. 145. 152. 143. 150. 149. 147. 146. 149. 150. 154.
  154. 150. 150. 147. 151. 112. 113. 116. 113. 109. 112. 114.]]
##############################
[[ 22.  28.  41.  47.  51.  59.  63.  67.  63.  73.  63.  69.  72.  68.
   69.  78.  84.  80.  82.  82.  80.  86.  83.  84.  84.  88.  89.  87.
   87.  88.  86.  85.  88.  86.  67.  71.  68.  69.  71.  68.]
 [140. 178. 193. 194. 192. 197. 196. 196. 197. 198. 197. 197. 196. 196.
  196. 196. 198. 196. 197. 196. 198. 196. 197. 196. 196. 198. 198. 197.
  198. 198. 198. 196. 197. 197. 147. 147. 147. 148. 147. 147.]
 [ 39.  62.  80.  97. 103. 107. 113. 121. 117. 118. 128. 130. 129. 132.
  142. 142. 140. 142. 141. 142. 147. 147. 144. 148. 145. 148. 146. 152.
  151. 148. 145. 149. 147. 149. 106. 111. 112. 110. 114. 114.]
 [ 60.  80. 103. 110. 121. 121. 131. 129. 133. 133. 135. 144. 143. 147.
  147. 141. 147. 147. 145. 152. 143. 150. 149. 147. 146. 149. 150. 154.
  154. 150. 150. 147. 151. 150. 113. 116. 113. 109. 112. 114.]]
##############################
[[ 22.  28.  41.  47.  51.  59.  63.  67.  63.  73.  63.  69.  72.  68.
   69.  78.  84.  80.  82.  82.  80.  86.  83.  84.  84.  88.  89.  87.
   87.  88.  86.  85.  88.  86.  87.  71.  68.  69.  71.  68.]
 [140. 178. 193. 194. 192. 197. 196. 196. 197. 198. 197. 197. 196. 196.
  196. 196. 198. 196. 197. 196. 198. 196. 197. 196. 196. 198. 198. 197.
  198. 198. 198. 196. 197. 197. 197. 147. 147. 148. 147. 147.]
 [ 39.  62.  80.  97. 103. 107. 113. 121. 117. 118. 128. 130. 129. 132.
  142. 142. 140. 142. 141. 142. 147. 147. 144. 148. 145. 148. 146. 152.
  151. 148. 145. 149. 147. 149. 144. 111. 112. 110. 114. 114.]
 [ 60.  80. 103. 110. 121. 121. 131. 129. 133. 133. 135. 144. 143. 147.
  147. 141. 147. 147. 145. 152. 143. 150. 149. 147. 146. 149. 150. 154.
  154. 150. 150. 147. 151. 150. 152. 116. 113. 109. 112. 114.]]
##############################
[[ 22.  28.  41.  47.  51.  59.  63.  67.  63.  73.  63.  69.  72.  68.
   69.  78.  84.  80.  82.  82.  80.  86.  83.  84.  84.  88.  89.  87.
   87.  88.  86.  85.  88.  86.  87.  89.  68.  69.  71.  68.]
 [140. 178. 193. 194. 192. 197. 196. 196. 197. 198. 197. 197. 196. 196.
  196. 196. 198. 196. 197. 196. 198. 196. 197. 196. 196. 198. 198. 197.
  198. 198. 198. 196. 197. 197. 197. 197. 147. 148. 147. 147.]
 [ 39.  62.  80.  97. 103. 107. 113. 121. 117. 118. 128. 130. 129. 132.
  142. 142. 140. 142. 141. 142. 147. 147. 144. 148. 145. 148. 146. 152.
  151. 148. 145. 149. 147. 149. 144. 150. 112. 110. 114. 114.]
 [ 60.  80. 103. 110. 121. 121. 131. 129. 133. 133. 135. 144. 143. 147.
  147. 141. 147. 147. 145. 152. 143. 150. 149. 147. 146. 149. 150. 154.
  154. 150. 150. 147. 151. 150. 152. 155. 113. 109. 112. 114.]]
##############################
[[ 22.  28.  41.  47.  51.  59.  63.  67.  63.  73.  63.  69.  72.  68.
   69.  78.  84.  80.  82.  82.  80.  86.  83.  84.  84.  88.  89.  87.
   87.  88.  86.  85.  88.  86.  87.  89.  88.  69.  71.  68.]
 [140. 178. 193. 194. 192. 197. 196. 196. 197. 198. 197. 197. 196. 196.
  196. 196. 198. 196. 197. 196. 198. 196. 197. 196. 196. 198. 198. 197.
  198. 198. 198. 196. 197. 197. 197. 197. 197. 148. 147. 147.]
 [ 39.  62.  80.  97. 103. 107. 113. 121. 117. 118. 128. 130. 129. 132.
  142. 142. 140. 142. 141. 142. 147. 147. 144. 148. 145. 148. 146. 152.
  151. 148. 145. 149. 147. 149. 144. 150. 152. 110. 114. 114.]
 [ 60.  80. 103. 110. 121. 121. 131. 129. 133. 133. 135. 144. 143. 147.
  147. 141. 147. 147. 145. 152. 143. 150. 149. 147. 146. 149. 150. 154.
  154. 150. 150. 147. 151. 150. 152. 155. 152. 109. 112. 114.]]
##############################
[[ 22.  28.  41.  47.  51.  59.  63.  67.  63.  73.  63.  69.  72.  68.
   69.  78.  84.  80.  82.  82.  80.  86.  83.  84.  84.  88.  89.  87.
   87.  88.  86.  85.  88.  86.  87.  89.  88.  88.  71.  68.]
 [140. 178. 193. 194. 192. 197. 196. 196. 197. 198. 197. 197. 196. 196.
  196. 196. 198. 196. 197. 196. 198. 196. 197. 196. 196. 198. 198. 197.
  198. 198. 198. 196. 197. 197. 197. 197. 197. 198. 147. 147.]
 [ 39.  62.  80.  97. 103. 107. 113. 121. 117. 118. 128. 130. 129. 132.
  142. 142. 140. 142. 141. 142. 147. 147. 144. 148. 145. 148. 146. 152.
  151. 148. 145. 149. 147. 149. 144. 150. 152. 151. 114. 114.]
 [ 60.  80. 103. 110. 121. 121. 131. 129. 133. 133. 135. 144. 143. 147.
  147. 141. 147. 147. 145. 152. 143. 150. 149. 147. 146. 149. 150. 154.
  154. 150. 150. 147. 151. 150. 152. 155. 152. 147. 112. 114.]]
##############################
[[ 22.  28.  41.  47.  51.  59.  63.  67.  63.  73.  63.  69.  72.  68.
   69.  78.  84.  80.  82.  82.  80.  86.  83.  84.  84.  88.  89.  87.
   87.  88.  86.  85.  88.  86.  87.  89.  88.  88.  93.  68.]
 [140. 178. 193. 194. 192. 197. 196. 196. 197. 198. 197. 197. 196. 196.
  196. 196. 198. 196. 197. 196. 198. 196. 197. 196. 196. 198. 198. 197.
  198. 198. 198. 196. 197. 197. 197. 197. 197. 198. 197. 147.]
 [ 39.  62.  80.  97. 103. 107. 113. 121. 117. 118. 128. 130. 129. 132.
  142. 142. 140. 142. 141. 142. 147. 147. 144. 148. 145. 148. 146. 152.
  151. 148. 145. 149. 147. 149. 144. 150. 152. 151. 153. 114.]
 [ 60.  80. 103. 110. 121. 121. 131. 129. 133. 133. 135. 144. 143. 147.
  147. 141. 147. 147. 145. 152. 143. 150. 149. 147. 146. 149. 150. 154.
  154. 150. 150. 147. 151. 150. 152. 155. 152. 147. 152. 114.]]
##############################
[[ 22.  28.  41.  47.  51.  59.  63.  67.  63.  73.  63.  69.  72.  68.
   69.  78.  84.  80.  82.  82.  80.  86.  83.  84.  84.  88.  89.  87.
   87.  88.  86.  85.  88.  86.  87.  89.  88.  88.  93.  88.]
 [140. 178. 193. 194. 192. 197. 196. 196. 197. 198. 197. 197. 196. 196.
  196. 196. 198. 196. 197. 196. 198. 196. 197. 196. 196. 198. 198. 197.
  198. 198. 198. 196. 197. 197. 197. 197. 197. 198. 197. 197.]
 [ 39.  62.  80.  97. 103. 107. 113. 121. 117. 118. 128. 130. 129. 132.
  142. 142. 140. 142. 141. 142. 147. 147. 144. 148. 145. 148. 146. 152.
  151. 148. 145. 149. 147. 149. 144. 150. 152. 151. 153. 155.]
 [ 60.  80. 103. 110. 121. 121. 131. 129. 133. 133. 135. 144. 143. 147.
  147. 141. 147. 147. 145. 152. 143. 150. 149. 147. 146. 149. 150. 154.
  154. 150. 150. 147. 151. 150. 152. 155. 152. 147. 152. 155.]]
##############################
##################################################
##################################################
starting :5 batch
[[ 28.  28.  41.  47.  51.  59.  63.  67.  63.  73.  63.  69.  72.  68.
   69.  78.  84.  80.  82.  82.  80.  86.  83.  84.  84.  88.  89.  87.
   87.  88.  86.  85.  88.  86.  87.  89.  88.  88.  93.  88.]
 [177. 178. 193. 194. 192. 197. 196. 196. 197. 198. 197. 197. 196. 196.
  196. 196. 198. 196. 197. 196. 198. 196. 197. 196. 196. 198. 198. 197.
  198. 198. 198. 196. 197. 197. 197. 197. 197. 198. 197. 197.]
 [ 51.  62.  80.  97. 103. 107. 113. 121. 117. 118. 128. 130. 129. 132.
  142. 142. 140. 142. 141. 142. 147. 147. 144. 148. 145. 148. 146. 152.
  151. 148. 145. 149. 147. 149. 144. 150. 152. 151. 153. 155.]
 [ 78.  80. 103. 110. 121. 121. 131. 129. 133. 133. 135. 144. 143. 147.
  147. 141. 147. 147. 145. 152. 143. 150. 149. 147. 146. 149. 150. 154.
  154. 150. 150. 147. 151. 150. 152. 155. 152. 147. 152. 155.]]
##############################
[[ 28.  35.  41.  47.  51.  59.  63.  67.  63.  73.  63.  69.  72.  68.
   69.  78.  84.  80.  82.  82.  80.  86.  83.  84.  84.  88.  89.  87.
   87.  88.  86.  85.  88.  86.  87.  89.  88.  88.  93.  88.]
 [177. 222. 193. 194. 192. 197. 196. 196. 197. 198. 197. 197. 196. 196.
  196. 196. 198. 196. 197. 196. 198. 196. 197. 196. 196. 198. 198. 197.
  198. 198. 198. 196. 197. 197. 197. 197. 197. 198. 197. 197.]
 [ 51.  79.  80.  97. 103. 107. 113. 121. 117. 118. 128. 130. 129. 132.
  142. 142. 140. 142. 141. 142. 147. 147. 144. 148. 145. 148. 146. 152.
  151. 148. 145. 149. 147. 149. 144. 150. 152. 151. 153. 155.]
 [ 78. 104. 103. 110. 121. 121. 131. 129. 133. 133. 135. 144. 143. 147.
  147. 141. 147. 147. 145. 152. 143. 150. 149. 147. 146. 149. 150. 154.
  154. 150. 150. 147. 151. 150. 152. 155. 152. 147. 152. 155.]]
##############################
[[ 28.  35.  53.  47.  51.  59.  63.  67.  63.  73.  63.  69.  72.  68.
   69.  78.  84.  80.  82.  82.  80.  86.  83.  84.  84.  88.  89.  87.
   87.  88.  86.  85.  88.  86.  87.  89.  88.  88.  93.  88.]
 [177. 222. 240. 194. 192. 197. 196. 196. 197. 198. 197. 197. 196. 196.
  196. 196. 198. 196. 197. 196. 198. 196. 197. 196. 196. 198. 198. 197.
  198. 198. 198. 196. 197. 197. 197. 197. 197. 198. 197. 197.]
 [ 51.  79. 103.  97. 103. 107. 113. 121. 117. 118. 128. 130. 129. 132.
  142. 142. 140. 142. 141. 142. 147. 147. 144. 148. 145. 148. 146. 152.
  151. 148. 145. 149. 147. 149. 144. 150. 152. 151. 153. 155.]
 [ 78. 104. 130. 110. 121. 121. 131. 129. 133. 133. 135. 144. 143. 147.
  147. 141. 147. 147. 145. 152. 143. 150. 149. 147. 146. 149. 150. 154.
  154. 150. 150. 147. 151. 150. 152. 155. 152. 147. 152. 155.]]
##############################
[[ 28.  35.  53.  62.  51.  59.  63.  67.  63.  73.  63.  69.  72.  68.
   69.  78.  84.  80.  82.  82.  80.  86.  83.  84.  84.  88.  89.  87.
   87.  88.  86.  85.  88.  86.  87.  89.  88.  88.  93.  88.]
 [177. 222. 240. 241. 192. 197. 196. 196. 197. 198. 197. 197. 196. 196.
  196. 196. 198. 196. 197. 196. 198. 196. 197. 196. 196. 198. 198. 197.
  198. 198. 198. 196. 197. 197. 197. 197. 197. 198. 197. 197.]
 [ 51.  79. 103. 123. 103. 107. 113. 121. 117. 118. 128. 130. 129. 132.
  142. 142. 140. 142. 141. 142. 147. 147. 144. 148. 145. 148. 146. 152.
  151. 148. 145. 149. 147. 149. 144. 150. 152. 151. 153. 155.]
 [ 78. 104. 130. 140. 121. 121. 131. 129. 133. 133. 135. 144. 143. 147.
  147. 141. 147. 147. 145. 152. 143. 150. 149. 147. 146. 149. 150. 154.
  154. 150. 150. 147. 151. 150. 152. 155. 152. 147. 152. 155.]]
##############################
[[ 28.  35.  53.  62.  66.  59.  63.  67.  63.  73.  63.  69.  72.  68.
   69.  78.  84.  80.  82.  82.  80.  86.  83.  84.  84.  88.  89.  87.
   87.  88.  86.  85.  88.  86.  87.  89.  88.  88.  93.  88.]
 [177. 222. 240. 241. 241. 197. 196. 196. 197. 198. 197. 197. 196. 196.
  196. 196. 198. 196. 197. 196. 198. 196. 197. 196. 196. 198. 198. 197.
  198. 198. 198. 196. 197. 197. 197. 197. 197. 198. 197. 197.]
 [ 51.  79. 103. 123. 128. 107. 113. 121. 117. 118. 128. 130. 129. 132.
  142. 142. 140. 142. 141. 142. 147. 147. 144. 148. 145. 148. 146. 152.
  151. 148. 145. 149. 147. 149. 144. 150. 152. 151. 153. 155.]
 [ 78. 104. 130. 140. 154. 121. 131. 129. 133. 133. 135. 144. 143. 147.
  147. 141. 147. 147. 145. 152. 143. 150. 149. 147. 146. 149. 150. 154.
  154. 150. 150. 147. 151. 150. 152. 155. 152. 147. 152. 155.]]
##############################
[[ 28.  35.  53.  62.  66.  77.  63.  67.  63.  73.  63.  69.  72.  68.
   69.  78.  84.  80.  82.  82.  80.  86.  83.  84.  84.  88.  89.  87.
   87.  88.  86.  85.  88.  86.  87.  89.  88.  88.  93.  88.]
 [177. 222. 240. 241. 241. 245. 196. 196. 197. 198. 197. 197. 196. 196.
  196. 196. 198. 196. 197. 196. 198. 196. 197. 196. 196. 198. 198. 197.
  198. 198. 198. 196. 197. 197. 197. 197. 197. 198. 197. 197.]
 [ 51.  79. 103. 123. 128. 134. 113. 121. 117. 118. 128. 130. 129. 132.
  142. 142. 140. 142. 141. 142. 147. 147. 144. 148. 145. 148. 146. 152.
  151. 148. 145. 149. 147. 149. 144. 150. 152. 151. 153. 155.]
 [ 78. 104. 130. 140. 154. 154. 131. 129. 133. 133. 135. 144. 143. 147.
  147. 141. 147. 147. 145. 152. 143. 150. 149. 147. 146. 149. 150. 154.
  154. 150. 150. 147. 151. 150. 152. 155. 152. 147. 152. 155.]]
##############################
[[ 28.  35.  53.  62.  66.  77.  79.  67.  63.  73.  63.  69.  72.  68.
   69.  78.  84.  80.  82.  82.  80.  86.  83.  84.  84.  88.  89.  87.
   87.  88.  86.  85.  88.  86.  87.  89.  88.  88.  93.  88.]
 [177. 222. 240. 241. 241. 245. 244. 196. 197. 198. 197. 197. 196. 196.
  196. 196. 198. 196. 197. 196. 198. 196. 197. 196. 196. 198. 198. 197.
  198. 198. 198. 196. 197. 197. 197. 197. 197. 198. 197. 197.]
 [ 51.  79. 103. 123. 128. 134. 140. 121. 117. 118. 128. 130. 129. 132.
  142. 142. 140. 142. 141. 142. 147. 147. 144. 148. 145. 148. 146. 152.
  151. 148. 145. 149. 147. 149. 144. 150. 152. 151. 153. 155.]
 [ 78. 104. 130. 140. 154. 154. 166. 129. 133. 133. 135. 144. 143. 147.
  147. 141. 147. 147. 145. 152. 143. 150. 149. 147. 146. 149. 150. 154.
  154. 150. 150. 147. 151. 150. 152. 155. 152. 147. 152. 155.]]
##############################
[[ 28.  35.  53.  62.  66.  77.  79.  84.  63.  73.  63.  69.  72.  68.
   69.  78.  84.  80.  82.  82.  80.  86.  83.  84.  84.  88.  89.  87.
   87.  88.  86.  85.  88.  86.  87.  89.  88.  88.  93.  88.]
 [177. 222. 240. 241. 241. 245. 244. 245. 197. 198. 197. 197. 196. 196.
  196. 196. 198. 196. 197. 196. 198. 196. 197. 196. 196. 198. 198. 197.
  198. 198. 198. 196. 197. 197. 197. 197. 197. 198. 197. 197.]
 [ 51.  79. 103. 123. 128. 134. 140. 152. 117. 118. 128. 130. 129. 132.
  142. 142. 140. 142. 141. 142. 147. 147. 144. 148. 145. 148. 146. 152.
  151. 148. 145. 149. 147. 149. 144. 150. 152. 151. 153. 155.]
 [ 78. 104. 130. 140. 154. 154. 166. 165. 133. 133. 135. 144. 143. 147.
  147. 141. 147. 147. 145. 152. 143. 150. 149. 147. 146. 149. 150. 154.
  154. 150. 150. 147. 151. 150. 152. 155. 152. 147. 152. 155.]]
##############################
[[ 28.  35.  53.  62.  66.  77.  79.  84.  79.  73.  63.  69.  72.  68.
   69.  78.  84.  80.  82.  82.  80.  86.  83.  84.  84.  88.  89.  87.
   87.  88.  86.  85.  88.  86.  87.  89.  88.  88.  93.  88.]
 [177. 222. 240. 241. 241. 245. 244. 245. 246. 198. 197. 197. 196. 196.
  196. 196. 198. 196. 197. 196. 198. 196. 197. 196. 196. 198. 198. 197.
  198. 198. 198. 196. 197. 197. 197. 197. 197. 198. 197. 197.]
 [ 51.  79. 103. 123. 128. 134. 140. 152. 147. 118. 128. 130. 129. 132.
  142. 142. 140. 142. 141. 142. 147. 147. 144. 148. 145. 148. 146. 152.
  151. 148. 145. 149. 147. 149. 144. 150. 152. 151. 153. 155.]
 [ 78. 104. 130. 140. 154. 154. 166. 165. 171. 133. 135. 144. 143. 147.
  147. 141. 147. 147. 145. 152. 143. 150. 149. 147. 146. 149. 150. 154.
  154. 150. 150. 147. 151. 150. 152. 155. 152. 147. 152. 155.]]
##############################
[[ 28.  35.  53.  62.  66.  77.  79.  84.  79.  90.  63.  69.  72.  68.
   69.  78.  84.  80.  82.  82.  80.  86.  83.  84.  84.  88.  89.  87.
   87.  88.  86.  85.  88.  86.  87.  89.  88.  88.  93.  88.]
 [177. 222. 240. 241. 241. 245. 244. 245. 246. 248. 197. 197. 196. 196.
  196. 196. 198. 196. 197. 196. 198. 196. 197. 196. 196. 198. 198. 197.
  198. 198. 198. 196. 197. 197. 197. 197. 197. 198. 197. 197.]
 [ 51.  79. 103. 123. 128. 134. 140. 152. 147. 149. 128. 130. 129. 132.
  142. 142. 140. 142. 141. 142. 147. 147. 144. 148. 145. 148. 146. 152.
  151. 148. 145. 149. 147. 149. 144. 150. 152. 151. 153. 155.]
 [ 78. 104. 130. 140. 154. 154. 166. 165. 171. 168. 135. 144. 143. 147.
  147. 141. 147. 147. 145. 152. 143. 150. 149. 147. 146. 149. 150. 154.
  154. 150. 150. 147. 151. 150. 152. 155. 152. 147. 152. 155.]]
##############################
[[ 28.  35.  53.  62.  66.  77.  79.  84.  79.  90.  81.  69.  72.  68.
   69.  78.  84.  80.  82.  82.  80.  86.  83.  84.  84.  88.  89.  87.
   87.  88.  86.  85.  88.  86.  87.  89.  88.  88.  93.  88.]
 [177. 222. 240. 241. 241. 245. 244. 245. 246. 248. 247. 197. 196. 196.
  196. 196. 198. 196. 197. 196. 198. 196. 197. 196. 196. 198. 198. 197.
  198. 198. 198. 196. 197. 197. 197. 197. 197. 198. 197. 197.]
 [ 51.  79. 103. 123. 128. 134. 140. 152. 147. 149. 157. 130. 129. 132.
  142. 142. 140. 142. 141. 142. 147. 147. 144. 148. 145. 148. 146. 152.
  151. 148. 145. 149. 147. 149. 144. 150. 152. 151. 153. 155.]
 [ 78. 104. 130. 140. 154. 154. 166. 165. 171. 168. 170. 144. 143. 147.
  147. 141. 147. 147. 145. 152. 143. 150. 149. 147. 146. 149. 150. 154.
  154. 150. 150. 147. 151. 150. 152. 155. 152. 147. 152. 155.]]
##############################
[[ 28.  35.  53.  62.  66.  77.  79.  84.  79.  90.  81.  86.  72.  68.
   69.  78.  84.  80.  82.  82.  80.  86.  83.  84.  84.  88.  89.  87.
   87.  88.  86.  85.  88.  86.  87.  89.  88.  88.  93.  88.]
 [177. 222. 240. 241. 241. 245. 244. 245. 246. 248. 247. 246. 196. 196.
  196. 196. 198. 196. 197. 196. 198. 196. 197. 196. 196. 198. 198. 197.
  198. 198. 198. 196. 197. 197. 197. 197. 197. 198. 197. 197.]
 [ 51.  79. 103. 123. 128. 134. 140. 152. 147. 149. 157. 161. 129. 132.
  142. 142. 140. 142. 141. 142. 147. 147. 144. 148. 145. 148. 146. 152.
  151. 148. 145. 149. 147. 149. 144. 150. 152. 151. 153. 155.]
 [ 78. 104. 130. 140. 154. 154. 166. 165. 171. 168. 170. 179. 143. 147.
  147. 141. 147. 147. 145. 152. 143. 150. 149. 147. 146. 149. 150. 154.
  154. 150. 150. 147. 151. 150. 152. 155. 152. 147. 152. 155.]]
##############################
[[ 28.  35.  53.  62.  66.  77.  79.  84.  79.  90.  81.  86.  90.  68.
   69.  78.  84.  80.  82.  82.  80.  86.  83.  84.  84.  88.  89.  87.
   87.  88.  86.  85.  88.  86.  87.  89.  88.  88.  93.  88.]
 [177. 222. 240. 241. 241. 245. 244. 245. 246. 248. 247. 246. 245. 196.
  196. 196. 198. 196. 197. 196. 198. 196. 197. 196. 196. 198. 198. 197.
  198. 198. 198. 196. 197. 197. 197. 197. 197. 198. 197. 197.]
 [ 51.  79. 103. 123. 128. 134. 140. 152. 147. 149. 157. 161. 161. 132.
  142. 142. 140. 142. 141. 142. 147. 147. 144. 148. 145. 148. 146. 152.
  151. 148. 145. 149. 147. 149. 144. 150. 152. 151. 153. 155.]
 [ 78. 104. 130. 140. 154. 154. 166. 165. 171. 168. 170. 179. 178. 147.
  147. 141. 147. 147. 145. 152. 143. 150. 149. 147. 146. 149. 150. 154.
  154. 150. 150. 147. 151. 150. 152. 155. 152. 147. 152. 155.]]
##############################
[[ 28.  35.  53.  62.  66.  77.  79.  84.  79.  90.  81.  86.  90.  85.
   69.  78.  84.  80.  82.  82.  80.  86.  83.  84.  84.  88.  89.  87.
   87.  88.  86.  85.  88.  86.  87.  89.  88.  88.  93.  88.]
 [177. 222. 240. 241. 241. 245. 244. 245. 246. 248. 247. 246. 245. 245.
  196. 196. 198. 196. 197. 196. 198. 196. 197. 196. 196. 198. 198. 197.
  198. 198. 198. 196. 197. 197. 197. 197. 197. 198. 197. 197.]
 [ 51.  79. 103. 123. 128. 134. 140. 152. 147. 149. 157. 161. 161. 166.
  142. 142. 140. 142. 141. 142. 147. 147. 144. 148. 145. 148. 146. 152.
  151. 148. 145. 149. 147. 149. 144. 150. 152. 151. 153. 155.]
 [ 78. 104. 130. 140. 154. 154. 166. 165. 171. 168. 170. 179. 178. 184.
  147. 141. 147. 147. 145. 152. 143. 150. 149. 147. 146. 149. 150. 154.
  154. 150. 150. 147. 151. 150. 152. 155. 152. 147. 152. 155.]]
##############################
[[ 28.  35.  53.  62.  66.  77.  79.  84.  79.  90.  81.  86.  90.  85.
   88.  78.  84.  80.  82.  82.  80.  86.  83.  84.  84.  88.  89.  87.
   87.  88.  86.  85.  88.  86.  87.  89.  88.  88.  93.  88.]
 [177. 222. 240. 241. 241. 245. 244. 245. 246. 248. 247. 246. 245. 245.
  245. 196. 198. 196. 197. 196. 198. 196. 197. 196. 196. 198. 198. 197.
  198. 198. 198. 196. 197. 197. 197. 197. 197. 198. 197. 197.]
 [ 51.  79. 103. 123. 128. 134. 140. 152. 147. 149. 157. 161. 161. 166.
  177. 142. 140. 142. 141. 142. 147. 147. 144. 148. 145. 148. 146. 152.
  151. 148. 145. 149. 147. 149. 144. 150. 152. 151. 153. 155.]
 [ 78. 104. 130. 140. 154. 154. 166. 165. 171. 168. 170. 179. 178. 184.
  185. 141. 147. 147. 145. 152. 143. 150. 149. 147. 146. 149. 150. 154.
  154. 150. 150. 147. 151. 150. 152. 155. 152. 147. 152. 155.]]
##############################
[[ 28.  35.  53.  62.  66.  77.  79.  84.  79.  90.  81.  86.  90.  85.
   88.  96.  84.  80.  82.  82.  80.  86.  83.  84.  84.  88.  89.  87.
   87.  88.  86.  85.  88.  86.  87.  89.  88.  88.  93.  88.]
 [177. 222. 240. 241. 241. 245. 244. 245. 246. 248. 247. 246. 245. 245.
  245. 246. 198. 196. 197. 196. 198. 196. 197. 196. 196. 198. 198. 197.
  198. 198. 198. 196. 197. 197. 197. 197. 197. 198. 197. 197.]
 [ 51.  79. 103. 123. 128. 134. 140. 152. 147. 149. 157. 161. 161. 166.
  177. 175. 140. 142. 141. 142. 147. 147. 144. 148. 145. 148. 146. 152.
  151. 148. 145. 149. 147. 149. 144. 150. 152. 151. 153. 155.]
 [ 78. 104. 130. 140. 154. 154. 166. 165. 171. 168. 170. 179. 178. 184.
  185. 176. 147. 147. 145. 152. 143. 150. 149. 147. 146. 149. 150. 154.
  154. 150. 150. 147. 151. 150. 152. 155. 152. 147. 152. 155.]]
##############################
[[ 28.  35.  53.  62.  66.  77.  79.  84.  79.  90.  81.  86.  90.  85.
   88.  96. 103.  80.  82.  82.  80.  86.  83.  84.  84.  88.  89.  87.
   87.  88.  86.  85.  88.  86.  87.  89.  88.  88.  93.  88.]
 [177. 222. 240. 241. 241. 245. 244. 245. 246. 248. 247. 246. 245. 245.
  245. 246. 248. 196. 197. 196. 198. 196. 197. 196. 196. 198. 198. 197.
  198. 198. 198. 196. 197. 197. 197. 197. 197. 198. 197. 197.]
 [ 51.  79. 103. 123. 128. 134. 140. 152. 147. 149. 157. 161. 161. 166.
  177. 175. 174. 142. 141. 142. 147. 147. 144. 148. 145. 148. 146. 152.
  151. 148. 145. 149. 147. 149. 144. 150. 152. 151. 153. 155.]
 [ 78. 104. 130. 140. 154. 154. 166. 165. 171. 168. 170. 179. 178. 184.
  185. 176. 185. 147. 145. 152. 143. 150. 149. 147. 146. 149. 150. 154.
  154. 150. 150. 147. 151. 150. 152. 155. 152. 147. 152. 155.]]
##############################
[[ 28.  35.  53.  62.  66.  77.  79.  84.  79.  90.  81.  86.  90.  85.
   88.  96. 103.  99.  82.  82.  80.  86.  83.  84.  84.  88.  89.  87.
   87.  88.  86.  85.  88.  86.  87.  89.  88.  88.  93.  88.]
 [177. 222. 240. 241. 241. 245. 244. 245. 246. 248. 247. 246. 245. 245.
  245. 246. 248. 246. 197. 196. 198. 196. 197. 196. 196. 198. 198. 197.
  198. 198. 198. 196. 197. 197. 197. 197. 197. 198. 197. 197.]
 [ 51.  79. 103. 123. 128. 134. 140. 152. 147. 149. 157. 161. 161. 166.
  177. 175. 174. 174. 141. 142. 147. 147. 144. 148. 145. 148. 146. 152.
  151. 148. 145. 149. 147. 149. 144. 150. 152. 151. 153. 155.]
 [ 78. 104. 130. 140. 154. 154. 166. 165. 171. 168. 170. 179. 178. 184.
  185. 176. 185. 183. 145. 152. 143. 150. 149. 147. 146. 149. 150. 154.
  154. 150. 150. 147. 151. 150. 152. 155. 152. 147. 152. 155.]]
##############################
[[ 28.  35.  53.  62.  66.  77.  79.  84.  79.  90.  81.  86.  90.  85.
   88.  96. 103.  99. 102.  82.  80.  86.  83.  84.  84.  88.  89.  87.
   87.  88.  86.  85.  88.  86.  87.  89.  88.  88.  93.  88.]
 [177. 222. 240. 241. 241. 245. 244. 245. 246. 248. 247. 246. 245. 245.
  245. 246. 248. 246. 247. 196. 198. 196. 197. 196. 196. 198. 198. 197.
  198. 198. 198. 196. 197. 197. 197. 197. 197. 198. 197. 197.]
 [ 51.  79. 103. 123. 128. 134. 140. 152. 147. 149. 157. 161. 161. 166.
  177. 175. 174. 174. 173. 142. 147. 147. 144. 148. 145. 148. 146. 152.
  151. 148. 145. 149. 147. 149. 144. 150. 152. 151. 153. 155.]
 [ 78. 104. 130. 140. 154. 154. 166. 165. 171. 168. 170. 179. 178. 184.
  185. 176. 185. 183. 182. 152. 143. 150. 149. 147. 146. 149. 150. 154.
  154. 150. 150. 147. 151. 150. 152. 155. 152. 147. 152. 155.]]
##############################
[[ 28.  35.  53.  62.  66.  77.  79.  84.  79.  90.  81.  86.  90.  85.
   88.  96. 103.  99. 102. 103.  80.  86.  83.  84.  84.  88.  89.  87.
   87.  88.  86.  85.  88.  86.  87.  89.  88.  88.  93.  88.]
 [177. 222. 240. 241. 241. 245. 244. 245. 246. 248. 247. 246. 245. 245.
  245. 246. 248. 246. 247. 246. 198. 196. 197. 196. 196. 198. 198. 197.
  198. 198. 198. 196. 197. 197. 197. 197. 197. 198. 197. 197.]
 [ 51.  79. 103. 123. 128. 134. 140. 152. 147. 149. 157. 161. 161. 166.
  177. 175. 174. 174. 173. 176. 147. 147. 144. 148. 145. 148. 146. 152.
  151. 148. 145. 149. 147. 149. 144. 150. 152. 151. 153. 155.]
 [ 78. 104. 130. 140. 154. 154. 166. 165. 171. 168. 170. 179. 178. 184.
  185. 176. 185. 183. 182. 189. 143. 150. 149. 147. 146. 149. 150. 154.
  154. 150. 150. 147. 151. 150. 152. 155. 152. 147. 152. 155.]]
##############################
[[ 28.  35.  53.  62.  66.  77.  79.  84.  79.  90.  81.  86.  90.  85.
   88.  96. 103.  99. 102. 103. 100.  86.  83.  84.  84.  88.  89.  87.
   87.  88.  86.  85.  88.  86.  87.  89.  88.  88.  93.  88.]
 [177. 222. 240. 241. 241. 245. 244. 245. 246. 248. 247. 246. 245. 245.
  245. 246. 248. 246. 247. 246. 248. 196. 197. 196. 196. 198. 198. 197.
  198. 198. 198. 196. 197. 197. 197. 197. 197. 198. 197. 197.]
 [ 51.  79. 103. 123. 128. 134. 140. 152. 147. 149. 157. 161. 161. 166.
  177. 175. 174. 174. 173. 176. 181. 147. 144. 148. 145. 148. 146. 152.
  151. 148. 145. 149. 147. 149. 144. 150. 152. 151. 153. 155.]
 [ 78. 104. 130. 140. 154. 154. 166. 165. 171. 168. 170. 179. 178. 184.
  185. 176. 185. 183. 182. 189. 182. 150. 149. 147. 146. 149. 150. 154.
  154. 150. 150. 147. 151. 150. 152. 155. 152. 147. 152. 155.]]
##############################
[[ 28.  35.  53.  62.  66.  77.  79.  84.  79.  90.  81.  86.  90.  85.
   88.  96. 103.  99. 102. 103. 100. 105.  83.  84.  84.  88.  89.  87.
   87.  88.  86.  85.  88.  86.  87.  89.  88.  88.  93.  88.]
 [177. 222. 240. 241. 241. 245. 244. 245. 246. 248. 247. 246. 245. 245.
  245. 246. 248. 246. 247. 246. 248. 246. 197. 196. 196. 198. 198. 197.
  198. 198. 198. 196. 197. 197. 197. 197. 197. 198. 197. 197.]
 [ 51.  79. 103. 123. 128. 134. 140. 152. 147. 149. 157. 161. 161. 166.
  177. 175. 174. 174. 173. 176. 181. 181. 144. 148. 145. 148. 146. 152.
  151. 148. 145. 149. 147. 149. 144. 150. 152. 151. 153. 155.]
 [ 78. 104. 130. 140. 154. 154. 166. 165. 171. 168. 170. 179. 178. 184.
  185. 176. 185. 183. 182. 189. 182. 187. 149. 147. 146. 149. 150. 154.
  154. 150. 150. 147. 151. 150. 152. 155. 152. 147. 152. 155.]]
##############################
[[ 28.  35.  53.  62.  66.  77.  79.  84.  79.  90.  81.  86.  90.  85.
   88.  96. 103.  99. 102. 103. 100. 105. 107.  84.  84.  88.  89.  87.
   87.  88.  86.  85.  88.  86.  87.  89.  88.  88.  93.  88.]
 [177. 222. 240. 241. 241. 245. 244. 245. 246. 248. 247. 246. 245. 245.
  245. 246. 248. 246. 247. 246. 248. 246. 247. 196. 196. 198. 198. 197.
  198. 198. 198. 196. 197. 197. 197. 197. 197. 198. 197. 197.]
 [ 51.  79. 103. 123. 128. 134. 140. 152. 147. 149. 157. 161. 161. 166.
  177. 175. 174. 174. 173. 176. 181. 181. 178. 148. 145. 148. 146. 152.
  151. 148. 145. 149. 147. 149. 144. 150. 152. 151. 153. 155.]
 [ 78. 104. 130. 140. 154. 154. 166. 165. 171. 168. 170. 179. 178. 184.
  185. 176. 185. 183. 182. 189. 182. 187. 187. 147. 146. 149. 150. 154.
  154. 150. 150. 147. 151. 150. 152. 155. 152. 147. 152. 155.]]
##############################
[[ 28.  35.  53.  62.  66.  77.  79.  84.  79.  90.  81.  86.  90.  85.
   88.  96. 103.  99. 102. 103. 100. 105. 107. 106.  84.  88.  89.  87.
   87.  88.  86.  85.  88.  86.  87.  89.  88.  88.  93.  88.]
 [177. 222. 240. 241. 241. 245. 244. 245. 246. 248. 247. 246. 245. 245.
  245. 246. 248. 246. 247. 246. 248. 246. 247. 246. 196. 198. 198. 197.
  198. 198. 198. 196. 197. 197. 197. 197. 197. 198. 197. 197.]
 [ 51.  79. 103. 123. 128. 134. 140. 152. 147. 149. 157. 161. 161. 166.
  177. 175. 174. 174. 173. 176. 181. 181. 178. 183. 145. 148. 146. 152.
  151. 148. 145. 149. 147. 149. 144. 150. 152. 151. 153. 155.]
 [ 78. 104. 130. 140. 154. 154. 166. 165. 171. 168. 170. 179. 178. 184.
  185. 176. 185. 183. 182. 189. 182. 187. 187. 185. 146. 149. 150. 154.
  154. 150. 150. 147. 151. 150. 152. 155. 152. 147. 152. 155.]]
##############################
[[ 28.  35.  53.  62.  66.  77.  79.  84.  79.  90.  81.  86.  90.  85.
   88.  96. 103.  99. 102. 103. 100. 105. 107. 106. 105.  88.  89.  87.
   87.  88.  86.  85.  88.  86.  87.  89.  88.  88.  93.  88.]
 [177. 222. 240. 241. 241. 245. 244. 245. 246. 248. 247. 246. 245. 245.
  245. 246. 248. 246. 247. 246. 248. 246. 247. 246. 246. 198. 198. 197.
  198. 198. 198. 196. 197. 197. 197. 197. 197. 198. 197. 197.]
 [ 51.  79. 103. 123. 128. 134. 140. 152. 147. 149. 157. 161. 161. 166.
  177. 175. 174. 174. 173. 176. 181. 181. 178. 183. 179. 148. 146. 152.
  151. 148. 145. 149. 147. 149. 144. 150. 152. 151. 153. 155.]
 [ 78. 104. 130. 140. 154. 154. 166. 165. 171. 168. 170. 179. 178. 184.
  185. 176. 185. 183. 182. 189. 182. 187. 187. 185. 183. 149. 150. 154.
  154. 150. 150. 147. 151. 150. 152. 155. 152. 147. 152. 155.]]
##############################
[[ 28.  35.  53.  62.  66.  77.  79.  84.  79.  90.  81.  86.  90.  85.
   88.  96. 103.  99. 102. 103. 100. 105. 107. 106. 105. 110.  89.  87.
   87.  88.  86.  85.  88.  86.  87.  89.  88.  88.  93.  88.]
 [177. 222. 240. 241. 241. 245. 244. 245. 246. 248. 247. 246. 245. 245.
  245. 246. 248. 246. 247. 246. 248. 246. 247. 246. 246. 248. 198. 197.
  198. 198. 198. 196. 197. 197. 197. 197. 197. 198. 197. 197.]
 [ 51.  79. 103. 123. 128. 134. 140. 152. 147. 149. 157. 161. 161. 166.
  177. 175. 174. 174. 173. 176. 181. 181. 178. 183. 179. 183. 146. 152.
  151. 148. 145. 149. 147. 149. 144. 150. 152. 151. 153. 155.]
 [ 78. 104. 130. 140. 154. 154. 166. 165. 171. 168. 170. 179. 178. 184.
  185. 176. 185. 183. 182. 189. 182. 187. 187. 185. 183. 187. 150. 154.
  154. 150. 150. 147. 151. 150. 152. 155. 152. 147. 152. 155.]]
##############################
[[ 28.  35.  53.  62.  66.  77.  79.  84.  79.  90.  81.  86.  90.  85.
   88.  96. 103.  99. 102. 103. 100. 105. 107. 106. 105. 110. 108.  87.
   87.  88.  86.  85.  88.  86.  87.  89.  88.  88.  93.  88.]
 [177. 222. 240. 241. 241. 245. 244. 245. 246. 248. 247. 246. 245. 245.
  245. 246. 248. 246. 247. 246. 248. 246. 247. 246. 246. 248. 248. 197.
  198. 198. 198. 196. 197. 197. 197. 197. 197. 198. 197. 197.]
 [ 51.  79. 103. 123. 128. 134. 140. 152. 147. 149. 157. 161. 161. 166.
  177. 175. 174. 174. 173. 176. 181. 181. 178. 183. 179. 183. 181. 152.
  151. 148. 145. 149. 147. 149. 144. 150. 152. 151. 153. 155.]
 [ 78. 104. 130. 140. 154. 154. 166. 165. 171. 168. 170. 179. 178. 184.
  185. 176. 185. 183. 182. 189. 182. 187. 187. 185. 183. 187. 189. 154.
  154. 150. 150. 147. 151. 150. 152. 155. 152. 147. 152. 155.]]
##############################
[[ 28.  35.  53.  62.  66.  77.  79.  84.  79.  90.  81.  86.  90.  85.
   88.  96. 103.  99. 102. 103. 100. 105. 107. 106. 105. 110. 108. 108.
   87.  88.  86.  85.  88.  86.  87.  89.  88.  88.  93.  88.]
 [177. 222. 240. 241. 241. 245. 244. 245. 246. 248. 247. 246. 245. 245.
  245. 246. 248. 246. 247. 246. 248. 246. 247. 246. 246. 248. 248. 247.
  198. 198. 198. 196. 197. 197. 197. 197. 197. 198. 197. 197.]
 [ 51.  79. 103. 123. 128. 134. 140. 152. 147. 149. 157. 161. 161. 166.
  177. 175. 174. 174. 173. 176. 181. 181. 178. 183. 179. 183. 181. 188.
  151. 148. 145. 149. 147. 149. 144. 150. 152. 151. 153. 155.]
 [ 78. 104. 130. 140. 154. 154. 166. 165. 171. 168. 170. 179. 178. 184.
  185. 176. 185. 183. 182. 189. 182. 187. 187. 185. 183. 187. 189. 193.
  154. 150. 150. 147. 151. 150. 152. 155. 152. 147. 152. 155.]]
##############################
[[ 28.  35.  53.  62.  66.  77.  79.  84.  79.  90.  81.  86.  90.  85.
   88.  96. 103.  99. 102. 103. 100. 105. 107. 106. 105. 110. 108. 108.
  106.  88.  86.  85.  88.  86.  87.  89.  88.  88.  93.  88.]
 [177. 222. 240. 241. 241. 245. 244. 245. 246. 248. 247. 246. 245. 245.
  245. 246. 248. 246. 247. 246. 248. 246. 247. 246. 246. 248. 248. 247.
  248. 198. 198. 196. 197. 197. 197. 197. 197. 198. 197. 197.]
 [ 51.  79. 103. 123. 128. 134. 140. 152. 147. 149. 157. 161. 161. 166.
  177. 175. 174. 174. 173. 176. 181. 181. 178. 183. 179. 183. 181. 188.
  184. 148. 145. 149. 147. 149. 144. 150. 152. 151. 153. 155.]
 [ 78. 104. 130. 140. 154. 154. 166. 165. 171. 168. 170. 179. 178. 184.
  185. 176. 185. 183. 182. 189. 182. 187. 187. 185. 183. 187. 189. 193.
  192. 150. 150. 147. 151. 150. 152. 155. 152. 147. 152. 155.]]
##############################
[[ 28.  35.  53.  62.  66.  77.  79.  84.  79.  90.  81.  86.  90.  85.
   88.  96. 103.  99. 102. 103. 100. 105. 107. 106. 105. 110. 108. 108.
  106. 110.  86.  85.  88.  86.  87.  89.  88.  88.  93.  88.]
 [177. 222. 240. 241. 241. 245. 244. 245. 246. 248. 247. 246. 245. 245.
  245. 246. 248. 246. 247. 246. 248. 246. 247. 246. 246. 248. 248. 247.
  248. 248. 198. 196. 197. 197. 197. 197. 197. 198. 197. 197.]
 [ 51.  79. 103. 123. 128. 134. 140. 152. 147. 149. 157. 161. 161. 166.
  177. 175. 174. 174. 173. 176. 181. 181. 178. 183. 179. 183. 181. 188.
  184. 180. 145. 149. 147. 149. 144. 150. 152. 151. 153. 155.]
 [ 78. 104. 130. 140. 154. 154. 166. 165. 171. 168. 170. 179. 178. 184.
  185. 176. 185. 183. 182. 189. 182. 187. 187. 185. 183. 187. 189. 193.
  192. 189. 150. 147. 151. 150. 152. 155. 152. 147. 152. 155.]]
##############################
[[ 28.  35.  53.  62.  66.  77.  79.  84.  79.  90.  81.  86.  90.  85.
   88.  96. 103.  99. 102. 103. 100. 105. 107. 106. 105. 110. 108. 108.
  106. 110. 109.  85.  88.  86.  87.  89.  88.  88.  93.  88.]
 [177. 222. 240. 241. 241. 245. 244. 245. 246. 248. 247. 246. 245. 245.
  245. 246. 248. 246. 247. 246. 248. 246. 247. 246. 246. 248. 248. 247.
  248. 248. 248. 196. 197. 197. 197. 197. 197. 198. 197. 197.]
 [ 51.  79. 103. 123. 128. 134. 140. 152. 147. 149. 157. 161. 161. 166.
  177. 175. 174. 174. 173. 176. 181. 181. 178. 183. 179. 183. 181. 188.
  184. 180. 178. 149. 147. 149. 144. 150. 152. 151. 153. 155.]
 [ 78. 104. 130. 140. 154. 154. 166. 165. 171. 168. 170. 179. 178. 184.
  185. 176. 185. 183. 182. 189. 182. 187. 187. 185. 183. 187. 189. 193.
  192. 189. 189. 147. 151. 150. 152. 155. 152. 147. 152. 155.]]
##############################
[[ 28.  35.  53.  62.  66.  77.  79.  84.  79.  90.  81.  86.  90.  85.
   88.  96. 103.  99. 102. 103. 100. 105. 107. 106. 105. 110. 108. 108.
  106. 110. 109. 107.  88.  86.  87.  89.  88.  88.  93.  88.]
 [177. 222. 240. 241. 241. 245. 244. 245. 246. 248. 247. 246. 245. 245.
  245. 246. 248. 246. 247. 246. 248. 246. 247. 246. 246. 248. 248. 247.
  248. 248. 248. 245. 197. 197. 197. 197. 197. 198. 197. 197.]
 [ 51.  79. 103. 123. 128. 134. 140. 152. 147. 149. 157. 161. 161. 166.
  177. 175. 174. 174. 173. 176. 181. 181. 178. 183. 179. 183. 181. 188.
  184. 180. 178. 185. 147. 149. 144. 150. 152. 151. 153. 155.]
 [ 78. 104. 130. 140. 154. 154. 166. 165. 171. 168. 170. 179. 178. 184.
  185. 176. 185. 183. 182. 189. 182. 187. 187. 185. 183. 187. 189. 193.
  192. 189. 189. 186. 151. 150. 152. 155. 152. 147. 152. 155.]]
##############################
[[ 28.  35.  53.  62.  66.  77.  79.  84.  79.  90.  81.  86.  90.  85.
   88.  96. 103.  99. 102. 103. 100. 105. 107. 106. 105. 110. 108. 108.
  106. 110. 109. 107. 111.  86.  87.  89.  88.  88.  93.  88.]
 [177. 222. 240. 241. 241. 245. 244. 245. 246. 248. 247. 246. 245. 245.
  245. 246. 248. 246. 247. 246. 248. 246. 247. 246. 246. 248. 248. 247.
  248. 248. 248. 245. 246. 197. 197. 197. 197. 198. 197. 197.]
 [ 51.  79. 103. 123. 128. 134. 140. 152. 147. 149. 157. 161. 161. 166.
  177. 175. 174. 174. 173. 176. 181. 181. 178. 183. 179. 183. 181. 188.
  184. 180. 178. 185. 182. 149. 144. 150. 152. 151. 153. 155.]
 [ 78. 104. 130. 140. 154. 154. 166. 165. 171. 168. 170. 179. 178. 184.
  185. 176. 185. 183. 182. 189. 182. 187. 187. 185. 183. 187. 189. 193.
  192. 189. 189. 186. 190. 150. 152. 155. 152. 147. 152. 155.]]
##############################
[[ 28.  35.  53.  62.  66.  77.  79.  84.  79.  90.  81.  86.  90.  85.
   88.  96. 103.  99. 102. 103. 100. 105. 107. 106. 105. 110. 108. 108.
  106. 110. 109. 107. 111. 107.  87.  89.  88.  88.  93.  88.]
 [177. 222. 240. 241. 241. 245. 244. 245. 246. 248. 247. 246. 245. 245.
  245. 246. 248. 246. 247. 246. 248. 246. 247. 246. 246. 248. 248. 247.
  248. 248. 248. 245. 246. 246. 197. 197. 197. 198. 197. 197.]
 [ 51.  79. 103. 123. 128. 134. 140. 152. 147. 149. 157. 161. 161. 166.
  177. 175. 174. 174. 173. 176. 181. 181. 178. 183. 179. 183. 181. 188.
  184. 180. 178. 185. 182. 184. 144. 150. 152. 151. 153. 155.]
 [ 78. 104. 130. 140. 154. 154. 166. 165. 171. 168. 170. 179. 178. 184.
  185. 176. 185. 183. 182. 189. 182. 187. 187. 185. 183. 187. 189. 193.
  192. 189. 189. 186. 190. 188. 152. 155. 152. 147. 152. 155.]]
##############################
[[ 28.  35.  53.  62.  66.  77.  79.  84.  79.  90.  81.  86.  90.  85.
   88.  96. 103.  99. 102. 103. 100. 105. 107. 106. 105. 110. 108. 108.
  106. 110. 109. 107. 111. 107. 108.  89.  88.  88.  93.  88.]
 [177. 222. 240. 241. 241. 245. 244. 245. 246. 248. 247. 246. 245. 245.
  245. 246. 248. 246. 247. 246. 248. 246. 247. 246. 246. 248. 248. 247.
  248. 248. 248. 245. 246. 246. 246. 197. 197. 198. 197. 197.]
 [ 51.  79. 103. 123. 128. 134. 140. 152. 147. 149. 157. 161. 161. 166.
  177. 175. 174. 174. 173. 176. 181. 181. 178. 183. 179. 183. 181. 188.
  184. 180. 178. 185. 182. 184. 179. 150. 152. 151. 153. 155.]
 [ 78. 104. 130. 140. 154. 154. 166. 165. 171. 168. 170. 179. 178. 184.
  185. 176. 185. 183. 182. 189. 182. 187. 187. 185. 183. 187. 189. 193.
  192. 189. 189. 186. 190. 188. 189. 155. 152. 147. 152. 155.]]
##############################
[[ 28.  35.  53.  62.  66.  77.  79.  84.  79.  90.  81.  86.  90.  85.
   88.  96. 103.  99. 102. 103. 100. 105. 107. 106. 105. 110. 108. 108.
  106. 110. 109. 107. 111. 107. 108. 111.  88.  88.  93.  88.]
 [177. 222. 240. 241. 241. 245. 244. 245. 246. 248. 247. 246. 245. 245.
  245. 246. 248. 246. 247. 246. 248. 246. 247. 246. 246. 248. 248. 247.
  248. 248. 248. 245. 246. 246. 246. 246. 197. 198. 197. 197.]
 [ 51.  79. 103. 123. 128. 134. 140. 152. 147. 149. 157. 161. 161. 166.
  177. 175. 174. 174. 173. 176. 181. 181. 178. 183. 179. 183. 181. 188.
  184. 180. 178. 185. 182. 184. 179. 185. 152. 151. 153. 155.]
 [ 78. 104. 130. 140. 154. 154. 166. 165. 171. 168. 170. 179. 178. 184.
  185. 176. 185. 183. 182. 189. 182. 187. 187. 185. 183. 187. 189. 193.
  192. 189. 189. 186. 190. 188. 189. 192. 152. 147. 152. 155.]]
##############################
[[ 28.  35.  53.  62.  66.  77.  79.  84.  79.  90.  81.  86.  90.  85.
   88.  96. 103.  99. 102. 103. 100. 105. 107. 106. 105. 110. 108. 108.
  106. 110. 109. 107. 111. 107. 108. 111. 108.  88.  93.  88.]
 [177. 222. 240. 241. 241. 245. 244. 245. 246. 248. 247. 246. 245. 245.
  245. 246. 248. 246. 247. 246. 248. 246. 247. 246. 246. 248. 248. 247.
  248. 248. 248. 245. 246. 246. 246. 246. 246. 198. 197. 197.]
 [ 51.  79. 103. 123. 128. 134. 140. 152. 147. 149. 157. 161. 161. 166.
  177. 175. 174. 174. 173. 176. 181. 181. 178. 183. 179. 183. 181. 188.
  184. 180. 178. 185. 182. 184. 179. 185. 188. 151. 153. 155.]
 [ 78. 104. 130. 140. 154. 154. 166. 165. 171. 168. 170. 179. 178. 184.
  185. 176. 185. 183. 182. 189. 182. 187. 187. 185. 183. 187. 189. 193.
  192. 189. 189. 186. 190. 188. 189. 192. 189. 147. 152. 155.]]
##############################
[[ 28.  35.  53.  62.  66.  77.  79.  84.  79.  90.  81.  86.  90.  85.
   88.  96. 103.  99. 102. 103. 100. 105. 107. 106. 105. 110. 108. 108.
  106. 110. 109. 107. 111. 107. 108. 111. 108. 109.  93.  88.]
 [177. 222. 240. 241. 241. 245. 244. 245. 246. 248. 247. 246. 245. 245.
  245. 246. 248. 246. 247. 246. 248. 246. 247. 246. 246. 248. 248. 247.
  248. 248. 248. 245. 246. 246. 246. 246. 246. 247. 197. 197.]
 [ 51.  79. 103. 123. 128. 134. 140. 152. 147. 149. 157. 161. 161. 166.
  177. 175. 174. 174. 173. 176. 181. 181. 178. 183. 179. 183. 181. 188.
  184. 180. 178. 185. 182. 184. 179. 185. 188. 189. 153. 155.]
 [ 78. 104. 130. 140. 154. 154. 166. 165. 171. 168. 170. 179. 178. 184.
  185. 176. 185. 183. 182. 189. 182. 187. 187. 185. 183. 187. 189. 193.
  192. 189. 189. 186. 190. 188. 189. 192. 189. 184. 152. 155.]]
##############################
[[ 28.  35.  53.  62.  66.  77.  79.  84.  79.  90.  81.  86.  90.  85.
   88.  96. 103.  99. 102. 103. 100. 105. 107. 106. 105. 110. 108. 108.
  106. 110. 109. 107. 111. 107. 108. 111. 108. 109. 116.  88.]
 [177. 222. 240. 241. 241. 245. 244. 245. 246. 248. 247. 246. 245. 245.
  245. 246. 248. 246. 247. 246. 248. 246. 247. 246. 246. 248. 248. 247.
  248. 248. 248. 245. 246. 246. 246. 246. 246. 247. 246. 197.]
 [ 51.  79. 103. 123. 128. 134. 140. 152. 147. 149. 157. 161. 161. 166.
  177. 175. 174. 174. 173. 176. 181. 181. 178. 183. 179. 183. 181. 188.
  184. 180. 178. 185. 182. 184. 179. 185. 188. 189. 188. 155.]
 [ 78. 104. 130. 140. 154. 154. 166. 165. 171. 168. 170. 179. 178. 184.
  185. 176. 185. 183. 182. 189. 182. 187. 187. 185. 183. 187. 189. 193.
  192. 189. 189. 186. 190. 188. 189. 192. 189. 184. 190. 155.]]
##############################
[[ 28.  35.  53.  62.  66.  77.  79.  84.  79.  90.  81.  86.  90.  85.
   88.  96. 103.  99. 102. 103. 100. 105. 107. 106. 105. 110. 108. 108.
  106. 110. 109. 107. 111. 107. 108. 111. 108. 109. 116. 112.]
 [177. 222. 240. 241. 241. 245. 244. 245. 246. 248. 247. 246. 245. 245.
  245. 246. 248. 246. 247. 246. 248. 246. 247. 246. 246. 248. 248. 247.
  248. 248. 248. 245. 246. 246. 246. 246. 246. 247. 246. 246.]
 [ 51.  79. 103. 123. 128. 134. 140. 152. 147. 149. 157. 161. 161. 166.
  177. 175. 174. 174. 173. 176. 181. 181. 178. 183. 179. 183. 181. 188.
  184. 180. 178. 185. 182. 184. 179. 185. 188. 189. 188. 194.]
 [ 78. 104. 130. 140. 154. 154. 166. 165. 171. 168. 170. 179. 178. 184.
  185. 176. 185. 183. 182. 189. 182. 187. 187. 185. 183. 187. 189. 193.
  192. 189. 189. 186. 190. 188. 189. 192. 189. 184. 190. 193.]]
##############################
##################################################
##################################################
starting :6 batch
[[ 34.  35.  53.  62.  66.  77.  79.  84.  79.  90.  81.  86.  90.  85.
   88.  96. 103.  99. 102. 103. 100. 105. 107. 106. 105. 110. 108. 108.
  106. 110. 109. 107. 111. 107. 108. 111. 108. 109. 116. 112.]
 [209. 222. 240. 241. 241. 245. 244. 245. 246. 248. 247. 246. 245. 245.
  245. 246. 248. 246. 247. 246. 248. 246. 247. 246. 246. 248. 248. 247.
  248. 248. 248. 245. 246. 246. 246. 246. 246. 247. 246. 246.]
 [ 59.  79. 103. 123. 128. 134. 140. 152. 147. 149. 157. 161. 161. 166.
  177. 175. 174. 174. 173. 176. 181. 181. 178. 183. 179. 183. 181. 188.
  184. 180. 178. 185. 182. 184. 179. 185. 188. 189. 188. 194.]
 [ 90. 104. 130. 140. 154. 154. 166. 165. 171. 168. 170. 179. 178. 184.
  185. 176. 185. 183. 182. 189. 182. 187. 187. 185. 183. 187. 189. 193.
  192. 189. 189. 186. 190. 188. 189. 192. 189. 184. 190. 193.]]
##############################
[[ 34.  40.  53.  62.  66.  77.  79.  84.  79.  90.  81.  86.  90.  85.
   88.  96. 103.  99. 102. 103. 100. 105. 107. 106. 105. 110. 108. 108.
  106. 110. 109. 107. 111. 107. 108. 111. 108. 109. 116. 112.]
 [209. 266. 240. 241. 241. 245. 244. 245. 246. 248. 247. 246. 245. 245.
  245. 246. 248. 246. 247. 246. 248. 246. 247. 246. 246. 248. 248. 247.
  248. 248. 248. 245. 246. 246. 246. 246. 246. 247. 246. 246.]
 [ 59.  90. 103. 123. 128. 134. 140. 152. 147. 149. 157. 161. 161. 166.
  177. 175. 174. 174. 173. 176. 181. 181. 178. 183. 179. 183. 181. 188.
  184. 180. 178. 185. 182. 184. 179. 185. 188. 189. 188. 194.]
 [ 90. 124. 130. 140. 154. 154. 166. 165. 171. 168. 170. 179. 178. 184.
  185. 176. 185. 183. 182. 189. 182. 187. 187. 185. 183. 187. 189. 193.
  192. 189. 189. 186. 190. 188. 189. 192. 189. 184. 190. 193.]]
##############################
[[ 34.  40.  64.  62.  66.  77.  79.  84.  79.  90.  81.  86.  90.  85.
   88.  96. 103.  99. 102. 103. 100. 105. 107. 106. 105. 110. 108. 108.
  106. 110. 109. 107. 111. 107. 108. 111. 108. 109. 116. 112.]
 [209. 266. 287. 241. 241. 245. 244. 245. 246. 248. 247. 246. 245. 245.
  245. 246. 248. 246. 247. 246. 248. 246. 247. 246. 246. 248. 248. 247.
  248. 248. 248. 245. 246. 246. 246. 246. 246. 247. 246. 246.]
 [ 59.  90. 119. 123. 128. 134. 140. 152. 147. 149. 157. 161. 161. 166.
  177. 175. 174. 174. 173. 176. 181. 181. 178. 183. 179. 183. 181. 188.
  184. 180. 178. 185. 182. 184. 179. 185. 188. 189. 188. 194.]
 [ 90. 124. 152. 140. 154. 154. 166. 165. 171. 168. 170. 179. 178. 184.
  185. 176. 185. 183. 182. 189. 182. 187. 187. 185. 183. 187. 189. 193.
  192. 189. 189. 186. 190. 188. 189. 192. 189. 184. 190. 193.]]
##############################
[[ 34.  40.  64.  76.  66.  77.  79.  84.  79.  90.  81.  86.  90.  85.
   88.  96. 103.  99. 102. 103. 100. 105. 107. 106. 105. 110. 108. 108.
  106. 110. 109. 107. 111. 107. 108. 111. 108. 109. 116. 112.]
 [209. 266. 287. 290. 241. 245. 244. 245. 246. 248. 247. 246. 245. 245.
  245. 246. 248. 246. 247. 246. 248. 246. 247. 246. 246. 248. 248. 247.
  248. 248. 248. 245. 246. 246. 246. 246. 246. 247. 246. 246.]
 [ 59.  90. 119. 140. 128. 134. 140. 152. 147. 149. 157. 161. 161. 166.
  177. 175. 174. 174. 173. 176. 181. 181. 178. 183. 179. 183. 181. 188.
  184. 180. 178. 185. 182. 184. 179. 185. 188. 189. 188. 194.]
 [ 90. 124. 152. 169. 154. 154. 166. 165. 171. 168. 170. 179. 178. 184.
  185. 176. 185. 183. 182. 189. 182. 187. 187. 185. 183. 187. 189. 193.
  192. 189. 189. 186. 190. 188. 189. 192. 189. 184. 190. 193.]]
##############################
[[ 34.  40.  64.  76.  83.  77.  79.  84.  79.  90.  81.  86.  90.  85.
   88.  96. 103.  99. 102. 103. 100. 105. 107. 106. 105. 110. 108. 108.
  106. 110. 109. 107. 111. 107. 108. 111. 108. 109. 116. 112.]
 [209. 266. 287. 290. 289. 245. 244. 245. 246. 248. 247. 246. 245. 245.
  245. 246. 248. 246. 247. 246. 248. 246. 247. 246. 246. 248. 248. 247.
  248. 248. 248. 245. 246. 246. 246. 246. 246. 247. 246. 246.]
 [ 59.  90. 119. 140. 150. 134. 140. 152. 147. 149. 157. 161. 161. 166.
  177. 175. 174. 174. 173. 176. 181. 181. 178. 183. 179. 183. 181. 188.
  184. 180. 178. 185. 182. 184. 179. 185. 188. 189. 188. 194.]
 [ 90. 124. 152. 169. 182. 154. 166. 165. 171. 168. 170. 179. 178. 184.
  185. 176. 185. 183. 182. 189. 182. 187. 187. 185. 183. 187. 189. 193.
  192. 189. 189. 186. 190. 188. 189. 192. 189. 184. 190. 193.]]
##############################
[[ 34.  40.  64.  76.  83.  94.  79.  84.  79.  90.  81.  86.  90.  85.
   88.  96. 103.  99. 102. 103. 100. 105. 107. 106. 105. 110. 108. 108.
  106. 110. 109. 107. 111. 107. 108. 111. 108. 109. 116. 112.]
 [209. 266. 287. 290. 289. 294. 244. 245. 246. 248. 247. 246. 245. 245.
  245. 246. 248. 246. 247. 246. 248. 246. 247. 246. 246. 248. 248. 247.
  248. 248. 248. 245. 246. 246. 246. 246. 246. 247. 246. 246.]
 [ 59.  90. 119. 140. 150. 159. 140. 152. 147. 149. 157. 161. 161. 166.
  177. 175. 174. 174. 173. 176. 181. 181. 178. 183. 179. 183. 181. 188.
  184. 180. 178. 185. 182. 184. 179. 185. 188. 189. 188. 194.]
 [ 90. 124. 152. 169. 182. 186. 166. 165. 171. 168. 170. 179. 178. 184.
  185. 176. 185. 183. 182. 189. 182. 187. 187. 185. 183. 187. 189. 193.
  192. 189. 189. 186. 190. 188. 189. 192. 189. 184. 190. 193.]]
##############################
[[ 34.  40.  64.  76.  83.  94.  99.  84.  79.  90.  81.  86.  90.  85.
   88.  96. 103.  99. 102. 103. 100. 105. 107. 106. 105. 110. 108. 108.
  106. 110. 109. 107. 111. 107. 108. 111. 108. 109. 116. 112.]
 [209. 266. 287. 290. 289. 294. 293. 245. 246. 248. 247. 246. 245. 245.
  245. 246. 248. 246. 247. 246. 248. 246. 247. 246. 246. 248. 248. 247.
  248. 248. 248. 245. 246. 246. 246. 246. 246. 247. 246. 246.]
 [ 59.  90. 119. 140. 150. 159. 171. 152. 147. 149. 157. 161. 161. 166.
  177. 175. 174. 174. 173. 176. 181. 181. 178. 183. 179. 183. 181. 188.
  184. 180. 178. 185. 182. 184. 179. 185. 188. 189. 188. 194.]
 [ 90. 124. 152. 169. 182. 186. 200. 165. 171. 168. 170. 179. 178. 184.
  185. 176. 185. 183. 182. 189. 182. 187. 187. 185. 183. 187. 189. 193.
  192. 189. 189. 186. 190. 188. 189. 192. 189. 184. 190. 193.]]
##############################
[[ 34.  40.  64.  76.  83.  94.  99. 104.  79.  90.  81.  86.  90.  85.
   88.  96. 103.  99. 102. 103. 100. 105. 107. 106. 105. 110. 108. 108.
  106. 110. 109. 107. 111. 107. 108. 111. 108. 109. 116. 112.]
 [209. 266. 287. 290. 289. 294. 293. 294. 246. 248. 247. 246. 245. 245.
  245. 246. 248. 246. 247. 246. 248. 246. 247. 246. 246. 248. 248. 247.
  248. 248. 248. 245. 246. 246. 246. 246. 246. 247. 246. 246.]
 [ 59.  90. 119. 140. 150. 159. 171. 178. 147. 149. 157. 161. 161. 166.
  177. 175. 174. 174. 173. 176. 181. 181. 178. 183. 179. 183. 181. 188.
  184. 180. 178. 185. 182. 184. 179. 185. 188. 189. 188. 194.]
 [ 90. 124. 152. 169. 182. 186. 200. 198. 171. 168. 170. 179. 178. 184.
  185. 176. 185. 183. 182. 189. 182. 187. 187. 185. 183. 187. 189. 193.
  192. 189. 189. 186. 190. 188. 189. 192. 189. 184. 190. 193.]]
##############################
[[ 34.  40.  64.  76.  83.  94.  99. 104. 100.  90.  81.  86.  90.  85.
   88.  96. 103.  99. 102. 103. 100. 105. 107. 106. 105. 110. 108. 108.
  106. 110. 109. 107. 111. 107. 108. 111. 108. 109. 116. 112.]
 [209. 266. 287. 290. 289. 294. 293. 294. 295. 248. 247. 246. 245. 245.
  245. 246. 248. 246. 247. 246. 248. 246. 247. 246. 246. 248. 248. 247.
  248. 248. 248. 245. 246. 246. 246. 246. 246. 247. 246. 246.]
 [ 59.  90. 119. 140. 150. 159. 171. 178. 180. 149. 157. 161. 161. 166.
  177. 175. 174. 174. 173. 176. 181. 181. 178. 183. 179. 183. 181. 188.
  184. 180. 178. 185. 182. 184. 179. 185. 188. 189. 188. 194.]
 [ 90. 124. 152. 169. 182. 186. 200. 198. 202. 168. 170. 179. 178. 184.
  185. 176. 185. 183. 182. 189. 182. 187. 187. 185. 183. 187. 189. 193.
  192. 189. 189. 186. 190. 188. 189. 192. 189. 184. 190. 193.]]
##############################
[[ 34.  40.  64.  76.  83.  94.  99. 104. 100. 112.  81.  86.  90.  85.
   88.  96. 103.  99. 102. 103. 100. 105. 107. 106. 105. 110. 108. 108.
  106. 110. 109. 107. 111. 107. 108. 111. 108. 109. 116. 112.]
 [209. 266. 287. 290. 289. 294. 293. 294. 295. 297. 247. 246. 245. 245.
  245. 246. 248. 246. 247. 246. 248. 246. 247. 246. 246. 248. 248. 247.
  248. 248. 248. 245. 246. 246. 246. 246. 246. 247. 246. 246.]
 [ 59.  90. 119. 140. 150. 159. 171. 178. 180. 181. 157. 161. 161. 166.
  177. 175. 174. 174. 173. 176. 181. 181. 178. 183. 179. 183. 181. 188.
  184. 180. 178. 185. 182. 184. 179. 185. 188. 189. 188. 194.]
 [ 90. 124. 152. 169. 182. 186. 200. 198. 202. 202. 170. 179. 178. 184.
  185. 176. 185. 183. 182. 189. 182. 187. 187. 185. 183. 187. 189. 193.
  192. 189. 189. 186. 190. 188. 189. 192. 189. 184. 190. 193.]]
##############################
[[ 34.  40.  64.  76.  83.  94.  99. 104. 100. 112. 101.  86.  90.  85.
   88.  96. 103.  99. 102. 103. 100. 105. 107. 106. 105. 110. 108. 108.
  106. 110. 109. 107. 111. 107. 108. 111. 108. 109. 116. 112.]
 [209. 266. 287. 290. 289. 294. 293. 294. 295. 297. 296. 246. 245. 245.
  245. 246. 248. 246. 247. 246. 248. 246. 247. 246. 246. 248. 248. 247.
  248. 248. 248. 245. 246. 246. 246. 246. 246. 247. 246. 246.]
 [ 59.  90. 119. 140. 150. 159. 171. 178. 180. 181. 193. 161. 161. 166.
  177. 175. 174. 174. 173. 176. 181. 181. 178. 183. 179. 183. 181. 188.
  184. 180. 178. 185. 182. 184. 179. 185. 188. 189. 188. 194.]
 [ 90. 124. 152. 169. 182. 186. 200. 198. 202. 202. 203. 179. 178. 184.
  185. 176. 185. 183. 182. 189. 182. 187. 187. 185. 183. 187. 189. 193.
  192. 189. 189. 186. 190. 188. 189. 192. 189. 184. 190. 193.]]
##############################
[[ 34.  40.  64.  76.  83.  94.  99. 104. 100. 112. 101. 108.  90.  85.
   88.  96. 103.  99. 102. 103. 100. 105. 107. 106. 105. 110. 108. 108.
  106. 110. 109. 107. 111. 107. 108. 111. 108. 109. 116. 112.]
 [209. 266. 287. 290. 289. 294. 293. 294. 295. 297. 296. 295. 245. 245.
  245. 246. 248. 246. 247. 246. 248. 246. 247. 246. 246. 248. 248. 247.
  248. 248. 248. 245. 246. 246. 246. 246. 246. 247. 246. 246.]
 [ 59.  90. 119. 140. 150. 159. 171. 178. 180. 181. 193. 192. 161. 166.
  177. 175. 174. 174. 173. 176. 181. 181. 178. 183. 179. 183. 181. 188.
  184. 180. 178. 185. 182. 184. 179. 185. 188. 189. 188. 194.]
 [ 90. 124. 152. 169. 182. 186. 200. 198. 202. 202. 203. 213. 178. 184.
  185. 176. 185. 183. 182. 189. 182. 187. 187. 185. 183. 187. 189. 193.
  192. 189. 189. 186. 190. 188. 189. 192. 189. 184. 190. 193.]]
##############################
[[ 34.  40.  64.  76.  83.  94.  99. 104. 100. 112. 101. 108. 112.  85.
   88.  96. 103.  99. 102. 103. 100. 105. 107. 106. 105. 110. 108. 108.
  106. 110. 109. 107. 111. 107. 108. 111. 108. 109. 116. 112.]
 [209. 266. 287. 290. 289. 294. 293. 294. 295. 297. 296. 295. 294. 245.
  245. 246. 248. 246. 247. 246. 248. 246. 247. 246. 246. 248. 248. 247.
  248. 248. 248. 245. 246. 246. 246. 246. 246. 247. 246. 246.]
 [ 59.  90. 119. 140. 150. 159. 171. 178. 180. 181. 193. 192. 195. 166.
  177. 175. 174. 174. 173. 176. 181. 181. 178. 183. 179. 183. 181. 188.
  184. 180. 178. 185. 182. 184. 179. 185. 188. 189. 188. 194.]
 [ 90. 124. 152. 169. 182. 186. 200. 198. 202. 202. 203. 213. 210. 184.
  185. 176. 185. 183. 182. 189. 182. 187. 187. 185. 183. 187. 189. 193.
  192. 189. 189. 186. 190. 188. 189. 192. 189. 184. 190. 193.]]
##############################
[[ 34.  40.  64.  76.  83.  94.  99. 104. 100. 112. 101. 108. 112. 107.
   88.  96. 103.  99. 102. 103. 100. 105. 107. 106. 105. 110. 108. 108.
  106. 110. 109. 107. 111. 107. 108. 111. 108. 109. 116. 112.]
 [209. 266. 287. 290. 289. 294. 293. 294. 295. 297. 296. 295. 294. 294.
  245. 246. 248. 246. 247. 246. 248. 246. 247. 246. 246. 248. 248. 247.
  248. 248. 248. 245. 246. 246. 246. 246. 246. 247. 246. 246.]
 [ 59.  90. 119. 140. 150. 159. 171. 178. 180. 181. 193. 192. 195. 199.
  177. 175. 174. 174. 173. 176. 181. 181. 178. 183. 179. 183. 181. 188.
  184. 180. 178. 185. 182. 184. 179. 185. 188. 189. 188. 194.]
 [ 90. 124. 152. 169. 182. 186. 200. 198. 202. 202. 203. 213. 210. 218.
  185. 176. 185. 183. 182. 189. 182. 187. 187. 185. 183. 187. 189. 193.
  192. 189. 189. 186. 190. 188. 189. 192. 189. 184. 190. 193.]]
##############################
[[ 34.  40.  64.  76.  83.  94.  99. 104. 100. 112. 101. 108. 112. 107.
  111.  96. 103.  99. 102. 103. 100. 105. 107. 106. 105. 110. 108. 108.
  106. 110. 109. 107. 111. 107. 108. 111. 108. 109. 116. 112.]
 [209. 266. 287. 290. 289. 294. 293. 294. 295. 297. 296. 295. 294. 294.
  294. 246. 248. 246. 247. 246. 248. 246. 247. 246. 246. 248. 248. 247.
  248. 248. 248. 245. 246. 246. 246. 246. 246. 247. 246. 246.]
 [ 59.  90. 119. 140. 150. 159. 171. 178. 180. 181. 193. 192. 195. 199.
  214. 175. 174. 174. 173. 176. 181. 181. 178. 183. 179. 183. 181. 188.
  184. 180. 178. 185. 182. 184. 179. 185. 188. 189. 188. 194.]
 [ 90. 124. 152. 169. 182. 186. 200. 198. 202. 202. 203. 213. 210. 218.
  218. 176. 185. 183. 182. 189. 182. 187. 187. 185. 183. 187. 189. 193.
  192. 189. 189. 186. 190. 188. 189. 192. 189. 184. 190. 193.]]
##############################
[[ 34.  40.  64.  76.  83.  94.  99. 104. 100. 112. 101. 108. 112. 107.
  111. 115. 103.  99. 102. 103. 100. 105. 107. 106. 105. 110. 108. 108.
  106. 110. 109. 107. 111. 107. 108. 111. 108. 109. 116. 112.]
 [209. 266. 287. 290. 289. 294. 293. 294. 295. 297. 296. 295. 294. 294.
  294. 295. 248. 246. 247. 246. 248. 246. 247. 246. 246. 248. 248. 247.
  248. 248. 248. 245. 246. 246. 246. 246. 246. 247. 246. 246.]
 [ 59.  90. 119. 140. 150. 159. 171. 178. 180. 181. 193. 192. 195. 199.
  214. 210. 174. 174. 173. 176. 181. 181. 178. 183. 179. 183. 181. 188.
  184. 180. 178. 185. 182. 184. 179. 185. 188. 189. 188. 194.]
 [ 90. 124. 152. 169. 182. 186. 200. 198. 202. 202. 203. 213. 210. 218.
  218. 212. 185. 183. 182. 189. 182. 187. 187. 185. 183. 187. 189. 193.
  192. 189. 189. 186. 190. 188. 189. 192. 189. 184. 190. 193.]]
##############################
[[ 34.  40.  64.  76.  83.  94.  99. 104. 100. 112. 101. 108. 112. 107.
  111. 115. 126.  99. 102. 103. 100. 105. 107. 106. 105. 110. 108. 108.
  106. 110. 109. 107. 111. 107. 108. 111. 108. 109. 116. 112.]
 [209. 266. 287. 290. 289. 294. 293. 294. 295. 297. 296. 295. 294. 294.
  294. 295. 297. 246. 247. 246. 248. 246. 247. 246. 246. 248. 248. 247.
  248. 248. 248. 245. 246. 246. 246. 246. 246. 247. 246. 246.]
 [ 59.  90. 119. 140. 150. 159. 171. 178. 180. 181. 193. 192. 195. 199.
  214. 210. 208. 174. 173. 176. 181. 181. 178. 183. 179. 183. 181. 188.
  184. 180. 178. 185. 182. 184. 179. 185. 188. 189. 188. 194.]
 [ 90. 124. 152. 169. 182. 186. 200. 198. 202. 202. 203. 213. 210. 218.
  218. 212. 220. 183. 182. 189. 182. 187. 187. 185. 183. 187. 189. 193.
  192. 189. 189. 186. 190. 188. 189. 192. 189. 184. 190. 193.]]
##############################
[[ 34.  40.  64.  76.  83.  94.  99. 104. 100. 112. 101. 108. 112. 107.
  111. 115. 126. 123. 102. 103. 100. 105. 107. 106. 105. 110. 108. 108.
  106. 110. 109. 107. 111. 107. 108. 111. 108. 109. 116. 112.]
 [209. 266. 287. 290. 289. 294. 293. 294. 295. 297. 296. 295. 294. 294.
  294. 295. 297. 295. 247. 246. 248. 246. 247. 246. 246. 248. 248. 247.
  248. 248. 248. 245. 246. 246. 246. 246. 246. 247. 246. 246.]
 [ 59.  90. 119. 140. 150. 159. 171. 178. 180. 181. 193. 192. 195. 199.
  214. 210. 208. 209. 173. 176. 181. 181. 178. 183. 179. 183. 181. 188.
  184. 180. 178. 185. 182. 184. 179. 185. 188. 189. 188. 194.]
 [ 90. 124. 152. 169. 182. 186. 200. 198. 202. 202. 203. 213. 210. 218.
  218. 212. 220. 220. 182. 189. 182. 187. 187. 185. 183. 187. 189. 193.
  192. 189. 189. 186. 190. 188. 189. 192. 189. 184. 190. 193.]]
##############################
[[ 34.  40.  64.  76.  83.  94.  99. 104. 100. 112. 101. 108. 112. 107.
  111. 115. 126. 123. 125. 103. 100. 105. 107. 106. 105. 110. 108. 108.
  106. 110. 109. 107. 111. 107. 108. 111. 108. 109. 116. 112.]
 [209. 266. 287. 290. 289. 294. 293. 294. 295. 297. 296. 295. 294. 294.
  294. 295. 297. 295. 296. 246. 248. 246. 247. 246. 246. 248. 248. 247.
  248. 248. 248. 245. 246. 246. 246. 246. 246. 247. 246. 246.]
 [ 59.  90. 119. 140. 150. 159. 171. 178. 180. 181. 193. 192. 195. 199.
  214. 210. 208. 209. 208. 176. 181. 181. 178. 183. 179. 183. 181. 188.
  184. 180. 178. 185. 182. 184. 179. 185. 188. 189. 188. 194.]
 [ 90. 124. 152. 169. 182. 186. 200. 198. 202. 202. 203. 213. 210. 218.
  218. 212. 220. 220. 218. 189. 182. 187. 187. 185. 183. 187. 189. 193.
  192. 189. 189. 186. 190. 188. 189. 192. 189. 184. 190. 193.]]
##############################
[[ 34.  40.  64.  76.  83.  94.  99. 104. 100. 112. 101. 108. 112. 107.
  111. 115. 126. 123. 125. 128. 100. 105. 107. 106. 105. 110. 108. 108.
  106. 110. 109. 107. 111. 107. 108. 111. 108. 109. 116. 112.]
 [209. 266. 287. 290. 289. 294. 293. 294. 295. 297. 296. 295. 294. 294.
  294. 295. 297. 295. 296. 296. 248. 246. 247. 246. 246. 248. 248. 247.
  248. 248. 248. 245. 246. 246. 246. 246. 246. 247. 246. 246.]
 [ 59.  90. 119. 140. 150. 159. 171. 178. 180. 181. 193. 192. 195. 199.
  214. 210. 208. 209. 208. 212. 181. 181. 178. 183. 179. 183. 181. 188.
  184. 180. 178. 185. 182. 184. 179. 185. 188. 189. 188. 194.]
 [ 90. 124. 152. 169. 182. 186. 200. 198. 202. 202. 203. 213. 210. 218.
  218. 212. 220. 220. 218. 225. 182. 187. 187. 185. 183. 187. 189. 193.
  192. 189. 189. 186. 190. 188. 189. 192. 189. 184. 190. 193.]]
##############################
[[ 34.  40.  64.  76.  83.  94.  99. 104. 100. 112. 101. 108. 112. 107.
  111. 115. 126. 123. 125. 128. 122. 105. 107. 106. 105. 110. 108. 108.
  106. 110. 109. 107. 111. 107. 108. 111. 108. 109. 116. 112.]
 [209. 266. 287. 290. 289. 294. 293. 294. 295. 297. 296. 295. 294. 294.
  294. 295. 297. 295. 296. 296. 298. 246. 247. 246. 246. 248. 248. 247.
  248. 248. 248. 245. 246. 246. 246. 246. 246. 247. 246. 246.]
 [ 59.  90. 119. 140. 150. 159. 171. 178. 180. 181. 193. 192. 195. 199.
  214. 210. 208. 209. 208. 212. 216. 181. 178. 183. 179. 183. 181. 188.
  184. 180. 178. 185. 182. 184. 179. 185. 188. 189. 188. 194.]
 [ 90. 124. 152. 169. 182. 186. 200. 198. 202. 202. 203. 213. 210. 218.
  218. 212. 220. 220. 218. 225. 221. 187. 187. 185. 183. 187. 189. 193.
  192. 189. 189. 186. 190. 188. 189. 192. 189. 184. 190. 193.]]
##############################
[[ 34.  40.  64.  76.  83.  94.  99. 104. 100. 112. 101. 108. 112. 107.
  111. 115. 126. 123. 125. 128. 122. 131. 107. 106. 105. 110. 108. 108.
  106. 110. 109. 107. 111. 107. 108. 111. 108. 109. 116. 112.]
 [209. 266. 287. 290. 289. 294. 293. 294. 295. 297. 296. 295. 294. 294.
  294. 295. 297. 295. 296. 296. 298. 296. 247. 246. 246. 248. 248. 247.
  248. 248. 248. 245. 246. 246. 246. 246. 246. 247. 246. 246.]
 [ 59.  90. 119. 140. 150. 159. 171. 178. 180. 181. 193. 192. 195. 199.
  214. 210. 208. 209. 208. 212. 216. 214. 178. 183. 179. 183. 181. 188.
  184. 180. 178. 185. 182. 184. 179. 185. 188. 189. 188. 194.]
 [ 90. 124. 152. 169. 182. 186. 200. 198. 202. 202. 203. 213. 210. 218.
  218. 212. 220. 220. 218. 225. 221. 223. 187. 185. 183. 187. 189. 193.
  192. 189. 189. 186. 190. 188. 189. 192. 189. 184. 190. 193.]]
##############################
[[ 34.  40.  64.  76.  83.  94.  99. 104. 100. 112. 101. 108. 112. 107.
  111. 115. 126. 123. 125. 128. 122. 131. 133. 106. 105. 110. 108. 108.
  106. 110. 109. 107. 111. 107. 108. 111. 108. 109. 116. 112.]
 [209. 266. 287. 290. 289. 294. 293. 294. 295. 297. 296. 295. 294. 294.
  294. 295. 297. 295. 296. 296. 298. 296. 297. 246. 246. 248. 248. 247.
  248. 248. 248. 245. 246. 246. 246. 246. 246. 247. 246. 246.]
 [ 59.  90. 119. 140. 150. 159. 171. 178. 180. 181. 193. 192. 195. 199.
  214. 210. 208. 209. 208. 212. 216. 214. 212. 183. 179. 183. 181. 188.
  184. 180. 178. 185. 182. 184. 179. 185. 188. 189. 188. 194.]
 [ 90. 124. 152. 169. 182. 186. 200. 198. 202. 202. 203. 213. 210. 218.
  218. 212. 220. 220. 218. 225. 221. 223. 224. 185. 183. 187. 189. 193.
  192. 189. 189. 186. 190. 188. 189. 192. 189. 184. 190. 193.]]
##############################
[[ 34.  40.  64.  76.  83.  94.  99. 104. 100. 112. 101. 108. 112. 107.
  111. 115. 126. 123. 125. 128. 122. 131. 133. 134. 105. 110. 108. 108.
  106. 110. 109. 107. 111. 107. 108. 111. 108. 109. 116. 112.]
 [209. 266. 287. 290. 289. 294. 293. 294. 295. 297. 296. 295. 294. 294.
  294. 295. 297. 295. 296. 296. 298. 296. 297. 296. 246. 248. 248. 247.
  248. 248. 248. 245. 246. 246. 246. 246. 246. 247. 246. 246.]
 [ 59.  90. 119. 140. 150. 159. 171. 178. 180. 181. 193. 192. 195. 199.
  214. 210. 208. 209. 208. 212. 216. 214. 212. 221. 179. 183. 181. 188.
  184. 180. 178. 185. 182. 184. 179. 185. 188. 189. 188. 194.]
 [ 90. 124. 152. 169. 182. 186. 200. 198. 202. 202. 203. 213. 210. 218.
  218. 212. 220. 220. 218. 225. 221. 223. 224. 222. 183. 187. 189. 193.
  192. 189. 189. 186. 190. 188. 189. 192. 189. 184. 190. 193.]]
##############################
[[ 34.  40.  64.  76.  83.  94.  99. 104. 100. 112. 101. 108. 112. 107.
  111. 115. 126. 123. 125. 128. 122. 131. 133. 134. 130. 110. 108. 108.
  106. 110. 109. 107. 111. 107. 108. 111. 108. 109. 116. 112.]
 [209. 266. 287. 290. 289. 294. 293. 294. 295. 297. 296. 295. 294. 294.
  294. 295. 297. 295. 296. 296. 298. 296. 297. 296. 296. 248. 248. 247.
  248. 248. 248. 245. 246. 246. 246. 246. 246. 247. 246. 246.]
 [ 59.  90. 119. 140. 150. 159. 171. 178. 180. 181. 193. 192. 195. 199.
  214. 210. 208. 209. 208. 212. 216. 214. 212. 221. 216. 183. 181. 188.
  184. 180. 178. 185. 182. 184. 179. 185. 188. 189. 188. 194.]
 [ 90. 124. 152. 169. 182. 186. 200. 198. 202. 202. 203. 213. 210. 218.
  218. 212. 220. 220. 218. 225. 221. 223. 224. 222. 221. 187. 189. 193.
  192. 189. 189. 186. 190. 188. 189. 192. 189. 184. 190. 193.]]
##############################
[[ 34.  40.  64.  76.  83.  94.  99. 104. 100. 112. 101. 108. 112. 107.
  111. 115. 126. 123. 125. 128. 122. 131. 133. 134. 130. 137. 108. 108.
  106. 110. 109. 107. 111. 107. 108. 111. 108. 109. 116. 112.]
 [209. 266. 287. 290. 289. 294. 293. 294. 295. 297. 296. 295. 294. 294.
  294. 295. 297. 295. 296. 296. 298. 296. 297. 296. 296. 298. 248. 247.
  248. 248. 248. 245. 246. 246. 246. 246. 246. 247. 246. 246.]
 [ 59.  90. 119. 140. 150. 159. 171. 178. 180. 181. 193. 192. 195. 199.
  214. 210. 208. 209. 208. 212. 216. 214. 212. 221. 216. 218. 181. 188.
  184. 180. 178. 185. 182. 184. 179. 185. 188. 189. 188. 194.]
 [ 90. 124. 152. 169. 182. 186. 200. 198. 202. 202. 203. 213. 210. 218.
  218. 212. 220. 220. 218. 225. 221. 223. 224. 222. 221. 225. 189. 193.
  192. 189. 189. 186. 190. 188. 189. 192. 189. 184. 190. 193.]]
##############################
[[ 34.  40.  64.  76.  83.  94.  99. 104. 100. 112. 101. 108. 112. 107.
  111. 115. 126. 123. 125. 128. 122. 131. 133. 134. 130. 137. 133. 108.
  106. 110. 109. 107. 111. 107. 108. 111. 108. 109. 116. 112.]
 [209. 266. 287. 290. 289. 294. 293. 294. 295. 297. 296. 295. 294. 294.
  294. 295. 297. 295. 296. 296. 298. 296. 297. 296. 296. 298. 298. 247.
  248. 248. 248. 245. 246. 246. 246. 246. 246. 247. 246. 246.]
 [ 59.  90. 119. 140. 150. 159. 171. 178. 180. 181. 193. 192. 195. 199.
  214. 210. 208. 209. 208. 212. 216. 214. 212. 221. 216. 218. 218. 188.
  184. 180. 178. 185. 182. 184. 179. 185. 188. 189. 188. 194.]
 [ 90. 124. 152. 169. 182. 186. 200. 198. 202. 202. 203. 213. 210. 218.
  218. 212. 220. 220. 218. 225. 221. 223. 224. 222. 221. 225. 225. 193.
  192. 189. 189. 186. 190. 188. 189. 192. 189. 184. 190. 193.]]
##############################
[[ 34.  40.  64.  76.  83.  94.  99. 104. 100. 112. 101. 108. 112. 107.
  111. 115. 126. 123. 125. 128. 122. 131. 133. 134. 130. 137. 133. 132.
  106. 110. 109. 107. 111. 107. 108. 111. 108. 109. 116. 112.]
 [209. 266. 287. 290. 289. 294. 293. 294. 295. 297. 296. 295. 294. 294.
  294. 295. 297. 295. 296. 296. 298. 296. 297. 296. 296. 298. 298. 297.
  248. 248. 248. 245. 246. 246. 246. 246. 246. 247. 246. 246.]
 [ 59.  90. 119. 140. 150. 159. 171. 178. 180. 181. 193. 192. 195. 199.
  214. 210. 208. 209. 208. 212. 216. 214. 212. 221. 216. 218. 218. 229.
  184. 180. 178. 185. 182. 184. 179. 185. 188. 189. 188. 194.]
 [ 90. 124. 152. 169. 182. 186. 200. 198. 202. 202. 203. 213. 210. 218.
  218. 212. 220. 220. 218. 225. 221. 223. 224. 222. 221. 225. 225. 230.
  192. 189. 189. 186. 190. 188. 189. 192. 189. 184. 190. 193.]]
##############################
[[ 34.  40.  64.  76.  83.  94.  99. 104. 100. 112. 101. 108. 112. 107.
  111. 115. 126. 123. 125. 128. 122. 131. 133. 134. 130. 137. 133. 132.
  133. 110. 109. 107. 111. 107. 108. 111. 108. 109. 116. 112.]
 [209. 266. 287. 290. 289. 294. 293. 294. 295. 297. 296. 295. 294. 294.
  294. 295. 297. 295. 296. 296. 298. 296. 297. 296. 296. 298. 298. 297.
  298. 248. 248. 245. 246. 246. 246. 246. 246. 247. 246. 246.]
 [ 59.  90. 119. 140. 150. 159. 171. 178. 180. 181. 193. 192. 195. 199.
  214. 210. 208. 209. 208. 212. 216. 214. 212. 221. 216. 218. 218. 229.
  222. 180. 178. 185. 182. 184. 179. 185. 188. 189. 188. 194.]
 [ 90. 124. 152. 169. 182. 186. 200. 198. 202. 202. 203. 213. 210. 218.
  218. 212. 220. 220. 218. 225. 221. 223. 224. 222. 221. 225. 225. 230.
  231. 189. 189. 186. 190. 188. 189. 192. 189. 184. 190. 193.]]
##############################
[[ 34.  40.  64.  76.  83.  94.  99. 104. 100. 112. 101. 108. 112. 107.
  111. 115. 126. 123. 125. 128. 122. 131. 133. 134. 130. 137. 133. 132.
  133. 136. 109. 107. 111. 107. 108. 111. 108. 109. 116. 112.]
 [209. 266. 287. 290. 289. 294. 293. 294. 295. 297. 296. 295. 294. 294.
  294. 295. 297. 295. 296. 296. 298. 296. 297. 296. 296. 298. 298. 297.
  298. 298. 248. 245. 246. 246. 246. 246. 246. 247. 246. 246.]
 [ 59.  90. 119. 140. 150. 159. 171. 178. 180. 181. 193. 192. 195. 199.
  214. 210. 208. 209. 208. 212. 216. 214. 212. 221. 216. 218. 218. 229.
  222. 220. 178. 185. 182. 184. 179. 185. 188. 189. 188. 194.]
 [ 90. 124. 152. 169. 182. 186. 200. 198. 202. 202. 203. 213. 210. 218.
  218. 212. 220. 220. 218. 225. 221. 223. 224. 222. 221. 225. 225. 230.
  231. 224. 189. 186. 190. 188. 189. 192. 189. 184. 190. 193.]]
##############################
[[ 34.  40.  64.  76.  83.  94.  99. 104. 100. 112. 101. 108. 112. 107.
  111. 115. 126. 123. 125. 128. 122. 131. 133. 134. 130. 137. 133. 132.
  133. 136. 134. 107. 111. 107. 108. 111. 108. 109. 116. 112.]
 [209. 266. 287. 290. 289. 294. 293. 294. 295. 297. 296. 295. 294. 294.
  294. 295. 297. 295. 296. 296. 298. 296. 297. 296. 296. 298. 298. 297.
  298. 298. 298. 245. 246. 246. 246. 246. 246. 247. 246. 246.]
 [ 59.  90. 119. 140. 150. 159. 171. 178. 180. 181. 193. 192. 195. 199.
  214. 210. 208. 209. 208. 212. 216. 214. 212. 221. 216. 218. 218. 229.
  222. 220. 214. 185. 182. 184. 179. 185. 188. 189. 188. 194.]
 [ 90. 124. 152. 169. 182. 186. 200. 198. 202. 202. 203. 213. 210. 218.
  218. 212. 220. 220. 218. 225. 221. 223. 224. 222. 221. 225. 225. 230.
  231. 224. 227. 186. 190. 188. 189. 192. 189. 184. 190. 193.]]
##############################
[[ 34.  40.  64.  76.  83.  94.  99. 104. 100. 112. 101. 108. 112. 107.
  111. 115. 126. 123. 125. 128. 122. 131. 133. 134. 130. 137. 133. 132.
  133. 136. 134. 132. 111. 107. 108. 111. 108. 109. 116. 112.]
 [209. 266. 287. 290. 289. 294. 293. 294. 295. 297. 296. 295. 294. 294.
  294. 295. 297. 295. 296. 296. 298. 296. 297. 296. 296. 298. 298. 297.
  298. 298. 298. 295. 246. 246. 246. 246. 246. 247. 246. 246.]
 [ 59.  90. 119. 140. 150. 159. 171. 178. 180. 181. 193. 192. 195. 199.
  214. 210. 208. 209. 208. 212. 216. 214. 212. 221. 216. 218. 218. 229.
  222. 220. 214. 223. 182. 184. 179. 185. 188. 189. 188. 194.]
 [ 90. 124. 152. 169. 182. 186. 200. 198. 202. 202. 203. 213. 210. 218.
  218. 212. 220. 220. 218. 225. 221. 223. 224. 222. 221. 225. 225. 230.
  231. 224. 227. 224. 190. 188. 189. 192. 189. 184. 190. 193.]]
##############################
[[ 34.  40.  64.  76.  83.  94.  99. 104. 100. 112. 101. 108. 112. 107.
  111. 115. 126. 123. 125. 128. 122. 131. 133. 134. 130. 137. 133. 132.
  133. 136. 134. 132. 135. 107. 108. 111. 108. 109. 116. 112.]
 [209. 266. 287. 290. 289. 294. 293. 294. 295. 297. 296. 295. 294. 294.
  294. 295. 297. 295. 296. 296. 298. 296. 297. 296. 296. 298. 298. 297.
  298. 298. 298. 295. 296. 246. 246. 246. 246. 247. 246. 246.]
 [ 59.  90. 119. 140. 150. 159. 171. 178. 180. 181. 193. 192. 195. 199.
  214. 210. 208. 209. 208. 212. 216. 214. 212. 221. 216. 218. 218. 229.
  222. 220. 214. 223. 220. 184. 179. 185. 188. 189. 188. 194.]
 [ 90. 124. 152. 169. 182. 186. 200. 198. 202. 202. 203. 213. 210. 218.
  218. 212. 220. 220. 218. 225. 221. 223. 224. 222. 221. 225. 225. 230.
  231. 224. 227. 224. 228. 188. 189. 192. 189. 184. 190. 193.]]
##############################
[[ 34.  40.  64.  76.  83.  94.  99. 104. 100. 112. 101. 108. 112. 107.
  111. 115. 126. 123. 125. 128. 122. 131. 133. 134. 130. 137. 133. 132.
  133. 136. 134. 132. 135. 132. 108. 111. 108. 109. 116. 112.]
 [209. 266. 287. 290. 289. 294. 293. 294. 295. 297. 296. 295. 294. 294.
  294. 295. 297. 295. 296. 296. 298. 296. 297. 296. 296. 298. 298. 297.
  298. 298. 298. 295. 296. 296. 246. 246. 246. 247. 246. 246.]
 [ 59.  90. 119. 140. 150. 159. 171. 178. 180. 181. 193. 192. 195. 199.
  214. 210. 208. 209. 208. 212. 216. 214. 212. 221. 216. 218. 218. 229.
  222. 220. 214. 223. 220. 223. 179. 185. 188. 189. 188. 194.]
 [ 90. 124. 152. 169. 182. 186. 200. 198. 202. 202. 203. 213. 210. 218.
  218. 212. 220. 220. 218. 225. 221. 223. 224. 222. 221. 225. 225. 230.
  231. 224. 227. 224. 228. 224. 189. 192. 189. 184. 190. 193.]]
##############################
[[ 34.  40.  64.  76.  83.  94.  99. 104. 100. 112. 101. 108. 112. 107.
  111. 115. 126. 123. 125. 128. 122. 131. 133. 134. 130. 137. 133. 132.
  133. 136. 134. 132. 135. 132. 136. 111. 108. 109. 116. 112.]
 [209. 266. 287. 290. 289. 294. 293. 294. 295. 297. 296. 295. 294. 294.
  294. 295. 297. 295. 296. 296. 298. 296. 297. 296. 296. 298. 298. 297.
  298. 298. 298. 295. 296. 296. 296. 246. 246. 247. 246. 246.]
 [ 59.  90. 119. 140. 150. 159. 171. 178. 180. 181. 193. 192. 195. 199.
  214. 210. 208. 209. 208. 212. 216. 214. 212. 221. 216. 218. 218. 229.
  222. 220. 214. 223. 220. 223. 219. 185. 188. 189. 188. 194.]
 [ 90. 124. 152. 169. 182. 186. 200. 198. 202. 202. 203. 213. 210. 218.
  218. 212. 220. 220. 218. 225. 221. 223. 224. 222. 221. 225. 225. 230.
  231. 224. 227. 224. 228. 224. 224. 192. 189. 184. 190. 193.]]
##############################
[[ 34.  40.  64.  76.  83.  94.  99. 104. 100. 112. 101. 108. 112. 107.
  111. 115. 126. 123. 125. 128. 122. 131. 133. 134. 130. 137. 133. 132.
  133. 136. 134. 132. 135. 132. 136. 137. 108. 109. 116. 112.]
 [209. 266. 287. 290. 289. 294. 293. 294. 295. 297. 296. 295. 294. 294.
  294. 295. 297. 295. 296. 296. 298. 296. 297. 296. 296. 298. 298. 297.
  298. 298. 298. 295. 296. 296. 296. 296. 246. 247. 246. 246.]
 [ 59.  90. 119. 140. 150. 159. 171. 178. 180. 181. 193. 192. 195. 199.
  214. 210. 208. 209. 208. 212. 216. 214. 212. 221. 216. 218. 218. 229.
  222. 220. 214. 223. 220. 223. 219. 225. 188. 189. 188. 194.]
 [ 90. 124. 152. 169. 182. 186. 200. 198. 202. 202. 203. 213. 210. 218.
  218. 212. 220. 220. 218. 225. 221. 223. 224. 222. 221. 225. 225. 230.
  231. 224. 227. 224. 228. 224. 224. 228. 189. 184. 190. 193.]]
##############################
[[ 34.  40.  64.  76.  83.  94.  99. 104. 100. 112. 101. 108. 112. 107.
  111. 115. 126. 123. 125. 128. 122. 131. 133. 134. 130. 137. 133. 132.
  133. 136. 134. 132. 135. 132. 136. 137. 133. 109. 116. 112.]
 [209. 266. 287. 290. 289. 294. 293. 294. 295. 297. 296. 295. 294. 294.
  294. 295. 297. 295. 296. 296. 298. 296. 297. 296. 296. 298. 298. 297.
  298. 298. 298. 295. 296. 296. 296. 296. 296. 247. 246. 246.]
 [ 59.  90. 119. 140. 150. 159. 171. 178. 180. 181. 193. 192. 195. 199.
  214. 210. 208. 209. 208. 212. 216. 214. 212. 221. 216. 218. 218. 229.
  222. 220. 214. 223. 220. 223. 219. 225. 228. 189. 188. 194.]
 [ 90. 124. 152. 169. 182. 186. 200. 198. 202. 202. 203. 213. 210. 218.
  218. 212. 220. 220. 218. 225. 221. 223. 224. 222. 221. 225. 225. 230.
  231. 224. 227. 224. 228. 224. 224. 228. 226. 184. 190. 193.]]
##############################
[[ 34.  40.  64.  76.  83.  94.  99. 104. 100. 112. 101. 108. 112. 107.
  111. 115. 126. 123. 125. 128. 122. 131. 133. 134. 130. 137. 133. 132.
  133. 136. 134. 132. 135. 132. 136. 137. 133. 136. 116. 112.]
 [209. 266. 287. 290. 289. 294. 293. 294. 295. 297. 296. 295. 294. 294.
  294. 295. 297. 295. 296. 296. 298. 296. 297. 296. 296. 298. 298. 297.
  298. 298. 298. 295. 296. 296. 296. 296. 296. 297. 246. 246.]
 [ 59.  90. 119. 140. 150. 159. 171. 178. 180. 181. 193. 192. 195. 199.
  214. 210. 208. 209. 208. 212. 216. 214. 212. 221. 216. 218. 218. 229.
  222. 220. 214. 223. 220. 223. 219. 225. 228. 228. 188. 194.]
 [ 90. 124. 152. 169. 182. 186. 200. 198. 202. 202. 203. 213. 210. 218.
  218. 212. 220. 220. 218. 225. 221. 223. 224. 222. 221. 225. 225. 230.
  231. 224. 227. 224. 228. 224. 224. 228. 226. 219. 190. 193.]]
##############################
[[ 34.  40.  64.  76.  83.  94.  99. 104. 100. 112. 101. 108. 112. 107.
  111. 115. 126. 123. 125. 128. 122. 131. 133. 134. 130. 137. 133. 132.
  133. 136. 134. 132. 135. 132. 136. 137. 133. 136. 139. 112.]
 [209. 266. 287. 290. 289. 294. 293. 294. 295. 297. 296. 295. 294. 294.
  294. 295. 297. 295. 296. 296. 298. 296. 297. 296. 296. 298. 298. 297.
  298. 298. 298. 295. 296. 296. 296. 296. 296. 297. 296. 246.]
 [ 59.  90. 119. 140. 150. 159. 171. 178. 180. 181. 193. 192. 195. 199.
  214. 210. 208. 209. 208. 212. 216. 214. 212. 221. 216. 218. 218. 229.
  222. 220. 214. 223. 220. 223. 219. 225. 228. 228. 226. 194.]
 [ 90. 124. 152. 169. 182. 186. 200. 198. 202. 202. 203. 213. 210. 218.
  218. 212. 220. 220. 218. 225. 221. 223. 224. 222. 221. 225. 225. 230.
  231. 224. 227. 224. 228. 224. 224. 228. 226. 219. 225. 193.]]
##############################
[[ 34.  40.  64.  76.  83.  94.  99. 104. 100. 112. 101. 108. 112. 107.
  111. 115. 126. 123. 125. 128. 122. 131. 133. 134. 130. 137. 133. 132.
  133. 136. 134. 132. 135. 132. 136. 137. 133. 136. 139. 140.]
 [209. 266. 287. 290. 289. 294. 293. 294. 295. 297. 296. 295. 294. 294.
  294. 295. 297. 295. 296. 296. 298. 296. 297. 296. 296. 298. 298. 297.
  298. 298. 298. 295. 296. 296. 296. 296. 296. 297. 296. 296.]
 [ 59.  90. 119. 140. 150. 159. 171. 178. 180. 181. 193. 192. 195. 199.
  214. 210. 208. 209. 208. 212. 216. 214. 212. 221. 216. 218. 218. 229.
  222. 220. 214. 223. 220. 223. 219. 225. 228. 228. 226. 234.]
 [ 90. 124. 152. 169. 182. 186. 200. 198. 202. 202. 203. 213. 210. 218.
  218. 212. 220. 220. 218. 225. 221. 223. 224. 222. 221. 225. 225. 230.
  231. 224. 227. 224. 228. 224. 224. 228. 226. 219. 225. 230.]]
##############################
##################################################
##################################################
starting :7 batch
[[ 42.  40.  64.  76.  83.  94.  99. 104. 100. 112. 101. 108. 112. 107.
  111. 115. 126. 123. 125. 128. 122. 131. 133. 134. 130. 137. 133. 132.
  133. 136. 134. 132. 135. 132. 136. 137. 133. 136. 139. 140.]
 [243. 266. 287. 290. 289. 294. 293. 294. 295. 297. 296. 295. 294. 294.
  294. 295. 297. 295. 296. 296. 298. 296. 297. 296. 296. 298. 298. 297.
  298. 298. 298. 295. 296. 296. 296. 296. 296. 297. 296. 296.]
 [ 64.  90. 119. 140. 150. 159. 171. 178. 180. 181. 193. 192. 195. 199.
  214. 210. 208. 209. 208. 212. 216. 214. 212. 221. 216. 218. 218. 229.
  222. 220. 214. 223. 220. 223. 219. 225. 228. 228. 226. 234.]
 [108. 124. 152. 169. 182. 186. 200. 198. 202. 202. 203. 213. 210. 218.
  218. 212. 220. 220. 218. 225. 221. 223. 224. 222. 221. 225. 225. 230.
  231. 224. 227. 224. 228. 224. 224. 228. 226. 219. 225. 230.]]
##############################
[[ 42.  50.  64.  76.  83.  94.  99. 104. 100. 112. 101. 108. 112. 107.
  111. 115. 126. 123. 125. 128. 122. 131. 133. 134. 130. 137. 133. 132.
  133. 136. 134. 132. 135. 132. 136. 137. 133. 136. 139. 140.]
 [243. 313. 287. 290. 289. 294. 293. 294. 295. 297. 296. 295. 294. 294.
  294. 295. 297. 295. 296. 296. 298. 296. 297. 296. 296. 298. 298. 297.
  298. 298. 298. 295. 296. 296. 296. 296. 296. 297. 296. 296.]
 [ 64. 101. 119. 140. 150. 159. 171. 178. 180. 181. 193. 192. 195. 199.
  214. 210. 208. 209. 208. 212. 216. 214. 212. 221. 216. 218. 218. 229.
  222. 220. 214. 223. 220. 223. 219. 225. 228. 228. 226. 234.]
 [108. 143. 152. 169. 182. 186. 200. 198. 202. 202. 203. 213. 210. 218.
  218. 212. 220. 220. 218. 225. 221. 223. 224. 222. 221. 225. 225. 230.
  231. 224. 227. 224. 228. 224. 224. 228. 226. 219. 225. 230.]]
##############################
[[ 42.  50.  77.  76.  83.  94.  99. 104. 100. 112. 101. 108. 112. 107.
  111. 115. 126. 123. 125. 128. 122. 131. 133. 134. 130. 137. 133. 132.
  133. 136. 134. 132. 135. 132. 136. 137. 133. 136. 139. 140.]
 [243. 313. 336. 290. 289. 294. 293. 294. 295. 297. 296. 295. 294. 294.
  294. 295. 297. 295. 296. 296. 298. 296. 297. 296. 296. 298. 298. 297.
  298. 298. 298. 295. 296. 296. 296. 296. 296. 297. 296. 296.]
 [ 64. 101. 139. 140. 150. 159. 171. 178. 180. 181. 193. 192. 195. 199.
  214. 210. 208. 209. 208. 212. 216. 214. 212. 221. 216. 218. 218. 229.
  222. 220. 214. 223. 220. 223. 219. 225. 228. 228. 226. 234.]
 [108. 143. 174. 169. 182. 186. 200. 198. 202. 202. 203. 213. 210. 218.
  218. 212. 220. 220. 218. 225. 221. 223. 224. 222. 221. 225. 225. 230.
  231. 224. 227. 224. 228. 224. 224. 228. 226. 219. 225. 230.]]
##############################
[[ 42.  50.  77.  89.  83.  94.  99. 104. 100. 112. 101. 108. 112. 107.
  111. 115. 126. 123. 125. 128. 122. 131. 133. 134. 130. 137. 133. 132.
  133. 136. 134. 132. 135. 132. 136. 137. 133. 136. 139. 140.]
 [243. 313. 336. 338. 289. 294. 293. 294. 295. 297. 296. 295. 294. 294.
  294. 295. 297. 295. 296. 296. 298. 296. 297. 296. 296. 298. 298. 297.
  298. 298. 298. 295. 296. 296. 296. 296. 296. 297. 296. 296.]
 [ 64. 101. 139. 164. 150. 159. 171. 178. 180. 181. 193. 192. 195. 199.
  214. 210. 208. 209. 208. 212. 216. 214. 212. 221. 216. 218. 218. 229.
  222. 220. 214. 223. 220. 223. 219. 225. 228. 228. 226. 234.]
 [108. 143. 174. 196. 182. 186. 200. 198. 202. 202. 203. 213. 210. 218.
  218. 212. 220. 220. 218. 225. 221. 223. 224. 222. 221. 225. 225. 230.
  231. 224. 227. 224. 228. 224. 224. 228. 226. 219. 225. 230.]]
##############################
[[ 42.  50.  77.  89. 100.  94.  99. 104. 100. 112. 101. 108. 112. 107.
  111. 115. 126. 123. 125. 128. 122. 131. 133. 134. 130. 137. 133. 132.
  133. 136. 134. 132. 135. 132. 136. 137. 133. 136. 139. 140.]
 [243. 313. 336. 338. 336. 294. 293. 294. 295. 297. 296. 295. 294. 294.
  294. 295. 297. 295. 296. 296. 298. 296. 297. 296. 296. 298. 298. 297.
  298. 298. 298. 295. 296. 296. 296. 296. 296. 297. 296. 296.]
 [ 64. 101. 139. 164. 176. 159. 171. 178. 180. 181. 193. 192. 195. 199.
  214. 210. 208. 209. 208. 212. 216. 214. 212. 221. 216. 218. 218. 229.
  222. 220. 214. 223. 220. 223. 219. 225. 228. 228. 226. 234.]
 [108. 143. 174. 196. 211. 186. 200. 198. 202. 202. 203. 213. 210. 218.
  218. 212. 220. 220. 218. 225. 221. 223. 224. 222. 221. 225. 225. 230.
  231. 224. 227. 224. 228. 224. 224. 228. 226. 219. 225. 230.]]
##############################
[[ 42.  50.  77.  89. 100. 111.  99. 104. 100. 112. 101. 108. 112. 107.
  111. 115. 126. 123. 125. 128. 122. 131. 133. 134. 130. 137. 133. 132.
  133. 136. 134. 132. 135. 132. 136. 137. 133. 136. 139. 140.]
 [243. 313. 336. 338. 336. 341. 293. 294. 295. 297. 296. 295. 294. 294.
  294. 295. 297. 295. 296. 296. 298. 296. 297. 296. 296. 298. 298. 297.
  298. 298. 298. 295. 296. 296. 296. 296. 296. 297. 296. 296.]
 [ 64. 101. 139. 164. 176. 188. 171. 178. 180. 181. 193. 192. 195. 199.
  214. 210. 208. 209. 208. 212. 216. 214. 212. 221. 216. 218. 218. 229.
  222. 220. 214. 223. 220. 223. 219. 225. 228. 228. 226. 234.]
 [108. 143. 174. 196. 211. 217. 200. 198. 202. 202. 203. 213. 210. 218.
  218. 212. 220. 220. 218. 225. 221. 223. 224. 222. 221. 225. 225. 230.
  231. 224. 227. 224. 228. 224. 224. 228. 226. 219. 225. 230.]]
##############################
[[ 42.  50.  77.  89. 100. 111. 116. 104. 100. 112. 101. 108. 112. 107.
  111. 115. 126. 123. 125. 128. 122. 131. 133. 134. 130. 137. 133. 132.
  133. 136. 134. 132. 135. 132. 136. 137. 133. 136. 139. 140.]
 [243. 313. 336. 338. 336. 341. 342. 294. 295. 297. 296. 295. 294. 294.
  294. 295. 297. 295. 296. 296. 298. 296. 297. 296. 296. 298. 298. 297.
  298. 298. 298. 295. 296. 296. 296. 296. 296. 297. 296. 296.]
 [ 64. 101. 139. 164. 176. 188. 199. 178. 180. 181. 193. 192. 195. 199.
  214. 210. 208. 209. 208. 212. 216. 214. 212. 221. 216. 218. 218. 229.
  222. 220. 214. 223. 220. 223. 219. 225. 228. 228. 226. 234.]
 [108. 143. 174. 196. 211. 217. 231. 198. 202. 202. 203. 213. 210. 218.
  218. 212. 220. 220. 218. 225. 221. 223. 224. 222. 221. 225. 225. 230.
  231. 224. 227. 224. 228. 224. 224. 228. 226. 219. 225. 230.]]
##############################
[[ 42.  50.  77.  89. 100. 111. 116. 120. 100. 112. 101. 108. 112. 107.
  111. 115. 126. 123. 125. 128. 122. 131. 133. 134. 130. 137. 133. 132.
  133. 136. 134. 132. 135. 132. 136. 137. 133. 136. 139. 140.]
 [243. 313. 336. 338. 336. 341. 342. 342. 295. 297. 296. 295. 294. 294.
  294. 295. 297. 295. 296. 296. 298. 296. 297. 296. 296. 298. 298. 297.
  298. 298. 298. 295. 296. 296. 296. 296. 296. 297. 296. 296.]
 [ 64. 101. 139. 164. 176. 188. 199. 211. 180. 181. 193. 192. 195. 199.
  214. 210. 208. 209. 208. 212. 216. 214. 212. 221. 216. 218. 218. 229.
  222. 220. 214. 223. 220. 223. 219. 225. 228. 228. 226. 234.]
 [108. 143. 174. 196. 211. 217. 231. 229. 202. 202. 203. 213. 210. 218.
  218. 212. 220. 220. 218. 225. 221. 223. 224. 222. 221. 225. 225. 230.
  231. 224. 227. 224. 228. 224. 224. 228. 226. 219. 225. 230.]]
##############################
[[ 42.  50.  77.  89. 100. 111. 116. 120. 115. 112. 101. 108. 112. 107.
  111. 115. 126. 123. 125. 128. 122. 131. 133. 134. 130. 137. 133. 132.
  133. 136. 134. 132. 135. 132. 136. 137. 133. 136. 139. 140.]
 [243. 313. 336. 338. 336. 341. 342. 342. 343. 297. 296. 295. 294. 294.
  294. 295. 297. 295. 296. 296. 298. 296. 297. 296. 296. 298. 298. 297.
  298. 298. 298. 295. 296. 296. 296. 296. 296. 297. 296. 296.]
 [ 64. 101. 139. 164. 176. 188. 199. 211. 211. 181. 193. 192. 195. 199.
  214. 210. 208. 209. 208. 212. 216. 214. 212. 221. 216. 218. 218. 229.
  222. 220. 214. 223. 220. 223. 219. 225. 228. 228. 226. 234.]
 [108. 143. 174. 196. 211. 217. 231. 229. 234. 202. 203. 213. 210. 218.
  218. 212. 220. 220. 218. 225. 221. 223. 224. 222. 221. 225. 225. 230.
  231. 224. 227. 224. 228. 224. 224. 228. 226. 219. 225. 230.]]
##############################
[[ 42.  50.  77.  89. 100. 111. 116. 120. 115. 130. 101. 108. 112. 107.
  111. 115. 126. 123. 125. 128. 122. 131. 133. 134. 130. 137. 133. 132.
  133. 136. 134. 132. 135. 132. 136. 137. 133. 136. 139. 140.]
 [243. 313. 336. 338. 336. 341. 342. 342. 343. 345. 296. 295. 294. 294.
  294. 295. 297. 295. 296. 296. 298. 296. 297. 296. 296. 298. 298. 297.
  298. 298. 298. 295. 296. 296. 296. 296. 296. 297. 296. 296.]
 [ 64. 101. 139. 164. 176. 188. 199. 211. 211. 215. 193. 192. 195. 199.
  214. 210. 208. 209. 208. 212. 216. 214. 212. 221. 216. 218. 218. 229.
  222. 220. 214. 223. 220. 223. 219. 225. 228. 228. 226. 234.]
 [108. 143. 174. 196. 211. 217. 231. 229. 234. 237. 203. 213. 210. 218.
  218. 212. 220. 220. 218. 225. 221. 223. 224. 222. 221. 225. 225. 230.
  231. 224. 227. 224. 228. 224. 224. 228. 226. 219. 225. 230.]]
##############################
[[ 42.  50.  77.  89. 100. 111. 116. 120. 115. 130. 117. 108. 112. 107.
  111. 115. 126. 123. 125. 128. 122. 131. 133. 134. 130. 137. 133. 132.
  133. 136. 134. 132. 135. 132. 136. 137. 133. 136. 139. 140.]
 [243. 313. 336. 338. 336. 341. 342. 342. 343. 345. 345. 295. 294. 294.
  294. 295. 297. 295. 296. 296. 298. 296. 297. 296. 296. 298. 298. 297.
  298. 298. 298. 295. 296. 296. 296. 296. 296. 297. 296. 296.]
 [ 64. 101. 139. 164. 176. 188. 199. 211. 211. 215. 227. 192. 195. 199.
  214. 210. 208. 209. 208. 212. 216. 214. 212. 221. 216. 218. 218. 229.
  222. 220. 214. 223. 220. 223. 219. 225. 228. 228. 226. 234.]
 [108. 143. 174. 196. 211. 217. 231. 229. 234. 237. 234. 213. 210. 218.
  218. 212. 220. 220. 218. 225. 221. 223. 224. 222. 221. 225. 225. 230.
  231. 224. 227. 224. 228. 224. 224. 228. 226. 219. 225. 230.]]
##############################
[[ 42.  50.  77.  89. 100. 111. 116. 120. 115. 130. 117. 125. 112. 107.
  111. 115. 126. 123. 125. 128. 122. 131. 133. 134. 130. 137. 133. 132.
  133. 136. 134. 132. 135. 132. 136. 137. 133. 136. 139. 140.]
 [243. 313. 336. 338. 336. 341. 342. 342. 343. 345. 345. 344. 294. 294.
  294. 295. 297. 295. 296. 296. 298. 296. 297. 296. 296. 298. 298. 297.
  298. 298. 298. 295. 296. 296. 296. 296. 296. 297. 296. 296.]
 [ 64. 101. 139. 164. 176. 188. 199. 211. 211. 215. 227. 229. 195. 199.
  214. 210. 208. 209. 208. 212. 216. 214. 212. 221. 216. 218. 218. 229.
  222. 220. 214. 223. 220. 223. 219. 225. 228. 228. 226. 234.]
 [108. 143. 174. 196. 211. 217. 231. 229. 234. 237. 234. 248. 210. 218.
  218. 212. 220. 220. 218. 225. 221. 223. 224. 222. 221. 225. 225. 230.
  231. 224. 227. 224. 228. 224. 224. 228. 226. 219. 225. 230.]]
##############################
[[ 42.  50.  77.  89. 100. 111. 116. 120. 115. 130. 117. 125. 131. 107.
  111. 115. 126. 123. 125. 128. 122. 131. 133. 134. 130. 137. 133. 132.
  133. 136. 134. 132. 135. 132. 136. 137. 133. 136. 139. 140.]
 [243. 313. 336. 338. 336. 341. 342. 342. 343. 345. 345. 344. 343. 294.
  294. 295. 297. 295. 296. 296. 298. 296. 297. 296. 296. 298. 298. 297.
  298. 298. 298. 295. 296. 296. 296. 296. 296. 297. 296. 296.]
 [ 64. 101. 139. 164. 176. 188. 199. 211. 211. 215. 227. 229. 232. 199.
  214. 210. 208. 209. 208. 212. 216. 214. 212. 221. 216. 218. 218. 229.
  222. 220. 214. 223. 220. 223. 219. 225. 228. 228. 226. 234.]
 [108. 143. 174. 196. 211. 217. 231. 229. 234. 237. 234. 248. 243. 218.
  218. 212. 220. 220. 218. 225. 221. 223. 224. 222. 221. 225. 225. 230.
  231. 224. 227. 224. 228. 224. 224. 228. 226. 219. 225. 230.]]
##############################
[[ 42.  50.  77.  89. 100. 111. 116. 120. 115. 130. 117. 125. 131. 127.
  111. 115. 126. 123. 125. 128. 122. 131. 133. 134. 130. 137. 133. 132.
  133. 136. 134. 132. 135. 132. 136. 137. 133. 136. 139. 140.]
 [243. 313. 336. 338. 336. 341. 342. 342. 343. 345. 345. 344. 343. 343.
  294. 295. 297. 295. 296. 296. 298. 296. 297. 296. 296. 298. 298. 297.
  298. 298. 298. 295. 296. 296. 296. 296. 296. 297. 296. 296.]
 [ 64. 101. 139. 164. 176. 188. 199. 211. 211. 215. 227. 229. 232. 235.
  214. 210. 208. 209. 208. 212. 216. 214. 212. 221. 216. 218. 218. 229.
  222. 220. 214. 223. 220. 223. 219. 225. 228. 228. 226. 234.]
 [108. 143. 174. 196. 211. 217. 231. 229. 234. 237. 234. 248. 243. 255.
  218. 212. 220. 220. 218. 225. 221. 223. 224. 222. 221. 225. 225. 230.
  231. 224. 227. 224. 228. 224. 224. 228. 226. 219. 225. 230.]]
##############################
[[ 42.  50.  77.  89. 100. 111. 116. 120. 115. 130. 117. 125. 131. 127.
  132. 115. 126. 123. 125. 128. 122. 131. 133. 134. 130. 137. 133. 132.
  133. 136. 134. 132. 135. 132. 136. 137. 133. 136. 139. 140.]
 [243. 313. 336. 338. 336. 341. 342. 342. 343. 345. 345. 344. 343. 343.
  344. 295. 297. 295. 296. 296. 298. 296. 297. 296. 296. 298. 298. 297.
  298. 298. 298. 295. 296. 296. 296. 296. 296. 297. 296. 296.]
 [ 64. 101. 139. 164. 176. 188. 199. 211. 211. 215. 227. 229. 232. 235.
  251. 210. 208. 209. 208. 212. 216. 214. 212. 221. 216. 218. 218. 229.
  222. 220. 214. 223. 220. 223. 219. 225. 228. 228. 226. 234.]
 [108. 143. 174. 196. 211. 217. 231. 229. 234. 237. 234. 248. 243. 255.
  255. 212. 220. 220. 218. 225. 221. 223. 224. 222. 221. 225. 225. 230.
  231. 224. 227. 224. 228. 224. 224. 228. 226. 219. 225. 230.]]
##############################
[[ 42.  50.  77.  89. 100. 111. 116. 120. 115. 130. 117. 125. 131. 127.
  132. 139. 126. 123. 125. 128. 122. 131. 133. 134. 130. 137. 133. 132.
  133. 136. 134. 132. 135. 132. 136. 137. 133. 136. 139. 140.]
 [243. 313. 336. 338. 336. 341. 342. 342. 343. 345. 345. 344. 343. 343.
  344. 345. 297. 295. 296. 296. 298. 296. 297. 296. 296. 298. 298. 297.
  298. 298. 298. 295. 296. 296. 296. 296. 296. 297. 296. 296.]
 [ 64. 101. 139. 164. 176. 188. 199. 211. 211. 215. 227. 229. 232. 235.
  251. 247. 208. 209. 208. 212. 216. 214. 212. 221. 216. 218. 218. 229.
  222. 220. 214. 223. 220. 223. 219. 225. 228. 228. 226. 234.]
 [108. 143. 174. 196. 211. 217. 231. 229. 234. 237. 234. 248. 243. 255.
  255. 247. 220. 220. 218. 225. 221. 223. 224. 222. 221. 225. 225. 230.
  231. 224. 227. 224. 228. 224. 224. 228. 226. 219. 225. 230.]]
##############################
[[ 42.  50.  77.  89. 100. 111. 116. 120. 115. 130. 117. 125. 131. 127.
  132. 139. 146. 123. 125. 128. 122. 131. 133. 134. 130. 137. 133. 132.
  133. 136. 134. 132. 135. 132. 136. 137. 133. 136. 139. 140.]
 [243. 313. 336. 338. 336. 341. 342. 342. 343. 345. 345. 344. 343. 343.
  344. 345. 347. 295. 296. 296. 298. 296. 297. 296. 296. 298. 298. 297.
  298. 298. 298. 295. 296. 296. 296. 296. 296. 297. 296. 296.]
 [ 64. 101. 139. 164. 176. 188. 199. 211. 211. 215. 227. 229. 232. 235.
  251. 247. 246. 209. 208. 212. 216. 214. 212. 221. 216. 218. 218. 229.
  222. 220. 214. 223. 220. 223. 219. 225. 228. 228. 226. 234.]
 [108. 143. 174. 196. 211. 217. 231. 229. 234. 237. 234. 248. 243. 255.
  255. 247. 255. 220. 218. 225. 221. 223. 224. 222. 221. 225. 225. 230.
  231. 224. 227. 224. 228. 224. 224. 228. 226. 219. 225. 230.]]
##############################
[[ 42.  50.  77.  89. 100. 111. 116. 120. 115. 130. 117. 125. 131. 127.
  132. 139. 146. 142. 125. 128. 122. 131. 133. 134. 130. 137. 133. 132.
  133. 136. 134. 132. 135. 132. 136. 137. 133. 136. 139. 140.]
 [243. 313. 336. 338. 336. 341. 342. 342. 343. 345. 345. 344. 343. 343.
  344. 345. 347. 345. 296. 296. 298. 296. 297. 296. 296. 298. 298. 297.
  298. 298. 298. 295. 296. 296. 296. 296. 296. 297. 296. 296.]
 [ 64. 101. 139. 164. 176. 188. 199. 211. 211. 215. 227. 229. 232. 235.
  251. 247. 246. 246. 208. 212. 216. 214. 212. 221. 216. 218. 218. 229.
  222. 220. 214. 223. 220. 223. 219. 225. 228. 228. 226. 234.]
 [108. 143. 174. 196. 211. 217. 231. 229. 234. 237. 234. 248. 243. 255.
  255. 247. 255. 255. 218. 225. 221. 223. 224. 222. 221. 225. 225. 230.
  231. 224. 227. 224. 228. 224. 224. 228. 226. 219. 225. 230.]]
##############################
[[ 42.  50.  77.  89. 100. 111. 116. 120. 115. 130. 117. 125. 131. 127.
  132. 139. 146. 142. 148. 128. 122. 131. 133. 134. 130. 137. 133. 132.
  133. 136. 134. 132. 135. 132. 136. 137. 133. 136. 139. 140.]
 [243. 313. 336. 338. 336. 341. 342. 342. 343. 345. 345. 344. 343. 343.
  344. 345. 347. 345. 346. 296. 298. 296. 297. 296. 296. 298. 298. 297.
  298. 298. 298. 295. 296. 296. 296. 296. 296. 297. 296. 296.]
 [ 64. 101. 139. 164. 176. 188. 199. 211. 211. 215. 227. 229. 232. 235.
  251. 247. 246. 246. 248. 212. 216. 214. 212. 221. 216. 218. 218. 229.
  222. 220. 214. 223. 220. 223. 219. 225. 228. 228. 226. 234.]
 [108. 143. 174. 196. 211. 217. 231. 229. 234. 237. 234. 248. 243. 255.
  255. 247. 255. 255. 254. 225. 221. 223. 224. 222. 221. 225. 225. 230.
  231. 224. 227. 224. 228. 224. 224. 228. 226. 219. 225. 230.]]
##############################
[[ 42.  50.  77.  89. 100. 111. 116. 120. 115. 130. 117. 125. 131. 127.
  132. 139. 146. 142. 148. 150. 122. 131. 133. 134. 130. 137. 133. 132.
  133. 136. 134. 132. 135. 132. 136. 137. 133. 136. 139. 140.]
 [243. 313. 336. 338. 336. 341. 342. 342. 343. 345. 345. 344. 343. 343.
  344. 345. 347. 345. 346. 346. 298. 296. 297. 296. 296. 298. 298. 297.
  298. 298. 298. 295. 296. 296. 296. 296. 296. 297. 296. 296.]
 [ 64. 101. 139. 164. 176. 188. 199. 211. 211. 215. 227. 229. 232. 235.
  251. 247. 246. 246. 248. 252. 216. 214. 212. 221. 216. 218. 218. 229.
  222. 220. 214. 223. 220. 223. 219. 225. 228. 228. 226. 234.]
 [108. 143. 174. 196. 211. 217. 231. 229. 234. 237. 234. 248. 243. 255.
  255. 247. 255. 255. 254. 261. 221. 223. 224. 222. 221. 225. 225. 230.
  231. 224. 227. 224. 228. 224. 224. 228. 226. 219. 225. 230.]]
##############################
[[ 42.  50.  77.  89. 100. 111. 116. 120. 115. 130. 117. 125. 131. 127.
  132. 139. 146. 142. 148. 150. 144. 131. 133. 134. 130. 137. 133. 132.
  133. 136. 134. 132. 135. 132. 136. 137. 133. 136. 139. 140.]
 [243. 313. 336. 338. 336. 341. 342. 342. 343. 345. 345. 344. 343. 343.
  344. 345. 347. 345. 346. 346. 348. 296. 297. 296. 296. 298. 298. 297.
  298. 298. 298. 295. 296. 296. 296. 296. 296. 297. 296. 296.]
 [ 64. 101. 139. 164. 176. 188. 199. 211. 211. 215. 227. 229. 232. 235.
  251. 247. 246. 246. 248. 252. 254. 214. 212. 221. 216. 218. 218. 229.
  222. 220. 214. 223. 220. 223. 219. 225. 228. 228. 226. 234.]
 [108. 143. 174. 196. 211. 217. 231. 229. 234. 237. 234. 248. 243. 255.
  255. 247. 255. 255. 254. 261. 258. 223. 224. 222. 221. 225. 225. 230.
  231. 224. 227. 224. 228. 224. 224. 228. 226. 219. 225. 230.]]
##############################
[[ 42.  50.  77.  89. 100. 111. 116. 120. 115. 130. 117. 125. 131. 127.
  132. 139. 146. 142. 148. 150. 144. 152. 133. 134. 130. 137. 133. 132.
  133. 136. 134. 132. 135. 132. 136. 137. 133. 136. 139. 140.]
 [243. 313. 336. 338. 336. 341. 342. 342. 343. 345. 345. 344. 343. 343.
  344. 345. 347. 345. 346. 346. 348. 346. 297. 296. 296. 298. 298. 297.
  298. 298. 298. 295. 296. 296. 296. 296. 296. 297. 296. 296.]
 [ 64. 101. 139. 164. 176. 188. 199. 211. 211. 215. 227. 229. 232. 235.
  251. 247. 246. 246. 248. 252. 254. 252. 212. 221. 216. 218. 218. 229.
  222. 220. 214. 223. 220. 223. 219. 225. 228. 228. 226. 234.]
 [108. 143. 174. 196. 211. 217. 231. 229. 234. 237. 234. 248. 243. 255.
  255. 247. 255. 255. 254. 261. 258. 258. 224. 222. 221. 225. 225. 230.
  231. 224. 227. 224. 228. 224. 224. 228. 226. 219. 225. 230.]]
##############################
[[ 42.  50.  77.  89. 100. 111. 116. 120. 115. 130. 117. 125. 131. 127.
  132. 139. 146. 142. 148. 150. 144. 152. 154. 134. 130. 137. 133. 132.
  133. 136. 134. 132. 135. 132. 136. 137. 133. 136. 139. 140.]
 [243. 313. 336. 338. 336. 341. 342. 342. 343. 345. 345. 344. 343. 343.
  344. 345. 347. 345. 346. 346. 348. 346. 347. 296. 296. 298. 298. 297.
  298. 298. 298. 295. 296. 296. 296. 296. 296. 297. 296. 296.]
 [ 64. 101. 139. 164. 176. 188. 199. 211. 211. 215. 227. 229. 232. 235.
  251. 247. 246. 246. 248. 252. 254. 252. 252. 221. 216. 218. 218. 229.
  222. 220. 214. 223. 220. 223. 219. 225. 228. 228. 226. 234.]
 [108. 143. 174. 196. 211. 217. 231. 229. 234. 237. 234. 248. 243. 255.
  255. 247. 255. 255. 254. 261. 258. 258. 258. 222. 221. 225. 225. 230.
  231. 224. 227. 224. 228. 224. 224. 228. 226. 219. 225. 230.]]
##############################
[[ 42.  50.  77.  89. 100. 111. 116. 120. 115. 130. 117. 125. 131. 127.
  132. 139. 146. 142. 148. 150. 144. 152. 154. 155. 130. 137. 133. 132.
  133. 136. 134. 132. 135. 132. 136. 137. 133. 136. 139. 140.]
 [243. 313. 336. 338. 336. 341. 342. 342. 343. 345. 345. 344. 343. 343.
  344. 345. 347. 345. 346. 346. 348. 346. 347. 346. 296. 298. 298. 297.
  298. 298. 298. 295. 296. 296. 296. 296. 296. 297. 296. 296.]
 [ 64. 101. 139. 164. 176. 188. 199. 211. 211. 215. 227. 229. 232. 235.
  251. 247. 246. 246. 248. 252. 254. 252. 252. 260. 216. 218. 218. 229.
  222. 220. 214. 223. 220. 223. 219. 225. 228. 228. 226. 234.]
 [108. 143. 174. 196. 211. 217. 231. 229. 234. 237. 234. 248. 243. 255.
  255. 247. 255. 255. 254. 261. 258. 258. 258. 259. 221. 225. 225. 230.
  231. 224. 227. 224. 228. 224. 224. 228. 226. 219. 225. 230.]]
##############################
[[ 42.  50.  77.  89. 100. 111. 116. 120. 115. 130. 117. 125. 131. 127.
  132. 139. 146. 142. 148. 150. 144. 152. 154. 155. 151. 137. 133. 132.
  133. 136. 134. 132. 135. 132. 136. 137. 133. 136. 139. 140.]
 [243. 313. 336. 338. 336. 341. 342. 342. 343. 345. 345. 344. 343. 343.
  344. 345. 347. 345. 346. 346. 348. 346. 347. 346. 345. 298. 298. 297.
  298. 298. 298. 295. 296. 296. 296. 296. 296. 297. 296. 296.]
 [ 64. 101. 139. 164. 176. 188. 199. 211. 211. 215. 227. 229. 232. 235.
  251. 247. 246. 246. 248. 252. 254. 252. 252. 260. 257. 218. 218. 229.
  222. 220. 214. 223. 220. 223. 219. 225. 228. 228. 226. 234.]
 [108. 143. 174. 196. 211. 217. 231. 229. 234. 237. 234. 248. 243. 255.
  255. 247. 255. 255. 254. 261. 258. 258. 258. 259. 259. 225. 225. 230.
  231. 224. 227. 224. 228. 224. 224. 228. 226. 219. 225. 230.]]
##############################
[[ 42.  50.  77.  89. 100. 111. 116. 120. 115. 130. 117. 125. 131. 127.
  132. 139. 146. 142. 148. 150. 144. 152. 154. 155. 151. 158. 133. 132.
  133. 136. 134. 132. 135. 132. 136. 137. 133. 136. 139. 140.]
 [243. 313. 336. 338. 336. 341. 342. 342. 343. 345. 345. 344. 343. 343.
  344. 345. 347. 345. 346. 346. 348. 346. 347. 346. 345. 347. 298. 297.
  298. 298. 298. 295. 296. 296. 296. 296. 296. 297. 296. 296.]
 [ 64. 101. 139. 164. 176. 188. 199. 211. 211. 215. 227. 229. 232. 235.
  251. 247. 246. 246. 248. 252. 254. 252. 252. 260. 257. 259. 218. 229.
  222. 220. 214. 223. 220. 223. 219. 225. 228. 228. 226. 234.]
 [108. 143. 174. 196. 211. 217. 231. 229. 234. 237. 234. 248. 243. 255.
  255. 247. 255. 255. 254. 261. 258. 258. 258. 259. 259. 264. 225. 230.
  231. 224. 227. 224. 228. 224. 224. 228. 226. 219. 225. 230.]]
##############################
[[ 42.  50.  77.  89. 100. 111. 116. 120. 115. 130. 117. 125. 131. 127.
  132. 139. 146. 142. 148. 150. 144. 152. 154. 155. 151. 158. 157. 132.
  133. 136. 134. 132. 135. 132. 136. 137. 133. 136. 139. 140.]
 [243. 313. 336. 338. 336. 341. 342. 342. 343. 345. 345. 344. 343. 343.
  344. 345. 347. 345. 346. 346. 348. 346. 347. 346. 345. 347. 346. 297.
  298. 298. 298. 295. 296. 296. 296. 296. 296. 297. 296. 296.]
 [ 64. 101. 139. 164. 176. 188. 199. 211. 211. 215. 227. 229. 232. 235.
  251. 247. 246. 246. 248. 252. 254. 252. 252. 260. 257. 259. 260. 229.
  222. 220. 214. 223. 220. 223. 219. 225. 228. 228. 226. 234.]
 [108. 143. 174. 196. 211. 217. 231. 229. 234. 237. 234. 248. 243. 255.
  255. 247. 255. 255. 254. 261. 258. 258. 258. 259. 259. 264. 264. 230.
  231. 224. 227. 224. 228. 224. 224. 228. 226. 219. 225. 230.]]
##############################
[[ 42.  50.  77.  89. 100. 111. 116. 120. 115. 130. 117. 125. 131. 127.
  132. 139. 146. 142. 148. 150. 144. 152. 154. 155. 151. 158. 157. 156.
  133. 136. 134. 132. 135. 132. 136. 137. 133. 136. 139. 140.]
 [243. 313. 336. 338. 336. 341. 342. 342. 343. 345. 345. 344. 343. 343.
  344. 345. 347. 345. 346. 346. 348. 346. 347. 346. 345. 347. 346. 345.
  298. 298. 298. 295. 296. 296. 296. 296. 296. 297. 296. 296.]
 [ 64. 101. 139. 164. 176. 188. 199. 211. 211. 215. 227. 229. 232. 235.
  251. 247. 246. 246. 248. 252. 254. 252. 252. 260. 257. 259. 260. 271.
  222. 220. 214. 223. 220. 223. 219. 225. 228. 228. 226. 234.]
 [108. 143. 174. 196. 211. 217. 231. 229. 234. 237. 234. 248. 243. 255.
  255. 247. 255. 255. 254. 261. 258. 258. 258. 259. 259. 264. 264. 269.
  231. 224. 227. 224. 228. 224. 224. 228. 226. 219. 225. 230.]]
##############################
[[ 42.  50.  77.  89. 100. 111. 116. 120. 115. 130. 117. 125. 131. 127.
  132. 139. 146. 142. 148. 150. 144. 152. 154. 155. 151. 158. 157. 156.
  156. 136. 134. 132. 135. 132. 136. 137. 133. 136. 139. 140.]
 [243. 313. 336. 338. 336. 341. 342. 342. 343. 345. 345. 344. 343. 343.
  344. 345. 347. 345. 346. 346. 348. 346. 347. 346. 345. 347. 346. 345.
  347. 298. 298. 295. 296. 296. 296. 296. 296. 297. 296. 296.]
 [ 64. 101. 139. 164. 176. 188. 199. 211. 211. 215. 227. 229. 232. 235.
  251. 247. 246. 246. 248. 252. 254. 252. 252. 260. 257. 259. 260. 271.
  263. 220. 214. 223. 220. 223. 219. 225. 228. 228. 226. 234.]
 [108. 143. 174. 196. 211. 217. 231. 229. 234. 237. 234. 248. 243. 255.
  255. 247. 255. 255. 254. 261. 258. 258. 258. 259. 259. 264. 264. 269.
  270. 224. 227. 224. 228. 224. 224. 228. 226. 219. 225. 230.]]
##############################
[[ 42.  50.  77.  89. 100. 111. 116. 120. 115. 130. 117. 125. 131. 127.
  132. 139. 146. 142. 148. 150. 144. 152. 154. 155. 151. 158. 157. 156.
  156. 162. 134. 132. 135. 132. 136. 137. 133. 136. 139. 140.]
 [243. 313. 336. 338. 336. 341. 342. 342. 343. 345. 345. 344. 343. 343.
  344. 345. 347. 345. 346. 346. 348. 346. 347. 346. 345. 347. 346. 345.
  347. 348. 298. 295. 296. 296. 296. 296. 296. 297. 296. 296.]
 [ 64. 101. 139. 164. 176. 188. 199. 211. 211. 215. 227. 229. 232. 235.
  251. 247. 246. 246. 248. 252. 254. 252. 252. 260. 257. 259. 260. 271.
  263. 264. 214. 223. 220. 223. 219. 225. 228. 228. 226. 234.]
 [108. 143. 174. 196. 211. 217. 231. 229. 234. 237. 234. 248. 243. 255.
  255. 247. 255. 255. 254. 261. 258. 258. 258. 259. 259. 264. 264. 269.
  270. 260. 227. 224. 228. 224. 224. 228. 226. 219. 225. 230.]]
##############################
[[ 42.  50.  77.  89. 100. 111. 116. 120. 115. 130. 117. 125. 131. 127.
  132. 139. 146. 142. 148. 150. 144. 152. 154. 155. 151. 158. 157. 156.
  156. 162. 159. 132. 135. 132. 136. 137. 133. 136. 139. 140.]
 [243. 313. 336. 338. 336. 341. 342. 342. 343. 345. 345. 344. 343. 343.
  344. 345. 347. 345. 346. 346. 348. 346. 347. 346. 345. 347. 346. 345.
  347. 348. 348. 295. 296. 296. 296. 296. 296. 297. 296. 296.]
 [ 64. 101. 139. 164. 176. 188. 199. 211. 211. 215. 227. 229. 232. 235.
  251. 247. 246. 246. 248. 252. 254. 252. 252. 260. 257. 259. 260. 271.
  263. 264. 257. 223. 220. 223. 219. 225. 228. 228. 226. 234.]
 [108. 143. 174. 196. 211. 217. 231. 229. 234. 237. 234. 248. 243. 255.
  255. 247. 255. 255. 254. 261. 258. 258. 258. 259. 259. 264. 264. 269.
  270. 260. 265. 224. 228. 224. 224. 228. 226. 219. 225. 230.]]
##############################
[[ 42.  50.  77.  89. 100. 111. 116. 120. 115. 130. 117. 125. 131. 127.
  132. 139. 146. 142. 148. 150. 144. 152. 154. 155. 151. 158. 157. 156.
  156. 162. 159. 155. 135. 132. 136. 137. 133. 136. 139. 140.]
 [243. 313. 336. 338. 336. 341. 342. 342. 343. 345. 345. 344. 343. 343.
  344. 345. 347. 345. 346. 346. 348. 346. 347. 346. 345. 347. 346. 345.
  347. 348. 348. 345. 296. 296. 296. 296. 296. 297. 296. 296.]
 [ 64. 101. 139. 164. 176. 188. 199. 211. 211. 215. 227. 229. 232. 235.
  251. 247. 246. 246. 248. 252. 254. 252. 252. 260. 257. 259. 260. 271.
  263. 264. 257. 264. 220. 223. 219. 225. 228. 228. 226. 234.]
 [108. 143. 174. 196. 211. 217. 231. 229. 234. 237. 234. 248. 243. 255.
  255. 247. 255. 255. 254. 261. 258. 258. 258. 259. 259. 264. 264. 269.
  270. 260. 265. 262. 228. 224. 224. 228. 226. 219. 225. 230.]]
##############################
[[ 42.  50.  77.  89. 100. 111. 116. 120. 115. 130. 117. 125. 131. 127.
  132. 139. 146. 142. 148. 150. 144. 152. 154. 155. 151. 158. 157. 156.
  156. 162. 159. 155. 161. 132. 136. 137. 133. 136. 139. 140.]
 [243. 313. 336. 338. 336. 341. 342. 342. 343. 345. 345. 344. 343. 343.
  344. 345. 347. 345. 346. 346. 348. 346. 347. 346. 345. 347. 346. 345.
  347. 348. 348. 345. 346. 296. 296. 296. 296. 297. 296. 296.]
 [ 64. 101. 139. 164. 176. 188. 199. 211. 211. 215. 227. 229. 232. 235.
  251. 247. 246. 246. 248. 252. 254. 252. 252. 260. 257. 259. 260. 271.
  263. 264. 257. 264. 262. 223. 219. 225. 228. 228. 226. 234.]
 [108. 143. 174. 196. 211. 217. 231. 229. 234. 237. 234. 248. 243. 255.
  255. 247. 255. 255. 254. 261. 258. 258. 258. 259. 259. 264. 264. 269.
  270. 260. 265. 262. 263. 224. 224. 228. 226. 219. 225. 230.]]
##############################
[[ 42.  50.  77.  89. 100. 111. 116. 120. 115. 130. 117. 125. 131. 127.
  132. 139. 146. 142. 148. 150. 144. 152. 154. 155. 151. 158. 157. 156.
  156. 162. 159. 155. 161. 159. 136. 137. 133. 136. 139. 140.]
 [243. 313. 336. 338. 336. 341. 342. 342. 343. 345. 345. 344. 343. 343.
  344. 345. 347. 345. 346. 346. 348. 346. 347. 346. 345. 347. 346. 345.
  347. 348. 348. 345. 346. 346. 296. 296. 296. 297. 296. 296.]
 [ 64. 101. 139. 164. 176. 188. 199. 211. 211. 215. 227. 229. 232. 235.
  251. 247. 246. 246. 248. 252. 254. 252. 252. 260. 257. 259. 260. 271.
  263. 264. 257. 264. 262. 266. 219. 225. 228. 228. 226. 234.]
 [108. 143. 174. 196. 211. 217. 231. 229. 234. 237. 234. 248. 243. 255.
  255. 247. 255. 255. 254. 261. 258. 258. 258. 259. 259. 264. 264. 269.
  270. 260. 265. 262. 263. 262. 224. 228. 226. 219. 225. 230.]]
##############################
[[ 42.  50.  77.  89. 100. 111. 116. 120. 115. 130. 117. 125. 131. 127.
  132. 139. 146. 142. 148. 150. 144. 152. 154. 155. 151. 158. 157. 156.
  156. 162. 159. 155. 161. 159. 162. 137. 133. 136. 139. 140.]
 [243. 313. 336. 338. 336. 341. 342. 342. 343. 345. 345. 344. 343. 343.
  344. 345. 347. 345. 346. 346. 348. 346. 347. 346. 345. 347. 346. 345.
  347. 348. 348. 345. 346. 346. 346. 296. 296. 297. 296. 296.]
 [ 64. 101. 139. 164. 176. 188. 199. 211. 211. 215. 227. 229. 232. 235.
  251. 247. 246. 246. 248. 252. 254. 252. 252. 260. 257. 259. 260. 271.
  263. 264. 257. 264. 262. 266. 261. 225. 228. 228. 226. 234.]
 [108. 143. 174. 196. 211. 217. 231. 229. 234. 237. 234. 248. 243. 255.
  255. 247. 255. 255. 254. 261. 258. 258. 258. 259. 259. 264. 264. 269.
  270. 260. 265. 262. 263. 262. 261. 228. 226. 219. 225. 230.]]
##############################
[[ 42.  50.  77.  89. 100. 111. 116. 120. 115. 130. 117. 125. 131. 127.
  132. 139. 146. 142. 148. 150. 144. 152. 154. 155. 151. 158. 157. 156.
  156. 162. 159. 155. 161. 159. 162. 159. 133. 136. 139. 140.]
 [243. 313. 336. 338. 336. 341. 342. 342. 343. 345. 345. 344. 343. 343.
  344. 345. 347. 345. 346. 346. 348. 346. 347. 346. 345. 347. 346. 345.
  347. 348. 348. 345. 346. 346. 346. 346. 296. 297. 296. 296.]
 [ 64. 101. 139. 164. 176. 188. 199. 211. 211. 215. 227. 229. 232. 235.
  251. 247. 246. 246. 248. 252. 254. 252. 252. 260. 257. 259. 260. 271.
  263. 264. 257. 264. 262. 266. 261. 267. 228. 228. 226. 234.]
 [108. 143. 174. 196. 211. 217. 231. 229. 234. 237. 234. 248. 243. 255.
  255. 247. 255. 255. 254. 261. 258. 258. 258. 259. 259. 264. 264. 269.
  270. 260. 265. 262. 263. 262. 261. 266. 226. 219. 225. 230.]]
##############################
[[ 42.  50.  77.  89. 100. 111. 116. 120. 115. 130. 117. 125. 131. 127.
  132. 139. 146. 142. 148. 150. 144. 152. 154. 155. 151. 158. 157. 156.
  156. 162. 159. 155. 161. 159. 162. 159. 157. 136. 139. 140.]
 [243. 313. 336. 338. 336. 341. 342. 342. 343. 345. 345. 344. 343. 343.
  344. 345. 347. 345. 346. 346. 348. 346. 347. 346. 345. 347. 346. 345.
  347. 348. 348. 345. 346. 346. 346. 346. 345. 297. 296. 296.]
 [ 64. 101. 139. 164. 176. 188. 199. 211. 211. 215. 227. 229. 232. 235.
  251. 247. 246. 246. 248. 252. 254. 252. 252. 260. 257. 259. 260. 271.
  263. 264. 257. 264. 262. 266. 261. 267. 270. 228. 226. 234.]
 [108. 143. 174. 196. 211. 217. 231. 229. 234. 237. 234. 248. 243. 255.
  255. 247. 255. 255. 254. 261. 258. 258. 258. 259. 259. 264. 264. 269.
  270. 260. 265. 262. 263. 262. 261. 266. 262. 219. 225. 230.]]
##############################
[[ 42.  50.  77.  89. 100. 111. 116. 120. 115. 130. 117. 125. 131. 127.
  132. 139. 146. 142. 148. 150. 144. 152. 154. 155. 151. 158. 157. 156.
  156. 162. 159. 155. 161. 159. 162. 159. 157. 161. 139. 140.]
 [243. 313. 336. 338. 336. 341. 342. 342. 343. 345. 345. 344. 343. 343.
  344. 345. 347. 345. 346. 346. 348. 346. 347. 346. 345. 347. 346. 345.
  347. 348. 348. 345. 346. 346. 346. 346. 345. 347. 296. 296.]
 [ 64. 101. 139. 164. 176. 188. 199. 211. 211. 215. 227. 229. 232. 235.
  251. 247. 246. 246. 248. 252. 254. 252. 252. 260. 257. 259. 260. 271.
  263. 264. 257. 264. 262. 266. 261. 267. 270. 269. 226. 234.]
 [108. 143. 174. 196. 211. 217. 231. 229. 234. 237. 234. 248. 243. 255.
  255. 247. 255. 255. 254. 261. 258. 258. 258. 259. 259. 264. 264. 269.
  270. 260. 265. 262. 263. 262. 261. 266. 262. 257. 225. 230.]]
##############################
[[ 42.  50.  77.  89. 100. 111. 116. 120. 115. 130. 117. 125. 131. 127.
  132. 139. 146. 142. 148. 150. 144. 152. 154. 155. 151. 158. 157. 156.
  156. 162. 159. 155. 161. 159. 162. 159. 157. 161. 161. 140.]
 [243. 313. 336. 338. 336. 341. 342. 342. 343. 345. 345. 344. 343. 343.
  344. 345. 347. 345. 346. 346. 348. 346. 347. 346. 345. 347. 346. 345.
  347. 348. 348. 345. 346. 346. 346. 346. 345. 347. 346. 296.]
 [ 64. 101. 139. 164. 176. 188. 199. 211. 211. 215. 227. 229. 232. 235.
  251. 247. 246. 246. 248. 252. 254. 252. 252. 260. 257. 259. 260. 271.
  263. 264. 257. 264. 262. 266. 261. 267. 270. 269. 268. 234.]
 [108. 143. 174. 196. 211. 217. 231. 229. 234. 237. 234. 248. 243. 255.
  255. 247. 255. 255. 254. 261. 258. 258. 258. 259. 259. 264. 264. 269.
  270. 260. 265. 262. 263. 262. 261. 266. 262. 257. 262. 230.]]
##############################
[[ 42.  50.  77.  89. 100. 111. 116. 120. 115. 130. 117. 125. 131. 127.
  132. 139. 146. 142. 148. 150. 144. 152. 154. 155. 151. 158. 157. 156.
  156. 162. 159. 155. 161. 159. 162. 159. 157. 161. 161. 162.]
 [243. 313. 336. 338. 336. 341. 342. 342. 343. 345. 345. 344. 343. 343.
  344. 345. 347. 345. 346. 346. 348. 346. 347. 346. 345. 347. 346. 345.
  347. 348. 348. 345. 346. 346. 346. 346. 345. 347. 346. 346.]
 [ 64. 101. 139. 164. 176. 188. 199. 211. 211. 215. 227. 229. 232. 235.
  251. 247. 246. 246. 248. 252. 254. 252. 252. 260. 257. 259. 260. 271.
  263. 264. 257. 264. 262. 266. 261. 267. 270. 269. 268. 276.]
 [108. 143. 174. 196. 211. 217. 231. 229. 234. 237. 234. 248. 243. 255.
  255. 247. 255. 255. 254. 261. 258. 258. 258. 259. 259. 264. 264. 269.
  270. 260. 265. 262. 263. 262. 261. 266. 262. 257. 262. 269.]]
##############################
##################################################
##################################################
starting :8 batch
[[ 47.  50.  77.  89. 100. 111. 116. 120. 115. 130. 117. 125. 131. 127.
  132. 139. 146. 142. 148. 150. 144. 152. 154. 155. 151. 158. 157. 156.
  156. 162. 159. 155. 161. 159. 162. 159. 157. 161. 161. 162.]
 [278. 313. 336. 338. 336. 341. 342. 342. 343. 345. 345. 344. 343. 343.
  344. 345. 347. 345. 346. 346. 348. 346. 347. 346. 345. 347. 346. 345.
  347. 348. 348. 345. 346. 346. 346. 346. 345. 347. 346. 346.]
 [ 74. 101. 139. 164. 176. 188. 199. 211. 211. 215. 227. 229. 232. 235.
  251. 247. 246. 246. 248. 252. 254. 252. 252. 260. 257. 259. 260. 271.
  263. 264. 257. 264. 262. 266. 261. 267. 270. 269. 268. 276.]
 [121. 143. 174. 196. 211. 217. 231. 229. 234. 237. 234. 248. 243. 255.
  255. 247. 255. 255. 254. 261. 258. 258. 258. 259. 259. 264. 264. 269.
  270. 260. 265. 262. 263. 262. 261. 266. 262. 257. 262. 269.]]
##############################
[[ 47.  55.  77.  89. 100. 111. 116. 120. 115. 130. 117. 125. 131. 127.
  132. 139. 146. 142. 148. 150. 144. 152. 154. 155. 151. 158. 157. 156.
  156. 162. 159. 155. 161. 159. 162. 159. 157. 161. 161. 162.]
 [278. 357. 336. 338. 336. 341. 342. 342. 343. 345. 345. 344. 343. 343.
  344. 345. 347. 345. 346. 346. 348. 346. 347. 346. 345. 347. 346. 345.
  347. 348. 348. 345. 346. 346. 346. 346. 345. 347. 346. 346.]
 [ 74. 119. 139. 164. 176. 188. 199. 211. 211. 215. 227. 229. 232. 235.
  251. 247. 246. 246. 248. 252. 254. 252. 252. 260. 257. 259. 260. 271.
  263. 264. 257. 264. 262. 266. 261. 267. 270. 269. 268. 276.]
 [121. 165. 174. 196. 211. 217. 231. 229. 234. 237. 234. 248. 243. 255.
  255. 247. 255. 255. 254. 261. 258. 258. 258. 259. 259. 264. 264. 269.
  270. 260. 265. 262. 263. 262. 261. 266. 262. 257. 262. 269.]]
##############################
[[ 47.  55.  89.  89. 100. 111. 116. 120. 115. 130. 117. 125. 131. 127.
  132. 139. 146. 142. 148. 150. 144. 152. 154. 155. 151. 158. 157. 156.
  156. 162. 159. 155. 161. 159. 162. 159. 157. 161. 161. 162.]
 [278. 357. 380. 338. 336. 341. 342. 342. 343. 345. 345. 344. 343. 343.
  344. 345. 347. 345. 346. 346. 348. 346. 347. 346. 345. 347. 346. 345.
  347. 348. 348. 345. 346. 346. 346. 346. 345. 347. 346. 346.]
 [ 74. 119. 165. 164. 176. 188. 199. 211. 211. 215. 227. 229. 232. 235.
  251. 247. 246. 246. 248. 252. 254. 252. 252. 260. 257. 259. 260. 271.
  263. 264. 257. 264. 262. 266. 261. 267. 270. 269. 268. 276.]
 [121. 165. 201. 196. 211. 217. 231. 229. 234. 237. 234. 248. 243. 255.
  255. 247. 255. 255. 254. 261. 258. 258. 258. 259. 259. 264. 264. 269.
  270. 260. 265. 262. 263. 262. 261. 266. 262. 257. 262. 269.]]
##############################
[[ 47.  55.  89. 102. 100. 111. 116. 120. 115. 130. 117. 125. 131. 127.
  132. 139. 146. 142. 148. 150. 144. 152. 154. 155. 151. 158. 157. 156.
  156. 162. 159. 155. 161. 159. 162. 159. 157. 161. 161. 162.]
 [278. 357. 380. 382. 336. 341. 342. 342. 343. 345. 345. 344. 343. 343.
  344. 345. 347. 345. 346. 346. 348. 346. 347. 346. 345. 347. 346. 345.
  347. 348. 348. 345. 346. 346. 346. 346. 345. 347. 346. 346.]
 [ 74. 119. 165. 194. 176. 188. 199. 211. 211. 215. 227. 229. 232. 235.
  251. 247. 246. 246. 248. 252. 254. 252. 252. 260. 257. 259. 260. 271.
  263. 264. 257. 264. 262. 266. 261. 267. 270. 269. 268. 276.]
 [121. 165. 201. 226. 211. 217. 231. 229. 234. 237. 234. 248. 243. 255.
  255. 247. 255. 255. 254. 261. 258. 258. 258. 259. 259. 264. 264. 269.
  270. 260. 265. 262. 263. 262. 261. 266. 262. 257. 262. 269.]]
##############################
[[ 47.  55.  89. 102. 114. 111. 116. 120. 115. 130. 117. 125. 131. 127.
  132. 139. 146. 142. 148. 150. 144. 152. 154. 155. 151. 158. 157. 156.
  156. 162. 159. 155. 161. 159. 162. 159. 157. 161. 161. 162.]
 [278. 357. 380. 382. 382. 341. 342. 342. 343. 345. 345. 344. 343. 343.
  344. 345. 347. 345. 346. 346. 348. 346. 347. 346. 345. 347. 346. 345.
  347. 348. 348. 345. 346. 346. 346. 346. 345. 347. 346. 346.]
 [ 74. 119. 165. 194. 207. 188. 199. 211. 211. 215. 227. 229. 232. 235.
  251. 247. 246. 246. 248. 252. 254. 252. 252. 260. 257. 259. 260. 271.
  263. 264. 257. 264. 262. 266. 261. 267. 270. 269. 268. 276.]
 [121. 165. 201. 226. 248. 217. 231. 229. 234. 237. 234. 248. 243. 255.
  255. 247. 255. 255. 254. 261. 258. 258. 258. 259. 259. 264. 264. 269.
  270. 260. 265. 262. 263. 262. 261. 266. 262. 257. 262. 269.]]
##############################
[[ 47.  55.  89. 102. 114. 127. 116. 120. 115. 130. 117. 125. 131. 127.
  132. 139. 146. 142. 148. 150. 144. 152. 154. 155. 151. 158. 157. 156.
  156. 162. 159. 155. 161. 159. 162. 159. 157. 161. 161. 162.]
 [278. 357. 380. 382. 382. 388. 342. 342. 343. 345. 345. 344. 343. 343.
  344. 345. 347. 345. 346. 346. 348. 346. 347. 346. 345. 347. 346. 345.
  347. 348. 348. 345. 346. 346. 346. 346. 345. 347. 346. 346.]
 [ 74. 119. 165. 194. 207. 219. 199. 211. 211. 215. 227. 229. 232. 235.
  251. 247. 246. 246. 248. 252. 254. 252. 252. 260. 257. 259. 260. 271.
  263. 264. 257. 264. 262. 266. 261. 267. 270. 269. 268. 276.]
 [121. 165. 201. 226. 248. 253. 231. 229. 234. 237. 234. 248. 243. 255.
  255. 247. 255. 255. 254. 261. 258. 258. 258. 259. 259. 264. 264. 269.
  270. 260. 265. 262. 263. 262. 261. 266. 262. 257. 262. 269.]]
##############################
[[ 47.  55.  89. 102. 114. 127. 132. 120. 115. 130. 117. 125. 131. 127.
  132. 139. 146. 142. 148. 150. 144. 152. 154. 155. 151. 158. 157. 156.
  156. 162. 159. 155. 161. 159. 162. 159. 157. 161. 161. 162.]
 [278. 357. 380. 382. 382. 388. 388. 342. 343. 345. 345. 344. 343. 343.
  344. 345. 347. 345. 346. 346. 348. 346. 347. 346. 345. 347. 346. 345.
  347. 348. 348. 345. 346. 346. 346. 346. 345. 347. 346. 346.]
 [ 74. 119. 165. 194. 207. 219. 232. 211. 211. 215. 227. 229. 232. 235.
  251. 247. 246. 246. 248. 252. 254. 252. 252. 260. 257. 259. 260. 271.
  263. 264. 257. 264. 262. 266. 261. 267. 270. 269. 268. 276.]
 [121. 165. 201. 226. 248. 253. 269. 229. 234. 237. 234. 248. 243. 255.
  255. 247. 255. 255. 254. 261. 258. 258. 258. 259. 259. 264. 264. 269.
  270. 260. 265. 262. 263. 262. 261. 266. 262. 257. 262. 269.]]
##############################
[[ 47.  55.  89. 102. 114. 127. 132. 141. 115. 130. 117. 125. 131. 127.
  132. 139. 146. 142. 148. 150. 144. 152. 154. 155. 151. 158. 157. 156.
  156. 162. 159. 155. 161. 159. 162. 159. 157. 161. 161. 162.]
 [278. 357. 380. 382. 382. 388. 388. 389. 343. 345. 345. 344. 343. 343.
  344. 345. 347. 345. 346. 346. 348. 346. 347. 346. 345. 347. 346. 345.
  347. 348. 348. 345. 346. 346. 346. 346. 345. 347. 346. 346.]
 [ 74. 119. 165. 194. 207. 219. 232. 244. 211. 215. 227. 229. 232. 235.
  251. 247. 246. 246. 248. 252. 254. 252. 252. 260. 257. 259. 260. 271.
  263. 264. 257. 264. 262. 266. 261. 267. 270. 269. 268. 276.]
 [121. 165. 201. 226. 248. 253. 269. 265. 234. 237. 234. 248. 243. 255.
  255. 247. 255. 255. 254. 261. 258. 258. 258. 259. 259. 264. 264. 269.
  270. 260. 265. 262. 263. 262. 261. 266. 262. 257. 262. 269.]]
##############################
[[ 47.  55.  89. 102. 114. 127. 132. 141. 136. 130. 117. 125. 131. 127.
  132. 139. 146. 142. 148. 150. 144. 152. 154. 155. 151. 158. 157. 156.
  156. 162. 159. 155. 161. 159. 162. 159. 157. 161. 161. 162.]
 [278. 357. 380. 382. 382. 388. 388. 389. 390. 345. 345. 344. 343. 343.
  344. 345. 347. 345. 346. 346. 348. 346. 347. 346. 345. 347. 346. 345.
  347. 348. 348. 345. 346. 346. 346. 346. 345. 347. 346. 346.]
 [ 74. 119. 165. 194. 207. 219. 232. 244. 246. 215. 227. 229. 232. 235.
  251. 247. 246. 246. 248. 252. 254. 252. 252. 260. 257. 259. 260. 271.
  263. 264. 257. 264. 262. 266. 261. 267. 270. 269. 268. 276.]
 [121. 165. 201. 226. 248. 253. 269. 265. 272. 237. 234. 248. 243. 255.
  255. 247. 255. 255. 254. 261. 258. 258. 258. 259. 259. 264. 264. 269.
  270. 260. 265. 262. 263. 262. 261. 266. 262. 257. 262. 269.]]
##############################
[[ 47.  55.  89. 102. 114. 127. 132. 141. 136. 150. 117. 125. 131. 127.
  132. 139. 146. 142. 148. 150. 144. 152. 154. 155. 151. 158. 157. 156.
  156. 162. 159. 155. 161. 159. 162. 159. 157. 161. 161. 162.]
 [278. 357. 380. 382. 382. 388. 388. 389. 390. 392. 345. 344. 343. 343.
  344. 345. 347. 345. 346. 346. 348. 346. 347. 346. 345. 347. 346. 345.
  347. 348. 348. 345. 346. 346. 346. 346. 345. 347. 346. 346.]
 [ 74. 119. 165. 194. 207. 219. 232. 244. 246. 250. 227. 229. 232. 235.
  251. 247. 246. 246. 248. 252. 254. 252. 252. 260. 257. 259. 260. 271.
  263. 264. 257. 264. 262. 266. 261. 267. 270. 269. 268. 276.]
 [121. 165. 201. 226. 248. 253. 269. 265. 272. 276. 234. 248. 243. 255.
  255. 247. 255. 255. 254. 261. 258. 258. 258. 259. 259. 264. 264. 269.
  270. 260. 265. 262. 263. 262. 261. 266. 262. 257. 262. 269.]]
##############################
[[ 47.  55.  89. 102. 114. 127. 132. 141. 136. 150. 140. 125. 131. 127.
  132. 139. 146. 142. 148. 150. 144. 152. 154. 155. 151. 158. 157. 156.
  156. 162. 159. 155. 161. 159. 162. 159. 157. 161. 161. 162.]
 [278. 357. 380. 382. 382. 388. 388. 389. 390. 392. 392. 344. 343. 343.
  344. 345. 347. 345. 346. 346. 348. 346. 347. 346. 345. 347. 346. 345.
  347. 348. 348. 345. 346. 346. 346. 346. 345. 347. 346. 346.]
 [ 74. 119. 165. 194. 207. 219. 232. 244. 246. 250. 263. 229. 232. 235.
  251. 247. 246. 246. 248. 252. 254. 252. 252. 260. 257. 259. 260. 271.
  263. 264. 257. 264. 262. 266. 261. 267. 270. 269. 268. 276.]
 [121. 165. 201. 226. 248. 253. 269. 265. 272. 276. 269. 248. 243. 255.
  255. 247. 255. 255. 254. 261. 258. 258. 258. 259. 259. 264. 264. 269.
  270. 260. 265. 262. 263. 262. 261. 266. 262. 257. 262. 269.]]
##############################
[[ 47.  55.  89. 102. 114. 127. 132. 141. 136. 150. 140. 148. 131. 127.
  132. 139. 146. 142. 148. 150. 144. 152. 154. 155. 151. 158. 157. 156.
  156. 162. 159. 155. 161. 159. 162. 159. 157. 161. 161. 162.]
 [278. 357. 380. 382. 382. 388. 388. 389. 390. 392. 392. 393. 343. 343.
  344. 345. 347. 345. 346. 346. 348. 346. 347. 346. 345. 347. 346. 345.
  347. 348. 348. 345. 346. 346. 346. 346. 345. 347. 346. 346.]
 [ 74. 119. 165. 194. 207. 219. 232. 244. 246. 250. 263. 264. 232. 235.
  251. 247. 246. 246. 248. 252. 254. 252. 252. 260. 257. 259. 260. 271.
  263. 264. 257. 264. 262. 266. 261. 267. 270. 269. 268. 276.]
 [121. 165. 201. 226. 248. 253. 269. 265. 272. 276. 269. 284. 243. 255.
  255. 247. 255. 255. 254. 261. 258. 258. 258. 259. 259. 264. 264. 269.
  270. 260. 265. 262. 263. 262. 261. 266. 262. 257. 262. 269.]]
##############################
[[ 47.  55.  89. 102. 114. 127. 132. 141. 136. 150. 140. 148. 157. 127.
  132. 139. 146. 142. 148. 150. 144. 152. 154. 155. 151. 158. 157. 156.
  156. 162. 159. 155. 161. 159. 162. 159. 157. 161. 161. 162.]
 [278. 357. 380. 382. 382. 388. 388. 389. 390. 392. 392. 393. 392. 343.
  344. 345. 347. 345. 346. 346. 348. 346. 347. 346. 345. 347. 346. 345.
  347. 348. 348. 345. 346. 346. 346. 346. 345. 347. 346. 346.]
 [ 74. 119. 165. 194. 207. 219. 232. 244. 246. 250. 263. 264. 268. 235.
  251. 247. 246. 246. 248. 252. 254. 252. 252. 260. 257. 259. 260. 271.
  263. 264. 257. 264. 262. 266. 261. 267. 270. 269. 268. 276.]
 [121. 165. 201. 226. 248. 253. 269. 265. 272. 276. 269. 284. 280. 255.
  255. 247. 255. 255. 254. 261. 258. 258. 258. 259. 259. 264. 264. 269.
  270. 260. 265. 262. 263. 262. 261. 266. 262. 257. 262. 269.]]
##############################
[[ 47.  55.  89. 102. 114. 127. 132. 141. 136. 150. 140. 148. 157. 151.
  132. 139. 146. 142. 148. 150. 144. 152. 154. 155. 151. 158. 157. 156.
  156. 162. 159. 155. 161. 159. 162. 159. 157. 161. 161. 162.]
 [278. 357. 380. 382. 382. 388. 388. 389. 390. 392. 392. 393. 392. 392.
  344. 345. 347. 345. 346. 346. 348. 346. 347. 346. 345. 347. 346. 345.
  347. 348. 348. 345. 346. 346. 346. 346. 345. 347. 346. 346.]
 [ 74. 119. 165. 194. 207. 219. 232. 244. 246. 250. 263. 264. 268. 272.
  251. 247. 246. 246. 248. 252. 254. 252. 252. 260. 257. 259. 260. 271.
  263. 264. 257. 264. 262. 266. 261. 267. 270. 269. 268. 276.]
 [121. 165. 201. 226. 248. 253. 269. 265. 272. 276. 269. 284. 280. 294.
  255. 247. 255. 255. 254. 261. 258. 258. 258. 259. 259. 264. 264. 269.
  270. 260. 265. 262. 263. 262. 261. 266. 262. 257. 262. 269.]]
##############################
[[ 47.  55.  89. 102. 114. 127. 132. 141. 136. 150. 140. 148. 157. 151.
  157. 139. 146. 142. 148. 150. 144. 152. 154. 155. 151. 158. 157. 156.
  156. 162. 159. 155. 161. 159. 162. 159. 157. 161. 161. 162.]
 [278. 357. 380. 382. 382. 388. 388. 389. 390. 392. 392. 393. 392. 392.
  393. 345. 347. 345. 346. 346. 348. 346. 347. 346. 345. 347. 346. 345.
  347. 348. 348. 345. 346. 346. 346. 346. 345. 347. 346. 346.]
 [ 74. 119. 165. 194. 207. 219. 232. 244. 246. 250. 263. 264. 268. 272.
  289. 247. 246. 246. 248. 252. 254. 252. 252. 260. 257. 259. 260. 271.
  263. 264. 257. 264. 262. 266. 261. 267. 270. 269. 268. 276.]
 [121. 165. 201. 226. 248. 253. 269. 265. 272. 276. 269. 284. 280. 294.
  294. 247. 255. 255. 254. 261. 258. 258. 258. 259. 259. 264. 264. 269.
  270. 260. 265. 262. 263. 262. 261. 266. 262. 257. 262. 269.]]
##############################
[[ 47.  55.  89. 102. 114. 127. 132. 141. 136. 150. 140. 148. 157. 151.
  157. 163. 146. 142. 148. 150. 144. 152. 154. 155. 151. 158. 157. 156.
  156. 162. 159. 155. 161. 159. 162. 159. 157. 161. 161. 162.]
 [278. 357. 380. 382. 382. 388. 388. 389. 390. 392. 392. 393. 392. 392.
  393. 394. 347. 345. 346. 346. 348. 346. 347. 346. 345. 347. 346. 345.
  347. 348. 348. 345. 346. 346. 346. 346. 345. 347. 346. 346.]
 [ 74. 119. 165. 194. 207. 219. 232. 244. 246. 250. 263. 264. 268. 272.
  289. 286. 246. 246. 248. 252. 254. 252. 252. 260. 257. 259. 260. 271.
  263. 264. 257. 264. 262. 266. 261. 267. 270. 269. 268. 276.]
 [121. 165. 201. 226. 248. 253. 269. 265. 272. 276. 269. 284. 280. 294.
  294. 287. 255. 255. 254. 261. 258. 258. 258. 259. 259. 264. 264. 269.
  270. 260. 265. 262. 263. 262. 261. 266. 262. 257. 262. 269.]]
##############################
[[ 47.  55.  89. 102. 114. 127. 132. 141. 136. 150. 140. 148. 157. 151.
  157. 163. 171. 142. 148. 150. 144. 152. 154. 155. 151. 158. 157. 156.
  156. 162. 159. 155. 161. 159. 162. 159. 157. 161. 161. 162.]
 [278. 357. 380. 382. 382. 388. 388. 389. 390. 392. 392. 393. 392. 392.
  393. 394. 397. 345. 346. 346. 348. 346. 347. 346. 345. 347. 346. 345.
  347. 348. 348. 345. 346. 346. 346. 346. 345. 347. 346. 346.]
 [ 74. 119. 165. 194. 207. 219. 232. 244. 246. 250. 263. 264. 268. 272.
  289. 286. 283. 246. 248. 252. 254. 252. 252. 260. 257. 259. 260. 271.
  263. 264. 257. 264. 262. 266. 261. 267. 270. 269. 268. 276.]
 [121. 165. 201. 226. 248. 253. 269. 265. 272. 276. 269. 284. 280. 294.
  294. 287. 296. 255. 254. 261. 258. 258. 258. 259. 259. 264. 264. 269.
  270. 260. 265. 262. 263. 262. 261. 266. 262. 257. 262. 269.]]
##############################
[[ 47.  55.  89. 102. 114. 127. 132. 141. 136. 150. 140. 148. 157. 151.
  157. 163. 171. 169. 148. 150. 144. 152. 154. 155. 151. 158. 157. 156.
  156. 162. 159. 155. 161. 159. 162. 159. 157. 161. 161. 162.]
 [278. 357. 380. 382. 382. 388. 388. 389. 390. 392. 392. 393. 392. 392.
  393. 394. 397. 395. 346. 346. 348. 346. 347. 346. 345. 347. 346. 345.
  347. 348. 348. 345. 346. 346. 346. 346. 345. 347. 346. 346.]
 [ 74. 119. 165. 194. 207. 219. 232. 244. 246. 250. 263. 264. 268. 272.
  289. 286. 283. 284. 248. 252. 254. 252. 252. 260. 257. 259. 260. 271.
  263. 264. 257. 264. 262. 266. 261. 267. 270. 269. 268. 276.]
 [121. 165. 201. 226. 248. 253. 269. 265. 272. 276. 269. 284. 280. 294.
  294. 287. 296. 295. 254. 261. 258. 258. 258. 259. 259. 264. 264. 269.
  270. 260. 265. 262. 263. 262. 261. 266. 262. 257. 262. 269.]]
##############################
[[ 47.  55.  89. 102. 114. 127. 132. 141. 136. 150. 140. 148. 157. 151.
  157. 163. 171. 169. 172. 150. 144. 152. 154. 155. 151. 158. 157. 156.
  156. 162. 159. 155. 161. 159. 162. 159. 157. 161. 161. 162.]
 [278. 357. 380. 382. 382. 388. 388. 389. 390. 392. 392. 393. 392. 392.
  393. 394. 397. 395. 396. 346. 348. 346. 347. 346. 345. 347. 346. 345.
  347. 348. 348. 345. 346. 346. 346. 346. 345. 347. 346. 346.]
 [ 74. 119. 165. 194. 207. 219. 232. 244. 246. 250. 263. 264. 268. 272.
  289. 286. 283. 284. 286. 252. 254. 252. 252. 260. 257. 259. 260. 271.
  263. 264. 257. 264. 262. 266. 261. 267. 270. 269. 268. 276.]
 [121. 165. 201. 226. 248. 253. 269. 265. 272. 276. 269. 284. 280. 294.
  294. 287. 296. 295. 293. 261. 258. 258. 258. 259. 259. 264. 264. 269.
  270. 260. 265. 262. 263. 262. 261. 266. 262. 257. 262. 269.]]
##############################
[[ 47.  55.  89. 102. 114. 127. 132. 141. 136. 150. 140. 148. 157. 151.
  157. 163. 171. 169. 172. 176. 144. 152. 154. 155. 151. 158. 157. 156.
  156. 162. 159. 155. 161. 159. 162. 159. 157. 161. 161. 162.]
 [278. 357. 380. 382. 382. 388. 388. 389. 390. 392. 392. 393. 392. 392.
  393. 394. 397. 395. 396. 396. 348. 346. 347. 346. 345. 347. 346. 345.
  347. 348. 348. 345. 346. 346. 346. 346. 345. 347. 346. 346.]
 [ 74. 119. 165. 194. 207. 219. 232. 244. 246. 250. 263. 264. 268. 272.
  289. 286. 283. 284. 286. 289. 254. 252. 252. 260. 257. 259. 260. 271.
  263. 264. 257. 264. 262. 266. 261. 267. 270. 269. 268. 276.]
 [121. 165. 201. 226. 248. 253. 269. 265. 272. 276. 269. 284. 280. 294.
  294. 287. 296. 295. 293. 299. 258. 258. 258. 259. 259. 264. 264. 269.
  270. 260. 265. 262. 263. 262. 261. 266. 262. 257. 262. 269.]]
##############################
[[ 47.  55.  89. 102. 114. 127. 132. 141. 136. 150. 140. 148. 157. 151.
  157. 163. 171. 169. 172. 176. 164. 152. 154. 155. 151. 158. 157. 156.
  156. 162. 159. 155. 161. 159. 162. 159. 157. 161. 161. 162.]
 [278. 357. 380. 382. 382. 388. 388. 389. 390. 392. 392. 393. 392. 392.
  393. 394. 397. 395. 396. 396. 398. 346. 347. 346. 345. 347. 346. 345.
  347. 348. 348. 345. 346. 346. 346. 346. 345. 347. 346. 346.]
 [ 74. 119. 165. 194. 207. 219. 232. 244. 246. 250. 263. 264. 268. 272.
  289. 286. 283. 284. 286. 289. 291. 252. 252. 260. 257. 259. 260. 271.
  263. 264. 257. 264. 262. 266. 261. 267. 270. 269. 268. 276.]
 [121. 165. 201. 226. 248. 253. 269. 265. 272. 276. 269. 284. 280. 294.
  294. 287. 296. 295. 293. 299. 297. 258. 258. 259. 259. 264. 264. 269.
  270. 260. 265. 262. 263. 262. 261. 266. 262. 257. 262. 269.]]
##############################
[[ 47.  55.  89. 102. 114. 127. 132. 141. 136. 150. 140. 148. 157. 151.
  157. 163. 171. 169. 172. 176. 164. 178. 154. 155. 151. 158. 157. 156.
  156. 162. 159. 155. 161. 159. 162. 159. 157. 161. 161. 162.]
 [278. 357. 380. 382. 382. 388. 388. 389. 390. 392. 392. 393. 392. 392.
  393. 394. 397. 395. 396. 396. 398. 396. 347. 346. 345. 347. 346. 345.
  347. 348. 348. 345. 346. 346. 346. 346. 345. 347. 346. 346.]
 [ 74. 119. 165. 194. 207. 219. 232. 244. 246. 250. 263. 264. 268. 272.
  289. 286. 283. 284. 286. 289. 291. 291. 252. 260. 257. 259. 260. 271.
  263. 264. 257. 264. 262. 266. 261. 267. 270. 269. 268. 276.]
 [121. 165. 201. 226. 248. 253. 269. 265. 272. 276. 269. 284. 280. 294.
  294. 287. 296. 295. 293. 299. 297. 298. 258. 259. 259. 264. 264. 269.
  270. 260. 265. 262. 263. 262. 261. 266. 262. 257. 262. 269.]]
##############################
[[ 47.  55.  89. 102. 114. 127. 132. 141. 136. 150. 140. 148. 157. 151.
  157. 163. 171. 169. 172. 176. 164. 178. 178. 155. 151. 158. 157. 156.
  156. 162. 159. 155. 161. 159. 162. 159. 157. 161. 161. 162.]
 [278. 357. 380. 382. 382. 388. 388. 389. 390. 392. 392. 393. 392. 392.
  393. 394. 397. 395. 396. 396. 398. 396. 396. 346. 345. 347. 346. 345.
  347. 348. 348. 345. 346. 346. 346. 346. 345. 347. 346. 346.]
 [ 74. 119. 165. 194. 207. 219. 232. 244. 246. 250. 263. 264. 268. 272.
  289. 286. 283. 284. 286. 289. 291. 291. 291. 260. 257. 259. 260. 271.
  263. 264. 257. 264. 262. 266. 261. 267. 270. 269. 268. 276.]
 [121. 165. 201. 226. 248. 253. 269. 265. 272. 276. 269. 284. 280. 294.
  294. 287. 296. 295. 293. 299. 297. 298. 300. 259. 259. 264. 264. 269.
  270. 260. 265. 262. 263. 262. 261. 266. 262. 257. 262. 269.]]
##############################
[[ 47.  55.  89. 102. 114. 127. 132. 141. 136. 150. 140. 148. 157. 151.
  157. 163. 171. 169. 172. 176. 164. 178. 178. 177. 151. 158. 157. 156.
  156. 162. 159. 155. 161. 159. 162. 159. 157. 161. 161. 162.]
 [278. 357. 380. 382. 382. 388. 388. 389. 390. 392. 392. 393. 392. 392.
  393. 394. 397. 395. 396. 396. 398. 396. 396. 395. 345. 347. 346. 345.
  347. 348. 348. 345. 346. 346. 346. 346. 345. 347. 346. 346.]
 [ 74. 119. 165. 194. 207. 219. 232. 244. 246. 250. 263. 264. 268. 272.
  289. 286. 283. 284. 286. 289. 291. 291. 291. 299. 257. 259. 260. 271.
  263. 264. 257. 264. 262. 266. 261. 267. 270. 269. 268. 276.]
 [121. 165. 201. 226. 248. 253. 269. 265. 272. 276. 269. 284. 280. 294.
  294. 287. 296. 295. 293. 299. 297. 298. 300. 301. 259. 264. 264. 269.
  270. 260. 265. 262. 263. 262. 261. 266. 262. 257. 262. 269.]]
##############################
[[ 47.  55.  89. 102. 114. 127. 132. 141. 136. 150. 140. 148. 157. 151.
  157. 163. 171. 169. 172. 176. 164. 178. 178. 177. 173. 158. 157. 156.
  156. 162. 159. 155. 161. 159. 162. 159. 157. 161. 161. 162.]
 [278. 357. 380. 382. 382. 388. 388. 389. 390. 392. 392. 393. 392. 392.
  393. 394. 397. 395. 396. 396. 398. 396. 396. 395. 395. 347. 346. 345.
  347. 348. 348. 345. 346. 346. 346. 346. 345. 347. 346. 346.]
 [ 74. 119. 165. 194. 207. 219. 232. 244. 246. 250. 263. 264. 268. 272.
  289. 286. 283. 284. 286. 289. 291. 291. 291. 299. 296. 259. 260. 271.
  263. 264. 257. 264. 262. 266. 261. 267. 270. 269. 268. 276.]
 [121. 165. 201. 226. 248. 253. 269. 265. 272. 276. 269. 284. 280. 294.
  294. 287. 296. 295. 293. 299. 297. 298. 300. 301. 301. 264. 264. 269.
  270. 260. 265. 262. 263. 262. 261. 266. 262. 257. 262. 269.]]
##############################
[[ 47.  55.  89. 102. 114. 127. 132. 141. 136. 150. 140. 148. 157. 151.
  157. 163. 171. 169. 172. 176. 164. 178. 178. 177. 173. 180. 157. 156.
  156. 162. 159. 155. 161. 159. 162. 159. 157. 161. 161. 162.]
 [278. 357. 380. 382. 382. 388. 388. 389. 390. 392. 392. 393. 392. 392.
  393. 394. 397. 395. 396. 396. 398. 396. 396. 395. 395. 396. 346. 345.
  347. 348. 348. 345. 346. 346. 346. 346. 345. 347. 346. 346.]
 [ 74. 119. 165. 194. 207. 219. 232. 244. 246. 250. 263. 264. 268. 272.
  289. 286. 283. 284. 286. 289. 291. 291. 291. 299. 296. 299. 260. 271.
  263. 264. 257. 264. 262. 266. 261. 267. 270. 269. 268. 276.]
 [121. 165. 201. 226. 248. 253. 269. 265. 272. 276. 269. 284. 280. 294.
  294. 287. 296. 295. 293. 299. 297. 298. 300. 301. 301. 305. 264. 269.
  270. 260. 265. 262. 263. 262. 261. 266. 262. 257. 262. 269.]]
##############################
[[ 47.  55.  89. 102. 114. 127. 132. 141. 136. 150. 140. 148. 157. 151.
  157. 163. 171. 169. 172. 176. 164. 178. 178. 177. 173. 180. 179. 156.
  156. 162. 159. 155. 161. 159. 162. 159. 157. 161. 161. 162.]
 [278. 357. 380. 382. 382. 388. 388. 389. 390. 392. 392. 393. 392. 392.
  393. 394. 397. 395. 396. 396. 398. 396. 396. 395. 395. 396. 396. 345.
  347. 348. 348. 345. 346. 346. 346. 346. 345. 347. 346. 346.]
 [ 74. 119. 165. 194. 207. 219. 232. 244. 246. 250. 263. 264. 268. 272.
  289. 286. 283. 284. 286. 289. 291. 291. 291. 299. 296. 299. 298. 271.
  263. 264. 257. 264. 262. 266. 261. 267. 270. 269. 268. 276.]
 [121. 165. 201. 226. 248. 253. 269. 265. 272. 276. 269. 284. 280. 294.
  294. 287. 296. 295. 293. 299. 297. 298. 300. 301. 301. 305. 305. 269.
  270. 260. 265. 262. 263. 262. 261. 266. 262. 257. 262. 269.]]
##############################
[[ 47.  55.  89. 102. 114. 127. 132. 141. 136. 150. 140. 148. 157. 151.
  157. 163. 171. 169. 172. 176. 164. 178. 178. 177. 173. 180. 179. 179.
  156. 162. 159. 155. 161. 159. 162. 159. 157. 161. 161. 162.]
 [278. 357. 380. 382. 382. 388. 388. 389. 390. 392. 392. 393. 392. 392.
  393. 394. 397. 395. 396. 396. 398. 396. 396. 395. 395. 396. 396. 394.
  347. 348. 348. 345. 346. 346. 346. 346. 345. 347. 346. 346.]
 [ 74. 119. 165. 194. 207. 219. 232. 244. 246. 250. 263. 264. 268. 272.
  289. 286. 283. 284. 286. 289. 291. 291. 291. 299. 296. 299. 298. 310.
  263. 264. 257. 264. 262. 266. 261. 267. 270. 269. 268. 276.]
 [121. 165. 201. 226. 248. 253. 269. 265. 272. 276. 269. 284. 280. 294.
  294. 287. 296. 295. 293. 299. 297. 298. 300. 301. 301. 305. 305. 310.
  270. 260. 265. 262. 263. 262. 261. 266. 262. 257. 262. 269.]]
##############################
[[ 47.  55.  89. 102. 114. 127. 132. 141. 136. 150. 140. 148. 157. 151.
  157. 163. 171. 169. 172. 176. 164. 178. 178. 177. 173. 180. 179. 179.
  181. 162. 159. 155. 161. 159. 162. 159. 157. 161. 161. 162.]
 [278. 357. 380. 382. 382. 388. 388. 389. 390. 392. 392. 393. 392. 392.
  393. 394. 397. 395. 396. 396. 398. 396. 396. 395. 395. 396. 396. 394.
  396. 348. 348. 345. 346. 346. 346. 346. 345. 347. 346. 346.]
 [ 74. 119. 165. 194. 207. 219. 232. 244. 246. 250. 263. 264. 268. 272.
  289. 286. 283. 284. 286. 289. 291. 291. 291. 299. 296. 299. 298. 310.
  302. 264. 257. 264. 262. 266. 261. 267. 270. 269. 268. 276.]
 [121. 165. 201. 226. 248. 253. 269. 265. 272. 276. 269. 284. 280. 294.
  294. 287. 296. 295. 293. 299. 297. 298. 300. 301. 301. 305. 305. 310.
  313. 260. 265. 262. 263. 262. 261. 266. 262. 257. 262. 269.]]
##############################
[[ 47.  55.  89. 102. 114. 127. 132. 141. 136. 150. 140. 148. 157. 151.
  157. 163. 171. 169. 172. 176. 164. 178. 178. 177. 173. 180. 179. 179.
  181. 185. 159. 155. 161. 159. 162. 159. 157. 161. 161. 162.]
 [278. 357. 380. 382. 382. 388. 388. 389. 390. 392. 392. 393. 392. 392.
  393. 394. 397. 395. 396. 396. 398. 396. 396. 395. 395. 396. 396. 394.
  396. 397. 348. 345. 346. 346. 346. 346. 345. 347. 346. 346.]
 [ 74. 119. 165. 194. 207. 219. 232. 244. 246. 250. 263. 264. 268. 272.
  289. 286. 283. 284. 286. 289. 291. 291. 291. 299. 296. 299. 298. 310.
  302. 304. 257. 264. 262. 266. 261. 267. 270. 269. 268. 276.]
 [121. 165. 201. 226. 248. 253. 269. 265. 272. 276. 269. 284. 280. 294.
  294. 287. 296. 295. 293. 299. 297. 298. 300. 301. 301. 305. 305. 310.
  313. 305. 265. 262. 263. 262. 261. 266. 262. 257. 262. 269.]]
##############################
[[ 47.  55.  89. 102. 114. 127. 132. 141. 136. 150. 140. 148. 157. 151.
  157. 163. 171. 169. 172. 176. 164. 178. 178. 177. 173. 180. 179. 179.
  181. 185. 186. 155. 161. 159. 162. 159. 157. 161. 161. 162.]
 [278. 357. 380. 382. 382. 388. 388. 389. 390. 392. 392. 393. 392. 392.
  393. 394. 397. 395. 396. 396. 398. 396. 396. 395. 395. 396. 396. 394.
  396. 397. 397. 345. 346. 346. 346. 346. 345. 347. 346. 346.]
 [ 74. 119. 165. 194. 207. 219. 232. 244. 246. 250. 263. 264. 268. 272.
  289. 286. 283. 284. 286. 289. 291. 291. 291. 299. 296. 299. 298. 310.
  302. 304. 296. 264. 262. 266. 261. 267. 270. 269. 268. 276.]
 [121. 165. 201. 226. 248. 253. 269. 265. 272. 276. 269. 284. 280. 294.
  294. 287. 296. 295. 293. 299. 297. 298. 300. 301. 301. 305. 305. 310.
  313. 305. 310. 262. 263. 262. 261. 266. 262. 257. 262. 269.]]
##############################
[[ 47.  55.  89. 102. 114. 127. 132. 141. 136. 150. 140. 148. 157. 151.
  157. 163. 171. 169. 172. 176. 164. 178. 178. 177. 173. 180. 179. 179.
  181. 185. 186. 179. 161. 159. 162. 159. 157. 161. 161. 162.]
 [278. 357. 380. 382. 382. 388. 388. 389. 390. 392. 392. 393. 392. 392.
  393. 394. 397. 395. 396. 396. 398. 396. 396. 395. 395. 396. 396. 394.
  396. 397. 397. 394. 346. 346. 346. 346. 345. 347. 346. 346.]
 [ 74. 119. 165. 194. 207. 219. 232. 244. 246. 250. 263. 264. 268. 272.
  289. 286. 283. 284. 286. 289. 291. 291. 291. 299. 296. 299. 298. 310.
  302. 304. 296. 304. 262. 266. 261. 267. 270. 269. 268. 276.]
 [121. 165. 201. 226. 248. 253. 269. 265. 272. 276. 269. 284. 280. 294.
  294. 287. 296. 295. 293. 299. 297. 298. 300. 301. 301. 305. 305. 310.
  313. 305. 310. 304. 263. 262. 261. 266. 262. 257. 262. 269.]]
##############################
[[ 47.  55.  89. 102. 114. 127. 132. 141. 136. 150. 140. 148. 157. 151.
  157. 163. 171. 169. 172. 176. 164. 178. 178. 177. 173. 180. 179. 179.
  181. 185. 186. 179. 187. 159. 162. 159. 157. 161. 161. 162.]
 [278. 357. 380. 382. 382. 388. 388. 389. 390. 392. 392. 393. 392. 392.
  393. 394. 397. 395. 396. 396. 398. 396. 396. 395. 395. 396. 396. 394.
  396. 397. 397. 394. 395. 346. 346. 346. 345. 347. 346. 346.]
 [ 74. 119. 165. 194. 207. 219. 232. 244. 246. 250. 263. 264. 268. 272.
  289. 286. 283. 284. 286. 289. 291. 291. 291. 299. 296. 299. 298. 310.
  302. 304. 296. 304. 302. 266. 261. 267. 270. 269. 268. 276.]
 [121. 165. 201. 226. 248. 253. 269. 265. 272. 276. 269. 284. 280. 294.
  294. 287. 296. 295. 293. 299. 297. 298. 300. 301. 301. 305. 305. 310.
  313. 305. 310. 304. 307. 262. 261. 266. 262. 257. 262. 269.]]
##############################
[[ 47.  55.  89. 102. 114. 127. 132. 141. 136. 150. 140. 148. 157. 151.
  157. 163. 171. 169. 172. 176. 164. 178. 178. 177. 173. 180. 179. 179.
  181. 185. 186. 179. 187. 182. 162. 159. 157. 161. 161. 162.]
 [278. 357. 380. 382. 382. 388. 388. 389. 390. 392. 392. 393. 392. 392.
  393. 394. 397. 395. 396. 396. 398. 396. 396. 395. 395. 396. 396. 394.
  396. 397. 397. 394. 395. 395. 346. 346. 345. 347. 346. 346.]
 [ 74. 119. 165. 194. 207. 219. 232. 244. 246. 250. 263. 264. 268. 272.
  289. 286. 283. 284. 286. 289. 291. 291. 291. 299. 296. 299. 298. 310.
  302. 304. 296. 304. 302. 305. 261. 267. 270. 269. 268. 276.]
 [121. 165. 201. 226. 248. 253. 269. 265. 272. 276. 269. 284. 280. 294.
  294. 287. 296. 295. 293. 299. 297. 298. 300. 301. 301. 305. 305. 310.
  313. 305. 310. 304. 307. 306. 261. 266. 262. 257. 262. 269.]]
##############################
[[ 47.  55.  89. 102. 114. 127. 132. 141. 136. 150. 140. 148. 157. 151.
  157. 163. 171. 169. 172. 176. 164. 178. 178. 177. 173. 180. 179. 179.
  181. 185. 186. 179. 187. 182. 185. 159. 157. 161. 161. 162.]
 [278. 357. 380. 382. 382. 388. 388. 389. 390. 392. 392. 393. 392. 392.
  393. 394. 397. 395. 396. 396. 398. 396. 396. 395. 395. 396. 396. 394.
  396. 397. 397. 394. 395. 395. 395. 346. 345. 347. 346. 346.]
 [ 74. 119. 165. 194. 207. 219. 232. 244. 246. 250. 263. 264. 268. 272.
  289. 286. 283. 284. 286. 289. 291. 291. 291. 299. 296. 299. 298. 310.
  302. 304. 296. 304. 302. 305. 300. 267. 270. 269. 268. 276.]
 [121. 165. 201. 226. 248. 253. 269. 265. 272. 276. 269. 284. 280. 294.
  294. 287. 296. 295. 293. 299. 297. 298. 300. 301. 301. 305. 305. 310.
  313. 305. 310. 304. 307. 306. 304. 266. 262. 257. 262. 269.]]
##############################
[[ 47.  55.  89. 102. 114. 127. 132. 141. 136. 150. 140. 148. 157. 151.
  157. 163. 171. 169. 172. 176. 164. 178. 178. 177. 173. 180. 179. 179.
  181. 185. 186. 179. 187. 182. 185. 183. 157. 161. 161. 162.]
 [278. 357. 380. 382. 382. 388. 388. 389. 390. 392. 392. 393. 392. 392.
  393. 394. 397. 395. 396. 396. 398. 396. 396. 395. 395. 396. 396. 394.
  396. 397. 397. 394. 395. 395. 395. 395. 345. 347. 346. 346.]
 [ 74. 119. 165. 194. 207. 219. 232. 244. 246. 250. 263. 264. 268. 272.
  289. 286. 283. 284. 286. 289. 291. 291. 291. 299. 296. 299. 298. 310.
  302. 304. 296. 304. 302. 305. 300. 307. 270. 269. 268. 276.]
 [121. 165. 201. 226. 248. 253. 269. 265. 272. 276. 269. 284. 280. 294.
  294. 287. 296. 295. 293. 299. 297. 298. 300. 301. 301. 305. 305. 310.
  313. 305. 310. 304. 307. 306. 304. 308. 262. 257. 262. 269.]]
##############################
[[ 47.  55.  89. 102. 114. 127. 132. 141. 136. 150. 140. 148. 157. 151.
  157. 163. 171. 169. 172. 176. 164. 178. 178. 177. 173. 180. 179. 179.
  181. 185. 186. 179. 187. 182. 185. 183. 179. 161. 161. 162.]
 [278. 357. 380. 382. 382. 388. 388. 389. 390. 392. 392. 393. 392. 392.
  393. 394. 397. 395. 396. 396. 398. 396. 396. 395. 395. 396. 396. 394.
  396. 397. 397. 394. 395. 395. 395. 395. 394. 347. 346. 346.]
 [ 74. 119. 165. 194. 207. 219. 232. 244. 246. 250. 263. 264. 268. 272.
  289. 286. 283. 284. 286. 289. 291. 291. 291. 299. 296. 299. 298. 310.
  302. 304. 296. 304. 302. 305. 300. 307. 310. 269. 268. 276.]
 [121. 165. 201. 226. 248. 253. 269. 265. 272. 276. 269. 284. 280. 294.
  294. 287. 296. 295. 293. 299. 297. 298. 300. 301. 301. 305. 305. 310.
  313. 305. 310. 304. 307. 306. 304. 308. 306. 257. 262. 269.]]
##############################
[[ 47.  55.  89. 102. 114. 127. 132. 141. 136. 150. 140. 148. 157. 151.
  157. 163. 171. 169. 172. 176. 164. 178. 178. 177. 173. 180. 179. 179.
  181. 185. 186. 179. 187. 182. 185. 183. 179. 184. 161. 162.]
 [278. 357. 380. 382. 382. 388. 388. 389. 390. 392. 392. 393. 392. 392.
  393. 394. 397. 395. 396. 396. 398. 396. 396. 395. 395. 396. 396. 394.
  396. 397. 397. 394. 395. 395. 395. 395. 394. 396. 346. 346.]
 [ 74. 119. 165. 194. 207. 219. 232. 244. 246. 250. 263. 264. 268. 272.
  289. 286. 283. 284. 286. 289. 291. 291. 291. 299. 296. 299. 298. 310.
  302. 304. 296. 304. 302. 305. 300. 307. 310. 309. 268. 276.]
 [121. 165. 201. 226. 248. 253. 269. 265. 272. 276. 269. 284. 280. 294.
  294. 287. 296. 295. 293. 299. 297. 298. 300. 301. 301. 305. 305. 310.
  313. 305. 310. 304. 307. 306. 304. 308. 306. 299. 262. 269.]]
##############################
[[ 47.  55.  89. 102. 114. 127. 132. 141. 136. 150. 140. 148. 157. 151.
  157. 163. 171. 169. 172. 176. 164. 178. 178. 177. 173. 180. 179. 179.
  181. 185. 186. 179. 187. 182. 185. 183. 179. 184. 184. 162.]
 [278. 357. 380. 382. 382. 388. 388. 389. 390. 392. 392. 393. 392. 392.
  393. 394. 397. 395. 396. 396. 398. 396. 396. 395. 395. 396. 396. 394.
  396. 397. 397. 394. 395. 395. 395. 395. 394. 396. 395. 346.]
 [ 74. 119. 165. 194. 207. 219. 232. 244. 246. 250. 263. 264. 268. 272.
  289. 286. 283. 284. 286. 289. 291. 291. 291. 299. 296. 299. 298. 310.
  302. 304. 296. 304. 302. 305. 300. 307. 310. 309. 308. 276.]
 [121. 165. 201. 226. 248. 253. 269. 265. 272. 276. 269. 284. 280. 294.
  294. 287. 296. 295. 293. 299. 297. 298. 300. 301. 301. 305. 305. 310.
  313. 305. 310. 304. 307. 306. 304. 308. 306. 299. 304. 269.]]
##############################
[[ 47.  55.  89. 102. 114. 127. 132. 141. 136. 150. 140. 148. 157. 151.
  157. 163. 171. 169. 172. 176. 164. 178. 178. 177. 173. 180. 179. 179.
  181. 185. 186. 179. 187. 182. 185. 183. 179. 184. 184. 187.]
 [278. 357. 380. 382. 382. 388. 388. 389. 390. 392. 392. 393. 392. 392.
  393. 394. 397. 395. 396. 396. 398. 396. 396. 395. 395. 396. 396. 394.
  396. 397. 397. 394. 395. 395. 395. 395. 394. 396. 395. 396.]
 [ 74. 119. 165. 194. 207. 219. 232. 244. 246. 250. 263. 264. 268. 272.
  289. 286. 283. 284. 286. 289. 291. 291. 291. 299. 296. 299. 298. 310.
  302. 304. 296. 304. 302. 305. 300. 307. 310. 309. 308. 316.]
 [121. 165. 201. 226. 248. 253. 269. 265. 272. 276. 269. 284. 280. 294.
  294. 287. 296. 295. 293. 299. 297. 298. 300. 301. 301. 305. 305. 310.
  313. 305. 310. 304. 307. 306. 304. 308. 306. 299. 304. 313.]]
##############################
##################################################
##################################################
starting :9 batch
[[ 53.  55.  89. 102. 114. 127. 132. 141. 136. 150. 140. 148. 157. 151.
  157. 163. 171. 169. 172. 176. 164. 178. 178. 177. 173. 180. 179. 179.
  181. 185. 186. 179. 187. 182. 185. 183. 179. 184. 184. 187.]
 [314. 357. 380. 382. 382. 388. 388. 389. 390. 392. 392. 393. 392. 392.
  393. 394. 397. 395. 396. 396. 398. 396. 396. 395. 395. 396. 396. 394.
  396. 397. 397. 394. 395. 395. 395. 395. 394. 396. 395. 396.]
 [ 82. 119. 165. 194. 207. 219. 232. 244. 246. 250. 263. 264. 268. 272.
  289. 286. 283. 284. 286. 289. 291. 291. 291. 299. 296. 299. 298. 310.
  302. 304. 296. 304. 302. 305. 300. 307. 310. 309. 308. 316.]
 [132. 165. 201. 226. 248. 253. 269. 265. 272. 276. 269. 284. 280. 294.
  294. 287. 296. 295. 293. 299. 297. 298. 300. 301. 301. 305. 305. 310.
  313. 305. 310. 304. 307. 306. 304. 308. 306. 299. 304. 313.]]
##############################
[[ 53.  65.  89. 102. 114. 127. 132. 141. 136. 150. 140. 148. 157. 151.
  157. 163. 171. 169. 172. 176. 164. 178. 178. 177. 173. 180. 179. 179.
  181. 185. 186. 179. 187. 182. 185. 183. 179. 184. 184. 187.]
 [314. 403. 380. 382. 382. 388. 388. 389. 390. 392. 392. 393. 392. 392.
  393. 394. 397. 395. 396. 396. 398. 396. 396. 395. 395. 396. 396. 394.
  396. 397. 397. 394. 395. 395. 395. 395. 394. 396. 395. 396.]
 [ 82. 133. 165. 194. 207. 219. 232. 244. 246. 250. 263. 264. 268. 272.
  289. 286. 283. 284. 286. 289. 291. 291. 291. 299. 296. 299. 298. 310.
  302. 304. 296. 304. 302. 305. 300. 307. 310. 309. 308. 316.]
 [132. 188. 201. 226. 248. 253. 269. 265. 272. 276. 269. 284. 280. 294.
  294. 287. 296. 295. 293. 299. 297. 298. 300. 301. 301. 305. 305. 310.
  313. 305. 310. 304. 307. 306. 304. 308. 306. 299. 304. 313.]]
##############################
[[ 53.  65.  99. 102. 114. 127. 132. 141. 136. 150. 140. 148. 157. 151.
  157. 163. 171. 169. 172. 176. 164. 178. 178. 177. 173. 180. 179. 179.
  181. 185. 186. 179. 187. 182. 185. 183. 179. 184. 184. 187.]
 [314. 403. 429. 382. 382. 388. 388. 389. 390. 392. 392. 393. 392. 392.
  393. 394. 397. 395. 396. 396. 398. 396. 396. 395. 395. 396. 396. 394.
  396. 397. 397. 394. 395. 395. 395. 395. 394. 396. 395. 396.]
 [ 82. 133. 188. 194. 207. 219. 232. 244. 246. 250. 263. 264. 268. 272.
  289. 286. 283. 284. 286. 289. 291. 291. 291. 299. 296. 299. 298. 310.
  302. 304. 296. 304. 302. 305. 300. 307. 310. 309. 308. 316.]
 [132. 188. 228. 226. 248. 253. 269. 265. 272. 276. 269. 284. 280. 294.
  294. 287. 296. 295. 293. 299. 297. 298. 300. 301. 301. 305. 305. 310.
  313. 305. 310. 304. 307. 306. 304. 308. 306. 299. 304. 313.]]
##############################
[[ 53.  65.  99. 115. 114. 127. 132. 141. 136. 150. 140. 148. 157. 151.
  157. 163. 171. 169. 172. 176. 164. 178. 178. 177. 173. 180. 179. 179.
  181. 185. 186. 179. 187. 182. 185. 183. 179. 184. 184. 187.]
 [314. 403. 429. 432. 382. 388. 388. 389. 390. 392. 392. 393. 392. 392.
  393. 394. 397. 395. 396. 396. 398. 396. 396. 395. 395. 396. 396. 394.
  396. 397. 397. 394. 395. 395. 395. 395. 394. 396. 395. 396.]
 [ 82. 133. 188. 220. 207. 219. 232. 244. 246. 250. 263. 264. 268. 272.
  289. 286. 283. 284. 286. 289. 291. 291. 291. 299. 296. 299. 298. 310.
  302. 304. 296. 304. 302. 305. 300. 307. 310. 309. 308. 316.]
 [132. 188. 228. 253. 248. 253. 269. 265. 272. 276. 269. 284. 280. 294.
  294. 287. 296. 295. 293. 299. 297. 298. 300. 301. 301. 305. 305. 310.
  313. 305. 310. 304. 307. 306. 304. 308. 306. 299. 304. 313.]]
##############################
[[ 53.  65.  99. 115. 126. 127. 132. 141. 136. 150. 140. 148. 157. 151.
  157. 163. 171. 169. 172. 176. 164. 178. 178. 177. 173. 180. 179. 179.
  181. 185. 186. 179. 187. 182. 185. 183. 179. 184. 184. 187.]
 [314. 403. 429. 432. 432. 388. 388. 389. 390. 392. 392. 393. 392. 392.
  393. 394. 397. 395. 396. 396. 398. 396. 396. 395. 395. 396. 396. 394.
  396. 397. 397. 394. 395. 395. 395. 395. 394. 396. 395. 396.]
 [ 82. 133. 188. 220. 230. 219. 232. 244. 246. 250. 263. 264. 268. 272.
  289. 286. 283. 284. 286. 289. 291. 291. 291. 299. 296. 299. 298. 310.
  302. 304. 296. 304. 302. 305. 300. 307. 310. 309. 308. 316.]
 [132. 188. 228. 253. 277. 253. 269. 265. 272. 276. 269. 284. 280. 294.
  294. 287. 296. 295. 293. 299. 297. 298. 300. 301. 301. 305. 305. 310.
  313. 305. 310. 304. 307. 306. 304. 308. 306. 299. 304. 313.]]
##############################
[[ 53.  65.  99. 115. 126. 142. 132. 141. 136. 150. 140. 148. 157. 151.
  157. 163. 171. 169. 172. 176. 164. 178. 178. 177. 173. 180. 179. 179.
  181. 185. 186. 179. 187. 182. 185. 183. 179. 184. 184. 187.]
 [314. 403. 429. 432. 432. 437. 388. 389. 390. 392. 392. 393. 392. 392.
  393. 394. 397. 395. 396. 396. 398. 396. 396. 395. 395. 396. 396. 394.
  396. 397. 397. 394. 395. 395. 395. 395. 394. 396. 395. 396.]
 [ 82. 133. 188. 220. 230. 244. 232. 244. 246. 250. 263. 264. 268. 272.
  289. 286. 283. 284. 286. 289. 291. 291. 291. 299. 296. 299. 298. 310.
  302. 304. 296. 304. 302. 305. 300. 307. 310. 309. 308. 316.]
 [132. 188. 228. 253. 277. 284. 269. 265. 272. 276. 269. 284. 280. 294.
  294. 287. 296. 295. 293. 299. 297. 298. 300. 301. 301. 305. 305. 310.
  313. 305. 310. 304. 307. 306. 304. 308. 306. 299. 304. 313.]]
##############################
[[ 53.  65.  99. 115. 126. 142. 147. 141. 136. 150. 140. 148. 157. 151.
  157. 163. 171. 169. 172. 176. 164. 178. 178. 177. 173. 180. 179. 179.
  181. 185. 186. 179. 187. 182. 185. 183. 179. 184. 184. 187.]
 [314. 403. 429. 432. 432. 437. 438. 389. 390. 392. 392. 393. 392. 392.
  393. 394. 397. 395. 396. 396. 398. 396. 396. 395. 395. 396. 396. 394.
  396. 397. 397. 394. 395. 395. 395. 395. 394. 396. 395. 396.]
 [ 82. 133. 188. 220. 230. 244. 260. 244. 246. 250. 263. 264. 268. 272.
  289. 286. 283. 284. 286. 289. 291. 291. 291. 299. 296. 299. 298. 310.
  302. 304. 296. 304. 302. 305. 300. 307. 310. 309. 308. 316.]
 [132. 188. 228. 253. 277. 284. 304. 265. 272. 276. 269. 284. 280. 294.
  294. 287. 296. 295. 293. 299. 297. 298. 300. 301. 301. 305. 305. 310.
  313. 305. 310. 304. 307. 306. 304. 308. 306. 299. 304. 313.]]
##############################
[[ 53.  65.  99. 115. 126. 142. 147. 160. 136. 150. 140. 148. 157. 151.
  157. 163. 171. 169. 172. 176. 164. 178. 178. 177. 173. 180. 179. 179.
  181. 185. 186. 179. 187. 182. 185. 183. 179. 184. 184. 187.]
 [314. 403. 429. 432. 432. 437. 438. 439. 390. 392. 392. 393. 392. 392.
  393. 394. 397. 395. 396. 396. 398. 396. 396. 395. 395. 396. 396. 394.
  396. 397. 397. 394. 395. 395. 395. 395. 394. 396. 395. 396.]
 [ 82. 133. 188. 220. 230. 244. 260. 274. 246. 250. 263. 264. 268. 272.
  289. 286. 283. 284. 286. 289. 291. 291. 291. 299. 296. 299. 298. 310.
  302. 304. 296. 304. 302. 305. 300. 307. 310. 309. 308. 316.]
 [132. 188. 228. 253. 277. 284. 304. 298. 272. 276. 269. 284. 280. 294.
  294. 287. 296. 295. 293. 299. 297. 298. 300. 301. 301. 305. 305. 310.
  313. 305. 310. 304. 307. 306. 304. 308. 306. 299. 304. 313.]]
##############################
[[ 53.  65.  99. 115. 126. 142. 147. 160. 156. 150. 140. 148. 157. 151.
  157. 163. 171. 169. 172. 176. 164. 178. 178. 177. 173. 180. 179. 179.
  181. 185. 186. 179. 187. 182. 185. 183. 179. 184. 184. 187.]
 [314. 403. 429. 432. 432. 437. 438. 439. 440. 392. 392. 393. 392. 392.
  393. 394. 397. 395. 396. 396. 398. 396. 396. 395. 395. 396. 396. 394.
  396. 397. 397. 394. 395. 395. 395. 395. 394. 396. 395. 396.]
 [ 82. 133. 188. 220. 230. 244. 260. 274. 273. 250. 263. 264. 268. 272.
  289. 286. 283. 284. 286. 289. 291. 291. 291. 299. 296. 299. 298. 310.
  302. 304. 296. 304. 302. 305. 300. 307. 310. 309. 308. 316.]
 [132. 188. 228. 253. 277. 284. 304. 298. 307. 276. 269. 284. 280. 294.
  294. 287. 296. 295. 293. 299. 297. 298. 300. 301. 301. 305. 305. 310.
  313. 305. 310. 304. 307. 306. 304. 308. 306. 299. 304. 313.]]
##############################
[[ 53.  65.  99. 115. 126. 142. 147. 160. 156. 171. 140. 148. 157. 151.
  157. 163. 171. 169. 172. 176. 164. 178. 178. 177. 173. 180. 179. 179.
  181. 185. 186. 179. 187. 182. 185. 183. 179. 184. 184. 187.]
 [314. 403. 429. 432. 432. 437. 438. 439. 440. 442. 392. 393. 392. 392.
  393. 394. 397. 395. 396. 396. 398. 396. 396. 395. 395. 396. 396. 394.
  396. 397. 397. 394. 395. 395. 395. 395. 394. 396. 395. 396.]
 [ 82. 133. 188. 220. 230. 244. 260. 274. 273. 278. 263. 264. 268. 272.
  289. 286. 283. 284. 286. 289. 291. 291. 291. 299. 296. 299. 298. 310.
  302. 304. 296. 304. 302. 305. 300. 307. 310. 309. 308. 316.]
 [132. 188. 228. 253. 277. 284. 304. 298. 307. 310. 269. 284. 280. 294.
  294. 287. 296. 295. 293. 299. 297. 298. 300. 301. 301. 305. 305. 310.
  313. 305. 310. 304. 307. 306. 304. 308. 306. 299. 304. 313.]]
##############################
[[ 53.  65.  99. 115. 126. 142. 147. 160. 156. 171. 159. 148. 157. 151.
  157. 163. 171. 169. 172. 176. 164. 178. 178. 177. 173. 180. 179. 179.
  181. 185. 186. 179. 187. 182. 185. 183. 179. 184. 184. 187.]
 [314. 403. 429. 432. 432. 437. 438. 439. 440. 442. 441. 393. 392. 392.
  393. 394. 397. 395. 396. 396. 398. 396. 396. 395. 395. 396. 396. 394.
  396. 397. 397. 394. 395. 395. 395. 395. 394. 396. 395. 396.]
 [ 82. 133. 188. 220. 230. 244. 260. 274. 273. 278. 294. 264. 268. 272.
  289. 286. 283. 284. 286. 289. 291. 291. 291. 299. 296. 299. 298. 310.
  302. 304. 296. 304. 302. 305. 300. 307. 310. 309. 308. 316.]
 [132. 188. 228. 253. 277. 284. 304. 298. 307. 310. 305. 284. 280. 294.
  294. 287. 296. 295. 293. 299. 297. 298. 300. 301. 301. 305. 305. 310.
  313. 305. 310. 304. 307. 306. 304. 308. 306. 299. 304. 313.]]
##############################
[[ 53.  65.  99. 115. 126. 142. 147. 160. 156. 171. 159. 167. 157. 151.
  157. 163. 171. 169. 172. 176. 164. 178. 178. 177. 173. 180. 179. 179.
  181. 185. 186. 179. 187. 182. 185. 183. 179. 184. 184. 187.]
 [314. 403. 429. 432. 432. 437. 438. 439. 440. 442. 441. 442. 392. 392.
  393. 394. 397. 395. 396. 396. 398. 396. 396. 395. 395. 396. 396. 394.
  396. 397. 397. 394. 395. 395. 395. 395. 394. 396. 395. 396.]
 [ 82. 133. 188. 220. 230. 244. 260. 274. 273. 278. 294. 296. 268. 272.
  289. 286. 283. 284. 286. 289. 291. 291. 291. 299. 296. 299. 298. 310.
  302. 304. 296. 304. 302. 305. 300. 307. 310. 309. 308. 316.]
 [132. 188. 228. 253. 277. 284. 304. 298. 307. 310. 305. 318. 280. 294.
  294. 287. 296. 295. 293. 299. 297. 298. 300. 301. 301. 305. 305. 310.
  313. 305. 310. 304. 307. 306. 304. 308. 306. 299. 304. 313.]]
##############################
[[ 53.  65.  99. 115. 126. 142. 147. 160. 156. 171. 159. 167. 177. 151.
  157. 163. 171. 169. 172. 176. 164. 178. 178. 177. 173. 180. 179. 179.
  181. 185. 186. 179. 187. 182. 185. 183. 179. 184. 184. 187.]
 [314. 403. 429. 432. 432. 437. 438. 439. 440. 442. 441. 442. 442. 392.
  393. 394. 397. 395. 396. 396. 398. 396. 396. 395. 395. 396. 396. 394.
  396. 397. 397. 394. 395. 395. 395. 395. 394. 396. 395. 396.]
 [ 82. 133. 188. 220. 230. 244. 260. 274. 273. 278. 294. 296. 300. 272.
  289. 286. 283. 284. 286. 289. 291. 291. 291. 299. 296. 299. 298. 310.
  302. 304. 296. 304. 302. 305. 300. 307. 310. 309. 308. 316.]
 [132. 188. 228. 253. 277. 284. 304. 298. 307. 310. 305. 318. 317. 294.
  294. 287. 296. 295. 293. 299. 297. 298. 300. 301. 301. 305. 305. 310.
  313. 305. 310. 304. 307. 306. 304. 308. 306. 299. 304. 313.]]
##############################
[[ 53.  65.  99. 115. 126. 142. 147. 160. 156. 171. 159. 167. 177. 172.
  157. 163. 171. 169. 172. 176. 164. 178. 178. 177. 173. 180. 179. 179.
  181. 185. 186. 179. 187. 182. 185. 183. 179. 184. 184. 187.]
 [314. 403. 429. 432. 432. 437. 438. 439. 440. 442. 441. 442. 442. 442.
  393. 394. 397. 395. 396. 396. 398. 396. 396. 395. 395. 396. 396. 394.
  396. 397. 397. 394. 395. 395. 395. 395. 394. 396. 395. 396.]
 [ 82. 133. 188. 220. 230. 244. 260. 274. 273. 278. 294. 296. 300. 305.
  289. 286. 283. 284. 286. 289. 291. 291. 291. 299. 296. 299. 298. 310.
  302. 304. 296. 304. 302. 305. 300. 307. 310. 309. 308. 316.]
 [132. 188. 228. 253. 277. 284. 304. 298. 307. 310. 305. 318. 317. 332.
  294. 287. 296. 295. 293. 299. 297. 298. 300. 301. 301. 305. 305. 310.
  313. 305. 310. 304. 307. 306. 304. 308. 306. 299. 304. 313.]]
##############################
[[ 53.  65.  99. 115. 126. 142. 147. 160. 156. 171. 159. 167. 177. 172.
  179. 163. 171. 169. 172. 176. 164. 178. 178. 177. 173. 180. 179. 179.
  181. 185. 186. 179. 187. 182. 185. 183. 179. 184. 184. 187.]
 [314. 403. 429. 432. 432. 437. 438. 439. 440. 442. 441. 442. 442. 442.
  443. 394. 397. 395. 396. 396. 398. 396. 396. 395. 395. 396. 396. 394.
  396. 397. 397. 394. 395. 395. 395. 395. 394. 396. 395. 396.]
 [ 82. 133. 188. 220. 230. 244. 260. 274. 273. 278. 294. 296. 300. 305.
  319. 286. 283. 284. 286. 289. 291. 291. 291. 299. 296. 299. 298. 310.
  302. 304. 296. 304. 302. 305. 300. 307. 310. 309. 308. 316.]
 [132. 188. 228. 253. 277. 284. 304. 298. 307. 310. 305. 318. 317. 332.
  333. 287. 296. 295. 293. 299. 297. 298. 300. 301. 301. 305. 305. 310.
  313. 305. 310. 304. 307. 306. 304. 308. 306. 299. 304. 313.]]
##############################
[[ 53.  65.  99. 115. 126. 142. 147. 160. 156. 171. 159. 167. 177. 172.
  179. 185. 171. 169. 172. 176. 164. 178. 178. 177. 173. 180. 179. 179.
  181. 185. 186. 179. 187. 182. 185. 183. 179. 184. 184. 187.]
 [314. 403. 429. 432. 432. 437. 438. 439. 440. 442. 441. 442. 442. 442.
  443. 444. 397. 395. 396. 396. 398. 396. 396. 395. 395. 396. 396. 394.
  396. 397. 397. 394. 395. 395. 395. 395. 394. 396. 395. 396.]
 [ 82. 133. 188. 220. 230. 244. 260. 274. 273. 278. 294. 296. 300. 305.
  319. 320. 283. 284. 286. 289. 291. 291. 291. 299. 296. 299. 298. 310.
  302. 304. 296. 304. 302. 305. 300. 307. 310. 309. 308. 316.]
 [132. 188. 228. 253. 277. 284. 304. 298. 307. 310. 305. 318. 317. 332.
  333. 325. 296. 295. 293. 299. 297. 298. 300. 301. 301. 305. 305. 310.
  313. 305. 310. 304. 307. 306. 304. 308. 306. 299. 304. 313.]]
##############################
[[ 53.  65.  99. 115. 126. 142. 147. 160. 156. 171. 159. 167. 177. 172.
  179. 185. 194. 169. 172. 176. 164. 178. 178. 177. 173. 180. 179. 179.
  181. 185. 186. 179. 187. 182. 185. 183. 179. 184. 184. 187.]
 [314. 403. 429. 432. 432. 437. 438. 439. 440. 442. 441. 442. 442. 442.
  443. 444. 447. 395. 396. 396. 398. 396. 396. 395. 395. 396. 396. 394.
  396. 397. 397. 394. 395. 395. 395. 395. 394. 396. 395. 396.]
 [ 82. 133. 188. 220. 230. 244. 260. 274. 273. 278. 294. 296. 300. 305.
  319. 320. 317. 284. 286. 289. 291. 291. 291. 299. 296. 299. 298. 310.
  302. 304. 296. 304. 302. 305. 300. 307. 310. 309. 308. 316.]
 [132. 188. 228. 253. 277. 284. 304. 298. 307. 310. 305. 318. 317. 332.
  333. 325. 334. 295. 293. 299. 297. 298. 300. 301. 301. 305. 305. 310.
  313. 305. 310. 304. 307. 306. 304. 308. 306. 299. 304. 313.]]
##############################
[[ 53.  65.  99. 115. 126. 142. 147. 160. 156. 171. 159. 167. 177. 172.
  179. 185. 194. 191. 172. 176. 164. 178. 178. 177. 173. 180. 179. 179.
  181. 185. 186. 179. 187. 182. 185. 183. 179. 184. 184. 187.]
 [314. 403. 429. 432. 432. 437. 438. 439. 440. 442. 441. 442. 442. 442.
  443. 444. 447. 445. 396. 396. 398. 396. 396. 395. 395. 396. 396. 394.
  396. 397. 397. 394. 395. 395. 395. 395. 394. 396. 395. 396.]
 [ 82. 133. 188. 220. 230. 244. 260. 274. 273. 278. 294. 296. 300. 305.
  319. 320. 317. 318. 286. 289. 291. 291. 291. 299. 296. 299. 298. 310.
  302. 304. 296. 304. 302. 305. 300. 307. 310. 309. 308. 316.]
 [132. 188. 228. 253. 277. 284. 304. 298. 307. 310. 305. 318. 317. 332.
  333. 325. 334. 333. 293. 299. 297. 298. 300. 301. 301. 305. 305. 310.
  313. 305. 310. 304. 307. 306. 304. 308. 306. 299. 304. 313.]]
##############################
[[ 53.  65.  99. 115. 126. 142. 147. 160. 156. 171. 159. 167. 177. 172.
  179. 185. 194. 191. 193. 176. 164. 178. 178. 177. 173. 180. 179. 179.
  181. 185. 186. 179. 187. 182. 185. 183. 179. 184. 184. 187.]
 [314. 403. 429. 432. 432. 437. 438. 439. 440. 442. 441. 442. 442. 442.
  443. 444. 447. 445. 446. 396. 398. 396. 396. 395. 395. 396. 396. 394.
  396. 397. 397. 394. 395. 395. 395. 395. 394. 396. 395. 396.]
 [ 82. 133. 188. 220. 230. 244. 260. 274. 273. 278. 294. 296. 300. 305.
  319. 320. 317. 318. 323. 289. 291. 291. 291. 299. 296. 299. 298. 310.
  302. 304. 296. 304. 302. 305. 300. 307. 310. 309. 308. 316.]
 [132. 188. 228. 253. 277. 284. 304. 298. 307. 310. 305. 318. 317. 332.
  333. 325. 334. 333. 329. 299. 297. 298. 300. 301. 301. 305. 305. 310.
  313. 305. 310. 304. 307. 306. 304. 308. 306. 299. 304. 313.]]
##############################
[[ 53.  65.  99. 115. 126. 142. 147. 160. 156. 171. 159. 167. 177. 172.
  179. 185. 194. 191. 193. 197. 164. 178. 178. 177. 173. 180. 179. 179.
  181. 185. 186. 179. 187. 182. 185. 183. 179. 184. 184. 187.]
 [314. 403. 429. 432. 432. 437. 438. 439. 440. 442. 441. 442. 442. 442.
  443. 444. 447. 445. 446. 446. 398. 396. 396. 395. 395. 396. 396. 394.
  396. 397. 397. 394. 395. 395. 395. 395. 394. 396. 395. 396.]
 [ 82. 133. 188. 220. 230. 244. 260. 274. 273. 278. 294. 296. 300. 305.
  319. 320. 317. 318. 323. 326. 291. 291. 291. 299. 296. 299. 298. 310.
  302. 304. 296. 304. 302. 305. 300. 307. 310. 309. 308. 316.]
 [132. 188. 228. 253. 277. 284. 304. 298. 307. 310. 305. 318. 317. 332.
  333. 325. 334. 333. 329. 337. 297. 298. 300. 301. 301. 305. 305. 310.
  313. 305. 310. 304. 307. 306. 304. 308. 306. 299. 304. 313.]]
##############################
[[ 53.  65.  99. 115. 126. 142. 147. 160. 156. 171. 159. 167. 177. 172.
  179. 185. 194. 191. 193. 197. 185. 178. 178. 177. 173. 180. 179. 179.
  181. 185. 186. 179. 187. 182. 185. 183. 179. 184. 184. 187.]
 [314. 403. 429. 432. 432. 437. 438. 439. 440. 442. 441. 442. 442. 442.
  443. 444. 447. 445. 446. 446. 448. 396. 396. 395. 395. 396. 396. 394.
  396. 397. 397. 394. 395. 395. 395. 395. 394. 396. 395. 396.]
 [ 82. 133. 188. 220. 230. 244. 260. 274. 273. 278. 294. 296. 300. 305.
  319. 320. 317. 318. 323. 326. 326. 291. 291. 299. 296. 299. 298. 310.
  302. 304. 296. 304. 302. 305. 300. 307. 310. 309. 308. 316.]
 [132. 188. 228. 253. 277. 284. 304. 298. 307. 310. 305. 318. 317. 332.
  333. 325. 334. 333. 329. 337. 335. 298. 300. 301. 301. 305. 305. 310.
  313. 305. 310. 304. 307. 306. 304. 308. 306. 299. 304. 313.]]
##############################
[[ 53.  65.  99. 115. 126. 142. 147. 160. 156. 171. 159. 167. 177. 172.
  179. 185. 194. 191. 193. 197. 185. 201. 178. 177. 173. 180. 179. 179.
  181. 185. 186. 179. 187. 182. 185. 183. 179. 184. 184. 187.]
 [314. 403. 429. 432. 432. 437. 438. 439. 440. 442. 441. 442. 442. 442.
  443. 444. 447. 445. 446. 446. 448. 445. 396. 395. 395. 396. 396. 394.
  396. 397. 397. 394. 395. 395. 395. 395. 394. 396. 395. 396.]
 [ 82. 133. 188. 220. 230. 244. 260. 274. 273. 278. 294. 296. 300. 305.
  319. 320. 317. 318. 323. 326. 326. 328. 291. 299. 296. 299. 298. 310.
  302. 304. 296. 304. 302. 305. 300. 307. 310. 309. 308. 316.]
 [132. 188. 228. 253. 277. 284. 304. 298. 307. 310. 305. 318. 317. 332.
  333. 325. 334. 333. 329. 337. 335. 337. 300. 301. 301. 305. 305. 310.
  313. 305. 310. 304. 307. 306. 304. 308. 306. 299. 304. 313.]]
##############################
[[ 53.  65.  99. 115. 126. 142. 147. 160. 156. 171. 159. 167. 177. 172.
  179. 185. 194. 191. 193. 197. 185. 201. 202. 177. 173. 180. 179. 179.
  181. 185. 186. 179. 187. 182. 185. 183. 179. 184. 184. 187.]
 [314. 403. 429. 432. 432. 437. 438. 439. 440. 442. 441. 442. 442. 442.
  443. 444. 447. 445. 446. 446. 448. 445. 446. 395. 395. 396. 396. 394.
  396. 397. 397. 394. 395. 395. 395. 395. 394. 396. 395. 396.]
 [ 82. 133. 188. 220. 230. 244. 260. 274. 273. 278. 294. 296. 300. 305.
  319. 320. 317. 318. 323. 326. 326. 328. 327. 299. 296. 299. 298. 310.
  302. 304. 296. 304. 302. 305. 300. 307. 310. 309. 308. 316.]
 [132. 188. 228. 253. 277. 284. 304. 298. 307. 310. 305. 318. 317. 332.
  333. 325. 334. 333. 329. 337. 335. 337. 338. 301. 301. 305. 305. 310.
  313. 305. 310. 304. 307. 306. 304. 308. 306. 299. 304. 313.]]
##############################
[[ 53.  65.  99. 115. 126. 142. 147. 160. 156. 171. 159. 167. 177. 172.
  179. 185. 194. 191. 193. 197. 185. 201. 202. 202. 173. 180. 179. 179.
  181. 185. 186. 179. 187. 182. 185. 183. 179. 184. 184. 187.]
 [314. 403. 429. 432. 432. 437. 438. 439. 440. 442. 441. 442. 442. 442.
  443. 444. 447. 445. 446. 446. 448. 445. 446. 445. 395. 396. 396. 394.
  396. 397. 397. 394. 395. 395. 395. 395. 394. 396. 395. 396.]
 [ 82. 133. 188. 220. 230. 244. 260. 274. 273. 278. 294. 296. 300. 305.
  319. 320. 317. 318. 323. 326. 326. 328. 327. 335. 296. 299. 298. 310.
  302. 304. 296. 304. 302. 305. 300. 307. 310. 309. 308. 316.]
 [132. 188. 228. 253. 277. 284. 304. 298. 307. 310. 305. 318. 317. 332.
  333. 325. 334. 333. 329. 337. 335. 337. 338. 339. 301. 305. 305. 310.
  313. 305. 310. 304. 307. 306. 304. 308. 306. 299. 304. 313.]]
##############################
[[ 53.  65.  99. 115. 126. 142. 147. 160. 156. 171. 159. 167. 177. 172.
  179. 185. 194. 191. 193. 197. 185. 201. 202. 202. 199. 180. 179. 179.
  181. 185. 186. 179. 187. 182. 185. 183. 179. 184. 184. 187.]
 [314. 403. 429. 432. 432. 437. 438. 439. 440. 442. 441. 442. 442. 442.
  443. 444. 447. 445. 446. 446. 448. 445. 446. 445. 445. 396. 396. 394.
  396. 397. 397. 394. 395. 395. 395. 395. 394. 396. 395. 396.]
 [ 82. 133. 188. 220. 230. 244. 260. 274. 273. 278. 294. 296. 300. 305.
  319. 320. 317. 318. 323. 326. 326. 328. 327. 335. 334. 299. 298. 310.
  302. 304. 296. 304. 302. 305. 300. 307. 310. 309. 308. 316.]
 [132. 188. 228. 253. 277. 284. 304. 298. 307. 310. 305. 318. 317. 332.
  333. 325. 334. 333. 329. 337. 335. 337. 338. 339. 339. 305. 305. 310.
  313. 305. 310. 304. 307. 306. 304. 308. 306. 299. 304. 313.]]
##############################
[[ 53.  65.  99. 115. 126. 142. 147. 160. 156. 171. 159. 167. 177. 172.
  179. 185. 194. 191. 193. 197. 185. 201. 202. 202. 199. 204. 179. 179.
  181. 185. 186. 179. 187. 182. 185. 183. 179. 184. 184. 187.]
 [314. 403. 429. 432. 432. 437. 438. 439. 440. 442. 441. 442. 442. 442.
  443. 444. 447. 445. 446. 446. 448. 445. 446. 445. 445. 446. 396. 394.
  396. 397. 397. 394. 395. 395. 395. 395. 394. 396. 395. 396.]
 [ 82. 133. 188. 220. 230. 244. 260. 274. 273. 278. 294. 296. 300. 305.
  319. 320. 317. 318. 323. 326. 326. 328. 327. 335. 334. 337. 298. 310.
  302. 304. 296. 304. 302. 305. 300. 307. 310. 309. 308. 316.]
 [132. 188. 228. 253. 277. 284. 304. 298. 307. 310. 305. 318. 317. 332.
  333. 325. 334. 333. 329. 337. 335. 337. 338. 339. 339. 343. 305. 310.
  313. 305. 310. 304. 307. 306. 304. 308. 306. 299. 304. 313.]]
##############################
[[ 53.  65.  99. 115. 126. 142. 147. 160. 156. 171. 159. 167. 177. 172.
  179. 185. 194. 191. 193. 197. 185. 201. 202. 202. 199. 204. 203. 179.
  181. 185. 186. 179. 187. 182. 185. 183. 179. 184. 184. 187.]
 [314. 403. 429. 432. 432. 437. 438. 439. 440. 442. 441. 442. 442. 442.
  443. 444. 447. 445. 446. 446. 448. 445. 446. 445. 445. 446. 446. 394.
  396. 397. 397. 394. 395. 395. 395. 395. 394. 396. 395. 396.]
 [ 82. 133. 188. 220. 230. 244. 260. 274. 273. 278. 294. 296. 300. 305.
  319. 320. 317. 318. 323. 326. 326. 328. 327. 335. 334. 337. 337. 310.
  302. 304. 296. 304. 302. 305. 300. 307. 310. 309. 308. 316.]
 [132. 188. 228. 253. 277. 284. 304. 298. 307. 310. 305. 318. 317. 332.
  333. 325. 334. 333. 329. 337. 335. 337. 338. 339. 339. 343. 343. 310.
  313. 305. 310. 304. 307. 306. 304. 308. 306. 299. 304. 313.]]
##############################
[[ 53.  65.  99. 115. 126. 142. 147. 160. 156. 171. 159. 167. 177. 172.
  179. 185. 194. 191. 193. 197. 185. 201. 202. 202. 199. 204. 203. 202.
  181. 185. 186. 179. 187. 182. 185. 183. 179. 184. 184. 187.]
 [314. 403. 429. 432. 432. 437. 438. 439. 440. 442. 441. 442. 442. 442.
  443. 444. 447. 445. 446. 446. 448. 445. 446. 445. 445. 446. 446. 444.
  396. 397. 397. 394. 395. 395. 395. 395. 394. 396. 395. 396.]
 [ 82. 133. 188. 220. 230. 244. 260. 274. 273. 278. 294. 296. 300. 305.
  319. 320. 317. 318. 323. 326. 326. 328. 327. 335. 334. 337. 337. 347.
  302. 304. 296. 304. 302. 305. 300. 307. 310. 309. 308. 316.]
 [132. 188. 228. 253. 277. 284. 304. 298. 307. 310. 305. 318. 317. 332.
  333. 325. 334. 333. 329. 337. 335. 337. 338. 339. 339. 343. 343. 348.
  313. 305. 310. 304. 307. 306. 304. 308. 306. 299. 304. 313.]]
##############################
[[ 53.  65.  99. 115. 126. 142. 147. 160. 156. 171. 159. 167. 177. 172.
  179. 185. 194. 191. 193. 197. 185. 201. 202. 202. 199. 204. 203. 202.
  204. 185. 186. 179. 187. 182. 185. 183. 179. 184. 184. 187.]
 [314. 403. 429. 432. 432. 437. 438. 439. 440. 442. 441. 442. 442. 442.
  443. 444. 447. 445. 446. 446. 448. 445. 446. 445. 445. 446. 446. 444.
  446. 397. 397. 394. 395. 395. 395. 395. 394. 396. 395. 396.]
 [ 82. 133. 188. 220. 230. 244. 260. 274. 273. 278. 294. 296. 300. 305.
  319. 320. 317. 318. 323. 326. 326. 328. 327. 335. 334. 337. 337. 347.
  342. 304. 296. 304. 302. 305. 300. 307. 310. 309. 308. 316.]
 [132. 188. 228. 253. 277. 284. 304. 298. 307. 310. 305. 318. 317. 332.
  333. 325. 334. 333. 329. 337. 335. 337. 338. 339. 339. 343. 343. 348.
  352. 305. 310. 304. 307. 306. 304. 308. 306. 299. 304. 313.]]
##############################
[[ 53.  65.  99. 115. 126. 142. 147. 160. 156. 171. 159. 167. 177. 172.
  179. 185. 194. 191. 193. 197. 185. 201. 202. 202. 199. 204. 203. 202.
  204. 210. 186. 179. 187. 182. 185. 183. 179. 184. 184. 187.]
 [314. 403. 429. 432. 432. 437. 438. 439. 440. 442. 441. 442. 442. 442.
  443. 444. 447. 445. 446. 446. 448. 445. 446. 445. 445. 446. 446. 444.
  446. 447. 397. 394. 395. 395. 395. 395. 394. 396. 395. 396.]
 [ 82. 133. 188. 220. 230. 244. 260. 274. 273. 278. 294. 296. 300. 305.
  319. 320. 317. 318. 323. 326. 326. 328. 327. 335. 334. 337. 337. 347.
  342. 342. 296. 304. 302. 305. 300. 307. 310. 309. 308. 316.]
 [132. 188. 228. 253. 277. 284. 304. 298. 307. 310. 305. 318. 317. 332.
  333. 325. 334. 333. 329. 337. 335. 337. 338. 339. 339. 343. 343. 348.
  352. 345. 310. 304. 307. 306. 304. 308. 306. 299. 304. 313.]]
##############################
[[ 53.  65.  99. 115. 126. 142. 147. 160. 156. 171. 159. 167. 177. 172.
  179. 185. 194. 191. 193. 197. 185. 201. 202. 202. 199. 204. 203. 202.
  204. 210. 211. 179. 187. 182. 185. 183. 179. 184. 184. 187.]
 [314. 403. 429. 432. 432. 437. 438. 439. 440. 442. 441. 442. 442. 442.
  443. 444. 447. 445. 446. 446. 448. 445. 446. 445. 445. 446. 446. 444.
  446. 447. 447. 394. 395. 395. 395. 395. 394. 396. 395. 396.]
 [ 82. 133. 188. 220. 230. 244. 260. 274. 273. 278. 294. 296. 300. 305.
  319. 320. 317. 318. 323. 326. 326. 328. 327. 335. 334. 337. 337. 347.
  342. 342. 335. 304. 302. 305. 300. 307. 310. 309. 308. 316.]
 [132. 188. 228. 253. 277. 284. 304. 298. 307. 310. 305. 318. 317. 332.
  333. 325. 334. 333. 329. 337. 335. 337. 338. 339. 339. 343. 343. 348.
  352. 345. 349. 304. 307. 306. 304. 308. 306. 299. 304. 313.]]
##############################
[[ 53.  65.  99. 115. 126. 142. 147. 160. 156. 171. 159. 167. 177. 172.
  179. 185. 194. 191. 193. 197. 185. 201. 202. 202. 199. 204. 203. 202.
  204. 210. 211. 204. 187. 182. 185. 183. 179. 184. 184. 187.]
 [314. 403. 429. 432. 432. 437. 438. 439. 440. 442. 441. 442. 442. 442.
  443. 444. 447. 445. 446. 446. 448. 445. 446. 445. 445. 446. 446. 444.
  446. 447. 447. 444. 395. 395. 395. 395. 394. 396. 395. 396.]
 [ 82. 133. 188. 220. 230. 244. 260. 274. 273. 278. 294. 296. 300. 305.
  319. 320. 317. 318. 323. 326. 326. 328. 327. 335. 334. 337. 337. 347.
  342. 342. 335. 344. 302. 305. 300. 307. 310. 309. 308. 316.]
 [132. 188. 228. 253. 277. 284. 304. 298. 307. 310. 305. 318. 317. 332.
  333. 325. 334. 333. 329. 337. 335. 337. 338. 339. 339. 343. 343. 348.
  352. 345. 349. 343. 307. 306. 304. 308. 306. 299. 304. 313.]]
##############################
[[ 53.  65.  99. 115. 126. 142. 147. 160. 156. 171. 159. 167. 177. 172.
  179. 185. 194. 191. 193. 197. 185. 201. 202. 202. 199. 204. 203. 202.
  204. 210. 211. 204. 211. 182. 185. 183. 179. 184. 184. 187.]
 [314. 403. 429. 432. 432. 437. 438. 439. 440. 442. 441. 442. 442. 442.
  443. 444. 447. 445. 446. 446. 448. 445. 446. 445. 445. 446. 446. 444.
  446. 447. 447. 444. 445. 395. 395. 395. 394. 396. 395. 396.]
 [ 82. 133. 188. 220. 230. 244. 260. 274. 273. 278. 294. 296. 300. 305.
  319. 320. 317. 318. 323. 326. 326. 328. 327. 335. 334. 337. 337. 347.
  342. 342. 335. 344. 339. 305. 300. 307. 310. 309. 308. 316.]
 [132. 188. 228. 253. 277. 284. 304. 298. 307. 310. 305. 318. 317. 332.
  333. 325. 334. 333. 329. 337. 335. 337. 338. 339. 339. 343. 343. 348.
  352. 345. 349. 343. 347. 306. 304. 308. 306. 299. 304. 313.]]
##############################
[[ 53.  65.  99. 115. 126. 142. 147. 160. 156. 171. 159. 167. 177. 172.
  179. 185. 194. 191. 193. 197. 185. 201. 202. 202. 199. 204. 203. 202.
  204. 210. 211. 204. 211. 208. 185. 183. 179. 184. 184. 187.]
 [314. 403. 429. 432. 432. 437. 438. 439. 440. 442. 441. 442. 442. 442.
  443. 444. 447. 445. 446. 446. 448. 445. 446. 445. 445. 446. 446. 444.
  446. 447. 447. 444. 445. 445. 395. 395. 394. 396. 395. 396.]
 [ 82. 133. 188. 220. 230. 244. 260. 274. 273. 278. 294. 296. 300. 305.
  319. 320. 317. 318. 323. 326. 326. 328. 327. 335. 334. 337. 337. 347.
  342. 342. 335. 344. 339. 344. 300. 307. 310. 309. 308. 316.]
 [132. 188. 228. 253. 277. 284. 304. 298. 307. 310. 305. 318. 317. 332.
  333. 325. 334. 333. 329. 337. 335. 337. 338. 339. 339. 343. 343. 348.
  352. 345. 349. 343. 347. 345. 304. 308. 306. 299. 304. 313.]]
##############################
[[ 53.  65.  99. 115. 126. 142. 147. 160. 156. 171. 159. 167. 177. 172.
  179. 185. 194. 191. 193. 197. 185. 201. 202. 202. 199. 204. 203. 202.
  204. 210. 211. 204. 211. 208. 209. 183. 179. 184. 184. 187.]
 [314. 403. 429. 432. 432. 437. 438. 439. 440. 442. 441. 442. 442. 442.
  443. 444. 447. 445. 446. 446. 448. 445. 446. 445. 445. 446. 446. 444.
  446. 447. 447. 444. 445. 445. 445. 395. 394. 396. 395. 396.]
 [ 82. 133. 188. 220. 230. 244. 260. 274. 273. 278. 294. 296. 300. 305.
  319. 320. 317. 318. 323. 326. 326. 328. 327. 335. 334. 337. 337. 347.
  342. 342. 335. 344. 339. 344. 336. 307. 310. 309. 308. 316.]
 [132. 188. 228. 253. 277. 284. 304. 298. 307. 310. 305. 318. 317. 332.
  333. 325. 334. 333. 329. 337. 335. 337. 338. 339. 339. 343. 343. 348.
  352. 345. 349. 343. 347. 345. 342. 308. 306. 299. 304. 313.]]
##############################
[[ 53.  65.  99. 115. 126. 142. 147. 160. 156. 171. 159. 167. 177. 172.
  179. 185. 194. 191. 193. 197. 185. 201. 202. 202. 199. 204. 203. 202.
  204. 210. 211. 204. 211. 208. 209. 207. 179. 184. 184. 187.]
 [314. 403. 429. 432. 432. 437. 438. 439. 440. 442. 441. 442. 442. 442.
  443. 444. 447. 445. 446. 446. 448. 445. 446. 445. 445. 446. 446. 444.
  446. 447. 447. 444. 445. 445. 445. 445. 394. 396. 395. 396.]
 [ 82. 133. 188. 220. 230. 244. 260. 274. 273. 278. 294. 296. 300. 305.
  319. 320. 317. 318. 323. 326. 326. 328. 327. 335. 334. 337. 337. 347.
  342. 342. 335. 344. 339. 344. 336. 346. 310. 309. 308. 316.]
 [132. 188. 228. 253. 277. 284. 304. 298. 307. 310. 305. 318. 317. 332.
  333. 325. 334. 333. 329. 337. 335. 337. 338. 339. 339. 343. 343. 348.
  352. 345. 349. 343. 347. 345. 342. 347. 306. 299. 304. 313.]]
##############################
[[ 53.  65.  99. 115. 126. 142. 147. 160. 156. 171. 159. 167. 177. 172.
  179. 185. 194. 191. 193. 197. 185. 201. 202. 202. 199. 204. 203. 202.
  204. 210. 211. 204. 211. 208. 209. 207. 203. 184. 184. 187.]
 [314. 403. 429. 432. 432. 437. 438. 439. 440. 442. 441. 442. 442. 442.
  443. 444. 447. 445. 446. 446. 448. 445. 446. 445. 445. 446. 446. 444.
  446. 447. 447. 444. 445. 445. 445. 445. 444. 396. 395. 396.]
 [ 82. 133. 188. 220. 230. 244. 260. 274. 273. 278. 294. 296. 300. 305.
  319. 320. 317. 318. 323. 326. 326. 328. 327. 335. 334. 337. 337. 347.
  342. 342. 335. 344. 339. 344. 336. 346. 351. 309. 308. 316.]
 [132. 188. 228. 253. 277. 284. 304. 298. 307. 310. 305. 318. 317. 332.
  333. 325. 334. 333. 329. 337. 335. 337. 338. 339. 339. 343. 343. 348.
  352. 345. 349. 343. 347. 345. 342. 347. 345. 299. 304. 313.]]
##############################
[[ 53.  65.  99. 115. 126. 142. 147. 160. 156. 171. 159. 167. 177. 172.
  179. 185. 194. 191. 193. 197. 185. 201. 202. 202. 199. 204. 203. 202.
  204. 210. 211. 204. 211. 208. 209. 207. 203. 205. 184. 187.]
 [314. 403. 429. 432. 432. 437. 438. 439. 440. 442. 441. 442. 442. 442.
  443. 444. 447. 445. 446. 446. 448. 445. 446. 445. 445. 446. 446. 444.
  446. 447. 447. 444. 445. 445. 445. 445. 444. 446. 395. 396.]
 [ 82. 133. 188. 220. 230. 244. 260. 274. 273. 278. 294. 296. 300. 305.
  319. 320. 317. 318. 323. 326. 326. 328. 327. 335. 334. 337. 337. 347.
  342. 342. 335. 344. 339. 344. 336. 346. 351. 349. 308. 316.]
 [132. 188. 228. 253. 277. 284. 304. 298. 307. 310. 305. 318. 317. 332.
  333. 325. 334. 333. 329. 337. 335. 337. 338. 339. 339. 343. 343. 348.
  352. 345. 349. 343. 347. 345. 342. 347. 345. 340. 304. 313.]]
##############################
[[ 53.  65.  99. 115. 126. 142. 147. 160. 156. 171. 159. 167. 177. 172.
  179. 185. 194. 191. 193. 197. 185. 201. 202. 202. 199. 204. 203. 202.
  204. 210. 211. 204. 211. 208. 209. 207. 203. 205. 207. 187.]
 [314. 403. 429. 432. 432. 437. 438. 439. 440. 442. 441. 442. 442. 442.
  443. 444. 447. 445. 446. 446. 448. 445. 446. 445. 445. 446. 446. 444.
  446. 447. 447. 444. 445. 445. 445. 445. 444. 446. 445. 396.]
 [ 82. 133. 188. 220. 230. 244. 260. 274. 273. 278. 294. 296. 300. 305.
  319. 320. 317. 318. 323. 326. 326. 328. 327. 335. 334. 337. 337. 347.
  342. 342. 335. 344. 339. 344. 336. 346. 351. 349. 347. 316.]
 [132. 188. 228. 253. 277. 284. 304. 298. 307. 310. 305. 318. 317. 332.
  333. 325. 334. 333. 329. 337. 335. 337. 338. 339. 339. 343. 343. 348.
  352. 345. 349. 343. 347. 345. 342. 347. 345. 340. 346. 313.]]
##############################
[[ 53.  65.  99. 115. 126. 142. 147. 160. 156. 171. 159. 167. 177. 172.
  179. 185. 194. 191. 193. 197. 185. 201. 202. 202. 199. 204. 203. 202.
  204. 210. 211. 204. 211. 208. 209. 207. 203. 205. 207. 210.]
 [314. 403. 429. 432. 432. 437. 438. 439. 440. 442. 441. 442. 442. 442.
  443. 444. 447. 445. 446. 446. 448. 445. 446. 445. 445. 446. 446. 444.
  446. 447. 447. 444. 445. 445. 445. 445. 444. 446. 445. 446.]
 [ 82. 133. 188. 220. 230. 244. 260. 274. 273. 278. 294. 296. 300. 305.
  319. 320. 317. 318. 323. 326. 326. 328. 327. 335. 334. 337. 337. 347.
  342. 342. 335. 344. 339. 344. 336. 346. 351. 349. 347. 355.]
 [132. 188. 228. 253. 277. 284. 304. 298. 307. 310. 305. 318. 317. 332.
  333. 325. 334. 333. 329. 337. 335. 337. 338. 339. 339. 343. 343. 348.
  352. 345. 349. 343. 347. 345. 342. 347. 345. 340. 346. 353.]]
##############################
##################################################
##################################################
starting :10 batch
[[ 62.  65.  99. 115. 126. 142. 147. 160. 156. 171. 159. 167. 177. 172.
  179. 185. 194. 191. 193. 197. 185. 201. 202. 202. 199. 204. 203. 202.
  204. 210. 211. 204. 211. 208. 209. 207. 203. 205. 207. 210.]
 [357. 403. 429. 432. 432. 437. 438. 439. 440. 442. 441. 442. 442. 442.
  443. 444. 447. 445. 446. 446. 448. 445. 446. 445. 445. 446. 446. 444.
  446. 447. 447. 444. 445. 445. 445. 445. 444. 446. 445. 446.]
 [ 98. 133. 188. 220. 230. 244. 260. 274. 273. 278. 294. 296. 300. 305.
  319. 320. 317. 318. 323. 326. 326. 328. 327. 335. 334. 337. 337. 347.
  342. 342. 335. 344. 339. 344. 336. 346. 351. 349. 347. 355.]
 [148. 188. 228. 253. 277. 284. 304. 298. 307. 310. 305. 318. 317. 332.
  333. 325. 334. 333. 329. 337. 335. 337. 338. 339. 339. 343. 343. 348.
  352. 345. 349. 343. 347. 345. 342. 347. 345. 340. 346. 353.]]
##############################
[[ 62.  78.  99. 115. 126. 142. 147. 160. 156. 171. 159. 167. 177. 172.
  179. 185. 194. 191. 193. 197. 185. 201. 202. 202. 199. 204. 203. 202.
  204. 210. 211. 204. 211. 208. 209. 207. 203. 205. 207. 210.]
 [357. 452. 429. 432. 432. 437. 438. 439. 440. 442. 441. 442. 442. 442.
  443. 444. 447. 445. 446. 446. 448. 445. 446. 445. 445. 446. 446. 444.
  446. 447. 447. 444. 445. 445. 445. 445. 444. 446. 445. 446.]
 [ 98. 158. 188. 220. 230. 244. 260. 274. 273. 278. 294. 296. 300. 305.
  319. 320. 317. 318. 323. 326. 326. 328. 327. 335. 334. 337. 337. 347.
  342. 342. 335. 344. 339. 344. 336. 346. 351. 349. 347. 355.]
 [148. 213. 228. 253. 277. 284. 304. 298. 307. 310. 305. 318. 317. 332.
  333. 325. 334. 333. 329. 337. 335. 337. 338. 339. 339. 343. 343. 348.
  352. 345. 349. 343. 347. 345. 342. 347. 345. 340. 346. 353.]]
##############################
[[ 62.  78. 117. 115. 126. 142. 147. 160. 156. 171. 159. 167. 177. 172.
  179. 185. 194. 191. 193. 197. 185. 201. 202. 202. 199. 204. 203. 202.
  204. 210. 211. 204. 211. 208. 209. 207. 203. 205. 207. 210.]
 [357. 452. 478. 432. 432. 437. 438. 439. 440. 442. 441. 442. 442. 442.
  443. 444. 447. 445. 446. 446. 448. 445. 446. 445. 445. 446. 446. 444.
  446. 447. 447. 444. 445. 445. 445. 445. 444. 446. 445. 446.]
 [ 98. 158. 215. 220. 230. 244. 260. 274. 273. 278. 294. 296. 300. 305.
  319. 320. 317. 318. 323. 326. 326. 328. 327. 335. 334. 337. 337. 347.
  342. 342. 335. 344. 339. 344. 336. 346. 351. 349. 347. 355.]
 [148. 213. 258. 253. 277. 284. 304. 298. 307. 310. 305. 318. 317. 332.
  333. 325. 334. 333. 329. 337. 335. 337. 338. 339. 339. 343. 343. 348.
  352. 345. 349. 343. 347. 345. 342. 347. 345. 340. 346. 353.]]
##############################
[[ 62.  78. 117. 134. 126. 142. 147. 160. 156. 171. 159. 167. 177. 172.
  179. 185. 194. 191. 193. 197. 185. 201. 202. 202. 199. 204. 203. 202.
  204. 210. 211. 204. 211. 208. 209. 207. 203. 205. 207. 210.]
 [357. 452. 478. 482. 432. 437. 438. 439. 440. 442. 441. 442. 442. 442.
  443. 444. 447. 445. 446. 446. 448. 445. 446. 445. 445. 446. 446. 444.
  446. 447. 447. 444. 445. 445. 445. 445. 444. 446. 445. 446.]
 [ 98. 158. 215. 248. 230. 244. 260. 274. 273. 278. 294. 296. 300. 305.
  319. 320. 317. 318. 323. 326. 326. 328. 327. 335. 334. 337. 337. 347.
  342. 342. 335. 344. 339. 344. 336. 346. 351. 349. 347. 355.]
 [148. 213. 258. 286. 277. 284. 304. 298. 307. 310. 305. 318. 317. 332.
  333. 325. 334. 333. 329. 337. 335. 337. 338. 339. 339. 343. 343. 348.
  352. 345. 349. 343. 347. 345. 342. 347. 345. 340. 346. 353.]]
##############################
[[ 62.  78. 117. 134. 145. 142. 147. 160. 156. 171. 159. 167. 177. 172.
  179. 185. 194. 191. 193. 197. 185. 201. 202. 202. 199. 204. 203. 202.
  204. 210. 211. 204. 211. 208. 209. 207. 203. 205. 207. 210.]
 [357. 452. 478. 482. 482. 437. 438. 439. 440. 442. 441. 442. 442. 442.
  443. 444. 447. 445. 446. 446. 448. 445. 446. 445. 445. 446. 446. 444.
  446. 447. 447. 444. 445. 445. 445. 445. 444. 446. 445. 446.]
 [ 98. 158. 215. 248. 264. 244. 260. 274. 273. 278. 294. 296. 300. 305.
  319. 320. 317. 318. 323. 326. 326. 328. 327. 335. 334. 337. 337. 347.
  342. 342. 335. 344. 339. 344. 336. 346. 351. 349. 347. 355.]
 [148. 213. 258. 286. 314. 284. 304. 298. 307. 310. 305. 318. 317. 332.
  333. 325. 334. 333. 329. 337. 335. 337. 338. 339. 339. 343. 343. 348.
  352. 345. 349. 343. 347. 345. 342. 347. 345. 340. 346. 353.]]
##############################
[[ 62.  78. 117. 134. 145. 163. 147. 160. 156. 171. 159. 167. 177. 172.
  179. 185. 194. 191. 193. 197. 185. 201. 202. 202. 199. 204. 203. 202.
  204. 210. 211. 204. 211. 208. 209. 207. 203. 205. 207. 210.]
 [357. 452. 478. 482. 482. 487. 438. 439. 440. 442. 441. 442. 442. 442.
  443. 444. 447. 445. 446. 446. 448. 445. 446. 445. 445. 446. 446. 444.
  446. 447. 447. 444. 445. 445. 445. 445. 444. 446. 445. 446.]
 [ 98. 158. 215. 248. 264. 281. 260. 274. 273. 278. 294. 296. 300. 305.
  319. 320. 317. 318. 323. 326. 326. 328. 327. 335. 334. 337. 337. 347.
  342. 342. 335. 344. 339. 344. 336. 346. 351. 349. 347. 355.]
 [148. 213. 258. 286. 314. 322. 304. 298. 307. 310. 305. 318. 317. 332.
  333. 325. 334. 333. 329. 337. 335. 337. 338. 339. 339. 343. 343. 348.
  352. 345. 349. 343. 347. 345. 342. 347. 345. 340. 346. 353.]]
##############################
[[ 62.  78. 117. 134. 145. 163. 170. 160. 156. 171. 159. 167. 177. 172.
  179. 185. 194. 191. 193. 197. 185. 201. 202. 202. 199. 204. 203. 202.
  204. 210. 211. 204. 211. 208. 209. 207. 203. 205. 207. 210.]
 [357. 452. 478. 482. 482. 487. 488. 439. 440. 442. 441. 442. 442. 442.
  443. 444. 447. 445. 446. 446. 448. 445. 446. 445. 445. 446. 446. 444.
  446. 447. 447. 444. 445. 445. 445. 445. 444. 446. 445. 446.]
 [ 98. 158. 215. 248. 264. 281. 298. 274. 273. 278. 294. 296. 300. 305.
  319. 320. 317. 318. 323. 326. 326. 328. 327. 335. 334. 337. 337. 347.
  342. 342. 335. 344. 339. 344. 336. 346. 351. 349. 347. 355.]
 [148. 213. 258. 286. 314. 322. 344. 298. 307. 310. 305. 318. 317. 332.
  333. 325. 334. 333. 329. 337. 335. 337. 338. 339. 339. 343. 343. 348.
  352. 345. 349. 343. 347. 345. 342. 347. 345. 340. 346. 353.]]
##############################
[[ 62.  78. 117. 134. 145. 163. 170. 183. 156. 171. 159. 167. 177. 172.
  179. 185. 194. 191. 193. 197. 185. 201. 202. 202. 199. 204. 203. 202.
  204. 210. 211. 204. 211. 208. 209. 207. 203. 205. 207. 210.]
 [357. 452. 478. 482. 482. 487. 488. 489. 440. 442. 441. 442. 442. 442.
  443. 444. 447. 445. 446. 446. 448. 445. 446. 445. 445. 446. 446. 444.
  446. 447. 447. 444. 445. 445. 445. 445. 444. 446. 445. 446.]
 [ 98. 158. 215. 248. 264. 281. 298. 311. 273. 278. 294. 296. 300. 305.
  319. 320. 317. 318. 323. 326. 326. 328. 327. 335. 334. 337. 337. 347.
  342. 342. 335. 344. 339. 344. 336. 346. 351. 349. 347. 355.]
 [148. 213. 258. 286. 314. 322. 344. 336. 307. 310. 305. 318. 317. 332.
  333. 325. 334. 333. 329. 337. 335. 337. 338. 339. 339. 343. 343. 348.
  352. 345. 349. 343. 347. 345. 342. 347. 345. 340. 346. 353.]]
##############################
[[ 62.  78. 117. 134. 145. 163. 170. 183. 178. 171. 159. 167. 177. 172.
  179. 185. 194. 191. 193. 197. 185. 201. 202. 202. 199. 204. 203. 202.
  204. 210. 211. 204. 211. 208. 209. 207. 203. 205. 207. 210.]
 [357. 452. 478. 482. 482. 487. 488. 489. 490. 442. 441. 442. 442. 442.
  443. 444. 447. 445. 446. 446. 448. 445. 446. 445. 445. 446. 446. 444.
  446. 447. 447. 444. 445. 445. 445. 445. 444. 446. 445. 446.]
 [ 98. 158. 215. 248. 264. 281. 298. 311. 310. 278. 294. 296. 300. 305.
  319. 320. 317. 318. 323. 326. 326. 328. 327. 335. 334. 337. 337. 347.
  342. 342. 335. 344. 339. 344. 336. 346. 351. 349. 347. 355.]
 [148. 213. 258. 286. 314. 322. 344. 336. 345. 310. 305. 318. 317. 332.
  333. 325. 334. 333. 329. 337. 335. 337. 338. 339. 339. 343. 343. 348.
  352. 345. 349. 343. 347. 345. 342. 347. 345. 340. 346. 353.]]
##############################
[[ 62.  78. 117. 134. 145. 163. 170. 183. 178. 193. 159. 167. 177. 172.
  179. 185. 194. 191. 193. 197. 185. 201. 202. 202. 199. 204. 203. 202.
  204. 210. 211. 204. 211. 208. 209. 207. 203. 205. 207. 210.]
 [357. 452. 478. 482. 482. 487. 488. 489. 490. 492. 441. 442. 442. 442.
  443. 444. 447. 445. 446. 446. 448. 445. 446. 445. 445. 446. 446. 444.
  446. 447. 447. 444. 445. 445. 445. 445. 444. 446. 445. 446.]
 [ 98. 158. 215. 248. 264. 281. 298. 311. 310. 318. 294. 296. 300. 305.
  319. 320. 317. 318. 323. 326. 326. 328. 327. 335. 334. 337. 337. 347.
  342. 342. 335. 344. 339. 344. 336. 346. 351. 349. 347. 355.]
 [148. 213. 258. 286. 314. 322. 344. 336. 345. 347. 305. 318. 317. 332.
  333. 325. 334. 333. 329. 337. 335. 337. 338. 339. 339. 343. 343. 348.
  352. 345. 349. 343. 347. 345. 342. 347. 345. 340. 346. 353.]]
##############################
[[ 62.  78. 117. 134. 145. 163. 170. 183. 178. 193. 180. 167. 177. 172.
  179. 185. 194. 191. 193. 197. 185. 201. 202. 202. 199. 204. 203. 202.
  204. 210. 211. 204. 211. 208. 209. 207. 203. 205. 207. 210.]
 [357. 452. 478. 482. 482. 487. 488. 489. 490. 492. 491. 442. 442. 442.
  443. 444. 447. 445. 446. 446. 448. 445. 446. 445. 445. 446. 446. 444.
  446. 447. 447. 444. 445. 445. 445. 445. 444. 446. 445. 446.]
 [ 98. 158. 215. 248. 264. 281. 298. 311. 310. 318. 335. 296. 300. 305.
  319. 320. 317. 318. 323. 326. 326. 328. 327. 335. 334. 337. 337. 347.
  342. 342. 335. 344. 339. 344. 336. 346. 351. 349. 347. 355.]
 [148. 213. 258. 286. 314. 322. 344. 336. 345. 347. 344. 318. 317. 332.
  333. 325. 334. 333. 329. 337. 335. 337. 338. 339. 339. 343. 343. 348.
  352. 345. 349. 343. 347. 345. 342. 347. 345. 340. 346. 353.]]
##############################
[[ 62.  78. 117. 134. 145. 163. 170. 183. 178. 193. 180. 190. 177. 172.
  179. 185. 194. 191. 193. 197. 185. 201. 202. 202. 199. 204. 203. 202.
  204. 210. 211. 204. 211. 208. 209. 207. 203. 205. 207. 210.]
 [357. 452. 478. 482. 482. 487. 488. 489. 490. 492. 491. 492. 442. 442.
  443. 444. 447. 445. 446. 446. 448. 445. 446. 445. 445. 446. 446. 444.
  446. 447. 447. 444. 445. 445. 445. 445. 444. 446. 445. 446.]
 [ 98. 158. 215. 248. 264. 281. 298. 311. 310. 318. 335. 336. 300. 305.
  319. 320. 317. 318. 323. 326. 326. 328. 327. 335. 334. 337. 337. 347.
  342. 342. 335. 344. 339. 344. 336. 346. 351. 349. 347. 355.]
 [148. 213. 258. 286. 314. 322. 344. 336. 345. 347. 344. 356. 317. 332.
  333. 325. 334. 333. 329. 337. 335. 337. 338. 339. 339. 343. 343. 348.
  352. 345. 349. 343. 347. 345. 342. 347. 345. 340. 346. 353.]]
##############################
[[ 62.  78. 117. 134. 145. 163. 170. 183. 178. 193. 180. 190. 201. 172.
  179. 185. 194. 191. 193. 197. 185. 201. 202. 202. 199. 204. 203. 202.
  204. 210. 211. 204. 211. 208. 209. 207. 203. 205. 207. 210.]
 [357. 452. 478. 482. 482. 487. 488. 489. 490. 492. 491. 492. 492. 442.
  443. 444. 447. 445. 446. 446. 448. 445. 446. 445. 445. 446. 446. 444.
  446. 447. 447. 444. 445. 445. 445. 445. 444. 446. 445. 446.]
 [ 98. 158. 215. 248. 264. 281. 298. 311. 310. 318. 335. 336. 340. 305.
  319. 320. 317. 318. 323. 326. 326. 328. 327. 335. 334. 337. 337. 347.
  342. 342. 335. 344. 339. 344. 336. 346. 351. 349. 347. 355.]
 [148. 213. 258. 286. 314. 322. 344. 336. 345. 347. 344. 356. 361. 332.
  333. 325. 334. 333. 329. 337. 335. 337. 338. 339. 339. 343. 343. 348.
  352. 345. 349. 343. 347. 345. 342. 347. 345. 340. 346. 353.]]
##############################
[[ 62.  78. 117. 134. 145. 163. 170. 183. 178. 193. 180. 190. 201. 196.
  179. 185. 194. 191. 193. 197. 185. 201. 202. 202. 199. 204. 203. 202.
  204. 210. 211. 204. 211. 208. 209. 207. 203. 205. 207. 210.]
 [357. 452. 478. 482. 482. 487. 488. 489. 490. 492. 491. 492. 492. 492.
  443. 444. 447. 445. 446. 446. 448. 445. 446. 445. 445. 446. 446. 444.
  446. 447. 447. 444. 445. 445. 445. 445. 444. 446. 445. 446.]
 [ 98. 158. 215. 248. 264. 281. 298. 311. 310. 318. 335. 336. 340. 347.
  319. 320. 317. 318. 323. 326. 326. 328. 327. 335. 334. 337. 337. 347.
  342. 342. 335. 344. 339. 344. 336. 346. 351. 349. 347. 355.]
 [148. 213. 258. 286. 314. 322. 344. 336. 345. 347. 344. 356. 361. 376.
  333. 325. 334. 333. 329. 337. 335. 337. 338. 339. 339. 343. 343. 348.
  352. 345. 349. 343. 347. 345. 342. 347. 345. 340. 346. 353.]]
##############################
[[ 62.  78. 117. 134. 145. 163. 170. 183. 178. 193. 180. 190. 201. 196.
  203. 185. 194. 191. 193. 197. 185. 201. 202. 202. 199. 204. 203. 202.
  204. 210. 211. 204. 211. 208. 209. 207. 203. 205. 207. 210.]
 [357. 452. 478. 482. 482. 487. 488. 489. 490. 492. 491. 492. 492. 492.
  493. 444. 447. 445. 446. 446. 448. 445. 446. 445. 445. 446. 446. 444.
  446. 447. 447. 444. 445. 445. 445. 445. 444. 446. 445. 446.]
 [ 98. 158. 215. 248. 264. 281. 298. 311. 310. 318. 335. 336. 340. 347.
  361. 320. 317. 318. 323. 326. 326. 328. 327. 335. 334. 337. 337. 347.
  342. 342. 335. 344. 339. 344. 336. 346. 351. 349. 347. 355.]
 [148. 213. 258. 286. 314. 322. 344. 336. 345. 347. 344. 356. 361. 376.
  377. 325. 334. 333. 329. 337. 335. 337. 338. 339. 339. 343. 343. 348.
  352. 345. 349. 343. 347. 345. 342. 347. 345. 340. 346. 353.]]
##############################
[[ 62.  78. 117. 134. 145. 163. 170. 183. 178. 193. 180. 190. 201. 196.
  203. 208. 194. 191. 193. 197. 185. 201. 202. 202. 199. 204. 203. 202.
  204. 210. 211. 204. 211. 208. 209. 207. 203. 205. 207. 210.]
 [357. 452. 478. 482. 482. 487. 488. 489. 490. 492. 491. 492. 492. 492.
  493. 494. 447. 445. 446. 446. 448. 445. 446. 445. 445. 446. 446. 444.
  446. 447. 447. 444. 445. 445. 445. 445. 444. 446. 445. 446.]
 [ 98. 158. 215. 248. 264. 281. 298. 311. 310. 318. 335. 336. 340. 347.
  361. 363. 317. 318. 323. 326. 326. 328. 327. 335. 334. 337. 337. 347.
  342. 342. 335. 344. 339. 344. 336. 346. 351. 349. 347. 355.]
 [148. 213. 258. 286. 314. 322. 344. 336. 345. 347. 344. 356. 361. 376.
  377. 367. 334. 333. 329. 337. 335. 337. 338. 339. 339. 343. 343. 348.
  352. 345. 349. 343. 347. 345. 342. 347. 345. 340. 346. 353.]]
##############################
[[ 62.  78. 117. 134. 145. 163. 170. 183. 178. 193. 180. 190. 201. 196.
  203. 208. 220. 191. 193. 197. 185. 201. 202. 202. 199. 204. 203. 202.
  204. 210. 211. 204. 211. 208. 209. 207. 203. 205. 207. 210.]
 [357. 452. 478. 482. 482. 487. 488. 489. 490. 492. 491. 492. 492. 492.
  493. 494. 497. 445. 446. 446. 448. 445. 446. 445. 445. 446. 446. 444.
  446. 447. 447. 444. 445. 445. 445. 445. 444. 446. 445. 446.]
 [ 98. 158. 215. 248. 264. 281. 298. 311. 310. 318. 335. 336. 340. 347.
  361. 363. 360. 318. 323. 326. 326. 328. 327. 335. 334. 337. 337. 347.
  342. 342. 335. 344. 339. 344. 336. 346. 351. 349. 347. 355.]
 [148. 213. 258. 286. 314. 322. 344. 336. 345. 347. 344. 356. 361. 376.
  377. 367. 378. 333. 329. 337. 335. 337. 338. 339. 339. 343. 343. 348.
  352. 345. 349. 343. 347. 345. 342. 347. 345. 340. 346. 353.]]
##############################
[[ 62.  78. 117. 134. 145. 163. 170. 183. 178. 193. 180. 190. 201. 196.
  203. 208. 220. 216. 193. 197. 185. 201. 202. 202. 199. 204. 203. 202.
  204. 210. 211. 204. 211. 208. 209. 207. 203. 205. 207. 210.]
 [357. 452. 478. 482. 482. 487. 488. 489. 490. 492. 491. 492. 492. 492.
  493. 494. 497. 495. 446. 446. 448. 445. 446. 445. 445. 446. 446. 444.
  446. 447. 447. 444. 445. 445. 445. 445. 444. 446. 445. 446.]
 [ 98. 158. 215. 248. 264. 281. 298. 311. 310. 318. 335. 336. 340. 347.
  361. 363. 360. 361. 323. 326. 326. 328. 327. 335. 334. 337. 337. 347.
  342. 342. 335. 344. 339. 344. 336. 346. 351. 349. 347. 355.]
 [148. 213. 258. 286. 314. 322. 344. 336. 345. 347. 344. 356. 361. 376.
  377. 367. 378. 377. 329. 337. 335. 337. 338. 339. 339. 343. 343. 348.
  352. 345. 349. 343. 347. 345. 342. 347. 345. 340. 346. 353.]]
##############################
[[ 62.  78. 117. 134. 145. 163. 170. 183. 178. 193. 180. 190. 201. 196.
  203. 208. 220. 216. 218. 197. 185. 201. 202. 202. 199. 204. 203. 202.
  204. 210. 211. 204. 211. 208. 209. 207. 203. 205. 207. 210.]
 [357. 452. 478. 482. 482. 487. 488. 489. 490. 492. 491. 492. 492. 492.
  493. 494. 497. 495. 496. 446. 448. 445. 446. 445. 445. 446. 446. 444.
  446. 447. 447. 444. 445. 445. 445. 445. 444. 446. 445. 446.]
 [ 98. 158. 215. 248. 264. 281. 298. 311. 310. 318. 335. 336. 340. 347.
  361. 363. 360. 361. 366. 326. 326. 328. 327. 335. 334. 337. 337. 347.
  342. 342. 335. 344. 339. 344. 336. 346. 351. 349. 347. 355.]
 [148. 213. 258. 286. 314. 322. 344. 336. 345. 347. 344. 356. 361. 376.
  377. 367. 378. 377. 374. 337. 335. 337. 338. 339. 339. 343. 343. 348.
  352. 345. 349. 343. 347. 345. 342. 347. 345. 340. 346. 353.]]
##############################
[[ 62.  78. 117. 134. 145. 163. 170. 183. 178. 193. 180. 190. 201. 196.
  203. 208. 220. 216. 218. 223. 185. 201. 202. 202. 199. 204. 203. 202.
  204. 210. 211. 204. 211. 208. 209. 207. 203. 205. 207. 210.]
 [357. 452. 478. 482. 482. 487. 488. 489. 490. 492. 491. 492. 492. 492.
  493. 494. 497. 495. 496. 496. 448. 445. 446. 445. 445. 446. 446. 444.
  446. 447. 447. 444. 445. 445. 445. 445. 444. 446. 445. 446.]
 [ 98. 158. 215. 248. 264. 281. 298. 311. 310. 318. 335. 336. 340. 347.
  361. 363. 360. 361. 366. 370. 326. 328. 327. 335. 334. 337. 337. 347.
  342. 342. 335. 344. 339. 344. 336. 346. 351. 349. 347. 355.]
 [148. 213. 258. 286. 314. 322. 344. 336. 345. 347. 344. 356. 361. 376.
  377. 367. 378. 377. 374. 383. 335. 337. 338. 339. 339. 343. 343. 348.
  352. 345. 349. 343. 347. 345. 342. 347. 345. 340. 346. 353.]]
##############################
[[ 62.  78. 117. 134. 145. 163. 170. 183. 178. 193. 180. 190. 201. 196.
  203. 208. 220. 216. 218. 223. 211. 201. 202. 202. 199. 204. 203. 202.
  204. 210. 211. 204. 211. 208. 209. 207. 203. 205. 207. 210.]
 [357. 452. 478. 482. 482. 487. 488. 489. 490. 492. 491. 492. 492. 492.
  493. 494. 497. 495. 496. 496. 498. 445. 446. 445. 445. 446. 446. 444.
  446. 447. 447. 444. 445. 445. 445. 445. 444. 446. 445. 446.]
 [ 98. 158. 215. 248. 264. 281. 298. 311. 310. 318. 335. 336. 340. 347.
  361. 363. 360. 361. 366. 370. 369. 328. 327. 335. 334. 337. 337. 347.
  342. 342. 335. 344. 339. 344. 336. 346. 351. 349. 347. 355.]
 [148. 213. 258. 286. 314. 322. 344. 336. 345. 347. 344. 356. 361. 376.
  377. 367. 378. 377. 374. 383. 380. 337. 338. 339. 339. 343. 343. 348.
  352. 345. 349. 343. 347. 345. 342. 347. 345. 340. 346. 353.]]
##############################
[[ 62.  78. 117. 134. 145. 163. 170. 183. 178. 193. 180. 190. 201. 196.
  203. 208. 220. 216. 218. 223. 211. 225. 202. 202. 199. 204. 203. 202.
  204. 210. 211. 204. 211. 208. 209. 207. 203. 205. 207. 210.]
 [357. 452. 478. 482. 482. 487. 488. 489. 490. 492. 491. 492. 492. 492.
  493. 494. 497. 495. 496. 496. 498. 495. 446. 445. 445. 446. 446. 444.
  446. 447. 447. 444. 445. 445. 445. 445. 444. 446. 445. 446.]
 [ 98. 158. 215. 248. 264. 281. 298. 311. 310. 318. 335. 336. 340. 347.
  361. 363. 360. 361. 366. 370. 369. 369. 327. 335. 334. 337. 337. 347.
  342. 342. 335. 344. 339. 344. 336. 346. 351. 349. 347. 355.]
 [148. 213. 258. 286. 314. 322. 344. 336. 345. 347. 344. 356. 361. 376.
  377. 367. 378. 377. 374. 383. 380. 381. 338. 339. 339. 343. 343. 348.
  352. 345. 349. 343. 347. 345. 342. 347. 345. 340. 346. 353.]]
##############################
[[ 62.  78. 117. 134. 145. 163. 170. 183. 178. 193. 180. 190. 201. 196.
  203. 208. 220. 216. 218. 223. 211. 225. 226. 202. 199. 204. 203. 202.
  204. 210. 211. 204. 211. 208. 209. 207. 203. 205. 207. 210.]
 [357. 452. 478. 482. 482. 487. 488. 489. 490. 492. 491. 492. 492. 492.
  493. 494. 497. 495. 496. 496. 498. 495. 496. 445. 445. 446. 446. 444.
  446. 447. 447. 444. 445. 445. 445. 445. 444. 446. 445. 446.]
 [ 98. 158. 215. 248. 264. 281. 298. 311. 310. 318. 335. 336. 340. 347.
  361. 363. 360. 361. 366. 370. 369. 369. 370. 335. 334. 337. 337. 347.
  342. 342. 335. 344. 339. 344. 336. 346. 351. 349. 347. 355.]
 [148. 213. 258. 286. 314. 322. 344. 336. 345. 347. 344. 356. 361. 376.
  377. 367. 378. 377. 374. 383. 380. 381. 382. 339. 339. 343. 343. 348.
  352. 345. 349. 343. 347. 345. 342. 347. 345. 340. 346. 353.]]
##############################
[[ 62.  78. 117. 134. 145. 163. 170. 183. 178. 193. 180. 190. 201. 196.
  203. 208. 220. 216. 218. 223. 211. 225. 226. 227. 199. 204. 203. 202.
  204. 210. 211. 204. 211. 208. 209. 207. 203. 205. 207. 210.]
 [357. 452. 478. 482. 482. 487. 488. 489. 490. 492. 491. 492. 492. 492.
  493. 494. 497. 495. 496. 496. 498. 495. 496. 495. 445. 446. 446. 444.
  446. 447. 447. 444. 445. 445. 445. 445. 444. 446. 445. 446.]
 [ 98. 158. 215. 248. 264. 281. 298. 311. 310. 318. 335. 336. 340. 347.
  361. 363. 360. 361. 366. 370. 369. 369. 370. 378. 334. 337. 337. 347.
  342. 342. 335. 344. 339. 344. 336. 346. 351. 349. 347. 355.]
 [148. 213. 258. 286. 314. 322. 344. 336. 345. 347. 344. 356. 361. 376.
  377. 367. 378. 377. 374. 383. 380. 381. 382. 384. 339. 343. 343. 348.
  352. 345. 349. 343. 347. 345. 342. 347. 345. 340. 346. 353.]]
##############################
[[ 62.  78. 117. 134. 145. 163. 170. 183. 178. 193. 180. 190. 201. 196.
  203. 208. 220. 216. 218. 223. 211. 225. 226. 227. 221. 204. 203. 202.
  204. 210. 211. 204. 211. 208. 209. 207. 203. 205. 207. 210.]
 [357. 452. 478. 482. 482. 487. 488. 489. 490. 492. 491. 492. 492. 492.
  493. 494. 497. 495. 496. 496. 498. 495. 496. 495. 495. 446. 446. 444.
  446. 447. 447. 444. 445. 445. 445. 445. 444. 446. 445. 446.]
 [ 98. 158. 215. 248. 264. 281. 298. 311. 310. 318. 335. 336. 340. 347.
  361. 363. 360. 361. 366. 370. 369. 369. 370. 378. 376. 337. 337. 347.
  342. 342. 335. 344. 339. 344. 336. 346. 351. 349. 347. 355.]
 [148. 213. 258. 286. 314. 322. 344. 336. 345. 347. 344. 356. 361. 376.
  377. 367. 378. 377. 374. 383. 380. 381. 382. 384. 384. 343. 343. 348.
  352. 345. 349. 343. 347. 345. 342. 347. 345. 340. 346. 353.]]
##############################
[[ 62.  78. 117. 134. 145. 163. 170. 183. 178. 193. 180. 190. 201. 196.
  203. 208. 220. 216. 218. 223. 211. 225. 226. 227. 221. 230. 203. 202.
  204. 210. 211. 204. 211. 208. 209. 207. 203. 205. 207. 210.]
 [357. 452. 478. 482. 482. 487. 488. 489. 490. 492. 491. 492. 492. 492.
  493. 494. 497. 495. 496. 496. 498. 495. 496. 495. 495. 496. 446. 444.
  446. 447. 447. 444. 445. 445. 445. 445. 444. 446. 445. 446.]
 [ 98. 158. 215. 248. 264. 281. 298. 311. 310. 318. 335. 336. 340. 347.
  361. 363. 360. 361. 366. 370. 369. 369. 370. 378. 376. 379. 337. 347.
  342. 342. 335. 344. 339. 344. 336. 346. 351. 349. 347. 355.]
 [148. 213. 258. 286. 314. 322. 344. 336. 345. 347. 344. 356. 361. 376.
  377. 367. 378. 377. 374. 383. 380. 381. 382. 384. 384. 387. 343. 348.
  352. 345. 349. 343. 347. 345. 342. 347. 345. 340. 346. 353.]]
##############################
[[ 62.  78. 117. 134. 145. 163. 170. 183. 178. 193. 180. 190. 201. 196.
  203. 208. 220. 216. 218. 223. 211. 225. 226. 227. 221. 230. 227. 202.
  204. 210. 211. 204. 211. 208. 209. 207. 203. 205. 207. 210.]
 [357. 452. 478. 482. 482. 487. 488. 489. 490. 492. 491. 492. 492. 492.
  493. 494. 497. 495. 496. 496. 498. 495. 496. 495. 495. 496. 496. 444.
  446. 447. 447. 444. 445. 445. 445. 445. 444. 446. 445. 446.]
 [ 98. 158. 215. 248. 264. 281. 298. 311. 310. 318. 335. 336. 340. 347.
  361. 363. 360. 361. 366. 370. 369. 369. 370. 378. 376. 379. 381. 347.
  342. 342. 335. 344. 339. 344. 336. 346. 351. 349. 347. 355.]
 [148. 213. 258. 286. 314. 322. 344. 336. 345. 347. 344. 356. 361. 376.
  377. 367. 378. 377. 374. 383. 380. 381. 382. 384. 384. 387. 388. 348.
  352. 345. 349. 343. 347. 345. 342. 347. 345. 340. 346. 353.]]
##############################
[[ 62.  78. 117. 134. 145. 163. 170. 183. 178. 193. 180. 190. 201. 196.
  203. 208. 220. 216. 218. 223. 211. 225. 226. 227. 221. 230. 227. 226.
  204. 210. 211. 204. 211. 208. 209. 207. 203. 205. 207. 210.]
 [357. 452. 478. 482. 482. 487. 488. 489. 490. 492. 491. 492. 492. 492.
  493. 494. 497. 495. 496. 496. 498. 495. 496. 495. 495. 496. 496. 494.
  446. 447. 447. 444. 445. 445. 445. 445. 444. 446. 445. 446.]
 [ 98. 158. 215. 248. 264. 281. 298. 311. 310. 318. 335. 336. 340. 347.
  361. 363. 360. 361. 366. 370. 369. 369. 370. 378. 376. 379. 381. 391.
  342. 342. 335. 344. 339. 344. 336. 346. 351. 349. 347. 355.]
 [148. 213. 258. 286. 314. 322. 344. 336. 345. 347. 344. 356. 361. 376.
  377. 367. 378. 377. 374. 383. 380. 381. 382. 384. 384. 387. 388. 394.
  352. 345. 349. 343. 347. 345. 342. 347. 345. 340. 346. 353.]]
##############################
[[ 62.  78. 117. 134. 145. 163. 170. 183. 178. 193. 180. 190. 201. 196.
  203. 208. 220. 216. 218. 223. 211. 225. 226. 227. 221. 230. 227. 226.
  230. 210. 211. 204. 211. 208. 209. 207. 203. 205. 207. 210.]
 [357. 452. 478. 482. 482. 487. 488. 489. 490. 492. 491. 492. 492. 492.
  493. 494. 497. 495. 496. 496. 498. 495. 496. 495. 495. 496. 496. 494.
  496. 447. 447. 444. 445. 445. 445. 445. 444. 446. 445. 446.]
 [ 98. 158. 215. 248. 264. 281. 298. 311. 310. 318. 335. 336. 340. 347.
  361. 363. 360. 361. 366. 370. 369. 369. 370. 378. 376. 379. 381. 391.
  386. 342. 335. 344. 339. 344. 336. 346. 351. 349. 347. 355.]
 [148. 213. 258. 286. 314. 322. 344. 336. 345. 347. 344. 356. 361. 376.
  377. 367. 378. 377. 374. 383. 380. 381. 382. 384. 384. 387. 388. 394.
  397. 345. 349. 343. 347. 345. 342. 347. 345. 340. 346. 353.]]
##############################
[[ 62.  78. 117. 134. 145. 163. 170. 183. 178. 193. 180. 190. 201. 196.
  203. 208. 220. 216. 218. 223. 211. 225. 226. 227. 221. 230. 227. 226.
  230. 238. 211. 204. 211. 208. 209. 207. 203. 205. 207. 210.]
 [357. 452. 478. 482. 482. 487. 488. 489. 490. 492. 491. 492. 492. 492.
  493. 494. 497. 495. 496. 496. 498. 495. 496. 495. 495. 496. 496. 494.
  496. 497. 447. 444. 445. 445. 445. 445. 444. 446. 445. 446.]
 [ 98. 158. 215. 248. 264. 281. 298. 311. 310. 318. 335. 336. 340. 347.
  361. 363. 360. 361. 366. 370. 369. 369. 370. 378. 376. 379. 381. 391.
  386. 386. 335. 344. 339. 344. 336. 346. 351. 349. 347. 355.]
 [148. 213. 258. 286. 314. 322. 344. 336. 345. 347. 344. 356. 361. 376.
  377. 367. 378. 377. 374. 383. 380. 381. 382. 384. 384. 387. 388. 394.
  397. 390. 349. 343. 347. 345. 342. 347. 345. 340. 346. 353.]]
##############################
[[ 62.  78. 117. 134. 145. 163. 170. 183. 178. 193. 180. 190. 201. 196.
  203. 208. 220. 216. 218. 223. 211. 225. 226. 227. 221. 230. 227. 226.
  230. 238. 237. 204. 211. 208. 209. 207. 203. 205. 207. 210.]
 [357. 452. 478. 482. 482. 487. 488. 489. 490. 492. 491. 492. 492. 492.
  493. 494. 497. 495. 496. 496. 498. 495. 496. 495. 495. 496. 496. 494.
  496. 497. 497. 444. 445. 445. 445. 445. 444. 446. 445. 446.]
 [ 98. 158. 215. 248. 264. 281. 298. 311. 310. 318. 335. 336. 340. 347.
  361. 363. 360. 361. 366. 370. 369. 369. 370. 378. 376. 379. 381. 391.
  386. 386. 379. 344. 339. 344. 336. 346. 351. 349. 347. 355.]
 [148. 213. 258. 286. 314. 322. 344. 336. 345. 347. 344. 356. 361. 376.
  377. 367. 378. 377. 374. 383. 380. 381. 382. 384. 384. 387. 388. 394.
  397. 390. 393. 343. 347. 345. 342. 347. 345. 340. 346. 353.]]
##############################
[[ 62.  78. 117. 134. 145. 163. 170. 183. 178. 193. 180. 190. 201. 196.
  203. 208. 220. 216. 218. 223. 211. 225. 226. 227. 221. 230. 227. 226.
  230. 238. 237. 229. 211. 208. 209. 207. 203. 205. 207. 210.]
 [357. 452. 478. 482. 482. 487. 488. 489. 490. 492. 491. 492. 492. 492.
  493. 494. 497. 495. 496. 496. 498. 495. 496. 495. 495. 496. 496. 494.
  496. 497. 497. 494. 445. 445. 445. 445. 444. 446. 445. 446.]
 [ 98. 158. 215. 248. 264. 281. 298. 311. 310. 318. 335. 336. 340. 347.
  361. 363. 360. 361. 366. 370. 369. 369. 370. 378. 376. 379. 381. 391.
  386. 386. 379. 388. 339. 344. 336. 346. 351. 349. 347. 355.]
 [148. 213. 258. 286. 314. 322. 344. 336. 345. 347. 344. 356. 361. 376.
  377. 367. 378. 377. 374. 383. 380. 381. 382. 384. 384. 387. 388. 394.
  397. 390. 393. 389. 347. 345. 342. 347. 345. 340. 346. 353.]]
##############################
[[ 62.  78. 117. 134. 145. 163. 170. 183. 178. 193. 180. 190. 201. 196.
  203. 208. 220. 216. 218. 223. 211. 225. 226. 227. 221. 230. 227. 226.
  230. 238. 237. 229. 236. 208. 209. 207. 203. 205. 207. 210.]
 [357. 452. 478. 482. 482. 487. 488. 489. 490. 492. 491. 492. 492. 492.
  493. 494. 497. 495. 496. 496. 498. 495. 496. 495. 495. 496. 496. 494.
  496. 497. 497. 494. 495. 445. 445. 445. 444. 446. 445. 446.]
 [ 98. 158. 215. 248. 264. 281. 298. 311. 310. 318. 335. 336. 340. 347.
  361. 363. 360. 361. 366. 370. 369. 369. 370. 378. 376. 379. 381. 391.
  386. 386. 379. 388. 382. 344. 336. 346. 351. 349. 347. 355.]
 [148. 213. 258. 286. 314. 322. 344. 336. 345. 347. 344. 356. 361. 376.
  377. 367. 378. 377. 374. 383. 380. 381. 382. 384. 384. 387. 388. 394.
  397. 390. 393. 389. 392. 345. 342. 347. 345. 340. 346. 353.]]
##############################
[[ 62.  78. 117. 134. 145. 163. 170. 183. 178. 193. 180. 190. 201. 196.
  203. 208. 220. 216. 218. 223. 211. 225. 226. 227. 221. 230. 227. 226.
  230. 238. 237. 229. 236. 233. 209. 207. 203. 205. 207. 210.]
 [357. 452. 478. 482. 482. 487. 488. 489. 490. 492. 491. 492. 492. 492.
  493. 494. 497. 495. 496. 496. 498. 495. 496. 495. 495. 496. 496. 494.
  496. 497. 497. 494. 495. 495. 445. 445. 444. 446. 445. 446.]
 [ 98. 158. 215. 248. 264. 281. 298. 311. 310. 318. 335. 336. 340. 347.
  361. 363. 360. 361. 366. 370. 369. 369. 370. 378. 376. 379. 381. 391.
  386. 386. 379. 388. 382. 386. 336. 346. 351. 349. 347. 355.]
 [148. 213. 258. 286. 314. 322. 344. 336. 345. 347. 344. 356. 361. 376.
  377. 367. 378. 377. 374. 383. 380. 381. 382. 384. 384. 387. 388. 394.
  397. 390. 393. 389. 392. 390. 342. 347. 345. 340. 346. 353.]]
##############################
[[ 62.  78. 117. 134. 145. 163. 170. 183. 178. 193. 180. 190. 201. 196.
  203. 208. 220. 216. 218. 223. 211. 225. 226. 227. 221. 230. 227. 226.
  230. 238. 237. 229. 236. 233. 235. 207. 203. 205. 207. 210.]
 [357. 452. 478. 482. 482. 487. 488. 489. 490. 492. 491. 492. 492. 492.
  493. 494. 497. 495. 496. 496. 498. 495. 496. 495. 495. 496. 496. 494.
  496. 497. 497. 494. 495. 495. 495. 445. 444. 446. 445. 446.]
 [ 98. 158. 215. 248. 264. 281. 298. 311. 310. 318. 335. 336. 340. 347.
  361. 363. 360. 361. 366. 370. 369. 369. 370. 378. 376. 379. 381. 391.
  386. 386. 379. 388. 382. 386. 379. 346. 351. 349. 347. 355.]
 [148. 213. 258. 286. 314. 322. 344. 336. 345. 347. 344. 356. 361. 376.
  377. 367. 378. 377. 374. 383. 380. 381. 382. 384. 384. 387. 388. 394.
  397. 390. 393. 389. 392. 390. 387. 347. 345. 340. 346. 353.]]
##############################
[[ 62.  78. 117. 134. 145. 163. 170. 183. 178. 193. 180. 190. 201. 196.
  203. 208. 220. 216. 218. 223. 211. 225. 226. 227. 221. 230. 227. 226.
  230. 238. 237. 229. 236. 233. 235. 234. 203. 205. 207. 210.]
 [357. 452. 478. 482. 482. 487. 488. 489. 490. 492. 491. 492. 492. 492.
  493. 494. 497. 495. 496. 496. 498. 495. 496. 495. 495. 496. 496. 494.
  496. 497. 497. 494. 495. 495. 495. 495. 444. 446. 445. 446.]
 [ 98. 158. 215. 248. 264. 281. 298. 311. 310. 318. 335. 336. 340. 347.
  361. 363. 360. 361. 366. 370. 369. 369. 370. 378. 376. 379. 381. 391.
  386. 386. 379. 388. 382. 386. 379. 392. 351. 349. 347. 355.]
 [148. 213. 258. 286. 314. 322. 344. 336. 345. 347. 344. 356. 361. 376.
  377. 367. 378. 377. 374. 383. 380. 381. 382. 384. 384. 387. 388. 394.
  397. 390. 393. 389. 392. 390. 387. 394. 345. 340. 346. 353.]]
##############################
[[ 62.  78. 117. 134. 145. 163. 170. 183. 178. 193. 180. 190. 201. 196.
  203. 208. 220. 216. 218. 223. 211. 225. 226. 227. 221. 230. 227. 226.
  230. 238. 237. 229. 236. 233. 235. 234. 229. 205. 207. 210.]
 [357. 452. 478. 482. 482. 487. 488. 489. 490. 492. 491. 492. 492. 492.
  493. 494. 497. 495. 496. 496. 498. 495. 496. 495. 495. 496. 496. 494.
  496. 497. 497. 494. 495. 495. 495. 495. 494. 446. 445. 446.]
 [ 98. 158. 215. 248. 264. 281. 298. 311. 310. 318. 335. 336. 340. 347.
  361. 363. 360. 361. 366. 370. 369. 369. 370. 378. 376. 379. 381. 391.
  386. 386. 379. 388. 382. 386. 379. 392. 396. 349. 347. 355.]
 [148. 213. 258. 286. 314. 322. 344. 336. 345. 347. 344. 356. 361. 376.
  377. 367. 378. 377. 374. 383. 380. 381. 382. 384. 384. 387. 388. 394.
  397. 390. 393. 389. 392. 390. 387. 394. 390. 340. 346. 353.]]
##############################
[[ 62.  78. 117. 134. 145. 163. 170. 183. 178. 193. 180. 190. 201. 196.
  203. 208. 220. 216. 218. 223. 211. 225. 226. 227. 221. 230. 227. 226.
  230. 238. 237. 229. 236. 233. 235. 234. 229. 231. 207. 210.]
 [357. 452. 478. 482. 482. 487. 488. 489. 490. 492. 491. 492. 492. 492.
  493. 494. 497. 495. 496. 496. 498. 495. 496. 495. 495. 496. 496. 494.
  496. 497. 497. 494. 495. 495. 495. 495. 494. 496. 445. 446.]
 [ 98. 158. 215. 248. 264. 281. 298. 311. 310. 318. 335. 336. 340. 347.
  361. 363. 360. 361. 366. 370. 369. 369. 370. 378. 376. 379. 381. 391.
  386. 386. 379. 388. 382. 386. 379. 392. 396. 395. 347. 355.]
 [148. 213. 258. 286. 314. 322. 344. 336. 345. 347. 344. 356. 361. 376.
  377. 367. 378. 377. 374. 383. 380. 381. 382. 384. 384. 387. 388. 394.
  397. 390. 393. 389. 392. 390. 387. 394. 390. 385. 346. 353.]]
##############################
[[ 62.  78. 117. 134. 145. 163. 170. 183. 178. 193. 180. 190. 201. 196.
  203. 208. 220. 216. 218. 223. 211. 225. 226. 227. 221. 230. 227. 226.
  230. 238. 237. 229. 236. 233. 235. 234. 229. 231. 232. 210.]
 [357. 452. 478. 482. 482. 487. 488. 489. 490. 492. 491. 492. 492. 492.
  493. 494. 497. 495. 496. 496. 498. 495. 496. 495. 495. 496. 496. 494.
  496. 497. 497. 494. 495. 495. 495. 495. 494. 496. 495. 446.]
 [ 98. 158. 215. 248. 264. 281. 298. 311. 310. 318. 335. 336. 340. 347.
  361. 363. 360. 361. 366. 370. 369. 369. 370. 378. 376. 379. 381. 391.
  386. 386. 379. 388. 382. 386. 379. 392. 396. 395. 392. 355.]
 [148. 213. 258. 286. 314. 322. 344. 336. 345. 347. 344. 356. 361. 376.
  377. 367. 378. 377. 374. 383. 380. 381. 382. 384. 384. 387. 388. 394.
  397. 390. 393. 389. 392. 390. 387. 394. 390. 385. 392. 353.]]
##############################
[[ 62.  78. 117. 134. 145. 163. 170. 183. 178. 193. 180. 190. 201. 196.
  203. 208. 220. 216. 218. 223. 211. 225. 226. 227. 221. 230. 227. 226.
  230. 238. 237. 229. 236. 233. 235. 234. 229. 231. 232. 237.]
 [357. 452. 478. 482. 482. 487. 488. 489. 490. 492. 491. 492. 492. 492.
  493. 494. 497. 495. 496. 496. 498. 495. 496. 495. 495. 496. 496. 494.
  496. 497. 497. 494. 495. 495. 495. 495. 494. 496. 495. 496.]
 [ 98. 158. 215. 248. 264. 281. 298. 311. 310. 318. 335. 336. 340. 347.
  361. 363. 360. 361. 366. 370. 369. 369. 370. 378. 376. 379. 381. 391.
  386. 386. 379. 388. 382. 386. 379. 392. 396. 395. 392. 400.]
 [148. 213. 258. 286. 314. 322. 344. 336. 345. 347. 344. 356. 361. 376.
  377. 367. 378. 377. 374. 383. 380. 381. 382. 384. 384. 387. 388. 394.
  397. 390. 393. 389. 392. 390. 387. 394. 390. 385. 392. 398.]]
##############################
##################################################
##################################################
starting :11 batch
[[ 68.  78. 117. 134. 145. 163. 170. 183. 178. 193. 180. 190. 201. 196.
  203. 208. 220. 216. 218. 223. 211. 225. 226. 227. 221. 230. 227. 226.
  230. 238. 237. 229. 236. 233. 235. 234. 229. 231. 232. 237.]
 [400. 452. 478. 482. 482. 487. 488. 489. 490. 492. 491. 492. 492. 492.
  493. 494. 497. 495. 496. 496. 498. 495. 496. 495. 495. 496. 496. 494.
  496. 497. 497. 494. 495. 495. 495. 495. 494. 496. 495. 496.]
 [114. 158. 215. 248. 264. 281. 298. 311. 310. 318. 335. 336. 340. 347.
  361. 363. 360. 361. 366. 370. 369. 369. 370. 378. 376. 379. 381. 391.
  386. 386. 379. 388. 382. 386. 379. 392. 396. 395. 392. 400.]
 [166. 213. 258. 286. 314. 322. 344. 336. 345. 347. 344. 356. 361. 376.
  377. 367. 378. 377. 374. 383. 380. 381. 382. 384. 384. 387. 388. 394.
  397. 390. 393. 389. 392. 390. 387. 394. 390. 385. 392. 398.]]
##############################
[[ 68.  89. 117. 134. 145. 163. 170. 183. 178. 193. 180. 190. 201. 196.
  203. 208. 220. 216. 218. 223. 211. 225. 226. 227. 221. 230. 227. 226.
  230. 238. 237. 229. 236. 233. 235. 234. 229. 231. 232. 237.]
 [400. 498. 478. 482. 482. 487. 488. 489. 490. 492. 491. 492. 492. 492.
  493. 494. 497. 495. 496. 496. 498. 495. 496. 495. 495. 496. 496. 494.
  496. 497. 497. 494. 495. 495. 495. 495. 494. 496. 495. 496.]
 [114. 176. 215. 248. 264. 281. 298. 311. 310. 318. 335. 336. 340. 347.
  361. 363. 360. 361. 366. 370. 369. 369. 370. 378. 376. 379. 381. 391.
  386. 386. 379. 388. 382. 386. 379. 392. 396. 395. 392. 400.]
 [166. 239. 258. 286. 314. 322. 344. 336. 345. 347. 344. 356. 361. 376.
  377. 367. 378. 377. 374. 383. 380. 381. 382. 384. 384. 387. 388. 394.
  397. 390. 393. 389. 392. 390. 387. 394. 390. 385. 392. 398.]]
##############################
[[ 68.  89. 129. 134. 145. 163. 170. 183. 178. 193. 180. 190. 201. 196.
  203. 208. 220. 216. 218. 223. 211. 225. 226. 227. 221. 230. 227. 226.
  230. 238. 237. 229. 236. 233. 235. 234. 229. 231. 232. 237.]
 [400. 498. 526. 482. 482. 487. 488. 489. 490. 492. 491. 492. 492. 492.
  493. 494. 497. 495. 496. 496. 498. 495. 496. 495. 495. 496. 496. 494.
  496. 497. 497. 494. 495. 495. 495. 495. 494. 496. 495. 496.]
 [114. 176. 240. 248. 264. 281. 298. 311. 310. 318. 335. 336. 340. 347.
  361. 363. 360. 361. 366. 370. 369. 369. 370. 378. 376. 379. 381. 391.
  386. 386. 379. 388. 382. 386. 379. 392. 396. 395. 392. 400.]
 [166. 239. 289. 286. 314. 322. 344. 336. 345. 347. 344. 356. 361. 376.
  377. 367. 378. 377. 374. 383. 380. 381. 382. 384. 384. 387. 388. 394.
  397. 390. 393. 389. 392. 390. 387. 394. 390. 385. 392. 398.]]
##############################
[[ 68.  89. 129. 148. 145. 163. 170. 183. 178. 193. 180. 190. 201. 196.
  203. 208. 220. 216. 218. 223. 211. 225. 226. 227. 221. 230. 227. 226.
  230. 238. 237. 229. 236. 233. 235. 234. 229. 231. 232. 237.]
 [400. 498. 526. 530. 482. 487. 488. 489. 490. 492. 491. 492. 492. 492.
  493. 494. 497. 495. 496. 496. 498. 495. 496. 495. 495. 496. 496. 494.
  496. 497. 497. 494. 495. 495. 495. 495. 494. 496. 495. 496.]
 [114. 176. 240. 277. 264. 281. 298. 311. 310. 318. 335. 336. 340. 347.
  361. 363. 360. 361. 366. 370. 369. 369. 370. 378. 376. 379. 381. 391.
  386. 386. 379. 388. 382. 386. 379. 392. 396. 395. 392. 400.]
 [166. 239. 289. 320. 314. 322. 344. 336. 345. 347. 344. 356. 361. 376.
  377. 367. 378. 377. 374. 383. 380. 381. 382. 384. 384. 387. 388. 394.
  397. 390. 393. 389. 392. 390. 387. 394. 390. 385. 392. 398.]]
##############################
[[ 68.  89. 129. 148. 159. 163. 170. 183. 178. 193. 180. 190. 201. 196.
  203. 208. 220. 216. 218. 223. 211. 225. 226. 227. 221. 230. 227. 226.
  230. 238. 237. 229. 236. 233. 235. 234. 229. 231. 232. 237.]
 [400. 498. 526. 530. 531. 487. 488. 489. 490. 492. 491. 492. 492. 492.
  493. 494. 497. 495. 496. 496. 498. 495. 496. 495. 495. 496. 496. 494.
  496. 497. 497. 494. 495. 495. 495. 495. 494. 496. 495. 496.]
 [114. 176. 240. 277. 295. 281. 298. 311. 310. 318. 335. 336. 340. 347.
  361. 363. 360. 361. 366. 370. 369. 369. 370. 378. 376. 379. 381. 391.
  386. 386. 379. 388. 382. 386. 379. 392. 396. 395. 392. 400.]
 [166. 239. 289. 320. 347. 322. 344. 336. 345. 347. 344. 356. 361. 376.
  377. 367. 378. 377. 374. 383. 380. 381. 382. 384. 384. 387. 388. 394.
  397. 390. 393. 389. 392. 390. 387. 394. 390. 385. 392. 398.]]
##############################
[[ 68.  89. 129. 148. 159. 179. 170. 183. 178. 193. 180. 190. 201. 196.
  203. 208. 220. 216. 218. 223. 211. 225. 226. 227. 221. 230. 227. 226.
  230. 238. 237. 229. 236. 233. 235. 234. 229. 231. 232. 237.]
 [400. 498. 526. 530. 531. 536. 488. 489. 490. 492. 491. 492. 492. 492.
  493. 494. 497. 495. 496. 496. 498. 495. 496. 495. 495. 496. 496. 494.
  496. 497. 497. 494. 495. 495. 495. 495. 494. 496. 495. 496.]
 [114. 176. 240. 277. 295. 314. 298. 311. 310. 318. 335. 336. 340. 347.
  361. 363. 360. 361. 366. 370. 369. 369. 370. 378. 376. 379. 381. 391.
  386. 386. 379. 388. 382. 386. 379. 392. 396. 395. 392. 400.]
 [166. 239. 289. 320. 347. 359. 344. 336. 345. 347. 344. 356. 361. 376.
  377. 367. 378. 377. 374. 383. 380. 381. 382. 384. 384. 387. 388. 394.
  397. 390. 393. 389. 392. 390. 387. 394. 390. 385. 392. 398.]]
##############################
[[ 68.  89. 129. 148. 159. 179. 184. 183. 178. 193. 180. 190. 201. 196.
  203. 208. 220. 216. 218. 223. 211. 225. 226. 227. 221. 230. 227. 226.
  230. 238. 237. 229. 236. 233. 235. 234. 229. 231. 232. 237.]
 [400. 498. 526. 530. 531. 536. 537. 489. 490. 492. 491. 492. 492. 492.
  493. 494. 497. 495. 496. 496. 498. 495. 496. 495. 495. 496. 496. 494.
  496. 497. 497. 494. 495. 495. 495. 495. 494. 496. 495. 496.]
 [114. 176. 240. 277. 295. 314. 332. 311. 310. 318. 335. 336. 340. 347.
  361. 363. 360. 361. 366. 370. 369. 369. 370. 378. 376. 379. 381. 391.
  386. 386. 379. 388. 382. 386. 379. 392. 396. 395. 392. 400.]
 [166. 239. 289. 320. 347. 359. 382. 336. 345. 347. 344. 356. 361. 376.
  377. 367. 378. 377. 374. 383. 380. 381. 382. 384. 384. 387. 388. 394.
  397. 390. 393. 389. 392. 390. 387. 394. 390. 385. 392. 398.]]
##############################
[[ 68.  89. 129. 148. 159. 179. 184. 201. 178. 193. 180. 190. 201. 196.
  203. 208. 220. 216. 218. 223. 211. 225. 226. 227. 221. 230. 227. 226.
  230. 238. 237. 229. 236. 233. 235. 234. 229. 231. 232. 237.]
 [400. 498. 526. 530. 531. 536. 537. 538. 490. 492. 491. 492. 492. 492.
  493. 494. 497. 495. 496. 496. 498. 495. 496. 495. 495. 496. 496. 494.
  496. 497. 497. 494. 495. 495. 495. 495. 494. 496. 495. 496.]
 [114. 176. 240. 277. 295. 314. 332. 346. 310. 318. 335. 336. 340. 347.
  361. 363. 360. 361. 366. 370. 369. 369. 370. 378. 376. 379. 381. 391.
  386. 386. 379. 388. 382. 386. 379. 392. 396. 395. 392. 400.]
 [166. 239. 289. 320. 347. 359. 382. 374. 345. 347. 344. 356. 361. 376.
  377. 367. 378. 377. 374. 383. 380. 381. 382. 384. 384. 387. 388. 394.
  397. 390. 393. 389. 392. 390. 387. 394. 390. 385. 392. 398.]]
##############################
[[ 68.  89. 129. 148. 159. 179. 184. 201. 199. 193. 180. 190. 201. 196.
  203. 208. 220. 216. 218. 223. 211. 225. 226. 227. 221. 230. 227. 226.
  230. 238. 237. 229. 236. 233. 235. 234. 229. 231. 232. 237.]
 [400. 498. 526. 530. 531. 536. 537. 538. 539. 492. 491. 492. 492. 492.
  493. 494. 497. 495. 496. 496. 498. 495. 496. 495. 495. 496. 496. 494.
  496. 497. 497. 494. 495. 495. 495. 495. 494. 496. 495. 496.]
 [114. 176. 240. 277. 295. 314. 332. 346. 349. 318. 335. 336. 340. 347.
  361. 363. 360. 361. 366. 370. 369. 369. 370. 378. 376. 379. 381. 391.
  386. 386. 379. 388. 382. 386. 379. 392. 396. 395. 392. 400.]
 [166. 239. 289. 320. 347. 359. 382. 374. 379. 347. 344. 356. 361. 376.
  377. 367. 378. 377. 374. 383. 380. 381. 382. 384. 384. 387. 388. 394.
  397. 390. 393. 389. 392. 390. 387. 394. 390. 385. 392. 398.]]
##############################
[[ 68.  89. 129. 148. 159. 179. 184. 201. 199. 211. 180. 190. 201. 196.
  203. 208. 220. 216. 218. 223. 211. 225. 226. 227. 221. 230. 227. 226.
  230. 238. 237. 229. 236. 233. 235. 234. 229. 231. 232. 237.]
 [400. 498. 526. 530. 531. 536. 537. 538. 539. 542. 491. 492. 492. 492.
  493. 494. 497. 495. 496. 496. 498. 495. 496. 495. 495. 496. 496. 494.
  496. 497. 497. 494. 495. 495. 495. 495. 494. 496. 495. 496.]
 [114. 176. 240. 277. 295. 314. 332. 346. 349. 354. 335. 336. 340. 347.
  361. 363. 360. 361. 366. 370. 369. 369. 370. 378. 376. 379. 381. 391.
  386. 386. 379. 388. 382. 386. 379. 392. 396. 395. 392. 400.]
 [166. 239. 289. 320. 347. 359. 382. 374. 379. 385. 344. 356. 361. 376.
  377. 367. 378. 377. 374. 383. 380. 381. 382. 384. 384. 387. 388. 394.
  397. 390. 393. 389. 392. 390. 387. 394. 390. 385. 392. 398.]]
##############################
[[ 68.  89. 129. 148. 159. 179. 184. 201. 199. 211. 197. 190. 201. 196.
  203. 208. 220. 216. 218. 223. 211. 225. 226. 227. 221. 230. 227. 226.
  230. 238. 237. 229. 236. 233. 235. 234. 229. 231. 232. 237.]
 [400. 498. 526. 530. 531. 536. 537. 538. 539. 542. 541. 492. 492. 492.
  493. 494. 497. 495. 496. 496. 498. 495. 496. 495. 495. 496. 496. 494.
  496. 497. 497. 494. 495. 495. 495. 495. 494. 496. 495. 496.]
 [114. 176. 240. 277. 295. 314. 332. 346. 349. 354. 375. 336. 340. 347.
  361. 363. 360. 361. 366. 370. 369. 369. 370. 378. 376. 379. 381. 391.
  386. 386. 379. 388. 382. 386. 379. 392. 396. 395. 392. 400.]
 [166. 239. 289. 320. 347. 359. 382. 374. 379. 385. 382. 356. 361. 376.
  377. 367. 378. 377. 374. 383. 380. 381. 382. 384. 384. 387. 388. 394.
  397. 390. 393. 389. 392. 390. 387. 394. 390. 385. 392. 398.]]
##############################
[[ 68.  89. 129. 148. 159. 179. 184. 201. 199. 211. 197. 211. 201. 196.
  203. 208. 220. 216. 218. 223. 211. 225. 226. 227. 221. 230. 227. 226.
  230. 238. 237. 229. 236. 233. 235. 234. 229. 231. 232. 237.]
 [400. 498. 526. 530. 531. 536. 537. 538. 539. 542. 541. 542. 492. 492.
  493. 494. 497. 495. 496. 496. 498. 495. 496. 495. 495. 496. 496. 494.
  496. 497. 497. 494. 495. 495. 495. 495. 494. 496. 495. 496.]
 [114. 176. 240. 277. 295. 314. 332. 346. 349. 354. 375. 374. 340. 347.
  361. 363. 360. 361. 366. 370. 369. 369. 370. 378. 376. 379. 381. 391.
  386. 386. 379. 388. 382. 386. 379. 392. 396. 395. 392. 400.]
 [166. 239. 289. 320. 347. 359. 382. 374. 379. 385. 382. 396. 361. 376.
  377. 367. 378. 377. 374. 383. 380. 381. 382. 384. 384. 387. 388. 394.
  397. 390. 393. 389. 392. 390. 387. 394. 390. 385. 392. 398.]]
##############################
[[ 68.  89. 129. 148. 159. 179. 184. 201. 199. 211. 197. 211. 220. 196.
  203. 208. 220. 216. 218. 223. 211. 225. 226. 227. 221. 230. 227. 226.
  230. 238. 237. 229. 236. 233. 235. 234. 229. 231. 232. 237.]
 [400. 498. 526. 530. 531. 536. 537. 538. 539. 542. 541. 542. 542. 492.
  493. 494. 497. 495. 496. 496. 498. 495. 496. 495. 495. 496. 496. 494.
  496. 497. 497. 494. 495. 495. 495. 495. 494. 496. 495. 496.]
 [114. 176. 240. 277. 295. 314. 332. 346. 349. 354. 375. 374. 378. 347.
  361. 363. 360. 361. 366. 370. 369. 369. 370. 378. 376. 379. 381. 391.
  386. 386. 379. 388. 382. 386. 379. 392. 396. 395. 392. 400.]
 [166. 239. 289. 320. 347. 359. 382. 374. 379. 385. 382. 396. 400. 376.
  377. 367. 378. 377. 374. 383. 380. 381. 382. 384. 384. 387. 388. 394.
  397. 390. 393. 389. 392. 390. 387. 394. 390. 385. 392. 398.]]
##############################
[[ 68.  89. 129. 148. 159. 179. 184. 201. 199. 211. 197. 211. 220. 216.
  203. 208. 220. 216. 218. 223. 211. 225. 226. 227. 221. 230. 227. 226.
  230. 238. 237. 229. 236. 233. 235. 234. 229. 231. 232. 237.]
 [400. 498. 526. 530. 531. 536. 537. 538. 539. 542. 541. 542. 542. 542.
  493. 494. 497. 495. 496. 496. 498. 495. 496. 495. 495. 496. 496. 494.
  496. 497. 497. 494. 495. 495. 495. 495. 494. 496. 495. 496.]
 [114. 176. 240. 277. 295. 314. 332. 346. 349. 354. 375. 374. 378. 384.
  361. 363. 360. 361. 366. 370. 369. 369. 370. 378. 376. 379. 381. 391.
  386. 386. 379. 388. 382. 386. 379. 392. 396. 395. 392. 400.]
 [166. 239. 289. 320. 347. 359. 382. 374. 379. 385. 382. 396. 400. 418.
  377. 367. 378. 377. 374. 383. 380. 381. 382. 384. 384. 387. 388. 394.
  397. 390. 393. 389. 392. 390. 387. 394. 390. 385. 392. 398.]]
##############################
[[ 68.  89. 129. 148. 159. 179. 184. 201. 199. 211. 197. 211. 220. 216.
  225. 208. 220. 216. 218. 223. 211. 225. 226. 227. 221. 230. 227. 226.
  230. 238. 237. 229. 236. 233. 235. 234. 229. 231. 232. 237.]
 [400. 498. 526. 530. 531. 536. 537. 538. 539. 542. 541. 542. 542. 542.
  543. 494. 497. 495. 496. 496. 498. 495. 496. 495. 495. 496. 496. 494.
  496. 497. 497. 494. 495. 495. 495. 495. 494. 496. 495. 496.]
 [114. 176. 240. 277. 295. 314. 332. 346. 349. 354. 375. 374. 378. 384.
  400. 363. 360. 361. 366. 370. 369. 369. 370. 378. 376. 379. 381. 391.
  386. 386. 379. 388. 382. 386. 379. 392. 396. 395. 392. 400.]
 [166. 239. 289. 320. 347. 359. 382. 374. 379. 385. 382. 396. 400. 418.
  418. 367. 378. 377. 374. 383. 380. 381. 382. 384. 384. 387. 388. 394.
  397. 390. 393. 389. 392. 390. 387. 394. 390. 385. 392. 398.]]
##############################
[[ 68.  89. 129. 148. 159. 179. 184. 201. 199. 211. 197. 211. 220. 216.
  225. 228. 220. 216. 218. 223. 211. 225. 226. 227. 221. 230. 227. 226.
  230. 238. 237. 229. 236. 233. 235. 234. 229. 231. 232. 237.]
 [400. 498. 526. 530. 531. 536. 537. 538. 539. 542. 541. 542. 542. 542.
  543. 544. 497. 495. 496. 496. 498. 495. 496. 495. 495. 496. 496. 494.
  496. 497. 497. 494. 495. 495. 495. 495. 494. 496. 495. 496.]
 [114. 176. 240. 277. 295. 314. 332. 346. 349. 354. 375. 374. 378. 384.
  400. 401. 360. 361. 366. 370. 369. 369. 370. 378. 376. 379. 381. 391.
  386. 386. 379. 388. 382. 386. 379. 392. 396. 395. 392. 400.]
 [166. 239. 289. 320. 347. 359. 382. 374. 379. 385. 382. 396. 400. 418.
  418. 405. 378. 377. 374. 383. 380. 381. 382. 384. 384. 387. 388. 394.
  397. 390. 393. 389. 392. 390. 387. 394. 390. 385. 392. 398.]]
##############################
[[ 68.  89. 129. 148. 159. 179. 184. 201. 199. 211. 197. 211. 220. 216.
  225. 228. 241. 216. 218. 223. 211. 225. 226. 227. 221. 230. 227. 226.
  230. 238. 237. 229. 236. 233. 235. 234. 229. 231. 232. 237.]
 [400. 498. 526. 530. 531. 536. 537. 538. 539. 542. 541. 542. 542. 542.
  543. 544. 547. 495. 496. 496. 498. 495. 496. 495. 495. 496. 496. 494.
  496. 497. 497. 494. 495. 495. 495. 495. 494. 496. 495. 496.]
 [114. 176. 240. 277. 295. 314. 332. 346. 349. 354. 375. 374. 378. 384.
  400. 401. 398. 361. 366. 370. 369. 369. 370. 378. 376. 379. 381. 391.
  386. 386. 379. 388. 382. 386. 379. 392. 396. 395. 392. 400.]
 [166. 239. 289. 320. 347. 359. 382. 374. 379. 385. 382. 396. 400. 418.
  418. 405. 418. 377. 374. 383. 380. 381. 382. 384. 384. 387. 388. 394.
  397. 390. 393. 389. 392. 390. 387. 394. 390. 385. 392. 398.]]
##############################
[[ 68.  89. 129. 148. 159. 179. 184. 201. 199. 211. 197. 211. 220. 216.
  225. 228. 241. 237. 218. 223. 211. 225. 226. 227. 221. 230. 227. 226.
  230. 238. 237. 229. 236. 233. 235. 234. 229. 231. 232. 237.]
 [400. 498. 526. 530. 531. 536. 537. 538. 539. 542. 541. 542. 542. 542.
  543. 544. 547. 545. 496. 496. 498. 495. 496. 495. 495. 496. 496. 494.
  496. 497. 497. 494. 495. 495. 495. 495. 494. 496. 495. 496.]
 [114. 176. 240. 277. 295. 314. 332. 346. 349. 354. 375. 374. 378. 384.
  400. 401. 398. 401. 366. 370. 369. 369. 370. 378. 376. 379. 381. 391.
  386. 386. 379. 388. 382. 386. 379. 392. 396. 395. 392. 400.]
 [166. 239. 289. 320. 347. 359. 382. 374. 379. 385. 382. 396. 400. 418.
  418. 405. 418. 417. 374. 383. 380. 381. 382. 384. 384. 387. 388. 394.
  397. 390. 393. 389. 392. 390. 387. 394. 390. 385. 392. 398.]]
##############################
[[ 68.  89. 129. 148. 159. 179. 184. 201. 199. 211. 197. 211. 220. 216.
  225. 228. 241. 237. 239. 223. 211. 225. 226. 227. 221. 230. 227. 226.
  230. 238. 237. 229. 236. 233. 235. 234. 229. 231. 232. 237.]
 [400. 498. 526. 530. 531. 536. 537. 538. 539. 542. 541. 542. 542. 542.
  543. 544. 547. 545. 546. 496. 498. 495. 496. 495. 495. 496. 496. 494.
  496. 497. 497. 494. 495. 495. 495. 495. 494. 496. 495. 496.]
 [114. 176. 240. 277. 295. 314. 332. 346. 349. 354. 375. 374. 378. 384.
  400. 401. 398. 401. 405. 370. 369. 369. 370. 378. 376. 379. 381. 391.
  386. 386. 379. 388. 382. 386. 379. 392. 396. 395. 392. 400.]
 [166. 239. 289. 320. 347. 359. 382. 374. 379. 385. 382. 396. 400. 418.
  418. 405. 418. 417. 416. 383. 380. 381. 382. 384. 384. 387. 388. 394.
  397. 390. 393. 389. 392. 390. 387. 394. 390. 385. 392. 398.]]
##############################
[[ 68.  89. 129. 148. 159. 179. 184. 201. 199. 211. 197. 211. 220. 216.
  225. 228. 241. 237. 239. 244. 211. 225. 226. 227. 221. 230. 227. 226.
  230. 238. 237. 229. 236. 233. 235. 234. 229. 231. 232. 237.]
 [400. 498. 526. 530. 531. 536. 537. 538. 539. 542. 541. 542. 542. 542.
  543. 544. 547. 545. 546. 546. 498. 495. 496. 495. 495. 496. 496. 494.
  496. 497. 497. 494. 495. 495. 495. 495. 494. 496. 495. 496.]
 [114. 176. 240. 277. 295. 314. 332. 346. 349. 354. 375. 374. 378. 384.
  400. 401. 398. 401. 405. 410. 369. 369. 370. 378. 376. 379. 381. 391.
  386. 386. 379. 388. 382. 386. 379. 392. 396. 395. 392. 400.]
 [166. 239. 289. 320. 347. 359. 382. 374. 379. 385. 382. 396. 400. 418.
  418. 405. 418. 417. 416. 427. 380. 381. 382. 384. 384. 387. 388. 394.
  397. 390. 393. 389. 392. 390. 387. 394. 390. 385. 392. 398.]]
##############################
[[ 68.  89. 129. 148. 159. 179. 184. 201. 199. 211. 197. 211. 220. 216.
  225. 228. 241. 237. 239. 244. 231. 225. 226. 227. 221. 230. 227. 226.
  230. 238. 237. 229. 236. 233. 235. 234. 229. 231. 232. 237.]
 [400. 498. 526. 530. 531. 536. 537. 538. 539. 542. 541. 542. 542. 542.
  543. 544. 547. 545. 546. 546. 548. 495. 496. 495. 495. 496. 496. 494.
  496. 497. 497. 494. 495. 495. 495. 495. 494. 496. 495. 496.]
 [114. 176. 240. 277. 295. 314. 332. 346. 349. 354. 375. 374. 378. 384.
  400. 401. 398. 401. 405. 410. 408. 369. 370. 378. 376. 379. 381. 391.
  386. 386. 379. 388. 382. 386. 379. 392. 396. 395. 392. 400.]
 [166. 239. 289. 320. 347. 359. 382. 374. 379. 385. 382. 396. 400. 418.
  418. 405. 418. 417. 416. 427. 419. 381. 382. 384. 384. 387. 388. 394.
  397. 390. 393. 389. 392. 390. 387. 394. 390. 385. 392. 398.]]
##############################
[[ 68.  89. 129. 148. 159. 179. 184. 201. 199. 211. 197. 211. 220. 216.
  225. 228. 241. 237. 239. 244. 231. 248. 226. 227. 221. 230. 227. 226.
  230. 238. 237. 229. 236. 233. 235. 234. 229. 231. 232. 237.]
 [400. 498. 526. 530. 531. 536. 537. 538. 539. 542. 541. 542. 542. 542.
  543. 544. 547. 545. 546. 546. 548. 545. 496. 495. 495. 496. 496. 494.
  496. 497. 497. 494. 495. 495. 495. 495. 494. 496. 495. 496.]
 [114. 176. 240. 277. 295. 314. 332. 346. 349. 354. 375. 374. 378. 384.
  400. 401. 398. 401. 405. 410. 408. 409. 370. 378. 376. 379. 381. 391.
  386. 386. 379. 388. 382. 386. 379. 392. 396. 395. 392. 400.]
 [166. 239. 289. 320. 347. 359. 382. 374. 379. 385. 382. 396. 400. 418.
  418. 405. 418. 417. 416. 427. 419. 421. 382. 384. 384. 387. 388. 394.
  397. 390. 393. 389. 392. 390. 387. 394. 390. 385. 392. 398.]]
##############################
[[ 68.  89. 129. 148. 159. 179. 184. 201. 199. 211. 197. 211. 220. 216.
  225. 228. 241. 237. 239. 244. 231. 248. 249. 227. 221. 230. 227. 226.
  230. 238. 237. 229. 236. 233. 235. 234. 229. 231. 232. 237.]
 [400. 498. 526. 530. 531. 536. 537. 538. 539. 542. 541. 542. 542. 542.
  543. 544. 547. 545. 546. 546. 548. 545. 546. 495. 495. 496. 496. 494.
  496. 497. 497. 494. 495. 495. 495. 495. 494. 496. 495. 496.]
 [114. 176. 240. 277. 295. 314. 332. 346. 349. 354. 375. 374. 378. 384.
  400. 401. 398. 401. 405. 410. 408. 409. 411. 378. 376. 379. 381. 391.
  386. 386. 379. 388. 382. 386. 379. 392. 396. 395. 392. 400.]
 [166. 239. 289. 320. 347. 359. 382. 374. 379. 385. 382. 396. 400. 418.
  418. 405. 418. 417. 416. 427. 419. 421. 421. 384. 384. 387. 388. 394.
  397. 390. 393. 389. 392. 390. 387. 394. 390. 385. 392. 398.]]
##############################
[[ 68.  89. 129. 148. 159. 179. 184. 201. 199. 211. 197. 211. 220. 216.
  225. 228. 241. 237. 239. 244. 231. 248. 249. 250. 221. 230. 227. 226.
  230. 238. 237. 229. 236. 233. 235. 234. 229. 231. 232. 237.]
 [400. 498. 526. 530. 531. 536. 537. 538. 539. 542. 541. 542. 542. 542.
  543. 544. 547. 545. 546. 546. 548. 545. 546. 545. 495. 496. 496. 494.
  496. 497. 497. 494. 495. 495. 495. 495. 494. 496. 495. 496.]
 [114. 176. 240. 277. 295. 314. 332. 346. 349. 354. 375. 374. 378. 384.
  400. 401. 398. 401. 405. 410. 408. 409. 411. 420. 376. 379. 381. 391.
  386. 386. 379. 388. 382. 386. 379. 392. 396. 395. 392. 400.]
 [166. 239. 289. 320. 347. 359. 382. 374. 379. 385. 382. 396. 400. 418.
  418. 405. 418. 417. 416. 427. 419. 421. 421. 426. 384. 387. 388. 394.
  397. 390. 393. 389. 392. 390. 387. 394. 390. 385. 392. 398.]]
##############################
[[ 68.  89. 129. 148. 159. 179. 184. 201. 199. 211. 197. 211. 220. 216.
  225. 228. 241. 237. 239. 244. 231. 248. 249. 250. 244. 230. 227. 226.
  230. 238. 237. 229. 236. 233. 235. 234. 229. 231. 232. 237.]
 [400. 498. 526. 530. 531. 536. 537. 538. 539. 542. 541. 542. 542. 542.
  543. 544. 547. 545. 546. 546. 548. 545. 546. 545. 545. 496. 496. 494.
  496. 497. 497. 494. 495. 495. 495. 495. 494. 496. 495. 496.]
 [114. 176. 240. 277. 295. 314. 332. 346. 349. 354. 375. 374. 378. 384.
  400. 401. 398. 401. 405. 410. 408. 409. 411. 420. 416. 379. 381. 391.
  386. 386. 379. 388. 382. 386. 379. 392. 396. 395. 392. 400.]
 [166. 239. 289. 320. 347. 359. 382. 374. 379. 385. 382. 396. 400. 418.
  418. 405. 418. 417. 416. 427. 419. 421. 421. 426. 427. 387. 388. 394.
  397. 390. 393. 389. 392. 390. 387. 394. 390. 385. 392. 398.]]
##############################
[[ 68.  89. 129. 148. 159. 179. 184. 201. 199. 211. 197. 211. 220. 216.
  225. 228. 241. 237. 239. 244. 231. 248. 249. 250. 244. 253. 227. 226.
  230. 238. 237. 229. 236. 233. 235. 234. 229. 231. 232. 237.]
 [400. 498. 526. 530. 531. 536. 537. 538. 539. 542. 541. 542. 542. 542.
  543. 544. 547. 545. 546. 546. 548. 545. 546. 545. 545. 546. 496. 494.
  496. 497. 497. 494. 495. 495. 495. 495. 494. 496. 495. 496.]
 [114. 176. 240. 277. 295. 314. 332. 346. 349. 354. 375. 374. 378. 384.
  400. 401. 398. 401. 405. 410. 408. 409. 411. 420. 416. 421. 381. 391.
  386. 386. 379. 388. 382. 386. 379. 392. 396. 395. 392. 400.]
 [166. 239. 289. 320. 347. 359. 382. 374. 379. 385. 382. 396. 400. 418.
  418. 405. 418. 417. 416. 427. 419. 421. 421. 426. 427. 429. 388. 394.
  397. 390. 393. 389. 392. 390. 387. 394. 390. 385. 392. 398.]]
##############################
[[ 68.  89. 129. 148. 159. 179. 184. 201. 199. 211. 197. 211. 220. 216.
  225. 228. 241. 237. 239. 244. 231. 248. 249. 250. 244. 253. 248. 226.
  230. 238. 237. 229. 236. 233. 235. 234. 229. 231. 232. 237.]
 [400. 498. 526. 530. 531. 536. 537. 538. 539. 542. 541. 542. 542. 542.
  543. 544. 547. 545. 546. 546. 548. 545. 546. 545. 545. 546. 546. 494.
  496. 497. 497. 494. 495. 495. 495. 495. 494. 496. 495. 496.]
 [114. 176. 240. 277. 295. 314. 332. 346. 349. 354. 375. 374. 378. 384.
  400. 401. 398. 401. 405. 410. 408. 409. 411. 420. 416. 421. 421. 391.
  386. 386. 379. 388. 382. 386. 379. 392. 396. 395. 392. 400.]
 [166. 239. 289. 320. 347. 359. 382. 374. 379. 385. 382. 396. 400. 418.
  418. 405. 418. 417. 416. 427. 419. 421. 421. 426. 427. 429. 429. 394.
  397. 390. 393. 389. 392. 390. 387. 394. 390. 385. 392. 398.]]
##############################
[[ 68.  89. 129. 148. 159. 179. 184. 201. 199. 211. 197. 211. 220. 216.
  225. 228. 241. 237. 239. 244. 231. 248. 249. 250. 244. 253. 248. 246.
  230. 238. 237. 229. 236. 233. 235. 234. 229. 231. 232. 237.]
 [400. 498. 526. 530. 531. 536. 537. 538. 539. 542. 541. 542. 542. 542.
  543. 544. 547. 545. 546. 546. 548. 545. 546. 545. 545. 546. 546. 544.
  496. 497. 497. 494. 495. 495. 495. 495. 494. 496. 495. 496.]
 [114. 176. 240. 277. 295. 314. 332. 346. 349. 354. 375. 374. 378. 384.
  400. 401. 398. 401. 405. 410. 408. 409. 411. 420. 416. 421. 421. 434.
  386. 386. 379. 388. 382. 386. 379. 392. 396. 395. 392. 400.]
 [166. 239. 289. 320. 347. 359. 382. 374. 379. 385. 382. 396. 400. 418.
  418. 405. 418. 417. 416. 427. 419. 421. 421. 426. 427. 429. 429. 436.
  397. 390. 393. 389. 392. 390. 387. 394. 390. 385. 392. 398.]]
##############################
[[ 68.  89. 129. 148. 159. 179. 184. 201. 199. 211. 197. 211. 220. 216.
  225. 228. 241. 237. 239. 244. 231. 248. 249. 250. 244. 253. 248. 246.
  253. 238. 237. 229. 236. 233. 235. 234. 229. 231. 232. 237.]
 [400. 498. 526. 530. 531. 536. 537. 538. 539. 542. 541. 542. 542. 542.
  543. 544. 547. 545. 546. 546. 548. 545. 546. 545. 545. 546. 546. 544.
  546. 497. 497. 494. 495. 495. 495. 495. 494. 496. 495. 496.]
 [114. 176. 240. 277. 295. 314. 332. 346. 349. 354. 375. 374. 378. 384.
  400. 401. 398. 401. 405. 410. 408. 409. 411. 420. 416. 421. 421. 434.
  429. 386. 379. 388. 382. 386. 379. 392. 396. 395. 392. 400.]
 [166. 239. 289. 320. 347. 359. 382. 374. 379. 385. 382. 396. 400. 418.
  418. 405. 418. 417. 416. 427. 419. 421. 421. 426. 427. 429. 429. 436.
  440. 390. 393. 389. 392. 390. 387. 394. 390. 385. 392. 398.]]
##############################
[[ 68.  89. 129. 148. 159. 179. 184. 201. 199. 211. 197. 211. 220. 216.
  225. 228. 241. 237. 239. 244. 231. 248. 249. 250. 244. 253. 248. 246.
  253. 258. 237. 229. 236. 233. 235. 234. 229. 231. 232. 237.]
 [400. 498. 526. 530. 531. 536. 537. 538. 539. 542. 541. 542. 542. 542.
  543. 544. 547. 545. 546. 546. 548. 545. 546. 545. 545. 546. 546. 544.
  546. 547. 497. 494. 495. 495. 495. 495. 494. 496. 495. 496.]
 [114. 176. 240. 277. 295. 314. 332. 346. 349. 354. 375. 374. 378. 384.
  400. 401. 398. 401. 405. 410. 408. 409. 411. 420. 416. 421. 421. 434.
  429. 428. 379. 388. 382. 386. 379. 392. 396. 395. 392. 400.]
 [166. 239. 289. 320. 347. 359. 382. 374. 379. 385. 382. 396. 400. 418.
  418. 405. 418. 417. 416. 427. 419. 421. 421. 426. 427. 429. 429. 436.
  440. 430. 393. 389. 392. 390. 387. 394. 390. 385. 392. 398.]]
##############################
[[ 68.  89. 129. 148. 159. 179. 184. 201. 199. 211. 197. 211. 220. 216.
  225. 228. 241. 237. 239. 244. 231. 248. 249. 250. 244. 253. 248. 246.
  253. 258. 259. 229. 236. 233. 235. 234. 229. 231. 232. 237.]
 [400. 498. 526. 530. 531. 536. 537. 538. 539. 542. 541. 542. 542. 542.
  543. 544. 547. 545. 546. 546. 548. 545. 546. 545. 545. 546. 546. 544.
  546. 547. 547. 494. 495. 495. 495. 495. 494. 496. 495. 496.]
 [114. 176. 240. 277. 295. 314. 332. 346. 349. 354. 375. 374. 378. 384.
  400. 401. 398. 401. 405. 410. 408. 409. 411. 420. 416. 421. 421. 434.
  429. 428. 420. 388. 382. 386. 379. 392. 396. 395. 392. 400.]
 [166. 239. 289. 320. 347. 359. 382. 374. 379. 385. 382. 396. 400. 418.
  418. 405. 418. 417. 416. 427. 419. 421. 421. 426. 427. 429. 429. 436.
  440. 430. 434. 389. 392. 390. 387. 394. 390. 385. 392. 398.]]
##############################
[[ 68.  89. 129. 148. 159. 179. 184. 201. 199. 211. 197. 211. 220. 216.
  225. 228. 241. 237. 239. 244. 231. 248. 249. 250. 244. 253. 248. 246.
  253. 258. 259. 251. 236. 233. 235. 234. 229. 231. 232. 237.]
 [400. 498. 526. 530. 531. 536. 537. 538. 539. 542. 541. 542. 542. 542.
  543. 544. 547. 545. 546. 546. 548. 545. 546. 545. 545. 546. 546. 544.
  546. 547. 547. 544. 495. 495. 495. 495. 494. 496. 495. 496.]
 [114. 176. 240. 277. 295. 314. 332. 346. 349. 354. 375. 374. 378. 384.
  400. 401. 398. 401. 405. 410. 408. 409. 411. 420. 416. 421. 421. 434.
  429. 428. 420. 429. 382. 386. 379. 392. 396. 395. 392. 400.]
 [166. 239. 289. 320. 347. 359. 382. 374. 379. 385. 382. 396. 400. 418.
  418. 405. 418. 417. 416. 427. 419. 421. 421. 426. 427. 429. 429. 436.
  440. 430. 434. 434. 392. 390. 387. 394. 390. 385. 392. 398.]]
##############################
[[ 68.  89. 129. 148. 159. 179. 184. 201. 199. 211. 197. 211. 220. 216.
  225. 228. 241. 237. 239. 244. 231. 248. 249. 250. 244. 253. 248. 246.
  253. 258. 259. 251. 259. 233. 235. 234. 229. 231. 232. 237.]
 [400. 498. 526. 530. 531. 536. 537. 538. 539. 542. 541. 542. 542. 542.
  543. 544. 547. 545. 546. 546. 548. 545. 546. 545. 545. 546. 546. 544.
  546. 547. 547. 544. 545. 495. 495. 495. 494. 496. 495. 496.]
 [114. 176. 240. 277. 295. 314. 332. 346. 349. 354. 375. 374. 378. 384.
  400. 401. 398. 401. 405. 410. 408. 409. 411. 420. 416. 421. 421. 434.
  429. 428. 420. 429. 422. 386. 379. 392. 396. 395. 392. 400.]
 [166. 239. 289. 320. 347. 359. 382. 374. 379. 385. 382. 396. 400. 418.
  418. 405. 418. 417. 416. 427. 419. 421. 421. 426. 427. 429. 429. 436.
  440. 430. 434. 434. 435. 390. 387. 394. 390. 385. 392. 398.]]
##############################
[[ 68.  89. 129. 148. 159. 179. 184. 201. 199. 211. 197. 211. 220. 216.
  225. 228. 241. 237. 239. 244. 231. 248. 249. 250. 244. 253. 248. 246.
  253. 258. 259. 251. 259. 255. 235. 234. 229. 231. 232. 237.]
 [400. 498. 526. 530. 531. 536. 537. 538. 539. 542. 541. 542. 542. 542.
  543. 544. 547. 545. 546. 546. 548. 545. 546. 545. 545. 546. 546. 544.
  546. 547. 547. 544. 545. 545. 495. 495. 494. 496. 495. 496.]
 [114. 176. 240. 277. 295. 314. 332. 346. 349. 354. 375. 374. 378. 384.
  400. 401. 398. 401. 405. 410. 408. 409. 411. 420. 416. 421. 421. 434.
  429. 428. 420. 429. 422. 426. 379. 392. 396. 395. 392. 400.]
 [166. 239. 289. 320. 347. 359. 382. 374. 379. 385. 382. 396. 400. 418.
  418. 405. 418. 417. 416. 427. 419. 421. 421. 426. 427. 429. 429. 436.
  440. 430. 434. 434. 435. 433. 387. 394. 390. 385. 392. 398.]]
##############################
[[ 68.  89. 129. 148. 159. 179. 184. 201. 199. 211. 197. 211. 220. 216.
  225. 228. 241. 237. 239. 244. 231. 248. 249. 250. 244. 253. 248. 246.
  253. 258. 259. 251. 259. 255. 256. 234. 229. 231. 232. 237.]
 [400. 498. 526. 530. 531. 536. 537. 538. 539. 542. 541. 542. 542. 542.
  543. 544. 547. 545. 546. 546. 548. 545. 546. 545. 545. 546. 546. 544.
  546. 547. 547. 544. 545. 545. 545. 495. 494. 496. 495. 496.]
 [114. 176. 240. 277. 295. 314. 332. 346. 349. 354. 375. 374. 378. 384.
  400. 401. 398. 401. 405. 410. 408. 409. 411. 420. 416. 421. 421. 434.
  429. 428. 420. 429. 422. 426. 420. 392. 396. 395. 392. 400.]
 [166. 239. 289. 320. 347. 359. 382. 374. 379. 385. 382. 396. 400. 418.
  418. 405. 418. 417. 416. 427. 419. 421. 421. 426. 427. 429. 429. 436.
  440. 430. 434. 434. 435. 433. 430. 394. 390. 385. 392. 398.]]
##############################
[[ 68.  89. 129. 148. 159. 179. 184. 201. 199. 211. 197. 211. 220. 216.
  225. 228. 241. 237. 239. 244. 231. 248. 249. 250. 244. 253. 248. 246.
  253. 258. 259. 251. 259. 255. 256. 255. 229. 231. 232. 237.]
 [400. 498. 526. 530. 531. 536. 537. 538. 539. 542. 541. 542. 542. 542.
  543. 544. 547. 545. 546. 546. 548. 545. 546. 545. 545. 546. 546. 544.
  546. 547. 547. 544. 545. 545. 545. 545. 494. 496. 495. 496.]
 [114. 176. 240. 277. 295. 314. 332. 346. 349. 354. 375. 374. 378. 384.
  400. 401. 398. 401. 405. 410. 408. 409. 411. 420. 416. 421. 421. 434.
  429. 428. 420. 429. 422. 426. 420. 432. 396. 395. 392. 400.]
 [166. 239. 289. 320. 347. 359. 382. 374. 379. 385. 382. 396. 400. 418.
  418. 405. 418. 417. 416. 427. 419. 421. 421. 426. 427. 429. 429. 436.
  440. 430. 434. 434. 435. 433. 430. 440. 390. 385. 392. 398.]]
##############################
[[ 68.  89. 129. 148. 159. 179. 184. 201. 199. 211. 197. 211. 220. 216.
  225. 228. 241. 237. 239. 244. 231. 248. 249. 250. 244. 253. 248. 246.
  253. 258. 259. 251. 259. 255. 256. 255. 250. 231. 232. 237.]
 [400. 498. 526. 530. 531. 536. 537. 538. 539. 542. 541. 542. 542. 542.
  543. 544. 547. 545. 546. 546. 548. 545. 546. 545. 545. 546. 546. 544.
  546. 547. 547. 544. 545. 545. 545. 545. 544. 496. 495. 496.]
 [114. 176. 240. 277. 295. 314. 332. 346. 349. 354. 375. 374. 378. 384.
  400. 401. 398. 401. 405. 410. 408. 409. 411. 420. 416. 421. 421. 434.
  429. 428. 420. 429. 422. 426. 420. 432. 435. 395. 392. 400.]
 [166. 239. 289. 320. 347. 359. 382. 374. 379. 385. 382. 396. 400. 418.
  418. 405. 418. 417. 416. 427. 419. 421. 421. 426. 427. 429. 429. 436.
  440. 430. 434. 434. 435. 433. 430. 440. 432. 385. 392. 398.]]
##############################
[[ 68.  89. 129. 148. 159. 179. 184. 201. 199. 211. 197. 211. 220. 216.
  225. 228. 241. 237. 239. 244. 231. 248. 249. 250. 244. 253. 248. 246.
  253. 258. 259. 251. 259. 255. 256. 255. 250. 253. 232. 237.]
 [400. 498. 526. 530. 531. 536. 537. 538. 539. 542. 541. 542. 542. 542.
  543. 544. 547. 545. 546. 546. 548. 545. 546. 545. 545. 546. 546. 544.
  546. 547. 547. 544. 545. 545. 545. 545. 544. 546. 495. 496.]
 [114. 176. 240. 277. 295. 314. 332. 346. 349. 354. 375. 374. 378. 384.
  400. 401. 398. 401. 405. 410. 408. 409. 411. 420. 416. 421. 421. 434.
  429. 428. 420. 429. 422. 426. 420. 432. 435. 435. 392. 400.]
 [166. 239. 289. 320. 347. 359. 382. 374. 379. 385. 382. 396. 400. 418.
  418. 405. 418. 417. 416. 427. 419. 421. 421. 426. 427. 429. 429. 436.
  440. 430. 434. 434. 435. 433. 430. 440. 432. 426. 392. 398.]]
##############################
[[ 68.  89. 129. 148. 159. 179. 184. 201. 199. 211. 197. 211. 220. 216.
  225. 228. 241. 237. 239. 244. 231. 248. 249. 250. 244. 253. 248. 246.
  253. 258. 259. 251. 259. 255. 256. 255. 250. 253. 252. 237.]
 [400. 498. 526. 530. 531. 536. 537. 538. 539. 542. 541. 542. 542. 542.
  543. 544. 547. 545. 546. 546. 548. 545. 546. 545. 545. 546. 546. 544.
  546. 547. 547. 544. 545. 545. 545. 545. 544. 546. 545. 496.]
 [114. 176. 240. 277. 295. 314. 332. 346. 349. 354. 375. 374. 378. 384.
  400. 401. 398. 401. 405. 410. 408. 409. 411. 420. 416. 421. 421. 434.
  429. 428. 420. 429. 422. 426. 420. 432. 435. 435. 433. 400.]
 [166. 239. 289. 320. 347. 359. 382. 374. 379. 385. 382. 396. 400. 418.
  418. 405. 418. 417. 416. 427. 419. 421. 421. 426. 427. 429. 429. 436.
  440. 430. 434. 434. 435. 433. 430. 440. 432. 426. 435. 398.]]
##############################
[[ 68.  89. 129. 148. 159. 179. 184. 201. 199. 211. 197. 211. 220. 216.
  225. 228. 241. 237. 239. 244. 231. 248. 249. 250. 244. 253. 248. 246.
  253. 258. 259. 251. 259. 255. 256. 255. 250. 253. 252. 258.]
 [400. 498. 526. 530. 531. 536. 537. 538. 539. 542. 541. 542. 542. 542.
  543. 544. 547. 545. 546. 546. 548. 545. 546. 545. 545. 546. 546. 544.
  546. 547. 547. 544. 545. 545. 545. 545. 544. 546. 545. 546.]
 [114. 176. 240. 277. 295. 314. 332. 346. 349. 354. 375. 374. 378. 384.
  400. 401. 398. 401. 405. 410. 408. 409. 411. 420. 416. 421. 421. 434.
  429. 428. 420. 429. 422. 426. 420. 432. 435. 435. 433. 443.]
 [166. 239. 289. 320. 347. 359. 382. 374. 379. 385. 382. 396. 400. 418.
  418. 405. 418. 417. 416. 427. 419. 421. 421. 426. 427. 429. 429. 436.
  440. 430. 434. 434. 435. 433. 430. 440. 432. 426. 435. 440.]]
##############################
##################################################
##################################################
starting :12 batch
[[ 76.  89. 129. 148. 159. 179. 184. 201. 199. 211. 197. 211. 220. 216.
  225. 228. 241. 237. 239. 244. 231. 248. 249. 250. 244. 253. 248. 246.
  253. 258. 259. 251. 259. 255. 256. 255. 250. 253. 252. 258.]
 [439. 498. 526. 530. 531. 536. 537. 538. 539. 542. 541. 542. 542. 542.
  543. 544. 547. 545. 546. 546. 548. 545. 546. 545. 545. 546. 546. 544.
  546. 547. 547. 544. 545. 545. 545. 545. 544. 546. 545. 546.]
 [121. 176. 240. 277. 295. 314. 332. 346. 349. 354. 375. 374. 378. 384.
  400. 401. 398. 401. 405. 410. 408. 409. 411. 420. 416. 421. 421. 434.
  429. 428. 420. 429. 422. 426. 420. 432. 435. 435. 433. 443.]
 [178. 239. 289. 320. 347. 359. 382. 374. 379. 385. 382. 396. 400. 418.
  418. 405. 418. 417. 416. 427. 419. 421. 421. 426. 427. 429. 429. 436.
  440. 430. 434. 434. 435. 433. 430. 440. 432. 426. 435. 440.]]
##############################
[[ 76.  99. 129. 148. 159. 179. 184. 201. 199. 211. 197. 211. 220. 216.
  225. 228. 241. 237. 239. 244. 231. 248. 249. 250. 244. 253. 248. 246.
  253. 258. 259. 251. 259. 255. 256. 255. 250. 253. 252. 258.]
 [439. 546. 526. 530. 531. 536. 537. 538. 539. 542. 541. 542. 542. 542.
  543. 544. 547. 545. 546. 546. 548. 545. 546. 545. 545. 546. 546. 544.
  546. 547. 547. 544. 545. 545. 545. 545. 544. 546. 545. 546.]
 [121. 189. 240. 277. 295. 314. 332. 346. 349. 354. 375. 374. 378. 384.
  400. 401. 398. 401. 405. 410. 408. 409. 411. 420. 416. 421. 421. 434.
  429. 428. 420. 429. 422. 426. 420. 432. 435. 435. 433. 443.]
 [178. 261. 289. 320. 347. 359. 382. 374. 379. 385. 382. 396. 400. 418.
  418. 405. 418. 417. 416. 427. 419. 421. 421. 426. 427. 429. 429. 436.
  440. 430. 434. 434. 435. 433. 430. 440. 432. 426. 435. 440.]]
##############################
[[ 76.  99. 140. 148. 159. 179. 184. 201. 199. 211. 197. 211. 220. 216.
  225. 228. 241. 237. 239. 244. 231. 248. 249. 250. 244. 253. 248. 246.
  253. 258. 259. 251. 259. 255. 256. 255. 250. 253. 252. 258.]
 [439. 546. 572. 530. 531. 536. 537. 538. 539. 542. 541. 542. 542. 542.
  543. 544. 547. 545. 546. 546. 548. 545. 546. 545. 545. 546. 546. 544.
  546. 547. 547. 544. 545. 545. 545. 545. 544. 546. 545. 546.]
 [121. 189. 261. 277. 295. 314. 332. 346. 349. 354. 375. 374. 378. 384.
  400. 401. 398. 401. 405. 410. 408. 409. 411. 420. 416. 421. 421. 434.
  429. 428. 420. 429. 422. 426. 420. 432. 435. 435. 433. 443.]
 [178. 261. 311. 320. 347. 359. 382. 374. 379. 385. 382. 396. 400. 418.
  418. 405. 418. 417. 416. 427. 419. 421. 421. 426. 427. 429. 429. 436.
  440. 430. 434. 434. 435. 433. 430. 440. 432. 426. 435. 440.]]
##############################
[[ 76.  99. 140. 162. 159. 179. 184. 201. 199. 211. 197. 211. 220. 216.
  225. 228. 241. 237. 239. 244. 231. 248. 249. 250. 244. 253. 248. 246.
  253. 258. 259. 251. 259. 255. 256. 255. 250. 253. 252. 258.]
 [439. 546. 572. 577. 531. 536. 537. 538. 539. 542. 541. 542. 542. 542.
  543. 544. 547. 545. 546. 546. 548. 545. 546. 545. 545. 546. 546. 544.
  546. 547. 547. 544. 545. 545. 545. 545. 544. 546. 545. 546.]
 [121. 189. 261. 298. 295. 314. 332. 346. 349. 354. 375. 374. 378. 384.
  400. 401. 398. 401. 405. 410. 408. 409. 411. 420. 416. 421. 421. 434.
  429. 428. 420. 429. 422. 426. 420. 432. 435. 435. 433. 443.]
 [178. 261. 311. 346. 347. 359. 382. 374. 379. 385. 382. 396. 400. 418.
  418. 405. 418. 417. 416. 427. 419. 421. 421. 426. 427. 429. 429. 436.
  440. 430. 434. 434. 435. 433. 430. 440. 432. 426. 435. 440.]]
##############################
[[ 76.  99. 140. 162. 176. 179. 184. 201. 199. 211. 197. 211. 220. 216.
  225. 228. 241. 237. 239. 244. 231. 248. 249. 250. 244. 253. 248. 246.
  253. 258. 259. 251. 259. 255. 256. 255. 250. 253. 252. 258.]
 [439. 546. 572. 577. 579. 536. 537. 538. 539. 542. 541. 542. 542. 542.
  543. 544. 547. 545. 546. 546. 548. 545. 546. 545. 545. 546. 546. 544.
  546. 547. 547. 544. 545. 545. 545. 545. 544. 546. 545. 546.]
 [121. 189. 261. 298. 320. 314. 332. 346. 349. 354. 375. 374. 378. 384.
  400. 401. 398. 401. 405. 410. 408. 409. 411. 420. 416. 421. 421. 434.
  429. 428. 420. 429. 422. 426. 420. 432. 435. 435. 433. 443.]
 [178. 261. 311. 346. 377. 359. 382. 374. 379. 385. 382. 396. 400. 418.
  418. 405. 418. 417. 416. 427. 419. 421. 421. 426. 427. 429. 429. 436.
  440. 430. 434. 434. 435. 433. 430. 440. 432. 426. 435. 440.]]
##############################
[[ 76.  99. 140. 162. 176. 195. 184. 201. 199. 211. 197. 211. 220. 216.
  225. 228. 241. 237. 239. 244. 231. 248. 249. 250. 244. 253. 248. 246.
  253. 258. 259. 251. 259. 255. 256. 255. 250. 253. 252. 258.]
 [439. 546. 572. 577. 579. 586. 537. 538. 539. 542. 541. 542. 542. 542.
  543. 544. 547. 545. 546. 546. 548. 545. 546. 545. 545. 546. 546. 544.
  546. 547. 547. 544. 545. 545. 545. 545. 544. 546. 545. 546.]
 [121. 189. 261. 298. 320. 341. 332. 346. 349. 354. 375. 374. 378. 384.
  400. 401. 398. 401. 405. 410. 408. 409. 411. 420. 416. 421. 421. 434.
  429. 428. 420. 429. 422. 426. 420. 432. 435. 435. 433. 443.]
 [178. 261. 311. 346. 377. 390. 382. 374. 379. 385. 382. 396. 400. 418.
  418. 405. 418. 417. 416. 427. 419. 421. 421. 426. 427. 429. 429. 436.
  440. 430. 434. 434. 435. 433. 430. 440. 432. 426. 435. 440.]]
##############################
[[ 76.  99. 140. 162. 176. 195. 201. 201. 199. 211. 197. 211. 220. 216.
  225. 228. 241. 237. 239. 244. 231. 248. 249. 250. 244. 253. 248. 246.
  253. 258. 259. 251. 259. 255. 256. 255. 250. 253. 252. 258.]
 [439. 546. 572. 577. 579. 586. 586. 538. 539. 542. 541. 542. 542. 542.
  543. 544. 547. 545. 546. 546. 548. 545. 546. 545. 545. 546. 546. 544.
  546. 547. 547. 544. 545. 545. 545. 545. 544. 546. 545. 546.]
 [121. 189. 261. 298. 320. 341. 359. 346. 349. 354. 375. 374. 378. 384.
  400. 401. 398. 401. 405. 410. 408. 409. 411. 420. 416. 421. 421. 434.
  429. 428. 420. 429. 422. 426. 420. 432. 435. 435. 433. 443.]
 [178. 261. 311. 346. 377. 390. 415. 374. 379. 385. 382. 396. 400. 418.
  418. 405. 418. 417. 416. 427. 419. 421. 421. 426. 427. 429. 429. 436.
  440. 430. 434. 434. 435. 433. 430. 440. 432. 426. 435. 440.]]
##############################
[[ 76.  99. 140. 162. 176. 195. 201. 219. 199. 211. 197. 211. 220. 216.
  225. 228. 241. 237. 239. 244. 231. 248. 249. 250. 244. 253. 248. 246.
  253. 258. 259. 251. 259. 255. 256. 255. 250. 253. 252. 258.]
 [439. 546. 572. 577. 579. 586. 586. 587. 539. 542. 541. 542. 542. 542.
  543. 544. 547. 545. 546. 546. 548. 545. 546. 545. 545. 546. 546. 544.
  546. 547. 547. 544. 545. 545. 545. 545. 544. 546. 545. 546.]
 [121. 189. 261. 298. 320. 341. 359. 375. 349. 354. 375. 374. 378. 384.
  400. 401. 398. 401. 405. 410. 408. 409. 411. 420. 416. 421. 421. 434.
  429. 428. 420. 429. 422. 426. 420. 432. 435. 435. 433. 443.]
 [178. 261. 311. 346. 377. 390. 415. 407. 379. 385. 382. 396. 400. 418.
  418. 405. 418. 417. 416. 427. 419. 421. 421. 426. 427. 429. 429. 436.
  440. 430. 434. 434. 435. 433. 430. 440. 432. 426. 435. 440.]]
##############################
[[ 76.  99. 140. 162. 176. 195. 201. 219. 221. 211. 197. 211. 220. 216.
  225. 228. 241. 237. 239. 244. 231. 248. 249. 250. 244. 253. 248. 246.
  253. 258. 259. 251. 259. 255. 256. 255. 250. 253. 252. 258.]
 [439. 546. 572. 577. 579. 586. 586. 587. 588. 542. 541. 542. 542. 542.
  543. 544. 547. 545. 546. 546. 548. 545. 546. 545. 545. 546. 546. 544.
  546. 547. 547. 544. 545. 545. 545. 545. 544. 546. 545. 546.]
 [121. 189. 261. 298. 320. 341. 359. 375. 376. 354. 375. 374. 378. 384.
  400. 401. 398. 401. 405. 410. 408. 409. 411. 420. 416. 421. 421. 434.
  429. 428. 420. 429. 422. 426. 420. 432. 435. 435. 433. 443.]
 [178. 261. 311. 346. 377. 390. 415. 407. 414. 385. 382. 396. 400. 418.
  418. 405. 418. 417. 416. 427. 419. 421. 421. 426. 427. 429. 429. 436.
  440. 430. 434. 434. 435. 433. 430. 440. 432. 426. 435. 440.]]
##############################
[[ 76.  99. 140. 162. 176. 195. 201. 219. 221. 228. 197. 211. 220. 216.
  225. 228. 241. 237. 239. 244. 231. 248. 249. 250. 244. 253. 248. 246.
  253. 258. 259. 251. 259. 255. 256. 255. 250. 253. 252. 258.]
 [439. 546. 572. 577. 579. 586. 586. 587. 588. 589. 541. 542. 542. 542.
  543. 544. 547. 545. 546. 546. 548. 545. 546. 545. 545. 546. 546. 544.
  546. 547. 547. 544. 545. 545. 545. 545. 544. 546. 545. 546.]
 [121. 189. 261. 298. 320. 341. 359. 375. 376. 386. 375. 374. 378. 384.
  400. 401. 398. 401. 405. 410. 408. 409. 411. 420. 416. 421. 421. 434.
  429. 428. 420. 429. 422. 426. 420. 432. 435. 435. 433. 443.]
 [178. 261. 311. 346. 377. 390. 415. 407. 414. 420. 382. 396. 400. 418.
  418. 405. 418. 417. 416. 427. 419. 421. 421. 426. 427. 429. 429. 436.
  440. 430. 434. 434. 435. 433. 430. 440. 432. 426. 435. 440.]]
##############################
[[ 76.  99. 140. 162. 176. 195. 201. 219. 221. 228. 217. 211. 220. 216.
  225. 228. 241. 237. 239. 244. 231. 248. 249. 250. 244. 253. 248. 246.
  253. 258. 259. 251. 259. 255. 256. 255. 250. 253. 252. 258.]
 [439. 546. 572. 577. 579. 586. 586. 587. 588. 589. 590. 542. 542. 542.
  543. 544. 547. 545. 546. 546. 548. 545. 546. 545. 545. 546. 546. 544.
  546. 547. 547. 544. 545. 545. 545. 545. 544. 546. 545. 546.]
 [121. 189. 261. 298. 320. 341. 359. 375. 376. 386. 408. 374. 378. 384.
  400. 401. 398. 401. 405. 410. 408. 409. 411. 420. 416. 421. 421. 434.
  429. 428. 420. 429. 422. 426. 420. 432. 435. 435. 433. 443.]
 [178. 261. 311. 346. 377. 390. 415. 407. 414. 420. 419. 396. 400. 418.
  418. 405. 418. 417. 416. 427. 419. 421. 421. 426. 427. 429. 429. 436.
  440. 430. 434. 434. 435. 433. 430. 440. 432. 426. 435. 440.]]
##############################
[[ 76.  99. 140. 162. 176. 195. 201. 219. 221. 228. 217. 232. 220. 216.
  225. 228. 241. 237. 239. 244. 231. 248. 249. 250. 244. 253. 248. 246.
  253. 258. 259. 251. 259. 255. 256. 255. 250. 253. 252. 258.]
 [439. 546. 572. 577. 579. 586. 586. 587. 588. 589. 590. 592. 542. 542.
  543. 544. 547. 545. 546. 546. 548. 545. 546. 545. 545. 546. 546. 544.
  546. 547. 547. 544. 545. 545. 545. 545. 544. 546. 545. 546.]
 [121. 189. 261. 298. 320. 341. 359. 375. 376. 386. 408. 407. 378. 384.
  400. 401. 398. 401. 405. 410. 408. 409. 411. 420. 416. 421. 421. 434.
  429. 428. 420. 429. 422. 426. 420. 432. 435. 435. 433. 443.]
 [178. 261. 311. 346. 377. 390. 415. 407. 414. 420. 419. 430. 400. 418.
  418. 405. 418. 417. 416. 427. 419. 421. 421. 426. 427. 429. 429. 436.
  440. 430. 434. 434. 435. 433. 430. 440. 432. 426. 435. 440.]]
##############################
[[ 76.  99. 140. 162. 176. 195. 201. 219. 221. 228. 217. 232. 242. 216.
  225. 228. 241. 237. 239. 244. 231. 248. 249. 250. 244. 253. 248. 246.
  253. 258. 259. 251. 259. 255. 256. 255. 250. 253. 252. 258.]
 [439. 546. 572. 577. 579. 586. 586. 587. 588. 589. 590. 592. 591. 542.
  543. 544. 547. 545. 546. 546. 548. 545. 546. 545. 545. 546. 546. 544.
  546. 547. 547. 544. 545. 545. 545. 545. 544. 546. 545. 546.]
 [121. 189. 261. 298. 320. 341. 359. 375. 376. 386. 408. 407. 408. 384.
  400. 401. 398. 401. 405. 410. 408. 409. 411. 420. 416. 421. 421. 434.
  429. 428. 420. 429. 422. 426. 420. 432. 435. 435. 433. 443.]
 [178. 261. 311. 346. 377. 390. 415. 407. 414. 420. 419. 430. 436. 418.
  418. 405. 418. 417. 416. 427. 419. 421. 421. 426. 427. 429. 429. 436.
  440. 430. 434. 434. 435. 433. 430. 440. 432. 426. 435. 440.]]
##############################
[[ 76.  99. 140. 162. 176. 195. 201. 219. 221. 228. 217. 232. 242. 239.
  225. 228. 241. 237. 239. 244. 231. 248. 249. 250. 244. 253. 248. 246.
  253. 258. 259. 251. 259. 255. 256. 255. 250. 253. 252. 258.]
 [439. 546. 572. 577. 579. 586. 586. 587. 588. 589. 590. 592. 591. 591.
  543. 544. 547. 545. 546. 546. 548. 545. 546. 545. 545. 546. 546. 544.
  546. 547. 547. 544. 545. 545. 545. 545. 544. 546. 545. 546.]
 [121. 189. 261. 298. 320. 341. 359. 375. 376. 386. 408. 407. 408. 417.
  400. 401. 398. 401. 405. 410. 408. 409. 411. 420. 416. 421. 421. 434.
  429. 428. 420. 429. 422. 426. 420. 432. 435. 435. 433. 443.]
 [178. 261. 311. 346. 377. 390. 415. 407. 414. 420. 419. 430. 436. 454.
  418. 405. 418. 417. 416. 427. 419. 421. 421. 426. 427. 429. 429. 436.
  440. 430. 434. 434. 435. 433. 430. 440. 432. 426. 435. 440.]]
##############################
[[ 76.  99. 140. 162. 176. 195. 201. 219. 221. 228. 217. 232. 242. 239.
  248. 228. 241. 237. 239. 244. 231. 248. 249. 250. 244. 253. 248. 246.
  253. 258. 259. 251. 259. 255. 256. 255. 250. 253. 252. 258.]
 [439. 546. 572. 577. 579. 586. 586. 587. 588. 589. 590. 592. 591. 591.
  591. 544. 547. 545. 546. 546. 548. 545. 546. 545. 545. 546. 546. 544.
  546. 547. 547. 544. 545. 545. 545. 545. 544. 546. 545. 546.]
 [121. 189. 261. 298. 320. 341. 359. 375. 376. 386. 408. 407. 408. 417.
  434. 401. 398. 401. 405. 410. 408. 409. 411. 420. 416. 421. 421. 434.
  429. 428. 420. 429. 422. 426. 420. 432. 435. 435. 433. 443.]
 [178. 261. 311. 346. 377. 390. 415. 407. 414. 420. 419. 430. 436. 454.
  456. 405. 418. 417. 416. 427. 419. 421. 421. 426. 427. 429. 429. 436.
  440. 430. 434. 434. 435. 433. 430. 440. 432. 426. 435. 440.]]
##############################
[[ 76.  99. 140. 162. 176. 195. 201. 219. 221. 228. 217. 232. 242. 239.
  248. 249. 241. 237. 239. 244. 231. 248. 249. 250. 244. 253. 248. 246.
  253. 258. 259. 251. 259. 255. 256. 255. 250. 253. 252. 258.]
 [439. 546. 572. 577. 579. 586. 586. 587. 588. 589. 590. 592. 591. 591.
  591. 591. 547. 545. 546. 546. 548. 545. 546. 545. 545. 546. 546. 544.
  546. 547. 547. 544. 545. 545. 545. 545. 544. 546. 545. 546.]
 [121. 189. 261. 298. 320. 341. 359. 375. 376. 386. 408. 407. 408. 417.
  434. 434. 398. 401. 405. 410. 408. 409. 411. 420. 416. 421. 421. 434.
  429. 428. 420. 429. 422. 426. 420. 432. 435. 435. 433. 443.]
 [178. 261. 311. 346. 377. 390. 415. 407. 414. 420. 419. 430. 436. 454.
  456. 440. 418. 417. 416. 427. 419. 421. 421. 426. 427. 429. 429. 436.
  440. 430. 434. 434. 435. 433. 430. 440. 432. 426. 435. 440.]]
##############################
[[ 76.  99. 140. 162. 176. 195. 201. 219. 221. 228. 217. 232. 242. 239.
  248. 249. 263. 237. 239. 244. 231. 248. 249. 250. 244. 253. 248. 246.
  253. 258. 259. 251. 259. 255. 256. 255. 250. 253. 252. 258.]
 [439. 546. 572. 577. 579. 586. 586. 587. 588. 589. 590. 592. 591. 591.
  591. 591. 595. 545. 546. 546. 548. 545. 546. 545. 545. 546. 546. 544.
  546. 547. 547. 544. 545. 545. 545. 545. 544. 546. 545. 546.]
 [121. 189. 261. 298. 320. 341. 359. 375. 376. 386. 408. 407. 408. 417.
  434. 434. 431. 401. 405. 410. 408. 409. 411. 420. 416. 421. 421. 434.
  429. 428. 420. 429. 422. 426. 420. 432. 435. 435. 433. 443.]
 [178. 261. 311. 346. 377. 390. 415. 407. 414. 420. 419. 430. 436. 454.
  456. 440. 458. 417. 416. 427. 419. 421. 421. 426. 427. 429. 429. 436.
  440. 430. 434. 434. 435. 433. 430. 440. 432. 426. 435. 440.]]
##############################
[[ 76.  99. 140. 162. 176. 195. 201. 219. 221. 228. 217. 232. 242. 239.
  248. 249. 263. 260. 239. 244. 231. 248. 249. 250. 244. 253. 248. 246.
  253. 258. 259. 251. 259. 255. 256. 255. 250. 253. 252. 258.]
 [439. 546. 572. 577. 579. 586. 586. 587. 588. 589. 590. 592. 591. 591.
  591. 591. 595. 594. 546. 546. 548. 545. 546. 545. 545. 546. 546. 544.
  546. 547. 547. 544. 545. 545. 545. 545. 544. 546. 545. 546.]
 [121. 189. 261. 298. 320. 341. 359. 375. 376. 386. 408. 407. 408. 417.
  434. 434. 431. 435. 405. 410. 408. 409. 411. 420. 416. 421. 421. 434.
  429. 428. 420. 429. 422. 426. 420. 432. 435. 435. 433. 443.]
 [178. 261. 311. 346. 377. 390. 415. 407. 414. 420. 419. 430. 436. 454.
  456. 440. 458. 456. 416. 427. 419. 421. 421. 426. 427. 429. 429. 436.
  440. 430. 434. 434. 435. 433. 430. 440. 432. 426. 435. 440.]]
##############################
[[ 76.  99. 140. 162. 176. 195. 201. 219. 221. 228. 217. 232. 242. 239.
  248. 249. 263. 260. 261. 244. 231. 248. 249. 250. 244. 253. 248. 246.
  253. 258. 259. 251. 259. 255. 256. 255. 250. 253. 252. 258.]
 [439. 546. 572. 577. 579. 586. 586. 587. 588. 589. 590. 592. 591. 591.
  591. 591. 595. 594. 594. 546. 548. 545. 546. 545. 545. 546. 546. 544.
  546. 547. 547. 544. 545. 545. 545. 545. 544. 546. 545. 546.]
 [121. 189. 261. 298. 320. 341. 359. 375. 376. 386. 408. 407. 408. 417.
  434. 434. 431. 435. 442. 410. 408. 409. 411. 420. 416. 421. 421. 434.
  429. 428. 420. 429. 422. 426. 420. 432. 435. 435. 433. 443.]
 [178. 261. 311. 346. 377. 390. 415. 407. 414. 420. 419. 430. 436. 454.
  456. 440. 458. 456. 459. 427. 419. 421. 421. 426. 427. 429. 429. 436.
  440. 430. 434. 434. 435. 433. 430. 440. 432. 426. 435. 440.]]
##############################
[[ 76.  99. 140. 162. 176. 195. 201. 219. 221. 228. 217. 232. 242. 239.
  248. 249. 263. 260. 261. 268. 231. 248. 249. 250. 244. 253. 248. 246.
  253. 258. 259. 251. 259. 255. 256. 255. 250. 253. 252. 258.]
 [439. 546. 572. 577. 579. 586. 586. 587. 588. 589. 590. 592. 591. 591.
  591. 591. 595. 594. 594. 595. 548. 545. 546. 545. 545. 546. 546. 544.
  546. 547. 547. 544. 545. 545. 545. 545. 544. 546. 545. 546.]
 [121. 189. 261. 298. 320. 341. 359. 375. 376. 386. 408. 407. 408. 417.
  434. 434. 431. 435. 442. 446. 408. 409. 411. 420. 416. 421. 421. 434.
  429. 428. 420. 429. 422. 426. 420. 432. 435. 435. 433. 443.]
 [178. 261. 311. 346. 377. 390. 415. 407. 414. 420. 419. 430. 436. 454.
  456. 440. 458. 456. 459. 466. 419. 421. 421. 426. 427. 429. 429. 436.
  440. 430. 434. 434. 435. 433. 430. 440. 432. 426. 435. 440.]]
##############################
[[ 76.  99. 140. 162. 176. 195. 201. 219. 221. 228. 217. 232. 242. 239.
  248. 249. 263. 260. 261. 268. 257. 248. 249. 250. 244. 253. 248. 246.
  253. 258. 259. 251. 259. 255. 256. 255. 250. 253. 252. 258.]
 [439. 546. 572. 577. 579. 586. 586. 587. 588. 589. 590. 592. 591. 591.
  591. 591. 595. 594. 594. 595. 598. 545. 546. 545. 545. 546. 546. 544.
  546. 547. 547. 544. 545. 545. 545. 545. 544. 546. 545. 546.]
 [121. 189. 261. 298. 320. 341. 359. 375. 376. 386. 408. 407. 408. 417.
  434. 434. 431. 435. 442. 446. 445. 409. 411. 420. 416. 421. 421. 434.
  429. 428. 420. 429. 422. 426. 420. 432. 435. 435. 433. 443.]
 [178. 261. 311. 346. 377. 390. 415. 407. 414. 420. 419. 430. 436. 454.
  456. 440. 458. 456. 459. 466. 460. 421. 421. 426. 427. 429. 429. 436.
  440. 430. 434. 434. 435. 433. 430. 440. 432. 426. 435. 440.]]
##############################
[[ 76.  99. 140. 162. 176. 195. 201. 219. 221. 228. 217. 232. 242. 239.
  248. 249. 263. 260. 261. 268. 257. 271. 249. 250. 244. 253. 248. 246.
  253. 258. 259. 251. 259. 255. 256. 255. 250. 253. 252. 258.]
 [439. 546. 572. 577. 579. 586. 586. 587. 588. 589. 590. 592. 591. 591.
  591. 591. 595. 594. 594. 595. 598. 594. 546. 545. 545. 546. 546. 544.
  546. 547. 547. 544. 545. 545. 545. 545. 544. 546. 545. 546.]
 [121. 189. 261. 298. 320. 341. 359. 375. 376. 386. 408. 407. 408. 417.
  434. 434. 431. 435. 442. 446. 445. 445. 411. 420. 416. 421. 421. 434.
  429. 428. 420. 429. 422. 426. 420. 432. 435. 435. 433. 443.]
 [178. 261. 311. 346. 377. 390. 415. 407. 414. 420. 419. 430. 436. 454.
  456. 440. 458. 456. 459. 466. 460. 460. 421. 426. 427. 429. 429. 436.
  440. 430. 434. 434. 435. 433. 430. 440. 432. 426. 435. 440.]]
##############################
[[ 76.  99. 140. 162. 176. 195. 201. 219. 221. 228. 217. 232. 242. 239.
  248. 249. 263. 260. 261. 268. 257. 271. 273. 250. 244. 253. 248. 246.
  253. 258. 259. 251. 259. 255. 256. 255. 250. 253. 252. 258.]
 [439. 546. 572. 577. 579. 586. 586. 587. 588. 589. 590. 592. 591. 591.
  591. 591. 595. 594. 594. 595. 598. 594. 595. 545. 545. 546. 546. 544.
  546. 547. 547. 544. 545. 545. 545. 545. 544. 546. 545. 546.]
 [121. 189. 261. 298. 320. 341. 359. 375. 376. 386. 408. 407. 408. 417.
  434. 434. 431. 435. 442. 446. 445. 445. 447. 420. 416. 421. 421. 434.
  429. 428. 420. 429. 422. 426. 420. 432. 435. 435. 433. 443.]
 [178. 261. 311. 346. 377. 390. 415. 407. 414. 420. 419. 430. 436. 454.
  456. 440. 458. 456. 459. 466. 460. 460. 459. 426. 427. 429. 429. 436.
  440. 430. 434. 434. 435. 433. 430. 440. 432. 426. 435. 440.]]
##############################
[[ 76.  99. 140. 162. 176. 195. 201. 219. 221. 228. 217. 232. 242. 239.
  248. 249. 263. 260. 261. 268. 257. 271. 273. 273. 244. 253. 248. 246.
  253. 258. 259. 251. 259. 255. 256. 255. 250. 253. 252. 258.]
 [439. 546. 572. 577. 579. 586. 586. 587. 588. 589. 590. 592. 591. 591.
  591. 591. 595. 594. 594. 595. 598. 594. 595. 594. 545. 546. 546. 544.
  546. 547. 547. 544. 545. 545. 545. 545. 544. 546. 545. 546.]
 [121. 189. 261. 298. 320. 341. 359. 375. 376. 386. 408. 407. 408. 417.
  434. 434. 431. 435. 442. 446. 445. 445. 447. 460. 416. 421. 421. 434.
  429. 428. 420. 429. 422. 426. 420. 432. 435. 435. 433. 443.]
 [178. 261. 311. 346. 377. 390. 415. 407. 414. 420. 419. 430. 436. 454.
  456. 440. 458. 456. 459. 466. 460. 460. 459. 467. 427. 429. 429. 436.
  440. 430. 434. 434. 435. 433. 430. 440. 432. 426. 435. 440.]]
##############################
[[ 76.  99. 140. 162. 176. 195. 201. 219. 221. 228. 217. 232. 242. 239.
  248. 249. 263. 260. 261. 268. 257. 271. 273. 273. 266. 253. 248. 246.
  253. 258. 259. 251. 259. 255. 256. 255. 250. 253. 252. 258.]
 [439. 546. 572. 577. 579. 586. 586. 587. 588. 589. 590. 592. 591. 591.
  591. 591. 595. 594. 594. 595. 598. 594. 595. 594. 594. 546. 546. 544.
  546. 547. 547. 544. 545. 545. 545. 545. 544. 546. 545. 546.]
 [121. 189. 261. 298. 320. 341. 359. 375. 376. 386. 408. 407. 408. 417.
  434. 434. 431. 435. 442. 446. 445. 445. 447. 460. 451. 421. 421. 434.
  429. 428. 420. 429. 422. 426. 420. 432. 435. 435. 433. 443.]
 [178. 261. 311. 346. 377. 390. 415. 407. 414. 420. 419. 430. 436. 454.
  456. 440. 458. 456. 459. 466. 460. 460. 459. 467. 470. 429. 429. 436.
  440. 430. 434. 434. 435. 433. 430. 440. 432. 426. 435. 440.]]
##############################
[[ 76.  99. 140. 162. 176. 195. 201. 219. 221. 228. 217. 232. 242. 239.
  248. 249. 263. 260. 261. 268. 257. 271. 273. 273. 266. 277. 248. 246.
  253. 258. 259. 251. 259. 255. 256. 255. 250. 253. 252. 258.]
 [439. 546. 572. 577. 579. 586. 586. 587. 588. 589. 590. 592. 591. 591.
  591. 591. 595. 594. 594. 595. 598. 594. 595. 594. 594. 595. 546. 544.
  546. 547. 547. 544. 545. 545. 545. 545. 544. 546. 545. 546.]
 [121. 189. 261. 298. 320. 341. 359. 375. 376. 386. 408. 407. 408. 417.
  434. 434. 431. 435. 442. 446. 445. 445. 447. 460. 451. 459. 421. 434.
  429. 428. 420. 429. 422. 426. 420. 432. 435. 435. 433. 443.]
 [178. 261. 311. 346. 377. 390. 415. 407. 414. 420. 419. 430. 436. 454.
  456. 440. 458. 456. 459. 466. 460. 460. 459. 467. 470. 470. 429. 436.
  440. 430. 434. 434. 435. 433. 430. 440. 432. 426. 435. 440.]]
##############################
[[ 76.  99. 140. 162. 176. 195. 201. 219. 221. 228. 217. 232. 242. 239.
  248. 249. 263. 260. 261. 268. 257. 271. 273. 273. 266. 277. 272. 246.
  253. 258. 259. 251. 259. 255. 256. 255. 250. 253. 252. 258.]
 [439. 546. 572. 577. 579. 586. 586. 587. 588. 589. 590. 592. 591. 591.
  591. 591. 595. 594. 594. 595. 598. 594. 595. 594. 594. 595. 595. 544.
  546. 547. 547. 544. 545. 545. 545. 545. 544. 546. 545. 546.]
 [121. 189. 261. 298. 320. 341. 359. 375. 376. 386. 408. 407. 408. 417.
  434. 434. 431. 435. 442. 446. 445. 445. 447. 460. 451. 459. 460. 434.
  429. 428. 420. 429. 422. 426. 420. 432. 435. 435. 433. 443.]
 [178. 261. 311. 346. 377. 390. 415. 407. 414. 420. 419. 430. 436. 454.
  456. 440. 458. 456. 459. 466. 460. 460. 459. 467. 470. 470. 470. 436.
  440. 430. 434. 434. 435. 433. 430. 440. 432. 426. 435. 440.]]
##############################
[[ 76.  99. 140. 162. 176. 195. 201. 219. 221. 228. 217. 232. 242. 239.
  248. 249. 263. 260. 261. 268. 257. 271. 273. 273. 266. 277. 272. 269.
  253. 258. 259. 251. 259. 255. 256. 255. 250. 253. 252. 258.]
 [439. 546. 572. 577. 579. 586. 586. 587. 588. 589. 590. 592. 591. 591.
  591. 591. 595. 594. 594. 595. 598. 594. 595. 594. 594. 595. 595. 593.
  546. 547. 547. 544. 545. 545. 545. 545. 544. 546. 545. 546.]
 [121. 189. 261. 298. 320. 341. 359. 375. 376. 386. 408. 407. 408. 417.
  434. 434. 431. 435. 442. 446. 445. 445. 447. 460. 451. 459. 460. 472.
  429. 428. 420. 429. 422. 426. 420. 432. 435. 435. 433. 443.]
 [178. 261. 311. 346. 377. 390. 415. 407. 414. 420. 419. 430. 436. 454.
  456. 440. 458. 456. 459. 466. 460. 460. 459. 467. 470. 470. 470. 476.
  440. 430. 434. 434. 435. 433. 430. 440. 432. 426. 435. 440.]]
##############################
[[ 76.  99. 140. 162. 176. 195. 201. 219. 221. 228. 217. 232. 242. 239.
  248. 249. 263. 260. 261. 268. 257. 271. 273. 273. 266. 277. 272. 269.
  280. 258. 259. 251. 259. 255. 256. 255. 250. 253. 252. 258.]
 [439. 546. 572. 577. 579. 586. 586. 587. 588. 589. 590. 592. 591. 591.
  591. 591. 595. 594. 594. 595. 598. 594. 595. 594. 594. 595. 595. 593.
  593. 547. 547. 544. 545. 545. 545. 545. 544. 546. 545. 546.]
 [121. 189. 261. 298. 320. 341. 359. 375. 376. 386. 408. 407. 408. 417.
  434. 434. 431. 435. 442. 446. 445. 445. 447. 460. 451. 459. 460. 472.
  467. 428. 420. 429. 422. 426. 420. 432. 435. 435. 433. 443.]
 [178. 261. 311. 346. 377. 390. 415. 407. 414. 420. 419. 430. 436. 454.
  456. 440. 458. 456. 459. 466. 460. 460. 459. 467. 470. 470. 470. 476.
  481. 430. 434. 434. 435. 433. 430. 440. 432. 426. 435. 440.]]
##############################
[[ 76.  99. 140. 162. 176. 195. 201. 219. 221. 228. 217. 232. 242. 239.
  248. 249. 263. 260. 261. 268. 257. 271. 273. 273. 266. 277. 272. 269.
  280. 281. 259. 251. 259. 255. 256. 255. 250. 253. 252. 258.]
 [439. 546. 572. 577. 579. 586. 586. 587. 588. 589. 590. 592. 591. 591.
  591. 591. 595. 594. 594. 595. 598. 594. 595. 594. 594. 595. 595. 593.
  593. 596. 547. 544. 545. 545. 545. 545. 544. 546. 545. 546.]
 [121. 189. 261. 298. 320. 341. 359. 375. 376. 386. 408. 407. 408. 417.
  434. 434. 431. 435. 442. 446. 445. 445. 447. 460. 451. 459. 460. 472.
  467. 466. 420. 429. 422. 426. 420. 432. 435. 435. 433. 443.]
 [178. 261. 311. 346. 377. 390. 415. 407. 414. 420. 419. 430. 436. 454.
  456. 440. 458. 456. 459. 466. 460. 460. 459. 467. 470. 470. 470. 476.
  481. 471. 434. 434. 435. 433. 430. 440. 432. 426. 435. 440.]]
##############################
[[ 76.  99. 140. 162. 176. 195. 201. 219. 221. 228. 217. 232. 242. 239.
  248. 249. 263. 260. 261. 268. 257. 271. 273. 273. 266. 277. 272. 269.
  280. 281. 284. 251. 259. 255. 256. 255. 250. 253. 252. 258.]
 [439. 546. 572. 577. 579. 586. 586. 587. 588. 589. 590. 592. 591. 591.
  591. 591. 595. 594. 594. 595. 598. 594. 595. 594. 594. 595. 595. 593.
  593. 596. 595. 544. 545. 545. 545. 545. 544. 546. 545. 546.]
 [121. 189. 261. 298. 320. 341. 359. 375. 376. 386. 408. 407. 408. 417.
  434. 434. 431. 435. 442. 446. 445. 445. 447. 460. 451. 459. 460. 472.
  467. 466. 457. 429. 422. 426. 420. 432. 435. 435. 433. 443.]
 [178. 261. 311. 346. 377. 390. 415. 407. 414. 420. 419. 430. 436. 454.
  456. 440. 458. 456. 459. 466. 460. 460. 459. 467. 470. 470. 470. 476.
  481. 471. 474. 434. 435. 433. 430. 440. 432. 426. 435. 440.]]
##############################
[[ 76.  99. 140. 162. 176. 195. 201. 219. 221. 228. 217. 232. 242. 239.
  248. 249. 263. 260. 261. 268. 257. 271. 273. 273. 266. 277. 272. 269.
  280. 281. 284. 276. 259. 255. 256. 255. 250. 253. 252. 258.]
 [439. 546. 572. 577. 579. 586. 586. 587. 588. 589. 590. 592. 591. 591.
  591. 591. 595. 594. 594. 595. 598. 594. 595. 594. 594. 595. 595. 593.
  593. 596. 595. 592. 545. 545. 545. 545. 544. 546. 545. 546.]
 [121. 189. 261. 298. 320. 341. 359. 375. 376. 386. 408. 407. 408. 417.
  434. 434. 431. 435. 442. 446. 445. 445. 447. 460. 451. 459. 460. 472.
  467. 466. 457. 468. 422. 426. 420. 432. 435. 435. 433. 443.]
 [178. 261. 311. 346. 377. 390. 415. 407. 414. 420. 419. 430. 436. 454.
  456. 440. 458. 456. 459. 466. 460. 460. 459. 467. 470. 470. 470. 476.
  481. 471. 474. 475. 435. 433. 430. 440. 432. 426. 435. 440.]]
##############################
[[ 76.  99. 140. 162. 176. 195. 201. 219. 221. 228. 217. 232. 242. 239.
  248. 249. 263. 260. 261. 268. 257. 271. 273. 273. 266. 277. 272. 269.
  280. 281. 284. 276. 284. 255. 256. 255. 250. 253. 252. 258.]
 [439. 546. 572. 577. 579. 586. 586. 587. 588. 589. 590. 592. 591. 591.
  591. 591. 595. 594. 594. 595. 598. 594. 595. 594. 594. 595. 595. 593.
  593. 596. 595. 592. 594. 545. 545. 545. 544. 546. 545. 546.]
 [121. 189. 261. 298. 320. 341. 359. 375. 376. 386. 408. 407. 408. 417.
  434. 434. 431. 435. 442. 446. 445. 445. 447. 460. 451. 459. 460. 472.
  467. 466. 457. 468. 460. 426. 420. 432. 435. 435. 433. 443.]
 [178. 261. 311. 346. 377. 390. 415. 407. 414. 420. 419. 430. 436. 454.
  456. 440. 458. 456. 459. 466. 460. 460. 459. 467. 470. 470. 470. 476.
  481. 471. 474. 475. 477. 433. 430. 440. 432. 426. 435. 440.]]
##############################
[[ 76.  99. 140. 162. 176. 195. 201. 219. 221. 228. 217. 232. 242. 239.
  248. 249. 263. 260. 261. 268. 257. 271. 273. 273. 266. 277. 272. 269.
  280. 281. 284. 276. 284. 280. 256. 255. 250. 253. 252. 258.]
 [439. 546. 572. 577. 579. 586. 586. 587. 588. 589. 590. 592. 591. 591.
  591. 591. 595. 594. 594. 595. 598. 594. 595. 594. 594. 595. 595. 593.
  593. 596. 595. 592. 594. 593. 545. 545. 544. 546. 545. 546.]
 [121. 189. 261. 298. 320. 341. 359. 375. 376. 386. 408. 407. 408. 417.
  434. 434. 431. 435. 442. 446. 445. 445. 447. 460. 451. 459. 460. 472.
  467. 466. 457. 468. 460. 464. 420. 432. 435. 435. 433. 443.]
 [178. 261. 311. 346. 377. 390. 415. 407. 414. 420. 419. 430. 436. 454.
  456. 440. 458. 456. 459. 466. 460. 460. 459. 467. 470. 470. 470. 476.
  481. 471. 474. 475. 477. 475. 430. 440. 432. 426. 435. 440.]]
##############################
[[ 76.  99. 140. 162. 176. 195. 201. 219. 221. 228. 217. 232. 242. 239.
  248. 249. 263. 260. 261. 268. 257. 271. 273. 273. 266. 277. 272. 269.
  280. 281. 284. 276. 284. 280. 278. 255. 250. 253. 252. 258.]
 [439. 546. 572. 577. 579. 586. 586. 587. 588. 589. 590. 592. 591. 591.
  591. 591. 595. 594. 594. 595. 598. 594. 595. 594. 594. 595. 595. 593.
  593. 596. 595. 592. 594. 593. 593. 545. 544. 546. 545. 546.]
 [121. 189. 261. 298. 320. 341. 359. 375. 376. 386. 408. 407. 408. 417.
  434. 434. 431. 435. 442. 446. 445. 445. 447. 460. 451. 459. 460. 472.
  467. 466. 457. 468. 460. 464. 460. 432. 435. 435. 433. 443.]
 [178. 261. 311. 346. 377. 390. 415. 407. 414. 420. 419. 430. 436. 454.
  456. 440. 458. 456. 459. 466. 460. 460. 459. 467. 470. 470. 470. 476.
  481. 471. 474. 475. 477. 475. 474. 440. 432. 426. 435. 440.]]
##############################
[[ 76.  99. 140. 162. 176. 195. 201. 219. 221. 228. 217. 232. 242. 239.
  248. 249. 263. 260. 261. 268. 257. 271. 273. 273. 266. 277. 272. 269.
  280. 281. 284. 276. 284. 280. 278. 278. 250. 253. 252. 258.]
 [439. 546. 572. 577. 579. 586. 586. 587. 588. 589. 590. 592. 591. 591.
  591. 591. 595. 594. 594. 595. 598. 594. 595. 594. 594. 595. 595. 593.
  593. 596. 595. 592. 594. 593. 593. 593. 544. 546. 545. 546.]
 [121. 189. 261. 298. 320. 341. 359. 375. 376. 386. 408. 407. 408. 417.
  434. 434. 431. 435. 442. 446. 445. 445. 447. 460. 451. 459. 460. 472.
  467. 466. 457. 468. 460. 464. 460. 472. 435. 435. 433. 443.]
 [178. 261. 311. 346. 377. 390. 415. 407. 414. 420. 419. 430. 436. 454.
  456. 440. 458. 456. 459. 466. 460. 460. 459. 467. 470. 470. 470. 476.
  481. 471. 474. 475. 477. 475. 474. 480. 432. 426. 435. 440.]]
##############################
[[ 76.  99. 140. 162. 176. 195. 201. 219. 221. 228. 217. 232. 242. 239.
  248. 249. 263. 260. 261. 268. 257. 271. 273. 273. 266. 277. 272. 269.
  280. 281. 284. 276. 284. 280. 278. 278. 271. 253. 252. 258.]
 [439. 546. 572. 577. 579. 586. 586. 587. 588. 589. 590. 592. 591. 591.
  591. 591. 595. 594. 594. 595. 598. 594. 595. 594. 594. 595. 595. 593.
  593. 596. 595. 592. 594. 593. 593. 593. 593. 546. 545. 546.]
 [121. 189. 261. 298. 320. 341. 359. 375. 376. 386. 408. 407. 408. 417.
  434. 434. 431. 435. 442. 446. 445. 445. 447. 460. 451. 459. 460. 472.
  467. 466. 457. 468. 460. 464. 460. 472. 478. 435. 433. 443.]
 [178. 261. 311. 346. 377. 390. 415. 407. 414. 420. 419. 430. 436. 454.
  456. 440. 458. 456. 459. 466. 460. 460. 459. 467. 470. 470. 470. 476.
  481. 471. 474. 475. 477. 475. 474. 480. 476. 426. 435. 440.]]
##############################
[[ 76.  99. 140. 162. 176. 195. 201. 219. 221. 228. 217. 232. 242. 239.
  248. 249. 263. 260. 261. 268. 257. 271. 273. 273. 266. 277. 272. 269.
  280. 281. 284. 276. 284. 280. 278. 278. 271. 276. 252. 258.]
 [439. 546. 572. 577. 579. 586. 586. 587. 588. 589. 590. 592. 591. 591.
  591. 591. 595. 594. 594. 595. 598. 594. 595. 594. 594. 595. 595. 593.
  593. 596. 595. 592. 594. 593. 593. 593. 593. 595. 545. 546.]
 [121. 189. 261. 298. 320. 341. 359. 375. 376. 386. 408. 407. 408. 417.
  434. 434. 431. 435. 442. 446. 445. 445. 447. 460. 451. 459. 460. 472.
  467. 466. 457. 468. 460. 464. 460. 472. 478. 476. 433. 443.]
 [178. 261. 311. 346. 377. 390. 415. 407. 414. 420. 419. 430. 436. 454.
  456. 440. 458. 456. 459. 466. 460. 460. 459. 467. 470. 470. 470. 476.
  481. 471. 474. 475. 477. 475. 474. 480. 476. 465. 435. 440.]]
##############################
[[ 76.  99. 140. 162. 176. 195. 201. 219. 221. 228. 217. 232. 242. 239.
  248. 249. 263. 260. 261. 268. 257. 271. 273. 273. 266. 277. 272. 269.
  280. 281. 284. 276. 284. 280. 278. 278. 271. 276. 277. 258.]
 [439. 546. 572. 577. 579. 586. 586. 587. 588. 589. 590. 592. 591. 591.
  591. 591. 595. 594. 594. 595. 598. 594. 595. 594. 594. 595. 595. 593.
  593. 596. 595. 592. 594. 593. 593. 593. 593. 595. 594. 546.]
 [121. 189. 261. 298. 320. 341. 359. 375. 376. 386. 408. 407. 408. 417.
  434. 434. 431. 435. 442. 446. 445. 445. 447. 460. 451. 459. 460. 472.
  467. 466. 457. 468. 460. 464. 460. 472. 478. 476. 473. 443.]
 [178. 261. 311. 346. 377. 390. 415. 407. 414. 420. 419. 430. 436. 454.
  456. 440. 458. 456. 459. 466. 460. 460. 459. 467. 470. 470. 470. 476.
  481. 471. 474. 475. 477. 475. 474. 480. 476. 465. 479. 440.]]
##############################
[[ 76.  99. 140. 162. 176. 195. 201. 219. 221. 228. 217. 232. 242. 239.
  248. 249. 263. 260. 261. 268. 257. 271. 273. 273. 266. 277. 272. 269.
  280. 281. 284. 276. 284. 280. 278. 278. 271. 276. 277. 285.]
 [439. 546. 572. 577. 579. 586. 586. 587. 588. 589. 590. 592. 591. 591.
  591. 591. 595. 594. 594. 595. 598. 594. 595. 594. 594. 595. 595. 593.
  593. 596. 595. 592. 594. 593. 593. 593. 593. 595. 594. 595.]
 [121. 189. 261. 298. 320. 341. 359. 375. 376. 386. 408. 407. 408. 417.
  434. 434. 431. 435. 442. 446. 445. 445. 447. 460. 451. 459. 460. 472.
  467. 466. 457. 468. 460. 464. 460. 472. 478. 476. 473. 485.]
 [178. 261. 311. 346. 377. 390. 415. 407. 414. 420. 419. 430. 436. 454.
  456. 440. 458. 456. 459. 466. 460. 460. 459. 467. 470. 470. 470. 476.
  481. 471. 474. 475. 477. 475. 474. 480. 476. 465. 479. 483.]]
##############################
##################################################
##################################################
starting :13 batch
[[ 84.  99. 140. 162. 176. 195. 201. 219. 221. 228. 217. 232. 242. 239.
  248. 249. 263. 260. 261. 268. 257. 271. 273. 273. 266. 277. 272. 269.
  280. 281. 284. 276. 284. 280. 278. 278. 271. 276. 277. 285.]
 [479. 546. 572. 577. 579. 586. 586. 587. 588. 589. 590. 592. 591. 591.
  591. 591. 595. 594. 594. 595. 598. 594. 595. 594. 594. 595. 595. 593.
  593. 596. 595. 592. 594. 593. 593. 593. 593. 595. 594. 595.]
 [138. 189. 261. 298. 320. 341. 359. 375. 376. 386. 408. 407. 408. 417.
  434. 434. 431. 435. 442. 446. 445. 445. 447. 460. 451. 459. 460. 472.
  467. 466. 457. 468. 460. 464. 460. 472. 478. 476. 473. 485.]
 [193. 261. 311. 346. 377. 390. 415. 407. 414. 420. 419. 430. 436. 454.
  456. 440. 458. 456. 459. 466. 460. 460. 459. 467. 470. 470. 470. 476.
  481. 471. 474. 475. 477. 475. 474. 480. 476. 465. 479. 483.]]
##############################
[[ 84. 109. 140. 162. 176. 195. 201. 219. 221. 228. 217. 232. 242. 239.
  248. 249. 263. 260. 261. 268. 257. 271. 273. 273. 266. 277. 272. 269.
  280. 281. 284. 276. 284. 280. 278. 278. 271. 276. 277. 285.]
 [479. 594. 572. 577. 579. 586. 586. 587. 588. 589. 590. 592. 591. 591.
  591. 591. 595. 594. 594. 595. 598. 594. 595. 594. 594. 595. 595. 593.
  593. 596. 595. 592. 594. 593. 593. 593. 593. 595. 594. 595.]
 [138. 215. 261. 298. 320. 341. 359. 375. 376. 386. 408. 407. 408. 417.
  434. 434. 431. 435. 442. 446. 445. 445. 447. 460. 451. 459. 460. 472.
  467. 466. 457. 468. 460. 464. 460. 472. 478. 476. 473. 485.]
 [193. 287. 311. 346. 377. 390. 415. 407. 414. 420. 419. 430. 436. 454.
  456. 440. 458. 456. 459. 466. 460. 460. 459. 467. 470. 470. 470. 476.
  481. 471. 474. 475. 477. 475. 474. 480. 476. 465. 479. 483.]]
##############################
[[ 84. 109. 157. 162. 176. 195. 201. 219. 221. 228. 217. 232. 242. 239.
  248. 249. 263. 260. 261. 268. 257. 271. 273. 273. 266. 277. 272. 269.
  280. 281. 284. 276. 284. 280. 278. 278. 271. 276. 277. 285.]
 [479. 594. 621. 577. 579. 586. 586. 587. 588. 589. 590. 592. 591. 591.
  591. 591. 595. 594. 594. 595. 598. 594. 595. 594. 594. 595. 595. 593.
  593. 596. 595. 592. 594. 593. 593. 593. 593. 595. 594. 595.]
 [138. 215. 289. 298. 320. 341. 359. 375. 376. 386. 408. 407. 408. 417.
  434. 434. 431. 435. 442. 446. 445. 445. 447. 460. 451. 459. 460. 472.
  467. 466. 457. 468. 460. 464. 460. 472. 478. 476. 473. 485.]
 [193. 287. 342. 346. 377. 390. 415. 407. 414. 420. 419. 430. 436. 454.
  456. 440. 458. 456. 459. 466. 460. 460. 459. 467. 470. 470. 470. 476.
  481. 471. 474. 475. 477. 475. 474. 480. 476. 465. 479. 483.]]
##############################
[[ 84. 109. 157. 177. 176. 195. 201. 219. 221. 228. 217. 232. 242. 239.
  248. 249. 263. 260. 261. 268. 257. 271. 273. 273. 266. 277. 272. 269.
  280. 281. 284. 276. 284. 280. 278. 278. 271. 276. 277. 285.]
 [479. 594. 621. 626. 579. 586. 586. 587. 588. 589. 590. 592. 591. 591.
  591. 591. 595. 594. 594. 595. 598. 594. 595. 594. 594. 595. 595. 593.
  593. 596. 595. 592. 594. 593. 593. 593. 593. 595. 594. 595.]
 [138. 215. 289. 327. 320. 341. 359. 375. 376. 386. 408. 407. 408. 417.
  434. 434. 431. 435. 442. 446. 445. 445. 447. 460. 451. 459. 460. 472.
  467. 466. 457. 468. 460. 464. 460. 472. 478. 476. 473. 485.]
 [193. 287. 342. 380. 377. 390. 415. 407. 414. 420. 419. 430. 436. 454.
  456. 440. 458. 456. 459. 466. 460. 460. 459. 467. 470. 470. 470. 476.
  481. 471. 474. 475. 477. 475. 474. 480. 476. 465. 479. 483.]]
##############################
[[ 84. 109. 157. 177. 196. 195. 201. 219. 221. 228. 217. 232. 242. 239.
  248. 249. 263. 260. 261. 268. 257. 271. 273. 273. 266. 277. 272. 269.
  280. 281. 284. 276. 284. 280. 278. 278. 271. 276. 277. 285.]
 [479. 594. 621. 626. 628. 586. 586. 587. 588. 589. 590. 592. 591. 591.
  591. 591. 595. 594. 594. 595. 598. 594. 595. 594. 594. 595. 595. 593.
  593. 596. 595. 592. 594. 593. 593. 593. 593. 595. 594. 595.]
 [138. 215. 289. 327. 351. 341. 359. 375. 376. 386. 408. 407. 408. 417.
  434. 434. 431. 435. 442. 446. 445. 445. 447. 460. 451. 459. 460. 472.
  467. 466. 457. 468. 460. 464. 460. 472. 478. 476. 473. 485.]
 [193. 287. 342. 380. 412. 390. 415. 407. 414. 420. 419. 430. 436. 454.
  456. 440. 458. 456. 459. 466. 460. 460. 459. 467. 470. 470. 470. 476.
  481. 471. 474. 475. 477. 475. 474. 480. 476. 465. 479. 483.]]
##############################
[[ 84. 109. 157. 177. 196. 213. 201. 219. 221. 228. 217. 232. 242. 239.
  248. 249. 263. 260. 261. 268. 257. 271. 273. 273. 266. 277. 272. 269.
  280. 281. 284. 276. 284. 280. 278. 278. 271. 276. 277. 285.]
 [479. 594. 621. 626. 628. 635. 586. 587. 588. 589. 590. 592. 591. 591.
  591. 591. 595. 594. 594. 595. 598. 594. 595. 594. 594. 595. 595. 593.
  593. 596. 595. 592. 594. 593. 593. 593. 593. 595. 594. 595.]
 [138. 215. 289. 327. 351. 374. 359. 375. 376. 386. 408. 407. 408. 417.
  434. 434. 431. 435. 442. 446. 445. 445. 447. 460. 451. 459. 460. 472.
  467. 466. 457. 468. 460. 464. 460. 472. 478. 476. 473. 485.]
 [193. 287. 342. 380. 412. 425. 415. 407. 414. 420. 419. 430. 436. 454.
  456. 440. 458. 456. 459. 466. 460. 460. 459. 467. 470. 470. 470. 476.
  481. 471. 474. 475. 477. 475. 474. 480. 476. 465. 479. 483.]]
##############################
[[ 84. 109. 157. 177. 196. 213. 219. 219. 221. 228. 217. 232. 242. 239.
  248. 249. 263. 260. 261. 268. 257. 271. 273. 273. 266. 277. 272. 269.
  280. 281. 284. 276. 284. 280. 278. 278. 271. 276. 277. 285.]
 [479. 594. 621. 626. 628. 635. 635. 587. 588. 589. 590. 592. 591. 591.
  591. 591. 595. 594. 594. 595. 598. 594. 595. 594. 594. 595. 595. 593.
  593. 596. 595. 592. 594. 593. 593. 593. 593. 595. 594. 595.]
 [138. 215. 289. 327. 351. 374. 392. 375. 376. 386. 408. 407. 408. 417.
  434. 434. 431. 435. 442. 446. 445. 445. 447. 460. 451. 459. 460. 472.
  467. 466. 457. 468. 460. 464. 460. 472. 478. 476. 473. 485.]
 [193. 287. 342. 380. 412. 425. 449. 407. 414. 420. 419. 430. 436. 454.
  456. 440. 458. 456. 459. 466. 460. 460. 459. 467. 470. 470. 470. 476.
  481. 471. 474. 475. 477. 475. 474. 480. 476. 465. 479. 483.]]
##############################
[[ 84. 109. 157. 177. 196. 213. 219. 239. 221. 228. 217. 232. 242. 239.
  248. 249. 263. 260. 261. 268. 257. 271. 273. 273. 266. 277. 272. 269.
  280. 281. 284. 276. 284. 280. 278. 278. 271. 276. 277. 285.]
 [479. 594. 621. 626. 628. 635. 635. 637. 588. 589. 590. 592. 591. 591.
  591. 591. 595. 594. 594. 595. 598. 594. 595. 594. 594. 595. 595. 593.
  593. 596. 595. 592. 594. 593. 593. 593. 593. 595. 594. 595.]
 [138. 215. 289. 327. 351. 374. 392. 408. 376. 386. 408. 407. 408. 417.
  434. 434. 431. 435. 442. 446. 445. 445. 447. 460. 451. 459. 460. 472.
  467. 466. 457. 468. 460. 464. 460. 472. 478. 476. 473. 485.]
 [193. 287. 342. 380. 412. 425. 449. 443. 414. 420. 419. 430. 436. 454.
  456. 440. 458. 456. 459. 466. 460. 460. 459. 467. 470. 470. 470. 476.
  481. 471. 474. 475. 477. 475. 474. 480. 476. 465. 479. 483.]]
##############################
[[ 84. 109. 157. 177. 196. 213. 219. 239. 241. 228. 217. 232. 242. 239.
  248. 249. 263. 260. 261. 268. 257. 271. 273. 273. 266. 277. 272. 269.
  280. 281. 284. 276. 284. 280. 278. 278. 271. 276. 277. 285.]
 [479. 594. 621. 626. 628. 635. 635. 637. 638. 589. 590. 592. 591. 591.
  591. 591. 595. 594. 594. 595. 598. 594. 595. 594. 594. 595. 595. 593.
  593. 596. 595. 592. 594. 593. 593. 593. 593. 595. 594. 595.]
 [138. 215. 289. 327. 351. 374. 392. 408. 411. 386. 408. 407. 408. 417.
  434. 434. 431. 435. 442. 446. 445. 445. 447. 460. 451. 459. 460. 472.
  467. 466. 457. 468. 460. 464. 460. 472. 478. 476. 473. 485.]
 [193. 287. 342. 380. 412. 425. 449. 443. 452. 420. 419. 430. 436. 454.
  456. 440. 458. 456. 459. 466. 460. 460. 459. 467. 470. 470. 470. 476.
  481. 471. 474. 475. 477. 475. 474. 480. 476. 465. 479. 483.]]
##############################
[[ 84. 109. 157. 177. 196. 213. 219. 239. 241. 251. 217. 232. 242. 239.
  248. 249. 263. 260. 261. 268. 257. 271. 273. 273. 266. 277. 272. 269.
  280. 281. 284. 276. 284. 280. 278. 278. 271. 276. 277. 285.]
 [479. 594. 621. 626. 628. 635. 635. 637. 638. 639. 590. 592. 591. 591.
  591. 591. 595. 594. 594. 595. 598. 594. 595. 594. 594. 595. 595. 593.
  593. 596. 595. 592. 594. 593. 593. 593. 593. 595. 594. 595.]
 [138. 215. 289. 327. 351. 374. 392. 408. 411. 421. 408. 407. 408. 417.
  434. 434. 431. 435. 442. 446. 445. 445. 447. 460. 451. 459. 460. 472.
  467. 466. 457. 468. 460. 464. 460. 472. 478. 476. 473. 485.]
 [193. 287. 342. 380. 412. 425. 449. 443. 452. 457. 419. 430. 436. 454.
  456. 440. 458. 456. 459. 466. 460. 460. 459. 467. 470. 470. 470. 476.
  481. 471. 474. 475. 477. 475. 474. 480. 476. 465. 479. 483.]]
##############################
[[ 84. 109. 157. 177. 196. 213. 219. 239. 241. 251. 237. 232. 242. 239.
  248. 249. 263. 260. 261. 268. 257. 271. 273. 273. 266. 277. 272. 269.
  280. 281. 284. 276. 284. 280. 278. 278. 271. 276. 277. 285.]
 [479. 594. 621. 626. 628. 635. 635. 637. 638. 639. 640. 592. 591. 591.
  591. 591. 595. 594. 594. 595. 598. 594. 595. 594. 594. 595. 595. 593.
  593. 596. 595. 592. 594. 593. 593. 593. 593. 595. 594. 595.]
 [138. 215. 289. 327. 351. 374. 392. 408. 411. 421. 443. 407. 408. 417.
  434. 434. 431. 435. 442. 446. 445. 445. 447. 460. 451. 459. 460. 472.
  467. 466. 457. 468. 460. 464. 460. 472. 478. 476. 473. 485.]
 [193. 287. 342. 380. 412. 425. 449. 443. 452. 457. 455. 430. 436. 454.
  456. 440. 458. 456. 459. 466. 460. 460. 459. 467. 470. 470. 470. 476.
  481. 471. 474. 475. 477. 475. 474. 480. 476. 465. 479. 483.]]
##############################
[[ 84. 109. 157. 177. 196. 213. 219. 239. 241. 251. 237. 257. 242. 239.
  248. 249. 263. 260. 261. 268. 257. 271. 273. 273. 266. 277. 272. 269.
  280. 281. 284. 276. 284. 280. 278. 278. 271. 276. 277. 285.]
 [479. 594. 621. 626. 628. 635. 635. 637. 638. 639. 640. 642. 591. 591.
  591. 591. 595. 594. 594. 595. 598. 594. 595. 594. 594. 595. 595. 593.
  593. 596. 595. 592. 594. 593. 593. 593. 593. 595. 594. 595.]
 [138. 215. 289. 327. 351. 374. 392. 408. 411. 421. 443. 444. 408. 417.
  434. 434. 431. 435. 442. 446. 445. 445. 447. 460. 451. 459. 460. 472.
  467. 466. 457. 468. 460. 464. 460. 472. 478. 476. 473. 485.]
 [193. 287. 342. 380. 412. 425. 449. 443. 452. 457. 455. 468. 436. 454.
  456. 440. 458. 456. 459. 466. 460. 460. 459. 467. 470. 470. 470. 476.
  481. 471. 474. 475. 477. 475. 474. 480. 476. 465. 479. 483.]]
##############################
[[ 84. 109. 157. 177. 196. 213. 219. 239. 241. 251. 237. 257. 264. 239.
  248. 249. 263. 260. 261. 268. 257. 271. 273. 273. 266. 277. 272. 269.
  280. 281. 284. 276. 284. 280. 278. 278. 271. 276. 277. 285.]
 [479. 594. 621. 626. 628. 635. 635. 637. 638. 639. 640. 642. 641. 591.
  591. 591. 595. 594. 594. 595. 598. 594. 595. 594. 594. 595. 595. 593.
  593. 596. 595. 592. 594. 593. 593. 593. 593. 595. 594. 595.]
 [138. 215. 289. 327. 351. 374. 392. 408. 411. 421. 443. 444. 446. 417.
  434. 434. 431. 435. 442. 446. 445. 445. 447. 460. 451. 459. 460. 472.
  467. 466. 457. 468. 460. 464. 460. 472. 478. 476. 473. 485.]
 [193. 287. 342. 380. 412. 425. 449. 443. 452. 457. 455. 468. 473. 454.
  456. 440. 458. 456. 459. 466. 460. 460. 459. 467. 470. 470. 470. 476.
  481. 471. 474. 475. 477. 475. 474. 480. 476. 465. 479. 483.]]
##############################
[[ 84. 109. 157. 177. 196. 213. 219. 239. 241. 251. 237. 257. 264. 260.
  248. 249. 263. 260. 261. 268. 257. 271. 273. 273. 266. 277. 272. 269.
  280. 281. 284. 276. 284. 280. 278. 278. 271. 276. 277. 285.]
 [479. 594. 621. 626. 628. 635. 635. 637. 638. 639. 640. 642. 641. 641.
  591. 591. 595. 594. 594. 595. 598. 594. 595. 594. 594. 595. 595. 593.
  593. 596. 595. 592. 594. 593. 593. 593. 593. 595. 594. 595.]
 [138. 215. 289. 327. 351. 374. 392. 408. 411. 421. 443. 444. 446. 456.
  434. 434. 431. 435. 442. 446. 445. 445. 447. 460. 451. 459. 460. 472.
  467. 466. 457. 468. 460. 464. 460. 472. 478. 476. 473. 485.]
 [193. 287. 342. 380. 412. 425. 449. 443. 452. 457. 455. 468. 473. 493.
  456. 440. 458. 456. 459. 466. 460. 460. 459. 467. 470. 470. 470. 476.
  481. 471. 474. 475. 477. 475. 474. 480. 476. 465. 479. 483.]]
##############################
[[ 84. 109. 157. 177. 196. 213. 219. 239. 241. 251. 237. 257. 264. 260.
  269. 249. 263. 260. 261. 268. 257. 271. 273. 273. 266. 277. 272. 269.
  280. 281. 284. 276. 284. 280. 278. 278. 271. 276. 277. 285.]
 [479. 594. 621. 626. 628. 635. 635. 637. 638. 639. 640. 642. 641. 641.
  641. 591. 595. 594. 594. 595. 598. 594. 595. 594. 594. 595. 595. 593.
  593. 596. 595. 592. 594. 593. 593. 593. 593. 595. 594. 595.]
 [138. 215. 289. 327. 351. 374. 392. 408. 411. 421. 443. 444. 446. 456.
  471. 434. 431. 435. 442. 446. 445. 445. 447. 460. 451. 459. 460. 472.
  467. 466. 457. 468. 460. 464. 460. 472. 478. 476. 473. 485.]
 [193. 287. 342. 380. 412. 425. 449. 443. 452. 457. 455. 468. 473. 493.
  495. 440. 458. 456. 459. 466. 460. 460. 459. 467. 470. 470. 470. 476.
  481. 471. 474. 475. 477. 475. 474. 480. 476. 465. 479. 483.]]
##############################
[[ 84. 109. 157. 177. 196. 213. 219. 239. 241. 251. 237. 257. 264. 260.
  269. 272. 263. 260. 261. 268. 257. 271. 273. 273. 266. 277. 272. 269.
  280. 281. 284. 276. 284. 280. 278. 278. 271. 276. 277. 285.]
 [479. 594. 621. 626. 628. 635. 635. 637. 638. 639. 640. 642. 641. 641.
  641. 641. 595. 594. 594. 595. 598. 594. 595. 594. 594. 595. 595. 593.
  593. 596. 595. 592. 594. 593. 593. 593. 593. 595. 594. 595.]
 [138. 215. 289. 327. 351. 374. 392. 408. 411. 421. 443. 444. 446. 456.
  471. 471. 431. 435. 442. 446. 445. 445. 447. 460. 451. 459. 460. 472.
  467. 466. 457. 468. 460. 464. 460. 472. 478. 476. 473. 485.]
 [193. 287. 342. 380. 412. 425. 449. 443. 452. 457. 455. 468. 473. 493.
  495. 476. 458. 456. 459. 466. 460. 460. 459. 467. 470. 470. 470. 476.
  481. 471. 474. 475. 477. 475. 474. 480. 476. 465. 479. 483.]]
##############################
[[ 84. 109. 157. 177. 196. 213. 219. 239. 241. 251. 237. 257. 264. 260.
  269. 272. 287. 260. 261. 268. 257. 271. 273. 273. 266. 277. 272. 269.
  280. 281. 284. 276. 284. 280. 278. 278. 271. 276. 277. 285.]
 [479. 594. 621. 626. 628. 635. 635. 637. 638. 639. 640. 642. 641. 641.
  641. 641. 645. 594. 594. 595. 598. 594. 595. 594. 594. 595. 595. 593.
  593. 596. 595. 592. 594. 593. 593. 593. 593. 595. 594. 595.]
 [138. 215. 289. 327. 351. 374. 392. 408. 411. 421. 443. 444. 446. 456.
  471. 471. 470. 435. 442. 446. 445. 445. 447. 460. 451. 459. 460. 472.
  467. 466. 457. 468. 460. 464. 460. 472. 478. 476. 473. 485.]
 [193. 287. 342. 380. 412. 425. 449. 443. 452. 457. 455. 468. 473. 493.
  495. 476. 498. 456. 459. 466. 460. 460. 459. 467. 470. 470. 470. 476.
  481. 471. 474. 475. 477. 475. 474. 480. 476. 465. 479. 483.]]
##############################
[[ 84. 109. 157. 177. 196. 213. 219. 239. 241. 251. 237. 257. 264. 260.
  269. 272. 287. 285. 261. 268. 257. 271. 273. 273. 266. 277. 272. 269.
  280. 281. 284. 276. 284. 280. 278. 278. 271. 276. 277. 285.]
 [479. 594. 621. 626. 628. 635. 635. 637. 638. 639. 640. 642. 641. 641.
  641. 641. 645. 644. 594. 595. 598. 594. 595. 594. 594. 595. 595. 593.
  593. 596. 595. 592. 594. 593. 593. 593. 593. 595. 594. 595.]
 [138. 215. 289. 327. 351. 374. 392. 408. 411. 421. 443. 444. 446. 456.
  471. 471. 470. 476. 442. 446. 445. 445. 447. 460. 451. 459. 460. 472.
  467. 466. 457. 468. 460. 464. 460. 472. 478. 476. 473. 485.]
 [193. 287. 342. 380. 412. 425. 449. 443. 452. 457. 455. 468. 473. 493.
  495. 476. 498. 496. 459. 466. 460. 460. 459. 467. 470. 470. 470. 476.
  481. 471. 474. 475. 477. 475. 474. 480. 476. 465. 479. 483.]]
##############################
[[ 84. 109. 157. 177. 196. 213. 219. 239. 241. 251. 237. 257. 264. 260.
  269. 272. 287. 285. 284. 268. 257. 271. 273. 273. 266. 277. 272. 269.
  280. 281. 284. 276. 284. 280. 278. 278. 271. 276. 277. 285.]
 [479. 594. 621. 626. 628. 635. 635. 637. 638. 639. 640. 642. 641. 641.
  641. 641. 645. 644. 644. 595. 598. 594. 595. 594. 594. 595. 595. 593.
  593. 596. 595. 592. 594. 593. 593. 593. 593. 595. 594. 595.]
 [138. 215. 289. 327. 351. 374. 392. 408. 411. 421. 443. 444. 446. 456.
  471. 471. 470. 476. 484. 446. 445. 445. 447. 460. 451. 459. 460. 472.
  467. 466. 457. 468. 460. 464. 460. 472. 478. 476. 473. 485.]
 [193. 287. 342. 380. 412. 425. 449. 443. 452. 457. 455. 468. 473. 493.
  495. 476. 498. 496. 498. 466. 460. 460. 459. 467. 470. 470. 470. 476.
  481. 471. 474. 475. 477. 475. 474. 480. 476. 465. 479. 483.]]
##############################
[[ 84. 109. 157. 177. 196. 213. 219. 239. 241. 251. 237. 257. 264. 260.
  269. 272. 287. 285. 284. 291. 257. 271. 273. 273. 266. 277. 272. 269.
  280. 281. 284. 276. 284. 280. 278. 278. 271. 276. 277. 285.]
 [479. 594. 621. 626. 628. 635. 635. 637. 638. 639. 640. 642. 641. 641.
  641. 641. 645. 644. 644. 645. 598. 594. 595. 594. 594. 595. 595. 593.
  593. 596. 595. 592. 594. 593. 593. 593. 593. 595. 594. 595.]
 [138. 215. 289. 327. 351. 374. 392. 408. 411. 421. 443. 444. 446. 456.
  471. 471. 470. 476. 484. 488. 445. 445. 447. 460. 451. 459. 460. 472.
  467. 466. 457. 468. 460. 464. 460. 472. 478. 476. 473. 485.]
 [193. 287. 342. 380. 412. 425. 449. 443. 452. 457. 455. 468. 473. 493.
  495. 476. 498. 496. 498. 505. 460. 460. 459. 467. 470. 470. 470. 476.
  481. 471. 474. 475. 477. 475. 474. 480. 476. 465. 479. 483.]]
##############################
[[ 84. 109. 157. 177. 196. 213. 219. 239. 241. 251. 237. 257. 264. 260.
  269. 272. 287. 285. 284. 291. 280. 271. 273. 273. 266. 277. 272. 269.
  280. 281. 284. 276. 284. 280. 278. 278. 271. 276. 277. 285.]
 [479. 594. 621. 626. 628. 635. 635. 637. 638. 639. 640. 642. 641. 641.
  641. 641. 645. 644. 644. 645. 648. 594. 595. 594. 594. 595. 595. 593.
  593. 596. 595. 592. 594. 593. 593. 593. 593. 595. 594. 595.]
 [138. 215. 289. 327. 351. 374. 392. 408. 411. 421. 443. 444. 446. 456.
  471. 471. 470. 476. 484. 488. 485. 445. 447. 460. 451. 459. 460. 472.
  467. 466. 457. 468. 460. 464. 460. 472. 478. 476. 473. 485.]
 [193. 287. 342. 380. 412. 425. 449. 443. 452. 457. 455. 468. 473. 493.
  495. 476. 498. 496. 498. 505. 499. 460. 459. 467. 470. 470. 470. 476.
  481. 471. 474. 475. 477. 475. 474. 480. 476. 465. 479. 483.]]
##############################
[[ 84. 109. 157. 177. 196. 213. 219. 239. 241. 251. 237. 257. 264. 260.
  269. 272. 287. 285. 284. 291. 280. 292. 273. 273. 266. 277. 272. 269.
  280. 281. 284. 276. 284. 280. 278. 278. 271. 276. 277. 285.]
 [479. 594. 621. 626. 628. 635. 635. 637. 638. 639. 640. 642. 641. 641.
  641. 641. 645. 644. 644. 645. 648. 644. 595. 594. 594. 595. 595. 593.
  593. 596. 595. 592. 594. 593. 593. 593. 593. 595. 594. 595.]
 [138. 215. 289. 327. 351. 374. 392. 408. 411. 421. 443. 444. 446. 456.
  471. 471. 470. 476. 484. 488. 485. 486. 447. 460. 451. 459. 460. 472.
  467. 466. 457. 468. 460. 464. 460. 472. 478. 476. 473. 485.]
 [193. 287. 342. 380. 412. 425. 449. 443. 452. 457. 455. 468. 473. 493.
  495. 476. 498. 496. 498. 505. 499. 500. 459. 467. 470. 470. 470. 476.
  481. 471. 474. 475. 477. 475. 474. 480. 476. 465. 479. 483.]]
##############################
[[ 84. 109. 157. 177. 196. 213. 219. 239. 241. 251. 237. 257. 264. 260.
  269. 272. 287. 285. 284. 291. 280. 292. 296. 273. 266. 277. 272. 269.
  280. 281. 284. 276. 284. 280. 278. 278. 271. 276. 277. 285.]
 [479. 594. 621. 626. 628. 635. 635. 637. 638. 639. 640. 642. 641. 641.
  641. 641. 645. 644. 644. 645. 648. 644. 645. 594. 594. 595. 595. 593.
  593. 596. 595. 592. 594. 593. 593. 593. 593. 595. 594. 595.]
 [138. 215. 289. 327. 351. 374. 392. 408. 411. 421. 443. 444. 446. 456.
  471. 471. 470. 476. 484. 488. 485. 486. 488. 460. 451. 459. 460. 472.
  467. 466. 457. 468. 460. 464. 460. 472. 478. 476. 473. 485.]
 [193. 287. 342. 380. 412. 425. 449. 443. 452. 457. 455. 468. 473. 493.
  495. 476. 498. 496. 498. 505. 499. 500. 500. 467. 470. 470. 470. 476.
  481. 471. 474. 475. 477. 475. 474. 480. 476. 465. 479. 483.]]
##############################
[[ 84. 109. 157. 177. 196. 213. 219. 239. 241. 251. 237. 257. 264. 260.
  269. 272. 287. 285. 284. 291. 280. 292. 296. 299. 266. 277. 272. 269.
  280. 281. 284. 276. 284. 280. 278. 278. 271. 276. 277. 285.]
 [479. 594. 621. 626. 628. 635. 635. 637. 638. 639. 640. 642. 641. 641.
  641. 641. 645. 644. 644. 645. 648. 644. 645. 644. 594. 595. 595. 593.
  593. 596. 595. 592. 594. 593. 593. 593. 593. 595. 594. 595.]
 [138. 215. 289. 327. 351. 374. 392. 408. 411. 421. 443. 444. 446. 456.
  471. 471. 470. 476. 484. 488. 485. 486. 488. 501. 451. 459. 460. 472.
  467. 466. 457. 468. 460. 464. 460. 472. 478. 476. 473. 485.]
 [193. 287. 342. 380. 412. 425. 449. 443. 452. 457. 455. 468. 473. 493.
  495. 476. 498. 496. 498. 505. 499. 500. 500. 506. 470. 470. 470. 476.
  481. 471. 474. 475. 477. 475. 474. 480. 476. 465. 479. 483.]]
##############################
[[ 84. 109. 157. 177. 196. 213. 219. 239. 241. 251. 237. 257. 264. 260.
  269. 272. 287. 285. 284. 291. 280. 292. 296. 299. 288. 277. 272. 269.
  280. 281. 284. 276. 284. 280. 278. 278. 271. 276. 277. 285.]
 [479. 594. 621. 626. 628. 635. 635. 637. 638. 639. 640. 642. 641. 641.
  641. 641. 645. 644. 644. 645. 648. 644. 645. 644. 644. 595. 595. 593.
  593. 596. 595. 592. 594. 593. 593. 593. 593. 595. 594. 595.]
 [138. 215. 289. 327. 351. 374. 392. 408. 411. 421. 443. 444. 446. 456.
  471. 471. 470. 476. 484. 488. 485. 486. 488. 501. 491. 459. 460. 472.
  467. 466. 457. 468. 460. 464. 460. 472. 478. 476. 473. 485.]
 [193. 287. 342. 380. 412. 425. 449. 443. 452. 457. 455. 468. 473. 493.
  495. 476. 498. 496. 498. 505. 499. 500. 500. 506. 508. 470. 470. 476.
  481. 471. 474. 475. 477. 475. 474. 480. 476. 465. 479. 483.]]
##############################
[[ 84. 109. 157. 177. 196. 213. 219. 239. 241. 251. 237. 257. 264. 260.
  269. 272. 287. 285. 284. 291. 280. 292. 296. 299. 288. 303. 272. 269.
  280. 281. 284. 276. 284. 280. 278. 278. 271. 276. 277. 285.]
 [479. 594. 621. 626. 628. 635. 635. 637. 638. 639. 640. 642. 641. 641.
  641. 641. 645. 644. 644. 645. 648. 644. 645. 644. 644. 645. 595. 593.
  593. 596. 595. 592. 594. 593. 593. 593. 593. 595. 594. 595.]
 [138. 215. 289. 327. 351. 374. 392. 408. 411. 421. 443. 444. 446. 456.
  471. 471. 470. 476. 484. 488. 485. 486. 488. 501. 491. 498. 460. 472.
  467. 466. 457. 468. 460. 464. 460. 472. 478. 476. 473. 485.]
 [193. 287. 342. 380. 412. 425. 449. 443. 452. 457. 455. 468. 473. 493.
  495. 476. 498. 496. 498. 505. 499. 500. 500. 506. 508. 511. 470. 476.
  481. 471. 474. 475. 477. 475. 474. 480. 476. 465. 479. 483.]]
##############################
[[ 84. 109. 157. 177. 196. 213. 219. 239. 241. 251. 237. 257. 264. 260.
  269. 272. 287. 285. 284. 291. 280. 292. 296. 299. 288. 303. 294. 269.
  280. 281. 284. 276. 284. 280. 278. 278. 271. 276. 277. 285.]
 [479. 594. 621. 626. 628. 635. 635. 637. 638. 639. 640. 642. 641. 641.
  641. 641. 645. 644. 644. 645. 648. 644. 645. 644. 644. 645. 645. 593.
  593. 596. 595. 592. 594. 593. 593. 593. 593. 595. 594. 595.]
 [138. 215. 289. 327. 351. 374. 392. 408. 411. 421. 443. 444. 446. 456.
  471. 471. 470. 476. 484. 488. 485. 486. 488. 501. 491. 498. 500. 472.
  467. 466. 457. 468. 460. 464. 460. 472. 478. 476. 473. 485.]
 [193. 287. 342. 380. 412. 425. 449. 443. 452. 457. 455. 468. 473. 493.
  495. 476. 498. 496. 498. 505. 499. 500. 500. 506. 508. 511. 511. 476.
  481. 471. 474. 475. 477. 475. 474. 480. 476. 465. 479. 483.]]
##############################
[[ 84. 109. 157. 177. 196. 213. 219. 239. 241. 251. 237. 257. 264. 260.
  269. 272. 287. 285. 284. 291. 280. 292. 296. 299. 288. 303. 294. 290.
  280. 281. 284. 276. 284. 280. 278. 278. 271. 276. 277. 285.]
 [479. 594. 621. 626. 628. 635. 635. 637. 638. 639. 640. 642. 641. 641.
  641. 641. 645. 644. 644. 645. 648. 644. 645. 644. 644. 645. 645. 643.
  593. 596. 595. 592. 594. 593. 593. 593. 593. 595. 594. 595.]
 [138. 215. 289. 327. 351. 374. 392. 408. 411. 421. 443. 444. 446. 456.
  471. 471. 470. 476. 484. 488. 485. 486. 488. 501. 491. 498. 500. 513.
  467. 466. 457. 468. 460. 464. 460. 472. 478. 476. 473. 485.]
 [193. 287. 342. 380. 412. 425. 449. 443. 452. 457. 455. 468. 473. 493.
  495. 476. 498. 496. 498. 505. 499. 500. 500. 506. 508. 511. 511. 516.
  481. 471. 474. 475. 477. 475. 474. 480. 476. 465. 479. 483.]]
##############################
[[ 84. 109. 157. 177. 196. 213. 219. 239. 241. 251. 237. 257. 264. 260.
  269. 272. 287. 285. 284. 291. 280. 292. 296. 299. 288. 303. 294. 290.
  302. 281. 284. 276. 284. 280. 278. 278. 271. 276. 277. 285.]
 [479. 594. 621. 626. 628. 635. 635. 637. 638. 639. 640. 642. 641. 641.
  641. 641. 645. 644. 644. 645. 648. 644. 645. 644. 644. 645. 645. 643.
  643. 596. 595. 592. 594. 593. 593. 593. 593. 595. 594. 595.]
 [138. 215. 289. 327. 351. 374. 392. 408. 411. 421. 443. 444. 446. 456.
  471. 471. 470. 476. 484. 488. 485. 486. 488. 501. 491. 498. 500. 513.
  509. 466. 457. 468. 460. 464. 460. 472. 478. 476. 473. 485.]
 [193. 287. 342. 380. 412. 425. 449. 443. 452. 457. 455. 468. 473. 493.
  495. 476. 498. 496. 498. 505. 499. 500. 500. 506. 508. 511. 511. 516.
  521. 471. 474. 475. 477. 475. 474. 480. 476. 465. 479. 483.]]
##############################
[[ 84. 109. 157. 177. 196. 213. 219. 239. 241. 251. 237. 257. 264. 260.
  269. 272. 287. 285. 284. 291. 280. 292. 296. 299. 288. 303. 294. 290.
  302. 305. 284. 276. 284. 280. 278. 278. 271. 276. 277. 285.]
 [479. 594. 621. 626. 628. 635. 635. 637. 638. 639. 640. 642. 641. 641.
  641. 641. 645. 644. 644. 645. 648. 644. 645. 644. 644. 645. 645. 643.
  643. 646. 595. 592. 594. 593. 593. 593. 593. 595. 594. 595.]
 [138. 215. 289. 327. 351. 374. 392. 408. 411. 421. 443. 444. 446. 456.
  471. 471. 470. 476. 484. 488. 485. 486. 488. 501. 491. 498. 500. 513.
  509. 507. 457. 468. 460. 464. 460. 472. 478. 476. 473. 485.]
 [193. 287. 342. 380. 412. 425. 449. 443. 452. 457. 455. 468. 473. 493.
  495. 476. 498. 496. 498. 505. 499. 500. 500. 506. 508. 511. 511. 516.
  521. 511. 474. 475. 477. 475. 474. 480. 476. 465. 479. 483.]]
##############################
[[ 84. 109. 157. 177. 196. 213. 219. 239. 241. 251. 237. 257. 264. 260.
  269. 272. 287. 285. 284. 291. 280. 292. 296. 299. 288. 303. 294. 290.
  302. 305. 308. 276. 284. 280. 278. 278. 271. 276. 277. 285.]
 [479. 594. 621. 626. 628. 635. 635. 637. 638. 639. 640. 642. 641. 641.
  641. 641. 645. 644. 644. 645. 648. 644. 645. 644. 644. 645. 645. 643.
  643. 646. 645. 592. 594. 593. 593. 593. 593. 595. 594. 595.]
 [138. 215. 289. 327. 351. 374. 392. 408. 411. 421. 443. 444. 446. 456.
  471. 471. 470. 476. 484. 488. 485. 486. 488. 501. 491. 498. 500. 513.
  509. 507. 498. 468. 460. 464. 460. 472. 478. 476. 473. 485.]
 [193. 287. 342. 380. 412. 425. 449. 443. 452. 457. 455. 468. 473. 493.
  495. 476. 498. 496. 498. 505. 499. 500. 500. 506. 508. 511. 511. 516.
  521. 511. 513. 475. 477. 475. 474. 480. 476. 465. 479. 483.]]
##############################
[[ 84. 109. 157. 177. 196. 213. 219. 239. 241. 251. 237. 257. 264. 260.
  269. 272. 287. 285. 284. 291. 280. 292. 296. 299. 288. 303. 294. 290.
  302. 305. 308. 299. 284. 280. 278. 278. 271. 276. 277. 285.]
 [479. 594. 621. 626. 628. 635. 635. 637. 638. 639. 640. 642. 641. 641.
  641. 641. 645. 644. 644. 645. 648. 644. 645. 644. 644. 645. 645. 643.
  643. 646. 645. 642. 594. 593. 593. 593. 593. 595. 594. 595.]
 [138. 215. 289. 327. 351. 374. 392. 408. 411. 421. 443. 444. 446. 456.
  471. 471. 470. 476. 484. 488. 485. 486. 488. 501. 491. 498. 500. 513.
  509. 507. 498. 509. 460. 464. 460. 472. 478. 476. 473. 485.]
 [193. 287. 342. 380. 412. 425. 449. 443. 452. 457. 455. 468. 473. 493.
  495. 476. 498. 496. 498. 505. 499. 500. 500. 506. 508. 511. 511. 516.
  521. 511. 513. 516. 477. 475. 474. 480. 476. 465. 479. 483.]]
##############################
[[ 84. 109. 157. 177. 196. 213. 219. 239. 241. 251. 237. 257. 264. 260.
  269. 272. 287. 285. 284. 291. 280. 292. 296. 299. 288. 303. 294. 290.
  302. 305. 308. 299. 306. 280. 278. 278. 271. 276. 277. 285.]
 [479. 594. 621. 626. 628. 635. 635. 637. 638. 639. 640. 642. 641. 641.
  641. 641. 645. 644. 644. 645. 648. 644. 645. 644. 644. 645. 645. 643.
  643. 646. 645. 642. 644. 593. 593. 593. 593. 595. 594. 595.]
 [138. 215. 289. 327. 351. 374. 392. 408. 411. 421. 443. 444. 446. 456.
  471. 471. 470. 476. 484. 488. 485. 486. 488. 501. 491. 498. 500. 513.
  509. 507. 498. 509. 500. 464. 460. 472. 478. 476. 473. 485.]
 [193. 287. 342. 380. 412. 425. 449. 443. 452. 457. 455. 468. 473. 493.
  495. 476. 498. 496. 498. 505. 499. 500. 500. 506. 508. 511. 511. 516.
  521. 511. 513. 516. 517. 475. 474. 480. 476. 465. 479. 483.]]
##############################
[[ 84. 109. 157. 177. 196. 213. 219. 239. 241. 251. 237. 257. 264. 260.
  269. 272. 287. 285. 284. 291. 280. 292. 296. 299. 288. 303. 294. 290.
  302. 305. 308. 299. 306. 304. 278. 278. 271. 276. 277. 285.]
 [479. 594. 621. 626. 628. 635. 635. 637. 638. 639. 640. 642. 641. 641.
  641. 641. 645. 644. 644. 645. 648. 644. 645. 644. 644. 645. 645. 643.
  643. 646. 645. 642. 644. 643. 593. 593. 593. 595. 594. 595.]
 [138. 215. 289. 327. 351. 374. 392. 408. 411. 421. 443. 444. 446. 456.
  471. 471. 470. 476. 484. 488. 485. 486. 488. 501. 491. 498. 500. 513.
  509. 507. 498. 509. 500. 502. 460. 472. 478. 476. 473. 485.]
 [193. 287. 342. 380. 412. 425. 449. 443. 452. 457. 455. 468. 473. 493.
  495. 476. 498. 496. 498. 505. 499. 500. 500. 506. 508. 511. 511. 516.
  521. 511. 513. 516. 517. 515. 474. 480. 476. 465. 479. 483.]]
##############################
[[ 84. 109. 157. 177. 196. 213. 219. 239. 241. 251. 237. 257. 264. 260.
  269. 272. 287. 285. 284. 291. 280. 292. 296. 299. 288. 303. 294. 290.
  302. 305. 308. 299. 306. 304. 302. 278. 271. 276. 277. 285.]
 [479. 594. 621. 626. 628. 635. 635. 637. 638. 639. 640. 642. 641. 641.
  641. 641. 645. 644. 644. 645. 648. 644. 645. 644. 644. 645. 645. 643.
  643. 646. 645. 642. 644. 643. 643. 593. 593. 595. 594. 595.]
 [138. 215. 289. 327. 351. 374. 392. 408. 411. 421. 443. 444. 446. 456.
  471. 471. 470. 476. 484. 488. 485. 486. 488. 501. 491. 498. 500. 513.
  509. 507. 498. 509. 500. 502. 500. 472. 478. 476. 473. 485.]
 [193. 287. 342. 380. 412. 425. 449. 443. 452. 457. 455. 468. 473. 493.
  495. 476. 498. 496. 498. 505. 499. 500. 500. 506. 508. 511. 511. 516.
  521. 511. 513. 516. 517. 515. 516. 480. 476. 465. 479. 483.]]
##############################
[[ 84. 109. 157. 177. 196. 213. 219. 239. 241. 251. 237. 257. 264. 260.
  269. 272. 287. 285. 284. 291. 280. 292. 296. 299. 288. 303. 294. 290.
  302. 305. 308. 299. 306. 304. 302. 302. 271. 276. 277. 285.]
 [479. 594. 621. 626. 628. 635. 635. 637. 638. 639. 640. 642. 641. 641.
  641. 641. 645. 644. 644. 645. 648. 644. 645. 644. 644. 645. 645. 643.
  643. 646. 645. 642. 644. 643. 643. 643. 593. 595. 594. 595.]
 [138. 215. 289. 327. 351. 374. 392. 408. 411. 421. 443. 444. 446. 456.
  471. 471. 470. 476. 484. 488. 485. 486. 488. 501. 491. 498. 500. 513.
  509. 507. 498. 509. 500. 502. 500. 513. 478. 476. 473. 485.]
 [193. 287. 342. 380. 412. 425. 449. 443. 452. 457. 455. 468. 473. 493.
  495. 476. 498. 496. 498. 505. 499. 500. 500. 506. 508. 511. 511. 516.
  521. 511. 513. 516. 517. 515. 516. 521. 476. 465. 479. 483.]]
##############################
[[ 84. 109. 157. 177. 196. 213. 219. 239. 241. 251. 237. 257. 264. 260.
  269. 272. 287. 285. 284. 291. 280. 292. 296. 299. 288. 303. 294. 290.
  302. 305. 308. 299. 306. 304. 302. 302. 295. 276. 277. 285.]
 [479. 594. 621. 626. 628. 635. 635. 637. 638. 639. 640. 642. 641. 641.
  641. 641. 645. 644. 644. 645. 648. 644. 645. 644. 644. 645. 645. 643.
  643. 646. 645. 642. 644. 643. 643. 643. 643. 595. 594. 595.]
 [138. 215. 289. 327. 351. 374. 392. 408. 411. 421. 443. 444. 446. 456.
  471. 471. 470. 476. 484. 488. 485. 486. 488. 501. 491. 498. 500. 513.
  509. 507. 498. 509. 500. 502. 500. 513. 519. 476. 473. 485.]
 [193. 287. 342. 380. 412. 425. 449. 443. 452. 457. 455. 468. 473. 493.
  495. 476. 498. 496. 498. 505. 499. 500. 500. 506. 508. 511. 511. 516.
  521. 511. 513. 516. 517. 515. 516. 521. 516. 465. 479. 483.]]
##############################
[[ 84. 109. 157. 177. 196. 213. 219. 239. 241. 251. 237. 257. 264. 260.
  269. 272. 287. 285. 284. 291. 280. 292. 296. 299. 288. 303. 294. 290.
  302. 305. 308. 299. 306. 304. 302. 302. 295. 300. 277. 285.]
 [479. 594. 621. 626. 628. 635. 635. 637. 638. 639. 640. 642. 641. 641.
  641. 641. 645. 644. 644. 645. 648. 644. 645. 644. 644. 645. 645. 643.
  643. 646. 645. 642. 644. 643. 643. 643. 643. 645. 594. 595.]
 [138. 215. 289. 327. 351. 374. 392. 408. 411. 421. 443. 444. 446. 456.
  471. 471. 470. 476. 484. 488. 485. 486. 488. 501. 491. 498. 500. 513.
  509. 507. 498. 509. 500. 502. 500. 513. 519. 517. 473. 485.]
 [193. 287. 342. 380. 412. 425. 449. 443. 452. 457. 455. 468. 473. 493.
  495. 476. 498. 496. 498. 505. 499. 500. 500. 506. 508. 511. 511. 516.
  521. 511. 513. 516. 517. 515. 516. 521. 516. 505. 479. 483.]]
##############################
[[ 84. 109. 157. 177. 196. 213. 219. 239. 241. 251. 237. 257. 264. 260.
  269. 272. 287. 285. 284. 291. 280. 292. 296. 299. 288. 303. 294. 290.
  302. 305. 308. 299. 306. 304. 302. 302. 295. 300. 298. 285.]
 [479. 594. 621. 626. 628. 635. 635. 637. 638. 639. 640. 642. 641. 641.
  641. 641. 645. 644. 644. 645. 648. 644. 645. 644. 644. 645. 645. 643.
  643. 646. 645. 642. 644. 643. 643. 643. 643. 645. 644. 595.]
 [138. 215. 289. 327. 351. 374. 392. 408. 411. 421. 443. 444. 446. 456.
  471. 471. 470. 476. 484. 488. 485. 486. 488. 501. 491. 498. 500. 513.
  509. 507. 498. 509. 500. 502. 500. 513. 519. 517. 516. 485.]
 [193. 287. 342. 380. 412. 425. 449. 443. 452. 457. 455. 468. 473. 493.
  495. 476. 498. 496. 498. 505. 499. 500. 500. 506. 508. 511. 511. 516.
  521. 511. 513. 516. 517. 515. 516. 521. 516. 505. 518. 483.]]
##############################
[[ 84. 109. 157. 177. 196. 213. 219. 239. 241. 251. 237. 257. 264. 260.
  269. 272. 287. 285. 284. 291. 280. 292. 296. 299. 288. 303. 294. 290.
  302. 305. 308. 299. 306. 304. 302. 302. 295. 300. 298. 308.]
 [479. 594. 621. 626. 628. 635. 635. 637. 638. 639. 640. 642. 641. 641.
  641. 641. 645. 644. 644. 645. 648. 644. 645. 644. 644. 645. 645. 643.
  643. 646. 645. 642. 644. 643. 643. 643. 643. 645. 644. 645.]
 [138. 215. 289. 327. 351. 374. 392. 408. 411. 421. 443. 444. 446. 456.
  471. 471. 470. 476. 484. 488. 485. 486. 488. 501. 491. 498. 500. 513.
  509. 507. 498. 509. 500. 502. 500. 513. 519. 517. 516. 525.]
 [193. 287. 342. 380. 412. 425. 449. 443. 452. 457. 455. 468. 473. 493.
  495. 476. 498. 496. 498. 505. 499. 500. 500. 506. 508. 511. 511. 516.
  521. 511. 513. 516. 517. 515. 516. 521. 516. 505. 518. 522.]]
##############################
##################################################
##################################################
starting :14 batch
[[ 90. 109. 157. 177. 196. 213. 219. 239. 241. 251. 237. 257. 264. 260.
  269. 272. 287. 285. 284. 291. 280. 292. 296. 299. 288. 303. 294. 290.
  302. 305. 308. 299. 306. 304. 302. 302. 295. 300. 298. 308.]
 [514. 594. 621. 626. 628. 635. 635. 637. 638. 639. 640. 642. 641. 641.
  641. 641. 645. 644. 644. 645. 648. 644. 645. 644. 644. 645. 645. 643.
  643. 646. 645. 642. 644. 643. 643. 643. 643. 645. 644. 645.]
 [146. 215. 289. 327. 351. 374. 392. 408. 411. 421. 443. 444. 446. 456.
  471. 471. 470. 476. 484. 488. 485. 486. 488. 501. 491. 498. 500. 513.
  509. 507. 498. 509. 500. 502. 500. 513. 519. 517. 516. 525.]
 [206. 287. 342. 380. 412. 425. 449. 443. 452. 457. 455. 468. 473. 493.
  495. 476. 498. 496. 498. 505. 499. 500. 500. 506. 508. 511. 511. 516.
  521. 511. 513. 516. 517. 515. 516. 521. 516. 505. 518. 522.]]
##############################
[[ 90. 118. 157. 177. 196. 213. 219. 239. 241. 251. 237. 257. 264. 260.
  269. 272. 287. 285. 284. 291. 280. 292. 296. 299. 288. 303. 294. 290.
  302. 305. 308. 299. 306. 304. 302. 302. 295. 300. 298. 308.]
 [514. 640. 621. 626. 628. 635. 635. 637. 638. 639. 640. 642. 641. 641.
  641. 641. 645. 644. 644. 645. 648. 644. 645. 644. 644. 645. 645. 643.
  643. 646. 645. 642. 644. 643. 643. 643. 643. 645. 644. 645.]
 [146. 230. 289. 327. 351. 374. 392. 408. 411. 421. 443. 444. 446. 456.
  471. 471. 470. 476. 484. 488. 485. 486. 488. 501. 491. 498. 500. 513.
  509. 507. 498. 509. 500. 502. 500. 513. 519. 517. 516. 525.]
 [206. 309. 342. 380. 412. 425. 449. 443. 452. 457. 455. 468. 473. 493.
  495. 476. 498. 496. 498. 505. 499. 500. 500. 506. 508. 511. 511. 516.
  521. 511. 513. 516. 517. 515. 516. 521. 516. 505. 518. 522.]]
##############################
[[ 90. 118. 172. 177. 196. 213. 219. 239. 241. 251. 237. 257. 264. 260.
  269. 272. 287. 285. 284. 291. 280. 292. 296. 299. 288. 303. 294. 290.
  302. 305. 308. 299. 306. 304. 302. 302. 295. 300. 298. 308.]
 [514. 640. 670. 626. 628. 635. 635. 637. 638. 639. 640. 642. 641. 641.
  641. 641. 645. 644. 644. 645. 648. 644. 645. 644. 644. 645. 645. 643.
  643. 646. 645. 642. 644. 643. 643. 643. 643. 645. 644. 645.]
 [146. 230. 311. 327. 351. 374. 392. 408. 411. 421. 443. 444. 446. 456.
  471. 471. 470. 476. 484. 488. 485. 486. 488. 501. 491. 498. 500. 513.
  509. 507. 498. 509. 500. 502. 500. 513. 519. 517. 516. 525.]
 [206. 309. 367. 380. 412. 425. 449. 443. 452. 457. 455. 468. 473. 493.
  495. 476. 498. 496. 498. 505. 499. 500. 500. 506. 508. 511. 511. 516.
  521. 511. 513. 516. 517. 515. 516. 521. 516. 505. 518. 522.]]
##############################
[[ 90. 118. 172. 194. 196. 213. 219. 239. 241. 251. 237. 257. 264. 260.
  269. 272. 287. 285. 284. 291. 280. 292. 296. 299. 288. 303. 294. 290.
  302. 305. 308. 299. 306. 304. 302. 302. 295. 300. 298. 308.]
 [514. 640. 670. 675. 628. 635. 635. 637. 638. 639. 640. 642. 641. 641.
  641. 641. 645. 644. 644. 645. 648. 644. 645. 644. 644. 645. 645. 643.
  643. 646. 645. 642. 644. 643. 643. 643. 643. 645. 644. 645.]
 [146. 230. 311. 356. 351. 374. 392. 408. 411. 421. 443. 444. 446. 456.
  471. 471. 470. 476. 484. 488. 485. 486. 488. 501. 491. 498. 500. 513.
  509. 507. 498. 509. 500. 502. 500. 513. 519. 517. 516. 525.]
 [206. 309. 367. 409. 412. 425. 449. 443. 452. 457. 455. 468. 473. 493.
  495. 476. 498. 496. 498. 505. 499. 500. 500. 506. 508. 511. 511. 516.
  521. 511. 513. 516. 517. 515. 516. 521. 516. 505. 518. 522.]]
##############################
[[ 90. 118. 172. 194. 214. 213. 219. 239. 241. 251. 237. 257. 264. 260.
  269. 272. 287. 285. 284. 291. 280. 292. 296. 299. 288. 303. 294. 290.
  302. 305. 308. 299. 306. 304. 302. 302. 295. 300. 298. 308.]
 [514. 640. 670. 675. 678. 635. 635. 637. 638. 639. 640. 642. 641. 641.
  641. 641. 645. 644. 644. 645. 648. 644. 645. 644. 644. 645. 645. 643.
  643. 646. 645. 642. 644. 643. 643. 643. 643. 645. 644. 645.]
 [146. 230. 311. 356. 382. 374. 392. 408. 411. 421. 443. 444. 446. 456.
  471. 471. 470. 476. 484. 488. 485. 486. 488. 501. 491. 498. 500. 513.
  509. 507. 498. 509. 500. 502. 500. 513. 519. 517. 516. 525.]
 [206. 309. 367. 409. 441. 425. 449. 443. 452. 457. 455. 468. 473. 493.
  495. 476. 498. 496. 498. 505. 499. 500. 500. 506. 508. 511. 511. 516.
  521. 511. 513. 516. 517. 515. 516. 521. 516. 505. 518. 522.]]
##############################
[[ 90. 118. 172. 194. 214. 231. 219. 239. 241. 251. 237. 257. 264. 260.
  269. 272. 287. 285. 284. 291. 280. 292. 296. 299. 288. 303. 294. 290.
  302. 305. 308. 299. 306. 304. 302. 302. 295. 300. 298. 308.]
 [514. 640. 670. 675. 678. 685. 635. 637. 638. 639. 640. 642. 641. 641.
  641. 641. 645. 644. 644. 645. 648. 644. 645. 644. 644. 645. 645. 643.
  643. 646. 645. 642. 644. 643. 643. 643. 643. 645. 644. 645.]
 [146. 230. 311. 356. 382. 406. 392. 408. 411. 421. 443. 444. 446. 456.
  471. 471. 470. 476. 484. 488. 485. 486. 488. 501. 491. 498. 500. 513.
  509. 507. 498. 509. 500. 502. 500. 513. 519. 517. 516. 525.]
 [206. 309. 367. 409. 441. 455. 449. 443. 452. 457. 455. 468. 473. 493.
  495. 476. 498. 496. 498. 505. 499. 500. 500. 506. 508. 511. 511. 516.
  521. 511. 513. 516. 517. 515. 516. 521. 516. 505. 518. 522.]]
##############################
[[ 90. 118. 172. 194. 214. 231. 239. 239. 241. 251. 237. 257. 264. 260.
  269. 272. 287. 285. 284. 291. 280. 292. 296. 299. 288. 303. 294. 290.
  302. 305. 308. 299. 306. 304. 302. 302. 295. 300. 298. 308.]
 [514. 640. 670. 675. 678. 685. 685. 637. 638. 639. 640. 642. 641. 641.
  641. 641. 645. 644. 644. 645. 648. 644. 645. 644. 644. 645. 645. 643.
  643. 646. 645. 642. 644. 643. 643. 643. 643. 645. 644. 645.]
 [146. 230. 311. 356. 382. 406. 423. 408. 411. 421. 443. 444. 446. 456.
  471. 471. 470. 476. 484. 488. 485. 486. 488. 501. 491. 498. 500. 513.
  509. 507. 498. 509. 500. 502. 500. 513. 519. 517. 516. 525.]
 [206. 309. 367. 409. 441. 455. 480. 443. 452. 457. 455. 468. 473. 493.
  495. 476. 498. 496. 498. 505. 499. 500. 500. 506. 508. 511. 511. 516.
  521. 511. 513. 516. 517. 515. 516. 521. 516. 505. 518. 522.]]
##############################
[[ 90. 118. 172. 194. 214. 231. 239. 260. 241. 251. 237. 257. 264. 260.
  269. 272. 287. 285. 284. 291. 280. 292. 296. 299. 288. 303. 294. 290.
  302. 305. 308. 299. 306. 304. 302. 302. 295. 300. 298. 308.]
 [514. 640. 670. 675. 678. 685. 685. 687. 638. 639. 640. 642. 641. 641.
  641. 641. 645. 644. 644. 645. 648. 644. 645. 644. 644. 645. 645. 643.
  643. 646. 645. 642. 644. 643. 643. 643. 643. 645. 644. 645.]
 [146. 230. 311. 356. 382. 406. 423. 439. 411. 421. 443. 444. 446. 456.
  471. 471. 470. 476. 484. 488. 485. 486. 488. 501. 491. 498. 500. 513.
  509. 507. 498. 509. 500. 502. 500. 513. 519. 517. 516. 525.]
 [206. 309. 367. 409. 441. 455. 480. 480. 452. 457. 455. 468. 473. 493.
  495. 476. 498. 496. 498. 505. 499. 500. 500. 506. 508. 511. 511. 516.
  521. 511. 513. 516. 517. 515. 516. 521. 516. 505. 518. 522.]]
##############################
[[ 90. 118. 172. 194. 214. 231. 239. 260. 262. 251. 237. 257. 264. 260.
  269. 272. 287. 285. 284. 291. 280. 292. 296. 299. 288. 303. 294. 290.
  302. 305. 308. 299. 306. 304. 302. 302. 295. 300. 298. 308.]
 [514. 640. 670. 675. 678. 685. 685. 687. 688. 639. 640. 642. 641. 641.
  641. 641. 645. 644. 644. 645. 648. 644. 645. 644. 644. 645. 645. 643.
  643. 646. 645. 642. 644. 643. 643. 643. 643. 645. 644. 645.]
 [146. 230. 311. 356. 382. 406. 423. 439. 446. 421. 443. 444. 446. 456.
  471. 471. 470. 476. 484. 488. 485. 486. 488. 501. 491. 498. 500. 513.
  509. 507. 498. 509. 500. 502. 500. 513. 519. 517. 516. 525.]
 [206. 309. 367. 409. 441. 455. 480. 480. 491. 457. 455. 468. 473. 493.
  495. 476. 498. 496. 498. 505. 499. 500. 500. 506. 508. 511. 511. 516.
  521. 511. 513. 516. 517. 515. 516. 521. 516. 505. 518. 522.]]
##############################
[[ 90. 118. 172. 194. 214. 231. 239. 260. 262. 272. 237. 257. 264. 260.
  269. 272. 287. 285. 284. 291. 280. 292. 296. 299. 288. 303. 294. 290.
  302. 305. 308. 299. 306. 304. 302. 302. 295. 300. 298. 308.]
 [514. 640. 670. 675. 678. 685. 685. 687. 688. 689. 640. 642. 641. 641.
  641. 641. 645. 644. 644. 645. 648. 644. 645. 644. 644. 645. 645. 643.
  643. 646. 645. 642. 644. 643. 643. 643. 643. 645. 644. 645.]
 [146. 230. 311. 356. 382. 406. 423. 439. 446. 456. 443. 444. 446. 456.
  471. 471. 470. 476. 484. 488. 485. 486. 488. 501. 491. 498. 500. 513.
  509. 507. 498. 509. 500. 502. 500. 513. 519. 517. 516. 525.]
 [206. 309. 367. 409. 441. 455. 480. 480. 491. 494. 455. 468. 473. 493.
  495. 476. 498. 496. 498. 505. 499. 500. 500. 506. 508. 511. 511. 516.
  521. 511. 513. 516. 517. 515. 516. 521. 516. 505. 518. 522.]]
##############################
[[ 90. 118. 172. 194. 214. 231. 239. 260. 262. 272. 258. 257. 264. 260.
  269. 272. 287. 285. 284. 291. 280. 292. 296. 299. 288. 303. 294. 290.
  302. 305. 308. 299. 306. 304. 302. 302. 295. 300. 298. 308.]
 [514. 640. 670. 675. 678. 685. 685. 687. 688. 689. 690. 642. 641. 641.
  641. 641. 645. 644. 644. 645. 648. 644. 645. 644. 644. 645. 645. 643.
  643. 646. 645. 642. 644. 643. 643. 643. 643. 645. 644. 645.]
 [146. 230. 311. 356. 382. 406. 423. 439. 446. 456. 480. 444. 446. 456.
  471. 471. 470. 476. 484. 488. 485. 486. 488. 501. 491. 498. 500. 513.
  509. 507. 498. 509. 500. 502. 500. 513. 519. 517. 516. 525.]
 [206. 309. 367. 409. 441. 455. 480. 480. 491. 494. 492. 468. 473. 493.
  495. 476. 498. 496. 498. 505. 499. 500. 500. 506. 508. 511. 511. 516.
  521. 511. 513. 516. 517. 515. 516. 521. 516. 505. 518. 522.]]
##############################
[[ 90. 118. 172. 194. 214. 231. 239. 260. 262. 272. 258. 279. 264. 260.
  269. 272. 287. 285. 284. 291. 280. 292. 296. 299. 288. 303. 294. 290.
  302. 305. 308. 299. 306. 304. 302. 302. 295. 300. 298. 308.]
 [514. 640. 670. 675. 678. 685. 685. 687. 688. 689. 690. 692. 641. 641.
  641. 641. 645. 644. 644. 645. 648. 644. 645. 644. 644. 645. 645. 643.
  643. 646. 645. 642. 644. 643. 643. 643. 643. 645. 644. 645.]
 [146. 230. 311. 356. 382. 406. 423. 439. 446. 456. 480. 480. 446. 456.
  471. 471. 470. 476. 484. 488. 485. 486. 488. 501. 491. 498. 500. 513.
  509. 507. 498. 509. 500. 502. 500. 513. 519. 517. 516. 525.]
 [206. 309. 367. 409. 441. 455. 480. 480. 491. 494. 492. 508. 473. 493.
  495. 476. 498. 496. 498. 505. 499. 500. 500. 506. 508. 511. 511. 516.
  521. 511. 513. 516. 517. 515. 516. 521. 516. 505. 518. 522.]]
##############################
[[ 90. 118. 172. 194. 214. 231. 239. 260. 262. 272. 258. 279. 285. 260.
  269. 272. 287. 285. 284. 291. 280. 292. 296. 299. 288. 303. 294. 290.
  302. 305. 308. 299. 306. 304. 302. 302. 295. 300. 298. 308.]
 [514. 640. 670. 675. 678. 685. 685. 687. 688. 689. 690. 692. 691. 641.
  641. 641. 645. 644. 644. 645. 648. 644. 645. 644. 644. 645. 645. 643.
  643. 646. 645. 642. 644. 643. 643. 643. 643. 645. 644. 645.]
 [146. 230. 311. 356. 382. 406. 423. 439. 446. 456. 480. 480. 482. 456.
  471. 471. 470. 476. 484. 488. 485. 486. 488. 501. 491. 498. 500. 513.
  509. 507. 498. 509. 500. 502. 500. 513. 519. 517. 516. 525.]
 [206. 309. 367. 409. 441. 455. 480. 480. 491. 494. 492. 508. 513. 493.
  495. 476. 498. 496. 498. 505. 499. 500. 500. 506. 508. 511. 511. 516.
  521. 511. 513. 516. 517. 515. 516. 521. 516. 505. 518. 522.]]
##############################
[[ 90. 118. 172. 194. 214. 231. 239. 260. 262. 272. 258. 279. 285. 281.
  269. 272. 287. 285. 284. 291. 280. 292. 296. 299. 288. 303. 294. 290.
  302. 305. 308. 299. 306. 304. 302. 302. 295. 300. 298. 308.]
 [514. 640. 670. 675. 678. 685. 685. 687. 688. 689. 690. 692. 691. 691.
  641. 641. 645. 644. 644. 645. 648. 644. 645. 644. 644. 645. 645. 643.
  643. 646. 645. 642. 644. 643. 643. 643. 643. 645. 644. 645.]
 [146. 230. 311. 356. 382. 406. 423. 439. 446. 456. 480. 480. 482. 493.
  471. 471. 470. 476. 484. 488. 485. 486. 488. 501. 491. 498. 500. 513.
  509. 507. 498. 509. 500. 502. 500. 513. 519. 517. 516. 525.]
 [206. 309. 367. 409. 441. 455. 480. 480. 491. 494. 492. 508. 513. 534.
  495. 476. 498. 496. 498. 505. 499. 500. 500. 506. 508. 511. 511. 516.
  521. 511. 513. 516. 517. 515. 516. 521. 516. 505. 518. 522.]]
##############################
[[ 90. 118. 172. 194. 214. 231. 239. 260. 262. 272. 258. 279. 285. 281.
  289. 272. 287. 285. 284. 291. 280. 292. 296. 299. 288. 303. 294. 290.
  302. 305. 308. 299. 306. 304. 302. 302. 295. 300. 298. 308.]
 [514. 640. 670. 675. 678. 685. 685. 687. 688. 689. 690. 692. 691. 691.
  691. 641. 645. 644. 644. 645. 648. 644. 645. 644. 644. 645. 645. 643.
  643. 646. 645. 642. 644. 643. 643. 643. 643. 645. 644. 645.]
 [146. 230. 311. 356. 382. 406. 423. 439. 446. 456. 480. 480. 482. 493.
  509. 471. 470. 476. 484. 488. 485. 486. 488. 501. 491. 498. 500. 513.
  509. 507. 498. 509. 500. 502. 500. 513. 519. 517. 516. 525.]
 [206. 309. 367. 409. 441. 455. 480. 480. 491. 494. 492. 508. 513. 534.
  534. 476. 498. 496. 498. 505. 499. 500. 500. 506. 508. 511. 511. 516.
  521. 511. 513. 516. 517. 515. 516. 521. 516. 505. 518. 522.]]
##############################
[[ 90. 118. 172. 194. 214. 231. 239. 260. 262. 272. 258. 279. 285. 281.
  289. 291. 287. 285. 284. 291. 280. 292. 296. 299. 288. 303. 294. 290.
  302. 305. 308. 299. 306. 304. 302. 302. 295. 300. 298. 308.]
 [514. 640. 670. 675. 678. 685. 685. 687. 688. 689. 690. 692. 691. 691.
  691. 691. 645. 644. 644. 645. 648. 644. 645. 644. 644. 645. 645. 643.
  643. 646. 645. 642. 644. 643. 643. 643. 643. 645. 644. 645.]
 [146. 230. 311. 356. 382. 406. 423. 439. 446. 456. 480. 480. 482. 493.
  509. 508. 470. 476. 484. 488. 485. 486. 488. 501. 491. 498. 500. 513.
  509. 507. 498. 509. 500. 502. 500. 513. 519. 517. 516. 525.]
 [206. 309. 367. 409. 441. 455. 480. 480. 491. 494. 492. 508. 513. 534.
  534. 517. 498. 496. 498. 505. 499. 500. 500. 506. 508. 511. 511. 516.
  521. 511. 513. 516. 517. 515. 516. 521. 516. 505. 518. 522.]]
##############################
[[ 90. 118. 172. 194. 214. 231. 239. 260. 262. 272. 258. 279. 285. 281.
  289. 291. 307. 285. 284. 291. 280. 292. 296. 299. 288. 303. 294. 290.
  302. 305. 308. 299. 306. 304. 302. 302. 295. 300. 298. 308.]
 [514. 640. 670. 675. 678. 685. 685. 687. 688. 689. 690. 692. 691. 691.
  691. 691. 695. 644. 644. 645. 648. 644. 645. 644. 644. 645. 645. 643.
  643. 646. 645. 642. 644. 643. 643. 643. 643. 645. 644. 645.]
 [146. 230. 311. 356. 382. 406. 423. 439. 446. 456. 480. 480. 482. 493.
  509. 508. 510. 476. 484. 488. 485. 486. 488. 501. 491. 498. 500. 513.
  509. 507. 498. 509. 500. 502. 500. 513. 519. 517. 516. 525.]
 [206. 309. 367. 409. 441. 455. 480. 480. 491. 494. 492. 508. 513. 534.
  534. 517. 538. 496. 498. 505. 499. 500. 500. 506. 508. 511. 511. 516.
  521. 511. 513. 516. 517. 515. 516. 521. 516. 505. 518. 522.]]
##############################
[[ 90. 118. 172. 194. 214. 231. 239. 260. 262. 272. 258. 279. 285. 281.
  289. 291. 307. 306. 284. 291. 280. 292. 296. 299. 288. 303. 294. 290.
  302. 305. 308. 299. 306. 304. 302. 302. 295. 300. 298. 308.]
 [514. 640. 670. 675. 678. 685. 685. 687. 688. 689. 690. 692. 691. 691.
  691. 691. 695. 694. 644. 645. 648. 644. 645. 644. 644. 645. 645. 643.
  643. 646. 645. 642. 644. 643. 643. 643. 643. 645. 644. 645.]
 [146. 230. 311. 356. 382. 406. 423. 439. 446. 456. 480. 480. 482. 493.
  509. 508. 510. 515. 484. 488. 485. 486. 488. 501. 491. 498. 500. 513.
  509. 507. 498. 509. 500. 502. 500. 513. 519. 517. 516. 525.]
 [206. 309. 367. 409. 441. 455. 480. 480. 491. 494. 492. 508. 513. 534.
  534. 517. 538. 536. 498. 505. 499. 500. 500. 506. 508. 511. 511. 516.
  521. 511. 513. 516. 517. 515. 516. 521. 516. 505. 518. 522.]]
##############################
[[ 90. 118. 172. 194. 214. 231. 239. 260. 262. 272. 258. 279. 285. 281.
  289. 291. 307. 306. 308. 291. 280. 292. 296. 299. 288. 303. 294. 290.
  302. 305. 308. 299. 306. 304. 302. 302. 295. 300. 298. 308.]
 [514. 640. 670. 675. 678. 685. 685. 687. 688. 689. 690. 692. 691. 691.
  691. 691. 695. 694. 694. 645. 648. 644. 645. 644. 644. 645. 645. 643.
  643. 646. 645. 642. 644. 643. 643. 643. 643. 645. 644. 645.]
 [146. 230. 311. 356. 382. 406. 423. 439. 446. 456. 480. 480. 482. 493.
  509. 508. 510. 515. 524. 488. 485. 486. 488. 501. 491. 498. 500. 513.
  509. 507. 498. 509. 500. 502. 500. 513. 519. 517. 516. 525.]
 [206. 309. 367. 409. 441. 455. 480. 480. 491. 494. 492. 508. 513. 534.
  534. 517. 538. 536. 537. 505. 499. 500. 500. 506. 508. 511. 511. 516.
  521. 511. 513. 516. 517. 515. 516. 521. 516. 505. 518. 522.]]
##############################
[[ 90. 118. 172. 194. 214. 231. 239. 260. 262. 272. 258. 279. 285. 281.
  289. 291. 307. 306. 308. 314. 280. 292. 296. 299. 288. 303. 294. 290.
  302. 305. 308. 299. 306. 304. 302. 302. 295. 300. 298. 308.]
 [514. 640. 670. 675. 678. 685. 685. 687. 688. 689. 690. 692. 691. 691.
  691. 691. 695. 694. 694. 695. 648. 644. 645. 644. 644. 645. 645. 643.
  643. 646. 645. 642. 644. 643. 643. 643. 643. 645. 644. 645.]
 [146. 230. 311. 356. 382. 406. 423. 439. 446. 456. 480. 480. 482. 493.
  509. 508. 510. 515. 524. 526. 485. 486. 488. 501. 491. 498. 500. 513.
  509. 507. 498. 509. 500. 502. 500. 513. 519. 517. 516. 525.]
 [206. 309. 367. 409. 441. 455. 480. 480. 491. 494. 492. 508. 513. 534.
  534. 517. 538. 536. 537. 545. 499. 500. 500. 506. 508. 511. 511. 516.
  521. 511. 513. 516. 517. 515. 516. 521. 516. 505. 518. 522.]]
##############################
[[ 90. 118. 172. 194. 214. 231. 239. 260. 262. 272. 258. 279. 285. 281.
  289. 291. 307. 306. 308. 314. 303. 292. 296. 299. 288. 303. 294. 290.
  302. 305. 308. 299. 306. 304. 302. 302. 295. 300. 298. 308.]
 [514. 640. 670. 675. 678. 685. 685. 687. 688. 689. 690. 692. 691. 691.
  691. 691. 695. 694. 694. 695. 698. 644. 645. 644. 644. 645. 645. 643.
  643. 646. 645. 642. 644. 643. 643. 643. 643. 645. 644. 645.]
 [146. 230. 311. 356. 382. 406. 423. 439. 446. 456. 480. 480. 482. 493.
  509. 508. 510. 515. 524. 526. 522. 486. 488. 501. 491. 498. 500. 513.
  509. 507. 498. 509. 500. 502. 500. 513. 519. 517. 516. 525.]
 [206. 309. 367. 409. 441. 455. 480. 480. 491. 494. 492. 508. 513. 534.
  534. 517. 538. 536. 537. 545. 541. 500. 500. 506. 508. 511. 511. 516.
  521. 511. 513. 516. 517. 515. 516. 521. 516. 505. 518. 522.]]
##############################
[[ 90. 118. 172. 194. 214. 231. 239. 260. 262. 272. 258. 279. 285. 281.
  289. 291. 307. 306. 308. 314. 303. 315. 296. 299. 288. 303. 294. 290.
  302. 305. 308. 299. 306. 304. 302. 302. 295. 300. 298. 308.]
 [514. 640. 670. 675. 678. 685. 685. 687. 688. 689. 690. 692. 691. 691.
  691. 691. 695. 694. 694. 695. 698. 694. 645. 644. 644. 645. 645. 643.
  643. 646. 645. 642. 644. 643. 643. 643. 643. 645. 644. 645.]
 [146. 230. 311. 356. 382. 406. 423. 439. 446. 456. 480. 480. 482. 493.
  509. 508. 510. 515. 524. 526. 522. 525. 488. 501. 491. 498. 500. 513.
  509. 507. 498. 509. 500. 502. 500. 513. 519. 517. 516. 525.]
 [206. 309. 367. 409. 441. 455. 480. 480. 491. 494. 492. 508. 513. 534.
  534. 517. 538. 536. 537. 545. 541. 542. 500. 506. 508. 511. 511. 516.
  521. 511. 513. 516. 517. 515. 516. 521. 516. 505. 518. 522.]]
##############################
[[ 90. 118. 172. 194. 214. 231. 239. 260. 262. 272. 258. 279. 285. 281.
  289. 291. 307. 306. 308. 314. 303. 315. 319. 299. 288. 303. 294. 290.
  302. 305. 308. 299. 306. 304. 302. 302. 295. 300. 298. 308.]
 [514. 640. 670. 675. 678. 685. 685. 687. 688. 689. 690. 692. 691. 691.
  691. 691. 695. 694. 694. 695. 698. 694. 695. 644. 644. 645. 645. 643.
  643. 646. 645. 642. 644. 643. 643. 643. 643. 645. 644. 645.]
 [146. 230. 311. 356. 382. 406. 423. 439. 446. 456. 480. 480. 482. 493.
  509. 508. 510. 515. 524. 526. 522. 525. 528. 501. 491. 498. 500. 513.
  509. 507. 498. 509. 500. 502. 500. 513. 519. 517. 516. 525.]
 [206. 309. 367. 409. 441. 455. 480. 480. 491. 494. 492. 508. 513. 534.
  534. 517. 538. 536. 537. 545. 541. 542. 539. 506. 508. 511. 511. 516.
  521. 511. 513. 516. 517. 515. 516. 521. 516. 505. 518. 522.]]
##############################
[[ 90. 118. 172. 194. 214. 231. 239. 260. 262. 272. 258. 279. 285. 281.
  289. 291. 307. 306. 308. 314. 303. 315. 319. 325. 288. 303. 294. 290.
  302. 305. 308. 299. 306. 304. 302. 302. 295. 300. 298. 308.]
 [514. 640. 670. 675. 678. 685. 685. 687. 688. 689. 690. 692. 691. 691.
  691. 691. 695. 694. 694. 695. 698. 694. 695. 694. 644. 645. 645. 643.
  643. 646. 645. 642. 644. 643. 643. 643. 643. 645. 644. 645.]
 [146. 230. 311. 356. 382. 406. 423. 439. 446. 456. 480. 480. 482. 493.
  509. 508. 510. 515. 524. 526. 522. 525. 528. 540. 491. 498. 500. 513.
  509. 507. 498. 509. 500. 502. 500. 513. 519. 517. 516. 525.]
 [206. 309. 367. 409. 441. 455. 480. 480. 491. 494. 492. 508. 513. 534.
  534. 517. 538. 536. 537. 545. 541. 542. 539. 546. 508. 511. 511. 516.
  521. 511. 513. 516. 517. 515. 516. 521. 516. 505. 518. 522.]]
##############################
[[ 90. 118. 172. 194. 214. 231. 239. 260. 262. 272. 258. 279. 285. 281.
  289. 291. 307. 306. 308. 314. 303. 315. 319. 325. 311. 303. 294. 290.
  302. 305. 308. 299. 306. 304. 302. 302. 295. 300. 298. 308.]
 [514. 640. 670. 675. 678. 685. 685. 687. 688. 689. 690. 692. 691. 691.
  691. 691. 695. 694. 694. 695. 698. 694. 695. 694. 694. 645. 645. 643.
  643. 646. 645. 642. 644. 643. 643. 643. 643. 645. 644. 645.]
 [146. 230. 311. 356. 382. 406. 423. 439. 446. 456. 480. 480. 482. 493.
  509. 508. 510. 515. 524. 526. 522. 525. 528. 540. 532. 498. 500. 513.
  509. 507. 498. 509. 500. 502. 500. 513. 519. 517. 516. 525.]
 [206. 309. 367. 409. 441. 455. 480. 480. 491. 494. 492. 508. 513. 534.
  534. 517. 538. 536. 537. 545. 541. 542. 539. 546. 548. 511. 511. 516.
  521. 511. 513. 516. 517. 515. 516. 521. 516. 505. 518. 522.]]
##############################
[[ 90. 118. 172. 194. 214. 231. 239. 260. 262. 272. 258. 279. 285. 281.
  289. 291. 307. 306. 308. 314. 303. 315. 319. 325. 311. 325. 294. 290.
  302. 305. 308. 299. 306. 304. 302. 302. 295. 300. 298. 308.]
 [514. 640. 670. 675. 678. 685. 685. 687. 688. 689. 690. 692. 691. 691.
  691. 691. 695. 694. 694. 695. 698. 694. 695. 694. 694. 695. 645. 643.
  643. 646. 645. 642. 644. 643. 643. 643. 643. 645. 644. 645.]
 [146. 230. 311. 356. 382. 406. 423. 439. 446. 456. 480. 480. 482. 493.
  509. 508. 510. 515. 524. 526. 522. 525. 528. 540. 532. 540. 500. 513.
  509. 507. 498. 509. 500. 502. 500. 513. 519. 517. 516. 525.]
 [206. 309. 367. 409. 441. 455. 480. 480. 491. 494. 492. 508. 513. 534.
  534. 517. 538. 536. 537. 545. 541. 542. 539. 546. 548. 552. 511. 516.
  521. 511. 513. 516. 517. 515. 516. 521. 516. 505. 518. 522.]]
##############################
[[ 90. 118. 172. 194. 214. 231. 239. 260. 262. 272. 258. 279. 285. 281.
  289. 291. 307. 306. 308. 314. 303. 315. 319. 325. 311. 325. 319. 290.
  302. 305. 308. 299. 306. 304. 302. 302. 295. 300. 298. 308.]
 [514. 640. 670. 675. 678. 685. 685. 687. 688. 689. 690. 692. 691. 691.
  691. 691. 695. 694. 694. 695. 698. 694. 695. 694. 694. 695. 695. 643.
  643. 646. 645. 642. 644. 643. 643. 643. 643. 645. 644. 645.]
 [146. 230. 311. 356. 382. 406. 423. 439. 446. 456. 480. 480. 482. 493.
  509. 508. 510. 515. 524. 526. 522. 525. 528. 540. 532. 540. 541. 513.
  509. 507. 498. 509. 500. 502. 500. 513. 519. 517. 516. 525.]
 [206. 309. 367. 409. 441. 455. 480. 480. 491. 494. 492. 508. 513. 534.
  534. 517. 538. 536. 537. 545. 541. 542. 539. 546. 548. 552. 550. 516.
  521. 511. 513. 516. 517. 515. 516. 521. 516. 505. 518. 522.]]
##############################
[[ 90. 118. 172. 194. 214. 231. 239. 260. 262. 272. 258. 279. 285. 281.
  289. 291. 307. 306. 308. 314. 303. 315. 319. 325. 311. 325. 319. 313.
  302. 305. 308. 299. 306. 304. 302. 302. 295. 300. 298. 308.]
 [514. 640. 670. 675. 678. 685. 685. 687. 688. 689. 690. 692. 691. 691.
  691. 691. 695. 694. 694. 695. 698. 694. 695. 694. 694. 695. 695. 693.
  643. 646. 645. 642. 644. 643. 643. 643. 643. 645. 644. 645.]
 [146. 230. 311. 356. 382. 406. 423. 439. 446. 456. 480. 480. 482. 493.
  509. 508. 510. 515. 524. 526. 522. 525. 528. 540. 532. 540. 541. 553.
  509. 507. 498. 509. 500. 502. 500. 513. 519. 517. 516. 525.]
 [206. 309. 367. 409. 441. 455. 480. 480. 491. 494. 492. 508. 513. 534.
  534. 517. 538. 536. 537. 545. 541. 542. 539. 546. 548. 552. 550. 557.
  521. 511. 513. 516. 517. 515. 516. 521. 516. 505. 518. 522.]]
##############################
[[ 90. 118. 172. 194. 214. 231. 239. 260. 262. 272. 258. 279. 285. 281.
  289. 291. 307. 306. 308. 314. 303. 315. 319. 325. 311. 325. 319. 313.
  326. 305. 308. 299. 306. 304. 302. 302. 295. 300. 298. 308.]
 [514. 640. 670. 675. 678. 685. 685. 687. 688. 689. 690. 692. 691. 691.
  691. 691. 695. 694. 694. 695. 698. 694. 695. 694. 694. 695. 695. 693.
  693. 646. 645. 642. 644. 643. 643. 643. 643. 645. 644. 645.]
 [146. 230. 311. 356. 382. 406. 423. 439. 446. 456. 480. 480. 482. 493.
  509. 508. 510. 515. 524. 526. 522. 525. 528. 540. 532. 540. 541. 553.
  550. 507. 498. 509. 500. 502. 500. 513. 519. 517. 516. 525.]
 [206. 309. 367. 409. 441. 455. 480. 480. 491. 494. 492. 508. 513. 534.
  534. 517. 538. 536. 537. 545. 541. 542. 539. 546. 548. 552. 550. 557.
  560. 511. 513. 516. 517. 515. 516. 521. 516. 505. 518. 522.]]
##############################
[[ 90. 118. 172. 194. 214. 231. 239. 260. 262. 272. 258. 279. 285. 281.
  289. 291. 307. 306. 308. 314. 303. 315. 319. 325. 311. 325. 319. 313.
  326. 330. 308. 299. 306. 304. 302. 302. 295. 300. 298. 308.]
 [514. 640. 670. 675. 678. 685. 685. 687. 688. 689. 690. 692. 691. 691.
  691. 691. 695. 694. 694. 695. 698. 694. 695. 694. 694. 695. 695. 693.
  693. 696. 645. 642. 644. 643. 643. 643. 643. 645. 644. 645.]
 [146. 230. 311. 356. 382. 406. 423. 439. 446. 456. 480. 480. 482. 493.
  509. 508. 510. 515. 524. 526. 522. 525. 528. 540. 532. 540. 541. 553.
  550. 546. 498. 509. 500. 502. 500. 513. 519. 517. 516. 525.]
 [206. 309. 367. 409. 441. 455. 480. 480. 491. 494. 492. 508. 513. 534.
  534. 517. 538. 536. 537. 545. 541. 542. 539. 546. 548. 552. 550. 557.
  560. 551. 513. 516. 517. 515. 516. 521. 516. 505. 518. 522.]]
##############################
[[ 90. 118. 172. 194. 214. 231. 239. 260. 262. 272. 258. 279. 285. 281.
  289. 291. 307. 306. 308. 314. 303. 315. 319. 325. 311. 325. 319. 313.
  326. 330. 332. 299. 306. 304. 302. 302. 295. 300. 298. 308.]
 [514. 640. 670. 675. 678. 685. 685. 687. 688. 689. 690. 692. 691. 691.
  691. 691. 695. 694. 694. 695. 698. 694. 695. 694. 694. 695. 695. 693.
  693. 696. 695. 642. 644. 643. 643. 643. 643. 645. 644. 645.]
 [146. 230. 311. 356. 382. 406. 423. 439. 446. 456. 480. 480. 482. 493.
  509. 508. 510. 515. 524. 526. 522. 525. 528. 540. 532. 540. 541. 553.
  550. 546. 538. 509. 500. 502. 500. 513. 519. 517. 516. 525.]
 [206. 309. 367. 409. 441. 455. 480. 480. 491. 494. 492. 508. 513. 534.
  534. 517. 538. 536. 537. 545. 541. 542. 539. 546. 548. 552. 550. 557.
  560. 551. 553. 516. 517. 515. 516. 521. 516. 505. 518. 522.]]
##############################
[[ 90. 118. 172. 194. 214. 231. 239. 260. 262. 272. 258. 279. 285. 281.
  289. 291. 307. 306. 308. 314. 303. 315. 319. 325. 311. 325. 319. 313.
  326. 330. 332. 323. 306. 304. 302. 302. 295. 300. 298. 308.]
 [514. 640. 670. 675. 678. 685. 685. 687. 688. 689. 690. 692. 691. 691.
  691. 691. 695. 694. 694. 695. 698. 694. 695. 694. 694. 695. 695. 693.
  693. 696. 695. 692. 644. 643. 643. 643. 643. 645. 644. 645.]
 [146. 230. 311. 356. 382. 406. 423. 439. 446. 456. 480. 480. 482. 493.
  509. 508. 510. 515. 524. 526. 522. 525. 528. 540. 532. 540. 541. 553.
  550. 546. 538. 550. 500. 502. 500. 513. 519. 517. 516. 525.]
 [206. 309. 367. 409. 441. 455. 480. 480. 491. 494. 492. 508. 513. 534.
  534. 517. 538. 536. 537. 545. 541. 542. 539. 546. 548. 552. 550. 557.
  560. 551. 553. 557. 517. 515. 516. 521. 516. 505. 518. 522.]]
##############################
[[ 90. 118. 172. 194. 214. 231. 239. 260. 262. 272. 258. 279. 285. 281.
  289. 291. 307. 306. 308. 314. 303. 315. 319. 325. 311. 325. 319. 313.
  326. 330. 332. 323. 330. 304. 302. 302. 295. 300. 298. 308.]
 [514. 640. 670. 675. 678. 685. 685. 687. 688. 689. 690. 692. 691. 691.
  691. 691. 695. 694. 694. 695. 698. 694. 695. 694. 694. 695. 695. 693.
  693. 696. 695. 692. 694. 643. 643. 643. 643. 645. 644. 645.]
 [146. 230. 311. 356. 382. 406. 423. 439. 446. 456. 480. 480. 482. 493.
  509. 508. 510. 515. 524. 526. 522. 525. 528. 540. 532. 540. 541. 553.
  550. 546. 538. 550. 544. 502. 500. 513. 519. 517. 516. 525.]
 [206. 309. 367. 409. 441. 455. 480. 480. 491. 494. 492. 508. 513. 534.
  534. 517. 538. 536. 537. 545. 541. 542. 539. 546. 548. 552. 550. 557.
  560. 551. 553. 557. 558. 515. 516. 521. 516. 505. 518. 522.]]
##############################
[[ 90. 118. 172. 194. 214. 231. 239. 260. 262. 272. 258. 279. 285. 281.
  289. 291. 307. 306. 308. 314. 303. 315. 319. 325. 311. 325. 319. 313.
  326. 330. 332. 323. 330. 329. 302. 302. 295. 300. 298. 308.]
 [514. 640. 670. 675. 678. 685. 685. 687. 688. 689. 690. 692. 691. 691.
  691. 691. 695. 694. 694. 695. 698. 694. 695. 694. 694. 695. 695. 693.
  693. 696. 695. 692. 694. 693. 643. 643. 643. 645. 644. 645.]
 [146. 230. 311. 356. 382. 406. 423. 439. 446. 456. 480. 480. 482. 493.
  509. 508. 510. 515. 524. 526. 522. 525. 528. 540. 532. 540. 541. 553.
  550. 546. 538. 550. 544. 543. 500. 513. 519. 517. 516. 525.]
 [206. 309. 367. 409. 441. 455. 480. 480. 491. 494. 492. 508. 513. 534.
  534. 517. 538. 536. 537. 545. 541. 542. 539. 546. 548. 552. 550. 557.
  560. 551. 553. 557. 558. 556. 516. 521. 516. 505. 518. 522.]]
##############################
[[ 90. 118. 172. 194. 214. 231. 239. 260. 262. 272. 258. 279. 285. 281.
  289. 291. 307. 306. 308. 314. 303. 315. 319. 325. 311. 325. 319. 313.
  326. 330. 332. 323. 330. 329. 326. 302. 295. 300. 298. 308.]
 [514. 640. 670. 675. 678. 685. 685. 687. 688. 689. 690. 692. 691. 691.
  691. 691. 695. 694. 694. 695. 698. 694. 695. 694. 694. 695. 695. 693.
  693. 696. 695. 692. 694. 693. 693. 643. 643. 645. 644. 645.]
 [146. 230. 311. 356. 382. 406. 423. 439. 446. 456. 480. 480. 482. 493.
  509. 508. 510. 515. 524. 526. 522. 525. 528. 540. 532. 540. 541. 553.
  550. 546. 538. 550. 544. 543. 542. 513. 519. 517. 516. 525.]
 [206. 309. 367. 409. 441. 455. 480. 480. 491. 494. 492. 508. 513. 534.
  534. 517. 538. 536. 537. 545. 541. 542. 539. 546. 548. 552. 550. 557.
  560. 551. 553. 557. 558. 556. 559. 521. 516. 505. 518. 522.]]
##############################
[[ 90. 118. 172. 194. 214. 231. 239. 260. 262. 272. 258. 279. 285. 281.
  289. 291. 307. 306. 308. 314. 303. 315. 319. 325. 311. 325. 319. 313.
  326. 330. 332. 323. 330. 329. 326. 327. 295. 300. 298. 308.]
 [514. 640. 670. 675. 678. 685. 685. 687. 688. 689. 690. 692. 691. 691.
  691. 691. 695. 694. 694. 695. 698. 694. 695. 694. 694. 695. 695. 693.
  693. 696. 695. 692. 694. 693. 693. 693. 643. 645. 644. 645.]
 [146. 230. 311. 356. 382. 406. 423. 439. 446. 456. 480. 480. 482. 493.
  509. 508. 510. 515. 524. 526. 522. 525. 528. 540. 532. 540. 541. 553.
  550. 546. 538. 550. 544. 543. 542. 554. 519. 517. 516. 525.]
 [206. 309. 367. 409. 441. 455. 480. 480. 491. 494. 492. 508. 513. 534.
  534. 517. 538. 536. 537. 545. 541. 542. 539. 546. 548. 552. 550. 557.
  560. 551. 553. 557. 558. 556. 559. 563. 516. 505. 518. 522.]]
##############################
[[ 90. 118. 172. 194. 214. 231. 239. 260. 262. 272. 258. 279. 285. 281.
  289. 291. 307. 306. 308. 314. 303. 315. 319. 325. 311. 325. 319. 313.
  326. 330. 332. 323. 330. 329. 326. 327. 318. 300. 298. 308.]
 [514. 640. 670. 675. 678. 685. 685. 687. 688. 689. 690. 692. 691. 691.
  691. 691. 695. 694. 694. 695. 698. 694. 695. 694. 694. 695. 695. 693.
  693. 696. 695. 692. 694. 693. 693. 693. 693. 645. 644. 645.]
 [146. 230. 311. 356. 382. 406. 423. 439. 446. 456. 480. 480. 482. 493.
  509. 508. 510. 515. 524. 526. 522. 525. 528. 540. 532. 540. 541. 553.
  550. 546. 538. 550. 544. 543. 542. 554. 560. 517. 516. 525.]
 [206. 309. 367. 409. 441. 455. 480. 480. 491. 494. 492. 508. 513. 534.
  534. 517. 538. 536. 537. 545. 541. 542. 539. 546. 548. 552. 550. 557.
  560. 551. 553. 557. 558. 556. 559. 563. 558. 505. 518. 522.]]
##############################
[[ 90. 118. 172. 194. 214. 231. 239. 260. 262. 272. 258. 279. 285. 281.
  289. 291. 307. 306. 308. 314. 303. 315. 319. 325. 311. 325. 319. 313.
  326. 330. 332. 323. 330. 329. 326. 327. 318. 325. 298. 308.]
 [514. 640. 670. 675. 678. 685. 685. 687. 688. 689. 690. 692. 691. 691.
  691. 691. 695. 694. 694. 695. 698. 694. 695. 694. 694. 695. 695. 693.
  693. 696. 695. 692. 694. 693. 693. 693. 693. 695. 644. 645.]
 [146. 230. 311. 356. 382. 406. 423. 439. 446. 456. 480. 480. 482. 493.
  509. 508. 510. 515. 524. 526. 522. 525. 528. 540. 532. 540. 541. 553.
  550. 546. 538. 550. 544. 543. 542. 554. 560. 558. 516. 525.]
 [206. 309. 367. 409. 441. 455. 480. 480. 491. 494. 492. 508. 513. 534.
  534. 517. 538. 536. 537. 545. 541. 542. 539. 546. 548. 552. 550. 557.
  560. 551. 553. 557. 558. 556. 559. 563. 558. 549. 518. 522.]]
##############################
[[ 90. 118. 172. 194. 214. 231. 239. 260. 262. 272. 258. 279. 285. 281.
  289. 291. 307. 306. 308. 314. 303. 315. 319. 325. 311. 325. 319. 313.
  326. 330. 332. 323. 330. 329. 326. 327. 318. 325. 322. 308.]
 [514. 640. 670. 675. 678. 685. 685. 687. 688. 689. 690. 692. 691. 691.
  691. 691. 695. 694. 694. 695. 698. 694. 695. 694. 694. 695. 695. 693.
  693. 696. 695. 692. 694. 693. 693. 693. 693. 695. 694. 645.]
 [146. 230. 311. 356. 382. 406. 423. 439. 446. 456. 480. 480. 482. 493.
  509. 508. 510. 515. 524. 526. 522. 525. 528. 540. 532. 540. 541. 553.
  550. 546. 538. 550. 544. 543. 542. 554. 560. 558. 558. 525.]
 [206. 309. 367. 409. 441. 455. 480. 480. 491. 494. 492. 508. 513. 534.
  534. 517. 538. 536. 537. 545. 541. 542. 539. 546. 548. 552. 550. 557.
  560. 551. 553. 557. 558. 556. 559. 563. 558. 549. 563. 522.]]
##############################
[[ 90. 118. 172. 194. 214. 231. 239. 260. 262. 272. 258. 279. 285. 281.
  289. 291. 307. 306. 308. 314. 303. 315. 319. 325. 311. 325. 319. 313.
  326. 330. 332. 323. 330. 329. 326. 327. 318. 325. 322. 333.]
 [514. 640. 670. 675. 678. 685. 685. 687. 688. 689. 690. 692. 691. 691.
  691. 691. 695. 694. 694. 695. 698. 694. 695. 694. 694. 695. 695. 693.
  693. 696. 695. 692. 694. 693. 693. 693. 693. 695. 694. 695.]
 [146. 230. 311. 356. 382. 406. 423. 439. 446. 456. 480. 480. 482. 493.
  509. 508. 510. 515. 524. 526. 522. 525. 528. 540. 532. 540. 541. 553.
  550. 546. 538. 550. 544. 543. 542. 554. 560. 558. 558. 568.]
 [206. 309. 367. 409. 441. 455. 480. 480. 491. 494. 492. 508. 513. 534.
  534. 517. 538. 536. 537. 545. 541. 542. 539. 546. 548. 552. 550. 557.
  560. 551. 553. 557. 558. 556. 559. 563. 558. 549. 563. 563.]]
##############################
##################################################
##################################################
starting :15 batch
[[ 94. 118. 172. 194. 214. 231. 239. 260. 262. 272. 258. 279. 285. 281.
  289. 291. 307. 306. 308. 314. 303. 315. 319. 325. 311. 325. 319. 313.
  326. 330. 332. 323. 330. 329. 326. 327. 318. 325. 322. 333.]
 [553. 640. 670. 675. 678. 685. 685. 687. 688. 689. 690. 692. 691. 691.
  691. 691. 695. 694. 694. 695. 698. 694. 695. 694. 694. 695. 695. 693.
  693. 696. 695. 692. 694. 693. 693. 693. 693. 695. 694. 695.]
 [159. 230. 311. 356. 382. 406. 423. 439. 446. 456. 480. 480. 482. 493.
  509. 508. 510. 515. 524. 526. 522. 525. 528. 540. 532. 540. 541. 553.
  550. 546. 538. 550. 544. 543. 542. 554. 560. 558. 558. 568.]
 [221. 309. 367. 409. 441. 455. 480. 480. 491. 494. 492. 508. 513. 534.
  534. 517. 538. 536. 537. 545. 541. 542. 539. 546. 548. 552. 550. 557.
  560. 551. 553. 557. 558. 556. 559. 563. 558. 549. 563. 563.]]
##############################
[[ 94. 124. 172. 194. 214. 231. 239. 260. 262. 272. 258. 279. 285. 281.
  289. 291. 307. 306. 308. 314. 303. 315. 319. 325. 311. 325. 319. 313.
  326. 330. 332. 323. 330. 329. 326. 327. 318. 325. 322. 333.]
 [553. 685. 670. 675. 678. 685. 685. 687. 688. 689. 690. 692. 691. 691.
  691. 691. 695. 694. 694. 695. 698. 694. 695. 694. 694. 695. 695. 693.
  693. 696. 695. 692. 694. 693. 693. 693. 693. 695. 694. 695.]
 [159. 248. 311. 356. 382. 406. 423. 439. 446. 456. 480. 480. 482. 493.
  509. 508. 510. 515. 524. 526. 522. 525. 528. 540. 532. 540. 541. 553.
  550. 546. 538. 550. 544. 543. 542. 554. 560. 558. 558. 568.]
 [221. 332. 367. 409. 441. 455. 480. 480. 491. 494. 492. 508. 513. 534.
  534. 517. 538. 536. 537. 545. 541. 542. 539. 546. 548. 552. 550. 557.
  560. 551. 553. 557. 558. 556. 559. 563. 558. 549. 563. 563.]]
##############################
[[ 94. 124. 182. 194. 214. 231. 239. 260. 262. 272. 258. 279. 285. 281.
  289. 291. 307. 306. 308. 314. 303. 315. 319. 325. 311. 325. 319. 313.
  326. 330. 332. 323. 330. 329. 326. 327. 318. 325. 322. 333.]
 [553. 685. 716. 675. 678. 685. 685. 687. 688. 689. 690. 692. 691. 691.
  691. 691. 695. 694. 694. 695. 698. 694. 695. 694. 694. 695. 695. 693.
  693. 696. 695. 692. 694. 693. 693. 693. 693. 695. 694. 695.]
 [159. 248. 332. 356. 382. 406. 423. 439. 446. 456. 480. 480. 482. 493.
  509. 508. 510. 515. 524. 526. 522. 525. 528. 540. 532. 540. 541. 553.
  550. 546. 538. 550. 544. 543. 542. 554. 560. 558. 558. 568.]
 [221. 332. 395. 409. 441. 455. 480. 480. 491. 494. 492. 508. 513. 534.
  534. 517. 538. 536. 537. 545. 541. 542. 539. 546. 548. 552. 550. 557.
  560. 551. 553. 557. 558. 556. 559. 563. 558. 549. 563. 563.]]
##############################
[[ 94. 124. 182. 206. 214. 231. 239. 260. 262. 272. 258. 279. 285. 281.
  289. 291. 307. 306. 308. 314. 303. 315. 319. 325. 311. 325. 319. 313.
  326. 330. 332. 323. 330. 329. 326. 327. 318. 325. 322. 333.]
 [553. 685. 716. 723. 678. 685. 685. 687. 688. 689. 690. 692. 691. 691.
  691. 691. 695. 694. 694. 695. 698. 694. 695. 694. 694. 695. 695. 693.
  693. 696. 695. 692. 694. 693. 693. 693. 693. 695. 694. 695.]
 [159. 248. 332. 381. 382. 406. 423. 439. 446. 456. 480. 480. 482. 493.
  509. 508. 510. 515. 524. 526. 522. 525. 528. 540. 532. 540. 541. 553.
  550. 546. 538. 550. 544. 543. 542. 554. 560. 558. 558. 568.]
 [221. 332. 395. 440. 441. 455. 480. 480. 491. 494. 492. 508. 513. 534.
  534. 517. 538. 536. 537. 545. 541. 542. 539. 546. 548. 552. 550. 557.
  560. 551. 553. 557. 558. 556. 559. 563. 558. 549. 563. 563.]]
##############################
[[ 94. 124. 182. 206. 228. 231. 239. 260. 262. 272. 258. 279. 285. 281.
  289. 291. 307. 306. 308. 314. 303. 315. 319. 325. 311. 325. 319. 313.
  326. 330. 332. 323. 330. 329. 326. 327. 318. 325. 322. 333.]
 [553. 685. 716. 723. 727. 685. 685. 687. 688. 689. 690. 692. 691. 691.
  691. 691. 695. 694. 694. 695. 698. 694. 695. 694. 694. 695. 695. 693.
  693. 696. 695. 692. 694. 693. 693. 693. 693. 695. 694. 695.]
 [159. 248. 332. 381. 408. 406. 423. 439. 446. 456. 480. 480. 482. 493.
  509. 508. 510. 515. 524. 526. 522. 525. 528. 540. 532. 540. 541. 553.
  550. 546. 538. 550. 544. 543. 542. 554. 560. 558. 558. 568.]
 [221. 332. 395. 440. 472. 455. 480. 480. 491. 494. 492. 508. 513. 534.
  534. 517. 538. 536. 537. 545. 541. 542. 539. 546. 548. 552. 550. 557.
  560. 551. 553. 557. 558. 556. 559. 563. 558. 549. 563. 563.]]
##############################
[[ 94. 124. 182. 206. 228. 244. 239. 260. 262. 272. 258. 279. 285. 281.
  289. 291. 307. 306. 308. 314. 303. 315. 319. 325. 311. 325. 319. 313.
  326. 330. 332. 323. 330. 329. 326. 327. 318. 325. 322. 333.]
 [553. 685. 716. 723. 727. 734. 685. 687. 688. 689. 690. 692. 691. 691.
  691. 691. 695. 694. 694. 695. 698. 694. 695. 694. 694. 695. 695. 693.
  693. 696. 695. 692. 694. 693. 693. 693. 693. 695. 694. 695.]
 [159. 248. 332. 381. 408. 437. 423. 439. 446. 456. 480. 480. 482. 493.
  509. 508. 510. 515. 524. 526. 522. 525. 528. 540. 532. 540. 541. 553.
  550. 546. 538. 550. 544. 543. 542. 554. 560. 558. 558. 568.]
 [221. 332. 395. 440. 472. 488. 480. 480. 491. 494. 492. 508. 513. 534.
  534. 517. 538. 536. 537. 545. 541. 542. 539. 546. 548. 552. 550. 557.
  560. 551. 553. 557. 558. 556. 559. 563. 558. 549. 563. 563.]]
##############################
[[ 94. 124. 182. 206. 228. 244. 253. 260. 262. 272. 258. 279. 285. 281.
  289. 291. 307. 306. 308. 314. 303. 315. 319. 325. 311. 325. 319. 313.
  326. 330. 332. 323. 330. 329. 326. 327. 318. 325. 322. 333.]
 [553. 685. 716. 723. 727. 734. 734. 687. 688. 689. 690. 692. 691. 691.
  691. 691. 695. 694. 694. 695. 698. 694. 695. 694. 694. 695. 695. 693.
  693. 696. 695. 692. 694. 693. 693. 693. 693. 695. 694. 695.]
 [159. 248. 332. 381. 408. 437. 454. 439. 446. 456. 480. 480. 482. 493.
  509. 508. 510. 515. 524. 526. 522. 525. 528. 540. 532. 540. 541. 553.
  550. 546. 538. 550. 544. 543. 542. 554. 560. 558. 558. 568.]
 [221. 332. 395. 440. 472. 488. 512. 480. 491. 494. 492. 508. 513. 534.
  534. 517. 538. 536. 537. 545. 541. 542. 539. 546. 548. 552. 550. 557.
  560. 551. 553. 557. 558. 556. 559. 563. 558. 549. 563. 563.]]
##############################
[[ 94. 124. 182. 206. 228. 244. 253. 274. 262. 272. 258. 279. 285. 281.
  289. 291. 307. 306. 308. 314. 303. 315. 319. 325. 311. 325. 319. 313.
  326. 330. 332. 323. 330. 329. 326. 327. 318. 325. 322. 333.]
 [553. 685. 716. 723. 727. 734. 734. 736. 688. 689. 690. 692. 691. 691.
  691. 691. 695. 694. 694. 695. 698. 694. 695. 694. 694. 695. 695. 693.
  693. 696. 695. 692. 694. 693. 693. 693. 693. 695. 694. 695.]
 [159. 248. 332. 381. 408. 437. 454. 471. 446. 456. 480. 480. 482. 493.
  509. 508. 510. 515. 524. 526. 522. 525. 528. 540. 532. 540. 541. 553.
  550. 546. 538. 550. 544. 543. 542. 554. 560. 558. 558. 568.]
 [221. 332. 395. 440. 472. 488. 512. 515. 491. 494. 492. 508. 513. 534.
  534. 517. 538. 536. 537. 545. 541. 542. 539. 546. 548. 552. 550. 557.
  560. 551. 553. 557. 558. 556. 559. 563. 558. 549. 563. 563.]]
##############################
[[ 94. 124. 182. 206. 228. 244. 253. 274. 273. 272. 258. 279. 285. 281.
  289. 291. 307. 306. 308. 314. 303. 315. 319. 325. 311. 325. 319. 313.
  326. 330. 332. 323. 330. 329. 326. 327. 318. 325. 322. 333.]
 [553. 685. 716. 723. 727. 734. 734. 736. 738. 689. 690. 692. 691. 691.
  691. 691. 695. 694. 694. 695. 698. 694. 695. 694. 694. 695. 695. 693.
  693. 696. 695. 692. 694. 693. 693. 693. 693. 695. 694. 695.]
 [159. 248. 332. 381. 408. 437. 454. 471. 476. 456. 480. 480. 482. 493.
  509. 508. 510. 515. 524. 526. 522. 525. 528. 540. 532. 540. 541. 553.
  550. 546. 538. 550. 544. 543. 542. 554. 560. 558. 558. 568.]
 [221. 332. 395. 440. 472. 488. 512. 515. 529. 494. 492. 508. 513. 534.
  534. 517. 538. 536. 537. 545. 541. 542. 539. 546. 548. 552. 550. 557.
  560. 551. 553. 557. 558. 556. 559. 563. 558. 549. 563. 563.]]
##############################
[[ 94. 124. 182. 206. 228. 244. 253. 274. 273. 284. 258. 279. 285. 281.
  289. 291. 307. 306. 308. 314. 303. 315. 319. 325. 311. 325. 319. 313.
  326. 330. 332. 323. 330. 329. 326. 327. 318. 325. 322. 333.]
 [553. 685. 716. 723. 727. 734. 734. 736. 738. 739. 690. 692. 691. 691.
  691. 691. 695. 694. 694. 695. 698. 694. 695. 694. 694. 695. 695. 693.
  693. 696. 695. 692. 694. 693. 693. 693. 693. 695. 694. 695.]
 [159. 248. 332. 381. 408. 437. 454. 471. 476. 490. 480. 480. 482. 493.
  509. 508. 510. 515. 524. 526. 522. 525. 528. 540. 532. 540. 541. 553.
  550. 546. 538. 550. 544. 543. 542. 554. 560. 558. 558. 568.]
 [221. 332. 395. 440. 472. 488. 512. 515. 529. 530. 492. 508. 513. 534.
  534. 517. 538. 536. 537. 545. 541. 542. 539. 546. 548. 552. 550. 557.
  560. 551. 553. 557. 558. 556. 559. 563. 558. 549. 563. 563.]]
##############################
[[ 94. 124. 182. 206. 228. 244. 253. 274. 273. 284. 272. 279. 285. 281.
  289. 291. 307. 306. 308. 314. 303. 315. 319. 325. 311. 325. 319. 313.
  326. 330. 332. 323. 330. 329. 326. 327. 318. 325. 322. 333.]
 [553. 685. 716. 723. 727. 734. 734. 736. 738. 739. 740. 692. 691. 691.
  691. 691. 695. 694. 694. 695. 698. 694. 695. 694. 694. 695. 695. 693.
  693. 696. 695. 692. 694. 693. 693. 693. 693. 695. 694. 695.]
 [159. 248. 332. 381. 408. 437. 454. 471. 476. 490. 511. 480. 482. 493.
  509. 508. 510. 515. 524. 526. 522. 525. 528. 540. 532. 540. 541. 553.
  550. 546. 538. 550. 544. 543. 542. 554. 560. 558. 558. 568.]
 [221. 332. 395. 440. 472. 488. 512. 515. 529. 530. 528. 508. 513. 534.
  534. 517. 538. 536. 537. 545. 541. 542. 539. 546. 548. 552. 550. 557.
  560. 551. 553. 557. 558. 556. 559. 563. 558. 549. 563. 563.]]
##############################
[[ 94. 124. 182. 206. 228. 244. 253. 274. 273. 284. 272. 294. 285. 281.
  289. 291. 307. 306. 308. 314. 303. 315. 319. 325. 311. 325. 319. 313.
  326. 330. 332. 323. 330. 329. 326. 327. 318. 325. 322. 333.]
 [553. 685. 716. 723. 727. 734. 734. 736. 738. 739. 740. 742. 691. 691.
  691. 691. 695. 694. 694. 695. 698. 694. 695. 694. 694. 695. 695. 693.
  693. 696. 695. 692. 694. 693. 693. 693. 693. 695. 694. 695.]
 [159. 248. 332. 381. 408. 437. 454. 471. 476. 490. 511. 512. 482. 493.
  509. 508. 510. 515. 524. 526. 522. 525. 528. 540. 532. 540. 541. 553.
  550. 546. 538. 550. 544. 543. 542. 554. 560. 558. 558. 568.]
 [221. 332. 395. 440. 472. 488. 512. 515. 529. 530. 528. 546. 513. 534.
  534. 517. 538. 536. 537. 545. 541. 542. 539. 546. 548. 552. 550. 557.
  560. 551. 553. 557. 558. 556. 559. 563. 558. 549. 563. 563.]]
##############################
[[ 94. 124. 182. 206. 228. 244. 253. 274. 273. 284. 272. 294. 299. 281.
  289. 291. 307. 306. 308. 314. 303. 315. 319. 325. 311. 325. 319. 313.
  326. 330. 332. 323. 330. 329. 326. 327. 318. 325. 322. 333.]
 [553. 685. 716. 723. 727. 734. 734. 736. 738. 739. 740. 742. 741. 691.
  691. 691. 695. 694. 694. 695. 698. 694. 695. 694. 694. 695. 695. 693.
  693. 696. 695. 692. 694. 693. 693. 693. 693. 695. 694. 695.]
 [159. 248. 332. 381. 408. 437. 454. 471. 476. 490. 511. 512. 516. 493.
  509. 508. 510. 515. 524. 526. 522. 525. 528. 540. 532. 540. 541. 553.
  550. 546. 538. 550. 544. 543. 542. 554. 560. 558. 558. 568.]
 [221. 332. 395. 440. 472. 488. 512. 515. 529. 530. 528. 546. 551. 534.
  534. 517. 538. 536. 537. 545. 541. 542. 539. 546. 548. 552. 550. 557.
  560. 551. 553. 557. 558. 556. 559. 563. 558. 549. 563. 563.]]
##############################
[[ 94. 124. 182. 206. 228. 244. 253. 274. 273. 284. 272. 294. 299. 295.
  289. 291. 307. 306. 308. 314. 303. 315. 319. 325. 311. 325. 319. 313.
  326. 330. 332. 323. 330. 329. 326. 327. 318. 325. 322. 333.]
 [553. 685. 716. 723. 727. 734. 734. 736. 738. 739. 740. 742. 741. 740.
  691. 691. 695. 694. 694. 695. 698. 694. 695. 694. 694. 695. 695. 693.
  693. 696. 695. 692. 694. 693. 693. 693. 693. 695. 694. 695.]
 [159. 248. 332. 381. 408. 437. 454. 471. 476. 490. 511. 512. 516. 528.
  509. 508. 510. 515. 524. 526. 522. 525. 528. 540. 532. 540. 541. 553.
  550. 546. 538. 550. 544. 543. 542. 554. 560. 558. 558. 568.]
 [221. 332. 395. 440. 472. 488. 512. 515. 529. 530. 528. 546. 551. 573.
  534. 517. 538. 536. 537. 545. 541. 542. 539. 546. 548. 552. 550. 557.
  560. 551. 553. 557. 558. 556. 559. 563. 558. 549. 563. 563.]]
##############################
[[ 94. 124. 182. 206. 228. 244. 253. 274. 273. 284. 272. 294. 299. 295.
  306. 291. 307. 306. 308. 314. 303. 315. 319. 325. 311. 325. 319. 313.
  326. 330. 332. 323. 330. 329. 326. 327. 318. 325. 322. 333.]
 [553. 685. 716. 723. 727. 734. 734. 736. 738. 739. 740. 742. 741. 740.
  741. 691. 695. 694. 694. 695. 698. 694. 695. 694. 694. 695. 695. 693.
  693. 696. 695. 692. 694. 693. 693. 693. 693. 695. 694. 695.]
 [159. 248. 332. 381. 408. 437. 454. 471. 476. 490. 511. 512. 516. 528.
  544. 508. 510. 515. 524. 526. 522. 525. 528. 540. 532. 540. 541. 553.
  550. 546. 538. 550. 544. 543. 542. 554. 560. 558. 558. 568.]
 [221. 332. 395. 440. 472. 488. 512. 515. 529. 530. 528. 546. 551. 573.
  573. 517. 538. 536. 537. 545. 541. 542. 539. 546. 548. 552. 550. 557.
  560. 551. 553. 557. 558. 556. 559. 563. 558. 549. 563. 563.]]
##############################
[[ 94. 124. 182. 206. 228. 244. 253. 274. 273. 284. 272. 294. 299. 295.
  306. 312. 307. 306. 308. 314. 303. 315. 319. 325. 311. 325. 319. 313.
  326. 330. 332. 323. 330. 329. 326. 327. 318. 325. 322. 333.]
 [553. 685. 716. 723. 727. 734. 734. 736. 738. 739. 740. 742. 741. 740.
  741. 740. 695. 694. 694. 695. 698. 694. 695. 694. 694. 695. 695. 693.
  693. 696. 695. 692. 694. 693. 693. 693. 693. 695. 694. 695.]
 [159. 248. 332. 381. 408. 437. 454. 471. 476. 490. 511. 512. 516. 528.
  544. 542. 510. 515. 524. 526. 522. 525. 528. 540. 532. 540. 541. 553.
  550. 546. 538. 550. 544. 543. 542. 554. 560. 558. 558. 568.]
 [221. 332. 395. 440. 472. 488. 512. 515. 529. 530. 528. 546. 551. 573.
  573. 555. 538. 536. 537. 545. 541. 542. 539. 546. 548. 552. 550. 557.
  560. 551. 553. 557. 558. 556. 559. 563. 558. 549. 563. 563.]]
##############################
[[ 94. 124. 182. 206. 228. 244. 253. 274. 273. 284. 272. 294. 299. 295.
  306. 312. 329. 306. 308. 314. 303. 315. 319. 325. 311. 325. 319. 313.
  326. 330. 332. 323. 330. 329. 326. 327. 318. 325. 322. 333.]
 [553. 685. 716. 723. 727. 734. 734. 736. 738. 739. 740. 742. 741. 740.
  741. 740. 745. 694. 694. 695. 698. 694. 695. 694. 694. 695. 695. 693.
  693. 696. 695. 692. 694. 693. 693. 693. 693. 695. 694. 695.]
 [159. 248. 332. 381. 408. 437. 454. 471. 476. 490. 511. 512. 516. 528.
  544. 542. 545. 515. 524. 526. 522. 525. 528. 540. 532. 540. 541. 553.
  550. 546. 538. 550. 544. 543. 542. 554. 560. 558. 558. 568.]
 [221. 332. 395. 440. 472. 488. 512. 515. 529. 530. 528. 546. 551. 573.
  573. 555. 577. 536. 537. 545. 541. 542. 539. 546. 548. 552. 550. 557.
  560. 551. 553. 557. 558. 556. 559. 563. 558. 549. 563. 563.]]
##############################
[[ 94. 124. 182. 206. 228. 244. 253. 274. 273. 284. 272. 294. 299. 295.
  306. 312. 329. 325. 308. 314. 303. 315. 319. 325. 311. 325. 319. 313.
  326. 330. 332. 323. 330. 329. 326. 327. 318. 325. 322. 333.]
 [553. 685. 716. 723. 727. 734. 734. 736. 738. 739. 740. 742. 741. 740.
  741. 740. 745. 744. 694. 695. 698. 694. 695. 694. 694. 695. 695. 693.
  693. 696. 695. 692. 694. 693. 693. 693. 693. 695. 694. 695.]
 [159. 248. 332. 381. 408. 437. 454. 471. 476. 490. 511. 512. 516. 528.
  544. 542. 545. 552. 524. 526. 522. 525. 528. 540. 532. 540. 541. 553.
  550. 546. 538. 550. 544. 543. 542. 554. 560. 558. 558. 568.]
 [221. 332. 395. 440. 472. 488. 512. 515. 529. 530. 528. 546. 551. 573.
  573. 555. 577. 575. 537. 545. 541. 542. 539. 546. 548. 552. 550. 557.
  560. 551. 553. 557. 558. 556. 559. 563. 558. 549. 563. 563.]]
##############################
[[ 94. 124. 182. 206. 228. 244. 253. 274. 273. 284. 272. 294. 299. 295.
  306. 312. 329. 325. 328. 314. 303. 315. 319. 325. 311. 325. 319. 313.
  326. 330. 332. 323. 330. 329. 326. 327. 318. 325. 322. 333.]
 [553. 685. 716. 723. 727. 734. 734. 736. 738. 739. 740. 742. 741. 740.
  741. 740. 745. 744. 744. 695. 698. 694. 695. 694. 694. 695. 695. 693.
  693. 696. 695. 692. 694. 693. 693. 693. 693. 695. 694. 695.]
 [159. 248. 332. 381. 408. 437. 454. 471. 476. 490. 511. 512. 516. 528.
  544. 542. 545. 552. 563. 526. 522. 525. 528. 540. 532. 540. 541. 553.
  550. 546. 538. 550. 544. 543. 542. 554. 560. 558. 558. 568.]
 [221. 332. 395. 440. 472. 488. 512. 515. 529. 530. 528. 546. 551. 573.
  573. 555. 577. 575. 577. 545. 541. 542. 539. 546. 548. 552. 550. 557.
  560. 551. 553. 557. 558. 556. 559. 563. 558. 549. 563. 563.]]
##############################
[[ 94. 124. 182. 206. 228. 244. 253. 274. 273. 284. 272. 294. 299. 295.
  306. 312. 329. 325. 328. 332. 303. 315. 319. 325. 311. 325. 319. 313.
  326. 330. 332. 323. 330. 329. 326. 327. 318. 325. 322. 333.]
 [553. 685. 716. 723. 727. 734. 734. 736. 738. 739. 740. 742. 741. 740.
  741. 740. 745. 744. 744. 745. 698. 694. 695. 694. 694. 695. 695. 693.
  693. 696. 695. 692. 694. 693. 693. 693. 693. 695. 694. 695.]
 [159. 248. 332. 381. 408. 437. 454. 471. 476. 490. 511. 512. 516. 528.
  544. 542. 545. 552. 563. 564. 522. 525. 528. 540. 532. 540. 541. 553.
  550. 546. 538. 550. 544. 543. 542. 554. 560. 558. 558. 568.]
 [221. 332. 395. 440. 472. 488. 512. 515. 529. 530. 528. 546. 551. 573.
  573. 555. 577. 575. 577. 584. 541. 542. 539. 546. 548. 552. 550. 557.
  560. 551. 553. 557. 558. 556. 559. 563. 558. 549. 563. 563.]]
##############################
[[ 94. 124. 182. 206. 228. 244. 253. 274. 273. 284. 272. 294. 299. 295.
  306. 312. 329. 325. 328. 332. 324. 315. 319. 325. 311. 325. 319. 313.
  326. 330. 332. 323. 330. 329. 326. 327. 318. 325. 322. 333.]
 [553. 685. 716. 723. 727. 734. 734. 736. 738. 739. 740. 742. 741. 740.
  741. 740. 745. 744. 744. 745. 748. 694. 695. 694. 694. 695. 695. 693.
  693. 696. 695. 692. 694. 693. 693. 693. 693. 695. 694. 695.]
 [159. 248. 332. 381. 408. 437. 454. 471. 476. 490. 511. 512. 516. 528.
  544. 542. 545. 552. 563. 564. 560. 525. 528. 540. 532. 540. 541. 553.
  550. 546. 538. 550. 544. 543. 542. 554. 560. 558. 558. 568.]
 [221. 332. 395. 440. 472. 488. 512. 515. 529. 530. 528. 546. 551. 573.
  573. 555. 577. 575. 577. 584. 580. 542. 539. 546. 548. 552. 550. 557.
  560. 551. 553. 557. 558. 556. 559. 563. 558. 549. 563. 563.]]
##############################
[[ 94. 124. 182. 206. 228. 244. 253. 274. 273. 284. 272. 294. 299. 295.
  306. 312. 329. 325. 328. 332. 324. 336. 319. 325. 311. 325. 319. 313.
  326. 330. 332. 323. 330. 329. 326. 327. 318. 325. 322. 333.]
 [553. 685. 716. 723. 727. 734. 734. 736. 738. 739. 740. 742. 741. 740.
  741. 740. 745. 744. 744. 745. 748. 744. 695. 694. 694. 695. 695. 693.
  693. 696. 695. 692. 694. 693. 693. 693. 693. 695. 694. 695.]
 [159. 248. 332. 381. 408. 437. 454. 471. 476. 490. 511. 512. 516. 528.
  544. 542. 545. 552. 563. 564. 560. 563. 528. 540. 532. 540. 541. 553.
  550. 546. 538. 550. 544. 543. 542. 554. 560. 558. 558. 568.]
 [221. 332. 395. 440. 472. 488. 512. 515. 529. 530. 528. 546. 551. 573.
  573. 555. 577. 575. 577. 584. 580. 580. 539. 546. 548. 552. 550. 557.
  560. 551. 553. 557. 558. 556. 559. 563. 558. 549. 563. 563.]]
##############################
[[ 94. 124. 182. 206. 228. 244. 253. 274. 273. 284. 272. 294. 299. 295.
  306. 312. 329. 325. 328. 332. 324. 336. 339. 325. 311. 325. 319. 313.
  326. 330. 332. 323. 330. 329. 326. 327. 318. 325. 322. 333.]
 [553. 685. 716. 723. 727. 734. 734. 736. 738. 739. 740. 742. 741. 740.
  741. 740. 745. 744. 744. 745. 748. 744. 745. 694. 694. 695. 695. 693.
  693. 696. 695. 692. 694. 693. 693. 693. 693. 695. 694. 695.]
 [159. 248. 332. 381. 408. 437. 454. 471. 476. 490. 511. 512. 516. 528.
  544. 542. 545. 552. 563. 564. 560. 563. 566. 540. 532. 540. 541. 553.
  550. 546. 538. 550. 544. 543. 542. 554. 560. 558. 558. 568.]
 [221. 332. 395. 440. 472. 488. 512. 515. 529. 530. 528. 546. 551. 573.
  573. 555. 577. 575. 577. 584. 580. 580. 580. 546. 548. 552. 550. 557.
  560. 551. 553. 557. 558. 556. 559. 563. 558. 549. 563. 563.]]
##############################
[[ 94. 124. 182. 206. 228. 244. 253. 274. 273. 284. 272. 294. 299. 295.
  306. 312. 329. 325. 328. 332. 324. 336. 339. 348. 311. 325. 319. 313.
  326. 330. 332. 323. 330. 329. 326. 327. 318. 325. 322. 333.]
 [553. 685. 716. 723. 727. 734. 734. 736. 738. 739. 740. 742. 741. 740.
  741. 740. 745. 744. 744. 745. 748. 744. 745. 744. 694. 695. 695. 693.
  693. 696. 695. 692. 694. 693. 693. 693. 693. 695. 694. 695.]
 [159. 248. 332. 381. 408. 437. 454. 471. 476. 490. 511. 512. 516. 528.
  544. 542. 545. 552. 563. 564. 560. 563. 566. 579. 532. 540. 541. 553.
  550. 546. 538. 550. 544. 543. 542. 554. 560. 558. 558. 568.]
 [221. 332. 395. 440. 472. 488. 512. 515. 529. 530. 528. 546. 551. 573.
  573. 555. 577. 575. 577. 584. 580. 580. 580. 586. 548. 552. 550. 557.
  560. 551. 553. 557. 558. 556. 559. 563. 558. 549. 563. 563.]]
##############################
[[ 94. 124. 182. 206. 228. 244. 253. 274. 273. 284. 272. 294. 299. 295.
  306. 312. 329. 325. 328. 332. 324. 336. 339. 348. 332. 325. 319. 313.
  326. 330. 332. 323. 330. 329. 326. 327. 318. 325. 322. 333.]
 [553. 685. 716. 723. 727. 734. 734. 736. 738. 739. 740. 742. 741. 740.
  741. 740. 745. 744. 744. 745. 748. 744. 745. 744. 744. 695. 695. 693.
  693. 696. 695. 692. 694. 693. 693. 693. 693. 695. 694. 695.]
 [159. 248. 332. 381. 408. 437. 454. 471. 476. 490. 511. 512. 516. 528.
  544. 542. 545. 552. 563. 564. 560. 563. 566. 579. 571. 540. 541. 553.
  550. 546. 538. 550. 544. 543. 542. 554. 560. 558. 558. 568.]
 [221. 332. 395. 440. 472. 488. 512. 515. 529. 530. 528. 546. 551. 573.
  573. 555. 577. 575. 577. 584. 580. 580. 580. 586. 588. 552. 550. 557.
  560. 551. 553. 557. 558. 556. 559. 563. 558. 549. 563. 563.]]
##############################
[[ 94. 124. 182. 206. 228. 244. 253. 274. 273. 284. 272. 294. 299. 295.
  306. 312. 329. 325. 328. 332. 324. 336. 339. 348. 332. 343. 319. 313.
  326. 330. 332. 323. 330. 329. 326. 327. 318. 325. 322. 333.]
 [553. 685. 716. 723. 727. 734. 734. 736. 738. 739. 740. 742. 741. 740.
  741. 740. 745. 744. 744. 745. 748. 744. 745. 744. 744. 745. 695. 693.
  693. 696. 695. 692. 694. 693. 693. 693. 693. 695. 694. 695.]
 [159. 248. 332. 381. 408. 437. 454. 471. 476. 490. 511. 512. 516. 528.
  544. 542. 545. 552. 563. 564. 560. 563. 566. 579. 571. 578. 541. 553.
  550. 546. 538. 550. 544. 543. 542. 554. 560. 558. 558. 568.]
 [221. 332. 395. 440. 472. 488. 512. 515. 529. 530. 528. 546. 551. 573.
  573. 555. 577. 575. 577. 584. 580. 580. 580. 586. 588. 591. 550. 557.
  560. 551. 553. 557. 558. 556. 559. 563. 558. 549. 563. 563.]]
##############################
[[ 94. 124. 182. 206. 228. 244. 253. 274. 273. 284. 272. 294. 299. 295.
  306. 312. 329. 325. 328. 332. 324. 336. 339. 348. 332. 343. 340. 313.
  326. 330. 332. 323. 330. 329. 326. 327. 318. 325. 322. 333.]
 [553. 685. 716. 723. 727. 734. 734. 736. 738. 739. 740. 742. 741. 740.
  741. 740. 745. 744. 744. 745. 748. 744. 745. 744. 744. 745. 745. 693.
  693. 696. 695. 692. 694. 693. 693. 693. 693. 695. 694. 695.]
 [159. 248. 332. 381. 408. 437. 454. 471. 476. 490. 511. 512. 516. 528.
  544. 542. 545. 552. 563. 564. 560. 563. 566. 579. 571. 578. 581. 553.
  550. 546. 538. 550. 544. 543. 542. 554. 560. 558. 558. 568.]
 [221. 332. 395. 440. 472. 488. 512. 515. 529. 530. 528. 546. 551. 573.
  573. 555. 577. 575. 577. 584. 580. 580. 580. 586. 588. 591. 588. 557.
  560. 551. 553. 557. 558. 556. 559. 563. 558. 549. 563. 563.]]
##############################
[[ 94. 124. 182. 206. 228. 244. 253. 274. 273. 284. 272. 294. 299. 295.
  306. 312. 329. 325. 328. 332. 324. 336. 339. 348. 332. 343. 340. 331.
  326. 330. 332. 323. 330. 329. 326. 327. 318. 325. 322. 333.]
 [553. 685. 716. 723. 727. 734. 734. 736. 738. 739. 740. 742. 741. 740.
  741. 740. 745. 744. 744. 745. 748. 744. 745. 744. 744. 745. 745. 743.
  693. 696. 695. 692. 694. 693. 693. 693. 693. 695. 694. 695.]
 [159. 248. 332. 381. 408. 437. 454. 471. 476. 490. 511. 512. 516. 528.
  544. 542. 545. 552. 563. 564. 560. 563. 566. 579. 571. 578. 581. 593.
  550. 546. 538. 550. 544. 543. 542. 554. 560. 558. 558. 568.]
 [221. 332. 395. 440. 472. 488. 512. 515. 529. 530. 528. 546. 551. 573.
  573. 555. 577. 575. 577. 584. 580. 580. 580. 586. 588. 591. 588. 595.
  560. 551. 553. 557. 558. 556. 559. 563. 558. 549. 563. 563.]]
##############################
[[ 94. 124. 182. 206. 228. 244. 253. 274. 273. 284. 272. 294. 299. 295.
  306. 312. 329. 325. 328. 332. 324. 336. 339. 348. 332. 343. 340. 331.
  349. 330. 332. 323. 330. 329. 326. 327. 318. 325. 322. 333.]
 [553. 685. 716. 723. 727. 734. 734. 736. 738. 739. 740. 742. 741. 740.
  741. 740. 745. 744. 744. 745. 748. 744. 745. 744. 744. 745. 745. 743.
  743. 696. 695. 692. 694. 693. 693. 693. 693. 695. 694. 695.]
 [159. 248. 332. 381. 408. 437. 454. 471. 476. 490. 511. 512. 516. 528.
  544. 542. 545. 552. 563. 564. 560. 563. 566. 579. 571. 578. 581. 593.
  590. 546. 538. 550. 544. 543. 542. 554. 560. 558. 558. 568.]
 [221. 332. 395. 440. 472. 488. 512. 515. 529. 530. 528. 546. 551. 573.
  573. 555. 577. 575. 577. 584. 580. 580. 580. 586. 588. 591. 588. 595.
  599. 551. 553. 557. 558. 556. 559. 563. 558. 549. 563. 563.]]
##############################
[[ 94. 124. 182. 206. 228. 244. 253. 274. 273. 284. 272. 294. 299. 295.
  306. 312. 329. 325. 328. 332. 324. 336. 339. 348. 332. 343. 340. 331.
  349. 350. 332. 323. 330. 329. 326. 327. 318. 325. 322. 333.]
 [553. 685. 716. 723. 727. 734. 734. 736. 738. 739. 740. 742. 741. 740.
  741. 740. 745. 744. 744. 745. 748. 744. 745. 744. 744. 745. 745. 743.
  743. 746. 695. 692. 694. 693. 693. 693. 693. 695. 694. 695.]
 [159. 248. 332. 381. 408. 437. 454. 471. 476. 490. 511. 512. 516. 528.
  544. 542. 545. 552. 563. 564. 560. 563. 566. 579. 571. 578. 581. 593.
  590. 585. 538. 550. 544. 543. 542. 554. 560. 558. 558. 568.]
 [221. 332. 395. 440. 472. 488. 512. 515. 529. 530. 528. 546. 551. 573.
  573. 555. 577. 575. 577. 584. 580. 580. 580. 586. 588. 591. 588. 595.
  599. 590. 553. 557. 558. 556. 559. 563. 558. 549. 563. 563.]]
##############################
[[ 94. 124. 182. 206. 228. 244. 253. 274. 273. 284. 272. 294. 299. 295.
  306. 312. 329. 325. 328. 332. 324. 336. 339. 348. 332. 343. 340. 331.
  349. 350. 352. 323. 330. 329. 326. 327. 318. 325. 322. 333.]
 [553. 685. 716. 723. 727. 734. 734. 736. 738. 739. 740. 742. 741. 740.
  741. 740. 745. 744. 744. 745. 748. 744. 745. 744. 744. 745. 745. 743.
  743. 746. 745. 692. 694. 693. 693. 693. 693. 695. 694. 695.]
 [159. 248. 332. 381. 408. 437. 454. 471. 476. 490. 511. 512. 516. 528.
  544. 542. 545. 552. 563. 564. 560. 563. 566. 579. 571. 578. 581. 593.
  590. 585. 578. 550. 544. 543. 542. 554. 560. 558. 558. 568.]
 [221. 332. 395. 440. 472. 488. 512. 515. 529. 530. 528. 546. 551. 573.
  573. 555. 577. 575. 577. 584. 580. 580. 580. 586. 588. 591. 588. 595.
  599. 590. 593. 557. 558. 556. 559. 563. 558. 549. 563. 563.]]
##############################
[[ 94. 124. 182. 206. 228. 244. 253. 274. 273. 284. 272. 294. 299. 295.
  306. 312. 329. 325. 328. 332. 324. 336. 339. 348. 332. 343. 340. 331.
  349. 350. 352. 343. 330. 329. 326. 327. 318. 325. 322. 333.]
 [553. 685. 716. 723. 727. 734. 734. 736. 738. 739. 740. 742. 741. 740.
  741. 740. 745. 744. 744. 745. 748. 744. 745. 744. 744. 745. 745. 743.
  743. 746. 745. 742. 694. 693. 693. 693. 693. 695. 694. 695.]
 [159. 248. 332. 381. 408. 437. 454. 471. 476. 490. 511. 512. 516. 528.
  544. 542. 545. 552. 563. 564. 560. 563. 566. 579. 571. 578. 581. 593.
  590. 585. 578. 590. 544. 543. 542. 554. 560. 558. 558. 568.]
 [221. 332. 395. 440. 472. 488. 512. 515. 529. 530. 528. 546. 551. 573.
  573. 555. 577. 575. 577. 584. 580. 580. 580. 586. 588. 591. 588. 595.
  599. 590. 593. 598. 558. 556. 559. 563. 558. 549. 563. 563.]]
##############################
[[ 94. 124. 182. 206. 228. 244. 253. 274. 273. 284. 272. 294. 299. 295.
  306. 312. 329. 325. 328. 332. 324. 336. 339. 348. 332. 343. 340. 331.
  349. 350. 352. 343. 352. 329. 326. 327. 318. 325. 322. 333.]
 [553. 685. 716. 723. 727. 734. 734. 736. 738. 739. 740. 742. 741. 740.
  741. 740. 745. 744. 744. 745. 748. 744. 745. 744. 744. 745. 745. 743.
  743. 746. 745. 742. 744. 693. 693. 693. 693. 695. 694. 695.]
 [159. 248. 332. 381. 408. 437. 454. 471. 476. 490. 511. 512. 516. 528.
  544. 542. 545. 552. 563. 564. 560. 563. 566. 579. 571. 578. 581. 593.
  590. 585. 578. 590. 582. 543. 542. 554. 560. 558. 558. 568.]
 [221. 332. 395. 440. 472. 488. 512. 515. 529. 530. 528. 546. 551. 573.
  573. 555. 577. 575. 577. 584. 580. 580. 580. 586. 588. 591. 588. 595.
  599. 590. 593. 598. 600. 556. 559. 563. 558. 549. 563. 563.]]
##############################
[[ 94. 124. 182. 206. 228. 244. 253. 274. 273. 284. 272. 294. 299. 295.
  306. 312. 329. 325. 328. 332. 324. 336. 339. 348. 332. 343. 340. 331.
  349. 350. 352. 343. 352. 351. 326. 327. 318. 325. 322. 333.]
 [553. 685. 716. 723. 727. 734. 734. 736. 738. 739. 740. 742. 741. 740.
  741. 740. 745. 744. 744. 745. 748. 744. 745. 744. 744. 745. 745. 743.
  743. 746. 745. 742. 744. 743. 693. 693. 693. 695. 694. 695.]
 [159. 248. 332. 381. 408. 437. 454. 471. 476. 490. 511. 512. 516. 528.
  544. 542. 545. 552. 563. 564. 560. 563. 566. 579. 571. 578. 581. 593.
  590. 585. 578. 590. 582. 585. 542. 554. 560. 558. 558. 568.]
 [221. 332. 395. 440. 472. 488. 512. 515. 529. 530. 528. 546. 551. 573.
  573. 555. 577. 575. 577. 584. 580. 580. 580. 586. 588. 591. 588. 595.
  599. 590. 593. 598. 600. 596. 559. 563. 558. 549. 563. 563.]]
##############################
[[ 94. 124. 182. 206. 228. 244. 253. 274. 273. 284. 272. 294. 299. 295.
  306. 312. 329. 325. 328. 332. 324. 336. 339. 348. 332. 343. 340. 331.
  349. 350. 352. 343. 352. 351. 350. 327. 318. 325. 322. 333.]
 [553. 685. 716. 723. 727. 734. 734. 736. 738. 739. 740. 742. 741. 740.
  741. 740. 745. 744. 744. 745. 748. 744. 745. 744. 744. 745. 745. 743.
  743. 746. 745. 742. 744. 743. 743. 693. 693. 695. 694. 695.]
 [159. 248. 332. 381. 408. 437. 454. 471. 476. 490. 511. 512. 516. 528.
  544. 542. 545. 552. 563. 564. 560. 563. 566. 579. 571. 578. 581. 593.
  590. 585. 578. 590. 582. 585. 585. 554. 560. 558. 558. 568.]
 [221. 332. 395. 440. 472. 488. 512. 515. 529. 530. 528. 546. 551. 573.
  573. 555. 577. 575. 577. 584. 580. 580. 580. 586. 588. 591. 588. 595.
  599. 590. 593. 598. 600. 596. 600. 563. 558. 549. 563. 563.]]
##############################
[[ 94. 124. 182. 206. 228. 244. 253. 274. 273. 284. 272. 294. 299. 295.
  306. 312. 329. 325. 328. 332. 324. 336. 339. 348. 332. 343. 340. 331.
  349. 350. 352. 343. 352. 351. 350. 351. 318. 325. 322. 333.]
 [553. 685. 716. 723. 727. 734. 734. 736. 738. 739. 740. 742. 741. 740.
  741. 740. 745. 744. 744. 745. 748. 744. 745. 744. 744. 745. 745. 743.
  743. 746. 745. 742. 744. 743. 743. 743. 693. 695. 694. 695.]
 [159. 248. 332. 381. 408. 437. 454. 471. 476. 490. 511. 512. 516. 528.
  544. 542. 545. 552. 563. 564. 560. 563. 566. 579. 571. 578. 581. 593.
  590. 585. 578. 590. 582. 585. 585. 596. 560. 558. 558. 568.]
 [221. 332. 395. 440. 472. 488. 512. 515. 529. 530. 528. 546. 551. 573.
  573. 555. 577. 575. 577. 584. 580. 580. 580. 586. 588. 591. 588. 595.
  599. 590. 593. 598. 600. 596. 600. 604. 558. 549. 563. 563.]]
##############################
[[ 94. 124. 182. 206. 228. 244. 253. 274. 273. 284. 272. 294. 299. 295.
  306. 312. 329. 325. 328. 332. 324. 336. 339. 348. 332. 343. 340. 331.
  349. 350. 352. 343. 352. 351. 350. 351. 342. 325. 322. 333.]
 [553. 685. 716. 723. 727. 734. 734. 736. 738. 739. 740. 742. 741. 740.
  741. 740. 745. 744. 744. 745. 748. 744. 745. 744. 744. 745. 745. 743.
  743. 746. 745. 742. 744. 743. 743. 743. 743. 695. 694. 695.]
 [159. 248. 332. 381. 408. 437. 454. 471. 476. 490. 511. 512. 516. 528.
  544. 542. 545. 552. 563. 564. 560. 563. 566. 579. 571. 578. 581. 593.
  590. 585. 578. 590. 582. 585. 585. 596. 601. 558. 558. 568.]
 [221. 332. 395. 440. 472. 488. 512. 515. 529. 530. 528. 546. 551. 573.
  573. 555. 577. 575. 577. 584. 580. 580. 580. 586. 588. 591. 588. 595.
  599. 590. 593. 598. 600. 596. 600. 604. 601. 549. 563. 563.]]
##############################
[[ 94. 124. 182. 206. 228. 244. 253. 274. 273. 284. 272. 294. 299. 295.
  306. 312. 329. 325. 328. 332. 324. 336. 339. 348. 332. 343. 340. 331.
  349. 350. 352. 343. 352. 351. 350. 351. 342. 342. 322. 333.]
 [553. 685. 716. 723. 727. 734. 734. 736. 738. 739. 740. 742. 741. 740.
  741. 740. 745. 744. 744. 745. 748. 744. 745. 744. 744. 745. 745. 743.
  743. 746. 745. 742. 744. 743. 743. 743. 743. 745. 694. 695.]
 [159. 248. 332. 381. 408. 437. 454. 471. 476. 490. 511. 512. 516. 528.
  544. 542. 545. 552. 563. 564. 560. 563. 566. 579. 571. 578. 581. 593.
  590. 585. 578. 590. 582. 585. 585. 596. 601. 601. 558. 568.]
 [221. 332. 395. 440. 472. 488. 512. 515. 529. 530. 528. 546. 551. 573.
  573. 555. 577. 575. 577. 584. 580. 580. 580. 586. 588. 591. 588. 595.
  599. 590. 593. 598. 600. 596. 600. 604. 601. 592. 563. 563.]]
##############################
[[ 94. 124. 182. 206. 228. 244. 253. 274. 273. 284. 272. 294. 299. 295.
  306. 312. 329. 325. 328. 332. 324. 336. 339. 348. 332. 343. 340. 331.
  349. 350. 352. 343. 352. 351. 350. 351. 342. 342. 344. 333.]
 [553. 685. 716. 723. 727. 734. 734. 736. 738. 739. 740. 742. 741. 740.
  741. 740. 745. 744. 744. 745. 748. 744. 745. 744. 744. 745. 745. 743.
  743. 746. 745. 742. 744. 743. 743. 743. 743. 745. 744. 695.]
 [159. 248. 332. 381. 408. 437. 454. 471. 476. 490. 511. 512. 516. 528.
  544. 542. 545. 552. 563. 564. 560. 563. 566. 579. 571. 578. 581. 593.
  590. 585. 578. 590. 582. 585. 585. 596. 601. 601. 598. 568.]
 [221. 332. 395. 440. 472. 488. 512. 515. 529. 530. 528. 546. 551. 573.
  573. 555. 577. 575. 577. 584. 580. 580. 580. 586. 588. 591. 588. 595.
  599. 590. 593. 598. 600. 596. 600. 604. 601. 592. 604. 563.]]
##############################
[[ 94. 124. 182. 206. 228. 244. 253. 274. 273. 284. 272. 294. 299. 295.
  306. 312. 329. 325. 328. 332. 324. 336. 339. 348. 332. 343. 340. 331.
  349. 350. 352. 343. 352. 351. 350. 351. 342. 342. 344. 356.]
 [553. 685. 716. 723. 727. 734. 734. 736. 738. 739. 740. 742. 741. 740.
  741. 740. 745. 744. 744. 745. 748. 744. 745. 744. 744. 745. 745. 743.
  743. 746. 745. 742. 744. 743. 743. 743. 743. 745. 744. 745.]
 [159. 248. 332. 381. 408. 437. 454. 471. 476. 490. 511. 512. 516. 528.
  544. 542. 545. 552. 563. 564. 560. 563. 566. 579. 571. 578. 581. 593.
  590. 585. 578. 590. 582. 585. 585. 596. 601. 601. 598. 609.]
 [221. 332. 395. 440. 472. 488. 512. 515. 529. 530. 528. 546. 551. 573.
  573. 555. 577. 575. 577. 584. 580. 580. 580. 586. 588. 591. 588. 595.
  599. 590. 593. 598. 600. 596. 600. 604. 601. 592. 604. 606.]]
##############################
##################################################
##################################################
starting :16 batch
[[102. 124. 182. 206. 228. 244. 253. 274. 273. 284. 272. 294. 299. 295.
  306. 312. 329. 325. 328. 332. 324. 336. 339. 348. 332. 343. 340. 331.
  349. 350. 352. 343. 352. 351. 350. 351. 342. 342. 344. 356.]
 [593. 685. 716. 723. 727. 734. 734. 736. 738. 739. 740. 742. 741. 740.
  741. 740. 745. 744. 744. 745. 748. 744. 745. 744. 744. 745. 745. 743.
  743. 746. 745. 742. 744. 743. 743. 743. 743. 745. 744. 745.]
 [176. 248. 332. 381. 408. 437. 454. 471. 476. 490. 511. 512. 516. 528.
  544. 542. 545. 552. 563. 564. 560. 563. 566. 579. 571. 578. 581. 593.
  590. 585. 578. 590. 582. 585. 585. 596. 601. 601. 598. 609.]
 [241. 332. 395. 440. 472. 488. 512. 515. 529. 530. 528. 546. 551. 573.
  573. 555. 577. 575. 577. 584. 580. 580. 580. 586. 588. 591. 588. 595.
  599. 590. 593. 598. 600. 596. 600. 604. 601. 592. 604. 606.]]
##############################
[[102. 134. 182. 206. 228. 244. 253. 274. 273. 284. 272. 294. 299. 295.
  306. 312. 329. 325. 328. 332. 324. 336. 339. 348. 332. 343. 340. 331.
  349. 350. 352. 343. 352. 351. 350. 351. 342. 342. 344. 356.]
 [593. 730. 716. 723. 727. 734. 734. 736. 738. 739. 740. 742. 741. 740.
  741. 740. 745. 744. 744. 745. 748. 744. 745. 744. 744. 745. 745. 743.
  743. 746. 745. 742. 744. 743. 743. 743. 743. 745. 744. 745.]
 [176. 271. 332. 381. 408. 437. 454. 471. 476. 490. 511. 512. 516. 528.
  544. 542. 545. 552. 563. 564. 560. 563. 566. 579. 571. 578. 581. 593.
  590. 585. 578. 590. 582. 585. 585. 596. 601. 601. 598. 609.]
 [241. 356. 395. 440. 472. 488. 512. 515. 529. 530. 528. 546. 551. 573.
  573. 555. 577. 575. 577. 584. 580. 580. 580. 586. 588. 591. 588. 595.
  599. 590. 593. 598. 600. 596. 600. 604. 601. 592. 604. 606.]]
##############################
[[102. 134. 199. 206. 228. 244. 253. 274. 273. 284. 272. 294. 299. 295.
  306. 312. 329. 325. 328. 332. 324. 336. 339. 348. 332. 343. 340. 331.
  349. 350. 352. 343. 352. 351. 350. 351. 342. 342. 344. 356.]
 [593. 730. 764. 723. 727. 734. 734. 736. 738. 739. 740. 742. 741. 740.
  741. 740. 745. 744. 744. 745. 748. 744. 745. 744. 744. 745. 745. 743.
  743. 746. 745. 742. 744. 743. 743. 743. 743. 745. 744. 745.]
 [176. 271. 357. 381. 408. 437. 454. 471. 476. 490. 511. 512. 516. 528.
  544. 542. 545. 552. 563. 564. 560. 563. 566. 579. 571. 578. 581. 593.
  590. 585. 578. 590. 582. 585. 585. 596. 601. 601. 598. 609.]
 [241. 356. 424. 440. 472. 488. 512. 515. 529. 530. 528. 546. 551. 573.
  573. 555. 577. 575. 577. 584. 580. 580. 580. 586. 588. 591. 588. 595.
  599. 590. 593. 598. 600. 596. 600. 604. 601. 592. 604. 606.]]
##############################
[[102. 134. 199. 224. 228. 244. 253. 274. 273. 284. 272. 294. 299. 295.
  306. 312. 329. 325. 328. 332. 324. 336. 339. 348. 332. 343. 340. 331.
  349. 350. 352. 343. 352. 351. 350. 351. 342. 342. 344. 356.]
 [593. 730. 764. 772. 727. 734. 734. 736. 738. 739. 740. 742. 741. 740.
  741. 740. 745. 744. 744. 745. 748. 744. 745. 744. 744. 745. 745. 743.
  743. 746. 745. 742. 744. 743. 743. 743. 743. 745. 744. 745.]
 [176. 271. 357. 413. 408. 437. 454. 471. 476. 490. 511. 512. 516. 528.
  544. 542. 545. 552. 563. 564. 560. 563. 566. 579. 571. 578. 581. 593.
  590. 585. 578. 590. 582. 585. 585. 596. 601. 601. 598. 609.]
 [241. 356. 424. 470. 472. 488. 512. 515. 529. 530. 528. 546. 551. 573.
  573. 555. 577. 575. 577. 584. 580. 580. 580. 586. 588. 591. 588. 595.
  599. 590. 593. 598. 600. 596. 600. 604. 601. 592. 604. 606.]]
##############################
[[102. 134. 199. 224. 247. 244. 253. 274. 273. 284. 272. 294. 299. 295.
  306. 312. 329. 325. 328. 332. 324. 336. 339. 348. 332. 343. 340. 331.
  349. 350. 352. 343. 352. 351. 350. 351. 342. 342. 344. 356.]
 [593. 730. 764. 772. 775. 734. 734. 736. 738. 739. 740. 742. 741. 740.
  741. 740. 745. 744. 744. 745. 748. 744. 745. 744. 744. 745. 745. 743.
  743. 746. 745. 742. 744. 743. 743. 743. 743. 745. 744. 745.]
 [176. 271. 357. 413. 439. 437. 454. 471. 476. 490. 511. 512. 516. 528.
  544. 542. 545. 552. 563. 564. 560. 563. 566. 579. 571. 578. 581. 593.
  590. 585. 578. 590. 582. 585. 585. 596. 601. 601. 598. 609.]
 [241. 356. 424. 470. 506. 488. 512. 515. 529. 530. 528. 546. 551. 573.
  573. 555. 577. 575. 577. 584. 580. 580. 580. 586. 588. 591. 588. 595.
  599. 590. 593. 598. 600. 596. 600. 604. 601. 592. 604. 606.]]
##############################
[[102. 134. 199. 224. 247. 261. 253. 274. 273. 284. 272. 294. 299. 295.
  306. 312. 329. 325. 328. 332. 324. 336. 339. 348. 332. 343. 340. 331.
  349. 350. 352. 343. 352. 351. 350. 351. 342. 342. 344. 356.]
 [593. 730. 764. 772. 775. 784. 734. 736. 738. 739. 740. 742. 741. 740.
  741. 740. 745. 744. 744. 745. 748. 744. 745. 744. 744. 745. 745. 743.
  743. 746. 745. 742. 744. 743. 743. 743. 743. 745. 744. 745.]
 [176. 271. 357. 413. 439. 469. 454. 471. 476. 490. 511. 512. 516. 528.
  544. 542. 545. 552. 563. 564. 560. 563. 566. 579. 571. 578. 581. 593.
  590. 585. 578. 590. 582. 585. 585. 596. 601. 601. 598. 609.]
 [241. 356. 424. 470. 506. 522. 512. 515. 529. 530. 528. 546. 551. 573.
  573. 555. 577. 575. 577. 584. 580. 580. 580. 586. 588. 591. 588. 595.
  599. 590. 593. 598. 600. 596. 600. 604. 601. 592. 604. 606.]]
##############################
[[102. 134. 199. 224. 247. 261. 274. 274. 273. 284. 272. 294. 299. 295.
  306. 312. 329. 325. 328. 332. 324. 336. 339. 348. 332. 343. 340. 331.
  349. 350. 352. 343. 352. 351. 350. 351. 342. 342. 344. 356.]
 [593. 730. 764. 772. 775. 784. 784. 736. 738. 739. 740. 742. 741. 740.
  741. 740. 745. 744. 744. 745. 748. 744. 745. 744. 744. 745. 745. 743.
  743. 746. 745. 742. 744. 743. 743. 743. 743. 745. 744. 745.]
 [176. 271. 357. 413. 439. 469. 489. 471. 476. 490. 511. 512. 516. 528.
  544. 542. 545. 552. 563. 564. 560. 563. 566. 579. 571. 578. 581. 593.
  590. 585. 578. 590. 582. 585. 585. 596. 601. 601. 598. 609.]
 [241. 356. 424. 470. 506. 522. 547. 515. 529. 530. 528. 546. 551. 573.
  573. 555. 577. 575. 577. 584. 580. 580. 580. 586. 588. 591. 588. 595.
  599. 590. 593. 598. 600. 596. 600. 604. 601. 592. 604. 606.]]
##############################
[[102. 134. 199. 224. 247. 261. 274. 298. 273. 284. 272. 294. 299. 295.
  306. 312. 329. 325. 328. 332. 324. 336. 339. 348. 332. 343. 340. 331.
  349. 350. 352. 343. 352. 351. 350. 351. 342. 342. 344. 356.]
 [593. 730. 764. 772. 775. 784. 784. 785. 738. 739. 740. 742. 741. 740.
  741. 740. 745. 744. 744. 745. 748. 744. 745. 744. 744. 745. 745. 743.
  743. 746. 745. 742. 744. 743. 743. 743. 743. 745. 744. 745.]
 [176. 271. 357. 413. 439. 469. 489. 506. 476. 490. 511. 512. 516. 528.
  544. 542. 545. 552. 563. 564. 560. 563. 566. 579. 571. 578. 581. 593.
  590. 585. 578. 590. 582. 585. 585. 596. 601. 601. 598. 609.]
 [241. 356. 424. 470. 506. 522. 547. 552. 529. 530. 528. 546. 551. 573.
  573. 555. 577. 575. 577. 584. 580. 580. 580. 586. 588. 591. 588. 595.
  599. 590. 593. 598. 600. 596. 600. 604. 601. 592. 604. 606.]]
##############################
[[102. 134. 199. 224. 247. 261. 274. 298. 296. 284. 272. 294. 299. 295.
  306. 312. 329. 325. 328. 332. 324. 336. 339. 348. 332. 343. 340. 331.
  349. 350. 352. 343. 352. 351. 350. 351. 342. 342. 344. 356.]
 [593. 730. 764. 772. 775. 784. 784. 785. 787. 739. 740. 742. 741. 740.
  741. 740. 745. 744. 744. 745. 748. 744. 745. 744. 744. 745. 745. 743.
  743. 746. 745. 742. 744. 743. 743. 743. 743. 745. 744. 745.]
 [176. 271. 357. 413. 439. 469. 489. 506. 513. 490. 511. 512. 516. 528.
  544. 542. 545. 552. 563. 564. 560. 563. 566. 579. 571. 578. 581. 593.
  590. 585. 578. 590. 582. 585. 585. 596. 601. 601. 598. 609.]
 [241. 356. 424. 470. 506. 522. 547. 552. 565. 530. 528. 546. 551. 573.
  573. 555. 577. 575. 577. 584. 580. 580. 580. 586. 588. 591. 588. 595.
  599. 590. 593. 598. 600. 596. 600. 604. 601. 592. 604. 606.]]
##############################
[[102. 134. 199. 224. 247. 261. 274. 298. 296. 305. 272. 294. 299. 295.
  306. 312. 329. 325. 328. 332. 324. 336. 339. 348. 332. 343. 340. 331.
  349. 350. 352. 343. 352. 351. 350. 351. 342. 342. 344. 356.]
 [593. 730. 764. 772. 775. 784. 784. 785. 787. 788. 740. 742. 741. 740.
  741. 740. 745. 744. 744. 745. 748. 744. 745. 744. 744. 745. 745. 743.
  743. 746. 745. 742. 744. 743. 743. 743. 743. 745. 744. 745.]
 [176. 271. 357. 413. 439. 469. 489. 506. 513. 529. 511. 512. 516. 528.
  544. 542. 545. 552. 563. 564. 560. 563. 566. 579. 571. 578. 581. 593.
  590. 585. 578. 590. 582. 585. 585. 596. 601. 601. 598. 609.]
 [241. 356. 424. 470. 506. 522. 547. 552. 565. 568. 528. 546. 551. 573.
  573. 555. 577. 575. 577. 584. 580. 580. 580. 586. 588. 591. 588. 595.
  599. 590. 593. 598. 600. 596. 600. 604. 601. 592. 604. 606.]]
##############################
[[102. 134. 199. 224. 247. 261. 274. 298. 296. 305. 295. 294. 299. 295.
  306. 312. 329. 325. 328. 332. 324. 336. 339. 348. 332. 343. 340. 331.
  349. 350. 352. 343. 352. 351. 350. 351. 342. 342. 344. 356.]
 [593. 730. 764. 772. 775. 784. 784. 785. 787. 788. 789. 742. 741. 740.
  741. 740. 745. 744. 744. 745. 748. 744. 745. 744. 744. 745. 745. 743.
  743. 746. 745. 742. 744. 743. 743. 743. 743. 745. 744. 745.]
 [176. 271. 357. 413. 439. 469. 489. 506. 513. 529. 548. 512. 516. 528.
  544. 542. 545. 552. 563. 564. 560. 563. 566. 579. 571. 578. 581. 593.
  590. 585. 578. 590. 582. 585. 585. 596. 601. 601. 598. 609.]
 [241. 356. 424. 470. 506. 522. 547. 552. 565. 568. 565. 546. 551. 573.
  573. 555. 577. 575. 577. 584. 580. 580. 580. 586. 588. 591. 588. 595.
  599. 590. 593. 598. 600. 596. 600. 604. 601. 592. 604. 606.]]
##############################
[[102. 134. 199. 224. 247. 261. 274. 298. 296. 305. 295. 315. 299. 295.
  306. 312. 329. 325. 328. 332. 324. 336. 339. 348. 332. 343. 340. 331.
  349. 350. 352. 343. 352. 351. 350. 351. 342. 342. 344. 356.]
 [593. 730. 764. 772. 775. 784. 784. 785. 787. 788. 789. 791. 741. 740.
  741. 740. 745. 744. 744. 745. 748. 744. 745. 744. 744. 745. 745. 743.
  743. 746. 745. 742. 744. 743. 743. 743. 743. 745. 744. 745.]
 [176. 271. 357. 413. 439. 469. 489. 506. 513. 529. 548. 549. 516. 528.
  544. 542. 545. 552. 563. 564. 560. 563. 566. 579. 571. 578. 581. 593.
  590. 585. 578. 590. 582. 585. 585. 596. 601. 601. 598. 609.]
 [241. 356. 424. 470. 506. 522. 547. 552. 565. 568. 565. 586. 551. 573.
  573. 555. 577. 575. 577. 584. 580. 580. 580. 586. 588. 591. 588. 595.
  599. 590. 593. 598. 600. 596. 600. 604. 601. 592. 604. 606.]]
##############################
[[102. 134. 199. 224. 247. 261. 274. 298. 296. 305. 295. 315. 323. 295.
  306. 312. 329. 325. 328. 332. 324. 336. 339. 348. 332. 343. 340. 331.
  349. 350. 352. 343. 352. 351. 350. 351. 342. 342. 344. 356.]
 [593. 730. 764. 772. 775. 784. 784. 785. 787. 788. 789. 791. 790. 740.
  741. 740. 745. 744. 744. 745. 748. 744. 745. 744. 744. 745. 745. 743.
  743. 746. 745. 742. 744. 743. 743. 743. 743. 745. 744. 745.]
 [176. 271. 357. 413. 439. 469. 489. 506. 513. 529. 548. 549. 554. 528.
  544. 542. 545. 552. 563. 564. 560. 563. 566. 579. 571. 578. 581. 593.
  590. 585. 578. 590. 582. 585. 585. 596. 601. 601. 598. 609.]
 [241. 356. 424. 470. 506. 522. 547. 552. 565. 568. 565. 586. 592. 573.
  573. 555. 577. 575. 577. 584. 580. 580. 580. 586. 588. 591. 588. 595.
  599. 590. 593. 598. 600. 596. 600. 604. 601. 592. 604. 606.]]
##############################
[[102. 134. 199. 224. 247. 261. 274. 298. 296. 305. 295. 315. 323. 320.
  306. 312. 329. 325. 328. 332. 324. 336. 339. 348. 332. 343. 340. 331.
  349. 350. 352. 343. 352. 351. 350. 351. 342. 342. 344. 356.]
 [593. 730. 764. 772. 775. 784. 784. 785. 787. 788. 789. 791. 790. 789.
  741. 740. 745. 744. 744. 745. 748. 744. 745. 744. 744. 745. 745. 743.
  743. 746. 745. 742. 744. 743. 743. 743. 743. 745. 744. 745.]
 [176. 271. 357. 413. 439. 469. 489. 506. 513. 529. 548. 549. 554. 566.
  544. 542. 545. 552. 563. 564. 560. 563. 566. 579. 571. 578. 581. 593.
  590. 585. 578. 590. 582. 585. 585. 596. 601. 601. 598. 609.]
 [241. 356. 424. 470. 506. 522. 547. 552. 565. 568. 565. 586. 592. 615.
  573. 555. 577. 575. 577. 584. 580. 580. 580. 586. 588. 591. 588. 595.
  599. 590. 593. 598. 600. 596. 600. 604. 601. 592. 604. 606.]]
##############################
[[102. 134. 199. 224. 247. 261. 274. 298. 296. 305. 295. 315. 323. 320.
  329. 312. 329. 325. 328. 332. 324. 336. 339. 348. 332. 343. 340. 331.
  349. 350. 352. 343. 352. 351. 350. 351. 342. 342. 344. 356.]
 [593. 730. 764. 772. 775. 784. 784. 785. 787. 788. 789. 791. 790. 789.
  790. 740. 745. 744. 744. 745. 748. 744. 745. 744. 744. 745. 745. 743.
  743. 746. 745. 742. 744. 743. 743. 743. 743. 745. 744. 745.]
 [176. 271. 357. 413. 439. 469. 489. 506. 513. 529. 548. 549. 554. 566.
  581. 542. 545. 552. 563. 564. 560. 563. 566. 579. 571. 578. 581. 593.
  590. 585. 578. 590. 582. 585. 585. 596. 601. 601. 598. 609.]
 [241. 356. 424. 470. 506. 522. 547. 552. 565. 568. 565. 586. 592. 615.
  612. 555. 577. 575. 577. 584. 580. 580. 580. 586. 588. 591. 588. 595.
  599. 590. 593. 598. 600. 596. 600. 604. 601. 592. 604. 606.]]
##############################
[[102. 134. 199. 224. 247. 261. 274. 298. 296. 305. 295. 315. 323. 320.
  329. 338. 329. 325. 328. 332. 324. 336. 339. 348. 332. 343. 340. 331.
  349. 350. 352. 343. 352. 351. 350. 351. 342. 342. 344. 356.]
 [593. 730. 764. 772. 775. 784. 784. 785. 787. 788. 789. 791. 790. 789.
  790. 789. 745. 744. 744. 745. 748. 744. 745. 744. 744. 745. 745. 743.
  743. 746. 745. 742. 744. 743. 743. 743. 743. 745. 744. 745.]
 [176. 271. 357. 413. 439. 469. 489. 506. 513. 529. 548. 549. 554. 566.
  581. 581. 545. 552. 563. 564. 560. 563. 566. 579. 571. 578. 581. 593.
  590. 585. 578. 590. 582. 585. 585. 596. 601. 601. 598. 609.]
 [241. 356. 424. 470. 506. 522. 547. 552. 565. 568. 565. 586. 592. 615.
  612. 596. 577. 575. 577. 584. 580. 580. 580. 586. 588. 591. 588. 595.
  599. 590. 593. 598. 600. 596. 600. 604. 601. 592. 604. 606.]]
##############################
[[102. 134. 199. 224. 247. 261. 274. 298. 296. 305. 295. 315. 323. 320.
  329. 338. 352. 325. 328. 332. 324. 336. 339. 348. 332. 343. 340. 331.
  349. 350. 352. 343. 352. 351. 350. 351. 342. 342. 344. 356.]
 [593. 730. 764. 772. 775. 784. 784. 785. 787. 788. 789. 791. 790. 789.
  790. 789. 793. 744. 744. 745. 748. 744. 745. 744. 744. 745. 745. 743.
  743. 746. 745. 742. 744. 743. 743. 743. 743. 745. 744. 745.]
 [176. 271. 357. 413. 439. 469. 489. 506. 513. 529. 548. 549. 554. 566.
  581. 581. 585. 552. 563. 564. 560. 563. 566. 579. 571. 578. 581. 593.
  590. 585. 578. 590. 582. 585. 585. 596. 601. 601. 598. 609.]
 [241. 356. 424. 470. 506. 522. 547. 552. 565. 568. 565. 586. 592. 615.
  612. 596. 618. 575. 577. 584. 580. 580. 580. 586. 588. 591. 588. 595.
  599. 590. 593. 598. 600. 596. 600. 604. 601. 592. 604. 606.]]
##############################
[[102. 134. 199. 224. 247. 261. 274. 298. 296. 305. 295. 315. 323. 320.
  329. 338. 352. 351. 328. 332. 324. 336. 339. 348. 332. 343. 340. 331.
  349. 350. 352. 343. 352. 351. 350. 351. 342. 342. 344. 356.]
 [593. 730. 764. 772. 775. 784. 784. 785. 787. 788. 789. 791. 790. 789.
  790. 789. 793. 793. 744. 745. 748. 744. 745. 744. 744. 745. 745. 743.
  743. 746. 745. 742. 744. 743. 743. 743. 743. 745. 744. 745.]
 [176. 271. 357. 413. 439. 469. 489. 506. 513. 529. 548. 549. 554. 566.
  581. 581. 585. 592. 563. 564. 560. 563. 566. 579. 571. 578. 581. 593.
  590. 585. 578. 590. 582. 585. 585. 596. 601. 601. 598. 609.]
 [241. 356. 424. 470. 506. 522. 547. 552. 565. 568. 565. 586. 592. 615.
  612. 596. 618. 614. 577. 584. 580. 580. 580. 586. 588. 591. 588. 595.
  599. 590. 593. 598. 600. 596. 600. 604. 601. 592. 604. 606.]]
##############################
[[102. 134. 199. 224. 247. 261. 274. 298. 296. 305. 295. 315. 323. 320.
  329. 338. 352. 351. 354. 332. 324. 336. 339. 348. 332. 343. 340. 331.
  349. 350. 352. 343. 352. 351. 350. 351. 342. 342. 344. 356.]
 [593. 730. 764. 772. 775. 784. 784. 785. 787. 788. 789. 791. 790. 789.
  790. 789. 793. 793. 793. 745. 748. 744. 745. 744. 744. 745. 745. 743.
  743. 746. 745. 742. 744. 743. 743. 743. 743. 745. 744. 745.]
 [176. 271. 357. 413. 439. 469. 489. 506. 513. 529. 548. 549. 554. 566.
  581. 581. 585. 592. 604. 564. 560. 563. 566. 579. 571. 578. 581. 593.
  590. 585. 578. 590. 582. 585. 585. 596. 601. 601. 598. 609.]
 [241. 356. 424. 470. 506. 522. 547. 552. 565. 568. 565. 586. 592. 615.
  612. 596. 618. 614. 614. 584. 580. 580. 580. 586. 588. 591. 588. 595.
  599. 590. 593. 598. 600. 596. 600. 604. 601. 592. 604. 606.]]
##############################
[[102. 134. 199. 224. 247. 261. 274. 298. 296. 305. 295. 315. 323. 320.
  329. 338. 352. 351. 354. 354. 324. 336. 339. 348. 332. 343. 340. 331.
  349. 350. 352. 343. 352. 351. 350. 351. 342. 342. 344. 356.]
 [593. 730. 764. 772. 775. 784. 784. 785. 787. 788. 789. 791. 790. 789.
  790. 789. 793. 793. 793. 794. 748. 744. 745. 744. 744. 745. 745. 743.
  743. 746. 745. 742. 744. 743. 743. 743. 743. 745. 744. 745.]
 [176. 271. 357. 413. 439. 469. 489. 506. 513. 529. 548. 549. 554. 566.
  581. 581. 585. 592. 604. 606. 560. 563. 566. 579. 571. 578. 581. 593.
  590. 585. 578. 590. 582. 585. 585. 596. 601. 601. 598. 609.]
 [241. 356. 424. 470. 506. 522. 547. 552. 565. 568. 565. 586. 592. 615.
  612. 596. 618. 614. 614. 625. 580. 580. 580. 586. 588. 591. 588. 595.
  599. 590. 593. 598. 600. 596. 600. 604. 601. 592. 604. 606.]]
##############################
[[102. 134. 199. 224. 247. 261. 274. 298. 296. 305. 295. 315. 323. 320.
  329. 338. 352. 351. 354. 354. 348. 336. 339. 348. 332. 343. 340. 331.
  349. 350. 352. 343. 352. 351. 350. 351. 342. 342. 344. 356.]
 [593. 730. 764. 772. 775. 784. 784. 785. 787. 788. 789. 791. 790. 789.
  790. 789. 793. 793. 793. 794. 798. 744. 745. 744. 744. 745. 745. 743.
  743. 746. 745. 742. 744. 743. 743. 743. 743. 745. 744. 745.]
 [176. 271. 357. 413. 439. 469. 489. 506. 513. 529. 548. 549. 554. 566.
  581. 581. 585. 592. 604. 606. 601. 563. 566. 579. 571. 578. 581. 593.
  590. 585. 578. 590. 582. 585. 585. 596. 601. 601. 598. 609.]
 [241. 356. 424. 470. 506. 522. 547. 552. 565. 568. 565. 586. 592. 615.
  612. 596. 618. 614. 614. 625. 619. 580. 580. 586. 588. 591. 588. 595.
  599. 590. 593. 598. 600. 596. 600. 604. 601. 592. 604. 606.]]
##############################
[[102. 134. 199. 224. 247. 261. 274. 298. 296. 305. 295. 315. 323. 320.
  329. 338. 352. 351. 354. 354. 348. 361. 339. 348. 332. 343. 340. 331.
  349. 350. 352. 343. 352. 351. 350. 351. 342. 342. 344. 356.]
 [593. 730. 764. 772. 775. 784. 784. 785. 787. 788. 789. 791. 790. 789.
  790. 789. 793. 793. 793. 794. 798. 794. 745. 744. 744. 745. 745. 743.
  743. 746. 745. 742. 744. 743. 743. 743. 743. 745. 744. 745.]
 [176. 271. 357. 413. 439. 469. 489. 506. 513. 529. 548. 549. 554. 566.
  581. 581. 585. 592. 604. 606. 601. 601. 566. 579. 571. 578. 581. 593.
  590. 585. 578. 590. 582. 585. 585. 596. 601. 601. 598. 609.]
 [241. 356. 424. 470. 506. 522. 547. 552. 565. 568. 565. 586. 592. 615.
  612. 596. 618. 614. 614. 625. 619. 619. 580. 586. 588. 591. 588. 595.
  599. 590. 593. 598. 600. 596. 600. 604. 601. 592. 604. 606.]]
##############################
[[102. 134. 199. 224. 247. 261. 274. 298. 296. 305. 295. 315. 323. 320.
  329. 338. 352. 351. 354. 354. 348. 361. 362. 348. 332. 343. 340. 331.
  349. 350. 352. 343. 352. 351. 350. 351. 342. 342. 344. 356.]
 [593. 730. 764. 772. 775. 784. 784. 785. 787. 788. 789. 791. 790. 789.
  790. 789. 793. 793. 793. 794. 798. 794. 794. 744. 744. 745. 745. 743.
  743. 746. 745. 742. 744. 743. 743. 743. 743. 745. 744. 745.]
 [176. 271. 357. 413. 439. 469. 489. 506. 513. 529. 548. 549. 554. 566.
  581. 581. 585. 592. 604. 606. 601. 601. 607. 579. 571. 578. 581. 593.
  590. 585. 578. 590. 582. 585. 585. 596. 601. 601. 598. 609.]
 [241. 356. 424. 470. 506. 522. 547. 552. 565. 568. 565. 586. 592. 615.
  612. 596. 618. 614. 614. 625. 619. 619. 618. 586. 588. 591. 588. 595.
  599. 590. 593. 598. 600. 596. 600. 604. 601. 592. 604. 606.]]
##############################
[[102. 134. 199. 224. 247. 261. 274. 298. 296. 305. 295. 315. 323. 320.
  329. 338. 352. 351. 354. 354. 348. 361. 362. 373. 332. 343. 340. 331.
  349. 350. 352. 343. 352. 351. 350. 351. 342. 342. 344. 356.]
 [593. 730. 764. 772. 775. 784. 784. 785. 787. 788. 789. 791. 790. 789.
  790. 789. 793. 793. 793. 794. 798. 794. 794. 793. 744. 745. 745. 743.
  743. 746. 745. 742. 744. 743. 743. 743. 743. 745. 744. 745.]
 [176. 271. 357. 413. 439. 469. 489. 506. 513. 529. 548. 549. 554. 566.
  581. 581. 585. 592. 604. 606. 601. 601. 607. 619. 571. 578. 581. 593.
  590. 585. 578. 590. 582. 585. 585. 596. 601. 601. 598. 609.]
 [241. 356. 424. 470. 506. 522. 547. 552. 565. 568. 565. 586. 592. 615.
  612. 596. 618. 614. 614. 625. 619. 619. 618. 625. 588. 591. 588. 595.
  599. 590. 593. 598. 600. 596. 600. 604. 601. 592. 604. 606.]]
##############################
[[102. 134. 199. 224. 247. 261. 274. 298. 296. 305. 295. 315. 323. 320.
  329. 338. 352. 351. 354. 354. 348. 361. 362. 373. 356. 343. 340. 331.
  349. 350. 352. 343. 352. 351. 350. 351. 342. 342. 344. 356.]
 [593. 730. 764. 772. 775. 784. 784. 785. 787. 788. 789. 791. 790. 789.
  790. 789. 793. 793. 793. 794. 798. 794. 794. 793. 793. 745. 745. 743.
  743. 746. 745. 742. 744. 743. 743. 743. 743. 745. 744. 745.]
 [176. 271. 357. 413. 439. 469. 489. 506. 513. 529. 548. 549. 554. 566.
  581. 581. 585. 592. 604. 606. 601. 601. 607. 619. 610. 578. 581. 593.
  590. 585. 578. 590. 582. 585. 585. 596. 601. 601. 598. 609.]
 [241. 356. 424. 470. 506. 522. 547. 552. 565. 568. 565. 586. 592. 615.
  612. 596. 618. 614. 614. 625. 619. 619. 618. 625. 626. 591. 588. 595.
  599. 590. 593. 598. 600. 596. 600. 604. 601. 592. 604. 606.]]
##############################
[[102. 134. 199. 224. 247. 261. 274. 298. 296. 305. 295. 315. 323. 320.
  329. 338. 352. 351. 354. 354. 348. 361. 362. 373. 356. 364. 340. 331.
  349. 350. 352. 343. 352. 351. 350. 351. 342. 342. 344. 356.]
 [593. 730. 764. 772. 775. 784. 784. 785. 787. 788. 789. 791. 790. 789.
  790. 789. 793. 793. 793. 794. 798. 794. 794. 793. 793. 794. 745. 743.
  743. 746. 745. 742. 744. 743. 743. 743. 743. 745. 744. 745.]
 [176. 271. 357. 413. 439. 469. 489. 506. 513. 529. 548. 549. 554. 566.
  581. 581. 585. 592. 604. 606. 601. 601. 607. 619. 610. 617. 581. 593.
  590. 585. 578. 590. 582. 585. 585. 596. 601. 601. 598. 609.]
 [241. 356. 424. 470. 506. 522. 547. 552. 565. 568. 565. 586. 592. 615.
  612. 596. 618. 614. 614. 625. 619. 619. 618. 625. 626. 631. 588. 595.
  599. 590. 593. 598. 600. 596. 600. 604. 601. 592. 604. 606.]]
##############################
[[102. 134. 199. 224. 247. 261. 274. 298. 296. 305. 295. 315. 323. 320.
  329. 338. 352. 351. 354. 354. 348. 361. 362. 373. 356. 364. 365. 331.
  349. 350. 352. 343. 352. 351. 350. 351. 342. 342. 344. 356.]
 [593. 730. 764. 772. 775. 784. 784. 785. 787. 788. 789. 791. 790. 789.
  790. 789. 793. 793. 793. 794. 798. 794. 794. 793. 793. 794. 794. 743.
  743. 746. 745. 742. 744. 743. 743. 743. 743. 745. 744. 745.]
 [176. 271. 357. 413. 439. 469. 489. 506. 513. 529. 548. 549. 554. 566.
  581. 581. 585. 592. 604. 606. 601. 601. 607. 619. 610. 617. 620. 593.
  590. 585. 578. 590. 582. 585. 585. 596. 601. 601. 598. 609.]
 [241. 356. 424. 470. 506. 522. 547. 552. 565. 568. 565. 586. 592. 615.
  612. 596. 618. 614. 614. 625. 619. 619. 618. 625. 626. 631. 628. 595.
  599. 590. 593. 598. 600. 596. 600. 604. 601. 592. 604. 606.]]
##############################
[[102. 134. 199. 224. 247. 261. 274. 298. 296. 305. 295. 315. 323. 320.
  329. 338. 352. 351. 354. 354. 348. 361. 362. 373. 356. 364. 365. 354.
  349. 350. 352. 343. 352. 351. 350. 351. 342. 342. 344. 356.]
 [593. 730. 764. 772. 775. 784. 784. 785. 787. 788. 789. 791. 790. 789.
  790. 789. 793. 793. 793. 794. 798. 794. 794. 793. 793. 794. 794. 792.
  743. 746. 745. 742. 744. 743. 743. 743. 743. 745. 744. 745.]
 [176. 271. 357. 413. 439. 469. 489. 506. 513. 529. 548. 549. 554. 566.
  581. 581. 585. 592. 604. 606. 601. 601. 607. 619. 610. 617. 620. 633.
  590. 585. 578. 590. 582. 585. 585. 596. 601. 601. 598. 609.]
 [241. 356. 424. 470. 506. 522. 547. 552. 565. 568. 565. 586. 592. 615.
  612. 596. 618. 614. 614. 625. 619. 619. 618. 625. 626. 631. 628. 634.
  599. 590. 593. 598. 600. 596. 600. 604. 601. 592. 604. 606.]]
##############################
[[102. 134. 199. 224. 247. 261. 274. 298. 296. 305. 295. 315. 323. 320.
  329. 338. 352. 351. 354. 354. 348. 361. 362. 373. 356. 364. 365. 354.
  371. 350. 352. 343. 352. 351. 350. 351. 342. 342. 344. 356.]
 [593. 730. 764. 772. 775. 784. 784. 785. 787. 788. 789. 791. 790. 789.
  790. 789. 793. 793. 793. 794. 798. 794. 794. 793. 793. 794. 794. 792.
  793. 746. 745. 742. 744. 743. 743. 743. 743. 745. 744. 745.]
 [176. 271. 357. 413. 439. 469. 489. 506. 513. 529. 548. 549. 554. 566.
  581. 581. 585. 592. 604. 606. 601. 601. 607. 619. 610. 617. 620. 633.
  628. 585. 578. 590. 582. 585. 585. 596. 601. 601. 598. 609.]
 [241. 356. 424. 470. 506. 522. 547. 552. 565. 568. 565. 586. 592. 615.
  612. 596. 618. 614. 614. 625. 619. 619. 618. 625. 626. 631. 628. 634.
  637. 590. 593. 598. 600. 596. 600. 604. 601. 592. 604. 606.]]
##############################
[[102. 134. 199. 224. 247. 261. 274. 298. 296. 305. 295. 315. 323. 320.
  329. 338. 352. 351. 354. 354. 348. 361. 362. 373. 356. 364. 365. 354.
  371. 370. 352. 343. 352. 351. 350. 351. 342. 342. 344. 356.]
 [593. 730. 764. 772. 775. 784. 784. 785. 787. 788. 789. 791. 790. 789.
  790. 789. 793. 793. 793. 794. 798. 794. 794. 793. 793. 794. 794. 792.
  793. 796. 745. 742. 744. 743. 743. 743. 743. 745. 744. 745.]
 [176. 271. 357. 413. 439. 469. 489. 506. 513. 529. 548. 549. 554. 566.
  581. 581. 585. 592. 604. 606. 601. 601. 607. 619. 610. 617. 620. 633.
  628. 623. 578. 590. 582. 585. 585. 596. 601. 601. 598. 609.]
 [241. 356. 424. 470. 506. 522. 547. 552. 565. 568. 565. 586. 592. 615.
  612. 596. 618. 614. 614. 625. 619. 619. 618. 625. 626. 631. 628. 634.
  637. 628. 593. 598. 600. 596. 600. 604. 601. 592. 604. 606.]]
##############################
[[102. 134. 199. 224. 247. 261. 274. 298. 296. 305. 295. 315. 323. 320.
  329. 338. 352. 351. 354. 354. 348. 361. 362. 373. 356. 364. 365. 354.
  371. 370. 376. 343. 352. 351. 350. 351. 342. 342. 344. 356.]
 [593. 730. 764. 772. 775. 784. 784. 785. 787. 788. 789. 791. 790. 789.
  790. 789. 793. 793. 793. 794. 798. 794. 794. 793. 793. 794. 794. 792.
  793. 796. 795. 742. 744. 743. 743. 743. 743. 745. 744. 745.]
 [176. 271. 357. 413. 439. 469. 489. 506. 513. 529. 548. 549. 554. 566.
  581. 581. 585. 592. 604. 606. 601. 601. 607. 619. 610. 617. 620. 633.
  628. 623. 616. 590. 582. 585. 585. 596. 601. 601. 598. 609.]
 [241. 356. 424. 470. 506. 522. 547. 552. 565. 568. 565. 586. 592. 615.
  612. 596. 618. 614. 614. 625. 619. 619. 618. 625. 626. 631. 628. 634.
  637. 628. 635. 598. 600. 596. 600. 604. 601. 592. 604. 606.]]
##############################
[[102. 134. 199. 224. 247. 261. 274. 298. 296. 305. 295. 315. 323. 320.
  329. 338. 352. 351. 354. 354. 348. 361. 362. 373. 356. 364. 365. 354.
  371. 370. 376. 369. 352. 351. 350. 351. 342. 342. 344. 356.]
 [593. 730. 764. 772. 775. 784. 784. 785. 787. 788. 789. 791. 790. 789.
  790. 789. 793. 793. 793. 794. 798. 794. 794. 793. 793. 794. 794. 792.
  793. 796. 795. 792. 744. 743. 743. 743. 743. 745. 744. 745.]
 [176. 271. 357. 413. 439. 469. 489. 506. 513. 529. 548. 549. 554. 566.
  581. 581. 585. 592. 604. 606. 601. 601. 607. 619. 610. 617. 620. 633.
  628. 623. 616. 629. 582. 585. 585. 596. 601. 601. 598. 609.]
 [241. 356. 424. 470. 506. 522. 547. 552. 565. 568. 565. 586. 592. 615.
  612. 596. 618. 614. 614. 625. 619. 619. 618. 625. 626. 631. 628. 634.
  637. 628. 635. 640. 600. 596. 600. 604. 601. 592. 604. 606.]]
##############################
[[102. 134. 199. 224. 247. 261. 274. 298. 296. 305. 295. 315. 323. 320.
  329. 338. 352. 351. 354. 354. 348. 361. 362. 373. 356. 364. 365. 354.
  371. 370. 376. 369. 374. 351. 350. 351. 342. 342. 344. 356.]
 [593. 730. 764. 772. 775. 784. 784. 785. 787. 788. 789. 791. 790. 789.
  790. 789. 793. 793. 793. 794. 798. 794. 794. 793. 793. 794. 794. 792.
  793. 796. 795. 792. 794. 743. 743. 743. 743. 745. 744. 745.]
 [176. 271. 357. 413. 439. 469. 489. 506. 513. 529. 548. 549. 554. 566.
  581. 581. 585. 592. 604. 606. 601. 601. 607. 619. 610. 617. 620. 633.
  628. 623. 616. 629. 620. 585. 585. 596. 601. 601. 598. 609.]
 [241. 356. 424. 470. 506. 522. 547. 552. 565. 568. 565. 586. 592. 615.
  612. 596. 618. 614. 614. 625. 619. 619. 618. 625. 626. 631. 628. 634.
  637. 628. 635. 640. 642. 596. 600. 604. 601. 592. 604. 606.]]
##############################
[[102. 134. 199. 224. 247. 261. 274. 298. 296. 305. 295. 315. 323. 320.
  329. 338. 352. 351. 354. 354. 348. 361. 362. 373. 356. 364. 365. 354.
  371. 370. 376. 369. 374. 374. 350. 351. 342. 342. 344. 356.]
 [593. 730. 764. 772. 775. 784. 784. 785. 787. 788. 789. 791. 790. 789.
  790. 789. 793. 793. 793. 794. 798. 794. 794. 793. 793. 794. 794. 792.
  793. 796. 795. 792. 794. 793. 743. 743. 743. 745. 744. 745.]
 [176. 271. 357. 413. 439. 469. 489. 506. 513. 529. 548. 549. 554. 566.
  581. 581. 585. 592. 604. 606. 601. 601. 607. 619. 610. 617. 620. 633.
  628. 623. 616. 629. 620. 624. 585. 596. 601. 601. 598. 609.]
 [241. 356. 424. 470. 506. 522. 547. 552. 565. 568. 565. 586. 592. 615.
  612. 596. 618. 614. 614. 625. 619. 619. 618. 625. 626. 631. 628. 634.
  637. 628. 635. 640. 642. 635. 600. 604. 601. 592. 604. 606.]]
##############################
[[102. 134. 199. 224. 247. 261. 274. 298. 296. 305. 295. 315. 323. 320.
  329. 338. 352. 351. 354. 354. 348. 361. 362. 373. 356. 364. 365. 354.
  371. 370. 376. 369. 374. 374. 372. 351. 342. 342. 344. 356.]
 [593. 730. 764. 772. 775. 784. 784. 785. 787. 788. 789. 791. 790. 789.
  790. 789. 793. 793. 793. 794. 798. 794. 794. 793. 793. 794. 794. 792.
  793. 796. 795. 792. 794. 793. 793. 743. 743. 745. 744. 745.]
 [176. 271. 357. 413. 439. 469. 489. 506. 513. 529. 548. 549. 554. 566.
  581. 581. 585. 592. 604. 606. 601. 601. 607. 619. 610. 617. 620. 633.
  628. 623. 616. 629. 620. 624. 624. 596. 601. 601. 598. 609.]
 [241. 356. 424. 470. 506. 522. 547. 552. 565. 568. 565. 586. 592. 615.
  612. 596. 618. 614. 614. 625. 619. 619. 618. 625. 626. 631. 628. 634.
  637. 628. 635. 640. 642. 635. 640. 604. 601. 592. 604. 606.]]
##############################
[[102. 134. 199. 224. 247. 261. 274. 298. 296. 305. 295. 315. 323. 320.
  329. 338. 352. 351. 354. 354. 348. 361. 362. 373. 356. 364. 365. 354.
  371. 370. 376. 369. 374. 374. 372. 374. 342. 342. 344. 356.]
 [593. 730. 764. 772. 775. 784. 784. 785. 787. 788. 789. 791. 790. 789.
  790. 789. 793. 793. 793. 794. 798. 794. 794. 793. 793. 794. 794. 792.
  793. 796. 795. 792. 794. 793. 793. 793. 743. 745. 744. 745.]
 [176. 271. 357. 413. 439. 469. 489. 506. 513. 529. 548. 549. 554. 566.
  581. 581. 585. 592. 604. 606. 601. 601. 607. 619. 610. 617. 620. 633.
  628. 623. 616. 629. 620. 624. 624. 635. 601. 601. 598. 609.]
 [241. 356. 424. 470. 506. 522. 547. 552. 565. 568. 565. 586. 592. 615.
  612. 596. 618. 614. 614. 625. 619. 619. 618. 625. 626. 631. 628. 634.
  637. 628. 635. 640. 642. 635. 640. 647. 601. 592. 604. 606.]]
##############################
[[102. 134. 199. 224. 247. 261. 274. 298. 296. 305. 295. 315. 323. 320.
  329. 338. 352. 351. 354. 354. 348. 361. 362. 373. 356. 364. 365. 354.
  371. 370. 376. 369. 374. 374. 372. 374. 365. 342. 344. 356.]
 [593. 730. 764. 772. 775. 784. 784. 785. 787. 788. 789. 791. 790. 789.
  790. 789. 793. 793. 793. 794. 798. 794. 794. 793. 793. 794. 794. 792.
  793. 796. 795. 792. 794. 793. 793. 793. 793. 745. 744. 745.]
 [176. 271. 357. 413. 439. 469. 489. 506. 513. 529. 548. 549. 554. 566.
  581. 581. 585. 592. 604. 606. 601. 601. 607. 619. 610. 617. 620. 633.
  628. 623. 616. 629. 620. 624. 624. 635. 642. 601. 598. 609.]
 [241. 356. 424. 470. 506. 522. 547. 552. 565. 568. 565. 586. 592. 615.
  612. 596. 618. 614. 614. 625. 619. 619. 618. 625. 626. 631. 628. 634.
  637. 628. 635. 640. 642. 635. 640. 647. 641. 592. 604. 606.]]
##############################
[[102. 134. 199. 224. 247. 261. 274. 298. 296. 305. 295. 315. 323. 320.
  329. 338. 352. 351. 354. 354. 348. 361. 362. 373. 356. 364. 365. 354.
  371. 370. 376. 369. 374. 374. 372. 374. 365. 365. 344. 356.]
 [593. 730. 764. 772. 775. 784. 784. 785. 787. 788. 789. 791. 790. 789.
  790. 789. 793. 793. 793. 794. 798. 794. 794. 793. 793. 794. 794. 792.
  793. 796. 795. 792. 794. 793. 793. 793. 793. 795. 744. 745.]
 [176. 271. 357. 413. 439. 469. 489. 506. 513. 529. 548. 549. 554. 566.
  581. 581. 585. 592. 604. 606. 601. 601. 607. 619. 610. 617. 620. 633.
  628. 623. 616. 629. 620. 624. 624. 635. 642. 641. 598. 609.]
 [241. 356. 424. 470. 506. 522. 547. 552. 565. 568. 565. 586. 592. 615.
  612. 596. 618. 614. 614. 625. 619. 619. 618. 625. 626. 631. 628. 634.
  637. 628. 635. 640. 642. 635. 640. 647. 641. 630. 604. 606.]]
##############################
[[102. 134. 199. 224. 247. 261. 274. 298. 296. 305. 295. 315. 323. 320.
  329. 338. 352. 351. 354. 354. 348. 361. 362. 373. 356. 364. 365. 354.
  371. 370. 376. 369. 374. 374. 372. 374. 365. 365. 366. 356.]
 [593. 730. 764. 772. 775. 784. 784. 785. 787. 788. 789. 791. 790. 789.
  790. 789. 793. 793. 793. 794. 798. 794. 794. 793. 793. 794. 794. 792.
  793. 796. 795. 792. 794. 793. 793. 793. 793. 795. 794. 745.]
 [176. 271. 357. 413. 439. 469. 489. 506. 513. 529. 548. 549. 554. 566.
  581. 581. 585. 592. 604. 606. 601. 601. 607. 619. 610. 617. 620. 633.
  628. 623. 616. 629. 620. 624. 624. 635. 642. 641. 638. 609.]
 [241. 356. 424. 470. 506. 522. 547. 552. 565. 568. 565. 586. 592. 615.
  612. 596. 618. 614. 614. 625. 619. 619. 618. 625. 626. 631. 628. 634.
  637. 628. 635. 640. 642. 635. 640. 647. 641. 630. 644. 606.]]
##############################
[[102. 134. 199. 224. 247. 261. 274. 298. 296. 305. 295. 315. 323. 320.
  329. 338. 352. 351. 354. 354. 348. 361. 362. 373. 356. 364. 365. 354.
  371. 370. 376. 369. 374. 374. 372. 374. 365. 365. 366. 378.]
 [593. 730. 764. 772. 775. 784. 784. 785. 787. 788. 789. 791. 790. 789.
  790. 789. 793. 793. 793. 794. 798. 794. 794. 793. 793. 794. 794. 792.
  793. 796. 795. 792. 794. 793. 793. 793. 793. 795. 794. 795.]
 [176. 271. 357. 413. 439. 469. 489. 506. 513. 529. 548. 549. 554. 566.
  581. 581. 585. 592. 604. 606. 601. 601. 607. 619. 610. 617. 620. 633.
  628. 623. 616. 629. 620. 624. 624. 635. 642. 641. 638. 648.]
 [241. 356. 424. 470. 506. 522. 547. 552. 565. 568. 565. 586. 592. 615.
  612. 596. 618. 614. 614. 625. 619. 619. 618. 625. 626. 631. 628. 634.
  637. 628. 635. 640. 642. 635. 640. 647. 641. 630. 644. 646.]]
##############################
##################################################
##################################################
starting :17 batch
[[108. 134. 199. 224. 247. 261. 274. 298. 296. 305. 295. 315. 323. 320.
  329. 338. 352. 351. 354. 354. 348. 361. 362. 373. 356. 364. 365. 354.
  371. 370. 376. 369. 374. 374. 372. 374. 365. 365. 366. 378.]
 [622. 730. 764. 772. 775. 784. 784. 785. 787. 788. 789. 791. 790. 789.
  790. 789. 793. 793. 793. 794. 798. 794. 794. 793. 793. 794. 794. 792.
  793. 796. 795. 792. 794. 793. 793. 793. 793. 795. 794. 795.]
 [182. 271. 357. 413. 439. 469. 489. 506. 513. 529. 548. 549. 554. 566.
  581. 581. 585. 592. 604. 606. 601. 601. 607. 619. 610. 617. 620. 633.
  628. 623. 616. 629. 620. 624. 624. 635. 642. 641. 638. 648.]
 [252. 356. 424. 470. 506. 522. 547. 552. 565. 568. 565. 586. 592. 615.
  612. 596. 618. 614. 614. 625. 619. 619. 618. 625. 626. 631. 628. 634.
  637. 628. 635. 640. 642. 635. 640. 647. 641. 630. 644. 646.]]
##############################
[[108. 141. 199. 224. 247. 261. 274. 298. 296. 305. 295. 315. 323. 320.
  329. 338. 352. 351. 354. 354. 348. 361. 362. 373. 356. 364. 365. 354.
  371. 370. 376. 369. 374. 374. 372. 374. 365. 365. 366. 378.]
 [622. 775. 764. 772. 775. 784. 784. 785. 787. 788. 789. 791. 790. 789.
  790. 789. 793. 793. 793. 794. 798. 794. 794. 793. 793. 794. 794. 792.
  793. 796. 795. 792. 794. 793. 793. 793. 793. 795. 794. 795.]
 [182. 284. 357. 413. 439. 469. 489. 506. 513. 529. 548. 549. 554. 566.
  581. 581. 585. 592. 604. 606. 601. 601. 607. 619. 610. 617. 620. 633.
  628. 623. 616. 629. 620. 624. 624. 635. 642. 641. 638. 648.]
 [252. 373. 424. 470. 506. 522. 547. 552. 565. 568. 565. 586. 592. 615.
  612. 596. 618. 614. 614. 625. 619. 619. 618. 625. 626. 631. 628. 634.
  637. 628. 635. 640. 642. 635. 640. 647. 641. 630. 644. 646.]]
##############################
[[108. 141. 209. 224. 247. 261. 274. 298. 296. 305. 295. 315. 323. 320.
  329. 338. 352. 351. 354. 354. 348. 361. 362. 373. 356. 364. 365. 354.
  371. 370. 376. 369. 374. 374. 372. 374. 365. 365. 366. 378.]
 [622. 775. 813. 772. 775. 784. 784. 785. 787. 788. 789. 791. 790. 789.
  790. 789. 793. 793. 793. 794. 798. 794. 794. 793. 793. 794. 794. 792.
  793. 796. 795. 792. 794. 793. 793. 793. 793. 795. 794. 795.]
 [182. 284. 375. 413. 439. 469. 489. 506. 513. 529. 548. 549. 554. 566.
  581. 581. 585. 592. 604. 606. 601. 601. 607. 619. 610. 617. 620. 633.
  628. 623. 616. 629. 620. 624. 624. 635. 642. 641. 638. 648.]
 [252. 373. 443. 470. 506. 522. 547. 552. 565. 568. 565. 586. 592. 615.
  612. 596. 618. 614. 614. 625. 619. 619. 618. 625. 626. 631. 628. 634.
  637. 628. 635. 640. 642. 635. 640. 647. 641. 630. 644. 646.]]
##############################
[[108. 141. 209. 234. 247. 261. 274. 298. 296. 305. 295. 315. 323. 320.
  329. 338. 352. 351. 354. 354. 348. 361. 362. 373. 356. 364. 365. 354.
  371. 370. 376. 369. 374. 374. 372. 374. 365. 365. 366. 378.]
 [622. 775. 813. 821. 775. 784. 784. 785. 787. 788. 789. 791. 790. 789.
  790. 789. 793. 793. 793. 794. 798. 794. 794. 793. 793. 794. 794. 792.
  793. 796. 795. 792. 794. 793. 793. 793. 793. 795. 794. 795.]
 [182. 284. 375. 432. 439. 469. 489. 506. 513. 529. 548. 549. 554. 566.
  581. 581. 585. 592. 604. 606. 601. 601. 607. 619. 610. 617. 620. 633.
  628. 623. 616. 629. 620. 624. 624. 635. 642. 641. 638. 648.]
 [252. 373. 443. 494. 506. 522. 547. 552. 565. 568. 565. 586. 592. 615.
  612. 596. 618. 614. 614. 625. 619. 619. 618. 625. 626. 631. 628. 634.
  637. 628. 635. 640. 642. 635. 640. 647. 641. 630. 644. 646.]]
##############################
[[108. 141. 209. 234. 258. 261. 274. 298. 296. 305. 295. 315. 323. 320.
  329. 338. 352. 351. 354. 354. 348. 361. 362. 373. 356. 364. 365. 354.
  371. 370. 376. 369. 374. 374. 372. 374. 365. 365. 366. 378.]
 [622. 775. 813. 821. 825. 784. 784. 785. 787. 788. 789. 791. 790. 789.
  790. 789. 793. 793. 793. 794. 798. 794. 794. 793. 793. 794. 794. 792.
  793. 796. 795. 792. 794. 793. 793. 793. 793. 795. 794. 795.]
 [182. 284. 375. 432. 459. 469. 489. 506. 513. 529. 548. 549. 554. 566.
  581. 581. 585. 592. 604. 606. 601. 601. 607. 619. 610. 617. 620. 633.
  628. 623. 616. 629. 620. 624. 624. 635. 642. 641. 638. 648.]
 [252. 373. 443. 494. 534. 522. 547. 552. 565. 568. 565. 586. 592. 615.
  612. 596. 618. 614. 614. 625. 619. 619. 618. 625. 626. 631. 628. 634.
  637. 628. 635. 640. 642. 635. 640. 647. 641. 630. 644. 646.]]
##############################
[[108. 141. 209. 234. 258. 273. 274. 298. 296. 305. 295. 315. 323. 320.
  329. 338. 352. 351. 354. 354. 348. 361. 362. 373. 356. 364. 365. 354.
  371. 370. 376. 369. 374. 374. 372. 374. 365. 365. 366. 378.]
 [622. 775. 813. 821. 825. 834. 784. 785. 787. 788. 789. 791. 790. 789.
  790. 789. 793. 793. 793. 794. 798. 794. 794. 793. 793. 794. 794. 792.
  793. 796. 795. 792. 794. 793. 793. 793. 793. 795. 794. 795.]
 [182. 284. 375. 432. 459. 489. 489. 506. 513. 529. 548. 549. 554. 566.
  581. 581. 585. 592. 604. 606. 601. 601. 607. 619. 610. 617. 620. 633.
  628. 623. 616. 629. 620. 624. 624. 635. 642. 641. 638. 648.]
 [252. 373. 443. 494. 534. 549. 547. 552. 565. 568. 565. 586. 592. 615.
  612. 596. 618. 614. 614. 625. 619. 619. 618. 625. 626. 631. 628. 634.
  637. 628. 635. 640. 642. 635. 640. 647. 641. 630. 644. 646.]]
##############################
[[108. 141. 209. 234. 258. 273. 286. 298. 296. 305. 295. 315. 323. 320.
  329. 338. 352. 351. 354. 354. 348. 361. 362. 373. 356. 364. 365. 354.
  371. 370. 376. 369. 374. 374. 372. 374. 365. 365. 366. 378.]
 [622. 775. 813. 821. 825. 834. 834. 785. 787. 788. 789. 791. 790. 789.
  790. 789. 793. 793. 793. 794. 798. 794. 794. 793. 793. 794. 794. 792.
  793. 796. 795. 792. 794. 793. 793. 793. 793. 795. 794. 795.]
 [182. 284. 375. 432. 459. 489. 513. 506. 513. 529. 548. 549. 554. 566.
  581. 581. 585. 592. 604. 606. 601. 601. 607. 619. 610. 617. 620. 633.
  628. 623. 616. 629. 620. 624. 624. 635. 642. 641. 638. 648.]
 [252. 373. 443. 494. 534. 549. 577. 552. 565. 568. 565. 586. 592. 615.
  612. 596. 618. 614. 614. 625. 619. 619. 618. 625. 626. 631. 628. 634.
  637. 628. 635. 640. 642. 635. 640. 647. 641. 630. 644. 646.]]
##############################
[[108. 141. 209. 234. 258. 273. 286. 307. 296. 305. 295. 315. 323. 320.
  329. 338. 352. 351. 354. 354. 348. 361. 362. 373. 356. 364. 365. 354.
  371. 370. 376. 369. 374. 374. 372. 374. 365. 365. 366. 378.]
 [622. 775. 813. 821. 825. 834. 834. 835. 787. 788. 789. 791. 790. 789.
  790. 789. 793. 793. 793. 794. 798. 794. 794. 793. 793. 794. 794. 792.
  793. 796. 795. 792. 794. 793. 793. 793. 793. 795. 794. 795.]
 [182. 284. 375. 432. 459. 489. 513. 526. 513. 529. 548. 549. 554. 566.
  581. 581. 585. 592. 604. 606. 601. 601. 607. 619. 610. 617. 620. 633.
  628. 623. 616. 629. 620. 624. 624. 635. 642. 641. 638. 648.]
 [252. 373. 443. 494. 534. 549. 577. 583. 565. 568. 565. 586. 592. 615.
  612. 596. 618. 614. 614. 625. 619. 619. 618. 625. 626. 631. 628. 634.
  637. 628. 635. 640. 642. 635. 640. 647. 641. 630. 644. 646.]]
##############################
[[108. 141. 209. 234. 258. 273. 286. 307. 308. 305. 295. 315. 323. 320.
  329. 338. 352. 351. 354. 354. 348. 361. 362. 373. 356. 364. 365. 354.
  371. 370. 376. 369. 374. 374. 372. 374. 365. 365. 366. 378.]
 [622. 775. 813. 821. 825. 834. 834. 835. 837. 788. 789. 791. 790. 789.
  790. 789. 793. 793. 793. 794. 798. 794. 794. 793. 793. 794. 794. 792.
  793. 796. 795. 792. 794. 793. 793. 793. 793. 795. 794. 795.]
 [182. 284. 375. 432. 459. 489. 513. 526. 535. 529. 548. 549. 554. 566.
  581. 581. 585. 592. 604. 606. 601. 601. 607. 619. 610. 617. 620. 633.
  628. 623. 616. 629. 620. 624. 624. 635. 642. 641. 638. 648.]
 [252. 373. 443. 494. 534. 549. 577. 583. 597. 568. 565. 586. 592. 615.
  612. 596. 618. 614. 614. 625. 619. 619. 618. 625. 626. 631. 628. 634.
  637. 628. 635. 640. 642. 635. 640. 647. 641. 630. 644. 646.]]
##############################
[[108. 141. 209. 234. 258. 273. 286. 307. 308. 317. 295. 315. 323. 320.
  329. 338. 352. 351. 354. 354. 348. 361. 362. 373. 356. 364. 365. 354.
  371. 370. 376. 369. 374. 374. 372. 374. 365. 365. 366. 378.]
 [622. 775. 813. 821. 825. 834. 834. 835. 837. 838. 789. 791. 790. 789.
  790. 789. 793. 793. 793. 794. 798. 794. 794. 793. 793. 794. 794. 792.
  793. 796. 795. 792. 794. 793. 793. 793. 793. 795. 794. 795.]
 [182. 284. 375. 432. 459. 489. 513. 526. 535. 553. 548. 549. 554. 566.
  581. 581. 585. 592. 604. 606. 601. 601. 607. 619. 610. 617. 620. 633.
  628. 623. 616. 629. 620. 624. 624. 635. 642. 641. 638. 648.]
 [252. 373. 443. 494. 534. 549. 577. 583. 597. 604. 565. 586. 592. 615.
  612. 596. 618. 614. 614. 625. 619. 619. 618. 625. 626. 631. 628. 634.
  637. 628. 635. 640. 642. 635. 640. 647. 641. 630. 644. 646.]]
##############################
[[108. 141. 209. 234. 258. 273. 286. 307. 308. 317. 307. 315. 323. 320.
  329. 338. 352. 351. 354. 354. 348. 361. 362. 373. 356. 364. 365. 354.
  371. 370. 376. 369. 374. 374. 372. 374. 365. 365. 366. 378.]
 [622. 775. 813. 821. 825. 834. 834. 835. 837. 838. 839. 791. 790. 789.
  790. 789. 793. 793. 793. 794. 798. 794. 794. 793. 793. 794. 794. 792.
  793. 796. 795. 792. 794. 793. 793. 793. 793. 795. 794. 795.]
 [182. 284. 375. 432. 459. 489. 513. 526. 535. 553. 576. 549. 554. 566.
  581. 581. 585. 592. 604. 606. 601. 601. 607. 619. 610. 617. 620. 633.
  628. 623. 616. 629. 620. 624. 624. 635. 642. 641. 638. 648.]
 [252. 373. 443. 494. 534. 549. 577. 583. 597. 604. 600. 586. 592. 615.
  612. 596. 618. 614. 614. 625. 619. 619. 618. 625. 626. 631. 628. 634.
  637. 628. 635. 640. 642. 635. 640. 647. 641. 630. 644. 646.]]
##############################
[[108. 141. 209. 234. 258. 273. 286. 307. 308. 317. 307. 328. 323. 320.
  329. 338. 352. 351. 354. 354. 348. 361. 362. 373. 356. 364. 365. 354.
  371. 370. 376. 369. 374. 374. 372. 374. 365. 365. 366. 378.]
 [622. 775. 813. 821. 825. 834. 834. 835. 837. 838. 839. 841. 790. 789.
  790. 789. 793. 793. 793. 794. 798. 794. 794. 793. 793. 794. 794. 792.
  793. 796. 795. 792. 794. 793. 793. 793. 793. 795. 794. 795.]
 [182. 284. 375. 432. 459. 489. 513. 526. 535. 553. 576. 577. 554. 566.
  581. 581. 585. 592. 604. 606. 601. 601. 607. 619. 610. 617. 620. 633.
  628. 623. 616. 629. 620. 624. 624. 635. 642. 641. 638. 648.]
 [252. 373. 443. 494. 534. 549. 577. 583. 597. 604. 600. 622. 592. 615.
  612. 596. 618. 614. 614. 625. 619. 619. 618. 625. 626. 631. 628. 634.
  637. 628. 635. 640. 642. 635. 640. 647. 641. 630. 644. 646.]]
##############################
[[108. 141. 209. 234. 258. 273. 286. 307. 308. 317. 307. 328. 336. 320.
  329. 338. 352. 351. 354. 354. 348. 361. 362. 373. 356. 364. 365. 354.
  371. 370. 376. 369. 374. 374. 372. 374. 365. 365. 366. 378.]
 [622. 775. 813. 821. 825. 834. 834. 835. 837. 838. 839. 841. 840. 789.
  790. 789. 793. 793. 793. 794. 798. 794. 794. 793. 793. 794. 794. 792.
  793. 796. 795. 792. 794. 793. 793. 793. 793. 795. 794. 795.]
 [182. 284. 375. 432. 459. 489. 513. 526. 535. 553. 576. 577. 579. 566.
  581. 581. 585. 592. 604. 606. 601. 601. 607. 619. 610. 617. 620. 633.
  628. 623. 616. 629. 620. 624. 624. 635. 642. 641. 638. 648.]
 [252. 373. 443. 494. 534. 549. 577. 583. 597. 604. 600. 622. 628. 615.
  612. 596. 618. 614. 614. 625. 619. 619. 618. 625. 626. 631. 628. 634.
  637. 628. 635. 640. 642. 635. 640. 647. 641. 630. 644. 646.]]
##############################
[[108. 141. 209. 234. 258. 273. 286. 307. 308. 317. 307. 328. 336. 335.
  329. 338. 352. 351. 354. 354. 348. 361. 362. 373. 356. 364. 365. 354.
  371. 370. 376. 369. 374. 374. 372. 374. 365. 365. 366. 378.]
 [622. 775. 813. 821. 825. 834. 834. 835. 837. 838. 839. 841. 840. 839.
  790. 789. 793. 793. 793. 794. 798. 794. 794. 793. 793. 794. 794. 792.
  793. 796. 795. 792. 794. 793. 793. 793. 793. 795. 794. 795.]
 [182. 284. 375. 432. 459. 489. 513. 526. 535. 553. 576. 577. 579. 595.
  581. 581. 585. 592. 604. 606. 601. 601. 607. 619. 610. 617. 620. 633.
  628. 623. 616. 629. 620. 624. 624. 635. 642. 641. 638. 648.]
 [252. 373. 443. 494. 534. 549. 577. 583. 597. 604. 600. 622. 628. 648.
  612. 596. 618. 614. 614. 625. 619. 619. 618. 625. 626. 631. 628. 634.
  637. 628. 635. 640. 642. 635. 640. 647. 641. 630. 644. 646.]]
##############################
[[108. 141. 209. 234. 258. 273. 286. 307. 308. 317. 307. 328. 336. 335.
  344. 338. 352. 351. 354. 354. 348. 361. 362. 373. 356. 364. 365. 354.
  371. 370. 376. 369. 374. 374. 372. 374. 365. 365. 366. 378.]
 [622. 775. 813. 821. 825. 834. 834. 835. 837. 838. 839. 841. 840. 839.
  840. 789. 793. 793. 793. 794. 798. 794. 794. 793. 793. 794. 794. 792.
  793. 796. 795. 792. 794. 793. 793. 793. 793. 795. 794. 795.]
 [182. 284. 375. 432. 459. 489. 513. 526. 535. 553. 576. 577. 579. 595.
  608. 581. 585. 592. 604. 606. 601. 601. 607. 619. 610. 617. 620. 633.
  628. 623. 616. 629. 620. 624. 624. 635. 642. 641. 638. 648.]
 [252. 373. 443. 494. 534. 549. 577. 583. 597. 604. 600. 622. 628. 648.
  646. 596. 618. 614. 614. 625. 619. 619. 618. 625. 626. 631. 628. 634.
  637. 628. 635. 640. 642. 635. 640. 647. 641. 630. 644. 646.]]
##############################
[[108. 141. 209. 234. 258. 273. 286. 307. 308. 317. 307. 328. 336. 335.
  344. 353. 352. 351. 354. 354. 348. 361. 362. 373. 356. 364. 365. 354.
  371. 370. 376. 369. 374. 374. 372. 374. 365. 365. 366. 378.]
 [622. 775. 813. 821. 825. 834. 834. 835. 837. 838. 839. 841. 840. 839.
  840. 839. 793. 793. 793. 794. 798. 794. 794. 793. 793. 794. 794. 792.
  793. 796. 795. 792. 794. 793. 793. 793. 793. 795. 794. 795.]
 [182. 284. 375. 432. 459. 489. 513. 526. 535. 553. 576. 577. 579. 595.
  608. 608. 585. 592. 604. 606. 601. 601. 607. 619. 610. 617. 620. 633.
  628. 623. 616. 629. 620. 624. 624. 635. 642. 641. 638. 648.]
 [252. 373. 443. 494. 534. 549. 577. 583. 597. 604. 600. 622. 628. 648.
  646. 629. 618. 614. 614. 625. 619. 619. 618. 625. 626. 631. 628. 634.
  637. 628. 635. 640. 642. 635. 640. 647. 641. 630. 644. 646.]]
##############################
[[108. 141. 209. 234. 258. 273. 286. 307. 308. 317. 307. 328. 336. 335.
  344. 353. 367. 351. 354. 354. 348. 361. 362. 373. 356. 364. 365. 354.
  371. 370. 376. 369. 374. 374. 372. 374. 365. 365. 366. 378.]
 [622. 775. 813. 821. 825. 834. 834. 835. 837. 838. 839. 841. 840. 839.
  840. 839. 843. 793. 793. 794. 798. 794. 794. 793. 793. 794. 794. 792.
  793. 796. 795. 792. 794. 793. 793. 793. 793. 795. 794. 795.]
 [182. 284. 375. 432. 459. 489. 513. 526. 535. 553. 576. 577. 579. 595.
  608. 608. 616. 592. 604. 606. 601. 601. 607. 619. 610. 617. 620. 633.
  628. 623. 616. 629. 620. 624. 624. 635. 642. 641. 638. 648.]
 [252. 373. 443. 494. 534. 549. 577. 583. 597. 604. 600. 622. 628. 648.
  646. 629. 653. 614. 614. 625. 619. 619. 618. 625. 626. 631. 628. 634.
  637. 628. 635. 640. 642. 635. 640. 647. 641. 630. 644. 646.]]
##############################
[[108. 141. 209. 234. 258. 273. 286. 307. 308. 317. 307. 328. 336. 335.
  344. 353. 367. 368. 354. 354. 348. 361. 362. 373. 356. 364. 365. 354.
  371. 370. 376. 369. 374. 374. 372. 374. 365. 365. 366. 378.]
 [622. 775. 813. 821. 825. 834. 834. 835. 837. 838. 839. 841. 840. 839.
  840. 839. 843. 843. 793. 794. 798. 794. 794. 793. 793. 794. 794. 792.
  793. 796. 795. 792. 794. 793. 793. 793. 793. 795. 794. 795.]
 [182. 284. 375. 432. 459. 489. 513. 526. 535. 553. 576. 577. 579. 595.
  608. 608. 616. 625. 604. 606. 601. 601. 607. 619. 610. 617. 620. 633.
  628. 623. 616. 629. 620. 624. 624. 635. 642. 641. 638. 648.]
 [252. 373. 443. 494. 534. 549. 577. 583. 597. 604. 600. 622. 628. 648.
  646. 629. 653. 652. 614. 625. 619. 619. 618. 625. 626. 631. 628. 634.
  637. 628. 635. 640. 642. 635. 640. 647. 641. 630. 644. 646.]]
##############################
[[108. 141. 209. 234. 258. 273. 286. 307. 308. 317. 307. 328. 336. 335.
  344. 353. 367. 368. 370. 354. 348. 361. 362. 373. 356. 364. 365. 354.
  371. 370. 376. 369. 374. 374. 372. 374. 365. 365. 366. 378.]
 [622. 775. 813. 821. 825. 834. 834. 835. 837. 838. 839. 841. 840. 839.
  840. 839. 843. 843. 843. 794. 798. 794. 794. 793. 793. 794. 794. 792.
  793. 796. 795. 792. 794. 793. 793. 793. 793. 795. 794. 795.]
 [182. 284. 375. 432. 459. 489. 513. 526. 535. 553. 576. 577. 579. 595.
  608. 608. 616. 625. 637. 606. 601. 601. 607. 619. 610. 617. 620. 633.
  628. 623. 616. 629. 620. 624. 624. 635. 642. 641. 638. 648.]
 [252. 373. 443. 494. 534. 549. 577. 583. 597. 604. 600. 622. 628. 648.
  646. 629. 653. 652. 652. 625. 619. 619. 618. 625. 626. 631. 628. 634.
  637. 628. 635. 640. 642. 635. 640. 647. 641. 630. 644. 646.]]
##############################
[[108. 141. 209. 234. 258. 273. 286. 307. 308. 317. 307. 328. 336. 335.
  344. 353. 367. 368. 370. 370. 348. 361. 362. 373. 356. 364. 365. 354.
  371. 370. 376. 369. 374. 374. 372. 374. 365. 365. 366. 378.]
 [622. 775. 813. 821. 825. 834. 834. 835. 837. 838. 839. 841. 840. 839.
  840. 839. 843. 843. 843. 844. 798. 794. 794. 793. 793. 794. 794. 792.
  793. 796. 795. 792. 794. 793. 793. 793. 793. 795. 794. 795.]
 [182. 284. 375. 432. 459. 489. 513. 526. 535. 553. 576. 577. 579. 595.
  608. 608. 616. 625. 637. 636. 601. 601. 607. 619. 610. 617. 620. 633.
  628. 623. 616. 629. 620. 624. 624. 635. 642. 641. 638. 648.]
 [252. 373. 443. 494. 534. 549. 577. 583. 597. 604. 600. 622. 628. 648.
  646. 629. 653. 652. 652. 662. 619. 619. 618. 625. 626. 631. 628. 634.
  637. 628. 635. 640. 642. 635. 640. 647. 641. 630. 644. 646.]]
##############################
[[108. 141. 209. 234. 258. 273. 286. 307. 308. 317. 307. 328. 336. 335.
  344. 353. 367. 368. 370. 370. 361. 361. 362. 373. 356. 364. 365. 354.
  371. 370. 376. 369. 374. 374. 372. 374. 365. 365. 366. 378.]
 [622. 775. 813. 821. 825. 834. 834. 835. 837. 838. 839. 841. 840. 839.
  840. 839. 843. 843. 843. 844. 848. 794. 794. 793. 793. 794. 794. 792.
  793. 796. 795. 792. 794. 793. 793. 793. 793. 795. 794. 795.]
 [182. 284. 375. 432. 459. 489. 513. 526. 535. 553. 576. 577. 579. 595.
  608. 608. 616. 625. 637. 636. 634. 601. 607. 619. 610. 617. 620. 633.
  628. 623. 616. 629. 620. 624. 624. 635. 642. 641. 638. 648.]
 [252. 373. 443. 494. 534. 549. 577. 583. 597. 604. 600. 622. 628. 648.
  646. 629. 653. 652. 652. 662. 654. 619. 618. 625. 626. 631. 628. 634.
  637. 628. 635. 640. 642. 635. 640. 647. 641. 630. 644. 646.]]
##############################
[[108. 141. 209. 234. 258. 273. 286. 307. 308. 317. 307. 328. 336. 335.
  344. 353. 367. 368. 370. 370. 361. 375. 362. 373. 356. 364. 365. 354.
  371. 370. 376. 369. 374. 374. 372. 374. 365. 365. 366. 378.]
 [622. 775. 813. 821. 825. 834. 834. 835. 837. 838. 839. 841. 840. 839.
  840. 839. 843. 843. 843. 844. 848. 844. 794. 793. 793. 794. 794. 792.
  793. 796. 795. 792. 794. 793. 793. 793. 793. 795. 794. 795.]
 [182. 284. 375. 432. 459. 489. 513. 526. 535. 553. 576. 577. 579. 595.
  608. 608. 616. 625. 637. 636. 634. 636. 607. 619. 610. 617. 620. 633.
  628. 623. 616. 629. 620. 624. 624. 635. 642. 641. 638. 648.]
 [252. 373. 443. 494. 534. 549. 577. 583. 597. 604. 600. 622. 628. 648.
  646. 629. 653. 652. 652. 662. 654. 652. 618. 625. 626. 631. 628. 634.
  637. 628. 635. 640. 642. 635. 640. 647. 641. 630. 644. 646.]]
##############################
[[108. 141. 209. 234. 258. 273. 286. 307. 308. 317. 307. 328. 336. 335.
  344. 353. 367. 368. 370. 370. 361. 375. 375. 373. 356. 364. 365. 354.
  371. 370. 376. 369. 374. 374. 372. 374. 365. 365. 366. 378.]
 [622. 775. 813. 821. 825. 834. 834. 835. 837. 838. 839. 841. 840. 839.
  840. 839. 843. 843. 843. 844. 848. 844. 844. 793. 793. 794. 794. 792.
  793. 796. 795. 792. 794. 793. 793. 793. 793. 795. 794. 795.]
 [182. 284. 375. 432. 459. 489. 513. 526. 535. 553. 576. 577. 579. 595.
  608. 608. 616. 625. 637. 636. 634. 636. 642. 619. 610. 617. 620. 633.
  628. 623. 616. 629. 620. 624. 624. 635. 642. 641. 638. 648.]
 [252. 373. 443. 494. 534. 549. 577. 583. 597. 604. 600. 622. 628. 648.
  646. 629. 653. 652. 652. 662. 654. 652. 652. 625. 626. 631. 628. 634.
  637. 628. 635. 640. 642. 635. 640. 647. 641. 630. 644. 646.]]
##############################
[[108. 141. 209. 234. 258. 273. 286. 307. 308. 317. 307. 328. 336. 335.
  344. 353. 367. 368. 370. 370. 361. 375. 375. 387. 356. 364. 365. 354.
  371. 370. 376. 369. 374. 374. 372. 374. 365. 365. 366. 378.]
 [622. 775. 813. 821. 825. 834. 834. 835. 837. 838. 839. 841. 840. 839.
  840. 839. 843. 843. 843. 844. 848. 844. 844. 843. 793. 794. 794. 792.
  793. 796. 795. 792. 794. 793. 793. 793. 793. 795. 794. 795.]
 [182. 284. 375. 432. 459. 489. 513. 526. 535. 553. 576. 577. 579. 595.
  608. 608. 616. 625. 637. 636. 634. 636. 642. 659. 610. 617. 620. 633.
  628. 623. 616. 629. 620. 624. 624. 635. 642. 641. 638. 648.]
 [252. 373. 443. 494. 534. 549. 577. 583. 597. 604. 600. 622. 628. 648.
  646. 629. 653. 652. 652. 662. 654. 652. 652. 663. 626. 631. 628. 634.
  637. 628. 635. 640. 642. 635. 640. 647. 641. 630. 644. 646.]]
##############################
[[108. 141. 209. 234. 258. 273. 286. 307. 308. 317. 307. 328. 336. 335.
  344. 353. 367. 368. 370. 370. 361. 375. 375. 387. 370. 364. 365. 354.
  371. 370. 376. 369. 374. 374. 372. 374. 365. 365. 366. 378.]
 [622. 775. 813. 821. 825. 834. 834. 835. 837. 838. 839. 841. 840. 839.
  840. 839. 843. 843. 843. 844. 848. 844. 844. 843. 843. 794. 794. 792.
  793. 796. 795. 792. 794. 793. 793. 793. 793. 795. 794. 795.]
 [182. 284. 375. 432. 459. 489. 513. 526. 535. 553. 576. 577. 579. 595.
  608. 608. 616. 625. 637. 636. 634. 636. 642. 659. 649. 617. 620. 633.
  628. 623. 616. 629. 620. 624. 624. 635. 642. 641. 638. 648.]
 [252. 373. 443. 494. 534. 549. 577. 583. 597. 604. 600. 622. 628. 648.
  646. 629. 653. 652. 652. 662. 654. 652. 652. 663. 661. 631. 628. 634.
  637. 628. 635. 640. 642. 635. 640. 647. 641. 630. 644. 646.]]
##############################
[[108. 141. 209. 234. 258. 273. 286. 307. 308. 317. 307. 328. 336. 335.
  344. 353. 367. 368. 370. 370. 361. 375. 375. 387. 370. 380. 365. 354.
  371. 370. 376. 369. 374. 374. 372. 374. 365. 365. 366. 378.]
 [622. 775. 813. 821. 825. 834. 834. 835. 837. 838. 839. 841. 840. 839.
  840. 839. 843. 843. 843. 844. 848. 844. 844. 843. 843. 844. 794. 792.
  793. 796. 795. 792. 794. 793. 793. 793. 793. 795. 794. 795.]
 [182. 284. 375. 432. 459. 489. 513. 526. 535. 553. 576. 577. 579. 595.
  608. 608. 616. 625. 637. 636. 634. 636. 642. 659. 649. 653. 620. 633.
  628. 623. 616. 629. 620. 624. 624. 635. 642. 641. 638. 648.]
 [252. 373. 443. 494. 534. 549. 577. 583. 597. 604. 600. 622. 628. 648.
  646. 629. 653. 652. 652. 662. 654. 652. 652. 663. 661. 669. 628. 634.
  637. 628. 635. 640. 642. 635. 640. 647. 641. 630. 644. 646.]]
##############################
[[108. 141. 209. 234. 258. 273. 286. 307. 308. 317. 307. 328. 336. 335.
  344. 353. 367. 368. 370. 370. 361. 375. 375. 387. 370. 380. 382. 354.
  371. 370. 376. 369. 374. 374. 372. 374. 365. 365. 366. 378.]
 [622. 775. 813. 821. 825. 834. 834. 835. 837. 838. 839. 841. 840. 839.
  840. 839. 843. 843. 843. 844. 848. 844. 844. 843. 843. 844. 844. 792.
  793. 796. 795. 792. 794. 793. 793. 793. 793. 795. 794. 795.]
 [182. 284. 375. 432. 459. 489. 513. 526. 535. 553. 576. 577. 579. 595.
  608. 608. 616. 625. 637. 636. 634. 636. 642. 659. 649. 653. 656. 633.
  628. 623. 616. 629. 620. 624. 624. 635. 642. 641. 638. 648.]
 [252. 373. 443. 494. 534. 549. 577. 583. 597. 604. 600. 622. 628. 648.
  646. 629. 653. 652. 652. 662. 654. 652. 652. 663. 661. 669. 666. 634.
  637. 628. 635. 640. 642. 635. 640. 647. 641. 630. 644. 646.]]
##############################
[[108. 141. 209. 234. 258. 273. 286. 307. 308. 317. 307. 328. 336. 335.
  344. 353. 367. 368. 370. 370. 361. 375. 375. 387. 370. 380. 382. 368.
  371. 370. 376. 369. 374. 374. 372. 374. 365. 365. 366. 378.]
 [622. 775. 813. 821. 825. 834. 834. 835. 837. 838. 839. 841. 840. 839.
  840. 839. 843. 843. 843. 844. 848. 844. 844. 843. 843. 844. 844. 842.
  793. 796. 795. 792. 794. 793. 793. 793. 793. 795. 794. 795.]
 [182. 284. 375. 432. 459. 489. 513. 526. 535. 553. 576. 577. 579. 595.
  608. 608. 616. 625. 637. 636. 634. 636. 642. 659. 649. 653. 656. 672.
  628. 623. 616. 629. 620. 624. 624. 635. 642. 641. 638. 648.]
 [252. 373. 443. 494. 534. 549. 577. 583. 597. 604. 600. 622. 628. 648.
  646. 629. 653. 652. 652. 662. 654. 652. 652. 663. 661. 669. 666. 671.
  637. 628. 635. 640. 642. 635. 640. 647. 641. 630. 644. 646.]]
##############################
[[108. 141. 209. 234. 258. 273. 286. 307. 308. 317. 307. 328. 336. 335.
  344. 353. 367. 368. 370. 370. 361. 375. 375. 387. 370. 380. 382. 368.
  387. 370. 376. 369. 374. 374. 372. 374. 365. 365. 366. 378.]
 [622. 775. 813. 821. 825. 834. 834. 835. 837. 838. 839. 841. 840. 839.
  840. 839. 843. 843. 843. 844. 848. 844. 844. 843. 843. 844. 844. 842.
  843. 796. 795. 792. 794. 793. 793. 793. 793. 795. 794. 795.]
 [182. 284. 375. 432. 459. 489. 513. 526. 535. 553. 576. 577. 579. 595.
  608. 608. 616. 625. 637. 636. 634. 636. 642. 659. 649. 653. 656. 672.
  666. 623. 616. 629. 620. 624. 624. 635. 642. 641. 638. 648.]
 [252. 373. 443. 494. 534. 549. 577. 583. 597. 604. 600. 622. 628. 648.
  646. 629. 653. 652. 652. 662. 654. 652. 652. 663. 661. 669. 666. 671.
  676. 628. 635. 640. 642. 635. 640. 647. 641. 630. 644. 646.]]
##############################
[[108. 141. 209. 234. 258. 273. 286. 307. 308. 317. 307. 328. 336. 335.
  344. 353. 367. 368. 370. 370. 361. 375. 375. 387. 370. 380. 382. 368.
  387. 387. 376. 369. 374. 374. 372. 374. 365. 365. 366. 378.]
 [622. 775. 813. 821. 825. 834. 834. 835. 837. 838. 839. 841. 840. 839.
  840. 839. 843. 843. 843. 844. 848. 844. 844. 843. 843. 844. 844. 842.
  843. 846. 795. 792. 794. 793. 793. 793. 793. 795. 794. 795.]
 [182. 284. 375. 432. 459. 489. 513. 526. 535. 553. 576. 577. 579. 595.
  608. 608. 616. 625. 637. 636. 634. 636. 642. 659. 649. 653. 656. 672.
  666. 662. 616. 629. 620. 624. 624. 635. 642. 641. 638. 648.]
 [252. 373. 443. 494. 534. 549. 577. 583. 597. 604. 600. 622. 628. 648.
  646. 629. 653. 652. 652. 662. 654. 652. 652. 663. 661. 669. 666. 671.
  676. 667. 635. 640. 642. 635. 640. 647. 641. 630. 644. 646.]]
##############################
[[108. 141. 209. 234. 258. 273. 286. 307. 308. 317. 307. 328. 336. 335.
  344. 353. 367. 368. 370. 370. 361. 375. 375. 387. 370. 380. 382. 368.
  387. 387. 396. 369. 374. 374. 372. 374. 365. 365. 366. 378.]
 [622. 775. 813. 821. 825. 834. 834. 835. 837. 838. 839. 841. 840. 839.
  840. 839. 843. 843. 843. 844. 848. 844. 844. 843. 843. 844. 844. 842.
  843. 846. 845. 792. 794. 793. 793. 793. 793. 795. 794. 795.]
 [182. 284. 375. 432. 459. 489. 513. 526. 535. 553. 576. 577. 579. 595.
  608. 608. 616. 625. 637. 636. 634. 636. 642. 659. 649. 653. 656. 672.
  666. 662. 655. 629. 620. 624. 624. 635. 642. 641. 638. 648.]
 [252. 373. 443. 494. 534. 549. 577. 583. 597. 604. 600. 622. 628. 648.
  646. 629. 653. 652. 652. 662. 654. 652. 652. 663. 661. 669. 666. 671.
  676. 667. 673. 640. 642. 635. 640. 647. 641. 630. 644. 646.]]
##############################
[[108. 141. 209. 234. 258. 273. 286. 307. 308. 317. 307. 328. 336. 335.
  344. 353. 367. 368. 370. 370. 361. 375. 375. 387. 370. 380. 382. 368.
  387. 387. 396. 385. 374. 374. 372. 374. 365. 365. 366. 378.]
 [622. 775. 813. 821. 825. 834. 834. 835. 837. 838. 839. 841. 840. 839.
  840. 839. 843. 843. 843. 844. 848. 844. 844. 843. 843. 844. 844. 842.
  843. 846. 845. 842. 794. 793. 793. 793. 793. 795. 794. 795.]
 [182. 284. 375. 432. 459. 489. 513. 526. 535. 553. 576. 577. 579. 595.
  608. 608. 616. 625. 637. 636. 634. 636. 642. 659. 649. 653. 656. 672.
  666. 662. 655. 667. 620. 624. 624. 635. 642. 641. 638. 648.]
 [252. 373. 443. 494. 534. 549. 577. 583. 597. 604. 600. 622. 628. 648.
  646. 629. 653. 652. 652. 662. 654. 652. 652. 663. 661. 669. 666. 671.
  676. 667. 673. 679. 642. 635. 640. 647. 641. 630. 644. 646.]]
##############################
[[108. 141. 209. 234. 258. 273. 286. 307. 308. 317. 307. 328. 336. 335.
  344. 353. 367. 368. 370. 370. 361. 375. 375. 387. 370. 380. 382. 368.
  387. 387. 396. 385. 395. 374. 372. 374. 365. 365. 366. 378.]
 [622. 775. 813. 821. 825. 834. 834. 835. 837. 838. 839. 841. 840. 839.
  840. 839. 843. 843. 843. 844. 848. 844. 844. 843. 843. 844. 844. 842.
  843. 846. 845. 842. 844. 793. 793. 793. 793. 795. 794. 795.]
 [182. 284. 375. 432. 459. 489. 513. 526. 535. 553. 576. 577. 579. 595.
  608. 608. 616. 625. 637. 636. 634. 636. 642. 659. 649. 653. 656. 672.
  666. 662. 655. 667. 658. 624. 624. 635. 642. 641. 638. 648.]
 [252. 373. 443. 494. 534. 549. 577. 583. 597. 604. 600. 622. 628. 648.
  646. 629. 653. 652. 652. 662. 654. 652. 652. 663. 661. 669. 666. 671.
  676. 667. 673. 679. 681. 635. 640. 647. 641. 630. 644. 646.]]
##############################
[[108. 141. 209. 234. 258. 273. 286. 307. 308. 317. 307. 328. 336. 335.
  344. 353. 367. 368. 370. 370. 361. 375. 375. 387. 370. 380. 382. 368.
  387. 387. 396. 385. 395. 390. 372. 374. 365. 365. 366. 378.]
 [622. 775. 813. 821. 825. 834. 834. 835. 837. 838. 839. 841. 840. 839.
  840. 839. 843. 843. 843. 844. 848. 844. 844. 843. 843. 844. 844. 842.
  843. 846. 845. 842. 844. 843. 793. 793. 793. 795. 794. 795.]
 [182. 284. 375. 432. 459. 489. 513. 526. 535. 553. 576. 577. 579. 595.
  608. 608. 616. 625. 637. 636. 634. 636. 642. 659. 649. 653. 656. 672.
  666. 662. 655. 667. 658. 663. 624. 635. 642. 641. 638. 648.]
 [252. 373. 443. 494. 534. 549. 577. 583. 597. 604. 600. 622. 628. 648.
  646. 629. 653. 652. 652. 662. 654. 652. 652. 663. 661. 669. 666. 671.
  676. 667. 673. 679. 681. 675. 640. 647. 641. 630. 644. 646.]]
##############################
[[108. 141. 209. 234. 258. 273. 286. 307. 308. 317. 307. 328. 336. 335.
  344. 353. 367. 368. 370. 370. 361. 375. 375. 387. 370. 380. 382. 368.
  387. 387. 396. 385. 395. 390. 388. 374. 365. 365. 366. 378.]
 [622. 775. 813. 821. 825. 834. 834. 835. 837. 838. 839. 841. 840. 839.
  840. 839. 843. 843. 843. 844. 848. 844. 844. 843. 843. 844. 844. 842.
  843. 846. 845. 842. 844. 843. 843. 793. 793. 795. 794. 795.]
 [182. 284. 375. 432. 459. 489. 513. 526. 535. 553. 576. 577. 579. 595.
  608. 608. 616. 625. 637. 636. 634. 636. 642. 659. 649. 653. 656. 672.
  666. 662. 655. 667. 658. 663. 665. 635. 642. 641. 638. 648.]
 [252. 373. 443. 494. 534. 549. 577. 583. 597. 604. 600. 622. 628. 648.
  646. 629. 653. 652. 652. 662. 654. 652. 652. 663. 661. 669. 666. 671.
  676. 667. 673. 679. 681. 675. 680. 647. 641. 630. 644. 646.]]
##############################
[[108. 141. 209. 234. 258. 273. 286. 307. 308. 317. 307. 328. 336. 335.
  344. 353. 367. 368. 370. 370. 361. 375. 375. 387. 370. 380. 382. 368.
  387. 387. 396. 385. 395. 390. 388. 389. 365. 365. 366. 378.]
 [622. 775. 813. 821. 825. 834. 834. 835. 837. 838. 839. 841. 840. 839.
  840. 839. 843. 843. 843. 844. 848. 844. 844. 843. 843. 844. 844. 842.
  843. 846. 845. 842. 844. 843. 843. 843. 793. 795. 794. 795.]
 [182. 284. 375. 432. 459. 489. 513. 526. 535. 553. 576. 577. 579. 595.
  608. 608. 616. 625. 637. 636. 634. 636. 642. 659. 649. 653. 656. 672.
  666. 662. 655. 667. 658. 663. 665. 676. 642. 641. 638. 648.]
 [252. 373. 443. 494. 534. 549. 577. 583. 597. 604. 600. 622. 628. 648.
  646. 629. 653. 652. 652. 662. 654. 652. 652. 663. 661. 669. 666. 671.
  676. 667. 673. 679. 681. 675. 680. 686. 641. 630. 644. 646.]]
##############################
[[108. 141. 209. 234. 258. 273. 286. 307. 308. 317. 307. 328. 336. 335.
  344. 353. 367. 368. 370. 370. 361. 375. 375. 387. 370. 380. 382. 368.
  387. 387. 396. 385. 395. 390. 388. 389. 382. 365. 366. 378.]
 [622. 775. 813. 821. 825. 834. 834. 835. 837. 838. 839. 841. 840. 839.
  840. 839. 843. 843. 843. 844. 848. 844. 844. 843. 843. 844. 844. 842.
  843. 846. 845. 842. 844. 843. 843. 843. 843. 795. 794. 795.]
 [182. 284. 375. 432. 459. 489. 513. 526. 535. 553. 576. 577. 579. 595.
  608. 608. 616. 625. 637. 636. 634. 636. 642. 659. 649. 653. 656. 672.
  666. 662. 655. 667. 658. 663. 665. 676. 683. 641. 638. 648.]
 [252. 373. 443. 494. 534. 549. 577. 583. 597. 604. 600. 622. 628. 648.
  646. 629. 653. 652. 652. 662. 654. 652. 652. 663. 661. 669. 666. 671.
  676. 667. 673. 679. 681. 675. 680. 686. 680. 630. 644. 646.]]
##############################
[[108. 141. 209. 234. 258. 273. 286. 307. 308. 317. 307. 328. 336. 335.
  344. 353. 367. 368. 370. 370. 361. 375. 375. 387. 370. 380. 382. 368.
  387. 387. 396. 385. 395. 390. 388. 389. 382. 382. 366. 378.]
 [622. 775. 813. 821. 825. 834. 834. 835. 837. 838. 839. 841. 840. 839.
  840. 839. 843. 843. 843. 844. 848. 844. 844. 843. 843. 844. 844. 842.
  843. 846. 845. 842. 844. 843. 843. 843. 843. 845. 794. 795.]
 [182. 284. 375. 432. 459. 489. 513. 526. 535. 553. 576. 577. 579. 595.
  608. 608. 616. 625. 637. 636. 634. 636. 642. 659. 649. 653. 656. 672.
  666. 662. 655. 667. 658. 663. 665. 676. 683. 681. 638. 648.]
 [252. 373. 443. 494. 534. 549. 577. 583. 597. 604. 600. 622. 628. 648.
  646. 629. 653. 652. 652. 662. 654. 652. 652. 663. 661. 669. 666. 671.
  676. 667. 673. 679. 681. 675. 680. 686. 680. 668. 644. 646.]]
##############################
[[108. 141. 209. 234. 258. 273. 286. 307. 308. 317. 307. 328. 336. 335.
  344. 353. 367. 368. 370. 370. 361. 375. 375. 387. 370. 380. 382. 368.
  387. 387. 396. 385. 395. 390. 388. 389. 382. 382. 382. 378.]
 [622. 775. 813. 821. 825. 834. 834. 835. 837. 838. 839. 841. 840. 839.
  840. 839. 843. 843. 843. 844. 848. 844. 844. 843. 843. 844. 844. 842.
  843. 846. 845. 842. 844. 843. 843. 843. 843. 845. 844. 795.]
 [182. 284. 375. 432. 459. 489. 513. 526. 535. 553. 576. 577. 579. 595.
  608. 608. 616. 625. 637. 636. 634. 636. 642. 659. 649. 653. 656. 672.
  666. 662. 655. 667. 658. 663. 665. 676. 683. 681. 679. 648.]
 [252. 373. 443. 494. 534. 549. 577. 583. 597. 604. 600. 622. 628. 648.
  646. 629. 653. 652. 652. 662. 654. 652. 652. 663. 661. 669. 666. 671.
  676. 667. 673. 679. 681. 675. 680. 686. 680. 668. 684. 646.]]
##############################
[[108. 141. 209. 234. 258. 273. 286. 307. 308. 317. 307. 328. 336. 335.
  344. 353. 367. 368. 370. 370. 361. 375. 375. 387. 370. 380. 382. 368.
  387. 387. 396. 385. 395. 390. 388. 389. 382. 382. 382. 394.]
 [622. 775. 813. 821. 825. 834. 834. 835. 837. 838. 839. 841. 840. 839.
  840. 839. 843. 843. 843. 844. 848. 844. 844. 843. 843. 844. 844. 842.
  843. 846. 845. 842. 844. 843. 843. 843. 843. 845. 844. 845.]
 [182. 284. 375. 432. 459. 489. 513. 526. 535. 553. 576. 577. 579. 595.
  608. 608. 616. 625. 637. 636. 634. 636. 642. 659. 649. 653. 656. 672.
  666. 662. 655. 667. 658. 663. 665. 676. 683. 681. 679. 689.]
 [252. 373. 443. 494. 534. 549. 577. 583. 597. 604. 600. 622. 628. 648.
  646. 629. 653. 652. 652. 662. 654. 652. 652. 663. 661. 669. 666. 671.
  676. 667. 673. 679. 681. 675. 680. 686. 680. 668. 684. 685.]]
##############################
##################################################
##################################################
starting :18 batch
[[113. 141. 209. 234. 258. 273. 286. 307. 308. 317. 307. 328. 336. 335.
  344. 353. 367. 368. 370. 370. 361. 375. 375. 387. 370. 380. 382. 368.
  387. 387. 396. 385. 395. 390. 388. 389. 382. 382. 382. 394.]
 [654. 775. 813. 821. 825. 834. 834. 835. 837. 838. 839. 841. 840. 839.
  840. 839. 843. 843. 843. 844. 848. 844. 844. 843. 843. 844. 844. 842.
  843. 846. 845. 842. 844. 843. 843. 843. 843. 845. 844. 845.]
 [193. 284. 375. 432. 459. 489. 513. 526. 535. 553. 576. 577. 579. 595.
  608. 608. 616. 625. 637. 636. 634. 636. 642. 659. 649. 653. 656. 672.
  666. 662. 655. 667. 658. 663. 665. 676. 683. 681. 679. 689.]
 [268. 373. 443. 494. 534. 549. 577. 583. 597. 604. 600. 622. 628. 648.
  646. 629. 653. 652. 652. 662. 654. 652. 652. 663. 661. 669. 666. 671.
  676. 667. 673. 679. 681. 675. 680. 686. 680. 668. 684. 685.]]
##############################
[[113. 151. 209. 234. 258. 273. 286. 307. 308. 317. 307. 328. 336. 335.
  344. 353. 367. 368. 370. 370. 361. 375. 375. 387. 370. 380. 382. 368.
  387. 387. 396. 385. 395. 390. 388. 389. 382. 382. 382. 394.]
 [654. 820. 813. 821. 825. 834. 834. 835. 837. 838. 839. 841. 840. 839.
  840. 839. 843. 843. 843. 844. 848. 844. 844. 843. 843. 844. 844. 842.
  843. 846. 845. 842. 844. 843. 843. 843. 843. 845. 844. 845.]
 [193. 303. 375. 432. 459. 489. 513. 526. 535. 553. 576. 577. 579. 595.
  608. 608. 616. 625. 637. 636. 634. 636. 642. 659. 649. 653. 656. 672.
  666. 662. 655. 667. 658. 663. 665. 676. 683. 681. 679. 689.]
 [268. 395. 443. 494. 534. 549. 577. 583. 597. 604. 600. 622. 628. 648.
  646. 629. 653. 652. 652. 662. 654. 652. 652. 663. 661. 669. 666. 671.
  676. 667. 673. 679. 681. 675. 680. 686. 680. 668. 684. 685.]]
##############################
[[113. 151. 222. 234. 258. 273. 286. 307. 308. 317. 307. 328. 336. 335.
  344. 353. 367. 368. 370. 370. 361. 375. 375. 387. 370. 380. 382. 368.
  387. 387. 396. 385. 395. 390. 388. 389. 382. 382. 382. 394.]
 [654. 820. 859. 821. 825. 834. 834. 835. 837. 838. 839. 841. 840. 839.
  840. 839. 843. 843. 843. 844. 848. 844. 844. 843. 843. 844. 844. 842.
  843. 846. 845. 842. 844. 843. 843. 843. 843. 845. 844. 845.]
 [193. 303. 399. 432. 459. 489. 513. 526. 535. 553. 576. 577. 579. 595.
  608. 608. 616. 625. 637. 636. 634. 636. 642. 659. 649. 653. 656. 672.
  666. 662. 655. 667. 658. 663. 665. 676. 683. 681. 679. 689.]
 [268. 395. 471. 494. 534. 549. 577. 583. 597. 604. 600. 622. 628. 648.
  646. 629. 653. 652. 652. 662. 654. 652. 652. 663. 661. 669. 666. 671.
  676. 667. 673. 679. 681. 675. 680. 686. 680. 668. 684. 685.]]
##############################
[[113. 151. 222. 250. 258. 273. 286. 307. 308. 317. 307. 328. 336. 335.
  344. 353. 367. 368. 370. 370. 361. 375. 375. 387. 370. 380. 382. 368.
  387. 387. 396. 385. 395. 390. 388. 389. 382. 382. 382. 394.]
 [654. 820. 859. 870. 825. 834. 834. 835. 837. 838. 839. 841. 840. 839.
  840. 839. 843. 843. 843. 844. 848. 844. 844. 843. 843. 844. 844. 842.
  843. 846. 845. 842. 844. 843. 843. 843. 843. 845. 844. 845.]
 [193. 303. 399. 459. 459. 489. 513. 526. 535. 553. 576. 577. 579. 595.
  608. 608. 616. 625. 637. 636. 634. 636. 642. 659. 649. 653. 656. 672.
  666. 662. 655. 667. 658. 663. 665. 676. 683. 681. 679. 689.]
 [268. 395. 471. 521. 534. 549. 577. 583. 597. 604. 600. 622. 628. 648.
  646. 629. 653. 652. 652. 662. 654. 652. 652. 663. 661. 669. 666. 671.
  676. 667. 673. 679. 681. 675. 680. 686. 680. 668. 684. 685.]]
##############################
[[113. 151. 222. 250. 274. 273. 286. 307. 308. 317. 307. 328. 336. 335.
  344. 353. 367. 368. 370. 370. 361. 375. 375. 387. 370. 380. 382. 368.
  387. 387. 396. 385. 395. 390. 388. 389. 382. 382. 382. 394.]
 [654. 820. 859. 870. 874. 834. 834. 835. 837. 838. 839. 841. 840. 839.
  840. 839. 843. 843. 843. 844. 848. 844. 844. 843. 843. 844. 844. 842.
  843. 846. 845. 842. 844. 843. 843. 843. 843. 845. 844. 845.]
 [193. 303. 399. 459. 488. 489. 513. 526. 535. 553. 576. 577. 579. 595.
  608. 608. 616. 625. 637. 636. 634. 636. 642. 659. 649. 653. 656. 672.
  666. 662. 655. 667. 658. 663. 665. 676. 683. 681. 679. 689.]
 [268. 395. 471. 521. 563. 549. 577. 583. 597. 604. 600. 622. 628. 648.
  646. 629. 653. 652. 652. 662. 654. 652. 652. 663. 661. 669. 666. 671.
  676. 667. 673. 679. 681. 675. 680. 686. 680. 668. 684. 685.]]
##############################
[[113. 151. 222. 250. 274. 286. 286. 307. 308. 317. 307. 328. 336. 335.
  344. 353. 367. 368. 370. 370. 361. 375. 375. 387. 370. 380. 382. 368.
  387. 387. 396. 385. 395. 390. 388. 389. 382. 382. 382. 394.]
 [654. 820. 859. 870. 874. 884. 834. 835. 837. 838. 839. 841. 840. 839.
  840. 839. 843. 843. 843. 844. 848. 844. 844. 843. 843. 844. 844. 842.
  843. 846. 845. 842. 844. 843. 843. 843. 843. 845. 844. 845.]
 [193. 303. 399. 459. 488. 517. 513. 526. 535. 553. 576. 577. 579. 595.
  608. 608. 616. 625. 637. 636. 634. 636. 642. 659. 649. 653. 656. 672.
  666. 662. 655. 667. 658. 663. 665. 676. 683. 681. 679. 689.]
 [268. 395. 471. 521. 563. 579. 577. 583. 597. 604. 600. 622. 628. 648.
  646. 629. 653. 652. 652. 662. 654. 652. 652. 663. 661. 669. 666. 671.
  676. 667. 673. 679. 681. 675. 680. 686. 680. 668. 684. 685.]]
##############################
[[113. 151. 222. 250. 274. 286. 298. 307. 308. 317. 307. 328. 336. 335.
  344. 353. 367. 368. 370. 370. 361. 375. 375. 387. 370. 380. 382. 368.
  387. 387. 396. 385. 395. 390. 388. 389. 382. 382. 382. 394.]
 [654. 820. 859. 870. 874. 884. 884. 835. 837. 838. 839. 841. 840. 839.
  840. 839. 843. 843. 843. 844. 848. 844. 844. 843. 843. 844. 844. 842.
  843. 846. 845. 842. 844. 843. 843. 843. 843. 845. 844. 845.]
 [193. 303. 399. 459. 488. 517. 544. 526. 535. 553. 576. 577. 579. 595.
  608. 608. 616. 625. 637. 636. 634. 636. 642. 659. 649. 653. 656. 672.
  666. 662. 655. 667. 658. 663. 665. 676. 683. 681. 679. 689.]
 [268. 395. 471. 521. 563. 579. 614. 583. 597. 604. 600. 622. 628. 648.
  646. 629. 653. 652. 652. 662. 654. 652. 652. 663. 661. 669. 666. 671.
  676. 667. 673. 679. 681. 675. 680. 686. 680. 668. 684. 685.]]
##############################
[[113. 151. 222. 250. 274. 286. 298. 323. 308. 317. 307. 328. 336. 335.
  344. 353. 367. 368. 370. 370. 361. 375. 375. 387. 370. 380. 382. 368.
  387. 387. 396. 385. 395. 390. 388. 389. 382. 382. 382. 394.]
 [654. 820. 859. 870. 874. 884. 884. 885. 837. 838. 839. 841. 840. 839.
  840. 839. 843. 843. 843. 844. 848. 844. 844. 843. 843. 844. 844. 842.
  843. 846. 845. 842. 844. 843. 843. 843. 843. 845. 844. 845.]
 [193. 303. 399. 459. 488. 517. 544. 558. 535. 553. 576. 577. 579. 595.
  608. 608. 616. 625. 637. 636. 634. 636. 642. 659. 649. 653. 656. 672.
  666. 662. 655. 667. 658. 663. 665. 676. 683. 681. 679. 689.]
 [268. 395. 471. 521. 563. 579. 614. 620. 597. 604. 600. 622. 628. 648.
  646. 629. 653. 652. 652. 662. 654. 652. 652. 663. 661. 669. 666. 671.
  676. 667. 673. 679. 681. 675. 680. 686. 680. 668. 684. 685.]]
##############################
[[113. 151. 222. 250. 274. 286. 298. 323. 326. 317. 307. 328. 336. 335.
  344. 353. 367. 368. 370. 370. 361. 375. 375. 387. 370. 380. 382. 368.
  387. 387. 396. 385. 395. 390. 388. 389. 382. 382. 382. 394.]
 [654. 820. 859. 870. 874. 884. 884. 885. 887. 838. 839. 841. 840. 839.
  840. 839. 843. 843. 843. 844. 848. 844. 844. 843. 843. 844. 844. 842.
  843. 846. 845. 842. 844. 843. 843. 843. 843. 845. 844. 845.]
 [193. 303. 399. 459. 488. 517. 544. 558. 569. 553. 576. 577. 579. 595.
  608. 608. 616. 625. 637. 636. 634. 636. 642. 659. 649. 653. 656. 672.
  666. 662. 655. 667. 658. 663. 665. 676. 683. 681. 679. 689.]
 [268. 395. 471. 521. 563. 579. 614. 620. 635. 604. 600. 622. 628. 648.
  646. 629. 653. 652. 652. 662. 654. 652. 652. 663. 661. 669. 666. 671.
  676. 667. 673. 679. 681. 675. 680. 686. 680. 668. 684. 685.]]
##############################
[[113. 151. 222. 250. 274. 286. 298. 323. 326. 335. 307. 328. 336. 335.
  344. 353. 367. 368. 370. 370. 361. 375. 375. 387. 370. 380. 382. 368.
  387. 387. 396. 385. 395. 390. 388. 389. 382. 382. 382. 394.]
 [654. 820. 859. 870. 874. 884. 884. 885. 887. 888. 839. 841. 840. 839.
  840. 839. 843. 843. 843. 844. 848. 844. 844. 843. 843. 844. 844. 842.
  843. 846. 845. 842. 844. 843. 843. 843. 843. 845. 844. 845.]
 [193. 303. 399. 459. 488. 517. 544. 558. 569. 587. 576. 577. 579. 595.
  608. 608. 616. 625. 637. 636. 634. 636. 642. 659. 649. 653. 656. 672.
  666. 662. 655. 667. 658. 663. 665. 676. 683. 681. 679. 689.]
 [268. 395. 471. 521. 563. 579. 614. 620. 635. 640. 600. 622. 628. 648.
  646. 629. 653. 652. 652. 662. 654. 652. 652. 663. 661. 669. 666. 671.
  676. 667. 673. 679. 681. 675. 680. 686. 680. 668. 684. 685.]]
##############################
[[113. 151. 222. 250. 274. 286. 298. 323. 326. 335. 323. 328. 336. 335.
  344. 353. 367. 368. 370. 370. 361. 375. 375. 387. 370. 380. 382. 368.
  387. 387. 396. 385. 395. 390. 388. 389. 382. 382. 382. 394.]
 [654. 820. 859. 870. 874. 884. 884. 885. 887. 888. 889. 841. 840. 839.
  840. 839. 843. 843. 843. 844. 848. 844. 844. 843. 843. 844. 844. 842.
  843. 846. 845. 842. 844. 843. 843. 843. 843. 845. 844. 845.]
 [193. 303. 399. 459. 488. 517. 544. 558. 569. 587. 612. 577. 579. 595.
  608. 608. 616. 625. 637. 636. 634. 636. 642. 659. 649. 653. 656. 672.
  666. 662. 655. 667. 658. 663. 665. 676. 683. 681. 679. 689.]
 [268. 395. 471. 521. 563. 579. 614. 620. 635. 640. 638. 622. 628. 648.
  646. 629. 653. 652. 652. 662. 654. 652. 652. 663. 661. 669. 666. 671.
  676. 667. 673. 679. 681. 675. 680. 686. 680. 668. 684. 685.]]
##############################
[[113. 151. 222. 250. 274. 286. 298. 323. 326. 335. 323. 344. 336. 335.
  344. 353. 367. 368. 370. 370. 361. 375. 375. 387. 370. 380. 382. 368.
  387. 387. 396. 385. 395. 390. 388. 389. 382. 382. 382. 394.]
 [654. 820. 859. 870. 874. 884. 884. 885. 887. 888. 889. 891. 840. 839.
  840. 839. 843. 843. 843. 844. 848. 844. 844. 843. 843. 844. 844. 842.
  843. 846. 845. 842. 844. 843. 843. 843. 843. 845. 844. 845.]
 [193. 303. 399. 459. 488. 517. 544. 558. 569. 587. 612. 614. 579. 595.
  608. 608. 616. 625. 637. 636. 634. 636. 642. 659. 649. 653. 656. 672.
  666. 662. 655. 667. 658. 663. 665. 676. 683. 681. 679. 689.]
 [268. 395. 471. 521. 563. 579. 614. 620. 635. 640. 638. 661. 628. 648.
  646. 629. 653. 652. 652. 662. 654. 652. 652. 663. 661. 669. 666. 671.
  676. 667. 673. 679. 681. 675. 680. 686. 680. 668. 684. 685.]]
##############################
[[113. 151. 222. 250. 274. 286. 298. 323. 326. 335. 323. 344. 352. 335.
  344. 353. 367. 368. 370. 370. 361. 375. 375. 387. 370. 380. 382. 368.
  387. 387. 396. 385. 395. 390. 388. 389. 382. 382. 382. 394.]
 [654. 820. 859. 870. 874. 884. 884. 885. 887. 888. 889. 891. 890. 839.
  840. 839. 843. 843. 843. 844. 848. 844. 844. 843. 843. 844. 844. 842.
  843. 846. 845. 842. 844. 843. 843. 843. 843. 845. 844. 845.]
 [193. 303. 399. 459. 488. 517. 544. 558. 569. 587. 612. 614. 615. 595.
  608. 608. 616. 625. 637. 636. 634. 636. 642. 659. 649. 653. 656. 672.
  666. 662. 655. 667. 658. 663. 665. 676. 683. 681. 679. 689.]
 [268. 395. 471. 521. 563. 579. 614. 620. 635. 640. 638. 661. 666. 648.
  646. 629. 653. 652. 652. 662. 654. 652. 652. 663. 661. 669. 666. 671.
  676. 667. 673. 679. 681. 675. 680. 686. 680. 668. 684. 685.]]
##############################
[[113. 151. 222. 250. 274. 286. 298. 323. 326. 335. 323. 344. 352. 351.
  344. 353. 367. 368. 370. 370. 361. 375. 375. 387. 370. 380. 382. 368.
  387. 387. 396. 385. 395. 390. 388. 389. 382. 382. 382. 394.]
 [654. 820. 859. 870. 874. 884. 884. 885. 887. 888. 889. 891. 890. 889.
  840. 839. 843. 843. 843. 844. 848. 844. 844. 843. 843. 844. 844. 842.
  843. 846. 845. 842. 844. 843. 843. 843. 843. 845. 844. 845.]
 [193. 303. 399. 459. 488. 517. 544. 558. 569. 587. 612. 614. 615. 630.
  608. 608. 616. 625. 637. 636. 634. 636. 642. 659. 649. 653. 656. 672.
  666. 662. 655. 667. 658. 663. 665. 676. 683. 681. 679. 689.]
 [268. 395. 471. 521. 563. 579. 614. 620. 635. 640. 638. 661. 666. 686.
  646. 629. 653. 652. 652. 662. 654. 652. 652. 663. 661. 669. 666. 671.
  676. 667. 673. 679. 681. 675. 680. 686. 680. 668. 684. 685.]]
##############################
[[113. 151. 222. 250. 274. 286. 298. 323. 326. 335. 323. 344. 352. 351.
  362. 353. 367. 368. 370. 370. 361. 375. 375. 387. 370. 380. 382. 368.
  387. 387. 396. 385. 395. 390. 388. 389. 382. 382. 382. 394.]
 [654. 820. 859. 870. 874. 884. 884. 885. 887. 888. 889. 891. 890. 889.
  890. 839. 843. 843. 843. 844. 848. 844. 844. 843. 843. 844. 844. 842.
  843. 846. 845. 842. 844. 843. 843. 843. 843. 845. 844. 845.]
 [193. 303. 399. 459. 488. 517. 544. 558. 569. 587. 612. 614. 615. 630.
  644. 608. 616. 625. 637. 636. 634. 636. 642. 659. 649. 653. 656. 672.
  666. 662. 655. 667. 658. 663. 665. 676. 683. 681. 679. 689.]
 [268. 395. 471. 521. 563. 579. 614. 620. 635. 640. 638. 661. 666. 686.
  687. 629. 653. 652. 652. 662. 654. 652. 652. 663. 661. 669. 666. 671.
  676. 667. 673. 679. 681. 675. 680. 686. 680. 668. 684. 685.]]
##############################
[[113. 151. 222. 250. 274. 286. 298. 323. 326. 335. 323. 344. 352. 351.
  362. 371. 367. 368. 370. 370. 361. 375. 375. 387. 370. 380. 382. 368.
  387. 387. 396. 385. 395. 390. 388. 389. 382. 382. 382. 394.]
 [654. 820. 859. 870. 874. 884. 884. 885. 887. 888. 889. 891. 890. 889.
  890. 889. 843. 843. 843. 844. 848. 844. 844. 843. 843. 844. 844. 842.
  843. 846. 845. 842. 844. 843. 843. 843. 843. 845. 844. 845.]
 [193. 303. 399. 459. 488. 517. 544. 558. 569. 587. 612. 614. 615. 630.
  644. 644. 616. 625. 637. 636. 634. 636. 642. 659. 649. 653. 656. 672.
  666. 662. 655. 667. 658. 663. 665. 676. 683. 681. 679. 689.]
 [268. 395. 471. 521. 563. 579. 614. 620. 635. 640. 638. 661. 666. 686.
  687. 666. 653. 652. 652. 662. 654. 652. 652. 663. 661. 669. 666. 671.
  676. 667. 673. 679. 681. 675. 680. 686. 680. 668. 684. 685.]]
##############################
[[113. 151. 222. 250. 274. 286. 298. 323. 326. 335. 323. 344. 352. 351.
  362. 371. 385. 368. 370. 370. 361. 375. 375. 387. 370. 380. 382. 368.
  387. 387. 396. 385. 395. 390. 388. 389. 382. 382. 382. 394.]
 [654. 820. 859. 870. 874. 884. 884. 885. 887. 888. 889. 891. 890. 889.
  890. 889. 893. 843. 843. 844. 848. 844. 844. 843. 843. 844. 844. 842.
  843. 846. 845. 842. 844. 843. 843. 843. 843. 845. 844. 845.]
 [193. 303. 399. 459. 488. 517. 544. 558. 569. 587. 612. 614. 615. 630.
  644. 644. 652. 625. 637. 636. 634. 636. 642. 659. 649. 653. 656. 672.
  666. 662. 655. 667. 658. 663. 665. 676. 683. 681. 679. 689.]
 [268. 395. 471. 521. 563. 579. 614. 620. 635. 640. 638. 661. 666. 686.
  687. 666. 692. 652. 652. 662. 654. 652. 652. 663. 661. 669. 666. 671.
  676. 667. 673. 679. 681. 675. 680. 686. 680. 668. 684. 685.]]
##############################
[[113. 151. 222. 250. 274. 286. 298. 323. 326. 335. 323. 344. 352. 351.
  362. 371. 385. 388. 370. 370. 361. 375. 375. 387. 370. 380. 382. 368.
  387. 387. 396. 385. 395. 390. 388. 389. 382. 382. 382. 394.]
 [654. 820. 859. 870. 874. 884. 884. 885. 887. 888. 889. 891. 890. 889.
  890. 889. 893. 893. 843. 844. 848. 844. 844. 843. 843. 844. 844. 842.
  843. 846. 845. 842. 844. 843. 843. 843. 843. 845. 844. 845.]
 [193. 303. 399. 459. 488. 517. 544. 558. 569. 587. 612. 614. 615. 630.
  644. 644. 652. 664. 637. 636. 634. 636. 642. 659. 649. 653. 656. 672.
  666. 662. 655. 667. 658. 663. 665. 676. 683. 681. 679. 689.]
 [268. 395. 471. 521. 563. 579. 614. 620. 635. 640. 638. 661. 666. 686.
  687. 666. 692. 691. 652. 662. 654. 652. 652. 663. 661. 669. 666. 671.
  676. 667. 673. 679. 681. 675. 680. 686. 680. 668. 684. 685.]]
##############################
[[113. 151. 222. 250. 274. 286. 298. 323. 326. 335. 323. 344. 352. 351.
  362. 371. 385. 388. 390. 370. 361. 375. 375. 387. 370. 380. 382. 368.
  387. 387. 396. 385. 395. 390. 388. 389. 382. 382. 382. 394.]
 [654. 820. 859. 870. 874. 884. 884. 885. 887. 888. 889. 891. 890. 889.
  890. 889. 893. 893. 893. 844. 848. 844. 844. 843. 843. 844. 844. 842.
  843. 846. 845. 842. 844. 843. 843. 843. 843. 845. 844. 845.]
 [193. 303. 399. 459. 488. 517. 544. 558. 569. 587. 612. 614. 615. 630.
  644. 644. 652. 664. 676. 636. 634. 636. 642. 659. 649. 653. 656. 672.
  666. 662. 655. 667. 658. 663. 665. 676. 683. 681. 679. 689.]
 [268. 395. 471. 521. 563. 579. 614. 620. 635. 640. 638. 661. 666. 686.
  687. 666. 692. 691. 692. 662. 654. 652. 652. 663. 661. 669. 666. 671.
  676. 667. 673. 679. 681. 675. 680. 686. 680. 668. 684. 685.]]
##############################
[[113. 151. 222. 250. 274. 286. 298. 323. 326. 335. 323. 344. 352. 351.
  362. 371. 385. 388. 390. 391. 361. 375. 375. 387. 370. 380. 382. 368.
  387. 387. 396. 385. 395. 390. 388. 389. 382. 382. 382. 394.]
 [654. 820. 859. 870. 874. 884. 884. 885. 887. 888. 889. 891. 890. 889.
  890. 889. 893. 893. 893. 894. 848. 844. 844. 843. 843. 844. 844. 842.
  843. 846. 845. 842. 844. 843. 843. 843. 843. 845. 844. 845.]
 [193. 303. 399. 459. 488. 517. 544. 558. 569. 587. 612. 614. 615. 630.
  644. 644. 652. 664. 676. 674. 634. 636. 642. 659. 649. 653. 656. 672.
  666. 662. 655. 667. 658. 663. 665. 676. 683. 681. 679. 689.]
 [268. 395. 471. 521. 563. 579. 614. 620. 635. 640. 638. 661. 666. 686.
  687. 666. 692. 691. 692. 700. 654. 652. 652. 663. 661. 669. 666. 671.
  676. 667. 673. 679. 681. 675. 680. 686. 680. 668. 684. 685.]]
##############################
[[113. 151. 222. 250. 274. 286. 298. 323. 326. 335. 323. 344. 352. 351.
  362. 371. 385. 388. 390. 391. 381. 375. 375. 387. 370. 380. 382. 368.
  387. 387. 396. 385. 395. 390. 388. 389. 382. 382. 382. 394.]
 [654. 820. 859. 870. 874. 884. 884. 885. 887. 888. 889. 891. 890. 889.
  890. 889. 893. 893. 893. 894. 898. 844. 844. 843. 843. 844. 844. 842.
  843. 846. 845. 842. 844. 843. 843. 843. 843. 845. 844. 845.]
 [193. 303. 399. 459. 488. 517. 544. 558. 569. 587. 612. 614. 615. 630.
  644. 644. 652. 664. 676. 674. 674. 636. 642. 659. 649. 653. 656. 672.
  666. 662. 655. 667. 658. 663. 665. 676. 683. 681. 679. 689.]
 [268. 395. 471. 521. 563. 579. 614. 620. 635. 640. 638. 661. 666. 686.
  687. 666. 692. 691. 692. 700. 692. 652. 652. 663. 661. 669. 666. 671.
  676. 667. 673. 679. 681. 675. 680. 686. 680. 668. 684. 685.]]
##############################
[[113. 151. 222. 250. 274. 286. 298. 323. 326. 335. 323. 344. 352. 351.
  362. 371. 385. 388. 390. 391. 381. 396. 375. 387. 370. 380. 382. 368.
  387. 387. 396. 385. 395. 390. 388. 389. 382. 382. 382. 394.]
 [654. 820. 859. 870. 874. 884. 884. 885. 887. 888. 889. 891. 890. 889.
  890. 889. 893. 893. 893. 894. 898. 894. 844. 843. 843. 844. 844. 842.
  843. 846. 845. 842. 844. 843. 843. 843. 843. 845. 844. 845.]
 [193. 303. 399. 459. 488. 517. 544. 558. 569. 587. 612. 614. 615. 630.
  644. 644. 652. 664. 676. 674. 674. 675. 642. 659. 649. 653. 656. 672.
  666. 662. 655. 667. 658. 663. 665. 676. 683. 681. 679. 689.]
 [268. 395. 471. 521. 563. 579. 614. 620. 635. 640. 638. 661. 666. 686.
  687. 666. 692. 691. 692. 700. 692. 691. 652. 663. 661. 669. 666. 671.
  676. 667. 673. 679. 681. 675. 680. 686. 680. 668. 684. 685.]]
##############################
[[113. 151. 222. 250. 274. 286. 298. 323. 326. 335. 323. 344. 352. 351.
  362. 371. 385. 388. 390. 391. 381. 396. 397. 387. 370. 380. 382. 368.
  387. 387. 396. 385. 395. 390. 388. 389. 382. 382. 382. 394.]
 [654. 820. 859. 870. 874. 884. 884. 885. 887. 888. 889. 891. 890. 889.
  890. 889. 893. 893. 893. 894. 898. 894. 894. 843. 843. 844. 844. 842.
  843. 846. 845. 842. 844. 843. 843. 843. 843. 845. 844. 845.]
 [193. 303. 399. 459. 488. 517. 544. 558. 569. 587. 612. 614. 615. 630.
  644. 644. 652. 664. 676. 674. 674. 675. 683. 659. 649. 653. 656. 672.
  666. 662. 655. 667. 658. 663. 665. 676. 683. 681. 679. 689.]
 [268. 395. 471. 521. 563. 579. 614. 620. 635. 640. 638. 661. 666. 686.
  687. 666. 692. 691. 692. 700. 692. 691. 693. 663. 661. 669. 666. 671.
  676. 667. 673. 679. 681. 675. 680. 686. 680. 668. 684. 685.]]
##############################
[[113. 151. 222. 250. 274. 286. 298. 323. 326. 335. 323. 344. 352. 351.
  362. 371. 385. 388. 390. 391. 381. 396. 397. 407. 370. 380. 382. 368.
  387. 387. 396. 385. 395. 390. 388. 389. 382. 382. 382. 394.]
 [654. 820. 859. 870. 874. 884. 884. 885. 887. 888. 889. 891. 890. 889.
  890. 889. 893. 893. 893. 894. 898. 894. 894. 893. 843. 844. 844. 842.
  843. 846. 845. 842. 844. 843. 843. 843. 843. 845. 844. 845.]
 [193. 303. 399. 459. 488. 517. 544. 558. 569. 587. 612. 614. 615. 630.
  644. 644. 652. 664. 676. 674. 674. 675. 683. 699. 649. 653. 656. 672.
  666. 662. 655. 667. 658. 663. 665. 676. 683. 681. 679. 689.]
 [268. 395. 471. 521. 563. 579. 614. 620. 635. 640. 638. 661. 666. 686.
  687. 666. 692. 691. 692. 700. 692. 691. 693. 703. 661. 669. 666. 671.
  676. 667. 673. 679. 681. 675. 680. 686. 680. 668. 684. 685.]]
##############################
[[113. 151. 222. 250. 274. 286. 298. 323. 326. 335. 323. 344. 352. 351.
  362. 371. 385. 388. 390. 391. 381. 396. 397. 407. 392. 380. 382. 368.
  387. 387. 396. 385. 395. 390. 388. 389. 382. 382. 382. 394.]
 [654. 820. 859. 870. 874. 884. 884. 885. 887. 888. 889. 891. 890. 889.
  890. 889. 893. 893. 893. 894. 898. 894. 894. 893. 893. 844. 844. 842.
  843. 846. 845. 842. 844. 843. 843. 843. 843. 845. 844. 845.]
 [193. 303. 399. 459. 488. 517. 544. 558. 569. 587. 612. 614. 615. 630.
  644. 644. 652. 664. 676. 674. 674. 675. 683. 699. 688. 653. 656. 672.
  666. 662. 655. 667. 658. 663. 665. 676. 683. 681. 679. 689.]
 [268. 395. 471. 521. 563. 579. 614. 620. 635. 640. 638. 661. 666. 686.
  687. 666. 692. 691. 692. 700. 692. 691. 693. 703. 703. 669. 666. 671.
  676. 667. 673. 679. 681. 675. 680. 686. 680. 668. 684. 685.]]
##############################
[[113. 151. 222. 250. 274. 286. 298. 323. 326. 335. 323. 344. 352. 351.
  362. 371. 385. 388. 390. 391. 381. 396. 397. 407. 392. 400. 382. 368.
  387. 387. 396. 385. 395. 390. 388. 389. 382. 382. 382. 394.]
 [654. 820. 859. 870. 874. 884. 884. 885. 887. 888. 889. 891. 890. 889.
  890. 889. 893. 893. 893. 894. 898. 894. 894. 893. 893. 894. 844. 842.
  843. 846. 845. 842. 844. 843. 843. 843. 843. 845. 844. 845.]
 [193. 303. 399. 459. 488. 517. 544. 558. 569. 587. 612. 614. 615. 630.
  644. 644. 652. 664. 676. 674. 674. 675. 683. 699. 688. 694. 656. 672.
  666. 662. 655. 667. 658. 663. 665. 676. 683. 681. 679. 689.]
 [268. 395. 471. 521. 563. 579. 614. 620. 635. 640. 638. 661. 666. 686.
  687. 666. 692. 691. 692. 700. 692. 691. 693. 703. 703. 709. 666. 671.
  676. 667. 673. 679. 681. 675. 680. 686. 680. 668. 684. 685.]]
##############################
[[113. 151. 222. 250. 274. 286. 298. 323. 326. 335. 323. 344. 352. 351.
  362. 371. 385. 388. 390. 391. 381. 396. 397. 407. 392. 400. 400. 368.
  387. 387. 396. 385. 395. 390. 388. 389. 382. 382. 382. 394.]
 [654. 820. 859. 870. 874. 884. 884. 885. 887. 888. 889. 891. 890. 889.
  890. 889. 893. 893. 893. 894. 898. 894. 894. 893. 893. 894. 894. 842.
  843. 846. 845. 842. 844. 843. 843. 843. 843. 845. 844. 845.]
 [193. 303. 399. 459. 488. 517. 544. 558. 569. 587. 612. 614. 615. 630.
  644. 644. 652. 664. 676. 674. 674. 675. 683. 699. 688. 694. 699. 672.
  666. 662. 655. 667. 658. 663. 665. 676. 683. 681. 679. 689.]
 [268. 395. 471. 521. 563. 579. 614. 620. 635. 640. 638. 661. 666. 686.
  687. 666. 692. 691. 692. 700. 692. 691. 693. 703. 703. 709. 708. 671.
  676. 667. 673. 679. 681. 675. 680. 686. 680. 668. 684. 685.]]
##############################
[[113. 151. 222. 250. 274. 286. 298. 323. 326. 335. 323. 344. 352. 351.
  362. 371. 385. 388. 390. 391. 381. 396. 397. 407. 392. 400. 400. 388.
  387. 387. 396. 385. 395. 390. 388. 389. 382. 382. 382. 394.]
 [654. 820. 859. 870. 874. 884. 884. 885. 887. 888. 889. 891. 890. 889.
  890. 889. 893. 893. 893. 894. 898. 894. 894. 893. 893. 894. 894. 892.
  843. 846. 845. 842. 844. 843. 843. 843. 843. 845. 844. 845.]
 [193. 303. 399. 459. 488. 517. 544. 558. 569. 587. 612. 614. 615. 630.
  644. 644. 652. 664. 676. 674. 674. 675. 683. 699. 688. 694. 699. 713.
  666. 662. 655. 667. 658. 663. 665. 676. 683. 681. 679. 689.]
 [268. 395. 471. 521. 563. 579. 614. 620. 635. 640. 638. 661. 666. 686.
  687. 666. 692. 691. 692. 700. 692. 691. 693. 703. 703. 709. 708. 712.
  676. 667. 673. 679. 681. 675. 680. 686. 680. 668. 684. 685.]]
##############################
[[113. 151. 222. 250. 274. 286. 298. 323. 326. 335. 323. 344. 352. 351.
  362. 371. 385. 388. 390. 391. 381. 396. 397. 407. 392. 400. 400. 388.
  410. 387. 396. 385. 395. 390. 388. 389. 382. 382. 382. 394.]
 [654. 820. 859. 870. 874. 884. 884. 885. 887. 888. 889. 891. 890. 889.
  890. 889. 893. 893. 893. 894. 898. 894. 894. 893. 893. 894. 894. 892.
  893. 846. 845. 842. 844. 843. 843. 843. 843. 845. 844. 845.]
 [193. 303. 399. 459. 488. 517. 544. 558. 569. 587. 612. 614. 615. 630.
  644. 644. 652. 664. 676. 674. 674. 675. 683. 699. 688. 694. 699. 713.
  707. 662. 655. 667. 658. 663. 665. 676. 683. 681. 679. 689.]
 [268. 395. 471. 521. 563. 579. 614. 620. 635. 640. 638. 661. 666. 686.
  687. 666. 692. 691. 692. 700. 692. 691. 693. 703. 703. 709. 708. 712.
  717. 667. 673. 679. 681. 675. 680. 686. 680. 668. 684. 685.]]
##############################
[[113. 151. 222. 250. 274. 286. 298. 323. 326. 335. 323. 344. 352. 351.
  362. 371. 385. 388. 390. 391. 381. 396. 397. 407. 392. 400. 400. 388.
  410. 406. 396. 385. 395. 390. 388. 389. 382. 382. 382. 394.]
 [654. 820. 859. 870. 874. 884. 884. 885. 887. 888. 889. 891. 890. 889.
  890. 889. 893. 893. 893. 894. 898. 894. 894. 893. 893. 894. 894. 892.
  893. 896. 845. 842. 844. 843. 843. 843. 843. 845. 844. 845.]
 [193. 303. 399. 459. 488. 517. 544. 558. 569. 587. 612. 614. 615. 630.
  644. 644. 652. 664. 676. 674. 674. 675. 683. 699. 688. 694. 699. 713.
  707. 703. 655. 667. 658. 663. 665. 676. 683. 681. 679. 689.]
 [268. 395. 471. 521. 563. 579. 614. 620. 635. 640. 638. 661. 666. 686.
  687. 666. 692. 691. 692. 700. 692. 691. 693. 703. 703. 709. 708. 712.
  717. 707. 673. 679. 681. 675. 680. 686. 680. 668. 684. 685.]]
##############################
[[113. 151. 222. 250. 274. 286. 298. 323. 326. 335. 323. 344. 352. 351.
  362. 371. 385. 388. 390. 391. 381. 396. 397. 407. 392. 400. 400. 388.
  410. 406. 416. 385. 395. 390. 388. 389. 382. 382. 382. 394.]
 [654. 820. 859. 870. 874. 884. 884. 885. 887. 888. 889. 891. 890. 889.
  890. 889. 893. 893. 893. 894. 898. 894. 894. 893. 893. 894. 894. 892.
  893. 896. 895. 842. 844. 843. 843. 843. 843. 845. 844. 845.]
 [193. 303. 399. 459. 488. 517. 544. 558. 569. 587. 612. 614. 615. 630.
  644. 644. 652. 664. 676. 674. 674. 675. 683. 699. 688. 694. 699. 713.
  707. 703. 697. 667. 658. 663. 665. 676. 683. 681. 679. 689.]
 [268. 395. 471. 521. 563. 579. 614. 620. 635. 640. 638. 661. 666. 686.
  687. 666. 692. 691. 692. 700. 692. 691. 693. 703. 703. 709. 708. 712.
  717. 707. 715. 679. 681. 675. 680. 686. 680. 668. 684. 685.]]
##############################
[[113. 151. 222. 250. 274. 286. 298. 323. 326. 335. 323. 344. 352. 351.
  362. 371. 385. 388. 390. 391. 381. 396. 397. 407. 392. 400. 400. 388.
  410. 406. 416. 404. 395. 390. 388. 389. 382. 382. 382. 394.]
 [654. 820. 859. 870. 874. 884. 884. 885. 887. 888. 889. 891. 890. 889.
  890. 889. 893. 893. 893. 894. 898. 894. 894. 893. 893. 894. 894. 892.
  893. 896. 895. 892. 844. 843. 843. 843. 843. 845. 844. 845.]
 [193. 303. 399. 459. 488. 517. 544. 558. 569. 587. 612. 614. 615. 630.
  644. 644. 652. 664. 676. 674. 674. 675. 683. 699. 688. 694. 699. 713.
  707. 703. 697. 708. 658. 663. 665. 676. 683. 681. 679. 689.]
 [268. 395. 471. 521. 563. 579. 614. 620. 635. 640. 638. 661. 666. 686.
  687. 666. 692. 691. 692. 700. 692. 691. 693. 703. 703. 709. 708. 712.
  717. 707. 715. 722. 681. 675. 680. 686. 680. 668. 684. 685.]]
##############################
[[113. 151. 222. 250. 274. 286. 298. 323. 326. 335. 323. 344. 352. 351.
  362. 371. 385. 388. 390. 391. 381. 396. 397. 407. 392. 400. 400. 388.
  410. 406. 416. 404. 412. 390. 388. 389. 382. 382. 382. 394.]
 [654. 820. 859. 870. 874. 884. 884. 885. 887. 888. 889. 891. 890. 889.
  890. 889. 893. 893. 893. 894. 898. 894. 894. 893. 893. 894. 894. 892.
  893. 896. 895. 892. 894. 843. 843. 843. 843. 845. 844. 845.]
 [193. 303. 399. 459. 488. 517. 544. 558. 569. 587. 612. 614. 615. 630.
  644. 644. 652. 664. 676. 674. 674. 675. 683. 699. 688. 694. 699. 713.
  707. 703. 697. 708. 699. 663. 665. 676. 683. 681. 679. 689.]
 [268. 395. 471. 521. 563. 579. 614. 620. 635. 640. 638. 661. 666. 686.
  687. 666. 692. 691. 692. 700. 692. 691. 693. 703. 703. 709. 708. 712.
  717. 707. 715. 722. 722. 675. 680. 686. 680. 668. 684. 685.]]
##############################
[[113. 151. 222. 250. 274. 286. 298. 323. 326. 335. 323. 344. 352. 351.
  362. 371. 385. 388. 390. 391. 381. 396. 397. 407. 392. 400. 400. 388.
  410. 406. 416. 404. 412. 404. 388. 389. 382. 382. 382. 394.]
 [654. 820. 859. 870. 874. 884. 884. 885. 887. 888. 889. 891. 890. 889.
  890. 889. 893. 893. 893. 894. 898. 894. 894. 893. 893. 894. 894. 892.
  893. 896. 895. 892. 894. 893. 843. 843. 843. 845. 844. 845.]
 [193. 303. 399. 459. 488. 517. 544. 558. 569. 587. 612. 614. 615. 630.
  644. 644. 652. 664. 676. 674. 674. 675. 683. 699. 688. 694. 699. 713.
  707. 703. 697. 708. 699. 705. 665. 676. 683. 681. 679. 689.]
 [268. 395. 471. 521. 563. 579. 614. 620. 635. 640. 638. 661. 666. 686.
  687. 666. 692. 691. 692. 700. 692. 691. 693. 703. 703. 709. 708. 712.
  717. 707. 715. 722. 722. 720. 680. 686. 680. 668. 684. 685.]]
##############################
[[113. 151. 222. 250. 274. 286. 298. 323. 326. 335. 323. 344. 352. 351.
  362. 371. 385. 388. 390. 391. 381. 396. 397. 407. 392. 400. 400. 388.
  410. 406. 416. 404. 412. 404. 408. 389. 382. 382. 382. 394.]
 [654. 820. 859. 870. 874. 884. 884. 885. 887. 888. 889. 891. 890. 889.
  890. 889. 893. 893. 893. 894. 898. 894. 894. 893. 893. 894. 894. 892.
  893. 896. 895. 892. 894. 893. 893. 843. 843. 845. 844. 845.]
 [193. 303. 399. 459. 488. 517. 544. 558. 569. 587. 612. 614. 615. 630.
  644. 644. 652. 664. 676. 674. 674. 675. 683. 699. 688. 694. 699. 713.
  707. 703. 697. 708. 699. 705. 708. 676. 683. 681. 679. 689.]
 [268. 395. 471. 521. 563. 579. 614. 620. 635. 640. 638. 661. 666. 686.
  687. 666. 692. 691. 692. 700. 692. 691. 693. 703. 703. 709. 708. 712.
  717. 707. 715. 722. 722. 720. 723. 686. 680. 668. 684. 685.]]
##############################
[[113. 151. 222. 250. 274. 286. 298. 323. 326. 335. 323. 344. 352. 351.
  362. 371. 385. 388. 390. 391. 381. 396. 397. 407. 392. 400. 400. 388.
  410. 406. 416. 404. 412. 404. 408. 410. 382. 382. 382. 394.]
 [654. 820. 859. 870. 874. 884. 884. 885. 887. 888. 889. 891. 890. 889.
  890. 889. 893. 893. 893. 894. 898. 894. 894. 893. 893. 894. 894. 892.
  893. 896. 895. 892. 894. 893. 893. 893. 843. 845. 844. 845.]
 [193. 303. 399. 459. 488. 517. 544. 558. 569. 587. 612. 614. 615. 630.
  644. 644. 652. 664. 676. 674. 674. 675. 683. 699. 688. 694. 699. 713.
  707. 703. 697. 708. 699. 705. 708. 717. 683. 681. 679. 689.]
 [268. 395. 471. 521. 563. 579. 614. 620. 635. 640. 638. 661. 666. 686.
  687. 666. 692. 691. 692. 700. 692. 691. 693. 703. 703. 709. 708. 712.
  717. 707. 715. 722. 722. 720. 723. 729. 680. 668. 684. 685.]]
##############################
[[113. 151. 222. 250. 274. 286. 298. 323. 326. 335. 323. 344. 352. 351.
  362. 371. 385. 388. 390. 391. 381. 396. 397. 407. 392. 400. 400. 388.
  410. 406. 416. 404. 412. 404. 408. 410. 403. 382. 382. 394.]
 [654. 820. 859. 870. 874. 884. 884. 885. 887. 888. 889. 891. 890. 889.
  890. 889. 893. 893. 893. 894. 898. 894. 894. 893. 893. 894. 894. 892.
  893. 896. 895. 892. 894. 893. 893. 893. 893. 845. 844. 845.]
 [193. 303. 399. 459. 488. 517. 544. 558. 569. 587. 612. 614. 615. 630.
  644. 644. 652. 664. 676. 674. 674. 675. 683. 699. 688. 694. 699. 713.
  707. 703. 697. 708. 699. 705. 708. 717. 725. 681. 679. 689.]
 [268. 395. 471. 521. 563. 579. 614. 620. 635. 640. 638. 661. 666. 686.
  687. 666. 692. 691. 692. 700. 692. 691. 693. 703. 703. 709. 708. 712.
  717. 707. 715. 722. 722. 720. 723. 729. 720. 668. 684. 685.]]
##############################
[[113. 151. 222. 250. 274. 286. 298. 323. 326. 335. 323. 344. 352. 351.
  362. 371. 385. 388. 390. 391. 381. 396. 397. 407. 392. 400. 400. 388.
  410. 406. 416. 404. 412. 404. 408. 410. 403. 403. 382. 394.]
 [654. 820. 859. 870. 874. 884. 884. 885. 887. 888. 889. 891. 890. 889.
  890. 889. 893. 893. 893. 894. 898. 894. 894. 893. 893. 894. 894. 892.
  893. 896. 895. 892. 894. 893. 893. 893. 893. 895. 844. 845.]
 [193. 303. 399. 459. 488. 517. 544. 558. 569. 587. 612. 614. 615. 630.
  644. 644. 652. 664. 676. 674. 674. 675. 683. 699. 688. 694. 699. 713.
  707. 703. 697. 708. 699. 705. 708. 717. 725. 723. 679. 689.]
 [268. 395. 471. 521. 563. 579. 614. 620. 635. 640. 638. 661. 666. 686.
  687. 666. 692. 691. 692. 700. 692. 691. 693. 703. 703. 709. 708. 712.
  717. 707. 715. 722. 722. 720. 723. 729. 720. 711. 684. 685.]]
##############################
[[113. 151. 222. 250. 274. 286. 298. 323. 326. 335. 323. 344. 352. 351.
  362. 371. 385. 388. 390. 391. 381. 396. 397. 407. 392. 400. 400. 388.
  410. 406. 416. 404. 412. 404. 408. 410. 403. 403. 405. 394.]
 [654. 820. 859. 870. 874. 884. 884. 885. 887. 888. 889. 891. 890. 889.
  890. 889. 893. 893. 893. 894. 898. 894. 894. 893. 893. 894. 894. 892.
  893. 896. 895. 892. 894. 893. 893. 893. 893. 895. 894. 845.]
 [193. 303. 399. 459. 488. 517. 544. 558. 569. 587. 612. 614. 615. 630.
  644. 644. 652. 664. 676. 674. 674. 675. 683. 699. 688. 694. 699. 713.
  707. 703. 697. 708. 699. 705. 708. 717. 725. 723. 720. 689.]
 [268. 395. 471. 521. 563. 579. 614. 620. 635. 640. 638. 661. 666. 686.
  687. 666. 692. 691. 692. 700. 692. 691. 693. 703. 703. 709. 708. 712.
  717. 707. 715. 722. 722. 720. 723. 729. 720. 711. 726. 685.]]
##############################
[[113. 151. 222. 250. 274. 286. 298. 323. 326. 335. 323. 344. 352. 351.
  362. 371. 385. 388. 390. 391. 381. 396. 397. 407. 392. 400. 400. 388.
  410. 406. 416. 404. 412. 404. 408. 410. 403. 403. 405. 413.]
 [654. 820. 859. 870. 874. 884. 884. 885. 887. 888. 889. 891. 890. 889.
  890. 889. 893. 893. 893. 894. 898. 894. 894. 893. 893. 894. 894. 892.
  893. 896. 895. 892. 894. 893. 893. 893. 893. 895. 894. 895.]
 [193. 303. 399. 459. 488. 517. 544. 558. 569. 587. 612. 614. 615. 630.
  644. 644. 652. 664. 676. 674. 674. 675. 683. 699. 688. 694. 699. 713.
  707. 703. 697. 708. 699. 705. 708. 717. 725. 723. 720. 732.]
 [268. 395. 471. 521. 563. 579. 614. 620. 635. 640. 638. 661. 666. 686.
  687. 666. 692. 691. 692. 700. 692. 691. 693. 703. 703. 709. 708. 712.
  717. 707. 715. 722. 722. 720. 723. 729. 720. 711. 726. 729.]]
##############################
##################################################
##################################################
starting :19 batch
[[117. 151. 222. 250. 274. 286. 298. 323. 326. 335. 323. 344. 352. 351.
  362. 371. 385. 388. 390. 391. 381. 396. 397. 407. 392. 400. 400. 388.
  410. 406. 416. 404. 412. 404. 408. 410. 403. 403. 405. 413.]
 [688. 820. 859. 870. 874. 884. 884. 885. 887. 888. 889. 891. 890. 889.
  890. 889. 893. 893. 893. 894. 898. 894. 894. 893. 893. 894. 894. 892.
  893. 896. 895. 892. 894. 893. 893. 893. 893. 895. 894. 895.]
 [199. 303. 399. 459. 488. 517. 544. 558. 569. 587. 612. 614. 615. 630.
  644. 644. 652. 664. 676. 674. 674. 675. 683. 699. 688. 694. 699. 713.
  707. 703. 697. 708. 699. 705. 708. 717. 725. 723. 720. 732.]
 [286. 395. 471. 521. 563. 579. 614. 620. 635. 640. 638. 661. 666. 686.
  687. 666. 692. 691. 692. 700. 692. 691. 693. 703. 703. 709. 708. 712.
  717. 707. 715. 722. 722. 720. 723. 729. 720. 711. 726. 729.]]
##############################
[[117. 161. 222. 250. 274. 286. 298. 323. 326. 335. 323. 344. 352. 351.
  362. 371. 385. 388. 390. 391. 381. 396. 397. 407. 392. 400. 400. 388.
  410. 406. 416. 404. 412. 404. 408. 410. 403. 403. 405. 413.]
 [688. 864. 859. 870. 874. 884. 884. 885. 887. 888. 889. 891. 890. 889.
  890. 889. 893. 893. 893. 894. 898. 894. 894. 893. 893. 894. 894. 892.
  893. 896. 895. 892. 894. 893. 893. 893. 893. 895. 894. 895.]
 [199. 322. 399. 459. 488. 517. 544. 558. 569. 587. 612. 614. 615. 630.
  644. 644. 652. 664. 676. 674. 674. 675. 683. 699. 688. 694. 699. 713.
  707. 703. 697. 708. 699. 705. 708. 717. 725. 723. 720. 732.]
 [286. 422. 471. 521. 563. 579. 614. 620. 635. 640. 638. 661. 666. 686.
  687. 666. 692. 691. 692. 700. 692. 691. 693. 703. 703. 709. 708. 712.
  717. 707. 715. 722. 722. 720. 723. 729. 720. 711. 726. 729.]]
##############################
[[117. 161. 234. 250. 274. 286. 298. 323. 326. 335. 323. 344. 352. 351.
  362. 371. 385. 388. 390. 391. 381. 396. 397. 407. 392. 400. 400. 388.
  410. 406. 416. 404. 412. 404. 408. 410. 403. 403. 405. 413.]
 [688. 864. 905. 870. 874. 884. 884. 885. 887. 888. 889. 891. 890. 889.
  890. 889. 893. 893. 893. 894. 898. 894. 894. 893. 893. 894. 894. 892.
  893. 896. 895. 892. 894. 893. 893. 893. 893. 895. 894. 895.]
 [199. 322. 425. 459. 488. 517. 544. 558. 569. 587. 612. 614. 615. 630.
  644. 644. 652. 664. 676. 674. 674. 675. 683. 699. 688. 694. 699. 713.
  707. 703. 697. 708. 699. 705. 708. 717. 725. 723. 720. 732.]
 [286. 422. 502. 521. 563. 579. 614. 620. 635. 640. 638. 661. 666. 686.
  687. 666. 692. 691. 692. 700. 692. 691. 693. 703. 703. 709. 708. 712.
  717. 707. 715. 722. 722. 720. 723. 729. 720. 711. 726. 729.]]
##############################
[[117. 161. 234. 267. 274. 286. 298. 323. 326. 335. 323. 344. 352. 351.
  362. 371. 385. 388. 390. 391. 381. 396. 397. 407. 392. 400. 400. 388.
  410. 406. 416. 404. 412. 404. 408. 410. 403. 403. 405. 413.]
 [688. 864. 905. 917. 874. 884. 884. 885. 887. 888. 889. 891. 890. 889.
  890. 889. 893. 893. 893. 894. 898. 894. 894. 893. 893. 894. 894. 892.
  893. 896. 895. 892. 894. 893. 893. 893. 893. 895. 894. 895.]
 [199. 322. 425. 490. 488. 517. 544. 558. 569. 587. 612. 614. 615. 630.
  644. 644. 652. 664. 676. 674. 674. 675. 683. 699. 688. 694. 699. 713.
  707. 703. 697. 708. 699. 705. 708. 717. 725. 723. 720. 732.]
 [286. 422. 502. 553. 563. 579. 614. 620. 635. 640. 638. 661. 666. 686.
  687. 666. 692. 691. 692. 700. 692. 691. 693. 703. 703. 709. 708. 712.
  717. 707. 715. 722. 722. 720. 723. 729. 720. 711. 726. 729.]]
##############################
[[117. 161. 234. 267. 291. 286. 298. 323. 326. 335. 323. 344. 352. 351.
  362. 371. 385. 388. 390. 391. 381. 396. 397. 407. 392. 400. 400. 388.
  410. 406. 416. 404. 412. 404. 408. 410. 403. 403. 405. 413.]
 [688. 864. 905. 917. 922. 884. 884. 885. 887. 888. 889. 891. 890. 889.
  890. 889. 893. 893. 893. 894. 898. 894. 894. 893. 893. 894. 894. 892.
  893. 896. 895. 892. 894. 893. 893. 893. 893. 895. 894. 895.]
 [199. 322. 425. 490. 520. 517. 544. 558. 569. 587. 612. 614. 615. 630.
  644. 644. 652. 664. 676. 674. 674. 675. 683. 699. 688. 694. 699. 713.
  707. 703. 697. 708. 699. 705. 708. 717. 725. 723. 720. 732.]
 [286. 422. 502. 553. 595. 579. 614. 620. 635. 640. 638. 661. 666. 686.
  687. 666. 692. 691. 692. 700. 692. 691. 693. 703. 703. 709. 708. 712.
  717. 707. 715. 722. 722. 720. 723. 729. 720. 711. 726. 729.]]
##############################
[[117. 161. 234. 267. 291. 305. 298. 323. 326. 335. 323. 344. 352. 351.
  362. 371. 385. 388. 390. 391. 381. 396. 397. 407. 392. 400. 400. 388.
  410. 406. 416. 404. 412. 404. 408. 410. 403. 403. 405. 413.]
 [688. 864. 905. 917. 922. 933. 884. 885. 887. 888. 889. 891. 890. 889.
  890. 889. 893. 893. 893. 894. 898. 894. 894. 893. 893. 894. 894. 892.
  893. 896. 895. 892. 894. 893. 893. 893. 893. 895. 894. 895.]
 [199. 322. 425. 490. 520. 550. 544. 558. 569. 587. 612. 614. 615. 630.
  644. 644. 652. 664. 676. 674. 674. 675. 683. 699. 688. 694. 699. 713.
  707. 703. 697. 708. 699. 705. 708. 717. 725. 723. 720. 732.]
 [286. 422. 502. 553. 595. 611. 614. 620. 635. 640. 638. 661. 666. 686.
  687. 666. 692. 691. 692. 700. 692. 691. 693. 703. 703. 709. 708. 712.
  717. 707. 715. 722. 722. 720. 723. 729. 720. 711. 726. 729.]]
##############################
[[117. 161. 234. 267. 291. 305. 318. 323. 326. 335. 323. 344. 352. 351.
  362. 371. 385. 388. 390. 391. 381. 396. 397. 407. 392. 400. 400. 388.
  410. 406. 416. 404. 412. 404. 408. 410. 403. 403. 405. 413.]
 [688. 864. 905. 917. 922. 933. 933. 885. 887. 888. 889. 891. 890. 889.
  890. 889. 893. 893. 893. 894. 898. 894. 894. 893. 893. 894. 894. 892.
  893. 896. 895. 892. 894. 893. 893. 893. 893. 895. 894. 895.]
 [199. 322. 425. 490. 520. 550. 579. 558. 569. 587. 612. 614. 615. 630.
  644. 644. 652. 664. 676. 674. 674. 675. 683. 699. 688. 694. 699. 713.
  707. 703. 697. 708. 699. 705. 708. 717. 725. 723. 720. 732.]
 [286. 422. 502. 553. 595. 611. 650. 620. 635. 640. 638. 661. 666. 686.
  687. 666. 692. 691. 692. 700. 692. 691. 693. 703. 703. 709. 708. 712.
  717. 707. 715. 722. 722. 720. 723. 729. 720. 711. 726. 729.]]
##############################
[[117. 161. 234. 267. 291. 305. 318. 342. 326. 335. 323. 344. 352. 351.
  362. 371. 385. 388. 390. 391. 381. 396. 397. 407. 392. 400. 400. 388.
  410. 406. 416. 404. 412. 404. 408. 410. 403. 403. 405. 413.]
 [688. 864. 905. 917. 922. 933. 933. 934. 887. 888. 889. 891. 890. 889.
  890. 889. 893. 893. 893. 894. 898. 894. 894. 893. 893. 894. 894. 892.
  893. 896. 895. 892. 894. 893. 893. 893. 893. 895. 894. 895.]
 [199. 322. 425. 490. 520. 550. 579. 596. 569. 587. 612. 614. 615. 630.
  644. 644. 652. 664. 676. 674. 674. 675. 683. 699. 688. 694. 699. 713.
  707. 703. 697. 708. 699. 705. 708. 717. 725. 723. 720. 732.]
 [286. 422. 502. 553. 595. 611. 650. 654. 635. 640. 638. 661. 666. 686.
  687. 666. 692. 691. 692. 700. 692. 691. 693. 703. 703. 709. 708. 712.
  717. 707. 715. 722. 722. 720. 723. 729. 720. 711. 726. 729.]]
##############################
[[117. 161. 234. 267. 291. 305. 318. 342. 348. 335. 323. 344. 352. 351.
  362. 371. 385. 388. 390. 391. 381. 396. 397. 407. 392. 400. 400. 388.
  410. 406. 416. 404. 412. 404. 408. 410. 403. 403. 405. 413.]
 [688. 864. 905. 917. 922. 933. 933. 934. 937. 888. 889. 891. 890. 889.
  890. 889. 893. 893. 893. 894. 898. 894. 894. 893. 893. 894. 894. 892.
  893. 896. 895. 892. 894. 893. 893. 893. 893. 895. 894. 895.]
 [199. 322. 425. 490. 520. 550. 579. 596. 606. 587. 612. 614. 615. 630.
  644. 644. 652. 664. 676. 674. 674. 675. 683. 699. 688. 694. 699. 713.
  707. 703. 697. 708. 699. 705. 708. 717. 725. 723. 720. 732.]
 [286. 422. 502. 553. 595. 611. 650. 654. 671. 640. 638. 661. 666. 686.
  687. 666. 692. 691. 692. 700. 692. 691. 693. 703. 703. 709. 708. 712.
  717. 707. 715. 722. 722. 720. 723. 729. 720. 711. 726. 729.]]
##############################
[[117. 161. 234. 267. 291. 305. 318. 342. 348. 355. 323. 344. 352. 351.
  362. 371. 385. 388. 390. 391. 381. 396. 397. 407. 392. 400. 400. 388.
  410. 406. 416. 404. 412. 404. 408. 410. 403. 403. 405. 413.]
 [688. 864. 905. 917. 922. 933. 933. 934. 937. 938. 889. 891. 890. 889.
  890. 889. 893. 893. 893. 894. 898. 894. 894. 893. 893. 894. 894. 892.
  893. 896. 895. 892. 894. 893. 893. 893. 893. 895. 894. 895.]
 [199. 322. 425. 490. 520. 550. 579. 596. 606. 628. 612. 614. 615. 630.
  644. 644. 652. 664. 676. 674. 674. 675. 683. 699. 688. 694. 699. 713.
  707. 703. 697. 708. 699. 705. 708. 717. 725. 723. 720. 732.]
 [286. 422. 502. 553. 595. 611. 650. 654. 671. 675. 638. 661. 666. 686.
  687. 666. 692. 691. 692. 700. 692. 691. 693. 703. 703. 709. 708. 712.
  717. 707. 715. 722. 722. 720. 723. 729. 720. 711. 726. 729.]]
##############################
[[117. 161. 234. 267. 291. 305. 318. 342. 348. 355. 345. 344. 352. 351.
  362. 371. 385. 388. 390. 391. 381. 396. 397. 407. 392. 400. 400. 388.
  410. 406. 416. 404. 412. 404. 408. 410. 403. 403. 405. 413.]
 [688. 864. 905. 917. 922. 933. 933. 934. 937. 938. 939. 891. 890. 889.
  890. 889. 893. 893. 893. 894. 898. 894. 894. 893. 893. 894. 894. 892.
  893. 896. 895. 892. 894. 893. 893. 893. 893. 895. 894. 895.]
 [199. 322. 425. 490. 520. 550. 579. 596. 606. 628. 651. 614. 615. 630.
  644. 644. 652. 664. 676. 674. 674. 675. 683. 699. 688. 694. 699. 713.
  707. 703. 697. 708. 699. 705. 708. 717. 725. 723. 720. 732.]
 [286. 422. 502. 553. 595. 611. 650. 654. 671. 675. 673. 661. 666. 686.
  687. 666. 692. 691. 692. 700. 692. 691. 693. 703. 703. 709. 708. 712.
  717. 707. 715. 722. 722. 720. 723. 729. 720. 711. 726. 729.]]
##############################
[[117. 161. 234. 267. 291. 305. 318. 342. 348. 355. 345. 363. 352. 351.
  362. 371. 385. 388. 390. 391. 381. 396. 397. 407. 392. 400. 400. 388.
  410. 406. 416. 404. 412. 404. 408. 410. 403. 403. 405. 413.]
 [688. 864. 905. 917. 922. 933. 933. 934. 937. 938. 939. 941. 890. 889.
  890. 889. 893. 893. 893. 894. 898. 894. 894. 893. 893. 894. 894. 892.
  893. 896. 895. 892. 894. 893. 893. 893. 893. 895. 894. 895.]
 [199. 322. 425. 490. 520. 550. 579. 596. 606. 628. 651. 650. 615. 630.
  644. 644. 652. 664. 676. 674. 674. 675. 683. 699. 688. 694. 699. 713.
  707. 703. 697. 708. 699. 705. 708. 717. 725. 723. 720. 732.]
 [286. 422. 502. 553. 595. 611. 650. 654. 671. 675. 673. 696. 666. 686.
  687. 666. 692. 691. 692. 700. 692. 691. 693. 703. 703. 709. 708. 712.
  717. 707. 715. 722. 722. 720. 723. 729. 720. 711. 726. 729.]]
##############################
[[117. 161. 234. 267. 291. 305. 318. 342. 348. 355. 345. 363. 374. 351.
  362. 371. 385. 388. 390. 391. 381. 396. 397. 407. 392. 400. 400. 388.
  410. 406. 416. 404. 412. 404. 408. 410. 403. 403. 405. 413.]
 [688. 864. 905. 917. 922. 933. 933. 934. 937. 938. 939. 941. 940. 889.
  890. 889. 893. 893. 893. 894. 898. 894. 894. 893. 893. 894. 894. 892.
  893. 896. 895. 892. 894. 893. 893. 893. 893. 895. 894. 895.]
 [199. 322. 425. 490. 520. 550. 579. 596. 606. 628. 651. 650. 652. 630.
  644. 644. 652. 664. 676. 674. 674. 675. 683. 699. 688. 694. 699. 713.
  707. 703. 697. 708. 699. 705. 708. 717. 725. 723. 720. 732.]
 [286. 422. 502. 553. 595. 611. 650. 654. 671. 675. 673. 696. 700. 686.
  687. 666. 692. 691. 692. 700. 692. 691. 693. 703. 703. 709. 708. 712.
  717. 707. 715. 722. 722. 720. 723. 729. 720. 711. 726. 729.]]
##############################
[[117. 161. 234. 267. 291. 305. 318. 342. 348. 355. 345. 363. 374. 372.
  362. 371. 385. 388. 390. 391. 381. 396. 397. 407. 392. 400. 400. 388.
  410. 406. 416. 404. 412. 404. 408. 410. 403. 403. 405. 413.]
 [688. 864. 905. 917. 922. 933. 933. 934. 937. 938. 939. 941. 940. 939.
  890. 889. 893. 893. 893. 894. 898. 894. 894. 893. 893. 894. 894. 892.
  893. 896. 895. 892. 894. 893. 893. 893. 893. 895. 894. 895.]
 [199. 322. 425. 490. 520. 550. 579. 596. 606. 628. 651. 650. 652. 669.
  644. 644. 652. 664. 676. 674. 674. 675. 683. 699. 688. 694. 699. 713.
  707. 703. 697. 708. 699. 705. 708. 717. 725. 723. 720. 732.]
 [286. 422. 502. 553. 595. 611. 650. 654. 671. 675. 673. 696. 700. 721.
  687. 666. 692. 691. 692. 700. 692. 691. 693. 703. 703. 709. 708. 712.
  717. 707. 715. 722. 722. 720. 723. 729. 720. 711. 726. 729.]]
##############################
[[117. 161. 234. 267. 291. 305. 318. 342. 348. 355. 345. 363. 374. 372.
  382. 371. 385. 388. 390. 391. 381. 396. 397. 407. 392. 400. 400. 388.
  410. 406. 416. 404. 412. 404. 408. 410. 403. 403. 405. 413.]
 [688. 864. 905. 917. 922. 933. 933. 934. 937. 938. 939. 941. 940. 939.
  940. 889. 893. 893. 893. 894. 898. 894. 894. 893. 893. 894. 894. 892.
  893. 896. 895. 892. 894. 893. 893. 893. 893. 895. 894. 895.]
 [199. 322. 425. 490. 520. 550. 579. 596. 606. 628. 651. 650. 652. 669.
  680. 644. 652. 664. 676. 674. 674. 675. 683. 699. 688. 694. 699. 713.
  707. 703. 697. 708. 699. 705. 708. 717. 725. 723. 720. 732.]
 [286. 422. 502. 553. 595. 611. 650. 654. 671. 675. 673. 696. 700. 721.
  720. 666. 692. 691. 692. 700. 692. 691. 693. 703. 703. 709. 708. 712.
  717. 707. 715. 722. 722. 720. 723. 729. 720. 711. 726. 729.]]
##############################
[[117. 161. 234. 267. 291. 305. 318. 342. 348. 355. 345. 363. 374. 372.
  382. 391. 385. 388. 390. 391. 381. 396. 397. 407. 392. 400. 400. 388.
  410. 406. 416. 404. 412. 404. 408. 410. 403. 403. 405. 413.]
 [688. 864. 905. 917. 922. 933. 933. 934. 937. 938. 939. 941. 940. 939.
  940. 939. 893. 893. 893. 894. 898. 894. 894. 893. 893. 894. 894. 892.
  893. 896. 895. 892. 894. 893. 893. 893. 893. 895. 894. 895.]
 [199. 322. 425. 490. 520. 550. 579. 596. 606. 628. 651. 650. 652. 669.
  680. 681. 652. 664. 676. 674. 674. 675. 683. 699. 688. 694. 699. 713.
  707. 703. 697. 708. 699. 705. 708. 717. 725. 723. 720. 732.]
 [286. 422. 502. 553. 595. 611. 650. 654. 671. 675. 673. 696. 700. 721.
  720. 702. 692. 691. 692. 700. 692. 691. 693. 703. 703. 709. 708. 712.
  717. 707. 715. 722. 722. 720. 723. 729. 720. 711. 726. 729.]]
##############################
[[117. 161. 234. 267. 291. 305. 318. 342. 348. 355. 345. 363. 374. 372.
  382. 391. 404. 388. 390. 391. 381. 396. 397. 407. 392. 400. 400. 388.
  410. 406. 416. 404. 412. 404. 408. 410. 403. 403. 405. 413.]
 [688. 864. 905. 917. 922. 933. 933. 934. 937. 938. 939. 941. 940. 939.
  940. 939. 943. 893. 893. 894. 898. 894. 894. 893. 893. 894. 894. 892.
  893. 896. 895. 892. 894. 893. 893. 893. 893. 895. 894. 895.]
 [199. 322. 425. 490. 520. 550. 579. 596. 606. 628. 651. 650. 652. 669.
  680. 681. 694. 664. 676. 674. 674. 675. 683. 699. 688. 694. 699. 713.
  707. 703. 697. 708. 699. 705. 708. 717. 725. 723. 720. 732.]
 [286. 422. 502. 553. 595. 611. 650. 654. 671. 675. 673. 696. 700. 721.
  720. 702. 728. 691. 692. 700. 692. 691. 693. 703. 703. 709. 708. 712.
  717. 707. 715. 722. 722. 720. 723. 729. 720. 711. 726. 729.]]
##############################
[[117. 161. 234. 267. 291. 305. 318. 342. 348. 355. 345. 363. 374. 372.
  382. 391. 404. 408. 390. 391. 381. 396. 397. 407. 392. 400. 400. 388.
  410. 406. 416. 404. 412. 404. 408. 410. 403. 403. 405. 413.]
 [688. 864. 905. 917. 922. 933. 933. 934. 937. 938. 939. 941. 940. 939.
  940. 939. 943. 942. 893. 894. 898. 894. 894. 893. 893. 894. 894. 892.
  893. 896. 895. 892. 894. 893. 893. 893. 893. 895. 894. 895.]
 [199. 322. 425. 490. 520. 550. 579. 596. 606. 628. 651. 650. 652. 669.
  680. 681. 694. 705. 676. 674. 674. 675. 683. 699. 688. 694. 699. 713.
  707. 703. 697. 708. 699. 705. 708. 717. 725. 723. 720. 732.]
 [286. 422. 502. 553. 595. 611. 650. 654. 671. 675. 673. 696. 700. 721.
  720. 702. 728. 729. 692. 700. 692. 691. 693. 703. 703. 709. 708. 712.
  717. 707. 715. 722. 722. 720. 723. 729. 720. 711. 726. 729.]]
##############################
[[117. 161. 234. 267. 291. 305. 318. 342. 348. 355. 345. 363. 374. 372.
  382. 391. 404. 408. 411. 391. 381. 396. 397. 407. 392. 400. 400. 388.
  410. 406. 416. 404. 412. 404. 408. 410. 403. 403. 405. 413.]
 [688. 864. 905. 917. 922. 933. 933. 934. 937. 938. 939. 941. 940. 939.
  940. 939. 943. 942. 943. 894. 898. 894. 894. 893. 893. 894. 894. 892.
  893. 896. 895. 892. 894. 893. 893. 893. 893. 895. 894. 895.]
 [199. 322. 425. 490. 520. 550. 579. 596. 606. 628. 651. 650. 652. 669.
  680. 681. 694. 705. 718. 674. 674. 675. 683. 699. 688. 694. 699. 713.
  707. 703. 697. 708. 699. 705. 708. 717. 725. 723. 720. 732.]
 [286. 422. 502. 553. 595. 611. 650. 654. 671. 675. 673. 696. 700. 721.
  720. 702. 728. 729. 728. 700. 692. 691. 693. 703. 703. 709. 708. 712.
  717. 707. 715. 722. 722. 720. 723. 729. 720. 711. 726. 729.]]
##############################
[[117. 161. 234. 267. 291. 305. 318. 342. 348. 355. 345. 363. 374. 372.
  382. 391. 404. 408. 411. 412. 381. 396. 397. 407. 392. 400. 400. 388.
  410. 406. 416. 404. 412. 404. 408. 410. 403. 403. 405. 413.]
 [688. 864. 905. 917. 922. 933. 933. 934. 937. 938. 939. 941. 940. 939.
  940. 939. 943. 942. 943. 944. 898. 894. 894. 893. 893. 894. 894. 892.
  893. 896. 895. 892. 894. 893. 893. 893. 893. 895. 894. 895.]
 [199. 322. 425. 490. 520. 550. 579. 596. 606. 628. 651. 650. 652. 669.
  680. 681. 694. 705. 718. 715. 674. 675. 683. 699. 688. 694. 699. 713.
  707. 703. 697. 708. 699. 705. 708. 717. 725. 723. 720. 732.]
 [286. 422. 502. 553. 595. 611. 650. 654. 671. 675. 673. 696. 700. 721.
  720. 702. 728. 729. 728. 737. 692. 691. 693. 703. 703. 709. 708. 712.
  717. 707. 715. 722. 722. 720. 723. 729. 720. 711. 726. 729.]]
##############################
[[117. 161. 234. 267. 291. 305. 318. 342. 348. 355. 345. 363. 374. 372.
  382. 391. 404. 408. 411. 412. 402. 396. 397. 407. 392. 400. 400. 388.
  410. 406. 416. 404. 412. 404. 408. 410. 403. 403. 405. 413.]
 [688. 864. 905. 917. 922. 933. 933. 934. 937. 938. 939. 941. 940. 939.
  940. 939. 943. 942. 943. 944. 948. 894. 894. 893. 893. 894. 894. 892.
  893. 896. 895. 892. 894. 893. 893. 893. 893. 895. 894. 895.]
 [199. 322. 425. 490. 520. 550. 579. 596. 606. 628. 651. 650. 652. 669.
  680. 681. 694. 705. 718. 715. 713. 675. 683. 699. 688. 694. 699. 713.
  707. 703. 697. 708. 699. 705. 708. 717. 725. 723. 720. 732.]
 [286. 422. 502. 553. 595. 611. 650. 654. 671. 675. 673. 696. 700. 721.
  720. 702. 728. 729. 728. 737. 730. 691. 693. 703. 703. 709. 708. 712.
  717. 707. 715. 722. 722. 720. 723. 729. 720. 711. 726. 729.]]
##############################
[[117. 161. 234. 267. 291. 305. 318. 342. 348. 355. 345. 363. 374. 372.
  382. 391. 404. 408. 411. 412. 402. 418. 397. 407. 392. 400. 400. 388.
  410. 406. 416. 404. 412. 404. 408. 410. 403. 403. 405. 413.]
 [688. 864. 905. 917. 922. 933. 933. 934. 937. 938. 939. 941. 940. 939.
  940. 939. 943. 942. 943. 944. 948. 944. 894. 893. 893. 894. 894. 892.
  893. 896. 895. 892. 894. 893. 893. 893. 893. 895. 894. 895.]
 [199. 322. 425. 490. 520. 550. 579. 596. 606. 628. 651. 650. 652. 669.
  680. 681. 694. 705. 718. 715. 713. 712. 683. 699. 688. 694. 699. 713.
  707. 703. 697. 708. 699. 705. 708. 717. 725. 723. 720. 732.]
 [286. 422. 502. 553. 595. 611. 650. 654. 671. 675. 673. 696. 700. 721.
  720. 702. 728. 729. 728. 737. 730. 729. 693. 703. 703. 709. 708. 712.
  717. 707. 715. 722. 722. 720. 723. 729. 720. 711. 726. 729.]]
##############################
[[117. 161. 234. 267. 291. 305. 318. 342. 348. 355. 345. 363. 374. 372.
  382. 391. 404. 408. 411. 412. 402. 418. 417. 407. 392. 400. 400. 388.
  410. 406. 416. 404. 412. 404. 408. 410. 403. 403. 405. 413.]
 [688. 864. 905. 917. 922. 933. 933. 934. 937. 938. 939. 941. 940. 939.
  940. 939. 943. 942. 943. 944. 948. 944. 943. 893. 893. 894. 894. 892.
  893. 896. 895. 892. 894. 893. 893. 893. 893. 895. 894. 895.]
 [199. 322. 425. 490. 520. 550. 579. 596. 606. 628. 651. 650. 652. 669.
  680. 681. 694. 705. 718. 715. 713. 712. 722. 699. 688. 694. 699. 713.
  707. 703. 697. 708. 699. 705. 708. 717. 725. 723. 720. 732.]
 [286. 422. 502. 553. 595. 611. 650. 654. 671. 675. 673. 696. 700. 721.
  720. 702. 728. 729. 728. 737. 730. 729. 729. 703. 703. 709. 708. 712.
  717. 707. 715. 722. 722. 720. 723. 729. 720. 711. 726. 729.]]
##############################
[[117. 161. 234. 267. 291. 305. 318. 342. 348. 355. 345. 363. 374. 372.
  382. 391. 404. 408. 411. 412. 402. 418. 417. 429. 392. 400. 400. 388.
  410. 406. 416. 404. 412. 404. 408. 410. 403. 403. 405. 413.]
 [688. 864. 905. 917. 922. 933. 933. 934. 937. 938. 939. 941. 940. 939.
  940. 939. 943. 942. 943. 944. 948. 944. 943. 943. 893. 894. 894. 892.
  893. 896. 895. 892. 894. 893. 893. 893. 893. 895. 894. 895.]
 [199. 322. 425. 490. 520. 550. 579. 596. 606. 628. 651. 650. 652. 669.
  680. 681. 694. 705. 718. 715. 713. 712. 722. 739. 688. 694. 699. 713.
  707. 703. 697. 708. 699. 705. 708. 717. 725. 723. 720. 732.]
 [286. 422. 502. 553. 595. 611. 650. 654. 671. 675. 673. 696. 700. 721.
  720. 702. 728. 729. 728. 737. 730. 729. 729. 740. 703. 709. 708. 712.
  717. 707. 715. 722. 722. 720. 723. 729. 720. 711. 726. 729.]]
##############################
[[117. 161. 234. 267. 291. 305. 318. 342. 348. 355. 345. 363. 374. 372.
  382. 391. 404. 408. 411. 412. 402. 418. 417. 429. 417. 400. 400. 388.
  410. 406. 416. 404. 412. 404. 408. 410. 403. 403. 405. 413.]
 [688. 864. 905. 917. 922. 933. 933. 934. 937. 938. 939. 941. 940. 939.
  940. 939. 943. 942. 943. 944. 948. 944. 943. 943. 943. 894. 894. 892.
  893. 896. 895. 892. 894. 893. 893. 893. 893. 895. 894. 895.]
 [199. 322. 425. 490. 520. 550. 579. 596. 606. 628. 651. 650. 652. 669.
  680. 681. 694. 705. 718. 715. 713. 712. 722. 739. 731. 694. 699. 713.
  707. 703. 697. 708. 699. 705. 708. 717. 725. 723. 720. 732.]
 [286. 422. 502. 553. 595. 611. 650. 654. 671. 675. 673. 696. 700. 721.
  720. 702. 728. 729. 728. 737. 730. 729. 729. 740. 740. 709. 708. 712.
  717. 707. 715. 722. 722. 720. 723. 729. 720. 711. 726. 729.]]
##############################
[[117. 161. 234. 267. 291. 305. 318. 342. 348. 355. 345. 363. 374. 372.
  382. 391. 404. 408. 411. 412. 402. 418. 417. 429. 417. 424. 400. 388.
  410. 406. 416. 404. 412. 404. 408. 410. 403. 403. 405. 413.]
 [688. 864. 905. 917. 922. 933. 933. 934. 937. 938. 939. 941. 940. 939.
  940. 939. 943. 942. 943. 944. 948. 944. 943. 943. 943. 944. 894. 892.
  893. 896. 895. 892. 894. 893. 893. 893. 893. 895. 894. 895.]
 [199. 322. 425. 490. 520. 550. 579. 596. 606. 628. 651. 650. 652. 669.
  680. 681. 694. 705. 718. 715. 713. 712. 722. 739. 731. 738. 699. 713.
  707. 703. 697. 708. 699. 705. 708. 717. 725. 723. 720. 732.]
 [286. 422. 502. 553. 595. 611. 650. 654. 671. 675. 673. 696. 700. 721.
  720. 702. 728. 729. 728. 737. 730. 729. 729. 740. 740. 748. 708. 712.
  717. 707. 715. 722. 722. 720. 723. 729. 720. 711. 726. 729.]]
##############################
[[117. 161. 234. 267. 291. 305. 318. 342. 348. 355. 345. 363. 374. 372.
  382. 391. 404. 408. 411. 412. 402. 418. 417. 429. 417. 424. 427. 388.
  410. 406. 416. 404. 412. 404. 408. 410. 403. 403. 405. 413.]
 [688. 864. 905. 917. 922. 933. 933. 934. 937. 938. 939. 941. 940. 939.
  940. 939. 943. 942. 943. 944. 948. 944. 943. 943. 943. 944. 944. 892.
  893. 896. 895. 892. 894. 893. 893. 893. 893. 895. 894. 895.]
 [199. 322. 425. 490. 520. 550. 579. 596. 606. 628. 651. 650. 652. 669.
  680. 681. 694. 705. 718. 715. 713. 712. 722. 739. 731. 738. 742. 713.
  707. 703. 697. 708. 699. 705. 708. 717. 725. 723. 720. 732.]
 [286. 422. 502. 553. 595. 611. 650. 654. 671. 675. 673. 696. 700. 721.
  720. 702. 728. 729. 728. 737. 730. 729. 729. 740. 740. 748. 746. 712.
  717. 707. 715. 722. 722. 720. 723. 729. 720. 711. 726. 729.]]
##############################
[[117. 161. 234. 267. 291. 305. 318. 342. 348. 355. 345. 363. 374. 372.
  382. 391. 404. 408. 411. 412. 402. 418. 417. 429. 417. 424. 427. 412.
  410. 406. 416. 404. 412. 404. 408. 410. 403. 403. 405. 413.]
 [688. 864. 905. 917. 922. 933. 933. 934. 937. 938. 939. 941. 940. 939.
  940. 939. 943. 942. 943. 944. 948. 944. 943. 943. 943. 944. 944. 942.
  893. 896. 895. 892. 894. 893. 893. 893. 893. 895. 894. 895.]
 [199. 322. 425. 490. 520. 550. 579. 596. 606. 628. 651. 650. 652. 669.
  680. 681. 694. 705. 718. 715. 713. 712. 722. 739. 731. 738. 742. 757.
  707. 703. 697. 708. 699. 705. 708. 717. 725. 723. 720. 732.]
 [286. 422. 502. 553. 595. 611. 650. 654. 671. 675. 673. 696. 700. 721.
  720. 702. 728. 729. 728. 737. 730. 729. 729. 740. 740. 748. 746. 748.
  717. 707. 715. 722. 722. 720. 723. 729. 720. 711. 726. 729.]]
##############################
[[117. 161. 234. 267. 291. 305. 318. 342. 348. 355. 345. 363. 374. 372.
  382. 391. 404. 408. 411. 412. 402. 418. 417. 429. 417. 424. 427. 412.
  433. 406. 416. 404. 412. 404. 408. 410. 403. 403. 405. 413.]
 [688. 864. 905. 917. 922. 933. 933. 934. 937. 938. 939. 941. 940. 939.
  940. 939. 943. 942. 943. 944. 948. 944. 943. 943. 943. 944. 944. 942.
  943. 896. 895. 892. 894. 893. 893. 893. 893. 895. 894. 895.]
 [199. 322. 425. 490. 520. 550. 579. 596. 606. 628. 651. 650. 652. 669.
  680. 681. 694. 705. 718. 715. 713. 712. 722. 739. 731. 738. 742. 757.
  751. 703. 697. 708. 699. 705. 708. 717. 725. 723. 720. 732.]
 [286. 422. 502. 553. 595. 611. 650. 654. 671. 675. 673. 696. 700. 721.
  720. 702. 728. 729. 728. 737. 730. 729. 729. 740. 740. 748. 746. 748.
  754. 707. 715. 722. 722. 720. 723. 729. 720. 711. 726. 729.]]
##############################
[[117. 161. 234. 267. 291. 305. 318. 342. 348. 355. 345. 363. 374. 372.
  382. 391. 404. 408. 411. 412. 402. 418. 417. 429. 417. 424. 427. 412.
  433. 433. 416. 404. 412. 404. 408. 410. 403. 403. 405. 413.]
 [688. 864. 905. 917. 922. 933. 933. 934. 937. 938. 939. 941. 940. 939.
  940. 939. 943. 942. 943. 944. 948. 944. 943. 943. 943. 944. 944. 942.
  943. 946. 895. 892. 894. 893. 893. 893. 893. 895. 894. 895.]
 [199. 322. 425. 490. 520. 550. 579. 596. 606. 628. 651. 650. 652. 669.
  680. 681. 694. 705. 718. 715. 713. 712. 722. 739. 731. 738. 742. 757.
  751. 744. 697. 708. 699. 705. 708. 717. 725. 723. 720. 732.]
 [286. 422. 502. 553. 595. 611. 650. 654. 671. 675. 673. 696. 700. 721.
  720. 702. 728. 729. 728. 737. 730. 729. 729. 740. 740. 748. 746. 748.
  754. 745. 715. 722. 722. 720. 723. 729. 720. 711. 726. 729.]]
##############################
[[117. 161. 234. 267. 291. 305. 318. 342. 348. 355. 345. 363. 374. 372.
  382. 391. 404. 408. 411. 412. 402. 418. 417. 429. 417. 424. 427. 412.
  433. 433. 442. 404. 412. 404. 408. 410. 403. 403. 405. 413.]
 [688. 864. 905. 917. 922. 933. 933. 934. 937. 938. 939. 941. 940. 939.
  940. 939. 943. 942. 943. 944. 948. 944. 943. 943. 943. 944. 944. 942.
  943. 946. 945. 892. 894. 893. 893. 893. 893. 895. 894. 895.]
 [199. 322. 425. 490. 520. 550. 579. 596. 606. 628. 651. 650. 652. 669.
  680. 681. 694. 705. 718. 715. 713. 712. 722. 739. 731. 738. 742. 757.
  751. 744. 740. 708. 699. 705. 708. 717. 725. 723. 720. 732.]
 [286. 422. 502. 553. 595. 611. 650. 654. 671. 675. 673. 696. 700. 721.
  720. 702. 728. 729. 728. 737. 730. 729. 729. 740. 740. 748. 746. 748.
  754. 745. 754. 722. 722. 720. 723. 729. 720. 711. 726. 729.]]
##############################
[[117. 161. 234. 267. 291. 305. 318. 342. 348. 355. 345. 363. 374. 372.
  382. 391. 404. 408. 411. 412. 402. 418. 417. 429. 417. 424. 427. 412.
  433. 433. 442. 433. 412. 404. 408. 410. 403. 403. 405. 413.]
 [688. 864. 905. 917. 922. 933. 933. 934. 937. 938. 939. 941. 940. 939.
  940. 939. 943. 942. 943. 944. 948. 944. 943. 943. 943. 944. 944. 942.
  943. 946. 945. 941. 894. 893. 893. 893. 893. 895. 894. 895.]
 [199. 322. 425. 490. 520. 550. 579. 596. 606. 628. 651. 650. 652. 669.
  680. 681. 694. 705. 718. 715. 713. 712. 722. 739. 731. 738. 742. 757.
  751. 744. 740. 751. 699. 705. 708. 717. 725. 723. 720. 732.]
 [286. 422. 502. 553. 595. 611. 650. 654. 671. 675. 673. 696. 700. 721.
  720. 702. 728. 729. 728. 737. 730. 729. 729. 740. 740. 748. 746. 748.
  754. 745. 754. 762. 722. 720. 723. 729. 720. 711. 726. 729.]]
##############################
[[117. 161. 234. 267. 291. 305. 318. 342. 348. 355. 345. 363. 374. 372.
  382. 391. 404. 408. 411. 412. 402. 418. 417. 429. 417. 424. 427. 412.
  433. 433. 442. 433. 440. 404. 408. 410. 403. 403. 405. 413.]
 [688. 864. 905. 917. 922. 933. 933. 934. 937. 938. 939. 941. 940. 939.
  940. 939. 943. 942. 943. 944. 948. 944. 943. 943. 943. 944. 944. 942.
  943. 946. 945. 941. 944. 893. 893. 893. 893. 895. 894. 895.]
 [199. 322. 425. 490. 520. 550. 579. 596. 606. 628. 651. 650. 652. 669.
  680. 681. 694. 705. 718. 715. 713. 712. 722. 739. 731. 738. 742. 757.
  751. 744. 740. 751. 742. 705. 708. 717. 725. 723. 720. 732.]
 [286. 422. 502. 553. 595. 611. 650. 654. 671. 675. 673. 696. 700. 721.
  720. 702. 728. 729. 728. 737. 730. 729. 729. 740. 740. 748. 746. 748.
  754. 745. 754. 762. 759. 720. 723. 729. 720. 711. 726. 729.]]
##############################
[[117. 161. 234. 267. 291. 305. 318. 342. 348. 355. 345. 363. 374. 372.
  382. 391. 404. 408. 411. 412. 402. 418. 417. 429. 417. 424. 427. 412.
  433. 433. 442. 433. 440. 430. 408. 410. 403. 403. 405. 413.]
 [688. 864. 905. 917. 922. 933. 933. 934. 937. 938. 939. 941. 940. 939.
  940. 939. 943. 942. 943. 944. 948. 944. 943. 943. 943. 944. 944. 942.
  943. 946. 945. 941. 944. 943. 893. 893. 893. 895. 894. 895.]
 [199. 322. 425. 490. 520. 550. 579. 596. 606. 628. 651. 650. 652. 669.
  680. 681. 694. 705. 718. 715. 713. 712. 722. 739. 731. 738. 742. 757.
  751. 744. 740. 751. 742. 746. 708. 717. 725. 723. 720. 732.]
 [286. 422. 502. 553. 595. 611. 650. 654. 671. 675. 673. 696. 700. 721.
  720. 702. 728. 729. 728. 737. 730. 729. 729. 740. 740. 748. 746. 748.
  754. 745. 754. 762. 759. 760. 723. 729. 720. 711. 726. 729.]]
##############################
[[117. 161. 234. 267. 291. 305. 318. 342. 348. 355. 345. 363. 374. 372.
  382. 391. 404. 408. 411. 412. 402. 418. 417. 429. 417. 424. 427. 412.
  433. 433. 442. 433. 440. 430. 435. 410. 403. 403. 405. 413.]
 [688. 864. 905. 917. 922. 933. 933. 934. 937. 938. 939. 941. 940. 939.
  940. 939. 943. 942. 943. 944. 948. 944. 943. 943. 943. 944. 944. 942.
  943. 946. 945. 941. 944. 943. 942. 893. 893. 895. 894. 895.]
 [199. 322. 425. 490. 520. 550. 579. 596. 606. 628. 651. 650. 652. 669.
  680. 681. 694. 705. 718. 715. 713. 712. 722. 739. 731. 738. 742. 757.
  751. 744. 740. 751. 742. 746. 750. 717. 725. 723. 720. 732.]
 [286. 422. 502. 553. 595. 611. 650. 654. 671. 675. 673. 696. 700. 721.
  720. 702. 728. 729. 728. 737. 730. 729. 729. 740. 740. 748. 746. 748.
  754. 745. 754. 762. 759. 760. 762. 729. 720. 711. 726. 729.]]
##############################
[[117. 161. 234. 267. 291. 305. 318. 342. 348. 355. 345. 363. 374. 372.
  382. 391. 404. 408. 411. 412. 402. 418. 417. 429. 417. 424. 427. 412.
  433. 433. 442. 433. 440. 430. 435. 436. 403. 403. 405. 413.]
 [688. 864. 905. 917. 922. 933. 933. 934. 937. 938. 939. 941. 940. 939.
  940. 939. 943. 942. 943. 944. 948. 944. 943. 943. 943. 944. 944. 942.
  943. 946. 945. 941. 944. 943. 942. 943. 893. 895. 894. 895.]
 [199. 322. 425. 490. 520. 550. 579. 596. 606. 628. 651. 650. 652. 669.
  680. 681. 694. 705. 718. 715. 713. 712. 722. 739. 731. 738. 742. 757.
  751. 744. 740. 751. 742. 746. 750. 760. 725. 723. 720. 732.]
 [286. 422. 502. 553. 595. 611. 650. 654. 671. 675. 673. 696. 700. 721.
  720. 702. 728. 729. 728. 737. 730. 729. 729. 740. 740. 748. 746. 748.
  754. 745. 754. 762. 759. 760. 762. 768. 720. 711. 726. 729.]]
##############################
[[117. 161. 234. 267. 291. 305. 318. 342. 348. 355. 345. 363. 374. 372.
  382. 391. 404. 408. 411. 412. 402. 418. 417. 429. 417. 424. 427. 412.
  433. 433. 442. 433. 440. 430. 435. 436. 431. 403. 405. 413.]
 [688. 864. 905. 917. 922. 933. 933. 934. 937. 938. 939. 941. 940. 939.
  940. 939. 943. 942. 943. 944. 948. 944. 943. 943. 943. 944. 944. 942.
  943. 946. 945. 941. 944. 943. 942. 943. 943. 895. 894. 895.]
 [199. 322. 425. 490. 520. 550. 579. 596. 606. 628. 651. 650. 652. 669.
  680. 681. 694. 705. 718. 715. 713. 712. 722. 739. 731. 738. 742. 757.
  751. 744. 740. 751. 742. 746. 750. 760. 768. 723. 720. 732.]
 [286. 422. 502. 553. 595. 611. 650. 654. 671. 675. 673. 696. 700. 721.
  720. 702. 728. 729. 728. 737. 730. 729. 729. 740. 740. 748. 746. 748.
  754. 745. 754. 762. 759. 760. 762. 768. 760. 711. 726. 729.]]
##############################
[[117. 161. 234. 267. 291. 305. 318. 342. 348. 355. 345. 363. 374. 372.
  382. 391. 404. 408. 411. 412. 402. 418. 417. 429. 417. 424. 427. 412.
  433. 433. 442. 433. 440. 430. 435. 436. 431. 429. 405. 413.]
 [688. 864. 905. 917. 922. 933. 933. 934. 937. 938. 939. 941. 940. 939.
  940. 939. 943. 942. 943. 944. 948. 944. 943. 943. 943. 944. 944. 942.
  943. 946. 945. 941. 944. 943. 942. 943. 943. 945. 894. 895.]
 [199. 322. 425. 490. 520. 550. 579. 596. 606. 628. 651. 650. 652. 669.
  680. 681. 694. 705. 718. 715. 713. 712. 722. 739. 731. 738. 742. 757.
  751. 744. 740. 751. 742. 746. 750. 760. 768. 766. 720. 732.]
 [286. 422. 502. 553. 595. 611. 650. 654. 671. 675. 673. 696. 700. 721.
  720. 702. 728. 729. 728. 737. 730. 729. 729. 740. 740. 748. 746. 748.
  754. 745. 754. 762. 759. 760. 762. 768. 760. 750. 726. 729.]]
##############################
[[117. 161. 234. 267. 291. 305. 318. 342. 348. 355. 345. 363. 374. 372.
  382. 391. 404. 408. 411. 412. 402. 418. 417. 429. 417. 424. 427. 412.
  433. 433. 442. 433. 440. 430. 435. 436. 431. 429. 430. 413.]
 [688. 864. 905. 917. 922. 933. 933. 934. 937. 938. 939. 941. 940. 939.
  940. 939. 943. 942. 943. 944. 948. 944. 943. 943. 943. 944. 944. 942.
  943. 946. 945. 941. 944. 943. 942. 943. 943. 945. 944. 895.]
 [199. 322. 425. 490. 520. 550. 579. 596. 606. 628. 651. 650. 652. 669.
  680. 681. 694. 705. 718. 715. 713. 712. 722. 739. 731. 738. 742. 757.
  751. 744. 740. 751. 742. 746. 750. 760. 768. 766. 761. 732.]
 [286. 422. 502. 553. 595. 611. 650. 654. 671. 675. 673. 696. 700. 721.
  720. 702. 728. 729. 728. 737. 730. 729. 729. 740. 740. 748. 746. 748.
  754. 745. 754. 762. 759. 760. 762. 768. 760. 750. 765. 729.]]
##############################
[[117. 161. 234. 267. 291. 305. 318. 342. 348. 355. 345. 363. 374. 372.
  382. 391. 404. 408. 411. 412. 402. 418. 417. 429. 417. 424. 427. 412.
  433. 433. 442. 433. 440. 430. 435. 436. 431. 429. 430. 440.]
 [688. 864. 905. 917. 922. 933. 933. 934. 937. 938. 939. 941. 940. 939.
  940. 939. 943. 942. 943. 944. 948. 944. 943. 943. 943. 944. 944. 942.
  943. 946. 945. 941. 944. 943. 942. 943. 943. 945. 944. 945.]
 [199. 322. 425. 490. 520. 550. 579. 596. 606. 628. 651. 650. 652. 669.
  680. 681. 694. 705. 718. 715. 713. 712. 722. 739. 731. 738. 742. 757.
  751. 744. 740. 751. 742. 746. 750. 760. 768. 766. 761. 774.]
 [286. 422. 502. 553. 595. 611. 650. 654. 671. 675. 673. 696. 700. 721.
  720. 702. 728. 729. 728. 737. 730. 729. 729. 740. 740. 748. 746. 748.
  754. 745. 754. 762. 759. 760. 762. 768. 760. 750. 765. 767.]]
##############################
##################################################
##################################################
starting :20 batch
[[123. 161. 234. 267. 291. 305. 318. 342. 348. 355. 345. 363. 374. 372.
  382. 391. 404. 408. 411. 412. 402. 418. 417. 429. 417. 424. 427. 412.
  433. 433. 442. 433. 440. 430. 435. 436. 431. 429. 430. 440.]
 [727. 864. 905. 917. 922. 933. 933. 934. 937. 938. 939. 941. 940. 939.
  940. 939. 943. 942. 943. 944. 948. 944. 943. 943. 943. 944. 944. 942.
  943. 946. 945. 941. 944. 943. 942. 943. 943. 945. 944. 945.]
 [213. 322. 425. 490. 520. 550. 579. 596. 606. 628. 651. 650. 652. 669.
  680. 681. 694. 705. 718. 715. 713. 712. 722. 739. 731. 738. 742. 757.
  751. 744. 740. 751. 742. 746. 750. 760. 768. 766. 761. 774.]
 [302. 422. 502. 553. 595. 611. 650. 654. 671. 675. 673. 696. 700. 721.
  720. 702. 728. 729. 728. 737. 730. 729. 729. 740. 740. 748. 746. 748.
  754. 745. 754. 762. 759. 760. 762. 768. 760. 750. 765. 767.]]
##############################
[[123. 172. 234. 267. 291. 305. 318. 342. 348. 355. 345. 363. 374. 372.
  382. 391. 404. 408. 411. 412. 402. 418. 417. 429. 417. 424. 427. 412.
  433. 433. 442. 433. 440. 430. 435. 436. 431. 429. 430. 440.]
 [727. 908. 905. 917. 922. 933. 933. 934. 937. 938. 939. 941. 940. 939.
  940. 939. 943. 942. 943. 944. 948. 944. 943. 943. 943. 944. 944. 942.
  943. 946. 945. 941. 944. 943. 942. 943. 943. 945. 944. 945.]
 [213. 341. 425. 490. 520. 550. 579. 596. 606. 628. 651. 650. 652. 669.
  680. 681. 694. 705. 718. 715. 713. 712. 722. 739. 731. 738. 742. 757.
  751. 744. 740. 751. 742. 746. 750. 760. 768. 766. 761. 774.]
 [302. 446. 502. 553. 595. 611. 650. 654. 671. 675. 673. 696. 700. 721.
  720. 702. 728. 729. 728. 737. 730. 729. 729. 740. 740. 748. 746. 748.
  754. 745. 754. 762. 759. 760. 762. 768. 760. 750. 765. 767.]]
##############################
[[123. 172. 245. 267. 291. 305. 318. 342. 348. 355. 345. 363. 374. 372.
  382. 391. 404. 408. 411. 412. 402. 418. 417. 429. 417. 424. 427. 412.
  433. 433. 442. 433. 440. 430. 435. 436. 431. 429. 430. 440.]
 [727. 908. 952. 917. 922. 933. 933. 934. 937. 938. 939. 941. 940. 939.
  940. 939. 943. 942. 943. 944. 948. 944. 943. 943. 943. 944. 944. 942.
  943. 946. 945. 941. 944. 943. 942. 943. 943. 945. 944. 945.]
 [213. 341. 448. 490. 520. 550. 579. 596. 606. 628. 651. 650. 652. 669.
  680. 681. 694. 705. 718. 715. 713. 712. 722. 739. 731. 738. 742. 757.
  751. 744. 740. 751. 742. 746. 750. 760. 768. 766. 761. 774.]
 [302. 446. 530. 553. 595. 611. 650. 654. 671. 675. 673. 696. 700. 721.
  720. 702. 728. 729. 728. 737. 730. 729. 729. 740. 740. 748. 746. 748.
  754. 745. 754. 762. 759. 760. 762. 768. 760. 750. 765. 767.]]
##############################
[[123. 172. 245. 283. 291. 305. 318. 342. 348. 355. 345. 363. 374. 372.
  382. 391. 404. 408. 411. 412. 402. 418. 417. 429. 417. 424. 427. 412.
  433. 433. 442. 433. 440. 430. 435. 436. 431. 429. 430. 440.]
 [727. 908. 952. 964. 922. 933. 933. 934. 937. 938. 939. 941. 940. 939.
  940. 939. 943. 942. 943. 944. 948. 944. 943. 943. 943. 944. 944. 942.
  943. 946. 945. 941. 944. 943. 942. 943. 943. 945. 944. 945.]
 [213. 341. 448. 514. 520. 550. 579. 596. 606. 628. 651. 650. 652. 669.
  680. 681. 694. 705. 718. 715. 713. 712. 722. 739. 731. 738. 742. 757.
  751. 744. 740. 751. 742. 746. 750. 760. 768. 766. 761. 774.]
 [302. 446. 530. 581. 595. 611. 650. 654. 671. 675. 673. 696. 700. 721.
  720. 702. 728. 729. 728. 737. 730. 729. 729. 740. 740. 748. 746. 748.
  754. 745. 754. 762. 759. 760. 762. 768. 760. 750. 765. 767.]]
##############################
[[123. 172. 245. 283. 309. 305. 318. 342. 348. 355. 345. 363. 374. 372.
  382. 391. 404. 408. 411. 412. 402. 418. 417. 429. 417. 424. 427. 412.
  433. 433. 442. 433. 440. 430. 435. 436. 431. 429. 430. 440.]
 [727. 908. 952. 964. 969. 933. 933. 934. 937. 938. 939. 941. 940. 939.
  940. 939. 943. 942. 943. 944. 948. 944. 943. 943. 943. 944. 944. 942.
  943. 946. 945. 941. 944. 943. 942. 943. 943. 945. 944. 945.]
 [213. 341. 448. 514. 548. 550. 579. 596. 606. 628. 651. 650. 652. 669.
  680. 681. 694. 705. 718. 715. 713. 712. 722. 739. 731. 738. 742. 757.
  751. 744. 740. 751. 742. 746. 750. 760. 768. 766. 761. 774.]
 [302. 446. 530. 581. 624. 611. 650. 654. 671. 675. 673. 696. 700. 721.
  720. 702. 728. 729. 728. 737. 730. 729. 729. 740. 740. 748. 746. 748.
  754. 745. 754. 762. 759. 760. 762. 768. 760. 750. 765. 767.]]
##############################
[[123. 172. 245. 283. 309. 325. 318. 342. 348. 355. 345. 363. 374. 372.
  382. 391. 404. 408. 411. 412. 402. 418. 417. 429. 417. 424. 427. 412.
  433. 433. 442. 433. 440. 430. 435. 436. 431. 429. 430. 440.]
 [727. 908. 952. 964. 969. 980. 933. 934. 937. 938. 939. 941. 940. 939.
  940. 939. 943. 942. 943. 944. 948. 944. 943. 943. 943. 944. 944. 942.
  943. 946. 945. 941. 944. 943. 942. 943. 943. 945. 944. 945.]
 [213. 341. 448. 514. 548. 577. 579. 596. 606. 628. 651. 650. 652. 669.
  680. 681. 694. 705. 718. 715. 713. 712. 722. 739. 731. 738. 742. 757.
  751. 744. 740. 751. 742. 746. 750. 760. 768. 766. 761. 774.]
 [302. 446. 530. 581. 624. 643. 650. 654. 671. 675. 673. 696. 700. 721.
  720. 702. 728. 729. 728. 737. 730. 729. 729. 740. 740. 748. 746. 748.
  754. 745. 754. 762. 759. 760. 762. 768. 760. 750. 765. 767.]]
##############################
[[123. 172. 245. 283. 309. 325. 341. 342. 348. 355. 345. 363. 374. 372.
  382. 391. 404. 408. 411. 412. 402. 418. 417. 429. 417. 424. 427. 412.
  433. 433. 442. 433. 440. 430. 435. 436. 431. 429. 430. 440.]
 [727. 908. 952. 964. 969. 980. 982. 934. 937. 938. 939. 941. 940. 939.
  940. 939. 943. 942. 943. 944. 948. 944. 943. 943. 943. 944. 944. 942.
  943. 946. 945. 941. 944. 943. 942. 943. 943. 945. 944. 945.]
 [213. 341. 448. 514. 548. 577. 606. 596. 606. 628. 651. 650. 652. 669.
  680. 681. 694. 705. 718. 715. 713. 712. 722. 739. 731. 738. 742. 757.
  751. 744. 740. 751. 742. 746. 750. 760. 768. 766. 761. 774.]
 [302. 446. 530. 581. 624. 643. 685. 654. 671. 675. 673. 696. 700. 721.
  720. 702. 728. 729. 728. 737. 730. 729. 729. 740. 740. 748. 746. 748.
  754. 745. 754. 762. 759. 760. 762. 768. 760. 750. 765. 767.]]
##############################
[[123. 172. 245. 283. 309. 325. 341. 365. 348. 355. 345. 363. 374. 372.
  382. 391. 404. 408. 411. 412. 402. 418. 417. 429. 417. 424. 427. 412.
  433. 433. 442. 433. 440. 430. 435. 436. 431. 429. 430. 440.]
 [727. 908. 952. 964. 969. 980. 982. 981. 937. 938. 939. 941. 940. 939.
  940. 939. 943. 942. 943. 944. 948. 944. 943. 943. 943. 944. 944. 942.
  943. 946. 945. 941. 944. 943. 942. 943. 943. 945. 944. 945.]
 [213. 341. 448. 514. 548. 577. 606. 628. 606. 628. 651. 650. 652. 669.
  680. 681. 694. 705. 718. 715. 713. 712. 722. 739. 731. 738. 742. 757.
  751. 744. 740. 751. 742. 746. 750. 760. 768. 766. 761. 774.]
 [302. 446. 530. 581. 624. 643. 685. 688. 671. 675. 673. 696. 700. 721.
  720. 702. 728. 729. 728. 737. 730. 729. 729. 740. 740. 748. 746. 748.
  754. 745. 754. 762. 759. 760. 762. 768. 760. 750. 765. 767.]]
##############################
[[123. 172. 245. 283. 309. 325. 341. 365. 370. 355. 345. 363. 374. 372.
  382. 391. 404. 408. 411. 412. 402. 418. 417. 429. 417. 424. 427. 412.
  433. 433. 442. 433. 440. 430. 435. 436. 431. 429. 430. 440.]
 [727. 908. 952. 964. 969. 980. 982. 981. 986. 938. 939. 941. 940. 939.
  940. 939. 943. 942. 943. 944. 948. 944. 943. 943. 943. 944. 944. 942.
  943. 946. 945. 941. 944. 943. 942. 943. 943. 945. 944. 945.]
 [213. 341. 448. 514. 548. 577. 606. 628. 634. 628. 651. 650. 652. 669.
  680. 681. 694. 705. 718. 715. 713. 712. 722. 739. 731. 738. 742. 757.
  751. 744. 740. 751. 742. 746. 750. 760. 768. 766. 761. 774.]
 [302. 446. 530. 581. 624. 643. 685. 688. 706. 675. 673. 696. 700. 721.
  720. 702. 728. 729. 728. 737. 730. 729. 729. 740. 740. 748. 746. 748.
  754. 745. 754. 762. 759. 760. 762. 768. 760. 750. 765. 767.]]
##############################
[[123. 172. 245. 283. 309. 325. 341. 365. 370. 378. 345. 363. 374. 372.
  382. 391. 404. 408. 411. 412. 402. 418. 417. 429. 417. 424. 427. 412.
  433. 433. 442. 433. 440. 430. 435. 436. 431. 429. 430. 440.]
 [727. 908. 952. 964. 969. 980. 982. 981. 986. 985. 939. 941. 940. 939.
  940. 939. 943. 942. 943. 944. 948. 944. 943. 943. 943. 944. 944. 942.
  943. 946. 945. 941. 944. 943. 942. 943. 943. 945. 944. 945.]
 [213. 341. 448. 514. 548. 577. 606. 628. 634. 665. 651. 650. 652. 669.
  680. 681. 694. 705. 718. 715. 713. 712. 722. 739. 731. 738. 742. 757.
  751. 744. 740. 751. 742. 746. 750. 760. 768. 766. 761. 774.]
 [302. 446. 530. 581. 624. 643. 685. 688. 706. 711. 673. 696. 700. 721.
  720. 702. 728. 729. 728. 737. 730. 729. 729. 740. 740. 748. 746. 748.
  754. 745. 754. 762. 759. 760. 762. 768. 760. 750. 765. 767.]]
##############################
[[123. 172. 245. 283. 309. 325. 341. 365. 370. 378. 367. 363. 374. 372.
  382. 391. 404. 408. 411. 412. 402. 418. 417. 429. 417. 424. 427. 412.
  433. 433. 442. 433. 440. 430. 435. 436. 431. 429. 430. 440.]
 [727. 908. 952. 964. 969. 980. 982. 981. 986. 985. 988. 941. 940. 939.
  940. 939. 943. 942. 943. 944. 948. 944. 943. 943. 943. 944. 944. 942.
  943. 946. 945. 941. 944. 943. 942. 943. 943. 945. 944. 945.]
 [213. 341. 448. 514. 548. 577. 606. 628. 634. 665. 686. 650. 652. 669.
  680. 681. 694. 705. 718. 715. 713. 712. 722. 739. 731. 738. 742. 757.
  751. 744. 740. 751. 742. 746. 750. 760. 768. 766. 761. 774.]
 [302. 446. 530. 581. 624. 643. 685. 688. 706. 711. 710. 696. 700. 721.
  720. 702. 728. 729. 728. 737. 730. 729. 729. 740. 740. 748. 746. 748.
  754. 745. 754. 762. 759. 760. 762. 768. 760. 750. 765. 767.]]
##############################
[[123. 172. 245. 283. 309. 325. 341. 365. 370. 378. 367. 385. 374. 372.
  382. 391. 404. 408. 411. 412. 402. 418. 417. 429. 417. 424. 427. 412.
  433. 433. 442. 433. 440. 430. 435. 436. 431. 429. 430. 440.]
 [727. 908. 952. 964. 969. 980. 982. 981. 986. 985. 988. 989. 940. 939.
  940. 939. 943. 942. 943. 944. 948. 944. 943. 943. 943. 944. 944. 942.
  943. 946. 945. 941. 944. 943. 942. 943. 943. 945. 944. 945.]
 [213. 341. 448. 514. 548. 577. 606. 628. 634. 665. 686. 682. 652. 669.
  680. 681. 694. 705. 718. 715. 713. 712. 722. 739. 731. 738. 742. 757.
  751. 744. 740. 751. 742. 746. 750. 760. 768. 766. 761. 774.]
 [302. 446. 530. 581. 624. 643. 685. 688. 706. 711. 710. 731. 700. 721.
  720. 702. 728. 729. 728. 737. 730. 729. 729. 740. 740. 748. 746. 748.
  754. 745. 754. 762. 759. 760. 762. 768. 760. 750. 765. 767.]]
##############################
[[123. 172. 245. 283. 309. 325. 341. 365. 370. 378. 367. 385. 397. 372.
  382. 391. 404. 408. 411. 412. 402. 418. 417. 429. 417. 424. 427. 412.
  433. 433. 442. 433. 440. 430. 435. 436. 431. 429. 430. 440.]
 [727. 908. 952. 964. 969. 980. 982. 981. 986. 985. 988. 989. 989. 939.
  940. 939. 943. 942. 943. 944. 948. 944. 943. 943. 943. 944. 944. 942.
  943. 946. 945. 941. 944. 943. 942. 943. 943. 945. 944. 945.]
 [213. 341. 448. 514. 548. 577. 606. 628. 634. 665. 686. 682. 686. 669.
  680. 681. 694. 705. 718. 715. 713. 712. 722. 739. 731. 738. 742. 757.
  751. 744. 740. 751. 742. 746. 750. 760. 768. 766. 761. 774.]
 [302. 446. 530. 581. 624. 643. 685. 688. 706. 711. 710. 731. 733. 721.
  720. 702. 728. 729. 728. 737. 730. 729. 729. 740. 740. 748. 746. 748.
  754. 745. 754. 762. 759. 760. 762. 768. 760. 750. 765. 767.]]
##############################
[[123. 172. 245. 283. 309. 325. 341. 365. 370. 378. 367. 385. 397. 396.
  382. 391. 404. 408. 411. 412. 402. 418. 417. 429. 417. 424. 427. 412.
  433. 433. 442. 433. 440. 430. 435. 436. 431. 429. 430. 440.]
 [727. 908. 952. 964. 969. 980. 982. 981. 986. 985. 988. 989. 989. 988.
  940. 939. 943. 942. 943. 944. 948. 944. 943. 943. 943. 944. 944. 942.
  943. 946. 945. 941. 944. 943. 942. 943. 943. 945. 944. 945.]
 [213. 341. 448. 514. 548. 577. 606. 628. 634. 665. 686. 682. 686. 705.
  680. 681. 694. 705. 718. 715. 713. 712. 722. 739. 731. 738. 742. 757.
  751. 744. 740. 751. 742. 746. 750. 760. 768. 766. 761. 774.]
 [302. 446. 530. 581. 624. 643. 685. 688. 706. 711. 710. 731. 733. 756.
  720. 702. 728. 729. 728. 737. 730. 729. 729. 740. 740. 748. 746. 748.
  754. 745. 754. 762. 759. 760. 762. 768. 760. 750. 765. 767.]]
##############################
[[123. 172. 245. 283. 309. 325. 341. 365. 370. 378. 367. 385. 397. 396.
  408. 391. 404. 408. 411. 412. 402. 418. 417. 429. 417. 424. 427. 412.
  433. 433. 442. 433. 440. 430. 435. 436. 431. 429. 430. 440.]
 [727. 908. 952. 964. 969. 980. 982. 981. 986. 985. 988. 989. 989. 988.
  989. 939. 943. 942. 943. 944. 948. 944. 943. 943. 943. 944. 944. 942.
  943. 946. 945. 941. 944. 943. 942. 943. 943. 945. 944. 945.]
 [213. 341. 448. 514. 548. 577. 606. 628. 634. 665. 686. 682. 686. 705.
  714. 681. 694. 705. 718. 715. 713. 712. 722. 739. 731. 738. 742. 757.
  751. 744. 740. 751. 742. 746. 750. 760. 768. 766. 761. 774.]
 [302. 446. 530. 581. 624. 643. 685. 688. 706. 711. 710. 731. 733. 756.
  752. 702. 728. 729. 728. 737. 730. 729. 729. 740. 740. 748. 746. 748.
  754. 745. 754. 762. 759. 760. 762. 768. 760. 750. 765. 767.]]
##############################
[[123. 172. 245. 283. 309. 325. 341. 365. 370. 378. 367. 385. 397. 396.
  408. 413. 404. 408. 411. 412. 402. 418. 417. 429. 417. 424. 427. 412.
  433. 433. 442. 433. 440. 430. 435. 436. 431. 429. 430. 440.]
 [727. 908. 952. 964. 969. 980. 982. 981. 986. 985. 988. 989. 989. 988.
  989. 987. 943. 942. 943. 944. 948. 944. 943. 943. 943. 944. 944. 942.
  943. 946. 945. 941. 944. 943. 942. 943. 943. 945. 944. 945.]
 [213. 341. 448. 514. 548. 577. 606. 628. 634. 665. 686. 682. 686. 705.
  714. 716. 694. 705. 718. 715. 713. 712. 722. 739. 731. 738. 742. 757.
  751. 744. 740. 751. 742. 746. 750. 760. 768. 766. 761. 774.]
 [302. 446. 530. 581. 624. 643. 685. 688. 706. 711. 710. 731. 733. 756.
  752. 739. 728. 729. 728. 737. 730. 729. 729. 740. 740. 748. 746. 748.
  754. 745. 754. 762. 759. 760. 762. 768. 760. 750. 765. 767.]]
##############################
[[123. 172. 245. 283. 309. 325. 341. 365. 370. 378. 367. 385. 397. 396.
  408. 413. 429. 408. 411. 412. 402. 418. 417. 429. 417. 424. 427. 412.
  433. 433. 442. 433. 440. 430. 435. 436. 431. 429. 430. 440.]
 [727. 908. 952. 964. 969. 980. 982. 981. 986. 985. 988. 989. 989. 988.
  989. 987. 992. 942. 943. 944. 948. 944. 943. 943. 943. 944. 944. 942.
  943. 946. 945. 941. 944. 943. 942. 943. 943. 945. 944. 945.]
 [213. 341. 448. 514. 548. 577. 606. 628. 634. 665. 686. 682. 686. 705.
  714. 716. 726. 705. 718. 715. 713. 712. 722. 739. 731. 738. 742. 757.
  751. 744. 740. 751. 742. 746. 750. 760. 768. 766. 761. 774.]
 [302. 446. 530. 581. 624. 643. 685. 688. 706. 711. 710. 731. 733. 756.
  752. 739. 765. 729. 728. 737. 730. 729. 729. 740. 740. 748. 746. 748.
  754. 745. 754. 762. 759. 760. 762. 768. 760. 750. 765. 767.]]
##############################
[[123. 172. 245. 283. 309. 325. 341. 365. 370. 378. 367. 385. 397. 396.
  408. 413. 429. 434. 411. 412. 402. 418. 417. 429. 417. 424. 427. 412.
  433. 433. 442. 433. 440. 430. 435. 436. 431. 429. 430. 440.]
 [727. 908. 952. 964. 969. 980. 982. 981. 986. 985. 988. 989. 989. 988.
  989. 987. 992. 990. 943. 944. 948. 944. 943. 943. 943. 944. 944. 942.
  943. 946. 945. 941. 944. 943. 942. 943. 943. 945. 944. 945.]
 [213. 341. 448. 514. 548. 577. 606. 628. 634. 665. 686. 682. 686. 705.
  714. 716. 726. 738. 718. 715. 713. 712. 722. 739. 731. 738. 742. 757.
  751. 744. 740. 751. 742. 746. 750. 760. 768. 766. 761. 774.]
 [302. 446. 530. 581. 624. 643. 685. 688. 706. 711. 710. 731. 733. 756.
  752. 739. 765. 766. 728. 737. 730. 729. 729. 740. 740. 748. 746. 748.
  754. 745. 754. 762. 759. 760. 762. 768. 760. 750. 765. 767.]]
##############################
[[123. 172. 245. 283. 309. 325. 341. 365. 370. 378. 367. 385. 397. 396.
  408. 413. 429. 434. 435. 412. 402. 418. 417. 429. 417. 424. 427. 412.
  433. 433. 442. 433. 440. 430. 435. 436. 431. 429. 430. 440.]
 [727. 908. 952. 964. 969. 980. 982. 981. 986. 985. 988. 989. 989. 988.
  989. 987. 992. 990. 992. 944. 948. 944. 943. 943. 943. 944. 944. 942.
  943. 946. 945. 941. 944. 943. 942. 943. 943. 945. 944. 945.]
 [213. 341. 448. 514. 548. 577. 606. 628. 634. 665. 686. 682. 686. 705.
  714. 716. 726. 738. 751. 715. 713. 712. 722. 739. 731. 738. 742. 757.
  751. 744. 740. 751. 742. 746. 750. 760. 768. 766. 761. 774.]
 [302. 446. 530. 581. 624. 643. 685. 688. 706. 711. 710. 731. 733. 756.
  752. 739. 765. 766. 768. 737. 730. 729. 729. 740. 740. 748. 746. 748.
  754. 745. 754. 762. 759. 760. 762. 768. 760. 750. 765. 767.]]
##############################
[[123. 172. 245. 283. 309. 325. 341. 365. 370. 378. 367. 385. 397. 396.
  408. 413. 429. 434. 435. 436. 402. 418. 417. 429. 417. 424. 427. 412.
  433. 433. 442. 433. 440. 430. 435. 436. 431. 429. 430. 440.]
 [727. 908. 952. 964. 969. 980. 982. 981. 986. 985. 988. 989. 989. 988.
  989. 987. 992. 990. 992. 993. 948. 944. 943. 943. 943. 944. 944. 942.
  943. 946. 945. 941. 944. 943. 942. 943. 943. 945. 944. 945.]
 [213. 341. 448. 514. 548. 577. 606. 628. 634. 665. 686. 682. 686. 705.
  714. 716. 726. 738. 751. 749. 713. 712. 722. 739. 731. 738. 742. 757.
  751. 744. 740. 751. 742. 746. 750. 760. 768. 766. 761. 774.]
 [302. 446. 530. 581. 624. 643. 685. 688. 706. 711. 710. 731. 733. 756.
  752. 739. 765. 766. 768. 773. 730. 729. 729. 740. 740. 748. 746. 748.
  754. 745. 754. 762. 759. 760. 762. 768. 760. 750. 765. 767.]]
##############################
[[123. 172. 245. 283. 309. 325. 341. 365. 370. 378. 367. 385. 397. 396.
  408. 413. 429. 434. 435. 436. 427. 418. 417. 429. 417. 424. 427. 412.
  433. 433. 442. 433. 440. 430. 435. 436. 431. 429. 430. 440.]
 [727. 908. 952. 964. 969. 980. 982. 981. 986. 985. 988. 989. 989. 988.
  989. 987. 992. 990. 992. 993. 998. 944. 943. 943. 943. 944. 944. 942.
  943. 946. 945. 941. 944. 943. 942. 943. 943. 945. 944. 945.]
 [213. 341. 448. 514. 548. 577. 606. 628. 634. 665. 686. 682. 686. 705.
  714. 716. 726. 738. 751. 749. 749. 712. 722. 739. 731. 738. 742. 757.
  751. 744. 740. 751. 742. 746. 750. 760. 768. 766. 761. 774.]
 [302. 446. 530. 581. 624. 643. 685. 688. 706. 711. 710. 731. 733. 756.
  752. 739. 765. 766. 768. 773. 766. 729. 729. 740. 740. 748. 746. 748.
  754. 745. 754. 762. 759. 760. 762. 768. 760. 750. 765. 767.]]
##############################
[[123. 172. 245. 283. 309. 325. 341. 365. 370. 378. 367. 385. 397. 396.
  408. 413. 429. 434. 435. 436. 427. 441. 417. 429. 417. 424. 427. 412.
  433. 433. 442. 433. 440. 430. 435. 436. 431. 429. 430. 440.]
 [727. 908. 952. 964. 969. 980. 982. 981. 986. 985. 988. 989. 989. 988.
  989. 987. 992. 990. 992. 993. 998. 994. 943. 943. 943. 944. 944. 942.
  943. 946. 945. 941. 944. 943. 942. 943. 943. 945. 944. 945.]
 [213. 341. 448. 514. 548. 577. 606. 628. 634. 665. 686. 682. 686. 705.
  714. 716. 726. 738. 751. 749. 749. 748. 722. 739. 731. 738. 742. 757.
  751. 744. 740. 751. 742. 746. 750. 760. 768. 766. 761. 774.]
 [302. 446. 530. 581. 624. 643. 685. 688. 706. 711. 710. 731. 733. 756.
  752. 739. 765. 766. 768. 773. 766. 764. 729. 740. 740. 748. 746. 748.
  754. 745. 754. 762. 759. 760. 762. 768. 760. 750. 765. 767.]]
##############################
[[123. 172. 245. 283. 309. 325. 341. 365. 370. 378. 367. 385. 397. 396.
  408. 413. 429. 434. 435. 436. 427. 441. 442. 429. 417. 424. 427. 412.
  433. 433. 442. 433. 440. 430. 435. 436. 431. 429. 430. 440.]
 [727. 908. 952. 964. 969. 980. 982. 981. 986. 985. 988. 989. 989. 988.
  989. 987. 992. 990. 992. 993. 998. 994. 993. 943. 943. 944. 944. 942.
  943. 946. 945. 941. 944. 943. 942. 943. 943. 945. 944. 945.]
 [213. 341. 448. 514. 548. 577. 606. 628. 634. 665. 686. 682. 686. 705.
  714. 716. 726. 738. 751. 749. 749. 748. 756. 739. 731. 738. 742. 757.
  751. 744. 740. 751. 742. 746. 750. 760. 768. 766. 761. 774.]
 [302. 446. 530. 581. 624. 643. 685. 688. 706. 711. 710. 731. 733. 756.
  752. 739. 765. 766. 768. 773. 766. 764. 766. 740. 740. 748. 746. 748.
  754. 745. 754. 762. 759. 760. 762. 768. 760. 750. 765. 767.]]
##############################
[[123. 172. 245. 283. 309. 325. 341. 365. 370. 378. 367. 385. 397. 396.
  408. 413. 429. 434. 435. 436. 427. 441. 442. 453. 417. 424. 427. 412.
  433. 433. 442. 433. 440. 430. 435. 436. 431. 429. 430. 440.]
 [727. 908. 952. 964. 969. 980. 982. 981. 986. 985. 988. 989. 989. 988.
  989. 987. 992. 990. 992. 993. 998. 994. 993. 992. 943. 944. 944. 942.
  943. 946. 945. 941. 944. 943. 942. 943. 943. 945. 944. 945.]
 [213. 341. 448. 514. 548. 577. 606. 628. 634. 665. 686. 682. 686. 705.
  714. 716. 726. 738. 751. 749. 749. 748. 756. 775. 731. 738. 742. 757.
  751. 744. 740. 751. 742. 746. 750. 760. 768. 766. 761. 774.]
 [302. 446. 530. 581. 624. 643. 685. 688. 706. 711. 710. 731. 733. 756.
  752. 739. 765. 766. 768. 773. 766. 764. 766. 777. 740. 748. 746. 748.
  754. 745. 754. 762. 759. 760. 762. 768. 760. 750. 765. 767.]]
##############################
[[123. 172. 245. 283. 309. 325. 341. 365. 370. 378. 367. 385. 397. 396.
  408. 413. 429. 434. 435. 436. 427. 441. 442. 453. 439. 424. 427. 412.
  433. 433. 442. 433. 440. 430. 435. 436. 431. 429. 430. 440.]
 [727. 908. 952. 964. 969. 980. 982. 981. 986. 985. 988. 989. 989. 988.
  989. 987. 992. 990. 992. 993. 998. 994. 993. 992. 992. 944. 944. 942.
  943. 946. 945. 941. 944. 943. 942. 943. 943. 945. 944. 945.]
 [213. 341. 448. 514. 548. 577. 606. 628. 634. 665. 686. 682. 686. 705.
  714. 716. 726. 738. 751. 749. 749. 748. 756. 775. 767. 738. 742. 757.
  751. 744. 740. 751. 742. 746. 750. 760. 768. 766. 761. 774.]
 [302. 446. 530. 581. 624. 643. 685. 688. 706. 711. 710. 731. 733. 756.
  752. 739. 765. 766. 768. 773. 766. 764. 766. 777. 777. 748. 746. 748.
  754. 745. 754. 762. 759. 760. 762. 768. 760. 750. 765. 767.]]
##############################
[[123. 172. 245. 283. 309. 325. 341. 365. 370. 378. 367. 385. 397. 396.
  408. 413. 429. 434. 435. 436. 427. 441. 442. 453. 439. 446. 427. 412.
  433. 433. 442. 433. 440. 430. 435. 436. 431. 429. 430. 440.]
 [727. 908. 952. 964. 969. 980. 982. 981. 986. 985. 988. 989. 989. 988.
  989. 987. 992. 990. 992. 993. 998. 994. 993. 992. 992. 993. 944. 942.
  943. 946. 945. 941. 944. 943. 942. 943. 943. 945. 944. 945.]
 [213. 341. 448. 514. 548. 577. 606. 628. 634. 665. 686. 682. 686. 705.
  714. 716. 726. 738. 751. 749. 749. 748. 756. 775. 767. 776. 742. 757.
  751. 744. 740. 751. 742. 746. 750. 760. 768. 766. 761. 774.]
 [302. 446. 530. 581. 624. 643. 685. 688. 706. 711. 710. 731. 733. 756.
  752. 739. 765. 766. 768. 773. 766. 764. 766. 777. 777. 786. 746. 748.
  754. 745. 754. 762. 759. 760. 762. 768. 760. 750. 765. 767.]]
##############################
[[123. 172. 245. 283. 309. 325. 341. 365. 370. 378. 367. 385. 397. 396.
  408. 413. 429. 434. 435. 436. 427. 441. 442. 453. 439. 446. 450. 412.
  433. 433. 442. 433. 440. 430. 435. 436. 431. 429. 430. 440.]
 [727. 908. 952. 964. 969. 980. 982. 981. 986. 985. 988. 989. 989. 988.
  989. 987. 992. 990. 992. 993. 998. 994. 993. 992. 992. 993. 994. 942.
  943. 946. 945. 941. 944. 943. 942. 943. 943. 945. 944. 945.]
 [213. 341. 448. 514. 548. 577. 606. 628. 634. 665. 686. 682. 686. 705.
  714. 716. 726. 738. 751. 749. 749. 748. 756. 775. 767. 776. 779. 757.
  751. 744. 740. 751. 742. 746. 750. 760. 768. 766. 761. 774.]
 [302. 446. 530. 581. 624. 643. 685. 688. 706. 711. 710. 731. 733. 756.
  752. 739. 765. 766. 768. 773. 766. 764. 766. 777. 777. 786. 785. 748.
  754. 745. 754. 762. 759. 760. 762. 768. 760. 750. 765. 767.]]
##############################
[[123. 172. 245. 283. 309. 325. 341. 365. 370. 378. 367. 385. 397. 396.
  408. 413. 429. 434. 435. 436. 427. 441. 442. 453. 439. 446. 450. 433.
  433. 433. 442. 433. 440. 430. 435. 436. 431. 429. 430. 440.]
 [727. 908. 952. 964. 969. 980. 982. 981. 986. 985. 988. 989. 989. 988.
  989. 987. 992. 990. 992. 993. 998. 994. 993. 992. 992. 993. 994. 992.
  943. 946. 945. 941. 944. 943. 942. 943. 943. 945. 944. 945.]
 [213. 341. 448. 514. 548. 577. 606. 628. 634. 665. 686. 682. 686. 705.
  714. 716. 726. 738. 751. 749. 749. 748. 756. 775. 767. 776. 779. 794.
  751. 744. 740. 751. 742. 746. 750. 760. 768. 766. 761. 774.]
 [302. 446. 530. 581. 624. 643. 685. 688. 706. 711. 710. 731. 733. 756.
  752. 739. 765. 766. 768. 773. 766. 764. 766. 777. 777. 786. 785. 788.
  754. 745. 754. 762. 759. 760. 762. 768. 760. 750. 765. 767.]]
##############################
[[123. 172. 245. 283. 309. 325. 341. 365. 370. 378. 367. 385. 397. 396.
  408. 413. 429. 434. 435. 436. 427. 441. 442. 453. 439. 446. 450. 433.
  456. 433. 442. 433. 440. 430. 435. 436. 431. 429. 430. 440.]
 [727. 908. 952. 964. 969. 980. 982. 981. 986. 985. 988. 989. 989. 988.
  989. 987. 992. 990. 992. 993. 998. 994. 993. 992. 992. 993. 994. 992.
  993. 946. 945. 941. 944. 943. 942. 943. 943. 945. 944. 945.]
 [213. 341. 448. 514. 548. 577. 606. 628. 634. 665. 686. 682. 686. 705.
  714. 716. 726. 738. 751. 749. 749. 748. 756. 775. 767. 776. 779. 794.
  788. 744. 740. 751. 742. 746. 750. 760. 768. 766. 761. 774.]
 [302. 446. 530. 581. 624. 643. 685. 688. 706. 711. 710. 731. 733. 756.
  752. 739. 765. 766. 768. 773. 766. 764. 766. 777. 777. 786. 785. 788.
  793. 745. 754. 762. 759. 760. 762. 768. 760. 750. 765. 767.]]
##############################
[[123. 172. 245. 283. 309. 325. 341. 365. 370. 378. 367. 385. 397. 396.
  408. 413. 429. 434. 435. 436. 427. 441. 442. 453. 439. 446. 450. 433.
  456. 457. 442. 433. 440. 430. 435. 436. 431. 429. 430. 440.]
 [727. 908. 952. 964. 969. 980. 982. 981. 986. 985. 988. 989. 989. 988.
  989. 987. 992. 990. 992. 993. 998. 994. 993. 992. 992. 993. 994. 992.
  993. 995. 945. 941. 944. 943. 942. 943. 943. 945. 944. 945.]
 [213. 341. 448. 514. 548. 577. 606. 628. 634. 665. 686. 682. 686. 705.
  714. 716. 726. 738. 751. 749. 749. 748. 756. 775. 767. 776. 779. 794.
  788. 780. 740. 751. 742. 746. 750. 760. 768. 766. 761. 774.]
 [302. 446. 530. 581. 624. 643. 685. 688. 706. 711. 710. 731. 733. 756.
  752. 739. 765. 766. 768. 773. 766. 764. 766. 777. 777. 786. 785. 788.
  793. 785. 754. 762. 759. 760. 762. 768. 760. 750. 765. 767.]]
##############################
[[123. 172. 245. 283. 309. 325. 341. 365. 370. 378. 367. 385. 397. 396.
  408. 413. 429. 434. 435. 436. 427. 441. 442. 453. 439. 446. 450. 433.
  456. 457. 465. 433. 440. 430. 435. 436. 431. 429. 430. 440.]
 [727. 908. 952. 964. 969. 980. 982. 981. 986. 985. 988. 989. 989. 988.
  989. 987. 992. 990. 992. 993. 998. 994. 993. 992. 992. 993. 994. 992.
  993. 995. 995. 941. 944. 943. 942. 943. 943. 945. 944. 945.]
 [213. 341. 448. 514. 548. 577. 606. 628. 634. 665. 686. 682. 686. 705.
  714. 716. 726. 738. 751. 749. 749. 748. 756. 775. 767. 776. 779. 794.
  788. 780. 775. 751. 742. 746. 750. 760. 768. 766. 761. 774.]
 [302. 446. 530. 581. 624. 643. 685. 688. 706. 711. 710. 731. 733. 756.
  752. 739. 765. 766. 768. 773. 766. 764. 766. 777. 777. 786. 785. 788.
  793. 785. 794. 762. 759. 760. 762. 768. 760. 750. 765. 767.]]
##############################
[[123. 172. 245. 283. 309. 325. 341. 365. 370. 378. 367. 385. 397. 396.
  408. 413. 429. 434. 435. 436. 427. 441. 442. 453. 439. 446. 450. 433.
  456. 457. 465. 457. 440. 430. 435. 436. 431. 429. 430. 440.]
 [727. 908. 952. 964. 969. 980. 982. 981. 986. 985. 988. 989. 989. 988.
  989. 987. 992. 990. 992. 993. 998. 994. 993. 992. 992. 993. 994. 992.
  993. 995. 995. 991. 944. 943. 942. 943. 943. 945. 944. 945.]
 [213. 341. 448. 514. 548. 577. 606. 628. 634. 665. 686. 682. 686. 705.
  714. 716. 726. 738. 751. 749. 749. 748. 756. 775. 767. 776. 779. 794.
  788. 780. 775. 787. 742. 746. 750. 760. 768. 766. 761. 774.]
 [302. 446. 530. 581. 624. 643. 685. 688. 706. 711. 710. 731. 733. 756.
  752. 739. 765. 766. 768. 773. 766. 764. 766. 777. 777. 786. 785. 788.
  793. 785. 794. 801. 759. 760. 762. 768. 760. 750. 765. 767.]]
##############################
[[123. 172. 245. 283. 309. 325. 341. 365. 370. 378. 367. 385. 397. 396.
  408. 413. 429. 434. 435. 436. 427. 441. 442. 453. 439. 446. 450. 433.
  456. 457. 465. 457. 463. 430. 435. 436. 431. 429. 430. 440.]
 [727. 908. 952. 964. 969. 980. 982. 981. 986. 985. 988. 989. 989. 988.
  989. 987. 992. 990. 992. 993. 998. 994. 993. 992. 992. 993. 994. 992.
  993. 995. 995. 991. 994. 943. 942. 943. 943. 945. 944. 945.]
 [213. 341. 448. 514. 548. 577. 606. 628. 634. 665. 686. 682. 686. 705.
  714. 716. 726. 738. 751. 749. 749. 748. 756. 775. 767. 776. 779. 794.
  788. 780. 775. 787. 779. 746. 750. 760. 768. 766. 761. 774.]
 [302. 446. 530. 581. 624. 643. 685. 688. 706. 711. 710. 731. 733. 756.
  752. 739. 765. 766. 768. 773. 766. 764. 766. 777. 777. 786. 785. 788.
  793. 785. 794. 801. 798. 760. 762. 768. 760. 750. 765. 767.]]
##############################
[[123. 172. 245. 283. 309. 325. 341. 365. 370. 378. 367. 385. 397. 396.
  408. 413. 429. 434. 435. 436. 427. 441. 442. 453. 439. 446. 450. 433.
  456. 457. 465. 457. 463. 453. 435. 436. 431. 429. 430. 440.]
 [727. 908. 952. 964. 969. 980. 982. 981. 986. 985. 988. 989. 989. 988.
  989. 987. 992. 990. 992. 993. 998. 994. 993. 992. 992. 993. 994. 992.
  993. 995. 995. 991. 994. 993. 942. 943. 943. 945. 944. 945.]
 [213. 341. 448. 514. 548. 577. 606. 628. 634. 665. 686. 682. 686. 705.
  714. 716. 726. 738. 751. 749. 749. 748. 756. 775. 767. 776. 779. 794.
  788. 780. 775. 787. 779. 783. 750. 760. 768. 766. 761. 774.]
 [302. 446. 530. 581. 624. 643. 685. 688. 706. 711. 710. 731. 733. 756.
  752. 739. 765. 766. 768. 773. 766. 764. 766. 777. 777. 786. 785. 788.
  793. 785. 794. 801. 798. 799. 762. 768. 760. 750. 765. 767.]]
##############################
[[123. 172. 245. 283. 309. 325. 341. 365. 370. 378. 367. 385. 397. 396.
  408. 413. 429. 434. 435. 436. 427. 441. 442. 453. 439. 446. 450. 433.
  456. 457. 465. 457. 463. 453. 455. 436. 431. 429. 430. 440.]
 [727. 908. 952. 964. 969. 980. 982. 981. 986. 985. 988. 989. 989. 988.
  989. 987. 992. 990. 992. 993. 998. 994. 993. 992. 992. 993. 994. 992.
  993. 995. 995. 991. 994. 993. 992. 943. 943. 945. 944. 945.]
 [213. 341. 448. 514. 548. 577. 606. 628. 634. 665. 686. 682. 686. 705.
  714. 716. 726. 738. 751. 749. 749. 748. 756. 775. 767. 776. 779. 794.
  788. 780. 775. 787. 779. 783. 786. 760. 768. 766. 761. 774.]
 [302. 446. 530. 581. 624. 643. 685. 688. 706. 711. 710. 731. 733. 756.
  752. 739. 765. 766. 768. 773. 766. 764. 766. 777. 777. 786. 785. 788.
  793. 785. 794. 801. 798. 799. 799. 768. 760. 750. 765. 767.]]
##############################
[[123. 172. 245. 283. 309. 325. 341. 365. 370. 378. 367. 385. 397. 396.
  408. 413. 429. 434. 435. 436. 427. 441. 442. 453. 439. 446. 450. 433.
  456. 457. 465. 457. 463. 453. 455. 459. 431. 429. 430. 440.]
 [727. 908. 952. 964. 969. 980. 982. 981. 986. 985. 988. 989. 989. 988.
  989. 987. 992. 990. 992. 993. 998. 994. 993. 992. 992. 993. 994. 992.
  993. 995. 995. 991. 994. 993. 992. 993. 943. 945. 944. 945.]
 [213. 341. 448. 514. 548. 577. 606. 628. 634. 665. 686. 682. 686. 705.
  714. 716. 726. 738. 751. 749. 749. 748. 756. 775. 767. 776. 779. 794.
  788. 780. 775. 787. 779. 783. 786. 797. 768. 766. 761. 774.]
 [302. 446. 530. 581. 624. 643. 685. 688. 706. 711. 710. 731. 733. 756.
  752. 739. 765. 766. 768. 773. 766. 764. 766. 777. 777. 786. 785. 788.
  793. 785. 794. 801. 798. 799. 799. 806. 760. 750. 765. 767.]]
##############################
[[123. 172. 245. 283. 309. 325. 341. 365. 370. 378. 367. 385. 397. 396.
  408. 413. 429. 434. 435. 436. 427. 441. 442. 453. 439. 446. 450. 433.
  456. 457. 465. 457. 463. 453. 455. 459. 453. 429. 430. 440.]
 [727. 908. 952. 964. 969. 980. 982. 981. 986. 985. 988. 989. 989. 988.
  989. 987. 992. 990. 992. 993. 998. 994. 993. 992. 992. 993. 994. 992.
  993. 995. 995. 991. 994. 993. 992. 993. 993. 945. 944. 945.]
 [213. 341. 448. 514. 548. 577. 606. 628. 634. 665. 686. 682. 686. 705.
  714. 716. 726. 738. 751. 749. 749. 748. 756. 775. 767. 776. 779. 794.
  788. 780. 775. 787. 779. 783. 786. 797. 807. 766. 761. 774.]
 [302. 446. 530. 581. 624. 643. 685. 688. 706. 711. 710. 731. 733. 756.
  752. 739. 765. 766. 768. 773. 766. 764. 766. 777. 777. 786. 785. 788.
  793. 785. 794. 801. 798. 799. 799. 806. 799. 750. 765. 767.]]
##############################
[[123. 172. 245. 283. 309. 325. 341. 365. 370. 378. 367. 385. 397. 396.
  408. 413. 429. 434. 435. 436. 427. 441. 442. 453. 439. 446. 450. 433.
  456. 457. 465. 457. 463. 453. 455. 459. 453. 453. 430. 440.]
 [727. 908. 952. 964. 969. 980. 982. 981. 986. 985. 988. 989. 989. 988.
  989. 987. 992. 990. 992. 993. 998. 994. 993. 992. 992. 993. 994. 992.
  993. 995. 995. 991. 994. 993. 992. 993. 993. 995. 944. 945.]
 [213. 341. 448. 514. 548. 577. 606. 628. 634. 665. 686. 682. 686. 705.
  714. 716. 726. 738. 751. 749. 749. 748. 756. 775. 767. 776. 779. 794.
  788. 780. 775. 787. 779. 783. 786. 797. 807. 799. 761. 774.]
 [302. 446. 530. 581. 624. 643. 685. 688. 706. 711. 710. 731. 733. 756.
  752. 739. 765. 766. 768. 773. 766. 764. 766. 777. 777. 786. 785. 788.
  793. 785. 794. 801. 798. 799. 799. 806. 799. 789. 765. 767.]]
##############################
[[123. 172. 245. 283. 309. 325. 341. 365. 370. 378. 367. 385. 397. 396.
  408. 413. 429. 434. 435. 436. 427. 441. 442. 453. 439. 446. 450. 433.
  456. 457. 465. 457. 463. 453. 455. 459. 453. 453. 451. 440.]
 [727. 908. 952. 964. 969. 980. 982. 981. 986. 985. 988. 989. 989. 988.
  989. 987. 992. 990. 992. 993. 998. 994. 993. 992. 992. 993. 994. 992.
  993. 995. 995. 991. 994. 993. 992. 993. 993. 995. 994. 945.]
 [213. 341. 448. 514. 548. 577. 606. 628. 634. 665. 686. 682. 686. 705.
  714. 716. 726. 738. 751. 749. 749. 748. 756. 775. 767. 776. 779. 794.
  788. 780. 775. 787. 779. 783. 786. 797. 807. 799. 798. 774.]
 [302. 446. 530. 581. 624. 643. 685. 688. 706. 711. 710. 731. 733. 756.
  752. 739. 765. 766. 768. 773. 766. 764. 766. 777. 777. 786. 785. 788.
  793. 785. 794. 801. 798. 799. 799. 806. 799. 789. 804. 767.]]
##############################
[[123. 172. 245. 283. 309. 325. 341. 365. 370. 378. 367. 385. 397. 396.
  408. 413. 429. 434. 435. 436. 427. 441. 442. 453. 439. 446. 450. 433.
  456. 457. 465. 457. 463. 453. 455. 459. 453. 453. 451. 462.]
 [727. 908. 952. 964. 969. 980. 982. 981. 986. 985. 988. 989. 989. 988.
  989. 987. 992. 990. 992. 993. 998. 994. 993. 992. 992. 993. 994. 992.
  993. 995. 995. 991. 994. 993. 992. 993. 993. 995. 994. 995.]
 [213. 341. 448. 514. 548. 577. 606. 628. 634. 665. 686. 682. 686. 705.
  714. 716. 726. 738. 751. 749. 749. 748. 756. 775. 767. 776. 779. 794.
  788. 780. 775. 787. 779. 783. 786. 797. 807. 799. 798. 814.]
 [302. 446. 530. 581. 624. 643. 685. 688. 706. 711. 710. 731. 733. 756.
  752. 739. 765. 766. 768. 773. 766. 764. 766. 777. 777. 786. 785. 788.
  793. 785. 794. 801. 798. 799. 799. 806. 799. 789. 804. 805.]]
##############################
##################################################
/targeted_attack/adv_example/resnet50_CE_0
Hyper-parameters: {'source_model': 'resnet50', 'batch_size': 50, 'max_iterations': 400, 'loss_function': 'CE', 'targeted': False, 'm1': 1, 'm2': 1, 'strength': 0, 'adv_perturbation': True, 'adv_loss_function': 'CE', 'adv_epsilon': 0.06274509803921569, 'adv_steps': 8, 'transpoint': 0, 'seed': 9018, 'MI': False, 'DI': False, 'TI': False, 'SI': False, 'random_start': False, 'save': True, 'device': 0, 'adv_alpha': 0.00784313725490196, 'adv_targeted': 1, 'file_path': '/targeted_attack/adv_example/resnet50_CE_0'}

final result
Source model : Ensemble --> Target model: Inception-v3 | ResNet50 | DenseNet121 | VGG16bn
[[123. 172. 245. 283. 309. 325. 341. 365. 370. 378. 367. 385. 397. 396.
  408. 413. 429. 434. 435. 436. 427. 441. 442. 453. 439. 446. 450. 433.
  456. 457. 465. 457. 463. 453. 455. 459. 453. 453. 451. 462.]
 [727. 908. 952. 964. 969. 980. 982. 981. 986. 985. 988. 989. 989. 988.
  989. 987. 992. 990. 992. 993. 998. 994. 993. 992. 992. 993. 994. 992.
  993. 995. 995. 991. 994. 993. 992. 993. 993. 995. 994. 995.]
 [213. 341. 448. 514. 548. 577. 606. 628. 634. 665. 686. 682. 686. 705.
  714. 716. 726. 738. 751. 749. 749. 748. 756. 775. 767. 776. 779. 794.
  788. 780. 775. 787. 779. 783. 786. 797. 807. 799. 798. 814.]
 [302. 446. 530. 581. 624. 643. 685. 688. 706. 711. 710. 731. 733. 756.
  752. 739. 765. 766. 768. 773. 766. 764. 766. 777. 777. 786. 785. 788.
  793. 785. 794. 801. 798. 799. 799. 806. 799. 789. 804. 805.]]
results for 10 iters:
[123. 727. 213. 302.]
results for 100 iters:
[378. 985. 665. 711.]
results for 200 iters:
[436. 993. 749. 773.]
results for 300 iters:
[457. 995. 780. 785.]
results for 400 iters:
[462. 995. 814. 805.]
saving the adversarial examples
finishing saving the adversarial examples
finishing the attack experiment
##################################################
##################################################
##################################################
