C:\Users\jaive.DESKTOP-3TNM9JL\AppData\Roaming\Python\Python314\site-packages\torchvision\models\_utils.py:207: UserWarning: The parameter 'pretrained' is deprecated since 0.13 and may be removed in the future, please use 'weights' instead.
  warnings.warn(
C:\Users\jaive.DESKTOP-3TNM9JL\AppData\Roaming\Python\Python314\site-packages\torchvision\models\_utils.py:222: UserWarning: Arguments other than a weight enum or `None` for 'weights' are deprecated since 0.13 and may be removed in the future. The current behavior is equivalent to passing `weights=Inception_V3_Weights.IMAGENET1K_V1`. You can also use `weights=Inception_V3_Weights.DEFAULT` to get the most up-to-date weights.
  warnings.warn(msg)
C:\Users\jaive.DESKTOP-3TNM9JL\AppData\Roaming\Python\Python314\site-packages\torchvision\models\_utils.py:222: UserWarning: Arguments other than a weight enum or `None` for 'weights' are deprecated since 0.13 and may be removed in the future. The current behavior is equivalent to passing `weights=ResNet50_Weights.IMAGENET1K_V1`. You can also use `weights=ResNet50_Weights.DEFAULT` to get the most up-to-date weights.
  warnings.warn(msg)
C:\Users\jaive.DESKTOP-3TNM9JL\AppData\Roaming\Python\Python314\site-packages\torchvision\models\_utils.py:222: UserWarning: Arguments other than a weight enum or `None` for 'weights' are deprecated since 0.13 and may be removed in the future. The current behavior is equivalent to passing `weights=DenseNet121_Weights.IMAGENET1K_V1`. You can also use `weights=DenseNet121_Weights.DEFAULT` to get the most up-to-date weights.
  warnings.warn(msg)
C:\Users\jaive.DESKTOP-3TNM9JL\AppData\Roaming\Python\Python314\site-packages\torchvision\models\_utils.py:222: UserWarning: Arguments other than a weight enum or `None` for 'weights' are deprecated since 0.13 and may be removed in the future. The current behavior is equivalent to passing `weights=VGG16_BN_Weights.IMAGENET1K_V1`. You can also use `weights=VGG16_BN_Weights.DEFAULT` to get the most up-to-date weights.
  warnings.warn(msg)
----------- new folder ------------
------------ ok ----------------
resnet50_CE_100
Hyper-parameters: {'source_model': 'resnet50', 'batch_size': 50, 'max_iterations': 400, 'loss_function': 'CE', 'targeted': False, 'm1': 1, 'm2': 1, 'strength': 0, 'adv_perturbation': True, 'adv_loss_function': 'CE', 'adv_epsilon': 0.047058823529411764, 'adv_steps': 6, 'transpoint': 100, 'seed': 9018, 'MI': False, 'DI': False, 'TI': False, 'SI': False, 'random_start': False, 'save': True, 'device': 0, 'adv_alpha': 0.00784313725490196, 'adv_targeted': 1, 'file_path': '/targeted_attack/adv_example/resnet50_CE_100'}

device: cuda
setting up the source and target models
loaded the images
##################################################
starting :1 batch
[[18.  0.  0.  0.  0.  0.  0.  0.  0.  0.  0.  0.  0.  0.  0.  0.  0.  0.
   0.  0.  0.  0.  0.  0.  0.  0.  0.  0.  0.  0.  0.  0.  0.  0.  0.  0.
   0.  0.  0.  0.]
 [50.  0.  0.  0.  0.  0.  0.  0.  0.  0.  0.  0.  0.  0.  0.  0.  0.  0.
   0.  0.  0.  0.  0.  0.  0.  0.  0.  0.  0.  0.  0.  0.  0.  0.  0.  0.
   0.  0.  0.  0.]
 [33.  0.  0.  0.  0.  0.  0.  0.  0.  0.  0.  0.  0.  0.  0.  0.  0.  0.
   0.  0.  0.  0.  0.  0.  0.  0.  0.  0.  0.  0.  0.  0.  0.  0.  0.  0.
   0.  0.  0.  0.]
 [40.  0.  0.  0.  0.  0.  0.  0.  0.  0.  0.  0.  0.  0.  0.  0.  0.  0.
   0.  0.  0.  0.  0.  0.  0.  0.  0.  0.  0.  0.  0.  0.  0.  0.  0.  0.
   0.  0.  0.  0.]]
##############################
[[18. 21.  0.  0.  0.  0.  0.  0.  0.  0.  0.  0.  0.  0.  0.  0.  0.  0.
   0.  0.  0.  0.  0.  0.  0.  0.  0.  0.  0.  0.  0.  0.  0.  0.  0.  0.
   0.  0.  0.  0.]
 [50. 50.  0.  0.  0.  0.  0.  0.  0.  0.  0.  0.  0.  0.  0.  0.  0.  0.
   0.  0.  0.  0.  0.  0.  0.  0.  0.  0.  0.  0.  0.  0.  0.  0.  0.  0.
   0.  0.  0.  0.]
 [33. 39.  0.  0.  0.  0.  0.  0.  0.  0.  0.  0.  0.  0.  0.  0.  0.  0.
   0.  0.  0.  0.  0.  0.  0.  0.  0.  0.  0.  0.  0.  0.  0.  0.  0.  0.
   0.  0.  0.  0.]
 [40. 41.  0.  0.  0.  0.  0.  0.  0.  0.  0.  0.  0.  0.  0.  0.  0.  0.
   0.  0.  0.  0.  0.  0.  0.  0.  0.  0.  0.  0.  0.  0.  0.  0.  0.  0.
   0.  0.  0.  0.]]
##############################
[[18. 21. 22.  0.  0.  0.  0.  0.  0.  0.  0.  0.  0.  0.  0.  0.  0.  0.
   0.  0.  0.  0.  0.  0.  0.  0.  0.  0.  0.  0.  0.  0.  0.  0.  0.  0.
   0.  0.  0.  0.]
 [50. 50. 50.  0.  0.  0.  0.  0.  0.  0.  0.  0.  0.  0.  0.  0.  0.  0.
   0.  0.  0.  0.  0.  0.  0.  0.  0.  0.  0.  0.  0.  0.  0.  0.  0.  0.
   0.  0.  0.  0.]
 [33. 39. 39.  0.  0.  0.  0.  0.  0.  0.  0.  0.  0.  0.  0.  0.  0.  0.
   0.  0.  0.  0.  0.  0.  0.  0.  0.  0.  0.  0.  0.  0.  0.  0.  0.  0.
   0.  0.  0.  0.]
 [40. 41. 42.  0.  0.  0.  0.  0.  0.  0.  0.  0.  0.  0.  0.  0.  0.  0.
   0.  0.  0.  0.  0.  0.  0.  0.  0.  0.  0.  0.  0.  0.  0.  0.  0.  0.
   0.  0.  0.  0.]]
##############################
[[18. 21. 22. 21.  0.  0.  0.  0.  0.  0.  0.  0.  0.  0.  0.  0.  0.  0.
   0.  0.  0.  0.  0.  0.  0.  0.  0.  0.  0.  0.  0.  0.  0.  0.  0.  0.
   0.  0.  0.  0.]
 [50. 50. 50. 50.  0.  0.  0.  0.  0.  0.  0.  0.  0.  0.  0.  0.  0.  0.
   0.  0.  0.  0.  0.  0.  0.  0.  0.  0.  0.  0.  0.  0.  0.  0.  0.  0.
   0.  0.  0.  0.]
 [33. 39. 39. 39.  0.  0.  0.  0.  0.  0.  0.  0.  0.  0.  0.  0.  0.  0.
   0.  0.  0.  0.  0.  0.  0.  0.  0.  0.  0.  0.  0.  0.  0.  0.  0.  0.
   0.  0.  0.  0.]
 [40. 41. 42. 43.  0.  0.  0.  0.  0.  0.  0.  0.  0.  0.  0.  0.  0.  0.
   0.  0.  0.  0.  0.  0.  0.  0.  0.  0.  0.  0.  0.  0.  0.  0.  0.  0.
   0.  0.  0.  0.]]
##############################
[[18. 21. 22. 21. 25.  0.  0.  0.  0.  0.  0.  0.  0.  0.  0.  0.  0.  0.
   0.  0.  0.  0.  0.  0.  0.  0.  0.  0.  0.  0.  0.  0.  0.  0.  0.  0.
   0.  0.  0.  0.]
 [50. 50. 50. 50. 50.  0.  0.  0.  0.  0.  0.  0.  0.  0.  0.  0.  0.  0.
   0.  0.  0.  0.  0.  0.  0.  0.  0.  0.  0.  0.  0.  0.  0.  0.  0.  0.
   0.  0.  0.  0.]
 [33. 39. 39. 39. 41.  0.  0.  0.  0.  0.  0.  0.  0.  0.  0.  0.  0.  0.
   0.  0.  0.  0.  0.  0.  0.  0.  0.  0.  0.  0.  0.  0.  0.  0.  0.  0.
   0.  0.  0.  0.]
 [40. 41. 42. 43. 42.  0.  0.  0.  0.  0.  0.  0.  0.  0.  0.  0.  0.  0.
   0.  0.  0.  0.  0.  0.  0.  0.  0.  0.  0.  0.  0.  0.  0.  0.  0.  0.
   0.  0.  0.  0.]]
##############################
[[18. 21. 22. 21. 25. 22.  0.  0.  0.  0.  0.  0.  0.  0.  0.  0.  0.  0.
   0.  0.  0.  0.  0.  0.  0.  0.  0.  0.  0.  0.  0.  0.  0.  0.  0.  0.
   0.  0.  0.  0.]
 [50. 50. 50. 50. 50. 50.  0.  0.  0.  0.  0.  0.  0.  0.  0.  0.  0.  0.
   0.  0.  0.  0.  0.  0.  0.  0.  0.  0.  0.  0.  0.  0.  0.  0.  0.  0.
   0.  0.  0.  0.]
 [33. 39. 39. 39. 41. 39.  0.  0.  0.  0.  0.  0.  0.  0.  0.  0.  0.  0.
   0.  0.  0.  0.  0.  0.  0.  0.  0.  0.  0.  0.  0.  0.  0.  0.  0.  0.
   0.  0.  0.  0.]
 [40. 41. 42. 43. 42. 41.  0.  0.  0.  0.  0.  0.  0.  0.  0.  0.  0.  0.
   0.  0.  0.  0.  0.  0.  0.  0.  0.  0.  0.  0.  0.  0.  0.  0.  0.  0.
   0.  0.  0.  0.]]
##############################
[[18. 21. 22. 21. 25. 22. 22.  0.  0.  0.  0.  0.  0.  0.  0.  0.  0.  0.
   0.  0.  0.  0.  0.  0.  0.  0.  0.  0.  0.  0.  0.  0.  0.  0.  0.  0.
   0.  0.  0.  0.]
 [50. 50. 50. 50. 50. 50. 50.  0.  0.  0.  0.  0.  0.  0.  0.  0.  0.  0.
   0.  0.  0.  0.  0.  0.  0.  0.  0.  0.  0.  0.  0.  0.  0.  0.  0.  0.
   0.  0.  0.  0.]
 [33. 39. 39. 39. 41. 39. 37.  0.  0.  0.  0.  0.  0.  0.  0.  0.  0.  0.
   0.  0.  0.  0.  0.  0.  0.  0.  0.  0.  0.  0.  0.  0.  0.  0.  0.  0.
   0.  0.  0.  0.]
 [40. 41. 42. 43. 42. 41. 43.  0.  0.  0.  0.  0.  0.  0.  0.  0.  0.  0.
   0.  0.  0.  0.  0.  0.  0.  0.  0.  0.  0.  0.  0.  0.  0.  0.  0.  0.
   0.  0.  0.  0.]]
##############################
[[18. 21. 22. 21. 25. 22. 22. 25.  0.  0.  0.  0.  0.  0.  0.  0.  0.  0.
   0.  0.  0.  0.  0.  0.  0.  0.  0.  0.  0.  0.  0.  0.  0.  0.  0.  0.
   0.  0.  0.  0.]
 [50. 50. 50. 50. 50. 50. 50. 50.  0.  0.  0.  0.  0.  0.  0.  0.  0.  0.
   0.  0.  0.  0.  0.  0.  0.  0.  0.  0.  0.  0.  0.  0.  0.  0.  0.  0.
   0.  0.  0.  0.]
 [33. 39. 39. 39. 41. 39. 37. 40.  0.  0.  0.  0.  0.  0.  0.  0.  0.  0.
   0.  0.  0.  0.  0.  0.  0.  0.  0.  0.  0.  0.  0.  0.  0.  0.  0.  0.
   0.  0.  0.  0.]
 [40. 41. 42. 43. 42. 41. 43. 42.  0.  0.  0.  0.  0.  0.  0.  0.  0.  0.
   0.  0.  0.  0.  0.  0.  0.  0.  0.  0.  0.  0.  0.  0.  0.  0.  0.  0.
   0.  0.  0.  0.]]
##############################
[[18. 21. 22. 21. 25. 22. 22. 25. 22.  0.  0.  0.  0.  0.  0.  0.  0.  0.
   0.  0.  0.  0.  0.  0.  0.  0.  0.  0.  0.  0.  0.  0.  0.  0.  0.  0.
   0.  0.  0.  0.]
 [50. 50. 50. 50. 50. 50. 50. 50. 50.  0.  0.  0.  0.  0.  0.  0.  0.  0.
   0.  0.  0.  0.  0.  0.  0.  0.  0.  0.  0.  0.  0.  0.  0.  0.  0.  0.
   0.  0.  0.  0.]
 [33. 39. 39. 39. 41. 39. 37. 40. 42.  0.  0.  0.  0.  0.  0.  0.  0.  0.
   0.  0.  0.  0.  0.  0.  0.  0.  0.  0.  0.  0.  0.  0.  0.  0.  0.  0.
   0.  0.  0.  0.]
 [40. 41. 42. 43. 42. 41. 43. 42. 42.  0.  0.  0.  0.  0.  0.  0.  0.  0.
   0.  0.  0.  0.  0.  0.  0.  0.  0.  0.  0.  0.  0.  0.  0.  0.  0.  0.
   0.  0.  0.  0.]]
##############################
[[18. 21. 22. 21. 25. 22. 22. 25. 22. 26.  0.  0.  0.  0.  0.  0.  0.  0.
   0.  0.  0.  0.  0.  0.  0.  0.  0.  0.  0.  0.  0.  0.  0.  0.  0.  0.
   0.  0.  0.  0.]
 [50. 50. 50. 50. 50. 50. 50. 50. 50. 50.  0.  0.  0.  0.  0.  0.  0.  0.
   0.  0.  0.  0.  0.  0.  0.  0.  0.  0.  0.  0.  0.  0.  0.  0.  0.  0.
   0.  0.  0.  0.]
 [33. 39. 39. 39. 41. 39. 37. 40. 42. 40.  0.  0.  0.  0.  0.  0.  0.  0.
   0.  0.  0.  0.  0.  0.  0.  0.  0.  0.  0.  0.  0.  0.  0.  0.  0.  0.
   0.  0.  0.  0.]
 [40. 41. 42. 43. 42. 41. 43. 42. 42. 42.  0.  0.  0.  0.  0.  0.  0.  0.
   0.  0.  0.  0.  0.  0.  0.  0.  0.  0.  0.  0.  0.  0.  0.  0.  0.  0.
   0.  0.  0.  0.]]
##############################
[[18. 21. 22. 21. 25. 22. 22. 25. 22. 26. 22.  0.  0.  0.  0.  0.  0.  0.
   0.  0.  0.  0.  0.  0.  0.  0.  0.  0.  0.  0.  0.  0.  0.  0.  0.  0.
   0.  0.  0.  0.]
 [50. 50. 50. 50. 50. 50. 50. 50. 50. 50. 50.  0.  0.  0.  0.  0.  0.  0.
   0.  0.  0.  0.  0.  0.  0.  0.  0.  0.  0.  0.  0.  0.  0.  0.  0.  0.
   0.  0.  0.  0.]
 [33. 39. 39. 39. 41. 39. 37. 40. 42. 40. 36.  0.  0.  0.  0.  0.  0.  0.
   0.  0.  0.  0.  0.  0.  0.  0.  0.  0.  0.  0.  0.  0.  0.  0.  0.  0.
   0.  0.  0.  0.]
 [40. 41. 42. 43. 42. 41. 43. 42. 42. 42. 39.  0.  0.  0.  0.  0.  0.  0.
   0.  0.  0.  0.  0.  0.  0.  0.  0.  0.  0.  0.  0.  0.  0.  0.  0.  0.
   0.  0.  0.  0.]]
##############################
[[18. 21. 22. 21. 25. 22. 22. 25. 22. 26. 22. 25.  0.  0.  0.  0.  0.  0.
   0.  0.  0.  0.  0.  0.  0.  0.  0.  0.  0.  0.  0.  0.  0.  0.  0.  0.
   0.  0.  0.  0.]
 [50. 50. 50. 50. 50. 50. 50. 50. 50. 50. 50. 50.  0.  0.  0.  0.  0.  0.
   0.  0.  0.  0.  0.  0.  0.  0.  0.  0.  0.  0.  0.  0.  0.  0.  0.  0.
   0.  0.  0.  0.]
 [33. 39. 39. 39. 41. 39. 37. 40. 42. 40. 36. 34.  0.  0.  0.  0.  0.  0.
   0.  0.  0.  0.  0.  0.  0.  0.  0.  0.  0.  0.  0.  0.  0.  0.  0.  0.
   0.  0.  0.  0.]
 [40. 41. 42. 43. 42. 41. 43. 42. 42. 42. 39. 42.  0.  0.  0.  0.  0.  0.
   0.  0.  0.  0.  0.  0.  0.  0.  0.  0.  0.  0.  0.  0.  0.  0.  0.  0.
   0.  0.  0.  0.]]
##############################
[[18. 21. 22. 21. 25. 22. 22. 25. 22. 26. 22. 25. 31.  0.  0.  0.  0.  0.
   0.  0.  0.  0.  0.  0.  0.  0.  0.  0.  0.  0.  0.  0.  0.  0.  0.  0.
   0.  0.  0.  0.]
 [50. 50. 50. 50. 50. 50. 50. 50. 50. 50. 50. 50. 50.  0.  0.  0.  0.  0.
   0.  0.  0.  0.  0.  0.  0.  0.  0.  0.  0.  0.  0.  0.  0.  0.  0.  0.
   0.  0.  0.  0.]
 [33. 39. 39. 39. 41. 39. 37. 40. 42. 40. 36. 34. 37.  0.  0.  0.  0.  0.
   0.  0.  0.  0.  0.  0.  0.  0.  0.  0.  0.  0.  0.  0.  0.  0.  0.  0.
   0.  0.  0.  0.]
 [40. 41. 42. 43. 42. 41. 43. 42. 42. 42. 39. 42. 42.  0.  0.  0.  0.  0.
   0.  0.  0.  0.  0.  0.  0.  0.  0.  0.  0.  0.  0.  0.  0.  0.  0.  0.
   0.  0.  0.  0.]]
##############################
[[18. 21. 22. 21. 25. 22. 22. 25. 22. 26. 22. 25. 31. 29.  0.  0.  0.  0.
   0.  0.  0.  0.  0.  0.  0.  0.  0.  0.  0.  0.  0.  0.  0.  0.  0.  0.
   0.  0.  0.  0.]
 [50. 50. 50. 50. 50. 50. 50. 50. 50. 50. 50. 50. 50. 50.  0.  0.  0.  0.
   0.  0.  0.  0.  0.  0.  0.  0.  0.  0.  0.  0.  0.  0.  0.  0.  0.  0.
   0.  0.  0.  0.]
 [33. 39. 39. 39. 41. 39. 37. 40. 42. 40. 36. 34. 37. 39.  0.  0.  0.  0.
   0.  0.  0.  0.  0.  0.  0.  0.  0.  0.  0.  0.  0.  0.  0.  0.  0.  0.
   0.  0.  0.  0.]
 [40. 41. 42. 43. 42. 41. 43. 42. 42. 42. 39. 42. 42. 41.  0.  0.  0.  0.
   0.  0.  0.  0.  0.  0.  0.  0.  0.  0.  0.  0.  0.  0.  0.  0.  0.  0.
   0.  0.  0.  0.]]
##############################
[[18. 21. 22. 21. 25. 22. 22. 25. 22. 26. 22. 25. 31. 29. 35.  0.  0.  0.
   0.  0.  0.  0.  0.  0.  0.  0.  0.  0.  0.  0.  0.  0.  0.  0.  0.  0.
   0.  0.  0.  0.]
 [50. 50. 50. 50. 50. 50. 50. 50. 50. 50. 50. 50. 50. 50. 50.  0.  0.  0.
   0.  0.  0.  0.  0.  0.  0.  0.  0.  0.  0.  0.  0.  0.  0.  0.  0.  0.
   0.  0.  0.  0.]
 [33. 39. 39. 39. 41. 39. 37. 40. 42. 40. 36. 34. 37. 39. 40.  0.  0.  0.
   0.  0.  0.  0.  0.  0.  0.  0.  0.  0.  0.  0.  0.  0.  0.  0.  0.  0.
   0.  0.  0.  0.]
 [40. 41. 42. 43. 42. 41. 43. 42. 42. 42. 39. 42. 42. 41. 43.  0.  0.  0.
   0.  0.  0.  0.  0.  0.  0.  0.  0.  0.  0.  0.  0.  0.  0.  0.  0.  0.
   0.  0.  0.  0.]]
##############################
[[18. 21. 22. 21. 25. 22. 22. 25. 22. 26. 22. 25. 31. 29. 35. 36.  0.  0.
   0.  0.  0.  0.  0.  0.  0.  0.  0.  0.  0.  0.  0.  0.  0.  0.  0.  0.
   0.  0.  0.  0.]
 [50. 50. 50. 50. 50. 50. 50. 50. 50. 50. 50. 50. 50. 50. 50. 50.  0.  0.
   0.  0.  0.  0.  0.  0.  0.  0.  0.  0.  0.  0.  0.  0.  0.  0.  0.  0.
   0.  0.  0.  0.]
 [33. 39. 39. 39. 41. 39. 37. 40. 42. 40. 36. 34. 37. 39. 40. 40.  0.  0.
   0.  0.  0.  0.  0.  0.  0.  0.  0.  0.  0.  0.  0.  0.  0.  0.  0.  0.
   0.  0.  0.  0.]
 [40. 41. 42. 43. 42. 41. 43. 42. 42. 42. 39. 42. 42. 41. 43. 45.  0.  0.
   0.  0.  0.  0.  0.  0.  0.  0.  0.  0.  0.  0.  0.  0.  0.  0.  0.  0.
   0.  0.  0.  0.]]
##############################
[[18. 21. 22. 21. 25. 22. 22. 25. 22. 26. 22. 25. 31. 29. 35. 36. 35.  0.
   0.  0.  0.  0.  0.  0.  0.  0.  0.  0.  0.  0.  0.  0.  0.  0.  0.  0.
   0.  0.  0.  0.]
 [50. 50. 50. 50. 50. 50. 50. 50. 50. 50. 50. 50. 50. 50. 50. 50. 50.  0.
   0.  0.  0.  0.  0.  0.  0.  0.  0.  0.  0.  0.  0.  0.  0.  0.  0.  0.
   0.  0.  0.  0.]
 [33. 39. 39. 39. 41. 39. 37. 40. 42. 40. 36. 34. 37. 39. 40. 40. 41.  0.
   0.  0.  0.  0.  0.  0.  0.  0.  0.  0.  0.  0.  0.  0.  0.  0.  0.  0.
   0.  0.  0.  0.]
 [40. 41. 42. 43. 42. 41. 43. 42. 42. 42. 39. 42. 42. 41. 43. 45. 45.  0.
   0.  0.  0.  0.  0.  0.  0.  0.  0.  0.  0.  0.  0.  0.  0.  0.  0.  0.
   0.  0.  0.  0.]]
##############################
[[18. 21. 22. 21. 25. 22. 22. 25. 22. 26. 22. 25. 31. 29. 35. 36. 35. 36.
   0.  0.  0.  0.  0.  0.  0.  0.  0.  0.  0.  0.  0.  0.  0.  0.  0.  0.
   0.  0.  0.  0.]
 [50. 50. 50. 50. 50. 50. 50. 50. 50. 50. 50. 50. 50. 50. 50. 50. 50. 50.
   0.  0.  0.  0.  0.  0.  0.  0.  0.  0.  0.  0.  0.  0.  0.  0.  0.  0.
   0.  0.  0.  0.]
 [33. 39. 39. 39. 41. 39. 37. 40. 42. 40. 36. 34. 37. 39. 40. 40. 41. 41.
   0.  0.  0.  0.  0.  0.  0.  0.  0.  0.  0.  0.  0.  0.  0.  0.  0.  0.
   0.  0.  0.  0.]
 [40. 41. 42. 43. 42. 41. 43. 42. 42. 42. 39. 42. 42. 41. 43. 45. 45. 44.
   0.  0.  0.  0.  0.  0.  0.  0.  0.  0.  0.  0.  0.  0.  0.  0.  0.  0.
   0.  0.  0.  0.]]
##############################
[[18. 21. 22. 21. 25. 22. 22. 25. 22. 26. 22. 25. 31. 29. 35. 36. 35. 36.
  38.  0.  0.  0.  0.  0.  0.  0.  0.  0.  0.  0.  0.  0.  0.  0.  0.  0.
   0.  0.  0.  0.]
 [50. 50. 50. 50. 50. 50. 50. 50. 50. 50. 50. 50. 50. 50. 50. 50. 50. 50.
  50.  0.  0.  0.  0.  0.  0.  0.  0.  0.  0.  0.  0.  0.  0.  0.  0.  0.
   0.  0.  0.  0.]
 [33. 39. 39. 39. 41. 39. 37. 40. 42. 40. 36. 34. 37. 39. 40. 40. 41. 41.
  43.  0.  0.  0.  0.  0.  0.  0.  0.  0.  0.  0.  0.  0.  0.  0.  0.  0.
   0.  0.  0.  0.]
 [40. 41. 42. 43. 42. 41. 43. 42. 42. 42. 39. 42. 42. 41. 43. 45. 45. 44.
  46.  0.  0.  0.  0.  0.  0.  0.  0.  0.  0.  0.  0.  0.  0.  0.  0.  0.
   0.  0.  0.  0.]]
##############################
[[18. 21. 22. 21. 25. 22. 22. 25. 22. 26. 22. 25. 31. 29. 35. 36. 35. 36.
  38. 37.  0.  0.  0.  0.  0.  0.  0.  0.  0.  0.  0.  0.  0.  0.  0.  0.
   0.  0.  0.  0.]
 [50. 50. 50. 50. 50. 50. 50. 50. 50. 50. 50. 50. 50. 50. 50. 50. 50. 50.
  50. 50.  0.  0.  0.  0.  0.  0.  0.  0.  0.  0.  0.  0.  0.  0.  0.  0.
   0.  0.  0.  0.]
 [33. 39. 39. 39. 41. 39. 37. 40. 42. 40. 36. 34. 37. 39. 40. 40. 41. 41.
  43. 44.  0.  0.  0.  0.  0.  0.  0.  0.  0.  0.  0.  0.  0.  0.  0.  0.
   0.  0.  0.  0.]
 [40. 41. 42. 43. 42. 41. 43. 42. 42. 42. 39. 42. 42. 41. 43. 45. 45. 44.
  46. 46.  0.  0.  0.  0.  0.  0.  0.  0.  0.  0.  0.  0.  0.  0.  0.  0.
   0.  0.  0.  0.]]
##############################
[[18. 21. 22. 21. 25. 22. 22. 25. 22. 26. 22. 25. 31. 29. 35. 36. 35. 36.
  38. 37. 35.  0.  0.  0.  0.  0.  0.  0.  0.  0.  0.  0.  0.  0.  0.  0.
   0.  0.  0.  0.]
 [50. 50. 50. 50. 50. 50. 50. 50. 50. 50. 50. 50. 50. 50. 50. 50. 50. 50.
  50. 50. 50.  0.  0.  0.  0.  0.  0.  0.  0.  0.  0.  0.  0.  0.  0.  0.
   0.  0.  0.  0.]
 [33. 39. 39. 39. 41. 39. 37. 40. 42. 40. 36. 34. 37. 39. 40. 40. 41. 41.
  43. 44. 43.  0.  0.  0.  0.  0.  0.  0.  0.  0.  0.  0.  0.  0.  0.  0.
   0.  0.  0.  0.]
 [40. 41. 42. 43. 42. 41. 43. 42. 42. 42. 39. 42. 42. 41. 43. 45. 45. 44.
  46. 46. 46.  0.  0.  0.  0.  0.  0.  0.  0.  0.  0.  0.  0.  0.  0.  0.
   0.  0.  0.  0.]]
##############################
[[18. 21. 22. 21. 25. 22. 22. 25. 22. 26. 22. 25. 31. 29. 35. 36. 35. 36.
  38. 37. 35. 36.  0.  0.  0.  0.  0.  0.  0.  0.  0.  0.  0.  0.  0.  0.
   0.  0.  0.  0.]
 [50. 50. 50. 50. 50. 50. 50. 50. 50. 50. 50. 50. 50. 50. 50. 50. 50. 50.
  50. 50. 50. 50.  0.  0.  0.  0.  0.  0.  0.  0.  0.  0.  0.  0.  0.  0.
   0.  0.  0.  0.]
 [33. 39. 39. 39. 41. 39. 37. 40. 42. 40. 36. 34. 37. 39. 40. 40. 41. 41.
  43. 44. 43. 45.  0.  0.  0.  0.  0.  0.  0.  0.  0.  0.  0.  0.  0.  0.
   0.  0.  0.  0.]
 [40. 41. 42. 43. 42. 41. 43. 42. 42. 42. 39. 42. 42. 41. 43. 45. 45. 44.
  46. 46. 46. 46.  0.  0.  0.  0.  0.  0.  0.  0.  0.  0.  0.  0.  0.  0.
   0.  0.  0.  0.]]
##############################
[[18. 21. 22. 21. 25. 22. 22. 25. 22. 26. 22. 25. 31. 29. 35. 36. 35. 36.
  38. 37. 35. 36. 35.  0.  0.  0.  0.  0.  0.  0.  0.  0.  0.  0.  0.  0.
   0.  0.  0.  0.]
 [50. 50. 50. 50. 50. 50. 50. 50. 50. 50. 50. 50. 50. 50. 50. 50. 50. 50.
  50. 50. 50. 50. 50.  0.  0.  0.  0.  0.  0.  0.  0.  0.  0.  0.  0.  0.
   0.  0.  0.  0.]
 [33. 39. 39. 39. 41. 39. 37. 40. 42. 40. 36. 34. 37. 39. 40. 40. 41. 41.
  43. 44. 43. 45. 44.  0.  0.  0.  0.  0.  0.  0.  0.  0.  0.  0.  0.  0.
   0.  0.  0.  0.]
 [40. 41. 42. 43. 42. 41. 43. 42. 42. 42. 39. 42. 42. 41. 43. 45. 45. 44.
  46. 46. 46. 46. 46.  0.  0.  0.  0.  0.  0.  0.  0.  0.  0.  0.  0.  0.
   0.  0.  0.  0.]]
##############################
[[18. 21. 22. 21. 25. 22. 22. 25. 22. 26. 22. 25. 31. 29. 35. 36. 35. 36.
  38. 37. 35. 36. 35. 37.  0.  0.  0.  0.  0.  0.  0.  0.  0.  0.  0.  0.
   0.  0.  0.  0.]
 [50. 50. 50. 50. 50. 50. 50. 50. 50. 50. 50. 50. 50. 50. 50. 50. 50. 50.
  50. 50. 50. 50. 50. 50.  0.  0.  0.  0.  0.  0.  0.  0.  0.  0.  0.  0.
   0.  0.  0.  0.]
 [33. 39. 39. 39. 41. 39. 37. 40. 42. 40. 36. 34. 37. 39. 40. 40. 41. 41.
  43. 44. 43. 45. 44. 44.  0.  0.  0.  0.  0.  0.  0.  0.  0.  0.  0.  0.
   0.  0.  0.  0.]
 [40. 41. 42. 43. 42. 41. 43. 42. 42. 42. 39. 42. 42. 41. 43. 45. 45. 44.
  46. 46. 46. 46. 46. 47.  0.  0.  0.  0.  0.  0.  0.  0.  0.  0.  0.  0.
   0.  0.  0.  0.]]
##############################
[[18. 21. 22. 21. 25. 22. 22. 25. 22. 26. 22. 25. 31. 29. 35. 36. 35. 36.
  38. 37. 35. 36. 35. 37. 36.  0.  0.  0.  0.  0.  0.  0.  0.  0.  0.  0.
   0.  0.  0.  0.]
 [50. 50. 50. 50. 50. 50. 50. 50. 50. 50. 50. 50. 50. 50. 50. 50. 50. 50.
  50. 50. 50. 50. 50. 50. 50.  0.  0.  0.  0.  0.  0.  0.  0.  0.  0.  0.
   0.  0.  0.  0.]
 [33. 39. 39. 39. 41. 39. 37. 40. 42. 40. 36. 34. 37. 39. 40. 40. 41. 41.
  43. 44. 43. 45. 44. 44. 43.  0.  0.  0.  0.  0.  0.  0.  0.  0.  0.  0.
   0.  0.  0.  0.]
 [40. 41. 42. 43. 42. 41. 43. 42. 42. 42. 39. 42. 42. 41. 43. 45. 45. 44.
  46. 46. 46. 46. 46. 47. 48.  0.  0.  0.  0.  0.  0.  0.  0.  0.  0.  0.
   0.  0.  0.  0.]]
##############################
[[18. 21. 22. 21. 25. 22. 22. 25. 22. 26. 22. 25. 31. 29. 35. 36. 35. 36.
  38. 37. 35. 36. 35. 37. 36. 37.  0.  0.  0.  0.  0.  0.  0.  0.  0.  0.
   0.  0.  0.  0.]
 [50. 50. 50. 50. 50. 50. 50. 50. 50. 50. 50. 50. 50. 50. 50. 50. 50. 50.
  50. 50. 50. 50. 50. 50. 50. 50.  0.  0.  0.  0.  0.  0.  0.  0.  0.  0.
   0.  0.  0.  0.]
 [33. 39. 39. 39. 41. 39. 37. 40. 42. 40. 36. 34. 37. 39. 40. 40. 41. 41.
  43. 44. 43. 45. 44. 44. 43. 45.  0.  0.  0.  0.  0.  0.  0.  0.  0.  0.
   0.  0.  0.  0.]
 [40. 41. 42. 43. 42. 41. 43. 42. 42. 42. 39. 42. 42. 41. 43. 45. 45. 44.
  46. 46. 46. 46. 46. 47. 48. 48.  0.  0.  0.  0.  0.  0.  0.  0.  0.  0.
   0.  0.  0.  0.]]
##############################
[[18. 21. 22. 21. 25. 22. 22. 25. 22. 26. 22. 25. 31. 29. 35. 36. 35. 36.
  38. 37. 35. 36. 35. 37. 36. 37. 35.  0.  0.  0.  0.  0.  0.  0.  0.  0.
   0.  0.  0.  0.]
 [50. 50. 50. 50. 50. 50. 50. 50. 50. 50. 50. 50. 50. 50. 50. 50. 50. 50.
  50. 50. 50. 50. 50. 50. 50. 50. 50.  0.  0.  0.  0.  0.  0.  0.  0.  0.
   0.  0.  0.  0.]
 [33. 39. 39. 39. 41. 39. 37. 40. 42. 40. 36. 34. 37. 39. 40. 40. 41. 41.
  43. 44. 43. 45. 44. 44. 43. 45. 46.  0.  0.  0.  0.  0.  0.  0.  0.  0.
   0.  0.  0.  0.]
 [40. 41. 42. 43. 42. 41. 43. 42. 42. 42. 39. 42. 42. 41. 43. 45. 45. 44.
  46. 46. 46. 46. 46. 47. 48. 48. 48.  0.  0.  0.  0.  0.  0.  0.  0.  0.
   0.  0.  0.  0.]]
##############################
[[18. 21. 22. 21. 25. 22. 22. 25. 22. 26. 22. 25. 31. 29. 35. 36. 35. 36.
  38. 37. 35. 36. 35. 37. 36. 37. 35. 35.  0.  0.  0.  0.  0.  0.  0.  0.
   0.  0.  0.  0.]
 [50. 50. 50. 50. 50. 50. 50. 50. 50. 50. 50. 50. 50. 50. 50. 50. 50. 50.
  50. 50. 50. 50. 50. 50. 50. 50. 50. 50.  0.  0.  0.  0.  0.  0.  0.  0.
   0.  0.  0.  0.]
 [33. 39. 39. 39. 41. 39. 37. 40. 42. 40. 36. 34. 37. 39. 40. 40. 41. 41.
  43. 44. 43. 45. 44. 44. 43. 45. 46. 46.  0.  0.  0.  0.  0.  0.  0.  0.
   0.  0.  0.  0.]
 [40. 41. 42. 43. 42. 41. 43. 42. 42. 42. 39. 42. 42. 41. 43. 45. 45. 44.
  46. 46. 46. 46. 46. 47. 48. 48. 48. 48.  0.  0.  0.  0.  0.  0.  0.  0.
   0.  0.  0.  0.]]
##############################
[[18. 21. 22. 21. 25. 22. 22. 25. 22. 26. 22. 25. 31. 29. 35. 36. 35. 36.
  38. 37. 35. 36. 35. 37. 36. 37. 35. 35. 37.  0.  0.  0.  0.  0.  0.  0.
   0.  0.  0.  0.]
 [50. 50. 50. 50. 50. 50. 50. 50. 50. 50. 50. 50. 50. 50. 50. 50. 50. 50.
  50. 50. 50. 50. 50. 50. 50. 50. 50. 50. 50.  0.  0.  0.  0.  0.  0.  0.
   0.  0.  0.  0.]
 [33. 39. 39. 39. 41. 39. 37. 40. 42. 40. 36. 34. 37. 39. 40. 40. 41. 41.
  43. 44. 43. 45. 44. 44. 43. 45. 46. 46. 46.  0.  0.  0.  0.  0.  0.  0.
   0.  0.  0.  0.]
 [40. 41. 42. 43. 42. 41. 43. 42. 42. 42. 39. 42. 42. 41. 43. 45. 45. 44.
  46. 46. 46. 46. 46. 47. 48. 48. 48. 48. 48.  0.  0.  0.  0.  0.  0.  0.
   0.  0.  0.  0.]]
##############################
[[18. 21. 22. 21. 25. 22. 22. 25. 22. 26. 22. 25. 31. 29. 35. 36. 35. 36.
  38. 37. 35. 36. 35. 37. 36. 37. 35. 35. 37. 37.  0.  0.  0.  0.  0.  0.
   0.  0.  0.  0.]
 [50. 50. 50. 50. 50. 50. 50. 50. 50. 50. 50. 50. 50. 50. 50. 50. 50. 50.
  50. 50. 50. 50. 50. 50. 50. 50. 50. 50. 50. 50.  0.  0.  0.  0.  0.  0.
   0.  0.  0.  0.]
 [33. 39. 39. 39. 41. 39. 37. 40. 42. 40. 36. 34. 37. 39. 40. 40. 41. 41.
  43. 44. 43. 45. 44. 44. 43. 45. 46. 46. 46. 47.  0.  0.  0.  0.  0.  0.
   0.  0.  0.  0.]
 [40. 41. 42. 43. 42. 41. 43. 42. 42. 42. 39. 42. 42. 41. 43. 45. 45. 44.
  46. 46. 46. 46. 46. 47. 48. 48. 48. 48. 48. 48.  0.  0.  0.  0.  0.  0.
   0.  0.  0.  0.]]
##############################
[[18. 21. 22. 21. 25. 22. 22. 25. 22. 26. 22. 25. 31. 29. 35. 36. 35. 36.
  38. 37. 35. 36. 35. 37. 36. 37. 35. 35. 37. 37. 36.  0.  0.  0.  0.  0.
   0.  0.  0.  0.]
 [50. 50. 50. 50. 50. 50. 50. 50. 50. 50. 50. 50. 50. 50. 50. 50. 50. 50.
  50. 50. 50. 50. 50. 50. 50. 50. 50. 50. 50. 50. 50.  0.  0.  0.  0.  0.
   0.  0.  0.  0.]
 [33. 39. 39. 39. 41. 39. 37. 40. 42. 40. 36. 34. 37. 39. 40. 40. 41. 41.
  43. 44. 43. 45. 44. 44. 43. 45. 46. 46. 46. 47. 48.  0.  0.  0.  0.  0.
   0.  0.  0.  0.]
 [40. 41. 42. 43. 42. 41. 43. 42. 42. 42. 39. 42. 42. 41. 43. 45. 45. 44.
  46. 46. 46. 46. 46. 47. 48. 48. 48. 48. 48. 48. 48.  0.  0.  0.  0.  0.
   0.  0.  0.  0.]]
##############################
[[18. 21. 22. 21. 25. 22. 22. 25. 22. 26. 22. 25. 31. 29. 35. 36. 35. 36.
  38. 37. 35. 36. 35. 37. 36. 37. 35. 35. 37. 37. 36. 37.  0.  0.  0.  0.
   0.  0.  0.  0.]
 [50. 50. 50. 50. 50. 50. 50. 50. 50. 50. 50. 50. 50. 50. 50. 50. 50. 50.
  50. 50. 50. 50. 50. 50. 50. 50. 50. 50. 50. 50. 50. 50.  0.  0.  0.  0.
   0.  0.  0.  0.]
 [33. 39. 39. 39. 41. 39. 37. 40. 42. 40. 36. 34. 37. 39. 40. 40. 41. 41.
  43. 44. 43. 45. 44. 44. 43. 45. 46. 46. 46. 47. 48. 46.  0.  0.  0.  0.
   0.  0.  0.  0.]
 [40. 41. 42. 43. 42. 41. 43. 42. 42. 42. 39. 42. 42. 41. 43. 45. 45. 44.
  46. 46. 46. 46. 46. 47. 48. 48. 48. 48. 48. 48. 48. 47.  0.  0.  0.  0.
   0.  0.  0.  0.]]
##############################
[[18. 21. 22. 21. 25. 22. 22. 25. 22. 26. 22. 25. 31. 29. 35. 36. 35. 36.
  38. 37. 35. 36. 35. 37. 36. 37. 35. 35. 37. 37. 36. 37. 37.  0.  0.  0.
   0.  0.  0.  0.]
 [50. 50. 50. 50. 50. 50. 50. 50. 50. 50. 50. 50. 50. 50. 50. 50. 50. 50.
  50. 50. 50. 50. 50. 50. 50. 50. 50. 50. 50. 50. 50. 50. 50.  0.  0.  0.
   0.  0.  0.  0.]
 [33. 39. 39. 39. 41. 39. 37. 40. 42. 40. 36. 34. 37. 39. 40. 40. 41. 41.
  43. 44. 43. 45. 44. 44. 43. 45. 46. 46. 46. 47. 48. 46. 47.  0.  0.  0.
   0.  0.  0.  0.]
 [40. 41. 42. 43. 42. 41. 43. 42. 42. 42. 39. 42. 42. 41. 43. 45. 45. 44.
  46. 46. 46. 46. 46. 47. 48. 48. 48. 48. 48. 48. 48. 47. 47.  0.  0.  0.
   0.  0.  0.  0.]]
##############################
[[18. 21. 22. 21. 25. 22. 22. 25. 22. 26. 22. 25. 31. 29. 35. 36. 35. 36.
  38. 37. 35. 36. 35. 37. 36. 37. 35. 35. 37. 37. 36. 37. 37. 38.  0.  0.
   0.  0.  0.  0.]
 [50. 50. 50. 50. 50. 50. 50. 50. 50. 50. 50. 50. 50. 50. 50. 50. 50. 50.
  50. 50. 50. 50. 50. 50. 50. 50. 50. 50. 50. 50. 50. 50. 50. 50.  0.  0.
   0.  0.  0.  0.]
 [33. 39. 39. 39. 41. 39. 37. 40. 42. 40. 36. 34. 37. 39. 40. 40. 41. 41.
  43. 44. 43. 45. 44. 44. 43. 45. 46. 46. 46. 47. 48. 46. 47. 48.  0.  0.
   0.  0.  0.  0.]
 [40. 41. 42. 43. 42. 41. 43. 42. 42. 42. 39. 42. 42. 41. 43. 45. 45. 44.
  46. 46. 46. 46. 46. 47. 48. 48. 48. 48. 48. 48. 48. 47. 47. 48.  0.  0.
   0.  0.  0.  0.]]
##############################
[[18. 21. 22. 21. 25. 22. 22. 25. 22. 26. 22. 25. 31. 29. 35. 36. 35. 36.
  38. 37. 35. 36. 35. 37. 36. 37. 35. 35. 37. 37. 36. 37. 37. 38. 35.  0.
   0.  0.  0.  0.]
 [50. 50. 50. 50. 50. 50. 50. 50. 50. 50. 50. 50. 50. 50. 50. 50. 50. 50.
  50. 50. 50. 50. 50. 50. 50. 50. 50. 50. 50. 50. 50. 50. 50. 50. 50.  0.
   0.  0.  0.  0.]
 [33. 39. 39. 39. 41. 39. 37. 40. 42. 40. 36. 34. 37. 39. 40. 40. 41. 41.
  43. 44. 43. 45. 44. 44. 43. 45. 46. 46. 46. 47. 48. 46. 47. 48. 46.  0.
   0.  0.  0.  0.]
 [40. 41. 42. 43. 42. 41. 43. 42. 42. 42. 39. 42. 42. 41. 43. 45. 45. 44.
  46. 46. 46. 46. 46. 47. 48. 48. 48. 48. 48. 48. 48. 47. 47. 48. 49.  0.
   0.  0.  0.  0.]]
##############################
[[18. 21. 22. 21. 25. 22. 22. 25. 22. 26. 22. 25. 31. 29. 35. 36. 35. 36.
  38. 37. 35. 36. 35. 37. 36. 37. 35. 35. 37. 37. 36. 37. 37. 38. 35. 33.
   0.  0.  0.  0.]
 [50. 50. 50. 50. 50. 50. 50. 50. 50. 50. 50. 50. 50. 50. 50. 50. 50. 50.
  50. 50. 50. 50. 50. 50. 50. 50. 50. 50. 50. 50. 50. 50. 50. 50. 50. 50.
   0.  0.  0.  0.]
 [33. 39. 39. 39. 41. 39. 37. 40. 42. 40. 36. 34. 37. 39. 40. 40. 41. 41.
  43. 44. 43. 45. 44. 44. 43. 45. 46. 46. 46. 47. 48. 46. 47. 48. 46. 46.
   0.  0.  0.  0.]
 [40. 41. 42. 43. 42. 41. 43. 42. 42. 42. 39. 42. 42. 41. 43. 45. 45. 44.
  46. 46. 46. 46. 46. 47. 48. 48. 48. 48. 48. 48. 48. 47. 47. 48. 49. 49.
   0.  0.  0.  0.]]
##############################
[[18. 21. 22. 21. 25. 22. 22. 25. 22. 26. 22. 25. 31. 29. 35. 36. 35. 36.
  38. 37. 35. 36. 35. 37. 36. 37. 35. 35. 37. 37. 36. 37. 37. 38. 35. 33.
  36.  0.  0.  0.]
 [50. 50. 50. 50. 50. 50. 50. 50. 50. 50. 50. 50. 50. 50. 50. 50. 50. 50.
  50. 50. 50. 50. 50. 50. 50. 50. 50. 50. 50. 50. 50. 50. 50. 50. 50. 50.
  50.  0.  0.  0.]
 [33. 39. 39. 39. 41. 39. 37. 40. 42. 40. 36. 34. 37. 39. 40. 40. 41. 41.
  43. 44. 43. 45. 44. 44. 43. 45. 46. 46. 46. 47. 48. 46. 47. 48. 46. 46.
  46.  0.  0.  0.]
 [40. 41. 42. 43. 42. 41. 43. 42. 42. 42. 39. 42. 42. 41. 43. 45. 45. 44.
  46. 46. 46. 46. 46. 47. 48. 48. 48. 48. 48. 48. 48. 47. 47. 48. 49. 49.
  47.  0.  0.  0.]]
##############################
[[18. 21. 22. 21. 25. 22. 22. 25. 22. 26. 22. 25. 31. 29. 35. 36. 35. 36.
  38. 37. 35. 36. 35. 37. 36. 37. 35. 35. 37. 37. 36. 37. 37. 38. 35. 33.
  36. 37.  0.  0.]
 [50. 50. 50. 50. 50. 50. 50. 50. 50. 50. 50. 50. 50. 50. 50. 50. 50. 50.
  50. 50. 50. 50. 50. 50. 50. 50. 50. 50. 50. 50. 50. 50. 50. 50. 50. 50.
  50. 50.  0.  0.]
 [33. 39. 39. 39. 41. 39. 37. 40. 42. 40. 36. 34. 37. 39. 40. 40. 41. 41.
  43. 44. 43. 45. 44. 44. 43. 45. 46. 46. 46. 47. 48. 46. 47. 48. 46. 46.
  46. 47.  0.  0.]
 [40. 41. 42. 43. 42. 41. 43. 42. 42. 42. 39. 42. 42. 41. 43. 45. 45. 44.
  46. 46. 46. 46. 46. 47. 48. 48. 48. 48. 48. 48. 48. 47. 47. 48. 49. 49.
  47. 47.  0.  0.]]
##############################
[[18. 21. 22. 21. 25. 22. 22. 25. 22. 26. 22. 25. 31. 29. 35. 36. 35. 36.
  38. 37. 35. 36. 35. 37. 36. 37. 35. 35. 37. 37. 36. 37. 37. 38. 35. 33.
  36. 37. 34.  0.]
 [50. 50. 50. 50. 50. 50. 50. 50. 50. 50. 50. 50. 50. 50. 50. 50. 50. 50.
  50. 50. 50. 50. 50. 50. 50. 50. 50. 50. 50. 50. 50. 50. 50. 50. 50. 50.
  50. 50. 50.  0.]
 [33. 39. 39. 39. 41. 39. 37. 40. 42. 40. 36. 34. 37. 39. 40. 40. 41. 41.
  43. 44. 43. 45. 44. 44. 43. 45. 46. 46. 46. 47. 48. 46. 47. 48. 46. 46.
  46. 47. 46.  0.]
 [40. 41. 42. 43. 42. 41. 43. 42. 42. 42. 39. 42. 42. 41. 43. 45. 45. 44.
  46. 46. 46. 46. 46. 47. 48. 48. 48. 48. 48. 48. 48. 47. 47. 48. 49. 49.
  47. 47. 47.  0.]]
##############################
[[18. 21. 22. 21. 25. 22. 22. 25. 22. 26. 22. 25. 31. 29. 35. 36. 35. 36.
  38. 37. 35. 36. 35. 37. 36. 37. 35. 35. 37. 37. 36. 37. 37. 38. 35. 33.
  36. 37. 34. 34.]
 [50. 50. 50. 50. 50. 50. 50. 50. 50. 50. 50. 50. 50. 50. 50. 50. 50. 50.
  50. 50. 50. 50. 50. 50. 50. 50. 50. 50. 50. 50. 50. 50. 50. 50. 50. 50.
  50. 50. 50. 50.]
 [33. 39. 39. 39. 41. 39. 37. 40. 42. 40. 36. 34. 37. 39. 40. 40. 41. 41.
  43. 44. 43. 45. 44. 44. 43. 45. 46. 46. 46. 47. 48. 46. 47. 48. 46. 46.
  46. 47. 46. 48.]
 [40. 41. 42. 43. 42. 41. 43. 42. 42. 42. 39. 42. 42. 41. 43. 45. 45. 44.
  46. 46. 46. 46. 46. 47. 48. 48. 48. 48. 48. 48. 48. 47. 47. 48. 49. 49.
  47. 47. 47. 47.]]
##############################
##################################################
##################################################
starting :2 batch
[[ 26.  21.  22.  21.  25.  22.  22.  25.  22.  26.  22.  25.  31.  29.
   35.  36.  35.  36.  38.  37.  35.  36.  35.  37.  36.  37.  35.  35.
   37.  37.  36.  37.  37.  38.  35.  33.  36.  37.  34.  34.]
 [100.  50.  50.  50.  50.  50.  50.  50.  50.  50.  50.  50.  50.  50.
   50.  50.  50.  50.  50.  50.  50.  50.  50.  50.  50.  50.  50.  50.
   50.  50.  50.  50.  50.  50.  50.  50.  50.  50.  50.  50.]
 [ 63.  39.  39.  39.  41.  39.  37.  40.  42.  40.  36.  34.  37.  39.
   40.  40.  41.  41.  43.  44.  43.  45.  44.  44.  43.  45.  46.  46.
   46.  47.  48.  46.  47.  48.  46.  46.  46.  47.  46.  48.]
 [ 70.  41.  42.  43.  42.  41.  43.  42.  42.  42.  39.  42.  42.  41.
   43.  45.  45.  44.  46.  46.  46.  46.  46.  47.  48.  48.  48.  48.
   48.  48.  48.  47.  47.  48.  49.  49.  47.  47.  47.  47.]]
##############################
[[ 26.  31.  22.  21.  25.  22.  22.  25.  22.  26.  22.  25.  31.  29.
   35.  36.  35.  36.  38.  37.  35.  36.  35.  37.  36.  37.  35.  35.
   37.  37.  36.  37.  37.  38.  35.  33.  36.  37.  34.  34.]
 [100. 100.  50.  50.  50.  50.  50.  50.  50.  50.  50.  50.  50.  50.
   50.  50.  50.  50.  50.  50.  50.  50.  50.  50.  50.  50.  50.  50.
   50.  50.  50.  50.  50.  50.  50.  50.  50.  50.  50.  50.]
 [ 63.  77.  39.  39.  41.  39.  37.  40.  42.  40.  36.  34.  37.  39.
   40.  40.  41.  41.  43.  44.  43.  45.  44.  44.  43.  45.  46.  46.
   46.  47.  48.  46.  47.  48.  46.  46.  46.  47.  46.  48.]
 [ 70.  74.  42.  43.  42.  41.  43.  42.  42.  42.  39.  42.  42.  41.
   43.  45.  45.  44.  46.  46.  46.  46.  46.  47.  48.  48.  48.  48.
   48.  48.  48.  47.  47.  48.  49.  49.  47.  47.  47.  47.]]
##############################
[[ 26.  31.  36.  21.  25.  22.  22.  25.  22.  26.  22.  25.  31.  29.
   35.  36.  35.  36.  38.  37.  35.  36.  35.  37.  36.  37.  35.  35.
   37.  37.  36.  37.  37.  38.  35.  33.  36.  37.  34.  34.]
 [100. 100. 100.  50.  50.  50.  50.  50.  50.  50.  50.  50.  50.  50.
   50.  50.  50.  50.  50.  50.  50.  50.  50.  50.  50.  50.  50.  50.
   50.  50.  50.  50.  50.  50.  50.  50.  50.  50.  50.  50.]
 [ 63.  77.  76.  39.  41.  39.  37.  40.  42.  40.  36.  34.  37.  39.
   40.  40.  41.  41.  43.  44.  43.  45.  44.  44.  43.  45.  46.  46.
   46.  47.  48.  46.  47.  48.  46.  46.  46.  47.  46.  48.]
 [ 70.  74.  78.  43.  42.  41.  43.  42.  42.  42.  39.  42.  42.  41.
   43.  45.  45.  44.  46.  46.  46.  46.  46.  47.  48.  48.  48.  48.
   48.  48.  48.  47.  47.  48.  49.  49.  47.  47.  47.  47.]]
##############################
[[ 26.  31.  36.  36.  25.  22.  22.  25.  22.  26.  22.  25.  31.  29.
   35.  36.  35.  36.  38.  37.  35.  36.  35.  37.  36.  37.  35.  35.
   37.  37.  36.  37.  37.  38.  35.  33.  36.  37.  34.  34.]
 [100. 100. 100. 100.  50.  50.  50.  50.  50.  50.  50.  50.  50.  50.
   50.  50.  50.  50.  50.  50.  50.  50.  50.  50.  50.  50.  50.  50.
   50.  50.  50.  50.  50.  50.  50.  50.  50.  50.  50.  50.]
 [ 63.  77.  76.  79.  41.  39.  37.  40.  42.  40.  36.  34.  37.  39.
   40.  40.  41.  41.  43.  44.  43.  45.  44.  44.  43.  45.  46.  46.
   46.  47.  48.  46.  47.  48.  46.  46.  46.  47.  46.  48.]
 [ 70.  74.  78.  78.  42.  41.  43.  42.  42.  42.  39.  42.  42.  41.
   43.  45.  45.  44.  46.  46.  46.  46.  46.  47.  48.  48.  48.  48.
   48.  48.  48.  47.  47.  48.  49.  49.  47.  47.  47.  47.]]
##############################
[[ 26.  31.  36.  36.  40.  22.  22.  25.  22.  26.  22.  25.  31.  29.
   35.  36.  35.  36.  38.  37.  35.  36.  35.  37.  36.  37.  35.  35.
   37.  37.  36.  37.  37.  38.  35.  33.  36.  37.  34.  34.]
 [100. 100. 100. 100. 100.  50.  50.  50.  50.  50.  50.  50.  50.  50.
   50.  50.  50.  50.  50.  50.  50.  50.  50.  50.  50.  50.  50.  50.
   50.  50.  50.  50.  50.  50.  50.  50.  50.  50.  50.  50.]
 [ 63.  77.  76.  79.  78.  39.  37.  40.  42.  40.  36.  34.  37.  39.
   40.  40.  41.  41.  43.  44.  43.  45.  44.  44.  43.  45.  46.  46.
   46.  47.  48.  46.  47.  48.  46.  46.  46.  47.  46.  48.]
 [ 70.  74.  78.  78.  78.  41.  43.  42.  42.  42.  39.  42.  42.  41.
   43.  45.  45.  44.  46.  46.  46.  46.  46.  47.  48.  48.  48.  48.
   48.  48.  48.  47.  47.  48.  49.  49.  47.  47.  47.  47.]]
##############################
[[ 26.  31.  36.  36.  40.  36.  22.  25.  22.  26.  22.  25.  31.  29.
   35.  36.  35.  36.  38.  37.  35.  36.  35.  37.  36.  37.  35.  35.
   37.  37.  36.  37.  37.  38.  35.  33.  36.  37.  34.  34.]
 [100. 100. 100. 100. 100. 100.  50.  50.  50.  50.  50.  50.  50.  50.
   50.  50.  50.  50.  50.  50.  50.  50.  50.  50.  50.  50.  50.  50.
   50.  50.  50.  50.  50.  50.  50.  50.  50.  50.  50.  50.]
 [ 63.  77.  76.  79.  78.  79.  37.  40.  42.  40.  36.  34.  37.  39.
   40.  40.  41.  41.  43.  44.  43.  45.  44.  44.  43.  45.  46.  46.
   46.  47.  48.  46.  47.  48.  46.  46.  46.  47.  46.  48.]
 [ 70.  74.  78.  78.  78.  77.  43.  42.  42.  42.  39.  42.  42.  41.
   43.  45.  45.  44.  46.  46.  46.  46.  46.  47.  48.  48.  48.  48.
   48.  48.  48.  47.  47.  48.  49.  49.  47.  47.  47.  47.]]
##############################
[[ 26.  31.  36.  36.  40.  36.  37.  25.  22.  26.  22.  25.  31.  29.
   35.  36.  35.  36.  38.  37.  35.  36.  35.  37.  36.  37.  35.  35.
   37.  37.  36.  37.  37.  38.  35.  33.  36.  37.  34.  34.]
 [100. 100. 100. 100. 100. 100. 100.  50.  50.  50.  50.  50.  50.  50.
   50.  50.  50.  50.  50.  50.  50.  50.  50.  50.  50.  50.  50.  50.
   50.  50.  50.  50.  50.  50.  50.  50.  50.  50.  50.  50.]
 [ 63.  77.  76.  79.  78.  79.  77.  40.  42.  40.  36.  34.  37.  39.
   40.  40.  41.  41.  43.  44.  43.  45.  44.  44.  43.  45.  46.  46.
   46.  47.  48.  46.  47.  48.  46.  46.  46.  47.  46.  48.]
 [ 70.  74.  78.  78.  78.  77.  80.  42.  42.  42.  39.  42.  42.  41.
   43.  45.  45.  44.  46.  46.  46.  46.  46.  47.  48.  48.  48.  48.
   48.  48.  48.  47.  47.  48.  49.  49.  47.  47.  47.  47.]]
##############################
[[ 26.  31.  36.  36.  40.  36.  37.  40.  22.  26.  22.  25.  31.  29.
   35.  36.  35.  36.  38.  37.  35.  36.  35.  37.  36.  37.  35.  35.
   37.  37.  36.  37.  37.  38.  35.  33.  36.  37.  34.  34.]
 [100. 100. 100. 100. 100. 100. 100. 100.  50.  50.  50.  50.  50.  50.
   50.  50.  50.  50.  50.  50.  50.  50.  50.  50.  50.  50.  50.  50.
   50.  50.  50.  50.  50.  50.  50.  50.  50.  50.  50.  50.]
 [ 63.  77.  76.  79.  78.  79.  77.  79.  42.  40.  36.  34.  37.  39.
   40.  40.  41.  41.  43.  44.  43.  45.  44.  44.  43.  45.  46.  46.
   46.  47.  48.  46.  47.  48.  46.  46.  46.  47.  46.  48.]
 [ 70.  74.  78.  78.  78.  77.  80.  78.  42.  42.  39.  42.  42.  41.
   43.  45.  45.  44.  46.  46.  46.  46.  46.  47.  48.  48.  48.  48.
   48.  48.  48.  47.  47.  48.  49.  49.  47.  47.  47.  47.]]
##############################
[[ 26.  31.  36.  36.  40.  36.  37.  40.  37.  26.  22.  25.  31.  29.
   35.  36.  35.  36.  38.  37.  35.  36.  35.  37.  36.  37.  35.  35.
   37.  37.  36.  37.  37.  38.  35.  33.  36.  37.  34.  34.]
 [100. 100. 100. 100. 100. 100. 100. 100. 100.  50.  50.  50.  50.  50.
   50.  50.  50.  50.  50.  50.  50.  50.  50.  50.  50.  50.  50.  50.
   50.  50.  50.  50.  50.  50.  50.  50.  50.  50.  50.  50.]
 [ 63.  77.  76.  79.  78.  79.  77.  79.  84.  40.  36.  34.  37.  39.
   40.  40.  41.  41.  43.  44.  43.  45.  44.  44.  43.  45.  46.  46.
   46.  47.  48.  46.  47.  48.  46.  46.  46.  47.  46.  48.]
 [ 70.  74.  78.  78.  78.  77.  80.  78.  79.  42.  39.  42.  42.  41.
   43.  45.  45.  44.  46.  46.  46.  46.  46.  47.  48.  48.  48.  48.
   48.  48.  48.  47.  47.  48.  49.  49.  47.  47.  47.  47.]]
##############################
[[ 26.  31.  36.  36.  40.  36.  37.  40.  37.  39.  22.  25.  31.  29.
   35.  36.  35.  36.  38.  37.  35.  36.  35.  37.  36.  37.  35.  35.
   37.  37.  36.  37.  37.  38.  35.  33.  36.  37.  34.  34.]
 [100. 100. 100. 100. 100. 100. 100. 100. 100. 100.  50.  50.  50.  50.
   50.  50.  50.  50.  50.  50.  50.  50.  50.  50.  50.  50.  50.  50.
   50.  50.  50.  50.  50.  50.  50.  50.  50.  50.  50.  50.]
 [ 63.  77.  76.  79.  78.  79.  77.  79.  84.  82.  36.  34.  37.  39.
   40.  40.  41.  41.  43.  44.  43.  45.  44.  44.  43.  45.  46.  46.
   46.  47.  48.  46.  47.  48.  46.  46.  46.  47.  46.  48.]
 [ 70.  74.  78.  78.  78.  77.  80.  78.  79.  79.  39.  42.  42.  41.
   43.  45.  45.  44.  46.  46.  46.  46.  46.  47.  48.  48.  48.  48.
   48.  48.  48.  47.  47.  48.  49.  49.  47.  47.  47.  47.]]
##############################
[[ 26.  31.  36.  36.  40.  36.  37.  40.  37.  39.  33.  25.  31.  29.
   35.  36.  35.  36.  38.  37.  35.  36.  35.  37.  36.  37.  35.  35.
   37.  37.  36.  37.  37.  38.  35.  33.  36.  37.  34.  34.]
 [100. 100. 100. 100. 100. 100. 100. 100. 100. 100. 100.  50.  50.  50.
   50.  50.  50.  50.  50.  50.  50.  50.  50.  50.  50.  50.  50.  50.
   50.  50.  50.  50.  50.  50.  50.  50.  50.  50.  50.  50.]
 [ 63.  77.  76.  79.  78.  79.  77.  79.  84.  82.  72.  34.  37.  39.
   40.  40.  41.  41.  43.  44.  43.  45.  44.  44.  43.  45.  46.  46.
   46.  47.  48.  46.  47.  48.  46.  46.  46.  47.  46.  48.]
 [ 70.  74.  78.  78.  78.  77.  80.  78.  79.  79.  72.  42.  42.  41.
   43.  45.  45.  44.  46.  46.  46.  46.  46.  47.  48.  48.  48.  48.
   48.  48.  48.  47.  47.  48.  49.  49.  47.  47.  47.  47.]]
##############################
[[ 26.  31.  36.  36.  40.  36.  37.  40.  37.  39.  33.  37.  31.  29.
   35.  36.  35.  36.  38.  37.  35.  36.  35.  37.  36.  37.  35.  35.
   37.  37.  36.  37.  37.  38.  35.  33.  36.  37.  34.  34.]
 [100. 100. 100. 100. 100. 100. 100. 100. 100. 100. 100. 100.  50.  50.
   50.  50.  50.  50.  50.  50.  50.  50.  50.  50.  50.  50.  50.  50.
   50.  50.  50.  50.  50.  50.  50.  50.  50.  50.  50.  50.]
 [ 63.  77.  76.  79.  78.  79.  77.  79.  84.  82.  72.  69.  37.  39.
   40.  40.  41.  41.  43.  44.  43.  45.  44.  44.  43.  45.  46.  46.
   46.  47.  48.  46.  47.  48.  46.  46.  46.  47.  46.  48.]
 [ 70.  74.  78.  78.  78.  77.  80.  78.  79.  79.  72.  78.  42.  41.
   43.  45.  45.  44.  46.  46.  46.  46.  46.  47.  48.  48.  48.  48.
   48.  48.  48.  47.  47.  48.  49.  49.  47.  47.  47.  47.]]
##############################
[[ 26.  31.  36.  36.  40.  36.  37.  40.  37.  39.  33.  37.  48.  29.
   35.  36.  35.  36.  38.  37.  35.  36.  35.  37.  36.  37.  35.  35.
   37.  37.  36.  37.  37.  38.  35.  33.  36.  37.  34.  34.]
 [100. 100. 100. 100. 100. 100. 100. 100. 100. 100. 100. 100. 100.  50.
   50.  50.  50.  50.  50.  50.  50.  50.  50.  50.  50.  50.  50.  50.
   50.  50.  50.  50.  50.  50.  50.  50.  50.  50.  50.  50.]
 [ 63.  77.  76.  79.  78.  79.  77.  79.  84.  82.  72.  69.  70.  39.
   40.  40.  41.  41.  43.  44.  43.  45.  44.  44.  43.  45.  46.  46.
   46.  47.  48.  46.  47.  48.  46.  46.  46.  47.  46.  48.]
 [ 70.  74.  78.  78.  78.  77.  80.  78.  79.  79.  72.  78.  78.  41.
   43.  45.  45.  44.  46.  46.  46.  46.  46.  47.  48.  48.  48.  48.
   48.  48.  48.  47.  47.  48.  49.  49.  47.  47.  47.  47.]]
##############################
[[ 26.  31.  36.  36.  40.  36.  37.  40.  37.  39.  33.  37.  48.  46.
   35.  36.  35.  36.  38.  37.  35.  36.  35.  37.  36.  37.  35.  35.
   37.  37.  36.  37.  37.  38.  35.  33.  36.  37.  34.  34.]
 [100. 100. 100. 100. 100. 100. 100. 100. 100. 100. 100. 100. 100. 100.
   50.  50.  50.  50.  50.  50.  50.  50.  50.  50.  50.  50.  50.  50.
   50.  50.  50.  50.  50.  50.  50.  50.  50.  50.  50.  50.]
 [ 63.  77.  76.  79.  78.  79.  77.  79.  84.  82.  72.  69.  70.  77.
   40.  40.  41.  41.  43.  44.  43.  45.  44.  44.  43.  45.  46.  46.
   46.  47.  48.  46.  47.  48.  46.  46.  46.  47.  46.  48.]
 [ 70.  74.  78.  78.  78.  77.  80.  78.  79.  79.  72.  78.  78.  78.
   43.  45.  45.  44.  46.  46.  46.  46.  46.  47.  48.  48.  48.  48.
   48.  48.  48.  47.  47.  48.  49.  49.  47.  47.  47.  47.]]
##############################
[[ 26.  31.  36.  36.  40.  36.  37.  40.  37.  39.  33.  37.  48.  46.
   56.  36.  35.  36.  38.  37.  35.  36.  35.  37.  36.  37.  35.  35.
   37.  37.  36.  37.  37.  38.  35.  33.  36.  37.  34.  34.]
 [100. 100. 100. 100. 100. 100. 100. 100. 100. 100. 100. 100. 100. 100.
  100.  50.  50.  50.  50.  50.  50.  50.  50.  50.  50.  50.  50.  50.
   50.  50.  50.  50.  50.  50.  50.  50.  50.  50.  50.  50.]
 [ 63.  77.  76.  79.  78.  79.  77.  79.  84.  82.  72.  69.  70.  77.
   76.  40.  41.  41.  43.  44.  43.  45.  44.  44.  43.  45.  46.  46.
   46.  47.  48.  46.  47.  48.  46.  46.  46.  47.  46.  48.]
 [ 70.  74.  78.  78.  78.  77.  80.  78.  79.  79.  72.  78.  78.  78.
   83.  45.  45.  44.  46.  46.  46.  46.  46.  47.  48.  48.  48.  48.
   48.  48.  48.  47.  47.  48.  49.  49.  47.  47.  47.  47.]]
##############################
[[ 26.  31.  36.  36.  40.  36.  37.  40.  37.  39.  33.  37.  48.  46.
   56.  57.  35.  36.  38.  37.  35.  36.  35.  37.  36.  37.  35.  35.
   37.  37.  36.  37.  37.  38.  35.  33.  36.  37.  34.  34.]
 [100. 100. 100. 100. 100. 100. 100. 100. 100. 100. 100. 100. 100. 100.
  100. 100.  50.  50.  50.  50.  50.  50.  50.  50.  50.  50.  50.  50.
   50.  50.  50.  50.  50.  50.  50.  50.  50.  50.  50.  50.]
 [ 63.  77.  76.  79.  78.  79.  77.  79.  84.  82.  72.  69.  70.  77.
   76.  79.  41.  41.  43.  44.  43.  45.  44.  44.  43.  45.  46.  46.
   46.  47.  48.  46.  47.  48.  46.  46.  46.  47.  46.  48.]
 [ 70.  74.  78.  78.  78.  77.  80.  78.  79.  79.  72.  78.  78.  78.
   83.  85.  45.  44.  46.  46.  46.  46.  46.  47.  48.  48.  48.  48.
   48.  48.  48.  47.  47.  48.  49.  49.  47.  47.  47.  47.]]
##############################
[[ 26.  31.  36.  36.  40.  36.  37.  40.  37.  39.  33.  37.  48.  46.
   56.  57.  58.  36.  38.  37.  35.  36.  35.  37.  36.  37.  35.  35.
   37.  37.  36.  37.  37.  38.  35.  33.  36.  37.  34.  34.]
 [100. 100. 100. 100. 100. 100. 100. 100. 100. 100. 100. 100. 100. 100.
  100. 100. 100.  50.  50.  50.  50.  50.  50.  50.  50.  50.  50.  50.
   50.  50.  50.  50.  50.  50.  50.  50.  50.  50.  50.  50.]
 [ 63.  77.  76.  79.  78.  79.  77.  79.  84.  82.  72.  69.  70.  77.
   76.  79.  81.  41.  43.  44.  43.  45.  44.  44.  43.  45.  46.  46.
   46.  47.  48.  46.  47.  48.  46.  46.  46.  47.  46.  48.]
 [ 70.  74.  78.  78.  78.  77.  80.  78.  79.  79.  72.  78.  78.  78.
   83.  85.  85.  44.  46.  46.  46.  46.  46.  47.  48.  48.  48.  48.
   48.  48.  48.  47.  47.  48.  49.  49.  47.  47.  47.  47.]]
##############################
[[ 26.  31.  36.  36.  40.  36.  37.  40.  37.  39.  33.  37.  48.  46.
   56.  57.  58.  60.  38.  37.  35.  36.  35.  37.  36.  37.  35.  35.
   37.  37.  36.  37.  37.  38.  35.  33.  36.  37.  34.  34.]
 [100. 100. 100. 100. 100. 100. 100. 100. 100. 100. 100. 100. 100. 100.
  100. 100. 100. 100.  50.  50.  50.  50.  50.  50.  50.  50.  50.  50.
   50.  50.  50.  50.  50.  50.  50.  50.  50.  50.  50.  50.]
 [ 63.  77.  76.  79.  78.  79.  77.  79.  84.  82.  72.  69.  70.  77.
   76.  79.  81.  87.  43.  44.  43.  45.  44.  44.  43.  45.  46.  46.
   46.  47.  48.  46.  47.  48.  46.  46.  46.  47.  46.  48.]
 [ 70.  74.  78.  78.  78.  77.  80.  78.  79.  79.  72.  78.  78.  78.
   83.  85.  85.  86.  46.  46.  46.  46.  46.  47.  48.  48.  48.  48.
   48.  48.  48.  47.  47.  48.  49.  49.  47.  47.  47.  47.]]
##############################
[[ 26.  31.  36.  36.  40.  36.  37.  40.  37.  39.  33.  37.  48.  46.
   56.  57.  58.  60.  59.  37.  35.  36.  35.  37.  36.  37.  35.  35.
   37.  37.  36.  37.  37.  38.  35.  33.  36.  37.  34.  34.]
 [100. 100. 100. 100. 100. 100. 100. 100. 100. 100. 100. 100. 100. 100.
  100. 100. 100. 100. 100.  50.  50.  50.  50.  50.  50.  50.  50.  50.
   50.  50.  50.  50.  50.  50.  50.  50.  50.  50.  50.  50.]
 [ 63.  77.  76.  79.  78.  79.  77.  79.  84.  82.  72.  69.  70.  77.
   76.  79.  81.  87.  84.  44.  43.  45.  44.  44.  43.  45.  46.  46.
   46.  47.  48.  46.  47.  48.  46.  46.  46.  47.  46.  48.]
 [ 70.  74.  78.  78.  78.  77.  80.  78.  79.  79.  72.  78.  78.  78.
   83.  85.  85.  86.  88.  46.  46.  46.  46.  47.  48.  48.  48.  48.
   48.  48.  48.  47.  47.  48.  49.  49.  47.  47.  47.  47.]]
##############################
[[ 26.  31.  36.  36.  40.  36.  37.  40.  37.  39.  33.  37.  48.  46.
   56.  57.  58.  60.  59.  61.  35.  36.  35.  37.  36.  37.  35.  35.
   37.  37.  36.  37.  37.  38.  35.  33.  36.  37.  34.  34.]
 [100. 100. 100. 100. 100. 100. 100. 100. 100. 100. 100. 100. 100. 100.
  100. 100. 100. 100. 100. 100.  50.  50.  50.  50.  50.  50.  50.  50.
   50.  50.  50.  50.  50.  50.  50.  50.  50.  50.  50.  50.]
 [ 63.  77.  76.  79.  78.  79.  77.  79.  84.  82.  72.  69.  70.  77.
   76.  79.  81.  87.  84.  89.  43.  45.  44.  44.  43.  45.  46.  46.
   46.  47.  48.  46.  47.  48.  46.  46.  46.  47.  46.  48.]
 [ 70.  74.  78.  78.  78.  77.  80.  78.  79.  79.  72.  78.  78.  78.
   83.  85.  85.  86.  88.  89.  46.  46.  46.  47.  48.  48.  48.  48.
   48.  48.  48.  47.  47.  48.  49.  49.  47.  47.  47.  47.]]
##############################
[[ 26.  31.  36.  36.  40.  36.  37.  40.  37.  39.  33.  37.  48.  46.
   56.  57.  58.  60.  59.  61.  60.  36.  35.  37.  36.  37.  35.  35.
   37.  37.  36.  37.  37.  38.  35.  33.  36.  37.  34.  34.]
 [100. 100. 100. 100. 100. 100. 100. 100. 100. 100. 100. 100. 100. 100.
  100. 100. 100. 100. 100. 100. 100.  50.  50.  50.  50.  50.  50.  50.
   50.  50.  50.  50.  50.  50.  50.  50.  50.  50.  50.  50.]
 [ 63.  77.  76.  79.  78.  79.  77.  79.  84.  82.  72.  69.  70.  77.
   76.  79.  81.  87.  84.  89.  88.  45.  44.  44.  43.  45.  46.  46.
   46.  47.  48.  46.  47.  48.  46.  46.  46.  47.  46.  48.]
 [ 70.  74.  78.  78.  78.  77.  80.  78.  79.  79.  72.  78.  78.  78.
   83.  85.  85.  86.  88.  89.  86.  46.  46.  47.  48.  48.  48.  48.
   48.  48.  48.  47.  47.  48.  49.  49.  47.  47.  47.  47.]]
##############################
[[ 26.  31.  36.  36.  40.  36.  37.  40.  37.  39.  33.  37.  48.  46.
   56.  57.  58.  60.  59.  61.  60.  60.  35.  37.  36.  37.  35.  35.
   37.  37.  36.  37.  37.  38.  35.  33.  36.  37.  34.  34.]
 [100. 100. 100. 100. 100. 100. 100. 100. 100. 100. 100. 100. 100. 100.
  100. 100. 100. 100. 100. 100. 100. 100.  50.  50.  50.  50.  50.  50.
   50.  50.  50.  50.  50.  50.  50.  50.  50.  50.  50.  50.]
 [ 63.  77.  76.  79.  78.  79.  77.  79.  84.  82.  72.  69.  70.  77.
   76.  79.  81.  87.  84.  89.  88.  92.  44.  44.  43.  45.  46.  46.
   46.  47.  48.  46.  47.  48.  46.  46.  46.  47.  46.  48.]
 [ 70.  74.  78.  78.  78.  77.  80.  78.  79.  79.  72.  78.  78.  78.
   83.  85.  85.  86.  88.  89.  86.  86.  46.  47.  48.  48.  48.  48.
   48.  48.  48.  47.  47.  48.  49.  49.  47.  47.  47.  47.]]
##############################
[[ 26.  31.  36.  36.  40.  36.  37.  40.  37.  39.  33.  37.  48.  46.
   56.  57.  58.  60.  59.  61.  60.  60.  60.  37.  36.  37.  35.  35.
   37.  37.  36.  37.  37.  38.  35.  33.  36.  37.  34.  34.]
 [100. 100. 100. 100. 100. 100. 100. 100. 100. 100. 100. 100. 100. 100.
  100. 100. 100. 100. 100. 100. 100. 100. 100.  50.  50.  50.  50.  50.
   50.  50.  50.  50.  50.  50.  50.  50.  50.  50.  50.  50.]
 [ 63.  77.  76.  79.  78.  79.  77.  79.  84.  82.  72.  69.  70.  77.
   76.  79.  81.  87.  84.  89.  88.  92.  89.  44.  43.  45.  46.  46.
   46.  47.  48.  46.  47.  48.  46.  46.  46.  47.  46.  48.]
 [ 70.  74.  78.  78.  78.  77.  80.  78.  79.  79.  72.  78.  78.  78.
   83.  85.  85.  86.  88.  89.  86.  86.  87.  47.  48.  48.  48.  48.
   48.  48.  48.  47.  47.  48.  49.  49.  47.  47.  47.  47.]]
##############################
[[ 26.  31.  36.  36.  40.  36.  37.  40.  37.  39.  33.  37.  48.  46.
   56.  57.  58.  60.  59.  61.  60.  60.  60.  61.  36.  37.  35.  35.
   37.  37.  36.  37.  37.  38.  35.  33.  36.  37.  34.  34.]
 [100. 100. 100. 100. 100. 100. 100. 100. 100. 100. 100. 100. 100. 100.
  100. 100. 100. 100. 100. 100. 100. 100. 100. 100.  50.  50.  50.  50.
   50.  50.  50.  50.  50.  50.  50.  50.  50.  50.  50.  50.]
 [ 63.  77.  76.  79.  78.  79.  77.  79.  84.  82.  72.  69.  70.  77.
   76.  79.  81.  87.  84.  89.  88.  92.  89.  91.  43.  45.  46.  46.
   46.  47.  48.  46.  47.  48.  46.  46.  46.  47.  46.  48.]
 [ 70.  74.  78.  78.  78.  77.  80.  78.  79.  79.  72.  78.  78.  78.
   83.  85.  85.  86.  88.  89.  86.  86.  87.  89.  48.  48.  48.  48.
   48.  48.  48.  47.  47.  48.  49.  49.  47.  47.  47.  47.]]
##############################
[[ 26.  31.  36.  36.  40.  36.  37.  40.  37.  39.  33.  37.  48.  46.
   56.  57.  58.  60.  59.  61.  60.  60.  60.  61.  61.  37.  35.  35.
   37.  37.  36.  37.  37.  38.  35.  33.  36.  37.  34.  34.]
 [100. 100. 100. 100. 100. 100. 100. 100. 100. 100. 100. 100. 100. 100.
  100. 100. 100. 100. 100. 100. 100. 100. 100. 100. 100.  50.  50.  50.
   50.  50.  50.  50.  50.  50.  50.  50.  50.  50.  50.  50.]
 [ 63.  77.  76.  79.  78.  79.  77.  79.  84.  82.  72.  69.  70.  77.
   76.  79.  81.  87.  84.  89.  88.  92.  89.  91.  90.  45.  46.  46.
   46.  47.  48.  46.  47.  48.  46.  46.  46.  47.  46.  48.]
 [ 70.  74.  78.  78.  78.  77.  80.  78.  79.  79.  72.  78.  78.  78.
   83.  85.  85.  86.  88.  89.  86.  86.  87.  89.  89.  48.  48.  48.
   48.  48.  48.  47.  47.  48.  49.  49.  47.  47.  47.  47.]]
##############################
[[ 26.  31.  36.  36.  40.  36.  37.  40.  37.  39.  33.  37.  48.  46.
   56.  57.  58.  60.  59.  61.  60.  60.  60.  61.  61.  62.  35.  35.
   37.  37.  36.  37.  37.  38.  35.  33.  36.  37.  34.  34.]
 [100. 100. 100. 100. 100. 100. 100. 100. 100. 100. 100. 100. 100. 100.
  100. 100. 100. 100. 100. 100. 100. 100. 100. 100. 100. 100.  50.  50.
   50.  50.  50.  50.  50.  50.  50.  50.  50.  50.  50.  50.]
 [ 63.  77.  76.  79.  78.  79.  77.  79.  84.  82.  72.  69.  70.  77.
   76.  79.  81.  87.  84.  89.  88.  92.  89.  91.  90.  91.  46.  46.
   46.  47.  48.  46.  47.  48.  46.  46.  46.  47.  46.  48.]
 [ 70.  74.  78.  78.  78.  77.  80.  78.  79.  79.  72.  78.  78.  78.
   83.  85.  85.  86.  88.  89.  86.  86.  87.  89.  89.  90.  48.  48.
   48.  48.  48.  47.  47.  48.  49.  49.  47.  47.  47.  47.]]
##############################
[[ 26.  31.  36.  36.  40.  36.  37.  40.  37.  39.  33.  37.  48.  46.
   56.  57.  58.  60.  59.  61.  60.  60.  60.  61.  61.  62.  61.  35.
   37.  37.  36.  37.  37.  38.  35.  33.  36.  37.  34.  34.]
 [100. 100. 100. 100. 100. 100. 100. 100. 100. 100. 100. 100. 100. 100.
  100. 100. 100. 100. 100. 100. 100. 100. 100. 100. 100. 100. 100.  50.
   50.  50.  50.  50.  50.  50.  50.  50.  50.  50.  50.  50.]
 [ 63.  77.  76.  79.  78.  79.  77.  79.  84.  82.  72.  69.  70.  77.
   76.  79.  81.  87.  84.  89.  88.  92.  89.  91.  90.  91.  93.  46.
   46.  47.  48.  46.  47.  48.  46.  46.  46.  47.  46.  48.]
 [ 70.  74.  78.  78.  78.  77.  80.  78.  79.  79.  72.  78.  78.  78.
   83.  85.  85.  86.  88.  89.  86.  86.  87.  89.  89.  90.  90.  48.
   48.  48.  48.  47.  47.  48.  49.  49.  47.  47.  47.  47.]]
##############################
[[ 26.  31.  36.  36.  40.  36.  37.  40.  37.  39.  33.  37.  48.  46.
   56.  57.  58.  60.  59.  61.  60.  60.  60.  61.  61.  62.  61.  62.
   37.  37.  36.  37.  37.  38.  35.  33.  36.  37.  34.  34.]
 [100. 100. 100. 100. 100. 100. 100. 100. 100. 100. 100. 100. 100. 100.
  100. 100. 100. 100. 100. 100. 100. 100. 100. 100. 100. 100. 100. 100.
   50.  50.  50.  50.  50.  50.  50.  50.  50.  50.  50.  50.]
 [ 63.  77.  76.  79.  78.  79.  77.  79.  84.  82.  72.  69.  70.  77.
   76.  79.  81.  87.  84.  89.  88.  92.  89.  91.  90.  91.  93.  93.
   46.  47.  48.  46.  47.  48.  46.  46.  46.  47.  46.  48.]
 [ 70.  74.  78.  78.  78.  77.  80.  78.  79.  79.  72.  78.  78.  78.
   83.  85.  85.  86.  88.  89.  86.  86.  87.  89.  89.  90.  90.  90.
   48.  48.  48.  47.  47.  48.  49.  49.  47.  47.  47.  47.]]
##############################
[[ 26.  31.  36.  36.  40.  36.  37.  40.  37.  39.  33.  37.  48.  46.
   56.  57.  58.  60.  59.  61.  60.  60.  60.  61.  61.  62.  61.  62.
   64.  37.  36.  37.  37.  38.  35.  33.  36.  37.  34.  34.]
 [100. 100. 100. 100. 100. 100. 100. 100. 100. 100. 100. 100. 100. 100.
  100. 100. 100. 100. 100. 100. 100. 100. 100. 100. 100. 100. 100. 100.
  100.  50.  50.  50.  50.  50.  50.  50.  50.  50.  50.  50.]
 [ 63.  77.  76.  79.  78.  79.  77.  79.  84.  82.  72.  69.  70.  77.
   76.  79.  81.  87.  84.  89.  88.  92.  89.  91.  90.  91.  93.  93.
   94.  47.  48.  46.  47.  48.  46.  46.  46.  47.  46.  48.]
 [ 70.  74.  78.  78.  78.  77.  80.  78.  79.  79.  72.  78.  78.  78.
   83.  85.  85.  86.  88.  89.  86.  86.  87.  89.  89.  90.  90.  90.
   92.  48.  48.  47.  47.  48.  49.  49.  47.  47.  47.  47.]]
##############################
[[ 26.  31.  36.  36.  40.  36.  37.  40.  37.  39.  33.  37.  48.  46.
   56.  57.  58.  60.  59.  61.  60.  60.  60.  61.  61.  62.  61.  62.
   64.  64.  36.  37.  37.  38.  35.  33.  36.  37.  34.  34.]
 [100. 100. 100. 100. 100. 100. 100. 100. 100. 100. 100. 100. 100. 100.
  100. 100. 100. 100. 100. 100. 100. 100. 100. 100. 100. 100. 100. 100.
  100. 100.  50.  50.  50.  50.  50.  50.  50.  50.  50.  50.]
 [ 63.  77.  76.  79.  78.  79.  77.  79.  84.  82.  72.  69.  70.  77.
   76.  79.  81.  87.  84.  89.  88.  92.  89.  91.  90.  91.  93.  93.
   94.  94.  48.  46.  47.  48.  46.  46.  46.  47.  46.  48.]
 [ 70.  74.  78.  78.  78.  77.  80.  78.  79.  79.  72.  78.  78.  78.
   83.  85.  85.  86.  88.  89.  86.  86.  87.  89.  89.  90.  90.  90.
   92.  90.  48.  47.  47.  48.  49.  49.  47.  47.  47.  47.]]
##############################
[[ 26.  31.  36.  36.  40.  36.  37.  40.  37.  39.  33.  37.  48.  46.
   56.  57.  58.  60.  59.  61.  60.  60.  60.  61.  61.  62.  61.  62.
   64.  64.  61.  37.  37.  38.  35.  33.  36.  37.  34.  34.]
 [100. 100. 100. 100. 100. 100. 100. 100. 100. 100. 100. 100. 100. 100.
  100. 100. 100. 100. 100. 100. 100. 100. 100. 100. 100. 100. 100. 100.
  100. 100. 100.  50.  50.  50.  50.  50.  50.  50.  50.  50.]
 [ 63.  77.  76.  79.  78.  79.  77.  79.  84.  82.  72.  69.  70.  77.
   76.  79.  81.  87.  84.  89.  88.  92.  89.  91.  90.  91.  93.  93.
   94.  94.  95.  46.  47.  48.  46.  46.  46.  47.  46.  48.]
 [ 70.  74.  78.  78.  78.  77.  80.  78.  79.  79.  72.  78.  78.  78.
   83.  85.  85.  86.  88.  89.  86.  86.  87.  89.  89.  90.  90.  90.
   92.  90.  90.  47.  47.  48.  49.  49.  47.  47.  47.  47.]]
##############################
[[ 26.  31.  36.  36.  40.  36.  37.  40.  37.  39.  33.  37.  48.  46.
   56.  57.  58.  60.  59.  61.  60.  60.  60.  61.  61.  62.  61.  62.
   64.  64.  61.  62.  37.  38.  35.  33.  36.  37.  34.  34.]
 [100. 100. 100. 100. 100. 100. 100. 100. 100. 100. 100. 100. 100. 100.
  100. 100. 100. 100. 100. 100. 100. 100. 100. 100. 100. 100. 100. 100.
  100. 100. 100. 100.  50.  50.  50.  50.  50.  50.  50.  50.]
 [ 63.  77.  76.  79.  78.  79.  77.  79.  84.  82.  72.  69.  70.  77.
   76.  79.  81.  87.  84.  89.  88.  92.  89.  91.  90.  91.  93.  93.
   94.  94.  95.  93.  47.  48.  46.  46.  46.  47.  46.  48.]
 [ 70.  74.  78.  78.  78.  77.  80.  78.  79.  79.  72.  78.  78.  78.
   83.  85.  85.  86.  88.  89.  86.  86.  87.  89.  89.  90.  90.  90.
   92.  90.  90.  91.  47.  48.  49.  49.  47.  47.  47.  47.]]
##############################
[[ 26.  31.  36.  36.  40.  36.  37.  40.  37.  39.  33.  37.  48.  46.
   56.  57.  58.  60.  59.  61.  60.  60.  60.  61.  61.  62.  61.  62.
   64.  64.  61.  62.  62.  38.  35.  33.  36.  37.  34.  34.]
 [100. 100. 100. 100. 100. 100. 100. 100. 100. 100. 100. 100. 100. 100.
  100. 100. 100. 100. 100. 100. 100. 100. 100. 100. 100. 100. 100. 100.
  100. 100. 100. 100. 100.  50.  50.  50.  50.  50.  50.  50.]
 [ 63.  77.  76.  79.  78.  79.  77.  79.  84.  82.  72.  69.  70.  77.
   76.  79.  81.  87.  84.  89.  88.  92.  89.  91.  90.  91.  93.  93.
   94.  94.  95.  93.  94.  48.  46.  46.  46.  47.  46.  48.]
 [ 70.  74.  78.  78.  78.  77.  80.  78.  79.  79.  72.  78.  78.  78.
   83.  85.  85.  86.  88.  89.  86.  86.  87.  89.  89.  90.  90.  90.
   92.  90.  90.  91.  91.  48.  49.  49.  47.  47.  47.  47.]]
##############################
[[ 26.  31.  36.  36.  40.  36.  37.  40.  37.  39.  33.  37.  48.  46.
   56.  57.  58.  60.  59.  61.  60.  60.  60.  61.  61.  62.  61.  62.
   64.  64.  61.  62.  62.  65.  35.  33.  36.  37.  34.  34.]
 [100. 100. 100. 100. 100. 100. 100. 100. 100. 100. 100. 100. 100. 100.
  100. 100. 100. 100. 100. 100. 100. 100. 100. 100. 100. 100. 100. 100.
  100. 100. 100. 100. 100. 100.  50.  50.  50.  50.  50.  50.]
 [ 63.  77.  76.  79.  78.  79.  77.  79.  84.  82.  72.  69.  70.  77.
   76.  79.  81.  87.  84.  89.  88.  92.  89.  91.  90.  91.  93.  93.
   94.  94.  95.  93.  94.  95.  46.  46.  46.  47.  46.  48.]
 [ 70.  74.  78.  78.  78.  77.  80.  78.  79.  79.  72.  78.  78.  78.
   83.  85.  85.  86.  88.  89.  86.  86.  87.  89.  89.  90.  90.  90.
   92.  90.  90.  91.  91.  93.  49.  49.  47.  47.  47.  47.]]
##############################
[[ 26.  31.  36.  36.  40.  36.  37.  40.  37.  39.  33.  37.  48.  46.
   56.  57.  58.  60.  59.  61.  60.  60.  60.  61.  61.  62.  61.  62.
   64.  64.  61.  62.  62.  65.  60.  33.  36.  37.  34.  34.]
 [100. 100. 100. 100. 100. 100. 100. 100. 100. 100. 100. 100. 100. 100.
  100. 100. 100. 100. 100. 100. 100. 100. 100. 100. 100. 100. 100. 100.
  100. 100. 100. 100. 100. 100. 100.  50.  50.  50.  50.  50.]
 [ 63.  77.  76.  79.  78.  79.  77.  79.  84.  82.  72.  69.  70.  77.
   76.  79.  81.  87.  84.  89.  88.  92.  89.  91.  90.  91.  93.  93.
   94.  94.  95.  93.  94.  95.  93.  46.  46.  47.  46.  48.]
 [ 70.  74.  78.  78.  78.  77.  80.  78.  79.  79.  72.  78.  78.  78.
   83.  85.  85.  86.  88.  89.  86.  86.  87.  89.  89.  90.  90.  90.
   92.  90.  90.  91.  91.  93.  94.  49.  47.  47.  47.  47.]]
##############################
[[ 26.  31.  36.  36.  40.  36.  37.  40.  37.  39.  33.  37.  48.  46.
   56.  57.  58.  60.  59.  61.  60.  60.  60.  61.  61.  62.  61.  62.
   64.  64.  61.  62.  62.  65.  60.  61.  36.  37.  34.  34.]
 [100. 100. 100. 100. 100. 100. 100. 100. 100. 100. 100. 100. 100. 100.
  100. 100. 100. 100. 100. 100. 100. 100. 100. 100. 100. 100. 100. 100.
  100. 100. 100. 100. 100. 100. 100. 100.  50.  50.  50.  50.]
 [ 63.  77.  76.  79.  78.  79.  77.  79.  84.  82.  72.  69.  70.  77.
   76.  79.  81.  87.  84.  89.  88.  92.  89.  91.  90.  91.  93.  93.
   94.  94.  95.  93.  94.  95.  93.  93.  46.  47.  46.  48.]
 [ 70.  74.  78.  78.  78.  77.  80.  78.  79.  79.  72.  78.  78.  78.
   83.  85.  85.  86.  88.  89.  86.  86.  87.  89.  89.  90.  90.  90.
   92.  90.  90.  91.  91.  93.  94.  93.  47.  47.  47.  47.]]
##############################
[[ 26.  31.  36.  36.  40.  36.  37.  40.  37.  39.  33.  37.  48.  46.
   56.  57.  58.  60.  59.  61.  60.  60.  60.  61.  61.  62.  61.  62.
   64.  64.  61.  62.  62.  65.  60.  61.  64.  37.  34.  34.]
 [100. 100. 100. 100. 100. 100. 100. 100. 100. 100. 100. 100. 100. 100.
  100. 100. 100. 100. 100. 100. 100. 100. 100. 100. 100. 100. 100. 100.
  100. 100. 100. 100. 100. 100. 100. 100. 100.  50.  50.  50.]
 [ 63.  77.  76.  79.  78.  79.  77.  79.  84.  82.  72.  69.  70.  77.
   76.  79.  81.  87.  84.  89.  88.  92.  89.  91.  90.  91.  93.  93.
   94.  94.  95.  93.  94.  95.  93.  93.  93.  47.  46.  48.]
 [ 70.  74.  78.  78.  78.  77.  80.  78.  79.  79.  72.  78.  78.  78.
   83.  85.  85.  86.  88.  89.  86.  86.  87.  89.  89.  90.  90.  90.
   92.  90.  90.  91.  91.  93.  94.  93.  91.  47.  47.  47.]]
##############################
[[ 26.  31.  36.  36.  40.  36.  37.  40.  37.  39.  33.  37.  48.  46.
   56.  57.  58.  60.  59.  61.  60.  60.  60.  61.  61.  62.  61.  62.
   64.  64.  61.  62.  62.  65.  60.  61.  64.  65.  34.  34.]
 [100. 100. 100. 100. 100. 100. 100. 100. 100. 100. 100. 100. 100. 100.
  100. 100. 100. 100. 100. 100. 100. 100. 100. 100. 100. 100. 100. 100.
  100. 100. 100. 100. 100. 100. 100. 100. 100. 100.  50.  50.]
 [ 63.  77.  76.  79.  78.  79.  77.  79.  84.  82.  72.  69.  70.  77.
   76.  79.  81.  87.  84.  89.  88.  92.  89.  91.  90.  91.  93.  93.
   94.  94.  95.  93.  94.  95.  93.  93.  93.  94.  46.  48.]
 [ 70.  74.  78.  78.  78.  77.  80.  78.  79.  79.  72.  78.  78.  78.
   83.  85.  85.  86.  88.  89.  86.  86.  87.  89.  89.  90.  90.  90.
   92.  90.  90.  91.  91.  93.  94.  93.  91.  92.  47.  47.]]
##############################
[[ 26.  31.  36.  36.  40.  36.  37.  40.  37.  39.  33.  37.  48.  46.
   56.  57.  58.  60.  59.  61.  60.  60.  60.  61.  61.  62.  61.  62.
   64.  64.  61.  62.  62.  65.  60.  61.  64.  65.  61.  34.]
 [100. 100. 100. 100. 100. 100. 100. 100. 100. 100. 100. 100. 100. 100.
  100. 100. 100. 100. 100. 100. 100. 100. 100. 100. 100. 100. 100. 100.
  100. 100. 100. 100. 100. 100. 100. 100. 100. 100. 100.  50.]
 [ 63.  77.  76.  79.  78.  79.  77.  79.  84.  82.  72.  69.  70.  77.
   76.  79.  81.  87.  84.  89.  88.  92.  89.  91.  90.  91.  93.  93.
   94.  94.  95.  93.  94.  95.  93.  93.  93.  94.  93.  48.]
 [ 70.  74.  78.  78.  78.  77.  80.  78.  79.  79.  72.  78.  78.  78.
   83.  85.  85.  86.  88.  89.  86.  86.  87.  89.  89.  90.  90.  90.
   92.  90.  90.  91.  91.  93.  94.  93.  91.  92.  93.  47.]]
##############################
[[ 26.  31.  36.  36.  40.  36.  37.  40.  37.  39.  33.  37.  48.  46.
   56.  57.  58.  60.  59.  61.  60.  60.  60.  61.  61.  62.  61.  62.
   64.  64.  61.  62.  62.  65.  60.  61.  64.  65.  61.  61.]
 [100. 100. 100. 100. 100. 100. 100. 100. 100. 100. 100. 100. 100. 100.
  100. 100. 100. 100. 100. 100. 100. 100. 100. 100. 100. 100. 100. 100.
  100. 100. 100. 100. 100. 100. 100. 100. 100. 100. 100. 100.]
 [ 63.  77.  76.  79.  78.  79.  77.  79.  84.  82.  72.  69.  70.  77.
   76.  79.  81.  87.  84.  89.  88.  92.  89.  91.  90.  91.  93.  93.
   94.  94.  95.  93.  94.  95.  93.  93.  93.  94.  93.  95.]
 [ 70.  74.  78.  78.  78.  77.  80.  78.  79.  79.  72.  78.  78.  78.
   83.  85.  85.  86.  88.  89.  86.  86.  87.  89.  89.  90.  90.  90.
   92.  90.  90.  91.  91.  93.  94.  93.  91.  92.  93.  92.]]
##############################
##################################################
##################################################
starting :3 batch
[[ 39.  31.  36.  36.  40.  36.  37.  40.  37.  39.  33.  37.  48.  46.
   56.  57.  58.  60.  59.  61.  60.  60.  60.  61.  61.  62.  61.  62.
   64.  64.  61.  62.  62.  65.  60.  61.  64.  65.  61.  61.]
 [150. 100. 100. 100. 100. 100. 100. 100. 100. 100. 100. 100. 100. 100.
  100. 100. 100. 100. 100. 100. 100. 100. 100. 100. 100. 100. 100. 100.
  100. 100. 100. 100. 100. 100. 100. 100. 100. 100. 100. 100.]
 [ 95.  77.  76.  79.  78.  79.  77.  79.  84.  82.  72.  69.  70.  77.
   76.  79.  81.  87.  84.  89.  88.  92.  89.  91.  90.  91.  93.  93.
   94.  94.  95.  93.  94.  95.  93.  93.  93.  94.  93.  95.]
 [100.  74.  78.  78.  78.  77.  80.  78.  79.  79.  72.  78.  78.  78.
   83.  85.  85.  86.  88.  89.  86.  86.  87.  89.  89.  90.  90.  90.
   92.  90.  90.  91.  91.  93.  94.  93.  91.  92.  93.  92.]]
##############################
[[ 39.  48.  36.  36.  40.  36.  37.  40.  37.  39.  33.  37.  48.  46.
   56.  57.  58.  60.  59.  61.  60.  60.  60.  61.  61.  62.  61.  62.
   64.  64.  61.  62.  62.  65.  60.  61.  64.  65.  61.  61.]
 [150. 150. 100. 100. 100. 100. 100. 100. 100. 100. 100. 100. 100. 100.
  100. 100. 100. 100. 100. 100. 100. 100. 100. 100. 100. 100. 100. 100.
  100. 100. 100. 100. 100. 100. 100. 100. 100. 100. 100. 100.]
 [ 95. 111.  76.  79.  78.  79.  77.  79.  84.  82.  72.  69.  70.  77.
   76.  79.  81.  87.  84.  89.  88.  92.  89.  91.  90.  91.  93.  93.
   94.  94.  95.  93.  94.  95.  93.  93.  93.  94.  93.  95.]
 [100. 107.  78.  78.  78.  77.  80.  78.  79.  79.  72.  78.  78.  78.
   83.  85.  85.  86.  88.  89.  86.  86.  87.  89.  89.  90.  90.  90.
   92.  90.  90.  91.  91.  93.  94.  93.  91.  92.  93.  92.]]
##############################
[[ 39.  48.  53.  36.  40.  36.  37.  40.  37.  39.  33.  37.  48.  46.
   56.  57.  58.  60.  59.  61.  60.  60.  60.  61.  61.  62.  61.  62.
   64.  64.  61.  62.  62.  65.  60.  61.  64.  65.  61.  61.]
 [150. 150. 150. 100. 100. 100. 100. 100. 100. 100. 100. 100. 100. 100.
  100. 100. 100. 100. 100. 100. 100. 100. 100. 100. 100. 100. 100. 100.
  100. 100. 100. 100. 100. 100. 100. 100. 100. 100. 100. 100.]
 [ 95. 111. 111.  79.  78.  79.  77.  79.  84.  82.  72.  69.  70.  77.
   76.  79.  81.  87.  84.  89.  88.  92.  89.  91.  90.  91.  93.  93.
   94.  94.  95.  93.  94.  95.  93.  93.  93.  94.  93.  95.]
 [100. 107. 114.  78.  78.  77.  80.  78.  79.  79.  72.  78.  78.  78.
   83.  85.  85.  86.  88.  89.  86.  86.  87.  89.  89.  90.  90.  90.
   92.  90.  90.  91.  91.  93.  94.  93.  91.  92.  93.  92.]]
##############################
[[ 39.  48.  53.  51.  40.  36.  37.  40.  37.  39.  33.  37.  48.  46.
   56.  57.  58.  60.  59.  61.  60.  60.  60.  61.  61.  62.  61.  62.
   64.  64.  61.  62.  62.  65.  60.  61.  64.  65.  61.  61.]
 [150. 150. 150. 150. 100. 100. 100. 100. 100. 100. 100. 100. 100. 100.
  100. 100. 100. 100. 100. 100. 100. 100. 100. 100. 100. 100. 100. 100.
  100. 100. 100. 100. 100. 100. 100. 100. 100. 100. 100. 100.]
 [ 95. 111. 111. 114.  78.  79.  77.  79.  84.  82.  72.  69.  70.  77.
   76.  79.  81.  87.  84.  89.  88.  92.  89.  91.  90.  91.  93.  93.
   94.  94.  95.  93.  94.  95.  93.  93.  93.  94.  93.  95.]
 [100. 107. 114. 119.  78.  77.  80.  78.  79.  79.  72.  78.  78.  78.
   83.  85.  85.  86.  88.  89.  86.  86.  87.  89.  89.  90.  90.  90.
   92.  90.  90.  91.  91.  93.  94.  93.  91.  92.  93.  92.]]
##############################
[[ 39.  48.  53.  51.  56.  36.  37.  40.  37.  39.  33.  37.  48.  46.
   56.  57.  58.  60.  59.  61.  60.  60.  60.  61.  61.  62.  61.  62.
   64.  64.  61.  62.  62.  65.  60.  61.  64.  65.  61.  61.]
 [150. 150. 150. 150. 150. 100. 100. 100. 100. 100. 100. 100. 100. 100.
  100. 100. 100. 100. 100. 100. 100. 100. 100. 100. 100. 100. 100. 100.
  100. 100. 100. 100. 100. 100. 100. 100. 100. 100. 100. 100.]
 [ 95. 111. 111. 114. 112.  79.  77.  79.  84.  82.  72.  69.  70.  77.
   76.  79.  81.  87.  84.  89.  88.  92.  89.  91.  90.  91.  93.  93.
   94.  94.  95.  93.  94.  95.  93.  93.  93.  94.  93.  95.]
 [100. 107. 114. 119. 116.  77.  80.  78.  79.  79.  72.  78.  78.  78.
   83.  85.  85.  86.  88.  89.  86.  86.  87.  89.  89.  90.  90.  90.
   92.  90.  90.  91.  91.  93.  94.  93.  91.  92.  93.  92.]]
##############################
[[ 39.  48.  53.  51.  56.  50.  37.  40.  37.  39.  33.  37.  48.  46.
   56.  57.  58.  60.  59.  61.  60.  60.  60.  61.  61.  62.  61.  62.
   64.  64.  61.  62.  62.  65.  60.  61.  64.  65.  61.  61.]
 [150. 150. 150. 150. 150. 150. 100. 100. 100. 100. 100. 100. 100. 100.
  100. 100. 100. 100. 100. 100. 100. 100. 100. 100. 100. 100. 100. 100.
  100. 100. 100. 100. 100. 100. 100. 100. 100. 100. 100. 100.]
 [ 95. 111. 111. 114. 112. 115.  77.  79.  84.  82.  72.  69.  70.  77.
   76.  79.  81.  87.  84.  89.  88.  92.  89.  91.  90.  91.  93.  93.
   94.  94.  95.  93.  94.  95.  93.  93.  93.  94.  93.  95.]
 [100. 107. 114. 119. 116. 117.  80.  78.  79.  79.  72.  78.  78.  78.
   83.  85.  85.  86.  88.  89.  86.  86.  87.  89.  89.  90.  90.  90.
   92.  90.  90.  91.  91.  93.  94.  93.  91.  92.  93.  92.]]
##############################
[[ 39.  48.  53.  51.  56.  50.  52.  40.  37.  39.  33.  37.  48.  46.
   56.  57.  58.  60.  59.  61.  60.  60.  60.  61.  61.  62.  61.  62.
   64.  64.  61.  62.  62.  65.  60.  61.  64.  65.  61.  61.]
 [150. 150. 150. 150. 150. 150. 150. 100. 100. 100. 100. 100. 100. 100.
  100. 100. 100. 100. 100. 100. 100. 100. 100. 100. 100. 100. 100. 100.
  100. 100. 100. 100. 100. 100. 100. 100. 100. 100. 100. 100.]
 [ 95. 111. 111. 114. 112. 115. 113.  79.  84.  82.  72.  69.  70.  77.
   76.  79.  81.  87.  84.  89.  88.  92.  89.  91.  90.  91.  93.  93.
   94.  94.  95.  93.  94.  95.  93.  93.  93.  94.  93.  95.]
 [100. 107. 114. 119. 116. 117. 119.  78.  79.  79.  72.  78.  78.  78.
   83.  85.  85.  86.  88.  89.  86.  86.  87.  89.  89.  90.  90.  90.
   92.  90.  90.  91.  91.  93.  94.  93.  91.  92.  93.  92.]]
##############################
[[ 39.  48.  53.  51.  56.  50.  52.  54.  37.  39.  33.  37.  48.  46.
   56.  57.  58.  60.  59.  61.  60.  60.  60.  61.  61.  62.  61.  62.
   64.  64.  61.  62.  62.  65.  60.  61.  64.  65.  61.  61.]
 [150. 150. 150. 150. 150. 150. 150. 150. 100. 100. 100. 100. 100. 100.
  100. 100. 100. 100. 100. 100. 100. 100. 100. 100. 100. 100. 100. 100.
  100. 100. 100. 100. 100. 100. 100. 100. 100. 100. 100. 100.]
 [ 95. 111. 111. 114. 112. 115. 113. 116.  84.  82.  72.  69.  70.  77.
   76.  79.  81.  87.  84.  89.  88.  92.  89.  91.  90.  91.  93.  93.
   94.  94.  95.  93.  94.  95.  93.  93.  93.  94.  93.  95.]
 [100. 107. 114. 119. 116. 117. 119. 117.  79.  79.  72.  78.  78.  78.
   83.  85.  85.  86.  88.  89.  86.  86.  87.  89.  89.  90.  90.  90.
   92.  90.  90.  91.  91.  93.  94.  93.  91.  92.  93.  92.]]
##############################
[[ 39.  48.  53.  51.  56.  50.  52.  54.  50.  39.  33.  37.  48.  46.
   56.  57.  58.  60.  59.  61.  60.  60.  60.  61.  61.  62.  61.  62.
   64.  64.  61.  62.  62.  65.  60.  61.  64.  65.  61.  61.]
 [150. 150. 150. 150. 150. 150. 150. 150. 150. 100. 100. 100. 100. 100.
  100. 100. 100. 100. 100. 100. 100. 100. 100. 100. 100. 100. 100. 100.
  100. 100. 100. 100. 100. 100. 100. 100. 100. 100. 100. 100.]
 [ 95. 111. 111. 114. 112. 115. 113. 116. 119.  82.  72.  69.  70.  77.
   76.  79.  81.  87.  84.  89.  88.  92.  89.  91.  90.  91.  93.  93.
   94.  94.  95.  93.  94.  95.  93.  93.  93.  94.  93.  95.]
 [100. 107. 114. 119. 116. 117. 119. 117. 119.  79.  72.  78.  78.  78.
   83.  85.  85.  86.  88.  89.  86.  86.  87.  89.  89.  90.  90.  90.
   92.  90.  90.  91.  91.  93.  94.  93.  91.  92.  93.  92.]]
##############################
[[ 39.  48.  53.  51.  56.  50.  52.  54.  50.  52.  33.  37.  48.  46.
   56.  57.  58.  60.  59.  61.  60.  60.  60.  61.  61.  62.  61.  62.
   64.  64.  61.  62.  62.  65.  60.  61.  64.  65.  61.  61.]
 [150. 150. 150. 150. 150. 150. 150. 150. 150. 150. 100. 100. 100. 100.
  100. 100. 100. 100. 100. 100. 100. 100. 100. 100. 100. 100. 100. 100.
  100. 100. 100. 100. 100. 100. 100. 100. 100. 100. 100. 100.]
 [ 95. 111. 111. 114. 112. 115. 113. 116. 119. 117.  72.  69.  70.  77.
   76.  79.  81.  87.  84.  89.  88.  92.  89.  91.  90.  91.  93.  93.
   94.  94.  95.  93.  94.  95.  93.  93.  93.  94.  93.  95.]
 [100. 107. 114. 119. 116. 117. 119. 117. 119. 119.  72.  78.  78.  78.
   83.  85.  85.  86.  88.  89.  86.  86.  87.  89.  89.  90.  90.  90.
   92.  90.  90.  91.  91.  93.  94.  93.  91.  92.  93.  92.]]
##############################
[[ 39.  48.  53.  51.  56.  50.  52.  54.  50.  52.  48.  37.  48.  46.
   56.  57.  58.  60.  59.  61.  60.  60.  60.  61.  61.  62.  61.  62.
   64.  64.  61.  62.  62.  65.  60.  61.  64.  65.  61.  61.]
 [150. 150. 150. 150. 150. 150. 150. 150. 150. 150. 150. 100. 100. 100.
  100. 100. 100. 100. 100. 100. 100. 100. 100. 100. 100. 100. 100. 100.
  100. 100. 100. 100. 100. 100. 100. 100. 100. 100. 100. 100.]
 [ 95. 111. 111. 114. 112. 115. 113. 116. 119. 117. 108.  69.  70.  77.
   76.  79.  81.  87.  84.  89.  88.  92.  89.  91.  90.  91.  93.  93.
   94.  94.  95.  93.  94.  95.  93.  93.  93.  94.  93.  95.]
 [100. 107. 114. 119. 116. 117. 119. 117. 119. 119. 104.  78.  78.  78.
   83.  85.  85.  86.  88.  89.  86.  86.  87.  89.  89.  90.  90.  90.
   92.  90.  90.  91.  91.  93.  94.  93.  91.  92.  93.  92.]]
##############################
[[ 39.  48.  53.  51.  56.  50.  52.  54.  50.  52.  48.  56.  48.  46.
   56.  57.  58.  60.  59.  61.  60.  60.  60.  61.  61.  62.  61.  62.
   64.  64.  61.  62.  62.  65.  60.  61.  64.  65.  61.  61.]
 [150. 150. 150. 150. 150. 150. 150. 150. 150. 150. 150. 150. 100. 100.
  100. 100. 100. 100. 100. 100. 100. 100. 100. 100. 100. 100. 100. 100.
  100. 100. 100. 100. 100. 100. 100. 100. 100. 100. 100. 100.]
 [ 95. 111. 111. 114. 112. 115. 113. 116. 119. 117. 108. 103.  70.  77.
   76.  79.  81.  87.  84.  89.  88.  92.  89.  91.  90.  91.  93.  93.
   94.  94.  95.  93.  94.  95.  93.  93.  93.  94.  93.  95.]
 [100. 107. 114. 119. 116. 117. 119. 117. 119. 119. 104. 113.  78.  78.
   83.  85.  85.  86.  88.  89.  86.  86.  87.  89.  89.  90.  90.  90.
   92.  90.  90.  91.  91.  93.  94.  93.  91.  92.  93.  92.]]
##############################
[[ 39.  48.  53.  51.  56.  50.  52.  54.  50.  52.  48.  56.  66.  46.
   56.  57.  58.  60.  59.  61.  60.  60.  60.  61.  61.  62.  61.  62.
   64.  64.  61.  62.  62.  65.  60.  61.  64.  65.  61.  61.]
 [150. 150. 150. 150. 150. 150. 150. 150. 150. 150. 150. 150. 150. 100.
  100. 100. 100. 100. 100. 100. 100. 100. 100. 100. 100. 100. 100. 100.
  100. 100. 100. 100. 100. 100. 100. 100. 100. 100. 100. 100.]
 [ 95. 111. 111. 114. 112. 115. 113. 116. 119. 117. 108. 103. 105.  77.
   76.  79.  81.  87.  84.  89.  88.  92.  89.  91.  90.  91.  93.  93.
   94.  94.  95.  93.  94.  95.  93.  93.  93.  94.  93.  95.]
 [100. 107. 114. 119. 116. 117. 119. 117. 119. 119. 104. 113. 115.  78.
   83.  85.  85.  86.  88.  89.  86.  86.  87.  89.  89.  90.  90.  90.
   92.  90.  90.  91.  91.  93.  94.  93.  91.  92.  93.  92.]]
##############################
[[ 39.  48.  53.  51.  56.  50.  52.  54.  50.  52.  48.  56.  66.  63.
   56.  57.  58.  60.  59.  61.  60.  60.  60.  61.  61.  62.  61.  62.
   64.  64.  61.  62.  62.  65.  60.  61.  64.  65.  61.  61.]
 [150. 150. 150. 150. 150. 150. 150. 150. 150. 150. 150. 150. 150. 150.
  100. 100. 100. 100. 100. 100. 100. 100. 100. 100. 100. 100. 100. 100.
  100. 100. 100. 100. 100. 100. 100. 100. 100. 100. 100. 100.]
 [ 95. 111. 111. 114. 112. 115. 113. 116. 119. 117. 108. 103. 105. 114.
   76.  79.  81.  87.  84.  89.  88.  92.  89.  91.  90.  91.  93.  93.
   94.  94.  95.  93.  94.  95.  93.  93.  93.  94.  93.  95.]
 [100. 107. 114. 119. 116. 117. 119. 117. 119. 119. 104. 113. 115. 114.
   83.  85.  85.  86.  88.  89.  86.  86.  87.  89.  89.  90.  90.  90.
   92.  90.  90.  91.  91.  93.  94.  93.  91.  92.  93.  92.]]
##############################
[[ 39.  48.  53.  51.  56.  50.  52.  54.  50.  52.  48.  56.  66.  63.
   78.  57.  58.  60.  59.  61.  60.  60.  60.  61.  61.  62.  61.  62.
   64.  64.  61.  62.  62.  65.  60.  61.  64.  65.  61.  61.]
 [150. 150. 150. 150. 150. 150. 150. 150. 150. 150. 150. 150. 150. 150.
  149. 100. 100. 100. 100. 100. 100. 100. 100. 100. 100. 100. 100. 100.
  100. 100. 100. 100. 100. 100. 100. 100. 100. 100. 100. 100.]
 [ 95. 111. 111. 114. 112. 115. 113. 116. 119. 117. 108. 103. 105. 114.
  112.  79.  81.  87.  84.  89.  88.  92.  89.  91.  90.  91.  93.  93.
   94.  94.  95.  93.  94.  95.  93.  93.  93.  94.  93.  95.]
 [100. 107. 114. 119. 116. 117. 119. 117. 119. 119. 104. 113. 115. 114.
  122.  85.  85.  86.  88.  89.  86.  86.  87.  89.  89.  90.  90.  90.
   92.  90.  90.  91.  91.  93.  94.  93.  91.  92.  93.  92.]]
##############################
[[ 39.  48.  53.  51.  56.  50.  52.  54.  50.  52.  48.  56.  66.  63.
   78.  80.  58.  60.  59.  61.  60.  60.  60.  61.  61.  62.  61.  62.
   64.  64.  61.  62.  62.  65.  60.  61.  64.  65.  61.  61.]
 [150. 150. 150. 150. 150. 150. 150. 150. 150. 150. 150. 150. 150. 150.
  149. 150. 100. 100. 100. 100. 100. 100. 100. 100. 100. 100. 100. 100.
  100. 100. 100. 100. 100. 100. 100. 100. 100. 100. 100. 100.]
 [ 95. 111. 111. 114. 112. 115. 113. 116. 119. 117. 108. 103. 105. 114.
  112. 117.  81.  87.  84.  89.  88.  92.  89.  91.  90.  91.  93.  93.
   94.  94.  95.  93.  94.  95.  93.  93.  93.  94.  93.  95.]
 [100. 107. 114. 119. 116. 117. 119. 117. 119. 119. 104. 113. 115. 114.
  122. 122.  85.  86.  88.  89.  86.  86.  87.  89.  89.  90.  90.  90.
   92.  90.  90.  91.  91.  93.  94.  93.  91.  92.  93.  92.]]
##############################
[[ 39.  48.  53.  51.  56.  50.  52.  54.  50.  52.  48.  56.  66.  63.
   78.  80.  80.  60.  59.  61.  60.  60.  60.  61.  61.  62.  61.  62.
   64.  64.  61.  62.  62.  65.  60.  61.  64.  65.  61.  61.]
 [150. 150. 150. 150. 150. 150. 150. 150. 150. 150. 150. 150. 150. 150.
  149. 150. 150. 100. 100. 100. 100. 100. 100. 100. 100. 100. 100. 100.
  100. 100. 100. 100. 100. 100. 100. 100. 100. 100. 100. 100.]
 [ 95. 111. 111. 114. 112. 115. 113. 116. 119. 117. 108. 103. 105. 114.
  112. 117. 119.  87.  84.  89.  88.  92.  89.  91.  90.  91.  93.  93.
   94.  94.  95.  93.  94.  95.  93.  93.  93.  94.  93.  95.]
 [100. 107. 114. 119. 116. 117. 119. 117. 119. 119. 104. 113. 115. 114.
  122. 122. 123.  86.  88.  89.  86.  86.  87.  89.  89.  90.  90.  90.
   92.  90.  90.  91.  91.  93.  94.  93.  91.  92.  93.  92.]]
##############################
[[ 39.  48.  53.  51.  56.  50.  52.  54.  50.  52.  48.  56.  66.  63.
   78.  80.  80.  83.  59.  61.  60.  60.  60.  61.  61.  62.  61.  62.
   64.  64.  61.  62.  62.  65.  60.  61.  64.  65.  61.  61.]
 [150. 150. 150. 150. 150. 150. 150. 150. 150. 150. 150. 150. 150. 150.
  149. 150. 150. 149. 100. 100. 100. 100. 100. 100. 100. 100. 100. 100.
  100. 100. 100. 100. 100. 100. 100. 100. 100. 100. 100. 100.]
 [ 95. 111. 111. 114. 112. 115. 113. 116. 119. 117. 108. 103. 105. 114.
  112. 117. 119. 126.  84.  89.  88.  92.  89.  91.  90.  91.  93.  93.
   94.  94.  95.  93.  94.  95.  93.  93.  93.  94.  93.  95.]
 [100. 107. 114. 119. 116. 117. 119. 117. 119. 119. 104. 113. 115. 114.
  122. 122. 123. 124.  88.  89.  86.  86.  87.  89.  89.  90.  90.  90.
   92.  90.  90.  91.  91.  93.  94.  93.  91.  92.  93.  92.]]
##############################
[[ 39.  48.  53.  51.  56.  50.  52.  54.  50.  52.  48.  56.  66.  63.
   78.  80.  80.  83.  80.  61.  60.  60.  60.  61.  61.  62.  61.  62.
   64.  64.  61.  62.  62.  65.  60.  61.  64.  65.  61.  61.]
 [150. 150. 150. 150. 150. 150. 150. 150. 150. 150. 150. 150. 150. 150.
  149. 150. 150. 149. 150. 100. 100. 100. 100. 100. 100. 100. 100. 100.
  100. 100. 100. 100. 100. 100. 100. 100. 100. 100. 100. 100.]
 [ 95. 111. 111. 114. 112. 115. 113. 116. 119. 117. 108. 103. 105. 114.
  112. 117. 119. 126. 123.  89.  88.  92.  89.  91.  90.  91.  93.  93.
   94.  94.  95.  93.  94.  95.  93.  93.  93.  94.  93.  95.]
 [100. 107. 114. 119. 116. 117. 119. 117. 119. 119. 104. 113. 115. 114.
  122. 122. 123. 124. 128.  89.  86.  86.  87.  89.  89.  90.  90.  90.
   92.  90.  90.  91.  91.  93.  94.  93.  91.  92.  93.  92.]]
##############################
[[ 39.  48.  53.  51.  56.  50.  52.  54.  50.  52.  48.  56.  66.  63.
   78.  80.  80.  83.  80.  83.  60.  60.  60.  61.  61.  62.  61.  62.
   64.  64.  61.  62.  62.  65.  60.  61.  64.  65.  61.  61.]
 [150. 150. 150. 150. 150. 150. 150. 150. 150. 150. 150. 150. 150. 150.
  149. 150. 150. 149. 150. 150. 100. 100. 100. 100. 100. 100. 100. 100.
  100. 100. 100. 100. 100. 100. 100. 100. 100. 100. 100. 100.]
 [ 95. 111. 111. 114. 112. 115. 113. 116. 119. 117. 108. 103. 105. 114.
  112. 117. 119. 126. 123. 129.  88.  92.  89.  91.  90.  91.  93.  93.
   94.  94.  95.  93.  94.  95.  93.  93.  93.  94.  93.  95.]
 [100. 107. 114. 119. 116. 117. 119. 117. 119. 119. 104. 113. 115. 114.
  122. 122. 123. 124. 128. 129.  86.  86.  87.  89.  89.  90.  90.  90.
   92.  90.  90.  91.  91.  93.  94.  93.  91.  92.  93.  92.]]
##############################
[[ 39.  48.  53.  51.  56.  50.  52.  54.  50.  52.  48.  56.  66.  63.
   78.  80.  80.  83.  80.  83.  81.  60.  60.  61.  61.  62.  61.  62.
   64.  64.  61.  62.  62.  65.  60.  61.  64.  65.  61.  61.]
 [150. 150. 150. 150. 150. 150. 150. 150. 150. 150. 150. 150. 150. 150.
  149. 150. 150. 149. 150. 150. 150. 100. 100. 100. 100. 100. 100. 100.
  100. 100. 100. 100. 100. 100. 100. 100. 100. 100. 100. 100.]
 [ 95. 111. 111. 114. 112. 115. 113. 116. 119. 117. 108. 103. 105. 114.
  112. 117. 119. 126. 123. 129. 128.  92.  89.  91.  90.  91.  93.  93.
   94.  94.  95.  93.  94.  95.  93.  93.  93.  94.  93.  95.]
 [100. 107. 114. 119. 116. 117. 119. 117. 119. 119. 104. 113. 115. 114.
  122. 122. 123. 124. 128. 129. 123.  86.  87.  89.  89.  90.  90.  90.
   92.  90.  90.  91.  91.  93.  94.  93.  91.  92.  93.  92.]]
##############################
[[ 39.  48.  53.  51.  56.  50.  52.  54.  50.  52.  48.  56.  66.  63.
   78.  80.  80.  83.  80.  83.  81.  82.  60.  61.  61.  62.  61.  62.
   64.  64.  61.  62.  62.  65.  60.  61.  64.  65.  61.  61.]
 [150. 150. 150. 150. 150. 150. 150. 150. 150. 150. 150. 150. 150. 150.
  149. 150. 150. 149. 150. 150. 150. 150. 100. 100. 100. 100. 100. 100.
  100. 100. 100. 100. 100. 100. 100. 100. 100. 100. 100. 100.]
 [ 95. 111. 111. 114. 112. 115. 113. 116. 119. 117. 108. 103. 105. 114.
  112. 117. 119. 126. 123. 129. 128. 132.  89.  91.  90.  91.  93.  93.
   94.  94.  95.  93.  94.  95.  93.  93.  93.  94.  93.  95.]
 [100. 107. 114. 119. 116. 117. 119. 117. 119. 119. 104. 113. 115. 114.
  122. 122. 123. 124. 128. 129. 123. 126.  87.  89.  89.  90.  90.  90.
   92.  90.  90.  91.  91.  93.  94.  93.  91.  92.  93.  92.]]
##############################
[[ 39.  48.  53.  51.  56.  50.  52.  54.  50.  52.  48.  56.  66.  63.
   78.  80.  80.  83.  80.  83.  81.  82.  81.  61.  61.  62.  61.  62.
   64.  64.  61.  62.  62.  65.  60.  61.  64.  65.  61.  61.]
 [150. 150. 150. 150. 150. 150. 150. 150. 150. 150. 150. 150. 150. 150.
  149. 150. 150. 149. 150. 150. 150. 150. 150. 100. 100. 100. 100. 100.
  100. 100. 100. 100. 100. 100. 100. 100. 100. 100. 100. 100.]
 [ 95. 111. 111. 114. 112. 115. 113. 116. 119. 117. 108. 103. 105. 114.
  112. 117. 119. 126. 123. 129. 128. 132. 132.  91.  90.  91.  93.  93.
   94.  94.  95.  93.  94.  95.  93.  93.  93.  94.  93.  95.]
 [100. 107. 114. 119. 116. 117. 119. 117. 119. 119. 104. 113. 115. 114.
  122. 122. 123. 124. 128. 129. 123. 126. 125.  89.  89.  90.  90.  90.
   92.  90.  90.  91.  91.  93.  94.  93.  91.  92.  93.  92.]]
##############################
[[ 39.  48.  53.  51.  56.  50.  52.  54.  50.  52.  48.  56.  66.  63.
   78.  80.  80.  83.  80.  83.  81.  82.  81.  79.  61.  62.  61.  62.
   64.  64.  61.  62.  62.  65.  60.  61.  64.  65.  61.  61.]
 [150. 150. 150. 150. 150. 150. 150. 150. 150. 150. 150. 150. 150. 150.
  149. 150. 150. 149. 150. 150. 150. 150. 150. 150. 100. 100. 100. 100.
  100. 100. 100. 100. 100. 100. 100. 100. 100. 100. 100. 100.]
 [ 95. 111. 111. 114. 112. 115. 113. 116. 119. 117. 108. 103. 105. 114.
  112. 117. 119. 126. 123. 129. 128. 132. 132. 132.  90.  91.  93.  93.
   94.  94.  95.  93.  94.  95.  93.  93.  93.  94.  93.  95.]
 [100. 107. 114. 119. 116. 117. 119. 117. 119. 119. 104. 113. 115. 114.
  122. 122. 123. 124. 128. 129. 123. 126. 125. 129.  89.  90.  90.  90.
   92.  90.  90.  91.  91.  93.  94.  93.  91.  92.  93.  92.]]
##############################
[[ 39.  48.  53.  51.  56.  50.  52.  54.  50.  52.  48.  56.  66.  63.
   78.  80.  80.  83.  80.  83.  81.  82.  81.  79.  82.  62.  61.  62.
   64.  64.  61.  62.  62.  65.  60.  61.  64.  65.  61.  61.]
 [150. 150. 150. 150. 150. 150. 150. 150. 150. 150. 150. 150. 150. 150.
  149. 150. 150. 149. 150. 150. 150. 150. 150. 150. 150. 100. 100. 100.
  100. 100. 100. 100. 100. 100. 100. 100. 100. 100. 100. 100.]
 [ 95. 111. 111. 114. 112. 115. 113. 116. 119. 117. 108. 103. 105. 114.
  112. 117. 119. 126. 123. 129. 128. 132. 132. 132. 133.  91.  93.  93.
   94.  94.  95.  93.  94.  95.  93.  93.  93.  94.  93.  95.]
 [100. 107. 114. 119. 116. 117. 119. 117. 119. 119. 104. 113. 115. 114.
  122. 122. 123. 124. 128. 129. 123. 126. 125. 129. 130.  90.  90.  90.
   92.  90.  90.  91.  91.  93.  94.  93.  91.  92.  93.  92.]]
##############################
[[ 39.  48.  53.  51.  56.  50.  52.  54.  50.  52.  48.  56.  66.  63.
   78.  80.  80.  83.  80.  83.  81.  82.  81.  79.  82.  84.  61.  62.
   64.  64.  61.  62.  62.  65.  60.  61.  64.  65.  61.  61.]
 [150. 150. 150. 150. 150. 150. 150. 150. 150. 150. 150. 150. 150. 150.
  149. 150. 150. 149. 150. 150. 150. 150. 150. 150. 150. 150. 100. 100.
  100. 100. 100. 100. 100. 100. 100. 100. 100. 100. 100. 100.]
 [ 95. 111. 111. 114. 112. 115. 113. 116. 119. 117. 108. 103. 105. 114.
  112. 117. 119. 126. 123. 129. 128. 132. 132. 132. 133. 134.  93.  93.
   94.  94.  95.  93.  94.  95.  93.  93.  93.  94.  93.  95.]
 [100. 107. 114. 119. 116. 117. 119. 117. 119. 119. 104. 113. 115. 114.
  122. 122. 123. 124. 128. 129. 123. 126. 125. 129. 130. 130.  90.  90.
   92.  90.  90.  91.  91.  93.  94.  93.  91.  92.  93.  92.]]
##############################
[[ 39.  48.  53.  51.  56.  50.  52.  54.  50.  52.  48.  56.  66.  63.
   78.  80.  80.  83.  80.  83.  81.  82.  81.  79.  82.  84.  82.  62.
   64.  64.  61.  62.  62.  65.  60.  61.  64.  65.  61.  61.]
 [150. 150. 150. 150. 150. 150. 150. 150. 150. 150. 150. 150. 150. 150.
  149. 150. 150. 149. 150. 150. 150. 150. 150. 150. 150. 150. 149. 100.
  100. 100. 100. 100. 100. 100. 100. 100. 100. 100. 100. 100.]
 [ 95. 111. 111. 114. 112. 115. 113. 116. 119. 117. 108. 103. 105. 114.
  112. 117. 119. 126. 123. 129. 128. 132. 132. 132. 133. 134. 137.  93.
   94.  94.  95.  93.  94.  95.  93.  93.  93.  94.  93.  95.]
 [100. 107. 114. 119. 116. 117. 119. 117. 119. 119. 104. 113. 115. 114.
  122. 122. 123. 124. 128. 129. 123. 126. 125. 129. 130. 130. 129.  90.
   92.  90.  90.  91.  91.  93.  94.  93.  91.  92.  93.  92.]]
##############################
[[ 39.  48.  53.  51.  56.  50.  52.  54.  50.  52.  48.  56.  66.  63.
   78.  80.  80.  83.  80.  83.  81.  82.  81.  79.  82.  84.  82.  83.
   64.  64.  61.  62.  62.  65.  60.  61.  64.  65.  61.  61.]
 [150. 150. 150. 150. 150. 150. 150. 150. 150. 150. 150. 150. 150. 150.
  149. 150. 150. 149. 150. 150. 150. 150. 150. 150. 150. 150. 149. 150.
  100. 100. 100. 100. 100. 100. 100. 100. 100. 100. 100. 100.]
 [ 95. 111. 111. 114. 112. 115. 113. 116. 119. 117. 108. 103. 105. 114.
  112. 117. 119. 126. 123. 129. 128. 132. 132. 132. 133. 134. 137. 137.
   94.  94.  95.  93.  94.  95.  93.  93.  93.  94.  93.  95.]
 [100. 107. 114. 119. 116. 117. 119. 117. 119. 119. 104. 113. 115. 114.
  122. 122. 123. 124. 128. 129. 123. 126. 125. 129. 130. 130. 129. 127.
   92.  90.  90.  91.  91.  93.  94.  93.  91.  92.  93.  92.]]
##############################
[[ 39.  48.  53.  51.  56.  50.  52.  54.  50.  52.  48.  56.  66.  63.
   78.  80.  80.  83.  80.  83.  81.  82.  81.  79.  82.  84.  82.  83.
   85.  64.  61.  62.  62.  65.  60.  61.  64.  65.  61.  61.]
 [150. 150. 150. 150. 150. 150. 150. 150. 150. 150. 150. 150. 150. 150.
  149. 150. 150. 149. 150. 150. 150. 150. 150. 150. 150. 150. 149. 150.
  150. 100. 100. 100. 100. 100. 100. 100. 100. 100. 100. 100.]
 [ 95. 111. 111. 114. 112. 115. 113. 116. 119. 117. 108. 103. 105. 114.
  112. 117. 119. 126. 123. 129. 128. 132. 132. 132. 133. 134. 137. 137.
  137.  94.  95.  93.  94.  95.  93.  93.  93.  94.  93.  95.]
 [100. 107. 114. 119. 116. 117. 119. 117. 119. 119. 104. 113. 115. 114.
  122. 122. 123. 124. 128. 129. 123. 126. 125. 129. 130. 130. 129. 127.
  132.  90.  90.  91.  91.  93.  94.  93.  91.  92.  93.  92.]]
##############################
[[ 39.  48.  53.  51.  56.  50.  52.  54.  50.  52.  48.  56.  66.  63.
   78.  80.  80.  83.  80.  83.  81.  82.  81.  79.  82.  84.  82.  83.
   85.  87.  61.  62.  62.  65.  60.  61.  64.  65.  61.  61.]
 [150. 150. 150. 150. 150. 150. 150. 150. 150. 150. 150. 150. 150. 150.
  149. 150. 150. 149. 150. 150. 150. 150. 150. 150. 150. 150. 149. 150.
  150. 150. 100. 100. 100. 100. 100. 100. 100. 100. 100. 100.]
 [ 95. 111. 111. 114. 112. 115. 113. 116. 119. 117. 108. 103. 105. 114.
  112. 117. 119. 126. 123. 129. 128. 132. 132. 132. 133. 134. 137. 137.
  137. 138.  95.  93.  94.  95.  93.  93.  93.  94.  93.  95.]
 [100. 107. 114. 119. 116. 117. 119. 117. 119. 119. 104. 113. 115. 114.
  122. 122. 123. 124. 128. 129. 123. 126. 125. 129. 130. 130. 129. 127.
  132. 131.  90.  91.  91.  93.  94.  93.  91.  92.  93.  92.]]
##############################
[[ 39.  48.  53.  51.  56.  50.  52.  54.  50.  52.  48.  56.  66.  63.
   78.  80.  80.  83.  80.  83.  81.  82.  81.  79.  82.  84.  82.  83.
   85.  87.  81.  62.  62.  65.  60.  61.  64.  65.  61.  61.]
 [150. 150. 150. 150. 150. 150. 150. 150. 150. 150. 150. 150. 150. 150.
  149. 150. 150. 149. 150. 150. 150. 150. 150. 150. 150. 150. 149. 150.
  150. 150. 150. 100. 100. 100. 100. 100. 100. 100. 100. 100.]
 [ 95. 111. 111. 114. 112. 115. 113. 116. 119. 117. 108. 103. 105. 114.
  112. 117. 119. 126. 123. 129. 128. 132. 132. 132. 133. 134. 137. 137.
  137. 138. 140.  93.  94.  95.  93.  93.  93.  94.  93.  95.]
 [100. 107. 114. 119. 116. 117. 119. 117. 119. 119. 104. 113. 115. 114.
  122. 122. 123. 124. 128. 129. 123. 126. 125. 129. 130. 130. 129. 127.
  132. 131. 130.  91.  91.  93.  94.  93.  91.  92.  93.  92.]]
##############################
[[ 39.  48.  53.  51.  56.  50.  52.  54.  50.  52.  48.  56.  66.  63.
   78.  80.  80.  83.  80.  83.  81.  82.  81.  79.  82.  84.  82.  83.
   85.  87.  81.  84.  62.  65.  60.  61.  64.  65.  61.  61.]
 [150. 150. 150. 150. 150. 150. 150. 150. 150. 150. 150. 150. 150. 150.
  149. 150. 150. 149. 150. 150. 150. 150. 150. 150. 150. 150. 149. 150.
  150. 150. 150. 150. 100. 100. 100. 100. 100. 100. 100. 100.]
 [ 95. 111. 111. 114. 112. 115. 113. 116. 119. 117. 108. 103. 105. 114.
  112. 117. 119. 126. 123. 129. 128. 132. 132. 132. 133. 134. 137. 137.
  137. 138. 140. 138.  94.  95.  93.  93.  93.  94.  93.  95.]
 [100. 107. 114. 119. 116. 117. 119. 117. 119. 119. 104. 113. 115. 114.
  122. 122. 123. 124. 128. 129. 123. 126. 125. 129. 130. 130. 129. 127.
  132. 131. 130. 132.  91.  93.  94.  93.  91.  92.  93.  92.]]
##############################
[[ 39.  48.  53.  51.  56.  50.  52.  54.  50.  52.  48.  56.  66.  63.
   78.  80.  80.  83.  80.  83.  81.  82.  81.  79.  82.  84.  82.  83.
   85.  87.  81.  84.  83.  65.  60.  61.  64.  65.  61.  61.]
 [150. 150. 150. 150. 150. 150. 150. 150. 150. 150. 150. 150. 150. 150.
  149. 150. 150. 149. 150. 150. 150. 150. 150. 150. 150. 150. 149. 150.
  150. 150. 150. 150. 150. 100. 100. 100. 100. 100. 100. 100.]
 [ 95. 111. 111. 114. 112. 115. 113. 116. 119. 117. 108. 103. 105. 114.
  112. 117. 119. 126. 123. 129. 128. 132. 132. 132. 133. 134. 137. 137.
  137. 138. 140. 138. 139.  95.  93.  93.  93.  94.  93.  95.]
 [100. 107. 114. 119. 116. 117. 119. 117. 119. 119. 104. 113. 115. 114.
  122. 122. 123. 124. 128. 129. 123. 126. 125. 129. 130. 130. 129. 127.
  132. 131. 130. 132. 132.  93.  94.  93.  91.  92.  93.  92.]]
##############################
[[ 39.  48.  53.  51.  56.  50.  52.  54.  50.  52.  48.  56.  66.  63.
   78.  80.  80.  83.  80.  83.  81.  82.  81.  79.  82.  84.  82.  83.
   85.  87.  81.  84.  83.  88.  60.  61.  64.  65.  61.  61.]
 [150. 150. 150. 150. 150. 150. 150. 150. 150. 150. 150. 150. 150. 150.
  149. 150. 150. 149. 150. 150. 150. 150. 150. 150. 150. 150. 149. 150.
  150. 150. 150. 150. 150. 150. 100. 100. 100. 100. 100. 100.]
 [ 95. 111. 111. 114. 112. 115. 113. 116. 119. 117. 108. 103. 105. 114.
  112. 117. 119. 126. 123. 129. 128. 132. 132. 132. 133. 134. 137. 137.
  137. 138. 140. 138. 139. 140.  93.  93.  93.  94.  93.  95.]
 [100. 107. 114. 119. 116. 117. 119. 117. 119. 119. 104. 113. 115. 114.
  122. 122. 123. 124. 128. 129. 123. 126. 125. 129. 130. 130. 129. 127.
  132. 131. 130. 132. 132. 133.  94.  93.  91.  92.  93.  92.]]
##############################
[[ 39.  48.  53.  51.  56.  50.  52.  54.  50.  52.  48.  56.  66.  63.
   78.  80.  80.  83.  80.  83.  81.  82.  81.  79.  82.  84.  82.  83.
   85.  87.  81.  84.  83.  88.  83.  61.  64.  65.  61.  61.]
 [150. 150. 150. 150. 150. 150. 150. 150. 150. 150. 150. 150. 150. 150.
  149. 150. 150. 149. 150. 150. 150. 150. 150. 150. 150. 150. 149. 150.
  150. 150. 150. 150. 150. 150. 150. 100. 100. 100. 100. 100.]
 [ 95. 111. 111. 114. 112. 115. 113. 116. 119. 117. 108. 103. 105. 114.
  112. 117. 119. 126. 123. 129. 128. 132. 132. 132. 133. 134. 137. 137.
  137. 138. 140. 138. 139. 140. 137.  93.  93.  94.  93.  95.]
 [100. 107. 114. 119. 116. 117. 119. 117. 119. 119. 104. 113. 115. 114.
  122. 122. 123. 124. 128. 129. 123. 126. 125. 129. 130. 130. 129. 127.
  132. 131. 130. 132. 132. 133. 134.  93.  91.  92.  93.  92.]]
##############################
[[ 39.  48.  53.  51.  56.  50.  52.  54.  50.  52.  48.  56.  66.  63.
   78.  80.  80.  83.  80.  83.  81.  82.  81.  79.  82.  84.  82.  83.
   85.  87.  81.  84.  83.  88.  83.  86.  64.  65.  61.  61.]
 [150. 150. 150. 150. 150. 150. 150. 150. 150. 150. 150. 150. 150. 150.
  149. 150. 150. 149. 150. 150. 150. 150. 150. 150. 150. 150. 149. 150.
  150. 150. 150. 150. 150. 150. 150. 150. 100. 100. 100. 100.]
 [ 95. 111. 111. 114. 112. 115. 113. 116. 119. 117. 108. 103. 105. 114.
  112. 117. 119. 126. 123. 129. 128. 132. 132. 132. 133. 134. 137. 137.
  137. 138. 140. 138. 139. 140. 137. 138.  93.  94.  93.  95.]
 [100. 107. 114. 119. 116. 117. 119. 117. 119. 119. 104. 113. 115. 114.
  122. 122. 123. 124. 128. 129. 123. 126. 125. 129. 130. 130. 129. 127.
  132. 131. 130. 132. 132. 133. 134. 131.  91.  92.  93.  92.]]
##############################
[[ 39.  48.  53.  51.  56.  50.  52.  54.  50.  52.  48.  56.  66.  63.
   78.  80.  80.  83.  80.  83.  81.  82.  81.  79.  82.  84.  82.  83.
   85.  87.  81.  84.  83.  88.  83.  86.  89.  65.  61.  61.]
 [150. 150. 150. 150. 150. 150. 150. 150. 150. 150. 150. 150. 150. 150.
  149. 150. 150. 149. 150. 150. 150. 150. 150. 150. 150. 150. 149. 150.
  150. 150. 150. 150. 150. 150. 150. 150. 150. 100. 100. 100.]
 [ 95. 111. 111. 114. 112. 115. 113. 116. 119. 117. 108. 103. 105. 114.
  112. 117. 119. 126. 123. 129. 128. 132. 132. 132. 133. 134. 137. 137.
  137. 138. 140. 138. 139. 140. 137. 138. 137.  94.  93.  95.]
 [100. 107. 114. 119. 116. 117. 119. 117. 119. 119. 104. 113. 115. 114.
  122. 122. 123. 124. 128. 129. 123. 126. 125. 129. 130. 130. 129. 127.
  132. 131. 130. 132. 132. 133. 134. 131. 132.  92.  93.  92.]]
##############################
[[ 39.  48.  53.  51.  56.  50.  52.  54.  50.  52.  48.  56.  66.  63.
   78.  80.  80.  83.  80.  83.  81.  82.  81.  79.  82.  84.  82.  83.
   85.  87.  81.  84.  83.  88.  83.  86.  89.  88.  61.  61.]
 [150. 150. 150. 150. 150. 150. 150. 150. 150. 150. 150. 150. 150. 150.
  149. 150. 150. 149. 150. 150. 150. 150. 150. 150. 150. 150. 149. 150.
  150. 150. 150. 150. 150. 150. 150. 150. 150. 150. 100. 100.]
 [ 95. 111. 111. 114. 112. 115. 113. 116. 119. 117. 108. 103. 105. 114.
  112. 117. 119. 126. 123. 129. 128. 132. 132. 132. 133. 134. 137. 137.
  137. 138. 140. 138. 139. 140. 137. 138. 137. 138.  93.  95.]
 [100. 107. 114. 119. 116. 117. 119. 117. 119. 119. 104. 113. 115. 114.
  122. 122. 123. 124. 128. 129. 123. 126. 125. 129. 130. 130. 129. 127.
  132. 131. 130. 132. 132. 133. 134. 131. 132. 133.  93.  92.]]
##############################
[[ 39.  48.  53.  51.  56.  50.  52.  54.  50.  52.  48.  56.  66.  63.
   78.  80.  80.  83.  80.  83.  81.  82.  81.  79.  82.  84.  82.  83.
   85.  87.  81.  84.  83.  88.  83.  86.  89.  88.  83.  61.]
 [150. 150. 150. 150. 150. 150. 150. 150. 150. 150. 150. 150. 150. 150.
  149. 150. 150. 149. 150. 150. 150. 150. 150. 150. 150. 150. 149. 150.
  150. 150. 150. 150. 150. 150. 150. 150. 150. 150. 150. 100.]
 [ 95. 111. 111. 114. 112. 115. 113. 116. 119. 117. 108. 103. 105. 114.
  112. 117. 119. 126. 123. 129. 128. 132. 132. 132. 133. 134. 137. 137.
  137. 138. 140. 138. 139. 140. 137. 138. 137. 138. 138.  95.]
 [100. 107. 114. 119. 116. 117. 119. 117. 119. 119. 104. 113. 115. 114.
  122. 122. 123. 124. 128. 129. 123. 126. 125. 129. 130. 130. 129. 127.
  132. 131. 130. 132. 132. 133. 134. 131. 132. 133. 132.  92.]]
##############################
[[ 39.  48.  53.  51.  56.  50.  52.  54.  50.  52.  48.  56.  66.  63.
   78.  80.  80.  83.  80.  83.  81.  82.  81.  79.  82.  84.  82.  83.
   85.  87.  81.  84.  83.  88.  83.  86.  89.  88.  83.  86.]
 [150. 150. 150. 150. 150. 150. 150. 150. 150. 150. 150. 150. 150. 150.
  149. 150. 150. 149. 150. 150. 150. 150. 150. 150. 150. 150. 149. 150.
  150. 150. 150. 150. 150. 150. 150. 150. 150. 150. 150. 150.]
 [ 95. 111. 111. 114. 112. 115. 113. 116. 119. 117. 108. 103. 105. 114.
  112. 117. 119. 126. 123. 129. 128. 132. 132. 132. 133. 134. 137. 137.
  137. 138. 140. 138. 139. 140. 137. 138. 137. 138. 138. 139.]
 [100. 107. 114. 119. 116. 117. 119. 117. 119. 119. 104. 113. 115. 114.
  122. 122. 123. 124. 128. 129. 123. 126. 125. 129. 130. 130. 129. 127.
  132. 131. 130. 132. 132. 133. 134. 131. 132. 133. 132. 131.]]
##############################
##################################################
##################################################
starting :4 batch
[[ 53.  48.  53.  51.  56.  50.  52.  54.  50.  52.  48.  56.  66.  63.
   78.  80.  80.  83.  80.  83.  81.  82.  81.  79.  82.  84.  82.  83.
   85.  87.  81.  84.  83.  88.  83.  86.  89.  88.  83.  86.]
 [200. 150. 150. 150. 150. 150. 150. 150. 150. 150. 150. 150. 150. 150.
  149. 150. 150. 149. 150. 150. 150. 150. 150. 150. 150. 150. 149. 150.
  150. 150. 150. 150. 150. 150. 150. 150. 150. 150. 150. 150.]
 [131. 111. 111. 114. 112. 115. 113. 116. 119. 117. 108. 103. 105. 114.
  112. 117. 119. 126. 123. 129. 128. 132. 132. 132. 133. 134. 137. 137.
  137. 138. 140. 138. 139. 140. 137. 138. 137. 138. 138. 139.]
 [130. 107. 114. 119. 116. 117. 119. 117. 119. 119. 104. 113. 115. 114.
  122. 122. 123. 124. 128. 129. 123. 126. 125. 129. 130. 130. 129. 127.
  132. 131. 130. 132. 132. 133. 134. 131. 132. 133. 132. 131.]]
##############################
[[ 53.  63.  53.  51.  56.  50.  52.  54.  50.  52.  48.  56.  66.  63.
   78.  80.  80.  83.  80.  83.  81.  82.  81.  79.  82.  84.  82.  83.
   85.  87.  81.  84.  83.  88.  83.  86.  89.  88.  83.  86.]
 [200. 200. 150. 150. 150. 150. 150. 150. 150. 150. 150. 150. 150. 150.
  149. 150. 150. 149. 150. 150. 150. 150. 150. 150. 150. 150. 149. 150.
  150. 150. 150. 150. 150. 150. 150. 150. 150. 150. 150. 150.]
 [131. 149. 111. 114. 112. 115. 113. 116. 119. 117. 108. 103. 105. 114.
  112. 117. 119. 126. 123. 129. 128. 132. 132. 132. 133. 134. 137. 137.
  137. 138. 140. 138. 139. 140. 137. 138. 137. 138. 138. 139.]
 [130. 142. 114. 119. 116. 117. 119. 117. 119. 119. 104. 113. 115. 114.
  122. 122. 123. 124. 128. 129. 123. 126. 125. 129. 130. 130. 129. 127.
  132. 131. 130. 132. 132. 133. 134. 131. 132. 133. 132. 131.]]
##############################
[[ 53.  63.  68.  51.  56.  50.  52.  54.  50.  52.  48.  56.  66.  63.
   78.  80.  80.  83.  80.  83.  81.  82.  81.  79.  82.  84.  82.  83.
   85.  87.  81.  84.  83.  88.  83.  86.  89.  88.  83.  86.]
 [200. 200. 200. 150. 150. 150. 150. 150. 150. 150. 150. 150. 150. 150.
  149. 150. 150. 149. 150. 150. 150. 150. 150. 150. 150. 150. 149. 150.
  150. 150. 150. 150. 150. 150. 150. 150. 150. 150. 150. 150.]
 [131. 149. 151. 114. 112. 115. 113. 116. 119. 117. 108. 103. 105. 114.
  112. 117. 119. 126. 123. 129. 128. 132. 132. 132. 133. 134. 137. 137.
  137. 138. 140. 138. 139. 140. 137. 138. 137. 138. 138. 139.]
 [130. 142. 149. 119. 116. 117. 119. 117. 119. 119. 104. 113. 115. 114.
  122. 122. 123. 124. 128. 129. 123. 126. 125. 129. 130. 130. 129. 127.
  132. 131. 130. 132. 132. 133. 134. 131. 132. 133. 132. 131.]]
##############################
[[ 53.  63.  68.  66.  56.  50.  52.  54.  50.  52.  48.  56.  66.  63.
   78.  80.  80.  83.  80.  83.  81.  82.  81.  79.  82.  84.  82.  83.
   85.  87.  81.  84.  83.  88.  83.  86.  89.  88.  83.  86.]
 [200. 200. 200. 200. 150. 150. 150. 150. 150. 150. 150. 150. 150. 150.
  149. 150. 150. 149. 150. 150. 150. 150. 150. 150. 150. 150. 149. 150.
  150. 150. 150. 150. 150. 150. 150. 150. 150. 150. 150. 150.]
 [131. 149. 151. 153. 112. 115. 113. 116. 119. 117. 108. 103. 105. 114.
  112. 117. 119. 126. 123. 129. 128. 132. 132. 132. 133. 134. 137. 137.
  137. 138. 140. 138. 139. 140. 137. 138. 137. 138. 138. 139.]
 [130. 142. 149. 152. 116. 117. 119. 117. 119. 119. 104. 113. 115. 114.
  122. 122. 123. 124. 128. 129. 123. 126. 125. 129. 130. 130. 129. 127.
  132. 131. 130. 132. 132. 133. 134. 131. 132. 133. 132. 131.]]
##############################
[[ 53.  63.  68.  66.  68.  50.  52.  54.  50.  52.  48.  56.  66.  63.
   78.  80.  80.  83.  80.  83.  81.  82.  81.  79.  82.  84.  82.  83.
   85.  87.  81.  84.  83.  88.  83.  86.  89.  88.  83.  86.]
 [200. 200. 200. 200. 200. 150. 150. 150. 150. 150. 150. 150. 150. 150.
  149. 150. 150. 149. 150. 150. 150. 150. 150. 150. 150. 150. 149. 150.
  150. 150. 150. 150. 150. 150. 150. 150. 150. 150. 150. 150.]
 [131. 149. 151. 153. 151. 115. 113. 116. 119. 117. 108. 103. 105. 114.
  112. 117. 119. 126. 123. 129. 128. 132. 132. 132. 133. 134. 137. 137.
  137. 138. 140. 138. 139. 140. 137. 138. 137. 138. 138. 139.]
 [130. 142. 149. 152. 154. 117. 119. 117. 119. 119. 104. 113. 115. 114.
  122. 122. 123. 124. 128. 129. 123. 126. 125. 129. 130. 130. 129. 127.
  132. 131. 130. 132. 132. 133. 134. 131. 132. 133. 132. 131.]]
##############################
[[ 53.  63.  68.  66.  68.  65.  52.  54.  50.  52.  48.  56.  66.  63.
   78.  80.  80.  83.  80.  83.  81.  82.  81.  79.  82.  84.  82.  83.
   85.  87.  81.  84.  83.  88.  83.  86.  89.  88.  83.  86.]
 [200. 200. 200. 200. 200. 200. 150. 150. 150. 150. 150. 150. 150. 150.
  149. 150. 150. 149. 150. 150. 150. 150. 150. 150. 150. 150. 149. 150.
  150. 150. 150. 150. 150. 150. 150. 150. 150. 150. 150. 150.]
 [131. 149. 151. 153. 151. 155. 113. 116. 119. 117. 108. 103. 105. 114.
  112. 117. 119. 126. 123. 129. 128. 132. 132. 132. 133. 134. 137. 137.
  137. 138. 140. 138. 139. 140. 137. 138. 137. 138. 138. 139.]
 [130. 142. 149. 152. 154. 154. 119. 117. 119. 119. 104. 113. 115. 114.
  122. 122. 123. 124. 128. 129. 123. 126. 125. 129. 130. 130. 129. 127.
  132. 131. 130. 132. 132. 133. 134. 131. 132. 133. 132. 131.]]
##############################
[[ 53.  63.  68.  66.  68.  65.  65.  54.  50.  52.  48.  56.  66.  63.
   78.  80.  80.  83.  80.  83.  81.  82.  81.  79.  82.  84.  82.  83.
   85.  87.  81.  84.  83.  88.  83.  86.  89.  88.  83.  86.]
 [200. 200. 200. 200. 200. 200. 200. 150. 150. 150. 150. 150. 150. 150.
  149. 150. 150. 149. 150. 150. 150. 150. 150. 150. 150. 150. 149. 150.
  150. 150. 150. 150. 150. 150. 150. 150. 150. 150. 150. 150.]
 [131. 149. 151. 153. 151. 155. 151. 116. 119. 117. 108. 103. 105. 114.
  112. 117. 119. 126. 123. 129. 128. 132. 132. 132. 133. 134. 137. 137.
  137. 138. 140. 138. 139. 140. 137. 138. 137. 138. 138. 139.]
 [130. 142. 149. 152. 154. 154. 156. 117. 119. 119. 104. 113. 115. 114.
  122. 122. 123. 124. 128. 129. 123. 126. 125. 129. 130. 130. 129. 127.
  132. 131. 130. 132. 132. 133. 134. 131. 132. 133. 132. 131.]]
##############################
[[ 53.  63.  68.  66.  68.  65.  65.  64.  50.  52.  48.  56.  66.  63.
   78.  80.  80.  83.  80.  83.  81.  82.  81.  79.  82.  84.  82.  83.
   85.  87.  81.  84.  83.  88.  83.  86.  89.  88.  83.  86.]
 [200. 200. 200. 200. 200. 200. 200. 200. 150. 150. 150. 150. 150. 150.
  149. 150. 150. 149. 150. 150. 150. 150. 150. 150. 150. 150. 149. 150.
  150. 150. 150. 150. 150. 150. 150. 150. 150. 150. 150. 150.]
 [131. 149. 151. 153. 151. 155. 151. 156. 119. 117. 108. 103. 105. 114.
  112. 117. 119. 126. 123. 129. 128. 132. 132. 132. 133. 134. 137. 137.
  137. 138. 140. 138. 139. 140. 137. 138. 137. 138. 138. 139.]
 [130. 142. 149. 152. 154. 154. 156. 153. 119. 119. 104. 113. 115. 114.
  122. 122. 123. 124. 128. 129. 123. 126. 125. 129. 130. 130. 129. 127.
  132. 131. 130. 132. 132. 133. 134. 131. 132. 133. 132. 131.]]
##############################
[[ 53.  63.  68.  66.  68.  65.  65.  64.  63.  52.  48.  56.  66.  63.
   78.  80.  80.  83.  80.  83.  81.  82.  81.  79.  82.  84.  82.  83.
   85.  87.  81.  84.  83.  88.  83.  86.  89.  88.  83.  86.]
 [200. 200. 200. 200. 200. 200. 200. 200. 200. 150. 150. 150. 150. 150.
  149. 150. 150. 149. 150. 150. 150. 150. 150. 150. 150. 150. 149. 150.
  150. 150. 150. 150. 150. 150. 150. 150. 150. 150. 150. 150.]
 [131. 149. 151. 153. 151. 155. 151. 156. 159. 117. 108. 103. 105. 114.
  112. 117. 119. 126. 123. 129. 128. 132. 132. 132. 133. 134. 137. 137.
  137. 138. 140. 138. 139. 140. 137. 138. 137. 138. 138. 139.]
 [130. 142. 149. 152. 154. 154. 156. 153. 156. 119. 104. 113. 115. 114.
  122. 122. 123. 124. 128. 129. 123. 126. 125. 129. 130. 130. 129. 127.
  132. 131. 130. 132. 132. 133. 134. 131. 132. 133. 132. 131.]]
##############################
[[ 53.  63.  68.  66.  68.  65.  65.  64.  63.  65.  48.  56.  66.  63.
   78.  80.  80.  83.  80.  83.  81.  82.  81.  79.  82.  84.  82.  83.
   85.  87.  81.  84.  83.  88.  83.  86.  89.  88.  83.  86.]
 [200. 200. 200. 200. 200. 200. 200. 200. 200. 200. 150. 150. 150. 150.
  149. 150. 150. 149. 150. 150. 150. 150. 150. 150. 150. 150. 149. 150.
  150. 150. 150. 150. 150. 150. 150. 150. 150. 150. 150. 150.]
 [131. 149. 151. 153. 151. 155. 151. 156. 159. 156. 108. 103. 105. 114.
  112. 117. 119. 126. 123. 129. 128. 132. 132. 132. 133. 134. 137. 137.
  137. 138. 140. 138. 139. 140. 137. 138. 137. 138. 138. 139.]
 [130. 142. 149. 152. 154. 154. 156. 153. 156. 157. 104. 113. 115. 114.
  122. 122. 123. 124. 128. 129. 123. 126. 125. 129. 130. 130. 129. 127.
  132. 131. 130. 132. 132. 133. 134. 131. 132. 133. 132. 131.]]
##############################
[[ 53.  63.  68.  66.  68.  65.  65.  64.  63.  65.  63.  56.  66.  63.
   78.  80.  80.  83.  80.  83.  81.  82.  81.  79.  82.  84.  82.  83.
   85.  87.  81.  84.  83.  88.  83.  86.  89.  88.  83.  86.]
 [200. 200. 200. 200. 200. 200. 200. 200. 200. 200. 200. 150. 150. 150.
  149. 150. 150. 149. 150. 150. 150. 150. 150. 150. 150. 150. 149. 150.
  150. 150. 150. 150. 150. 150. 150. 150. 150. 150. 150. 150.]
 [131. 149. 151. 153. 151. 155. 151. 156. 159. 156. 142. 103. 105. 114.
  112. 117. 119. 126. 123. 129. 128. 132. 132. 132. 133. 134. 137. 137.
  137. 138. 140. 138. 139. 140. 137. 138. 137. 138. 138. 139.]
 [130. 142. 149. 152. 154. 154. 156. 153. 156. 157. 139. 113. 115. 114.
  122. 122. 123. 124. 128. 129. 123. 126. 125. 129. 130. 130. 129. 127.
  132. 131. 130. 132. 132. 133. 134. 131. 132. 133. 132. 131.]]
##############################
[[ 53.  63.  68.  66.  68.  65.  65.  64.  63.  65.  63.  70.  66.  63.
   78.  80.  80.  83.  80.  83.  81.  82.  81.  79.  82.  84.  82.  83.
   85.  87.  81.  84.  83.  88.  83.  86.  89.  88.  83.  86.]
 [200. 200. 200. 200. 200. 200. 200. 200. 200. 200. 200. 200. 150. 150.
  149. 150. 150. 149. 150. 150. 150. 150. 150. 150. 150. 150. 149. 150.
  150. 150. 150. 150. 150. 150. 150. 150. 150. 150. 150. 150.]
 [131. 149. 151. 153. 151. 155. 151. 156. 159. 156. 142. 137. 105. 114.
  112. 117. 119. 126. 123. 129. 128. 132. 132. 132. 133. 134. 137. 137.
  137. 138. 140. 138. 139. 140. 137. 138. 137. 138. 138. 139.]
 [130. 142. 149. 152. 154. 154. 156. 153. 156. 157. 139. 148. 115. 114.
  122. 122. 123. 124. 128. 129. 123. 126. 125. 129. 130. 130. 129. 127.
  132. 131. 130. 132. 132. 133. 134. 131. 132. 133. 132. 131.]]
##############################
[[ 53.  63.  68.  66.  68.  65.  65.  64.  63.  65.  63.  70.  83.  63.
   78.  80.  80.  83.  80.  83.  81.  82.  81.  79.  82.  84.  82.  83.
   85.  87.  81.  84.  83.  88.  83.  86.  89.  88.  83.  86.]
 [200. 200. 200. 200. 200. 200. 200. 200. 200. 200. 200. 200. 200. 150.
  149. 150. 150. 149. 150. 150. 150. 150. 150. 150. 150. 150. 149. 150.
  150. 150. 150. 150. 150. 150. 150. 150. 150. 150. 150. 150.]
 [131. 149. 151. 153. 151. 155. 151. 156. 159. 156. 142. 137. 141. 114.
  112. 117. 119. 126. 123. 129. 128. 132. 132. 132. 133. 134. 137. 137.
  137. 138. 140. 138. 139. 140. 137. 138. 137. 138. 138. 139.]
 [130. 142. 149. 152. 154. 154. 156. 153. 156. 157. 139. 148. 154. 114.
  122. 122. 123. 124. 128. 129. 123. 126. 125. 129. 130. 130. 129. 127.
  132. 131. 130. 132. 132. 133. 134. 131. 132. 133. 132. 131.]]
##############################
[[ 53.  63.  68.  66.  68.  65.  65.  64.  63.  65.  63.  70.  83.  80.
   78.  80.  80.  83.  80.  83.  81.  82.  81.  79.  82.  84.  82.  83.
   85.  87.  81.  84.  83.  88.  83.  86.  89.  88.  83.  86.]
 [200. 200. 200. 200. 200. 200. 200. 200. 200. 200. 200. 200. 200. 199.
  149. 150. 150. 149. 150. 150. 150. 150. 150. 150. 150. 150. 149. 150.
  150. 150. 150. 150. 150. 150. 150. 150. 150. 150. 150. 150.]
 [131. 149. 151. 153. 151. 155. 151. 156. 159. 156. 142. 137. 141. 153.
  112. 117. 119. 126. 123. 129. 128. 132. 132. 132. 133. 134. 137. 137.
  137. 138. 140. 138. 139. 140. 137. 138. 137. 138. 138. 139.]
 [130. 142. 149. 152. 154. 154. 156. 153. 156. 157. 139. 148. 154. 152.
  122. 122. 123. 124. 128. 129. 123. 126. 125. 129. 130. 130. 129. 127.
  132. 131. 130. 132. 132. 133. 134. 131. 132. 133. 132. 131.]]
##############################
[[ 53.  63.  68.  66.  68.  65.  65.  64.  63.  65.  63.  70.  83.  80.
   96.  80.  80.  83.  80.  83.  81.  82.  81.  79.  82.  84.  82.  83.
   85.  87.  81.  84.  83.  88.  83.  86.  89.  88.  83.  86.]
 [200. 200. 200. 200. 200. 200. 200. 200. 200. 200. 200. 200. 200. 199.
  198. 150. 150. 149. 150. 150. 150. 150. 150. 150. 150. 150. 149. 150.
  150. 150. 150. 150. 150. 150. 150. 150. 150. 150. 150. 150.]
 [131. 149. 151. 153. 151. 155. 151. 156. 159. 156. 142. 137. 141. 153.
  152. 117. 119. 126. 123. 129. 128. 132. 132. 132. 133. 134. 137. 137.
  137. 138. 140. 138. 139. 140. 137. 138. 137. 138. 138. 139.]
 [130. 142. 149. 152. 154. 154. 156. 153. 156. 157. 139. 148. 154. 152.
  161. 122. 123. 124. 128. 129. 123. 126. 125. 129. 130. 130. 129. 127.
  132. 131. 130. 132. 132. 133. 134. 131. 132. 133. 132. 131.]]
##############################
[[ 53.  63.  68.  66.  68.  65.  65.  64.  63.  65.  63.  70.  83.  80.
   96.  99.  80.  83.  80.  83.  81.  82.  81.  79.  82.  84.  82.  83.
   85.  87.  81.  84.  83.  88.  83.  86.  89.  88.  83.  86.]
 [200. 200. 200. 200. 200. 200. 200. 200. 200. 200. 200. 200. 200. 199.
  198. 200. 150. 149. 150. 150. 150. 150. 150. 150. 150. 150. 149. 150.
  150. 150. 150. 150. 150. 150. 150. 150. 150. 150. 150. 150.]
 [131. 149. 151. 153. 151. 155. 151. 156. 159. 156. 142. 137. 141. 153.
  152. 158. 119. 126. 123. 129. 128. 132. 132. 132. 133. 134. 137. 137.
  137. 138. 140. 138. 139. 140. 137. 138. 137. 138. 138. 139.]
 [130. 142. 149. 152. 154. 154. 156. 153. 156. 157. 139. 148. 154. 152.
  161. 164. 123. 124. 128. 129. 123. 126. 125. 129. 130. 130. 129. 127.
  132. 131. 130. 132. 132. 133. 134. 131. 132. 133. 132. 131.]]
##############################
[[ 53.  63.  68.  66.  68.  65.  65.  64.  63.  65.  63.  70.  83.  80.
   96.  99. 101.  83.  80.  83.  81.  82.  81.  79.  82.  84.  82.  83.
   85.  87.  81.  84.  83.  88.  83.  86.  89.  88.  83.  86.]
 [200. 200. 200. 200. 200. 200. 200. 200. 200. 200. 200. 200. 200. 199.
  198. 200. 200. 149. 150. 150. 150. 150. 150. 150. 150. 150. 149. 150.
  150. 150. 150. 150. 150. 150. 150. 150. 150. 150. 150. 150.]
 [131. 149. 151. 153. 151. 155. 151. 156. 159. 156. 142. 137. 141. 153.
  152. 158. 159. 126. 123. 129. 128. 132. 132. 132. 133. 134. 137. 137.
  137. 138. 140. 138. 139. 140. 137. 138. 137. 138. 138. 139.]
 [130. 142. 149. 152. 154. 154. 156. 153. 156. 157. 139. 148. 154. 152.
  161. 164. 164. 124. 128. 129. 123. 126. 125. 129. 130. 130. 129. 127.
  132. 131. 130. 132. 132. 133. 134. 131. 132. 133. 132. 131.]]
##############################
[[ 53.  63.  68.  66.  68.  65.  65.  64.  63.  65.  63.  70.  83.  80.
   96.  99. 101. 106.  80.  83.  81.  82.  81.  79.  82.  84.  82.  83.
   85.  87.  81.  84.  83.  88.  83.  86.  89.  88.  83.  86.]
 [200. 200. 200. 200. 200. 200. 200. 200. 200. 200. 200. 200. 200. 199.
  198. 200. 200. 198. 150. 150. 150. 150. 150. 150. 150. 150. 149. 150.
  150. 150. 150. 150. 150. 150. 150. 150. 150. 150. 150. 150.]
 [131. 149. 151. 153. 151. 155. 151. 156. 159. 156. 142. 137. 141. 153.
  152. 158. 159. 167. 123. 129. 128. 132. 132. 132. 133. 134. 137. 137.
  137. 138. 140. 138. 139. 140. 137. 138. 137. 138. 138. 139.]
 [130. 142. 149. 152. 154. 154. 156. 153. 156. 157. 139. 148. 154. 152.
  161. 164. 164. 168. 128. 129. 123. 126. 125. 129. 130. 130. 129. 127.
  132. 131. 130. 132. 132. 133. 134. 131. 132. 133. 132. 131.]]
##############################
[[ 53.  63.  68.  66.  68.  65.  65.  64.  63.  65.  63.  70.  83.  80.
   96.  99. 101. 106. 102.  83.  81.  82.  81.  79.  82.  84.  82.  83.
   85.  87.  81.  84.  83.  88.  83.  86.  89.  88.  83.  86.]
 [200. 200. 200. 200. 200. 200. 200. 200. 200. 200. 200. 200. 200. 199.
  198. 200. 200. 198. 199. 150. 150. 150. 150. 150. 150. 150. 149. 150.
  150. 150. 150. 150. 150. 150. 150. 150. 150. 150. 150. 150.]
 [131. 149. 151. 153. 151. 155. 151. 156. 159. 156. 142. 137. 141. 153.
  152. 158. 159. 167. 163. 129. 128. 132. 132. 132. 133. 134. 137. 137.
  137. 138. 140. 138. 139. 140. 137. 138. 137. 138. 138. 139.]
 [130. 142. 149. 152. 154. 154. 156. 153. 156. 157. 139. 148. 154. 152.
  161. 164. 164. 168. 169. 129. 123. 126. 125. 129. 130. 130. 129. 127.
  132. 131. 130. 132. 132. 133. 134. 131. 132. 133. 132. 131.]]
##############################
[[ 53.  63.  68.  66.  68.  65.  65.  64.  63.  65.  63.  70.  83.  80.
   96.  99. 101. 106. 102. 105.  81.  82.  81.  79.  82.  84.  82.  83.
   85.  87.  81.  84.  83.  88.  83.  86.  89.  88.  83.  86.]
 [200. 200. 200. 200. 200. 200. 200. 200. 200. 200. 200. 200. 200. 199.
  198. 200. 200. 198. 199. 200. 150. 150. 150. 150. 150. 150. 149. 150.
  150. 150. 150. 150. 150. 150. 150. 150. 150. 150. 150. 150.]
 [131. 149. 151. 153. 151. 155. 151. 156. 159. 156. 142. 137. 141. 153.
  152. 158. 159. 167. 163. 170. 128. 132. 132. 132. 133. 134. 137. 137.
  137. 138. 140. 138. 139. 140. 137. 138. 137. 138. 138. 139.]
 [130. 142. 149. 152. 154. 154. 156. 153. 156. 157. 139. 148. 154. 152.
  161. 164. 164. 168. 169. 173. 123. 126. 125. 129. 130. 130. 129. 127.
  132. 131. 130. 132. 132. 133. 134. 131. 132. 133. 132. 131.]]
##############################
[[ 53.  63.  68.  66.  68.  65.  65.  64.  63.  65.  63.  70.  83.  80.
   96.  99. 101. 106. 102. 105. 104.  82.  81.  79.  82.  84.  82.  83.
   85.  87.  81.  84.  83.  88.  83.  86.  89.  88.  83.  86.]
 [200. 200. 200. 200. 200. 200. 200. 200. 200. 200. 200. 200. 200. 199.
  198. 200. 200. 198. 199. 200. 200. 150. 150. 150. 150. 150. 149. 150.
  150. 150. 150. 150. 150. 150. 150. 150. 150. 150. 150. 150.]
 [131. 149. 151. 153. 151. 155. 151. 156. 159. 156. 142. 137. 141. 153.
  152. 158. 159. 167. 163. 170. 171. 132. 132. 132. 133. 134. 137. 137.
  137. 138. 140. 138. 139. 140. 137. 138. 137. 138. 138. 139.]
 [130. 142. 149. 152. 154. 154. 156. 153. 156. 157. 139. 148. 154. 152.
  161. 164. 164. 168. 169. 173. 166. 126. 125. 129. 130. 130. 129. 127.
  132. 131. 130. 132. 132. 133. 134. 131. 132. 133. 132. 131.]]
##############################
[[ 53.  63.  68.  66.  68.  65.  65.  64.  63.  65.  63.  70.  83.  80.
   96.  99. 101. 106. 102. 105. 104. 105.  81.  79.  82.  84.  82.  83.
   85.  87.  81.  84.  83.  88.  83.  86.  89.  88.  83.  86.]
 [200. 200. 200. 200. 200. 200. 200. 200. 200. 200. 200. 200. 200. 199.
  198. 200. 200. 198. 199. 200. 200. 199. 150. 150. 150. 150. 149. 150.
  150. 150. 150. 150. 150. 150. 150. 150. 150. 150. 150. 150.]
 [131. 149. 151. 153. 151. 155. 151. 156. 159. 156. 142. 137. 141. 153.
  152. 158. 159. 167. 163. 170. 171. 175. 132. 132. 133. 134. 137. 137.
  137. 138. 140. 138. 139. 140. 137. 138. 137. 138. 138. 139.]
 [130. 142. 149. 152. 154. 154. 156. 153. 156. 157. 139. 148. 154. 152.
  161. 164. 164. 168. 169. 173. 166. 170. 125. 129. 130. 130. 129. 127.
  132. 131. 130. 132. 132. 133. 134. 131. 132. 133. 132. 131.]]
##############################
[[ 53.  63.  68.  66.  68.  65.  65.  64.  63.  65.  63.  70.  83.  80.
   96.  99. 101. 106. 102. 105. 104. 105. 105.  79.  82.  84.  82.  83.
   85.  87.  81.  84.  83.  88.  83.  86.  89.  88.  83.  86.]
 [200. 200. 200. 200. 200. 200. 200. 200. 200. 200. 200. 200. 200. 199.
  198. 200. 200. 198. 199. 200. 200. 199. 199. 150. 150. 150. 149. 150.
  150. 150. 150. 150. 150. 150. 150. 150. 150. 150. 150. 150.]
 [131. 149. 151. 153. 151. 155. 151. 156. 159. 156. 142. 137. 141. 153.
  152. 158. 159. 167. 163. 170. 171. 175. 175. 132. 133. 134. 137. 137.
  137. 138. 140. 138. 139. 140. 137. 138. 137. 138. 138. 139.]
 [130. 142. 149. 152. 154. 154. 156. 153. 156. 157. 139. 148. 154. 152.
  161. 164. 164. 168. 169. 173. 166. 170. 170. 129. 130. 130. 129. 127.
  132. 131. 130. 132. 132. 133. 134. 131. 132. 133. 132. 131.]]
##############################
[[ 53.  63.  68.  66.  68.  65.  65.  64.  63.  65.  63.  70.  83.  80.
   96.  99. 101. 106. 102. 105. 104. 105. 105. 102.  82.  84.  82.  83.
   85.  87.  81.  84.  83.  88.  83.  86.  89.  88.  83.  86.]
 [200. 200. 200. 200. 200. 200. 200. 200. 200. 200. 200. 200. 200. 199.
  198. 200. 200. 198. 199. 200. 200. 199. 199. 200. 150. 150. 149. 150.
  150. 150. 150. 150. 150. 150. 150. 150. 150. 150. 150. 150.]
 [131. 149. 151. 153. 151. 155. 151. 156. 159. 156. 142. 137. 141. 153.
  152. 158. 159. 167. 163. 170. 171. 175. 175. 174. 133. 134. 137. 137.
  137. 138. 140. 138. 139. 140. 137. 138. 137. 138. 138. 139.]
 [130. 142. 149. 152. 154. 154. 156. 153. 156. 157. 139. 148. 154. 152.
  161. 164. 164. 168. 169. 173. 166. 170. 170. 174. 130. 130. 129. 127.
  132. 131. 130. 132. 132. 133. 134. 131. 132. 133. 132. 131.]]
##############################
[[ 53.  63.  68.  66.  68.  65.  65.  64.  63.  65.  63.  70.  83.  80.
   96.  99. 101. 106. 102. 105. 104. 105. 105. 102. 106.  84.  82.  83.
   85.  87.  81.  84.  83.  88.  83.  86.  89.  88.  83.  86.]
 [200. 200. 200. 200. 200. 200. 200. 200. 200. 200. 200. 200. 200. 199.
  198. 200. 200. 198. 199. 200. 200. 199. 199. 200. 199. 150. 149. 150.
  150. 150. 150. 150. 150. 150. 150. 150. 150. 150. 150. 150.]
 [131. 149. 151. 153. 151. 155. 151. 156. 159. 156. 142. 137. 141. 153.
  152. 158. 159. 167. 163. 170. 171. 175. 175. 174. 176. 134. 137. 137.
  137. 138. 140. 138. 139. 140. 137. 138. 137. 138. 138. 139.]
 [130. 142. 149. 152. 154. 154. 156. 153. 156. 157. 139. 148. 154. 152.
  161. 164. 164. 168. 169. 173. 166. 170. 170. 174. 176. 130. 129. 127.
  132. 131. 130. 132. 132. 133. 134. 131. 132. 133. 132. 131.]]
##############################
[[ 53.  63.  68.  66.  68.  65.  65.  64.  63.  65.  63.  70.  83.  80.
   96.  99. 101. 106. 102. 105. 104. 105. 105. 102. 106. 107.  82.  83.
   85.  87.  81.  84.  83.  88.  83.  86.  89.  88.  83.  86.]
 [200. 200. 200. 200. 200. 200. 200. 200. 200. 200. 200. 200. 200. 199.
  198. 200. 200. 198. 199. 200. 200. 199. 199. 200. 199. 200. 149. 150.
  150. 150. 150. 150. 150. 150. 150. 150. 150. 150. 150. 150.]
 [131. 149. 151. 153. 151. 155. 151. 156. 159. 156. 142. 137. 141. 153.
  152. 158. 159. 167. 163. 170. 171. 175. 175. 174. 176. 176. 137. 137.
  137. 138. 140. 138. 139. 140. 137. 138. 137. 138. 138. 139.]
 [130. 142. 149. 152. 154. 154. 156. 153. 156. 157. 139. 148. 154. 152.
  161. 164. 164. 168. 169. 173. 166. 170. 170. 174. 176. 176. 129. 127.
  132. 131. 130. 132. 132. 133. 134. 131. 132. 133. 132. 131.]]
##############################
[[ 53.  63.  68.  66.  68.  65.  65.  64.  63.  65.  63.  70.  83.  80.
   96.  99. 101. 106. 102. 105. 104. 105. 105. 102. 106. 107. 104.  83.
   85.  87.  81.  84.  83.  88.  83.  86.  89.  88.  83.  86.]
 [200. 200. 200. 200. 200. 200. 200. 200. 200. 200. 200. 200. 200. 199.
  198. 200. 200. 198. 199. 200. 200. 199. 199. 200. 199. 200. 198. 150.
  150. 150. 150. 150. 150. 150. 150. 150. 150. 150. 150. 150.]
 [131. 149. 151. 153. 151. 155. 151. 156. 159. 156. 142. 137. 141. 153.
  152. 158. 159. 167. 163. 170. 171. 175. 175. 174. 176. 176. 181. 137.
  137. 138. 140. 138. 139. 140. 137. 138. 137. 138. 138. 139.]
 [130. 142. 149. 152. 154. 154. 156. 153. 156. 157. 139. 148. 154. 152.
  161. 164. 164. 168. 169. 173. 166. 170. 170. 174. 176. 176. 175. 127.
  132. 131. 130. 132. 132. 133. 134. 131. 132. 133. 132. 131.]]
##############################
[[ 53.  63.  68.  66.  68.  65.  65.  64.  63.  65.  63.  70.  83.  80.
   96.  99. 101. 106. 102. 105. 104. 105. 105. 102. 106. 107. 104. 106.
   85.  87.  81.  84.  83.  88.  83.  86.  89.  88.  83.  86.]
 [200. 200. 200. 200. 200. 200. 200. 200. 200. 200. 200. 200. 200. 199.
  198. 200. 200. 198. 199. 200. 200. 199. 199. 200. 199. 200. 198. 199.
  150. 150. 150. 150. 150. 150. 150. 150. 150. 150. 150. 150.]
 [131. 149. 151. 153. 151. 155. 151. 156. 159. 156. 142. 137. 141. 153.
  152. 158. 159. 167. 163. 170. 171. 175. 175. 174. 176. 176. 181. 181.
  137. 138. 140. 138. 139. 140. 137. 138. 137. 138. 138. 139.]
 [130. 142. 149. 152. 154. 154. 156. 153. 156. 157. 139. 148. 154. 152.
  161. 164. 164. 168. 169. 173. 166. 170. 170. 174. 176. 176. 175. 173.
  132. 131. 130. 132. 132. 133. 134. 131. 132. 133. 132. 131.]]
##############################
[[ 53.  63.  68.  66.  68.  65.  65.  64.  63.  65.  63.  70.  83.  80.
   96.  99. 101. 106. 102. 105. 104. 105. 105. 102. 106. 107. 104. 106.
  108.  87.  81.  84.  83.  88.  83.  86.  89.  88.  83.  86.]
 [200. 200. 200. 200. 200. 200. 200. 200. 200. 200. 200. 200. 200. 199.
  198. 200. 200. 198. 199. 200. 200. 199. 199. 200. 199. 200. 198. 199.
  200. 150. 150. 150. 150. 150. 150. 150. 150. 150. 150. 150.]
 [131. 149. 151. 153. 151. 155. 151. 156. 159. 156. 142. 137. 141. 153.
  152. 158. 159. 167. 163. 170. 171. 175. 175. 174. 176. 176. 181. 181.
  182. 138. 140. 138. 139. 140. 137. 138. 137. 138. 138. 139.]
 [130. 142. 149. 152. 154. 154. 156. 153. 156. 157. 139. 148. 154. 152.
  161. 164. 164. 168. 169. 173. 166. 170. 170. 174. 176. 176. 175. 173.
  178. 131. 130. 132. 132. 133. 134. 131. 132. 133. 132. 131.]]
##############################
[[ 53.  63.  68.  66.  68.  65.  65.  64.  63.  65.  63.  70.  83.  80.
   96.  99. 101. 106. 102. 105. 104. 105. 105. 102. 106. 107. 104. 106.
  108. 111.  81.  84.  83.  88.  83.  86.  89.  88.  83.  86.]
 [200. 200. 200. 200. 200. 200. 200. 200. 200. 200. 200. 200. 200. 199.
  198. 200. 200. 198. 199. 200. 200. 199. 199. 200. 199. 200. 198. 199.
  200. 200. 150. 150. 150. 150. 150. 150. 150. 150. 150. 150.]
 [131. 149. 151. 153. 151. 155. 151. 156. 159. 156. 142. 137. 141. 153.
  152. 158. 159. 167. 163. 170. 171. 175. 175. 174. 176. 176. 181. 181.
  182. 181. 140. 138. 139. 140. 137. 138. 137. 138. 138. 139.]
 [130. 142. 149. 152. 154. 154. 156. 153. 156. 157. 139. 148. 154. 152.
  161. 164. 164. 168. 169. 173. 166. 170. 170. 174. 176. 176. 175. 173.
  178. 177. 130. 132. 132. 133. 134. 131. 132. 133. 132. 131.]]
##############################
[[ 53.  63.  68.  66.  68.  65.  65.  64.  63.  65.  63.  70.  83.  80.
   96.  99. 101. 106. 102. 105. 104. 105. 105. 102. 106. 107. 104. 106.
  108. 111. 103.  84.  83.  88.  83.  86.  89.  88.  83.  86.]
 [200. 200. 200. 200. 200. 200. 200. 200. 200. 200. 200. 200. 200. 199.
  198. 200. 200. 198. 199. 200. 200. 199. 199. 200. 199. 200. 198. 199.
  200. 200. 200. 150. 150. 150. 150. 150. 150. 150. 150. 150.]
 [131. 149. 151. 153. 151. 155. 151. 156. 159. 156. 142. 137. 141. 153.
  152. 158. 159. 167. 163. 170. 171. 175. 175. 174. 176. 176. 181. 181.
  182. 181. 182. 138. 139. 140. 137. 138. 137. 138. 138. 139.]
 [130. 142. 149. 152. 154. 154. 156. 153. 156. 157. 139. 148. 154. 152.
  161. 164. 164. 168. 169. 173. 166. 170. 170. 174. 176. 176. 175. 173.
  178. 177. 174. 132. 132. 133. 134. 131. 132. 133. 132. 131.]]
##############################
[[ 53.  63.  68.  66.  68.  65.  65.  64.  63.  65.  63.  70.  83.  80.
   96.  99. 101. 106. 102. 105. 104. 105. 105. 102. 106. 107. 104. 106.
  108. 111. 103. 106.  83.  88.  83.  86.  89.  88.  83.  86.]
 [200. 200. 200. 200. 200. 200. 200. 200. 200. 200. 200. 200. 200. 199.
  198. 200. 200. 198. 199. 200. 200. 199. 199. 200. 199. 200. 198. 199.
  200. 200. 200. 200. 150. 150. 150. 150. 150. 150. 150. 150.]
 [131. 149. 151. 153. 151. 155. 151. 156. 159. 156. 142. 137. 141. 153.
  152. 158. 159. 167. 163. 170. 171. 175. 175. 174. 176. 176. 181. 181.
  182. 181. 182. 182. 139. 140. 137. 138. 137. 138. 138. 139.]
 [130. 142. 149. 152. 154. 154. 156. 153. 156. 157. 139. 148. 154. 152.
  161. 164. 164. 168. 169. 173. 166. 170. 170. 174. 176. 176. 175. 173.
  178. 177. 174. 178. 132. 133. 134. 131. 132. 133. 132. 131.]]
##############################
[[ 53.  63.  68.  66.  68.  65.  65.  64.  63.  65.  63.  70.  83.  80.
   96.  99. 101. 106. 102. 105. 104. 105. 105. 102. 106. 107. 104. 106.
  108. 111. 103. 106. 107.  88.  83.  86.  89.  88.  83.  86.]
 [200. 200. 200. 200. 200. 200. 200. 200. 200. 200. 200. 200. 200. 199.
  198. 200. 200. 198. 199. 200. 200. 199. 199. 200. 199. 200. 198. 199.
  200. 200. 200. 200. 199. 150. 150. 150. 150. 150. 150. 150.]
 [131. 149. 151. 153. 151. 155. 151. 156. 159. 156. 142. 137. 141. 153.
  152. 158. 159. 167. 163. 170. 171. 175. 175. 174. 176. 176. 181. 181.
  182. 181. 182. 182. 181. 140. 137. 138. 137. 138. 138. 139.]
 [130. 142. 149. 152. 154. 154. 156. 153. 156. 157. 139. 148. 154. 152.
  161. 164. 164. 168. 169. 173. 166. 170. 170. 174. 176. 176. 175. 173.
  178. 177. 174. 178. 176. 133. 134. 131. 132. 133. 132. 131.]]
##############################
[[ 53.  63.  68.  66.  68.  65.  65.  64.  63.  65.  63.  70.  83.  80.
   96.  99. 101. 106. 102. 105. 104. 105. 105. 102. 106. 107. 104. 106.
  108. 111. 103. 106. 107. 114.  83.  86.  89.  88.  83.  86.]
 [200. 200. 200. 200. 200. 200. 200. 200. 200. 200. 200. 200. 200. 199.
  198. 200. 200. 198. 199. 200. 200. 199. 199. 200. 199. 200. 198. 199.
  200. 200. 200. 200. 199. 199. 150. 150. 150. 150. 150. 150.]
 [131. 149. 151. 153. 151. 155. 151. 156. 159. 156. 142. 137. 141. 153.
  152. 158. 159. 167. 163. 170. 171. 175. 175. 174. 176. 176. 181. 181.
  182. 181. 182. 182. 181. 184. 137. 138. 137. 138. 138. 139.]
 [130. 142. 149. 152. 154. 154. 156. 153. 156. 157. 139. 148. 154. 152.
  161. 164. 164. 168. 169. 173. 166. 170. 170. 174. 176. 176. 175. 173.
  178. 177. 174. 178. 176. 179. 134. 131. 132. 133. 132. 131.]]
##############################
[[ 53.  63.  68.  66.  68.  65.  65.  64.  63.  65.  63.  70.  83.  80.
   96.  99. 101. 106. 102. 105. 104. 105. 105. 102. 106. 107. 104. 106.
  108. 111. 103. 106. 107. 114. 108.  86.  89.  88.  83.  86.]
 [200. 200. 200. 200. 200. 200. 200. 200. 200. 200. 200. 200. 200. 199.
  198. 200. 200. 198. 199. 200. 200. 199. 199. 200. 199. 200. 198. 199.
  200. 200. 200. 200. 199. 199. 199. 150. 150. 150. 150. 150.]
 [131. 149. 151. 153. 151. 155. 151. 156. 159. 156. 142. 137. 141. 153.
  152. 158. 159. 167. 163. 170. 171. 175. 175. 174. 176. 176. 181. 181.
  182. 181. 182. 182. 181. 184. 181. 138. 137. 138. 138. 139.]
 [130. 142. 149. 152. 154. 154. 156. 153. 156. 157. 139. 148. 154. 152.
  161. 164. 164. 168. 169. 173. 166. 170. 170. 174. 176. 176. 175. 173.
  178. 177. 174. 178. 176. 179. 179. 131. 132. 133. 132. 131.]]
##############################
[[ 53.  63.  68.  66.  68.  65.  65.  64.  63.  65.  63.  70.  83.  80.
   96.  99. 101. 106. 102. 105. 104. 105. 105. 102. 106. 107. 104. 106.
  108. 111. 103. 106. 107. 114. 108. 110.  89.  88.  83.  86.]
 [200. 200. 200. 200. 200. 200. 200. 200. 200. 200. 200. 200. 200. 199.
  198. 200. 200. 198. 199. 200. 200. 199. 199. 200. 199. 200. 198. 199.
  200. 200. 200. 200. 199. 199. 199. 200. 150. 150. 150. 150.]
 [131. 149. 151. 153. 151. 155. 151. 156. 159. 156. 142. 137. 141. 153.
  152. 158. 159. 167. 163. 170. 171. 175. 175. 174. 176. 176. 181. 181.
  182. 181. 182. 182. 181. 184. 181. 182. 137. 138. 138. 139.]
 [130. 142. 149. 152. 154. 154. 156. 153. 156. 157. 139. 148. 154. 152.
  161. 164. 164. 168. 169. 173. 166. 170. 170. 174. 176. 176. 175. 173.
  178. 177. 174. 178. 176. 179. 179. 177. 132. 133. 132. 131.]]
##############################
[[ 53.  63.  68.  66.  68.  65.  65.  64.  63.  65.  63.  70.  83.  80.
   96.  99. 101. 106. 102. 105. 104. 105. 105. 102. 106. 107. 104. 106.
  108. 111. 103. 106. 107. 114. 108. 110. 115.  88.  83.  86.]
 [200. 200. 200. 200. 200. 200. 200. 200. 200. 200. 200. 200. 200. 199.
  198. 200. 200. 198. 199. 200. 200. 199. 199. 200. 199. 200. 198. 199.
  200. 200. 200. 200. 199. 199. 199. 200. 199. 150. 150. 150.]
 [131. 149. 151. 153. 151. 155. 151. 156. 159. 156. 142. 137. 141. 153.
  152. 158. 159. 167. 163. 170. 171. 175. 175. 174. 176. 176. 181. 181.
  182. 181. 182. 182. 181. 184. 181. 182. 180. 138. 138. 139.]
 [130. 142. 149. 152. 154. 154. 156. 153. 156. 157. 139. 148. 154. 152.
  161. 164. 164. 168. 169. 173. 166. 170. 170. 174. 176. 176. 175. 173.
  178. 177. 174. 178. 176. 179. 179. 177. 178. 133. 132. 131.]]
##############################
[[ 53.  63.  68.  66.  68.  65.  65.  64.  63.  65.  63.  70.  83.  80.
   96.  99. 101. 106. 102. 105. 104. 105. 105. 102. 106. 107. 104. 106.
  108. 111. 103. 106. 107. 114. 108. 110. 115. 113.  83.  86.]
 [200. 200. 200. 200. 200. 200. 200. 200. 200. 200. 200. 200. 200. 199.
  198. 200. 200. 198. 199. 200. 200. 199. 199. 200. 199. 200. 198. 199.
  200. 200. 200. 200. 199. 199. 199. 200. 199. 200. 150. 150.]
 [131. 149. 151. 153. 151. 155. 151. 156. 159. 156. 142. 137. 141. 153.
  152. 158. 159. 167. 163. 170. 171. 175. 175. 174. 176. 176. 181. 181.
  182. 181. 182. 182. 181. 184. 181. 182. 180. 182. 138. 139.]
 [130. 142. 149. 152. 154. 154. 156. 153. 156. 157. 139. 148. 154. 152.
  161. 164. 164. 168. 169. 173. 166. 170. 170. 174. 176. 176. 175. 173.
  178. 177. 174. 178. 176. 179. 179. 177. 178. 180. 132. 131.]]
##############################
[[ 53.  63.  68.  66.  68.  65.  65.  64.  63.  65.  63.  70.  83.  80.
   96.  99. 101. 106. 102. 105. 104. 105. 105. 102. 106. 107. 104. 106.
  108. 111. 103. 106. 107. 114. 108. 110. 115. 113. 108.  86.]
 [200. 200. 200. 200. 200. 200. 200. 200. 200. 200. 200. 200. 200. 199.
  198. 200. 200. 198. 199. 200. 200. 199. 199. 200. 199. 200. 198. 199.
  200. 200. 200. 200. 199. 199. 199. 200. 199. 200. 200. 150.]
 [131. 149. 151. 153. 151. 155. 151. 156. 159. 156. 142. 137. 141. 153.
  152. 158. 159. 167. 163. 170. 171. 175. 175. 174. 176. 176. 181. 181.
  182. 181. 182. 182. 181. 184. 181. 182. 180. 182. 182. 139.]
 [130. 142. 149. 152. 154. 154. 156. 153. 156. 157. 139. 148. 154. 152.
  161. 164. 164. 168. 169. 173. 166. 170. 170. 174. 176. 176. 175. 173.
  178. 177. 174. 178. 176. 179. 179. 177. 178. 180. 180. 131.]]
##############################
[[ 53.  63.  68.  66.  68.  65.  65.  64.  63.  65.  63.  70.  83.  80.
   96.  99. 101. 106. 102. 105. 104. 105. 105. 102. 106. 107. 104. 106.
  108. 111. 103. 106. 107. 114. 108. 110. 115. 113. 108. 111.]
 [200. 200. 200. 200. 200. 200. 200. 200. 200. 200. 200. 200. 200. 199.
  198. 200. 200. 198. 199. 200. 200. 199. 199. 200. 199. 200. 198. 199.
  200. 200. 200. 200. 199. 199. 199. 200. 199. 200. 200. 200.]
 [131. 149. 151. 153. 151. 155. 151. 156. 159. 156. 142. 137. 141. 153.
  152. 158. 159. 167. 163. 170. 171. 175. 175. 174. 176. 176. 181. 181.
  182. 181. 182. 182. 181. 184. 181. 182. 180. 182. 182. 183.]
 [130. 142. 149. 152. 154. 154. 156. 153. 156. 157. 139. 148. 154. 152.
  161. 164. 164. 168. 169. 173. 166. 170. 170. 174. 176. 176. 175. 173.
  178. 177. 174. 178. 176. 179. 179. 177. 178. 180. 180. 178.]]
##############################
##################################################
##################################################
starting :5 batch
[[ 62.  63.  68.  66.  68.  65.  65.  64.  63.  65.  63.  70.  83.  80.
   96.  99. 101. 106. 102. 105. 104. 105. 105. 102. 106. 107. 104. 106.
  108. 111. 103. 106. 107. 114. 108. 110. 115. 113. 108. 111.]
 [250. 200. 200. 200. 200. 200. 200. 200. 200. 200. 200. 200. 200. 199.
  198. 200. 200. 198. 199. 200. 200. 199. 199. 200. 199. 200. 198. 199.
  200. 200. 200. 200. 199. 199. 199. 200. 199. 200. 200. 200.]
 [167. 149. 151. 153. 151. 155. 151. 156. 159. 156. 142. 137. 141. 153.
  152. 158. 159. 167. 163. 170. 171. 175. 175. 174. 176. 176. 181. 181.
  182. 181. 182. 182. 181. 184. 181. 182. 180. 182. 182. 183.]
 [162. 142. 149. 152. 154. 154. 156. 153. 156. 157. 139. 148. 154. 152.
  161. 164. 164. 168. 169. 173. 166. 170. 170. 174. 176. 176. 175. 173.
  178. 177. 174. 178. 176. 179. 179. 177. 178. 180. 180. 178.]]
##############################
[[ 62.  77.  68.  66.  68.  65.  65.  64.  63.  65.  63.  70.  83.  80.
   96.  99. 101. 106. 102. 105. 104. 105. 105. 102. 106. 107. 104. 106.
  108. 111. 103. 106. 107. 114. 108. 110. 115. 113. 108. 111.]
 [250. 250. 200. 200. 200. 200. 200. 200. 200. 200. 200. 200. 200. 199.
  198. 200. 200. 198. 199. 200. 200. 199. 199. 200. 199. 200. 198. 199.
  200. 200. 200. 200. 199. 199. 199. 200. 199. 200. 200. 200.]
 [167. 189. 151. 153. 151. 155. 151. 156. 159. 156. 142. 137. 141. 153.
  152. 158. 159. 167. 163. 170. 171. 175. 175. 174. 176. 176. 181. 181.
  182. 181. 182. 182. 181. 184. 181. 182. 180. 182. 182. 183.]
 [162. 181. 149. 152. 154. 154. 156. 153. 156. 157. 139. 148. 154. 152.
  161. 164. 164. 168. 169. 173. 166. 170. 170. 174. 176. 176. 175. 173.
  178. 177. 174. 178. 176. 179. 179. 177. 178. 180. 180. 178.]]
##############################
[[ 62.  77.  85.  66.  68.  65.  65.  64.  63.  65.  63.  70.  83.  80.
   96.  99. 101. 106. 102. 105. 104. 105. 105. 102. 106. 107. 104. 106.
  108. 111. 103. 106. 107. 114. 108. 110. 115. 113. 108. 111.]
 [250. 250. 250. 200. 200. 200. 200. 200. 200. 200. 200. 200. 200. 199.
  198. 200. 200. 198. 199. 200. 200. 199. 199. 200. 199. 200. 198. 199.
  200. 200. 200. 200. 199. 199. 199. 200. 199. 200. 200. 200.]
 [167. 189. 192. 153. 151. 155. 151. 156. 159. 156. 142. 137. 141. 153.
  152. 158. 159. 167. 163. 170. 171. 175. 175. 174. 176. 176. 181. 181.
  182. 181. 182. 182. 181. 184. 181. 182. 180. 182. 182. 183.]
 [162. 181. 189. 152. 154. 154. 156. 153. 156. 157. 139. 148. 154. 152.
  161. 164. 164. 168. 169. 173. 166. 170. 170. 174. 176. 176. 175. 173.
  178. 177. 174. 178. 176. 179. 179. 177. 178. 180. 180. 178.]]
##############################
[[ 62.  77.  85.  84.  68.  65.  65.  64.  63.  65.  63.  70.  83.  80.
   96.  99. 101. 106. 102. 105. 104. 105. 105. 102. 106. 107. 104. 106.
  108. 111. 103. 106. 107. 114. 108. 110. 115. 113. 108. 111.]
 [250. 250. 250. 250. 200. 200. 200. 200. 200. 200. 200. 200. 200. 199.
  198. 200. 200. 198. 199. 200. 200. 199. 199. 200. 199. 200. 198. 199.
  200. 200. 200. 200. 199. 199. 199. 200. 199. 200. 200. 200.]
 [167. 189. 192. 197. 151. 155. 151. 156. 159. 156. 142. 137. 141. 153.
  152. 158. 159. 167. 163. 170. 171. 175. 175. 174. 176. 176. 181. 181.
  182. 181. 182. 182. 181. 184. 181. 182. 180. 182. 182. 183.]
 [162. 181. 189. 193. 154. 154. 156. 153. 156. 157. 139. 148. 154. 152.
  161. 164. 164. 168. 169. 173. 166. 170. 170. 174. 176. 176. 175. 173.
  178. 177. 174. 178. 176. 179. 179. 177. 178. 180. 180. 178.]]
##############################
[[ 62.  77.  85.  84.  87.  65.  65.  64.  63.  65.  63.  70.  83.  80.
   96.  99. 101. 106. 102. 105. 104. 105. 105. 102. 106. 107. 104. 106.
  108. 111. 103. 106. 107. 114. 108. 110. 115. 113. 108. 111.]
 [250. 250. 250. 250. 250. 200. 200. 200. 200. 200. 200. 200. 200. 199.
  198. 200. 200. 198. 199. 200. 200. 199. 199. 200. 199. 200. 198. 199.
  200. 200. 200. 200. 199. 199. 199. 200. 199. 200. 200. 200.]
 [167. 189. 192. 197. 194. 155. 151. 156. 159. 156. 142. 137. 141. 153.
  152. 158. 159. 167. 163. 170. 171. 175. 175. 174. 176. 176. 181. 181.
  182. 181. 182. 182. 181. 184. 181. 182. 180. 182. 182. 183.]
 [162. 181. 189. 193. 194. 154. 156. 153. 156. 157. 139. 148. 154. 152.
  161. 164. 164. 168. 169. 173. 166. 170. 170. 174. 176. 176. 175. 173.
  178. 177. 174. 178. 176. 179. 179. 177. 178. 180. 180. 178.]]
##############################
[[ 62.  77.  85.  84.  87.  81.  65.  64.  63.  65.  63.  70.  83.  80.
   96.  99. 101. 106. 102. 105. 104. 105. 105. 102. 106. 107. 104. 106.
  108. 111. 103. 106. 107. 114. 108. 110. 115. 113. 108. 111.]
 [250. 250. 250. 250. 250. 250. 200. 200. 200. 200. 200. 200. 200. 199.
  198. 200. 200. 198. 199. 200. 200. 199. 199. 200. 199. 200. 198. 199.
  200. 200. 200. 200. 199. 199. 199. 200. 199. 200. 200. 200.]
 [167. 189. 192. 197. 194. 198. 151. 156. 159. 156. 142. 137. 141. 153.
  152. 158. 159. 167. 163. 170. 171. 175. 175. 174. 176. 176. 181. 181.
  182. 181. 182. 182. 181. 184. 181. 182. 180. 182. 182. 183.]
 [162. 181. 189. 193. 194. 194. 156. 153. 156. 157. 139. 148. 154. 152.
  161. 164. 164. 168. 169. 173. 166. 170. 170. 174. 176. 176. 175. 173.
  178. 177. 174. 178. 176. 179. 179. 177. 178. 180. 180. 178.]]
##############################
[[ 62.  77.  85.  84.  87.  81.  79.  64.  63.  65.  63.  70.  83.  80.
   96.  99. 101. 106. 102. 105. 104. 105. 105. 102. 106. 107. 104. 106.
  108. 111. 103. 106. 107. 114. 108. 110. 115. 113. 108. 111.]
 [250. 250. 250. 250. 250. 250. 250. 200. 200. 200. 200. 200. 200. 199.
  198. 200. 200. 198. 199. 200. 200. 199. 199. 200. 199. 200. 198. 199.
  200. 200. 200. 200. 199. 199. 199. 200. 199. 200. 200. 200.]
 [167. 189. 192. 197. 194. 198. 194. 156. 159. 156. 142. 137. 141. 153.
  152. 158. 159. 167. 163. 170. 171. 175. 175. 174. 176. 176. 181. 181.
  182. 181. 182. 182. 181. 184. 181. 182. 180. 182. 182. 183.]
 [162. 181. 189. 193. 194. 194. 197. 153. 156. 157. 139. 148. 154. 152.
  161. 164. 164. 168. 169. 173. 166. 170. 170. 174. 176. 176. 175. 173.
  178. 177. 174. 178. 176. 179. 179. 177. 178. 180. 180. 178.]]
##############################
[[ 62.  77.  85.  84.  87.  81.  79.  80.  63.  65.  63.  70.  83.  80.
   96.  99. 101. 106. 102. 105. 104. 105. 105. 102. 106. 107. 104. 106.
  108. 111. 103. 106. 107. 114. 108. 110. 115. 113. 108. 111.]
 [250. 250. 250. 250. 250. 250. 250. 250. 200. 200. 200. 200. 200. 199.
  198. 200. 200. 198. 199. 200. 200. 199. 199. 200. 199. 200. 198. 199.
  200. 200. 200. 200. 199. 199. 199. 200. 199. 200. 200. 200.]
 [167. 189. 192. 197. 194. 198. 194. 199. 159. 156. 142. 137. 141. 153.
  152. 158. 159. 167. 163. 170. 171. 175. 175. 174. 176. 176. 181. 181.
  182. 181. 182. 182. 181. 184. 181. 182. 180. 182. 182. 183.]
 [162. 181. 189. 193. 194. 194. 197. 194. 156. 157. 139. 148. 154. 152.
  161. 164. 164. 168. 169. 173. 166. 170. 170. 174. 176. 176. 175. 173.
  178. 177. 174. 178. 176. 179. 179. 177. 178. 180. 180. 178.]]
##############################
[[ 62.  77.  85.  84.  87.  81.  79.  80.  81.  65.  63.  70.  83.  80.
   96.  99. 101. 106. 102. 105. 104. 105. 105. 102. 106. 107. 104. 106.
  108. 111. 103. 106. 107. 114. 108. 110. 115. 113. 108. 111.]
 [250. 250. 250. 250. 250. 250. 250. 250. 250. 200. 200. 200. 200. 199.
  198. 200. 200. 198. 199. 200. 200. 199. 199. 200. 199. 200. 198. 199.
  200. 200. 200. 200. 199. 199. 199. 200. 199. 200. 200. 200.]
 [167. 189. 192. 197. 194. 198. 194. 199. 201. 156. 142. 137. 141. 153.
  152. 158. 159. 167. 163. 170. 171. 175. 175. 174. 176. 176. 181. 181.
  182. 181. 182. 182. 181. 184. 181. 182. 180. 182. 182. 183.]
 [162. 181. 189. 193. 194. 194. 197. 194. 196. 157. 139. 148. 154. 152.
  161. 164. 164. 168. 169. 173. 166. 170. 170. 174. 176. 176. 175. 173.
  178. 177. 174. 178. 176. 179. 179. 177. 178. 180. 180. 178.]]
##############################
[[ 62.  77.  85.  84.  87.  81.  79.  80.  81.  81.  63.  70.  83.  80.
   96.  99. 101. 106. 102. 105. 104. 105. 105. 102. 106. 107. 104. 106.
  108. 111. 103. 106. 107. 114. 108. 110. 115. 113. 108. 111.]
 [250. 250. 250. 250. 250. 250. 250. 250. 250. 250. 200. 200. 200. 199.
  198. 200. 200. 198. 199. 200. 200. 199. 199. 200. 199. 200. 198. 199.
  200. 200. 200. 200. 199. 199. 199. 200. 199. 200. 200. 200.]
 [167. 189. 192. 197. 194. 198. 194. 199. 201. 199. 142. 137. 141. 153.
  152. 158. 159. 167. 163. 170. 171. 175. 175. 174. 176. 176. 181. 181.
  182. 181. 182. 182. 181. 184. 181. 182. 180. 182. 182. 183.]
 [162. 181. 189. 193. 194. 194. 197. 194. 196. 197. 139. 148. 154. 152.
  161. 164. 164. 168. 169. 173. 166. 170. 170. 174. 176. 176. 175. 173.
  178. 177. 174. 178. 176. 179. 179. 177. 178. 180. 180. 178.]]
##############################
[[ 62.  77.  85.  84.  87.  81.  79.  80.  81.  81.  79.  70.  83.  80.
   96.  99. 101. 106. 102. 105. 104. 105. 105. 102. 106. 107. 104. 106.
  108. 111. 103. 106. 107. 114. 108. 110. 115. 113. 108. 111.]
 [250. 250. 250. 250. 250. 250. 250. 250. 250. 250. 250. 200. 200. 199.
  198. 200. 200. 198. 199. 200. 200. 199. 199. 200. 199. 200. 198. 199.
  200. 200. 200. 200. 199. 199. 199. 200. 199. 200. 200. 200.]
 [167. 189. 192. 197. 194. 198. 194. 199. 201. 199. 178. 137. 141. 153.
  152. 158. 159. 167. 163. 170. 171. 175. 175. 174. 176. 176. 181. 181.
  182. 181. 182. 182. 181. 184. 181. 182. 180. 182. 182. 183.]
 [162. 181. 189. 193. 194. 194. 197. 194. 196. 197. 175. 148. 154. 152.
  161. 164. 164. 168. 169. 173. 166. 170. 170. 174. 176. 176. 175. 173.
  178. 177. 174. 178. 176. 179. 179. 177. 178. 180. 180. 178.]]
##############################
[[ 62.  77.  85.  84.  87.  81.  79.  80.  81.  81.  79.  87.  83.  80.
   96.  99. 101. 106. 102. 105. 104. 105. 105. 102. 106. 107. 104. 106.
  108. 111. 103. 106. 107. 114. 108. 110. 115. 113. 108. 111.]
 [250. 250. 250. 250. 250. 250. 250. 250. 250. 250. 250. 250. 200. 199.
  198. 200. 200. 198. 199. 200. 200. 199. 199. 200. 199. 200. 198. 199.
  200. 200. 200. 200. 199. 199. 199. 200. 199. 200. 200. 200.]
 [167. 189. 192. 197. 194. 198. 194. 199. 201. 199. 178. 173. 141. 153.
  152. 158. 159. 167. 163. 170. 171. 175. 175. 174. 176. 176. 181. 181.
  182. 181. 182. 182. 181. 184. 181. 182. 180. 182. 182. 183.]
 [162. 181. 189. 193. 194. 194. 197. 194. 196. 197. 175. 186. 154. 152.
  161. 164. 164. 168. 169. 173. 166. 170. 170. 174. 176. 176. 175. 173.
  178. 177. 174. 178. 176. 179. 179. 177. 178. 180. 180. 178.]]
##############################
[[ 62.  77.  85.  84.  87.  81.  79.  80.  81.  81.  79.  87. 102.  80.
   96.  99. 101. 106. 102. 105. 104. 105. 105. 102. 106. 107. 104. 106.
  108. 111. 103. 106. 107. 114. 108. 110. 115. 113. 108. 111.]
 [250. 250. 250. 250. 250. 250. 250. 250. 250. 250. 250. 250. 250. 199.
  198. 200. 200. 198. 199. 200. 200. 199. 199. 200. 199. 200. 198. 199.
  200. 200. 200. 200. 199. 199. 199. 200. 199. 200. 200. 200.]
 [167. 189. 192. 197. 194. 198. 194. 199. 201. 199. 178. 173. 177. 153.
  152. 158. 159. 167. 163. 170. 171. 175. 175. 174. 176. 176. 181. 181.
  182. 181. 182. 182. 181. 184. 181. 182. 180. 182. 182. 183.]
 [162. 181. 189. 193. 194. 194. 197. 194. 196. 197. 175. 186. 194. 152.
  161. 164. 164. 168. 169. 173. 166. 170. 170. 174. 176. 176. 175. 173.
  178. 177. 174. 178. 176. 179. 179. 177. 178. 180. 180. 178.]]
##############################
[[ 62.  77.  85.  84.  87.  81.  79.  80.  81.  81.  79.  87. 102. 101.
   96.  99. 101. 106. 102. 105. 104. 105. 105. 102. 106. 107. 104. 106.
  108. 111. 103. 106. 107. 114. 108. 110. 115. 113. 108. 111.]
 [250. 250. 250. 250. 250. 250. 250. 250. 250. 250. 250. 250. 250. 249.
  198. 200. 200. 198. 199. 200. 200. 199. 199. 200. 199. 200. 198. 199.
  200. 200. 200. 200. 199. 199. 199. 200. 199. 200. 200. 200.]
 [167. 189. 192. 197. 194. 198. 194. 199. 201. 199. 178. 173. 177. 191.
  152. 158. 159. 167. 163. 170. 171. 175. 175. 174. 176. 176. 181. 181.
  182. 181. 182. 182. 181. 184. 181. 182. 180. 182. 182. 183.]
 [162. 181. 189. 193. 194. 194. 197. 194. 196. 197. 175. 186. 194. 191.
  161. 164. 164. 168. 169. 173. 166. 170. 170. 174. 176. 176. 175. 173.
  178. 177. 174. 178. 176. 179. 179. 177. 178. 180. 180. 178.]]
##############################
[[ 62.  77.  85.  84.  87.  81.  79.  80.  81.  81.  79.  87. 102. 101.
  119.  99. 101. 106. 102. 105. 104. 105. 105. 102. 106. 107. 104. 106.
  108. 111. 103. 106. 107. 114. 108. 110. 115. 113. 108. 111.]
 [250. 250. 250. 250. 250. 250. 250. 250. 250. 250. 250. 250. 250. 249.
  248. 200. 200. 198. 199. 200. 200. 199. 199. 200. 199. 200. 198. 199.
  200. 200. 200. 200. 199. 199. 199. 200. 199. 200. 200. 200.]
 [167. 189. 192. 197. 194. 198. 194. 199. 201. 199. 178. 173. 177. 191.
  190. 158. 159. 167. 163. 170. 171. 175. 175. 174. 176. 176. 181. 181.
  182. 181. 182. 182. 181. 184. 181. 182. 180. 182. 182. 183.]
 [162. 181. 189. 193. 194. 194. 197. 194. 196. 197. 175. 186. 194. 191.
  202. 164. 164. 168. 169. 173. 166. 170. 170. 174. 176. 176. 175. 173.
  178. 177. 174. 178. 176. 179. 179. 177. 178. 180. 180. 178.]]
##############################
[[ 62.  77.  85.  84.  87.  81.  79.  80.  81.  81.  79.  87. 102. 101.
  119. 124. 101. 106. 102. 105. 104. 105. 105. 102. 106. 107. 104. 106.
  108. 111. 103. 106. 107. 114. 108. 110. 115. 113. 108. 111.]
 [250. 250. 250. 250. 250. 250. 250. 250. 250. 250. 250. 250. 250. 249.
  248. 250. 200. 198. 199. 200. 200. 199. 199. 200. 199. 200. 198. 199.
  200. 200. 200. 200. 199. 199. 199. 200. 199. 200. 200. 200.]
 [167. 189. 192. 197. 194. 198. 194. 199. 201. 199. 178. 173. 177. 191.
  190. 199. 159. 167. 163. 170. 171. 175. 175. 174. 176. 176. 181. 181.
  182. 181. 182. 182. 181. 184. 181. 182. 180. 182. 182. 183.]
 [162. 181. 189. 193. 194. 194. 197. 194. 196. 197. 175. 186. 194. 191.
  202. 207. 164. 168. 169. 173. 166. 170. 170. 174. 176. 176. 175. 173.
  178. 177. 174. 178. 176. 179. 179. 177. 178. 180. 180. 178.]]
##############################
[[ 62.  77.  85.  84.  87.  81.  79.  80.  81.  81.  79.  87. 102. 101.
  119. 124. 121. 106. 102. 105. 104. 105. 105. 102. 106. 107. 104. 106.
  108. 111. 103. 106. 107. 114. 108. 110. 115. 113. 108. 111.]
 [250. 250. 250. 250. 250. 250. 250. 250. 250. 250. 250. 250. 250. 249.
  248. 250. 250. 198. 199. 200. 200. 199. 199. 200. 199. 200. 198. 199.
  200. 200. 200. 200. 199. 199. 199. 200. 199. 200. 200. 200.]
 [167. 189. 192. 197. 194. 198. 194. 199. 201. 199. 178. 173. 177. 191.
  190. 199. 200. 167. 163. 170. 171. 175. 175. 174. 176. 176. 181. 181.
  182. 181. 182. 182. 181. 184. 181. 182. 180. 182. 182. 183.]
 [162. 181. 189. 193. 194. 194. 197. 194. 196. 197. 175. 186. 194. 191.
  202. 207. 205. 168. 169. 173. 166. 170. 170. 174. 176. 176. 175. 173.
  178. 177. 174. 178. 176. 179. 179. 177. 178. 180. 180. 178.]]
##############################
[[ 62.  77.  85.  84.  87.  81.  79.  80.  81.  81.  79.  87. 102. 101.
  119. 124. 121. 131. 102. 105. 104. 105. 105. 102. 106. 107. 104. 106.
  108. 111. 103. 106. 107. 114. 108. 110. 115. 113. 108. 111.]
 [250. 250. 250. 250. 250. 250. 250. 250. 250. 250. 250. 250. 250. 249.
  248. 250. 250. 248. 199. 200. 200. 199. 199. 200. 199. 200. 198. 199.
  200. 200. 200. 200. 199. 199. 199. 200. 199. 200. 200. 200.]
 [167. 189. 192. 197. 194. 198. 194. 199. 201. 199. 178. 173. 177. 191.
  190. 199. 200. 210. 163. 170. 171. 175. 175. 174. 176. 176. 181. 181.
  182. 181. 182. 182. 181. 184. 181. 182. 180. 182. 182. 183.]
 [162. 181. 189. 193. 194. 194. 197. 194. 196. 197. 175. 186. 194. 191.
  202. 207. 205. 210. 169. 173. 166. 170. 170. 174. 176. 176. 175. 173.
  178. 177. 174. 178. 176. 179. 179. 177. 178. 180. 180. 178.]]
##############################
[[ 62.  77.  85.  84.  87.  81.  79.  80.  81.  81.  79.  87. 102. 101.
  119. 124. 121. 131. 125. 105. 104. 105. 105. 102. 106. 107. 104. 106.
  108. 111. 103. 106. 107. 114. 108. 110. 115. 113. 108. 111.]
 [250. 250. 250. 250. 250. 250. 250. 250. 250. 250. 250. 250. 250. 249.
  248. 250. 250. 248. 249. 200. 200. 199. 199. 200. 199. 200. 198. 199.
  200. 200. 200. 200. 199. 199. 199. 200. 199. 200. 200. 200.]
 [167. 189. 192. 197. 194. 198. 194. 199. 201. 199. 178. 173. 177. 191.
  190. 199. 200. 210. 205. 170. 171. 175. 175. 174. 176. 176. 181. 181.
  182. 181. 182. 182. 181. 184. 181. 182. 180. 182. 182. 183.]
 [162. 181. 189. 193. 194. 194. 197. 194. 196. 197. 175. 186. 194. 191.
  202. 207. 205. 210. 209. 173. 166. 170. 170. 174. 176. 176. 175. 173.
  178. 177. 174. 178. 176. 179. 179. 177. 178. 180. 180. 178.]]
##############################
[[ 62.  77.  85.  84.  87.  81.  79.  80.  81.  81.  79.  87. 102. 101.
  119. 124. 121. 131. 125. 131. 104. 105. 105. 102. 106. 107. 104. 106.
  108. 111. 103. 106. 107. 114. 108. 110. 115. 113. 108. 111.]
 [250. 250. 250. 250. 250. 250. 250. 250. 250. 250. 250. 250. 250. 249.
  248. 250. 250. 248. 249. 250. 200. 199. 199. 200. 199. 200. 198. 199.
  200. 200. 200. 200. 199. 199. 199. 200. 199. 200. 200. 200.]
 [167. 189. 192. 197. 194. 198. 194. 199. 201. 199. 178. 173. 177. 191.
  190. 199. 200. 210. 205. 211. 171. 175. 175. 174. 176. 176. 181. 181.
  182. 181. 182. 182. 181. 184. 181. 182. 180. 182. 182. 183.]
 [162. 181. 189. 193. 194. 194. 197. 194. 196. 197. 175. 186. 194. 191.
  202. 207. 205. 210. 209. 217. 166. 170. 170. 174. 176. 176. 175. 173.
  178. 177. 174. 178. 176. 179. 179. 177. 178. 180. 180. 178.]]
##############################
[[ 62.  77.  85.  84.  87.  81.  79.  80.  81.  81.  79.  87. 102. 101.
  119. 124. 121. 131. 125. 131. 127. 105. 105. 102. 106. 107. 104. 106.
  108. 111. 103. 106. 107. 114. 108. 110. 115. 113. 108. 111.]
 [250. 250. 250. 250. 250. 250. 250. 250. 250. 250. 250. 250. 250. 249.
  248. 250. 250. 248. 249. 250. 250. 199. 199. 200. 199. 200. 198. 199.
  200. 200. 200. 200. 199. 199. 199. 200. 199. 200. 200. 200.]
 [167. 189. 192. 197. 194. 198. 194. 199. 201. 199. 178. 173. 177. 191.
  190. 199. 200. 210. 205. 211. 214. 175. 175. 174. 176. 176. 181. 181.
  182. 181. 182. 182. 181. 184. 181. 182. 180. 182. 182. 183.]
 [162. 181. 189. 193. 194. 194. 197. 194. 196. 197. 175. 186. 194. 191.
  202. 207. 205. 210. 209. 217. 205. 170. 170. 174. 176. 176. 175. 173.
  178. 177. 174. 178. 176. 179. 179. 177. 178. 180. 180. 178.]]
##############################
[[ 62.  77.  85.  84.  87.  81.  79.  80.  81.  81.  79.  87. 102. 101.
  119. 124. 121. 131. 125. 131. 127. 129. 105. 102. 106. 107. 104. 106.
  108. 111. 103. 106. 107. 114. 108. 110. 115. 113. 108. 111.]
 [250. 250. 250. 250. 250. 250. 250. 250. 250. 250. 250. 250. 250. 249.
  248. 250. 250. 248. 249. 250. 250. 249. 199. 200. 199. 200. 198. 199.
  200. 200. 200. 200. 199. 199. 199. 200. 199. 200. 200. 200.]
 [167. 189. 192. 197. 194. 198. 194. 199. 201. 199. 178. 173. 177. 191.
  190. 199. 200. 210. 205. 211. 214. 218. 175. 174. 176. 176. 181. 181.
  182. 181. 182. 182. 181. 184. 181. 182. 180. 182. 182. 183.]
 [162. 181. 189. 193. 194. 194. 197. 194. 196. 197. 175. 186. 194. 191.
  202. 207. 205. 210. 209. 217. 205. 211. 170. 174. 176. 176. 175. 173.
  178. 177. 174. 178. 176. 179. 179. 177. 178. 180. 180. 178.]]
##############################
[[ 62.  77.  85.  84.  87.  81.  79.  80.  81.  81.  79.  87. 102. 101.
  119. 124. 121. 131. 125. 131. 127. 129. 128. 102. 106. 107. 104. 106.
  108. 111. 103. 106. 107. 114. 108. 110. 115. 113. 108. 111.]
 [250. 250. 250. 250. 250. 250. 250. 250. 250. 250. 250. 250. 250. 249.
  248. 250. 250. 248. 249. 250. 250. 249. 249. 200. 199. 200. 198. 199.
  200. 200. 200. 200. 199. 199. 199. 200. 199. 200. 200. 200.]
 [167. 189. 192. 197. 194. 198. 194. 199. 201. 199. 178. 173. 177. 191.
  190. 199. 200. 210. 205. 211. 214. 218. 218. 174. 176. 176. 181. 181.
  182. 181. 182. 182. 181. 184. 181. 182. 180. 182. 182. 183.]
 [162. 181. 189. 193. 194. 194. 197. 194. 196. 197. 175. 186. 194. 191.
  202. 207. 205. 210. 209. 217. 205. 211. 213. 174. 176. 176. 175. 173.
  178. 177. 174. 178. 176. 179. 179. 177. 178. 180. 180. 178.]]
##############################
[[ 62.  77.  85.  84.  87.  81.  79.  80.  81.  81.  79.  87. 102. 101.
  119. 124. 121. 131. 125. 131. 127. 129. 128. 127. 106. 107. 104. 106.
  108. 111. 103. 106. 107. 114. 108. 110. 115. 113. 108. 111.]
 [250. 250. 250. 250. 250. 250. 250. 250. 250. 250. 250. 250. 250. 249.
  248. 250. 250. 248. 249. 250. 250. 249. 249. 250. 199. 200. 198. 199.
  200. 200. 200. 200. 199. 199. 199. 200. 199. 200. 200. 200.]
 [167. 189. 192. 197. 194. 198. 194. 199. 201. 199. 178. 173. 177. 191.
  190. 199. 200. 210. 205. 211. 214. 218. 218. 216. 176. 176. 181. 181.
  182. 181. 182. 182. 181. 184. 181. 182. 180. 182. 182. 183.]
 [162. 181. 189. 193. 194. 194. 197. 194. 196. 197. 175. 186. 194. 191.
  202. 207. 205. 210. 209. 217. 205. 211. 213. 218. 176. 176. 175. 173.
  178. 177. 174. 178. 176. 179. 179. 177. 178. 180. 180. 178.]]
##############################
[[ 62.  77.  85.  84.  87.  81.  79.  80.  81.  81.  79.  87. 102. 101.
  119. 124. 121. 131. 125. 131. 127. 129. 128. 127. 134. 107. 104. 106.
  108. 111. 103. 106. 107. 114. 108. 110. 115. 113. 108. 111.]
 [250. 250. 250. 250. 250. 250. 250. 250. 250. 250. 250. 250. 250. 249.
  248. 250. 250. 248. 249. 250. 250. 249. 249. 250. 249. 200. 198. 199.
  200. 200. 200. 200. 199. 199. 199. 200. 199. 200. 200. 200.]
 [167. 189. 192. 197. 194. 198. 194. 199. 201. 199. 178. 173. 177. 191.
  190. 199. 200. 210. 205. 211. 214. 218. 218. 216. 220. 176. 181. 181.
  182. 181. 182. 182. 181. 184. 181. 182. 180. 182. 182. 183.]
 [162. 181. 189. 193. 194. 194. 197. 194. 196. 197. 175. 186. 194. 191.
  202. 207. 205. 210. 209. 217. 205. 211. 213. 218. 219. 176. 175. 173.
  178. 177. 174. 178. 176. 179. 179. 177. 178. 180. 180. 178.]]
##############################
[[ 62.  77.  85.  84.  87.  81.  79.  80.  81.  81.  79.  87. 102. 101.
  119. 124. 121. 131. 125. 131. 127. 129. 128. 127. 134. 135. 104. 106.
  108. 111. 103. 106. 107. 114. 108. 110. 115. 113. 108. 111.]
 [250. 250. 250. 250. 250. 250. 250. 250. 250. 250. 250. 250. 250. 249.
  248. 250. 250. 248. 249. 250. 250. 249. 249. 250. 249. 250. 198. 199.
  200. 200. 200. 200. 199. 199. 199. 200. 199. 200. 200. 200.]
 [167. 189. 192. 197. 194. 198. 194. 199. 201. 199. 178. 173. 177. 191.
  190. 199. 200. 210. 205. 211. 214. 218. 218. 216. 220. 220. 181. 181.
  182. 181. 182. 182. 181. 184. 181. 182. 180. 182. 182. 183.]
 [162. 181. 189. 193. 194. 194. 197. 194. 196. 197. 175. 186. 194. 191.
  202. 207. 205. 210. 209. 217. 205. 211. 213. 218. 219. 221. 175. 173.
  178. 177. 174. 178. 176. 179. 179. 177. 178. 180. 180. 178.]]
##############################
[[ 62.  77.  85.  84.  87.  81.  79.  80.  81.  81.  79.  87. 102. 101.
  119. 124. 121. 131. 125. 131. 127. 129. 128. 127. 134. 135. 132. 106.
  108. 111. 103. 106. 107. 114. 108. 110. 115. 113. 108. 111.]
 [250. 250. 250. 250. 250. 250. 250. 250. 250. 250. 250. 250. 250. 249.
  248. 250. 250. 248. 249. 250. 250. 249. 249. 250. 249. 250. 248. 199.
  200. 200. 200. 200. 199. 199. 199. 200. 199. 200. 200. 200.]
 [167. 189. 192. 197. 194. 198. 194. 199. 201. 199. 178. 173. 177. 191.
  190. 199. 200. 210. 205. 211. 214. 218. 218. 216. 220. 220. 226. 181.
  182. 181. 182. 182. 181. 184. 181. 182. 180. 182. 182. 183.]
 [162. 181. 189. 193. 194. 194. 197. 194. 196. 197. 175. 186. 194. 191.
  202. 207. 205. 210. 209. 217. 205. 211. 213. 218. 219. 221. 218. 173.
  178. 177. 174. 178. 176. 179. 179. 177. 178. 180. 180. 178.]]
##############################
[[ 62.  77.  85.  84.  87.  81.  79.  80.  81.  81.  79.  87. 102. 101.
  119. 124. 121. 131. 125. 131. 127. 129. 128. 127. 134. 135. 132. 135.
  108. 111. 103. 106. 107. 114. 108. 110. 115. 113. 108. 111.]
 [250. 250. 250. 250. 250. 250. 250. 250. 250. 250. 250. 250. 250. 249.
  248. 250. 250. 248. 249. 250. 250. 249. 249. 250. 249. 250. 248. 249.
  200. 200. 200. 200. 199. 199. 199. 200. 199. 200. 200. 200.]
 [167. 189. 192. 197. 194. 198. 194. 199. 201. 199. 178. 173. 177. 191.
  190. 199. 200. 210. 205. 211. 214. 218. 218. 216. 220. 220. 226. 224.
  182. 181. 182. 182. 181. 184. 181. 182. 180. 182. 182. 183.]
 [162. 181. 189. 193. 194. 194. 197. 194. 196. 197. 175. 186. 194. 191.
  202. 207. 205. 210. 209. 217. 205. 211. 213. 218. 219. 221. 218. 217.
  178. 177. 174. 178. 176. 179. 179. 177. 178. 180. 180. 178.]]
##############################
[[ 62.  77.  85.  84.  87.  81.  79.  80.  81.  81.  79.  87. 102. 101.
  119. 124. 121. 131. 125. 131. 127. 129. 128. 127. 134. 135. 132. 135.
  139. 111. 103. 106. 107. 114. 108. 110. 115. 113. 108. 111.]
 [250. 250. 250. 250. 250. 250. 250. 250. 250. 250. 250. 250. 250. 249.
  248. 250. 250. 248. 249. 250. 250. 249. 249. 250. 249. 250. 248. 249.
  250. 200. 200. 200. 199. 199. 199. 200. 199. 200. 200. 200.]
 [167. 189. 192. 197. 194. 198. 194. 199. 201. 199. 178. 173. 177. 191.
  190. 199. 200. 210. 205. 211. 214. 218. 218. 216. 220. 220. 226. 224.
  226. 181. 182. 182. 181. 184. 181. 182. 180. 182. 182. 183.]
 [162. 181. 189. 193. 194. 194. 197. 194. 196. 197. 175. 186. 194. 191.
  202. 207. 205. 210. 209. 217. 205. 211. 213. 218. 219. 221. 218. 217.
  222. 177. 174. 178. 176. 179. 179. 177. 178. 180. 180. 178.]]
##############################
[[ 62.  77.  85.  84.  87.  81.  79.  80.  81.  81.  79.  87. 102. 101.
  119. 124. 121. 131. 125. 131. 127. 129. 128. 127. 134. 135. 132. 135.
  139. 141. 103. 106. 107. 114. 108. 110. 115. 113. 108. 111.]
 [250. 250. 250. 250. 250. 250. 250. 250. 250. 250. 250. 250. 250. 249.
  248. 250. 250. 248. 249. 250. 250. 249. 249. 250. 249. 250. 248. 249.
  250. 250. 200. 200. 199. 199. 199. 200. 199. 200. 200. 200.]
 [167. 189. 192. 197. 194. 198. 194. 199. 201. 199. 178. 173. 177. 191.
  190. 199. 200. 210. 205. 211. 214. 218. 218. 216. 220. 220. 226. 224.
  226. 226. 182. 182. 181. 184. 181. 182. 180. 182. 182. 183.]
 [162. 181. 189. 193. 194. 194. 197. 194. 196. 197. 175. 186. 194. 191.
  202. 207. 205. 210. 209. 217. 205. 211. 213. 218. 219. 221. 218. 217.
  222. 221. 174. 178. 176. 179. 179. 177. 178. 180. 180. 178.]]
##############################
[[ 62.  77.  85.  84.  87.  81.  79.  80.  81.  81.  79.  87. 102. 101.
  119. 124. 121. 131. 125. 131. 127. 129. 128. 127. 134. 135. 132. 135.
  139. 141. 133. 106. 107. 114. 108. 110. 115. 113. 108. 111.]
 [250. 250. 250. 250. 250. 250. 250. 250. 250. 250. 250. 250. 250. 249.
  248. 250. 250. 248. 249. 250. 250. 249. 249. 250. 249. 250. 248. 249.
  250. 250. 250. 200. 199. 199. 199. 200. 199. 200. 200. 200.]
 [167. 189. 192. 197. 194. 198. 194. 199. 201. 199. 178. 173. 177. 191.
  190. 199. 200. 210. 205. 211. 214. 218. 218. 216. 220. 220. 226. 224.
  226. 226. 228. 182. 181. 184. 181. 182. 180. 182. 182. 183.]
 [162. 181. 189. 193. 194. 194. 197. 194. 196. 197. 175. 186. 194. 191.
  202. 207. 205. 210. 209. 217. 205. 211. 213. 218. 219. 221. 218. 217.
  222. 221. 220. 178. 176. 179. 179. 177. 178. 180. 180. 178.]]
##############################
[[ 62.  77.  85.  84.  87.  81.  79.  80.  81.  81.  79.  87. 102. 101.
  119. 124. 121. 131. 125. 131. 127. 129. 128. 127. 134. 135. 132. 135.
  139. 141. 133. 134. 107. 114. 108. 110. 115. 113. 108. 111.]
 [250. 250. 250. 250. 250. 250. 250. 250. 250. 250. 250. 250. 250. 249.
  248. 250. 250. 248. 249. 250. 250. 249. 249. 250. 249. 250. 248. 249.
  250. 250. 250. 250. 199. 199. 199. 200. 199. 200. 200. 200.]
 [167. 189. 192. 197. 194. 198. 194. 199. 201. 199. 178. 173. 177. 191.
  190. 199. 200. 210. 205. 211. 214. 218. 218. 216. 220. 220. 226. 224.
  226. 226. 228. 227. 181. 184. 181. 182. 180. 182. 182. 183.]
 [162. 181. 189. 193. 194. 194. 197. 194. 196. 197. 175. 186. 194. 191.
  202. 207. 205. 210. 209. 217. 205. 211. 213. 218. 219. 221. 218. 217.
  222. 221. 220. 224. 176. 179. 179. 177. 178. 180. 180. 178.]]
##############################
[[ 62.  77.  85.  84.  87.  81.  79.  80.  81.  81.  79.  87. 102. 101.
  119. 124. 121. 131. 125. 131. 127. 129. 128. 127. 134. 135. 132. 135.
  139. 141. 133. 134. 137. 114. 108. 110. 115. 113. 108. 111.]
 [250. 250. 250. 250. 250. 250. 250. 250. 250. 250. 250. 250. 250. 249.
  248. 250. 250. 248. 249. 250. 250. 249. 249. 250. 249. 250. 248. 249.
  250. 250. 250. 250. 249. 199. 199. 200. 199. 200. 200. 200.]
 [167. 189. 192. 197. 194. 198. 194. 199. 201. 199. 178. 173. 177. 191.
  190. 199. 200. 210. 205. 211. 214. 218. 218. 216. 220. 220. 226. 224.
  226. 226. 228. 227. 226. 184. 181. 182. 180. 182. 182. 183.]
 [162. 181. 189. 193. 194. 194. 197. 194. 196. 197. 175. 186. 194. 191.
  202. 207. 205. 210. 209. 217. 205. 211. 213. 218. 219. 221. 218. 217.
  222. 221. 220. 224. 221. 179. 179. 177. 178. 180. 180. 178.]]
##############################
[[ 62.  77.  85.  84.  87.  81.  79.  80.  81.  81.  79.  87. 102. 101.
  119. 124. 121. 131. 125. 131. 127. 129. 128. 127. 134. 135. 132. 135.
  139. 141. 133. 134. 137. 144. 108. 110. 115. 113. 108. 111.]
 [250. 250. 250. 250. 250. 250. 250. 250. 250. 250. 250. 250. 250. 249.
  248. 250. 250. 248. 249. 250. 250. 249. 249. 250. 249. 250. 248. 249.
  250. 250. 250. 250. 249. 249. 199. 200. 199. 200. 200. 200.]
 [167. 189. 192. 197. 194. 198. 194. 199. 201. 199. 178. 173. 177. 191.
  190. 199. 200. 210. 205. 211. 214. 218. 218. 216. 220. 220. 226. 224.
  226. 226. 228. 227. 226. 230. 181. 182. 180. 182. 182. 183.]
 [162. 181. 189. 193. 194. 194. 197. 194. 196. 197. 175. 186. 194. 191.
  202. 207. 205. 210. 209. 217. 205. 211. 213. 218. 219. 221. 218. 217.
  222. 221. 220. 224. 221. 223. 179. 177. 178. 180. 180. 178.]]
##############################
[[ 62.  77.  85.  84.  87.  81.  79.  80.  81.  81.  79.  87. 102. 101.
  119. 124. 121. 131. 125. 131. 127. 129. 128. 127. 134. 135. 132. 135.
  139. 141. 133. 134. 137. 144. 139. 110. 115. 113. 108. 111.]
 [250. 250. 250. 250. 250. 250. 250. 250. 250. 250. 250. 250. 250. 249.
  248. 250. 250. 248. 249. 250. 250. 249. 249. 250. 249. 250. 248. 249.
  250. 250. 250. 250. 249. 249. 249. 200. 199. 200. 200. 200.]
 [167. 189. 192. 197. 194. 198. 194. 199. 201. 199. 178. 173. 177. 191.
  190. 199. 200. 210. 205. 211. 214. 218. 218. 216. 220. 220. 226. 224.
  226. 226. 228. 227. 226. 230. 225. 182. 180. 182. 182. 183.]
 [162. 181. 189. 193. 194. 194. 197. 194. 196. 197. 175. 186. 194. 191.
  202. 207. 205. 210. 209. 217. 205. 211. 213. 218. 219. 221. 218. 217.
  222. 221. 220. 224. 221. 223. 224. 177. 178. 180. 180. 178.]]
##############################
[[ 62.  77.  85.  84.  87.  81.  79.  80.  81.  81.  79.  87. 102. 101.
  119. 124. 121. 131. 125. 131. 127. 129. 128. 127. 134. 135. 132. 135.
  139. 141. 133. 134. 137. 144. 139. 140. 115. 113. 108. 111.]
 [250. 250. 250. 250. 250. 250. 250. 250. 250. 250. 250. 250. 250. 249.
  248. 250. 250. 248. 249. 250. 250. 249. 249. 250. 249. 250. 248. 249.
  250. 250. 250. 250. 249. 249. 249. 250. 199. 200. 200. 200.]
 [167. 189. 192. 197. 194. 198. 194. 199. 201. 199. 178. 173. 177. 191.
  190. 199. 200. 210. 205. 211. 214. 218. 218. 216. 220. 220. 226. 224.
  226. 226. 228. 227. 226. 230. 225. 227. 180. 182. 182. 183.]
 [162. 181. 189. 193. 194. 194. 197. 194. 196. 197. 175. 186. 194. 191.
  202. 207. 205. 210. 209. 217. 205. 211. 213. 218. 219. 221. 218. 217.
  222. 221. 220. 224. 221. 223. 224. 223. 178. 180. 180. 178.]]
##############################
[[ 62.  77.  85.  84.  87.  81.  79.  80.  81.  81.  79.  87. 102. 101.
  119. 124. 121. 131. 125. 131. 127. 129. 128. 127. 134. 135. 132. 135.
  139. 141. 133. 134. 137. 144. 139. 140. 145. 113. 108. 111.]
 [250. 250. 250. 250. 250. 250. 250. 250. 250. 250. 250. 250. 250. 249.
  248. 250. 250. 248. 249. 250. 250. 249. 249. 250. 249. 250. 248. 249.
  250. 250. 250. 250. 249. 249. 249. 250. 249. 200. 200. 200.]
 [167. 189. 192. 197. 194. 198. 194. 199. 201. 199. 178. 173. 177. 191.
  190. 199. 200. 210. 205. 211. 214. 218. 218. 216. 220. 220. 226. 224.
  226. 226. 228. 227. 226. 230. 225. 227. 224. 182. 182. 183.]
 [162. 181. 189. 193. 194. 194. 197. 194. 196. 197. 175. 186. 194. 191.
  202. 207. 205. 210. 209. 217. 205. 211. 213. 218. 219. 221. 218. 217.
  222. 221. 220. 224. 221. 223. 224. 223. 223. 180. 180. 178.]]
##############################
[[ 62.  77.  85.  84.  87.  81.  79.  80.  81.  81.  79.  87. 102. 101.
  119. 124. 121. 131. 125. 131. 127. 129. 128. 127. 134. 135. 132. 135.
  139. 141. 133. 134. 137. 144. 139. 140. 145. 143. 108. 111.]
 [250. 250. 250. 250. 250. 250. 250. 250. 250. 250. 250. 250. 250. 249.
  248. 250. 250. 248. 249. 250. 250. 249. 249. 250. 249. 250. 248. 249.
  250. 250. 250. 250. 249. 249. 249. 250. 249. 250. 200. 200.]
 [167. 189. 192. 197. 194. 198. 194. 199. 201. 199. 178. 173. 177. 191.
  190. 199. 200. 210. 205. 211. 214. 218. 218. 216. 220. 220. 226. 224.
  226. 226. 228. 227. 226. 230. 225. 227. 224. 226. 182. 183.]
 [162. 181. 189. 193. 194. 194. 197. 194. 196. 197. 175. 186. 194. 191.
  202. 207. 205. 210. 209. 217. 205. 211. 213. 218. 219. 221. 218. 217.
  222. 221. 220. 224. 221. 223. 224. 223. 223. 226. 180. 178.]]
##############################
[[ 62.  77.  85.  84.  87.  81.  79.  80.  81.  81.  79.  87. 102. 101.
  119. 124. 121. 131. 125. 131. 127. 129. 128. 127. 134. 135. 132. 135.
  139. 141. 133. 134. 137. 144. 139. 140. 145. 143. 138. 111.]
 [250. 250. 250. 250. 250. 250. 250. 250. 250. 250. 250. 250. 250. 249.
  248. 250. 250. 248. 249. 250. 250. 249. 249. 250. 249. 250. 248. 249.
  250. 250. 250. 250. 249. 249. 249. 250. 249. 250. 250. 200.]
 [167. 189. 192. 197. 194. 198. 194. 199. 201. 199. 178. 173. 177. 191.
  190. 199. 200. 210. 205. 211. 214. 218. 218. 216. 220. 220. 226. 224.
  226. 226. 228. 227. 226. 230. 225. 227. 224. 226. 227. 183.]
 [162. 181. 189. 193. 194. 194. 197. 194. 196. 197. 175. 186. 194. 191.
  202. 207. 205. 210. 209. 217. 205. 211. 213. 218. 219. 221. 218. 217.
  222. 221. 220. 224. 221. 223. 224. 223. 223. 226. 226. 178.]]
##############################
[[ 62.  77.  85.  84.  87.  81.  79.  80.  81.  81.  79.  87. 102. 101.
  119. 124. 121. 131. 125. 131. 127. 129. 128. 127. 134. 135. 132. 135.
  139. 141. 133. 134. 137. 144. 139. 140. 145. 143. 138. 140.]
 [250. 250. 250. 250. 250. 250. 250. 250. 250. 250. 250. 250. 250. 249.
  248. 250. 250. 248. 249. 250. 250. 249. 249. 250. 249. 250. 248. 249.
  250. 250. 250. 250. 249. 249. 249. 250. 249. 250. 250. 250.]
 [167. 189. 192. 197. 194. 198. 194. 199. 201. 199. 178. 173. 177. 191.
  190. 199. 200. 210. 205. 211. 214. 218. 218. 216. 220. 220. 226. 224.
  226. 226. 228. 227. 226. 230. 225. 227. 224. 226. 227. 229.]
 [162. 181. 189. 193. 194. 194. 197. 194. 196. 197. 175. 186. 194. 191.
  202. 207. 205. 210. 209. 217. 205. 211. 213. 218. 219. 221. 218. 217.
  222. 221. 220. 224. 221. 223. 224. 223. 223. 226. 226. 223.]]
##############################
##################################################
##################################################
starting :6 batch
[[ 74.  77.  85.  84.  87.  81.  79.  80.  81.  81.  79.  87. 102. 101.
  119. 124. 121. 131. 125. 131. 127. 129. 128. 127. 134. 135. 132. 135.
  139. 141. 133. 134. 137. 144. 139. 140. 145. 143. 138. 140.]
 [300. 250. 250. 250. 250. 250. 250. 250. 250. 250. 250. 250. 250. 249.
  248. 250. 250. 248. 249. 250. 250. 249. 249. 250. 249. 250. 248. 249.
  250. 250. 250. 250. 249. 249. 249. 250. 249. 250. 250. 250.]
 [200. 189. 192. 197. 194. 198. 194. 199. 201. 199. 178. 173. 177. 191.
  190. 199. 200. 210. 205. 211. 214. 218. 218. 216. 220. 220. 226. 224.
  226. 226. 228. 227. 226. 230. 225. 227. 224. 226. 227. 229.]
 [196. 181. 189. 193. 194. 194. 197. 194. 196. 197. 175. 186. 194. 191.
  202. 207. 205. 210. 209. 217. 205. 211. 213. 218. 219. 221. 218. 217.
  222. 221. 220. 224. 221. 223. 224. 223. 223. 226. 226. 223.]]
##############################
[[ 74.  92.  85.  84.  87.  81.  79.  80.  81.  81.  79.  87. 102. 101.
  119. 124. 121. 131. 125. 131. 127. 129. 128. 127. 134. 135. 132. 135.
  139. 141. 133. 134. 137. 144. 139. 140. 145. 143. 138. 140.]
 [300. 300. 250. 250. 250. 250. 250. 250. 250. 250. 250. 250. 250. 249.
  248. 250. 250. 248. 249. 250. 250. 249. 249. 250. 249. 250. 248. 249.
  250. 250. 250. 250. 249. 249. 249. 250. 249. 250. 250. 250.]
 [200. 224. 192. 197. 194. 198. 194. 199. 201. 199. 178. 173. 177. 191.
  190. 199. 200. 210. 205. 211. 214. 218. 218. 216. 220. 220. 226. 224.
  226. 226. 228. 227. 226. 230. 225. 227. 224. 226. 227. 229.]
 [196. 217. 189. 193. 194. 194. 197. 194. 196. 197. 175. 186. 194. 191.
  202. 207. 205. 210. 209. 217. 205. 211. 213. 218. 219. 221. 218. 217.
  222. 221. 220. 224. 221. 223. 224. 223. 223. 226. 226. 223.]]
##############################
[[ 74.  92.  99.  84.  87.  81.  79.  80.  81.  81.  79.  87. 102. 101.
  119. 124. 121. 131. 125. 131. 127. 129. 128. 127. 134. 135. 132. 135.
  139. 141. 133. 134. 137. 144. 139. 140. 145. 143. 138. 140.]
 [300. 300. 300. 250. 250. 250. 250. 250. 250. 250. 250. 250. 250. 249.
  248. 250. 250. 248. 249. 250. 250. 249. 249. 250. 249. 250. 248. 249.
  250. 250. 250. 250. 249. 249. 249. 250. 249. 250. 250. 250.]
 [200. 224. 230. 197. 194. 198. 194. 199. 201. 199. 178. 173. 177. 191.
  190. 199. 200. 210. 205. 211. 214. 218. 218. 216. 220. 220. 226. 224.
  226. 226. 228. 227. 226. 230. 225. 227. 224. 226. 227. 229.]
 [196. 217. 226. 193. 194. 194. 197. 194. 196. 197. 175. 186. 194. 191.
  202. 207. 205. 210. 209. 217. 205. 211. 213. 218. 219. 221. 218. 217.
  222. 221. 220. 224. 221. 223. 224. 223. 223. 226. 226. 223.]]
##############################
[[ 74.  92.  99. 100.  87.  81.  79.  80.  81.  81.  79.  87. 102. 101.
  119. 124. 121. 131. 125. 131. 127. 129. 128. 127. 134. 135. 132. 135.
  139. 141. 133. 134. 137. 144. 139. 140. 145. 143. 138. 140.]
 [300. 300. 300. 300. 250. 250. 250. 250. 250. 250. 250. 250. 250. 249.
  248. 250. 250. 248. 249. 250. 250. 249. 249. 250. 249. 250. 248. 249.
  250. 250. 250. 250. 249. 249. 249. 250. 249. 250. 250. 250.]
 [200. 224. 230. 236. 194. 198. 194. 199. 201. 199. 178. 173. 177. 191.
  190. 199. 200. 210. 205. 211. 214. 218. 218. 216. 220. 220. 226. 224.
  226. 226. 228. 227. 226. 230. 225. 227. 224. 226. 227. 229.]
 [196. 217. 226. 231. 194. 194. 197. 194. 196. 197. 175. 186. 194. 191.
  202. 207. 205. 210. 209. 217. 205. 211. 213. 218. 219. 221. 218. 217.
  222. 221. 220. 224. 221. 223. 224. 223. 223. 226. 226. 223.]]
##############################
[[ 74.  92.  99. 100. 102.  81.  79.  80.  81.  81.  79.  87. 102. 101.
  119. 124. 121. 131. 125. 131. 127. 129. 128. 127. 134. 135. 132. 135.
  139. 141. 133. 134. 137. 144. 139. 140. 145. 143. 138. 140.]
 [300. 300. 300. 300. 300. 250. 250. 250. 250. 250. 250. 250. 250. 249.
  248. 250. 250. 248. 249. 250. 250. 249. 249. 250. 249. 250. 248. 249.
  250. 250. 250. 250. 249. 249. 249. 250. 249. 250. 250. 250.]
 [200. 224. 230. 236. 232. 198. 194. 199. 201. 199. 178. 173. 177. 191.
  190. 199. 200. 210. 205. 211. 214. 218. 218. 216. 220. 220. 226. 224.
  226. 226. 228. 227. 226. 230. 225. 227. 224. 226. 227. 229.]
 [196. 217. 226. 231. 232. 194. 197. 194. 196. 197. 175. 186. 194. 191.
  202. 207. 205. 210. 209. 217. 205. 211. 213. 218. 219. 221. 218. 217.
  222. 221. 220. 224. 221. 223. 224. 223. 223. 226. 226. 223.]]
##############################
[[ 74.  92.  99. 100. 102.  95.  79.  80.  81.  81.  79.  87. 102. 101.
  119. 124. 121. 131. 125. 131. 127. 129. 128. 127. 134. 135. 132. 135.
  139. 141. 133. 134. 137. 144. 139. 140. 145. 143. 138. 140.]
 [300. 300. 300. 300. 300. 300. 250. 250. 250. 250. 250. 250. 250. 249.
  248. 250. 250. 248. 249. 250. 250. 249. 249. 250. 249. 250. 248. 249.
  250. 250. 250. 250. 249. 249. 249. 250. 249. 250. 250. 250.]
 [200. 224. 230. 236. 232. 237. 194. 199. 201. 199. 178. 173. 177. 191.
  190. 199. 200. 210. 205. 211. 214. 218. 218. 216. 220. 220. 226. 224.
  226. 226. 228. 227. 226. 230. 225. 227. 224. 226. 227. 229.]
 [196. 217. 226. 231. 232. 233. 197. 194. 196. 197. 175. 186. 194. 191.
  202. 207. 205. 210. 209. 217. 205. 211. 213. 218. 219. 221. 218. 217.
  222. 221. 220. 224. 221. 223. 224. 223. 223. 226. 226. 223.]]
##############################
[[ 74.  92.  99. 100. 102.  95.  93.  80.  81.  81.  79.  87. 102. 101.
  119. 124. 121. 131. 125. 131. 127. 129. 128. 127. 134. 135. 132. 135.
  139. 141. 133. 134. 137. 144. 139. 140. 145. 143. 138. 140.]
 [300. 300. 300. 300. 300. 300. 300. 250. 250. 250. 250. 250. 250. 249.
  248. 250. 250. 248. 249. 250. 250. 249. 249. 250. 249. 250. 248. 249.
  250. 250. 250. 250. 249. 249. 249. 250. 249. 250. 250. 250.]
 [200. 224. 230. 236. 232. 237. 234. 199. 201. 199. 178. 173. 177. 191.
  190. 199. 200. 210. 205. 211. 214. 218. 218. 216. 220. 220. 226. 224.
  226. 226. 228. 227. 226. 230. 225. 227. 224. 226. 227. 229.]
 [196. 217. 226. 231. 232. 233. 237. 194. 196. 197. 175. 186. 194. 191.
  202. 207. 205. 210. 209. 217. 205. 211. 213. 218. 219. 221. 218. 217.
  222. 221. 220. 224. 221. 223. 224. 223. 223. 226. 226. 223.]]
##############################
[[ 74.  92.  99. 100. 102.  95.  93.  95.  81.  81.  79.  87. 102. 101.
  119. 124. 121. 131. 125. 131. 127. 129. 128. 127. 134. 135. 132. 135.
  139. 141. 133. 134. 137. 144. 139. 140. 145. 143. 138. 140.]
 [300. 300. 300. 300. 300. 300. 300. 300. 250. 250. 250. 250. 250. 249.
  248. 250. 250. 248. 249. 250. 250. 249. 249. 250. 249. 250. 248. 249.
  250. 250. 250. 250. 249. 249. 249. 250. 249. 250. 250. 250.]
 [200. 224. 230. 236. 232. 237. 234. 240. 201. 199. 178. 173. 177. 191.
  190. 199. 200. 210. 205. 211. 214. 218. 218. 216. 220. 220. 226. 224.
  226. 226. 228. 227. 226. 230. 225. 227. 224. 226. 227. 229.]
 [196. 217. 226. 231. 232. 233. 237. 236. 196. 197. 175. 186. 194. 191.
  202. 207. 205. 210. 209. 217. 205. 211. 213. 218. 219. 221. 218. 217.
  222. 221. 220. 224. 221. 223. 224. 223. 223. 226. 226. 223.]]
##############################
[[ 74.  92.  99. 100. 102.  95.  93.  95.  97.  81.  79.  87. 102. 101.
  119. 124. 121. 131. 125. 131. 127. 129. 128. 127. 134. 135. 132. 135.
  139. 141. 133. 134. 137. 144. 139. 140. 145. 143. 138. 140.]
 [300. 300. 300. 300. 300. 300. 300. 300. 300. 250. 250. 250. 250. 249.
  248. 250. 250. 248. 249. 250. 250. 249. 249. 250. 249. 250. 248. 249.
  250. 250. 250. 250. 249. 249. 249. 250. 249. 250. 250. 250.]
 [200. 224. 230. 236. 232. 237. 234. 240. 241. 199. 178. 173. 177. 191.
  190. 199. 200. 210. 205. 211. 214. 218. 218. 216. 220. 220. 226. 224.
  226. 226. 228. 227. 226. 230. 225. 227. 224. 226. 227. 229.]
 [196. 217. 226. 231. 232. 233. 237. 236. 237. 197. 175. 186. 194. 191.
  202. 207. 205. 210. 209. 217. 205. 211. 213. 218. 219. 221. 218. 217.
  222. 221. 220. 224. 221. 223. 224. 223. 223. 226. 226. 223.]]
##############################
[[ 74.  92.  99. 100. 102.  95.  93.  95.  97.  96.  79.  87. 102. 101.
  119. 124. 121. 131. 125. 131. 127. 129. 128. 127. 134. 135. 132. 135.
  139. 141. 133. 134. 137. 144. 139. 140. 145. 143. 138. 140.]
 [300. 300. 300. 300. 300. 300. 300. 300. 300. 300. 250. 250. 250. 249.
  248. 250. 250. 248. 249. 250. 250. 249. 249. 250. 249. 250. 248. 249.
  250. 250. 250. 250. 249. 249. 249. 250. 249. 250. 250. 250.]
 [200. 224. 230. 236. 232. 237. 234. 240. 241. 238. 178. 173. 177. 191.
  190. 199. 200. 210. 205. 211. 214. 218. 218. 216. 220. 220. 226. 224.
  226. 226. 228. 227. 226. 230. 225. 227. 224. 226. 227. 229.]
 [196. 217. 226. 231. 232. 233. 237. 236. 237. 238. 175. 186. 194. 191.
  202. 207. 205. 210. 209. 217. 205. 211. 213. 218. 219. 221. 218. 217.
  222. 221. 220. 224. 221. 223. 224. 223. 223. 226. 226. 223.]]
##############################
[[ 74.  92.  99. 100. 102.  95.  93.  95.  97.  96.  96.  87. 102. 101.
  119. 124. 121. 131. 125. 131. 127. 129. 128. 127. 134. 135. 132. 135.
  139. 141. 133. 134. 137. 144. 139. 140. 145. 143. 138. 140.]
 [300. 300. 300. 300. 300. 300. 300. 300. 300. 300. 300. 250. 250. 249.
  248. 250. 250. 248. 249. 250. 250. 249. 249. 250. 249. 250. 248. 249.
  250. 250. 250. 250. 249. 249. 249. 250. 249. 250. 250. 250.]
 [200. 224. 230. 236. 232. 237. 234. 240. 241. 238. 212. 173. 177. 191.
  190. 199. 200. 210. 205. 211. 214. 218. 218. 216. 220. 220. 226. 224.
  226. 226. 228. 227. 226. 230. 225. 227. 224. 226. 227. 229.]
 [196. 217. 226. 231. 232. 233. 237. 236. 237. 238. 212. 186. 194. 191.
  202. 207. 205. 210. 209. 217. 205. 211. 213. 218. 219. 221. 218. 217.
  222. 221. 220. 224. 221. 223. 224. 223. 223. 226. 226. 223.]]
##############################
[[ 74.  92.  99. 100. 102.  95.  93.  95.  97.  96.  96. 102. 102. 101.
  119. 124. 121. 131. 125. 131. 127. 129. 128. 127. 134. 135. 132. 135.
  139. 141. 133. 134. 137. 144. 139. 140. 145. 143. 138. 140.]
 [300. 300. 300. 300. 300. 300. 300. 300. 300. 300. 300. 300. 250. 249.
  248. 250. 250. 248. 249. 250. 250. 249. 249. 250. 249. 250. 248. 249.
  250. 250. 250. 250. 249. 249. 249. 250. 249. 250. 250. 250.]
 [200. 224. 230. 236. 232. 237. 234. 240. 241. 238. 212. 210. 177. 191.
  190. 199. 200. 210. 205. 211. 214. 218. 218. 216. 220. 220. 226. 224.
  226. 226. 228. 227. 226. 230. 225. 227. 224. 226. 227. 229.]
 [196. 217. 226. 231. 232. 233. 237. 236. 237. 238. 212. 225. 194. 191.
  202. 207. 205. 210. 209. 217. 205. 211. 213. 218. 219. 221. 218. 217.
  222. 221. 220. 224. 221. 223. 224. 223. 223. 226. 226. 223.]]
##############################
[[ 74.  92.  99. 100. 102.  95.  93.  95.  97.  96.  96. 102. 122. 101.
  119. 124. 121. 131. 125. 131. 127. 129. 128. 127. 134. 135. 132. 135.
  139. 141. 133. 134. 137. 144. 139. 140. 145. 143. 138. 140.]
 [300. 300. 300. 300. 300. 300. 300. 300. 300. 300. 300. 300. 300. 249.
  248. 250. 250. 248. 249. 250. 250. 249. 249. 250. 249. 250. 248. 249.
  250. 250. 250. 250. 249. 249. 249. 250. 249. 250. 250. 250.]
 [200. 224. 230. 236. 232. 237. 234. 240. 241. 238. 212. 210. 216. 191.
  190. 199. 200. 210. 205. 211. 214. 218. 218. 216. 220. 220. 226. 224.
  226. 226. 228. 227. 226. 230. 225. 227. 224. 226. 227. 229.]
 [196. 217. 226. 231. 232. 233. 237. 236. 237. 238. 212. 225. 235. 191.
  202. 207. 205. 210. 209. 217. 205. 211. 213. 218. 219. 221. 218. 217.
  222. 221. 220. 224. 221. 223. 224. 223. 223. 226. 226. 223.]]
##############################
[[ 74.  92.  99. 100. 102.  95.  93.  95.  97.  96.  96. 102. 122. 123.
  119. 124. 121. 131. 125. 131. 127. 129. 128. 127. 134. 135. 132. 135.
  139. 141. 133. 134. 137. 144. 139. 140. 145. 143. 138. 140.]
 [300. 300. 300. 300. 300. 300. 300. 300. 300. 300. 300. 300. 300. 299.
  248. 250. 250. 248. 249. 250. 250. 249. 249. 250. 249. 250. 248. 249.
  250. 250. 250. 250. 249. 249. 249. 250. 249. 250. 250. 250.]
 [200. 224. 230. 236. 232. 237. 234. 240. 241. 238. 212. 210. 216. 233.
  190. 199. 200. 210. 205. 211. 214. 218. 218. 216. 220. 220. 226. 224.
  226. 226. 228. 227. 226. 230. 225. 227. 224. 226. 227. 229.]
 [196. 217. 226. 231. 232. 233. 237. 236. 237. 238. 212. 225. 235. 232.
  202. 207. 205. 210. 209. 217. 205. 211. 213. 218. 219. 221. 218. 217.
  222. 221. 220. 224. 221. 223. 224. 223. 223. 226. 226. 223.]]
##############################
[[ 74.  92.  99. 100. 102.  95.  93.  95.  97.  96.  96. 102. 122. 123.
  146. 124. 121. 131. 125. 131. 127. 129. 128. 127. 134. 135. 132. 135.
  139. 141. 133. 134. 137. 144. 139. 140. 145. 143. 138. 140.]
 [300. 300. 300. 300. 300. 300. 300. 300. 300. 300. 300. 300. 300. 299.
  298. 250. 250. 248. 249. 250. 250. 249. 249. 250. 249. 250. 248. 249.
  250. 250. 250. 250. 249. 249. 249. 250. 249. 250. 250. 250.]
 [200. 224. 230. 236. 232. 237. 234. 240. 241. 238. 212. 210. 216. 233.
  233. 199. 200. 210. 205. 211. 214. 218. 218. 216. 220. 220. 226. 224.
  226. 226. 228. 227. 226. 230. 225. 227. 224. 226. 227. 229.]
 [196. 217. 226. 231. 232. 233. 237. 236. 237. 238. 212. 225. 235. 232.
  243. 207. 205. 210. 209. 217. 205. 211. 213. 218. 219. 221. 218. 217.
  222. 221. 220. 224. 221. 223. 224. 223. 223. 226. 226. 223.]]
##############################
[[ 74.  92.  99. 100. 102.  95.  93.  95.  97.  96.  96. 102. 122. 123.
  146. 147. 121. 131. 125. 131. 127. 129. 128. 127. 134. 135. 132. 135.
  139. 141. 133. 134. 137. 144. 139. 140. 145. 143. 138. 140.]
 [300. 300. 300. 300. 300. 300. 300. 300. 300. 300. 300. 300. 300. 299.
  298. 300. 250. 248. 249. 250. 250. 249. 249. 250. 249. 250. 248. 249.
  250. 250. 250. 250. 249. 249. 249. 250. 249. 250. 250. 250.]
 [200. 224. 230. 236. 232. 237. 234. 240. 241. 238. 212. 210. 216. 233.
  233. 244. 200. 210. 205. 211. 214. 218. 218. 216. 220. 220. 226. 224.
  226. 226. 228. 227. 226. 230. 225. 227. 224. 226. 227. 229.]
 [196. 217. 226. 231. 232. 233. 237. 236. 237. 238. 212. 225. 235. 232.
  243. 246. 205. 210. 209. 217. 205. 211. 213. 218. 219. 221. 218. 217.
  222. 221. 220. 224. 221. 223. 224. 223. 223. 226. 226. 223.]]
##############################
[[ 74.  92.  99. 100. 102.  95.  93.  95.  97.  96.  96. 102. 122. 123.
  146. 147. 145. 131. 125. 131. 127. 129. 128. 127. 134. 135. 132. 135.
  139. 141. 133. 134. 137. 144. 139. 140. 145. 143. 138. 140.]
 [300. 300. 300. 300. 300. 300. 300. 300. 300. 300. 300. 300. 300. 299.
  298. 300. 300. 248. 249. 250. 250. 249. 249. 250. 249. 250. 248. 249.
  250. 250. 250. 250. 249. 249. 249. 250. 249. 250. 250. 250.]
 [200. 224. 230. 236. 232. 237. 234. 240. 241. 238. 212. 210. 216. 233.
  233. 244. 242. 210. 205. 211. 214. 218. 218. 216. 220. 220. 226. 224.
  226. 226. 228. 227. 226. 230. 225. 227. 224. 226. 227. 229.]
 [196. 217. 226. 231. 232. 233. 237. 236. 237. 238. 212. 225. 235. 232.
  243. 246. 246. 210. 209. 217. 205. 211. 213. 218. 219. 221. 218. 217.
  222. 221. 220. 224. 221. 223. 224. 223. 223. 226. 226. 223.]]
##############################
[[ 74.  92.  99. 100. 102.  95.  93.  95.  97.  96.  96. 102. 122. 123.
  146. 147. 145. 156. 125. 131. 127. 129. 128. 127. 134. 135. 132. 135.
  139. 141. 133. 134. 137. 144. 139. 140. 145. 143. 138. 140.]
 [300. 300. 300. 300. 300. 300. 300. 300. 300. 300. 300. 300. 300. 299.
  298. 300. 300. 298. 249. 250. 250. 249. 249. 250. 249. 250. 248. 249.
  250. 250. 250. 250. 249. 249. 249. 250. 249. 250. 250. 250.]
 [200. 224. 230. 236. 232. 237. 234. 240. 241. 238. 212. 210. 216. 233.
  233. 244. 242. 256. 205. 211. 214. 218. 218. 216. 220. 220. 226. 224.
  226. 226. 228. 227. 226. 230. 225. 227. 224. 226. 227. 229.]
 [196. 217. 226. 231. 232. 233. 237. 236. 237. 238. 212. 225. 235. 232.
  243. 246. 246. 249. 209. 217. 205. 211. 213. 218. 219. 221. 218. 217.
  222. 221. 220. 224. 221. 223. 224. 223. 223. 226. 226. 223.]]
##############################
[[ 74.  92.  99. 100. 102.  95.  93.  95.  97.  96.  96. 102. 122. 123.
  146. 147. 145. 156. 156. 131. 127. 129. 128. 127. 134. 135. 132. 135.
  139. 141. 133. 134. 137. 144. 139. 140. 145. 143. 138. 140.]
 [300. 300. 300. 300. 300. 300. 300. 300. 300. 300. 300. 300. 300. 299.
  298. 300. 300. 298. 299. 250. 250. 249. 249. 250. 249. 250. 248. 249.
  250. 250. 250. 250. 249. 249. 249. 250. 249. 250. 250. 250.]
 [200. 224. 230. 236. 232. 237. 234. 240. 241. 238. 212. 210. 216. 233.
  233. 244. 242. 256. 251. 211. 214. 218. 218. 216. 220. 220. 226. 224.
  226. 226. 228. 227. 226. 230. 225. 227. 224. 226. 227. 229.]
 [196. 217. 226. 231. 232. 233. 237. 236. 237. 238. 212. 225. 235. 232.
  243. 246. 246. 249. 249. 217. 205. 211. 213. 218. 219. 221. 218. 217.
  222. 221. 220. 224. 221. 223. 224. 223. 223. 226. 226. 223.]]
##############################
[[ 74.  92.  99. 100. 102.  95.  93.  95.  97.  96.  96. 102. 122. 123.
  146. 147. 145. 156. 156. 159. 127. 129. 128. 127. 134. 135. 132. 135.
  139. 141. 133. 134. 137. 144. 139. 140. 145. 143. 138. 140.]
 [300. 300. 300. 300. 300. 300. 300. 300. 300. 300. 300. 300. 300. 299.
  298. 300. 300. 298. 299. 300. 250. 249. 249. 250. 249. 250. 248. 249.
  250. 250. 250. 250. 249. 249. 249. 250. 249. 250. 250. 250.]
 [200. 224. 230. 236. 232. 237. 234. 240. 241. 238. 212. 210. 216. 233.
  233. 244. 242. 256. 251. 256. 214. 218. 218. 216. 220. 220. 226. 224.
  226. 226. 228. 227. 226. 230. 225. 227. 224. 226. 227. 229.]
 [196. 217. 226. 231. 232. 233. 237. 236. 237. 238. 212. 225. 235. 232.
  243. 246. 246. 249. 249. 259. 205. 211. 213. 218. 219. 221. 218. 217.
  222. 221. 220. 224. 221. 223. 224. 223. 223. 226. 226. 223.]]
##############################
[[ 74.  92.  99. 100. 102.  95.  93.  95.  97.  96.  96. 102. 122. 123.
  146. 147. 145. 156. 156. 159. 154. 129. 128. 127. 134. 135. 132. 135.
  139. 141. 133. 134. 137. 144. 139. 140. 145. 143. 138. 140.]
 [300. 300. 300. 300. 300. 300. 300. 300. 300. 300. 300. 300. 300. 299.
  298. 300. 300. 298. 299. 300. 300. 249. 249. 250. 249. 250. 248. 249.
  250. 250. 250. 250. 249. 249. 249. 250. 249. 250. 250. 250.]
 [200. 224. 230. 236. 232. 237. 234. 240. 241. 238. 212. 210. 216. 233.
  233. 244. 242. 256. 251. 256. 260. 218. 218. 216. 220. 220. 226. 224.
  226. 226. 228. 227. 226. 230. 225. 227. 224. 226. 227. 229.]
 [196. 217. 226. 231. 232. 233. 237. 236. 237. 238. 212. 225. 235. 232.
  243. 246. 246. 249. 249. 259. 246. 211. 213. 218. 219. 221. 218. 217.
  222. 221. 220. 224. 221. 223. 224. 223. 223. 226. 226. 223.]]
##############################
[[ 74.  92.  99. 100. 102.  95.  93.  95.  97.  96.  96. 102. 122. 123.
  146. 147. 145. 156. 156. 159. 154. 159. 128. 127. 134. 135. 132. 135.
  139. 141. 133. 134. 137. 144. 139. 140. 145. 143. 138. 140.]
 [300. 300. 300. 300. 300. 300. 300. 300. 300. 300. 300. 300. 300. 299.
  298. 300. 300. 298. 299. 300. 300. 299. 249. 250. 249. 250. 248. 249.
  250. 250. 250. 250. 249. 249. 249. 250. 249. 250. 250. 250.]
 [200. 224. 230. 236. 232. 237. 234. 240. 241. 238. 212. 210. 216. 233.
  233. 244. 242. 256. 251. 256. 260. 263. 218. 216. 220. 220. 226. 224.
  226. 226. 228. 227. 226. 230. 225. 227. 224. 226. 227. 229.]
 [196. 217. 226. 231. 232. 233. 237. 236. 237. 238. 212. 225. 235. 232.
  243. 246. 246. 249. 249. 259. 246. 254. 213. 218. 219. 221. 218. 217.
  222. 221. 220. 224. 221. 223. 224. 223. 223. 226. 226. 223.]]
##############################
[[ 74.  92.  99. 100. 102.  95.  93.  95.  97.  96.  96. 102. 122. 123.
  146. 147. 145. 156. 156. 159. 154. 159. 157. 127. 134. 135. 132. 135.
  139. 141. 133. 134. 137. 144. 139. 140. 145. 143. 138. 140.]
 [300. 300. 300. 300. 300. 300. 300. 300. 300. 300. 300. 300. 300. 299.
  298. 300. 300. 298. 299. 300. 300. 299. 299. 250. 249. 250. 248. 249.
  250. 250. 250. 250. 249. 249. 249. 250. 249. 250. 250. 250.]
 [200. 224. 230. 236. 232. 237. 234. 240. 241. 238. 212. 210. 216. 233.
  233. 244. 242. 256. 251. 256. 260. 263. 264. 216. 220. 220. 226. 224.
  226. 226. 228. 227. 226. 230. 225. 227. 224. 226. 227. 229.]
 [196. 217. 226. 231. 232. 233. 237. 236. 237. 238. 212. 225. 235. 232.
  243. 246. 246. 249. 249. 259. 246. 254. 257. 218. 219. 221. 218. 217.
  222. 221. 220. 224. 221. 223. 224. 223. 223. 226. 226. 223.]]
##############################
[[ 74.  92.  99. 100. 102.  95.  93.  95.  97.  96.  96. 102. 122. 123.
  146. 147. 145. 156. 156. 159. 154. 159. 157. 155. 134. 135. 132. 135.
  139. 141. 133. 134. 137. 144. 139. 140. 145. 143. 138. 140.]
 [300. 300. 300. 300. 300. 300. 300. 300. 300. 300. 300. 300. 300. 299.
  298. 300. 300. 298. 299. 300. 300. 299. 299. 300. 249. 250. 248. 249.
  250. 250. 250. 250. 249. 249. 249. 250. 249. 250. 250. 250.]
 [200. 224. 230. 236. 232. 237. 234. 240. 241. 238. 212. 210. 216. 233.
  233. 244. 242. 256. 251. 256. 260. 263. 264. 262. 220. 220. 226. 224.
  226. 226. 228. 227. 226. 230. 225. 227. 224. 226. 227. 229.]
 [196. 217. 226. 231. 232. 233. 237. 236. 237. 238. 212. 225. 235. 232.
  243. 246. 246. 249. 249. 259. 246. 254. 257. 260. 219. 221. 218. 217.
  222. 221. 220. 224. 221. 223. 224. 223. 223. 226. 226. 223.]]
##############################
[[ 74.  92.  99. 100. 102.  95.  93.  95.  97.  96.  96. 102. 122. 123.
  146. 147. 145. 156. 156. 159. 154. 159. 157. 155. 162. 135. 132. 135.
  139. 141. 133. 134. 137. 144. 139. 140. 145. 143. 138. 140.]
 [300. 300. 300. 300. 300. 300. 300. 300. 300. 300. 300. 300. 300. 299.
  298. 300. 300. 298. 299. 300. 300. 299. 299. 300. 299. 250. 248. 249.
  250. 250. 250. 250. 249. 249. 249. 250. 249. 250. 250. 250.]
 [200. 224. 230. 236. 232. 237. 234. 240. 241. 238. 212. 210. 216. 233.
  233. 244. 242. 256. 251. 256. 260. 263. 264. 262. 265. 220. 226. 224.
  226. 226. 228. 227. 226. 230. 225. 227. 224. 226. 227. 229.]
 [196. 217. 226. 231. 232. 233. 237. 236. 237. 238. 212. 225. 235. 232.
  243. 246. 246. 249. 249. 259. 246. 254. 257. 260. 262. 221. 218. 217.
  222. 221. 220. 224. 221. 223. 224. 223. 223. 226. 226. 223.]]
##############################
[[ 74.  92.  99. 100. 102.  95.  93.  95.  97.  96.  96. 102. 122. 123.
  146. 147. 145. 156. 156. 159. 154. 159. 157. 155. 162. 161. 132. 135.
  139. 141. 133. 134. 137. 144. 139. 140. 145. 143. 138. 140.]
 [300. 300. 300. 300. 300. 300. 300. 300. 300. 300. 300. 300. 300. 299.
  298. 300. 300. 298. 299. 300. 300. 299. 299. 300. 299. 300. 248. 249.
  250. 250. 250. 250. 249. 249. 249. 250. 249. 250. 250. 250.]
 [200. 224. 230. 236. 232. 237. 234. 240. 241. 238. 212. 210. 216. 233.
  233. 244. 242. 256. 251. 256. 260. 263. 264. 262. 265. 265. 226. 224.
  226. 226. 228. 227. 226. 230. 225. 227. 224. 226. 227. 229.]
 [196. 217. 226. 231. 232. 233. 237. 236. 237. 238. 212. 225. 235. 232.
  243. 246. 246. 249. 249. 259. 246. 254. 257. 260. 262. 263. 218. 217.
  222. 221. 220. 224. 221. 223. 224. 223. 223. 226. 226. 223.]]
##############################
[[ 74.  92.  99. 100. 102.  95.  93.  95.  97.  96.  96. 102. 122. 123.
  146. 147. 145. 156. 156. 159. 154. 159. 157. 155. 162. 161. 160. 135.
  139. 141. 133. 134. 137. 144. 139. 140. 145. 143. 138. 140.]
 [300. 300. 300. 300. 300. 300. 300. 300. 300. 300. 300. 300. 300. 299.
  298. 300. 300. 298. 299. 300. 300. 299. 299. 300. 299. 300. 298. 249.
  250. 250. 250. 250. 249. 249. 249. 250. 249. 250. 250. 250.]
 [200. 224. 230. 236. 232. 237. 234. 240. 241. 238. 212. 210. 216. 233.
  233. 244. 242. 256. 251. 256. 260. 263. 264. 262. 265. 265. 271. 224.
  226. 226. 228. 227. 226. 230. 225. 227. 224. 226. 227. 229.]
 [196. 217. 226. 231. 232. 233. 237. 236. 237. 238. 212. 225. 235. 232.
  243. 246. 246. 249. 249. 259. 246. 254. 257. 260. 262. 263. 261. 217.
  222. 221. 220. 224. 221. 223. 224. 223. 223. 226. 226. 223.]]
##############################
[[ 74.  92.  99. 100. 102.  95.  93.  95.  97.  96.  96. 102. 122. 123.
  146. 147. 145. 156. 156. 159. 154. 159. 157. 155. 162. 161. 160. 161.
  139. 141. 133. 134. 137. 144. 139. 140. 145. 143. 138. 140.]
 [300. 300. 300. 300. 300. 300. 300. 300. 300. 300. 300. 300. 300. 299.
  298. 300. 300. 298. 299. 300. 300. 299. 299. 300. 299. 300. 298. 299.
  250. 250. 250. 250. 249. 249. 249. 250. 249. 250. 250. 250.]
 [200. 224. 230. 236. 232. 237. 234. 240. 241. 238. 212. 210. 216. 233.
  233. 244. 242. 256. 251. 256. 260. 263. 264. 262. 265. 265. 271. 269.
  226. 226. 228. 227. 226. 230. 225. 227. 224. 226. 227. 229.]
 [196. 217. 226. 231. 232. 233. 237. 236. 237. 238. 212. 225. 235. 232.
  243. 246. 246. 249. 249. 259. 246. 254. 257. 260. 262. 263. 261. 260.
  222. 221. 220. 224. 221. 223. 224. 223. 223. 226. 226. 223.]]
##############################
[[ 74.  92.  99. 100. 102.  95.  93.  95.  97.  96.  96. 102. 122. 123.
  146. 147. 145. 156. 156. 159. 154. 159. 157. 155. 162. 161. 160. 161.
  169. 141. 133. 134. 137. 144. 139. 140. 145. 143. 138. 140.]
 [300. 300. 300. 300. 300. 300. 300. 300. 300. 300. 300. 300. 300. 299.
  298. 300. 300. 298. 299. 300. 300. 299. 299. 300. 299. 300. 298. 299.
  300. 250. 250. 250. 249. 249. 249. 250. 249. 250. 250. 250.]
 [200. 224. 230. 236. 232. 237. 234. 240. 241. 238. 212. 210. 216. 233.
  233. 244. 242. 256. 251. 256. 260. 263. 264. 262. 265. 265. 271. 269.
  272. 226. 228. 227. 226. 230. 225. 227. 224. 226. 227. 229.]
 [196. 217. 226. 231. 232. 233. 237. 236. 237. 238. 212. 225. 235. 232.
  243. 246. 246. 249. 249. 259. 246. 254. 257. 260. 262. 263. 261. 260.
  265. 221. 220. 224. 221. 223. 224. 223. 223. 226. 226. 223.]]
##############################
[[ 74.  92.  99. 100. 102.  95.  93.  95.  97.  96.  96. 102. 122. 123.
  146. 147. 145. 156. 156. 159. 154. 159. 157. 155. 162. 161. 160. 161.
  169. 174. 133. 134. 137. 144. 139. 140. 145. 143. 138. 140.]
 [300. 300. 300. 300. 300. 300. 300. 300. 300. 300. 300. 300. 300. 299.
  298. 300. 300. 298. 299. 300. 300. 299. 299. 300. 299. 300. 298. 299.
  300. 300. 250. 250. 249. 249. 249. 250. 249. 250. 250. 250.]
 [200. 224. 230. 236. 232. 237. 234. 240. 241. 238. 212. 210. 216. 233.
  233. 244. 242. 256. 251. 256. 260. 263. 264. 262. 265. 265. 271. 269.
  272. 271. 228. 227. 226. 230. 225. 227. 224. 226. 227. 229.]
 [196. 217. 226. 231. 232. 233. 237. 236. 237. 238. 212. 225. 235. 232.
  243. 246. 246. 249. 249. 259. 246. 254. 257. 260. 262. 263. 261. 260.
  265. 265. 220. 224. 221. 223. 224. 223. 223. 226. 226. 223.]]
##############################
[[ 74.  92.  99. 100. 102.  95.  93.  95.  97.  96.  96. 102. 122. 123.
  146. 147. 145. 156. 156. 159. 154. 159. 157. 155. 162. 161. 160. 161.
  169. 174. 163. 134. 137. 144. 139. 140. 145. 143. 138. 140.]
 [300. 300. 300. 300. 300. 300. 300. 300. 300. 300. 300. 300. 300. 299.
  298. 300. 300. 298. 299. 300. 300. 299. 299. 300. 299. 300. 298. 299.
  300. 300. 300. 250. 249. 249. 249. 250. 249. 250. 250. 250.]
 [200. 224. 230. 236. 232. 237. 234. 240. 241. 238. 212. 210. 216. 233.
  233. 244. 242. 256. 251. 256. 260. 263. 264. 262. 265. 265. 271. 269.
  272. 271. 273. 227. 226. 230. 225. 227. 224. 226. 227. 229.]
 [196. 217. 226. 231. 232. 233. 237. 236. 237. 238. 212. 225. 235. 232.
  243. 246. 246. 249. 249. 259. 246. 254. 257. 260. 262. 263. 261. 260.
  265. 265. 264. 224. 221. 223. 224. 223. 223. 226. 226. 223.]]
##############################
[[ 74.  92.  99. 100. 102.  95.  93.  95.  97.  96.  96. 102. 122. 123.
  146. 147. 145. 156. 156. 159. 154. 159. 157. 155. 162. 161. 160. 161.
  169. 174. 163. 160. 137. 144. 139. 140. 145. 143. 138. 140.]
 [300. 300. 300. 300. 300. 300. 300. 300. 300. 300. 300. 300. 300. 299.
  298. 300. 300. 298. 299. 300. 300. 299. 299. 300. 299. 300. 298. 299.
  300. 300. 300. 300. 249. 249. 249. 250. 249. 250. 250. 250.]
 [200. 224. 230. 236. 232. 237. 234. 240. 241. 238. 212. 210. 216. 233.
  233. 244. 242. 256. 251. 256. 260. 263. 264. 262. 265. 265. 271. 269.
  272. 271. 273. 272. 226. 230. 225. 227. 224. 226. 227. 229.]
 [196. 217. 226. 231. 232. 233. 237. 236. 237. 238. 212. 225. 235. 232.
  243. 246. 246. 249. 249. 259. 246. 254. 257. 260. 262. 263. 261. 260.
  265. 265. 264. 268. 221. 223. 224. 223. 223. 226. 226. 223.]]
##############################
[[ 74.  92.  99. 100. 102.  95.  93.  95.  97.  96.  96. 102. 122. 123.
  146. 147. 145. 156. 156. 159. 154. 159. 157. 155. 162. 161. 160. 161.
  169. 174. 163. 160. 166. 144. 139. 140. 145. 143. 138. 140.]
 [300. 300. 300. 300. 300. 300. 300. 300. 300. 300. 300. 300. 300. 299.
  298. 300. 300. 298. 299. 300. 300. 299. 299. 300. 299. 300. 298. 299.
  300. 300. 300. 300. 299. 249. 249. 250. 249. 250. 250. 250.]
 [200. 224. 230. 236. 232. 237. 234. 240. 241. 238. 212. 210. 216. 233.
  233. 244. 242. 256. 251. 256. 260. 263. 264. 262. 265. 265. 271. 269.
  272. 271. 273. 272. 271. 230. 225. 227. 224. 226. 227. 229.]
 [196. 217. 226. 231. 232. 233. 237. 236. 237. 238. 212. 225. 235. 232.
  243. 246. 246. 249. 249. 259. 246. 254. 257. 260. 262. 263. 261. 260.
  265. 265. 264. 268. 266. 223. 224. 223. 223. 226. 226. 223.]]
##############################
[[ 74.  92.  99. 100. 102.  95.  93.  95.  97.  96.  96. 102. 122. 123.
  146. 147. 145. 156. 156. 159. 154. 159. 157. 155. 162. 161. 160. 161.
  169. 174. 163. 160. 166. 171. 139. 140. 145. 143. 138. 140.]
 [300. 300. 300. 300. 300. 300. 300. 300. 300. 300. 300. 300. 300. 299.
  298. 300. 300. 298. 299. 300. 300. 299. 299. 300. 299. 300. 298. 299.
  300. 300. 300. 300. 299. 299. 249. 250. 249. 250. 250. 250.]
 [200. 224. 230. 236. 232. 237. 234. 240. 241. 238. 212. 210. 216. 233.
  233. 244. 242. 256. 251. 256. 260. 263. 264. 262. 265. 265. 271. 269.
  272. 271. 273. 272. 271. 276. 225. 227. 224. 226. 227. 229.]
 [196. 217. 226. 231. 232. 233. 237. 236. 237. 238. 212. 225. 235. 232.
  243. 246. 246. 249. 249. 259. 246. 254. 257. 260. 262. 263. 261. 260.
  265. 265. 264. 268. 266. 267. 224. 223. 223. 226. 226. 223.]]
##############################
[[ 74.  92.  99. 100. 102.  95.  93.  95.  97.  96.  96. 102. 122. 123.
  146. 147. 145. 156. 156. 159. 154. 159. 157. 155. 162. 161. 160. 161.
  169. 174. 163. 160. 166. 171. 168. 140. 145. 143. 138. 140.]
 [300. 300. 300. 300. 300. 300. 300. 300. 300. 300. 300. 300. 300. 299.
  298. 300. 300. 298. 299. 300. 300. 299. 299. 300. 299. 300. 298. 299.
  300. 300. 300. 300. 299. 299. 299. 250. 249. 250. 250. 250.]
 [200. 224. 230. 236. 232. 237. 234. 240. 241. 238. 212. 210. 216. 233.
  233. 244. 242. 256. 251. 256. 260. 263. 264. 262. 265. 265. 271. 269.
  272. 271. 273. 272. 271. 276. 269. 227. 224. 226. 227. 229.]
 [196. 217. 226. 231. 232. 233. 237. 236. 237. 238. 212. 225. 235. 232.
  243. 246. 246. 249. 249. 259. 246. 254. 257. 260. 262. 263. 261. 260.
  265. 265. 264. 268. 266. 267. 268. 223. 223. 226. 226. 223.]]
##############################
[[ 74.  92.  99. 100. 102.  95.  93.  95.  97.  96.  96. 102. 122. 123.
  146. 147. 145. 156. 156. 159. 154. 159. 157. 155. 162. 161. 160. 161.
  169. 174. 163. 160. 166. 171. 168. 170. 145. 143. 138. 140.]
 [300. 300. 300. 300. 300. 300. 300. 300. 300. 300. 300. 300. 300. 299.
  298. 300. 300. 298. 299. 300. 300. 299. 299. 300. 299. 300. 298. 299.
  300. 300. 300. 300. 299. 299. 299. 300. 249. 250. 250. 250.]
 [200. 224. 230. 236. 232. 237. 234. 240. 241. 238. 212. 210. 216. 233.
  233. 244. 242. 256. 251. 256. 260. 263. 264. 262. 265. 265. 271. 269.
  272. 271. 273. 272. 271. 276. 269. 273. 224. 226. 227. 229.]
 [196. 217. 226. 231. 232. 233. 237. 236. 237. 238. 212. 225. 235. 232.
  243. 246. 246. 249. 249. 259. 246. 254. 257. 260. 262. 263. 261. 260.
  265. 265. 264. 268. 266. 267. 268. 269. 223. 226. 226. 223.]]
##############################
[[ 74.  92.  99. 100. 102.  95.  93.  95.  97.  96.  96. 102. 122. 123.
  146. 147. 145. 156. 156. 159. 154. 159. 157. 155. 162. 161. 160. 161.
  169. 174. 163. 160. 166. 171. 168. 170. 173. 143. 138. 140.]
 [300. 300. 300. 300. 300. 300. 300. 300. 300. 300. 300. 300. 300. 299.
  298. 300. 300. 298. 299. 300. 300. 299. 299. 300. 299. 300. 298. 299.
  300. 300. 300. 300. 299. 299. 299. 300. 299. 250. 250. 250.]
 [200. 224. 230. 236. 232. 237. 234. 240. 241. 238. 212. 210. 216. 233.
  233. 244. 242. 256. 251. 256. 260. 263. 264. 262. 265. 265. 271. 269.
  272. 271. 273. 272. 271. 276. 269. 273. 270. 226. 227. 229.]
 [196. 217. 226. 231. 232. 233. 237. 236. 237. 238. 212. 225. 235. 232.
  243. 246. 246. 249. 249. 259. 246. 254. 257. 260. 262. 263. 261. 260.
  265. 265. 264. 268. 266. 267. 268. 269. 267. 226. 226. 223.]]
##############################
[[ 74.  92.  99. 100. 102.  95.  93.  95.  97.  96.  96. 102. 122. 123.
  146. 147. 145. 156. 156. 159. 154. 159. 157. 155. 162. 161. 160. 161.
  169. 174. 163. 160. 166. 171. 168. 170. 173. 173. 138. 140.]
 [300. 300. 300. 300. 300. 300. 300. 300. 300. 300. 300. 300. 300. 299.
  298. 300. 300. 298. 299. 300. 300. 299. 299. 300. 299. 300. 298. 299.
  300. 300. 300. 300. 299. 299. 299. 300. 299. 300. 250. 250.]
 [200. 224. 230. 236. 232. 237. 234. 240. 241. 238. 212. 210. 216. 233.
  233. 244. 242. 256. 251. 256. 260. 263. 264. 262. 265. 265. 271. 269.
  272. 271. 273. 272. 271. 276. 269. 273. 270. 272. 227. 229.]
 [196. 217. 226. 231. 232. 233. 237. 236. 237. 238. 212. 225. 235. 232.
  243. 246. 246. 249. 249. 259. 246. 254. 257. 260. 262. 263. 261. 260.
  265. 265. 264. 268. 266. 267. 268. 269. 267. 269. 226. 223.]]
##############################
[[ 74.  92.  99. 100. 102.  95.  93.  95.  97.  96.  96. 102. 122. 123.
  146. 147. 145. 156. 156. 159. 154. 159. 157. 155. 162. 161. 160. 161.
  169. 174. 163. 160. 166. 171. 168. 170. 173. 173. 168. 140.]
 [300. 300. 300. 300. 300. 300. 300. 300. 300. 300. 300. 300. 300. 299.
  298. 300. 300. 298. 299. 300. 300. 299. 299. 300. 299. 300. 298. 299.
  300. 300. 300. 300. 299. 299. 299. 300. 299. 300. 300. 250.]
 [200. 224. 230. 236. 232. 237. 234. 240. 241. 238. 212. 210. 216. 233.
  233. 244. 242. 256. 251. 256. 260. 263. 264. 262. 265. 265. 271. 269.
  272. 271. 273. 272. 271. 276. 269. 273. 270. 272. 273. 229.]
 [196. 217. 226. 231. 232. 233. 237. 236. 237. 238. 212. 225. 235. 232.
  243. 246. 246. 249. 249. 259. 246. 254. 257. 260. 262. 263. 261. 260.
  265. 265. 264. 268. 266. 267. 268. 269. 267. 269. 270. 223.]]
##############################
[[ 74.  92.  99. 100. 102.  95.  93.  95.  97.  96.  96. 102. 122. 123.
  146. 147. 145. 156. 156. 159. 154. 159. 157. 155. 162. 161. 160. 161.
  169. 174. 163. 160. 166. 171. 168. 170. 173. 173. 168. 167.]
 [300. 300. 300. 300. 300. 300. 300. 300. 300. 300. 300. 300. 300. 299.
  298. 300. 300. 298. 299. 300. 300. 299. 299. 300. 299. 300. 298. 299.
  300. 300. 300. 300. 299. 299. 299. 300. 299. 300. 300. 300.]
 [200. 224. 230. 236. 232. 237. 234. 240. 241. 238. 212. 210. 216. 233.
  233. 244. 242. 256. 251. 256. 260. 263. 264. 262. 265. 265. 271. 269.
  272. 271. 273. 272. 271. 276. 269. 273. 270. 272. 273. 276.]
 [196. 217. 226. 231. 232. 233. 237. 236. 237. 238. 212. 225. 235. 232.
  243. 246. 246. 249. 249. 259. 246. 254. 257. 260. 262. 263. 261. 260.
  265. 265. 264. 268. 266. 267. 268. 269. 267. 269. 270. 269.]]
##############################
##################################################
##################################################
starting :7 batch
[[ 95.  92.  99. 100. 102.  95.  93.  95.  97.  96.  96. 102. 122. 123.
  146. 147. 145. 156. 156. 159. 154. 159. 157. 155. 162. 161. 160. 161.
  169. 174. 163. 160. 166. 171. 168. 170. 173. 173. 168. 167.]
 [350. 300. 300. 300. 300. 300. 300. 300. 300. 300. 300. 300. 300. 299.
  298. 300. 300. 298. 299. 300. 300. 299. 299. 300. 299. 300. 298. 299.
  300. 300. 300. 300. 299. 299. 299. 300. 299. 300. 300. 300.]
 [236. 224. 230. 236. 232. 237. 234. 240. 241. 238. 212. 210. 216. 233.
  233. 244. 242. 256. 251. 256. 260. 263. 264. 262. 265. 265. 271. 269.
  272. 271. 273. 272. 271. 276. 269. 273. 270. 272. 273. 276.]
 [227. 217. 226. 231. 232. 233. 237. 236. 237. 238. 212. 225. 235. 232.
  243. 246. 246. 249. 249. 259. 246. 254. 257. 260. 262. 263. 261. 260.
  265. 265. 264. 268. 266. 267. 268. 269. 267. 269. 270. 269.]]
##############################
[[ 95. 112.  99. 100. 102.  95.  93.  95.  97.  96.  96. 102. 122. 123.
  146. 147. 145. 156. 156. 159. 154. 159. 157. 155. 162. 161. 160. 161.
  169. 174. 163. 160. 166. 171. 168. 170. 173. 173. 168. 167.]
 [350. 350. 300. 300. 300. 300. 300. 300. 300. 300. 300. 300. 300. 299.
  298. 300. 300. 298. 299. 300. 300. 299. 299. 300. 299. 300. 298. 299.
  300. 300. 300. 300. 299. 299. 299. 300. 299. 300. 300. 300.]
 [236. 262. 230. 236. 232. 237. 234. 240. 241. 238. 212. 210. 216. 233.
  233. 244. 242. 256. 251. 256. 260. 263. 264. 262. 265. 265. 271. 269.
  272. 271. 273. 272. 271. 276. 269. 273. 270. 272. 273. 276.]
 [227. 253. 226. 231. 232. 233. 237. 236. 237. 238. 212. 225. 235. 232.
  243. 246. 246. 249. 249. 259. 246. 254. 257. 260. 262. 263. 261. 260.
  265. 265. 264. 268. 266. 267. 268. 269. 267. 269. 270. 269.]]
##############################
[[ 95. 112. 119. 100. 102.  95.  93.  95.  97.  96.  96. 102. 122. 123.
  146. 147. 145. 156. 156. 159. 154. 159. 157. 155. 162. 161. 160. 161.
  169. 174. 163. 160. 166. 171. 168. 170. 173. 173. 168. 167.]
 [350. 350. 350. 300. 300. 300. 300. 300. 300. 300. 300. 300. 300. 299.
  298. 300. 300. 298. 299. 300. 300. 299. 299. 300. 299. 300. 298. 299.
  300. 300. 300. 300. 299. 299. 299. 300. 299. 300. 300. 300.]
 [236. 262. 270. 236. 232. 237. 234. 240. 241. 238. 212. 210. 216. 233.
  233. 244. 242. 256. 251. 256. 260. 263. 264. 262. 265. 265. 271. 269.
  272. 271. 273. 272. 271. 276. 269. 273. 270. 272. 273. 276.]
 [227. 253. 262. 231. 232. 233. 237. 236. 237. 238. 212. 225. 235. 232.
  243. 246. 246. 249. 249. 259. 246. 254. 257. 260. 262. 263. 261. 260.
  265. 265. 264. 268. 266. 267. 268. 269. 267. 269. 270. 269.]]
##############################
[[ 95. 112. 119. 120. 102.  95.  93.  95.  97.  96.  96. 102. 122. 123.
  146. 147. 145. 156. 156. 159. 154. 159. 157. 155. 162. 161. 160. 161.
  169. 174. 163. 160. 166. 171. 168. 170. 173. 173. 168. 167.]
 [350. 350. 350. 350. 300. 300. 300. 300. 300. 300. 300. 300. 300. 299.
  298. 300. 300. 298. 299. 300. 300. 299. 299. 300. 299. 300. 298. 299.
  300. 300. 300. 300. 299. 299. 299. 300. 299. 300. 300. 300.]
 [236. 262. 270. 277. 232. 237. 234. 240. 241. 238. 212. 210. 216. 233.
  233. 244. 242. 256. 251. 256. 260. 263. 264. 262. 265. 265. 271. 269.
  272. 271. 273. 272. 271. 276. 269. 273. 270. 272. 273. 276.]
 [227. 253. 262. 266. 232. 233. 237. 236. 237. 238. 212. 225. 235. 232.
  243. 246. 246. 249. 249. 259. 246. 254. 257. 260. 262. 263. 261. 260.
  265. 265. 264. 268. 266. 267. 268. 269. 267. 269. 270. 269.]]
##############################
[[ 95. 112. 119. 120. 121.  95.  93.  95.  97.  96.  96. 102. 122. 123.
  146. 147. 145. 156. 156. 159. 154. 159. 157. 155. 162. 161. 160. 161.
  169. 174. 163. 160. 166. 171. 168. 170. 173. 173. 168. 167.]
 [350. 350. 350. 350. 350. 300. 300. 300. 300. 300. 300. 300. 300. 299.
  298. 300. 300. 298. 299. 300. 300. 299. 299. 300. 299. 300. 298. 299.
  300. 300. 300. 300. 299. 299. 299. 300. 299. 300. 300. 300.]
 [236. 262. 270. 277. 271. 237. 234. 240. 241. 238. 212. 210. 216. 233.
  233. 244. 242. 256. 251. 256. 260. 263. 264. 262. 265. 265. 271. 269.
  272. 271. 273. 272. 271. 276. 269. 273. 270. 272. 273. 276.]
 [227. 253. 262. 266. 268. 233. 237. 236. 237. 238. 212. 225. 235. 232.
  243. 246. 246. 249. 249. 259. 246. 254. 257. 260. 262. 263. 261. 260.
  265. 265. 264. 268. 266. 267. 268. 269. 267. 269. 270. 269.]]
##############################
[[ 95. 112. 119. 120. 121. 115.  93.  95.  97.  96.  96. 102. 122. 123.
  146. 147. 145. 156. 156. 159. 154. 159. 157. 155. 162. 161. 160. 161.
  169. 174. 163. 160. 166. 171. 168. 170. 173. 173. 168. 167.]
 [350. 350. 350. 350. 350. 350. 300. 300. 300. 300. 300. 300. 300. 299.
  298. 300. 300. 298. 299. 300. 300. 299. 299. 300. 299. 300. 298. 299.
  300. 300. 300. 300. 299. 299. 299. 300. 299. 300. 300. 300.]
 [236. 262. 270. 277. 271. 277. 234. 240. 241. 238. 212. 210. 216. 233.
  233. 244. 242. 256. 251. 256. 260. 263. 264. 262. 265. 265. 271. 269.
  272. 271. 273. 272. 271. 276. 269. 273. 270. 272. 273. 276.]
 [227. 253. 262. 266. 268. 268. 237. 236. 237. 238. 212. 225. 235. 232.
  243. 246. 246. 249. 249. 259. 246. 254. 257. 260. 262. 263. 261. 260.
  265. 265. 264. 268. 266. 267. 268. 269. 267. 269. 270. 269.]]
##############################
[[ 95. 112. 119. 120. 121. 115. 113.  95.  97.  96.  96. 102. 122. 123.
  146. 147. 145. 156. 156. 159. 154. 159. 157. 155. 162. 161. 160. 161.
  169. 174. 163. 160. 166. 171. 168. 170. 173. 173. 168. 167.]
 [350. 350. 350. 350. 350. 350. 350. 300. 300. 300. 300. 300. 300. 299.
  298. 300. 300. 298. 299. 300. 300. 299. 299. 300. 299. 300. 298. 299.
  300. 300. 300. 300. 299. 299. 299. 300. 299. 300. 300. 300.]
 [236. 262. 270. 277. 271. 277. 273. 240. 241. 238. 212. 210. 216. 233.
  233. 244. 242. 256. 251. 256. 260. 263. 264. 262. 265. 265. 271. 269.
  272. 271. 273. 272. 271. 276. 269. 273. 270. 272. 273. 276.]
 [227. 253. 262. 266. 268. 268. 271. 236. 237. 238. 212. 225. 235. 232.
  243. 246. 246. 249. 249. 259. 246. 254. 257. 260. 262. 263. 261. 260.
  265. 265. 264. 268. 266. 267. 268. 269. 267. 269. 270. 269.]]
##############################
[[ 95. 112. 119. 120. 121. 115. 113. 114.  97.  96.  96. 102. 122. 123.
  146. 147. 145. 156. 156. 159. 154. 159. 157. 155. 162. 161. 160. 161.
  169. 174. 163. 160. 166. 171. 168. 170. 173. 173. 168. 167.]
 [350. 350. 350. 350. 350. 350. 350. 350. 300. 300. 300. 300. 300. 299.
  298. 300. 300. 298. 299. 300. 300. 299. 299. 300. 299. 300. 298. 299.
  300. 300. 300. 300. 299. 299. 299. 300. 299. 300. 300. 300.]
 [236. 262. 270. 277. 271. 277. 273. 280. 241. 238. 212. 210. 216. 233.
  233. 244. 242. 256. 251. 256. 260. 263. 264. 262. 265. 265. 271. 269.
  272. 271. 273. 272. 271. 276. 269. 273. 270. 272. 273. 276.]
 [227. 253. 262. 266. 268. 268. 271. 274. 237. 238. 212. 225. 235. 232.
  243. 246. 246. 249. 249. 259. 246. 254. 257. 260. 262. 263. 261. 260.
  265. 265. 264. 268. 266. 267. 268. 269. 267. 269. 270. 269.]]
##############################
[[ 95. 112. 119. 120. 121. 115. 113. 114. 117.  96.  96. 102. 122. 123.
  146. 147. 145. 156. 156. 159. 154. 159. 157. 155. 162. 161. 160. 161.
  169. 174. 163. 160. 166. 171. 168. 170. 173. 173. 168. 167.]
 [350. 350. 350. 350. 350. 350. 350. 350. 350. 300. 300. 300. 300. 299.
  298. 300. 300. 298. 299. 300. 300. 299. 299. 300. 299. 300. 298. 299.
  300. 300. 300. 300. 299. 299. 299. 300. 299. 300. 300. 300.]
 [236. 262. 270. 277. 271. 277. 273. 280. 279. 238. 212. 210. 216. 233.
  233. 244. 242. 256. 251. 256. 260. 263. 264. 262. 265. 265. 271. 269.
  272. 271. 273. 272. 271. 276. 269. 273. 270. 272. 273. 276.]
 [227. 253. 262. 266. 268. 268. 271. 274. 275. 238. 212. 225. 235. 232.
  243. 246. 246. 249. 249. 259. 246. 254. 257. 260. 262. 263. 261. 260.
  265. 265. 264. 268. 266. 267. 268. 269. 267. 269. 270. 269.]]
##############################
[[ 95. 112. 119. 120. 121. 115. 113. 114. 117. 115.  96. 102. 122. 123.
  146. 147. 145. 156. 156. 159. 154. 159. 157. 155. 162. 161. 160. 161.
  169. 174. 163. 160. 166. 171. 168. 170. 173. 173. 168. 167.]
 [350. 350. 350. 350. 350. 350. 350. 350. 350. 350. 300. 300. 300. 299.
  298. 300. 300. 298. 299. 300. 300. 299. 299. 300. 299. 300. 298. 299.
  300. 300. 300. 300. 299. 299. 299. 300. 299. 300. 300. 300.]
 [236. 262. 270. 277. 271. 277. 273. 280. 279. 277. 212. 210. 216. 233.
  233. 244. 242. 256. 251. 256. 260. 263. 264. 262. 265. 265. 271. 269.
  272. 271. 273. 272. 271. 276. 269. 273. 270. 272. 273. 276.]
 [227. 253. 262. 266. 268. 268. 271. 274. 275. 274. 212. 225. 235. 232.
  243. 246. 246. 249. 249. 259. 246. 254. 257. 260. 262. 263. 261. 260.
  265. 265. 264. 268. 266. 267. 268. 269. 267. 269. 270. 269.]]
##############################
[[ 95. 112. 119. 120. 121. 115. 113. 114. 117. 115. 116. 102. 122. 123.
  146. 147. 145. 156. 156. 159. 154. 159. 157. 155. 162. 161. 160. 161.
  169. 174. 163. 160. 166. 171. 168. 170. 173. 173. 168. 167.]
 [350. 350. 350. 350. 350. 350. 350. 350. 350. 350. 350. 300. 300. 299.
  298. 300. 300. 298. 299. 300. 300. 299. 299. 300. 299. 300. 298. 299.
  300. 300. 300. 300. 299. 299. 299. 300. 299. 300. 300. 300.]
 [236. 262. 270. 277. 271. 277. 273. 280. 279. 277. 247. 210. 216. 233.
  233. 244. 242. 256. 251. 256. 260. 263. 264. 262. 265. 265. 271. 269.
  272. 271. 273. 272. 271. 276. 269. 273. 270. 272. 273. 276.]
 [227. 253. 262. 266. 268. 268. 271. 274. 275. 274. 247. 225. 235. 232.
  243. 246. 246. 249. 249. 259. 246. 254. 257. 260. 262. 263. 261. 260.
  265. 265. 264. 268. 266. 267. 268. 269. 267. 269. 270. 269.]]
##############################
[[ 95. 112. 119. 120. 121. 115. 113. 114. 117. 115. 116. 123. 122. 123.
  146. 147. 145. 156. 156. 159. 154. 159. 157. 155. 162. 161. 160. 161.
  169. 174. 163. 160. 166. 171. 168. 170. 173. 173. 168. 167.]
 [350. 350. 350. 350. 350. 350. 350. 350. 350. 350. 350. 350. 300. 299.
  298. 300. 300. 298. 299. 300. 300. 299. 299. 300. 299. 300. 298. 299.
  300. 300. 300. 300. 299. 299. 299. 300. 299. 300. 300. 300.]
 [236. 262. 270. 277. 271. 277. 273. 280. 279. 277. 247. 246. 216. 233.
  233. 244. 242. 256. 251. 256. 260. 263. 264. 262. 265. 265. 271. 269.
  272. 271. 273. 272. 271. 276. 269. 273. 270. 272. 273. 276.]
 [227. 253. 262. 266. 268. 268. 271. 274. 275. 274. 247. 257. 235. 232.
  243. 246. 246. 249. 249. 259. 246. 254. 257. 260. 262. 263. 261. 260.
  265. 265. 264. 268. 266. 267. 268. 269. 267. 269. 270. 269.]]
##############################
[[ 95. 112. 119. 120. 121. 115. 113. 114. 117. 115. 116. 123. 147. 123.
  146. 147. 145. 156. 156. 159. 154. 159. 157. 155. 162. 161. 160. 161.
  169. 174. 163. 160. 166. 171. 168. 170. 173. 173. 168. 167.]
 [350. 350. 350. 350. 350. 350. 350. 350. 350. 350. 350. 350. 350. 299.
  298. 300. 300. 298. 299. 300. 300. 299. 299. 300. 299. 300. 298. 299.
  300. 300. 300. 300. 299. 299. 299. 300. 299. 300. 300. 300.]
 [236. 262. 270. 277. 271. 277. 273. 280. 279. 277. 247. 246. 256. 233.
  233. 244. 242. 256. 251. 256. 260. 263. 264. 262. 265. 265. 271. 269.
  272. 271. 273. 272. 271. 276. 269. 273. 270. 272. 273. 276.]
 [227. 253. 262. 266. 268. 268. 271. 274. 275. 274. 247. 257. 270. 232.
  243. 246. 246. 249. 249. 259. 246. 254. 257. 260. 262. 263. 261. 260.
  265. 265. 264. 268. 266. 267. 268. 269. 267. 269. 270. 269.]]
##############################
[[ 95. 112. 119. 120. 121. 115. 113. 114. 117. 115. 116. 123. 147. 147.
  146. 147. 145. 156. 156. 159. 154. 159. 157. 155. 162. 161. 160. 161.
  169. 174. 163. 160. 166. 171. 168. 170. 173. 173. 168. 167.]
 [350. 350. 350. 350. 350. 350. 350. 350. 350. 350. 350. 350. 350. 349.
  298. 300. 300. 298. 299. 300. 300. 299. 299. 300. 299. 300. 298. 299.
  300. 300. 300. 300. 299. 299. 299. 300. 299. 300. 300. 300.]
 [236. 262. 270. 277. 271. 277. 273. 280. 279. 277. 247. 246. 256. 276.
  233. 244. 242. 256. 251. 256. 260. 263. 264. 262. 265. 265. 271. 269.
  272. 271. 273. 272. 271. 276. 269. 273. 270. 272. 273. 276.]
 [227. 253. 262. 266. 268. 268. 271. 274. 275. 274. 247. 257. 270. 270.
  243. 246. 246. 249. 249. 259. 246. 254. 257. 260. 262. 263. 261. 260.
  265. 265. 264. 268. 266. 267. 268. 269. 267. 269. 270. 269.]]
##############################
[[ 95. 112. 119. 120. 121. 115. 113. 114. 117. 115. 116. 123. 147. 147.
  171. 147. 145. 156. 156. 159. 154. 159. 157. 155. 162. 161. 160. 161.
  169. 174. 163. 160. 166. 171. 168. 170. 173. 173. 168. 167.]
 [350. 350. 350. 350. 350. 350. 350. 350. 350. 350. 350. 350. 350. 349.
  348. 300. 300. 298. 299. 300. 300. 299. 299. 300. 299. 300. 298. 299.
  300. 300. 300. 300. 299. 299. 299. 300. 299. 300. 300. 300.]
 [236. 262. 270. 277. 271. 277. 273. 280. 279. 277. 247. 246. 256. 276.
  276. 244. 242. 256. 251. 256. 260. 263. 264. 262. 265. 265. 271. 269.
  272. 271. 273. 272. 271. 276. 269. 273. 270. 272. 273. 276.]
 [227. 253. 262. 266. 268. 268. 271. 274. 275. 274. 247. 257. 270. 270.
  281. 246. 246. 249. 249. 259. 246. 254. 257. 260. 262. 263. 261. 260.
  265. 265. 264. 268. 266. 267. 268. 269. 267. 269. 270. 269.]]
##############################
[[ 95. 112. 119. 120. 121. 115. 113. 114. 117. 115. 116. 123. 147. 147.
  171. 171. 145. 156. 156. 159. 154. 159. 157. 155. 162. 161. 160. 161.
  169. 174. 163. 160. 166. 171. 168. 170. 173. 173. 168. 167.]
 [350. 350. 350. 350. 350. 350. 350. 350. 350. 350. 350. 350. 350. 349.
  348. 350. 300. 298. 299. 300. 300. 299. 299. 300. 299. 300. 298. 299.
  300. 300. 300. 300. 299. 299. 299. 300. 299. 300. 300. 300.]
 [236. 262. 270. 277. 271. 277. 273. 280. 279. 277. 247. 246. 256. 276.
  276. 287. 242. 256. 251. 256. 260. 263. 264. 262. 265. 265. 271. 269.
  272. 271. 273. 272. 271. 276. 269. 273. 270. 272. 273. 276.]
 [227. 253. 262. 266. 268. 268. 271. 274. 275. 274. 247. 257. 270. 270.
  281. 286. 246. 249. 249. 259. 246. 254. 257. 260. 262. 263. 261. 260.
  265. 265. 264. 268. 266. 267. 268. 269. 267. 269. 270. 269.]]
##############################
[[ 95. 112. 119. 120. 121. 115. 113. 114. 117. 115. 116. 123. 147. 147.
  171. 171. 171. 156. 156. 159. 154. 159. 157. 155. 162. 161. 160. 161.
  169. 174. 163. 160. 166. 171. 168. 170. 173. 173. 168. 167.]
 [350. 350. 350. 350. 350. 350. 350. 350. 350. 350. 350. 350. 350. 349.
  348. 350. 350. 298. 299. 300. 300. 299. 299. 300. 299. 300. 298. 299.
  300. 300. 300. 300. 299. 299. 299. 300. 299. 300. 300. 300.]
 [236. 262. 270. 277. 271. 277. 273. 280. 279. 277. 247. 246. 256. 276.
  276. 287. 286. 256. 251. 256. 260. 263. 264. 262. 265. 265. 271. 269.
  272. 271. 273. 272. 271. 276. 269. 273. 270. 272. 273. 276.]
 [227. 253. 262. 266. 268. 268. 271. 274. 275. 274. 247. 257. 270. 270.
  281. 286. 287. 249. 249. 259. 246. 254. 257. 260. 262. 263. 261. 260.
  265. 265. 264. 268. 266. 267. 268. 269. 267. 269. 270. 269.]]
##############################
[[ 95. 112. 119. 120. 121. 115. 113. 114. 117. 115. 116. 123. 147. 147.
  171. 171. 171. 182. 156. 159. 154. 159. 157. 155. 162. 161. 160. 161.
  169. 174. 163. 160. 166. 171. 168. 170. 173. 173. 168. 167.]
 [350. 350. 350. 350. 350. 350. 350. 350. 350. 350. 350. 350. 350. 349.
  348. 350. 350. 348. 299. 300. 300. 299. 299. 300. 299. 300. 298. 299.
  300. 300. 300. 300. 299. 299. 299. 300. 299. 300. 300. 300.]
 [236. 262. 270. 277. 271. 277. 273. 280. 279. 277. 247. 246. 256. 276.
  276. 287. 286. 301. 251. 256. 260. 263. 264. 262. 265. 265. 271. 269.
  272. 271. 273. 272. 271. 276. 269. 273. 270. 272. 273. 276.]
 [227. 253. 262. 266. 268. 268. 271. 274. 275. 274. 247. 257. 270. 270.
  281. 286. 287. 292. 249. 259. 246. 254. 257. 260. 262. 263. 261. 260.
  265. 265. 264. 268. 266. 267. 268. 269. 267. 269. 270. 269.]]
##############################
[[ 95. 112. 119. 120. 121. 115. 113. 114. 117. 115. 116. 123. 147. 147.
  171. 171. 171. 182. 183. 159. 154. 159. 157. 155. 162. 161. 160. 161.
  169. 174. 163. 160. 166. 171. 168. 170. 173. 173. 168. 167.]
 [350. 350. 350. 350. 350. 350. 350. 350. 350. 350. 350. 350. 350. 349.
  348. 350. 350. 348. 349. 300. 300. 299. 299. 300. 299. 300. 298. 299.
  300. 300. 300. 300. 299. 299. 299. 300. 299. 300. 300. 300.]
 [236. 262. 270. 277. 271. 277. 273. 280. 279. 277. 247. 246. 256. 276.
  276. 287. 286. 301. 295. 256. 260. 263. 264. 262. 265. 265. 271. 269.
  272. 271. 273. 272. 271. 276. 269. 273. 270. 272. 273. 276.]
 [227. 253. 262. 266. 268. 268. 271. 274. 275. 274. 247. 257. 270. 270.
  281. 286. 287. 292. 293. 259. 246. 254. 257. 260. 262. 263. 261. 260.
  265. 265. 264. 268. 266. 267. 268. 269. 267. 269. 270. 269.]]
##############################
[[ 95. 112. 119. 120. 121. 115. 113. 114. 117. 115. 116. 123. 147. 147.
  171. 171. 171. 182. 183. 190. 154. 159. 157. 155. 162. 161. 160. 161.
  169. 174. 163. 160. 166. 171. 168. 170. 173. 173. 168. 167.]
 [350. 350. 350. 350. 350. 350. 350. 350. 350. 350. 350. 350. 350. 349.
  348. 350. 350. 348. 349. 350. 300. 299. 299. 300. 299. 300. 298. 299.
  300. 300. 300. 300. 299. 299. 299. 300. 299. 300. 300. 300.]
 [236. 262. 270. 277. 271. 277. 273. 280. 279. 277. 247. 246. 256. 276.
  276. 287. 286. 301. 295. 301. 260. 263. 264. 262. 265. 265. 271. 269.
  272. 271. 273. 272. 271. 276. 269. 273. 270. 272. 273. 276.]
 [227. 253. 262. 266. 268. 268. 271. 274. 275. 274. 247. 257. 270. 270.
  281. 286. 287. 292. 293. 303. 246. 254. 257. 260. 262. 263. 261. 260.
  265. 265. 264. 268. 266. 267. 268. 269. 267. 269. 270. 269.]]
##############################
[[ 95. 112. 119. 120. 121. 115. 113. 114. 117. 115. 116. 123. 147. 147.
  171. 171. 171. 182. 183. 190. 182. 159. 157. 155. 162. 161. 160. 161.
  169. 174. 163. 160. 166. 171. 168. 170. 173. 173. 168. 167.]
 [350. 350. 350. 350. 350. 350. 350. 350. 350. 350. 350. 350. 350. 349.
  348. 350. 350. 348. 349. 350. 350. 299. 299. 300. 299. 300. 298. 299.
  300. 300. 300. 300. 299. 299. 299. 300. 299. 300. 300. 300.]
 [236. 262. 270. 277. 271. 277. 273. 280. 279. 277. 247. 246. 256. 276.
  276. 287. 286. 301. 295. 301. 305. 263. 264. 262. 265. 265. 271. 269.
  272. 271. 273. 272. 271. 276. 269. 273. 270. 272. 273. 276.]
 [227. 253. 262. 266. 268. 268. 271. 274. 275. 274. 247. 257. 270. 270.
  281. 286. 287. 292. 293. 303. 290. 254. 257. 260. 262. 263. 261. 260.
  265. 265. 264. 268. 266. 267. 268. 269. 267. 269. 270. 269.]]
##############################
[[ 95. 112. 119. 120. 121. 115. 113. 114. 117. 115. 116. 123. 147. 147.
  171. 171. 171. 182. 183. 190. 182. 187. 157. 155. 162. 161. 160. 161.
  169. 174. 163. 160. 166. 171. 168. 170. 173. 173. 168. 167.]
 [350. 350. 350. 350. 350. 350. 350. 350. 350. 350. 350. 350. 350. 349.
  348. 350. 350. 348. 349. 350. 350. 349. 299. 300. 299. 300. 298. 299.
  300. 300. 300. 300. 299. 299. 299. 300. 299. 300. 300. 300.]
 [236. 262. 270. 277. 271. 277. 273. 280. 279. 277. 247. 246. 256. 276.
  276. 287. 286. 301. 295. 301. 305. 308. 264. 262. 265. 265. 271. 269.
  272. 271. 273. 272. 271. 276. 269. 273. 270. 272. 273. 276.]
 [227. 253. 262. 266. 268. 268. 271. 274. 275. 274. 247. 257. 270. 270.
  281. 286. 287. 292. 293. 303. 290. 298. 257. 260. 262. 263. 261. 260.
  265. 265. 264. 268. 266. 267. 268. 269. 267. 269. 270. 269.]]
##############################
[[ 95. 112. 119. 120. 121. 115. 113. 114. 117. 115. 116. 123. 147. 147.
  171. 171. 171. 182. 183. 190. 182. 187. 185. 155. 162. 161. 160. 161.
  169. 174. 163. 160. 166. 171. 168. 170. 173. 173. 168. 167.]
 [350. 350. 350. 350. 350. 350. 350. 350. 350. 350. 350. 350. 350. 349.
  348. 350. 350. 348. 349. 350. 350. 349. 349. 300. 299. 300. 298. 299.
  300. 300. 300. 300. 299. 299. 299. 300. 299. 300. 300. 300.]
 [236. 262. 270. 277. 271. 277. 273. 280. 279. 277. 247. 246. 256. 276.
  276. 287. 286. 301. 295. 301. 305. 308. 308. 262. 265. 265. 271. 269.
  272. 271. 273. 272. 271. 276. 269. 273. 270. 272. 273. 276.]
 [227. 253. 262. 266. 268. 268. 271. 274. 275. 274. 247. 257. 270. 270.
  281. 286. 287. 292. 293. 303. 290. 298. 301. 260. 262. 263. 261. 260.
  265. 265. 264. 268. 266. 267. 268. 269. 267. 269. 270. 269.]]
##############################
[[ 95. 112. 119. 120. 121. 115. 113. 114. 117. 115. 116. 123. 147. 147.
  171. 171. 171. 182. 183. 190. 182. 187. 185. 183. 162. 161. 160. 161.
  169. 174. 163. 160. 166. 171. 168. 170. 173. 173. 168. 167.]
 [350. 350. 350. 350. 350. 350. 350. 350. 350. 350. 350. 350. 350. 349.
  348. 350. 350. 348. 349. 350. 350. 349. 349. 350. 299. 300. 298. 299.
  300. 300. 300. 300. 299. 299. 299. 300. 299. 300. 300. 300.]
 [236. 262. 270. 277. 271. 277. 273. 280. 279. 277. 247. 246. 256. 276.
  276. 287. 286. 301. 295. 301. 305. 308. 308. 309. 265. 265. 271. 269.
  272. 271. 273. 272. 271. 276. 269. 273. 270. 272. 273. 276.]
 [227. 253. 262. 266. 268. 268. 271. 274. 275. 274. 247. 257. 270. 270.
  281. 286. 287. 292. 293. 303. 290. 298. 301. 304. 262. 263. 261. 260.
  265. 265. 264. 268. 266. 267. 268. 269. 267. 269. 270. 269.]]
##############################
[[ 95. 112. 119. 120. 121. 115. 113. 114. 117. 115. 116. 123. 147. 147.
  171. 171. 171. 182. 183. 190. 182. 187. 185. 183. 192. 161. 160. 161.
  169. 174. 163. 160. 166. 171. 168. 170. 173. 173. 168. 167.]
 [350. 350. 350. 350. 350. 350. 350. 350. 350. 350. 350. 350. 350. 349.
  348. 350. 350. 348. 349. 350. 350. 349. 349. 350. 349. 300. 298. 299.
  300. 300. 300. 300. 299. 299. 299. 300. 299. 300. 300. 300.]
 [236. 262. 270. 277. 271. 277. 273. 280. 279. 277. 247. 246. 256. 276.
  276. 287. 286. 301. 295. 301. 305. 308. 308. 309. 311. 265. 271. 269.
  272. 271. 273. 272. 271. 276. 269. 273. 270. 272. 273. 276.]
 [227. 253. 262. 266. 268. 268. 271. 274. 275. 274. 247. 257. 270. 270.
  281. 286. 287. 292. 293. 303. 290. 298. 301. 304. 308. 263. 261. 260.
  265. 265. 264. 268. 266. 267. 268. 269. 267. 269. 270. 269.]]
##############################
[[ 95. 112. 119. 120. 121. 115. 113. 114. 117. 115. 116. 123. 147. 147.
  171. 171. 171. 182. 183. 190. 182. 187. 185. 183. 192. 192. 160. 161.
  169. 174. 163. 160. 166. 171. 168. 170. 173. 173. 168. 167.]
 [350. 350. 350. 350. 350. 350. 350. 350. 350. 350. 350. 350. 350. 349.
  348. 350. 350. 348. 349. 350. 350. 349. 349. 350. 349. 350. 298. 299.
  300. 300. 300. 300. 299. 299. 299. 300. 299. 300. 300. 300.]
 [236. 262. 270. 277. 271. 277. 273. 280. 279. 277. 247. 246. 256. 276.
  276. 287. 286. 301. 295. 301. 305. 308. 308. 309. 311. 311. 271. 269.
  272. 271. 273. 272. 271. 276. 269. 273. 270. 272. 273. 276.]
 [227. 253. 262. 266. 268. 268. 271. 274. 275. 274. 247. 257. 270. 270.
  281. 286. 287. 292. 293. 303. 290. 298. 301. 304. 308. 309. 261. 260.
  265. 265. 264. 268. 266. 267. 268. 269. 267. 269. 270. 269.]]
##############################
[[ 95. 112. 119. 120. 121. 115. 113. 114. 117. 115. 116. 123. 147. 147.
  171. 171. 171. 182. 183. 190. 182. 187. 185. 183. 192. 192. 188. 161.
  169. 174. 163. 160. 166. 171. 168. 170. 173. 173. 168. 167.]
 [350. 350. 350. 350. 350. 350. 350. 350. 350. 350. 350. 350. 350. 349.
  348. 350. 350. 348. 349. 350. 350. 349. 349. 350. 349. 350. 348. 299.
  300. 300. 300. 300. 299. 299. 299. 300. 299. 300. 300. 300.]
 [236. 262. 270. 277. 271. 277. 273. 280. 279. 277. 247. 246. 256. 276.
  276. 287. 286. 301. 295. 301. 305. 308. 308. 309. 311. 311. 316. 269.
  272. 271. 273. 272. 271. 276. 269. 273. 270. 272. 273. 276.]
 [227. 253. 262. 266. 268. 268. 271. 274. 275. 274. 247. 257. 270. 270.
  281. 286. 287. 292. 293. 303. 290. 298. 301. 304. 308. 309. 308. 260.
  265. 265. 264. 268. 266. 267. 268. 269. 267. 269. 270. 269.]]
##############################
[[ 95. 112. 119. 120. 121. 115. 113. 114. 117. 115. 116. 123. 147. 147.
  171. 171. 171. 182. 183. 190. 182. 187. 185. 183. 192. 192. 188. 189.
  169. 174. 163. 160. 166. 171. 168. 170. 173. 173. 168. 167.]
 [350. 350. 350. 350. 350. 350. 350. 350. 350. 350. 350. 350. 350. 349.
  348. 350. 350. 348. 349. 350. 350. 349. 349. 350. 349. 350. 348. 349.
  300. 300. 300. 300. 299. 299. 299. 300. 299. 300. 300. 300.]
 [236. 262. 270. 277. 271. 277. 273. 280. 279. 277. 247. 246. 256. 276.
  276. 287. 286. 301. 295. 301. 305. 308. 308. 309. 311. 311. 316. 315.
  272. 271. 273. 272. 271. 276. 269. 273. 270. 272. 273. 276.]
 [227. 253. 262. 266. 268. 268. 271. 274. 275. 274. 247. 257. 270. 270.
  281. 286. 287. 292. 293. 303. 290. 298. 301. 304. 308. 309. 308. 306.
  265. 265. 264. 268. 266. 267. 268. 269. 267. 269. 270. 269.]]
##############################
[[ 95. 112. 119. 120. 121. 115. 113. 114. 117. 115. 116. 123. 147. 147.
  171. 171. 171. 182. 183. 190. 182. 187. 185. 183. 192. 192. 188. 189.
  199. 174. 163. 160. 166. 171. 168. 170. 173. 173. 168. 167.]
 [350. 350. 350. 350. 350. 350. 350. 350. 350. 350. 350. 350. 350. 349.
  348. 350. 350. 348. 349. 350. 350. 349. 349. 350. 349. 350. 348. 349.
  350. 300. 300. 300. 299. 299. 299. 300. 299. 300. 300. 300.]
 [236. 262. 270. 277. 271. 277. 273. 280. 279. 277. 247. 246. 256. 276.
  276. 287. 286. 301. 295. 301. 305. 308. 308. 309. 311. 311. 316. 315.
  317. 271. 273. 272. 271. 276. 269. 273. 270. 272. 273. 276.]
 [227. 253. 262. 266. 268. 268. 271. 274. 275. 274. 247. 257. 270. 270.
  281. 286. 287. 292. 293. 303. 290. 298. 301. 304. 308. 309. 308. 306.
  312. 265. 264. 268. 266. 267. 268. 269. 267. 269. 270. 269.]]
##############################
[[ 95. 112. 119. 120. 121. 115. 113. 114. 117. 115. 116. 123. 147. 147.
  171. 171. 171. 182. 183. 190. 182. 187. 185. 183. 192. 192. 188. 189.
  199. 204. 163. 160. 166. 171. 168. 170. 173. 173. 168. 167.]
 [350. 350. 350. 350. 350. 350. 350. 350. 350. 350. 350. 350. 350. 349.
  348. 350. 350. 348. 349. 350. 350. 349. 349. 350. 349. 350. 348. 349.
  350. 350. 300. 300. 299. 299. 299. 300. 299. 300. 300. 300.]
 [236. 262. 270. 277. 271. 277. 273. 280. 279. 277. 247. 246. 256. 276.
  276. 287. 286. 301. 295. 301. 305. 308. 308. 309. 311. 311. 316. 315.
  317. 316. 273. 272. 271. 276. 269. 273. 270. 272. 273. 276.]
 [227. 253. 262. 266. 268. 268. 271. 274. 275. 274. 247. 257. 270. 270.
  281. 286. 287. 292. 293. 303. 290. 298. 301. 304. 308. 309. 308. 306.
  312. 310. 264. 268. 266. 267. 268. 269. 267. 269. 270. 269.]]
##############################
[[ 95. 112. 119. 120. 121. 115. 113. 114. 117. 115. 116. 123. 147. 147.
  171. 171. 171. 182. 183. 190. 182. 187. 185. 183. 192. 192. 188. 189.
  199. 204. 195. 160. 166. 171. 168. 170. 173. 173. 168. 167.]
 [350. 350. 350. 350. 350. 350. 350. 350. 350. 350. 350. 350. 350. 349.
  348. 350. 350. 348. 349. 350. 350. 349. 349. 350. 349. 350. 348. 349.
  350. 350. 350. 300. 299. 299. 299. 300. 299. 300. 300. 300.]
 [236. 262. 270. 277. 271. 277. 273. 280. 279. 277. 247. 246. 256. 276.
  276. 287. 286. 301. 295. 301. 305. 308. 308. 309. 311. 311. 316. 315.
  317. 316. 317. 272. 271. 276. 269. 273. 270. 272. 273. 276.]
 [227. 253. 262. 266. 268. 268. 271. 274. 275. 274. 247. 257. 270. 270.
  281. 286. 287. 292. 293. 303. 290. 298. 301. 304. 308. 309. 308. 306.
  312. 310. 311. 268. 266. 267. 268. 269. 267. 269. 270. 269.]]
##############################
[[ 95. 112. 119. 120. 121. 115. 113. 114. 117. 115. 116. 123. 147. 147.
  171. 171. 171. 182. 183. 190. 182. 187. 185. 183. 192. 192. 188. 189.
  199. 204. 195. 189. 166. 171. 168. 170. 173. 173. 168. 167.]
 [350. 350. 350. 350. 350. 350. 350. 350. 350. 350. 350. 350. 350. 349.
  348. 350. 350. 348. 349. 350. 350. 349. 349. 350. 349. 350. 348. 349.
  350. 350. 350. 350. 299. 299. 299. 300. 299. 300. 300. 300.]
 [236. 262. 270. 277. 271. 277. 273. 280. 279. 277. 247. 246. 256. 276.
  276. 287. 286. 301. 295. 301. 305. 308. 308. 309. 311. 311. 316. 315.
  317. 316. 317. 316. 271. 276. 269. 273. 270. 272. 273. 276.]
 [227. 253. 262. 266. 268. 268. 271. 274. 275. 274. 247. 257. 270. 270.
  281. 286. 287. 292. 293. 303. 290. 298. 301. 304. 308. 309. 308. 306.
  312. 310. 311. 314. 266. 267. 268. 269. 267. 269. 270. 269.]]
##############################
[[ 95. 112. 119. 120. 121. 115. 113. 114. 117. 115. 116. 123. 147. 147.
  171. 171. 171. 182. 183. 190. 182. 187. 185. 183. 192. 192. 188. 189.
  199. 204. 195. 189. 193. 171. 168. 170. 173. 173. 168. 167.]
 [350. 350. 350. 350. 350. 350. 350. 350. 350. 350. 350. 350. 350. 349.
  348. 350. 350. 348. 349. 350. 350. 349. 349. 350. 349. 350. 348. 349.
  350. 350. 350. 350. 349. 299. 299. 300. 299. 300. 300. 300.]
 [236. 262. 270. 277. 271. 277. 273. 280. 279. 277. 247. 246. 256. 276.
  276. 287. 286. 301. 295. 301. 305. 308. 308. 309. 311. 311. 316. 315.
  317. 316. 317. 316. 316. 276. 269. 273. 270. 272. 273. 276.]
 [227. 253. 262. 266. 268. 268. 271. 274. 275. 274. 247. 257. 270. 270.
  281. 286. 287. 292. 293. 303. 290. 298. 301. 304. 308. 309. 308. 306.
  312. 310. 311. 314. 313. 267. 268. 269. 267. 269. 270. 269.]]
##############################
[[ 95. 112. 119. 120. 121. 115. 113. 114. 117. 115. 116. 123. 147. 147.
  171. 171. 171. 182. 183. 190. 182. 187. 185. 183. 192. 192. 188. 189.
  199. 204. 195. 189. 193. 197. 168. 170. 173. 173. 168. 167.]
 [350. 350. 350. 350. 350. 350. 350. 350. 350. 350. 350. 350. 350. 349.
  348. 350. 350. 348. 349. 350. 350. 349. 349. 350. 349. 350. 348. 349.
  350. 350. 350. 350. 349. 349. 299. 300. 299. 300. 300. 300.]
 [236. 262. 270. 277. 271. 277. 273. 280. 279. 277. 247. 246. 256. 276.
  276. 287. 286. 301. 295. 301. 305. 308. 308. 309. 311. 311. 316. 315.
  317. 316. 317. 316. 316. 322. 269. 273. 270. 272. 273. 276.]
 [227. 253. 262. 266. 268. 268. 271. 274. 275. 274. 247. 257. 270. 270.
  281. 286. 287. 292. 293. 303. 290. 298. 301. 304. 308. 309. 308. 306.
  312. 310. 311. 314. 313. 314. 268. 269. 267. 269. 270. 269.]]
##############################
[[ 95. 112. 119. 120. 121. 115. 113. 114. 117. 115. 116. 123. 147. 147.
  171. 171. 171. 182. 183. 190. 182. 187. 185. 183. 192. 192. 188. 189.
  199. 204. 195. 189. 193. 197. 196. 170. 173. 173. 168. 167.]
 [350. 350. 350. 350. 350. 350. 350. 350. 350. 350. 350. 350. 350. 349.
  348. 350. 350. 348. 349. 350. 350. 349. 349. 350. 349. 350. 348. 349.
  350. 350. 350. 350. 349. 349. 349. 300. 299. 300. 300. 300.]
 [236. 262. 270. 277. 271. 277. 273. 280. 279. 277. 247. 246. 256. 276.
  276. 287. 286. 301. 295. 301. 305. 308. 308. 309. 311. 311. 316. 315.
  317. 316. 317. 316. 316. 322. 315. 273. 270. 272. 273. 276.]
 [227. 253. 262. 266. 268. 268. 271. 274. 275. 274. 247. 257. 270. 270.
  281. 286. 287. 292. 293. 303. 290. 298. 301. 304. 308. 309. 308. 306.
  312. 310. 311. 314. 313. 314. 315. 269. 267. 269. 270. 269.]]
##############################
[[ 95. 112. 119. 120. 121. 115. 113. 114. 117. 115. 116. 123. 147. 147.
  171. 171. 171. 182. 183. 190. 182. 187. 185. 183. 192. 192. 188. 189.
  199. 204. 195. 189. 193. 197. 196. 199. 173. 173. 168. 167.]
 [350. 350. 350. 350. 350. 350. 350. 350. 350. 350. 350. 350. 350. 349.
  348. 350. 350. 348. 349. 350. 350. 349. 349. 350. 349. 350. 348. 349.
  350. 350. 350. 350. 349. 349. 349. 350. 299. 300. 300. 300.]
 [236. 262. 270. 277. 271. 277. 273. 280. 279. 277. 247. 246. 256. 276.
  276. 287. 286. 301. 295. 301. 305. 308. 308. 309. 311. 311. 316. 315.
  317. 316. 317. 316. 316. 322. 315. 319. 270. 272. 273. 276.]
 [227. 253. 262. 266. 268. 268. 271. 274. 275. 274. 247. 257. 270. 270.
  281. 286. 287. 292. 293. 303. 290. 298. 301. 304. 308. 309. 308. 306.
  312. 310. 311. 314. 313. 314. 315. 315. 267. 269. 270. 269.]]
##############################
[[ 95. 112. 119. 120. 121. 115. 113. 114. 117. 115. 116. 123. 147. 147.
  171. 171. 171. 182. 183. 190. 182. 187. 185. 183. 192. 192. 188. 189.
  199. 204. 195. 189. 193. 197. 196. 199. 200. 173. 168. 167.]
 [350. 350. 350. 350. 350. 350. 350. 350. 350. 350. 350. 350. 350. 349.
  348. 350. 350. 348. 349. 350. 350. 349. 349. 350. 349. 350. 348. 349.
  350. 350. 350. 350. 349. 349. 349. 350. 349. 300. 300. 300.]
 [236. 262. 270. 277. 271. 277. 273. 280. 279. 277. 247. 246. 256. 276.
  276. 287. 286. 301. 295. 301. 305. 308. 308. 309. 311. 311. 316. 315.
  317. 316. 317. 316. 316. 322. 315. 319. 317. 272. 273. 276.]
 [227. 253. 262. 266. 268. 268. 271. 274. 275. 274. 247. 257. 270. 270.
  281. 286. 287. 292. 293. 303. 290. 298. 301. 304. 308. 309. 308. 306.
  312. 310. 311. 314. 313. 314. 315. 315. 315. 269. 270. 269.]]
##############################
[[ 95. 112. 119. 120. 121. 115. 113. 114. 117. 115. 116. 123. 147. 147.
  171. 171. 171. 182. 183. 190. 182. 187. 185. 183. 192. 192. 188. 189.
  199. 204. 195. 189. 193. 197. 196. 199. 200. 201. 168. 167.]
 [350. 350. 350. 350. 350. 350. 350. 350. 350. 350. 350. 350. 350. 349.
  348. 350. 350. 348. 349. 350. 350. 349. 349. 350. 349. 350. 348. 349.
  350. 350. 350. 350. 349. 349. 349. 350. 349. 350. 300. 300.]
 [236. 262. 270. 277. 271. 277. 273. 280. 279. 277. 247. 246. 256. 276.
  276. 287. 286. 301. 295. 301. 305. 308. 308. 309. 311. 311. 316. 315.
  317. 316. 317. 316. 316. 322. 315. 319. 317. 318. 273. 276.]
 [227. 253. 262. 266. 268. 268. 271. 274. 275. 274. 247. 257. 270. 270.
  281. 286. 287. 292. 293. 303. 290. 298. 301. 304. 308. 309. 308. 306.
  312. 310. 311. 314. 313. 314. 315. 315. 315. 315. 270. 269.]]
##############################
[[ 95. 112. 119. 120. 121. 115. 113. 114. 117. 115. 116. 123. 147. 147.
  171. 171. 171. 182. 183. 190. 182. 187. 185. 183. 192. 192. 188. 189.
  199. 204. 195. 189. 193. 197. 196. 199. 200. 201. 200. 167.]
 [350. 350. 350. 350. 350. 350. 350. 350. 350. 350. 350. 350. 350. 349.
  348. 350. 350. 348. 349. 350. 350. 349. 349. 350. 349. 350. 348. 349.
  350. 350. 350. 350. 349. 349. 349. 350. 349. 350. 350. 300.]
 [236. 262. 270. 277. 271. 277. 273. 280. 279. 277. 247. 246. 256. 276.
  276. 287. 286. 301. 295. 301. 305. 308. 308. 309. 311. 311. 316. 315.
  317. 316. 317. 316. 316. 322. 315. 319. 317. 318. 319. 276.]
 [227. 253. 262. 266. 268. 268. 271. 274. 275. 274. 247. 257. 270. 270.
  281. 286. 287. 292. 293. 303. 290. 298. 301. 304. 308. 309. 308. 306.
  312. 310. 311. 314. 313. 314. 315. 315. 315. 315. 316. 269.]]
##############################
[[ 95. 112. 119. 120. 121. 115. 113. 114. 117. 115. 116. 123. 147. 147.
  171. 171. 171. 182. 183. 190. 182. 187. 185. 183. 192. 192. 188. 189.
  199. 204. 195. 189. 193. 197. 196. 199. 200. 201. 200. 197.]
 [350. 350. 350. 350. 350. 350. 350. 350. 350. 350. 350. 350. 350. 349.
  348. 350. 350. 348. 349. 350. 350. 349. 349. 350. 349. 350. 348. 349.
  350. 350. 350. 350. 349. 349. 349. 350. 349. 350. 350. 350.]
 [236. 262. 270. 277. 271. 277. 273. 280. 279. 277. 247. 246. 256. 276.
  276. 287. 286. 301. 295. 301. 305. 308. 308. 309. 311. 311. 316. 315.
  317. 316. 317. 316. 316. 322. 315. 319. 317. 318. 319. 322.]
 [227. 253. 262. 266. 268. 268. 271. 274. 275. 274. 247. 257. 270. 270.
  281. 286. 287. 292. 293. 303. 290. 298. 301. 304. 308. 309. 308. 306.
  312. 310. 311. 314. 313. 314. 315. 315. 315. 315. 316. 315.]]
##############################
##################################################
##################################################
starting :8 batch
[[106. 112. 119. 120. 121. 115. 113. 114. 117. 115. 116. 123. 147. 147.
  171. 171. 171. 182. 183. 190. 182. 187. 185. 183. 192. 192. 188. 189.
  199. 204. 195. 189. 193. 197. 196. 199. 200. 201. 200. 197.]
 [400. 350. 350. 350. 350. 350. 350. 350. 350. 350. 350. 350. 350. 349.
  348. 350. 350. 348. 349. 350. 350. 349. 349. 350. 349. 350. 348. 349.
  350. 350. 350. 350. 349. 349. 349. 350. 349. 350. 350. 350.]
 [273. 262. 270. 277. 271. 277. 273. 280. 279. 277. 247. 246. 256. 276.
  276. 287. 286. 301. 295. 301. 305. 308. 308. 309. 311. 311. 316. 315.
  317. 316. 317. 316. 316. 322. 315. 319. 317. 318. 319. 322.]
 [264. 253. 262. 266. 268. 268. 271. 274. 275. 274. 247. 257. 270. 270.
  281. 286. 287. 292. 293. 303. 290. 298. 301. 304. 308. 309. 308. 306.
  312. 310. 311. 314. 313. 314. 315. 315. 315. 315. 316. 315.]]
##############################
[[106. 125. 119. 120. 121. 115. 113. 114. 117. 115. 116. 123. 147. 147.
  171. 171. 171. 182. 183. 190. 182. 187. 185. 183. 192. 192. 188. 189.
  199. 204. 195. 189. 193. 197. 196. 199. 200. 201. 200. 197.]
 [400. 400. 350. 350. 350. 350. 350. 350. 350. 350. 350. 350. 350. 349.
  348. 350. 350. 348. 349. 350. 350. 349. 349. 350. 349. 350. 348. 349.
  350. 350. 350. 350. 349. 349. 349. 350. 349. 350. 350. 350.]
 [273. 303. 270. 277. 271. 277. 273. 280. 279. 277. 247. 246. 256. 276.
  276. 287. 286. 301. 295. 301. 305. 308. 308. 309. 311. 311. 316. 315.
  317. 316. 317. 316. 316. 322. 315. 319. 317. 318. 319. 322.]
 [264. 294. 262. 266. 268. 268. 271. 274. 275. 274. 247. 257. 270. 270.
  281. 286. 287. 292. 293. 303. 290. 298. 301. 304. 308. 309. 308. 306.
  312. 310. 311. 314. 313. 314. 315. 315. 315. 315. 316. 315.]]
##############################
[[106. 125. 133. 120. 121. 115. 113. 114. 117. 115. 116. 123. 147. 147.
  171. 171. 171. 182. 183. 190. 182. 187. 185. 183. 192. 192. 188. 189.
  199. 204. 195. 189. 193. 197. 196. 199. 200. 201. 200. 197.]
 [400. 400. 400. 350. 350. 350. 350. 350. 350. 350. 350. 350. 350. 349.
  348. 350. 350. 348. 349. 350. 350. 349. 349. 350. 349. 350. 348. 349.
  350. 350. 350. 350. 349. 349. 349. 350. 349. 350. 350. 350.]
 [273. 303. 310. 277. 271. 277. 273. 280. 279. 277. 247. 246. 256. 276.
  276. 287. 286. 301. 295. 301. 305. 308. 308. 309. 311. 311. 316. 315.
  317. 316. 317. 316. 316. 322. 315. 319. 317. 318. 319. 322.]
 [264. 294. 304. 266. 268. 268. 271. 274. 275. 274. 247. 257. 270. 270.
  281. 286. 287. 292. 293. 303. 290. 298. 301. 304. 308. 309. 308. 306.
  312. 310. 311. 314. 313. 314. 315. 315. 315. 315. 316. 315.]]
##############################
[[106. 125. 133. 135. 121. 115. 113. 114. 117. 115. 116. 123. 147. 147.
  171. 171. 171. 182. 183. 190. 182. 187. 185. 183. 192. 192. 188. 189.
  199. 204. 195. 189. 193. 197. 196. 199. 200. 201. 200. 197.]
 [400. 400. 400. 400. 350. 350. 350. 350. 350. 350. 350. 350. 350. 349.
  348. 350. 350. 348. 349. 350. 350. 349. 349. 350. 349. 350. 348. 349.
  350. 350. 350. 350. 349. 349. 349. 350. 349. 350. 350. 350.]
 [273. 303. 310. 317. 271. 277. 273. 280. 279. 277. 247. 246. 256. 276.
  276. 287. 286. 301. 295. 301. 305. 308. 308. 309. 311. 311. 316. 315.
  317. 316. 317. 316. 316. 322. 315. 319. 317. 318. 319. 322.]
 [264. 294. 304. 307. 268. 268. 271. 274. 275. 274. 247. 257. 270. 270.
  281. 286. 287. 292. 293. 303. 290. 298. 301. 304. 308. 309. 308. 306.
  312. 310. 311. 314. 313. 314. 315. 315. 315. 315. 316. 315.]]
##############################
[[106. 125. 133. 135. 140. 115. 113. 114. 117. 115. 116. 123. 147. 147.
  171. 171. 171. 182. 183. 190. 182. 187. 185. 183. 192. 192. 188. 189.
  199. 204. 195. 189. 193. 197. 196. 199. 200. 201. 200. 197.]
 [400. 400. 400. 400. 400. 350. 350. 350. 350. 350. 350. 350. 350. 349.
  348. 350. 350. 348. 349. 350. 350. 349. 349. 350. 349. 350. 348. 349.
  350. 350. 350. 350. 349. 349. 349. 350. 349. 350. 350. 350.]
 [273. 303. 310. 317. 311. 277. 273. 280. 279. 277. 247. 246. 256. 276.
  276. 287. 286. 301. 295. 301. 305. 308. 308. 309. 311. 311. 316. 315.
  317. 316. 317. 316. 316. 322. 315. 319. 317. 318. 319. 322.]
 [264. 294. 304. 307. 311. 268. 271. 274. 275. 274. 247. 257. 270. 270.
  281. 286. 287. 292. 293. 303. 290. 298. 301. 304. 308. 309. 308. 306.
  312. 310. 311. 314. 313. 314. 315. 315. 315. 315. 316. 315.]]
##############################
[[106. 125. 133. 135. 140. 135. 113. 114. 117. 115. 116. 123. 147. 147.
  171. 171. 171. 182. 183. 190. 182. 187. 185. 183. 192. 192. 188. 189.
  199. 204. 195. 189. 193. 197. 196. 199. 200. 201. 200. 197.]
 [400. 400. 400. 400. 400. 400. 350. 350. 350. 350. 350. 350. 350. 349.
  348. 350. 350. 348. 349. 350. 350. 349. 349. 350. 349. 350. 348. 349.
  350. 350. 350. 350. 349. 349. 349. 350. 349. 350. 350. 350.]
 [273. 303. 310. 317. 311. 318. 273. 280. 279. 277. 247. 246. 256. 276.
  276. 287. 286. 301. 295. 301. 305. 308. 308. 309. 311. 311. 316. 315.
  317. 316. 317. 316. 316. 322. 315. 319. 317. 318. 319. 322.]
 [264. 294. 304. 307. 311. 311. 271. 274. 275. 274. 247. 257. 270. 270.
  281. 286. 287. 292. 293. 303. 290. 298. 301. 304. 308. 309. 308. 306.
  312. 310. 311. 314. 313. 314. 315. 315. 315. 315. 316. 315.]]
##############################
[[106. 125. 133. 135. 140. 135. 133. 114. 117. 115. 116. 123. 147. 147.
  171. 171. 171. 182. 183. 190. 182. 187. 185. 183. 192. 192. 188. 189.
  199. 204. 195. 189. 193. 197. 196. 199. 200. 201. 200. 197.]
 [400. 400. 400. 400. 400. 400. 400. 350. 350. 350. 350. 350. 350. 349.
  348. 350. 350. 348. 349. 350. 350. 349. 349. 350. 349. 350. 348. 349.
  350. 350. 350. 350. 349. 349. 349. 350. 349. 350. 350. 350.]
 [273. 303. 310. 317. 311. 318. 314. 280. 279. 277. 247. 246. 256. 276.
  276. 287. 286. 301. 295. 301. 305. 308. 308. 309. 311. 311. 316. 315.
  317. 316. 317. 316. 316. 322. 315. 319. 317. 318. 319. 322.]
 [264. 294. 304. 307. 311. 311. 315. 274. 275. 274. 247. 257. 270. 270.
  281. 286. 287. 292. 293. 303. 290. 298. 301. 304. 308. 309. 308. 306.
  312. 310. 311. 314. 313. 314. 315. 315. 315. 315. 316. 315.]]
##############################
[[106. 125. 133. 135. 140. 135. 133. 135. 117. 115. 116. 123. 147. 147.
  171. 171. 171. 182. 183. 190. 182. 187. 185. 183. 192. 192. 188. 189.
  199. 204. 195. 189. 193. 197. 196. 199. 200. 201. 200. 197.]
 [400. 400. 400. 400. 400. 400. 400. 400. 350. 350. 350. 350. 350. 349.
  348. 350. 350. 348. 349. 350. 350. 349. 349. 350. 349. 350. 348. 349.
  350. 350. 350. 350. 349. 349. 349. 350. 349. 350. 350. 350.]
 [273. 303. 310. 317. 311. 318. 314. 320. 279. 277. 247. 246. 256. 276.
  276. 287. 286. 301. 295. 301. 305. 308. 308. 309. 311. 311. 316. 315.
  317. 316. 317. 316. 316. 322. 315. 319. 317. 318. 319. 322.]
 [264. 294. 304. 307. 311. 311. 315. 318. 275. 274. 247. 257. 270. 270.
  281. 286. 287. 292. 293. 303. 290. 298. 301. 304. 308. 309. 308. 306.
  312. 310. 311. 314. 313. 314. 315. 315. 315. 315. 316. 315.]]
##############################
[[106. 125. 133. 135. 140. 135. 133. 135. 139. 115. 116. 123. 147. 147.
  171. 171. 171. 182. 183. 190. 182. 187. 185. 183. 192. 192. 188. 189.
  199. 204. 195. 189. 193. 197. 196. 199. 200. 201. 200. 197.]
 [400. 400. 400. 400. 400. 400. 400. 400. 400. 350. 350. 350. 350. 349.
  348. 350. 350. 348. 349. 350. 350. 349. 349. 350. 349. 350. 348. 349.
  350. 350. 350. 350. 349. 349. 349. 350. 349. 350. 350. 350.]
 [273. 303. 310. 317. 311. 318. 314. 320. 318. 277. 247. 246. 256. 276.
  276. 287. 286. 301. 295. 301. 305. 308. 308. 309. 311. 311. 316. 315.
  317. 316. 317. 316. 316. 322. 315. 319. 317. 318. 319. 322.]
 [264. 294. 304. 307. 311. 311. 315. 318. 319. 274. 247. 257. 270. 270.
  281. 286. 287. 292. 293. 303. 290. 298. 301. 304. 308. 309. 308. 306.
  312. 310. 311. 314. 313. 314. 315. 315. 315. 315. 316. 315.]]
##############################
[[106. 125. 133. 135. 140. 135. 133. 135. 139. 136. 116. 123. 147. 147.
  171. 171. 171. 182. 183. 190. 182. 187. 185. 183. 192. 192. 188. 189.
  199. 204. 195. 189. 193. 197. 196. 199. 200. 201. 200. 197.]
 [400. 400. 400. 400. 400. 400. 400. 400. 400. 400. 350. 350. 350. 349.
  348. 350. 350. 348. 349. 350. 350. 349. 349. 350. 349. 350. 348. 349.
  350. 350. 350. 350. 349. 349. 349. 350. 349. 350. 350. 350.]
 [273. 303. 310. 317. 311. 318. 314. 320. 318. 317. 247. 246. 256. 276.
  276. 287. 286. 301. 295. 301. 305. 308. 308. 309. 311. 311. 316. 315.
  317. 316. 317. 316. 316. 322. 315. 319. 317. 318. 319. 322.]
 [264. 294. 304. 307. 311. 311. 315. 318. 319. 318. 247. 257. 270. 270.
  281. 286. 287. 292. 293. 303. 290. 298. 301. 304. 308. 309. 308. 306.
  312. 310. 311. 314. 313. 314. 315. 315. 315. 315. 316. 315.]]
##############################
[[106. 125. 133. 135. 140. 135. 133. 135. 139. 136. 137. 123. 147. 147.
  171. 171. 171. 182. 183. 190. 182. 187. 185. 183. 192. 192. 188. 189.
  199. 204. 195. 189. 193. 197. 196. 199. 200. 201. 200. 197.]
 [400. 400. 400. 400. 400. 400. 400. 400. 400. 400. 400. 350. 350. 349.
  348. 350. 350. 348. 349. 350. 350. 349. 349. 350. 349. 350. 348. 349.
  350. 350. 350. 350. 349. 349. 349. 350. 349. 350. 350. 350.]
 [273. 303. 310. 317. 311. 318. 314. 320. 318. 317. 287. 246. 256. 276.
  276. 287. 286. 301. 295. 301. 305. 308. 308. 309. 311. 311. 316. 315.
  317. 316. 317. 316. 316. 322. 315. 319. 317. 318. 319. 322.]
 [264. 294. 304. 307. 311. 311. 315. 318. 319. 318. 288. 257. 270. 270.
  281. 286. 287. 292. 293. 303. 290. 298. 301. 304. 308. 309. 308. 306.
  312. 310. 311. 314. 313. 314. 315. 315. 315. 315. 316. 315.]]
##############################
[[106. 125. 133. 135. 140. 135. 133. 135. 139. 136. 137. 145. 147. 147.
  171. 171. 171. 182. 183. 190. 182. 187. 185. 183. 192. 192. 188. 189.
  199. 204. 195. 189. 193. 197. 196. 199. 200. 201. 200. 197.]
 [400. 400. 400. 400. 400. 400. 400. 400. 400. 400. 400. 400. 350. 349.
  348. 350. 350. 348. 349. 350. 350. 349. 349. 350. 349. 350. 348. 349.
  350. 350. 350. 350. 349. 349. 349. 350. 349. 350. 350. 350.]
 [273. 303. 310. 317. 311. 318. 314. 320. 318. 317. 287. 285. 256. 276.
  276. 287. 286. 301. 295. 301. 305. 308. 308. 309. 311. 311. 316. 315.
  317. 316. 317. 316. 316. 322. 315. 319. 317. 318. 319. 322.]
 [264. 294. 304. 307. 311. 311. 315. 318. 319. 318. 288. 298. 270. 270.
  281. 286. 287. 292. 293. 303. 290. 298. 301. 304. 308. 309. 308. 306.
  312. 310. 311. 314. 313. 314. 315. 315. 315. 315. 316. 315.]]
##############################
[[106. 125. 133. 135. 140. 135. 133. 135. 139. 136. 137. 145. 169. 147.
  171. 171. 171. 182. 183. 190. 182. 187. 185. 183. 192. 192. 188. 189.
  199. 204. 195. 189. 193. 197. 196. 199. 200. 201. 200. 197.]
 [400. 400. 400. 400. 400. 400. 400. 400. 400. 400. 400. 400. 400. 349.
  348. 350. 350. 348. 349. 350. 350. 349. 349. 350. 349. 350. 348. 349.
  350. 350. 350. 350. 349. 349. 349. 350. 349. 350. 350. 350.]
 [273. 303. 310. 317. 311. 318. 314. 320. 318. 317. 287. 285. 295. 276.
  276. 287. 286. 301. 295. 301. 305. 308. 308. 309. 311. 311. 316. 315.
  317. 316. 317. 316. 316. 322. 315. 319. 317. 318. 319. 322.]
 [264. 294. 304. 307. 311. 311. 315. 318. 319. 318. 288. 298. 312. 270.
  281. 286. 287. 292. 293. 303. 290. 298. 301. 304. 308. 309. 308. 306.
  312. 310. 311. 314. 313. 314. 315. 315. 315. 315. 316. 315.]]
##############################
[[106. 125. 133. 135. 140. 135. 133. 135. 139. 136. 137. 145. 169. 172.
  171. 171. 171. 182. 183. 190. 182. 187. 185. 183. 192. 192. 188. 189.
  199. 204. 195. 189. 193. 197. 196. 199. 200. 201. 200. 197.]
 [400. 400. 400. 400. 400. 400. 400. 400. 400. 400. 400. 400. 400. 399.
  348. 350. 350. 348. 349. 350. 350. 349. 349. 350. 349. 350. 348. 349.
  350. 350. 350. 350. 349. 349. 349. 350. 349. 350. 350. 350.]
 [273. 303. 310. 317. 311. 318. 314. 320. 318. 317. 287. 285. 295. 317.
  276. 287. 286. 301. 295. 301. 305. 308. 308. 309. 311. 311. 316. 315.
  317. 316. 317. 316. 316. 322. 315. 319. 317. 318. 319. 322.]
 [264. 294. 304. 307. 311. 311. 315. 318. 319. 318. 288. 298. 312. 313.
  281. 286. 287. 292. 293. 303. 290. 298. 301. 304. 308. 309. 308. 306.
  312. 310. 311. 314. 313. 314. 315. 315. 315. 315. 316. 315.]]
##############################
[[106. 125. 133. 135. 140. 135. 133. 135. 139. 136. 137. 145. 169. 172.
  194. 171. 171. 182. 183. 190. 182. 187. 185. 183. 192. 192. 188. 189.
  199. 204. 195. 189. 193. 197. 196. 199. 200. 201. 200. 197.]
 [400. 400. 400. 400. 400. 400. 400. 400. 400. 400. 400. 400. 400. 399.
  398. 350. 350. 348. 349. 350. 350. 349. 349. 350. 349. 350. 348. 349.
  350. 350. 350. 350. 349. 349. 349. 350. 349. 350. 350. 350.]
 [273. 303. 310. 317. 311. 318. 314. 320. 318. 317. 287. 285. 295. 317.
  317. 287. 286. 301. 295. 301. 305. 308. 308. 309. 311. 311. 316. 315.
  317. 316. 317. 316. 316. 322. 315. 319. 317. 318. 319. 322.]
 [264. 294. 304. 307. 311. 311. 315. 318. 319. 318. 288. 298. 312. 313.
  323. 286. 287. 292. 293. 303. 290. 298. 301. 304. 308. 309. 308. 306.
  312. 310. 311. 314. 313. 314. 315. 315. 315. 315. 316. 315.]]
##############################
[[106. 125. 133. 135. 140. 135. 133. 135. 139. 136. 137. 145. 169. 172.
  194. 198. 171. 182. 183. 190. 182. 187. 185. 183. 192. 192. 188. 189.
  199. 204. 195. 189. 193. 197. 196. 199. 200. 201. 200. 197.]
 [400. 400. 400. 400. 400. 400. 400. 400. 400. 400. 400. 400. 400. 399.
  398. 400. 350. 348. 349. 350. 350. 349. 349. 350. 349. 350. 348. 349.
  350. 350. 350. 350. 349. 349. 349. 350. 349. 350. 350. 350.]
 [273. 303. 310. 317. 311. 318. 314. 320. 318. 317. 287. 285. 295. 317.
  317. 330. 286. 301. 295. 301. 305. 308. 308. 309. 311. 311. 316. 315.
  317. 316. 317. 316. 316. 322. 315. 319. 317. 318. 319. 322.]
 [264. 294. 304. 307. 311. 311. 315. 318. 319. 318. 288. 298. 312. 313.
  323. 329. 287. 292. 293. 303. 290. 298. 301. 304. 308. 309. 308. 306.
  312. 310. 311. 314. 313. 314. 315. 315. 315. 315. 316. 315.]]
##############################
[[106. 125. 133. 135. 140. 135. 133. 135. 139. 136. 137. 145. 169. 172.
  194. 198. 197. 182. 183. 190. 182. 187. 185. 183. 192. 192. 188. 189.
  199. 204. 195. 189. 193. 197. 196. 199. 200. 201. 200. 197.]
 [400. 400. 400. 400. 400. 400. 400. 400. 400. 400. 400. 400. 400. 399.
  398. 400. 400. 348. 349. 350. 350. 349. 349. 350. 349. 350. 348. 349.
  350. 350. 350. 350. 349. 349. 349. 350. 349. 350. 350. 350.]
 [273. 303. 310. 317. 311. 318. 314. 320. 318. 317. 287. 285. 295. 317.
  317. 330. 329. 301. 295. 301. 305. 308. 308. 309. 311. 311. 316. 315.
  317. 316. 317. 316. 316. 322. 315. 319. 317. 318. 319. 322.]
 [264. 294. 304. 307. 311. 311. 315. 318. 319. 318. 288. 298. 312. 313.
  323. 329. 330. 292. 293. 303. 290. 298. 301. 304. 308. 309. 308. 306.
  312. 310. 311. 314. 313. 314. 315. 315. 315. 315. 316. 315.]]
##############################
[[106. 125. 133. 135. 140. 135. 133. 135. 139. 136. 137. 145. 169. 172.
  194. 198. 197. 208. 183. 190. 182. 187. 185. 183. 192. 192. 188. 189.
  199. 204. 195. 189. 193. 197. 196. 199. 200. 201. 200. 197.]
 [400. 400. 400. 400. 400. 400. 400. 400. 400. 400. 400. 400. 400. 399.
  398. 400. 400. 398. 349. 350. 350. 349. 349. 350. 349. 350. 348. 349.
  350. 350. 350. 350. 349. 349. 349. 350. 349. 350. 350. 350.]
 [273. 303. 310. 317. 311. 318. 314. 320. 318. 317. 287. 285. 295. 317.
  317. 330. 329. 345. 295. 301. 305. 308. 308. 309. 311. 311. 316. 315.
  317. 316. 317. 316. 316. 322. 315. 319. 317. 318. 319. 322.]
 [264. 294. 304. 307. 311. 311. 315. 318. 319. 318. 288. 298. 312. 313.
  323. 329. 330. 337. 293. 303. 290. 298. 301. 304. 308. 309. 308. 306.
  312. 310. 311. 314. 313. 314. 315. 315. 315. 315. 316. 315.]]
##############################
[[106. 125. 133. 135. 140. 135. 133. 135. 139. 136. 137. 145. 169. 172.
  194. 198. 197. 208. 207. 190. 182. 187. 185. 183. 192. 192. 188. 189.
  199. 204. 195. 189. 193. 197. 196. 199. 200. 201. 200. 197.]
 [400. 400. 400. 400. 400. 400. 400. 400. 400. 400. 400. 400. 400. 399.
  398. 400. 400. 398. 399. 350. 350. 349. 349. 350. 349. 350. 348. 349.
  350. 350. 350. 350. 349. 349. 349. 350. 349. 350. 350. 350.]
 [273. 303. 310. 317. 311. 318. 314. 320. 318. 317. 287. 285. 295. 317.
  317. 330. 329. 345. 339. 301. 305. 308. 308. 309. 311. 311. 316. 315.
  317. 316. 317. 316. 316. 322. 315. 319. 317. 318. 319. 322.]
 [264. 294. 304. 307. 311. 311. 315. 318. 319. 318. 288. 298. 312. 313.
  323. 329. 330. 337. 337. 303. 290. 298. 301. 304. 308. 309. 308. 306.
  312. 310. 311. 314. 313. 314. 315. 315. 315. 315. 316. 315.]]
##############################
[[106. 125. 133. 135. 140. 135. 133. 135. 139. 136. 137. 145. 169. 172.
  194. 198. 197. 208. 207. 218. 182. 187. 185. 183. 192. 192. 188. 189.
  199. 204. 195. 189. 193. 197. 196. 199. 200. 201. 200. 197.]
 [400. 400. 400. 400. 400. 400. 400. 400. 400. 400. 400. 400. 400. 399.
  398. 400. 400. 398. 399. 400. 350. 349. 349. 350. 349. 350. 348. 349.
  350. 350. 350. 350. 349. 349. 349. 350. 349. 350. 350. 350.]
 [273. 303. 310. 317. 311. 318. 314. 320. 318. 317. 287. 285. 295. 317.
  317. 330. 329. 345. 339. 343. 305. 308. 308. 309. 311. 311. 316. 315.
  317. 316. 317. 316. 316. 322. 315. 319. 317. 318. 319. 322.]
 [264. 294. 304. 307. 311. 311. 315. 318. 319. 318. 288. 298. 312. 313.
  323. 329. 330. 337. 337. 348. 290. 298. 301. 304. 308. 309. 308. 306.
  312. 310. 311. 314. 313. 314. 315. 315. 315. 315. 316. 315.]]
##############################
[[106. 125. 133. 135. 140. 135. 133. 135. 139. 136. 137. 145. 169. 172.
  194. 198. 197. 208. 207. 218. 210. 187. 185. 183. 192. 192. 188. 189.
  199. 204. 195. 189. 193. 197. 196. 199. 200. 201. 200. 197.]
 [400. 400. 400. 400. 400. 400. 400. 400. 400. 400. 400. 400. 400. 399.
  398. 400. 400. 398. 399. 400. 400. 349. 349. 350. 349. 350. 348. 349.
  350. 350. 350. 350. 349. 349. 349. 350. 349. 350. 350. 350.]
 [273. 303. 310. 317. 311. 318. 314. 320. 318. 317. 287. 285. 295. 317.
  317. 330. 329. 345. 339. 343. 349. 308. 308. 309. 311. 311. 316. 315.
  317. 316. 317. 316. 316. 322. 315. 319. 317. 318. 319. 322.]
 [264. 294. 304. 307. 311. 311. 315. 318. 319. 318. 288. 298. 312. 313.
  323. 329. 330. 337. 337. 348. 335. 298. 301. 304. 308. 309. 308. 306.
  312. 310. 311. 314. 313. 314. 315. 315. 315. 315. 316. 315.]]
##############################
[[106. 125. 133. 135. 140. 135. 133. 135. 139. 136. 137. 145. 169. 172.
  194. 198. 197. 208. 207. 218. 210. 216. 185. 183. 192. 192. 188. 189.
  199. 204. 195. 189. 193. 197. 196. 199. 200. 201. 200. 197.]
 [400. 400. 400. 400. 400. 400. 400. 400. 400. 400. 400. 400. 400. 399.
  398. 400. 400. 398. 399. 400. 400. 399. 349. 350. 349. 350. 348. 349.
  350. 350. 350. 350. 349. 349. 349. 350. 349. 350. 350. 350.]
 [273. 303. 310. 317. 311. 318. 314. 320. 318. 317. 287. 285. 295. 317.
  317. 330. 329. 345. 339. 343. 349. 351. 308. 309. 311. 311. 316. 315.
  317. 316. 317. 316. 316. 322. 315. 319. 317. 318. 319. 322.]
 [264. 294. 304. 307. 311. 311. 315. 318. 319. 318. 288. 298. 312. 313.
  323. 329. 330. 337. 337. 348. 335. 343. 301. 304. 308. 309. 308. 306.
  312. 310. 311. 314. 313. 314. 315. 315. 315. 315. 316. 315.]]
##############################
[[106. 125. 133. 135. 140. 135. 133. 135. 139. 136. 137. 145. 169. 172.
  194. 198. 197. 208. 207. 218. 210. 216. 213. 183. 192. 192. 188. 189.
  199. 204. 195. 189. 193. 197. 196. 199. 200. 201. 200. 197.]
 [400. 400. 400. 400. 400. 400. 400. 400. 400. 400. 400. 400. 400. 399.
  398. 400. 400. 398. 399. 400. 400. 399. 399. 350. 349. 350. 348. 349.
  350. 350. 350. 350. 349. 349. 349. 350. 349. 350. 350. 350.]
 [273. 303. 310. 317. 311. 318. 314. 320. 318. 317. 287. 285. 295. 317.
  317. 330. 329. 345. 339. 343. 349. 351. 351. 309. 311. 311. 316. 315.
  317. 316. 317. 316. 316. 322. 315. 319. 317. 318. 319. 322.]
 [264. 294. 304. 307. 311. 311. 315. 318. 319. 318. 288. 298. 312. 313.
  323. 329. 330. 337. 337. 348. 335. 343. 346. 304. 308. 309. 308. 306.
  312. 310. 311. 314. 313. 314. 315. 315. 315. 315. 316. 315.]]
##############################
[[106. 125. 133. 135. 140. 135. 133. 135. 139. 136. 137. 145. 169. 172.
  194. 198. 197. 208. 207. 218. 210. 216. 213. 213. 192. 192. 188. 189.
  199. 204. 195. 189. 193. 197. 196. 199. 200. 201. 200. 197.]
 [400. 400. 400. 400. 400. 400. 400. 400. 400. 400. 400. 400. 400. 399.
  398. 400. 400. 398. 399. 400. 400. 399. 399. 400. 349. 350. 348. 349.
  350. 350. 350. 350. 349. 349. 349. 350. 349. 350. 350. 350.]
 [273. 303. 310. 317. 311. 318. 314. 320. 318. 317. 287. 285. 295. 317.
  317. 330. 329. 345. 339. 343. 349. 351. 351. 353. 311. 311. 316. 315.
  317. 316. 317. 316. 316. 322. 315. 319. 317. 318. 319. 322.]
 [264. 294. 304. 307. 311. 311. 315. 318. 319. 318. 288. 298. 312. 313.
  323. 329. 330. 337. 337. 348. 335. 343. 346. 349. 308. 309. 308. 306.
  312. 310. 311. 314. 313. 314. 315. 315. 315. 315. 316. 315.]]
##############################
[[106. 125. 133. 135. 140. 135. 133. 135. 139. 136. 137. 145. 169. 172.
  194. 198. 197. 208. 207. 218. 210. 216. 213. 213. 218. 192. 188. 189.
  199. 204. 195. 189. 193. 197. 196. 199. 200. 201. 200. 197.]
 [400. 400. 400. 400. 400. 400. 400. 400. 400. 400. 400. 400. 400. 399.
  398. 400. 400. 398. 399. 400. 400. 399. 399. 400. 399. 350. 348. 349.
  350. 350. 350. 350. 349. 349. 349. 350. 349. 350. 350. 350.]
 [273. 303. 310. 317. 311. 318. 314. 320. 318. 317. 287. 285. 295. 317.
  317. 330. 329. 345. 339. 343. 349. 351. 351. 353. 354. 311. 316. 315.
  317. 316. 317. 316. 316. 322. 315. 319. 317. 318. 319. 322.]
 [264. 294. 304. 307. 311. 311. 315. 318. 319. 318. 288. 298. 312. 313.
  323. 329. 330. 337. 337. 348. 335. 343. 346. 349. 353. 309. 308. 306.
  312. 310. 311. 314. 313. 314. 315. 315. 315. 315. 316. 315.]]
##############################
[[106. 125. 133. 135. 140. 135. 133. 135. 139. 136. 137. 145. 169. 172.
  194. 198. 197. 208. 207. 218. 210. 216. 213. 213. 218. 220. 188. 189.
  199. 204. 195. 189. 193. 197. 196. 199. 200. 201. 200. 197.]
 [400. 400. 400. 400. 400. 400. 400. 400. 400. 400. 400. 400. 400. 399.
  398. 400. 400. 398. 399. 400. 400. 399. 399. 400. 399. 400. 348. 349.
  350. 350. 350. 350. 349. 349. 349. 350. 349. 350. 350. 350.]
 [273. 303. 310. 317. 311. 318. 314. 320. 318. 317. 287. 285. 295. 317.
  317. 330. 329. 345. 339. 343. 349. 351. 351. 353. 354. 355. 316. 315.
  317. 316. 317. 316. 316. 322. 315. 319. 317. 318. 319. 322.]
 [264. 294. 304. 307. 311. 311. 315. 318. 319. 318. 288. 298. 312. 313.
  323. 329. 330. 337. 337. 348. 335. 343. 346. 349. 353. 353. 308. 306.
  312. 310. 311. 314. 313. 314. 315. 315. 315. 315. 316. 315.]]
##############################
[[106. 125. 133. 135. 140. 135. 133. 135. 139. 136. 137. 145. 169. 172.
  194. 198. 197. 208. 207. 218. 210. 216. 213. 213. 218. 220. 216. 189.
  199. 204. 195. 189. 193. 197. 196. 199. 200. 201. 200. 197.]
 [400. 400. 400. 400. 400. 400. 400. 400. 400. 400. 400. 400. 400. 399.
  398. 400. 400. 398. 399. 400. 400. 399. 399. 400. 399. 400. 398. 349.
  350. 350. 350. 350. 349. 349. 349. 350. 349. 350. 350. 350.]
 [273. 303. 310. 317. 311. 318. 314. 320. 318. 317. 287. 285. 295. 317.
  317. 330. 329. 345. 339. 343. 349. 351. 351. 353. 354. 355. 360. 315.
  317. 316. 317. 316. 316. 322. 315. 319. 317. 318. 319. 322.]
 [264. 294. 304. 307. 311. 311. 315. 318. 319. 318. 288. 298. 312. 313.
  323. 329. 330. 337. 337. 348. 335. 343. 346. 349. 353. 353. 354. 306.
  312. 310. 311. 314. 313. 314. 315. 315. 315. 315. 316. 315.]]
##############################
[[106. 125. 133. 135. 140. 135. 133. 135. 139. 136. 137. 145. 169. 172.
  194. 198. 197. 208. 207. 218. 210. 216. 213. 213. 218. 220. 216. 217.
  199. 204. 195. 189. 193. 197. 196. 199. 200. 201. 200. 197.]
 [400. 400. 400. 400. 400. 400. 400. 400. 400. 400. 400. 400. 400. 399.
  398. 400. 400. 398. 399. 400. 400. 399. 399. 400. 399. 400. 398. 399.
  350. 350. 350. 350. 349. 349. 349. 350. 349. 350. 350. 350.]
 [273. 303. 310. 317. 311. 318. 314. 320. 318. 317. 287. 285. 295. 317.
  317. 330. 329. 345. 339. 343. 349. 351. 351. 353. 354. 355. 360. 359.
  317. 316. 317. 316. 316. 322. 315. 319. 317. 318. 319. 322.]
 [264. 294. 304. 307. 311. 311. 315. 318. 319. 318. 288. 298. 312. 313.
  323. 329. 330. 337. 337. 348. 335. 343. 346. 349. 353. 353. 354. 351.
  312. 310. 311. 314. 313. 314. 315. 315. 315. 315. 316. 315.]]
##############################
[[106. 125. 133. 135. 140. 135. 133. 135. 139. 136. 137. 145. 169. 172.
  194. 198. 197. 208. 207. 218. 210. 216. 213. 213. 218. 220. 216. 217.
  225. 204. 195. 189. 193. 197. 196. 199. 200. 201. 200. 197.]
 [400. 400. 400. 400. 400. 400. 400. 400. 400. 400. 400. 400. 400. 399.
  398. 400. 400. 398. 399. 400. 400. 399. 399. 400. 399. 400. 398. 399.
  400. 350. 350. 350. 349. 349. 349. 350. 349. 350. 350. 350.]
 [273. 303. 310. 317. 311. 318. 314. 320. 318. 317. 287. 285. 295. 317.
  317. 330. 329. 345. 339. 343. 349. 351. 351. 353. 354. 355. 360. 359.
  361. 316. 317. 316. 316. 322. 315. 319. 317. 318. 319. 322.]
 [264. 294. 304. 307. 311. 311. 315. 318. 319. 318. 288. 298. 312. 313.
  323. 329. 330. 337. 337. 348. 335. 343. 346. 349. 353. 353. 354. 351.
  357. 310. 311. 314. 313. 314. 315. 315. 315. 315. 316. 315.]]
##############################
[[106. 125. 133. 135. 140. 135. 133. 135. 139. 136. 137. 145. 169. 172.
  194. 198. 197. 208. 207. 218. 210. 216. 213. 213. 218. 220. 216. 217.
  225. 231. 195. 189. 193. 197. 196. 199. 200. 201. 200. 197.]
 [400. 400. 400. 400. 400. 400. 400. 400. 400. 400. 400. 400. 400. 399.
  398. 400. 400. 398. 399. 400. 400. 399. 399. 400. 399. 400. 398. 399.
  400. 400. 350. 350. 349. 349. 349. 350. 349. 350. 350. 350.]
 [273. 303. 310. 317. 311. 318. 314. 320. 318. 317. 287. 285. 295. 317.
  317. 330. 329. 345. 339. 343. 349. 351. 351. 353. 354. 355. 360. 359.
  361. 359. 317. 316. 316. 322. 315. 319. 317. 318. 319. 322.]
 [264. 294. 304. 307. 311. 311. 315. 318. 319. 318. 288. 298. 312. 313.
  323. 329. 330. 337. 337. 348. 335. 343. 346. 349. 353. 353. 354. 351.
  357. 355. 311. 314. 313. 314. 315. 315. 315. 315. 316. 315.]]
##############################
[[106. 125. 133. 135. 140. 135. 133. 135. 139. 136. 137. 145. 169. 172.
  194. 198. 197. 208. 207. 218. 210. 216. 213. 213. 218. 220. 216. 217.
  225. 231. 221. 189. 193. 197. 196. 199. 200. 201. 200. 197.]
 [400. 400. 400. 400. 400. 400. 400. 400. 400. 400. 400. 400. 400. 399.
  398. 400. 400. 398. 399. 400. 400. 399. 399. 400. 399. 400. 398. 399.
  400. 400. 400. 350. 349. 349. 349. 350. 349. 350. 350. 350.]
 [273. 303. 310. 317. 311. 318. 314. 320. 318. 317. 287. 285. 295. 317.
  317. 330. 329. 345. 339. 343. 349. 351. 351. 353. 354. 355. 360. 359.
  361. 359. 360. 316. 316. 322. 315. 319. 317. 318. 319. 322.]
 [264. 294. 304. 307. 311. 311. 315. 318. 319. 318. 288. 298. 312. 313.
  323. 329. 330. 337. 337. 348. 335. 343. 346. 349. 353. 353. 354. 351.
  357. 355. 357. 314. 313. 314. 315. 315. 315. 315. 316. 315.]]
##############################
[[106. 125. 133. 135. 140. 135. 133. 135. 139. 136. 137. 145. 169. 172.
  194. 198. 197. 208. 207. 218. 210. 216. 213. 213. 218. 220. 216. 217.
  225. 231. 221. 216. 193. 197. 196. 199. 200. 201. 200. 197.]
 [400. 400. 400. 400. 400. 400. 400. 400. 400. 400. 400. 400. 400. 399.
  398. 400. 400. 398. 399. 400. 400. 399. 399. 400. 399. 400. 398. 399.
  400. 400. 400. 400. 349. 349. 349. 350. 349. 350. 350. 350.]
 [273. 303. 310. 317. 311. 318. 314. 320. 318. 317. 287. 285. 295. 317.
  317. 330. 329. 345. 339. 343. 349. 351. 351. 353. 354. 355. 360. 359.
  361. 359. 360. 361. 316. 322. 315. 319. 317. 318. 319. 322.]
 [264. 294. 304. 307. 311. 311. 315. 318. 319. 318. 288. 298. 312. 313.
  323. 329. 330. 337. 337. 348. 335. 343. 346. 349. 353. 353. 354. 351.
  357. 355. 357. 360. 313. 314. 315. 315. 315. 315. 316. 315.]]
##############################
[[106. 125. 133. 135. 140. 135. 133. 135. 139. 136. 137. 145. 169. 172.
  194. 198. 197. 208. 207. 218. 210. 216. 213. 213. 218. 220. 216. 217.
  225. 231. 221. 216. 219. 197. 196. 199. 200. 201. 200. 197.]
 [400. 400. 400. 400. 400. 400. 400. 400. 400. 400. 400. 400. 400. 399.
  398. 400. 400. 398. 399. 400. 400. 399. 399. 400. 399. 400. 398. 399.
  400. 400. 400. 400. 399. 349. 349. 350. 349. 350. 350. 350.]
 [273. 303. 310. 317. 311. 318. 314. 320. 318. 317. 287. 285. 295. 317.
  317. 330. 329. 345. 339. 343. 349. 351. 351. 353. 354. 355. 360. 359.
  361. 359. 360. 361. 361. 322. 315. 319. 317. 318. 319. 322.]
 [264. 294. 304. 307. 311. 311. 315. 318. 319. 318. 288. 298. 312. 313.
  323. 329. 330. 337. 337. 348. 335. 343. 346. 349. 353. 353. 354. 351.
  357. 355. 357. 360. 359. 314. 315. 315. 315. 315. 316. 315.]]
##############################
[[106. 125. 133. 135. 140. 135. 133. 135. 139. 136. 137. 145. 169. 172.
  194. 198. 197. 208. 207. 218. 210. 216. 213. 213. 218. 220. 216. 217.
  225. 231. 221. 216. 219. 226. 196. 199. 200. 201. 200. 197.]
 [400. 400. 400. 400. 400. 400. 400. 400. 400. 400. 400. 400. 400. 399.
  398. 400. 400. 398. 399. 400. 400. 399. 399. 400. 399. 400. 398. 399.
  400. 400. 400. 400. 399. 399. 349. 350. 349. 350. 350. 350.]
 [273. 303. 310. 317. 311. 318. 314. 320. 318. 317. 287. 285. 295. 317.
  317. 330. 329. 345. 339. 343. 349. 351. 351. 353. 354. 355. 360. 359.
  361. 359. 360. 361. 361. 367. 315. 319. 317. 318. 319. 322.]
 [264. 294. 304. 307. 311. 311. 315. 318. 319. 318. 288. 298. 312. 313.
  323. 329. 330. 337. 337. 348. 335. 343. 346. 349. 353. 353. 354. 351.
  357. 355. 357. 360. 359. 359. 315. 315. 315. 315. 316. 315.]]
##############################
[[106. 125. 133. 135. 140. 135. 133. 135. 139. 136. 137. 145. 169. 172.
  194. 198. 197. 208. 207. 218. 210. 216. 213. 213. 218. 220. 216. 217.
  225. 231. 221. 216. 219. 226. 223. 199. 200. 201. 200. 197.]
 [400. 400. 400. 400. 400. 400. 400. 400. 400. 400. 400. 400. 400. 399.
  398. 400. 400. 398. 399. 400. 400. 399. 399. 400. 399. 400. 398. 399.
  400. 400. 400. 400. 399. 399. 399. 350. 349. 350. 350. 350.]
 [273. 303. 310. 317. 311. 318. 314. 320. 318. 317. 287. 285. 295. 317.
  317. 330. 329. 345. 339. 343. 349. 351. 351. 353. 354. 355. 360. 359.
  361. 359. 360. 361. 361. 367. 360. 319. 317. 318. 319. 322.]
 [264. 294. 304. 307. 311. 311. 315. 318. 319. 318. 288. 298. 312. 313.
  323. 329. 330. 337. 337. 348. 335. 343. 346. 349. 353. 353. 354. 351.
  357. 355. 357. 360. 359. 359. 361. 315. 315. 315. 316. 315.]]
##############################
[[106. 125. 133. 135. 140. 135. 133. 135. 139. 136. 137. 145. 169. 172.
  194. 198. 197. 208. 207. 218. 210. 216. 213. 213. 218. 220. 216. 217.
  225. 231. 221. 216. 219. 226. 223. 227. 200. 201. 200. 197.]
 [400. 400. 400. 400. 400. 400. 400. 400. 400. 400. 400. 400. 400. 399.
  398. 400. 400. 398. 399. 400. 400. 399. 399. 400. 399. 400. 398. 399.
  400. 400. 400. 400. 399. 399. 399. 400. 349. 350. 350. 350.]
 [273. 303. 310. 317. 311. 318. 314. 320. 318. 317. 287. 285. 295. 317.
  317. 330. 329. 345. 339. 343. 349. 351. 351. 353. 354. 355. 360. 359.
  361. 359. 360. 361. 361. 367. 360. 364. 317. 318. 319. 322.]
 [264. 294. 304. 307. 311. 311. 315. 318. 319. 318. 288. 298. 312. 313.
  323. 329. 330. 337. 337. 348. 335. 343. 346. 349. 353. 353. 354. 351.
  357. 355. 357. 360. 359. 359. 361. 360. 315. 315. 316. 315.]]
##############################
[[106. 125. 133. 135. 140. 135. 133. 135. 139. 136. 137. 145. 169. 172.
  194. 198. 197. 208. 207. 218. 210. 216. 213. 213. 218. 220. 216. 217.
  225. 231. 221. 216. 219. 226. 223. 227. 228. 201. 200. 197.]
 [400. 400. 400. 400. 400. 400. 400. 400. 400. 400. 400. 400. 400. 399.
  398. 400. 400. 398. 399. 400. 400. 399. 399. 400. 399. 400. 398. 399.
  400. 400. 400. 400. 399. 399. 399. 400. 399. 350. 350. 350.]
 [273. 303. 310. 317. 311. 318. 314. 320. 318. 317. 287. 285. 295. 317.
  317. 330. 329. 345. 339. 343. 349. 351. 351. 353. 354. 355. 360. 359.
  361. 359. 360. 361. 361. 367. 360. 364. 362. 318. 319. 322.]
 [264. 294. 304. 307. 311. 311. 315. 318. 319. 318. 288. 298. 312. 313.
  323. 329. 330. 337. 337. 348. 335. 343. 346. 349. 353. 353. 354. 351.
  357. 355. 357. 360. 359. 359. 361. 360. 361. 315. 316. 315.]]
##############################
[[106. 125. 133. 135. 140. 135. 133. 135. 139. 136. 137. 145. 169. 172.
  194. 198. 197. 208. 207. 218. 210. 216. 213. 213. 218. 220. 216. 217.
  225. 231. 221. 216. 219. 226. 223. 227. 228. 232. 200. 197.]
 [400. 400. 400. 400. 400. 400. 400. 400. 400. 400. 400. 400. 400. 399.
  398. 400. 400. 398. 399. 400. 400. 399. 399. 400. 399. 400. 398. 399.
  400. 400. 400. 400. 399. 399. 399. 400. 399. 400. 350. 350.]
 [273. 303. 310. 317. 311. 318. 314. 320. 318. 317. 287. 285. 295. 317.
  317. 330. 329. 345. 339. 343. 349. 351. 351. 353. 354. 355. 360. 359.
  361. 359. 360. 361. 361. 367. 360. 364. 362. 363. 319. 322.]
 [264. 294. 304. 307. 311. 311. 315. 318. 319. 318. 288. 298. 312. 313.
  323. 329. 330. 337. 337. 348. 335. 343. 346. 349. 353. 353. 354. 351.
  357. 355. 357. 360. 359. 359. 361. 360. 361. 361. 316. 315.]]
##############################
[[106. 125. 133. 135. 140. 135. 133. 135. 139. 136. 137. 145. 169. 172.
  194. 198. 197. 208. 207. 218. 210. 216. 213. 213. 218. 220. 216. 217.
  225. 231. 221. 216. 219. 226. 223. 227. 228. 232. 226. 197.]
 [400. 400. 400. 400. 400. 400. 400. 400. 400. 400. 400. 400. 400. 399.
  398. 400. 400. 398. 399. 400. 400. 399. 399. 400. 399. 400. 398. 399.
  400. 400. 400. 400. 399. 399. 399. 400. 399. 400. 400. 350.]
 [273. 303. 310. 317. 311. 318. 314. 320. 318. 317. 287. 285. 295. 317.
  317. 330. 329. 345. 339. 343. 349. 351. 351. 353. 354. 355. 360. 359.
  361. 359. 360. 361. 361. 367. 360. 364. 362. 363. 364. 322.]
 [264. 294. 304. 307. 311. 311. 315. 318. 319. 318. 288. 298. 312. 313.
  323. 329. 330. 337. 337. 348. 335. 343. 346. 349. 353. 353. 354. 351.
  357. 355. 357. 360. 359. 359. 361. 360. 361. 361. 362. 315.]]
##############################
[[106. 125. 133. 135. 140. 135. 133. 135. 139. 136. 137. 145. 169. 172.
  194. 198. 197. 208. 207. 218. 210. 216. 213. 213. 218. 220. 216. 217.
  225. 231. 221. 216. 219. 226. 223. 227. 228. 232. 226. 223.]
 [400. 400. 400. 400. 400. 400. 400. 400. 400. 400. 400. 400. 400. 399.
  398. 400. 400. 398. 399. 400. 400. 399. 399. 400. 399. 400. 398. 399.
  400. 400. 400. 400. 399. 399. 399. 400. 399. 400. 400. 400.]
 [273. 303. 310. 317. 311. 318. 314. 320. 318. 317. 287. 285. 295. 317.
  317. 330. 329. 345. 339. 343. 349. 351. 351. 353. 354. 355. 360. 359.
  361. 359. 360. 361. 361. 367. 360. 364. 362. 363. 364. 367.]
 [264. 294. 304. 307. 311. 311. 315. 318. 319. 318. 288. 298. 312. 313.
  323. 329. 330. 337. 337. 348. 335. 343. 346. 349. 353. 353. 354. 351.
  357. 355. 357. 360. 359. 359. 361. 360. 361. 361. 362. 360.]]
##############################
##################################################
##################################################
starting :9 batch
[[118. 125. 133. 135. 140. 135. 133. 135. 139. 136. 137. 145. 169. 172.
  194. 198. 197. 208. 207. 218. 210. 216. 213. 213. 218. 220. 216. 217.
  225. 231. 221. 216. 219. 226. 223. 227. 228. 232. 226. 223.]
 [450. 400. 400. 400. 400. 400. 400. 400. 400. 400. 400. 400. 400. 399.
  398. 400. 400. 398. 399. 400. 400. 399. 399. 400. 399. 400. 398. 399.
  400. 400. 400. 400. 399. 399. 399. 400. 399. 400. 400. 400.]
 [304. 303. 310. 317. 311. 318. 314. 320. 318. 317. 287. 285. 295. 317.
  317. 330. 329. 345. 339. 343. 349. 351. 351. 353. 354. 355. 360. 359.
  361. 359. 360. 361. 361. 367. 360. 364. 362. 363. 364. 367.]
 [297. 294. 304. 307. 311. 311. 315. 318. 319. 318. 288. 298. 312. 313.
  323. 329. 330. 337. 337. 348. 335. 343. 346. 349. 353. 353. 354. 351.
  357. 355. 357. 360. 359. 359. 361. 360. 361. 361. 362. 360.]]
##############################
[[118. 141. 133. 135. 140. 135. 133. 135. 139. 136. 137. 145. 169. 172.
  194. 198. 197. 208. 207. 218. 210. 216. 213. 213. 218. 220. 216. 217.
  225. 231. 221. 216. 219. 226. 223. 227. 228. 232. 226. 223.]
 [450. 450. 400. 400. 400. 400. 400. 400. 400. 400. 400. 400. 400. 399.
  398. 400. 400. 398. 399. 400. 400. 399. 399. 400. 399. 400. 398. 399.
  400. 400. 400. 400. 399. 399. 399. 400. 399. 400. 400. 400.]
 [304. 340. 310. 317. 311. 318. 314. 320. 318. 317. 287. 285. 295. 317.
  317. 330. 329. 345. 339. 343. 349. 351. 351. 353. 354. 355. 360. 359.
  361. 359. 360. 361. 361. 367. 360. 364. 362. 363. 364. 367.]
 [297. 328. 304. 307. 311. 311. 315. 318. 319. 318. 288. 298. 312. 313.
  323. 329. 330. 337. 337. 348. 335. 343. 346. 349. 353. 353. 354. 351.
  357. 355. 357. 360. 359. 359. 361. 360. 361. 361. 362. 360.]]
##############################
[[118. 141. 152. 135. 140. 135. 133. 135. 139. 136. 137. 145. 169. 172.
  194. 198. 197. 208. 207. 218. 210. 216. 213. 213. 218. 220. 216. 217.
  225. 231. 221. 216. 219. 226. 223. 227. 228. 232. 226. 223.]
 [450. 450. 450. 400. 400. 400. 400. 400. 400. 400. 400. 400. 400. 399.
  398. 400. 400. 398. 399. 400. 400. 399. 399. 400. 399. 400. 398. 399.
  400. 400. 400. 400. 399. 399. 399. 400. 399. 400. 400. 400.]
 [304. 340. 347. 317. 311. 318. 314. 320. 318. 317. 287. 285. 295. 317.
  317. 330. 329. 345. 339. 343. 349. 351. 351. 353. 354. 355. 360. 359.
  361. 359. 360. 361. 361. 367. 360. 364. 362. 363. 364. 367.]
 [297. 328. 343. 307. 311. 311. 315. 318. 319. 318. 288. 298. 312. 313.
  323. 329. 330. 337. 337. 348. 335. 343. 346. 349. 353. 353. 354. 351.
  357. 355. 357. 360. 359. 359. 361. 360. 361. 361. 362. 360.]]
##############################
[[118. 141. 152. 154. 140. 135. 133. 135. 139. 136. 137. 145. 169. 172.
  194. 198. 197. 208. 207. 218. 210. 216. 213. 213. 218. 220. 216. 217.
  225. 231. 221. 216. 219. 226. 223. 227. 228. 232. 226. 223.]
 [450. 450. 450. 450. 400. 400. 400. 400. 400. 400. 400. 400. 400. 399.
  398. 400. 400. 398. 399. 400. 400. 399. 399. 400. 399. 400. 398. 399.
  400. 400. 400. 400. 399. 399. 399. 400. 399. 400. 400. 400.]
 [304. 340. 347. 353. 311. 318. 314. 320. 318. 317. 287. 285. 295. 317.
  317. 330. 329. 345. 339. 343. 349. 351. 351. 353. 354. 355. 360. 359.
  361. 359. 360. 361. 361. 367. 360. 364. 362. 363. 364. 367.]
 [297. 328. 343. 346. 311. 311. 315. 318. 319. 318. 288. 298. 312. 313.
  323. 329. 330. 337. 337. 348. 335. 343. 346. 349. 353. 353. 354. 351.
  357. 355. 357. 360. 359. 359. 361. 360. 361. 361. 362. 360.]]
##############################
[[118. 141. 152. 154. 161. 135. 133. 135. 139. 136. 137. 145. 169. 172.
  194. 198. 197. 208. 207. 218. 210. 216. 213. 213. 218. 220. 216. 217.
  225. 231. 221. 216. 219. 226. 223. 227. 228. 232. 226. 223.]
 [450. 450. 450. 450. 450. 400. 400. 400. 400. 400. 400. 400. 400. 399.
  398. 400. 400. 398. 399. 400. 400. 399. 399. 400. 399. 400. 398. 399.
  400. 400. 400. 400. 399. 399. 399. 400. 399. 400. 400. 400.]
 [304. 340. 347. 353. 348. 318. 314. 320. 318. 317. 287. 285. 295. 317.
  317. 330. 329. 345. 339. 343. 349. 351. 351. 353. 354. 355. 360. 359.
  361. 359. 360. 361. 361. 367. 360. 364. 362. 363. 364. 367.]
 [297. 328. 343. 346. 348. 311. 315. 318. 319. 318. 288. 298. 312. 313.
  323. 329. 330. 337. 337. 348. 335. 343. 346. 349. 353. 353. 354. 351.
  357. 355. 357. 360. 359. 359. 361. 360. 361. 361. 362. 360.]]
##############################
[[118. 141. 152. 154. 161. 155. 133. 135. 139. 136. 137. 145. 169. 172.
  194. 198. 197. 208. 207. 218. 210. 216. 213. 213. 218. 220. 216. 217.
  225. 231. 221. 216. 219. 226. 223. 227. 228. 232. 226. 223.]
 [450. 450. 450. 450. 450. 450. 400. 400. 400. 400. 400. 400. 400. 399.
  398. 400. 400. 398. 399. 400. 400. 399. 399. 400. 399. 400. 398. 399.
  400. 400. 400. 400. 399. 399. 399. 400. 399. 400. 400. 400.]
 [304. 340. 347. 353. 348. 355. 314. 320. 318. 317. 287. 285. 295. 317.
  317. 330. 329. 345. 339. 343. 349. 351. 351. 353. 354. 355. 360. 359.
  361. 359. 360. 361. 361. 367. 360. 364. 362. 363. 364. 367.]
 [297. 328. 343. 346. 348. 349. 315. 318. 319. 318. 288. 298. 312. 313.
  323. 329. 330. 337. 337. 348. 335. 343. 346. 349. 353. 353. 354. 351.
  357. 355. 357. 360. 359. 359. 361. 360. 361. 361. 362. 360.]]
##############################
[[118. 141. 152. 154. 161. 155. 154. 135. 139. 136. 137. 145. 169. 172.
  194. 198. 197. 208. 207. 218. 210. 216. 213. 213. 218. 220. 216. 217.
  225. 231. 221. 216. 219. 226. 223. 227. 228. 232. 226. 223.]
 [450. 450. 450. 450. 450. 450. 450. 400. 400. 400. 400. 400. 400. 399.
  398. 400. 400. 398. 399. 400. 400. 399. 399. 400. 399. 400. 398. 399.
  400. 400. 400. 400. 399. 399. 399. 400. 399. 400. 400. 400.]
 [304. 340. 347. 353. 348. 355. 350. 320. 318. 317. 287. 285. 295. 317.
  317. 330. 329. 345. 339. 343. 349. 351. 351. 353. 354. 355. 360. 359.
  361. 359. 360. 361. 361. 367. 360. 364. 362. 363. 364. 367.]
 [297. 328. 343. 346. 348. 349. 355. 318. 319. 318. 288. 298. 312. 313.
  323. 329. 330. 337. 337. 348. 335. 343. 346. 349. 353. 353. 354. 351.
  357. 355. 357. 360. 359. 359. 361. 360. 361. 361. 362. 360.]]
##############################
[[118. 141. 152. 154. 161. 155. 154. 156. 139. 136. 137. 145. 169. 172.
  194. 198. 197. 208. 207. 218. 210. 216. 213. 213. 218. 220. 216. 217.
  225. 231. 221. 216. 219. 226. 223. 227. 228. 232. 226. 223.]
 [450. 450. 450. 450. 450. 450. 450. 450. 400. 400. 400. 400. 400. 399.
  398. 400. 400. 398. 399. 400. 400. 399. 399. 400. 399. 400. 398. 399.
  400. 400. 400. 400. 399. 399. 399. 400. 399. 400. 400. 400.]
 [304. 340. 347. 353. 348. 355. 350. 356. 318. 317. 287. 285. 295. 317.
  317. 330. 329. 345. 339. 343. 349. 351. 351. 353. 354. 355. 360. 359.
  361. 359. 360. 361. 361. 367. 360. 364. 362. 363. 364. 367.]
 [297. 328. 343. 346. 348. 349. 355. 355. 319. 318. 288. 298. 312. 313.
  323. 329. 330. 337. 337. 348. 335. 343. 346. 349. 353. 353. 354. 351.
  357. 355. 357. 360. 359. 359. 361. 360. 361. 361. 362. 360.]]
##############################
[[118. 141. 152. 154. 161. 155. 154. 156. 159. 136. 137. 145. 169. 172.
  194. 198. 197. 208. 207. 218. 210. 216. 213. 213. 218. 220. 216. 217.
  225. 231. 221. 216. 219. 226. 223. 227. 228. 232. 226. 223.]
 [450. 450. 450. 450. 450. 450. 450. 450. 450. 400. 400. 400. 400. 399.
  398. 400. 400. 398. 399. 400. 400. 399. 399. 400. 399. 400. 398. 399.
  400. 400. 400. 400. 399. 399. 399. 400. 399. 400. 400. 400.]
 [304. 340. 347. 353. 348. 355. 350. 356. 355. 317. 287. 285. 295. 317.
  317. 330. 329. 345. 339. 343. 349. 351. 351. 353. 354. 355. 360. 359.
  361. 359. 360. 361. 361. 367. 360. 364. 362. 363. 364. 367.]
 [297. 328. 343. 346. 348. 349. 355. 355. 356. 318. 288. 298. 312. 313.
  323. 329. 330. 337. 337. 348. 335. 343. 346. 349. 353. 353. 354. 351.
  357. 355. 357. 360. 359. 359. 361. 360. 361. 361. 362. 360.]]
##############################
[[118. 141. 152. 154. 161. 155. 154. 156. 159. 159. 137. 145. 169. 172.
  194. 198. 197. 208. 207. 218. 210. 216. 213. 213. 218. 220. 216. 217.
  225. 231. 221. 216. 219. 226. 223. 227. 228. 232. 226. 223.]
 [450. 450. 450. 450. 450. 450. 450. 450. 450. 450. 400. 400. 400. 399.
  398. 400. 400. 398. 399. 400. 400. 399. 399. 400. 399. 400. 398. 399.
  400. 400. 400. 400. 399. 399. 399. 400. 399. 400. 400. 400.]
 [304. 340. 347. 353. 348. 355. 350. 356. 355. 354. 287. 285. 295. 317.
  317. 330. 329. 345. 339. 343. 349. 351. 351. 353. 354. 355. 360. 359.
  361. 359. 360. 361. 361. 367. 360. 364. 362. 363. 364. 367.]
 [297. 328. 343. 346. 348. 349. 355. 355. 356. 355. 288. 298. 312. 313.
  323. 329. 330. 337. 337. 348. 335. 343. 346. 349. 353. 353. 354. 351.
  357. 355. 357. 360. 359. 359. 361. 360. 361. 361. 362. 360.]]
##############################
[[118. 141. 152. 154. 161. 155. 154. 156. 159. 159. 155. 145. 169. 172.
  194. 198. 197. 208. 207. 218. 210. 216. 213. 213. 218. 220. 216. 217.
  225. 231. 221. 216. 219. 226. 223. 227. 228. 232. 226. 223.]
 [450. 450. 450. 450. 450. 450. 450. 450. 450. 450. 450. 400. 400. 399.
  398. 400. 400. 398. 399. 400. 400. 399. 399. 400. 399. 400. 398. 399.
  400. 400. 400. 400. 399. 399. 399. 400. 399. 400. 400. 400.]
 [304. 340. 347. 353. 348. 355. 350. 356. 355. 354. 319. 285. 295. 317.
  317. 330. 329. 345. 339. 343. 349. 351. 351. 353. 354. 355. 360. 359.
  361. 359. 360. 361. 361. 367. 360. 364. 362. 363. 364. 367.]
 [297. 328. 343. 346. 348. 349. 355. 355. 356. 355. 325. 298. 312. 313.
  323. 329. 330. 337. 337. 348. 335. 343. 346. 349. 353. 353. 354. 351.
  357. 355. 357. 360. 359. 359. 361. 360. 361. 361. 362. 360.]]
##############################
[[118. 141. 152. 154. 161. 155. 154. 156. 159. 159. 155. 166. 169. 172.
  194. 198. 197. 208. 207. 218. 210. 216. 213. 213. 218. 220. 216. 217.
  225. 231. 221. 216. 219. 226. 223. 227. 228. 232. 226. 223.]
 [450. 450. 450. 450. 450. 450. 450. 450. 450. 450. 450. 450. 400. 399.
  398. 400. 400. 398. 399. 400. 400. 399. 399. 400. 399. 400. 398. 399.
  400. 400. 400. 400. 399. 399. 399. 400. 399. 400. 400. 400.]
 [304. 340. 347. 353. 348. 355. 350. 356. 355. 354. 319. 322. 295. 317.
  317. 330. 329. 345. 339. 343. 349. 351. 351. 353. 354. 355. 360. 359.
  361. 359. 360. 361. 361. 367. 360. 364. 362. 363. 364. 367.]
 [297. 328. 343. 346. 348. 349. 355. 355. 356. 355. 325. 335. 312. 313.
  323. 329. 330. 337. 337. 348. 335. 343. 346. 349. 353. 353. 354. 351.
  357. 355. 357. 360. 359. 359. 361. 360. 361. 361. 362. 360.]]
##############################
[[118. 141. 152. 154. 161. 155. 154. 156. 159. 159. 155. 166. 191. 172.
  194. 198. 197. 208. 207. 218. 210. 216. 213. 213. 218. 220. 216. 217.
  225. 231. 221. 216. 219. 226. 223. 227. 228. 232. 226. 223.]
 [450. 450. 450. 450. 450. 450. 450. 450. 450. 450. 450. 450. 450. 399.
  398. 400. 400. 398. 399. 400. 400. 399. 399. 400. 399. 400. 398. 399.
  400. 400. 400. 400. 399. 399. 399. 400. 399. 400. 400. 400.]
 [304. 340. 347. 353. 348. 355. 350. 356. 355. 354. 319. 322. 332. 317.
  317. 330. 329. 345. 339. 343. 349. 351. 351. 353. 354. 355. 360. 359.
  361. 359. 360. 361. 361. 367. 360. 364. 362. 363. 364. 367.]
 [297. 328. 343. 346. 348. 349. 355. 355. 356. 355. 325. 335. 349. 313.
  323. 329. 330. 337. 337. 348. 335. 343. 346. 349. 353. 353. 354. 351.
  357. 355. 357. 360. 359. 359. 361. 360. 361. 361. 362. 360.]]
##############################
[[118. 141. 152. 154. 161. 155. 154. 156. 159. 159. 155. 166. 191. 195.
  194. 198. 197. 208. 207. 218. 210. 216. 213. 213. 218. 220. 216. 217.
  225. 231. 221. 216. 219. 226. 223. 227. 228. 232. 226. 223.]
 [450. 450. 450. 450. 450. 450. 450. 450. 450. 450. 450. 450. 450. 449.
  398. 400. 400. 398. 399. 400. 400. 399. 399. 400. 399. 400. 398. 399.
  400. 400. 400. 400. 399. 399. 399. 400. 399. 400. 400. 400.]
 [304. 340. 347. 353. 348. 355. 350. 356. 355. 354. 319. 322. 332. 356.
  317. 330. 329. 345. 339. 343. 349. 351. 351. 353. 354. 355. 360. 359.
  361. 359. 360. 361. 361. 367. 360. 364. 362. 363. 364. 367.]
 [297. 328. 343. 346. 348. 349. 355. 355. 356. 355. 325. 335. 349. 350.
  323. 329. 330. 337. 337. 348. 335. 343. 346. 349. 353. 353. 354. 351.
  357. 355. 357. 360. 359. 359. 361. 360. 361. 361. 362. 360.]]
##############################
[[118. 141. 152. 154. 161. 155. 154. 156. 159. 159. 155. 166. 191. 195.
  218. 198. 197. 208. 207. 218. 210. 216. 213. 213. 218. 220. 216. 217.
  225. 231. 221. 216. 219. 226. 223. 227. 228. 232. 226. 223.]
 [450. 450. 450. 450. 450. 450. 450. 450. 450. 450. 450. 450. 450. 449.
  448. 400. 400. 398. 399. 400. 400. 399. 399. 400. 399. 400. 398. 399.
  400. 400. 400. 400. 399. 399. 399. 400. 399. 400. 400. 400.]
 [304. 340. 347. 353. 348. 355. 350. 356. 355. 354. 319. 322. 332. 356.
  356. 330. 329. 345. 339. 343. 349. 351. 351. 353. 354. 355. 360. 359.
  361. 359. 360. 361. 361. 367. 360. 364. 362. 363. 364. 367.]
 [297. 328. 343. 346. 348. 349. 355. 355. 356. 355. 325. 335. 349. 350.
  364. 329. 330. 337. 337. 348. 335. 343. 346. 349. 353. 353. 354. 351.
  357. 355. 357. 360. 359. 359. 361. 360. 361. 361. 362. 360.]]
##############################
[[118. 141. 152. 154. 161. 155. 154. 156. 159. 159. 155. 166. 191. 195.
  218. 224. 197. 208. 207. 218. 210. 216. 213. 213. 218. 220. 216. 217.
  225. 231. 221. 216. 219. 226. 223. 227. 228. 232. 226. 223.]
 [450. 450. 450. 450. 450. 450. 450. 450. 450. 450. 450. 450. 450. 449.
  448. 450. 400. 398. 399. 400. 400. 399. 399. 400. 399. 400. 398. 399.
  400. 400. 400. 400. 399. 399. 399. 400. 399. 400. 400. 400.]
 [304. 340. 347. 353. 348. 355. 350. 356. 355. 354. 319. 322. 332. 356.
  356. 371. 329. 345. 339. 343. 349. 351. 351. 353. 354. 355. 360. 359.
  361. 359. 360. 361. 361. 367. 360. 364. 362. 363. 364. 367.]
 [297. 328. 343. 346. 348. 349. 355. 355. 356. 355. 325. 335. 349. 350.
  364. 371. 330. 337. 337. 348. 335. 343. 346. 349. 353. 353. 354. 351.
  357. 355. 357. 360. 359. 359. 361. 360. 361. 361. 362. 360.]]
##############################
[[118. 141. 152. 154. 161. 155. 154. 156. 159. 159. 155. 166. 191. 195.
  218. 224. 224. 208. 207. 218. 210. 216. 213. 213. 218. 220. 216. 217.
  225. 231. 221. 216. 219. 226. 223. 227. 228. 232. 226. 223.]
 [450. 450. 450. 450. 450. 450. 450. 450. 450. 450. 450. 450. 450. 449.
  448. 450. 450. 398. 399. 400. 400. 399. 399. 400. 399. 400. 398. 399.
  400. 400. 400. 400. 399. 399. 399. 400. 399. 400. 400. 400.]
 [304. 340. 347. 353. 348. 355. 350. 356. 355. 354. 319. 322. 332. 356.
  356. 371. 370. 345. 339. 343. 349. 351. 351. 353. 354. 355. 360. 359.
  361. 359. 360. 361. 361. 367. 360. 364. 362. 363. 364. 367.]
 [297. 328. 343. 346. 348. 349. 355. 355. 356. 355. 325. 335. 349. 350.
  364. 371. 372. 337. 337. 348. 335. 343. 346. 349. 353. 353. 354. 351.
  357. 355. 357. 360. 359. 359. 361. 360. 361. 361. 362. 360.]]
##############################
[[118. 141. 152. 154. 161. 155. 154. 156. 159. 159. 155. 166. 191. 195.
  218. 224. 224. 236. 207. 218. 210. 216. 213. 213. 218. 220. 216. 217.
  225. 231. 221. 216. 219. 226. 223. 227. 228. 232. 226. 223.]
 [450. 450. 450. 450. 450. 450. 450. 450. 450. 450. 450. 450. 450. 449.
  448. 450. 450. 448. 399. 400. 400. 399. 399. 400. 399. 400. 398. 399.
  400. 400. 400. 400. 399. 399. 399. 400. 399. 400. 400. 400.]
 [304. 340. 347. 353. 348. 355. 350. 356. 355. 354. 319. 322. 332. 356.
  356. 371. 370. 386. 339. 343. 349. 351. 351. 353. 354. 355. 360. 359.
  361. 359. 360. 361. 361. 367. 360. 364. 362. 363. 364. 367.]
 [297. 328. 343. 346. 348. 349. 355. 355. 356. 355. 325. 335. 349. 350.
  364. 371. 372. 380. 337. 348. 335. 343. 346. 349. 353. 353. 354. 351.
  357. 355. 357. 360. 359. 359. 361. 360. 361. 361. 362. 360.]]
##############################
[[118. 141. 152. 154. 161. 155. 154. 156. 159. 159. 155. 166. 191. 195.
  218. 224. 224. 236. 236. 218. 210. 216. 213. 213. 218. 220. 216. 217.
  225. 231. 221. 216. 219. 226. 223. 227. 228. 232. 226. 223.]
 [450. 450. 450. 450. 450. 450. 450. 450. 450. 450. 450. 450. 450. 449.
  448. 450. 450. 448. 449. 400. 400. 399. 399. 400. 399. 400. 398. 399.
  400. 400. 400. 400. 399. 399. 399. 400. 399. 400. 400. 400.]
 [304. 340. 347. 353. 348. 355. 350. 356. 355. 354. 319. 322. 332. 356.
  356. 371. 370. 386. 381. 343. 349. 351. 351. 353. 354. 355. 360. 359.
  361. 359. 360. 361. 361. 367. 360. 364. 362. 363. 364. 367.]
 [297. 328. 343. 346. 348. 349. 355. 355. 356. 355. 325. 335. 349. 350.
  364. 371. 372. 380. 382. 348. 335. 343. 346. 349. 353. 353. 354. 351.
  357. 355. 357. 360. 359. 359. 361. 360. 361. 361. 362. 360.]]
##############################
[[118. 141. 152. 154. 161. 155. 154. 156. 159. 159. 155. 166. 191. 195.
  218. 224. 224. 236. 236. 248. 210. 216. 213. 213. 218. 220. 216. 217.
  225. 231. 221. 216. 219. 226. 223. 227. 228. 232. 226. 223.]
 [450. 450. 450. 450. 450. 450. 450. 450. 450. 450. 450. 450. 450. 449.
  448. 450. 450. 448. 449. 450. 400. 399. 399. 400. 399. 400. 398. 399.
  400. 400. 400. 400. 399. 399. 399. 400. 399. 400. 400. 400.]
 [304. 340. 347. 353. 348. 355. 350. 356. 355. 354. 319. 322. 332. 356.
  356. 371. 370. 386. 381. 385. 349. 351. 351. 353. 354. 355. 360. 359.
  361. 359. 360. 361. 361. 367. 360. 364. 362. 363. 364. 367.]
 [297. 328. 343. 346. 348. 349. 355. 355. 356. 355. 325. 335. 349. 350.
  364. 371. 372. 380. 382. 393. 335. 343. 346. 349. 353. 353. 354. 351.
  357. 355. 357. 360. 359. 359. 361. 360. 361. 361. 362. 360.]]
##############################
[[118. 141. 152. 154. 161. 155. 154. 156. 159. 159. 155. 166. 191. 195.
  218. 224. 224. 236. 236. 248. 239. 216. 213. 213. 218. 220. 216. 217.
  225. 231. 221. 216. 219. 226. 223. 227. 228. 232. 226. 223.]
 [450. 450. 450. 450. 450. 450. 450. 450. 450. 450. 450. 450. 450. 449.
  448. 450. 450. 448. 449. 450. 450. 399. 399. 400. 399. 400. 398. 399.
  400. 400. 400. 400. 399. 399. 399. 400. 399. 400. 400. 400.]
 [304. 340. 347. 353. 348. 355. 350. 356. 355. 354. 319. 322. 332. 356.
  356. 371. 370. 386. 381. 385. 390. 351. 351. 353. 354. 355. 360. 359.
  361. 359. 360. 361. 361. 367. 360. 364. 362. 363. 364. 367.]
 [297. 328. 343. 346. 348. 349. 355. 355. 356. 355. 325. 335. 349. 350.
  364. 371. 372. 380. 382. 393. 379. 343. 346. 349. 353. 353. 354. 351.
  357. 355. 357. 360. 359. 359. 361. 360. 361. 361. 362. 360.]]
##############################
[[118. 141. 152. 154. 161. 155. 154. 156. 159. 159. 155. 166. 191. 195.
  218. 224. 224. 236. 236. 248. 239. 245. 213. 213. 218. 220. 216. 217.
  225. 231. 221. 216. 219. 226. 223. 227. 228. 232. 226. 223.]
 [450. 450. 450. 450. 450. 450. 450. 450. 450. 450. 450. 450. 450. 449.
  448. 450. 450. 448. 449. 450. 450. 449. 399. 400. 399. 400. 398. 399.
  400. 400. 400. 400. 399. 399. 399. 400. 399. 400. 400. 400.]
 [304. 340. 347. 353. 348. 355. 350. 356. 355. 354. 319. 322. 332. 356.
  356. 371. 370. 386. 381. 385. 390. 393. 351. 353. 354. 355. 360. 359.
  361. 359. 360. 361. 361. 367. 360. 364. 362. 363. 364. 367.]
 [297. 328. 343. 346. 348. 349. 355. 355. 356. 355. 325. 335. 349. 350.
  364. 371. 372. 380. 382. 393. 379. 388. 346. 349. 353. 353. 354. 351.
  357. 355. 357. 360. 359. 359. 361. 360. 361. 361. 362. 360.]]
##############################
[[118. 141. 152. 154. 161. 155. 154. 156. 159. 159. 155. 166. 191. 195.
  218. 224. 224. 236. 236. 248. 239. 245. 241. 213. 218. 220. 216. 217.
  225. 231. 221. 216. 219. 226. 223. 227. 228. 232. 226. 223.]
 [450. 450. 450. 450. 450. 450. 450. 450. 450. 450. 450. 450. 450. 449.
  448. 450. 450. 448. 449. 450. 450. 449. 449. 400. 399. 400. 398. 399.
  400. 400. 400. 400. 399. 399. 399. 400. 399. 400. 400. 400.]
 [304. 340. 347. 353. 348. 355. 350. 356. 355. 354. 319. 322. 332. 356.
  356. 371. 370. 386. 381. 385. 390. 393. 394. 353. 354. 355. 360. 359.
  361. 359. 360. 361. 361. 367. 360. 364. 362. 363. 364. 367.]
 [297. 328. 343. 346. 348. 349. 355. 355. 356. 355. 325. 335. 349. 350.
  364. 371. 372. 380. 382. 393. 379. 388. 391. 349. 353. 353. 354. 351.
  357. 355. 357. 360. 359. 359. 361. 360. 361. 361. 362. 360.]]
##############################
[[118. 141. 152. 154. 161. 155. 154. 156. 159. 159. 155. 166. 191. 195.
  218. 224. 224. 236. 236. 248. 239. 245. 241. 240. 218. 220. 216. 217.
  225. 231. 221. 216. 219. 226. 223. 227. 228. 232. 226. 223.]
 [450. 450. 450. 450. 450. 450. 450. 450. 450. 450. 450. 450. 450. 449.
  448. 450. 450. 448. 449. 450. 450. 449. 449. 450. 399. 400. 398. 399.
  400. 400. 400. 400. 399. 399. 399. 400. 399. 400. 400. 400.]
 [304. 340. 347. 353. 348. 355. 350. 356. 355. 354. 319. 322. 332. 356.
  356. 371. 370. 386. 381. 385. 390. 393. 394. 396. 354. 355. 360. 359.
  361. 359. 360. 361. 361. 367. 360. 364. 362. 363. 364. 367.]
 [297. 328. 343. 346. 348. 349. 355. 355. 356. 355. 325. 335. 349. 350.
  364. 371. 372. 380. 382. 393. 379. 388. 391. 395. 353. 353. 354. 351.
  357. 355. 357. 360. 359. 359. 361. 360. 361. 361. 362. 360.]]
##############################
[[118. 141. 152. 154. 161. 155. 154. 156. 159. 159. 155. 166. 191. 195.
  218. 224. 224. 236. 236. 248. 239. 245. 241. 240. 246. 220. 216. 217.
  225. 231. 221. 216. 219. 226. 223. 227. 228. 232. 226. 223.]
 [450. 450. 450. 450. 450. 450. 450. 450. 450. 450. 450. 450. 450. 449.
  448. 450. 450. 448. 449. 450. 450. 449. 449. 450. 449. 400. 398. 399.
  400. 400. 400. 400. 399. 399. 399. 400. 399. 400. 400. 400.]
 [304. 340. 347. 353. 348. 355. 350. 356. 355. 354. 319. 322. 332. 356.
  356. 371. 370. 386. 381. 385. 390. 393. 394. 396. 395. 355. 360. 359.
  361. 359. 360. 361. 361. 367. 360. 364. 362. 363. 364. 367.]
 [297. 328. 343. 346. 348. 349. 355. 355. 356. 355. 325. 335. 349. 350.
  364. 371. 372. 380. 382. 393. 379. 388. 391. 395. 397. 353. 354. 351.
  357. 355. 357. 360. 359. 359. 361. 360. 361. 361. 362. 360.]]
##############################
[[118. 141. 152. 154. 161. 155. 154. 156. 159. 159. 155. 166. 191. 195.
  218. 224. 224. 236. 236. 248. 239. 245. 241. 240. 246. 248. 216. 217.
  225. 231. 221. 216. 219. 226. 223. 227. 228. 232. 226. 223.]
 [450. 450. 450. 450. 450. 450. 450. 450. 450. 450. 450. 450. 450. 449.
  448. 450. 450. 448. 449. 450. 450. 449. 449. 450. 449. 450. 398. 399.
  400. 400. 400. 400. 399. 399. 399. 400. 399. 400. 400. 400.]
 [304. 340. 347. 353. 348. 355. 350. 356. 355. 354. 319. 322. 332. 356.
  356. 371. 370. 386. 381. 385. 390. 393. 394. 396. 395. 398. 360. 359.
  361. 359. 360. 361. 361. 367. 360. 364. 362. 363. 364. 367.]
 [297. 328. 343. 346. 348. 349. 355. 355. 356. 355. 325. 335. 349. 350.
  364. 371. 372. 380. 382. 393. 379. 388. 391. 395. 397. 397. 354. 351.
  357. 355. 357. 360. 359. 359. 361. 360. 361. 361. 362. 360.]]
##############################
[[118. 141. 152. 154. 161. 155. 154. 156. 159. 159. 155. 166. 191. 195.
  218. 224. 224. 236. 236. 248. 239. 245. 241. 240. 246. 248. 245. 217.
  225. 231. 221. 216. 219. 226. 223. 227. 228. 232. 226. 223.]
 [450. 450. 450. 450. 450. 450. 450. 450. 450. 450. 450. 450. 450. 449.
  448. 450. 450. 448. 449. 450. 450. 449. 449. 450. 449. 450. 448. 399.
  400. 400. 400. 400. 399. 399. 399. 400. 399. 400. 400. 400.]
 [304. 340. 347. 353. 348. 355. 350. 356. 355. 354. 319. 322. 332. 356.
  356. 371. 370. 386. 381. 385. 390. 393. 394. 396. 395. 398. 404. 359.
  361. 359. 360. 361. 361. 367. 360. 364. 362. 363. 364. 367.]
 [297. 328. 343. 346. 348. 349. 355. 355. 356. 355. 325. 335. 349. 350.
  364. 371. 372. 380. 382. 393. 379. 388. 391. 395. 397. 397. 400. 351.
  357. 355. 357. 360. 359. 359. 361. 360. 361. 361. 362. 360.]]
##############################
[[118. 141. 152. 154. 161. 155. 154. 156. 159. 159. 155. 166. 191. 195.
  218. 224. 224. 236. 236. 248. 239. 245. 241. 240. 246. 248. 245. 247.
  225. 231. 221. 216. 219. 226. 223. 227. 228. 232. 226. 223.]
 [450. 450. 450. 450. 450. 450. 450. 450. 450. 450. 450. 450. 450. 449.
  448. 450. 450. 448. 449. 450. 450. 449. 449. 450. 449. 450. 448. 449.
  400. 400. 400. 400. 399. 399. 399. 400. 399. 400. 400. 400.]
 [304. 340. 347. 353. 348. 355. 350. 356. 355. 354. 319. 322. 332. 356.
  356. 371. 370. 386. 381. 385. 390. 393. 394. 396. 395. 398. 404. 404.
  361. 359. 360. 361. 361. 367. 360. 364. 362. 363. 364. 367.]
 [297. 328. 343. 346. 348. 349. 355. 355. 356. 355. 325. 335. 349. 350.
  364. 371. 372. 380. 382. 393. 379. 388. 391. 395. 397. 397. 400. 396.
  357. 355. 357. 360. 359. 359. 361. 360. 361. 361. 362. 360.]]
##############################
[[118. 141. 152. 154. 161. 155. 154. 156. 159. 159. 155. 166. 191. 195.
  218. 224. 224. 236. 236. 248. 239. 245. 241. 240. 246. 248. 245. 247.
  255. 231. 221. 216. 219. 226. 223. 227. 228. 232. 226. 223.]
 [450. 450. 450. 450. 450. 450. 450. 450. 450. 450. 450. 450. 450. 449.
  448. 450. 450. 448. 449. 450. 450. 449. 449. 450. 449. 450. 448. 449.
  450. 400. 400. 400. 399. 399. 399. 400. 399. 400. 400. 400.]
 [304. 340. 347. 353. 348. 355. 350. 356. 355. 354. 319. 322. 332. 356.
  356. 371. 370. 386. 381. 385. 390. 393. 394. 396. 395. 398. 404. 404.
  407. 359. 360. 361. 361. 367. 360. 364. 362. 363. 364. 367.]
 [297. 328. 343. 346. 348. 349. 355. 355. 356. 355. 325. 335. 349. 350.
  364. 371. 372. 380. 382. 393. 379. 388. 391. 395. 397. 397. 400. 396.
  401. 355. 357. 360. 359. 359. 361. 360. 361. 361. 362. 360.]]
##############################
[[118. 141. 152. 154. 161. 155. 154. 156. 159. 159. 155. 166. 191. 195.
  218. 224. 224. 236. 236. 248. 239. 245. 241. 240. 246. 248. 245. 247.
  255. 260. 221. 216. 219. 226. 223. 227. 228. 232. 226. 223.]
 [450. 450. 450. 450. 450. 450. 450. 450. 450. 450. 450. 450. 450. 449.
  448. 450. 450. 448. 449. 450. 450. 449. 449. 450. 449. 450. 448. 449.
  450. 450. 400. 400. 399. 399. 399. 400. 399. 400. 400. 400.]
 [304. 340. 347. 353. 348. 355. 350. 356. 355. 354. 319. 322. 332. 356.
  356. 371. 370. 386. 381. 385. 390. 393. 394. 396. 395. 398. 404. 404.
  407. 406. 360. 361. 361. 367. 360. 364. 362. 363. 364. 367.]
 [297. 328. 343. 346. 348. 349. 355. 355. 356. 355. 325. 335. 349. 350.
  364. 371. 372. 380. 382. 393. 379. 388. 391. 395. 397. 397. 400. 396.
  401. 401. 357. 360. 359. 359. 361. 360. 361. 361. 362. 360.]]
##############################
[[118. 141. 152. 154. 161. 155. 154. 156. 159. 159. 155. 166. 191. 195.
  218. 224. 224. 236. 236. 248. 239. 245. 241. 240. 246. 248. 245. 247.
  255. 260. 250. 216. 219. 226. 223. 227. 228. 232. 226. 223.]
 [450. 450. 450. 450. 450. 450. 450. 450. 450. 450. 450. 450. 450. 449.
  448. 450. 450. 448. 449. 450. 450. 449. 449. 450. 449. 450. 448. 449.
  450. 450. 450. 400. 399. 399. 399. 400. 399. 400. 400. 400.]
 [304. 340. 347. 353. 348. 355. 350. 356. 355. 354. 319. 322. 332. 356.
  356. 371. 370. 386. 381. 385. 390. 393. 394. 396. 395. 398. 404. 404.
  407. 406. 405. 361. 361. 367. 360. 364. 362. 363. 364. 367.]
 [297. 328. 343. 346. 348. 349. 355. 355. 356. 355. 325. 335. 349. 350.
  364. 371. 372. 380. 382. 393. 379. 388. 391. 395. 397. 397. 400. 396.
  401. 401. 401. 360. 359. 359. 361. 360. 361. 361. 362. 360.]]
##############################
[[118. 141. 152. 154. 161. 155. 154. 156. 159. 159. 155. 166. 191. 195.
  218. 224. 224. 236. 236. 248. 239. 245. 241. 240. 246. 248. 245. 247.
  255. 260. 250. 244. 219. 226. 223. 227. 228. 232. 226. 223.]
 [450. 450. 450. 450. 450. 450. 450. 450. 450. 450. 450. 450. 450. 449.
  448. 450. 450. 448. 449. 450. 450. 449. 449. 450. 449. 450. 448. 449.
  450. 450. 450. 450. 399. 399. 399. 400. 399. 400. 400. 400.]
 [304. 340. 347. 353. 348. 355. 350. 356. 355. 354. 319. 322. 332. 356.
  356. 371. 370. 386. 381. 385. 390. 393. 394. 396. 395. 398. 404. 404.
  407. 406. 405. 405. 361. 367. 360. 364. 362. 363. 364. 367.]
 [297. 328. 343. 346. 348. 349. 355. 355. 356. 355. 325. 335. 349. 350.
  364. 371. 372. 380. 382. 393. 379. 388. 391. 395. 397. 397. 400. 396.
  401. 401. 401. 405. 359. 359. 361. 360. 361. 361. 362. 360.]]
##############################
[[118. 141. 152. 154. 161. 155. 154. 156. 159. 159. 155. 166. 191. 195.
  218. 224. 224. 236. 236. 248. 239. 245. 241. 240. 246. 248. 245. 247.
  255. 260. 250. 244. 250. 226. 223. 227. 228. 232. 226. 223.]
 [450. 450. 450. 450. 450. 450. 450. 450. 450. 450. 450. 450. 450. 449.
  448. 450. 450. 448. 449. 450. 450. 449. 449. 450. 449. 450. 448. 449.
  450. 450. 450. 450. 449. 399. 399. 400. 399. 400. 400. 400.]
 [304. 340. 347. 353. 348. 355. 350. 356. 355. 354. 319. 322. 332. 356.
  356. 371. 370. 386. 381. 385. 390. 393. 394. 396. 395. 398. 404. 404.
  407. 406. 405. 405. 406. 367. 360. 364. 362. 363. 364. 367.]
 [297. 328. 343. 346. 348. 349. 355. 355. 356. 355. 325. 335. 349. 350.
  364. 371. 372. 380. 382. 393. 379. 388. 391. 395. 397. 397. 400. 396.
  401. 401. 401. 405. 404. 359. 361. 360. 361. 361. 362. 360.]]
##############################
[[118. 141. 152. 154. 161. 155. 154. 156. 159. 159. 155. 166. 191. 195.
  218. 224. 224. 236. 236. 248. 239. 245. 241. 240. 246. 248. 245. 247.
  255. 260. 250. 244. 250. 256. 223. 227. 228. 232. 226. 223.]
 [450. 450. 450. 450. 450. 450. 450. 450. 450. 450. 450. 450. 450. 449.
  448. 450. 450. 448. 449. 450. 450. 449. 449. 450. 449. 450. 448. 449.
  450. 450. 450. 450. 449. 449. 399. 400. 399. 400. 400. 400.]
 [304. 340. 347. 353. 348. 355. 350. 356. 355. 354. 319. 322. 332. 356.
  356. 371. 370. 386. 381. 385. 390. 393. 394. 396. 395. 398. 404. 404.
  407. 406. 405. 405. 406. 411. 360. 364. 362. 363. 364. 367.]
 [297. 328. 343. 346. 348. 349. 355. 355. 356. 355. 325. 335. 349. 350.
  364. 371. 372. 380. 382. 393. 379. 388. 391. 395. 397. 397. 400. 396.
  401. 401. 401. 405. 404. 405. 361. 360. 361. 361. 362. 360.]]
##############################
[[118. 141. 152. 154. 161. 155. 154. 156. 159. 159. 155. 166. 191. 195.
  218. 224. 224. 236. 236. 248. 239. 245. 241. 240. 246. 248. 245. 247.
  255. 260. 250. 244. 250. 256. 253. 227. 228. 232. 226. 223.]
 [450. 450. 450. 450. 450. 450. 450. 450. 450. 450. 450. 450. 450. 449.
  448. 450. 450. 448. 449. 450. 450. 449. 449. 450. 449. 450. 448. 449.
  450. 450. 450. 450. 449. 449. 449. 400. 399. 400. 400. 400.]
 [304. 340. 347. 353. 348. 355. 350. 356. 355. 354. 319. 322. 332. 356.
  356. 371. 370. 386. 381. 385. 390. 393. 394. 396. 395. 398. 404. 404.
  407. 406. 405. 405. 406. 411. 404. 364. 362. 363. 364. 367.]
 [297. 328. 343. 346. 348. 349. 355. 355. 356. 355. 325. 335. 349. 350.
  364. 371. 372. 380. 382. 393. 379. 388. 391. 395. 397. 397. 400. 396.
  401. 401. 401. 405. 404. 405. 407. 360. 361. 361. 362. 360.]]
##############################
[[118. 141. 152. 154. 161. 155. 154. 156. 159. 159. 155. 166. 191. 195.
  218. 224. 224. 236. 236. 248. 239. 245. 241. 240. 246. 248. 245. 247.
  255. 260. 250. 244. 250. 256. 253. 259. 228. 232. 226. 223.]
 [450. 450. 450. 450. 450. 450. 450. 450. 450. 450. 450. 450. 450. 449.
  448. 450. 450. 448. 449. 450. 450. 449. 449. 450. 449. 450. 448. 449.
  450. 450. 450. 450. 449. 449. 449. 450. 399. 400. 400. 400.]
 [304. 340. 347. 353. 348. 355. 350. 356. 355. 354. 319. 322. 332. 356.
  356. 371. 370. 386. 381. 385. 390. 393. 394. 396. 395. 398. 404. 404.
  407. 406. 405. 405. 406. 411. 404. 408. 362. 363. 364. 367.]
 [297. 328. 343. 346. 348. 349. 355. 355. 356. 355. 325. 335. 349. 350.
  364. 371. 372. 380. 382. 393. 379. 388. 391. 395. 397. 397. 400. 396.
  401. 401. 401. 405. 404. 405. 407. 405. 361. 361. 362. 360.]]
##############################
[[118. 141. 152. 154. 161. 155. 154. 156. 159. 159. 155. 166. 191. 195.
  218. 224. 224. 236. 236. 248. 239. 245. 241. 240. 246. 248. 245. 247.
  255. 260. 250. 244. 250. 256. 253. 259. 258. 232. 226. 223.]
 [450. 450. 450. 450. 450. 450. 450. 450. 450. 450. 450. 450. 450. 449.
  448. 450. 450. 448. 449. 450. 450. 449. 449. 450. 449. 450. 448. 449.
  450. 450. 450. 450. 449. 449. 449. 450. 449. 400. 400. 400.]
 [304. 340. 347. 353. 348. 355. 350. 356. 355. 354. 319. 322. 332. 356.
  356. 371. 370. 386. 381. 385. 390. 393. 394. 396. 395. 398. 404. 404.
  407. 406. 405. 405. 406. 411. 404. 408. 406. 363. 364. 367.]
 [297. 328. 343. 346. 348. 349. 355. 355. 356. 355. 325. 335. 349. 350.
  364. 371. 372. 380. 382. 393. 379. 388. 391. 395. 397. 397. 400. 396.
  401. 401. 401. 405. 404. 405. 407. 405. 406. 361. 362. 360.]]
##############################
[[118. 141. 152. 154. 161. 155. 154. 156. 159. 159. 155. 166. 191. 195.
  218. 224. 224. 236. 236. 248. 239. 245. 241. 240. 246. 248. 245. 247.
  255. 260. 250. 244. 250. 256. 253. 259. 258. 262. 226. 223.]
 [450. 450. 450. 450. 450. 450. 450. 450. 450. 450. 450. 450. 450. 449.
  448. 450. 450. 448. 449. 450. 450. 449. 449. 450. 449. 450. 448. 449.
  450. 450. 450. 450. 449. 449. 449. 450. 449. 450. 400. 400.]
 [304. 340. 347. 353. 348. 355. 350. 356. 355. 354. 319. 322. 332. 356.
  356. 371. 370. 386. 381. 385. 390. 393. 394. 396. 395. 398. 404. 404.
  407. 406. 405. 405. 406. 411. 404. 408. 406. 407. 364. 367.]
 [297. 328. 343. 346. 348. 349. 355. 355. 356. 355. 325. 335. 349. 350.
  364. 371. 372. 380. 382. 393. 379. 388. 391. 395. 397. 397. 400. 396.
  401. 401. 401. 405. 404. 405. 407. 405. 406. 407. 362. 360.]]
##############################
[[118. 141. 152. 154. 161. 155. 154. 156. 159. 159. 155. 166. 191. 195.
  218. 224. 224. 236. 236. 248. 239. 245. 241. 240. 246. 248. 245. 247.
  255. 260. 250. 244. 250. 256. 253. 259. 258. 262. 258. 223.]
 [450. 450. 450. 450. 450. 450. 450. 450. 450. 450. 450. 450. 450. 449.
  448. 450. 450. 448. 449. 450. 450. 449. 449. 450. 449. 450. 448. 449.
  450. 450. 450. 450. 449. 449. 449. 450. 449. 450. 450. 400.]
 [304. 340. 347. 353. 348. 355. 350. 356. 355. 354. 319. 322. 332. 356.
  356. 371. 370. 386. 381. 385. 390. 393. 394. 396. 395. 398. 404. 404.
  407. 406. 405. 405. 406. 411. 404. 408. 406. 407. 409. 367.]
 [297. 328. 343. 346. 348. 349. 355. 355. 356. 355. 325. 335. 349. 350.
  364. 371. 372. 380. 382. 393. 379. 388. 391. 395. 397. 397. 400. 396.
  401. 401. 401. 405. 404. 405. 407. 405. 406. 407. 407. 360.]]
##############################
[[118. 141. 152. 154. 161. 155. 154. 156. 159. 159. 155. 166. 191. 195.
  218. 224. 224. 236. 236. 248. 239. 245. 241. 240. 246. 248. 245. 247.
  255. 260. 250. 244. 250. 256. 253. 259. 258. 262. 258. 253.]
 [450. 450. 450. 450. 450. 450. 450. 450. 450. 450. 450. 450. 450. 449.
  448. 450. 450. 448. 449. 450. 450. 449. 449. 450. 449. 450. 448. 449.
  450. 450. 450. 450. 449. 449. 449. 450. 449. 450. 450. 450.]
 [304. 340. 347. 353. 348. 355. 350. 356. 355. 354. 319. 322. 332. 356.
  356. 371. 370. 386. 381. 385. 390. 393. 394. 396. 395. 398. 404. 404.
  407. 406. 405. 405. 406. 411. 404. 408. 406. 407. 409. 410.]
 [297. 328. 343. 346. 348. 349. 355. 355. 356. 355. 325. 335. 349. 350.
  364. 371. 372. 380. 382. 393. 379. 388. 391. 395. 397. 397. 400. 396.
  401. 401. 401. 405. 404. 405. 407. 405. 406. 407. 407. 405.]]
##############################
##################################################
##################################################
starting :10 batch
[[134. 141. 152. 154. 161. 155. 154. 156. 159. 159. 155. 166. 191. 195.
  218. 224. 224. 236. 236. 248. 239. 245. 241. 240. 246. 248. 245. 247.
  255. 260. 250. 244. 250. 256. 253. 259. 258. 262. 258. 253.]
 [500. 450. 450. 450. 450. 450. 450. 450. 450. 450. 450. 450. 450. 449.
  448. 450. 450. 448. 449. 450. 450. 449. 449. 450. 449. 450. 448. 449.
  450. 450. 450. 450. 449. 449. 449. 450. 449. 450. 450. 450.]
 [342. 340. 347. 353. 348. 355. 350. 356. 355. 354. 319. 322. 332. 356.
  356. 371. 370. 386. 381. 385. 390. 393. 394. 396. 395. 398. 404. 404.
  407. 406. 405. 405. 406. 411. 404. 408. 406. 407. 409. 410.]
 [332. 328. 343. 346. 348. 349. 355. 355. 356. 355. 325. 335. 349. 350.
  364. 371. 372. 380. 382. 393. 379. 388. 391. 395. 397. 397. 400. 396.
  401. 401. 401. 405. 404. 405. 407. 405. 406. 407. 407. 405.]]
##############################
[[134. 159. 152. 154. 161. 155. 154. 156. 159. 159. 155. 166. 191. 195.
  218. 224. 224. 236. 236. 248. 239. 245. 241. 240. 246. 248. 245. 247.
  255. 260. 250. 244. 250. 256. 253. 259. 258. 262. 258. 253.]
 [500. 500. 450. 450. 450. 450. 450. 450. 450. 450. 450. 450. 450. 449.
  448. 450. 450. 448. 449. 450. 450. 449. 449. 450. 449. 450. 448. 449.
  450. 450. 450. 450. 449. 449. 449. 450. 449. 450. 450. 450.]
 [342. 382. 347. 353. 348. 355. 350. 356. 355. 354. 319. 322. 332. 356.
  356. 371. 370. 386. 381. 385. 390. 393. 394. 396. 395. 398. 404. 404.
  407. 406. 405. 405. 406. 411. 404. 408. 406. 407. 409. 410.]
 [332. 364. 343. 346. 348. 349. 355. 355. 356. 355. 325. 335. 349. 350.
  364. 371. 372. 380. 382. 393. 379. 388. 391. 395. 397. 397. 400. 396.
  401. 401. 401. 405. 404. 405. 407. 405. 406. 407. 407. 405.]]
##############################
[[134. 159. 173. 154. 161. 155. 154. 156. 159. 159. 155. 166. 191. 195.
  218. 224. 224. 236. 236. 248. 239. 245. 241. 240. 246. 248. 245. 247.
  255. 260. 250. 244. 250. 256. 253. 259. 258. 262. 258. 253.]
 [500. 500. 500. 450. 450. 450. 450. 450. 450. 450. 450. 450. 450. 449.
  448. 450. 450. 448. 449. 450. 450. 449. 449. 450. 449. 450. 448. 449.
  450. 450. 450. 450. 449. 449. 449. 450. 449. 450. 450. 450.]
 [342. 382. 389. 353. 348. 355. 350. 356. 355. 354. 319. 322. 332. 356.
  356. 371. 370. 386. 381. 385. 390. 393. 394. 396. 395. 398. 404. 404.
  407. 406. 405. 405. 406. 411. 404. 408. 406. 407. 409. 410.]
 [332. 364. 382. 346. 348. 349. 355. 355. 356. 355. 325. 335. 349. 350.
  364. 371. 372. 380. 382. 393. 379. 388. 391. 395. 397. 397. 400. 396.
  401. 401. 401. 405. 404. 405. 407. 405. 406. 407. 407. 405.]]
##############################
[[134. 159. 173. 173. 161. 155. 154. 156. 159. 159. 155. 166. 191. 195.
  218. 224. 224. 236. 236. 248. 239. 245. 241. 240. 246. 248. 245. 247.
  255. 260. 250. 244. 250. 256. 253. 259. 258. 262. 258. 253.]
 [500. 500. 500. 500. 450. 450. 450. 450. 450. 450. 450. 450. 450. 449.
  448. 450. 450. 448. 449. 450. 450. 449. 449. 450. 449. 450. 448. 449.
  450. 450. 450. 450. 449. 449. 449. 450. 449. 450. 450. 450.]
 [342. 382. 389. 399. 348. 355. 350. 356. 355. 354. 319. 322. 332. 356.
  356. 371. 370. 386. 381. 385. 390. 393. 394. 396. 395. 398. 404. 404.
  407. 406. 405. 405. 406. 411. 404. 408. 406. 407. 409. 410.]
 [332. 364. 382. 388. 348. 349. 355. 355. 356. 355. 325. 335. 349. 350.
  364. 371. 372. 380. 382. 393. 379. 388. 391. 395. 397. 397. 400. 396.
  401. 401. 401. 405. 404. 405. 407. 405. 406. 407. 407. 405.]]
##############################
[[134. 159. 173. 173. 179. 155. 154. 156. 159. 159. 155. 166. 191. 195.
  218. 224. 224. 236. 236. 248. 239. 245. 241. 240. 246. 248. 245. 247.
  255. 260. 250. 244. 250. 256. 253. 259. 258. 262. 258. 253.]
 [500. 500. 500. 500. 500. 450. 450. 450. 450. 450. 450. 450. 450. 449.
  448. 450. 450. 448. 449. 450. 450. 449. 449. 450. 449. 450. 448. 449.
  450. 450. 450. 450. 449. 449. 449. 450. 449. 450. 450. 450.]
 [342. 382. 389. 399. 392. 355. 350. 356. 355. 354. 319. 322. 332. 356.
  356. 371. 370. 386. 381. 385. 390. 393. 394. 396. 395. 398. 404. 404.
  407. 406. 405. 405. 406. 411. 404. 408. 406. 407. 409. 410.]
 [332. 364. 382. 388. 391. 349. 355. 355. 356. 355. 325. 335. 349. 350.
  364. 371. 372. 380. 382. 393. 379. 388. 391. 395. 397. 397. 400. 396.
  401. 401. 401. 405. 404. 405. 407. 405. 406. 407. 407. 405.]]
##############################
[[134. 159. 173. 173. 179. 176. 154. 156. 159. 159. 155. 166. 191. 195.
  218. 224. 224. 236. 236. 248. 239. 245. 241. 240. 246. 248. 245. 247.
  255. 260. 250. 244. 250. 256. 253. 259. 258. 262. 258. 253.]
 [500. 500. 500. 500. 500. 500. 450. 450. 450. 450. 450. 450. 450. 449.
  448. 450. 450. 448. 449. 450. 450. 449. 449. 450. 449. 450. 448. 449.
  450. 450. 450. 450. 449. 449. 449. 450. 449. 450. 450. 450.]
 [342. 382. 389. 399. 392. 402. 350. 356. 355. 354. 319. 322. 332. 356.
  356. 371. 370. 386. 381. 385. 390. 393. 394. 396. 395. 398. 404. 404.
  407. 406. 405. 405. 406. 411. 404. 408. 406. 407. 409. 410.]
 [332. 364. 382. 388. 391. 389. 355. 355. 356. 355. 325. 335. 349. 350.
  364. 371. 372. 380. 382. 393. 379. 388. 391. 395. 397. 397. 400. 396.
  401. 401. 401. 405. 404. 405. 407. 405. 406. 407. 407. 405.]]
##############################
[[134. 159. 173. 173. 179. 176. 174. 156. 159. 159. 155. 166. 191. 195.
  218. 224. 224. 236. 236. 248. 239. 245. 241. 240. 246. 248. 245. 247.
  255. 260. 250. 244. 250. 256. 253. 259. 258. 262. 258. 253.]
 [500. 500. 500. 500. 500. 500. 500. 450. 450. 450. 450. 450. 450. 449.
  448. 450. 450. 448. 449. 450. 450. 449. 449. 450. 449. 450. 448. 449.
  450. 450. 450. 450. 449. 449. 449. 450. 449. 450. 450. 450.]
 [342. 382. 389. 399. 392. 402. 396. 356. 355. 354. 319. 322. 332. 356.
  356. 371. 370. 386. 381. 385. 390. 393. 394. 396. 395. 398. 404. 404.
  407. 406. 405. 405. 406. 411. 404. 408. 406. 407. 409. 410.]
 [332. 364. 382. 388. 391. 389. 396. 355. 356. 355. 325. 335. 349. 350.
  364. 371. 372. 380. 382. 393. 379. 388. 391. 395. 397. 397. 400. 396.
  401. 401. 401. 405. 404. 405. 407. 405. 406. 407. 407. 405.]]
##############################
[[134. 159. 173. 173. 179. 176. 174. 176. 159. 159. 155. 166. 191. 195.
  218. 224. 224. 236. 236. 248. 239. 245. 241. 240. 246. 248. 245. 247.
  255. 260. 250. 244. 250. 256. 253. 259. 258. 262. 258. 253.]
 [500. 500. 500. 500. 500. 500. 500. 500. 450. 450. 450. 450. 450. 449.
  448. 450. 450. 448. 449. 450. 450. 449. 449. 450. 449. 450. 448. 449.
  450. 450. 450. 450. 449. 449. 449. 450. 449. 450. 450. 450.]
 [342. 382. 389. 399. 392. 402. 396. 400. 355. 354. 319. 322. 332. 356.
  356. 371. 370. 386. 381. 385. 390. 393. 394. 396. 395. 398. 404. 404.
  407. 406. 405. 405. 406. 411. 404. 408. 406. 407. 409. 410.]
 [332. 364. 382. 388. 391. 389. 396. 396. 356. 355. 325. 335. 349. 350.
  364. 371. 372. 380. 382. 393. 379. 388. 391. 395. 397. 397. 400. 396.
  401. 401. 401. 405. 404. 405. 407. 405. 406. 407. 407. 405.]]
##############################
[[134. 159. 173. 173. 179. 176. 174. 176. 178. 159. 155. 166. 191. 195.
  218. 224. 224. 236. 236. 248. 239. 245. 241. 240. 246. 248. 245. 247.
  255. 260. 250. 244. 250. 256. 253. 259. 258. 262. 258. 253.]
 [500. 500. 500. 500. 500. 500. 500. 500. 500. 450. 450. 450. 450. 449.
  448. 450. 450. 448. 449. 450. 450. 449. 449. 450. 449. 450. 448. 449.
  450. 450. 450. 450. 449. 449. 449. 450. 449. 450. 450. 450.]
 [342. 382. 389. 399. 392. 402. 396. 400. 399. 354. 319. 322. 332. 356.
  356. 371. 370. 386. 381. 385. 390. 393. 394. 396. 395. 398. 404. 404.
  407. 406. 405. 405. 406. 411. 404. 408. 406. 407. 409. 410.]
 [332. 364. 382. 388. 391. 389. 396. 396. 396. 355. 325. 335. 349. 350.
  364. 371. 372. 380. 382. 393. 379. 388. 391. 395. 397. 397. 400. 396.
  401. 401. 401. 405. 404. 405. 407. 405. 406. 407. 407. 405.]]
##############################
[[134. 159. 173. 173. 179. 176. 174. 176. 178. 178. 155. 166. 191. 195.
  218. 224. 224. 236. 236. 248. 239. 245. 241. 240. 246. 248. 245. 247.
  255. 260. 250. 244. 250. 256. 253. 259. 258. 262. 258. 253.]
 [500. 500. 500. 500. 500. 500. 500. 500. 500. 500. 450. 450. 450. 449.
  448. 450. 450. 448. 449. 450. 450. 449. 449. 450. 449. 450. 448. 449.
  450. 450. 450. 450. 449. 449. 449. 450. 449. 450. 450. 450.]
 [342. 382. 389. 399. 392. 402. 396. 400. 399. 400. 319. 322. 332. 356.
  356. 371. 370. 386. 381. 385. 390. 393. 394. 396. 395. 398. 404. 404.
  407. 406. 405. 405. 406. 411. 404. 408. 406. 407. 409. 410.]
 [332. 364. 382. 388. 391. 389. 396. 396. 396. 397. 325. 335. 349. 350.
  364. 371. 372. 380. 382. 393. 379. 388. 391. 395. 397. 397. 400. 396.
  401. 401. 401. 405. 404. 405. 407. 405. 406. 407. 407. 405.]]
##############################
[[134. 159. 173. 173. 179. 176. 174. 176. 178. 178. 177. 166. 191. 195.
  218. 224. 224. 236. 236. 248. 239. 245. 241. 240. 246. 248. 245. 247.
  255. 260. 250. 244. 250. 256. 253. 259. 258. 262. 258. 253.]
 [500. 500. 500. 500. 500. 500. 500. 500. 500. 500. 500. 450. 450. 449.
  448. 450. 450. 448. 449. 450. 450. 449. 449. 450. 449. 450. 448. 449.
  450. 450. 450. 450. 449. 449. 449. 450. 449. 450. 450. 450.]
 [342. 382. 389. 399. 392. 402. 396. 400. 399. 400. 363. 322. 332. 356.
  356. 371. 370. 386. 381. 385. 390. 393. 394. 396. 395. 398. 404. 404.
  407. 406. 405. 405. 406. 411. 404. 408. 406. 407. 409. 410.]
 [332. 364. 382. 388. 391. 389. 396. 396. 396. 397. 367. 335. 349. 350.
  364. 371. 372. 380. 382. 393. 379. 388. 391. 395. 397. 397. 400. 396.
  401. 401. 401. 405. 404. 405. 407. 405. 406. 407. 407. 405.]]
##############################
[[134. 159. 173. 173. 179. 176. 174. 176. 178. 178. 177. 192. 191. 195.
  218. 224. 224. 236. 236. 248. 239. 245. 241. 240. 246. 248. 245. 247.
  255. 260. 250. 244. 250. 256. 253. 259. 258. 262. 258. 253.]
 [500. 500. 500. 500. 500. 500. 500. 500. 500. 500. 500. 500. 450. 449.
  448. 450. 450. 448. 449. 450. 450. 449. 449. 450. 449. 450. 448. 449.
  450. 450. 450. 450. 449. 449. 449. 450. 449. 450. 450. 450.]
 [342. 382. 389. 399. 392. 402. 396. 400. 399. 400. 363. 366. 332. 356.
  356. 371. 370. 386. 381. 385. 390. 393. 394. 396. 395. 398. 404. 404.
  407. 406. 405. 405. 406. 411. 404. 408. 406. 407. 409. 410.]
 [332. 364. 382. 388. 391. 389. 396. 396. 396. 397. 367. 377. 349. 350.
  364. 371. 372. 380. 382. 393. 379. 388. 391. 395. 397. 397. 400. 396.
  401. 401. 401. 405. 404. 405. 407. 405. 406. 407. 407. 405.]]
##############################
[[134. 159. 173. 173. 179. 176. 174. 176. 178. 178. 177. 192. 216. 195.
  218. 224. 224. 236. 236. 248. 239. 245. 241. 240. 246. 248. 245. 247.
  255. 260. 250. 244. 250. 256. 253. 259. 258. 262. 258. 253.]
 [500. 500. 500. 500. 500. 500. 500. 500. 500. 500. 500. 500. 500. 449.
  448. 450. 450. 448. 449. 450. 450. 449. 449. 450. 449. 450. 448. 449.
  450. 450. 450. 450. 449. 449. 449. 450. 449. 450. 450. 450.]
 [342. 382. 389. 399. 392. 402. 396. 400. 399. 400. 363. 366. 378. 356.
  356. 371. 370. 386. 381. 385. 390. 393. 394. 396. 395. 398. 404. 404.
  407. 406. 405. 405. 406. 411. 404. 408. 406. 407. 409. 410.]
 [332. 364. 382. 388. 391. 389. 396. 396. 396. 397. 367. 377. 391. 350.
  364. 371. 372. 380. 382. 393. 379. 388. 391. 395. 397. 397. 400. 396.
  401. 401. 401. 405. 404. 405. 407. 405. 406. 407. 407. 405.]]
##############################
[[134. 159. 173. 173. 179. 176. 174. 176. 178. 178. 177. 192. 216. 221.
  218. 224. 224. 236. 236. 248. 239. 245. 241. 240. 246. 248. 245. 247.
  255. 260. 250. 244. 250. 256. 253. 259. 258. 262. 258. 253.]
 [500. 500. 500. 500. 500. 500. 500. 500. 500. 500. 500. 500. 500. 499.
  448. 450. 450. 448. 449. 450. 450. 449. 449. 450. 449. 450. 448. 449.
  450. 450. 450. 450. 449. 449. 449. 450. 449. 450. 450. 450.]
 [342. 382. 389. 399. 392. 402. 396. 400. 399. 400. 363. 366. 378. 402.
  356. 371. 370. 386. 381. 385. 390. 393. 394. 396. 395. 398. 404. 404.
  407. 406. 405. 405. 406. 411. 404. 408. 406. 407. 409. 410.]
 [332. 364. 382. 388. 391. 389. 396. 396. 396. 397. 367. 377. 391. 395.
  364. 371. 372. 380. 382. 393. 379. 388. 391. 395. 397. 397. 400. 396.
  401. 401. 401. 405. 404. 405. 407. 405. 406. 407. 407. 405.]]
##############################
[[134. 159. 173. 173. 179. 176. 174. 176. 178. 178. 177. 192. 216. 221.
  245. 224. 224. 236. 236. 248. 239. 245. 241. 240. 246. 248. 245. 247.
  255. 260. 250. 244. 250. 256. 253. 259. 258. 262. 258. 253.]
 [500. 500. 500. 500. 500. 500. 500. 500. 500. 500. 500. 500. 500. 499.
  498. 450. 450. 448. 449. 450. 450. 449. 449. 450. 449. 450. 448. 449.
  450. 450. 450. 450. 449. 449. 449. 450. 449. 450. 450. 450.]
 [342. 382. 389. 399. 392. 402. 396. 400. 399. 400. 363. 366. 378. 402.
  402. 371. 370. 386. 381. 385. 390. 393. 394. 396. 395. 398. 404. 404.
  407. 406. 405. 405. 406. 411. 404. 408. 406. 407. 409. 410.]
 [332. 364. 382. 388. 391. 389. 396. 396. 396. 397. 367. 377. 391. 395.
  408. 371. 372. 380. 382. 393. 379. 388. 391. 395. 397. 397. 400. 396.
  401. 401. 401. 405. 404. 405. 407. 405. 406. 407. 407. 405.]]
##############################
[[134. 159. 173. 173. 179. 176. 174. 176. 178. 178. 177. 192. 216. 221.
  245. 251. 224. 236. 236. 248. 239. 245. 241. 240. 246. 248. 245. 247.
  255. 260. 250. 244. 250. 256. 253. 259. 258. 262. 258. 253.]
 [500. 500. 500. 500. 500. 500. 500. 500. 500. 500. 500. 500. 500. 499.
  498. 500. 450. 448. 449. 450. 450. 449. 449. 450. 449. 450. 448. 449.
  450. 450. 450. 450. 449. 449. 449. 450. 449. 450. 450. 450.]
 [342. 382. 389. 399. 392. 402. 396. 400. 399. 400. 363. 366. 378. 402.
  402. 417. 370. 386. 381. 385. 390. 393. 394. 396. 395. 398. 404. 404.
  407. 406. 405. 405. 406. 411. 404. 408. 406. 407. 409. 410.]
 [332. 364. 382. 388. 391. 389. 396. 396. 396. 397. 367. 377. 391. 395.
  408. 417. 372. 380. 382. 393. 379. 388. 391. 395. 397. 397. 400. 396.
  401. 401. 401. 405. 404. 405. 407. 405. 406. 407. 407. 405.]]
##############################
[[134. 159. 173. 173. 179. 176. 174. 176. 178. 178. 177. 192. 216. 221.
  245. 251. 250. 236. 236. 248. 239. 245. 241. 240. 246. 248. 245. 247.
  255. 260. 250. 244. 250. 256. 253. 259. 258. 262. 258. 253.]
 [500. 500. 500. 500. 500. 500. 500. 500. 500. 500. 500. 500. 500. 499.
  498. 500. 500. 448. 449. 450. 450. 449. 449. 450. 449. 450. 448. 449.
  450. 450. 450. 450. 449. 449. 449. 450. 449. 450. 450. 450.]
 [342. 382. 389. 399. 392. 402. 396. 400. 399. 400. 363. 366. 378. 402.
  402. 417. 417. 386. 381. 385. 390. 393. 394. 396. 395. 398. 404. 404.
  407. 406. 405. 405. 406. 411. 404. 408. 406. 407. 409. 410.]
 [332. 364. 382. 388. 391. 389. 396. 396. 396. 397. 367. 377. 391. 395.
  408. 417. 418. 380. 382. 393. 379. 388. 391. 395. 397. 397. 400. 396.
  401. 401. 401. 405. 404. 405. 407. 405. 406. 407. 407. 405.]]
##############################
[[134. 159. 173. 173. 179. 176. 174. 176. 178. 178. 177. 192. 216. 221.
  245. 251. 250. 263. 236. 248. 239. 245. 241. 240. 246. 248. 245. 247.
  255. 260. 250. 244. 250. 256. 253. 259. 258. 262. 258. 253.]
 [500. 500. 500. 500. 500. 500. 500. 500. 500. 500. 500. 500. 500. 499.
  498. 500. 500. 498. 449. 450. 450. 449. 449. 450. 449. 450. 448. 449.
  450. 450. 450. 450. 449. 449. 449. 450. 449. 450. 450. 450.]
 [342. 382. 389. 399. 392. 402. 396. 400. 399. 400. 363. 366. 378. 402.
  402. 417. 417. 432. 381. 385. 390. 393. 394. 396. 395. 398. 404. 404.
  407. 406. 405. 405. 406. 411. 404. 408. 406. 407. 409. 410.]
 [332. 364. 382. 388. 391. 389. 396. 396. 396. 397. 367. 377. 391. 395.
  408. 417. 418. 428. 382. 393. 379. 388. 391. 395. 397. 397. 400. 396.
  401. 401. 401. 405. 404. 405. 407. 405. 406. 407. 407. 405.]]
##############################
[[134. 159. 173. 173. 179. 176. 174. 176. 178. 178. 177. 192. 216. 221.
  245. 251. 250. 263. 264. 248. 239. 245. 241. 240. 246. 248. 245. 247.
  255. 260. 250. 244. 250. 256. 253. 259. 258. 262. 258. 253.]
 [500. 500. 500. 500. 500. 500. 500. 500. 500. 500. 500. 500. 500. 499.
  498. 500. 500. 498. 499. 450. 450. 449. 449. 450. 449. 450. 448. 449.
  450. 450. 450. 450. 449. 449. 449. 450. 449. 450. 450. 450.]
 [342. 382. 389. 399. 392. 402. 396. 400. 399. 400. 363. 366. 378. 402.
  402. 417. 417. 432. 428. 385. 390. 393. 394. 396. 395. 398. 404. 404.
  407. 406. 405. 405. 406. 411. 404. 408. 406. 407. 409. 410.]
 [332. 364. 382. 388. 391. 389. 396. 396. 396. 397. 367. 377. 391. 395.
  408. 417. 418. 428. 430. 393. 379. 388. 391. 395. 397. 397. 400. 396.
  401. 401. 401. 405. 404. 405. 407. 405. 406. 407. 407. 405.]]
##############################
[[134. 159. 173. 173. 179. 176. 174. 176. 178. 178. 177. 192. 216. 221.
  245. 251. 250. 263. 264. 279. 239. 245. 241. 240. 246. 248. 245. 247.
  255. 260. 250. 244. 250. 256. 253. 259. 258. 262. 258. 253.]
 [500. 500. 500. 500. 500. 500. 500. 500. 500. 500. 500. 500. 500. 499.
  498. 500. 500. 498. 499. 500. 450. 449. 449. 450. 449. 450. 448. 449.
  450. 450. 450. 450. 449. 449. 449. 450. 449. 450. 450. 450.]
 [342. 382. 389. 399. 392. 402. 396. 400. 399. 400. 363. 366. 378. 402.
  402. 417. 417. 432. 428. 432. 390. 393. 394. 396. 395. 398. 404. 404.
  407. 406. 405. 405. 406. 411. 404. 408. 406. 407. 409. 410.]
 [332. 364. 382. 388. 391. 389. 396. 396. 396. 397. 367. 377. 391. 395.
  408. 417. 418. 428. 430. 441. 379. 388. 391. 395. 397. 397. 400. 396.
  401. 401. 401. 405. 404. 405. 407. 405. 406. 407. 407. 405.]]
##############################
[[134. 159. 173. 173. 179. 176. 174. 176. 178. 178. 177. 192. 216. 221.
  245. 251. 250. 263. 264. 279. 271. 245. 241. 240. 246. 248. 245. 247.
  255. 260. 250. 244. 250. 256. 253. 259. 258. 262. 258. 253.]
 [500. 500. 500. 500. 500. 500. 500. 500. 500. 500. 500. 500. 500. 499.
  498. 500. 500. 498. 499. 500. 500. 449. 449. 450. 449. 450. 448. 449.
  450. 450. 450. 450. 449. 449. 449. 450. 449. 450. 450. 450.]
 [342. 382. 389. 399. 392. 402. 396. 400. 399. 400. 363. 366. 378. 402.
  402. 417. 417. 432. 428. 432. 437. 393. 394. 396. 395. 398. 404. 404.
  407. 406. 405. 405. 406. 411. 404. 408. 406. 407. 409. 410.]
 [332. 364. 382. 388. 391. 389. 396. 396. 396. 397. 367. 377. 391. 395.
  408. 417. 418. 428. 430. 441. 426. 388. 391. 395. 397. 397. 400. 396.
  401. 401. 401. 405. 404. 405. 407. 405. 406. 407. 407. 405.]]
##############################
[[134. 159. 173. 173. 179. 176. 174. 176. 178. 178. 177. 192. 216. 221.
  245. 251. 250. 263. 264. 279. 271. 278. 241. 240. 246. 248. 245. 247.
  255. 260. 250. 244. 250. 256. 253. 259. 258. 262. 258. 253.]
 [500. 500. 500. 500. 500. 500. 500. 500. 500. 500. 500. 500. 500. 499.
  498. 500. 500. 498. 499. 500. 500. 499. 449. 450. 449. 450. 448. 449.
  450. 450. 450. 450. 449. 449. 449. 450. 449. 450. 450. 450.]
 [342. 382. 389. 399. 392. 402. 396. 400. 399. 400. 363. 366. 378. 402.
  402. 417. 417. 432. 428. 432. 437. 440. 394. 396. 395. 398. 404. 404.
  407. 406. 405. 405. 406. 411. 404. 408. 406. 407. 409. 410.]
 [332. 364. 382. 388. 391. 389. 396. 396. 396. 397. 367. 377. 391. 395.
  408. 417. 418. 428. 430. 441. 426. 436. 391. 395. 397. 397. 400. 396.
  401. 401. 401. 405. 404. 405. 407. 405. 406. 407. 407. 405.]]
##############################
[[134. 159. 173. 173. 179. 176. 174. 176. 178. 178. 177. 192. 216. 221.
  245. 251. 250. 263. 264. 279. 271. 278. 273. 240. 246. 248. 245. 247.
  255. 260. 250. 244. 250. 256. 253. 259. 258. 262. 258. 253.]
 [500. 500. 500. 500. 500. 500. 500. 500. 500. 500. 500. 500. 500. 499.
  498. 500. 500. 498. 499. 500. 500. 499. 499. 450. 449. 450. 448. 449.
  450. 450. 450. 450. 449. 449. 449. 450. 449. 450. 450. 450.]
 [342. 382. 389. 399. 392. 402. 396. 400. 399. 400. 363. 366. 378. 402.
  402. 417. 417. 432. 428. 432. 437. 440. 441. 396. 395. 398. 404. 404.
  407. 406. 405. 405. 406. 411. 404. 408. 406. 407. 409. 410.]
 [332. 364. 382. 388. 391. 389. 396. 396. 396. 397. 367. 377. 391. 395.
  408. 417. 418. 428. 430. 441. 426. 436. 440. 395. 397. 397. 400. 396.
  401. 401. 401. 405. 404. 405. 407. 405. 406. 407. 407. 405.]]
##############################
[[134. 159. 173. 173. 179. 176. 174. 176. 178. 178. 177. 192. 216. 221.
  245. 251. 250. 263. 264. 279. 271. 278. 273. 270. 246. 248. 245. 247.
  255. 260. 250. 244. 250. 256. 253. 259. 258. 262. 258. 253.]
 [500. 500. 500. 500. 500. 500. 500. 500. 500. 500. 500. 500. 500. 499.
  498. 500. 500. 498. 499. 500. 500. 499. 499. 500. 449. 450. 448. 449.
  450. 450. 450. 450. 449. 449. 449. 450. 449. 450. 450. 450.]
 [342. 382. 389. 399. 392. 402. 396. 400. 399. 400. 363. 366. 378. 402.
  402. 417. 417. 432. 428. 432. 437. 440. 441. 443. 395. 398. 404. 404.
  407. 406. 405. 405. 406. 411. 404. 408. 406. 407. 409. 410.]
 [332. 364. 382. 388. 391. 389. 396. 396. 396. 397. 367. 377. 391. 395.
  408. 417. 418. 428. 430. 441. 426. 436. 440. 444. 397. 397. 400. 396.
  401. 401. 401. 405. 404. 405. 407. 405. 406. 407. 407. 405.]]
##############################
[[134. 159. 173. 173. 179. 176. 174. 176. 178. 178. 177. 192. 216. 221.
  245. 251. 250. 263. 264. 279. 271. 278. 273. 270. 277. 248. 245. 247.
  255. 260. 250. 244. 250. 256. 253. 259. 258. 262. 258. 253.]
 [500. 500. 500. 500. 500. 500. 500. 500. 500. 500. 500. 500. 500. 499.
  498. 500. 500. 498. 499. 500. 500. 499. 499. 500. 499. 450. 448. 449.
  450. 450. 450. 450. 449. 449. 449. 450. 449. 450. 450. 450.]
 [342. 382. 389. 399. 392. 402. 396. 400. 399. 400. 363. 366. 378. 402.
  402. 417. 417. 432. 428. 432. 437. 440. 441. 443. 442. 398. 404. 404.
  407. 406. 405. 405. 406. 411. 404. 408. 406. 407. 409. 410.]
 [332. 364. 382. 388. 391. 389. 396. 396. 396. 397. 367. 377. 391. 395.
  408. 417. 418. 428. 430. 441. 426. 436. 440. 444. 446. 397. 400. 396.
  401. 401. 401. 405. 404. 405. 407. 405. 406. 407. 407. 405.]]
##############################
[[134. 159. 173. 173. 179. 176. 174. 176. 178. 178. 177. 192. 216. 221.
  245. 251. 250. 263. 264. 279. 271. 278. 273. 270. 277. 278. 245. 247.
  255. 260. 250. 244. 250. 256. 253. 259. 258. 262. 258. 253.]
 [500. 500. 500. 500. 500. 500. 500. 500. 500. 500. 500. 500. 500. 499.
  498. 500. 500. 498. 499. 500. 500. 499. 499. 500. 499. 500. 448. 449.
  450. 450. 450. 450. 449. 449. 449. 450. 449. 450. 450. 450.]
 [342. 382. 389. 399. 392. 402. 396. 400. 399. 400. 363. 366. 378. 402.
  402. 417. 417. 432. 428. 432. 437. 440. 441. 443. 442. 444. 404. 404.
  407. 406. 405. 405. 406. 411. 404. 408. 406. 407. 409. 410.]
 [332. 364. 382. 388. 391. 389. 396. 396. 396. 397. 367. 377. 391. 395.
  408. 417. 418. 428. 430. 441. 426. 436. 440. 444. 446. 446. 400. 396.
  401. 401. 401. 405. 404. 405. 407. 405. 406. 407. 407. 405.]]
##############################
[[134. 159. 173. 173. 179. 176. 174. 176. 178. 178. 177. 192. 216. 221.
  245. 251. 250. 263. 264. 279. 271. 278. 273. 270. 277. 278. 277. 247.
  255. 260. 250. 244. 250. 256. 253. 259. 258. 262. 258. 253.]
 [500. 500. 500. 500. 500. 500. 500. 500. 500. 500. 500. 500. 500. 499.
  498. 500. 500. 498. 499. 500. 500. 499. 499. 500. 499. 500. 498. 449.
  450. 450. 450. 450. 449. 449. 449. 450. 449. 450. 450. 450.]
 [342. 382. 389. 399. 392. 402. 396. 400. 399. 400. 363. 366. 378. 402.
  402. 417. 417. 432. 428. 432. 437. 440. 441. 443. 442. 444. 450. 404.
  407. 406. 405. 405. 406. 411. 404. 408. 406. 407. 409. 410.]
 [332. 364. 382. 388. 391. 389. 396. 396. 396. 397. 367. 377. 391. 395.
  408. 417. 418. 428. 430. 441. 426. 436. 440. 444. 446. 446. 448. 396.
  401. 401. 401. 405. 404. 405. 407. 405. 406. 407. 407. 405.]]
##############################
[[134. 159. 173. 173. 179. 176. 174. 176. 178. 178. 177. 192. 216. 221.
  245. 251. 250. 263. 264. 279. 271. 278. 273. 270. 277. 278. 277. 278.
  255. 260. 250. 244. 250. 256. 253. 259. 258. 262. 258. 253.]
 [500. 500. 500. 500. 500. 500. 500. 500. 500. 500. 500. 500. 500. 499.
  498. 500. 500. 498. 499. 500. 500. 499. 499. 500. 499. 500. 498. 499.
  450. 450. 450. 450. 449. 449. 449. 450. 449. 450. 450. 450.]
 [342. 382. 389. 399. 392. 402. 396. 400. 399. 400. 363. 366. 378. 402.
  402. 417. 417. 432. 428. 432. 437. 440. 441. 443. 442. 444. 450. 451.
  407. 406. 405. 405. 406. 411. 404. 408. 406. 407. 409. 410.]
 [332. 364. 382. 388. 391. 389. 396. 396. 396. 397. 367. 377. 391. 395.
  408. 417. 418. 428. 430. 441. 426. 436. 440. 444. 446. 446. 448. 444.
  401. 401. 401. 405. 404. 405. 407. 405. 406. 407. 407. 405.]]
##############################
[[134. 159. 173. 173. 179. 176. 174. 176. 178. 178. 177. 192. 216. 221.
  245. 251. 250. 263. 264. 279. 271. 278. 273. 270. 277. 278. 277. 278.
  285. 260. 250. 244. 250. 256. 253. 259. 258. 262. 258. 253.]
 [500. 500. 500. 500. 500. 500. 500. 500. 500. 500. 500. 500. 500. 499.
  498. 500. 500. 498. 499. 500. 500. 499. 499. 500. 499. 500. 498. 499.
  500. 450. 450. 450. 449. 449. 449. 450. 449. 450. 450. 450.]
 [342. 382. 389. 399. 392. 402. 396. 400. 399. 400. 363. 366. 378. 402.
  402. 417. 417. 432. 428. 432. 437. 440. 441. 443. 442. 444. 450. 451.
  454. 406. 405. 405. 406. 411. 404. 408. 406. 407. 409. 410.]
 [332. 364. 382. 388. 391. 389. 396. 396. 396. 397. 367. 377. 391. 395.
  408. 417. 418. 428. 430. 441. 426. 436. 440. 444. 446. 446. 448. 444.
  449. 401. 401. 405. 404. 405. 407. 405. 406. 407. 407. 405.]]
##############################
[[134. 159. 173. 173. 179. 176. 174. 176. 178. 178. 177. 192. 216. 221.
  245. 251. 250. 263. 264. 279. 271. 278. 273. 270. 277. 278. 277. 278.
  285. 291. 250. 244. 250. 256. 253. 259. 258. 262. 258. 253.]
 [500. 500. 500. 500. 500. 500. 500. 500. 500. 500. 500. 500. 500. 499.
  498. 500. 500. 498. 499. 500. 500. 499. 499. 500. 499. 500. 498. 499.
  500. 500. 450. 450. 449. 449. 449. 450. 449. 450. 450. 450.]
 [342. 382. 389. 399. 392. 402. 396. 400. 399. 400. 363. 366. 378. 402.
  402. 417. 417. 432. 428. 432. 437. 440. 441. 443. 442. 444. 450. 451.
  454. 453. 405. 405. 406. 411. 404. 408. 406. 407. 409. 410.]
 [332. 364. 382. 388. 391. 389. 396. 396. 396. 397. 367. 377. 391. 395.
  408. 417. 418. 428. 430. 441. 426. 436. 440. 444. 446. 446. 448. 444.
  449. 449. 401. 405. 404. 405. 407. 405. 406. 407. 407. 405.]]
##############################
[[134. 159. 173. 173. 179. 176. 174. 176. 178. 178. 177. 192. 216. 221.
  245. 251. 250. 263. 264. 279. 271. 278. 273. 270. 277. 278. 277. 278.
  285. 291. 281. 244. 250. 256. 253. 259. 258. 262. 258. 253.]
 [500. 500. 500. 500. 500. 500. 500. 500. 500. 500. 500. 500. 500. 499.
  498. 500. 500. 498. 499. 500. 500. 499. 499. 500. 499. 500. 498. 499.
  500. 500. 500. 450. 449. 449. 449. 450. 449. 450. 450. 450.]
 [342. 382. 389. 399. 392. 402. 396. 400. 399. 400. 363. 366. 378. 402.
  402. 417. 417. 432. 428. 432. 437. 440. 441. 443. 442. 444. 450. 451.
  454. 453. 452. 405. 406. 411. 404. 408. 406. 407. 409. 410.]
 [332. 364. 382. 388. 391. 389. 396. 396. 396. 397. 367. 377. 391. 395.
  408. 417. 418. 428. 430. 441. 426. 436. 440. 444. 446. 446. 448. 444.
  449. 449. 450. 405. 404. 405. 407. 405. 406. 407. 407. 405.]]
##############################
[[134. 159. 173. 173. 179. 176. 174. 176. 178. 178. 177. 192. 216. 221.
  245. 251. 250. 263. 264. 279. 271. 278. 273. 270. 277. 278. 277. 278.
  285. 291. 281. 277. 250. 256. 253. 259. 258. 262. 258. 253.]
 [500. 500. 500. 500. 500. 500. 500. 500. 500. 500. 500. 500. 500. 499.
  498. 500. 500. 498. 499. 500. 500. 499. 499. 500. 499. 500. 498. 499.
  500. 500. 500. 500. 449. 449. 449. 450. 449. 450. 450. 450.]
 [342. 382. 389. 399. 392. 402. 396. 400. 399. 400. 363. 366. 378. 402.
  402. 417. 417. 432. 428. 432. 437. 440. 441. 443. 442. 444. 450. 451.
  454. 453. 452. 452. 406. 411. 404. 408. 406. 407. 409. 410.]
 [332. 364. 382. 388. 391. 389. 396. 396. 396. 397. 367. 377. 391. 395.
  408. 417. 418. 428. 430. 441. 426. 436. 440. 444. 446. 446. 448. 444.
  449. 449. 450. 454. 404. 405. 407. 405. 406. 407. 407. 405.]]
##############################
[[134. 159. 173. 173. 179. 176. 174. 176. 178. 178. 177. 192. 216. 221.
  245. 251. 250. 263. 264. 279. 271. 278. 273. 270. 277. 278. 277. 278.
  285. 291. 281. 277. 282. 256. 253. 259. 258. 262. 258. 253.]
 [500. 500. 500. 500. 500. 500. 500. 500. 500. 500. 500. 500. 500. 499.
  498. 500. 500. 498. 499. 500. 500. 499. 499. 500. 499. 500. 498. 499.
  500. 500. 500. 500. 499. 449. 449. 450. 449. 450. 450. 450.]
 [342. 382. 389. 399. 392. 402. 396. 400. 399. 400. 363. 366. 378. 402.
  402. 417. 417. 432. 428. 432. 437. 440. 441. 443. 442. 444. 450. 451.
  454. 453. 452. 452. 452. 411. 404. 408. 406. 407. 409. 410.]
 [332. 364. 382. 388. 391. 389. 396. 396. 396. 397. 367. 377. 391. 395.
  408. 417. 418. 428. 430. 441. 426. 436. 440. 444. 446. 446. 448. 444.
  449. 449. 450. 454. 452. 405. 407. 405. 406. 407. 407. 405.]]
##############################
[[134. 159. 173. 173. 179. 176. 174. 176. 178. 178. 177. 192. 216. 221.
  245. 251. 250. 263. 264. 279. 271. 278. 273. 270. 277. 278. 277. 278.
  285. 291. 281. 277. 282. 289. 253. 259. 258. 262. 258. 253.]
 [500. 500. 500. 500. 500. 500. 500. 500. 500. 500. 500. 500. 500. 499.
  498. 500. 500. 498. 499. 500. 500. 499. 499. 500. 499. 500. 498. 499.
  500. 500. 500. 500. 499. 499. 449. 450. 449. 450. 450. 450.]
 [342. 382. 389. 399. 392. 402. 396. 400. 399. 400. 363. 366. 378. 402.
  402. 417. 417. 432. 428. 432. 437. 440. 441. 443. 442. 444. 450. 451.
  454. 453. 452. 452. 452. 457. 404. 408. 406. 407. 409. 410.]
 [332. 364. 382. 388. 391. 389. 396. 396. 396. 397. 367. 377. 391. 395.
  408. 417. 418. 428. 430. 441. 426. 436. 440. 444. 446. 446. 448. 444.
  449. 449. 450. 454. 452. 454. 407. 405. 406. 407. 407. 405.]]
##############################
[[134. 159. 173. 173. 179. 176. 174. 176. 178. 178. 177. 192. 216. 221.
  245. 251. 250. 263. 264. 279. 271. 278. 273. 270. 277. 278. 277. 278.
  285. 291. 281. 277. 282. 289. 286. 259. 258. 262. 258. 253.]
 [500. 500. 500. 500. 500. 500. 500. 500. 500. 500. 500. 500. 500. 499.
  498. 500. 500. 498. 499. 500. 500. 499. 499. 500. 499. 500. 498. 499.
  500. 500. 500. 500. 499. 499. 499. 450. 449. 450. 450. 450.]
 [342. 382. 389. 399. 392. 402. 396. 400. 399. 400. 363. 366. 378. 402.
  402. 417. 417. 432. 428. 432. 437. 440. 441. 443. 442. 444. 450. 451.
  454. 453. 452. 452. 452. 457. 451. 408. 406. 407. 409. 410.]
 [332. 364. 382. 388. 391. 389. 396. 396. 396. 397. 367. 377. 391. 395.
  408. 417. 418. 428. 430. 441. 426. 436. 440. 444. 446. 446. 448. 444.
  449. 449. 450. 454. 452. 454. 456. 405. 406. 407. 407. 405.]]
##############################
[[134. 159. 173. 173. 179. 176. 174. 176. 178. 178. 177. 192. 216. 221.
  245. 251. 250. 263. 264. 279. 271. 278. 273. 270. 277. 278. 277. 278.
  285. 291. 281. 277. 282. 289. 286. 293. 258. 262. 258. 253.]
 [500. 500. 500. 500. 500. 500. 500. 500. 500. 500. 500. 500. 500. 499.
  498. 500. 500. 498. 499. 500. 500. 499. 499. 500. 499. 500. 498. 499.
  500. 500. 500. 500. 499. 499. 499. 500. 449. 450. 450. 450.]
 [342. 382. 389. 399. 392. 402. 396. 400. 399. 400. 363. 366. 378. 402.
  402. 417. 417. 432. 428. 432. 437. 440. 441. 443. 442. 444. 450. 451.
  454. 453. 452. 452. 452. 457. 451. 455. 406. 407. 409. 410.]
 [332. 364. 382. 388. 391. 389. 396. 396. 396. 397. 367. 377. 391. 395.
  408. 417. 418. 428. 430. 441. 426. 436. 440. 444. 446. 446. 448. 444.
  449. 449. 450. 454. 452. 454. 456. 454. 406. 407. 407. 405.]]
##############################
[[134. 159. 173. 173. 179. 176. 174. 176. 178. 178. 177. 192. 216. 221.
  245. 251. 250. 263. 264. 279. 271. 278. 273. 270. 277. 278. 277. 278.
  285. 291. 281. 277. 282. 289. 286. 293. 293. 262. 258. 253.]
 [500. 500. 500. 500. 500. 500. 500. 500. 500. 500. 500. 500. 500. 499.
  498. 500. 500. 498. 499. 500. 500. 499. 499. 500. 499. 500. 498. 499.
  500. 500. 500. 500. 499. 499. 499. 500. 499. 450. 450. 450.]
 [342. 382. 389. 399. 392. 402. 396. 400. 399. 400. 363. 366. 378. 402.
  402. 417. 417. 432. 428. 432. 437. 440. 441. 443. 442. 444. 450. 451.
  454. 453. 452. 452. 452. 457. 451. 455. 453. 407. 409. 410.]
 [332. 364. 382. 388. 391. 389. 396. 396. 396. 397. 367. 377. 391. 395.
  408. 417. 418. 428. 430. 441. 426. 436. 440. 444. 446. 446. 448. 444.
  449. 449. 450. 454. 452. 454. 456. 454. 455. 407. 407. 405.]]
##############################
[[134. 159. 173. 173. 179. 176. 174. 176. 178. 178. 177. 192. 216. 221.
  245. 251. 250. 263. 264. 279. 271. 278. 273. 270. 277. 278. 277. 278.
  285. 291. 281. 277. 282. 289. 286. 293. 293. 299. 258. 253.]
 [500. 500. 500. 500. 500. 500. 500. 500. 500. 500. 500. 500. 500. 499.
  498. 500. 500. 498. 499. 500. 500. 499. 499. 500. 499. 500. 498. 499.
  500. 500. 500. 500. 499. 499. 499. 500. 499. 500. 450. 450.]
 [342. 382. 389. 399. 392. 402. 396. 400. 399. 400. 363. 366. 378. 402.
  402. 417. 417. 432. 428. 432. 437. 440. 441. 443. 442. 444. 450. 451.
  454. 453. 452. 452. 452. 457. 451. 455. 453. 454. 409. 410.]
 [332. 364. 382. 388. 391. 389. 396. 396. 396. 397. 367. 377. 391. 395.
  408. 417. 418. 428. 430. 441. 426. 436. 440. 444. 446. 446. 448. 444.
  449. 449. 450. 454. 452. 454. 456. 454. 455. 456. 407. 405.]]
##############################
[[134. 159. 173. 173. 179. 176. 174. 176. 178. 178. 177. 192. 216. 221.
  245. 251. 250. 263. 264. 279. 271. 278. 273. 270. 277. 278. 277. 278.
  285. 291. 281. 277. 282. 289. 286. 293. 293. 299. 292. 253.]
 [500. 500. 500. 500. 500. 500. 500. 500. 500. 500. 500. 500. 500. 499.
  498. 500. 500. 498. 499. 500. 500. 499. 499. 500. 499. 500. 498. 499.
  500. 500. 500. 500. 499. 499. 499. 500. 499. 500. 500. 450.]
 [342. 382. 389. 399. 392. 402. 396. 400. 399. 400. 363. 366. 378. 402.
  402. 417. 417. 432. 428. 432. 437. 440. 441. 443. 442. 444. 450. 451.
  454. 453. 452. 452. 452. 457. 451. 455. 453. 454. 456. 410.]
 [332. 364. 382. 388. 391. 389. 396. 396. 396. 397. 367. 377. 391. 395.
  408. 417. 418. 428. 430. 441. 426. 436. 440. 444. 446. 446. 448. 444.
  449. 449. 450. 454. 452. 454. 456. 454. 455. 456. 456. 405.]]
##############################
[[134. 159. 173. 173. 179. 176. 174. 176. 178. 178. 177. 192. 216. 221.
  245. 251. 250. 263. 264. 279. 271. 278. 273. 270. 277. 278. 277. 278.
  285. 291. 281. 277. 282. 289. 286. 293. 293. 299. 292. 291.]
 [500. 500. 500. 500. 500. 500. 500. 500. 500. 500. 500. 500. 500. 499.
  498. 500. 500. 498. 499. 500. 500. 499. 499. 500. 499. 500. 498. 499.
  500. 500. 500. 500. 499. 499. 499. 500. 499. 500. 500. 500.]
 [342. 382. 389. 399. 392. 402. 396. 400. 399. 400. 363. 366. 378. 402.
  402. 417. 417. 432. 428. 432. 437. 440. 441. 443. 442. 444. 450. 451.
  454. 453. 452. 452. 452. 457. 451. 455. 453. 454. 456. 457.]
 [332. 364. 382. 388. 391. 389. 396. 396. 396. 397. 367. 377. 391. 395.
  408. 417. 418. 428. 430. 441. 426. 436. 440. 444. 446. 446. 448. 444.
  449. 449. 450. 454. 452. 454. 456. 454. 455. 456. 456. 454.]]
##############################
##################################################
##################################################
starting :11 batch
[[150. 159. 173. 173. 179. 176. 174. 176. 178. 178. 177. 192. 216. 221.
  245. 251. 250. 263. 264. 279. 271. 278. 273. 270. 277. 278. 277. 278.
  285. 291. 281. 277. 282. 289. 286. 293. 293. 299. 292. 291.]
 [550. 500. 500. 500. 500. 500. 500. 500. 500. 500. 500. 500. 500. 499.
  498. 500. 500. 498. 499. 500. 500. 499. 499. 500. 499. 500. 498. 499.
  500. 500. 500. 500. 499. 499. 499. 500. 499. 500. 500. 500.]
 [379. 382. 389. 399. 392. 402. 396. 400. 399. 400. 363. 366. 378. 402.
  402. 417. 417. 432. 428. 432. 437. 440. 441. 443. 442. 444. 450. 451.
  454. 453. 452. 452. 452. 457. 451. 455. 453. 454. 456. 457.]
 [370. 364. 382. 388. 391. 389. 396. 396. 396. 397. 367. 377. 391. 395.
  408. 417. 418. 428. 430. 441. 426. 436. 440. 444. 446. 446. 448. 444.
  449. 449. 450. 454. 452. 454. 456. 454. 455. 456. 456. 454.]]
##############################
[[150. 177. 173. 173. 179. 176. 174. 176. 178. 178. 177. 192. 216. 221.
  245. 251. 250. 263. 264. 279. 271. 278. 273. 270. 277. 278. 277. 278.
  285. 291. 281. 277. 282. 289. 286. 293. 293. 299. 292. 291.]
 [550. 550. 500. 500. 500. 500. 500. 500. 500. 500. 500. 500. 500. 499.
  498. 500. 500. 498. 499. 500. 500. 499. 499. 500. 499. 500. 498. 499.
  500. 500. 500. 500. 499. 499. 499. 500. 499. 500. 500. 500.]
 [379. 422. 389. 399. 392. 402. 396. 400. 399. 400. 363. 366. 378. 402.
  402. 417. 417. 432. 428. 432. 437. 440. 441. 443. 442. 444. 450. 451.
  454. 453. 452. 452. 452. 457. 451. 455. 453. 454. 456. 457.]
 [370. 403. 382. 388. 391. 389. 396. 396. 396. 397. 367. 377. 391. 395.
  408. 417. 418. 428. 430. 441. 426. 436. 440. 444. 446. 446. 448. 444.
  449. 449. 450. 454. 452. 454. 456. 454. 455. 456. 456. 454.]]
##############################
[[150. 177. 190. 173. 179. 176. 174. 176. 178. 178. 177. 192. 216. 221.
  245. 251. 250. 263. 264. 279. 271. 278. 273. 270. 277. 278. 277. 278.
  285. 291. 281. 277. 282. 289. 286. 293. 293. 299. 292. 291.]
 [550. 550. 550. 500. 500. 500. 500. 500. 500. 500. 500. 500. 500. 499.
  498. 500. 500. 498. 499. 500. 500. 499. 499. 500. 499. 500. 498. 499.
  500. 500. 500. 500. 499. 499. 499. 500. 499. 500. 500. 500.]
 [379. 422. 428. 399. 392. 402. 396. 400. 399. 400. 363. 366. 378. 402.
  402. 417. 417. 432. 428. 432. 437. 440. 441. 443. 442. 444. 450. 451.
  454. 453. 452. 452. 452. 457. 451. 455. 453. 454. 456. 457.]
 [370. 403. 420. 388. 391. 389. 396. 396. 396. 397. 367. 377. 391. 395.
  408. 417. 418. 428. 430. 441. 426. 436. 440. 444. 446. 446. 448. 444.
  449. 449. 450. 454. 452. 454. 456. 454. 455. 456. 456. 454.]]
##############################
[[150. 177. 190. 191. 179. 176. 174. 176. 178. 178. 177. 192. 216. 221.
  245. 251. 250. 263. 264. 279. 271. 278. 273. 270. 277. 278. 277. 278.
  285. 291. 281. 277. 282. 289. 286. 293. 293. 299. 292. 291.]
 [550. 550. 550. 550. 500. 500. 500. 500. 500. 500. 500. 500. 500. 499.
  498. 500. 500. 498. 499. 500. 500. 499. 499. 500. 499. 500. 498. 499.
  500. 500. 500. 500. 499. 499. 499. 500. 499. 500. 500. 500.]
 [379. 422. 428. 439. 392. 402. 396. 400. 399. 400. 363. 366. 378. 402.
  402. 417. 417. 432. 428. 432. 437. 440. 441. 443. 442. 444. 450. 451.
  454. 453. 452. 452. 452. 457. 451. 455. 453. 454. 456. 457.]
 [370. 403. 420. 427. 391. 389. 396. 396. 396. 397. 367. 377. 391. 395.
  408. 417. 418. 428. 430. 441. 426. 436. 440. 444. 446. 446. 448. 444.
  449. 449. 450. 454. 452. 454. 456. 454. 455. 456. 456. 454.]]
##############################
[[150. 177. 190. 191. 198. 176. 174. 176. 178. 178. 177. 192. 216. 221.
  245. 251. 250. 263. 264. 279. 271. 278. 273. 270. 277. 278. 277. 278.
  285. 291. 281. 277. 282. 289. 286. 293. 293. 299. 292. 291.]
 [550. 550. 550. 550. 550. 500. 500. 500. 500. 500. 500. 500. 500. 499.
  498. 500. 500. 498. 499. 500. 500. 499. 499. 500. 499. 500. 498. 499.
  500. 500. 500. 500. 499. 499. 499. 500. 499. 500. 500. 500.]
 [379. 422. 428. 439. 431. 402. 396. 400. 399. 400. 363. 366. 378. 402.
  402. 417. 417. 432. 428. 432. 437. 440. 441. 443. 442. 444. 450. 451.
  454. 453. 452. 452. 452. 457. 451. 455. 453. 454. 456. 457.]
 [370. 403. 420. 427. 431. 389. 396. 396. 396. 397. 367. 377. 391. 395.
  408. 417. 418. 428. 430. 441. 426. 436. 440. 444. 446. 446. 448. 444.
  449. 449. 450. 454. 452. 454. 456. 454. 455. 456. 456. 454.]]
##############################
[[150. 177. 190. 191. 198. 194. 174. 176. 178. 178. 177. 192. 216. 221.
  245. 251. 250. 263. 264. 279. 271. 278. 273. 270. 277. 278. 277. 278.
  285. 291. 281. 277. 282. 289. 286. 293. 293. 299. 292. 291.]
 [550. 550. 550. 550. 550. 550. 500. 500. 500. 500. 500. 500. 500. 499.
  498. 500. 500. 498. 499. 500. 500. 499. 499. 500. 499. 500. 498. 499.
  500. 500. 500. 500. 499. 499. 499. 500. 499. 500. 500. 500.]
 [379. 422. 428. 439. 431. 442. 396. 400. 399. 400. 363. 366. 378. 402.
  402. 417. 417. 432. 428. 432. 437. 440. 441. 443. 442. 444. 450. 451.
  454. 453. 452. 452. 452. 457. 451. 455. 453. 454. 456. 457.]
 [370. 403. 420. 427. 431. 426. 396. 396. 396. 397. 367. 377. 391. 395.
  408. 417. 418. 428. 430. 441. 426. 436. 440. 444. 446. 446. 448. 444.
  449. 449. 450. 454. 452. 454. 456. 454. 455. 456. 456. 454.]]
##############################
[[150. 177. 190. 191. 198. 194. 191. 176. 178. 178. 177. 192. 216. 221.
  245. 251. 250. 263. 264. 279. 271. 278. 273. 270. 277. 278. 277. 278.
  285. 291. 281. 277. 282. 289. 286. 293. 293. 299. 292. 291.]
 [550. 550. 550. 550. 550. 550. 550. 500. 500. 500. 500. 500. 500. 499.
  498. 500. 500. 498. 499. 500. 500. 499. 499. 500. 499. 500. 498. 499.
  500. 500. 500. 500. 499. 499. 499. 500. 499. 500. 500. 500.]
 [379. 422. 428. 439. 431. 442. 436. 400. 399. 400. 363. 366. 378. 402.
  402. 417. 417. 432. 428. 432. 437. 440. 441. 443. 442. 444. 450. 451.
  454. 453. 452. 452. 452. 457. 451. 455. 453. 454. 456. 457.]
 [370. 403. 420. 427. 431. 426. 435. 396. 396. 397. 367. 377. 391. 395.
  408. 417. 418. 428. 430. 441. 426. 436. 440. 444. 446. 446. 448. 444.
  449. 449. 450. 454. 452. 454. 456. 454. 455. 456. 456. 454.]]
##############################
[[150. 177. 190. 191. 198. 194. 191. 196. 178. 178. 177. 192. 216. 221.
  245. 251. 250. 263. 264. 279. 271. 278. 273. 270. 277. 278. 277. 278.
  285. 291. 281. 277. 282. 289. 286. 293. 293. 299. 292. 291.]
 [550. 550. 550. 550. 550. 550. 550. 550. 500. 500. 500. 500. 500. 499.
  498. 500. 500. 498. 499. 500. 500. 499. 499. 500. 499. 500. 498. 499.
  500. 500. 500. 500. 499. 499. 499. 500. 499. 500. 500. 500.]
 [379. 422. 428. 439. 431. 442. 436. 441. 399. 400. 363. 366. 378. 402.
  402. 417. 417. 432. 428. 432. 437. 440. 441. 443. 442. 444. 450. 451.
  454. 453. 452. 452. 452. 457. 451. 455. 453. 454. 456. 457.]
 [370. 403. 420. 427. 431. 426. 435. 435. 396. 397. 367. 377. 391. 395.
  408. 417. 418. 428. 430. 441. 426. 436. 440. 444. 446. 446. 448. 444.
  449. 449. 450. 454. 452. 454. 456. 454. 455. 456. 456. 454.]]
##############################
[[150. 177. 190. 191. 198. 194. 191. 196. 196. 178. 177. 192. 216. 221.
  245. 251. 250. 263. 264. 279. 271. 278. 273. 270. 277. 278. 277. 278.
  285. 291. 281. 277. 282. 289. 286. 293. 293. 299. 292. 291.]
 [550. 550. 550. 550. 550. 550. 550. 550. 550. 500. 500. 500. 500. 499.
  498. 500. 500. 498. 499. 500. 500. 499. 499. 500. 499. 500. 498. 499.
  500. 500. 500. 500. 499. 499. 499. 500. 499. 500. 500. 500.]
 [379. 422. 428. 439. 431. 442. 436. 441. 440. 400. 363. 366. 378. 402.
  402. 417. 417. 432. 428. 432. 437. 440. 441. 443. 442. 444. 450. 451.
  454. 453. 452. 452. 452. 457. 451. 455. 453. 454. 456. 457.]
 [370. 403. 420. 427. 431. 426. 435. 435. 435. 397. 367. 377. 391. 395.
  408. 417. 418. 428. 430. 441. 426. 436. 440. 444. 446. 446. 448. 444.
  449. 449. 450. 454. 452. 454. 456. 454. 455. 456. 456. 454.]]
##############################
[[150. 177. 190. 191. 198. 194. 191. 196. 196. 197. 177. 192. 216. 221.
  245. 251. 250. 263. 264. 279. 271. 278. 273. 270. 277. 278. 277. 278.
  285. 291. 281. 277. 282. 289. 286. 293. 293. 299. 292. 291.]
 [550. 550. 550. 550. 550. 550. 550. 550. 550. 550. 500. 500. 500. 499.
  498. 500. 500. 498. 499. 500. 500. 499. 499. 500. 499. 500. 498. 499.
  500. 500. 500. 500. 499. 499. 499. 500. 499. 500. 500. 500.]
 [379. 422. 428. 439. 431. 442. 436. 441. 440. 441. 363. 366. 378. 402.
  402. 417. 417. 432. 428. 432. 437. 440. 441. 443. 442. 444. 450. 451.
  454. 453. 452. 452. 452. 457. 451. 455. 453. 454. 456. 457.]
 [370. 403. 420. 427. 431. 426. 435. 435. 435. 434. 367. 377. 391. 395.
  408. 417. 418. 428. 430. 441. 426. 436. 440. 444. 446. 446. 448. 444.
  449. 449. 450. 454. 452. 454. 456. 454. 455. 456. 456. 454.]]
##############################
[[150. 177. 190. 191. 198. 194. 191. 196. 196. 197. 192. 192. 216. 221.
  245. 251. 250. 263. 264. 279. 271. 278. 273. 270. 277. 278. 277. 278.
  285. 291. 281. 277. 282. 289. 286. 293. 293. 299. 292. 291.]
 [550. 550. 550. 550. 550. 550. 550. 550. 550. 550. 550. 500. 500. 499.
  498. 500. 500. 498. 499. 500. 500. 499. 499. 500. 499. 500. 498. 499.
  500. 500. 500. 500. 499. 499. 499. 500. 499. 500. 500. 500.]
 [379. 422. 428. 439. 431. 442. 436. 441. 440. 441. 400. 366. 378. 402.
  402. 417. 417. 432. 428. 432. 437. 440. 441. 443. 442. 444. 450. 451.
  454. 453. 452. 452. 452. 457. 451. 455. 453. 454. 456. 457.]
 [370. 403. 420. 427. 431. 426. 435. 435. 435. 434. 404. 377. 391. 395.
  408. 417. 418. 428. 430. 441. 426. 436. 440. 444. 446. 446. 448. 444.
  449. 449. 450. 454. 452. 454. 456. 454. 455. 456. 456. 454.]]
##############################
[[150. 177. 190. 191. 198. 194. 191. 196. 196. 197. 192. 211. 216. 221.
  245. 251. 250. 263. 264. 279. 271. 278. 273. 270. 277. 278. 277. 278.
  285. 291. 281. 277. 282. 289. 286. 293. 293. 299. 292. 291.]
 [550. 550. 550. 550. 550. 550. 550. 550. 550. 550. 550. 550. 500. 499.
  498. 500. 500. 498. 499. 500. 500. 499. 499. 500. 499. 500. 498. 499.
  500. 500. 500. 500. 499. 499. 499. 500. 499. 500. 500. 500.]
 [379. 422. 428. 439. 431. 442. 436. 441. 440. 441. 400. 406. 378. 402.
  402. 417. 417. 432. 428. 432. 437. 440. 441. 443. 442. 444. 450. 451.
  454. 453. 452. 452. 452. 457. 451. 455. 453. 454. 456. 457.]
 [370. 403. 420. 427. 431. 426. 435. 435. 435. 434. 404. 416. 391. 395.
  408. 417. 418. 428. 430. 441. 426. 436. 440. 444. 446. 446. 448. 444.
  449. 449. 450. 454. 452. 454. 456. 454. 455. 456. 456. 454.]]
##############################
[[150. 177. 190. 191. 198. 194. 191. 196. 196. 197. 192. 211. 235. 221.
  245. 251. 250. 263. 264. 279. 271. 278. 273. 270. 277. 278. 277. 278.
  285. 291. 281. 277. 282. 289. 286. 293. 293. 299. 292. 291.]
 [550. 550. 550. 550. 550. 550. 550. 550. 550. 550. 550. 550. 550. 499.
  498. 500. 500. 498. 499. 500. 500. 499. 499. 500. 499. 500. 498. 499.
  500. 500. 500. 500. 499. 499. 499. 500. 499. 500. 500. 500.]
 [379. 422. 428. 439. 431. 442. 436. 441. 440. 441. 400. 406. 417. 402.
  402. 417. 417. 432. 428. 432. 437. 440. 441. 443. 442. 444. 450. 451.
  454. 453. 452. 452. 452. 457. 451. 455. 453. 454. 456. 457.]
 [370. 403. 420. 427. 431. 426. 435. 435. 435. 434. 404. 416. 431. 395.
  408. 417. 418. 428. 430. 441. 426. 436. 440. 444. 446. 446. 448. 444.
  449. 449. 450. 454. 452. 454. 456. 454. 455. 456. 456. 454.]]
##############################
[[150. 177. 190. 191. 198. 194. 191. 196. 196. 197. 192. 211. 235. 241.
  245. 251. 250. 263. 264. 279. 271. 278. 273. 270. 277. 278. 277. 278.
  285. 291. 281. 277. 282. 289. 286. 293. 293. 299. 292. 291.]
 [550. 550. 550. 550. 550. 550. 550. 550. 550. 550. 550. 550. 550. 549.
  498. 500. 500. 498. 499. 500. 500. 499. 499. 500. 499. 500. 498. 499.
  500. 500. 500. 500. 499. 499. 499. 500. 499. 500. 500. 500.]
 [379. 422. 428. 439. 431. 442. 436. 441. 440. 441. 400. 406. 417. 444.
  402. 417. 417. 432. 428. 432. 437. 440. 441. 443. 442. 444. 450. 451.
  454. 453. 452. 452. 452. 457. 451. 455. 453. 454. 456. 457.]
 [370. 403. 420. 427. 431. 426. 435. 435. 435. 434. 404. 416. 431. 437.
  408. 417. 418. 428. 430. 441. 426. 436. 440. 444. 446. 446. 448. 444.
  449. 449. 450. 454. 452. 454. 456. 454. 455. 456. 456. 454.]]
##############################
[[150. 177. 190. 191. 198. 194. 191. 196. 196. 197. 192. 211. 235. 241.
  270. 251. 250. 263. 264. 279. 271. 278. 273. 270. 277. 278. 277. 278.
  285. 291. 281. 277. 282. 289. 286. 293. 293. 299. 292. 291.]
 [550. 550. 550. 550. 550. 550. 550. 550. 550. 550. 550. 550. 550. 549.
  548. 500. 500. 498. 499. 500. 500. 499. 499. 500. 499. 500. 498. 499.
  500. 500. 500. 500. 499. 499. 499. 500. 499. 500. 500. 500.]
 [379. 422. 428. 439. 431. 442. 436. 441. 440. 441. 400. 406. 417. 444.
  443. 417. 417. 432. 428. 432. 437. 440. 441. 443. 442. 444. 450. 451.
  454. 453. 452. 452. 452. 457. 451. 455. 453. 454. 456. 457.]
 [370. 403. 420. 427. 431. 426. 435. 435. 435. 434. 404. 416. 431. 437.
  448. 417. 418. 428. 430. 441. 426. 436. 440. 444. 446. 446. 448. 444.
  449. 449. 450. 454. 452. 454. 456. 454. 455. 456. 456. 454.]]
##############################
[[150. 177. 190. 191. 198. 194. 191. 196. 196. 197. 192. 211. 235. 241.
  270. 274. 250. 263. 264. 279. 271. 278. 273. 270. 277. 278. 277. 278.
  285. 291. 281. 277. 282. 289. 286. 293. 293. 299. 292. 291.]
 [550. 550. 550. 550. 550. 550. 550. 550. 550. 550. 550. 550. 550. 549.
  548. 550. 500. 498. 499. 500. 500. 499. 499. 500. 499. 500. 498. 499.
  500. 500. 500. 500. 499. 499. 499. 500. 499. 500. 500. 500.]
 [379. 422. 428. 439. 431. 442. 436. 441. 440. 441. 400. 406. 417. 444.
  443. 462. 417. 432. 428. 432. 437. 440. 441. 443. 442. 444. 450. 451.
  454. 453. 452. 452. 452. 457. 451. 455. 453. 454. 456. 457.]
 [370. 403. 420. 427. 431. 426. 435. 435. 435. 434. 404. 416. 431. 437.
  448. 458. 418. 428. 430. 441. 426. 436. 440. 444. 446. 446. 448. 444.
  449. 449. 450. 454. 452. 454. 456. 454. 455. 456. 456. 454.]]
##############################
[[150. 177. 190. 191. 198. 194. 191. 196. 196. 197. 192. 211. 235. 241.
  270. 274. 276. 263. 264. 279. 271. 278. 273. 270. 277. 278. 277. 278.
  285. 291. 281. 277. 282. 289. 286. 293. 293. 299. 292. 291.]
 [550. 550. 550. 550. 550. 550. 550. 550. 550. 550. 550. 550. 550. 549.
  548. 550. 550. 498. 499. 500. 500. 499. 499. 500. 499. 500. 498. 499.
  500. 500. 500. 500. 499. 499. 499. 500. 499. 500. 500. 500.]
 [379. 422. 428. 439. 431. 442. 436. 441. 440. 441. 400. 406. 417. 444.
  443. 462. 461. 432. 428. 432. 437. 440. 441. 443. 442. 444. 450. 451.
  454. 453. 452. 452. 452. 457. 451. 455. 453. 454. 456. 457.]
 [370. 403. 420. 427. 431. 426. 435. 435. 435. 434. 404. 416. 431. 437.
  448. 458. 463. 428. 430. 441. 426. 436. 440. 444. 446. 446. 448. 444.
  449. 449. 450. 454. 452. 454. 456. 454. 455. 456. 456. 454.]]
##############################
[[150. 177. 190. 191. 198. 194. 191. 196. 196. 197. 192. 211. 235. 241.
  270. 274. 276. 287. 264. 279. 271. 278. 273. 270. 277. 278. 277. 278.
  285. 291. 281. 277. 282. 289. 286. 293. 293. 299. 292. 291.]
 [550. 550. 550. 550. 550. 550. 550. 550. 550. 550. 550. 550. 550. 549.
  548. 550. 550. 548. 499. 500. 500. 499. 499. 500. 499. 500. 498. 499.
  500. 500. 500. 500. 499. 499. 499. 500. 499. 500. 500. 500.]
 [379. 422. 428. 439. 431. 442. 436. 441. 440. 441. 400. 406. 417. 444.
  443. 462. 461. 480. 428. 432. 437. 440. 441. 443. 442. 444. 450. 451.
  454. 453. 452. 452. 452. 457. 451. 455. 453. 454. 456. 457.]
 [370. 403. 420. 427. 431. 426. 435. 435. 435. 434. 404. 416. 431. 437.
  448. 458. 463. 474. 430. 441. 426. 436. 440. 444. 446. 446. 448. 444.
  449. 449. 450. 454. 452. 454. 456. 454. 455. 456. 456. 454.]]
##############################
[[150. 177. 190. 191. 198. 194. 191. 196. 196. 197. 192. 211. 235. 241.
  270. 274. 276. 287. 290. 279. 271. 278. 273. 270. 277. 278. 277. 278.
  285. 291. 281. 277. 282. 289. 286. 293. 293. 299. 292. 291.]
 [550. 550. 550. 550. 550. 550. 550. 550. 550. 550. 550. 550. 550. 549.
  548. 550. 550. 548. 549. 500. 500. 499. 499. 500. 499. 500. 498. 499.
  500. 500. 500. 500. 499. 499. 499. 500. 499. 500. 500. 500.]
 [379. 422. 428. 439. 431. 442. 436. 441. 440. 441. 400. 406. 417. 444.
  443. 462. 461. 480. 476. 432. 437. 440. 441. 443. 442. 444. 450. 451.
  454. 453. 452. 452. 452. 457. 451. 455. 453. 454. 456. 457.]
 [370. 403. 420. 427. 431. 426. 435. 435. 435. 434. 404. 416. 431. 437.
  448. 458. 463. 474. 477. 441. 426. 436. 440. 444. 446. 446. 448. 444.
  449. 449. 450. 454. 452. 454. 456. 454. 455. 456. 456. 454.]]
##############################
[[150. 177. 190. 191. 198. 194. 191. 196. 196. 197. 192. 211. 235. 241.
  270. 274. 276. 287. 290. 303. 271. 278. 273. 270. 277. 278. 277. 278.
  285. 291. 281. 277. 282. 289. 286. 293. 293. 299. 292. 291.]
 [550. 550. 550. 550. 550. 550. 550. 550. 550. 550. 550. 550. 550. 549.
  548. 550. 550. 548. 549. 550. 500. 499. 499. 500. 499. 500. 498. 499.
  500. 500. 500. 500. 499. 499. 499. 500. 499. 500. 500. 500.]
 [379. 422. 428. 439. 431. 442. 436. 441. 440. 441. 400. 406. 417. 444.
  443. 462. 461. 480. 476. 481. 437. 440. 441. 443. 442. 444. 450. 451.
  454. 453. 452. 452. 452. 457. 451. 455. 453. 454. 456. 457.]
 [370. 403. 420. 427. 431. 426. 435. 435. 435. 434. 404. 416. 431. 437.
  448. 458. 463. 474. 477. 487. 426. 436. 440. 444. 446. 446. 448. 444.
  449. 449. 450. 454. 452. 454. 456. 454. 455. 456. 456. 454.]]
##############################
[[150. 177. 190. 191. 198. 194. 191. 196. 196. 197. 192. 211. 235. 241.
  270. 274. 276. 287. 290. 303. 298. 278. 273. 270. 277. 278. 277. 278.
  285. 291. 281. 277. 282. 289. 286. 293. 293. 299. 292. 291.]
 [550. 550. 550. 550. 550. 550. 550. 550. 550. 550. 550. 550. 550. 549.
  548. 550. 550. 548. 549. 550. 550. 499. 499. 500. 499. 500. 498. 499.
  500. 500. 500. 500. 499. 499. 499. 500. 499. 500. 500. 500.]
 [379. 422. 428. 439. 431. 442. 436. 441. 440. 441. 400. 406. 417. 444.
  443. 462. 461. 480. 476. 481. 485. 440. 441. 443. 442. 444. 450. 451.
  454. 453. 452. 452. 452. 457. 451. 455. 453. 454. 456. 457.]
 [370. 403. 420. 427. 431. 426. 435. 435. 435. 434. 404. 416. 431. 437.
  448. 458. 463. 474. 477. 487. 472. 436. 440. 444. 446. 446. 448. 444.
  449. 449. 450. 454. 452. 454. 456. 454. 455. 456. 456. 454.]]
##############################
[[150. 177. 190. 191. 198. 194. 191. 196. 196. 197. 192. 211. 235. 241.
  270. 274. 276. 287. 290. 303. 298. 306. 273. 270. 277. 278. 277. 278.
  285. 291. 281. 277. 282. 289. 286. 293. 293. 299. 292. 291.]
 [550. 550. 550. 550. 550. 550. 550. 550. 550. 550. 550. 550. 550. 549.
  548. 550. 550. 548. 549. 550. 550. 549. 499. 500. 499. 500. 498. 499.
  500. 500. 500. 500. 499. 499. 499. 500. 499. 500. 500. 500.]
 [379. 422. 428. 439. 431. 442. 436. 441. 440. 441. 400. 406. 417. 444.
  443. 462. 461. 480. 476. 481. 485. 488. 441. 443. 442. 444. 450. 451.
  454. 453. 452. 452. 452. 457. 451. 455. 453. 454. 456. 457.]
 [370. 403. 420. 427. 431. 426. 435. 435. 435. 434. 404. 416. 431. 437.
  448. 458. 463. 474. 477. 487. 472. 483. 440. 444. 446. 446. 448. 444.
  449. 449. 450. 454. 452. 454. 456. 454. 455. 456. 456. 454.]]
##############################
[[150. 177. 190. 191. 198. 194. 191. 196. 196. 197. 192. 211. 235. 241.
  270. 274. 276. 287. 290. 303. 298. 306. 300. 270. 277. 278. 277. 278.
  285. 291. 281. 277. 282. 289. 286. 293. 293. 299. 292. 291.]
 [550. 550. 550. 550. 550. 550. 550. 550. 550. 550. 550. 550. 550. 549.
  548. 550. 550. 548. 549. 550. 550. 549. 549. 500. 499. 500. 498. 499.
  500. 500. 500. 500. 499. 499. 499. 500. 499. 500. 500. 500.]
 [379. 422. 428. 439. 431. 442. 436. 441. 440. 441. 400. 406. 417. 444.
  443. 462. 461. 480. 476. 481. 485. 488. 490. 443. 442. 444. 450. 451.
  454. 453. 452. 452. 452. 457. 451. 455. 453. 454. 456. 457.]
 [370. 403. 420. 427. 431. 426. 435. 435. 435. 434. 404. 416. 431. 437.
  448. 458. 463. 474. 477. 487. 472. 483. 487. 444. 446. 446. 448. 444.
  449. 449. 450. 454. 452. 454. 456. 454. 455. 456. 456. 454.]]
##############################
[[150. 177. 190. 191. 198. 194. 191. 196. 196. 197. 192. 211. 235. 241.
  270. 274. 276. 287. 290. 303. 298. 306. 300. 297. 277. 278. 277. 278.
  285. 291. 281. 277. 282. 289. 286. 293. 293. 299. 292. 291.]
 [550. 550. 550. 550. 550. 550. 550. 550. 550. 550. 550. 550. 550. 549.
  548. 550. 550. 548. 549. 550. 550. 549. 549. 550. 499. 500. 498. 499.
  500. 500. 500. 500. 499. 499. 499. 500. 499. 500. 500. 500.]
 [379. 422. 428. 439. 431. 442. 436. 441. 440. 441. 400. 406. 417. 444.
  443. 462. 461. 480. 476. 481. 485. 488. 490. 493. 442. 444. 450. 451.
  454. 453. 452. 452. 452. 457. 451. 455. 453. 454. 456. 457.]
 [370. 403. 420. 427. 431. 426. 435. 435. 435. 434. 404. 416. 431. 437.
  448. 458. 463. 474. 477. 487. 472. 483. 487. 491. 446. 446. 448. 444.
  449. 449. 450. 454. 452. 454. 456. 454. 455. 456. 456. 454.]]
##############################
[[150. 177. 190. 191. 198. 194. 191. 196. 196. 197. 192. 211. 235. 241.
  270. 274. 276. 287. 290. 303. 298. 306. 300. 297. 303. 278. 277. 278.
  285. 291. 281. 277. 282. 289. 286. 293. 293. 299. 292. 291.]
 [550. 550. 550. 550. 550. 550. 550. 550. 550. 550. 550. 550. 550. 549.
  548. 550. 550. 548. 549. 550. 550. 549. 549. 550. 549. 500. 498. 499.
  500. 500. 500. 500. 499. 499. 499. 500. 499. 500. 500. 500.]
 [379. 422. 428. 439. 431. 442. 436. 441. 440. 441. 400. 406. 417. 444.
  443. 462. 461. 480. 476. 481. 485. 488. 490. 493. 491. 444. 450. 451.
  454. 453. 452. 452. 452. 457. 451. 455. 453. 454. 456. 457.]
 [370. 403. 420. 427. 431. 426. 435. 435. 435. 434. 404. 416. 431. 437.
  448. 458. 463. 474. 477. 487. 472. 483. 487. 491. 493. 446. 448. 444.
  449. 449. 450. 454. 452. 454. 456. 454. 455. 456. 456. 454.]]
##############################
[[150. 177. 190. 191. 198. 194. 191. 196. 196. 197. 192. 211. 235. 241.
  270. 274. 276. 287. 290. 303. 298. 306. 300. 297. 303. 305. 277. 278.
  285. 291. 281. 277. 282. 289. 286. 293. 293. 299. 292. 291.]
 [550. 550. 550. 550. 550. 550. 550. 550. 550. 550. 550. 550. 550. 549.
  548. 550. 550. 548. 549. 550. 550. 549. 549. 550. 549. 550. 498. 499.
  500. 500. 500. 500. 499. 499. 499. 500. 499. 500. 500. 500.]
 [379. 422. 428. 439. 431. 442. 436. 441. 440. 441. 400. 406. 417. 444.
  443. 462. 461. 480. 476. 481. 485. 488. 490. 493. 491. 494. 450. 451.
  454. 453. 452. 452. 452. 457. 451. 455. 453. 454. 456. 457.]
 [370. 403. 420. 427. 431. 426. 435. 435. 435. 434. 404. 416. 431. 437.
  448. 458. 463. 474. 477. 487. 472. 483. 487. 491. 493. 493. 448. 444.
  449. 449. 450. 454. 452. 454. 456. 454. 455. 456. 456. 454.]]
##############################
[[150. 177. 190. 191. 198. 194. 191. 196. 196. 197. 192. 211. 235. 241.
  270. 274. 276. 287. 290. 303. 298. 306. 300. 297. 303. 305. 305. 278.
  285. 291. 281. 277. 282. 289. 286. 293. 293. 299. 292. 291.]
 [550. 550. 550. 550. 550. 550. 550. 550. 550. 550. 550. 550. 550. 549.
  548. 550. 550. 548. 549. 550. 550. 549. 549. 550. 549. 550. 548. 499.
  500. 500. 500. 500. 499. 499. 499. 500. 499. 500. 500. 500.]
 [379. 422. 428. 439. 431. 442. 436. 441. 440. 441. 400. 406. 417. 444.
  443. 462. 461. 480. 476. 481. 485. 488. 490. 493. 491. 494. 500. 451.
  454. 453. 452. 452. 452. 457. 451. 455. 453. 454. 456. 457.]
 [370. 403. 420. 427. 431. 426. 435. 435. 435. 434. 404. 416. 431. 437.
  448. 458. 463. 474. 477. 487. 472. 483. 487. 491. 493. 493. 495. 444.
  449. 449. 450. 454. 452. 454. 456. 454. 455. 456. 456. 454.]]
##############################
[[150. 177. 190. 191. 198. 194. 191. 196. 196. 197. 192. 211. 235. 241.
  270. 274. 276. 287. 290. 303. 298. 306. 300. 297. 303. 305. 305. 304.
  285. 291. 281. 277. 282. 289. 286. 293. 293. 299. 292. 291.]
 [550. 550. 550. 550. 550. 550. 550. 550. 550. 550. 550. 550. 550. 549.
  548. 550. 550. 548. 549. 550. 550. 549. 549. 550. 549. 550. 548. 549.
  500. 500. 500. 500. 499. 499. 499. 500. 499. 500. 500. 500.]
 [379. 422. 428. 439. 431. 442. 436. 441. 440. 441. 400. 406. 417. 444.
  443. 462. 461. 480. 476. 481. 485. 488. 490. 493. 491. 494. 500. 501.
  454. 453. 452. 452. 452. 457. 451. 455. 453. 454. 456. 457.]
 [370. 403. 420. 427. 431. 426. 435. 435. 435. 434. 404. 416. 431. 437.
  448. 458. 463. 474. 477. 487. 472. 483. 487. 491. 493. 493. 495. 491.
  449. 449. 450. 454. 452. 454. 456. 454. 455. 456. 456. 454.]]
##############################
[[150. 177. 190. 191. 198. 194. 191. 196. 196. 197. 192. 211. 235. 241.
  270. 274. 276. 287. 290. 303. 298. 306. 300. 297. 303. 305. 305. 304.
  313. 291. 281. 277. 282. 289. 286. 293. 293. 299. 292. 291.]
 [550. 550. 550. 550. 550. 550. 550. 550. 550. 550. 550. 550. 550. 549.
  548. 550. 550. 548. 549. 550. 550. 549. 549. 550. 549. 550. 548. 549.
  550. 500. 500. 500. 499. 499. 499. 500. 499. 500. 500. 500.]
 [379. 422. 428. 439. 431. 442. 436. 441. 440. 441. 400. 406. 417. 444.
  443. 462. 461. 480. 476. 481. 485. 488. 490. 493. 491. 494. 500. 501.
  502. 453. 452. 452. 452. 457. 451. 455. 453. 454. 456. 457.]
 [370. 403. 420. 427. 431. 426. 435. 435. 435. 434. 404. 416. 431. 437.
  448. 458. 463. 474. 477. 487. 472. 483. 487. 491. 493. 493. 495. 491.
  496. 449. 450. 454. 452. 454. 456. 454. 455. 456. 456. 454.]]
##############################
[[150. 177. 190. 191. 198. 194. 191. 196. 196. 197. 192. 211. 235. 241.
  270. 274. 276. 287. 290. 303. 298. 306. 300. 297. 303. 305. 305. 304.
  313. 319. 281. 277. 282. 289. 286. 293. 293. 299. 292. 291.]
 [550. 550. 550. 550. 550. 550. 550. 550. 550. 550. 550. 550. 550. 549.
  548. 550. 550. 548. 549. 550. 550. 549. 549. 550. 549. 550. 548. 549.
  550. 550. 500. 500. 499. 499. 499. 500. 499. 500. 500. 500.]
 [379. 422. 428. 439. 431. 442. 436. 441. 440. 441. 400. 406. 417. 444.
  443. 462. 461. 480. 476. 481. 485. 488. 490. 493. 491. 494. 500. 501.
  502. 503. 452. 452. 452. 457. 451. 455. 453. 454. 456. 457.]
 [370. 403. 420. 427. 431. 426. 435. 435. 435. 434. 404. 416. 431. 437.
  448. 458. 463. 474. 477. 487. 472. 483. 487. 491. 493. 493. 495. 491.
  496. 496. 450. 454. 452. 454. 456. 454. 455. 456. 456. 454.]]
##############################
[[150. 177. 190. 191. 198. 194. 191. 196. 196. 197. 192. 211. 235. 241.
  270. 274. 276. 287. 290. 303. 298. 306. 300. 297. 303. 305. 305. 304.
  313. 319. 309. 277. 282. 289. 286. 293. 293. 299. 292. 291.]
 [550. 550. 550. 550. 550. 550. 550. 550. 550. 550. 550. 550. 550. 549.
  548. 550. 550. 548. 549. 550. 550. 549. 549. 550. 549. 550. 548. 549.
  550. 550. 550. 500. 499. 499. 499. 500. 499. 500. 500. 500.]
 [379. 422. 428. 439. 431. 442. 436. 441. 440. 441. 400. 406. 417. 444.
  443. 462. 461. 480. 476. 481. 485. 488. 490. 493. 491. 494. 500. 501.
  502. 503. 502. 452. 452. 457. 451. 455. 453. 454. 456. 457.]
 [370. 403. 420. 427. 431. 426. 435. 435. 435. 434. 404. 416. 431. 437.
  448. 458. 463. 474. 477. 487. 472. 483. 487. 491. 493. 493. 495. 491.
  496. 496. 497. 454. 452. 454. 456. 454. 455. 456. 456. 454.]]
##############################
[[150. 177. 190. 191. 198. 194. 191. 196. 196. 197. 192. 211. 235. 241.
  270. 274. 276. 287. 290. 303. 298. 306. 300. 297. 303. 305. 305. 304.
  313. 319. 309. 303. 282. 289. 286. 293. 293. 299. 292. 291.]
 [550. 550. 550. 550. 550. 550. 550. 550. 550. 550. 550. 550. 550. 549.
  548. 550. 550. 548. 549. 550. 550. 549. 549. 550. 549. 550. 548. 549.
  550. 550. 550. 550. 499. 499. 499. 500. 499. 500. 500. 500.]
 [379. 422. 428. 439. 431. 442. 436. 441. 440. 441. 400. 406. 417. 444.
  443. 462. 461. 480. 476. 481. 485. 488. 490. 493. 491. 494. 500. 501.
  502. 503. 502. 501. 452. 457. 451. 455. 453. 454. 456. 457.]
 [370. 403. 420. 427. 431. 426. 435. 435. 435. 434. 404. 416. 431. 437.
  448. 458. 463. 474. 477. 487. 472. 483. 487. 491. 493. 493. 495. 491.
  496. 496. 497. 501. 452. 454. 456. 454. 455. 456. 456. 454.]]
##############################
[[150. 177. 190. 191. 198. 194. 191. 196. 196. 197. 192. 211. 235. 241.
  270. 274. 276. 287. 290. 303. 298. 306. 300. 297. 303. 305. 305. 304.
  313. 319. 309. 303. 309. 289. 286. 293. 293. 299. 292. 291.]
 [550. 550. 550. 550. 550. 550. 550. 550. 550. 550. 550. 550. 550. 549.
  548. 550. 550. 548. 549. 550. 550. 549. 549. 550. 549. 550. 548. 549.
  550. 550. 550. 550. 549. 499. 499. 500. 499. 500. 500. 500.]
 [379. 422. 428. 439. 431. 442. 436. 441. 440. 441. 400. 406. 417. 444.
  443. 462. 461. 480. 476. 481. 485. 488. 490. 493. 491. 494. 500. 501.
  502. 503. 502. 501. 501. 457. 451. 455. 453. 454. 456. 457.]
 [370. 403. 420. 427. 431. 426. 435. 435. 435. 434. 404. 416. 431. 437.
  448. 458. 463. 474. 477. 487. 472. 483. 487. 491. 493. 493. 495. 491.
  496. 496. 497. 501. 498. 454. 456. 454. 455. 456. 456. 454.]]
##############################
[[150. 177. 190. 191. 198. 194. 191. 196. 196. 197. 192. 211. 235. 241.
  270. 274. 276. 287. 290. 303. 298. 306. 300. 297. 303. 305. 305. 304.
  313. 319. 309. 303. 309. 314. 286. 293. 293. 299. 292. 291.]
 [550. 550. 550. 550. 550. 550. 550. 550. 550. 550. 550. 550. 550. 549.
  548. 550. 550. 548. 549. 550. 550. 549. 549. 550. 549. 550. 548. 549.
  550. 550. 550. 550. 549. 549. 499. 500. 499. 500. 500. 500.]
 [379. 422. 428. 439. 431. 442. 436. 441. 440. 441. 400. 406. 417. 444.
  443. 462. 461. 480. 476. 481. 485. 488. 490. 493. 491. 494. 500. 501.
  502. 503. 502. 501. 501. 506. 451. 455. 453. 454. 456. 457.]
 [370. 403. 420. 427. 431. 426. 435. 435. 435. 434. 404. 416. 431. 437.
  448. 458. 463. 474. 477. 487. 472. 483. 487. 491. 493. 493. 495. 491.
  496. 496. 497. 501. 498. 502. 456. 454. 455. 456. 456. 454.]]
##############################
[[150. 177. 190. 191. 198. 194. 191. 196. 196. 197. 192. 211. 235. 241.
  270. 274. 276. 287. 290. 303. 298. 306. 300. 297. 303. 305. 305. 304.
  313. 319. 309. 303. 309. 314. 313. 293. 293. 299. 292. 291.]
 [550. 550. 550. 550. 550. 550. 550. 550. 550. 550. 550. 550. 550. 549.
  548. 550. 550. 548. 549. 550. 550. 549. 549. 550. 549. 550. 548. 549.
  550. 550. 550. 550. 549. 549. 549. 500. 499. 500. 500. 500.]
 [379. 422. 428. 439. 431. 442. 436. 441. 440. 441. 400. 406. 417. 444.
  443. 462. 461. 480. 476. 481. 485. 488. 490. 493. 491. 494. 500. 501.
  502. 503. 502. 501. 501. 506. 500. 455. 453. 454. 456. 457.]
 [370. 403. 420. 427. 431. 426. 435. 435. 435. 434. 404. 416. 431. 437.
  448. 458. 463. 474. 477. 487. 472. 483. 487. 491. 493. 493. 495. 491.
  496. 496. 497. 501. 498. 502. 502. 454. 455. 456. 456. 454.]]
##############################
[[150. 177. 190. 191. 198. 194. 191. 196. 196. 197. 192. 211. 235. 241.
  270. 274. 276. 287. 290. 303. 298. 306. 300. 297. 303. 305. 305. 304.
  313. 319. 309. 303. 309. 314. 313. 322. 293. 299. 292. 291.]
 [550. 550. 550. 550. 550. 550. 550. 550. 550. 550. 550. 550. 550. 549.
  548. 550. 550. 548. 549. 550. 550. 549. 549. 550. 549. 550. 548. 549.
  550. 550. 550. 550. 549. 549. 549. 550. 499. 500. 500. 500.]
 [379. 422. 428. 439. 431. 442. 436. 441. 440. 441. 400. 406. 417. 444.
  443. 462. 461. 480. 476. 481. 485. 488. 490. 493. 491. 494. 500. 501.
  502. 503. 502. 501. 501. 506. 500. 503. 453. 454. 456. 457.]
 [370. 403. 420. 427. 431. 426. 435. 435. 435. 434. 404. 416. 431. 437.
  448. 458. 463. 474. 477. 487. 472. 483. 487. 491. 493. 493. 495. 491.
  496. 496. 497. 501. 498. 502. 502. 502. 455. 456. 456. 454.]]
##############################
[[150. 177. 190. 191. 198. 194. 191. 196. 196. 197. 192. 211. 235. 241.
  270. 274. 276. 287. 290. 303. 298. 306. 300. 297. 303. 305. 305. 304.
  313. 319. 309. 303. 309. 314. 313. 322. 323. 299. 292. 291.]
 [550. 550. 550. 550. 550. 550. 550. 550. 550. 550. 550. 550. 550. 549.
  548. 550. 550. 548. 549. 550. 550. 549. 549. 550. 549. 550. 548. 549.
  550. 550. 550. 550. 549. 549. 549. 550. 549. 500. 500. 500.]
 [379. 422. 428. 439. 431. 442. 436. 441. 440. 441. 400. 406. 417. 444.
  443. 462. 461. 480. 476. 481. 485. 488. 490. 493. 491. 494. 500. 501.
  502. 503. 502. 501. 501. 506. 500. 503. 501. 454. 456. 457.]
 [370. 403. 420. 427. 431. 426. 435. 435. 435. 434. 404. 416. 431. 437.
  448. 458. 463. 474. 477. 487. 472. 483. 487. 491. 493. 493. 495. 491.
  496. 496. 497. 501. 498. 502. 502. 502. 503. 456. 456. 454.]]
##############################
[[150. 177. 190. 191. 198. 194. 191. 196. 196. 197. 192. 211. 235. 241.
  270. 274. 276. 287. 290. 303. 298. 306. 300. 297. 303. 305. 305. 304.
  313. 319. 309. 303. 309. 314. 313. 322. 323. 326. 292. 291.]
 [550. 550. 550. 550. 550. 550. 550. 550. 550. 550. 550. 550. 550. 549.
  548. 550. 550. 548. 549. 550. 550. 549. 549. 550. 549. 550. 548. 549.
  550. 550. 550. 550. 549. 549. 549. 550. 549. 550. 500. 500.]
 [379. 422. 428. 439. 431. 442. 436. 441. 440. 441. 400. 406. 417. 444.
  443. 462. 461. 480. 476. 481. 485. 488. 490. 493. 491. 494. 500. 501.
  502. 503. 502. 501. 501. 506. 500. 503. 501. 502. 456. 457.]
 [370. 403. 420. 427. 431. 426. 435. 435. 435. 434. 404. 416. 431. 437.
  448. 458. 463. 474. 477. 487. 472. 483. 487. 491. 493. 493. 495. 491.
  496. 496. 497. 501. 498. 502. 502. 502. 503. 504. 456. 454.]]
##############################
[[150. 177. 190. 191. 198. 194. 191. 196. 196. 197. 192. 211. 235. 241.
  270. 274. 276. 287. 290. 303. 298. 306. 300. 297. 303. 305. 305. 304.
  313. 319. 309. 303. 309. 314. 313. 322. 323. 326. 320. 291.]
 [550. 550. 550. 550. 550. 550. 550. 550. 550. 550. 550. 550. 550. 549.
  548. 550. 550. 548. 549. 550. 550. 549. 549. 550. 549. 550. 548. 549.
  550. 550. 550. 550. 549. 549. 549. 550. 549. 550. 550. 500.]
 [379. 422. 428. 439. 431. 442. 436. 441. 440. 441. 400. 406. 417. 444.
  443. 462. 461. 480. 476. 481. 485. 488. 490. 493. 491. 494. 500. 501.
  502. 503. 502. 501. 501. 506. 500. 503. 501. 502. 503. 457.]
 [370. 403. 420. 427. 431. 426. 435. 435. 435. 434. 404. 416. 431. 437.
  448. 458. 463. 474. 477. 487. 472. 483. 487. 491. 493. 493. 495. 491.
  496. 496. 497. 501. 498. 502. 502. 502. 503. 504. 505. 454.]]
##############################
[[150. 177. 190. 191. 198. 194. 191. 196. 196. 197. 192. 211. 235. 241.
  270. 274. 276. 287. 290. 303. 298. 306. 300. 297. 303. 305. 305. 304.
  313. 319. 309. 303. 309. 314. 313. 322. 323. 326. 320. 320.]
 [550. 550. 550. 550. 550. 550. 550. 550. 550. 550. 550. 550. 550. 549.
  548. 550. 550. 548. 549. 550. 550. 549. 549. 550. 549. 550. 548. 549.
  550. 550. 550. 550. 549. 549. 549. 550. 549. 550. 550. 550.]
 [379. 422. 428. 439. 431. 442. 436. 441. 440. 441. 400. 406. 417. 444.
  443. 462. 461. 480. 476. 481. 485. 488. 490. 493. 491. 494. 500. 501.
  502. 503. 502. 501. 501. 506. 500. 503. 501. 502. 503. 505.]
 [370. 403. 420. 427. 431. 426. 435. 435. 435. 434. 404. 416. 431. 437.
  448. 458. 463. 474. 477. 487. 472. 483. 487. 491. 493. 493. 495. 491.
  496. 496. 497. 501. 498. 502. 502. 502. 503. 504. 505. 503.]]
##############################
##################################################
##################################################
starting :12 batch
[[163. 177. 190. 191. 198. 194. 191. 196. 196. 197. 192. 211. 235. 241.
  270. 274. 276. 287. 290. 303. 298. 306. 300. 297. 303. 305. 305. 304.
  313. 319. 309. 303. 309. 314. 313. 322. 323. 326. 320. 320.]
 [600. 550. 550. 550. 550. 550. 550. 550. 550. 550. 550. 550. 550. 549.
  548. 550. 550. 548. 549. 550. 550. 549. 549. 550. 549. 550. 548. 549.
  550. 550. 550. 550. 549. 549. 549. 550. 549. 550. 550. 550.]
 [409. 422. 428. 439. 431. 442. 436. 441. 440. 441. 400. 406. 417. 444.
  443. 462. 461. 480. 476. 481. 485. 488. 490. 493. 491. 494. 500. 501.
  502. 503. 502. 501. 501. 506. 500. 503. 501. 502. 503. 505.]
 [407. 403. 420. 427. 431. 426. 435. 435. 435. 434. 404. 416. 431. 437.
  448. 458. 463. 474. 477. 487. 472. 483. 487. 491. 493. 493. 495. 491.
  496. 496. 497. 501. 498. 502. 502. 502. 503. 504. 505. 503.]]
##############################
[[163. 193. 190. 191. 198. 194. 191. 196. 196. 197. 192. 211. 235. 241.
  270. 274. 276. 287. 290. 303. 298. 306. 300. 297. 303. 305. 305. 304.
  313. 319. 309. 303. 309. 314. 313. 322. 323. 326. 320. 320.]
 [600. 600. 550. 550. 550. 550. 550. 550. 550. 550. 550. 550. 550. 549.
  548. 550. 550. 548. 549. 550. 550. 549. 549. 550. 549. 550. 548. 549.
  550. 550. 550. 550. 549. 549. 549. 550. 549. 550. 550. 550.]
 [409. 461. 428. 439. 431. 442. 436. 441. 440. 441. 400. 406. 417. 444.
  443. 462. 461. 480. 476. 481. 485. 488. 490. 493. 491. 494. 500. 501.
  502. 503. 502. 501. 501. 506. 500. 503. 501. 502. 503. 505.]
 [407. 444. 420. 427. 431. 426. 435. 435. 435. 434. 404. 416. 431. 437.
  448. 458. 463. 474. 477. 487. 472. 483. 487. 491. 493. 493. 495. 491.
  496. 496. 497. 501. 498. 502. 502. 502. 503. 504. 505. 503.]]
##############################
[[163. 193. 208. 191. 198. 194. 191. 196. 196. 197. 192. 211. 235. 241.
  270. 274. 276. 287. 290. 303. 298. 306. 300. 297. 303. 305. 305. 304.
  313. 319. 309. 303. 309. 314. 313. 322. 323. 326. 320. 320.]
 [600. 600. 600. 550. 550. 550. 550. 550. 550. 550. 550. 550. 550. 549.
  548. 550. 550. 548. 549. 550. 550. 549. 549. 550. 549. 550. 548. 549.
  550. 550. 550. 550. 549. 549. 549. 550. 549. 550. 550. 550.]
 [409. 461. 468. 439. 431. 442. 436. 441. 440. 441. 400. 406. 417. 444.
  443. 462. 461. 480. 476. 481. 485. 488. 490. 493. 491. 494. 500. 501.
  502. 503. 502. 501. 501. 506. 500. 503. 501. 502. 503. 505.]
 [407. 444. 461. 427. 431. 426. 435. 435. 435. 434. 404. 416. 431. 437.
  448. 458. 463. 474. 477. 487. 472. 483. 487. 491. 493. 493. 495. 491.
  496. 496. 497. 501. 498. 502. 502. 502. 503. 504. 505. 503.]]
##############################
[[163. 193. 208. 208. 198. 194. 191. 196. 196. 197. 192. 211. 235. 241.
  270. 274. 276. 287. 290. 303. 298. 306. 300. 297. 303. 305. 305. 304.
  313. 319. 309. 303. 309. 314. 313. 322. 323. 326. 320. 320.]
 [600. 600. 600. 600. 550. 550. 550. 550. 550. 550. 550. 550. 550. 549.
  548. 550. 550. 548. 549. 550. 550. 549. 549. 550. 549. 550. 548. 549.
  550. 550. 550. 550. 549. 549. 549. 550. 549. 550. 550. 550.]
 [409. 461. 468. 478. 431. 442. 436. 441. 440. 441. 400. 406. 417. 444.
  443. 462. 461. 480. 476. 481. 485. 488. 490. 493. 491. 494. 500. 501.
  502. 503. 502. 501. 501. 506. 500. 503. 501. 502. 503. 505.]
 [407. 444. 461. 465. 431. 426. 435. 435. 435. 434. 404. 416. 431. 437.
  448. 458. 463. 474. 477. 487. 472. 483. 487. 491. 493. 493. 495. 491.
  496. 496. 497. 501. 498. 502. 502. 502. 503. 504. 505. 503.]]
##############################
[[163. 193. 208. 208. 218. 194. 191. 196. 196. 197. 192. 211. 235. 241.
  270. 274. 276. 287. 290. 303. 298. 306. 300. 297. 303. 305. 305. 304.
  313. 319. 309. 303. 309. 314. 313. 322. 323. 326. 320. 320.]
 [600. 600. 600. 600. 600. 550. 550. 550. 550. 550. 550. 550. 550. 549.
  548. 550. 550. 548. 549. 550. 550. 549. 549. 550. 549. 550. 548. 549.
  550. 550. 550. 550. 549. 549. 549. 550. 549. 550. 550. 550.]
 [409. 461. 468. 478. 470. 442. 436. 441. 440. 441. 400. 406. 417. 444.
  443. 462. 461. 480. 476. 481. 485. 488. 490. 493. 491. 494. 500. 501.
  502. 503. 502. 501. 501. 506. 500. 503. 501. 502. 503. 505.]
 [407. 444. 461. 465. 470. 426. 435. 435. 435. 434. 404. 416. 431. 437.
  448. 458. 463. 474. 477. 487. 472. 483. 487. 491. 493. 493. 495. 491.
  496. 496. 497. 501. 498. 502. 502. 502. 503. 504. 505. 503.]]
##############################
[[163. 193. 208. 208. 218. 214. 191. 196. 196. 197. 192. 211. 235. 241.
  270. 274. 276. 287. 290. 303. 298. 306. 300. 297. 303. 305. 305. 304.
  313. 319. 309. 303. 309. 314. 313. 322. 323. 326. 320. 320.]
 [600. 600. 600. 600. 600. 600. 550. 550. 550. 550. 550. 550. 550. 549.
  548. 550. 550. 548. 549. 550. 550. 549. 549. 550. 549. 550. 548. 549.
  550. 550. 550. 550. 549. 549. 549. 550. 549. 550. 550. 550.]
 [409. 461. 468. 478. 470. 481. 436. 441. 440. 441. 400. 406. 417. 444.
  443. 462. 461. 480. 476. 481. 485. 488. 490. 493. 491. 494. 500. 501.
  502. 503. 502. 501. 501. 506. 500. 503. 501. 502. 503. 505.]
 [407. 444. 461. 465. 470. 464. 435. 435. 435. 434. 404. 416. 431. 437.
  448. 458. 463. 474. 477. 487. 472. 483. 487. 491. 493. 493. 495. 491.
  496. 496. 497. 501. 498. 502. 502. 502. 503. 504. 505. 503.]]
##############################
[[163. 193. 208. 208. 218. 214. 209. 196. 196. 197. 192. 211. 235. 241.
  270. 274. 276. 287. 290. 303. 298. 306. 300. 297. 303. 305. 305. 304.
  313. 319. 309. 303. 309. 314. 313. 322. 323. 326. 320. 320.]
 [600. 600. 600. 600. 600. 600. 600. 550. 550. 550. 550. 550. 550. 549.
  548. 550. 550. 548. 549. 550. 550. 549. 549. 550. 549. 550. 548. 549.
  550. 550. 550. 550. 549. 549. 549. 550. 549. 550. 550. 550.]
 [409. 461. 468. 478. 470. 481. 475. 441. 440. 441. 400. 406. 417. 444.
  443. 462. 461. 480. 476. 481. 485. 488. 490. 493. 491. 494. 500. 501.
  502. 503. 502. 501. 501. 506. 500. 503. 501. 502. 503. 505.]
 [407. 444. 461. 465. 470. 464. 475. 435. 435. 434. 404. 416. 431. 437.
  448. 458. 463. 474. 477. 487. 472. 483. 487. 491. 493. 493. 495. 491.
  496. 496. 497. 501. 498. 502. 502. 502. 503. 504. 505. 503.]]
##############################
[[163. 193. 208. 208. 218. 214. 209. 214. 196. 197. 192. 211. 235. 241.
  270. 274. 276. 287. 290. 303. 298. 306. 300. 297. 303. 305. 305. 304.
  313. 319. 309. 303. 309. 314. 313. 322. 323. 326. 320. 320.]
 [600. 600. 600. 600. 600. 600. 600. 600. 550. 550. 550. 550. 550. 549.
  548. 550. 550. 548. 549. 550. 550. 549. 549. 550. 549. 550. 548. 549.
  550. 550. 550. 550. 549. 549. 549. 550. 549. 550. 550. 550.]
 [409. 461. 468. 478. 470. 481. 475. 482. 440. 441. 400. 406. 417. 444.
  443. 462. 461. 480. 476. 481. 485. 488. 490. 493. 491. 494. 500. 501.
  502. 503. 502. 501. 501. 506. 500. 503. 501. 502. 503. 505.]
 [407. 444. 461. 465. 470. 464. 475. 475. 435. 434. 404. 416. 431. 437.
  448. 458. 463. 474. 477. 487. 472. 483. 487. 491. 493. 493. 495. 491.
  496. 496. 497. 501. 498. 502. 502. 502. 503. 504. 505. 503.]]
##############################
[[163. 193. 208. 208. 218. 214. 209. 214. 214. 197. 192. 211. 235. 241.
  270. 274. 276. 287. 290. 303. 298. 306. 300. 297. 303. 305. 305. 304.
  313. 319. 309. 303. 309. 314. 313. 322. 323. 326. 320. 320.]
 [600. 600. 600. 600. 600. 600. 600. 600. 600. 550. 550. 550. 550. 549.
  548. 550. 550. 548. 549. 550. 550. 549. 549. 550. 549. 550. 548. 549.
  550. 550. 550. 550. 549. 549. 549. 550. 549. 550. 550. 550.]
 [409. 461. 468. 478. 470. 481. 475. 482. 480. 441. 400. 406. 417. 444.
  443. 462. 461. 480. 476. 481. 485. 488. 490. 493. 491. 494. 500. 501.
  502. 503. 502. 501. 501. 506. 500. 503. 501. 502. 503. 505.]
 [407. 444. 461. 465. 470. 464. 475. 475. 474. 434. 404. 416. 431. 437.
  448. 458. 463. 474. 477. 487. 472. 483. 487. 491. 493. 493. 495. 491.
  496. 496. 497. 501. 498. 502. 502. 502. 503. 504. 505. 503.]]
##############################
[[163. 193. 208. 208. 218. 214. 209. 214. 214. 216. 192. 211. 235. 241.
  270. 274. 276. 287. 290. 303. 298. 306. 300. 297. 303. 305. 305. 304.
  313. 319. 309. 303. 309. 314. 313. 322. 323. 326. 320. 320.]
 [600. 600. 600. 600. 600. 600. 600. 600. 600. 600. 550. 550. 550. 549.
  548. 550. 550. 548. 549. 550. 550. 549. 549. 550. 549. 550. 548. 549.
  550. 550. 550. 550. 549. 549. 549. 550. 549. 550. 550. 550.]
 [409. 461. 468. 478. 470. 481. 475. 482. 480. 482. 400. 406. 417. 444.
  443. 462. 461. 480. 476. 481. 485. 488. 490. 493. 491. 494. 500. 501.
  502. 503. 502. 501. 501. 506. 500. 503. 501. 502. 503. 505.]
 [407. 444. 461. 465. 470. 464. 475. 475. 474. 475. 404. 416. 431. 437.
  448. 458. 463. 474. 477. 487. 472. 483. 487. 491. 493. 493. 495. 491.
  496. 496. 497. 501. 498. 502. 502. 502. 503. 504. 505. 503.]]
##############################
[[163. 193. 208. 208. 218. 214. 209. 214. 214. 216. 210. 211. 235. 241.
  270. 274. 276. 287. 290. 303. 298. 306. 300. 297. 303. 305. 305. 304.
  313. 319. 309. 303. 309. 314. 313. 322. 323. 326. 320. 320.]
 [600. 600. 600. 600. 600. 600. 600. 600. 600. 600. 600. 550. 550. 549.
  548. 550. 550. 548. 549. 550. 550. 549. 549. 550. 549. 550. 548. 549.
  550. 550. 550. 550. 549. 549. 549. 550. 549. 550. 550. 550.]
 [409. 461. 468. 478. 470. 481. 475. 482. 480. 482. 438. 406. 417. 444.
  443. 462. 461. 480. 476. 481. 485. 488. 490. 493. 491. 494. 500. 501.
  502. 503. 502. 501. 501. 506. 500. 503. 501. 502. 503. 505.]
 [407. 444. 461. 465. 470. 464. 475. 475. 474. 475. 443. 416. 431. 437.
  448. 458. 463. 474. 477. 487. 472. 483. 487. 491. 493. 493. 495. 491.
  496. 496. 497. 501. 498. 502. 502. 502. 503. 504. 505. 503.]]
##############################
[[163. 193. 208. 208. 218. 214. 209. 214. 214. 216. 210. 230. 235. 241.
  270. 274. 276. 287. 290. 303. 298. 306. 300. 297. 303. 305. 305. 304.
  313. 319. 309. 303. 309. 314. 313. 322. 323. 326. 320. 320.]
 [600. 600. 600. 600. 600. 600. 600. 600. 600. 600. 600. 600. 550. 549.
  548. 550. 550. 548. 549. 550. 550. 549. 549. 550. 549. 550. 548. 549.
  550. 550. 550. 550. 549. 549. 549. 550. 549. 550. 550. 550.]
 [409. 461. 468. 478. 470. 481. 475. 482. 480. 482. 438. 443. 417. 444.
  443. 462. 461. 480. 476. 481. 485. 488. 490. 493. 491. 494. 500. 501.
  502. 503. 502. 501. 501. 506. 500. 503. 501. 502. 503. 505.]
 [407. 444. 461. 465. 470. 464. 475. 475. 474. 475. 443. 456. 431. 437.
  448. 458. 463. 474. 477. 487. 472. 483. 487. 491. 493. 493. 495. 491.
  496. 496. 497. 501. 498. 502. 502. 502. 503. 504. 505. 503.]]
##############################
[[163. 193. 208. 208. 218. 214. 209. 214. 214. 216. 210. 230. 258. 241.
  270. 274. 276. 287. 290. 303. 298. 306. 300. 297. 303. 305. 305. 304.
  313. 319. 309. 303. 309. 314. 313. 322. 323. 326. 320. 320.]
 [600. 600. 600. 600. 600. 600. 600. 600. 600. 600. 600. 600. 600. 549.
  548. 550. 550. 548. 549. 550. 550. 549. 549. 550. 549. 550. 548. 549.
  550. 550. 550. 550. 549. 549. 549. 550. 549. 550. 550. 550.]
 [409. 461. 468. 478. 470. 481. 475. 482. 480. 482. 438. 443. 453. 444.
  443. 462. 461. 480. 476. 481. 485. 488. 490. 493. 491. 494. 500. 501.
  502. 503. 502. 501. 501. 506. 500. 503. 501. 502. 503. 505.]
 [407. 444. 461. 465. 470. 464. 475. 475. 474. 475. 443. 456. 470. 437.
  448. 458. 463. 474. 477. 487. 472. 483. 487. 491. 493. 493. 495. 491.
  496. 496. 497. 501. 498. 502. 502. 502. 503. 504. 505. 503.]]
##############################
[[163. 193. 208. 208. 218. 214. 209. 214. 214. 216. 210. 230. 258. 262.
  270. 274. 276. 287. 290. 303. 298. 306. 300. 297. 303. 305. 305. 304.
  313. 319. 309. 303. 309. 314. 313. 322. 323. 326. 320. 320.]
 [600. 600. 600. 600. 600. 600. 600. 600. 600. 600. 600. 600. 600. 599.
  548. 550. 550. 548. 549. 550. 550. 549. 549. 550. 549. 550. 548. 549.
  550. 550. 550. 550. 549. 549. 549. 550. 549. 550. 550. 550.]
 [409. 461. 468. 478. 470. 481. 475. 482. 480. 482. 438. 443. 453. 485.
  443. 462. 461. 480. 476. 481. 485. 488. 490. 493. 491. 494. 500. 501.
  502. 503. 502. 501. 501. 506. 500. 503. 501. 502. 503. 505.]
 [407. 444. 461. 465. 470. 464. 475. 475. 474. 475. 443. 456. 470. 478.
  448. 458. 463. 474. 477. 487. 472. 483. 487. 491. 493. 493. 495. 491.
  496. 496. 497. 501. 498. 502. 502. 502. 503. 504. 505. 503.]]
##############################
[[163. 193. 208. 208. 218. 214. 209. 214. 214. 216. 210. 230. 258. 262.
  294. 274. 276. 287. 290. 303. 298. 306. 300. 297. 303. 305. 305. 304.
  313. 319. 309. 303. 309. 314. 313. 322. 323. 326. 320. 320.]
 [600. 600. 600. 600. 600. 600. 600. 600. 600. 600. 600. 600. 600. 599.
  598. 550. 550. 548. 549. 550. 550. 549. 549. 550. 549. 550. 548. 549.
  550. 550. 550. 550. 549. 549. 549. 550. 549. 550. 550. 550.]
 [409. 461. 468. 478. 470. 481. 475. 482. 480. 482. 438. 443. 453. 485.
  485. 462. 461. 480. 476. 481. 485. 488. 490. 493. 491. 494. 500. 501.
  502. 503. 502. 501. 501. 506. 500. 503. 501. 502. 503. 505.]
 [407. 444. 461. 465. 470. 464. 475. 475. 474. 475. 443. 456. 470. 478.
  488. 458. 463. 474. 477. 487. 472. 483. 487. 491. 493. 493. 495. 491.
  496. 496. 497. 501. 498. 502. 502. 502. 503. 504. 505. 503.]]
##############################
[[163. 193. 208. 208. 218. 214. 209. 214. 214. 216. 210. 230. 258. 262.
  294. 299. 276. 287. 290. 303. 298. 306. 300. 297. 303. 305. 305. 304.
  313. 319. 309. 303. 309. 314. 313. 322. 323. 326. 320. 320.]
 [600. 600. 600. 600. 600. 600. 600. 600. 600. 600. 600. 600. 600. 599.
  598. 600. 550. 548. 549. 550. 550. 549. 549. 550. 549. 550. 548. 549.
  550. 550. 550. 550. 549. 549. 549. 550. 549. 550. 550. 550.]
 [409. 461. 468. 478. 470. 481. 475. 482. 480. 482. 438. 443. 453. 485.
  485. 503. 461. 480. 476. 481. 485. 488. 490. 493. 491. 494. 500. 501.
  502. 503. 502. 501. 501. 506. 500. 503. 501. 502. 503. 505.]
 [407. 444. 461. 465. 470. 464. 475. 475. 474. 475. 443. 456. 470. 478.
  488. 500. 463. 474. 477. 487. 472. 483. 487. 491. 493. 493. 495. 491.
  496. 496. 497. 501. 498. 502. 502. 502. 503. 504. 505. 503.]]
##############################
[[163. 193. 208. 208. 218. 214. 209. 214. 214. 216. 210. 230. 258. 262.
  294. 299. 303. 287. 290. 303. 298. 306. 300. 297. 303. 305. 305. 304.
  313. 319. 309. 303. 309. 314. 313. 322. 323. 326. 320. 320.]
 [600. 600. 600. 600. 600. 600. 600. 600. 600. 600. 600. 600. 600. 599.
  598. 600. 600. 548. 549. 550. 550. 549. 549. 550. 549. 550. 548. 549.
  550. 550. 550. 550. 549. 549. 549. 550. 549. 550. 550. 550.]
 [409. 461. 468. 478. 470. 481. 475. 482. 480. 482. 438. 443. 453. 485.
  485. 503. 502. 480. 476. 481. 485. 488. 490. 493. 491. 494. 500. 501.
  502. 503. 502. 501. 501. 506. 500. 503. 501. 502. 503. 505.]
 [407. 444. 461. 465. 470. 464. 475. 475. 474. 475. 443. 456. 470. 478.
  488. 500. 505. 474. 477. 487. 472. 483. 487. 491. 493. 493. 495. 491.
  496. 496. 497. 501. 498. 502. 502. 502. 503. 504. 505. 503.]]
##############################
[[163. 193. 208. 208. 218. 214. 209. 214. 214. 216. 210. 230. 258. 262.
  294. 299. 303. 313. 290. 303. 298. 306. 300. 297. 303. 305. 305. 304.
  313. 319. 309. 303. 309. 314. 313. 322. 323. 326. 320. 320.]
 [600. 600. 600. 600. 600. 600. 600. 600. 600. 600. 600. 600. 600. 599.
  598. 600. 600. 598. 549. 550. 550. 549. 549. 550. 549. 550. 548. 549.
  550. 550. 550. 550. 549. 549. 549. 550. 549. 550. 550. 550.]
 [409. 461. 468. 478. 470. 481. 475. 482. 480. 482. 438. 443. 453. 485.
  485. 503. 502. 524. 476. 481. 485. 488. 490. 493. 491. 494. 500. 501.
  502. 503. 502. 501. 501. 506. 500. 503. 501. 502. 503. 505.]
 [407. 444. 461. 465. 470. 464. 475. 475. 474. 475. 443. 456. 470. 478.
  488. 500. 505. 517. 477. 487. 472. 483. 487. 491. 493. 493. 495. 491.
  496. 496. 497. 501. 498. 502. 502. 502. 503. 504. 505. 503.]]
##############################
[[163. 193. 208. 208. 218. 214. 209. 214. 214. 216. 210. 230. 258. 262.
  294. 299. 303. 313. 320. 303. 298. 306. 300. 297. 303. 305. 305. 304.
  313. 319. 309. 303. 309. 314. 313. 322. 323. 326. 320. 320.]
 [600. 600. 600. 600. 600. 600. 600. 600. 600. 600. 600. 600. 600. 599.
  598. 600. 600. 598. 599. 550. 550. 549. 549. 550. 549. 550. 548. 549.
  550. 550. 550. 550. 549. 549. 549. 550. 549. 550. 550. 550.]
 [409. 461. 468. 478. 470. 481. 475. 482. 480. 482. 438. 443. 453. 485.
  485. 503. 502. 524. 518. 481. 485. 488. 490. 493. 491. 494. 500. 501.
  502. 503. 502. 501. 501. 506. 500. 503. 501. 502. 503. 505.]
 [407. 444. 461. 465. 470. 464. 475. 475. 474. 475. 443. 456. 470. 478.
  488. 500. 505. 517. 519. 487. 472. 483. 487. 491. 493. 493. 495. 491.
  496. 496. 497. 501. 498. 502. 502. 502. 503. 504. 505. 503.]]
##############################
[[163. 193. 208. 208. 218. 214. 209. 214. 214. 216. 210. 230. 258. 262.
  294. 299. 303. 313. 320. 331. 298. 306. 300. 297. 303. 305. 305. 304.
  313. 319. 309. 303. 309. 314. 313. 322. 323. 326. 320. 320.]
 [600. 600. 600. 600. 600. 600. 600. 600. 600. 600. 600. 600. 600. 599.
  598. 600. 600. 598. 599. 600. 550. 549. 549. 550. 549. 550. 548. 549.
  550. 550. 550. 550. 549. 549. 549. 550. 549. 550. 550. 550.]
 [409. 461. 468. 478. 470. 481. 475. 482. 480. 482. 438. 443. 453. 485.
  485. 503. 502. 524. 518. 524. 485. 488. 490. 493. 491. 494. 500. 501.
  502. 503. 502. 501. 501. 506. 500. 503. 501. 502. 503. 505.]
 [407. 444. 461. 465. 470. 464. 475. 475. 474. 475. 443. 456. 470. 478.
  488. 500. 505. 517. 519. 531. 472. 483. 487. 491. 493. 493. 495. 491.
  496. 496. 497. 501. 498. 502. 502. 502. 503. 504. 505. 503.]]
##############################
[[163. 193. 208. 208. 218. 214. 209. 214. 214. 216. 210. 230. 258. 262.
  294. 299. 303. 313. 320. 331. 324. 306. 300. 297. 303. 305. 305. 304.
  313. 319. 309. 303. 309. 314. 313. 322. 323. 326. 320. 320.]
 [600. 600. 600. 600. 600. 600. 600. 600. 600. 600. 600. 600. 600. 599.
  598. 600. 600. 598. 599. 600. 600. 549. 549. 550. 549. 550. 548. 549.
  550. 550. 550. 550. 549. 549. 549. 550. 549. 550. 550. 550.]
 [409. 461. 468. 478. 470. 481. 475. 482. 480. 482. 438. 443. 453. 485.
  485. 503. 502. 524. 518. 524. 527. 488. 490. 493. 491. 494. 500. 501.
  502. 503. 502. 501. 501. 506. 500. 503. 501. 502. 503. 505.]
 [407. 444. 461. 465. 470. 464. 475. 475. 474. 475. 443. 456. 470. 478.
  488. 500. 505. 517. 519. 531. 517. 483. 487. 491. 493. 493. 495. 491.
  496. 496. 497. 501. 498. 502. 502. 502. 503. 504. 505. 503.]]
##############################
[[163. 193. 208. 208. 218. 214. 209. 214. 214. 216. 210. 230. 258. 262.
  294. 299. 303. 313. 320. 331. 324. 334. 300. 297. 303. 305. 305. 304.
  313. 319. 309. 303. 309. 314. 313. 322. 323. 326. 320. 320.]
 [600. 600. 600. 600. 600. 600. 600. 600. 600. 600. 600. 600. 600. 599.
  598. 600. 600. 598. 599. 600. 600. 599. 549. 550. 549. 550. 548. 549.
  550. 550. 550. 550. 549. 549. 549. 550. 549. 550. 550. 550.]
 [409. 461. 468. 478. 470. 481. 475. 482. 480. 482. 438. 443. 453. 485.
  485. 503. 502. 524. 518. 524. 527. 532. 490. 493. 491. 494. 500. 501.
  502. 503. 502. 501. 501. 506. 500. 503. 501. 502. 503. 505.]
 [407. 444. 461. 465. 470. 464. 475. 475. 474. 475. 443. 456. 470. 478.
  488. 500. 505. 517. 519. 531. 517. 528. 487. 491. 493. 493. 495. 491.
  496. 496. 497. 501. 498. 502. 502. 502. 503. 504. 505. 503.]]
##############################
[[163. 193. 208. 208. 218. 214. 209. 214. 214. 216. 210. 230. 258. 262.
  294. 299. 303. 313. 320. 331. 324. 334. 326. 297. 303. 305. 305. 304.
  313. 319. 309. 303. 309. 314. 313. 322. 323. 326. 320. 320.]
 [600. 600. 600. 600. 600. 600. 600. 600. 600. 600. 600. 600. 600. 599.
  598. 600. 600. 598. 599. 600. 600. 599. 599. 550. 549. 550. 548. 549.
  550. 550. 550. 550. 549. 549. 549. 550. 549. 550. 550. 550.]
 [409. 461. 468. 478. 470. 481. 475. 482. 480. 482. 438. 443. 453. 485.
  485. 503. 502. 524. 518. 524. 527. 532. 532. 493. 491. 494. 500. 501.
  502. 503. 502. 501. 501. 506. 500. 503. 501. 502. 503. 505.]
 [407. 444. 461. 465. 470. 464. 475. 475. 474. 475. 443. 456. 470. 478.
  488. 500. 505. 517. 519. 531. 517. 528. 534. 491. 493. 493. 495. 491.
  496. 496. 497. 501. 498. 502. 502. 502. 503. 504. 505. 503.]]
##############################
[[163. 193. 208. 208. 218. 214. 209. 214. 214. 216. 210. 230. 258. 262.
  294. 299. 303. 313. 320. 331. 324. 334. 326. 322. 303. 305. 305. 304.
  313. 319. 309. 303. 309. 314. 313. 322. 323. 326. 320. 320.]
 [600. 600. 600. 600. 600. 600. 600. 600. 600. 600. 600. 600. 600. 599.
  598. 600. 600. 598. 599. 600. 600. 599. 599. 600. 549. 550. 548. 549.
  550. 550. 550. 550. 549. 549. 549. 550. 549. 550. 550. 550.]
 [409. 461. 468. 478. 470. 481. 475. 482. 480. 482. 438. 443. 453. 485.
  485. 503. 502. 524. 518. 524. 527. 532. 532. 537. 491. 494. 500. 501.
  502. 503. 502. 501. 501. 506. 500. 503. 501. 502. 503. 505.]
 [407. 444. 461. 465. 470. 464. 475. 475. 474. 475. 443. 456. 470. 478.
  488. 500. 505. 517. 519. 531. 517. 528. 534. 539. 493. 493. 495. 491.
  496. 496. 497. 501. 498. 502. 502. 502. 503. 504. 505. 503.]]
##############################
[[163. 193. 208. 208. 218. 214. 209. 214. 214. 216. 210. 230. 258. 262.
  294. 299. 303. 313. 320. 331. 324. 334. 326. 322. 333. 305. 305. 304.
  313. 319. 309. 303. 309. 314. 313. 322. 323. 326. 320. 320.]
 [600. 600. 600. 600. 600. 600. 600. 600. 600. 600. 600. 600. 600. 599.
  598. 600. 600. 598. 599. 600. 600. 599. 599. 600. 599. 550. 548. 549.
  550. 550. 550. 550. 549. 549. 549. 550. 549. 550. 550. 550.]
 [409. 461. 468. 478. 470. 481. 475. 482. 480. 482. 438. 443. 453. 485.
  485. 503. 502. 524. 518. 524. 527. 532. 532. 537. 535. 494. 500. 501.
  502. 503. 502. 501. 501. 506. 500. 503. 501. 502. 503. 505.]
 [407. 444. 461. 465. 470. 464. 475. 475. 474. 475. 443. 456. 470. 478.
  488. 500. 505. 517. 519. 531. 517. 528. 534. 539. 541. 493. 495. 491.
  496. 496. 497. 501. 498. 502. 502. 502. 503. 504. 505. 503.]]
##############################
[[163. 193. 208. 208. 218. 214. 209. 214. 214. 216. 210. 230. 258. 262.
  294. 299. 303. 313. 320. 331. 324. 334. 326. 322. 333. 332. 305. 304.
  313. 319. 309. 303. 309. 314. 313. 322. 323. 326. 320. 320.]
 [600. 600. 600. 600. 600. 600. 600. 600. 600. 600. 600. 600. 600. 599.
  598. 600. 600. 598. 599. 600. 600. 599. 599. 600. 599. 600. 548. 549.
  550. 550. 550. 550. 549. 549. 549. 550. 549. 550. 550. 550.]
 [409. 461. 468. 478. 470. 481. 475. 482. 480. 482. 438. 443. 453. 485.
  485. 503. 502. 524. 518. 524. 527. 532. 532. 537. 535. 537. 500. 501.
  502. 503. 502. 501. 501. 506. 500. 503. 501. 502. 503. 505.]
 [407. 444. 461. 465. 470. 464. 475. 475. 474. 475. 443. 456. 470. 478.
  488. 500. 505. 517. 519. 531. 517. 528. 534. 539. 541. 540. 495. 491.
  496. 496. 497. 501. 498. 502. 502. 502. 503. 504. 505. 503.]]
##############################
[[163. 193. 208. 208. 218. 214. 209. 214. 214. 216. 210. 230. 258. 262.
  294. 299. 303. 313. 320. 331. 324. 334. 326. 322. 333. 332. 330. 304.
  313. 319. 309. 303. 309. 314. 313. 322. 323. 326. 320. 320.]
 [600. 600. 600. 600. 600. 600. 600. 600. 600. 600. 600. 600. 600. 599.
  598. 600. 600. 598. 599. 600. 600. 599. 599. 600. 599. 600. 598. 549.
  550. 550. 550. 550. 549. 549. 549. 550. 549. 550. 550. 550.]
 [409. 461. 468. 478. 470. 481. 475. 482. 480. 482. 438. 443. 453. 485.
  485. 503. 502. 524. 518. 524. 527. 532. 532. 537. 535. 537. 544. 501.
  502. 503. 502. 501. 501. 506. 500. 503. 501. 502. 503. 505.]
 [407. 444. 461. 465. 470. 464. 475. 475. 474. 475. 443. 456. 470. 478.
  488. 500. 505. 517. 519. 531. 517. 528. 534. 539. 541. 540. 541. 491.
  496. 496. 497. 501. 498. 502. 502. 502. 503. 504. 505. 503.]]
##############################
[[163. 193. 208. 208. 218. 214. 209. 214. 214. 216. 210. 230. 258. 262.
  294. 299. 303. 313. 320. 331. 324. 334. 326. 322. 333. 332. 330. 329.
  313. 319. 309. 303. 309. 314. 313. 322. 323. 326. 320. 320.]
 [600. 600. 600. 600. 600. 600. 600. 600. 600. 600. 600. 600. 600. 599.
  598. 600. 600. 598. 599. 600. 600. 599. 599. 600. 599. 600. 598. 599.
  550. 550. 550. 550. 549. 549. 549. 550. 549. 550. 550. 550.]
 [409. 461. 468. 478. 470. 481. 475. 482. 480. 482. 438. 443. 453. 485.
  485. 503. 502. 524. 518. 524. 527. 532. 532. 537. 535. 537. 544. 544.
  502. 503. 502. 501. 501. 506. 500. 503. 501. 502. 503. 505.]
 [407. 444. 461. 465. 470. 464. 475. 475. 474. 475. 443. 456. 470. 478.
  488. 500. 505. 517. 519. 531. 517. 528. 534. 539. 541. 540. 541. 538.
  496. 496. 497. 501. 498. 502. 502. 502. 503. 504. 505. 503.]]
##############################
[[163. 193. 208. 208. 218. 214. 209. 214. 214. 216. 210. 230. 258. 262.
  294. 299. 303. 313. 320. 331. 324. 334. 326. 322. 333. 332. 330. 329.
  340. 319. 309. 303. 309. 314. 313. 322. 323. 326. 320. 320.]
 [600. 600. 600. 600. 600. 600. 600. 600. 600. 600. 600. 600. 600. 599.
  598. 600. 600. 598. 599. 600. 600. 599. 599. 600. 599. 600. 598. 599.
  600. 550. 550. 550. 549. 549. 549. 550. 549. 550. 550. 550.]
 [409. 461. 468. 478. 470. 481. 475. 482. 480. 482. 438. 443. 453. 485.
  485. 503. 502. 524. 518. 524. 527. 532. 532. 537. 535. 537. 544. 544.
  545. 503. 502. 501. 501. 506. 500. 503. 501. 502. 503. 505.]
 [407. 444. 461. 465. 470. 464. 475. 475. 474. 475. 443. 456. 470. 478.
  488. 500. 505. 517. 519. 531. 517. 528. 534. 539. 541. 540. 541. 538.
  545. 496. 497. 501. 498. 502. 502. 502. 503. 504. 505. 503.]]
##############################
[[163. 193. 208. 208. 218. 214. 209. 214. 214. 216. 210. 230. 258. 262.
  294. 299. 303. 313. 320. 331. 324. 334. 326. 322. 333. 332. 330. 329.
  340. 346. 309. 303. 309. 314. 313. 322. 323. 326. 320. 320.]
 [600. 600. 600. 600. 600. 600. 600. 600. 600. 600. 600. 600. 600. 599.
  598. 600. 600. 598. 599. 600. 600. 599. 599. 600. 599. 600. 598. 599.
  600. 600. 550. 550. 549. 549. 549. 550. 549. 550. 550. 550.]
 [409. 461. 468. 478. 470. 481. 475. 482. 480. 482. 438. 443. 453. 485.
  485. 503. 502. 524. 518. 524. 527. 532. 532. 537. 535. 537. 544. 544.
  545. 547. 502. 501. 501. 506. 500. 503. 501. 502. 503. 505.]
 [407. 444. 461. 465. 470. 464. 475. 475. 474. 475. 443. 456. 470. 478.
  488. 500. 505. 517. 519. 531. 517. 528. 534. 539. 541. 540. 541. 538.
  545. 544. 497. 501. 498. 502. 502. 502. 503. 504. 505. 503.]]
##############################
[[163. 193. 208. 208. 218. 214. 209. 214. 214. 216. 210. 230. 258. 262.
  294. 299. 303. 313. 320. 331. 324. 334. 326. 322. 333. 332. 330. 329.
  340. 346. 337. 303. 309. 314. 313. 322. 323. 326. 320. 320.]
 [600. 600. 600. 600. 600. 600. 600. 600. 600. 600. 600. 600. 600. 599.
  598. 600. 600. 598. 599. 600. 600. 599. 599. 600. 599. 600. 598. 599.
  600. 600. 600. 550. 549. 549. 549. 550. 549. 550. 550. 550.]
 [409. 461. 468. 478. 470. 481. 475. 482. 480. 482. 438. 443. 453. 485.
  485. 503. 502. 524. 518. 524. 527. 532. 532. 537. 535. 537. 544. 544.
  545. 547. 546. 501. 501. 506. 500. 503. 501. 502. 503. 505.]
 [407. 444. 461. 465. 470. 464. 475. 475. 474. 475. 443. 456. 470. 478.
  488. 500. 505. 517. 519. 531. 517. 528. 534. 539. 541. 540. 541. 538.
  545. 544. 544. 501. 498. 502. 502. 502. 503. 504. 505. 503.]]
##############################
[[163. 193. 208. 208. 218. 214. 209. 214. 214. 216. 210. 230. 258. 262.
  294. 299. 303. 313. 320. 331. 324. 334. 326. 322. 333. 332. 330. 329.
  340. 346. 337. 331. 309. 314. 313. 322. 323. 326. 320. 320.]
 [600. 600. 600. 600. 600. 600. 600. 600. 600. 600. 600. 600. 600. 599.
  598. 600. 600. 598. 599. 600. 600. 599. 599. 600. 599. 600. 598. 599.
  600. 600. 600. 600. 549. 549. 549. 550. 549. 550. 550. 550.]
 [409. 461. 468. 478. 470. 481. 475. 482. 480. 482. 438. 443. 453. 485.
  485. 503. 502. 524. 518. 524. 527. 532. 532. 537. 535. 537. 544. 544.
  545. 547. 546. 545. 501. 506. 500. 503. 501. 502. 503. 505.]
 [407. 444. 461. 465. 470. 464. 475. 475. 474. 475. 443. 456. 470. 478.
  488. 500. 505. 517. 519. 531. 517. 528. 534. 539. 541. 540. 541. 538.
  545. 544. 544. 547. 498. 502. 502. 502. 503. 504. 505. 503.]]
##############################
[[163. 193. 208. 208. 218. 214. 209. 214. 214. 216. 210. 230. 258. 262.
  294. 299. 303. 313. 320. 331. 324. 334. 326. 322. 333. 332. 330. 329.
  340. 346. 337. 331. 336. 314. 313. 322. 323. 326. 320. 320.]
 [600. 600. 600. 600. 600. 600. 600. 600. 600. 600. 600. 600. 600. 599.
  598. 600. 600. 598. 599. 600. 600. 599. 599. 600. 599. 600. 598. 599.
  600. 600. 600. 600. 599. 549. 549. 550. 549. 550. 550. 550.]
 [409. 461. 468. 478. 470. 481. 475. 482. 480. 482. 438. 443. 453. 485.
  485. 503. 502. 524. 518. 524. 527. 532. 532. 537. 535. 537. 544. 544.
  545. 547. 546. 545. 546. 506. 500. 503. 501. 502. 503. 505.]
 [407. 444. 461. 465. 470. 464. 475. 475. 474. 475. 443. 456. 470. 478.
  488. 500. 505. 517. 519. 531. 517. 528. 534. 539. 541. 540. 541. 538.
  545. 544. 544. 547. 544. 502. 502. 502. 503. 504. 505. 503.]]
##############################
[[163. 193. 208. 208. 218. 214. 209. 214. 214. 216. 210. 230. 258. 262.
  294. 299. 303. 313. 320. 331. 324. 334. 326. 322. 333. 332. 330. 329.
  340. 346. 337. 331. 336. 344. 313. 322. 323. 326. 320. 320.]
 [600. 600. 600. 600. 600. 600. 600. 600. 600. 600. 600. 600. 600. 599.
  598. 600. 600. 598. 599. 600. 600. 599. 599. 600. 599. 600. 598. 599.
  600. 600. 600. 600. 599. 599. 549. 550. 549. 550. 550. 550.]
 [409. 461. 468. 478. 470. 481. 475. 482. 480. 482. 438. 443. 453. 485.
  485. 503. 502. 524. 518. 524. 527. 532. 532. 537. 535. 537. 544. 544.
  545. 547. 546. 545. 546. 551. 500. 503. 501. 502. 503. 505.]
 [407. 444. 461. 465. 470. 464. 475. 475. 474. 475. 443. 456. 470. 478.
  488. 500. 505. 517. 519. 531. 517. 528. 534. 539. 541. 540. 541. 538.
  545. 544. 544. 547. 544. 549. 502. 502. 503. 504. 505. 503.]]
##############################
[[163. 193. 208. 208. 218. 214. 209. 214. 214. 216. 210. 230. 258. 262.
  294. 299. 303. 313. 320. 331. 324. 334. 326. 322. 333. 332. 330. 329.
  340. 346. 337. 331. 336. 344. 343. 322. 323. 326. 320. 320.]
 [600. 600. 600. 600. 600. 600. 600. 600. 600. 600. 600. 600. 600. 599.
  598. 600. 600. 598. 599. 600. 600. 599. 599. 600. 599. 600. 598. 599.
  600. 600. 600. 600. 599. 599. 599. 550. 549. 550. 550. 550.]
 [409. 461. 468. 478. 470. 481. 475. 482. 480. 482. 438. 443. 453. 485.
  485. 503. 502. 524. 518. 524. 527. 532. 532. 537. 535. 537. 544. 544.
  545. 547. 546. 545. 546. 551. 544. 503. 501. 502. 503. 505.]
 [407. 444. 461. 465. 470. 464. 475. 475. 474. 475. 443. 456. 470. 478.
  488. 500. 505. 517. 519. 531. 517. 528. 534. 539. 541. 540. 541. 538.
  545. 544. 544. 547. 544. 549. 550. 502. 503. 504. 505. 503.]]
##############################
[[163. 193. 208. 208. 218. 214. 209. 214. 214. 216. 210. 230. 258. 262.
  294. 299. 303. 313. 320. 331. 324. 334. 326. 322. 333. 332. 330. 329.
  340. 346. 337. 331. 336. 344. 343. 350. 323. 326. 320. 320.]
 [600. 600. 600. 600. 600. 600. 600. 600. 600. 600. 600. 600. 600. 599.
  598. 600. 600. 598. 599. 600. 600. 599. 599. 600. 599. 600. 598. 599.
  600. 600. 600. 600. 599. 599. 599. 600. 549. 550. 550. 550.]
 [409. 461. 468. 478. 470. 481. 475. 482. 480. 482. 438. 443. 453. 485.
  485. 503. 502. 524. 518. 524. 527. 532. 532. 537. 535. 537. 544. 544.
  545. 547. 546. 545. 546. 551. 544. 549. 501. 502. 503. 505.]
 [407. 444. 461. 465. 470. 464. 475. 475. 474. 475. 443. 456. 470. 478.
  488. 500. 505. 517. 519. 531. 517. 528. 534. 539. 541. 540. 541. 538.
  545. 544. 544. 547. 544. 549. 550. 550. 503. 504. 505. 503.]]
##############################
[[163. 193. 208. 208. 218. 214. 209. 214. 214. 216. 210. 230. 258. 262.
  294. 299. 303. 313. 320. 331. 324. 334. 326. 322. 333. 332. 330. 329.
  340. 346. 337. 331. 336. 344. 343. 350. 351. 326. 320. 320.]
 [600. 600. 600. 600. 600. 600. 600. 600. 600. 600. 600. 600. 600. 599.
  598. 600. 600. 598. 599. 600. 600. 599. 599. 600. 599. 600. 598. 599.
  600. 600. 600. 600. 599. 599. 599. 600. 599. 550. 550. 550.]
 [409. 461. 468. 478. 470. 481. 475. 482. 480. 482. 438. 443. 453. 485.
  485. 503. 502. 524. 518. 524. 527. 532. 532. 537. 535. 537. 544. 544.
  545. 547. 546. 545. 546. 551. 544. 549. 547. 502. 503. 505.]
 [407. 444. 461. 465. 470. 464. 475. 475. 474. 475. 443. 456. 470. 478.
  488. 500. 505. 517. 519. 531. 517. 528. 534. 539. 541. 540. 541. 538.
  545. 544. 544. 547. 544. 549. 550. 550. 549. 504. 505. 503.]]
##############################
[[163. 193. 208. 208. 218. 214. 209. 214. 214. 216. 210. 230. 258. 262.
  294. 299. 303. 313. 320. 331. 324. 334. 326. 322. 333. 332. 330. 329.
  340. 346. 337. 331. 336. 344. 343. 350. 351. 358. 320. 320.]
 [600. 600. 600. 600. 600. 600. 600. 600. 600. 600. 600. 600. 600. 599.
  598. 600. 600. 598. 599. 600. 600. 599. 599. 600. 599. 600. 598. 599.
  600. 600. 600. 600. 599. 599. 599. 600. 599. 600. 550. 550.]
 [409. 461. 468. 478. 470. 481. 475. 482. 480. 482. 438. 443. 453. 485.
  485. 503. 502. 524. 518. 524. 527. 532. 532. 537. 535. 537. 544. 544.
  545. 547. 546. 545. 546. 551. 544. 549. 547. 547. 503. 505.]
 [407. 444. 461. 465. 470. 464. 475. 475. 474. 475. 443. 456. 470. 478.
  488. 500. 505. 517. 519. 531. 517. 528. 534. 539. 541. 540. 541. 538.
  545. 544. 544. 547. 544. 549. 550. 550. 549. 552. 505. 503.]]
##############################
[[163. 193. 208. 208. 218. 214. 209. 214. 214. 216. 210. 230. 258. 262.
  294. 299. 303. 313. 320. 331. 324. 334. 326. 322. 333. 332. 330. 329.
  340. 346. 337. 331. 336. 344. 343. 350. 351. 358. 350. 320.]
 [600. 600. 600. 600. 600. 600. 600. 600. 600. 600. 600. 600. 600. 599.
  598. 600. 600. 598. 599. 600. 600. 599. 599. 600. 599. 600. 598. 599.
  600. 600. 600. 600. 599. 599. 599. 600. 599. 600. 600. 550.]
 [409. 461. 468. 478. 470. 481. 475. 482. 480. 482. 438. 443. 453. 485.
  485. 503. 502. 524. 518. 524. 527. 532. 532. 537. 535. 537. 544. 544.
  545. 547. 546. 545. 546. 551. 544. 549. 547. 547. 548. 505.]
 [407. 444. 461. 465. 470. 464. 475. 475. 474. 475. 443. 456. 470. 478.
  488. 500. 505. 517. 519. 531. 517. 528. 534. 539. 541. 540. 541. 538.
  545. 544. 544. 547. 544. 549. 550. 550. 549. 552. 552. 503.]]
##############################
[[163. 193. 208. 208. 218. 214. 209. 214. 214. 216. 210. 230. 258. 262.
  294. 299. 303. 313. 320. 331. 324. 334. 326. 322. 333. 332. 330. 329.
  340. 346. 337. 331. 336. 344. 343. 350. 351. 358. 350. 349.]
 [600. 600. 600. 600. 600. 600. 600. 600. 600. 600. 600. 600. 600. 599.
  598. 600. 600. 598. 599. 600. 600. 599. 599. 600. 599. 600. 598. 599.
  600. 600. 600. 600. 599. 599. 599. 600. 599. 600. 600. 600.]
 [409. 461. 468. 478. 470. 481. 475. 482. 480. 482. 438. 443. 453. 485.
  485. 503. 502. 524. 518. 524. 527. 532. 532. 537. 535. 537. 544. 544.
  545. 547. 546. 545. 546. 551. 544. 549. 547. 547. 548. 550.]
 [407. 444. 461. 465. 470. 464. 475. 475. 474. 475. 443. 456. 470. 478.
  488. 500. 505. 517. 519. 531. 517. 528. 534. 539. 541. 540. 541. 538.
  545. 544. 544. 547. 544. 549. 550. 550. 549. 552. 552. 552.]]
##############################
##################################################
##################################################
starting :13 batch
[[179. 193. 208. 208. 218. 214. 209. 214. 214. 216. 210. 230. 258. 262.
  294. 299. 303. 313. 320. 331. 324. 334. 326. 322. 333. 332. 330. 329.
  340. 346. 337. 331. 336. 344. 343. 350. 351. 358. 350. 349.]
 [650. 600. 600. 600. 600. 600. 600. 600. 600. 600. 600. 600. 600. 599.
  598. 600. 600. 598. 599. 600. 600. 599. 599. 600. 599. 600. 598. 599.
  600. 600. 600. 600. 599. 599. 599. 600. 599. 600. 600. 600.]
 [446. 461. 468. 478. 470. 481. 475. 482. 480. 482. 438. 443. 453. 485.
  485. 503. 502. 524. 518. 524. 527. 532. 532. 537. 535. 537. 544. 544.
  545. 547. 546. 545. 546. 551. 544. 549. 547. 547. 548. 550.]
 [441. 444. 461. 465. 470. 464. 475. 475. 474. 475. 443. 456. 470. 478.
  488. 500. 505. 517. 519. 531. 517. 528. 534. 539. 541. 540. 541. 538.
  545. 544. 544. 547. 544. 549. 550. 550. 549. 552. 552. 552.]]
##############################
[[179. 209. 208. 208. 218. 214. 209. 214. 214. 216. 210. 230. 258. 262.
  294. 299. 303. 313. 320. 331. 324. 334. 326. 322. 333. 332. 330. 329.
  340. 346. 337. 331. 336. 344. 343. 350. 351. 358. 350. 349.]
 [650. 650. 600. 600. 600. 600. 600. 600. 600. 600. 600. 600. 600. 599.
  598. 600. 600. 598. 599. 600. 600. 599. 599. 600. 599. 600. 598. 599.
  600. 600. 600. 600. 599. 599. 599. 600. 599. 600. 600. 600.]
 [446. 502. 468. 478. 470. 481. 475. 482. 480. 482. 438. 443. 453. 485.
  485. 503. 502. 524. 518. 524. 527. 532. 532. 537. 535. 537. 544. 544.
  545. 547. 546. 545. 546. 551. 544. 549. 547. 547. 548. 550.]
 [441. 479. 461. 465. 470. 464. 475. 475. 474. 475. 443. 456. 470. 478.
  488. 500. 505. 517. 519. 531. 517. 528. 534. 539. 541. 540. 541. 538.
  545. 544. 544. 547. 544. 549. 550. 550. 549. 552. 552. 552.]]
##############################
[[179. 209. 227. 208. 218. 214. 209. 214. 214. 216. 210. 230. 258. 262.
  294. 299. 303. 313. 320. 331. 324. 334. 326. 322. 333. 332. 330. 329.
  340. 346. 337. 331. 336. 344. 343. 350. 351. 358. 350. 349.]
 [650. 650. 650. 600. 600. 600. 600. 600. 600. 600. 600. 600. 600. 599.
  598. 600. 600. 598. 599. 600. 600. 599. 599. 600. 599. 600. 598. 599.
  600. 600. 600. 600. 599. 599. 599. 600. 599. 600. 600. 600.]
 [446. 502. 509. 478. 470. 481. 475. 482. 480. 482. 438. 443. 453. 485.
  485. 503. 502. 524. 518. 524. 527. 532. 532. 537. 535. 537. 544. 544.
  545. 547. 546. 545. 546. 551. 544. 549. 547. 547. 548. 550.]
 [441. 479. 499. 465. 470. 464. 475. 475. 474. 475. 443. 456. 470. 478.
  488. 500. 505. 517. 519. 531. 517. 528. 534. 539. 541. 540. 541. 538.
  545. 544. 544. 547. 544. 549. 550. 550. 549. 552. 552. 552.]]
##############################
[[179. 209. 227. 227. 218. 214. 209. 214. 214. 216. 210. 230. 258. 262.
  294. 299. 303. 313. 320. 331. 324. 334. 326. 322. 333. 332. 330. 329.
  340. 346. 337. 331. 336. 344. 343. 350. 351. 358. 350. 349.]
 [650. 650. 650. 650. 600. 600. 600. 600. 600. 600. 600. 600. 600. 599.
  598. 600. 600. 598. 599. 600. 600. 599. 599. 600. 599. 600. 598. 599.
  600. 600. 600. 600. 599. 599. 599. 600. 599. 600. 600. 600.]
 [446. 502. 509. 520. 470. 481. 475. 482. 480. 482. 438. 443. 453. 485.
  485. 503. 502. 524. 518. 524. 527. 532. 532. 537. 535. 537. 544. 544.
  545. 547. 546. 545. 546. 551. 544. 549. 547. 547. 548. 550.]
 [441. 479. 499. 503. 470. 464. 475. 475. 474. 475. 443. 456. 470. 478.
  488. 500. 505. 517. 519. 531. 517. 528. 534. 539. 541. 540. 541. 538.
  545. 544. 544. 547. 544. 549. 550. 550. 549. 552. 552. 552.]]
##############################
[[179. 209. 227. 227. 237. 214. 209. 214. 214. 216. 210. 230. 258. 262.
  294. 299. 303. 313. 320. 331. 324. 334. 326. 322. 333. 332. 330. 329.
  340. 346. 337. 331. 336. 344. 343. 350. 351. 358. 350. 349.]
 [650. 650. 650. 650. 650. 600. 600. 600. 600. 600. 600. 600. 600. 599.
  598. 600. 600. 598. 599. 600. 600. 599. 599. 600. 599. 600. 598. 599.
  600. 600. 600. 600. 599. 599. 599. 600. 599. 600. 600. 600.]
 [446. 502. 509. 520. 511. 481. 475. 482. 480. 482. 438. 443. 453. 485.
  485. 503. 502. 524. 518. 524. 527. 532. 532. 537. 535. 537. 544. 544.
  545. 547. 546. 545. 546. 551. 544. 549. 547. 547. 548. 550.]
 [441. 479. 499. 503. 510. 464. 475. 475. 474. 475. 443. 456. 470. 478.
  488. 500. 505. 517. 519. 531. 517. 528. 534. 539. 541. 540. 541. 538.
  545. 544. 544. 547. 544. 549. 550. 550. 549. 552. 552. 552.]]
##############################
[[179. 209. 227. 227. 237. 235. 209. 214. 214. 216. 210. 230. 258. 262.
  294. 299. 303. 313. 320. 331. 324. 334. 326. 322. 333. 332. 330. 329.
  340. 346. 337. 331. 336. 344. 343. 350. 351. 358. 350. 349.]
 [650. 650. 650. 650. 650. 650. 600. 600. 600. 600. 600. 600. 600. 599.
  598. 600. 600. 598. 599. 600. 600. 599. 599. 600. 599. 600. 598. 599.
  600. 600. 600. 600. 599. 599. 599. 600. 599. 600. 600. 600.]
 [446. 502. 509. 520. 511. 524. 475. 482. 480. 482. 438. 443. 453. 485.
  485. 503. 502. 524. 518. 524. 527. 532. 532. 537. 535. 537. 544. 544.
  545. 547. 546. 545. 546. 551. 544. 549. 547. 547. 548. 550.]
 [441. 479. 499. 503. 510. 504. 475. 475. 474. 475. 443. 456. 470. 478.
  488. 500. 505. 517. 519. 531. 517. 528. 534. 539. 541. 540. 541. 538.
  545. 544. 544. 547. 544. 549. 550. 550. 549. 552. 552. 552.]]
##############################
[[179. 209. 227. 227. 237. 235. 228. 214. 214. 216. 210. 230. 258. 262.
  294. 299. 303. 313. 320. 331. 324. 334. 326. 322. 333. 332. 330. 329.
  340. 346. 337. 331. 336. 344. 343. 350. 351. 358. 350. 349.]
 [650. 650. 650. 650. 650. 650. 650. 600. 600. 600. 600. 600. 600. 599.
  598. 600. 600. 598. 599. 600. 600. 599. 599. 600. 599. 600. 598. 599.
  600. 600. 600. 600. 599. 599. 599. 600. 599. 600. 600. 600.]
 [446. 502. 509. 520. 511. 524. 519. 482. 480. 482. 438. 443. 453. 485.
  485. 503. 502. 524. 518. 524. 527. 532. 532. 537. 535. 537. 544. 544.
  545. 547. 546. 545. 546. 551. 544. 549. 547. 547. 548. 550.]
 [441. 479. 499. 503. 510. 504. 514. 475. 474. 475. 443. 456. 470. 478.
  488. 500. 505. 517. 519. 531. 517. 528. 534. 539. 541. 540. 541. 538.
  545. 544. 544. 547. 544. 549. 550. 550. 549. 552. 552. 552.]]
##############################
[[179. 209. 227. 227. 237. 235. 228. 235. 214. 216. 210. 230. 258. 262.
  294. 299. 303. 313. 320. 331. 324. 334. 326. 322. 333. 332. 330. 329.
  340. 346. 337. 331. 336. 344. 343. 350. 351. 358. 350. 349.]
 [650. 650. 650. 650. 650. 650. 650. 650. 600. 600. 600. 600. 600. 599.
  598. 600. 600. 598. 599. 600. 600. 599. 599. 600. 599. 600. 598. 599.
  600. 600. 600. 600. 599. 599. 599. 600. 599. 600. 600. 600.]
 [446. 502. 509. 520. 511. 524. 519. 522. 480. 482. 438. 443. 453. 485.
  485. 503. 502. 524. 518. 524. 527. 532. 532. 537. 535. 537. 544. 544.
  545. 547. 546. 545. 546. 551. 544. 549. 547. 547. 548. 550.]
 [441. 479. 499. 503. 510. 504. 514. 512. 474. 475. 443. 456. 470. 478.
  488. 500. 505. 517. 519. 531. 517. 528. 534. 539. 541. 540. 541. 538.
  545. 544. 544. 547. 544. 549. 550. 550. 549. 552. 552. 552.]]
##############################
[[179. 209. 227. 227. 237. 235. 228. 235. 237. 216. 210. 230. 258. 262.
  294. 299. 303. 313. 320. 331. 324. 334. 326. 322. 333. 332. 330. 329.
  340. 346. 337. 331. 336. 344. 343. 350. 351. 358. 350. 349.]
 [650. 650. 650. 650. 650. 650. 650. 650. 650. 600. 600. 600. 600. 599.
  598. 600. 600. 598. 599. 600. 600. 599. 599. 600. 599. 600. 598. 599.
  600. 600. 600. 600. 599. 599. 599. 600. 599. 600. 600. 600.]
 [446. 502. 509. 520. 511. 524. 519. 522. 523. 482. 438. 443. 453. 485.
  485. 503. 502. 524. 518. 524. 527. 532. 532. 537. 535. 537. 544. 544.
  545. 547. 546. 545. 546. 551. 544. 549. 547. 547. 548. 550.]
 [441. 479. 499. 503. 510. 504. 514. 512. 512. 475. 443. 456. 470. 478.
  488. 500. 505. 517. 519. 531. 517. 528. 534. 539. 541. 540. 541. 538.
  545. 544. 544. 547. 544. 549. 550. 550. 549. 552. 552. 552.]]
##############################
[[179. 209. 227. 227. 237. 235. 228. 235. 237. 234. 210. 230. 258. 262.
  294. 299. 303. 313. 320. 331. 324. 334. 326. 322. 333. 332. 330. 329.
  340. 346. 337. 331. 336. 344. 343. 350. 351. 358. 350. 349.]
 [650. 650. 650. 650. 650. 650. 650. 650. 650. 650. 600. 600. 600. 599.
  598. 600. 600. 598. 599. 600. 600. 599. 599. 600. 599. 600. 598. 599.
  600. 600. 600. 600. 599. 599. 599. 600. 599. 600. 600. 600.]
 [446. 502. 509. 520. 511. 524. 519. 522. 523. 523. 438. 443. 453. 485.
  485. 503. 502. 524. 518. 524. 527. 532. 532. 537. 535. 537. 544. 544.
  545. 547. 546. 545. 546. 551. 544. 549. 547. 547. 548. 550.]
 [441. 479. 499. 503. 510. 504. 514. 512. 512. 511. 443. 456. 470. 478.
  488. 500. 505. 517. 519. 531. 517. 528. 534. 539. 541. 540. 541. 538.
  545. 544. 544. 547. 544. 549. 550. 550. 549. 552. 552. 552.]]
##############################
[[179. 209. 227. 227. 237. 235. 228. 235. 237. 234. 230. 230. 258. 262.
  294. 299. 303. 313. 320. 331. 324. 334. 326. 322. 333. 332. 330. 329.
  340. 346. 337. 331. 336. 344. 343. 350. 351. 358. 350. 349.]
 [650. 650. 650. 650. 650. 650. 650. 650. 650. 650. 650. 600. 600. 599.
  598. 600. 600. 598. 599. 600. 600. 599. 599. 600. 599. 600. 598. 599.
  600. 600. 600. 600. 599. 599. 599. 600. 599. 600. 600. 600.]
 [446. 502. 509. 520. 511. 524. 519. 522. 523. 523. 480. 443. 453. 485.
  485. 503. 502. 524. 518. 524. 527. 532. 532. 537. 535. 537. 544. 544.
  545. 547. 546. 545. 546. 551. 544. 549. 547. 547. 548. 550.]
 [441. 479. 499. 503. 510. 504. 514. 512. 512. 511. 480. 456. 470. 478.
  488. 500. 505. 517. 519. 531. 517. 528. 534. 539. 541. 540. 541. 538.
  545. 544. 544. 547. 544. 549. 550. 550. 549. 552. 552. 552.]]
##############################
[[179. 209. 227. 227. 237. 235. 228. 235. 237. 234. 230. 253. 258. 262.
  294. 299. 303. 313. 320. 331. 324. 334. 326. 322. 333. 332. 330. 329.
  340. 346. 337. 331. 336. 344. 343. 350. 351. 358. 350. 349.]
 [650. 650. 650. 650. 650. 650. 650. 650. 650. 650. 650. 650. 600. 599.
  598. 600. 600. 598. 599. 600. 600. 599. 599. 600. 599. 600. 598. 599.
  600. 600. 600. 600. 599. 599. 599. 600. 599. 600. 600. 600.]
 [446. 502. 509. 520. 511. 524. 519. 522. 523. 523. 480. 484. 453. 485.
  485. 503. 502. 524. 518. 524. 527. 532. 532. 537. 535. 537. 544. 544.
  545. 547. 546. 545. 546. 551. 544. 549. 547. 547. 548. 550.]
 [441. 479. 499. 503. 510. 504. 514. 512. 512. 511. 480. 496. 470. 478.
  488. 500. 505. 517. 519. 531. 517. 528. 534. 539. 541. 540. 541. 538.
  545. 544. 544. 547. 544. 549. 550. 550. 549. 552. 552. 552.]]
##############################
[[179. 209. 227. 227. 237. 235. 228. 235. 237. 234. 230. 253. 281. 262.
  294. 299. 303. 313. 320. 331. 324. 334. 326. 322. 333. 332. 330. 329.
  340. 346. 337. 331. 336. 344. 343. 350. 351. 358. 350. 349.]
 [650. 650. 650. 650. 650. 650. 650. 650. 650. 650. 650. 650. 650. 599.
  598. 600. 600. 598. 599. 600. 600. 599. 599. 600. 599. 600. 598. 599.
  600. 600. 600. 600. 599. 599. 599. 600. 599. 600. 600. 600.]
 [446. 502. 509. 520. 511. 524. 519. 522. 523. 523. 480. 484. 494. 485.
  485. 503. 502. 524. 518. 524. 527. 532. 532. 537. 535. 537. 544. 544.
  545. 547. 546. 545. 546. 551. 544. 549. 547. 547. 548. 550.]
 [441. 479. 499. 503. 510. 504. 514. 512. 512. 511. 480. 496. 510. 478.
  488. 500. 505. 517. 519. 531. 517. 528. 534. 539. 541. 540. 541. 538.
  545. 544. 544. 547. 544. 549. 550. 550. 549. 552. 552. 552.]]
##############################
[[179. 209. 227. 227. 237. 235. 228. 235. 237. 234. 230. 253. 281. 290.
  294. 299. 303. 313. 320. 331. 324. 334. 326. 322. 333. 332. 330. 329.
  340. 346. 337. 331. 336. 344. 343. 350. 351. 358. 350. 349.]
 [650. 650. 650. 650. 650. 650. 650. 650. 650. 650. 650. 650. 650. 649.
  598. 600. 600. 598. 599. 600. 600. 599. 599. 600. 599. 600. 598. 599.
  600. 600. 600. 600. 599. 599. 599. 600. 599. 600. 600. 600.]
 [446. 502. 509. 520. 511. 524. 519. 522. 523. 523. 480. 484. 494. 526.
  485. 503. 502. 524. 518. 524. 527. 532. 532. 537. 535. 537. 544. 544.
  545. 547. 546. 545. 546. 551. 544. 549. 547. 547. 548. 550.]
 [441. 479. 499. 503. 510. 504. 514. 512. 512. 511. 480. 496. 510. 518.
  488. 500. 505. 517. 519. 531. 517. 528. 534. 539. 541. 540. 541. 538.
  545. 544. 544. 547. 544. 549. 550. 550. 549. 552. 552. 552.]]
##############################
[[179. 209. 227. 227. 237. 235. 228. 235. 237. 234. 230. 253. 281. 290.
  321. 299. 303. 313. 320. 331. 324. 334. 326. 322. 333. 332. 330. 329.
  340. 346. 337. 331. 336. 344. 343. 350. 351. 358. 350. 349.]
 [650. 650. 650. 650. 650. 650. 650. 650. 650. 650. 650. 650. 650. 649.
  648. 600. 600. 598. 599. 600. 600. 599. 599. 600. 599. 600. 598. 599.
  600. 600. 600. 600. 599. 599. 599. 600. 599. 600. 600. 600.]
 [446. 502. 509. 520. 511. 524. 519. 522. 523. 523. 480. 484. 494. 526.
  527. 503. 502. 524. 518. 524. 527. 532. 532. 537. 535. 537. 544. 544.
  545. 547. 546. 545. 546. 551. 544. 549. 547. 547. 548. 550.]
 [441. 479. 499. 503. 510. 504. 514. 512. 512. 511. 480. 496. 510. 518.
  528. 500. 505. 517. 519. 531. 517. 528. 534. 539. 541. 540. 541. 538.
  545. 544. 544. 547. 544. 549. 550. 550. 549. 552. 552. 552.]]
##############################
[[179. 209. 227. 227. 237. 235. 228. 235. 237. 234. 230. 253. 281. 290.
  321. 325. 303. 313. 320. 331. 324. 334. 326. 322. 333. 332. 330. 329.
  340. 346. 337. 331. 336. 344. 343. 350. 351. 358. 350. 349.]
 [650. 650. 650. 650. 650. 650. 650. 650. 650. 650. 650. 650. 650. 649.
  648. 650. 600. 598. 599. 600. 600. 599. 599. 600. 599. 600. 598. 599.
  600. 600. 600. 600. 599. 599. 599. 600. 599. 600. 600. 600.]
 [446. 502. 509. 520. 511. 524. 519. 522. 523. 523. 480. 484. 494. 526.
  527. 547. 502. 524. 518. 524. 527. 532. 532. 537. 535. 537. 544. 544.
  545. 547. 546. 545. 546. 551. 544. 549. 547. 547. 548. 550.]
 [441. 479. 499. 503. 510. 504. 514. 512. 512. 511. 480. 496. 510. 518.
  528. 543. 505. 517. 519. 531. 517. 528. 534. 539. 541. 540. 541. 538.
  545. 544. 544. 547. 544. 549. 550. 550. 549. 552. 552. 552.]]
##############################
[[179. 209. 227. 227. 237. 235. 228. 235. 237. 234. 230. 253. 281. 290.
  321. 325. 331. 313. 320. 331. 324. 334. 326. 322. 333. 332. 330. 329.
  340. 346. 337. 331. 336. 344. 343. 350. 351. 358. 350. 349.]
 [650. 650. 650. 650. 650. 650. 650. 650. 650. 650. 650. 650. 650. 649.
  648. 650. 650. 598. 599. 600. 600. 599. 599. 600. 599. 600. 598. 599.
  600. 600. 600. 600. 599. 599. 599. 600. 599. 600. 600. 600.]
 [446. 502. 509. 520. 511. 524. 519. 522. 523. 523. 480. 484. 494. 526.
  527. 547. 548. 524. 518. 524. 527. 532. 532. 537. 535. 537. 544. 544.
  545. 547. 546. 545. 546. 551. 544. 549. 547. 547. 548. 550.]
 [441. 479. 499. 503. 510. 504. 514. 512. 512. 511. 480. 496. 510. 518.
  528. 543. 545. 517. 519. 531. 517. 528. 534. 539. 541. 540. 541. 538.
  545. 544. 544. 547. 544. 549. 550. 550. 549. 552. 552. 552.]]
##############################
[[179. 209. 227. 227. 237. 235. 228. 235. 237. 234. 230. 253. 281. 290.
  321. 325. 331. 342. 320. 331. 324. 334. 326. 322. 333. 332. 330. 329.
  340. 346. 337. 331. 336. 344. 343. 350. 351. 358. 350. 349.]
 [650. 650. 650. 650. 650. 650. 650. 650. 650. 650. 650. 650. 650. 649.
  648. 650. 650. 648. 599. 600. 600. 599. 599. 600. 599. 600. 598. 599.
  600. 600. 600. 600. 599. 599. 599. 600. 599. 600. 600. 600.]
 [446. 502. 509. 520. 511. 524. 519. 522. 523. 523. 480. 484. 494. 526.
  527. 547. 548. 569. 518. 524. 527. 532. 532. 537. 535. 537. 544. 544.
  545. 547. 546. 545. 546. 551. 544. 549. 547. 547. 548. 550.]
 [441. 479. 499. 503. 510. 504. 514. 512. 512. 511. 480. 496. 510. 518.
  528. 543. 545. 559. 519. 531. 517. 528. 534. 539. 541. 540. 541. 538.
  545. 544. 544. 547. 544. 549. 550. 550. 549. 552. 552. 552.]]
##############################
[[179. 209. 227. 227. 237. 235. 228. 235. 237. 234. 230. 253. 281. 290.
  321. 325. 331. 342. 348. 331. 324. 334. 326. 322. 333. 332. 330. 329.
  340. 346. 337. 331. 336. 344. 343. 350. 351. 358. 350. 349.]
 [650. 650. 650. 650. 650. 650. 650. 650. 650. 650. 650. 650. 650. 649.
  648. 650. 650. 648. 649. 600. 600. 599. 599. 600. 599. 600. 598. 599.
  600. 600. 600. 600. 599. 599. 599. 600. 599. 600. 600. 600.]
 [446. 502. 509. 520. 511. 524. 519. 522. 523. 523. 480. 484. 494. 526.
  527. 547. 548. 569. 564. 524. 527. 532. 532. 537. 535. 537. 544. 544.
  545. 547. 546. 545. 546. 551. 544. 549. 547. 547. 548. 550.]
 [441. 479. 499. 503. 510. 504. 514. 512. 512. 511. 480. 496. 510. 518.
  528. 543. 545. 559. 561. 531. 517. 528. 534. 539. 541. 540. 541. 538.
  545. 544. 544. 547. 544. 549. 550. 550. 549. 552. 552. 552.]]
##############################
[[179. 209. 227. 227. 237. 235. 228. 235. 237. 234. 230. 253. 281. 290.
  321. 325. 331. 342. 348. 360. 324. 334. 326. 322. 333. 332. 330. 329.
  340. 346. 337. 331. 336. 344. 343. 350. 351. 358. 350. 349.]
 [650. 650. 650. 650. 650. 650. 650. 650. 650. 650. 650. 650. 650. 649.
  648. 650. 650. 648. 649. 650. 600. 599. 599. 600. 599. 600. 598. 599.
  600. 600. 600. 600. 599. 599. 599. 600. 599. 600. 600. 600.]
 [446. 502. 509. 520. 511. 524. 519. 522. 523. 523. 480. 484. 494. 526.
  527. 547. 548. 569. 564. 571. 527. 532. 532. 537. 535. 537. 544. 544.
  545. 547. 546. 545. 546. 551. 544. 549. 547. 547. 548. 550.]
 [441. 479. 499. 503. 510. 504. 514. 512. 512. 511. 480. 496. 510. 518.
  528. 543. 545. 559. 561. 573. 517. 528. 534. 539. 541. 540. 541. 538.
  545. 544. 544. 547. 544. 549. 550. 550. 549. 552. 552. 552.]]
##############################
[[179. 209. 227. 227. 237. 235. 228. 235. 237. 234. 230. 253. 281. 290.
  321. 325. 331. 342. 348. 360. 354. 334. 326. 322. 333. 332. 330. 329.
  340. 346. 337. 331. 336. 344. 343. 350. 351. 358. 350. 349.]
 [650. 650. 650. 650. 650. 650. 650. 650. 650. 650. 650. 650. 650. 649.
  648. 650. 650. 648. 649. 650. 650. 599. 599. 600. 599. 600. 598. 599.
  600. 600. 600. 600. 599. 599. 599. 600. 599. 600. 600. 600.]
 [446. 502. 509. 520. 511. 524. 519. 522. 523. 523. 480. 484. 494. 526.
  527. 547. 548. 569. 564. 571. 573. 532. 532. 537. 535. 537. 544. 544.
  545. 547. 546. 545. 546. 551. 544. 549. 547. 547. 548. 550.]
 [441. 479. 499. 503. 510. 504. 514. 512. 512. 511. 480. 496. 510. 518.
  528. 543. 545. 559. 561. 573. 559. 528. 534. 539. 541. 540. 541. 538.
  545. 544. 544. 547. 544. 549. 550. 550. 549. 552. 552. 552.]]
##############################
[[179. 209. 227. 227. 237. 235. 228. 235. 237. 234. 230. 253. 281. 290.
  321. 325. 331. 342. 348. 360. 354. 364. 326. 322. 333. 332. 330. 329.
  340. 346. 337. 331. 336. 344. 343. 350. 351. 358. 350. 349.]
 [650. 650. 650. 650. 650. 650. 650. 650. 650. 650. 650. 650. 650. 649.
  648. 650. 650. 648. 649. 650. 650. 649. 599. 600. 599. 600. 598. 599.
  600. 600. 600. 600. 599. 599. 599. 600. 599. 600. 600. 600.]
 [446. 502. 509. 520. 511. 524. 519. 522. 523. 523. 480. 484. 494. 526.
  527. 547. 548. 569. 564. 571. 573. 579. 532. 537. 535. 537. 544. 544.
  545. 547. 546. 545. 546. 551. 544. 549. 547. 547. 548. 550.]
 [441. 479. 499. 503. 510. 504. 514. 512. 512. 511. 480. 496. 510. 518.
  528. 543. 545. 559. 561. 573. 559. 571. 534. 539. 541. 540. 541. 538.
  545. 544. 544. 547. 544. 549. 550. 550. 549. 552. 552. 552.]]
##############################
[[179. 209. 227. 227. 237. 235. 228. 235. 237. 234. 230. 253. 281. 290.
  321. 325. 331. 342. 348. 360. 354. 364. 357. 322. 333. 332. 330. 329.
  340. 346. 337. 331. 336. 344. 343. 350. 351. 358. 350. 349.]
 [650. 650. 650. 650. 650. 650. 650. 650. 650. 650. 650. 650. 650. 649.
  648. 650. 650. 648. 649. 650. 650. 649. 649. 600. 599. 600. 598. 599.
  600. 600. 600. 600. 599. 599. 599. 600. 599. 600. 600. 600.]
 [446. 502. 509. 520. 511. 524. 519. 522. 523. 523. 480. 484. 494. 526.
  527. 547. 548. 569. 564. 571. 573. 579. 578. 537. 535. 537. 544. 544.
  545. 547. 546. 545. 546. 551. 544. 549. 547. 547. 548. 550.]
 [441. 479. 499. 503. 510. 504. 514. 512. 512. 511. 480. 496. 510. 518.
  528. 543. 545. 559. 561. 573. 559. 571. 578. 539. 541. 540. 541. 538.
  545. 544. 544. 547. 544. 549. 550. 550. 549. 552. 552. 552.]]
##############################
[[179. 209. 227. 227. 237. 235. 228. 235. 237. 234. 230. 253. 281. 290.
  321. 325. 331. 342. 348. 360. 354. 364. 357. 351. 333. 332. 330. 329.
  340. 346. 337. 331. 336. 344. 343. 350. 351. 358. 350. 349.]
 [650. 650. 650. 650. 650. 650. 650. 650. 650. 650. 650. 650. 650. 649.
  648. 650. 650. 648. 649. 650. 650. 649. 649. 650. 599. 600. 598. 599.
  600. 600. 600. 600. 599. 599. 599. 600. 599. 600. 600. 600.]
 [446. 502. 509. 520. 511. 524. 519. 522. 523. 523. 480. 484. 494. 526.
  527. 547. 548. 569. 564. 571. 573. 579. 578. 583. 535. 537. 544. 544.
  545. 547. 546. 545. 546. 551. 544. 549. 547. 547. 548. 550.]
 [441. 479. 499. 503. 510. 504. 514. 512. 512. 511. 480. 496. 510. 518.
  528. 543. 545. 559. 561. 573. 559. 571. 578. 585. 541. 540. 541. 538.
  545. 544. 544. 547. 544. 549. 550. 550. 549. 552. 552. 552.]]
##############################
[[179. 209. 227. 227. 237. 235. 228. 235. 237. 234. 230. 253. 281. 290.
  321. 325. 331. 342. 348. 360. 354. 364. 357. 351. 360. 332. 330. 329.
  340. 346. 337. 331. 336. 344. 343. 350. 351. 358. 350. 349.]
 [650. 650. 650. 650. 650. 650. 650. 650. 650. 650. 650. 650. 650. 649.
  648. 650. 650. 648. 649. 650. 650. 649. 649. 650. 649. 600. 598. 599.
  600. 600. 600. 600. 599. 599. 599. 600. 599. 600. 600. 600.]
 [446. 502. 509. 520. 511. 524. 519. 522. 523. 523. 480. 484. 494. 526.
  527. 547. 548. 569. 564. 571. 573. 579. 578. 583. 581. 537. 544. 544.
  545. 547. 546. 545. 546. 551. 544. 549. 547. 547. 548. 550.]
 [441. 479. 499. 503. 510. 504. 514. 512. 512. 511. 480. 496. 510. 518.
  528. 543. 545. 559. 561. 573. 559. 571. 578. 585. 588. 540. 541. 538.
  545. 544. 544. 547. 544. 549. 550. 550. 549. 552. 552. 552.]]
##############################
[[179. 209. 227. 227. 237. 235. 228. 235. 237. 234. 230. 253. 281. 290.
  321. 325. 331. 342. 348. 360. 354. 364. 357. 351. 360. 358. 330. 329.
  340. 346. 337. 331. 336. 344. 343. 350. 351. 358. 350. 349.]
 [650. 650. 650. 650. 650. 650. 650. 650. 650. 650. 650. 650. 650. 649.
  648. 650. 650. 648. 649. 650. 650. 649. 649. 650. 649. 650. 598. 599.
  600. 600. 600. 600. 599. 599. 599. 600. 599. 600. 600. 600.]
 [446. 502. 509. 520. 511. 524. 519. 522. 523. 523. 480. 484. 494. 526.
  527. 547. 548. 569. 564. 571. 573. 579. 578. 583. 581. 584. 544. 544.
  545. 547. 546. 545. 546. 551. 544. 549. 547. 547. 548. 550.]
 [441. 479. 499. 503. 510. 504. 514. 512. 512. 511. 480. 496. 510. 518.
  528. 543. 545. 559. 561. 573. 559. 571. 578. 585. 588. 584. 541. 538.
  545. 544. 544. 547. 544. 549. 550. 550. 549. 552. 552. 552.]]
##############################
[[179. 209. 227. 227. 237. 235. 228. 235. 237. 234. 230. 253. 281. 290.
  321. 325. 331. 342. 348. 360. 354. 364. 357. 351. 360. 358. 358. 329.
  340. 346. 337. 331. 336. 344. 343. 350. 351. 358. 350. 349.]
 [650. 650. 650. 650. 650. 650. 650. 650. 650. 650. 650. 650. 650. 649.
  648. 650. 650. 648. 649. 650. 650. 649. 649. 650. 649. 650. 648. 599.
  600. 600. 600. 600. 599. 599. 599. 600. 599. 600. 600. 600.]
 [446. 502. 509. 520. 511. 524. 519. 522. 523. 523. 480. 484. 494. 526.
  527. 547. 548. 569. 564. 571. 573. 579. 578. 583. 581. 584. 590. 544.
  545. 547. 546. 545. 546. 551. 544. 549. 547. 547. 548. 550.]
 [441. 479. 499. 503. 510. 504. 514. 512. 512. 511. 480. 496. 510. 518.
  528. 543. 545. 559. 561. 573. 559. 571. 578. 585. 588. 584. 586. 538.
  545. 544. 544. 547. 544. 549. 550. 550. 549. 552. 552. 552.]]
##############################
[[179. 209. 227. 227. 237. 235. 228. 235. 237. 234. 230. 253. 281. 290.
  321. 325. 331. 342. 348. 360. 354. 364. 357. 351. 360. 358. 358. 358.
  340. 346. 337. 331. 336. 344. 343. 350. 351. 358. 350. 349.]
 [650. 650. 650. 650. 650. 650. 650. 650. 650. 650. 650. 650. 650. 649.
  648. 650. 650. 648. 649. 650. 650. 649. 649. 650. 649. 650. 648. 649.
  600. 600. 600. 600. 599. 599. 599. 600. 599. 600. 600. 600.]
 [446. 502. 509. 520. 511. 524. 519. 522. 523. 523. 480. 484. 494. 526.
  527. 547. 548. 569. 564. 571. 573. 579. 578. 583. 581. 584. 590. 590.
  545. 547. 546. 545. 546. 551. 544. 549. 547. 547. 548. 550.]
 [441. 479. 499. 503. 510. 504. 514. 512. 512. 511. 480. 496. 510. 518.
  528. 543. 545. 559. 561. 573. 559. 571. 578. 585. 588. 584. 586. 581.
  545. 544. 544. 547. 544. 549. 550. 550. 549. 552. 552. 552.]]
##############################
[[179. 209. 227. 227. 237. 235. 228. 235. 237. 234. 230. 253. 281. 290.
  321. 325. 331. 342. 348. 360. 354. 364. 357. 351. 360. 358. 358. 358.
  367. 346. 337. 331. 336. 344. 343. 350. 351. 358. 350. 349.]
 [650. 650. 650. 650. 650. 650. 650. 650. 650. 650. 650. 650. 650. 649.
  648. 650. 650. 648. 649. 650. 650. 649. 649. 650. 649. 650. 648. 649.
  650. 600. 600. 600. 599. 599. 599. 600. 599. 600. 600. 600.]
 [446. 502. 509. 520. 511. 524. 519. 522. 523. 523. 480. 484. 494. 526.
  527. 547. 548. 569. 564. 571. 573. 579. 578. 583. 581. 584. 590. 590.
  591. 547. 546. 545. 546. 551. 544. 549. 547. 547. 548. 550.]
 [441. 479. 499. 503. 510. 504. 514. 512. 512. 511. 480. 496. 510. 518.
  528. 543. 545. 559. 561. 573. 559. 571. 578. 585. 588. 584. 586. 581.
  589. 544. 544. 547. 544. 549. 550. 550. 549. 552. 552. 552.]]
##############################
[[179. 209. 227. 227. 237. 235. 228. 235. 237. 234. 230. 253. 281. 290.
  321. 325. 331. 342. 348. 360. 354. 364. 357. 351. 360. 358. 358. 358.
  367. 371. 337. 331. 336. 344. 343. 350. 351. 358. 350. 349.]
 [650. 650. 650. 650. 650. 650. 650. 650. 650. 650. 650. 650. 650. 649.
  648. 650. 650. 648. 649. 650. 650. 649. 649. 650. 649. 650. 648. 649.
  650. 650. 600. 600. 599. 599. 599. 600. 599. 600. 600. 600.]
 [446. 502. 509. 520. 511. 524. 519. 522. 523. 523. 480. 484. 494. 526.
  527. 547. 548. 569. 564. 571. 573. 579. 578. 583. 581. 584. 590. 590.
  591. 593. 546. 545. 546. 551. 544. 549. 547. 547. 548. 550.]
 [441. 479. 499. 503. 510. 504. 514. 512. 512. 511. 480. 496. 510. 518.
  528. 543. 545. 559. 561. 573. 559. 571. 578. 585. 588. 584. 586. 581.
  589. 588. 544. 547. 544. 549. 550. 550. 549. 552. 552. 552.]]
##############################
[[179. 209. 227. 227. 237. 235. 228. 235. 237. 234. 230. 253. 281. 290.
  321. 325. 331. 342. 348. 360. 354. 364. 357. 351. 360. 358. 358. 358.
  367. 371. 365. 331. 336. 344. 343. 350. 351. 358. 350. 349.]
 [650. 650. 650. 650. 650. 650. 650. 650. 650. 650. 650. 650. 650. 649.
  648. 650. 650. 648. 649. 650. 650. 649. 649. 650. 649. 650. 648. 649.
  650. 650. 650. 600. 599. 599. 599. 600. 599. 600. 600. 600.]
 [446. 502. 509. 520. 511. 524. 519. 522. 523. 523. 480. 484. 494. 526.
  527. 547. 548. 569. 564. 571. 573. 579. 578. 583. 581. 584. 590. 590.
  591. 593. 593. 545. 546. 551. 544. 549. 547. 547. 548. 550.]
 [441. 479. 499. 503. 510. 504. 514. 512. 512. 511. 480. 496. 510. 518.
  528. 543. 545. 559. 561. 573. 559. 571. 578. 585. 588. 584. 586. 581.
  589. 588. 591. 547. 544. 549. 550. 550. 549. 552. 552. 552.]]
##############################
[[179. 209. 227. 227. 237. 235. 228. 235. 237. 234. 230. 253. 281. 290.
  321. 325. 331. 342. 348. 360. 354. 364. 357. 351. 360. 358. 358. 358.
  367. 371. 365. 360. 336. 344. 343. 350. 351. 358. 350. 349.]
 [650. 650. 650. 650. 650. 650. 650. 650. 650. 650. 650. 650. 650. 649.
  648. 650. 650. 648. 649. 650. 650. 649. 649. 650. 649. 650. 648. 649.
  650. 650. 650. 650. 599. 599. 599. 600. 599. 600. 600. 600.]
 [446. 502. 509. 520. 511. 524. 519. 522. 523. 523. 480. 484. 494. 526.
  527. 547. 548. 569. 564. 571. 573. 579. 578. 583. 581. 584. 590. 590.
  591. 593. 593. 592. 546. 551. 544. 549. 547. 547. 548. 550.]
 [441. 479. 499. 503. 510. 504. 514. 512. 512. 511. 480. 496. 510. 518.
  528. 543. 545. 559. 561. 573. 559. 571. 578. 585. 588. 584. 586. 581.
  589. 588. 591. 594. 544. 549. 550. 550. 549. 552. 552. 552.]]
##############################
[[179. 209. 227. 227. 237. 235. 228. 235. 237. 234. 230. 253. 281. 290.
  321. 325. 331. 342. 348. 360. 354. 364. 357. 351. 360. 358. 358. 358.
  367. 371. 365. 360. 365. 344. 343. 350. 351. 358. 350. 349.]
 [650. 650. 650. 650. 650. 650. 650. 650. 650. 650. 650. 650. 650. 649.
  648. 650. 650. 648. 649. 650. 650. 649. 649. 650. 649. 650. 648. 649.
  650. 650. 650. 650. 649. 599. 599. 600. 599. 600. 600. 600.]
 [446. 502. 509. 520. 511. 524. 519. 522. 523. 523. 480. 484. 494. 526.
  527. 547. 548. 569. 564. 571. 573. 579. 578. 583. 581. 584. 590. 590.
  591. 593. 593. 592. 593. 551. 544. 549. 547. 547. 548. 550.]
 [441. 479. 499. 503. 510. 504. 514. 512. 512. 511. 480. 496. 510. 518.
  528. 543. 545. 559. 561. 573. 559. 571. 578. 585. 588. 584. 586. 581.
  589. 588. 591. 594. 590. 549. 550. 550. 549. 552. 552. 552.]]
##############################
[[179. 209. 227. 227. 237. 235. 228. 235. 237. 234. 230. 253. 281. 290.
  321. 325. 331. 342. 348. 360. 354. 364. 357. 351. 360. 358. 358. 358.
  367. 371. 365. 360. 365. 372. 343. 350. 351. 358. 350. 349.]
 [650. 650. 650. 650. 650. 650. 650. 650. 650. 650. 650. 650. 650. 649.
  648. 650. 650. 648. 649. 650. 650. 649. 649. 650. 649. 650. 648. 649.
  650. 650. 650. 650. 649. 649. 599. 600. 599. 600. 600. 600.]
 [446. 502. 509. 520. 511. 524. 519. 522. 523. 523. 480. 484. 494. 526.
  527. 547. 548. 569. 564. 571. 573. 579. 578. 583. 581. 584. 590. 590.
  591. 593. 593. 592. 593. 598. 544. 549. 547. 547. 548. 550.]
 [441. 479. 499. 503. 510. 504. 514. 512. 512. 511. 480. 496. 510. 518.
  528. 543. 545. 559. 561. 573. 559. 571. 578. 585. 588. 584. 586. 581.
  589. 588. 591. 594. 590. 596. 550. 550. 549. 552. 552. 552.]]
##############################
[[179. 209. 227. 227. 237. 235. 228. 235. 237. 234. 230. 253. 281. 290.
  321. 325. 331. 342. 348. 360. 354. 364. 357. 351. 360. 358. 358. 358.
  367. 371. 365. 360. 365. 372. 373. 350. 351. 358. 350. 349.]
 [650. 650. 650. 650. 650. 650. 650. 650. 650. 650. 650. 650. 650. 649.
  648. 650. 650. 648. 649. 650. 650. 649. 649. 650. 649. 650. 648. 649.
  650. 650. 650. 650. 649. 649. 649. 600. 599. 600. 600. 600.]
 [446. 502. 509. 520. 511. 524. 519. 522. 523. 523. 480. 484. 494. 526.
  527. 547. 548. 569. 564. 571. 573. 579. 578. 583. 581. 584. 590. 590.
  591. 593. 593. 592. 593. 598. 591. 549. 547. 547. 548. 550.]
 [441. 479. 499. 503. 510. 504. 514. 512. 512. 511. 480. 496. 510. 518.
  528. 543. 545. 559. 561. 573. 559. 571. 578. 585. 588. 584. 586. 581.
  589. 588. 591. 594. 590. 596. 596. 550. 549. 552. 552. 552.]]
##############################
[[179. 209. 227. 227. 237. 235. 228. 235. 237. 234. 230. 253. 281. 290.
  321. 325. 331. 342. 348. 360. 354. 364. 357. 351. 360. 358. 358. 358.
  367. 371. 365. 360. 365. 372. 373. 380. 351. 358. 350. 349.]
 [650. 650. 650. 650. 650. 650. 650. 650. 650. 650. 650. 650. 650. 649.
  648. 650. 650. 648. 649. 650. 650. 649. 649. 650. 649. 650. 648. 649.
  650. 650. 650. 650. 649. 649. 649. 650. 599. 600. 600. 600.]
 [446. 502. 509. 520. 511. 524. 519. 522. 523. 523. 480. 484. 494. 526.
  527. 547. 548. 569. 564. 571. 573. 579. 578. 583. 581. 584. 590. 590.
  591. 593. 593. 592. 593. 598. 591. 596. 547. 547. 548. 550.]
 [441. 479. 499. 503. 510. 504. 514. 512. 512. 511. 480. 496. 510. 518.
  528. 543. 545. 559. 561. 573. 559. 571. 578. 585. 588. 584. 586. 581.
  589. 588. 591. 594. 590. 596. 596. 596. 549. 552. 552. 552.]]
##############################
[[179. 209. 227. 227. 237. 235. 228. 235. 237. 234. 230. 253. 281. 290.
  321. 325. 331. 342. 348. 360. 354. 364. 357. 351. 360. 358. 358. 358.
  367. 371. 365. 360. 365. 372. 373. 380. 381. 358. 350. 349.]
 [650. 650. 650. 650. 650. 650. 650. 650. 650. 650. 650. 650. 650. 649.
  648. 650. 650. 648. 649. 650. 650. 649. 649. 650. 649. 650. 648. 649.
  650. 650. 650. 650. 649. 649. 649. 650. 649. 600. 600. 600.]
 [446. 502. 509. 520. 511. 524. 519. 522. 523. 523. 480. 484. 494. 526.
  527. 547. 548. 569. 564. 571. 573. 579. 578. 583. 581. 584. 590. 590.
  591. 593. 593. 592. 593. 598. 591. 596. 595. 547. 548. 550.]
 [441. 479. 499. 503. 510. 504. 514. 512. 512. 511. 480. 496. 510. 518.
  528. 543. 545. 559. 561. 573. 559. 571. 578. 585. 588. 584. 586. 581.
  589. 588. 591. 594. 590. 596. 596. 596. 595. 552. 552. 552.]]
##############################
[[179. 209. 227. 227. 237. 235. 228. 235. 237. 234. 230. 253. 281. 290.
  321. 325. 331. 342. 348. 360. 354. 364. 357. 351. 360. 358. 358. 358.
  367. 371. 365. 360. 365. 372. 373. 380. 381. 388. 350. 349.]
 [650. 650. 650. 650. 650. 650. 650. 650. 650. 650. 650. 650. 650. 649.
  648. 650. 650. 648. 649. 650. 650. 649. 649. 650. 649. 650. 648. 649.
  650. 650. 650. 650. 649. 649. 649. 650. 649. 650. 600. 600.]
 [446. 502. 509. 520. 511. 524. 519. 522. 523. 523. 480. 484. 494. 526.
  527. 547. 548. 569. 564. 571. 573. 579. 578. 583. 581. 584. 590. 590.
  591. 593. 593. 592. 593. 598. 591. 596. 595. 595. 548. 550.]
 [441. 479. 499. 503. 510. 504. 514. 512. 512. 511. 480. 496. 510. 518.
  528. 543. 545. 559. 561. 573. 559. 571. 578. 585. 588. 584. 586. 581.
  589. 588. 591. 594. 590. 596. 596. 596. 595. 599. 552. 552.]]
##############################
[[179. 209. 227. 227. 237. 235. 228. 235. 237. 234. 230. 253. 281. 290.
  321. 325. 331. 342. 348. 360. 354. 364. 357. 351. 360. 358. 358. 358.
  367. 371. 365. 360. 365. 372. 373. 380. 381. 388. 379. 349.]
 [650. 650. 650. 650. 650. 650. 650. 650. 650. 650. 650. 650. 650. 649.
  648. 650. 650. 648. 649. 650. 650. 649. 649. 650. 649. 650. 648. 649.
  650. 650. 650. 650. 649. 649. 649. 650. 649. 650. 650. 600.]
 [446. 502. 509. 520. 511. 524. 519. 522. 523. 523. 480. 484. 494. 526.
  527. 547. 548. 569. 564. 571. 573. 579. 578. 583. 581. 584. 590. 590.
  591. 593. 593. 592. 593. 598. 591. 596. 595. 595. 595. 550.]
 [441. 479. 499. 503. 510. 504. 514. 512. 512. 511. 480. 496. 510. 518.
  528. 543. 545. 559. 561. 573. 559. 571. 578. 585. 588. 584. 586. 581.
  589. 588. 591. 594. 590. 596. 596. 596. 595. 599. 596. 552.]]
##############################
[[179. 209. 227. 227. 237. 235. 228. 235. 237. 234. 230. 253. 281. 290.
  321. 325. 331. 342. 348. 360. 354. 364. 357. 351. 360. 358. 358. 358.
  367. 371. 365. 360. 365. 372. 373. 380. 381. 388. 379. 379.]
 [650. 650. 650. 650. 650. 650. 650. 650. 650. 650. 650. 650. 650. 649.
  648. 650. 650. 648. 649. 650. 650. 649. 649. 650. 649. 650. 648. 649.
  650. 650. 650. 650. 649. 649. 649. 650. 649. 650. 650. 650.]
 [446. 502. 509. 520. 511. 524. 519. 522. 523. 523. 480. 484. 494. 526.
  527. 547. 548. 569. 564. 571. 573. 579. 578. 583. 581. 584. 590. 590.
  591. 593. 593. 592. 593. 598. 591. 596. 595. 595. 595. 597.]
 [441. 479. 499. 503. 510. 504. 514. 512. 512. 511. 480. 496. 510. 518.
  528. 543. 545. 559. 561. 573. 559. 571. 578. 585. 588. 584. 586. 581.
  589. 588. 591. 594. 590. 596. 596. 596. 595. 599. 596. 599.]]
##############################
##################################################
##################################################
starting :14 batch
[[190. 209. 227. 227. 237. 235. 228. 235. 237. 234. 230. 253. 281. 290.
  321. 325. 331. 342. 348. 360. 354. 364. 357. 351. 360. 358. 358. 358.
  367. 371. 365. 360. 365. 372. 373. 380. 381. 388. 379. 379.]
 [700. 650. 650. 650. 650. 650. 650. 650. 650. 650. 650. 650. 650. 649.
  648. 650. 650. 648. 649. 650. 650. 649. 649. 650. 649. 650. 648. 649.
  650. 650. 650. 650. 649. 649. 649. 650. 649. 650. 650. 650.]
 [477. 502. 509. 520. 511. 524. 519. 522. 523. 523. 480. 484. 494. 526.
  527. 547. 548. 569. 564. 571. 573. 579. 578. 583. 581. 584. 590. 590.
  591. 593. 593. 592. 593. 598. 591. 596. 595. 595. 595. 597.]
 [476. 479. 499. 503. 510. 504. 514. 512. 512. 511. 480. 496. 510. 518.
  528. 543. 545. 559. 561. 573. 559. 571. 578. 585. 588. 584. 586. 581.
  589. 588. 591. 594. 590. 596. 596. 596. 595. 599. 596. 599.]]
##############################
[[190. 223. 227. 227. 237. 235. 228. 235. 237. 234. 230. 253. 281. 290.
  321. 325. 331. 342. 348. 360. 354. 364. 357. 351. 360. 358. 358. 358.
  367. 371. 365. 360. 365. 372. 373. 380. 381. 388. 379. 379.]
 [700. 700. 650. 650. 650. 650. 650. 650. 650. 650. 650. 650. 650. 649.
  648. 650. 650. 648. 649. 650. 650. 649. 649. 650. 649. 650. 648. 649.
  650. 650. 650. 650. 649. 649. 649. 650. 649. 650. 650. 650.]
 [477. 536. 509. 520. 511. 524. 519. 522. 523. 523. 480. 484. 494. 526.
  527. 547. 548. 569. 564. 571. 573. 579. 578. 583. 581. 584. 590. 590.
  591. 593. 593. 592. 593. 598. 591. 596. 595. 595. 595. 597.]
 [476. 515. 499. 503. 510. 504. 514. 512. 512. 511. 480. 496. 510. 518.
  528. 543. 545. 559. 561. 573. 559. 571. 578. 585. 588. 584. 586. 581.
  589. 588. 591. 594. 590. 596. 596. 596. 595. 599. 596. 599.]]
##############################
[[190. 223. 243. 227. 237. 235. 228. 235. 237. 234. 230. 253. 281. 290.
  321. 325. 331. 342. 348. 360. 354. 364. 357. 351. 360. 358. 358. 358.
  367. 371. 365. 360. 365. 372. 373. 380. 381. 388. 379. 379.]
 [700. 700. 700. 650. 650. 650. 650. 650. 650. 650. 650. 650. 650. 649.
  648. 650. 650. 648. 649. 650. 650. 649. 649. 650. 649. 650. 648. 649.
  650. 650. 650. 650. 649. 649. 649. 650. 649. 650. 650. 650.]
 [477. 536. 542. 520. 511. 524. 519. 522. 523. 523. 480. 484. 494. 526.
  527. 547. 548. 569. 564. 571. 573. 579. 578. 583. 581. 584. 590. 590.
  591. 593. 593. 592. 593. 598. 591. 596. 595. 595. 595. 597.]
 [476. 515. 534. 503. 510. 504. 514. 512. 512. 511. 480. 496. 510. 518.
  528. 543. 545. 559. 561. 573. 559. 571. 578. 585. 588. 584. 586. 581.
  589. 588. 591. 594. 590. 596. 596. 596. 595. 599. 596. 599.]]
##############################
[[190. 223. 243. 243. 237. 235. 228. 235. 237. 234. 230. 253. 281. 290.
  321. 325. 331. 342. 348. 360. 354. 364. 357. 351. 360. 358. 358. 358.
  367. 371. 365. 360. 365. 372. 373. 380. 381. 388. 379. 379.]
 [700. 700. 700. 700. 650. 650. 650. 650. 650. 650. 650. 650. 650. 649.
  648. 650. 650. 648. 649. 650. 650. 649. 649. 650. 649. 650. 648. 649.
  650. 650. 650. 650. 649. 649. 649. 650. 649. 650. 650. 650.]
 [477. 536. 542. 552. 511. 524. 519. 522. 523. 523. 480. 484. 494. 526.
  527. 547. 548. 569. 564. 571. 573. 579. 578. 583. 581. 584. 590. 590.
  591. 593. 593. 592. 593. 598. 591. 596. 595. 595. 595. 597.]
 [476. 515. 534. 539. 510. 504. 514. 512. 512. 511. 480. 496. 510. 518.
  528. 543. 545. 559. 561. 573. 559. 571. 578. 585. 588. 584. 586. 581.
  589. 588. 591. 594. 590. 596. 596. 596. 595. 599. 596. 599.]]
##############################
[[190. 223. 243. 243. 252. 235. 228. 235. 237. 234. 230. 253. 281. 290.
  321. 325. 331. 342. 348. 360. 354. 364. 357. 351. 360. 358. 358. 358.
  367. 371. 365. 360. 365. 372. 373. 380. 381. 388. 379. 379.]
 [700. 700. 700. 700. 700. 650. 650. 650. 650. 650. 650. 650. 650. 649.
  648. 650. 650. 648. 649. 650. 650. 649. 649. 650. 649. 650. 648. 649.
  650. 650. 650. 650. 649. 649. 649. 650. 649. 650. 650. 650.]
 [477. 536. 542. 552. 548. 524. 519. 522. 523. 523. 480. 484. 494. 526.
  527. 547. 548. 569. 564. 571. 573. 579. 578. 583. 581. 584. 590. 590.
  591. 593. 593. 592. 593. 598. 591. 596. 595. 595. 595. 597.]
 [476. 515. 534. 539. 546. 504. 514. 512. 512. 511. 480. 496. 510. 518.
  528. 543. 545. 559. 561. 573. 559. 571. 578. 585. 588. 584. 586. 581.
  589. 588. 591. 594. 590. 596. 596. 596. 595. 599. 596. 599.]]
##############################
[[190. 223. 243. 243. 252. 250. 228. 235. 237. 234. 230. 253. 281. 290.
  321. 325. 331. 342. 348. 360. 354. 364. 357. 351. 360. 358. 358. 358.
  367. 371. 365. 360. 365. 372. 373. 380. 381. 388. 379. 379.]
 [700. 700. 700. 700. 700. 700. 650. 650. 650. 650. 650. 650. 650. 649.
  648. 650. 650. 648. 649. 650. 650. 649. 649. 650. 649. 650. 648. 649.
  650. 650. 650. 650. 649. 649. 649. 650. 649. 650. 650. 650.]
 [477. 536. 542. 552. 548. 560. 519. 522. 523. 523. 480. 484. 494. 526.
  527. 547. 548. 569. 564. 571. 573. 579. 578. 583. 581. 584. 590. 590.
  591. 593. 593. 592. 593. 598. 591. 596. 595. 595. 595. 597.]
 [476. 515. 534. 539. 546. 540. 514. 512. 512. 511. 480. 496. 510. 518.
  528. 543. 545. 559. 561. 573. 559. 571. 578. 585. 588. 584. 586. 581.
  589. 588. 591. 594. 590. 596. 596. 596. 595. 599. 596. 599.]]
##############################
[[190. 223. 243. 243. 252. 250. 244. 235. 237. 234. 230. 253. 281. 290.
  321. 325. 331. 342. 348. 360. 354. 364. 357. 351. 360. 358. 358. 358.
  367. 371. 365. 360. 365. 372. 373. 380. 381. 388. 379. 379.]
 [700. 700. 700. 700. 700. 700. 700. 650. 650. 650. 650. 650. 650. 649.
  648. 650. 650. 648. 649. 650. 650. 649. 649. 650. 649. 650. 648. 649.
  650. 650. 650. 650. 649. 649. 649. 650. 649. 650. 650. 650.]
 [477. 536. 542. 552. 548. 560. 553. 522. 523. 523. 480. 484. 494. 526.
  527. 547. 548. 569. 564. 571. 573. 579. 578. 583. 581. 584. 590. 590.
  591. 593. 593. 592. 593. 598. 591. 596. 595. 595. 595. 597.]
 [476. 515. 534. 539. 546. 540. 551. 512. 512. 511. 480. 496. 510. 518.
  528. 543. 545. 559. 561. 573. 559. 571. 578. 585. 588. 584. 586. 581.
  589. 588. 591. 594. 590. 596. 596. 596. 595. 599. 596. 599.]]
##############################
[[190. 223. 243. 243. 252. 250. 244. 252. 237. 234. 230. 253. 281. 290.
  321. 325. 331. 342. 348. 360. 354. 364. 357. 351. 360. 358. 358. 358.
  367. 371. 365. 360. 365. 372. 373. 380. 381. 388. 379. 379.]
 [700. 700. 700. 700. 700. 700. 700. 700. 650. 650. 650. 650. 650. 649.
  648. 650. 650. 648. 649. 650. 650. 649. 649. 650. 649. 650. 648. 649.
  650. 650. 650. 650. 649. 649. 649. 650. 649. 650. 650. 650.]
 [477. 536. 542. 552. 548. 560. 553. 556. 523. 523. 480. 484. 494. 526.
  527. 547. 548. 569. 564. 571. 573. 579. 578. 583. 581. 584. 590. 590.
  591. 593. 593. 592. 593. 598. 591. 596. 595. 595. 595. 597.]
 [476. 515. 534. 539. 546. 540. 551. 548. 512. 511. 480. 496. 510. 518.
  528. 543. 545. 559. 561. 573. 559. 571. 578. 585. 588. 584. 586. 581.
  589. 588. 591. 594. 590. 596. 596. 596. 595. 599. 596. 599.]]
##############################
[[190. 223. 243. 243. 252. 250. 244. 252. 254. 234. 230. 253. 281. 290.
  321. 325. 331. 342. 348. 360. 354. 364. 357. 351. 360. 358. 358. 358.
  367. 371. 365. 360. 365. 372. 373. 380. 381. 388. 379. 379.]
 [700. 700. 700. 700. 700. 700. 700. 700. 700. 650. 650. 650. 650. 649.
  648. 650. 650. 648. 649. 650. 650. 649. 649. 650. 649. 650. 648. 649.
  650. 650. 650. 650. 649. 649. 649. 650. 649. 650. 650. 650.]
 [477. 536. 542. 552. 548. 560. 553. 556. 556. 523. 480. 484. 494. 526.
  527. 547. 548. 569. 564. 571. 573. 579. 578. 583. 581. 584. 590. 590.
  591. 593. 593. 592. 593. 598. 591. 596. 595. 595. 595. 597.]
 [476. 515. 534. 539. 546. 540. 551. 548. 549. 511. 480. 496. 510. 518.
  528. 543. 545. 559. 561. 573. 559. 571. 578. 585. 588. 584. 586. 581.
  589. 588. 591. 594. 590. 596. 596. 596. 595. 599. 596. 599.]]
##############################
[[190. 223. 243. 243. 252. 250. 244. 252. 254. 250. 230. 253. 281. 290.
  321. 325. 331. 342. 348. 360. 354. 364. 357. 351. 360. 358. 358. 358.
  367. 371. 365. 360. 365. 372. 373. 380. 381. 388. 379. 379.]
 [700. 700. 700. 700. 700. 700. 700. 700. 700. 700. 650. 650. 650. 649.
  648. 650. 650. 648. 649. 650. 650. 649. 649. 650. 649. 650. 648. 649.
  650. 650. 650. 650. 649. 649. 649. 650. 649. 650. 650. 650.]
 [477. 536. 542. 552. 548. 560. 553. 556. 556. 560. 480. 484. 494. 526.
  527. 547. 548. 569. 564. 571. 573. 579. 578. 583. 581. 584. 590. 590.
  591. 593. 593. 592. 593. 598. 591. 596. 595. 595. 595. 597.]
 [476. 515. 534. 539. 546. 540. 551. 548. 549. 545. 480. 496. 510. 518.
  528. 543. 545. 559. 561. 573. 559. 571. 578. 585. 588. 584. 586. 581.
  589. 588. 591. 594. 590. 596. 596. 596. 595. 599. 596. 599.]]
##############################
[[190. 223. 243. 243. 252. 250. 244. 252. 254. 250. 249. 253. 281. 290.
  321. 325. 331. 342. 348. 360. 354. 364. 357. 351. 360. 358. 358. 358.
  367. 371. 365. 360. 365. 372. 373. 380. 381. 388. 379. 379.]
 [700. 700. 700. 700. 700. 700. 700. 700. 700. 700. 700. 650. 650. 649.
  648. 650. 650. 648. 649. 650. 650. 649. 649. 650. 649. 650. 648. 649.
  650. 650. 650. 650. 649. 649. 649. 650. 649. 650. 650. 650.]
 [477. 536. 542. 552. 548. 560. 553. 556. 556. 560. 512. 484. 494. 526.
  527. 547. 548. 569. 564. 571. 573. 579. 578. 583. 581. 584. 590. 590.
  591. 593. 593. 592. 593. 598. 591. 596. 595. 595. 595. 597.]
 [476. 515. 534. 539. 546. 540. 551. 548. 549. 545. 514. 496. 510. 518.
  528. 543. 545. 559. 561. 573. 559. 571. 578. 585. 588. 584. 586. 581.
  589. 588. 591. 594. 590. 596. 596. 596. 595. 599. 596. 599.]]
##############################
[[190. 223. 243. 243. 252. 250. 244. 252. 254. 250. 249. 274. 281. 290.
  321. 325. 331. 342. 348. 360. 354. 364. 357. 351. 360. 358. 358. 358.
  367. 371. 365. 360. 365. 372. 373. 380. 381. 388. 379. 379.]
 [700. 700. 700. 700. 700. 700. 700. 700. 700. 700. 700. 700. 650. 649.
  648. 650. 650. 648. 649. 650. 650. 649. 649. 650. 649. 650. 648. 649.
  650. 650. 650. 650. 649. 649. 649. 650. 649. 650. 650. 650.]
 [477. 536. 542. 552. 548. 560. 553. 556. 556. 560. 512. 517. 494. 526.
  527. 547. 548. 569. 564. 571. 573. 579. 578. 583. 581. 584. 590. 590.
  591. 593. 593. 592. 593. 598. 591. 596. 595. 595. 595. 597.]
 [476. 515. 534. 539. 546. 540. 551. 548. 549. 545. 514. 532. 510. 518.
  528. 543. 545. 559. 561. 573. 559. 571. 578. 585. 588. 584. 586. 581.
  589. 588. 591. 594. 590. 596. 596. 596. 595. 599. 596. 599.]]
##############################
[[190. 223. 243. 243. 252. 250. 244. 252. 254. 250. 249. 274. 301. 290.
  321. 325. 331. 342. 348. 360. 354. 364. 357. 351. 360. 358. 358. 358.
  367. 371. 365. 360. 365. 372. 373. 380. 381. 388. 379. 379.]
 [700. 700. 700. 700. 700. 700. 700. 700. 700. 700. 700. 700. 700. 649.
  648. 650. 650. 648. 649. 650. 650. 649. 649. 650. 649. 650. 648. 649.
  650. 650. 650. 650. 649. 649. 649. 650. 649. 650. 650. 650.]
 [477. 536. 542. 552. 548. 560. 553. 556. 556. 560. 512. 517. 532. 526.
  527. 547. 548. 569. 564. 571. 573. 579. 578. 583. 581. 584. 590. 590.
  591. 593. 593. 592. 593. 598. 591. 596. 595. 595. 595. 597.]
 [476. 515. 534. 539. 546. 540. 551. 548. 549. 545. 514. 532. 552. 518.
  528. 543. 545. 559. 561. 573. 559. 571. 578. 585. 588. 584. 586. 581.
  589. 588. 591. 594. 590. 596. 596. 596. 595. 599. 596. 599.]]
##############################
[[190. 223. 243. 243. 252. 250. 244. 252. 254. 250. 249. 274. 301. 313.
  321. 325. 331. 342. 348. 360. 354. 364. 357. 351. 360. 358. 358. 358.
  367. 371. 365. 360. 365. 372. 373. 380. 381. 388. 379. 379.]
 [700. 700. 700. 700. 700. 700. 700. 700. 700. 700. 700. 700. 700. 699.
  648. 650. 650. 648. 649. 650. 650. 649. 649. 650. 649. 650. 648. 649.
  650. 650. 650. 650. 649. 649. 649. 650. 649. 650. 650. 650.]
 [477. 536. 542. 552. 548. 560. 553. 556. 556. 560. 512. 517. 532. 566.
  527. 547. 548. 569. 564. 571. 573. 579. 578. 583. 581. 584. 590. 590.
  591. 593. 593. 592. 593. 598. 591. 596. 595. 595. 595. 597.]
 [476. 515. 534. 539. 546. 540. 551. 548. 549. 545. 514. 532. 552. 559.
  528. 543. 545. 559. 561. 573. 559. 571. 578. 585. 588. 584. 586. 581.
  589. 588. 591. 594. 590. 596. 596. 596. 595. 599. 596. 599.]]
##############################
[[190. 223. 243. 243. 252. 250. 244. 252. 254. 250. 249. 274. 301. 313.
  348. 325. 331. 342. 348. 360. 354. 364. 357. 351. 360. 358. 358. 358.
  367. 371. 365. 360. 365. 372. 373. 380. 381. 388. 379. 379.]
 [700. 700. 700. 700. 700. 700. 700. 700. 700. 700. 700. 700. 700. 699.
  698. 650. 650. 648. 649. 650. 650. 649. 649. 650. 649. 650. 648. 649.
  650. 650. 650. 650. 649. 649. 649. 650. 649. 650. 650. 650.]
 [477. 536. 542. 552. 548. 560. 553. 556. 556. 560. 512. 517. 532. 566.
  568. 547. 548. 569. 564. 571. 573. 579. 578. 583. 581. 584. 590. 590.
  591. 593. 593. 592. 593. 598. 591. 596. 595. 595. 595. 597.]
 [476. 515. 534. 539. 546. 540. 551. 548. 549. 545. 514. 532. 552. 559.
  570. 543. 545. 559. 561. 573. 559. 571. 578. 585. 588. 584. 586. 581.
  589. 588. 591. 594. 590. 596. 596. 596. 595. 599. 596. 599.]]
##############################
[[190. 223. 243. 243. 252. 250. 244. 252. 254. 250. 249. 274. 301. 313.
  348. 352. 331. 342. 348. 360. 354. 364. 357. 351. 360. 358. 358. 358.
  367. 371. 365. 360. 365. 372. 373. 380. 381. 388. 379. 379.]
 [700. 700. 700. 700. 700. 700. 700. 700. 700. 700. 700. 700. 700. 699.
  698. 700. 650. 648. 649. 650. 650. 649. 649. 650. 649. 650. 648. 649.
  650. 650. 650. 650. 649. 649. 649. 650. 649. 650. 650. 650.]
 [477. 536. 542. 552. 548. 560. 553. 556. 556. 560. 512. 517. 532. 566.
  568. 590. 548. 569. 564. 571. 573. 579. 578. 583. 581. 584. 590. 590.
  591. 593. 593. 592. 593. 598. 591. 596. 595. 595. 595. 597.]
 [476. 515. 534. 539. 546. 540. 551. 548. 549. 545. 514. 532. 552. 559.
  570. 586. 545. 559. 561. 573. 559. 571. 578. 585. 588. 584. 586. 581.
  589. 588. 591. 594. 590. 596. 596. 596. 595. 599. 596. 599.]]
##############################
[[190. 223. 243. 243. 252. 250. 244. 252. 254. 250. 249. 274. 301. 313.
  348. 352. 357. 342. 348. 360. 354. 364. 357. 351. 360. 358. 358. 358.
  367. 371. 365. 360. 365. 372. 373. 380. 381. 388. 379. 379.]
 [700. 700. 700. 700. 700. 700. 700. 700. 700. 700. 700. 700. 700. 699.
  698. 700. 700. 648. 649. 650. 650. 649. 649. 650. 649. 650. 648. 649.
  650. 650. 650. 650. 649. 649. 649. 650. 649. 650. 650. 650.]
 [477. 536. 542. 552. 548. 560. 553. 556. 556. 560. 512. 517. 532. 566.
  568. 590. 593. 569. 564. 571. 573. 579. 578. 583. 581. 584. 590. 590.
  591. 593. 593. 592. 593. 598. 591. 596. 595. 595. 595. 597.]
 [476. 515. 534. 539. 546. 540. 551. 548. 549. 545. 514. 532. 552. 559.
  570. 586. 590. 559. 561. 573. 559. 571. 578. 585. 588. 584. 586. 581.
  589. 588. 591. 594. 590. 596. 596. 596. 595. 599. 596. 599.]]
##############################
[[190. 223. 243. 243. 252. 250. 244. 252. 254. 250. 249. 274. 301. 313.
  348. 352. 357. 371. 348. 360. 354. 364. 357. 351. 360. 358. 358. 358.
  367. 371. 365. 360. 365. 372. 373. 380. 381. 388. 379. 379.]
 [700. 700. 700. 700. 700. 700. 700. 700. 700. 700. 700. 700. 700. 699.
  698. 700. 700. 698. 649. 650. 650. 649. 649. 650. 649. 650. 648. 649.
  650. 650. 650. 650. 649. 649. 649. 650. 649. 650. 650. 650.]
 [477. 536. 542. 552. 548. 560. 553. 556. 556. 560. 512. 517. 532. 566.
  568. 590. 593. 613. 564. 571. 573. 579. 578. 583. 581. 584. 590. 590.
  591. 593. 593. 592. 593. 598. 591. 596. 595. 595. 595. 597.]
 [476. 515. 534. 539. 546. 540. 551. 548. 549. 545. 514. 532. 552. 559.
  570. 586. 590. 604. 561. 573. 559. 571. 578. 585. 588. 584. 586. 581.
  589. 588. 591. 594. 590. 596. 596. 596. 595. 599. 596. 599.]]
##############################
[[190. 223. 243. 243. 252. 250. 244. 252. 254. 250. 249. 274. 301. 313.
  348. 352. 357. 371. 379. 360. 354. 364. 357. 351. 360. 358. 358. 358.
  367. 371. 365. 360. 365. 372. 373. 380. 381. 388. 379. 379.]
 [700. 700. 700. 700. 700. 700. 700. 700. 700. 700. 700. 700. 700. 699.
  698. 700. 700. 698. 699. 650. 650. 649. 649. 650. 649. 650. 648. 649.
  650. 650. 650. 650. 649. 649. 649. 650. 649. 650. 650. 650.]
 [477. 536. 542. 552. 548. 560. 553. 556. 556. 560. 512. 517. 532. 566.
  568. 590. 593. 613. 608. 571. 573. 579. 578. 583. 581. 584. 590. 590.
  591. 593. 593. 592. 593. 598. 591. 596. 595. 595. 595. 597.]
 [476. 515. 534. 539. 546. 540. 551. 548. 549. 545. 514. 532. 552. 559.
  570. 586. 590. 604. 607. 573. 559. 571. 578. 585. 588. 584. 586. 581.
  589. 588. 591. 594. 590. 596. 596. 596. 595. 599. 596. 599.]]
##############################
[[190. 223. 243. 243. 252. 250. 244. 252. 254. 250. 249. 274. 301. 313.
  348. 352. 357. 371. 379. 390. 354. 364. 357. 351. 360. 358. 358. 358.
  367. 371. 365. 360. 365. 372. 373. 380. 381. 388. 379. 379.]
 [700. 700. 700. 700. 700. 700. 700. 700. 700. 700. 700. 700. 700. 699.
  698. 700. 700. 698. 699. 700. 650. 649. 649. 650. 649. 650. 648. 649.
  650. 650. 650. 650. 649. 649. 649. 650. 649. 650. 650. 650.]
 [477. 536. 542. 552. 548. 560. 553. 556. 556. 560. 512. 517. 532. 566.
  568. 590. 593. 613. 608. 616. 573. 579. 578. 583. 581. 584. 590. 590.
  591. 593. 593. 592. 593. 598. 591. 596. 595. 595. 595. 597.]
 [476. 515. 534. 539. 546. 540. 551. 548. 549. 545. 514. 532. 552. 559.
  570. 586. 590. 604. 607. 619. 559. 571. 578. 585. 588. 584. 586. 581.
  589. 588. 591. 594. 590. 596. 596. 596. 595. 599. 596. 599.]]
##############################
[[190. 223. 243. 243. 252. 250. 244. 252. 254. 250. 249. 274. 301. 313.
  348. 352. 357. 371. 379. 390. 382. 364. 357. 351. 360. 358. 358. 358.
  367. 371. 365. 360. 365. 372. 373. 380. 381. 388. 379. 379.]
 [700. 700. 700. 700. 700. 700. 700. 700. 700. 700. 700. 700. 700. 699.
  698. 700. 700. 698. 699. 700. 700. 649. 649. 650. 649. 650. 648. 649.
  650. 650. 650. 650. 649. 649. 649. 650. 649. 650. 650. 650.]
 [477. 536. 542. 552. 548. 560. 553. 556. 556. 560. 512. 517. 532. 566.
  568. 590. 593. 613. 608. 616. 619. 579. 578. 583. 581. 584. 590. 590.
  591. 593. 593. 592. 593. 598. 591. 596. 595. 595. 595. 597.]
 [476. 515. 534. 539. 546. 540. 551. 548. 549. 545. 514. 532. 552. 559.
  570. 586. 590. 604. 607. 619. 605. 571. 578. 585. 588. 584. 586. 581.
  589. 588. 591. 594. 590. 596. 596. 596. 595. 599. 596. 599.]]
##############################
[[190. 223. 243. 243. 252. 250. 244. 252. 254. 250. 249. 274. 301. 313.
  348. 352. 357. 371. 379. 390. 382. 393. 357. 351. 360. 358. 358. 358.
  367. 371. 365. 360. 365. 372. 373. 380. 381. 388. 379. 379.]
 [700. 700. 700. 700. 700. 700. 700. 700. 700. 700. 700. 700. 700. 699.
  698. 700. 700. 698. 699. 700. 700. 699. 649. 650. 649. 650. 648. 649.
  650. 650. 650. 650. 649. 649. 649. 650. 649. 650. 650. 650.]
 [477. 536. 542. 552. 548. 560. 553. 556. 556. 560. 512. 517. 532. 566.
  568. 590. 593. 613. 608. 616. 619. 626. 578. 583. 581. 584. 590. 590.
  591. 593. 593. 592. 593. 598. 591. 596. 595. 595. 595. 597.]
 [476. 515. 534. 539. 546. 540. 551. 548. 549. 545. 514. 532. 552. 559.
  570. 586. 590. 604. 607. 619. 605. 616. 578. 585. 588. 584. 586. 581.
  589. 588. 591. 594. 590. 596. 596. 596. 595. 599. 596. 599.]]
##############################
[[190. 223. 243. 243. 252. 250. 244. 252. 254. 250. 249. 274. 301. 313.
  348. 352. 357. 371. 379. 390. 382. 393. 388. 351. 360. 358. 358. 358.
  367. 371. 365. 360. 365. 372. 373. 380. 381. 388. 379. 379.]
 [700. 700. 700. 700. 700. 700. 700. 700. 700. 700. 700. 700. 700. 699.
  698. 700. 700. 698. 699. 700. 700. 699. 699. 650. 649. 650. 648. 649.
  650. 650. 650. 650. 649. 649. 649. 650. 649. 650. 650. 650.]
 [477. 536. 542. 552. 548. 560. 553. 556. 556. 560. 512. 517. 532. 566.
  568. 590. 593. 613. 608. 616. 619. 626. 624. 583. 581. 584. 590. 590.
  591. 593. 593. 592. 593. 598. 591. 596. 595. 595. 595. 597.]
 [476. 515. 534. 539. 546. 540. 551. 548. 549. 545. 514. 532. 552. 559.
  570. 586. 590. 604. 607. 619. 605. 616. 624. 585. 588. 584. 586. 581.
  589. 588. 591. 594. 590. 596. 596. 596. 595. 599. 596. 599.]]
##############################
[[190. 223. 243. 243. 252. 250. 244. 252. 254. 250. 249. 274. 301. 313.
  348. 352. 357. 371. 379. 390. 382. 393. 388. 381. 360. 358. 358. 358.
  367. 371. 365. 360. 365. 372. 373. 380. 381. 388. 379. 379.]
 [700. 700. 700. 700. 700. 700. 700. 700. 700. 700. 700. 700. 700. 699.
  698. 700. 700. 698. 699. 700. 700. 699. 699. 700. 649. 650. 648. 649.
  650. 650. 650. 650. 649. 649. 649. 650. 649. 650. 650. 650.]
 [477. 536. 542. 552. 548. 560. 553. 556. 556. 560. 512. 517. 532. 566.
  568. 590. 593. 613. 608. 616. 619. 626. 624. 630. 581. 584. 590. 590.
  591. 593. 593. 592. 593. 598. 591. 596. 595. 595. 595. 597.]
 [476. 515. 534. 539. 546. 540. 551. 548. 549. 545. 514. 532. 552. 559.
  570. 586. 590. 604. 607. 619. 605. 616. 624. 632. 588. 584. 586. 581.
  589. 588. 591. 594. 590. 596. 596. 596. 595. 599. 596. 599.]]
##############################
[[190. 223. 243. 243. 252. 250. 244. 252. 254. 250. 249. 274. 301. 313.
  348. 352. 357. 371. 379. 390. 382. 393. 388. 381. 390. 358. 358. 358.
  367. 371. 365. 360. 365. 372. 373. 380. 381. 388. 379. 379.]
 [700. 700. 700. 700. 700. 700. 700. 700. 700. 700. 700. 700. 700. 699.
  698. 700. 700. 698. 699. 700. 700. 699. 699. 700. 699. 650. 648. 649.
  650. 650. 650. 650. 649. 649. 649. 650. 649. 650. 650. 650.]
 [477. 536. 542. 552. 548. 560. 553. 556. 556. 560. 512. 517. 532. 566.
  568. 590. 593. 613. 608. 616. 619. 626. 624. 630. 628. 584. 590. 590.
  591. 593. 593. 592. 593. 598. 591. 596. 595. 595. 595. 597.]
 [476. 515. 534. 539. 546. 540. 551. 548. 549. 545. 514. 532. 552. 559.
  570. 586. 590. 604. 607. 619. 605. 616. 624. 632. 634. 584. 586. 581.
  589. 588. 591. 594. 590. 596. 596. 596. 595. 599. 596. 599.]]
##############################
[[190. 223. 243. 243. 252. 250. 244. 252. 254. 250. 249. 274. 301. 313.
  348. 352. 357. 371. 379. 390. 382. 393. 388. 381. 390. 389. 358. 358.
  367. 371. 365. 360. 365. 372. 373. 380. 381. 388. 379. 379.]
 [700. 700. 700. 700. 700. 700. 700. 700. 700. 700. 700. 700. 700. 699.
  698. 700. 700. 698. 699. 700. 700. 699. 699. 700. 699. 700. 648. 649.
  650. 650. 650. 650. 649. 649. 649. 650. 649. 650. 650. 650.]
 [477. 536. 542. 552. 548. 560. 553. 556. 556. 560. 512. 517. 532. 566.
  568. 590. 593. 613. 608. 616. 619. 626. 624. 630. 628. 631. 590. 590.
  591. 593. 593. 592. 593. 598. 591. 596. 595. 595. 595. 597.]
 [476. 515. 534. 539. 546. 540. 551. 548. 549. 545. 514. 532. 552. 559.
  570. 586. 590. 604. 607. 619. 605. 616. 624. 632. 634. 631. 586. 581.
  589. 588. 591. 594. 590. 596. 596. 596. 595. 599. 596. 599.]]
##############################
[[190. 223. 243. 243. 252. 250. 244. 252. 254. 250. 249. 274. 301. 313.
  348. 352. 357. 371. 379. 390. 382. 393. 388. 381. 390. 389. 389. 358.
  367. 371. 365. 360. 365. 372. 373. 380. 381. 388. 379. 379.]
 [700. 700. 700. 700. 700. 700. 700. 700. 700. 700. 700. 700. 700. 699.
  698. 700. 700. 698. 699. 700. 700. 699. 699. 700. 699. 700. 698. 649.
  650. 650. 650. 650. 649. 649. 649. 650. 649. 650. 650. 650.]
 [477. 536. 542. 552. 548. 560. 553. 556. 556. 560. 512. 517. 532. 566.
  568. 590. 593. 613. 608. 616. 619. 626. 624. 630. 628. 631. 637. 590.
  591. 593. 593. 592. 593. 598. 591. 596. 595. 595. 595. 597.]
 [476. 515. 534. 539. 546. 540. 551. 548. 549. 545. 514. 532. 552. 559.
  570. 586. 590. 604. 607. 619. 605. 616. 624. 632. 634. 631. 632. 581.
  589. 588. 591. 594. 590. 596. 596. 596. 595. 599. 596. 599.]]
##############################
[[190. 223. 243. 243. 252. 250. 244. 252. 254. 250. 249. 274. 301. 313.
  348. 352. 357. 371. 379. 390. 382. 393. 388. 381. 390. 389. 389. 386.
  367. 371. 365. 360. 365. 372. 373. 380. 381. 388. 379. 379.]
 [700. 700. 700. 700. 700. 700. 700. 700. 700. 700. 700. 700. 700. 699.
  698. 700. 700. 698. 699. 700. 700. 699. 699. 700. 699. 700. 698. 699.
  650. 650. 650. 650. 649. 649. 649. 650. 649. 650. 650. 650.]
 [477. 536. 542. 552. 548. 560. 553. 556. 556. 560. 512. 517. 532. 566.
  568. 590. 593. 613. 608. 616. 619. 626. 624. 630. 628. 631. 637. 637.
  591. 593. 593. 592. 593. 598. 591. 596. 595. 595. 595. 597.]
 [476. 515. 534. 539. 546. 540. 551. 548. 549. 545. 514. 532. 552. 559.
  570. 586. 590. 604. 607. 619. 605. 616. 624. 632. 634. 631. 632. 627.
  589. 588. 591. 594. 590. 596. 596. 596. 595. 599. 596. 599.]]
##############################
[[190. 223. 243. 243. 252. 250. 244. 252. 254. 250. 249. 274. 301. 313.
  348. 352. 357. 371. 379. 390. 382. 393. 388. 381. 390. 389. 389. 386.
  398. 371. 365. 360. 365. 372. 373. 380. 381. 388. 379. 379.]
 [700. 700. 700. 700. 700. 700. 700. 700. 700. 700. 700. 700. 700. 699.
  698. 700. 700. 698. 699. 700. 700. 699. 699. 700. 699. 700. 698. 699.
  700. 650. 650. 650. 649. 649. 649. 650. 649. 650. 650. 650.]
 [477. 536. 542. 552. 548. 560. 553. 556. 556. 560. 512. 517. 532. 566.
  568. 590. 593. 613. 608. 616. 619. 626. 624. 630. 628. 631. 637. 637.
  639. 593. 593. 592. 593. 598. 591. 596. 595. 595. 595. 597.]
 [476. 515. 534. 539. 546. 540. 551. 548. 549. 545. 514. 532. 552. 559.
  570. 586. 590. 604. 607. 619. 605. 616. 624. 632. 634. 631. 632. 627.
  635. 588. 591. 594. 590. 596. 596. 596. 595. 599. 596. 599.]]
##############################
[[190. 223. 243. 243. 252. 250. 244. 252. 254. 250. 249. 274. 301. 313.
  348. 352. 357. 371. 379. 390. 382. 393. 388. 381. 390. 389. 389. 386.
  398. 400. 365. 360. 365. 372. 373. 380. 381. 388. 379. 379.]
 [700. 700. 700. 700. 700. 700. 700. 700. 700. 700. 700. 700. 700. 699.
  698. 700. 700. 698. 699. 700. 700. 699. 699. 700. 699. 700. 698. 699.
  700. 700. 650. 650. 649. 649. 649. 650. 649. 650. 650. 650.]
 [477. 536. 542. 552. 548. 560. 553. 556. 556. 560. 512. 517. 532. 566.
  568. 590. 593. 613. 608. 616. 619. 626. 624. 630. 628. 631. 637. 637.
  639. 640. 593. 592. 593. 598. 591. 596. 595. 595. 595. 597.]
 [476. 515. 534. 539. 546. 540. 551. 548. 549. 545. 514. 532. 552. 559.
  570. 586. 590. 604. 607. 619. 605. 616. 624. 632. 634. 631. 632. 627.
  635. 635. 591. 594. 590. 596. 596. 596. 595. 599. 596. 599.]]
##############################
[[190. 223. 243. 243. 252. 250. 244. 252. 254. 250. 249. 274. 301. 313.
  348. 352. 357. 371. 379. 390. 382. 393. 388. 381. 390. 389. 389. 386.
  398. 400. 397. 360. 365. 372. 373. 380. 381. 388. 379. 379.]
 [700. 700. 700. 700. 700. 700. 700. 700. 700. 700. 700. 700. 700. 699.
  698. 700. 700. 698. 699. 700. 700. 699. 699. 700. 699. 700. 698. 699.
  700. 700. 700. 650. 649. 649. 649. 650. 649. 650. 650. 650.]
 [477. 536. 542. 552. 548. 560. 553. 556. 556. 560. 512. 517. 532. 566.
  568. 590. 593. 613. 608. 616. 619. 626. 624. 630. 628. 631. 637. 637.
  639. 640. 640. 592. 593. 598. 591. 596. 595. 595. 595. 597.]
 [476. 515. 534. 539. 546. 540. 551. 548. 549. 545. 514. 532. 552. 559.
  570. 586. 590. 604. 607. 619. 605. 616. 624. 632. 634. 631. 632. 627.
  635. 635. 638. 594. 590. 596. 596. 596. 595. 599. 596. 599.]]
##############################
[[190. 223. 243. 243. 252. 250. 244. 252. 254. 250. 249. 274. 301. 313.
  348. 352. 357. 371. 379. 390. 382. 393. 388. 381. 390. 389. 389. 386.
  398. 400. 397. 390. 365. 372. 373. 380. 381. 388. 379. 379.]
 [700. 700. 700. 700. 700. 700. 700. 700. 700. 700. 700. 700. 700. 699.
  698. 700. 700. 698. 699. 700. 700. 699. 699. 700. 699. 700. 698. 699.
  700. 700. 700. 700. 649. 649. 649. 650. 649. 650. 650. 650.]
 [477. 536. 542. 552. 548. 560. 553. 556. 556. 560. 512. 517. 532. 566.
  568. 590. 593. 613. 608. 616. 619. 626. 624. 630. 628. 631. 637. 637.
  639. 640. 640. 639. 593. 598. 591. 596. 595. 595. 595. 597.]
 [476. 515. 534. 539. 546. 540. 551. 548. 549. 545. 514. 532. 552. 559.
  570. 586. 590. 604. 607. 619. 605. 616. 624. 632. 634. 631. 632. 627.
  635. 635. 638. 639. 590. 596. 596. 596. 595. 599. 596. 599.]]
##############################
[[190. 223. 243. 243. 252. 250. 244. 252. 254. 250. 249. 274. 301. 313.
  348. 352. 357. 371. 379. 390. 382. 393. 388. 381. 390. 389. 389. 386.
  398. 400. 397. 390. 399. 372. 373. 380. 381. 388. 379. 379.]
 [700. 700. 700. 700. 700. 700. 700. 700. 700. 700. 700. 700. 700. 699.
  698. 700. 700. 698. 699. 700. 700. 699. 699. 700. 699. 700. 698. 699.
  700. 700. 700. 700. 699. 649. 649. 650. 649. 650. 650. 650.]
 [477. 536. 542. 552. 548. 560. 553. 556. 556. 560. 512. 517. 532. 566.
  568. 590. 593. 613. 608. 616. 619. 626. 624. 630. 628. 631. 637. 637.
  639. 640. 640. 639. 640. 598. 591. 596. 595. 595. 595. 597.]
 [476. 515. 534. 539. 546. 540. 551. 548. 549. 545. 514. 532. 552. 559.
  570. 586. 590. 604. 607. 619. 605. 616. 624. 632. 634. 631. 632. 627.
  635. 635. 638. 639. 636. 596. 596. 596. 595. 599. 596. 599.]]
##############################
[[190. 223. 243. 243. 252. 250. 244. 252. 254. 250. 249. 274. 301. 313.
  348. 352. 357. 371. 379. 390. 382. 393. 388. 381. 390. 389. 389. 386.
  398. 400. 397. 390. 399. 404. 373. 380. 381. 388. 379. 379.]
 [700. 700. 700. 700. 700. 700. 700. 700. 700. 700. 700. 700. 700. 699.
  698. 700. 700. 698. 699. 700. 700. 699. 699. 700. 699. 700. 698. 699.
  700. 700. 700. 700. 699. 699. 649. 650. 649. 650. 650. 650.]
 [477. 536. 542. 552. 548. 560. 553. 556. 556. 560. 512. 517. 532. 566.
  568. 590. 593. 613. 608. 616. 619. 626. 624. 630. 628. 631. 637. 637.
  639. 640. 640. 639. 640. 646. 591. 596. 595. 595. 595. 597.]
 [476. 515. 534. 539. 546. 540. 551. 548. 549. 545. 514. 532. 552. 559.
  570. 586. 590. 604. 607. 619. 605. 616. 624. 632. 634. 631. 632. 627.
  635. 635. 638. 639. 636. 642. 596. 596. 595. 599. 596. 599.]]
##############################
[[190. 223. 243. 243. 252. 250. 244. 252. 254. 250. 249. 274. 301. 313.
  348. 352. 357. 371. 379. 390. 382. 393. 388. 381. 390. 389. 389. 386.
  398. 400. 397. 390. 399. 404. 404. 380. 381. 388. 379. 379.]
 [700. 700. 700. 700. 700. 700. 700. 700. 700. 700. 700. 700. 700. 699.
  698. 700. 700. 698. 699. 700. 700. 699. 699. 700. 699. 700. 698. 699.
  700. 700. 700. 700. 699. 699. 699. 650. 649. 650. 650. 650.]
 [477. 536. 542. 552. 548. 560. 553. 556. 556. 560. 512. 517. 532. 566.
  568. 590. 593. 613. 608. 616. 619. 626. 624. 630. 628. 631. 637. 637.
  639. 640. 640. 639. 640. 646. 639. 596. 595. 595. 595. 597.]
 [476. 515. 534. 539. 546. 540. 551. 548. 549. 545. 514. 532. 552. 559.
  570. 586. 590. 604. 607. 619. 605. 616. 624. 632. 634. 631. 632. 627.
  635. 635. 638. 639. 636. 642. 642. 596. 595. 599. 596. 599.]]
##############################
[[190. 223. 243. 243. 252. 250. 244. 252. 254. 250. 249. 274. 301. 313.
  348. 352. 357. 371. 379. 390. 382. 393. 388. 381. 390. 389. 389. 386.
  398. 400. 397. 390. 399. 404. 404. 410. 381. 388. 379. 379.]
 [700. 700. 700. 700. 700. 700. 700. 700. 700. 700. 700. 700. 700. 699.
  698. 700. 700. 698. 699. 700. 700. 699. 699. 700. 699. 700. 698. 699.
  700. 700. 700. 700. 699. 699. 699. 700. 649. 650. 650. 650.]
 [477. 536. 542. 552. 548. 560. 553. 556. 556. 560. 512. 517. 532. 566.
  568. 590. 593. 613. 608. 616. 619. 626. 624. 630. 628. 631. 637. 637.
  639. 640. 640. 639. 640. 646. 639. 644. 595. 595. 595. 597.]
 [476. 515. 534. 539. 546. 540. 551. 548. 549. 545. 514. 532. 552. 559.
  570. 586. 590. 604. 607. 619. 605. 616. 624. 632. 634. 631. 632. 627.
  635. 635. 638. 639. 636. 642. 642. 643. 595. 599. 596. 599.]]
##############################
[[190. 223. 243. 243. 252. 250. 244. 252. 254. 250. 249. 274. 301. 313.
  348. 352. 357. 371. 379. 390. 382. 393. 388. 381. 390. 389. 389. 386.
  398. 400. 397. 390. 399. 404. 404. 410. 410. 388. 379. 379.]
 [700. 700. 700. 700. 700. 700. 700. 700. 700. 700. 700. 700. 700. 699.
  698. 700. 700. 698. 699. 700. 700. 699. 699. 700. 699. 700. 698. 699.
  700. 700. 700. 700. 699. 699. 699. 700. 699. 650. 650. 650.]
 [477. 536. 542. 552. 548. 560. 553. 556. 556. 560. 512. 517. 532. 566.
  568. 590. 593. 613. 608. 616. 619. 626. 624. 630. 628. 631. 637. 637.
  639. 640. 640. 639. 640. 646. 639. 644. 642. 595. 595. 597.]
 [476. 515. 534. 539. 546. 540. 551. 548. 549. 545. 514. 532. 552. 559.
  570. 586. 590. 604. 607. 619. 605. 616. 624. 632. 634. 631. 632. 627.
  635. 635. 638. 639. 636. 642. 642. 643. 641. 599. 596. 599.]]
##############################
[[190. 223. 243. 243. 252. 250. 244. 252. 254. 250. 249. 274. 301. 313.
  348. 352. 357. 371. 379. 390. 382. 393. 388. 381. 390. 389. 389. 386.
  398. 400. 397. 390. 399. 404. 404. 410. 410. 420. 379. 379.]
 [700. 700. 700. 700. 700. 700. 700. 700. 700. 700. 700. 700. 700. 699.
  698. 700. 700. 698. 699. 700. 700. 699. 699. 700. 699. 700. 698. 699.
  700. 700. 700. 700. 699. 699. 699. 700. 699. 700. 650. 650.]
 [477. 536. 542. 552. 548. 560. 553. 556. 556. 560. 512. 517. 532. 566.
  568. 590. 593. 613. 608. 616. 619. 626. 624. 630. 628. 631. 637. 637.
  639. 640. 640. 639. 640. 646. 639. 644. 642. 643. 595. 597.]
 [476. 515. 534. 539. 546. 540. 551. 548. 549. 545. 514. 532. 552. 559.
  570. 586. 590. 604. 607. 619. 605. 616. 624. 632. 634. 631. 632. 627.
  635. 635. 638. 639. 636. 642. 642. 643. 641. 645. 596. 599.]]
##############################
[[190. 223. 243. 243. 252. 250. 244. 252. 254. 250. 249. 274. 301. 313.
  348. 352. 357. 371. 379. 390. 382. 393. 388. 381. 390. 389. 389. 386.
  398. 400. 397. 390. 399. 404. 404. 410. 410. 420. 412. 379.]
 [700. 700. 700. 700. 700. 700. 700. 700. 700. 700. 700. 700. 700. 699.
  698. 700. 700. 698. 699. 700. 700. 699. 699. 700. 699. 700. 698. 699.
  700. 700. 700. 700. 699. 699. 699. 700. 699. 700. 700. 650.]
 [477. 536. 542. 552. 548. 560. 553. 556. 556. 560. 512. 517. 532. 566.
  568. 590. 593. 613. 608. 616. 619. 626. 624. 630. 628. 631. 637. 637.
  639. 640. 640. 639. 640. 646. 639. 644. 642. 643. 643. 597.]
 [476. 515. 534. 539. 546. 540. 551. 548. 549. 545. 514. 532. 552. 559.
  570. 586. 590. 604. 607. 619. 605. 616. 624. 632. 634. 631. 632. 627.
  635. 635. 638. 639. 636. 642. 642. 643. 641. 645. 643. 599.]]
##############################
[[190. 223. 243. 243. 252. 250. 244. 252. 254. 250. 249. 274. 301. 313.
  348. 352. 357. 371. 379. 390. 382. 393. 388. 381. 390. 389. 389. 386.
  398. 400. 397. 390. 399. 404. 404. 410. 410. 420. 412. 411.]
 [700. 700. 700. 700. 700. 700. 700. 700. 700. 700. 700. 700. 700. 699.
  698. 700. 700. 698. 699. 700. 700. 699. 699. 700. 699. 700. 698. 699.
  700. 700. 700. 700. 699. 699. 699. 700. 699. 700. 700. 700.]
 [477. 536. 542. 552. 548. 560. 553. 556. 556. 560. 512. 517. 532. 566.
  568. 590. 593. 613. 608. 616. 619. 626. 624. 630. 628. 631. 637. 637.
  639. 640. 640. 639. 640. 646. 639. 644. 642. 643. 643. 645.]
 [476. 515. 534. 539. 546. 540. 551. 548. 549. 545. 514. 532. 552. 559.
  570. 586. 590. 604. 607. 619. 605. 616. 624. 632. 634. 631. 632. 627.
  635. 635. 638. 639. 636. 642. 642. 643. 641. 645. 643. 646.]]
##############################
##################################################
##################################################
starting :15 batch
[[203. 223. 243. 243. 252. 250. 244. 252. 254. 250. 249. 274. 301. 313.
  348. 352. 357. 371. 379. 390. 382. 393. 388. 381. 390. 389. 389. 386.
  398. 400. 397. 390. 399. 404. 404. 410. 410. 420. 412. 411.]
 [750. 700. 700. 700. 700. 700. 700. 700. 700. 700. 700. 700. 700. 699.
  698. 700. 700. 698. 699. 700. 700. 699. 699. 700. 699. 700. 698. 699.
  700. 700. 700. 700. 699. 699. 699. 700. 699. 700. 700. 700.]
 [514. 536. 542. 552. 548. 560. 553. 556. 556. 560. 512. 517. 532. 566.
  568. 590. 593. 613. 608. 616. 619. 626. 624. 630. 628. 631. 637. 637.
  639. 640. 640. 639. 640. 646. 639. 644. 642. 643. 643. 645.]
 [512. 515. 534. 539. 546. 540. 551. 548. 549. 545. 514. 532. 552. 559.
  570. 586. 590. 604. 607. 619. 605. 616. 624. 632. 634. 631. 632. 627.
  635. 635. 638. 639. 636. 642. 642. 643. 641. 645. 643. 646.]]
##############################
[[203. 239. 243. 243. 252. 250. 244. 252. 254. 250. 249. 274. 301. 313.
  348. 352. 357. 371. 379. 390. 382. 393. 388. 381. 390. 389. 389. 386.
  398. 400. 397. 390. 399. 404. 404. 410. 410. 420. 412. 411.]
 [750. 750. 700. 700. 700. 700. 700. 700. 700. 700. 700. 700. 700. 699.
  698. 700. 700. 698. 699. 700. 700. 699. 699. 700. 699. 700. 698. 699.
  700. 700. 700. 700. 699. 699. 699. 700. 699. 700. 700. 700.]
 [514. 575. 542. 552. 548. 560. 553. 556. 556. 560. 512. 517. 532. 566.
  568. 590. 593. 613. 608. 616. 619. 626. 624. 630. 628. 631. 637. 637.
  639. 640. 640. 639. 640. 646. 639. 644. 642. 643. 643. 645.]
 [512. 554. 534. 539. 546. 540. 551. 548. 549. 545. 514. 532. 552. 559.
  570. 586. 590. 604. 607. 619. 605. 616. 624. 632. 634. 631. 632. 627.
  635. 635. 638. 639. 636. 642. 642. 643. 641. 645. 643. 646.]]
##############################
[[203. 239. 259. 243. 252. 250. 244. 252. 254. 250. 249. 274. 301. 313.
  348. 352. 357. 371. 379. 390. 382. 393. 388. 381. 390. 389. 389. 386.
  398. 400. 397. 390. 399. 404. 404. 410. 410. 420. 412. 411.]
 [750. 750. 750. 700. 700. 700. 700. 700. 700. 700. 700. 700. 700. 699.
  698. 700. 700. 698. 699. 700. 700. 699. 699. 700. 699. 700. 698. 699.
  700. 700. 700. 700. 699. 699. 699. 700. 699. 700. 700. 700.]
 [514. 575. 580. 552. 548. 560. 553. 556. 556. 560. 512. 517. 532. 566.
  568. 590. 593. 613. 608. 616. 619. 626. 624. 630. 628. 631. 637. 637.
  639. 640. 640. 639. 640. 646. 639. 644. 642. 643. 643. 645.]
 [512. 554. 575. 539. 546. 540. 551. 548. 549. 545. 514. 532. 552. 559.
  570. 586. 590. 604. 607. 619. 605. 616. 624. 632. 634. 631. 632. 627.
  635. 635. 638. 639. 636. 642. 642. 643. 641. 645. 643. 646.]]
##############################
[[203. 239. 259. 260. 252. 250. 244. 252. 254. 250. 249. 274. 301. 313.
  348. 352. 357. 371. 379. 390. 382. 393. 388. 381. 390. 389. 389. 386.
  398. 400. 397. 390. 399. 404. 404. 410. 410. 420. 412. 411.]
 [750. 750. 750. 750. 700. 700. 700. 700. 700. 700. 700. 700. 700. 699.
  698. 700. 700. 698. 699. 700. 700. 699. 699. 700. 699. 700. 698. 699.
  700. 700. 700. 700. 699. 699. 699. 700. 699. 700. 700. 700.]
 [514. 575. 580. 592. 548. 560. 553. 556. 556. 560. 512. 517. 532. 566.
  568. 590. 593. 613. 608. 616. 619. 626. 624. 630. 628. 631. 637. 637.
  639. 640. 640. 639. 640. 646. 639. 644. 642. 643. 643. 645.]
 [512. 554. 575. 581. 546. 540. 551. 548. 549. 545. 514. 532. 552. 559.
  570. 586. 590. 604. 607. 619. 605. 616. 624. 632. 634. 631. 632. 627.
  635. 635. 638. 639. 636. 642. 642. 643. 641. 645. 643. 646.]]
##############################
[[203. 239. 259. 260. 268. 250. 244. 252. 254. 250. 249. 274. 301. 313.
  348. 352. 357. 371. 379. 390. 382. 393. 388. 381. 390. 389. 389. 386.
  398. 400. 397. 390. 399. 404. 404. 410. 410. 420. 412. 411.]
 [750. 750. 750. 750. 750. 700. 700. 700. 700. 700. 700. 700. 700. 699.
  698. 700. 700. 698. 699. 700. 700. 699. 699. 700. 699. 700. 698. 699.
  700. 700. 700. 700. 699. 699. 699. 700. 699. 700. 700. 700.]
 [514. 575. 580. 592. 589. 560. 553. 556. 556. 560. 512. 517. 532. 566.
  568. 590. 593. 613. 608. 616. 619. 626. 624. 630. 628. 631. 637. 637.
  639. 640. 640. 639. 640. 646. 639. 644. 642. 643. 643. 645.]
 [512. 554. 575. 581. 588. 540. 551. 548. 549. 545. 514. 532. 552. 559.
  570. 586. 590. 604. 607. 619. 605. 616. 624. 632. 634. 631. 632. 627.
  635. 635. 638. 639. 636. 642. 642. 643. 641. 645. 643. 646.]]
##############################
[[203. 239. 259. 260. 268. 267. 244. 252. 254. 250. 249. 274. 301. 313.
  348. 352. 357. 371. 379. 390. 382. 393. 388. 381. 390. 389. 389. 386.
  398. 400. 397. 390. 399. 404. 404. 410. 410. 420. 412. 411.]
 [750. 750. 750. 750. 750. 750. 700. 700. 700. 700. 700. 700. 700. 699.
  698. 700. 700. 698. 699. 700. 700. 699. 699. 700. 699. 700. 698. 699.
  700. 700. 700. 700. 699. 699. 699. 700. 699. 700. 700. 700.]
 [514. 575. 580. 592. 589. 598. 553. 556. 556. 560. 512. 517. 532. 566.
  568. 590. 593. 613. 608. 616. 619. 626. 624. 630. 628. 631. 637. 637.
  639. 640. 640. 639. 640. 646. 639. 644. 642. 643. 643. 645.]
 [512. 554. 575. 581. 588. 582. 551. 548. 549. 545. 514. 532. 552. 559.
  570. 586. 590. 604. 607. 619. 605. 616. 624. 632. 634. 631. 632. 627.
  635. 635. 638. 639. 636. 642. 642. 643. 641. 645. 643. 646.]]
##############################
[[203. 239. 259. 260. 268. 267. 262. 252. 254. 250. 249. 274. 301. 313.
  348. 352. 357. 371. 379. 390. 382. 393. 388. 381. 390. 389. 389. 386.
  398. 400. 397. 390. 399. 404. 404. 410. 410. 420. 412. 411.]
 [750. 750. 750. 750. 750. 750. 750. 700. 700. 700. 700. 700. 700. 699.
  698. 700. 700. 698. 699. 700. 700. 699. 699. 700. 699. 700. 698. 699.
  700. 700. 700. 700. 699. 699. 699. 700. 699. 700. 700. 700.]
 [514. 575. 580. 592. 589. 598. 593. 556. 556. 560. 512. 517. 532. 566.
  568. 590. 593. 613. 608. 616. 619. 626. 624. 630. 628. 631. 637. 637.
  639. 640. 640. 639. 640. 646. 639. 644. 642. 643. 643. 645.]
 [512. 554. 575. 581. 588. 582. 592. 548. 549. 545. 514. 532. 552. 559.
  570. 586. 590. 604. 607. 619. 605. 616. 624. 632. 634. 631. 632. 627.
  635. 635. 638. 639. 636. 642. 642. 643. 641. 645. 643. 646.]]
##############################
[[203. 239. 259. 260. 268. 267. 262. 267. 254. 250. 249. 274. 301. 313.
  348. 352. 357. 371. 379. 390. 382. 393. 388. 381. 390. 389. 389. 386.
  398. 400. 397. 390. 399. 404. 404. 410. 410. 420. 412. 411.]
 [750. 750. 750. 750. 750. 750. 750. 750. 700. 700. 700. 700. 700. 699.
  698. 700. 700. 698. 699. 700. 700. 699. 699. 700. 699. 700. 698. 699.
  700. 700. 700. 700. 699. 699. 699. 700. 699. 700. 700. 700.]
 [514. 575. 580. 592. 589. 598. 593. 594. 556. 560. 512. 517. 532. 566.
  568. 590. 593. 613. 608. 616. 619. 626. 624. 630. 628. 631. 637. 637.
  639. 640. 640. 639. 640. 646. 639. 644. 642. 643. 643. 645.]
 [512. 554. 575. 581. 588. 582. 592. 590. 549. 545. 514. 532. 552. 559.
  570. 586. 590. 604. 607. 619. 605. 616. 624. 632. 634. 631. 632. 627.
  635. 635. 638. 639. 636. 642. 642. 643. 641. 645. 643. 646.]]
##############################
[[203. 239. 259. 260. 268. 267. 262. 267. 269. 250. 249. 274. 301. 313.
  348. 352. 357. 371. 379. 390. 382. 393. 388. 381. 390. 389. 389. 386.
  398. 400. 397. 390. 399. 404. 404. 410. 410. 420. 412. 411.]
 [750. 750. 750. 750. 750. 750. 750. 750. 750. 700. 700. 700. 700. 699.
  698. 700. 700. 698. 699. 700. 700. 699. 699. 700. 699. 700. 698. 699.
  700. 700. 700. 700. 699. 699. 699. 700. 699. 700. 700. 700.]
 [514. 575. 580. 592. 589. 598. 593. 594. 595. 560. 512. 517. 532. 566.
  568. 590. 593. 613. 608. 616. 619. 626. 624. 630. 628. 631. 637. 637.
  639. 640. 640. 639. 640. 646. 639. 644. 642. 643. 643. 645.]
 [512. 554. 575. 581. 588. 582. 592. 590. 590. 545. 514. 532. 552. 559.
  570. 586. 590. 604. 607. 619. 605. 616. 624. 632. 634. 631. 632. 627.
  635. 635. 638. 639. 636. 642. 642. 643. 641. 645. 643. 646.]]
##############################
[[203. 239. 259. 260. 268. 267. 262. 267. 269. 265. 249. 274. 301. 313.
  348. 352. 357. 371. 379. 390. 382. 393. 388. 381. 390. 389. 389. 386.
  398. 400. 397. 390. 399. 404. 404. 410. 410. 420. 412. 411.]
 [750. 750. 750. 750. 750. 750. 750. 750. 750. 750. 700. 700. 700. 699.
  698. 700. 700. 698. 699. 700. 700. 699. 699. 700. 699. 700. 698. 699.
  700. 700. 700. 700. 699. 699. 699. 700. 699. 700. 700. 700.]
 [514. 575. 580. 592. 589. 598. 593. 594. 595. 599. 512. 517. 532. 566.
  568. 590. 593. 613. 608. 616. 619. 626. 624. 630. 628. 631. 637. 637.
  639. 640. 640. 639. 640. 646. 639. 644. 642. 643. 643. 645.]
 [512. 554. 575. 581. 588. 582. 592. 590. 590. 586. 514. 532. 552. 559.
  570. 586. 590. 604. 607. 619. 605. 616. 624. 632. 634. 631. 632. 627.
  635. 635. 638. 639. 636. 642. 642. 643. 641. 645. 643. 646.]]
##############################
[[203. 239. 259. 260. 268. 267. 262. 267. 269. 265. 266. 274. 301. 313.
  348. 352. 357. 371. 379. 390. 382. 393. 388. 381. 390. 389. 389. 386.
  398. 400. 397. 390. 399. 404. 404. 410. 410. 420. 412. 411.]
 [750. 750. 750. 750. 750. 750. 750. 750. 750. 750. 750. 700. 700. 699.
  698. 700. 700. 698. 699. 700. 700. 699. 699. 700. 699. 700. 698. 699.
  700. 700. 700. 700. 699. 699. 699. 700. 699. 700. 700. 700.]
 [514. 575. 580. 592. 589. 598. 593. 594. 595. 599. 549. 517. 532. 566.
  568. 590. 593. 613. 608. 616. 619. 626. 624. 630. 628. 631. 637. 637.
  639. 640. 640. 639. 640. 646. 639. 644. 642. 643. 643. 645.]
 [512. 554. 575. 581. 588. 582. 592. 590. 590. 586. 553. 532. 552. 559.
  570. 586. 590. 604. 607. 619. 605. 616. 624. 632. 634. 631. 632. 627.
  635. 635. 638. 639. 636. 642. 642. 643. 641. 645. 643. 646.]]
##############################
[[203. 239. 259. 260. 268. 267. 262. 267. 269. 265. 266. 291. 301. 313.
  348. 352. 357. 371. 379. 390. 382. 393. 388. 381. 390. 389. 389. 386.
  398. 400. 397. 390. 399. 404. 404. 410. 410. 420. 412. 411.]
 [750. 750. 750. 750. 750. 750. 750. 750. 750. 750. 750. 750. 700. 699.
  698. 700. 700. 698. 699. 700. 700. 699. 699. 700. 699. 700. 698. 699.
  700. 700. 700. 700. 699. 699. 699. 700. 699. 700. 700. 700.]
 [514. 575. 580. 592. 589. 598. 593. 594. 595. 599. 549. 555. 532. 566.
  568. 590. 593. 613. 608. 616. 619. 626. 624. 630. 628. 631. 637. 637.
  639. 640. 640. 639. 640. 646. 639. 644. 642. 643. 643. 645.]
 [512. 554. 575. 581. 588. 582. 592. 590. 590. 586. 553. 570. 552. 559.
  570. 586. 590. 604. 607. 619. 605. 616. 624. 632. 634. 631. 632. 627.
  635. 635. 638. 639. 636. 642. 642. 643. 641. 645. 643. 646.]]
##############################
[[203. 239. 259. 260. 268. 267. 262. 267. 269. 265. 266. 291. 317. 313.
  348. 352. 357. 371. 379. 390. 382. 393. 388. 381. 390. 389. 389. 386.
  398. 400. 397. 390. 399. 404. 404. 410. 410. 420. 412. 411.]
 [750. 750. 750. 750. 750. 750. 750. 750. 750. 750. 750. 750. 750. 699.
  698. 700. 700. 698. 699. 700. 700. 699. 699. 700. 699. 700. 698. 699.
  700. 700. 700. 700. 699. 699. 699. 700. 699. 700. 700. 700.]
 [514. 575. 580. 592. 589. 598. 593. 594. 595. 599. 549. 555. 570. 566.
  568. 590. 593. 613. 608. 616. 619. 626. 624. 630. 628. 631. 637. 637.
  639. 640. 640. 639. 640. 646. 639. 644. 642. 643. 643. 645.]
 [512. 554. 575. 581. 588. 582. 592. 590. 590. 586. 553. 570. 592. 559.
  570. 586. 590. 604. 607. 619. 605. 616. 624. 632. 634. 631. 632. 627.
  635. 635. 638. 639. 636. 642. 642. 643. 641. 645. 643. 646.]]
##############################
[[203. 239. 259. 260. 268. 267. 262. 267. 269. 265. 266. 291. 317. 333.
  348. 352. 357. 371. 379. 390. 382. 393. 388. 381. 390. 389. 389. 386.
  398. 400. 397. 390. 399. 404. 404. 410. 410. 420. 412. 411.]
 [750. 750. 750. 750. 750. 750. 750. 750. 750. 750. 750. 750. 750. 749.
  698. 700. 700. 698. 699. 700. 700. 699. 699. 700. 699. 700. 698. 699.
  700. 700. 700. 700. 699. 699. 699. 700. 699. 700. 700. 700.]
 [514. 575. 580. 592. 589. 598. 593. 594. 595. 599. 549. 555. 570. 602.
  568. 590. 593. 613. 608. 616. 619. 626. 624. 630. 628. 631. 637. 637.
  639. 640. 640. 639. 640. 646. 639. 644. 642. 643. 643. 645.]
 [512. 554. 575. 581. 588. 582. 592. 590. 590. 586. 553. 570. 592. 601.
  570. 586. 590. 604. 607. 619. 605. 616. 624. 632. 634. 631. 632. 627.
  635. 635. 638. 639. 636. 642. 642. 643. 641. 645. 643. 646.]]
##############################
[[203. 239. 259. 260. 268. 267. 262. 267. 269. 265. 266. 291. 317. 333.
  369. 352. 357. 371. 379. 390. 382. 393. 388. 381. 390. 389. 389. 386.
  398. 400. 397. 390. 399. 404. 404. 410. 410. 420. 412. 411.]
 [750. 750. 750. 750. 750. 750. 750. 750. 750. 750. 750. 750. 750. 749.
  748. 700. 700. 698. 699. 700. 700. 699. 699. 700. 699. 700. 698. 699.
  700. 700. 700. 700. 699. 699. 699. 700. 699. 700. 700. 700.]
 [514. 575. 580. 592. 589. 598. 593. 594. 595. 599. 549. 555. 570. 602.
  606. 590. 593. 613. 608. 616. 619. 626. 624. 630. 628. 631. 637. 637.
  639. 640. 640. 639. 640. 646. 639. 644. 642. 643. 643. 645.]
 [512. 554. 575. 581. 588. 582. 592. 590. 590. 586. 553. 570. 592. 601.
  612. 586. 590. 604. 607. 619. 605. 616. 624. 632. 634. 631. 632. 627.
  635. 635. 638. 639. 636. 642. 642. 643. 641. 645. 643. 646.]]
##############################
[[203. 239. 259. 260. 268. 267. 262. 267. 269. 265. 266. 291. 317. 333.
  369. 373. 357. 371. 379. 390. 382. 393. 388. 381. 390. 389. 389. 386.
  398. 400. 397. 390. 399. 404. 404. 410. 410. 420. 412. 411.]
 [750. 750. 750. 750. 750. 750. 750. 750. 750. 750. 750. 750. 750. 749.
  748. 750. 700. 698. 699. 700. 700. 699. 699. 700. 699. 700. 698. 699.
  700. 700. 700. 700. 699. 699. 699. 700. 699. 700. 700. 700.]
 [514. 575. 580. 592. 589. 598. 593. 594. 595. 599. 549. 555. 570. 602.
  606. 631. 593. 613. 608. 616. 619. 626. 624. 630. 628. 631. 637. 637.
  639. 640. 640. 639. 640. 646. 639. 644. 642. 643. 643. 645.]
 [512. 554. 575. 581. 588. 582. 592. 590. 590. 586. 553. 570. 592. 601.
  612. 629. 590. 604. 607. 619. 605. 616. 624. 632. 634. 631. 632. 627.
  635. 635. 638. 639. 636. 642. 642. 643. 641. 645. 643. 646.]]
##############################
[[203. 239. 259. 260. 268. 267. 262. 267. 269. 265. 266. 291. 317. 333.
  369. 373. 382. 371. 379. 390. 382. 393. 388. 381. 390. 389. 389. 386.
  398. 400. 397. 390. 399. 404. 404. 410. 410. 420. 412. 411.]
 [750. 750. 750. 750. 750. 750. 750. 750. 750. 750. 750. 750. 750. 749.
  748. 750. 750. 698. 699. 700. 700. 699. 699. 700. 699. 700. 698. 699.
  700. 700. 700. 700. 699. 699. 699. 700. 699. 700. 700. 700.]
 [514. 575. 580. 592. 589. 598. 593. 594. 595. 599. 549. 555. 570. 602.
  606. 631. 635. 613. 608. 616. 619. 626. 624. 630. 628. 631. 637. 637.
  639. 640. 640. 639. 640. 646. 639. 644. 642. 643. 643. 645.]
 [512. 554. 575. 581. 588. 582. 592. 590. 590. 586. 553. 570. 592. 601.
  612. 629. 635. 604. 607. 619. 605. 616. 624. 632. 634. 631. 632. 627.
  635. 635. 638. 639. 636. 642. 642. 643. 641. 645. 643. 646.]]
##############################
[[203. 239. 259. 260. 268. 267. 262. 267. 269. 265. 266. 291. 317. 333.
  369. 373. 382. 393. 379. 390. 382. 393. 388. 381. 390. 389. 389. 386.
  398. 400. 397. 390. 399. 404. 404. 410. 410. 420. 412. 411.]
 [750. 750. 750. 750. 750. 750. 750. 750. 750. 750. 750. 750. 750. 749.
  748. 750. 750. 748. 699. 700. 700. 699. 699. 700. 699. 700. 698. 699.
  700. 700. 700. 700. 699. 699. 699. 700. 699. 700. 700. 700.]
 [514. 575. 580. 592. 589. 598. 593. 594. 595. 599. 549. 555. 570. 602.
  606. 631. 635. 658. 608. 616. 619. 626. 624. 630. 628. 631. 637. 637.
  639. 640. 640. 639. 640. 646. 639. 644. 642. 643. 643. 645.]
 [512. 554. 575. 581. 588. 582. 592. 590. 590. 586. 553. 570. 592. 601.
  612. 629. 635. 649. 607. 619. 605. 616. 624. 632. 634. 631. 632. 627.
  635. 635. 638. 639. 636. 642. 642. 643. 641. 645. 643. 646.]]
##############################
[[203. 239. 259. 260. 268. 267. 262. 267. 269. 265. 266. 291. 317. 333.
  369. 373. 382. 393. 402. 390. 382. 393. 388. 381. 390. 389. 389. 386.
  398. 400. 397. 390. 399. 404. 404. 410. 410. 420. 412. 411.]
 [750. 750. 750. 750. 750. 750. 750. 750. 750. 750. 750. 750. 750. 749.
  748. 750. 750. 748. 749. 700. 700. 699. 699. 700. 699. 700. 698. 699.
  700. 700. 700. 700. 699. 699. 699. 700. 699. 700. 700. 700.]
 [514. 575. 580. 592. 589. 598. 593. 594. 595. 599. 549. 555. 570. 602.
  606. 631. 635. 658. 652. 616. 619. 626. 624. 630. 628. 631. 637. 637.
  639. 640. 640. 639. 640. 646. 639. 644. 642. 643. 643. 645.]
 [512. 554. 575. 581. 588. 582. 592. 590. 590. 586. 553. 570. 592. 601.
  612. 629. 635. 649. 652. 619. 605. 616. 624. 632. 634. 631. 632. 627.
  635. 635. 638. 639. 636. 642. 642. 643. 641. 645. 643. 646.]]
##############################
[[203. 239. 259. 260. 268. 267. 262. 267. 269. 265. 266. 291. 317. 333.
  369. 373. 382. 393. 402. 412. 382. 393. 388. 381. 390. 389. 389. 386.
  398. 400. 397. 390. 399. 404. 404. 410. 410. 420. 412. 411.]
 [750. 750. 750. 750. 750. 750. 750. 750. 750. 750. 750. 750. 750. 749.
  748. 750. 750. 748. 749. 750. 700. 699. 699. 700. 699. 700. 698. 699.
  700. 700. 700. 700. 699. 699. 699. 700. 699. 700. 700. 700.]
 [514. 575. 580. 592. 589. 598. 593. 594. 595. 599. 549. 555. 570. 602.
  606. 631. 635. 658. 652. 661. 619. 626. 624. 630. 628. 631. 637. 637.
  639. 640. 640. 639. 640. 646. 639. 644. 642. 643. 643. 645.]
 [512. 554. 575. 581. 588. 582. 592. 590. 590. 586. 553. 570. 592. 601.
  612. 629. 635. 649. 652. 665. 605. 616. 624. 632. 634. 631. 632. 627.
  635. 635. 638. 639. 636. 642. 642. 643. 641. 645. 643. 646.]]
##############################
[[203. 239. 259. 260. 268. 267. 262. 267. 269. 265. 266. 291. 317. 333.
  369. 373. 382. 393. 402. 412. 406. 393. 388. 381. 390. 389. 389. 386.
  398. 400. 397. 390. 399. 404. 404. 410. 410. 420. 412. 411.]
 [750. 750. 750. 750. 750. 750. 750. 750. 750. 750. 750. 750. 750. 749.
  748. 750. 750. 748. 749. 750. 750. 699. 699. 700. 699. 700. 698. 699.
  700. 700. 700. 700. 699. 699. 699. 700. 699. 700. 700. 700.]
 [514. 575. 580. 592. 589. 598. 593. 594. 595. 599. 549. 555. 570. 602.
  606. 631. 635. 658. 652. 661. 662. 626. 624. 630. 628. 631. 637. 637.
  639. 640. 640. 639. 640. 646. 639. 644. 642. 643. 643. 645.]
 [512. 554. 575. 581. 588. 582. 592. 590. 590. 586. 553. 570. 592. 601.
  612. 629. 635. 649. 652. 665. 651. 616. 624. 632. 634. 631. 632. 627.
  635. 635. 638. 639. 636. 642. 642. 643. 641. 645. 643. 646.]]
##############################
[[203. 239. 259. 260. 268. 267. 262. 267. 269. 265. 266. 291. 317. 333.
  369. 373. 382. 393. 402. 412. 406. 417. 388. 381. 390. 389. 389. 386.
  398. 400. 397. 390. 399. 404. 404. 410. 410. 420. 412. 411.]
 [750. 750. 750. 750. 750. 750. 750. 750. 750. 750. 750. 750. 750. 749.
  748. 750. 750. 748. 749. 750. 750. 749. 699. 700. 699. 700. 698. 699.
  700. 700. 700. 700. 699. 699. 699. 700. 699. 700. 700. 700.]
 [514. 575. 580. 592. 589. 598. 593. 594. 595. 599. 549. 555. 570. 602.
  606. 631. 635. 658. 652. 661. 662. 669. 624. 630. 628. 631. 637. 637.
  639. 640. 640. 639. 640. 646. 639. 644. 642. 643. 643. 645.]
 [512. 554. 575. 581. 588. 582. 592. 590. 590. 586. 553. 570. 592. 601.
  612. 629. 635. 649. 652. 665. 651. 663. 624. 632. 634. 631. 632. 627.
  635. 635. 638. 639. 636. 642. 642. 643. 641. 645. 643. 646.]]
##############################
[[203. 239. 259. 260. 268. 267. 262. 267. 269. 265. 266. 291. 317. 333.
  369. 373. 382. 393. 402. 412. 406. 417. 409. 381. 390. 389. 389. 386.
  398. 400. 397. 390. 399. 404. 404. 410. 410. 420. 412. 411.]
 [750. 750. 750. 750. 750. 750. 750. 750. 750. 750. 750. 750. 750. 749.
  748. 750. 750. 748. 749. 750. 750. 749. 749. 700. 699. 700. 698. 699.
  700. 700. 700. 700. 699. 699. 699. 700. 699. 700. 700. 700.]
 [514. 575. 580. 592. 589. 598. 593. 594. 595. 599. 549. 555. 570. 602.
  606. 631. 635. 658. 652. 661. 662. 669. 669. 630. 628. 631. 637. 637.
  639. 640. 640. 639. 640. 646. 639. 644. 642. 643. 643. 645.]
 [512. 554. 575. 581. 588. 582. 592. 590. 590. 586. 553. 570. 592. 601.
  612. 629. 635. 649. 652. 665. 651. 663. 671. 632. 634. 631. 632. 627.
  635. 635. 638. 639. 636. 642. 642. 643. 641. 645. 643. 646.]]
##############################
[[203. 239. 259. 260. 268. 267. 262. 267. 269. 265. 266. 291. 317. 333.
  369. 373. 382. 393. 402. 412. 406. 417. 409. 401. 390. 389. 389. 386.
  398. 400. 397. 390. 399. 404. 404. 410. 410. 420. 412. 411.]
 [750. 750. 750. 750. 750. 750. 750. 750. 750. 750. 750. 750. 750. 749.
  748. 750. 750. 748. 749. 750. 750. 749. 749. 750. 699. 700. 698. 699.
  700. 700. 700. 700. 699. 699. 699. 700. 699. 700. 700. 700.]
 [514. 575. 580. 592. 589. 598. 593. 594. 595. 599. 549. 555. 570. 602.
  606. 631. 635. 658. 652. 661. 662. 669. 669. 675. 628. 631. 637. 637.
  639. 640. 640. 639. 640. 646. 639. 644. 642. 643. 643. 645.]
 [512. 554. 575. 581. 588. 582. 592. 590. 590. 586. 553. 570. 592. 601.
  612. 629. 635. 649. 652. 665. 651. 663. 671. 679. 634. 631. 632. 627.
  635. 635. 638. 639. 636. 642. 642. 643. 641. 645. 643. 646.]]
##############################
[[203. 239. 259. 260. 268. 267. 262. 267. 269. 265. 266. 291. 317. 333.
  369. 373. 382. 393. 402. 412. 406. 417. 409. 401. 412. 389. 389. 386.
  398. 400. 397. 390. 399. 404. 404. 410. 410. 420. 412. 411.]
 [750. 750. 750. 750. 750. 750. 750. 750. 750. 750. 750. 750. 750. 749.
  748. 750. 750. 748. 749. 750. 750. 749. 749. 750. 749. 700. 698. 699.
  700. 700. 700. 700. 699. 699. 699. 700. 699. 700. 700. 700.]
 [514. 575. 580. 592. 589. 598. 593. 594. 595. 599. 549. 555. 570. 602.
  606. 631. 635. 658. 652. 661. 662. 669. 669. 675. 674. 631. 637. 637.
  639. 640. 640. 639. 640. 646. 639. 644. 642. 643. 643. 645.]
 [512. 554. 575. 581. 588. 582. 592. 590. 590. 586. 553. 570. 592. 601.
  612. 629. 635. 649. 652. 665. 651. 663. 671. 679. 679. 631. 632. 627.
  635. 635. 638. 639. 636. 642. 642. 643. 641. 645. 643. 646.]]
##############################
[[203. 239. 259. 260. 268. 267. 262. 267. 269. 265. 266. 291. 317. 333.
  369. 373. 382. 393. 402. 412. 406. 417. 409. 401. 412. 412. 389. 386.
  398. 400. 397. 390. 399. 404. 404. 410. 410. 420. 412. 411.]
 [750. 750. 750. 750. 750. 750. 750. 750. 750. 750. 750. 750. 750. 749.
  748. 750. 750. 748. 749. 750. 750. 749. 749. 750. 749. 750. 698. 699.
  700. 700. 700. 700. 699. 699. 699. 700. 699. 700. 700. 700.]
 [514. 575. 580. 592. 589. 598. 593. 594. 595. 599. 549. 555. 570. 602.
  606. 631. 635. 658. 652. 661. 662. 669. 669. 675. 674. 676. 637. 637.
  639. 640. 640. 639. 640. 646. 639. 644. 642. 643. 643. 645.]
 [512. 554. 575. 581. 588. 582. 592. 590. 590. 586. 553. 570. 592. 601.
  612. 629. 635. 649. 652. 665. 651. 663. 671. 679. 679. 677. 632. 627.
  635. 635. 638. 639. 636. 642. 642. 643. 641. 645. 643. 646.]]
##############################
[[203. 239. 259. 260. 268. 267. 262. 267. 269. 265. 266. 291. 317. 333.
  369. 373. 382. 393. 402. 412. 406. 417. 409. 401. 412. 412. 413. 386.
  398. 400. 397. 390. 399. 404. 404. 410. 410. 420. 412. 411.]
 [750. 750. 750. 750. 750. 750. 750. 750. 750. 750. 750. 750. 750. 749.
  748. 750. 750. 748. 749. 750. 750. 749. 749. 750. 749. 750. 748. 699.
  700. 700. 700. 700. 699. 699. 699. 700. 699. 700. 700. 700.]
 [514. 575. 580. 592. 589. 598. 593. 594. 595. 599. 549. 555. 570. 602.
  606. 631. 635. 658. 652. 661. 662. 669. 669. 675. 674. 676. 681. 637.
  639. 640. 640. 639. 640. 646. 639. 644. 642. 643. 643. 645.]
 [512. 554. 575. 581. 588. 582. 592. 590. 590. 586. 553. 570. 592. 601.
  612. 629. 635. 649. 652. 665. 651. 663. 671. 679. 679. 677. 678. 627.
  635. 635. 638. 639. 636. 642. 642. 643. 641. 645. 643. 646.]]
##############################
[[203. 239. 259. 260. 268. 267. 262. 267. 269. 265. 266. 291. 317. 333.
  369. 373. 382. 393. 402. 412. 406. 417. 409. 401. 412. 412. 413. 410.
  398. 400. 397. 390. 399. 404. 404. 410. 410. 420. 412. 411.]
 [750. 750. 750. 750. 750. 750. 750. 750. 750. 750. 750. 750. 750. 749.
  748. 750. 750. 748. 749. 750. 750. 749. 749. 750. 749. 750. 748. 749.
  700. 700. 700. 700. 699. 699. 699. 700. 699. 700. 700. 700.]
 [514. 575. 580. 592. 589. 598. 593. 594. 595. 599. 549. 555. 570. 602.
  606. 631. 635. 658. 652. 661. 662. 669. 669. 675. 674. 676. 681. 682.
  639. 640. 640. 639. 640. 646. 639. 644. 642. 643. 643. 645.]
 [512. 554. 575. 581. 588. 582. 592. 590. 590. 586. 553. 570. 592. 601.
  612. 629. 635. 649. 652. 665. 651. 663. 671. 679. 679. 677. 678. 673.
  635. 635. 638. 639. 636. 642. 642. 643. 641. 645. 643. 646.]]
##############################
[[203. 239. 259. 260. 268. 267. 262. 267. 269. 265. 266. 291. 317. 333.
  369. 373. 382. 393. 402. 412. 406. 417. 409. 401. 412. 412. 413. 410.
  420. 400. 397. 390. 399. 404. 404. 410. 410. 420. 412. 411.]
 [750. 750. 750. 750. 750. 750. 750. 750. 750. 750. 750. 750. 750. 749.
  748. 750. 750. 748. 749. 750. 750. 749. 749. 750. 749. 750. 748. 749.
  750. 700. 700. 700. 699. 699. 699. 700. 699. 700. 700. 700.]
 [514. 575. 580. 592. 589. 598. 593. 594. 595. 599. 549. 555. 570. 602.
  606. 631. 635. 658. 652. 661. 662. 669. 669. 675. 674. 676. 681. 682.
  684. 640. 640. 639. 640. 646. 639. 644. 642. 643. 643. 645.]
 [512. 554. 575. 581. 588. 582. 592. 590. 590. 586. 553. 570. 592. 601.
  612. 629. 635. 649. 652. 665. 651. 663. 671. 679. 679. 677. 678. 673.
  681. 635. 638. 639. 636. 642. 642. 643. 641. 645. 643. 646.]]
##############################
[[203. 239. 259. 260. 268. 267. 262. 267. 269. 265. 266. 291. 317. 333.
  369. 373. 382. 393. 402. 412. 406. 417. 409. 401. 412. 412. 413. 410.
  420. 425. 397. 390. 399. 404. 404. 410. 410. 420. 412. 411.]
 [750. 750. 750. 750. 750. 750. 750. 750. 750. 750. 750. 750. 750. 749.
  748. 750. 750. 748. 749. 750. 750. 749. 749. 750. 749. 750. 748. 749.
  750. 750. 700. 700. 699. 699. 699. 700. 699. 700. 700. 700.]
 [514. 575. 580. 592. 589. 598. 593. 594. 595. 599. 549. 555. 570. 602.
  606. 631. 635. 658. 652. 661. 662. 669. 669. 675. 674. 676. 681. 682.
  684. 685. 640. 639. 640. 646. 639. 644. 642. 643. 643. 645.]
 [512. 554. 575. 581. 588. 582. 592. 590. 590. 586. 553. 570. 592. 601.
  612. 629. 635. 649. 652. 665. 651. 663. 671. 679. 679. 677. 678. 673.
  681. 681. 638. 639. 636. 642. 642. 643. 641. 645. 643. 646.]]
##############################
[[203. 239. 259. 260. 268. 267. 262. 267. 269. 265. 266. 291. 317. 333.
  369. 373. 382. 393. 402. 412. 406. 417. 409. 401. 412. 412. 413. 410.
  420. 425. 421. 390. 399. 404. 404. 410. 410. 420. 412. 411.]
 [750. 750. 750. 750. 750. 750. 750. 750. 750. 750. 750. 750. 750. 749.
  748. 750. 750. 748. 749. 750. 750. 749. 749. 750. 749. 750. 748. 749.
  750. 750. 750. 700. 699. 699. 699. 700. 699. 700. 700. 700.]
 [514. 575. 580. 592. 589. 598. 593. 594. 595. 599. 549. 555. 570. 602.
  606. 631. 635. 658. 652. 661. 662. 669. 669. 675. 674. 676. 681. 682.
  684. 685. 687. 639. 640. 646. 639. 644. 642. 643. 643. 645.]
 [512. 554. 575. 581. 588. 582. 592. 590. 590. 586. 553. 570. 592. 601.
  612. 629. 635. 649. 652. 665. 651. 663. 671. 679. 679. 677. 678. 673.
  681. 681. 684. 639. 636. 642. 642. 643. 641. 645. 643. 646.]]
##############################
[[203. 239. 259. 260. 268. 267. 262. 267. 269. 265. 266. 291. 317. 333.
  369. 373. 382. 393. 402. 412. 406. 417. 409. 401. 412. 412. 413. 410.
  420. 425. 421. 412. 399. 404. 404. 410. 410. 420. 412. 411.]
 [750. 750. 750. 750. 750. 750. 750. 750. 750. 750. 750. 750. 750. 749.
  748. 750. 750. 748. 749. 750. 750. 749. 749. 750. 749. 750. 748. 749.
  750. 750. 750. 750. 699. 699. 699. 700. 699. 700. 700. 700.]
 [514. 575. 580. 592. 589. 598. 593. 594. 595. 599. 549. 555. 570. 602.
  606. 631. 635. 658. 652. 661. 662. 669. 669. 675. 674. 676. 681. 682.
  684. 685. 687. 684. 640. 646. 639. 644. 642. 643. 643. 645.]
 [512. 554. 575. 581. 588. 582. 592. 590. 590. 586. 553. 570. 592. 601.
  612. 629. 635. 649. 652. 665. 651. 663. 671. 679. 679. 677. 678. 673.
  681. 681. 684. 685. 636. 642. 642. 643. 641. 645. 643. 646.]]
##############################
[[203. 239. 259. 260. 268. 267. 262. 267. 269. 265. 266. 291. 317. 333.
  369. 373. 382. 393. 402. 412. 406. 417. 409. 401. 412. 412. 413. 410.
  420. 425. 421. 412. 422. 404. 404. 410. 410. 420. 412. 411.]
 [750. 750. 750. 750. 750. 750. 750. 750. 750. 750. 750. 750. 750. 749.
  748. 750. 750. 748. 749. 750. 750. 749. 749. 750. 749. 750. 748. 749.
  750. 750. 750. 750. 749. 699. 699. 700. 699. 700. 700. 700.]
 [514. 575. 580. 592. 589. 598. 593. 594. 595. 599. 549. 555. 570. 602.
  606. 631. 635. 658. 652. 661. 662. 669. 669. 675. 674. 676. 681. 682.
  684. 685. 687. 684. 684. 646. 639. 644. 642. 643. 643. 645.]
 [512. 554. 575. 581. 588. 582. 592. 590. 590. 586. 553. 570. 592. 601.
  612. 629. 635. 649. 652. 665. 651. 663. 671. 679. 679. 677. 678. 673.
  681. 681. 684. 685. 682. 642. 642. 643. 641. 645. 643. 646.]]
##############################
[[203. 239. 259. 260. 268. 267. 262. 267. 269. 265. 266. 291. 317. 333.
  369. 373. 382. 393. 402. 412. 406. 417. 409. 401. 412. 412. 413. 410.
  420. 425. 421. 412. 422. 429. 404. 410. 410. 420. 412. 411.]
 [750. 750. 750. 750. 750. 750. 750. 750. 750. 750. 750. 750. 750. 749.
  748. 750. 750. 748. 749. 750. 750. 749. 749. 750. 749. 750. 748. 749.
  750. 750. 750. 750. 749. 749. 699. 700. 699. 700. 700. 700.]
 [514. 575. 580. 592. 589. 598. 593. 594. 595. 599. 549. 555. 570. 602.
  606. 631. 635. 658. 652. 661. 662. 669. 669. 675. 674. 676. 681. 682.
  684. 685. 687. 684. 684. 690. 639. 644. 642. 643. 643. 645.]
 [512. 554. 575. 581. 588. 582. 592. 590. 590. 586. 553. 570. 592. 601.
  612. 629. 635. 649. 652. 665. 651. 663. 671. 679. 679. 677. 678. 673.
  681. 681. 684. 685. 682. 688. 642. 643. 641. 645. 643. 646.]]
##############################
[[203. 239. 259. 260. 268. 267. 262. 267. 269. 265. 266. 291. 317. 333.
  369. 373. 382. 393. 402. 412. 406. 417. 409. 401. 412. 412. 413. 410.
  420. 425. 421. 412. 422. 429. 429. 410. 410. 420. 412. 411.]
 [750. 750. 750. 750. 750. 750. 750. 750. 750. 750. 750. 750. 750. 749.
  748. 750. 750. 748. 749. 750. 750. 749. 749. 750. 749. 750. 748. 749.
  750. 750. 750. 750. 749. 749. 749. 700. 699. 700. 700. 700.]
 [514. 575. 580. 592. 589. 598. 593. 594. 595. 599. 549. 555. 570. 602.
  606. 631. 635. 658. 652. 661. 662. 669. 669. 675. 674. 676. 681. 682.
  684. 685. 687. 684. 684. 690. 686. 644. 642. 643. 643. 645.]
 [512. 554. 575. 581. 588. 582. 592. 590. 590. 586. 553. 570. 592. 601.
  612. 629. 635. 649. 652. 665. 651. 663. 671. 679. 679. 677. 678. 673.
  681. 681. 684. 685. 682. 688. 689. 643. 641. 645. 643. 646.]]
##############################
[[203. 239. 259. 260. 268. 267. 262. 267. 269. 265. 266. 291. 317. 333.
  369. 373. 382. 393. 402. 412. 406. 417. 409. 401. 412. 412. 413. 410.
  420. 425. 421. 412. 422. 429. 429. 434. 410. 420. 412. 411.]
 [750. 750. 750. 750. 750. 750. 750. 750. 750. 750. 750. 750. 750. 749.
  748. 750. 750. 748. 749. 750. 750. 749. 749. 750. 749. 750. 748. 749.
  750. 750. 750. 750. 749. 749. 749. 750. 699. 700. 700. 700.]
 [514. 575. 580. 592. 589. 598. 593. 594. 595. 599. 549. 555. 570. 602.
  606. 631. 635. 658. 652. 661. 662. 669. 669. 675. 674. 676. 681. 682.
  684. 685. 687. 684. 684. 690. 686. 691. 642. 643. 643. 645.]
 [512. 554. 575. 581. 588. 582. 592. 590. 590. 586. 553. 570. 592. 601.
  612. 629. 635. 649. 652. 665. 651. 663. 671. 679. 679. 677. 678. 673.
  681. 681. 684. 685. 682. 688. 689. 691. 641. 645. 643. 646.]]
##############################
[[203. 239. 259. 260. 268. 267. 262. 267. 269. 265. 266. 291. 317. 333.
  369. 373. 382. 393. 402. 412. 406. 417. 409. 401. 412. 412. 413. 410.
  420. 425. 421. 412. 422. 429. 429. 434. 432. 420. 412. 411.]
 [750. 750. 750. 750. 750. 750. 750. 750. 750. 750. 750. 750. 750. 749.
  748. 750. 750. 748. 749. 750. 750. 749. 749. 750. 749. 750. 748. 749.
  750. 750. 750. 750. 749. 749. 749. 750. 749. 700. 700. 700.]
 [514. 575. 580. 592. 589. 598. 593. 594. 595. 599. 549. 555. 570. 602.
  606. 631. 635. 658. 652. 661. 662. 669. 669. 675. 674. 676. 681. 682.
  684. 685. 687. 684. 684. 690. 686. 691. 686. 643. 643. 645.]
 [512. 554. 575. 581. 588. 582. 592. 590. 590. 586. 553. 570. 592. 601.
  612. 629. 635. 649. 652. 665. 651. 663. 671. 679. 679. 677. 678. 673.
  681. 681. 684. 685. 682. 688. 689. 691. 689. 645. 643. 646.]]
##############################
[[203. 239. 259. 260. 268. 267. 262. 267. 269. 265. 266. 291. 317. 333.
  369. 373. 382. 393. 402. 412. 406. 417. 409. 401. 412. 412. 413. 410.
  420. 425. 421. 412. 422. 429. 429. 434. 432. 443. 412. 411.]
 [750. 750. 750. 750. 750. 750. 750. 750. 750. 750. 750. 750. 750. 749.
  748. 750. 750. 748. 749. 750. 750. 749. 749. 750. 749. 750. 748. 749.
  750. 750. 750. 750. 749. 749. 749. 750. 749. 750. 700. 700.]
 [514. 575. 580. 592. 589. 598. 593. 594. 595. 599. 549. 555. 570. 602.
  606. 631. 635. 658. 652. 661. 662. 669. 669. 675. 674. 676. 681. 682.
  684. 685. 687. 684. 684. 690. 686. 691. 686. 688. 643. 645.]
 [512. 554. 575. 581. 588. 582. 592. 590. 590. 586. 553. 570. 592. 601.
  612. 629. 635. 649. 652. 665. 651. 663. 671. 679. 679. 677. 678. 673.
  681. 681. 684. 685. 682. 688. 689. 691. 689. 691. 643. 646.]]
##############################
[[203. 239. 259. 260. 268. 267. 262. 267. 269. 265. 266. 291. 317. 333.
  369. 373. 382. 393. 402. 412. 406. 417. 409. 401. 412. 412. 413. 410.
  420. 425. 421. 412. 422. 429. 429. 434. 432. 443. 436. 411.]
 [750. 750. 750. 750. 750. 750. 750. 750. 750. 750. 750. 750. 750. 749.
  748. 750. 750. 748. 749. 750. 750. 749. 749. 750. 749. 750. 748. 749.
  750. 750. 750. 750. 749. 749. 749. 750. 749. 750. 750. 700.]
 [514. 575. 580. 592. 589. 598. 593. 594. 595. 599. 549. 555. 570. 602.
  606. 631. 635. 658. 652. 661. 662. 669. 669. 675. 674. 676. 681. 682.
  684. 685. 687. 684. 684. 690. 686. 691. 686. 688. 688. 645.]
 [512. 554. 575. 581. 588. 582. 592. 590. 590. 586. 553. 570. 592. 601.
  612. 629. 635. 649. 652. 665. 651. 663. 671. 679. 679. 677. 678. 673.
  681. 681. 684. 685. 682. 688. 689. 691. 689. 691. 691. 646.]]
##############################
[[203. 239. 259. 260. 268. 267. 262. 267. 269. 265. 266. 291. 317. 333.
  369. 373. 382. 393. 402. 412. 406. 417. 409. 401. 412. 412. 413. 410.
  420. 425. 421. 412. 422. 429. 429. 434. 432. 443. 436. 435.]
 [750. 750. 750. 750. 750. 750. 750. 750. 750. 750. 750. 750. 750. 749.
  748. 750. 750. 748. 749. 750. 750. 749. 749. 750. 749. 750. 748. 749.
  750. 750. 750. 750. 749. 749. 749. 750. 749. 750. 750. 750.]
 [514. 575. 580. 592. 589. 598. 593. 594. 595. 599. 549. 555. 570. 602.
  606. 631. 635. 658. 652. 661. 662. 669. 669. 675. 674. 676. 681. 682.
  684. 685. 687. 684. 684. 690. 686. 691. 686. 688. 688. 689.]
 [512. 554. 575. 581. 588. 582. 592. 590. 590. 586. 553. 570. 592. 601.
  612. 629. 635. 649. 652. 665. 651. 663. 671. 679. 679. 677. 678. 673.
  681. 681. 684. 685. 682. 688. 689. 691. 689. 691. 691. 694.]]
##############################
##################################################
##################################################
starting :16 batch
[[218. 239. 259. 260. 268. 267. 262. 267. 269. 265. 266. 291. 317. 333.
  369. 373. 382. 393. 402. 412. 406. 417. 409. 401. 412. 412. 413. 410.
  420. 425. 421. 412. 422. 429. 429. 434. 432. 443. 436. 435.]
 [800. 750. 750. 750. 750. 750. 750. 750. 750. 750. 750. 750. 750. 749.
  748. 750. 750. 748. 749. 750. 750. 749. 749. 750. 749. 750. 748. 749.
  750. 750. 750. 750. 749. 749. 749. 750. 749. 750. 750. 750.]
 [549. 575. 580. 592. 589. 598. 593. 594. 595. 599. 549. 555. 570. 602.
  606. 631. 635. 658. 652. 661. 662. 669. 669. 675. 674. 676. 681. 682.
  684. 685. 687. 684. 684. 690. 686. 691. 686. 688. 688. 689.]
 [549. 554. 575. 581. 588. 582. 592. 590. 590. 586. 553. 570. 592. 601.
  612. 629. 635. 649. 652. 665. 651. 663. 671. 679. 679. 677. 678. 673.
  681. 681. 684. 685. 682. 688. 689. 691. 689. 691. 691. 694.]]
##############################
[[218. 256. 259. 260. 268. 267. 262. 267. 269. 265. 266. 291. 317. 333.
  369. 373. 382. 393. 402. 412. 406. 417. 409. 401. 412. 412. 413. 410.
  420. 425. 421. 412. 422. 429. 429. 434. 432. 443. 436. 435.]
 [800. 800. 750. 750. 750. 750. 750. 750. 750. 750. 750. 750. 750. 749.
  748. 750. 750. 748. 749. 750. 750. 749. 749. 750. 749. 750. 748. 749.
  750. 750. 750. 750. 749. 749. 749. 750. 749. 750. 750. 750.]
 [549. 613. 580. 592. 589. 598. 593. 594. 595. 599. 549. 555. 570. 602.
  606. 631. 635. 658. 652. 661. 662. 669. 669. 675. 674. 676. 681. 682.
  684. 685. 687. 684. 684. 690. 686. 691. 686. 688. 688. 689.]
 [549. 592. 575. 581. 588. 582. 592. 590. 590. 586. 553. 570. 592. 601.
  612. 629. 635. 649. 652. 665. 651. 663. 671. 679. 679. 677. 678. 673.
  681. 681. 684. 685. 682. 688. 689. 691. 689. 691. 691. 694.]]
##############################
[[218. 256. 279. 260. 268. 267. 262. 267. 269. 265. 266. 291. 317. 333.
  369. 373. 382. 393. 402. 412. 406. 417. 409. 401. 412. 412. 413. 410.
  420. 425. 421. 412. 422. 429. 429. 434. 432. 443. 436. 435.]
 [800. 800. 800. 750. 750. 750. 750. 750. 750. 750. 750. 750. 750. 749.
  748. 750. 750. 748. 749. 750. 750. 749. 749. 750. 749. 750. 748. 749.
  750. 750. 750. 750. 749. 749. 749. 750. 749. 750. 750. 750.]
 [549. 613. 617. 592. 589. 598. 593. 594. 595. 599. 549. 555. 570. 602.
  606. 631. 635. 658. 652. 661. 662. 669. 669. 675. 674. 676. 681. 682.
  684. 685. 687. 684. 684. 690. 686. 691. 686. 688. 688. 689.]
 [549. 592. 612. 581. 588. 582. 592. 590. 590. 586. 553. 570. 592. 601.
  612. 629. 635. 649. 652. 665. 651. 663. 671. 679. 679. 677. 678. 673.
  681. 681. 684. 685. 682. 688. 689. 691. 689. 691. 691. 694.]]
##############################
[[218. 256. 279. 281. 268. 267. 262. 267. 269. 265. 266. 291. 317. 333.
  369. 373. 382. 393. 402. 412. 406. 417. 409. 401. 412. 412. 413. 410.
  420. 425. 421. 412. 422. 429. 429. 434. 432. 443. 436. 435.]
 [800. 800. 800. 800. 750. 750. 750. 750. 750. 750. 750. 750. 750. 749.
  748. 750. 750. 748. 749. 750. 750. 749. 749. 750. 749. 750. 748. 749.
  750. 750. 750. 750. 749. 749. 749. 750. 749. 750. 750. 750.]
 [549. 613. 617. 631. 589. 598. 593. 594. 595. 599. 549. 555. 570. 602.
  606. 631. 635. 658. 652. 661. 662. 669. 669. 675. 674. 676. 681. 682.
  684. 685. 687. 684. 684. 690. 686. 691. 686. 688. 688. 689.]
 [549. 592. 612. 619. 588. 582. 592. 590. 590. 586. 553. 570. 592. 601.
  612. 629. 635. 649. 652. 665. 651. 663. 671. 679. 679. 677. 678. 673.
  681. 681. 684. 685. 682. 688. 689. 691. 689. 691. 691. 694.]]
##############################
[[218. 256. 279. 281. 288. 267. 262. 267. 269. 265. 266. 291. 317. 333.
  369. 373. 382. 393. 402. 412. 406. 417. 409. 401. 412. 412. 413. 410.
  420. 425. 421. 412. 422. 429. 429. 434. 432. 443. 436. 435.]
 [800. 800. 800. 800. 800. 750. 750. 750. 750. 750. 750. 750. 750. 749.
  748. 750. 750. 748. 749. 750. 750. 749. 749. 750. 749. 750. 748. 749.
  750. 750. 750. 750. 749. 749. 749. 750. 749. 750. 750. 750.]
 [549. 613. 617. 631. 627. 598. 593. 594. 595. 599. 549. 555. 570. 602.
  606. 631. 635. 658. 652. 661. 662. 669. 669. 675. 674. 676. 681. 682.
  684. 685. 687. 684. 684. 690. 686. 691. 686. 688. 688. 689.]
 [549. 592. 612. 619. 626. 582. 592. 590. 590. 586. 553. 570. 592. 601.
  612. 629. 635. 649. 652. 665. 651. 663. 671. 679. 679. 677. 678. 673.
  681. 681. 684. 685. 682. 688. 689. 691. 689. 691. 691. 694.]]
##############################
[[218. 256. 279. 281. 288. 288. 262. 267. 269. 265. 266. 291. 317. 333.
  369. 373. 382. 393. 402. 412. 406. 417. 409. 401. 412. 412. 413. 410.
  420. 425. 421. 412. 422. 429. 429. 434. 432. 443. 436. 435.]
 [800. 800. 800. 800. 800. 800. 750. 750. 750. 750. 750. 750. 750. 749.
  748. 750. 750. 748. 749. 750. 750. 749. 749. 750. 749. 750. 748. 749.
  750. 750. 750. 750. 749. 749. 749. 750. 749. 750. 750. 750.]
 [549. 613. 617. 631. 627. 636. 593. 594. 595. 599. 549. 555. 570. 602.
  606. 631. 635. 658. 652. 661. 662. 669. 669. 675. 674. 676. 681. 682.
  684. 685. 687. 684. 684. 690. 686. 691. 686. 688. 688. 689.]
 [549. 592. 612. 619. 626. 621. 592. 590. 590. 586. 553. 570. 592. 601.
  612. 629. 635. 649. 652. 665. 651. 663. 671. 679. 679. 677. 678. 673.
  681. 681. 684. 685. 682. 688. 689. 691. 689. 691. 691. 694.]]
##############################
[[218. 256. 279. 281. 288. 288. 283. 267. 269. 265. 266. 291. 317. 333.
  369. 373. 382. 393. 402. 412. 406. 417. 409. 401. 412. 412. 413. 410.
  420. 425. 421. 412. 422. 429. 429. 434. 432. 443. 436. 435.]
 [800. 800. 800. 800. 800. 800. 800. 750. 750. 750. 750. 750. 750. 749.
  748. 750. 750. 748. 749. 750. 750. 749. 749. 750. 749. 750. 748. 749.
  750. 750. 750. 750. 749. 749. 749. 750. 749. 750. 750. 750.]
 [549. 613. 617. 631. 627. 636. 632. 594. 595. 599. 549. 555. 570. 602.
  606. 631. 635. 658. 652. 661. 662. 669. 669. 675. 674. 676. 681. 682.
  684. 685. 687. 684. 684. 690. 686. 691. 686. 688. 688. 689.]
 [549. 592. 612. 619. 626. 621. 631. 590. 590. 586. 553. 570. 592. 601.
  612. 629. 635. 649. 652. 665. 651. 663. 671. 679. 679. 677. 678. 673.
  681. 681. 684. 685. 682. 688. 689. 691. 689. 691. 691. 694.]]
##############################
[[218. 256. 279. 281. 288. 288. 283. 287. 269. 265. 266. 291. 317. 333.
  369. 373. 382. 393. 402. 412. 406. 417. 409. 401. 412. 412. 413. 410.
  420. 425. 421. 412. 422. 429. 429. 434. 432. 443. 436. 435.]
 [800. 800. 800. 800. 800. 800. 800. 800. 750. 750. 750. 750. 750. 749.
  748. 750. 750. 748. 749. 750. 750. 749. 749. 750. 749. 750. 748. 749.
  750. 750. 750. 750. 749. 749. 749. 750. 749. 750. 750. 750.]
 [549. 613. 617. 631. 627. 636. 632. 633. 595. 599. 549. 555. 570. 602.
  606. 631. 635. 658. 652. 661. 662. 669. 669. 675. 674. 676. 681. 682.
  684. 685. 687. 684. 684. 690. 686. 691. 686. 688. 688. 689.]
 [549. 592. 612. 619. 626. 621. 631. 629. 590. 586. 553. 570. 592. 601.
  612. 629. 635. 649. 652. 665. 651. 663. 671. 679. 679. 677. 678. 673.
  681. 681. 684. 685. 682. 688. 689. 691. 689. 691. 691. 694.]]
##############################
[[218. 256. 279. 281. 288. 288. 283. 287. 290. 265. 266. 291. 317. 333.
  369. 373. 382. 393. 402. 412. 406. 417. 409. 401. 412. 412. 413. 410.
  420. 425. 421. 412. 422. 429. 429. 434. 432. 443. 436. 435.]
 [800. 800. 800. 800. 800. 800. 800. 800. 800. 750. 750. 750. 750. 749.
  748. 750. 750. 748. 749. 750. 750. 749. 749. 750. 749. 750. 748. 749.
  750. 750. 750. 750. 749. 749. 749. 750. 749. 750. 750. 750.]
 [549. 613. 617. 631. 627. 636. 632. 633. 635. 599. 549. 555. 570. 602.
  606. 631. 635. 658. 652. 661. 662. 669. 669. 675. 674. 676. 681. 682.
  684. 685. 687. 684. 684. 690. 686. 691. 686. 688. 688. 689.]
 [549. 592. 612. 619. 626. 621. 631. 629. 630. 586. 553. 570. 592. 601.
  612. 629. 635. 649. 652. 665. 651. 663. 671. 679. 679. 677. 678. 673.
  681. 681. 684. 685. 682. 688. 689. 691. 689. 691. 691. 694.]]
##############################
[[218. 256. 279. 281. 288. 288. 283. 287. 290. 287. 266. 291. 317. 333.
  369. 373. 382. 393. 402. 412. 406. 417. 409. 401. 412. 412. 413. 410.
  420. 425. 421. 412. 422. 429. 429. 434. 432. 443. 436. 435.]
 [800. 800. 800. 800. 800. 800. 800. 800. 800. 800. 750. 750. 750. 749.
  748. 750. 750. 748. 749. 750. 750. 749. 749. 750. 749. 750. 748. 749.
  750. 750. 750. 750. 749. 749. 749. 750. 749. 750. 750. 750.]
 [549. 613. 617. 631. 627. 636. 632. 633. 635. 640. 549. 555. 570. 602.
  606. 631. 635. 658. 652. 661. 662. 669. 669. 675. 674. 676. 681. 682.
  684. 685. 687. 684. 684. 690. 686. 691. 686. 688. 688. 689.]
 [549. 592. 612. 619. 626. 621. 631. 629. 630. 626. 553. 570. 592. 601.
  612. 629. 635. 649. 652. 665. 651. 663. 671. 679. 679. 677. 678. 673.
  681. 681. 684. 685. 682. 688. 689. 691. 689. 691. 691. 694.]]
##############################
[[218. 256. 279. 281. 288. 288. 283. 287. 290. 287. 289. 291. 317. 333.
  369. 373. 382. 393. 402. 412. 406. 417. 409. 401. 412. 412. 413. 410.
  420. 425. 421. 412. 422. 429. 429. 434. 432. 443. 436. 435.]
 [800. 800. 800. 800. 800. 800. 800. 800. 800. 800. 800. 750. 750. 749.
  748. 750. 750. 748. 749. 750. 750. 749. 749. 750. 749. 750. 748. 749.
  750. 750. 750. 750. 749. 749. 749. 750. 749. 750. 750. 750.]
 [549. 613. 617. 631. 627. 636. 632. 633. 635. 640. 586. 555. 570. 602.
  606. 631. 635. 658. 652. 661. 662. 669. 669. 675. 674. 676. 681. 682.
  684. 685. 687. 684. 684. 690. 686. 691. 686. 688. 688. 689.]
 [549. 592. 612. 619. 626. 621. 631. 629. 630. 626. 590. 570. 592. 601.
  612. 629. 635. 649. 652. 665. 651. 663. 671. 679. 679. 677. 678. 673.
  681. 681. 684. 685. 682. 688. 689. 691. 689. 691. 691. 694.]]
##############################
[[218. 256. 279. 281. 288. 288. 283. 287. 290. 287. 289. 315. 317. 333.
  369. 373. 382. 393. 402. 412. 406. 417. 409. 401. 412. 412. 413. 410.
  420. 425. 421. 412. 422. 429. 429. 434. 432. 443. 436. 435.]
 [800. 800. 800. 800. 800. 800. 800. 800. 800. 800. 800. 800. 750. 749.
  748. 750. 750. 748. 749. 750. 750. 749. 749. 750. 749. 750. 748. 749.
  750. 750. 750. 750. 749. 749. 749. 750. 749. 750. 750. 750.]
 [549. 613. 617. 631. 627. 636. 632. 633. 635. 640. 586. 591. 570. 602.
  606. 631. 635. 658. 652. 661. 662. 669. 669. 675. 674. 676. 681. 682.
  684. 685. 687. 684. 684. 690. 686. 691. 686. 688. 688. 689.]
 [549. 592. 612. 619. 626. 621. 631. 629. 630. 626. 590. 612. 592. 601.
  612. 629. 635. 649. 652. 665. 651. 663. 671. 679. 679. 677. 678. 673.
  681. 681. 684. 685. 682. 688. 689. 691. 689. 691. 691. 694.]]
##############################
[[218. 256. 279. 281. 288. 288. 283. 287. 290. 287. 289. 315. 343. 333.
  369. 373. 382. 393. 402. 412. 406. 417. 409. 401. 412. 412. 413. 410.
  420. 425. 421. 412. 422. 429. 429. 434. 432. 443. 436. 435.]
 [800. 800. 800. 800. 800. 800. 800. 800. 800. 800. 800. 800. 800. 749.
  748. 750. 750. 748. 749. 750. 750. 749. 749. 750. 749. 750. 748. 749.
  750. 750. 750. 750. 749. 749. 749. 750. 749. 750. 750. 750.]
 [549. 613. 617. 631. 627. 636. 632. 633. 635. 640. 586. 591. 612. 602.
  606. 631. 635. 658. 652. 661. 662. 669. 669. 675. 674. 676. 681. 682.
  684. 685. 687. 684. 684. 690. 686. 691. 686. 688. 688. 689.]
 [549. 592. 612. 619. 626. 621. 631. 629. 630. 626. 590. 612. 636. 601.
  612. 629. 635. 649. 652. 665. 651. 663. 671. 679. 679. 677. 678. 673.
  681. 681. 684. 685. 682. 688. 689. 691. 689. 691. 691. 694.]]
##############################
[[218. 256. 279. 281. 288. 288. 283. 287. 290. 287. 289. 315. 343. 357.
  369. 373. 382. 393. 402. 412. 406. 417. 409. 401. 412. 412. 413. 410.
  420. 425. 421. 412. 422. 429. 429. 434. 432. 443. 436. 435.]
 [800. 800. 800. 800. 800. 800. 800. 800. 800. 800. 800. 800. 800. 799.
  748. 750. 750. 748. 749. 750. 750. 749. 749. 750. 749. 750. 748. 749.
  750. 750. 750. 750. 749. 749. 749. 750. 749. 750. 750. 750.]
 [549. 613. 617. 631. 627. 636. 632. 633. 635. 640. 586. 591. 612. 643.
  606. 631. 635. 658. 652. 661. 662. 669. 669. 675. 674. 676. 681. 682.
  684. 685. 687. 684. 684. 690. 686. 691. 686. 688. 688. 689.]
 [549. 592. 612. 619. 626. 621. 631. 629. 630. 626. 590. 612. 636. 645.
  612. 629. 635. 649. 652. 665. 651. 663. 671. 679. 679. 677. 678. 673.
  681. 681. 684. 685. 682. 688. 689. 691. 689. 691. 691. 694.]]
##############################
[[218. 256. 279. 281. 288. 288. 283. 287. 290. 287. 289. 315. 343. 357.
  393. 373. 382. 393. 402. 412. 406. 417. 409. 401. 412. 412. 413. 410.
  420. 425. 421. 412. 422. 429. 429. 434. 432. 443. 436. 435.]
 [800. 800. 800. 800. 800. 800. 800. 800. 800. 800. 800. 800. 800. 799.
  798. 750. 750. 748. 749. 750. 750. 749. 749. 750. 749. 750. 748. 749.
  750. 750. 750. 750. 749. 749. 749. 750. 749. 750. 750. 750.]
 [549. 613. 617. 631. 627. 636. 632. 633. 635. 640. 586. 591. 612. 643.
  647. 631. 635. 658. 652. 661. 662. 669. 669. 675. 674. 676. 681. 682.
  684. 685. 687. 684. 684. 690. 686. 691. 686. 688. 688. 689.]
 [549. 592. 612. 619. 626. 621. 631. 629. 630. 626. 590. 612. 636. 645.
  653. 629. 635. 649. 652. 665. 651. 663. 671. 679. 679. 677. 678. 673.
  681. 681. 684. 685. 682. 688. 689. 691. 689. 691. 691. 694.]]
##############################
[[218. 256. 279. 281. 288. 288. 283. 287. 290. 287. 289. 315. 343. 357.
  393. 402. 382. 393. 402. 412. 406. 417. 409. 401. 412. 412. 413. 410.
  420. 425. 421. 412. 422. 429. 429. 434. 432. 443. 436. 435.]
 [800. 800. 800. 800. 800. 800. 800. 800. 800. 800. 800. 800. 800. 799.
  798. 800. 750. 748. 749. 750. 750. 749. 749. 750. 749. 750. 748. 749.
  750. 750. 750. 750. 749. 749. 749. 750. 749. 750. 750. 750.]
 [549. 613. 617. 631. 627. 636. 632. 633. 635. 640. 586. 591. 612. 643.
  647. 673. 635. 658. 652. 661. 662. 669. 669. 675. 674. 676. 681. 682.
  684. 685. 687. 684. 684. 690. 686. 691. 686. 688. 688. 689.]
 [549. 592. 612. 619. 626. 621. 631. 629. 630. 626. 590. 612. 636. 645.
  653. 671. 635. 649. 652. 665. 651. 663. 671. 679. 679. 677. 678. 673.
  681. 681. 684. 685. 682. 688. 689. 691. 689. 691. 691. 694.]]
##############################
[[218. 256. 279. 281. 288. 288. 283. 287. 290. 287. 289. 315. 343. 357.
  393. 402. 412. 393. 402. 412. 406. 417. 409. 401. 412. 412. 413. 410.
  420. 425. 421. 412. 422. 429. 429. 434. 432. 443. 436. 435.]
 [800. 800. 800. 800. 800. 800. 800. 800. 800. 800. 800. 800. 800. 799.
  798. 800. 800. 748. 749. 750. 750. 749. 749. 750. 749. 750. 748. 749.
  750. 750. 750. 750. 749. 749. 749. 750. 749. 750. 750. 750.]
 [549. 613. 617. 631. 627. 636. 632. 633. 635. 640. 586. 591. 612. 643.
  647. 673. 679. 658. 652. 661. 662. 669. 669. 675. 674. 676. 681. 682.
  684. 685. 687. 684. 684. 690. 686. 691. 686. 688. 688. 689.]
 [549. 592. 612. 619. 626. 621. 631. 629. 630. 626. 590. 612. 636. 645.
  653. 671. 679. 649. 652. 665. 651. 663. 671. 679. 679. 677. 678. 673.
  681. 681. 684. 685. 682. 688. 689. 691. 689. 691. 691. 694.]]
##############################
[[218. 256. 279. 281. 288. 288. 283. 287. 290. 287. 289. 315. 343. 357.
  393. 402. 412. 422. 402. 412. 406. 417. 409. 401. 412. 412. 413. 410.
  420. 425. 421. 412. 422. 429. 429. 434. 432. 443. 436. 435.]
 [800. 800. 800. 800. 800. 800. 800. 800. 800. 800. 800. 800. 800. 799.
  798. 800. 800. 798. 749. 750. 750. 749. 749. 750. 749. 750. 748. 749.
  750. 750. 750. 750. 749. 749. 749. 750. 749. 750. 750. 750.]
 [549. 613. 617. 631. 627. 636. 632. 633. 635. 640. 586. 591. 612. 643.
  647. 673. 679. 702. 652. 661. 662. 669. 669. 675. 674. 676. 681. 682.
  684. 685. 687. 684. 684. 690. 686. 691. 686. 688. 688. 689.]
 [549. 592. 612. 619. 626. 621. 631. 629. 630. 626. 590. 612. 636. 645.
  653. 671. 679. 693. 652. 665. 651. 663. 671. 679. 679. 677. 678. 673.
  681. 681. 684. 685. 682. 688. 689. 691. 689. 691. 691. 694.]]
##############################
[[218. 256. 279. 281. 288. 288. 283. 287. 290. 287. 289. 315. 343. 357.
  393. 402. 412. 422. 431. 412. 406. 417. 409. 401. 412. 412. 413. 410.
  420. 425. 421. 412. 422. 429. 429. 434. 432. 443. 436. 435.]
 [800. 800. 800. 800. 800. 800. 800. 800. 800. 800. 800. 800. 800. 799.
  798. 800. 800. 798. 799. 750. 750. 749. 749. 750. 749. 750. 748. 749.
  750. 750. 750. 750. 749. 749. 749. 750. 749. 750. 750. 750.]
 [549. 613. 617. 631. 627. 636. 632. 633. 635. 640. 586. 591. 612. 643.
  647. 673. 679. 702. 697. 661. 662. 669. 669. 675. 674. 676. 681. 682.
  684. 685. 687. 684. 684. 690. 686. 691. 686. 688. 688. 689.]
 [549. 592. 612. 619. 626. 621. 631. 629. 630. 626. 590. 612. 636. 645.
  653. 671. 679. 693. 698. 665. 651. 663. 671. 679. 679. 677. 678. 673.
  681. 681. 684. 685. 682. 688. 689. 691. 689. 691. 691. 694.]]
##############################
[[218. 256. 279. 281. 288. 288. 283. 287. 290. 287. 289. 315. 343. 357.
  393. 402. 412. 422. 431. 443. 406. 417. 409. 401. 412. 412. 413. 410.
  420. 425. 421. 412. 422. 429. 429. 434. 432. 443. 436. 435.]
 [800. 800. 800. 800. 800. 800. 800. 800. 800. 800. 800. 800. 800. 799.
  798. 800. 800. 798. 799. 800. 750. 749. 749. 750. 749. 750. 748. 749.
  750. 750. 750. 750. 749. 749. 749. 750. 749. 750. 750. 750.]
 [549. 613. 617. 631. 627. 636. 632. 633. 635. 640. 586. 591. 612. 643.
  647. 673. 679. 702. 697. 707. 662. 669. 669. 675. 674. 676. 681. 682.
  684. 685. 687. 684. 684. 690. 686. 691. 686. 688. 688. 689.]
 [549. 592. 612. 619. 626. 621. 631. 629. 630. 626. 590. 612. 636. 645.
  653. 671. 679. 693. 698. 711. 651. 663. 671. 679. 679. 677. 678. 673.
  681. 681. 684. 685. 682. 688. 689. 691. 689. 691. 691. 694.]]
##############################
[[218. 256. 279. 281. 288. 288. 283. 287. 290. 287. 289. 315. 343. 357.
  393. 402. 412. 422. 431. 443. 437. 417. 409. 401. 412. 412. 413. 410.
  420. 425. 421. 412. 422. 429. 429. 434. 432. 443. 436. 435.]
 [800. 800. 800. 800. 800. 800. 800. 800. 800. 800. 800. 800. 800. 799.
  798. 800. 800. 798. 799. 800. 800. 749. 749. 750. 749. 750. 748. 749.
  750. 750. 750. 750. 749. 749. 749. 750. 749. 750. 750. 750.]
 [549. 613. 617. 631. 627. 636. 632. 633. 635. 640. 586. 591. 612. 643.
  647. 673. 679. 702. 697. 707. 708. 669. 669. 675. 674. 676. 681. 682.
  684. 685. 687. 684. 684. 690. 686. 691. 686. 688. 688. 689.]
 [549. 592. 612. 619. 626. 621. 631. 629. 630. 626. 590. 612. 636. 645.
  653. 671. 679. 693. 698. 711. 696. 663. 671. 679. 679. 677. 678. 673.
  681. 681. 684. 685. 682. 688. 689. 691. 689. 691. 691. 694.]]
##############################
[[218. 256. 279. 281. 288. 288. 283. 287. 290. 287. 289. 315. 343. 357.
  393. 402. 412. 422. 431. 443. 437. 449. 409. 401. 412. 412. 413. 410.
  420. 425. 421. 412. 422. 429. 429. 434. 432. 443. 436. 435.]
 [800. 800. 800. 800. 800. 800. 800. 800. 800. 800. 800. 800. 800. 799.
  798. 800. 800. 798. 799. 800. 800. 799. 749. 750. 749. 750. 748. 749.
  750. 750. 750. 750. 749. 749. 749. 750. 749. 750. 750. 750.]
 [549. 613. 617. 631. 627. 636. 632. 633. 635. 640. 586. 591. 612. 643.
  647. 673. 679. 702. 697. 707. 708. 716. 669. 675. 674. 676. 681. 682.
  684. 685. 687. 684. 684. 690. 686. 691. 686. 688. 688. 689.]
 [549. 592. 612. 619. 626. 621. 631. 629. 630. 626. 590. 612. 636. 645.
  653. 671. 679. 693. 698. 711. 696. 708. 671. 679. 679. 677. 678. 673.
  681. 681. 684. 685. 682. 688. 689. 691. 689. 691. 691. 694.]]
##############################
[[218. 256. 279. 281. 288. 288. 283. 287. 290. 287. 289. 315. 343. 357.
  393. 402. 412. 422. 431. 443. 437. 449. 440. 401. 412. 412. 413. 410.
  420. 425. 421. 412. 422. 429. 429. 434. 432. 443. 436. 435.]
 [800. 800. 800. 800. 800. 800. 800. 800. 800. 800. 800. 800. 800. 799.
  798. 800. 800. 798. 799. 800. 800. 799. 799. 750. 749. 750. 748. 749.
  750. 750. 750. 750. 749. 749. 749. 750. 749. 750. 750. 750.]
 [549. 613. 617. 631. 627. 636. 632. 633. 635. 640. 586. 591. 612. 643.
  647. 673. 679. 702. 697. 707. 708. 716. 716. 675. 674. 676. 681. 682.
  684. 685. 687. 684. 684. 690. 686. 691. 686. 688. 688. 689.]
 [549. 592. 612. 619. 626. 621. 631. 629. 630. 626. 590. 612. 636. 645.
  653. 671. 679. 693. 698. 711. 696. 708. 714. 679. 679. 677. 678. 673.
  681. 681. 684. 685. 682. 688. 689. 691. 689. 691. 691. 694.]]
##############################
[[218. 256. 279. 281. 288. 288. 283. 287. 290. 287. 289. 315. 343. 357.
  393. 402. 412. 422. 431. 443. 437. 449. 440. 432. 412. 412. 413. 410.
  420. 425. 421. 412. 422. 429. 429. 434. 432. 443. 436. 435.]
 [800. 800. 800. 800. 800. 800. 800. 800. 800. 800. 800. 800. 800. 799.
  798. 800. 800. 798. 799. 800. 800. 799. 799. 800. 749. 750. 748. 749.
  750. 750. 750. 750. 749. 749. 749. 750. 749. 750. 750. 750.]
 [549. 613. 617. 631. 627. 636. 632. 633. 635. 640. 586. 591. 612. 643.
  647. 673. 679. 702. 697. 707. 708. 716. 716. 722. 674. 676. 681. 682.
  684. 685. 687. 684. 684. 690. 686. 691. 686. 688. 688. 689.]
 [549. 592. 612. 619. 626. 621. 631. 629. 630. 626. 590. 612. 636. 645.
  653. 671. 679. 693. 698. 711. 696. 708. 714. 724. 679. 677. 678. 673.
  681. 681. 684. 685. 682. 688. 689. 691. 689. 691. 691. 694.]]
##############################
[[218. 256. 279. 281. 288. 288. 283. 287. 290. 287. 289. 315. 343. 357.
  393. 402. 412. 422. 431. 443. 437. 449. 440. 432. 443. 412. 413. 410.
  420. 425. 421. 412. 422. 429. 429. 434. 432. 443. 436. 435.]
 [800. 800. 800. 800. 800. 800. 800. 800. 800. 800. 800. 800. 800. 799.
  798. 800. 800. 798. 799. 800. 800. 799. 799. 800. 799. 750. 748. 749.
  750. 750. 750. 750. 749. 749. 749. 750. 749. 750. 750. 750.]
 [549. 613. 617. 631. 627. 636. 632. 633. 635. 640. 586. 591. 612. 643.
  647. 673. 679. 702. 697. 707. 708. 716. 716. 722. 721. 676. 681. 682.
  684. 685. 687. 684. 684. 690. 686. 691. 686. 688. 688. 689.]
 [549. 592. 612. 619. 626. 621. 631. 629. 630. 626. 590. 612. 636. 645.
  653. 671. 679. 693. 698. 711. 696. 708. 714. 724. 722. 677. 678. 673.
  681. 681. 684. 685. 682. 688. 689. 691. 689. 691. 691. 694.]]
##############################
[[218. 256. 279. 281. 288. 288. 283. 287. 290. 287. 289. 315. 343. 357.
  393. 402. 412. 422. 431. 443. 437. 449. 440. 432. 443. 442. 413. 410.
  420. 425. 421. 412. 422. 429. 429. 434. 432. 443. 436. 435.]
 [800. 800. 800. 800. 800. 800. 800. 800. 800. 800. 800. 800. 800. 799.
  798. 800. 800. 798. 799. 800. 800. 799. 799. 800. 799. 800. 748. 749.
  750. 750. 750. 750. 749. 749. 749. 750. 749. 750. 750. 750.]
 [549. 613. 617. 631. 627. 636. 632. 633. 635. 640. 586. 591. 612. 643.
  647. 673. 679. 702. 697. 707. 708. 716. 716. 722. 721. 722. 681. 682.
  684. 685. 687. 684. 684. 690. 686. 691. 686. 688. 688. 689.]
 [549. 592. 612. 619. 626. 621. 631. 629. 630. 626. 590. 612. 636. 645.
  653. 671. 679. 693. 698. 711. 696. 708. 714. 724. 722. 721. 678. 673.
  681. 681. 684. 685. 682. 688. 689. 691. 689. 691. 691. 694.]]
##############################
[[218. 256. 279. 281. 288. 288. 283. 287. 290. 287. 289. 315. 343. 357.
  393. 402. 412. 422. 431. 443. 437. 449. 440. 432. 443. 442. 444. 410.
  420. 425. 421. 412. 422. 429. 429. 434. 432. 443. 436. 435.]
 [800. 800. 800. 800. 800. 800. 800. 800. 800. 800. 800. 800. 800. 799.
  798. 800. 800. 798. 799. 800. 800. 799. 799. 800. 799. 800. 798. 749.
  750. 750. 750. 750. 749. 749. 749. 750. 749. 750. 750. 750.]
 [549. 613. 617. 631. 627. 636. 632. 633. 635. 640. 586. 591. 612. 643.
  647. 673. 679. 702. 697. 707. 708. 716. 716. 722. 721. 722. 728. 682.
  684. 685. 687. 684. 684. 690. 686. 691. 686. 688. 688. 689.]
 [549. 592. 612. 619. 626. 621. 631. 629. 630. 626. 590. 612. 636. 645.
  653. 671. 679. 693. 698. 711. 696. 708. 714. 724. 722. 721. 722. 673.
  681. 681. 684. 685. 682. 688. 689. 691. 689. 691. 691. 694.]]
##############################
[[218. 256. 279. 281. 288. 288. 283. 287. 290. 287. 289. 315. 343. 357.
  393. 402. 412. 422. 431. 443. 437. 449. 440. 432. 443. 442. 444. 439.
  420. 425. 421. 412. 422. 429. 429. 434. 432. 443. 436. 435.]
 [800. 800. 800. 800. 800. 800. 800. 800. 800. 800. 800. 800. 800. 799.
  798. 800. 800. 798. 799. 800. 800. 799. 799. 800. 799. 800. 798. 799.
  750. 750. 750. 750. 749. 749. 749. 750. 749. 750. 750. 750.]
 [549. 613. 617. 631. 627. 636. 632. 633. 635. 640. 586. 591. 612. 643.
  647. 673. 679. 702. 697. 707. 708. 716. 716. 722. 721. 722. 728. 729.
  684. 685. 687. 684. 684. 690. 686. 691. 686. 688. 688. 689.]
 [549. 592. 612. 619. 626. 621. 631. 629. 630. 626. 590. 612. 636. 645.
  653. 671. 679. 693. 698. 711. 696. 708. 714. 724. 722. 721. 722. 716.
  681. 681. 684. 685. 682. 688. 689. 691. 689. 691. 691. 694.]]
##############################
[[218. 256. 279. 281. 288. 288. 283. 287. 290. 287. 289. 315. 343. 357.
  393. 402. 412. 422. 431. 443. 437. 449. 440. 432. 443. 442. 444. 439.
  448. 425. 421. 412. 422. 429. 429. 434. 432. 443. 436. 435.]
 [800. 800. 800. 800. 800. 800. 800. 800. 800. 800. 800. 800. 800. 799.
  798. 800. 800. 798. 799. 800. 800. 799. 799. 800. 799. 800. 798. 799.
  800. 750. 750. 750. 749. 749. 749. 750. 749. 750. 750. 750.]
 [549. 613. 617. 631. 627. 636. 632. 633. 635. 640. 586. 591. 612. 643.
  647. 673. 679. 702. 697. 707. 708. 716. 716. 722. 721. 722. 728. 729.
  731. 685. 687. 684. 684. 690. 686. 691. 686. 688. 688. 689.]
 [549. 592. 612. 619. 626. 621. 631. 629. 630. 626. 590. 612. 636. 645.
  653. 671. 679. 693. 698. 711. 696. 708. 714. 724. 722. 721. 722. 716.
  726. 681. 684. 685. 682. 688. 689. 691. 689. 691. 691. 694.]]
##############################
[[218. 256. 279. 281. 288. 288. 283. 287. 290. 287. 289. 315. 343. 357.
  393. 402. 412. 422. 431. 443. 437. 449. 440. 432. 443. 442. 444. 439.
  448. 453. 421. 412. 422. 429. 429. 434. 432. 443. 436. 435.]
 [800. 800. 800. 800. 800. 800. 800. 800. 800. 800. 800. 800. 800. 799.
  798. 800. 800. 798. 799. 800. 800. 799. 799. 800. 799. 800. 798. 799.
  800. 800. 750. 750. 749. 749. 749. 750. 749. 750. 750. 750.]
 [549. 613. 617. 631. 627. 636. 632. 633. 635. 640. 586. 591. 612. 643.
  647. 673. 679. 702. 697. 707. 708. 716. 716. 722. 721. 722. 728. 729.
  731. 733. 687. 684. 684. 690. 686. 691. 686. 688. 688. 689.]
 [549. 592. 612. 619. 626. 621. 631. 629. 630. 626. 590. 612. 636. 645.
  653. 671. 679. 693. 698. 711. 696. 708. 714. 724. 722. 721. 722. 716.
  726. 726. 684. 685. 682. 688. 689. 691. 689. 691. 691. 694.]]
##############################
[[218. 256. 279. 281. 288. 288. 283. 287. 290. 287. 289. 315. 343. 357.
  393. 402. 412. 422. 431. 443. 437. 449. 440. 432. 443. 442. 444. 439.
  448. 453. 450. 412. 422. 429. 429. 434. 432. 443. 436. 435.]
 [800. 800. 800. 800. 800. 800. 800. 800. 800. 800. 800. 800. 800. 799.
  798. 800. 800. 798. 799. 800. 800. 799. 799. 800. 799. 800. 798. 799.
  800. 800. 800. 750. 749. 749. 749. 750. 749. 750. 750. 750.]
 [549. 613. 617. 631. 627. 636. 632. 633. 635. 640. 586. 591. 612. 643.
  647. 673. 679. 702. 697. 707. 708. 716. 716. 722. 721. 722. 728. 729.
  731. 733. 734. 684. 684. 690. 686. 691. 686. 688. 688. 689.]
 [549. 592. 612. 619. 626. 621. 631. 629. 630. 626. 590. 612. 636. 645.
  653. 671. 679. 693. 698. 711. 696. 708. 714. 724. 722. 721. 722. 716.
  726. 726. 728. 685. 682. 688. 689. 691. 689. 691. 691. 694.]]
##############################
[[218. 256. 279. 281. 288. 288. 283. 287. 290. 287. 289. 315. 343. 357.
  393. 402. 412. 422. 431. 443. 437. 449. 440. 432. 443. 442. 444. 439.
  448. 453. 450. 442. 422. 429. 429. 434. 432. 443. 436. 435.]
 [800. 800. 800. 800. 800. 800. 800. 800. 800. 800. 800. 800. 800. 799.
  798. 800. 800. 798. 799. 800. 800. 799. 799. 800. 799. 800. 798. 799.
  800. 800. 800. 800. 749. 749. 749. 750. 749. 750. 750. 750.]
 [549. 613. 617. 631. 627. 636. 632. 633. 635. 640. 586. 591. 612. 643.
  647. 673. 679. 702. 697. 707. 708. 716. 716. 722. 721. 722. 728. 729.
  731. 733. 734. 731. 684. 690. 686. 691. 686. 688. 688. 689.]
 [549. 592. 612. 619. 626. 621. 631. 629. 630. 626. 590. 612. 636. 645.
  653. 671. 679. 693. 698. 711. 696. 708. 714. 724. 722. 721. 722. 716.
  726. 726. 728. 732. 682. 688. 689. 691. 689. 691. 691. 694.]]
##############################
[[218. 256. 279. 281. 288. 288. 283. 287. 290. 287. 289. 315. 343. 357.
  393. 402. 412. 422. 431. 443. 437. 449. 440. 432. 443. 442. 444. 439.
  448. 453. 450. 442. 450. 429. 429. 434. 432. 443. 436. 435.]
 [800. 800. 800. 800. 800. 800. 800. 800. 800. 800. 800. 800. 800. 799.
  798. 800. 800. 798. 799. 800. 800. 799. 799. 800. 799. 800. 798. 799.
  800. 800. 800. 800. 799. 749. 749. 750. 749. 750. 750. 750.]
 [549. 613. 617. 631. 627. 636. 632. 633. 635. 640. 586. 591. 612. 643.
  647. 673. 679. 702. 697. 707. 708. 716. 716. 722. 721. 722. 728. 729.
  731. 733. 734. 731. 729. 690. 686. 691. 686. 688. 688. 689.]
 [549. 592. 612. 619. 626. 621. 631. 629. 630. 626. 590. 612. 636. 645.
  653. 671. 679. 693. 698. 711. 696. 708. 714. 724. 722. 721. 722. 716.
  726. 726. 728. 732. 728. 688. 689. 691. 689. 691. 691. 694.]]
##############################
[[218. 256. 279. 281. 288. 288. 283. 287. 290. 287. 289. 315. 343. 357.
  393. 402. 412. 422. 431. 443. 437. 449. 440. 432. 443. 442. 444. 439.
  448. 453. 450. 442. 450. 458. 429. 434. 432. 443. 436. 435.]
 [800. 800. 800. 800. 800. 800. 800. 800. 800. 800. 800. 800. 800. 799.
  798. 800. 800. 798. 799. 800. 800. 799. 799. 800. 799. 800. 798. 799.
  800. 800. 800. 800. 799. 799. 749. 750. 749. 750. 750. 750.]
 [549. 613. 617. 631. 627. 636. 632. 633. 635. 640. 586. 591. 612. 643.
  647. 673. 679. 702. 697. 707. 708. 716. 716. 722. 721. 722. 728. 729.
  731. 733. 734. 731. 729. 737. 686. 691. 686. 688. 688. 689.]
 [549. 592. 612. 619. 626. 621. 631. 629. 630. 626. 590. 612. 636. 645.
  653. 671. 679. 693. 698. 711. 696. 708. 714. 724. 722. 721. 722. 716.
  726. 726. 728. 732. 728. 731. 689. 691. 689. 691. 691. 694.]]
##############################
[[218. 256. 279. 281. 288. 288. 283. 287. 290. 287. 289. 315. 343. 357.
  393. 402. 412. 422. 431. 443. 437. 449. 440. 432. 443. 442. 444. 439.
  448. 453. 450. 442. 450. 458. 457. 434. 432. 443. 436. 435.]
 [800. 800. 800. 800. 800. 800. 800. 800. 800. 800. 800. 800. 800. 799.
  798. 800. 800. 798. 799. 800. 800. 799. 799. 800. 799. 800. 798. 799.
  800. 800. 800. 800. 799. 799. 799. 750. 749. 750. 750. 750.]
 [549. 613. 617. 631. 627. 636. 632. 633. 635. 640. 586. 591. 612. 643.
  647. 673. 679. 702. 697. 707. 708. 716. 716. 722. 721. 722. 728. 729.
  731. 733. 734. 731. 729. 737. 732. 691. 686. 688. 688. 689.]
 [549. 592. 612. 619. 626. 621. 631. 629. 630. 626. 590. 612. 636. 645.
  653. 671. 679. 693. 698. 711. 696. 708. 714. 724. 722. 721. 722. 716.
  726. 726. 728. 732. 728. 731. 734. 691. 689. 691. 691. 694.]]
##############################
[[218. 256. 279. 281. 288. 288. 283. 287. 290. 287. 289. 315. 343. 357.
  393. 402. 412. 422. 431. 443. 437. 449. 440. 432. 443. 442. 444. 439.
  448. 453. 450. 442. 450. 458. 457. 462. 432. 443. 436. 435.]
 [800. 800. 800. 800. 800. 800. 800. 800. 800. 800. 800. 800. 800. 799.
  798. 800. 800. 798. 799. 800. 800. 799. 799. 800. 799. 800. 798. 799.
  800. 800. 800. 800. 799. 799. 799. 800. 749. 750. 750. 750.]
 [549. 613. 617. 631. 627. 636. 632. 633. 635. 640. 586. 591. 612. 643.
  647. 673. 679. 702. 697. 707. 708. 716. 716. 722. 721. 722. 728. 729.
  731. 733. 734. 731. 729. 737. 732. 737. 686. 688. 688. 689.]
 [549. 592. 612. 619. 626. 621. 631. 629. 630. 626. 590. 612. 636. 645.
  653. 671. 679. 693. 698. 711. 696. 708. 714. 724. 722. 721. 722. 716.
  726. 726. 728. 732. 728. 731. 734. 737. 689. 691. 691. 694.]]
##############################
[[218. 256. 279. 281. 288. 288. 283. 287. 290. 287. 289. 315. 343. 357.
  393. 402. 412. 422. 431. 443. 437. 449. 440. 432. 443. 442. 444. 439.
  448. 453. 450. 442. 450. 458. 457. 462. 461. 443. 436. 435.]
 [800. 800. 800. 800. 800. 800. 800. 800. 800. 800. 800. 800. 800. 799.
  798. 800. 800. 798. 799. 800. 800. 799. 799. 800. 799. 800. 798. 799.
  800. 800. 800. 800. 799. 799. 799. 800. 799. 750. 750. 750.]
 [549. 613. 617. 631. 627. 636. 632. 633. 635. 640. 586. 591. 612. 643.
  647. 673. 679. 702. 697. 707. 708. 716. 716. 722. 721. 722. 728. 729.
  731. 733. 734. 731. 729. 737. 732. 737. 734. 688. 688. 689.]
 [549. 592. 612. 619. 626. 621. 631. 629. 630. 626. 590. 612. 636. 645.
  653. 671. 679. 693. 698. 711. 696. 708. 714. 724. 722. 721. 722. 716.
  726. 726. 728. 732. 728. 731. 734. 737. 734. 691. 691. 694.]]
##############################
[[218. 256. 279. 281. 288. 288. 283. 287. 290. 287. 289. 315. 343. 357.
  393. 402. 412. 422. 431. 443. 437. 449. 440. 432. 443. 442. 444. 439.
  448. 453. 450. 442. 450. 458. 457. 462. 461. 472. 436. 435.]
 [800. 800. 800. 800. 800. 800. 800. 800. 800. 800. 800. 800. 800. 799.
  798. 800. 800. 798. 799. 800. 800. 799. 799. 800. 799. 800. 798. 799.
  800. 800. 800. 800. 799. 799. 799. 800. 799. 800. 750. 750.]
 [549. 613. 617. 631. 627. 636. 632. 633. 635. 640. 586. 591. 612. 643.
  647. 673. 679. 702. 697. 707. 708. 716. 716. 722. 721. 722. 728. 729.
  731. 733. 734. 731. 729. 737. 732. 737. 734. 736. 688. 689.]
 [549. 592. 612. 619. 626. 621. 631. 629. 630. 626. 590. 612. 636. 645.
  653. 671. 679. 693. 698. 711. 696. 708. 714. 724. 722. 721. 722. 716.
  726. 726. 728. 732. 728. 731. 734. 737. 734. 736. 691. 694.]]
##############################
[[218. 256. 279. 281. 288. 288. 283. 287. 290. 287. 289. 315. 343. 357.
  393. 402. 412. 422. 431. 443. 437. 449. 440. 432. 443. 442. 444. 439.
  448. 453. 450. 442. 450. 458. 457. 462. 461. 472. 466. 435.]
 [800. 800. 800. 800. 800. 800. 800. 800. 800. 800. 800. 800. 800. 799.
  798. 800. 800. 798. 799. 800. 800. 799. 799. 800. 799. 800. 798. 799.
  800. 800. 800. 800. 799. 799. 799. 800. 799. 800. 800. 750.]
 [549. 613. 617. 631. 627. 636. 632. 633. 635. 640. 586. 591. 612. 643.
  647. 673. 679. 702. 697. 707. 708. 716. 716. 722. 721. 722. 728. 729.
  731. 733. 734. 731. 729. 737. 732. 737. 734. 736. 736. 689.]
 [549. 592. 612. 619. 626. 621. 631. 629. 630. 626. 590. 612. 636. 645.
  653. 671. 679. 693. 698. 711. 696. 708. 714. 724. 722. 721. 722. 716.
  726. 726. 728. 732. 728. 731. 734. 737. 734. 736. 737. 694.]]
##############################
[[218. 256. 279. 281. 288. 288. 283. 287. 290. 287. 289. 315. 343. 357.
  393. 402. 412. 422. 431. 443. 437. 449. 440. 432. 443. 442. 444. 439.
  448. 453. 450. 442. 450. 458. 457. 462. 461. 472. 466. 466.]
 [800. 800. 800. 800. 800. 800. 800. 800. 800. 800. 800. 800. 800. 799.
  798. 800. 800. 798. 799. 800. 800. 799. 799. 800. 799. 800. 798. 799.
  800. 800. 800. 800. 799. 799. 799. 800. 799. 800. 800. 800.]
 [549. 613. 617. 631. 627. 636. 632. 633. 635. 640. 586. 591. 612. 643.
  647. 673. 679. 702. 697. 707. 708. 716. 716. 722. 721. 722. 728. 729.
  731. 733. 734. 731. 729. 737. 732. 737. 734. 736. 736. 737.]
 [549. 592. 612. 619. 626. 621. 631. 629. 630. 626. 590. 612. 636. 645.
  653. 671. 679. 693. 698. 711. 696. 708. 714. 724. 722. 721. 722. 716.
  726. 726. 728. 732. 728. 731. 734. 737. 734. 736. 737. 741.]]
##############################
##################################################
##################################################
starting :17 batch
[[224. 256. 279. 281. 288. 288. 283. 287. 290. 287. 289. 315. 343. 357.
  393. 402. 412. 422. 431. 443. 437. 449. 440. 432. 443. 442. 444. 439.
  448. 453. 450. 442. 450. 458. 457. 462. 461. 472. 466. 466.]
 [850. 800. 800. 800. 800. 800. 800. 800. 800. 800. 800. 800. 800. 799.
  798. 800. 800. 798. 799. 800. 800. 799. 799. 800. 799. 800. 798. 799.
  800. 800. 800. 800. 799. 799. 799. 800. 799. 800. 800. 800.]
 [577. 613. 617. 631. 627. 636. 632. 633. 635. 640. 586. 591. 612. 643.
  647. 673. 679. 702. 697. 707. 708. 716. 716. 722. 721. 722. 728. 729.
  731. 733. 734. 731. 729. 737. 732. 737. 734. 736. 736. 737.]
 [577. 592. 612. 619. 626. 621. 631. 629. 630. 626. 590. 612. 636. 645.
  653. 671. 679. 693. 698. 711. 696. 708. 714. 724. 722. 721. 722. 716.
  726. 726. 728. 732. 728. 731. 734. 737. 734. 736. 737. 741.]]
##############################
[[224. 266. 279. 281. 288. 288. 283. 287. 290. 287. 289. 315. 343. 357.
  393. 402. 412. 422. 431. 443. 437. 449. 440. 432. 443. 442. 444. 439.
  448. 453. 450. 442. 450. 458. 457. 462. 461. 472. 466. 466.]
 [850. 850. 800. 800. 800. 800. 800. 800. 800. 800. 800. 800. 800. 799.
  798. 800. 800. 798. 799. 800. 800. 799. 799. 800. 799. 800. 798. 799.
  800. 800. 800. 800. 799. 799. 799. 800. 799. 800. 800. 800.]
 [577. 649. 617. 631. 627. 636. 632. 633. 635. 640. 586. 591. 612. 643.
  647. 673. 679. 702. 697. 707. 708. 716. 716. 722. 721. 722. 728. 729.
  731. 733. 734. 731. 729. 737. 732. 737. 734. 736. 736. 737.]
 [577. 624. 612. 619. 626. 621. 631. 629. 630. 626. 590. 612. 636. 645.
  653. 671. 679. 693. 698. 711. 696. 708. 714. 724. 722. 721. 722. 716.
  726. 726. 728. 732. 728. 731. 734. 737. 734. 736. 737. 741.]]
##############################
[[224. 266. 289. 281. 288. 288. 283. 287. 290. 287. 289. 315. 343. 357.
  393. 402. 412. 422. 431. 443. 437. 449. 440. 432. 443. 442. 444. 439.
  448. 453. 450. 442. 450. 458. 457. 462. 461. 472. 466. 466.]
 [850. 850. 850. 800. 800. 800. 800. 800. 800. 800. 800. 800. 800. 799.
  798. 800. 800. 798. 799. 800. 800. 799. 799. 800. 799. 800. 798. 799.
  800. 800. 800. 800. 799. 799. 799. 800. 799. 800. 800. 800.]
 [577. 649. 651. 631. 627. 636. 632. 633. 635. 640. 586. 591. 612. 643.
  647. 673. 679. 702. 697. 707. 708. 716. 716. 722. 721. 722. 728. 729.
  731. 733. 734. 731. 729. 737. 732. 737. 734. 736. 736. 737.]
 [577. 624. 651. 619. 626. 621. 631. 629. 630. 626. 590. 612. 636. 645.
  653. 671. 679. 693. 698. 711. 696. 708. 714. 724. 722. 721. 722. 716.
  726. 726. 728. 732. 728. 731. 734. 737. 734. 736. 737. 741.]]
##############################
[[224. 266. 289. 292. 288. 288. 283. 287. 290. 287. 289. 315. 343. 357.
  393. 402. 412. 422. 431. 443. 437. 449. 440. 432. 443. 442. 444. 439.
  448. 453. 450. 442. 450. 458. 457. 462. 461. 472. 466. 466.]
 [850. 850. 850. 850. 800. 800. 800. 800. 800. 800. 800. 800. 800. 799.
  798. 800. 800. 798. 799. 800. 800. 799. 799. 800. 799. 800. 798. 799.
  800. 800. 800. 800. 799. 799. 799. 800. 799. 800. 800. 800.]
 [577. 649. 651. 667. 627. 636. 632. 633. 635. 640. 586. 591. 612. 643.
  647. 673. 679. 702. 697. 707. 708. 716. 716. 722. 721. 722. 728. 729.
  731. 733. 734. 731. 729. 737. 732. 737. 734. 736. 736. 737.]
 [577. 624. 651. 657. 626. 621. 631. 629. 630. 626. 590. 612. 636. 645.
  653. 671. 679. 693. 698. 711. 696. 708. 714. 724. 722. 721. 722. 716.
  726. 726. 728. 732. 728. 731. 734. 737. 734. 736. 737. 741.]]
##############################
[[224. 266. 289. 292. 300. 288. 283. 287. 290. 287. 289. 315. 343. 357.
  393. 402. 412. 422. 431. 443. 437. 449. 440. 432. 443. 442. 444. 439.
  448. 453. 450. 442. 450. 458. 457. 462. 461. 472. 466. 466.]
 [850. 850. 850. 850. 850. 800. 800. 800. 800. 800. 800. 800. 800. 799.
  798. 800. 800. 798. 799. 800. 800. 799. 799. 800. 799. 800. 798. 799.
  800. 800. 800. 800. 799. 799. 799. 800. 799. 800. 800. 800.]
 [577. 649. 651. 667. 664. 636. 632. 633. 635. 640. 586. 591. 612. 643.
  647. 673. 679. 702. 697. 707. 708. 716. 716. 722. 721. 722. 728. 729.
  731. 733. 734. 731. 729. 737. 732. 737. 734. 736. 736. 737.]
 [577. 624. 651. 657. 663. 621. 631. 629. 630. 626. 590. 612. 636. 645.
  653. 671. 679. 693. 698. 711. 696. 708. 714. 724. 722. 721. 722. 716.
  726. 726. 728. 732. 728. 731. 734. 737. 734. 736. 737. 741.]]
##############################
[[224. 266. 289. 292. 300. 301. 283. 287. 290. 287. 289. 315. 343. 357.
  393. 402. 412. 422. 431. 443. 437. 449. 440. 432. 443. 442. 444. 439.
  448. 453. 450. 442. 450. 458. 457. 462. 461. 472. 466. 466.]
 [850. 850. 850. 850. 850. 850. 800. 800. 800. 800. 800. 800. 800. 799.
  798. 800. 800. 798. 799. 800. 800. 799. 799. 800. 799. 800. 798. 799.
  800. 800. 800. 800. 799. 799. 799. 800. 799. 800. 800. 800.]
 [577. 649. 651. 667. 664. 676. 632. 633. 635. 640. 586. 591. 612. 643.
  647. 673. 679. 702. 697. 707. 708. 716. 716. 722. 721. 722. 728. 729.
  731. 733. 734. 731. 729. 737. 732. 737. 734. 736. 736. 737.]
 [577. 624. 651. 657. 663. 660. 631. 629. 630. 626. 590. 612. 636. 645.
  653. 671. 679. 693. 698. 711. 696. 708. 714. 724. 722. 721. 722. 716.
  726. 726. 728. 732. 728. 731. 734. 737. 734. 736. 737. 741.]]
##############################
[[224. 266. 289. 292. 300. 301. 298. 287. 290. 287. 289. 315. 343. 357.
  393. 402. 412. 422. 431. 443. 437. 449. 440. 432. 443. 442. 444. 439.
  448. 453. 450. 442. 450. 458. 457. 462. 461. 472. 466. 466.]
 [850. 850. 850. 850. 850. 850. 850. 800. 800. 800. 800. 800. 800. 799.
  798. 800. 800. 798. 799. 800. 800. 799. 799. 800. 799. 800. 798. 799.
  800. 800. 800. 800. 799. 799. 799. 800. 799. 800. 800. 800.]
 [577. 649. 651. 667. 664. 676. 671. 633. 635. 640. 586. 591. 612. 643.
  647. 673. 679. 702. 697. 707. 708. 716. 716. 722. 721. 722. 728. 729.
  731. 733. 734. 731. 729. 737. 732. 737. 734. 736. 736. 737.]
 [577. 624. 651. 657. 663. 660. 672. 629. 630. 626. 590. 612. 636. 645.
  653. 671. 679. 693. 698. 711. 696. 708. 714. 724. 722. 721. 722. 716.
  726. 726. 728. 732. 728. 731. 734. 737. 734. 736. 737. 741.]]
##############################
[[224. 266. 289. 292. 300. 301. 298. 299. 290. 287. 289. 315. 343. 357.
  393. 402. 412. 422. 431. 443. 437. 449. 440. 432. 443. 442. 444. 439.
  448. 453. 450. 442. 450. 458. 457. 462. 461. 472. 466. 466.]
 [850. 850. 850. 850. 850. 850. 850. 850. 800. 800. 800. 800. 800. 799.
  798. 800. 800. 798. 799. 800. 800. 799. 799. 800. 799. 800. 798. 799.
  800. 800. 800. 800. 799. 799. 799. 800. 799. 800. 800. 800.]
 [577. 649. 651. 667. 664. 676. 671. 671. 635. 640. 586. 591. 612. 643.
  647. 673. 679. 702. 697. 707. 708. 716. 716. 722. 721. 722. 728. 729.
  731. 733. 734. 731. 729. 737. 732. 737. 734. 736. 736. 737.]
 [577. 624. 651. 657. 663. 660. 672. 667. 630. 626. 590. 612. 636. 645.
  653. 671. 679. 693. 698. 711. 696. 708. 714. 724. 722. 721. 722. 716.
  726. 726. 728. 732. 728. 731. 734. 737. 734. 736. 737. 741.]]
##############################
[[224. 266. 289. 292. 300. 301. 298. 299. 303. 287. 289. 315. 343. 357.
  393. 402. 412. 422. 431. 443. 437. 449. 440. 432. 443. 442. 444. 439.
  448. 453. 450. 442. 450. 458. 457. 462. 461. 472. 466. 466.]
 [850. 850. 850. 850. 850. 850. 850. 850. 850. 800. 800. 800. 800. 799.
  798. 800. 800. 798. 799. 800. 800. 799. 799. 800. 799. 800. 798. 799.
  800. 800. 800. 800. 799. 799. 799. 800. 799. 800. 800. 800.]
 [577. 649. 651. 667. 664. 676. 671. 671. 674. 640. 586. 591. 612. 643.
  647. 673. 679. 702. 697. 707. 708. 716. 716. 722. 721. 722. 728. 729.
  731. 733. 734. 731. 729. 737. 732. 737. 734. 736. 736. 737.]
 [577. 624. 651. 657. 663. 660. 672. 667. 668. 626. 590. 612. 636. 645.
  653. 671. 679. 693. 698. 711. 696. 708. 714. 724. 722. 721. 722. 716.
  726. 726. 728. 732. 728. 731. 734. 737. 734. 736. 737. 741.]]
##############################
[[224. 266. 289. 292. 300. 301. 298. 299. 303. 300. 289. 315. 343. 357.
  393. 402. 412. 422. 431. 443. 437. 449. 440. 432. 443. 442. 444. 439.
  448. 453. 450. 442. 450. 458. 457. 462. 461. 472. 466. 466.]
 [850. 850. 850. 850. 850. 850. 850. 850. 850. 850. 800. 800. 800. 799.
  798. 800. 800. 798. 799. 800. 800. 799. 799. 800. 799. 800. 798. 799.
  800. 800. 800. 800. 799. 799. 799. 800. 799. 800. 800. 800.]
 [577. 649. 651. 667. 664. 676. 671. 671. 674. 677. 586. 591. 612. 643.
  647. 673. 679. 702. 697. 707. 708. 716. 716. 722. 721. 722. 728. 729.
  731. 733. 734. 731. 729. 737. 732. 737. 734. 736. 736. 737.]
 [577. 624. 651. 657. 663. 660. 672. 667. 668. 663. 590. 612. 636. 645.
  653. 671. 679. 693. 698. 711. 696. 708. 714. 724. 722. 721. 722. 716.
  726. 726. 728. 732. 728. 731. 734. 737. 734. 736. 737. 741.]]
##############################
[[224. 266. 289. 292. 300. 301. 298. 299. 303. 300. 303. 315. 343. 357.
  393. 402. 412. 422. 431. 443. 437. 449. 440. 432. 443. 442. 444. 439.
  448. 453. 450. 442. 450. 458. 457. 462. 461. 472. 466. 466.]
 [850. 850. 850. 850. 850. 850. 850. 850. 850. 850. 850. 800. 800. 799.
  798. 800. 800. 798. 799. 800. 800. 799. 799. 800. 799. 800. 798. 799.
  800. 800. 800. 800. 799. 799. 799. 800. 799. 800. 800. 800.]
 [577. 649. 651. 667. 664. 676. 671. 671. 674. 677. 618. 591. 612. 643.
  647. 673. 679. 702. 697. 707. 708. 716. 716. 722. 721. 722. 728. 729.
  731. 733. 734. 731. 729. 737. 732. 737. 734. 736. 736. 737.]
 [577. 624. 651. 657. 663. 660. 672. 667. 668. 663. 625. 612. 636. 645.
  653. 671. 679. 693. 698. 711. 696. 708. 714. 724. 722. 721. 722. 716.
  726. 726. 728. 732. 728. 731. 734. 737. 734. 736. 737. 741.]]
##############################
[[224. 266. 289. 292. 300. 301. 298. 299. 303. 300. 303. 331. 343. 357.
  393. 402. 412. 422. 431. 443. 437. 449. 440. 432. 443. 442. 444. 439.
  448. 453. 450. 442. 450. 458. 457. 462. 461. 472. 466. 466.]
 [850. 850. 850. 850. 850. 850. 850. 850. 850. 850. 850. 850. 800. 799.
  798. 800. 800. 798. 799. 800. 800. 799. 799. 800. 799. 800. 798. 799.
  800. 800. 800. 800. 799. 799. 799. 800. 799. 800. 800. 800.]
 [577. 649. 651. 667. 664. 676. 671. 671. 674. 677. 618. 628. 612. 643.
  647. 673. 679. 702. 697. 707. 708. 716. 716. 722. 721. 722. 728. 729.
  731. 733. 734. 731. 729. 737. 732. 737. 734. 736. 736. 737.]
 [577. 624. 651. 657. 663. 660. 672. 667. 668. 663. 625. 648. 636. 645.
  653. 671. 679. 693. 698. 711. 696. 708. 714. 724. 722. 721. 722. 716.
  726. 726. 728. 732. 728. 731. 734. 737. 734. 736. 737. 741.]]
##############################
[[224. 266. 289. 292. 300. 301. 298. 299. 303. 300. 303. 331. 359. 357.
  393. 402. 412. 422. 431. 443. 437. 449. 440. 432. 443. 442. 444. 439.
  448. 453. 450. 442. 450. 458. 457. 462. 461. 472. 466. 466.]
 [850. 850. 850. 850. 850. 850. 850. 850. 850. 850. 850. 850. 850. 799.
  798. 800. 800. 798. 799. 800. 800. 799. 799. 800. 799. 800. 798. 799.
  800. 800. 800. 800. 799. 799. 799. 800. 799. 800. 800. 800.]
 [577. 649. 651. 667. 664. 676. 671. 671. 674. 677. 618. 628. 650. 643.
  647. 673. 679. 702. 697. 707. 708. 716. 716. 722. 721. 722. 728. 729.
  731. 733. 734. 731. 729. 737. 732. 737. 734. 736. 736. 737.]
 [577. 624. 651. 657. 663. 660. 672. 667. 668. 663. 625. 648. 674. 645.
  653. 671. 679. 693. 698. 711. 696. 708. 714. 724. 722. 721. 722. 716.
  726. 726. 728. 732. 728. 731. 734. 737. 734. 736. 737. 741.]]
##############################
[[224. 266. 289. 292. 300. 301. 298. 299. 303. 300. 303. 331. 359. 376.
  393. 402. 412. 422. 431. 443. 437. 449. 440. 432. 443. 442. 444. 439.
  448. 453. 450. 442. 450. 458. 457. 462. 461. 472. 466. 466.]
 [850. 850. 850. 850. 850. 850. 850. 850. 850. 850. 850. 850. 850. 849.
  798. 800. 800. 798. 799. 800. 800. 799. 799. 800. 799. 800. 798. 799.
  800. 800. 800. 800. 799. 799. 799. 800. 799. 800. 800. 800.]
 [577. 649. 651. 667. 664. 676. 671. 671. 674. 677. 618. 628. 650. 682.
  647. 673. 679. 702. 697. 707. 708. 716. 716. 722. 721. 722. 728. 729.
  731. 733. 734. 731. 729. 737. 732. 737. 734. 736. 736. 737.]
 [577. 624. 651. 657. 663. 660. 672. 667. 668. 663. 625. 648. 674. 686.
  653. 671. 679. 693. 698. 711. 696. 708. 714. 724. 722. 721. 722. 716.
  726. 726. 728. 732. 728. 731. 734. 737. 734. 736. 737. 741.]]
##############################
[[224. 266. 289. 292. 300. 301. 298. 299. 303. 300. 303. 331. 359. 376.
  411. 402. 412. 422. 431. 443. 437. 449. 440. 432. 443. 442. 444. 439.
  448. 453. 450. 442. 450. 458. 457. 462. 461. 472. 466. 466.]
 [850. 850. 850. 850. 850. 850. 850. 850. 850. 850. 850. 850. 850. 849.
  848. 800. 800. 798. 799. 800. 800. 799. 799. 800. 799. 800. 798. 799.
  800. 800. 800. 800. 799. 799. 799. 800. 799. 800. 800. 800.]
 [577. 649. 651. 667. 664. 676. 671. 671. 674. 677. 618. 628. 650. 682.
  689. 673. 679. 702. 697. 707. 708. 716. 716. 722. 721. 722. 728. 729.
  731. 733. 734. 731. 729. 737. 732. 737. 734. 736. 736. 737.]
 [577. 624. 651. 657. 663. 660. 672. 667. 668. 663. 625. 648. 674. 686.
  694. 671. 679. 693. 698. 711. 696. 708. 714. 724. 722. 721. 722. 716.
  726. 726. 728. 732. 728. 731. 734. 737. 734. 736. 737. 741.]]
##############################
[[224. 266. 289. 292. 300. 301. 298. 299. 303. 300. 303. 331. 359. 376.
  411. 421. 412. 422. 431. 443. 437. 449. 440. 432. 443. 442. 444. 439.
  448. 453. 450. 442. 450. 458. 457. 462. 461. 472. 466. 466.]
 [850. 850. 850. 850. 850. 850. 850. 850. 850. 850. 850. 850. 850. 849.
  848. 850. 800. 798. 799. 800. 800. 799. 799. 800. 799. 800. 798. 799.
  800. 800. 800. 800. 799. 799. 799. 800. 799. 800. 800. 800.]
 [577. 649. 651. 667. 664. 676. 671. 671. 674. 677. 618. 628. 650. 682.
  689. 715. 679. 702. 697. 707. 708. 716. 716. 722. 721. 722. 728. 729.
  731. 733. 734. 731. 729. 737. 732. 737. 734. 736. 736. 737.]
 [577. 624. 651. 657. 663. 660. 672. 667. 668. 663. 625. 648. 674. 686.
  694. 713. 679. 693. 698. 711. 696. 708. 714. 724. 722. 721. 722. 716.
  726. 726. 728. 732. 728. 731. 734. 737. 734. 736. 737. 741.]]
##############################
[[224. 266. 289. 292. 300. 301. 298. 299. 303. 300. 303. 331. 359. 376.
  411. 421. 434. 422. 431. 443. 437. 449. 440. 432. 443. 442. 444. 439.
  448. 453. 450. 442. 450. 458. 457. 462. 461. 472. 466. 466.]
 [850. 850. 850. 850. 850. 850. 850. 850. 850. 850. 850. 850. 850. 849.
  848. 850. 850. 798. 799. 800. 800. 799. 799. 800. 799. 800. 798. 799.
  800. 800. 800. 800. 799. 799. 799. 800. 799. 800. 800. 800.]
 [577. 649. 651. 667. 664. 676. 671. 671. 674. 677. 618. 628. 650. 682.
  689. 715. 723. 702. 697. 707. 708. 716. 716. 722. 721. 722. 728. 729.
  731. 733. 734. 731. 729. 737. 732. 737. 734. 736. 736. 737.]
 [577. 624. 651. 657. 663. 660. 672. 667. 668. 663. 625. 648. 674. 686.
  694. 713. 722. 693. 698. 711. 696. 708. 714. 724. 722. 721. 722. 716.
  726. 726. 728. 732. 728. 731. 734. 737. 734. 736. 737. 741.]]
##############################
[[224. 266. 289. 292. 300. 301. 298. 299. 303. 300. 303. 331. 359. 376.
  411. 421. 434. 442. 431. 443. 437. 449. 440. 432. 443. 442. 444. 439.
  448. 453. 450. 442. 450. 458. 457. 462. 461. 472. 466. 466.]
 [850. 850. 850. 850. 850. 850. 850. 850. 850. 850. 850. 850. 850. 849.
  848. 850. 850. 848. 799. 800. 800. 799. 799. 800. 799. 800. 798. 799.
  800. 800. 800. 800. 799. 799. 799. 800. 799. 800. 800. 800.]
 [577. 649. 651. 667. 664. 676. 671. 671. 674. 677. 618. 628. 650. 682.
  689. 715. 723. 747. 697. 707. 708. 716. 716. 722. 721. 722. 728. 729.
  731. 733. 734. 731. 729. 737. 732. 737. 734. 736. 736. 737.]
 [577. 624. 651. 657. 663. 660. 672. 667. 668. 663. 625. 648. 674. 686.
  694. 713. 722. 736. 698. 711. 696. 708. 714. 724. 722. 721. 722. 716.
  726. 726. 728. 732. 728. 731. 734. 737. 734. 736. 737. 741.]]
##############################
[[224. 266. 289. 292. 300. 301. 298. 299. 303. 300. 303. 331. 359. 376.
  411. 421. 434. 442. 453. 443. 437. 449. 440. 432. 443. 442. 444. 439.
  448. 453. 450. 442. 450. 458. 457. 462. 461. 472. 466. 466.]
 [850. 850. 850. 850. 850. 850. 850. 850. 850. 850. 850. 850. 850. 849.
  848. 850. 850. 848. 849. 800. 800. 799. 799. 800. 799. 800. 798. 799.
  800. 800. 800. 800. 799. 799. 799. 800. 799. 800. 800. 800.]
 [577. 649. 651. 667. 664. 676. 671. 671. 674. 677. 618. 628. 650. 682.
  689. 715. 723. 747. 740. 707. 708. 716. 716. 722. 721. 722. 728. 729.
  731. 733. 734. 731. 729. 737. 732. 737. 734. 736. 736. 737.]
 [577. 624. 651. 657. 663. 660. 672. 667. 668. 663. 625. 648. 674. 686.
  694. 713. 722. 736. 741. 711. 696. 708. 714. 724. 722. 721. 722. 716.
  726. 726. 728. 732. 728. 731. 734. 737. 734. 736. 737. 741.]]
##############################
[[224. 266. 289. 292. 300. 301. 298. 299. 303. 300. 303. 331. 359. 376.
  411. 421. 434. 442. 453. 464. 437. 449. 440. 432. 443. 442. 444. 439.
  448. 453. 450. 442. 450. 458. 457. 462. 461. 472. 466. 466.]
 [850. 850. 850. 850. 850. 850. 850. 850. 850. 850. 850. 850. 850. 849.
  848. 850. 850. 848. 849. 850. 800. 799. 799. 800. 799. 800. 798. 799.
  800. 800. 800. 800. 799. 799. 799. 800. 799. 800. 800. 800.]
 [577. 649. 651. 667. 664. 676. 671. 671. 674. 677. 618. 628. 650. 682.
  689. 715. 723. 747. 740. 753. 708. 716. 716. 722. 721. 722. 728. 729.
  731. 733. 734. 731. 729. 737. 732. 737. 734. 736. 736. 737.]
 [577. 624. 651. 657. 663. 660. 672. 667. 668. 663. 625. 648. 674. 686.
  694. 713. 722. 736. 741. 753. 696. 708. 714. 724. 722. 721. 722. 716.
  726. 726. 728. 732. 728. 731. 734. 737. 734. 736. 737. 741.]]
##############################
[[224. 266. 289. 292. 300. 301. 298. 299. 303. 300. 303. 331. 359. 376.
  411. 421. 434. 442. 453. 464. 459. 449. 440. 432. 443. 442. 444. 439.
  448. 453. 450. 442. 450. 458. 457. 462. 461. 472. 466. 466.]
 [850. 850. 850. 850. 850. 850. 850. 850. 850. 850. 850. 850. 850. 849.
  848. 850. 850. 848. 849. 850. 850. 799. 799. 800. 799. 800. 798. 799.
  800. 800. 800. 800. 799. 799. 799. 800. 799. 800. 800. 800.]
 [577. 649. 651. 667. 664. 676. 671. 671. 674. 677. 618. 628. 650. 682.
  689. 715. 723. 747. 740. 753. 754. 716. 716. 722. 721. 722. 728. 729.
  731. 733. 734. 731. 729. 737. 732. 737. 734. 736. 736. 737.]
 [577. 624. 651. 657. 663. 660. 672. 667. 668. 663. 625. 648. 674. 686.
  694. 713. 722. 736. 741. 753. 740. 708. 714. 724. 722. 721. 722. 716.
  726. 726. 728. 732. 728. 731. 734. 737. 734. 736. 737. 741.]]
##############################
[[224. 266. 289. 292. 300. 301. 298. 299. 303. 300. 303. 331. 359. 376.
  411. 421. 434. 442. 453. 464. 459. 472. 440. 432. 443. 442. 444. 439.
  448. 453. 450. 442. 450. 458. 457. 462. 461. 472. 466. 466.]
 [850. 850. 850. 850. 850. 850. 850. 850. 850. 850. 850. 850. 850. 849.
  848. 850. 850. 848. 849. 850. 850. 849. 799. 800. 799. 800. 798. 799.
  800. 800. 800. 800. 799. 799. 799. 800. 799. 800. 800. 800.]
 [577. 649. 651. 667. 664. 676. 671. 671. 674. 677. 618. 628. 650. 682.
  689. 715. 723. 747. 740. 753. 754. 762. 716. 722. 721. 722. 728. 729.
  731. 733. 734. 731. 729. 737. 732. 737. 734. 736. 736. 737.]
 [577. 624. 651. 657. 663. 660. 672. 667. 668. 663. 625. 648. 674. 686.
  694. 713. 722. 736. 741. 753. 740. 751. 714. 724. 722. 721. 722. 716.
  726. 726. 728. 732. 728. 731. 734. 737. 734. 736. 737. 741.]]
##############################
[[224. 266. 289. 292. 300. 301. 298. 299. 303. 300. 303. 331. 359. 376.
  411. 421. 434. 442. 453. 464. 459. 472. 466. 432. 443. 442. 444. 439.
  448. 453. 450. 442. 450. 458. 457. 462. 461. 472. 466. 466.]
 [850. 850. 850. 850. 850. 850. 850. 850. 850. 850. 850. 850. 850. 849.
  848. 850. 850. 848. 849. 850. 850. 849. 849. 800. 799. 800. 798. 799.
  800. 800. 800. 800. 799. 799. 799. 800. 799. 800. 800. 800.]
 [577. 649. 651. 667. 664. 676. 671. 671. 674. 677. 618. 628. 650. 682.
  689. 715. 723. 747. 740. 753. 754. 762. 762. 722. 721. 722. 728. 729.
  731. 733. 734. 731. 729. 737. 732. 737. 734. 736. 736. 737.]
 [577. 624. 651. 657. 663. 660. 672. 667. 668. 663. 625. 648. 674. 686.
  694. 713. 722. 736. 741. 753. 740. 751. 757. 724. 722. 721. 722. 716.
  726. 726. 728. 732. 728. 731. 734. 737. 734. 736. 737. 741.]]
##############################
[[224. 266. 289. 292. 300. 301. 298. 299. 303. 300. 303. 331. 359. 376.
  411. 421. 434. 442. 453. 464. 459. 472. 466. 453. 443. 442. 444. 439.
  448. 453. 450. 442. 450. 458. 457. 462. 461. 472. 466. 466.]
 [850. 850. 850. 850. 850. 850. 850. 850. 850. 850. 850. 850. 850. 849.
  848. 850. 850. 848. 849. 850. 850. 849. 849. 850. 799. 800. 798. 799.
  800. 800. 800. 800. 799. 799. 799. 800. 799. 800. 800. 800.]
 [577. 649. 651. 667. 664. 676. 671. 671. 674. 677. 618. 628. 650. 682.
  689. 715. 723. 747. 740. 753. 754. 762. 762. 768. 721. 722. 728. 729.
  731. 733. 734. 731. 729. 737. 732. 737. 734. 736. 736. 737.]
 [577. 624. 651. 657. 663. 660. 672. 667. 668. 663. 625. 648. 674. 686.
  694. 713. 722. 736. 741. 753. 740. 751. 757. 767. 722. 721. 722. 716.
  726. 726. 728. 732. 728. 731. 734. 737. 734. 736. 737. 741.]]
##############################
[[224. 266. 289. 292. 300. 301. 298. 299. 303. 300. 303. 331. 359. 376.
  411. 421. 434. 442. 453. 464. 459. 472. 466. 453. 465. 442. 444. 439.
  448. 453. 450. 442. 450. 458. 457. 462. 461. 472. 466. 466.]
 [850. 850. 850. 850. 850. 850. 850. 850. 850. 850. 850. 850. 850. 849.
  848. 850. 850. 848. 849. 850. 850. 849. 849. 850. 849. 800. 798. 799.
  800. 800. 800. 800. 799. 799. 799. 800. 799. 800. 800. 800.]
 [577. 649. 651. 667. 664. 676. 671. 671. 674. 677. 618. 628. 650. 682.
  689. 715. 723. 747. 740. 753. 754. 762. 762. 768. 767. 722. 728. 729.
  731. 733. 734. 731. 729. 737. 732. 737. 734. 736. 736. 737.]
 [577. 624. 651. 657. 663. 660. 672. 667. 668. 663. 625. 648. 674. 686.
  694. 713. 722. 736. 741. 753. 740. 751. 757. 767. 766. 721. 722. 716.
  726. 726. 728. 732. 728. 731. 734. 737. 734. 736. 737. 741.]]
##############################
[[224. 266. 289. 292. 300. 301. 298. 299. 303. 300. 303. 331. 359. 376.
  411. 421. 434. 442. 453. 464. 459. 472. 466. 453. 465. 465. 444. 439.
  448. 453. 450. 442. 450. 458. 457. 462. 461. 472. 466. 466.]
 [850. 850. 850. 850. 850. 850. 850. 850. 850. 850. 850. 850. 850. 849.
  848. 850. 850. 848. 849. 850. 850. 849. 849. 850. 849. 850. 798. 799.
  800. 800. 800. 800. 799. 799. 799. 800. 799. 800. 800. 800.]
 [577. 649. 651. 667. 664. 676. 671. 671. 674. 677. 618. 628. 650. 682.
  689. 715. 723. 747. 740. 753. 754. 762. 762. 768. 767. 770. 728. 729.
  731. 733. 734. 731. 729. 737. 732. 737. 734. 736. 736. 737.]
 [577. 624. 651. 657. 663. 660. 672. 667. 668. 663. 625. 648. 674. 686.
  694. 713. 722. 736. 741. 753. 740. 751. 757. 767. 766. 764. 722. 716.
  726. 726. 728. 732. 728. 731. 734. 737. 734. 736. 737. 741.]]
##############################
[[224. 266. 289. 292. 300. 301. 298. 299. 303. 300. 303. 331. 359. 376.
  411. 421. 434. 442. 453. 464. 459. 472. 466. 453. 465. 465. 471. 439.
  448. 453. 450. 442. 450. 458. 457. 462. 461. 472. 466. 466.]
 [850. 850. 850. 850. 850. 850. 850. 850. 850. 850. 850. 850. 850. 849.
  848. 850. 850. 848. 849. 850. 850. 849. 849. 850. 849. 850. 848. 799.
  800. 800. 800. 800. 799. 799. 799. 800. 799. 800. 800. 800.]
 [577. 649. 651. 667. 664. 676. 671. 671. 674. 677. 618. 628. 650. 682.
  689. 715. 723. 747. 740. 753. 754. 762. 762. 768. 767. 770. 775. 729.
  731. 733. 734. 731. 729. 737. 732. 737. 734. 736. 736. 737.]
 [577. 624. 651. 657. 663. 660. 672. 667. 668. 663. 625. 648. 674. 686.
  694. 713. 722. 736. 741. 753. 740. 751. 757. 767. 766. 764. 766. 716.
  726. 726. 728. 732. 728. 731. 734. 737. 734. 736. 737. 741.]]
##############################
[[224. 266. 289. 292. 300. 301. 298. 299. 303. 300. 303. 331. 359. 376.
  411. 421. 434. 442. 453. 464. 459. 472. 466. 453. 465. 465. 471. 465.
  448. 453. 450. 442. 450. 458. 457. 462. 461. 472. 466. 466.]
 [850. 850. 850. 850. 850. 850. 850. 850. 850. 850. 850. 850. 850. 849.
  848. 850. 850. 848. 849. 850. 850. 849. 849. 850. 849. 850. 848. 849.
  800. 800. 800. 800. 799. 799. 799. 800. 799. 800. 800. 800.]
 [577. 649. 651. 667. 664. 676. 671. 671. 674. 677. 618. 628. 650. 682.
  689. 715. 723. 747. 740. 753. 754. 762. 762. 768. 767. 770. 775. 775.
  731. 733. 734. 731. 729. 737. 732. 737. 734. 736. 736. 737.]
 [577. 624. 651. 657. 663. 660. 672. 667. 668. 663. 625. 648. 674. 686.
  694. 713. 722. 736. 741. 753. 740. 751. 757. 767. 766. 764. 766. 761.
  726. 726. 728. 732. 728. 731. 734. 737. 734. 736. 737. 741.]]
##############################
[[224. 266. 289. 292. 300. 301. 298. 299. 303. 300. 303. 331. 359. 376.
  411. 421. 434. 442. 453. 464. 459. 472. 466. 453. 465. 465. 471. 465.
  474. 453. 450. 442. 450. 458. 457. 462. 461. 472. 466. 466.]
 [850. 850. 850. 850. 850. 850. 850. 850. 850. 850. 850. 850. 850. 849.
  848. 850. 850. 848. 849. 850. 850. 849. 849. 850. 849. 850. 848. 849.
  850. 800. 800. 800. 799. 799. 799. 800. 799. 800. 800. 800.]
 [577. 649. 651. 667. 664. 676. 671. 671. 674. 677. 618. 628. 650. 682.
  689. 715. 723. 747. 740. 753. 754. 762. 762. 768. 767. 770. 775. 775.
  777. 733. 734. 731. 729. 737. 732. 737. 734. 736. 736. 737.]
 [577. 624. 651. 657. 663. 660. 672. 667. 668. 663. 625. 648. 674. 686.
  694. 713. 722. 736. 741. 753. 740. 751. 757. 767. 766. 764. 766. 761.
  770. 726. 728. 732. 728. 731. 734. 737. 734. 736. 737. 741.]]
##############################
[[224. 266. 289. 292. 300. 301. 298. 299. 303. 300. 303. 331. 359. 376.
  411. 421. 434. 442. 453. 464. 459. 472. 466. 453. 465. 465. 471. 465.
  474. 479. 450. 442. 450. 458. 457. 462. 461. 472. 466. 466.]
 [850. 850. 850. 850. 850. 850. 850. 850. 850. 850. 850. 850. 850. 849.
  848. 850. 850. 848. 849. 850. 850. 849. 849. 850. 849. 850. 848. 849.
  850. 850. 800. 800. 799. 799. 799. 800. 799. 800. 800. 800.]
 [577. 649. 651. 667. 664. 676. 671. 671. 674. 677. 618. 628. 650. 682.
  689. 715. 723. 747. 740. 753. 754. 762. 762. 768. 767. 770. 775. 775.
  777. 780. 734. 731. 729. 737. 732. 737. 734. 736. 736. 737.]
 [577. 624. 651. 657. 663. 660. 672. 667. 668. 663. 625. 648. 674. 686.
  694. 713. 722. 736. 741. 753. 740. 751. 757. 767. 766. 764. 766. 761.
  770. 770. 728. 732. 728. 731. 734. 737. 734. 736. 737. 741.]]
##############################
[[224. 266. 289. 292. 300. 301. 298. 299. 303. 300. 303. 331. 359. 376.
  411. 421. 434. 442. 453. 464. 459. 472. 466. 453. 465. 465. 471. 465.
  474. 479. 476. 442. 450. 458. 457. 462. 461. 472. 466. 466.]
 [850. 850. 850. 850. 850. 850. 850. 850. 850. 850. 850. 850. 850. 849.
  848. 850. 850. 848. 849. 850. 850. 849. 849. 850. 849. 850. 848. 849.
  850. 850. 850. 800. 799. 799. 799. 800. 799. 800. 800. 800.]
 [577. 649. 651. 667. 664. 676. 671. 671. 674. 677. 618. 628. 650. 682.
  689. 715. 723. 747. 740. 753. 754. 762. 762. 768. 767. 770. 775. 775.
  777. 780. 780. 731. 729. 737. 732. 737. 734. 736. 736. 737.]
 [577. 624. 651. 657. 663. 660. 672. 667. 668. 663. 625. 648. 674. 686.
  694. 713. 722. 736. 741. 753. 740. 751. 757. 767. 766. 764. 766. 761.
  770. 770. 772. 732. 728. 731. 734. 737. 734. 736. 737. 741.]]
##############################
[[224. 266. 289. 292. 300. 301. 298. 299. 303. 300. 303. 331. 359. 376.
  411. 421. 434. 442. 453. 464. 459. 472. 466. 453. 465. 465. 471. 465.
  474. 479. 476. 468. 450. 458. 457. 462. 461. 472. 466. 466.]
 [850. 850. 850. 850. 850. 850. 850. 850. 850. 850. 850. 850. 850. 849.
  848. 850. 850. 848. 849. 850. 850. 849. 849. 850. 849. 850. 848. 849.
  850. 850. 850. 850. 799. 799. 799. 800. 799. 800. 800. 800.]
 [577. 649. 651. 667. 664. 676. 671. 671. 674. 677. 618. 628. 650. 682.
  689. 715. 723. 747. 740. 753. 754. 762. 762. 768. 767. 770. 775. 775.
  777. 780. 780. 777. 729. 737. 732. 737. 734. 736. 736. 737.]
 [577. 624. 651. 657. 663. 660. 672. 667. 668. 663. 625. 648. 674. 686.
  694. 713. 722. 736. 741. 753. 740. 751. 757. 767. 766. 764. 766. 761.
  770. 770. 772. 776. 728. 731. 734. 737. 734. 736. 737. 741.]]
##############################
[[224. 266. 289. 292. 300. 301. 298. 299. 303. 300. 303. 331. 359. 376.
  411. 421. 434. 442. 453. 464. 459. 472. 466. 453. 465. 465. 471. 465.
  474. 479. 476. 468. 473. 458. 457. 462. 461. 472. 466. 466.]
 [850. 850. 850. 850. 850. 850. 850. 850. 850. 850. 850. 850. 850. 849.
  848. 850. 850. 848. 849. 850. 850. 849. 849. 850. 849. 850. 848. 849.
  850. 850. 850. 850. 849. 799. 799. 800. 799. 800. 800. 800.]
 [577. 649. 651. 667. 664. 676. 671. 671. 674. 677. 618. 628. 650. 682.
  689. 715. 723. 747. 740. 753. 754. 762. 762. 768. 767. 770. 775. 775.
  777. 780. 780. 777. 775. 737. 732. 737. 734. 736. 736. 737.]
 [577. 624. 651. 657. 663. 660. 672. 667. 668. 663. 625. 648. 674. 686.
  694. 713. 722. 736. 741. 753. 740. 751. 757. 767. 766. 764. 766. 761.
  770. 770. 772. 776. 774. 731. 734. 737. 734. 736. 737. 741.]]
##############################
[[224. 266. 289. 292. 300. 301. 298. 299. 303. 300. 303. 331. 359. 376.
  411. 421. 434. 442. 453. 464. 459. 472. 466. 453. 465. 465. 471. 465.
  474. 479. 476. 468. 473. 484. 457. 462. 461. 472. 466. 466.]
 [850. 850. 850. 850. 850. 850. 850. 850. 850. 850. 850. 850. 850. 849.
  848. 850. 850. 848. 849. 850. 850. 849. 849. 850. 849. 850. 848. 849.
  850. 850. 850. 850. 849. 849. 799. 800. 799. 800. 800. 800.]
 [577. 649. 651. 667. 664. 676. 671. 671. 674. 677. 618. 628. 650. 682.
  689. 715. 723. 747. 740. 753. 754. 762. 762. 768. 767. 770. 775. 775.
  777. 780. 780. 777. 775. 783. 732. 737. 734. 736. 736. 737.]
 [577. 624. 651. 657. 663. 660. 672. 667. 668. 663. 625. 648. 674. 686.
  694. 713. 722. 736. 741. 753. 740. 751. 757. 767. 766. 764. 766. 761.
  770. 770. 772. 776. 774. 777. 734. 737. 734. 736. 737. 741.]]
##############################
[[224. 266. 289. 292. 300. 301. 298. 299. 303. 300. 303. 331. 359. 376.
  411. 421. 434. 442. 453. 464. 459. 472. 466. 453. 465. 465. 471. 465.
  474. 479. 476. 468. 473. 484. 477. 462. 461. 472. 466. 466.]
 [850. 850. 850. 850. 850. 850. 850. 850. 850. 850. 850. 850. 850. 849.
  848. 850. 850. 848. 849. 850. 850. 849. 849. 850. 849. 850. 848. 849.
  850. 850. 850. 850. 849. 849. 849. 800. 799. 800. 800. 800.]
 [577. 649. 651. 667. 664. 676. 671. 671. 674. 677. 618. 628. 650. 682.
  689. 715. 723. 747. 740. 753. 754. 762. 762. 768. 767. 770. 775. 775.
  777. 780. 780. 777. 775. 783. 778. 737. 734. 736. 736. 737.]
 [577. 624. 651. 657. 663. 660. 672. 667. 668. 663. 625. 648. 674. 686.
  694. 713. 722. 736. 741. 753. 740. 751. 757. 767. 766. 764. 766. 761.
  770. 770. 772. 776. 774. 777. 778. 737. 734. 736. 737. 741.]]
##############################
[[224. 266. 289. 292. 300. 301. 298. 299. 303. 300. 303. 331. 359. 376.
  411. 421. 434. 442. 453. 464. 459. 472. 466. 453. 465. 465. 471. 465.
  474. 479. 476. 468. 473. 484. 477. 488. 461. 472. 466. 466.]
 [850. 850. 850. 850. 850. 850. 850. 850. 850. 850. 850. 850. 850. 849.
  848. 850. 850. 848. 849. 850. 850. 849. 849. 850. 849. 850. 848. 849.
  850. 850. 850. 850. 849. 849. 849. 850. 799. 800. 800. 800.]
 [577. 649. 651. 667. 664. 676. 671. 671. 674. 677. 618. 628. 650. 682.
  689. 715. 723. 747. 740. 753. 754. 762. 762. 768. 767. 770. 775. 775.
  777. 780. 780. 777. 775. 783. 778. 783. 734. 736. 736. 737.]
 [577. 624. 651. 657. 663. 660. 672. 667. 668. 663. 625. 648. 674. 686.
  694. 713. 722. 736. 741. 753. 740. 751. 757. 767. 766. 764. 766. 761.
  770. 770. 772. 776. 774. 777. 778. 782. 734. 736. 737. 741.]]
##############################
[[224. 266. 289. 292. 300. 301. 298. 299. 303. 300. 303. 331. 359. 376.
  411. 421. 434. 442. 453. 464. 459. 472. 466. 453. 465. 465. 471. 465.
  474. 479. 476. 468. 473. 484. 477. 488. 486. 472. 466. 466.]
 [850. 850. 850. 850. 850. 850. 850. 850. 850. 850. 850. 850. 850. 849.
  848. 850. 850. 848. 849. 850. 850. 849. 849. 850. 849. 850. 848. 849.
  850. 850. 850. 850. 849. 849. 849. 850. 849. 800. 800. 800.]
 [577. 649. 651. 667. 664. 676. 671. 671. 674. 677. 618. 628. 650. 682.
  689. 715. 723. 747. 740. 753. 754. 762. 762. 768. 767. 770. 775. 775.
  777. 780. 780. 777. 775. 783. 778. 783. 781. 736. 736. 737.]
 [577. 624. 651. 657. 663. 660. 672. 667. 668. 663. 625. 648. 674. 686.
  694. 713. 722. 736. 741. 753. 740. 751. 757. 767. 766. 764. 766. 761.
  770. 770. 772. 776. 774. 777. 778. 782. 779. 736. 737. 741.]]
##############################
[[224. 266. 289. 292. 300. 301. 298. 299. 303. 300. 303. 331. 359. 376.
  411. 421. 434. 442. 453. 464. 459. 472. 466. 453. 465. 465. 471. 465.
  474. 479. 476. 468. 473. 484. 477. 488. 486. 497. 466. 466.]
 [850. 850. 850. 850. 850. 850. 850. 850. 850. 850. 850. 850. 850. 849.
  848. 850. 850. 848. 849. 850. 850. 849. 849. 850. 849. 850. 848. 849.
  850. 850. 850. 850. 849. 849. 849. 850. 849. 850. 800. 800.]
 [577. 649. 651. 667. 664. 676. 671. 671. 674. 677. 618. 628. 650. 682.
  689. 715. 723. 747. 740. 753. 754. 762. 762. 768. 767. 770. 775. 775.
  777. 780. 780. 777. 775. 783. 778. 783. 781. 783. 736. 737.]
 [577. 624. 651. 657. 663. 660. 672. 667. 668. 663. 625. 648. 674. 686.
  694. 713. 722. 736. 741. 753. 740. 751. 757. 767. 766. 764. 766. 761.
  770. 770. 772. 776. 774. 777. 778. 782. 779. 779. 737. 741.]]
##############################
[[224. 266. 289. 292. 300. 301. 298. 299. 303. 300. 303. 331. 359. 376.
  411. 421. 434. 442. 453. 464. 459. 472. 466. 453. 465. 465. 471. 465.
  474. 479. 476. 468. 473. 484. 477. 488. 486. 497. 489. 466.]
 [850. 850. 850. 850. 850. 850. 850. 850. 850. 850. 850. 850. 850. 849.
  848. 850. 850. 848. 849. 850. 850. 849. 849. 850. 849. 850. 848. 849.
  850. 850. 850. 850. 849. 849. 849. 850. 849. 850. 850. 800.]
 [577. 649. 651. 667. 664. 676. 671. 671. 674. 677. 618. 628. 650. 682.
  689. 715. 723. 747. 740. 753. 754. 762. 762. 768. 767. 770. 775. 775.
  777. 780. 780. 777. 775. 783. 778. 783. 781. 783. 784. 737.]
 [577. 624. 651. 657. 663. 660. 672. 667. 668. 663. 625. 648. 674. 686.
  694. 713. 722. 736. 741. 753. 740. 751. 757. 767. 766. 764. 766. 761.
  770. 770. 772. 776. 774. 777. 778. 782. 779. 779. 781. 741.]]
##############################
[[224. 266. 289. 292. 300. 301. 298. 299. 303. 300. 303. 331. 359. 376.
  411. 421. 434. 442. 453. 464. 459. 472. 466. 453. 465. 465. 471. 465.
  474. 479. 476. 468. 473. 484. 477. 488. 486. 497. 489. 489.]
 [850. 850. 850. 850. 850. 850. 850. 850. 850. 850. 850. 850. 850. 849.
  848. 850. 850. 848. 849. 850. 850. 849. 849. 850. 849. 850. 848. 849.
  850. 850. 850. 850. 849. 849. 849. 850. 849. 850. 850. 850.]
 [577. 649. 651. 667. 664. 676. 671. 671. 674. 677. 618. 628. 650. 682.
  689. 715. 723. 747. 740. 753. 754. 762. 762. 768. 767. 770. 775. 775.
  777. 780. 780. 777. 775. 783. 778. 783. 781. 783. 784. 786.]
 [577. 624. 651. 657. 663. 660. 672. 667. 668. 663. 625. 648. 674. 686.
  694. 713. 722. 736. 741. 753. 740. 751. 757. 767. 766. 764. 766. 761.
  770. 770. 772. 776. 774. 777. 778. 782. 779. 779. 781. 785.]]
##############################
##################################################
##################################################
starting :18 batch
[[237. 266. 289. 292. 300. 301. 298. 299. 303. 300. 303. 331. 359. 376.
  411. 421. 434. 442. 453. 464. 459. 472. 466. 453. 465. 465. 471. 465.
  474. 479. 476. 468. 473. 484. 477. 488. 486. 497. 489. 489.]
 [900. 850. 850. 850. 850. 850. 850. 850. 850. 850. 850. 850. 850. 849.
  848. 850. 850. 848. 849. 850. 850. 849. 849. 850. 849. 850. 848. 849.
  850. 850. 850. 850. 849. 849. 849. 850. 849. 850. 850. 850.]
 [612. 649. 651. 667. 664. 676. 671. 671. 674. 677. 618. 628. 650. 682.
  689. 715. 723. 747. 740. 753. 754. 762. 762. 768. 767. 770. 775. 775.
  777. 780. 780. 777. 775. 783. 778. 783. 781. 783. 784. 786.]
 [609. 624. 651. 657. 663. 660. 672. 667. 668. 663. 625. 648. 674. 686.
  694. 713. 722. 736. 741. 753. 740. 751. 757. 767. 766. 764. 766. 761.
  770. 770. 772. 776. 774. 777. 778. 782. 779. 779. 781. 785.]]
##############################
[[237. 282. 289. 292. 300. 301. 298. 299. 303. 300. 303. 331. 359. 376.
  411. 421. 434. 442. 453. 464. 459. 472. 466. 453. 465. 465. 471. 465.
  474. 479. 476. 468. 473. 484. 477. 488. 486. 497. 489. 489.]
 [900. 900. 850. 850. 850. 850. 850. 850. 850. 850. 850. 850. 850. 849.
  848. 850. 850. 848. 849. 850. 850. 849. 849. 850. 849. 850. 848. 849.
  850. 850. 850. 850. 849. 849. 849. 850. 849. 850. 850. 850.]
 [612. 686. 651. 667. 664. 676. 671. 671. 674. 677. 618. 628. 650. 682.
  689. 715. 723. 747. 740. 753. 754. 762. 762. 768. 767. 770. 775. 775.
  777. 780. 780. 777. 775. 783. 778. 783. 781. 783. 784. 786.]
 [609. 660. 651. 657. 663. 660. 672. 667. 668. 663. 625. 648. 674. 686.
  694. 713. 722. 736. 741. 753. 740. 751. 757. 767. 766. 764. 766. 761.
  770. 770. 772. 776. 774. 777. 778. 782. 779. 779. 781. 785.]]
##############################
[[237. 282. 303. 292. 300. 301. 298. 299. 303. 300. 303. 331. 359. 376.
  411. 421. 434. 442. 453. 464. 459. 472. 466. 453. 465. 465. 471. 465.
  474. 479. 476. 468. 473. 484. 477. 488. 486. 497. 489. 489.]
 [900. 900. 900. 850. 850. 850. 850. 850. 850. 850. 850. 850. 850. 849.
  848. 850. 850. 848. 849. 850. 850. 849. 849. 850. 849. 850. 848. 849.
  850. 850. 850. 850. 849. 849. 849. 850. 849. 850. 850. 850.]
 [612. 686. 690. 667. 664. 676. 671. 671. 674. 677. 618. 628. 650. 682.
  689. 715. 723. 747. 740. 753. 754. 762. 762. 768. 767. 770. 775. 775.
  777. 780. 780. 777. 775. 783. 778. 783. 781. 783. 784. 786.]
 [609. 660. 692. 657. 663. 660. 672. 667. 668. 663. 625. 648. 674. 686.
  694. 713. 722. 736. 741. 753. 740. 751. 757. 767. 766. 764. 766. 761.
  770. 770. 772. 776. 774. 777. 778. 782. 779. 779. 781. 785.]]
##############################
[[237. 282. 303. 311. 300. 301. 298. 299. 303. 300. 303. 331. 359. 376.
  411. 421. 434. 442. 453. 464. 459. 472. 466. 453. 465. 465. 471. 465.
  474. 479. 476. 468. 473. 484. 477. 488. 486. 497. 489. 489.]
 [900. 900. 900. 900. 850. 850. 850. 850. 850. 850. 850. 850. 850. 849.
  848. 850. 850. 848. 849. 850. 850. 849. 849. 850. 849. 850. 848. 849.
  850. 850. 850. 850. 849. 849. 849. 850. 849. 850. 850. 850.]
 [612. 686. 690. 706. 664. 676. 671. 671. 674. 677. 618. 628. 650. 682.
  689. 715. 723. 747. 740. 753. 754. 762. 762. 768. 767. 770. 775. 775.
  777. 780. 780. 777. 775. 783. 778. 783. 781. 783. 784. 786.]
 [609. 660. 692. 698. 663. 660. 672. 667. 668. 663. 625. 648. 674. 686.
  694. 713. 722. 736. 741. 753. 740. 751. 757. 767. 766. 764. 766. 761.
  770. 770. 772. 776. 774. 777. 778. 782. 779. 779. 781. 785.]]
##############################
[[237. 282. 303. 311. 318. 301. 298. 299. 303. 300. 303. 331. 359. 376.
  411. 421. 434. 442. 453. 464. 459. 472. 466. 453. 465. 465. 471. 465.
  474. 479. 476. 468. 473. 484. 477. 488. 486. 497. 489. 489.]
 [900. 900. 900. 900. 900. 850. 850. 850. 850. 850. 850. 850. 850. 849.
  848. 850. 850. 848. 849. 850. 850. 849. 849. 850. 849. 850. 848. 849.
  850. 850. 850. 850. 849. 849. 849. 850. 849. 850. 850. 850.]
 [612. 686. 690. 706. 704. 676. 671. 671. 674. 677. 618. 628. 650. 682.
  689. 715. 723. 747. 740. 753. 754. 762. 762. 768. 767. 770. 775. 775.
  777. 780. 780. 777. 775. 783. 778. 783. 781. 783. 784. 786.]
 [609. 660. 692. 698. 704. 660. 672. 667. 668. 663. 625. 648. 674. 686.
  694. 713. 722. 736. 741. 753. 740. 751. 757. 767. 766. 764. 766. 761.
  770. 770. 772. 776. 774. 777. 778. 782. 779. 779. 781. 785.]]
##############################
[[237. 282. 303. 311. 318. 317. 298. 299. 303. 300. 303. 331. 359. 376.
  411. 421. 434. 442. 453. 464. 459. 472. 466. 453. 465. 465. 471. 465.
  474. 479. 476. 468. 473. 484. 477. 488. 486. 497. 489. 489.]
 [900. 900. 900. 900. 900. 900. 850. 850. 850. 850. 850. 850. 850. 849.
  848. 850. 850. 848. 849. 850. 850. 849. 849. 850. 849. 850. 848. 849.
  850. 850. 850. 850. 849. 849. 849. 850. 849. 850. 850. 850.]
 [612. 686. 690. 706. 704. 716. 671. 671. 674. 677. 618. 628. 650. 682.
  689. 715. 723. 747. 740. 753. 754. 762. 762. 768. 767. 770. 775. 775.
  777. 780. 780. 777. 775. 783. 778. 783. 781. 783. 784. 786.]
 [609. 660. 692. 698. 704. 700. 672. 667. 668. 663. 625. 648. 674. 686.
  694. 713. 722. 736. 741. 753. 740. 751. 757. 767. 766. 764. 766. 761.
  770. 770. 772. 776. 774. 777. 778. 782. 779. 779. 781. 785.]]
##############################
[[237. 282. 303. 311. 318. 317. 314. 299. 303. 300. 303. 331. 359. 376.
  411. 421. 434. 442. 453. 464. 459. 472. 466. 453. 465. 465. 471. 465.
  474. 479. 476. 468. 473. 484. 477. 488. 486. 497. 489. 489.]
 [900. 900. 900. 900. 900. 900. 900. 850. 850. 850. 850. 850. 850. 849.
  848. 850. 850. 848. 849. 850. 850. 849. 849. 850. 849. 850. 848. 849.
  850. 850. 850. 850. 849. 849. 849. 850. 849. 850. 850. 850.]
 [612. 686. 690. 706. 704. 716. 711. 671. 674. 677. 618. 628. 650. 682.
  689. 715. 723. 747. 740. 753. 754. 762. 762. 768. 767. 770. 775. 775.
  777. 780. 780. 777. 775. 783. 778. 783. 781. 783. 784. 786.]
 [609. 660. 692. 698. 704. 700. 713. 667. 668. 663. 625. 648. 674. 686.
  694. 713. 722. 736. 741. 753. 740. 751. 757. 767. 766. 764. 766. 761.
  770. 770. 772. 776. 774. 777. 778. 782. 779. 779. 781. 785.]]
##############################
[[237. 282. 303. 311. 318. 317. 314. 316. 303. 300. 303. 331. 359. 376.
  411. 421. 434. 442. 453. 464. 459. 472. 466. 453. 465. 465. 471. 465.
  474. 479. 476. 468. 473. 484. 477. 488. 486. 497. 489. 489.]
 [900. 900. 900. 900. 900. 900. 900. 900. 850. 850. 850. 850. 850. 849.
  848. 850. 850. 848. 849. 850. 850. 849. 849. 850. 849. 850. 848. 849.
  850. 850. 850. 850. 849. 849. 849. 850. 849. 850. 850. 850.]
 [612. 686. 690. 706. 704. 716. 711. 712. 674. 677. 618. 628. 650. 682.
  689. 715. 723. 747. 740. 753. 754. 762. 762. 768. 767. 770. 775. 775.
  777. 780. 780. 777. 775. 783. 778. 783. 781. 783. 784. 786.]
 [609. 660. 692. 698. 704. 700. 713. 707. 668. 663. 625. 648. 674. 686.
  694. 713. 722. 736. 741. 753. 740. 751. 757. 767. 766. 764. 766. 761.
  770. 770. 772. 776. 774. 777. 778. 782. 779. 779. 781. 785.]]
##############################
[[237. 282. 303. 311. 318. 317. 314. 316. 322. 300. 303. 331. 359. 376.
  411. 421. 434. 442. 453. 464. 459. 472. 466. 453. 465. 465. 471. 465.
  474. 479. 476. 468. 473. 484. 477. 488. 486. 497. 489. 489.]
 [900. 900. 900. 900. 900. 900. 900. 900. 900. 850. 850. 850. 850. 849.
  848. 850. 850. 848. 849. 850. 850. 849. 849. 850. 849. 850. 848. 849.
  850. 850. 850. 850. 849. 849. 849. 850. 849. 850. 850. 850.]
 [612. 686. 690. 706. 704. 716. 711. 712. 714. 677. 618. 628. 650. 682.
  689. 715. 723. 747. 740. 753. 754. 762. 762. 768. 767. 770. 775. 775.
  777. 780. 780. 777. 775. 783. 778. 783. 781. 783. 784. 786.]
 [609. 660. 692. 698. 704. 700. 713. 707. 709. 663. 625. 648. 674. 686.
  694. 713. 722. 736. 741. 753. 740. 751. 757. 767. 766. 764. 766. 761.
  770. 770. 772. 776. 774. 777. 778. 782. 779. 779. 781. 785.]]
##############################
[[237. 282. 303. 311. 318. 317. 314. 316. 322. 317. 303. 331. 359. 376.
  411. 421. 434. 442. 453. 464. 459. 472. 466. 453. 465. 465. 471. 465.
  474. 479. 476. 468. 473. 484. 477. 488. 486. 497. 489. 489.]
 [900. 900. 900. 900. 900. 900. 900. 900. 900. 900. 850. 850. 850. 849.
  848. 850. 850. 848. 849. 850. 850. 849. 849. 850. 849. 850. 848. 849.
  850. 850. 850. 850. 849. 849. 849. 850. 849. 850. 850. 850.]
 [612. 686. 690. 706. 704. 716. 711. 712. 714. 716. 618. 628. 650. 682.
  689. 715. 723. 747. 740. 753. 754. 762. 762. 768. 767. 770. 775. 775.
  777. 780. 780. 777. 775. 783. 778. 783. 781. 783. 784. 786.]
 [609. 660. 692. 698. 704. 700. 713. 707. 709. 704. 625. 648. 674. 686.
  694. 713. 722. 736. 741. 753. 740. 751. 757. 767. 766. 764. 766. 761.
  770. 770. 772. 776. 774. 777. 778. 782. 779. 779. 781. 785.]]
##############################
[[237. 282. 303. 311. 318. 317. 314. 316. 322. 317. 318. 331. 359. 376.
  411. 421. 434. 442. 453. 464. 459. 472. 466. 453. 465. 465. 471. 465.
  474. 479. 476. 468. 473. 484. 477. 488. 486. 497. 489. 489.]
 [900. 900. 900. 900. 900. 900. 900. 900. 900. 900. 900. 850. 850. 849.
  848. 850. 850. 848. 849. 850. 850. 849. 849. 850. 849. 850. 848. 849.
  850. 850. 850. 850. 849. 849. 849. 850. 849. 850. 850. 850.]
 [612. 686. 690. 706. 704. 716. 711. 712. 714. 716. 656. 628. 650. 682.
  689. 715. 723. 747. 740. 753. 754. 762. 762. 768. 767. 770. 775. 775.
  777. 780. 780. 777. 775. 783. 778. 783. 781. 783. 784. 786.]
 [609. 660. 692. 698. 704. 700. 713. 707. 709. 704. 665. 648. 674. 686.
  694. 713. 722. 736. 741. 753. 740. 751. 757. 767. 766. 764. 766. 761.
  770. 770. 772. 776. 774. 777. 778. 782. 779. 779. 781. 785.]]
##############################
[[237. 282. 303. 311. 318. 317. 314. 316. 322. 317. 318. 345. 359. 376.
  411. 421. 434. 442. 453. 464. 459. 472. 466. 453. 465. 465. 471. 465.
  474. 479. 476. 468. 473. 484. 477. 488. 486. 497. 489. 489.]
 [900. 900. 900. 900. 900. 900. 900. 900. 900. 900. 900. 900. 850. 849.
  848. 850. 850. 848. 849. 850. 850. 849. 849. 850. 849. 850. 848. 849.
  850. 850. 850. 850. 849. 849. 849. 850. 849. 850. 850. 850.]
 [612. 686. 690. 706. 704. 716. 711. 712. 714. 716. 656. 665. 650. 682.
  689. 715. 723. 747. 740. 753. 754. 762. 762. 768. 767. 770. 775. 775.
  777. 780. 780. 777. 775. 783. 778. 783. 781. 783. 784. 786.]
 [609. 660. 692. 698. 704. 700. 713. 707. 709. 704. 665. 690. 674. 686.
  694. 713. 722. 736. 741. 753. 740. 751. 757. 767. 766. 764. 766. 761.
  770. 770. 772. 776. 774. 777. 778. 782. 779. 779. 781. 785.]]
##############################
[[237. 282. 303. 311. 318. 317. 314. 316. 322. 317. 318. 345. 378. 376.
  411. 421. 434. 442. 453. 464. 459. 472. 466. 453. 465. 465. 471. 465.
  474. 479. 476. 468. 473. 484. 477. 488. 486. 497. 489. 489.]
 [900. 900. 900. 900. 900. 900. 900. 900. 900. 900. 900. 900. 900. 849.
  848. 850. 850. 848. 849. 850. 850. 849. 849. 850. 849. 850. 848. 849.
  850. 850. 850. 850. 849. 849. 849. 850. 849. 850. 850. 850.]
 [612. 686. 690. 706. 704. 716. 711. 712. 714. 716. 656. 665. 692. 682.
  689. 715. 723. 747. 740. 753. 754. 762. 762. 768. 767. 770. 775. 775.
  777. 780. 780. 777. 775. 783. 778. 783. 781. 783. 784. 786.]
 [609. 660. 692. 698. 704. 700. 713. 707. 709. 704. 665. 690. 715. 686.
  694. 713. 722. 736. 741. 753. 740. 751. 757. 767. 766. 764. 766. 761.
  770. 770. 772. 776. 774. 777. 778. 782. 779. 779. 781. 785.]]
##############################
[[237. 282. 303. 311. 318. 317. 314. 316. 322. 317. 318. 345. 378. 397.
  411. 421. 434. 442. 453. 464. 459. 472. 466. 453. 465. 465. 471. 465.
  474. 479. 476. 468. 473. 484. 477. 488. 486. 497. 489. 489.]
 [900. 900. 900. 900. 900. 900. 900. 900. 900. 900. 900. 900. 900. 899.
  848. 850. 850. 848. 849. 850. 850. 849. 849. 850. 849. 850. 848. 849.
  850. 850. 850. 850. 849. 849. 849. 850. 849. 850. 850. 850.]
 [612. 686. 690. 706. 704. 716. 711. 712. 714. 716. 656. 665. 692. 725.
  689. 715. 723. 747. 740. 753. 754. 762. 762. 768. 767. 770. 775. 775.
  777. 780. 780. 777. 775. 783. 778. 783. 781. 783. 784. 786.]
 [609. 660. 692. 698. 704. 700. 713. 707. 709. 704. 665. 690. 715. 728.
  694. 713. 722. 736. 741. 753. 740. 751. 757. 767. 766. 764. 766. 761.
  770. 770. 772. 776. 774. 777. 778. 782. 779. 779. 781. 785.]]
##############################
[[237. 282. 303. 311. 318. 317. 314. 316. 322. 317. 318. 345. 378. 397.
  436. 421. 434. 442. 453. 464. 459. 472. 466. 453. 465. 465. 471. 465.
  474. 479. 476. 468. 473. 484. 477. 488. 486. 497. 489. 489.]
 [900. 900. 900. 900. 900. 900. 900. 900. 900. 900. 900. 900. 900. 899.
  898. 850. 850. 848. 849. 850. 850. 849. 849. 850. 849. 850. 848. 849.
  850. 850. 850. 850. 849. 849. 849. 850. 849. 850. 850. 850.]
 [612. 686. 690. 706. 704. 716. 711. 712. 714. 716. 656. 665. 692. 725.
  734. 715. 723. 747. 740. 753. 754. 762. 762. 768. 767. 770. 775. 775.
  777. 780. 780. 777. 775. 783. 778. 783. 781. 783. 784. 786.]
 [609. 660. 692. 698. 704. 700. 713. 707. 709. 704. 665. 690. 715. 728.
  736. 713. 722. 736. 741. 753. 740. 751. 757. 767. 766. 764. 766. 761.
  770. 770. 772. 776. 774. 777. 778. 782. 779. 779. 781. 785.]]
##############################
[[237. 282. 303. 311. 318. 317. 314. 316. 322. 317. 318. 345. 378. 397.
  436. 446. 434. 442. 453. 464. 459. 472. 466. 453. 465. 465. 471. 465.
  474. 479. 476. 468. 473. 484. 477. 488. 486. 497. 489. 489.]
 [900. 900. 900. 900. 900. 900. 900. 900. 900. 900. 900. 900. 900. 899.
  898. 900. 850. 848. 849. 850. 850. 849. 849. 850. 849. 850. 848. 849.
  850. 850. 850. 850. 849. 849. 849. 850. 849. 850. 850. 850.]
 [612. 686. 690. 706. 704. 716. 711. 712. 714. 716. 656. 665. 692. 725.
  734. 762. 723. 747. 740. 753. 754. 762. 762. 768. 767. 770. 775. 775.
  777. 780. 780. 777. 775. 783. 778. 783. 781. 783. 784. 786.]
 [609. 660. 692. 698. 704. 700. 713. 707. 709. 704. 665. 690. 715. 728.
  736. 755. 722. 736. 741. 753. 740. 751. 757. 767. 766. 764. 766. 761.
  770. 770. 772. 776. 774. 777. 778. 782. 779. 779. 781. 785.]]
##############################
[[237. 282. 303. 311. 318. 317. 314. 316. 322. 317. 318. 345. 378. 397.
  436. 446. 462. 442. 453. 464. 459. 472. 466. 453. 465. 465. 471. 465.
  474. 479. 476. 468. 473. 484. 477. 488. 486. 497. 489. 489.]
 [900. 900. 900. 900. 900. 900. 900. 900. 900. 900. 900. 900. 900. 899.
  898. 900. 900. 848. 849. 850. 850. 849. 849. 850. 849. 850. 848. 849.
  850. 850. 850. 850. 849. 849. 849. 850. 849. 850. 850. 850.]
 [612. 686. 690. 706. 704. 716. 711. 712. 714. 716. 656. 665. 692. 725.
  734. 762. 769. 747. 740. 753. 754. 762. 762. 768. 767. 770. 775. 775.
  777. 780. 780. 777. 775. 783. 778. 783. 781. 783. 784. 786.]
 [609. 660. 692. 698. 704. 700. 713. 707. 709. 704. 665. 690. 715. 728.
  736. 755. 765. 736. 741. 753. 740. 751. 757. 767. 766. 764. 766. 761.
  770. 770. 772. 776. 774. 777. 778. 782. 779. 779. 781. 785.]]
##############################
[[237. 282. 303. 311. 318. 317. 314. 316. 322. 317. 318. 345. 378. 397.
  436. 446. 462. 472. 453. 464. 459. 472. 466. 453. 465. 465. 471. 465.
  474. 479. 476. 468. 473. 484. 477. 488. 486. 497. 489. 489.]
 [900. 900. 900. 900. 900. 900. 900. 900. 900. 900. 900. 900. 900. 899.
  898. 900. 900. 898. 849. 850. 850. 849. 849. 850. 849. 850. 848. 849.
  850. 850. 850. 850. 849. 849. 849. 850. 849. 850. 850. 850.]
 [612. 686. 690. 706. 704. 716. 711. 712. 714. 716. 656. 665. 692. 725.
  734. 762. 769. 793. 740. 753. 754. 762. 762. 768. 767. 770. 775. 775.
  777. 780. 780. 777. 775. 783. 778. 783. 781. 783. 784. 786.]
 [609. 660. 692. 698. 704. 700. 713. 707. 709. 704. 665. 690. 715. 728.
  736. 755. 765. 781. 741. 753. 740. 751. 757. 767. 766. 764. 766. 761.
  770. 770. 772. 776. 774. 777. 778. 782. 779. 779. 781. 785.]]
##############################
[[237. 282. 303. 311. 318. 317. 314. 316. 322. 317. 318. 345. 378. 397.
  436. 446. 462. 472. 484. 464. 459. 472. 466. 453. 465. 465. 471. 465.
  474. 479. 476. 468. 473. 484. 477. 488. 486. 497. 489. 489.]
 [900. 900. 900. 900. 900. 900. 900. 900. 900. 900. 900. 900. 900. 899.
  898. 900. 900. 898. 899. 850. 850. 849. 849. 850. 849. 850. 848. 849.
  850. 850. 850. 850. 849. 849. 849. 850. 849. 850. 850. 850.]
 [612. 686. 690. 706. 704. 716. 711. 712. 714. 716. 656. 665. 692. 725.
  734. 762. 769. 793. 786. 753. 754. 762. 762. 768. 767. 770. 775. 775.
  777. 780. 780. 777. 775. 783. 778. 783. 781. 783. 784. 786.]
 [609. 660. 692. 698. 704. 700. 713. 707. 709. 704. 665. 690. 715. 728.
  736. 755. 765. 781. 786. 753. 740. 751. 757. 767. 766. 764. 766. 761.
  770. 770. 772. 776. 774. 777. 778. 782. 779. 779. 781. 785.]]
##############################
[[237. 282. 303. 311. 318. 317. 314. 316. 322. 317. 318. 345. 378. 397.
  436. 446. 462. 472. 484. 495. 459. 472. 466. 453. 465. 465. 471. 465.
  474. 479. 476. 468. 473. 484. 477. 488. 486. 497. 489. 489.]
 [900. 900. 900. 900. 900. 900. 900. 900. 900. 900. 900. 900. 900. 899.
  898. 900. 900. 898. 899. 900. 850. 849. 849. 850. 849. 850. 848. 849.
  850. 850. 850. 850. 849. 849. 849. 850. 849. 850. 850. 850.]
 [612. 686. 690. 706. 704. 716. 711. 712. 714. 716. 656. 665. 692. 725.
  734. 762. 769. 793. 786. 798. 754. 762. 762. 768. 767. 770. 775. 775.
  777. 780. 780. 777. 775. 783. 778. 783. 781. 783. 784. 786.]
 [609. 660. 692. 698. 704. 700. 713. 707. 709. 704. 665. 690. 715. 728.
  736. 755. 765. 781. 786. 798. 740. 751. 757. 767. 766. 764. 766. 761.
  770. 770. 772. 776. 774. 777. 778. 782. 779. 779. 781. 785.]]
##############################
[[237. 282. 303. 311. 318. 317. 314. 316. 322. 317. 318. 345. 378. 397.
  436. 446. 462. 472. 484. 495. 488. 472. 466. 453. 465. 465. 471. 465.
  474. 479. 476. 468. 473. 484. 477. 488. 486. 497. 489. 489.]
 [900. 900. 900. 900. 900. 900. 900. 900. 900. 900. 900. 900. 900. 899.
  898. 900. 900. 898. 899. 900. 900. 849. 849. 850. 849. 850. 848. 849.
  850. 850. 850. 850. 849. 849. 849. 850. 849. 850. 850. 850.]
 [612. 686. 690. 706. 704. 716. 711. 712. 714. 716. 656. 665. 692. 725.
  734. 762. 769. 793. 786. 798. 799. 762. 762. 768. 767. 770. 775. 775.
  777. 780. 780. 777. 775. 783. 778. 783. 781. 783. 784. 786.]
 [609. 660. 692. 698. 704. 700. 713. 707. 709. 704. 665. 690. 715. 728.
  736. 755. 765. 781. 786. 798. 788. 751. 757. 767. 766. 764. 766. 761.
  770. 770. 772. 776. 774. 777. 778. 782. 779. 779. 781. 785.]]
##############################
[[237. 282. 303. 311. 318. 317. 314. 316. 322. 317. 318. 345. 378. 397.
  436. 446. 462. 472. 484. 495. 488. 498. 466. 453. 465. 465. 471. 465.
  474. 479. 476. 468. 473. 484. 477. 488. 486. 497. 489. 489.]
 [900. 900. 900. 900. 900. 900. 900. 900. 900. 900. 900. 900. 900. 899.
  898. 900. 900. 898. 899. 900. 900. 899. 849. 850. 849. 850. 848. 849.
  850. 850. 850. 850. 849. 849. 849. 850. 849. 850. 850. 850.]
 [612. 686. 690. 706. 704. 716. 711. 712. 714. 716. 656. 665. 692. 725.
  734. 762. 769. 793. 786. 798. 799. 807. 762. 768. 767. 770. 775. 775.
  777. 780. 780. 777. 775. 783. 778. 783. 781. 783. 784. 786.]
 [609. 660. 692. 698. 704. 700. 713. 707. 709. 704. 665. 690. 715. 728.
  736. 755. 765. 781. 786. 798. 788. 797. 757. 767. 766. 764. 766. 761.
  770. 770. 772. 776. 774. 777. 778. 782. 779. 779. 781. 785.]]
##############################
[[237. 282. 303. 311. 318. 317. 314. 316. 322. 317. 318. 345. 378. 397.
  436. 446. 462. 472. 484. 495. 488. 498. 496. 453. 465. 465. 471. 465.
  474. 479. 476. 468. 473. 484. 477. 488. 486. 497. 489. 489.]
 [900. 900. 900. 900. 900. 900. 900. 900. 900. 900. 900. 900. 900. 899.
  898. 900. 900. 898. 899. 900. 900. 899. 899. 850. 849. 850. 848. 849.
  850. 850. 850. 850. 849. 849. 849. 850. 849. 850. 850. 850.]
 [612. 686. 690. 706. 704. 716. 711. 712. 714. 716. 656. 665. 692. 725.
  734. 762. 769. 793. 786. 798. 799. 807. 807. 768. 767. 770. 775. 775.
  777. 780. 780. 777. 775. 783. 778. 783. 781. 783. 784. 786.]
 [609. 660. 692. 698. 704. 700. 713. 707. 709. 704. 665. 690. 715. 728.
  736. 755. 765. 781. 786. 798. 788. 797. 804. 767. 766. 764. 766. 761.
  770. 770. 772. 776. 774. 777. 778. 782. 779. 779. 781. 785.]]
##############################
[[237. 282. 303. 311. 318. 317. 314. 316. 322. 317. 318. 345. 378. 397.
  436. 446. 462. 472. 484. 495. 488. 498. 496. 484. 465. 465. 471. 465.
  474. 479. 476. 468. 473. 484. 477. 488. 486. 497. 489. 489.]
 [900. 900. 900. 900. 900. 900. 900. 900. 900. 900. 900. 900. 900. 899.
  898. 900. 900. 898. 899. 900. 900. 899. 899. 900. 849. 850. 848. 849.
  850. 850. 850. 850. 849. 849. 849. 850. 849. 850. 850. 850.]
 [612. 686. 690. 706. 704. 716. 711. 712. 714. 716. 656. 665. 692. 725.
  734. 762. 769. 793. 786. 798. 799. 807. 807. 813. 767. 770. 775. 775.
  777. 780. 780. 777. 775. 783. 778. 783. 781. 783. 784. 786.]
 [609. 660. 692. 698. 704. 700. 713. 707. 709. 704. 665. 690. 715. 728.
  736. 755. 765. 781. 786. 798. 788. 797. 804. 814. 766. 764. 766. 761.
  770. 770. 772. 776. 774. 777. 778. 782. 779. 779. 781. 785.]]
##############################
[[237. 282. 303. 311. 318. 317. 314. 316. 322. 317. 318. 345. 378. 397.
  436. 446. 462. 472. 484. 495. 488. 498. 496. 484. 493. 465. 471. 465.
  474. 479. 476. 468. 473. 484. 477. 488. 486. 497. 489. 489.]
 [900. 900. 900. 900. 900. 900. 900. 900. 900. 900. 900. 900. 900. 899.
  898. 900. 900. 898. 899. 900. 900. 899. 899. 900. 899. 850. 848. 849.
  850. 850. 850. 850. 849. 849. 849. 850. 849. 850. 850. 850.]
 [612. 686. 690. 706. 704. 716. 711. 712. 714. 716. 656. 665. 692. 725.
  734. 762. 769. 793. 786. 798. 799. 807. 807. 813. 813. 770. 775. 775.
  777. 780. 780. 777. 775. 783. 778. 783. 781. 783. 784. 786.]
 [609. 660. 692. 698. 704. 700. 713. 707. 709. 704. 665. 690. 715. 728.
  736. 755. 765. 781. 786. 798. 788. 797. 804. 814. 813. 764. 766. 761.
  770. 770. 772. 776. 774. 777. 778. 782. 779. 779. 781. 785.]]
##############################
[[237. 282. 303. 311. 318. 317. 314. 316. 322. 317. 318. 345. 378. 397.
  436. 446. 462. 472. 484. 495. 488. 498. 496. 484. 493. 496. 471. 465.
  474. 479. 476. 468. 473. 484. 477. 488. 486. 497. 489. 489.]
 [900. 900. 900. 900. 900. 900. 900. 900. 900. 900. 900. 900. 900. 899.
  898. 900. 900. 898. 899. 900. 900. 899. 899. 900. 899. 900. 848. 849.
  850. 850. 850. 850. 849. 849. 849. 850. 849. 850. 850. 850.]
 [612. 686. 690. 706. 704. 716. 711. 712. 714. 716. 656. 665. 692. 725.
  734. 762. 769. 793. 786. 798. 799. 807. 807. 813. 813. 817. 775. 775.
  777. 780. 780. 777. 775. 783. 778. 783. 781. 783. 784. 786.]
 [609. 660. 692. 698. 704. 700. 713. 707. 709. 704. 665. 690. 715. 728.
  736. 755. 765. 781. 786. 798. 788. 797. 804. 814. 813. 811. 766. 761.
  770. 770. 772. 776. 774. 777. 778. 782. 779. 779. 781. 785.]]
##############################
[[237. 282. 303. 311. 318. 317. 314. 316. 322. 317. 318. 345. 378. 397.
  436. 446. 462. 472. 484. 495. 488. 498. 496. 484. 493. 496. 501. 465.
  474. 479. 476. 468. 473. 484. 477. 488. 486. 497. 489. 489.]
 [900. 900. 900. 900. 900. 900. 900. 900. 900. 900. 900. 900. 900. 899.
  898. 900. 900. 898. 899. 900. 900. 899. 899. 900. 899. 900. 898. 849.
  850. 850. 850. 850. 849. 849. 849. 850. 849. 850. 850. 850.]
 [612. 686. 690. 706. 704. 716. 711. 712. 714. 716. 656. 665. 692. 725.
  734. 762. 769. 793. 786. 798. 799. 807. 807. 813. 813. 817. 823. 775.
  777. 780. 780. 777. 775. 783. 778. 783. 781. 783. 784. 786.]
 [609. 660. 692. 698. 704. 700. 713. 707. 709. 704. 665. 690. 715. 728.
  736. 755. 765. 781. 786. 798. 788. 797. 804. 814. 813. 811. 813. 761.
  770. 770. 772. 776. 774. 777. 778. 782. 779. 779. 781. 785.]]
##############################
[[237. 282. 303. 311. 318. 317. 314. 316. 322. 317. 318. 345. 378. 397.
  436. 446. 462. 472. 484. 495. 488. 498. 496. 484. 493. 496. 501. 495.
  474. 479. 476. 468. 473. 484. 477. 488. 486. 497. 489. 489.]
 [900. 900. 900. 900. 900. 900. 900. 900. 900. 900. 900. 900. 900. 899.
  898. 900. 900. 898. 899. 900. 900. 899. 899. 900. 899. 900. 898. 899.
  850. 850. 850. 850. 849. 849. 849. 850. 849. 850. 850. 850.]
 [612. 686. 690. 706. 704. 716. 711. 712. 714. 716. 656. 665. 692. 725.
  734. 762. 769. 793. 786. 798. 799. 807. 807. 813. 813. 817. 823. 822.
  777. 780. 780. 777. 775. 783. 778. 783. 781. 783. 784. 786.]
 [609. 660. 692. 698. 704. 700. 713. 707. 709. 704. 665. 690. 715. 728.
  736. 755. 765. 781. 786. 798. 788. 797. 804. 814. 813. 811. 813. 809.
  770. 770. 772. 776. 774. 777. 778. 782. 779. 779. 781. 785.]]
##############################
[[237. 282. 303. 311. 318. 317. 314. 316. 322. 317. 318. 345. 378. 397.
  436. 446. 462. 472. 484. 495. 488. 498. 496. 484. 493. 496. 501. 495.
  503. 479. 476. 468. 473. 484. 477. 488. 486. 497. 489. 489.]
 [900. 900. 900. 900. 900. 900. 900. 900. 900. 900. 900. 900. 900. 899.
  898. 900. 900. 898. 899. 900. 900. 899. 899. 900. 899. 900. 898. 899.
  900. 850. 850. 850. 849. 849. 849. 850. 849. 850. 850. 850.]
 [612. 686. 690. 706. 704. 716. 711. 712. 714. 716. 656. 665. 692. 725.
  734. 762. 769. 793. 786. 798. 799. 807. 807. 813. 813. 817. 823. 822.
  825. 780. 780. 777. 775. 783. 778. 783. 781. 783. 784. 786.]
 [609. 660. 692. 698. 704. 700. 713. 707. 709. 704. 665. 690. 715. 728.
  736. 755. 765. 781. 786. 798. 788. 797. 804. 814. 813. 811. 813. 809.
  818. 770. 772. 776. 774. 777. 778. 782. 779. 779. 781. 785.]]
##############################
[[237. 282. 303. 311. 318. 317. 314. 316. 322. 317. 318. 345. 378. 397.
  436. 446. 462. 472. 484. 495. 488. 498. 496. 484. 493. 496. 501. 495.
  503. 508. 476. 468. 473. 484. 477. 488. 486. 497. 489. 489.]
 [900. 900. 900. 900. 900. 900. 900. 900. 900. 900. 900. 900. 900. 899.
  898. 900. 900. 898. 899. 900. 900. 899. 899. 900. 899. 900. 898. 899.
  900. 900. 850. 850. 849. 849. 849. 850. 849. 850. 850. 850.]
 [612. 686. 690. 706. 704. 716. 711. 712. 714. 716. 656. 665. 692. 725.
  734. 762. 769. 793. 786. 798. 799. 807. 807. 813. 813. 817. 823. 822.
  825. 828. 780. 777. 775. 783. 778. 783. 781. 783. 784. 786.]
 [609. 660. 692. 698. 704. 700. 713. 707. 709. 704. 665. 690. 715. 728.
  736. 755. 765. 781. 786. 798. 788. 797. 804. 814. 813. 811. 813. 809.
  818. 817. 772. 776. 774. 777. 778. 782. 779. 779. 781. 785.]]
##############################
[[237. 282. 303. 311. 318. 317. 314. 316. 322. 317. 318. 345. 378. 397.
  436. 446. 462. 472. 484. 495. 488. 498. 496. 484. 493. 496. 501. 495.
  503. 508. 505. 468. 473. 484. 477. 488. 486. 497. 489. 489.]
 [900. 900. 900. 900. 900. 900. 900. 900. 900. 900. 900. 900. 900. 899.
  898. 900. 900. 898. 899. 900. 900. 899. 899. 900. 899. 900. 898. 899.
  900. 900. 900. 850. 849. 849. 849. 850. 849. 850. 850. 850.]
 [612. 686. 690. 706. 704. 716. 711. 712. 714. 716. 656. 665. 692. 725.
  734. 762. 769. 793. 786. 798. 799. 807. 807. 813. 813. 817. 823. 822.
  825. 828. 828. 777. 775. 783. 778. 783. 781. 783. 784. 786.]
 [609. 660. 692. 698. 704. 700. 713. 707. 709. 704. 665. 690. 715. 728.
  736. 755. 765. 781. 786. 798. 788. 797. 804. 814. 813. 811. 813. 809.
  818. 817. 821. 776. 774. 777. 778. 782. 779. 779. 781. 785.]]
##############################
[[237. 282. 303. 311. 318. 317. 314. 316. 322. 317. 318. 345. 378. 397.
  436. 446. 462. 472. 484. 495. 488. 498. 496. 484. 493. 496. 501. 495.
  503. 508. 505. 493. 473. 484. 477. 488. 486. 497. 489. 489.]
 [900. 900. 900. 900. 900. 900. 900. 900. 900. 900. 900. 900. 900. 899.
  898. 900. 900. 898. 899. 900. 900. 899. 899. 900. 899. 900. 898. 899.
  900. 900. 900. 900. 849. 849. 849. 850. 849. 850. 850. 850.]
 [612. 686. 690. 706. 704. 716. 711. 712. 714. 716. 656. 665. 692. 725.
  734. 762. 769. 793. 786. 798. 799. 807. 807. 813. 813. 817. 823. 822.
  825. 828. 828. 825. 775. 783. 778. 783. 781. 783. 784. 786.]
 [609. 660. 692. 698. 704. 700. 713. 707. 709. 704. 665. 690. 715. 728.
  736. 755. 765. 781. 786. 798. 788. 797. 804. 814. 813. 811. 813. 809.
  818. 817. 821. 824. 774. 777. 778. 782. 779. 779. 781. 785.]]
##############################
[[237. 282. 303. 311. 318. 317. 314. 316. 322. 317. 318. 345. 378. 397.
  436. 446. 462. 472. 484. 495. 488. 498. 496. 484. 493. 496. 501. 495.
  503. 508. 505. 493. 501. 484. 477. 488. 486. 497. 489. 489.]
 [900. 900. 900. 900. 900. 900. 900. 900. 900. 900. 900. 900. 900. 899.
  898. 900. 900. 898. 899. 900. 900. 899. 899. 900. 899. 900. 898. 899.
  900. 900. 900. 900. 899. 849. 849. 850. 849. 850. 850. 850.]
 [612. 686. 690. 706. 704. 716. 711. 712. 714. 716. 656. 665. 692. 725.
  734. 762. 769. 793. 786. 798. 799. 807. 807. 813. 813. 817. 823. 822.
  825. 828. 828. 825. 823. 783. 778. 783. 781. 783. 784. 786.]
 [609. 660. 692. 698. 704. 700. 713. 707. 709. 704. 665. 690. 715. 728.
  736. 755. 765. 781. 786. 798. 788. 797. 804. 814. 813. 811. 813. 809.
  818. 817. 821. 824. 823. 777. 778. 782. 779. 779. 781. 785.]]
##############################
[[237. 282. 303. 311. 318. 317. 314. 316. 322. 317. 318. 345. 378. 397.
  436. 446. 462. 472. 484. 495. 488. 498. 496. 484. 493. 496. 501. 495.
  503. 508. 505. 493. 501. 514. 477. 488. 486. 497. 489. 489.]
 [900. 900. 900. 900. 900. 900. 900. 900. 900. 900. 900. 900. 900. 899.
  898. 900. 900. 898. 899. 900. 900. 899. 899. 900. 899. 900. 898. 899.
  900. 900. 900. 900. 899. 899. 849. 850. 849. 850. 850. 850.]
 [612. 686. 690. 706. 704. 716. 711. 712. 714. 716. 656. 665. 692. 725.
  734. 762. 769. 793. 786. 798. 799. 807. 807. 813. 813. 817. 823. 822.
  825. 828. 828. 825. 823. 831. 778. 783. 781. 783. 784. 786.]
 [609. 660. 692. 698. 704. 700. 713. 707. 709. 704. 665. 690. 715. 728.
  736. 755. 765. 781. 786. 798. 788. 797. 804. 814. 813. 811. 813. 809.
  818. 817. 821. 824. 823. 826. 778. 782. 779. 779. 781. 785.]]
##############################
[[237. 282. 303. 311. 318. 317. 314. 316. 322. 317. 318. 345. 378. 397.
  436. 446. 462. 472. 484. 495. 488. 498. 496. 484. 493. 496. 501. 495.
  503. 508. 505. 493. 501. 514. 509. 488. 486. 497. 489. 489.]
 [900. 900. 900. 900. 900. 900. 900. 900. 900. 900. 900. 900. 900. 899.
  898. 900. 900. 898. 899. 900. 900. 899. 899. 900. 899. 900. 898. 899.
  900. 900. 900. 900. 899. 899. 899. 850. 849. 850. 850. 850.]
 [612. 686. 690. 706. 704. 716. 711. 712. 714. 716. 656. 665. 692. 725.
  734. 762. 769. 793. 786. 798. 799. 807. 807. 813. 813. 817. 823. 822.
  825. 828. 828. 825. 823. 831. 826. 783. 781. 783. 784. 786.]
 [609. 660. 692. 698. 704. 700. 713. 707. 709. 704. 665. 690. 715. 728.
  736. 755. 765. 781. 786. 798. 788. 797. 804. 814. 813. 811. 813. 809.
  818. 817. 821. 824. 823. 826. 826. 782. 779. 779. 781. 785.]]
##############################
[[237. 282. 303. 311. 318. 317. 314. 316. 322. 317. 318. 345. 378. 397.
  436. 446. 462. 472. 484. 495. 488. 498. 496. 484. 493. 496. 501. 495.
  503. 508. 505. 493. 501. 514. 509. 523. 486. 497. 489. 489.]
 [900. 900. 900. 900. 900. 900. 900. 900. 900. 900. 900. 900. 900. 899.
  898. 900. 900. 898. 899. 900. 900. 899. 899. 900. 899. 900. 898. 899.
  900. 900. 900. 900. 899. 899. 899. 900. 849. 850. 850. 850.]
 [612. 686. 690. 706. 704. 716. 711. 712. 714. 716. 656. 665. 692. 725.
  734. 762. 769. 793. 786. 798. 799. 807. 807. 813. 813. 817. 823. 822.
  825. 828. 828. 825. 823. 831. 826. 831. 781. 783. 784. 786.]
 [609. 660. 692. 698. 704. 700. 713. 707. 709. 704. 665. 690. 715. 728.
  736. 755. 765. 781. 786. 798. 788. 797. 804. 814. 813. 811. 813. 809.
  818. 817. 821. 824. 823. 826. 826. 830. 779. 779. 781. 785.]]
##############################
[[237. 282. 303. 311. 318. 317. 314. 316. 322. 317. 318. 345. 378. 397.
  436. 446. 462. 472. 484. 495. 488. 498. 496. 484. 493. 496. 501. 495.
  503. 508. 505. 493. 501. 514. 509. 523. 517. 497. 489. 489.]
 [900. 900. 900. 900. 900. 900. 900. 900. 900. 900. 900. 900. 900. 899.
  898. 900. 900. 898. 899. 900. 900. 899. 899. 900. 899. 900. 898. 899.
  900. 900. 900. 900. 899. 899. 899. 900. 899. 850. 850. 850.]
 [612. 686. 690. 706. 704. 716. 711. 712. 714. 716. 656. 665. 692. 725.
  734. 762. 769. 793. 786. 798. 799. 807. 807. 813. 813. 817. 823. 822.
  825. 828. 828. 825. 823. 831. 826. 831. 829. 783. 784. 786.]
 [609. 660. 692. 698. 704. 700. 713. 707. 709. 704. 665. 690. 715. 728.
  736. 755. 765. 781. 786. 798. 788. 797. 804. 814. 813. 811. 813. 809.
  818. 817. 821. 824. 823. 826. 826. 830. 827. 779. 781. 785.]]
##############################
[[237. 282. 303. 311. 318. 317. 314. 316. 322. 317. 318. 345. 378. 397.
  436. 446. 462. 472. 484. 495. 488. 498. 496. 484. 493. 496. 501. 495.
  503. 508. 505. 493. 501. 514. 509. 523. 517. 528. 489. 489.]
 [900. 900. 900. 900. 900. 900. 900. 900. 900. 900. 900. 900. 900. 899.
  898. 900. 900. 898. 899. 900. 900. 899. 899. 900. 899. 900. 898. 899.
  900. 900. 900. 900. 899. 899. 899. 900. 899. 900. 850. 850.]
 [612. 686. 690. 706. 704. 716. 711. 712. 714. 716. 656. 665. 692. 725.
  734. 762. 769. 793. 786. 798. 799. 807. 807. 813. 813. 817. 823. 822.
  825. 828. 828. 825. 823. 831. 826. 831. 829. 831. 784. 786.]
 [609. 660. 692. 698. 704. 700. 713. 707. 709. 704. 665. 690. 715. 728.
  736. 755. 765. 781. 786. 798. 788. 797. 804. 814. 813. 811. 813. 809.
  818. 817. 821. 824. 823. 826. 826. 830. 827. 828. 781. 785.]]
##############################
[[237. 282. 303. 311. 318. 317. 314. 316. 322. 317. 318. 345. 378. 397.
  436. 446. 462. 472. 484. 495. 488. 498. 496. 484. 493. 496. 501. 495.
  503. 508. 505. 493. 501. 514. 509. 523. 517. 528. 522. 489.]
 [900. 900. 900. 900. 900. 900. 900. 900. 900. 900. 900. 900. 900. 899.
  898. 900. 900. 898. 899. 900. 900. 899. 899. 900. 899. 900. 898. 899.
  900. 900. 900. 900. 899. 899. 899. 900. 899. 900. 900. 850.]
 [612. 686. 690. 706. 704. 716. 711. 712. 714. 716. 656. 665. 692. 725.
  734. 762. 769. 793. 786. 798. 799. 807. 807. 813. 813. 817. 823. 822.
  825. 828. 828. 825. 823. 831. 826. 831. 829. 831. 832. 786.]
 [609. 660. 692. 698. 704. 700. 713. 707. 709. 704. 665. 690. 715. 728.
  736. 755. 765. 781. 786. 798. 788. 797. 804. 814. 813. 811. 813. 809.
  818. 817. 821. 824. 823. 826. 826. 830. 827. 828. 829. 785.]]
##############################
[[237. 282. 303. 311. 318. 317. 314. 316. 322. 317. 318. 345. 378. 397.
  436. 446. 462. 472. 484. 495. 488. 498. 496. 484. 493. 496. 501. 495.
  503. 508. 505. 493. 501. 514. 509. 523. 517. 528. 522. 521.]
 [900. 900. 900. 900. 900. 900. 900. 900. 900. 900. 900. 900. 900. 899.
  898. 900. 900. 898. 899. 900. 900. 899. 899. 900. 899. 900. 898. 899.
  900. 900. 900. 900. 899. 899. 899. 900. 899. 900. 900. 900.]
 [612. 686. 690. 706. 704. 716. 711. 712. 714. 716. 656. 665. 692. 725.
  734. 762. 769. 793. 786. 798. 799. 807. 807. 813. 813. 817. 823. 822.
  825. 828. 828. 825. 823. 831. 826. 831. 829. 831. 832. 834.]
 [609. 660. 692. 698. 704. 700. 713. 707. 709. 704. 665. 690. 715. 728.
  736. 755. 765. 781. 786. 798. 788. 797. 804. 814. 813. 811. 813. 809.
  818. 817. 821. 824. 823. 826. 826. 830. 827. 828. 829. 833.]]
##############################
##################################################
##################################################
starting :19 batch
[[252. 282. 303. 311. 318. 317. 314. 316. 322. 317. 318. 345. 378. 397.
  436. 446. 462. 472. 484. 495. 488. 498. 496. 484. 493. 496. 501. 495.
  503. 508. 505. 493. 501. 514. 509. 523. 517. 528. 522. 521.]
 [950. 900. 900. 900. 900. 900. 900. 900. 900. 900. 900. 900. 900. 899.
  898. 900. 900. 898. 899. 900. 900. 899. 899. 900. 899. 900. 898. 899.
  900. 900. 900. 900. 899. 899. 899. 900. 899. 900. 900. 900.]
 [642. 686. 690. 706. 704. 716. 711. 712. 714. 716. 656. 665. 692. 725.
  734. 762. 769. 793. 786. 798. 799. 807. 807. 813. 813. 817. 823. 822.
  825. 828. 828. 825. 823. 831. 826. 831. 829. 831. 832. 834.]
 [641. 660. 692. 698. 704. 700. 713. 707. 709. 704. 665. 690. 715. 728.
  736. 755. 765. 781. 786. 798. 788. 797. 804. 814. 813. 811. 813. 809.
  818. 817. 821. 824. 823. 826. 826. 830. 827. 828. 829. 833.]]
##############################
[[252. 299. 303. 311. 318. 317. 314. 316. 322. 317. 318. 345. 378. 397.
  436. 446. 462. 472. 484. 495. 488. 498. 496. 484. 493. 496. 501. 495.
  503. 508. 505. 493. 501. 514. 509. 523. 517. 528. 522. 521.]
 [950. 950. 900. 900. 900. 900. 900. 900. 900. 900. 900. 900. 900. 899.
  898. 900. 900. 898. 899. 900. 900. 899. 899. 900. 899. 900. 898. 899.
  900. 900. 900. 900. 899. 899. 899. 900. 899. 900. 900. 900.]
 [642. 723. 690. 706. 704. 716. 711. 712. 714. 716. 656. 665. 692. 725.
  734. 762. 769. 793. 786. 798. 799. 807. 807. 813. 813. 817. 823. 822.
  825. 828. 828. 825. 823. 831. 826. 831. 829. 831. 832. 834.]
 [641. 695. 692. 698. 704. 700. 713. 707. 709. 704. 665. 690. 715. 728.
  736. 755. 765. 781. 786. 798. 788. 797. 804. 814. 813. 811. 813. 809.
  818. 817. 821. 824. 823. 826. 826. 830. 827. 828. 829. 833.]]
##############################
[[252. 299. 322. 311. 318. 317. 314. 316. 322. 317. 318. 345. 378. 397.
  436. 446. 462. 472. 484. 495. 488. 498. 496. 484. 493. 496. 501. 495.
  503. 508. 505. 493. 501. 514. 509. 523. 517. 528. 522. 521.]
 [950. 950. 950. 900. 900. 900. 900. 900. 900. 900. 900. 900. 900. 899.
  898. 900. 900. 898. 899. 900. 900. 899. 899. 900. 899. 900. 898. 899.
  900. 900. 900. 900. 899. 899. 899. 900. 899. 900. 900. 900.]
 [642. 723. 731. 706. 704. 716. 711. 712. 714. 716. 656. 665. 692. 725.
  734. 762. 769. 793. 786. 798. 799. 807. 807. 813. 813. 817. 823. 822.
  825. 828. 828. 825. 823. 831. 826. 831. 829. 831. 832. 834.]
 [641. 695. 727. 698. 704. 700. 713. 707. 709. 704. 665. 690. 715. 728.
  736. 755. 765. 781. 786. 798. 788. 797. 804. 814. 813. 811. 813. 809.
  818. 817. 821. 824. 823. 826. 826. 830. 827. 828. 829. 833.]]
##############################
[[252. 299. 322. 330. 318. 317. 314. 316. 322. 317. 318. 345. 378. 397.
  436. 446. 462. 472. 484. 495. 488. 498. 496. 484. 493. 496. 501. 495.
  503. 508. 505. 493. 501. 514. 509. 523. 517. 528. 522. 521.]
 [950. 950. 950. 950. 900. 900. 900. 900. 900. 900. 900. 900. 900. 899.
  898. 900. 900. 898. 899. 900. 900. 899. 899. 900. 899. 900. 898. 899.
  900. 900. 900. 900. 899. 899. 899. 900. 899. 900. 900. 900.]
 [642. 723. 731. 745. 704. 716. 711. 712. 714. 716. 656. 665. 692. 725.
  734. 762. 769. 793. 786. 798. 799. 807. 807. 813. 813. 817. 823. 822.
  825. 828. 828. 825. 823. 831. 826. 831. 829. 831. 832. 834.]
 [641. 695. 727. 735. 704. 700. 713. 707. 709. 704. 665. 690. 715. 728.
  736. 755. 765. 781. 786. 798. 788. 797. 804. 814. 813. 811. 813. 809.
  818. 817. 821. 824. 823. 826. 826. 830. 827. 828. 829. 833.]]
##############################
[[252. 299. 322. 330. 339. 317. 314. 316. 322. 317. 318. 345. 378. 397.
  436. 446. 462. 472. 484. 495. 488. 498. 496. 484. 493. 496. 501. 495.
  503. 508. 505. 493. 501. 514. 509. 523. 517. 528. 522. 521.]
 [950. 950. 950. 950. 950. 900. 900. 900. 900. 900. 900. 900. 900. 899.
  898. 900. 900. 898. 899. 900. 900. 899. 899. 900. 899. 900. 898. 899.
  900. 900. 900. 900. 899. 899. 899. 900. 899. 900. 900. 900.]
 [642. 723. 731. 745. 745. 716. 711. 712. 714. 716. 656. 665. 692. 725.
  734. 762. 769. 793. 786. 798. 799. 807. 807. 813. 813. 817. 823. 822.
  825. 828. 828. 825. 823. 831. 826. 831. 829. 831. 832. 834.]
 [641. 695. 727. 735. 741. 700. 713. 707. 709. 704. 665. 690. 715. 728.
  736. 755. 765. 781. 786. 798. 788. 797. 804. 814. 813. 811. 813. 809.
  818. 817. 821. 824. 823. 826. 826. 830. 827. 828. 829. 833.]]
##############################
[[252. 299. 322. 330. 339. 336. 314. 316. 322. 317. 318. 345. 378. 397.
  436. 446. 462. 472. 484. 495. 488. 498. 496. 484. 493. 496. 501. 495.
  503. 508. 505. 493. 501. 514. 509. 523. 517. 528. 522. 521.]
 [950. 950. 950. 950. 950. 950. 900. 900. 900. 900. 900. 900. 900. 899.
  898. 900. 900. 898. 899. 900. 900. 899. 899. 900. 899. 900. 898. 899.
  900. 900. 900. 900. 899. 899. 899. 900. 899. 900. 900. 900.]
 [642. 723. 731. 745. 745. 757. 711. 712. 714. 716. 656. 665. 692. 725.
  734. 762. 769. 793. 786. 798. 799. 807. 807. 813. 813. 817. 823. 822.
  825. 828. 828. 825. 823. 831. 826. 831. 829. 831. 832. 834.]
 [641. 695. 727. 735. 741. 738. 713. 707. 709. 704. 665. 690. 715. 728.
  736. 755. 765. 781. 786. 798. 788. 797. 804. 814. 813. 811. 813. 809.
  818. 817. 821. 824. 823. 826. 826. 830. 827. 828. 829. 833.]]
##############################
[[252. 299. 322. 330. 339. 336. 335. 316. 322. 317. 318. 345. 378. 397.
  436. 446. 462. 472. 484. 495. 488. 498. 496. 484. 493. 496. 501. 495.
  503. 508. 505. 493. 501. 514. 509. 523. 517. 528. 522. 521.]
 [950. 950. 950. 950. 950. 950. 950. 900. 900. 900. 900. 900. 900. 899.
  898. 900. 900. 898. 899. 900. 900. 899. 899. 900. 899. 900. 898. 899.
  900. 900. 900. 900. 899. 899. 899. 900. 899. 900. 900. 900.]
 [642. 723. 731. 745. 745. 757. 751. 712. 714. 716. 656. 665. 692. 725.
  734. 762. 769. 793. 786. 798. 799. 807. 807. 813. 813. 817. 823. 822.
  825. 828. 828. 825. 823. 831. 826. 831. 829. 831. 832. 834.]
 [641. 695. 727. 735. 741. 738. 750. 707. 709. 704. 665. 690. 715. 728.
  736. 755. 765. 781. 786. 798. 788. 797. 804. 814. 813. 811. 813. 809.
  818. 817. 821. 824. 823. 826. 826. 830. 827. 828. 829. 833.]]
##############################
[[252. 299. 322. 330. 339. 336. 335. 338. 322. 317. 318. 345. 378. 397.
  436. 446. 462. 472. 484. 495. 488. 498. 496. 484. 493. 496. 501. 495.
  503. 508. 505. 493. 501. 514. 509. 523. 517. 528. 522. 521.]
 [950. 950. 950. 950. 950. 950. 950. 950. 900. 900. 900. 900. 900. 899.
  898. 900. 900. 898. 899. 900. 900. 899. 899. 900. 899. 900. 898. 899.
  900. 900. 900. 900. 899. 899. 899. 900. 899. 900. 900. 900.]
 [642. 723. 731. 745. 745. 757. 751. 754. 714. 716. 656. 665. 692. 725.
  734. 762. 769. 793. 786. 798. 799. 807. 807. 813. 813. 817. 823. 822.
  825. 828. 828. 825. 823. 831. 826. 831. 829. 831. 832. 834.]
 [641. 695. 727. 735. 741. 738. 750. 745. 709. 704. 665. 690. 715. 728.
  736. 755. 765. 781. 786. 798. 788. 797. 804. 814. 813. 811. 813. 809.
  818. 817. 821. 824. 823. 826. 826. 830. 827. 828. 829. 833.]]
##############################
[[252. 299. 322. 330. 339. 336. 335. 338. 343. 317. 318. 345. 378. 397.
  436. 446. 462. 472. 484. 495. 488. 498. 496. 484. 493. 496. 501. 495.
  503. 508. 505. 493. 501. 514. 509. 523. 517. 528. 522. 521.]
 [950. 950. 950. 950. 950. 950. 950. 950. 950. 900. 900. 900. 900. 899.
  898. 900. 900. 898. 899. 900. 900. 899. 899. 900. 899. 900. 898. 899.
  900. 900. 900. 900. 899. 899. 899. 900. 899. 900. 900. 900.]
 [642. 723. 731. 745. 745. 757. 751. 754. 756. 716. 656. 665. 692. 725.
  734. 762. 769. 793. 786. 798. 799. 807. 807. 813. 813. 817. 823. 822.
  825. 828. 828. 825. 823. 831. 826. 831. 829. 831. 832. 834.]
 [641. 695. 727. 735. 741. 738. 750. 745. 744. 704. 665. 690. 715. 728.
  736. 755. 765. 781. 786. 798. 788. 797. 804. 814. 813. 811. 813. 809.
  818. 817. 821. 824. 823. 826. 826. 830. 827. 828. 829. 833.]]
##############################
[[252. 299. 322. 330. 339. 336. 335. 338. 343. 337. 318. 345. 378. 397.
  436. 446. 462. 472. 484. 495. 488. 498. 496. 484. 493. 496. 501. 495.
  503. 508. 505. 493. 501. 514. 509. 523. 517. 528. 522. 521.]
 [950. 950. 950. 950. 950. 950. 950. 950. 950. 950. 900. 900. 900. 899.
  898. 900. 900. 898. 899. 900. 900. 899. 899. 900. 899. 900. 898. 899.
  900. 900. 900. 900. 899. 899. 899. 900. 899. 900. 900. 900.]
 [642. 723. 731. 745. 745. 757. 751. 754. 756. 756. 656. 665. 692. 725.
  734. 762. 769. 793. 786. 798. 799. 807. 807. 813. 813. 817. 823. 822.
  825. 828. 828. 825. 823. 831. 826. 831. 829. 831. 832. 834.]
 [641. 695. 727. 735. 741. 738. 750. 745. 744. 743. 665. 690. 715. 728.
  736. 755. 765. 781. 786. 798. 788. 797. 804. 814. 813. 811. 813. 809.
  818. 817. 821. 824. 823. 826. 826. 830. 827. 828. 829. 833.]]
##############################
[[252. 299. 322. 330. 339. 336. 335. 338. 343. 337. 339. 345. 378. 397.
  436. 446. 462. 472. 484. 495. 488. 498. 496. 484. 493. 496. 501. 495.
  503. 508. 505. 493. 501. 514. 509. 523. 517. 528. 522. 521.]
 [950. 950. 950. 950. 950. 950. 950. 950. 950. 950. 950. 900. 900. 899.
  898. 900. 900. 898. 899. 900. 900. 899. 899. 900. 899. 900. 898. 899.
  900. 900. 900. 900. 899. 899. 899. 900. 899. 900. 900. 900.]
 [642. 723. 731. 745. 745. 757. 751. 754. 756. 756. 694. 665. 692. 725.
  734. 762. 769. 793. 786. 798. 799. 807. 807. 813. 813. 817. 823. 822.
  825. 828. 828. 825. 823. 831. 826. 831. 829. 831. 832. 834.]
 [641. 695. 727. 735. 741. 738. 750. 745. 744. 743. 701. 690. 715. 728.
  736. 755. 765. 781. 786. 798. 788. 797. 804. 814. 813. 811. 813. 809.
  818. 817. 821. 824. 823. 826. 826. 830. 827. 828. 829. 833.]]
##############################
[[252. 299. 322. 330. 339. 336. 335. 338. 343. 337. 339. 370. 378. 397.
  436. 446. 462. 472. 484. 495. 488. 498. 496. 484. 493. 496. 501. 495.
  503. 508. 505. 493. 501. 514. 509. 523. 517. 528. 522. 521.]
 [950. 950. 950. 950. 950. 950. 950. 950. 950. 950. 950. 950. 900. 899.
  898. 900. 900. 898. 899. 900. 900. 899. 899. 900. 899. 900. 898. 899.
  900. 900. 900. 900. 899. 899. 899. 900. 899. 900. 900. 900.]
 [642. 723. 731. 745. 745. 757. 751. 754. 756. 756. 694. 703. 692. 725.
  734. 762. 769. 793. 786. 798. 799. 807. 807. 813. 813. 817. 823. 822.
  825. 828. 828. 825. 823. 831. 826. 831. 829. 831. 832. 834.]
 [641. 695. 727. 735. 741. 738. 750. 745. 744. 743. 701. 726. 715. 728.
  736. 755. 765. 781. 786. 798. 788. 797. 804. 814. 813. 811. 813. 809.
  818. 817. 821. 824. 823. 826. 826. 830. 827. 828. 829. 833.]]
##############################
[[252. 299. 322. 330. 339. 336. 335. 338. 343. 337. 339. 370. 399. 397.
  436. 446. 462. 472. 484. 495. 488. 498. 496. 484. 493. 496. 501. 495.
  503. 508. 505. 493. 501. 514. 509. 523. 517. 528. 522. 521.]
 [950. 950. 950. 950. 950. 950. 950. 950. 950. 950. 950. 950. 950. 899.
  898. 900. 900. 898. 899. 900. 900. 899. 899. 900. 899. 900. 898. 899.
  900. 900. 900. 900. 899. 899. 899. 900. 899. 900. 900. 900.]
 [642. 723. 731. 745. 745. 757. 751. 754. 756. 756. 694. 703. 733. 725.
  734. 762. 769. 793. 786. 798. 799. 807. 807. 813. 813. 817. 823. 822.
  825. 828. 828. 825. 823. 831. 826. 831. 829. 831. 832. 834.]
 [641. 695. 727. 735. 741. 738. 750. 745. 744. 743. 701. 726. 751. 728.
  736. 755. 765. 781. 786. 798. 788. 797. 804. 814. 813. 811. 813. 809.
  818. 817. 821. 824. 823. 826. 826. 830. 827. 828. 829. 833.]]
##############################
[[252. 299. 322. 330. 339. 336. 335. 338. 343. 337. 339. 370. 399. 423.
  436. 446. 462. 472. 484. 495. 488. 498. 496. 484. 493. 496. 501. 495.
  503. 508. 505. 493. 501. 514. 509. 523. 517. 528. 522. 521.]
 [950. 950. 950. 950. 950. 950. 950. 950. 950. 950. 950. 950. 950. 949.
  898. 900. 900. 898. 899. 900. 900. 899. 899. 900. 899. 900. 898. 899.
  900. 900. 900. 900. 899. 899. 899. 900. 899. 900. 900. 900.]
 [642. 723. 731. 745. 745. 757. 751. 754. 756. 756. 694. 703. 733. 763.
  734. 762. 769. 793. 786. 798. 799. 807. 807. 813. 813. 817. 823. 822.
  825. 828. 828. 825. 823. 831. 826. 831. 829. 831. 832. 834.]
 [641. 695. 727. 735. 741. 738. 750. 745. 744. 743. 701. 726. 751. 767.
  736. 755. 765. 781. 786. 798. 788. 797. 804. 814. 813. 811. 813. 809.
  818. 817. 821. 824. 823. 826. 826. 830. 827. 828. 829. 833.]]
##############################
[[252. 299. 322. 330. 339. 336. 335. 338. 343. 337. 339. 370. 399. 423.
  461. 446. 462. 472. 484. 495. 488. 498. 496. 484. 493. 496. 501. 495.
  503. 508. 505. 493. 501. 514. 509. 523. 517. 528. 522. 521.]
 [950. 950. 950. 950. 950. 950. 950. 950. 950. 950. 950. 950. 950. 949.
  948. 900. 900. 898. 899. 900. 900. 899. 899. 900. 899. 900. 898. 899.
  900. 900. 900. 900. 899. 899. 899. 900. 899. 900. 900. 900.]
 [642. 723. 731. 745. 745. 757. 751. 754. 756. 756. 694. 703. 733. 763.
  775. 762. 769. 793. 786. 798. 799. 807. 807. 813. 813. 817. 823. 822.
  825. 828. 828. 825. 823. 831. 826. 831. 829. 831. 832. 834.]
 [641. 695. 727. 735. 741. 738. 750. 745. 744. 743. 701. 726. 751. 767.
  776. 755. 765. 781. 786. 798. 788. 797. 804. 814. 813. 811. 813. 809.
  818. 817. 821. 824. 823. 826. 826. 830. 827. 828. 829. 833.]]
##############################
[[252. 299. 322. 330. 339. 336. 335. 338. 343. 337. 339. 370. 399. 423.
  461. 474. 462. 472. 484. 495. 488. 498. 496. 484. 493. 496. 501. 495.
  503. 508. 505. 493. 501. 514. 509. 523. 517. 528. 522. 521.]
 [950. 950. 950. 950. 950. 950. 950. 950. 950. 950. 950. 950. 950. 949.
  948. 950. 900. 898. 899. 900. 900. 899. 899. 900. 899. 900. 898. 899.
  900. 900. 900. 900. 899. 899. 899. 900. 899. 900. 900. 900.]
 [642. 723. 731. 745. 745. 757. 751. 754. 756. 756. 694. 703. 733. 763.
  775. 803. 769. 793. 786. 798. 799. 807. 807. 813. 813. 817. 823. 822.
  825. 828. 828. 825. 823. 831. 826. 831. 829. 831. 832. 834.]
 [641. 695. 727. 735. 741. 738. 750. 745. 744. 743. 701. 726. 751. 767.
  776. 793. 765. 781. 786. 798. 788. 797. 804. 814. 813. 811. 813. 809.
  818. 817. 821. 824. 823. 826. 826. 830. 827. 828. 829. 833.]]
##############################
[[252. 299. 322. 330. 339. 336. 335. 338. 343. 337. 339. 370. 399. 423.
  461. 474. 493. 472. 484. 495. 488. 498. 496. 484. 493. 496. 501. 495.
  503. 508. 505. 493. 501. 514. 509. 523. 517. 528. 522. 521.]
 [950. 950. 950. 950. 950. 950. 950. 950. 950. 950. 950. 950. 950. 949.
  948. 950. 950. 898. 899. 900. 900. 899. 899. 900. 899. 900. 898. 899.
  900. 900. 900. 900. 899. 899. 899. 900. 899. 900. 900. 900.]
 [642. 723. 731. 745. 745. 757. 751. 754. 756. 756. 694. 703. 733. 763.
  775. 803. 810. 793. 786. 798. 799. 807. 807. 813. 813. 817. 823. 822.
  825. 828. 828. 825. 823. 831. 826. 831. 829. 831. 832. 834.]
 [641. 695. 727. 735. 741. 738. 750. 745. 744. 743. 701. 726. 751. 767.
  776. 793. 806. 781. 786. 798. 788. 797. 804. 814. 813. 811. 813. 809.
  818. 817. 821. 824. 823. 826. 826. 830. 827. 828. 829. 833.]]
##############################
[[252. 299. 322. 330. 339. 336. 335. 338. 343. 337. 339. 370. 399. 423.
  461. 474. 493. 503. 484. 495. 488. 498. 496. 484. 493. 496. 501. 495.
  503. 508. 505. 493. 501. 514. 509. 523. 517. 528. 522. 521.]
 [950. 950. 950. 950. 950. 950. 950. 950. 950. 950. 950. 950. 950. 949.
  948. 950. 950. 948. 899. 900. 900. 899. 899. 900. 899. 900. 898. 899.
  900. 900. 900. 900. 899. 899. 899. 900. 899. 900. 900. 900.]
 [642. 723. 731. 745. 745. 757. 751. 754. 756. 756. 694. 703. 733. 763.
  775. 803. 810. 834. 786. 798. 799. 807. 807. 813. 813. 817. 823. 822.
  825. 828. 828. 825. 823. 831. 826. 831. 829. 831. 832. 834.]
 [641. 695. 727. 735. 741. 738. 750. 745. 744. 743. 701. 726. 751. 767.
  776. 793. 806. 823. 786. 798. 788. 797. 804. 814. 813. 811. 813. 809.
  818. 817. 821. 824. 823. 826. 826. 830. 827. 828. 829. 833.]]
##############################
[[252. 299. 322. 330. 339. 336. 335. 338. 343. 337. 339. 370. 399. 423.
  461. 474. 493. 503. 513. 495. 488. 498. 496. 484. 493. 496. 501. 495.
  503. 508. 505. 493. 501. 514. 509. 523. 517. 528. 522. 521.]
 [950. 950. 950. 950. 950. 950. 950. 950. 950. 950. 950. 950. 950. 949.
  948. 950. 950. 948. 949. 900. 900. 899. 899. 900. 899. 900. 898. 899.
  900. 900. 900. 900. 899. 899. 899. 900. 899. 900. 900. 900.]
 [642. 723. 731. 745. 745. 757. 751. 754. 756. 756. 694. 703. 733. 763.
  775. 803. 810. 834. 830. 798. 799. 807. 807. 813. 813. 817. 823. 822.
  825. 828. 828. 825. 823. 831. 826. 831. 829. 831. 832. 834.]
 [641. 695. 727. 735. 741. 738. 750. 745. 744. 743. 701. 726. 751. 767.
  776. 793. 806. 823. 828. 798. 788. 797. 804. 814. 813. 811. 813. 809.
  818. 817. 821. 824. 823. 826. 826. 830. 827. 828. 829. 833.]]
##############################
[[252. 299. 322. 330. 339. 336. 335. 338. 343. 337. 339. 370. 399. 423.
  461. 474. 493. 503. 513. 527. 488. 498. 496. 484. 493. 496. 501. 495.
  503. 508. 505. 493. 501. 514. 509. 523. 517. 528. 522. 521.]
 [950. 950. 950. 950. 950. 950. 950. 950. 950. 950. 950. 950. 950. 949.
  948. 950. 950. 948. 949. 950. 900. 899. 899. 900. 899. 900. 898. 899.
  900. 900. 900. 900. 899. 899. 899. 900. 899. 900. 900. 900.]
 [642. 723. 731. 745. 745. 757. 751. 754. 756. 756. 694. 703. 733. 763.
  775. 803. 810. 834. 830. 843. 799. 807. 807. 813. 813. 817. 823. 822.
  825. 828. 828. 825. 823. 831. 826. 831. 829. 831. 832. 834.]
 [641. 695. 727. 735. 741. 738. 750. 745. 744. 743. 701. 726. 751. 767.
  776. 793. 806. 823. 828. 840. 788. 797. 804. 814. 813. 811. 813. 809.
  818. 817. 821. 824. 823. 826. 826. 830. 827. 828. 829. 833.]]
##############################
[[252. 299. 322. 330. 339. 336. 335. 338. 343. 337. 339. 370. 399. 423.
  461. 474. 493. 503. 513. 527. 522. 498. 496. 484. 493. 496. 501. 495.
  503. 508. 505. 493. 501. 514. 509. 523. 517. 528. 522. 521.]
 [950. 950. 950. 950. 950. 950. 950. 950. 950. 950. 950. 950. 950. 949.
  948. 950. 950. 948. 949. 950. 950. 899. 899. 900. 899. 900. 898. 899.
  900. 900. 900. 900. 899. 899. 899. 900. 899. 900. 900. 900.]
 [642. 723. 731. 745. 745. 757. 751. 754. 756. 756. 694. 703. 733. 763.
  775. 803. 810. 834. 830. 843. 843. 807. 807. 813. 813. 817. 823. 822.
  825. 828. 828. 825. 823. 831. 826. 831. 829. 831. 832. 834.]
 [641. 695. 727. 735. 741. 738. 750. 745. 744. 743. 701. 726. 751. 767.
  776. 793. 806. 823. 828. 840. 831. 797. 804. 814. 813. 811. 813. 809.
  818. 817. 821. 824. 823. 826. 826. 830. 827. 828. 829. 833.]]
##############################
[[252. 299. 322. 330. 339. 336. 335. 338. 343. 337. 339. 370. 399. 423.
  461. 474. 493. 503. 513. 527. 522. 530. 496. 484. 493. 496. 501. 495.
  503. 508. 505. 493. 501. 514. 509. 523. 517. 528. 522. 521.]
 [950. 950. 950. 950. 950. 950. 950. 950. 950. 950. 950. 950. 950. 949.
  948. 950. 950. 948. 949. 950. 950. 949. 899. 900. 899. 900. 898. 899.
  900. 900. 900. 900. 899. 899. 899. 900. 899. 900. 900. 900.]
 [642. 723. 731. 745. 745. 757. 751. 754. 756. 756. 694. 703. 733. 763.
  775. 803. 810. 834. 830. 843. 843. 854. 807. 813. 813. 817. 823. 822.
  825. 828. 828. 825. 823. 831. 826. 831. 829. 831. 832. 834.]
 [641. 695. 727. 735. 741. 738. 750. 745. 744. 743. 701. 726. 751. 767.
  776. 793. 806. 823. 828. 840. 831. 841. 804. 814. 813. 811. 813. 809.
  818. 817. 821. 824. 823. 826. 826. 830. 827. 828. 829. 833.]]
##############################
[[252. 299. 322. 330. 339. 336. 335. 338. 343. 337. 339. 370. 399. 423.
  461. 474. 493. 503. 513. 527. 522. 530. 531. 484. 493. 496. 501. 495.
  503. 508. 505. 493. 501. 514. 509. 523. 517. 528. 522. 521.]
 [950. 950. 950. 950. 950. 950. 950. 950. 950. 950. 950. 950. 950. 949.
  948. 950. 950. 948. 949. 950. 950. 949. 949. 900. 899. 900. 898. 899.
  900. 900. 900. 900. 899. 899. 899. 900. 899. 900. 900. 900.]
 [642. 723. 731. 745. 745. 757. 751. 754. 756. 756. 694. 703. 733. 763.
  775. 803. 810. 834. 830. 843. 843. 854. 853. 813. 813. 817. 823. 822.
  825. 828. 828. 825. 823. 831. 826. 831. 829. 831. 832. 834.]
 [641. 695. 727. 735. 741. 738. 750. 745. 744. 743. 701. 726. 751. 767.
  776. 793. 806. 823. 828. 840. 831. 841. 847. 814. 813. 811. 813. 809.
  818. 817. 821. 824. 823. 826. 826. 830. 827. 828. 829. 833.]]
##############################
[[252. 299. 322. 330. 339. 336. 335. 338. 343. 337. 339. 370. 399. 423.
  461. 474. 493. 503. 513. 527. 522. 530. 531. 519. 493. 496. 501. 495.
  503. 508. 505. 493. 501. 514. 509. 523. 517. 528. 522. 521.]
 [950. 950. 950. 950. 950. 950. 950. 950. 950. 950. 950. 950. 950. 949.
  948. 950. 950. 948. 949. 950. 950. 949. 949. 950. 899. 900. 898. 899.
  900. 900. 900. 900. 899. 899. 899. 900. 899. 900. 900. 900.]
 [642. 723. 731. 745. 745. 757. 751. 754. 756. 756. 694. 703. 733. 763.
  775. 803. 810. 834. 830. 843. 843. 854. 853. 859. 813. 817. 823. 822.
  825. 828. 828. 825. 823. 831. 826. 831. 829. 831. 832. 834.]
 [641. 695. 727. 735. 741. 738. 750. 745. 744. 743. 701. 726. 751. 767.
  776. 793. 806. 823. 828. 840. 831. 841. 847. 860. 813. 811. 813. 809.
  818. 817. 821. 824. 823. 826. 826. 830. 827. 828. 829. 833.]]
##############################
[[252. 299. 322. 330. 339. 336. 335. 338. 343. 337. 339. 370. 399. 423.
  461. 474. 493. 503. 513. 527. 522. 530. 531. 519. 529. 496. 501. 495.
  503. 508. 505. 493. 501. 514. 509. 523. 517. 528. 522. 521.]
 [950. 950. 950. 950. 950. 950. 950. 950. 950. 950. 950. 950. 950. 949.
  948. 950. 950. 948. 949. 950. 950. 949. 949. 950. 949. 900. 898. 899.
  900. 900. 900. 900. 899. 899. 899. 900. 899. 900. 900. 900.]
 [642. 723. 731. 745. 745. 757. 751. 754. 756. 756. 694. 703. 733. 763.
  775. 803. 810. 834. 830. 843. 843. 854. 853. 859. 859. 817. 823. 822.
  825. 828. 828. 825. 823. 831. 826. 831. 829. 831. 832. 834.]
 [641. 695. 727. 735. 741. 738. 750. 745. 744. 743. 701. 726. 751. 767.
  776. 793. 806. 823. 828. 840. 831. 841. 847. 860. 859. 811. 813. 809.
  818. 817. 821. 824. 823. 826. 826. 830. 827. 828. 829. 833.]]
##############################
[[252. 299. 322. 330. 339. 336. 335. 338. 343. 337. 339. 370. 399. 423.
  461. 474. 493. 503. 513. 527. 522. 530. 531. 519. 529. 533. 501. 495.
  503. 508. 505. 493. 501. 514. 509. 523. 517. 528. 522. 521.]
 [950. 950. 950. 950. 950. 950. 950. 950. 950. 950. 950. 950. 950. 949.
  948. 950. 950. 948. 949. 950. 950. 949. 949. 950. 949. 950. 898. 899.
  900. 900. 900. 900. 899. 899. 899. 900. 899. 900. 900. 900.]
 [642. 723. 731. 745. 745. 757. 751. 754. 756. 756. 694. 703. 733. 763.
  775. 803. 810. 834. 830. 843. 843. 854. 853. 859. 859. 863. 823. 822.
  825. 828. 828. 825. 823. 831. 826. 831. 829. 831. 832. 834.]
 [641. 695. 727. 735. 741. 738. 750. 745. 744. 743. 701. 726. 751. 767.
  776. 793. 806. 823. 828. 840. 831. 841. 847. 860. 859. 856. 813. 809.
  818. 817. 821. 824. 823. 826. 826. 830. 827. 828. 829. 833.]]
##############################
[[252. 299. 322. 330. 339. 336. 335. 338. 343. 337. 339. 370. 399. 423.
  461. 474. 493. 503. 513. 527. 522. 530. 531. 519. 529. 533. 535. 495.
  503. 508. 505. 493. 501. 514. 509. 523. 517. 528. 522. 521.]
 [950. 950. 950. 950. 950. 950. 950. 950. 950. 950. 950. 950. 950. 949.
  948. 950. 950. 948. 949. 950. 950. 949. 949. 950. 949. 950. 948. 899.
  900. 900. 900. 900. 899. 899. 899. 900. 899. 900. 900. 900.]
 [642. 723. 731. 745. 745. 757. 751. 754. 756. 756. 694. 703. 733. 763.
  775. 803. 810. 834. 830. 843. 843. 854. 853. 859. 859. 863. 870. 822.
  825. 828. 828. 825. 823. 831. 826. 831. 829. 831. 832. 834.]
 [641. 695. 727. 735. 741. 738. 750. 745. 744. 743. 701. 726. 751. 767.
  776. 793. 806. 823. 828. 840. 831. 841. 847. 860. 859. 856. 858. 809.
  818. 817. 821. 824. 823. 826. 826. 830. 827. 828. 829. 833.]]
##############################
[[252. 299. 322. 330. 339. 336. 335. 338. 343. 337. 339. 370. 399. 423.
  461. 474. 493. 503. 513. 527. 522. 530. 531. 519. 529. 533. 535. 529.
  503. 508. 505. 493. 501. 514. 509. 523. 517. 528. 522. 521.]
 [950. 950. 950. 950. 950. 950. 950. 950. 950. 950. 950. 950. 950. 949.
  948. 950. 950. 948. 949. 950. 950. 949. 949. 950. 949. 950. 948. 949.
  900. 900. 900. 900. 899. 899. 899. 900. 899. 900. 900. 900.]
 [642. 723. 731. 745. 745. 757. 751. 754. 756. 756. 694. 703. 733. 763.
  775. 803. 810. 834. 830. 843. 843. 854. 853. 859. 859. 863. 870. 868.
  825. 828. 828. 825. 823. 831. 826. 831. 829. 831. 832. 834.]
 [641. 695. 727. 735. 741. 738. 750. 745. 744. 743. 701. 726. 751. 767.
  776. 793. 806. 823. 828. 840. 831. 841. 847. 860. 859. 856. 858. 856.
  818. 817. 821. 824. 823. 826. 826. 830. 827. 828. 829. 833.]]
##############################
[[252. 299. 322. 330. 339. 336. 335. 338. 343. 337. 339. 370. 399. 423.
  461. 474. 493. 503. 513. 527. 522. 530. 531. 519. 529. 533. 535. 529.
  539. 508. 505. 493. 501. 514. 509. 523. 517. 528. 522. 521.]
 [950. 950. 950. 950. 950. 950. 950. 950. 950. 950. 950. 950. 950. 949.
  948. 950. 950. 948. 949. 950. 950. 949. 949. 950. 949. 950. 948. 949.
  950. 900. 900. 900. 899. 899. 899. 900. 899. 900. 900. 900.]
 [642. 723. 731. 745. 745. 757. 751. 754. 756. 756. 694. 703. 733. 763.
  775. 803. 810. 834. 830. 843. 843. 854. 853. 859. 859. 863. 870. 868.
  871. 828. 828. 825. 823. 831. 826. 831. 829. 831. 832. 834.]
 [641. 695. 727. 735. 741. 738. 750. 745. 744. 743. 701. 726. 751. 767.
  776. 793. 806. 823. 828. 840. 831. 841. 847. 860. 859. 856. 858. 856.
  864. 817. 821. 824. 823. 826. 826. 830. 827. 828. 829. 833.]]
##############################
[[252. 299. 322. 330. 339. 336. 335. 338. 343. 337. 339. 370. 399. 423.
  461. 474. 493. 503. 513. 527. 522. 530. 531. 519. 529. 533. 535. 529.
  539. 543. 505. 493. 501. 514. 509. 523. 517. 528. 522. 521.]
 [950. 950. 950. 950. 950. 950. 950. 950. 950. 950. 950. 950. 950. 949.
  948. 950. 950. 948. 949. 950. 950. 949. 949. 950. 949. 950. 948. 949.
  950. 950. 900. 900. 899. 899. 899. 900. 899. 900. 900. 900.]
 [642. 723. 731. 745. 745. 757. 751. 754. 756. 756. 694. 703. 733. 763.
  775. 803. 810. 834. 830. 843. 843. 854. 853. 859. 859. 863. 870. 868.
  871. 874. 828. 825. 823. 831. 826. 831. 829. 831. 832. 834.]
 [641. 695. 727. 735. 741. 738. 750. 745. 744. 743. 701. 726. 751. 767.
  776. 793. 806. 823. 828. 840. 831. 841. 847. 860. 859. 856. 858. 856.
  864. 864. 821. 824. 823. 826. 826. 830. 827. 828. 829. 833.]]
##############################
[[252. 299. 322. 330. 339. 336. 335. 338. 343. 337. 339. 370. 399. 423.
  461. 474. 493. 503. 513. 527. 522. 530. 531. 519. 529. 533. 535. 529.
  539. 543. 538. 493. 501. 514. 509. 523. 517. 528. 522. 521.]
 [950. 950. 950. 950. 950. 950. 950. 950. 950. 950. 950. 950. 950. 949.
  948. 950. 950. 948. 949. 950. 950. 949. 949. 950. 949. 950. 948. 949.
  950. 950. 950. 900. 899. 899. 899. 900. 899. 900. 900. 900.]
 [642. 723. 731. 745. 745. 757. 751. 754. 756. 756. 694. 703. 733. 763.
  775. 803. 810. 834. 830. 843. 843. 854. 853. 859. 859. 863. 870. 868.
  871. 874. 875. 825. 823. 831. 826. 831. 829. 831. 832. 834.]
 [641. 695. 727. 735. 741. 738. 750. 745. 744. 743. 701. 726. 751. 767.
  776. 793. 806. 823. 828. 840. 831. 841. 847. 860. 859. 856. 858. 856.
  864. 864. 868. 824. 823. 826. 826. 830. 827. 828. 829. 833.]]
##############################
[[252. 299. 322. 330. 339. 336. 335. 338. 343. 337. 339. 370. 399. 423.
  461. 474. 493. 503. 513. 527. 522. 530. 531. 519. 529. 533. 535. 529.
  539. 543. 538. 525. 501. 514. 509. 523. 517. 528. 522. 521.]
 [950. 950. 950. 950. 950. 950. 950. 950. 950. 950. 950. 950. 950. 949.
  948. 950. 950. 948. 949. 950. 950. 949. 949. 950. 949. 950. 948. 949.
  950. 950. 950. 950. 899. 899. 899. 900. 899. 900. 900. 900.]
 [642. 723. 731. 745. 745. 757. 751. 754. 756. 756. 694. 703. 733. 763.
  775. 803. 810. 834. 830. 843. 843. 854. 853. 859. 859. 863. 870. 868.
  871. 874. 875. 872. 823. 831. 826. 831. 829. 831. 832. 834.]
 [641. 695. 727. 735. 741. 738. 750. 745. 744. 743. 701. 726. 751. 767.
  776. 793. 806. 823. 828. 840. 831. 841. 847. 860. 859. 856. 858. 856.
  864. 864. 868. 872. 823. 826. 826. 830. 827. 828. 829. 833.]]
##############################
[[252. 299. 322. 330. 339. 336. 335. 338. 343. 337. 339. 370. 399. 423.
  461. 474. 493. 503. 513. 527. 522. 530. 531. 519. 529. 533. 535. 529.
  539. 543. 538. 525. 532. 514. 509. 523. 517. 528. 522. 521.]
 [950. 950. 950. 950. 950. 950. 950. 950. 950. 950. 950. 950. 950. 949.
  948. 950. 950. 948. 949. 950. 950. 949. 949. 950. 949. 950. 948. 949.
  950. 950. 950. 950. 949. 899. 899. 900. 899. 900. 900. 900.]
 [642. 723. 731. 745. 745. 757. 751. 754. 756. 756. 694. 703. 733. 763.
  775. 803. 810. 834. 830. 843. 843. 854. 853. 859. 859. 863. 870. 868.
  871. 874. 875. 872. 869. 831. 826. 831. 829. 831. 832. 834.]
 [641. 695. 727. 735. 741. 738. 750. 745. 744. 743. 701. 726. 751. 767.
  776. 793. 806. 823. 828. 840. 831. 841. 847. 860. 859. 856. 858. 856.
  864. 864. 868. 872. 871. 826. 826. 830. 827. 828. 829. 833.]]
##############################
[[252. 299. 322. 330. 339. 336. 335. 338. 343. 337. 339. 370. 399. 423.
  461. 474. 493. 503. 513. 527. 522. 530. 531. 519. 529. 533. 535. 529.
  539. 543. 538. 525. 532. 547. 509. 523. 517. 528. 522. 521.]
 [950. 950. 950. 950. 950. 950. 950. 950. 950. 950. 950. 950. 950. 949.
  948. 950. 950. 948. 949. 950. 950. 949. 949. 950. 949. 950. 948. 949.
  950. 950. 950. 950. 949. 949. 899. 900. 899. 900. 900. 900.]
 [642. 723. 731. 745. 745. 757. 751. 754. 756. 756. 694. 703. 733. 763.
  775. 803. 810. 834. 830. 843. 843. 854. 853. 859. 859. 863. 870. 868.
  871. 874. 875. 872. 869. 878. 826. 831. 829. 831. 832. 834.]
 [641. 695. 727. 735. 741. 738. 750. 745. 744. 743. 701. 726. 751. 767.
  776. 793. 806. 823. 828. 840. 831. 841. 847. 860. 859. 856. 858. 856.
  864. 864. 868. 872. 871. 873. 826. 830. 827. 828. 829. 833.]]
##############################
[[252. 299. 322. 330. 339. 336. 335. 338. 343. 337. 339. 370. 399. 423.
  461. 474. 493. 503. 513. 527. 522. 530. 531. 519. 529. 533. 535. 529.
  539. 543. 538. 525. 532. 547. 540. 523. 517. 528. 522. 521.]
 [950. 950. 950. 950. 950. 950. 950. 950. 950. 950. 950. 950. 950. 949.
  948. 950. 950. 948. 949. 950. 950. 949. 949. 950. 949. 950. 948. 949.
  950. 950. 950. 950. 949. 949. 949. 900. 899. 900. 900. 900.]
 [642. 723. 731. 745. 745. 757. 751. 754. 756. 756. 694. 703. 733. 763.
  775. 803. 810. 834. 830. 843. 843. 854. 853. 859. 859. 863. 870. 868.
  871. 874. 875. 872. 869. 878. 873. 831. 829. 831. 832. 834.]
 [641. 695. 727. 735. 741. 738. 750. 745. 744. 743. 701. 726. 751. 767.
  776. 793. 806. 823. 828. 840. 831. 841. 847. 860. 859. 856. 858. 856.
  864. 864. 868. 872. 871. 873. 874. 830. 827. 828. 829. 833.]]
##############################
[[252. 299. 322. 330. 339. 336. 335. 338. 343. 337. 339. 370. 399. 423.
  461. 474. 493. 503. 513. 527. 522. 530. 531. 519. 529. 533. 535. 529.
  539. 543. 538. 525. 532. 547. 540. 557. 517. 528. 522. 521.]
 [950. 950. 950. 950. 950. 950. 950. 950. 950. 950. 950. 950. 950. 949.
  948. 950. 950. 948. 949. 950. 950. 949. 949. 950. 949. 950. 948. 949.
  950. 950. 950. 950. 949. 949. 949. 950. 899. 900. 900. 900.]
 [642. 723. 731. 745. 745. 757. 751. 754. 756. 756. 694. 703. 733. 763.
  775. 803. 810. 834. 830. 843. 843. 854. 853. 859. 859. 863. 870. 868.
  871. 874. 875. 872. 869. 878. 873. 876. 829. 831. 832. 834.]
 [641. 695. 727. 735. 741. 738. 750. 745. 744. 743. 701. 726. 751. 767.
  776. 793. 806. 823. 828. 840. 831. 841. 847. 860. 859. 856. 858. 856.
  864. 864. 868. 872. 871. 873. 874. 878. 827. 828. 829. 833.]]
##############################
[[252. 299. 322. 330. 339. 336. 335. 338. 343. 337. 339. 370. 399. 423.
  461. 474. 493. 503. 513. 527. 522. 530. 531. 519. 529. 533. 535. 529.
  539. 543. 538. 525. 532. 547. 540. 557. 549. 528. 522. 521.]
 [950. 950. 950. 950. 950. 950. 950. 950. 950. 950. 950. 950. 950. 949.
  948. 950. 950. 948. 949. 950. 950. 949. 949. 950. 949. 950. 948. 949.
  950. 950. 950. 950. 949. 949. 949. 950. 949. 900. 900. 900.]
 [642. 723. 731. 745. 745. 757. 751. 754. 756. 756. 694. 703. 733. 763.
  775. 803. 810. 834. 830. 843. 843. 854. 853. 859. 859. 863. 870. 868.
  871. 874. 875. 872. 869. 878. 873. 876. 876. 831. 832. 834.]
 [641. 695. 727. 735. 741. 738. 750. 745. 744. 743. 701. 726. 751. 767.
  776. 793. 806. 823. 828. 840. 831. 841. 847. 860. 859. 856. 858. 856.
  864. 864. 868. 872. 871. 873. 874. 878. 875. 828. 829. 833.]]
##############################
[[252. 299. 322. 330. 339. 336. 335. 338. 343. 337. 339. 370. 399. 423.
  461. 474. 493. 503. 513. 527. 522. 530. 531. 519. 529. 533. 535. 529.
  539. 543. 538. 525. 532. 547. 540. 557. 549. 562. 522. 521.]
 [950. 950. 950. 950. 950. 950. 950. 950. 950. 950. 950. 950. 950. 949.
  948. 950. 950. 948. 949. 950. 950. 949. 949. 950. 949. 950. 948. 949.
  950. 950. 950. 950. 949. 949. 949. 950. 949. 950. 900. 900.]
 [642. 723. 731. 745. 745. 757. 751. 754. 756. 756. 694. 703. 733. 763.
  775. 803. 810. 834. 830. 843. 843. 854. 853. 859. 859. 863. 870. 868.
  871. 874. 875. 872. 869. 878. 873. 876. 876. 878. 832. 834.]
 [641. 695. 727. 735. 741. 738. 750. 745. 744. 743. 701. 726. 751. 767.
  776. 793. 806. 823. 828. 840. 831. 841. 847. 860. 859. 856. 858. 856.
  864. 864. 868. 872. 871. 873. 874. 878. 875. 876. 829. 833.]]
##############################
[[252. 299. 322. 330. 339. 336. 335. 338. 343. 337. 339. 370. 399. 423.
  461. 474. 493. 503. 513. 527. 522. 530. 531. 519. 529. 533. 535. 529.
  539. 543. 538. 525. 532. 547. 540. 557. 549. 562. 555. 521.]
 [950. 950. 950. 950. 950. 950. 950. 950. 950. 950. 950. 950. 950. 949.
  948. 950. 950. 948. 949. 950. 950. 949. 949. 950. 949. 950. 948. 949.
  950. 950. 950. 950. 949. 949. 949. 950. 949. 950. 950. 900.]
 [642. 723. 731. 745. 745. 757. 751. 754. 756. 756. 694. 703. 733. 763.
  775. 803. 810. 834. 830. 843. 843. 854. 853. 859. 859. 863. 870. 868.
  871. 874. 875. 872. 869. 878. 873. 876. 876. 878. 879. 834.]
 [641. 695. 727. 735. 741. 738. 750. 745. 744. 743. 701. 726. 751. 767.
  776. 793. 806. 823. 828. 840. 831. 841. 847. 860. 859. 856. 858. 856.
  864. 864. 868. 872. 871. 873. 874. 878. 875. 876. 877. 833.]]
##############################
[[252. 299. 322. 330. 339. 336. 335. 338. 343. 337. 339. 370. 399. 423.
  461. 474. 493. 503. 513. 527. 522. 530. 531. 519. 529. 533. 535. 529.
  539. 543. 538. 525. 532. 547. 540. 557. 549. 562. 555. 554.]
 [950. 950. 950. 950. 950. 950. 950. 950. 950. 950. 950. 950. 950. 949.
  948. 950. 950. 948. 949. 950. 950. 949. 949. 950. 949. 950. 948. 949.
  950. 950. 950. 950. 949. 949. 949. 950. 949. 950. 950. 950.]
 [642. 723. 731. 745. 745. 757. 751. 754. 756. 756. 694. 703. 733. 763.
  775. 803. 810. 834. 830. 843. 843. 854. 853. 859. 859. 863. 870. 868.
  871. 874. 875. 872. 869. 878. 873. 876. 876. 878. 879. 881.]
 [641. 695. 727. 735. 741. 738. 750. 745. 744. 743. 701. 726. 751. 767.
  776. 793. 806. 823. 828. 840. 831. 841. 847. 860. 859. 856. 858. 856.
  864. 864. 868. 872. 871. 873. 874. 878. 875. 876. 877. 881.]]
##############################
##################################################
##################################################
starting :20 batch
[[ 262.  299.  322.  330.  339.  336.  335.  338.  343.  337.  339.  370.
   399.  423.  461.  474.  493.  503.  513.  527.  522.  530.  531.  519.
   529.  533.  535.  529.  539.  543.  538.  525.  532.  547.  540.  557.
   549.  562.  555.  554.]
 [1000.  950.  950.  950.  950.  950.  950.  950.  950.  950.  950.  950.
   950.  949.  948.  950.  950.  948.  949.  950.  950.  949.  949.  950.
   949.  950.  948.  949.  950.  950.  950.  950.  949.  949.  949.  950.
   949.  950.  950.  950.]
 [ 675.  723.  731.  745.  745.  757.  751.  754.  756.  756.  694.  703.
   733.  763.  775.  803.  810.  834.  830.  843.  843.  854.  853.  859.
   859.  863.  870.  868.  871.  874.  875.  872.  869.  878.  873.  876.
   876.  878.  879.  881.]
 [ 677.  695.  727.  735.  741.  738.  750.  745.  744.  743.  701.  726.
   751.  767.  776.  793.  806.  823.  828.  840.  831.  841.  847.  860.
   859.  856.  858.  856.  864.  864.  868.  872.  871.  873.  874.  878.
   875.  876.  877.  881.]]
##############################
[[ 262.  318.  322.  330.  339.  336.  335.  338.  343.  337.  339.  370.
   399.  423.  461.  474.  493.  503.  513.  527.  522.  530.  531.  519.
   529.  533.  535.  529.  539.  543.  538.  525.  532.  547.  540.  557.
   549.  562.  555.  554.]
 [1000. 1000.  950.  950.  950.  950.  950.  950.  950.  950.  950.  950.
   950.  949.  948.  950.  950.  948.  949.  950.  950.  949.  949.  950.
   949.  950.  948.  949.  950.  950.  950.  950.  949.  949.  949.  950.
   949.  950.  950.  950.]
 [ 675.  760.  731.  745.  745.  757.  751.  754.  756.  756.  694.  703.
   733.  763.  775.  803.  810.  834.  830.  843.  843.  854.  853.  859.
   859.  863.  870.  868.  871.  874.  875.  872.  869.  878.  873.  876.
   876.  878.  879.  881.]
 [ 677.  732.  727.  735.  741.  738.  750.  745.  744.  743.  701.  726.
   751.  767.  776.  793.  806.  823.  828.  840.  831.  841.  847.  860.
   859.  856.  858.  856.  864.  864.  868.  872.  871.  873.  874.  878.
   875.  876.  877.  881.]]
##############################
[[ 262.  318.  337.  330.  339.  336.  335.  338.  343.  337.  339.  370.
   399.  423.  461.  474.  493.  503.  513.  527.  522.  530.  531.  519.
   529.  533.  535.  529.  539.  543.  538.  525.  532.  547.  540.  557.
   549.  562.  555.  554.]
 [1000. 1000. 1000.  950.  950.  950.  950.  950.  950.  950.  950.  950.
   950.  949.  948.  950.  950.  948.  949.  950.  950.  949.  949.  950.
   949.  950.  948.  949.  950.  950.  950.  950.  949.  949.  949.  950.
   949.  950.  950.  950.]
 [ 675.  760.  768.  745.  745.  757.  751.  754.  756.  756.  694.  703.
   733.  763.  775.  803.  810.  834.  830.  843.  843.  854.  853.  859.
   859.  863.  870.  868.  871.  874.  875.  872.  869.  878.  873.  876.
   876.  878.  879.  881.]
 [ 677.  732.  764.  735.  741.  738.  750.  745.  744.  743.  701.  726.
   751.  767.  776.  793.  806.  823.  828.  840.  831.  841.  847.  860.
   859.  856.  858.  856.  864.  864.  868.  872.  871.  873.  874.  878.
   875.  876.  877.  881.]]
##############################
[[ 262.  318.  337.  346.  339.  336.  335.  338.  343.  337.  339.  370.
   399.  423.  461.  474.  493.  503.  513.  527.  522.  530.  531.  519.
   529.  533.  535.  529.  539.  543.  538.  525.  532.  547.  540.  557.
   549.  562.  555.  554.]
 [1000. 1000. 1000. 1000.  950.  950.  950.  950.  950.  950.  950.  950.
   950.  949.  948.  950.  950.  948.  949.  950.  950.  949.  949.  950.
   949.  950.  948.  949.  950.  950.  950.  950.  949.  949.  949.  950.
   949.  950.  950.  950.]
 [ 675.  760.  768.  783.  745.  757.  751.  754.  756.  756.  694.  703.
   733.  763.  775.  803.  810.  834.  830.  843.  843.  854.  853.  859.
   859.  863.  870.  868.  871.  874.  875.  872.  869.  878.  873.  876.
   876.  878.  879.  881.]
 [ 677.  732.  764.  775.  741.  738.  750.  745.  744.  743.  701.  726.
   751.  767.  776.  793.  806.  823.  828.  840.  831.  841.  847.  860.
   859.  856.  858.  856.  864.  864.  868.  872.  871.  873.  874.  878.
   875.  876.  877.  881.]]
##############################
[[ 262.  318.  337.  346.  356.  336.  335.  338.  343.  337.  339.  370.
   399.  423.  461.  474.  493.  503.  513.  527.  522.  530.  531.  519.
   529.  533.  535.  529.  539.  543.  538.  525.  532.  547.  540.  557.
   549.  562.  555.  554.]
 [1000. 1000. 1000. 1000. 1000.  950.  950.  950.  950.  950.  950.  950.
   950.  949.  948.  950.  950.  948.  949.  950.  950.  949.  949.  950.
   949.  950.  948.  949.  950.  950.  950.  950.  949.  949.  949.  950.
   949.  950.  950.  950.]
 [ 675.  760.  768.  783.  780.  757.  751.  754.  756.  756.  694.  703.
   733.  763.  775.  803.  810.  834.  830.  843.  843.  854.  853.  859.
   859.  863.  870.  868.  871.  874.  875.  872.  869.  878.  873.  876.
   876.  878.  879.  881.]
 [ 677.  732.  764.  775.  780.  738.  750.  745.  744.  743.  701.  726.
   751.  767.  776.  793.  806.  823.  828.  840.  831.  841.  847.  860.
   859.  856.  858.  856.  864.  864.  868.  872.  871.  873.  874.  878.
   875.  876.  877.  881.]]
##############################
[[ 262.  318.  337.  346.  356.  354.  335.  338.  343.  337.  339.  370.
   399.  423.  461.  474.  493.  503.  513.  527.  522.  530.  531.  519.
   529.  533.  535.  529.  539.  543.  538.  525.  532.  547.  540.  557.
   549.  562.  555.  554.]
 [1000. 1000. 1000. 1000. 1000. 1000.  950.  950.  950.  950.  950.  950.
   950.  949.  948.  950.  950.  948.  949.  950.  950.  949.  949.  950.
   949.  950.  948.  949.  950.  950.  950.  950.  949.  949.  949.  950.
   949.  950.  950.  950.]
 [ 675.  760.  768.  783.  780.  794.  751.  754.  756.  756.  694.  703.
   733.  763.  775.  803.  810.  834.  830.  843.  843.  854.  853.  859.
   859.  863.  870.  868.  871.  874.  875.  872.  869.  878.  873.  876.
   876.  878.  879.  881.]
 [ 677.  732.  764.  775.  780.  777.  750.  745.  744.  743.  701.  726.
   751.  767.  776.  793.  806.  823.  828.  840.  831.  841.  847.  860.
   859.  856.  858.  856.  864.  864.  868.  872.  871.  873.  874.  878.
   875.  876.  877.  881.]]
##############################
[[ 262.  318.  337.  346.  356.  354.  353.  338.  343.  337.  339.  370.
   399.  423.  461.  474.  493.  503.  513.  527.  522.  530.  531.  519.
   529.  533.  535.  529.  539.  543.  538.  525.  532.  547.  540.  557.
   549.  562.  555.  554.]
 [1000. 1000. 1000. 1000. 1000. 1000. 1000.  950.  950.  950.  950.  950.
   950.  949.  948.  950.  950.  948.  949.  950.  950.  949.  949.  950.
   949.  950.  948.  949.  950.  950.  950.  950.  949.  949.  949.  950.
   949.  950.  950.  950.]
 [ 675.  760.  768.  783.  780.  794.  787.  754.  756.  756.  694.  703.
   733.  763.  775.  803.  810.  834.  830.  843.  843.  854.  853.  859.
   859.  863.  870.  868.  871.  874.  875.  872.  869.  878.  873.  876.
   876.  878.  879.  881.]
 [ 677.  732.  764.  775.  780.  777.  790.  745.  744.  743.  701.  726.
   751.  767.  776.  793.  806.  823.  828.  840.  831.  841.  847.  860.
   859.  856.  858.  856.  864.  864.  868.  872.  871.  873.  874.  878.
   875.  876.  877.  881.]]
##############################
[[ 262.  318.  337.  346.  356.  354.  353.  355.  343.  337.  339.  370.
   399.  423.  461.  474.  493.  503.  513.  527.  522.  530.  531.  519.
   529.  533.  535.  529.  539.  543.  538.  525.  532.  547.  540.  557.
   549.  562.  555.  554.]
 [1000. 1000. 1000. 1000. 1000. 1000. 1000. 1000.  950.  950.  950.  950.
   950.  949.  948.  950.  950.  948.  949.  950.  950.  949.  949.  950.
   949.  950.  948.  949.  950.  950.  950.  950.  949.  949.  949.  950.
   949.  950.  950.  950.]
 [ 675.  760.  768.  783.  780.  794.  787.  790.  756.  756.  694.  703.
   733.  763.  775.  803.  810.  834.  830.  843.  843.  854.  853.  859.
   859.  863.  870.  868.  871.  874.  875.  872.  869.  878.  873.  876.
   876.  878.  879.  881.]
 [ 677.  732.  764.  775.  780.  777.  790.  783.  744.  743.  701.  726.
   751.  767.  776.  793.  806.  823.  828.  840.  831.  841.  847.  860.
   859.  856.  858.  856.  864.  864.  868.  872.  871.  873.  874.  878.
   875.  876.  877.  881.]]
##############################
[[ 262.  318.  337.  346.  356.  354.  353.  355.  361.  337.  339.  370.
   399.  423.  461.  474.  493.  503.  513.  527.  522.  530.  531.  519.
   529.  533.  535.  529.  539.  543.  538.  525.  532.  547.  540.  557.
   549.  562.  555.  554.]
 [1000. 1000. 1000. 1000. 1000. 1000. 1000. 1000. 1000.  950.  950.  950.
   950.  949.  948.  950.  950.  948.  949.  950.  950.  949.  949.  950.
   949.  950.  948.  949.  950.  950.  950.  950.  949.  949.  949.  950.
   949.  950.  950.  950.]
 [ 675.  760.  768.  783.  780.  794.  787.  790.  791.  756.  694.  703.
   733.  763.  775.  803.  810.  834.  830.  843.  843.  854.  853.  859.
   859.  863.  870.  868.  871.  874.  875.  872.  869.  878.  873.  876.
   876.  878.  879.  881.]
 [ 677.  732.  764.  775.  780.  777.  790.  783.  783.  743.  701.  726.
   751.  767.  776.  793.  806.  823.  828.  840.  831.  841.  847.  860.
   859.  856.  858.  856.  864.  864.  868.  872.  871.  873.  874.  878.
   875.  876.  877.  881.]]
##############################
[[ 262.  318.  337.  346.  356.  354.  353.  355.  361.  354.  339.  370.
   399.  423.  461.  474.  493.  503.  513.  527.  522.  530.  531.  519.
   529.  533.  535.  529.  539.  543.  538.  525.  532.  547.  540.  557.
   549.  562.  555.  554.]
 [1000. 1000. 1000. 1000. 1000. 1000. 1000. 1000. 1000. 1000.  950.  950.
   950.  949.  948.  950.  950.  948.  949.  950.  950.  949.  949.  950.
   949.  950.  948.  949.  950.  950.  950.  950.  949.  949.  949.  950.
   949.  950.  950.  950.]
 [ 675.  760.  768.  783.  780.  794.  787.  790.  791.  793.  694.  703.
   733.  763.  775.  803.  810.  834.  830.  843.  843.  854.  853.  859.
   859.  863.  870.  868.  871.  874.  875.  872.  869.  878.  873.  876.
   876.  878.  879.  881.]
 [ 677.  732.  764.  775.  780.  777.  790.  783.  783.  781.  701.  726.
   751.  767.  776.  793.  806.  823.  828.  840.  831.  841.  847.  860.
   859.  856.  858.  856.  864.  864.  868.  872.  871.  873.  874.  878.
   875.  876.  877.  881.]]
##############################
[[ 262.  318.  337.  346.  356.  354.  353.  355.  361.  354.  356.  370.
   399.  423.  461.  474.  493.  503.  513.  527.  522.  530.  531.  519.
   529.  533.  535.  529.  539.  543.  538.  525.  532.  547.  540.  557.
   549.  562.  555.  554.]
 [1000. 1000. 1000. 1000. 1000. 1000. 1000. 1000. 1000. 1000. 1000.  950.
   950.  949.  948.  950.  950.  948.  949.  950.  950.  949.  949.  950.
   949.  950.  948.  949.  950.  950.  950.  950.  949.  949.  949.  950.
   949.  950.  950.  950.]
 [ 675.  760.  768.  783.  780.  794.  787.  790.  791.  793.  729.  703.
   733.  763.  775.  803.  810.  834.  830.  843.  843.  854.  853.  859.
   859.  863.  870.  868.  871.  874.  875.  872.  869.  878.  873.  876.
   876.  878.  879.  881.]
 [ 677.  732.  764.  775.  780.  777.  790.  783.  783.  781.  740.  726.
   751.  767.  776.  793.  806.  823.  828.  840.  831.  841.  847.  860.
   859.  856.  858.  856.  864.  864.  868.  872.  871.  873.  874.  878.
   875.  876.  877.  881.]]
##############################
[[ 262.  318.  337.  346.  356.  354.  353.  355.  361.  354.  356.  391.
   399.  423.  461.  474.  493.  503.  513.  527.  522.  530.  531.  519.
   529.  533.  535.  529.  539.  543.  538.  525.  532.  547.  540.  557.
   549.  562.  555.  554.]
 [1000. 1000. 1000. 1000. 1000. 1000. 1000. 1000. 1000. 1000. 1000. 1000.
   950.  949.  948.  950.  950.  948.  949.  950.  950.  949.  949.  950.
   949.  950.  948.  949.  950.  950.  950.  950.  949.  949.  949.  950.
   949.  950.  950.  950.]
 [ 675.  760.  768.  783.  780.  794.  787.  790.  791.  793.  729.  737.
   733.  763.  775.  803.  810.  834.  830.  843.  843.  854.  853.  859.
   859.  863.  870.  868.  871.  874.  875.  872.  869.  878.  873.  876.
   876.  878.  879.  881.]
 [ 677.  732.  764.  775.  780.  777.  790.  783.  783.  781.  740.  762.
   751.  767.  776.  793.  806.  823.  828.  840.  831.  841.  847.  860.
   859.  856.  858.  856.  864.  864.  868.  872.  871.  873.  874.  878.
   875.  876.  877.  881.]]
##############################
[[ 262.  318.  337.  346.  356.  354.  353.  355.  361.  354.  356.  391.
   422.  423.  461.  474.  493.  503.  513.  527.  522.  530.  531.  519.
   529.  533.  535.  529.  539.  543.  538.  525.  532.  547.  540.  557.
   549.  562.  555.  554.]
 [1000. 1000. 1000. 1000. 1000. 1000. 1000. 1000. 1000. 1000. 1000. 1000.
   999.  949.  948.  950.  950.  948.  949.  950.  950.  949.  949.  950.
   949.  950.  948.  949.  950.  950.  950.  950.  949.  949.  949.  950.
   949.  950.  950.  950.]
 [ 675.  760.  768.  783.  780.  794.  787.  790.  791.  793.  729.  737.
   769.  763.  775.  803.  810.  834.  830.  843.  843.  854.  853.  859.
   859.  863.  870.  868.  871.  874.  875.  872.  869.  878.  873.  876.
   876.  878.  879.  881.]
 [ 677.  732.  764.  775.  780.  777.  790.  783.  783.  781.  740.  762.
   791.  767.  776.  793.  806.  823.  828.  840.  831.  841.  847.  860.
   859.  856.  858.  856.  864.  864.  868.  872.  871.  873.  874.  878.
   875.  876.  877.  881.]]
##############################
[[ 262.  318.  337.  346.  356.  354.  353.  355.  361.  354.  356.  391.
   422.  445.  461.  474.  493.  503.  513.  527.  522.  530.  531.  519.
   529.  533.  535.  529.  539.  543.  538.  525.  532.  547.  540.  557.
   549.  562.  555.  554.]
 [1000. 1000. 1000. 1000. 1000. 1000. 1000. 1000. 1000. 1000. 1000. 1000.
   999.  999.  948.  950.  950.  948.  949.  950.  950.  949.  949.  950.
   949.  950.  948.  949.  950.  950.  950.  950.  949.  949.  949.  950.
   949.  950.  950.  950.]
 [ 675.  760.  768.  783.  780.  794.  787.  790.  791.  793.  729.  737.
   769.  798.  775.  803.  810.  834.  830.  843.  843.  854.  853.  859.
   859.  863.  870.  868.  871.  874.  875.  872.  869.  878.  873.  876.
   876.  878.  879.  881.]
 [ 677.  732.  764.  775.  780.  777.  790.  783.  783.  781.  740.  762.
   791.  806.  776.  793.  806.  823.  828.  840.  831.  841.  847.  860.
   859.  856.  858.  856.  864.  864.  868.  872.  871.  873.  874.  878.
   875.  876.  877.  881.]]
##############################
[[ 262.  318.  337.  346.  356.  354.  353.  355.  361.  354.  356.  391.
   422.  445.  487.  474.  493.  503.  513.  527.  522.  530.  531.  519.
   529.  533.  535.  529.  539.  543.  538.  525.  532.  547.  540.  557.
   549.  562.  555.  554.]
 [1000. 1000. 1000. 1000. 1000. 1000. 1000. 1000. 1000. 1000. 1000. 1000.
   999.  999.  998.  950.  950.  948.  949.  950.  950.  949.  949.  950.
   949.  950.  948.  949.  950.  950.  950.  950.  949.  949.  949.  950.
   949.  950.  950.  950.]
 [ 675.  760.  768.  783.  780.  794.  787.  790.  791.  793.  729.  737.
   769.  798.  813.  803.  810.  834.  830.  843.  843.  854.  853.  859.
   859.  863.  870.  868.  871.  874.  875.  872.  869.  878.  873.  876.
   876.  878.  879.  881.]
 [ 677.  732.  764.  775.  780.  777.  790.  783.  783.  781.  740.  762.
   791.  806.  815.  793.  806.  823.  828.  840.  831.  841.  847.  860.
   859.  856.  858.  856.  864.  864.  868.  872.  871.  873.  874.  878.
   875.  876.  877.  881.]]
##############################
[[ 262.  318.  337.  346.  356.  354.  353.  355.  361.  354.  356.  391.
   422.  445.  487.  497.  493.  503.  513.  527.  522.  530.  531.  519.
   529.  533.  535.  529.  539.  543.  538.  525.  532.  547.  540.  557.
   549.  562.  555.  554.]
 [1000. 1000. 1000. 1000. 1000. 1000. 1000. 1000. 1000. 1000. 1000. 1000.
   999.  999.  998. 1000.  950.  948.  949.  950.  950.  949.  949.  950.
   949.  950.  948.  949.  950.  950.  950.  950.  949.  949.  949.  950.
   949.  950.  950.  950.]
 [ 675.  760.  768.  783.  780.  794.  787.  790.  791.  793.  729.  737.
   769.  798.  813.  841.  810.  834.  830.  843.  843.  854.  853.  859.
   859.  863.  870.  868.  871.  874.  875.  872.  869.  878.  873.  876.
   876.  878.  879.  881.]
 [ 677.  732.  764.  775.  780.  777.  790.  783.  783.  781.  740.  762.
   791.  806.  815.  835.  806.  823.  828.  840.  831.  841.  847.  860.
   859.  856.  858.  856.  864.  864.  868.  872.  871.  873.  874.  878.
   875.  876.  877.  881.]]
##############################
[[ 262.  318.  337.  346.  356.  354.  353.  355.  361.  354.  356.  391.
   422.  445.  487.  497.  515.  503.  513.  527.  522.  530.  531.  519.
   529.  533.  535.  529.  539.  543.  538.  525.  532.  547.  540.  557.
   549.  562.  555.  554.]
 [1000. 1000. 1000. 1000. 1000. 1000. 1000. 1000. 1000. 1000. 1000. 1000.
   999.  999.  998. 1000. 1000.  948.  949.  950.  950.  949.  949.  950.
   949.  950.  948.  949.  950.  950.  950.  950.  949.  949.  949.  950.
   949.  950.  950.  950.]
 [ 675.  760.  768.  783.  780.  794.  787.  790.  791.  793.  729.  737.
   769.  798.  813.  841.  851.  834.  830.  843.  843.  854.  853.  859.
   859.  863.  870.  868.  871.  874.  875.  872.  869.  878.  873.  876.
   876.  878.  879.  881.]
 [ 677.  732.  764.  775.  780.  777.  790.  783.  783.  781.  740.  762.
   791.  806.  815.  835.  844.  823.  828.  840.  831.  841.  847.  860.
   859.  856.  858.  856.  864.  864.  868.  872.  871.  873.  874.  878.
   875.  876.  877.  881.]]
##############################
[[ 262.  318.  337.  346.  356.  354.  353.  355.  361.  354.  356.  391.
   422.  445.  487.  497.  515.  527.  513.  527.  522.  530.  531.  519.
   529.  533.  535.  529.  539.  543.  538.  525.  532.  547.  540.  557.
   549.  562.  555.  554.]
 [1000. 1000. 1000. 1000. 1000. 1000. 1000. 1000. 1000. 1000. 1000. 1000.
   999.  999.  998. 1000. 1000.  998.  949.  950.  950.  949.  949.  950.
   949.  950.  948.  949.  950.  950.  950.  950.  949.  949.  949.  950.
   949.  950.  950.  950.]
 [ 675.  760.  768.  783.  780.  794.  787.  790.  791.  793.  729.  737.
   769.  798.  813.  841.  851.  875.  830.  843.  843.  854.  853.  859.
   859.  863.  870.  868.  871.  874.  875.  872.  869.  878.  873.  876.
   876.  878.  879.  881.]
 [ 677.  732.  764.  775.  780.  777.  790.  783.  783.  781.  740.  762.
   791.  806.  815.  835.  844.  861.  828.  840.  831.  841.  847.  860.
   859.  856.  858.  856.  864.  864.  868.  872.  871.  873.  874.  878.
   875.  876.  877.  881.]]
##############################
[[ 262.  318.  337.  346.  356.  354.  353.  355.  361.  354.  356.  391.
   422.  445.  487.  497.  515.  527.  536.  527.  522.  530.  531.  519.
   529.  533.  535.  529.  539.  543.  538.  525.  532.  547.  540.  557.
   549.  562.  555.  554.]
 [1000. 1000. 1000. 1000. 1000. 1000. 1000. 1000. 1000. 1000. 1000. 1000.
   999.  999.  998. 1000. 1000.  998.  999.  950.  950.  949.  949.  950.
   949.  950.  948.  949.  950.  950.  950.  950.  949.  949.  949.  950.
   949.  950.  950.  950.]
 [ 675.  760.  768.  783.  780.  794.  787.  790.  791.  793.  729.  737.
   769.  798.  813.  841.  851.  875.  869.  843.  843.  854.  853.  859.
   859.  863.  870.  868.  871.  874.  875.  872.  869.  878.  873.  876.
   876.  878.  879.  881.]
 [ 677.  732.  764.  775.  780.  777.  790.  783.  783.  781.  740.  762.
   791.  806.  815.  835.  844.  861.  867.  840.  831.  841.  847.  860.
   859.  856.  858.  856.  864.  864.  868.  872.  871.  873.  874.  878.
   875.  876.  877.  881.]]
##############################
[[ 262.  318.  337.  346.  356.  354.  353.  355.  361.  354.  356.  391.
   422.  445.  487.  497.  515.  527.  536.  551.  522.  530.  531.  519.
   529.  533.  535.  529.  539.  543.  538.  525.  532.  547.  540.  557.
   549.  562.  555.  554.]
 [1000. 1000. 1000. 1000. 1000. 1000. 1000. 1000. 1000. 1000. 1000. 1000.
   999.  999.  998. 1000. 1000.  998.  999. 1000.  950.  949.  949.  950.
   949.  950.  948.  949.  950.  950.  950.  950.  949.  949.  949.  950.
   949.  950.  950.  950.]
 [ 675.  760.  768.  783.  780.  794.  787.  790.  791.  793.  729.  737.
   769.  798.  813.  841.  851.  875.  869.  881.  843.  854.  853.  859.
   859.  863.  870.  868.  871.  874.  875.  872.  869.  878.  873.  876.
   876.  878.  879.  881.]
 [ 677.  732.  764.  775.  780.  777.  790.  783.  783.  781.  740.  762.
   791.  806.  815.  835.  844.  861.  867.  881.  831.  841.  847.  860.
   859.  856.  858.  856.  864.  864.  868.  872.  871.  873.  874.  878.
   875.  876.  877.  881.]]
##############################
[[ 262.  318.  337.  346.  356.  354.  353.  355.  361.  354.  356.  391.
   422.  445.  487.  497.  515.  527.  536.  551.  545.  530.  531.  519.
   529.  533.  535.  529.  539.  543.  538.  525.  532.  547.  540.  557.
   549.  562.  555.  554.]
 [1000. 1000. 1000. 1000. 1000. 1000. 1000. 1000. 1000. 1000. 1000. 1000.
   999.  999.  998. 1000. 1000.  998.  999. 1000. 1000.  949.  949.  950.
   949.  950.  948.  949.  950.  950.  950.  950.  949.  949.  949.  950.
   949.  950.  950.  950.]
 [ 675.  760.  768.  783.  780.  794.  787.  790.  791.  793.  729.  737.
   769.  798.  813.  841.  851.  875.  869.  881.  885.  854.  853.  859.
   859.  863.  870.  868.  871.  874.  875.  872.  869.  878.  873.  876.
   876.  878.  879.  881.]
 [ 677.  732.  764.  775.  780.  777.  790.  783.  783.  781.  740.  762.
   791.  806.  815.  835.  844.  861.  867.  881.  873.  841.  847.  860.
   859.  856.  858.  856.  864.  864.  868.  872.  871.  873.  874.  878.
   875.  876.  877.  881.]]
##############################
[[ 262.  318.  337.  346.  356.  354.  353.  355.  361.  354.  356.  391.
   422.  445.  487.  497.  515.  527.  536.  551.  545.  554.  531.  519.
   529.  533.  535.  529.  539.  543.  538.  525.  532.  547.  540.  557.
   549.  562.  555.  554.]
 [1000. 1000. 1000. 1000. 1000. 1000. 1000. 1000. 1000. 1000. 1000. 1000.
   999.  999.  998. 1000. 1000.  998.  999. 1000. 1000.  999.  949.  950.
   949.  950.  948.  949.  950.  950.  950.  950.  949.  949.  949.  950.
   949.  950.  950.  950.]
 [ 675.  760.  768.  783.  780.  794.  787.  790.  791.  793.  729.  737.
   769.  798.  813.  841.  851.  875.  869.  881.  885.  895.  853.  859.
   859.  863.  870.  868.  871.  874.  875.  872.  869.  878.  873.  876.
   876.  878.  879.  881.]
 [ 677.  732.  764.  775.  780.  777.  790.  783.  783.  781.  740.  762.
   791.  806.  815.  835.  844.  861.  867.  881.  873.  883.  847.  860.
   859.  856.  858.  856.  864.  864.  868.  872.  871.  873.  874.  878.
   875.  876.  877.  881.]]
##############################
[[ 262.  318.  337.  346.  356.  354.  353.  355.  361.  354.  356.  391.
   422.  445.  487.  497.  515.  527.  536.  551.  545.  554.  559.  519.
   529.  533.  535.  529.  539.  543.  538.  525.  532.  547.  540.  557.
   549.  562.  555.  554.]
 [1000. 1000. 1000. 1000. 1000. 1000. 1000. 1000. 1000. 1000. 1000. 1000.
   999.  999.  998. 1000. 1000.  998.  999. 1000. 1000.  999.  999.  950.
   949.  950.  948.  949.  950.  950.  950.  950.  949.  949.  949.  950.
   949.  950.  950.  950.]
 [ 675.  760.  768.  783.  780.  794.  787.  790.  791.  793.  729.  737.
   769.  798.  813.  841.  851.  875.  869.  881.  885.  895.  894.  859.
   859.  863.  870.  868.  871.  874.  875.  872.  869.  878.  873.  876.
   876.  878.  879.  881.]
 [ 677.  732.  764.  775.  780.  777.  790.  783.  783.  781.  740.  762.
   791.  806.  815.  835.  844.  861.  867.  881.  873.  883.  888.  860.
   859.  856.  858.  856.  864.  864.  868.  872.  871.  873.  874.  878.
   875.  876.  877.  881.]]
##############################
[[ 262.  318.  337.  346.  356.  354.  353.  355.  361.  354.  356.  391.
   422.  445.  487.  497.  515.  527.  536.  551.  545.  554.  559.  543.
   529.  533.  535.  529.  539.  543.  538.  525.  532.  547.  540.  557.
   549.  562.  555.  554.]
 [1000. 1000. 1000. 1000. 1000. 1000. 1000. 1000. 1000. 1000. 1000. 1000.
   999.  999.  998. 1000. 1000.  998.  999. 1000. 1000.  999.  999. 1000.
   949.  950.  948.  949.  950.  950.  950.  950.  949.  949.  949.  950.
   949.  950.  950.  950.]
 [ 675.  760.  768.  783.  780.  794.  787.  790.  791.  793.  729.  737.
   769.  798.  813.  841.  851.  875.  869.  881.  885.  895.  894.  901.
   859.  863.  870.  868.  871.  874.  875.  872.  869.  878.  873.  876.
   876.  878.  879.  881.]
 [ 677.  732.  764.  775.  780.  777.  790.  783.  783.  781.  740.  762.
   791.  806.  815.  835.  844.  861.  867.  881.  873.  883.  888.  902.
   859.  856.  858.  856.  864.  864.  868.  872.  871.  873.  874.  878.
   875.  876.  877.  881.]]
##############################
[[ 262.  318.  337.  346.  356.  354.  353.  355.  361.  354.  356.  391.
   422.  445.  487.  497.  515.  527.  536.  551.  545.  554.  559.  543.
   554.  533.  535.  529.  539.  543.  538.  525.  532.  547.  540.  557.
   549.  562.  555.  554.]
 [1000. 1000. 1000. 1000. 1000. 1000. 1000. 1000. 1000. 1000. 1000. 1000.
   999.  999.  998. 1000. 1000.  998.  999. 1000. 1000.  999.  999. 1000.
   999.  950.  948.  949.  950.  950.  950.  950.  949.  949.  949.  950.
   949.  950.  950.  950.]
 [ 675.  760.  768.  783.  780.  794.  787.  790.  791.  793.  729.  737.
   769.  798.  813.  841.  851.  875.  869.  881.  885.  895.  894.  901.
   902.  863.  870.  868.  871.  874.  875.  872.  869.  878.  873.  876.
   876.  878.  879.  881.]
 [ 677.  732.  764.  775.  780.  777.  790.  783.  783.  781.  740.  762.
   791.  806.  815.  835.  844.  861.  867.  881.  873.  883.  888.  902.
   902.  856.  858.  856.  864.  864.  868.  872.  871.  873.  874.  878.
   875.  876.  877.  881.]]
##############################
[[ 262.  318.  337.  346.  356.  354.  353.  355.  361.  354.  356.  391.
   422.  445.  487.  497.  515.  527.  536.  551.  545.  554.  559.  543.
   554.  558.  535.  529.  539.  543.  538.  525.  532.  547.  540.  557.
   549.  562.  555.  554.]
 [1000. 1000. 1000. 1000. 1000. 1000. 1000. 1000. 1000. 1000. 1000. 1000.
   999.  999.  998. 1000. 1000.  998.  999. 1000. 1000.  999.  999. 1000.
   999. 1000.  948.  949.  950.  950.  950.  950.  949.  949.  949.  950.
   949.  950.  950.  950.]
 [ 675.  760.  768.  783.  780.  794.  787.  790.  791.  793.  729.  737.
   769.  798.  813.  841.  851.  875.  869.  881.  885.  895.  894.  901.
   902.  909.  870.  868.  871.  874.  875.  872.  869.  878.  873.  876.
   876.  878.  879.  881.]
 [ 677.  732.  764.  775.  780.  777.  790.  783.  783.  781.  740.  762.
   791.  806.  815.  835.  844.  861.  867.  881.  873.  883.  888.  902.
   902.  899.  858.  856.  864.  864.  868.  872.  871.  873.  874.  878.
   875.  876.  877.  881.]]
##############################
[[ 262.  318.  337.  346.  356.  354.  353.  355.  361.  354.  356.  391.
   422.  445.  487.  497.  515.  527.  536.  551.  545.  554.  559.  543.
   554.  558.  561.  529.  539.  543.  538.  525.  532.  547.  540.  557.
   549.  562.  555.  554.]
 [1000. 1000. 1000. 1000. 1000. 1000. 1000. 1000. 1000. 1000. 1000. 1000.
   999.  999.  998. 1000. 1000.  998.  999. 1000. 1000.  999.  999. 1000.
   999. 1000.  998.  949.  950.  950.  950.  950.  949.  949.  949.  950.
   949.  950.  950.  950.]
 [ 675.  760.  768.  783.  780.  794.  787.  790.  791.  793.  729.  737.
   769.  798.  813.  841.  851.  875.  869.  881.  885.  895.  894.  901.
   902.  909.  913.  868.  871.  874.  875.  872.  869.  878.  873.  876.
   876.  878.  879.  881.]
 [ 677.  732.  764.  775.  780.  777.  790.  783.  783.  781.  740.  762.
   791.  806.  815.  835.  844.  861.  867.  881.  873.  883.  888.  902.
   902.  899.  901.  856.  864.  864.  868.  872.  871.  873.  874.  878.
   875.  876.  877.  881.]]
##############################
[[ 262.  318.  337.  346.  356.  354.  353.  355.  361.  354.  356.  391.
   422.  445.  487.  497.  515.  527.  536.  551.  545.  554.  559.  543.
   554.  558.  561.  555.  539.  543.  538.  525.  532.  547.  540.  557.
   549.  562.  555.  554.]
 [1000. 1000. 1000. 1000. 1000. 1000. 1000. 1000. 1000. 1000. 1000. 1000.
   999.  999.  998. 1000. 1000.  998.  999. 1000. 1000.  999.  999. 1000.
   999. 1000.  998.  999.  950.  950.  950.  950.  949.  949.  949.  950.
   949.  950.  950.  950.]
 [ 675.  760.  768.  783.  780.  794.  787.  790.  791.  793.  729.  737.
   769.  798.  813.  841.  851.  875.  869.  881.  885.  895.  894.  901.
   902.  909.  913.  911.  871.  874.  875.  872.  869.  878.  873.  876.
   876.  878.  879.  881.]
 [ 677.  732.  764.  775.  780.  777.  790.  783.  783.  781.  740.  762.
   791.  806.  815.  835.  844.  861.  867.  881.  873.  883.  888.  902.
   902.  899.  901.  900.  864.  864.  868.  872.  871.  873.  874.  878.
   875.  876.  877.  881.]]
##############################
[[ 262.  318.  337.  346.  356.  354.  353.  355.  361.  354.  356.  391.
   422.  445.  487.  497.  515.  527.  536.  551.  545.  554.  559.  543.
   554.  558.  561.  555.  564.  543.  538.  525.  532.  547.  540.  557.
   549.  562.  555.  554.]
 [1000. 1000. 1000. 1000. 1000. 1000. 1000. 1000. 1000. 1000. 1000. 1000.
   999.  999.  998. 1000. 1000.  998.  999. 1000. 1000.  999.  999. 1000.
   999. 1000.  998.  999. 1000.  950.  950.  950.  949.  949.  949.  950.
   949.  950.  950.  950.]
 [ 675.  760.  768.  783.  780.  794.  787.  790.  791.  793.  729.  737.
   769.  798.  813.  841.  851.  875.  869.  881.  885.  895.  894.  901.
   902.  909.  913.  911.  915.  874.  875.  872.  869.  878.  873.  876.
   876.  878.  879.  881.]
 [ 677.  732.  764.  775.  780.  777.  790.  783.  783.  781.  740.  762.
   791.  806.  815.  835.  844.  861.  867.  881.  873.  883.  888.  902.
   902.  899.  901.  900.  906.  864.  868.  872.  871.  873.  874.  878.
   875.  876.  877.  881.]]
##############################
[[ 262.  318.  337.  346.  356.  354.  353.  355.  361.  354.  356.  391.
   422.  445.  487.  497.  515.  527.  536.  551.  545.  554.  559.  543.
   554.  558.  561.  555.  564.  570.  538.  525.  532.  547.  540.  557.
   549.  562.  555.  554.]
 [1000. 1000. 1000. 1000. 1000. 1000. 1000. 1000. 1000. 1000. 1000. 1000.
   999.  999.  998. 1000. 1000.  998.  999. 1000. 1000.  999.  999. 1000.
   999. 1000.  998.  999. 1000. 1000.  950.  950.  949.  949.  949.  950.
   949.  950.  950.  950.]
 [ 675.  760.  768.  783.  780.  794.  787.  790.  791.  793.  729.  737.
   769.  798.  813.  841.  851.  875.  869.  881.  885.  895.  894.  901.
   902.  909.  913.  911.  915.  917.  875.  872.  869.  878.  873.  876.
   876.  878.  879.  881.]
 [ 677.  732.  764.  775.  780.  777.  790.  783.  783.  781.  740.  762.
   791.  806.  815.  835.  844.  861.  867.  881.  873.  883.  888.  902.
   902.  899.  901.  900.  906.  909.  868.  872.  871.  873.  874.  878.
   875.  876.  877.  881.]]
##############################
[[ 262.  318.  337.  346.  356.  354.  353.  355.  361.  354.  356.  391.
   422.  445.  487.  497.  515.  527.  536.  551.  545.  554.  559.  543.
   554.  558.  561.  555.  564.  570.  567.  525.  532.  547.  540.  557.
   549.  562.  555.  554.]
 [1000. 1000. 1000. 1000. 1000. 1000. 1000. 1000. 1000. 1000. 1000. 1000.
   999.  999.  998. 1000. 1000.  998.  999. 1000. 1000.  999.  999. 1000.
   999. 1000.  998.  999. 1000. 1000. 1000.  950.  949.  949.  949.  950.
   949.  950.  950.  950.]
 [ 675.  760.  768.  783.  780.  794.  787.  790.  791.  793.  729.  737.
   769.  798.  813.  841.  851.  875.  869.  881.  885.  895.  894.  901.
   902.  909.  913.  911.  915.  917.  919.  872.  869.  878.  873.  876.
   876.  878.  879.  881.]
 [ 677.  732.  764.  775.  780.  777.  790.  783.  783.  781.  740.  762.
   791.  806.  815.  835.  844.  861.  867.  881.  873.  883.  888.  902.
   902.  899.  901.  900.  906.  909.  913.  872.  871.  873.  874.  878.
   875.  876.  877.  881.]]
##############################
[[ 262.  318.  337.  346.  356.  354.  353.  355.  361.  354.  356.  391.
   422.  445.  487.  497.  515.  527.  536.  551.  545.  554.  559.  543.
   554.  558.  561.  555.  564.  570.  567.  553.  532.  547.  540.  557.
   549.  562.  555.  554.]
 [1000. 1000. 1000. 1000. 1000. 1000. 1000. 1000. 1000. 1000. 1000. 1000.
   999.  999.  998. 1000. 1000.  998.  999. 1000. 1000.  999.  999. 1000.
   999. 1000.  998.  999. 1000. 1000. 1000. 1000.  949.  949.  949.  950.
   949.  950.  950.  950.]
 [ 675.  760.  768.  783.  780.  794.  787.  790.  791.  793.  729.  737.
   769.  798.  813.  841.  851.  875.  869.  881.  885.  895.  894.  901.
   902.  909.  913.  911.  915.  917.  919.  916.  869.  878.  873.  876.
   876.  878.  879.  881.]
 [ 677.  732.  764.  775.  780.  777.  790.  783.  783.  781.  740.  762.
   791.  806.  815.  835.  844.  861.  867.  881.  873.  883.  888.  902.
   902.  899.  901.  900.  906.  909.  913.  916.  871.  873.  874.  878.
   875.  876.  877.  881.]]
##############################
[[ 262.  318.  337.  346.  356.  354.  353.  355.  361.  354.  356.  391.
   422.  445.  487.  497.  515.  527.  536.  551.  545.  554.  559.  543.
   554.  558.  561.  555.  564.  570.  567.  553.  559.  547.  540.  557.
   549.  562.  555.  554.]
 [1000. 1000. 1000. 1000. 1000. 1000. 1000. 1000. 1000. 1000. 1000. 1000.
   999.  999.  998. 1000. 1000.  998.  999. 1000. 1000.  999.  999. 1000.
   999. 1000.  998.  999. 1000. 1000. 1000. 1000.  999.  949.  949.  950.
   949.  950.  950.  950.]
 [ 675.  760.  768.  783.  780.  794.  787.  790.  791.  793.  729.  737.
   769.  798.  813.  841.  851.  875.  869.  881.  885.  895.  894.  901.
   902.  909.  913.  911.  915.  917.  919.  916.  914.  878.  873.  876.
   876.  878.  879.  881.]
 [ 677.  732.  764.  775.  780.  777.  790.  783.  783.  781.  740.  762.
   791.  806.  815.  835.  844.  861.  867.  881.  873.  883.  888.  902.
   902.  899.  901.  900.  906.  909.  913.  916.  914.  873.  874.  878.
   875.  876.  877.  881.]]
##############################
[[ 262.  318.  337.  346.  356.  354.  353.  355.  361.  354.  356.  391.
   422.  445.  487.  497.  515.  527.  536.  551.  545.  554.  559.  543.
   554.  558.  561.  555.  564.  570.  567.  553.  559.  575.  540.  557.
   549.  562.  555.  554.]
 [1000. 1000. 1000. 1000. 1000. 1000. 1000. 1000. 1000. 1000. 1000. 1000.
   999.  999.  998. 1000. 1000.  998.  999. 1000. 1000.  999.  999. 1000.
   999. 1000.  998.  999. 1000. 1000. 1000. 1000.  999.  999.  949.  950.
   949.  950.  950.  950.]
 [ 675.  760.  768.  783.  780.  794.  787.  790.  791.  793.  729.  737.
   769.  798.  813.  841.  851.  875.  869.  881.  885.  895.  894.  901.
   902.  909.  913.  911.  915.  917.  919.  916.  914.  922.  873.  876.
   876.  878.  879.  881.]
 [ 677.  732.  764.  775.  780.  777.  790.  783.  783.  781.  740.  762.
   791.  806.  815.  835.  844.  861.  867.  881.  873.  883.  888.  902.
   902.  899.  901.  900.  906.  909.  913.  916.  914.  915.  874.  878.
   875.  876.  877.  881.]]
##############################
[[ 262.  318.  337.  346.  356.  354.  353.  355.  361.  354.  356.  391.
   422.  445.  487.  497.  515.  527.  536.  551.  545.  554.  559.  543.
   554.  558.  561.  555.  564.  570.  567.  553.  559.  575.  567.  557.
   549.  562.  555.  554.]
 [1000. 1000. 1000. 1000. 1000. 1000. 1000. 1000. 1000. 1000. 1000. 1000.
   999.  999.  998. 1000. 1000.  998.  999. 1000. 1000.  999.  999. 1000.
   999. 1000.  998.  999. 1000. 1000. 1000. 1000.  999.  999.  999.  950.
   949.  950.  950.  950.]
 [ 675.  760.  768.  783.  780.  794.  787.  790.  791.  793.  729.  737.
   769.  798.  813.  841.  851.  875.  869.  881.  885.  895.  894.  901.
   902.  909.  913.  911.  915.  917.  919.  916.  914.  922.  918.  876.
   876.  878.  879.  881.]
 [ 677.  732.  764.  775.  780.  777.  790.  783.  783.  781.  740.  762.
   791.  806.  815.  835.  844.  861.  867.  881.  873.  883.  888.  902.
   902.  899.  901.  900.  906.  909.  913.  916.  914.  915.  918.  878.
   875.  876.  877.  881.]]
##############################
[[ 262.  318.  337.  346.  356.  354.  353.  355.  361.  354.  356.  391.
   422.  445.  487.  497.  515.  527.  536.  551.  545.  554.  559.  543.
   554.  558.  561.  555.  564.  570.  567.  553.  559.  575.  567.  589.
   549.  562.  555.  554.]
 [1000. 1000. 1000. 1000. 1000. 1000. 1000. 1000. 1000. 1000. 1000. 1000.
   999.  999.  998. 1000. 1000.  998.  999. 1000. 1000.  999.  999. 1000.
   999. 1000.  998.  999. 1000. 1000. 1000. 1000.  999.  999.  999. 1000.
   949.  950.  950.  950.]
 [ 675.  760.  768.  783.  780.  794.  787.  790.  791.  793.  729.  737.
   769.  798.  813.  841.  851.  875.  869.  881.  885.  895.  894.  901.
   902.  909.  913.  911.  915.  917.  919.  916.  914.  922.  918.  921.
   876.  878.  879.  881.]
 [ 677.  732.  764.  775.  780.  777.  790.  783.  783.  781.  740.  762.
   791.  806.  815.  835.  844.  861.  867.  881.  873.  883.  888.  902.
   902.  899.  901.  900.  906.  909.  913.  916.  914.  915.  918.  922.
   875.  876.  877.  881.]]
##############################
[[ 262.  318.  337.  346.  356.  354.  353.  355.  361.  354.  356.  391.
   422.  445.  487.  497.  515.  527.  536.  551.  545.  554.  559.  543.
   554.  558.  561.  555.  564.  570.  567.  553.  559.  575.  567.  589.
   576.  562.  555.  554.]
 [1000. 1000. 1000. 1000. 1000. 1000. 1000. 1000. 1000. 1000. 1000. 1000.
   999.  999.  998. 1000. 1000.  998.  999. 1000. 1000.  999.  999. 1000.
   999. 1000.  998.  999. 1000. 1000. 1000. 1000.  999.  999.  999. 1000.
   999.  950.  950.  950.]
 [ 675.  760.  768.  783.  780.  794.  787.  790.  791.  793.  729.  737.
   769.  798.  813.  841.  851.  875.  869.  881.  885.  895.  894.  901.
   902.  909.  913.  911.  915.  917.  919.  916.  914.  922.  918.  921.
   921.  878.  879.  881.]
 [ 677.  732.  764.  775.  780.  777.  790.  783.  783.  781.  740.  762.
   791.  806.  815.  835.  844.  861.  867.  881.  873.  883.  888.  902.
   902.  899.  901.  900.  906.  909.  913.  916.  914.  915.  918.  922.
   920.  876.  877.  881.]]
##############################
[[ 262.  318.  337.  346.  356.  354.  353.  355.  361.  354.  356.  391.
   422.  445.  487.  497.  515.  527.  536.  551.  545.  554.  559.  543.
   554.  558.  561.  555.  564.  570.  567.  553.  559.  575.  567.  589.
   576.  591.  555.  554.]
 [1000. 1000. 1000. 1000. 1000. 1000. 1000. 1000. 1000. 1000. 1000. 1000.
   999.  999.  998. 1000. 1000.  998.  999. 1000. 1000.  999.  999. 1000.
   999. 1000.  998.  999. 1000. 1000. 1000. 1000.  999.  999.  999. 1000.
   999. 1000.  950.  950.]
 [ 675.  760.  768.  783.  780.  794.  787.  790.  791.  793.  729.  737.
   769.  798.  813.  841.  851.  875.  869.  881.  885.  895.  894.  901.
   902.  909.  913.  911.  915.  917.  919.  916.  914.  922.  918.  921.
   921.  923.  879.  881.]
 [ 677.  732.  764.  775.  780.  777.  790.  783.  783.  781.  740.  762.
   791.  806.  815.  835.  844.  861.  867.  881.  873.  883.  888.  902.
   902.  899.  901.  900.  906.  909.  913.  916.  914.  915.  918.  922.
   920.  920.  877.  881.]]
##############################
[[ 262.  318.  337.  346.  356.  354.  353.  355.  361.  354.  356.  391.
   422.  445.  487.  497.  515.  527.  536.  551.  545.  554.  559.  543.
   554.  558.  561.  555.  564.  570.  567.  553.  559.  575.  567.  589.
   576.  591.  586.  554.]
 [1000. 1000. 1000. 1000. 1000. 1000. 1000. 1000. 1000. 1000. 1000. 1000.
   999.  999.  998. 1000. 1000.  998.  999. 1000. 1000.  999.  999. 1000.
   999. 1000.  998.  999. 1000. 1000. 1000. 1000.  999.  999.  999. 1000.
   999. 1000. 1000.  950.]
 [ 675.  760.  768.  783.  780.  794.  787.  790.  791.  793.  729.  737.
   769.  798.  813.  841.  851.  875.  869.  881.  885.  895.  894.  901.
   902.  909.  913.  911.  915.  917.  919.  916.  914.  922.  918.  921.
   921.  923.  923.  881.]
 [ 677.  732.  764.  775.  780.  777.  790.  783.  783.  781.  740.  762.
   791.  806.  815.  835.  844.  861.  867.  881.  873.  883.  888.  902.
   902.  899.  901.  900.  906.  909.  913.  916.  914.  915.  918.  922.
   920.  920.  923.  881.]]
##############################
[[ 262.  318.  337.  346.  356.  354.  353.  355.  361.  354.  356.  391.
   422.  445.  487.  497.  515.  527.  536.  551.  545.  554.  559.  543.
   554.  558.  561.  555.  564.  570.  567.  553.  559.  575.  567.  589.
   576.  591.  586.  582.]
 [1000. 1000. 1000. 1000. 1000. 1000. 1000. 1000. 1000. 1000. 1000. 1000.
   999.  999.  998. 1000. 1000.  998.  999. 1000. 1000.  999.  999. 1000.
   999. 1000.  998.  999. 1000. 1000. 1000. 1000.  999.  999.  999. 1000.
   999. 1000. 1000. 1000.]
 [ 675.  760.  768.  783.  780.  794.  787.  790.  791.  793.  729.  737.
   769.  798.  813.  841.  851.  875.  869.  881.  885.  895.  894.  901.
   902.  909.  913.  911.  915.  917.  919.  916.  914.  922.  918.  921.
   921.  923.  923.  927.]
 [ 677.  732.  764.  775.  780.  777.  790.  783.  783.  781.  740.  762.
   791.  806.  815.  835.  844.  861.  867.  881.  873.  883.  888.  902.
   902.  899.  901.  900.  906.  909.  913.  916.  914.  915.  918.  922.
   920.  920.  923.  926.]]
##############################
##################################################
/targeted_attack/adv_example/resnet50_CE_100
Hyper-parameters: {'source_model': 'resnet50', 'batch_size': 50, 'max_iterations': 400, 'loss_function': 'CE', 'targeted': False, 'm1': 1, 'm2': 1, 'strength': 0, 'adv_perturbation': True, 'adv_loss_function': 'CE', 'adv_epsilon': 0.047058823529411764, 'adv_steps': 6, 'transpoint': 100, 'seed': 9018, 'MI': False, 'DI': False, 'TI': False, 'SI': False, 'random_start': False, 'save': True, 'device': 0, 'adv_alpha': 0.00784313725490196, 'adv_targeted': 1, 'file_path': '/targeted_attack/adv_example/resnet50_CE_100'}

final result
Source model : Ensemble --> Target model: Inception-v3 | ResNet50 | DenseNet121 | VGG16bn
[[ 262.  318.  337.  346.  356.  354.  353.  355.  361.  354.  356.  391.
   422.  445.  487.  497.  515.  527.  536.  551.  545.  554.  559.  543.
   554.  558.  561.  555.  564.  570.  567.  553.  559.  575.  567.  589.
   576.  591.  586.  582.]
 [1000. 1000. 1000. 1000. 1000. 1000. 1000. 1000. 1000. 1000. 1000. 1000.
   999.  999.  998. 1000. 1000.  998.  999. 1000. 1000.  999.  999. 1000.
   999. 1000.  998.  999. 1000. 1000. 1000. 1000.  999.  999.  999. 1000.
   999. 1000. 1000. 1000.]
 [ 675.  760.  768.  783.  780.  794.  787.  790.  791.  793.  729.  737.
   769.  798.  813.  841.  851.  875.  869.  881.  885.  895.  894.  901.
   902.  909.  913.  911.  915.  917.  919.  916.  914.  922.  918.  921.
   921.  923.  923.  927.]
 [ 677.  732.  764.  775.  780.  777.  790.  783.  783.  781.  740.  762.
   791.  806.  815.  835.  844.  861.  867.  881.  873.  883.  888.  902.
   902.  899.  901.  900.  906.  909.  913.  916.  914.  915.  918.  922.
   920.  920.  923.  926.]]
results for 10 iters:
[ 262. 1000.  675.  677.]
results for 100 iters:
[ 354. 1000.  793.  781.]
results for 200 iters:
[ 551. 1000.  881.  881.]
results for 300 iters:
[ 570. 1000.  917.  909.]
results for 400 iters:
[ 582. 1000.  927.  926.]
saving the adversarial examples
finishing saving the adversarial examples
finishing the attack experiment
##################################################
##################################################
##################################################
