C:\Users\jaive.DESKTOP-3TNM9JL\AppData\Roaming\Python\Python314\site-packages\torchvision\models\_utils.py:207: UserWarning: The parameter 'pretrained' is deprecated since 0.13 and may be removed in the future, please use 'weights' instead.
  warnings.warn(
C:\Users\jaive.DESKTOP-3TNM9JL\AppData\Roaming\Python\Python314\site-packages\torchvision\models\_utils.py:222: UserWarning: Arguments other than a weight enum or `None` for 'weights' are deprecated since 0.13 and may be removed in the future. The current behavior is equivalent to passing `weights=Inception_V3_Weights.IMAGENET1K_V1`. You can also use `weights=Inception_V3_Weights.DEFAULT` to get the most up-to-date weights.
  warnings.warn(msg)
C:\Users\jaive.DESKTOP-3TNM9JL\AppData\Roaming\Python\Python314\site-packages\torchvision\models\_utils.py:222: UserWarning: Arguments other than a weight enum or `None` for 'weights' are deprecated since 0.13 and may be removed in the future. The current behavior is equivalent to passing `weights=ResNet50_Weights.IMAGENET1K_V1`. You can also use `weights=ResNet50_Weights.DEFAULT` to get the most up-to-date weights.
  warnings.warn(msg)
C:\Users\jaive.DESKTOP-3TNM9JL\AppData\Roaming\Python\Python314\site-packages\torchvision\models\_utils.py:222: UserWarning: Arguments other than a weight enum or `None` for 'weights' are deprecated since 0.13 and may be removed in the future. The current behavior is equivalent to passing `weights=DenseNet121_Weights.IMAGENET1K_V1`. You can also use `weights=DenseNet121_Weights.DEFAULT` to get the most up-to-date weights.
  warnings.warn(msg)
C:\Users\jaive.DESKTOP-3TNM9JL\AppData\Roaming\Python\Python314\site-packages\torchvision\models\_utils.py:222: UserWarning: Arguments other than a weight enum or `None` for 'weights' are deprecated since 0.13 and may be removed in the future. The current behavior is equivalent to passing `weights=VGG16_BN_Weights.IMAGENET1K_V1`. You can also use `weights=VGG16_BN_Weights.DEFAULT` to get the most up-to-date weights.
  warnings.warn(msg)
----------- new folder ------------
------------ ok ----------------
resnet50_CE_0
Hyper-parameters: {'source_model': 'resnet50', 'batch_size': 50, 'max_iterations': 400, 'loss_function': 'CE', 'targeted': False, 'm1': 1, 'm2': 1, 'strength': 0, 'adv_perturbation': True, 'adv_loss_function': 'CE', 'adv_epsilon': 0.047058823529411764, 'adv_steps': 6, 'transpoint': 0, 'seed': 9018, 'MI': False, 'DI': False, 'TI': False, 'SI': False, 'random_start': False, 'save': True, 'device': 0, 'adv_alpha': 0.00784313725490196, 'adv_targeted': 1, 'file_path': '/targeted_attack/adv_example/resnet50_CE_0'}

device: cuda
setting up the source and target models
loaded the images
##################################################
starting :1 batch
[[10.  0.  0.  0.  0.  0.  0.  0.  0.  0.  0.  0.  0.  0.  0.  0.  0.  0.
   0.  0.  0.  0.  0.  0.  0.  0.  0.  0.  0.  0.  0.  0.  0.  0.  0.  0.
   0.  0.  0.  0.]
 [46.  0.  0.  0.  0.  0.  0.  0.  0.  0.  0.  0.  0.  0.  0.  0.  0.  0.
   0.  0.  0.  0.  0.  0.  0.  0.  0.  0.  0.  0.  0.  0.  0.  0.  0.  0.
   0.  0.  0.  0.]
 [17.  0.  0.  0.  0.  0.  0.  0.  0.  0.  0.  0.  0.  0.  0.  0.  0.  0.
   0.  0.  0.  0.  0.  0.  0.  0.  0.  0.  0.  0.  0.  0.  0.  0.  0.  0.
   0.  0.  0.  0.]
 [19.  0.  0.  0.  0.  0.  0.  0.  0.  0.  0.  0.  0.  0.  0.  0.  0.  0.
   0.  0.  0.  0.  0.  0.  0.  0.  0.  0.  0.  0.  0.  0.  0.  0.  0.  0.
   0.  0.  0.  0.]]
##############################
[[10. 18.  0.  0.  0.  0.  0.  0.  0.  0.  0.  0.  0.  0.  0.  0.  0.  0.
   0.  0.  0.  0.  0.  0.  0.  0.  0.  0.  0.  0.  0.  0.  0.  0.  0.  0.
   0.  0.  0.  0.]
 [46. 49.  0.  0.  0.  0.  0.  0.  0.  0.  0.  0.  0.  0.  0.  0.  0.  0.
   0.  0.  0.  0.  0.  0.  0.  0.  0.  0.  0.  0.  0.  0.  0.  0.  0.  0.
   0.  0.  0.  0.]
 [17. 26.  0.  0.  0.  0.  0.  0.  0.  0.  0.  0.  0.  0.  0.  0.  0.  0.
   0.  0.  0.  0.  0.  0.  0.  0.  0.  0.  0.  0.  0.  0.  0.  0.  0.  0.
   0.  0.  0.  0.]
 [19. 36.  0.  0.  0.  0.  0.  0.  0.  0.  0.  0.  0.  0.  0.  0.  0.  0.
   0.  0.  0.  0.  0.  0.  0.  0.  0.  0.  0.  0.  0.  0.  0.  0.  0.  0.
   0.  0.  0.  0.]]
##############################
[[10. 18. 24.  0.  0.  0.  0.  0.  0.  0.  0.  0.  0.  0.  0.  0.  0.  0.
   0.  0.  0.  0.  0.  0.  0.  0.  0.  0.  0.  0.  0.  0.  0.  0.  0.  0.
   0.  0.  0.  0.]
 [46. 49. 50.  0.  0.  0.  0.  0.  0.  0.  0.  0.  0.  0.  0.  0.  0.  0.
   0.  0.  0.  0.  0.  0.  0.  0.  0.  0.  0.  0.  0.  0.  0.  0.  0.  0.
   0.  0.  0.  0.]
 [17. 26. 29.  0.  0.  0.  0.  0.  0.  0.  0.  0.  0.  0.  0.  0.  0.  0.
   0.  0.  0.  0.  0.  0.  0.  0.  0.  0.  0.  0.  0.  0.  0.  0.  0.  0.
   0.  0.  0.  0.]
 [19. 36. 41.  0.  0.  0.  0.  0.  0.  0.  0.  0.  0.  0.  0.  0.  0.  0.
   0.  0.  0.  0.  0.  0.  0.  0.  0.  0.  0.  0.  0.  0.  0.  0.  0.  0.
   0.  0.  0.  0.]]
##############################
[[10. 18. 24. 27.  0.  0.  0.  0.  0.  0.  0.  0.  0.  0.  0.  0.  0.  0.
   0.  0.  0.  0.  0.  0.  0.  0.  0.  0.  0.  0.  0.  0.  0.  0.  0.  0.
   0.  0.  0.  0.]
 [46. 49. 50. 50.  0.  0.  0.  0.  0.  0.  0.  0.  0.  0.  0.  0.  0.  0.
   0.  0.  0.  0.  0.  0.  0.  0.  0.  0.  0.  0.  0.  0.  0.  0.  0.  0.
   0.  0.  0.  0.]
 [17. 26. 29. 35.  0.  0.  0.  0.  0.  0.  0.  0.  0.  0.  0.  0.  0.  0.
   0.  0.  0.  0.  0.  0.  0.  0.  0.  0.  0.  0.  0.  0.  0.  0.  0.  0.
   0.  0.  0.  0.]
 [19. 36. 41. 42.  0.  0.  0.  0.  0.  0.  0.  0.  0.  0.  0.  0.  0.  0.
   0.  0.  0.  0.  0.  0.  0.  0.  0.  0.  0.  0.  0.  0.  0.  0.  0.  0.
   0.  0.  0.  0.]]
##############################
[[10. 18. 24. 27. 29.  0.  0.  0.  0.  0.  0.  0.  0.  0.  0.  0.  0.  0.
   0.  0.  0.  0.  0.  0.  0.  0.  0.  0.  0.  0.  0.  0.  0.  0.  0.  0.
   0.  0.  0.  0.]
 [46. 49. 50. 50. 50.  0.  0.  0.  0.  0.  0.  0.  0.  0.  0.  0.  0.  0.
   0.  0.  0.  0.  0.  0.  0.  0.  0.  0.  0.  0.  0.  0.  0.  0.  0.  0.
   0.  0.  0.  0.]
 [17. 26. 29. 35. 37.  0.  0.  0.  0.  0.  0.  0.  0.  0.  0.  0.  0.  0.
   0.  0.  0.  0.  0.  0.  0.  0.  0.  0.  0.  0.  0.  0.  0.  0.  0.  0.
   0.  0.  0.  0.]
 [19. 36. 41. 42. 43.  0.  0.  0.  0.  0.  0.  0.  0.  0.  0.  0.  0.  0.
   0.  0.  0.  0.  0.  0.  0.  0.  0.  0.  0.  0.  0.  0.  0.  0.  0.  0.
   0.  0.  0.  0.]]
##############################
[[10. 18. 24. 27. 29. 31.  0.  0.  0.  0.  0.  0.  0.  0.  0.  0.  0.  0.
   0.  0.  0.  0.  0.  0.  0.  0.  0.  0.  0.  0.  0.  0.  0.  0.  0.  0.
   0.  0.  0.  0.]
 [46. 49. 50. 50. 50. 50.  0.  0.  0.  0.  0.  0.  0.  0.  0.  0.  0.  0.
   0.  0.  0.  0.  0.  0.  0.  0.  0.  0.  0.  0.  0.  0.  0.  0.  0.  0.
   0.  0.  0.  0.]
 [17. 26. 29. 35. 37. 37.  0.  0.  0.  0.  0.  0.  0.  0.  0.  0.  0.  0.
   0.  0.  0.  0.  0.  0.  0.  0.  0.  0.  0.  0.  0.  0.  0.  0.  0.  0.
   0.  0.  0.  0.]
 [19. 36. 41. 42. 43. 42.  0.  0.  0.  0.  0.  0.  0.  0.  0.  0.  0.  0.
   0.  0.  0.  0.  0.  0.  0.  0.  0.  0.  0.  0.  0.  0.  0.  0.  0.  0.
   0.  0.  0.  0.]]
##############################
[[10. 18. 24. 27. 29. 31. 28.  0.  0.  0.  0.  0.  0.  0.  0.  0.  0.  0.
   0.  0.  0.  0.  0.  0.  0.  0.  0.  0.  0.  0.  0.  0.  0.  0.  0.  0.
   0.  0.  0.  0.]
 [46. 49. 50. 50. 50. 50. 50.  0.  0.  0.  0.  0.  0.  0.  0.  0.  0.  0.
   0.  0.  0.  0.  0.  0.  0.  0.  0.  0.  0.  0.  0.  0.  0.  0.  0.  0.
   0.  0.  0.  0.]
 [17. 26. 29. 35. 37. 37. 40.  0.  0.  0.  0.  0.  0.  0.  0.  0.  0.  0.
   0.  0.  0.  0.  0.  0.  0.  0.  0.  0.  0.  0.  0.  0.  0.  0.  0.  0.
   0.  0.  0.  0.]
 [19. 36. 41. 42. 43. 42. 43.  0.  0.  0.  0.  0.  0.  0.  0.  0.  0.  0.
   0.  0.  0.  0.  0.  0.  0.  0.  0.  0.  0.  0.  0.  0.  0.  0.  0.  0.
   0.  0.  0.  0.]]
##############################
[[10. 18. 24. 27. 29. 31. 28. 32.  0.  0.  0.  0.  0.  0.  0.  0.  0.  0.
   0.  0.  0.  0.  0.  0.  0.  0.  0.  0.  0.  0.  0.  0.  0.  0.  0.  0.
   0.  0.  0.  0.]
 [46. 49. 50. 50. 50. 50. 50. 50.  0.  0.  0.  0.  0.  0.  0.  0.  0.  0.
   0.  0.  0.  0.  0.  0.  0.  0.  0.  0.  0.  0.  0.  0.  0.  0.  0.  0.
   0.  0.  0.  0.]
 [17. 26. 29. 35. 37. 37. 40. 42.  0.  0.  0.  0.  0.  0.  0.  0.  0.  0.
   0.  0.  0.  0.  0.  0.  0.  0.  0.  0.  0.  0.  0.  0.  0.  0.  0.  0.
   0.  0.  0.  0.]
 [19. 36. 41. 42. 43. 42. 43. 44.  0.  0.  0.  0.  0.  0.  0.  0.  0.  0.
   0.  0.  0.  0.  0.  0.  0.  0.  0.  0.  0.  0.  0.  0.  0.  0.  0.  0.
   0.  0.  0.  0.]]
##############################
[[10. 18. 24. 27. 29. 31. 28. 32. 32.  0.  0.  0.  0.  0.  0.  0.  0.  0.
   0.  0.  0.  0.  0.  0.  0.  0.  0.  0.  0.  0.  0.  0.  0.  0.  0.  0.
   0.  0.  0.  0.]
 [46. 49. 50. 50. 50. 50. 50. 50. 50.  0.  0.  0.  0.  0.  0.  0.  0.  0.
   0.  0.  0.  0.  0.  0.  0.  0.  0.  0.  0.  0.  0.  0.  0.  0.  0.  0.
   0.  0.  0.  0.]
 [17. 26. 29. 35. 37. 37. 40. 42. 41.  0.  0.  0.  0.  0.  0.  0.  0.  0.
   0.  0.  0.  0.  0.  0.  0.  0.  0.  0.  0.  0.  0.  0.  0.  0.  0.  0.
   0.  0.  0.  0.]
 [19. 36. 41. 42. 43. 42. 43. 44. 45.  0.  0.  0.  0.  0.  0.  0.  0.  0.
   0.  0.  0.  0.  0.  0.  0.  0.  0.  0.  0.  0.  0.  0.  0.  0.  0.  0.
   0.  0.  0.  0.]]
##############################
[[10. 18. 24. 27. 29. 31. 28. 32. 32. 32.  0.  0.  0.  0.  0.  0.  0.  0.
   0.  0.  0.  0.  0.  0.  0.  0.  0.  0.  0.  0.  0.  0.  0.  0.  0.  0.
   0.  0.  0.  0.]
 [46. 49. 50. 50. 50. 50. 50. 50. 50. 50.  0.  0.  0.  0.  0.  0.  0.  0.
   0.  0.  0.  0.  0.  0.  0.  0.  0.  0.  0.  0.  0.  0.  0.  0.  0.  0.
   0.  0.  0.  0.]
 [17. 26. 29. 35. 37. 37. 40. 42. 41. 42.  0.  0.  0.  0.  0.  0.  0.  0.
   0.  0.  0.  0.  0.  0.  0.  0.  0.  0.  0.  0.  0.  0.  0.  0.  0.  0.
   0.  0.  0.  0.]
 [19. 36. 41. 42. 43. 42. 43. 44. 45. 46.  0.  0.  0.  0.  0.  0.  0.  0.
   0.  0.  0.  0.  0.  0.  0.  0.  0.  0.  0.  0.  0.  0.  0.  0.  0.  0.
   0.  0.  0.  0.]]
##############################
[[10. 18. 24. 27. 29. 31. 28. 32. 32. 32. 32.  0.  0.  0.  0.  0.  0.  0.
   0.  0.  0.  0.  0.  0.  0.  0.  0.  0.  0.  0.  0.  0.  0.  0.  0.  0.
   0.  0.  0.  0.]
 [46. 49. 50. 50. 50. 50. 50. 50. 50. 50. 50.  0.  0.  0.  0.  0.  0.  0.
   0.  0.  0.  0.  0.  0.  0.  0.  0.  0.  0.  0.  0.  0.  0.  0.  0.  0.
   0.  0.  0.  0.]
 [17. 26. 29. 35. 37. 37. 40. 42. 41. 42. 43.  0.  0.  0.  0.  0.  0.  0.
   0.  0.  0.  0.  0.  0.  0.  0.  0.  0.  0.  0.  0.  0.  0.  0.  0.  0.
   0.  0.  0.  0.]
 [19. 36. 41. 42. 43. 42. 43. 44. 45. 46. 47.  0.  0.  0.  0.  0.  0.  0.
   0.  0.  0.  0.  0.  0.  0.  0.  0.  0.  0.  0.  0.  0.  0.  0.  0.  0.
   0.  0.  0.  0.]]
##############################
[[10. 18. 24. 27. 29. 31. 28. 32. 32. 32. 32. 32.  0.  0.  0.  0.  0.  0.
   0.  0.  0.  0.  0.  0.  0.  0.  0.  0.  0.  0.  0.  0.  0.  0.  0.  0.
   0.  0.  0.  0.]
 [46. 49. 50. 50. 50. 50. 50. 50. 50. 50. 50. 50.  0.  0.  0.  0.  0.  0.
   0.  0.  0.  0.  0.  0.  0.  0.  0.  0.  0.  0.  0.  0.  0.  0.  0.  0.
   0.  0.  0.  0.]
 [17. 26. 29. 35. 37. 37. 40. 42. 41. 42. 43. 45.  0.  0.  0.  0.  0.  0.
   0.  0.  0.  0.  0.  0.  0.  0.  0.  0.  0.  0.  0.  0.  0.  0.  0.  0.
   0.  0.  0.  0.]
 [19. 36. 41. 42. 43. 42. 43. 44. 45. 46. 47. 47.  0.  0.  0.  0.  0.  0.
   0.  0.  0.  0.  0.  0.  0.  0.  0.  0.  0.  0.  0.  0.  0.  0.  0.  0.
   0.  0.  0.  0.]]
##############################
[[10. 18. 24. 27. 29. 31. 28. 32. 32. 32. 32. 32. 36.  0.  0.  0.  0.  0.
   0.  0.  0.  0.  0.  0.  0.  0.  0.  0.  0.  0.  0.  0.  0.  0.  0.  0.
   0.  0.  0.  0.]
 [46. 49. 50. 50. 50. 50. 50. 50. 50. 50. 50. 50. 50.  0.  0.  0.  0.  0.
   0.  0.  0.  0.  0.  0.  0.  0.  0.  0.  0.  0.  0.  0.  0.  0.  0.  0.
   0.  0.  0.  0.]
 [17. 26. 29. 35. 37. 37. 40. 42. 41. 42. 43. 45. 44.  0.  0.  0.  0.  0.
   0.  0.  0.  0.  0.  0.  0.  0.  0.  0.  0.  0.  0.  0.  0.  0.  0.  0.
   0.  0.  0.  0.]
 [19. 36. 41. 42. 43. 42. 43. 44. 45. 46. 47. 47. 47.  0.  0.  0.  0.  0.
   0.  0.  0.  0.  0.  0.  0.  0.  0.  0.  0.  0.  0.  0.  0.  0.  0.  0.
   0.  0.  0.  0.]]
##############################
[[10. 18. 24. 27. 29. 31. 28. 32. 32. 32. 32. 32. 36. 34.  0.  0.  0.  0.
   0.  0.  0.  0.  0.  0.  0.  0.  0.  0.  0.  0.  0.  0.  0.  0.  0.  0.
   0.  0.  0.  0.]
 [46. 49. 50. 50. 50. 50. 50. 50. 50. 50. 50. 50. 50. 50.  0.  0.  0.  0.
   0.  0.  0.  0.  0.  0.  0.  0.  0.  0.  0.  0.  0.  0.  0.  0.  0.  0.
   0.  0.  0.  0.]
 [17. 26. 29. 35. 37. 37. 40. 42. 41. 42. 43. 45. 44. 46.  0.  0.  0.  0.
   0.  0.  0.  0.  0.  0.  0.  0.  0.  0.  0.  0.  0.  0.  0.  0.  0.  0.
   0.  0.  0.  0.]
 [19. 36. 41. 42. 43. 42. 43. 44. 45. 46. 47. 47. 47. 46.  0.  0.  0.  0.
   0.  0.  0.  0.  0.  0.  0.  0.  0.  0.  0.  0.  0.  0.  0.  0.  0.  0.
   0.  0.  0.  0.]]
##############################
[[10. 18. 24. 27. 29. 31. 28. 32. 32. 32. 32. 32. 36. 34. 32.  0.  0.  0.
   0.  0.  0.  0.  0.  0.  0.  0.  0.  0.  0.  0.  0.  0.  0.  0.  0.  0.
   0.  0.  0.  0.]
 [46. 49. 50. 50. 50. 50. 50. 50. 50. 50. 50. 50. 50. 50. 50.  0.  0.  0.
   0.  0.  0.  0.  0.  0.  0.  0.  0.  0.  0.  0.  0.  0.  0.  0.  0.  0.
   0.  0.  0.  0.]
 [17. 26. 29. 35. 37. 37. 40. 42. 41. 42. 43. 45. 44. 46. 45.  0.  0.  0.
   0.  0.  0.  0.  0.  0.  0.  0.  0.  0.  0.  0.  0.  0.  0.  0.  0.  0.
   0.  0.  0.  0.]
 [19. 36. 41. 42. 43. 42. 43. 44. 45. 46. 47. 47. 47. 46. 47.  0.  0.  0.
   0.  0.  0.  0.  0.  0.  0.  0.  0.  0.  0.  0.  0.  0.  0.  0.  0.  0.
   0.  0.  0.  0.]]
##############################
[[10. 18. 24. 27. 29. 31. 28. 32. 32. 32. 32. 32. 36. 34. 32. 34.  0.  0.
   0.  0.  0.  0.  0.  0.  0.  0.  0.  0.  0.  0.  0.  0.  0.  0.  0.  0.
   0.  0.  0.  0.]
 [46. 49. 50. 50. 50. 50. 50. 50. 50. 50. 50. 50. 50. 50. 50. 50.  0.  0.
   0.  0.  0.  0.  0.  0.  0.  0.  0.  0.  0.  0.  0.  0.  0.  0.  0.  0.
   0.  0.  0.  0.]
 [17. 26. 29. 35. 37. 37. 40. 42. 41. 42. 43. 45. 44. 46. 45. 45.  0.  0.
   0.  0.  0.  0.  0.  0.  0.  0.  0.  0.  0.  0.  0.  0.  0.  0.  0.  0.
   0.  0.  0.  0.]
 [19. 36. 41. 42. 43. 42. 43. 44. 45. 46. 47. 47. 47. 46. 47. 47.  0.  0.
   0.  0.  0.  0.  0.  0.  0.  0.  0.  0.  0.  0.  0.  0.  0.  0.  0.  0.
   0.  0.  0.  0.]]
##############################
[[10. 18. 24. 27. 29. 31. 28. 32. 32. 32. 32. 32. 36. 34. 32. 34. 33.  0.
   0.  0.  0.  0.  0.  0.  0.  0.  0.  0.  0.  0.  0.  0.  0.  0.  0.  0.
   0.  0.  0.  0.]
 [46. 49. 50. 50. 50. 50. 50. 50. 50. 50. 50. 50. 50. 50. 50. 50. 50.  0.
   0.  0.  0.  0.  0.  0.  0.  0.  0.  0.  0.  0.  0.  0.  0.  0.  0.  0.
   0.  0.  0.  0.]
 [17. 26. 29. 35. 37. 37. 40. 42. 41. 42. 43. 45. 44. 46. 45. 45. 45.  0.
   0.  0.  0.  0.  0.  0.  0.  0.  0.  0.  0.  0.  0.  0.  0.  0.  0.  0.
   0.  0.  0.  0.]
 [19. 36. 41. 42. 43. 42. 43. 44. 45. 46. 47. 47. 47. 46. 47. 47. 47.  0.
   0.  0.  0.  0.  0.  0.  0.  0.  0.  0.  0.  0.  0.  0.  0.  0.  0.  0.
   0.  0.  0.  0.]]
##############################
[[10. 18. 24. 27. 29. 31. 28. 32. 32. 32. 32. 32. 36. 34. 32. 34. 33. 30.
   0.  0.  0.  0.  0.  0.  0.  0.  0.  0.  0.  0.  0.  0.  0.  0.  0.  0.
   0.  0.  0.  0.]
 [46. 49. 50. 50. 50. 50. 50. 50. 50. 50. 50. 50. 50. 50. 50. 50. 50. 50.
   0.  0.  0.  0.  0.  0.  0.  0.  0.  0.  0.  0.  0.  0.  0.  0.  0.  0.
   0.  0.  0.  0.]
 [17. 26. 29. 35. 37. 37. 40. 42. 41. 42. 43. 45. 44. 46. 45. 45. 45. 46.
   0.  0.  0.  0.  0.  0.  0.  0.  0.  0.  0.  0.  0.  0.  0.  0.  0.  0.
   0.  0.  0.  0.]
 [19. 36. 41. 42. 43. 42. 43. 44. 45. 46. 47. 47. 47. 46. 47. 47. 47. 47.
   0.  0.  0.  0.  0.  0.  0.  0.  0.  0.  0.  0.  0.  0.  0.  0.  0.  0.
   0.  0.  0.  0.]]
##############################
[[10. 18. 24. 27. 29. 31. 28. 32. 32. 32. 32. 32. 36. 34. 32. 34. 33. 30.
  29.  0.  0.  0.  0.  0.  0.  0.  0.  0.  0.  0.  0.  0.  0.  0.  0.  0.
   0.  0.  0.  0.]
 [46. 49. 50. 50. 50. 50. 50. 50. 50. 50. 50. 50. 50. 50. 50. 50. 50. 50.
  50.  0.  0.  0.  0.  0.  0.  0.  0.  0.  0.  0.  0.  0.  0.  0.  0.  0.
   0.  0.  0.  0.]
 [17. 26. 29. 35. 37. 37. 40. 42. 41. 42. 43. 45. 44. 46. 45. 45. 45. 46.
  45.  0.  0.  0.  0.  0.  0.  0.  0.  0.  0.  0.  0.  0.  0.  0.  0.  0.
   0.  0.  0.  0.]
 [19. 36. 41. 42. 43. 42. 43. 44. 45. 46. 47. 47. 47. 46. 47. 47. 47. 47.
  47.  0.  0.  0.  0.  0.  0.  0.  0.  0.  0.  0.  0.  0.  0.  0.  0.  0.
   0.  0.  0.  0.]]
##############################
[[10. 18. 24. 27. 29. 31. 28. 32. 32. 32. 32. 32. 36. 34. 32. 34. 33. 30.
  29. 32.  0.  0.  0.  0.  0.  0.  0.  0.  0.  0.  0.  0.  0.  0.  0.  0.
   0.  0.  0.  0.]
 [46. 49. 50. 50. 50. 50. 50. 50. 50. 50. 50. 50. 50. 50. 50. 50. 50. 50.
  50. 50.  0.  0.  0.  0.  0.  0.  0.  0.  0.  0.  0.  0.  0.  0.  0.  0.
   0.  0.  0.  0.]
 [17. 26. 29. 35. 37. 37. 40. 42. 41. 42. 43. 45. 44. 46. 45. 45. 45. 46.
  45. 46.  0.  0.  0.  0.  0.  0.  0.  0.  0.  0.  0.  0.  0.  0.  0.  0.
   0.  0.  0.  0.]
 [19. 36. 41. 42. 43. 42. 43. 44. 45. 46. 47. 47. 47. 46. 47. 47. 47. 47.
  47. 45.  0.  0.  0.  0.  0.  0.  0.  0.  0.  0.  0.  0.  0.  0.  0.  0.
   0.  0.  0.  0.]]
##############################
[[10. 18. 24. 27. 29. 31. 28. 32. 32. 32. 32. 32. 36. 34. 32. 34. 33. 30.
  29. 32. 32.  0.  0.  0.  0.  0.  0.  0.  0.  0.  0.  0.  0.  0.  0.  0.
   0.  0.  0.  0.]
 [46. 49. 50. 50. 50. 50. 50. 50. 50. 50. 50. 50. 50. 50. 50. 50. 50. 50.
  50. 50. 50.  0.  0.  0.  0.  0.  0.  0.  0.  0.  0.  0.  0.  0.  0.  0.
   0.  0.  0.  0.]
 [17. 26. 29. 35. 37. 37. 40. 42. 41. 42. 43. 45. 44. 46. 45. 45. 45. 46.
  45. 46. 45.  0.  0.  0.  0.  0.  0.  0.  0.  0.  0.  0.  0.  0.  0.  0.
   0.  0.  0.  0.]
 [19. 36. 41. 42. 43. 42. 43. 44. 45. 46. 47. 47. 47. 46. 47. 47. 47. 47.
  47. 45. 48.  0.  0.  0.  0.  0.  0.  0.  0.  0.  0.  0.  0.  0.  0.  0.
   0.  0.  0.  0.]]
##############################
[[10. 18. 24. 27. 29. 31. 28. 32. 32. 32. 32. 32. 36. 34. 32. 34. 33. 30.
  29. 32. 32. 33.  0.  0.  0.  0.  0.  0.  0.  0.  0.  0.  0.  0.  0.  0.
   0.  0.  0.  0.]
 [46. 49. 50. 50. 50. 50. 50. 50. 50. 50. 50. 50. 50. 50. 50. 50. 50. 50.
  50. 50. 50. 50.  0.  0.  0.  0.  0.  0.  0.  0.  0.  0.  0.  0.  0.  0.
   0.  0.  0.  0.]
 [17. 26. 29. 35. 37. 37. 40. 42. 41. 42. 43. 45. 44. 46. 45. 45. 45. 46.
  45. 46. 45. 45.  0.  0.  0.  0.  0.  0.  0.  0.  0.  0.  0.  0.  0.  0.
   0.  0.  0.  0.]
 [19. 36. 41. 42. 43. 42. 43. 44. 45. 46. 47. 47. 47. 46. 47. 47. 47. 47.
  47. 45. 48. 46.  0.  0.  0.  0.  0.  0.  0.  0.  0.  0.  0.  0.  0.  0.
   0.  0.  0.  0.]]
##############################
[[10. 18. 24. 27. 29. 31. 28. 32. 32. 32. 32. 32. 36. 34. 32. 34. 33. 30.
  29. 32. 32. 33. 32.  0.  0.  0.  0.  0.  0.  0.  0.  0.  0.  0.  0.  0.
   0.  0.  0.  0.]
 [46. 49. 50. 50. 50. 50. 50. 50. 50. 50. 50. 50. 50. 50. 50. 50. 50. 50.
  50. 50. 50. 50. 50.  0.  0.  0.  0.  0.  0.  0.  0.  0.  0.  0.  0.  0.
   0.  0.  0.  0.]
 [17. 26. 29. 35. 37. 37. 40. 42. 41. 42. 43. 45. 44. 46. 45. 45. 45. 46.
  45. 46. 45. 45. 47.  0.  0.  0.  0.  0.  0.  0.  0.  0.  0.  0.  0.  0.
   0.  0.  0.  0.]
 [19. 36. 41. 42. 43. 42. 43. 44. 45. 46. 47. 47. 47. 46. 47. 47. 47. 47.
  47. 45. 48. 46. 45.  0.  0.  0.  0.  0.  0.  0.  0.  0.  0.  0.  0.  0.
   0.  0.  0.  0.]]
##############################
[[10. 18. 24. 27. 29. 31. 28. 32. 32. 32. 32. 32. 36. 34. 32. 34. 33. 30.
  29. 32. 32. 33. 32. 31.  0.  0.  0.  0.  0.  0.  0.  0.  0.  0.  0.  0.
   0.  0.  0.  0.]
 [46. 49. 50. 50. 50. 50. 50. 50. 50. 50. 50. 50. 50. 50. 50. 50. 50. 50.
  50. 50. 50. 50. 50. 50.  0.  0.  0.  0.  0.  0.  0.  0.  0.  0.  0.  0.
   0.  0.  0.  0.]
 [17. 26. 29. 35. 37. 37. 40. 42. 41. 42. 43. 45. 44. 46. 45. 45. 45. 46.
  45. 46. 45. 45. 47. 46.  0.  0.  0.  0.  0.  0.  0.  0.  0.  0.  0.  0.
   0.  0.  0.  0.]
 [19. 36. 41. 42. 43. 42. 43. 44. 45. 46. 47. 47. 47. 46. 47. 47. 47. 47.
  47. 45. 48. 46. 45. 46.  0.  0.  0.  0.  0.  0.  0.  0.  0.  0.  0.  0.
   0.  0.  0.  0.]]
##############################
[[10. 18. 24. 27. 29. 31. 28. 32. 32. 32. 32. 32. 36. 34. 32. 34. 33. 30.
  29. 32. 32. 33. 32. 31. 32.  0.  0.  0.  0.  0.  0.  0.  0.  0.  0.  0.
   0.  0.  0.  0.]
 [46. 49. 50. 50. 50. 50. 50. 50. 50. 50. 50. 50. 50. 50. 50. 50. 50. 50.
  50. 50. 50. 50. 50. 50. 50.  0.  0.  0.  0.  0.  0.  0.  0.  0.  0.  0.
   0.  0.  0.  0.]
 [17. 26. 29. 35. 37. 37. 40. 42. 41. 42. 43. 45. 44. 46. 45. 45. 45. 46.
  45. 46. 45. 45. 47. 46. 46.  0.  0.  0.  0.  0.  0.  0.  0.  0.  0.  0.
   0.  0.  0.  0.]
 [19. 36. 41. 42. 43. 42. 43. 44. 45. 46. 47. 47. 47. 46. 47. 47. 47. 47.
  47. 45. 48. 46. 45. 46. 46.  0.  0.  0.  0.  0.  0.  0.  0.  0.  0.  0.
   0.  0.  0.  0.]]
##############################
[[10. 18. 24. 27. 29. 31. 28. 32. 32. 32. 32. 32. 36. 34. 32. 34. 33. 30.
  29. 32. 32. 33. 32. 31. 32. 32.  0.  0.  0.  0.  0.  0.  0.  0.  0.  0.
   0.  0.  0.  0.]
 [46. 49. 50. 50. 50. 50. 50. 50. 50. 50. 50. 50. 50. 50. 50. 50. 50. 50.
  50. 50. 50. 50. 50. 50. 50. 50.  0.  0.  0.  0.  0.  0.  0.  0.  0.  0.
   0.  0.  0.  0.]
 [17. 26. 29. 35. 37. 37. 40. 42. 41. 42. 43. 45. 44. 46. 45. 45. 45. 46.
  45. 46. 45. 45. 47. 46. 46. 45.  0.  0.  0.  0.  0.  0.  0.  0.  0.  0.
   0.  0.  0.  0.]
 [19. 36. 41. 42. 43. 42. 43. 44. 45. 46. 47. 47. 47. 46. 47. 47. 47. 47.
  47. 45. 48. 46. 45. 46. 46. 47.  0.  0.  0.  0.  0.  0.  0.  0.  0.  0.
   0.  0.  0.  0.]]
##############################
[[10. 18. 24. 27. 29. 31. 28. 32. 32. 32. 32. 32. 36. 34. 32. 34. 33. 30.
  29. 32. 32. 33. 32. 31. 32. 32. 34.  0.  0.  0.  0.  0.  0.  0.  0.  0.
   0.  0.  0.  0.]
 [46. 49. 50. 50. 50. 50. 50. 50. 50. 50. 50. 50. 50. 50. 50. 50. 50. 50.
  50. 50. 50. 50. 50. 50. 50. 50. 50.  0.  0.  0.  0.  0.  0.  0.  0.  0.
   0.  0.  0.  0.]
 [17. 26. 29. 35. 37. 37. 40. 42. 41. 42. 43. 45. 44. 46. 45. 45. 45. 46.
  45. 46. 45. 45. 47. 46. 46. 45. 47.  0.  0.  0.  0.  0.  0.  0.  0.  0.
   0.  0.  0.  0.]
 [19. 36. 41. 42. 43. 42. 43. 44. 45. 46. 47. 47. 47. 46. 47. 47. 47. 47.
  47. 45. 48. 46. 45. 46. 46. 47. 46.  0.  0.  0.  0.  0.  0.  0.  0.  0.
   0.  0.  0.  0.]]
##############################
[[10. 18. 24. 27. 29. 31. 28. 32. 32. 32. 32. 32. 36. 34. 32. 34. 33. 30.
  29. 32. 32. 33. 32. 31. 32. 32. 34. 35.  0.  0.  0.  0.  0.  0.  0.  0.
   0.  0.  0.  0.]
 [46. 49. 50. 50. 50. 50. 50. 50. 50. 50. 50. 50. 50. 50. 50. 50. 50. 50.
  50. 50. 50. 50. 50. 50. 50. 50. 50. 50.  0.  0.  0.  0.  0.  0.  0.  0.
   0.  0.  0.  0.]
 [17. 26. 29. 35. 37. 37. 40. 42. 41. 42. 43. 45. 44. 46. 45. 45. 45. 46.
  45. 46. 45. 45. 47. 46. 46. 45. 47. 48.  0.  0.  0.  0.  0.  0.  0.  0.
   0.  0.  0.  0.]
 [19. 36. 41. 42. 43. 42. 43. 44. 45. 46. 47. 47. 47. 46. 47. 47. 47. 47.
  47. 45. 48. 46. 45. 46. 46. 47. 46. 47.  0.  0.  0.  0.  0.  0.  0.  0.
   0.  0.  0.  0.]]
##############################
[[10. 18. 24. 27. 29. 31. 28. 32. 32. 32. 32. 32. 36. 34. 32. 34. 33. 30.
  29. 32. 32. 33. 32. 31. 32. 32. 34. 35. 33.  0.  0.  0.  0.  0.  0.  0.
   0.  0.  0.  0.]
 [46. 49. 50. 50. 50. 50. 50. 50. 50. 50. 50. 50. 50. 50. 50. 50. 50. 50.
  50. 50. 50. 50. 50. 50. 50. 50. 50. 50. 50.  0.  0.  0.  0.  0.  0.  0.
   0.  0.  0.  0.]
 [17. 26. 29. 35. 37. 37. 40. 42. 41. 42. 43. 45. 44. 46. 45. 45. 45. 46.
  45. 46. 45. 45. 47. 46. 46. 45. 47. 48. 48.  0.  0.  0.  0.  0.  0.  0.
   0.  0.  0.  0.]
 [19. 36. 41. 42. 43. 42. 43. 44. 45. 46. 47. 47. 47. 46. 47. 47. 47. 47.
  47. 45. 48. 46. 45. 46. 46. 47. 46. 47. 45.  0.  0.  0.  0.  0.  0.  0.
   0.  0.  0.  0.]]
##############################
[[10. 18. 24. 27. 29. 31. 28. 32. 32. 32. 32. 32. 36. 34. 32. 34. 33. 30.
  29. 32. 32. 33. 32. 31. 32. 32. 34. 35. 33. 32.  0.  0.  0.  0.  0.  0.
   0.  0.  0.  0.]
 [46. 49. 50. 50. 50. 50. 50. 50. 50. 50. 50. 50. 50. 50. 50. 50. 50. 50.
  50. 50. 50. 50. 50. 50. 50. 50. 50. 50. 50. 50.  0.  0.  0.  0.  0.  0.
   0.  0.  0.  0.]
 [17. 26. 29. 35. 37. 37. 40. 42. 41. 42. 43. 45. 44. 46. 45. 45. 45. 46.
  45. 46. 45. 45. 47. 46. 46. 45. 47. 48. 48. 47.  0.  0.  0.  0.  0.  0.
   0.  0.  0.  0.]
 [19. 36. 41. 42. 43. 42. 43. 44. 45. 46. 47. 47. 47. 46. 47. 47. 47. 47.
  47. 45. 48. 46. 45. 46. 46. 47. 46. 47. 45. 49.  0.  0.  0.  0.  0.  0.
   0.  0.  0.  0.]]
##############################
[[10. 18. 24. 27. 29. 31. 28. 32. 32. 32. 32. 32. 36. 34. 32. 34. 33. 30.
  29. 32. 32. 33. 32. 31. 32. 32. 34. 35. 33. 32. 30.  0.  0.  0.  0.  0.
   0.  0.  0.  0.]
 [46. 49. 50. 50. 50. 50. 50. 50. 50. 50. 50. 50. 50. 50. 50. 50. 50. 50.
  50. 50. 50. 50. 50. 50. 50. 50. 50. 50. 50. 50. 50.  0.  0.  0.  0.  0.
   0.  0.  0.  0.]
 [17. 26. 29. 35. 37. 37. 40. 42. 41. 42. 43. 45. 44. 46. 45. 45. 45. 46.
  45. 46. 45. 45. 47. 46. 46. 45. 47. 48. 48. 47. 48.  0.  0.  0.  0.  0.
   0.  0.  0.  0.]
 [19. 36. 41. 42. 43. 42. 43. 44. 45. 46. 47. 47. 47. 46. 47. 47. 47. 47.
  47. 45. 48. 46. 45. 46. 46. 47. 46. 47. 45. 49. 47.  0.  0.  0.  0.  0.
   0.  0.  0.  0.]]
##############################
[[10. 18. 24. 27. 29. 31. 28. 32. 32. 32. 32. 32. 36. 34. 32. 34. 33. 30.
  29. 32. 32. 33. 32. 31. 32. 32. 34. 35. 33. 32. 30. 34.  0.  0.  0.  0.
   0.  0.  0.  0.]
 [46. 49. 50. 50. 50. 50. 50. 50. 50. 50. 50. 50. 50. 50. 50. 50. 50. 50.
  50. 50. 50. 50. 50. 50. 50. 50. 50. 50. 50. 50. 50. 50.  0.  0.  0.  0.
   0.  0.  0.  0.]
 [17. 26. 29. 35. 37. 37. 40. 42. 41. 42. 43. 45. 44. 46. 45. 45. 45. 46.
  45. 46. 45. 45. 47. 46. 46. 45. 47. 48. 48. 47. 48. 47.  0.  0.  0.  0.
   0.  0.  0.  0.]
 [19. 36. 41. 42. 43. 42. 43. 44. 45. 46. 47. 47. 47. 46. 47. 47. 47. 47.
  47. 45. 48. 46. 45. 46. 46. 47. 46. 47. 45. 49. 47. 45.  0.  0.  0.  0.
   0.  0.  0.  0.]]
##############################
[[10. 18. 24. 27. 29. 31. 28. 32. 32. 32. 32. 32. 36. 34. 32. 34. 33. 30.
  29. 32. 32. 33. 32. 31. 32. 32. 34. 35. 33. 32. 30. 34. 32.  0.  0.  0.
   0.  0.  0.  0.]
 [46. 49. 50. 50. 50. 50. 50. 50. 50. 50. 50. 50. 50. 50. 50. 50. 50. 50.
  50. 50. 50. 50. 50. 50. 50. 50. 50. 50. 50. 50. 50. 50. 50.  0.  0.  0.
   0.  0.  0.  0.]
 [17. 26. 29. 35. 37. 37. 40. 42. 41. 42. 43. 45. 44. 46. 45. 45. 45. 46.
  45. 46. 45. 45. 47. 46. 46. 45. 47. 48. 48. 47. 48. 47. 46.  0.  0.  0.
   0.  0.  0.  0.]
 [19. 36. 41. 42. 43. 42. 43. 44. 45. 46. 47. 47. 47. 46. 47. 47. 47. 47.
  47. 45. 48. 46. 45. 46. 46. 47. 46. 47. 45. 49. 47. 45. 46.  0.  0.  0.
   0.  0.  0.  0.]]
##############################
[[10. 18. 24. 27. 29. 31. 28. 32. 32. 32. 32. 32. 36. 34. 32. 34. 33. 30.
  29. 32. 32. 33. 32. 31. 32. 32. 34. 35. 33. 32. 30. 34. 32. 30.  0.  0.
   0.  0.  0.  0.]
 [46. 49. 50. 50. 50. 50. 50. 50. 50. 50. 50. 50. 50. 50. 50. 50. 50. 50.
  50. 50. 50. 50. 50. 50. 50. 50. 50. 50. 50. 50. 50. 50. 50. 50.  0.  0.
   0.  0.  0.  0.]
 [17. 26. 29. 35. 37. 37. 40. 42. 41. 42. 43. 45. 44. 46. 45. 45. 45. 46.
  45. 46. 45. 45. 47. 46. 46. 45. 47. 48. 48. 47. 48. 47. 46. 46.  0.  0.
   0.  0.  0.  0.]
 [19. 36. 41. 42. 43. 42. 43. 44. 45. 46. 47. 47. 47. 46. 47. 47. 47. 47.
  47. 45. 48. 46. 45. 46. 46. 47. 46. 47. 45. 49. 47. 45. 46. 45.  0.  0.
   0.  0.  0.  0.]]
##############################
[[10. 18. 24. 27. 29. 31. 28. 32. 32. 32. 32. 32. 36. 34. 32. 34. 33. 30.
  29. 32. 32. 33. 32. 31. 32. 32. 34. 35. 33. 32. 30. 34. 32. 30. 31.  0.
   0.  0.  0.  0.]
 [46. 49. 50. 50. 50. 50. 50. 50. 50. 50. 50. 50. 50. 50. 50. 50. 50. 50.
  50. 50. 50. 50. 50. 50. 50. 50. 50. 50. 50. 50. 50. 50. 50. 50. 50.  0.
   0.  0.  0.  0.]
 [17. 26. 29. 35. 37. 37. 40. 42. 41. 42. 43. 45. 44. 46. 45. 45. 45. 46.
  45. 46. 45. 45. 47. 46. 46. 45. 47. 48. 48. 47. 48. 47. 46. 46. 47.  0.
   0.  0.  0.  0.]
 [19. 36. 41. 42. 43. 42. 43. 44. 45. 46. 47. 47. 47. 46. 47. 47. 47. 47.
  47. 45. 48. 46. 45. 46. 46. 47. 46. 47. 45. 49. 47. 45. 46. 45. 47.  0.
   0.  0.  0.  0.]]
##############################
[[10. 18. 24. 27. 29. 31. 28. 32. 32. 32. 32. 32. 36. 34. 32. 34. 33. 30.
  29. 32. 32. 33. 32. 31. 32. 32. 34. 35. 33. 32. 30. 34. 32. 30. 31. 32.
   0.  0.  0.  0.]
 [46. 49. 50. 50. 50. 50. 50. 50. 50. 50. 50. 50. 50. 50. 50. 50. 50. 50.
  50. 50. 50. 50. 50. 50. 50. 50. 50. 50. 50. 50. 50. 50. 50. 50. 50. 50.
   0.  0.  0.  0.]
 [17. 26. 29. 35. 37. 37. 40. 42. 41. 42. 43. 45. 44. 46. 45. 45. 45. 46.
  45. 46. 45. 45. 47. 46. 46. 45. 47. 48. 48. 47. 48. 47. 46. 46. 47. 47.
   0.  0.  0.  0.]
 [19. 36. 41. 42. 43. 42. 43. 44. 45. 46. 47. 47. 47. 46. 47. 47. 47. 47.
  47. 45. 48. 46. 45. 46. 46. 47. 46. 47. 45. 49. 47. 45. 46. 45. 47. 47.
   0.  0.  0.  0.]]
##############################
[[10. 18. 24. 27. 29. 31. 28. 32. 32. 32. 32. 32. 36. 34. 32. 34. 33. 30.
  29. 32. 32. 33. 32. 31. 32. 32. 34. 35. 33. 32. 30. 34. 32. 30. 31. 32.
  32.  0.  0.  0.]
 [46. 49. 50. 50. 50. 50. 50. 50. 50. 50. 50. 50. 50. 50. 50. 50. 50. 50.
  50. 50. 50. 50. 50. 50. 50. 50. 50. 50. 50. 50. 50. 50. 50. 50. 50. 50.
  50.  0.  0.  0.]
 [17. 26. 29. 35. 37. 37. 40. 42. 41. 42. 43. 45. 44. 46. 45. 45. 45. 46.
  45. 46. 45. 45. 47. 46. 46. 45. 47. 48. 48. 47. 48. 47. 46. 46. 47. 47.
  45.  0.  0.  0.]
 [19. 36. 41. 42. 43. 42. 43. 44. 45. 46. 47. 47. 47. 46. 47. 47. 47. 47.
  47. 45. 48. 46. 45. 46. 46. 47. 46. 47. 45. 49. 47. 45. 46. 45. 47. 47.
  47.  0.  0.  0.]]
##############################
[[10. 18. 24. 27. 29. 31. 28. 32. 32. 32. 32. 32. 36. 34. 32. 34. 33. 30.
  29. 32. 32. 33. 32. 31. 32. 32. 34. 35. 33. 32. 30. 34. 32. 30. 31. 32.
  32. 31.  0.  0.]
 [46. 49. 50. 50. 50. 50. 50. 50. 50. 50. 50. 50. 50. 50. 50. 50. 50. 50.
  50. 50. 50. 50. 50. 50. 50. 50. 50. 50. 50. 50. 50. 50. 50. 50. 50. 50.
  50. 50.  0.  0.]
 [17. 26. 29. 35. 37. 37. 40. 42. 41. 42. 43. 45. 44. 46. 45. 45. 45. 46.
  45. 46. 45. 45. 47. 46. 46. 45. 47. 48. 48. 47. 48. 47. 46. 46. 47. 47.
  45. 48.  0.  0.]
 [19. 36. 41. 42. 43. 42. 43. 44. 45. 46. 47. 47. 47. 46. 47. 47. 47. 47.
  47. 45. 48. 46. 45. 46. 46. 47. 46. 47. 45. 49. 47. 45. 46. 45. 47. 47.
  47. 46.  0.  0.]]
##############################
[[10. 18. 24. 27. 29. 31. 28. 32. 32. 32. 32. 32. 36. 34. 32. 34. 33. 30.
  29. 32. 32. 33. 32. 31. 32. 32. 34. 35. 33. 32. 30. 34. 32. 30. 31. 32.
  32. 31. 33.  0.]
 [46. 49. 50. 50. 50. 50. 50. 50. 50. 50. 50. 50. 50. 50. 50. 50. 50. 50.
  50. 50. 50. 50. 50. 50. 50. 50. 50. 50. 50. 50. 50. 50. 50. 50. 50. 50.
  50. 50. 50.  0.]
 [17. 26. 29. 35. 37. 37. 40. 42. 41. 42. 43. 45. 44. 46. 45. 45. 45. 46.
  45. 46. 45. 45. 47. 46. 46. 45. 47. 48. 48. 47. 48. 47. 46. 46. 47. 47.
  45. 48. 47.  0.]
 [19. 36. 41. 42. 43. 42. 43. 44. 45. 46. 47. 47. 47. 46. 47. 47. 47. 47.
  47. 45. 48. 46. 45. 46. 46. 47. 46. 47. 45. 49. 47. 45. 46. 45. 47. 47.
  47. 46. 47.  0.]]
##############################
[[10. 18. 24. 27. 29. 31. 28. 32. 32. 32. 32. 32. 36. 34. 32. 34. 33. 30.
  29. 32. 32. 33. 32. 31. 32. 32. 34. 35. 33. 32. 30. 34. 32. 30. 31. 32.
  32. 31. 33. 33.]
 [46. 49. 50. 50. 50. 50. 50. 50. 50. 50. 50. 50. 50. 50. 50. 50. 50. 50.
  50. 50. 50. 50. 50. 50. 50. 50. 50. 50. 50. 50. 50. 50. 50. 50. 50. 50.
  50. 50. 50. 50.]
 [17. 26. 29. 35. 37. 37. 40. 42. 41. 42. 43. 45. 44. 46. 45. 45. 45. 46.
  45. 46. 45. 45. 47. 46. 46. 45. 47. 48. 48. 47. 48. 47. 46. 46. 47. 47.
  45. 48. 47. 48.]
 [19. 36. 41. 42. 43. 42. 43. 44. 45. 46. 47. 47. 47. 46. 47. 47. 47. 47.
  47. 45. 48. 46. 45. 46. 46. 47. 46. 47. 45. 49. 47. 45. 46. 45. 47. 47.
  47. 46. 47. 48.]]
##############################
##################################################
##################################################
starting :2 batch
[[13. 18. 24. 27. 29. 31. 28. 32. 32. 32. 32. 32. 36. 34. 32. 34. 33. 30.
  29. 32. 32. 33. 32. 31. 32. 32. 34. 35. 33. 32. 30. 34. 32. 30. 31. 32.
  32. 31. 33. 33.]
 [84. 49. 50. 50. 50. 50. 50. 50. 50. 50. 50. 50. 50. 50. 50. 50. 50. 50.
  50. 50. 50. 50. 50. 50. 50. 50. 50. 50. 50. 50. 50. 50. 50. 50. 50. 50.
  50. 50. 50. 50.]
 [24. 26. 29. 35. 37. 37. 40. 42. 41. 42. 43. 45. 44. 46. 45. 45. 45. 46.
  45. 46. 45. 45. 47. 46. 46. 45. 47. 48. 48. 47. 48. 47. 46. 46. 47. 47.
  45. 48. 47. 48.]
 [27. 36. 41. 42. 43. 42. 43. 44. 45. 46. 47. 47. 47. 46. 47. 47. 47. 47.
  47. 45. 48. 46. 45. 46. 46. 47. 46. 47. 45. 49. 47. 45. 46. 45. 47. 47.
  47. 46. 47. 48.]]
##############################
[[13. 23. 24. 27. 29. 31. 28. 32. 32. 32. 32. 32. 36. 34. 32. 34. 33. 30.
  29. 32. 32. 33. 32. 31. 32. 32. 34. 35. 33. 32. 30. 34. 32. 30. 31. 32.
  32. 31. 33. 33.]
 [84. 95. 50. 50. 50. 50. 50. 50. 50. 50. 50. 50. 50. 50. 50. 50. 50. 50.
  50. 50. 50. 50. 50. 50. 50. 50. 50. 50. 50. 50. 50. 50. 50. 50. 50. 50.
  50. 50. 50. 50.]
 [24. 49. 29. 35. 37. 37. 40. 42. 41. 42. 43. 45. 44. 46. 45. 45. 45. 46.
  45. 46. 45. 45. 47. 46. 46. 45. 47. 48. 48. 47. 48. 47. 46. 46. 47. 47.
  45. 48. 47. 48.]
 [27. 63. 41. 42. 43. 42. 43. 44. 45. 46. 47. 47. 47. 46. 47. 47. 47. 47.
  47. 45. 48. 46. 45. 46. 46. 47. 46. 47. 45. 49. 47. 45. 46. 45. 47. 47.
  47. 46. 47. 48.]]
##############################
[[13. 23. 31. 27. 29. 31. 28. 32. 32. 32. 32. 32. 36. 34. 32. 34. 33. 30.
  29. 32. 32. 33. 32. 31. 32. 32. 34. 35. 33. 32. 30. 34. 32. 30. 31. 32.
  32. 31. 33. 33.]
 [84. 95. 98. 50. 50. 50. 50. 50. 50. 50. 50. 50. 50. 50. 50. 50. 50. 50.
  50. 50. 50. 50. 50. 50. 50. 50. 50. 50. 50. 50. 50. 50. 50. 50. 50. 50.
  50. 50. 50. 50.]
 [24. 49. 55. 35. 37. 37. 40. 42. 41. 42. 43. 45. 44. 46. 45. 45. 45. 46.
  45. 46. 45. 45. 47. 46. 46. 45. 47. 48. 48. 47. 48. 47. 46. 46. 47. 47.
  45. 48. 47. 48.]
 [27. 63. 75. 42. 43. 42. 43. 44. 45. 46. 47. 47. 47. 46. 47. 47. 47. 47.
  47. 45. 48. 46. 45. 46. 46. 47. 46. 47. 45. 49. 47. 45. 46. 45. 47. 47.
  47. 46. 47. 48.]]
##############################
[[13. 23. 31. 40. 29. 31. 28. 32. 32. 32. 32. 32. 36. 34. 32. 34. 33. 30.
  29. 32. 32. 33. 32. 31. 32. 32. 34. 35. 33. 32. 30. 34. 32. 30. 31. 32.
  32. 31. 33. 33.]
 [84. 95. 98. 98. 50. 50. 50. 50. 50. 50. 50. 50. 50. 50. 50. 50. 50. 50.
  50. 50. 50. 50. 50. 50. 50. 50. 50. 50. 50. 50. 50. 50. 50. 50. 50. 50.
  50. 50. 50. 50.]
 [24. 49. 55. 71. 37. 37. 40. 42. 41. 42. 43. 45. 44. 46. 45. 45. 45. 46.
  45. 46. 45. 45. 47. 46. 46. 45. 47. 48. 48. 47. 48. 47. 46. 46. 47. 47.
  45. 48. 47. 48.]
 [27. 63. 75. 76. 43. 42. 43. 44. 45. 46. 47. 47. 47. 46. 47. 47. 47. 47.
  47. 45. 48. 46. 45. 46. 46. 47. 46. 47. 45. 49. 47. 45. 46. 45. 47. 47.
  47. 46. 47. 48.]]
##############################
[[13. 23. 31. 40. 42. 31. 28. 32. 32. 32. 32. 32. 36. 34. 32. 34. 33. 30.
  29. 32. 32. 33. 32. 31. 32. 32. 34. 35. 33. 32. 30. 34. 32. 30. 31. 32.
  32. 31. 33. 33.]
 [84. 95. 98. 98. 99. 50. 50. 50. 50. 50. 50. 50. 50. 50. 50. 50. 50. 50.
  50. 50. 50. 50. 50. 50. 50. 50. 50. 50. 50. 50. 50. 50. 50. 50. 50. 50.
  50. 50. 50. 50.]
 [24. 49. 55. 71. 75. 37. 40. 42. 41. 42. 43. 45. 44. 46. 45. 45. 45. 46.
  45. 46. 45. 45. 47. 46. 46. 45. 47. 48. 48. 47. 48. 47. 46. 46. 47. 47.
  45. 48. 47. 48.]
 [27. 63. 75. 76. 77. 42. 43. 44. 45. 46. 47. 47. 47. 46. 47. 47. 47. 47.
  47. 45. 48. 46. 45. 46. 46. 47. 46. 47. 45. 49. 47. 45. 46. 45. 47. 47.
  47. 46. 47. 48.]]
##############################
[[ 13.  23.  31.  40.  42.  47.  28.  32.  32.  32.  32.  32.  36.  34.
   32.  34.  33.  30.  29.  32.  32.  33.  32.  31.  32.  32.  34.  35.
   33.  32.  30.  34.  32.  30.  31.  32.  32.  31.  33.  33.]
 [ 84.  95.  98.  98.  99. 100.  50.  50.  50.  50.  50.  50.  50.  50.
   50.  50.  50.  50.  50.  50.  50.  50.  50.  50.  50.  50.  50.  50.
   50.  50.  50.  50.  50.  50.  50.  50.  50.  50.  50.  50.]
 [ 24.  49.  55.  71.  75.  79.  40.  42.  41.  42.  43.  45.  44.  46.
   45.  45.  45.  46.  45.  46.  45.  45.  47.  46.  46.  45.  47.  48.
   48.  47.  48.  47.  46.  46.  47.  47.  45.  48.  47.  48.]
 [ 27.  63.  75.  76.  77.  79.  43.  44.  45.  46.  47.  47.  47.  46.
   47.  47.  47.  47.  47.  45.  48.  46.  45.  46.  46.  47.  46.  47.
   45.  49.  47.  45.  46.  45.  47.  47.  47.  46.  47.  48.]]
##############################
[[ 13.  23.  31.  40.  42.  47.  45.  32.  32.  32.  32.  32.  36.  34.
   32.  34.  33.  30.  29.  32.  32.  33.  32.  31.  32.  32.  34.  35.
   33.  32.  30.  34.  32.  30.  31.  32.  32.  31.  33.  33.]
 [ 84.  95.  98.  98.  99. 100. 100.  50.  50.  50.  50.  50.  50.  50.
   50.  50.  50.  50.  50.  50.  50.  50.  50.  50.  50.  50.  50.  50.
   50.  50.  50.  50.  50.  50.  50.  50.  50.  50.  50.  50.]
 [ 24.  49.  55.  71.  75.  79.  82.  42.  41.  42.  43.  45.  44.  46.
   45.  45.  45.  46.  45.  46.  45.  45.  47.  46.  46.  45.  47.  48.
   48.  47.  48.  47.  46.  46.  47.  47.  45.  48.  47.  48.]
 [ 27.  63.  75.  76.  77.  79.  82.  44.  45.  46.  47.  47.  47.  46.
   47.  47.  47.  47.  47.  45.  48.  46.  45.  46.  46.  47.  46.  47.
   45.  49.  47.  45.  46.  45.  47.  47.  47.  46.  47.  48.]]
##############################
[[ 13.  23.  31.  40.  42.  47.  45.  49.  32.  32.  32.  32.  36.  34.
   32.  34.  33.  30.  29.  32.  32.  33.  32.  31.  32.  32.  34.  35.
   33.  32.  30.  34.  32.  30.  31.  32.  32.  31.  33.  33.]
 [ 84.  95.  98.  98.  99. 100. 100. 100.  50.  50.  50.  50.  50.  50.
   50.  50.  50.  50.  50.  50.  50.  50.  50.  50.  50.  50.  50.  50.
   50.  50.  50.  50.  50.  50.  50.  50.  50.  50.  50.  50.]
 [ 24.  49.  55.  71.  75.  79.  82.  85.  41.  42.  43.  45.  44.  46.
   45.  45.  45.  46.  45.  46.  45.  45.  47.  46.  46.  45.  47.  48.
   48.  47.  48.  47.  46.  46.  47.  47.  45.  48.  47.  48.]
 [ 27.  63.  75.  76.  77.  79.  82.  85.  45.  46.  47.  47.  47.  46.
   47.  47.  47.  47.  47.  45.  48.  46.  45.  46.  46.  47.  46.  47.
   45.  49.  47.  45.  46.  45.  47.  47.  47.  46.  47.  48.]]
##############################
[[ 13.  23.  31.  40.  42.  47.  45.  49.  49.  32.  32.  32.  36.  34.
   32.  34.  33.  30.  29.  32.  32.  33.  32.  31.  32.  32.  34.  35.
   33.  32.  30.  34.  32.  30.  31.  32.  32.  31.  33.  33.]
 [ 84.  95.  98.  98.  99. 100. 100. 100. 100.  50.  50.  50.  50.  50.
   50.  50.  50.  50.  50.  50.  50.  50.  50.  50.  50.  50.  50.  50.
   50.  50.  50.  50.  50.  50.  50.  50.  50.  50.  50.  50.]
 [ 24.  49.  55.  71.  75.  79.  82.  85.  83.  42.  43.  45.  44.  46.
   45.  45.  45.  46.  45.  46.  45.  45.  47.  46.  46.  45.  47.  48.
   48.  47.  48.  47.  46.  46.  47.  47.  45.  48.  47.  48.]
 [ 27.  63.  75.  76.  77.  79.  82.  85.  86.  46.  47.  47.  47.  46.
   47.  47.  47.  47.  47.  45.  48.  46.  45.  46.  46.  47.  46.  47.
   45.  49.  47.  45.  46.  45.  47.  47.  47.  46.  47.  48.]]
##############################
[[ 13.  23.  31.  40.  42.  47.  45.  49.  49.  49.  32.  32.  36.  34.
   32.  34.  33.  30.  29.  32.  32.  33.  32.  31.  32.  32.  34.  35.
   33.  32.  30.  34.  32.  30.  31.  32.  32.  31.  33.  33.]
 [ 84.  95.  98.  98.  99. 100. 100. 100. 100. 100.  50.  50.  50.  50.
   50.  50.  50.  50.  50.  50.  50.  50.  50.  50.  50.  50.  50.  50.
   50.  50.  50.  50.  50.  50.  50.  50.  50.  50.  50.  50.]
 [ 24.  49.  55.  71.  75.  79.  82.  85.  83.  86.  43.  45.  44.  46.
   45.  45.  45.  46.  45.  46.  45.  45.  47.  46.  46.  45.  47.  48.
   48.  47.  48.  47.  46.  46.  47.  47.  45.  48.  47.  48.]
 [ 27.  63.  75.  76.  77.  79.  82.  85.  86.  86.  47.  47.  47.  46.
   47.  47.  47.  47.  47.  45.  48.  46.  45.  46.  46.  47.  46.  47.
   45.  49.  47.  45.  46.  45.  47.  47.  47.  46.  47.  48.]]
##############################
[[ 13.  23.  31.  40.  42.  47.  45.  49.  49.  49.  54.  32.  36.  34.
   32.  34.  33.  30.  29.  32.  32.  33.  32.  31.  32.  32.  34.  35.
   33.  32.  30.  34.  32.  30.  31.  32.  32.  31.  33.  33.]
 [ 84.  95.  98.  98.  99. 100. 100. 100. 100. 100. 100.  50.  50.  50.
   50.  50.  50.  50.  50.  50.  50.  50.  50.  50.  50.  50.  50.  50.
   50.  50.  50.  50.  50.  50.  50.  50.  50.  50.  50.  50.]
 [ 24.  49.  55.  71.  75.  79.  82.  85.  83.  86.  87.  45.  44.  46.
   45.  45.  45.  46.  45.  46.  45.  45.  47.  46.  46.  45.  47.  48.
   48.  47.  48.  47.  46.  46.  47.  47.  45.  48.  47.  48.]
 [ 27.  63.  75.  76.  77.  79.  82.  85.  86.  86.  88.  47.  47.  46.
   47.  47.  47.  47.  47.  45.  48.  46.  45.  46.  46.  47.  46.  47.
   45.  49.  47.  45.  46.  45.  47.  47.  47.  46.  47.  48.]]
##############################
[[ 13.  23.  31.  40.  42.  47.  45.  49.  49.  49.  54.  52.  36.  34.
   32.  34.  33.  30.  29.  32.  32.  33.  32.  31.  32.  32.  34.  35.
   33.  32.  30.  34.  32.  30.  31.  32.  32.  31.  33.  33.]
 [ 84.  95.  98.  98.  99. 100. 100. 100. 100. 100. 100. 100.  50.  50.
   50.  50.  50.  50.  50.  50.  50.  50.  50.  50.  50.  50.  50.  50.
   50.  50.  50.  50.  50.  50.  50.  50.  50.  50.  50.  50.]
 [ 24.  49.  55.  71.  75.  79.  82.  85.  83.  86.  87.  88.  44.  46.
   45.  45.  45.  46.  45.  46.  45.  45.  47.  46.  46.  45.  47.  48.
   48.  47.  48.  47.  46.  46.  47.  47.  45.  48.  47.  48.]
 [ 27.  63.  75.  76.  77.  79.  82.  85.  86.  86.  88.  87.  47.  46.
   47.  47.  47.  47.  47.  45.  48.  46.  45.  46.  46.  47.  46.  47.
   45.  49.  47.  45.  46.  45.  47.  47.  47.  46.  47.  48.]]
##############################
[[ 13.  23.  31.  40.  42.  47.  45.  49.  49.  49.  54.  52.  57.  34.
   32.  34.  33.  30.  29.  32.  32.  33.  32.  31.  32.  32.  34.  35.
   33.  32.  30.  34.  32.  30.  31.  32.  32.  31.  33.  33.]
 [ 84.  95.  98.  98.  99. 100. 100. 100. 100. 100. 100. 100. 100.  50.
   50.  50.  50.  50.  50.  50.  50.  50.  50.  50.  50.  50.  50.  50.
   50.  50.  50.  50.  50.  50.  50.  50.  50.  50.  50.  50.]
 [ 24.  49.  55.  71.  75.  79.  82.  85.  83.  86.  87.  88.  88.  46.
   45.  45.  45.  46.  45.  46.  45.  45.  47.  46.  46.  45.  47.  48.
   48.  47.  48.  47.  46.  46.  47.  47.  45.  48.  47.  48.]
 [ 27.  63.  75.  76.  77.  79.  82.  85.  86.  86.  88.  87.  89.  46.
   47.  47.  47.  47.  47.  45.  48.  46.  45.  46.  46.  47.  46.  47.
   45.  49.  47.  45.  46.  45.  47.  47.  47.  46.  47.  48.]]
##############################
[[ 13.  23.  31.  40.  42.  47.  45.  49.  49.  49.  54.  52.  57.  56.
   32.  34.  33.  30.  29.  32.  32.  33.  32.  31.  32.  32.  34.  35.
   33.  32.  30.  34.  32.  30.  31.  32.  32.  31.  33.  33.]
 [ 84.  95.  98.  98.  99. 100. 100. 100. 100. 100. 100. 100. 100. 100.
   50.  50.  50.  50.  50.  50.  50.  50.  50.  50.  50.  50.  50.  50.
   50.  50.  50.  50.  50.  50.  50.  50.  50.  50.  50.  50.]
 [ 24.  49.  55.  71.  75.  79.  82.  85.  83.  86.  87.  88.  88.  90.
   45.  45.  45.  46.  45.  46.  45.  45.  47.  46.  46.  45.  47.  48.
   48.  47.  48.  47.  46.  46.  47.  47.  45.  48.  47.  48.]
 [ 27.  63.  75.  76.  77.  79.  82.  85.  86.  86.  88.  87.  89.  87.
   47.  47.  47.  47.  47.  45.  48.  46.  45.  46.  46.  47.  46.  47.
   45.  49.  47.  45.  46.  45.  47.  47.  47.  46.  47.  48.]]
##############################
[[ 13.  23.  31.  40.  42.  47.  45.  49.  49.  49.  54.  52.  57.  56.
   53.  34.  33.  30.  29.  32.  32.  33.  32.  31.  32.  32.  34.  35.
   33.  32.  30.  34.  32.  30.  31.  32.  32.  31.  33.  33.]
 [ 84.  95.  98.  98.  99. 100. 100. 100. 100. 100. 100. 100. 100. 100.
  100.  50.  50.  50.  50.  50.  50.  50.  50.  50.  50.  50.  50.  50.
   50.  50.  50.  50.  50.  50.  50.  50.  50.  50.  50.  50.]
 [ 24.  49.  55.  71.  75.  79.  82.  85.  83.  86.  87.  88.  88.  90.
   89.  45.  45.  46.  45.  46.  45.  45.  47.  46.  46.  45.  47.  48.
   48.  47.  48.  47.  46.  46.  47.  47.  45.  48.  47.  48.]
 [ 27.  63.  75.  76.  77.  79.  82.  85.  86.  86.  88.  87.  89.  87.
   90.  47.  47.  47.  47.  45.  48.  46.  45.  46.  46.  47.  46.  47.
   45.  49.  47.  45.  46.  45.  47.  47.  47.  46.  47.  48.]]
##############################
[[ 13.  23.  31.  40.  42.  47.  45.  49.  49.  49.  54.  52.  57.  56.
   53.  55.  33.  30.  29.  32.  32.  33.  32.  31.  32.  32.  34.  35.
   33.  32.  30.  34.  32.  30.  31.  32.  32.  31.  33.  33.]
 [ 84.  95.  98.  98.  99. 100. 100. 100. 100. 100. 100. 100. 100. 100.
  100. 100.  50.  50.  50.  50.  50.  50.  50.  50.  50.  50.  50.  50.
   50.  50.  50.  50.  50.  50.  50.  50.  50.  50.  50.  50.]
 [ 24.  49.  55.  71.  75.  79.  82.  85.  83.  86.  87.  88.  88.  90.
   89.  89.  45.  46.  45.  46.  45.  45.  47.  46.  46.  45.  47.  48.
   48.  47.  48.  47.  46.  46.  47.  47.  45.  48.  47.  48.]
 [ 27.  63.  75.  76.  77.  79.  82.  85.  86.  86.  88.  87.  89.  87.
   90.  89.  47.  47.  47.  45.  48.  46.  45.  46.  46.  47.  46.  47.
   45.  49.  47.  45.  46.  45.  47.  47.  47.  46.  47.  48.]]
##############################
[[ 13.  23.  31.  40.  42.  47.  45.  49.  49.  49.  54.  52.  57.  56.
   53.  55.  54.  30.  29.  32.  32.  33.  32.  31.  32.  32.  34.  35.
   33.  32.  30.  34.  32.  30.  31.  32.  32.  31.  33.  33.]
 [ 84.  95.  98.  98.  99. 100. 100. 100. 100. 100. 100. 100. 100. 100.
  100. 100. 100.  50.  50.  50.  50.  50.  50.  50.  50.  50.  50.  50.
   50.  50.  50.  50.  50.  50.  50.  50.  50.  50.  50.  50.]
 [ 24.  49.  55.  71.  75.  79.  82.  85.  83.  86.  87.  88.  88.  90.
   89.  89.  89.  46.  45.  46.  45.  45.  47.  46.  46.  45.  47.  48.
   48.  47.  48.  47.  46.  46.  47.  47.  45.  48.  47.  48.]
 [ 27.  63.  75.  76.  77.  79.  82.  85.  86.  86.  88.  87.  89.  87.
   90.  89.  89.  47.  47.  45.  48.  46.  45.  46.  46.  47.  46.  47.
   45.  49.  47.  45.  46.  45.  47.  47.  47.  46.  47.  48.]]
##############################
[[ 13.  23.  31.  40.  42.  47.  45.  49.  49.  49.  54.  52.  57.  56.
   53.  55.  54.  53.  29.  32.  32.  33.  32.  31.  32.  32.  34.  35.
   33.  32.  30.  34.  32.  30.  31.  32.  32.  31.  33.  33.]
 [ 84.  95.  98.  98.  99. 100. 100. 100. 100. 100. 100. 100. 100. 100.
  100. 100. 100. 100.  50.  50.  50.  50.  50.  50.  50.  50.  50.  50.
   50.  50.  50.  50.  50.  50.  50.  50.  50.  50.  50.  50.]
 [ 24.  49.  55.  71.  75.  79.  82.  85.  83.  86.  87.  88.  88.  90.
   89.  89.  89.  91.  45.  46.  45.  45.  47.  46.  46.  45.  47.  48.
   48.  47.  48.  47.  46.  46.  47.  47.  45.  48.  47.  48.]
 [ 27.  63.  75.  76.  77.  79.  82.  85.  86.  86.  88.  87.  89.  87.
   90.  89.  89.  89.  47.  45.  48.  46.  45.  46.  46.  47.  46.  47.
   45.  49.  47.  45.  46.  45.  47.  47.  47.  46.  47.  48.]]
##############################
[[ 13.  23.  31.  40.  42.  47.  45.  49.  49.  49.  54.  52.  57.  56.
   53.  55.  54.  53.  51.  32.  32.  33.  32.  31.  32.  32.  34.  35.
   33.  32.  30.  34.  32.  30.  31.  32.  32.  31.  33.  33.]
 [ 84.  95.  98.  98.  99. 100. 100. 100. 100. 100. 100. 100. 100. 100.
  100. 100. 100. 100. 100.  50.  50.  50.  50.  50.  50.  50.  50.  50.
   50.  50.  50.  50.  50.  50.  50.  50.  50.  50.  50.  50.]
 [ 24.  49.  55.  71.  75.  79.  82.  85.  83.  86.  87.  88.  88.  90.
   89.  89.  89.  91.  89.  46.  45.  45.  47.  46.  46.  45.  47.  48.
   48.  47.  48.  47.  46.  46.  47.  47.  45.  48.  47.  48.]
 [ 27.  63.  75.  76.  77.  79.  82.  85.  86.  86.  88.  87.  89.  87.
   90.  89.  89.  89.  90.  45.  48.  46.  45.  46.  46.  47.  46.  47.
   45.  49.  47.  45.  46.  45.  47.  47.  47.  46.  47.  48.]]
##############################
[[ 13.  23.  31.  40.  42.  47.  45.  49.  49.  49.  54.  52.  57.  56.
   53.  55.  54.  53.  51.  56.  32.  33.  32.  31.  32.  32.  34.  35.
   33.  32.  30.  34.  32.  30.  31.  32.  32.  31.  33.  33.]
 [ 84.  95.  98.  98.  99. 100. 100. 100. 100. 100. 100. 100. 100. 100.
  100. 100. 100. 100. 100. 100.  50.  50.  50.  50.  50.  50.  50.  50.
   50.  50.  50.  50.  50.  50.  50.  50.  50.  50.  50.  50.]
 [ 24.  49.  55.  71.  75.  79.  82.  85.  83.  86.  87.  88.  88.  90.
   89.  89.  89.  91.  89.  89.  45.  45.  47.  46.  46.  45.  47.  48.
   48.  47.  48.  47.  46.  46.  47.  47.  45.  48.  47.  48.]
 [ 27.  63.  75.  76.  77.  79.  82.  85.  86.  86.  88.  87.  89.  87.
   90.  89.  89.  89.  90.  88.  48.  46.  45.  46.  46.  47.  46.  47.
   45.  49.  47.  45.  46.  45.  47.  47.  47.  46.  47.  48.]]
##############################
[[ 13.  23.  31.  40.  42.  47.  45.  49.  49.  49.  54.  52.  57.  56.
   53.  55.  54.  53.  51.  56.  54.  33.  32.  31.  32.  32.  34.  35.
   33.  32.  30.  34.  32.  30.  31.  32.  32.  31.  33.  33.]
 [ 84.  95.  98.  98.  99. 100. 100. 100. 100. 100. 100. 100. 100. 100.
  100. 100. 100. 100. 100. 100. 100.  50.  50.  50.  50.  50.  50.  50.
   50.  50.  50.  50.  50.  50.  50.  50.  50.  50.  50.  50.]
 [ 24.  49.  55.  71.  75.  79.  82.  85.  83.  86.  87.  88.  88.  90.
   89.  89.  89.  91.  89.  89.  89.  45.  47.  46.  46.  45.  47.  48.
   48.  47.  48.  47.  46.  46.  47.  47.  45.  48.  47.  48.]
 [ 27.  63.  75.  76.  77.  79.  82.  85.  86.  86.  88.  87.  89.  87.
   90.  89.  89.  89.  90.  88.  90.  46.  45.  46.  46.  47.  46.  47.
   45.  49.  47.  45.  46.  45.  47.  47.  47.  46.  47.  48.]]
##############################
[[ 13.  23.  31.  40.  42.  47.  45.  49.  49.  49.  54.  52.  57.  56.
   53.  55.  54.  53.  51.  56.  54.  55.  32.  31.  32.  32.  34.  35.
   33.  32.  30.  34.  32.  30.  31.  32.  32.  31.  33.  33.]
 [ 84.  95.  98.  98.  99. 100. 100. 100. 100. 100. 100. 100. 100. 100.
  100. 100. 100. 100. 100. 100. 100. 100.  50.  50.  50.  50.  50.  50.
   50.  50.  50.  50.  50.  50.  50.  50.  50.  50.  50.  50.]
 [ 24.  49.  55.  71.  75.  79.  82.  85.  83.  86.  87.  88.  88.  90.
   89.  89.  89.  91.  89.  89.  89.  91.  47.  46.  46.  45.  47.  48.
   48.  47.  48.  47.  46.  46.  47.  47.  45.  48.  47.  48.]
 [ 27.  63.  75.  76.  77.  79.  82.  85.  86.  86.  88.  87.  89.  87.
   90.  89.  89.  89.  90.  88.  90.  88.  45.  46.  46.  47.  46.  47.
   45.  49.  47.  45.  46.  45.  47.  47.  47.  46.  47.  48.]]
##############################
[[ 13.  23.  31.  40.  42.  47.  45.  49.  49.  49.  54.  52.  57.  56.
   53.  55.  54.  53.  51.  56.  54.  55.  55.  31.  32.  32.  34.  35.
   33.  32.  30.  34.  32.  30.  31.  32.  32.  31.  33.  33.]
 [ 84.  95.  98.  98.  99. 100. 100. 100. 100. 100. 100. 100. 100. 100.
  100. 100. 100. 100. 100. 100. 100. 100. 100.  50.  50.  50.  50.  50.
   50.  50.  50.  50.  50.  50.  50.  50.  50.  50.  50.  50.]
 [ 24.  49.  55.  71.  75.  79.  82.  85.  83.  86.  87.  88.  88.  90.
   89.  89.  89.  91.  89.  89.  89.  91.  93.  46.  46.  45.  47.  48.
   48.  47.  48.  47.  46.  46.  47.  47.  45.  48.  47.  48.]
 [ 27.  63.  75.  76.  77.  79.  82.  85.  86.  86.  88.  87.  89.  87.
   90.  89.  89.  89.  90.  88.  90.  88.  88.  46.  46.  47.  46.  47.
   45.  49.  47.  45.  46.  45.  47.  47.  47.  46.  47.  48.]]
##############################
[[ 13.  23.  31.  40.  42.  47.  45.  49.  49.  49.  54.  52.  57.  56.
   53.  55.  54.  53.  51.  56.  54.  55.  55.  52.  32.  32.  34.  35.
   33.  32.  30.  34.  32.  30.  31.  32.  32.  31.  33.  33.]
 [ 84.  95.  98.  98.  99. 100. 100. 100. 100. 100. 100. 100. 100. 100.
  100. 100. 100. 100. 100. 100. 100. 100. 100. 100.  50.  50.  50.  50.
   50.  50.  50.  50.  50.  50.  50.  50.  50.  50.  50.  50.]
 [ 24.  49.  55.  71.  75.  79.  82.  85.  83.  86.  87.  88.  88.  90.
   89.  89.  89.  91.  89.  89.  89.  91.  93.  92.  46.  45.  47.  48.
   48.  47.  48.  47.  46.  46.  47.  47.  45.  48.  47.  48.]
 [ 27.  63.  75.  76.  77.  79.  82.  85.  86.  86.  88.  87.  89.  87.
   90.  89.  89.  89.  90.  88.  90.  88.  88.  89.  46.  47.  46.  47.
   45.  49.  47.  45.  46.  45.  47.  47.  47.  46.  47.  48.]]
##############################
[[ 13.  23.  31.  40.  42.  47.  45.  49.  49.  49.  54.  52.  57.  56.
   53.  55.  54.  53.  51.  56.  54.  55.  55.  52.  54.  32.  34.  35.
   33.  32.  30.  34.  32.  30.  31.  32.  32.  31.  33.  33.]
 [ 84.  95.  98.  98.  99. 100. 100. 100. 100. 100. 100. 100. 100. 100.
  100. 100. 100. 100. 100. 100. 100. 100. 100. 100. 100.  50.  50.  50.
   50.  50.  50.  50.  50.  50.  50.  50.  50.  50.  50.  50.]
 [ 24.  49.  55.  71.  75.  79.  82.  85.  83.  86.  87.  88.  88.  90.
   89.  89.  89.  91.  89.  89.  89.  91.  93.  92.  93.  45.  47.  48.
   48.  47.  48.  47.  46.  46.  47.  47.  45.  48.  47.  48.]
 [ 27.  63.  75.  76.  77.  79.  82.  85.  86.  86.  88.  87.  89.  87.
   90.  89.  89.  89.  90.  88.  90.  88.  88.  89.  90.  47.  46.  47.
   45.  49.  47.  45.  46.  45.  47.  47.  47.  46.  47.  48.]]
##############################
[[ 13.  23.  31.  40.  42.  47.  45.  49.  49.  49.  54.  52.  57.  56.
   53.  55.  54.  53.  51.  56.  54.  55.  55.  52.  54.  56.  34.  35.
   33.  32.  30.  34.  32.  30.  31.  32.  32.  31.  33.  33.]
 [ 84.  95.  98.  98.  99. 100. 100. 100. 100. 100. 100. 100. 100. 100.
  100. 100. 100. 100. 100. 100. 100. 100. 100. 100. 100. 100.  50.  50.
   50.  50.  50.  50.  50.  50.  50.  50.  50.  50.  50.  50.]
 [ 24.  49.  55.  71.  75.  79.  82.  85.  83.  86.  87.  88.  88.  90.
   89.  89.  89.  91.  89.  89.  89.  91.  93.  92.  93.  91.  47.  48.
   48.  47.  48.  47.  46.  46.  47.  47.  45.  48.  47.  48.]
 [ 27.  63.  75.  76.  77.  79.  82.  85.  86.  86.  88.  87.  89.  87.
   90.  89.  89.  89.  90.  88.  90.  88.  88.  89.  90.  91.  46.  47.
   45.  49.  47.  45.  46.  45.  47.  47.  47.  46.  47.  48.]]
##############################
[[ 13.  23.  31.  40.  42.  47.  45.  49.  49.  49.  54.  52.  57.  56.
   53.  55.  54.  53.  51.  56.  54.  55.  55.  52.  54.  56.  56.  35.
   33.  32.  30.  34.  32.  30.  31.  32.  32.  31.  33.  33.]
 [ 84.  95.  98.  98.  99. 100. 100. 100. 100. 100. 100. 100. 100. 100.
  100. 100. 100. 100. 100. 100. 100. 100. 100. 100. 100. 100. 100.  50.
   50.  50.  50.  50.  50.  50.  50.  50.  50.  50.  50.  50.]
 [ 24.  49.  55.  71.  75.  79.  82.  85.  83.  86.  87.  88.  88.  90.
   89.  89.  89.  91.  89.  89.  89.  91.  93.  92.  93.  91.  93.  48.
   48.  47.  48.  47.  46.  46.  47.  47.  45.  48.  47.  48.]
 [ 27.  63.  75.  76.  77.  79.  82.  85.  86.  86.  88.  87.  89.  87.
   90.  89.  89.  89.  90.  88.  90.  88.  88.  89.  90.  91.  89.  47.
   45.  49.  47.  45.  46.  45.  47.  47.  47.  46.  47.  48.]]
##############################
[[ 13.  23.  31.  40.  42.  47.  45.  49.  49.  49.  54.  52.  57.  56.
   53.  55.  54.  53.  51.  56.  54.  55.  55.  52.  54.  56.  56.  59.
   33.  32.  30.  34.  32.  30.  31.  32.  32.  31.  33.  33.]
 [ 84.  95.  98.  98.  99. 100. 100. 100. 100. 100. 100. 100. 100. 100.
  100. 100. 100. 100. 100. 100. 100. 100. 100. 100. 100. 100. 100. 100.
   50.  50.  50.  50.  50.  50.  50.  50.  50.  50.  50.  50.]
 [ 24.  49.  55.  71.  75.  79.  82.  85.  83.  86.  87.  88.  88.  90.
   89.  89.  89.  91.  89.  89.  89.  91.  93.  92.  93.  91.  93.  95.
   48.  47.  48.  47.  46.  46.  47.  47.  45.  48.  47.  48.]
 [ 27.  63.  75.  76.  77.  79.  82.  85.  86.  86.  88.  87.  89.  87.
   90.  89.  89.  89.  90.  88.  90.  88.  88.  89.  90.  91.  89.  91.
   45.  49.  47.  45.  46.  45.  47.  47.  47.  46.  47.  48.]]
##############################
[[ 13.  23.  31.  40.  42.  47.  45.  49.  49.  49.  54.  52.  57.  56.
   53.  55.  54.  53.  51.  56.  54.  55.  55.  52.  54.  56.  56.  59.
   58.  32.  30.  34.  32.  30.  31.  32.  32.  31.  33.  33.]
 [ 84.  95.  98.  98.  99. 100. 100. 100. 100. 100. 100. 100. 100. 100.
  100. 100. 100. 100. 100. 100. 100. 100. 100. 100. 100. 100. 100. 100.
  100.  50.  50.  50.  50.  50.  50.  50.  50.  50.  50.  50.]
 [ 24.  49.  55.  71.  75.  79.  82.  85.  83.  86.  87.  88.  88.  90.
   89.  89.  89.  91.  89.  89.  89.  91.  93.  92.  93.  91.  93.  95.
   96.  47.  48.  47.  46.  46.  47.  47.  45.  48.  47.  48.]
 [ 27.  63.  75.  76.  77.  79.  82.  85.  86.  86.  88.  87.  89.  87.
   90.  89.  89.  89.  90.  88.  90.  88.  88.  89.  90.  91.  89.  91.
   88.  49.  47.  45.  46.  45.  47.  47.  47.  46.  47.  48.]]
##############################
[[ 13.  23.  31.  40.  42.  47.  45.  49.  49.  49.  54.  52.  57.  56.
   53.  55.  54.  53.  51.  56.  54.  55.  55.  52.  54.  56.  56.  59.
   58.  58.  30.  34.  32.  30.  31.  32.  32.  31.  33.  33.]
 [ 84.  95.  98.  98.  99. 100. 100. 100. 100. 100. 100. 100. 100. 100.
  100. 100. 100. 100. 100. 100. 100. 100. 100. 100. 100. 100. 100. 100.
  100. 100.  50.  50.  50.  50.  50.  50.  50.  50.  50.  50.]
 [ 24.  49.  55.  71.  75.  79.  82.  85.  83.  86.  87.  88.  88.  90.
   89.  89.  89.  91.  89.  89.  89.  91.  93.  92.  93.  91.  93.  95.
   96.  93.  48.  47.  46.  46.  47.  47.  45.  48.  47.  48.]
 [ 27.  63.  75.  76.  77.  79.  82.  85.  86.  86.  88.  87.  89.  87.
   90.  89.  89.  89.  90.  88.  90.  88.  88.  89.  90.  91.  89.  91.
   88.  93.  47.  45.  46.  45.  47.  47.  47.  46.  47.  48.]]
##############################
[[ 13.  23.  31.  40.  42.  47.  45.  49.  49.  49.  54.  52.  57.  56.
   53.  55.  54.  53.  51.  56.  54.  55.  55.  52.  54.  56.  56.  59.
   58.  58.  54.  34.  32.  30.  31.  32.  32.  31.  33.  33.]
 [ 84.  95.  98.  98.  99. 100. 100. 100. 100. 100. 100. 100. 100. 100.
  100. 100. 100. 100. 100. 100. 100. 100. 100. 100. 100. 100. 100. 100.
  100. 100. 100.  50.  50.  50.  50.  50.  50.  50.  50.  50.]
 [ 24.  49.  55.  71.  75.  79.  82.  85.  83.  86.  87.  88.  88.  90.
   89.  89.  89.  91.  89.  89.  89.  91.  93.  92.  93.  91.  93.  95.
   96.  93.  95.  47.  46.  46.  47.  47.  45.  48.  47.  48.]
 [ 27.  63.  75.  76.  77.  79.  82.  85.  86.  86.  88.  87.  89.  87.
   90.  89.  89.  89.  90.  88.  90.  88.  88.  89.  90.  91.  89.  91.
   88.  93.  92.  45.  46.  45.  47.  47.  47.  46.  47.  48.]]
##############################
[[ 13.  23.  31.  40.  42.  47.  45.  49.  49.  49.  54.  52.  57.  56.
   53.  55.  54.  53.  51.  56.  54.  55.  55.  52.  54.  56.  56.  59.
   58.  58.  54.  60.  32.  30.  31.  32.  32.  31.  33.  33.]
 [ 84.  95.  98.  98.  99. 100. 100. 100. 100. 100. 100. 100. 100. 100.
  100. 100. 100. 100. 100. 100. 100. 100. 100. 100. 100. 100. 100. 100.
  100. 100. 100. 100.  50.  50.  50.  50.  50.  50.  50.  50.]
 [ 24.  49.  55.  71.  75.  79.  82.  85.  83.  86.  87.  88.  88.  90.
   89.  89.  89.  91.  89.  89.  89.  91.  93.  92.  93.  91.  93.  95.
   96.  93.  95.  94.  46.  46.  47.  47.  45.  48.  47.  48.]
 [ 27.  63.  75.  76.  77.  79.  82.  85.  86.  86.  88.  87.  89.  87.
   90.  89.  89.  89.  90.  88.  90.  88.  88.  89.  90.  91.  89.  91.
   88.  93.  92.  89.  46.  45.  47.  47.  47.  46.  47.  48.]]
##############################
[[ 13.  23.  31.  40.  42.  47.  45.  49.  49.  49.  54.  52.  57.  56.
   53.  55.  54.  53.  51.  56.  54.  55.  55.  52.  54.  56.  56.  59.
   58.  58.  54.  60.  55.  30.  31.  32.  32.  31.  33.  33.]
 [ 84.  95.  98.  98.  99. 100. 100. 100. 100. 100. 100. 100. 100. 100.
  100. 100. 100. 100. 100. 100. 100. 100. 100. 100. 100. 100. 100. 100.
  100. 100. 100. 100. 100.  50.  50.  50.  50.  50.  50.  50.]
 [ 24.  49.  55.  71.  75.  79.  82.  85.  83.  86.  87.  88.  88.  90.
   89.  89.  89.  91.  89.  89.  89.  91.  93.  92.  93.  91.  93.  95.
   96.  93.  95.  94.  93.  46.  47.  47.  45.  48.  47.  48.]
 [ 27.  63.  75.  76.  77.  79.  82.  85.  86.  86.  88.  87.  89.  87.
   90.  89.  89.  89.  90.  88.  90.  88.  88.  89.  90.  91.  89.  91.
   88.  93.  92.  89.  90.  45.  47.  47.  47.  46.  47.  48.]]
##############################
[[ 13.  23.  31.  40.  42.  47.  45.  49.  49.  49.  54.  52.  57.  56.
   53.  55.  54.  53.  51.  56.  54.  55.  55.  52.  54.  56.  56.  59.
   58.  58.  54.  60.  55.  56.  31.  32.  32.  31.  33.  33.]
 [ 84.  95.  98.  98.  99. 100. 100. 100. 100. 100. 100. 100. 100. 100.
  100. 100. 100. 100. 100. 100. 100. 100. 100. 100. 100. 100. 100. 100.
  100. 100. 100. 100. 100. 100.  50.  50.  50.  50.  50.  50.]
 [ 24.  49.  55.  71.  75.  79.  82.  85.  83.  86.  87.  88.  88.  90.
   89.  89.  89.  91.  89.  89.  89.  91.  93.  92.  93.  91.  93.  95.
   96.  93.  95.  94.  93.  92.  47.  47.  45.  48.  47.  48.]
 [ 27.  63.  75.  76.  77.  79.  82.  85.  86.  86.  88.  87.  89.  87.
   90.  89.  89.  89.  90.  88.  90.  88.  88.  89.  90.  91.  89.  91.
   88.  93.  92.  89.  90.  88.  47.  47.  47.  46.  47.  48.]]
##############################
[[ 13.  23.  31.  40.  42.  47.  45.  49.  49.  49.  54.  52.  57.  56.
   53.  55.  54.  53.  51.  56.  54.  55.  55.  52.  54.  56.  56.  59.
   58.  58.  54.  60.  55.  56.  54.  32.  32.  31.  33.  33.]
 [ 84.  95.  98.  98.  99. 100. 100. 100. 100. 100. 100. 100. 100. 100.
  100. 100. 100. 100. 100. 100. 100. 100. 100. 100. 100. 100. 100. 100.
  100. 100. 100. 100. 100. 100. 100.  50.  50.  50.  50.  50.]
 [ 24.  49.  55.  71.  75.  79.  82.  85.  83.  86.  87.  88.  88.  90.
   89.  89.  89.  91.  89.  89.  89.  91.  93.  92.  93.  91.  93.  95.
   96.  93.  95.  94.  93.  92.  93.  47.  45.  48.  47.  48.]
 [ 27.  63.  75.  76.  77.  79.  82.  85.  86.  86.  88.  87.  89.  87.
   90.  89.  89.  89.  90.  88.  90.  88.  88.  89.  90.  91.  89.  91.
   88.  93.  92.  89.  90.  88.  90.  47.  47.  46.  47.  48.]]
##############################
[[ 13.  23.  31.  40.  42.  47.  45.  49.  49.  49.  54.  52.  57.  56.
   53.  55.  54.  53.  51.  56.  54.  55.  55.  52.  54.  56.  56.  59.
   58.  58.  54.  60.  55.  56.  54.  56.  32.  31.  33.  33.]
 [ 84.  95.  98.  98.  99. 100. 100. 100. 100. 100. 100. 100. 100. 100.
  100. 100. 100. 100. 100. 100. 100. 100. 100. 100. 100. 100. 100. 100.
  100. 100. 100. 100. 100. 100. 100. 100.  50.  50.  50.  50.]
 [ 24.  49.  55.  71.  75.  79.  82.  85.  83.  86.  87.  88.  88.  90.
   89.  89.  89.  91.  89.  89.  89.  91.  93.  92.  93.  91.  93.  95.
   96.  93.  95.  94.  93.  92.  93.  93.  45.  48.  47.  48.]
 [ 27.  63.  75.  76.  77.  79.  82.  85.  86.  86.  88.  87.  89.  87.
   90.  89.  89.  89.  90.  88.  90.  88.  88.  89.  90.  91.  89.  91.
   88.  93.  92.  89.  90.  88.  90.  91.  47.  46.  47.  48.]]
##############################
[[ 13.  23.  31.  40.  42.  47.  45.  49.  49.  49.  54.  52.  57.  56.
   53.  55.  54.  53.  51.  56.  54.  55.  55.  52.  54.  56.  56.  59.
   58.  58.  54.  60.  55.  56.  54.  56.  54.  31.  33.  33.]
 [ 84.  95.  98.  98.  99. 100. 100. 100. 100. 100. 100. 100. 100. 100.
  100. 100. 100. 100. 100. 100. 100. 100. 100. 100. 100. 100. 100. 100.
  100. 100. 100. 100. 100. 100. 100. 100. 100.  50.  50.  50.]
 [ 24.  49.  55.  71.  75.  79.  82.  85.  83.  86.  87.  88.  88.  90.
   89.  89.  89.  91.  89.  89.  89.  91.  93.  92.  93.  91.  93.  95.
   96.  93.  95.  94.  93.  92.  93.  93.  92.  48.  47.  48.]
 [ 27.  63.  75.  76.  77.  79.  82.  85.  86.  86.  88.  87.  89.  87.
   90.  89.  89.  89.  90.  88.  90.  88.  88.  89.  90.  91.  89.  91.
   88.  93.  92.  89.  90.  88.  90.  91.  92.  46.  47.  48.]]
##############################
[[ 13.  23.  31.  40.  42.  47.  45.  49.  49.  49.  54.  52.  57.  56.
   53.  55.  54.  53.  51.  56.  54.  55.  55.  52.  54.  56.  56.  59.
   58.  58.  54.  60.  55.  56.  54.  56.  54.  55.  33.  33.]
 [ 84.  95.  98.  98.  99. 100. 100. 100. 100. 100. 100. 100. 100. 100.
  100. 100. 100. 100. 100. 100. 100. 100. 100. 100. 100. 100. 100. 100.
  100. 100. 100. 100. 100. 100. 100. 100. 100. 100.  50.  50.]
 [ 24.  49.  55.  71.  75.  79.  82.  85.  83.  86.  87.  88.  88.  90.
   89.  89.  89.  91.  89.  89.  89.  91.  93.  92.  93.  91.  93.  95.
   96.  93.  95.  94.  93.  92.  93.  93.  92.  94.  47.  48.]
 [ 27.  63.  75.  76.  77.  79.  82.  85.  86.  86.  88.  87.  89.  87.
   90.  89.  89.  89.  90.  88.  90.  88.  88.  89.  90.  91.  89.  91.
   88.  93.  92.  89.  90.  88.  90.  91.  92.  90.  47.  48.]]
##############################
[[ 13.  23.  31.  40.  42.  47.  45.  49.  49.  49.  54.  52.  57.  56.
   53.  55.  54.  53.  51.  56.  54.  55.  55.  52.  54.  56.  56.  59.
   58.  58.  54.  60.  55.  56.  54.  56.  54.  55.  55.  33.]
 [ 84.  95.  98.  98.  99. 100. 100. 100. 100. 100. 100. 100. 100. 100.
  100. 100. 100. 100. 100. 100. 100. 100. 100. 100. 100. 100. 100. 100.
  100. 100. 100. 100. 100. 100. 100. 100. 100. 100. 100.  50.]
 [ 24.  49.  55.  71.  75.  79.  82.  85.  83.  86.  87.  88.  88.  90.
   89.  89.  89.  91.  89.  89.  89.  91.  93.  92.  93.  91.  93.  95.
   96.  93.  95.  94.  93.  92.  93.  93.  92.  94.  93.  48.]
 [ 27.  63.  75.  76.  77.  79.  82.  85.  86.  86.  88.  87.  89.  87.
   90.  89.  89.  89.  90.  88.  90.  88.  88.  89.  90.  91.  89.  91.
   88.  93.  92.  89.  90.  88.  90.  91.  92.  90.  90.  48.]]
##############################
[[ 13.  23.  31.  40.  42.  47.  45.  49.  49.  49.  54.  52.  57.  56.
   53.  55.  54.  53.  51.  56.  54.  55.  55.  52.  54.  56.  56.  59.
   58.  58.  54.  60.  55.  56.  54.  56.  54.  55.  55.  57.]
 [ 84.  95.  98.  98.  99. 100. 100. 100. 100. 100. 100. 100. 100. 100.
  100. 100. 100. 100. 100. 100. 100. 100. 100. 100. 100. 100. 100. 100.
  100. 100. 100. 100. 100. 100. 100. 100. 100. 100. 100. 100.]
 [ 24.  49.  55.  71.  75.  79.  82.  85.  83.  86.  87.  88.  88.  90.
   89.  89.  89.  91.  89.  89.  89.  91.  93.  92.  93.  91.  93.  95.
   96.  93.  95.  94.  93.  92.  93.  93.  92.  94.  93.  94.]
 [ 27.  63.  75.  76.  77.  79.  82.  85.  86.  86.  88.  87.  89.  87.
   90.  89.  89.  89.  90.  88.  90.  88.  88.  89.  90.  91.  89.  91.
   88.  93.  92.  89.  90.  88.  90.  91.  92.  90.  90.  92.]]
##############################
##################################################
##################################################
starting :3 batch
[[ 19.  23.  31.  40.  42.  47.  45.  49.  49.  49.  54.  52.  57.  56.
   53.  55.  54.  53.  51.  56.  54.  55.  55.  52.  54.  56.  56.  59.
   58.  58.  54.  60.  55.  56.  54.  56.  54.  55.  55.  57.]
 [121.  95.  98.  98.  99. 100. 100. 100. 100. 100. 100. 100. 100. 100.
  100. 100. 100. 100. 100. 100. 100. 100. 100. 100. 100. 100. 100. 100.
  100. 100. 100. 100. 100. 100. 100. 100. 100. 100. 100. 100.]
 [ 38.  49.  55.  71.  75.  79.  82.  85.  83.  86.  87.  88.  88.  90.
   89.  89.  89.  91.  89.  89.  89.  91.  93.  92.  93.  91.  93.  95.
   96.  93.  95.  94.  93.  92.  93.  93.  92.  94.  93.  94.]
 [ 45.  63.  75.  76.  77.  79.  82.  85.  86.  86.  88.  87.  89.  87.
   90.  89.  89.  89.  90.  88.  90.  88.  88.  89.  90.  91.  89.  91.
   88.  93.  92.  89.  90.  88.  90.  91.  92.  90.  90.  92.]]
##############################
[[ 19.  37.  31.  40.  42.  47.  45.  49.  49.  49.  54.  52.  57.  56.
   53.  55.  54.  53.  51.  56.  54.  55.  55.  52.  54.  56.  56.  59.
   58.  58.  54.  60.  55.  56.  54.  56.  54.  55.  55.  57.]
 [121. 140.  98.  98.  99. 100. 100. 100. 100. 100. 100. 100. 100. 100.
  100. 100. 100. 100. 100. 100. 100. 100. 100. 100. 100. 100. 100. 100.
  100. 100. 100. 100. 100. 100. 100. 100. 100. 100. 100. 100.]
 [ 38.  72.  55.  71.  75.  79.  82.  85.  83.  86.  87.  88.  88.  90.
   89.  89.  89.  91.  89.  89.  89.  91.  93.  92.  93.  91.  93.  95.
   96.  93.  95.  94.  93.  92.  93.  93.  92.  94.  93.  94.]
 [ 45.  89.  75.  76.  77.  79.  82.  85.  86.  86.  88.  87.  89.  87.
   90.  89.  89.  89.  90.  88.  90.  88.  88.  89.  90.  91.  89.  91.
   88.  93.  92.  89.  90.  88.  90.  91.  92.  90.  90.  92.]]
##############################
[[ 19.  37.  49.  40.  42.  47.  45.  49.  49.  49.  54.  52.  57.  56.
   53.  55.  54.  53.  51.  56.  54.  55.  55.  52.  54.  56.  56.  59.
   58.  58.  54.  60.  55.  56.  54.  56.  54.  55.  55.  57.]
 [121. 140. 144.  98.  99. 100. 100. 100. 100. 100. 100. 100. 100. 100.
  100. 100. 100. 100. 100. 100. 100. 100. 100. 100. 100. 100. 100. 100.
  100. 100. 100. 100. 100. 100. 100. 100. 100. 100. 100. 100.]
 [ 38.  72.  82.  71.  75.  79.  82.  85.  83.  86.  87.  88.  88.  90.
   89.  89.  89.  91.  89.  89.  89.  91.  93.  92.  93.  91.  93.  95.
   96.  93.  95.  94.  93.  92.  93.  93.  92.  94.  93.  94.]
 [ 45.  89. 109.  76.  77.  79.  82.  85.  86.  86.  88.  87.  89.  87.
   90.  89.  89.  89.  90.  88.  90.  88.  88.  89.  90.  91.  89.  91.
   88.  93.  92.  89.  90.  88.  90.  91.  92.  90.  90.  92.]]
##############################
[[ 19.  37.  49.  57.  42.  47.  45.  49.  49.  49.  54.  52.  57.  56.
   53.  55.  54.  53.  51.  56.  54.  55.  55.  52.  54.  56.  56.  59.
   58.  58.  54.  60.  55.  56.  54.  56.  54.  55.  55.  57.]
 [121. 140. 144. 147.  99. 100. 100. 100. 100. 100. 100. 100. 100. 100.
  100. 100. 100. 100. 100. 100. 100. 100. 100. 100. 100. 100. 100. 100.
  100. 100. 100. 100. 100. 100. 100. 100. 100. 100. 100. 100.]
 [ 38.  72.  82.  99.  75.  79.  82.  85.  83.  86.  87.  88.  88.  90.
   89.  89.  89.  91.  89.  89.  89.  91.  93.  92.  93.  91.  93.  95.
   96.  93.  95.  94.  93.  92.  93.  93.  92.  94.  93.  94.]
 [ 45.  89. 109. 109.  77.  79.  82.  85.  86.  86.  88.  87.  89.  87.
   90.  89.  89.  89.  90.  88.  90.  88.  88.  89.  90.  91.  89.  91.
   88.  93.  92.  89.  90.  88.  90.  91.  92.  90.  90.  92.]]
##############################
[[ 19.  37.  49.  57.  62.  47.  45.  49.  49.  49.  54.  52.  57.  56.
   53.  55.  54.  53.  51.  56.  54.  55.  55.  52.  54.  56.  56.  59.
   58.  58.  54.  60.  55.  56.  54.  56.  54.  55.  55.  57.]
 [121. 140. 144. 147. 148. 100. 100. 100. 100. 100. 100. 100. 100. 100.
  100. 100. 100. 100. 100. 100. 100. 100. 100. 100. 100. 100. 100. 100.
  100. 100. 100. 100. 100. 100. 100. 100. 100. 100. 100. 100.]
 [ 38.  72.  82.  99. 107.  79.  82.  85.  83.  86.  87.  88.  88.  90.
   89.  89.  89.  91.  89.  89.  89.  91.  93.  92.  93.  91.  93.  95.
   96.  93.  95.  94.  93.  92.  93.  93.  92.  94.  93.  94.]
 [ 45.  89. 109. 109. 110.  79.  82.  85.  86.  86.  88.  87.  89.  87.
   90.  89.  89.  89.  90.  88.  90.  88.  88.  89.  90.  91.  89.  91.
   88.  93.  92.  89.  90.  88.  90.  91.  92.  90.  90.  92.]]
##############################
[[ 19.  37.  49.  57.  62.  68.  45.  49.  49.  49.  54.  52.  57.  56.
   53.  55.  54.  53.  51.  56.  54.  55.  55.  52.  54.  56.  56.  59.
   58.  58.  54.  60.  55.  56.  54.  56.  54.  55.  55.  57.]
 [121. 140. 144. 147. 148. 148. 100. 100. 100. 100. 100. 100. 100. 100.
  100. 100. 100. 100. 100. 100. 100. 100. 100. 100. 100. 100. 100. 100.
  100. 100. 100. 100. 100. 100. 100. 100. 100. 100. 100. 100.]
 [ 38.  72.  82.  99. 107. 115.  82.  85.  83.  86.  87.  88.  88.  90.
   89.  89.  89.  91.  89.  89.  89.  91.  93.  92.  93.  91.  93.  95.
   96.  93.  95.  94.  93.  92.  93.  93.  92.  94.  93.  94.]
 [ 45.  89. 109. 109. 110. 115.  82.  85.  86.  86.  88.  87.  89.  87.
   90.  89.  89.  89.  90.  88.  90.  88.  88.  89.  90.  91.  89.  91.
   88.  93.  92.  89.  90.  88.  90.  91.  92.  90.  90.  92.]]
##############################
[[ 19.  37.  49.  57.  62.  68.  68.  49.  49.  49.  54.  52.  57.  56.
   53.  55.  54.  53.  51.  56.  54.  55.  55.  52.  54.  56.  56.  59.
   58.  58.  54.  60.  55.  56.  54.  56.  54.  55.  55.  57.]
 [121. 140. 144. 147. 148. 148. 149. 100. 100. 100. 100. 100. 100. 100.
  100. 100. 100. 100. 100. 100. 100. 100. 100. 100. 100. 100. 100. 100.
  100. 100. 100. 100. 100. 100. 100. 100. 100. 100. 100. 100.]
 [ 38.  72.  82.  99. 107. 115. 118.  85.  83.  86.  87.  88.  88.  90.
   89.  89.  89.  91.  89.  89.  89.  91.  93.  92.  93.  91.  93.  95.
   96.  93.  95.  94.  93.  92.  93.  93.  92.  94.  93.  94.]
 [ 45.  89. 109. 109. 110. 115. 118.  85.  86.  86.  88.  87.  89.  87.
   90.  89.  89.  89.  90.  88.  90.  88.  88.  89.  90.  91.  89.  91.
   88.  93.  92.  89.  90.  88.  90.  91.  92.  90.  90.  92.]]
##############################
[[ 19.  37.  49.  57.  62.  68.  68.  71.  49.  49.  54.  52.  57.  56.
   53.  55.  54.  53.  51.  56.  54.  55.  55.  52.  54.  56.  56.  59.
   58.  58.  54.  60.  55.  56.  54.  56.  54.  55.  55.  57.]
 [121. 140. 144. 147. 148. 148. 149. 149. 100. 100. 100. 100. 100. 100.
  100. 100. 100. 100. 100. 100. 100. 100. 100. 100. 100. 100. 100. 100.
  100. 100. 100. 100. 100. 100. 100. 100. 100. 100. 100. 100.]
 [ 38.  72.  82.  99. 107. 115. 118. 122.  83.  86.  87.  88.  88.  90.
   89.  89.  89.  91.  89.  89.  89.  91.  93.  92.  93.  91.  93.  95.
   96.  93.  95.  94.  93.  92.  93.  93.  92.  94.  93.  94.]
 [ 45.  89. 109. 109. 110. 115. 118. 123.  86.  86.  88.  87.  89.  87.
   90.  89.  89.  89.  90.  88.  90.  88.  88.  89.  90.  91.  89.  91.
   88.  93.  92.  89.  90.  88.  90.  91.  92.  90.  90.  92.]]
##############################
[[ 19.  37.  49.  57.  62.  68.  68.  71.  74.  49.  54.  52.  57.  56.
   53.  55.  54.  53.  51.  56.  54.  55.  55.  52.  54.  56.  56.  59.
   58.  58.  54.  60.  55.  56.  54.  56.  54.  55.  55.  57.]
 [121. 140. 144. 147. 148. 148. 149. 149. 149. 100. 100. 100. 100. 100.
  100. 100. 100. 100. 100. 100. 100. 100. 100. 100. 100. 100. 100. 100.
  100. 100. 100. 100. 100. 100. 100. 100. 100. 100. 100. 100.]
 [ 38.  72.  82.  99. 107. 115. 118. 122. 122.  86.  87.  88.  88.  90.
   89.  89.  89.  91.  89.  89.  89.  91.  93.  92.  93.  91.  93.  95.
   96.  93.  95.  94.  93.  92.  93.  93.  92.  94.  93.  94.]
 [ 45.  89. 109. 109. 110. 115. 118. 123. 122.  86.  88.  87.  89.  87.
   90.  89.  89.  89.  90.  88.  90.  88.  88.  89.  90.  91.  89.  91.
   88.  93.  92.  89.  90.  88.  90.  91.  92.  90.  90.  92.]]
##############################
[[ 19.  37.  49.  57.  62.  68.  68.  71.  74.  73.  54.  52.  57.  56.
   53.  55.  54.  53.  51.  56.  54.  55.  55.  52.  54.  56.  56.  59.
   58.  58.  54.  60.  55.  56.  54.  56.  54.  55.  55.  57.]
 [121. 140. 144. 147. 148. 148. 149. 149. 149. 149. 100. 100. 100. 100.
  100. 100. 100. 100. 100. 100. 100. 100. 100. 100. 100. 100. 100. 100.
  100. 100. 100. 100. 100. 100. 100. 100. 100. 100. 100. 100.]
 [ 38.  72.  82.  99. 107. 115. 118. 122. 122. 124.  87.  88.  88.  90.
   89.  89.  89.  91.  89.  89.  89.  91.  93.  92.  93.  91.  93.  95.
   96.  93.  95.  94.  93.  92.  93.  93.  92.  94.  93.  94.]
 [ 45.  89. 109. 109. 110. 115. 118. 123. 122. 123.  88.  87.  89.  87.
   90.  89.  89.  89.  90.  88.  90.  88.  88.  89.  90.  91.  89.  91.
   88.  93.  92.  89.  90.  88.  90.  91.  92.  90.  90.  92.]]
##############################
[[ 19.  37.  49.  57.  62.  68.  68.  71.  74.  73.  76.  52.  57.  56.
   53.  55.  54.  53.  51.  56.  54.  55.  55.  52.  54.  56.  56.  59.
   58.  58.  54.  60.  55.  56.  54.  56.  54.  55.  55.  57.]
 [121. 140. 144. 147. 148. 148. 149. 149. 149. 149. 148. 100. 100. 100.
  100. 100. 100. 100. 100. 100. 100. 100. 100. 100. 100. 100. 100. 100.
  100. 100. 100. 100. 100. 100. 100. 100. 100. 100. 100. 100.]
 [ 38.  72.  82.  99. 107. 115. 118. 122. 122. 124. 127.  88.  88.  90.
   89.  89.  89.  91.  89.  89.  89.  91.  93.  92.  93.  91.  93.  95.
   96.  93.  95.  94.  93.  92.  93.  93.  92.  94.  93.  94.]
 [ 45.  89. 109. 109. 110. 115. 118. 123. 122. 123. 125.  87.  89.  87.
   90.  89.  89.  89.  90.  88.  90.  88.  88.  89.  90.  91.  89.  91.
   88.  93.  92.  89.  90.  88.  90.  91.  92.  90.  90.  92.]]
##############################
[[ 19.  37.  49.  57.  62.  68.  68.  71.  74.  73.  76.  74.  57.  56.
   53.  55.  54.  53.  51.  56.  54.  55.  55.  52.  54.  56.  56.  59.
   58.  58.  54.  60.  55.  56.  54.  56.  54.  55.  55.  57.]
 [121. 140. 144. 147. 148. 148. 149. 149. 149. 149. 148. 149. 100. 100.
  100. 100. 100. 100. 100. 100. 100. 100. 100. 100. 100. 100. 100. 100.
  100. 100. 100. 100. 100. 100. 100. 100. 100. 100. 100. 100.]
 [ 38.  72.  82.  99. 107. 115. 118. 122. 122. 124. 127. 128.  88.  90.
   89.  89.  89.  91.  89.  89.  89.  91.  93.  92.  93.  91.  93.  95.
   96.  93.  95.  94.  93.  92.  93.  93.  92.  94.  93.  94.]
 [ 45.  89. 109. 109. 110. 115. 118. 123. 122. 123. 125. 125.  89.  87.
   90.  89.  89.  89.  90.  88.  90.  88.  88.  89.  90.  91.  89.  91.
   88.  93.  92.  89.  90.  88.  90.  91.  92.  90.  90.  92.]]
##############################
[[ 19.  37.  49.  57.  62.  68.  68.  71.  74.  73.  76.  74.  80.  56.
   53.  55.  54.  53.  51.  56.  54.  55.  55.  52.  54.  56.  56.  59.
   58.  58.  54.  60.  55.  56.  54.  56.  54.  55.  55.  57.]
 [121. 140. 144. 147. 148. 148. 149. 149. 149. 149. 148. 149. 149. 100.
  100. 100. 100. 100. 100. 100. 100. 100. 100. 100. 100. 100. 100. 100.
  100. 100. 100. 100. 100. 100. 100. 100. 100. 100. 100. 100.]
 [ 38.  72.  82.  99. 107. 115. 118. 122. 122. 124. 127. 128. 130.  90.
   89.  89.  89.  91.  89.  89.  89.  91.  93.  92.  93.  91.  93.  95.
   96.  93.  95.  94.  93.  92.  93.  93.  92.  94.  93.  94.]
 [ 45.  89. 109. 109. 110. 115. 118. 123. 122. 123. 125. 125. 129.  87.
   90.  89.  89.  89.  90.  88.  90.  88.  88.  89.  90.  91.  89.  91.
   88.  93.  92.  89.  90.  88.  90.  91.  92.  90.  90.  92.]]
##############################
[[ 19.  37.  49.  57.  62.  68.  68.  71.  74.  73.  76.  74.  80.  78.
   53.  55.  54.  53.  51.  56.  54.  55.  55.  52.  54.  56.  56.  59.
   58.  58.  54.  60.  55.  56.  54.  56.  54.  55.  55.  57.]
 [121. 140. 144. 147. 148. 148. 149. 149. 149. 149. 148. 149. 149. 149.
  100. 100. 100. 100. 100. 100. 100. 100. 100. 100. 100. 100. 100. 100.
  100. 100. 100. 100. 100. 100. 100. 100. 100. 100. 100. 100.]
 [ 38.  72.  82.  99. 107. 115. 118. 122. 122. 124. 127. 128. 130. 132.
   89.  89.  89.  91.  89.  89.  89.  91.  93.  92.  93.  91.  93.  95.
   96.  93.  95.  94.  93.  92.  93.  93.  92.  94.  93.  94.]
 [ 45.  89. 109. 109. 110. 115. 118. 123. 122. 123. 125. 125. 129. 126.
   90.  89.  89.  89.  90.  88.  90.  88.  88.  89.  90.  91.  89.  91.
   88.  93.  92.  89.  90.  88.  90.  91.  92.  90.  90.  92.]]
##############################
[[ 19.  37.  49.  57.  62.  68.  68.  71.  74.  73.  76.  74.  80.  78.
   74.  55.  54.  53.  51.  56.  54.  55.  55.  52.  54.  56.  56.  59.
   58.  58.  54.  60.  55.  56.  54.  56.  54.  55.  55.  57.]
 [121. 140. 144. 147. 148. 148. 149. 149. 149. 149. 148. 149. 149. 149.
  149. 100. 100. 100. 100. 100. 100. 100. 100. 100. 100. 100. 100. 100.
  100. 100. 100. 100. 100. 100. 100. 100. 100. 100. 100. 100.]
 [ 38.  72.  82.  99. 107. 115. 118. 122. 122. 124. 127. 128. 130. 132.
  131.  89.  89.  91.  89.  89.  89.  91.  93.  92.  93.  91.  93.  95.
   96.  93.  95.  94.  93.  92.  93.  93.  92.  94.  93.  94.]
 [ 45.  89. 109. 109. 110. 115. 118. 123. 122. 123. 125. 125. 129. 126.
  129.  89.  89.  89.  90.  88.  90.  88.  88.  89.  90.  91.  89.  91.
   88.  93.  92.  89.  90.  88.  90.  91.  92.  90.  90.  92.]]
##############################
[[ 19.  37.  49.  57.  62.  68.  68.  71.  74.  73.  76.  74.  80.  78.
   74.  76.  54.  53.  51.  56.  54.  55.  55.  52.  54.  56.  56.  59.
   58.  58.  54.  60.  55.  56.  54.  56.  54.  55.  55.  57.]
 [121. 140. 144. 147. 148. 148. 149. 149. 149. 149. 148. 149. 149. 149.
  149. 149. 100. 100. 100. 100. 100. 100. 100. 100. 100. 100. 100. 100.
  100. 100. 100. 100. 100. 100. 100. 100. 100. 100. 100. 100.]
 [ 38.  72.  82.  99. 107. 115. 118. 122. 122. 124. 127. 128. 130. 132.
  131. 129.  89.  91.  89.  89.  89.  91.  93.  92.  93.  91.  93.  95.
   96.  93.  95.  94.  93.  92.  93.  93.  92.  94.  93.  94.]
 [ 45.  89. 109. 109. 110. 115. 118. 123. 122. 123. 125. 125. 129. 126.
  129. 130.  89.  89.  90.  88.  90.  88.  88.  89.  90.  91.  89.  91.
   88.  93.  92.  89.  90.  88.  90.  91.  92.  90.  90.  92.]]
##############################
[[ 19.  37.  49.  57.  62.  68.  68.  71.  74.  73.  76.  74.  80.  78.
   74.  76.  77.  53.  51.  56.  54.  55.  55.  52.  54.  56.  56.  59.
   58.  58.  54.  60.  55.  56.  54.  56.  54.  55.  55.  57.]
 [121. 140. 144. 147. 148. 148. 149. 149. 149. 149. 148. 149. 149. 149.
  149. 149. 149. 100. 100. 100. 100. 100. 100. 100. 100. 100. 100. 100.
  100. 100. 100. 100. 100. 100. 100. 100. 100. 100. 100. 100.]
 [ 38.  72.  82.  99. 107. 115. 118. 122. 122. 124. 127. 128. 130. 132.
  131. 129. 132.  91.  89.  89.  89.  91.  93.  92.  93.  91.  93.  95.
   96.  93.  95.  94.  93.  92.  93.  93.  92.  94.  93.  94.]
 [ 45.  89. 109. 109. 110. 115. 118. 123. 122. 123. 125. 125. 129. 126.
  129. 130. 130.  89.  90.  88.  90.  88.  88.  89.  90.  91.  89.  91.
   88.  93.  92.  89.  90.  88.  90.  91.  92.  90.  90.  92.]]
##############################
[[ 19.  37.  49.  57.  62.  68.  68.  71.  74.  73.  76.  74.  80.  78.
   74.  76.  77.  77.  51.  56.  54.  55.  55.  52.  54.  56.  56.  59.
   58.  58.  54.  60.  55.  56.  54.  56.  54.  55.  55.  57.]
 [121. 140. 144. 147. 148. 148. 149. 149. 149. 149. 148. 149. 149. 149.
  149. 149. 149. 149. 100. 100. 100. 100. 100. 100. 100. 100. 100. 100.
  100. 100. 100. 100. 100. 100. 100. 100. 100. 100. 100. 100.]
 [ 38.  72.  82.  99. 107. 115. 118. 122. 122. 124. 127. 128. 130. 132.
  131. 129. 132. 134.  89.  89.  89.  91.  93.  92.  93.  91.  93.  95.
   96.  93.  95.  94.  93.  92.  93.  93.  92.  94.  93.  94.]
 [ 45.  89. 109. 109. 110. 115. 118. 123. 122. 123. 125. 125. 129. 126.
  129. 130. 130. 129.  90.  88.  90.  88.  88.  89.  90.  91.  89.  91.
   88.  93.  92.  89.  90.  88.  90.  91.  92.  90.  90.  92.]]
##############################
[[ 19.  37.  49.  57.  62.  68.  68.  71.  74.  73.  76.  74.  80.  78.
   74.  76.  77.  77.  73.  56.  54.  55.  55.  52.  54.  56.  56.  59.
   58.  58.  54.  60.  55.  56.  54.  56.  54.  55.  55.  57.]
 [121. 140. 144. 147. 148. 148. 149. 149. 149. 149. 148. 149. 149. 149.
  149. 149. 149. 149. 149. 100. 100. 100. 100. 100. 100. 100. 100. 100.
  100. 100. 100. 100. 100. 100. 100. 100. 100. 100. 100. 100.]
 [ 38.  72.  82.  99. 107. 115. 118. 122. 122. 124. 127. 128. 130. 132.
  131. 129. 132. 134. 130.  89.  89.  91.  93.  92.  93.  91.  93.  95.
   96.  93.  95.  94.  93.  92.  93.  93.  92.  94.  93.  94.]
 [ 45.  89. 109. 109. 110. 115. 118. 123. 122. 123. 125. 125. 129. 126.
  129. 130. 130. 129. 131.  88.  90.  88.  88.  89.  90.  91.  89.  91.
   88.  93.  92.  89.  90.  88.  90.  91.  92.  90.  90.  92.]]
##############################
[[ 19.  37.  49.  57.  62.  68.  68.  71.  74.  73.  76.  74.  80.  78.
   74.  76.  77.  77.  73.  80.  54.  55.  55.  52.  54.  56.  56.  59.
   58.  58.  54.  60.  55.  56.  54.  56.  54.  55.  55.  57.]
 [121. 140. 144. 147. 148. 148. 149. 149. 149. 149. 148. 149. 149. 149.
  149. 149. 149. 149. 149. 149. 100. 100. 100. 100. 100. 100. 100. 100.
  100. 100. 100. 100. 100. 100. 100. 100. 100. 100. 100. 100.]
 [ 38.  72.  82.  99. 107. 115. 118. 122. 122. 124. 127. 128. 130. 132.
  131. 129. 132. 134. 130. 132.  89.  91.  93.  92.  93.  91.  93.  95.
   96.  93.  95.  94.  93.  92.  93.  93.  92.  94.  93.  94.]
 [ 45.  89. 109. 109. 110. 115. 118. 123. 122. 123. 125. 125. 129. 126.
  129. 130. 130. 129. 131. 129.  90.  88.  88.  89.  90.  91.  89.  91.
   88.  93.  92.  89.  90.  88.  90.  91.  92.  90.  90.  92.]]
##############################
[[ 19.  37.  49.  57.  62.  68.  68.  71.  74.  73.  76.  74.  80.  78.
   74.  76.  77.  77.  73.  80.  76.  55.  55.  52.  54.  56.  56.  59.
   58.  58.  54.  60.  55.  56.  54.  56.  54.  55.  55.  57.]
 [121. 140. 144. 147. 148. 148. 149. 149. 149. 149. 148. 149. 149. 149.
  149. 149. 149. 149. 149. 149. 150. 100. 100. 100. 100. 100. 100. 100.
  100. 100. 100. 100. 100. 100. 100. 100. 100. 100. 100. 100.]
 [ 38.  72.  82.  99. 107. 115. 118. 122. 122. 124. 127. 128. 130. 132.
  131. 129. 132. 134. 130. 132. 132.  91.  93.  92.  93.  91.  93.  95.
   96.  93.  95.  94.  93.  92.  93.  93.  92.  94.  93.  94.]
 [ 45.  89. 109. 109. 110. 115. 118. 123. 122. 123. 125. 125. 129. 126.
  129. 130. 130. 129. 131. 129. 131.  88.  88.  89.  90.  91.  89.  91.
   88.  93.  92.  89.  90.  88.  90.  91.  92.  90.  90.  92.]]
##############################
[[ 19.  37.  49.  57.  62.  68.  68.  71.  74.  73.  76.  74.  80.  78.
   74.  76.  77.  77.  73.  80.  76.  78.  55.  52.  54.  56.  56.  59.
   58.  58.  54.  60.  55.  56.  54.  56.  54.  55.  55.  57.]
 [121. 140. 144. 147. 148. 148. 149. 149. 149. 149. 148. 149. 149. 149.
  149. 149. 149. 149. 149. 149. 150. 150. 100. 100. 100. 100. 100. 100.
  100. 100. 100. 100. 100. 100. 100. 100. 100. 100. 100. 100.]
 [ 38.  72.  82.  99. 107. 115. 118. 122. 122. 124. 127. 128. 130. 132.
  131. 129. 132. 134. 130. 132. 132. 133.  93.  92.  93.  91.  93.  95.
   96.  93.  95.  94.  93.  92.  93.  93.  92.  94.  93.  94.]
 [ 45.  89. 109. 109. 110. 115. 118. 123. 122. 123. 125. 125. 129. 126.
  129. 130. 130. 129. 131. 129. 131. 129.  88.  89.  90.  91.  89.  91.
   88.  93.  92.  89.  90.  88.  90.  91.  92.  90.  90.  92.]]
##############################
[[ 19.  37.  49.  57.  62.  68.  68.  71.  74.  73.  76.  74.  80.  78.
   74.  76.  77.  77.  73.  80.  76.  78.  78.  52.  54.  56.  56.  59.
   58.  58.  54.  60.  55.  56.  54.  56.  54.  55.  55.  57.]
 [121. 140. 144. 147. 148. 148. 149. 149. 149. 149. 148. 149. 149. 149.
  149. 149. 149. 149. 149. 149. 150. 150. 150. 100. 100. 100. 100. 100.
  100. 100. 100. 100. 100. 100. 100. 100. 100. 100. 100. 100.]
 [ 38.  72.  82.  99. 107. 115. 118. 122. 122. 124. 127. 128. 130. 132.
  131. 129. 132. 134. 130. 132. 132. 133. 135.  92.  93.  91.  93.  95.
   96.  93.  95.  94.  93.  92.  93.  93.  92.  94.  93.  94.]
 [ 45.  89. 109. 109. 110. 115. 118. 123. 122. 123. 125. 125. 129. 126.
  129. 130. 130. 129. 131. 129. 131. 129. 130.  89.  90.  91.  89.  91.
   88.  93.  92.  89.  90.  88.  90.  91.  92.  90.  90.  92.]]
##############################
[[ 19.  37.  49.  57.  62.  68.  68.  71.  74.  73.  76.  74.  80.  78.
   74.  76.  77.  77.  73.  80.  76.  78.  78.  77.  54.  56.  56.  59.
   58.  58.  54.  60.  55.  56.  54.  56.  54.  55.  55.  57.]
 [121. 140. 144. 147. 148. 148. 149. 149. 149. 149. 148. 149. 149. 149.
  149. 149. 149. 149. 149. 149. 150. 150. 150. 150. 100. 100. 100. 100.
  100. 100. 100. 100. 100. 100. 100. 100. 100. 100. 100. 100.]
 [ 38.  72.  82.  99. 107. 115. 118. 122. 122. 124. 127. 128. 130. 132.
  131. 129. 132. 134. 130. 132. 132. 133. 135. 134.  93.  91.  93.  95.
   96.  93.  95.  94.  93.  92.  93.  93.  92.  94.  93.  94.]
 [ 45.  89. 109. 109. 110. 115. 118. 123. 122. 123. 125. 125. 129. 126.
  129. 130. 130. 129. 131. 129. 131. 129. 130. 131.  90.  91.  89.  91.
   88.  93.  92.  89.  90.  88.  90.  91.  92.  90.  90.  92.]]
##############################
[[ 19.  37.  49.  57.  62.  68.  68.  71.  74.  73.  76.  74.  80.  78.
   74.  76.  77.  77.  73.  80.  76.  78.  78.  77.  79.  56.  56.  59.
   58.  58.  54.  60.  55.  56.  54.  56.  54.  55.  55.  57.]
 [121. 140. 144. 147. 148. 148. 149. 149. 149. 149. 148. 149. 149. 149.
  149. 149. 149. 149. 149. 149. 150. 150. 150. 150. 150. 100. 100. 100.
  100. 100. 100. 100. 100. 100. 100. 100. 100. 100. 100. 100.]
 [ 38.  72.  82.  99. 107. 115. 118. 122. 122. 124. 127. 128. 130. 132.
  131. 129. 132. 134. 130. 132. 132. 133. 135. 134. 136.  91.  93.  95.
   96.  93.  95.  94.  93.  92.  93.  93.  92.  94.  93.  94.]
 [ 45.  89. 109. 109. 110. 115. 118. 123. 122. 123. 125. 125. 129. 126.
  129. 130. 130. 129. 131. 129. 131. 129. 130. 131. 134.  91.  89.  91.
   88.  93.  92.  89.  90.  88.  90.  91.  92.  90.  90.  92.]]
##############################
[[ 19.  37.  49.  57.  62.  68.  68.  71.  74.  73.  76.  74.  80.  78.
   74.  76.  77.  77.  73.  80.  76.  78.  78.  77.  79.  79.  56.  59.
   58.  58.  54.  60.  55.  56.  54.  56.  54.  55.  55.  57.]
 [121. 140. 144. 147. 148. 148. 149. 149. 149. 149. 148. 149. 149. 149.
  149. 149. 149. 149. 149. 149. 150. 150. 150. 150. 150. 149. 100. 100.
  100. 100. 100. 100. 100. 100. 100. 100. 100. 100. 100. 100.]
 [ 38.  72.  82.  99. 107. 115. 118. 122. 122. 124. 127. 128. 130. 132.
  131. 129. 132. 134. 130. 132. 132. 133. 135. 134. 136. 134.  93.  95.
   96.  93.  95.  94.  93.  92.  93.  93.  92.  94.  93.  94.]
 [ 45.  89. 109. 109. 110. 115. 118. 123. 122. 123. 125. 125. 129. 126.
  129. 130. 130. 129. 131. 129. 131. 129. 130. 131. 134. 135.  89.  91.
   88.  93.  92.  89.  90.  88.  90.  91.  92.  90.  90.  92.]]
##############################
[[ 19.  37.  49.  57.  62.  68.  68.  71.  74.  73.  76.  74.  80.  78.
   74.  76.  77.  77.  73.  80.  76.  78.  78.  77.  79.  79.  78.  59.
   58.  58.  54.  60.  55.  56.  54.  56.  54.  55.  55.  57.]
 [121. 140. 144. 147. 148. 148. 149. 149. 149. 149. 148. 149. 149. 149.
  149. 149. 149. 149. 149. 149. 150. 150. 150. 150. 150. 149. 149. 100.
  100. 100. 100. 100. 100. 100. 100. 100. 100. 100. 100. 100.]
 [ 38.  72.  82.  99. 107. 115. 118. 122. 122. 124. 127. 128. 130. 132.
  131. 129. 132. 134. 130. 132. 132. 133. 135. 134. 136. 134. 135.  95.
   96.  93.  95.  94.  93.  92.  93.  93.  92.  94.  93.  94.]
 [ 45.  89. 109. 109. 110. 115. 118. 123. 122. 123. 125. 125. 129. 126.
  129. 130. 130. 129. 131. 129. 131. 129. 130. 131. 134. 135. 131.  91.
   88.  93.  92.  89.  90.  88.  90.  91.  92.  90.  90.  92.]]
##############################
[[ 19.  37.  49.  57.  62.  68.  68.  71.  74.  73.  76.  74.  80.  78.
   74.  76.  77.  77.  73.  80.  76.  78.  78.  77.  79.  79.  78.  80.
   58.  58.  54.  60.  55.  56.  54.  56.  54.  55.  55.  57.]
 [121. 140. 144. 147. 148. 148. 149. 149. 149. 149. 148. 149. 149. 149.
  149. 149. 149. 149. 149. 149. 150. 150. 150. 150. 150. 149. 149. 149.
  100. 100. 100. 100. 100. 100. 100. 100. 100. 100. 100. 100.]
 [ 38.  72.  82.  99. 107. 115. 118. 122. 122. 124. 127. 128. 130. 132.
  131. 129. 132. 134. 130. 132. 132. 133. 135. 134. 136. 134. 135. 138.
   96.  93.  95.  94.  93.  92.  93.  93.  92.  94.  93.  94.]
 [ 45.  89. 109. 109. 110. 115. 118. 123. 122. 123. 125. 125. 129. 126.
  129. 130. 130. 129. 131. 129. 131. 129. 130. 131. 134. 135. 131. 132.
   88.  93.  92.  89.  90.  88.  90.  91.  92.  90.  90.  92.]]
##############################
[[ 19.  37.  49.  57.  62.  68.  68.  71.  74.  73.  76.  74.  80.  78.
   74.  76.  77.  77.  73.  80.  76.  78.  78.  77.  79.  79.  78.  80.
   81.  58.  54.  60.  55.  56.  54.  56.  54.  55.  55.  57.]
 [121. 140. 144. 147. 148. 148. 149. 149. 149. 149. 148. 149. 149. 149.
  149. 149. 149. 149. 149. 149. 150. 150. 150. 150. 150. 149. 149. 149.
  149. 100. 100. 100. 100. 100. 100. 100. 100. 100. 100. 100.]
 [ 38.  72.  82.  99. 107. 115. 118. 122. 122. 124. 127. 128. 130. 132.
  131. 129. 132. 134. 130. 132. 132. 133. 135. 134. 136. 134. 135. 138.
  139.  93.  95.  94.  93.  92.  93.  93.  92.  94.  93.  94.]
 [ 45.  89. 109. 109. 110. 115. 118. 123. 122. 123. 125. 125. 129. 126.
  129. 130. 130. 129. 131. 129. 131. 129. 130. 131. 134. 135. 131. 132.
  130.  93.  92.  89.  90.  88.  90.  91.  92.  90.  90.  92.]]
##############################
[[ 19.  37.  49.  57.  62.  68.  68.  71.  74.  73.  76.  74.  80.  78.
   74.  76.  77.  77.  73.  80.  76.  78.  78.  77.  79.  79.  78.  80.
   81.  81.  54.  60.  55.  56.  54.  56.  54.  55.  55.  57.]
 [121. 140. 144. 147. 148. 148. 149. 149. 149. 149. 148. 149. 149. 149.
  149. 149. 149. 149. 149. 149. 150. 150. 150. 150. 150. 149. 149. 149.
  149. 149. 100. 100. 100. 100. 100. 100. 100. 100. 100. 100.]
 [ 38.  72.  82.  99. 107. 115. 118. 122. 122. 124. 127. 128. 130. 132.
  131. 129. 132. 134. 130. 132. 132. 133. 135. 134. 136. 134. 135. 138.
  139. 137.  95.  94.  93.  92.  93.  93.  92.  94.  93.  94.]
 [ 45.  89. 109. 109. 110. 115. 118. 123. 122. 123. 125. 125. 129. 126.
  129. 130. 130. 129. 131. 129. 131. 129. 130. 131. 134. 135. 131. 132.
  130. 136.  92.  89.  90.  88.  90.  91.  92.  90.  90.  92.]]
##############################
[[ 19.  37.  49.  57.  62.  68.  68.  71.  74.  73.  76.  74.  80.  78.
   74.  76.  77.  77.  73.  80.  76.  78.  78.  77.  79.  79.  78.  80.
   81.  81.  77.  60.  55.  56.  54.  56.  54.  55.  55.  57.]
 [121. 140. 144. 147. 148. 148. 149. 149. 149. 149. 148. 149. 149. 149.
  149. 149. 149. 149. 149. 149. 150. 150. 150. 150. 150. 149. 149. 149.
  149. 149. 149. 100. 100. 100. 100. 100. 100. 100. 100. 100.]
 [ 38.  72.  82.  99. 107. 115. 118. 122. 122. 124. 127. 128. 130. 132.
  131. 129. 132. 134. 130. 132. 132. 133. 135. 134. 136. 134. 135. 138.
  139. 137. 138.  94.  93.  92.  93.  93.  92.  94.  93.  94.]
 [ 45.  89. 109. 109. 110. 115. 118. 123. 122. 123. 125. 125. 129. 126.
  129. 130. 130. 129. 131. 129. 131. 129. 130. 131. 134. 135. 131. 132.
  130. 136. 135.  89.  90.  88.  90.  91.  92.  90.  90.  92.]]
##############################
[[ 19.  37.  49.  57.  62.  68.  68.  71.  74.  73.  76.  74.  80.  78.
   74.  76.  77.  77.  73.  80.  76.  78.  78.  77.  79.  79.  78.  80.
   81.  81.  77.  86.  55.  56.  54.  56.  54.  55.  55.  57.]
 [121. 140. 144. 147. 148. 148. 149. 149. 149. 149. 148. 149. 149. 149.
  149. 149. 149. 149. 149. 149. 150. 150. 150. 150. 150. 149. 149. 149.
  149. 149. 149. 150. 100. 100. 100. 100. 100. 100. 100. 100.]
 [ 38.  72.  82.  99. 107. 115. 118. 122. 122. 124. 127. 128. 130. 132.
  131. 129. 132. 134. 130. 132. 132. 133. 135. 134. 136. 134. 135. 138.
  139. 137. 138. 138.  93.  92.  93.  93.  92.  94.  93.  94.]
 [ 45.  89. 109. 109. 110. 115. 118. 123. 122. 123. 125. 125. 129. 126.
  129. 130. 130. 129. 131. 129. 131. 129. 130. 131. 134. 135. 131. 132.
  130. 136. 135. 132.  90.  88.  90.  91.  92.  90.  90.  92.]]
##############################
[[ 19.  37.  49.  57.  62.  68.  68.  71.  74.  73.  76.  74.  80.  78.
   74.  76.  77.  77.  73.  80.  76.  78.  78.  77.  79.  79.  78.  80.
   81.  81.  77.  86.  80.  56.  54.  56.  54.  55.  55.  57.]
 [121. 140. 144. 147. 148. 148. 149. 149. 149. 149. 148. 149. 149. 149.
  149. 149. 149. 149. 149. 149. 150. 150. 150. 150. 150. 149. 149. 149.
  149. 149. 149. 150. 149. 100. 100. 100. 100. 100. 100. 100.]
 [ 38.  72.  82.  99. 107. 115. 118. 122. 122. 124. 127. 128. 130. 132.
  131. 129. 132. 134. 130. 132. 132. 133. 135. 134. 136. 134. 135. 138.
  139. 137. 138. 138. 135.  92.  93.  93.  92.  94.  93.  94.]
 [ 45.  89. 109. 109. 110. 115. 118. 123. 122. 123. 125. 125. 129. 126.
  129. 130. 130. 129. 131. 129. 131. 129. 130. 131. 134. 135. 131. 132.
  130. 136. 135. 132. 132.  88.  90.  91.  92.  90.  90.  92.]]
##############################
[[ 19.  37.  49.  57.  62.  68.  68.  71.  74.  73.  76.  74.  80.  78.
   74.  76.  77.  77.  73.  80.  76.  78.  78.  77.  79.  79.  78.  80.
   81.  81.  77.  86.  80.  81.  54.  56.  54.  55.  55.  57.]
 [121. 140. 144. 147. 148. 148. 149. 149. 149. 149. 148. 149. 149. 149.
  149. 149. 149. 149. 149. 149. 150. 150. 150. 150. 150. 149. 149. 149.
  149. 149. 149. 150. 149. 149. 100. 100. 100. 100. 100. 100.]
 [ 38.  72.  82.  99. 107. 115. 118. 122. 122. 124. 127. 128. 130. 132.
  131. 129. 132. 134. 130. 132. 132. 133. 135. 134. 136. 134. 135. 138.
  139. 137. 138. 138. 135. 136.  93.  93.  92.  94.  93.  94.]
 [ 45.  89. 109. 109. 110. 115. 118. 123. 122. 123. 125. 125. 129. 126.
  129. 130. 130. 129. 131. 129. 131. 129. 130. 131. 134. 135. 131. 132.
  130. 136. 135. 132. 132. 131.  90.  91.  92.  90.  90.  92.]]
##############################
[[ 19.  37.  49.  57.  62.  68.  68.  71.  74.  73.  76.  74.  80.  78.
   74.  76.  77.  77.  73.  80.  76.  78.  78.  77.  79.  79.  78.  80.
   81.  81.  77.  86.  80.  81.  80.  56.  54.  55.  55.  57.]
 [121. 140. 144. 147. 148. 148. 149. 149. 149. 149. 148. 149. 149. 149.
  149. 149. 149. 149. 149. 149. 150. 150. 150. 150. 150. 149. 149. 149.
  149. 149. 149. 150. 149. 149. 149. 100. 100. 100. 100. 100.]
 [ 38.  72.  82.  99. 107. 115. 118. 122. 122. 124. 127. 128. 130. 132.
  131. 129. 132. 134. 130. 132. 132. 133. 135. 134. 136. 134. 135. 138.
  139. 137. 138. 138. 135. 136. 137.  93.  92.  94.  93.  94.]
 [ 45.  89. 109. 109. 110. 115. 118. 123. 122. 123. 125. 125. 129. 126.
  129. 130. 130. 129. 131. 129. 131. 129. 130. 131. 134. 135. 131. 132.
  130. 136. 135. 132. 132. 131. 133.  91.  92.  90.  90.  92.]]
##############################
[[ 19.  37.  49.  57.  62.  68.  68.  71.  74.  73.  76.  74.  80.  78.
   74.  76.  77.  77.  73.  80.  76.  78.  78.  77.  79.  79.  78.  80.
   81.  81.  77.  86.  80.  81.  80.  81.  54.  55.  55.  57.]
 [121. 140. 144. 147. 148. 148. 149. 149. 149. 149. 148. 149. 149. 149.
  149. 149. 149. 149. 149. 149. 150. 150. 150. 150. 150. 149. 149. 149.
  149. 149. 149. 150. 149. 149. 149. 149. 100. 100. 100. 100.]
 [ 38.  72.  82.  99. 107. 115. 118. 122. 122. 124. 127. 128. 130. 132.
  131. 129. 132. 134. 130. 132. 132. 133. 135. 134. 136. 134. 135. 138.
  139. 137. 138. 138. 135. 136. 137. 137.  92.  94.  93.  94.]
 [ 45.  89. 109. 109. 110. 115. 118. 123. 122. 123. 125. 125. 129. 126.
  129. 130. 130. 129. 131. 129. 131. 129. 130. 131. 134. 135. 131. 132.
  130. 136. 135. 132. 132. 131. 133. 133.  92.  90.  90.  92.]]
##############################
[[ 19.  37.  49.  57.  62.  68.  68.  71.  74.  73.  76.  74.  80.  78.
   74.  76.  77.  77.  73.  80.  76.  78.  78.  77.  79.  79.  78.  80.
   81.  81.  77.  86.  80.  81.  80.  81.  77.  55.  55.  57.]
 [121. 140. 144. 147. 148. 148. 149. 149. 149. 149. 148. 149. 149. 149.
  149. 149. 149. 149. 149. 149. 150. 150. 150. 150. 150. 149. 149. 149.
  149. 149. 149. 150. 149. 149. 149. 149. 149. 100. 100. 100.]
 [ 38.  72.  82.  99. 107. 115. 118. 122. 122. 124. 127. 128. 130. 132.
  131. 129. 132. 134. 130. 132. 132. 133. 135. 134. 136. 134. 135. 138.
  139. 137. 138. 138. 135. 136. 137. 137. 137.  94.  93.  94.]
 [ 45.  89. 109. 109. 110. 115. 118. 123. 122. 123. 125. 125. 129. 126.
  129. 130. 130. 129. 131. 129. 131. 129. 130. 131. 134. 135. 131. 132.
  130. 136. 135. 132. 132. 131. 133. 133. 135.  90.  90.  92.]]
##############################
[[ 19.  37.  49.  57.  62.  68.  68.  71.  74.  73.  76.  74.  80.  78.
   74.  76.  77.  77.  73.  80.  76.  78.  78.  77.  79.  79.  78.  80.
   81.  81.  77.  86.  80.  81.  80.  81.  77.  79.  55.  57.]
 [121. 140. 144. 147. 148. 148. 149. 149. 149. 149. 148. 149. 149. 149.
  149. 149. 149. 149. 149. 149. 150. 150. 150. 150. 150. 149. 149. 149.
  149. 149. 149. 150. 149. 149. 149. 149. 149. 149. 100. 100.]
 [ 38.  72.  82.  99. 107. 115. 118. 122. 122. 124. 127. 128. 130. 132.
  131. 129. 132. 134. 130. 132. 132. 133. 135. 134. 136. 134. 135. 138.
  139. 137. 138. 138. 135. 136. 137. 137. 137. 138.  93.  94.]
 [ 45.  89. 109. 109. 110. 115. 118. 123. 122. 123. 125. 125. 129. 126.
  129. 130. 130. 129. 131. 129. 131. 129. 130. 131. 134. 135. 131. 132.
  130. 136. 135. 132. 132. 131. 133. 133. 135. 132.  90.  92.]]
##############################
[[ 19.  37.  49.  57.  62.  68.  68.  71.  74.  73.  76.  74.  80.  78.
   74.  76.  77.  77.  73.  80.  76.  78.  78.  77.  79.  79.  78.  80.
   81.  81.  77.  86.  80.  81.  80.  81.  77.  79.  79.  57.]
 [121. 140. 144. 147. 148. 148. 149. 149. 149. 149. 148. 149. 149. 149.
  149. 149. 149. 149. 149. 149. 150. 150. 150. 150. 150. 149. 149. 149.
  149. 149. 149. 150. 149. 149. 149. 149. 149. 149. 150. 100.]
 [ 38.  72.  82.  99. 107. 115. 118. 122. 122. 124. 127. 128. 130. 132.
  131. 129. 132. 134. 130. 132. 132. 133. 135. 134. 136. 134. 135. 138.
  139. 137. 138. 138. 135. 136. 137. 137. 137. 138. 136.  94.]
 [ 45.  89. 109. 109. 110. 115. 118. 123. 122. 123. 125. 125. 129. 126.
  129. 130. 130. 129. 131. 129. 131. 129. 130. 131. 134. 135. 131. 132.
  130. 136. 135. 132. 132. 131. 133. 133. 135. 132. 132.  92.]]
##############################
[[ 19.  37.  49.  57.  62.  68.  68.  71.  74.  73.  76.  74.  80.  78.
   74.  76.  77.  77.  73.  80.  76.  78.  78.  77.  79.  79.  78.  80.
   81.  81.  77.  86.  80.  81.  80.  81.  77.  79.  79.  82.]
 [121. 140. 144. 147. 148. 148. 149. 149. 149. 149. 148. 149. 149. 149.
  149. 149. 149. 149. 149. 149. 150. 150. 150. 150. 150. 149. 149. 149.
  149. 149. 149. 150. 149. 149. 149. 149. 149. 149. 150. 150.]
 [ 38.  72.  82.  99. 107. 115. 118. 122. 122. 124. 127. 128. 130. 132.
  131. 129. 132. 134. 130. 132. 132. 133. 135. 134. 136. 134. 135. 138.
  139. 137. 138. 138. 135. 136. 137. 137. 137. 138. 136. 138.]
 [ 45.  89. 109. 109. 110. 115. 118. 123. 122. 123. 125. 125. 129. 126.
  129. 130. 130. 129. 131. 129. 131. 129. 130. 131. 134. 135. 131. 132.
  130. 136. 135. 132. 132. 131. 133. 133. 135. 132. 132. 134.]]
##############################
##################################################
##################################################
starting :4 batch
[[ 24.  37.  49.  57.  62.  68.  68.  71.  74.  73.  76.  74.  80.  78.
   74.  76.  77.  77.  73.  80.  76.  78.  78.  77.  79.  79.  78.  80.
   81.  81.  77.  86.  80.  81.  80.  81.  77.  79.  79.  82.]
 [163. 140. 144. 147. 148. 148. 149. 149. 149. 149. 148. 149. 149. 149.
  149. 149. 149. 149. 149. 149. 150. 150. 150. 150. 150. 149. 149. 149.
  149. 149. 149. 150. 149. 149. 149. 149. 149. 149. 150. 150.]
 [ 51.  72.  82.  99. 107. 115. 118. 122. 122. 124. 127. 128. 130. 132.
  131. 129. 132. 134. 130. 132. 132. 133. 135. 134. 136. 134. 135. 138.
  139. 137. 138. 138. 135. 136. 137. 137. 137. 138. 136. 138.]
 [ 63.  89. 109. 109. 110. 115. 118. 123. 122. 123. 125. 125. 129. 126.
  129. 130. 130. 129. 131. 129. 131. 129. 130. 131. 134. 135. 131. 132.
  130. 136. 135. 132. 132. 131. 133. 133. 135. 132. 132. 134.]]
##############################
[[ 24.  45.  49.  57.  62.  68.  68.  71.  74.  73.  76.  74.  80.  78.
   74.  76.  77.  77.  73.  80.  76.  78.  78.  77.  79.  79.  78.  80.
   81.  81.  77.  86.  80.  81.  80.  81.  77.  79.  79.  82.]
 [163. 188. 144. 147. 148. 148. 149. 149. 149. 149. 148. 149. 149. 149.
  149. 149. 149. 149. 149. 149. 150. 150. 150. 150. 150. 149. 149. 149.
  149. 149. 149. 150. 149. 149. 149. 149. 149. 149. 150. 150.]
 [ 51.  97.  82.  99. 107. 115. 118. 122. 122. 124. 127. 128. 130. 132.
  131. 129. 132. 134. 130. 132. 132. 133. 135. 134. 136. 134. 135. 138.
  139. 137. 138. 138. 135. 136. 137. 137. 137. 138. 136. 138.]
 [ 63. 116. 109. 109. 110. 115. 118. 123. 122. 123. 125. 125. 129. 126.
  129. 130. 130. 129. 131. 129. 131. 129. 130. 131. 134. 135. 131. 132.
  130. 136. 135. 132. 132. 131. 133. 133. 135. 132. 132. 134.]]
##############################
[[ 24.  45.  61.  57.  62.  68.  68.  71.  74.  73.  76.  74.  80.  78.
   74.  76.  77.  77.  73.  80.  76.  78.  78.  77.  79.  79.  78.  80.
   81.  81.  77.  86.  80.  81.  80.  81.  77.  79.  79.  82.]
 [163. 188. 193. 147. 148. 148. 149. 149. 149. 149. 148. 149. 149. 149.
  149. 149. 149. 149. 149. 149. 150. 150. 150. 150. 150. 149. 149. 149.
  149. 149. 149. 150. 149. 149. 149. 149. 149. 149. 150. 150.]
 [ 51.  97. 115.  99. 107. 115. 118. 122. 122. 124. 127. 128. 130. 132.
  131. 129. 132. 134. 130. 132. 132. 133. 135. 134. 136. 134. 135. 138.
  139. 137. 138. 138. 135. 136. 137. 137. 137. 138. 136. 138.]
 [ 63. 116. 141. 109. 110. 115. 118. 123. 122. 123. 125. 125. 129. 126.
  129. 130. 130. 129. 131. 129. 131. 129. 130. 131. 134. 135. 131. 132.
  130. 136. 135. 132. 132. 131. 133. 133. 135. 132. 132. 134.]]
##############################
[[ 24.  45.  61.  71.  62.  68.  68.  71.  74.  73.  76.  74.  80.  78.
   74.  76.  77.  77.  73.  80.  76.  78.  78.  77.  79.  79.  78.  80.
   81.  81.  77.  86.  80.  81.  80.  81.  77.  79.  79.  82.]
 [163. 188. 193. 197. 148. 148. 149. 149. 149. 149. 148. 149. 149. 149.
  149. 149. 149. 149. 149. 149. 150. 150. 150. 150. 150. 149. 149. 149.
  149. 149. 149. 150. 149. 149. 149. 149. 149. 149. 150. 150.]
 [ 51.  97. 115. 135. 107. 115. 118. 122. 122. 124. 127. 128. 130. 132.
  131. 129. 132. 134. 130. 132. 132. 133. 135. 134. 136. 134. 135. 138.
  139. 137. 138. 138. 135. 136. 137. 137. 137. 138. 136. 138.]
 [ 63. 116. 141. 141. 110. 115. 118. 123. 122. 123. 125. 125. 129. 126.
  129. 130. 130. 129. 131. 129. 131. 129. 130. 131. 134. 135. 131. 132.
  130. 136. 135. 132. 132. 131. 133. 133. 135. 132. 132. 134.]]
##############################
[[ 24.  45.  61.  71.  83.  68.  68.  71.  74.  73.  76.  74.  80.  78.
   74.  76.  77.  77.  73.  80.  76.  78.  78.  77.  79.  79.  78.  80.
   81.  81.  77.  86.  80.  81.  80.  81.  77.  79.  79.  82.]
 [163. 188. 193. 197. 198. 148. 149. 149. 149. 149. 148. 149. 149. 149.
  149. 149. 149. 149. 149. 149. 150. 150. 150. 150. 150. 149. 149. 149.
  149. 149. 149. 150. 149. 149. 149. 149. 149. 149. 150. 150.]
 [ 51.  97. 115. 135. 145. 115. 118. 122. 122. 124. 127. 128. 130. 132.
  131. 129. 132. 134. 130. 132. 132. 133. 135. 134. 136. 134. 135. 138.
  139. 137. 138. 138. 135. 136. 137. 137. 137. 138. 136. 138.]
 [ 63. 116. 141. 141. 149. 115. 118. 123. 122. 123. 125. 125. 129. 126.
  129. 130. 130. 129. 131. 129. 131. 129. 130. 131. 134. 135. 131. 132.
  130. 136. 135. 132. 132. 131. 133. 133. 135. 132. 132. 134.]]
##############################
[[ 24.  45.  61.  71.  83.  88.  68.  71.  74.  73.  76.  74.  80.  78.
   74.  76.  77.  77.  73.  80.  76.  78.  78.  77.  79.  79.  78.  80.
   81.  81.  77.  86.  80.  81.  80.  81.  77.  79.  79.  82.]
 [163. 188. 193. 197. 198. 198. 149. 149. 149. 149. 148. 149. 149. 149.
  149. 149. 149. 149. 149. 149. 150. 150. 150. 150. 150. 149. 149. 149.
  149. 149. 149. 150. 149. 149. 149. 149. 149. 149. 150. 150.]
 [ 51.  97. 115. 135. 145. 154. 118. 122. 122. 124. 127. 128. 130. 132.
  131. 129. 132. 134. 130. 132. 132. 133. 135. 134. 136. 134. 135. 138.
  139. 137. 138. 138. 135. 136. 137. 137. 137. 138. 136. 138.]
 [ 63. 116. 141. 141. 149. 154. 118. 123. 122. 123. 125. 125. 129. 126.
  129. 130. 130. 129. 131. 129. 131. 129. 130. 131. 134. 135. 131. 132.
  130. 136. 135. 132. 132. 131. 133. 133. 135. 132. 132. 134.]]
##############################
[[ 24.  45.  61.  71.  83.  88.  88.  71.  74.  73.  76.  74.  80.  78.
   74.  76.  77.  77.  73.  80.  76.  78.  78.  77.  79.  79.  78.  80.
   81.  81.  77.  86.  80.  81.  80.  81.  77.  79.  79.  82.]
 [163. 188. 193. 197. 198. 198. 198. 149. 149. 149. 148. 149. 149. 149.
  149. 149. 149. 149. 149. 149. 150. 150. 150. 150. 150. 149. 149. 149.
  149. 149. 149. 150. 149. 149. 149. 149. 149. 149. 150. 150.]
 [ 51.  97. 115. 135. 145. 154. 158. 122. 122. 124. 127. 128. 130. 132.
  131. 129. 132. 134. 130. 132. 132. 133. 135. 134. 136. 134. 135. 138.
  139. 137. 138. 138. 135. 136. 137. 137. 137. 138. 136. 138.]
 [ 63. 116. 141. 141. 149. 154. 161. 123. 122. 123. 125. 125. 129. 126.
  129. 130. 130. 129. 131. 129. 131. 129. 130. 131. 134. 135. 131. 132.
  130. 136. 135. 132. 132. 131. 133. 133. 135. 132. 132. 134.]]
##############################
[[ 24.  45.  61.  71.  83.  88.  88.  95.  74.  73.  76.  74.  80.  78.
   74.  76.  77.  77.  73.  80.  76.  78.  78.  77.  79.  79.  78.  80.
   81.  81.  77.  86.  80.  81.  80.  81.  77.  79.  79.  82.]
 [163. 188. 193. 197. 198. 198. 198. 198. 149. 149. 148. 149. 149. 149.
  149. 149. 149. 149. 149. 149. 150. 150. 150. 150. 150. 149. 149. 149.
  149. 149. 149. 150. 149. 149. 149. 149. 149. 149. 150. 150.]
 [ 51.  97. 115. 135. 145. 154. 158. 161. 122. 124. 127. 128. 130. 132.
  131. 129. 132. 134. 130. 132. 132. 133. 135. 134. 136. 134. 135. 138.
  139. 137. 138. 138. 135. 136. 137. 137. 137. 138. 136. 138.]
 [ 63. 116. 141. 141. 149. 154. 161. 164. 122. 123. 125. 125. 129. 126.
  129. 130. 130. 129. 131. 129. 131. 129. 130. 131. 134. 135. 131. 132.
  130. 136. 135. 132. 132. 131. 133. 133. 135. 132. 132. 134.]]
##############################
[[ 24.  45.  61.  71.  83.  88.  88.  95.  96.  73.  76.  74.  80.  78.
   74.  76.  77.  77.  73.  80.  76.  78.  78.  77.  79.  79.  78.  80.
   81.  81.  77.  86.  80.  81.  80.  81.  77.  79.  79.  82.]
 [163. 188. 193. 197. 198. 198. 198. 198. 198. 149. 148. 149. 149. 149.
  149. 149. 149. 149. 149. 149. 150. 150. 150. 150. 150. 149. 149. 149.
  149. 149. 149. 150. 149. 149. 149. 149. 149. 149. 150. 150.]
 [ 51.  97. 115. 135. 145. 154. 158. 161. 164. 124. 127. 128. 130. 132.
  131. 129. 132. 134. 130. 132. 132. 133. 135. 134. 136. 134. 135. 138.
  139. 137. 138. 138. 135. 136. 137. 137. 137. 138. 136. 138.]
 [ 63. 116. 141. 141. 149. 154. 161. 164. 165. 123. 125. 125. 129. 126.
  129. 130. 130. 129. 131. 129. 131. 129. 130. 131. 134. 135. 131. 132.
  130. 136. 135. 132. 132. 131. 133. 133. 135. 132. 132. 134.]]
##############################
[[ 24.  45.  61.  71.  83.  88.  88.  95.  96.  98.  76.  74.  80.  78.
   74.  76.  77.  77.  73.  80.  76.  78.  78.  77.  79.  79.  78.  80.
   81.  81.  77.  86.  80.  81.  80.  81.  77.  79.  79.  82.]
 [163. 188. 193. 197. 198. 198. 198. 198. 198. 199. 148. 149. 149. 149.
  149. 149. 149. 149. 149. 149. 150. 150. 150. 150. 150. 149. 149. 149.
  149. 149. 149. 150. 149. 149. 149. 149. 149. 149. 150. 150.]
 [ 51.  97. 115. 135. 145. 154. 158. 161. 164. 166. 127. 128. 130. 132.
  131. 129. 132. 134. 130. 132. 132. 133. 135. 134. 136. 134. 135. 138.
  139. 137. 138. 138. 135. 136. 137. 137. 137. 138. 136. 138.]
 [ 63. 116. 141. 141. 149. 154. 161. 164. 165. 166. 125. 125. 129. 126.
  129. 130. 130. 129. 131. 129. 131. 129. 130. 131. 134. 135. 131. 132.
  130. 136. 135. 132. 132. 131. 133. 133. 135. 132. 132. 134.]]
##############################
[[ 24.  45.  61.  71.  83.  88.  88.  95.  96.  98.  98.  74.  80.  78.
   74.  76.  77.  77.  73.  80.  76.  78.  78.  77.  79.  79.  78.  80.
   81.  81.  77.  86.  80.  81.  80.  81.  77.  79.  79.  82.]
 [163. 188. 193. 197. 198. 198. 198. 198. 198. 199. 198. 149. 149. 149.
  149. 149. 149. 149. 149. 149. 150. 150. 150. 150. 150. 149. 149. 149.
  149. 149. 149. 150. 149. 149. 149. 149. 149. 149. 150. 150.]
 [ 51.  97. 115. 135. 145. 154. 158. 161. 164. 166. 169. 128. 130. 132.
  131. 129. 132. 134. 130. 132. 132. 133. 135. 134. 136. 134. 135. 138.
  139. 137. 138. 138. 135. 136. 137. 137. 137. 138. 136. 138.]
 [ 63. 116. 141. 141. 149. 154. 161. 164. 165. 166. 170. 125. 129. 126.
  129. 130. 130. 129. 131. 129. 131. 129. 130. 131. 134. 135. 131. 132.
  130. 136. 135. 132. 132. 131. 133. 133. 135. 132. 132. 134.]]
##############################
[[ 24.  45.  61.  71.  83.  88.  88.  95.  96.  98.  98.  98.  80.  78.
   74.  76.  77.  77.  73.  80.  76.  78.  78.  77.  79.  79.  78.  80.
   81.  81.  77.  86.  80.  81.  80.  81.  77.  79.  79.  82.]
 [163. 188. 193. 197. 198. 198. 198. 198. 198. 199. 198. 198. 149. 149.
  149. 149. 149. 149. 149. 149. 150. 150. 150. 150. 150. 149. 149. 149.
  149. 149. 149. 150. 149. 149. 149. 149. 149. 149. 150. 150.]
 [ 51.  97. 115. 135. 145. 154. 158. 161. 164. 166. 169. 171. 130. 132.
  131. 129. 132. 134. 130. 132. 132. 133. 135. 134. 136. 134. 135. 138.
  139. 137. 138. 138. 135. 136. 137. 137. 137. 138. 136. 138.]
 [ 63. 116. 141. 141. 149. 154. 161. 164. 165. 166. 170. 167. 129. 126.
  129. 130. 130. 129. 131. 129. 131. 129. 130. 131. 134. 135. 131. 132.
  130. 136. 135. 132. 132. 131. 133. 133. 135. 132. 132. 134.]]
##############################
[[ 24.  45.  61.  71.  83.  88.  88.  95.  96.  98.  98.  98. 106.  78.
   74.  76.  77.  77.  73.  80.  76.  78.  78.  77.  79.  79.  78.  80.
   81.  81.  77.  86.  80.  81.  80.  81.  77.  79.  79.  82.]
 [163. 188. 193. 197. 198. 198. 198. 198. 198. 199. 198. 198. 199. 149.
  149. 149. 149. 149. 149. 149. 150. 150. 150. 150. 150. 149. 149. 149.
  149. 149. 149. 150. 149. 149. 149. 149. 149. 149. 150. 150.]
 [ 51.  97. 115. 135. 145. 154. 158. 161. 164. 166. 169. 171. 174. 132.
  131. 129. 132. 134. 130. 132. 132. 133. 135. 134. 136. 134. 135. 138.
  139. 137. 138. 138. 135. 136. 137. 137. 137. 138. 136. 138.]
 [ 63. 116. 141. 141. 149. 154. 161. 164. 165. 166. 170. 167. 173. 126.
  129. 130. 130. 129. 131. 129. 131. 129. 130. 131. 134. 135. 131. 132.
  130. 136. 135. 132. 132. 131. 133. 133. 135. 132. 132. 134.]]
##############################
[[ 24.  45.  61.  71.  83.  88.  88.  95.  96.  98.  98.  98. 106. 104.
   74.  76.  77.  77.  73.  80.  76.  78.  78.  77.  79.  79.  78.  80.
   81.  81.  77.  86.  80.  81.  80.  81.  77.  79.  79.  82.]
 [163. 188. 193. 197. 198. 198. 198. 198. 198. 199. 198. 198. 199. 199.
  149. 149. 149. 149. 149. 149. 150. 150. 150. 150. 150. 149. 149. 149.
  149. 149. 149. 150. 149. 149. 149. 149. 149. 149. 150. 150.]
 [ 51.  97. 115. 135. 145. 154. 158. 161. 164. 166. 169. 171. 174. 176.
  131. 129. 132. 134. 130. 132. 132. 133. 135. 134. 136. 134. 135. 138.
  139. 137. 138. 138. 135. 136. 137. 137. 137. 138. 136. 138.]
 [ 63. 116. 141. 141. 149. 154. 161. 164. 165. 166. 170. 167. 173. 168.
  129. 130. 130. 129. 131. 129. 131. 129. 130. 131. 134. 135. 131. 132.
  130. 136. 135. 132. 132. 131. 133. 133. 135. 132. 132. 134.]]
##############################
[[ 24.  45.  61.  71.  83.  88.  88.  95.  96.  98.  98.  98. 106. 104.
  101.  76.  77.  77.  73.  80.  76.  78.  78.  77.  79.  79.  78.  80.
   81.  81.  77.  86.  80.  81.  80.  81.  77.  79.  79.  82.]
 [163. 188. 193. 197. 198. 198. 198. 198. 198. 199. 198. 198. 199. 199.
  199. 149. 149. 149. 149. 149. 150. 150. 150. 150. 150. 149. 149. 149.
  149. 149. 149. 150. 149. 149. 149. 149. 149. 149. 150. 150.]
 [ 51.  97. 115. 135. 145. 154. 158. 161. 164. 166. 169. 171. 174. 176.
  174. 129. 132. 134. 130. 132. 132. 133. 135. 134. 136. 134. 135. 138.
  139. 137. 138. 138. 135. 136. 137. 137. 137. 138. 136. 138.]
 [ 63. 116. 141. 141. 149. 154. 161. 164. 165. 166. 170. 167. 173. 168.
  173. 130. 130. 129. 131. 129. 131. 129. 130. 131. 134. 135. 131. 132.
  130. 136. 135. 132. 132. 131. 133. 133. 135. 132. 132. 134.]]
##############################
[[ 24.  45.  61.  71.  83.  88.  88.  95.  96.  98.  98.  98. 106. 104.
  101. 102.  77.  77.  73.  80.  76.  78.  78.  77.  79.  79.  78.  80.
   81.  81.  77.  86.  80.  81.  80.  81.  77.  79.  79.  82.]
 [163. 188. 193. 197. 198. 198. 198. 198. 198. 199. 198. 198. 199. 199.
  199. 199. 149. 149. 149. 149. 150. 150. 150. 150. 150. 149. 149. 149.
  149. 149. 149. 150. 149. 149. 149. 149. 149. 149. 150. 150.]
 [ 51.  97. 115. 135. 145. 154. 158. 161. 164. 166. 169. 171. 174. 176.
  174. 171. 132. 134. 130. 132. 132. 133. 135. 134. 136. 134. 135. 138.
  139. 137. 138. 138. 135. 136. 137. 137. 137. 138. 136. 138.]
 [ 63. 116. 141. 141. 149. 154. 161. 164. 165. 166. 170. 167. 173. 168.
  173. 173. 130. 129. 131. 129. 131. 129. 130. 131. 134. 135. 131. 132.
  130. 136. 135. 132. 132. 131. 133. 133. 135. 132. 132. 134.]]
##############################
[[ 24.  45.  61.  71.  83.  88.  88.  95.  96.  98.  98.  98. 106. 104.
  101. 102. 103.  77.  73.  80.  76.  78.  78.  77.  79.  79.  78.  80.
   81.  81.  77.  86.  80.  81.  80.  81.  77.  79.  79.  82.]
 [163. 188. 193. 197. 198. 198. 198. 198. 198. 199. 198. 198. 199. 199.
  199. 199. 199. 149. 149. 149. 150. 150. 150. 150. 150. 149. 149. 149.
  149. 149. 149. 150. 149. 149. 149. 149. 149. 149. 150. 150.]
 [ 51.  97. 115. 135. 145. 154. 158. 161. 164. 166. 169. 171. 174. 176.
  174. 171. 175. 134. 130. 132. 132. 133. 135. 134. 136. 134. 135. 138.
  139. 137. 138. 138. 135. 136. 137. 137. 137. 138. 136. 138.]
 [ 63. 116. 141. 141. 149. 154. 161. 164. 165. 166. 170. 167. 173. 168.
  173. 173. 175. 129. 131. 129. 131. 129. 130. 131. 134. 135. 131. 132.
  130. 136. 135. 132. 132. 131. 133. 133. 135. 132. 132. 134.]]
##############################
[[ 24.  45.  61.  71.  83.  88.  88.  95.  96.  98.  98.  98. 106. 104.
  101. 102. 103. 102.  73.  80.  76.  78.  78.  77.  79.  79.  78.  80.
   81.  81.  77.  86.  80.  81.  80.  81.  77.  79.  79.  82.]
 [163. 188. 193. 197. 198. 198. 198. 198. 198. 199. 198. 198. 199. 199.
  199. 199. 199. 199. 149. 149. 150. 150. 150. 150. 150. 149. 149. 149.
  149. 149. 149. 150. 149. 149. 149. 149. 149. 149. 150. 150.]
 [ 51.  97. 115. 135. 145. 154. 158. 161. 164. 166. 169. 171. 174. 176.
  174. 171. 175. 179. 130. 132. 132. 133. 135. 134. 136. 134. 135. 138.
  139. 137. 138. 138. 135. 136. 137. 137. 137. 138. 136. 138.]
 [ 63. 116. 141. 141. 149. 154. 161. 164. 165. 166. 170. 167. 173. 168.
  173. 173. 175. 175. 131. 129. 131. 129. 130. 131. 134. 135. 131. 132.
  130. 136. 135. 132. 132. 131. 133. 133. 135. 132. 132. 134.]]
##############################
[[ 24.  45.  61.  71.  83.  88.  88.  95.  96.  98.  98.  98. 106. 104.
  101. 102. 103. 102.  97.  80.  76.  78.  78.  77.  79.  79.  78.  80.
   81.  81.  77.  86.  80.  81.  80.  81.  77.  79.  79.  82.]
 [163. 188. 193. 197. 198. 198. 198. 198. 198. 199. 198. 198. 199. 199.
  199. 199. 199. 199. 199. 149. 150. 150. 150. 150. 150. 149. 149. 149.
  149. 149. 149. 150. 149. 149. 149. 149. 149. 149. 150. 150.]
 [ 51.  97. 115. 135. 145. 154. 158. 161. 164. 166. 169. 171. 174. 176.
  174. 171. 175. 179. 174. 132. 132. 133. 135. 134. 136. 134. 135. 138.
  139. 137. 138. 138. 135. 136. 137. 137. 137. 138. 136. 138.]
 [ 63. 116. 141. 141. 149. 154. 161. 164. 165. 166. 170. 167. 173. 168.
  173. 173. 175. 175. 178. 129. 131. 129. 130. 131. 134. 135. 131. 132.
  130. 136. 135. 132. 132. 131. 133. 133. 135. 132. 132. 134.]]
##############################
[[ 24.  45.  61.  71.  83.  88.  88.  95.  96.  98.  98.  98. 106. 104.
  101. 102. 103. 102.  97. 106.  76.  78.  78.  77.  79.  79.  78.  80.
   81.  81.  77.  86.  80.  81.  80.  81.  77.  79.  79.  82.]
 [163. 188. 193. 197. 198. 198. 198. 198. 198. 199. 198. 198. 199. 199.
  199. 199. 199. 199. 199. 199. 150. 150. 150. 150. 150. 149. 149. 149.
  149. 149. 149. 150. 149. 149. 149. 149. 149. 149. 150. 150.]
 [ 51.  97. 115. 135. 145. 154. 158. 161. 164. 166. 169. 171. 174. 176.
  174. 171. 175. 179. 174. 177. 132. 133. 135. 134. 136. 134. 135. 138.
  139. 137. 138. 138. 135. 136. 137. 137. 137. 138. 136. 138.]
 [ 63. 116. 141. 141. 149. 154. 161. 164. 165. 166. 170. 167. 173. 168.
  173. 173. 175. 175. 178. 175. 131. 129. 130. 131. 134. 135. 131. 132.
  130. 136. 135. 132. 132. 131. 133. 133. 135. 132. 132. 134.]]
##############################
[[ 24.  45.  61.  71.  83.  88.  88.  95.  96.  98.  98.  98. 106. 104.
  101. 102. 103. 102.  97. 106.  99.  78.  78.  77.  79.  79.  78.  80.
   81.  81.  77.  86.  80.  81.  80.  81.  77.  79.  79.  82.]
 [163. 188. 193. 197. 198. 198. 198. 198. 198. 199. 198. 198. 199. 199.
  199. 199. 199. 199. 199. 199. 200. 150. 150. 150. 150. 149. 149. 149.
  149. 149. 149. 150. 149. 149. 149. 149. 149. 149. 150. 150.]
 [ 51.  97. 115. 135. 145. 154. 158. 161. 164. 166. 169. 171. 174. 176.
  174. 171. 175. 179. 174. 177. 178. 133. 135. 134. 136. 134. 135. 138.
  139. 137. 138. 138. 135. 136. 137. 137. 137. 138. 136. 138.]
 [ 63. 116. 141. 141. 149. 154. 161. 164. 165. 166. 170. 167. 173. 168.
  173. 173. 175. 175. 178. 175. 177. 129. 130. 131. 134. 135. 131. 132.
  130. 136. 135. 132. 132. 131. 133. 133. 135. 132. 132. 134.]]
##############################
[[ 24.  45.  61.  71.  83.  88.  88.  95.  96.  98.  98.  98. 106. 104.
  101. 102. 103. 102.  97. 106.  99. 101.  78.  77.  79.  79.  78.  80.
   81.  81.  77.  86.  80.  81.  80.  81.  77.  79.  79.  82.]
 [163. 188. 193. 197. 198. 198. 198. 198. 198. 199. 198. 198. 199. 199.
  199. 199. 199. 199. 199. 199. 200. 200. 150. 150. 150. 149. 149. 149.
  149. 149. 149. 150. 149. 149. 149. 149. 149. 149. 150. 150.]
 [ 51.  97. 115. 135. 145. 154. 158. 161. 164. 166. 169. 171. 174. 176.
  174. 171. 175. 179. 174. 177. 178. 178. 135. 134. 136. 134. 135. 138.
  139. 137. 138. 138. 135. 136. 137. 137. 137. 138. 136. 138.]
 [ 63. 116. 141. 141. 149. 154. 161. 164. 165. 166. 170. 167. 173. 168.
  173. 173. 175. 175. 178. 175. 177. 175. 130. 131. 134. 135. 131. 132.
  130. 136. 135. 132. 132. 131. 133. 133. 135. 132. 132. 134.]]
##############################
[[ 24.  45.  61.  71.  83.  88.  88.  95.  96.  98.  98.  98. 106. 104.
  101. 102. 103. 102.  97. 106.  99. 101. 102.  77.  79.  79.  78.  80.
   81.  81.  77.  86.  80.  81.  80.  81.  77.  79.  79.  82.]
 [163. 188. 193. 197. 198. 198. 198. 198. 198. 199. 198. 198. 199. 199.
  199. 199. 199. 199. 199. 199. 200. 200. 200. 150. 150. 149. 149. 149.
  149. 149. 149. 150. 149. 149. 149. 149. 149. 149. 150. 150.]
 [ 51.  97. 115. 135. 145. 154. 158. 161. 164. 166. 169. 171. 174. 176.
  174. 171. 175. 179. 174. 177. 178. 178. 181. 134. 136. 134. 135. 138.
  139. 137. 138. 138. 135. 136. 137. 137. 137. 138. 136. 138.]
 [ 63. 116. 141. 141. 149. 154. 161. 164. 165. 166. 170. 167. 173. 168.
  173. 173. 175. 175. 178. 175. 177. 175. 176. 131. 134. 135. 131. 132.
  130. 136. 135. 132. 132. 131. 133. 133. 135. 132. 132. 134.]]
##############################
[[ 24.  45.  61.  71.  83.  88.  88.  95.  96.  98.  98.  98. 106. 104.
  101. 102. 103. 102.  97. 106.  99. 101. 102. 102.  79.  79.  78.  80.
   81.  81.  77.  86.  80.  81.  80.  81.  77.  79.  79.  82.]
 [163. 188. 193. 197. 198. 198. 198. 198. 198. 199. 198. 198. 199. 199.
  199. 199. 199. 199. 199. 199. 200. 200. 200. 200. 150. 149. 149. 149.
  149. 149. 149. 150. 149. 149. 149. 149. 149. 149. 150. 150.]
 [ 51.  97. 115. 135. 145. 154. 158. 161. 164. 166. 169. 171. 174. 176.
  174. 171. 175. 179. 174. 177. 178. 178. 181. 180. 136. 134. 135. 138.
  139. 137. 138. 138. 135. 136. 137. 137. 137. 138. 136. 138.]
 [ 63. 116. 141. 141. 149. 154. 161. 164. 165. 166. 170. 167. 173. 168.
  173. 173. 175. 175. 178. 175. 177. 175. 176. 177. 134. 135. 131. 132.
  130. 136. 135. 132. 132. 131. 133. 133. 135. 132. 132. 134.]]
##############################
[[ 24.  45.  61.  71.  83.  88.  88.  95.  96.  98.  98.  98. 106. 104.
  101. 102. 103. 102.  97. 106.  99. 101. 102. 102. 104.  79.  78.  80.
   81.  81.  77.  86.  80.  81.  80.  81.  77.  79.  79.  82.]
 [163. 188. 193. 197. 198. 198. 198. 198. 198. 199. 198. 198. 199. 199.
  199. 199. 199. 199. 199. 199. 200. 200. 200. 200. 200. 149. 149. 149.
  149. 149. 149. 150. 149. 149. 149. 149. 149. 149. 150. 150.]
 [ 51.  97. 115. 135. 145. 154. 158. 161. 164. 166. 169. 171. 174. 176.
  174. 171. 175. 179. 174. 177. 178. 178. 181. 180. 181. 134. 135. 138.
  139. 137. 138. 138. 135. 136. 137. 137. 137. 138. 136. 138.]
 [ 63. 116. 141. 141. 149. 154. 161. 164. 165. 166. 170. 167. 173. 168.
  173. 173. 175. 175. 178. 175. 177. 175. 176. 177. 182. 135. 131. 132.
  130. 136. 135. 132. 132. 131. 133. 133. 135. 132. 132. 134.]]
##############################
[[ 24.  45.  61.  71.  83.  88.  88.  95.  96.  98.  98.  98. 106. 104.
  101. 102. 103. 102.  97. 106.  99. 101. 102. 102. 104. 104.  78.  80.
   81.  81.  77.  86.  80.  81.  80.  81.  77.  79.  79.  82.]
 [163. 188. 193. 197. 198. 198. 198. 198. 198. 199. 198. 198. 199. 199.
  199. 199. 199. 199. 199. 199. 200. 200. 200. 200. 200. 199. 149. 149.
  149. 149. 149. 150. 149. 149. 149. 149. 149. 149. 150. 150.]
 [ 51.  97. 115. 135. 145. 154. 158. 161. 164. 166. 169. 171. 174. 176.
  174. 171. 175. 179. 174. 177. 178. 178. 181. 180. 181. 180. 135. 138.
  139. 137. 138. 138. 135. 136. 137. 137. 137. 138. 136. 138.]
 [ 63. 116. 141. 141. 149. 154. 161. 164. 165. 166. 170. 167. 173. 168.
  173. 173. 175. 175. 178. 175. 177. 175. 176. 177. 182. 183. 131. 132.
  130. 136. 135. 132. 132. 131. 133. 133. 135. 132. 132. 134.]]
##############################
[[ 24.  45.  61.  71.  83.  88.  88.  95.  96.  98.  98.  98. 106. 104.
  101. 102. 103. 102.  97. 106.  99. 101. 102. 102. 104. 104. 103.  80.
   81.  81.  77.  86.  80.  81.  80.  81.  77.  79.  79.  82.]
 [163. 188. 193. 197. 198. 198. 198. 198. 198. 199. 198. 198. 199. 199.
  199. 199. 199. 199. 199. 199. 200. 200. 200. 200. 200. 199. 199. 149.
  149. 149. 149. 150. 149. 149. 149. 149. 149. 149. 150. 150.]
 [ 51.  97. 115. 135. 145. 154. 158. 161. 164. 166. 169. 171. 174. 176.
  174. 171. 175. 179. 174. 177. 178. 178. 181. 180. 181. 180. 183. 138.
  139. 137. 138. 138. 135. 136. 137. 137. 137. 138. 136. 138.]
 [ 63. 116. 141. 141. 149. 154. 161. 164. 165. 166. 170. 167. 173. 168.
  173. 173. 175. 175. 178. 175. 177. 175. 176. 177. 182. 183. 179. 132.
  130. 136. 135. 132. 132. 131. 133. 133. 135. 132. 132. 134.]]
##############################
[[ 24.  45.  61.  71.  83.  88.  88.  95.  96.  98.  98.  98. 106. 104.
  101. 102. 103. 102.  97. 106.  99. 101. 102. 102. 104. 104. 103. 104.
   81.  81.  77.  86.  80.  81.  80.  81.  77.  79.  79.  82.]
 [163. 188. 193. 197. 198. 198. 198. 198. 198. 199. 198. 198. 199. 199.
  199. 199. 199. 199. 199. 199. 200. 200. 200. 200. 200. 199. 199. 199.
  149. 149. 149. 150. 149. 149. 149. 149. 149. 149. 150. 150.]
 [ 51.  97. 115. 135. 145. 154. 158. 161. 164. 166. 169. 171. 174. 176.
  174. 171. 175. 179. 174. 177. 178. 178. 181. 180. 181. 180. 183. 186.
  139. 137. 138. 138. 135. 136. 137. 137. 137. 138. 136. 138.]
 [ 63. 116. 141. 141. 149. 154. 161. 164. 165. 166. 170. 167. 173. 168.
  173. 173. 175. 175. 178. 175. 177. 175. 176. 177. 182. 183. 179. 179.
  130. 136. 135. 132. 132. 131. 133. 133. 135. 132. 132. 134.]]
##############################
[[ 24.  45.  61.  71.  83.  88.  88.  95.  96.  98.  98.  98. 106. 104.
  101. 102. 103. 102.  97. 106.  99. 101. 102. 102. 104. 104. 103. 104.
  106.  81.  77.  86.  80.  81.  80.  81.  77.  79.  79.  82.]
 [163. 188. 193. 197. 198. 198. 198. 198. 198. 199. 198. 198. 199. 199.
  199. 199. 199. 199. 199. 199. 200. 200. 200. 200. 200. 199. 199. 199.
  199. 149. 149. 150. 149. 149. 149. 149. 149. 149. 150. 150.]
 [ 51.  97. 115. 135. 145. 154. 158. 161. 164. 166. 169. 171. 174. 176.
  174. 171. 175. 179. 174. 177. 178. 178. 181. 180. 181. 180. 183. 186.
  186. 137. 138. 138. 135. 136. 137. 137. 137. 138. 136. 138.]
 [ 63. 116. 141. 141. 149. 154. 161. 164. 165. 166. 170. 167. 173. 168.
  173. 173. 175. 175. 178. 175. 177. 175. 176. 177. 182. 183. 179. 179.
  177. 136. 135. 132. 132. 131. 133. 133. 135. 132. 132. 134.]]
##############################
[[ 24.  45.  61.  71.  83.  88.  88.  95.  96.  98.  98.  98. 106. 104.
  101. 102. 103. 102.  97. 106.  99. 101. 102. 102. 104. 104. 103. 104.
  106. 107.  77.  86.  80.  81.  80.  81.  77.  79.  79.  82.]
 [163. 188. 193. 197. 198. 198. 198. 198. 198. 199. 198. 198. 199. 199.
  199. 199. 199. 199. 199. 199. 200. 200. 200. 200. 200. 199. 199. 199.
  199. 199. 149. 150. 149. 149. 149. 149. 149. 149. 150. 150.]
 [ 51.  97. 115. 135. 145. 154. 158. 161. 164. 166. 169. 171. 174. 176.
  174. 171. 175. 179. 174. 177. 178. 178. 181. 180. 181. 180. 183. 186.
  186. 183. 138. 138. 135. 136. 137. 137. 137. 138. 136. 138.]
 [ 63. 116. 141. 141. 149. 154. 161. 164. 165. 166. 170. 167. 173. 168.
  173. 173. 175. 175. 178. 175. 177. 175. 176. 177. 182. 183. 179. 179.
  177. 184. 135. 132. 132. 131. 133. 133. 135. 132. 132. 134.]]
##############################
[[ 24.  45.  61.  71.  83.  88.  88.  95.  96.  98.  98.  98. 106. 104.
  101. 102. 103. 102.  97. 106.  99. 101. 102. 102. 104. 104. 103. 104.
  106. 107. 103.  86.  80.  81.  80.  81.  77.  79.  79.  82.]
 [163. 188. 193. 197. 198. 198. 198. 198. 198. 199. 198. 198. 199. 199.
  199. 199. 199. 199. 199. 199. 200. 200. 200. 200. 200. 199. 199. 199.
  199. 199. 199. 150. 149. 149. 149. 149. 149. 149. 150. 150.]
 [ 51.  97. 115. 135. 145. 154. 158. 161. 164. 166. 169. 171. 174. 176.
  174. 171. 175. 179. 174. 177. 178. 178. 181. 180. 181. 180. 183. 186.
  186. 183. 185. 138. 135. 136. 137. 137. 137. 138. 136. 138.]
 [ 63. 116. 141. 141. 149. 154. 161. 164. 165. 166. 170. 167. 173. 168.
  173. 173. 175. 175. 178. 175. 177. 175. 176. 177. 182. 183. 179. 179.
  177. 184. 182. 132. 132. 131. 133. 133. 135. 132. 132. 134.]]
##############################
[[ 24.  45.  61.  71.  83.  88.  88.  95.  96.  98.  98.  98. 106. 104.
  101. 102. 103. 102.  97. 106.  99. 101. 102. 102. 104. 104. 103. 104.
  106. 107. 103. 112.  80.  81.  80.  81.  77.  79.  79.  82.]
 [163. 188. 193. 197. 198. 198. 198. 198. 198. 199. 198. 198. 199. 199.
  199. 199. 199. 199. 199. 199. 200. 200. 200. 200. 200. 199. 199. 199.
  199. 199. 199. 200. 149. 149. 149. 149. 149. 149. 150. 150.]
 [ 51.  97. 115. 135. 145. 154. 158. 161. 164. 166. 169. 171. 174. 176.
  174. 171. 175. 179. 174. 177. 178. 178. 181. 180. 181. 180. 183. 186.
  186. 183. 185. 185. 135. 136. 137. 137. 137. 138. 136. 138.]
 [ 63. 116. 141. 141. 149. 154. 161. 164. 165. 166. 170. 167. 173. 168.
  173. 173. 175. 175. 178. 175. 177. 175. 176. 177. 182. 183. 179. 179.
  177. 184. 182. 179. 132. 131. 133. 133. 135. 132. 132. 134.]]
##############################
[[ 24.  45.  61.  71.  83.  88.  88.  95.  96.  98.  98.  98. 106. 104.
  101. 102. 103. 102.  97. 106.  99. 101. 102. 102. 104. 104. 103. 104.
  106. 107. 103. 112. 107.  81.  80.  81.  77.  79.  79.  82.]
 [163. 188. 193. 197. 198. 198. 198. 198. 198. 199. 198. 198. 199. 199.
  199. 199. 199. 199. 199. 199. 200. 200. 200. 200. 200. 199. 199. 199.
  199. 199. 199. 200. 199. 149. 149. 149. 149. 149. 150. 150.]
 [ 51.  97. 115. 135. 145. 154. 158. 161. 164. 166. 169. 171. 174. 176.
  174. 171. 175. 179. 174. 177. 178. 178. 181. 180. 181. 180. 183. 186.
  186. 183. 185. 185. 182. 136. 137. 137. 137. 138. 136. 138.]
 [ 63. 116. 141. 141. 149. 154. 161. 164. 165. 166. 170. 167. 173. 168.
  173. 173. 175. 175. 178. 175. 177. 175. 176. 177. 182. 183. 179. 179.
  177. 184. 182. 179. 178. 131. 133. 133. 135. 132. 132. 134.]]
##############################
[[ 24.  45.  61.  71.  83.  88.  88.  95.  96.  98.  98.  98. 106. 104.
  101. 102. 103. 102.  97. 106.  99. 101. 102. 102. 104. 104. 103. 104.
  106. 107. 103. 112. 107. 105.  80.  81.  77.  79.  79.  82.]
 [163. 188. 193. 197. 198. 198. 198. 198. 198. 199. 198. 198. 199. 199.
  199. 199. 199. 199. 199. 199. 200. 200. 200. 200. 200. 199. 199. 199.
  199. 199. 199. 200. 199. 199. 149. 149. 149. 149. 150. 150.]
 [ 51.  97. 115. 135. 145. 154. 158. 161. 164. 166. 169. 171. 174. 176.
  174. 171. 175. 179. 174. 177. 178. 178. 181. 180. 181. 180. 183. 186.
  186. 183. 185. 185. 182. 183. 137. 137. 137. 138. 136. 138.]
 [ 63. 116. 141. 141. 149. 154. 161. 164. 165. 166. 170. 167. 173. 168.
  173. 173. 175. 175. 178. 175. 177. 175. 176. 177. 182. 183. 179. 179.
  177. 184. 182. 179. 178. 179. 133. 133. 135. 132. 132. 134.]]
##############################
[[ 24.  45.  61.  71.  83.  88.  88.  95.  96.  98.  98.  98. 106. 104.
  101. 102. 103. 102.  97. 106.  99. 101. 102. 102. 104. 104. 103. 104.
  106. 107. 103. 112. 107. 105. 106.  81.  77.  79.  79.  82.]
 [163. 188. 193. 197. 198. 198. 198. 198. 198. 199. 198. 198. 199. 199.
  199. 199. 199. 199. 199. 199. 200. 200. 200. 200. 200. 199. 199. 199.
  199. 199. 199. 200. 199. 199. 199. 149. 149. 149. 150. 150.]
 [ 51.  97. 115. 135. 145. 154. 158. 161. 164. 166. 169. 171. 174. 176.
  174. 171. 175. 179. 174. 177. 178. 178. 181. 180. 181. 180. 183. 186.
  186. 183. 185. 185. 182. 183. 184. 137. 137. 138. 136. 138.]
 [ 63. 116. 141. 141. 149. 154. 161. 164. 165. 166. 170. 167. 173. 168.
  173. 173. 175. 175. 178. 175. 177. 175. 176. 177. 182. 183. 179. 179.
  177. 184. 182. 179. 178. 179. 180. 133. 135. 132. 132. 134.]]
##############################
[[ 24.  45.  61.  71.  83.  88.  88.  95.  96.  98.  98.  98. 106. 104.
  101. 102. 103. 102.  97. 106.  99. 101. 102. 102. 104. 104. 103. 104.
  106. 107. 103. 112. 107. 105. 106. 110.  77.  79.  79.  82.]
 [163. 188. 193. 197. 198. 198. 198. 198. 198. 199. 198. 198. 199. 199.
  199. 199. 199. 199. 199. 199. 200. 200. 200. 200. 200. 199. 199. 199.
  199. 199. 199. 200. 199. 199. 199. 199. 149. 149. 150. 150.]
 [ 51.  97. 115. 135. 145. 154. 158. 161. 164. 166. 169. 171. 174. 176.
  174. 171. 175. 179. 174. 177. 178. 178. 181. 180. 181. 180. 183. 186.
  186. 183. 185. 185. 182. 183. 184. 184. 137. 138. 136. 138.]
 [ 63. 116. 141. 141. 149. 154. 161. 164. 165. 166. 170. 167. 173. 168.
  173. 173. 175. 175. 178. 175. 177. 175. 176. 177. 182. 183. 179. 179.
  177. 184. 182. 179. 178. 179. 180. 181. 135. 132. 132. 134.]]
##############################
[[ 24.  45.  61.  71.  83.  88.  88.  95.  96.  98.  98.  98. 106. 104.
  101. 102. 103. 102.  97. 106.  99. 101. 102. 102. 104. 104. 103. 104.
  106. 107. 103. 112. 107. 105. 106. 110. 104.  79.  79.  82.]
 [163. 188. 193. 197. 198. 198. 198. 198. 198. 199. 198. 198. 199. 199.
  199. 199. 199. 199. 199. 199. 200. 200. 200. 200. 200. 199. 199. 199.
  199. 199. 199. 200. 199. 199. 199. 199. 199. 149. 150. 150.]
 [ 51.  97. 115. 135. 145. 154. 158. 161. 164. 166. 169. 171. 174. 176.
  174. 171. 175. 179. 174. 177. 178. 178. 181. 180. 181. 180. 183. 186.
  186. 183. 185. 185. 182. 183. 184. 184. 184. 138. 136. 138.]
 [ 63. 116. 141. 141. 149. 154. 161. 164. 165. 166. 170. 167. 173. 168.
  173. 173. 175. 175. 178. 175. 177. 175. 176. 177. 182. 183. 179. 179.
  177. 184. 182. 179. 178. 179. 180. 181. 182. 132. 132. 134.]]
##############################
[[ 24.  45.  61.  71.  83.  88.  88.  95.  96.  98.  98.  98. 106. 104.
  101. 102. 103. 102.  97. 106.  99. 101. 102. 102. 104. 104. 103. 104.
  106. 107. 103. 112. 107. 105. 106. 110. 104. 107.  79.  82.]
 [163. 188. 193. 197. 198. 198. 198. 198. 198. 199. 198. 198. 199. 199.
  199. 199. 199. 199. 199. 199. 200. 200. 200. 200. 200. 199. 199. 199.
  199. 199. 199. 200. 199. 199. 199. 199. 199. 199. 150. 150.]
 [ 51.  97. 115. 135. 145. 154. 158. 161. 164. 166. 169. 171. 174. 176.
  174. 171. 175. 179. 174. 177. 178. 178. 181. 180. 181. 180. 183. 186.
  186. 183. 185. 185. 182. 183. 184. 184. 184. 184. 136. 138.]
 [ 63. 116. 141. 141. 149. 154. 161. 164. 165. 166. 170. 167. 173. 168.
  173. 173. 175. 175. 178. 175. 177. 175. 176. 177. 182. 183. 179. 179.
  177. 184. 182. 179. 178. 179. 180. 181. 182. 180. 132. 134.]]
##############################
[[ 24.  45.  61.  71.  83.  88.  88.  95.  96.  98.  98.  98. 106. 104.
  101. 102. 103. 102.  97. 106.  99. 101. 102. 102. 104. 104. 103. 104.
  106. 107. 103. 112. 107. 105. 106. 110. 104. 107. 106.  82.]
 [163. 188. 193. 197. 198. 198. 198. 198. 198. 199. 198. 198. 199. 199.
  199. 199. 199. 199. 199. 199. 200. 200. 200. 200. 200. 199. 199. 199.
  199. 199. 199. 200. 199. 199. 199. 199. 199. 199. 200. 150.]
 [ 51.  97. 115. 135. 145. 154. 158. 161. 164. 166. 169. 171. 174. 176.
  174. 171. 175. 179. 174. 177. 178. 178. 181. 180. 181. 180. 183. 186.
  186. 183. 185. 185. 182. 183. 184. 184. 184. 184. 184. 138.]
 [ 63. 116. 141. 141. 149. 154. 161. 164. 165. 166. 170. 167. 173. 168.
  173. 173. 175. 175. 178. 175. 177. 175. 176. 177. 182. 183. 179. 179.
  177. 184. 182. 179. 178. 179. 180. 181. 182. 180. 181. 134.]]
##############################
[[ 24.  45.  61.  71.  83.  88.  88.  95.  96.  98.  98.  98. 106. 104.
  101. 102. 103. 102.  97. 106.  99. 101. 102. 102. 104. 104. 103. 104.
  106. 107. 103. 112. 107. 105. 106. 110. 104. 107. 106. 109.]
 [163. 188. 193. 197. 198. 198. 198. 198. 198. 199. 198. 198. 199. 199.
  199. 199. 199. 199. 199. 199. 200. 200. 200. 200. 200. 199. 199. 199.
  199. 199. 199. 200. 199. 199. 199. 199. 199. 199. 200. 200.]
 [ 51.  97. 115. 135. 145. 154. 158. 161. 164. 166. 169. 171. 174. 176.
  174. 171. 175. 179. 174. 177. 178. 178. 181. 180. 181. 180. 183. 186.
  186. 183. 185. 185. 182. 183. 184. 184. 184. 184. 184. 187.]
 [ 63. 116. 141. 141. 149. 154. 161. 164. 165. 166. 170. 167. 173. 168.
  173. 173. 175. 175. 178. 175. 177. 175. 176. 177. 182. 183. 179. 179.
  177. 184. 182. 179. 178. 179. 180. 181. 182. 180. 181. 182.]]
##############################
##################################################
##################################################
starting :5 batch
[[ 30.  45.  61.  71.  83.  88.  88.  95.  96.  98.  98.  98. 106. 104.
  101. 102. 103. 102.  97. 106.  99. 101. 102. 102. 104. 104. 103. 104.
  106. 107. 103. 112. 107. 105. 106. 110. 104. 107. 106. 109.]
 [208. 188. 193. 197. 198. 198. 198. 198. 198. 199. 198. 198. 199. 199.
  199. 199. 199. 199. 199. 199. 200. 200. 200. 200. 200. 199. 199. 199.
  199. 199. 199. 200. 199. 199. 199. 199. 199. 199. 200. 200.]
 [ 64.  97. 115. 135. 145. 154. 158. 161. 164. 166. 169. 171. 174. 176.
  174. 171. 175. 179. 174. 177. 178. 178. 181. 180. 181. 180. 183. 186.
  186. 183. 185. 185. 182. 183. 184. 184. 184. 184. 184. 187.]
 [ 84. 116. 141. 141. 149. 154. 161. 164. 165. 166. 170. 167. 173. 168.
  173. 173. 175. 175. 178. 175. 177. 175. 176. 177. 182. 183. 179. 179.
  177. 184. 182. 179. 178. 179. 180. 181. 182. 180. 181. 182.]]
##############################
[[ 30.  55.  61.  71.  83.  88.  88.  95.  96.  98.  98.  98. 106. 104.
  101. 102. 103. 102.  97. 106.  99. 101. 102. 102. 104. 104. 103. 104.
  106. 107. 103. 112. 107. 105. 106. 110. 104. 107. 106. 109.]
 [208. 235. 193. 197. 198. 198. 198. 198. 198. 199. 198. 198. 199. 199.
  199. 199. 199. 199. 199. 199. 200. 200. 200. 200. 200. 199. 199. 199.
  199. 199. 199. 200. 199. 199. 199. 199. 199. 199. 200. 200.]
 [ 64. 122. 115. 135. 145. 154. 158. 161. 164. 166. 169. 171. 174. 176.
  174. 171. 175. 179. 174. 177. 178. 178. 181. 180. 181. 180. 183. 186.
  186. 183. 185. 185. 182. 183. 184. 184. 184. 184. 184. 187.]
 [ 84. 140. 141. 141. 149. 154. 161. 164. 165. 166. 170. 167. 173. 168.
  173. 173. 175. 175. 178. 175. 177. 175. 176. 177. 182. 183. 179. 179.
  177. 184. 182. 179. 178. 179. 180. 181. 182. 180. 181. 182.]]
##############################
[[ 30.  55.  79.  71.  83.  88.  88.  95.  96.  98.  98.  98. 106. 104.
  101. 102. 103. 102.  97. 106.  99. 101. 102. 102. 104. 104. 103. 104.
  106. 107. 103. 112. 107. 105. 106. 110. 104. 107. 106. 109.]
 [208. 235. 243. 197. 198. 198. 198. 198. 198. 199. 198. 198. 199. 199.
  199. 199. 199. 199. 199. 199. 200. 200. 200. 200. 200. 199. 199. 199.
  199. 199. 199. 200. 199. 199. 199. 199. 199. 199. 200. 200.]
 [ 64. 122. 143. 135. 145. 154. 158. 161. 164. 166. 169. 171. 174. 176.
  174. 171. 175. 179. 174. 177. 178. 178. 181. 180. 181. 180. 183. 186.
  186. 183. 185. 185. 182. 183. 184. 184. 184. 184. 184. 187.]
 [ 84. 140. 177. 141. 149. 154. 161. 164. 165. 166. 170. 167. 173. 168.
  173. 173. 175. 175. 178. 175. 177. 175. 176. 177. 182. 183. 179. 179.
  177. 184. 182. 179. 178. 179. 180. 181. 182. 180. 181. 182.]]
##############################
[[ 30.  55.  79.  87.  83.  88.  88.  95.  96.  98.  98.  98. 106. 104.
  101. 102. 103. 102.  97. 106.  99. 101. 102. 102. 104. 104. 103. 104.
  106. 107. 103. 112. 107. 105. 106. 110. 104. 107. 106. 109.]
 [208. 235. 243. 247. 198. 198. 198. 198. 198. 199. 198. 198. 199. 199.
  199. 199. 199. 199. 199. 199. 200. 200. 200. 200. 200. 199. 199. 199.
  199. 199. 199. 200. 199. 199. 199. 199. 199. 199. 200. 200.]
 [ 64. 122. 143. 163. 145. 154. 158. 161. 164. 166. 169. 171. 174. 176.
  174. 171. 175. 179. 174. 177. 178. 178. 181. 180. 181. 180. 183. 186.
  186. 183. 185. 185. 182. 183. 184. 184. 184. 184. 184. 187.]
 [ 84. 140. 177. 174. 149. 154. 161. 164. 165. 166. 170. 167. 173. 168.
  173. 173. 175. 175. 178. 175. 177. 175. 176. 177. 182. 183. 179. 179.
  177. 184. 182. 179. 178. 179. 180. 181. 182. 180. 181. 182.]]
##############################
[[ 30.  55.  79.  87. 103.  88.  88.  95.  96.  98.  98.  98. 106. 104.
  101. 102. 103. 102.  97. 106.  99. 101. 102. 102. 104. 104. 103. 104.
  106. 107. 103. 112. 107. 105. 106. 110. 104. 107. 106. 109.]
 [208. 235. 243. 247. 248. 198. 198. 198. 198. 199. 198. 198. 199. 199.
  199. 199. 199. 199. 199. 199. 200. 200. 200. 200. 200. 199. 199. 199.
  199. 199. 199. 200. 199. 199. 199. 199. 199. 199. 200. 200.]
 [ 64. 122. 143. 163. 180. 154. 158. 161. 164. 166. 169. 171. 174. 176.
  174. 171. 175. 179. 174. 177. 178. 178. 181. 180. 181. 180. 183. 186.
  186. 183. 185. 185. 182. 183. 184. 184. 184. 184. 184. 187.]
 [ 84. 140. 177. 174. 185. 154. 161. 164. 165. 166. 170. 167. 173. 168.
  173. 173. 175. 175. 178. 175. 177. 175. 176. 177. 182. 183. 179. 179.
  177. 184. 182. 179. 178. 179. 180. 181. 182. 180. 181. 182.]]
##############################
[[ 30.  55.  79.  87. 103. 108.  88.  95.  96.  98.  98.  98. 106. 104.
  101. 102. 103. 102.  97. 106.  99. 101. 102. 102. 104. 104. 103. 104.
  106. 107. 103. 112. 107. 105. 106. 110. 104. 107. 106. 109.]
 [208. 235. 243. 247. 248. 248. 198. 198. 198. 199. 198. 198. 199. 199.
  199. 199. 199. 199. 199. 199. 200. 200. 200. 200. 200. 199. 199. 199.
  199. 199. 199. 200. 199. 199. 199. 199. 199. 199. 200. 200.]
 [ 64. 122. 143. 163. 180. 190. 158. 161. 164. 166. 169. 171. 174. 176.
  174. 171. 175. 179. 174. 177. 178. 178. 181. 180. 181. 180. 183. 186.
  186. 183. 185. 185. 182. 183. 184. 184. 184. 184. 184. 187.]
 [ 84. 140. 177. 174. 185. 191. 161. 164. 165. 166. 170. 167. 173. 168.
  173. 173. 175. 175. 178. 175. 177. 175. 176. 177. 182. 183. 179. 179.
  177. 184. 182. 179. 178. 179. 180. 181. 182. 180. 181. 182.]]
##############################
[[ 30.  55.  79.  87. 103. 108. 110.  95.  96.  98.  98.  98. 106. 104.
  101. 102. 103. 102.  97. 106.  99. 101. 102. 102. 104. 104. 103. 104.
  106. 107. 103. 112. 107. 105. 106. 110. 104. 107. 106. 109.]
 [208. 235. 243. 247. 248. 248. 248. 198. 198. 199. 198. 198. 199. 199.
  199. 199. 199. 199. 199. 199. 200. 200. 200. 200. 200. 199. 199. 199.
  199. 199. 199. 200. 199. 199. 199. 199. 199. 199. 200. 200.]
 [ 64. 122. 143. 163. 180. 190. 197. 161. 164. 166. 169. 171. 174. 176.
  174. 171. 175. 179. 174. 177. 178. 178. 181. 180. 181. 180. 183. 186.
  186. 183. 185. 185. 182. 183. 184. 184. 184. 184. 184. 187.]
 [ 84. 140. 177. 174. 185. 191. 200. 164. 165. 166. 170. 167. 173. 168.
  173. 173. 175. 175. 178. 175. 177. 175. 176. 177. 182. 183. 179. 179.
  177. 184. 182. 179. 178. 179. 180. 181. 182. 180. 181. 182.]]
##############################
[[ 30.  55.  79.  87. 103. 108. 110. 118.  96.  98.  98.  98. 106. 104.
  101. 102. 103. 102.  97. 106.  99. 101. 102. 102. 104. 104. 103. 104.
  106. 107. 103. 112. 107. 105. 106. 110. 104. 107. 106. 109.]
 [208. 235. 243. 247. 248. 248. 248. 248. 198. 199. 198. 198. 199. 199.
  199. 199. 199. 199. 199. 199. 200. 200. 200. 200. 200. 199. 199. 199.
  199. 199. 199. 200. 199. 199. 199. 199. 199. 199. 200. 200.]
 [ 64. 122. 143. 163. 180. 190. 197. 203. 164. 166. 169. 171. 174. 176.
  174. 171. 175. 179. 174. 177. 178. 178. 181. 180. 181. 180. 183. 186.
  186. 183. 185. 185. 182. 183. 184. 184. 184. 184. 184. 187.]
 [ 84. 140. 177. 174. 185. 191. 200. 203. 165. 166. 170. 167. 173. 168.
  173. 173. 175. 175. 178. 175. 177. 175. 176. 177. 182. 183. 179. 179.
  177. 184. 182. 179. 178. 179. 180. 181. 182. 180. 181. 182.]]
##############################
[[ 30.  55.  79.  87. 103. 108. 110. 118. 120.  98.  98.  98. 106. 104.
  101. 102. 103. 102.  97. 106.  99. 101. 102. 102. 104. 104. 103. 104.
  106. 107. 103. 112. 107. 105. 106. 110. 104. 107. 106. 109.]
 [208. 235. 243. 247. 248. 248. 248. 248. 248. 199. 198. 198. 199. 199.
  199. 199. 199. 199. 199. 199. 200. 200. 200. 200. 200. 199. 199. 199.
  199. 199. 199. 200. 199. 199. 199. 199. 199. 199. 200. 200.]
 [ 64. 122. 143. 163. 180. 190. 197. 203. 206. 166. 169. 171. 174. 176.
  174. 171. 175. 179. 174. 177. 178. 178. 181. 180. 181. 180. 183. 186.
  186. 183. 185. 185. 182. 183. 184. 184. 184. 184. 184. 187.]
 [ 84. 140. 177. 174. 185. 191. 200. 203. 204. 166. 170. 167. 173. 168.
  173. 173. 175. 175. 178. 175. 177. 175. 176. 177. 182. 183. 179. 179.
  177. 184. 182. 179. 178. 179. 180. 181. 182. 180. 181. 182.]]
##############################
[[ 30.  55.  79.  87. 103. 108. 110. 118. 120. 125.  98.  98. 106. 104.
  101. 102. 103. 102.  97. 106.  99. 101. 102. 102. 104. 104. 103. 104.
  106. 107. 103. 112. 107. 105. 106. 110. 104. 107. 106. 109.]
 [208. 235. 243. 247. 248. 248. 248. 248. 248. 249. 198. 198. 199. 199.
  199. 199. 199. 199. 199. 199. 200. 200. 200. 200. 200. 199. 199. 199.
  199. 199. 199. 200. 199. 199. 199. 199. 199. 199. 200. 200.]
 [ 64. 122. 143. 163. 180. 190. 197. 203. 206. 208. 169. 171. 174. 176.
  174. 171. 175. 179. 174. 177. 178. 178. 181. 180. 181. 180. 183. 186.
  186. 183. 185. 185. 182. 183. 184. 184. 184. 184. 184. 187.]
 [ 84. 140. 177. 174. 185. 191. 200. 203. 204. 207. 170. 167. 173. 168.
  173. 173. 175. 175. 178. 175. 177. 175. 176. 177. 182. 183. 179. 179.
  177. 184. 182. 179. 178. 179. 180. 181. 182. 180. 181. 182.]]
##############################
[[ 30.  55.  79.  87. 103. 108. 110. 118. 120. 125. 124.  98. 106. 104.
  101. 102. 103. 102.  97. 106.  99. 101. 102. 102. 104. 104. 103. 104.
  106. 107. 103. 112. 107. 105. 106. 110. 104. 107. 106. 109.]
 [208. 235. 243. 247. 248. 248. 248. 248. 248. 249. 248. 198. 199. 199.
  199. 199. 199. 199. 199. 199. 200. 200. 200. 200. 200. 199. 199. 199.
  199. 199. 199. 200. 199. 199. 199. 199. 199. 199. 200. 200.]
 [ 64. 122. 143. 163. 180. 190. 197. 203. 206. 208. 211. 171. 174. 176.
  174. 171. 175. 179. 174. 177. 178. 178. 181. 180. 181. 180. 183. 186.
  186. 183. 185. 185. 182. 183. 184. 184. 184. 184. 184. 187.]
 [ 84. 140. 177. 174. 185. 191. 200. 203. 204. 207. 211. 167. 173. 168.
  173. 173. 175. 175. 178. 175. 177. 175. 176. 177. 182. 183. 179. 179.
  177. 184. 182. 179. 178. 179. 180. 181. 182. 180. 181. 182.]]
##############################
[[ 30.  55.  79.  87. 103. 108. 110. 118. 120. 125. 124. 122. 106. 104.
  101. 102. 103. 102.  97. 106.  99. 101. 102. 102. 104. 104. 103. 104.
  106. 107. 103. 112. 107. 105. 106. 110. 104. 107. 106. 109.]
 [208. 235. 243. 247. 248. 248. 248. 248. 248. 249. 248. 248. 199. 199.
  199. 199. 199. 199. 199. 199. 200. 200. 200. 200. 200. 199. 199. 199.
  199. 199. 199. 200. 199. 199. 199. 199. 199. 199. 200. 200.]
 [ 64. 122. 143. 163. 180. 190. 197. 203. 206. 208. 211. 214. 174. 176.
  174. 171. 175. 179. 174. 177. 178. 178. 181. 180. 181. 180. 183. 186.
  186. 183. 185. 185. 182. 183. 184. 184. 184. 184. 184. 187.]
 [ 84. 140. 177. 174. 185. 191. 200. 203. 204. 207. 211. 208. 173. 168.
  173. 173. 175. 175. 178. 175. 177. 175. 176. 177. 182. 183. 179. 179.
  177. 184. 182. 179. 178. 179. 180. 181. 182. 180. 181. 182.]]
##############################
[[ 30.  55.  79.  87. 103. 108. 110. 118. 120. 125. 124. 122. 133. 104.
  101. 102. 103. 102.  97. 106.  99. 101. 102. 102. 104. 104. 103. 104.
  106. 107. 103. 112. 107. 105. 106. 110. 104. 107. 106. 109.]
 [208. 235. 243. 247. 248. 248. 248. 248. 248. 249. 248. 248. 249. 199.
  199. 199. 199. 199. 199. 199. 200. 200. 200. 200. 200. 199. 199. 199.
  199. 199. 199. 200. 199. 199. 199. 199. 199. 199. 200. 200.]
 [ 64. 122. 143. 163. 180. 190. 197. 203. 206. 208. 211. 214. 216. 176.
  174. 171. 175. 179. 174. 177. 178. 178. 181. 180. 181. 180. 183. 186.
  186. 183. 185. 185. 182. 183. 184. 184. 184. 184. 184. 187.]
 [ 84. 140. 177. 174. 185. 191. 200. 203. 204. 207. 211. 208. 213. 168.
  173. 173. 175. 175. 178. 175. 177. 175. 176. 177. 182. 183. 179. 179.
  177. 184. 182. 179. 178. 179. 180. 181. 182. 180. 181. 182.]]
##############################
[[ 30.  55.  79.  87. 103. 108. 110. 118. 120. 125. 124. 122. 133. 130.
  101. 102. 103. 102.  97. 106.  99. 101. 102. 102. 104. 104. 103. 104.
  106. 107. 103. 112. 107. 105. 106. 110. 104. 107. 106. 109.]
 [208. 235. 243. 247. 248. 248. 248. 248. 248. 249. 248. 248. 249. 249.
  199. 199. 199. 199. 199. 199. 200. 200. 200. 200. 200. 199. 199. 199.
  199. 199. 199. 200. 199. 199. 199. 199. 199. 199. 200. 200.]
 [ 64. 122. 143. 163. 180. 190. 197. 203. 206. 208. 211. 214. 216. 221.
  174. 171. 175. 179. 174. 177. 178. 178. 181. 180. 181. 180. 183. 186.
  186. 183. 185. 185. 182. 183. 184. 184. 184. 184. 184. 187.]
 [ 84. 140. 177. 174. 185. 191. 200. 203. 204. 207. 211. 208. 213. 211.
  173. 173. 175. 175. 178. 175. 177. 175. 176. 177. 182. 183. 179. 179.
  177. 184. 182. 179. 178. 179. 180. 181. 182. 180. 181. 182.]]
##############################
[[ 30.  55.  79.  87. 103. 108. 110. 118. 120. 125. 124. 122. 133. 130.
  128. 102. 103. 102.  97. 106.  99. 101. 102. 102. 104. 104. 103. 104.
  106. 107. 103. 112. 107. 105. 106. 110. 104. 107. 106. 109.]
 [208. 235. 243. 247. 248. 248. 248. 248. 248. 249. 248. 248. 249. 249.
  249. 199. 199. 199. 199. 199. 200. 200. 200. 200. 200. 199. 199. 199.
  199. 199. 199. 200. 199. 199. 199. 199. 199. 199. 200. 200.]
 [ 64. 122. 143. 163. 180. 190. 197. 203. 206. 208. 211. 214. 216. 221.
  218. 171. 175. 179. 174. 177. 178. 178. 181. 180. 181. 180. 183. 186.
  186. 183. 185. 185. 182. 183. 184. 184. 184. 184. 184. 187.]
 [ 84. 140. 177. 174. 185. 191. 200. 203. 204. 207. 211. 208. 213. 211.
  215. 173. 175. 175. 178. 175. 177. 175. 176. 177. 182. 183. 179. 179.
  177. 184. 182. 179. 178. 179. 180. 181. 182. 180. 181. 182.]]
##############################
[[ 30.  55.  79.  87. 103. 108. 110. 118. 120. 125. 124. 122. 133. 130.
  128. 128. 103. 102.  97. 106.  99. 101. 102. 102. 104. 104. 103. 104.
  106. 107. 103. 112. 107. 105. 106. 110. 104. 107. 106. 109.]
 [208. 235. 243. 247. 248. 248. 248. 248. 248. 249. 248. 248. 249. 249.
  249. 249. 199. 199. 199. 199. 200. 200. 200. 200. 200. 199. 199. 199.
  199. 199. 199. 200. 199. 199. 199. 199. 199. 199. 200. 200.]
 [ 64. 122. 143. 163. 180. 190. 197. 203. 206. 208. 211. 214. 216. 221.
  218. 216. 175. 179. 174. 177. 178. 178. 181. 180. 181. 180. 183. 186.
  186. 183. 185. 185. 182. 183. 184. 184. 184. 184. 184. 187.]
 [ 84. 140. 177. 174. 185. 191. 200. 203. 204. 207. 211. 208. 213. 211.
  215. 215. 175. 175. 178. 175. 177. 175. 176. 177. 182. 183. 179. 179.
  177. 184. 182. 179. 178. 179. 180. 181. 182. 180. 181. 182.]]
##############################
[[ 30.  55.  79.  87. 103. 108. 110. 118. 120. 125. 124. 122. 133. 130.
  128. 128. 130. 102.  97. 106.  99. 101. 102. 102. 104. 104. 103. 104.
  106. 107. 103. 112. 107. 105. 106. 110. 104. 107. 106. 109.]
 [208. 235. 243. 247. 248. 248. 248. 248. 248. 249. 248. 248. 249. 249.
  249. 249. 249. 199. 199. 199. 200. 200. 200. 200. 200. 199. 199. 199.
  199. 199. 199. 200. 199. 199. 199. 199. 199. 199. 200. 200.]
 [ 64. 122. 143. 163. 180. 190. 197. 203. 206. 208. 211. 214. 216. 221.
  218. 216. 221. 179. 174. 177. 178. 178. 181. 180. 181. 180. 183. 186.
  186. 183. 185. 185. 182. 183. 184. 184. 184. 184. 184. 187.]
 [ 84. 140. 177. 174. 185. 191. 200. 203. 204. 207. 211. 208. 213. 211.
  215. 215. 217. 175. 178. 175. 177. 175. 176. 177. 182. 183. 179. 179.
  177. 184. 182. 179. 178. 179. 180. 181. 182. 180. 181. 182.]]
##############################
[[ 30.  55.  79.  87. 103. 108. 110. 118. 120. 125. 124. 122. 133. 130.
  128. 128. 130. 129.  97. 106.  99. 101. 102. 102. 104. 104. 103. 104.
  106. 107. 103. 112. 107. 105. 106. 110. 104. 107. 106. 109.]
 [208. 235. 243. 247. 248. 248. 248. 248. 248. 249. 248. 248. 249. 249.
  249. 249. 249. 249. 199. 199. 200. 200. 200. 200. 200. 199. 199. 199.
  199. 199. 199. 200. 199. 199. 199. 199. 199. 199. 200. 200.]
 [ 64. 122. 143. 163. 180. 190. 197. 203. 206. 208. 211. 214. 216. 221.
  218. 216. 221. 224. 174. 177. 178. 178. 181. 180. 181. 180. 183. 186.
  186. 183. 185. 185. 182. 183. 184. 184. 184. 184. 184. 187.]
 [ 84. 140. 177. 174. 185. 191. 200. 203. 204. 207. 211. 208. 213. 211.
  215. 215. 217. 218. 178. 175. 177. 175. 176. 177. 182. 183. 179. 179.
  177. 184. 182. 179. 178. 179. 180. 181. 182. 180. 181. 182.]]
##############################
[[ 30.  55.  79.  87. 103. 108. 110. 118. 120. 125. 124. 122. 133. 130.
  128. 128. 130. 129. 124. 106.  99. 101. 102. 102. 104. 104. 103. 104.
  106. 107. 103. 112. 107. 105. 106. 110. 104. 107. 106. 109.]
 [208. 235. 243. 247. 248. 248. 248. 248. 248. 249. 248. 248. 249. 249.
  249. 249. 249. 249. 249. 199. 200. 200. 200. 200. 200. 199. 199. 199.
  199. 199. 199. 200. 199. 199. 199. 199. 199. 199. 200. 200.]
 [ 64. 122. 143. 163. 180. 190. 197. 203. 206. 208. 211. 214. 216. 221.
  218. 216. 221. 224. 219. 177. 178. 178. 181. 180. 181. 180. 183. 186.
  186. 183. 185. 185. 182. 183. 184. 184. 184. 184. 184. 187.]
 [ 84. 140. 177. 174. 185. 191. 200. 203. 204. 207. 211. 208. 213. 211.
  215. 215. 217. 218. 221. 175. 177. 175. 176. 177. 182. 183. 179. 179.
  177. 184. 182. 179. 178. 179. 180. 181. 182. 180. 181. 182.]]
##############################
[[ 30.  55.  79.  87. 103. 108. 110. 118. 120. 125. 124. 122. 133. 130.
  128. 128. 130. 129. 124. 134.  99. 101. 102. 102. 104. 104. 103. 104.
  106. 107. 103. 112. 107. 105. 106. 110. 104. 107. 106. 109.]
 [208. 235. 243. 247. 248. 248. 248. 248. 248. 249. 248. 248. 249. 249.
  249. 249. 249. 249. 249. 249. 200. 200. 200. 200. 200. 199. 199. 199.
  199. 199. 199. 200. 199. 199. 199. 199. 199. 199. 200. 200.]
 [ 64. 122. 143. 163. 180. 190. 197. 203. 206. 208. 211. 214. 216. 221.
  218. 216. 221. 224. 219. 223. 178. 178. 181. 180. 181. 180. 183. 186.
  186. 183. 185. 185. 182. 183. 184. 184. 184. 184. 184. 187.]
 [ 84. 140. 177. 174. 185. 191. 200. 203. 204. 207. 211. 208. 213. 211.
  215. 215. 217. 218. 221. 219. 177. 175. 176. 177. 182. 183. 179. 179.
  177. 184. 182. 179. 178. 179. 180. 181. 182. 180. 181. 182.]]
##############################
[[ 30.  55.  79.  87. 103. 108. 110. 118. 120. 125. 124. 122. 133. 130.
  128. 128. 130. 129. 124. 134. 128. 101. 102. 102. 104. 104. 103. 104.
  106. 107. 103. 112. 107. 105. 106. 110. 104. 107. 106. 109.]
 [208. 235. 243. 247. 248. 248. 248. 248. 248. 249. 248. 248. 249. 249.
  249. 249. 249. 249. 249. 249. 250. 200. 200. 200. 200. 199. 199. 199.
  199. 199. 199. 200. 199. 199. 199. 199. 199. 199. 200. 200.]
 [ 64. 122. 143. 163. 180. 190. 197. 203. 206. 208. 211. 214. 216. 221.
  218. 216. 221. 224. 219. 223. 224. 178. 181. 180. 181. 180. 183. 186.
  186. 183. 185. 185. 182. 183. 184. 184. 184. 184. 184. 187.]
 [ 84. 140. 177. 174. 185. 191. 200. 203. 204. 207. 211. 208. 213. 211.
  215. 215. 217. 218. 221. 219. 219. 175. 176. 177. 182. 183. 179. 179.
  177. 184. 182. 179. 178. 179. 180. 181. 182. 180. 181. 182.]]
##############################
[[ 30.  55.  79.  87. 103. 108. 110. 118. 120. 125. 124. 122. 133. 130.
  128. 128. 130. 129. 124. 134. 128. 129. 102. 102. 104. 104. 103. 104.
  106. 107. 103. 112. 107. 105. 106. 110. 104. 107. 106. 109.]
 [208. 235. 243. 247. 248. 248. 248. 248. 248. 249. 248. 248. 249. 249.
  249. 249. 249. 249. 249. 249. 250. 250. 200. 200. 200. 199. 199. 199.
  199. 199. 199. 200. 199. 199. 199. 199. 199. 199. 200. 200.]
 [ 64. 122. 143. 163. 180. 190. 197. 203. 206. 208. 211. 214. 216. 221.
  218. 216. 221. 224. 219. 223. 224. 223. 181. 180. 181. 180. 183. 186.
  186. 183. 185. 185. 182. 183. 184. 184. 184. 184. 184. 187.]
 [ 84. 140. 177. 174. 185. 191. 200. 203. 204. 207. 211. 208. 213. 211.
  215. 215. 217. 218. 221. 219. 219. 218. 176. 177. 182. 183. 179. 179.
  177. 184. 182. 179. 178. 179. 180. 181. 182. 180. 181. 182.]]
##############################
[[ 30.  55.  79.  87. 103. 108. 110. 118. 120. 125. 124. 122. 133. 130.
  128. 128. 130. 129. 124. 134. 128. 129. 131. 102. 104. 104. 103. 104.
  106. 107. 103. 112. 107. 105. 106. 110. 104. 107. 106. 109.]
 [208. 235. 243. 247. 248. 248. 248. 248. 248. 249. 248. 248. 249. 249.
  249. 249. 249. 249. 249. 249. 250. 250. 250. 200. 200. 199. 199. 199.
  199. 199. 199. 200. 199. 199. 199. 199. 199. 199. 200. 200.]
 [ 64. 122. 143. 163. 180. 190. 197. 203. 206. 208. 211. 214. 216. 221.
  218. 216. 221. 224. 219. 223. 224. 223. 225. 180. 181. 180. 183. 186.
  186. 183. 185. 185. 182. 183. 184. 184. 184. 184. 184. 187.]
 [ 84. 140. 177. 174. 185. 191. 200. 203. 204. 207. 211. 208. 213. 211.
  215. 215. 217. 218. 221. 219. 219. 218. 219. 177. 182. 183. 179. 179.
  177. 184. 182. 179. 178. 179. 180. 181. 182. 180. 181. 182.]]
##############################
[[ 30.  55.  79.  87. 103. 108. 110. 118. 120. 125. 124. 122. 133. 130.
  128. 128. 130. 129. 124. 134. 128. 129. 131. 131. 104. 104. 103. 104.
  106. 107. 103. 112. 107. 105. 106. 110. 104. 107. 106. 109.]
 [208. 235. 243. 247. 248. 248. 248. 248. 248. 249. 248. 248. 249. 249.
  249. 249. 249. 249. 249. 249. 250. 250. 250. 250. 200. 199. 199. 199.
  199. 199. 199. 200. 199. 199. 199. 199. 199. 199. 200. 200.]
 [ 64. 122. 143. 163. 180. 190. 197. 203. 206. 208. 211. 214. 216. 221.
  218. 216. 221. 224. 219. 223. 224. 223. 225. 224. 181. 180. 183. 186.
  186. 183. 185. 185. 182. 183. 184. 184. 184. 184. 184. 187.]
 [ 84. 140. 177. 174. 185. 191. 200. 203. 204. 207. 211. 208. 213. 211.
  215. 215. 217. 218. 221. 219. 219. 218. 219. 220. 182. 183. 179. 179.
  177. 184. 182. 179. 178. 179. 180. 181. 182. 180. 181. 182.]]
##############################
[[ 30.  55.  79.  87. 103. 108. 110. 118. 120. 125. 124. 122. 133. 130.
  128. 128. 130. 129. 124. 134. 128. 129. 131. 131. 130. 104. 103. 104.
  106. 107. 103. 112. 107. 105. 106. 110. 104. 107. 106. 109.]
 [208. 235. 243. 247. 248. 248. 248. 248. 248. 249. 248. 248. 249. 249.
  249. 249. 249. 249. 249. 249. 250. 250. 250. 250. 250. 199. 199. 199.
  199. 199. 199. 200. 199. 199. 199. 199. 199. 199. 200. 200.]
 [ 64. 122. 143. 163. 180. 190. 197. 203. 206. 208. 211. 214. 216. 221.
  218. 216. 221. 224. 219. 223. 224. 223. 225. 224. 226. 180. 183. 186.
  186. 183. 185. 185. 182. 183. 184. 184. 184. 184. 184. 187.]
 [ 84. 140. 177. 174. 185. 191. 200. 203. 204. 207. 211. 208. 213. 211.
  215. 215. 217. 218. 221. 219. 219. 218. 219. 220. 225. 183. 179. 179.
  177. 184. 182. 179. 178. 179. 180. 181. 182. 180. 181. 182.]]
##############################
[[ 30.  55.  79.  87. 103. 108. 110. 118. 120. 125. 124. 122. 133. 130.
  128. 128. 130. 129. 124. 134. 128. 129. 131. 131. 130. 131. 103. 104.
  106. 107. 103. 112. 107. 105. 106. 110. 104. 107. 106. 109.]
 [208. 235. 243. 247. 248. 248. 248. 248. 248. 249. 248. 248. 249. 249.
  249. 249. 249. 249. 249. 249. 250. 250. 250. 250. 250. 249. 199. 199.
  199. 199. 199. 200. 199. 199. 199. 199. 199. 199. 200. 200.]
 [ 64. 122. 143. 163. 180. 190. 197. 203. 206. 208. 211. 214. 216. 221.
  218. 216. 221. 224. 219. 223. 224. 223. 225. 224. 226. 225. 183. 186.
  186. 183. 185. 185. 182. 183. 184. 184. 184. 184. 184. 187.]
 [ 84. 140. 177. 174. 185. 191. 200. 203. 204. 207. 211. 208. 213. 211.
  215. 215. 217. 218. 221. 219. 219. 218. 219. 220. 225. 229. 179. 179.
  177. 184. 182. 179. 178. 179. 180. 181. 182. 180. 181. 182.]]
##############################
[[ 30.  55.  79.  87. 103. 108. 110. 118. 120. 125. 124. 122. 133. 130.
  128. 128. 130. 129. 124. 134. 128. 129. 131. 131. 130. 131. 131. 104.
  106. 107. 103. 112. 107. 105. 106. 110. 104. 107. 106. 109.]
 [208. 235. 243. 247. 248. 248. 248. 248. 248. 249. 248. 248. 249. 249.
  249. 249. 249. 249. 249. 249. 250. 250. 250. 250. 250. 249. 249. 199.
  199. 199. 199. 200. 199. 199. 199. 199. 199. 199. 200. 200.]
 [ 64. 122. 143. 163. 180. 190. 197. 203. 206. 208. 211. 214. 216. 221.
  218. 216. 221. 224. 219. 223. 224. 223. 225. 224. 226. 225. 228. 186.
  186. 183. 185. 185. 182. 183. 184. 184. 184. 184. 184. 187.]
 [ 84. 140. 177. 174. 185. 191. 200. 203. 204. 207. 211. 208. 213. 211.
  215. 215. 217. 218. 221. 219. 219. 218. 219. 220. 225. 229. 223. 179.
  177. 184. 182. 179. 178. 179. 180. 181. 182. 180. 181. 182.]]
##############################
[[ 30.  55.  79.  87. 103. 108. 110. 118. 120. 125. 124. 122. 133. 130.
  128. 128. 130. 129. 124. 134. 128. 129. 131. 131. 130. 131. 131. 132.
  106. 107. 103. 112. 107. 105. 106. 110. 104. 107. 106. 109.]
 [208. 235. 243. 247. 248. 248. 248. 248. 248. 249. 248. 248. 249. 249.
  249. 249. 249. 249. 249. 249. 250. 250. 250. 250. 250. 249. 249. 249.
  199. 199. 199. 200. 199. 199. 199. 199. 199. 199. 200. 200.]
 [ 64. 122. 143. 163. 180. 190. 197. 203. 206. 208. 211. 214. 216. 221.
  218. 216. 221. 224. 219. 223. 224. 223. 225. 224. 226. 225. 228. 233.
  186. 183. 185. 185. 182. 183. 184. 184. 184. 184. 184. 187.]
 [ 84. 140. 177. 174. 185. 191. 200. 203. 204. 207. 211. 208. 213. 211.
  215. 215. 217. 218. 221. 219. 219. 218. 219. 220. 225. 229. 223. 223.
  177. 184. 182. 179. 178. 179. 180. 181. 182. 180. 181. 182.]]
##############################
[[ 30.  55.  79.  87. 103. 108. 110. 118. 120. 125. 124. 122. 133. 130.
  128. 128. 130. 129. 124. 134. 128. 129. 131. 131. 130. 131. 131. 132.
  134. 107. 103. 112. 107. 105. 106. 110. 104. 107. 106. 109.]
 [208. 235. 243. 247. 248. 248. 248. 248. 248. 249. 248. 248. 249. 249.
  249. 249. 249. 249. 249. 249. 250. 250. 250. 250. 250. 249. 249. 249.
  249. 199. 199. 200. 199. 199. 199. 199. 199. 199. 200. 200.]
 [ 64. 122. 143. 163. 180. 190. 197. 203. 206. 208. 211. 214. 216. 221.
  218. 216. 221. 224. 219. 223. 224. 223. 225. 224. 226. 225. 228. 233.
  232. 183. 185. 185. 182. 183. 184. 184. 184. 184. 184. 187.]
 [ 84. 140. 177. 174. 185. 191. 200. 203. 204. 207. 211. 208. 213. 211.
  215. 215. 217. 218. 221. 219. 219. 218. 219. 220. 225. 229. 223. 223.
  220. 184. 182. 179. 178. 179. 180. 181. 182. 180. 181. 182.]]
##############################
[[ 30.  55.  79.  87. 103. 108. 110. 118. 120. 125. 124. 122. 133. 130.
  128. 128. 130. 129. 124. 134. 128. 129. 131. 131. 130. 131. 131. 132.
  134. 135. 103. 112. 107. 105. 106. 110. 104. 107. 106. 109.]
 [208. 235. 243. 247. 248. 248. 248. 248. 248. 249. 248. 248. 249. 249.
  249. 249. 249. 249. 249. 249. 250. 250. 250. 250. 250. 249. 249. 249.
  249. 249. 199. 200. 199. 199. 199. 199. 199. 199. 200. 200.]
 [ 64. 122. 143. 163. 180. 190. 197. 203. 206. 208. 211. 214. 216. 221.
  218. 216. 221. 224. 219. 223. 224. 223. 225. 224. 226. 225. 228. 233.
  232. 229. 185. 185. 182. 183. 184. 184. 184. 184. 184. 187.]
 [ 84. 140. 177. 174. 185. 191. 200. 203. 204. 207. 211. 208. 213. 211.
  215. 215. 217. 218. 221. 219. 219. 218. 219. 220. 225. 229. 223. 223.
  220. 226. 182. 179. 178. 179. 180. 181. 182. 180. 181. 182.]]
##############################
[[ 30.  55.  79.  87. 103. 108. 110. 118. 120. 125. 124. 122. 133. 130.
  128. 128. 130. 129. 124. 134. 128. 129. 131. 131. 130. 131. 131. 132.
  134. 135. 131. 112. 107. 105. 106. 110. 104. 107. 106. 109.]
 [208. 235. 243. 247. 248. 248. 248. 248. 248. 249. 248. 248. 249. 249.
  249. 249. 249. 249. 249. 249. 250. 250. 250. 250. 250. 249. 249. 249.
  249. 249. 249. 200. 199. 199. 199. 199. 199. 199. 200. 200.]
 [ 64. 122. 143. 163. 180. 190. 197. 203. 206. 208. 211. 214. 216. 221.
  218. 216. 221. 224. 219. 223. 224. 223. 225. 224. 226. 225. 228. 233.
  232. 229. 231. 185. 182. 183. 184. 184. 184. 184. 184. 187.]
 [ 84. 140. 177. 174. 185. 191. 200. 203. 204. 207. 211. 208. 213. 211.
  215. 215. 217. 218. 221. 219. 219. 218. 219. 220. 225. 229. 223. 223.
  220. 226. 228. 179. 178. 179. 180. 181. 182. 180. 181. 182.]]
##############################
[[ 30.  55.  79.  87. 103. 108. 110. 118. 120. 125. 124. 122. 133. 130.
  128. 128. 130. 129. 124. 134. 128. 129. 131. 131. 130. 131. 131. 132.
  134. 135. 131. 137. 107. 105. 106. 110. 104. 107. 106. 109.]
 [208. 235. 243. 247. 248. 248. 248. 248. 248. 249. 248. 248. 249. 249.
  249. 249. 249. 249. 249. 249. 250. 250. 250. 250. 250. 249. 249. 249.
  249. 249. 249. 250. 199. 199. 199. 199. 199. 199. 200. 200.]
 [ 64. 122. 143. 163. 180. 190. 197. 203. 206. 208. 211. 214. 216. 221.
  218. 216. 221. 224. 219. 223. 224. 223. 225. 224. 226. 225. 228. 233.
  232. 229. 231. 231. 182. 183. 184. 184. 184. 184. 184. 187.]
 [ 84. 140. 177. 174. 185. 191. 200. 203. 204. 207. 211. 208. 213. 211.
  215. 215. 217. 218. 221. 219. 219. 218. 219. 220. 225. 229. 223. 223.
  220. 226. 228. 223. 178. 179. 180. 181. 182. 180. 181. 182.]]
##############################
[[ 30.  55.  79.  87. 103. 108. 110. 118. 120. 125. 124. 122. 133. 130.
  128. 128. 130. 129. 124. 134. 128. 129. 131. 131. 130. 131. 131. 132.
  134. 135. 131. 137. 135. 105. 106. 110. 104. 107. 106. 109.]
 [208. 235. 243. 247. 248. 248. 248. 248. 248. 249. 248. 248. 249. 249.
  249. 249. 249. 249. 249. 249. 250. 250. 250. 250. 250. 249. 249. 249.
  249. 249. 249. 250. 249. 199. 199. 199. 199. 199. 200. 200.]
 [ 64. 122. 143. 163. 180. 190. 197. 203. 206. 208. 211. 214. 216. 221.
  218. 216. 221. 224. 219. 223. 224. 223. 225. 224. 226. 225. 228. 233.
  232. 229. 231. 231. 228. 183. 184. 184. 184. 184. 184. 187.]
 [ 84. 140. 177. 174. 185. 191. 200. 203. 204. 207. 211. 208. 213. 211.
  215. 215. 217. 218. 221. 219. 219. 218. 219. 220. 225. 229. 223. 223.
  220. 226. 228. 223. 223. 179. 180. 181. 182. 180. 181. 182.]]
##############################
[[ 30.  55.  79.  87. 103. 108. 110. 118. 120. 125. 124. 122. 133. 130.
  128. 128. 130. 129. 124. 134. 128. 129. 131. 131. 130. 131. 131. 132.
  134. 135. 131. 137. 135. 130. 106. 110. 104. 107. 106. 109.]
 [208. 235. 243. 247. 248. 248. 248. 248. 248. 249. 248. 248. 249. 249.
  249. 249. 249. 249. 249. 249. 250. 250. 250. 250. 250. 249. 249. 249.
  249. 249. 249. 250. 249. 249. 199. 199. 199. 199. 200. 200.]
 [ 64. 122. 143. 163. 180. 190. 197. 203. 206. 208. 211. 214. 216. 221.
  218. 216. 221. 224. 219. 223. 224. 223. 225. 224. 226. 225. 228. 233.
  232. 229. 231. 231. 228. 228. 184. 184. 184. 184. 184. 187.]
 [ 84. 140. 177. 174. 185. 191. 200. 203. 204. 207. 211. 208. 213. 211.
  215. 215. 217. 218. 221. 219. 219. 218. 219. 220. 225. 229. 223. 223.
  220. 226. 228. 223. 223. 224. 180. 181. 182. 180. 181. 182.]]
##############################
[[ 30.  55.  79.  87. 103. 108. 110. 118. 120. 125. 124. 122. 133. 130.
  128. 128. 130. 129. 124. 134. 128. 129. 131. 131. 130. 131. 131. 132.
  134. 135. 131. 137. 135. 130. 133. 110. 104. 107. 106. 109.]
 [208. 235. 243. 247. 248. 248. 248. 248. 248. 249. 248. 248. 249. 249.
  249. 249. 249. 249. 249. 249. 250. 250. 250. 250. 250. 249. 249. 249.
  249. 249. 249. 250. 249. 249. 249. 199. 199. 199. 200. 200.]
 [ 64. 122. 143. 163. 180. 190. 197. 203. 206. 208. 211. 214. 216. 221.
  218. 216. 221. 224. 219. 223. 224. 223. 225. 224. 226. 225. 228. 233.
  232. 229. 231. 231. 228. 228. 228. 184. 184. 184. 184. 187.]
 [ 84. 140. 177. 174. 185. 191. 200. 203. 204. 207. 211. 208. 213. 211.
  215. 215. 217. 218. 221. 219. 219. 218. 219. 220. 225. 229. 223. 223.
  220. 226. 228. 223. 223. 224. 225. 181. 182. 180. 181. 182.]]
##############################
[[ 30.  55.  79.  87. 103. 108. 110. 118. 120. 125. 124. 122. 133. 130.
  128. 128. 130. 129. 124. 134. 128. 129. 131. 131. 130. 131. 131. 132.
  134. 135. 131. 137. 135. 130. 133. 136. 104. 107. 106. 109.]
 [208. 235. 243. 247. 248. 248. 248. 248. 248. 249. 248. 248. 249. 249.
  249. 249. 249. 249. 249. 249. 250. 250. 250. 250. 250. 249. 249. 249.
  249. 249. 249. 250. 249. 249. 249. 249. 199. 199. 200. 200.]
 [ 64. 122. 143. 163. 180. 190. 197. 203. 206. 208. 211. 214. 216. 221.
  218. 216. 221. 224. 219. 223. 224. 223. 225. 224. 226. 225. 228. 233.
  232. 229. 231. 231. 228. 228. 228. 231. 184. 184. 184. 187.]
 [ 84. 140. 177. 174. 185. 191. 200. 203. 204. 207. 211. 208. 213. 211.
  215. 215. 217. 218. 221. 219. 219. 218. 219. 220. 225. 229. 223. 223.
  220. 226. 228. 223. 223. 224. 225. 226. 182. 180. 181. 182.]]
##############################
[[ 30.  55.  79.  87. 103. 108. 110. 118. 120. 125. 124. 122. 133. 130.
  128. 128. 130. 129. 124. 134. 128. 129. 131. 131. 130. 131. 131. 132.
  134. 135. 131. 137. 135. 130. 133. 136. 131. 107. 106. 109.]
 [208. 235. 243. 247. 248. 248. 248. 248. 248. 249. 248. 248. 249. 249.
  249. 249. 249. 249. 249. 249. 250. 250. 250. 250. 250. 249. 249. 249.
  249. 249. 249. 250. 249. 249. 249. 249. 249. 199. 200. 200.]
 [ 64. 122. 143. 163. 180. 190. 197. 203. 206. 208. 211. 214. 216. 221.
  218. 216. 221. 224. 219. 223. 224. 223. 225. 224. 226. 225. 228. 233.
  232. 229. 231. 231. 228. 228. 228. 231. 230. 184. 184. 187.]
 [ 84. 140. 177. 174. 185. 191. 200. 203. 204. 207. 211. 208. 213. 211.
  215. 215. 217. 218. 221. 219. 219. 218. 219. 220. 225. 229. 223. 223.
  220. 226. 228. 223. 223. 224. 225. 226. 227. 180. 181. 182.]]
##############################
[[ 30.  55.  79.  87. 103. 108. 110. 118. 120. 125. 124. 122. 133. 130.
  128. 128. 130. 129. 124. 134. 128. 129. 131. 131. 130. 131. 131. 132.
  134. 135. 131. 137. 135. 130. 133. 136. 131. 132. 106. 109.]
 [208. 235. 243. 247. 248. 248. 248. 248. 248. 249. 248. 248. 249. 249.
  249. 249. 249. 249. 249. 249. 250. 250. 250. 250. 250. 249. 249. 249.
  249. 249. 249. 250. 249. 249. 249. 249. 249. 249. 200. 200.]
 [ 64. 122. 143. 163. 180. 190. 197. 203. 206. 208. 211. 214. 216. 221.
  218. 216. 221. 224. 219. 223. 224. 223. 225. 224. 226. 225. 228. 233.
  232. 229. 231. 231. 228. 228. 228. 231. 230. 230. 184. 187.]
 [ 84. 140. 177. 174. 185. 191. 200. 203. 204. 207. 211. 208. 213. 211.
  215. 215. 217. 218. 221. 219. 219. 218. 219. 220. 225. 229. 223. 223.
  220. 226. 228. 223. 223. 224. 225. 226. 227. 224. 181. 182.]]
##############################
[[ 30.  55.  79.  87. 103. 108. 110. 118. 120. 125. 124. 122. 133. 130.
  128. 128. 130. 129. 124. 134. 128. 129. 131. 131. 130. 131. 131. 132.
  134. 135. 131. 137. 135. 130. 133. 136. 131. 132. 132. 109.]
 [208. 235. 243. 247. 248. 248. 248. 248. 248. 249. 248. 248. 249. 249.
  249. 249. 249. 249. 249. 249. 250. 250. 250. 250. 250. 249. 249. 249.
  249. 249. 249. 250. 249. 249. 249. 249. 249. 249. 250. 200.]
 [ 64. 122. 143. 163. 180. 190. 197. 203. 206. 208. 211. 214. 216. 221.
  218. 216. 221. 224. 219. 223. 224. 223. 225. 224. 226. 225. 228. 233.
  232. 229. 231. 231. 228. 228. 228. 231. 230. 230. 230. 187.]
 [ 84. 140. 177. 174. 185. 191. 200. 203. 204. 207. 211. 208. 213. 211.
  215. 215. 217. 218. 221. 219. 219. 218. 219. 220. 225. 229. 223. 223.
  220. 226. 228. 223. 223. 224. 225. 226. 227. 224. 225. 182.]]
##############################
[[ 30.  55.  79.  87. 103. 108. 110. 118. 120. 125. 124. 122. 133. 130.
  128. 128. 130. 129. 124. 134. 128. 129. 131. 131. 130. 131. 131. 132.
  134. 135. 131. 137. 135. 130. 133. 136. 131. 132. 132. 136.]
 [208. 235. 243. 247. 248. 248. 248. 248. 248. 249. 248. 248. 249. 249.
  249. 249. 249. 249. 249. 249. 250. 250. 250. 250. 250. 249. 249. 249.
  249. 249. 249. 250. 249. 249. 249. 249. 249. 249. 250. 250.]
 [ 64. 122. 143. 163. 180. 190. 197. 203. 206. 208. 211. 214. 216. 221.
  218. 216. 221. 224. 219. 223. 224. 223. 225. 224. 226. 225. 228. 233.
  232. 229. 231. 231. 228. 228. 228. 231. 230. 230. 230. 233.]
 [ 84. 140. 177. 174. 185. 191. 200. 203. 204. 207. 211. 208. 213. 211.
  215. 215. 217. 218. 221. 219. 219. 218. 219. 220. 225. 229. 223. 223.
  220. 226. 228. 223. 223. 224. 225. 226. 227. 224. 225. 225.]]
##############################
##################################################
##################################################
starting :6 batch
[[ 36.  55.  79.  87. 103. 108. 110. 118. 120. 125. 124. 122. 133. 130.
  128. 128. 130. 129. 124. 134. 128. 129. 131. 131. 130. 131. 131. 132.
  134. 135. 131. 137. 135. 130. 133. 136. 131. 132. 132. 136.]
 [250. 235. 243. 247. 248. 248. 248. 248. 248. 249. 248. 248. 249. 249.
  249. 249. 249. 249. 249. 249. 250. 250. 250. 250. 250. 249. 249. 249.
  249. 249. 249. 250. 249. 249. 249. 249. 249. 249. 250. 250.]
 [ 78. 122. 143. 163. 180. 190. 197. 203. 206. 208. 211. 214. 216. 221.
  218. 216. 221. 224. 219. 223. 224. 223. 225. 224. 226. 225. 228. 233.
  232. 229. 231. 231. 228. 228. 228. 231. 230. 230. 230. 233.]
 [100. 140. 177. 174. 185. 191. 200. 203. 204. 207. 211. 208. 213. 211.
  215. 215. 217. 218. 221. 219. 219. 218. 219. 220. 225. 229. 223. 223.
  220. 226. 228. 223. 223. 224. 225. 226. 227. 224. 225. 225.]]
##############################
[[ 36.  70.  79.  87. 103. 108. 110. 118. 120. 125. 124. 122. 133. 130.
  128. 128. 130. 129. 124. 134. 128. 129. 131. 131. 130. 131. 131. 132.
  134. 135. 131. 137. 135. 130. 133. 136. 131. 132. 132. 136.]
 [250. 284. 243. 247. 248. 248. 248. 248. 248. 249. 248. 248. 249. 249.
  249. 249. 249. 249. 249. 249. 250. 250. 250. 250. 250. 249. 249. 249.
  249. 249. 249. 250. 249. 249. 249. 249. 249. 249. 250. 250.]
 [ 78. 144. 143. 163. 180. 190. 197. 203. 206. 208. 211. 214. 216. 221.
  218. 216. 221. 224. 219. 223. 224. 223. 225. 224. 226. 225. 228. 233.
  232. 229. 231. 231. 228. 228. 228. 231. 230. 230. 230. 233.]
 [100. 165. 177. 174. 185. 191. 200. 203. 204. 207. 211. 208. 213. 211.
  215. 215. 217. 218. 221. 219. 219. 218. 219. 220. 225. 229. 223. 223.
  220. 226. 228. 223. 223. 224. 225. 226. 227. 224. 225. 225.]]
##############################
[[ 36.  70.  96.  87. 103. 108. 110. 118. 120. 125. 124. 122. 133. 130.
  128. 128. 130. 129. 124. 134. 128. 129. 131. 131. 130. 131. 131. 132.
  134. 135. 131. 137. 135. 130. 133. 136. 131. 132. 132. 136.]
 [250. 284. 292. 247. 248. 248. 248. 248. 248. 249. 248. 248. 249. 249.
  249. 249. 249. 249. 249. 249. 250. 250. 250. 250. 250. 249. 249. 249.
  249. 249. 249. 250. 249. 249. 249. 249. 249. 249. 250. 250.]
 [ 78. 144. 169. 163. 180. 190. 197. 203. 206. 208. 211. 214. 216. 221.
  218. 216. 221. 224. 219. 223. 224. 223. 225. 224. 226. 225. 228. 233.
  232. 229. 231. 231. 228. 228. 228. 231. 230. 230. 230. 233.]
 [100. 165. 205. 174. 185. 191. 200. 203. 204. 207. 211. 208. 213. 211.
  215. 215. 217. 218. 221. 219. 219. 218. 219. 220. 225. 229. 223. 223.
  220. 226. 228. 223. 223. 224. 225. 226. 227. 224. 225. 225.]]
##############################
[[ 36.  70.  96. 108. 103. 108. 110. 118. 120. 125. 124. 122. 133. 130.
  128. 128. 130. 129. 124. 134. 128. 129. 131. 131. 130. 131. 131. 132.
  134. 135. 131. 137. 135. 130. 133. 136. 131. 132. 132. 136.]
 [250. 284. 292. 296. 248. 248. 248. 248. 248. 249. 248. 248. 249. 249.
  249. 249. 249. 249. 249. 249. 250. 250. 250. 250. 250. 249. 249. 249.
  249. 249. 249. 250. 249. 249. 249. 249. 249. 249. 250. 250.]
 [ 78. 144. 169. 195. 180. 190. 197. 203. 206. 208. 211. 214. 216. 221.
  218. 216. 221. 224. 219. 223. 224. 223. 225. 224. 226. 225. 228. 233.
  232. 229. 231. 231. 228. 228. 228. 231. 230. 230. 230. 233.]
 [100. 165. 205. 205. 185. 191. 200. 203. 204. 207. 211. 208. 213. 211.
  215. 215. 217. 218. 221. 219. 219. 218. 219. 220. 225. 229. 223. 223.
  220. 226. 228. 223. 223. 224. 225. 226. 227. 224. 225. 225.]]
##############################
[[ 36.  70.  96. 108. 125. 108. 110. 118. 120. 125. 124. 122. 133. 130.
  128. 128. 130. 129. 124. 134. 128. 129. 131. 131. 130. 131. 131. 132.
  134. 135. 131. 137. 135. 130. 133. 136. 131. 132. 132. 136.]
 [250. 284. 292. 296. 298. 248. 248. 248. 248. 249. 248. 248. 249. 249.
  249. 249. 249. 249. 249. 249. 250. 250. 250. 250. 250. 249. 249. 249.
  249. 249. 249. 250. 249. 249. 249. 249. 249. 249. 250. 250.]
 [ 78. 144. 169. 195. 215. 190. 197. 203. 206. 208. 211. 214. 216. 221.
  218. 216. 221. 224. 219. 223. 224. 223. 225. 224. 226. 225. 228. 233.
  232. 229. 231. 231. 228. 228. 228. 231. 230. 230. 230. 233.]
 [100. 165. 205. 205. 218. 191. 200. 203. 204. 207. 211. 208. 213. 211.
  215. 215. 217. 218. 221. 219. 219. 218. 219. 220. 225. 229. 223. 223.
  220. 226. 228. 223. 223. 224. 225. 226. 227. 224. 225. 225.]]
##############################
[[ 36.  70.  96. 108. 125. 129. 110. 118. 120. 125. 124. 122. 133. 130.
  128. 128. 130. 129. 124. 134. 128. 129. 131. 131. 130. 131. 131. 132.
  134. 135. 131. 137. 135. 130. 133. 136. 131. 132. 132. 136.]
 [250. 284. 292. 296. 298. 298. 248. 248. 248. 249. 248. 248. 249. 249.
  249. 249. 249. 249. 249. 249. 250. 250. 250. 250. 250. 249. 249. 249.
  249. 249. 249. 250. 249. 249. 249. 249. 249. 249. 250. 250.]
 [ 78. 144. 169. 195. 215. 229. 197. 203. 206. 208. 211. 214. 216. 221.
  218. 216. 221. 224. 219. 223. 224. 223. 225. 224. 226. 225. 228. 233.
  232. 229. 231. 231. 228. 228. 228. 231. 230. 230. 230. 233.]
 [100. 165. 205. 205. 218. 229. 200. 203. 204. 207. 211. 208. 213. 211.
  215. 215. 217. 218. 221. 219. 219. 218. 219. 220. 225. 229. 223. 223.
  220. 226. 228. 223. 223. 224. 225. 226. 227. 224. 225. 225.]]
##############################
[[ 36.  70.  96. 108. 125. 129. 133. 118. 120. 125. 124. 122. 133. 130.
  128. 128. 130. 129. 124. 134. 128. 129. 131. 131. 130. 131. 131. 132.
  134. 135. 131. 137. 135. 130. 133. 136. 131. 132. 132. 136.]
 [250. 284. 292. 296. 298. 298. 298. 248. 248. 249. 248. 248. 249. 249.
  249. 249. 249. 249. 249. 249. 250. 250. 250. 250. 250. 249. 249. 249.
  249. 249. 249. 250. 249. 249. 249. 249. 249. 249. 250. 250.]
 [ 78. 144. 169. 195. 215. 229. 237. 203. 206. 208. 211. 214. 216. 221.
  218. 216. 221. 224. 219. 223. 224. 223. 225. 224. 226. 225. 228. 233.
  232. 229. 231. 231. 228. 228. 228. 231. 230. 230. 230. 233.]
 [100. 165. 205. 205. 218. 229. 240. 203. 204. 207. 211. 208. 213. 211.
  215. 215. 217. 218. 221. 219. 219. 218. 219. 220. 225. 229. 223. 223.
  220. 226. 228. 223. 223. 224. 225. 226. 227. 224. 225. 225.]]
##############################
[[ 36.  70.  96. 108. 125. 129. 133. 140. 120. 125. 124. 122. 133. 130.
  128. 128. 130. 129. 124. 134. 128. 129. 131. 131. 130. 131. 131. 132.
  134. 135. 131. 137. 135. 130. 133. 136. 131. 132. 132. 136.]
 [250. 284. 292. 296. 298. 298. 298. 298. 248. 249. 248. 248. 249. 249.
  249. 249. 249. 249. 249. 249. 250. 250. 250. 250. 250. 249. 249. 249.
  249. 249. 249. 250. 249. 249. 249. 249. 249. 249. 250. 250.]
 [ 78. 144. 169. 195. 215. 229. 237. 244. 206. 208. 211. 214. 216. 221.
  218. 216. 221. 224. 219. 223. 224. 223. 225. 224. 226. 225. 228. 233.
  232. 229. 231. 231. 228. 228. 228. 231. 230. 230. 230. 233.]
 [100. 165. 205. 205. 218. 229. 240. 243. 204. 207. 211. 208. 213. 211.
  215. 215. 217. 218. 221. 219. 219. 218. 219. 220. 225. 229. 223. 223.
  220. 226. 228. 223. 223. 224. 225. 226. 227. 224. 225. 225.]]
##############################
[[ 36.  70.  96. 108. 125. 129. 133. 140. 144. 125. 124. 122. 133. 130.
  128. 128. 130. 129. 124. 134. 128. 129. 131. 131. 130. 131. 131. 132.
  134. 135. 131. 137. 135. 130. 133. 136. 131. 132. 132. 136.]
 [250. 284. 292. 296. 298. 298. 298. 298. 298. 249. 248. 248. 249. 249.
  249. 249. 249. 249. 249. 249. 250. 250. 250. 250. 250. 249. 249. 249.
  249. 249. 249. 250. 249. 249. 249. 249. 249. 249. 250. 250.]
 [ 78. 144. 169. 195. 215. 229. 237. 244. 248. 208. 211. 214. 216. 221.
  218. 216. 221. 224. 219. 223. 224. 223. 225. 224. 226. 225. 228. 233.
  232. 229. 231. 231. 228. 228. 228. 231. 230. 230. 230. 233.]
 [100. 165. 205. 205. 218. 229. 240. 243. 245. 207. 211. 208. 213. 211.
  215. 215. 217. 218. 221. 219. 219. 218. 219. 220. 225. 229. 223. 223.
  220. 226. 228. 223. 223. 224. 225. 226. 227. 224. 225. 225.]]
##############################
[[ 36.  70.  96. 108. 125. 129. 133. 140. 144. 151. 124. 122. 133. 130.
  128. 128. 130. 129. 124. 134. 128. 129. 131. 131. 130. 131. 131. 132.
  134. 135. 131. 137. 135. 130. 133. 136. 131. 132. 132. 136.]
 [250. 284. 292. 296. 298. 298. 298. 298. 298. 299. 248. 248. 249. 249.
  249. 249. 249. 249. 249. 249. 250. 250. 250. 250. 250. 249. 249. 249.
  249. 249. 249. 250. 249. 249. 249. 249. 249. 249. 250. 250.]
 [ 78. 144. 169. 195. 215. 229. 237. 244. 248. 251. 211. 214. 216. 221.
  218. 216. 221. 224. 219. 223. 224. 223. 225. 224. 226. 225. 228. 233.
  232. 229. 231. 231. 228. 228. 228. 231. 230. 230. 230. 233.]
 [100. 165. 205. 205. 218. 229. 240. 243. 245. 250. 211. 208. 213. 211.
  215. 215. 217. 218. 221. 219. 219. 218. 219. 220. 225. 229. 223. 223.
  220. 226. 228. 223. 223. 224. 225. 226. 227. 224. 225. 225.]]
##############################
[[ 36.  70.  96. 108. 125. 129. 133. 140. 144. 151. 149. 122. 133. 130.
  128. 128. 130. 129. 124. 134. 128. 129. 131. 131. 130. 131. 131. 132.
  134. 135. 131. 137. 135. 130. 133. 136. 131. 132. 132. 136.]
 [250. 284. 292. 296. 298. 298. 298. 298. 298. 299. 298. 248. 249. 249.
  249. 249. 249. 249. 249. 249. 250. 250. 250. 250. 250. 249. 249. 249.
  249. 249. 249. 250. 249. 249. 249. 249. 249. 249. 250. 250.]
 [ 78. 144. 169. 195. 215. 229. 237. 244. 248. 251. 252. 214. 216. 221.
  218. 216. 221. 224. 219. 223. 224. 223. 225. 224. 226. 225. 228. 233.
  232. 229. 231. 231. 228. 228. 228. 231. 230. 230. 230. 233.]
 [100. 165. 205. 205. 218. 229. 240. 243. 245. 250. 254. 208. 213. 211.
  215. 215. 217. 218. 221. 219. 219. 218. 219. 220. 225. 229. 223. 223.
  220. 226. 228. 223. 223. 224. 225. 226. 227. 224. 225. 225.]]
##############################
[[ 36.  70.  96. 108. 125. 129. 133. 140. 144. 151. 149. 150. 133. 130.
  128. 128. 130. 129. 124. 134. 128. 129. 131. 131. 130. 131. 131. 132.
  134. 135. 131. 137. 135. 130. 133. 136. 131. 132. 132. 136.]
 [250. 284. 292. 296. 298. 298. 298. 298. 298. 299. 298. 298. 249. 249.
  249. 249. 249. 249. 249. 249. 250. 250. 250. 250. 250. 249. 249. 249.
  249. 249. 249. 250. 249. 249. 249. 249. 249. 249. 250. 250.]
 [ 78. 144. 169. 195. 215. 229. 237. 244. 248. 251. 252. 259. 216. 221.
  218. 216. 221. 224. 219. 223. 224. 223. 225. 224. 226. 225. 228. 233.
  232. 229. 231. 231. 228. 228. 228. 231. 230. 230. 230. 233.]
 [100. 165. 205. 205. 218. 229. 240. 243. 245. 250. 254. 253. 213. 211.
  215. 215. 217. 218. 221. 219. 219. 218. 219. 220. 225. 229. 223. 223.
  220. 226. 228. 223. 223. 224. 225. 226. 227. 224. 225. 225.]]
##############################
[[ 36.  70.  96. 108. 125. 129. 133. 140. 144. 151. 149. 150. 161. 130.
  128. 128. 130. 129. 124. 134. 128. 129. 131. 131. 130. 131. 131. 132.
  134. 135. 131. 137. 135. 130. 133. 136. 131. 132. 132. 136.]
 [250. 284. 292. 296. 298. 298. 298. 298. 298. 299. 298. 298. 299. 249.
  249. 249. 249. 249. 249. 249. 250. 250. 250. 250. 250. 249. 249. 249.
  249. 249. 249. 250. 249. 249. 249. 249. 249. 249. 250. 250.]
 [ 78. 144. 169. 195. 215. 229. 237. 244. 248. 251. 252. 259. 260. 221.
  218. 216. 221. 224. 219. 223. 224. 223. 225. 224. 226. 225. 228. 233.
  232. 229. 231. 231. 228. 228. 228. 231. 230. 230. 230. 233.]
 [100. 165. 205. 205. 218. 229. 240. 243. 245. 250. 254. 253. 257. 211.
  215. 215. 217. 218. 221. 219. 219. 218. 219. 220. 225. 229. 223. 223.
  220. 226. 228. 223. 223. 224. 225. 226. 227. 224. 225. 225.]]
##############################
[[ 36.  70.  96. 108. 125. 129. 133. 140. 144. 151. 149. 150. 161. 159.
  128. 128. 130. 129. 124. 134. 128. 129. 131. 131. 130. 131. 131. 132.
  134. 135. 131. 137. 135. 130. 133. 136. 131. 132. 132. 136.]
 [250. 284. 292. 296. 298. 298. 298. 298. 298. 299. 298. 298. 299. 299.
  249. 249. 249. 249. 249. 249. 250. 250. 250. 250. 250. 249. 249. 249.
  249. 249. 249. 250. 249. 249. 249. 249. 249. 249. 250. 250.]
 [ 78. 144. 169. 195. 215. 229. 237. 244. 248. 251. 252. 259. 260. 267.
  218. 216. 221. 224. 219. 223. 224. 223. 225. 224. 226. 225. 228. 233.
  232. 229. 231. 231. 228. 228. 228. 231. 230. 230. 230. 233.]
 [100. 165. 205. 205. 218. 229. 240. 243. 245. 250. 254. 253. 257. 254.
  215. 215. 217. 218. 221. 219. 219. 218. 219. 220. 225. 229. 223. 223.
  220. 226. 228. 223. 223. 224. 225. 226. 227. 224. 225. 225.]]
##############################
[[ 36.  70.  96. 108. 125. 129. 133. 140. 144. 151. 149. 150. 161. 159.
  158. 128. 130. 129. 124. 134. 128. 129. 131. 131. 130. 131. 131. 132.
  134. 135. 131. 137. 135. 130. 133. 136. 131. 132. 132. 136.]
 [250. 284. 292. 296. 298. 298. 298. 298. 298. 299. 298. 298. 299. 299.
  299. 249. 249. 249. 249. 249. 250. 250. 250. 250. 250. 249. 249. 249.
  249. 249. 249. 250. 249. 249. 249. 249. 249. 249. 250. 250.]
 [ 78. 144. 169. 195. 215. 229. 237. 244. 248. 251. 252. 259. 260. 267.
  264. 216. 221. 224. 219. 223. 224. 223. 225. 224. 226. 225. 228. 233.
  232. 229. 231. 231. 228. 228. 228. 231. 230. 230. 230. 233.]
 [100. 165. 205. 205. 218. 229. 240. 243. 245. 250. 254. 253. 257. 254.
  260. 215. 217. 218. 221. 219. 219. 218. 219. 220. 225. 229. 223. 223.
  220. 226. 228. 223. 223. 224. 225. 226. 227. 224. 225. 225.]]
##############################
[[ 36.  70.  96. 108. 125. 129. 133. 140. 144. 151. 149. 150. 161. 159.
  158. 157. 130. 129. 124. 134. 128. 129. 131. 131. 130. 131. 131. 132.
  134. 135. 131. 137. 135. 130. 133. 136. 131. 132. 132. 136.]
 [250. 284. 292. 296. 298. 298. 298. 298. 298. 299. 298. 298. 299. 299.
  299. 299. 249. 249. 249. 249. 250. 250. 250. 250. 250. 249. 249. 249.
  249. 249. 249. 250. 249. 249. 249. 249. 249. 249. 250. 250.]
 [ 78. 144. 169. 195. 215. 229. 237. 244. 248. 251. 252. 259. 260. 267.
  264. 262. 221. 224. 219. 223. 224. 223. 225. 224. 226. 225. 228. 233.
  232. 229. 231. 231. 228. 228. 228. 231. 230. 230. 230. 233.]
 [100. 165. 205. 205. 218. 229. 240. 243. 245. 250. 254. 253. 257. 254.
  260. 260. 217. 218. 221. 219. 219. 218. 219. 220. 225. 229. 223. 223.
  220. 226. 228. 223. 223. 224. 225. 226. 227. 224. 225. 225.]]
##############################
[[ 36.  70.  96. 108. 125. 129. 133. 140. 144. 151. 149. 150. 161. 159.
  158. 157. 160. 129. 124. 134. 128. 129. 131. 131. 130. 131. 131. 132.
  134. 135. 131. 137. 135. 130. 133. 136. 131. 132. 132. 136.]
 [250. 284. 292. 296. 298. 298. 298. 298. 298. 299. 298. 298. 299. 299.
  299. 299. 299. 249. 249. 249. 250. 250. 250. 250. 250. 249. 249. 249.
  249. 249. 249. 250. 249. 249. 249. 249. 249. 249. 250. 250.]
 [ 78. 144. 169. 195. 215. 229. 237. 244. 248. 251. 252. 259. 260. 267.
  264. 262. 265. 224. 219. 223. 224. 223. 225. 224. 226. 225. 228. 233.
  232. 229. 231. 231. 228. 228. 228. 231. 230. 230. 230. 233.]
 [100. 165. 205. 205. 218. 229. 240. 243. 245. 250. 254. 253. 257. 254.
  260. 260. 262. 218. 221. 219. 219. 218. 219. 220. 225. 229. 223. 223.
  220. 226. 228. 223. 223. 224. 225. 226. 227. 224. 225. 225.]]
##############################
[[ 36.  70.  96. 108. 125. 129. 133. 140. 144. 151. 149. 150. 161. 159.
  158. 157. 160. 160. 124. 134. 128. 129. 131. 131. 130. 131. 131. 132.
  134. 135. 131. 137. 135. 130. 133. 136. 131. 132. 132. 136.]
 [250. 284. 292. 296. 298. 298. 298. 298. 298. 299. 298. 298. 299. 299.
  299. 299. 299. 299. 249. 249. 250. 250. 250. 250. 250. 249. 249. 249.
  249. 249. 249. 250. 249. 249. 249. 249. 249. 249. 250. 250.]
 [ 78. 144. 169. 195. 215. 229. 237. 244. 248. 251. 252. 259. 260. 267.
  264. 262. 265. 270. 219. 223. 224. 223. 225. 224. 226. 225. 228. 233.
  232. 229. 231. 231. 228. 228. 228. 231. 230. 230. 230. 233.]
 [100. 165. 205. 205. 218. 229. 240. 243. 245. 250. 254. 253. 257. 254.
  260. 260. 262. 263. 221. 219. 219. 218. 219. 220. 225. 229. 223. 223.
  220. 226. 228. 223. 223. 224. 225. 226. 227. 224. 225. 225.]]
##############################
[[ 36.  70.  96. 108. 125. 129. 133. 140. 144. 151. 149. 150. 161. 159.
  158. 157. 160. 160. 154. 134. 128. 129. 131. 131. 130. 131. 131. 132.
  134. 135. 131. 137. 135. 130. 133. 136. 131. 132. 132. 136.]
 [250. 284. 292. 296. 298. 298. 298. 298. 298. 299. 298. 298. 299. 299.
  299. 299. 299. 299. 299. 249. 250. 250. 250. 250. 250. 249. 249. 249.
  249. 249. 249. 250. 249. 249. 249. 249. 249. 249. 250. 250.]
 [ 78. 144. 169. 195. 215. 229. 237. 244. 248. 251. 252. 259. 260. 267.
  264. 262. 265. 270. 266. 223. 224. 223. 225. 224. 226. 225. 228. 233.
  232. 229. 231. 231. 228. 228. 228. 231. 230. 230. 230. 233.]
 [100. 165. 205. 205. 218. 229. 240. 243. 245. 250. 254. 253. 257. 254.
  260. 260. 262. 263. 267. 219. 219. 218. 219. 220. 225. 229. 223. 223.
  220. 226. 228. 223. 223. 224. 225. 226. 227. 224. 225. 225.]]
##############################
[[ 36.  70.  96. 108. 125. 129. 133. 140. 144. 151. 149. 150. 161. 159.
  158. 157. 160. 160. 154. 168. 128. 129. 131. 131. 130. 131. 131. 132.
  134. 135. 131. 137. 135. 130. 133. 136. 131. 132. 132. 136.]
 [250. 284. 292. 296. 298. 298. 298. 298. 298. 299. 298. 298. 299. 299.
  299. 299. 299. 299. 299. 299. 250. 250. 250. 250. 250. 249. 249. 249.
  249. 249. 249. 250. 249. 249. 249. 249. 249. 249. 250. 250.]
 [ 78. 144. 169. 195. 215. 229. 237. 244. 248. 251. 252. 259. 260. 267.
  264. 262. 265. 270. 266. 269. 224. 223. 225. 224. 226. 225. 228. 233.
  232. 229. 231. 231. 228. 228. 228. 231. 230. 230. 230. 233.]
 [100. 165. 205. 205. 218. 229. 240. 243. 245. 250. 254. 253. 257. 254.
  260. 260. 262. 263. 267. 264. 219. 218. 219. 220. 225. 229. 223. 223.
  220. 226. 228. 223. 223. 224. 225. 226. 227. 224. 225. 225.]]
##############################
[[ 36.  70.  96. 108. 125. 129. 133. 140. 144. 151. 149. 150. 161. 159.
  158. 157. 160. 160. 154. 168. 160. 129. 131. 131. 130. 131. 131. 132.
  134. 135. 131. 137. 135. 130. 133. 136. 131. 132. 132. 136.]
 [250. 284. 292. 296. 298. 298. 298. 298. 298. 299. 298. 298. 299. 299.
  299. 299. 299. 299. 299. 299. 300. 250. 250. 250. 250. 249. 249. 249.
  249. 249. 249. 250. 249. 249. 249. 249. 249. 249. 250. 250.]
 [ 78. 144. 169. 195. 215. 229. 237. 244. 248. 251. 252. 259. 260. 267.
  264. 262. 265. 270. 266. 269. 270. 223. 225. 224. 226. 225. 228. 233.
  232. 229. 231. 231. 228. 228. 228. 231. 230. 230. 230. 233.]
 [100. 165. 205. 205. 218. 229. 240. 243. 245. 250. 254. 253. 257. 254.
  260. 260. 262. 263. 267. 264. 263. 218. 219. 220. 225. 229. 223. 223.
  220. 226. 228. 223. 223. 224. 225. 226. 227. 224. 225. 225.]]
##############################
[[ 36.  70.  96. 108. 125. 129. 133. 140. 144. 151. 149. 150. 161. 159.
  158. 157. 160. 160. 154. 168. 160. 159. 131. 131. 130. 131. 131. 132.
  134. 135. 131. 137. 135. 130. 133. 136. 131. 132. 132. 136.]
 [250. 284. 292. 296. 298. 298. 298. 298. 298. 299. 298. 298. 299. 299.
  299. 299. 299. 299. 299. 299. 300. 300. 250. 250. 250. 249. 249. 249.
  249. 249. 249. 250. 249. 249. 249. 249. 249. 249. 250. 250.]
 [ 78. 144. 169. 195. 215. 229. 237. 244. 248. 251. 252. 259. 260. 267.
  264. 262. 265. 270. 266. 269. 270. 271. 225. 224. 226. 225. 228. 233.
  232. 229. 231. 231. 228. 228. 228. 231. 230. 230. 230. 233.]
 [100. 165. 205. 205. 218. 229. 240. 243. 245. 250. 254. 253. 257. 254.
  260. 260. 262. 263. 267. 264. 263. 264. 219. 220. 225. 229. 223. 223.
  220. 226. 228. 223. 223. 224. 225. 226. 227. 224. 225. 225.]]
##############################
[[ 36.  70.  96. 108. 125. 129. 133. 140. 144. 151. 149. 150. 161. 159.
  158. 157. 160. 160. 154. 168. 160. 159. 161. 131. 130. 131. 131. 132.
  134. 135. 131. 137. 135. 130. 133. 136. 131. 132. 132. 136.]
 [250. 284. 292. 296. 298. 298. 298. 298. 298. 299. 298. 298. 299. 299.
  299. 299. 299. 299. 299. 299. 300. 300. 300. 250. 250. 249. 249. 249.
  249. 249. 249. 250. 249. 249. 249. 249. 249. 249. 250. 250.]
 [ 78. 144. 169. 195. 215. 229. 237. 244. 248. 251. 252. 259. 260. 267.
  264. 262. 265. 270. 266. 269. 270. 271. 271. 224. 226. 225. 228. 233.
  232. 229. 231. 231. 228. 228. 228. 231. 230. 230. 230. 233.]
 [100. 165. 205. 205. 218. 229. 240. 243. 245. 250. 254. 253. 257. 254.
  260. 260. 262. 263. 267. 264. 263. 264. 264. 220. 225. 229. 223. 223.
  220. 226. 228. 223. 223. 224. 225. 226. 227. 224. 225. 225.]]
##############################
[[ 36.  70.  96. 108. 125. 129. 133. 140. 144. 151. 149. 150. 161. 159.
  158. 157. 160. 160. 154. 168. 160. 159. 161. 162. 130. 131. 131. 132.
  134. 135. 131. 137. 135. 130. 133. 136. 131. 132. 132. 136.]
 [250. 284. 292. 296. 298. 298. 298. 298. 298. 299. 298. 298. 299. 299.
  299. 299. 299. 299. 299. 299. 300. 300. 300. 300. 250. 249. 249. 249.
  249. 249. 249. 250. 249. 249. 249. 249. 249. 249. 250. 250.]
 [ 78. 144. 169. 195. 215. 229. 237. 244. 248. 251. 252. 259. 260. 267.
  264. 262. 265. 270. 266. 269. 270. 271. 271. 271. 226. 225. 228. 233.
  232. 229. 231. 231. 228. 228. 228. 231. 230. 230. 230. 233.]
 [100. 165. 205. 205. 218. 229. 240. 243. 245. 250. 254. 253. 257. 254.
  260. 260. 262. 263. 267. 264. 263. 264. 264. 266. 225. 229. 223. 223.
  220. 226. 228. 223. 223. 224. 225. 226. 227. 224. 225. 225.]]
##############################
[[ 36.  70.  96. 108. 125. 129. 133. 140. 144. 151. 149. 150. 161. 159.
  158. 157. 160. 160. 154. 168. 160. 159. 161. 162. 162. 131. 131. 132.
  134. 135. 131. 137. 135. 130. 133. 136. 131. 132. 132. 136.]
 [250. 284. 292. 296. 298. 298. 298. 298. 298. 299. 298. 298. 299. 299.
  299. 299. 299. 299. 299. 299. 300. 300. 300. 300. 300. 249. 249. 249.
  249. 249. 249. 250. 249. 249. 249. 249. 249. 249. 250. 250.]
 [ 78. 144. 169. 195. 215. 229. 237. 244. 248. 251. 252. 259. 260. 267.
  264. 262. 265. 270. 266. 269. 270. 271. 271. 271. 273. 225. 228. 233.
  232. 229. 231. 231. 228. 228. 228. 231. 230. 230. 230. 233.]
 [100. 165. 205. 205. 218. 229. 240. 243. 245. 250. 254. 253. 257. 254.
  260. 260. 262. 263. 267. 264. 263. 264. 264. 266. 270. 229. 223. 223.
  220. 226. 228. 223. 223. 224. 225. 226. 227. 224. 225. 225.]]
##############################
[[ 36.  70.  96. 108. 125. 129. 133. 140. 144. 151. 149. 150. 161. 159.
  158. 157. 160. 160. 154. 168. 160. 159. 161. 162. 162. 163. 131. 132.
  134. 135. 131. 137. 135. 130. 133. 136. 131. 132. 132. 136.]
 [250. 284. 292. 296. 298. 298. 298. 298. 298. 299. 298. 298. 299. 299.
  299. 299. 299. 299. 299. 299. 300. 300. 300. 300. 300. 299. 249. 249.
  249. 249. 249. 250. 249. 249. 249. 249. 249. 249. 250. 250.]
 [ 78. 144. 169. 195. 215. 229. 237. 244. 248. 251. 252. 259. 260. 267.
  264. 262. 265. 270. 266. 269. 270. 271. 271. 271. 273. 272. 228. 233.
  232. 229. 231. 231. 228. 228. 228. 231. 230. 230. 230. 233.]
 [100. 165. 205. 205. 218. 229. 240. 243. 245. 250. 254. 253. 257. 254.
  260. 260. 262. 263. 267. 264. 263. 264. 264. 266. 270. 275. 223. 223.
  220. 226. 228. 223. 223. 224. 225. 226. 227. 224. 225. 225.]]
##############################
[[ 36.  70.  96. 108. 125. 129. 133. 140. 144. 151. 149. 150. 161. 159.
  158. 157. 160. 160. 154. 168. 160. 159. 161. 162. 162. 163. 161. 132.
  134. 135. 131. 137. 135. 130. 133. 136. 131. 132. 132. 136.]
 [250. 284. 292. 296. 298. 298. 298. 298. 298. 299. 298. 298. 299. 299.
  299. 299. 299. 299. 299. 299. 300. 300. 300. 300. 300. 299. 299. 249.
  249. 249. 249. 250. 249. 249. 249. 249. 249. 249. 250. 250.]
 [ 78. 144. 169. 195. 215. 229. 237. 244. 248. 251. 252. 259. 260. 267.
  264. 262. 265. 270. 266. 269. 270. 271. 271. 271. 273. 272. 274. 233.
  232. 229. 231. 231. 228. 228. 228. 231. 230. 230. 230. 233.]
 [100. 165. 205. 205. 218. 229. 240. 243. 245. 250. 254. 253. 257. 254.
  260. 260. 262. 263. 267. 264. 263. 264. 264. 266. 270. 275. 270. 223.
  220. 226. 228. 223. 223. 224. 225. 226. 227. 224. 225. 225.]]
##############################
[[ 36.  70.  96. 108. 125. 129. 133. 140. 144. 151. 149. 150. 161. 159.
  158. 157. 160. 160. 154. 168. 160. 159. 161. 162. 162. 163. 161. 160.
  134. 135. 131. 137. 135. 130. 133. 136. 131. 132. 132. 136.]
 [250. 284. 292. 296. 298. 298. 298. 298. 298. 299. 298. 298. 299. 299.
  299. 299. 299. 299. 299. 299. 300. 300. 300. 300. 300. 299. 299. 299.
  249. 249. 249. 250. 249. 249. 249. 249. 249. 249. 250. 250.]
 [ 78. 144. 169. 195. 215. 229. 237. 244. 248. 251. 252. 259. 260. 267.
  264. 262. 265. 270. 266. 269. 270. 271. 271. 271. 273. 272. 274. 280.
  232. 229. 231. 231. 228. 228. 228. 231. 230. 230. 230. 233.]
 [100. 165. 205. 205. 218. 229. 240. 243. 245. 250. 254. 253. 257. 254.
  260. 260. 262. 263. 267. 264. 263. 264. 264. 266. 270. 275. 270. 270.
  220. 226. 228. 223. 223. 224. 225. 226. 227. 224. 225. 225.]]
##############################
[[ 36.  70.  96. 108. 125. 129. 133. 140. 144. 151. 149. 150. 161. 159.
  158. 157. 160. 160. 154. 168. 160. 159. 161. 162. 162. 163. 161. 160.
  167. 135. 131. 137. 135. 130. 133. 136. 131. 132. 132. 136.]
 [250. 284. 292. 296. 298. 298. 298. 298. 298. 299. 298. 298. 299. 299.
  299. 299. 299. 299. 299. 299. 300. 300. 300. 300. 300. 299. 299. 299.
  299. 249. 249. 250. 249. 249. 249. 249. 249. 249. 250. 250.]
 [ 78. 144. 169. 195. 215. 229. 237. 244. 248. 251. 252. 259. 260. 267.
  264. 262. 265. 270. 266. 269. 270. 271. 271. 271. 273. 272. 274. 280.
  279. 229. 231. 231. 228. 228. 228. 231. 230. 230. 230. 233.]
 [100. 165. 205. 205. 218. 229. 240. 243. 245. 250. 254. 253. 257. 254.
  260. 260. 262. 263. 267. 264. 263. 264. 264. 266. 270. 275. 270. 270.
  267. 226. 228. 223. 223. 224. 225. 226. 227. 224. 225. 225.]]
##############################
[[ 36.  70.  96. 108. 125. 129. 133. 140. 144. 151. 149. 150. 161. 159.
  158. 157. 160. 160. 154. 168. 160. 159. 161. 162. 162. 163. 161. 160.
  167. 167. 131. 137. 135. 130. 133. 136. 131. 132. 132. 136.]
 [250. 284. 292. 296. 298. 298. 298. 298. 298. 299. 298. 298. 299. 299.
  299. 299. 299. 299. 299. 299. 300. 300. 300. 300. 300. 299. 299. 299.
  299. 299. 249. 250. 249. 249. 249. 249. 249. 249. 250. 250.]
 [ 78. 144. 169. 195. 215. 229. 237. 244. 248. 251. 252. 259. 260. 267.
  264. 262. 265. 270. 266. 269. 270. 271. 271. 271. 273. 272. 274. 280.
  279. 276. 231. 231. 228. 228. 228. 231. 230. 230. 230. 233.]
 [100. 165. 205. 205. 218. 229. 240. 243. 245. 250. 254. 253. 257. 254.
  260. 260. 262. 263. 267. 264. 263. 264. 264. 266. 270. 275. 270. 270.
  267. 271. 228. 223. 223. 224. 225. 226. 227. 224. 225. 225.]]
##############################
[[ 36.  70.  96. 108. 125. 129. 133. 140. 144. 151. 149. 150. 161. 159.
  158. 157. 160. 160. 154. 168. 160. 159. 161. 162. 162. 163. 161. 160.
  167. 167. 164. 137. 135. 130. 133. 136. 131. 132. 132. 136.]
 [250. 284. 292. 296. 298. 298. 298. 298. 298. 299. 298. 298. 299. 299.
  299. 299. 299. 299. 299. 299. 300. 300. 300. 300. 300. 299. 299. 299.
  299. 299. 299. 250. 249. 249. 249. 249. 249. 249. 250. 250.]
 [ 78. 144. 169. 195. 215. 229. 237. 244. 248. 251. 252. 259. 260. 267.
  264. 262. 265. 270. 266. 269. 270. 271. 271. 271. 273. 272. 274. 280.
  279. 276. 278. 231. 228. 228. 228. 231. 230. 230. 230. 233.]
 [100. 165. 205. 205. 218. 229. 240. 243. 245. 250. 254. 253. 257. 254.
  260. 260. 262. 263. 267. 264. 263. 264. 264. 266. 270. 275. 270. 270.
  267. 271. 274. 223. 223. 224. 225. 226. 227. 224. 225. 225.]]
##############################
[[ 36.  70.  96. 108. 125. 129. 133. 140. 144. 151. 149. 150. 161. 159.
  158. 157. 160. 160. 154. 168. 160. 159. 161. 162. 162. 163. 161. 160.
  167. 167. 164. 168. 135. 130. 133. 136. 131. 132. 132. 136.]
 [250. 284. 292. 296. 298. 298. 298. 298. 298. 299. 298. 298. 299. 299.
  299. 299. 299. 299. 299. 299. 300. 300. 300. 300. 300. 299. 299. 299.
  299. 299. 299. 300. 249. 249. 249. 249. 249. 249. 250. 250.]
 [ 78. 144. 169. 195. 215. 229. 237. 244. 248. 251. 252. 259. 260. 267.
  264. 262. 265. 270. 266. 269. 270. 271. 271. 271. 273. 272. 274. 280.
  279. 276. 278. 278. 228. 228. 228. 231. 230. 230. 230. 233.]
 [100. 165. 205. 205. 218. 229. 240. 243. 245. 250. 254. 253. 257. 254.
  260. 260. 262. 263. 267. 264. 263. 264. 264. 266. 270. 275. 270. 270.
  267. 271. 274. 270. 223. 224. 225. 226. 227. 224. 225. 225.]]
##############################
[[ 36.  70.  96. 108. 125. 129. 133. 140. 144. 151. 149. 150. 161. 159.
  158. 157. 160. 160. 154. 168. 160. 159. 161. 162. 162. 163. 161. 160.
  167. 167. 164. 168. 169. 130. 133. 136. 131. 132. 132. 136.]
 [250. 284. 292. 296. 298. 298. 298. 298. 298. 299. 298. 298. 299. 299.
  299. 299. 299. 299. 299. 299. 300. 300. 300. 300. 300. 299. 299. 299.
  299. 299. 299. 300. 299. 249. 249. 249. 249. 249. 250. 250.]
 [ 78. 144. 169. 195. 215. 229. 237. 244. 248. 251. 252. 259. 260. 267.
  264. 262. 265. 270. 266. 269. 270. 271. 271. 271. 273. 272. 274. 280.
  279. 276. 278. 278. 275. 228. 228. 231. 230. 230. 230. 233.]
 [100. 165. 205. 205. 218. 229. 240. 243. 245. 250. 254. 253. 257. 254.
  260. 260. 262. 263. 267. 264. 263. 264. 264. 266. 270. 275. 270. 270.
  267. 271. 274. 270. 269. 224. 225. 226. 227. 224. 225. 225.]]
##############################
[[ 36.  70.  96. 108. 125. 129. 133. 140. 144. 151. 149. 150. 161. 159.
  158. 157. 160. 160. 154. 168. 160. 159. 161. 162. 162. 163. 161. 160.
  167. 167. 164. 168. 169. 162. 133. 136. 131. 132. 132. 136.]
 [250. 284. 292. 296. 298. 298. 298. 298. 298. 299. 298. 298. 299. 299.
  299. 299. 299. 299. 299. 299. 300. 300. 300. 300. 300. 299. 299. 299.
  299. 299. 299. 300. 299. 299. 249. 249. 249. 249. 250. 250.]
 [ 78. 144. 169. 195. 215. 229. 237. 244. 248. 251. 252. 259. 260. 267.
  264. 262. 265. 270. 266. 269. 270. 271. 271. 271. 273. 272. 274. 280.
  279. 276. 278. 278. 275. 275. 228. 231. 230. 230. 230. 233.]
 [100. 165. 205. 205. 218. 229. 240. 243. 245. 250. 254. 253. 257. 254.
  260. 260. 262. 263. 267. 264. 263. 264. 264. 266. 270. 275. 270. 270.
  267. 271. 274. 270. 269. 271. 225. 226. 227. 224. 225. 225.]]
##############################
[[ 36.  70.  96. 108. 125. 129. 133. 140. 144. 151. 149. 150. 161. 159.
  158. 157. 160. 160. 154. 168. 160. 159. 161. 162. 162. 163. 161. 160.
  167. 167. 164. 168. 169. 162. 163. 136. 131. 132. 132. 136.]
 [250. 284. 292. 296. 298. 298. 298. 298. 298. 299. 298. 298. 299. 299.
  299. 299. 299. 299. 299. 299. 300. 300. 300. 300. 300. 299. 299. 299.
  299. 299. 299. 300. 299. 299. 299. 249. 249. 249. 250. 250.]
 [ 78. 144. 169. 195. 215. 229. 237. 244. 248. 251. 252. 259. 260. 267.
  264. 262. 265. 270. 266. 269. 270. 271. 271. 271. 273. 272. 274. 280.
  279. 276. 278. 278. 275. 275. 275. 231. 230. 230. 230. 233.]
 [100. 165. 205. 205. 218. 229. 240. 243. 245. 250. 254. 253. 257. 254.
  260. 260. 262. 263. 267. 264. 263. 264. 264. 266. 270. 275. 270. 270.
  267. 271. 274. 270. 269. 271. 272. 226. 227. 224. 225. 225.]]
##############################
[[ 36.  70.  96. 108. 125. 129. 133. 140. 144. 151. 149. 150. 161. 159.
  158. 157. 160. 160. 154. 168. 160. 159. 161. 162. 162. 163. 161. 160.
  167. 167. 164. 168. 169. 162. 163. 168. 131. 132. 132. 136.]
 [250. 284. 292. 296. 298. 298. 298. 298. 298. 299. 298. 298. 299. 299.
  299. 299. 299. 299. 299. 299. 300. 300. 300. 300. 300. 299. 299. 299.
  299. 299. 299. 300. 299. 299. 299. 299. 249. 249. 250. 250.]
 [ 78. 144. 169. 195. 215. 229. 237. 244. 248. 251. 252. 259. 260. 267.
  264. 262. 265. 270. 266. 269. 270. 271. 271. 271. 273. 272. 274. 280.
  279. 276. 278. 278. 275. 275. 275. 278. 230. 230. 230. 233.]
 [100. 165. 205. 205. 218. 229. 240. 243. 245. 250. 254. 253. 257. 254.
  260. 260. 262. 263. 267. 264. 263. 264. 264. 266. 270. 275. 270. 270.
  267. 271. 274. 270. 269. 271. 272. 271. 227. 224. 225. 225.]]
##############################
[[ 36.  70.  96. 108. 125. 129. 133. 140. 144. 151. 149. 150. 161. 159.
  158. 157. 160. 160. 154. 168. 160. 159. 161. 162. 162. 163. 161. 160.
  167. 167. 164. 168. 169. 162. 163. 168. 165. 132. 132. 136.]
 [250. 284. 292. 296. 298. 298. 298. 298. 298. 299. 298. 298. 299. 299.
  299. 299. 299. 299. 299. 299. 300. 300. 300. 300. 300. 299. 299. 299.
  299. 299. 299. 300. 299. 299. 299. 299. 299. 249. 250. 250.]
 [ 78. 144. 169. 195. 215. 229. 237. 244. 248. 251. 252. 259. 260. 267.
  264. 262. 265. 270. 266. 269. 270. 271. 271. 271. 273. 272. 274. 280.
  279. 276. 278. 278. 275. 275. 275. 278. 277. 230. 230. 233.]
 [100. 165. 205. 205. 218. 229. 240. 243. 245. 250. 254. 253. 257. 254.
  260. 260. 262. 263. 267. 264. 263. 264. 264. 266. 270. 275. 270. 270.
  267. 271. 274. 270. 269. 271. 272. 271. 273. 224. 225. 225.]]
##############################
[[ 36.  70.  96. 108. 125. 129. 133. 140. 144. 151. 149. 150. 161. 159.
  158. 157. 160. 160. 154. 168. 160. 159. 161. 162. 162. 163. 161. 160.
  167. 167. 164. 168. 169. 162. 163. 168. 165. 166. 132. 136.]
 [250. 284. 292. 296. 298. 298. 298. 298. 298. 299. 298. 298. 299. 299.
  299. 299. 299. 299. 299. 299. 300. 300. 300. 300. 300. 299. 299. 299.
  299. 299. 299. 300. 299. 299. 299. 299. 299. 299. 250. 250.]
 [ 78. 144. 169. 195. 215. 229. 237. 244. 248. 251. 252. 259. 260. 267.
  264. 262. 265. 270. 266. 269. 270. 271. 271. 271. 273. 272. 274. 280.
  279. 276. 278. 278. 275. 275. 275. 278. 277. 277. 230. 233.]
 [100. 165. 205. 205. 218. 229. 240. 243. 245. 250. 254. 253. 257. 254.
  260. 260. 262. 263. 267. 264. 263. 264. 264. 266. 270. 275. 270. 270.
  267. 271. 274. 270. 269. 271. 272. 271. 273. 271. 225. 225.]]
##############################
[[ 36.  70.  96. 108. 125. 129. 133. 140. 144. 151. 149. 150. 161. 159.
  158. 157. 160. 160. 154. 168. 160. 159. 161. 162. 162. 163. 161. 160.
  167. 167. 164. 168. 169. 162. 163. 168. 165. 166. 168. 136.]
 [250. 284. 292. 296. 298. 298. 298. 298. 298. 299. 298. 298. 299. 299.
  299. 299. 299. 299. 299. 299. 300. 300. 300. 300. 300. 299. 299. 299.
  299. 299. 299. 300. 299. 299. 299. 299. 299. 299. 300. 250.]
 [ 78. 144. 169. 195. 215. 229. 237. 244. 248. 251. 252. 259. 260. 267.
  264. 262. 265. 270. 266. 269. 270. 271. 271. 271. 273. 272. 274. 280.
  279. 276. 278. 278. 275. 275. 275. 278. 277. 277. 277. 233.]
 [100. 165. 205. 205. 218. 229. 240. 243. 245. 250. 254. 253. 257. 254.
  260. 260. 262. 263. 267. 264. 263. 264. 264. 266. 270. 275. 270. 270.
  267. 271. 274. 270. 269. 271. 272. 271. 273. 271. 271. 225.]]
##############################
[[ 36.  70.  96. 108. 125. 129. 133. 140. 144. 151. 149. 150. 161. 159.
  158. 157. 160. 160. 154. 168. 160. 159. 161. 162. 162. 163. 161. 160.
  167. 167. 164. 168. 169. 162. 163. 168. 165. 166. 168. 170.]
 [250. 284. 292. 296. 298. 298. 298. 298. 298. 299. 298. 298. 299. 299.
  299. 299. 299. 299. 299. 299. 300. 300. 300. 300. 300. 299. 299. 299.
  299. 299. 299. 300. 299. 299. 299. 299. 299. 299. 300. 300.]
 [ 78. 144. 169. 195. 215. 229. 237. 244. 248. 251. 252. 259. 260. 267.
  264. 262. 265. 270. 266. 269. 270. 271. 271. 271. 273. 272. 274. 280.
  279. 276. 278. 278. 275. 275. 275. 278. 277. 277. 277. 280.]
 [100. 165. 205. 205. 218. 229. 240. 243. 245. 250. 254. 253. 257. 254.
  260. 260. 262. 263. 267. 264. 263. 264. 264. 266. 270. 275. 270. 270.
  267. 271. 274. 270. 269. 271. 272. 271. 273. 271. 271. 272.]]
##############################
##################################################
##################################################
starting :7 batch
[[ 47.  70.  96. 108. 125. 129. 133. 140. 144. 151. 149. 150. 161. 159.
  158. 157. 160. 160. 154. 168. 160. 159. 161. 162. 162. 163. 161. 160.
  167. 167. 164. 168. 169. 162. 163. 168. 165. 166. 168. 170.]
 [294. 284. 292. 296. 298. 298. 298. 298. 298. 299. 298. 298. 299. 299.
  299. 299. 299. 299. 299. 299. 300. 300. 300. 300. 300. 299. 299. 299.
  299. 299. 299. 300. 299. 299. 299. 299. 299. 299. 300. 300.]
 [ 89. 144. 169. 195. 215. 229. 237. 244. 248. 251. 252. 259. 260. 267.
  264. 262. 265. 270. 266. 269. 270. 271. 271. 271. 273. 272. 274. 280.
  279. 276. 278. 278. 275. 275. 275. 278. 277. 277. 277. 280.]
 [117. 165. 205. 205. 218. 229. 240. 243. 245. 250. 254. 253. 257. 254.
  260. 260. 262. 263. 267. 264. 263. 264. 264. 266. 270. 275. 270. 270.
  267. 271. 274. 270. 269. 271. 272. 271. 273. 271. 271. 272.]]
##############################
[[ 47.  83.  96. 108. 125. 129. 133. 140. 144. 151. 149. 150. 161. 159.
  158. 157. 160. 160. 154. 168. 160. 159. 161. 162. 162. 163. 161. 160.
  167. 167. 164. 168. 169. 162. 163. 168. 165. 166. 168. 170.]
 [294. 332. 292. 296. 298. 298. 298. 298. 298. 299. 298. 298. 299. 299.
  299. 299. 299. 299. 299. 299. 300. 300. 300. 300. 300. 299. 299. 299.
  299. 299. 299. 300. 299. 299. 299. 299. 299. 299. 300. 300.]
 [ 89. 169. 169. 195. 215. 229. 237. 244. 248. 251. 252. 259. 260. 267.
  264. 262. 265. 270. 266. 269. 270. 271. 271. 271. 273. 272. 274. 280.
  279. 276. 278. 278. 275. 275. 275. 278. 277. 277. 277. 280.]
 [117. 195. 205. 205. 218. 229. 240. 243. 245. 250. 254. 253. 257. 254.
  260. 260. 262. 263. 267. 264. 263. 264. 264. 266. 270. 275. 270. 270.
  267. 271. 274. 270. 269. 271. 272. 271. 273. 271. 271. 272.]]
##############################
[[ 47.  83. 113. 108. 125. 129. 133. 140. 144. 151. 149. 150. 161. 159.
  158. 157. 160. 160. 154. 168. 160. 159. 161. 162. 162. 163. 161. 160.
  167. 167. 164. 168. 169. 162. 163. 168. 165. 166. 168. 170.]
 [294. 332. 342. 296. 298. 298. 298. 298. 298. 299. 298. 298. 299. 299.
  299. 299. 299. 299. 299. 299. 300. 300. 300. 300. 300. 299. 299. 299.
  299. 299. 299. 300. 299. 299. 299. 299. 299. 299. 300. 300.]
 [ 89. 169. 199. 195. 215. 229. 237. 244. 248. 251. 252. 259. 260. 267.
  264. 262. 265. 270. 266. 269. 270. 271. 271. 271. 273. 272. 274. 280.
  279. 276. 278. 278. 275. 275. 275. 278. 277. 277. 277. 280.]
 [117. 195. 235. 205. 218. 229. 240. 243. 245. 250. 254. 253. 257. 254.
  260. 260. 262. 263. 267. 264. 263. 264. 264. 266. 270. 275. 270. 270.
  267. 271. 274. 270. 269. 271. 272. 271. 273. 271. 271. 272.]]
##############################
[[ 47.  83. 113. 133. 125. 129. 133. 140. 144. 151. 149. 150. 161. 159.
  158. 157. 160. 160. 154. 168. 160. 159. 161. 162. 162. 163. 161. 160.
  167. 167. 164. 168. 169. 162. 163. 168. 165. 166. 168. 170.]
 [294. 332. 342. 346. 298. 298. 298. 298. 298. 299. 298. 298. 299. 299.
  299. 299. 299. 299. 299. 299. 300. 300. 300. 300. 300. 299. 299. 299.
  299. 299. 299. 300. 299. 299. 299. 299. 299. 299. 300. 300.]
 [ 89. 169. 199. 232. 215. 229. 237. 244. 248. 251. 252. 259. 260. 267.
  264. 262. 265. 270. 266. 269. 270. 271. 271. 271. 273. 272. 274. 280.
  279. 276. 278. 278. 275. 275. 275. 278. 277. 277. 277. 280.]
 [117. 195. 235. 240. 218. 229. 240. 243. 245. 250. 254. 253. 257. 254.
  260. 260. 262. 263. 267. 264. 263. 264. 264. 266. 270. 275. 270. 270.
  267. 271. 274. 270. 269. 271. 272. 271. 273. 271. 271. 272.]]
##############################
[[ 47.  83. 113. 133. 148. 129. 133. 140. 144. 151. 149. 150. 161. 159.
  158. 157. 160. 160. 154. 168. 160. 159. 161. 162. 162. 163. 161. 160.
  167. 167. 164. 168. 169. 162. 163. 168. 165. 166. 168. 170.]
 [294. 332. 342. 346. 348. 298. 298. 298. 298. 299. 298. 298. 299. 299.
  299. 299. 299. 299. 299. 299. 300. 300. 300. 300. 300. 299. 299. 299.
  299. 299. 299. 300. 299. 299. 299. 299. 299. 299. 300. 300.]
 [ 89. 169. 199. 232. 253. 229. 237. 244. 248. 251. 252. 259. 260. 267.
  264. 262. 265. 270. 266. 269. 270. 271. 271. 271. 273. 272. 274. 280.
  279. 276. 278. 278. 275. 275. 275. 278. 277. 277. 277. 280.]
 [117. 195. 235. 240. 255. 229. 240. 243. 245. 250. 254. 253. 257. 254.
  260. 260. 262. 263. 267. 264. 263. 264. 264. 266. 270. 275. 270. 270.
  267. 271. 274. 270. 269. 271. 272. 271. 273. 271. 271. 272.]]
##############################
[[ 47.  83. 113. 133. 148. 150. 133. 140. 144. 151. 149. 150. 161. 159.
  158. 157. 160. 160. 154. 168. 160. 159. 161. 162. 162. 163. 161. 160.
  167. 167. 164. 168. 169. 162. 163. 168. 165. 166. 168. 170.]
 [294. 332. 342. 346. 348. 348. 298. 298. 298. 299. 298. 298. 299. 299.
  299. 299. 299. 299. 299. 299. 300. 300. 300. 300. 300. 299. 299. 299.
  299. 299. 299. 300. 299. 299. 299. 299. 299. 299. 300. 300.]
 [ 89. 169. 199. 232. 253. 268. 237. 244. 248. 251. 252. 259. 260. 267.
  264. 262. 265. 270. 266. 269. 270. 271. 271. 271. 273. 272. 274. 280.
  279. 276. 278. 278. 275. 275. 275. 278. 277. 277. 277. 280.]
 [117. 195. 235. 240. 255. 267. 240. 243. 245. 250. 254. 253. 257. 254.
  260. 260. 262. 263. 267. 264. 263. 264. 264. 266. 270. 275. 270. 270.
  267. 271. 274. 270. 269. 271. 272. 271. 273. 271. 271. 272.]]
##############################
[[ 47.  83. 113. 133. 148. 150. 158. 140. 144. 151. 149. 150. 161. 159.
  158. 157. 160. 160. 154. 168. 160. 159. 161. 162. 162. 163. 161. 160.
  167. 167. 164. 168. 169. 162. 163. 168. 165. 166. 168. 170.]
 [294. 332. 342. 346. 348. 348. 348. 298. 298. 299. 298. 298. 299. 299.
  299. 299. 299. 299. 299. 299. 300. 300. 300. 300. 300. 299. 299. 299.
  299. 299. 299. 300. 299. 299. 299. 299. 299. 299. 300. 300.]
 [ 89. 169. 199. 232. 253. 268. 280. 244. 248. 251. 252. 259. 260. 267.
  264. 262. 265. 270. 266. 269. 270. 271. 271. 271. 273. 272. 274. 280.
  279. 276. 278. 278. 275. 275. 275. 278. 277. 277. 277. 280.]
 [117. 195. 235. 240. 255. 267. 280. 243. 245. 250. 254. 253. 257. 254.
  260. 260. 262. 263. 267. 264. 263. 264. 264. 266. 270. 275. 270. 270.
  267. 271. 274. 270. 269. 271. 272. 271. 273. 271. 271. 272.]]
##############################
[[ 47.  83. 113. 133. 148. 150. 158. 167. 144. 151. 149. 150. 161. 159.
  158. 157. 160. 160. 154. 168. 160. 159. 161. 162. 162. 163. 161. 160.
  167. 167. 164. 168. 169. 162. 163. 168. 165. 166. 168. 170.]
 [294. 332. 342. 346. 348. 348. 348. 348. 298. 299. 298. 298. 299. 299.
  299. 299. 299. 299. 299. 299. 300. 300. 300. 300. 300. 299. 299. 299.
  299. 299. 299. 300. 299. 299. 299. 299. 299. 299. 300. 300.]
 [ 89. 169. 199. 232. 253. 268. 280. 287. 248. 251. 252. 259. 260. 267.
  264. 262. 265. 270. 266. 269. 270. 271. 271. 271. 273. 272. 274. 280.
  279. 276. 278. 278. 275. 275. 275. 278. 277. 277. 277. 280.]
 [117. 195. 235. 240. 255. 267. 280. 282. 245. 250. 254. 253. 257. 254.
  260. 260. 262. 263. 267. 264. 263. 264. 264. 266. 270. 275. 270. 270.
  267. 271. 274. 270. 269. 271. 272. 271. 273. 271. 271. 272.]]
##############################
[[ 47.  83. 113. 133. 148. 150. 158. 167. 171. 151. 149. 150. 161. 159.
  158. 157. 160. 160. 154. 168. 160. 159. 161. 162. 162. 163. 161. 160.
  167. 167. 164. 168. 169. 162. 163. 168. 165. 166. 168. 170.]
 [294. 332. 342. 346. 348. 348. 348. 348. 348. 299. 298. 298. 299. 299.
  299. 299. 299. 299. 299. 299. 300. 300. 300. 300. 300. 299. 299. 299.
  299. 299. 299. 300. 299. 299. 299. 299. 299. 299. 300. 300.]
 [ 89. 169. 199. 232. 253. 268. 280. 287. 290. 251. 252. 259. 260. 267.
  264. 262. 265. 270. 266. 269. 270. 271. 271. 271. 273. 272. 274. 280.
  279. 276. 278. 278. 275. 275. 275. 278. 277. 277. 277. 280.]
 [117. 195. 235. 240. 255. 267. 280. 282. 284. 250. 254. 253. 257. 254.
  260. 260. 262. 263. 267. 264. 263. 264. 264. 266. 270. 275. 270. 270.
  267. 271. 274. 270. 269. 271. 272. 271. 273. 271. 271. 272.]]
##############################
[[ 47.  83. 113. 133. 148. 150. 158. 167. 171. 177. 149. 150. 161. 159.
  158. 157. 160. 160. 154. 168. 160. 159. 161. 162. 162. 163. 161. 160.
  167. 167. 164. 168. 169. 162. 163. 168. 165. 166. 168. 170.]
 [294. 332. 342. 346. 348. 348. 348. 348. 348. 349. 298. 298. 299. 299.
  299. 299. 299. 299. 299. 299. 300. 300. 300. 300. 300. 299. 299. 299.
  299. 299. 299. 300. 299. 299. 299. 299. 299. 299. 300. 300.]
 [ 89. 169. 199. 232. 253. 268. 280. 287. 290. 295. 252. 259. 260. 267.
  264. 262. 265. 270. 266. 269. 270. 271. 271. 271. 273. 272. 274. 280.
  279. 276. 278. 278. 275. 275. 275. 278. 277. 277. 277. 280.]
 [117. 195. 235. 240. 255. 267. 280. 282. 284. 291. 254. 253. 257. 254.
  260. 260. 262. 263. 267. 264. 263. 264. 264. 266. 270. 275. 270. 270.
  267. 271. 274. 270. 269. 271. 272. 271. 273. 271. 271. 272.]]
##############################
[[ 47.  83. 113. 133. 148. 150. 158. 167. 171. 177. 178. 150. 161. 159.
  158. 157. 160. 160. 154. 168. 160. 159. 161. 162. 162. 163. 161. 160.
  167. 167. 164. 168. 169. 162. 163. 168. 165. 166. 168. 170.]
 [294. 332. 342. 346. 348. 348. 348. 348. 348. 349. 348. 298. 299. 299.
  299. 299. 299. 299. 299. 299. 300. 300. 300. 300. 300. 299. 299. 299.
  299. 299. 299. 300. 299. 299. 299. 299. 299. 299. 300. 300.]
 [ 89. 169. 199. 232. 253. 268. 280. 287. 290. 295. 295. 259. 260. 267.
  264. 262. 265. 270. 266. 269. 270. 271. 271. 271. 273. 272. 274. 280.
  279. 276. 278. 278. 275. 275. 275. 278. 277. 277. 277. 280.]
 [117. 195. 235. 240. 255. 267. 280. 282. 284. 291. 292. 253. 257. 254.
  260. 260. 262. 263. 267. 264. 263. 264. 264. 266. 270. 275. 270. 270.
  267. 271. 274. 270. 269. 271. 272. 271. 273. 271. 271. 272.]]
##############################
[[ 47.  83. 113. 133. 148. 150. 158. 167. 171. 177. 178. 176. 161. 159.
  158. 157. 160. 160. 154. 168. 160. 159. 161. 162. 162. 163. 161. 160.
  167. 167. 164. 168. 169. 162. 163. 168. 165. 166. 168. 170.]
 [294. 332. 342. 346. 348. 348. 348. 348. 348. 349. 348. 348. 299. 299.
  299. 299. 299. 299. 299. 299. 300. 300. 300. 300. 300. 299. 299. 299.
  299. 299. 299. 300. 299. 299. 299. 299. 299. 299. 300. 300.]
 [ 89. 169. 199. 232. 253. 268. 280. 287. 290. 295. 295. 305. 260. 267.
  264. 262. 265. 270. 266. 269. 270. 271. 271. 271. 273. 272. 274. 280.
  279. 276. 278. 278. 275. 275. 275. 278. 277. 277. 277. 280.]
 [117. 195. 235. 240. 255. 267. 280. 282. 284. 291. 292. 295. 257. 254.
  260. 260. 262. 263. 267. 264. 263. 264. 264. 266. 270. 275. 270. 270.
  267. 271. 274. 270. 269. 271. 272. 271. 273. 271. 271. 272.]]
##############################
[[ 47.  83. 113. 133. 148. 150. 158. 167. 171. 177. 178. 176. 185. 159.
  158. 157. 160. 160. 154. 168. 160. 159. 161. 162. 162. 163. 161. 160.
  167. 167. 164. 168. 169. 162. 163. 168. 165. 166. 168. 170.]
 [294. 332. 342. 346. 348. 348. 348. 348. 348. 349. 348. 348. 349. 299.
  299. 299. 299. 299. 299. 299. 300. 300. 300. 300. 300. 299. 299. 299.
  299. 299. 299. 300. 299. 299. 299. 299. 299. 299. 300. 300.]
 [ 89. 169. 199. 232. 253. 268. 280. 287. 290. 295. 295. 305. 304. 267.
  264. 262. 265. 270. 266. 269. 270. 271. 271. 271. 273. 272. 274. 280.
  279. 276. 278. 278. 275. 275. 275. 278. 277. 277. 277. 280.]
 [117. 195. 235. 240. 255. 267. 280. 282. 284. 291. 292. 295. 299. 254.
  260. 260. 262. 263. 267. 264. 263. 264. 264. 266. 270. 275. 270. 270.
  267. 271. 274. 270. 269. 271. 272. 271. 273. 271. 271. 272.]]
##############################
[[ 47.  83. 113. 133. 148. 150. 158. 167. 171. 177. 178. 176. 185. 185.
  158. 157. 160. 160. 154. 168. 160. 159. 161. 162. 162. 163. 161. 160.
  167. 167. 164. 168. 169. 162. 163. 168. 165. 166. 168. 170.]
 [294. 332. 342. 346. 348. 348. 348. 348. 348. 349. 348. 348. 349. 349.
  299. 299. 299. 299. 299. 299. 300. 300. 300. 300. 300. 299. 299. 299.
  299. 299. 299. 300. 299. 299. 299. 299. 299. 299. 300. 300.]
 [ 89. 169. 199. 232. 253. 268. 280. 287. 290. 295. 295. 305. 304. 312.
  264. 262. 265. 270. 266. 269. 270. 271. 271. 271. 273. 272. 274. 280.
  279. 276. 278. 278. 275. 275. 275. 278. 277. 277. 277. 280.]
 [117. 195. 235. 240. 255. 267. 280. 282. 284. 291. 292. 295. 299. 294.
  260. 260. 262. 263. 267. 264. 263. 264. 264. 266. 270. 275. 270. 270.
  267. 271. 274. 270. 269. 271. 272. 271. 273. 271. 271. 272.]]
##############################
[[ 47.  83. 113. 133. 148. 150. 158. 167. 171. 177. 178. 176. 185. 185.
  187. 157. 160. 160. 154. 168. 160. 159. 161. 162. 162. 163. 161. 160.
  167. 167. 164. 168. 169. 162. 163. 168. 165. 166. 168. 170.]
 [294. 332. 342. 346. 348. 348. 348. 348. 348. 349. 348. 348. 349. 349.
  349. 299. 299. 299. 299. 299. 300. 300. 300. 300. 300. 299. 299. 299.
  299. 299. 299. 300. 299. 299. 299. 299. 299. 299. 300. 300.]
 [ 89. 169. 199. 232. 253. 268. 280. 287. 290. 295. 295. 305. 304. 312.
  308. 262. 265. 270. 266. 269. 270. 271. 271. 271. 273. 272. 274. 280.
  279. 276. 278. 278. 275. 275. 275. 278. 277. 277. 277. 280.]
 [117. 195. 235. 240. 255. 267. 280. 282. 284. 291. 292. 295. 299. 294.
  302. 260. 262. 263. 267. 264. 263. 264. 264. 266. 270. 275. 270. 270.
  267. 271. 274. 270. 269. 271. 272. 271. 273. 271. 271. 272.]]
##############################
[[ 47.  83. 113. 133. 148. 150. 158. 167. 171. 177. 178. 176. 185. 185.
  187. 186. 160. 160. 154. 168. 160. 159. 161. 162. 162. 163. 161. 160.
  167. 167. 164. 168. 169. 162. 163. 168. 165. 166. 168. 170.]
 [294. 332. 342. 346. 348. 348. 348. 348. 348. 349. 348. 348. 349. 349.
  349. 349. 299. 299. 299. 299. 300. 300. 300. 300. 300. 299. 299. 299.
  299. 299. 299. 300. 299. 299. 299. 299. 299. 299. 300. 300.]
 [ 89. 169. 199. 232. 253. 268. 280. 287. 290. 295. 295. 305. 304. 312.
  308. 305. 265. 270. 266. 269. 270. 271. 271. 271. 273. 272. 274. 280.
  279. 276. 278. 278. 275. 275. 275. 278. 277. 277. 277. 280.]
 [117. 195. 235. 240. 255. 267. 280. 282. 284. 291. 292. 295. 299. 294.
  302. 299. 262. 263. 267. 264. 263. 264. 264. 266. 270. 275. 270. 270.
  267. 271. 274. 270. 269. 271. 272. 271. 273. 271. 271. 272.]]
##############################
[[ 47.  83. 113. 133. 148. 150. 158. 167. 171. 177. 178. 176. 185. 185.
  187. 186. 187. 160. 154. 168. 160. 159. 161. 162. 162. 163. 161. 160.
  167. 167. 164. 168. 169. 162. 163. 168. 165. 166. 168. 170.]
 [294. 332. 342. 346. 348. 348. 348. 348. 348. 349. 348. 348. 349. 349.
  349. 349. 349. 299. 299. 299. 300. 300. 300. 300. 300. 299. 299. 299.
  299. 299. 299. 300. 299. 299. 299. 299. 299. 299. 300. 300.]
 [ 89. 169. 199. 232. 253. 268. 280. 287. 290. 295. 295. 305. 304. 312.
  308. 305. 309. 270. 266. 269. 270. 271. 271. 271. 273. 272. 274. 280.
  279. 276. 278. 278. 275. 275. 275. 278. 277. 277. 277. 280.]
 [117. 195. 235. 240. 255. 267. 280. 282. 284. 291. 292. 295. 299. 294.
  302. 299. 303. 263. 267. 264. 263. 264. 264. 266. 270. 275. 270. 270.
  267. 271. 274. 270. 269. 271. 272. 271. 273. 271. 271. 272.]]
##############################
[[ 47.  83. 113. 133. 148. 150. 158. 167. 171. 177. 178. 176. 185. 185.
  187. 186. 187. 187. 154. 168. 160. 159. 161. 162. 162. 163. 161. 160.
  167. 167. 164. 168. 169. 162. 163. 168. 165. 166. 168. 170.]
 [294. 332. 342. 346. 348. 348. 348. 348. 348. 349. 348. 348. 349. 349.
  349. 349. 349. 349. 299. 299. 300. 300. 300. 300. 300. 299. 299. 299.
  299. 299. 299. 300. 299. 299. 299. 299. 299. 299. 300. 300.]
 [ 89. 169. 199. 232. 253. 268. 280. 287. 290. 295. 295. 305. 304. 312.
  308. 305. 309. 314. 266. 269. 270. 271. 271. 271. 273. 272. 274. 280.
  279. 276. 278. 278. 275. 275. 275. 278. 277. 277. 277. 280.]
 [117. 195. 235. 240. 255. 267. 280. 282. 284. 291. 292. 295. 299. 294.
  302. 299. 303. 303. 267. 264. 263. 264. 264. 266. 270. 275. 270. 270.
  267. 271. 274. 270. 269. 271. 272. 271. 273. 271. 271. 272.]]
##############################
[[ 47.  83. 113. 133. 148. 150. 158. 167. 171. 177. 178. 176. 185. 185.
  187. 186. 187. 187. 181. 168. 160. 159. 161. 162. 162. 163. 161. 160.
  167. 167. 164. 168. 169. 162. 163. 168. 165. 166. 168. 170.]
 [294. 332. 342. 346. 348. 348. 348. 348. 348. 349. 348. 348. 349. 349.
  349. 349. 349. 349. 349. 299. 300. 300. 300. 300. 300. 299. 299. 299.
  299. 299. 299. 300. 299. 299. 299. 299. 299. 299. 300. 300.]
 [ 89. 169. 199. 232. 253. 268. 280. 287. 290. 295. 295. 305. 304. 312.
  308. 305. 309. 314. 309. 269. 270. 271. 271. 271. 273. 272. 274. 280.
  279. 276. 278. 278. 275. 275. 275. 278. 277. 277. 277. 280.]
 [117. 195. 235. 240. 255. 267. 280. 282. 284. 291. 292. 295. 299. 294.
  302. 299. 303. 303. 309. 264. 263. 264. 264. 266. 270. 275. 270. 270.
  267. 271. 274. 270. 269. 271. 272. 271. 273. 271. 271. 272.]]
##############################
[[ 47.  83. 113. 133. 148. 150. 158. 167. 171. 177. 178. 176. 185. 185.
  187. 186. 187. 187. 181. 197. 160. 159. 161. 162. 162. 163. 161. 160.
  167. 167. 164. 168. 169. 162. 163. 168. 165. 166. 168. 170.]
 [294. 332. 342. 346. 348. 348. 348. 348. 348. 349. 348. 348. 349. 349.
  349. 349. 349. 349. 349. 349. 300. 300. 300. 300. 300. 299. 299. 299.
  299. 299. 299. 300. 299. 299. 299. 299. 299. 299. 300. 300.]
 [ 89. 169. 199. 232. 253. 268. 280. 287. 290. 295. 295. 305. 304. 312.
  308. 305. 309. 314. 309. 314. 270. 271. 271. 271. 273. 272. 274. 280.
  279. 276. 278. 278. 275. 275. 275. 278. 277. 277. 277. 280.]
 [117. 195. 235. 240. 255. 267. 280. 282. 284. 291. 292. 295. 299. 294.
  302. 299. 303. 303. 309. 305. 263. 264. 264. 266. 270. 275. 270. 270.
  267. 271. 274. 270. 269. 271. 272. 271. 273. 271. 271. 272.]]
##############################
[[ 47.  83. 113. 133. 148. 150. 158. 167. 171. 177. 178. 176. 185. 185.
  187. 186. 187. 187. 181. 197. 189. 159. 161. 162. 162. 163. 161. 160.
  167. 167. 164. 168. 169. 162. 163. 168. 165. 166. 168. 170.]
 [294. 332. 342. 346. 348. 348. 348. 348. 348. 349. 348. 348. 349. 349.
  349. 349. 349. 349. 349. 349. 350. 300. 300. 300. 300. 299. 299. 299.
  299. 299. 299. 300. 299. 299. 299. 299. 299. 299. 300. 300.]
 [ 89. 169. 199. 232. 253. 268. 280. 287. 290. 295. 295. 305. 304. 312.
  308. 305. 309. 314. 309. 314. 315. 271. 271. 271. 273. 272. 274. 280.
  279. 276. 278. 278. 275. 275. 275. 278. 277. 277. 277. 280.]
 [117. 195. 235. 240. 255. 267. 280. 282. 284. 291. 292. 295. 299. 294.
  302. 299. 303. 303. 309. 305. 306. 264. 264. 266. 270. 275. 270. 270.
  267. 271. 274. 270. 269. 271. 272. 271. 273. 271. 271. 272.]]
##############################
[[ 47.  83. 113. 133. 148. 150. 158. 167. 171. 177. 178. 176. 185. 185.
  187. 186. 187. 187. 181. 197. 189. 188. 161. 162. 162. 163. 161. 160.
  167. 167. 164. 168. 169. 162. 163. 168. 165. 166. 168. 170.]
 [294. 332. 342. 346. 348. 348. 348. 348. 348. 349. 348. 348. 349. 349.
  349. 349. 349. 349. 349. 349. 350. 350. 300. 300. 300. 299. 299. 299.
  299. 299. 299. 300. 299. 299. 299. 299. 299. 299. 300. 300.]
 [ 89. 169. 199. 232. 253. 268. 280. 287. 290. 295. 295. 305. 304. 312.
  308. 305. 309. 314. 309. 314. 315. 316. 271. 271. 273. 272. 274. 280.
  279. 276. 278. 278. 275. 275. 275. 278. 277. 277. 277. 280.]
 [117. 195. 235. 240. 255. 267. 280. 282. 284. 291. 292. 295. 299. 294.
  302. 299. 303. 303. 309. 305. 306. 309. 264. 266. 270. 275. 270. 270.
  267. 271. 274. 270. 269. 271. 272. 271. 273. 271. 271. 272.]]
##############################
[[ 47.  83. 113. 133. 148. 150. 158. 167. 171. 177. 178. 176. 185. 185.
  187. 186. 187. 187. 181. 197. 189. 188. 190. 162. 162. 163. 161. 160.
  167. 167. 164. 168. 169. 162. 163. 168. 165. 166. 168. 170.]
 [294. 332. 342. 346. 348. 348. 348. 348. 348. 349. 348. 348. 349. 349.
  349. 349. 349. 349. 349. 349. 350. 350. 350. 300. 300. 299. 299. 299.
  299. 299. 299. 300. 299. 299. 299. 299. 299. 299. 300. 300.]
 [ 89. 169. 199. 232. 253. 268. 280. 287. 290. 295. 295. 305. 304. 312.
  308. 305. 309. 314. 309. 314. 315. 316. 316. 271. 273. 272. 274. 280.
  279. 276. 278. 278. 275. 275. 275. 278. 277. 277. 277. 280.]
 [117. 195. 235. 240. 255. 267. 280. 282. 284. 291. 292. 295. 299. 294.
  302. 299. 303. 303. 309. 305. 306. 309. 306. 266. 270. 275. 270. 270.
  267. 271. 274. 270. 269. 271. 272. 271. 273. 271. 271. 272.]]
##############################
[[ 47.  83. 113. 133. 148. 150. 158. 167. 171. 177. 178. 176. 185. 185.
  187. 186. 187. 187. 181. 197. 189. 188. 190. 192. 162. 163. 161. 160.
  167. 167. 164. 168. 169. 162. 163. 168. 165. 166. 168. 170.]
 [294. 332. 342. 346. 348. 348. 348. 348. 348. 349. 348. 348. 349. 349.
  349. 349. 349. 349. 349. 349. 350. 350. 350. 350. 300. 299. 299. 299.
  299. 299. 299. 300. 299. 299. 299. 299. 299. 299. 300. 300.]
 [ 89. 169. 199. 232. 253. 268. 280. 287. 290. 295. 295. 305. 304. 312.
  308. 305. 309. 314. 309. 314. 315. 316. 316. 318. 273. 272. 274. 280.
  279. 276. 278. 278. 275. 275. 275. 278. 277. 277. 277. 280.]
 [117. 195. 235. 240. 255. 267. 280. 282. 284. 291. 292. 295. 299. 294.
  302. 299. 303. 303. 309. 305. 306. 309. 306. 309. 270. 275. 270. 270.
  267. 271. 274. 270. 269. 271. 272. 271. 273. 271. 271. 272.]]
##############################
[[ 47.  83. 113. 133. 148. 150. 158. 167. 171. 177. 178. 176. 185. 185.
  187. 186. 187. 187. 181. 197. 189. 188. 190. 192. 191. 163. 161. 160.
  167. 167. 164. 168. 169. 162. 163. 168. 165. 166. 168. 170.]
 [294. 332. 342. 346. 348. 348. 348. 348. 348. 349. 348. 348. 349. 349.
  349. 349. 349. 349. 349. 349. 350. 350. 350. 350. 350. 299. 299. 299.
  299. 299. 299. 300. 299. 299. 299. 299. 299. 299. 300. 300.]
 [ 89. 169. 199. 232. 253. 268. 280. 287. 290. 295. 295. 305. 304. 312.
  308. 305. 309. 314. 309. 314. 315. 316. 316. 318. 318. 272. 274. 280.
  279. 276. 278. 278. 275. 275. 275. 278. 277. 277. 277. 280.]
 [117. 195. 235. 240. 255. 267. 280. 282. 284. 291. 292. 295. 299. 294.
  302. 299. 303. 303. 309. 305. 306. 309. 306. 309. 312. 275. 270. 270.
  267. 271. 274. 270. 269. 271. 272. 271. 273. 271. 271. 272.]]
##############################
[[ 47.  83. 113. 133. 148. 150. 158. 167. 171. 177. 178. 176. 185. 185.
  187. 186. 187. 187. 181. 197. 189. 188. 190. 192. 191. 195. 161. 160.
  167. 167. 164. 168. 169. 162. 163. 168. 165. 166. 168. 170.]
 [294. 332. 342. 346. 348. 348. 348. 348. 348. 349. 348. 348. 349. 349.
  349. 349. 349. 349. 349. 349. 350. 350. 350. 350. 350. 349. 299. 299.
  299. 299. 299. 300. 299. 299. 299. 299. 299. 299. 300. 300.]
 [ 89. 169. 199. 232. 253. 268. 280. 287. 290. 295. 295. 305. 304. 312.
  308. 305. 309. 314. 309. 314. 315. 316. 316. 318. 318. 317. 274. 280.
  279. 276. 278. 278. 275. 275. 275. 278. 277. 277. 277. 280.]
 [117. 195. 235. 240. 255. 267. 280. 282. 284. 291. 292. 295. 299. 294.
  302. 299. 303. 303. 309. 305. 306. 309. 306. 309. 312. 316. 270. 270.
  267. 271. 274. 270. 269. 271. 272. 271. 273. 271. 271. 272.]]
##############################
[[ 47.  83. 113. 133. 148. 150. 158. 167. 171. 177. 178. 176. 185. 185.
  187. 186. 187. 187. 181. 197. 189. 188. 190. 192. 191. 195. 193. 160.
  167. 167. 164. 168. 169. 162. 163. 168. 165. 166. 168. 170.]
 [294. 332. 342. 346. 348. 348. 348. 348. 348. 349. 348. 348. 349. 349.
  349. 349. 349. 349. 349. 349. 350. 350. 350. 350. 350. 349. 349. 299.
  299. 299. 299. 300. 299. 299. 299. 299. 299. 299. 300. 300.]
 [ 89. 169. 199. 232. 253. 268. 280. 287. 290. 295. 295. 305. 304. 312.
  308. 305. 309. 314. 309. 314. 315. 316. 316. 318. 318. 317. 318. 280.
  279. 276. 278. 278. 275. 275. 275. 278. 277. 277. 277. 280.]
 [117. 195. 235. 240. 255. 267. 280. 282. 284. 291. 292. 295. 299. 294.
  302. 299. 303. 303. 309. 305. 306. 309. 306. 309. 312. 316. 314. 270.
  267. 271. 274. 270. 269. 271. 272. 271. 273. 271. 271. 272.]]
##############################
[[ 47.  83. 113. 133. 148. 150. 158. 167. 171. 177. 178. 176. 185. 185.
  187. 186. 187. 187. 181. 197. 189. 188. 190. 192. 191. 195. 193. 192.
  167. 167. 164. 168. 169. 162. 163. 168. 165. 166. 168. 170.]
 [294. 332. 342. 346. 348. 348. 348. 348. 348. 349. 348. 348. 349. 349.
  349. 349. 349. 349. 349. 349. 350. 350. 350. 350. 350. 349. 349. 349.
  299. 299. 299. 300. 299. 299. 299. 299. 299. 299. 300. 300.]
 [ 89. 169. 199. 232. 253. 268. 280. 287. 290. 295. 295. 305. 304. 312.
  308. 305. 309. 314. 309. 314. 315. 316. 316. 318. 318. 317. 318. 324.
  279. 276. 278. 278. 275. 275. 275. 278. 277. 277. 277. 280.]
 [117. 195. 235. 240. 255. 267. 280. 282. 284. 291. 292. 295. 299. 294.
  302. 299. 303. 303. 309. 305. 306. 309. 306. 309. 312. 316. 314. 312.
  267. 271. 274. 270. 269. 271. 272. 271. 273. 271. 271. 272.]]
##############################
[[ 47.  83. 113. 133. 148. 150. 158. 167. 171. 177. 178. 176. 185. 185.
  187. 186. 187. 187. 181. 197. 189. 188. 190. 192. 191. 195. 193. 192.
  196. 167. 164. 168. 169. 162. 163. 168. 165. 166. 168. 170.]
 [294. 332. 342. 346. 348. 348. 348. 348. 348. 349. 348. 348. 349. 349.
  349. 349. 349. 349. 349. 349. 350. 350. 350. 350. 350. 349. 349. 349.
  349. 299. 299. 300. 299. 299. 299. 299. 299. 299. 300. 300.]
 [ 89. 169. 199. 232. 253. 268. 280. 287. 290. 295. 295. 305. 304. 312.
  308. 305. 309. 314. 309. 314. 315. 316. 316. 318. 318. 317. 318. 324.
  323. 276. 278. 278. 275. 275. 275. 278. 277. 277. 277. 280.]
 [117. 195. 235. 240. 255. 267. 280. 282. 284. 291. 292. 295. 299. 294.
  302. 299. 303. 303. 309. 305. 306. 309. 306. 309. 312. 316. 314. 312.
  309. 271. 274. 270. 269. 271. 272. 271. 273. 271. 271. 272.]]
##############################
[[ 47.  83. 113. 133. 148. 150. 158. 167. 171. 177. 178. 176. 185. 185.
  187. 186. 187. 187. 181. 197. 189. 188. 190. 192. 191. 195. 193. 192.
  196. 198. 164. 168. 169. 162. 163. 168. 165. 166. 168. 170.]
 [294. 332. 342. 346. 348. 348. 348. 348. 348. 349. 348. 348. 349. 349.
  349. 349. 349. 349. 349. 349. 350. 350. 350. 350. 350. 349. 349. 349.
  349. 349. 299. 300. 299. 299. 299. 299. 299. 299. 300. 300.]
 [ 89. 169. 199. 232. 253. 268. 280. 287. 290. 295. 295. 305. 304. 312.
  308. 305. 309. 314. 309. 314. 315. 316. 316. 318. 318. 317. 318. 324.
  323. 320. 278. 278. 275. 275. 275. 278. 277. 277. 277. 280.]
 [117. 195. 235. 240. 255. 267. 280. 282. 284. 291. 292. 295. 299. 294.
  302. 299. 303. 303. 309. 305. 306. 309. 306. 309. 312. 316. 314. 312.
  309. 313. 274. 270. 269. 271. 272. 271. 273. 271. 271. 272.]]
##############################
[[ 47.  83. 113. 133. 148. 150. 158. 167. 171. 177. 178. 176. 185. 185.
  187. 186. 187. 187. 181. 197. 189. 188. 190. 192. 191. 195. 193. 192.
  196. 198. 194. 168. 169. 162. 163. 168. 165. 166. 168. 170.]
 [294. 332. 342. 346. 348. 348. 348. 348. 348. 349. 348. 348. 349. 349.
  349. 349. 349. 349. 349. 349. 350. 350. 350. 350. 350. 349. 349. 349.
  349. 349. 349. 300. 299. 299. 299. 299. 299. 299. 300. 300.]
 [ 89. 169. 199. 232. 253. 268. 280. 287. 290. 295. 295. 305. 304. 312.
  308. 305. 309. 314. 309. 314. 315. 316. 316. 318. 318. 317. 318. 324.
  323. 320. 321. 278. 275. 275. 275. 278. 277. 277. 277. 280.]
 [117. 195. 235. 240. 255. 267. 280. 282. 284. 291. 292. 295. 299. 294.
  302. 299. 303. 303. 309. 305. 306. 309. 306. 309. 312. 316. 314. 312.
  309. 313. 315. 270. 269. 271. 272. 271. 273. 271. 271. 272.]]
##############################
[[ 47.  83. 113. 133. 148. 150. 158. 167. 171. 177. 178. 176. 185. 185.
  187. 186. 187. 187. 181. 197. 189. 188. 190. 192. 191. 195. 193. 192.
  196. 198. 194. 200. 169. 162. 163. 168. 165. 166. 168. 170.]
 [294. 332. 342. 346. 348. 348. 348. 348. 348. 349. 348. 348. 349. 349.
  349. 349. 349. 349. 349. 349. 350. 350. 350. 350. 350. 349. 349. 349.
  349. 349. 349. 350. 299. 299. 299. 299. 299. 299. 300. 300.]
 [ 89. 169. 199. 232. 253. 268. 280. 287. 290. 295. 295. 305. 304. 312.
  308. 305. 309. 314. 309. 314. 315. 316. 316. 318. 318. 317. 318. 324.
  323. 320. 321. 321. 275. 275. 275. 278. 277. 277. 277. 280.]
 [117. 195. 235. 240. 255. 267. 280. 282. 284. 291. 292. 295. 299. 294.
  302. 299. 303. 303. 309. 305. 306. 309. 306. 309. 312. 316. 314. 312.
  309. 313. 315. 311. 269. 271. 272. 271. 273. 271. 271. 272.]]
##############################
[[ 47.  83. 113. 133. 148. 150. 158. 167. 171. 177. 178. 176. 185. 185.
  187. 186. 187. 187. 181. 197. 189. 188. 190. 192. 191. 195. 193. 192.
  196. 198. 194. 200. 199. 162. 163. 168. 165. 166. 168. 170.]
 [294. 332. 342. 346. 348. 348. 348. 348. 348. 349. 348. 348. 349. 349.
  349. 349. 349. 349. 349. 349. 350. 350. 350. 350. 350. 349. 349. 349.
  349. 349. 349. 350. 349. 299. 299. 299. 299. 299. 300. 300.]
 [ 89. 169. 199. 232. 253. 268. 280. 287. 290. 295. 295. 305. 304. 312.
  308. 305. 309. 314. 309. 314. 315. 316. 316. 318. 318. 317. 318. 324.
  323. 320. 321. 321. 317. 275. 275. 278. 277. 277. 277. 280.]
 [117. 195. 235. 240. 255. 267. 280. 282. 284. 291. 292. 295. 299. 294.
  302. 299. 303. 303. 309. 305. 306. 309. 306. 309. 312. 316. 314. 312.
  309. 313. 315. 311. 309. 271. 272. 271. 273. 271. 271. 272.]]
##############################
[[ 47.  83. 113. 133. 148. 150. 158. 167. 171. 177. 178. 176. 185. 185.
  187. 186. 187. 187. 181. 197. 189. 188. 190. 192. 191. 195. 193. 192.
  196. 198. 194. 200. 199. 197. 163. 168. 165. 166. 168. 170.]
 [294. 332. 342. 346. 348. 348. 348. 348. 348. 349. 348. 348. 349. 349.
  349. 349. 349. 349. 349. 349. 350. 350. 350. 350. 350. 349. 349. 349.
  349. 349. 349. 350. 349. 349. 299. 299. 299. 299. 300. 300.]
 [ 89. 169. 199. 232. 253. 268. 280. 287. 290. 295. 295. 305. 304. 312.
  308. 305. 309. 314. 309. 314. 315. 316. 316. 318. 318. 317. 318. 324.
  323. 320. 321. 321. 317. 319. 275. 278. 277. 277. 277. 280.]
 [117. 195. 235. 240. 255. 267. 280. 282. 284. 291. 292. 295. 299. 294.
  302. 299. 303. 303. 309. 305. 306. 309. 306. 309. 312. 316. 314. 312.
  309. 313. 315. 311. 309. 312. 272. 271. 273. 271. 271. 272.]]
##############################
[[ 47.  83. 113. 133. 148. 150. 158. 167. 171. 177. 178. 176. 185. 185.
  187. 186. 187. 187. 181. 197. 189. 188. 190. 192. 191. 195. 193. 192.
  196. 198. 194. 200. 199. 197. 197. 168. 165. 166. 168. 170.]
 [294. 332. 342. 346. 348. 348. 348. 348. 348. 349. 348. 348. 349. 349.
  349. 349. 349. 349. 349. 349. 350. 350. 350. 350. 350. 349. 349. 349.
  349. 349. 349. 350. 349. 349. 349. 299. 299. 299. 300. 300.]
 [ 89. 169. 199. 232. 253. 268. 280. 287. 290. 295. 295. 305. 304. 312.
  308. 305. 309. 314. 309. 314. 315. 316. 316. 318. 318. 317. 318. 324.
  323. 320. 321. 321. 317. 319. 319. 278. 277. 277. 277. 280.]
 [117. 195. 235. 240. 255. 267. 280. 282. 284. 291. 292. 295. 299. 294.
  302. 299. 303. 303. 309. 305. 306. 309. 306. 309. 312. 316. 314. 312.
  309. 313. 315. 311. 309. 312. 312. 271. 273. 271. 271. 272.]]
##############################
[[ 47.  83. 113. 133. 148. 150. 158. 167. 171. 177. 178. 176. 185. 185.
  187. 186. 187. 187. 181. 197. 189. 188. 190. 192. 191. 195. 193. 192.
  196. 198. 194. 200. 199. 197. 197. 201. 165. 166. 168. 170.]
 [294. 332. 342. 346. 348. 348. 348. 348. 348. 349. 348. 348. 349. 349.
  349. 349. 349. 349. 349. 349. 350. 350. 350. 350. 350. 349. 349. 349.
  349. 349. 349. 350. 349. 349. 349. 349. 299. 299. 300. 300.]
 [ 89. 169. 199. 232. 253. 268. 280. 287. 290. 295. 295. 305. 304. 312.
  308. 305. 309. 314. 309. 314. 315. 316. 316. 318. 318. 317. 318. 324.
  323. 320. 321. 321. 317. 319. 319. 321. 277. 277. 277. 280.]
 [117. 195. 235. 240. 255. 267. 280. 282. 284. 291. 292. 295. 299. 294.
  302. 299. 303. 303. 309. 305. 306. 309. 306. 309. 312. 316. 314. 312.
  309. 313. 315. 311. 309. 312. 312. 315. 273. 271. 271. 272.]]
##############################
[[ 47.  83. 113. 133. 148. 150. 158. 167. 171. 177. 178. 176. 185. 185.
  187. 186. 187. 187. 181. 197. 189. 188. 190. 192. 191. 195. 193. 192.
  196. 198. 194. 200. 199. 197. 197. 201. 198. 166. 168. 170.]
 [294. 332. 342. 346. 348. 348. 348. 348. 348. 349. 348. 348. 349. 349.
  349. 349. 349. 349. 349. 349. 350. 350. 350. 350. 350. 349. 349. 349.
  349. 349. 349. 350. 349. 349. 349. 349. 349. 299. 300. 300.]
 [ 89. 169. 199. 232. 253. 268. 280. 287. 290. 295. 295. 305. 304. 312.
  308. 305. 309. 314. 309. 314. 315. 316. 316. 318. 318. 317. 318. 324.
  323. 320. 321. 321. 317. 319. 319. 321. 322. 277. 277. 280.]
 [117. 195. 235. 240. 255. 267. 280. 282. 284. 291. 292. 295. 299. 294.
  302. 299. 303. 303. 309. 305. 306. 309. 306. 309. 312. 316. 314. 312.
  309. 313. 315. 311. 309. 312. 312. 315. 315. 271. 271. 272.]]
##############################
[[ 47.  83. 113. 133. 148. 150. 158. 167. 171. 177. 178. 176. 185. 185.
  187. 186. 187. 187. 181. 197. 189. 188. 190. 192. 191. 195. 193. 192.
  196. 198. 194. 200. 199. 197. 197. 201. 198. 198. 168. 170.]
 [294. 332. 342. 346. 348. 348. 348. 348. 348. 349. 348. 348. 349. 349.
  349. 349. 349. 349. 349. 349. 350. 350. 350. 350. 350. 349. 349. 349.
  349. 349. 349. 350. 349. 349. 349. 349. 349. 349. 300. 300.]
 [ 89. 169. 199. 232. 253. 268. 280. 287. 290. 295. 295. 305. 304. 312.
  308. 305. 309. 314. 309. 314. 315. 316. 316. 318. 318. 317. 318. 324.
  323. 320. 321. 321. 317. 319. 319. 321. 322. 320. 277. 280.]
 [117. 195. 235. 240. 255. 267. 280. 282. 284. 291. 292. 295. 299. 294.
  302. 299. 303. 303. 309. 305. 306. 309. 306. 309. 312. 316. 314. 312.
  309. 313. 315. 311. 309. 312. 312. 315. 315. 314. 271. 272.]]
##############################
[[ 47.  83. 113. 133. 148. 150. 158. 167. 171. 177. 178. 176. 185. 185.
  187. 186. 187. 187. 181. 197. 189. 188. 190. 192. 191. 195. 193. 192.
  196. 198. 194. 200. 199. 197. 197. 201. 198. 198. 202. 170.]
 [294. 332. 342. 346. 348. 348. 348. 348. 348. 349. 348. 348. 349. 349.
  349. 349. 349. 349. 349. 349. 350. 350. 350. 350. 350. 349. 349. 349.
  349. 349. 349. 350. 349. 349. 349. 349. 349. 349. 350. 300.]
 [ 89. 169. 199. 232. 253. 268. 280. 287. 290. 295. 295. 305. 304. 312.
  308. 305. 309. 314. 309. 314. 315. 316. 316. 318. 318. 317. 318. 324.
  323. 320. 321. 321. 317. 319. 319. 321. 322. 320. 320. 280.]
 [117. 195. 235. 240. 255. 267. 280. 282. 284. 291. 292. 295. 299. 294.
  302. 299. 303. 303. 309. 305. 306. 309. 306. 309. 312. 316. 314. 312.
  309. 313. 315. 311. 309. 312. 312. 315. 315. 314. 315. 272.]]
##############################
[[ 47.  83. 113. 133. 148. 150. 158. 167. 171. 177. 178. 176. 185. 185.
  187. 186. 187. 187. 181. 197. 189. 188. 190. 192. 191. 195. 193. 192.
  196. 198. 194. 200. 199. 197. 197. 201. 198. 198. 202. 203.]
 [294. 332. 342. 346. 348. 348. 348. 348. 348. 349. 348. 348. 349. 349.
  349. 349. 349. 349. 349. 349. 350. 350. 350. 350. 350. 349. 349. 349.
  349. 349. 349. 350. 349. 349. 349. 349. 349. 349. 350. 350.]
 [ 89. 169. 199. 232. 253. 268. 280. 287. 290. 295. 295. 305. 304. 312.
  308. 305. 309. 314. 309. 314. 315. 316. 316. 318. 318. 317. 318. 324.
  323. 320. 321. 321. 317. 319. 319. 321. 322. 320. 320. 324.]
 [117. 195. 235. 240. 255. 267. 280. 282. 284. 291. 292. 295. 299. 294.
  302. 299. 303. 303. 309. 305. 306. 309. 306. 309. 312. 316. 314. 312.
  309. 313. 315. 311. 309. 312. 312. 315. 315. 314. 315. 315.]]
##############################
##################################################
##################################################
starting :8 batch
[[ 54.  83. 113. 133. 148. 150. 158. 167. 171. 177. 178. 176. 185. 185.
  187. 186. 187. 187. 181. 197. 189. 188. 190. 192. 191. 195. 193. 192.
  196. 198. 194. 200. 199. 197. 197. 201. 198. 198. 202. 203.]
 [336. 332. 342. 346. 348. 348. 348. 348. 348. 349. 348. 348. 349. 349.
  349. 349. 349. 349. 349. 349. 350. 350. 350. 350. 350. 349. 349. 349.
  349. 349. 349. 350. 349. 349. 349. 349. 349. 349. 350. 350.]
 [106. 169. 199. 232. 253. 268. 280. 287. 290. 295. 295. 305. 304. 312.
  308. 305. 309. 314. 309. 314. 315. 316. 316. 318. 318. 317. 318. 324.
  323. 320. 321. 321. 317. 319. 319. 321. 322. 320. 320. 324.]
 [134. 195. 235. 240. 255. 267. 280. 282. 284. 291. 292. 295. 299. 294.
  302. 299. 303. 303. 309. 305. 306. 309. 306. 309. 312. 316. 314. 312.
  309. 313. 315. 311. 309. 312. 312. 315. 315. 314. 315. 315.]]
##############################
[[ 54.  94. 113. 133. 148. 150. 158. 167. 171. 177. 178. 176. 185. 185.
  187. 186. 187. 187. 181. 197. 189. 188. 190. 192. 191. 195. 193. 192.
  196. 198. 194. 200. 199. 197. 197. 201. 198. 198. 202. 203.]
 [336. 381. 342. 346. 348. 348. 348. 348. 348. 349. 348. 348. 349. 349.
  349. 349. 349. 349. 349. 349. 350. 350. 350. 350. 350. 349. 349. 349.
  349. 349. 349. 350. 349. 349. 349. 349. 349. 349. 350. 350.]
 [106. 199. 199. 232. 253. 268. 280. 287. 290. 295. 295. 305. 304. 312.
  308. 305. 309. 314. 309. 314. 315. 316. 316. 318. 318. 317. 318. 324.
  323. 320. 321. 321. 317. 319. 319. 321. 322. 320. 320. 324.]
 [134. 225. 235. 240. 255. 267. 280. 282. 284. 291. 292. 295. 299. 294.
  302. 299. 303. 303. 309. 305. 306. 309. 306. 309. 312. 316. 314. 312.
  309. 313. 315. 311. 309. 312. 312. 315. 315. 314. 315. 315.]]
##############################
[[ 54.  94. 128. 133. 148. 150. 158. 167. 171. 177. 178. 176. 185. 185.
  187. 186. 187. 187. 181. 197. 189. 188. 190. 192. 191. 195. 193. 192.
  196. 198. 194. 200. 199. 197. 197. 201. 198. 198. 202. 203.]
 [336. 381. 391. 346. 348. 348. 348. 348. 348. 349. 348. 348. 349. 349.
  349. 349. 349. 349. 349. 349. 350. 350. 350. 350. 350. 349. 349. 349.
  349. 349. 349. 350. 349. 349. 349. 349. 349. 349. 350. 350.]
 [106. 199. 228. 232. 253. 268. 280. 287. 290. 295. 295. 305. 304. 312.
  308. 305. 309. 314. 309. 314. 315. 316. 316. 318. 318. 317. 318. 324.
  323. 320. 321. 321. 317. 319. 319. 321. 322. 320. 320. 324.]
 [134. 225. 271. 240. 255. 267. 280. 282. 284. 291. 292. 295. 299. 294.
  302. 299. 303. 303. 309. 305. 306. 309. 306. 309. 312. 316. 314. 312.
  309. 313. 315. 311. 309. 312. 312. 315. 315. 314. 315. 315.]]
##############################
[[ 54.  94. 128. 150. 148. 150. 158. 167. 171. 177. 178. 176. 185. 185.
  187. 186. 187. 187. 181. 197. 189. 188. 190. 192. 191. 195. 193. 192.
  196. 198. 194. 200. 199. 197. 197. 201. 198. 198. 202. 203.]
 [336. 381. 391. 396. 348. 348. 348. 348. 348. 349. 348. 348. 349. 349.
  349. 349. 349. 349. 349. 349. 350. 350. 350. 350. 350. 349. 349. 349.
  349. 349. 349. 350. 349. 349. 349. 349. 349. 349. 350. 350.]
 [106. 199. 228. 269. 253. 268. 280. 287. 290. 295. 295. 305. 304. 312.
  308. 305. 309. 314. 309. 314. 315. 316. 316. 318. 318. 317. 318. 324.
  323. 320. 321. 321. 317. 319. 319. 321. 322. 320. 320. 324.]
 [134. 225. 271. 276. 255. 267. 280. 282. 284. 291. 292. 295. 299. 294.
  302. 299. 303. 303. 309. 305. 306. 309. 306. 309. 312. 316. 314. 312.
  309. 313. 315. 311. 309. 312. 312. 315. 315. 314. 315. 315.]]
##############################
[[ 54.  94. 128. 150. 167. 150. 158. 167. 171. 177. 178. 176. 185. 185.
  187. 186. 187. 187. 181. 197. 189. 188. 190. 192. 191. 195. 193. 192.
  196. 198. 194. 200. 199. 197. 197. 201. 198. 198. 202. 203.]
 [336. 381. 391. 396. 398. 348. 348. 348. 348. 349. 348. 348. 349. 349.
  349. 349. 349. 349. 349. 349. 350. 350. 350. 350. 350. 349. 349. 349.
  349. 349. 349. 350. 349. 349. 349. 349. 349. 349. 350. 350.]
 [106. 199. 228. 269. 291. 268. 280. 287. 290. 295. 295. 305. 304. 312.
  308. 305. 309. 314. 309. 314. 315. 316. 316. 318. 318. 317. 318. 324.
  323. 320. 321. 321. 317. 319. 319. 321. 322. 320. 320. 324.]
 [134. 225. 271. 276. 293. 267. 280. 282. 284. 291. 292. 295. 299. 294.
  302. 299. 303. 303. 309. 305. 306. 309. 306. 309. 312. 316. 314. 312.
  309. 313. 315. 311. 309. 312. 312. 315. 315. 314. 315. 315.]]
##############################
[[ 54.  94. 128. 150. 167. 169. 158. 167. 171. 177. 178. 176. 185. 185.
  187. 186. 187. 187. 181. 197. 189. 188. 190. 192. 191. 195. 193. 192.
  196. 198. 194. 200. 199. 197. 197. 201. 198. 198. 202. 203.]
 [336. 381. 391. 396. 398. 398. 348. 348. 348. 349. 348. 348. 349. 349.
  349. 349. 349. 349. 349. 349. 350. 350. 350. 350. 350. 349. 349. 349.
  349. 349. 349. 350. 349. 349. 349. 349. 349. 349. 350. 350.]
 [106. 199. 228. 269. 291. 305. 280. 287. 290. 295. 295. 305. 304. 312.
  308. 305. 309. 314. 309. 314. 315. 316. 316. 318. 318. 317. 318. 324.
  323. 320. 321. 321. 317. 319. 319. 321. 322. 320. 320. 324.]
 [134. 225. 271. 276. 293. 304. 280. 282. 284. 291. 292. 295. 299. 294.
  302. 299. 303. 303. 309. 305. 306. 309. 306. 309. 312. 316. 314. 312.
  309. 313. 315. 311. 309. 312. 312. 315. 315. 314. 315. 315.]]
##############################
[[ 54.  94. 128. 150. 167. 169. 181. 167. 171. 177. 178. 176. 185. 185.
  187. 186. 187. 187. 181. 197. 189. 188. 190. 192. 191. 195. 193. 192.
  196. 198. 194. 200. 199. 197. 197. 201. 198. 198. 202. 203.]
 [336. 381. 391. 396. 398. 398. 398. 348. 348. 349. 348. 348. 349. 349.
  349. 349. 349. 349. 349. 349. 350. 350. 350. 350. 350. 349. 349. 349.
  349. 349. 349. 350. 349. 349. 349. 349. 349. 349. 350. 350.]
 [106. 199. 228. 269. 291. 305. 320. 287. 290. 295. 295. 305. 304. 312.
  308. 305. 309. 314. 309. 314. 315. 316. 316. 318. 318. 317. 318. 324.
  323. 320. 321. 321. 317. 319. 319. 321. 322. 320. 320. 324.]
 [134. 225. 271. 276. 293. 304. 319. 282. 284. 291. 292. 295. 299. 294.
  302. 299. 303. 303. 309. 305. 306. 309. 306. 309. 312. 316. 314. 312.
  309. 313. 315. 311. 309. 312. 312. 315. 315. 314. 315. 315.]]
##############################
[[ 54.  94. 128. 150. 167. 169. 181. 193. 171. 177. 178. 176. 185. 185.
  187. 186. 187. 187. 181. 197. 189. 188. 190. 192. 191. 195. 193. 192.
  196. 198. 194. 200. 199. 197. 197. 201. 198. 198. 202. 203.]
 [336. 381. 391. 396. 398. 398. 398. 398. 348. 349. 348. 348. 349. 349.
  349. 349. 349. 349. 349. 349. 350. 350. 350. 350. 350. 349. 349. 349.
  349. 349. 349. 350. 349. 349. 349. 349. 349. 349. 350. 350.]
 [106. 199. 228. 269. 291. 305. 320. 327. 290. 295. 295. 305. 304. 312.
  308. 305. 309. 314. 309. 314. 315. 316. 316. 318. 318. 317. 318. 324.
  323. 320. 321. 321. 317. 319. 319. 321. 322. 320. 320. 324.]
 [134. 225. 271. 276. 293. 304. 319. 322. 284. 291. 292. 295. 299. 294.
  302. 299. 303. 303. 309. 305. 306. 309. 306. 309. 312. 316. 314. 312.
  309. 313. 315. 311. 309. 312. 312. 315. 315. 314. 315. 315.]]
##############################
[[ 54.  94. 128. 150. 167. 169. 181. 193. 196. 177. 178. 176. 185. 185.
  187. 186. 187. 187. 181. 197. 189. 188. 190. 192. 191. 195. 193. 192.
  196. 198. 194. 200. 199. 197. 197. 201. 198. 198. 202. 203.]
 [336. 381. 391. 396. 398. 398. 398. 398. 398. 349. 348. 348. 349. 349.
  349. 349. 349. 349. 349. 349. 350. 350. 350. 350. 350. 349. 349. 349.
  349. 349. 349. 350. 349. 349. 349. 349. 349. 349. 350. 350.]
 [106. 199. 228. 269. 291. 305. 320. 327. 330. 295. 295. 305. 304. 312.
  308. 305. 309. 314. 309. 314. 315. 316. 316. 318. 318. 317. 318. 324.
  323. 320. 321. 321. 317. 319. 319. 321. 322. 320. 320. 324.]
 [134. 225. 271. 276. 293. 304. 319. 322. 325. 291. 292. 295. 299. 294.
  302. 299. 303. 303. 309. 305. 306. 309. 306. 309. 312. 316. 314. 312.
  309. 313. 315. 311. 309. 312. 312. 315. 315. 314. 315. 315.]]
##############################
[[ 54.  94. 128. 150. 167. 169. 181. 193. 196. 203. 178. 176. 185. 185.
  187. 186. 187. 187. 181. 197. 189. 188. 190. 192. 191. 195. 193. 192.
  196. 198. 194. 200. 199. 197. 197. 201. 198. 198. 202. 203.]
 [336. 381. 391. 396. 398. 398. 398. 398. 398. 399. 348. 348. 349. 349.
  349. 349. 349. 349. 349. 349. 350. 350. 350. 350. 350. 349. 349. 349.
  349. 349. 349. 350. 349. 349. 349. 349. 349. 349. 350. 350.]
 [106. 199. 228. 269. 291. 305. 320. 327. 330. 335. 295. 305. 304. 312.
  308. 305. 309. 314. 309. 314. 315. 316. 316. 318. 318. 317. 318. 324.
  323. 320. 321. 321. 317. 319. 319. 321. 322. 320. 320. 324.]
 [134. 225. 271. 276. 293. 304. 319. 322. 325. 334. 292. 295. 299. 294.
  302. 299. 303. 303. 309. 305. 306. 309. 306. 309. 312. 316. 314. 312.
  309. 313. 315. 311. 309. 312. 312. 315. 315. 314. 315. 315.]]
##############################
[[ 54.  94. 128. 150. 167. 169. 181. 193. 196. 203. 204. 176. 185. 185.
  187. 186. 187. 187. 181. 197. 189. 188. 190. 192. 191. 195. 193. 192.
  196. 198. 194. 200. 199. 197. 197. 201. 198. 198. 202. 203.]
 [336. 381. 391. 396. 398. 398. 398. 398. 398. 399. 398. 348. 349. 349.
  349. 349. 349. 349. 349. 349. 350. 350. 350. 350. 350. 349. 349. 349.
  349. 349. 349. 350. 349. 349. 349. 349. 349. 349. 350. 350.]
 [106. 199. 228. 269. 291. 305. 320. 327. 330. 335. 337. 305. 304. 312.
  308. 305. 309. 314. 309. 314. 315. 316. 316. 318. 318. 317. 318. 324.
  323. 320. 321. 321. 317. 319. 319. 321. 322. 320. 320. 324.]
 [134. 225. 271. 276. 293. 304. 319. 322. 325. 334. 334. 295. 299. 294.
  302. 299. 303. 303. 309. 305. 306. 309. 306. 309. 312. 316. 314. 312.
  309. 313. 315. 311. 309. 312. 312. 315. 315. 314. 315. 315.]]
##############################
[[ 54.  94. 128. 150. 167. 169. 181. 193. 196. 203. 204. 200. 185. 185.
  187. 186. 187. 187. 181. 197. 189. 188. 190. 192. 191. 195. 193. 192.
  196. 198. 194. 200. 199. 197. 197. 201. 198. 198. 202. 203.]
 [336. 381. 391. 396. 398. 398. 398. 398. 398. 399. 398. 398. 349. 349.
  349. 349. 349. 349. 349. 349. 350. 350. 350. 350. 350. 349. 349. 349.
  349. 349. 349. 350. 349. 349. 349. 349. 349. 349. 350. 350.]
 [106. 199. 228. 269. 291. 305. 320. 327. 330. 335. 337. 347. 304. 312.
  308. 305. 309. 314. 309. 314. 315. 316. 316. 318. 318. 317. 318. 324.
  323. 320. 321. 321. 317. 319. 319. 321. 322. 320. 320. 324.]
 [134. 225. 271. 276. 293. 304. 319. 322. 325. 334. 334. 337. 299. 294.
  302. 299. 303. 303. 309. 305. 306. 309. 306. 309. 312. 316. 314. 312.
  309. 313. 315. 311. 309. 312. 312. 315. 315. 314. 315. 315.]]
##############################
[[ 54.  94. 128. 150. 167. 169. 181. 193. 196. 203. 204. 200. 211. 185.
  187. 186. 187. 187. 181. 197. 189. 188. 190. 192. 191. 195. 193. 192.
  196. 198. 194. 200. 199. 197. 197. 201. 198. 198. 202. 203.]
 [336. 381. 391. 396. 398. 398. 398. 398. 398. 399. 398. 398. 399. 349.
  349. 349. 349. 349. 349. 349. 350. 350. 350. 350. 350. 349. 349. 349.
  349. 349. 349. 350. 349. 349. 349. 349. 349. 349. 350. 350.]
 [106. 199. 228. 269. 291. 305. 320. 327. 330. 335. 337. 347. 347. 312.
  308. 305. 309. 314. 309. 314. 315. 316. 316. 318. 318. 317. 318. 324.
  323. 320. 321. 321. 317. 319. 319. 321. 322. 320. 320. 324.]
 [134. 225. 271. 276. 293. 304. 319. 322. 325. 334. 334. 337. 342. 294.
  302. 299. 303. 303. 309. 305. 306. 309. 306. 309. 312. 316. 314. 312.
  309. 313. 315. 311. 309. 312. 312. 315. 315. 314. 315. 315.]]
##############################
[[ 54.  94. 128. 150. 167. 169. 181. 193. 196. 203. 204. 200. 211. 211.
  187. 186. 187. 187. 181. 197. 189. 188. 190. 192. 191. 195. 193. 192.
  196. 198. 194. 200. 199. 197. 197. 201. 198. 198. 202. 203.]
 [336. 381. 391. 396. 398. 398. 398. 398. 398. 399. 398. 398. 399. 399.
  349. 349. 349. 349. 349. 349. 350. 350. 350. 350. 350. 349. 349. 349.
  349. 349. 349. 350. 349. 349. 349. 349. 349. 349. 350. 350.]
 [106. 199. 228. 269. 291. 305. 320. 327. 330. 335. 337. 347. 347. 357.
  308. 305. 309. 314. 309. 314. 315. 316. 316. 318. 318. 317. 318. 324.
  323. 320. 321. 321. 317. 319. 319. 321. 322. 320. 320. 324.]
 [134. 225. 271. 276. 293. 304. 319. 322. 325. 334. 334. 337. 342. 336.
  302. 299. 303. 303. 309. 305. 306. 309. 306. 309. 312. 316. 314. 312.
  309. 313. 315. 311. 309. 312. 312. 315. 315. 314. 315. 315.]]
##############################
[[ 54.  94. 128. 150. 167. 169. 181. 193. 196. 203. 204. 200. 211. 211.
  216. 186. 187. 187. 181. 197. 189. 188. 190. 192. 191. 195. 193. 192.
  196. 198. 194. 200. 199. 197. 197. 201. 198. 198. 202. 203.]
 [336. 381. 391. 396. 398. 398. 398. 398. 398. 399. 398. 398. 399. 399.
  399. 349. 349. 349. 349. 349. 350. 350. 350. 350. 350. 349. 349. 349.
  349. 349. 349. 350. 349. 349. 349. 349. 349. 349. 350. 350.]
 [106. 199. 228. 269. 291. 305. 320. 327. 330. 335. 337. 347. 347. 357.
  352. 305. 309. 314. 309. 314. 315. 316. 316. 318. 318. 317. 318. 324.
  323. 320. 321. 321. 317. 319. 319. 321. 322. 320. 320. 324.]
 [134. 225. 271. 276. 293. 304. 319. 322. 325. 334. 334. 337. 342. 336.
  344. 299. 303. 303. 309. 305. 306. 309. 306. 309. 312. 316. 314. 312.
  309. 313. 315. 311. 309. 312. 312. 315. 315. 314. 315. 315.]]
##############################
[[ 54.  94. 128. 150. 167. 169. 181. 193. 196. 203. 204. 200. 211. 211.
  216. 213. 187. 187. 181. 197. 189. 188. 190. 192. 191. 195. 193. 192.
  196. 198. 194. 200. 199. 197. 197. 201. 198. 198. 202. 203.]
 [336. 381. 391. 396. 398. 398. 398. 398. 398. 399. 398. 398. 399. 399.
  399. 399. 349. 349. 349. 349. 350. 350. 350. 350. 350. 349. 349. 349.
  349. 349. 349. 350. 349. 349. 349. 349. 349. 349. 350. 350.]
 [106. 199. 228. 269. 291. 305. 320. 327. 330. 335. 337. 347. 347. 357.
  352. 349. 309. 314. 309. 314. 315. 316. 316. 318. 318. 317. 318. 324.
  323. 320. 321. 321. 317. 319. 319. 321. 322. 320. 320. 324.]
 [134. 225. 271. 276. 293. 304. 319. 322. 325. 334. 334. 337. 342. 336.
  344. 341. 303. 303. 309. 305. 306. 309. 306. 309. 312. 316. 314. 312.
  309. 313. 315. 311. 309. 312. 312. 315. 315. 314. 315. 315.]]
##############################
[[ 54.  94. 128. 150. 167. 169. 181. 193. 196. 203. 204. 200. 211. 211.
  216. 213. 213. 187. 181. 197. 189. 188. 190. 192. 191. 195. 193. 192.
  196. 198. 194. 200. 199. 197. 197. 201. 198. 198. 202. 203.]
 [336. 381. 391. 396. 398. 398. 398. 398. 398. 399. 398. 398. 399. 399.
  399. 399. 399. 349. 349. 349. 350. 350. 350. 350. 350. 349. 349. 349.
  349. 349. 349. 350. 349. 349. 349. 349. 349. 349. 350. 350.]
 [106. 199. 228. 269. 291. 305. 320. 327. 330. 335. 337. 347. 347. 357.
  352. 349. 352. 314. 309. 314. 315. 316. 316. 318. 318. 317. 318. 324.
  323. 320. 321. 321. 317. 319. 319. 321. 322. 320. 320. 324.]
 [134. 225. 271. 276. 293. 304. 319. 322. 325. 334. 334. 337. 342. 336.
  344. 341. 347. 303. 309. 305. 306. 309. 306. 309. 312. 316. 314. 312.
  309. 313. 315. 311. 309. 312. 312. 315. 315. 314. 315. 315.]]
##############################
[[ 54.  94. 128. 150. 167. 169. 181. 193. 196. 203. 204. 200. 211. 211.
  216. 213. 213. 218. 181. 197. 189. 188. 190. 192. 191. 195. 193. 192.
  196. 198. 194. 200. 199. 197. 197. 201. 198. 198. 202. 203.]
 [336. 381. 391. 396. 398. 398. 398. 398. 398. 399. 398. 398. 399. 399.
  399. 399. 399. 399. 349. 349. 350. 350. 350. 350. 350. 349. 349. 349.
  349. 349. 349. 350. 349. 349. 349. 349. 349. 349. 350. 350.]
 [106. 199. 228. 269. 291. 305. 320. 327. 330. 335. 337. 347. 347. 357.
  352. 349. 352. 358. 309. 314. 315. 316. 316. 318. 318. 317. 318. 324.
  323. 320. 321. 321. 317. 319. 319. 321. 322. 320. 320. 324.]
 [134. 225. 271. 276. 293. 304. 319. 322. 325. 334. 334. 337. 342. 336.
  344. 341. 347. 347. 309. 305. 306. 309. 306. 309. 312. 316. 314. 312.
  309. 313. 315. 311. 309. 312. 312. 315. 315. 314. 315. 315.]]
##############################
[[ 54.  94. 128. 150. 167. 169. 181. 193. 196. 203. 204. 200. 211. 211.
  216. 213. 213. 218. 208. 197. 189. 188. 190. 192. 191. 195. 193. 192.
  196. 198. 194. 200. 199. 197. 197. 201. 198. 198. 202. 203.]
 [336. 381. 391. 396. 398. 398. 398. 398. 398. 399. 398. 398. 399. 399.
  399. 399. 399. 399. 399. 349. 350. 350. 350. 350. 350. 349. 349. 349.
  349. 349. 349. 350. 349. 349. 349. 349. 349. 349. 350. 350.]
 [106. 199. 228. 269. 291. 305. 320. 327. 330. 335. 337. 347. 347. 357.
  352. 349. 352. 358. 353. 314. 315. 316. 316. 318. 318. 317. 318. 324.
  323. 320. 321. 321. 317. 319. 319. 321. 322. 320. 320. 324.]
 [134. 225. 271. 276. 293. 304. 319. 322. 325. 334. 334. 337. 342. 336.
  344. 341. 347. 347. 353. 305. 306. 309. 306. 309. 312. 316. 314. 312.
  309. 313. 315. 311. 309. 312. 312. 315. 315. 314. 315. 315.]]
##############################
[[ 54.  94. 128. 150. 167. 169. 181. 193. 196. 203. 204. 200. 211. 211.
  216. 213. 213. 218. 208. 225. 189. 188. 190. 192. 191. 195. 193. 192.
  196. 198. 194. 200. 199. 197. 197. 201. 198. 198. 202. 203.]
 [336. 381. 391. 396. 398. 398. 398. 398. 398. 399. 398. 398. 399. 399.
  399. 399. 399. 399. 399. 399. 350. 350. 350. 350. 350. 349. 349. 349.
  349. 349. 349. 350. 349. 349. 349. 349. 349. 349. 350. 350.]
 [106. 199. 228. 269. 291. 305. 320. 327. 330. 335. 337. 347. 347. 357.
  352. 349. 352. 358. 353. 358. 315. 316. 316. 318. 318. 317. 318. 324.
  323. 320. 321. 321. 317. 319. 319. 321. 322. 320. 320. 324.]
 [134. 225. 271. 276. 293. 304. 319. 322. 325. 334. 334. 337. 342. 336.
  344. 341. 347. 347. 353. 349. 306. 309. 306. 309. 312. 316. 314. 312.
  309. 313. 315. 311. 309. 312. 312. 315. 315. 314. 315. 315.]]
##############################
[[ 54.  94. 128. 150. 167. 169. 181. 193. 196. 203. 204. 200. 211. 211.
  216. 213. 213. 218. 208. 225. 216. 188. 190. 192. 191. 195. 193. 192.
  196. 198. 194. 200. 199. 197. 197. 201. 198. 198. 202. 203.]
 [336. 381. 391. 396. 398. 398. 398. 398. 398. 399. 398. 398. 399. 399.
  399. 399. 399. 399. 399. 399. 400. 350. 350. 350. 350. 349. 349. 349.
  349. 349. 349. 350. 349. 349. 349. 349. 349. 349. 350. 350.]
 [106. 199. 228. 269. 291. 305. 320. 327. 330. 335. 337. 347. 347. 357.
  352. 349. 352. 358. 353. 358. 359. 316. 316. 318. 318. 317. 318. 324.
  323. 320. 321. 321. 317. 319. 319. 321. 322. 320. 320. 324.]
 [134. 225. 271. 276. 293. 304. 319. 322. 325. 334. 334. 337. 342. 336.
  344. 341. 347. 347. 353. 349. 351. 309. 306. 309. 312. 316. 314. 312.
  309. 313. 315. 311. 309. 312. 312. 315. 315. 314. 315. 315.]]
##############################
[[ 54.  94. 128. 150. 167. 169. 181. 193. 196. 203. 204. 200. 211. 211.
  216. 213. 213. 218. 208. 225. 216. 215. 190. 192. 191. 195. 193. 192.
  196. 198. 194. 200. 199. 197. 197. 201. 198. 198. 202. 203.]
 [336. 381. 391. 396. 398. 398. 398. 398. 398. 399. 398. 398. 399. 399.
  399. 399. 399. 399. 399. 399. 400. 400. 350. 350. 350. 349. 349. 349.
  349. 349. 349. 350. 349. 349. 349. 349. 349. 349. 350. 350.]
 [106. 199. 228. 269. 291. 305. 320. 327. 330. 335. 337. 347. 347. 357.
  352. 349. 352. 358. 353. 358. 359. 360. 316. 318. 318. 317. 318. 324.
  323. 320. 321. 321. 317. 319. 319. 321. 322. 320. 320. 324.]
 [134. 225. 271. 276. 293. 304. 319. 322. 325. 334. 334. 337. 342. 336.
  344. 341. 347. 347. 353. 349. 351. 355. 306. 309. 312. 316. 314. 312.
  309. 313. 315. 311. 309. 312. 312. 315. 315. 314. 315. 315.]]
##############################
[[ 54.  94. 128. 150. 167. 169. 181. 193. 196. 203. 204. 200. 211. 211.
  216. 213. 213. 218. 208. 225. 216. 215. 215. 192. 191. 195. 193. 192.
  196. 198. 194. 200. 199. 197. 197. 201. 198. 198. 202. 203.]
 [336. 381. 391. 396. 398. 398. 398. 398. 398. 399. 398. 398. 399. 399.
  399. 399. 399. 399. 399. 399. 400. 400. 400. 350. 350. 349. 349. 349.
  349. 349. 349. 350. 349. 349. 349. 349. 349. 349. 350. 350.]
 [106. 199. 228. 269. 291. 305. 320. 327. 330. 335. 337. 347. 347. 357.
  352. 349. 352. 358. 353. 358. 359. 360. 360. 318. 318. 317. 318. 324.
  323. 320. 321. 321. 317. 319. 319. 321. 322. 320. 320. 324.]
 [134. 225. 271. 276. 293. 304. 319. 322. 325. 334. 334. 337. 342. 336.
  344. 341. 347. 347. 353. 349. 351. 355. 351. 309. 312. 316. 314. 312.
  309. 313. 315. 311. 309. 312. 312. 315. 315. 314. 315. 315.]]
##############################
[[ 54.  94. 128. 150. 167. 169. 181. 193. 196. 203. 204. 200. 211. 211.
  216. 213. 213. 218. 208. 225. 216. 215. 215. 219. 191. 195. 193. 192.
  196. 198. 194. 200. 199. 197. 197. 201. 198. 198. 202. 203.]
 [336. 381. 391. 396. 398. 398. 398. 398. 398. 399. 398. 398. 399. 399.
  399. 399. 399. 399. 399. 399. 400. 400. 400. 400. 350. 349. 349. 349.
  349. 349. 349. 350. 349. 349. 349. 349. 349. 349. 350. 350.]
 [106. 199. 228. 269. 291. 305. 320. 327. 330. 335. 337. 347. 347. 357.
  352. 349. 352. 358. 353. 358. 359. 360. 360. 362. 318. 317. 318. 324.
  323. 320. 321. 321. 317. 319. 319. 321. 322. 320. 320. 324.]
 [134. 225. 271. 276. 293. 304. 319. 322. 325. 334. 334. 337. 342. 336.
  344. 341. 347. 347. 353. 349. 351. 355. 351. 355. 312. 316. 314. 312.
  309. 313. 315. 311. 309. 312. 312. 315. 315. 314. 315. 315.]]
##############################
[[ 54.  94. 128. 150. 167. 169. 181. 193. 196. 203. 204. 200. 211. 211.
  216. 213. 213. 218. 208. 225. 216. 215. 215. 219. 218. 195. 193. 192.
  196. 198. 194. 200. 199. 197. 197. 201. 198. 198. 202. 203.]
 [336. 381. 391. 396. 398. 398. 398. 398. 398. 399. 398. 398. 399. 399.
  399. 399. 399. 399. 399. 399. 400. 400. 400. 400. 400. 349. 349. 349.
  349. 349. 349. 350. 349. 349. 349. 349. 349. 349. 350. 350.]
 [106. 199. 228. 269. 291. 305. 320. 327. 330. 335. 337. 347. 347. 357.
  352. 349. 352. 358. 353. 358. 359. 360. 360. 362. 362. 317. 318. 324.
  323. 320. 321. 321. 317. 319. 319. 321. 322. 320. 320. 324.]
 [134. 225. 271. 276. 293. 304. 319. 322. 325. 334. 334. 337. 342. 336.
  344. 341. 347. 347. 353. 349. 351. 355. 351. 355. 357. 316. 314. 312.
  309. 313. 315. 311. 309. 312. 312. 315. 315. 314. 315. 315.]]
##############################
[[ 54.  94. 128. 150. 167. 169. 181. 193. 196. 203. 204. 200. 211. 211.
  216. 213. 213. 218. 208. 225. 216. 215. 215. 219. 218. 221. 193. 192.
  196. 198. 194. 200. 199. 197. 197. 201. 198. 198. 202. 203.]
 [336. 381. 391. 396. 398. 398. 398. 398. 398. 399. 398. 398. 399. 399.
  399. 399. 399. 399. 399. 399. 400. 400. 400. 400. 400. 399. 349. 349.
  349. 349. 349. 350. 349. 349. 349. 349. 349. 349. 350. 350.]
 [106. 199. 228. 269. 291. 305. 320. 327. 330. 335. 337. 347. 347. 357.
  352. 349. 352. 358. 353. 358. 359. 360. 360. 362. 362. 361. 318. 324.
  323. 320. 321. 321. 317. 319. 319. 321. 322. 320. 320. 324.]
 [134. 225. 271. 276. 293. 304. 319. 322. 325. 334. 334. 337. 342. 336.
  344. 341. 347. 347. 353. 349. 351. 355. 351. 355. 357. 362. 314. 312.
  309. 313. 315. 311. 309. 312. 312. 315. 315. 314. 315. 315.]]
##############################
[[ 54.  94. 128. 150. 167. 169. 181. 193. 196. 203. 204. 200. 211. 211.
  216. 213. 213. 218. 208. 225. 216. 215. 215. 219. 218. 221. 217. 192.
  196. 198. 194. 200. 199. 197. 197. 201. 198. 198. 202. 203.]
 [336. 381. 391. 396. 398. 398. 398. 398. 398. 399. 398. 398. 399. 399.
  399. 399. 399. 399. 399. 399. 400. 400. 400. 400. 400. 399. 399. 349.
  349. 349. 349. 350. 349. 349. 349. 349. 349. 349. 350. 350.]
 [106. 199. 228. 269. 291. 305. 320. 327. 330. 335. 337. 347. 347. 357.
  352. 349. 352. 358. 353. 358. 359. 360. 360. 362. 362. 361. 363. 324.
  323. 320. 321. 321. 317. 319. 319. 321. 322. 320. 320. 324.]
 [134. 225. 271. 276. 293. 304. 319. 322. 325. 334. 334. 337. 342. 336.
  344. 341. 347. 347. 353. 349. 351. 355. 351. 355. 357. 362. 358. 312.
  309. 313. 315. 311. 309. 312. 312. 315. 315. 314. 315. 315.]]
##############################
[[ 54.  94. 128. 150. 167. 169. 181. 193. 196. 203. 204. 200. 211. 211.
  216. 213. 213. 218. 208. 225. 216. 215. 215. 219. 218. 221. 217. 217.
  196. 198. 194. 200. 199. 197. 197. 201. 198. 198. 202. 203.]
 [336. 381. 391. 396. 398. 398. 398. 398. 398. 399. 398. 398. 399. 399.
  399. 399. 399. 399. 399. 399. 400. 400. 400. 400. 400. 399. 399. 399.
  349. 349. 349. 350. 349. 349. 349. 349. 349. 349. 350. 350.]
 [106. 199. 228. 269. 291. 305. 320. 327. 330. 335. 337. 347. 347. 357.
  352. 349. 352. 358. 353. 358. 359. 360. 360. 362. 362. 361. 363. 368.
  323. 320. 321. 321. 317. 319. 319. 321. 322. 320. 320. 324.]
 [134. 225. 271. 276. 293. 304. 319. 322. 325. 334. 334. 337. 342. 336.
  344. 341. 347. 347. 353. 349. 351. 355. 351. 355. 357. 362. 358. 356.
  309. 313. 315. 311. 309. 312. 312. 315. 315. 314. 315. 315.]]
##############################
[[ 54.  94. 128. 150. 167. 169. 181. 193. 196. 203. 204. 200. 211. 211.
  216. 213. 213. 218. 208. 225. 216. 215. 215. 219. 218. 221. 217. 217.
  221. 198. 194. 200. 199. 197. 197. 201. 198. 198. 202. 203.]
 [336. 381. 391. 396. 398. 398. 398. 398. 398. 399. 398. 398. 399. 399.
  399. 399. 399. 399. 399. 399. 400. 400. 400. 400. 400. 399. 399. 399.
  399. 349. 349. 350. 349. 349. 349. 349. 349. 349. 350. 350.]
 [106. 199. 228. 269. 291. 305. 320. 327. 330. 335. 337. 347. 347. 357.
  352. 349. 352. 358. 353. 358. 359. 360. 360. 362. 362. 361. 363. 368.
  367. 320. 321. 321. 317. 319. 319. 321. 322. 320. 320. 324.]
 [134. 225. 271. 276. 293. 304. 319. 322. 325. 334. 334. 337. 342. 336.
  344. 341. 347. 347. 353. 349. 351. 355. 351. 355. 357. 362. 358. 356.
  354. 313. 315. 311. 309. 312. 312. 315. 315. 314. 315. 315.]]
##############################
[[ 54.  94. 128. 150. 167. 169. 181. 193. 196. 203. 204. 200. 211. 211.
  216. 213. 213. 218. 208. 225. 216. 215. 215. 219. 218. 221. 217. 217.
  221. 226. 194. 200. 199. 197. 197. 201. 198. 198. 202. 203.]
 [336. 381. 391. 396. 398. 398. 398. 398. 398. 399. 398. 398. 399. 399.
  399. 399. 399. 399. 399. 399. 400. 400. 400. 400. 400. 399. 399. 399.
  399. 399. 349. 350. 349. 349. 349. 349. 349. 349. 350. 350.]
 [106. 199. 228. 269. 291. 305. 320. 327. 330. 335. 337. 347. 347. 357.
  352. 349. 352. 358. 353. 358. 359. 360. 360. 362. 362. 361. 363. 368.
  367. 365. 321. 321. 317. 319. 319. 321. 322. 320. 320. 324.]
 [134. 225. 271. 276. 293. 304. 319. 322. 325. 334. 334. 337. 342. 336.
  344. 341. 347. 347. 353. 349. 351. 355. 351. 355. 357. 362. 358. 356.
  354. 358. 315. 311. 309. 312. 312. 315. 315. 314. 315. 315.]]
##############################
[[ 54.  94. 128. 150. 167. 169. 181. 193. 196. 203. 204. 200. 211. 211.
  216. 213. 213. 218. 208. 225. 216. 215. 215. 219. 218. 221. 217. 217.
  221. 226. 223. 200. 199. 197. 197. 201. 198. 198. 202. 203.]
 [336. 381. 391. 396. 398. 398. 398. 398. 398. 399. 398. 398. 399. 399.
  399. 399. 399. 399. 399. 399. 400. 400. 400. 400. 400. 399. 399. 399.
  399. 399. 399. 350. 349. 349. 349. 349. 349. 349. 350. 350.]
 [106. 199. 228. 269. 291. 305. 320. 327. 330. 335. 337. 347. 347. 357.
  352. 349. 352. 358. 353. 358. 359. 360. 360. 362. 362. 361. 363. 368.
  367. 365. 367. 321. 317. 319. 319. 321. 322. 320. 320. 324.]
 [134. 225. 271. 276. 293. 304. 319. 322. 325. 334. 334. 337. 342. 336.
  344. 341. 347. 347. 353. 349. 351. 355. 351. 355. 357. 362. 358. 356.
  354. 358. 360. 311. 309. 312. 312. 315. 315. 314. 315. 315.]]
##############################
[[ 54.  94. 128. 150. 167. 169. 181. 193. 196. 203. 204. 200. 211. 211.
  216. 213. 213. 218. 208. 225. 216. 215. 215. 219. 218. 221. 217. 217.
  221. 226. 223. 230. 199. 197. 197. 201. 198. 198. 202. 203.]
 [336. 381. 391. 396. 398. 398. 398. 398. 398. 399. 398. 398. 399. 399.
  399. 399. 399. 399. 399. 399. 400. 400. 400. 400. 400. 399. 399. 399.
  399. 399. 399. 400. 349. 349. 349. 349. 349. 349. 350. 350.]
 [106. 199. 228. 269. 291. 305. 320. 327. 330. 335. 337. 347. 347. 357.
  352. 349. 352. 358. 353. 358. 359. 360. 360. 362. 362. 361. 363. 368.
  367. 365. 367. 367. 317. 319. 319. 321. 322. 320. 320. 324.]
 [134. 225. 271. 276. 293. 304. 319. 322. 325. 334. 334. 337. 342. 336.
  344. 341. 347. 347. 353. 349. 351. 355. 351. 355. 357. 362. 358. 356.
  354. 358. 360. 357. 309. 312. 312. 315. 315. 314. 315. 315.]]
##############################
[[ 54.  94. 128. 150. 167. 169. 181. 193. 196. 203. 204. 200. 211. 211.
  216. 213. 213. 218. 208. 225. 216. 215. 215. 219. 218. 221. 217. 217.
  221. 226. 223. 230. 225. 197. 197. 201. 198. 198. 202. 203.]
 [336. 381. 391. 396. 398. 398. 398. 398. 398. 399. 398. 398. 399. 399.
  399. 399. 399. 399. 399. 399. 400. 400. 400. 400. 400. 399. 399. 399.
  399. 399. 399. 400. 399. 349. 349. 349. 349. 349. 350. 350.]
 [106. 199. 228. 269. 291. 305. 320. 327. 330. 335. 337. 347. 347. 357.
  352. 349. 352. 358. 353. 358. 359. 360. 360. 362. 362. 361. 363. 368.
  367. 365. 367. 367. 362. 319. 319. 321. 322. 320. 320. 324.]
 [134. 225. 271. 276. 293. 304. 319. 322. 325. 334. 334. 337. 342. 336.
  344. 341. 347. 347. 353. 349. 351. 355. 351. 355. 357. 362. 358. 356.
  354. 358. 360. 357. 355. 312. 312. 315. 315. 314. 315. 315.]]
##############################
[[ 54.  94. 128. 150. 167. 169. 181. 193. 196. 203. 204. 200. 211. 211.
  216. 213. 213. 218. 208. 225. 216. 215. 215. 219. 218. 221. 217. 217.
  221. 226. 223. 230. 225. 226. 197. 201. 198. 198. 202. 203.]
 [336. 381. 391. 396. 398. 398. 398. 398. 398. 399. 398. 398. 399. 399.
  399. 399. 399. 399. 399. 399. 400. 400. 400. 400. 400. 399. 399. 399.
  399. 399. 399. 400. 399. 399. 349. 349. 349. 349. 350. 350.]
 [106. 199. 228. 269. 291. 305. 320. 327. 330. 335. 337. 347. 347. 357.
  352. 349. 352. 358. 353. 358. 359. 360. 360. 362. 362. 361. 363. 368.
  367. 365. 367. 367. 362. 364. 319. 321. 322. 320. 320. 324.]
 [134. 225. 271. 276. 293. 304. 319. 322. 325. 334. 334. 337. 342. 336.
  344. 341. 347. 347. 353. 349. 351. 355. 351. 355. 357. 362. 358. 356.
  354. 358. 360. 357. 355. 359. 312. 315. 315. 314. 315. 315.]]
##############################
[[ 54.  94. 128. 150. 167. 169. 181. 193. 196. 203. 204. 200. 211. 211.
  216. 213. 213. 218. 208. 225. 216. 215. 215. 219. 218. 221. 217. 217.
  221. 226. 223. 230. 225. 226. 225. 201. 198. 198. 202. 203.]
 [336. 381. 391. 396. 398. 398. 398. 398. 398. 399. 398. 398. 399. 399.
  399. 399. 399. 399. 399. 399. 400. 400. 400. 400. 400. 399. 399. 399.
  399. 399. 399. 400. 399. 399. 399. 349. 349. 349. 350. 350.]
 [106. 199. 228. 269. 291. 305. 320. 327. 330. 335. 337. 347. 347. 357.
  352. 349. 352. 358. 353. 358. 359. 360. 360. 362. 362. 361. 363. 368.
  367. 365. 367. 367. 362. 364. 365. 321. 322. 320. 320. 324.]
 [134. 225. 271. 276. 293. 304. 319. 322. 325. 334. 334. 337. 342. 336.
  344. 341. 347. 347. 353. 349. 351. 355. 351. 355. 357. 362. 358. 356.
  354. 358. 360. 357. 355. 359. 358. 315. 315. 314. 315. 315.]]
##############################
[[ 54.  94. 128. 150. 167. 169. 181. 193. 196. 203. 204. 200. 211. 211.
  216. 213. 213. 218. 208. 225. 216. 215. 215. 219. 218. 221. 217. 217.
  221. 226. 223. 230. 225. 226. 225. 229. 198. 198. 202. 203.]
 [336. 381. 391. 396. 398. 398. 398. 398. 398. 399. 398. 398. 399. 399.
  399. 399. 399. 399. 399. 399. 400. 400. 400. 400. 400. 399. 399. 399.
  399. 399. 399. 400. 399. 399. 399. 399. 349. 349. 350. 350.]
 [106. 199. 228. 269. 291. 305. 320. 327. 330. 335. 337. 347. 347. 357.
  352. 349. 352. 358. 353. 358. 359. 360. 360. 362. 362. 361. 363. 368.
  367. 365. 367. 367. 362. 364. 365. 366. 322. 320. 320. 324.]
 [134. 225. 271. 276. 293. 304. 319. 322. 325. 334. 334. 337. 342. 336.
  344. 341. 347. 347. 353. 349. 351. 355. 351. 355. 357. 362. 358. 356.
  354. 358. 360. 357. 355. 359. 358. 361. 315. 314. 315. 315.]]
##############################
[[ 54.  94. 128. 150. 167. 169. 181. 193. 196. 203. 204. 200. 211. 211.
  216. 213. 213. 218. 208. 225. 216. 215. 215. 219. 218. 221. 217. 217.
  221. 226. 223. 230. 225. 226. 225. 229. 227. 198. 202. 203.]
 [336. 381. 391. 396. 398. 398. 398. 398. 398. 399. 398. 398. 399. 399.
  399. 399. 399. 399. 399. 399. 400. 400. 400. 400. 400. 399. 399. 399.
  399. 399. 399. 400. 399. 399. 399. 399. 399. 349. 350. 350.]
 [106. 199. 228. 269. 291. 305. 320. 327. 330. 335. 337. 347. 347. 357.
  352. 349. 352. 358. 353. 358. 359. 360. 360. 362. 362. 361. 363. 368.
  367. 365. 367. 367. 362. 364. 365. 366. 367. 320. 320. 324.]
 [134. 225. 271. 276. 293. 304. 319. 322. 325. 334. 334. 337. 342. 336.
  344. 341. 347. 347. 353. 349. 351. 355. 351. 355. 357. 362. 358. 356.
  354. 358. 360. 357. 355. 359. 358. 361. 362. 314. 315. 315.]]
##############################
[[ 54.  94. 128. 150. 167. 169. 181. 193. 196. 203. 204. 200. 211. 211.
  216. 213. 213. 218. 208. 225. 216. 215. 215. 219. 218. 221. 217. 217.
  221. 226. 223. 230. 225. 226. 225. 229. 227. 228. 202. 203.]
 [336. 381. 391. 396. 398. 398. 398. 398. 398. 399. 398. 398. 399. 399.
  399. 399. 399. 399. 399. 399. 400. 400. 400. 400. 400. 399. 399. 399.
  399. 399. 399. 400. 399. 399. 399. 399. 399. 399. 350. 350.]
 [106. 199. 228. 269. 291. 305. 320. 327. 330. 335. 337. 347. 347. 357.
  352. 349. 352. 358. 353. 358. 359. 360. 360. 362. 362. 361. 363. 368.
  367. 365. 367. 367. 362. 364. 365. 366. 367. 365. 320. 324.]
 [134. 225. 271. 276. 293. 304. 319. 322. 325. 334. 334. 337. 342. 336.
  344. 341. 347. 347. 353. 349. 351. 355. 351. 355. 357. 362. 358. 356.
  354. 358. 360. 357. 355. 359. 358. 361. 362. 360. 315. 315.]]
##############################
[[ 54.  94. 128. 150. 167. 169. 181. 193. 196. 203. 204. 200. 211. 211.
  216. 213. 213. 218. 208. 225. 216. 215. 215. 219. 218. 221. 217. 217.
  221. 226. 223. 230. 225. 226. 225. 229. 227. 228. 228. 203.]
 [336. 381. 391. 396. 398. 398. 398. 398. 398. 399. 398. 398. 399. 399.
  399. 399. 399. 399. 399. 399. 400. 400. 400. 400. 400. 399. 399. 399.
  399. 399. 399. 400. 399. 399. 399. 399. 399. 399. 400. 350.]
 [106. 199. 228. 269. 291. 305. 320. 327. 330. 335. 337. 347. 347. 357.
  352. 349. 352. 358. 353. 358. 359. 360. 360. 362. 362. 361. 363. 368.
  367. 365. 367. 367. 362. 364. 365. 366. 367. 365. 366. 324.]
 [134. 225. 271. 276. 293. 304. 319. 322. 325. 334. 334. 337. 342. 336.
  344. 341. 347. 347. 353. 349. 351. 355. 351. 355. 357. 362. 358. 356.
  354. 358. 360. 357. 355. 359. 358. 361. 362. 360. 361. 315.]]
##############################
[[ 54.  94. 128. 150. 167. 169. 181. 193. 196. 203. 204. 200. 211. 211.
  216. 213. 213. 218. 208. 225. 216. 215. 215. 219. 218. 221. 217. 217.
  221. 226. 223. 230. 225. 226. 225. 229. 227. 228. 228. 229.]
 [336. 381. 391. 396. 398. 398. 398. 398. 398. 399. 398. 398. 399. 399.
  399. 399. 399. 399. 399. 399. 400. 400. 400. 400. 400. 399. 399. 399.
  399. 399. 399. 400. 399. 399. 399. 399. 399. 399. 400. 400.]
 [106. 199. 228. 269. 291. 305. 320. 327. 330. 335. 337. 347. 347. 357.
  352. 349. 352. 358. 353. 358. 359. 360. 360. 362. 362. 361. 363. 368.
  367. 365. 367. 367. 362. 364. 365. 366. 367. 365. 366. 368.]
 [134. 225. 271. 276. 293. 304. 319. 322. 325. 334. 334. 337. 342. 336.
  344. 341. 347. 347. 353. 349. 351. 355. 351. 355. 357. 362. 358. 356.
  354. 358. 360. 357. 355. 359. 358. 361. 362. 360. 361. 363.]]
##############################
##################################################
##################################################
starting :9 batch
[[ 60.  94. 128. 150. 167. 169. 181. 193. 196. 203. 204. 200. 211. 211.
  216. 213. 213. 218. 208. 225. 216. 215. 215. 219. 218. 221. 217. 217.
  221. 226. 223. 230. 225. 226. 225. 229. 227. 228. 228. 229.]
 [376. 381. 391. 396. 398. 398. 398. 398. 398. 399. 398. 398. 399. 399.
  399. 399. 399. 399. 399. 399. 400. 400. 400. 400. 400. 399. 399. 399.
  399. 399. 399. 400. 399. 399. 399. 399. 399. 399. 400. 400.]
 [113. 199. 228. 269. 291. 305. 320. 327. 330. 335. 337. 347. 347. 357.
  352. 349. 352. 358. 353. 358. 359. 360. 360. 362. 362. 361. 363. 368.
  367. 365. 367. 367. 362. 364. 365. 366. 367. 365. 366. 368.]
 [150. 225. 271. 276. 293. 304. 319. 322. 325. 334. 334. 337. 342. 336.
  344. 341. 347. 347. 353. 349. 351. 355. 351. 355. 357. 362. 358. 356.
  354. 358. 360. 357. 355. 359. 358. 361. 362. 360. 361. 363.]]
##############################
[[ 60. 107. 128. 150. 167. 169. 181. 193. 196. 203. 204. 200. 211. 211.
  216. 213. 213. 218. 208. 225. 216. 215. 215. 219. 218. 221. 217. 217.
  221. 226. 223. 230. 225. 226. 225. 229. 227. 228. 228. 229.]
 [376. 431. 391. 396. 398. 398. 398. 398. 398. 399. 398. 398. 399. 399.
  399. 399. 399. 399. 399. 399. 400. 400. 400. 400. 400. 399. 399. 399.
  399. 399. 399. 400. 399. 399. 399. 399. 399. 399. 400. 400.]
 [113. 217. 228. 269. 291. 305. 320. 327. 330. 335. 337. 347. 347. 357.
  352. 349. 352. 358. 353. 358. 359. 360. 360. 362. 362. 361. 363. 368.
  367. 365. 367. 367. 362. 364. 365. 366. 367. 365. 366. 368.]
 [150. 253. 271. 276. 293. 304. 319. 322. 325. 334. 334. 337. 342. 336.
  344. 341. 347. 347. 353. 349. 351. 355. 351. 355. 357. 362. 358. 356.
  354. 358. 360. 357. 355. 359. 358. 361. 362. 360. 361. 363.]]
##############################
[[ 60. 107. 143. 150. 167. 169. 181. 193. 196. 203. 204. 200. 211. 211.
  216. 213. 213. 218. 208. 225. 216. 215. 215. 219. 218. 221. 217. 217.
  221. 226. 223. 230. 225. 226. 225. 229. 227. 228. 228. 229.]
 [376. 431. 441. 396. 398. 398. 398. 398. 398. 399. 398. 398. 399. 399.
  399. 399. 399. 399. 399. 399. 400. 400. 400. 400. 400. 399. 399. 399.
  399. 399. 399. 400. 399. 399. 399. 399. 399. 399. 400. 400.]
 [113. 217. 257. 269. 291. 305. 320. 327. 330. 335. 337. 347. 347. 357.
  352. 349. 352. 358. 353. 358. 359. 360. 360. 362. 362. 361. 363. 368.
  367. 365. 367. 367. 362. 364. 365. 366. 367. 365. 366. 368.]
 [150. 253. 306. 276. 293. 304. 319. 322. 325. 334. 334. 337. 342. 336.
  344. 341. 347. 347. 353. 349. 351. 355. 351. 355. 357. 362. 358. 356.
  354. 358. 360. 357. 355. 359. 358. 361. 362. 360. 361. 363.]]
##############################
[[ 60. 107. 143. 170. 167. 169. 181. 193. 196. 203. 204. 200. 211. 211.
  216. 213. 213. 218. 208. 225. 216. 215. 215. 219. 218. 221. 217. 217.
  221. 226. 223. 230. 225. 226. 225. 229. 227. 228. 228. 229.]
 [376. 431. 441. 446. 398. 398. 398. 398. 398. 399. 398. 398. 399. 399.
  399. 399. 399. 399. 399. 399. 400. 400. 400. 400. 400. 399. 399. 399.
  399. 399. 399. 400. 399. 399. 399. 399. 399. 399. 400. 400.]
 [113. 217. 257. 303. 291. 305. 320. 327. 330. 335. 337. 347. 347. 357.
  352. 349. 352. 358. 353. 358. 359. 360. 360. 362. 362. 361. 363. 368.
  367. 365. 367. 367. 362. 364. 365. 366. 367. 365. 366. 368.]
 [150. 253. 306. 313. 293. 304. 319. 322. 325. 334. 334. 337. 342. 336.
  344. 341. 347. 347. 353. 349. 351. 355. 351. 355. 357. 362. 358. 356.
  354. 358. 360. 357. 355. 359. 358. 361. 362. 360. 361. 363.]]
##############################
[[ 60. 107. 143. 170. 190. 169. 181. 193. 196. 203. 204. 200. 211. 211.
  216. 213. 213. 218. 208. 225. 216. 215. 215. 219. 218. 221. 217. 217.
  221. 226. 223. 230. 225. 226. 225. 229. 227. 228. 228. 229.]
 [376. 431. 441. 446. 448. 398. 398. 398. 398. 399. 398. 398. 399. 399.
  399. 399. 399. 399. 399. 399. 400. 400. 400. 400. 400. 399. 399. 399.
  399. 399. 399. 400. 399. 399. 399. 399. 399. 399. 400. 400.]
 [113. 217. 257. 303. 328. 305. 320. 327. 330. 335. 337. 347. 347. 357.
  352. 349. 352. 358. 353. 358. 359. 360. 360. 362. 362. 361. 363. 368.
  367. 365. 367. 367. 362. 364. 365. 366. 367. 365. 366. 368.]
 [150. 253. 306. 313. 332. 304. 319. 322. 325. 334. 334. 337. 342. 336.
  344. 341. 347. 347. 353. 349. 351. 355. 351. 355. 357. 362. 358. 356.
  354. 358. 360. 357. 355. 359. 358. 361. 362. 360. 361. 363.]]
##############################
[[ 60. 107. 143. 170. 190. 193. 181. 193. 196. 203. 204. 200. 211. 211.
  216. 213. 213. 218. 208. 225. 216. 215. 215. 219. 218. 221. 217. 217.
  221. 226. 223. 230. 225. 226. 225. 229. 227. 228. 228. 229.]
 [376. 431. 441. 446. 448. 448. 398. 398. 398. 399. 398. 398. 399. 399.
  399. 399. 399. 399. 399. 399. 400. 400. 400. 400. 400. 399. 399. 399.
  399. 399. 399. 400. 399. 399. 399. 399. 399. 399. 400. 400.]
 [113. 217. 257. 303. 328. 345. 320. 327. 330. 335. 337. 347. 347. 357.
  352. 349. 352. 358. 353. 358. 359. 360. 360. 362. 362. 361. 363. 368.
  367. 365. 367. 367. 362. 364. 365. 366. 367. 365. 366. 368.]
 [150. 253. 306. 313. 332. 343. 319. 322. 325. 334. 334. 337. 342. 336.
  344. 341. 347. 347. 353. 349. 351. 355. 351. 355. 357. 362. 358. 356.
  354. 358. 360. 357. 355. 359. 358. 361. 362. 360. 361. 363.]]
##############################
[[ 60. 107. 143. 170. 190. 193. 203. 193. 196. 203. 204. 200. 211. 211.
  216. 213. 213. 218. 208. 225. 216. 215. 215. 219. 218. 221. 217. 217.
  221. 226. 223. 230. 225. 226. 225. 229. 227. 228. 228. 229.]
 [376. 431. 441. 446. 448. 448. 448. 398. 398. 399. 398. 398. 399. 399.
  399. 399. 399. 399. 399. 399. 400. 400. 400. 400. 400. 399. 399. 399.
  399. 399. 399. 400. 399. 399. 399. 399. 399. 399. 400. 400.]
 [113. 217. 257. 303. 328. 345. 362. 327. 330. 335. 337. 347. 347. 357.
  352. 349. 352. 358. 353. 358. 359. 360. 360. 362. 362. 361. 363. 368.
  367. 365. 367. 367. 362. 364. 365. 366. 367. 365. 366. 368.]
 [150. 253. 306. 313. 332. 343. 359. 322. 325. 334. 334. 337. 342. 336.
  344. 341. 347. 347. 353. 349. 351. 355. 351. 355. 357. 362. 358. 356.
  354. 358. 360. 357. 355. 359. 358. 361. 362. 360. 361. 363.]]
##############################
[[ 60. 107. 143. 170. 190. 193. 203. 219. 196. 203. 204. 200. 211. 211.
  216. 213. 213. 218. 208. 225. 216. 215. 215. 219. 218. 221. 217. 217.
  221. 226. 223. 230. 225. 226. 225. 229. 227. 228. 228. 229.]
 [376. 431. 441. 446. 448. 448. 448. 448. 398. 399. 398. 398. 399. 399.
  399. 399. 399. 399. 399. 399. 400. 400. 400. 400. 400. 399. 399. 399.
  399. 399. 399. 400. 399. 399. 399. 399. 399. 399. 400. 400.]
 [113. 217. 257. 303. 328. 345. 362. 368. 330. 335. 337. 347. 347. 357.
  352. 349. 352. 358. 353. 358. 359. 360. 360. 362. 362. 361. 363. 368.
  367. 365. 367. 367. 362. 364. 365. 366. 367. 365. 366. 368.]
 [150. 253. 306. 313. 332. 343. 359. 361. 325. 334. 334. 337. 342. 336.
  344. 341. 347. 347. 353. 349. 351. 355. 351. 355. 357. 362. 358. 356.
  354. 358. 360. 357. 355. 359. 358. 361. 362. 360. 361. 363.]]
##############################
[[ 60. 107. 143. 170. 190. 193. 203. 219. 222. 203. 204. 200. 211. 211.
  216. 213. 213. 218. 208. 225. 216. 215. 215. 219. 218. 221. 217. 217.
  221. 226. 223. 230. 225. 226. 225. 229. 227. 228. 228. 229.]
 [376. 431. 441. 446. 448. 448. 448. 448. 448. 399. 398. 398. 399. 399.
  399. 399. 399. 399. 399. 399. 400. 400. 400. 400. 400. 399. 399. 399.
  399. 399. 399. 400. 399. 399. 399. 399. 399. 399. 400. 400.]
 [113. 217. 257. 303. 328. 345. 362. 368. 371. 335. 337. 347. 347. 357.
  352. 349. 352. 358. 353. 358. 359. 360. 360. 362. 362. 361. 363. 368.
  367. 365. 367. 367. 362. 364. 365. 366. 367. 365. 366. 368.]
 [150. 253. 306. 313. 332. 343. 359. 361. 367. 334. 334. 337. 342. 336.
  344. 341. 347. 347. 353. 349. 351. 355. 351. 355. 357. 362. 358. 356.
  354. 358. 360. 357. 355. 359. 358. 361. 362. 360. 361. 363.]]
##############################
[[ 60. 107. 143. 170. 190. 193. 203. 219. 222. 231. 204. 200. 211. 211.
  216. 213. 213. 218. 208. 225. 216. 215. 215. 219. 218. 221. 217. 217.
  221. 226. 223. 230. 225. 226. 225. 229. 227. 228. 228. 229.]
 [376. 431. 441. 446. 448. 448. 448. 448. 448. 449. 398. 398. 399. 399.
  399. 399. 399. 399. 399. 399. 400. 400. 400. 400. 400. 399. 399. 399.
  399. 399. 399. 400. 399. 399. 399. 399. 399. 399. 400. 400.]
 [113. 217. 257. 303. 328. 345. 362. 368. 371. 377. 337. 347. 347. 357.
  352. 349. 352. 358. 353. 358. 359. 360. 360. 362. 362. 361. 363. 368.
  367. 365. 367. 367. 362. 364. 365. 366. 367. 365. 366. 368.]
 [150. 253. 306. 313. 332. 343. 359. 361. 367. 377. 334. 337. 342. 336.
  344. 341. 347. 347. 353. 349. 351. 355. 351. 355. 357. 362. 358. 356.
  354. 358. 360. 357. 355. 359. 358. 361. 362. 360. 361. 363.]]
##############################
[[ 60. 107. 143. 170. 190. 193. 203. 219. 222. 231. 232. 200. 211. 211.
  216. 213. 213. 218. 208. 225. 216. 215. 215. 219. 218. 221. 217. 217.
  221. 226. 223. 230. 225. 226. 225. 229. 227. 228. 228. 229.]
 [376. 431. 441. 446. 448. 448. 448. 448. 448. 449. 448. 398. 399. 399.
  399. 399. 399. 399. 399. 399. 400. 400. 400. 400. 400. 399. 399. 399.
  399. 399. 399. 400. 399. 399. 399. 399. 399. 399. 400. 400.]
 [113. 217. 257. 303. 328. 345. 362. 368. 371. 377. 378. 347. 347. 357.
  352. 349. 352. 358. 353. 358. 359. 360. 360. 362. 362. 361. 363. 368.
  367. 365. 367. 367. 362. 364. 365. 366. 367. 365. 366. 368.]
 [150. 253. 306. 313. 332. 343. 359. 361. 367. 377. 377. 337. 342. 336.
  344. 341. 347. 347. 353. 349. 351. 355. 351. 355. 357. 362. 358. 356.
  354. 358. 360. 357. 355. 359. 358. 361. 362. 360. 361. 363.]]
##############################
[[ 60. 107. 143. 170. 190. 193. 203. 219. 222. 231. 232. 226. 211. 211.
  216. 213. 213. 218. 208. 225. 216. 215. 215. 219. 218. 221. 217. 217.
  221. 226. 223. 230. 225. 226. 225. 229. 227. 228. 228. 229.]
 [376. 431. 441. 446. 448. 448. 448. 448. 448. 449. 448. 448. 399. 399.
  399. 399. 399. 399. 399. 399. 400. 400. 400. 400. 400. 399. 399. 399.
  399. 399. 399. 400. 399. 399. 399. 399. 399. 399. 400. 400.]
 [113. 217. 257. 303. 328. 345. 362. 368. 371. 377. 378. 388. 347. 357.
  352. 349. 352. 358. 353. 358. 359. 360. 360. 362. 362. 361. 363. 368.
  367. 365. 367. 367. 362. 364. 365. 366. 367. 365. 366. 368.]
 [150. 253. 306. 313. 332. 343. 359. 361. 367. 377. 377. 379. 342. 336.
  344. 341. 347. 347. 353. 349. 351. 355. 351. 355. 357. 362. 358. 356.
  354. 358. 360. 357. 355. 359. 358. 361. 362. 360. 361. 363.]]
##############################
[[ 60. 107. 143. 170. 190. 193. 203. 219. 222. 231. 232. 226. 235. 211.
  216. 213. 213. 218. 208. 225. 216. 215. 215. 219. 218. 221. 217. 217.
  221. 226. 223. 230. 225. 226. 225. 229. 227. 228. 228. 229.]
 [376. 431. 441. 446. 448. 448. 448. 448. 448. 449. 448. 448. 449. 399.
  399. 399. 399. 399. 399. 399. 400. 400. 400. 400. 400. 399. 399. 399.
  399. 399. 399. 400. 399. 399. 399. 399. 399. 399. 400. 400.]
 [113. 217. 257. 303. 328. 345. 362. 368. 371. 377. 378. 388. 388. 357.
  352. 349. 352. 358. 353. 358. 359. 360. 360. 362. 362. 361. 363. 368.
  367. 365. 367. 367. 362. 364. 365. 366. 367. 365. 366. 368.]
 [150. 253. 306. 313. 332. 343. 359. 361. 367. 377. 377. 379. 384. 336.
  344. 341. 347. 347. 353. 349. 351. 355. 351. 355. 357. 362. 358. 356.
  354. 358. 360. 357. 355. 359. 358. 361. 362. 360. 361. 363.]]
##############################
[[ 60. 107. 143. 170. 190. 193. 203. 219. 222. 231. 232. 226. 235. 240.
  216. 213. 213. 218. 208. 225. 216. 215. 215. 219. 218. 221. 217. 217.
  221. 226. 223. 230. 225. 226. 225. 229. 227. 228. 228. 229.]
 [376. 431. 441. 446. 448. 448. 448. 448. 448. 449. 448. 448. 449. 449.
  399. 399. 399. 399. 399. 399. 400. 400. 400. 400. 400. 399. 399. 399.
  399. 399. 399. 400. 399. 399. 399. 399. 399. 399. 400. 400.]
 [113. 217. 257. 303. 328. 345. 362. 368. 371. 377. 378. 388. 388. 398.
  352. 349. 352. 358. 353. 358. 359. 360. 360. 362. 362. 361. 363. 368.
  367. 365. 367. 367. 362. 364. 365. 366. 367. 365. 366. 368.]
 [150. 253. 306. 313. 332. 343. 359. 361. 367. 377. 377. 379. 384. 379.
  344. 341. 347. 347. 353. 349. 351. 355. 351. 355. 357. 362. 358. 356.
  354. 358. 360. 357. 355. 359. 358. 361. 362. 360. 361. 363.]]
##############################
[[ 60. 107. 143. 170. 190. 193. 203. 219. 222. 231. 232. 226. 235. 240.
  244. 213. 213. 218. 208. 225. 216. 215. 215. 219. 218. 221. 217. 217.
  221. 226. 223. 230. 225. 226. 225. 229. 227. 228. 228. 229.]
 [376. 431. 441. 446. 448. 448. 448. 448. 448. 449. 448. 448. 449. 449.
  449. 399. 399. 399. 399. 399. 400. 400. 400. 400. 400. 399. 399. 399.
  399. 399. 399. 400. 399. 399. 399. 399. 399. 399. 400. 400.]
 [113. 217. 257. 303. 328. 345. 362. 368. 371. 377. 378. 388. 388. 398.
  393. 349. 352. 358. 353. 358. 359. 360. 360. 362. 362. 361. 363. 368.
  367. 365. 367. 367. 362. 364. 365. 366. 367. 365. 366. 368.]
 [150. 253. 306. 313. 332. 343. 359. 361. 367. 377. 377. 379. 384. 379.
  387. 341. 347. 347. 353. 349. 351. 355. 351. 355. 357. 362. 358. 356.
  354. 358. 360. 357. 355. 359. 358. 361. 362. 360. 361. 363.]]
##############################
[[ 60. 107. 143. 170. 190. 193. 203. 219. 222. 231. 232. 226. 235. 240.
  244. 239. 213. 218. 208. 225. 216. 215. 215. 219. 218. 221. 217. 217.
  221. 226. 223. 230. 225. 226. 225. 229. 227. 228. 228. 229.]
 [376. 431. 441. 446. 448. 448. 448. 448. 448. 449. 448. 448. 449. 449.
  449. 449. 399. 399. 399. 399. 400. 400. 400. 400. 400. 399. 399. 399.
  399. 399. 399. 400. 399. 399. 399. 399. 399. 399. 400. 400.]
 [113. 217. 257. 303. 328. 345. 362. 368. 371. 377. 378. 388. 388. 398.
  393. 390. 352. 358. 353. 358. 359. 360. 360. 362. 362. 361. 363. 368.
  367. 365. 367. 367. 362. 364. 365. 366. 367. 365. 366. 368.]
 [150. 253. 306. 313. 332. 343. 359. 361. 367. 377. 377. 379. 384. 379.
  387. 384. 347. 347. 353. 349. 351. 355. 351. 355. 357. 362. 358. 356.
  354. 358. 360. 357. 355. 359. 358. 361. 362. 360. 361. 363.]]
##############################
[[ 60. 107. 143. 170. 190. 193. 203. 219. 222. 231. 232. 226. 235. 240.
  244. 239. 240. 218. 208. 225. 216. 215. 215. 219. 218. 221. 217. 217.
  221. 226. 223. 230. 225. 226. 225. 229. 227. 228. 228. 229.]
 [376. 431. 441. 446. 448. 448. 448. 448. 448. 449. 448. 448. 449. 449.
  449. 449. 449. 399. 399. 399. 400. 400. 400. 400. 400. 399. 399. 399.
  399. 399. 399. 400. 399. 399. 399. 399. 399. 399. 400. 400.]
 [113. 217. 257. 303. 328. 345. 362. 368. 371. 377. 378. 388. 388. 398.
  393. 390. 394. 358. 353. 358. 359. 360. 360. 362. 362. 361. 363. 368.
  367. 365. 367. 367. 362. 364. 365. 366. 367. 365. 366. 368.]
 [150. 253. 306. 313. 332. 343. 359. 361. 367. 377. 377. 379. 384. 379.
  387. 384. 390. 347. 353. 349. 351. 355. 351. 355. 357. 362. 358. 356.
  354. 358. 360. 357. 355. 359. 358. 361. 362. 360. 361. 363.]]
##############################
[[ 60. 107. 143. 170. 190. 193. 203. 219. 222. 231. 232. 226. 235. 240.
  244. 239. 240. 243. 208. 225. 216. 215. 215. 219. 218. 221. 217. 217.
  221. 226. 223. 230. 225. 226. 225. 229. 227. 228. 228. 229.]
 [376. 431. 441. 446. 448. 448. 448. 448. 448. 449. 448. 448. 449. 449.
  449. 449. 449. 449. 399. 399. 400. 400. 400. 400. 400. 399. 399. 399.
  399. 399. 399. 400. 399. 399. 399. 399. 399. 399. 400. 400.]
 [113. 217. 257. 303. 328. 345. 362. 368. 371. 377. 378. 388. 388. 398.
  393. 390. 394. 399. 353. 358. 359. 360. 360. 362. 362. 361. 363. 368.
  367. 365. 367. 367. 362. 364. 365. 366. 367. 365. 366. 368.]
 [150. 253. 306. 313. 332. 343. 359. 361. 367. 377. 377. 379. 384. 379.
  387. 384. 390. 390. 353. 349. 351. 355. 351. 355. 357. 362. 358. 356.
  354. 358. 360. 357. 355. 359. 358. 361. 362. 360. 361. 363.]]
##############################
[[ 60. 107. 143. 170. 190. 193. 203. 219. 222. 231. 232. 226. 235. 240.
  244. 239. 240. 243. 233. 225. 216. 215. 215. 219. 218. 221. 217. 217.
  221. 226. 223. 230. 225. 226. 225. 229. 227. 228. 228. 229.]
 [376. 431. 441. 446. 448. 448. 448. 448. 448. 449. 448. 448. 449. 449.
  449. 449. 449. 449. 449. 399. 400. 400. 400. 400. 400. 399. 399. 399.
  399. 399. 399. 400. 399. 399. 399. 399. 399. 399. 400. 400.]
 [113. 217. 257. 303. 328. 345. 362. 368. 371. 377. 378. 388. 388. 398.
  393. 390. 394. 399. 396. 358. 359. 360. 360. 362. 362. 361. 363. 368.
  367. 365. 367. 367. 362. 364. 365. 366. 367. 365. 366. 368.]
 [150. 253. 306. 313. 332. 343. 359. 361. 367. 377. 377. 379. 384. 379.
  387. 384. 390. 390. 396. 349. 351. 355. 351. 355. 357. 362. 358. 356.
  354. 358. 360. 357. 355. 359. 358. 361. 362. 360. 361. 363.]]
##############################
[[ 60. 107. 143. 170. 190. 193. 203. 219. 222. 231. 232. 226. 235. 240.
  244. 239. 240. 243. 233. 253. 216. 215. 215. 219. 218. 221. 217. 217.
  221. 226. 223. 230. 225. 226. 225. 229. 227. 228. 228. 229.]
 [376. 431. 441. 446. 448. 448. 448. 448. 448. 449. 448. 448. 449. 449.
  449. 449. 449. 449. 449. 449. 400. 400. 400. 400. 400. 399. 399. 399.
  399. 399. 399. 400. 399. 399. 399. 399. 399. 399. 400. 400.]
 [113. 217. 257. 303. 328. 345. 362. 368. 371. 377. 378. 388. 388. 398.
  393. 390. 394. 399. 396. 400. 359. 360. 360. 362. 362. 361. 363. 368.
  367. 365. 367. 367. 362. 364. 365. 366. 367. 365. 366. 368.]
 [150. 253. 306. 313. 332. 343. 359. 361. 367. 377. 377. 379. 384. 379.
  387. 384. 390. 390. 396. 394. 351. 355. 351. 355. 357. 362. 358. 356.
  354. 358. 360. 357. 355. 359. 358. 361. 362. 360. 361. 363.]]
##############################
[[ 60. 107. 143. 170. 190. 193. 203. 219. 222. 231. 232. 226. 235. 240.
  244. 239. 240. 243. 233. 253. 240. 215. 215. 219. 218. 221. 217. 217.
  221. 226. 223. 230. 225. 226. 225. 229. 227. 228. 228. 229.]
 [376. 431. 441. 446. 448. 448. 448. 448. 448. 449. 448. 448. 449. 449.
  449. 449. 449. 449. 449. 449. 450. 400. 400. 400. 400. 399. 399. 399.
  399. 399. 399. 400. 399. 399. 399. 399. 399. 399. 400. 400.]
 [113. 217. 257. 303. 328. 345. 362. 368. 371. 377. 378. 388. 388. 398.
  393. 390. 394. 399. 396. 400. 400. 360. 360. 362. 362. 361. 363. 368.
  367. 365. 367. 367. 362. 364. 365. 366. 367. 365. 366. 368.]
 [150. 253. 306. 313. 332. 343. 359. 361. 367. 377. 377. 379. 384. 379.
  387. 384. 390. 390. 396. 394. 395. 355. 351. 355. 357. 362. 358. 356.
  354. 358. 360. 357. 355. 359. 358. 361. 362. 360. 361. 363.]]
##############################
[[ 60. 107. 143. 170. 190. 193. 203. 219. 222. 231. 232. 226. 235. 240.
  244. 239. 240. 243. 233. 253. 240. 239. 215. 219. 218. 221. 217. 217.
  221. 226. 223. 230. 225. 226. 225. 229. 227. 228. 228. 229.]
 [376. 431. 441. 446. 448. 448. 448. 448. 448. 449. 448. 448. 449. 449.
  449. 449. 449. 449. 449. 449. 450. 450. 400. 400. 400. 399. 399. 399.
  399. 399. 399. 400. 399. 399. 399. 399. 399. 399. 400. 400.]
 [113. 217. 257. 303. 328. 345. 362. 368. 371. 377. 378. 388. 388. 398.
  393. 390. 394. 399. 396. 400. 400. 402. 360. 362. 362. 361. 363. 368.
  367. 365. 367. 367. 362. 364. 365. 366. 367. 365. 366. 368.]
 [150. 253. 306. 313. 332. 343. 359. 361. 367. 377. 377. 379. 384. 379.
  387. 384. 390. 390. 396. 394. 395. 398. 351. 355. 357. 362. 358. 356.
  354. 358. 360. 357. 355. 359. 358. 361. 362. 360. 361. 363.]]
##############################
[[ 60. 107. 143. 170. 190. 193. 203. 219. 222. 231. 232. 226. 235. 240.
  244. 239. 240. 243. 233. 253. 240. 239. 243. 219. 218. 221. 217. 217.
  221. 226. 223. 230. 225. 226. 225. 229. 227. 228. 228. 229.]
 [376. 431. 441. 446. 448. 448. 448. 448. 448. 449. 448. 448. 449. 449.
  449. 449. 449. 449. 449. 449. 450. 450. 450. 400. 400. 399. 399. 399.
  399. 399. 399. 400. 399. 399. 399. 399. 399. 399. 400. 400.]
 [113. 217. 257. 303. 328. 345. 362. 368. 371. 377. 378. 388. 388. 398.
  393. 390. 394. 399. 396. 400. 400. 402. 402. 362. 362. 361. 363. 368.
  367. 365. 367. 367. 362. 364. 365. 366. 367. 365. 366. 368.]
 [150. 253. 306. 313. 332. 343. 359. 361. 367. 377. 377. 379. 384. 379.
  387. 384. 390. 390. 396. 394. 395. 398. 394. 355. 357. 362. 358. 356.
  354. 358. 360. 357. 355. 359. 358. 361. 362. 360. 361. 363.]]
##############################
[[ 60. 107. 143. 170. 190. 193. 203. 219. 222. 231. 232. 226. 235. 240.
  244. 239. 240. 243. 233. 253. 240. 239. 243. 248. 218. 221. 217. 217.
  221. 226. 223. 230. 225. 226. 225. 229. 227. 228. 228. 229.]
 [376. 431. 441. 446. 448. 448. 448. 448. 448. 449. 448. 448. 449. 449.
  449. 449. 449. 449. 449. 449. 450. 450. 450. 450. 400. 399. 399. 399.
  399. 399. 399. 400. 399. 399. 399. 399. 399. 399. 400. 400.]
 [113. 217. 257. 303. 328. 345. 362. 368. 371. 377. 378. 388. 388. 398.
  393. 390. 394. 399. 396. 400. 400. 402. 402. 404. 362. 361. 363. 368.
  367. 365. 367. 367. 362. 364. 365. 366. 367. 365. 366. 368.]
 [150. 253. 306. 313. 332. 343. 359. 361. 367. 377. 377. 379. 384. 379.
  387. 384. 390. 390. 396. 394. 395. 398. 394. 397. 357. 362. 358. 356.
  354. 358. 360. 357. 355. 359. 358. 361. 362. 360. 361. 363.]]
##############################
[[ 60. 107. 143. 170. 190. 193. 203. 219. 222. 231. 232. 226. 235. 240.
  244. 239. 240. 243. 233. 253. 240. 239. 243. 248. 246. 221. 217. 217.
  221. 226. 223. 230. 225. 226. 225. 229. 227. 228. 228. 229.]
 [376. 431. 441. 446. 448. 448. 448. 448. 448. 449. 448. 448. 449. 449.
  449. 449. 449. 449. 449. 449. 450. 450. 450. 450. 450. 399. 399. 399.
  399. 399. 399. 400. 399. 399. 399. 399. 399. 399. 400. 400.]
 [113. 217. 257. 303. 328. 345. 362. 368. 371. 377. 378. 388. 388. 398.
  393. 390. 394. 399. 396. 400. 400. 402. 402. 404. 406. 361. 363. 368.
  367. 365. 367. 367. 362. 364. 365. 366. 367. 365. 366. 368.]
 [150. 253. 306. 313. 332. 343. 359. 361. 367. 377. 377. 379. 384. 379.
  387. 384. 390. 390. 396. 394. 395. 398. 394. 397. 400. 362. 358. 356.
  354. 358. 360. 357. 355. 359. 358. 361. 362. 360. 361. 363.]]
##############################
[[ 60. 107. 143. 170. 190. 193. 203. 219. 222. 231. 232. 226. 235. 240.
  244. 239. 240. 243. 233. 253. 240. 239. 243. 248. 246. 249. 217. 217.
  221. 226. 223. 230. 225. 226. 225. 229. 227. 228. 228. 229.]
 [376. 431. 441. 446. 448. 448. 448. 448. 448. 449. 448. 448. 449. 449.
  449. 449. 449. 449. 449. 449. 450. 450. 450. 450. 450. 449. 399. 399.
  399. 399. 399. 400. 399. 399. 399. 399. 399. 399. 400. 400.]
 [113. 217. 257. 303. 328. 345. 362. 368. 371. 377. 378. 388. 388. 398.
  393. 390. 394. 399. 396. 400. 400. 402. 402. 404. 406. 404. 363. 368.
  367. 365. 367. 367. 362. 364. 365. 366. 367. 365. 366. 368.]
 [150. 253. 306. 313. 332. 343. 359. 361. 367. 377. 377. 379. 384. 379.
  387. 384. 390. 390. 396. 394. 395. 398. 394. 397. 400. 406. 358. 356.
  354. 358. 360. 357. 355. 359. 358. 361. 362. 360. 361. 363.]]
##############################
[[ 60. 107. 143. 170. 190. 193. 203. 219. 222. 231. 232. 226. 235. 240.
  244. 239. 240. 243. 233. 253. 240. 239. 243. 248. 246. 249. 245. 217.
  221. 226. 223. 230. 225. 226. 225. 229. 227. 228. 228. 229.]
 [376. 431. 441. 446. 448. 448. 448. 448. 448. 449. 448. 448. 449. 449.
  449. 449. 449. 449. 449. 449. 450. 450. 450. 450. 450. 449. 449. 399.
  399. 399. 399. 400. 399. 399. 399. 399. 399. 399. 400. 400.]
 [113. 217. 257. 303. 328. 345. 362. 368. 371. 377. 378. 388. 388. 398.
  393. 390. 394. 399. 396. 400. 400. 402. 402. 404. 406. 404. 406. 368.
  367. 365. 367. 367. 362. 364. 365. 366. 367. 365. 366. 368.]
 [150. 253. 306. 313. 332. 343. 359. 361. 367. 377. 377. 379. 384. 379.
  387. 384. 390. 390. 396. 394. 395. 398. 394. 397. 400. 406. 403. 356.
  354. 358. 360. 357. 355. 359. 358. 361. 362. 360. 361. 363.]]
##############################
[[ 60. 107. 143. 170. 190. 193. 203. 219. 222. 231. 232. 226. 235. 240.
  244. 239. 240. 243. 233. 253. 240. 239. 243. 248. 246. 249. 245. 244.
  221. 226. 223. 230. 225. 226. 225. 229. 227. 228. 228. 229.]
 [376. 431. 441. 446. 448. 448. 448. 448. 448. 449. 448. 448. 449. 449.
  449. 449. 449. 449. 449. 449. 450. 450. 450. 450. 450. 449. 449. 449.
  399. 399. 399. 400. 399. 399. 399. 399. 399. 399. 400. 400.]
 [113. 217. 257. 303. 328. 345. 362. 368. 371. 377. 378. 388. 388. 398.
  393. 390. 394. 399. 396. 400. 400. 402. 402. 404. 406. 404. 406. 410.
  367. 365. 367. 367. 362. 364. 365. 366. 367. 365. 366. 368.]
 [150. 253. 306. 313. 332. 343. 359. 361. 367. 377. 377. 379. 384. 379.
  387. 384. 390. 390. 396. 394. 395. 398. 394. 397. 400. 406. 403. 400.
  354. 358. 360. 357. 355. 359. 358. 361. 362. 360. 361. 363.]]
##############################
[[ 60. 107. 143. 170. 190. 193. 203. 219. 222. 231. 232. 226. 235. 240.
  244. 239. 240. 243. 233. 253. 240. 239. 243. 248. 246. 249. 245. 244.
  247. 226. 223. 230. 225. 226. 225. 229. 227. 228. 228. 229.]
 [376. 431. 441. 446. 448. 448. 448. 448. 448. 449. 448. 448. 449. 449.
  449. 449. 449. 449. 449. 449. 450. 450. 450. 450. 450. 449. 449. 449.
  449. 399. 399. 400. 399. 399. 399. 399. 399. 399. 400. 400.]
 [113. 217. 257. 303. 328. 345. 362. 368. 371. 377. 378. 388. 388. 398.
  393. 390. 394. 399. 396. 400. 400. 402. 402. 404. 406. 404. 406. 410.
  409. 365. 367. 367. 362. 364. 365. 366. 367. 365. 366. 368.]
 [150. 253. 306. 313. 332. 343. 359. 361. 367. 377. 377. 379. 384. 379.
  387. 384. 390. 390. 396. 394. 395. 398. 394. 397. 400. 406. 403. 400.
  399. 358. 360. 357. 355. 359. 358. 361. 362. 360. 361. 363.]]
##############################
[[ 60. 107. 143. 170. 190. 193. 203. 219. 222. 231. 232. 226. 235. 240.
  244. 239. 240. 243. 233. 253. 240. 239. 243. 248. 246. 249. 245. 244.
  247. 251. 223. 230. 225. 226. 225. 229. 227. 228. 228. 229.]
 [376. 431. 441. 446. 448. 448. 448. 448. 448. 449. 448. 448. 449. 449.
  449. 449. 449. 449. 449. 449. 450. 450. 450. 450. 450. 449. 449. 449.
  449. 449. 399. 400. 399. 399. 399. 399. 399. 399. 400. 400.]
 [113. 217. 257. 303. 328. 345. 362. 368. 371. 377. 378. 388. 388. 398.
  393. 390. 394. 399. 396. 400. 400. 402. 402. 404. 406. 404. 406. 410.
  409. 408. 367. 367. 362. 364. 365. 366. 367. 365. 366. 368.]
 [150. 253. 306. 313. 332. 343. 359. 361. 367. 377. 377. 379. 384. 379.
  387. 384. 390. 390. 396. 394. 395. 398. 394. 397. 400. 406. 403. 400.
  399. 401. 360. 357. 355. 359. 358. 361. 362. 360. 361. 363.]]
##############################
[[ 60. 107. 143. 170. 190. 193. 203. 219. 222. 231. 232. 226. 235. 240.
  244. 239. 240. 243. 233. 253. 240. 239. 243. 248. 246. 249. 245. 244.
  247. 251. 243. 230. 225. 226. 225. 229. 227. 228. 228. 229.]
 [376. 431. 441. 446. 448. 448. 448. 448. 448. 449. 448. 448. 449. 449.
  449. 449. 449. 449. 449. 449. 450. 450. 450. 450. 450. 449. 449. 449.
  449. 449. 449. 400. 399. 399. 399. 399. 399. 399. 400. 400.]
 [113. 217. 257. 303. 328. 345. 362. 368. 371. 377. 378. 388. 388. 398.
  393. 390. 394. 399. 396. 400. 400. 402. 402. 404. 406. 404. 406. 410.
  409. 408. 410. 367. 362. 364. 365. 366. 367. 365. 366. 368.]
 [150. 253. 306. 313. 332. 343. 359. 361. 367. 377. 377. 379. 384. 379.
  387. 384. 390. 390. 396. 394. 395. 398. 394. 397. 400. 406. 403. 400.
  399. 401. 403. 357. 355. 359. 358. 361. 362. 360. 361. 363.]]
##############################
[[ 60. 107. 143. 170. 190. 193. 203. 219. 222. 231. 232. 226. 235. 240.
  244. 239. 240. 243. 233. 253. 240. 239. 243. 248. 246. 249. 245. 244.
  247. 251. 243. 253. 225. 226. 225. 229. 227. 228. 228. 229.]
 [376. 431. 441. 446. 448. 448. 448. 448. 448. 449. 448. 448. 449. 449.
  449. 449. 449. 449. 449. 449. 450. 450. 450. 450. 450. 449. 449. 449.
  449. 449. 449. 450. 399. 399. 399. 399. 399. 399. 400. 400.]
 [113. 217. 257. 303. 328. 345. 362. 368. 371. 377. 378. 388. 388. 398.
  393. 390. 394. 399. 396. 400. 400. 402. 402. 404. 406. 404. 406. 410.
  409. 408. 410. 410. 362. 364. 365. 366. 367. 365. 366. 368.]
 [150. 253. 306. 313. 332. 343. 359. 361. 367. 377. 377. 379. 384. 379.
  387. 384. 390. 390. 396. 394. 395. 398. 394. 397. 400. 406. 403. 400.
  399. 401. 403. 402. 355. 359. 358. 361. 362. 360. 361. 363.]]
##############################
[[ 60. 107. 143. 170. 190. 193. 203. 219. 222. 231. 232. 226. 235. 240.
  244. 239. 240. 243. 233. 253. 240. 239. 243. 248. 246. 249. 245. 244.
  247. 251. 243. 253. 250. 226. 225. 229. 227. 228. 228. 229.]
 [376. 431. 441. 446. 448. 448. 448. 448. 448. 449. 448. 448. 449. 449.
  449. 449. 449. 449. 449. 449. 450. 450. 450. 450. 450. 449. 449. 449.
  449. 449. 449. 450. 449. 399. 399. 399. 399. 399. 400. 400.]
 [113. 217. 257. 303. 328. 345. 362. 368. 371. 377. 378. 388. 388. 398.
  393. 390. 394. 399. 396. 400. 400. 402. 402. 404. 406. 404. 406. 410.
  409. 408. 410. 410. 407. 364. 365. 366. 367. 365. 366. 368.]
 [150. 253. 306. 313. 332. 343. 359. 361. 367. 377. 377. 379. 384. 379.
  387. 384. 390. 390. 396. 394. 395. 398. 394. 397. 400. 406. 403. 400.
  399. 401. 403. 402. 400. 359. 358. 361. 362. 360. 361. 363.]]
##############################
[[ 60. 107. 143. 170. 190. 193. 203. 219. 222. 231. 232. 226. 235. 240.
  244. 239. 240. 243. 233. 253. 240. 239. 243. 248. 246. 249. 245. 244.
  247. 251. 243. 253. 250. 251. 225. 229. 227. 228. 228. 229.]
 [376. 431. 441. 446. 448. 448. 448. 448. 448. 449. 448. 448. 449. 449.
  449. 449. 449. 449. 449. 449. 450. 450. 450. 450. 450. 449. 449. 449.
  449. 449. 449. 450. 449. 449. 399. 399. 399. 399. 400. 400.]
 [113. 217. 257. 303. 328. 345. 362. 368. 371. 377. 378. 388. 388. 398.
  393. 390. 394. 399. 396. 400. 400. 402. 402. 404. 406. 404. 406. 410.
  409. 408. 410. 410. 407. 407. 365. 366. 367. 365. 366. 368.]
 [150. 253. 306. 313. 332. 343. 359. 361. 367. 377. 377. 379. 384. 379.
  387. 384. 390. 390. 396. 394. 395. 398. 394. 397. 400. 406. 403. 400.
  399. 401. 403. 402. 400. 404. 358. 361. 362. 360. 361. 363.]]
##############################
[[ 60. 107. 143. 170. 190. 193. 203. 219. 222. 231. 232. 226. 235. 240.
  244. 239. 240. 243. 233. 253. 240. 239. 243. 248. 246. 249. 245. 244.
  247. 251. 243. 253. 250. 251. 254. 229. 227. 228. 228. 229.]
 [376. 431. 441. 446. 448. 448. 448. 448. 448. 449. 448. 448. 449. 449.
  449. 449. 449. 449. 449. 449. 450. 450. 450. 450. 450. 449. 449. 449.
  449. 449. 449. 450. 449. 449. 449. 399. 399. 399. 400. 400.]
 [113. 217. 257. 303. 328. 345. 362. 368. 371. 377. 378. 388. 388. 398.
  393. 390. 394. 399. 396. 400. 400. 402. 402. 404. 406. 404. 406. 410.
  409. 408. 410. 410. 407. 407. 408. 366. 367. 365. 366. 368.]
 [150. 253. 306. 313. 332. 343. 359. 361. 367. 377. 377. 379. 384. 379.
  387. 384. 390. 390. 396. 394. 395. 398. 394. 397. 400. 406. 403. 400.
  399. 401. 403. 402. 400. 404. 404. 361. 362. 360. 361. 363.]]
##############################
[[ 60. 107. 143. 170. 190. 193. 203. 219. 222. 231. 232. 226. 235. 240.
  244. 239. 240. 243. 233. 253. 240. 239. 243. 248. 246. 249. 245. 244.
  247. 251. 243. 253. 250. 251. 254. 257. 227. 228. 228. 229.]
 [376. 431. 441. 446. 448. 448. 448. 448. 448. 449. 448. 448. 449. 449.
  449. 449. 449. 449. 449. 449. 450. 450. 450. 450. 450. 449. 449. 449.
  449. 449. 449. 450. 449. 449. 449. 449. 399. 399. 400. 400.]
 [113. 217. 257. 303. 328. 345. 362. 368. 371. 377. 378. 388. 388. 398.
  393. 390. 394. 399. 396. 400. 400. 402. 402. 404. 406. 404. 406. 410.
  409. 408. 410. 410. 407. 407. 408. 411. 367. 365. 366. 368.]
 [150. 253. 306. 313. 332. 343. 359. 361. 367. 377. 377. 379. 384. 379.
  387. 384. 390. 390. 396. 394. 395. 398. 394. 397. 400. 406. 403. 400.
  399. 401. 403. 402. 400. 404. 404. 405. 362. 360. 361. 363.]]
##############################
[[ 60. 107. 143. 170. 190. 193. 203. 219. 222. 231. 232. 226. 235. 240.
  244. 239. 240. 243. 233. 253. 240. 239. 243. 248. 246. 249. 245. 244.
  247. 251. 243. 253. 250. 251. 254. 257. 252. 228. 228. 229.]
 [376. 431. 441. 446. 448. 448. 448. 448. 448. 449. 448. 448. 449. 449.
  449. 449. 449. 449. 449. 449. 450. 450. 450. 450. 450. 449. 449. 449.
  449. 449. 449. 450. 449. 449. 449. 449. 449. 399. 400. 400.]
 [113. 217. 257. 303. 328. 345. 362. 368. 371. 377. 378. 388. 388. 398.
  393. 390. 394. 399. 396. 400. 400. 402. 402. 404. 406. 404. 406. 410.
  409. 408. 410. 410. 407. 407. 408. 411. 411. 365. 366. 368.]
 [150. 253. 306. 313. 332. 343. 359. 361. 367. 377. 377. 379. 384. 379.
  387. 384. 390. 390. 396. 394. 395. 398. 394. 397. 400. 406. 403. 400.
  399. 401. 403. 402. 400. 404. 404. 405. 406. 360. 361. 363.]]
##############################
[[ 60. 107. 143. 170. 190. 193. 203. 219. 222. 231. 232. 226. 235. 240.
  244. 239. 240. 243. 233. 253. 240. 239. 243. 248. 246. 249. 245. 244.
  247. 251. 243. 253. 250. 251. 254. 257. 252. 255. 228. 229.]
 [376. 431. 441. 446. 448. 448. 448. 448. 448. 449. 448. 448. 449. 449.
  449. 449. 449. 449. 449. 449. 450. 450. 450. 450. 450. 449. 449. 449.
  449. 449. 449. 450. 449. 449. 449. 449. 449. 449. 400. 400.]
 [113. 217. 257. 303. 328. 345. 362. 368. 371. 377. 378. 388. 388. 398.
  393. 390. 394. 399. 396. 400. 400. 402. 402. 404. 406. 404. 406. 410.
  409. 408. 410. 410. 407. 407. 408. 411. 411. 408. 366. 368.]
 [150. 253. 306. 313. 332. 343. 359. 361. 367. 377. 377. 379. 384. 379.
  387. 384. 390. 390. 396. 394. 395. 398. 394. 397. 400. 406. 403. 400.
  399. 401. 403. 402. 400. 404. 404. 405. 406. 405. 361. 363.]]
##############################
[[ 60. 107. 143. 170. 190. 193. 203. 219. 222. 231. 232. 226. 235. 240.
  244. 239. 240. 243. 233. 253. 240. 239. 243. 248. 246. 249. 245. 244.
  247. 251. 243. 253. 250. 251. 254. 257. 252. 255. 256. 229.]
 [376. 431. 441. 446. 448. 448. 448. 448. 448. 449. 448. 448. 449. 449.
  449. 449. 449. 449. 449. 449. 450. 450. 450. 450. 450. 449. 449. 449.
  449. 449. 449. 450. 449. 449. 449. 449. 449. 449. 450. 400.]
 [113. 217. 257. 303. 328. 345. 362. 368. 371. 377. 378. 388. 388. 398.
  393. 390. 394. 399. 396. 400. 400. 402. 402. 404. 406. 404. 406. 410.
  409. 408. 410. 410. 407. 407. 408. 411. 411. 408. 411. 368.]
 [150. 253. 306. 313. 332. 343. 359. 361. 367. 377. 377. 379. 384. 379.
  387. 384. 390. 390. 396. 394. 395. 398. 394. 397. 400. 406. 403. 400.
  399. 401. 403. 402. 400. 404. 404. 405. 406. 405. 407. 363.]]
##############################
[[ 60. 107. 143. 170. 190. 193. 203. 219. 222. 231. 232. 226. 235. 240.
  244. 239. 240. 243. 233. 253. 240. 239. 243. 248. 246. 249. 245. 244.
  247. 251. 243. 253. 250. 251. 254. 257. 252. 255. 256. 259.]
 [376. 431. 441. 446. 448. 448. 448. 448. 448. 449. 448. 448. 449. 449.
  449. 449. 449. 449. 449. 449. 450. 450. 450. 450. 450. 449. 449. 449.
  449. 449. 449. 450. 449. 449. 449. 449. 449. 449. 450. 450.]
 [113. 217. 257. 303. 328. 345. 362. 368. 371. 377. 378. 388. 388. 398.
  393. 390. 394. 399. 396. 400. 400. 402. 402. 404. 406. 404. 406. 410.
  409. 408. 410. 410. 407. 407. 408. 411. 411. 408. 411. 412.]
 [150. 253. 306. 313. 332. 343. 359. 361. 367. 377. 377. 379. 384. 379.
  387. 384. 390. 390. 396. 394. 395. 398. 394. 397. 400. 406. 403. 400.
  399. 401. 403. 402. 400. 404. 404. 405. 406. 405. 407. 409.]]
##############################
##################################################
##################################################
starting :10 batch
[[ 70. 107. 143. 170. 190. 193. 203. 219. 222. 231. 232. 226. 235. 240.
  244. 239. 240. 243. 233. 253. 240. 239. 243. 248. 246. 249. 245. 244.
  247. 251. 243. 253. 250. 251. 254. 257. 252. 255. 256. 259.]
 [421. 431. 441. 446. 448. 448. 448. 448. 448. 449. 448. 448. 449. 449.
  449. 449. 449. 449. 449. 449. 450. 450. 450. 450. 450. 449. 449. 449.
  449. 449. 449. 450. 449. 449. 449. 449. 449. 449. 450. 450.]
 [129. 217. 257. 303. 328. 345. 362. 368. 371. 377. 378. 388. 388. 398.
  393. 390. 394. 399. 396. 400. 400. 402. 402. 404. 406. 404. 406. 410.
  409. 408. 410. 410. 407. 407. 408. 411. 411. 408. 411. 412.]
 [172. 253. 306. 313. 332. 343. 359. 361. 367. 377. 377. 379. 384. 379.
  387. 384. 390. 390. 396. 394. 395. 398. 394. 397. 400. 406. 403. 400.
  399. 401. 403. 402. 400. 404. 404. 405. 406. 405. 407. 409.]]
##############################
[[ 70. 121. 143. 170. 190. 193. 203. 219. 222. 231. 232. 226. 235. 240.
  244. 239. 240. 243. 233. 253. 240. 239. 243. 248. 246. 249. 245. 244.
  247. 251. 243. 253. 250. 251. 254. 257. 252. 255. 256. 259.]
 [421. 481. 441. 446. 448. 448. 448. 448. 448. 449. 448. 448. 449. 449.
  449. 449. 449. 449. 449. 449. 450. 450. 450. 450. 450. 449. 449. 449.
  449. 449. 449. 450. 449. 449. 449. 449. 449. 449. 450. 450.]
 [129. 245. 257. 303. 328. 345. 362. 368. 371. 377. 378. 388. 388. 398.
  393. 390. 394. 399. 396. 400. 400. 402. 402. 404. 406. 404. 406. 410.
  409. 408. 410. 410. 407. 407. 408. 411. 411. 408. 411. 412.]
 [172. 281. 306. 313. 332. 343. 359. 361. 367. 377. 377. 379. 384. 379.
  387. 384. 390. 390. 396. 394. 395. 398. 394. 397. 400. 406. 403. 400.
  399. 401. 403. 402. 400. 404. 404. 405. 406. 405. 407. 409.]]
##############################
[[ 70. 121. 163. 170. 190. 193. 203. 219. 222. 231. 232. 226. 235. 240.
  244. 239. 240. 243. 233. 253. 240. 239. 243. 248. 246. 249. 245. 244.
  247. 251. 243. 253. 250. 251. 254. 257. 252. 255. 256. 259.]
 [421. 481. 491. 446. 448. 448. 448. 448. 448. 449. 448. 448. 449. 449.
  449. 449. 449. 449. 449. 449. 450. 450. 450. 450. 450. 449. 449. 449.
  449. 449. 449. 450. 449. 449. 449. 449. 449. 449. 450. 450.]
 [129. 245. 292. 303. 328. 345. 362. 368. 371. 377. 378. 388. 388. 398.
  393. 390. 394. 399. 396. 400. 400. 402. 402. 404. 406. 404. 406. 410.
  409. 408. 410. 410. 407. 407. 408. 411. 411. 408. 411. 412.]
 [172. 281. 341. 313. 332. 343. 359. 361. 367. 377. 377. 379. 384. 379.
  387. 384. 390. 390. 396. 394. 395. 398. 394. 397. 400. 406. 403. 400.
  399. 401. 403. 402. 400. 404. 404. 405. 406. 405. 407. 409.]]
##############################
[[ 70. 121. 163. 193. 190. 193. 203. 219. 222. 231. 232. 226. 235. 240.
  244. 239. 240. 243. 233. 253. 240. 239. 243. 248. 246. 249. 245. 244.
  247. 251. 243. 253. 250. 251. 254. 257. 252. 255. 256. 259.]
 [421. 481. 491. 496. 448. 448. 448. 448. 448. 449. 448. 448. 449. 449.
  449. 449. 449. 449. 449. 449. 450. 450. 450. 450. 450. 449. 449. 449.
  449. 449. 449. 450. 449. 449. 449. 449. 449. 449. 450. 450.]
 [129. 245. 292. 341. 328. 345. 362. 368. 371. 377. 378. 388. 388. 398.
  393. 390. 394. 399. 396. 400. 400. 402. 402. 404. 406. 404. 406. 410.
  409. 408. 410. 410. 407. 407. 408. 411. 411. 408. 411. 412.]
 [172. 281. 341. 350. 332. 343. 359. 361. 367. 377. 377. 379. 384. 379.
  387. 384. 390. 390. 396. 394. 395. 398. 394. 397. 400. 406. 403. 400.
  399. 401. 403. 402. 400. 404. 404. 405. 406. 405. 407. 409.]]
##############################
[[ 70. 121. 163. 193. 215. 193. 203. 219. 222. 231. 232. 226. 235. 240.
  244. 239. 240. 243. 233. 253. 240. 239. 243. 248. 246. 249. 245. 244.
  247. 251. 243. 253. 250. 251. 254. 257. 252. 255. 256. 259.]
 [421. 481. 491. 496. 498. 448. 448. 448. 448. 449. 448. 448. 449. 449.
  449. 449. 449. 449. 449. 449. 450. 450. 450. 450. 450. 449. 449. 449.
  449. 449. 449. 450. 449. 449. 449. 449. 449. 449. 450. 450.]
 [129. 245. 292. 341. 368. 345. 362. 368. 371. 377. 378. 388. 388. 398.
  393. 390. 394. 399. 396. 400. 400. 402. 402. 404. 406. 404. 406. 410.
  409. 408. 410. 410. 407. 407. 408. 411. 411. 408. 411. 412.]
 [172. 281. 341. 350. 373. 343. 359. 361. 367. 377. 377. 379. 384. 379.
  387. 384. 390. 390. 396. 394. 395. 398. 394. 397. 400. 406. 403. 400.
  399. 401. 403. 402. 400. 404. 404. 405. 406. 405. 407. 409.]]
##############################
[[ 70. 121. 163. 193. 215. 219. 203. 219. 222. 231. 232. 226. 235. 240.
  244. 239. 240. 243. 233. 253. 240. 239. 243. 248. 246. 249. 245. 244.
  247. 251. 243. 253. 250. 251. 254. 257. 252. 255. 256. 259.]
 [421. 481. 491. 496. 498. 498. 448. 448. 448. 449. 448. 448. 449. 449.
  449. 449. 449. 449. 449. 449. 450. 450. 450. 450. 450. 449. 449. 449.
  449. 449. 449. 450. 449. 449. 449. 449. 449. 449. 450. 450.]
 [129. 245. 292. 341. 368. 389. 362. 368. 371. 377. 378. 388. 388. 398.
  393. 390. 394. 399. 396. 400. 400. 402. 402. 404. 406. 404. 406. 410.
  409. 408. 410. 410. 407. 407. 408. 411. 411. 408. 411. 412.]
 [172. 281. 341. 350. 373. 384. 359. 361. 367. 377. 377. 379. 384. 379.
  387. 384. 390. 390. 396. 394. 395. 398. 394. 397. 400. 406. 403. 400.
  399. 401. 403. 402. 400. 404. 404. 405. 406. 405. 407. 409.]]
##############################
[[ 70. 121. 163. 193. 215. 219. 229. 219. 222. 231. 232. 226. 235. 240.
  244. 239. 240. 243. 233. 253. 240. 239. 243. 248. 246. 249. 245. 244.
  247. 251. 243. 253. 250. 251. 254. 257. 252. 255. 256. 259.]
 [421. 481. 491. 496. 498. 498. 498. 448. 448. 449. 448. 448. 449. 449.
  449. 449. 449. 449. 449. 449. 450. 450. 450. 450. 450. 449. 449. 449.
  449. 449. 449. 450. 449. 449. 449. 449. 449. 449. 450. 450.]
 [129. 245. 292. 341. 368. 389. 407. 368. 371. 377. 378. 388. 388. 398.
  393. 390. 394. 399. 396. 400. 400. 402. 402. 404. 406. 404. 406. 410.
  409. 408. 410. 410. 407. 407. 408. 411. 411. 408. 411. 412.]
 [172. 281. 341. 350. 373. 384. 402. 361. 367. 377. 377. 379. 384. 379.
  387. 384. 390. 390. 396. 394. 395. 398. 394. 397. 400. 406. 403. 400.
  399. 401. 403. 402. 400. 404. 404. 405. 406. 405. 407. 409.]]
##############################
[[ 70. 121. 163. 193. 215. 219. 229. 246. 222. 231. 232. 226. 235. 240.
  244. 239. 240. 243. 233. 253. 240. 239. 243. 248. 246. 249. 245. 244.
  247. 251. 243. 253. 250. 251. 254. 257. 252. 255. 256. 259.]
 [421. 481. 491. 496. 498. 498. 498. 498. 448. 449. 448. 448. 449. 449.
  449. 449. 449. 449. 449. 449. 450. 450. 450. 450. 450. 449. 449. 449.
  449. 449. 449. 450. 449. 449. 449. 449. 449. 449. 450. 450.]
 [129. 245. 292. 341. 368. 389. 407. 414. 371. 377. 378. 388. 388. 398.
  393. 390. 394. 399. 396. 400. 400. 402. 402. 404. 406. 404. 406. 410.
  409. 408. 410. 410. 407. 407. 408. 411. 411. 408. 411. 412.]
 [172. 281. 341. 350. 373. 384. 402. 405. 367. 377. 377. 379. 384. 379.
  387. 384. 390. 390. 396. 394. 395. 398. 394. 397. 400. 406. 403. 400.
  399. 401. 403. 402. 400. 404. 404. 405. 406. 405. 407. 409.]]
##############################
[[ 70. 121. 163. 193. 215. 219. 229. 246. 249. 231. 232. 226. 235. 240.
  244. 239. 240. 243. 233. 253. 240. 239. 243. 248. 246. 249. 245. 244.
  247. 251. 243. 253. 250. 251. 254. 257. 252. 255. 256. 259.]
 [421. 481. 491. 496. 498. 498. 498. 498. 498. 449. 448. 448. 449. 449.
  449. 449. 449. 449. 449. 449. 450. 450. 450. 450. 450. 449. 449. 449.
  449. 449. 449. 450. 449. 449. 449. 449. 449. 449. 450. 450.]
 [129. 245. 292. 341. 368. 389. 407. 414. 416. 377. 378. 388. 388. 398.
  393. 390. 394. 399. 396. 400. 400. 402. 402. 404. 406. 404. 406. 410.
  409. 408. 410. 410. 407. 407. 408. 411. 411. 408. 411. 412.]
 [172. 281. 341. 350. 373. 384. 402. 405. 412. 377. 377. 379. 384. 379.
  387. 384. 390. 390. 396. 394. 395. 398. 394. 397. 400. 406. 403. 400.
  399. 401. 403. 402. 400. 404. 404. 405. 406. 405. 407. 409.]]
##############################
[[ 70. 121. 163. 193. 215. 219. 229. 246. 249. 258. 232. 226. 235. 240.
  244. 239. 240. 243. 233. 253. 240. 239. 243. 248. 246. 249. 245. 244.
  247. 251. 243. 253. 250. 251. 254. 257. 252. 255. 256. 259.]
 [421. 481. 491. 496. 498. 498. 498. 498. 498. 499. 448. 448. 449. 449.
  449. 449. 449. 449. 449. 449. 450. 450. 450. 450. 450. 449. 449. 449.
  449. 449. 449. 450. 449. 449. 449. 449. 449. 449. 450. 450.]
 [129. 245. 292. 341. 368. 389. 407. 414. 416. 422. 378. 388. 388. 398.
  393. 390. 394. 399. 396. 400. 400. 402. 402. 404. 406. 404. 406. 410.
  409. 408. 410. 410. 407. 407. 408. 411. 411. 408. 411. 412.]
 [172. 281. 341. 350. 373. 384. 402. 405. 412. 422. 377. 379. 384. 379.
  387. 384. 390. 390. 396. 394. 395. 398. 394. 397. 400. 406. 403. 400.
  399. 401. 403. 402. 400. 404. 404. 405. 406. 405. 407. 409.]]
##############################
[[ 70. 121. 163. 193. 215. 219. 229. 246. 249. 258. 260. 226. 235. 240.
  244. 239. 240. 243. 233. 253. 240. 239. 243. 248. 246. 249. 245. 244.
  247. 251. 243. 253. 250. 251. 254. 257. 252. 255. 256. 259.]
 [421. 481. 491. 496. 498. 498. 498. 498. 498. 499. 498. 448. 449. 449.
  449. 449. 449. 449. 449. 449. 450. 450. 450. 450. 450. 449. 449. 449.
  449. 449. 449. 450. 449. 449. 449. 449. 449. 449. 450. 450.]
 [129. 245. 292. 341. 368. 389. 407. 414. 416. 422. 425. 388. 388. 398.
  393. 390. 394. 399. 396. 400. 400. 402. 402. 404. 406. 404. 406. 410.
  409. 408. 410. 410. 407. 407. 408. 411. 411. 408. 411. 412.]
 [172. 281. 341. 350. 373. 384. 402. 405. 412. 422. 420. 379. 384. 379.
  387. 384. 390. 390. 396. 394. 395. 398. 394. 397. 400. 406. 403. 400.
  399. 401. 403. 402. 400. 404. 404. 405. 406. 405. 407. 409.]]
##############################
[[ 70. 121. 163. 193. 215. 219. 229. 246. 249. 258. 260. 252. 235. 240.
  244. 239. 240. 243. 233. 253. 240. 239. 243. 248. 246. 249. 245. 244.
  247. 251. 243. 253. 250. 251. 254. 257. 252. 255. 256. 259.]
 [421. 481. 491. 496. 498. 498. 498. 498. 498. 499. 498. 498. 449. 449.
  449. 449. 449. 449. 449. 449. 450. 450. 450. 450. 450. 449. 449. 449.
  449. 449. 449. 450. 449. 449. 449. 449. 449. 449. 450. 450.]
 [129. 245. 292. 341. 368. 389. 407. 414. 416. 422. 425. 436. 388. 398.
  393. 390. 394. 399. 396. 400. 400. 402. 402. 404. 406. 404. 406. 410.
  409. 408. 410. 410. 407. 407. 408. 411. 411. 408. 411. 412.]
 [172. 281. 341. 350. 373. 384. 402. 405. 412. 422. 420. 423. 384. 379.
  387. 384. 390. 390. 396. 394. 395. 398. 394. 397. 400. 406. 403. 400.
  399. 401. 403. 402. 400. 404. 404. 405. 406. 405. 407. 409.]]
##############################
[[ 70. 121. 163. 193. 215. 219. 229. 246. 249. 258. 260. 252. 261. 240.
  244. 239. 240. 243. 233. 253. 240. 239. 243. 248. 246. 249. 245. 244.
  247. 251. 243. 253. 250. 251. 254. 257. 252. 255. 256. 259.]
 [421. 481. 491. 496. 498. 498. 498. 498. 498. 499. 498. 498. 499. 449.
  449. 449. 449. 449. 449. 449. 450. 450. 450. 450. 450. 449. 449. 449.
  449. 449. 449. 450. 449. 449. 449. 449. 449. 449. 450. 450.]
 [129. 245. 292. 341. 368. 389. 407. 414. 416. 422. 425. 436. 435. 398.
  393. 390. 394. 399. 396. 400. 400. 402. 402. 404. 406. 404. 406. 410.
  409. 408. 410. 410. 407. 407. 408. 411. 411. 408. 411. 412.]
 [172. 281. 341. 350. 373. 384. 402. 405. 412. 422. 420. 423. 430. 379.
  387. 384. 390. 390. 396. 394. 395. 398. 394. 397. 400. 406. 403. 400.
  399. 401. 403. 402. 400. 404. 404. 405. 406. 405. 407. 409.]]
##############################
[[ 70. 121. 163. 193. 215. 219. 229. 246. 249. 258. 260. 252. 261. 271.
  244. 239. 240. 243. 233. 253. 240. 239. 243. 248. 246. 249. 245. 244.
  247. 251. 243. 253. 250. 251. 254. 257. 252. 255. 256. 259.]
 [421. 481. 491. 496. 498. 498. 498. 498. 498. 499. 498. 498. 499. 499.
  449. 449. 449. 449. 449. 449. 450. 450. 450. 450. 450. 449. 449. 449.
  449. 449. 449. 450. 449. 449. 449. 449. 449. 449. 450. 450.]
 [129. 245. 292. 341. 368. 389. 407. 414. 416. 422. 425. 436. 435. 445.
  393. 390. 394. 399. 396. 400. 400. 402. 402. 404. 406. 404. 406. 410.
  409. 408. 410. 410. 407. 407. 408. 411. 411. 408. 411. 412.]
 [172. 281. 341. 350. 373. 384. 402. 405. 412. 422. 420. 423. 430. 426.
  387. 384. 390. 390. 396. 394. 395. 398. 394. 397. 400. 406. 403. 400.
  399. 401. 403. 402. 400. 404. 404. 405. 406. 405. 407. 409.]]
##############################
[[ 70. 121. 163. 193. 215. 219. 229. 246. 249. 258. 260. 252. 261. 271.
  272. 239. 240. 243. 233. 253. 240. 239. 243. 248. 246. 249. 245. 244.
  247. 251. 243. 253. 250. 251. 254. 257. 252. 255. 256. 259.]
 [421. 481. 491. 496. 498. 498. 498. 498. 498. 499. 498. 498. 499. 499.
  499. 449. 449. 449. 449. 449. 450. 450. 450. 450. 450. 449. 449. 449.
  449. 449. 449. 450. 449. 449. 449. 449. 449. 449. 450. 450.]
 [129. 245. 292. 341. 368. 389. 407. 414. 416. 422. 425. 436. 435. 445.
  439. 390. 394. 399. 396. 400. 400. 402. 402. 404. 406. 404. 406. 410.
  409. 408. 410. 410. 407. 407. 408. 411. 411. 408. 411. 412.]
 [172. 281. 341. 350. 373. 384. 402. 405. 412. 422. 420. 423. 430. 426.
  432. 384. 390. 390. 396. 394. 395. 398. 394. 397. 400. 406. 403. 400.
  399. 401. 403. 402. 400. 404. 404. 405. 406. 405. 407. 409.]]
##############################
[[ 70. 121. 163. 193. 215. 219. 229. 246. 249. 258. 260. 252. 261. 271.
  272. 270. 240. 243. 233. 253. 240. 239. 243. 248. 246. 249. 245. 244.
  247. 251. 243. 253. 250. 251. 254. 257. 252. 255. 256. 259.]
 [421. 481. 491. 496. 498. 498. 498. 498. 498. 499. 498. 498. 499. 499.
  499. 499. 449. 449. 449. 449. 450. 450. 450. 450. 450. 449. 449. 449.
  449. 449. 449. 450. 449. 449. 449. 449. 449. 449. 450. 450.]
 [129. 245. 292. 341. 368. 389. 407. 414. 416. 422. 425. 436. 435. 445.
  439. 438. 394. 399. 396. 400. 400. 402. 402. 404. 406. 404. 406. 410.
  409. 408. 410. 410. 407. 407. 408. 411. 411. 408. 411. 412.]
 [172. 281. 341. 350. 373. 384. 402. 405. 412. 422. 420. 423. 430. 426.
  432. 431. 390. 390. 396. 394. 395. 398. 394. 397. 400. 406. 403. 400.
  399. 401. 403. 402. 400. 404. 404. 405. 406. 405. 407. 409.]]
##############################
[[ 70. 121. 163. 193. 215. 219. 229. 246. 249. 258. 260. 252. 261. 271.
  272. 270. 268. 243. 233. 253. 240. 239. 243. 248. 246. 249. 245. 244.
  247. 251. 243. 253. 250. 251. 254. 257. 252. 255. 256. 259.]
 [421. 481. 491. 496. 498. 498. 498. 498. 498. 499. 498. 498. 499. 499.
  499. 499. 499. 449. 449. 449. 450. 450. 450. 450. 450. 449. 449. 449.
  449. 449. 449. 450. 449. 449. 449. 449. 449. 449. 450. 450.]
 [129. 245. 292. 341. 368. 389. 407. 414. 416. 422. 425. 436. 435. 445.
  439. 438. 442. 399. 396. 400. 400. 402. 402. 404. 406. 404. 406. 410.
  409. 408. 410. 410. 407. 407. 408. 411. 411. 408. 411. 412.]
 [172. 281. 341. 350. 373. 384. 402. 405. 412. 422. 420. 423. 430. 426.
  432. 431. 437. 390. 396. 394. 395. 398. 394. 397. 400. 406. 403. 400.
  399. 401. 403. 402. 400. 404. 404. 405. 406. 405. 407. 409.]]
##############################
[[ 70. 121. 163. 193. 215. 219. 229. 246. 249. 258. 260. 252. 261. 271.
  272. 270. 268. 273. 233. 253. 240. 239. 243. 248. 246. 249. 245. 244.
  247. 251. 243. 253. 250. 251. 254. 257. 252. 255. 256. 259.]
 [421. 481. 491. 496. 498. 498. 498. 498. 498. 499. 498. 498. 499. 499.
  499. 499. 499. 499. 449. 449. 450. 450. 450. 450. 450. 449. 449. 449.
  449. 449. 449. 450. 449. 449. 449. 449. 449. 449. 450. 450.]
 [129. 245. 292. 341. 368. 389. 407. 414. 416. 422. 425. 436. 435. 445.
  439. 438. 442. 447. 396. 400. 400. 402. 402. 404. 406. 404. 406. 410.
  409. 408. 410. 410. 407. 407. 408. 411. 411. 408. 411. 412.]
 [172. 281. 341. 350. 373. 384. 402. 405. 412. 422. 420. 423. 430. 426.
  432. 431. 437. 437. 396. 394. 395. 398. 394. 397. 400. 406. 403. 400.
  399. 401. 403. 402. 400. 404. 404. 405. 406. 405. 407. 409.]]
##############################
[[ 70. 121. 163. 193. 215. 219. 229. 246. 249. 258. 260. 252. 261. 271.
  272. 270. 268. 273. 263. 253. 240. 239. 243. 248. 246. 249. 245. 244.
  247. 251. 243. 253. 250. 251. 254. 257. 252. 255. 256. 259.]
 [421. 481. 491. 496. 498. 498. 498. 498. 498. 499. 498. 498. 499. 499.
  499. 499. 499. 499. 499. 449. 450. 450. 450. 450. 450. 449. 449. 449.
  449. 449. 449. 450. 449. 449. 449. 449. 449. 449. 450. 450.]
 [129. 245. 292. 341. 368. 389. 407. 414. 416. 422. 425. 436. 435. 445.
  439. 438. 442. 447. 444. 400. 400. 402. 402. 404. 406. 404. 406. 410.
  409. 408. 410. 410. 407. 407. 408. 411. 411. 408. 411. 412.]
 [172. 281. 341. 350. 373. 384. 402. 405. 412. 422. 420. 423. 430. 426.
  432. 431. 437. 437. 445. 394. 395. 398. 394. 397. 400. 406. 403. 400.
  399. 401. 403. 402. 400. 404. 404. 405. 406. 405. 407. 409.]]
##############################
[[ 70. 121. 163. 193. 215. 219. 229. 246. 249. 258. 260. 252. 261. 271.
  272. 270. 268. 273. 263. 284. 240. 239. 243. 248. 246. 249. 245. 244.
  247. 251. 243. 253. 250. 251. 254. 257. 252. 255. 256. 259.]
 [421. 481. 491. 496. 498. 498. 498. 498. 498. 499. 498. 498. 499. 499.
  499. 499. 499. 499. 499. 499. 450. 450. 450. 450. 450. 449. 449. 449.
  449. 449. 449. 450. 449. 449. 449. 449. 449. 449. 450. 450.]
 [129. 245. 292. 341. 368. 389. 407. 414. 416. 422. 425. 436. 435. 445.
  439. 438. 442. 447. 444. 448. 400. 402. 402. 404. 406. 404. 406. 410.
  409. 408. 410. 410. 407. 407. 408. 411. 411. 408. 411. 412.]
 [172. 281. 341. 350. 373. 384. 402. 405. 412. 422. 420. 423. 430. 426.
  432. 431. 437. 437. 445. 442. 395. 398. 394. 397. 400. 406. 403. 400.
  399. 401. 403. 402. 400. 404. 404. 405. 406. 405. 407. 409.]]
##############################
[[ 70. 121. 163. 193. 215. 219. 229. 246. 249. 258. 260. 252. 261. 271.
  272. 270. 268. 273. 263. 284. 270. 239. 243. 248. 246. 249. 245. 244.
  247. 251. 243. 253. 250. 251. 254. 257. 252. 255. 256. 259.]
 [421. 481. 491. 496. 498. 498. 498. 498. 498. 499. 498. 498. 499. 499.
  499. 499. 499. 499. 499. 499. 500. 450. 450. 450. 450. 449. 449. 449.
  449. 449. 449. 450. 449. 449. 449. 449. 449. 449. 450. 450.]
 [129. 245. 292. 341. 368. 389. 407. 414. 416. 422. 425. 436. 435. 445.
  439. 438. 442. 447. 444. 448. 448. 402. 402. 404. 406. 404. 406. 410.
  409. 408. 410. 410. 407. 407. 408. 411. 411. 408. 411. 412.]
 [172. 281. 341. 350. 373. 384. 402. 405. 412. 422. 420. 423. 430. 426.
  432. 431. 437. 437. 445. 442. 443. 398. 394. 397. 400. 406. 403. 400.
  399. 401. 403. 402. 400. 404. 404. 405. 406. 405. 407. 409.]]
##############################
[[ 70. 121. 163. 193. 215. 219. 229. 246. 249. 258. 260. 252. 261. 271.
  272. 270. 268. 273. 263. 284. 270. 274. 243. 248. 246. 249. 245. 244.
  247. 251. 243. 253. 250. 251. 254. 257. 252. 255. 256. 259.]
 [421. 481. 491. 496. 498. 498. 498. 498. 498. 499. 498. 498. 499. 499.
  499. 499. 499. 499. 499. 499. 500. 500. 450. 450. 450. 449. 449. 449.
  449. 449. 449. 450. 449. 449. 449. 449. 449. 449. 450. 450.]
 [129. 245. 292. 341. 368. 389. 407. 414. 416. 422. 425. 436. 435. 445.
  439. 438. 442. 447. 444. 448. 448. 450. 402. 404. 406. 404. 406. 410.
  409. 408. 410. 410. 407. 407. 408. 411. 411. 408. 411. 412.]
 [172. 281. 341. 350. 373. 384. 402. 405. 412. 422. 420. 423. 430. 426.
  432. 431. 437. 437. 445. 442. 443. 447. 394. 397. 400. 406. 403. 400.
  399. 401. 403. 402. 400. 404. 404. 405. 406. 405. 407. 409.]]
##############################
[[ 70. 121. 163. 193. 215. 219. 229. 246. 249. 258. 260. 252. 261. 271.
  272. 270. 268. 273. 263. 284. 270. 274. 277. 248. 246. 249. 245. 244.
  247. 251. 243. 253. 250. 251. 254. 257. 252. 255. 256. 259.]
 [421. 481. 491. 496. 498. 498. 498. 498. 498. 499. 498. 498. 499. 499.
  499. 499. 499. 499. 499. 499. 500. 500. 500. 450. 450. 449. 449. 449.
  449. 449. 449. 450. 449. 449. 449. 449. 449. 449. 450. 450.]
 [129. 245. 292. 341. 368. 389. 407. 414. 416. 422. 425. 436. 435. 445.
  439. 438. 442. 447. 444. 448. 448. 450. 450. 404. 406. 404. 406. 410.
  409. 408. 410. 410. 407. 407. 408. 411. 411. 408. 411. 412.]
 [172. 281. 341. 350. 373. 384. 402. 405. 412. 422. 420. 423. 430. 426.
  432. 431. 437. 437. 445. 442. 443. 447. 442. 397. 400. 406. 403. 400.
  399. 401. 403. 402. 400. 404. 404. 405. 406. 405. 407. 409.]]
##############################
[[ 70. 121. 163. 193. 215. 219. 229. 246. 249. 258. 260. 252. 261. 271.
  272. 270. 268. 273. 263. 284. 270. 274. 277. 280. 246. 249. 245. 244.
  247. 251. 243. 253. 250. 251. 254. 257. 252. 255. 256. 259.]
 [421. 481. 491. 496. 498. 498. 498. 498. 498. 499. 498. 498. 499. 499.
  499. 499. 499. 499. 499. 499. 500. 500. 500. 500. 450. 449. 449. 449.
  449. 449. 449. 450. 449. 449. 449. 449. 449. 449. 450. 450.]
 [129. 245. 292. 341. 368. 389. 407. 414. 416. 422. 425. 436. 435. 445.
  439. 438. 442. 447. 444. 448. 448. 450. 450. 452. 406. 404. 406. 410.
  409. 408. 410. 410. 407. 407. 408. 411. 411. 408. 411. 412.]
 [172. 281. 341. 350. 373. 384. 402. 405. 412. 422. 420. 423. 430. 426.
  432. 431. 437. 437. 445. 442. 443. 447. 442. 446. 400. 406. 403. 400.
  399. 401. 403. 402. 400. 404. 404. 405. 406. 405. 407. 409.]]
##############################
[[ 70. 121. 163. 193. 215. 219. 229. 246. 249. 258. 260. 252. 261. 271.
  272. 270. 268. 273. 263. 284. 270. 274. 277. 280. 279. 249. 245. 244.
  247. 251. 243. 253. 250. 251. 254. 257. 252. 255. 256. 259.]
 [421. 481. 491. 496. 498. 498. 498. 498. 498. 499. 498. 498. 499. 499.
  499. 499. 499. 499. 499. 499. 500. 500. 500. 500. 500. 449. 449. 449.
  449. 449. 449. 450. 449. 449. 449. 449. 449. 449. 450. 450.]
 [129. 245. 292. 341. 368. 389. 407. 414. 416. 422. 425. 436. 435. 445.
  439. 438. 442. 447. 444. 448. 448. 450. 450. 452. 454. 404. 406. 410.
  409. 408. 410. 410. 407. 407. 408. 411. 411. 408. 411. 412.]
 [172. 281. 341. 350. 373. 384. 402. 405. 412. 422. 420. 423. 430. 426.
  432. 431. 437. 437. 445. 442. 443. 447. 442. 446. 449. 406. 403. 400.
  399. 401. 403. 402. 400. 404. 404. 405. 406. 405. 407. 409.]]
##############################
[[ 70. 121. 163. 193. 215. 219. 229. 246. 249. 258. 260. 252. 261. 271.
  272. 270. 268. 273. 263. 284. 270. 274. 277. 280. 279. 284. 245. 244.
  247. 251. 243. 253. 250. 251. 254. 257. 252. 255. 256. 259.]
 [421. 481. 491. 496. 498. 498. 498. 498. 498. 499. 498. 498. 499. 499.
  499. 499. 499. 499. 499. 499. 500. 500. 500. 500. 500. 499. 449. 449.
  449. 449. 449. 450. 449. 449. 449. 449. 449. 449. 450. 450.]
 [129. 245. 292. 341. 368. 389. 407. 414. 416. 422. 425. 436. 435. 445.
  439. 438. 442. 447. 444. 448. 448. 450. 450. 452. 454. 452. 406. 410.
  409. 408. 410. 410. 407. 407. 408. 411. 411. 408. 411. 412.]
 [172. 281. 341. 350. 373. 384. 402. 405. 412. 422. 420. 423. 430. 426.
  432. 431. 437. 437. 445. 442. 443. 447. 442. 446. 449. 455. 403. 400.
  399. 401. 403. 402. 400. 404. 404. 405. 406. 405. 407. 409.]]
##############################
[[ 70. 121. 163. 193. 215. 219. 229. 246. 249. 258. 260. 252. 261. 271.
  272. 270. 268. 273. 263. 284. 270. 274. 277. 280. 279. 284. 278. 244.
  247. 251. 243. 253. 250. 251. 254. 257. 252. 255. 256. 259.]
 [421. 481. 491. 496. 498. 498. 498. 498. 498. 499. 498. 498. 499. 499.
  499. 499. 499. 499. 499. 499. 500. 500. 500. 500. 500. 499. 499. 449.
  449. 449. 449. 450. 449. 449. 449. 449. 449. 449. 450. 450.]
 [129. 245. 292. 341. 368. 389. 407. 414. 416. 422. 425. 436. 435. 445.
  439. 438. 442. 447. 444. 448. 448. 450. 450. 452. 454. 452. 454. 410.
  409. 408. 410. 410. 407. 407. 408. 411. 411. 408. 411. 412.]
 [172. 281. 341. 350. 373. 384. 402. 405. 412. 422. 420. 423. 430. 426.
  432. 431. 437. 437. 445. 442. 443. 447. 442. 446. 449. 455. 452. 400.
  399. 401. 403. 402. 400. 404. 404. 405. 406. 405. 407. 409.]]
##############################
[[ 70. 121. 163. 193. 215. 219. 229. 246. 249. 258. 260. 252. 261. 271.
  272. 270. 268. 273. 263. 284. 270. 274. 277. 280. 279. 284. 278. 278.
  247. 251. 243. 253. 250. 251. 254. 257. 252. 255. 256. 259.]
 [421. 481. 491. 496. 498. 498. 498. 498. 498. 499. 498. 498. 499. 499.
  499. 499. 499. 499. 499. 499. 500. 500. 500. 500. 500. 499. 499. 499.
  449. 449. 449. 450. 449. 449. 449. 449. 449. 449. 450. 450.]
 [129. 245. 292. 341. 368. 389. 407. 414. 416. 422. 425. 436. 435. 445.
  439. 438. 442. 447. 444. 448. 448. 450. 450. 452. 454. 452. 454. 458.
  409. 408. 410. 410. 407. 407. 408. 411. 411. 408. 411. 412.]
 [172. 281. 341. 350. 373. 384. 402. 405. 412. 422. 420. 423. 430. 426.
  432. 431. 437. 437. 445. 442. 443. 447. 442. 446. 449. 455. 452. 449.
  399. 401. 403. 402. 400. 404. 404. 405. 406. 405. 407. 409.]]
##############################
[[ 70. 121. 163. 193. 215. 219. 229. 246. 249. 258. 260. 252. 261. 271.
  272. 270. 268. 273. 263. 284. 270. 274. 277. 280. 279. 284. 278. 278.
  280. 251. 243. 253. 250. 251. 254. 257. 252. 255. 256. 259.]
 [421. 481. 491. 496. 498. 498. 498. 498. 498. 499. 498. 498. 499. 499.
  499. 499. 499. 499. 499. 499. 500. 500. 500. 500. 500. 499. 499. 499.
  499. 449. 449. 450. 449. 449. 449. 449. 449. 449. 450. 450.]
 [129. 245. 292. 341. 368. 389. 407. 414. 416. 422. 425. 436. 435. 445.
  439. 438. 442. 447. 444. 448. 448. 450. 450. 452. 454. 452. 454. 458.
  457. 408. 410. 410. 407. 407. 408. 411. 411. 408. 411. 412.]
 [172. 281. 341. 350. 373. 384. 402. 405. 412. 422. 420. 423. 430. 426.
  432. 431. 437. 437. 445. 442. 443. 447. 442. 446. 449. 455. 452. 449.
  448. 401. 403. 402. 400. 404. 404. 405. 406. 405. 407. 409.]]
##############################
[[ 70. 121. 163. 193. 215. 219. 229. 246. 249. 258. 260. 252. 261. 271.
  272. 270. 268. 273. 263. 284. 270. 274. 277. 280. 279. 284. 278. 278.
  280. 285. 243. 253. 250. 251. 254. 257. 252. 255. 256. 259.]
 [421. 481. 491. 496. 498. 498. 498. 498. 498. 499. 498. 498. 499. 499.
  499. 499. 499. 499. 499. 499. 500. 500. 500. 500. 500. 499. 499. 499.
  499. 499. 449. 450. 449. 449. 449. 449. 449. 449. 450. 450.]
 [129. 245. 292. 341. 368. 389. 407. 414. 416. 422. 425. 436. 435. 445.
  439. 438. 442. 447. 444. 448. 448. 450. 450. 452. 454. 452. 454. 458.
  457. 456. 410. 410. 407. 407. 408. 411. 411. 408. 411. 412.]
 [172. 281. 341. 350. 373. 384. 402. 405. 412. 422. 420. 423. 430. 426.
  432. 431. 437. 437. 445. 442. 443. 447. 442. 446. 449. 455. 452. 449.
  448. 450. 403. 402. 400. 404. 404. 405. 406. 405. 407. 409.]]
##############################
[[ 70. 121. 163. 193. 215. 219. 229. 246. 249. 258. 260. 252. 261. 271.
  272. 270. 268. 273. 263. 284. 270. 274. 277. 280. 279. 284. 278. 278.
  280. 285. 278. 253. 250. 251. 254. 257. 252. 255. 256. 259.]
 [421. 481. 491. 496. 498. 498. 498. 498. 498. 499. 498. 498. 499. 499.
  499. 499. 499. 499. 499. 499. 500. 500. 500. 500. 500. 499. 499. 499.
  499. 499. 499. 450. 449. 449. 449. 449. 449. 449. 450. 450.]
 [129. 245. 292. 341. 368. 389. 407. 414. 416. 422. 425. 436. 435. 445.
  439. 438. 442. 447. 444. 448. 448. 450. 450. 452. 454. 452. 454. 458.
  457. 456. 458. 410. 407. 407. 408. 411. 411. 408. 411. 412.]
 [172. 281. 341. 350. 373. 384. 402. 405. 412. 422. 420. 423. 430. 426.
  432. 431. 437. 437. 445. 442. 443. 447. 442. 446. 449. 455. 452. 449.
  448. 450. 452. 402. 400. 404. 404. 405. 406. 405. 407. 409.]]
##############################
[[ 70. 121. 163. 193. 215. 219. 229. 246. 249. 258. 260. 252. 261. 271.
  272. 270. 268. 273. 263. 284. 270. 274. 277. 280. 279. 284. 278. 278.
  280. 285. 278. 290. 250. 251. 254. 257. 252. 255. 256. 259.]
 [421. 481. 491. 496. 498. 498. 498. 498. 498. 499. 498. 498. 499. 499.
  499. 499. 499. 499. 499. 499. 500. 500. 500. 500. 500. 499. 499. 499.
  499. 499. 499. 500. 449. 449. 449. 449. 449. 449. 450. 450.]
 [129. 245. 292. 341. 368. 389. 407. 414. 416. 422. 425. 436. 435. 445.
  439. 438. 442. 447. 444. 448. 448. 450. 450. 452. 454. 452. 454. 458.
  457. 456. 458. 458. 407. 407. 408. 411. 411. 408. 411. 412.]
 [172. 281. 341. 350. 373. 384. 402. 405. 412. 422. 420. 423. 430. 426.
  432. 431. 437. 437. 445. 442. 443. 447. 442. 446. 449. 455. 452. 449.
  448. 450. 452. 451. 400. 404. 404. 405. 406. 405. 407. 409.]]
##############################
[[ 70. 121. 163. 193. 215. 219. 229. 246. 249. 258. 260. 252. 261. 271.
  272. 270. 268. 273. 263. 284. 270. 274. 277. 280. 279. 284. 278. 278.
  280. 285. 278. 290. 286. 251. 254. 257. 252. 255. 256. 259.]
 [421. 481. 491. 496. 498. 498. 498. 498. 498. 499. 498. 498. 499. 499.
  499. 499. 499. 499. 499. 499. 500. 500. 500. 500. 500. 499. 499. 499.
  499. 499. 499. 500. 499. 449. 449. 449. 449. 449. 450. 450.]
 [129. 245. 292. 341. 368. 389. 407. 414. 416. 422. 425. 436. 435. 445.
  439. 438. 442. 447. 444. 448. 448. 450. 450. 452. 454. 452. 454. 458.
  457. 456. 458. 458. 455. 407. 408. 411. 411. 408. 411. 412.]
 [172. 281. 341. 350. 373. 384. 402. 405. 412. 422. 420. 423. 430. 426.
  432. 431. 437. 437. 445. 442. 443. 447. 442. 446. 449. 455. 452. 449.
  448. 450. 452. 451. 449. 404. 404. 405. 406. 405. 407. 409.]]
##############################
[[ 70. 121. 163. 193. 215. 219. 229. 246. 249. 258. 260. 252. 261. 271.
  272. 270. 268. 273. 263. 284. 270. 274. 277. 280. 279. 284. 278. 278.
  280. 285. 278. 290. 286. 288. 254. 257. 252. 255. 256. 259.]
 [421. 481. 491. 496. 498. 498. 498. 498. 498. 499. 498. 498. 499. 499.
  499. 499. 499. 499. 499. 499. 500. 500. 500. 500. 500. 499. 499. 499.
  499. 499. 499. 500. 499. 499. 449. 449. 449. 449. 450. 450.]
 [129. 245. 292. 341. 368. 389. 407. 414. 416. 422. 425. 436. 435. 445.
  439. 438. 442. 447. 444. 448. 448. 450. 450. 452. 454. 452. 454. 458.
  457. 456. 458. 458. 455. 455. 408. 411. 411. 408. 411. 412.]
 [172. 281. 341. 350. 373. 384. 402. 405. 412. 422. 420. 423. 430. 426.
  432. 431. 437. 437. 445. 442. 443. 447. 442. 446. 449. 455. 452. 449.
  448. 450. 452. 451. 449. 453. 404. 405. 406. 405. 407. 409.]]
##############################
[[ 70. 121. 163. 193. 215. 219. 229. 246. 249. 258. 260. 252. 261. 271.
  272. 270. 268. 273. 263. 284. 270. 274. 277. 280. 279. 284. 278. 278.
  280. 285. 278. 290. 286. 288. 291. 257. 252. 255. 256. 259.]
 [421. 481. 491. 496. 498. 498. 498. 498. 498. 499. 498. 498. 499. 499.
  499. 499. 499. 499. 499. 499. 500. 500. 500. 500. 500. 499. 499. 499.
  499. 499. 499. 500. 499. 499. 499. 449. 449. 449. 450. 450.]
 [129. 245. 292. 341. 368. 389. 407. 414. 416. 422. 425. 436. 435. 445.
  439. 438. 442. 447. 444. 448. 448. 450. 450. 452. 454. 452. 454. 458.
  457. 456. 458. 458. 455. 455. 456. 411. 411. 408. 411. 412.]
 [172. 281. 341. 350. 373. 384. 402. 405. 412. 422. 420. 423. 430. 426.
  432. 431. 437. 437. 445. 442. 443. 447. 442. 446. 449. 455. 452. 449.
  448. 450. 452. 451. 449. 453. 453. 405. 406. 405. 407. 409.]]
##############################
[[ 70. 121. 163. 193. 215. 219. 229. 246. 249. 258. 260. 252. 261. 271.
  272. 270. 268. 273. 263. 284. 270. 274. 277. 280. 279. 284. 278. 278.
  280. 285. 278. 290. 286. 288. 291. 294. 252. 255. 256. 259.]
 [421. 481. 491. 496. 498. 498. 498. 498. 498. 499. 498. 498. 499. 499.
  499. 499. 499. 499. 499. 499. 500. 500. 500. 500. 500. 499. 499. 499.
  499. 499. 499. 500. 499. 499. 499. 499. 449. 449. 450. 450.]
 [129. 245. 292. 341. 368. 389. 407. 414. 416. 422. 425. 436. 435. 445.
  439. 438. 442. 447. 444. 448. 448. 450. 450. 452. 454. 452. 454. 458.
  457. 456. 458. 458. 455. 455. 456. 459. 411. 408. 411. 412.]
 [172. 281. 341. 350. 373. 384. 402. 405. 412. 422. 420. 423. 430. 426.
  432. 431. 437. 437. 445. 442. 443. 447. 442. 446. 449. 455. 452. 449.
  448. 450. 452. 451. 449. 453. 453. 454. 406. 405. 407. 409.]]
##############################
[[ 70. 121. 163. 193. 215. 219. 229. 246. 249. 258. 260. 252. 261. 271.
  272. 270. 268. 273. 263. 284. 270. 274. 277. 280. 279. 284. 278. 278.
  280. 285. 278. 290. 286. 288. 291. 294. 290. 255. 256. 259.]
 [421. 481. 491. 496. 498. 498. 498. 498. 498. 499. 498. 498. 499. 499.
  499. 499. 499. 499. 499. 499. 500. 500. 500. 500. 500. 499. 499. 499.
  499. 499. 499. 500. 499. 499. 499. 499. 499. 449. 450. 450.]
 [129. 245. 292. 341. 368. 389. 407. 414. 416. 422. 425. 436. 435. 445.
  439. 438. 442. 447. 444. 448. 448. 450. 450. 452. 454. 452. 454. 458.
  457. 456. 458. 458. 455. 455. 456. 459. 459. 408. 411. 412.]
 [172. 281. 341. 350. 373. 384. 402. 405. 412. 422. 420. 423. 430. 426.
  432. 431. 437. 437. 445. 442. 443. 447. 442. 446. 449. 455. 452. 449.
  448. 450. 452. 451. 449. 453. 453. 454. 455. 405. 407. 409.]]
##############################
[[ 70. 121. 163. 193. 215. 219. 229. 246. 249. 258. 260. 252. 261. 271.
  272. 270. 268. 273. 263. 284. 270. 274. 277. 280. 279. 284. 278. 278.
  280. 285. 278. 290. 286. 288. 291. 294. 290. 292. 256. 259.]
 [421. 481. 491. 496. 498. 498. 498. 498. 498. 499. 498. 498. 499. 499.
  499. 499. 499. 499. 499. 499. 500. 500. 500. 500. 500. 499. 499. 499.
  499. 499. 499. 500. 499. 499. 499. 499. 499. 499. 450. 450.]
 [129. 245. 292. 341. 368. 389. 407. 414. 416. 422. 425. 436. 435. 445.
  439. 438. 442. 447. 444. 448. 448. 450. 450. 452. 454. 452. 454. 458.
  457. 456. 458. 458. 455. 455. 456. 459. 459. 456. 411. 412.]
 [172. 281. 341. 350. 373. 384. 402. 405. 412. 422. 420. 423. 430. 426.
  432. 431. 437. 437. 445. 442. 443. 447. 442. 446. 449. 455. 452. 449.
  448. 450. 452. 451. 449. 453. 453. 454. 455. 454. 407. 409.]]
##############################
[[ 70. 121. 163. 193. 215. 219. 229. 246. 249. 258. 260. 252. 261. 271.
  272. 270. 268. 273. 263. 284. 270. 274. 277. 280. 279. 284. 278. 278.
  280. 285. 278. 290. 286. 288. 291. 294. 290. 292. 291. 259.]
 [421. 481. 491. 496. 498. 498. 498. 498. 498. 499. 498. 498. 499. 499.
  499. 499. 499. 499. 499. 499. 500. 500. 500. 500. 500. 499. 499. 499.
  499. 499. 499. 500. 499. 499. 499. 499. 499. 499. 500. 450.]
 [129. 245. 292. 341. 368. 389. 407. 414. 416. 422. 425. 436. 435. 445.
  439. 438. 442. 447. 444. 448. 448. 450. 450. 452. 454. 452. 454. 458.
  457. 456. 458. 458. 455. 455. 456. 459. 459. 456. 459. 412.]
 [172. 281. 341. 350. 373. 384. 402. 405. 412. 422. 420. 423. 430. 426.
  432. 431. 437. 437. 445. 442. 443. 447. 442. 446. 449. 455. 452. 449.
  448. 450. 452. 451. 449. 453. 453. 454. 455. 454. 456. 409.]]
##############################
[[ 70. 121. 163. 193. 215. 219. 229. 246. 249. 258. 260. 252. 261. 271.
  272. 270. 268. 273. 263. 284. 270. 274. 277. 280. 279. 284. 278. 278.
  280. 285. 278. 290. 286. 288. 291. 294. 290. 292. 291. 294.]
 [421. 481. 491. 496. 498. 498. 498. 498. 498. 499. 498. 498. 499. 499.
  499. 499. 499. 499. 499. 499. 500. 500. 500. 500. 500. 499. 499. 499.
  499. 499. 499. 500. 499. 499. 499. 499. 499. 499. 500. 500.]
 [129. 245. 292. 341. 368. 389. 407. 414. 416. 422. 425. 436. 435. 445.
  439. 438. 442. 447. 444. 448. 448. 450. 450. 452. 454. 452. 454. 458.
  457. 456. 458. 458. 455. 455. 456. 459. 459. 456. 459. 460.]
 [172. 281. 341. 350. 373. 384. 402. 405. 412. 422. 420. 423. 430. 426.
  432. 431. 437. 437. 445. 442. 443. 447. 442. 446. 449. 455. 452. 449.
  448. 450. 452. 451. 449. 453. 453. 454. 455. 454. 456. 458.]]
##############################
##################################################
##################################################
starting :11 batch
[[ 76. 121. 163. 193. 215. 219. 229. 246. 249. 258. 260. 252. 261. 271.
  272. 270. 268. 273. 263. 284. 270. 274. 277. 280. 279. 284. 278. 278.
  280. 285. 278. 290. 286. 288. 291. 294. 290. 292. 291. 294.]
 [464. 481. 491. 496. 498. 498. 498. 498. 498. 499. 498. 498. 499. 499.
  499. 499. 499. 499. 499. 499. 500. 500. 500. 500. 500. 499. 499. 499.
  499. 499. 499. 500. 499. 499. 499. 499. 499. 499. 500. 500.]
 [148. 245. 292. 341. 368. 389. 407. 414. 416. 422. 425. 436. 435. 445.
  439. 438. 442. 447. 444. 448. 448. 450. 450. 452. 454. 452. 454. 458.
  457. 456. 458. 458. 455. 455. 456. 459. 459. 456. 459. 460.]
 [195. 281. 341. 350. 373. 384. 402. 405. 412. 422. 420. 423. 430. 426.
  432. 431. 437. 437. 445. 442. 443. 447. 442. 446. 449. 455. 452. 449.
  448. 450. 452. 451. 449. 453. 453. 454. 455. 454. 456. 458.]]
##############################
[[ 76. 133. 163. 193. 215. 219. 229. 246. 249. 258. 260. 252. 261. 271.
  272. 270. 268. 273. 263. 284. 270. 274. 277. 280. 279. 284. 278. 278.
  280. 285. 278. 290. 286. 288. 291. 294. 290. 292. 291. 294.]
 [464. 530. 491. 496. 498. 498. 498. 498. 498. 499. 498. 498. 499. 499.
  499. 499. 499. 499. 499. 499. 500. 500. 500. 500. 500. 499. 499. 499.
  499. 499. 499. 500. 499. 499. 499. 499. 499. 499. 500. 500.]
 [148. 269. 292. 341. 368. 389. 407. 414. 416. 422. 425. 436. 435. 445.
  439. 438. 442. 447. 444. 448. 448. 450. 450. 452. 454. 452. 454. 458.
  457. 456. 458. 458. 455. 455. 456. 459. 459. 456. 459. 460.]
 [195. 311. 341. 350. 373. 384. 402. 405. 412. 422. 420. 423. 430. 426.
  432. 431. 437. 437. 445. 442. 443. 447. 442. 446. 449. 455. 452. 449.
  448. 450. 452. 451. 449. 453. 453. 454. 455. 454. 456. 458.]]
##############################
[[ 76. 133. 176. 193. 215. 219. 229. 246. 249. 258. 260. 252. 261. 271.
  272. 270. 268. 273. 263. 284. 270. 274. 277. 280. 279. 284. 278. 278.
  280. 285. 278. 290. 286. 288. 291. 294. 290. 292. 291. 294.]
 [464. 530. 540. 496. 498. 498. 498. 498. 498. 499. 498. 498. 499. 499.
  499. 499. 499. 499. 499. 499. 500. 500. 500. 500. 500. 499. 499. 499.
  499. 499. 499. 500. 499. 499. 499. 499. 499. 499. 500. 500.]
 [148. 269. 322. 341. 368. 389. 407. 414. 416. 422. 425. 436. 435. 445.
  439. 438. 442. 447. 444. 448. 448. 450. 450. 452. 454. 452. 454. 458.
  457. 456. 458. 458. 455. 455. 456. 459. 459. 456. 459. 460.]
 [195. 311. 376. 350. 373. 384. 402. 405. 412. 422. 420. 423. 430. 426.
  432. 431. 437. 437. 445. 442. 443. 447. 442. 446. 449. 455. 452. 449.
  448. 450. 452. 451. 449. 453. 453. 454. 455. 454. 456. 458.]]
##############################
[[ 76. 133. 176. 210. 215. 219. 229. 246. 249. 258. 260. 252. 261. 271.
  272. 270. 268. 273. 263. 284. 270. 274. 277. 280. 279. 284. 278. 278.
  280. 285. 278. 290. 286. 288. 291. 294. 290. 292. 291. 294.]
 [464. 530. 540. 546. 498. 498. 498. 498. 498. 499. 498. 498. 499. 499.
  499. 499. 499. 499. 499. 499. 500. 500. 500. 500. 500. 499. 499. 499.
  499. 499. 499. 500. 499. 499. 499. 499. 499. 499. 500. 500.]
 [148. 269. 322. 375. 368. 389. 407. 414. 416. 422. 425. 436. 435. 445.
  439. 438. 442. 447. 444. 448. 448. 450. 450. 452. 454. 452. 454. 458.
  457. 456. 458. 458. 455. 455. 456. 459. 459. 456. 459. 460.]
 [195. 311. 376. 386. 373. 384. 402. 405. 412. 422. 420. 423. 430. 426.
  432. 431. 437. 437. 445. 442. 443. 447. 442. 446. 449. 455. 452. 449.
  448. 450. 452. 451. 449. 453. 453. 454. 455. 454. 456. 458.]]
##############################
[[ 76. 133. 176. 210. 233. 219. 229. 246. 249. 258. 260. 252. 261. 271.
  272. 270. 268. 273. 263. 284. 270. 274. 277. 280. 279. 284. 278. 278.
  280. 285. 278. 290. 286. 288. 291. 294. 290. 292. 291. 294.]
 [464. 530. 540. 546. 548. 498. 498. 498. 498. 499. 498. 498. 499. 499.
  499. 499. 499. 499. 499. 499. 500. 500. 500. 500. 500. 499. 499. 499.
  499. 499. 499. 500. 499. 499. 499. 499. 499. 499. 500. 500.]
 [148. 269. 322. 375. 403. 389. 407. 414. 416. 422. 425. 436. 435. 445.
  439. 438. 442. 447. 444. 448. 448. 450. 450. 452. 454. 452. 454. 458.
  457. 456. 458. 458. 455. 455. 456. 459. 459. 456. 459. 460.]
 [195. 311. 376. 386. 411. 384. 402. 405. 412. 422. 420. 423. 430. 426.
  432. 431. 437. 437. 445. 442. 443. 447. 442. 446. 449. 455. 452. 449.
  448. 450. 452. 451. 449. 453. 453. 454. 455. 454. 456. 458.]]
##############################
[[ 76. 133. 176. 210. 233. 238. 229. 246. 249. 258. 260. 252. 261. 271.
  272. 270. 268. 273. 263. 284. 270. 274. 277. 280. 279. 284. 278. 278.
  280. 285. 278. 290. 286. 288. 291. 294. 290. 292. 291. 294.]
 [464. 530. 540. 546. 548. 548. 498. 498. 498. 499. 498. 498. 499. 499.
  499. 499. 499. 499. 499. 499. 500. 500. 500. 500. 500. 499. 499. 499.
  499. 499. 499. 500. 499. 499. 499. 499. 499. 499. 500. 500.]
 [148. 269. 322. 375. 403. 425. 407. 414. 416. 422. 425. 436. 435. 445.
  439. 438. 442. 447. 444. 448. 448. 450. 450. 452. 454. 452. 454. 458.
  457. 456. 458. 458. 455. 455. 456. 459. 459. 456. 459. 460.]
 [195. 311. 376. 386. 411. 425. 402. 405. 412. 422. 420. 423. 430. 426.
  432. 431. 437. 437. 445. 442. 443. 447. 442. 446. 449. 455. 452. 449.
  448. 450. 452. 451. 449. 453. 453. 454. 455. 454. 456. 458.]]
##############################
[[ 76. 133. 176. 210. 233. 238. 248. 246. 249. 258. 260. 252. 261. 271.
  272. 270. 268. 273. 263. 284. 270. 274. 277. 280. 279. 284. 278. 278.
  280. 285. 278. 290. 286. 288. 291. 294. 290. 292. 291. 294.]
 [464. 530. 540. 546. 548. 548. 548. 498. 498. 499. 498. 498. 499. 499.
  499. 499. 499. 499. 499. 499. 500. 500. 500. 500. 500. 499. 499. 499.
  499. 499. 499. 500. 499. 499. 499. 499. 499. 499. 500. 500.]
 [148. 269. 322. 375. 403. 425. 447. 414. 416. 422. 425. 436. 435. 445.
  439. 438. 442. 447. 444. 448. 448. 450. 450. 452. 454. 452. 454. 458.
  457. 456. 458. 458. 455. 455. 456. 459. 459. 456. 459. 460.]
 [195. 311. 376. 386. 411. 425. 443. 405. 412. 422. 420. 423. 430. 426.
  432. 431. 437. 437. 445. 442. 443. 447. 442. 446. 449. 455. 452. 449.
  448. 450. 452. 451. 449. 453. 453. 454. 455. 454. 456. 458.]]
##############################
[[ 76. 133. 176. 210. 233. 238. 248. 268. 249. 258. 260. 252. 261. 271.
  272. 270. 268. 273. 263. 284. 270. 274. 277. 280. 279. 284. 278. 278.
  280. 285. 278. 290. 286. 288. 291. 294. 290. 292. 291. 294.]
 [464. 530. 540. 546. 548. 548. 548. 548. 498. 499. 498. 498. 499. 499.
  499. 499. 499. 499. 499. 499. 500. 500. 500. 500. 500. 499. 499. 499.
  499. 499. 499. 500. 499. 499. 499. 499. 499. 499. 500. 500.]
 [148. 269. 322. 375. 403. 425. 447. 453. 416. 422. 425. 436. 435. 445.
  439. 438. 442. 447. 444. 448. 448. 450. 450. 452. 454. 452. 454. 458.
  457. 456. 458. 458. 455. 455. 456. 459. 459. 456. 459. 460.]
 [195. 311. 376. 386. 411. 425. 443. 448. 412. 422. 420. 423. 430. 426.
  432. 431. 437. 437. 445. 442. 443. 447. 442. 446. 449. 455. 452. 449.
  448. 450. 452. 451. 449. 453. 453. 454. 455. 454. 456. 458.]]
##############################
[[ 76. 133. 176. 210. 233. 238. 248. 268. 270. 258. 260. 252. 261. 271.
  272. 270. 268. 273. 263. 284. 270. 274. 277. 280. 279. 284. 278. 278.
  280. 285. 278. 290. 286. 288. 291. 294. 290. 292. 291. 294.]
 [464. 530. 540. 546. 548. 548. 548. 548. 548. 499. 498. 498. 499. 499.
  499. 499. 499. 499. 499. 499. 500. 500. 500. 500. 500. 499. 499. 499.
  499. 499. 499. 500. 499. 499. 499. 499. 499. 499. 500. 500.]
 [148. 269. 322. 375. 403. 425. 447. 453. 456. 422. 425. 436. 435. 445.
  439. 438. 442. 447. 444. 448. 448. 450. 450. 452. 454. 452. 454. 458.
  457. 456. 458. 458. 455. 455. 456. 459. 459. 456. 459. 460.]
 [195. 311. 376. 386. 411. 425. 443. 448. 456. 422. 420. 423. 430. 426.
  432. 431. 437. 437. 445. 442. 443. 447. 442. 446. 449. 455. 452. 449.
  448. 450. 452. 451. 449. 453. 453. 454. 455. 454. 456. 458.]]
##############################
[[ 76. 133. 176. 210. 233. 238. 248. 268. 270. 282. 260. 252. 261. 271.
  272. 270. 268. 273. 263. 284. 270. 274. 277. 280. 279. 284. 278. 278.
  280. 285. 278. 290. 286. 288. 291. 294. 290. 292. 291. 294.]
 [464. 530. 540. 546. 548. 548. 548. 548. 548. 549. 498. 498. 499. 499.
  499. 499. 499. 499. 499. 499. 500. 500. 500. 500. 500. 499. 499. 499.
  499. 499. 499. 500. 499. 499. 499. 499. 499. 499. 500. 500.]
 [148. 269. 322. 375. 403. 425. 447. 453. 456. 465. 425. 436. 435. 445.
  439. 438. 442. 447. 444. 448. 448. 450. 450. 452. 454. 452. 454. 458.
  457. 456. 458. 458. 455. 455. 456. 459. 459. 456. 459. 460.]
 [195. 311. 376. 386. 411. 425. 443. 448. 456. 466. 420. 423. 430. 426.
  432. 431. 437. 437. 445. 442. 443. 447. 442. 446. 449. 455. 452. 449.
  448. 450. 452. 451. 449. 453. 453. 454. 455. 454. 456. 458.]]
##############################
[[ 76. 133. 176. 210. 233. 238. 248. 268. 270. 282. 285. 252. 261. 271.
  272. 270. 268. 273. 263. 284. 270. 274. 277. 280. 279. 284. 278. 278.
  280. 285. 278. 290. 286. 288. 291. 294. 290. 292. 291. 294.]
 [464. 530. 540. 546. 548. 548. 548. 548. 548. 549. 548. 498. 499. 499.
  499. 499. 499. 499. 499. 499. 500. 500. 500. 500. 500. 499. 499. 499.
  499. 499. 499. 500. 499. 499. 499. 499. 499. 499. 500. 500.]
 [148. 269. 322. 375. 403. 425. 447. 453. 456. 465. 469. 436. 435. 445.
  439. 438. 442. 447. 444. 448. 448. 450. 450. 452. 454. 452. 454. 458.
  457. 456. 458. 458. 455. 455. 456. 459. 459. 456. 459. 460.]
 [195. 311. 376. 386. 411. 425. 443. 448. 456. 466. 463. 423. 430. 426.
  432. 431. 437. 437. 445. 442. 443. 447. 442. 446. 449. 455. 452. 449.
  448. 450. 452. 451. 449. 453. 453. 454. 455. 454. 456. 458.]]
##############################
[[ 76. 133. 176. 210. 233. 238. 248. 268. 270. 282. 285. 273. 261. 271.
  272. 270. 268. 273. 263. 284. 270. 274. 277. 280. 279. 284. 278. 278.
  280. 285. 278. 290. 286. 288. 291. 294. 290. 292. 291. 294.]
 [464. 530. 540. 546. 548. 548. 548. 548. 548. 549. 548. 548. 499. 499.
  499. 499. 499. 499. 499. 499. 500. 500. 500. 500. 500. 499. 499. 499.
  499. 499. 499. 500. 499. 499. 499. 499. 499. 499. 500. 500.]
 [148. 269. 322. 375. 403. 425. 447. 453. 456. 465. 469. 479. 435. 445.
  439. 438. 442. 447. 444. 448. 448. 450. 450. 452. 454. 452. 454. 458.
  457. 456. 458. 458. 455. 455. 456. 459. 459. 456. 459. 460.]
 [195. 311. 376. 386. 411. 425. 443. 448. 456. 466. 463. 468. 430. 426.
  432. 431. 437. 437. 445. 442. 443. 447. 442. 446. 449. 455. 452. 449.
  448. 450. 452. 451. 449. 453. 453. 454. 455. 454. 456. 458.]]
##############################
[[ 76. 133. 176. 210. 233. 238. 248. 268. 270. 282. 285. 273. 283. 271.
  272. 270. 268. 273. 263. 284. 270. 274. 277. 280. 279. 284. 278. 278.
  280. 285. 278. 290. 286. 288. 291. 294. 290. 292. 291. 294.]
 [464. 530. 540. 546. 548. 548. 548. 548. 548. 549. 548. 548. 549. 499.
  499. 499. 499. 499. 499. 499. 500. 500. 500. 500. 500. 499. 499. 499.
  499. 499. 499. 500. 499. 499. 499. 499. 499. 499. 500. 500.]
 [148. 269. 322. 375. 403. 425. 447. 453. 456. 465. 469. 479. 476. 445.
  439. 438. 442. 447. 444. 448. 448. 450. 450. 452. 454. 452. 454. 458.
  457. 456. 458. 458. 455. 455. 456. 459. 459. 456. 459. 460.]
 [195. 311. 376. 386. 411. 425. 443. 448. 456. 466. 463. 468. 474. 426.
  432. 431. 437. 437. 445. 442. 443. 447. 442. 446. 449. 455. 452. 449.
  448. 450. 452. 451. 449. 453. 453. 454. 455. 454. 456. 458.]]
##############################
[[ 76. 133. 176. 210. 233. 238. 248. 268. 270. 282. 285. 273. 283. 292.
  272. 270. 268. 273. 263. 284. 270. 274. 277. 280. 279. 284. 278. 278.
  280. 285. 278. 290. 286. 288. 291. 294. 290. 292. 291. 294.]
 [464. 530. 540. 546. 548. 548. 548. 548. 548. 549. 548. 548. 549. 549.
  499. 499. 499. 499. 499. 499. 500. 500. 500. 500. 500. 499. 499. 499.
  499. 499. 499. 500. 499. 499. 499. 499. 499. 499. 500. 500.]
 [148. 269. 322. 375. 403. 425. 447. 453. 456. 465. 469. 479. 476. 486.
  439. 438. 442. 447. 444. 448. 448. 450. 450. 452. 454. 452. 454. 458.
  457. 456. 458. 458. 455. 455. 456. 459. 459. 456. 459. 460.]
 [195. 311. 376. 386. 411. 425. 443. 448. 456. 466. 463. 468. 474. 470.
  432. 431. 437. 437. 445. 442. 443. 447. 442. 446. 449. 455. 452. 449.
  448. 450. 452. 451. 449. 453. 453. 454. 455. 454. 456. 458.]]
##############################
[[ 76. 133. 176. 210. 233. 238. 248. 268. 270. 282. 285. 273. 283. 292.
  296. 270. 268. 273. 263. 284. 270. 274. 277. 280. 279. 284. 278. 278.
  280. 285. 278. 290. 286. 288. 291. 294. 290. 292. 291. 294.]
 [464. 530. 540. 546. 548. 548. 548. 548. 548. 549. 548. 548. 549. 549.
  549. 499. 499. 499. 499. 499. 500. 500. 500. 500. 500. 499. 499. 499.
  499. 499. 499. 500. 499. 499. 499. 499. 499. 499. 500. 500.]
 [148. 269. 322. 375. 403. 425. 447. 453. 456. 465. 469. 479. 476. 486.
  482. 438. 442. 447. 444. 448. 448. 450. 450. 452. 454. 452. 454. 458.
  457. 456. 458. 458. 455. 455. 456. 459. 459. 456. 459. 460.]
 [195. 311. 376. 386. 411. 425. 443. 448. 456. 466. 463. 468. 474. 470.
  476. 431. 437. 437. 445. 442. 443. 447. 442. 446. 449. 455. 452. 449.
  448. 450. 452. 451. 449. 453. 453. 454. 455. 454. 456. 458.]]
##############################
[[ 76. 133. 176. 210. 233. 238. 248. 268. 270. 282. 285. 273. 283. 292.
  296. 292. 268. 273. 263. 284. 270. 274. 277. 280. 279. 284. 278. 278.
  280. 285. 278. 290. 286. 288. 291. 294. 290. 292. 291. 294.]
 [464. 530. 540. 546. 548. 548. 548. 548. 548. 549. 548. 548. 549. 549.
  549. 549. 499. 499. 499. 499. 500. 500. 500. 500. 500. 499. 499. 499.
  499. 499. 499. 500. 499. 499. 499. 499. 499. 499. 500. 500.]
 [148. 269. 322. 375. 403. 425. 447. 453. 456. 465. 469. 479. 476. 486.
  482. 480. 442. 447. 444. 448. 448. 450. 450. 452. 454. 452. 454. 458.
  457. 456. 458. 458. 455. 455. 456. 459. 459. 456. 459. 460.]
 [195. 311. 376. 386. 411. 425. 443. 448. 456. 466. 463. 468. 474. 470.
  476. 475. 437. 437. 445. 442. 443. 447. 442. 446. 449. 455. 452. 449.
  448. 450. 452. 451. 449. 453. 453. 454. 455. 454. 456. 458.]]
##############################
[[ 76. 133. 176. 210. 233. 238. 248. 268. 270. 282. 285. 273. 283. 292.
  296. 292. 291. 273. 263. 284. 270. 274. 277. 280. 279. 284. 278. 278.
  280. 285. 278. 290. 286. 288. 291. 294. 290. 292. 291. 294.]
 [464. 530. 540. 546. 548. 548. 548. 548. 548. 549. 548. 548. 549. 549.
  549. 549. 549. 499. 499. 499. 500. 500. 500. 500. 500. 499. 499. 499.
  499. 499. 499. 500. 499. 499. 499. 499. 499. 499. 500. 500.]
 [148. 269. 322. 375. 403. 425. 447. 453. 456. 465. 469. 479. 476. 486.
  482. 480. 486. 447. 444. 448. 448. 450. 450. 452. 454. 452. 454. 458.
  457. 456. 458. 458. 455. 455. 456. 459. 459. 456. 459. 460.]
 [195. 311. 376. 386. 411. 425. 443. 448. 456. 466. 463. 468. 474. 470.
  476. 475. 481. 437. 445. 442. 443. 447. 442. 446. 449. 455. 452. 449.
  448. 450. 452. 451. 449. 453. 453. 454. 455. 454. 456. 458.]]
##############################
[[ 76. 133. 176. 210. 233. 238. 248. 268. 270. 282. 285. 273. 283. 292.
  296. 292. 291. 296. 263. 284. 270. 274. 277. 280. 279. 284. 278. 278.
  280. 285. 278. 290. 286. 288. 291. 294. 290. 292. 291. 294.]
 [464. 530. 540. 546. 548. 548. 548. 548. 548. 549. 548. 548. 549. 549.
  549. 549. 549. 549. 499. 499. 500. 500. 500. 500. 500. 499. 499. 499.
  499. 499. 499. 500. 499. 499. 499. 499. 499. 499. 500. 500.]
 [148. 269. 322. 375. 403. 425. 447. 453. 456. 465. 469. 479. 476. 486.
  482. 480. 486. 491. 444. 448. 448. 450. 450. 452. 454. 452. 454. 458.
  457. 456. 458. 458. 455. 455. 456. 459. 459. 456. 459. 460.]
 [195. 311. 376. 386. 411. 425. 443. 448. 456. 466. 463. 468. 474. 470.
  476. 475. 481. 482. 445. 442. 443. 447. 442. 446. 449. 455. 452. 449.
  448. 450. 452. 451. 449. 453. 453. 454. 455. 454. 456. 458.]]
##############################
[[ 76. 133. 176. 210. 233. 238. 248. 268. 270. 282. 285. 273. 283. 292.
  296. 292. 291. 296. 284. 284. 270. 274. 277. 280. 279. 284. 278. 278.
  280. 285. 278. 290. 286. 288. 291. 294. 290. 292. 291. 294.]
 [464. 530. 540. 546. 548. 548. 548. 548. 548. 549. 548. 548. 549. 549.
  549. 549. 549. 549. 549. 499. 500. 500. 500. 500. 500. 499. 499. 499.
  499. 499. 499. 500. 499. 499. 499. 499. 499. 499. 500. 500.]
 [148. 269. 322. 375. 403. 425. 447. 453. 456. 465. 469. 479. 476. 486.
  482. 480. 486. 491. 487. 448. 448. 450. 450. 452. 454. 452. 454. 458.
  457. 456. 458. 458. 455. 455. 456. 459. 459. 456. 459. 460.]
 [195. 311. 376. 386. 411. 425. 443. 448. 456. 466. 463. 468. 474. 470.
  476. 475. 481. 482. 490. 442. 443. 447. 442. 446. 449. 455. 452. 449.
  448. 450. 452. 451. 449. 453. 453. 454. 455. 454. 456. 458.]]
##############################
[[ 76. 133. 176. 210. 233. 238. 248. 268. 270. 282. 285. 273. 283. 292.
  296. 292. 291. 296. 284. 305. 270. 274. 277. 280. 279. 284. 278. 278.
  280. 285. 278. 290. 286. 288. 291. 294. 290. 292. 291. 294.]
 [464. 530. 540. 546. 548. 548. 548. 548. 548. 549. 548. 548. 549. 549.
  549. 549. 549. 549. 549. 549. 500. 500. 500. 500. 500. 499. 499. 499.
  499. 499. 499. 500. 499. 499. 499. 499. 499. 499. 500. 500.]
 [148. 269. 322. 375. 403. 425. 447. 453. 456. 465. 469. 479. 476. 486.
  482. 480. 486. 491. 487. 493. 448. 450. 450. 452. 454. 452. 454. 458.
  457. 456. 458. 458. 455. 455. 456. 459. 459. 456. 459. 460.]
 [195. 311. 376. 386. 411. 425. 443. 448. 456. 466. 463. 468. 474. 470.
  476. 475. 481. 482. 490. 487. 443. 447. 442. 446. 449. 455. 452. 449.
  448. 450. 452. 451. 449. 453. 453. 454. 455. 454. 456. 458.]]
##############################
[[ 76. 133. 176. 210. 233. 238. 248. 268. 270. 282. 285. 273. 283. 292.
  296. 292. 291. 296. 284. 305. 294. 274. 277. 280. 279. 284. 278. 278.
  280. 285. 278. 290. 286. 288. 291. 294. 290. 292. 291. 294.]
 [464. 530. 540. 546. 548. 548. 548. 548. 548. 549. 548. 548. 549. 549.
  549. 549. 549. 549. 549. 549. 550. 500. 500. 500. 500. 499. 499. 499.
  499. 499. 499. 500. 499. 499. 499. 499. 499. 499. 500. 500.]
 [148. 269. 322. 375. 403. 425. 447. 453. 456. 465. 469. 479. 476. 486.
  482. 480. 486. 491. 487. 493. 494. 450. 450. 452. 454. 452. 454. 458.
  457. 456. 458. 458. 455. 455. 456. 459. 459. 456. 459. 460.]
 [195. 311. 376. 386. 411. 425. 443. 448. 456. 466. 463. 468. 474. 470.
  476. 475. 481. 482. 490. 487. 488. 447. 442. 446. 449. 455. 452. 449.
  448. 450. 452. 451. 449. 453. 453. 454. 455. 454. 456. 458.]]
##############################
[[ 76. 133. 176. 210. 233. 238. 248. 268. 270. 282. 285. 273. 283. 292.
  296. 292. 291. 296. 284. 305. 294. 299. 277. 280. 279. 284. 278. 278.
  280. 285. 278. 290. 286. 288. 291. 294. 290. 292. 291. 294.]
 [464. 530. 540. 546. 548. 548. 548. 548. 548. 549. 548. 548. 549. 549.
  549. 549. 549. 549. 549. 549. 550. 550. 500. 500. 500. 499. 499. 499.
  499. 499. 499. 500. 499. 499. 499. 499. 499. 499. 500. 500.]
 [148. 269. 322. 375. 403. 425. 447. 453. 456. 465. 469. 479. 476. 486.
  482. 480. 486. 491. 487. 493. 494. 494. 450. 452. 454. 452. 454. 458.
  457. 456. 458. 458. 455. 455. 456. 459. 459. 456. 459. 460.]
 [195. 311. 376. 386. 411. 425. 443. 448. 456. 466. 463. 468. 474. 470.
  476. 475. 481. 482. 490. 487. 488. 492. 442. 446. 449. 455. 452. 449.
  448. 450. 452. 451. 449. 453. 453. 454. 455. 454. 456. 458.]]
##############################
[[ 76. 133. 176. 210. 233. 238. 248. 268. 270. 282. 285. 273. 283. 292.
  296. 292. 291. 296. 284. 305. 294. 299. 301. 280. 279. 284. 278. 278.
  280. 285. 278. 290. 286. 288. 291. 294. 290. 292. 291. 294.]
 [464. 530. 540. 546. 548. 548. 548. 548. 548. 549. 548. 548. 549. 549.
  549. 549. 549. 549. 549. 549. 550. 550. 550. 500. 500. 499. 499. 499.
  499. 499. 499. 500. 499. 499. 499. 499. 499. 499. 500. 500.]
 [148. 269. 322. 375. 403. 425. 447. 453. 456. 465. 469. 479. 476. 486.
  482. 480. 486. 491. 487. 493. 494. 494. 497. 452. 454. 452. 454. 458.
  457. 456. 458. 458. 455. 455. 456. 459. 459. 456. 459. 460.]
 [195. 311. 376. 386. 411. 425. 443. 448. 456. 466. 463. 468. 474. 470.
  476. 475. 481. 482. 490. 487. 488. 492. 487. 446. 449. 455. 452. 449.
  448. 450. 452. 451. 449. 453. 453. 454. 455. 454. 456. 458.]]
##############################
[[ 76. 133. 176. 210. 233. 238. 248. 268. 270. 282. 285. 273. 283. 292.
  296. 292. 291. 296. 284. 305. 294. 299. 301. 304. 279. 284. 278. 278.
  280. 285. 278. 290. 286. 288. 291. 294. 290. 292. 291. 294.]
 [464. 530. 540. 546. 548. 548. 548. 548. 548. 549. 548. 548. 549. 549.
  549. 549. 549. 549. 549. 549. 550. 550. 550. 550. 500. 499. 499. 499.
  499. 499. 499. 500. 499. 499. 499. 499. 499. 499. 500. 500.]
 [148. 269. 322. 375. 403. 425. 447. 453. 456. 465. 469. 479. 476. 486.
  482. 480. 486. 491. 487. 493. 494. 494. 497. 497. 454. 452. 454. 458.
  457. 456. 458. 458. 455. 455. 456. 459. 459. 456. 459. 460.]
 [195. 311. 376. 386. 411. 425. 443. 448. 456. 466. 463. 468. 474. 470.
  476. 475. 481. 482. 490. 487. 488. 492. 487. 492. 449. 455. 452. 449.
  448. 450. 452. 451. 449. 453. 453. 454. 455. 454. 456. 458.]]
##############################
[[ 76. 133. 176. 210. 233. 238. 248. 268. 270. 282. 285. 273. 283. 292.
  296. 292. 291. 296. 284. 305. 294. 299. 301. 304. 304. 284. 278. 278.
  280. 285. 278. 290. 286. 288. 291. 294. 290. 292. 291. 294.]
 [464. 530. 540. 546. 548. 548. 548. 548. 548. 549. 548. 548. 549. 549.
  549. 549. 549. 549. 549. 549. 550. 550. 550. 550. 550. 499. 499. 499.
  499. 499. 499. 500. 499. 499. 499. 499. 499. 499. 500. 500.]
 [148. 269. 322. 375. 403. 425. 447. 453. 456. 465. 469. 479. 476. 486.
  482. 480. 486. 491. 487. 493. 494. 494. 497. 497. 499. 452. 454. 458.
  457. 456. 458. 458. 455. 455. 456. 459. 459. 456. 459. 460.]
 [195. 311. 376. 386. 411. 425. 443. 448. 456. 466. 463. 468. 474. 470.
  476. 475. 481. 482. 490. 487. 488. 492. 487. 492. 495. 455. 452. 449.
  448. 450. 452. 451. 449. 453. 453. 454. 455. 454. 456. 458.]]
##############################
[[ 76. 133. 176. 210. 233. 238. 248. 268. 270. 282. 285. 273. 283. 292.
  296. 292. 291. 296. 284. 305. 294. 299. 301. 304. 304. 308. 278. 278.
  280. 285. 278. 290. 286. 288. 291. 294. 290. 292. 291. 294.]
 [464. 530. 540. 546. 548. 548. 548. 548. 548. 549. 548. 548. 549. 549.
  549. 549. 549. 549. 549. 549. 550. 550. 550. 550. 550. 549. 499. 499.
  499. 499. 499. 500. 499. 499. 499. 499. 499. 499. 500. 500.]
 [148. 269. 322. 375. 403. 425. 447. 453. 456. 465. 469. 479. 476. 486.
  482. 480. 486. 491. 487. 493. 494. 494. 497. 497. 499. 499. 454. 458.
  457. 456. 458. 458. 455. 455. 456. 459. 459. 456. 459. 460.]
 [195. 311. 376. 386. 411. 425. 443. 448. 456. 466. 463. 468. 474. 470.
  476. 475. 481. 482. 490. 487. 488. 492. 487. 492. 495. 501. 452. 449.
  448. 450. 452. 451. 449. 453. 453. 454. 455. 454. 456. 458.]]
##############################
[[ 76. 133. 176. 210. 233. 238. 248. 268. 270. 282. 285. 273. 283. 292.
  296. 292. 291. 296. 284. 305. 294. 299. 301. 304. 304. 308. 305. 278.
  280. 285. 278. 290. 286. 288. 291. 294. 290. 292. 291. 294.]
 [464. 530. 540. 546. 548. 548. 548. 548. 548. 549. 548. 548. 549. 549.
  549. 549. 549. 549. 549. 549. 550. 550. 550. 550. 550. 549. 549. 499.
  499. 499. 499. 500. 499. 499. 499. 499. 499. 499. 500. 500.]
 [148. 269. 322. 375. 403. 425. 447. 453. 456. 465. 469. 479. 476. 486.
  482. 480. 486. 491. 487. 493. 494. 494. 497. 497. 499. 499. 501. 458.
  457. 456. 458. 458. 455. 455. 456. 459. 459. 456. 459. 460.]
 [195. 311. 376. 386. 411. 425. 443. 448. 456. 466. 463. 468. 474. 470.
  476. 475. 481. 482. 490. 487. 488. 492. 487. 492. 495. 501. 498. 449.
  448. 450. 452. 451. 449. 453. 453. 454. 455. 454. 456. 458.]]
##############################
[[ 76. 133. 176. 210. 233. 238. 248. 268. 270. 282. 285. 273. 283. 292.
  296. 292. 291. 296. 284. 305. 294. 299. 301. 304. 304. 308. 305. 306.
  280. 285. 278. 290. 286. 288. 291. 294. 290. 292. 291. 294.]
 [464. 530. 540. 546. 548. 548. 548. 548. 548. 549. 548. 548. 549. 549.
  549. 549. 549. 549. 549. 549. 550. 550. 550. 550. 550. 549. 549. 549.
  499. 499. 499. 500. 499. 499. 499. 499. 499. 499. 500. 500.]
 [148. 269. 322. 375. 403. 425. 447. 453. 456. 465. 469. 479. 476. 486.
  482. 480. 486. 491. 487. 493. 494. 494. 497. 497. 499. 499. 501. 504.
  457. 456. 458. 458. 455. 455. 456. 459. 459. 456. 459. 460.]
 [195. 311. 376. 386. 411. 425. 443. 448. 456. 466. 463. 468. 474. 470.
  476. 475. 481. 482. 490. 487. 488. 492. 487. 492. 495. 501. 498. 494.
  448. 450. 452. 451. 449. 453. 453. 454. 455. 454. 456. 458.]]
##############################
[[ 76. 133. 176. 210. 233. 238. 248. 268. 270. 282. 285. 273. 283. 292.
  296. 292. 291. 296. 284. 305. 294. 299. 301. 304. 304. 308. 305. 306.
  306. 285. 278. 290. 286. 288. 291. 294. 290. 292. 291. 294.]
 [464. 530. 540. 546. 548. 548. 548. 548. 548. 549. 548. 548. 549. 549.
  549. 549. 549. 549. 549. 549. 550. 550. 550. 550. 550. 549. 549. 549.
  549. 499. 499. 500. 499. 499. 499. 499. 499. 499. 500. 500.]
 [148. 269. 322. 375. 403. 425. 447. 453. 456. 465. 469. 479. 476. 486.
  482. 480. 486. 491. 487. 493. 494. 494. 497. 497. 499. 499. 501. 504.
  504. 456. 458. 458. 455. 455. 456. 459. 459. 456. 459. 460.]
 [195. 311. 376. 386. 411. 425. 443. 448. 456. 466. 463. 468. 474. 470.
  476. 475. 481. 482. 490. 487. 488. 492. 487. 492. 495. 501. 498. 494.
  493. 450. 452. 451. 449. 453. 453. 454. 455. 454. 456. 458.]]
##############################
[[ 76. 133. 176. 210. 233. 238. 248. 268. 270. 282. 285. 273. 283. 292.
  296. 292. 291. 296. 284. 305. 294. 299. 301. 304. 304. 308. 305. 306.
  306. 310. 278. 290. 286. 288. 291. 294. 290. 292. 291. 294.]
 [464. 530. 540. 546. 548. 548. 548. 548. 548. 549. 548. 548. 549. 549.
  549. 549. 549. 549. 549. 549. 550. 550. 550. 550. 550. 549. 549. 549.
  549. 549. 499. 500. 499. 499. 499. 499. 499. 499. 500. 500.]
 [148. 269. 322. 375. 403. 425. 447. 453. 456. 465. 469. 479. 476. 486.
  482. 480. 486. 491. 487. 493. 494. 494. 497. 497. 499. 499. 501. 504.
  504. 502. 458. 458. 455. 455. 456. 459. 459. 456. 459. 460.]
 [195. 311. 376. 386. 411. 425. 443. 448. 456. 466. 463. 468. 474. 470.
  476. 475. 481. 482. 490. 487. 488. 492. 487. 492. 495. 501. 498. 494.
  493. 496. 452. 451. 449. 453. 453. 454. 455. 454. 456. 458.]]
##############################
[[ 76. 133. 176. 210. 233. 238. 248. 268. 270. 282. 285. 273. 283. 292.
  296. 292. 291. 296. 284. 305. 294. 299. 301. 304. 304. 308. 305. 306.
  306. 310. 302. 290. 286. 288. 291. 294. 290. 292. 291. 294.]
 [464. 530. 540. 546. 548. 548. 548. 548. 548. 549. 548. 548. 549. 549.
  549. 549. 549. 549. 549. 549. 550. 550. 550. 550. 550. 549. 549. 549.
  549. 549. 549. 500. 499. 499. 499. 499. 499. 499. 500. 500.]
 [148. 269. 322. 375. 403. 425. 447. 453. 456. 465. 469. 479. 476. 486.
  482. 480. 486. 491. 487. 493. 494. 494. 497. 497. 499. 499. 501. 504.
  504. 502. 505. 458. 455. 455. 456. 459. 459. 456. 459. 460.]
 [195. 311. 376. 386. 411. 425. 443. 448. 456. 466. 463. 468. 474. 470.
  476. 475. 481. 482. 490. 487. 488. 492. 487. 492. 495. 501. 498. 494.
  493. 496. 497. 451. 449. 453. 453. 454. 455. 454. 456. 458.]]
##############################
[[ 76. 133. 176. 210. 233. 238. 248. 268. 270. 282. 285. 273. 283. 292.
  296. 292. 291. 296. 284. 305. 294. 299. 301. 304. 304. 308. 305. 306.
  306. 310. 302. 316. 286. 288. 291. 294. 290. 292. 291. 294.]
 [464. 530. 540. 546. 548. 548. 548. 548. 548. 549. 548. 548. 549. 549.
  549. 549. 549. 549. 549. 549. 550. 550. 550. 550. 550. 549. 549. 549.
  549. 549. 549. 550. 499. 499. 499. 499. 499. 499. 500. 500.]
 [148. 269. 322. 375. 403. 425. 447. 453. 456. 465. 469. 479. 476. 486.
  482. 480. 486. 491. 487. 493. 494. 494. 497. 497. 499. 499. 501. 504.
  504. 502. 505. 505. 455. 455. 456. 459. 459. 456. 459. 460.]
 [195. 311. 376. 386. 411. 425. 443. 448. 456. 466. 463. 468. 474. 470.
  476. 475. 481. 482. 490. 487. 488. 492. 487. 492. 495. 501. 498. 494.
  493. 496. 497. 497. 449. 453. 453. 454. 455. 454. 456. 458.]]
##############################
[[ 76. 133. 176. 210. 233. 238. 248. 268. 270. 282. 285. 273. 283. 292.
  296. 292. 291. 296. 284. 305. 294. 299. 301. 304. 304. 308. 305. 306.
  306. 310. 302. 316. 311. 288. 291. 294. 290. 292. 291. 294.]
 [464. 530. 540. 546. 548. 548. 548. 548. 548. 549. 548. 548. 549. 549.
  549. 549. 549. 549. 549. 549. 550. 550. 550. 550. 550. 549. 549. 549.
  549. 549. 549. 550. 549. 499. 499. 499. 499. 499. 500. 500.]
 [148. 269. 322. 375. 403. 425. 447. 453. 456. 465. 469. 479. 476. 486.
  482. 480. 486. 491. 487. 493. 494. 494. 497. 497. 499. 499. 501. 504.
  504. 502. 505. 505. 503. 455. 456. 459. 459. 456. 459. 460.]
 [195. 311. 376. 386. 411. 425. 443. 448. 456. 466. 463. 468. 474. 470.
  476. 475. 481. 482. 490. 487. 488. 492. 487. 492. 495. 501. 498. 494.
  493. 496. 497. 497. 495. 453. 453. 454. 455. 454. 456. 458.]]
##############################
[[ 76. 133. 176. 210. 233. 238. 248. 268. 270. 282. 285. 273. 283. 292.
  296. 292. 291. 296. 284. 305. 294. 299. 301. 304. 304. 308. 305. 306.
  306. 310. 302. 316. 311. 312. 291. 294. 290. 292. 291. 294.]
 [464. 530. 540. 546. 548. 548. 548. 548. 548. 549. 548. 548. 549. 549.
  549. 549. 549. 549. 549. 549. 550. 550. 550. 550. 550. 549. 549. 549.
  549. 549. 549. 550. 549. 549. 499. 499. 499. 499. 500. 500.]
 [148. 269. 322. 375. 403. 425. 447. 453. 456. 465. 469. 479. 476. 486.
  482. 480. 486. 491. 487. 493. 494. 494. 497. 497. 499. 499. 501. 504.
  504. 502. 505. 505. 503. 501. 456. 459. 459. 456. 459. 460.]
 [195. 311. 376. 386. 411. 425. 443. 448. 456. 466. 463. 468. 474. 470.
  476. 475. 481. 482. 490. 487. 488. 492. 487. 492. 495. 501. 498. 494.
  493. 496. 497. 497. 495. 498. 453. 454. 455. 454. 456. 458.]]
##############################
[[ 76. 133. 176. 210. 233. 238. 248. 268. 270. 282. 285. 273. 283. 292.
  296. 292. 291. 296. 284. 305. 294. 299. 301. 304. 304. 308. 305. 306.
  306. 310. 302. 316. 311. 312. 314. 294. 290. 292. 291. 294.]
 [464. 530. 540. 546. 548. 548. 548. 548. 548. 549. 548. 548. 549. 549.
  549. 549. 549. 549. 549. 549. 550. 550. 550. 550. 550. 549. 549. 549.
  549. 549. 549. 550. 549. 549. 549. 499. 499. 499. 500. 500.]
 [148. 269. 322. 375. 403. 425. 447. 453. 456. 465. 469. 479. 476. 486.
  482. 480. 486. 491. 487. 493. 494. 494. 497. 497. 499. 499. 501. 504.
  504. 502. 505. 505. 503. 501. 502. 459. 459. 456. 459. 460.]
 [195. 311. 376. 386. 411. 425. 443. 448. 456. 466. 463. 468. 474. 470.
  476. 475. 481. 482. 490. 487. 488. 492. 487. 492. 495. 501. 498. 494.
  493. 496. 497. 497. 495. 498. 497. 454. 455. 454. 456. 458.]]
##############################
[[ 76. 133. 176. 210. 233. 238. 248. 268. 270. 282. 285. 273. 283. 292.
  296. 292. 291. 296. 284. 305. 294. 299. 301. 304. 304. 308. 305. 306.
  306. 310. 302. 316. 311. 312. 314. 316. 290. 292. 291. 294.]
 [464. 530. 540. 546. 548. 548. 548. 548. 548. 549. 548. 548. 549. 549.
  549. 549. 549. 549. 549. 549. 550. 550. 550. 550. 550. 549. 549. 549.
  549. 549. 549. 550. 549. 549. 549. 549. 499. 499. 500. 500.]
 [148. 269. 322. 375. 403. 425. 447. 453. 456. 465. 469. 479. 476. 486.
  482. 480. 486. 491. 487. 493. 494. 494. 497. 497. 499. 499. 501. 504.
  504. 502. 505. 505. 503. 501. 502. 505. 459. 456. 459. 460.]
 [195. 311. 376. 386. 411. 425. 443. 448. 456. 466. 463. 468. 474. 470.
  476. 475. 481. 482. 490. 487. 488. 492. 487. 492. 495. 501. 498. 494.
  493. 496. 497. 497. 495. 498. 497. 499. 455. 454. 456. 458.]]
##############################
[[ 76. 133. 176. 210. 233. 238. 248. 268. 270. 282. 285. 273. 283. 292.
  296. 292. 291. 296. 284. 305. 294. 299. 301. 304. 304. 308. 305. 306.
  306. 310. 302. 316. 311. 312. 314. 316. 314. 292. 291. 294.]
 [464. 530. 540. 546. 548. 548. 548. 548. 548. 549. 548. 548. 549. 549.
  549. 549. 549. 549. 549. 549. 550. 550. 550. 550. 550. 549. 549. 549.
  549. 549. 549. 550. 549. 549. 549. 549. 549. 499. 500. 500.]
 [148. 269. 322. 375. 403. 425. 447. 453. 456. 465. 469. 479. 476. 486.
  482. 480. 486. 491. 487. 493. 494. 494. 497. 497. 499. 499. 501. 504.
  504. 502. 505. 505. 503. 501. 502. 505. 503. 456. 459. 460.]
 [195. 311. 376. 386. 411. 425. 443. 448. 456. 466. 463. 468. 474. 470.
  476. 475. 481. 482. 490. 487. 488. 492. 487. 492. 495. 501. 498. 494.
  493. 496. 497. 497. 495. 498. 497. 499. 500. 454. 456. 458.]]
##############################
[[ 76. 133. 176. 210. 233. 238. 248. 268. 270. 282. 285. 273. 283. 292.
  296. 292. 291. 296. 284. 305. 294. 299. 301. 304. 304. 308. 305. 306.
  306. 310. 302. 316. 311. 312. 314. 316. 314. 317. 291. 294.]
 [464. 530. 540. 546. 548. 548. 548. 548. 548. 549. 548. 548. 549. 549.
  549. 549. 549. 549. 549. 549. 550. 550. 550. 550. 550. 549. 549. 549.
  549. 549. 549. 550. 549. 549. 549. 549. 549. 549. 500. 500.]
 [148. 269. 322. 375. 403. 425. 447. 453. 456. 465. 469. 479. 476. 486.
  482. 480. 486. 491. 487. 493. 494. 494. 497. 497. 499. 499. 501. 504.
  504. 502. 505. 505. 503. 501. 502. 505. 503. 503. 459. 460.]
 [195. 311. 376. 386. 411. 425. 443. 448. 456. 466. 463. 468. 474. 470.
  476. 475. 481. 482. 490. 487. 488. 492. 487. 492. 495. 501. 498. 494.
  493. 496. 497. 497. 495. 498. 497. 499. 500. 500. 456. 458.]]
##############################
[[ 76. 133. 176. 210. 233. 238. 248. 268. 270. 282. 285. 273. 283. 292.
  296. 292. 291. 296. 284. 305. 294. 299. 301. 304. 304. 308. 305. 306.
  306. 310. 302. 316. 311. 312. 314. 316. 314. 317. 318. 294.]
 [464. 530. 540. 546. 548. 548. 548. 548. 548. 549. 548. 548. 549. 549.
  549. 549. 549. 549. 549. 549. 550. 550. 550. 550. 550. 549. 549. 549.
  549. 549. 549. 550. 549. 549. 549. 549. 549. 549. 550. 500.]
 [148. 269. 322. 375. 403. 425. 447. 453. 456. 465. 469. 479. 476. 486.
  482. 480. 486. 491. 487. 493. 494. 494. 497. 497. 499. 499. 501. 504.
  504. 502. 505. 505. 503. 501. 502. 505. 503. 503. 504. 460.]
 [195. 311. 376. 386. 411. 425. 443. 448. 456. 466. 463. 468. 474. 470.
  476. 475. 481. 482. 490. 487. 488. 492. 487. 492. 495. 501. 498. 494.
  493. 496. 497. 497. 495. 498. 497. 499. 500. 500. 502. 458.]]
##############################
[[ 76. 133. 176. 210. 233. 238. 248. 268. 270. 282. 285. 273. 283. 292.
  296. 292. 291. 296. 284. 305. 294. 299. 301. 304. 304. 308. 305. 306.
  306. 310. 302. 316. 311. 312. 314. 316. 314. 317. 318. 319.]
 [464. 530. 540. 546. 548. 548. 548. 548. 548. 549. 548. 548. 549. 549.
  549. 549. 549. 549. 549. 549. 550. 550. 550. 550. 550. 549. 549. 549.
  549. 549. 549. 550. 549. 549. 549. 549. 549. 549. 550. 550.]
 [148. 269. 322. 375. 403. 425. 447. 453. 456. 465. 469. 479. 476. 486.
  482. 480. 486. 491. 487. 493. 494. 494. 497. 497. 499. 499. 501. 504.
  504. 502. 505. 505. 503. 501. 502. 505. 503. 503. 504. 505.]
 [195. 311. 376. 386. 411. 425. 443. 448. 456. 466. 463. 468. 474. 470.
  476. 475. 481. 482. 490. 487. 488. 492. 487. 492. 495. 501. 498. 494.
  493. 496. 497. 497. 495. 498. 497. 499. 500. 500. 502. 504.]]
##############################
##################################################
##################################################
starting :12 batch
[[ 84. 133. 176. 210. 233. 238. 248. 268. 270. 282. 285. 273. 283. 292.
  296. 292. 291. 296. 284. 305. 294. 299. 301. 304. 304. 308. 305. 306.
  306. 310. 302. 316. 311. 312. 314. 316. 314. 317. 318. 319.]
 [502. 530. 540. 546. 548. 548. 548. 548. 548. 549. 548. 548. 549. 549.
  549. 549. 549. 549. 549. 549. 550. 550. 550. 550. 550. 549. 549. 549.
  549. 549. 549. 550. 549. 549. 549. 549. 549. 549. 550. 550.]
 [154. 269. 322. 375. 403. 425. 447. 453. 456. 465. 469. 479. 476. 486.
  482. 480. 486. 491. 487. 493. 494. 494. 497. 497. 499. 499. 501. 504.
  504. 502. 505. 505. 503. 501. 502. 505. 503. 503. 504. 505.]
 [214. 311. 376. 386. 411. 425. 443. 448. 456. 466. 463. 468. 474. 470.
  476. 475. 481. 482. 490. 487. 488. 492. 487. 492. 495. 501. 498. 494.
  493. 496. 497. 497. 495. 498. 497. 499. 500. 500. 502. 504.]]
##############################
[[ 84. 148. 176. 210. 233. 238. 248. 268. 270. 282. 285. 273. 283. 292.
  296. 292. 291. 296. 284. 305. 294. 299. 301. 304. 304. 308. 305. 306.
  306. 310. 302. 316. 311. 312. 314. 316. 314. 317. 318. 319.]
 [502. 574. 540. 546. 548. 548. 548. 548. 548. 549. 548. 548. 549. 549.
  549. 549. 549. 549. 549. 549. 550. 550. 550. 550. 550. 549. 549. 549.
  549. 549. 549. 550. 549. 549. 549. 549. 549. 549. 550. 550.]
 [154. 293. 322. 375. 403. 425. 447. 453. 456. 465. 469. 479. 476. 486.
  482. 480. 486. 491. 487. 493. 494. 494. 497. 497. 499. 499. 501. 504.
  504. 502. 505. 505. 503. 501. 502. 505. 503. 503. 504. 505.]
 [214. 334. 376. 386. 411. 425. 443. 448. 456. 466. 463. 468. 474. 470.
  476. 475. 481. 482. 490. 487. 488. 492. 487. 492. 495. 501. 498. 494.
  493. 496. 497. 497. 495. 498. 497. 499. 500. 500. 502. 504.]]
##############################
[[ 84. 148. 193. 210. 233. 238. 248. 268. 270. 282. 285. 273. 283. 292.
  296. 292. 291. 296. 284. 305. 294. 299. 301. 304. 304. 308. 305. 306.
  306. 310. 302. 316. 311. 312. 314. 316. 314. 317. 318. 319.]
 [502. 574. 588. 546. 548. 548. 548. 548. 548. 549. 548. 548. 549. 549.
  549. 549. 549. 549. 549. 549. 550. 550. 550. 550. 550. 549. 549. 549.
  549. 549. 549. 550. 549. 549. 549. 549. 549. 549. 550. 550.]
 [154. 293. 353. 375. 403. 425. 447. 453. 456. 465. 469. 479. 476. 486.
  482. 480. 486. 491. 487. 493. 494. 494. 497. 497. 499. 499. 501. 504.
  504. 502. 505. 505. 503. 501. 502. 505. 503. 503. 504. 505.]
 [214. 334. 408. 386. 411. 425. 443. 448. 456. 466. 463. 468. 474. 470.
  476. 475. 481. 482. 490. 487. 488. 492. 487. 492. 495. 501. 498. 494.
  493. 496. 497. 497. 495. 498. 497. 499. 500. 500. 502. 504.]]
##############################
[[ 84. 148. 193. 227. 233. 238. 248. 268. 270. 282. 285. 273. 283. 292.
  296. 292. 291. 296. 284. 305. 294. 299. 301. 304. 304. 308. 305. 306.
  306. 310. 302. 316. 311. 312. 314. 316. 314. 317. 318. 319.]
 [502. 574. 588. 596. 548. 548. 548. 548. 548. 549. 548. 548. 549. 549.
  549. 549. 549. 549. 549. 549. 550. 550. 550. 550. 550. 549. 549. 549.
  549. 549. 549. 550. 549. 549. 549. 549. 549. 549. 550. 550.]
 [154. 293. 353. 409. 403. 425. 447. 453. 456. 465. 469. 479. 476. 486.
  482. 480. 486. 491. 487. 493. 494. 494. 497. 497. 499. 499. 501. 504.
  504. 502. 505. 505. 503. 501. 502. 505. 503. 503. 504. 505.]
 [214. 334. 408. 422. 411. 425. 443. 448. 456. 466. 463. 468. 474. 470.
  476. 475. 481. 482. 490. 487. 488. 492. 487. 492. 495. 501. 498. 494.
  493. 496. 497. 497. 495. 498. 497. 499. 500. 500. 502. 504.]]
##############################
[[ 84. 148. 193. 227. 253. 238. 248. 268. 270. 282. 285. 273. 283. 292.
  296. 292. 291. 296. 284. 305. 294. 299. 301. 304. 304. 308. 305. 306.
  306. 310. 302. 316. 311. 312. 314. 316. 314. 317. 318. 319.]
 [502. 574. 588. 596. 598. 548. 548. 548. 548. 549. 548. 548. 549. 549.
  549. 549. 549. 549. 549. 549. 550. 550. 550. 550. 550. 549. 549. 549.
  549. 549. 549. 550. 549. 549. 549. 549. 549. 549. 550. 550.]
 [154. 293. 353. 409. 436. 425. 447. 453. 456. 465. 469. 479. 476. 486.
  482. 480. 486. 491. 487. 493. 494. 494. 497. 497. 499. 499. 501. 504.
  504. 502. 505. 505. 503. 501. 502. 505. 503. 503. 504. 505.]
 [214. 334. 408. 422. 450. 425. 443. 448. 456. 466. 463. 468. 474. 470.
  476. 475. 481. 482. 490. 487. 488. 492. 487. 492. 495. 501. 498. 494.
  493. 496. 497. 497. 495. 498. 497. 499. 500. 500. 502. 504.]]
##############################
[[ 84. 148. 193. 227. 253. 258. 248. 268. 270. 282. 285. 273. 283. 292.
  296. 292. 291. 296. 284. 305. 294. 299. 301. 304. 304. 308. 305. 306.
  306. 310. 302. 316. 311. 312. 314. 316. 314. 317. 318. 319.]
 [502. 574. 588. 596. 598. 598. 548. 548. 548. 549. 548. 548. 549. 549.
  549. 549. 549. 549. 549. 549. 550. 550. 550. 550. 550. 549. 549. 549.
  549. 549. 549. 550. 549. 549. 549. 549. 549. 549. 550. 550.]
 [154. 293. 353. 409. 436. 463. 447. 453. 456. 465. 469. 479. 476. 486.
  482. 480. 486. 491. 487. 493. 494. 494. 497. 497. 499. 499. 501. 504.
  504. 502. 505. 505. 503. 501. 502. 505. 503. 503. 504. 505.]
 [214. 334. 408. 422. 450. 463. 443. 448. 456. 466. 463. 468. 474. 470.
  476. 475. 481. 482. 490. 487. 488. 492. 487. 492. 495. 501. 498. 494.
  493. 496. 497. 497. 495. 498. 497. 499. 500. 500. 502. 504.]]
##############################
[[ 84. 148. 193. 227. 253. 258. 273. 268. 270. 282. 285. 273. 283. 292.
  296. 292. 291. 296. 284. 305. 294. 299. 301. 304. 304. 308. 305. 306.
  306. 310. 302. 316. 311. 312. 314. 316. 314. 317. 318. 319.]
 [502. 574. 588. 596. 598. 598. 598. 548. 548. 549. 548. 548. 549. 549.
  549. 549. 549. 549. 549. 549. 550. 550. 550. 550. 550. 549. 549. 549.
  549. 549. 549. 550. 549. 549. 549. 549. 549. 549. 550. 550.]
 [154. 293. 353. 409. 436. 463. 487. 453. 456. 465. 469. 479. 476. 486.
  482. 480. 486. 491. 487. 493. 494. 494. 497. 497. 499. 499. 501. 504.
  504. 502. 505. 505. 503. 501. 502. 505. 503. 503. 504. 505.]
 [214. 334. 408. 422. 450. 463. 484. 448. 456. 466. 463. 468. 474. 470.
  476. 475. 481. 482. 490. 487. 488. 492. 487. 492. 495. 501. 498. 494.
  493. 496. 497. 497. 495. 498. 497. 499. 500. 500. 502. 504.]]
##############################
[[ 84. 148. 193. 227. 253. 258. 273. 290. 270. 282. 285. 273. 283. 292.
  296. 292. 291. 296. 284. 305. 294. 299. 301. 304. 304. 308. 305. 306.
  306. 310. 302. 316. 311. 312. 314. 316. 314. 317. 318. 319.]
 [502. 574. 588. 596. 598. 598. 598. 598. 548. 549. 548. 548. 549. 549.
  549. 549. 549. 549. 549. 549. 550. 550. 550. 550. 550. 549. 549. 549.
  549. 549. 549. 550. 549. 549. 549. 549. 549. 549. 550. 550.]
 [154. 293. 353. 409. 436. 463. 487. 494. 456. 465. 469. 479. 476. 486.
  482. 480. 486. 491. 487. 493. 494. 494. 497. 497. 499. 499. 501. 504.
  504. 502. 505. 505. 503. 501. 502. 505. 503. 503. 504. 505.]
 [214. 334. 408. 422. 450. 463. 484. 489. 456. 466. 463. 468. 474. 470.
  476. 475. 481. 482. 490. 487. 488. 492. 487. 492. 495. 501. 498. 494.
  493. 496. 497. 497. 495. 498. 497. 499. 500. 500. 502. 504.]]
##############################
[[ 84. 148. 193. 227. 253. 258. 273. 290. 299. 282. 285. 273. 283. 292.
  296. 292. 291. 296. 284. 305. 294. 299. 301. 304. 304. 308. 305. 306.
  306. 310. 302. 316. 311. 312. 314. 316. 314. 317. 318. 319.]
 [502. 574. 588. 596. 598. 598. 598. 598. 598. 549. 548. 548. 549. 549.
  549. 549. 549. 549. 549. 549. 550. 550. 550. 550. 550. 549. 549. 549.
  549. 549. 549. 550. 549. 549. 549. 549. 549. 549. 550. 550.]
 [154. 293. 353. 409. 436. 463. 487. 494. 496. 465. 469. 479. 476. 486.
  482. 480. 486. 491. 487. 493. 494. 494. 497. 497. 499. 499. 501. 504.
  504. 502. 505. 505. 503. 501. 502. 505. 503. 503. 504. 505.]
 [214. 334. 408. 422. 450. 463. 484. 489. 498. 466. 463. 468. 474. 470.
  476. 475. 481. 482. 490. 487. 488. 492. 487. 492. 495. 501. 498. 494.
  493. 496. 497. 497. 495. 498. 497. 499. 500. 500. 502. 504.]]
##############################
[[ 84. 148. 193. 227. 253. 258. 273. 290. 299. 312. 285. 273. 283. 292.
  296. 292. 291. 296. 284. 305. 294. 299. 301. 304. 304. 308. 305. 306.
  306. 310. 302. 316. 311. 312. 314. 316. 314. 317. 318. 319.]
 [502. 574. 588. 596. 598. 598. 598. 598. 598. 599. 548. 548. 549. 549.
  549. 549. 549. 549. 549. 549. 550. 550. 550. 550. 550. 549. 549. 549.
  549. 549. 549. 550. 549. 549. 549. 549. 549. 549. 550. 550.]
 [154. 293. 353. 409. 436. 463. 487. 494. 496. 504. 469. 479. 476. 486.
  482. 480. 486. 491. 487. 493. 494. 494. 497. 497. 499. 499. 501. 504.
  504. 502. 505. 505. 503. 501. 502. 505. 503. 503. 504. 505.]
 [214. 334. 408. 422. 450. 463. 484. 489. 498. 508. 463. 468. 474. 470.
  476. 475. 481. 482. 490. 487. 488. 492. 487. 492. 495. 501. 498. 494.
  493. 496. 497. 497. 495. 498. 497. 499. 500. 500. 502. 504.]]
##############################
[[ 84. 148. 193. 227. 253. 258. 273. 290. 299. 312. 313. 273. 283. 292.
  296. 292. 291. 296. 284. 305. 294. 299. 301. 304. 304. 308. 305. 306.
  306. 310. 302. 316. 311. 312. 314. 316. 314. 317. 318. 319.]
 [502. 574. 588. 596. 598. 598. 598. 598. 598. 599. 598. 548. 549. 549.
  549. 549. 549. 549. 549. 549. 550. 550. 550. 550. 550. 549. 549. 549.
  549. 549. 549. 550. 549. 549. 549. 549. 549. 549. 550. 550.]
 [154. 293. 353. 409. 436. 463. 487. 494. 496. 504. 510. 479. 476. 486.
  482. 480. 486. 491. 487. 493. 494. 494. 497. 497. 499. 499. 501. 504.
  504. 502. 505. 505. 503. 501. 502. 505. 503. 503. 504. 505.]
 [214. 334. 408. 422. 450. 463. 484. 489. 498. 508. 506. 468. 474. 470.
  476. 475. 481. 482. 490. 487. 488. 492. 487. 492. 495. 501. 498. 494.
  493. 496. 497. 497. 495. 498. 497. 499. 500. 500. 502. 504.]]
##############################
[[ 84. 148. 193. 227. 253. 258. 273. 290. 299. 312. 313. 301. 283. 292.
  296. 292. 291. 296. 284. 305. 294. 299. 301. 304. 304. 308. 305. 306.
  306. 310. 302. 316. 311. 312. 314. 316. 314. 317. 318. 319.]
 [502. 574. 588. 596. 598. 598. 598. 598. 598. 599. 598. 598. 549. 549.
  549. 549. 549. 549. 549. 549. 550. 550. 550. 550. 550. 549. 549. 549.
  549. 549. 549. 550. 549. 549. 549. 549. 549. 549. 550. 550.]
 [154. 293. 353. 409. 436. 463. 487. 494. 496. 504. 510. 520. 476. 486.
  482. 480. 486. 491. 487. 493. 494. 494. 497. 497. 499. 499. 501. 504.
  504. 502. 505. 505. 503. 501. 502. 505. 503. 503. 504. 505.]
 [214. 334. 408. 422. 450. 463. 484. 489. 498. 508. 506. 513. 474. 470.
  476. 475. 481. 482. 490. 487. 488. 492. 487. 492. 495. 501. 498. 494.
  493. 496. 497. 497. 495. 498. 497. 499. 500. 500. 502. 504.]]
##############################
[[ 84. 148. 193. 227. 253. 258. 273. 290. 299. 312. 313. 301. 311. 292.
  296. 292. 291. 296. 284. 305. 294. 299. 301. 304. 304. 308. 305. 306.
  306. 310. 302. 316. 311. 312. 314. 316. 314. 317. 318. 319.]
 [502. 574. 588. 596. 598. 598. 598. 598. 598. 599. 598. 598. 599. 549.
  549. 549. 549. 549. 549. 549. 550. 550. 550. 550. 550. 549. 549. 549.
  549. 549. 549. 550. 549. 549. 549. 549. 549. 549. 550. 550.]
 [154. 293. 353. 409. 436. 463. 487. 494. 496. 504. 510. 520. 516. 486.
  482. 480. 486. 491. 487. 493. 494. 494. 497. 497. 499. 499. 501. 504.
  504. 502. 505. 505. 503. 501. 502. 505. 503. 503. 504. 505.]
 [214. 334. 408. 422. 450. 463. 484. 489. 498. 508. 506. 513. 518. 470.
  476. 475. 481. 482. 490. 487. 488. 492. 487. 492. 495. 501. 498. 494.
  493. 496. 497. 497. 495. 498. 497. 499. 500. 500. 502. 504.]]
##############################
[[ 84. 148. 193. 227. 253. 258. 273. 290. 299. 312. 313. 301. 311. 319.
  296. 292. 291. 296. 284. 305. 294. 299. 301. 304. 304. 308. 305. 306.
  306. 310. 302. 316. 311. 312. 314. 316. 314. 317. 318. 319.]
 [502. 574. 588. 596. 598. 598. 598. 598. 598. 599. 598. 598. 599. 599.
  549. 549. 549. 549. 549. 549. 550. 550. 550. 550. 550. 549. 549. 549.
  549. 549. 549. 550. 549. 549. 549. 549. 549. 549. 550. 550.]
 [154. 293. 353. 409. 436. 463. 487. 494. 496. 504. 510. 520. 516. 528.
  482. 480. 486. 491. 487. 493. 494. 494. 497. 497. 499. 499. 501. 504.
  504. 502. 505. 505. 503. 501. 502. 505. 503. 503. 504. 505.]
 [214. 334. 408. 422. 450. 463. 484. 489. 498. 508. 506. 513. 518. 515.
  476. 475. 481. 482. 490. 487. 488. 492. 487. 492. 495. 501. 498. 494.
  493. 496. 497. 497. 495. 498. 497. 499. 500. 500. 502. 504.]]
##############################
[[ 84. 148. 193. 227. 253. 258. 273. 290. 299. 312. 313. 301. 311. 319.
  321. 292. 291. 296. 284. 305. 294. 299. 301. 304. 304. 308. 305. 306.
  306. 310. 302. 316. 311. 312. 314. 316. 314. 317. 318. 319.]
 [502. 574. 588. 596. 598. 598. 598. 598. 598. 599. 598. 598. 599. 599.
  599. 549. 549. 549. 549. 549. 550. 550. 550. 550. 550. 549. 549. 549.
  549. 549. 549. 550. 549. 549. 549. 549. 549. 549. 550. 550.]
 [154. 293. 353. 409. 436. 463. 487. 494. 496. 504. 510. 520. 516. 528.
  524. 480. 486. 491. 487. 493. 494. 494. 497. 497. 499. 499. 501. 504.
  504. 502. 505. 505. 503. 501. 502. 505. 503. 503. 504. 505.]
 [214. 334. 408. 422. 450. 463. 484. 489. 498. 508. 506. 513. 518. 515.
  521. 475. 481. 482. 490. 487. 488. 492. 487. 492. 495. 501. 498. 494.
  493. 496. 497. 497. 495. 498. 497. 499. 500. 500. 502. 504.]]
##############################
[[ 84. 148. 193. 227. 253. 258. 273. 290. 299. 312. 313. 301. 311. 319.
  321. 318. 291. 296. 284. 305. 294. 299. 301. 304. 304. 308. 305. 306.
  306. 310. 302. 316. 311. 312. 314. 316. 314. 317. 318. 319.]
 [502. 574. 588. 596. 598. 598. 598. 598. 598. 599. 598. 598. 599. 599.
  599. 599. 549. 549. 549. 549. 550. 550. 550. 550. 550. 549. 549. 549.
  549. 549. 549. 550. 549. 549. 549. 549. 549. 549. 550. 550.]
 [154. 293. 353. 409. 436. 463. 487. 494. 496. 504. 510. 520. 516. 528.
  524. 522. 486. 491. 487. 493. 494. 494. 497. 497. 499. 499. 501. 504.
  504. 502. 505. 505. 503. 501. 502. 505. 503. 503. 504. 505.]
 [214. 334. 408. 422. 450. 463. 484. 489. 498. 508. 506. 513. 518. 515.
  521. 521. 481. 482. 490. 487. 488. 492. 487. 492. 495. 501. 498. 494.
  493. 496. 497. 497. 495. 498. 497. 499. 500. 500. 502. 504.]]
##############################
[[ 84. 148. 193. 227. 253. 258. 273. 290. 299. 312. 313. 301. 311. 319.
  321. 318. 318. 296. 284. 305. 294. 299. 301. 304. 304. 308. 305. 306.
  306. 310. 302. 316. 311. 312. 314. 316. 314. 317. 318. 319.]
 [502. 574. 588. 596. 598. 598. 598. 598. 598. 599. 598. 598. 599. 599.
  599. 599. 599. 549. 549. 549. 550. 550. 550. 550. 550. 549. 549. 549.
  549. 549. 549. 550. 549. 549. 549. 549. 549. 549. 550. 550.]
 [154. 293. 353. 409. 436. 463. 487. 494. 496. 504. 510. 520. 516. 528.
  524. 522. 530. 491. 487. 493. 494. 494. 497. 497. 499. 499. 501. 504.
  504. 502. 505. 505. 503. 501. 502. 505. 503. 503. 504. 505.]
 [214. 334. 408. 422. 450. 463. 484. 489. 498. 508. 506. 513. 518. 515.
  521. 521. 527. 482. 490. 487. 488. 492. 487. 492. 495. 501. 498. 494.
  493. 496. 497. 497. 495. 498. 497. 499. 500. 500. 502. 504.]]
##############################
[[ 84. 148. 193. 227. 253. 258. 273. 290. 299. 312. 313. 301. 311. 319.
  321. 318. 318. 322. 284. 305. 294. 299. 301. 304. 304. 308. 305. 306.
  306. 310. 302. 316. 311. 312. 314. 316. 314. 317. 318. 319.]
 [502. 574. 588. 596. 598. 598. 598. 598. 598. 599. 598. 598. 599. 599.
  599. 599. 599. 599. 549. 549. 550. 550. 550. 550. 550. 549. 549. 549.
  549. 549. 549. 550. 549. 549. 549. 549. 549. 549. 550. 550.]
 [154. 293. 353. 409. 436. 463. 487. 494. 496. 504. 510. 520. 516. 528.
  524. 522. 530. 534. 487. 493. 494. 494. 497. 497. 499. 499. 501. 504.
  504. 502. 505. 505. 503. 501. 502. 505. 503. 503. 504. 505.]
 [214. 334. 408. 422. 450. 463. 484. 489. 498. 508. 506. 513. 518. 515.
  521. 521. 527. 527. 490. 487. 488. 492. 487. 492. 495. 501. 498. 494.
  493. 496. 497. 497. 495. 498. 497. 499. 500. 500. 502. 504.]]
##############################
[[ 84. 148. 193. 227. 253. 258. 273. 290. 299. 312. 313. 301. 311. 319.
  321. 318. 318. 322. 312. 305. 294. 299. 301. 304. 304. 308. 305. 306.
  306. 310. 302. 316. 311. 312. 314. 316. 314. 317. 318. 319.]
 [502. 574. 588. 596. 598. 598. 598. 598. 598. 599. 598. 598. 599. 599.
  599. 599. 599. 599. 599. 549. 550. 550. 550. 550. 550. 549. 549. 549.
  549. 549. 549. 550. 549. 549. 549. 549. 549. 549. 550. 550.]
 [154. 293. 353. 409. 436. 463. 487. 494. 496. 504. 510. 520. 516. 528.
  524. 522. 530. 534. 531. 493. 494. 494. 497. 497. 499. 499. 501. 504.
  504. 502. 505. 505. 503. 501. 502. 505. 503. 503. 504. 505.]
 [214. 334. 408. 422. 450. 463. 484. 489. 498. 508. 506. 513. 518. 515.
  521. 521. 527. 527. 535. 487. 488. 492. 487. 492. 495. 501. 498. 494.
  493. 496. 497. 497. 495. 498. 497. 499. 500. 500. 502. 504.]]
##############################
[[ 84. 148. 193. 227. 253. 258. 273. 290. 299. 312. 313. 301. 311. 319.
  321. 318. 318. 322. 312. 333. 294. 299. 301. 304. 304. 308. 305. 306.
  306. 310. 302. 316. 311. 312. 314. 316. 314. 317. 318. 319.]
 [502. 574. 588. 596. 598. 598. 598. 598. 598. 599. 598. 598. 599. 599.
  599. 599. 599. 599. 599. 599. 550. 550. 550. 550. 550. 549. 549. 549.
  549. 549. 549. 550. 549. 549. 549. 549. 549. 549. 550. 550.]
 [154. 293. 353. 409. 436. 463. 487. 494. 496. 504. 510. 520. 516. 528.
  524. 522. 530. 534. 531. 537. 494. 494. 497. 497. 499. 499. 501. 504.
  504. 502. 505. 505. 503. 501. 502. 505. 503. 503. 504. 505.]
 [214. 334. 408. 422. 450. 463. 484. 489. 498. 508. 506. 513. 518. 515.
  521. 521. 527. 527. 535. 535. 488. 492. 487. 492. 495. 501. 498. 494.
  493. 496. 497. 497. 495. 498. 497. 499. 500. 500. 502. 504.]]
##############################
[[ 84. 148. 193. 227. 253. 258. 273. 290. 299. 312. 313. 301. 311. 319.
  321. 318. 318. 322. 312. 333. 322. 299. 301. 304. 304. 308. 305. 306.
  306. 310. 302. 316. 311. 312. 314. 316. 314. 317. 318. 319.]
 [502. 574. 588. 596. 598. 598. 598. 598. 598. 599. 598. 598. 599. 599.
  599. 599. 599. 599. 599. 599. 600. 550. 550. 550. 550. 549. 549. 549.
  549. 549. 549. 550. 549. 549. 549. 549. 549. 549. 550. 550.]
 [154. 293. 353. 409. 436. 463. 487. 494. 496. 504. 510. 520. 516. 528.
  524. 522. 530. 534. 531. 537. 538. 494. 497. 497. 499. 499. 501. 504.
  504. 502. 505. 505. 503. 501. 502. 505. 503. 503. 504. 505.]
 [214. 334. 408. 422. 450. 463. 484. 489. 498. 508. 506. 513. 518. 515.
  521. 521. 527. 527. 535. 535. 535. 492. 487. 492. 495. 501. 498. 494.
  493. 496. 497. 497. 495. 498. 497. 499. 500. 500. 502. 504.]]
##############################
[[ 84. 148. 193. 227. 253. 258. 273. 290. 299. 312. 313. 301. 311. 319.
  321. 318. 318. 322. 312. 333. 322. 327. 301. 304. 304. 308. 305. 306.
  306. 310. 302. 316. 311. 312. 314. 316. 314. 317. 318. 319.]
 [502. 574. 588. 596. 598. 598. 598. 598. 598. 599. 598. 598. 599. 599.
  599. 599. 599. 599. 599. 599. 600. 600. 550. 550. 550. 549. 549. 549.
  549. 549. 549. 550. 549. 549. 549. 549. 549. 549. 550. 550.]
 [154. 293. 353. 409. 436. 463. 487. 494. 496. 504. 510. 520. 516. 528.
  524. 522. 530. 534. 531. 537. 538. 538. 497. 497. 499. 499. 501. 504.
  504. 502. 505. 505. 503. 501. 502. 505. 503. 503. 504. 505.]
 [214. 334. 408. 422. 450. 463. 484. 489. 498. 508. 506. 513. 518. 515.
  521. 521. 527. 527. 535. 535. 535. 539. 487. 492. 495. 501. 498. 494.
  493. 496. 497. 497. 495. 498. 497. 499. 500. 500. 502. 504.]]
##############################
[[ 84. 148. 193. 227. 253. 258. 273. 290. 299. 312. 313. 301. 311. 319.
  321. 318. 318. 322. 312. 333. 322. 327. 329. 304. 304. 308. 305. 306.
  306. 310. 302. 316. 311. 312. 314. 316. 314. 317. 318. 319.]
 [502. 574. 588. 596. 598. 598. 598. 598. 598. 599. 598. 598. 599. 599.
  599. 599. 599. 599. 599. 599. 600. 600. 600. 550. 550. 549. 549. 549.
  549. 549. 549. 550. 549. 549. 549. 549. 549. 549. 550. 550.]
 [154. 293. 353. 409. 436. 463. 487. 494. 496. 504. 510. 520. 516. 528.
  524. 522. 530. 534. 531. 537. 538. 538. 542. 497. 499. 499. 501. 504.
  504. 502. 505. 505. 503. 501. 502. 505. 503. 503. 504. 505.]
 [214. 334. 408. 422. 450. 463. 484. 489. 498. 508. 506. 513. 518. 515.
  521. 521. 527. 527. 535. 535. 535. 539. 534. 492. 495. 501. 498. 494.
  493. 496. 497. 497. 495. 498. 497. 499. 500. 500. 502. 504.]]
##############################
[[ 84. 148. 193. 227. 253. 258. 273. 290. 299. 312. 313. 301. 311. 319.
  321. 318. 318. 322. 312. 333. 322. 327. 329. 334. 304. 308. 305. 306.
  306. 310. 302. 316. 311. 312. 314. 316. 314. 317. 318. 319.]
 [502. 574. 588. 596. 598. 598. 598. 598. 598. 599. 598. 598. 599. 599.
  599. 599. 599. 599. 599. 599. 600. 600. 600. 600. 550. 549. 549. 549.
  549. 549. 549. 550. 549. 549. 549. 549. 549. 549. 550. 550.]
 [154. 293. 353. 409. 436. 463. 487. 494. 496. 504. 510. 520. 516. 528.
  524. 522. 530. 534. 531. 537. 538. 538. 542. 542. 499. 499. 501. 504.
  504. 502. 505. 505. 503. 501. 502. 505. 503. 503. 504. 505.]
 [214. 334. 408. 422. 450. 463. 484. 489. 498. 508. 506. 513. 518. 515.
  521. 521. 527. 527. 535. 535. 535. 539. 534. 538. 495. 501. 498. 494.
  493. 496. 497. 497. 495. 498. 497. 499. 500. 500. 502. 504.]]
##############################
[[ 84. 148. 193. 227. 253. 258. 273. 290. 299. 312. 313. 301. 311. 319.
  321. 318. 318. 322. 312. 333. 322. 327. 329. 334. 336. 308. 305. 306.
  306. 310. 302. 316. 311. 312. 314. 316. 314. 317. 318. 319.]
 [502. 574. 588. 596. 598. 598. 598. 598. 598. 599. 598. 598. 599. 599.
  599. 599. 599. 599. 599. 599. 600. 600. 600. 600. 600. 549. 549. 549.
  549. 549. 549. 550. 549. 549. 549. 549. 549. 549. 550. 550.]
 [154. 293. 353. 409. 436. 463. 487. 494. 496. 504. 510. 520. 516. 528.
  524. 522. 530. 534. 531. 537. 538. 538. 542. 542. 545. 499. 501. 504.
  504. 502. 505. 505. 503. 501. 502. 505. 503. 503. 504. 505.]
 [214. 334. 408. 422. 450. 463. 484. 489. 498. 508. 506. 513. 518. 515.
  521. 521. 527. 527. 535. 535. 535. 539. 534. 538. 542. 501. 498. 494.
  493. 496. 497. 497. 495. 498. 497. 499. 500. 500. 502. 504.]]
##############################
[[ 84. 148. 193. 227. 253. 258. 273. 290. 299. 312. 313. 301. 311. 319.
  321. 318. 318. 322. 312. 333. 322. 327. 329. 334. 336. 338. 305. 306.
  306. 310. 302. 316. 311. 312. 314. 316. 314. 317. 318. 319.]
 [502. 574. 588. 596. 598. 598. 598. 598. 598. 599. 598. 598. 599. 599.
  599. 599. 599. 599. 599. 599. 600. 600. 600. 600. 600. 599. 549. 549.
  549. 549. 549. 550. 549. 549. 549. 549. 549. 549. 550. 550.]
 [154. 293. 353. 409. 436. 463. 487. 494. 496. 504. 510. 520. 516. 528.
  524. 522. 530. 534. 531. 537. 538. 538. 542. 542. 545. 545. 501. 504.
  504. 502. 505. 505. 503. 501. 502. 505. 503. 503. 504. 505.]
 [214. 334. 408. 422. 450. 463. 484. 489. 498. 508. 506. 513. 518. 515.
  521. 521. 527. 527. 535. 535. 535. 539. 534. 538. 542. 547. 498. 494.
  493. 496. 497. 497. 495. 498. 497. 499. 500. 500. 502. 504.]]
##############################
[[ 84. 148. 193. 227. 253. 258. 273. 290. 299. 312. 313. 301. 311. 319.
  321. 318. 318. 322. 312. 333. 322. 327. 329. 334. 336. 338. 336. 306.
  306. 310. 302. 316. 311. 312. 314. 316. 314. 317. 318. 319.]
 [502. 574. 588. 596. 598. 598. 598. 598. 598. 599. 598. 598. 599. 599.
  599. 599. 599. 599. 599. 599. 600. 600. 600. 600. 600. 599. 599. 549.
  549. 549. 549. 550. 549. 549. 549. 549. 549. 549. 550. 550.]
 [154. 293. 353. 409. 436. 463. 487. 494. 496. 504. 510. 520. 516. 528.
  524. 522. 530. 534. 531. 537. 538. 538. 542. 542. 545. 545. 546. 504.
  504. 502. 505. 505. 503. 501. 502. 505. 503. 503. 504. 505.]
 [214. 334. 408. 422. 450. 463. 484. 489. 498. 508. 506. 513. 518. 515.
  521. 521. 527. 527. 535. 535. 535. 539. 534. 538. 542. 547. 545. 494.
  493. 496. 497. 497. 495. 498. 497. 499. 500. 500. 502. 504.]]
##############################
[[ 84. 148. 193. 227. 253. 258. 273. 290. 299. 312. 313. 301. 311. 319.
  321. 318. 318. 322. 312. 333. 322. 327. 329. 334. 336. 338. 336. 337.
  306. 310. 302. 316. 311. 312. 314. 316. 314. 317. 318. 319.]
 [502. 574. 588. 596. 598. 598. 598. 598. 598. 599. 598. 598. 599. 599.
  599. 599. 599. 599. 599. 599. 600. 600. 600. 600. 600. 599. 599. 599.
  549. 549. 549. 550. 549. 549. 549. 549. 549. 549. 550. 550.]
 [154. 293. 353. 409. 436. 463. 487. 494. 496. 504. 510. 520. 516. 528.
  524. 522. 530. 534. 531. 537. 538. 538. 542. 542. 545. 545. 546. 548.
  504. 502. 505. 505. 503. 501. 502. 505. 503. 503. 504. 505.]
 [214. 334. 408. 422. 450. 463. 484. 489. 498. 508. 506. 513. 518. 515.
  521. 521. 527. 527. 535. 535. 535. 539. 534. 538. 542. 547. 545. 541.
  493. 496. 497. 497. 495. 498. 497. 499. 500. 500. 502. 504.]]
##############################
[[ 84. 148. 193. 227. 253. 258. 273. 290. 299. 312. 313. 301. 311. 319.
  321. 318. 318. 322. 312. 333. 322. 327. 329. 334. 336. 338. 336. 337.
  336. 310. 302. 316. 311. 312. 314. 316. 314. 317. 318. 319.]
 [502. 574. 588. 596. 598. 598. 598. 598. 598. 599. 598. 598. 599. 599.
  599. 599. 599. 599. 599. 599. 600. 600. 600. 600. 600. 599. 599. 599.
  599. 549. 549. 550. 549. 549. 549. 549. 549. 549. 550. 550.]
 [154. 293. 353. 409. 436. 463. 487. 494. 496. 504. 510. 520. 516. 528.
  524. 522. 530. 534. 531. 537. 538. 538. 542. 542. 545. 545. 546. 548.
  549. 502. 505. 505. 503. 501. 502. 505. 503. 503. 504. 505.]
 [214. 334. 408. 422. 450. 463. 484. 489. 498. 508. 506. 513. 518. 515.
  521. 521. 527. 527. 535. 535. 535. 539. 534. 538. 542. 547. 545. 541.
  540. 496. 497. 497. 495. 498. 497. 499. 500. 500. 502. 504.]]
##############################
[[ 84. 148. 193. 227. 253. 258. 273. 290. 299. 312. 313. 301. 311. 319.
  321. 318. 318. 322. 312. 333. 322. 327. 329. 334. 336. 338. 336. 337.
  336. 340. 302. 316. 311. 312. 314. 316. 314. 317. 318. 319.]
 [502. 574. 588. 596. 598. 598. 598. 598. 598. 599. 598. 598. 599. 599.
  599. 599. 599. 599. 599. 599. 600. 600. 600. 600. 600. 599. 599. 599.
  599. 599. 549. 550. 549. 549. 549. 549. 549. 549. 550. 550.]
 [154. 293. 353. 409. 436. 463. 487. 494. 496. 504. 510. 520. 516. 528.
  524. 522. 530. 534. 531. 537. 538. 538. 542. 542. 545. 545. 546. 548.
  549. 547. 505. 505. 503. 501. 502. 505. 503. 503. 504. 505.]
 [214. 334. 408. 422. 450. 463. 484. 489. 498. 508. 506. 513. 518. 515.
  521. 521. 527. 527. 535. 535. 535. 539. 534. 538. 542. 547. 545. 541.
  540. 543. 497. 497. 495. 498. 497. 499. 500. 500. 502. 504.]]
##############################
[[ 84. 148. 193. 227. 253. 258. 273. 290. 299. 312. 313. 301. 311. 319.
  321. 318. 318. 322. 312. 333. 322. 327. 329. 334. 336. 338. 336. 337.
  336. 340. 334. 316. 311. 312. 314. 316. 314. 317. 318. 319.]
 [502. 574. 588. 596. 598. 598. 598. 598. 598. 599. 598. 598. 599. 599.
  599. 599. 599. 599. 599. 599. 600. 600. 600. 600. 600. 599. 599. 599.
  599. 599. 599. 550. 549. 549. 549. 549. 549. 549. 550. 550.]
 [154. 293. 353. 409. 436. 463. 487. 494. 496. 504. 510. 520. 516. 528.
  524. 522. 530. 534. 531. 537. 538. 538. 542. 542. 545. 545. 546. 548.
  549. 547. 550. 505. 503. 501. 502. 505. 503. 503. 504. 505.]
 [214. 334. 408. 422. 450. 463. 484. 489. 498. 508. 506. 513. 518. 515.
  521. 521. 527. 527. 535. 535. 535. 539. 534. 538. 542. 547. 545. 541.
  540. 543. 546. 497. 495. 498. 497. 499. 500. 500. 502. 504.]]
##############################
[[ 84. 148. 193. 227. 253. 258. 273. 290. 299. 312. 313. 301. 311. 319.
  321. 318. 318. 322. 312. 333. 322. 327. 329. 334. 336. 338. 336. 337.
  336. 340. 334. 346. 311. 312. 314. 316. 314. 317. 318. 319.]
 [502. 574. 588. 596. 598. 598. 598. 598. 598. 599. 598. 598. 599. 599.
  599. 599. 599. 599. 599. 599. 600. 600. 600. 600. 600. 599. 599. 599.
  599. 599. 599. 600. 549. 549. 549. 549. 549. 549. 550. 550.]
 [154. 293. 353. 409. 436. 463. 487. 494. 496. 504. 510. 520. 516. 528.
  524. 522. 530. 534. 531. 537. 538. 538. 542. 542. 545. 545. 546. 548.
  549. 547. 550. 550. 503. 501. 502. 505. 503. 503. 504. 505.]
 [214. 334. 408. 422. 450. 463. 484. 489. 498. 508. 506. 513. 518. 515.
  521. 521. 527. 527. 535. 535. 535. 539. 534. 538. 542. 547. 545. 541.
  540. 543. 546. 544. 495. 498. 497. 499. 500. 500. 502. 504.]]
##############################
[[ 84. 148. 193. 227. 253. 258. 273. 290. 299. 312. 313. 301. 311. 319.
  321. 318. 318. 322. 312. 333. 322. 327. 329. 334. 336. 338. 336. 337.
  336. 340. 334. 346. 339. 312. 314. 316. 314. 317. 318. 319.]
 [502. 574. 588. 596. 598. 598. 598. 598. 598. 599. 598. 598. 599. 599.
  599. 599. 599. 599. 599. 599. 600. 600. 600. 600. 600. 599. 599. 599.
  599. 599. 599. 600. 599. 549. 549. 549. 549. 549. 550. 550.]
 [154. 293. 353. 409. 436. 463. 487. 494. 496. 504. 510. 520. 516. 528.
  524. 522. 530. 534. 531. 537. 538. 538. 542. 542. 545. 545. 546. 548.
  549. 547. 550. 550. 548. 501. 502. 505. 503. 503. 504. 505.]
 [214. 334. 408. 422. 450. 463. 484. 489. 498. 508. 506. 513. 518. 515.
  521. 521. 527. 527. 535. 535. 535. 539. 534. 538. 542. 547. 545. 541.
  540. 543. 546. 544. 541. 498. 497. 499. 500. 500. 502. 504.]]
##############################
[[ 84. 148. 193. 227. 253. 258. 273. 290. 299. 312. 313. 301. 311. 319.
  321. 318. 318. 322. 312. 333. 322. 327. 329. 334. 336. 338. 336. 337.
  336. 340. 334. 346. 339. 340. 314. 316. 314. 317. 318. 319.]
 [502. 574. 588. 596. 598. 598. 598. 598. 598. 599. 598. 598. 599. 599.
  599. 599. 599. 599. 599. 599. 600. 600. 600. 600. 600. 599. 599. 599.
  599. 599. 599. 600. 599. 599. 549. 549. 549. 549. 550. 550.]
 [154. 293. 353. 409. 436. 463. 487. 494. 496. 504. 510. 520. 516. 528.
  524. 522. 530. 534. 531. 537. 538. 538. 542. 542. 545. 545. 546. 548.
  549. 547. 550. 550. 548. 546. 502. 505. 503. 503. 504. 505.]
 [214. 334. 408. 422. 450. 463. 484. 489. 498. 508. 506. 513. 518. 515.
  521. 521. 527. 527. 535. 535. 535. 539. 534. 538. 542. 547. 545. 541.
  540. 543. 546. 544. 541. 546. 497. 499. 500. 500. 502. 504.]]
##############################
[[ 84. 148. 193. 227. 253. 258. 273. 290. 299. 312. 313. 301. 311. 319.
  321. 318. 318. 322. 312. 333. 322. 327. 329. 334. 336. 338. 336. 337.
  336. 340. 334. 346. 339. 340. 341. 316. 314. 317. 318. 319.]
 [502. 574. 588. 596. 598. 598. 598. 598. 598. 599. 598. 598. 599. 599.
  599. 599. 599. 599. 599. 599. 600. 600. 600. 600. 600. 599. 599. 599.
  599. 599. 599. 600. 599. 599. 599. 549. 549. 549. 550. 550.]
 [154. 293. 353. 409. 436. 463. 487. 494. 496. 504. 510. 520. 516. 528.
  524. 522. 530. 534. 531. 537. 538. 538. 542. 542. 545. 545. 546. 548.
  549. 547. 550. 550. 548. 546. 547. 505. 503. 503. 504. 505.]
 [214. 334. 408. 422. 450. 463. 484. 489. 498. 508. 506. 513. 518. 515.
  521. 521. 527. 527. 535. 535. 535. 539. 534. 538. 542. 547. 545. 541.
  540. 543. 546. 544. 541. 546. 544. 499. 500. 500. 502. 504.]]
##############################
[[ 84. 148. 193. 227. 253. 258. 273. 290. 299. 312. 313. 301. 311. 319.
  321. 318. 318. 322. 312. 333. 322. 327. 329. 334. 336. 338. 336. 337.
  336. 340. 334. 346. 339. 340. 341. 347. 314. 317. 318. 319.]
 [502. 574. 588. 596. 598. 598. 598. 598. 598. 599. 598. 598. 599. 599.
  599. 599. 599. 599. 599. 599. 600. 600. 600. 600. 600. 599. 599. 599.
  599. 599. 599. 600. 599. 599. 599. 599. 549. 549. 550. 550.]
 [154. 293. 353. 409. 436. 463. 487. 494. 496. 504. 510. 520. 516. 528.
  524. 522. 530. 534. 531. 537. 538. 538. 542. 542. 545. 545. 546. 548.
  549. 547. 550. 550. 548. 546. 547. 550. 503. 503. 504. 505.]
 [214. 334. 408. 422. 450. 463. 484. 489. 498. 508. 506. 513. 518. 515.
  521. 521. 527. 527. 535. 535. 535. 539. 534. 538. 542. 547. 545. 541.
  540. 543. 546. 544. 541. 546. 544. 546. 500. 500. 502. 504.]]
##############################
[[ 84. 148. 193. 227. 253. 258. 273. 290. 299. 312. 313. 301. 311. 319.
  321. 318. 318. 322. 312. 333. 322. 327. 329. 334. 336. 338. 336. 337.
  336. 340. 334. 346. 339. 340. 341. 347. 344. 317. 318. 319.]
 [502. 574. 588. 596. 598. 598. 598. 598. 598. 599. 598. 598. 599. 599.
  599. 599. 599. 599. 599. 599. 600. 600. 600. 600. 600. 599. 599. 599.
  599. 599. 599. 600. 599. 599. 599. 599. 599. 549. 550. 550.]
 [154. 293. 353. 409. 436. 463. 487. 494. 496. 504. 510. 520. 516. 528.
  524. 522. 530. 534. 531. 537. 538. 538. 542. 542. 545. 545. 546. 548.
  549. 547. 550. 550. 548. 546. 547. 550. 548. 503. 504. 505.]
 [214. 334. 408. 422. 450. 463. 484. 489. 498. 508. 506. 513. 518. 515.
  521. 521. 527. 527. 535. 535. 535. 539. 534. 538. 542. 547. 545. 541.
  540. 543. 546. 544. 541. 546. 544. 546. 547. 500. 502. 504.]]
##############################
[[ 84. 148. 193. 227. 253. 258. 273. 290. 299. 312. 313. 301. 311. 319.
  321. 318. 318. 322. 312. 333. 322. 327. 329. 334. 336. 338. 336. 337.
  336. 340. 334. 346. 339. 340. 341. 347. 344. 346. 318. 319.]
 [502. 574. 588. 596. 598. 598. 598. 598. 598. 599. 598. 598. 599. 599.
  599. 599. 599. 599. 599. 599. 600. 600. 600. 600. 600. 599. 599. 599.
  599. 599. 599. 600. 599. 599. 599. 599. 599. 599. 550. 550.]
 [154. 293. 353. 409. 436. 463. 487. 494. 496. 504. 510. 520. 516. 528.
  524. 522. 530. 534. 531. 537. 538. 538. 542. 542. 545. 545. 546. 548.
  549. 547. 550. 550. 548. 546. 547. 550. 548. 549. 504. 505.]
 [214. 334. 408. 422. 450. 463. 484. 489. 498. 508. 506. 513. 518. 515.
  521. 521. 527. 527. 535. 535. 535. 539. 534. 538. 542. 547. 545. 541.
  540. 543. 546. 544. 541. 546. 544. 546. 547. 548. 502. 504.]]
##############################
[[ 84. 148. 193. 227. 253. 258. 273. 290. 299. 312. 313. 301. 311. 319.
  321. 318. 318. 322. 312. 333. 322. 327. 329. 334. 336. 338. 336. 337.
  336. 340. 334. 346. 339. 340. 341. 347. 344. 346. 347. 319.]
 [502. 574. 588. 596. 598. 598. 598. 598. 598. 599. 598. 598. 599. 599.
  599. 599. 599. 599. 599. 599. 600. 600. 600. 600. 600. 599. 599. 599.
  599. 599. 599. 600. 599. 599. 599. 599. 599. 599. 600. 550.]
 [154. 293. 353. 409. 436. 463. 487. 494. 496. 504. 510. 520. 516. 528.
  524. 522. 530. 534. 531. 537. 538. 538. 542. 542. 545. 545. 546. 548.
  549. 547. 550. 550. 548. 546. 547. 550. 548. 549. 550. 505.]
 [214. 334. 408. 422. 450. 463. 484. 489. 498. 508. 506. 513. 518. 515.
  521. 521. 527. 527. 535. 535. 535. 539. 534. 538. 542. 547. 545. 541.
  540. 543. 546. 544. 541. 546. 544. 546. 547. 548. 549. 504.]]
##############################
[[ 84. 148. 193. 227. 253. 258. 273. 290. 299. 312. 313. 301. 311. 319.
  321. 318. 318. 322. 312. 333. 322. 327. 329. 334. 336. 338. 336. 337.
  336. 340. 334. 346. 339. 340. 341. 347. 344. 346. 347. 345.]
 [502. 574. 588. 596. 598. 598. 598. 598. 598. 599. 598. 598. 599. 599.
  599. 599. 599. 599. 599. 599. 600. 600. 600. 600. 600. 599. 599. 599.
  599. 599. 599. 600. 599. 599. 599. 599. 599. 599. 600. 600.]
 [154. 293. 353. 409. 436. 463. 487. 494. 496. 504. 510. 520. 516. 528.
  524. 522. 530. 534. 531. 537. 538. 538. 542. 542. 545. 545. 546. 548.
  549. 547. 550. 550. 548. 546. 547. 550. 548. 549. 550. 550.]
 [214. 334. 408. 422. 450. 463. 484. 489. 498. 508. 506. 513. 518. 515.
  521. 521. 527. 527. 535. 535. 535. 539. 534. 538. 542. 547. 545. 541.
  540. 543. 546. 544. 541. 546. 544. 546. 547. 548. 549. 551.]]
##############################
##################################################
##################################################
starting :13 batch
[[ 93. 148. 193. 227. 253. 258. 273. 290. 299. 312. 313. 301. 311. 319.
  321. 318. 318. 322. 312. 333. 322. 327. 329. 334. 336. 338. 336. 337.
  336. 340. 334. 346. 339. 340. 341. 347. 344. 346. 347. 345.]
 [550. 574. 588. 596. 598. 598. 598. 598. 598. 599. 598. 598. 599. 599.
  599. 599. 599. 599. 599. 599. 600. 600. 600. 600. 600. 599. 599. 599.
  599. 599. 599. 600. 599. 599. 599. 599. 599. 599. 600. 600.]
 [171. 293. 353. 409. 436. 463. 487. 494. 496. 504. 510. 520. 516. 528.
  524. 522. 530. 534. 531. 537. 538. 538. 542. 542. 545. 545. 546. 548.
  549. 547. 550. 550. 548. 546. 547. 550. 548. 549. 550. 550.]
 [232. 334. 408. 422. 450. 463. 484. 489. 498. 508. 506. 513. 518. 515.
  521. 521. 527. 527. 535. 535. 535. 539. 534. 538. 542. 547. 545. 541.
  540. 543. 546. 544. 541. 546. 544. 546. 547. 548. 549. 551.]]
##############################
[[ 93. 160. 193. 227. 253. 258. 273. 290. 299. 312. 313. 301. 311. 319.
  321. 318. 318. 322. 312. 333. 322. 327. 329. 334. 336. 338. 336. 337.
  336. 340. 334. 346. 339. 340. 341. 347. 344. 346. 347. 345.]
 [550. 624. 588. 596. 598. 598. 598. 598. 598. 599. 598. 598. 599. 599.
  599. 599. 599. 599. 599. 599. 600. 600. 600. 600. 600. 599. 599. 599.
  599. 599. 599. 600. 599. 599. 599. 599. 599. 599. 600. 600.]
 [171. 321. 353. 409. 436. 463. 487. 494. 496. 504. 510. 520. 516. 528.
  524. 522. 530. 534. 531. 537. 538. 538. 542. 542. 545. 545. 546. 548.
  549. 547. 550. 550. 548. 546. 547. 550. 548. 549. 550. 550.]
 [232. 362. 408. 422. 450. 463. 484. 489. 498. 508. 506. 513. 518. 515.
  521. 521. 527. 527. 535. 535. 535. 539. 534. 538. 542. 547. 545. 541.
  540. 543. 546. 544. 541. 546. 544. 546. 547. 548. 549. 551.]]
##############################
[[ 93. 160. 211. 227. 253. 258. 273. 290. 299. 312. 313. 301. 311. 319.
  321. 318. 318. 322. 312. 333. 322. 327. 329. 334. 336. 338. 336. 337.
  336. 340. 334. 346. 339. 340. 341. 347. 344. 346. 347. 345.]
 [550. 624. 638. 596. 598. 598. 598. 598. 598. 599. 598. 598. 599. 599.
  599. 599. 599. 599. 599. 599. 600. 600. 600. 600. 600. 599. 599. 599.
  599. 599. 599. 600. 599. 599. 599. 599. 599. 599. 600. 600.]
 [171. 321. 387. 409. 436. 463. 487. 494. 496. 504. 510. 520. 516. 528.
  524. 522. 530. 534. 531. 537. 538. 538. 542. 542. 545. 545. 546. 548.
  549. 547. 550. 550. 548. 546. 547. 550. 548. 549. 550. 550.]
 [232. 362. 442. 422. 450. 463. 484. 489. 498. 508. 506. 513. 518. 515.
  521. 521. 527. 527. 535. 535. 535. 539. 534. 538. 542. 547. 545. 541.
  540. 543. 546. 544. 541. 546. 544. 546. 547. 548. 549. 551.]]
##############################
[[ 93. 160. 211. 247. 253. 258. 273. 290. 299. 312. 313. 301. 311. 319.
  321. 318. 318. 322. 312. 333. 322. 327. 329. 334. 336. 338. 336. 337.
  336. 340. 334. 346. 339. 340. 341. 347. 344. 346. 347. 345.]
 [550. 624. 638. 646. 598. 598. 598. 598. 598. 599. 598. 598. 599. 599.
  599. 599. 599. 599. 599. 599. 600. 600. 600. 600. 600. 599. 599. 599.
  599. 599. 599. 600. 599. 599. 599. 599. 599. 599. 600. 600.]
 [171. 321. 387. 445. 436. 463. 487. 494. 496. 504. 510. 520. 516. 528.
  524. 522. 530. 534. 531. 537. 538. 538. 542. 542. 545. 545. 546. 548.
  549. 547. 550. 550. 548. 546. 547. 550. 548. 549. 550. 550.]
 [232. 362. 442. 462. 450. 463. 484. 489. 498. 508. 506. 513. 518. 515.
  521. 521. 527. 527. 535. 535. 535. 539. 534. 538. 542. 547. 545. 541.
  540. 543. 546. 544. 541. 546. 544. 546. 547. 548. 549. 551.]]
##############################
[[ 93. 160. 211. 247. 273. 258. 273. 290. 299. 312. 313. 301. 311. 319.
  321. 318. 318. 322. 312. 333. 322. 327. 329. 334. 336. 338. 336. 337.
  336. 340. 334. 346. 339. 340. 341. 347. 344. 346. 347. 345.]
 [550. 624. 638. 646. 648. 598. 598. 598. 598. 599. 598. 598. 599. 599.
  599. 599. 599. 599. 599. 599. 600. 600. 600. 600. 600. 599. 599. 599.
  599. 599. 599. 600. 599. 599. 599. 599. 599. 599. 600. 600.]
 [171. 321. 387. 445. 470. 463. 487. 494. 496. 504. 510. 520. 516. 528.
  524. 522. 530. 534. 531. 537. 538. 538. 542. 542. 545. 545. 546. 548.
  549. 547. 550. 550. 548. 546. 547. 550. 548. 549. 550. 550.]
 [232. 362. 442. 462. 491. 463. 484. 489. 498. 508. 506. 513. 518. 515.
  521. 521. 527. 527. 535. 535. 535. 539. 534. 538. 542. 547. 545. 541.
  540. 543. 546. 544. 541. 546. 544. 546. 547. 548. 549. 551.]]
##############################
[[ 93. 160. 211. 247. 273. 279. 273. 290. 299. 312. 313. 301. 311. 319.
  321. 318. 318. 322. 312. 333. 322. 327. 329. 334. 336. 338. 336. 337.
  336. 340. 334. 346. 339. 340. 341. 347. 344. 346. 347. 345.]
 [550. 624. 638. 646. 648. 648. 598. 598. 598. 599. 598. 598. 599. 599.
  599. 599. 599. 599. 599. 599. 600. 600. 600. 600. 600. 599. 599. 599.
  599. 599. 599. 600. 599. 599. 599. 599. 599. 599. 600. 600.]
 [171. 321. 387. 445. 470. 500. 487. 494. 496. 504. 510. 520. 516. 528.
  524. 522. 530. 534. 531. 537. 538. 538. 542. 542. 545. 545. 546. 548.
  549. 547. 550. 550. 548. 546. 547. 550. 548. 549. 550. 550.]
 [232. 362. 442. 462. 491. 505. 484. 489. 498. 508. 506. 513. 518. 515.
  521. 521. 527. 527. 535. 535. 535. 539. 534. 538. 542. 547. 545. 541.
  540. 543. 546. 544. 541. 546. 544. 546. 547. 548. 549. 551.]]
##############################
[[ 93. 160. 211. 247. 273. 279. 295. 290. 299. 312. 313. 301. 311. 319.
  321. 318. 318. 322. 312. 333. 322. 327. 329. 334. 336. 338. 336. 337.
  336. 340. 334. 346. 339. 340. 341. 347. 344. 346. 347. 345.]
 [550. 624. 638. 646. 648. 648. 648. 598. 598. 599. 598. 598. 599. 599.
  599. 599. 599. 599. 599. 599. 600. 600. 600. 600. 600. 599. 599. 599.
  599. 599. 599. 600. 599. 599. 599. 599. 599. 599. 600. 600.]
 [171. 321. 387. 445. 470. 500. 525. 494. 496. 504. 510. 520. 516. 528.
  524. 522. 530. 534. 531. 537. 538. 538. 542. 542. 545. 545. 546. 548.
  549. 547. 550. 550. 548. 546. 547. 550. 548. 549. 550. 550.]
 [232. 362. 442. 462. 491. 505. 530. 489. 498. 508. 506. 513. 518. 515.
  521. 521. 527. 527. 535. 535. 535. 539. 534. 538. 542. 547. 545. 541.
  540. 543. 546. 544. 541. 546. 544. 546. 547. 548. 549. 551.]]
##############################
[[ 93. 160. 211. 247. 273. 279. 295. 313. 299. 312. 313. 301. 311. 319.
  321. 318. 318. 322. 312. 333. 322. 327. 329. 334. 336. 338. 336. 337.
  336. 340. 334. 346. 339. 340. 341. 347. 344. 346. 347. 345.]
 [550. 624. 638. 646. 648. 648. 648. 648. 598. 599. 598. 598. 599. 599.
  599. 599. 599. 599. 599. 599. 600. 600. 600. 600. 600. 599. 599. 599.
  599. 599. 599. 600. 599. 599. 599. 599. 599. 599. 600. 600.]
 [171. 321. 387. 445. 470. 500. 525. 530. 496. 504. 510. 520. 516. 528.
  524. 522. 530. 534. 531. 537. 538. 538. 542. 542. 545. 545. 546. 548.
  549. 547. 550. 550. 548. 546. 547. 550. 548. 549. 550. 550.]
 [232. 362. 442. 462. 491. 505. 530. 532. 498. 508. 506. 513. 518. 515.
  521. 521. 527. 527. 535. 535. 535. 539. 534. 538. 542. 547. 545. 541.
  540. 543. 546. 544. 541. 546. 544. 546. 547. 548. 549. 551.]]
##############################
[[ 93. 160. 211. 247. 273. 279. 295. 313. 322. 312. 313. 301. 311. 319.
  321. 318. 318. 322. 312. 333. 322. 327. 329. 334. 336. 338. 336. 337.
  336. 340. 334. 346. 339. 340. 341. 347. 344. 346. 347. 345.]
 [550. 624. 638. 646. 648. 648. 648. 648. 648. 599. 598. 598. 599. 599.
  599. 599. 599. 599. 599. 599. 600. 600. 600. 600. 600. 599. 599. 599.
  599. 599. 599. 600. 599. 599. 599. 599. 599. 599. 600. 600.]
 [171. 321. 387. 445. 470. 500. 525. 530. 538. 504. 510. 520. 516. 528.
  524. 522. 530. 534. 531. 537. 538. 538. 542. 542. 545. 545. 546. 548.
  549. 547. 550. 550. 548. 546. 547. 550. 548. 549. 550. 550.]
 [232. 362. 442. 462. 491. 505. 530. 532. 541. 508. 506. 513. 518. 515.
  521. 521. 527. 527. 535. 535. 535. 539. 534. 538. 542. 547. 545. 541.
  540. 543. 546. 544. 541. 546. 544. 546. 547. 548. 549. 551.]]
##############################
[[ 93. 160. 211. 247. 273. 279. 295. 313. 322. 335. 313. 301. 311. 319.
  321. 318. 318. 322. 312. 333. 322. 327. 329. 334. 336. 338. 336. 337.
  336. 340. 334. 346. 339. 340. 341. 347. 344. 346. 347. 345.]
 [550. 624. 638. 646. 648. 648. 648. 648. 648. 649. 598. 598. 599. 599.
  599. 599. 599. 599. 599. 599. 600. 600. 600. 600. 600. 599. 599. 599.
  599. 599. 599. 600. 599. 599. 599. 599. 599. 599. 600. 600.]
 [171. 321. 387. 445. 470. 500. 525. 530. 538. 546. 510. 520. 516. 528.
  524. 522. 530. 534. 531. 537. 538. 538. 542. 542. 545. 545. 546. 548.
  549. 547. 550. 550. 548. 546. 547. 550. 548. 549. 550. 550.]
 [232. 362. 442. 462. 491. 505. 530. 532. 541. 551. 506. 513. 518. 515.
  521. 521. 527. 527. 535. 535. 535. 539. 534. 538. 542. 547. 545. 541.
  540. 543. 546. 544. 541. 546. 544. 546. 547. 548. 549. 551.]]
##############################
[[ 93. 160. 211. 247. 273. 279. 295. 313. 322. 335. 337. 301. 311. 319.
  321. 318. 318. 322. 312. 333. 322. 327. 329. 334. 336. 338. 336. 337.
  336. 340. 334. 346. 339. 340. 341. 347. 344. 346. 347. 345.]
 [550. 624. 638. 646. 648. 648. 648. 648. 648. 649. 648. 598. 599. 599.
  599. 599. 599. 599. 599. 599. 600. 600. 600. 600. 600. 599. 599. 599.
  599. 599. 599. 600. 599. 599. 599. 599. 599. 599. 600. 600.]
 [171. 321. 387. 445. 470. 500. 525. 530. 538. 546. 551. 520. 516. 528.
  524. 522. 530. 534. 531. 537. 538. 538. 542. 542. 545. 545. 546. 548.
  549. 547. 550. 550. 548. 546. 547. 550. 548. 549. 550. 550.]
 [232. 362. 442. 462. 491. 505. 530. 532. 541. 551. 549. 513. 518. 515.
  521. 521. 527. 527. 535. 535. 535. 539. 534. 538. 542. 547. 545. 541.
  540. 543. 546. 544. 541. 546. 544. 546. 547. 548. 549. 551.]]
##############################
[[ 93. 160. 211. 247. 273. 279. 295. 313. 322. 335. 337. 326. 311. 319.
  321. 318. 318. 322. 312. 333. 322. 327. 329. 334. 336. 338. 336. 337.
  336. 340. 334. 346. 339. 340. 341. 347. 344. 346. 347. 345.]
 [550. 624. 638. 646. 648. 648. 648. 648. 648. 649. 648. 648. 599. 599.
  599. 599. 599. 599. 599. 599. 600. 600. 600. 600. 600. 599. 599. 599.
  599. 599. 599. 600. 599. 599. 599. 599. 599. 599. 600. 600.]
 [171. 321. 387. 445. 470. 500. 525. 530. 538. 546. 551. 563. 516. 528.
  524. 522. 530. 534. 531. 537. 538. 538. 542. 542. 545. 545. 546. 548.
  549. 547. 550. 550. 548. 546. 547. 550. 548. 549. 550. 550.]
 [232. 362. 442. 462. 491. 505. 530. 532. 541. 551. 549. 558. 518. 515.
  521. 521. 527. 527. 535. 535. 535. 539. 534. 538. 542. 547. 545. 541.
  540. 543. 546. 544. 541. 546. 544. 546. 547. 548. 549. 551.]]
##############################
[[ 93. 160. 211. 247. 273. 279. 295. 313. 322. 335. 337. 326. 336. 319.
  321. 318. 318. 322. 312. 333. 322. 327. 329. 334. 336. 338. 336. 337.
  336. 340. 334. 346. 339. 340. 341. 347. 344. 346. 347. 345.]
 [550. 624. 638. 646. 648. 648. 648. 648. 648. 649. 648. 648. 649. 599.
  599. 599. 599. 599. 599. 599. 600. 600. 600. 600. 600. 599. 599. 599.
  599. 599. 599. 600. 599. 599. 599. 599. 599. 599. 600. 600.]
 [171. 321. 387. 445. 470. 500. 525. 530. 538. 546. 551. 563. 560. 528.
  524. 522. 530. 534. 531. 537. 538. 538. 542. 542. 545. 545. 546. 548.
  549. 547. 550. 550. 548. 546. 547. 550. 548. 549. 550. 550.]
 [232. 362. 442. 462. 491. 505. 530. 532. 541. 551. 549. 558. 562. 515.
  521. 521. 527. 527. 535. 535. 535. 539. 534. 538. 542. 547. 545. 541.
  540. 543. 546. 544. 541. 546. 544. 546. 547. 548. 549. 551.]]
##############################
[[ 93. 160. 211. 247. 273. 279. 295. 313. 322. 335. 337. 326. 336. 345.
  321. 318. 318. 322. 312. 333. 322. 327. 329. 334. 336. 338. 336. 337.
  336. 340. 334. 346. 339. 340. 341. 347. 344. 346. 347. 345.]
 [550. 624. 638. 646. 648. 648. 648. 648. 648. 649. 648. 648. 649. 649.
  599. 599. 599. 599. 599. 599. 600. 600. 600. 600. 600. 599. 599. 599.
  599. 599. 599. 600. 599. 599. 599. 599. 599. 599. 600. 600.]
 [171. 321. 387. 445. 470. 500. 525. 530. 538. 546. 551. 563. 560. 574.
  524. 522. 530. 534. 531. 537. 538. 538. 542. 542. 545. 545. 546. 548.
  549. 547. 550. 550. 548. 546. 547. 550. 548. 549. 550. 550.]
 [232. 362. 442. 462. 491. 505. 530. 532. 541. 551. 549. 558. 562. 561.
  521. 521. 527. 527. 535. 535. 535. 539. 534. 538. 542. 547. 545. 541.
  540. 543. 546. 544. 541. 546. 544. 546. 547. 548. 549. 551.]]
##############################
[[ 93. 160. 211. 247. 273. 279. 295. 313. 322. 335. 337. 326. 336. 345.
  349. 318. 318. 322. 312. 333. 322. 327. 329. 334. 336. 338. 336. 337.
  336. 340. 334. 346. 339. 340. 341. 347. 344. 346. 347. 345.]
 [550. 624. 638. 646. 648. 648. 648. 648. 648. 649. 648. 648. 649. 649.
  649. 599. 599. 599. 599. 599. 600. 600. 600. 600. 600. 599. 599. 599.
  599. 599. 599. 600. 599. 599. 599. 599. 599. 599. 600. 600.]
 [171. 321. 387. 445. 470. 500. 525. 530. 538. 546. 551. 563. 560. 574.
  569. 522. 530. 534. 531. 537. 538. 538. 542. 542. 545. 545. 546. 548.
  549. 547. 550. 550. 548. 546. 547. 550. 548. 549. 550. 550.]
 [232. 362. 442. 462. 491. 505. 530. 532. 541. 551. 549. 558. 562. 561.
  565. 521. 527. 527. 535. 535. 535. 539. 534. 538. 542. 547. 545. 541.
  540. 543. 546. 544. 541. 546. 544. 546. 547. 548. 549. 551.]]
##############################
[[ 93. 160. 211. 247. 273. 279. 295. 313. 322. 335. 337. 326. 336. 345.
  349. 346. 318. 322. 312. 333. 322. 327. 329. 334. 336. 338. 336. 337.
  336. 340. 334. 346. 339. 340. 341. 347. 344. 346. 347. 345.]
 [550. 624. 638. 646. 648. 648. 648. 648. 648. 649. 648. 648. 649. 649.
  649. 649. 599. 599. 599. 599. 600. 600. 600. 600. 600. 599. 599. 599.
  599. 599. 599. 600. 599. 599. 599. 599. 599. 599. 600. 600.]
 [171. 321. 387. 445. 470. 500. 525. 530. 538. 546. 551. 563. 560. 574.
  569. 570. 530. 534. 531. 537. 538. 538. 542. 542. 545. 545. 546. 548.
  549. 547. 550. 550. 548. 546. 547. 550. 548. 549. 550. 550.]
 [232. 362. 442. 462. 491. 505. 530. 532. 541. 551. 549. 558. 562. 561.
  565. 566. 527. 527. 535. 535. 535. 539. 534. 538. 542. 547. 545. 541.
  540. 543. 546. 544. 541. 546. 544. 546. 547. 548. 549. 551.]]
##############################
[[ 93. 160. 211. 247. 273. 279. 295. 313. 322. 335. 337. 326. 336. 345.
  349. 346. 346. 322. 312. 333. 322. 327. 329. 334. 336. 338. 336. 337.
  336. 340. 334. 346. 339. 340. 341. 347. 344. 346. 347. 345.]
 [550. 624. 638. 646. 648. 648. 648. 648. 648. 649. 648. 648. 649. 649.
  649. 649. 649. 599. 599. 599. 600. 600. 600. 600. 600. 599. 599. 599.
  599. 599. 599. 600. 599. 599. 599. 599. 599. 599. 600. 600.]
 [171. 321. 387. 445. 470. 500. 525. 530. 538. 546. 551. 563. 560. 574.
  569. 570. 577. 534. 531. 537. 538. 538. 542. 542. 545. 545. 546. 548.
  549. 547. 550. 550. 548. 546. 547. 550. 548. 549. 550. 550.]
 [232. 362. 442. 462. 491. 505. 530. 532. 541. 551. 549. 558. 562. 561.
  565. 566. 572. 527. 535. 535. 535. 539. 534. 538. 542. 547. 545. 541.
  540. 543. 546. 544. 541. 546. 544. 546. 547. 548. 549. 551.]]
##############################
[[ 93. 160. 211. 247. 273. 279. 295. 313. 322. 335. 337. 326. 336. 345.
  349. 346. 346. 351. 312. 333. 322. 327. 329. 334. 336. 338. 336. 337.
  336. 340. 334. 346. 339. 340. 341. 347. 344. 346. 347. 345.]
 [550. 624. 638. 646. 648. 648. 648. 648. 648. 649. 648. 648. 649. 649.
  649. 649. 649. 649. 599. 599. 600. 600. 600. 600. 600. 599. 599. 599.
  599. 599. 599. 600. 599. 599. 599. 599. 599. 599. 600. 600.]
 [171. 321. 387. 445. 470. 500. 525. 530. 538. 546. 551. 563. 560. 574.
  569. 570. 577. 581. 531. 537. 538. 538. 542. 542. 545. 545. 546. 548.
  549. 547. 550. 550. 548. 546. 547. 550. 548. 549. 550. 550.]
 [232. 362. 442. 462. 491. 505. 530. 532. 541. 551. 549. 558. 562. 561.
  565. 566. 572. 572. 535. 535. 535. 539. 534. 538. 542. 547. 545. 541.
  540. 543. 546. 544. 541. 546. 544. 546. 547. 548. 549. 551.]]
##############################
[[ 93. 160. 211. 247. 273. 279. 295. 313. 322. 335. 337. 326. 336. 345.
  349. 346. 346. 351. 338. 333. 322. 327. 329. 334. 336. 338. 336. 337.
  336. 340. 334. 346. 339. 340. 341. 347. 344. 346. 347. 345.]
 [550. 624. 638. 646. 648. 648. 648. 648. 648. 649. 648. 648. 649. 649.
  649. 649. 649. 649. 649. 599. 600. 600. 600. 600. 600. 599. 599. 599.
  599. 599. 599. 600. 599. 599. 599. 599. 599. 599. 600. 600.]
 [171. 321. 387. 445. 470. 500. 525. 530. 538. 546. 551. 563. 560. 574.
  569. 570. 577. 581. 578. 537. 538. 538. 542. 542. 545. 545. 546. 548.
  549. 547. 550. 550. 548. 546. 547. 550. 548. 549. 550. 550.]
 [232. 362. 442. 462. 491. 505. 530. 532. 541. 551. 549. 558. 562. 561.
  565. 566. 572. 572. 581. 535. 535. 539. 534. 538. 542. 547. 545. 541.
  540. 543. 546. 544. 541. 546. 544. 546. 547. 548. 549. 551.]]
##############################
[[ 93. 160. 211. 247. 273. 279. 295. 313. 322. 335. 337. 326. 336. 345.
  349. 346. 346. 351. 338. 362. 322. 327. 329. 334. 336. 338. 336. 337.
  336. 340. 334. 346. 339. 340. 341. 347. 344. 346. 347. 345.]
 [550. 624. 638. 646. 648. 648. 648. 648. 648. 649. 648. 648. 649. 649.
  649. 649. 649. 649. 649. 649. 600. 600. 600. 600. 600. 599. 599. 599.
  599. 599. 599. 600. 599. 599. 599. 599. 599. 599. 600. 600.]
 [171. 321. 387. 445. 470. 500. 525. 530. 538. 546. 551. 563. 560. 574.
  569. 570. 577. 581. 578. 584. 538. 538. 542. 542. 545. 545. 546. 548.
  549. 547. 550. 550. 548. 546. 547. 550. 548. 549. 550. 550.]
 [232. 362. 442. 462. 491. 505. 530. 532. 541. 551. 549. 558. 562. 561.
  565. 566. 572. 572. 581. 580. 535. 539. 534. 538. 542. 547. 545. 541.
  540. 543. 546. 544. 541. 546. 544. 546. 547. 548. 549. 551.]]
##############################
[[ 93. 160. 211. 247. 273. 279. 295. 313. 322. 335. 337. 326. 336. 345.
  349. 346. 346. 351. 338. 362. 351. 327. 329. 334. 336. 338. 336. 337.
  336. 340. 334. 346. 339. 340. 341. 347. 344. 346. 347. 345.]
 [550. 624. 638. 646. 648. 648. 648. 648. 648. 649. 648. 648. 649. 649.
  649. 649. 649. 649. 649. 649. 650. 600. 600. 600. 600. 599. 599. 599.
  599. 599. 599. 600. 599. 599. 599. 599. 599. 599. 600. 600.]
 [171. 321. 387. 445. 470. 500. 525. 530. 538. 546. 551. 563. 560. 574.
  569. 570. 577. 581. 578. 584. 584. 538. 542. 542. 545. 545. 546. 548.
  549. 547. 550. 550. 548. 546. 547. 550. 548. 549. 550. 550.]
 [232. 362. 442. 462. 491. 505. 530. 532. 541. 551. 549. 558. 562. 561.
  565. 566. 572. 572. 581. 580. 580. 539. 534. 538. 542. 547. 545. 541.
  540. 543. 546. 544. 541. 546. 544. 546. 547. 548. 549. 551.]]
##############################
[[ 93. 160. 211. 247. 273. 279. 295. 313. 322. 335. 337. 326. 336. 345.
  349. 346. 346. 351. 338. 362. 351. 357. 329. 334. 336. 338. 336. 337.
  336. 340. 334. 346. 339. 340. 341. 347. 344. 346. 347. 345.]
 [550. 624. 638. 646. 648. 648. 648. 648. 648. 649. 648. 648. 649. 649.
  649. 649. 649. 649. 649. 649. 650. 650. 600. 600. 600. 599. 599. 599.
  599. 599. 599. 600. 599. 599. 599. 599. 599. 599. 600. 600.]
 [171. 321. 387. 445. 470. 500. 525. 530. 538. 546. 551. 563. 560. 574.
  569. 570. 577. 581. 578. 584. 584. 585. 542. 542. 545. 545. 546. 548.
  549. 547. 550. 550. 548. 546. 547. 550. 548. 549. 550. 550.]
 [232. 362. 442. 462. 491. 505. 530. 532. 541. 551. 549. 558. 562. 561.
  565. 566. 572. 572. 581. 580. 580. 586. 534. 538. 542. 547. 545. 541.
  540. 543. 546. 544. 541. 546. 544. 546. 547. 548. 549. 551.]]
##############################
[[ 93. 160. 211. 247. 273. 279. 295. 313. 322. 335. 337. 326. 336. 345.
  349. 346. 346. 351. 338. 362. 351. 357. 359. 334. 336. 338. 336. 337.
  336. 340. 334. 346. 339. 340. 341. 347. 344. 346. 347. 345.]
 [550. 624. 638. 646. 648. 648. 648. 648. 648. 649. 648. 648. 649. 649.
  649. 649. 649. 649. 649. 649. 650. 650. 650. 600. 600. 599. 599. 599.
  599. 599. 599. 600. 599. 599. 599. 599. 599. 599. 600. 600.]
 [171. 321. 387. 445. 470. 500. 525. 530. 538. 546. 551. 563. 560. 574.
  569. 570. 577. 581. 578. 584. 584. 585. 589. 542. 545. 545. 546. 548.
  549. 547. 550. 550. 548. 546. 547. 550. 548. 549. 550. 550.]
 [232. 362. 442. 462. 491. 505. 530. 532. 541. 551. 549. 558. 562. 561.
  565. 566. 572. 572. 581. 580. 580. 586. 579. 538. 542. 547. 545. 541.
  540. 543. 546. 544. 541. 546. 544. 546. 547. 548. 549. 551.]]
##############################
[[ 93. 160. 211. 247. 273. 279. 295. 313. 322. 335. 337. 326. 336. 345.
  349. 346. 346. 351. 338. 362. 351. 357. 359. 365. 336. 338. 336. 337.
  336. 340. 334. 346. 339. 340. 341. 347. 344. 346. 347. 345.]
 [550. 624. 638. 646. 648. 648. 648. 648. 648. 649. 648. 648. 649. 649.
  649. 649. 649. 649. 649. 649. 650. 650. 650. 650. 600. 599. 599. 599.
  599. 599. 599. 600. 599. 599. 599. 599. 599. 599. 600. 600.]
 [171. 321. 387. 445. 470. 500. 525. 530. 538. 546. 551. 563. 560. 574.
  569. 570. 577. 581. 578. 584. 584. 585. 589. 590. 545. 545. 546. 548.
  549. 547. 550. 550. 548. 546. 547. 550. 548. 549. 550. 550.]
 [232. 362. 442. 462. 491. 505. 530. 532. 541. 551. 549. 558. 562. 561.
  565. 566. 572. 572. 581. 580. 580. 586. 579. 581. 542. 547. 545. 541.
  540. 543. 546. 544. 541. 546. 544. 546. 547. 548. 549. 551.]]
##############################
[[ 93. 160. 211. 247. 273. 279. 295. 313. 322. 335. 337. 326. 336. 345.
  349. 346. 346. 351. 338. 362. 351. 357. 359. 365. 363. 338. 336. 337.
  336. 340. 334. 346. 339. 340. 341. 347. 344. 346. 347. 345.]
 [550. 624. 638. 646. 648. 648. 648. 648. 648. 649. 648. 648. 649. 649.
  649. 649. 649. 649. 649. 649. 650. 650. 650. 650. 650. 599. 599. 599.
  599. 599. 599. 600. 599. 599. 599. 599. 599. 599. 600. 600.]
 [171. 321. 387. 445. 470. 500. 525. 530. 538. 546. 551. 563. 560. 574.
  569. 570. 577. 581. 578. 584. 584. 585. 589. 590. 591. 545. 546. 548.
  549. 547. 550. 550. 548. 546. 547. 550. 548. 549. 550. 550.]
 [232. 362. 442. 462. 491. 505. 530. 532. 541. 551. 549. 558. 562. 561.
  565. 566. 572. 572. 581. 580. 580. 586. 579. 581. 588. 547. 545. 541.
  540. 543. 546. 544. 541. 546. 544. 546. 547. 548. 549. 551.]]
##############################
[[ 93. 160. 211. 247. 273. 279. 295. 313. 322. 335. 337. 326. 336. 345.
  349. 346. 346. 351. 338. 362. 351. 357. 359. 365. 363. 366. 336. 337.
  336. 340. 334. 346. 339. 340. 341. 347. 344. 346. 347. 345.]
 [550. 624. 638. 646. 648. 648. 648. 648. 648. 649. 648. 648. 649. 649.
  649. 649. 649. 649. 649. 649. 650. 650. 650. 650. 650. 649. 599. 599.
  599. 599. 599. 600. 599. 599. 599. 599. 599. 599. 600. 600.]
 [171. 321. 387. 445. 470. 500. 525. 530. 538. 546. 551. 563. 560. 574.
  569. 570. 577. 581. 578. 584. 584. 585. 589. 590. 591. 592. 546. 548.
  549. 547. 550. 550. 548. 546. 547. 550. 548. 549. 550. 550.]
 [232. 362. 442. 462. 491. 505. 530. 532. 541. 551. 549. 558. 562. 561.
  565. 566. 572. 572. 581. 580. 580. 586. 579. 581. 588. 593. 545. 541.
  540. 543. 546. 544. 541. 546. 544. 546. 547. 548. 549. 551.]]
##############################
[[ 93. 160. 211. 247. 273. 279. 295. 313. 322. 335. 337. 326. 336. 345.
  349. 346. 346. 351. 338. 362. 351. 357. 359. 365. 363. 366. 364. 337.
  336. 340. 334. 346. 339. 340. 341. 347. 344. 346. 347. 345.]
 [550. 624. 638. 646. 648. 648. 648. 648. 648. 649. 648. 648. 649. 649.
  649. 649. 649. 649. 649. 649. 650. 650. 650. 650. 650. 649. 649. 599.
  599. 599. 599. 600. 599. 599. 599. 599. 599. 599. 600. 600.]
 [171. 321. 387. 445. 470. 500. 525. 530. 538. 546. 551. 563. 560. 574.
  569. 570. 577. 581. 578. 584. 584. 585. 589. 590. 591. 592. 592. 548.
  549. 547. 550. 550. 548. 546. 547. 550. 548. 549. 550. 550.]
 [232. 362. 442. 462. 491. 505. 530. 532. 541. 551. 549. 558. 562. 561.
  565. 566. 572. 572. 581. 580. 580. 586. 579. 581. 588. 593. 590. 541.
  540. 543. 546. 544. 541. 546. 544. 546. 547. 548. 549. 551.]]
##############################
[[ 93. 160. 211. 247. 273. 279. 295. 313. 322. 335. 337. 326. 336. 345.
  349. 346. 346. 351. 338. 362. 351. 357. 359. 365. 363. 366. 364. 366.
  336. 340. 334. 346. 339. 340. 341. 347. 344. 346. 347. 345.]
 [550. 624. 638. 646. 648. 648. 648. 648. 648. 649. 648. 648. 649. 649.
  649. 649. 649. 649. 649. 649. 650. 650. 650. 650. 650. 649. 649. 649.
  599. 599. 599. 600. 599. 599. 599. 599. 599. 599. 600. 600.]
 [171. 321. 387. 445. 470. 500. 525. 530. 538. 546. 551. 563. 560. 574.
  569. 570. 577. 581. 578. 584. 584. 585. 589. 590. 591. 592. 592. 595.
  549. 547. 550. 550. 548. 546. 547. 550. 548. 549. 550. 550.]
 [232. 362. 442. 462. 491. 505. 530. 532. 541. 551. 549. 558. 562. 561.
  565. 566. 572. 572. 581. 580. 580. 586. 579. 581. 588. 593. 590. 585.
  540. 543. 546. 544. 541. 546. 544. 546. 547. 548. 549. 551.]]
##############################
[[ 93. 160. 211. 247. 273. 279. 295. 313. 322. 335. 337. 326. 336. 345.
  349. 346. 346. 351. 338. 362. 351. 357. 359. 365. 363. 366. 364. 366.
  367. 340. 334. 346. 339. 340. 341. 347. 344. 346. 347. 345.]
 [550. 624. 638. 646. 648. 648. 648. 648. 648. 649. 648. 648. 649. 649.
  649. 649. 649. 649. 649. 649. 650. 650. 650. 650. 650. 649. 649. 649.
  649. 599. 599. 600. 599. 599. 599. 599. 599. 599. 600. 600.]
 [171. 321. 387. 445. 470. 500. 525. 530. 538. 546. 551. 563. 560. 574.
  569. 570. 577. 581. 578. 584. 584. 585. 589. 590. 591. 592. 592. 595.
  597. 547. 550. 550. 548. 546. 547. 550. 548. 549. 550. 550.]
 [232. 362. 442. 462. 491. 505. 530. 532. 541. 551. 549. 558. 562. 561.
  565. 566. 572. 572. 581. 580. 580. 586. 579. 581. 588. 593. 590. 585.
  586. 543. 546. 544. 541. 546. 544. 546. 547. 548. 549. 551.]]
##############################
[[ 93. 160. 211. 247. 273. 279. 295. 313. 322. 335. 337. 326. 336. 345.
  349. 346. 346. 351. 338. 362. 351. 357. 359. 365. 363. 366. 364. 366.
  367. 371. 334. 346. 339. 340. 341. 347. 344. 346. 347. 345.]
 [550. 624. 638. 646. 648. 648. 648. 648. 648. 649. 648. 648. 649. 649.
  649. 649. 649. 649. 649. 649. 650. 650. 650. 650. 650. 649. 649. 649.
  649. 649. 599. 600. 599. 599. 599. 599. 599. 599. 600. 600.]
 [171. 321. 387. 445. 470. 500. 525. 530. 538. 546. 551. 563. 560. 574.
  569. 570. 577. 581. 578. 584. 584. 585. 589. 590. 591. 592. 592. 595.
  597. 594. 550. 550. 548. 546. 547. 550. 548. 549. 550. 550.]
 [232. 362. 442. 462. 491. 505. 530. 532. 541. 551. 549. 558. 562. 561.
  565. 566. 572. 572. 581. 580. 580. 586. 579. 581. 588. 593. 590. 585.
  586. 587. 546. 544. 541. 546. 544. 546. 547. 548. 549. 551.]]
##############################
[[ 93. 160. 211. 247. 273. 279. 295. 313. 322. 335. 337. 326. 336. 345.
  349. 346. 346. 351. 338. 362. 351. 357. 359. 365. 363. 366. 364. 366.
  367. 371. 365. 346. 339. 340. 341. 347. 344. 346. 347. 345.]
 [550. 624. 638. 646. 648. 648. 648. 648. 648. 649. 648. 648. 649. 649.
  649. 649. 649. 649. 649. 649. 650. 650. 650. 650. 650. 649. 649. 649.
  649. 649. 649. 600. 599. 599. 599. 599. 599. 599. 600. 600.]
 [171. 321. 387. 445. 470. 500. 525. 530. 538. 546. 551. 563. 560. 574.
  569. 570. 577. 581. 578. 584. 584. 585. 589. 590. 591. 592. 592. 595.
  597. 594. 598. 550. 548. 546. 547. 550. 548. 549. 550. 550.]
 [232. 362. 442. 462. 491. 505. 530. 532. 541. 551. 549. 558. 562. 561.
  565. 566. 572. 572. 581. 580. 580. 586. 579. 581. 588. 593. 590. 585.
  586. 587. 591. 544. 541. 546. 544. 546. 547. 548. 549. 551.]]
##############################
[[ 93. 160. 211. 247. 273. 279. 295. 313. 322. 335. 337. 326. 336. 345.
  349. 346. 346. 351. 338. 362. 351. 357. 359. 365. 363. 366. 364. 366.
  367. 371. 365. 377. 339. 340. 341. 347. 344. 346. 347. 345.]
 [550. 624. 638. 646. 648. 648. 648. 648. 648. 649. 648. 648. 649. 649.
  649. 649. 649. 649. 649. 649. 650. 650. 650. 650. 650. 649. 649. 649.
  649. 649. 649. 650. 599. 599. 599. 599. 599. 599. 600. 600.]
 [171. 321. 387. 445. 470. 500. 525. 530. 538. 546. 551. 563. 560. 574.
  569. 570. 577. 581. 578. 584. 584. 585. 589. 590. 591. 592. 592. 595.
  597. 594. 598. 598. 548. 546. 547. 550. 548. 549. 550. 550.]
 [232. 362. 442. 462. 491. 505. 530. 532. 541. 551. 549. 558. 562. 561.
  565. 566. 572. 572. 581. 580. 580. 586. 579. 581. 588. 593. 590. 585.
  586. 587. 591. 589. 541. 546. 544. 546. 547. 548. 549. 551.]]
##############################
[[ 93. 160. 211. 247. 273. 279. 295. 313. 322. 335. 337. 326. 336. 345.
  349. 346. 346. 351. 338. 362. 351. 357. 359. 365. 363. 366. 364. 366.
  367. 371. 365. 377. 369. 340. 341. 347. 344. 346. 347. 345.]
 [550. 624. 638. 646. 648. 648. 648. 648. 648. 649. 648. 648. 649. 649.
  649. 649. 649. 649. 649. 649. 650. 650. 650. 650. 650. 649. 649. 649.
  649. 649. 649. 650. 649. 599. 599. 599. 599. 599. 600. 600.]
 [171. 321. 387. 445. 470. 500. 525. 530. 538. 546. 551. 563. 560. 574.
  569. 570. 577. 581. 578. 584. 584. 585. 589. 590. 591. 592. 592. 595.
  597. 594. 598. 598. 595. 546. 547. 550. 548. 549. 550. 550.]
 [232. 362. 442. 462. 491. 505. 530. 532. 541. 551. 549. 558. 562. 561.
  565. 566. 572. 572. 581. 580. 580. 586. 579. 581. 588. 593. 590. 585.
  586. 587. 591. 589. 588. 546. 544. 546. 547. 548. 549. 551.]]
##############################
[[ 93. 160. 211. 247. 273. 279. 295. 313. 322. 335. 337. 326. 336. 345.
  349. 346. 346. 351. 338. 362. 351. 357. 359. 365. 363. 366. 364. 366.
  367. 371. 365. 377. 369. 372. 341. 347. 344. 346. 347. 345.]
 [550. 624. 638. 646. 648. 648. 648. 648. 648. 649. 648. 648. 649. 649.
  649. 649. 649. 649. 649. 649. 650. 650. 650. 650. 650. 649. 649. 649.
  649. 649. 649. 650. 649. 649. 599. 599. 599. 599. 600. 600.]
 [171. 321. 387. 445. 470. 500. 525. 530. 538. 546. 551. 563. 560. 574.
  569. 570. 577. 581. 578. 584. 584. 585. 589. 590. 591. 592. 592. 595.
  597. 594. 598. 598. 595. 593. 547. 550. 548. 549. 550. 550.]
 [232. 362. 442. 462. 491. 505. 530. 532. 541. 551. 549. 558. 562. 561.
  565. 566. 572. 572. 581. 580. 580. 586. 579. 581. 588. 593. 590. 585.
  586. 587. 591. 589. 588. 592. 544. 546. 547. 548. 549. 551.]]
##############################
[[ 93. 160. 211. 247. 273. 279. 295. 313. 322. 335. 337. 326. 336. 345.
  349. 346. 346. 351. 338. 362. 351. 357. 359. 365. 363. 366. 364. 366.
  367. 371. 365. 377. 369. 372. 373. 347. 344. 346. 347. 345.]
 [550. 624. 638. 646. 648. 648. 648. 648. 648. 649. 648. 648. 649. 649.
  649. 649. 649. 649. 649. 649. 650. 650. 650. 650. 650. 649. 649. 649.
  649. 649. 649. 650. 649. 649. 649. 599. 599. 599. 600. 600.]
 [171. 321. 387. 445. 470. 500. 525. 530. 538. 546. 551. 563. 560. 574.
  569. 570. 577. 581. 578. 584. 584. 585. 589. 590. 591. 592. 592. 595.
  597. 594. 598. 598. 595. 593. 595. 550. 548. 549. 550. 550.]
 [232. 362. 442. 462. 491. 505. 530. 532. 541. 551. 549. 558. 562. 561.
  565. 566. 572. 572. 581. 580. 580. 586. 579. 581. 588. 593. 590. 585.
  586. 587. 591. 589. 588. 592. 590. 546. 547. 548. 549. 551.]]
##############################
[[ 93. 160. 211. 247. 273. 279. 295. 313. 322. 335. 337. 326. 336. 345.
  349. 346. 346. 351. 338. 362. 351. 357. 359. 365. 363. 366. 364. 366.
  367. 371. 365. 377. 369. 372. 373. 379. 344. 346. 347. 345.]
 [550. 624. 638. 646. 648. 648. 648. 648. 648. 649. 648. 648. 649. 649.
  649. 649. 649. 649. 649. 649. 650. 650. 650. 650. 650. 649. 649. 649.
  649. 649. 649. 650. 649. 649. 649. 649. 599. 599. 600. 600.]
 [171. 321. 387. 445. 470. 500. 525. 530. 538. 546. 551. 563. 560. 574.
  569. 570. 577. 581. 578. 584. 584. 585. 589. 590. 591. 592. 592. 595.
  597. 594. 598. 598. 595. 593. 595. 598. 548. 549. 550. 550.]
 [232. 362. 442. 462. 491. 505. 530. 532. 541. 551. 549. 558. 562. 561.
  565. 566. 572. 572. 581. 580. 580. 586. 579. 581. 588. 593. 590. 585.
  586. 587. 591. 589. 588. 592. 590. 593. 547. 548. 549. 551.]]
##############################
[[ 93. 160. 211. 247. 273. 279. 295. 313. 322. 335. 337. 326. 336. 345.
  349. 346. 346. 351. 338. 362. 351. 357. 359. 365. 363. 366. 364. 366.
  367. 371. 365. 377. 369. 372. 373. 379. 376. 346. 347. 345.]
 [550. 624. 638. 646. 648. 648. 648. 648. 648. 649. 648. 648. 649. 649.
  649. 649. 649. 649. 649. 649. 650. 650. 650. 650. 650. 649. 649. 649.
  649. 649. 649. 650. 649. 649. 649. 649. 649. 599. 600. 600.]
 [171. 321. 387. 445. 470. 500. 525. 530. 538. 546. 551. 563. 560. 574.
  569. 570. 577. 581. 578. 584. 584. 585. 589. 590. 591. 592. 592. 595.
  597. 594. 598. 598. 595. 593. 595. 598. 596. 549. 550. 550.]
 [232. 362. 442. 462. 491. 505. 530. 532. 541. 551. 549. 558. 562. 561.
  565. 566. 572. 572. 581. 580. 580. 586. 579. 581. 588. 593. 590. 585.
  586. 587. 591. 589. 588. 592. 590. 593. 595. 548. 549. 551.]]
##############################
[[ 93. 160. 211. 247. 273. 279. 295. 313. 322. 335. 337. 326. 336. 345.
  349. 346. 346. 351. 338. 362. 351. 357. 359. 365. 363. 366. 364. 366.
  367. 371. 365. 377. 369. 372. 373. 379. 376. 375. 347. 345.]
 [550. 624. 638. 646. 648. 648. 648. 648. 648. 649. 648. 648. 649. 649.
  649. 649. 649. 649. 649. 649. 650. 650. 650. 650. 650. 649. 649. 649.
  649. 649. 649. 650. 649. 649. 649. 649. 649. 649. 600. 600.]
 [171. 321. 387. 445. 470. 500. 525. 530. 538. 546. 551. 563. 560. 574.
  569. 570. 577. 581. 578. 584. 584. 585. 589. 590. 591. 592. 592. 595.
  597. 594. 598. 598. 595. 593. 595. 598. 596. 598. 550. 550.]
 [232. 362. 442. 462. 491. 505. 530. 532. 541. 551. 549. 558. 562. 561.
  565. 566. 572. 572. 581. 580. 580. 586. 579. 581. 588. 593. 590. 585.
  586. 587. 591. 589. 588. 592. 590. 593. 595. 595. 549. 551.]]
##############################
[[ 93. 160. 211. 247. 273. 279. 295. 313. 322. 335. 337. 326. 336. 345.
  349. 346. 346. 351. 338. 362. 351. 357. 359. 365. 363. 366. 364. 366.
  367. 371. 365. 377. 369. 372. 373. 379. 376. 375. 377. 345.]
 [550. 624. 638. 646. 648. 648. 648. 648. 648. 649. 648. 648. 649. 649.
  649. 649. 649. 649. 649. 649. 650. 650. 650. 650. 650. 649. 649. 649.
  649. 649. 649. 650. 649. 649. 649. 649. 649. 649. 650. 600.]
 [171. 321. 387. 445. 470. 500. 525. 530. 538. 546. 551. 563. 560. 574.
  569. 570. 577. 581. 578. 584. 584. 585. 589. 590. 591. 592. 592. 595.
  597. 594. 598. 598. 595. 593. 595. 598. 596. 598. 597. 550.]
 [232. 362. 442. 462. 491. 505. 530. 532. 541. 551. 549. 558. 562. 561.
  565. 566. 572. 572. 581. 580. 580. 586. 579. 581. 588. 593. 590. 585.
  586. 587. 591. 589. 588. 592. 590. 593. 595. 595. 595. 551.]]
##############################
[[ 93. 160. 211. 247. 273. 279. 295. 313. 322. 335. 337. 326. 336. 345.
  349. 346. 346. 351. 338. 362. 351. 357. 359. 365. 363. 366. 364. 366.
  367. 371. 365. 377. 369. 372. 373. 379. 376. 375. 377. 376.]
 [550. 624. 638. 646. 648. 648. 648. 648. 648. 649. 648. 648. 649. 649.
  649. 649. 649. 649. 649. 649. 650. 650. 650. 650. 650. 649. 649. 649.
  649. 649. 649. 650. 649. 649. 649. 649. 649. 649. 650. 650.]
 [171. 321. 387. 445. 470. 500. 525. 530. 538. 546. 551. 563. 560. 574.
  569. 570. 577. 581. 578. 584. 584. 585. 589. 590. 591. 592. 592. 595.
  597. 594. 598. 598. 595. 593. 595. 598. 596. 598. 597. 598.]
 [232. 362. 442. 462. 491. 505. 530. 532. 541. 551. 549. 558. 562. 561.
  565. 566. 572. 572. 581. 580. 580. 586. 579. 581. 588. 593. 590. 585.
  586. 587. 591. 589. 588. 592. 590. 593. 595. 595. 595. 598.]]
##############################
##################################################
##################################################
starting :14 batch
[[100. 160. 211. 247. 273. 279. 295. 313. 322. 335. 337. 326. 336. 345.
  349. 346. 346. 351. 338. 362. 351. 357. 359. 365. 363. 366. 364. 366.
  367. 371. 365. 377. 369. 372. 373. 379. 376. 375. 377. 376.]
 [592. 624. 638. 646. 648. 648. 648. 648. 648. 649. 648. 648. 649. 649.
  649. 649. 649. 649. 649. 649. 650. 650. 650. 650. 650. 649. 649. 649.
  649. 649. 649. 650. 649. 649. 649. 649. 649. 649. 650. 650.]
 [187. 321. 387. 445. 470. 500. 525. 530. 538. 546. 551. 563. 560. 574.
  569. 570. 577. 581. 578. 584. 584. 585. 589. 590. 591. 592. 592. 595.
  597. 594. 598. 598. 595. 593. 595. 598. 596. 598. 597. 598.]
 [246. 362. 442. 462. 491. 505. 530. 532. 541. 551. 549. 558. 562. 561.
  565. 566. 572. 572. 581. 580. 580. 586. 579. 581. 588. 593. 590. 585.
  586. 587. 591. 589. 588. 592. 590. 593. 595. 595. 595. 598.]]
##############################
[[100. 173. 211. 247. 273. 279. 295. 313. 322. 335. 337. 326. 336. 345.
  349. 346. 346. 351. 338. 362. 351. 357. 359. 365. 363. 366. 364. 366.
  367. 371. 365. 377. 369. 372. 373. 379. 376. 375. 377. 376.]
 [592. 673. 638. 646. 648. 648. 648. 648. 648. 649. 648. 648. 649. 649.
  649. 649. 649. 649. 649. 649. 650. 650. 650. 650. 650. 649. 649. 649.
  649. 649. 649. 650. 649. 649. 649. 649. 649. 649. 650. 650.]
 [187. 344. 387. 445. 470. 500. 525. 530. 538. 546. 551. 563. 560. 574.
  569. 570. 577. 581. 578. 584. 584. 585. 589. 590. 591. 592. 592. 595.
  597. 594. 598. 598. 595. 593. 595. 598. 596. 598. 597. 598.]
 [246. 391. 442. 462. 491. 505. 530. 532. 541. 551. 549. 558. 562. 561.
  565. 566. 572. 572. 581. 580. 580. 586. 579. 581. 588. 593. 590. 585.
  586. 587. 591. 589. 588. 592. 590. 593. 595. 595. 595. 598.]]
##############################
[[100. 173. 228. 247. 273. 279. 295. 313. 322. 335. 337. 326. 336. 345.
  349. 346. 346. 351. 338. 362. 351. 357. 359. 365. 363. 366. 364. 366.
  367. 371. 365. 377. 369. 372. 373. 379. 376. 375. 377. 376.]
 [592. 673. 687. 646. 648. 648. 648. 648. 648. 649. 648. 648. 649. 649.
  649. 649. 649. 649. 649. 649. 650. 650. 650. 650. 650. 649. 649. 649.
  649. 649. 649. 650. 649. 649. 649. 649. 649. 649. 650. 650.]
 [187. 344. 414. 445. 470. 500. 525. 530. 538. 546. 551. 563. 560. 574.
  569. 570. 577. 581. 578. 584. 584. 585. 589. 590. 591. 592. 592. 595.
  597. 594. 598. 598. 595. 593. 595. 598. 596. 598. 597. 598.]
 [246. 391. 475. 462. 491. 505. 530. 532. 541. 551. 549. 558. 562. 561.
  565. 566. 572. 572. 581. 580. 580. 586. 579. 581. 588. 593. 590. 585.
  586. 587. 591. 589. 588. 592. 590. 593. 595. 595. 595. 598.]]
##############################
[[100. 173. 228. 265. 273. 279. 295. 313. 322. 335. 337. 326. 336. 345.
  349. 346. 346. 351. 338. 362. 351. 357. 359. 365. 363. 366. 364. 366.
  367. 371. 365. 377. 369. 372. 373. 379. 376. 375. 377. 376.]
 [592. 673. 687. 696. 648. 648. 648. 648. 648. 649. 648. 648. 649. 649.
  649. 649. 649. 649. 649. 649. 650. 650. 650. 650. 650. 649. 649. 649.
  649. 649. 649. 650. 649. 649. 649. 649. 649. 649. 650. 650.]
 [187. 344. 414. 479. 470. 500. 525. 530. 538. 546. 551. 563. 560. 574.
  569. 570. 577. 581. 578. 584. 584. 585. 589. 590. 591. 592. 592. 595.
  597. 594. 598. 598. 595. 593. 595. 598. 596. 598. 597. 598.]
 [246. 391. 475. 495. 491. 505. 530. 532. 541. 551. 549. 558. 562. 561.
  565. 566. 572. 572. 581. 580. 580. 586. 579. 581. 588. 593. 590. 585.
  586. 587. 591. 589. 588. 592. 590. 593. 595. 595. 595. 598.]]
##############################
[[100. 173. 228. 265. 289. 279. 295. 313. 322. 335. 337. 326. 336. 345.
  349. 346. 346. 351. 338. 362. 351. 357. 359. 365. 363. 366. 364. 366.
  367. 371. 365. 377. 369. 372. 373. 379. 376. 375. 377. 376.]
 [592. 673. 687. 696. 698. 648. 648. 648. 648. 649. 648. 648. 649. 649.
  649. 649. 649. 649. 649. 649. 650. 650. 650. 650. 650. 649. 649. 649.
  649. 649. 649. 650. 649. 649. 649. 649. 649. 649. 650. 650.]
 [187. 344. 414. 479. 504. 500. 525. 530. 538. 546. 551. 563. 560. 574.
  569. 570. 577. 581. 578. 584. 584. 585. 589. 590. 591. 592. 592. 595.
  597. 594. 598. 598. 595. 593. 595. 598. 596. 598. 597. 598.]
 [246. 391. 475. 495. 527. 505. 530. 532. 541. 551. 549. 558. 562. 561.
  565. 566. 572. 572. 581. 580. 580. 586. 579. 581. 588. 593. 590. 585.
  586. 587. 591. 589. 588. 592. 590. 593. 595. 595. 595. 598.]]
##############################
[[100. 173. 228. 265. 289. 296. 295. 313. 322. 335. 337. 326. 336. 345.
  349. 346. 346. 351. 338. 362. 351. 357. 359. 365. 363. 366. 364. 366.
  367. 371. 365. 377. 369. 372. 373. 379. 376. 375. 377. 376.]
 [592. 673. 687. 696. 698. 698. 648. 648. 648. 649. 648. 648. 649. 649.
  649. 649. 649. 649. 649. 649. 650. 650. 650. 650. 650. 649. 649. 649.
  649. 649. 649. 650. 649. 649. 649. 649. 649. 649. 650. 650.]
 [187. 344. 414. 479. 504. 534. 525. 530. 538. 546. 551. 563. 560. 574.
  569. 570. 577. 581. 578. 584. 584. 585. 589. 590. 591. 592. 592. 595.
  597. 594. 598. 598. 595. 593. 595. 598. 596. 598. 597. 598.]
 [246. 391. 475. 495. 527. 544. 530. 532. 541. 551. 549. 558. 562. 561.
  565. 566. 572. 572. 581. 580. 580. 586. 579. 581. 588. 593. 590. 585.
  586. 587. 591. 589. 588. 592. 590. 593. 595. 595. 595. 598.]]
##############################
[[100. 173. 228. 265. 289. 296. 315. 313. 322. 335. 337. 326. 336. 345.
  349. 346. 346. 351. 338. 362. 351. 357. 359. 365. 363. 366. 364. 366.
  367. 371. 365. 377. 369. 372. 373. 379. 376. 375. 377. 376.]
 [592. 673. 687. 696. 698. 698. 698. 648. 648. 649. 648. 648. 649. 649.
  649. 649. 649. 649. 649. 649. 650. 650. 650. 650. 650. 649. 649. 649.
  649. 649. 649. 650. 649. 649. 649. 649. 649. 649. 650. 650.]
 [187. 344. 414. 479. 504. 534. 562. 530. 538. 546. 551. 563. 560. 574.
  569. 570. 577. 581. 578. 584. 584. 585. 589. 590. 591. 592. 592. 595.
  597. 594. 598. 598. 595. 593. 595. 598. 596. 598. 597. 598.]
 [246. 391. 475. 495. 527. 544. 570. 532. 541. 551. 549. 558. 562. 561.
  565. 566. 572. 572. 581. 580. 580. 586. 579. 581. 588. 593. 590. 585.
  586. 587. 591. 589. 588. 592. 590. 593. 595. 595. 595. 598.]]
##############################
[[100. 173. 228. 265. 289. 296. 315. 336. 322. 335. 337. 326. 336. 345.
  349. 346. 346. 351. 338. 362. 351. 357. 359. 365. 363. 366. 364. 366.
  367. 371. 365. 377. 369. 372. 373. 379. 376. 375. 377. 376.]
 [592. 673. 687. 696. 698. 698. 698. 698. 648. 649. 648. 648. 649. 649.
  649. 649. 649. 649. 649. 649. 650. 650. 650. 650. 650. 649. 649. 649.
  649. 649. 649. 650. 649. 649. 649. 649. 649. 649. 650. 650.]
 [187. 344. 414. 479. 504. 534. 562. 571. 538. 546. 551. 563. 560. 574.
  569. 570. 577. 581. 578. 584. 584. 585. 589. 590. 591. 592. 592. 595.
  597. 594. 598. 598. 595. 593. 595. 598. 596. 598. 597. 598.]
 [246. 391. 475. 495. 527. 544. 570. 571. 541. 551. 549. 558. 562. 561.
  565. 566. 572. 572. 581. 580. 580. 586. 579. 581. 588. 593. 590. 585.
  586. 587. 591. 589. 588. 592. 590. 593. 595. 595. 595. 598.]]
##############################
[[100. 173. 228. 265. 289. 296. 315. 336. 344. 335. 337. 326. 336. 345.
  349. 346. 346. 351. 338. 362. 351. 357. 359. 365. 363. 366. 364. 366.
  367. 371. 365. 377. 369. 372. 373. 379. 376. 375. 377. 376.]
 [592. 673. 687. 696. 698. 698. 698. 698. 698. 649. 648. 648. 649. 649.
  649. 649. 649. 649. 649. 649. 650. 650. 650. 650. 650. 649. 649. 649.
  649. 649. 649. 650. 649. 649. 649. 649. 649. 649. 650. 650.]
 [187. 344. 414. 479. 504. 534. 562. 571. 577. 546. 551. 563. 560. 574.
  569. 570. 577. 581. 578. 584. 584. 585. 589. 590. 591. 592. 592. 595.
  597. 594. 598. 598. 595. 593. 595. 598. 596. 598. 597. 598.]
 [246. 391. 475. 495. 527. 544. 570. 571. 582. 551. 549. 558. 562. 561.
  565. 566. 572. 572. 581. 580. 580. 586. 579. 581. 588. 593. 590. 585.
  586. 587. 591. 589. 588. 592. 590. 593. 595. 595. 595. 598.]]
##############################
[[100. 173. 228. 265. 289. 296. 315. 336. 344. 357. 337. 326. 336. 345.
  349. 346. 346. 351. 338. 362. 351. 357. 359. 365. 363. 366. 364. 366.
  367. 371. 365. 377. 369. 372. 373. 379. 376. 375. 377. 376.]
 [592. 673. 687. 696. 698. 698. 698. 698. 698. 699. 648. 648. 649. 649.
  649. 649. 649. 649. 649. 649. 650. 650. 650. 650. 650. 649. 649. 649.
  649. 649. 649. 650. 649. 649. 649. 649. 649. 649. 650. 650.]
 [187. 344. 414. 479. 504. 534. 562. 571. 577. 586. 551. 563. 560. 574.
  569. 570. 577. 581. 578. 584. 584. 585. 589. 590. 591. 592. 592. 595.
  597. 594. 598. 598. 595. 593. 595. 598. 596. 598. 597. 598.]
 [246. 391. 475. 495. 527. 544. 570. 571. 582. 594. 549. 558. 562. 561.
  565. 566. 572. 572. 581. 580. 580. 586. 579. 581. 588. 593. 590. 585.
  586. 587. 591. 589. 588. 592. 590. 593. 595. 595. 595. 598.]]
##############################
[[100. 173. 228. 265. 289. 296. 315. 336. 344. 357. 360. 326. 336. 345.
  349. 346. 346. 351. 338. 362. 351. 357. 359. 365. 363. 366. 364. 366.
  367. 371. 365. 377. 369. 372. 373. 379. 376. 375. 377. 376.]
 [592. 673. 687. 696. 698. 698. 698. 698. 698. 699. 698. 648. 649. 649.
  649. 649. 649. 649. 649. 649. 650. 650. 650. 650. 650. 649. 649. 649.
  649. 649. 649. 650. 649. 649. 649. 649. 649. 649. 650. 650.]
 [187. 344. 414. 479. 504. 534. 562. 571. 577. 586. 591. 563. 560. 574.
  569. 570. 577. 581. 578. 584. 584. 585. 589. 590. 591. 592. 592. 595.
  597. 594. 598. 598. 595. 593. 595. 598. 596. 598. 597. 598.]
 [246. 391. 475. 495. 527. 544. 570. 571. 582. 594. 593. 558. 562. 561.
  565. 566. 572. 572. 581. 580. 580. 586. 579. 581. 588. 593. 590. 585.
  586. 587. 591. 589. 588. 592. 590. 593. 595. 595. 595. 598.]]
##############################
[[100. 173. 228. 265. 289. 296. 315. 336. 344. 357. 360. 351. 336. 345.
  349. 346. 346. 351. 338. 362. 351. 357. 359. 365. 363. 366. 364. 366.
  367. 371. 365. 377. 369. 372. 373. 379. 376. 375. 377. 376.]
 [592. 673. 687. 696. 698. 698. 698. 698. 698. 699. 698. 698. 649. 649.
  649. 649. 649. 649. 649. 649. 650. 650. 650. 650. 650. 649. 649. 649.
  649. 649. 649. 650. 649. 649. 649. 649. 649. 649. 650. 650.]
 [187. 344. 414. 479. 504. 534. 562. 571. 577. 586. 591. 607. 560. 574.
  569. 570. 577. 581. 578. 584. 584. 585. 589. 590. 591. 592. 592. 595.
  597. 594. 598. 598. 595. 593. 595. 598. 596. 598. 597. 598.]
 [246. 391. 475. 495. 527. 544. 570. 571. 582. 594. 593. 600. 562. 561.
  565. 566. 572. 572. 581. 580. 580. 586. 579. 581. 588. 593. 590. 585.
  586. 587. 591. 589. 588. 592. 590. 593. 595. 595. 595. 598.]]
##############################
[[100. 173. 228. 265. 289. 296. 315. 336. 344. 357. 360. 351. 362. 345.
  349. 346. 346. 351. 338. 362. 351. 357. 359. 365. 363. 366. 364. 366.
  367. 371. 365. 377. 369. 372. 373. 379. 376. 375. 377. 376.]
 [592. 673. 687. 696. 698. 698. 698. 698. 698. 699. 698. 698. 699. 649.
  649. 649. 649. 649. 649. 649. 650. 650. 650. 650. 650. 649. 649. 649.
  649. 649. 649. 650. 649. 649. 649. 649. 649. 649. 650. 650.]
 [187. 344. 414. 479. 504. 534. 562. 571. 577. 586. 591. 607. 604. 574.
  569. 570. 577. 581. 578. 584. 584. 585. 589. 590. 591. 592. 592. 595.
  597. 594. 598. 598. 595. 593. 595. 598. 596. 598. 597. 598.]
 [246. 391. 475. 495. 527. 544. 570. 571. 582. 594. 593. 600. 606. 561.
  565. 566. 572. 572. 581. 580. 580. 586. 579. 581. 588. 593. 590. 585.
  586. 587. 591. 589. 588. 592. 590. 593. 595. 595. 595. 598.]]
##############################
[[100. 173. 228. 265. 289. 296. 315. 336. 344. 357. 360. 351. 362. 373.
  349. 346. 346. 351. 338. 362. 351. 357. 359. 365. 363. 366. 364. 366.
  367. 371. 365. 377. 369. 372. 373. 379. 376. 375. 377. 376.]
 [592. 673. 687. 696. 698. 698. 698. 698. 698. 699. 698. 698. 699. 699.
  649. 649. 649. 649. 649. 649. 650. 650. 650. 650. 650. 649. 649. 649.
  649. 649. 649. 650. 649. 649. 649. 649. 649. 649. 650. 650.]
 [187. 344. 414. 479. 504. 534. 562. 571. 577. 586. 591. 607. 604. 619.
  569. 570. 577. 581. 578. 584. 584. 585. 589. 590. 591. 592. 592. 595.
  597. 594. 598. 598. 595. 593. 595. 598. 596. 598. 597. 598.]
 [246. 391. 475. 495. 527. 544. 570. 571. 582. 594. 593. 600. 606. 604.
  565. 566. 572. 572. 581. 580. 580. 586. 579. 581. 588. 593. 590. 585.
  586. 587. 591. 589. 588. 592. 590. 593. 595. 595. 595. 598.]]
##############################
[[100. 173. 228. 265. 289. 296. 315. 336. 344. 357. 360. 351. 362. 373.
  377. 346. 346. 351. 338. 362. 351. 357. 359. 365. 363. 366. 364. 366.
  367. 371. 365. 377. 369. 372. 373. 379. 376. 375. 377. 376.]
 [592. 673. 687. 696. 698. 698. 698. 698. 698. 699. 698. 698. 699. 699.
  699. 649. 649. 649. 649. 649. 650. 650. 650. 650. 650. 649. 649. 649.
  649. 649. 649. 650. 649. 649. 649. 649. 649. 649. 650. 650.]
 [187. 344. 414. 479. 504. 534. 562. 571. 577. 586. 591. 607. 604. 619.
  613. 570. 577. 581. 578. 584. 584. 585. 589. 590. 591. 592. 592. 595.
  597. 594. 598. 598. 595. 593. 595. 598. 596. 598. 597. 598.]
 [246. 391. 475. 495. 527. 544. 570. 571. 582. 594. 593. 600. 606. 604.
  609. 566. 572. 572. 581. 580. 580. 586. 579. 581. 588. 593. 590. 585.
  586. 587. 591. 589. 588. 592. 590. 593. 595. 595. 595. 598.]]
##############################
[[100. 173. 228. 265. 289. 296. 315. 336. 344. 357. 360. 351. 362. 373.
  377. 372. 346. 351. 338. 362. 351. 357. 359. 365. 363. 366. 364. 366.
  367. 371. 365. 377. 369. 372. 373. 379. 376. 375. 377. 376.]
 [592. 673. 687. 696. 698. 698. 698. 698. 698. 699. 698. 698. 699. 699.
  699. 699. 649. 649. 649. 649. 650. 650. 650. 650. 650. 649. 649. 649.
  649. 649. 649. 650. 649. 649. 649. 649. 649. 649. 650. 650.]
 [187. 344. 414. 479. 504. 534. 562. 571. 577. 586. 591. 607. 604. 619.
  613. 614. 577. 581. 578. 584. 584. 585. 589. 590. 591. 592. 592. 595.
  597. 594. 598. 598. 595. 593. 595. 598. 596. 598. 597. 598.]
 [246. 391. 475. 495. 527. 544. 570. 571. 582. 594. 593. 600. 606. 604.
  609. 612. 572. 572. 581. 580. 580. 586. 579. 581. 588. 593. 590. 585.
  586. 587. 591. 589. 588. 592. 590. 593. 595. 595. 595. 598.]]
##############################
[[100. 173. 228. 265. 289. 296. 315. 336. 344. 357. 360. 351. 362. 373.
  377. 372. 373. 351. 338. 362. 351. 357. 359. 365. 363. 366. 364. 366.
  367. 371. 365. 377. 369. 372. 373. 379. 376. 375. 377. 376.]
 [592. 673. 687. 696. 698. 698. 698. 698. 698. 699. 698. 698. 699. 699.
  699. 699. 699. 649. 649. 649. 650. 650. 650. 650. 650. 649. 649. 649.
  649. 649. 649. 650. 649. 649. 649. 649. 649. 649. 650. 650.]
 [187. 344. 414. 479. 504. 534. 562. 571. 577. 586. 591. 607. 604. 619.
  613. 614. 622. 581. 578. 584. 584. 585. 589. 590. 591. 592. 592. 595.
  597. 594. 598. 598. 595. 593. 595. 598. 596. 598. 597. 598.]
 [246. 391. 475. 495. 527. 544. 570. 571. 582. 594. 593. 600. 606. 604.
  609. 612. 617. 572. 581. 580. 580. 586. 579. 581. 588. 593. 590. 585.
  586. 587. 591. 589. 588. 592. 590. 593. 595. 595. 595. 598.]]
##############################
[[100. 173. 228. 265. 289. 296. 315. 336. 344. 357. 360. 351. 362. 373.
  377. 372. 373. 378. 338. 362. 351. 357. 359. 365. 363. 366. 364. 366.
  367. 371. 365. 377. 369. 372. 373. 379. 376. 375. 377. 376.]
 [592. 673. 687. 696. 698. 698. 698. 698. 698. 699. 698. 698. 699. 699.
  699. 699. 699. 699. 649. 649. 650. 650. 650. 650. 650. 649. 649. 649.
  649. 649. 649. 650. 649. 649. 649. 649. 649. 649. 650. 650.]
 [187. 344. 414. 479. 504. 534. 562. 571. 577. 586. 591. 607. 604. 619.
  613. 614. 622. 625. 578. 584. 584. 585. 589. 590. 591. 592. 592. 595.
  597. 594. 598. 598. 595. 593. 595. 598. 596. 598. 597. 598.]
 [246. 391. 475. 495. 527. 544. 570. 571. 582. 594. 593. 600. 606. 604.
  609. 612. 617. 617. 581. 580. 580. 586. 579. 581. 588. 593. 590. 585.
  586. 587. 591. 589. 588. 592. 590. 593. 595. 595. 595. 598.]]
##############################
[[100. 173. 228. 265. 289. 296. 315. 336. 344. 357. 360. 351. 362. 373.
  377. 372. 373. 378. 364. 362. 351. 357. 359. 365. 363. 366. 364. 366.
  367. 371. 365. 377. 369. 372. 373. 379. 376. 375. 377. 376.]
 [592. 673. 687. 696. 698. 698. 698. 698. 698. 699. 698. 698. 699. 699.
  699. 699. 699. 699. 699. 649. 650. 650. 650. 650. 650. 649. 649. 649.
  649. 649. 649. 650. 649. 649. 649. 649. 649. 649. 650. 650.]
 [187. 344. 414. 479. 504. 534. 562. 571. 577. 586. 591. 607. 604. 619.
  613. 614. 622. 625. 624. 584. 584. 585. 589. 590. 591. 592. 592. 595.
  597. 594. 598. 598. 595. 593. 595. 598. 596. 598. 597. 598.]
 [246. 391. 475. 495. 527. 544. 570. 571. 582. 594. 593. 600. 606. 604.
  609. 612. 617. 617. 627. 580. 580. 586. 579. 581. 588. 593. 590. 585.
  586. 587. 591. 589. 588. 592. 590. 593. 595. 595. 595. 598.]]
##############################
[[100. 173. 228. 265. 289. 296. 315. 336. 344. 357. 360. 351. 362. 373.
  377. 372. 373. 378. 364. 389. 351. 357. 359. 365. 363. 366. 364. 366.
  367. 371. 365. 377. 369. 372. 373. 379. 376. 375. 377. 376.]
 [592. 673. 687. 696. 698. 698. 698. 698. 698. 699. 698. 698. 699. 699.
  699. 699. 699. 699. 699. 699. 650. 650. 650. 650. 650. 649. 649. 649.
  649. 649. 649. 650. 649. 649. 649. 649. 649. 649. 650. 650.]
 [187. 344. 414. 479. 504. 534. 562. 571. 577. 586. 591. 607. 604. 619.
  613. 614. 622. 625. 624. 631. 584. 585. 589. 590. 591. 592. 592. 595.
  597. 594. 598. 598. 595. 593. 595. 598. 596. 598. 597. 598.]
 [246. 391. 475. 495. 527. 544. 570. 571. 582. 594. 593. 600. 606. 604.
  609. 612. 617. 617. 627. 626. 580. 586. 579. 581. 588. 593. 590. 585.
  586. 587. 591. 589. 588. 592. 590. 593. 595. 595. 595. 598.]]
##############################
[[100. 173. 228. 265. 289. 296. 315. 336. 344. 357. 360. 351. 362. 373.
  377. 372. 373. 378. 364. 389. 376. 357. 359. 365. 363. 366. 364. 366.
  367. 371. 365. 377. 369. 372. 373. 379. 376. 375. 377. 376.]
 [592. 673. 687. 696. 698. 698. 698. 698. 698. 699. 698. 698. 699. 699.
  699. 699. 699. 699. 699. 699. 700. 650. 650. 650. 650. 649. 649. 649.
  649. 649. 649. 650. 649. 649. 649. 649. 649. 649. 650. 650.]
 [187. 344. 414. 479. 504. 534. 562. 571. 577. 586. 591. 607. 604. 619.
  613. 614. 622. 625. 624. 631. 631. 585. 589. 590. 591. 592. 592. 595.
  597. 594. 598. 598. 595. 593. 595. 598. 596. 598. 597. 598.]
 [246. 391. 475. 495. 527. 544. 570. 571. 582. 594. 593. 600. 606. 604.
  609. 612. 617. 617. 627. 626. 625. 586. 579. 581. 588. 593. 590. 585.
  586. 587. 591. 589. 588. 592. 590. 593. 595. 595. 595. 598.]]
##############################
[[100. 173. 228. 265. 289. 296. 315. 336. 344. 357. 360. 351. 362. 373.
  377. 372. 373. 378. 364. 389. 376. 384. 359. 365. 363. 366. 364. 366.
  367. 371. 365. 377. 369. 372. 373. 379. 376. 375. 377. 376.]
 [592. 673. 687. 696. 698. 698. 698. 698. 698. 699. 698. 698. 699. 699.
  699. 699. 699. 699. 699. 699. 700. 700. 650. 650. 650. 649. 649. 649.
  649. 649. 649. 650. 649. 649. 649. 649. 649. 649. 650. 650.]
 [187. 344. 414. 479. 504. 534. 562. 571. 577. 586. 591. 607. 604. 619.
  613. 614. 622. 625. 624. 631. 631. 631. 589. 590. 591. 592. 592. 595.
  597. 594. 598. 598. 595. 593. 595. 598. 596. 598. 597. 598.]
 [246. 391. 475. 495. 527. 544. 570. 571. 582. 594. 593. 600. 606. 604.
  609. 612. 617. 617. 627. 626. 625. 630. 579. 581. 588. 593. 590. 585.
  586. 587. 591. 589. 588. 592. 590. 593. 595. 595. 595. 598.]]
##############################
[[100. 173. 228. 265. 289. 296. 315. 336. 344. 357. 360. 351. 362. 373.
  377. 372. 373. 378. 364. 389. 376. 384. 385. 365. 363. 366. 364. 366.
  367. 371. 365. 377. 369. 372. 373. 379. 376. 375. 377. 376.]
 [592. 673. 687. 696. 698. 698. 698. 698. 698. 699. 698. 698. 699. 699.
  699. 699. 699. 699. 699. 699. 700. 700. 700. 650. 650. 649. 649. 649.
  649. 649. 649. 650. 649. 649. 649. 649. 649. 649. 650. 650.]
 [187. 344. 414. 479. 504. 534. 562. 571. 577. 586. 591. 607. 604. 619.
  613. 614. 622. 625. 624. 631. 631. 631. 635. 590. 591. 592. 592. 595.
  597. 594. 598. 598. 595. 593. 595. 598. 596. 598. 597. 598.]
 [246. 391. 475. 495. 527. 544. 570. 571. 582. 594. 593. 600. 606. 604.
  609. 612. 617. 617. 627. 626. 625. 630. 624. 581. 588. 593. 590. 585.
  586. 587. 591. 589. 588. 592. 590. 593. 595. 595. 595. 598.]]
##############################
[[100. 173. 228. 265. 289. 296. 315. 336. 344. 357. 360. 351. 362. 373.
  377. 372. 373. 378. 364. 389. 376. 384. 385. 392. 363. 366. 364. 366.
  367. 371. 365. 377. 369. 372. 373. 379. 376. 375. 377. 376.]
 [592. 673. 687. 696. 698. 698. 698. 698. 698. 699. 698. 698. 699. 699.
  699. 699. 699. 699. 699. 699. 700. 700. 700. 700. 650. 649. 649. 649.
  649. 649. 649. 650. 649. 649. 649. 649. 649. 649. 650. 650.]
 [187. 344. 414. 479. 504. 534. 562. 571. 577. 586. 591. 607. 604. 619.
  613. 614. 622. 625. 624. 631. 631. 631. 635. 636. 591. 592. 592. 595.
  597. 594. 598. 598. 595. 593. 595. 598. 596. 598. 597. 598.]
 [246. 391. 475. 495. 527. 544. 570. 571. 582. 594. 593. 600. 606. 604.
  609. 612. 617. 617. 627. 626. 625. 630. 624. 626. 588. 593. 590. 585.
  586. 587. 591. 589. 588. 592. 590. 593. 595. 595. 595. 598.]]
##############################
[[100. 173. 228. 265. 289. 296. 315. 336. 344. 357. 360. 351. 362. 373.
  377. 372. 373. 378. 364. 389. 376. 384. 385. 392. 387. 366. 364. 366.
  367. 371. 365. 377. 369. 372. 373. 379. 376. 375. 377. 376.]
 [592. 673. 687. 696. 698. 698. 698. 698. 698. 699. 698. 698. 699. 699.
  699. 699. 699. 699. 699. 699. 700. 700. 700. 700. 700. 649. 649. 649.
  649. 649. 649. 650. 649. 649. 649. 649. 649. 649. 650. 650.]
 [187. 344. 414. 479. 504. 534. 562. 571. 577. 586. 591. 607. 604. 619.
  613. 614. 622. 625. 624. 631. 631. 631. 635. 636. 637. 592. 592. 595.
  597. 594. 598. 598. 595. 593. 595. 598. 596. 598. 597. 598.]
 [246. 391. 475. 495. 527. 544. 570. 571. 582. 594. 593. 600. 606. 604.
  609. 612. 617. 617. 627. 626. 625. 630. 624. 626. 633. 593. 590. 585.
  586. 587. 591. 589. 588. 592. 590. 593. 595. 595. 595. 598.]]
##############################
[[100. 173. 228. 265. 289. 296. 315. 336. 344. 357. 360. 351. 362. 373.
  377. 372. 373. 378. 364. 389. 376. 384. 385. 392. 387. 393. 364. 366.
  367. 371. 365. 377. 369. 372. 373. 379. 376. 375. 377. 376.]
 [592. 673. 687. 696. 698. 698. 698. 698. 698. 699. 698. 698. 699. 699.
  699. 699. 699. 699. 699. 699. 700. 700. 700. 700. 700. 699. 649. 649.
  649. 649. 649. 650. 649. 649. 649. 649. 649. 649. 650. 650.]
 [187. 344. 414. 479. 504. 534. 562. 571. 577. 586. 591. 607. 604. 619.
  613. 614. 622. 625. 624. 631. 631. 631. 635. 636. 637. 638. 592. 595.
  597. 594. 598. 598. 595. 593. 595. 598. 596. 598. 597. 598.]
 [246. 391. 475. 495. 527. 544. 570. 571. 582. 594. 593. 600. 606. 604.
  609. 612. 617. 617. 627. 626. 625. 630. 624. 626. 633. 639. 590. 585.
  586. 587. 591. 589. 588. 592. 590. 593. 595. 595. 595. 598.]]
##############################
[[100. 173. 228. 265. 289. 296. 315. 336. 344. 357. 360. 351. 362. 373.
  377. 372. 373. 378. 364. 389. 376. 384. 385. 392. 387. 393. 394. 366.
  367. 371. 365. 377. 369. 372. 373. 379. 376. 375. 377. 376.]
 [592. 673. 687. 696. 698. 698. 698. 698. 698. 699. 698. 698. 699. 699.
  699. 699. 699. 699. 699. 699. 700. 700. 700. 700. 700. 699. 699. 649.
  649. 649. 649. 650. 649. 649. 649. 649. 649. 649. 650. 650.]
 [187. 344. 414. 479. 504. 534. 562. 571. 577. 586. 591. 607. 604. 619.
  613. 614. 622. 625. 624. 631. 631. 631. 635. 636. 637. 638. 638. 595.
  597. 594. 598. 598. 595. 593. 595. 598. 596. 598. 597. 598.]
 [246. 391. 475. 495. 527. 544. 570. 571. 582. 594. 593. 600. 606. 604.
  609. 612. 617. 617. 627. 626. 625. 630. 624. 626. 633. 639. 636. 585.
  586. 587. 591. 589. 588. 592. 590. 593. 595. 595. 595. 598.]]
##############################
[[100. 173. 228. 265. 289. 296. 315. 336. 344. 357. 360. 351. 362. 373.
  377. 372. 373. 378. 364. 389. 376. 384. 385. 392. 387. 393. 394. 395.
  367. 371. 365. 377. 369. 372. 373. 379. 376. 375. 377. 376.]
 [592. 673. 687. 696. 698. 698. 698. 698. 698. 699. 698. 698. 699. 699.
  699. 699. 699. 699. 699. 699. 700. 700. 700. 700. 700. 699. 699. 699.
  649. 649. 649. 650. 649. 649. 649. 649. 649. 649. 650. 650.]
 [187. 344. 414. 479. 504. 534. 562. 571. 577. 586. 591. 607. 604. 619.
  613. 614. 622. 625. 624. 631. 631. 631. 635. 636. 637. 638. 638. 641.
  597. 594. 598. 598. 595. 593. 595. 598. 596. 598. 597. 598.]
 [246. 391. 475. 495. 527. 544. 570. 571. 582. 594. 593. 600. 606. 604.
  609. 612. 617. 617. 627. 626. 625. 630. 624. 626. 633. 639. 636. 631.
  586. 587. 591. 589. 588. 592. 590. 593. 595. 595. 595. 598.]]
##############################
[[100. 173. 228. 265. 289. 296. 315. 336. 344. 357. 360. 351. 362. 373.
  377. 372. 373. 378. 364. 389. 376. 384. 385. 392. 387. 393. 394. 395.
  394. 371. 365. 377. 369. 372. 373. 379. 376. 375. 377. 376.]
 [592. 673. 687. 696. 698. 698. 698. 698. 698. 699. 698. 698. 699. 699.
  699. 699. 699. 699. 699. 699. 700. 700. 700. 700. 700. 699. 699. 699.
  699. 649. 649. 650. 649. 649. 649. 649. 649. 649. 650. 650.]
 [187. 344. 414. 479. 504. 534. 562. 571. 577. 586. 591. 607. 604. 619.
  613. 614. 622. 625. 624. 631. 631. 631. 635. 636. 637. 638. 638. 641.
  643. 594. 598. 598. 595. 593. 595. 598. 596. 598. 597. 598.]
 [246. 391. 475. 495. 527. 544. 570. 571. 582. 594. 593. 600. 606. 604.
  609. 612. 617. 617. 627. 626. 625. 630. 624. 626. 633. 639. 636. 631.
  632. 587. 591. 589. 588. 592. 590. 593. 595. 595. 595. 598.]]
##############################
[[100. 173. 228. 265. 289. 296. 315. 336. 344. 357. 360. 351. 362. 373.
  377. 372. 373. 378. 364. 389. 376. 384. 385. 392. 387. 393. 394. 395.
  394. 399. 365. 377. 369. 372. 373. 379. 376. 375. 377. 376.]
 [592. 673. 687. 696. 698. 698. 698. 698. 698. 699. 698. 698. 699. 699.
  699. 699. 699. 699. 699. 699. 700. 700. 700. 700. 700. 699. 699. 699.
  699. 699. 649. 650. 649. 649. 649. 649. 649. 649. 650. 650.]
 [187. 344. 414. 479. 504. 534. 562. 571. 577. 586. 591. 607. 604. 619.
  613. 614. 622. 625. 624. 631. 631. 631. 635. 636. 637. 638. 638. 641.
  643. 641. 598. 598. 595. 593. 595. 598. 596. 598. 597. 598.]
 [246. 391. 475. 495. 527. 544. 570. 571. 582. 594. 593. 600. 606. 604.
  609. 612. 617. 617. 627. 626. 625. 630. 624. 626. 633. 639. 636. 631.
  632. 632. 591. 589. 588. 592. 590. 593. 595. 595. 595. 598.]]
##############################
[[100. 173. 228. 265. 289. 296. 315. 336. 344. 357. 360. 351. 362. 373.
  377. 372. 373. 378. 364. 389. 376. 384. 385. 392. 387. 393. 394. 395.
  394. 399. 393. 377. 369. 372. 373. 379. 376. 375. 377. 376.]
 [592. 673. 687. 696. 698. 698. 698. 698. 698. 699. 698. 698. 699. 699.
  699. 699. 699. 699. 699. 699. 700. 700. 700. 700. 700. 699. 699. 699.
  699. 699. 699. 650. 649. 649. 649. 649. 649. 649. 650. 650.]
 [187. 344. 414. 479. 504. 534. 562. 571. 577. 586. 591. 607. 604. 619.
  613. 614. 622. 625. 624. 631. 631. 631. 635. 636. 637. 638. 638. 641.
  643. 641. 645. 598. 595. 593. 595. 598. 596. 598. 597. 598.]
 [246. 391. 475. 495. 527. 544. 570. 571. 582. 594. 593. 600. 606. 604.
  609. 612. 617. 617. 627. 626. 625. 630. 624. 626. 633. 639. 636. 631.
  632. 632. 637. 589. 588. 592. 590. 593. 595. 595. 595. 598.]]
##############################
[[100. 173. 228. 265. 289. 296. 315. 336. 344. 357. 360. 351. 362. 373.
  377. 372. 373. 378. 364. 389. 376. 384. 385. 392. 387. 393. 394. 395.
  394. 399. 393. 407. 369. 372. 373. 379. 376. 375. 377. 376.]
 [592. 673. 687. 696. 698. 698. 698. 698. 698. 699. 698. 698. 699. 699.
  699. 699. 699. 699. 699. 699. 700. 700. 700. 700. 700. 699. 699. 699.
  699. 699. 699. 700. 649. 649. 649. 649. 649. 649. 650. 650.]
 [187. 344. 414. 479. 504. 534. 562. 571. 577. 586. 591. 607. 604. 619.
  613. 614. 622. 625. 624. 631. 631. 631. 635. 636. 637. 638. 638. 641.
  643. 641. 645. 644. 595. 593. 595. 598. 596. 598. 597. 598.]
 [246. 391. 475. 495. 527. 544. 570. 571. 582. 594. 593. 600. 606. 604.
  609. 612. 617. 617. 627. 626. 625. 630. 624. 626. 633. 639. 636. 631.
  632. 632. 637. 635. 588. 592. 590. 593. 595. 595. 595. 598.]]
##############################
[[100. 173. 228. 265. 289. 296. 315. 336. 344. 357. 360. 351. 362. 373.
  377. 372. 373. 378. 364. 389. 376. 384. 385. 392. 387. 393. 394. 395.
  394. 399. 393. 407. 398. 372. 373. 379. 376. 375. 377. 376.]
 [592. 673. 687. 696. 698. 698. 698. 698. 698. 699. 698. 698. 699. 699.
  699. 699. 699. 699. 699. 699. 700. 700. 700. 700. 700. 699. 699. 699.
  699. 699. 699. 700. 699. 649. 649. 649. 649. 649. 650. 650.]
 [187. 344. 414. 479. 504. 534. 562. 571. 577. 586. 591. 607. 604. 619.
  613. 614. 622. 625. 624. 631. 631. 631. 635. 636. 637. 638. 638. 641.
  643. 641. 645. 644. 641. 593. 595. 598. 596. 598. 597. 598.]
 [246. 391. 475. 495. 527. 544. 570. 571. 582. 594. 593. 600. 606. 604.
  609. 612. 617. 617. 627. 626. 625. 630. 624. 626. 633. 639. 636. 631.
  632. 632. 637. 635. 634. 592. 590. 593. 595. 595. 595. 598.]]
##############################
[[100. 173. 228. 265. 289. 296. 315. 336. 344. 357. 360. 351. 362. 373.
  377. 372. 373. 378. 364. 389. 376. 384. 385. 392. 387. 393. 394. 395.
  394. 399. 393. 407. 398. 400. 373. 379. 376. 375. 377. 376.]
 [592. 673. 687. 696. 698. 698. 698. 698. 698. 699. 698. 698. 699. 699.
  699. 699. 699. 699. 699. 699. 700. 700. 700. 700. 700. 699. 699. 699.
  699. 699. 699. 700. 699. 699. 649. 649. 649. 649. 650. 650.]
 [187. 344. 414. 479. 504. 534. 562. 571. 577. 586. 591. 607. 604. 619.
  613. 614. 622. 625. 624. 631. 631. 631. 635. 636. 637. 638. 638. 641.
  643. 641. 645. 644. 641. 640. 595. 598. 596. 598. 597. 598.]
 [246. 391. 475. 495. 527. 544. 570. 571. 582. 594. 593. 600. 606. 604.
  609. 612. 617. 617. 627. 626. 625. 630. 624. 626. 633. 639. 636. 631.
  632. 632. 637. 635. 634. 637. 590. 593. 595. 595. 595. 598.]]
##############################
[[100. 173. 228. 265. 289. 296. 315. 336. 344. 357. 360. 351. 362. 373.
  377. 372. 373. 378. 364. 389. 376. 384. 385. 392. 387. 393. 394. 395.
  394. 399. 393. 407. 398. 400. 399. 379. 376. 375. 377. 376.]
 [592. 673. 687. 696. 698. 698. 698. 698. 698. 699. 698. 698. 699. 699.
  699. 699. 699. 699. 699. 699. 700. 700. 700. 700. 700. 699. 699. 699.
  699. 699. 699. 700. 699. 699. 699. 649. 649. 649. 650. 650.]
 [187. 344. 414. 479. 504. 534. 562. 571. 577. 586. 591. 607. 604. 619.
  613. 614. 622. 625. 624. 631. 631. 631. 635. 636. 637. 638. 638. 641.
  643. 641. 645. 644. 641. 640. 641. 598. 596. 598. 597. 598.]
 [246. 391. 475. 495. 527. 544. 570. 571. 582. 594. 593. 600. 606. 604.
  609. 612. 617. 617. 627. 626. 625. 630. 624. 626. 633. 639. 636. 631.
  632. 632. 637. 635. 634. 637. 636. 593. 595. 595. 595. 598.]]
##############################
[[100. 173. 228. 265. 289. 296. 315. 336. 344. 357. 360. 351. 362. 373.
  377. 372. 373. 378. 364. 389. 376. 384. 385. 392. 387. 393. 394. 395.
  394. 399. 393. 407. 398. 400. 399. 407. 376. 375. 377. 376.]
 [592. 673. 687. 696. 698. 698. 698. 698. 698. 699. 698. 698. 699. 699.
  699. 699. 699. 699. 699. 699. 700. 700. 700. 700. 700. 699. 699. 699.
  699. 699. 699. 700. 699. 699. 699. 699. 649. 649. 650. 650.]
 [187. 344. 414. 479. 504. 534. 562. 571. 577. 586. 591. 607. 604. 619.
  613. 614. 622. 625. 624. 631. 631. 631. 635. 636. 637. 638. 638. 641.
  643. 641. 645. 644. 641. 640. 641. 645. 596. 598. 597. 598.]
 [246. 391. 475. 495. 527. 544. 570. 571. 582. 594. 593. 600. 606. 604.
  609. 612. 617. 617. 627. 626. 625. 630. 624. 626. 633. 639. 636. 631.
  632. 632. 637. 635. 634. 637. 636. 639. 595. 595. 595. 598.]]
##############################
[[100. 173. 228. 265. 289. 296. 315. 336. 344. 357. 360. 351. 362. 373.
  377. 372. 373. 378. 364. 389. 376. 384. 385. 392. 387. 393. 394. 395.
  394. 399. 393. 407. 398. 400. 399. 407. 405. 375. 377. 376.]
 [592. 673. 687. 696. 698. 698. 698. 698. 698. 699. 698. 698. 699. 699.
  699. 699. 699. 699. 699. 699. 700. 700. 700. 700. 700. 699. 699. 699.
  699. 699. 699. 700. 699. 699. 699. 699. 699. 649. 650. 650.]
 [187. 344. 414. 479. 504. 534. 562. 571. 577. 586. 591. 607. 604. 619.
  613. 614. 622. 625. 624. 631. 631. 631. 635. 636. 637. 638. 638. 641.
  643. 641. 645. 644. 641. 640. 641. 645. 641. 598. 597. 598.]
 [246. 391. 475. 495. 527. 544. 570. 571. 582. 594. 593. 600. 606. 604.
  609. 612. 617. 617. 627. 626. 625. 630. 624. 626. 633. 639. 636. 631.
  632. 632. 637. 635. 634. 637. 636. 639. 640. 595. 595. 598.]]
##############################
[[100. 173. 228. 265. 289. 296. 315. 336. 344. 357. 360. 351. 362. 373.
  377. 372. 373. 378. 364. 389. 376. 384. 385. 392. 387. 393. 394. 395.
  394. 399. 393. 407. 398. 400. 399. 407. 405. 405. 377. 376.]
 [592. 673. 687. 696. 698. 698. 698. 698. 698. 699. 698. 698. 699. 699.
  699. 699. 699. 699. 699. 699. 700. 700. 700. 700. 700. 699. 699. 699.
  699. 699. 699. 700. 699. 699. 699. 699. 699. 699. 650. 650.]
 [187. 344. 414. 479. 504. 534. 562. 571. 577. 586. 591. 607. 604. 619.
  613. 614. 622. 625. 624. 631. 631. 631. 635. 636. 637. 638. 638. 641.
  643. 641. 645. 644. 641. 640. 641. 645. 641. 644. 597. 598.]
 [246. 391. 475. 495. 527. 544. 570. 571. 582. 594. 593. 600. 606. 604.
  609. 612. 617. 617. 627. 626. 625. 630. 624. 626. 633. 639. 636. 631.
  632. 632. 637. 635. 634. 637. 636. 639. 640. 641. 595. 598.]]
##############################
[[100. 173. 228. 265. 289. 296. 315. 336. 344. 357. 360. 351. 362. 373.
  377. 372. 373. 378. 364. 389. 376. 384. 385. 392. 387. 393. 394. 395.
  394. 399. 393. 407. 398. 400. 399. 407. 405. 405. 407. 376.]
 [592. 673. 687. 696. 698. 698. 698. 698. 698. 699. 698. 698. 699. 699.
  699. 699. 699. 699. 699. 699. 700. 700. 700. 700. 700. 699. 699. 699.
  699. 699. 699. 700. 699. 699. 699. 699. 699. 699. 700. 650.]
 [187. 344. 414. 479. 504. 534. 562. 571. 577. 586. 591. 607. 604. 619.
  613. 614. 622. 625. 624. 631. 631. 631. 635. 636. 637. 638. 638. 641.
  643. 641. 645. 644. 641. 640. 641. 645. 641. 644. 643. 598.]
 [246. 391. 475. 495. 527. 544. 570. 571. 582. 594. 593. 600. 606. 604.
  609. 612. 617. 617. 627. 626. 625. 630. 624. 626. 633. 639. 636. 631.
  632. 632. 637. 635. 634. 637. 636. 639. 640. 641. 641. 598.]]
##############################
[[100. 173. 228. 265. 289. 296. 315. 336. 344. 357. 360. 351. 362. 373.
  377. 372. 373. 378. 364. 389. 376. 384. 385. 392. 387. 393. 394. 395.
  394. 399. 393. 407. 398. 400. 399. 407. 405. 405. 407. 404.]
 [592. 673. 687. 696. 698. 698. 698. 698. 698. 699. 698. 698. 699. 699.
  699. 699. 699. 699. 699. 699. 700. 700. 700. 700. 700. 699. 699. 699.
  699. 699. 699. 700. 699. 699. 699. 699. 699. 699. 700. 700.]
 [187. 344. 414. 479. 504. 534. 562. 571. 577. 586. 591. 607. 604. 619.
  613. 614. 622. 625. 624. 631. 631. 631. 635. 636. 637. 638. 638. 641.
  643. 641. 645. 644. 641. 640. 641. 645. 641. 644. 643. 644.]
 [246. 391. 475. 495. 527. 544. 570. 571. 582. 594. 593. 600. 606. 604.
  609. 612. 617. 617. 627. 626. 625. 630. 624. 626. 633. 639. 636. 631.
  632. 632. 637. 635. 634. 637. 636. 639. 640. 641. 641. 644.]]
##############################
##################################################
##################################################
starting :15 batch
[[106. 173. 228. 265. 289. 296. 315. 336. 344. 357. 360. 351. 362. 373.
  377. 372. 373. 378. 364. 389. 376. 384. 385. 392. 387. 393. 394. 395.
  394. 399. 393. 407. 398. 400. 399. 407. 405. 405. 407. 404.]
 [631. 673. 687. 696. 698. 698. 698. 698. 698. 699. 698. 698. 699. 699.
  699. 699. 699. 699. 699. 699. 700. 700. 700. 700. 700. 699. 699. 699.
  699. 699. 699. 700. 699. 699. 699. 699. 699. 699. 700. 700.]
 [200. 344. 414. 479. 504. 534. 562. 571. 577. 586. 591. 607. 604. 619.
  613. 614. 622. 625. 624. 631. 631. 631. 635. 636. 637. 638. 638. 641.
  643. 641. 645. 644. 641. 640. 641. 645. 641. 644. 643. 644.]
 [266. 391. 475. 495. 527. 544. 570. 571. 582. 594. 593. 600. 606. 604.
  609. 612. 617. 617. 627. 626. 625. 630. 624. 626. 633. 639. 636. 631.
  632. 632. 637. 635. 634. 637. 636. 639. 640. 641. 641. 644.]]
##############################
[[106. 184. 228. 265. 289. 296. 315. 336. 344. 357. 360. 351. 362. 373.
  377. 372. 373. 378. 364. 389. 376. 384. 385. 392. 387. 393. 394. 395.
  394. 399. 393. 407. 398. 400. 399. 407. 405. 405. 407. 404.]
 [631. 723. 687. 696. 698. 698. 698. 698. 698. 699. 698. 698. 699. 699.
  699. 699. 699. 699. 699. 699. 700. 700. 700. 700. 700. 699. 699. 699.
  699. 699. 699. 700. 699. 699. 699. 699. 699. 699. 700. 700.]
 [200. 365. 414. 479. 504. 534. 562. 571. 577. 586. 591. 607. 604. 619.
  613. 614. 622. 625. 624. 631. 631. 631. 635. 636. 637. 638. 638. 641.
  643. 641. 645. 644. 641. 640. 641. 645. 641. 644. 643. 644.]
 [266. 423. 475. 495. 527. 544. 570. 571. 582. 594. 593. 600. 606. 604.
  609. 612. 617. 617. 627. 626. 625. 630. 624. 626. 633. 639. 636. 631.
  632. 632. 637. 635. 634. 637. 636. 639. 640. 641. 641. 644.]]
##############################
[[106. 184. 241. 265. 289. 296. 315. 336. 344. 357. 360. 351. 362. 373.
  377. 372. 373. 378. 364. 389. 376. 384. 385. 392. 387. 393. 394. 395.
  394. 399. 393. 407. 398. 400. 399. 407. 405. 405. 407. 404.]
 [631. 723. 735. 696. 698. 698. 698. 698. 698. 699. 698. 698. 699. 699.
  699. 699. 699. 699. 699. 699. 700. 700. 700. 700. 700. 699. 699. 699.
  699. 699. 699. 700. 699. 699. 699. 699. 699. 699. 700. 700.]
 [200. 365. 444. 479. 504. 534. 562. 571. 577. 586. 591. 607. 604. 619.
  613. 614. 622. 625. 624. 631. 631. 631. 635. 636. 637. 638. 638. 641.
  643. 641. 645. 644. 641. 640. 641. 645. 641. 644. 643. 644.]
 [266. 423. 509. 495. 527. 544. 570. 571. 582. 594. 593. 600. 606. 604.
  609. 612. 617. 617. 627. 626. 625. 630. 624. 626. 633. 639. 636. 631.
  632. 632. 637. 635. 634. 637. 636. 639. 640. 641. 641. 644.]]
##############################
[[106. 184. 241. 278. 289. 296. 315. 336. 344. 357. 360. 351. 362. 373.
  377. 372. 373. 378. 364. 389. 376. 384. 385. 392. 387. 393. 394. 395.
  394. 399. 393. 407. 398. 400. 399. 407. 405. 405. 407. 404.]
 [631. 723. 735. 745. 698. 698. 698. 698. 698. 699. 698. 698. 699. 699.
  699. 699. 699. 699. 699. 699. 700. 700. 700. 700. 700. 699. 699. 699.
  699. 699. 699. 700. 699. 699. 699. 699. 699. 699. 700. 700.]
 [200. 365. 444. 510. 504. 534. 562. 571. 577. 586. 591. 607. 604. 619.
  613. 614. 622. 625. 624. 631. 631. 631. 635. 636. 637. 638. 638. 641.
  643. 641. 645. 644. 641. 640. 641. 645. 641. 644. 643. 644.]
 [266. 423. 509. 529. 527. 544. 570. 571. 582. 594. 593. 600. 606. 604.
  609. 612. 617. 617. 627. 626. 625. 630. 624. 626. 633. 639. 636. 631.
  632. 632. 637. 635. 634. 637. 636. 639. 640. 641. 641. 644.]]
##############################
[[106. 184. 241. 278. 305. 296. 315. 336. 344. 357. 360. 351. 362. 373.
  377. 372. 373. 378. 364. 389. 376. 384. 385. 392. 387. 393. 394. 395.
  394. 399. 393. 407. 398. 400. 399. 407. 405. 405. 407. 404.]
 [631. 723. 735. 745. 748. 698. 698. 698. 698. 699. 698. 698. 699. 699.
  699. 699. 699. 699. 699. 699. 700. 700. 700. 700. 700. 699. 699. 699.
  699. 699. 699. 700. 699. 699. 699. 699. 699. 699. 700. 700.]
 [200. 365. 444. 510. 539. 534. 562. 571. 577. 586. 591. 607. 604. 619.
  613. 614. 622. 625. 624. 631. 631. 631. 635. 636. 637. 638. 638. 641.
  643. 641. 645. 644. 641. 640. 641. 645. 641. 644. 643. 644.]
 [266. 423. 509. 529. 565. 544. 570. 571. 582. 594. 593. 600. 606. 604.
  609. 612. 617. 617. 627. 626. 625. 630. 624. 626. 633. 639. 636. 631.
  632. 632. 637. 635. 634. 637. 636. 639. 640. 641. 641. 644.]]
##############################
[[106. 184. 241. 278. 305. 311. 315. 336. 344. 357. 360. 351. 362. 373.
  377. 372. 373. 378. 364. 389. 376. 384. 385. 392. 387. 393. 394. 395.
  394. 399. 393. 407. 398. 400. 399. 407. 405. 405. 407. 404.]
 [631. 723. 735. 745. 748. 747. 698. 698. 698. 699. 698. 698. 699. 699.
  699. 699. 699. 699. 699. 699. 700. 700. 700. 700. 700. 699. 699. 699.
  699. 699. 699. 700. 699. 699. 699. 699. 699. 699. 700. 700.]
 [200. 365. 444. 510. 539. 574. 562. 571. 577. 586. 591. 607. 604. 619.
  613. 614. 622. 625. 624. 631. 631. 631. 635. 636. 637. 638. 638. 641.
  643. 641. 645. 644. 641. 640. 641. 645. 641. 644. 643. 644.]
 [266. 423. 509. 529. 565. 583. 570. 571. 582. 594. 593. 600. 606. 604.
  609. 612. 617. 617. 627. 626. 625. 630. 624. 626. 633. 639. 636. 631.
  632. 632. 637. 635. 634. 637. 636. 639. 640. 641. 641. 644.]]
##############################
[[106. 184. 241. 278. 305. 311. 335. 336. 344. 357. 360. 351. 362. 373.
  377. 372. 373. 378. 364. 389. 376. 384. 385. 392. 387. 393. 394. 395.
  394. 399. 393. 407. 398. 400. 399. 407. 405. 405. 407. 404.]
 [631. 723. 735. 745. 748. 747. 748. 698. 698. 699. 698. 698. 699. 699.
  699. 699. 699. 699. 699. 699. 700. 700. 700. 700. 700. 699. 699. 699.
  699. 699. 699. 700. 699. 699. 699. 699. 699. 699. 700. 700.]
 [200. 365. 444. 510. 539. 574. 603. 571. 577. 586. 591. 607. 604. 619.
  613. 614. 622. 625. 624. 631. 631. 631. 635. 636. 637. 638. 638. 641.
  643. 641. 645. 644. 641. 640. 641. 645. 641. 644. 643. 644.]
 [266. 423. 509. 529. 565. 583. 611. 571. 582. 594. 593. 600. 606. 604.
  609. 612. 617. 617. 627. 626. 625. 630. 624. 626. 633. 639. 636. 631.
  632. 632. 637. 635. 634. 637. 636. 639. 640. 641. 641. 644.]]
##############################
[[106. 184. 241. 278. 305. 311. 335. 356. 344. 357. 360. 351. 362. 373.
  377. 372. 373. 378. 364. 389. 376. 384. 385. 392. 387. 393. 394. 395.
  394. 399. 393. 407. 398. 400. 399. 407. 405. 405. 407. 404.]
 [631. 723. 735. 745. 748. 747. 748. 748. 698. 699. 698. 698. 699. 699.
  699. 699. 699. 699. 699. 699. 700. 700. 700. 700. 700. 699. 699. 699.
  699. 699. 699. 700. 699. 699. 699. 699. 699. 699. 700. 700.]
 [200. 365. 444. 510. 539. 574. 603. 611. 577. 586. 591. 607. 604. 619.
  613. 614. 622. 625. 624. 631. 631. 631. 635. 636. 637. 638. 638. 641.
  643. 641. 645. 644. 641. 640. 641. 645. 641. 644. 643. 644.]
 [266. 423. 509. 529. 565. 583. 611. 613. 582. 594. 593. 600. 606. 604.
  609. 612. 617. 617. 627. 626. 625. 630. 624. 626. 633. 639. 636. 631.
  632. 632. 637. 635. 634. 637. 636. 639. 640. 641. 641. 644.]]
##############################
[[106. 184. 241. 278. 305. 311. 335. 356. 366. 357. 360. 351. 362. 373.
  377. 372. 373. 378. 364. 389. 376. 384. 385. 392. 387. 393. 394. 395.
  394. 399. 393. 407. 398. 400. 399. 407. 405. 405. 407. 404.]
 [631. 723. 735. 745. 748. 747. 748. 748. 748. 699. 698. 698. 699. 699.
  699. 699. 699. 699. 699. 699. 700. 700. 700. 700. 700. 699. 699. 699.
  699. 699. 699. 700. 699. 699. 699. 699. 699. 699. 700. 700.]
 [200. 365. 444. 510. 539. 574. 603. 611. 616. 586. 591. 607. 604. 619.
  613. 614. 622. 625. 624. 631. 631. 631. 635. 636. 637. 638. 638. 641.
  643. 641. 645. 644. 641. 640. 641. 645. 641. 644. 643. 644.]
 [266. 423. 509. 529. 565. 583. 611. 613. 623. 594. 593. 600. 606. 604.
  609. 612. 617. 617. 627. 626. 625. 630. 624. 626. 633. 639. 636. 631.
  632. 632. 637. 635. 634. 637. 636. 639. 640. 641. 641. 644.]]
##############################
[[106. 184. 241. 278. 305. 311. 335. 356. 366. 376. 360. 351. 362. 373.
  377. 372. 373. 378. 364. 389. 376. 384. 385. 392. 387. 393. 394. 395.
  394. 399. 393. 407. 398. 400. 399. 407. 405. 405. 407. 404.]
 [631. 723. 735. 745. 748. 747. 748. 748. 748. 749. 698. 698. 699. 699.
  699. 699. 699. 699. 699. 699. 700. 700. 700. 700. 700. 699. 699. 699.
  699. 699. 699. 700. 699. 699. 699. 699. 699. 699. 700. 700.]
 [200. 365. 444. 510. 539. 574. 603. 611. 616. 626. 591. 607. 604. 619.
  613. 614. 622. 625. 624. 631. 631. 631. 635. 636. 637. 638. 638. 641.
  643. 641. 645. 644. 641. 640. 641. 645. 641. 644. 643. 644.]
 [266. 423. 509. 529. 565. 583. 611. 613. 623. 636. 593. 600. 606. 604.
  609. 612. 617. 617. 627. 626. 625. 630. 624. 626. 633. 639. 636. 631.
  632. 632. 637. 635. 634. 637. 636. 639. 640. 641. 641. 644.]]
##############################
[[106. 184. 241. 278. 305. 311. 335. 356. 366. 376. 379. 351. 362. 373.
  377. 372. 373. 378. 364. 389. 376. 384. 385. 392. 387. 393. 394. 395.
  394. 399. 393. 407. 398. 400. 399. 407. 405. 405. 407. 404.]
 [631. 723. 735. 745. 748. 747. 748. 748. 748. 749. 748. 698. 699. 699.
  699. 699. 699. 699. 699. 699. 700. 700. 700. 700. 700. 699. 699. 699.
  699. 699. 699. 700. 699. 699. 699. 699. 699. 699. 700. 700.]
 [200. 365. 444. 510. 539. 574. 603. 611. 616. 626. 631. 607. 604. 619.
  613. 614. 622. 625. 624. 631. 631. 631. 635. 636. 637. 638. 638. 641.
  643. 641. 645. 644. 641. 640. 641. 645. 641. 644. 643. 644.]
 [266. 423. 509. 529. 565. 583. 611. 613. 623. 636. 635. 600. 606. 604.
  609. 612. 617. 617. 627. 626. 625. 630. 624. 626. 633. 639. 636. 631.
  632. 632. 637. 635. 634. 637. 636. 639. 640. 641. 641. 644.]]
##############################
[[106. 184. 241. 278. 305. 311. 335. 356. 366. 376. 379. 372. 362. 373.
  377. 372. 373. 378. 364. 389. 376. 384. 385. 392. 387. 393. 394. 395.
  394. 399. 393. 407. 398. 400. 399. 407. 405. 405. 407. 404.]
 [631. 723. 735. 745. 748. 747. 748. 748. 748. 749. 748. 748. 699. 699.
  699. 699. 699. 699. 699. 699. 700. 700. 700. 700. 700. 699. 699. 699.
  699. 699. 699. 700. 699. 699. 699. 699. 699. 699. 700. 700.]
 [200. 365. 444. 510. 539. 574. 603. 611. 616. 626. 631. 646. 604. 619.
  613. 614. 622. 625. 624. 631. 631. 631. 635. 636. 637. 638. 638. 641.
  643. 641. 645. 644. 641. 640. 641. 645. 641. 644. 643. 644.]
 [266. 423. 509. 529. 565. 583. 611. 613. 623. 636. 635. 643. 606. 604.
  609. 612. 617. 617. 627. 626. 625. 630. 624. 626. 633. 639. 636. 631.
  632. 632. 637. 635. 634. 637. 636. 639. 640. 641. 641. 644.]]
##############################
[[106. 184. 241. 278. 305. 311. 335. 356. 366. 376. 379. 372. 383. 373.
  377. 372. 373. 378. 364. 389. 376. 384. 385. 392. 387. 393. 394. 395.
  394. 399. 393. 407. 398. 400. 399. 407. 405. 405. 407. 404.]
 [631. 723. 735. 745. 748. 747. 748. 748. 748. 749. 748. 748. 749. 699.
  699. 699. 699. 699. 699. 699. 700. 700. 700. 700. 700. 699. 699. 699.
  699. 699. 699. 700. 699. 699. 699. 699. 699. 699. 700. 700.]
 [200. 365. 444. 510. 539. 574. 603. 611. 616. 626. 631. 646. 643. 619.
  613. 614. 622. 625. 624. 631. 631. 631. 635. 636. 637. 638. 638. 641.
  643. 641. 645. 644. 641. 640. 641. 645. 641. 644. 643. 644.]
 [266. 423. 509. 529. 565. 583. 611. 613. 623. 636. 635. 643. 649. 604.
  609. 612. 617. 617. 627. 626. 625. 630. 624. 626. 633. 639. 636. 631.
  632. 632. 637. 635. 634. 637. 636. 639. 640. 641. 641. 644.]]
##############################
[[106. 184. 241. 278. 305. 311. 335. 356. 366. 376. 379. 372. 383. 394.
  377. 372. 373. 378. 364. 389. 376. 384. 385. 392. 387. 393. 394. 395.
  394. 399. 393. 407. 398. 400. 399. 407. 405. 405. 407. 404.]
 [631. 723. 735. 745. 748. 747. 748. 748. 748. 749. 748. 748. 749. 749.
  699. 699. 699. 699. 699. 699. 700. 700. 700. 700. 700. 699. 699. 699.
  699. 699. 699. 700. 699. 699. 699. 699. 699. 699. 700. 700.]
 [200. 365. 444. 510. 539. 574. 603. 611. 616. 626. 631. 646. 643. 658.
  613. 614. 622. 625. 624. 631. 631. 631. 635. 636. 637. 638. 638. 641.
  643. 641. 645. 644. 641. 640. 641. 645. 641. 644. 643. 644.]
 [266. 423. 509. 529. 565. 583. 611. 613. 623. 636. 635. 643. 649. 646.
  609. 612. 617. 617. 627. 626. 625. 630. 624. 626. 633. 639. 636. 631.
  632. 632. 637. 635. 634. 637. 636. 639. 640. 641. 641. 644.]]
##############################
[[106. 184. 241. 278. 305. 311. 335. 356. 366. 376. 379. 372. 383. 394.
  400. 372. 373. 378. 364. 389. 376. 384. 385. 392. 387. 393. 394. 395.
  394. 399. 393. 407. 398. 400. 399. 407. 405. 405. 407. 404.]
 [631. 723. 735. 745. 748. 747. 748. 748. 748. 749. 748. 748. 749. 749.
  749. 699. 699. 699. 699. 699. 700. 700. 700. 700. 700. 699. 699. 699.
  699. 699. 699. 700. 699. 699. 699. 699. 699. 699. 700. 700.]
 [200. 365. 444. 510. 539. 574. 603. 611. 616. 626. 631. 646. 643. 658.
  655. 614. 622. 625. 624. 631. 631. 631. 635. 636. 637. 638. 638. 641.
  643. 641. 645. 644. 641. 640. 641. 645. 641. 644. 643. 644.]
 [266. 423. 509. 529. 565. 583. 611. 613. 623. 636. 635. 643. 649. 646.
  652. 612. 617. 617. 627. 626. 625. 630. 624. 626. 633. 639. 636. 631.
  632. 632. 637. 635. 634. 637. 636. 639. 640. 641. 641. 644.]]
##############################
[[106. 184. 241. 278. 305. 311. 335. 356. 366. 376. 379. 372. 383. 394.
  400. 396. 373. 378. 364. 389. 376. 384. 385. 392. 387. 393. 394. 395.
  394. 399. 393. 407. 398. 400. 399. 407. 405. 405. 407. 404.]
 [631. 723. 735. 745. 748. 747. 748. 748. 748. 749. 748. 748. 749. 749.
  749. 748. 699. 699. 699. 699. 700. 700. 700. 700. 700. 699. 699. 699.
  699. 699. 699. 700. 699. 699. 699. 699. 699. 699. 700. 700.]
 [200. 365. 444. 510. 539. 574. 603. 611. 616. 626. 631. 646. 643. 658.
  655. 655. 622. 625. 624. 631. 631. 631. 635. 636. 637. 638. 638. 641.
  643. 641. 645. 644. 641. 640. 641. 645. 641. 644. 643. 644.]
 [266. 423. 509. 529. 565. 583. 611. 613. 623. 636. 635. 643. 649. 646.
  652. 655. 617. 617. 627. 626. 625. 630. 624. 626. 633. 639. 636. 631.
  632. 632. 637. 635. 634. 637. 636. 639. 640. 641. 641. 644.]]
##############################
[[106. 184. 241. 278. 305. 311. 335. 356. 366. 376. 379. 372. 383. 394.
  400. 396. 395. 378. 364. 389. 376. 384. 385. 392. 387. 393. 394. 395.
  394. 399. 393. 407. 398. 400. 399. 407. 405. 405. 407. 404.]
 [631. 723. 735. 745. 748. 747. 748. 748. 748. 749. 748. 748. 749. 749.
  749. 748. 749. 699. 699. 699. 700. 700. 700. 700. 700. 699. 699. 699.
  699. 699. 699. 700. 699. 699. 699. 699. 699. 699. 700. 700.]
 [200. 365. 444. 510. 539. 574. 603. 611. 616. 626. 631. 646. 643. 658.
  655. 655. 663. 625. 624. 631. 631. 631. 635. 636. 637. 638. 638. 641.
  643. 641. 645. 644. 641. 640. 641. 645. 641. 644. 643. 644.]
 [266. 423. 509. 529. 565. 583. 611. 613. 623. 636. 635. 643. 649. 646.
  652. 655. 662. 617. 627. 626. 625. 630. 624. 626. 633. 639. 636. 631.
  632. 632. 637. 635. 634. 637. 636. 639. 640. 641. 641. 644.]]
##############################
[[106. 184. 241. 278. 305. 311. 335. 356. 366. 376. 379. 372. 383. 394.
  400. 396. 395. 400. 364. 389. 376. 384. 385. 392. 387. 393. 394. 395.
  394. 399. 393. 407. 398. 400. 399. 407. 405. 405. 407. 404.]
 [631. 723. 735. 745. 748. 747. 748. 748. 748. 749. 748. 748. 749. 749.
  749. 748. 749. 749. 699. 699. 700. 700. 700. 700. 700. 699. 699. 699.
  699. 699. 699. 700. 699. 699. 699. 699. 699. 699. 700. 700.]
 [200. 365. 444. 510. 539. 574. 603. 611. 616. 626. 631. 646. 643. 658.
  655. 655. 663. 666. 624. 631. 631. 631. 635. 636. 637. 638. 638. 641.
  643. 641. 645. 644. 641. 640. 641. 645. 641. 644. 643. 644.]
 [266. 423. 509. 529. 565. 583. 611. 613. 623. 636. 635. 643. 649. 646.
  652. 655. 662. 662. 627. 626. 625. 630. 624. 626. 633. 639. 636. 631.
  632. 632. 637. 635. 634. 637. 636. 639. 640. 641. 641. 644.]]
##############################
[[106. 184. 241. 278. 305. 311. 335. 356. 366. 376. 379. 372. 383. 394.
  400. 396. 395. 400. 386. 389. 376. 384. 385. 392. 387. 393. 394. 395.
  394. 399. 393. 407. 398. 400. 399. 407. 405. 405. 407. 404.]
 [631. 723. 735. 745. 748. 747. 748. 748. 748. 749. 748. 748. 749. 749.
  749. 748. 749. 749. 748. 699. 700. 700. 700. 700. 700. 699. 699. 699.
  699. 699. 699. 700. 699. 699. 699. 699. 699. 699. 700. 700.]
 [200. 365. 444. 510. 539. 574. 603. 611. 616. 626. 631. 646. 643. 658.
  655. 655. 663. 666. 666. 631. 631. 631. 635. 636. 637. 638. 638. 641.
  643. 641. 645. 644. 641. 640. 641. 645. 641. 644. 643. 644.]
 [266. 423. 509. 529. 565. 583. 611. 613. 623. 636. 635. 643. 649. 646.
  652. 655. 662. 662. 671. 626. 625. 630. 624. 626. 633. 639. 636. 631.
  632. 632. 637. 635. 634. 637. 636. 639. 640. 641. 641. 644.]]
##############################
[[106. 184. 241. 278. 305. 311. 335. 356. 366. 376. 379. 372. 383. 394.
  400. 396. 395. 400. 386. 412. 376. 384. 385. 392. 387. 393. 394. 395.
  394. 399. 393. 407. 398. 400. 399. 407. 405. 405. 407. 404.]
 [631. 723. 735. 745. 748. 747. 748. 748. 748. 749. 748. 748. 749. 749.
  749. 748. 749. 749. 748. 749. 700. 700. 700. 700. 700. 699. 699. 699.
  699. 699. 699. 700. 699. 699. 699. 699. 699. 699. 700. 700.]
 [200. 365. 444. 510. 539. 574. 603. 611. 616. 626. 631. 646. 643. 658.
  655. 655. 663. 666. 666. 674. 631. 631. 635. 636. 637. 638. 638. 641.
  643. 641. 645. 644. 641. 640. 641. 645. 641. 644. 643. 644.]
 [266. 423. 509. 529. 565. 583. 611. 613. 623. 636. 635. 643. 649. 646.
  652. 655. 662. 662. 671. 671. 625. 630. 624. 626. 633. 639. 636. 631.
  632. 632. 637. 635. 634. 637. 636. 639. 640. 641. 641. 644.]]
##############################
[[106. 184. 241. 278. 305. 311. 335. 356. 366. 376. 379. 372. 383. 394.
  400. 396. 395. 400. 386. 412. 399. 384. 385. 392. 387. 393. 394. 395.
  394. 399. 393. 407. 398. 400. 399. 407. 405. 405. 407. 404.]
 [631. 723. 735. 745. 748. 747. 748. 748. 748. 749. 748. 748. 749. 749.
  749. 748. 749. 749. 748. 749. 750. 700. 700. 700. 700. 699. 699. 699.
  699. 699. 699. 700. 699. 699. 699. 699. 699. 699. 700. 700.]
 [200. 365. 444. 510. 539. 574. 603. 611. 616. 626. 631. 646. 643. 658.
  655. 655. 663. 666. 666. 674. 674. 631. 635. 636. 637. 638. 638. 641.
  643. 641. 645. 644. 641. 640. 641. 645. 641. 644. 643. 644.]
 [266. 423. 509. 529. 565. 583. 611. 613. 623. 636. 635. 643. 649. 646.
  652. 655. 662. 662. 671. 671. 669. 630. 624. 626. 633. 639. 636. 631.
  632. 632. 637. 635. 634. 637. 636. 639. 640. 641. 641. 644.]]
##############################
[[106. 184. 241. 278. 305. 311. 335. 356. 366. 376. 379. 372. 383. 394.
  400. 396. 395. 400. 386. 412. 399. 408. 385. 392. 387. 393. 394. 395.
  394. 399. 393. 407. 398. 400. 399. 407. 405. 405. 407. 404.]
 [631. 723. 735. 745. 748. 747. 748. 748. 748. 749. 748. 748. 749. 749.
  749. 748. 749. 749. 748. 749. 750. 750. 700. 700. 700. 699. 699. 699.
  699. 699. 699. 700. 699. 699. 699. 699. 699. 699. 700. 700.]
 [200. 365. 444. 510. 539. 574. 603. 611. 616. 626. 631. 646. 643. 658.
  655. 655. 663. 666. 666. 674. 674. 674. 635. 636. 637. 638. 638. 641.
  643. 641. 645. 644. 641. 640. 641. 645. 641. 644. 643. 644.]
 [266. 423. 509. 529. 565. 583. 611. 613. 623. 636. 635. 643. 649. 646.
  652. 655. 662. 662. 671. 671. 669. 674. 624. 626. 633. 639. 636. 631.
  632. 632. 637. 635. 634. 637. 636. 639. 640. 641. 641. 644.]]
##############################
[[106. 184. 241. 278. 305. 311. 335. 356. 366. 376. 379. 372. 383. 394.
  400. 396. 395. 400. 386. 412. 399. 408. 410. 392. 387. 393. 394. 395.
  394. 399. 393. 407. 398. 400. 399. 407. 405. 405. 407. 404.]
 [631. 723. 735. 745. 748. 747. 748. 748. 748. 749. 748. 748. 749. 749.
  749. 748. 749. 749. 748. 749. 750. 750. 750. 700. 700. 699. 699. 699.
  699. 699. 699. 700. 699. 699. 699. 699. 699. 699. 700. 700.]
 [200. 365. 444. 510. 539. 574. 603. 611. 616. 626. 631. 646. 643. 658.
  655. 655. 663. 666. 666. 674. 674. 674. 677. 636. 637. 638. 638. 641.
  643. 641. 645. 644. 641. 640. 641. 645. 641. 644. 643. 644.]
 [266. 423. 509. 529. 565. 583. 611. 613. 623. 636. 635. 643. 649. 646.
  652. 655. 662. 662. 671. 671. 669. 674. 668. 626. 633. 639. 636. 631.
  632. 632. 637. 635. 634. 637. 636. 639. 640. 641. 641. 644.]]
##############################
[[106. 184. 241. 278. 305. 311. 335. 356. 366. 376. 379. 372. 383. 394.
  400. 396. 395. 400. 386. 412. 399. 408. 410. 414. 387. 393. 394. 395.
  394. 399. 393. 407. 398. 400. 399. 407. 405. 405. 407. 404.]
 [631. 723. 735. 745. 748. 747. 748. 748. 748. 749. 748. 748. 749. 749.
  749. 748. 749. 749. 748. 749. 750. 750. 750. 750. 700. 699. 699. 699.
  699. 699. 699. 700. 699. 699. 699. 699. 699. 699. 700. 700.]
 [200. 365. 444. 510. 539. 574. 603. 611. 616. 626. 631. 646. 643. 658.
  655. 655. 663. 666. 666. 674. 674. 674. 677. 678. 637. 638. 638. 641.
  643. 641. 645. 644. 641. 640. 641. 645. 641. 644. 643. 644.]
 [266. 423. 509. 529. 565. 583. 611. 613. 623. 636. 635. 643. 649. 646.
  652. 655. 662. 662. 671. 671. 669. 674. 668. 669. 633. 639. 636. 631.
  632. 632. 637. 635. 634. 637. 636. 639. 640. 641. 641. 644.]]
##############################
[[106. 184. 241. 278. 305. 311. 335. 356. 366. 376. 379. 372. 383. 394.
  400. 396. 395. 400. 386. 412. 399. 408. 410. 414. 411. 393. 394. 395.
  394. 399. 393. 407. 398. 400. 399. 407. 405. 405. 407. 404.]
 [631. 723. 735. 745. 748. 747. 748. 748. 748. 749. 748. 748. 749. 749.
  749. 748. 749. 749. 748. 749. 750. 750. 750. 750. 750. 699. 699. 699.
  699. 699. 699. 700. 699. 699. 699. 699. 699. 699. 700. 700.]
 [200. 365. 444. 510. 539. 574. 603. 611. 616. 626. 631. 646. 643. 658.
  655. 655. 663. 666. 666. 674. 674. 674. 677. 678. 679. 638. 638. 641.
  643. 641. 645. 644. 641. 640. 641. 645. 641. 644. 643. 644.]
 [266. 423. 509. 529. 565. 583. 611. 613. 623. 636. 635. 643. 649. 646.
  652. 655. 662. 662. 671. 671. 669. 674. 668. 669. 677. 639. 636. 631.
  632. 632. 637. 635. 634. 637. 636. 639. 640. 641. 641. 644.]]
##############################
[[106. 184. 241. 278. 305. 311. 335. 356. 366. 376. 379. 372. 383. 394.
  400. 396. 395. 400. 386. 412. 399. 408. 410. 414. 411. 416. 394. 395.
  394. 399. 393. 407. 398. 400. 399. 407. 405. 405. 407. 404.]
 [631. 723. 735. 745. 748. 747. 748. 748. 748. 749. 748. 748. 749. 749.
  749. 748. 749. 749. 748. 749. 750. 750. 750. 750. 750. 749. 699. 699.
  699. 699. 699. 700. 699. 699. 699. 699. 699. 699. 700. 700.]
 [200. 365. 444. 510. 539. 574. 603. 611. 616. 626. 631. 646. 643. 658.
  655. 655. 663. 666. 666. 674. 674. 674. 677. 678. 679. 681. 638. 641.
  643. 641. 645. 644. 641. 640. 641. 645. 641. 644. 643. 644.]
 [266. 423. 509. 529. 565. 583. 611. 613. 623. 636. 635. 643. 649. 646.
  652. 655. 662. 662. 671. 671. 669. 674. 668. 669. 677. 682. 636. 631.
  632. 632. 637. 635. 634. 637. 636. 639. 640. 641. 641. 644.]]
##############################
[[106. 184. 241. 278. 305. 311. 335. 356. 366. 376. 379. 372. 383. 394.
  400. 396. 395. 400. 386. 412. 399. 408. 410. 414. 411. 416. 415. 395.
  394. 399. 393. 407. 398. 400. 399. 407. 405. 405. 407. 404.]
 [631. 723. 735. 745. 748. 747. 748. 748. 748. 749. 748. 748. 749. 749.
  749. 748. 749. 749. 748. 749. 750. 750. 750. 750. 750. 749. 749. 699.
  699. 699. 699. 700. 699. 699. 699. 699. 699. 699. 700. 700.]
 [200. 365. 444. 510. 539. 574. 603. 611. 616. 626. 631. 646. 643. 658.
  655. 655. 663. 666. 666. 674. 674. 674. 677. 678. 679. 681. 680. 641.
  643. 641. 645. 644. 641. 640. 641. 645. 641. 644. 643. 644.]
 [266. 423. 509. 529. 565. 583. 611. 613. 623. 636. 635. 643. 649. 646.
  652. 655. 662. 662. 671. 671. 669. 674. 668. 669. 677. 682. 679. 631.
  632. 632. 637. 635. 634. 637. 636. 639. 640. 641. 641. 644.]]
##############################
[[106. 184. 241. 278. 305. 311. 335. 356. 366. 376. 379. 372. 383. 394.
  400. 396. 395. 400. 386. 412. 399. 408. 410. 414. 411. 416. 415. 417.
  394. 399. 393. 407. 398. 400. 399. 407. 405. 405. 407. 404.]
 [631. 723. 735. 745. 748. 747. 748. 748. 748. 749. 748. 748. 749. 749.
  749. 748. 749. 749. 748. 749. 750. 750. 750. 750. 750. 749. 749. 749.
  699. 699. 699. 700. 699. 699. 699. 699. 699. 699. 700. 700.]
 [200. 365. 444. 510. 539. 574. 603. 611. 616. 626. 631. 646. 643. 658.
  655. 655. 663. 666. 666. 674. 674. 674. 677. 678. 679. 681. 680. 685.
  643. 641. 645. 644. 641. 640. 641. 645. 641. 644. 643. 644.]
 [266. 423. 509. 529. 565. 583. 611. 613. 623. 636. 635. 643. 649. 646.
  652. 655. 662. 662. 671. 671. 669. 674. 668. 669. 677. 682. 679. 675.
  632. 632. 637. 635. 634. 637. 636. 639. 640. 641. 641. 644.]]
##############################
[[106. 184. 241. 278. 305. 311. 335. 356. 366. 376. 379. 372. 383. 394.
  400. 396. 395. 400. 386. 412. 399. 408. 410. 414. 411. 416. 415. 417.
  416. 399. 393. 407. 398. 400. 399. 407. 405. 405. 407. 404.]
 [631. 723. 735. 745. 748. 747. 748. 748. 748. 749. 748. 748. 749. 749.
  749. 748. 749. 749. 748. 749. 750. 750. 750. 750. 750. 749. 749. 749.
  749. 699. 699. 700. 699. 699. 699. 699. 699. 699. 700. 700.]
 [200. 365. 444. 510. 539. 574. 603. 611. 616. 626. 631. 646. 643. 658.
  655. 655. 663. 666. 666. 674. 674. 674. 677. 678. 679. 681. 680. 685.
  685. 641. 645. 644. 641. 640. 641. 645. 641. 644. 643. 644.]
 [266. 423. 509. 529. 565. 583. 611. 613. 623. 636. 635. 643. 649. 646.
  652. 655. 662. 662. 671. 671. 669. 674. 668. 669. 677. 682. 679. 675.
  677. 632. 637. 635. 634. 637. 636. 639. 640. 641. 641. 644.]]
##############################
[[106. 184. 241. 278. 305. 311. 335. 356. 366. 376. 379. 372. 383. 394.
  400. 396. 395. 400. 386. 412. 399. 408. 410. 414. 411. 416. 415. 417.
  416. 421. 393. 407. 398. 400. 399. 407. 405. 405. 407. 404.]
 [631. 723. 735. 745. 748. 747. 748. 748. 748. 749. 748. 748. 749. 749.
  749. 748. 749. 749. 748. 749. 750. 750. 750. 750. 750. 749. 749. 749.
  749. 749. 699. 700. 699. 699. 699. 699. 699. 699. 700. 700.]
 [200. 365. 444. 510. 539. 574. 603. 611. 616. 626. 631. 646. 643. 658.
  655. 655. 663. 666. 666. 674. 674. 674. 677. 678. 679. 681. 680. 685.
  685. 683. 645. 644. 641. 640. 641. 645. 641. 644. 643. 644.]
 [266. 423. 509. 529. 565. 583. 611. 613. 623. 636. 635. 643. 649. 646.
  652. 655. 662. 662. 671. 671. 669. 674. 668. 669. 677. 682. 679. 675.
  677. 678. 637. 635. 634. 637. 636. 639. 640. 641. 641. 644.]]
##############################
[[106. 184. 241. 278. 305. 311. 335. 356. 366. 376. 379. 372. 383. 394.
  400. 396. 395. 400. 386. 412. 399. 408. 410. 414. 411. 416. 415. 417.
  416. 421. 416. 407. 398. 400. 399. 407. 405. 405. 407. 404.]
 [631. 723. 735. 745. 748. 747. 748. 748. 748. 749. 748. 748. 749. 749.
  749. 748. 749. 749. 748. 749. 750. 750. 750. 750. 750. 749. 749. 749.
  749. 749. 749. 700. 699. 699. 699. 699. 699. 699. 700. 700.]
 [200. 365. 444. 510. 539. 574. 603. 611. 616. 626. 631. 646. 643. 658.
  655. 655. 663. 666. 666. 674. 674. 674. 677. 678. 679. 681. 680. 685.
  685. 683. 688. 644. 641. 640. 641. 645. 641. 644. 643. 644.]
 [266. 423. 509. 529. 565. 583. 611. 613. 623. 636. 635. 643. 649. 646.
  652. 655. 662. 662. 671. 671. 669. 674. 668. 669. 677. 682. 679. 675.
  677. 678. 684. 635. 634. 637. 636. 639. 640. 641. 641. 644.]]
##############################
[[106. 184. 241. 278. 305. 311. 335. 356. 366. 376. 379. 372. 383. 394.
  400. 396. 395. 400. 386. 412. 399. 408. 410. 414. 411. 416. 415. 417.
  416. 421. 416. 431. 398. 400. 399. 407. 405. 405. 407. 404.]
 [631. 723. 735. 745. 748. 747. 748. 748. 748. 749. 748. 748. 749. 749.
  749. 748. 749. 749. 748. 749. 750. 750. 750. 750. 750. 749. 749. 749.
  749. 749. 749. 750. 699. 699. 699. 699. 699. 699. 700. 700.]
 [200. 365. 444. 510. 539. 574. 603. 611. 616. 626. 631. 646. 643. 658.
  655. 655. 663. 666. 666. 674. 674. 674. 677. 678. 679. 681. 680. 685.
  685. 683. 688. 689. 641. 640. 641. 645. 641. 644. 643. 644.]
 [266. 423. 509. 529. 565. 583. 611. 613. 623. 636. 635. 643. 649. 646.
  652. 655. 662. 662. 671. 671. 669. 674. 668. 669. 677. 682. 679. 675.
  677. 678. 684. 681. 634. 637. 636. 639. 640. 641. 641. 644.]]
##############################
[[106. 184. 241. 278. 305. 311. 335. 356. 366. 376. 379. 372. 383. 394.
  400. 396. 395. 400. 386. 412. 399. 408. 410. 414. 411. 416. 415. 417.
  416. 421. 416. 431. 422. 400. 399. 407. 405. 405. 407. 404.]
 [631. 723. 735. 745. 748. 747. 748. 748. 748. 749. 748. 748. 749. 749.
  749. 748. 749. 749. 748. 749. 750. 750. 750. 750. 750. 749. 749. 749.
  749. 749. 749. 750. 749. 699. 699. 699. 699. 699. 700. 700.]
 [200. 365. 444. 510. 539. 574. 603. 611. 616. 626. 631. 646. 643. 658.
  655. 655. 663. 666. 666. 674. 674. 674. 677. 678. 679. 681. 680. 685.
  685. 683. 688. 689. 685. 640. 641. 645. 641. 644. 643. 644.]
 [266. 423. 509. 529. 565. 583. 611. 613. 623. 636. 635. 643. 649. 646.
  652. 655. 662. 662. 671. 671. 669. 674. 668. 669. 677. 682. 679. 675.
  677. 678. 684. 681. 680. 637. 636. 639. 640. 641. 641. 644.]]
##############################
[[106. 184. 241. 278. 305. 311. 335. 356. 366. 376. 379. 372. 383. 394.
  400. 396. 395. 400. 386. 412. 399. 408. 410. 414. 411. 416. 415. 417.
  416. 421. 416. 431. 422. 423. 399. 407. 405. 405. 407. 404.]
 [631. 723. 735. 745. 748. 747. 748. 748. 748. 749. 748. 748. 749. 749.
  749. 748. 749. 749. 748. 749. 750. 750. 750. 750. 750. 749. 749. 749.
  749. 749. 749. 750. 749. 749. 699. 699. 699. 699. 700. 700.]
 [200. 365. 444. 510. 539. 574. 603. 611. 616. 626. 631. 646. 643. 658.
  655. 655. 663. 666. 666. 674. 674. 674. 677. 678. 679. 681. 680. 685.
  685. 683. 688. 689. 685. 685. 641. 645. 641. 644. 643. 644.]
 [266. 423. 509. 529. 565. 583. 611. 613. 623. 636. 635. 643. 649. 646.
  652. 655. 662. 662. 671. 671. 669. 674. 668. 669. 677. 682. 679. 675.
  677. 678. 684. 681. 680. 684. 636. 639. 640. 641. 641. 644.]]
##############################
[[106. 184. 241. 278. 305. 311. 335. 356. 366. 376. 379. 372. 383. 394.
  400. 396. 395. 400. 386. 412. 399. 408. 410. 414. 411. 416. 415. 417.
  416. 421. 416. 431. 422. 423. 423. 407. 405. 405. 407. 404.]
 [631. 723. 735. 745. 748. 747. 748. 748. 748. 749. 748. 748. 749. 749.
  749. 748. 749. 749. 748. 749. 750. 750. 750. 750. 750. 749. 749. 749.
  749. 749. 749. 750. 749. 749. 749. 699. 699. 699. 700. 700.]
 [200. 365. 444. 510. 539. 574. 603. 611. 616. 626. 631. 646. 643. 658.
  655. 655. 663. 666. 666. 674. 674. 674. 677. 678. 679. 681. 680. 685.
  685. 683. 688. 689. 685. 685. 687. 645. 641. 644. 643. 644.]
 [266. 423. 509. 529. 565. 583. 611. 613. 623. 636. 635. 643. 649. 646.
  652. 655. 662. 662. 671. 671. 669. 674. 668. 669. 677. 682. 679. 675.
  677. 678. 684. 681. 680. 684. 683. 639. 640. 641. 641. 644.]]
##############################
[[106. 184. 241. 278. 305. 311. 335. 356. 366. 376. 379. 372. 383. 394.
  400. 396. 395. 400. 386. 412. 399. 408. 410. 414. 411. 416. 415. 417.
  416. 421. 416. 431. 422. 423. 423. 434. 405. 405. 407. 404.]
 [631. 723. 735. 745. 748. 747. 748. 748. 748. 749. 748. 748. 749. 749.
  749. 748. 749. 749. 748. 749. 750. 750. 750. 750. 750. 749. 749. 749.
  749. 749. 749. 750. 749. 749. 749. 749. 699. 699. 700. 700.]
 [200. 365. 444. 510. 539. 574. 603. 611. 616. 626. 631. 646. 643. 658.
  655. 655. 663. 666. 666. 674. 674. 674. 677. 678. 679. 681. 680. 685.
  685. 683. 688. 689. 685. 685. 687. 691. 641. 644. 643. 644.]
 [266. 423. 509. 529. 565. 583. 611. 613. 623. 636. 635. 643. 649. 646.
  652. 655. 662. 662. 671. 671. 669. 674. 668. 669. 677. 682. 679. 675.
  677. 678. 684. 681. 680. 684. 683. 684. 640. 641. 641. 644.]]
##############################
[[106. 184. 241. 278. 305. 311. 335. 356. 366. 376. 379. 372. 383. 394.
  400. 396. 395. 400. 386. 412. 399. 408. 410. 414. 411. 416. 415. 417.
  416. 421. 416. 431. 422. 423. 423. 434. 430. 405. 407. 404.]
 [631. 723. 735. 745. 748. 747. 748. 748. 748. 749. 748. 748. 749. 749.
  749. 748. 749. 749. 748. 749. 750. 750. 750. 750. 750. 749. 749. 749.
  749. 749. 749. 750. 749. 749. 749. 749. 749. 699. 700. 700.]
 [200. 365. 444. 510. 539. 574. 603. 611. 616. 626. 631. 646. 643. 658.
  655. 655. 663. 666. 666. 674. 674. 674. 677. 678. 679. 681. 680. 685.
  685. 683. 688. 689. 685. 685. 687. 691. 687. 644. 643. 644.]
 [266. 423. 509. 529. 565. 583. 611. 613. 623. 636. 635. 643. 649. 646.
  652. 655. 662. 662. 671. 671. 669. 674. 668. 669. 677. 682. 679. 675.
  677. 678. 684. 681. 680. 684. 683. 684. 686. 641. 641. 644.]]
##############################
[[106. 184. 241. 278. 305. 311. 335. 356. 366. 376. 379. 372. 383. 394.
  400. 396. 395. 400. 386. 412. 399. 408. 410. 414. 411. 416. 415. 417.
  416. 421. 416. 431. 422. 423. 423. 434. 430. 428. 407. 404.]
 [631. 723. 735. 745. 748. 747. 748. 748. 748. 749. 748. 748. 749. 749.
  749. 748. 749. 749. 748. 749. 750. 750. 750. 750. 750. 749. 749. 749.
  749. 749. 749. 750. 749. 749. 749. 749. 749. 749. 700. 700.]
 [200. 365. 444. 510. 539. 574. 603. 611. 616. 626. 631. 646. 643. 658.
  655. 655. 663. 666. 666. 674. 674. 674. 677. 678. 679. 681. 680. 685.
  685. 683. 688. 689. 685. 685. 687. 691. 687. 688. 643. 644.]
 [266. 423. 509. 529. 565. 583. 611. 613. 623. 636. 635. 643. 649. 646.
  652. 655. 662. 662. 671. 671. 669. 674. 668. 669. 677. 682. 679. 675.
  677. 678. 684. 681. 680. 684. 683. 684. 686. 688. 641. 644.]]
##############################
[[106. 184. 241. 278. 305. 311. 335. 356. 366. 376. 379. 372. 383. 394.
  400. 396. 395. 400. 386. 412. 399. 408. 410. 414. 411. 416. 415. 417.
  416. 421. 416. 431. 422. 423. 423. 434. 430. 428. 430. 404.]
 [631. 723. 735. 745. 748. 747. 748. 748. 748. 749. 748. 748. 749. 749.
  749. 748. 749. 749. 748. 749. 750. 750. 750. 750. 750. 749. 749. 749.
  749. 749. 749. 750. 749. 749. 749. 749. 749. 749. 750. 700.]
 [200. 365. 444. 510. 539. 574. 603. 611. 616. 626. 631. 646. 643. 658.
  655. 655. 663. 666. 666. 674. 674. 674. 677. 678. 679. 681. 680. 685.
  685. 683. 688. 689. 685. 685. 687. 691. 687. 688. 688. 644.]
 [266. 423. 509. 529. 565. 583. 611. 613. 623. 636. 635. 643. 649. 646.
  652. 655. 662. 662. 671. 671. 669. 674. 668. 669. 677. 682. 679. 675.
  677. 678. 684. 681. 680. 684. 683. 684. 686. 688. 688. 644.]]
##############################
[[106. 184. 241. 278. 305. 311. 335. 356. 366. 376. 379. 372. 383. 394.
  400. 396. 395. 400. 386. 412. 399. 408. 410. 414. 411. 416. 415. 417.
  416. 421. 416. 431. 422. 423. 423. 434. 430. 428. 430. 428.]
 [631. 723. 735. 745. 748. 747. 748. 748. 748. 749. 748. 748. 749. 749.
  749. 748. 749. 749. 748. 749. 750. 750. 750. 750. 750. 749. 749. 749.
  749. 749. 749. 750. 749. 749. 749. 749. 749. 749. 750. 750.]
 [200. 365. 444. 510. 539. 574. 603. 611. 616. 626. 631. 646. 643. 658.
  655. 655. 663. 666. 666. 674. 674. 674. 677. 678. 679. 681. 680. 685.
  685. 683. 688. 689. 685. 685. 687. 691. 687. 688. 688. 690.]
 [266. 423. 509. 529. 565. 583. 611. 613. 623. 636. 635. 643. 649. 646.
  652. 655. 662. 662. 671. 671. 669. 674. 668. 669. 677. 682. 679. 675.
  677. 678. 684. 681. 680. 684. 683. 684. 686. 688. 688. 692.]]
##############################
##################################################
##################################################
starting :16 batch
[[116. 184. 241. 278. 305. 311. 335. 356. 366. 376. 379. 372. 383. 394.
  400. 396. 395. 400. 386. 412. 399. 408. 410. 414. 411. 416. 415. 417.
  416. 421. 416. 431. 422. 423. 423. 434. 430. 428. 430. 428.]
 [675. 723. 735. 745. 748. 747. 748. 748. 748. 749. 748. 748. 749. 749.
  749. 748. 749. 749. 748. 749. 750. 750. 750. 750. 750. 749. 749. 749.
  749. 749. 749. 750. 749. 749. 749. 749. 749. 749. 750. 750.]
 [218. 365. 444. 510. 539. 574. 603. 611. 616. 626. 631. 646. 643. 658.
  655. 655. 663. 666. 666. 674. 674. 674. 677. 678. 679. 681. 680. 685.
  685. 683. 688. 689. 685. 685. 687. 691. 687. 688. 688. 690.]
 [291. 423. 509. 529. 565. 583. 611. 613. 623. 636. 635. 643. 649. 646.
  652. 655. 662. 662. 671. 671. 669. 674. 668. 669. 677. 682. 679. 675.
  677. 678. 684. 681. 680. 684. 683. 684. 686. 688. 688. 692.]]
##############################
[[116. 200. 241. 278. 305. 311. 335. 356. 366. 376. 379. 372. 383. 394.
  400. 396. 395. 400. 386. 412. 399. 408. 410. 414. 411. 416. 415. 417.
  416. 421. 416. 431. 422. 423. 423. 434. 430. 428. 430. 428.]
 [675. 772. 735. 745. 748. 747. 748. 748. 748. 749. 748. 748. 749. 749.
  749. 748. 749. 749. 748. 749. 750. 750. 750. 750. 750. 749. 749. 749.
  749. 749. 749. 750. 749. 749. 749. 749. 749. 749. 750. 750.]
 [218. 397. 444. 510. 539. 574. 603. 611. 616. 626. 631. 646. 643. 658.
  655. 655. 663. 666. 666. 674. 674. 674. 677. 678. 679. 681. 680. 685.
  685. 683. 688. 689. 685. 685. 687. 691. 687. 688. 688. 690.]
 [291. 457. 509. 529. 565. 583. 611. 613. 623. 636. 635. 643. 649. 646.
  652. 655. 662. 662. 671. 671. 669. 674. 668. 669. 677. 682. 679. 675.
  677. 678. 684. 681. 680. 684. 683. 684. 686. 688. 688. 692.]]
##############################
[[116. 200. 257. 278. 305. 311. 335. 356. 366. 376. 379. 372. 383. 394.
  400. 396. 395. 400. 386. 412. 399. 408. 410. 414. 411. 416. 415. 417.
  416. 421. 416. 431. 422. 423. 423. 434. 430. 428. 430. 428.]
 [675. 772. 784. 745. 748. 747. 748. 748. 748. 749. 748. 748. 749. 749.
  749. 748. 749. 749. 748. 749. 750. 750. 750. 750. 750. 749. 749. 749.
  749. 749. 749. 750. 749. 749. 749. 749. 749. 749. 750. 750.]
 [218. 397. 481. 510. 539. 574. 603. 611. 616. 626. 631. 646. 643. 658.
  655. 655. 663. 666. 666. 674. 674. 674. 677. 678. 679. 681. 680. 685.
  685. 683. 688. 689. 685. 685. 687. 691. 687. 688. 688. 690.]
 [291. 457. 546. 529. 565. 583. 611. 613. 623. 636. 635. 643. 649. 646.
  652. 655. 662. 662. 671. 671. 669. 674. 668. 669. 677. 682. 679. 675.
  677. 678. 684. 681. 680. 684. 683. 684. 686. 688. 688. 692.]]
##############################
[[116. 200. 257. 297. 305. 311. 335. 356. 366. 376. 379. 372. 383. 394.
  400. 396. 395. 400. 386. 412. 399. 408. 410. 414. 411. 416. 415. 417.
  416. 421. 416. 431. 422. 423. 423. 434. 430. 428. 430. 428.]
 [675. 772. 784. 794. 748. 747. 748. 748. 748. 749. 748. 748. 749. 749.
  749. 748. 749. 749. 748. 749. 750. 750. 750. 750. 750. 749. 749. 749.
  749. 749. 749. 750. 749. 749. 749. 749. 749. 749. 750. 750.]
 [218. 397. 481. 548. 539. 574. 603. 611. 616. 626. 631. 646. 643. 658.
  655. 655. 663. 666. 666. 674. 674. 674. 677. 678. 679. 681. 680. 685.
  685. 683. 688. 689. 685. 685. 687. 691. 687. 688. 688. 690.]
 [291. 457. 546. 567. 565. 583. 611. 613. 623. 636. 635. 643. 649. 646.
  652. 655. 662. 662. 671. 671. 669. 674. 668. 669. 677. 682. 679. 675.
  677. 678. 684. 681. 680. 684. 683. 684. 686. 688. 688. 692.]]
##############################
[[116. 200. 257. 297. 328. 311. 335. 356. 366. 376. 379. 372. 383. 394.
  400. 396. 395. 400. 386. 412. 399. 408. 410. 414. 411. 416. 415. 417.
  416. 421. 416. 431. 422. 423. 423. 434. 430. 428. 430. 428.]
 [675. 772. 784. 794. 798. 747. 748. 748. 748. 749. 748. 748. 749. 749.
  749. 748. 749. 749. 748. 749. 750. 750. 750. 750. 750. 749. 749. 749.
  749. 749. 749. 750. 749. 749. 749. 749. 749. 749. 750. 750.]
 [218. 397. 481. 548. 580. 574. 603. 611. 616. 626. 631. 646. 643. 658.
  655. 655. 663. 666. 666. 674. 674. 674. 677. 678. 679. 681. 680. 685.
  685. 683. 688. 689. 685. 685. 687. 691. 687. 688. 688. 690.]
 [291. 457. 546. 567. 602. 583. 611. 613. 623. 636. 635. 643. 649. 646.
  652. 655. 662. 662. 671. 671. 669. 674. 668. 669. 677. 682. 679. 675.
  677. 678. 684. 681. 680. 684. 683. 684. 686. 688. 688. 692.]]
##############################
[[116. 200. 257. 297. 328. 334. 335. 356. 366. 376. 379. 372. 383. 394.
  400. 396. 395. 400. 386. 412. 399. 408. 410. 414. 411. 416. 415. 417.
  416. 421. 416. 431. 422. 423. 423. 434. 430. 428. 430. 428.]
 [675. 772. 784. 794. 798. 797. 748. 748. 748. 749. 748. 748. 749. 749.
  749. 748. 749. 749. 748. 749. 750. 750. 750. 750. 750. 749. 749. 749.
  749. 749. 749. 750. 749. 749. 749. 749. 749. 749. 750. 750.]
 [218. 397. 481. 548. 580. 616. 603. 611. 616. 626. 631. 646. 643. 658.
  655. 655. 663. 666. 666. 674. 674. 674. 677. 678. 679. 681. 680. 685.
  685. 683. 688. 689. 685. 685. 687. 691. 687. 688. 688. 690.]
 [291. 457. 546. 567. 602. 621. 611. 613. 623. 636. 635. 643. 649. 646.
  652. 655. 662. 662. 671. 671. 669. 674. 668. 669. 677. 682. 679. 675.
  677. 678. 684. 681. 680. 684. 683. 684. 686. 688. 688. 692.]]
##############################
[[116. 200. 257. 297. 328. 334. 361. 356. 366. 376. 379. 372. 383. 394.
  400. 396. 395. 400. 386. 412. 399. 408. 410. 414. 411. 416. 415. 417.
  416. 421. 416. 431. 422. 423. 423. 434. 430. 428. 430. 428.]
 [675. 772. 784. 794. 798. 797. 798. 748. 748. 749. 748. 748. 749. 749.
  749. 748. 749. 749. 748. 749. 750. 750. 750. 750. 750. 749. 749. 749.
  749. 749. 749. 750. 749. 749. 749. 749. 749. 749. 750. 750.]
 [218. 397. 481. 548. 580. 616. 644. 611. 616. 626. 631. 646. 643. 658.
  655. 655. 663. 666. 666. 674. 674. 674. 677. 678. 679. 681. 680. 685.
  685. 683. 688. 689. 685. 685. 687. 691. 687. 688. 688. 690.]
 [291. 457. 546. 567. 602. 621. 651. 613. 623. 636. 635. 643. 649. 646.
  652. 655. 662. 662. 671. 671. 669. 674. 668. 669. 677. 682. 679. 675.
  677. 678. 684. 681. 680. 684. 683. 684. 686. 688. 688. 692.]]
##############################
[[116. 200. 257. 297. 328. 334. 361. 381. 366. 376. 379. 372. 383. 394.
  400. 396. 395. 400. 386. 412. 399. 408. 410. 414. 411. 416. 415. 417.
  416. 421. 416. 431. 422. 423. 423. 434. 430. 428. 430. 428.]
 [675. 772. 784. 794. 798. 797. 798. 798. 748. 749. 748. 748. 749. 749.
  749. 748. 749. 749. 748. 749. 750. 750. 750. 750. 750. 749. 749. 749.
  749. 749. 749. 750. 749. 749. 749. 749. 749. 749. 750. 750.]
 [218. 397. 481. 548. 580. 616. 644. 654. 616. 626. 631. 646. 643. 658.
  655. 655. 663. 666. 666. 674. 674. 674. 677. 678. 679. 681. 680. 685.
  685. 683. 688. 689. 685. 685. 687. 691. 687. 688. 688. 690.]
 [291. 457. 546. 567. 602. 621. 651. 654. 623. 636. 635. 643. 649. 646.
  652. 655. 662. 662. 671. 671. 669. 674. 668. 669. 677. 682. 679. 675.
  677. 678. 684. 681. 680. 684. 683. 684. 686. 688. 688. 692.]]
##############################
[[116. 200. 257. 297. 328. 334. 361. 381. 393. 376. 379. 372. 383. 394.
  400. 396. 395. 400. 386. 412. 399. 408. 410. 414. 411. 416. 415. 417.
  416. 421. 416. 431. 422. 423. 423. 434. 430. 428. 430. 428.]
 [675. 772. 784. 794. 798. 797. 798. 798. 798. 749. 748. 748. 749. 749.
  749. 748. 749. 749. 748. 749. 750. 750. 750. 750. 750. 749. 749. 749.
  749. 749. 749. 750. 749. 749. 749. 749. 749. 749. 750. 750.]
 [218. 397. 481. 548. 580. 616. 644. 654. 659. 626. 631. 646. 643. 658.
  655. 655. 663. 666. 666. 674. 674. 674. 677. 678. 679. 681. 680. 685.
  685. 683. 688. 689. 685. 685. 687. 691. 687. 688. 688. 690.]
 [291. 457. 546. 567. 602. 621. 651. 654. 665. 636. 635. 643. 649. 646.
  652. 655. 662. 662. 671. 671. 669. 674. 668. 669. 677. 682. 679. 675.
  677. 678. 684. 681. 680. 684. 683. 684. 686. 688. 688. 692.]]
##############################
[[116. 200. 257. 297. 328. 334. 361. 381. 393. 405. 379. 372. 383. 394.
  400. 396. 395. 400. 386. 412. 399. 408. 410. 414. 411. 416. 415. 417.
  416. 421. 416. 431. 422. 423. 423. 434. 430. 428. 430. 428.]
 [675. 772. 784. 794. 798. 797. 798. 798. 798. 799. 748. 748. 749. 749.
  749. 748. 749. 749. 748. 749. 750. 750. 750. 750. 750. 749. 749. 749.
  749. 749. 749. 750. 749. 749. 749. 749. 749. 749. 750. 750.]
 [218. 397. 481. 548. 580. 616. 644. 654. 659. 671. 631. 646. 643. 658.
  655. 655. 663. 666. 666. 674. 674. 674. 677. 678. 679. 681. 680. 685.
  685. 683. 688. 689. 685. 685. 687. 691. 687. 688. 688. 690.]
 [291. 457. 546. 567. 602. 621. 651. 654. 665. 676. 635. 643. 649. 646.
  652. 655. 662. 662. 671. 671. 669. 674. 668. 669. 677. 682. 679. 675.
  677. 678. 684. 681. 680. 684. 683. 684. 686. 688. 688. 692.]]
##############################
[[116. 200. 257. 297. 328. 334. 361. 381. 393. 405. 404. 372. 383. 394.
  400. 396. 395. 400. 386. 412. 399. 408. 410. 414. 411. 416. 415. 417.
  416. 421. 416. 431. 422. 423. 423. 434. 430. 428. 430. 428.]
 [675. 772. 784. 794. 798. 797. 798. 798. 798. 799. 798. 748. 749. 749.
  749. 748. 749. 749. 748. 749. 750. 750. 750. 750. 750. 749. 749. 749.
  749. 749. 749. 750. 749. 749. 749. 749. 749. 749. 750. 750.]
 [218. 397. 481. 548. 580. 616. 644. 654. 659. 671. 675. 646. 643. 658.
  655. 655. 663. 666. 666. 674. 674. 674. 677. 678. 679. 681. 680. 685.
  685. 683. 688. 689. 685. 685. 687. 691. 687. 688. 688. 690.]
 [291. 457. 546. 567. 602. 621. 651. 654. 665. 676. 676. 643. 649. 646.
  652. 655. 662. 662. 671. 671. 669. 674. 668. 669. 677. 682. 679. 675.
  677. 678. 684. 681. 680. 684. 683. 684. 686. 688. 688. 692.]]
##############################
[[116. 200. 257. 297. 328. 334. 361. 381. 393. 405. 404. 399. 383. 394.
  400. 396. 395. 400. 386. 412. 399. 408. 410. 414. 411. 416. 415. 417.
  416. 421. 416. 431. 422. 423. 423. 434. 430. 428. 430. 428.]
 [675. 772. 784. 794. 798. 797. 798. 798. 798. 799. 798. 798. 749. 749.
  749. 748. 749. 749. 748. 749. 750. 750. 750. 750. 750. 749. 749. 749.
  749. 749. 749. 750. 749. 749. 749. 749. 749. 749. 750. 750.]
 [218. 397. 481. 548. 580. 616. 644. 654. 659. 671. 675. 691. 643. 658.
  655. 655. 663. 666. 666. 674. 674. 674. 677. 678. 679. 681. 680. 685.
  685. 683. 688. 689. 685. 685. 687. 691. 687. 688. 688. 690.]
 [291. 457. 546. 567. 602. 621. 651. 654. 665. 676. 676. 683. 649. 646.
  652. 655. 662. 662. 671. 671. 669. 674. 668. 669. 677. 682. 679. 675.
  677. 678. 684. 681. 680. 684. 683. 684. 686. 688. 688. 692.]]
##############################
[[116. 200. 257. 297. 328. 334. 361. 381. 393. 405. 404. 399. 411. 394.
  400. 396. 395. 400. 386. 412. 399. 408. 410. 414. 411. 416. 415. 417.
  416. 421. 416. 431. 422. 423. 423. 434. 430. 428. 430. 428.]
 [675. 772. 784. 794. 798. 797. 798. 798. 798. 799. 798. 798. 799. 749.
  749. 748. 749. 749. 748. 749. 750. 750. 750. 750. 750. 749. 749. 749.
  749. 749. 749. 750. 749. 749. 749. 749. 749. 749. 750. 750.]
 [218. 397. 481. 548. 580. 616. 644. 654. 659. 671. 675. 691. 688. 658.
  655. 655. 663. 666. 666. 674. 674. 674. 677. 678. 679. 681. 680. 685.
  685. 683. 688. 689. 685. 685. 687. 691. 687. 688. 688. 690.]
 [291. 457. 546. 567. 602. 621. 651. 654. 665. 676. 676. 683. 690. 646.
  652. 655. 662. 662. 671. 671. 669. 674. 668. 669. 677. 682. 679. 675.
  677. 678. 684. 681. 680. 684. 683. 684. 686. 688. 688. 692.]]
##############################
[[116. 200. 257. 297. 328. 334. 361. 381. 393. 405. 404. 399. 411. 423.
  400. 396. 395. 400. 386. 412. 399. 408. 410. 414. 411. 416. 415. 417.
  416. 421. 416. 431. 422. 423. 423. 434. 430. 428. 430. 428.]
 [675. 772. 784. 794. 798. 797. 798. 798. 798. 799. 798. 798. 799. 799.
  749. 748. 749. 749. 748. 749. 750. 750. 750. 750. 750. 749. 749. 749.
  749. 749. 749. 750. 749. 749. 749. 749. 749. 749. 750. 750.]
 [218. 397. 481. 548. 580. 616. 644. 654. 659. 671. 675. 691. 688. 704.
  655. 655. 663. 666. 666. 674. 674. 674. 677. 678. 679. 681. 680. 685.
  685. 683. 688. 689. 685. 685. 687. 691. 687. 688. 688. 690.]
 [291. 457. 546. 567. 602. 621. 651. 654. 665. 676. 676. 683. 690. 688.
  652. 655. 662. 662. 671. 671. 669. 674. 668. 669. 677. 682. 679. 675.
  677. 678. 684. 681. 680. 684. 683. 684. 686. 688. 688. 692.]]
##############################
[[116. 200. 257. 297. 328. 334. 361. 381. 393. 405. 404. 399. 411. 423.
  429. 396. 395. 400. 386. 412. 399. 408. 410. 414. 411. 416. 415. 417.
  416. 421. 416. 431. 422. 423. 423. 434. 430. 428. 430. 428.]
 [675. 772. 784. 794. 798. 797. 798. 798. 798. 799. 798. 798. 799. 799.
  799. 748. 749. 749. 748. 749. 750. 750. 750. 750. 750. 749. 749. 749.
  749. 749. 749. 750. 749. 749. 749. 749. 749. 749. 750. 750.]
 [218. 397. 481. 548. 580. 616. 644. 654. 659. 671. 675. 691. 688. 704.
  700. 655. 663. 666. 666. 674. 674. 674. 677. 678. 679. 681. 680. 685.
  685. 683. 688. 689. 685. 685. 687. 691. 687. 688. 688. 690.]
 [291. 457. 546. 567. 602. 621. 651. 654. 665. 676. 676. 683. 690. 688.
  693. 655. 662. 662. 671. 671. 669. 674. 668. 669. 677. 682. 679. 675.
  677. 678. 684. 681. 680. 684. 683. 684. 686. 688. 688. 692.]]
##############################
[[116. 200. 257. 297. 328. 334. 361. 381. 393. 405. 404. 399. 411. 423.
  429. 423. 395. 400. 386. 412. 399. 408. 410. 414. 411. 416. 415. 417.
  416. 421. 416. 431. 422. 423. 423. 434. 430. 428. 430. 428.]
 [675. 772. 784. 794. 798. 797. 798. 798. 798. 799. 798. 798. 799. 799.
  799. 798. 749. 749. 748. 749. 750. 750. 750. 750. 750. 749. 749. 749.
  749. 749. 749. 750. 749. 749. 749. 749. 749. 749. 750. 750.]
 [218. 397. 481. 548. 580. 616. 644. 654. 659. 671. 675. 691. 688. 704.
  700. 700. 663. 666. 666. 674. 674. 674. 677. 678. 679. 681. 680. 685.
  685. 683. 688. 689. 685. 685. 687. 691. 687. 688. 688. 690.]
 [291. 457. 546. 567. 602. 621. 651. 654. 665. 676. 676. 683. 690. 688.
  693. 698. 662. 662. 671. 671. 669. 674. 668. 669. 677. 682. 679. 675.
  677. 678. 684. 681. 680. 684. 683. 684. 686. 688. 688. 692.]]
##############################
[[116. 200. 257. 297. 328. 334. 361. 381. 393. 405. 404. 399. 411. 423.
  429. 423. 423. 400. 386. 412. 399. 408. 410. 414. 411. 416. 415. 417.
  416. 421. 416. 431. 422. 423. 423. 434. 430. 428. 430. 428.]
 [675. 772. 784. 794. 798. 797. 798. 798. 798. 799. 798. 798. 799. 799.
  799. 798. 799. 749. 748. 749. 750. 750. 750. 750. 750. 749. 749. 749.
  749. 749. 749. 750. 749. 749. 749. 749. 749. 749. 750. 750.]
 [218. 397. 481. 548. 580. 616. 644. 654. 659. 671. 675. 691. 688. 704.
  700. 700. 708. 666. 666. 674. 674. 674. 677. 678. 679. 681. 680. 685.
  685. 683. 688. 689. 685. 685. 687. 691. 687. 688. 688. 690.]
 [291. 457. 546. 567. 602. 621. 651. 654. 665. 676. 676. 683. 690. 688.
  693. 698. 704. 662. 671. 671. 669. 674. 668. 669. 677. 682. 679. 675.
  677. 678. 684. 681. 680. 684. 683. 684. 686. 688. 688. 692.]]
##############################
[[116. 200. 257. 297. 328. 334. 361. 381. 393. 405. 404. 399. 411. 423.
  429. 423. 423. 431. 386. 412. 399. 408. 410. 414. 411. 416. 415. 417.
  416. 421. 416. 431. 422. 423. 423. 434. 430. 428. 430. 428.]
 [675. 772. 784. 794. 798. 797. 798. 798. 798. 799. 798. 798. 799. 799.
  799. 798. 799. 799. 748. 749. 750. 750. 750. 750. 750. 749. 749. 749.
  749. 749. 749. 750. 749. 749. 749. 749. 749. 749. 750. 750.]
 [218. 397. 481. 548. 580. 616. 644. 654. 659. 671. 675. 691. 688. 704.
  700. 700. 708. 711. 666. 674. 674. 674. 677. 678. 679. 681. 680. 685.
  685. 683. 688. 689. 685. 685. 687. 691. 687. 688. 688. 690.]
 [291. 457. 546. 567. 602. 621. 651. 654. 665. 676. 676. 683. 690. 688.
  693. 698. 704. 704. 671. 671. 669. 674. 668. 669. 677. 682. 679. 675.
  677. 678. 684. 681. 680. 684. 683. 684. 686. 688. 688. 692.]]
##############################
[[116. 200. 257. 297. 328. 334. 361. 381. 393. 405. 404. 399. 411. 423.
  429. 423. 423. 431. 415. 412. 399. 408. 410. 414. 411. 416. 415. 417.
  416. 421. 416. 431. 422. 423. 423. 434. 430. 428. 430. 428.]
 [675. 772. 784. 794. 798. 797. 798. 798. 798. 799. 798. 798. 799. 799.
  799. 798. 799. 799. 798. 749. 750. 750. 750. 750. 750. 749. 749. 749.
  749. 749. 749. 750. 749. 749. 749. 749. 749. 749. 750. 750.]
 [218. 397. 481. 548. 580. 616. 644. 654. 659. 671. 675. 691. 688. 704.
  700. 700. 708. 711. 711. 674. 674. 674. 677. 678. 679. 681. 680. 685.
  685. 683. 688. 689. 685. 685. 687. 691. 687. 688. 688. 690.]
 [291. 457. 546. 567. 602. 621. 651. 654. 665. 676. 676. 683. 690. 688.
  693. 698. 704. 704. 714. 671. 669. 674. 668. 669. 677. 682. 679. 675.
  677. 678. 684. 681. 680. 684. 683. 684. 686. 688. 688. 692.]]
##############################
[[116. 200. 257. 297. 328. 334. 361. 381. 393. 405. 404. 399. 411. 423.
  429. 423. 423. 431. 415. 440. 399. 408. 410. 414. 411. 416. 415. 417.
  416. 421. 416. 431. 422. 423. 423. 434. 430. 428. 430. 428.]
 [675. 772. 784. 794. 798. 797. 798. 798. 798. 799. 798. 798. 799. 799.
  799. 798. 799. 799. 798. 799. 750. 750. 750. 750. 750. 749. 749. 749.
  749. 749. 749. 750. 749. 749. 749. 749. 749. 749. 750. 750.]
 [218. 397. 481. 548. 580. 616. 644. 654. 659. 671. 675. 691. 688. 704.
  700. 700. 708. 711. 711. 718. 674. 674. 677. 678. 679. 681. 680. 685.
  685. 683. 688. 689. 685. 685. 687. 691. 687. 688. 688. 690.]
 [291. 457. 546. 567. 602. 621. 651. 654. 665. 676. 676. 683. 690. 688.
  693. 698. 704. 704. 714. 714. 669. 674. 668. 669. 677. 682. 679. 675.
  677. 678. 684. 681. 680. 684. 683. 684. 686. 688. 688. 692.]]
##############################
[[116. 200. 257. 297. 328. 334. 361. 381. 393. 405. 404. 399. 411. 423.
  429. 423. 423. 431. 415. 440. 424. 408. 410. 414. 411. 416. 415. 417.
  416. 421. 416. 431. 422. 423. 423. 434. 430. 428. 430. 428.]
 [675. 772. 784. 794. 798. 797. 798. 798. 798. 799. 798. 798. 799. 799.
  799. 798. 799. 799. 798. 799. 800. 750. 750. 750. 750. 749. 749. 749.
  749. 749. 749. 750. 749. 749. 749. 749. 749. 749. 750. 750.]
 [218. 397. 481. 548. 580. 616. 644. 654. 659. 671. 675. 691. 688. 704.
  700. 700. 708. 711. 711. 718. 718. 674. 677. 678. 679. 681. 680. 685.
  685. 683. 688. 689. 685. 685. 687. 691. 687. 688. 688. 690.]
 [291. 457. 546. 567. 602. 621. 651. 654. 665. 676. 676. 683. 690. 688.
  693. 698. 704. 704. 714. 714. 712. 674. 668. 669. 677. 682. 679. 675.
  677. 678. 684. 681. 680. 684. 683. 684. 686. 688. 688. 692.]]
##############################
[[116. 200. 257. 297. 328. 334. 361. 381. 393. 405. 404. 399. 411. 423.
  429. 423. 423. 431. 415. 440. 424. 438. 410. 414. 411. 416. 415. 417.
  416. 421. 416. 431. 422. 423. 423. 434. 430. 428. 430. 428.]
 [675. 772. 784. 794. 798. 797. 798. 798. 798. 799. 798. 798. 799. 799.
  799. 798. 799. 799. 798. 799. 800. 800. 750. 750. 750. 749. 749. 749.
  749. 749. 749. 750. 749. 749. 749. 749. 749. 749. 750. 750.]
 [218. 397. 481. 548. 580. 616. 644. 654. 659. 671. 675. 691. 688. 704.
  700. 700. 708. 711. 711. 718. 718. 719. 677. 678. 679. 681. 680. 685.
  685. 683. 688. 689. 685. 685. 687. 691. 687. 688. 688. 690.]
 [291. 457. 546. 567. 602. 621. 651. 654. 665. 676. 676. 683. 690. 688.
  693. 698. 704. 704. 714. 714. 712. 717. 668. 669. 677. 682. 679. 675.
  677. 678. 684. 681. 680. 684. 683. 684. 686. 688. 688. 692.]]
##############################
[[116. 200. 257. 297. 328. 334. 361. 381. 393. 405. 404. 399. 411. 423.
  429. 423. 423. 431. 415. 440. 424. 438. 440. 414. 411. 416. 415. 417.
  416. 421. 416. 431. 422. 423. 423. 434. 430. 428. 430. 428.]
 [675. 772. 784. 794. 798. 797. 798. 798. 798. 799. 798. 798. 799. 799.
  799. 798. 799. 799. 798. 799. 800. 800. 800. 750. 750. 749. 749. 749.
  749. 749. 749. 750. 749. 749. 749. 749. 749. 749. 750. 750.]
 [218. 397. 481. 548. 580. 616. 644. 654. 659. 671. 675. 691. 688. 704.
  700. 700. 708. 711. 711. 718. 718. 719. 723. 678. 679. 681. 680. 685.
  685. 683. 688. 689. 685. 685. 687. 691. 687. 688. 688. 690.]
 [291. 457. 546. 567. 602. 621. 651. 654. 665. 676. 676. 683. 690. 688.
  693. 698. 704. 704. 714. 714. 712. 717. 711. 669. 677. 682. 679. 675.
  677. 678. 684. 681. 680. 684. 683. 684. 686. 688. 688. 692.]]
##############################
[[116. 200. 257. 297. 328. 334. 361. 381. 393. 405. 404. 399. 411. 423.
  429. 423. 423. 431. 415. 440. 424. 438. 440. 441. 411. 416. 415. 417.
  416. 421. 416. 431. 422. 423. 423. 434. 430. 428. 430. 428.]
 [675. 772. 784. 794. 798. 797. 798. 798. 798. 799. 798. 798. 799. 799.
  799. 798. 799. 799. 798. 799. 800. 800. 800. 800. 750. 749. 749. 749.
  749. 749. 749. 750. 749. 749. 749. 749. 749. 749. 750. 750.]
 [218. 397. 481. 548. 580. 616. 644. 654. 659. 671. 675. 691. 688. 704.
  700. 700. 708. 711. 711. 718. 718. 719. 723. 722. 679. 681. 680. 685.
  685. 683. 688. 689. 685. 685. 687. 691. 687. 688. 688. 690.]
 [291. 457. 546. 567. 602. 621. 651. 654. 665. 676. 676. 683. 690. 688.
  693. 698. 704. 704. 714. 714. 712. 717. 711. 712. 677. 682. 679. 675.
  677. 678. 684. 681. 680. 684. 683. 684. 686. 688. 688. 692.]]
##############################
[[116. 200. 257. 297. 328. 334. 361. 381. 393. 405. 404. 399. 411. 423.
  429. 423. 423. 431. 415. 440. 424. 438. 440. 441. 440. 416. 415. 417.
  416. 421. 416. 431. 422. 423. 423. 434. 430. 428. 430. 428.]
 [675. 772. 784. 794. 798. 797. 798. 798. 798. 799. 798. 798. 799. 799.
  799. 798. 799. 799. 798. 799. 800. 800. 800. 800. 800. 749. 749. 749.
  749. 749. 749. 750. 749. 749. 749. 749. 749. 749. 750. 750.]
 [218. 397. 481. 548. 580. 616. 644. 654. 659. 671. 675. 691. 688. 704.
  700. 700. 708. 711. 711. 718. 718. 719. 723. 722. 724. 681. 680. 685.
  685. 683. 688. 689. 685. 685. 687. 691. 687. 688. 688. 690.]
 [291. 457. 546. 567. 602. 621. 651. 654. 665. 676. 676. 683. 690. 688.
  693. 698. 704. 704. 714. 714. 712. 717. 711. 712. 720. 682. 679. 675.
  677. 678. 684. 681. 680. 684. 683. 684. 686. 688. 688. 692.]]
##############################
[[116. 200. 257. 297. 328. 334. 361. 381. 393. 405. 404. 399. 411. 423.
  429. 423. 423. 431. 415. 440. 424. 438. 440. 441. 440. 448. 415. 417.
  416. 421. 416. 431. 422. 423. 423. 434. 430. 428. 430. 428.]
 [675. 772. 784. 794. 798. 797. 798. 798. 798. 799. 798. 798. 799. 799.
  799. 798. 799. 799. 798. 799. 800. 800. 800. 800. 800. 799. 749. 749.
  749. 749. 749. 750. 749. 749. 749. 749. 749. 749. 750. 750.]
 [218. 397. 481. 548. 580. 616. 644. 654. 659. 671. 675. 691. 688. 704.
  700. 700. 708. 711. 711. 718. 718. 719. 723. 722. 724. 726. 680. 685.
  685. 683. 688. 689. 685. 685. 687. 691. 687. 688. 688. 690.]
 [291. 457. 546. 567. 602. 621. 651. 654. 665. 676. 676. 683. 690. 688.
  693. 698. 704. 704. 714. 714. 712. 717. 711. 712. 720. 726. 679. 675.
  677. 678. 684. 681. 680. 684. 683. 684. 686. 688. 688. 692.]]
##############################
[[116. 200. 257. 297. 328. 334. 361. 381. 393. 405. 404. 399. 411. 423.
  429. 423. 423. 431. 415. 440. 424. 438. 440. 441. 440. 448. 444. 417.
  416. 421. 416. 431. 422. 423. 423. 434. 430. 428. 430. 428.]
 [675. 772. 784. 794. 798. 797. 798. 798. 798. 799. 798. 798. 799. 799.
  799. 798. 799. 799. 798. 799. 800. 800. 800. 800. 800. 799. 799. 749.
  749. 749. 749. 750. 749. 749. 749. 749. 749. 749. 750. 750.]
 [218. 397. 481. 548. 580. 616. 644. 654. 659. 671. 675. 691. 688. 704.
  700. 700. 708. 711. 711. 718. 718. 719. 723. 722. 724. 726. 725. 685.
  685. 683. 688. 689. 685. 685. 687. 691. 687. 688. 688. 690.]
 [291. 457. 546. 567. 602. 621. 651. 654. 665. 676. 676. 683. 690. 688.
  693. 698. 704. 704. 714. 714. 712. 717. 711. 712. 720. 726. 722. 675.
  677. 678. 684. 681. 680. 684. 683. 684. 686. 688. 688. 692.]]
##############################
[[116. 200. 257. 297. 328. 334. 361. 381. 393. 405. 404. 399. 411. 423.
  429. 423. 423. 431. 415. 440. 424. 438. 440. 441. 440. 448. 444. 446.
  416. 421. 416. 431. 422. 423. 423. 434. 430. 428. 430. 428.]
 [675. 772. 784. 794. 798. 797. 798. 798. 798. 799. 798. 798. 799. 799.
  799. 798. 799. 799. 798. 799. 800. 800. 800. 800. 800. 799. 799. 799.
  749. 749. 749. 750. 749. 749. 749. 749. 749. 749. 750. 750.]
 [218. 397. 481. 548. 580. 616. 644. 654. 659. 671. 675. 691. 688. 704.
  700. 700. 708. 711. 711. 718. 718. 719. 723. 722. 724. 726. 725. 731.
  685. 683. 688. 689. 685. 685. 687. 691. 687. 688. 688. 690.]
 [291. 457. 546. 567. 602. 621. 651. 654. 665. 676. 676. 683. 690. 688.
  693. 698. 704. 704. 714. 714. 712. 717. 711. 712. 720. 726. 722. 718.
  677. 678. 684. 681. 680. 684. 683. 684. 686. 688. 688. 692.]]
##############################
[[116. 200. 257. 297. 328. 334. 361. 381. 393. 405. 404. 399. 411. 423.
  429. 423. 423. 431. 415. 440. 424. 438. 440. 441. 440. 448. 444. 446.
  449. 421. 416. 431. 422. 423. 423. 434. 430. 428. 430. 428.]
 [675. 772. 784. 794. 798. 797. 798. 798. 798. 799. 798. 798. 799. 799.
  799. 798. 799. 799. 798. 799. 800. 800. 800. 800. 800. 799. 799. 799.
  799. 749. 749. 750. 749. 749. 749. 749. 749. 749. 750. 750.]
 [218. 397. 481. 548. 580. 616. 644. 654. 659. 671. 675. 691. 688. 704.
  700. 700. 708. 711. 711. 718. 718. 719. 723. 722. 724. 726. 725. 731.
  732. 683. 688. 689. 685. 685. 687. 691. 687. 688. 688. 690.]
 [291. 457. 546. 567. 602. 621. 651. 654. 665. 676. 676. 683. 690. 688.
  693. 698. 704. 704. 714. 714. 712. 717. 711. 712. 720. 726. 722. 718.
  721. 678. 684. 681. 680. 684. 683. 684. 686. 688. 688. 692.]]
##############################
[[116. 200. 257. 297. 328. 334. 361. 381. 393. 405. 404. 399. 411. 423.
  429. 423. 423. 431. 415. 440. 424. 438. 440. 441. 440. 448. 444. 446.
  449. 450. 416. 431. 422. 423. 423. 434. 430. 428. 430. 428.]
 [675. 772. 784. 794. 798. 797. 798. 798. 798. 799. 798. 798. 799. 799.
  799. 798. 799. 799. 798. 799. 800. 800. 800. 800. 800. 799. 799. 799.
  799. 799. 749. 750. 749. 749. 749. 749. 749. 749. 750. 750.]
 [218. 397. 481. 548. 580. 616. 644. 654. 659. 671. 675. 691. 688. 704.
  700. 700. 708. 711. 711. 718. 718. 719. 723. 722. 724. 726. 725. 731.
  732. 728. 688. 689. 685. 685. 687. 691. 687. 688. 688. 690.]
 [291. 457. 546. 567. 602. 621. 651. 654. 665. 676. 676. 683. 690. 688.
  693. 698. 704. 704. 714. 714. 712. 717. 711. 712. 720. 726. 722. 718.
  721. 721. 684. 681. 680. 684. 683. 684. 686. 688. 688. 692.]]
##############################
[[116. 200. 257. 297. 328. 334. 361. 381. 393. 405. 404. 399. 411. 423.
  429. 423. 423. 431. 415. 440. 424. 438. 440. 441. 440. 448. 444. 446.
  449. 450. 443. 431. 422. 423. 423. 434. 430. 428. 430. 428.]
 [675. 772. 784. 794. 798. 797. 798. 798. 798. 799. 798. 798. 799. 799.
  799. 798. 799. 799. 798. 799. 800. 800. 800. 800. 800. 799. 799. 799.
  799. 799. 799. 750. 749. 749. 749. 749. 749. 749. 750. 750.]
 [218. 397. 481. 548. 580. 616. 644. 654. 659. 671. 675. 691. 688. 704.
  700. 700. 708. 711. 711. 718. 718. 719. 723. 722. 724. 726. 725. 731.
  732. 728. 734. 689. 685. 685. 687. 691. 687. 688. 688. 690.]
 [291. 457. 546. 567. 602. 621. 651. 654. 665. 676. 676. 683. 690. 688.
  693. 698. 704. 704. 714. 714. 712. 717. 711. 712. 720. 726. 722. 718.
  721. 721. 727. 681. 680. 684. 683. 684. 686. 688. 688. 692.]]
##############################
[[116. 200. 257. 297. 328. 334. 361. 381. 393. 405. 404. 399. 411. 423.
  429. 423. 423. 431. 415. 440. 424. 438. 440. 441. 440. 448. 444. 446.
  449. 450. 443. 462. 422. 423. 423. 434. 430. 428. 430. 428.]
 [675. 772. 784. 794. 798. 797. 798. 798. 798. 799. 798. 798. 799. 799.
  799. 798. 799. 799. 798. 799. 800. 800. 800. 800. 800. 799. 799. 799.
  799. 799. 799. 800. 749. 749. 749. 749. 749. 749. 750. 750.]
 [218. 397. 481. 548. 580. 616. 644. 654. 659. 671. 675. 691. 688. 704.
  700. 700. 708. 711. 711. 718. 718. 719. 723. 722. 724. 726. 725. 731.
  732. 728. 734. 735. 685. 685. 687. 691. 687. 688. 688. 690.]
 [291. 457. 546. 567. 602. 621. 651. 654. 665. 676. 676. 683. 690. 688.
  693. 698. 704. 704. 714. 714. 712. 717. 711. 712. 720. 726. 722. 718.
  721. 721. 727. 726. 680. 684. 683. 684. 686. 688. 688. 692.]]
##############################
[[116. 200. 257. 297. 328. 334. 361. 381. 393. 405. 404. 399. 411. 423.
  429. 423. 423. 431. 415. 440. 424. 438. 440. 441. 440. 448. 444. 446.
  449. 450. 443. 462. 450. 423. 423. 434. 430. 428. 430. 428.]
 [675. 772. 784. 794. 798. 797. 798. 798. 798. 799. 798. 798. 799. 799.
  799. 798. 799. 799. 798. 799. 800. 800. 800. 800. 800. 799. 799. 799.
  799. 799. 799. 800. 799. 749. 749. 749. 749. 749. 750. 750.]
 [218. 397. 481. 548. 580. 616. 644. 654. 659. 671. 675. 691. 688. 704.
  700. 700. 708. 711. 711. 718. 718. 719. 723. 722. 724. 726. 725. 731.
  732. 728. 734. 735. 730. 685. 687. 691. 687. 688. 688. 690.]
 [291. 457. 546. 567. 602. 621. 651. 654. 665. 676. 676. 683. 690. 688.
  693. 698. 704. 704. 714. 714. 712. 717. 711. 712. 720. 726. 722. 718.
  721. 721. 727. 726. 726. 684. 683. 684. 686. 688. 688. 692.]]
##############################
[[116. 200. 257. 297. 328. 334. 361. 381. 393. 405. 404. 399. 411. 423.
  429. 423. 423. 431. 415. 440. 424. 438. 440. 441. 440. 448. 444. 446.
  449. 450. 443. 462. 450. 452. 423. 434. 430. 428. 430. 428.]
 [675. 772. 784. 794. 798. 797. 798. 798. 798. 799. 798. 798. 799. 799.
  799. 798. 799. 799. 798. 799. 800. 800. 800. 800. 800. 799. 799. 799.
  799. 799. 799. 800. 799. 799. 749. 749. 749. 749. 750. 750.]
 [218. 397. 481. 548. 580. 616. 644. 654. 659. 671. 675. 691. 688. 704.
  700. 700. 708. 711. 711. 718. 718. 719. 723. 722. 724. 726. 725. 731.
  732. 728. 734. 735. 730. 730. 687. 691. 687. 688. 688. 690.]
 [291. 457. 546. 567. 602. 621. 651. 654. 665. 676. 676. 683. 690. 688.
  693. 698. 704. 704. 714. 714. 712. 717. 711. 712. 720. 726. 722. 718.
  721. 721. 727. 726. 726. 730. 683. 684. 686. 688. 688. 692.]]
##############################
[[116. 200. 257. 297. 328. 334. 361. 381. 393. 405. 404. 399. 411. 423.
  429. 423. 423. 431. 415. 440. 424. 438. 440. 441. 440. 448. 444. 446.
  449. 450. 443. 462. 450. 452. 454. 434. 430. 428. 430. 428.]
 [675. 772. 784. 794. 798. 797. 798. 798. 798. 799. 798. 798. 799. 799.
  799. 798. 799. 799. 798. 799. 800. 800. 800. 800. 800. 799. 799. 799.
  799. 799. 799. 800. 799. 799. 799. 749. 749. 749. 750. 750.]
 [218. 397. 481. 548. 580. 616. 644. 654. 659. 671. 675. 691. 688. 704.
  700. 700. 708. 711. 711. 718. 718. 719. 723. 722. 724. 726. 725. 731.
  732. 728. 734. 735. 730. 730. 732. 691. 687. 688. 688. 690.]
 [291. 457. 546. 567. 602. 621. 651. 654. 665. 676. 676. 683. 690. 688.
  693. 698. 704. 704. 714. 714. 712. 717. 711. 712. 720. 726. 722. 718.
  721. 721. 727. 726. 726. 730. 728. 684. 686. 688. 688. 692.]]
##############################
[[116. 200. 257. 297. 328. 334. 361. 381. 393. 405. 404. 399. 411. 423.
  429. 423. 423. 431. 415. 440. 424. 438. 440. 441. 440. 448. 444. 446.
  449. 450. 443. 462. 450. 452. 454. 463. 430. 428. 430. 428.]
 [675. 772. 784. 794. 798. 797. 798. 798. 798. 799. 798. 798. 799. 799.
  799. 798. 799. 799. 798. 799. 800. 800. 800. 800. 800. 799. 799. 799.
  799. 799. 799. 800. 799. 799. 799. 799. 749. 749. 750. 750.]
 [218. 397. 481. 548. 580. 616. 644. 654. 659. 671. 675. 691. 688. 704.
  700. 700. 708. 711. 711. 718. 718. 719. 723. 722. 724. 726. 725. 731.
  732. 728. 734. 735. 730. 730. 732. 736. 687. 688. 688. 690.]
 [291. 457. 546. 567. 602. 621. 651. 654. 665. 676. 676. 683. 690. 688.
  693. 698. 704. 704. 714. 714. 712. 717. 711. 712. 720. 726. 722. 718.
  721. 721. 727. 726. 726. 730. 728. 731. 686. 688. 688. 692.]]
##############################
[[116. 200. 257. 297. 328. 334. 361. 381. 393. 405. 404. 399. 411. 423.
  429. 423. 423. 431. 415. 440. 424. 438. 440. 441. 440. 448. 444. 446.
  449. 450. 443. 462. 450. 452. 454. 463. 457. 428. 430. 428.]
 [675. 772. 784. 794. 798. 797. 798. 798. 798. 799. 798. 798. 799. 799.
  799. 798. 799. 799. 798. 799. 800. 800. 800. 800. 800. 799. 799. 799.
  799. 799. 799. 800. 799. 799. 799. 799. 799. 749. 750. 750.]
 [218. 397. 481. 548. 580. 616. 644. 654. 659. 671. 675. 691. 688. 704.
  700. 700. 708. 711. 711. 718. 718. 719. 723. 722. 724. 726. 725. 731.
  732. 728. 734. 735. 730. 730. 732. 736. 732. 688. 688. 690.]
 [291. 457. 546. 567. 602. 621. 651. 654. 665. 676. 676. 683. 690. 688.
  693. 698. 704. 704. 714. 714. 712. 717. 711. 712. 720. 726. 722. 718.
  721. 721. 727. 726. 726. 730. 728. 731. 732. 688. 688. 692.]]
##############################
[[116. 200. 257. 297. 328. 334. 361. 381. 393. 405. 404. 399. 411. 423.
  429. 423. 423. 431. 415. 440. 424. 438. 440. 441. 440. 448. 444. 446.
  449. 450. 443. 462. 450. 452. 454. 463. 457. 457. 430. 428.]
 [675. 772. 784. 794. 798. 797. 798. 798. 798. 799. 798. 798. 799. 799.
  799. 798. 799. 799. 798. 799. 800. 800. 800. 800. 800. 799. 799. 799.
  799. 799. 799. 800. 799. 799. 799. 799. 799. 799. 750. 750.]
 [218. 397. 481. 548. 580. 616. 644. 654. 659. 671. 675. 691. 688. 704.
  700. 700. 708. 711. 711. 718. 718. 719. 723. 722. 724. 726. 725. 731.
  732. 728. 734. 735. 730. 730. 732. 736. 732. 734. 688. 690.]
 [291. 457. 546. 567. 602. 621. 651. 654. 665. 676. 676. 683. 690. 688.
  693. 698. 704. 704. 714. 714. 712. 717. 711. 712. 720. 726. 722. 718.
  721. 721. 727. 726. 726. 730. 728. 731. 732. 732. 688. 692.]]
##############################
[[116. 200. 257. 297. 328. 334. 361. 381. 393. 405. 404. 399. 411. 423.
  429. 423. 423. 431. 415. 440. 424. 438. 440. 441. 440. 448. 444. 446.
  449. 450. 443. 462. 450. 452. 454. 463. 457. 457. 461. 428.]
 [675. 772. 784. 794. 798. 797. 798. 798. 798. 799. 798. 798. 799. 799.
  799. 798. 799. 799. 798. 799. 800. 800. 800. 800. 800. 799. 799. 799.
  799. 799. 799. 800. 799. 799. 799. 799. 799. 799. 800. 750.]
 [218. 397. 481. 548. 580. 616. 644. 654. 659. 671. 675. 691. 688. 704.
  700. 700. 708. 711. 711. 718. 718. 719. 723. 722. 724. 726. 725. 731.
  732. 728. 734. 735. 730. 730. 732. 736. 732. 734. 734. 690.]
 [291. 457. 546. 567. 602. 621. 651. 654. 665. 676. 676. 683. 690. 688.
  693. 698. 704. 704. 714. 714. 712. 717. 711. 712. 720. 726. 722. 718.
  721. 721. 727. 726. 726. 730. 728. 731. 732. 732. 734. 692.]]
##############################
[[116. 200. 257. 297. 328. 334. 361. 381. 393. 405. 404. 399. 411. 423.
  429. 423. 423. 431. 415. 440. 424. 438. 440. 441. 440. 448. 444. 446.
  449. 450. 443. 462. 450. 452. 454. 463. 457. 457. 461. 456.]
 [675. 772. 784. 794. 798. 797. 798. 798. 798. 799. 798. 798. 799. 799.
  799. 798. 799. 799. 798. 799. 800. 800. 800. 800. 800. 799. 799. 799.
  799. 799. 799. 800. 799. 799. 799. 799. 799. 799. 800. 800.]
 [218. 397. 481. 548. 580. 616. 644. 654. 659. 671. 675. 691. 688. 704.
  700. 700. 708. 711. 711. 718. 718. 719. 723. 722. 724. 726. 725. 731.
  732. 728. 734. 735. 730. 730. 732. 736. 732. 734. 734. 734.]
 [291. 457. 546. 567. 602. 621. 651. 654. 665. 676. 676. 683. 690. 688.
  693. 698. 704. 704. 714. 714. 712. 717. 711. 712. 720. 726. 722. 718.
  721. 721. 727. 726. 726. 730. 728. 731. 732. 732. 734. 737.]]
##############################
##################################################
##################################################
starting :17 batch
[[120. 200. 257. 297. 328. 334. 361. 381. 393. 405. 404. 399. 411. 423.
  429. 423. 423. 431. 415. 440. 424. 438. 440. 441. 440. 448. 444. 446.
  449. 450. 443. 462. 450. 452. 454. 463. 457. 457. 461. 456.]
 [715. 772. 784. 794. 798. 797. 798. 798. 798. 799. 798. 798. 799. 799.
  799. 798. 799. 799. 798. 799. 800. 800. 800. 800. 800. 799. 799. 799.
  799. 799. 799. 800. 799. 799. 799. 799. 799. 799. 800. 800.]
 [229. 397. 481. 548. 580. 616. 644. 654. 659. 671. 675. 691. 688. 704.
  700. 700. 708. 711. 711. 718. 718. 719. 723. 722. 724. 726. 725. 731.
  732. 728. 734. 735. 730. 730. 732. 736. 732. 734. 734. 734.]
 [306. 457. 546. 567. 602. 621. 651. 654. 665. 676. 676. 683. 690. 688.
  693. 698. 704. 704. 714. 714. 712. 717. 711. 712. 720. 726. 722. 718.
  721. 721. 727. 726. 726. 730. 728. 731. 732. 732. 734. 737.]]
##############################
[[120. 209. 257. 297. 328. 334. 361. 381. 393. 405. 404. 399. 411. 423.
  429. 423. 423. 431. 415. 440. 424. 438. 440. 441. 440. 448. 444. 446.
  449. 450. 443. 462. 450. 452. 454. 463. 457. 457. 461. 456.]
 [715. 821. 784. 794. 798. 797. 798. 798. 798. 799. 798. 798. 799. 799.
  799. 798. 799. 799. 798. 799. 800. 800. 800. 800. 800. 799. 799. 799.
  799. 799. 799. 800. 799. 799. 799. 799. 799. 799. 800. 800.]
 [229. 416. 481. 548. 580. 616. 644. 654. 659. 671. 675. 691. 688. 704.
  700. 700. 708. 711. 711. 718. 718. 719. 723. 722. 724. 726. 725. 731.
  732. 728. 734. 735. 730. 730. 732. 736. 732. 734. 734. 734.]
 [306. 481. 546. 567. 602. 621. 651. 654. 665. 676. 676. 683. 690. 688.
  693. 698. 704. 704. 714. 714. 712. 717. 711. 712. 720. 726. 722. 718.
  721. 721. 727. 726. 726. 730. 728. 731. 732. 732. 734. 737.]]
##############################
[[120. 209. 268. 297. 328. 334. 361. 381. 393. 405. 404. 399. 411. 423.
  429. 423. 423. 431. 415. 440. 424. 438. 440. 441. 440. 448. 444. 446.
  449. 450. 443. 462. 450. 452. 454. 463. 457. 457. 461. 456.]
 [715. 821. 834. 794. 798. 797. 798. 798. 798. 799. 798. 798. 799. 799.
  799. 798. 799. 799. 798. 799. 800. 800. 800. 800. 800. 799. 799. 799.
  799. 799. 799. 800. 799. 799. 799. 799. 799. 799. 800. 800.]
 [229. 416. 508. 548. 580. 616. 644. 654. 659. 671. 675. 691. 688. 704.
  700. 700. 708. 711. 711. 718. 718. 719. 723. 722. 724. 726. 725. 731.
  732. 728. 734. 735. 730. 730. 732. 736. 732. 734. 734. 734.]
 [306. 481. 577. 567. 602. 621. 651. 654. 665. 676. 676. 683. 690. 688.
  693. 698. 704. 704. 714. 714. 712. 717. 711. 712. 720. 726. 722. 718.
  721. 721. 727. 726. 726. 730. 728. 731. 732. 732. 734. 737.]]
##############################
[[120. 209. 268. 310. 328. 334. 361. 381. 393. 405. 404. 399. 411. 423.
  429. 423. 423. 431. 415. 440. 424. 438. 440. 441. 440. 448. 444. 446.
  449. 450. 443. 462. 450. 452. 454. 463. 457. 457. 461. 456.]
 [715. 821. 834. 844. 798. 797. 798. 798. 798. 799. 798. 798. 799. 799.
  799. 798. 799. 799. 798. 799. 800. 800. 800. 800. 800. 799. 799. 799.
  799. 799. 799. 800. 799. 799. 799. 799. 799. 799. 800. 800.]
 [229. 416. 508. 585. 580. 616. 644. 654. 659. 671. 675. 691. 688. 704.
  700. 700. 708. 711. 711. 718. 718. 719. 723. 722. 724. 726. 725. 731.
  732. 728. 734. 735. 730. 730. 732. 736. 732. 734. 734. 734.]
 [306. 481. 577. 602. 602. 621. 651. 654. 665. 676. 676. 683. 690. 688.
  693. 698. 704. 704. 714. 714. 712. 717. 711. 712. 720. 726. 722. 718.
  721. 721. 727. 726. 726. 730. 728. 731. 732. 732. 734. 737.]]
##############################
[[120. 209. 268. 310. 342. 334. 361. 381. 393. 405. 404. 399. 411. 423.
  429. 423. 423. 431. 415. 440. 424. 438. 440. 441. 440. 448. 444. 446.
  449. 450. 443. 462. 450. 452. 454. 463. 457. 457. 461. 456.]
 [715. 821. 834. 844. 848. 797. 798. 798. 798. 799. 798. 798. 799. 799.
  799. 798. 799. 799. 798. 799. 800. 800. 800. 800. 800. 799. 799. 799.
  799. 799. 799. 800. 799. 799. 799. 799. 799. 799. 800. 800.]
 [229. 416. 508. 585. 620. 616. 644. 654. 659. 671. 675. 691. 688. 704.
  700. 700. 708. 711. 711. 718. 718. 719. 723. 722. 724. 726. 725. 731.
  732. 728. 734. 735. 730. 730. 732. 736. 732. 734. 734. 734.]
 [306. 481. 577. 602. 640. 621. 651. 654. 665. 676. 676. 683. 690. 688.
  693. 698. 704. 704. 714. 714. 712. 717. 711. 712. 720. 726. 722. 718.
  721. 721. 727. 726. 726. 730. 728. 731. 732. 732. 734. 737.]]
##############################
[[120. 209. 268. 310. 342. 346. 361. 381. 393. 405. 404. 399. 411. 423.
  429. 423. 423. 431. 415. 440. 424. 438. 440. 441. 440. 448. 444. 446.
  449. 450. 443. 462. 450. 452. 454. 463. 457. 457. 461. 456.]
 [715. 821. 834. 844. 848. 847. 798. 798. 798. 799. 798. 798. 799. 799.
  799. 798. 799. 799. 798. 799. 800. 800. 800. 800. 800. 799. 799. 799.
  799. 799. 799. 800. 799. 799. 799. 799. 799. 799. 800. 800.]
 [229. 416. 508. 585. 620. 659. 644. 654. 659. 671. 675. 691. 688. 704.
  700. 700. 708. 711. 711. 718. 718. 719. 723. 722. 724. 726. 725. 731.
  732. 728. 734. 735. 730. 730. 732. 736. 732. 734. 734. 734.]
 [306. 481. 577. 602. 640. 663. 651. 654. 665. 676. 676. 683. 690. 688.
  693. 698. 704. 704. 714. 714. 712. 717. 711. 712. 720. 726. 722. 718.
  721. 721. 727. 726. 726. 730. 728. 731. 732. 732. 734. 737.]]
##############################
[[120. 209. 268. 310. 342. 346. 376. 381. 393. 405. 404. 399. 411. 423.
  429. 423. 423. 431. 415. 440. 424. 438. 440. 441. 440. 448. 444. 446.
  449. 450. 443. 462. 450. 452. 454. 463. 457. 457. 461. 456.]
 [715. 821. 834. 844. 848. 847. 848. 798. 798. 799. 798. 798. 799. 799.
  799. 798. 799. 799. 798. 799. 800. 800. 800. 800. 800. 799. 799. 799.
  799. 799. 799. 800. 799. 799. 799. 799. 799. 799. 800. 800.]
 [229. 416. 508. 585. 620. 659. 686. 654. 659. 671. 675. 691. 688. 704.
  700. 700. 708. 711. 711. 718. 718. 719. 723. 722. 724. 726. 725. 731.
  732. 728. 734. 735. 730. 730. 732. 736. 732. 734. 734. 734.]
 [306. 481. 577. 602. 640. 663. 693. 654. 665. 676. 676. 683. 690. 688.
  693. 698. 704. 704. 714. 714. 712. 717. 711. 712. 720. 726. 722. 718.
  721. 721. 727. 726. 726. 730. 728. 731. 732. 732. 734. 737.]]
##############################
[[120. 209. 268. 310. 342. 346. 376. 396. 393. 405. 404. 399. 411. 423.
  429. 423. 423. 431. 415. 440. 424. 438. 440. 441. 440. 448. 444. 446.
  449. 450. 443. 462. 450. 452. 454. 463. 457. 457. 461. 456.]
 [715. 821. 834. 844. 848. 847. 848. 848. 798. 799. 798. 798. 799. 799.
  799. 798. 799. 799. 798. 799. 800. 800. 800. 800. 800. 799. 799. 799.
  799. 799. 799. 800. 799. 799. 799. 799. 799. 799. 800. 800.]
 [229. 416. 508. 585. 620. 659. 686. 695. 659. 671. 675. 691. 688. 704.
  700. 700. 708. 711. 711. 718. 718. 719. 723. 722. 724. 726. 725. 731.
  732. 728. 734. 735. 730. 730. 732. 736. 732. 734. 734. 734.]
 [306. 481. 577. 602. 640. 663. 693. 697. 665. 676. 676. 683. 690. 688.
  693. 698. 704. 704. 714. 714. 712. 717. 711. 712. 720. 726. 722. 718.
  721. 721. 727. 726. 726. 730. 728. 731. 732. 732. 734. 737.]]
##############################
[[120. 209. 268. 310. 342. 346. 376. 396. 409. 405. 404. 399. 411. 423.
  429. 423. 423. 431. 415. 440. 424. 438. 440. 441. 440. 448. 444. 446.
  449. 450. 443. 462. 450. 452. 454. 463. 457. 457. 461. 456.]
 [715. 821. 834. 844. 848. 847. 848. 848. 848. 799. 798. 798. 799. 799.
  799. 798. 799. 799. 798. 799. 800. 800. 800. 800. 800. 799. 799. 799.
  799. 799. 799. 800. 799. 799. 799. 799. 799. 799. 800. 800.]
 [229. 416. 508. 585. 620. 659. 686. 695. 701. 671. 675. 691. 688. 704.
  700. 700. 708. 711. 711. 718. 718. 719. 723. 722. 724. 726. 725. 731.
  732. 728. 734. 735. 730. 730. 732. 736. 732. 734. 734. 734.]
 [306. 481. 577. 602. 640. 663. 693. 697. 709. 676. 676. 683. 690. 688.
  693. 698. 704. 704. 714. 714. 712. 717. 711. 712. 720. 726. 722. 718.
  721. 721. 727. 726. 726. 730. 728. 731. 732. 732. 734. 737.]]
##############################
[[120. 209. 268. 310. 342. 346. 376. 396. 409. 419. 404. 399. 411. 423.
  429. 423. 423. 431. 415. 440. 424. 438. 440. 441. 440. 448. 444. 446.
  449. 450. 443. 462. 450. 452. 454. 463. 457. 457. 461. 456.]
 [715. 821. 834. 844. 848. 847. 848. 848. 848. 849. 798. 798. 799. 799.
  799. 798. 799. 799. 798. 799. 800. 800. 800. 800. 800. 799. 799. 799.
  799. 799. 799. 800. 799. 799. 799. 799. 799. 799. 800. 800.]
 [229. 416. 508. 585. 620. 659. 686. 695. 701. 712. 675. 691. 688. 704.
  700. 700. 708. 711. 711. 718. 718. 719. 723. 722. 724. 726. 725. 731.
  732. 728. 734. 735. 730. 730. 732. 736. 732. 734. 734. 734.]
 [306. 481. 577. 602. 640. 663. 693. 697. 709. 720. 676. 683. 690. 688.
  693. 698. 704. 704. 714. 714. 712. 717. 711. 712. 720. 726. 722. 718.
  721. 721. 727. 726. 726. 730. 728. 731. 732. 732. 734. 737.]]
##############################
[[120. 209. 268. 310. 342. 346. 376. 396. 409. 419. 425. 399. 411. 423.
  429. 423. 423. 431. 415. 440. 424. 438. 440. 441. 440. 448. 444. 446.
  449. 450. 443. 462. 450. 452. 454. 463. 457. 457. 461. 456.]
 [715. 821. 834. 844. 848. 847. 848. 848. 848. 849. 848. 798. 799. 799.
  799. 798. 799. 799. 798. 799. 800. 800. 800. 800. 800. 799. 799. 799.
  799. 799. 799. 800. 799. 799. 799. 799. 799. 799. 800. 800.]
 [229. 416. 508. 585. 620. 659. 686. 695. 701. 712. 718. 691. 688. 704.
  700. 700. 708. 711. 711. 718. 718. 719. 723. 722. 724. 726. 725. 731.
  732. 728. 734. 735. 730. 730. 732. 736. 732. 734. 734. 734.]
 [306. 481. 577. 602. 640. 663. 693. 697. 709. 720. 719. 683. 690. 688.
  693. 698. 704. 704. 714. 714. 712. 717. 711. 712. 720. 726. 722. 718.
  721. 721. 727. 726. 726. 730. 728. 731. 732. 732. 734. 737.]]
##############################
[[120. 209. 268. 310. 342. 346. 376. 396. 409. 419. 425. 416. 411. 423.
  429. 423. 423. 431. 415. 440. 424. 438. 440. 441. 440. 448. 444. 446.
  449. 450. 443. 462. 450. 452. 454. 463. 457. 457. 461. 456.]
 [715. 821. 834. 844. 848. 847. 848. 848. 848. 849. 848. 848. 799. 799.
  799. 798. 799. 799. 798. 799. 800. 800. 800. 800. 800. 799. 799. 799.
  799. 799. 799. 800. 799. 799. 799. 799. 799. 799. 800. 800.]
 [229. 416. 508. 585. 620. 659. 686. 695. 701. 712. 718. 734. 688. 704.
  700. 700. 708. 711. 711. 718. 718. 719. 723. 722. 724. 726. 725. 731.
  732. 728. 734. 735. 730. 730. 732. 736. 732. 734. 734. 734.]
 [306. 481. 577. 602. 640. 663. 693. 697. 709. 720. 719. 727. 690. 688.
  693. 698. 704. 704. 714. 714. 712. 717. 711. 712. 720. 726. 722. 718.
  721. 721. 727. 726. 726. 730. 728. 731. 732. 732. 734. 737.]]
##############################
[[120. 209. 268. 310. 342. 346. 376. 396. 409. 419. 425. 416. 430. 423.
  429. 423. 423. 431. 415. 440. 424. 438. 440. 441. 440. 448. 444. 446.
  449. 450. 443. 462. 450. 452. 454. 463. 457. 457. 461. 456.]
 [715. 821. 834. 844. 848. 847. 848. 848. 848. 849. 848. 848. 849. 799.
  799. 798. 799. 799. 798. 799. 800. 800. 800. 800. 800. 799. 799. 799.
  799. 799. 799. 800. 799. 799. 799. 799. 799. 799. 800. 800.]
 [229. 416. 508. 585. 620. 659. 686. 695. 701. 712. 718. 734. 732. 704.
  700. 700. 708. 711. 711. 718. 718. 719. 723. 722. 724. 726. 725. 731.
  732. 728. 734. 735. 730. 730. 732. 736. 732. 734. 734. 734.]
 [306. 481. 577. 602. 640. 663. 693. 697. 709. 720. 719. 727. 732. 688.
  693. 698. 704. 704. 714. 714. 712. 717. 711. 712. 720. 726. 722. 718.
  721. 721. 727. 726. 726. 730. 728. 731. 732. 732. 734. 737.]]
##############################
[[120. 209. 268. 310. 342. 346. 376. 396. 409. 419. 425. 416. 430. 441.
  429. 423. 423. 431. 415. 440. 424. 438. 440. 441. 440. 448. 444. 446.
  449. 450. 443. 462. 450. 452. 454. 463. 457. 457. 461. 456.]
 [715. 821. 834. 844. 848. 847. 848. 848. 848. 849. 848. 848. 849. 849.
  799. 798. 799. 799. 798. 799. 800. 800. 800. 800. 800. 799. 799. 799.
  799. 799. 799. 800. 799. 799. 799. 799. 799. 799. 800. 800.]
 [229. 416. 508. 585. 620. 659. 686. 695. 701. 712. 718. 734. 732. 751.
  700. 700. 708. 711. 711. 718. 718. 719. 723. 722. 724. 726. 725. 731.
  732. 728. 734. 735. 730. 730. 732. 736. 732. 734. 734. 734.]
 [306. 481. 577. 602. 640. 663. 693. 697. 709. 720. 719. 727. 732. 730.
  693. 698. 704. 704. 714. 714. 712. 717. 711. 712. 720. 726. 722. 718.
  721. 721. 727. 726. 726. 730. 728. 731. 732. 732. 734. 737.]]
##############################
[[120. 209. 268. 310. 342. 346. 376. 396. 409. 419. 425. 416. 430. 441.
  449. 423. 423. 431. 415. 440. 424. 438. 440. 441. 440. 448. 444. 446.
  449. 450. 443. 462. 450. 452. 454. 463. 457. 457. 461. 456.]
 [715. 821. 834. 844. 848. 847. 848. 848. 848. 849. 848. 848. 849. 849.
  849. 798. 799. 799. 798. 799. 800. 800. 800. 800. 800. 799. 799. 799.
  799. 799. 799. 800. 799. 799. 799. 799. 799. 799. 800. 800.]
 [229. 416. 508. 585. 620. 659. 686. 695. 701. 712. 718. 734. 732. 751.
  745. 700. 708. 711. 711. 718. 718. 719. 723. 722. 724. 726. 725. 731.
  732. 728. 734. 735. 730. 730. 732. 736. 732. 734. 734. 734.]
 [306. 481. 577. 602. 640. 663. 693. 697. 709. 720. 719. 727. 732. 730.
  739. 698. 704. 704. 714. 714. 712. 717. 711. 712. 720. 726. 722. 718.
  721. 721. 727. 726. 726. 730. 728. 731. 732. 732. 734. 737.]]
##############################
[[120. 209. 268. 310. 342. 346. 376. 396. 409. 419. 425. 416. 430. 441.
  449. 440. 423. 431. 415. 440. 424. 438. 440. 441. 440. 448. 444. 446.
  449. 450. 443. 462. 450. 452. 454. 463. 457. 457. 461. 456.]
 [715. 821. 834. 844. 848. 847. 848. 848. 848. 849. 848. 848. 849. 849.
  849. 848. 799. 799. 798. 799. 800. 800. 800. 800. 800. 799. 799. 799.
  799. 799. 799. 800. 799. 799. 799. 799. 799. 799. 800. 800.]
 [229. 416. 508. 585. 620. 659. 686. 695. 701. 712. 718. 734. 732. 751.
  745. 744. 708. 711. 711. 718. 718. 719. 723. 722. 724. 726. 725. 731.
  732. 728. 734. 735. 730. 730. 732. 736. 732. 734. 734. 734.]
 [306. 481. 577. 602. 640. 663. 693. 697. 709. 720. 719. 727. 732. 730.
  739. 743. 704. 704. 714. 714. 712. 717. 711. 712. 720. 726. 722. 718.
  721. 721. 727. 726. 726. 730. 728. 731. 732. 732. 734. 737.]]
##############################
[[120. 209. 268. 310. 342. 346. 376. 396. 409. 419. 425. 416. 430. 441.
  449. 440. 444. 431. 415. 440. 424. 438. 440. 441. 440. 448. 444. 446.
  449. 450. 443. 462. 450. 452. 454. 463. 457. 457. 461. 456.]
 [715. 821. 834. 844. 848. 847. 848. 848. 848. 849. 848. 848. 849. 849.
  849. 848. 849. 799. 798. 799. 800. 800. 800. 800. 800. 799. 799. 799.
  799. 799. 799. 800. 799. 799. 799. 799. 799. 799. 800. 800.]
 [229. 416. 508. 585. 620. 659. 686. 695. 701. 712. 718. 734. 732. 751.
  745. 744. 752. 711. 711. 718. 718. 719. 723. 722. 724. 726. 725. 731.
  732. 728. 734. 735. 730. 730. 732. 736. 732. 734. 734. 734.]
 [306. 481. 577. 602. 640. 663. 693. 697. 709. 720. 719. 727. 732. 730.
  739. 743. 748. 704. 714. 714. 712. 717. 711. 712. 720. 726. 722. 718.
  721. 721. 727. 726. 726. 730. 728. 731. 732. 732. 734. 737.]]
##############################
[[120. 209. 268. 310. 342. 346. 376. 396. 409. 419. 425. 416. 430. 441.
  449. 440. 444. 449. 415. 440. 424. 438. 440. 441. 440. 448. 444. 446.
  449. 450. 443. 462. 450. 452. 454. 463. 457. 457. 461. 456.]
 [715. 821. 834. 844. 848. 847. 848. 848. 848. 849. 848. 848. 849. 849.
  849. 848. 849. 849. 798. 799. 800. 800. 800. 800. 800. 799. 799. 799.
  799. 799. 799. 800. 799. 799. 799. 799. 799. 799. 800. 800.]
 [229. 416. 508. 585. 620. 659. 686. 695. 701. 712. 718. 734. 732. 751.
  745. 744. 752. 756. 711. 718. 718. 719. 723. 722. 724. 726. 725. 731.
  732. 728. 734. 735. 730. 730. 732. 736. 732. 734. 734. 734.]
 [306. 481. 577. 602. 640. 663. 693. 697. 709. 720. 719. 727. 732. 730.
  739. 743. 748. 748. 714. 714. 712. 717. 711. 712. 720. 726. 722. 718.
  721. 721. 727. 726. 726. 730. 728. 731. 732. 732. 734. 737.]]
##############################
[[120. 209. 268. 310. 342. 346. 376. 396. 409. 419. 425. 416. 430. 441.
  449. 440. 444. 449. 434. 440. 424. 438. 440. 441. 440. 448. 444. 446.
  449. 450. 443. 462. 450. 452. 454. 463. 457. 457. 461. 456.]
 [715. 821. 834. 844. 848. 847. 848. 848. 848. 849. 848. 848. 849. 849.
  849. 848. 849. 849. 848. 799. 800. 800. 800. 800. 800. 799. 799. 799.
  799. 799. 799. 800. 799. 799. 799. 799. 799. 799. 800. 800.]
 [229. 416. 508. 585. 620. 659. 686. 695. 701. 712. 718. 734. 732. 751.
  745. 744. 752. 756. 754. 718. 718. 719. 723. 722. 724. 726. 725. 731.
  732. 728. 734. 735. 730. 730. 732. 736. 732. 734. 734. 734.]
 [306. 481. 577. 602. 640. 663. 693. 697. 709. 720. 719. 727. 732. 730.
  739. 743. 748. 748. 757. 714. 712. 717. 711. 712. 720. 726. 722. 718.
  721. 721. 727. 726. 726. 730. 728. 731. 732. 732. 734. 737.]]
##############################
[[120. 209. 268. 310. 342. 346. 376. 396. 409. 419. 425. 416. 430. 441.
  449. 440. 444. 449. 434. 459. 424. 438. 440. 441. 440. 448. 444. 446.
  449. 450. 443. 462. 450. 452. 454. 463. 457. 457. 461. 456.]
 [715. 821. 834. 844. 848. 847. 848. 848. 848. 849. 848. 848. 849. 849.
  849. 848. 849. 849. 848. 849. 800. 800. 800. 800. 800. 799. 799. 799.
  799. 799. 799. 800. 799. 799. 799. 799. 799. 799. 800. 800.]
 [229. 416. 508. 585. 620. 659. 686. 695. 701. 712. 718. 734. 732. 751.
  745. 744. 752. 756. 754. 764. 718. 719. 723. 722. 724. 726. 725. 731.
  732. 728. 734. 735. 730. 730. 732. 736. 732. 734. 734. 734.]
 [306. 481. 577. 602. 640. 663. 693. 697. 709. 720. 719. 727. 732. 730.
  739. 743. 748. 748. 757. 757. 712. 717. 711. 712. 720. 726. 722. 718.
  721. 721. 727. 726. 726. 730. 728. 731. 732. 732. 734. 737.]]
##############################
[[120. 209. 268. 310. 342. 346. 376. 396. 409. 419. 425. 416. 430. 441.
  449. 440. 444. 449. 434. 459. 443. 438. 440. 441. 440. 448. 444. 446.
  449. 450. 443. 462. 450. 452. 454. 463. 457. 457. 461. 456.]
 [715. 821. 834. 844. 848. 847. 848. 848. 848. 849. 848. 848. 849. 849.
  849. 848. 849. 849. 848. 849. 850. 800. 800. 800. 800. 799. 799. 799.
  799. 799. 799. 800. 799. 799. 799. 799. 799. 799. 800. 800.]
 [229. 416. 508. 585. 620. 659. 686. 695. 701. 712. 718. 734. 732. 751.
  745. 744. 752. 756. 754. 764. 764. 719. 723. 722. 724. 726. 725. 731.
  732. 728. 734. 735. 730. 730. 732. 736. 732. 734. 734. 734.]
 [306. 481. 577. 602. 640. 663. 693. 697. 709. 720. 719. 727. 732. 730.
  739. 743. 748. 748. 757. 757. 755. 717. 711. 712. 720. 726. 722. 718.
  721. 721. 727. 726. 726. 730. 728. 731. 732. 732. 734. 737.]]
##############################
[[120. 209. 268. 310. 342. 346. 376. 396. 409. 419. 425. 416. 430. 441.
  449. 440. 444. 449. 434. 459. 443. 456. 440. 441. 440. 448. 444. 446.
  449. 450. 443. 462. 450. 452. 454. 463. 457. 457. 461. 456.]
 [715. 821. 834. 844. 848. 847. 848. 848. 848. 849. 848. 848. 849. 849.
  849. 848. 849. 849. 848. 849. 850. 850. 800. 800. 800. 799. 799. 799.
  799. 799. 799. 800. 799. 799. 799. 799. 799. 799. 800. 800.]
 [229. 416. 508. 585. 620. 659. 686. 695. 701. 712. 718. 734. 732. 751.
  745. 744. 752. 756. 754. 764. 764. 765. 723. 722. 724. 726. 725. 731.
  732. 728. 734. 735. 730. 730. 732. 736. 732. 734. 734. 734.]
 [306. 481. 577. 602. 640. 663. 693. 697. 709. 720. 719. 727. 732. 730.
  739. 743. 748. 748. 757. 757. 755. 761. 711. 712. 720. 726. 722. 718.
  721. 721. 727. 726. 726. 730. 728. 731. 732. 732. 734. 737.]]
##############################
[[120. 209. 268. 310. 342. 346. 376. 396. 409. 419. 425. 416. 430. 441.
  449. 440. 444. 449. 434. 459. 443. 456. 462. 441. 440. 448. 444. 446.
  449. 450. 443. 462. 450. 452. 454. 463. 457. 457. 461. 456.]
 [715. 821. 834. 844. 848. 847. 848. 848. 848. 849. 848. 848. 849. 849.
  849. 848. 849. 849. 848. 849. 850. 850. 850. 800. 800. 799. 799. 799.
  799. 799. 799. 800. 799. 799. 799. 799. 799. 799. 800. 800.]
 [229. 416. 508. 585. 620. 659. 686. 695. 701. 712. 718. 734. 732. 751.
  745. 744. 752. 756. 754. 764. 764. 765. 769. 722. 724. 726. 725. 731.
  732. 728. 734. 735. 730. 730. 732. 736. 732. 734. 734. 734.]
 [306. 481. 577. 602. 640. 663. 693. 697. 709. 720. 719. 727. 732. 730.
  739. 743. 748. 748. 757. 757. 755. 761. 756. 712. 720. 726. 722. 718.
  721. 721. 727. 726. 726. 730. 728. 731. 732. 732. 734. 737.]]
##############################
[[120. 209. 268. 310. 342. 346. 376. 396. 409. 419. 425. 416. 430. 441.
  449. 440. 444. 449. 434. 459. 443. 456. 462. 461. 440. 448. 444. 446.
  449. 450. 443. 462. 450. 452. 454. 463. 457. 457. 461. 456.]
 [715. 821. 834. 844. 848. 847. 848. 848. 848. 849. 848. 848. 849. 849.
  849. 848. 849. 849. 848. 849. 850. 850. 850. 850. 800. 799. 799. 799.
  799. 799. 799. 800. 799. 799. 799. 799. 799. 799. 800. 800.]
 [229. 416. 508. 585. 620. 659. 686. 695. 701. 712. 718. 734. 732. 751.
  745. 744. 752. 756. 754. 764. 764. 765. 769. 769. 724. 726. 725. 731.
  732. 728. 734. 735. 730. 730. 732. 736. 732. 734. 734. 734.]
 [306. 481. 577. 602. 640. 663. 693. 697. 709. 720. 719. 727. 732. 730.
  739. 743. 748. 748. 757. 757. 755. 761. 756. 755. 720. 726. 722. 718.
  721. 721. 727. 726. 726. 730. 728. 731. 732. 732. 734. 737.]]
##############################
[[120. 209. 268. 310. 342. 346. 376. 396. 409. 419. 425. 416. 430. 441.
  449. 440. 444. 449. 434. 459. 443. 456. 462. 461. 463. 448. 444. 446.
  449. 450. 443. 462. 450. 452. 454. 463. 457. 457. 461. 456.]
 [715. 821. 834. 844. 848. 847. 848. 848. 848. 849. 848. 848. 849. 849.
  849. 848. 849. 849. 848. 849. 850. 850. 850. 850. 850. 799. 799. 799.
  799. 799. 799. 800. 799. 799. 799. 799. 799. 799. 800. 800.]
 [229. 416. 508. 585. 620. 659. 686. 695. 701. 712. 718. 734. 732. 751.
  745. 744. 752. 756. 754. 764. 764. 765. 769. 769. 770. 726. 725. 731.
  732. 728. 734. 735. 730. 730. 732. 736. 732. 734. 734. 734.]
 [306. 481. 577. 602. 640. 663. 693. 697. 709. 720. 719. 727. 732. 730.
  739. 743. 748. 748. 757. 757. 755. 761. 756. 755. 766. 726. 722. 718.
  721. 721. 727. 726. 726. 730. 728. 731. 732. 732. 734. 737.]]
##############################
[[120. 209. 268. 310. 342. 346. 376. 396. 409. 419. 425. 416. 430. 441.
  449. 440. 444. 449. 434. 459. 443. 456. 462. 461. 463. 470. 444. 446.
  449. 450. 443. 462. 450. 452. 454. 463. 457. 457. 461. 456.]
 [715. 821. 834. 844. 848. 847. 848. 848. 848. 849. 848. 848. 849. 849.
  849. 848. 849. 849. 848. 849. 850. 850. 850. 850. 850. 849. 799. 799.
  799. 799. 799. 800. 799. 799. 799. 799. 799. 799. 800. 800.]
 [229. 416. 508. 585. 620. 659. 686. 695. 701. 712. 718. 734. 732. 751.
  745. 744. 752. 756. 754. 764. 764. 765. 769. 769. 770. 771. 725. 731.
  732. 728. 734. 735. 730. 730. 732. 736. 732. 734. 734. 734.]
 [306. 481. 577. 602. 640. 663. 693. 697. 709. 720. 719. 727. 732. 730.
  739. 743. 748. 748. 757. 757. 755. 761. 756. 755. 766. 771. 722. 718.
  721. 721. 727. 726. 726. 730. 728. 731. 732. 732. 734. 737.]]
##############################
[[120. 209. 268. 310. 342. 346. 376. 396. 409. 419. 425. 416. 430. 441.
  449. 440. 444. 449. 434. 459. 443. 456. 462. 461. 463. 470. 465. 446.
  449. 450. 443. 462. 450. 452. 454. 463. 457. 457. 461. 456.]
 [715. 821. 834. 844. 848. 847. 848. 848. 848. 849. 848. 848. 849. 849.
  849. 848. 849. 849. 848. 849. 850. 850. 850. 850. 850. 849. 849. 799.
  799. 799. 799. 800. 799. 799. 799. 799. 799. 799. 800. 800.]
 [229. 416. 508. 585. 620. 659. 686. 695. 701. 712. 718. 734. 732. 751.
  745. 744. 752. 756. 754. 764. 764. 765. 769. 769. 770. 771. 770. 731.
  732. 728. 734. 735. 730. 730. 732. 736. 732. 734. 734. 734.]
 [306. 481. 577. 602. 640. 663. 693. 697. 709. 720. 719. 727. 732. 730.
  739. 743. 748. 748. 757. 757. 755. 761. 756. 755. 766. 771. 767. 718.
  721. 721. 727. 726. 726. 730. 728. 731. 732. 732. 734. 737.]]
##############################
[[120. 209. 268. 310. 342. 346. 376. 396. 409. 419. 425. 416. 430. 441.
  449. 440. 444. 449. 434. 459. 443. 456. 462. 461. 463. 470. 465. 469.
  449. 450. 443. 462. 450. 452. 454. 463. 457. 457. 461. 456.]
 [715. 821. 834. 844. 848. 847. 848. 848. 848. 849. 848. 848. 849. 849.
  849. 848. 849. 849. 848. 849. 850. 850. 850. 850. 850. 849. 849. 849.
  799. 799. 799. 800. 799. 799. 799. 799. 799. 799. 800. 800.]
 [229. 416. 508. 585. 620. 659. 686. 695. 701. 712. 718. 734. 732. 751.
  745. 744. 752. 756. 754. 764. 764. 765. 769. 769. 770. 771. 770. 777.
  732. 728. 734. 735. 730. 730. 732. 736. 732. 734. 734. 734.]
 [306. 481. 577. 602. 640. 663. 693. 697. 709. 720. 719. 727. 732. 730.
  739. 743. 748. 748. 757. 757. 755. 761. 756. 755. 766. 771. 767. 764.
  721. 721. 727. 726. 726. 730. 728. 731. 732. 732. 734. 737.]]
##############################
[[120. 209. 268. 310. 342. 346. 376. 396. 409. 419. 425. 416. 430. 441.
  449. 440. 444. 449. 434. 459. 443. 456. 462. 461. 463. 470. 465. 469.
  470. 450. 443. 462. 450. 452. 454. 463. 457. 457. 461. 456.]
 [715. 821. 834. 844. 848. 847. 848. 848. 848. 849. 848. 848. 849. 849.
  849. 848. 849. 849. 848. 849. 850. 850. 850. 850. 850. 849. 849. 849.
  849. 799. 799. 800. 799. 799. 799. 799. 799. 799. 800. 800.]
 [229. 416. 508. 585. 620. 659. 686. 695. 701. 712. 718. 734. 732. 751.
  745. 744. 752. 756. 754. 764. 764. 765. 769. 769. 770. 771. 770. 777.
  778. 728. 734. 735. 730. 730. 732. 736. 732. 734. 734. 734.]
 [306. 481. 577. 602. 640. 663. 693. 697. 709. 720. 719. 727. 732. 730.
  739. 743. 748. 748. 757. 757. 755. 761. 756. 755. 766. 771. 767. 764.
  767. 721. 727. 726. 726. 730. 728. 731. 732. 732. 734. 737.]]
##############################
[[120. 209. 268. 310. 342. 346. 376. 396. 409. 419. 425. 416. 430. 441.
  449. 440. 444. 449. 434. 459. 443. 456. 462. 461. 463. 470. 465. 469.
  470. 472. 443. 462. 450. 452. 454. 463. 457. 457. 461. 456.]
 [715. 821. 834. 844. 848. 847. 848. 848. 848. 849. 848. 848. 849. 849.
  849. 848. 849. 849. 848. 849. 850. 850. 850. 850. 850. 849. 849. 849.
  849. 849. 799. 800. 799. 799. 799. 799. 799. 799. 800. 800.]
 [229. 416. 508. 585. 620. 659. 686. 695. 701. 712. 718. 734. 732. 751.
  745. 744. 752. 756. 754. 764. 764. 765. 769. 769. 770. 771. 770. 777.
  778. 774. 734. 735. 730. 730. 732. 736. 732. 734. 734. 734.]
 [306. 481. 577. 602. 640. 663. 693. 697. 709. 720. 719. 727. 732. 730.
  739. 743. 748. 748. 757. 757. 755. 761. 756. 755. 766. 771. 767. 764.
  767. 766. 727. 726. 726. 730. 728. 731. 732. 732. 734. 737.]]
##############################
[[120. 209. 268. 310. 342. 346. 376. 396. 409. 419. 425. 416. 430. 441.
  449. 440. 444. 449. 434. 459. 443. 456. 462. 461. 463. 470. 465. 469.
  470. 472. 466. 462. 450. 452. 454. 463. 457. 457. 461. 456.]
 [715. 821. 834. 844. 848. 847. 848. 848. 848. 849. 848. 848. 849. 849.
  849. 848. 849. 849. 848. 849. 850. 850. 850. 850. 850. 849. 849. 849.
  849. 849. 849. 800. 799. 799. 799. 799. 799. 799. 800. 800.]
 [229. 416. 508. 585. 620. 659. 686. 695. 701. 712. 718. 734. 732. 751.
  745. 744. 752. 756. 754. 764. 764. 765. 769. 769. 770. 771. 770. 777.
  778. 774. 780. 735. 730. 730. 732. 736. 732. 734. 734. 734.]
 [306. 481. 577. 602. 640. 663. 693. 697. 709. 720. 719. 727. 732. 730.
  739. 743. 748. 748. 757. 757. 755. 761. 756. 755. 766. 771. 767. 764.
  767. 766. 773. 726. 726. 730. 728. 731. 732. 732. 734. 737.]]
##############################
[[120. 209. 268. 310. 342. 346. 376. 396. 409. 419. 425. 416. 430. 441.
  449. 440. 444. 449. 434. 459. 443. 456. 462. 461. 463. 470. 465. 469.
  470. 472. 466. 486. 450. 452. 454. 463. 457. 457. 461. 456.]
 [715. 821. 834. 844. 848. 847. 848. 848. 848. 849. 848. 848. 849. 849.
  849. 848. 849. 849. 848. 849. 850. 850. 850. 850. 850. 849. 849. 849.
  849. 849. 849. 850. 799. 799. 799. 799. 799. 799. 800. 800.]
 [229. 416. 508. 585. 620. 659. 686. 695. 701. 712. 718. 734. 732. 751.
  745. 744. 752. 756. 754. 764. 764. 765. 769. 769. 770. 771. 770. 777.
  778. 774. 780. 780. 730. 730. 732. 736. 732. 734. 734. 734.]
 [306. 481. 577. 602. 640. 663. 693. 697. 709. 720. 719. 727. 732. 730.
  739. 743. 748. 748. 757. 757. 755. 761. 756. 755. 766. 771. 767. 764.
  767. 766. 773. 772. 726. 730. 728. 731. 732. 732. 734. 737.]]
##############################
[[120. 209. 268. 310. 342. 346. 376. 396. 409. 419. 425. 416. 430. 441.
  449. 440. 444. 449. 434. 459. 443. 456. 462. 461. 463. 470. 465. 469.
  470. 472. 466. 486. 471. 452. 454. 463. 457. 457. 461. 456.]
 [715. 821. 834. 844. 848. 847. 848. 848. 848. 849. 848. 848. 849. 849.
  849. 848. 849. 849. 848. 849. 850. 850. 850. 850. 850. 849. 849. 849.
  849. 849. 849. 850. 849. 799. 799. 799. 799. 799. 800. 800.]
 [229. 416. 508. 585. 620. 659. 686. 695. 701. 712. 718. 734. 732. 751.
  745. 744. 752. 756. 754. 764. 764. 765. 769. 769. 770. 771. 770. 777.
  778. 774. 780. 780. 778. 730. 732. 736. 732. 734. 734. 734.]
 [306. 481. 577. 602. 640. 663. 693. 697. 709. 720. 719. 727. 732. 730.
  739. 743. 748. 748. 757. 757. 755. 761. 756. 755. 766. 771. 767. 764.
  767. 766. 773. 772. 772. 730. 728. 731. 732. 732. 734. 737.]]
##############################
[[120. 209. 268. 310. 342. 346. 376. 396. 409. 419. 425. 416. 430. 441.
  449. 440. 444. 449. 434. 459. 443. 456. 462. 461. 463. 470. 465. 469.
  470. 472. 466. 486. 471. 475. 454. 463. 457. 457. 461. 456.]
 [715. 821. 834. 844. 848. 847. 848. 848. 848. 849. 848. 848. 849. 849.
  849. 848. 849. 849. 848. 849. 850. 850. 850. 850. 850. 849. 849. 849.
  849. 849. 849. 850. 849. 849. 799. 799. 799. 799. 800. 800.]
 [229. 416. 508. 585. 620. 659. 686. 695. 701. 712. 718. 734. 732. 751.
  745. 744. 752. 756. 754. 764. 764. 765. 769. 769. 770. 771. 770. 777.
  778. 774. 780. 780. 778. 776. 732. 736. 732. 734. 734. 734.]
 [306. 481. 577. 602. 640. 663. 693. 697. 709. 720. 719. 727. 732. 730.
  739. 743. 748. 748. 757. 757. 755. 761. 756. 755. 766. 771. 767. 764.
  767. 766. 773. 772. 772. 776. 728. 731. 732. 732. 734. 737.]]
##############################
[[120. 209. 268. 310. 342. 346. 376. 396. 409. 419. 425. 416. 430. 441.
  449. 440. 444. 449. 434. 459. 443. 456. 462. 461. 463. 470. 465. 469.
  470. 472. 466. 486. 471. 475. 479. 463. 457. 457. 461. 456.]
 [715. 821. 834. 844. 848. 847. 848. 848. 848. 849. 848. 848. 849. 849.
  849. 848. 849. 849. 848. 849. 850. 850. 850. 850. 850. 849. 849. 849.
  849. 849. 849. 850. 849. 849. 849. 799. 799. 799. 800. 800.]
 [229. 416. 508. 585. 620. 659. 686. 695. 701. 712. 718. 734. 732. 751.
  745. 744. 752. 756. 754. 764. 764. 765. 769. 769. 770. 771. 770. 777.
  778. 774. 780. 780. 778. 776. 779. 736. 732. 734. 734. 734.]
 [306. 481. 577. 602. 640. 663. 693. 697. 709. 720. 719. 727. 732. 730.
  739. 743. 748. 748. 757. 757. 755. 761. 756. 755. 766. 771. 767. 764.
  767. 766. 773. 772. 772. 776. 774. 731. 732. 732. 734. 737.]]
##############################
[[120. 209. 268. 310. 342. 346. 376. 396. 409. 419. 425. 416. 430. 441.
  449. 440. 444. 449. 434. 459. 443. 456. 462. 461. 463. 470. 465. 469.
  470. 472. 466. 486. 471. 475. 479. 486. 457. 457. 461. 456.]
 [715. 821. 834. 844. 848. 847. 848. 848. 848. 849. 848. 848. 849. 849.
  849. 848. 849. 849. 848. 849. 850. 850. 850. 850. 850. 849. 849. 849.
  849. 849. 849. 850. 849. 849. 849. 849. 799. 799. 800. 800.]
 [229. 416. 508. 585. 620. 659. 686. 695. 701. 712. 718. 734. 732. 751.
  745. 744. 752. 756. 754. 764. 764. 765. 769. 769. 770. 771. 770. 777.
  778. 774. 780. 780. 778. 776. 779. 784. 732. 734. 734. 734.]
 [306. 481. 577. 602. 640. 663. 693. 697. 709. 720. 719. 727. 732. 730.
  739. 743. 748. 748. 757. 757. 755. 761. 756. 755. 766. 771. 767. 764.
  767. 766. 773. 772. 772. 776. 774. 776. 732. 732. 734. 737.]]
##############################
[[120. 209. 268. 310. 342. 346. 376. 396. 409. 419. 425. 416. 430. 441.
  449. 440. 444. 449. 434. 459. 443. 456. 462. 461. 463. 470. 465. 469.
  470. 472. 466. 486. 471. 475. 479. 486. 481. 457. 461. 456.]
 [715. 821. 834. 844. 848. 847. 848. 848. 848. 849. 848. 848. 849. 849.
  849. 848. 849. 849. 848. 849. 850. 850. 850. 850. 850. 849. 849. 849.
  849. 849. 849. 850. 849. 849. 849. 849. 849. 799. 800. 800.]
 [229. 416. 508. 585. 620. 659. 686. 695. 701. 712. 718. 734. 732. 751.
  745. 744. 752. 756. 754. 764. 764. 765. 769. 769. 770. 771. 770. 777.
  778. 774. 780. 780. 778. 776. 779. 784. 779. 734. 734. 734.]
 [306. 481. 577. 602. 640. 663. 693. 697. 709. 720. 719. 727. 732. 730.
  739. 743. 748. 748. 757. 757. 755. 761. 756. 755. 766. 771. 767. 764.
  767. 766. 773. 772. 772. 776. 774. 776. 778. 732. 734. 737.]]
##############################
[[120. 209. 268. 310. 342. 346. 376. 396. 409. 419. 425. 416. 430. 441.
  449. 440. 444. 449. 434. 459. 443. 456. 462. 461. 463. 470. 465. 469.
  470. 472. 466. 486. 471. 475. 479. 486. 481. 477. 461. 456.]
 [715. 821. 834. 844. 848. 847. 848. 848. 848. 849. 848. 848. 849. 849.
  849. 848. 849. 849. 848. 849. 850. 850. 850. 850. 850. 849. 849. 849.
  849. 849. 849. 850. 849. 849. 849. 849. 849. 849. 800. 800.]
 [229. 416. 508. 585. 620. 659. 686. 695. 701. 712. 718. 734. 732. 751.
  745. 744. 752. 756. 754. 764. 764. 765. 769. 769. 770. 771. 770. 777.
  778. 774. 780. 780. 778. 776. 779. 784. 779. 781. 734. 734.]
 [306. 481. 577. 602. 640. 663. 693. 697. 709. 720. 719. 727. 732. 730.
  739. 743. 748. 748. 757. 757. 755. 761. 756. 755. 766. 771. 767. 764.
  767. 766. 773. 772. 772. 776. 774. 776. 778. 777. 734. 737.]]
##############################
[[120. 209. 268. 310. 342. 346. 376. 396. 409. 419. 425. 416. 430. 441.
  449. 440. 444. 449. 434. 459. 443. 456. 462. 461. 463. 470. 465. 469.
  470. 472. 466. 486. 471. 475. 479. 486. 481. 477. 486. 456.]
 [715. 821. 834. 844. 848. 847. 848. 848. 848. 849. 848. 848. 849. 849.
  849. 848. 849. 849. 848. 849. 850. 850. 850. 850. 850. 849. 849. 849.
  849. 849. 849. 850. 849. 849. 849. 849. 849. 849. 850. 800.]
 [229. 416. 508. 585. 620. 659. 686. 695. 701. 712. 718. 734. 732. 751.
  745. 744. 752. 756. 754. 764. 764. 765. 769. 769. 770. 771. 770. 777.
  778. 774. 780. 780. 778. 776. 779. 784. 779. 781. 782. 734.]
 [306. 481. 577. 602. 640. 663. 693. 697. 709. 720. 719. 727. 732. 730.
  739. 743. 748. 748. 757. 757. 755. 761. 756. 755. 766. 771. 767. 764.
  767. 766. 773. 772. 772. 776. 774. 776. 778. 777. 780. 737.]]
##############################
[[120. 209. 268. 310. 342. 346. 376. 396. 409. 419. 425. 416. 430. 441.
  449. 440. 444. 449. 434. 459. 443. 456. 462. 461. 463. 470. 465. 469.
  470. 472. 466. 486. 471. 475. 479. 486. 481. 477. 486. 480.]
 [715. 821. 834. 844. 848. 847. 848. 848. 848. 849. 848. 848. 849. 849.
  849. 848. 849. 849. 848. 849. 850. 850. 850. 850. 850. 849. 849. 849.
  849. 849. 849. 850. 849. 849. 849. 849. 849. 849. 850. 850.]
 [229. 416. 508. 585. 620. 659. 686. 695. 701. 712. 718. 734. 732. 751.
  745. 744. 752. 756. 754. 764. 764. 765. 769. 769. 770. 771. 770. 777.
  778. 774. 780. 780. 778. 776. 779. 784. 779. 781. 782. 781.]
 [306. 481. 577. 602. 640. 663. 693. 697. 709. 720. 719. 727. 732. 730.
  739. 743. 748. 748. 757. 757. 755. 761. 756. 755. 766. 771. 767. 764.
  767. 766. 773. 772. 772. 776. 774. 776. 778. 777. 780. 781.]]
##############################
##################################################
##################################################
starting :18 batch
[[127. 209. 268. 310. 342. 346. 376. 396. 409. 419. 425. 416. 430. 441.
  449. 440. 444. 449. 434. 459. 443. 456. 462. 461. 463. 470. 465. 469.
  470. 472. 466. 486. 471. 475. 479. 486. 481. 477. 486. 480.]
 [757. 821. 834. 844. 848. 847. 848. 848. 848. 849. 848. 848. 849. 849.
  849. 848. 849. 849. 848. 849. 850. 850. 850. 850. 850. 849. 849. 849.
  849. 849. 849. 850. 849. 849. 849. 849. 849. 849. 850. 850.]
 [246. 416. 508. 585. 620. 659. 686. 695. 701. 712. 718. 734. 732. 751.
  745. 744. 752. 756. 754. 764. 764. 765. 769. 769. 770. 771. 770. 777.
  778. 774. 780. 780. 778. 776. 779. 784. 779. 781. 782. 781.]
 [325. 481. 577. 602. 640. 663. 693. 697. 709. 720. 719. 727. 732. 730.
  739. 743. 748. 748. 757. 757. 755. 761. 756. 755. 766. 771. 767. 764.
  767. 766. 773. 772. 772. 776. 774. 776. 778. 777. 780. 781.]]
##############################
[[127. 217. 268. 310. 342. 346. 376. 396. 409. 419. 425. 416. 430. 441.
  449. 440. 444. 449. 434. 459. 443. 456. 462. 461. 463. 470. 465. 469.
  470. 472. 466. 486. 471. 475. 479. 486. 481. 477. 486. 480.]
 [757. 870. 834. 844. 848. 847. 848. 848. 848. 849. 848. 848. 849. 849.
  849. 848. 849. 849. 848. 849. 850. 850. 850. 850. 850. 849. 849. 849.
  849. 849. 849. 850. 849. 849. 849. 849. 849. 849. 850. 850.]
 [246. 440. 508. 585. 620. 659. 686. 695. 701. 712. 718. 734. 732. 751.
  745. 744. 752. 756. 754. 764. 764. 765. 769. 769. 770. 771. 770. 777.
  778. 774. 780. 780. 778. 776. 779. 784. 779. 781. 782. 781.]
 [325. 509. 577. 602. 640. 663. 693. 697. 709. 720. 719. 727. 732. 730.
  739. 743. 748. 748. 757. 757. 755. 761. 756. 755. 766. 771. 767. 764.
  767. 766. 773. 772. 772. 776. 774. 776. 778. 777. 780. 781.]]
##############################
[[127. 217. 280. 310. 342. 346. 376. 396. 409. 419. 425. 416. 430. 441.
  449. 440. 444. 449. 434. 459. 443. 456. 462. 461. 463. 470. 465. 469.
  470. 472. 466. 486. 471. 475. 479. 486. 481. 477. 486. 480.]
 [757. 870. 883. 844. 848. 847. 848. 848. 848. 849. 848. 848. 849. 849.
  849. 848. 849. 849. 848. 849. 850. 850. 850. 850. 850. 849. 849. 849.
  849. 849. 849. 850. 849. 849. 849. 849. 849. 849. 850. 850.]
 [246. 440. 541. 585. 620. 659. 686. 695. 701. 712. 718. 734. 732. 751.
  745. 744. 752. 756. 754. 764. 764. 765. 769. 769. 770. 771. 770. 777.
  778. 774. 780. 780. 778. 776. 779. 784. 779. 781. 782. 781.]
 [325. 509. 610. 602. 640. 663. 693. 697. 709. 720. 719. 727. 732. 730.
  739. 743. 748. 748. 757. 757. 755. 761. 756. 755. 766. 771. 767. 764.
  767. 766. 773. 772. 772. 776. 774. 776. 778. 777. 780. 781.]]
##############################
[[127. 217. 280. 324. 342. 346. 376. 396. 409. 419. 425. 416. 430. 441.
  449. 440. 444. 449. 434. 459. 443. 456. 462. 461. 463. 470. 465. 469.
  470. 472. 466. 486. 471. 475. 479. 486. 481. 477. 486. 480.]
 [757. 870. 883. 894. 848. 847. 848. 848. 848. 849. 848. 848. 849. 849.
  849. 848. 849. 849. 848. 849. 850. 850. 850. 850. 850. 849. 849. 849.
  849. 849. 849. 850. 849. 849. 849. 849. 849. 849. 850. 850.]
 [246. 440. 541. 621. 620. 659. 686. 695. 701. 712. 718. 734. 732. 751.
  745. 744. 752. 756. 754. 764. 764. 765. 769. 769. 770. 771. 770. 777.
  778. 774. 780. 780. 778. 776. 779. 784. 779. 781. 782. 781.]
 [325. 509. 610. 640. 640. 663. 693. 697. 709. 720. 719. 727. 732. 730.
  739. 743. 748. 748. 757. 757. 755. 761. 756. 755. 766. 771. 767. 764.
  767. 766. 773. 772. 772. 776. 774. 776. 778. 777. 780. 781.]]
##############################
[[127. 217. 280. 324. 358. 346. 376. 396. 409. 419. 425. 416. 430. 441.
  449. 440. 444. 449. 434. 459. 443. 456. 462. 461. 463. 470. 465. 469.
  470. 472. 466. 486. 471. 475. 479. 486. 481. 477. 486. 480.]
 [757. 870. 883. 894. 898. 847. 848. 848. 848. 849. 848. 848. 849. 849.
  849. 848. 849. 849. 848. 849. 850. 850. 850. 850. 850. 849. 849. 849.
  849. 849. 849. 850. 849. 849. 849. 849. 849. 849. 850. 850.]
 [246. 440. 541. 621. 660. 659. 686. 695. 701. 712. 718. 734. 732. 751.
  745. 744. 752. 756. 754. 764. 764. 765. 769. 769. 770. 771. 770. 777.
  778. 774. 780. 780. 778. 776. 779. 784. 779. 781. 782. 781.]
 [325. 509. 610. 640. 680. 663. 693. 697. 709. 720. 719. 727. 732. 730.
  739. 743. 748. 748. 757. 757. 755. 761. 756. 755. 766. 771. 767. 764.
  767. 766. 773. 772. 772. 776. 774. 776. 778. 777. 780. 781.]]
##############################
[[127. 217. 280. 324. 358. 362. 376. 396. 409. 419. 425. 416. 430. 441.
  449. 440. 444. 449. 434. 459. 443. 456. 462. 461. 463. 470. 465. 469.
  470. 472. 466. 486. 471. 475. 479. 486. 481. 477. 486. 480.]
 [757. 870. 883. 894. 898. 897. 848. 848. 848. 849. 848. 848. 849. 849.
  849. 848. 849. 849. 848. 849. 850. 850. 850. 850. 850. 849. 849. 849.
  849. 849. 849. 850. 849. 849. 849. 849. 849. 849. 850. 850.]
 [246. 440. 541. 621. 660. 698. 686. 695. 701. 712. 718. 734. 732. 751.
  745. 744. 752. 756. 754. 764. 764. 765. 769. 769. 770. 771. 770. 777.
  778. 774. 780. 780. 778. 776. 779. 784. 779. 781. 782. 781.]
 [325. 509. 610. 640. 680. 703. 693. 697. 709. 720. 719. 727. 732. 730.
  739. 743. 748. 748. 757. 757. 755. 761. 756. 755. 766. 771. 767. 764.
  767. 766. 773. 772. 772. 776. 774. 776. 778. 777. 780. 781.]]
##############################
[[127. 217. 280. 324. 358. 362. 394. 396. 409. 419. 425. 416. 430. 441.
  449. 440. 444. 449. 434. 459. 443. 456. 462. 461. 463. 470. 465. 469.
  470. 472. 466. 486. 471. 475. 479. 486. 481. 477. 486. 480.]
 [757. 870. 883. 894. 898. 897. 898. 848. 848. 849. 848. 848. 849. 849.
  849. 848. 849. 849. 848. 849. 850. 850. 850. 850. 850. 849. 849. 849.
  849. 849. 849. 850. 849. 849. 849. 849. 849. 849. 850. 850.]
 [246. 440. 541. 621. 660. 698. 723. 695. 701. 712. 718. 734. 732. 751.
  745. 744. 752. 756. 754. 764. 764. 765. 769. 769. 770. 771. 770. 777.
  778. 774. 780. 780. 778. 776. 779. 784. 779. 781. 782. 781.]
 [325. 509. 610. 640. 680. 703. 735. 697. 709. 720. 719. 727. 732. 730.
  739. 743. 748. 748. 757. 757. 755. 761. 756. 755. 766. 771. 767. 764.
  767. 766. 773. 772. 772. 776. 774. 776. 778. 777. 780. 781.]]
##############################
[[127. 217. 280. 324. 358. 362. 394. 415. 409. 419. 425. 416. 430. 441.
  449. 440. 444. 449. 434. 459. 443. 456. 462. 461. 463. 470. 465. 469.
  470. 472. 466. 486. 471. 475. 479. 486. 481. 477. 486. 480.]
 [757. 870. 883. 894. 898. 897. 898. 898. 848. 849. 848. 848. 849. 849.
  849. 848. 849. 849. 848. 849. 850. 850. 850. 850. 850. 849. 849. 849.
  849. 849. 849. 850. 849. 849. 849. 849. 849. 849. 850. 850.]
 [246. 440. 541. 621. 660. 698. 723. 735. 701. 712. 718. 734. 732. 751.
  745. 744. 752. 756. 754. 764. 764. 765. 769. 769. 770. 771. 770. 777.
  778. 774. 780. 780. 778. 776. 779. 784. 779. 781. 782. 781.]
 [325. 509. 610. 640. 680. 703. 735. 740. 709. 720. 719. 727. 732. 730.
  739. 743. 748. 748. 757. 757. 755. 761. 756. 755. 766. 771. 767. 764.
  767. 766. 773. 772. 772. 776. 774. 776. 778. 777. 780. 781.]]
##############################
[[127. 217. 280. 324. 358. 362. 394. 415. 427. 419. 425. 416. 430. 441.
  449. 440. 444. 449. 434. 459. 443. 456. 462. 461. 463. 470. 465. 469.
  470. 472. 466. 486. 471. 475. 479. 486. 481. 477. 486. 480.]
 [757. 870. 883. 894. 898. 897. 898. 898. 898. 849. 848. 848. 849. 849.
  849. 848. 849. 849. 848. 849. 850. 850. 850. 850. 850. 849. 849. 849.
  849. 849. 849. 850. 849. 849. 849. 849. 849. 849. 850. 850.]
 [246. 440. 541. 621. 660. 698. 723. 735. 742. 712. 718. 734. 732. 751.
  745. 744. 752. 756. 754. 764. 764. 765. 769. 769. 770. 771. 770. 777.
  778. 774. 780. 780. 778. 776. 779. 784. 779. 781. 782. 781.]
 [325. 509. 610. 640. 680. 703. 735. 740. 752. 720. 719. 727. 732. 730.
  739. 743. 748. 748. 757. 757. 755. 761. 756. 755. 766. 771. 767. 764.
  767. 766. 773. 772. 772. 776. 774. 776. 778. 777. 780. 781.]]
##############################
[[127. 217. 280. 324. 358. 362. 394. 415. 427. 438. 425. 416. 430. 441.
  449. 440. 444. 449. 434. 459. 443. 456. 462. 461. 463. 470. 465. 469.
  470. 472. 466. 486. 471. 475. 479. 486. 481. 477. 486. 480.]
 [757. 870. 883. 894. 898. 897. 898. 898. 898. 899. 848. 848. 849. 849.
  849. 848. 849. 849. 848. 849. 850. 850. 850. 850. 850. 849. 849. 849.
  849. 849. 849. 850. 849. 849. 849. 849. 849. 849. 850. 850.]
 [246. 440. 541. 621. 660. 698. 723. 735. 742. 754. 718. 734. 732. 751.
  745. 744. 752. 756. 754. 764. 764. 765. 769. 769. 770. 771. 770. 777.
  778. 774. 780. 780. 778. 776. 779. 784. 779. 781. 782. 781.]
 [325. 509. 610. 640. 680. 703. 735. 740. 752. 761. 719. 727. 732. 730.
  739. 743. 748. 748. 757. 757. 755. 761. 756. 755. 766. 771. 767. 764.
  767. 766. 773. 772. 772. 776. 774. 776. 778. 777. 780. 781.]]
##############################
[[127. 217. 280. 324. 358. 362. 394. 415. 427. 438. 446. 416. 430. 441.
  449. 440. 444. 449. 434. 459. 443. 456. 462. 461. 463. 470. 465. 469.
  470. 472. 466. 486. 471. 475. 479. 486. 481. 477. 486. 480.]
 [757. 870. 883. 894. 898. 897. 898. 898. 898. 899. 898. 848. 849. 849.
  849. 848. 849. 849. 848. 849. 850. 850. 850. 850. 850. 849. 849. 849.
  849. 849. 849. 850. 849. 849. 849. 849. 849. 849. 850. 850.]
 [246. 440. 541. 621. 660. 698. 723. 735. 742. 754. 760. 734. 732. 751.
  745. 744. 752. 756. 754. 764. 764. 765. 769. 769. 770. 771. 770. 777.
  778. 774. 780. 780. 778. 776. 779. 784. 779. 781. 782. 781.]
 [325. 509. 610. 640. 680. 703. 735. 740. 752. 761. 762. 727. 732. 730.
  739. 743. 748. 748. 757. 757. 755. 761. 756. 755. 766. 771. 767. 764.
  767. 766. 773. 772. 772. 776. 774. 776. 778. 777. 780. 781.]]
##############################
[[127. 217. 280. 324. 358. 362. 394. 415. 427. 438. 446. 434. 430. 441.
  449. 440. 444. 449. 434. 459. 443. 456. 462. 461. 463. 470. 465. 469.
  470. 472. 466. 486. 471. 475. 479. 486. 481. 477. 486. 480.]
 [757. 870. 883. 894. 898. 897. 898. 898. 898. 899. 898. 898. 849. 849.
  849. 848. 849. 849. 848. 849. 850. 850. 850. 850. 850. 849. 849. 849.
  849. 849. 849. 850. 849. 849. 849. 849. 849. 849. 850. 850.]
 [246. 440. 541. 621. 660. 698. 723. 735. 742. 754. 760. 776. 732. 751.
  745. 744. 752. 756. 754. 764. 764. 765. 769. 769. 770. 771. 770. 777.
  778. 774. 780. 780. 778. 776. 779. 784. 779. 781. 782. 781.]
 [325. 509. 610. 640. 680. 703. 735. 740. 752. 761. 762. 769. 732. 730.
  739. 743. 748. 748. 757. 757. 755. 761. 756. 755. 766. 771. 767. 764.
  767. 766. 773. 772. 772. 776. 774. 776. 778. 777. 780. 781.]]
##############################
[[127. 217. 280. 324. 358. 362. 394. 415. 427. 438. 446. 434. 448. 441.
  449. 440. 444. 449. 434. 459. 443. 456. 462. 461. 463. 470. 465. 469.
  470. 472. 466. 486. 471. 475. 479. 486. 481. 477. 486. 480.]
 [757. 870. 883. 894. 898. 897. 898. 898. 898. 899. 898. 898. 899. 849.
  849. 848. 849. 849. 848. 849. 850. 850. 850. 850. 850. 849. 849. 849.
  849. 849. 849. 850. 849. 849. 849. 849. 849. 849. 850. 850.]
 [246. 440. 541. 621. 660. 698. 723. 735. 742. 754. 760. 776. 775. 751.
  745. 744. 752. 756. 754. 764. 764. 765. 769. 769. 770. 771. 770. 777.
  778. 774. 780. 780. 778. 776. 779. 784. 779. 781. 782. 781.]
 [325. 509. 610. 640. 680. 703. 735. 740. 752. 761. 762. 769. 776. 730.
  739. 743. 748. 748. 757. 757. 755. 761. 756. 755. 766. 771. 767. 764.
  767. 766. 773. 772. 772. 776. 774. 776. 778. 777. 780. 781.]]
##############################
[[127. 217. 280. 324. 358. 362. 394. 415. 427. 438. 446. 434. 448. 462.
  449. 440. 444. 449. 434. 459. 443. 456. 462. 461. 463. 470. 465. 469.
  470. 472. 466. 486. 471. 475. 479. 486. 481. 477. 486. 480.]
 [757. 870. 883. 894. 898. 897. 898. 898. 898. 899. 898. 898. 899. 899.
  849. 848. 849. 849. 848. 849. 850. 850. 850. 850. 850. 849. 849. 849.
  849. 849. 849. 850. 849. 849. 849. 849. 849. 849. 850. 850.]
 [246. 440. 541. 621. 660. 698. 723. 735. 742. 754. 760. 776. 775. 794.
  745. 744. 752. 756. 754. 764. 764. 765. 769. 769. 770. 771. 770. 777.
  778. 774. 780. 780. 778. 776. 779. 784. 779. 781. 782. 781.]
 [325. 509. 610. 640. 680. 703. 735. 740. 752. 761. 762. 769. 776. 776.
  739. 743. 748. 748. 757. 757. 755. 761. 756. 755. 766. 771. 767. 764.
  767. 766. 773. 772. 772. 776. 774. 776. 778. 777. 780. 781.]]
##############################
[[127. 217. 280. 324. 358. 362. 394. 415. 427. 438. 446. 434. 448. 462.
  470. 440. 444. 449. 434. 459. 443. 456. 462. 461. 463. 470. 465. 469.
  470. 472. 466. 486. 471. 475. 479. 486. 481. 477. 486. 480.]
 [757. 870. 883. 894. 898. 897. 898. 898. 898. 899. 898. 898. 899. 899.
  899. 848. 849. 849. 848. 849. 850. 850. 850. 850. 850. 849. 849. 849.
  849. 849. 849. 850. 849. 849. 849. 849. 849. 849. 850. 850.]
 [246. 440. 541. 621. 660. 698. 723. 735. 742. 754. 760. 776. 775. 794.
  789. 744. 752. 756. 754. 764. 764. 765. 769. 769. 770. 771. 770. 777.
  778. 774. 780. 780. 778. 776. 779. 784. 779. 781. 782. 781.]
 [325. 509. 610. 640. 680. 703. 735. 740. 752. 761. 762. 769. 776. 776.
  782. 743. 748. 748. 757. 757. 755. 761. 756. 755. 766. 771. 767. 764.
  767. 766. 773. 772. 772. 776. 774. 776. 778. 777. 780. 781.]]
##############################
[[127. 217. 280. 324. 358. 362. 394. 415. 427. 438. 446. 434. 448. 462.
  470. 460. 444. 449. 434. 459. 443. 456. 462. 461. 463. 470. 465. 469.
  470. 472. 466. 486. 471. 475. 479. 486. 481. 477. 486. 480.]
 [757. 870. 883. 894. 898. 897. 898. 898. 898. 899. 898. 898. 899. 899.
  899. 898. 849. 849. 848. 849. 850. 850. 850. 850. 850. 849. 849. 849.
  849. 849. 849. 850. 849. 849. 849. 849. 849. 849. 850. 850.]
 [246. 440. 541. 621. 660. 698. 723. 735. 742. 754. 760. 776. 775. 794.
  789. 788. 752. 756. 754. 764. 764. 765. 769. 769. 770. 771. 770. 777.
  778. 774. 780. 780. 778. 776. 779. 784. 779. 781. 782. 781.]
 [325. 509. 610. 640. 680. 703. 735. 740. 752. 761. 762. 769. 776. 776.
  782. 789. 748. 748. 757. 757. 755. 761. 756. 755. 766. 771. 767. 764.
  767. 766. 773. 772. 772. 776. 774. 776. 778. 777. 780. 781.]]
##############################
[[127. 217. 280. 324. 358. 362. 394. 415. 427. 438. 446. 434. 448. 462.
  470. 460. 466. 449. 434. 459. 443. 456. 462. 461. 463. 470. 465. 469.
  470. 472. 466. 486. 471. 475. 479. 486. 481. 477. 486. 480.]
 [757. 870. 883. 894. 898. 897. 898. 898. 898. 899. 898. 898. 899. 899.
  899. 898. 899. 849. 848. 849. 850. 850. 850. 850. 850. 849. 849. 849.
  849. 849. 849. 850. 849. 849. 849. 849. 849. 849. 850. 850.]
 [246. 440. 541. 621. 660. 698. 723. 735. 742. 754. 760. 776. 775. 794.
  789. 788. 796. 756. 754. 764. 764. 765. 769. 769. 770. 771. 770. 777.
  778. 774. 780. 780. 778. 776. 779. 784. 779. 781. 782. 781.]
 [325. 509. 610. 640. 680. 703. 735. 740. 752. 761. 762. 769. 776. 776.
  782. 789. 794. 748. 757. 757. 755. 761. 756. 755. 766. 771. 767. 764.
  767. 766. 773. 772. 772. 776. 774. 776. 778. 777. 780. 781.]]
##############################
[[127. 217. 280. 324. 358. 362. 394. 415. 427. 438. 446. 434. 448. 462.
  470. 460. 466. 472. 434. 459. 443. 456. 462. 461. 463. 470. 465. 469.
  470. 472. 466. 486. 471. 475. 479. 486. 481. 477. 486. 480.]
 [757. 870. 883. 894. 898. 897. 898. 898. 898. 899. 898. 898. 899. 899.
  899. 898. 899. 899. 848. 849. 850. 850. 850. 850. 850. 849. 849. 849.
  849. 849. 849. 850. 849. 849. 849. 849. 849. 849. 850. 850.]
 [246. 440. 541. 621. 660. 698. 723. 735. 742. 754. 760. 776. 775. 794.
  789. 788. 796. 801. 754. 764. 764. 765. 769. 769. 770. 771. 770. 777.
  778. 774. 780. 780. 778. 776. 779. 784. 779. 781. 782. 781.]
 [325. 509. 610. 640. 680. 703. 735. 740. 752. 761. 762. 769. 776. 776.
  782. 789. 794. 794. 757. 757. 755. 761. 756. 755. 766. 771. 767. 764.
  767. 766. 773. 772. 772. 776. 774. 776. 778. 777. 780. 781.]]
##############################
[[127. 217. 280. 324. 358. 362. 394. 415. 427. 438. 446. 434. 448. 462.
  470. 460. 466. 472. 458. 459. 443. 456. 462. 461. 463. 470. 465. 469.
  470. 472. 466. 486. 471. 475. 479. 486. 481. 477. 486. 480.]
 [757. 870. 883. 894. 898. 897. 898. 898. 898. 899. 898. 898. 899. 899.
  899. 898. 899. 899. 898. 849. 850. 850. 850. 850. 850. 849. 849. 849.
  849. 849. 849. 850. 849. 849. 849. 849. 849. 849. 850. 850.]
 [246. 440. 541. 621. 660. 698. 723. 735. 742. 754. 760. 776. 775. 794.
  789. 788. 796. 801. 801. 764. 764. 765. 769. 769. 770. 771. 770. 777.
  778. 774. 780. 780. 778. 776. 779. 784. 779. 781. 782. 781.]
 [325. 509. 610. 640. 680. 703. 735. 740. 752. 761. 762. 769. 776. 776.
  782. 789. 794. 794. 802. 757. 755. 761. 756. 755. 766. 771. 767. 764.
  767. 766. 773. 772. 772. 776. 774. 776. 778. 777. 780. 781.]]
##############################
[[127. 217. 280. 324. 358. 362. 394. 415. 427. 438. 446. 434. 448. 462.
  470. 460. 466. 472. 458. 481. 443. 456. 462. 461. 463. 470. 465. 469.
  470. 472. 466. 486. 471. 475. 479. 486. 481. 477. 486. 480.]
 [757. 870. 883. 894. 898. 897. 898. 898. 898. 899. 898. 898. 899. 899.
  899. 898. 899. 899. 898. 899. 850. 850. 850. 850. 850. 849. 849. 849.
  849. 849. 849. 850. 849. 849. 849. 849. 849. 849. 850. 850.]
 [246. 440. 541. 621. 660. 698. 723. 735. 742. 754. 760. 776. 775. 794.
  789. 788. 796. 801. 801. 810. 764. 765. 769. 769. 770. 771. 770. 777.
  778. 774. 780. 780. 778. 776. 779. 784. 779. 781. 782. 781.]
 [325. 509. 610. 640. 680. 703. 735. 740. 752. 761. 762. 769. 776. 776.
  782. 789. 794. 794. 802. 804. 755. 761. 756. 755. 766. 771. 767. 764.
  767. 766. 773. 772. 772. 776. 774. 776. 778. 777. 780. 781.]]
##############################
[[127. 217. 280. 324. 358. 362. 394. 415. 427. 438. 446. 434. 448. 462.
  470. 460. 466. 472. 458. 481. 468. 456. 462. 461. 463. 470. 465. 469.
  470. 472. 466. 486. 471. 475. 479. 486. 481. 477. 486. 480.]
 [757. 870. 883. 894. 898. 897. 898. 898. 898. 899. 898. 898. 899. 899.
  899. 898. 899. 899. 898. 899. 900. 850. 850. 850. 850. 849. 849. 849.
  849. 849. 849. 850. 849. 849. 849. 849. 849. 849. 850. 850.]
 [246. 440. 541. 621. 660. 698. 723. 735. 742. 754. 760. 776. 775. 794.
  789. 788. 796. 801. 801. 810. 809. 765. 769. 769. 770. 771. 770. 777.
  778. 774. 780. 780. 778. 776. 779. 784. 779. 781. 782. 781.]
 [325. 509. 610. 640. 680. 703. 735. 740. 752. 761. 762. 769. 776. 776.
  782. 789. 794. 794. 802. 804. 802. 761. 756. 755. 766. 771. 767. 764.
  767. 766. 773. 772. 772. 776. 774. 776. 778. 777. 780. 781.]]
##############################
[[127. 217. 280. 324. 358. 362. 394. 415. 427. 438. 446. 434. 448. 462.
  470. 460. 466. 472. 458. 481. 468. 479. 462. 461. 463. 470. 465. 469.
  470. 472. 466. 486. 471. 475. 479. 486. 481. 477. 486. 480.]
 [757. 870. 883. 894. 898. 897. 898. 898. 898. 899. 898. 898. 899. 899.
  899. 898. 899. 899. 898. 899. 900. 900. 850. 850. 850. 849. 849. 849.
  849. 849. 849. 850. 849. 849. 849. 849. 849. 849. 850. 850.]
 [246. 440. 541. 621. 660. 698. 723. 735. 742. 754. 760. 776. 775. 794.
  789. 788. 796. 801. 801. 810. 809. 810. 769. 769. 770. 771. 770. 777.
  778. 774. 780. 780. 778. 776. 779. 784. 779. 781. 782. 781.]
 [325. 509. 610. 640. 680. 703. 735. 740. 752. 761. 762. 769. 776. 776.
  782. 789. 794. 794. 802. 804. 802. 809. 756. 755. 766. 771. 767. 764.
  767. 766. 773. 772. 772. 776. 774. 776. 778. 777. 780. 781.]]
##############################
[[127. 217. 280. 324. 358. 362. 394. 415. 427. 438. 446. 434. 448. 462.
  470. 460. 466. 472. 458. 481. 468. 479. 483. 461. 463. 470. 465. 469.
  470. 472. 466. 486. 471. 475. 479. 486. 481. 477. 486. 480.]
 [757. 870. 883. 894. 898. 897. 898. 898. 898. 899. 898. 898. 899. 899.
  899. 898. 899. 899. 898. 899. 900. 900. 900. 850. 850. 849. 849. 849.
  849. 849. 849. 850. 849. 849. 849. 849. 849. 849. 850. 850.]
 [246. 440. 541. 621. 660. 698. 723. 735. 742. 754. 760. 776. 775. 794.
  789. 788. 796. 801. 801. 810. 809. 810. 815. 769. 770. 771. 770. 777.
  778. 774. 780. 780. 778. 776. 779. 784. 779. 781. 782. 781.]
 [325. 509. 610. 640. 680. 703. 735. 740. 752. 761. 762. 769. 776. 776.
  782. 789. 794. 794. 802. 804. 802. 809. 802. 755. 766. 771. 767. 764.
  767. 766. 773. 772. 772. 776. 774. 776. 778. 777. 780. 781.]]
##############################
[[127. 217. 280. 324. 358. 362. 394. 415. 427. 438. 446. 434. 448. 462.
  470. 460. 466. 472. 458. 481. 468. 479. 483. 482. 463. 470. 465. 469.
  470. 472. 466. 486. 471. 475. 479. 486. 481. 477. 486. 480.]
 [757. 870. 883. 894. 898. 897. 898. 898. 898. 899. 898. 898. 899. 899.
  899. 898. 899. 899. 898. 899. 900. 900. 900. 900. 850. 849. 849. 849.
  849. 849. 849. 850. 849. 849. 849. 849. 849. 849. 850. 850.]
 [246. 440. 541. 621. 660. 698. 723. 735. 742. 754. 760. 776. 775. 794.
  789. 788. 796. 801. 801. 810. 809. 810. 815. 814. 770. 771. 770. 777.
  778. 774. 780. 780. 778. 776. 779. 784. 779. 781. 782. 781.]
 [325. 509. 610. 640. 680. 703. 735. 740. 752. 761. 762. 769. 776. 776.
  782. 789. 794. 794. 802. 804. 802. 809. 802. 802. 766. 771. 767. 764.
  767. 766. 773. 772. 772. 776. 774. 776. 778. 777. 780. 781.]]
##############################
[[127. 217. 280. 324. 358. 362. 394. 415. 427. 438. 446. 434. 448. 462.
  470. 460. 466. 472. 458. 481. 468. 479. 483. 482. 486. 470. 465. 469.
  470. 472. 466. 486. 471. 475. 479. 486. 481. 477. 486. 480.]
 [757. 870. 883. 894. 898. 897. 898. 898. 898. 899. 898. 898. 899. 899.
  899. 898. 899. 899. 898. 899. 900. 900. 900. 900. 900. 849. 849. 849.
  849. 849. 849. 850. 849. 849. 849. 849. 849. 849. 850. 850.]
 [246. 440. 541. 621. 660. 698. 723. 735. 742. 754. 760. 776. 775. 794.
  789. 788. 796. 801. 801. 810. 809. 810. 815. 814. 815. 771. 770. 777.
  778. 774. 780. 780. 778. 776. 779. 784. 779. 781. 782. 781.]
 [325. 509. 610. 640. 680. 703. 735. 740. 752. 761. 762. 769. 776. 776.
  782. 789. 794. 794. 802. 804. 802. 809. 802. 802. 813. 771. 767. 764.
  767. 766. 773. 772. 772. 776. 774. 776. 778. 777. 780. 781.]]
##############################
[[127. 217. 280. 324. 358. 362. 394. 415. 427. 438. 446. 434. 448. 462.
  470. 460. 466. 472. 458. 481. 468. 479. 483. 482. 486. 495. 465. 469.
  470. 472. 466. 486. 471. 475. 479. 486. 481. 477. 486. 480.]
 [757. 870. 883. 894. 898. 897. 898. 898. 898. 899. 898. 898. 899. 899.
  899. 898. 899. 899. 898. 899. 900. 900. 900. 900. 900. 899. 849. 849.
  849. 849. 849. 850. 849. 849. 849. 849. 849. 849. 850. 850.]
 [246. 440. 541. 621. 660. 698. 723. 735. 742. 754. 760. 776. 775. 794.
  789. 788. 796. 801. 801. 810. 809. 810. 815. 814. 815. 817. 770. 777.
  778. 774. 780. 780. 778. 776. 779. 784. 779. 781. 782. 781.]
 [325. 509. 610. 640. 680. 703. 735. 740. 752. 761. 762. 769. 776. 776.
  782. 789. 794. 794. 802. 804. 802. 809. 802. 802. 813. 818. 767. 764.
  767. 766. 773. 772. 772. 776. 774. 776. 778. 777. 780. 781.]]
##############################
[[127. 217. 280. 324. 358. 362. 394. 415. 427. 438. 446. 434. 448. 462.
  470. 460. 466. 472. 458. 481. 468. 479. 483. 482. 486. 495. 493. 469.
  470. 472. 466. 486. 471. 475. 479. 486. 481. 477. 486. 480.]
 [757. 870. 883. 894. 898. 897. 898. 898. 898. 899. 898. 898. 899. 899.
  899. 898. 899. 899. 898. 899. 900. 900. 900. 900. 900. 899. 899. 849.
  849. 849. 849. 850. 849. 849. 849. 849. 849. 849. 850. 850.]
 [246. 440. 541. 621. 660. 698. 723. 735. 742. 754. 760. 776. 775. 794.
  789. 788. 796. 801. 801. 810. 809. 810. 815. 814. 815. 817. 817. 777.
  778. 774. 780. 780. 778. 776. 779. 784. 779. 781. 782. 781.]
 [325. 509. 610. 640. 680. 703. 735. 740. 752. 761. 762. 769. 776. 776.
  782. 789. 794. 794. 802. 804. 802. 809. 802. 802. 813. 818. 813. 764.
  767. 766. 773. 772. 772. 776. 774. 776. 778. 777. 780. 781.]]
##############################
[[127. 217. 280. 324. 358. 362. 394. 415. 427. 438. 446. 434. 448. 462.
  470. 460. 466. 472. 458. 481. 468. 479. 483. 482. 486. 495. 493. 495.
  470. 472. 466. 486. 471. 475. 479. 486. 481. 477. 486. 480.]
 [757. 870. 883. 894. 898. 897. 898. 898. 898. 899. 898. 898. 899. 899.
  899. 898. 899. 899. 898. 899. 900. 900. 900. 900. 900. 899. 899. 899.
  849. 849. 849. 850. 849. 849. 849. 849. 849. 849. 850. 850.]
 [246. 440. 541. 621. 660. 698. 723. 735. 742. 754. 760. 776. 775. 794.
  789. 788. 796. 801. 801. 810. 809. 810. 815. 814. 815. 817. 817. 823.
  778. 774. 780. 780. 778. 776. 779. 784. 779. 781. 782. 781.]
 [325. 509. 610. 640. 680. 703. 735. 740. 752. 761. 762. 769. 776. 776.
  782. 789. 794. 794. 802. 804. 802. 809. 802. 802. 813. 818. 813. 811.
  767. 766. 773. 772. 772. 776. 774. 776. 778. 777. 780. 781.]]
##############################
[[127. 217. 280. 324. 358. 362. 394. 415. 427. 438. 446. 434. 448. 462.
  470. 460. 466. 472. 458. 481. 468. 479. 483. 482. 486. 495. 493. 495.
  495. 472. 466. 486. 471. 475. 479. 486. 481. 477. 486. 480.]
 [757. 870. 883. 894. 898. 897. 898. 898. 898. 899. 898. 898. 899. 899.
  899. 898. 899. 899. 898. 899. 900. 900. 900. 900. 900. 899. 899. 899.
  899. 849. 849. 850. 849. 849. 849. 849. 849. 849. 850. 850.]
 [246. 440. 541. 621. 660. 698. 723. 735. 742. 754. 760. 776. 775. 794.
  789. 788. 796. 801. 801. 810. 809. 810. 815. 814. 815. 817. 817. 823.
  824. 774. 780. 780. 778. 776. 779. 784. 779. 781. 782. 781.]
 [325. 509. 610. 640. 680. 703. 735. 740. 752. 761. 762. 769. 776. 776.
  782. 789. 794. 794. 802. 804. 802. 809. 802. 802. 813. 818. 813. 811.
  815. 766. 773. 772. 772. 776. 774. 776. 778. 777. 780. 781.]]
##############################
[[127. 217. 280. 324. 358. 362. 394. 415. 427. 438. 446. 434. 448. 462.
  470. 460. 466. 472. 458. 481. 468. 479. 483. 482. 486. 495. 493. 495.
  495. 497. 466. 486. 471. 475. 479. 486. 481. 477. 486. 480.]
 [757. 870. 883. 894. 898. 897. 898. 898. 898. 899. 898. 898. 899. 899.
  899. 898. 899. 899. 898. 899. 900. 900. 900. 900. 900. 899. 899. 899.
  899. 899. 849. 850. 849. 849. 849. 849. 849. 849. 850. 850.]
 [246. 440. 541. 621. 660. 698. 723. 735. 742. 754. 760. 776. 775. 794.
  789. 788. 796. 801. 801. 810. 809. 810. 815. 814. 815. 817. 817. 823.
  824. 820. 780. 780. 778. 776. 779. 784. 779. 781. 782. 781.]
 [325. 509. 610. 640. 680. 703. 735. 740. 752. 761. 762. 769. 776. 776.
  782. 789. 794. 794. 802. 804. 802. 809. 802. 802. 813. 818. 813. 811.
  815. 813. 773. 772. 772. 776. 774. 776. 778. 777. 780. 781.]]
##############################
[[127. 217. 280. 324. 358. 362. 394. 415. 427. 438. 446. 434. 448. 462.
  470. 460. 466. 472. 458. 481. 468. 479. 483. 482. 486. 495. 493. 495.
  495. 497. 490. 486. 471. 475. 479. 486. 481. 477. 486. 480.]
 [757. 870. 883. 894. 898. 897. 898. 898. 898. 899. 898. 898. 899. 899.
  899. 898. 899. 899. 898. 899. 900. 900. 900. 900. 900. 899. 899. 899.
  899. 899. 899. 850. 849. 849. 849. 849. 849. 849. 850. 850.]
 [246. 440. 541. 621. 660. 698. 723. 735. 742. 754. 760. 776. 775. 794.
  789. 788. 796. 801. 801. 810. 809. 810. 815. 814. 815. 817. 817. 823.
  824. 820. 828. 780. 778. 776. 779. 784. 779. 781. 782. 781.]
 [325. 509. 610. 640. 680. 703. 735. 740. 752. 761. 762. 769. 776. 776.
  782. 789. 794. 794. 802. 804. 802. 809. 802. 802. 813. 818. 813. 811.
  815. 813. 821. 772. 772. 776. 774. 776. 778. 777. 780. 781.]]
##############################
[[127. 217. 280. 324. 358. 362. 394. 415. 427. 438. 446. 434. 448. 462.
  470. 460. 466. 472. 458. 481. 468. 479. 483. 482. 486. 495. 493. 495.
  495. 497. 490. 512. 471. 475. 479. 486. 481. 477. 486. 480.]
 [757. 870. 883. 894. 898. 897. 898. 898. 898. 899. 898. 898. 899. 899.
  899. 898. 899. 899. 898. 899. 900. 900. 900. 900. 900. 899. 899. 899.
  899. 899. 899. 900. 849. 849. 849. 849. 849. 849. 850. 850.]
 [246. 440. 541. 621. 660. 698. 723. 735. 742. 754. 760. 776. 775. 794.
  789. 788. 796. 801. 801. 810. 809. 810. 815. 814. 815. 817. 817. 823.
  824. 820. 828. 828. 778. 776. 779. 784. 779. 781. 782. 781.]
 [325. 509. 610. 640. 680. 703. 735. 740. 752. 761. 762. 769. 776. 776.
  782. 789. 794. 794. 802. 804. 802. 809. 802. 802. 813. 818. 813. 811.
  815. 813. 821. 820. 772. 776. 774. 776. 778. 777. 780. 781.]]
##############################
[[127. 217. 280. 324. 358. 362. 394. 415. 427. 438. 446. 434. 448. 462.
  470. 460. 466. 472. 458. 481. 468. 479. 483. 482. 486. 495. 493. 495.
  495. 497. 490. 512. 496. 475. 479. 486. 481. 477. 486. 480.]
 [757. 870. 883. 894. 898. 897. 898. 898. 898. 899. 898. 898. 899. 899.
  899. 898. 899. 899. 898. 899. 900. 900. 900. 900. 900. 899. 899. 899.
  899. 899. 899. 900. 899. 849. 849. 849. 849. 849. 850. 850.]
 [246. 440. 541. 621. 660. 698. 723. 735. 742. 754. 760. 776. 775. 794.
  789. 788. 796. 801. 801. 810. 809. 810. 815. 814. 815. 817. 817. 823.
  824. 820. 828. 828. 824. 776. 779. 784. 779. 781. 782. 781.]
 [325. 509. 610. 640. 680. 703. 735. 740. 752. 761. 762. 769. 776. 776.
  782. 789. 794. 794. 802. 804. 802. 809. 802. 802. 813. 818. 813. 811.
  815. 813. 821. 820. 819. 776. 774. 776. 778. 777. 780. 781.]]
##############################
[[127. 217. 280. 324. 358. 362. 394. 415. 427. 438. 446. 434. 448. 462.
  470. 460. 466. 472. 458. 481. 468. 479. 483. 482. 486. 495. 493. 495.
  495. 497. 490. 512. 496. 499. 479. 486. 481. 477. 486. 480.]
 [757. 870. 883. 894. 898. 897. 898. 898. 898. 899. 898. 898. 899. 899.
  899. 898. 899. 899. 898. 899. 900. 900. 900. 900. 900. 899. 899. 899.
  899. 899. 899. 900. 899. 899. 849. 849. 849. 849. 850. 850.]
 [246. 440. 541. 621. 660. 698. 723. 735. 742. 754. 760. 776. 775. 794.
  789. 788. 796. 801. 801. 810. 809. 810. 815. 814. 815. 817. 817. 823.
  824. 820. 828. 828. 824. 823. 779. 784. 779. 781. 782. 781.]
 [325. 509. 610. 640. 680. 703. 735. 740. 752. 761. 762. 769. 776. 776.
  782. 789. 794. 794. 802. 804. 802. 809. 802. 802. 813. 818. 813. 811.
  815. 813. 821. 820. 819. 825. 774. 776. 778. 777. 780. 781.]]
##############################
[[127. 217. 280. 324. 358. 362. 394. 415. 427. 438. 446. 434. 448. 462.
  470. 460. 466. 472. 458. 481. 468. 479. 483. 482. 486. 495. 493. 495.
  495. 497. 490. 512. 496. 499. 505. 486. 481. 477. 486. 480.]
 [757. 870. 883. 894. 898. 897. 898. 898. 898. 899. 898. 898. 899. 899.
  899. 898. 899. 899. 898. 899. 900. 900. 900. 900. 900. 899. 899. 899.
  899. 899. 899. 900. 899. 899. 899. 849. 849. 849. 850. 850.]
 [246. 440. 541. 621. 660. 698. 723. 735. 742. 754. 760. 776. 775. 794.
  789. 788. 796. 801. 801. 810. 809. 810. 815. 814. 815. 817. 817. 823.
  824. 820. 828. 828. 824. 823. 827. 784. 779. 781. 782. 781.]
 [325. 509. 610. 640. 680. 703. 735. 740. 752. 761. 762. 769. 776. 776.
  782. 789. 794. 794. 802. 804. 802. 809. 802. 802. 813. 818. 813. 811.
  815. 813. 821. 820. 819. 825. 823. 776. 778. 777. 780. 781.]]
##############################
[[127. 217. 280. 324. 358. 362. 394. 415. 427. 438. 446. 434. 448. 462.
  470. 460. 466. 472. 458. 481. 468. 479. 483. 482. 486. 495. 493. 495.
  495. 497. 490. 512. 496. 499. 505. 514. 481. 477. 486. 480.]
 [757. 870. 883. 894. 898. 897. 898. 898. 898. 899. 898. 898. 899. 899.
  899. 898. 899. 899. 898. 899. 900. 900. 900. 900. 900. 899. 899. 899.
  899. 899. 899. 900. 899. 899. 899. 899. 849. 849. 850. 850.]
 [246. 440. 541. 621. 660. 698. 723. 735. 742. 754. 760. 776. 775. 794.
  789. 788. 796. 801. 801. 810. 809. 810. 815. 814. 815. 817. 817. 823.
  824. 820. 828. 828. 824. 823. 827. 831. 779. 781. 782. 781.]
 [325. 509. 610. 640. 680. 703. 735. 740. 752. 761. 762. 769. 776. 776.
  782. 789. 794. 794. 802. 804. 802. 809. 802. 802. 813. 818. 813. 811.
  815. 813. 821. 820. 819. 825. 823. 824. 778. 777. 780. 781.]]
##############################
[[127. 217. 280. 324. 358. 362. 394. 415. 427. 438. 446. 434. 448. 462.
  470. 460. 466. 472. 458. 481. 468. 479. 483. 482. 486. 495. 493. 495.
  495. 497. 490. 512. 496. 499. 505. 514. 507. 477. 486. 480.]
 [757. 870. 883. 894. 898. 897. 898. 898. 898. 899. 898. 898. 899. 899.
  899. 898. 899. 899. 898. 899. 900. 900. 900. 900. 900. 899. 899. 899.
  899. 899. 899. 900. 899. 899. 899. 899. 899. 849. 850. 850.]
 [246. 440. 541. 621. 660. 698. 723. 735. 742. 754. 760. 776. 775. 794.
  789. 788. 796. 801. 801. 810. 809. 810. 815. 814. 815. 817. 817. 823.
  824. 820. 828. 828. 824. 823. 827. 831. 826. 781. 782. 781.]
 [325. 509. 610. 640. 680. 703. 735. 740. 752. 761. 762. 769. 776. 776.
  782. 789. 794. 794. 802. 804. 802. 809. 802. 802. 813. 818. 813. 811.
  815. 813. 821. 820. 819. 825. 823. 824. 826. 777. 780. 781.]]
##############################
[[127. 217. 280. 324. 358. 362. 394. 415. 427. 438. 446. 434. 448. 462.
  470. 460. 466. 472. 458. 481. 468. 479. 483. 482. 486. 495. 493. 495.
  495. 497. 490. 512. 496. 499. 505. 514. 507. 500. 486. 480.]
 [757. 870. 883. 894. 898. 897. 898. 898. 898. 899. 898. 898. 899. 899.
  899. 898. 899. 899. 898. 899. 900. 900. 900. 900. 900. 899. 899. 899.
  899. 899. 899. 900. 899. 899. 899. 899. 899. 899. 850. 850.]
 [246. 440. 541. 621. 660. 698. 723. 735. 742. 754. 760. 776. 775. 794.
  789. 788. 796. 801. 801. 810. 809. 810. 815. 814. 815. 817. 817. 823.
  824. 820. 828. 828. 824. 823. 827. 831. 826. 829. 782. 781.]
 [325. 509. 610. 640. 680. 703. 735. 740. 752. 761. 762. 769. 776. 776.
  782. 789. 794. 794. 802. 804. 802. 809. 802. 802. 813. 818. 813. 811.
  815. 813. 821. 820. 819. 825. 823. 824. 826. 825. 780. 781.]]
##############################
[[127. 217. 280. 324. 358. 362. 394. 415. 427. 438. 446. 434. 448. 462.
  470. 460. 466. 472. 458. 481. 468. 479. 483. 482. 486. 495. 493. 495.
  495. 497. 490. 512. 496. 499. 505. 514. 507. 500. 511. 480.]
 [757. 870. 883. 894. 898. 897. 898. 898. 898. 899. 898. 898. 899. 899.
  899. 898. 899. 899. 898. 899. 900. 900. 900. 900. 900. 899. 899. 899.
  899. 899. 899. 900. 899. 899. 899. 899. 899. 899. 900. 850.]
 [246. 440. 541. 621. 660. 698. 723. 735. 742. 754. 760. 776. 775. 794.
  789. 788. 796. 801. 801. 810. 809. 810. 815. 814. 815. 817. 817. 823.
  824. 820. 828. 828. 824. 823. 827. 831. 826. 829. 829. 781.]
 [325. 509. 610. 640. 680. 703. 735. 740. 752. 761. 762. 769. 776. 776.
  782. 789. 794. 794. 802. 804. 802. 809. 802. 802. 813. 818. 813. 811.
  815. 813. 821. 820. 819. 825. 823. 824. 826. 825. 828. 781.]]
##############################
[[127. 217. 280. 324. 358. 362. 394. 415. 427. 438. 446. 434. 448. 462.
  470. 460. 466. 472. 458. 481. 468. 479. 483. 482. 486. 495. 493. 495.
  495. 497. 490. 512. 496. 499. 505. 514. 507. 500. 511. 505.]
 [757. 870. 883. 894. 898. 897. 898. 898. 898. 899. 898. 898. 899. 899.
  899. 898. 899. 899. 898. 899. 900. 900. 900. 900. 900. 899. 899. 899.
  899. 899. 899. 900. 899. 899. 899. 899. 899. 899. 900. 900.]
 [246. 440. 541. 621. 660. 698. 723. 735. 742. 754. 760. 776. 775. 794.
  789. 788. 796. 801. 801. 810. 809. 810. 815. 814. 815. 817. 817. 823.
  824. 820. 828. 828. 824. 823. 827. 831. 826. 829. 829. 828.]
 [325. 509. 610. 640. 680. 703. 735. 740. 752. 761. 762. 769. 776. 776.
  782. 789. 794. 794. 802. 804. 802. 809. 802. 802. 813. 818. 813. 811.
  815. 813. 821. 820. 819. 825. 823. 824. 826. 825. 828. 830.]]
##############################
##################################################
##################################################
starting :19 batch
[[135. 217. 280. 324. 358. 362. 394. 415. 427. 438. 446. 434. 448. 462.
  470. 460. 466. 472. 458. 481. 468. 479. 483. 482. 486. 495. 493. 495.
  495. 497. 490. 512. 496. 499. 505. 514. 507. 500. 511. 505.]
 [802. 870. 883. 894. 898. 897. 898. 898. 898. 899. 898. 898. 899. 899.
  899. 898. 899. 899. 898. 899. 900. 900. 900. 900. 900. 899. 899. 899.
  899. 899. 899. 900. 899. 899. 899. 899. 899. 899. 900. 900.]
 [260. 440. 541. 621. 660. 698. 723. 735. 742. 754. 760. 776. 775. 794.
  789. 788. 796. 801. 801. 810. 809. 810. 815. 814. 815. 817. 817. 823.
  824. 820. 828. 828. 824. 823. 827. 831. 826. 829. 829. 828.]
 [347. 509. 610. 640. 680. 703. 735. 740. 752. 761. 762. 769. 776. 776.
  782. 789. 794. 794. 802. 804. 802. 809. 802. 802. 813. 818. 813. 811.
  815. 813. 821. 820. 819. 825. 823. 824. 826. 825. 828. 830.]]
##############################
[[135. 232. 280. 324. 358. 362. 394. 415. 427. 438. 446. 434. 448. 462.
  470. 460. 466. 472. 458. 481. 468. 479. 483. 482. 486. 495. 493. 495.
  495. 497. 490. 512. 496. 499. 505. 514. 507. 500. 511. 505.]
 [802. 918. 883. 894. 898. 897. 898. 898. 898. 899. 898. 898. 899. 899.
  899. 898. 899. 899. 898. 899. 900. 900. 900. 900. 900. 899. 899. 899.
  899. 899. 899. 900. 899. 899. 899. 899. 899. 899. 900. 900.]
 [260. 464. 541. 621. 660. 698. 723. 735. 742. 754. 760. 776. 775. 794.
  789. 788. 796. 801. 801. 810. 809. 810. 815. 814. 815. 817. 817. 823.
  824. 820. 828. 828. 824. 823. 827. 831. 826. 829. 829. 828.]
 [347. 539. 610. 640. 680. 703. 735. 740. 752. 761. 762. 769. 776. 776.
  782. 789. 794. 794. 802. 804. 802. 809. 802. 802. 813. 818. 813. 811.
  815. 813. 821. 820. 819. 825. 823. 824. 826. 825. 828. 830.]]
##############################
[[135. 232. 296. 324. 358. 362. 394. 415. 427. 438. 446. 434. 448. 462.
  470. 460. 466. 472. 458. 481. 468. 479. 483. 482. 486. 495. 493. 495.
  495. 497. 490. 512. 496. 499. 505. 514. 507. 500. 511. 505.]
 [802. 918. 933. 894. 898. 897. 898. 898. 898. 899. 898. 898. 899. 899.
  899. 898. 899. 899. 898. 899. 900. 900. 900. 900. 900. 899. 899. 899.
  899. 899. 899. 900. 899. 899. 899. 899. 899. 899. 900. 900.]
 [260. 464. 569. 621. 660. 698. 723. 735. 742. 754. 760. 776. 775. 794.
  789. 788. 796. 801. 801. 810. 809. 810. 815. 814. 815. 817. 817. 823.
  824. 820. 828. 828. 824. 823. 827. 831. 826. 829. 829. 828.]
 [347. 539. 645. 640. 680. 703. 735. 740. 752. 761. 762. 769. 776. 776.
  782. 789. 794. 794. 802. 804. 802. 809. 802. 802. 813. 818. 813. 811.
  815. 813. 821. 820. 819. 825. 823. 824. 826. 825. 828. 830.]]
##############################
[[135. 232. 296. 348. 358. 362. 394. 415. 427. 438. 446. 434. 448. 462.
  470. 460. 466. 472. 458. 481. 468. 479. 483. 482. 486. 495. 493. 495.
  495. 497. 490. 512. 496. 499. 505. 514. 507. 500. 511. 505.]
 [802. 918. 933. 944. 898. 897. 898. 898. 898. 899. 898. 898. 899. 899.
  899. 898. 899. 899. 898. 899. 900. 900. 900. 900. 900. 899. 899. 899.
  899. 899. 899. 900. 899. 899. 899. 899. 899. 899. 900. 900.]
 [260. 464. 569. 656. 660. 698. 723. 735. 742. 754. 760. 776. 775. 794.
  789. 788. 796. 801. 801. 810. 809. 810. 815. 814. 815. 817. 817. 823.
  824. 820. 828. 828. 824. 823. 827. 831. 826. 829. 829. 828.]
 [347. 539. 645. 678. 680. 703. 735. 740. 752. 761. 762. 769. 776. 776.
  782. 789. 794. 794. 802. 804. 802. 809. 802. 802. 813. 818. 813. 811.
  815. 813. 821. 820. 819. 825. 823. 824. 826. 825. 828. 830.]]
##############################
[[135. 232. 296. 348. 380. 362. 394. 415. 427. 438. 446. 434. 448. 462.
  470. 460. 466. 472. 458. 481. 468. 479. 483. 482. 486. 495. 493. 495.
  495. 497. 490. 512. 496. 499. 505. 514. 507. 500. 511. 505.]
 [802. 918. 933. 944. 948. 897. 898. 898. 898. 899. 898. 898. 899. 899.
  899. 898. 899. 899. 898. 899. 900. 900. 900. 900. 900. 899. 899. 899.
  899. 899. 899. 900. 899. 899. 899. 899. 899. 899. 900. 900.]
 [260. 464. 569. 656. 698. 698. 723. 735. 742. 754. 760. 776. 775. 794.
  789. 788. 796. 801. 801. 810. 809. 810. 815. 814. 815. 817. 817. 823.
  824. 820. 828. 828. 824. 823. 827. 831. 826. 829. 829. 828.]
 [347. 539. 645. 678. 720. 703. 735. 740. 752. 761. 762. 769. 776. 776.
  782. 789. 794. 794. 802. 804. 802. 809. 802. 802. 813. 818. 813. 811.
  815. 813. 821. 820. 819. 825. 823. 824. 826. 825. 828. 830.]]
##############################
[[135. 232. 296. 348. 380. 386. 394. 415. 427. 438. 446. 434. 448. 462.
  470. 460. 466. 472. 458. 481. 468. 479. 483. 482. 486. 495. 493. 495.
  495. 497. 490. 512. 496. 499. 505. 514. 507. 500. 511. 505.]
 [802. 918. 933. 944. 948. 947. 898. 898. 898. 899. 898. 898. 899. 899.
  899. 898. 899. 899. 898. 899. 900. 900. 900. 900. 900. 899. 899. 899.
  899. 899. 899. 900. 899. 899. 899. 899. 899. 899. 900. 900.]
 [260. 464. 569. 656. 698. 735. 723. 735. 742. 754. 760. 776. 775. 794.
  789. 788. 796. 801. 801. 810. 809. 810. 815. 814. 815. 817. 817. 823.
  824. 820. 828. 828. 824. 823. 827. 831. 826. 829. 829. 828.]
 [347. 539. 645. 678. 720. 744. 735. 740. 752. 761. 762. 769. 776. 776.
  782. 789. 794. 794. 802. 804. 802. 809. 802. 802. 813. 818. 813. 811.
  815. 813. 821. 820. 819. 825. 823. 824. 826. 825. 828. 830.]]
##############################
[[135. 232. 296. 348. 380. 386. 420. 415. 427. 438. 446. 434. 448. 462.
  470. 460. 466. 472. 458. 481. 468. 479. 483. 482. 486. 495. 493. 495.
  495. 497. 490. 512. 496. 499. 505. 514. 507. 500. 511. 505.]
 [802. 918. 933. 944. 948. 947. 948. 898. 898. 899. 898. 898. 899. 899.
  899. 898. 899. 899. 898. 899. 900. 900. 900. 900. 900. 899. 899. 899.
  899. 899. 899. 900. 899. 899. 899. 899. 899. 899. 900. 900.]
 [260. 464. 569. 656. 698. 735. 763. 735. 742. 754. 760. 776. 775. 794.
  789. 788. 796. 801. 801. 810. 809. 810. 815. 814. 815. 817. 817. 823.
  824. 820. 828. 828. 824. 823. 827. 831. 826. 829. 829. 828.]
 [347. 539. 645. 678. 720. 744. 776. 740. 752. 761. 762. 769. 776. 776.
  782. 789. 794. 794. 802. 804. 802. 809. 802. 802. 813. 818. 813. 811.
  815. 813. 821. 820. 819. 825. 823. 824. 826. 825. 828. 830.]]
##############################
[[135. 232. 296. 348. 380. 386. 420. 442. 427. 438. 446. 434. 448. 462.
  470. 460. 466. 472. 458. 481. 468. 479. 483. 482. 486. 495. 493. 495.
  495. 497. 490. 512. 496. 499. 505. 514. 507. 500. 511. 505.]
 [802. 918. 933. 944. 948. 947. 948. 948. 898. 899. 898. 898. 899. 899.
  899. 898. 899. 899. 898. 899. 900. 900. 900. 900. 900. 899. 899. 899.
  899. 899. 899. 900. 899. 899. 899. 899. 899. 899. 900. 900.]
 [260. 464. 569. 656. 698. 735. 763. 778. 742. 754. 760. 776. 775. 794.
  789. 788. 796. 801. 801. 810. 809. 810. 815. 814. 815. 817. 817. 823.
  824. 820. 828. 828. 824. 823. 827. 831. 826. 829. 829. 828.]
 [347. 539. 645. 678. 720. 744. 776. 784. 752. 761. 762. 769. 776. 776.
  782. 789. 794. 794. 802. 804. 802. 809. 802. 802. 813. 818. 813. 811.
  815. 813. 821. 820. 819. 825. 823. 824. 826. 825. 828. 830.]]
##############################
[[135. 232. 296. 348. 380. 386. 420. 442. 454. 438. 446. 434. 448. 462.
  470. 460. 466. 472. 458. 481. 468. 479. 483. 482. 486. 495. 493. 495.
  495. 497. 490. 512. 496. 499. 505. 514. 507. 500. 511. 505.]
 [802. 918. 933. 944. 948. 947. 948. 948. 948. 899. 898. 898. 899. 899.
  899. 898. 899. 899. 898. 899. 900. 900. 900. 900. 900. 899. 899. 899.
  899. 899. 899. 900. 899. 899. 899. 899. 899. 899. 900. 900.]
 [260. 464. 569. 656. 698. 735. 763. 778. 782. 754. 760. 776. 775. 794.
  789. 788. 796. 801. 801. 810. 809. 810. 815. 814. 815. 817. 817. 823.
  824. 820. 828. 828. 824. 823. 827. 831. 826. 829. 829. 828.]
 [347. 539. 645. 678. 720. 744. 776. 784. 794. 761. 762. 769. 776. 776.
  782. 789. 794. 794. 802. 804. 802. 809. 802. 802. 813. 818. 813. 811.
  815. 813. 821. 820. 819. 825. 823. 824. 826. 825. 828. 830.]]
##############################
[[135. 232. 296. 348. 380. 386. 420. 442. 454. 466. 446. 434. 448. 462.
  470. 460. 466. 472. 458. 481. 468. 479. 483. 482. 486. 495. 493. 495.
  495. 497. 490. 512. 496. 499. 505. 514. 507. 500. 511. 505.]
 [802. 918. 933. 944. 948. 947. 948. 948. 948. 949. 898. 898. 899. 899.
  899. 898. 899. 899. 898. 899. 900. 900. 900. 900. 900. 899. 899. 899.
  899. 899. 899. 900. 899. 899. 899. 899. 899. 899. 900. 900.]
 [260. 464. 569. 656. 698. 735. 763. 778. 782. 798. 760. 776. 775. 794.
  789. 788. 796. 801. 801. 810. 809. 810. 815. 814. 815. 817. 817. 823.
  824. 820. 828. 828. 824. 823. 827. 831. 826. 829. 829. 828.]
 [347. 539. 645. 678. 720. 744. 776. 784. 794. 803. 762. 769. 776. 776.
  782. 789. 794. 794. 802. 804. 802. 809. 802. 802. 813. 818. 813. 811.
  815. 813. 821. 820. 819. 825. 823. 824. 826. 825. 828. 830.]]
##############################
[[135. 232. 296. 348. 380. 386. 420. 442. 454. 466. 475. 434. 448. 462.
  470. 460. 466. 472. 458. 481. 468. 479. 483. 482. 486. 495. 493. 495.
  495. 497. 490. 512. 496. 499. 505. 514. 507. 500. 511. 505.]
 [802. 918. 933. 944. 948. 947. 948. 948. 948. 949. 948. 898. 899. 899.
  899. 898. 899. 899. 898. 899. 900. 900. 900. 900. 900. 899. 899. 899.
  899. 899. 899. 900. 899. 899. 899. 899. 899. 899. 900. 900.]
 [260. 464. 569. 656. 698. 735. 763. 778. 782. 798. 806. 776. 775. 794.
  789. 788. 796. 801. 801. 810. 809. 810. 815. 814. 815. 817. 817. 823.
  824. 820. 828. 828. 824. 823. 827. 831. 826. 829. 829. 828.]
 [347. 539. 645. 678. 720. 744. 776. 784. 794. 803. 805. 769. 776. 776.
  782. 789. 794. 794. 802. 804. 802. 809. 802. 802. 813. 818. 813. 811.
  815. 813. 821. 820. 819. 825. 823. 824. 826. 825. 828. 830.]]
##############################
[[135. 232. 296. 348. 380. 386. 420. 442. 454. 466. 475. 463. 448. 462.
  470. 460. 466. 472. 458. 481. 468. 479. 483. 482. 486. 495. 493. 495.
  495. 497. 490. 512. 496. 499. 505. 514. 507. 500. 511. 505.]
 [802. 918. 933. 944. 948. 947. 948. 948. 948. 949. 948. 948. 899. 899.
  899. 898. 899. 899. 898. 899. 900. 900. 900. 900. 900. 899. 899. 899.
  899. 899. 899. 900. 899. 899. 899. 899. 899. 899. 900. 900.]
 [260. 464. 569. 656. 698. 735. 763. 778. 782. 798. 806. 820. 775. 794.
  789. 788. 796. 801. 801. 810. 809. 810. 815. 814. 815. 817. 817. 823.
  824. 820. 828. 828. 824. 823. 827. 831. 826. 829. 829. 828.]
 [347. 539. 645. 678. 720. 744. 776. 784. 794. 803. 805. 813. 776. 776.
  782. 789. 794. 794. 802. 804. 802. 809. 802. 802. 813. 818. 813. 811.
  815. 813. 821. 820. 819. 825. 823. 824. 826. 825. 828. 830.]]
##############################
[[135. 232. 296. 348. 380. 386. 420. 442. 454. 466. 475. 463. 477. 462.
  470. 460. 466. 472. 458. 481. 468. 479. 483. 482. 486. 495. 493. 495.
  495. 497. 490. 512. 496. 499. 505. 514. 507. 500. 511. 505.]
 [802. 918. 933. 944. 948. 947. 948. 948. 948. 949. 948. 948. 949. 899.
  899. 898. 899. 899. 898. 899. 900. 900. 900. 900. 900. 899. 899. 899.
  899. 899. 899. 900. 899. 899. 899. 899. 899. 899. 900. 900.]
 [260. 464. 569. 656. 698. 735. 763. 778. 782. 798. 806. 820. 818. 794.
  789. 788. 796. 801. 801. 810. 809. 810. 815. 814. 815. 817. 817. 823.
  824. 820. 828. 828. 824. 823. 827. 831. 826. 829. 829. 828.]
 [347. 539. 645. 678. 720. 744. 776. 784. 794. 803. 805. 813. 821. 776.
  782. 789. 794. 794. 802. 804. 802. 809. 802. 802. 813. 818. 813. 811.
  815. 813. 821. 820. 819. 825. 823. 824. 826. 825. 828. 830.]]
##############################
[[135. 232. 296. 348. 380. 386. 420. 442. 454. 466. 475. 463. 477. 492.
  470. 460. 466. 472. 458. 481. 468. 479. 483. 482. 486. 495. 493. 495.
  495. 497. 490. 512. 496. 499. 505. 514. 507. 500. 511. 505.]
 [802. 918. 933. 944. 948. 947. 948. 948. 948. 949. 948. 948. 949. 949.
  899. 898. 899. 899. 898. 899. 900. 900. 900. 900. 900. 899. 899. 899.
  899. 899. 899. 900. 899. 899. 899. 899. 899. 899. 900. 900.]
 [260. 464. 569. 656. 698. 735. 763. 778. 782. 798. 806. 820. 818. 836.
  789. 788. 796. 801. 801. 810. 809. 810. 815. 814. 815. 817. 817. 823.
  824. 820. 828. 828. 824. 823. 827. 831. 826. 829. 829. 828.]
 [347. 539. 645. 678. 720. 744. 776. 784. 794. 803. 805. 813. 821. 820.
  782. 789. 794. 794. 802. 804. 802. 809. 802. 802. 813. 818. 813. 811.
  815. 813. 821. 820. 819. 825. 823. 824. 826. 825. 828. 830.]]
##############################
[[135. 232. 296. 348. 380. 386. 420. 442. 454. 466. 475. 463. 477. 492.
  498. 460. 466. 472. 458. 481. 468. 479. 483. 482. 486. 495. 493. 495.
  495. 497. 490. 512. 496. 499. 505. 514. 507. 500. 511. 505.]
 [802. 918. 933. 944. 948. 947. 948. 948. 948. 949. 948. 948. 949. 949.
  949. 898. 899. 899. 898. 899. 900. 900. 900. 900. 900. 899. 899. 899.
  899. 899. 899. 900. 899. 899. 899. 899. 899. 899. 900. 900.]
 [260. 464. 569. 656. 698. 735. 763. 778. 782. 798. 806. 820. 818. 836.
  834. 788. 796. 801. 801. 810. 809. 810. 815. 814. 815. 817. 817. 823.
  824. 820. 828. 828. 824. 823. 827. 831. 826. 829. 829. 828.]
 [347. 539. 645. 678. 720. 744. 776. 784. 794. 803. 805. 813. 821. 820.
  826. 789. 794. 794. 802. 804. 802. 809. 802. 802. 813. 818. 813. 811.
  815. 813. 821. 820. 819. 825. 823. 824. 826. 825. 828. 830.]]
##############################
[[135. 232. 296. 348. 380. 386. 420. 442. 454. 466. 475. 463. 477. 492.
  498. 486. 466. 472. 458. 481. 468. 479. 483. 482. 486. 495. 493. 495.
  495. 497. 490. 512. 496. 499. 505. 514. 507. 500. 511. 505.]
 [802. 918. 933. 944. 948. 947. 948. 948. 948. 949. 948. 948. 949. 949.
  949. 948. 899. 899. 898. 899. 900. 900. 900. 900. 900. 899. 899. 899.
  899. 899. 899. 900. 899. 899. 899. 899. 899. 899. 900. 900.]
 [260. 464. 569. 656. 698. 735. 763. 778. 782. 798. 806. 820. 818. 836.
  834. 832. 796. 801. 801. 810. 809. 810. 815. 814. 815. 817. 817. 823.
  824. 820. 828. 828. 824. 823. 827. 831. 826. 829. 829. 828.]
 [347. 539. 645. 678. 720. 744. 776. 784. 794. 803. 805. 813. 821. 820.
  826. 830. 794. 794. 802. 804. 802. 809. 802. 802. 813. 818. 813. 811.
  815. 813. 821. 820. 819. 825. 823. 824. 826. 825. 828. 830.]]
##############################
[[135. 232. 296. 348. 380. 386. 420. 442. 454. 466. 475. 463. 477. 492.
  498. 486. 494. 472. 458. 481. 468. 479. 483. 482. 486. 495. 493. 495.
  495. 497. 490. 512. 496. 499. 505. 514. 507. 500. 511. 505.]
 [802. 918. 933. 944. 948. 947. 948. 948. 948. 949. 948. 948. 949. 949.
  949. 948. 949. 899. 898. 899. 900. 900. 900. 900. 900. 899. 899. 899.
  899. 899. 899. 900. 899. 899. 899. 899. 899. 899. 900. 900.]
 [260. 464. 569. 656. 698. 735. 763. 778. 782. 798. 806. 820. 818. 836.
  834. 832. 841. 801. 801. 810. 809. 810. 815. 814. 815. 817. 817. 823.
  824. 820. 828. 828. 824. 823. 827. 831. 826. 829. 829. 828.]
 [347. 539. 645. 678. 720. 744. 776. 784. 794. 803. 805. 813. 821. 820.
  826. 830. 838. 794. 802. 804. 802. 809. 802. 802. 813. 818. 813. 811.
  815. 813. 821. 820. 819. 825. 823. 824. 826. 825. 828. 830.]]
##############################
[[135. 232. 296. 348. 380. 386. 420. 442. 454. 466. 475. 463. 477. 492.
  498. 486. 494. 502. 458. 481. 468. 479. 483. 482. 486. 495. 493. 495.
  495. 497. 490. 512. 496. 499. 505. 514. 507. 500. 511. 505.]
 [802. 918. 933. 944. 948. 947. 948. 948. 948. 949. 948. 948. 949. 949.
  949. 948. 949. 949. 898. 899. 900. 900. 900. 900. 900. 899. 899. 899.
  899. 899. 899. 900. 899. 899. 899. 899. 899. 899. 900. 900.]
 [260. 464. 569. 656. 698. 735. 763. 778. 782. 798. 806. 820. 818. 836.
  834. 832. 841. 847. 801. 810. 809. 810. 815. 814. 815. 817. 817. 823.
  824. 820. 828. 828. 824. 823. 827. 831. 826. 829. 829. 828.]
 [347. 539. 645. 678. 720. 744. 776. 784. 794. 803. 805. 813. 821. 820.
  826. 830. 838. 837. 802. 804. 802. 809. 802. 802. 813. 818. 813. 811.
  815. 813. 821. 820. 819. 825. 823. 824. 826. 825. 828. 830.]]
##############################
[[135. 232. 296. 348. 380. 386. 420. 442. 454. 466. 475. 463. 477. 492.
  498. 486. 494. 502. 487. 481. 468. 479. 483. 482. 486. 495. 493. 495.
  495. 497. 490. 512. 496. 499. 505. 514. 507. 500. 511. 505.]
 [802. 918. 933. 944. 948. 947. 948. 948. 948. 949. 948. 948. 949. 949.
  949. 948. 949. 949. 948. 899. 900. 900. 900. 900. 900. 899. 899. 899.
  899. 899. 899. 900. 899. 899. 899. 899. 899. 899. 900. 900.]
 [260. 464. 569. 656. 698. 735. 763. 778. 782. 798. 806. 820. 818. 836.
  834. 832. 841. 847. 846. 810. 809. 810. 815. 814. 815. 817. 817. 823.
  824. 820. 828. 828. 824. 823. 827. 831. 826. 829. 829. 828.]
 [347. 539. 645. 678. 720. 744. 776. 784. 794. 803. 805. 813. 821. 820.
  826. 830. 838. 837. 845. 804. 802. 809. 802. 802. 813. 818. 813. 811.
  815. 813. 821. 820. 819. 825. 823. 824. 826. 825. 828. 830.]]
##############################
[[135. 232. 296. 348. 380. 386. 420. 442. 454. 466. 475. 463. 477. 492.
  498. 486. 494. 502. 487. 511. 468. 479. 483. 482. 486. 495. 493. 495.
  495. 497. 490. 512. 496. 499. 505. 514. 507. 500. 511. 505.]
 [802. 918. 933. 944. 948. 947. 948. 948. 948. 949. 948. 948. 949. 949.
  949. 948. 949. 949. 948. 949. 900. 900. 900. 900. 900. 899. 899. 899.
  899. 899. 899. 900. 899. 899. 899. 899. 899. 899. 900. 900.]
 [260. 464. 569. 656. 698. 735. 763. 778. 782. 798. 806. 820. 818. 836.
  834. 832. 841. 847. 846. 855. 809. 810. 815. 814. 815. 817. 817. 823.
  824. 820. 828. 828. 824. 823. 827. 831. 826. 829. 829. 828.]
 [347. 539. 645. 678. 720. 744. 776. 784. 794. 803. 805. 813. 821. 820.
  826. 830. 838. 837. 845. 848. 802. 809. 802. 802. 813. 818. 813. 811.
  815. 813. 821. 820. 819. 825. 823. 824. 826. 825. 828. 830.]]
##############################
[[135. 232. 296. 348. 380. 386. 420. 442. 454. 466. 475. 463. 477. 492.
  498. 486. 494. 502. 487. 511. 500. 479. 483. 482. 486. 495. 493. 495.
  495. 497. 490. 512. 496. 499. 505. 514. 507. 500. 511. 505.]
 [802. 918. 933. 944. 948. 947. 948. 948. 948. 949. 948. 948. 949. 949.
  949. 948. 949. 949. 948. 949. 950. 900. 900. 900. 900. 899. 899. 899.
  899. 899. 899. 900. 899. 899. 899. 899. 899. 899. 900. 900.]
 [260. 464. 569. 656. 698. 735. 763. 778. 782. 798. 806. 820. 818. 836.
  834. 832. 841. 847. 846. 855. 854. 810. 815. 814. 815. 817. 817. 823.
  824. 820. 828. 828. 824. 823. 827. 831. 826. 829. 829. 828.]
 [347. 539. 645. 678. 720. 744. 776. 784. 794. 803. 805. 813. 821. 820.
  826. 830. 838. 837. 845. 848. 847. 809. 802. 802. 813. 818. 813. 811.
  815. 813. 821. 820. 819. 825. 823. 824. 826. 825. 828. 830.]]
##############################
[[135. 232. 296. 348. 380. 386. 420. 442. 454. 466. 475. 463. 477. 492.
  498. 486. 494. 502. 487. 511. 500. 511. 483. 482. 486. 495. 493. 495.
  495. 497. 490. 512. 496. 499. 505. 514. 507. 500. 511. 505.]
 [802. 918. 933. 944. 948. 947. 948. 948. 948. 949. 948. 948. 949. 949.
  949. 948. 949. 949. 948. 949. 950. 950. 900. 900. 900. 899. 899. 899.
  899. 899. 899. 900. 899. 899. 899. 899. 899. 899. 900. 900.]
 [260. 464. 569. 656. 698. 735. 763. 778. 782. 798. 806. 820. 818. 836.
  834. 832. 841. 847. 846. 855. 854. 856. 815. 814. 815. 817. 817. 823.
  824. 820. 828. 828. 824. 823. 827. 831. 826. 829. 829. 828.]
 [347. 539. 645. 678. 720. 744. 776. 784. 794. 803. 805. 813. 821. 820.
  826. 830. 838. 837. 845. 848. 847. 855. 802. 802. 813. 818. 813. 811.
  815. 813. 821. 820. 819. 825. 823. 824. 826. 825. 828. 830.]]
##############################
[[135. 232. 296. 348. 380. 386. 420. 442. 454. 466. 475. 463. 477. 492.
  498. 486. 494. 502. 487. 511. 500. 511. 515. 482. 486. 495. 493. 495.
  495. 497. 490. 512. 496. 499. 505. 514. 507. 500. 511. 505.]
 [802. 918. 933. 944. 948. 947. 948. 948. 948. 949. 948. 948. 949. 949.
  949. 948. 949. 949. 948. 949. 950. 950. 950. 900. 900. 899. 899. 899.
  899. 899. 899. 900. 899. 899. 899. 899. 899. 899. 900. 900.]
 [260. 464. 569. 656. 698. 735. 763. 778. 782. 798. 806. 820. 818. 836.
  834. 832. 841. 847. 846. 855. 854. 856. 860. 814. 815. 817. 817. 823.
  824. 820. 828. 828. 824. 823. 827. 831. 826. 829. 829. 828.]
 [347. 539. 645. 678. 720. 744. 776. 784. 794. 803. 805. 813. 821. 820.
  826. 830. 838. 837. 845. 848. 847. 855. 847. 802. 813. 818. 813. 811.
  815. 813. 821. 820. 819. 825. 823. 824. 826. 825. 828. 830.]]
##############################
[[135. 232. 296. 348. 380. 386. 420. 442. 454. 466. 475. 463. 477. 492.
  498. 486. 494. 502. 487. 511. 500. 511. 515. 514. 486. 495. 493. 495.
  495. 497. 490. 512. 496. 499. 505. 514. 507. 500. 511. 505.]
 [802. 918. 933. 944. 948. 947. 948. 948. 948. 949. 948. 948. 949. 949.
  949. 948. 949. 949. 948. 949. 950. 950. 950. 950. 900. 899. 899. 899.
  899. 899. 899. 900. 899. 899. 899. 899. 899. 899. 900. 900.]
 [260. 464. 569. 656. 698. 735. 763. 778. 782. 798. 806. 820. 818. 836.
  834. 832. 841. 847. 846. 855. 854. 856. 860. 860. 815. 817. 817. 823.
  824. 820. 828. 828. 824. 823. 827. 831. 826. 829. 829. 828.]
 [347. 539. 645. 678. 720. 744. 776. 784. 794. 803. 805. 813. 821. 820.
  826. 830. 838. 837. 845. 848. 847. 855. 847. 847. 813. 818. 813. 811.
  815. 813. 821. 820. 819. 825. 823. 824. 826. 825. 828. 830.]]
##############################
[[135. 232. 296. 348. 380. 386. 420. 442. 454. 466. 475. 463. 477. 492.
  498. 486. 494. 502. 487. 511. 500. 511. 515. 514. 518. 495. 493. 495.
  495. 497. 490. 512. 496. 499. 505. 514. 507. 500. 511. 505.]
 [802. 918. 933. 944. 948. 947. 948. 948. 948. 949. 948. 948. 949. 949.
  949. 948. 949. 949. 948. 949. 950. 950. 950. 950. 950. 899. 899. 899.
  899. 899. 899. 900. 899. 899. 899. 899. 899. 899. 900. 900.]
 [260. 464. 569. 656. 698. 735. 763. 778. 782. 798. 806. 820. 818. 836.
  834. 832. 841. 847. 846. 855. 854. 856. 860. 860. 859. 817. 817. 823.
  824. 820. 828. 828. 824. 823. 827. 831. 826. 829. 829. 828.]
 [347. 539. 645. 678. 720. 744. 776. 784. 794. 803. 805. 813. 821. 820.
  826. 830. 838. 837. 845. 848. 847. 855. 847. 847. 857. 818. 813. 811.
  815. 813. 821. 820. 819. 825. 823. 824. 826. 825. 828. 830.]]
##############################
[[135. 232. 296. 348. 380. 386. 420. 442. 454. 466. 475. 463. 477. 492.
  498. 486. 494. 502. 487. 511. 500. 511. 515. 514. 518. 527. 493. 495.
  495. 497. 490. 512. 496. 499. 505. 514. 507. 500. 511. 505.]
 [802. 918. 933. 944. 948. 947. 948. 948. 948. 949. 948. 948. 949. 949.
  949. 948. 949. 949. 948. 949. 950. 950. 950. 950. 950. 949. 899. 899.
  899. 899. 899. 900. 899. 899. 899. 899. 899. 899. 900. 900.]
 [260. 464. 569. 656. 698. 735. 763. 778. 782. 798. 806. 820. 818. 836.
  834. 832. 841. 847. 846. 855. 854. 856. 860. 860. 859. 863. 817. 823.
  824. 820. 828. 828. 824. 823. 827. 831. 826. 829. 829. 828.]
 [347. 539. 645. 678. 720. 744. 776. 784. 794. 803. 805. 813. 821. 820.
  826. 830. 838. 837. 845. 848. 847. 855. 847. 847. 857. 863. 813. 811.
  815. 813. 821. 820. 819. 825. 823. 824. 826. 825. 828. 830.]]
##############################
[[135. 232. 296. 348. 380. 386. 420. 442. 454. 466. 475. 463. 477. 492.
  498. 486. 494. 502. 487. 511. 500. 511. 515. 514. 518. 527. 522. 495.
  495. 497. 490. 512. 496. 499. 505. 514. 507. 500. 511. 505.]
 [802. 918. 933. 944. 948. 947. 948. 948. 948. 949. 948. 948. 949. 949.
  949. 948. 949. 949. 948. 949. 950. 950. 950. 950. 950. 949. 949. 899.
  899. 899. 899. 900. 899. 899. 899. 899. 899. 899. 900. 900.]
 [260. 464. 569. 656. 698. 735. 763. 778. 782. 798. 806. 820. 818. 836.
  834. 832. 841. 847. 846. 855. 854. 856. 860. 860. 859. 863. 863. 823.
  824. 820. 828. 828. 824. 823. 827. 831. 826. 829. 829. 828.]
 [347. 539. 645. 678. 720. 744. 776. 784. 794. 803. 805. 813. 821. 820.
  826. 830. 838. 837. 845. 848. 847. 855. 847. 847. 857. 863. 858. 811.
  815. 813. 821. 820. 819. 825. 823. 824. 826. 825. 828. 830.]]
##############################
[[135. 232. 296. 348. 380. 386. 420. 442. 454. 466. 475. 463. 477. 492.
  498. 486. 494. 502. 487. 511. 500. 511. 515. 514. 518. 527. 522. 523.
  495. 497. 490. 512. 496. 499. 505. 514. 507. 500. 511. 505.]
 [802. 918. 933. 944. 948. 947. 948. 948. 948. 949. 948. 948. 949. 949.
  949. 948. 949. 949. 948. 949. 950. 950. 950. 950. 950. 949. 949. 949.
  899. 899. 899. 900. 899. 899. 899. 899. 899. 899. 900. 900.]
 [260. 464. 569. 656. 698. 735. 763. 778. 782. 798. 806. 820. 818. 836.
  834. 832. 841. 847. 846. 855. 854. 856. 860. 860. 859. 863. 863. 869.
  824. 820. 828. 828. 824. 823. 827. 831. 826. 829. 829. 828.]
 [347. 539. 645. 678. 720. 744. 776. 784. 794. 803. 805. 813. 821. 820.
  826. 830. 838. 837. 845. 848. 847. 855. 847. 847. 857. 863. 858. 856.
  815. 813. 821. 820. 819. 825. 823. 824. 826. 825. 828. 830.]]
##############################
[[135. 232. 296. 348. 380. 386. 420. 442. 454. 466. 475. 463. 477. 492.
  498. 486. 494. 502. 487. 511. 500. 511. 515. 514. 518. 527. 522. 523.
  524. 497. 490. 512. 496. 499. 505. 514. 507. 500. 511. 505.]
 [802. 918. 933. 944. 948. 947. 948. 948. 948. 949. 948. 948. 949. 949.
  949. 948. 949. 949. 948. 949. 950. 950. 950. 950. 950. 949. 949. 949.
  949. 899. 899. 900. 899. 899. 899. 899. 899. 899. 900. 900.]
 [260. 464. 569. 656. 698. 735. 763. 778. 782. 798. 806. 820. 818. 836.
  834. 832. 841. 847. 846. 855. 854. 856. 860. 860. 859. 863. 863. 869.
  868. 820. 828. 828. 824. 823. 827. 831. 826. 829. 829. 828.]
 [347. 539. 645. 678. 720. 744. 776. 784. 794. 803. 805. 813. 821. 820.
  826. 830. 838. 837. 845. 848. 847. 855. 847. 847. 857. 863. 858. 856.
  860. 813. 821. 820. 819. 825. 823. 824. 826. 825. 828. 830.]]
##############################
[[135. 232. 296. 348. 380. 386. 420. 442. 454. 466. 475. 463. 477. 492.
  498. 486. 494. 502. 487. 511. 500. 511. 515. 514. 518. 527. 522. 523.
  524. 526. 490. 512. 496. 499. 505. 514. 507. 500. 511. 505.]
 [802. 918. 933. 944. 948. 947. 948. 948. 948. 949. 948. 948. 949. 949.
  949. 948. 949. 949. 948. 949. 950. 950. 950. 950. 950. 949. 949. 949.
  949. 949. 899. 900. 899. 899. 899. 899. 899. 899. 900. 900.]
 [260. 464. 569. 656. 698. 735. 763. 778. 782. 798. 806. 820. 818. 836.
  834. 832. 841. 847. 846. 855. 854. 856. 860. 860. 859. 863. 863. 869.
  868. 867. 828. 828. 824. 823. 827. 831. 826. 829. 829. 828.]
 [347. 539. 645. 678. 720. 744. 776. 784. 794. 803. 805. 813. 821. 820.
  826. 830. 838. 837. 845. 848. 847. 855. 847. 847. 857. 863. 858. 856.
  860. 859. 821. 820. 819. 825. 823. 824. 826. 825. 828. 830.]]
##############################
[[135. 232. 296. 348. 380. 386. 420. 442. 454. 466. 475. 463. 477. 492.
  498. 486. 494. 502. 487. 511. 500. 511. 515. 514. 518. 527. 522. 523.
  524. 526. 522. 512. 496. 499. 505. 514. 507. 500. 511. 505.]
 [802. 918. 933. 944. 948. 947. 948. 948. 948. 949. 948. 948. 949. 949.
  949. 948. 949. 949. 948. 949. 950. 950. 950. 950. 950. 949. 949. 949.
  949. 949. 949. 900. 899. 899. 899. 899. 899. 899. 900. 900.]
 [260. 464. 569. 656. 698. 735. 763. 778. 782. 798. 806. 820. 818. 836.
  834. 832. 841. 847. 846. 855. 854. 856. 860. 860. 859. 863. 863. 869.
  868. 867. 871. 828. 824. 823. 827. 831. 826. 829. 829. 828.]
 [347. 539. 645. 678. 720. 744. 776. 784. 794. 803. 805. 813. 821. 820.
  826. 830. 838. 837. 845. 848. 847. 855. 847. 847. 857. 863. 858. 856.
  860. 859. 867. 820. 819. 825. 823. 824. 826. 825. 828. 830.]]
##############################
[[135. 232. 296. 348. 380. 386. 420. 442. 454. 466. 475. 463. 477. 492.
  498. 486. 494. 502. 487. 511. 500. 511. 515. 514. 518. 527. 522. 523.
  524. 526. 522. 542. 496. 499. 505. 514. 507. 500. 511. 505.]
 [802. 918. 933. 944. 948. 947. 948. 948. 948. 949. 948. 948. 949. 949.
  949. 948. 949. 949. 948. 949. 950. 950. 950. 950. 950. 949. 949. 949.
  949. 949. 949. 950. 899. 899. 899. 899. 899. 899. 900. 900.]
 [260. 464. 569. 656. 698. 735. 763. 778. 782. 798. 806. 820. 818. 836.
  834. 832. 841. 847. 846. 855. 854. 856. 860. 860. 859. 863. 863. 869.
  868. 867. 871. 873. 824. 823. 827. 831. 826. 829. 829. 828.]
 [347. 539. 645. 678. 720. 744. 776. 784. 794. 803. 805. 813. 821. 820.
  826. 830. 838. 837. 845. 848. 847. 855. 847. 847. 857. 863. 858. 856.
  860. 859. 867. 866. 819. 825. 823. 824. 826. 825. 828. 830.]]
##############################
[[135. 232. 296. 348. 380. 386. 420. 442. 454. 466. 475. 463. 477. 492.
  498. 486. 494. 502. 487. 511. 500. 511. 515. 514. 518. 527. 522. 523.
  524. 526. 522. 542. 527. 499. 505. 514. 507. 500. 511. 505.]
 [802. 918. 933. 944. 948. 947. 948. 948. 948. 949. 948. 948. 949. 949.
  949. 948. 949. 949. 948. 949. 950. 950. 950. 950. 950. 949. 949. 949.
  949. 949. 949. 950. 949. 899. 899. 899. 899. 899. 900. 900.]
 [260. 464. 569. 656. 698. 735. 763. 778. 782. 798. 806. 820. 818. 836.
  834. 832. 841. 847. 846. 855. 854. 856. 860. 860. 859. 863. 863. 869.
  868. 867. 871. 873. 868. 823. 827. 831. 826. 829. 829. 828.]
 [347. 539. 645. 678. 720. 744. 776. 784. 794. 803. 805. 813. 821. 820.
  826. 830. 838. 837. 845. 848. 847. 855. 847. 847. 857. 863. 858. 856.
  860. 859. 867. 866. 864. 825. 823. 824. 826. 825. 828. 830.]]
##############################
[[135. 232. 296. 348. 380. 386. 420. 442. 454. 466. 475. 463. 477. 492.
  498. 486. 494. 502. 487. 511. 500. 511. 515. 514. 518. 527. 522. 523.
  524. 526. 522. 542. 527. 532. 505. 514. 507. 500. 511. 505.]
 [802. 918. 933. 944. 948. 947. 948. 948. 948. 949. 948. 948. 949. 949.
  949. 948. 949. 949. 948. 949. 950. 950. 950. 950. 950. 949. 949. 949.
  949. 949. 949. 950. 949. 949. 899. 899. 899. 899. 900. 900.]
 [260. 464. 569. 656. 698. 735. 763. 778. 782. 798. 806. 820. 818. 836.
  834. 832. 841. 847. 846. 855. 854. 856. 860. 860. 859. 863. 863. 869.
  868. 867. 871. 873. 868. 866. 827. 831. 826. 829. 829. 828.]
 [347. 539. 645. 678. 720. 744. 776. 784. 794. 803. 805. 813. 821. 820.
  826. 830. 838. 837. 845. 848. 847. 855. 847. 847. 857. 863. 858. 856.
  860. 859. 867. 866. 864. 870. 823. 824. 826. 825. 828. 830.]]
##############################
[[135. 232. 296. 348. 380. 386. 420. 442. 454. 466. 475. 463. 477. 492.
  498. 486. 494. 502. 487. 511. 500. 511. 515. 514. 518. 527. 522. 523.
  524. 526. 522. 542. 527. 532. 537. 514. 507. 500. 511. 505.]
 [802. 918. 933. 944. 948. 947. 948. 948. 948. 949. 948. 948. 949. 949.
  949. 948. 949. 949. 948. 949. 950. 950. 950. 950. 950. 949. 949. 949.
  949. 949. 949. 950. 949. 949. 949. 899. 899. 899. 900. 900.]
 [260. 464. 569. 656. 698. 735. 763. 778. 782. 798. 806. 820. 818. 836.
  834. 832. 841. 847. 846. 855. 854. 856. 860. 860. 859. 863. 863. 869.
  868. 867. 871. 873. 868. 866. 874. 831. 826. 829. 829. 828.]
 [347. 539. 645. 678. 720. 744. 776. 784. 794. 803. 805. 813. 821. 820.
  826. 830. 838. 837. 845. 848. 847. 855. 847. 847. 857. 863. 858. 856.
  860. 859. 867. 866. 864. 870. 869. 824. 826. 825. 828. 830.]]
##############################
[[135. 232. 296. 348. 380. 386. 420. 442. 454. 466. 475. 463. 477. 492.
  498. 486. 494. 502. 487. 511. 500. 511. 515. 514. 518. 527. 522. 523.
  524. 526. 522. 542. 527. 532. 537. 545. 507. 500. 511. 505.]
 [802. 918. 933. 944. 948. 947. 948. 948. 948. 949. 948. 948. 949. 949.
  949. 948. 949. 949. 948. 949. 950. 950. 950. 950. 950. 949. 949. 949.
  949. 949. 949. 950. 949. 949. 949. 949. 899. 899. 900. 900.]
 [260. 464. 569. 656. 698. 735. 763. 778. 782. 798. 806. 820. 818. 836.
  834. 832. 841. 847. 846. 855. 854. 856. 860. 860. 859. 863. 863. 869.
  868. 867. 871. 873. 868. 866. 874. 875. 826. 829. 829. 828.]
 [347. 539. 645. 678. 720. 744. 776. 784. 794. 803. 805. 813. 821. 820.
  826. 830. 838. 837. 845. 848. 847. 855. 847. 847. 857. 863. 858. 856.
  860. 859. 867. 866. 864. 870. 869. 870. 826. 825. 828. 830.]]
##############################
[[135. 232. 296. 348. 380. 386. 420. 442. 454. 466. 475. 463. 477. 492.
  498. 486. 494. 502. 487. 511. 500. 511. 515. 514. 518. 527. 522. 523.
  524. 526. 522. 542. 527. 532. 537. 545. 539. 500. 511. 505.]
 [802. 918. 933. 944. 948. 947. 948. 948. 948. 949. 948. 948. 949. 949.
  949. 948. 949. 949. 948. 949. 950. 950. 950. 950. 950. 949. 949. 949.
  949. 949. 949. 950. 949. 949. 949. 949. 949. 899. 900. 900.]
 [260. 464. 569. 656. 698. 735. 763. 778. 782. 798. 806. 820. 818. 836.
  834. 832. 841. 847. 846. 855. 854. 856. 860. 860. 859. 863. 863. 869.
  868. 867. 871. 873. 868. 866. 874. 875. 870. 829. 829. 828.]
 [347. 539. 645. 678. 720. 744. 776. 784. 794. 803. 805. 813. 821. 820.
  826. 830. 838. 837. 845. 848. 847. 855. 847. 847. 857. 863. 858. 856.
  860. 859. 867. 866. 864. 870. 869. 870. 872. 825. 828. 830.]]
##############################
[[135. 232. 296. 348. 380. 386. 420. 442. 454. 466. 475. 463. 477. 492.
  498. 486. 494. 502. 487. 511. 500. 511. 515. 514. 518. 527. 522. 523.
  524. 526. 522. 542. 527. 532. 537. 545. 539. 533. 511. 505.]
 [802. 918. 933. 944. 948. 947. 948. 948. 948. 949. 948. 948. 949. 949.
  949. 948. 949. 949. 948. 949. 950. 950. 950. 950. 950. 949. 949. 949.
  949. 949. 949. 950. 949. 949. 949. 949. 949. 949. 900. 900.]
 [260. 464. 569. 656. 698. 735. 763. 778. 782. 798. 806. 820. 818. 836.
  834. 832. 841. 847. 846. 855. 854. 856. 860. 860. 859. 863. 863. 869.
  868. 867. 871. 873. 868. 866. 874. 875. 870. 875. 829. 828.]
 [347. 539. 645. 678. 720. 744. 776. 784. 794. 803. 805. 813. 821. 820.
  826. 830. 838. 837. 845. 848. 847. 855. 847. 847. 857. 863. 858. 856.
  860. 859. 867. 866. 864. 870. 869. 870. 872. 871. 828. 830.]]
##############################
[[135. 232. 296. 348. 380. 386. 420. 442. 454. 466. 475. 463. 477. 492.
  498. 486. 494. 502. 487. 511. 500. 511. 515. 514. 518. 527. 522. 523.
  524. 526. 522. 542. 527. 532. 537. 545. 539. 533. 543. 505.]
 [802. 918. 933. 944. 948. 947. 948. 948. 948. 949. 948. 948. 949. 949.
  949. 948. 949. 949. 948. 949. 950. 950. 950. 950. 950. 949. 949. 949.
  949. 949. 949. 950. 949. 949. 949. 949. 949. 949. 950. 900.]
 [260. 464. 569. 656. 698. 735. 763. 778. 782. 798. 806. 820. 818. 836.
  834. 832. 841. 847. 846. 855. 854. 856. 860. 860. 859. 863. 863. 869.
  868. 867. 871. 873. 868. 866. 874. 875. 870. 875. 875. 828.]
 [347. 539. 645. 678. 720. 744. 776. 784. 794. 803. 805. 813. 821. 820.
  826. 830. 838. 837. 845. 848. 847. 855. 847. 847. 857. 863. 858. 856.
  860. 859. 867. 866. 864. 870. 869. 870. 872. 871. 874. 830.]]
##############################
[[135. 232. 296. 348. 380. 386. 420. 442. 454. 466. 475. 463. 477. 492.
  498. 486. 494. 502. 487. 511. 500. 511. 515. 514. 518. 527. 522. 523.
  524. 526. 522. 542. 527. 532. 537. 545. 539. 533. 543. 539.]
 [802. 918. 933. 944. 948. 947. 948. 948. 948. 949. 948. 948. 949. 949.
  949. 948. 949. 949. 948. 949. 950. 950. 950. 950. 950. 949. 949. 949.
  949. 949. 949. 950. 949. 949. 949. 949. 949. 949. 950. 950.]
 [260. 464. 569. 656. 698. 735. 763. 778. 782. 798. 806. 820. 818. 836.
  834. 832. 841. 847. 846. 855. 854. 856. 860. 860. 859. 863. 863. 869.
  868. 867. 871. 873. 868. 866. 874. 875. 870. 875. 875. 875.]
 [347. 539. 645. 678. 720. 744. 776. 784. 794. 803. 805. 813. 821. 820.
  826. 830. 838. 837. 845. 848. 847. 855. 847. 847. 857. 863. 858. 856.
  860. 859. 867. 866. 864. 870. 869. 870. 872. 871. 874. 876.]]
##############################
##################################################
##################################################
starting :20 batch
[[143. 232. 296. 348. 380. 386. 420. 442. 454. 466. 475. 463. 477. 492.
  498. 486. 494. 502. 487. 511. 500. 511. 515. 514. 518. 527. 522. 523.
  524. 526. 522. 542. 527. 532. 537. 545. 539. 533. 543. 539.]
 [850. 918. 933. 944. 948. 947. 948. 948. 948. 949. 948. 948. 949. 949.
  949. 948. 949. 949. 948. 949. 950. 950. 950. 950. 950. 949. 949. 949.
  949. 949. 949. 950. 949. 949. 949. 949. 949. 949. 950. 950.]
 [273. 464. 569. 656. 698. 735. 763. 778. 782. 798. 806. 820. 818. 836.
  834. 832. 841. 847. 846. 855. 854. 856. 860. 860. 859. 863. 863. 869.
  868. 867. 871. 873. 868. 866. 874. 875. 870. 875. 875. 875.]
 [364. 539. 645. 678. 720. 744. 776. 784. 794. 803. 805. 813. 821. 820.
  826. 830. 838. 837. 845. 848. 847. 855. 847. 847. 857. 863. 858. 856.
  860. 859. 867. 866. 864. 870. 869. 870. 872. 871. 874. 876.]]
##############################
[[143. 246. 296. 348. 380. 386. 420. 442. 454. 466. 475. 463. 477. 492.
  498. 486. 494. 502. 487. 511. 500. 511. 515. 514. 518. 527. 522. 523.
  524. 526. 522. 542. 527. 532. 537. 545. 539. 533. 543. 539.]
 [850. 966. 933. 944. 948. 947. 948. 948. 948. 949. 948. 948. 949. 949.
  949. 948. 949. 949. 948. 949. 950. 950. 950. 950. 950. 949. 949. 949.
  949. 949. 949. 950. 949. 949. 949. 949. 949. 949. 950. 950.]
 [273. 485. 569. 656. 698. 735. 763. 778. 782. 798. 806. 820. 818. 836.
  834. 832. 841. 847. 846. 855. 854. 856. 860. 860. 859. 863. 863. 869.
  868. 867. 871. 873. 868. 866. 874. 875. 870. 875. 875. 875.]
 [364. 562. 645. 678. 720. 744. 776. 784. 794. 803. 805. 813. 821. 820.
  826. 830. 838. 837. 845. 848. 847. 855. 847. 847. 857. 863. 858. 856.
  860. 859. 867. 866. 864. 870. 869. 870. 872. 871. 874. 876.]]
##############################
[[143. 246. 312. 348. 380. 386. 420. 442. 454. 466. 475. 463. 477. 492.
  498. 486. 494. 502. 487. 511. 500. 511. 515. 514. 518. 527. 522. 523.
  524. 526. 522. 542. 527. 532. 537. 545. 539. 533. 543. 539.]
 [850. 966. 982. 944. 948. 947. 948. 948. 948. 949. 948. 948. 949. 949.
  949. 948. 949. 949. 948. 949. 950. 950. 950. 950. 950. 949. 949. 949.
  949. 949. 949. 950. 949. 949. 949. 949. 949. 949. 950. 950.]
 [273. 485. 600. 656. 698. 735. 763. 778. 782. 798. 806. 820. 818. 836.
  834. 832. 841. 847. 846. 855. 854. 856. 860. 860. 859. 863. 863. 869.
  868. 867. 871. 873. 868. 866. 874. 875. 870. 875. 875. 875.]
 [364. 562. 675. 678. 720. 744. 776. 784. 794. 803. 805. 813. 821. 820.
  826. 830. 838. 837. 845. 848. 847. 855. 847. 847. 857. 863. 858. 856.
  860. 859. 867. 866. 864. 870. 869. 870. 872. 871. 874. 876.]]
##############################
[[143. 246. 312. 367. 380. 386. 420. 442. 454. 466. 475. 463. 477. 492.
  498. 486. 494. 502. 487. 511. 500. 511. 515. 514. 518. 527. 522. 523.
  524. 526. 522. 542. 527. 532. 537. 545. 539. 533. 543. 539.]
 [850. 966. 982. 993. 948. 947. 948. 948. 948. 949. 948. 948. 949. 949.
  949. 948. 949. 949. 948. 949. 950. 950. 950. 950. 950. 949. 949. 949.
  949. 949. 949. 950. 949. 949. 949. 949. 949. 949. 950. 950.]
 [273. 485. 600. 691. 698. 735. 763. 778. 782. 798. 806. 820. 818. 836.
  834. 832. 841. 847. 846. 855. 854. 856. 860. 860. 859. 863. 863. 869.
  868. 867. 871. 873. 868. 866. 874. 875. 870. 875. 875. 875.]
 [364. 562. 675. 713. 720. 744. 776. 784. 794. 803. 805. 813. 821. 820.
  826. 830. 838. 837. 845. 848. 847. 855. 847. 847. 857. 863. 858. 856.
  860. 859. 867. 866. 864. 870. 869. 870. 872. 871. 874. 876.]]
##############################
[[143. 246. 312. 367. 399. 386. 420. 442. 454. 466. 475. 463. 477. 492.
  498. 486. 494. 502. 487. 511. 500. 511. 515. 514. 518. 527. 522. 523.
  524. 526. 522. 542. 527. 532. 537. 545. 539. 533. 543. 539.]
 [850. 966. 982. 993. 997. 947. 948. 948. 948. 949. 948. 948. 949. 949.
  949. 948. 949. 949. 948. 949. 950. 950. 950. 950. 950. 949. 949. 949.
  949. 949. 949. 950. 949. 949. 949. 949. 949. 949. 950. 950.]
 [273. 485. 600. 691. 735. 735. 763. 778. 782. 798. 806. 820. 818. 836.
  834. 832. 841. 847. 846. 855. 854. 856. 860. 860. 859. 863. 863. 869.
  868. 867. 871. 873. 868. 866. 874. 875. 870. 875. 875. 875.]
 [364. 562. 675. 713. 758. 744. 776. 784. 794. 803. 805. 813. 821. 820.
  826. 830. 838. 837. 845. 848. 847. 855. 847. 847. 857. 863. 858. 856.
  860. 859. 867. 866. 864. 870. 869. 870. 872. 871. 874. 876.]]
##############################
[[143. 246. 312. 367. 399. 408. 420. 442. 454. 466. 475. 463. 477. 492.
  498. 486. 494. 502. 487. 511. 500. 511. 515. 514. 518. 527. 522. 523.
  524. 526. 522. 542. 527. 532. 537. 545. 539. 533. 543. 539.]
 [850. 966. 982. 993. 997. 997. 948. 948. 948. 949. 948. 948. 949. 949.
  949. 948. 949. 949. 948. 949. 950. 950. 950. 950. 950. 949. 949. 949.
  949. 949. 949. 950. 949. 949. 949. 949. 949. 949. 950. 950.]
 [273. 485. 600. 691. 735. 777. 763. 778. 782. 798. 806. 820. 818. 836.
  834. 832. 841. 847. 846. 855. 854. 856. 860. 860. 859. 863. 863. 869.
  868. 867. 871. 873. 868. 866. 874. 875. 870. 875. 875. 875.]
 [364. 562. 675. 713. 758. 785. 776. 784. 794. 803. 805. 813. 821. 820.
  826. 830. 838. 837. 845. 848. 847. 855. 847. 847. 857. 863. 858. 856.
  860. 859. 867. 866. 864. 870. 869. 870. 872. 871. 874. 876.]]
##############################
[[143. 246. 312. 367. 399. 408. 441. 442. 454. 466. 475. 463. 477. 492.
  498. 486. 494. 502. 487. 511. 500. 511. 515. 514. 518. 527. 522. 523.
  524. 526. 522. 542. 527. 532. 537. 545. 539. 533. 543. 539.]
 [850. 966. 982. 993. 997. 997. 998. 948. 948. 949. 948. 948. 949. 949.
  949. 948. 949. 949. 948. 949. 950. 950. 950. 950. 950. 949. 949. 949.
  949. 949. 949. 950. 949. 949. 949. 949. 949. 949. 950. 950.]
 [273. 485. 600. 691. 735. 777. 804. 778. 782. 798. 806. 820. 818. 836.
  834. 832. 841. 847. 846. 855. 854. 856. 860. 860. 859. 863. 863. 869.
  868. 867. 871. 873. 868. 866. 874. 875. 870. 875. 875. 875.]
 [364. 562. 675. 713. 758. 785. 816. 784. 794. 803. 805. 813. 821. 820.
  826. 830. 838. 837. 845. 848. 847. 855. 847. 847. 857. 863. 858. 856.
  860. 859. 867. 866. 864. 870. 869. 870. 872. 871. 874. 876.]]
##############################
[[143. 246. 312. 367. 399. 408. 441. 467. 454. 466. 475. 463. 477. 492.
  498. 486. 494. 502. 487. 511. 500. 511. 515. 514. 518. 527. 522. 523.
  524. 526. 522. 542. 527. 532. 537. 545. 539. 533. 543. 539.]
 [850. 966. 982. 993. 997. 997. 998. 998. 948. 949. 948. 948. 949. 949.
  949. 948. 949. 949. 948. 949. 950. 950. 950. 950. 950. 949. 949. 949.
  949. 949. 949. 950. 949. 949. 949. 949. 949. 949. 950. 950.]
 [273. 485. 600. 691. 735. 777. 804. 821. 782. 798. 806. 820. 818. 836.
  834. 832. 841. 847. 846. 855. 854. 856. 860. 860. 859. 863. 863. 869.
  868. 867. 871. 873. 868. 866. 874. 875. 870. 875. 875. 875.]
 [364. 562. 675. 713. 758. 785. 816. 825. 794. 803. 805. 813. 821. 820.
  826. 830. 838. 837. 845. 848. 847. 855. 847. 847. 857. 863. 858. 856.
  860. 859. 867. 866. 864. 870. 869. 870. 872. 871. 874. 876.]]
##############################
[[143. 246. 312. 367. 399. 408. 441. 467. 480. 466. 475. 463. 477. 492.
  498. 486. 494. 502. 487. 511. 500. 511. 515. 514. 518. 527. 522. 523.
  524. 526. 522. 542. 527. 532. 537. 545. 539. 533. 543. 539.]
 [850. 966. 982. 993. 997. 997. 998. 998. 998. 949. 948. 948. 949. 949.
  949. 948. 949. 949. 948. 949. 950. 950. 950. 950. 950. 949. 949. 949.
  949. 949. 949. 950. 949. 949. 949. 949. 949. 949. 950. 950.]
 [273. 485. 600. 691. 735. 777. 804. 821. 824. 798. 806. 820. 818. 836.
  834. 832. 841. 847. 846. 855. 854. 856. 860. 860. 859. 863. 863. 869.
  868. 867. 871. 873. 868. 866. 874. 875. 870. 875. 875. 875.]
 [364. 562. 675. 713. 758. 785. 816. 825. 834. 803. 805. 813. 821. 820.
  826. 830. 838. 837. 845. 848. 847. 855. 847. 847. 857. 863. 858. 856.
  860. 859. 867. 866. 864. 870. 869. 870. 872. 871. 874. 876.]]
##############################
[[143. 246. 312. 367. 399. 408. 441. 467. 480. 492. 475. 463. 477. 492.
  498. 486. 494. 502. 487. 511. 500. 511. 515. 514. 518. 527. 522. 523.
  524. 526. 522. 542. 527. 532. 537. 545. 539. 533. 543. 539.]
 [850. 966. 982. 993. 997. 997. 998. 998. 998. 999. 948. 948. 949. 949.
  949. 948. 949. 949. 948. 949. 950. 950. 950. 950. 950. 949. 949. 949.
  949. 949. 949. 950. 949. 949. 949. 949. 949. 949. 950. 950.]
 [273. 485. 600. 691. 735. 777. 804. 821. 824. 840. 806. 820. 818. 836.
  834. 832. 841. 847. 846. 855. 854. 856. 860. 860. 859. 863. 863. 869.
  868. 867. 871. 873. 868. 866. 874. 875. 870. 875. 875. 875.]
 [364. 562. 675. 713. 758. 785. 816. 825. 834. 843. 805. 813. 821. 820.
  826. 830. 838. 837. 845. 848. 847. 855. 847. 847. 857. 863. 858. 856.
  860. 859. 867. 866. 864. 870. 869. 870. 872. 871. 874. 876.]]
##############################
[[143. 246. 312. 367. 399. 408. 441. 467. 480. 492. 501. 463. 477. 492.
  498. 486. 494. 502. 487. 511. 500. 511. 515. 514. 518. 527. 522. 523.
  524. 526. 522. 542. 527. 532. 537. 545. 539. 533. 543. 539.]
 [850. 966. 982. 993. 997. 997. 998. 998. 998. 999. 998. 948. 949. 949.
  949. 948. 949. 949. 948. 949. 950. 950. 950. 950. 950. 949. 949. 949.
  949. 949. 949. 950. 949. 949. 949. 949. 949. 949. 950. 950.]
 [273. 485. 600. 691. 735. 777. 804. 821. 824. 840. 849. 820. 818. 836.
  834. 832. 841. 847. 846. 855. 854. 856. 860. 860. 859. 863. 863. 869.
  868. 867. 871. 873. 868. 866. 874. 875. 870. 875. 875. 875.]
 [364. 562. 675. 713. 758. 785. 816. 825. 834. 843. 847. 813. 821. 820.
  826. 830. 838. 837. 845. 848. 847. 855. 847. 847. 857. 863. 858. 856.
  860. 859. 867. 866. 864. 870. 869. 870. 872. 871. 874. 876.]]
##############################
[[143. 246. 312. 367. 399. 408. 441. 467. 480. 492. 501. 492. 477. 492.
  498. 486. 494. 502. 487. 511. 500. 511. 515. 514. 518. 527. 522. 523.
  524. 526. 522. 542. 527. 532. 537. 545. 539. 533. 543. 539.]
 [850. 966. 982. 993. 997. 997. 998. 998. 998. 999. 998. 998. 949. 949.
  949. 948. 949. 949. 948. 949. 950. 950. 950. 950. 950. 949. 949. 949.
  949. 949. 949. 950. 949. 949. 949. 949. 949. 949. 950. 950.]
 [273. 485. 600. 691. 735. 777. 804. 821. 824. 840. 849. 864. 818. 836.
  834. 832. 841. 847. 846. 855. 854. 856. 860. 860. 859. 863. 863. 869.
  868. 867. 871. 873. 868. 866. 874. 875. 870. 875. 875. 875.]
 [364. 562. 675. 713. 758. 785. 816. 825. 834. 843. 847. 857. 821. 820.
  826. 830. 838. 837. 845. 848. 847. 855. 847. 847. 857. 863. 858. 856.
  860. 859. 867. 866. 864. 870. 869. 870. 872. 871. 874. 876.]]
##############################
[[143. 246. 312. 367. 399. 408. 441. 467. 480. 492. 501. 492. 508. 492.
  498. 486. 494. 502. 487. 511. 500. 511. 515. 514. 518. 527. 522. 523.
  524. 526. 522. 542. 527. 532. 537. 545. 539. 533. 543. 539.]
 [850. 966. 982. 993. 997. 997. 998. 998. 998. 999. 998. 998. 999. 949.
  949. 948. 949. 949. 948. 949. 950. 950. 950. 950. 950. 949. 949. 949.
  949. 949. 949. 950. 949. 949. 949. 949. 949. 949. 950. 950.]
 [273. 485. 600. 691. 735. 777. 804. 821. 824. 840. 849. 864. 861. 836.
  834. 832. 841. 847. 846. 855. 854. 856. 860. 860. 859. 863. 863. 869.
  868. 867. 871. 873. 868. 866. 874. 875. 870. 875. 875. 875.]
 [364. 562. 675. 713. 758. 785. 816. 825. 834. 843. 847. 857. 864. 820.
  826. 830. 838. 837. 845. 848. 847. 855. 847. 847. 857. 863. 858. 856.
  860. 859. 867. 866. 864. 870. 869. 870. 872. 871. 874. 876.]]
##############################
[[143. 246. 312. 367. 399. 408. 441. 467. 480. 492. 501. 492. 508. 521.
  498. 486. 494. 502. 487. 511. 500. 511. 515. 514. 518. 527. 522. 523.
  524. 526. 522. 542. 527. 532. 537. 545. 539. 533. 543. 539.]
 [850. 966. 982. 993. 997. 997. 998. 998. 998. 999. 998. 998. 999. 999.
  949. 948. 949. 949. 948. 949. 950. 950. 950. 950. 950. 949. 949. 949.
  949. 949. 949. 950. 949. 949. 949. 949. 949. 949. 950. 950.]
 [273. 485. 600. 691. 735. 777. 804. 821. 824. 840. 849. 864. 861. 879.
  834. 832. 841. 847. 846. 855. 854. 856. 860. 860. 859. 863. 863. 869.
  868. 867. 871. 873. 868. 866. 874. 875. 870. 875. 875. 875.]
 [364. 562. 675. 713. 758. 785. 816. 825. 834. 843. 847. 857. 864. 862.
  826. 830. 838. 837. 845. 848. 847. 855. 847. 847. 857. 863. 858. 856.
  860. 859. 867. 866. 864. 870. 869. 870. 872. 871. 874. 876.]]
##############################
[[143. 246. 312. 367. 399. 408. 441. 467. 480. 492. 501. 492. 508. 521.
  524. 486. 494. 502. 487. 511. 500. 511. 515. 514. 518. 527. 522. 523.
  524. 526. 522. 542. 527. 532. 537. 545. 539. 533. 543. 539.]
 [850. 966. 982. 993. 997. 997. 998. 998. 998. 999. 998. 998. 999. 999.
  999. 948. 949. 949. 948. 949. 950. 950. 950. 950. 950. 949. 949. 949.
  949. 949. 949. 950. 949. 949. 949. 949. 949. 949. 950. 950.]
 [273. 485. 600. 691. 735. 777. 804. 821. 824. 840. 849. 864. 861. 879.
  878. 832. 841. 847. 846. 855. 854. 856. 860. 860. 859. 863. 863. 869.
  868. 867. 871. 873. 868. 866. 874. 875. 870. 875. 875. 875.]
 [364. 562. 675. 713. 758. 785. 816. 825. 834. 843. 847. 857. 864. 862.
  869. 830. 838. 837. 845. 848. 847. 855. 847. 847. 857. 863. 858. 856.
  860. 859. 867. 866. 864. 870. 869. 870. 872. 871. 874. 876.]]
##############################
[[143. 246. 312. 367. 399. 408. 441. 467. 480. 492. 501. 492. 508. 521.
  524. 512. 494. 502. 487. 511. 500. 511. 515. 514. 518. 527. 522. 523.
  524. 526. 522. 542. 527. 532. 537. 545. 539. 533. 543. 539.]
 [850. 966. 982. 993. 997. 997. 998. 998. 998. 999. 998. 998. 999. 999.
  999. 998. 949. 949. 948. 949. 950. 950. 950. 950. 950. 949. 949. 949.
  949. 949. 949. 950. 949. 949. 949. 949. 949. 949. 950. 950.]
 [273. 485. 600. 691. 735. 777. 804. 821. 824. 840. 849. 864. 861. 879.
  878. 875. 841. 847. 846. 855. 854. 856. 860. 860. 859. 863. 863. 869.
  868. 867. 871. 873. 868. 866. 874. 875. 870. 875. 875. 875.]
 [364. 562. 675. 713. 758. 785. 816. 825. 834. 843. 847. 857. 864. 862.
  869. 873. 838. 837. 845. 848. 847. 855. 847. 847. 857. 863. 858. 856.
  860. 859. 867. 866. 864. 870. 869. 870. 872. 871. 874. 876.]]
##############################
[[143. 246. 312. 367. 399. 408. 441. 467. 480. 492. 501. 492. 508. 521.
  524. 512. 524. 502. 487. 511. 500. 511. 515. 514. 518. 527. 522. 523.
  524. 526. 522. 542. 527. 532. 537. 545. 539. 533. 543. 539.]
 [850. 966. 982. 993. 997. 997. 998. 998. 998. 999. 998. 998. 999. 999.
  999. 998. 999. 949. 948. 949. 950. 950. 950. 950. 950. 949. 949. 949.
  949. 949. 949. 950. 949. 949. 949. 949. 949. 949. 950. 950.]
 [273. 485. 600. 691. 735. 777. 804. 821. 824. 840. 849. 864. 861. 879.
  878. 875. 885. 847. 846. 855. 854. 856. 860. 860. 859. 863. 863. 869.
  868. 867. 871. 873. 868. 866. 874. 875. 870. 875. 875. 875.]
 [364. 562. 675. 713. 758. 785. 816. 825. 834. 843. 847. 857. 864. 862.
  869. 873. 881. 837. 845. 848. 847. 855. 847. 847. 857. 863. 858. 856.
  860. 859. 867. 866. 864. 870. 869. 870. 872. 871. 874. 876.]]
##############################
[[143. 246. 312. 367. 399. 408. 441. 467. 480. 492. 501. 492. 508. 521.
  524. 512. 524. 533. 487. 511. 500. 511. 515. 514. 518. 527. 522. 523.
  524. 526. 522. 542. 527. 532. 537. 545. 539. 533. 543. 539.]
 [850. 966. 982. 993. 997. 997. 998. 998. 998. 999. 998. 998. 999. 999.
  999. 998. 999. 999. 948. 949. 950. 950. 950. 950. 950. 949. 949. 949.
  949. 949. 949. 950. 949. 949. 949. 949. 949. 949. 950. 950.]
 [273. 485. 600. 691. 735. 777. 804. 821. 824. 840. 849. 864. 861. 879.
  878. 875. 885. 891. 846. 855. 854. 856. 860. 860. 859. 863. 863. 869.
  868. 867. 871. 873. 868. 866. 874. 875. 870. 875. 875. 875.]
 [364. 562. 675. 713. 758. 785. 816. 825. 834. 843. 847. 857. 864. 862.
  869. 873. 881. 879. 845. 848. 847. 855. 847. 847. 857. 863. 858. 856.
  860. 859. 867. 866. 864. 870. 869. 870. 872. 871. 874. 876.]]
##############################
[[143. 246. 312. 367. 399. 408. 441. 467. 480. 492. 501. 492. 508. 521.
  524. 512. 524. 533. 514. 511. 500. 511. 515. 514. 518. 527. 522. 523.
  524. 526. 522. 542. 527. 532. 537. 545. 539. 533. 543. 539.]
 [850. 966. 982. 993. 997. 997. 998. 998. 998. 999. 998. 998. 999. 999.
  999. 998. 999. 999. 998. 949. 950. 950. 950. 950. 950. 949. 949. 949.
  949. 949. 949. 950. 949. 949. 949. 949. 949. 949. 950. 950.]
 [273. 485. 600. 691. 735. 777. 804. 821. 824. 840. 849. 864. 861. 879.
  878. 875. 885. 891. 889. 855. 854. 856. 860. 860. 859. 863. 863. 869.
  868. 867. 871. 873. 868. 866. 874. 875. 870. 875. 875. 875.]
 [364. 562. 675. 713. 758. 785. 816. 825. 834. 843. 847. 857. 864. 862.
  869. 873. 881. 879. 888. 848. 847. 855. 847. 847. 857. 863. 858. 856.
  860. 859. 867. 866. 864. 870. 869. 870. 872. 871. 874. 876.]]
##############################
[[143. 246. 312. 367. 399. 408. 441. 467. 480. 492. 501. 492. 508. 521.
  524. 512. 524. 533. 514. 542. 500. 511. 515. 514. 518. 527. 522. 523.
  524. 526. 522. 542. 527. 532. 537. 545. 539. 533. 543. 539.]
 [850. 966. 982. 993. 997. 997. 998. 998. 998. 999. 998. 998. 999. 999.
  999. 998. 999. 999. 998. 999. 950. 950. 950. 950. 950. 949. 949. 949.
  949. 949. 949. 950. 949. 949. 949. 949. 949. 949. 950. 950.]
 [273. 485. 600. 691. 735. 777. 804. 821. 824. 840. 849. 864. 861. 879.
  878. 875. 885. 891. 889. 898. 854. 856. 860. 860. 859. 863. 863. 869.
  868. 867. 871. 873. 868. 866. 874. 875. 870. 875. 875. 875.]
 [364. 562. 675. 713. 758. 785. 816. 825. 834. 843. 847. 857. 864. 862.
  869. 873. 881. 879. 888. 890. 847. 855. 847. 847. 857. 863. 858. 856.
  860. 859. 867. 866. 864. 870. 869. 870. 872. 871. 874. 876.]]
##############################
[[ 143.  246.  312.  367.  399.  408.  441.  467.  480.  492.  501.  492.
   508.  521.  524.  512.  524.  533.  514.  542.  530.  511.  515.  514.
   518.  527.  522.  523.  524.  526.  522.  542.  527.  532.  537.  545.
   539.  533.  543.  539.]
 [ 850.  966.  982.  993.  997.  997.  998.  998.  998.  999.  998.  998.
   999.  999.  999.  998.  999.  999.  998.  999. 1000.  950.  950.  950.
   950.  949.  949.  949.  949.  949.  949.  950.  949.  949.  949.  949.
   949.  949.  950.  950.]
 [ 273.  485.  600.  691.  735.  777.  804.  821.  824.  840.  849.  864.
   861.  879.  878.  875.  885.  891.  889.  898.  899.  856.  860.  860.
   859.  863.  863.  869.  868.  867.  871.  873.  868.  866.  874.  875.
   870.  875.  875.  875.]
 [ 364.  562.  675.  713.  758.  785.  816.  825.  834.  843.  847.  857.
   864.  862.  869.  873.  881.  879.  888.  890.  888.  855.  847.  847.
   857.  863.  858.  856.  860.  859.  867.  866.  864.  870.  869.  870.
   872.  871.  874.  876.]]
##############################
[[ 143.  246.  312.  367.  399.  408.  441.  467.  480.  492.  501.  492.
   508.  521.  524.  512.  524.  533.  514.  542.  530.  542.  515.  514.
   518.  527.  522.  523.  524.  526.  522.  542.  527.  532.  537.  545.
   539.  533.  543.  539.]
 [ 850.  966.  982.  993.  997.  997.  998.  998.  998.  999.  998.  998.
   999.  999.  999.  998.  999.  999.  998.  999. 1000. 1000.  950.  950.
   950.  949.  949.  949.  949.  949.  949.  950.  949.  949.  949.  949.
   949.  949.  950.  950.]
 [ 273.  485.  600.  691.  735.  777.  804.  821.  824.  840.  849.  864.
   861.  879.  878.  875.  885.  891.  889.  898.  899.  902.  860.  860.
   859.  863.  863.  869.  868.  867.  871.  873.  868.  866.  874.  875.
   870.  875.  875.  875.]
 [ 364.  562.  675.  713.  758.  785.  816.  825.  834.  843.  847.  857.
   864.  862.  869.  873.  881.  879.  888.  890.  888.  897.  847.  847.
   857.  863.  858.  856.  860.  859.  867.  866.  864.  870.  869.  870.
   872.  871.  874.  876.]]
##############################
[[ 143.  246.  312.  367.  399.  408.  441.  467.  480.  492.  501.  492.
   508.  521.  524.  512.  524.  533.  514.  542.  530.  542.  545.  514.
   518.  527.  522.  523.  524.  526.  522.  542.  527.  532.  537.  545.
   539.  533.  543.  539.]
 [ 850.  966.  982.  993.  997.  997.  998.  998.  998.  999.  998.  998.
   999.  999.  999.  998.  999.  999.  998.  999. 1000. 1000. 1000.  950.
   950.  949.  949.  949.  949.  949.  949.  950.  949.  949.  949.  949.
   949.  949.  950.  950.]
 [ 273.  485.  600.  691.  735.  777.  804.  821.  824.  840.  849.  864.
   861.  879.  878.  875.  885.  891.  889.  898.  899.  902.  906.  860.
   859.  863.  863.  869.  868.  867.  871.  873.  868.  866.  874.  875.
   870.  875.  875.  875.]
 [ 364.  562.  675.  713.  758.  785.  816.  825.  834.  843.  847.  857.
   864.  862.  869.  873.  881.  879.  888.  890.  888.  897.  890.  847.
   857.  863.  858.  856.  860.  859.  867.  866.  864.  870.  869.  870.
   872.  871.  874.  876.]]
##############################
[[ 143.  246.  312.  367.  399.  408.  441.  467.  480.  492.  501.  492.
   508.  521.  524.  512.  524.  533.  514.  542.  530.  542.  545.  545.
   518.  527.  522.  523.  524.  526.  522.  542.  527.  532.  537.  545.
   539.  533.  543.  539.]
 [ 850.  966.  982.  993.  997.  997.  998.  998.  998.  999.  998.  998.
   999.  999.  999.  998.  999.  999.  998.  999. 1000. 1000. 1000. 1000.
   950.  949.  949.  949.  949.  949.  949.  950.  949.  949.  949.  949.
   949.  949.  950.  950.]
 [ 273.  485.  600.  691.  735.  777.  804.  821.  824.  840.  849.  864.
   861.  879.  878.  875.  885.  891.  889.  898.  899.  902.  906.  906.
   859.  863.  863.  869.  868.  867.  871.  873.  868.  866.  874.  875.
   870.  875.  875.  875.]
 [ 364.  562.  675.  713.  758.  785.  816.  825.  834.  843.  847.  857.
   864.  862.  869.  873.  881.  879.  888.  890.  888.  897.  890.  890.
   857.  863.  858.  856.  860.  859.  867.  866.  864.  870.  869.  870.
   872.  871.  874.  876.]]
##############################
[[ 143.  246.  312.  367.  399.  408.  441.  467.  480.  492.  501.  492.
   508.  521.  524.  512.  524.  533.  514.  542.  530.  542.  545.  545.
   547.  527.  522.  523.  524.  526.  522.  542.  527.  532.  537.  545.
   539.  533.  543.  539.]
 [ 850.  966.  982.  993.  997.  997.  998.  998.  998.  999.  998.  998.
   999.  999.  999.  998.  999.  999.  998.  999. 1000. 1000. 1000. 1000.
  1000.  949.  949.  949.  949.  949.  949.  950.  949.  949.  949.  949.
   949.  949.  950.  950.]
 [ 273.  485.  600.  691.  735.  777.  804.  821.  824.  840.  849.  864.
   861.  879.  878.  875.  885.  891.  889.  898.  899.  902.  906.  906.
   903.  863.  863.  869.  868.  867.  871.  873.  868.  866.  874.  875.
   870.  875.  875.  875.]
 [ 364.  562.  675.  713.  758.  785.  816.  825.  834.  843.  847.  857.
   864.  862.  869.  873.  881.  879.  888.  890.  888.  897.  890.  890.
   901.  863.  858.  856.  860.  859.  867.  866.  864.  870.  869.  870.
   872.  871.  874.  876.]]
##############################
[[ 143.  246.  312.  367.  399.  408.  441.  467.  480.  492.  501.  492.
   508.  521.  524.  512.  524.  533.  514.  542.  530.  542.  545.  545.
   547.  554.  522.  523.  524.  526.  522.  542.  527.  532.  537.  545.
   539.  533.  543.  539.]
 [ 850.  966.  982.  993.  997.  997.  998.  998.  998.  999.  998.  998.
   999.  999.  999.  998.  999.  999.  998.  999. 1000. 1000. 1000. 1000.
  1000.  999.  949.  949.  949.  949.  949.  950.  949.  949.  949.  949.
   949.  949.  950.  950.]
 [ 273.  485.  600.  691.  735.  777.  804.  821.  824.  840.  849.  864.
   861.  879.  878.  875.  885.  891.  889.  898.  899.  902.  906.  906.
   903.  908.  863.  869.  868.  867.  871.  873.  868.  866.  874.  875.
   870.  875.  875.  875.]
 [ 364.  562.  675.  713.  758.  785.  816.  825.  834.  843.  847.  857.
   864.  862.  869.  873.  881.  879.  888.  890.  888.  897.  890.  890.
   901.  906.  858.  856.  860.  859.  867.  866.  864.  870.  869.  870.
   872.  871.  874.  876.]]
##############################
[[ 143.  246.  312.  367.  399.  408.  441.  467.  480.  492.  501.  492.
   508.  521.  524.  512.  524.  533.  514.  542.  530.  542.  545.  545.
   547.  554.  551.  523.  524.  526.  522.  542.  527.  532.  537.  545.
   539.  533.  543.  539.]
 [ 850.  966.  982.  993.  997.  997.  998.  998.  998.  999.  998.  998.
   999.  999.  999.  998.  999.  999.  998.  999. 1000. 1000. 1000. 1000.
  1000.  999.  999.  949.  949.  949.  949.  950.  949.  949.  949.  949.
   949.  949.  950.  950.]
 [ 273.  485.  600.  691.  735.  777.  804.  821.  824.  840.  849.  864.
   861.  879.  878.  875.  885.  891.  889.  898.  899.  902.  906.  906.
   903.  908.  909.  869.  868.  867.  871.  873.  868.  866.  874.  875.
   870.  875.  875.  875.]
 [ 364.  562.  675.  713.  758.  785.  816.  825.  834.  843.  847.  857.
   864.  862.  869.  873.  881.  879.  888.  890.  888.  897.  890.  890.
   901.  906.  903.  856.  860.  859.  867.  866.  864.  870.  869.  870.
   872.  871.  874.  876.]]
##############################
[[ 143.  246.  312.  367.  399.  408.  441.  467.  480.  492.  501.  492.
   508.  521.  524.  512.  524.  533.  514.  542.  530.  542.  545.  545.
   547.  554.  551.  552.  524.  526.  522.  542.  527.  532.  537.  545.
   539.  533.  543.  539.]
 [ 850.  966.  982.  993.  997.  997.  998.  998.  998.  999.  998.  998.
   999.  999.  999.  998.  999.  999.  998.  999. 1000. 1000. 1000. 1000.
  1000.  999.  999.  999.  949.  949.  949.  950.  949.  949.  949.  949.
   949.  949.  950.  950.]
 [ 273.  485.  600.  691.  735.  777.  804.  821.  824.  840.  849.  864.
   861.  879.  878.  875.  885.  891.  889.  898.  899.  902.  906.  906.
   903.  908.  909.  913.  868.  867.  871.  873.  868.  866.  874.  875.
   870.  875.  875.  875.]
 [ 364.  562.  675.  713.  758.  785.  816.  825.  834.  843.  847.  857.
   864.  862.  869.  873.  881.  879.  888.  890.  888.  897.  890.  890.
   901.  906.  903.  902.  860.  859.  867.  866.  864.  870.  869.  870.
   872.  871.  874.  876.]]
##############################
[[ 143.  246.  312.  367.  399.  408.  441.  467.  480.  492.  501.  492.
   508.  521.  524.  512.  524.  533.  514.  542.  530.  542.  545.  545.
   547.  554.  551.  552.  553.  526.  522.  542.  527.  532.  537.  545.
   539.  533.  543.  539.]
 [ 850.  966.  982.  993.  997.  997.  998.  998.  998.  999.  998.  998.
   999.  999.  999.  998.  999.  999.  998.  999. 1000. 1000. 1000. 1000.
  1000.  999.  999.  999.  999.  949.  949.  950.  949.  949.  949.  949.
   949.  949.  950.  950.]
 [ 273.  485.  600.  691.  735.  777.  804.  821.  824.  840.  849.  864.
   861.  879.  878.  875.  885.  891.  889.  898.  899.  902.  906.  906.
   903.  908.  909.  913.  913.  867.  871.  873.  868.  866.  874.  875.
   870.  875.  875.  875.]
 [ 364.  562.  675.  713.  758.  785.  816.  825.  834.  843.  847.  857.
   864.  862.  869.  873.  881.  879.  888.  890.  888.  897.  890.  890.
   901.  906.  903.  902.  907.  859.  867.  866.  864.  870.  869.  870.
   872.  871.  874.  876.]]
##############################
[[ 143.  246.  312.  367.  399.  408.  441.  467.  480.  492.  501.  492.
   508.  521.  524.  512.  524.  533.  514.  542.  530.  542.  545.  545.
   547.  554.  551.  552.  553.  556.  522.  542.  527.  532.  537.  545.
   539.  533.  543.  539.]
 [ 850.  966.  982.  993.  997.  997.  998.  998.  998.  999.  998.  998.
   999.  999.  999.  998.  999.  999.  998.  999. 1000. 1000. 1000. 1000.
  1000.  999.  999.  999.  999.  999.  949.  950.  949.  949.  949.  949.
   949.  949.  950.  950.]
 [ 273.  485.  600.  691.  735.  777.  804.  821.  824.  840.  849.  864.
   861.  879.  878.  875.  885.  891.  889.  898.  899.  902.  906.  906.
   903.  908.  909.  913.  913.  915.  871.  873.  868.  866.  874.  875.
   870.  875.  875.  875.]
 [ 364.  562.  675.  713.  758.  785.  816.  825.  834.  843.  847.  857.
   864.  862.  869.  873.  881.  879.  888.  890.  888.  897.  890.  890.
   901.  906.  903.  902.  907.  905.  867.  866.  864.  870.  869.  870.
   872.  871.  874.  876.]]
##############################
[[ 143.  246.  312.  367.  399.  408.  441.  467.  480.  492.  501.  492.
   508.  521.  524.  512.  524.  533.  514.  542.  530.  542.  545.  545.
   547.  554.  551.  552.  553.  556.  552.  542.  527.  532.  537.  545.
   539.  533.  543.  539.]
 [ 850.  966.  982.  993.  997.  997.  998.  998.  998.  999.  998.  998.
   999.  999.  999.  998.  999.  999.  998.  999. 1000. 1000. 1000. 1000.
  1000.  999.  999.  999.  999.  999.  999.  950.  949.  949.  949.  949.
   949.  949.  950.  950.]
 [ 273.  485.  600.  691.  735.  777.  804.  821.  824.  840.  849.  864.
   861.  879.  878.  875.  885.  891.  889.  898.  899.  902.  906.  906.
   903.  908.  909.  913.  913.  915.  917.  873.  868.  866.  874.  875.
   870.  875.  875.  875.]
 [ 364.  562.  675.  713.  758.  785.  816.  825.  834.  843.  847.  857.
   864.  862.  869.  873.  881.  879.  888.  890.  888.  897.  890.  890.
   901.  906.  903.  902.  907.  905.  913.  866.  864.  870.  869.  870.
   872.  871.  874.  876.]]
##############################
[[ 143.  246.  312.  367.  399.  408.  441.  467.  480.  492.  501.  492.
   508.  521.  524.  512.  524.  533.  514.  542.  530.  542.  545.  545.
   547.  554.  551.  552.  553.  556.  552.  574.  527.  532.  537.  545.
   539.  533.  543.  539.]
 [ 850.  966.  982.  993.  997.  997.  998.  998.  998.  999.  998.  998.
   999.  999.  999.  998.  999.  999.  998.  999. 1000. 1000. 1000. 1000.
  1000.  999.  999.  999.  999.  999.  999. 1000.  949.  949.  949.  949.
   949.  949.  950.  950.]
 [ 273.  485.  600.  691.  735.  777.  804.  821.  824.  840.  849.  864.
   861.  879.  878.  875.  885.  891.  889.  898.  899.  902.  906.  906.
   903.  908.  909.  913.  913.  915.  917.  919.  868.  866.  874.  875.
   870.  875.  875.  875.]
 [ 364.  562.  675.  713.  758.  785.  816.  825.  834.  843.  847.  857.
   864.  862.  869.  873.  881.  879.  888.  890.  888.  897.  890.  890.
   901.  906.  903.  902.  907.  905.  913.  913.  864.  870.  869.  870.
   872.  871.  874.  876.]]
##############################
[[ 143.  246.  312.  367.  399.  408.  441.  467.  480.  492.  501.  492.
   508.  521.  524.  512.  524.  533.  514.  542.  530.  542.  545.  545.
   547.  554.  551.  552.  553.  556.  552.  574.  558.  532.  537.  545.
   539.  533.  543.  539.]
 [ 850.  966.  982.  993.  997.  997.  998.  998.  998.  999.  998.  998.
   999.  999.  999.  998.  999.  999.  998.  999. 1000. 1000. 1000. 1000.
  1000.  999.  999.  999.  999.  999.  999. 1000.  999.  949.  949.  949.
   949.  949.  950.  950.]
 [ 273.  485.  600.  691.  735.  777.  804.  821.  824.  840.  849.  864.
   861.  879.  878.  875.  885.  891.  889.  898.  899.  902.  906.  906.
   903.  908.  909.  913.  913.  915.  917.  919.  915.  866.  874.  875.
   870.  875.  875.  875.]
 [ 364.  562.  675.  713.  758.  785.  816.  825.  834.  843.  847.  857.
   864.  862.  869.  873.  881.  879.  888.  890.  888.  897.  890.  890.
   901.  906.  903.  902.  907.  905.  913.  913.  910.  870.  869.  870.
   872.  871.  874.  876.]]
##############################
[[ 143.  246.  312.  367.  399.  408.  441.  467.  480.  492.  501.  492.
   508.  521.  524.  512.  524.  533.  514.  542.  530.  542.  545.  545.
   547.  554.  551.  552.  553.  556.  552.  574.  558.  563.  537.  545.
   539.  533.  543.  539.]
 [ 850.  966.  982.  993.  997.  997.  998.  998.  998.  999.  998.  998.
   999.  999.  999.  998.  999.  999.  998.  999. 1000. 1000. 1000. 1000.
  1000.  999.  999.  999.  999.  999.  999. 1000.  999.  999.  949.  949.
   949.  949.  950.  950.]
 [ 273.  485.  600.  691.  735.  777.  804.  821.  824.  840.  849.  864.
   861.  879.  878.  875.  885.  891.  889.  898.  899.  902.  906.  906.
   903.  908.  909.  913.  913.  915.  917.  919.  915.  913.  874.  875.
   870.  875.  875.  875.]
 [ 364.  562.  675.  713.  758.  785.  816.  825.  834.  843.  847.  857.
   864.  862.  869.  873.  881.  879.  888.  890.  888.  897.  890.  890.
   901.  906.  903.  902.  907.  905.  913.  913.  910.  916.  869.  870.
   872.  871.  874.  876.]]
##############################
[[ 143.  246.  312.  367.  399.  408.  441.  467.  480.  492.  501.  492.
   508.  521.  524.  512.  524.  533.  514.  542.  530.  542.  545.  545.
   547.  554.  551.  552.  553.  556.  552.  574.  558.  563.  569.  545.
   539.  533.  543.  539.]
 [ 850.  966.  982.  993.  997.  997.  998.  998.  998.  999.  998.  998.
   999.  999.  999.  998.  999.  999.  998.  999. 1000. 1000. 1000. 1000.
  1000.  999.  999.  999.  999.  999.  999. 1000.  999.  999.  999.  949.
   949.  949.  950.  950.]
 [ 273.  485.  600.  691.  735.  777.  804.  821.  824.  840.  849.  864.
   861.  879.  878.  875.  885.  891.  889.  898.  899.  902.  906.  906.
   903.  908.  909.  913.  913.  915.  917.  919.  915.  913.  920.  875.
   870.  875.  875.  875.]
 [ 364.  562.  675.  713.  758.  785.  816.  825.  834.  843.  847.  857.
   864.  862.  869.  873.  881.  879.  888.  890.  888.  897.  890.  890.
   901.  906.  903.  902.  907.  905.  913.  913.  910.  916.  915.  870.
   872.  871.  874.  876.]]
##############################
[[ 143.  246.  312.  367.  399.  408.  441.  467.  480.  492.  501.  492.
   508.  521.  524.  512.  524.  533.  514.  542.  530.  542.  545.  545.
   547.  554.  551.  552.  553.  556.  552.  574.  558.  563.  569.  576.
   539.  533.  543.  539.]
 [ 850.  966.  982.  993.  997.  997.  998.  998.  998.  999.  998.  998.
   999.  999.  999.  998.  999.  999.  998.  999. 1000. 1000. 1000. 1000.
  1000.  999.  999.  999.  999.  999.  999. 1000.  999.  999.  999.  999.
   949.  949.  950.  950.]
 [ 273.  485.  600.  691.  735.  777.  804.  821.  824.  840.  849.  864.
   861.  879.  878.  875.  885.  891.  889.  898.  899.  902.  906.  906.
   903.  908.  909.  913.  913.  915.  917.  919.  915.  913.  920.  923.
   870.  875.  875.  875.]
 [ 364.  562.  675.  713.  758.  785.  816.  825.  834.  843.  847.  857.
   864.  862.  869.  873.  881.  879.  888.  890.  888.  897.  890.  890.
   901.  906.  903.  902.  907.  905.  913.  913.  910.  916.  915.  916.
   872.  871.  874.  876.]]
##############################
[[ 143.  246.  312.  367.  399.  408.  441.  467.  480.  492.  501.  492.
   508.  521.  524.  512.  524.  533.  514.  542.  530.  542.  545.  545.
   547.  554.  551.  552.  553.  556.  552.  574.  558.  563.  569.  576.
   570.  533.  543.  539.]
 [ 850.  966.  982.  993.  997.  997.  998.  998.  998.  999.  998.  998.
   999.  999.  999.  998.  999.  999.  998.  999. 1000. 1000. 1000. 1000.
  1000.  999.  999.  999.  999.  999.  999. 1000.  999.  999.  999.  999.
   999.  949.  950.  950.]
 [ 273.  485.  600.  691.  735.  777.  804.  821.  824.  840.  849.  864.
   861.  879.  878.  875.  885.  891.  889.  898.  899.  902.  906.  906.
   903.  908.  909.  913.  913.  915.  917.  919.  915.  913.  920.  923.
   918.  875.  875.  875.]
 [ 364.  562.  675.  713.  758.  785.  816.  825.  834.  843.  847.  857.
   864.  862.  869.  873.  881.  879.  888.  890.  888.  897.  890.  890.
   901.  906.  903.  902.  907.  905.  913.  913.  910.  916.  915.  916.
   918.  871.  874.  876.]]
##############################
[[ 143.  246.  312.  367.  399.  408.  441.  467.  480.  492.  501.  492.
   508.  521.  524.  512.  524.  533.  514.  542.  530.  542.  545.  545.
   547.  554.  551.  552.  553.  556.  552.  574.  558.  563.  569.  576.
   570.  564.  543.  539.]
 [ 850.  966.  982.  993.  997.  997.  998.  998.  998.  999.  998.  998.
   999.  999.  999.  998.  999.  999.  998.  999. 1000. 1000. 1000. 1000.
  1000.  999.  999.  999.  999.  999.  999. 1000.  999.  999.  999.  999.
   999.  999.  950.  950.]
 [ 273.  485.  600.  691.  735.  777.  804.  821.  824.  840.  849.  864.
   861.  879.  878.  875.  885.  891.  889.  898.  899.  902.  906.  906.
   903.  908.  909.  913.  913.  915.  917.  919.  915.  913.  920.  923.
   918.  923.  875.  875.]
 [ 364.  562.  675.  713.  758.  785.  816.  825.  834.  843.  847.  857.
   864.  862.  869.  873.  881.  879.  888.  890.  888.  897.  890.  890.
   901.  906.  903.  902.  907.  905.  913.  913.  910.  916.  915.  916.
   918.  918.  874.  876.]]
##############################
[[ 143.  246.  312.  367.  399.  408.  441.  467.  480.  492.  501.  492.
   508.  521.  524.  512.  524.  533.  514.  542.  530.  542.  545.  545.
   547.  554.  551.  552.  553.  556.  552.  574.  558.  563.  569.  576.
   570.  564.  574.  539.]
 [ 850.  966.  982.  993.  997.  997.  998.  998.  998.  999.  998.  998.
   999.  999.  999.  998.  999.  999.  998.  999. 1000. 1000. 1000. 1000.
  1000.  999.  999.  999.  999.  999.  999. 1000.  999.  999.  999.  999.
   999.  999. 1000.  950.]
 [ 273.  485.  600.  691.  735.  777.  804.  821.  824.  840.  849.  864.
   861.  879.  878.  875.  885.  891.  889.  898.  899.  902.  906.  906.
   903.  908.  909.  913.  913.  915.  917.  919.  915.  913.  920.  923.
   918.  923.  922.  875.]
 [ 364.  562.  675.  713.  758.  785.  816.  825.  834.  843.  847.  857.
   864.  862.  869.  873.  881.  879.  888.  890.  888.  897.  890.  890.
   901.  906.  903.  902.  907.  905.  913.  913.  910.  916.  915.  916.
   918.  918.  920.  876.]]
##############################
[[ 143.  246.  312.  367.  399.  408.  441.  467.  480.  492.  501.  492.
   508.  521.  524.  512.  524.  533.  514.  542.  530.  542.  545.  545.
   547.  554.  551.  552.  553.  556.  552.  574.  558.  563.  569.  576.
   570.  564.  574.  569.]
 [ 850.  966.  982.  993.  997.  997.  998.  998.  998.  999.  998.  998.
   999.  999.  999.  998.  999.  999.  998.  999. 1000. 1000. 1000. 1000.
  1000.  999.  999.  999.  999.  999.  999. 1000.  999.  999.  999.  999.
   999.  999. 1000. 1000.]
 [ 273.  485.  600.  691.  735.  777.  804.  821.  824.  840.  849.  864.
   861.  879.  878.  875.  885.  891.  889.  898.  899.  902.  906.  906.
   903.  908.  909.  913.  913.  915.  917.  919.  915.  913.  920.  923.
   918.  923.  922.  922.]
 [ 364.  562.  675.  713.  758.  785.  816.  825.  834.  843.  847.  857.
   864.  862.  869.  873.  881.  879.  888.  890.  888.  897.  890.  890.
   901.  906.  903.  902.  907.  905.  913.  913.  910.  916.  915.  916.
   918.  918.  920.  922.]]
##############################
##################################################
/targeted_attack/adv_example/resnet50_CE_0
Hyper-parameters: {'source_model': 'resnet50', 'batch_size': 50, 'max_iterations': 400, 'loss_function': 'CE', 'targeted': False, 'm1': 1, 'm2': 1, 'strength': 0, 'adv_perturbation': True, 'adv_loss_function': 'CE', 'adv_epsilon': 0.047058823529411764, 'adv_steps': 6, 'transpoint': 0, 'seed': 9018, 'MI': False, 'DI': False, 'TI': False, 'SI': False, 'random_start': False, 'save': True, 'device': 0, 'adv_alpha': 0.00784313725490196, 'adv_targeted': 1, 'file_path': '/targeted_attack/adv_example/resnet50_CE_0'}

final result
Source model : Ensemble --> Target model: Inception-v3 | ResNet50 | DenseNet121 | VGG16bn
[[ 143.  246.  312.  367.  399.  408.  441.  467.  480.  492.  501.  492.
   508.  521.  524.  512.  524.  533.  514.  542.  530.  542.  545.  545.
   547.  554.  551.  552.  553.  556.  552.  574.  558.  563.  569.  576.
   570.  564.  574.  569.]
 [ 850.  966.  982.  993.  997.  997.  998.  998.  998.  999.  998.  998.
   999.  999.  999.  998.  999.  999.  998.  999. 1000. 1000. 1000. 1000.
  1000.  999.  999.  999.  999.  999.  999. 1000.  999.  999.  999.  999.
   999.  999. 1000. 1000.]
 [ 273.  485.  600.  691.  735.  777.  804.  821.  824.  840.  849.  864.
   861.  879.  878.  875.  885.  891.  889.  898.  899.  902.  906.  906.
   903.  908.  909.  913.  913.  915.  917.  919.  915.  913.  920.  923.
   918.  923.  922.  922.]
 [ 364.  562.  675.  713.  758.  785.  816.  825.  834.  843.  847.  857.
   864.  862.  869.  873.  881.  879.  888.  890.  888.  897.  890.  890.
   901.  906.  903.  902.  907.  905.  913.  913.  910.  916.  915.  916.
   918.  918.  920.  922.]]
results for 10 iters:
[143. 850. 273. 364.]
results for 100 iters:
[492. 999. 840. 843.]
results for 200 iters:
[542. 999. 898. 890.]
results for 300 iters:
[556. 999. 915. 905.]
results for 400 iters:
[ 569. 1000.  922.  922.]
saving the adversarial examples
finishing saving the adversarial examples
finishing the attack experiment
##################################################
##################################################
##################################################
