image,label,vgg19__clean,vgg19__rn152_pgd,vgg19__rn152_sgm,vgg19__dn201_pgd,vgg19__dn201_sgm,vgg19_bn__clean,vgg19_bn__rn152_pgd,vgg19_bn__rn152_sgm,vgg19_bn__dn201_pgd,vgg19_bn__dn201_sgm,resnet152__clean,resnet152__rn152_pgd,resnet152__rn152_sgm,resnet152__dn201_pgd,resnet152__dn201_sgm,densenet201__clean,densenet201__rn152_pgd,densenet201__rn152_sgm,densenet201__dn201_pgd,densenet201__dn201_sgm,senet154__clean,senet154__rn152_pgd,senet154__rn152_sgm,senet154__dn201_pgd,senet154__dn201_sgm,tf_inception_v3__clean,tf_inception_v3__rn152_pgd,tf_inception_v3__rn152_sgm,tf_inception_v3__dn201_pgd,tf_inception_v3__dn201_sgm,tf_inception_v4__clean,tf_inception_v4__rn152_pgd,tf_inception_v4__rn152_sgm,tf_inception_v4__dn201_pgd,tf_inception_v4__dn201_sgm,tf_inc_res_v2__clean,tf_inc_res_v2__rn152_pgd,tf_inc_res_v2__rn152_sgm,tf_inc_res_v2__dn201_pgd,tf_inc_res_v2__dn201_sgm
n01440764_ILSVRC2012_val_00011993.png,0,0,389,389,0,39,0,0,669,0,39,0,389,669,0,39,0,0,669,212,39,0,0,903,0,39,0,0,389,0,39,0,0,389,0,39,0,0,669,0,39
n01440764_ILSVRC2012_val_00021740.png,0,0,391,391,391,391,0,391,391,391,391,0,391,391,391,391,0,391,391,391,391,0,0,391,391,391,0,0,391,391,391,0,391,391,391,391,0,391,391,0,391
n01440764_ILSVRC2012_val_00023559.png,0,0,0,0,0,0,0,0,0,0,0,0,389,389,0,391,0,0,0,391,391,0,0,0,0,391,0,0,0,0,391,0,0,389,0,391,0,0,389,0,391
n01440764_ILSVRC2012_val_00028158.png,0,391,6,655,6,389,0,364,6,6,6,0,514,655,395,389,0,514,655,395,389,0,514,655,395,389,0,514,514,395,389,0,514,568,389,389,0,514,514,630,389
n01440764_ILSVRC2012_val_00034654.png,0,0,389,391,389,389,0,391,391,389,389,0,391,391,0,0,0,391,391,389,389,0,0,391,389,389,0,0,0,389,389,0,0,0,0,389,0,0,0,389,389
n01440764_ILSVRC2012_val_00045866.png,0,0,0,0,0,0,0,0,49,0,0,0,980,49,0,389,0,0,49,10,389,0,0,0,0,389,0,0,0,0,389,0,0,0,0,389,0,0,0,0,389
n01440764_ILSVRC2012_val_00045880.png,0,0,0,391,0,391,0,0,0,0,0,0,391,391,389,391,0,0,391,389,391,0,0,0,0,391,0,0,0,0,391,0,0,0,0,0,0,0,0,0,0
n01440764_ILSVRC2012_val_00048969.png,0,0,0,389,0,389,0,0,0,0,0,0,389,389,0,389,0,0,389,389,389,0,0,0,0,0,0,0,389,0,389,0,0,389,389,389,0,0,0,0,0
n01443537_ILSVRC2012_val_00002848.png,1,1,1,851,1,598,1,1,851,851,598,1,745,664,598,598,1,1,664,598,598,1,1,527,1,598,1,1,1,1,598,1,1,851,598,598,1,1,851,598,598
n01443537_ILSVRC2012_val_00005870.png,1,1,1,591,721,845,1,712,591,794,845,1,712,591,721,845,1,712,591,721,845,1,712,591,721,845,1,111,591,429,784,1,712,591,591,126,1,712,591,700,126
n01443537_ILSVRC2012_val_00006216.png,1,1,1,1,121,121,1,1,1,1,118,1,934,934,121,118,1,1,934,121,118,1,1,1,121,118,1,1,1,1,118,1,1,1,121,118,1,1,934,1,118
n01443537_ILSVRC2012_val_00010509.png,1,1,1,393,1,393,1,1,393,1,393,1,393,393,393,393,1,393,393,393,393,1,393,393,393,393,1,1,393,1,393,1,1,393,1,393,1,1,108,1,393
n01443537_ILSVRC2012_val_00011914.png,1,1,973,611,1,1,1,973,611,1,36,1,109,611,973,36,1,109,611,955,36,1,973,611,1,36,1,1,611,1,36,1,1,611,1,36,1,1,611,1,36
n01443537_ILSVRC2012_val_00020785.png,1,1,1,1,1,1,1,1,29,1,29,1,988,29,1,1,1,1,29,956,29,1,1,1,1,1,1,1,1,1,29,1,1,29,1,1,1,1,1,1,29
n01443537_ILSVRC2012_val_00031138.png,1,1,334,109,107,94,1,334,109,850,94,1,334,109,107,94,1,334,109,266,94,1,334,109,393,94,1,334,109,850,94,1,334,109,107,94,1,102,109,1,94
n01443537_ILSVRC2012_val_00032675.png,1,1,1,611,1,109,1,1,611,1,109,1,850,611,1,109,1,850,611,348,109,1,1,611,1,109,1,1,611,1,109,1,1,611,1,109,1,1,611,1,109
n01484850_ILSVRC2012_val_00015220.png,2,2,3,611,149,3,2,4,327,3,327,2,4,611,3,3,2,4,611,3,3,2,4,4,3,3,2,4,611,3,3,2,3,4,3,3,2,4,4,3,3
n01484850_ILSVRC2012_val_00027514.png,2,2,3,6,6,6,2,6,6,6,3,2,3,6,6,3,2,3,6,6,3,2,3,6,6,3,2,3,5,3,3,2,3,6,6,3,2,3,6,3,3
n01484850_ILSVRC2012_val_00028028.png,2,2,3,390,3,3,2,3,395,3,3,2,3,395,3,3,2,3,3,3,3,2,3,3,3,3,2,3,3,4,3,2,3,3,3,3,2,3,3,3,3
n01484850_ILSVRC2012_val_00035774.png,2,2,3,3,3,3,2,3,3,3,3,2,3,3,3,3,2,3,3,3,3,2,3,3,2,3,2,3,3,3,3,2,3,3,3,3,2,3,3,3,3
n01484850_ILSVRC2012_val_00037050.png,2,2,390,395,2,391,2,390,395,390,0,2,390,395,390,391,2,390,395,390,389,2,390,395,390,389,2,395,395,3,395,2,390,395,3,3,2,2,390,2,395
n01484850_ILSVRC2012_val_00046171.png,2,2,148,109,4,148,2,148,109,148,148,2,148,109,148,148,2,148,109,148,148,2,2,109,2,148,2,2,109,2,148,2,148,109,4,148,2,2,109,2,2
n01491361_ILSVRC2012_val_00007743.png,3,3,3,2,3,2,3,2,2,3,2,3,2,2,2,2,3,2,2,2,2,3,2,2,2,2,3,2,2,2,2,3,2,2,3,2,3,2,2,2,2
n01491361_ILSVRC2012_val_00008024.png,3,3,2,2,33,2,3,2,2,2,2,3,2,2,2,2,3,2,2,2,2,3,2,2,2,2,3,2,2,2,2,3,2,2,2,2,3,2,2,2,2
n01491361_ILSVRC2012_val_00008108.png,3,6,6,6,6,6,3,6,6,6,6,3,6,6,5,6,3,6,6,5,6,3,6,6,5,6,5,6,6,5,6,3,6,6,6,6,3,6,6,5,6
n01491361_ILSVRC2012_val_00012328.png,3,3,3,2,2,2,3,2,2,2,2,3,2,2,2,2,3,2,2,2,2,3,2,2,2,2,3,3,2,2,2,3,2,2,2,2,3,2,2,2,2
n01491361_ILSVRC2012_val_00018466.png,3,3,4,6,3,3,3,4,6,4,6,3,587,6,4,6,3,3,6,4,6,3,3,6,3,6,3,4,3,4,3,3,3,3,3,6,3,3,3,3,6
n01491361_ILSVRC2012_val_00034038.png,3,3,3,3,389,3,3,3,2,389,397,3,4,2,33,973,3,3,2,36,84,3,4,3,3,3,3,3,3,394,394,3,4,2,2,394,3,3,2,394,3
n01494475_ILSVRC2012_val_00026490.png,4,4,4,4,4,4,4,2,4,4,2,4,2,2,2,2,4,4,2,2,2,4,4,2,2,2,4,2,4,2,2,4,4,4,4,2,4,4,2,4,2
n01494475_ILSVRC2012_val_00027113.png,4,4,2,2,3,3,4,2,2,3,3,4,2,2,3,3,4,2,2,3,3,4,3,3,3,3,4,3,2,3,3,4,3,3,3,3,4,3,2,3,3
n01494475_ILSVRC2012_val_00027160.png,4,4,3,3,33,2,4,3,3,394,2,4,3,3,3,2,4,3,3,3,2,4,3,3,3,2,4,3,3,3,2,4,3,3,3,394,4,3,3,3,2
n01494475_ILSVRC2012_val_00028084.png,4,4,3,395,4,395,4,3,395,394,395,4,3,395,395,395,4,3,395,394,395,4,3,395,3,395,4,3,4,3,394,4,3,395,394,395,4,3,395,394,394
n01494475_ILSVRC2012_val_00031424.png,4,4,4,2,327,296,4,2,2,267,33,4,2,2,296,33,4,2,2,267,33,4,4,2,4,33,4,4,4,267,33,4,2,2,267,33,4,2,2,267,33
n01494475_ILSVRC2012_val_00041400.png,4,4,3,4,3,3,4,4,3,4,3,4,3,3,3,3,4,3,3,3,3,4,4,4,3,3,4,3,3,4,3,4,3,395,3,3,4,3,3,3,3
n01494475_ILSVRC2012_val_00044788.png,4,4,5,396,6,390,4,983,109,5,289,4,691,396,5,289,4,983,396,5,289,4,983,396,6,289,4,3,396,5,289,4,6,396,5,289,4,983,109,5,289
n01496331_ILSVRC2012_val_00015549.png,5,5,584,584,618,584,5,584,464,584,584,5,405,584,584,584,5,5,584,572,584,5,836,774,711,774,5,405,464,572,584,5,405,443,572,684,5,5,5,5,684
n01496331_ILSVRC2012_val_00017440.png,5,5,5,6,5,6,5,5,6,5,6,5,6,6,6,6,5,5,5,6,6,5,5,5,5,6,5,5,5,5,5,5,5,5,5,5,5,5,5,5,5
n01496331_ILSVRC2012_val_00027301.png,5,5,5,5,5,55,5,5,971,5,5,5,948,948,397,55,5,5,5,397,55,5,5,109,5,64,5,5,5,5,5,5,5,5,5,5,5,5,5,5,5
n01498041_ILSVRC2012_val_00001935.png,6,6,6,6,5,5,6,6,5,5,5,6,5,5,6,5,6,5,5,5,5,6,6,6,6,6,6,5,5,5,5,6,6,5,5,5,6,5,5,5,5
n01498041_ILSVRC2012_val_00026908.png,6,6,6,6,6,6,6,6,5,6,5,6,5,5,5,5,6,5,5,5,5,6,6,5,6,5,6,6,5,5,5,6,6,5,6,5,6,6,5,6,5
n01498041_ILSVRC2012_val_00027005.png,6,6,6,33,6,2,6,3,33,3,2,6,3,33,2,2,6,3,33,2,2,6,3,33,2,2,6,3,33,6,2,6,2,33,2,2,6,3,33,6,2
n01498041_ILSVRC2012_val_00036157.png,6,6,5,5,5,5,6,5,5,5,5,6,5,5,5,5,6,5,5,5,5,6,5,5,5,5,6,5,5,5,5,6,5,5,5,5,6,5,5,5,5
n01514668_ILSVRC2012_val_00019721.png,7,7,7,8,7,8,7,7,7,7,7,7,8,8,8,8,7,7,8,8,8,7,7,8,7,8,7,7,7,7,8,7,7,7,7,7,7,7,7,7,8
n01514668_ILSVRC2012_val_00020451.png,7,7,7,8,7,8,7,8,8,7,7,7,8,8,8,8,7,8,8,8,8,7,7,8,7,8,7,7,8,7,8,7,7,8,7,8,7,8,8,7,8
n01514668_ILSVRC2012_val_00028221.png,7,7,7,7,7,7,7,7,7,7,8,7,8,8,7,8,7,8,8,8,8,7,7,7,7,7,7,7,7,7,7,7,7,7,7,8,7,7,7,7,7
n01514668_ILSVRC2012_val_00047724.png,7,7,7,7,7,88,7,7,7,88,88,7,8,8,7,88,7,7,7,88,88,7,7,7,7,88,7,7,7,7,88,7,7,7,7,7,7,7,7,7,7
n01514859_ILSVRC2012_val_00001368.png,8,8,8,7,8,8,8,8,8,8,8,8,7,7,8,7,8,8,8,7,7,8,8,8,8,8,8,8,8,8,8,8,8,8,8,8,8,8,8,8,8
n01514859_ILSVRC2012_val_00006195.png,8,8,80,80,7,7,8,80,80,7,7,8,80,80,23,7,8,80,80,7,7,8,23,7,7,7,8,80,80,8,7,8,80,80,8,7,8,8,8,8,7
n01514859_ILSVRC2012_val_00011171.png,8,8,8,7,7,7,8,7,7,7,7,8,7,7,7,7,8,7,7,7,7,8,7,7,7,7,8,7,7,7,7,8,8,8,8,7,8,8,7,7,7
n01514859_ILSVRC2012_val_00026508.png,8,8,8,7,8,8,8,8,8,8,86,8,7,496,611,86,8,8,8,611,86,8,8,8,8,86,8,8,8,8,86,8,8,8,8,8,8,8,8,8,86
n01514859_ILSVRC2012_val_00032169.png,8,8,8,7,8,7,8,8,7,7,7,8,7,7,7,7,8,7,7,7,7,8,8,7,7,7,8,8,8,8,8,8,8,8,8,8,8,8,8,8,8
n01514859_ILSVRC2012_val_00035141.png,8,8,8,8,8,8,8,216,375,840,729,8,476,375,8,729,8,8,338,729,729,8,8,8,8,8,8,8,155,8,87,8,8,152,8,87,8,8,377,8,8
n01518878_ILSVRC2012_val_00001398.png,9,9,9,9,9,552,9,9,267,9,883,9,676,127,496,591,9,9,704,658,883,9,9,127,9,883,9,9,127,9,9,9,9,9,9,9,9,9,9,9,9
n01518878_ILSVRC2012_val_00008176.png,9,9,9,138,9,138,9,9,138,138,138,9,17,138,138,138,9,138,138,138,138,9,9,138,9,138,9,9,138,9,138,9,9,138,9,138,9,9,138,9,138
n01518878_ILSVRC2012_val_00019184.png,9,9,9,138,133,138,9,9,9,138,138,9,134,134,9,138,9,134,134,142,138,9,134,134,134,138,9,9,9,9,9,9,9,9,9,138,9,9,9,9,9
n01518878_ILSVRC2012_val_00043764.png,9,9,9,138,138,138,9,138,138,138,138,9,138,138,9,138,9,138,138,138,138,9,9,138,9,138,9,9,9,9,138,9,9,138,9,138,9,9,9,9,138
n01518878_ILSVRC2012_val_00045402.png,9,9,9,100,9,9,9,9,99,345,36,9,363,99,9,36,9,9,9,808,36,9,9,9,9,9,9,9,9,9,9,9,9,9,9,9,9,9,9,9,9
n01518878_ILSVRC2012_val_00046260.png,9,9,9,9,9,9,9,9,23,9,127,9,93,23,9,146,9,9,9,141,141,9,9,23,9,141,9,9,9,9,135,9,9,9,9,9,9,9,9,9,9
n01518878_ILSVRC2012_val_00049090.png,9,9,9,81,348,355,9,9,109,355,355,9,256,109,9,355,9,9,109,355,355,9,232,109,9,355,9,9,109,9,355,9,9,109,9,9,9,9,84,9,355
n01530575_ILSVRC2012_val_00010689.png,10,10,10,10,10,11,10,10,11,10,11,10,18,11,10,11,10,10,10,182,11,10,10,10,10,11,10,10,10,10,10,10,10,10,10,10,10,10,10,10,10
n01530575_ILSVRC2012_val_00010999.png,10,10,10,12,10,12,10,10,12,10,12,10,700,12,10,12,10,10,12,770,12,10,10,12,10,10,10,10,12,10,12,10,10,10,10,12,10,10,10,10,10
n01530575_ILSVRC2012_val_00026673.png,10,10,86,16,19,375,10,10,16,16,375,10,217,16,364,375,10,247,16,170,375,10,8,16,371,375,10,10,13,380,375,10,10,13,10,374,10,10,10,10,370
n01530575_ILSVRC2012_val_00028902.png,10,10,10,15,133,196,10,10,15,13,196,10,15,15,10,12,10,10,10,196,196,10,10,10,10,10,10,10,10,10,133,10,10,10,10,12,10,10,10,10,10
n01530575_ILSVRC2012_val_00030224.png,10,10,10,13,12,12,10,10,13,12,12,10,13,13,12,12,10,13,13,12,12,10,13,13,10,12,10,10,13,12,12,10,10,13,12,12,10,13,13,12,12
n01530575_ILSVRC2012_val_00037116.png,10,10,10,13,86,13,10,13,13,86,13,10,13,13,10,13,10,13,13,284,13,10,10,10,10,10,10,10,10,86,13,10,10,13,10,13,10,10,10,10,10
n01530575_ILSVRC2012_val_00045389.png,10,10,15,10,383,11,10,15,15,383,11,10,15,15,257,11,10,15,15,257,11,10,15,10,257,11,10,15,15,257,10,10,15,10,169,11,10,10,10,10,10
n01530575_ILSVRC2012_val_00047878.png,10,10,448,67,82,61,10,287,67,997,61,10,62,67,62,61,10,61,67,859,61,10,62,67,859,61,10,62,54,54,61,10,332,67,10,61,10,10,54,10,54
n01531178_ILSVRC2012_val_00013998.png,11,11,16,16,16,92,11,16,16,16,16,11,16,16,16,16,11,16,16,16,16,11,16,16,16,16,11,16,16,16,16,11,16,16,16,16,11,16,16,16,16
n01531178_ILSVRC2012_val_00019236.png,11,11,11,88,11,11,11,11,50,11,10,11,658,49,11,10,11,11,11,101,10,11,11,11,11,10,11,11,11,11,10,11,11,11,11,10,11,11,11,11,10
n01531178_ILSVRC2012_val_00029581.png,11,11,11,11,11,12,11,11,15,10,12,11,15,15,11,12,11,11,12,12,12,11,16,12,11,12,11,15,15,12,12,11,15,15,12,12,11,15,15,12,12
n01531178_ILSVRC2012_val_00032154.png,11,11,11,611,11,11,11,11,611,11,11,11,700,611,11,11,11,11,611,984,984,11,11,611,11,11,11,11,611,11,11,11,11,611,11,11,11,11,611,11,11
n01531178_ILSVRC2012_val_00034250.png,11,11,11,611,11,11,11,11,611,11,10,11,611,611,11,10,11,11,611,12,10,11,11,611,11,11,11,11,611,11,11,11,11,611,11,10,11,11,611,11,10
n01531178_ILSVRC2012_val_00048710.png,11,11,11,850,11,938,11,11,309,88,938,11,938,115,11,938,11,11,115,938,938,11,11,11,11,938,11,11,115,11,938,11,11,85,11,938,11,11,11,11,938
n01532829_ILSVRC2012_val_00023942.png,12,12,21,21,21,21,12,21,21,21,21,12,21,21,21,21,12,21,21,21,21,12,21,21,21,21,12,12,21,12,21,12,12,21,12,21,12,12,21,12,21
n01532829_ILSVRC2012_val_00026776.png,12,12,12,12,12,12,12,12,12,12,12,12,401,10,12,14,12,12,12,84,14,12,12,10,12,14,12,12,12,12,12,12,12,12,12,12,12,12,12,12,12
n01532829_ILSVRC2012_val_00047688.png,12,12,14,14,12,12,12,14,14,14,140,12,17,14,140,140,12,12,12,140,140,12,12,12,12,20,12,12,12,12,140,12,12,12,12,12,12,12,12,12,140
n01534433_ILSVRC2012_val_00003116.png,13,13,13,17,17,17,13,19,17,17,97,13,18,17,133,975,13,13,16,975,975,13,13,17,17,17,13,13,13,13,99,13,13,13,13,13,13,13,13,13,13
n01534433_ILSVRC2012_val_00006326.png,13,13,381,380,13,10,13,105,377,13,10,13,381,377,13,10,13,381,377,489,10,13,381,380,13,10,13,13,377,13,10,13,13,105,13,10,13,13,105,13,10
n01534433_ILSVRC2012_val_00007872.png,13,13,13,20,13,94,13,13,20,94,94,13,20,20,13,94,13,13,20,700,94,13,13,13,13,94,13,13,13,13,13,13,13,13,13,94,13,13,13,13,13
n01534433_ILSVRC2012_val_00015216.png,13,13,13,82,13,10,13,13,62,13,10,13,15,62,85,10,13,13,85,770,10,13,13,10,13,10,13,13,13,13,10,13,13,13,13,10,13,13,13,13,13
n01534433_ILSVRC2012_val_00016677.png,13,13,13,20,91,86,13,20,20,13,20,13,20,20,13,20,13,13,20,91,20,13,13,13,13,20,13,13,13,13,20,13,13,13,13,13,13,13,13,13,20
n01534433_ILSVRC2012_val_00017712.png,13,13,12,12,12,12,13,12,12,12,12,13,12,12,12,12,13,12,12,12,12,13,13,13,13,12,13,13,12,12,12,13,13,12,13,12,13,13,12,13,12
n01534433_ILSVRC2012_val_00021650.png,13,13,13,338,367,365,13,13,876,876,876,13,435,435,435,435,13,13,876,435,435,13,13,876,435,435,13,13,876,13,435,13,13,13,13,876,13,13,13,13,435
n01534433_ILSVRC2012_val_00035389.png,13,13,19,19,19,17,13,19,19,19,19,13,19,19,19,19,13,19,19,19,19,13,13,19,19,19,13,19,19,19,19,13,13,13,19,19,13,13,19,19,19
n01534433_ILSVRC2012_val_00036042.png,13,13,137,100,254,348,13,99,100,217,345,13,99,100,81,23,13,99,100,217,345,13,13,109,23,23,13,13,140,13,80,13,13,140,13,13,13,13,137,13,80
n01534433_ILSVRC2012_val_00037239.png,13,13,12,12,12,12,13,12,12,12,12,13,12,12,12,12,13,12,12,12,12,13,12,12,12,12,13,12,12,12,12,13,12,12,12,12,13,12,12,12,12
n01534433_ILSVRC2012_val_00038794.png,13,13,13,20,87,20,13,13,20,20,20,13,20,20,20,20,13,20,20,20,20,13,13,20,13,20,13,13,13,13,13,13,13,20,13,20,13,13,20,13,13
n01537544_ILSVRC2012_val_00002449.png,14,14,14,17,14,14,14,17,17,16,18,14,17,17,14,18,14,14,17,18,18,14,17,17,17,17,14,14,17,14,17,14,14,17,14,18,14,17,17,14,17
n01537544_ILSVRC2012_val_00003557.png,14,14,14,14,14,14,14,14,14,14,14,14,17,17,14,17,14,14,14,936,998,14,17,17,14,14,14,14,14,14,14,14,14,14,14,14,14,14,14,14,14
n01537544_ILSVRC2012_val_00008420.png,14,14,84,85,14,80,14,84,84,84,80,14,84,85,14,80,14,84,86,82,83,14,14,14,14,86,14,14,14,14,85,14,14,85,14,83,14,14,85,86,86
n01537544_ILSVRC2012_val_00028024.png,14,14,14,14,88,998,14,14,92,14,14,14,92,92,313,987,14,14,14,792,998,14,14,14,88,14,14,14,14,14,14,14,14,14,14,14,14,14,14,14,14
n01537544_ILSVRC2012_val_00035735.png,14,14,14,14,14,14,14,14,15,14,15,14,10,10,14,10,14,14,14,10,10,14,14,14,14,14,14,14,14,14,14,14,14,14,14,10,14,14,14,14,10
n01537544_ILSVRC2012_val_00039571.png,14,14,14,17,14,333,14,17,17,14,88,14,17,17,14,359,14,14,17,359,359,14,14,14,14,14,14,14,14,14,359,14,14,14,14,358,14,14,17,14,359
n01537544_ILSVRC2012_val_00044540.png,14,14,14,131,14,88,14,14,131,14,88,14,578,132,14,88,14,14,131,452,88,14,14,14,14,88,14,14,14,14,14,14,14,14,14,88,14,14,14,14,88
n01558993_ILSVRC2012_val_00002825.png,15,15,91,91,91,91,15,13,13,91,136,15,13,13,15,137,15,13,13,137,137,15,15,15,15,15,15,15,13,15,15,15,15,15,15,15,15,15,15,15,15
n01558993_ILSVRC2012_val_00005412.png,15,15,85,85,82,824,15,15,15,316,824,15,85,85,84,824,15,85,85,824,824,15,15,85,824,824,15,85,85,14,840,15,15,85,15,824,15,15,85,15,15
n01558993_ILSVRC2012_val_00009092.png,15,15,15,591,15,91,15,15,721,15,91,15,928,529,15,91,15,15,431,338,91,15,15,529,15,91,15,15,15,15,91,15,15,15,91,91,15,15,15,15,91
n01558993_ILSVRC2012_val_00022407.png,15,15,15,15,83,83,15,15,15,83,83,15,10,10,83,83,15,10,10,83,80,15,15,15,15,83,15,15,15,15,83,15,15,10,15,15,15,15,15,15,83
n01558993_ILSVRC2012_val_00028224.png,15,15,91,912,15,91,15,15,56,15,64,15,9,56,15,84,15,15,15,912,912,15,15,15,15,95,15,15,91,15,15,15,15,15,15,15,15,15,15,15,15
n01558993_ILSVRC2012_val_00030701.png,15,15,15,10,15,15,15,10,10,10,10,15,10,10,10,10,15,10,10,10,10,15,15,15,15,15,15,15,15,15,15,15,15,10,15,15,15,15,15,15,15
n01558993_ILSVRC2012_val_00034482.png,15,15,15,15,15,14,15,15,17,91,14,15,17,17,17,14,15,15,17,14,14,15,15,17,15,14,15,15,15,15,13,15,15,15,15,14,15,15,15,15,13
n01558993_ILSVRC2012_val_00035060.png,15,15,15,91,91,91,15,15,91,91,91,15,91,91,15,91,15,91,91,91,91,15,15,91,15,91,15,15,91,15,91,15,15,15,15,91,15,15,91,15,91
n01558993_ILSVRC2012_val_00035807.png,15,15,15,10,15,10,15,15,10,85,10,15,10,10,15,10,15,15,10,700,10,15,15,15,700,10,15,15,15,15,15,15,15,15,15,10,15,15,15,15,15
n01558993_ILSVRC2012_val_00040426.png,15,15,15,15,15,91,15,15,15,15,15,15,63,63,15,358,15,15,15,356,358,15,15,15,15,15,15,15,15,15,15,15,15,15,15,15,15,15,15,15,15
n01558993_ILSVRC2012_val_00041944.png,15,15,15,91,91,91,15,13,91,91,91,15,13,17,91,91,15,13,17,91,91,15,15,85,91,91,15,15,15,91,91,15,15,15,15,91,15,15,15,91,91
n01560419_ILSVRC2012_val_00000439.png,16,16,17,17,20,20,16,19,17,20,20,16,17,17,20,20,16,16,16,20,20,16,16,16,16,20,16,16,16,20,20,16,16,16,20,20,16,16,16,16,15
n01560419_ILSVRC2012_val_00004037.png,16,16,16,381,16,16,16,16,373,16,16,16,669,382,16,12,16,16,377,12,12,16,16,16,16,12,16,16,377,16,12,16,16,16,16,12,16,16,16,16,16
n01560419_ILSVRC2012_val_00009807.png,16,16,133,12,20,20,16,133,12,20,20,16,132,12,20,20,16,20,12,20,20,16,16,12,16,20,16,16,12,15,20,16,16,12,15,20,16,15,12,16,20
n01560419_ILSVRC2012_val_00011331.png,16,16,19,19,94,19,16,16,19,16,19,16,19,19,19,19,16,19,19,489,19,16,16,19,16,19,16,19,19,16,19,16,19,19,16,19,16,16,19,16,19
n01560419_ILSVRC2012_val_00014046.png,16,16,95,95,95,95,16,95,95,95,95,16,95,95,95,95,16,95,95,95,95,16,16,94,95,95,16,16,16,95,95,16,16,95,95,95,16,16,16,95,95
n01560419_ILSVRC2012_val_00033691.png,16,16,16,17,17,17,16,16,17,17,17,16,17,17,17,17,16,17,17,17,17,16,16,16,17,17,16,16,16,16,17,16,16,16,16,16,16,16,16,16,17
n01580077_ILSVRC2012_val_00006267.png,17,17,14,14,14,14,17,14,14,14,14,17,14,14,14,14,17,14,14,14,14,17,17,17,17,14,17,17,17,14,14,17,14,14,14,14,17,17,17,17,14
n01580077_ILSVRC2012_val_00006463.png,17,17,17,611,17,17,17,17,611,17,84,17,721,611,17,17,17,17,611,700,700,17,17,611,17,17,17,17,611,17,17,17,17,611,17,17,17,17,17,17,17
n01580077_ILSVRC2012_val_00022505.png,17,17,17,14,17,968,17,14,14,14,968,17,14,14,14,968,17,14,14,14,968,17,17,14,17,968,17,14,14,14,968,17,14,14,14,17,17,14,14,14,968
n01580077_ILSVRC2012_val_00025361.png,17,17,383,84,17,568,17,17,17,17,601,17,716,716,89,459,17,17,716,459,459,17,17,17,17,459,17,17,17,17,17,17,17,17,93,689,17,17,17,17,17
n01580077_ILSVRC2012_val_00032702.png,17,17,17,611,17,17,17,17,611,19,17,17,19,611,19,19,17,17,611,19,19,17,17,611,17,17,17,17,611,17,17,17,17,611,17,17,17,17,611,17,17
n01580077_ILSVRC2012_val_00033515.png,17,17,17,17,17,14,17,17,17,17,84,17,18,18,17,14,17,17,17,14,14,17,17,18,17,14,17,18,17,17,17,17,17,17,17,17,17,17,17,17,14
n01580077_ILSVRC2012_val_00040412.png,17,17,18,18,18,18,17,18,18,18,18,17,18,18,18,18,17,18,18,18,18,17,18,18,18,18,17,17,18,18,18,17,18,18,18,18,17,17,18,18,18
n01580077_ILSVRC2012_val_00041308.png,17,17,17,17,17,17,17,17,17,16,16,17,85,19,16,16,17,17,19,16,16,17,17,17,17,16,17,17,17,17,17,17,17,17,17,16,17,17,17,17,17
n01580077_ILSVRC2012_val_00046280.png,17,17,17,11,88,88,17,17,11,17,17,17,11,11,17,18,17,17,11,984,18,17,17,11,17,18,17,17,17,17,17,17,17,17,17,17,17,17,17,17,17
n01580077_ILSVRC2012_val_00048360.png,17,17,17,11,17,94,17,17,10,97,94,17,94,10,17,94,17,17,10,97,94,17,17,17,17,94,17,17,17,17,17,17,17,17,17,17,17,17,17,17,17
n01582220_ILSVRC2012_val_00003665.png,18,18,18,17,18,18,18,17,17,18,18,18,17,17,18,84,18,18,17,716,716,18,18,17,18,716,18,18,18,18,18,18,18,18,18,18,18,18,18,18,18
n01582220_ILSVRC2012_val_00003762.png,18,18,85,85,87,796,18,85,17,87,84,18,85,17,85,392,18,18,18,797,392,18,18,17,911,392,18,18,18,87,145,18,18,18,18,21,18,18,18,18,18
n01582220_ILSVRC2012_val_00008786.png,18,18,18,23,18,21,18,18,23,23,21,18,23,23,23,21,18,18,18,23,21,18,23,23,23,18,18,18,18,18,18,18,18,18,18,18,18,18,18,18,18
n01582220_ILSVRC2012_val_00021956.png,18,18,19,19,19,10,18,18,19,19,10,18,19,19,19,10,18,19,19,19,10,18,18,18,18,10,18,18,18,18,10,18,18,18,18,10,18,18,18,18,95
n01582220_ILSVRC2012_val_00030073.png,18,18,17,17,17,17,18,18,17,18,17,18,17,17,85,17,18,18,18,911,17,18,18,18,18,18,18,18,18,18,17,18,18,18,18,18,18,18,18,18,18
n01582220_ILSVRC2012_val_00033483.png,18,18,749,700,338,434,18,18,700,700,700,18,747,700,700,700,18,18,700,700,700,18,747,700,700,700,18,18,700,700,700,18,18,700,700,700,18,18,18,18,700
n01582220_ILSVRC2012_val_00037920.png,18,18,18,131,134,99,18,18,134,134,99,18,984,984,99,99,18,18,18,99,99,18,18,18,18,99,18,18,18,18,18,18,18,18,18,18,18,18,18,18,18
n01582220_ILSVRC2012_val_00040439.png,18,18,20,20,94,94,18,18,20,94,94,18,20,20,94,94,18,20,20,94,94,18,18,20,94,94,18,18,18,18,94,18,18,20,94,94,18,18,20,18,20
n01582220_ILSVRC2012_val_00044192.png,18,18,18,80,84,80,18,18,85,18,86,18,86,86,18,86,18,18,86,534,86,18,18,86,18,86,18,18,80,18,80,18,18,18,18,80,18,18,18,18,80
n01582220_ILSVRC2012_val_00044507.png,18,18,21,21,21,21,18,21,21,21,21,18,21,21,21,21,18,21,21,21,21,18,18,21,18,21,18,18,21,21,21,18,18,18,18,18,18,18,21,21,21
n01582220_ILSVRC2012_val_00046917.png,18,18,18,361,18,361,18,18,99,18,361,18,611,611,18,361,18,18,18,371,361,18,18,18,18,375,18,18,18,18,18,18,18,18,18,361,18,18,18,18,375
n01592084_ILSVRC2012_val_00000837.png,19,19,19,611,19,84,19,19,611,17,84,19,918,611,19,81,19,19,611,784,80,19,19,611,18,80,19,19,611,19,19,19,19,611,19,80,19,19,611,19,19
n01592084_ILSVRC2012_val_00009374.png,19,19,19,17,11,10,19,19,19,11,10,19,10,17,19,10,19,19,19,11,10,19,19,19,19,10,19,19,19,19,19,19,19,19,19,19,19,19,19,19,19
n01592084_ILSVRC2012_val_00017017.png,19,19,16,16,92,92,19,16,16,92,95,19,16,16,16,95,19,19,19,92,95,19,19,16,16,95,19,19,19,19,19,19,19,19,19,19,19,19,19,19,95
n01592084_ILSVRC2012_val_00020469.png,19,19,13,777,13,456,19,19,777,13,456,19,777,777,19,456,19,19,456,70,456,19,19,777,16,456,19,19,13,19,19,19,19,19,19,19,19,19,19,19,19
n01592084_ILSVRC2012_val_00025577.png,19,19,82,20,93,18,19,94,20,93,18,19,58,20,93,18,19,19,20,128,18,19,19,20,16,18,19,15,20,19,18,19,19,20,20,18,19,19,19,19,19
n01592084_ILSVRC2012_val_00037328.png,19,19,19,62,85,145,19,19,138,19,145,19,67,67,19,145,19,19,19,145,145,19,19,19,19,145,19,19,19,19,20,19,19,19,19,19,19,19,19,19,19
n01592084_ILSVRC2012_val_00040783.png,19,19,19,19,95,95,19,19,19,95,95,19,16,16,19,95,19,19,16,95,95,19,19,19,19,95,19,19,19,19,95,19,19,19,19,95,19,19,19,19,95
n01601694_ILSVRC2012_val_00008510.png,20,20,20,20,20,140,20,20,140,140,140,20,140,140,140,140,20,140,140,140,140,20,20,140,20,140,20,20,140,20,140,20,140,140,20,140,20,20,20,20,140
n01601694_ILSVRC2012_val_00015264.png,20,20,20,84,14,95,20,20,84,94,95,20,84,84,94,95,20,20,20,971,95,20,20,20,20,20,20,20,20,20,20,20,20,20,20,20,20,20,20,20,20
n01601694_ILSVRC2012_val_00029430.png,20,20,20,20,20,103,20,103,103,360,103,20,103,103,103,103,20,103,103,103,103,20,20,20,20,103,20,103,103,103,103,20,103,103,103,103,20,20,20,20,103
n01608432_ILSVRC2012_val_00025047.png,21,21,21,360,21,22,21,21,85,21,22,21,85,85,22,22,21,21,85,22,22,21,21,85,22,22,21,135,21,21,22,21,21,21,21,22,21,21,21,22,22
n01608432_ILSVRC2012_val_00033214.png,21,21,22,22,22,22,21,22,22,22,22,21,22,22,22,22,21,22,22,22,22,21,21,22,21,22,21,21,22,21,22,21,21,22,21,22,21,21,22,22,22
n01614925_ILSVRC2012_val_00006334.png,22,22,22,22,22,364,22,22,611,364,364,22,170,611,364,364,22,22,611,364,364,22,22,611,364,364,22,22,611,364,364,22,22,611,22,364,22,22,611,364,364
n01614925_ILSVRC2012_val_00008481.png,22,22,22,749,22,99,22,22,749,22,99,22,51,542,22,99,22,22,749,99,99,22,23,749,22,99,22,22,134,22,22,22,22,23,22,99,22,22,22,22,22
n01614925_ILSVRC2012_val_00037795.png,22,22,22,21,21,21,22,22,21,21,21,22,21,21,21,21,22,22,21,21,21,22,22,21,21,21,22,22,21,21,21,22,22,22,22,22,22,22,22,22,22
n01614925_ILSVRC2012_val_00039605.png,22,22,22,23,22,22,22,22,23,22,22,22,23,23,22,21,22,22,23,21,21,22,22,23,22,21,22,22,23,22,22,22,22,22,22,22,22,22,22,22,22
n01614925_ILSVRC2012_val_00046564.png,22,22,22,87,22,21,22,22,87,22,21,22,87,87,22,21,22,87,87,24,21,22,22,87,22,21,22,22,22,22,21,22,22,22,22,21,22,22,22,22,21
n01616318_ILSVRC2012_val_00000916.png,23,23,23,23,23,93,23,23,93,93,93,23,93,93,93,93,23,93,93,93,93,23,23,23,23,93,23,23,93,23,93,23,23,23,23,93,23,93,93,23,93
n01616318_ILSVRC2012_val_00019868.png,23,23,22,22,8,23,23,22,22,87,22,23,22,22,87,21,23,22,22,87,21,23,22,22,87,21,23,23,22,87,21,23,23,22,87,23,23,23,22,87,21
n01616318_ILSVRC2012_val_00022165.png,23,23,23,23,23,22,23,21,23,23,22,23,21,21,23,22,23,23,23,22,22,23,23,23,23,22,23,23,23,23,23,23,23,23,23,23,23,23,23,23,23
n01616318_ILSVRC2012_val_00040614.png,23,23,93,93,816,434,23,93,93,850,434,23,93,93,611,434,23,93,93,850,434,23,23,93,850,434,23,23,93,23,434,23,23,93,23,434,23,23,93,23,434
n01616318_ILSVRC2012_val_00045589.png,23,23,134,144,144,144,23,23,134,23,144,23,132,132,144,144,23,23,132,144,144,23,23,132,144,144,23,23,132,23,144,23,23,132,144,144,23,23,23,23,23
n01622779_ILSVRC2012_val_00002511.png,24,24,24,669,24,123,24,24,669,24,5,24,411,669,24,24,24,24,24,700,122,24,24,669,24,24,24,24,24,24,24,24,24,24,24,24,24,24,24,24,24
n01622779_ILSVRC2012_val_00005770.png,24,24,24,24,24,24,24,24,24,24,354,24,355,355,24,354,24,24,355,355,354,24,24,24,24,24,24,24,24,24,24,24,24,24,24,24,24,24,24,24,24
n01622779_ILSVRC2012_val_00006472.png,24,24,24,24,24,24,24,24,24,24,24,24,97,562,24,24,24,24,24,119,6,24,24,24,24,24,24,24,24,24,24,24,24,24,24,24,24,24,24,24,24
n01622779_ILSVRC2012_val_00009415.png,24,24,367,611,24,365,24,24,611,365,787,24,367,611,24,643,24,24,611,805,518,24,24,611,24,24,24,24,611,24,643,24,24,611,24,643,24,24,24,24,24
n01622779_ILSVRC2012_val_00018660.png,24,24,337,337,70,82,24,337,337,12,82,24,337,337,82,86,24,337,337,86,86,24,337,337,86,86,24,337,337,85,82,24,337,337,24,82,24,337,337,24,82
n01622779_ILSVRC2012_val_00024052.png,24,24,24,538,24,123,24,24,24,24,123,24,476,476,24,123,24,24,476,119,122,24,24,24,24,24,24,24,24,24,24,24,24,24,24,24,24,24,24,24,24
n01622779_ILSVRC2012_val_00032875.png,24,24,24,643,24,24,24,370,643,24,370,24,370,643,24,370,24,24,643,150,370,24,24,24,24,24,24,24,24,24,24,24,24,24,24,24,24,24,24,24,24
n01622779_ILSVRC2012_val_00034405.png,24,24,24,643,24,643,24,24,24,24,643,24,604,643,461,643,24,24,643,909,570,24,24,24,24,643,24,24,24,24,24,24,24,24,24,24,24,24,24,24,24
n01622779_ILSVRC2012_val_00043466.png,24,24,24,793,24,24,24,24,24,24,43,24,544,793,24,24,24,24,24,691,371,24,24,24,24,24,24,24,24,24,24,24,24,24,24,24,24,24,24,24,24
n01622779_ILSVRC2012_val_00049639.png,24,24,24,287,24,24,24,24,288,24,24,24,496,287,24,24,24,24,24,997,994,24,24,24,24,24,24,24,24,24,24,24,24,24,24,24,24,24,24,24,24
n01622779_ILSVRC2012_val_00049990.png,24,24,24,24,24,47,24,24,24,24,47,24,348,348,24,47,24,24,24,313,47,24,24,24,24,47,24,24,24,24,47,24,24,24,24,24,24,24,24,24,24
n01629819_ILSVRC2012_val_00000225.png,25,25,25,28,25,28,25,25,25,25,25,25,28,28,25,28,25,25,25,28,28,25,25,25,25,25,25,25,25,25,25,25,25,25,25,25,25,25,25,25,25
n01629819_ILSVRC2012_val_00001033.png,25,25,25,28,25,25,25,25,28,25,28,25,28,828,25,25,25,25,25,28,28,25,25,28,28,28,25,25,25,28,28,25,25,25,25,25,25,25,25,25,25
n01629819_ILSVRC2012_val_00002883.png,25,25,25,25,25,25,25,25,25,25,25,25,28,28,25,25,25,25,25,319,110,25,25,25,25,25,25,25,25,25,25,25,25,25,25,25,25,25,25,25,25
n01629819_ILSVRC2012_val_00010817.png,25,25,25,25,25,25,25,25,72,25,25,25,303,319,25,25,25,25,25,386,386,25,25,25,25,25,25,25,25,25,25,25,25,25,25,25,25,25,25,25,25
n01629819_ILSVRC2012_val_00028565.png,25,25,25,25,25,25,25,25,25,25,25,25,28,28,25,25,25,25,25,956,110,25,25,25,25,115,25,25,25,25,25,25,25,25,25,25,25,25,25,25,25
n01629819_ILSVRC2012_val_00029763.png,25,25,37,309,25,32,25,25,309,25,32,25,316,700,25,32,25,316,309,119,32,25,25,25,25,32,25,25,314,25,32,25,25,25,25,32,25,25,25,25,25
n01629819_ILSVRC2012_val_00033575.png,25,25,25,25,25,25,25,25,25,25,25,25,599,28,25,25,25,25,28,318,28,25,25,25,25,25,25,25,25,25,25,25,25,25,25,25,25,25,25,25,25
n01629819_ILSVRC2012_val_00046756.png,25,25,25,25,25,25,25,25,25,25,25,25,250,28,25,25,25,250,25,537,537,25,25,25,25,25,25,25,25,25,25,25,25,25,25,25,25,25,25,25,25
n01629819_ILSVRC2012_val_00049065.png,25,25,25,25,25,25,25,25,25,25,25,25,611,611,25,25,25,25,25,815,110,25,25,25,25,25,25,25,25,25,25,25,25,25,25,25,25,25,25,25,25
n01630670_ILSVRC2012_val_00006331.png,26,26,312,318,76,29,26,312,312,29,29,26,312,312,700,29,26,312,700,29,29,26,312,312,26,29,26,312,71,29,29,26,26,29,29,29,26,26,71,29,29
n01630670_ILSVRC2012_val_00007528.png,26,26,26,395,26,390,26,26,395,26,114,26,29,395,26,114,26,29,395,27,114,26,26,395,26,114,26,26,395,26,114,26,26,395,26,114,26,26,26,26,114
n01630670_ILSVRC2012_val_00007561.png,26,26,26,26,395,395,26,395,103,395,395,26,103,103,395,395,26,103,103,395,395,26,26,26,395,395,26,26,103,395,395,26,395,395,395,395,26,26,26,395,395
n01630670_ILSVRC2012_val_00009000.png,26,26,26,114,125,314,26,27,25,314,314,26,549,27,314,314,26,27,27,314,314,26,26,26,26,26,26,27,27,26,314,26,26,26,35,314,26,26,26,26,26
n01631663_ILSVRC2012_val_00000807.png,27,27,27,42,27,27,27,27,27,27,27,27,39,41,27,26,27,27,27,341,26,27,27,27,27,27,27,27,27,27,27,27,27,27,27,27,27,27,27,27,27
n01631663_ILSVRC2012_val_00006737.png,27,27,27,26,27,26,27,27,29,26,26,27,29,29,26,26,27,27,29,26,26,27,27,27,27,26,27,27,27,27,26,27,27,27,26,26,27,27,26,26,26
n01631663_ILSVRC2012_val_00011131.png,27,27,27,327,27,26,27,27,26,27,26,27,26,41,27,26,27,27,26,394,26,27,27,27,27,27,27,27,26,26,26,27,27,27,27,26,27,27,27,27,27
n01631663_ILSVRC2012_val_00012441.png,27,27,27,27,27,27,27,27,26,27,26,27,29,26,27,26,27,27,26,26,26,27,27,27,27,26,27,26,26,26,26,27,27,26,27,26,27,27,27,27,26
n01631663_ILSVRC2012_val_00012765.png,27,27,27,27,27,27,27,27,27,27,27,27,26,599,27,27,27,27,27,465,26,27,27,27,27,27,27,27,27,27,27,27,27,27,27,27,27,27,27,27,27
n01631663_ILSVRC2012_val_00028601.png,27,27,27,327,27,27,27,27,327,27,26,27,61,319,27,26,27,27,26,26,26,27,27,27,27,27,27,27,325,27,26,27,27,325,27,27,27,27,27,27,27
n01631663_ILSVRC2012_val_00033866.png,27,27,237,365,32,32,27,35,33,32,32,27,36,33,32,32,27,1,1,32,32,27,26,1,32,32,27,25,36,27,32,27,27,26,32,32,27,27,26,32,32
n01631663_ILSVRC2012_val_00035093.png,27,27,27,55,27,65,27,27,64,94,64,27,110,64,55,64,27,393,64,94,64,27,1,27,27,64,27,27,64,27,55,27,27,64,27,55,27,27,55,55,55
n01631663_ILSVRC2012_val_00040981.png,27,27,27,42,26,26,27,26,38,26,26,27,48,38,26,26,27,26,38,36,26,27,27,27,27,26,27,27,42,26,26,27,27,27,26,26,27,27,27,27,26
n01632458_ILSVRC2012_val_00006264.png,28,28,123,50,123,121,28,124,50,124,121,28,124,395,122,121,28,124,395,124,121,28,124,390,124,121,28,28,395,124,121,28,123,395,124,121,28,28,395,124,121
n01632458_ILSVRC2012_val_00007050.png,28,28,25,25,25,25,28,28,25,25,25,28,25,25,25,25,28,25,25,25,933,28,28,25,25,25,28,28,25,28,25,28,28,25,25,25,28,28,28,28,28
n01632458_ILSVRC2012_val_00011657.png,28,28,25,25,25,25,28,25,25,25,25,28,25,25,25,25,28,25,25,25,25,28,28,25,28,25,28,25,28,25,25,28,25,25,25,25,28,28,25,28,25
n01632458_ILSVRC2012_val_00021024.png,28,28,28,25,28,25,28,25,25,25,25,28,25,25,28,25,28,25,25,25,25,28,28,28,28,28,28,28,25,28,28,28,28,25,28,28,28,28,28,28,28
n01632458_ILSVRC2012_val_00036878.png,28,28,28,44,28,26,28,26,44,26,26,28,52,39,28,26,28,28,26,26,26,28,28,44,28,26,28,28,44,28,26,28,28,44,28,26,28,28,28,28,28
n01632458_ILSVRC2012_val_00039933.png,28,28,28,25,28,28,28,28,25,25,25,28,25,25,28,25,28,28,25,25,25,28,28,25,25,25,28,28,28,28,25,28,28,25,25,25,28,28,25,28,25
n01632458_ILSVRC2012_val_00042125.png,28,28,28,62,25,25,28,28,62,25,25,28,61,62,28,25,28,28,62,25,25,28,28,28,28,25,28,28,28,28,28,28,28,28,25,25,28,28,28,28,28
n01632777_ILSVRC2012_val_00000052.png,29,29,29,38,29,144,29,29,38,29,144,29,828,47,29,144,29,29,29,196,144,29,29,29,29,144,29,29,29,29,144,29,29,29,29,144,29,29,29,29,29
n01632777_ILSVRC2012_val_00001138.png,29,29,38,38,29,38,29,38,38,29,38,29,38,38,38,38,29,29,38,38,38,29,29,38,29,38,29,29,38,29,38,29,29,29,29,38,29,29,38,29,38
n01632777_ILSVRC2012_val_00013940.png,29,29,29,27,390,390,29,29,27,390,390,29,26,27,390,390,29,26,26,390,390,29,26,38,390,390,29,26,26,390,390,29,26,26,29,390,29,29,26,29,29
n01632777_ILSVRC2012_val_00017228.png,29,29,341,721,390,318,29,341,750,316,318,29,728,750,709,318,29,728,750,318,318,29,728,750,29,318,29,728,750,318,318,29,728,750,318,318,29,29,750,318,318
n01632777_ILSVRC2012_val_00017899.png,29,29,29,1,29,1,29,1,1,1,1,29,1,1,1,1,29,1,29,1,1,29,29,1,1,1,29,29,1,29,1,29,29,29,1,1,29,29,29,29,29
n01632777_ILSVRC2012_val_00019710.png,29,29,29,49,76,36,29,49,49,36,36,29,49,49,36,36,29,29,49,36,36,29,62,49,33,36,29,44,49,29,36,29,29,48,29,36,29,29,45,45,45
n01632777_ILSVRC2012_val_00022771.png,29,29,26,26,272,26,29,26,40,49,26,29,26,26,49,26,29,26,26,272,26,29,29,26,29,26,29,26,26,272,26,29,29,26,29,26,29,29,26,272,26
n01632777_ILSVRC2012_val_00025348.png,29,29,338,797,797,797,29,797,797,797,797,29,797,797,797,797,29,797,797,797,797,29,797,797,797,797,29,29,797,797,797,29,797,797,797,797,29,797,797,797,797
n01632777_ILSVRC2012_val_00033412.png,29,29,29,357,103,103,29,50,360,103,103,29,58,360,103,103,29,29,360,103,103,29,29,360,103,103,29,29,360,103,103,29,29,357,103,103,29,29,103,103,103
n01632777_ILSVRC2012_val_00035654.png,29,29,29,39,29,359,29,29,48,29,356,29,395,39,29,359,29,29,39,84,356,29,29,29,29,356,29,29,29,29,356,29,29,39,29,356,29,29,29,29,356
n01632777_ILSVRC2012_val_00040894.png,29,29,26,27,103,103,29,26,26,103,103,29,26,26,103,103,29,26,26,103,103,29,29,25,103,103,29,29,26,103,103,29,26,26,103,103,29,26,26,103,103
n01632777_ILSVRC2012_val_00046976.png,29,29,29,0,29,1,29,29,395,1,1,29,395,395,1,1,29,29,395,1,1,29,29,33,1,1,29,29,29,29,1,29,29,344,29,397,29,29,395,29,1
n01632777_ILSVRC2012_val_00047938.png,29,29,124,314,607,958,29,29,314,850,958,29,318,314,45,958,29,314,314,427,958,29,985,314,850,958,29,314,124,1,76,29,29,124,850,958,29,1,314,850,958
n01641577_ILSVRC2012_val_00022052.png,30,30,30,32,30,32,30,30,32,30,32,30,32,32,30,32,30,30,32,32,32,30,30,30,30,32,30,32,32,32,32,30,32,32,32,32,30,32,32,32,32
n01641577_ILSVRC2012_val_00023308.png,30,30,30,124,124,319,30,30,125,30,73,30,120,125,70,73,30,120,125,70,73,30,120,125,120,73,30,120,70,70,73,30,120,124,73,73,30,120,124,124,73
n01641577_ILSVRC2012_val_00024938.png,30,30,30,47,30,395,30,30,47,58,895,30,700,47,30,895,30,30,47,315,404,30,30,30,30,895,30,30,47,30,30,30,30,30,30,30,30,30,30,30,30
n01641577_ILSVRC2012_val_00028352.png,30,30,32,32,32,32,30,32,47,30,32,30,32,32,32,32,30,30,32,32,32,30,30,30,30,30,30,30,30,32,32,30,32,32,32,32,30,30,30,30,32
n01641577_ILSVRC2012_val_00030342.png,30,30,30,30,30,32,30,30,30,30,32,30,31,31,30,32,30,30,31,31,32,30,30,30,30,32,30,30,30,30,32,30,30,30,30,32,30,30,30,30,30
n01641577_ILSVRC2012_val_00034383.png,30,30,32,32,32,32,30,32,32,32,32,30,32,32,32,32,30,32,32,32,32,30,30,32,30,32,30,32,32,32,32,30,32,32,32,32,30,32,32,32,32
n01641577_ILSVRC2012_val_00046427.png,30,30,36,27,30,27,30,611,30,30,26,30,611,27,30,27,30,611,27,27,27,30,30,32,30,26,30,30,30,30,26,30,30,30,30,26,30,30,32,30,26
n01641577_ILSVRC2012_val_00049119.png,30,30,30,36,30,36,30,30,36,30,36,30,36,36,36,36,30,36,36,36,36,30,30,36,30,35,30,30,36,30,35,30,30,36,36,36,30,30,35,35,36
n01644373_ILSVRC2012_val_00031598.png,31,31,31,30,40,46,31,31,30,40,47,31,30,30,46,47,31,30,30,39,47,31,31,30,46,47,31,31,32,46,47,31,31,30,31,47,31,32,32,46,47
n01644373_ILSVRC2012_val_00036066.png,31,31,390,30,30,35,31,30,30,30,30,31,30,30,30,30,31,30,30,30,32,31,30,30,30,32,31,30,30,31,32,31,32,32,30,32,31,31,32,31,32
n01644373_ILSVRC2012_val_00036850.png,31,31,31,30,31,31,31,31,30,31,32,31,30,30,31,32,31,32,32,32,32,31,31,31,32,32,31,31,31,32,32,31,31,32,32,32,31,32,32,32,32
n01644373_ILSVRC2012_val_00038959.png,31,31,47,47,47,47,31,47,47,88,32,31,39,47,1,32,31,31,47,1,32,31,31,46,31,32,31,46,47,31,32,31,40,47,31,32,31,46,47,31,32
n01644373_ILSVRC2012_val_00043191.png,31,31,46,46,46,40,31,40,46,31,40,31,39,39,40,46,31,46,46,40,46,31,31,46,31,40,31,31,46,40,46,31,31,40,40,40,31,31,46,31,40
n01644900_ILSVRC2012_val_00019834.png,32,32,32,32,32,30,32,32,32,30,30,32,46,31,30,30,32,32,31,971,30,32,32,32,30,30,32,32,32,32,32,32,32,32,32,30,32,32,32,32,30
n01644900_ILSVRC2012_val_00029678.png,32,32,32,37,31,419,32,32,36,32,924,32,125,36,32,591,32,32,116,31,700,32,32,32,31,31,32,32,36,32,700,32,32,32,32,434,32,32,36,32,885
n01664065_ILSVRC2012_val_00020994.png,33,33,33,36,33,36,33,33,36,33,36,33,36,36,36,36,33,36,36,36,36,33,33,36,33,36,33,33,36,33,36,33,33,36,33,36,33,33,36,33,36
n01664065_ILSVRC2012_val_00030736.png,33,33,33,913,33,33,33,360,33,33,360,33,103,34,34,34,33,33,34,34,34,33,33,34,33,34,33,33,33,33,33,33,33,33,33,33,33,33,34,33,34
n01664065_ILSVRC2012_val_00041641.png,33,33,33,33,6,33,33,33,33,33,33,33,34,34,34,34,33,33,34,34,34,33,33,33,33,33,33,33,33,33,33,33,33,33,33,33,33,33,33,33,33
n01664065_ILSVRC2012_val_00047105.png,33,33,33,39,327,121,33,33,39,76,121,33,61,39,76,121,33,33,39,76,121,33,33,39,76,121,33,33,47,76,121,33,33,39,76,121,33,33,39,76,121
n01665541_ILSVRC2012_val_00000930.png,34,34,34,115,34,397,34,34,36,36,397,34,70,115,34,973,34,34,115,33,393,34,34,115,34,396,34,34,33,34,33,34,34,34,34,33,34,34,34,34,34
n01665541_ILSVRC2012_val_00015059.png,34,34,34,327,34,33,34,34,34,34,33,34,33,65,34,33,34,34,34,237,33,34,34,34,34,34,34,34,34,34,33,34,34,34,34,33,34,34,34,34,34
n01665541_ILSVRC2012_val_00020907.png,34,34,50,58,103,308,34,50,50,308,308,34,61,58,319,308,34,50,58,308,308,34,34,58,308,308,34,34,34,34,71,34,34,34,319,319,34,34,34,71,308
n01665541_ILSVRC2012_val_00026049.png,34,34,360,181,386,385,34,367,181,385,385,34,357,181,386,101,34,357,181,385,385,34,357,181,385,385,34,360,181,101,385,34,48,181,101,385,34,48,181,385,101
n01665541_ILSVRC2012_val_00036195.png,34,34,33,33,36,36,34,33,33,36,36,34,33,33,36,36,34,34,33,36,36,34,33,33,34,36,34,34,33,36,36,34,34,34,36,36,34,34,34,34,36
n01667114_ILSVRC2012_val_00004898.png,35,35,33,33,35,36,35,35,33,36,36,35,33,33,36,36,35,35,33,36,36,35,36,33,36,36,35,36,33,36,36,35,35,33,36,36,35,35,33,36,36
n01667114_ILSVRC2012_val_00013299.png,35,35,36,36,36,36,35,36,36,36,36,35,36,36,36,36,35,36,36,36,36,35,36,36,36,36,35,36,36,36,36,35,36,36,36,36,35,35,36,35,36
n01667114_ILSVRC2012_val_00026202.png,35,35,35,39,35,36,35,36,397,35,36,35,39,397,35,36,35,35,36,47,36,35,35,36,35,36,35,35,36,35,36,35,35,36,35,36,35,35,36,35,36
n01667114_ILSVRC2012_val_00041017.png,35,35,35,36,35,37,35,35,36,35,37,35,36,36,35,36,35,35,36,125,37,35,35,36,35,35,35,36,36,35,36,35,35,36,125,35,35,35,36,35,36
n01667778_ILSVRC2012_val_00009819.png,36,36,36,611,36,36,36,36,36,36,36,36,37,37,36,37,36,36,37,35,35,36,36,611,36,35,36,36,36,36,36,36,36,37,36,36,36,36,37,35,36
n01667778_ILSVRC2012_val_00031774.png,36,36,36,30,30,30,36,36,30,32,30,36,447,30,30,30,36,584,30,32,30,36,36,30,32,30,36,36,36,32,32,36,36,30,32,32,36,36,32,32,30
n01667778_ILSVRC2012_val_00040787.png,36,36,36,35,36,35,36,35,35,35,35,36,35,35,35,35,36,36,35,35,35,36,35,35,35,35,36,36,36,36,35,36,36,36,36,36,36,36,36,36,35
n01669191_ILSVRC2012_val_00017222.png,37,37,37,37,37,36,37,37,36,36,36,37,36,36,36,36,37,36,36,36,36,37,36,36,36,36,37,37,36,36,36,37,37,37,36,36,37,37,36,37,36
n01669191_ILSVRC2012_val_00030343.png,37,37,36,37,36,36,37,37,36,36,36,37,36,36,36,36,37,36,36,36,36,37,36,36,36,36,37,36,36,36,36,37,36,36,36,36,37,36,36,36,36
n01669191_ILSVRC2012_val_00034674.png,37,37,125,125,37,77,37,37,124,37,37,37,124,124,37,58,37,124,124,58,58,37,37,124,37,212,37,37,124,30,58,37,37,124,30,30,37,37,125,37,58
n01675722_ILSVRC2012_val_00004638.png,38,38,42,42,42,700,38,42,40,38,700,38,42,42,816,700,38,42,42,816,700,38,38,42,38,700,38,42,42,38,700,38,38,42,38,700,38,38,42,38,700
n01675722_ILSVRC2012_val_00011339.png,38,38,76,76,365,76,38,76,58,30,76,38,76,58,32,76,38,77,58,30,77,38,38,58,30,76,38,77,26,77,77,38,73,65,30,77,38,76,30,30,77
n01675722_ILSVRC2012_val_00014468.png,38,38,201,201,797,797,38,197,214,797,797,38,197,214,797,797,38,197,214,797,797,38,197,214,797,797,38,197,197,797,797,38,197,197,797,797,38,197,214,797,797
n01675722_ILSVRC2012_val_00021055.png,38,38,26,327,32,44,38,52,58,35,44,38,816,58,314,44,38,27,58,314,44,38,41,58,38,44,38,26,38,26,44,38,38,38,38,44,38,26,44,314,44
n01675722_ILSVRC2012_val_00031103.png,38,38,38,38,38,38,38,38,38,38,42,38,41,41,38,38,38,38,38,41,41,38,38,38,38,38,38,38,38,38,41,38,38,38,38,38,38,38,38,38,38
n01675722_ILSVRC2012_val_00037688.png,38,38,32,815,58,58,38,38,79,26,26,38,303,79,329,27,38,25,79,26,27,38,26,79,26,26,38,38,329,38,26,38,38,44,38,38,38,38,38,38,25
n01677366_ILSVRC2012_val_00000153.png,39,39,39,39,39,39,39,39,39,39,39,39,41,41,39,39,39,39,41,44,41,39,39,39,39,39,39,39,39,39,39,39,39,39,39,39,39,39,39,39,39
n01677366_ILSVRC2012_val_00026265.png,39,39,39,39,39,39,39,39,39,39,46,39,47,47,39,39,39,47,47,40,46,39,39,39,39,39,39,39,39,39,39,39,39,39,39,39,39,39,39,39,39
n01677366_ILSVRC2012_val_00027750.png,39,39,39,39,39,39,39,39,39,39,43,39,42,42,39,39,39,39,39,41,43,39,39,39,39,39,39,39,39,39,39,39,39,39,39,39,39,39,39,39,39
n01677366_ILSVRC2012_val_00043012.png,39,39,39,39,39,39,39,39,39,39,39,39,114,115,39,47,39,39,115,971,996,39,39,39,39,39,39,39,39,39,39,39,39,39,39,39,39,39,39,39,39
n01682714_ILSVRC2012_val_00043978.png,40,40,46,46,311,311,40,46,319,311,315,40,84,611,311,315,40,46,39,311,315,40,40,46,40,46,40,46,46,311,315,40,46,794,40,315,40,47,46,311,315
n01682714_ILSVRC2012_val_00049116.png,40,40,46,46,46,46,40,40,46,40,46,40,46,39,46,46,40,46,46,64,46,40,40,46,40,46,40,40,40,40,46,40,40,46,46,46,40,40,40,40,46
n01685808_ILSVRC2012_val_00006764.png,41,41,41,41,41,41,41,41,41,41,41,41,44,40,41,41,41,41,41,38,38,41,41,41,41,41,41,41,41,41,41,41,41,41,41,41,41,41,41,41,41
n01685808_ILSVRC2012_val_00009687.png,41,41,46,46,44,44,41,41,46,44,44,41,46,46,41,44,41,41,46,44,44,41,41,41,41,44,41,41,41,41,44,41,41,41,41,44,41,41,41,41,44
n01685808_ILSVRC2012_val_00041574.png,41,41,41,41,41,41,41,41,44,41,44,41,44,44,41,44,41,41,44,42,44,41,41,41,41,41,41,41,41,41,41,41,41,41,41,41,41,41,41,41,41
n01685808_ILSVRC2012_val_00042202.png,41,41,60,36,60,58,41,67,36,67,58,41,58,36,58,60,41,58,36,60,60,41,58,36,60,60,41,41,52,41,60,41,41,41,44,44,41,52,41,52,60
n01685808_ILSVRC2012_val_00046349.png,41,41,41,41,41,41,41,41,41,41,41,41,539,110,41,41,41,41,41,38,38,41,41,41,41,41,41,41,41,41,41,41,41,41,41,41,41,41,41,41,41
n01685808_ILSVRC2012_val_00046640.png,41,41,46,46,46,46,41,26,46,41,46,41,31,46,41,41,41,41,41,40,40,41,41,41,41,41,41,41,41,41,41,41,41,41,41,41,41,41,41,41,41
n01687978_ILSVRC2012_val_00006859.png,42,42,42,42,42,42,42,42,42,42,797,42,88,88,42,750,42,42,42,434,797,42,42,42,42,42,42,42,42,42,42,42,42,42,42,42,42,42,42,42,42
n01687978_ILSVRC2012_val_00012553.png,42,42,48,611,48,46,42,48,611,42,40,42,257,611,42,42,42,257,611,40,40,42,257,611,40,40,42,42,611,42,46,42,42,611,42,42,42,42,611,42,42
n01687978_ILSVRC2012_val_00021582.png,42,42,390,390,390,390,42,390,390,390,390,42,65,390,390,390,42,390,390,390,390,42,65,390,390,390,42,390,390,390,390,42,65,390,390,390,42,42,41,41,390
n01687978_ILSVRC2012_val_00046277.png,42,42,84,611,88,88,42,84,611,42,84,42,21,611,88,88,42,88,611,88,88,42,88,611,88,88,42,42,611,42,88,42,42,611,42,7,42,42,611,42,88
n01688243_ILSVRC2012_val_00014251.png,43,43,307,30,24,77,43,307,31,24,77,43,307,31,377,377,43,307,31,383,377,43,307,31,384,377,43,43,31,377,377,43,43,31,377,377,43,43,42,43,377
n01688243_ILSVRC2012_val_00021646.png,43,43,43,42,43,42,43,42,42,42,42,43,42,42,42,42,43,42,42,42,42,43,43,42,43,43,43,43,42,43,42,43,43,42,43,42,43,43,43,43,43
n01688243_ILSVRC2012_val_00023678.png,43,43,43,562,43,39,43,43,36,43,43,43,410,581,43,43,43,43,43,300,39,43,43,43,43,43,43,43,43,43,43,43,43,43,43,43,43,43,43,43,43
n01688243_ILSVRC2012_val_00029947.png,43,43,307,84,307,47,43,307,84,307,47,43,304,84,307,47,43,304,84,307,47,43,43,42,43,42,43,43,43,47,47,43,43,43,43,43,43,43,43,43,47
n01688243_ILSVRC2012_val_00030873.png,43,43,43,49,297,297,43,43,30,297,297,43,30,30,297,295,43,30,30,297,388,43,30,30,385,388,43,31,30,297,297,43,43,32,297,294,43,31,30,297,297
n01688243_ILSVRC2012_val_00034693.png,43,43,43,24,32,30,43,48,24,32,30,43,753,24,30,30,43,43,24,30,30,43,43,24,39,30,43,43,24,43,30,43,43,43,43,30,43,43,43,43,30
n01688243_ILSVRC2012_val_00043288.png,43,43,43,39,43,47,43,43,39,43,47,43,42,39,43,47,43,43,39,32,47,43,43,43,43,43,43,43,43,43,47,43,43,43,43,47,43,43,43,43,43
n01688243_ILSVRC2012_val_00043798.png,43,43,43,43,43,43,43,43,43,43,47,43,42,42,43,43,43,43,47,40,40,43,43,43,43,43,43,43,43,40,40,43,43,43,43,43,43,43,43,43,43
n01688243_ILSVRC2012_val_00043802.png,43,40,43,43,43,40,43,43,43,40,40,43,42,42,40,40,43,43,42,40,40,43,42,42,43,40,43,42,42,43,40,43,43,43,43,43,43,43,43,43,40
n01688243_ILSVRC2012_val_00046548.png,43,43,45,36,50,32,43,45,36,390,32,43,45,36,50,30,43,45,36,60,32,43,43,49,60,32,43,43,50,50,32,43,43,36,43,32,43,43,43,43,32
n01689811_ILSVRC2012_val_00001022.png,44,44,44,26,52,52,44,44,26,44,52,44,26,26,44,52,44,26,26,52,52,44,44,44,44,44,44,44,44,44,44,44,44,26,44,44,44,44,44,44,44
n01689811_ILSVRC2012_val_00011044.png,44,44,44,395,26,26,44,26,777,26,26,44,700,700,26,26,44,700,700,26,27,44,44,700,26,26,44,44,26,26,26,44,26,395,26,26,44,26,26,26,26
n01689811_ILSVRC2012_val_00019170.png,44,44,44,41,44,41,44,44,41,44,57,44,327,41,57,57,44,44,44,57,57,44,44,44,44,44,44,44,41,44,57,44,44,41,52,57,44,44,41,44,44
n01689811_ILSVRC2012_val_00021522.png,44,44,50,50,307,307,44,50,50,44,307,44,50,50,50,307,44,50,50,307,307,44,50,50,44,44,44,50,50,50,307,44,44,50,44,44,44,50,50,46,307
n01689811_ILSVRC2012_val_00024252.png,44,44,44,30,40,31,44,44,32,40,31,44,30,30,31,31,44,30,30,31,31,44,44,32,44,32,44,32,32,32,32,44,44,32,32,32,44,32,32,32,32
n01689811_ILSVRC2012_val_00044698.png,44,44,58,33,103,81,44,63,63,82,21,44,63,63,82,21,44,63,63,83,21,44,63,63,82,21,44,363,63,82,21,44,44,63,82,22,44,43,44,82,22
n01692333_ILSVRC2012_val_00005725.png,45,45,282,292,390,395,45,395,292,395,395,45,395,292,395,395,45,395,292,395,395,45,395,292,81,395,45,29,292,395,395,45,395,292,395,395,45,395,292,45,395
n01692333_ILSVRC2012_val_00007579.png,45,45,45,45,45,49,45,45,45,45,49,45,49,49,49,49,45,49,49,82,49,45,45,45,45,49,45,45,49,45,49,45,45,45,45,49,45,45,45,45,45
n01692333_ILSVRC2012_val_00015190.png,45,45,314,314,314,288,45,282,123,282,288,45,772,124,285,288,45,282,41,285,288,45,45,45,45,45,45,292,45,289,288,45,45,124,45,288,45,45,45,45,288
n01692333_ILSVRC2012_val_00022063.png,45,45,329,45,45,110,45,45,45,45,329,45,329,50,45,115,45,45,50,390,110,45,45,45,45,110,45,45,45,45,110,45,45,45,45,65,45,45,45,45,110
n01692333_ILSVRC2012_val_00031550.png,45,45,45,620,282,282,45,285,285,285,431,45,620,620,431,523,45,282,620,588,523,45,45,620,45,523,45,282,620,45,523,45,45,681,45,282,45,45,292,431,523
n01692333_ILSVRC2012_val_00043925.png,45,45,45,48,45,45,45,45,45,45,45,45,49,48,45,48,45,45,48,48,48,45,45,45,45,45,45,45,45,45,45,45,45,45,45,45,45,45,45,45,45
n01693334_ILSVRC2012_val_00039203.png,46,46,46,46,46,47,46,46,42,46,47,46,42,42,47,47,46,42,47,47,47,46,46,42,46,47,46,46,42,47,47,46,46,42,46,47,46,46,46,47,47
n01694178_ILSVRC2012_val_00007227.png,47,47,46,124,46,39,47,46,39,46,39,47,46,788,46,39,47,47,788,46,39,47,47,788,47,39,47,47,47,47,39,47,47,47,47,39,47,47,47,47,39
n01694178_ILSVRC2012_val_00008570.png,47,47,47,47,47,47,47,47,47,47,74,47,46,46,46,74,47,47,47,46,74,47,47,47,46,47,47,47,47,47,47,47,47,47,47,74,47,47,47,47,74
n01694178_ILSVRC2012_val_00018834.png,47,47,47,611,47,658,47,806,611,806,806,47,770,611,806,806,47,806,611,806,806,47,46,611,47,46,47,47,611,47,47,47,47,611,806,658,47,47,611,46,806
n01694178_ILSVRC2012_val_00030990.png,47,47,47,46,46,46,47,47,46,46,46,47,46,46,46,46,47,47,46,46,46,47,47,47,47,46,47,47,47,47,46,47,47,47,47,46,47,47,47,47,47
n01694178_ILSVRC2012_val_00037261.png,47,47,47,47,47,47,47,47,47,47,46,47,40,40,40,40,47,40,40,40,40,47,47,47,47,46,47,47,47,47,40,47,47,47,40,40,47,47,47,47,40
n01694178_ILSVRC2012_val_00038375.png,47,47,47,47,47,46,47,46,42,46,46,47,46,46,46,46,47,46,46,46,46,47,47,42,46,46,47,46,46,46,46,47,47,47,46,46,47,46,42,46,46
n01695060_ILSVRC2012_val_00003865.png,48,48,48,45,48,43,48,48,45,48,48,48,45,45,48,42,48,48,45,32,38,48,48,48,48,48,48,48,48,48,48,48,48,48,48,48,48,48,48,48,48
n01695060_ILSVRC2012_val_00014794.png,48,48,39,39,39,39,48,39,39,48,39,48,39,39,39,39,48,39,39,39,39,48,39,39,39,39,48,39,39,39,39,48,39,39,48,39,48,48,39,48,39
n01695060_ILSVRC2012_val_00022470.png,48,48,48,48,48,48,48,48,48,48,48,48,45,45,48,45,48,48,48,45,45,48,48,45,45,45,48,48,48,48,48,48,48,48,48,48,48,48,48,48,48
n01695060_ILSVRC2012_val_00026418.png,48,48,48,39,48,39,48,48,39,48,39,48,39,39,39,39,48,39,39,39,39,48,39,39,39,39,48,39,48,48,39,48,48,39,48,39,48,48,48,48,39
n01695060_ILSVRC2012_val_00033932.png,48,48,39,39,43,43,48,39,39,48,43,48,39,39,48,48,48,39,39,474,911,48,48,39,48,48,48,48,39,48,48,48,48,48,48,48,48,48,39,48,48
n01695060_ILSVRC2012_val_00036512.png,48,48,344,97,124,280,48,48,99,48,104,48,304,99,307,104,48,304,99,304,104,48,48,97,48,104,48,48,99,307,104,48,48,48,307,104,48,48,84,48,48
n01695060_ILSVRC2012_val_00037262.png,48,48,48,45,48,39,48,48,45,48,48,48,45,45,39,39,48,48,45,39,39,48,48,48,48,39,48,48,48,48,48,48,48,45,48,48,48,48,48,48,48
n01695060_ILSVRC2012_val_00045815.png,48,48,48,110,48,32,48,48,109,48,32,48,769,110,48,32,48,48,115,60,32,48,48,115,39,32,48,48,110,48,32,48,48,110,48,32,48,48,48,48,48
n01697457_ILSVRC2012_val_00006286.png,49,49,49,58,49,646,49,48,58,58,646,49,48,58,124,646,49,39,58,141,646,49,48,58,49,646,49,49,50,49,646,49,48,50,49,646,49,48,50,49,646
n01697457_ILSVRC2012_val_00007122.png,49,49,49,50,49,50,49,49,50,49,49,49,50,50,49,50,49,49,49,44,50,49,49,49,49,49,49,49,49,49,49,49,49,49,49,49,49,49,49,49,49
n01697457_ILSVRC2012_val_00018000.png,49,49,49,50,50,858,49,49,50,49,50,49,363,363,69,69,49,49,69,783,783,49,49,363,112,783,49,49,49,49,49,49,49,50,50,50,49,49,50,49,50
n01697457_ILSVRC2012_val_00022812.png,49,49,973,973,33,980,49,973,973,33,980,49,973,107,973,980,49,973,107,54,980,49,973,973,49,980,49,973,107,49,980,49,973,973,62,980,49,109,107,49,980
n01697457_ILSVRC2012_val_00027263.png,49,49,58,58,82,646,49,58,58,49,646,49,58,58,12,646,49,58,58,12,646,49,58,58,97,646,49,58,58,646,646,49,58,58,49,646,49,49,109,49,646
n01698640_ILSVRC2012_val_00001338.png,50,50,50,50,50,50,50,50,50,50,50,50,49,49,49,49,50,49,49,49,49,50,50,50,50,50,50,50,50,50,49,50,50,50,50,50,50,50,50,50,50
n01698640_ILSVRC2012_val_00021236.png,50,50,36,292,103,360,50,292,292,360,360,50,309,282,103,103,50,309,292,103,103,50,360,292,360,103,50,34,103,103,103,50,33,292,103,103,50,36,282,103,103
n01698640_ILSVRC2012_val_00040145.png,50,50,49,49,49,49,50,50,49,49,49,50,49,49,49,49,50,49,49,49,49,50,50,49,50,49,50,50,49,49,49,50,50,49,49,49,50,50,49,49,49
n01698640_ILSVRC2012_val_00049732.png,50,50,50,49,49,49,50,50,49,50,49,50,49,49,50,49,50,50,49,49,49,50,50,50,50,49,50,50,50,50,49,50,50,50,50,49,50,50,50,50,49
n01704323_ILSVRC2012_val_00002939.png,51,51,524,643,524,464,51,719,572,51,51,51,626,643,464,464,51,626,643,626,464,51,626,643,464,464,51,708,51,51,51,51,51,51,562,51,51,51,643,643,464
n01704323_ILSVRC2012_val_00003603.png,51,51,51,327,51,348,51,51,327,51,348,51,348,327,51,348,51,348,327,816,348,51,51,973,51,348,51,51,327,51,51,51,51,51,51,348,51,51,327,51,348
n01704323_ILSVRC2012_val_00004310.png,51,51,51,344,51,993,51,344,344,51,993,51,344,344,51,993,51,51,51,329,993,51,51,344,51,993,51,51,344,51,993,51,51,51,51,51,51,51,51,51,51
n01704323_ILSVRC2012_val_00004921.png,51,51,191,214,903,76,51,191,214,237,262,51,191,214,808,76,51,191,214,238,262,51,191,214,643,262,51,191,214,76,76,51,191,214,238,191,51,191,214,76,262
n01704323_ILSVRC2012_val_00007339.png,51,51,51,394,51,394,51,394,4,51,394,51,391,4,51,394,51,391,4,389,394,51,395,4,51,394,51,391,394,51,394,51,51,394,51,394,51,51,394,51,394
n01704323_ILSVRC2012_val_00010061.png,51,51,213,51,51,562,51,365,514,51,879,51,365,514,51,879,51,365,514,655,879,51,51,51,51,879,51,51,514,51,51,51,51,51,51,562,51,51,514,51,701
n01704323_ILSVRC2012_val_00016258.png,51,51,51,51,51,363,51,51,51,341,363,51,704,704,327,363,51,51,704,317,363,51,51,51,51,51,51,51,51,51,363,51,51,51,51,51,51,51,51,363,363
n01704323_ILSVRC2012_val_00017572.png,51,51,51,51,51,328,51,51,785,51,332,51,785,785,51,51,51,785,785,12,333,51,51,51,51,332,51,51,51,51,51,51,51,51,51,332,51,51,51,51,51
n01704323_ILSVRC2012_val_00027193.png,51,51,51,107,850,74,51,51,107,616,73,51,76,107,51,74,51,76,107,616,74,51,51,107,51,815,51,76,107,51,73,51,51,107,51,73,51,51,107,51,73
n01704323_ILSVRC2012_val_00027700.png,51,51,892,892,999,700,51,892,892,999,700,51,892,892,700,700,51,892,892,700,700,51,892,696,700,700,51,51,835,700,700,51,51,51,700,700,51,51,787,700,700
n01704323_ILSVRC2012_val_00028812.png,51,51,36,812,51,537,51,382,812,428,537,51,805,812,428,537,51,805,812,428,537,51,51,812,428,537,51,51,51,428,537,51,51,51,51,603,51,51,51,428,51
n01704323_ILSVRC2012_val_00041922.png,51,51,51,562,51,103,51,51,562,103,103,51,306,562,51,103,51,51,562,103,103,51,51,51,51,51,51,51,51,51,103,51,51,51,51,103,51,51,51,51,51
n01704323_ILSVRC2012_val_00048509.png,51,51,51,51,51,346,51,346,386,346,346,51,346,386,346,346,51,346,386,346,346,51,51,51,51,51,51,51,51,51,346,51,51,51,51,51,51,51,51,51,346
n01704323_ILSVRC2012_val_00048791.png,51,51,345,345,345,365,51,725,345,234,219,51,725,345,51,973,51,51,345,238,217,51,51,345,240,217,51,51,51,227,345,51,51,341,51,217,51,51,51,51,220
n01728572_ILSVRC2012_val_00004927.png,52,52,110,110,110,110,52,52,110,110,110,52,110,110,52,110,52,52,110,110,110,52,52,52,52,52,52,52,110,52,110,52,52,52,52,52,52,52,110,52,110
n01728572_ILSVRC2012_val_00007114.png,52,52,52,428,52,44,52,52,52,52,44,52,770,506,44,44,52,52,616,44,44,52,52,616,52,44,52,52,52,44,44,52,52,52,52,44,52,52,52,52,44
n01728572_ILSVRC2012_val_00015644.png,52,52,52,58,52,52,52,52,58,53,53,52,57,58,58,53,52,52,58,53,53,52,52,58,52,53,52,52,58,52,53,52,52,58,52,53,52,52,58,52,53
n01728572_ILSVRC2012_val_00026992.png,52,52,26,329,79,79,52,390,329,52,79,52,329,110,79,79,52,52,110,79,79,52,329,115,79,79,52,52,329,111,79,52,52,329,111,79,52,52,329,79,79
n01728572_ILSVRC2012_val_00027680.png,52,52,52,60,60,60,52,52,60,52,60,52,67,60,60,60,52,52,60,60,60,52,52,52,52,60,52,52,52,52,52,52,52,52,52,52,52,52,52,52,52
n01728572_ILSVRC2012_val_00046257.png,52,52,26,26,52,26,52,26,26,44,26,52,26,26,26,26,52,26,26,27,27,52,52,26,26,26,52,26,26,52,26,52,26,26,52,26,52,52,26,26,26
n01728920_ILSVRC2012_val_00005818.png,53,53,53,53,53,52,53,53,53,52,52,53,54,54,53,52,53,53,53,52,52,53,53,53,53,52,53,53,53,53,52,53,53,53,53,52,53,53,53,53,53
n01728920_ILSVRC2012_val_00014069.png,53,53,390,774,52,52,53,390,52,52,52,53,390,52,52,52,53,390,52,52,52,53,52,53,52,52,53,53,53,52,52,53,53,53,53,52,53,53,53,52,52
n01728920_ILSVRC2012_val_00014828.png,53,53,58,58,390,52,53,53,58,52,52,53,61,58,52,52,53,53,58,52,52,53,53,58,52,52,53,53,58,58,52,53,53,58,52,52,53,53,53,52,52
n01728920_ILSVRC2012_val_00019966.png,53,53,53,52,52,52,53,53,52,52,52,53,52,52,52,52,53,53,52,52,52,53,53,53,53,52,53,53,52,53,52,53,53,53,53,53,53,53,53,53,53
n01728920_ILSVRC2012_val_00026571.png,53,53,53,56,53,56,53,53,56,53,56,53,52,56,56,56,53,52,56,56,56,53,53,56,53,56,53,53,53,53,53,53,53,53,53,53,53,52,56,53,56
n01729322_ILSVRC2012_val_00004280.png,54,67,67,67,67,56,54,56,56,60,56,54,56,56,60,56,54,56,56,60,60,54,54,54,54,60,54,54,54,54,60,54,54,67,54,67,54,54,54,54,54
n01729322_ILSVRC2012_val_00006440.png,54,54,44,65,54,54,54,54,65,54,111,54,44,65,54,111,54,44,390,111,111,54,54,111,54,111,54,54,54,54,54,54,54,54,54,54,54,54,54,54,111
n01729322_ILSVRC2012_val_00015046.png,54,54,58,58,58,56,54,58,58,58,58,54,58,58,58,58,54,54,58,65,56,54,54,58,54,54,54,58,58,58,56,54,58,58,54,62,54,58,58,54,54
n01729322_ILSVRC2012_val_00037367.png,54,54,54,54,54,54,54,54,68,54,54,54,68,68,54,54,54,54,54,60,60,54,54,54,54,54,54,54,54,54,54,54,54,54,54,60,54,54,54,60,60
n01729322_ILSVRC2012_val_00044534.png,54,54,54,37,60,60,54,54,36,54,60,54,37,36,60,60,54,37,36,60,60,54,54,54,54,60,54,54,36,54,60,54,54,36,54,60,54,54,37,54,54
n01729322_ILSVRC2012_val_00045979.png,54,54,67,67,67,67,54,67,67,67,67,54,67,67,67,67,54,67,67,67,67,54,54,67,58,67,54,67,54,67,67,54,54,54,54,67,54,54,67,67,67
n01729977_ILSVRC2012_val_00010545.png,55,55,55,64,55,64,55,55,64,55,64,55,54,64,55,64,55,55,64,797,64,55,55,64,64,64,55,64,64,64,64,55,64,64,64,64,55,64,64,64,64
n01729977_ILSVRC2012_val_00021750.png,55,55,64,64,64,64,55,55,64,64,64,55,64,64,64,64,55,64,64,64,64,55,64,64,64,64,55,64,64,64,64,55,64,64,64,64,55,64,64,64,64
n01729977_ILSVRC2012_val_00022825.png,55,55,55,55,64,64,55,55,55,64,64,55,59,59,55,64,55,55,59,64,64,55,55,59,55,64,55,59,59,55,64,55,55,55,64,64,55,55,64,64,64
n01729977_ILSVRC2012_val_00029550.png,55,55,109,109,109,109,55,109,109,55,109,55,109,109,109,109,55,109,109,64,64,55,109,109,55,64,55,109,109,64,109,55,109,109,64,109,55,109,109,55,64
n01729977_ILSVRC2012_val_00033617.png,55,55,47,109,109,109,55,47,109,55,109,55,367,109,108,109,55,55,109,108,109,55,55,109,108,109,55,55,109,109,109,55,55,109,55,109,55,55,109,55,109
n01734418_ILSVRC2012_val_00006494.png,56,56,56,64,56,57,56,60,60,60,60,56,64,64,57,57,56,64,64,57,57,56,56,56,56,60,56,56,56,56,56,56,56,56,56,56,56,56,56,56,56
n01734418_ILSVRC2012_val_00025325.png,56,56,56,464,56,56,56,56,635,56,53,56,53,635,56,53,56,56,635,531,53,56,56,635,56,56,56,56,56,56,56,56,56,464,56,53,56,56,56,56,56
n01734418_ILSVRC2012_val_00031212.png,56,56,56,56,56,67,56,56,68,56,68,56,65,47,56,68,56,56,67,47,68,56,56,56,56,68,56,56,56,56,60,56,56,56,56,68,56,56,56,56,68
n01735189_ILSVRC2012_val_00001309.png,57,57,57,54,57,62,57,57,54,54,54,57,35,54,57,599,57,57,54,61,61,57,57,54,57,54,57,57,54,57,54,57,57,57,57,62,57,57,57,57,57
n01735189_ILSVRC2012_val_00003644.png,57,57,57,61,60,61,57,57,62,57,62,57,61,61,57,62,57,57,62,61,61,57,57,57,57,60,57,57,57,57,62,57,57,57,57,57,57,57,57,57,57
n01735189_ILSVRC2012_val_00014330.png,57,57,57,62,57,62,57,57,61,60,60,57,61,61,62,60,57,60,61,61,61,57,57,61,61,61,57,57,61,62,60,57,57,57,57,60,57,57,57,57,57
n01735189_ILSVRC2012_val_00041743.png,57,57,57,58,26,26,57,62,58,62,26,57,38,58,58,26,57,44,58,26,26,57,38,58,57,38,57,57,58,57,26,57,44,58,44,26,57,57,58,57,57
n01735189_ILSVRC2012_val_00042134.png,57,57,66,108,41,52,57,57,41,41,52,57,54,38,52,52,57,54,38,52,52,57,54,38,52,52,57,57,44,57,52,57,57,38,52,52,57,57,41,57,52
n01735189_ILSVRC2012_val_00046211.png,57,57,57,54,57,54,57,57,54,57,54,57,54,54,57,54,57,54,54,54,54,57,57,54,57,54,57,57,54,57,54,57,57,57,57,57,57,57,57,57,54
n01737021_ILSVRC2012_val_00023572.png,58,58,54,54,309,309,58,309,410,309,309,58,54,54,58,996,58,58,54,996,996,58,58,58,58,996,60,54,54,54,54,58,58,58,58,54,58,58,58,58,996
n01737021_ILSVRC2012_val_00025472.png,58,58,390,611,390,65,58,33,611,36,109,58,37,611,684,397,58,35,611,684,397,58,35,611,65,109,58,63,611,63,65,58,65,611,65,65,58,58,611,58,65
n01737021_ILSVRC2012_val_00035379.png,58,58,53,53,58,53,58,53,53,58,58,58,53,53,53,53,58,53,53,53,53,58,58,53,53,53,58,58,53,58,53,58,58,58,58,58,58,58,53,58,53
n01737021_ILSVRC2012_val_00036587.png,58,58,50,50,50,50,58,50,50,50,50,58,49,49,50,50,58,58,49,50,50,58,58,58,50,50,58,58,65,50,50,58,58,58,50,50,58,58,58,50,50
n01737021_ILSVRC2012_val_00037800.png,58,58,65,111,58,60,58,58,67,60,60,58,62,67,60,60,58,58,67,60,60,58,58,67,60,60,58,58,67,60,60,58,62,67,60,60,58,60,67,60,60
n01737021_ILSVRC2012_val_00040447.png,58,58,124,815,58,79,58,58,50,50,79,58,90,370,79,79,58,136,367,79,79,58,58,58,58,79,58,320,319,79,79,58,58,374,58,58,58,58,58,58,79
n01739381_ILSVRC2012_val_00022392.png,59,59,55,55,55,55,59,55,55,55,55,59,64,55,55,55,59,59,55,55,55,59,59,59,59,55,59,59,65,59,55,59,59,65,59,65,59,59,59,59,55
n01739381_ILSVRC2012_val_00022816.png,59,59,55,55,55,64,59,55,55,55,55,59,64,64,55,64,59,55,55,64,64,59,59,55,64,64,59,59,55,59,59,59,59,59,55,64,59,59,59,59,59
n01739381_ILSVRC2012_val_00039185.png,59,59,64,0,64,64,59,64,61,64,64,59,64,828,64,64,59,64,828,64,64,59,64,40,60,64,59,64,55,64,64,59,64,62,64,64,59,64,55,64,64
n01742172_ILSVRC2012_val_00005825.png,61,61,125,125,61,61,61,125,125,61,61,61,125,125,125,56,61,125,125,56,56,61,61,125,61,61,61,61,61,61,61,61,61,61,61,61,61,61,61,61,61
n01742172_ILSVRC2012_val_00013730.png,61,61,61,61,61,61,61,61,61,61,61,61,748,748,61,61,61,61,61,66,68,61,61,61,61,61,61,61,61,61,61,61,61,61,61,61,61,61,61,61,61
n01742172_ILSVRC2012_val_00018228.png,61,61,61,61,61,61,61,61,62,61,62,61,62,62,61,62,61,61,61,62,62,61,61,61,61,62,61,61,62,62,62,61,61,61,61,62,61,61,61,61,61
n01742172_ILSVRC2012_val_00018907.png,61,61,61,56,61,56,61,61,56,56,56,61,60,56,61,60,61,60,56,60,68,61,61,61,61,61,61,61,61,61,61,61,61,61,61,61,61,61,61,61,61
n01742172_ILSVRC2012_val_00025867.png,61,61,61,62,60,56,61,66,66,61,53,61,53,60,60,60,61,56,66,53,53,61,61,61,61,56,61,61,61,61,61,61,55,60,55,55,61,61,61,61,60
n01742172_ILSVRC2012_val_00027148.png,61,61,61,61,61,61,61,61,61,61,61,61,62,62,61,61,61,61,61,66,62,61,61,61,61,61,61,61,61,61,61,61,61,61,61,61,61,61,61,61,61
n01742172_ILSVRC2012_val_00027488.png,61,61,855,36,66,54,61,36,36,54,54,61,36,36,54,54,61,36,36,54,54,61,36,36,54,54,61,36,33,61,54,61,36,36,33,54,61,36,36,63,54
n01742172_ILSVRC2012_val_00049311.png,61,61,61,109,61,61,61,61,109,61,39,61,770,109,61,770,61,61,109,474,630,61,61,109,61,61,61,61,109,61,61,61,61,61,61,61,61,61,61,61,61
n01744401_ILSVRC2012_val_00007220.png,62,62,61,61,61,61,62,61,61,61,61,62,61,61,61,61,62,61,61,61,61,62,62,61,61,61,62,62,62,62,61,62,62,61,61,61,62,62,62,62,61
n01744401_ILSVRC2012_val_00009890.png,62,62,62,61,62,30,62,61,61,32,30,62,61,61,30,30,62,61,61,30,30,62,62,62,62,30,62,62,62,62,66,62,62,62,62,62,62,62,62,62,30
n01744401_ILSVRC2012_val_00011971.png,62,62,61,61,32,32,62,61,61,32,32,62,61,61,32,32,62,61,61,32,32,62,62,61,30,30,62,62,61,62,62,62,62,62,62,62,62,62,62,62,32
n01744401_ILSVRC2012_val_00015523.png,62,62,62,62,58,57,62,62,62,57,57,62,61,61,57,57,62,62,62,57,57,62,62,62,62,57,62,62,62,62,57,62,62,62,62,57,62,62,62,62,57
n01744401_ILSVRC2012_val_00024341.png,62,62,61,61,61,61,62,61,61,61,61,62,307,61,61,61,62,61,61,56,61,62,62,62,62,61,62,62,62,62,61,62,62,62,62,61,62,62,62,62,61
n01748264_ILSVRC2012_val_00012109.png,63,63,60,61,60,60,63,62,62,60,60,63,61,62,60,60,63,60,62,60,60,63,63,62,63,60,63,62,62,60,60,63,63,60,60,60,63,60,62,60,60
n01748264_ILSVRC2012_val_00013858.png,63,63,63,53,63,52,63,52,53,52,52,63,53,53,53,52,63,53,53,52,52,63,60,60,63,52,63,53,53,63,52,63,63,53,52,52,63,63,53,52,52
n01748264_ILSVRC2012_val_00014620.png,63,63,63,58,63,58,63,63,58,63,58,63,57,58,58,58,63,63,58,58,58,63,63,63,63,63,63,63,63,63,63,63,63,63,63,63,63,63,63,63,63
n01748264_ILSVRC2012_val_00017753.png,63,63,58,58,58,58,63,58,58,58,58,63,58,58,58,58,63,58,58,30,58,63,63,63,63,63,63,63,58,63,58,63,63,63,63,63,63,63,63,63,63
n01748264_ILSVRC2012_val_00030303.png,63,63,33,50,33,46,63,36,44,63,46,63,44,44,44,40,63,44,44,44,40,63,44,44,44,46,63,63,44,63,46,63,63,58,63,46,63,44,44,44,44
n01748264_ILSVRC2012_val_00038671.png,63,63,63,61,63,61,63,63,63,63,711,63,61,61,304,643,63,63,63,304,714,63,63,63,63,63,63,63,63,63,63,63,63,63,63,63,63,63,63,63,63
n01748264_ILSVRC2012_val_00049823.png,63,63,63,650,883,883,63,650,650,650,855,63,650,650,63,883,63,63,650,650,883,63,63,63,63,63,63,63,63,63,63,63,63,63,63,63,63,63,63,63,63
n01751748_ILSVRC2012_val_00015374.png,65,65,65,65,65,58,65,65,58,65,58,65,58,58,65,58,65,65,58,58,58,65,65,65,65,58,65,65,58,65,65,65,65,65,65,58,65,65,65,65,65
n01751748_ILSVRC2012_val_00021437.png,65,65,65,65,65,65,65,65,65,65,65,65,849,64,65,65,65,65,65,115,58,65,65,65,65,65,65,65,65,65,65,65,65,65,65,65,65,65,65,65,65
n01751748_ILSVRC2012_val_00021711.png,65,65,65,329,65,329,65,329,329,65,329,65,329,329,5,65,65,329,329,5,50,65,65,65,65,65,65,65,65,65,65,65,65,65,65,65,65,65,65,65,65
n01753488_ILSVRC2012_val_00030521.png,66,66,66,66,66,67,66,67,67,67,67,66,67,67,67,67,66,66,67,67,67,66,67,66,67,67,66,66,66,66,67,66,66,66,66,66,66,66,66,66,66
n01753488_ILSVRC2012_val_00033749.png,66,66,66,363,66,66,66,66,77,47,67,66,67,67,67,67,66,66,67,67,67,66,66,66,66,66,66,66,66,66,66,66,66,66,66,66,66,66,66,66,66
n01753488_ILSVRC2012_val_00043559.png,66,66,815,599,815,66,66,815,599,815,54,66,815,599,815,66,66,815,599,815,54,66,815,66,815,54,66,67,599,815,66,66,66,599,66,66,66,66,599,66,66
n01755581_ILSVRC2012_val_00003706.png,67,67,67,54,67,67,67,67,54,67,67,67,53,32,67,68,67,67,67,54,68,67,67,67,67,68,67,67,67,67,68,67,67,67,67,68,67,67,67,67,67
n01755581_ILSVRC2012_val_00030923.png,67,67,67,68,67,54,67,67,67,67,67,67,66,54,67,54,67,67,67,54,54,67,67,67,67,67,67,67,67,54,68,67,67,67,67,67,67,67,67,67,67
n01755581_ILSVRC2012_val_00038342.png,67,67,67,62,44,44,67,67,60,67,44,67,62,62,67,68,67,67,67,44,44,67,67,67,67,67,67,67,67,67,67,67,67,67,67,67,67,67,67,67,67
n01755581_ILSVRC2012_val_00045418.png,67,67,54,62,67,62,67,54,62,58,62,67,54,62,54,62,67,54,62,390,62,67,67,62,60,62,67,68,68,68,62,67,67,68,67,68,67,67,54,67,62
n01768244_ILSVRC2012_val_00013101.png,69,69,69,777,69,69,69,69,777,69,774,69,777,600,774,774,69,69,584,774,774,69,69,69,69,673,69,69,69,69,69,69,69,69,69,69,69,69,69,69,69
n01768244_ILSVRC2012_val_00031802.png,69,69,69,116,116,116,69,116,116,116,116,69,116,116,116,116,69,116,116,116,116,69,69,116,69,116,69,69,69,69,69,69,69,69,69,69,69,69,69,69,69
n01770081_ILSVRC2012_val_00015566.png,70,70,70,289,70,580,70,70,289,9,730,70,674,293,84,730,70,70,293,84,730,70,70,293,84,730,70,70,70,70,352,70,70,293,70,353,70,70,293,70,216
n01770081_ILSVRC2012_val_00036658.png,70,70,70,70,70,70,70,70,70,70,70,70,312,879,70,70,70,70,879,312,313,70,70,70,70,70,70,70,70,70,70,70,70,70,70,70,70,70,70,70,70
n01770081_ILSVRC2012_val_00037311.png,70,70,70,310,318,310,70,70,310,70,78,70,78,310,70,78,70,78,78,78,78,70,70,310,70,78,70,70,310,78,78,70,70,310,70,70,70,310,310,310,310
n01770081_ILSVRC2012_val_00042970.png,70,70,70,70,70,78,70,70,70,70,70,70,314,314,70,78,70,70,70,78,78,70,70,70,70,70,70,70,70,70,70,70,70,70,70,70,70,70,70,70,70
n01770393_ILSVRC2012_val_00030311.png,71,71,58,109,311,126,71,69,109,126,125,71,117,117,126,314,71,117,117,126,314,71,65,108,126,314,71,126,116,126,314,71,314,109,126,314,71,126,126,126,314
n01770393_ILSVRC2012_val_00032992.png,71,71,71,71,71,71,71,71,71,71,71,71,113,116,71,71,71,71,71,304,314,71,71,71,71,71,71,71,71,71,71,71,71,71,71,71,71,71,71,71,71
n01770393_ILSVRC2012_val_00043159.png,71,71,314,124,71,314,71,71,71,71,126,71,124,124,71,126,71,71,124,700,126,71,124,124,71,126,71,71,124,71,71,71,124,124,71,126,71,71,71,71,71
n01770393_ILSVRC2012_val_00043197.png,71,71,71,300,71,300,71,71,71,71,300,71,300,300,302,300,71,71,71,302,300,71,71,71,71,71,71,71,71,71,71,71,71,71,71,71,71,71,71,71,71
n01773157_ILSVRC2012_val_00001053.png,72,72,74,815,72,74,72,74,815,74,73,72,125,971,74,73,72,74,815,73,73,72,72,74,72,73,72,72,74,72,73,72,72,72,72,73,72,72,74,72,73
n01773157_ILSVRC2012_val_00002041.png,72,72,72,72,72,72,72,72,72,72,72,72,70,119,72,72,72,72,74,74,74,72,72,72,72,72,72,72,72,72,72,72,72,72,72,72,72,72,72,72,72
n01773157_ILSVRC2012_val_00008805.png,72,72,72,72,72,72,72,72,72,72,72,72,70,73,72,73,72,72,73,73,73,72,72,73,72,73,72,72,72,72,73,72,72,73,73,73,72,72,72,72,72
n01773157_ILSVRC2012_val_00020574.png,72,72,72,72,72,73,72,72,72,72,73,72,70,70,73,73,72,72,72,73,73,72,72,72,72,73,72,72,72,72,73,72,72,72,72,72,72,72,72,72,72
n01773157_ILSVRC2012_val_00048913.png,72,72,72,815,72,72,72,72,815,72,815,72,815,815,72,74,72,74,815,78,815,72,72,74,72,72,72,72,74,72,73,72,72,72,72,73,72,72,72,72,72
n01773797_ILSVRC2012_val_00015795.png,74,74,74,815,74,815,74,815,815,74,815,74,815,815,815,815,74,815,815,815,815,74,74,815,74,815,74,815,815,815,815,74,815,815,815,815,74,815,815,74,815
n01773797_ILSVRC2012_val_00039370.png,74,74,74,815,74,73,74,74,815,74,73,74,907,815,74,73,74,74,815,293,73,74,74,74,74,73,74,74,74,74,73,74,74,74,74,73,74,74,74,74,73
n01774384_ILSVRC2012_val_00016936.png,75,75,75,72,73,73,75,73,74,75,72,75,72,72,72,73,75,75,72,815,73,75,75,815,75,73,75,73,73,75,73,75,72,74,75,73,75,75,72,72,73
n01774384_ILSVRC2012_val_00017294.png,75,75,75,75,75,73,75,75,310,307,73,75,310,310,78,73,75,75,310,78,73,75,75,310,77,73,75,75,73,75,73,75,75,75,78,73,75,75,75,75,73
n01774384_ILSVRC2012_val_00025508.png,75,75,75,76,76,76,75,75,76,904,904,75,79,79,904,904,75,75,73,904,904,75,75,79,904,904,75,75,76,75,904,75,75,75,75,904,75,75,76,75,904
n01774384_ILSVRC2012_val_00029208.png,75,75,75,74,75,73,75,300,72,73,73,75,72,72,72,73,75,73,74,73,73,75,74,74,75,73,75,75,72,75,73,75,72,72,75,73,75,75,73,75,73
n01774384_ILSVRC2012_val_00033912.png,75,75,75,75,75,75,75,75,73,70,70,75,815,73,70,70,75,75,73,70,70,75,75,75,75,70,75,75,73,75,75,75,75,75,75,70,75,75,75,75,75
n01774384_ILSVRC2012_val_00035651.png,75,75,88,90,75,90,75,75,90,316,90,75,520,90,316,90,75,90,90,316,90,75,75,90,316,90,75,75,90,316,90,75,302,90,75,90,75,75,75,75,90
n01774384_ILSVRC2012_val_00048406.png,75,75,70,73,73,73,75,75,73,77,73,75,70,73,73,73,75,75,73,73,73,75,75,75,75,73,75,75,75,75,73,75,75,75,75,73,75,75,75,75,73
n01774750_ILSVRC2012_val_00000934.png,76,76,76,76,76,700,76,76,77,76,700,76,700,75,700,700,76,700,75,700,700,76,76,75,76,76,76,76,77,76,76,76,76,76,76,76,76,76,77,76,76
n01774750_ILSVRC2012_val_00024109.png,76,76,989,989,76,73,76,76,76,76,73,76,94,123,328,73,76,76,121,328,73,76,76,76,76,76,76,76,76,76,73,76,76,76,76,73,76,76,76,76,73
n01774750_ILSVRC2012_val_00029048.png,76,76,275,77,275,78,76,124,77,280,73,76,70,70,125,73,76,76,70,125,73,76,76,70,125,73,76,77,77,76,73,76,76,76,76,73,76,76,77,125,73
n01774750_ILSVRC2012_val_00049466.png,76,76,76,121,76,73,76,76,121,76,73,76,73,121,125,73,76,77,121,123,73,76,76,121,121,73,76,76,121,121,73,76,76,121,76,73,76,76,76,76,73
n01775062_ILSVRC2012_val_00000218.png,77,77,77,77,77,77,77,77,70,77,73,77,70,70,70,73,77,70,70,70,73,77,77,70,70,73,77,70,70,70,73,77,77,73,77,73,77,77,70,77,73
n01775062_ILSVRC2012_val_00000986.png,77,77,77,119,76,76,77,76,119,76,76,77,119,118,76,76,77,120,120,76,76,77,77,120,76,76,77,77,120,76,76,77,120,120,77,76,77,77,120,77,76
n01775062_ILSVRC2012_val_00037348.png,77,77,73,815,70,70,77,73,815,70,70,77,73,72,70,70,77,73,815,70,70,77,73,74,70,70,77,70,72,70,70,77,77,73,70,70,77,77,73,70,70
n01775062_ILSVRC2012_val_00039854.png,77,77,77,73,124,310,77,77,77,125,125,77,125,73,125,126,77,125,73,125,126,77,77,73,77,73,77,77,73,73,73,77,77,73,77,73,77,77,73,77,77
n01775062_ILSVRC2012_val_00040214.png,77,77,77,77,77,77,77,77,77,77,73,77,728,73,73,73,77,77,73,73,73,77,73,73,73,73,77,77,73,77,73,77,77,77,77,73,77,77,77,77,77
n01775062_ILSVRC2012_val_00042578.png,77,77,815,815,77,73,77,815,815,125,73,77,815,815,73,73,77,815,815,73,73,77,815,815,70,73,77,76,815,73,73,77,815,815,73,73,77,77,815,73,73
n01775062_ILSVRC2012_val_00046017.png,77,77,77,73,77,73,77,77,76,76,73,77,79,73,126,73,77,73,73,126,73,77,77,73,77,73,77,77,73,77,73,77,77,73,77,73,77,77,73,77,73
n01776313_ILSVRC2012_val_00015564.png,78,78,78,125,125,118,78,125,125,118,118,78,125,125,118,119,78,125,125,118,119,78,78,119,78,119,78,78,78,78,119,78,78,78,78,119,78,78,78,78,119
n01776313_ILSVRC2012_val_00018963.png,78,78,73,815,74,74,78,73,815,73,73,78,74,815,73,73,78,78,815,815,73,78,78,74,78,73,78,78,73,73,73,78,78,78,73,73,78,78,73,78,73
n01784675_ILSVRC2012_val_00004841.png,79,79,79,107,79,69,79,79,107,79,79,79,107,107,79,69,79,79,79,69,69,79,79,79,79,79,79,79,79,79,79,79,79,79,79,79,79,79,79,79,79
n01784675_ILSVRC2012_val_00005536.png,79,79,79,79,318,318,79,79,79,79,126,79,126,126,79,126,79,79,79,70,126,79,79,79,79,79,79,79,79,79,79,79,79,126,79,126,79,79,79,79,79
n01784675_ILSVRC2012_val_00011861.png,79,79,79,79,79,44,79,79,65,79,44,79,65,65,44,44,79,79,65,44,44,79,79,58,44,44,79,79,79,79,44,79,79,65,79,44,79,79,79,79,44
n01784675_ILSVRC2012_val_00013388.png,79,79,124,78,78,78,79,124,71,78,78,79,124,307,78,78,79,124,307,78,78,79,79,307,79,78,79,124,120,78,78,79,124,71,79,78,79,124,124,78,78
n01784675_ILSVRC2012_val_00014417.png,79,79,79,79,79,79,79,79,79,79,79,79,882,882,79,882,79,882,882,882,882,79,79,79,79,79,79,79,79,79,79,79,79,79,79,79,79,79,79,79,79
n01784675_ILSVRC2012_val_00030825.png,79,79,69,126,69,69,79,79,783,783,79,79,650,111,79,79,79,79,111,674,674,79,79,111,79,79,79,79,79,79,79,79,79,79,79,79,79,79,126,79,79
n01784675_ILSVRC2012_val_00042932.png,79,79,78,79,78,78,79,79,314,126,307,79,679,314,79,307,79,79,314,307,307,79,79,79,79,79,79,79,79,79,79,79,71,79,126,304,79,79,314,79,126
n01795545_ILSVRC2012_val_00007323.png,80,80,80,93,8,8,80,80,93,8,8,80,93,93,8,8,80,80,80,8,8,80,80,93,80,8,80,80,93,80,80,80,80,80,80,80,80,80,93,80,80
n01795545_ILSVRC2012_val_00030713.png,80,80,80,80,80,80,80,80,80,80,136,80,8,8,80,80,80,80,8,537,8,80,80,80,80,80,80,80,80,80,80,80,80,80,80,80,80,80,80,80,80
n01795545_ILSVRC2012_val_00040203.png,80,80,80,728,80,815,80,80,120,361,815,80,470,120,120,815,80,80,120,76,815,80,80,80,80,815,80,80,80,80,815,80,80,80,80,80,80,80,80,80,80
n01795545_ILSVRC2012_val_00045857.png,80,80,80,611,80,80,80,86,611,86,82,80,86,611,86,86,80,8,611,86,82,80,80,611,80,80,80,80,611,80,86,80,80,611,80,83,80,80,611,80,82
n01795545_ILSVRC2012_val_00049235.png,80,80,23,23,7,23,80,23,23,21,21,80,23,23,21,21,80,23,22,21,21,80,80,80,80,80,80,80,80,80,21,80,80,80,21,21,80,80,80,18,18
n01796340_ILSVRC2012_val_00001641.png,81,81,89,89,89,89,81,89,89,89,89,81,89,89,89,89,81,89,89,89,89,81,89,89,89,89,81,89,89,89,89,81,81,81,81,89,81,89,89,89,89
n01796340_ILSVRC2012_val_00017508.png,81,81,81,89,81,81,81,81,89,21,21,81,89,89,21,21,81,81,81,21,21,81,89,89,21,21,81,81,81,81,21,81,81,89,81,21,81,81,89,81,21
n01796340_ILSVRC2012_val_00031432.png,81,81,81,81,81,82,81,81,81,81,86,81,139,139,81,86,81,81,139,86,86,81,81,139,81,81,81,81,81,81,81,81,81,81,81,81,81,81,81,81,81
n01797886_ILSVRC2012_val_00002539.png,82,82,82,109,82,82,82,82,824,82,86,82,142,488,86,86,82,142,488,86,86,82,82,82,82,82,82,82,82,82,82,82,82,82,82,82,82,82,82,82,86
n01797886_ILSVRC2012_val_00012669.png,82,82,377,21,381,12,82,380,21,364,15,82,381,21,379,15,82,335,21,379,15,82,12,12,364,15,82,133,22,133,12,82,24,22,133,82,82,24,22,133,82
n01797886_ILSVRC2012_val_00031380.png,82,82,81,81,85,80,82,81,81,36,80,82,81,81,36,80,82,82,81,36,80,82,82,81,82,82,82,81,81,82,80,82,82,81,82,82,82,82,81,82,82
n01797886_ILSVRC2012_val_00033393.png,82,82,364,84,364,364,82,82,82,82,381,82,348,973,82,364,82,82,82,50,369,82,82,82,82,381,82,82,82,82,82,82,82,82,82,364,82,82,82,82,82
n01797886_ILSVRC2012_val_00036573.png,82,82,82,396,82,82,82,82,396,82,82,82,85,115,82,82,82,82,115,80,80,82,82,82,82,82,82,82,82,82,82,82,82,82,82,82,82,82,82,82,82
n01797886_ILSVRC2012_val_00037408.png,82,82,81,81,80,80,82,82,81,81,81,82,85,81,82,80,82,82,81,80,80,82,82,81,82,82,82,82,81,82,80,82,82,81,82,80,82,82,81,80,80
n01797886_ILSVRC2012_val_00049595.png,82,82,82,133,82,82,82,82,133,82,82,82,600,133,82,86,82,82,133,86,86,82,82,133,82,86,82,82,82,82,86,82,82,133,82,82,82,82,82,82,82
n01798484_ILSVRC2012_val_00006469.png,83,83,83,83,83,83,83,83,83,83,83,83,113,58,83,83,83,83,83,108,80,83,83,83,83,83,83,83,83,83,83,83,83,83,83,83,83,83,83,83,83
n01798484_ILSVRC2012_val_00010421.png,83,83,83,24,83,83,83,83,24,83,83,83,24,24,83,80,83,83,24,80,80,83,83,83,83,83,83,83,83,83,83,83,83,24,83,83,83,83,83,83,83
n01798484_ILSVRC2012_val_00017430.png,83,83,83,15,15,15,83,83,83,83,15,83,145,145,83,15,83,83,145,667,15,83,83,83,83,83,83,83,83,83,83,83,83,145,83,83,83,83,83,83,83
n01798484_ILSVRC2012_val_00020690.png,83,83,83,340,83,83,83,83,340,83,83,83,340,340,83,340,83,83,83,558,879,83,83,83,83,83,83,83,83,83,83,83,83,83,83,83,83,83,83,83,83
n01798484_ILSVRC2012_val_00021885.png,83,83,363,86,83,86,83,363,86,86,86,83,363,82,86,86,83,83,83,86,86,83,83,86,86,86,83,363,86,86,86,83,83,86,83,86,83,83,83,83,86
n01798484_ILSVRC2012_val_00023099.png,83,83,82,48,82,82,83,82,48,364,82,83,61,61,82,311,83,83,61,364,311,83,83,62,83,133,83,48,61,298,312,83,48,67,364,42,83,48,39,364,82
n01798484_ILSVRC2012_val_00029466.png,83,83,83,83,83,83,83,83,83,83,83,83,86,86,83,138,83,83,86,138,138,83,83,83,83,83,83,83,83,83,83,83,83,83,83,83,83,83,83,83,138
n01798484_ILSVRC2012_val_00032113.png,83,83,83,86,83,86,83,83,86,86,86,83,85,86,86,86,83,83,86,86,86,83,83,86,83,86,83,83,86,86,86,83,83,86,83,86,83,83,83,83,83
n01798484_ILSVRC2012_val_00039825.png,83,83,83,82,83,86,83,83,82,86,86,83,86,82,86,86,83,83,82,86,86,83,83,83,83,86,83,83,83,83,86,83,83,83,83,86,83,83,83,83,83
n01798484_ILSVRC2012_val_00040261.png,83,83,86,363,86,86,83,86,363,86,86,83,86,363,86,86,83,82,363,86,86,83,86,363,86,86,83,86,363,86,86,83,82,363,82,86,83,83,363,83,86
n01798484_ILSVRC2012_val_00041832.png,83,83,83,85,138,85,83,141,82,138,84,83,141,82,80,80,83,141,82,80,80,83,83,82,83,80,83,141,21,80,80,83,83,138,83,83,83,83,82,83,82
n01806143_ILSVRC2012_val_00005599.png,84,84,84,136,84,84,84,84,84,84,84,84,136,136,84,639,84,84,136,459,459,84,84,84,84,84,84,84,84,7,529,84,84,84,84,84,84,84,84,84,843
n01806143_ILSVRC2012_val_00008186.png,84,84,84,562,84,552,84,84,562,84,552,84,562,562,84,552,84,84,562,552,552,84,84,562,84,552,84,84,562,84,552,84,84,84,84,84,84,84,863,84,84
n01806143_ILSVRC2012_val_00017068.png,84,84,84,84,84,84,84,84,84,84,84,84,328,328,84,84,84,84,84,641,772,84,84,84,84,84,84,84,84,84,84,84,84,84,84,84,84,84,84,84,84
n01806143_ILSVRC2012_val_00020915.png,84,84,84,84,84,84,84,84,84,84,84,84,562,562,84,84,84,84,84,748,906,84,84,84,84,84,84,84,84,84,84,84,84,84,84,84,84,84,84,84,84
n01806143_ILSVRC2012_val_00022767.png,84,84,84,84,84,84,84,84,84,84,84,84,88,18,84,136,84,84,84,809,136,84,84,84,84,84,84,84,84,84,84,84,84,84,84,84,84,84,84,84,84
n01806143_ILSVRC2012_val_00024040.png,84,84,84,85,84,86,84,84,86,86,86,84,86,85,86,86,84,84,85,86,86,84,84,84,86,86,84,84,84,84,86,84,84,84,84,86,84,84,84,84,84
n01806143_ILSVRC2012_val_00024438.png,84,84,84,84,84,84,84,84,84,84,84,84,849,464,84,84,84,84,84,629,492,84,84,84,84,84,84,84,84,84,84,84,84,84,84,84,84,84,84,84,84
n01806143_ILSVRC2012_val_00037892.png,84,84,84,84,84,84,84,84,843,84,84,84,219,830,84,164,84,84,830,164,164,84,84,84,84,84,84,84,84,84,84,84,84,84,84,84,84,84,830,84,164
n01806143_ILSVRC2012_val_00042998.png,84,84,84,84,84,84,84,84,84,84,84,84,701,701,84,84,84,84,84,562,562,84,84,84,84,84,84,84,84,84,84,84,84,84,84,84,84,84,84,84,84
n01806567_ILSVRC2012_val_00013229.png,85,85,85,85,85,85,85,86,85,86,86,85,865,611,85,86,85,85,85,86,86,85,85,85,85,85,85,85,85,85,85,85,85,85,85,85,85,85,85,85,85
n01806567_ILSVRC2012_val_00017767.png,85,85,85,85,85,85,85,85,85,85,82,85,86,82,85,86,85,85,85,534,83,85,85,85,85,85,85,85,85,85,85,85,85,85,85,85,85,85,85,85,85
n01806567_ILSVRC2012_val_00026021.png,85,85,85,85,85,83,85,85,86,85,83,85,82,82,85,83,85,85,85,82,83,85,85,85,85,86,85,85,85,85,86,85,85,85,85,83,85,85,85,85,85
n01806567_ILSVRC2012_val_00028414.png,85,85,85,83,83,83,85,86,83,83,83,85,86,340,83,83,85,85,83,83,83,85,85,83,83,83,85,85,83,83,83,85,85,83,85,83,85,85,85,85,83
n01806567_ILSVRC2012_val_00040002.png,85,85,85,20,85,824,85,85,20,94,824,85,15,20,85,824,85,85,20,962,824,85,85,85,85,824,85,85,15,85,85,85,85,85,85,85,85,85,85,85,85
n01806567_ILSVRC2012_val_00041960.png,85,85,85,85,85,85,85,85,85,85,86,85,82,82,85,86,85,85,82,865,86,85,85,85,85,85,85,85,85,85,85,85,85,85,85,85,85,85,85,85,85
n01806567_ILSVRC2012_val_00043462.png,85,85,20,20,20,20,85,20,20,20,20,85,20,20,20,20,85,20,20,20,20,85,85,85,85,20,85,85,20,85,20,85,85,20,85,20,85,85,20,85,20
n01807496_ILSVRC2012_val_00010090.png,86,86,86,815,86,82,86,85,815,82,82,86,319,815,82,82,86,82,82,82,82,86,86,86,86,86,86,86,86,86,82,86,86,86,86,82,86,86,86,86,82
n01807496_ILSVRC2012_val_00028573.png,86,86,86,86,86,86,86,86,86,86,86,86,85,85,85,85,86,85,85,85,85,86,86,86,86,86,86,86,86,86,85,86,86,86,86,86,86,86,86,86,86
n01807496_ILSVRC2012_val_00040524.png,86,86,86,86,86,86,86,86,82,86,86,86,94,82,86,82,86,86,82,164,82,86,86,86,86,86,86,86,86,86,86,86,86,86,86,86,86,86,86,86,86
n01817953_ILSVRC2012_val_00001856.png,87,87,87,806,87,552,87,87,806,725,824,87,89,806,87,457,87,87,806,725,457,87,87,806,87,850,87,87,806,87,87,87,87,87,87,87,87,87,87,87,87
n01817953_ILSVRC2012_val_00002791.png,87,87,87,87,87,88,87,87,723,170,88,87,723,723,87,88,87,87,723,193,88,87,87,87,87,88,87,87,87,87,88,87,87,87,87,88,87,87,87,87,87
n01817953_ILSVRC2012_val_00007932.png,87,87,87,87,87,87,87,87,87,87,87,87,676,24,87,691,87,87,24,691,691,87,87,87,87,87,87,87,87,87,87,87,87,87,87,87,87,87,87,87,87
n01817953_ILSVRC2012_val_00008566.png,87,87,87,562,87,389,87,87,87,87,395,87,104,562,87,395,87,87,87,104,395,87,87,87,87,395,87,87,87,87,395,87,87,87,87,87,87,87,87,87,87
n01817953_ILSVRC2012_val_00012003.png,87,87,7,7,88,88,87,7,7,88,88,87,7,7,88,88,87,7,7,88,88,87,87,7,88,88,87,8,7,87,88,87,87,7,87,87,87,87,7,7,7
n01817953_ILSVRC2012_val_00013008.png,87,87,87,545,87,538,87,87,545,545,545,87,395,545,545,476,87,87,545,545,535,87,87,545,545,534,87,87,545,87,535,87,87,545,87,727,87,87,545,87,87
n01817953_ILSVRC2012_val_00015324.png,87,87,87,87,87,87,87,87,87,87,87,87,478,150,87,87,87,87,150,553,493,87,87,87,87,526,87,87,87,87,87,87,87,87,87,87,87,87,87,87,87
n01817953_ILSVRC2012_val_00023342.png,87,87,88,88,88,88,87,87,88,88,88,87,88,88,88,88,87,87,88,88,88,87,88,88,88,88,87,87,87,87,88,87,87,87,88,88,87,87,88,88,88
n01817953_ILSVRC2012_val_00044505.png,87,87,87,360,61,389,87,87,360,61,0,87,998,360,87,0,87,87,360,61,0,87,87,87,87,0,87,87,360,87,0,87,87,360,87,0,87,87,360,87,0
n01817953_ILSVRC2012_val_00049265.png,87,87,88,88,88,88,87,88,88,88,88,87,88,88,88,88,87,88,88,88,88,87,87,88,88,88,87,87,87,87,87,87,87,87,87,88,87,87,87,87,87
n01818515_ILSVRC2012_val_00003743.png,88,88,88,90,88,90,88,88,90,88,90,88,90,90,90,90,88,88,90,90,90,88,88,88,88,88,88,88,88,88,88,88,88,88,88,88,88,88,88,88,88
n01818515_ILSVRC2012_val_00007168.png,88,88,88,88,88,90,88,88,88,88,88,88,333,87,88,88,88,88,88,191,90,88,88,88,88,88,88,88,88,88,88,88,88,88,88,88,88,88,88,88,88
n01818515_ILSVRC2012_val_00009857.png,88,88,84,5,88,14,88,84,973,14,14,88,868,111,14,14,88,88,107,14,14,88,88,973,88,88,88,17,107,17,14,88,88,36,88,14,88,88,36,88,14
n01818515_ILSVRC2012_val_00012864.png,88,88,88,88,88,850,88,88,611,88,88,88,773,611,88,88,88,88,611,673,850,88,88,611,88,88,88,88,611,88,88,88,88,611,88,88,88,88,88,88,88
n01818515_ILSVRC2012_val_00022745.png,88,88,88,88,88,88,88,87,87,90,90,88,87,87,88,90,88,87,109,90,90,88,88,87,88,90,88,87,87,90,90,88,88,87,90,90,88,88,87,88,90
n01818515_ILSVRC2012_val_00032473.png,88,88,88,90,88,90,88,88,90,90,90,88,316,90,88,90,88,88,90,70,90,88,88,88,88,88,88,88,90,88,90,88,88,88,88,88,88,88,88,88,90
n01818515_ILSVRC2012_val_00034347.png,88,88,88,88,88,7,88,88,88,176,255,88,97,97,88,88,88,88,88,169,255,88,88,88,88,255,88,88,88,88,88,88,88,88,88,88,88,88,88,88,88
n01818515_ILSVRC2012_val_00040359.png,88,88,90,90,88,90,88,88,88,88,88,88,90,90,88,88,88,88,88,558,96,88,88,88,88,88,88,88,90,88,88,88,88,88,88,88,88,88,88,88,88
n01818515_ILSVRC2012_val_00042071.png,88,88,88,42,88,90,88,88,88,88,90,88,97,319,88,88,88,88,88,769,90,88,88,88,88,88,88,88,88,88,90,88,88,88,88,88,88,88,88,88,88
n01818515_ILSVRC2012_val_00046534.png,88,88,955,955,108,108,88,309,955,393,393,88,955,955,396,396,88,309,955,396,396,88,88,309,88,393,88,88,396,88,396,88,88,88,396,396,88,88,88,88,396
n01819313_ILSVRC2012_val_00013822.png,89,89,89,99,89,144,89,99,99,99,99,89,99,99,99,99,89,99,99,99,99,89,99,99,99,99,89,99,132,99,99,89,99,99,99,99,89,99,84,99,99
n01819313_ILSVRC2012_val_00023347.png,89,89,89,115,89,341,89,89,84,89,341,89,676,107,89,341,89,89,107,700,341,89,89,89,89,341,89,89,89,89,89,89,89,89,89,89,89,89,89,89,89
n01819313_ILSVRC2012_val_00036835.png,89,89,89,105,364,22,89,89,43,21,22,89,943,320,89,22,89,270,319,133,22,89,89,89,89,22,89,270,89,270,22,89,89,89,89,89,89,89,89,89,89
n01819313_ILSVRC2012_val_00038681.png,89,89,89,285,89,816,89,89,285,89,816,89,534,285,89,911,89,534,285,591,911,89,89,89,89,911,89,89,287,89,911,89,89,89,89,816,89,89,89,89,89
n01819313_ILSVRC2012_val_00045713.png,89,89,129,129,129,144,89,89,129,129,132,89,129,129,132,132,89,129,129,132,132,89,89,89,89,129,89,89,129,89,132,89,89,89,89,89,89,89,89,89,89
n01820546_ILSVRC2012_val_00001749.png,90,90,90,987,90,325,90,90,90,90,984,90,674,987,90,90,90,90,987,70,984,90,90,90,90,90,90,90,90,90,90,90,90,90,90,90,90,90,90,90,90
n01820546_ILSVRC2012_val_00019716.png,90,90,89,88,89,88,90,88,88,88,90,90,296,88,296,96,90,90,88,537,96,90,90,88,90,96,90,90,90,90,90,90,90,90,90,90,90,90,90,90,90
n01820546_ILSVRC2012_val_00043649.png,90,90,90,90,90,88,90,90,90,90,88,90,88,88,88,21,90,90,90,787,21,90,90,90,90,90,90,90,90,90,90,90,90,90,90,90,90,90,90,90,90
n01824575_ILSVRC2012_val_00000929.png,91,91,91,91,91,15,91,91,21,15,15,91,21,21,15,15,91,91,91,15,15,91,91,91,91,15,91,91,91,91,15,91,91,91,91,91,91,91,91,91,91
n01824575_ILSVRC2012_val_00001142.png,91,91,91,15,15,10,91,91,16,91,10,91,15,15,15,10,91,15,15,15,10,91,91,15,15,10,91,91,15,15,10,91,91,16,91,10,91,91,91,91,95
n01824575_ILSVRC2012_val_00004340.png,91,91,91,904,91,94,91,21,599,94,94,91,21,410,12,94,91,21,599,998,94,91,91,82,8,94,91,91,82,15,94,91,91,82,15,94,91,21,12,91,12
n01824575_ILSVRC2012_val_00012307.png,91,91,91,91,91,91,91,91,21,91,91,91,21,396,91,12,91,91,91,12,12,91,91,91,91,12,91,91,82,82,82,91,91,91,91,91,91,91,91,91,12
n01824575_ILSVRC2012_val_00015690.png,91,91,84,84,84,84,91,84,84,84,84,91,84,84,84,84,91,84,84,84,84,91,84,84,91,84,91,91,84,84,84,91,91,86,91,91,91,91,91,91,91
n01824575_ILSVRC2012_val_00015739.png,91,91,91,15,15,15,91,15,15,15,15,91,15,15,91,15,91,91,15,15,15,91,91,15,15,15,91,91,91,91,15,91,91,15,15,15,91,91,15,15,15
n01824575_ILSVRC2012_val_00019511.png,91,91,19,10,19,19,91,11,94,19,19,91,10,10,19,19,91,94,94,19,19,91,91,10,19,19,91,10,94,19,19,91,91,21,19,19,91,94,94,19,19
n01824575_ILSVRC2012_val_00024845.png,91,91,84,84,93,84,91,84,84,84,84,91,84,84,84,84,91,91,84,905,84,91,91,84,91,84,91,91,84,91,84,91,91,91,91,84,91,91,91,91,91
n01828970_ILSVRC2012_val_00002388.png,92,92,92,40,92,92,92,92,92,92,92,92,855,38,92,96,92,92,92,96,96,92,92,92,92,96,92,92,92,92,96,92,92,92,92,92,92,92,92,92,92
n01828970_ILSVRC2012_val_00005634.png,92,92,92,92,92,93,92,92,95,93,93,92,93,93,93,93,92,93,93,93,93,92,92,92,92,93,92,92,92,92,93,92,92,96,92,92,92,92,92,92,92
n01828970_ILSVRC2012_val_00009536.png,92,92,92,611,92,92,92,92,611,88,92,92,716,611,16,16,92,716,611,619,20,92,92,92,92,92,92,92,611,92,98,92,92,611,92,92,92,92,92,92,92
n01828970_ILSVRC2012_val_00011237.png,92,92,92,92,92,92,92,92,92,92,840,92,88,88,92,456,92,92,92,823,790,92,92,92,92,463,92,92,92,92,92,92,92,92,92,92,92,92,92,92,92
n01828970_ILSVRC2012_val_00014346.png,92,92,92,318,92,92,92,92,92,92,700,92,845,318,92,92,92,92,319,700,700,92,92,92,92,92,92,92,92,92,700,92,92,92,92,92,92,92,92,92,92
n01828970_ILSVRC2012_val_00022442.png,92,92,92,319,92,95,92,92,55,92,92,92,96,64,92,95,92,92,64,57,95,92,92,92,92,92,92,92,92,92,95,92,92,92,92,92,92,92,92,92,95
n01828970_ILSVRC2012_val_00031824.png,92,92,92,91,92,95,92,92,92,92,95,92,91,91,92,95,92,92,92,476,95,92,92,92,92,95,92,92,92,92,95,92,92,92,92,95,92,92,92,92,95
n01828970_ILSVRC2012_val_00040266.png,92,92,92,954,92,92,92,319,600,319,318,92,431,600,600,315,92,797,700,600,315,92,797,92,92,315,92,92,954,92,92,92,92,92,92,92,92,92,92,144,92
n01829413_ILSVRC2012_val_00002100.png,93,93,100,8,8,8,93,100,100,82,80,93,100,100,80,80,93,100,100,80,80,93,100,100,8,8,93,100,100,80,80,93,100,100,8,97,93,23,23,80,80
n01829413_ILSVRC2012_val_00005282.png,93,93,93,128,84,84,93,84,128,84,95,93,128,128,469,95,93,93,128,469,95,93,93,128,469,95,93,93,93,93,95,93,93,93,93,95,93,128,128,93,95
n01829413_ILSVRC2012_val_00023154.png,93,93,93,131,93,83,93,93,134,93,83,93,134,134,93,83,93,93,134,83,83,93,93,132,93,93,93,93,131,93,93,93,93,93,93,93,93,93,93,93,93
n01829413_ILSVRC2012_val_00026845.png,93,93,85,131,85,82,93,93,131,85,82,93,131,131,85,82,93,93,131,82,82,93,82,131,86,86,93,93,131,93,82,93,93,131,93,82,86,86,131,82,82
n01829413_ILSVRC2012_val_00027985.png,93,93,93,93,93,93,93,93,96,93,96,93,23,96,93,93,93,93,93,96,96,93,93,93,93,93,93,93,93,93,93,93,93,93,93,93,93,93,93,93,93
n01829413_ILSVRC2012_val_00033259.png,93,93,133,973,124,973,93,93,973,397,973,93,108,108,93,973,93,93,973,328,973,93,93,93,93,973,93,93,973,93,973,93,93,93,93,973,93,93,93,93,93
n01829413_ILSVRC2012_val_00036988.png,93,93,93,55,96,96,93,93,88,96,96,93,96,516,93,96,93,96,520,96,96,93,93,96,93,96,93,93,93,93,93,93,93,93,93,93,93,93,93,93,93
n01829413_ILSVRC2012_val_00043635.png,93,93,18,18,93,18,93,93,18,93,18,93,18,18,93,18,93,93,18,191,18,93,93,18,93,18,93,93,93,93,93,93,93,93,93,18,93,93,93,93,18
n01829413_ILSVRC2012_val_00044209.png,93,93,146,145,97,96,93,146,145,96,96,93,146,145,96,96,93,146,145,96,96,93,93,145,96,96,93,93,145,96,96,93,146,145,96,96,93,93,145,93,96
n01829413_ILSVRC2012_val_00044301.png,93,93,93,96,93,93,93,96,93,93,377,93,96,96,93,377,93,96,96,377,377,93,93,93,93,377,93,93,93,93,377,93,93,93,93,377,93,93,93,377,377
n01833805_ILSVRC2012_val_00010570.png,94,94,94,94,94,438,94,94,898,94,898,94,131,898,94,94,94,94,94,438,647,94,94,94,94,94,94,94,94,94,438,94,94,94,94,94,94,94,94,94,94
n01833805_ILSVRC2012_val_00020443.png,94,94,94,611,94,94,94,94,611,94,94,94,552,611,94,94,94,94,611,12,10,94,94,611,94,94,94,94,611,94,94,94,552,611,94,94,94,94,611,94,94
n01833805_ILSVRC2012_val_00030278.png,94,94,138,390,145,390,94,264,390,158,390,94,133,390,94,390,94,94,390,145,390,94,94,390,94,390,94,133,33,138,389,94,94,94,94,94,94,94,94,94,94
n01833805_ILSVRC2012_val_00038443.png,94,94,94,92,95,94,94,95,92,95,95,94,95,92,95,95,94,94,92,95,95,94,94,94,94,94,94,94,94,94,95,94,94,94,94,95,94,94,94,94,95
n01843065_ILSVRC2012_val_00019251.png,95,95,95,95,95,95,95,95,95,95,95,95,92,92,95,94,95,95,95,94,94,95,95,95,95,95,95,95,95,95,95,95,95,95,95,95,95,95,95,95,95
n01843065_ILSVRC2012_val_00026068.png,95,95,95,95,95,94,95,95,94,94,94,95,92,94,95,94,95,95,94,700,94,95,95,95,95,95,95,95,95,95,95,95,95,95,95,95,95,95,95,95,95
n01843065_ILSVRC2012_val_00026502.png,95,95,92,92,84,92,95,95,92,95,92,95,92,92,95,92,95,92,92,700,92,95,92,92,95,92,95,92,92,95,92,95,95,95,95,92,95,95,95,95,92
n01843065_ILSVRC2012_val_00033977.png,95,95,95,61,816,94,95,377,61,816,94,95,63,61,95,94,95,95,61,700,94,95,95,61,95,94,95,95,95,95,94,95,95,95,95,95,95,95,95,95,95
n01843065_ILSVRC2012_val_00038418.png,95,95,95,92,95,95,95,95,95,94,95,95,92,92,95,92,95,95,92,112,92,95,92,92,95,92,95,95,95,95,95,95,95,95,95,95,95,95,95,95,95
n01843065_ILSVRC2012_val_00039257.png,95,95,95,92,94,94,95,95,95,94,94,95,92,92,94,94,95,92,92,94,94,95,95,92,95,94,95,95,92,95,94,95,95,95,94,94,95,92,92,94,94
n01843065_ILSVRC2012_val_00039261.png,95,95,95,95,95,95,95,95,95,95,92,95,92,92,92,92,95,95,92,92,92,95,95,95,95,95,95,95,95,95,95,95,95,95,95,95,95,95,95,95,92
n01843065_ILSVRC2012_val_00039463.png,95,95,19,19,816,94,95,19,19,816,94,95,19,19,806,94,95,19,19,806,94,95,95,19,95,94,95,95,95,95,94,95,95,95,95,94,95,95,95,95,94
n01843065_ILSVRC2012_val_00044268.png,95,95,95,92,94,94,95,95,90,94,94,95,92,92,94,94,95,92,92,94,94,95,92,92,94,94,95,92,92,95,94,95,92,92,95,95,95,92,92,95,95
n01843065_ILSVRC2012_val_00044330.png,95,95,95,94,95,92,95,95,94,95,92,95,94,94,92,92,95,94,94,92,92,95,95,95,95,92,95,95,95,95,95,95,95,94,95,95,95,95,95,95,95
n01843383_ILSVRC2012_val_00006460.png,96,96,96,93,96,93,96,93,93,93,93,96,93,93,93,93,96,93,93,93,93,96,96,93,96,93,96,96,93,96,93,96,96,96,96,96,96,96,96,96,93
n01843383_ILSVRC2012_val_00024063.png,96,96,90,90,90,90,96,96,108,96,96,96,230,108,986,231,96,96,108,186,186,96,96,96,96,96,96,96,96,96,96,96,96,96,96,96,96,96,947,96,96
n01843383_ILSVRC2012_val_00024525.png,96,96,93,93,93,93,96,93,93,93,93,96,93,93,93,93,96,96,93,93,93,96,93,93,96,93,96,96,96,96,96,96,96,96,96,93,96,96,96,96,96
n01843383_ILSVRC2012_val_00025371.png,96,96,90,15,90,91,96,15,15,15,91,96,315,15,96,91,96,90,15,324,91,96,96,15,96,91,96,96,96,96,91,96,91,15,96,91,96,96,15,15,91
n01843383_ILSVRC2012_val_00025785.png,96,96,944,955,944,944,96,96,955,944,944,96,467,955,944,944,96,96,955,944,944,96,96,955,96,944,96,96,96,96,944,96,96,96,96,944,96,96,96,96,944
n01843383_ILSVRC2012_val_00029948.png,96,96,96,93,96,88,96,96,93,96,88,96,93,93,96,88,96,96,96,88,88,96,96,96,96,96,96,96,93,96,96,96,96,96,96,96,96,96,96,96,96
n01843383_ILSVRC2012_val_00048203.png,96,96,96,1,96,96,96,96,393,816,145,96,393,393,393,145,96,96,393,278,145,96,96,96,96,96,96,96,96,96,145,96,96,145,145,145,96,96,96,96,145
n01847000_ILSVRC2012_val_00003957.png,97,97,97,99,97,99,97,97,99,97,99,97,99,99,97,99,97,97,99,937,99,97,97,99,97,99,97,97,99,97,99,97,97,97,97,99,97,97,99,97,99
n01847000_ILSVRC2012_val_00016631.png,97,97,100,128,97,128,97,97,127,97,128,97,9,127,97,128,97,128,127,815,128,97,97,127,97,128,97,97,97,97,98,97,97,97,97,98,97,97,97,97,128
n01847000_ILSVRC2012_val_00036972.png,97,97,97,97,97,816,97,97,99,684,641,97,99,99,97,97,97,97,99,805,641,97,97,97,97,97,97,97,97,97,97,97,97,97,97,97,97,97,97,97,97
n01847000_ILSVRC2012_val_00041838.png,97,97,97,96,97,97,97,97,97,97,97,97,971,93,97,97,97,97,97,99,99,97,97,97,97,97,97,97,97,97,97,97,97,97,97,97,97,97,97,97,99
n01847000_ILSVRC2012_val_00043195.png,97,97,99,99,99,99,97,99,97,99,99,97,146,146,99,99,97,97,97,99,99,97,97,97,99,99,97,97,97,99,99,97,97,97,97,99,97,97,97,99,99
n01847000_ILSVRC2012_val_00045837.png,97,97,97,98,97,98,97,97,97,97,98,97,701,98,97,98,97,97,98,816,98,97,97,97,97,97,97,97,97,97,98,97,97,97,97,98,97,97,97,97,97
n01855032_ILSVRC2012_val_00021341.png,98,98,98,98,170,202,98,98,141,170,202,98,141,141,170,202,98,98,141,170,202,98,98,98,98,202,98,98,98,98,155,98,98,98,98,202,98,98,98,98,98
n01855032_ILSVRC2012_val_00024726.png,98,98,98,98,98,97,98,97,97,97,97,98,97,97,97,97,98,98,97,97,97,98,98,97,98,98,98,98,98,98,98,98,98,98,98,98,98,98,98,98,98
n01855032_ILSVRC2012_val_00026967.png,98,98,98,141,98,142,98,98,141,98,142,98,142,141,98,142,98,142,141,142,142,98,98,98,98,142,98,98,98,98,142,98,98,98,98,98,98,98,98,98,98
n01855032_ILSVRC2012_val_00030400.png,98,98,98,97,98,97,98,98,97,98,97,98,97,97,98,97,98,98,97,137,97,98,98,98,98,98,98,98,98,98,98,98,98,98,98,98,98,98,98,98,98
n01855032_ILSVRC2012_val_00036704.png,98,98,98,97,98,98,98,98,98,98,98,98,97,97,98,98,98,98,97,434,137,98,98,98,98,98,98,98,98,98,98,98,98,98,98,98,98,98,98,98,98
n01855672_ILSVRC2012_val_00012089.png,99,99,99,84,99,99,99,99,99,99,99,99,251,97,99,97,99,99,99,158,725,99,99,99,99,99,99,99,99,99,99,99,99,99,99,99,99,99,99,99,99
n01855672_ILSVRC2012_val_00032295.png,99,99,99,97,97,97,99,99,97,97,97,99,97,97,97,97,99,99,97,97,97,99,99,99,99,97,99,99,99,99,99,99,99,99,99,99,99,99,99,99,99
n01855672_ILSVRC2012_val_00036423.png,99,99,86,86,86,86,99,99,82,99,808,99,86,83,99,86,99,99,83,542,542,99,99,83,99,99,99,99,99,99,86,99,99,99,99,99,99,99,99,99,99
n01855672_ILSVRC2012_val_00045520.png,99,99,99,1,99,99,99,99,99,99,99,99,97,97,99,99,99,99,99,929,100,99,99,99,99,99,99,99,99,99,99,99,99,99,99,99,99,99,99,99,99
n01855672_ILSVRC2012_val_00045728.png,99,99,99,99,99,97,99,99,99,99,97,99,635,137,99,99,99,99,99,70,97,99,99,99,99,99,99,99,99,99,99,99,99,99,99,99,99,99,99,99,99
n01855672_ILSVRC2012_val_00047025.png,99,99,99,99,99,99,99,99,99,99,138,99,134,134,99,138,99,99,134,353,138,99,99,99,99,99,99,99,99,99,138,99,99,99,99,138,99,99,99,99,138
n01855672_ILSVRC2012_val_00047073.png,99,99,99,100,99,100,99,99,100,99,100,99,128,100,99,100,99,99,100,128,100,99,99,100,134,99,99,99,99,99,100,99,99,99,99,100,99,99,99,99,100
n01860187_ILSVRC2012_val_00006049.png,100,100,100,144,100,100,100,100,100,100,337,100,144,144,100,337,100,100,144,133,337,100,100,144,100,337,100,100,144,100,103,100,100,100,100,100,100,100,100,100,100
n01860187_ILSVRC2012_val_00017207.png,100,100,128,136,128,136,100,136,136,91,136,100,91,136,136,136,100,100,100,91,136,100,91,136,136,136,100,100,136,136,136,100,100,136,136,136,100,100,136,100,136
n01860187_ILSVRC2012_val_00017931.png,100,100,100,100,100,136,100,100,414,100,136,100,39,414,100,136,100,100,414,95,136,100,100,414,100,136,100,100,100,100,100,100,100,100,100,100,100,100,100,100,136
n01860187_ILSVRC2012_val_00027816.png,100,100,100,100,98,100,100,98,98,360,137,100,98,98,98,137,100,100,98,98,137,100,100,98,98,137,100,100,98,100,137,100,100,100,98,137,100,100,98,100,137
n01860187_ILSVRC2012_val_00033045.png,100,100,100,99,100,99,100,100,99,100,99,100,99,99,100,99,100,100,99,700,99,100,100,99,100,99,100,100,99,700,99,100,100,99,100,99,100,100,100,100,99
n01860187_ILSVRC2012_val_00044933.png,100,100,100,100,100,100,100,100,100,100,100,100,97,99,100,99,100,100,100,928,99,100,100,100,100,99,100,100,100,100,100,100,100,100,100,100,100,100,100,100,100
n01871265_ILSVRC2012_val_00000067.png,101,101,101,386,101,386,101,101,386,101,386,101,354,386,386,386,101,386,386,386,386,101,101,386,386,386,101,385,386,386,386,101,101,101,101,101,101,101,386,101,386
n01871265_ILSVRC2012_val_00008041.png,101,101,386,385,101,385,101,354,385,385,385,101,354,385,385,385,101,354,385,385,385,101,354,385,385,385,101,385,385,385,385,101,101,385,385,385,101,385,101,385,385
n01871265_ILSVRC2012_val_00015986.png,101,101,386,39,386,386,101,101,39,386,386,101,383,39,101,386,101,386,39,354,386,101,386,39,386,386,101,101,39,386,386,101,101,39,386,386,101,101,48,101,386
n01871265_ILSVRC2012_val_00017361.png,101,385,386,385,386,386,101,386,385,386,386,101,386,385,386,386,101,386,385,386,386,101,386,385,386,386,101,386,385,386,386,101,386,101,386,386,101,386,385,386,386
n01871265_ILSVRC2012_val_00033331.png,101,101,386,386,386,385,101,386,386,386,101,101,386,386,386,385,101,386,386,182,385,101,386,386,386,385,101,386,386,385,385,101,386,386,101,385,101,101,386,101,101
n01871265_ILSVRC2012_val_00049994.png,101,101,346,386,386,386,101,346,386,386,386,101,346,805,386,386,101,346,386,386,386,101,346,386,386,51,101,346,386,386,386,101,346,386,386,386,101,346,386,346,386
n01872401_ILSVRC2012_val_00003827.png,102,102,102,102,102,102,102,102,102,102,363,102,135,135,102,363,102,102,102,140,363,102,102,102,102,363,102,102,102,102,102,102,102,102,102,102,102,102,102,102,102
n01872401_ILSVRC2012_val_00005805.png,102,102,815,815,102,336,102,102,815,102,336,102,50,815,102,336,102,336,815,336,336,102,102,815,102,336,102,102,815,335,336,102,81,815,336,336,102,81,815,272,336
n01872401_ILSVRC2012_val_00011128.png,102,102,102,102,102,102,102,102,102,102,328,102,334,334,102,328,102,102,102,66,319,102,102,102,102,102,102,102,102,102,102,102,102,102,102,102,102,102,102,102,102
n01872401_ILSVRC2012_val_00015560.png,102,102,265,212,265,294,102,265,212,265,294,102,266,212,265,294,102,265,212,265,294,102,265,212,265,294,102,265,212,265,294,102,265,212,265,294,102,265,265,265,294
n01872401_ILSVRC2012_val_00024080.png,102,102,102,334,328,328,102,102,334,102,328,102,749,334,102,328,102,102,334,251,328,102,102,334,328,328,102,102,102,102,102,102,102,102,102,328,102,102,102,102,102
n01872401_ILSVRC2012_val_00025898.png,102,102,102,334,102,334,102,334,334,334,334,102,334,334,334,334,102,334,334,334,334,102,102,334,334,334,102,102,334,334,334,102,102,334,334,334,102,102,334,102,334
n01872401_ILSVRC2012_val_00031907.png,102,102,102,102,102,334,102,102,334,102,334,102,334,334,334,334,102,334,334,334,334,102,334,334,334,334,102,102,102,102,334,102,102,102,102,334,102,102,334,102,334
n01872401_ILSVRC2012_val_00033380.png,102,102,102,102,102,102,102,102,334,102,328,102,334,334,102,328,102,102,334,310,328,102,102,102,102,328,102,102,102,102,102,102,102,102,102,102,102,102,102,102,102
n01872401_ILSVRC2012_val_00034476.png,102,102,102,102,102,102,102,102,102,102,334,102,85,85,102,334,102,102,102,679,334,102,102,102,102,102,102,102,102,102,102,102,102,102,102,102,102,102,102,102,102
n01872401_ILSVRC2012_val_00038572.png,102,102,102,334,334,334,102,334,334,334,334,102,334,334,334,334,102,334,334,334,334,102,102,334,102,102,102,102,334,102,334,102,102,334,334,334,102,102,334,102,334
n01872401_ILSVRC2012_val_00047437.png,102,102,102,102,102,334,102,102,102,102,334,102,84,334,102,334,102,102,334,84,334,102,102,102,102,334,102,102,102,102,102,102,102,102,102,102,102,102,102,102,102
n01873310_ILSVRC2012_val_00011213.png,103,103,103,395,103,103,103,103,395,103,394,103,395,395,394,394,103,394,395,394,394,103,394,394,394,394,103,103,395,394,394,103,394,395,394,394,103,395,395,103,394
n01873310_ILSVRC2012_val_00016096.png,103,103,103,395,395,395,103,103,395,395,395,103,360,395,395,395,103,360,395,395,395,103,103,395,395,395,103,103,395,395,395,103,103,395,395,395,103,103,395,395,395
n01877812_ILSVRC2012_val_00002971.png,104,104,333,356,330,330,104,333,356,330,330,104,333,356,330,330,104,333,356,330,330,104,333,356,330,330,104,331,356,335,330,104,104,104,330,330,104,331,356,330,330
n01877812_ILSVRC2012_val_00005249.png,104,104,298,299,299,299,104,299,299,298,299,104,299,299,299,299,104,299,299,299,299,104,104,104,104,299,104,104,299,104,299,104,104,104,299,299,104,104,298,104,299
n01877812_ILSVRC2012_val_00012381.png,104,104,104,611,104,6,104,104,611,104,433,104,611,611,104,104,104,104,611,646,433,104,104,611,104,801,104,104,611,104,6,104,104,611,104,104,104,104,611,104,104
n01877812_ILSVRC2012_val_00046362.png,104,104,104,245,227,287,104,104,287,331,289,104,245,195,245,282,104,245,245,195,289,104,245,195,245,289,104,104,104,104,287,104,104,104,104,287,104,104,104,104,287
n01882714_ILSVRC2012_val_00000970.png,105,105,105,384,105,384,105,376,384,105,384,105,376,384,384,384,105,376,384,384,384,105,376,384,105,384,384,376,384,384,384,105,373,384,105,384,105,105,384,105,384
n01882714_ILSVRC2012_val_00003254.png,105,105,106,106,106,106,105,106,106,106,106,105,106,106,106,106,105,106,106,106,106,105,105,106,106,106,105,106,106,106,106,105,106,106,106,106,105,105,106,106,106
n01882714_ILSVRC2012_val_00006455.png,105,105,105,104,337,338,105,348,104,284,264,105,350,104,284,287,105,105,104,778,264,105,105,104,284,264,105,105,104,284,284,105,105,105,283,283,105,105,105,287,283
n01882714_ILSVRC2012_val_00016764.png,105,105,105,105,342,104,105,105,104,105,104,105,104,104,105,104,105,105,104,49,104,105,105,105,105,104,105,105,105,105,105,105,105,105,105,105,105,105,105,105,105
n01882714_ILSVRC2012_val_00019996.png,105,105,105,973,643,344,105,105,109,105,342,105,193,109,850,342,105,105,109,186,341,105,105,109,105,105,105,105,105,105,105,105,105,105,105,105,105,105,105,105,105
n01882714_ILSVRC2012_val_00032146.png,105,105,105,360,364,356,105,104,356,285,359,105,104,357,356,359,105,105,360,359,359,105,105,356,105,356,105,105,360,105,359,105,105,336,105,335,105,105,106,105,359
n01882714_ILSVRC2012_val_00034332.png,105,105,105,106,105,106,105,105,106,106,106,105,611,106,955,106,105,105,106,455,106,105,105,106,105,106,105,105,106,105,106,105,105,106,105,106,105,105,105,105,106
n01882714_ILSVRC2012_val_00039152.png,105,105,105,106,365,105,105,105,106,372,105,105,106,106,372,104,105,105,106,372,104,105,105,105,105,105,105,105,106,105,105,105,105,105,105,105,105,105,105,105,105
n01882714_ILSVRC2012_val_00044287.png,105,105,105,106,342,360,105,106,106,342,106,105,275,106,105,106,105,105,106,342,106,105,105,105,105,106,105,105,105,105,106,105,105,105,105,105,105,105,105,105,105
n01882714_ILSVRC2012_val_00045070.png,105,105,105,384,105,371,105,105,384,272,371,105,381,384,278,371,105,381,384,278,371,105,105,384,105,371,105,105,384,105,370,105,105,384,105,371,105,105,384,105,375
n01883070_ILSVRC2012_val_00004530.png,106,106,334,334,342,342,106,334,334,342,342,106,334,334,342,342,106,334,334,341,341,106,334,334,342,342,106,334,334,342,342,106,106,106,106,342,106,106,334,342,342
n01883070_ILSVRC2012_val_00032044.png,106,106,337,337,106,337,106,337,337,106,337,106,337,337,337,337,106,337,337,902,337,106,106,337,106,337,106,106,337,106,337,106,106,106,106,337,106,106,106,106,337
n01883070_ILSVRC2012_val_00042485.png,106,106,334,337,364,334,106,337,337,364,334,106,337,337,364,334,106,337,337,364,334,106,337,337,334,334,106,337,337,106,334,106,337,337,106,334,106,106,337,106,334
n01910747_ILSVRC2012_val_00007157.png,107,107,107,71,107,644,107,107,107,107,644,107,126,124,107,644,107,107,107,644,644,107,107,107,107,107,107,107,107,107,107,107,107,107,107,644,107,107,107,107,107
n01910747_ILSVRC2012_val_00007434.png,107,107,107,109,107,107,107,107,109,107,879,107,980,109,107,879,107,107,109,990,879,107,107,107,107,879,107,107,109,107,107,107,107,109,107,107,107,107,109,107,701
n01910747_ILSVRC2012_val_00015443.png,107,107,107,611,107,701,107,107,611,107,701,107,835,611,107,701,107,107,611,699,701,107,107,611,107,701,107,107,611,107,107,107,107,611,107,701,107,107,611,107,701
n01910747_ILSVRC2012_val_00035728.png,107,107,607,543,607,850,107,850,543,641,641,107,644,543,641,641,107,641,543,641,641,107,644,543,641,641,107,644,543,850,850,107,254,543,641,850,107,644,543,107,641
n01910747_ILSVRC2012_val_00042004.png,107,107,107,816,107,850,107,107,641,107,419,107,641,641,107,419,107,107,107,837,419,107,107,107,107,419,107,107,107,107,107,107,107,107,107,529,107,107,107,107,529
n01910747_ILSVRC2012_val_00044127.png,107,107,107,126,107,78,107,126,107,107,78,107,126,126,126,78,107,126,126,126,78,107,107,107,107,78,107,107,107,107,78,107,107,126,107,78,107,107,107,107,78
n01914609_ILSVRC2012_val_00011643.png,108,108,108,328,108,328,108,108,108,108,108,108,327,328,108,328,108,108,328,328,328,108,108,108,108,328,108,108,108,108,108,108,108,108,108,328,108,108,108,108,108
n01914609_ILSVRC2012_val_00014869.png,108,108,973,109,109,109,108,109,109,109,109,108,973,109,109,109,108,108,109,109,109,108,108,108,108,109,108,108,109,108,108,108,108,108,108,108,108,108,109,108,109
n01914609_ILSVRC2012_val_00041889.png,108,108,108,328,108,328,108,328,328,328,328,108,328,328,328,328,108,328,328,328,328,108,108,328,328,328,108,328,328,328,328,108,108,108,328,328,108,328,328,328,328
n01917289_ILSVRC2012_val_00000371.png,109,109,109,109,109,109,109,109,109,109,109,109,108,108,109,109,109,109,109,411,411,109,109,109,109,109,109,109,109,109,109,109,109,109,109,109,109,109,109,109,109
n01917289_ILSVRC2012_val_00007309.png,109,109,109,955,109,109,109,109,955,109,955,109,828,828,109,55,109,109,107,434,452,109,109,109,109,452,109,109,109,109,109,109,109,955,109,955,109,109,109,109,109
n01917289_ILSVRC2012_val_00026983.png,109,109,109,108,109,109,109,109,109,109,109,109,393,393,109,393,109,109,393,361,393,109,109,108,109,108,109,109,109,109,109,109,109,109,109,108,109,109,109,109,109
n01917289_ILSVRC2012_val_00035853.png,109,109,109,109,109,396,109,109,109,109,396,109,973,396,824,396,109,109,396,824,396,109,109,973,109,973,109,109,82,911,82,109,109,109,109,396,109,109,973,973,973
n01917289_ILSVRC2012_val_00037660.png,109,109,109,109,109,109,109,109,973,109,109,109,973,973,109,973,109,109,973,973,973,109,109,109,109,109,109,109,109,109,973,109,109,109,109,109,109,109,109,109,109
n01917289_ILSVRC2012_val_00045202.png,109,109,109,109,109,109,109,109,109,109,109,109,6,608,109,109,109,109,608,136,975,109,109,109,109,109,109,109,109,109,109,109,109,109,109,109,109,109,109,109,109
n01917289_ILSVRC2012_val_00047014.png,109,109,109,911,109,109,109,109,824,109,109,109,816,911,109,109,109,109,911,397,397,109,109,109,109,109,109,109,109,109,109,109,109,911,109,109,109,109,109,109,109
n01924916_ILSVRC2012_val_00003054.png,110,110,110,110,110,110,110,110,110,110,110,110,115,115,115,115,110,115,115,115,115,110,110,115,115,115,110,110,110,110,110,110,110,110,110,110,110,110,110,110,110
n01924916_ILSVRC2012_val_00012564.png,110,110,110,116,110,110,110,110,116,108,329,110,955,116,110,329,110,110,110,329,329,110,110,110,110,329,110,110,110,110,110,110,110,110,110,329,110,110,110,110,110
n01924916_ILSVRC2012_val_00014882.png,110,110,110,329,110,110,110,455,329,455,455,110,455,329,110,455,110,455,329,455,455,110,110,110,110,110,110,110,329,110,110,110,110,110,110,110,110,110,329,110,110
n01924916_ILSVRC2012_val_00016705.png,110,110,110,110,110,110,110,110,110,110,110,110,115,115,110,110,110,110,110,115,115,110,110,110,115,115,110,110,110,110,110,110,110,110,110,110,110,110,110,110,110
n01924916_ILSVRC2012_val_00018111.png,110,110,110,115,115,115,110,110,115,115,115,110,987,115,115,115,110,115,115,115,115,110,110,110,110,110,110,110,110,110,110,110,110,110,110,110,110,110,110,110,110
n01924916_ILSVRC2012_val_00019425.png,110,110,110,110,110,110,110,110,110,110,552,110,328,115,110,552,110,110,110,115,552,110,110,110,110,110,110,110,110,110,552,110,110,110,110,110,110,110,110,110,110
n01924916_ILSVRC2012_val_00024457.png,110,110,115,115,110,115,110,393,115,115,115,110,988,115,110,115,110,110,115,115,115,110,110,115,115,115,110,110,110,110,110,110,110,115,115,110,110,110,115,110,110
n01924916_ILSVRC2012_val_00027357.png,110,110,396,396,396,329,110,115,115,396,329,110,115,115,396,329,110,115,115,396,329,110,110,110,110,110,110,110,115,110,329,110,110,110,110,329,110,110,110,110,329
n01924916_ILSVRC2012_val_00037106.png,110,110,110,110,110,110,110,110,110,110,110,110,392,115,110,110,110,110,110,115,115,110,110,110,110,110,110,110,110,110,110,110,110,110,110,110,110,110,110,110,110
n01924916_ILSVRC2012_val_00040505.png,110,110,110,115,110,110,110,115,115,115,115,110,115,115,110,110,110,115,115,115,115,110,110,110,110,110,110,110,110,110,115,110,110,110,110,110,110,110,110,110,110
n01930112_ILSVRC2012_val_00002428.png,111,111,332,721,107,153,111,87,777,107,777,111,587,700,107,593,111,587,700,107,593,111,750,750,107,492,111,587,499,107,593,111,587,700,107,750,111,587,700,107,593
n01930112_ILSVRC2012_val_00003467.png,111,111,744,2,103,6,111,737,148,103,97,111,737,148,103,148,111,737,148,103,148,111,737,147,103,148,111,737,2,103,2,111,737,2,103,6,111,737,147,103,103
n01930112_ILSVRC2012_val_00004923.png,111,111,111,567,395,111,111,777,618,395,111,111,567,567,111,111,111,111,111,390,390,111,111,777,390,390,111,777,111,111,111,111,111,111,111,111,111,111,111,111,111
n01930112_ILSVRC2012_val_00005429.png,111,111,777,777,884,390,111,884,777,884,837,111,777,777,884,884,111,777,777,506,837,111,777,777,506,837,111,777,777,777,861,111,777,777,884,556,111,777,777,111,556
n01930112_ILSVRC2012_val_00007860.png,111,111,111,688,111,319,111,111,688,107,319,111,320,688,111,319,111,320,688,319,319,111,111,688,319,319,111,111,688,319,319,111,111,688,111,319,111,111,688,111,319
n01930112_ILSVRC2012_val_00010172.png,111,111,111,111,673,84,111,111,769,920,839,111,769,769,920,594,111,111,769,920,594,111,111,769,920,835,111,111,769,920,594,111,111,111,111,111,111,111,769,111,594
n01930112_ILSVRC2012_val_00017022.png,111,111,361,797,390,466,111,785,797,818,466,111,587,797,543,466,111,877,797,543,466,111,587,750,845,466,111,939,797,939,466,111,753,797,845,466,111,421,797,907,466
n01930112_ILSVRC2012_val_00022218.png,111,111,792,587,523,469,111,677,587,677,677,111,587,587,111,451,111,596,677,451,451,111,587,596,677,558,111,677,596,677,451,111,111,677,677,451,111,111,677,111,451
n01930112_ILSVRC2012_val_00022395.png,111,111,777,777,777,777,111,777,777,777,777,111,777,777,777,777,111,777,777,777,777,111,777,777,777,777,111,777,777,777,777,111,777,777,777,777,111,777,777,777,777
n01930112_ILSVRC2012_val_00027167.png,111,111,777,777,777,777,111,777,777,777,777,111,777,777,777,777,111,777,777,777,777,111,777,777,777,777,111,777,777,777,777,111,777,777,777,777,111,777,777,777,777
n01930112_ILSVRC2012_val_00028924.png,111,111,390,530,530,530,111,440,737,530,530,111,440,530,530,530,111,440,530,530,530,111,440,530,530,530,111,907,530,530,530,111,440,530,530,530,111,737,530,530,530
n01930112_ILSVRC2012_val_00031105.png,111,111,777,777,390,749,111,618,777,391,785,111,473,473,518,906,111,785,785,518,785,111,777,777,518,395,111,623,623,777,797,111,777,777,518,785,111,111,777,518,785
n01930112_ILSVRC2012_val_00033050.png,111,111,884,884,884,821,111,884,884,884,884,111,61,884,835,821,111,60,884,556,821,111,111,884,556,821,111,111,884,884,821,111,111,884,884,884,111,111,884,111,821
n01930112_ILSVRC2012_val_00036635.png,111,111,688,688,688,688,111,688,688,688,688,111,688,688,688,688,111,688,688,688,688,111,688,688,688,688,111,688,688,688,688,111,688,688,688,688,111,688,688,688,688
n01943899_ILSVRC2012_val_00023560.png,112,112,112,329,112,125,112,112,329,125,125,112,115,115,125,125,112,112,115,125,125,112,112,112,112,125,112,112,112,112,125,112,112,115,112,125,112,112,112,112,125
n01943899_ILSVRC2012_val_00034731.png,112,112,112,658,125,125,112,112,363,125,125,112,113,45,125,125,112,112,658,125,125,112,112,850,125,125,112,112,112,112,125,112,112,112,112,125,112,112,112,125,125
n01943899_ILSVRC2012_val_00036272.png,112,112,87,452,125,125,112,452,452,125,125,112,87,452,125,125,112,87,452,125,125,112,87,452,125,125,112,87,459,125,125,112,87,452,363,363,112,363,452,125,125
n01943899_ILSVRC2012_val_00039012.png,112,112,850,529,448,51,112,529,529,465,465,112,529,529,112,465,112,529,529,465,465,112,529,529,465,465,112,529,529,465,529,112,112,529,112,465,112,529,529,524,465
n01943899_ILSVRC2012_val_00040963.png,112,112,109,109,452,109,112,107,107,452,988,112,108,107,988,988,112,108,107,988,988,112,108,108,988,988,112,108,108,988,988,112,109,107,988,988,112,108,108,988,988
n01944390_ILSVRC2012_val_00013503.png,113,113,113,947,113,947,113,113,113,113,947,113,947,992,113,947,113,113,947,998,997,113,113,947,113,947,113,113,947,113,947,113,113,947,113,947,113,113,113,113,113
n01944390_ILSVRC2012_val_00023958.png,113,113,113,117,33,126,113,113,113,113,126,113,51,121,113,126,113,113,113,33,126,113,113,113,113,113,113,113,113,113,126,113,113,113,113,113,113,113,113,113,113
n01944390_ILSVRC2012_val_00025840.png,113,113,113,116,113,113,113,327,314,125,125,113,327,37,117,988,113,327,37,125,988,113,327,37,327,327,113,113,37,113,113,113,113,113,113,113,113,113,113,113,113
n01944390_ILSVRC2012_val_00036200.png,113,113,305,305,316,305,113,305,314,314,305,113,306,305,837,305,113,306,305,122,305,113,306,305,641,305,113,306,305,113,305,113,113,305,113,305,113,113,305,113,305
n01944390_ILSVRC2012_val_00038059.png,113,113,113,113,113,988,113,113,113,113,988,113,312,312,113,988,113,113,113,313,988,113,113,113,113,988,113,113,113,113,988,113,113,113,113,988,113,113,113,113,113
n01944390_ILSVRC2012_val_00040123.png,113,113,61,114,356,37,113,61,32,356,37,113,61,114,356,37,113,61,114,356,36,113,38,114,362,35,113,37,32,356,36,113,61,113,356,37,113,32,114,362,37
n01944390_ILSVRC2012_val_00046248.png,113,113,113,114,114,114,113,113,113,113,114,113,114,114,114,114,113,114,114,114,114,113,113,113,113,113,113,113,113,113,113,113,113,113,114,113,113,113,113,113,113
n01945685_ILSVRC2012_val_00001727.png,114,114,114,55,114,318,114,114,63,307,302,114,113,63,114,302,114,114,63,302,302,114,114,114,114,114,114,114,58,114,314,114,114,114,114,302,114,114,114,114,114
n01945685_ILSVRC2012_val_00004691.png,114,114,113,113,113,113,114,113,113,113,113,114,113,113,113,113,114,113,113,113,113,114,114,113,114,113,114,114,113,114,113,114,114,114,114,113,114,114,113,114,113
n01945685_ILSVRC2012_val_00024260.png,114,114,114,114,114,114,114,114,114,114,111,114,932,932,114,111,114,932,932,932,111,114,114,932,932,111,114,932,932,932,111,114,932,114,932,111,114,932,114,932,111
n01945685_ILSVRC2012_val_00029475.png,114,792,792,587,462,313,114,587,587,313,313,114,767,767,542,313,114,114,587,313,313,114,587,587,313,313,114,114,114,313,313,114,114,623,313,313,114,114,114,114,313
n01945685_ILSVRC2012_val_00031728.png,114,114,114,327,114,30,114,113,327,30,30,114,113,327,114,30,114,113,113,30,30,114,114,114,114,30,114,114,114,114,30,114,114,114,114,114,114,114,114,114,30
n01950731_ILSVRC2012_val_00004078.png,115,115,115,115,115,115,115,112,329,115,110,115,112,110,110,110,115,115,110,110,110,115,115,110,115,110,115,115,115,110,110,115,115,110,110,110,115,115,110,110,110
n01950731_ILSVRC2012_val_00012985.png,115,115,115,107,115,115,115,115,107,115,109,115,109,107,115,109,115,109,107,815,109,115,115,115,115,109,115,107,107,107,109,115,115,115,115,109,115,115,115,115,109
n01950731_ILSVRC2012_val_00017718.png,115,115,1,107,51,850,115,973,107,641,973,115,552,107,107,641,115,552,107,577,641,115,643,107,973,552,115,552,340,577,552,115,107,107,577,850,115,552,107,577,577
n01950731_ILSVRC2012_val_00018470.png,115,108,108,108,108,108,115,329,107,108,108,115,121,107,108,108,115,107,107,108,108,115,329,107,108,108,115,115,107,108,108,115,115,108,108,108,115,115,108,108,108
n01950731_ILSVRC2012_val_00022321.png,115,115,115,721,191,201,115,115,529,191,700,115,455,529,191,721,115,115,529,191,700,115,115,529,721,721,115,115,529,850,109,115,115,750,850,700,115,115,529,850,700
n01950731_ILSVRC2012_val_00029013.png,115,115,327,107,327,112,115,327,107,329,112,115,6,107,109,112,115,344,107,433,112,115,1,107,344,112,115,973,107,344,112,115,112,107,327,112,115,115,107,29,112
n01950731_ILSVRC2012_val_00029162.png,115,115,115,125,125,125,115,116,125,125,125,115,116,110,125,125,115,116,110,125,125,115,115,110,125,125,115,115,115,125,125,115,115,110,125,125,115,125,110,125,125
n01950731_ILSVRC2012_val_00029798.png,115,115,115,115,115,110,115,115,115,115,115,115,110,110,110,110,115,115,110,110,110,115,115,110,115,110,115,115,110,115,115,115,115,115,115,110,115,115,115,115,115
n01950731_ILSVRC2012_val_00030437.png,115,115,115,329,115,329,115,115,110,329,329,115,110,110,329,329,115,115,110,329,329,115,115,115,115,329,115,115,110,329,329,115,115,115,329,329,115,110,115,115,329
n01950731_ILSVRC2012_val_00034076.png,115,115,327,327,327,327,115,327,327,327,327,115,329,329,327,327,115,329,329,327,327,115,115,115,327,327,115,115,115,327,327,115,115,115,327,327,115,115,115,327,327
n01955084_ILSVRC2012_val_00000689.png,116,116,116,116,116,116,116,116,116,116,116,116,69,69,116,116,116,116,116,44,69,116,116,116,116,116,116,116,116,116,116,116,116,116,116,116,116,116,116,116,116
n01955084_ILSVRC2012_val_00001818.png,116,116,116,815,116,116,116,116,74,116,116,116,77,74,116,116,116,116,74,69,69,116,116,116,116,116,116,116,74,116,116,116,116,116,116,116,116,116,116,116,116
n01955084_ILSVRC2012_val_00001857.png,116,116,824,69,69,69,116,452,824,69,69,116,87,69,69,69,116,87,69,69,69,116,116,116,69,69,116,69,69,69,69,116,69,69,69,69,116,116,116,116,69
n01955084_ILSVRC2012_val_00011430.png,116,465,524,461,524,524,116,524,524,116,524,116,524,461,116,490,116,116,524,524,490,116,116,461,461,116,116,116,116,116,116,116,116,116,116,116,116,116,116,116,116
n01955084_ILSVRC2012_val_00015932.png,116,116,116,329,116,120,116,329,329,125,65,116,329,329,125,120,116,116,329,65,977,116,116,329,125,329,116,126,116,65,125,116,116,116,116,124,116,116,116,116,116
n01955084_ILSVRC2012_val_00016517.png,116,116,116,115,116,115,116,116,509,116,509,116,121,509,116,509,116,116,509,790,748,116,116,509,116,116,116,116,116,116,116,116,116,509,116,116,116,116,116,116,116
n01955084_ILSVRC2012_val_00017974.png,116,69,61,640,677,884,116,60,640,587,884,116,61,640,116,884,116,116,640,765,884,116,116,787,116,884,116,116,640,116,884,116,116,69,69,884,116,116,640,69,884
n01955084_ILSVRC2012_val_00020922.png,116,116,116,109,116,126,116,116,116,116,126,116,69,69,116,126,116,116,116,126,126,116,116,69,126,126,116,116,69,116,126,116,116,116,126,126,116,116,116,116,126
n01955084_ILSVRC2012_val_00043301.png,116,116,116,69,116,116,116,116,69,69,69,116,69,69,69,69,116,69,69,69,69,116,116,69,116,69,126,69,69,69,69,116,116,69,69,69,116,69,69,69,69
n01968897_ILSVRC2012_val_00031262.png,117,117,117,117,107,971,117,117,117,971,971,117,506,506,971,971,117,117,117,971,971,117,117,117,117,117,117,117,117,117,971,117,117,117,117,971,117,117,117,117,117
n01968897_ILSVRC2012_val_00040448.png,117,117,117,117,117,117,117,117,107,117,107,117,684,107,117,316,117,117,107,317,317,117,117,117,117,116,117,117,117,117,117,117,117,117,117,317,117,117,117,117,117
n01968897_ILSVRC2012_val_00041316.png,117,117,117,125,117,117,117,117,125,117,123,117,125,125,117,123,117,117,117,123,123,117,117,117,117,117,117,117,117,117,117,117,117,125,117,117,117,117,117,117,117
n01968897_ILSVRC2012_val_00041975.png,117,117,117,113,117,932,117,113,113,117,117,117,113,113,113,932,117,113,113,679,932,117,117,611,117,971,117,117,113,117,931,117,117,117,117,932,117,117,611,117,932
n01968897_ILSVRC2012_val_00045343.png,117,117,117,815,117,117,117,117,815,117,125,117,251,815,117,125,117,117,117,118,125,117,117,117,117,117,117,117,117,117,125,117,117,117,117,117,117,117,117,117,117
n01978287_ILSVRC2012_val_00003074.png,118,118,121,121,121,121,118,121,121,121,121,118,121,121,118,121,118,121,121,121,121,118,121,121,121,121,118,118,121,121,121,118,121,121,118,121,118,118,118,118,121
n01978287_ILSVRC2012_val_00003272.png,118,118,119,119,118,119,118,119,119,118,118,118,119,119,118,119,118,119,119,119,119,118,118,119,119,119,118,118,119,118,119,118,118,119,118,119,118,118,118,118,118
n01978287_ILSVRC2012_val_00015120.png,118,118,118,314,120,120,118,118,309,118,309,118,113,113,120,120,118,125,125,120,120,118,118,112,118,118,118,120,120,120,120,118,120,120,120,120,118,118,125,120,120
n01978287_ILSVRC2012_val_00018265.png,118,118,118,121,118,121,118,118,125,121,121,118,121,121,121,121,118,121,121,121,121,118,121,121,121,121,118,118,118,118,121,118,121,121,121,121,118,118,121,118,121
n01978287_ILSVRC2012_val_00018961.png,118,118,123,835,71,124,118,118,835,316,120,118,835,835,78,124,118,835,835,78,120,118,118,835,124,120,118,118,835,120,120,118,118,118,126,120,118,118,118,125,118
n01978287_ILSVRC2012_val_00020536.png,118,118,118,121,118,121,118,118,121,118,121,118,121,121,121,121,118,118,121,121,121,118,121,121,121,121,118,118,121,118,121,118,118,121,118,121,118,118,121,118,121
n01978287_ILSVRC2012_val_00026597.png,118,118,119,119,119,119,118,119,125,124,119,118,125,112,124,119,118,125,125,124,119,118,119,119,124,119,118,119,119,124,119,118,119,119,124,119,118,119,119,118,119
n01978287_ILSVRC2012_val_00035269.png,118,118,121,121,118,120,118,121,121,118,120,118,121,121,120,120,118,121,121,120,120,118,121,121,118,120,118,121,121,118,120,118,118,121,118,118,118,121,121,118,118
n01978287_ILSVRC2012_val_00048106.png,118,118,816,125,125,125,118,76,125,125,125,118,816,125,125,125,118,816,125,125,125,118,118,125,118,125,118,118,125,118,125,118,118,125,125,125,118,118,125,118,125
n01978455_ILSVRC2012_val_00007769.png,119,119,124,76,124,314,119,124,76,124,314,119,312,312,312,312,119,312,312,312,312,119,119,314,316,316,119,312,312,312,312,119,124,118,124,124,119,119,314,124,124
n01978455_ILSVRC2012_val_00048562.png,119,119,119,119,119,119,119,119,121,119,121,119,121,121,119,121,119,119,121,121,121,119,119,119,119,121,119,119,119,119,121,119,119,119,119,119,119,119,119,119,121
n01980166_ILSVRC2012_val_00013525.png,120,120,120,119,120,119,120,120,120,120,119,120,119,119,120,120,120,120,120,119,119,120,120,120,120,120,120,120,120,120,120,120,120,120,120,120,120,120,120,120,120
n01980166_ILSVRC2012_val_00047891.png,120,120,119,119,119,119,120,119,119,119,119,120,119,119,119,119,120,119,119,119,119,120,120,120,120,120,120,120,119,120,119,120,120,120,120,119,120,120,119,120,120
n01981276_ILSVRC2012_val_00002157.png,121,121,121,121,121,119,121,119,119,119,119,121,119,119,119,119,121,119,119,119,119,121,119,119,119,119,121,121,121,119,119,121,121,121,121,121,121,119,121,119,119
n01981276_ILSVRC2012_val_00011070.png,121,121,121,813,121,124,121,813,813,121,124,121,813,813,121,124,121,121,813,125,122,121,121,567,121,124,121,121,813,121,121,121,121,932,121,121,121,121,121,121,121
n01981276_ILSVRC2012_val_00012713.png,121,121,121,118,119,119,121,121,118,119,119,121,118,118,119,119,121,121,118,119,119,121,121,121,121,121,121,121,121,121,119,121,121,121,121,119,121,121,121,119,119
n01981276_ILSVRC2012_val_00018750.png,121,121,121,327,121,125,121,121,327,125,125,121,124,327,125,125,121,124,327,125,125,121,121,121,121,125,121,121,327,121,125,121,121,327,121,125,121,121,121,125,125
n01981276_ILSVRC2012_val_00035711.png,121,121,735,121,121,121,121,735,735,121,121,121,452,122,121,122,121,735,122,122,122,121,452,122,121,122,121,121,121,121,121,121,121,121,121,121,121,121,121,121,121
n01983481_ILSVRC2012_val_00006179.png,122,122,122,949,122,949,122,950,950,599,949,122,942,950,950,949,122,942,949,599,949,122,122,124,122,949,122,942,124,124,949,122,122,124,124,949,122,122,122,122,122
n01983481_ILSVRC2012_val_00006727.png,122,122,124,124,124,124,122,124,124,124,124,122,124,124,124,124,122,124,124,124,124,122,122,124,124,124,122,124,124,124,124,122,122,124,124,124,122,122,124,124,124
n01983481_ILSVRC2012_val_00013789.png,122,122,123,123,122,123,122,475,123,428,123,122,475,123,450,123,122,475,123,802,123,122,837,123,122,123,122,29,973,123,123,122,475,123,450,124,122,122,123,122,122
n01983481_ILSVRC2012_val_00032029.png,122,122,124,124,124,314,122,124,124,124,314,122,124,124,957,76,122,124,124,957,314,122,124,124,949,314,122,124,124,124,314,122,124,124,124,314,122,122,124,122,314
n01983481_ILSVRC2012_val_00033104.png,122,122,124,124,123,123,122,124,124,123,123,122,395,124,124,123,122,124,124,123,123,122,122,124,122,122,122,122,124,124,124,122,122,124,122,123,122,122,122,122,122
n01983481_ILSVRC2012_val_00039303.png,122,122,122,312,124,124,122,124,124,122,124,122,316,312,124,124,122,316,312,124,124,122,122,124,122,124,122,122,311,122,124,122,122,124,122,124,122,122,312,122,124
n01983481_ILSVRC2012_val_00047059.png,122,122,122,122,122,122,122,124,124,124,124,122,124,124,124,124,122,124,124,124,124,122,122,124,122,124,122,122,124,124,124,122,122,124,124,124,122,122,122,122,124
n01984695_ILSVRC2012_val_00002743.png,123,123,123,123,123,54,123,123,123,123,67,123,120,124,123,67,123,123,124,36,68,123,123,124,123,123,123,123,123,123,68,123,123,123,123,68,123,123,123,123,68
n01984695_ILSVRC2012_val_00004362.png,123,123,123,123,123,123,123,123,123,123,124,123,120,124,123,124,123,123,123,124,124,123,123,123,123,123,123,123,123,123,123,123,123,123,123,123,123,123,123,123,123
n01984695_ILSVRC2012_val_00004418.png,123,123,123,123,123,396,123,123,123,396,396,123,36,30,123,396,123,123,123,396,396,123,123,123,123,396,123,123,123,123,396,123,123,123,123,396,123,123,123,123,396
n01984695_ILSVRC2012_val_00008156.png,123,123,123,123,123,123,123,123,123,123,123,123,71,316,123,123,123,123,123,122,122,123,123,123,123,123,123,123,123,122,122,123,123,123,123,123,123,123,123,123,123
n01984695_ILSVRC2012_val_00027405.png,123,123,123,391,123,119,123,123,391,119,119,123,395,391,119,119,123,123,391,35,119,123,123,123,123,119,123,123,123,123,119,123,123,123,123,119,123,123,123,123,119
n01984695_ILSVRC2012_val_00034702.png,123,123,123,815,123,123,123,123,815,123,77,123,122,815,123,121,123,123,815,119,119,123,123,123,123,123,123,123,123,123,123,123,123,123,123,123,123,123,123,123,123
n01984695_ILSVRC2012_val_00036759.png,123,123,123,124,123,123,123,123,123,123,121,123,118,124,123,121,123,123,123,118,118,123,123,123,123,123,123,123,123,123,123,123,123,123,123,123,123,123,123,123,123
n01985128_ILSVRC2012_val_00022222.png,124,124,124,109,124,125,124,124,109,124,121,124,111,109,124,121,124,124,109,121,121,124,124,109,124,121,124,124,109,124,118,124,124,109,124,121,124,124,109,124,124
n01986214_ILSVRC2012_val_00003257.png,125,125,119,119,125,119,125,125,119,125,125,125,119,119,119,119,125,125,119,118,119,125,125,125,125,119,125,125,125,125,125,125,125,125,125,125,125,125,125,125,125
n01986214_ILSVRC2012_val_00003859.png,125,125,112,112,112,112,125,112,112,112,112,125,112,112,112,112,125,112,112,112,112,125,125,112,125,112,125,112,112,125,125,125,112,112,112,112,125,125,125,125,112
n01986214_ILSVRC2012_val_00005125.png,125,125,119,119,119,119,125,119,119,119,119,125,119,118,119,119,125,119,119,120,119,125,119,119,119,119,125,125,119,119,119,125,125,119,125,125,125,125,125,125,125
n01986214_ILSVRC2012_val_00005268.png,125,125,112,112,37,37,125,112,112,37,36,125,112,112,37,36,125,112,112,36,36,125,112,112,36,36,125,112,112,36,36,125,112,112,36,36,125,125,125,125,36
n01986214_ILSVRC2012_val_00009485.png,125,125,363,363,125,363,125,125,125,125,363,125,363,363,363,363,125,125,363,85,363,125,125,125,125,363,125,363,363,125,363,125,125,125,125,363,125,125,125,125,363
n01986214_ILSVRC2012_val_00010039.png,125,125,909,909,118,118,125,909,909,119,118,125,909,909,118,118,125,909,909,118,118,125,121,909,121,118,125,118,909,118,118,125,121,118,118,118,125,125,909,125,118
n01986214_ILSVRC2012_val_00026326.png,125,125,125,113,125,36,125,37,113,37,36,125,36,113,37,36,125,36,113,646,36,125,36,113,125,36,125,125,125,125,36,125,125,125,125,36,125,125,125,125,36
n01986214_ILSVRC2012_val_00032372.png,125,125,125,107,125,125,125,76,107,76,321,125,107,107,107,321,125,107,107,321,321,125,125,107,125,125,125,125,107,125,125,125,125,107,125,125,125,125,125,125,125
n01986214_ILSVRC2012_val_00039682.png,125,125,125,118,125,118,125,118,118,118,118,125,118,118,118,119,125,125,118,118,119,125,125,125,125,125,125,125,125,125,125,125,125,125,125,125,125,125,125,125,125
n01986214_ILSVRC2012_val_00046606.png,125,125,125,125,125,728,125,125,125,125,728,125,118,118,125,728,125,125,125,119,728,125,125,125,125,728,125,125,125,125,728,125,125,125,125,728,125,125,125,125,728
n01990800_ILSVRC2012_val_00003738.png,126,126,126,125,125,47,126,126,76,43,307,126,314,314,126,307,126,126,314,54,307,126,126,126,314,126,126,126,126,126,307,126,126,126,126,126,126,126,126,126,126
n01990800_ILSVRC2012_val_00003858.png,126,126,116,116,126,302,126,116,116,126,307,126,116,116,126,307,126,116,116,307,307,126,126,116,126,126,126,126,116,126,126,126,116,116,126,126,126,116,116,126,126
n02002556_ILSVRC2012_val_00006969.png,127,127,127,127,127,127,127,127,127,127,128,127,217,397,127,128,127,127,127,216,128,127,127,127,127,128,127,127,128,127,128,127,127,127,127,128,127,127,127,127,127
n02002556_ILSVRC2012_val_00010084.png,127,127,127,135,127,127,127,127,135,127,128,127,141,135,127,128,127,127,135,128,128,127,127,135,127,127,127,127,135,127,127,127,127,127,127,127,127,127,127,127,127
n02002556_ILSVRC2012_val_00010426.png,127,127,127,128,128,128,127,128,128,128,128,127,128,128,128,128,127,128,128,128,128,127,128,128,128,128,127,128,128,128,128,127,128,128,127,128,127,127,128,128,128
n02002556_ILSVRC2012_val_00011357.png,127,127,127,127,127,127,127,127,135,127,134,127,128,128,134,975,127,127,128,99,975,127,127,128,127,975,127,127,127,127,127,127,127,127,127,127,127,127,127,127,127
n02002556_ILSVRC2012_val_00029696.png,127,127,127,127,127,144,127,127,144,144,144,127,134,134,144,144,127,127,134,144,144,127,127,134,127,127,127,127,127,127,144,127,127,127,127,127,127,127,127,127,127
n02002556_ILSVRC2012_val_00032643.png,127,127,127,127,127,128,127,127,128,127,128,127,128,128,127,128,127,128,128,128,128,127,127,128,127,128,127,127,127,127,128,127,127,127,127,127,127,127,127,127,128
n02002556_ILSVRC2012_val_00034176.png,127,127,127,128,127,128,127,127,128,127,128,127,143,128,127,128,127,127,127,143,128,127,127,128,127,128,127,127,127,127,127,127,127,127,127,128,127,127,127,127,127
n02002556_ILSVRC2012_val_00035837.png,127,127,127,129,127,127,127,127,144,127,128,127,144,144,127,128,127,127,144,975,128,127,127,127,127,128,127,127,127,127,127,127,127,127,127,128,127,127,127,127,127
n02002724_ILSVRC2012_val_00006116.png,128,128,128,128,128,128,128,128,128,128,128,128,143,127,143,143,128,143,128,143,143,128,128,128,128,128,128,128,128,128,128,128,128,128,128,128,128,128,128,128,143
n02002724_ILSVRC2012_val_00022140.png,128,128,128,128,128,127,128,128,128,128,128,128,127,127,127,127,128,128,127,730,127,128,128,128,128,127,128,128,128,128,128,128,128,127,128,128,128,128,128,128,128
n02002724_ILSVRC2012_val_00023454.png,128,128,128,128,128,128,128,128,133,128,136,128,381,395,23,136,128,128,128,136,136,128,128,128,136,136,128,128,21,128,128,128,128,128,128,128,128,128,128,128,128
n02002724_ILSVRC2012_val_00034743.png,128,128,128,128,128,128,128,128,84,128,128,128,127,722,128,128,128,128,128,911,134,128,128,128,128,128,128,128,128,128,128,128,128,128,128,128,128,128,128,128,128
n02006656_ILSVRC2012_val_00000878.png,129,129,129,129,129,19,129,374,375,129,19,129,375,132,129,134,129,375,132,11,19,129,129,129,129,129,129,129,129,129,19,129,129,129,129,19,129,129,129,129,19
n02006656_ILSVRC2012_val_00008978.png,129,129,133,133,94,92,129,133,133,92,92,129,133,133,92,92,129,94,133,92,92,129,129,129,92,92,129,129,129,129,129,129,129,133,129,129,129,129,129,129,92
n02006656_ILSVRC2012_val_00013110.png,129,129,129,144,129,144,129,129,144,129,144,129,144,144,144,144,129,129,144,144,144,129,129,129,129,144,129,144,144,129,144,129,129,144,129,144,129,129,129,129,129
n02006656_ILSVRC2012_val_00025126.png,129,129,129,129,129,129,129,129,129,129,129,129,134,134,134,134,129,129,129,92,134,129,129,129,129,129,129,134,134,129,134,129,129,134,129,134,129,129,134,129,129
n02006656_ILSVRC2012_val_00032470.png,129,129,129,611,129,129,129,129,611,129,93,129,61,611,61,93,129,129,611,60,93,129,129,611,129,129,129,129,611,129,93,129,129,611,129,129,129,129,611,129,129
n02006656_ILSVRC2012_val_00035605.png,129,129,129,134,129,134,129,129,134,129,134,129,134,134,129,134,129,134,134,73,134,129,129,129,129,129,129,129,129,129,129,129,129,129,129,129,129,129,129,129,134
n02006656_ILSVRC2012_val_00042758.png,129,129,129,1,129,130,129,129,1,129,129,129,701,815,129,1,129,129,815,103,215,129,129,129,129,130,129,129,129,129,129,129,129,129,129,129,129,129,115,129,129
n02006656_ILSVRC2012_val_00049077.png,129,129,129,132,127,134,129,129,132,129,132,129,131,132,132,132,129,132,132,132,132,129,129,129,129,134,129,129,129,127,127,129,129,129,129,132,129,129,129,127,132
n02007558_ILSVRC2012_val_00000939.png,130,130,434,911,419,434,130,434,911,419,434,130,700,911,419,434,130,700,911,419,434,130,130,911,419,434,130,434,911,419,434,130,911,911,948,434,130,434,911,419,434
n02007558_ILSVRC2012_val_00005601.png,130,130,130,1,130,1,130,130,973,130,1,130,611,109,130,1,130,130,130,849,725,130,130,108,130,130,130,130,130,130,130,130,130,130,130,130,130,130,130,130,130
n02007558_ILSVRC2012_val_00007128.png,130,130,130,130,130,130,130,130,130,130,130,130,562,562,130,130,130,130,130,816,132,130,130,130,130,130,130,130,130,130,130,130,130,130,130,130,130,130,130,130,130
n02007558_ILSVRC2012_val_00014770.png,130,130,130,51,130,112,130,607,111,130,130,130,516,111,130,849,130,130,130,967,849,130,130,130,130,130,130,130,130,130,130,130,130,115,130,130,130,130,111,130,130
n02007558_ILSVRC2012_val_00019951.png,130,130,130,129,130,127,130,130,130,127,127,130,129,129,130,127,130,129,129,127,127,130,130,130,130,130,130,130,130,130,130,130,130,130,130,134,130,130,130,130,132
n02007558_ILSVRC2012_val_00022414.png,130,130,130,129,129,129,130,129,129,129,129,130,129,129,129,129,130,130,129,129,129,130,130,130,129,129,130,130,130,130,130,130,130,130,129,129,130,129,129,129,129
n02007558_ILSVRC2012_val_00023502.png,130,130,130,129,129,327,130,130,134,130,327,130,9,134,130,327,130,130,130,839,327,130,130,130,130,327,130,130,130,130,327,130,130,130,130,327,130,130,130,130,327
n02007558_ILSVRC2012_val_00026248.png,130,130,130,130,130,130,130,130,130,100,130,130,721,99,130,130,130,130,130,206,100,130,130,130,130,130,130,130,130,100,130,130,130,130,100,130,130,130,130,130,130
n02007558_ILSVRC2012_val_00035984.png,130,130,130,130,130,130,130,130,599,130,996,130,385,363,130,130,130,130,973,996,350,130,130,130,130,130,130,130,130,130,130,130,130,99,130,130,130,130,130,130,130
n02007558_ILSVRC2012_val_00037486.png,130,130,1,1,130,1,130,130,1,130,130,130,828,828,130,910,130,130,130,100,910,130,130,130,130,130,130,130,130,130,130,130,130,130,130,130,130,130,130,130,130
n02007558_ILSVRC2012_val_00037831.png,130,130,130,61,130,130,130,130,591,130,103,130,58,669,130,103,130,130,669,137,103,130,130,130,130,130,130,130,130,130,130,130,130,130,130,130,130,130,130,130,130
n02007558_ILSVRC2012_val_00039372.png,130,130,130,115,992,115,130,130,115,8,115,130,115,115,130,115,130,115,115,992,115,130,130,115,130,115,130,130,115,130,115,130,130,115,130,115,130,130,115,130,115
n02007558_ILSVRC2012_val_00047041.png,130,130,7,97,7,97,130,7,97,343,97,130,988,97,51,144,130,88,130,346,102,130,130,130,88,97,130,82,97,377,102,130,130,130,130,144,130,100,130,346,134
n02007558_ILSVRC2012_val_00047052.png,130,130,265,155,8,265,130,100,154,245,245,130,199,154,245,245,130,199,155,245,245,130,784,219,130,245,130,254,154,245,245,130,850,154,254,245,130,850,154,245,245
n02009229_ILSVRC2012_val_00007043.png,131,131,131,131,131,131,131,131,131,131,131,131,134,134,131,134,131,131,134,134,134,131,131,131,131,134,131,131,131,131,131,131,131,131,131,131,131,131,131,131,131
n02009229_ILSVRC2012_val_00008364.png,131,131,131,131,131,131,131,134,131,131,134,131,134,132,131,131,131,131,131,134,134,131,131,131,131,131,131,131,131,131,131,131,131,131,131,131,131,131,131,131,131
n02009229_ILSVRC2012_val_00025744.png,131,131,84,100,103,100,131,100,100,103,100,131,100,100,50,100,131,100,100,103,100,131,131,100,131,100,131,100,100,131,100,131,131,100,131,100,131,100,100,131,100
n02009229_ILSVRC2012_val_00026416.png,131,131,136,136,136,136,131,136,136,348,136,131,136,136,80,136,131,136,136,189,136,131,136,136,136,136,131,136,136,136,136,131,136,136,136,136,131,136,136,183,136
n02009229_ILSVRC2012_val_00030722.png,131,131,131,131,134,134,131,134,134,134,134,131,134,134,134,134,131,131,134,134,134,131,134,134,134,134,131,131,131,131,131,131,131,131,131,134,131,131,131,131,131
n02009229_ILSVRC2012_val_00031946.png,131,131,131,127,131,134,131,131,134,134,134,131,134,134,134,134,131,131,134,134,134,131,131,131,131,134,131,131,134,131,134,131,131,131,131,131,131,131,131,131,131
n02009229_ILSVRC2012_val_00034814.png,131,131,131,133,131,133,131,133,133,133,133,131,133,133,133,133,131,133,133,133,133,131,133,133,133,133,131,133,133,133,133,131,131,133,133,133,131,133,133,133,133
n02009229_ILSVRC2012_val_00041564.png,131,131,134,443,134,134,131,131,134,134,134,131,134,134,134,134,131,134,134,134,134,131,131,131,131,131,131,134,134,134,134,131,131,131,131,131,131,131,131,131,131
n02009229_ILSVRC2012_val_00041797.png,131,131,131,132,131,144,131,131,132,132,144,131,144,132,132,144,131,131,132,700,144,131,131,131,131,144,131,131,131,131,131,131,131,131,131,131,131,131,131,131,131
n02009229_ILSVRC2012_val_00044726.png,131,131,131,14,131,92,131,131,17,131,92,131,132,89,131,88,131,131,131,375,92,131,131,88,131,92,131,131,17,131,92,131,131,131,131,92,131,131,132,131,92
n02009229_ILSVRC2012_val_00045819.png,131,131,131,135,136,133,131,135,135,135,133,131,135,135,131,133,131,135,135,82,133,131,135,135,84,131,131,131,135,131,133,131,135,135,131,133,131,135,135,131,133
n02009229_ILSVRC2012_val_00049224.png,131,131,131,131,136,136,131,135,131,131,646,131,134,132,131,646,131,131,131,646,646,131,131,131,131,646,131,131,131,131,131,131,131,131,131,131,131,131,131,131,133
n02009229_ILSVRC2012_val_00049488.png,131,131,131,131,131,128,131,131,131,128,128,131,128,132,128,128,131,128,131,128,128,131,131,131,131,128,131,131,131,131,128,131,131,131,131,128,131,131,131,131,131
n02009912_ILSVRC2012_val_00001891.png,132,132,134,134,134,134,132,134,134,134,129,132,134,134,134,134,132,134,134,134,134,132,134,134,134,134,132,134,134,134,134,132,134,134,134,134,132,134,134,134,134
n02009912_ILSVRC2012_val_00007470.png,132,132,129,129,129,129,132,129,129,129,129,132,129,129,129,129,132,129,129,129,129,132,129,129,129,129,132,129,129,129,129,132,129,129,132,129,132,132,129,132,129
n02009912_ILSVRC2012_val_00018615.png,132,132,132,134,132,134,132,134,134,132,127,132,134,134,132,134,132,134,134,134,134,132,132,132,132,132,132,132,132,132,132,132,132,132,132,132,132,132,132,132,132
n02009912_ILSVRC2012_val_00019019.png,132,132,132,395,132,109,132,89,391,81,109,132,122,395,389,973,132,123,395,164,109,132,132,395,363,109,132,132,22,132,109,132,132,103,574,109,129,317,103,212,109
n02009912_ILSVRC2012_val_00022591.png,132,132,132,134,134,134,132,134,134,134,134,132,134,134,134,134,132,134,134,134,134,132,132,132,134,134,132,132,134,132,134,132,132,132,132,132,132,132,132,132,132
n02009912_ILSVRC2012_val_00023400.png,132,132,132,700,146,144,132,132,144,132,134,132,99,134,132,134,132,132,132,99,134,132,132,132,132,132,132,132,132,132,132,132,132,132,132,134,132,132,132,132,132
n02009912_ILSVRC2012_val_00026861.png,132,132,131,134,132,132,132,132,132,132,146,132,134,134,146,146,132,134,134,146,146,132,134,134,132,146,132,132,132,132,146,132,132,134,132,132,132,132,132,132,146
n02009912_ILSVRC2012_val_00032830.png,132,132,132,134,132,132,132,134,134,134,134,132,134,134,134,134,132,134,134,134,134,132,134,134,134,134,132,132,134,132,134,132,132,132,134,134,132,132,134,134,134
n02009912_ILSVRC2012_val_00035584.png,132,132,131,134,134,134,132,132,134,134,134,132,131,134,132,144,132,131,134,134,134,132,132,134,132,134,132,131,134,132,134,132,132,134,132,132,132,132,132,132,134
n02009912_ILSVRC2012_val_00048877.png,132,132,319,616,319,319,132,616,616,616,616,132,616,616,616,616,132,616,616,616,616,132,616,616,616,616,132,616,616,616,616,132,616,616,616,616,132,616,616,616,616
n02011460_ILSVRC2012_val_00006339.png,133,133,133,24,133,133,133,133,100,133,133,133,100,100,133,134,133,133,100,134,134,133,133,100,133,134,133,133,100,133,133,133,133,82,133,133,133,133,133,133,133
n02011460_ILSVRC2012_val_00008135.png,133,133,133,133,98,98,133,133,144,98,98,133,700,144,133,98,133,133,98,98,98,133,133,133,133,98,133,133,133,133,133,133,133,133,133,133,133,133,133,133,133
n02011460_ILSVRC2012_val_00011401.png,133,133,133,133,133,82,133,133,133,133,133,133,135,135,133,133,133,133,133,82,82,133,133,133,133,86,133,133,135,133,133,133,133,133,133,86,133,133,133,133,133
n02011460_ILSVRC2012_val_00012655.png,133,133,133,357,133,357,133,133,357,133,135,133,358,358,133,135,133,133,358,135,135,133,133,133,133,133,133,133,133,133,133,133,133,133,133,135,133,133,133,133,133
n02011460_ILSVRC2012_val_00013929.png,133,133,133,144,145,145,133,133,144,145,145,133,132,144,133,145,133,133,144,145,145,133,133,133,133,133,133,133,133,133,133,133,133,133,133,133,133,133,133,133,133
n02011460_ILSVRC2012_val_00046602.png,133,133,133,135,133,135,133,133,135,133,135,133,57,135,133,135,133,133,133,135,135,133,133,133,133,133,133,133,133,133,133,133,133,133,133,133,133,133,133,133,133
n02011460_ILSVRC2012_val_00047153.png,133,133,133,142,142,142,133,133,142,142,142,133,355,142,133,142,133,142,142,142,142,133,133,133,133,142,133,133,133,133,142,133,133,142,133,142,133,133,133,133,133
n02011460_ILSVRC2012_val_00047287.png,133,133,133,138,133,82,133,138,138,86,86,133,138,138,86,82,133,138,138,82,82,133,133,133,133,86,133,133,133,133,86,133,133,82,133,86,133,133,133,133,86
n02012849_ILSVRC2012_val_00010106.png,134,134,134,134,134,135,134,128,127,128,141,134,127,127,127,135,134,134,127,127,135,134,127,127,127,128,134,127,134,127,128,134,134,134,134,135,134,134,134,134,134
n02012849_ILSVRC2012_val_00023069.png,134,134,134,129,134,134,134,134,129,134,130,134,129,129,134,134,134,134,134,130,130,134,134,129,134,130,134,134,134,134,134,134,134,134,134,134,134,134,134,134,134
n02012849_ILSVRC2012_val_00037379.png,134,134,134,134,134,83,134,134,99,134,83,134,99,99,134,99,134,99,99,80,80,134,134,134,134,134,134,134,99,80,80,134,134,99,134,99,134,134,99,134,134
n02013706_ILSVRC2012_val_00019049.png,135,135,135,135,135,135,135,135,135,135,135,135,128,128,135,128,135,135,128,127,128,135,135,135,135,135,135,135,135,135,128,135,135,135,135,135,135,135,135,135,135
n02013706_ILSVRC2012_val_00024162.png,135,135,135,135,135,135,135,135,135,135,82,135,139,141,135,82,135,135,135,937,82,135,135,135,135,135,135,135,135,135,135,135,135,135,135,135,135,135,135,135,135
n02013706_ILSVRC2012_val_00029885.png,135,135,117,142,142,142,135,135,142,142,142,135,117,142,142,142,135,135,142,142,142,135,135,135,135,135,135,135,135,135,142,135,135,135,135,135,135,135,135,135,135
n02013706_ILSVRC2012_val_00030428.png,135,135,135,135,135,135,135,135,135,128,128,135,142,142,128,128,135,142,142,128,128,135,135,135,135,128,135,135,135,128,128,135,135,142,135,128,135,135,135,135,135
n02013706_ILSVRC2012_val_00031304.png,135,135,135,135,135,141,135,135,135,135,135,135,141,141,135,135,135,135,135,82,141,135,135,135,135,135,135,135,135,135,135,135,135,135,135,135,135,135,135,135,135
n02013706_ILSVRC2012_val_00031582.png,135,135,135,135,135,135,135,135,93,135,93,135,93,93,93,93,135,93,93,93,93,135,135,135,135,93,135,135,93,135,93,135,135,135,135,135,135,135,135,135,135
n02013706_ILSVRC2012_val_00045911.png,135,135,135,135,133,133,135,135,141,135,133,135,141,141,135,133,135,135,141,133,133,135,135,135,135,133,135,135,135,135,133,135,135,135,135,135,135,135,135,135,135
n02013706_ILSVRC2012_val_00046950.png,135,135,134,138,138,138,135,135,138,138,138,135,133,138,138,138,135,133,138,138,138,135,133,138,138,138,135,133,138,138,138,135,135,138,138,138,135,133,138,138,138
n02017213_ILSVRC2012_val_00006192.png,136,136,375,375,137,375,136,93,375,82,375,136,375,375,136,375,136,375,375,375,375,136,136,136,136,136,136,136,136,136,375,136,86,86,86,375,136,136,136,136,136
n02017213_ILSVRC2012_val_00014083.png,136,136,136,136,136,136,136,136,136,136,114,136,80,82,136,136,136,136,136,574,114,136,136,136,136,136,136,136,136,136,136,136,136,136,136,136,136,136,136,136,136
n02017213_ILSVRC2012_val_00019382.png,136,136,136,136,136,136,136,136,8,80,80,136,8,8,136,80,136,136,136,80,80,136,136,136,136,80,136,136,136,136,80,136,136,136,136,80,136,136,136,136,80
n02017213_ILSVRC2012_val_00025091.png,136,136,136,136,136,80,136,136,80,80,80,136,80,80,80,80,136,136,80,80,80,136,136,136,136,80,136,136,136,136,80,136,136,80,136,80,136,136,136,136,80
n02017213_ILSVRC2012_val_00031396.png,136,136,136,136,136,136,136,136,80,136,80,136,14,80,80,80,136,136,80,80,80,136,136,136,136,136,136,136,136,136,136,136,136,136,136,136,136,136,136,136,136
n02017213_ILSVRC2012_val_00032538.png,136,136,136,8,136,136,136,8,8,8,8,136,8,8,8,8,136,8,8,8,8,136,8,8,136,8,136,136,136,136,8,136,136,136,136,136,136,136,8,136,8
n02017213_ILSVRC2012_val_00039374.png,136,136,136,611,136,136,136,136,611,136,136,136,611,611,136,136,136,136,611,137,137,136,136,136,136,136,136,136,611,136,136,136,136,136,136,136,136,136,611,136,136
n02017213_ILSVRC2012_val_00043456.png,136,136,136,9,136,80,136,23,23,8,80,136,23,23,80,80,136,23,23,80,80,136,136,23,136,80,136,136,9,136,80,136,136,23,80,80,136,23,23,136,80
n02017213_ILSVRC2012_val_00049079.png,136,136,136,136,88,88,136,136,136,93,93,136,14,14,93,136,136,136,136,93,99,136,136,136,136,136,136,136,136,136,136,136,136,136,93,136,136,136,136,136,136
n02018207_ILSVRC2012_val_00004112.png,137,137,137,99,100,98,137,137,99,337,212,137,943,99,137,212,137,137,99,201,212,137,137,99,137,212,137,137,99,137,212,137,137,99,137,212,137,137,99,137,212
n02018207_ILSVRC2012_val_00006231.png,137,137,137,137,137,98,137,137,99,137,98,137,98,99,93,98,137,137,99,360,98,137,137,137,137,98,137,137,137,137,137,137,137,137,137,137,137,137,137,137,98
n02018207_ILSVRC2012_val_00007153.png,137,137,137,99,99,99,137,137,99,99,99,137,99,99,99,99,137,99,99,99,99,137,99,99,99,99,137,137,99,99,99,137,137,99,99,99,137,137,99,99,99
n02018207_ILSVRC2012_val_00010990.png,137,137,137,99,360,99,137,99,99,360,99,137,99,99,137,99,137,137,99,847,99,137,99,99,137,99,137,99,99,137,99,137,99,99,137,99,137,137,99,137,99
n02018207_ILSVRC2012_val_00015094.png,137,137,97,97,97,97,137,97,97,97,97,137,97,97,97,97,137,137,97,97,97,137,97,97,97,97,137,137,137,137,137,137,137,137,137,137,137,137,137,137,137
n02018207_ILSVRC2012_val_00021851.png,137,137,136,136,136,136,137,136,136,136,136,137,128,128,136,136,137,128,128,136,136,137,136,128,136,136,137,137,136,137,136,137,137,137,137,136,137,137,137,137,137
n02018207_ILSVRC2012_val_00024740.png,137,137,137,23,136,136,137,18,23,136,136,137,777,21,137,136,137,137,23,136,136,137,136,23,136,136,137,137,23,136,136,137,137,80,136,136,137,137,137,137,136
n02018207_ILSVRC2012_val_00039603.png,137,137,99,99,199,99,137,99,99,226,99,137,99,99,99,99,137,99,99,700,99,137,99,99,99,99,137,99,99,99,99,137,99,99,100,99,137,99,99,99,99
n02018795_ILSVRC2012_val_00004001.png,138,138,138,138,138,133,138,138,138,133,133,138,9,9,133,133,138,138,9,133,133,138,138,138,133,133,138,138,138,138,133,138,138,138,138,133,138,138,138,138,133
n02018795_ILSVRC2012_val_00005419.png,138,138,138,138,138,138,138,138,138,138,138,138,9,9,138,138,138,9,9,134,134,138,138,138,138,138,138,138,138,138,138,138,138,138,138,138,138,138,138,138,138
n02018795_ILSVRC2012_val_00016264.png,138,138,138,138,138,138,138,138,138,138,138,138,53,58,138,38,138,138,138,774,38,138,138,138,138,38,138,138,138,138,138,138,138,138,138,138,138,138,138,138,138
n02018795_ILSVRC2012_val_00036457.png,138,138,138,138,138,393,138,138,144,138,973,138,144,144,138,973,138,138,138,973,393,138,138,138,138,108,138,138,138,138,973,138,138,138,138,138,138,138,138,138,138
n02018795_ILSVRC2012_val_00038069.png,138,138,138,134,138,135,138,138,134,138,135,138,134,134,9,135,138,138,134,9,135,138,138,138,138,135,138,138,138,138,138,138,138,134,138,135,138,138,138,138,135
n02018795_ILSVRC2012_val_00040285.png,138,138,138,138,9,138,138,138,138,9,276,138,502,127,138,138,138,138,138,9,276,138,138,138,138,138,138,138,138,138,138,138,138,138,138,138,138,138,138,138,138
n02018795_ILSVRC2012_val_00042825.png,138,138,138,138,138,134,138,138,9,138,134,138,9,9,138,134,138,138,9,134,134,138,138,138,138,134,138,138,138,138,134,138,138,138,138,138,138,138,138,138,134
n02018795_ILSVRC2012_val_00043095.png,138,138,138,395,131,131,138,138,395,131,131,138,44,395,131,131,138,138,395,131,131,138,138,395,131,131,138,138,138,138,138,138,138,138,138,138,138,138,138,138,138
n02018795_ILSVRC2012_val_00046505.png,138,138,138,134,138,83,138,958,131,83,83,138,958,132,83,83,138,958,99,83,83,138,958,134,86,86,138,83,134,83,83,138,343,134,138,83,138,138,138,83,83
n02025239_ILSVRC2012_val_00003361.png,139,139,139,141,82,83,139,139,142,86,83,139,134,142,139,83,139,139,140,86,83,139,139,139,86,83,139,139,139,139,83,139,139,139,83,83,139,139,139,139,83
n02025239_ILSVRC2012_val_00009210.png,139,139,139,128,128,143,139,128,128,128,128,139,143,127,143,143,139,143,128,143,143,139,143,128,143,143,139,139,139,139,143,139,139,128,143,143,139,139,143,139,139
n02025239_ILSVRC2012_val_00016164.png,139,139,139,86,139,139,139,139,82,139,139,139,86,86,139,140,139,139,139,140,140,139,139,139,139,139,139,139,139,139,139,139,139,139,139,139,139,139,139,139,139
n02025239_ILSVRC2012_val_00020774.png,139,139,139,63,139,139,139,139,63,139,139,139,490,63,139,140,139,139,139,140,140,139,139,139,139,140,139,139,139,139,140,139,139,139,139,140,139,139,139,139,139
n02025239_ILSVRC2012_val_00026311.png,139,139,139,141,139,141,139,139,141,141,141,139,142,141,141,141,139,139,141,141,141,139,139,141,141,141,139,139,139,139,141,139,139,139,139,141,139,139,139,139,141
n02025239_ILSVRC2012_val_00026462.png,139,139,139,99,82,82,139,139,99,97,63,139,140,99,139,63,139,139,99,63,63,139,139,139,139,86,139,139,139,139,139,139,139,139,139,139,139,139,139,139,139
n02025239_ILSVRC2012_val_00027731.png,139,139,139,611,139,139,139,139,611,139,99,139,700,611,91,83,139,139,611,91,83,139,139,611,139,99,139,139,611,139,83,139,139,611,139,99,139,139,139,139,139
n02025239_ILSVRC2012_val_00028187.png,139,139,142,142,13,133,139,142,142,13,133,139,142,142,13,133,139,142,142,13,133,139,142,142,13,133,139,140,140,13,133,139,140,142,140,133,139,140,141,140,133
n02025239_ILSVRC2012_val_00033421.png,139,139,141,127,127,128,139,128,127,128,128,139,128,127,128,128,139,128,127,128,128,139,128,127,128,128,139,139,138,138,128,139,141,128,139,128,139,139,141,139,128
n02025239_ILSVRC2012_val_00038431.png,139,139,139,140,13,138,139,140,140,142,142,139,140,140,142,142,139,140,140,142,142,139,140,140,142,142,139,139,139,142,142,139,139,140,142,142,139,139,139,139,142
n02025239_ILSVRC2012_val_00039962.png,139,139,139,139,138,91,139,139,140,138,133,139,140,140,139,142,139,139,139,853,142,139,139,139,139,142,139,139,139,139,139,139,139,139,139,139,139,139,139,139,139
n02025239_ILSVRC2012_val_00044377.png,139,139,143,128,230,9,139,143,143,217,128,139,143,143,217,143,139,143,143,217,143,139,143,143,217,143,139,143,143,217,128,139,143,143,217,143,139,139,143,230,143
n02025239_ILSVRC2012_val_00044919.png,139,139,12,15,12,21,139,15,15,316,21,139,15,15,10,21,139,94,15,316,21,139,139,10,139,21,139,139,139,139,23,139,10,10,85,21,139,139,139,139,81
n02025239_ILSVRC2012_val_00046919.png,139,139,139,139,139,141,139,139,140,139,139,139,140,140,139,20,139,139,139,20,20,139,139,139,139,139,139,139,139,139,139,139,139,139,139,141,139,139,139,139,139
n02027492_ILSVRC2012_val_00007524.png,140,140,140,141,140,141,140,140,141,141,141,140,139,143,140,971,140,140,139,716,971,140,140,139,140,140,140,140,140,140,140,140,140,140,140,142,140,140,140,140,142
n02027492_ILSVRC2012_val_00018099.png,140,140,12,12,129,356,140,12,12,330,359,140,12,12,140,359,140,12,12,359,359,140,140,12,140,359,140,140,140,140,356,140,140,140,140,359,140,140,140,140,140
n02027492_ILSVRC2012_val_00019058.png,140,140,142,142,674,18,140,142,142,142,99,140,142,142,142,99,140,142,142,600,18,140,142,142,99,18,140,142,142,140,18,140,142,142,99,99,140,142,142,142,143
n02027492_ILSVRC2012_val_00026510.png,140,140,139,139,139,139,140,140,139,139,139,140,139,139,140,139,140,139,139,139,139,140,140,139,139,139,140,140,139,140,139,140,140,140,140,139,140,140,140,139,139
n02027492_ILSVRC2012_val_00039220.png,140,140,140,146,140,21,140,21,146,21,21,140,138,146,21,21,140,140,146,21,21,140,140,146,21,21,140,140,146,21,21,140,140,146,21,21,140,140,146,140,21
n02027492_ILSVRC2012_val_00048725.png,140,140,94,94,94,94,140,94,94,94,94,140,94,94,94,94,140,94,94,94,94,140,94,94,94,94,140,94,94,94,94,140,94,94,94,94,140,94,94,94,94
n02027492_ILSVRC2012_val_00048888.png,140,140,142,142,142,142,140,142,142,142,142,140,142,142,142,142,140,142,142,142,142,140,142,142,142,142,140,140,142,142,142,140,140,140,140,142,140,140,140,140,142
n02028035_ILSVRC2012_val_00002633.png,141,141,141,140,141,140,141,141,139,141,140,141,140,140,140,140,141,141,140,140,140,141,141,140,140,140,141,141,140,141,140,141,141,140,141,140,141,141,140,141,140
n02028035_ILSVRC2012_val_00005034.png,141,141,141,20,20,20,141,20,20,20,20,141,20,20,141,20,141,20,20,20,20,141,20,20,20,20,141,141,141,20,20,141,141,141,141,20,141,141,141,141,20
n02028035_ILSVRC2012_val_00009199.png,141,141,141,141,141,141,141,141,141,141,142,141,142,142,141,142,141,142,142,801,142,141,141,141,141,142,141,141,141,141,141,141,141,141,141,141,141,141,141,141,141
n02028035_ILSVRC2012_val_00013192.png,141,141,141,140,141,141,141,141,140,141,20,141,140,140,141,20,141,141,140,20,20,141,141,140,141,20,141,141,141,141,141,141,141,141,141,141,141,141,141,141,141
n02028035_ILSVRC2012_val_00030672.png,141,141,142,142,142,142,141,142,142,142,142,141,142,142,142,142,141,142,142,142,142,141,142,142,142,142,141,141,142,141,142,141,141,142,142,142,141,141,141,141,142
n02028035_ILSVRC2012_val_00031922.png,141,141,141,141,141,141,141,141,141,141,141,141,139,139,141,141,141,141,141,125,98,141,141,141,141,141,141,141,141,141,141,141,141,141,141,141,141,141,141,141,141
n02028035_ILSVRC2012_val_00033333.png,141,141,141,141,141,141,141,141,142,141,141,141,142,142,20,20,141,141,142,20,20,141,141,141,141,141,141,141,141,141,141,141,141,141,141,141,141,141,141,141,141
n02028035_ILSVRC2012_val_00038002.png,141,141,141,143,142,142,141,141,143,142,142,141,143,143,142,142,141,141,143,142,142,141,141,143,142,142,141,141,143,141,142,141,141,141,142,142,141,141,141,141,142
n02028035_ILSVRC2012_val_00047784.png,141,141,141,142,142,142,141,135,142,142,142,141,135,142,142,142,141,135,142,142,142,141,135,142,142,142,141,141,142,142,142,141,141,142,142,142,141,141,141,141,141
n02033041_ILSVRC2012_val_00015817.png,142,142,142,140,142,142,142,142,140,140,140,142,140,140,140,140,142,142,140,140,140,142,142,140,140,140,142,142,142,142,140,142,142,142,142,142,142,142,142,142,140
n02033041_ILSVRC2012_val_00020804.png,142,142,142,141,142,142,142,142,141,142,140,142,141,141,142,140,142,142,141,140,140,142,142,142,142,140,142,142,142,142,140,142,142,142,142,142,142,142,142,142,142
n02033041_ILSVRC2012_val_00023352.png,142,142,140,140,140,140,142,140,140,140,140,142,140,140,142,140,142,142,140,140,140,142,142,142,142,140,142,142,140,142,140,142,142,142,142,142,142,142,142,142,140
n02033041_ILSVRC2012_val_00027281.png,142,142,142,138,138,141,142,142,141,142,141,142,596,129,142,141,142,142,142,82,141,142,142,142,142,141,142,142,142,142,141,142,142,142,142,142,142,142,142,142,142
n02033041_ILSVRC2012_val_00027674.png,142,142,142,140,142,140,142,140,140,140,140,142,140,140,140,140,142,140,140,140,140,142,140,140,142,140,142,142,140,142,140,142,142,142,142,142,142,142,142,142,142
n02033041_ILSVRC2012_val_00035363.png,142,142,141,141,141,141,142,141,141,141,141,142,141,141,141,141,142,141,141,141,141,142,141,141,141,141,142,142,141,142,141,142,142,142,142,141,142,142,141,141,141
n02033041_ILSVRC2012_val_00046892.png,142,142,142,142,142,140,142,142,142,142,142,142,138,135,142,140,142,142,142,86,140,142,142,142,142,142,142,142,142,142,142,142,142,142,142,142,142,142,142,142,142
n02033041_ILSVRC2012_val_00048802.png,142,142,282,359,281,658,142,272,359,381,281,142,139,359,82,34,142,142,359,361,658,142,142,359,142,658,142,142,142,142,47,142,142,356,142,658,142,142,359,142,142
n02037110_ILSVRC2012_val_00005178.png,143,143,143,139,139,139,143,143,139,139,139,143,139,139,139,139,143,139,139,139,139,143,143,139,143,139,143,143,139,143,143,143,143,139,143,139,143,143,139,143,139
n02037110_ILSVRC2012_val_00009047.png,143,143,98,143,143,81,143,143,82,82,86,143,58,82,86,86,143,98,86,86,86,143,143,86,86,86,143,141,143,86,86,143,143,143,86,86,143,143,86,86,86
n02037110_ILSVRC2012_val_00010080.png,143,143,143,143,128,128,143,143,143,128,128,143,18,18,128,128,143,143,143,128,128,143,143,143,143,128,143,143,143,143,143,143,143,143,143,143,143,143,143,143,143
n02037110_ILSVRC2012_val_00017621.png,143,143,20,20,12,20,143,20,20,12,20,143,20,20,12,20,143,20,20,12,20,143,143,20,143,20,143,20,20,20,20,143,143,143,12,20,143,143,143,143,20
n02037110_ILSVRC2012_val_00020025.png,143,143,143,98,143,217,143,143,98,97,217,143,58,98,143,217,143,143,98,36,220,143,143,143,143,143,143,143,143,143,143,143,143,143,143,143,143,143,143,143,143
n02037110_ILSVRC2012_val_00025410.png,143,143,143,98,98,98,143,98,98,98,98,143,98,98,98,98,143,98,98,98,98,143,143,98,98,98,143,143,98,98,143,143,143,143,98,98,143,143,143,143,143
n02037110_ILSVRC2012_val_00028776.png,143,143,128,128,128,128,143,128,128,9,128,143,127,127,128,128,143,128,128,9,128,143,127,128,128,128,143,128,128,143,128,143,128,128,128,128,143,128,128,128,128
n02037110_ILSVRC2012_val_00041535.png,143,143,143,141,141,141,143,141,141,141,141,143,141,141,141,141,143,141,141,141,141,143,143,143,143,143,143,143,141,143,143,143,143,143,143,141,143,143,143,143,143
n02037110_ILSVRC2012_val_00044240.png,143,143,143,128,128,128,143,143,128,128,128,143,82,128,143,128,143,143,128,840,101,143,143,143,143,128,143,143,143,143,128,143,143,143,143,143,143,143,143,143,143
n02051845_ILSVRC2012_val_00005363.png,144,144,144,144,144,144,144,144,144,144,144,144,65,812,144,144,144,144,144,610,98,144,144,144,144,144,144,144,144,144,144,144,144,144,144,144,144,144,144,144,144
n02051845_ILSVRC2012_val_00006087.png,144,144,112,144,144,129,144,144,144,144,129,144,112,146,112,129,144,112,146,112,129,144,144,144,144,129,144,144,728,144,129,144,144,146,144,129,144,144,144,144,129
n02051845_ILSVRC2012_val_00011642.png,144,144,144,144,144,144,144,144,144,144,129,144,128,129,144,129,144,144,144,129,129,144,144,144,144,144,144,144,144,144,144,144,144,144,144,144,144,144,144,144,144
n02051845_ILSVRC2012_val_00015292.png,144,144,144,144,144,129,144,144,134,144,127,144,722,134,144,144,144,144,144,646,132,144,144,134,144,129,144,144,134,144,132,144,144,144,144,144,144,144,144,144,144
n02051845_ILSVRC2012_val_00032780.png,144,144,144,840,840,840,144,144,144,840,840,144,131,611,144,144,144,144,611,840,840,144,144,144,144,144,144,144,144,144,840,144,144,144,144,144,144,144,144,144,144
n02051845_ILSVRC2012_val_00033256.png,144,144,94,128,94,128,144,144,128,128,128,144,128,128,128,128,144,128,128,128,128,144,144,128,144,128,144,144,128,128,128,144,144,144,144,144,144,144,144,144,144
n02051845_ILSVRC2012_val_00038863.png,144,144,144,144,144,129,144,144,144,144,129,144,131,131,144,144,144,144,132,132,132,144,144,144,144,132,144,144,144,144,144,144,144,144,144,144,144,144,144,144,144
n02051845_ILSVRC2012_val_00045543.png,144,144,144,44,144,51,144,133,60,144,285,144,60,60,144,285,144,60,60,415,285,144,144,144,144,144,144,144,60,144,285,144,144,144,144,32,144,144,144,144,285
n02056570_ILSVRC2012_val_00015933.png,145,145,943,936,55,943,145,943,936,55,943,145,943,936,55,943,145,943,936,55,943,145,943,936,55,943,145,145,994,145,943,145,943,936,33,943,145,145,936,55,943
n02056570_ILSVRC2012_val_00017789.png,145,145,145,97,977,977,145,148,148,977,977,145,148,148,977,977,145,145,148,977,977,145,145,145,145,977,145,145,145,145,232,145,145,148,145,232,145,145,145,145,145
n02056570_ILSVRC2012_val_00024504.png,145,145,145,145,145,96,145,145,96,96,96,145,96,96,96,96,145,145,96,96,96,145,145,145,145,145,145,145,145,145,145,145,145,145,145,145,145,145,145,145,145
n02056570_ILSVRC2012_val_00037825.png,145,145,132,132,410,410,145,646,144,410,410,145,132,144,410,410,145,145,144,410,410,145,145,144,145,410,145,145,145,145,410,145,145,144,391,410,145,145,145,145,410
n02056570_ILSVRC2012_val_00040303.png,145,145,145,146,144,36,145,145,84,93,84,145,129,502,145,395,145,145,145,856,389,145,145,145,145,145,145,145,145,145,145,145,145,145,145,145,145,145,145,145,145
n02056570_ILSVRC2012_val_00046850.png,145,145,145,806,237,529,145,145,806,529,806,145,56,459,145,529,145,145,700,529,529,145,145,459,529,529,145,145,459,145,806,145,145,459,145,145,145,145,145,145,145
n02058221_ILSVRC2012_val_00005988.png,146,146,97,144,97,138,146,144,144,125,138,146,144,144,146,138,146,146,144,78,138,146,144,144,146,146,146,146,146,146,146,146,146,146,146,146,146,146,146,146,146
n02058221_ILSVRC2012_val_00013901.png,146,146,146,21,21,21,146,21,21,21,21,146,21,21,21,21,146,21,21,21,21,146,146,21,21,21,146,146,146,146,146,146,146,146,21,21,146,146,146,146,146
n02058221_ILSVRC2012_val_00026683.png,146,146,99,99,99,99,146,99,99,99,99,146,99,99,99,99,146,99,99,99,99,146,146,99,99,99,146,146,99,146,99,146,146,99,146,99,146,146,146,146,146
n02058221_ILSVRC2012_val_00026716.png,146,146,22,22,22,22,146,22,22,22,22,146,22,22,22,22,146,22,22,22,22,146,22,22,22,22,146,146,146,146,146,146,146,22,146,22,146,22,22,146,146
n02058221_ILSVRC2012_val_00026758.png,146,146,146,99,99,99,146,144,144,99,99,146,144,144,99,99,146,99,98,99,99,146,144,144,99,99,146,146,146,99,99,146,146,146,99,99,146,146,146,146,146
n02058221_ILSVRC2012_val_00034223.png,146,146,146,99,127,127,146,99,99,127,127,146,134,99,127,127,146,100,99,127,127,146,146,23,127,127,146,146,99,128,127,146,146,99,127,127,146,146,99,146,127
n02066245_ILSVRC2012_val_00003822.png,147,147,147,33,147,344,147,147,33,337,344,147,34,33,2,344,147,147,33,192,344,147,147,33,147,344,147,147,33,147,344,147,147,147,147,147,147,147,147,147,344
n02066245_ILSVRC2012_val_00004105.png,147,147,147,34,147,34,147,147,34,147,33,147,34,34,34,34,147,34,34,34,34,147,147,34,147,34,147,147,34,147,34,147,147,34,147,34,147,147,34,34,34
n02066245_ILSVRC2012_val_00005322.png,147,147,147,20,148,148,147,144,99,148,148,147,576,146,147,148,147,147,146,148,148,147,147,147,147,148,147,147,147,147,148,147,147,147,147,148,147,147,146,147,148
n02066245_ILSVRC2012_val_00009440.png,147,147,147,50,147,337,147,147,141,6,142,147,33,142,137,142,147,147,360,137,142,147,147,39,35,142,147,147,147,147,147,147,147,360,147,142,147,147,147,147,141
n02066245_ILSVRC2012_val_00011596.png,147,147,649,210,649,965,147,825,965,825,965,147,965,965,147,965,147,965,965,825,965,147,147,147,147,965,147,147,965,147,965,147,147,965,147,965,147,147,147,147,147
n02066245_ILSVRC2012_val_00022105.png,147,147,147,148,147,148,147,148,148,148,148,147,148,148,148,148,147,148,148,148,148,147,148,148,148,148,147,148,148,148,148,147,148,148,148,148,147,148,148,148,148
n02066245_ILSVRC2012_val_00028770.png,147,147,147,360,50,58,147,103,337,50,58,147,103,337,103,58,147,103,337,36,58,147,98,337,34,58,147,103,103,98,395,147,147,337,98,58,147,147,360,147,58
n02066245_ILSVRC2012_val_00029505.png,147,147,147,2,973,109,147,973,2,973,109,147,2,2,973,109,147,147,2,973,109,147,973,2,973,109,147,147,107,973,109,147,973,973,973,109,147,147,973,973,109
n02066245_ILSVRC2012_val_00033901.png,147,147,150,150,514,150,147,150,150,150,150,147,150,150,150,150,147,150,150,150,150,147,150,150,150,150,147,150,150,150,150,147,150,150,150,150,147,150,150,150,150
n02066245_ILSVRC2012_val_00039684.png,147,147,344,33,33,6,147,33,33,33,6,147,33,33,33,6,147,33,33,33,6,147,33,33,33,6,147,33,39,33,6,147,147,33,34,147,147,147,34,34,147
n02071294_ILSVRC2012_val_00002166.png,148,148,147,147,148,147,148,148,148,148,148,148,147,147,147,147,148,147,147,147,147,148,148,148,148,147,148,148,148,148,148,148,148,148,147,147,148,148,148,148,147
n02071294_ILSVRC2012_val_00007404.png,148,148,23,33,146,337,148,23,33,146,364,148,23,33,146,364,148,23,33,146,364,148,99,33,99,364,148,23,34,22,364,148,148,34,146,364,148,148,20,22,364
n02071294_ILSVRC2012_val_00030883.png,148,148,147,147,147,147,148,147,147,147,147,148,147,147,147,360,148,147,147,147,147,148,148,148,147,147,148,148,148,147,147,148,147,148,147,147,148,147,148,147,147
n02071294_ILSVRC2012_val_00047523.png,148,148,148,148,148,148,148,148,975,148,148,148,472,758,148,833,148,148,975,833,833,148,148,148,148,833,148,148,148,148,148,148,148,148,148,148,148,148,148,148,148
n02074367_ILSVRC2012_val_00000072.png,149,149,149,3,3,3,149,3,3,3,3,149,3,3,3,3,149,3,3,3,2,149,3,3,3,4,149,3,3,149,3,149,149,3,149,3,149,149,3,149,3
n02074367_ILSVRC2012_val_00001608.png,149,149,296,296,296,107,149,296,296,327,107,149,296,296,983,107,149,296,296,801,107,149,296,296,913,107,149,296,296,801,107,149,296,296,149,107,149,296,296,149,107
n02074367_ILSVRC2012_val_00008901.png,149,149,296,296,296,296,149,296,296,296,296,149,296,296,296,296,149,296,296,296,296,149,296,296,296,296,149,296,296,296,296,149,296,296,296,296,149,149,296,149,296
n02074367_ILSVRC2012_val_00016820.png,149,149,123,121,394,394,149,394,121,103,394,149,122,121,394,394,149,394,121,394,394,149,394,329,394,394,149,124,121,394,394,149,124,121,33,394,149,149,121,394,394
n02074367_ILSVRC2012_val_00025641.png,149,149,33,109,327,296,149,33,109,33,296,149,50,109,109,296,149,50,109,327,296,149,50,109,327,296,149,33,109,109,296,149,49,109,33,296,149,50,109,327,296
n02074367_ILSVRC2012_val_00030275.png,149,149,390,5,3,327,149,397,5,3,327,149,973,6,3,327,149,5,5,3,327,149,973,6,3,983,149,149,5,3,327,149,149,5,149,327,149,397,5,3,327
n02074367_ILSVRC2012_val_00031557.png,149,149,149,109,48,6,149,474,109,39,6,149,474,109,149,5,149,149,109,434,6,149,149,109,434,6,149,5,109,149,5,149,149,109,434,5,149,149,109,459,6
n02074367_ILSVRC2012_val_00033885.png,149,149,103,103,103,103,149,103,103,103,103,149,103,103,103,103,149,103,103,103,103,149,103,103,103,103,149,103,103,103,103,149,103,103,103,103,149,103,103,103,103
n02074367_ILSVRC2012_val_00039561.png,149,149,395,390,327,327,149,149,395,327,327,149,395,395,973,973,149,395,395,327,327,149,395,395,327,327,149,149,973,149,327,149,390,390,327,108,149,394,395,3,327
n02077923_ILSVRC2012_val_00003335.png,150,150,150,360,360,337,150,150,360,337,337,150,360,360,337,337,150,360,360,337,337,150,150,150,150,337,150,150,150,150,360,150,150,360,150,334,150,150,150,150,360
n02077923_ILSVRC2012_val_00003574.png,150,150,360,360,360,360,150,360,360,360,360,150,360,360,360,360,150,360,360,360,360,150,360,360,360,360,150,360,360,360,360,150,360,360,360,360,150,360,360,360,360
n02077923_ILSVRC2012_val_00004302.png,150,150,196,360,367,223,150,196,360,367,369,150,196,360,367,223,150,196,360,346,223,150,196,360,346,223,150,150,360,367,150,150,150,360,367,223,150,150,150,346,150
n02077923_ILSVRC2012_val_00025926.png,150,150,346,342,360,360,150,294,342,360,360,150,586,342,360,360,150,360,342,360,360,150,345,342,360,360,150,342,342,360,360,150,360,342,360,360,150,366,342,360,360
n02077923_ILSVRC2012_val_00029634.png,150,150,150,148,150,148,150,148,148,148,148,150,148,148,150,148,150,148,148,148,148,150,148,148,148,148,150,150,148,150,148,150,150,150,150,148,150,150,150,150,148
n02077923_ILSVRC2012_val_00030675.png,150,150,150,360,360,360,150,150,360,360,360,150,360,360,360,360,150,360,360,360,360,150,360,360,360,360,150,150,360,360,360,150,150,150,360,360,150,150,150,360,360
n02077923_ILSVRC2012_val_00038217.png,150,150,346,48,360,343,150,343,48,343,343,150,343,48,343,343,150,343,48,343,343,150,343,39,150,343,150,343,48,343,343,150,349,48,360,343,150,343,48,343,343
n02077923_ILSVRC2012_val_00038726.png,150,150,150,178,703,375,150,178,178,51,375,150,178,178,703,375,150,178,178,703,375,150,178,178,703,375,150,150,562,150,375,150,150,708,703,374,150,150,562,708,375
n02077923_ILSVRC2012_val_00043549.png,150,150,197,221,150,197,150,197,183,197,199,150,224,221,179,199,150,199,267,183,199,150,150,183,197,199,150,150,183,150,199,150,150,206,224,205,150,150,183,197,199
n02085620_ILSVRC2012_val_00034782.png,151,151,151,151,151,151,151,667,667,151,667,151,667,667,667,667,151,667,667,667,667,151,151,667,151,667,151,151,667,151,667,151,151,151,151,151,151,151,667,151,667
n02085620_ILSVRC2012_val_00039439.png,151,151,263,263,263,263,151,263,263,263,263,151,263,263,263,263,151,263,263,263,263,151,263,263,263,263,151,263,263,263,263,151,263,263,263,263,151,263,263,263,263
n02085782_ILSVRC2012_val_00011749.png,152,152,157,157,157,157,152,157,157,157,157,152,157,157,157,157,152,157,157,157,157,152,157,157,157,157,152,152,157,152,157,152,152,152,152,152,152,152,152,157,157
n02085782_ILSVRC2012_val_00011985.png,152,152,154,154,155,155,152,154,154,154,155,152,154,154,152,155,152,154,154,155,155,152,152,154,152,155,152,152,152,152,155,152,152,154,152,152,152,152,154,152,154
n02085782_ILSVRC2012_val_00014911.png,152,152,154,154,154,154,152,377,154,154,154,152,287,154,154,154,152,152,154,154,154,152,152,154,152,154,152,152,154,152,154,152,152,154,152,154,152,152,154,152,154
n02085782_ILSVRC2012_val_00037230.png,152,152,152,154,169,217,152,152,154,157,217,152,154,154,157,161,152,154,154,587,161,152,152,154,154,217,152,154,154,152,217,152,152,154,152,217,152,154,154,152,217
n02085936_ILSVRC2012_val_00004748.png,153,153,155,155,265,265,153,155,155,153,999,153,155,155,700,700,153,155,155,700,700,153,155,155,153,700,153,155,155,999,700,153,204,155,204,700,153,204,155,155,700
n02085936_ILSVRC2012_val_00021452.png,153,153,266,266,266,266,153,267,266,267,266,153,267,266,266,266,153,266,266,267,266,153,266,266,266,265,153,265,265,265,265,153,266,266,265,266,153,266,266,266,266
n02085936_ILSVRC2012_val_00029546.png,153,153,192,257,203,203,153,203,257,203,203,153,170,257,203,203,153,170,257,203,203,153,202,257,203,203,153,170,257,203,203,153,170,257,203,203,153,170,257,194,203
n02085936_ILSVRC2012_val_00040549.png,153,153,266,194,266,204,153,203,194,194,204,153,589,200,266,204,153,266,194,713,204,153,266,204,204,204,153,589,200,153,204,153,153,200,266,204,153,589,194,266,204
n02086079_ILSVRC2012_val_00003136.png,154,154,259,259,259,259,154,259,259,259,259,154,259,259,259,259,154,259,259,259,259,154,259,259,259,259,154,259,259,259,259,154,154,259,259,259,154,154,259,154,259
n02086079_ILSVRC2012_val_00007137.png,154,154,154,212,156,156,154,154,156,156,156,154,361,218,154,156,154,154,216,156,156,154,154,212,154,156,154,154,154,154,154,154,154,154,154,154,154,154,154,154,154
n02086079_ILSVRC2012_val_00020784.png,154,154,151,151,219,219,154,151,245,219,219,154,151,195,219,219,154,151,245,219,219,154,151,154,219,219,154,151,195,219,219,154,151,151,219,219,154,151,245,219,219
n02086079_ILSVRC2012_val_00024836.png,154,154,154,155,155,155,154,204,204,204,155,154,204,204,204,204,154,204,204,200,204,154,204,204,200,204,154,204,204,204,204,154,154,204,154,204,154,154,204,204,204
n02086079_ILSVRC2012_val_00049027.png,154,154,222,245,222,222,154,222,245,222,222,154,222,245,222,222,154,222,245,222,222,154,222,245,222,222,154,257,245,222,222,154,257,245,222,222,154,222,245,222,222
n02086240_ILSVRC2012_val_00004557.png,155,155,200,204,212,200,155,200,204,155,200,155,200,204,217,200,155,200,204,217,200,155,200,204,217,200,155,155,155,155,200,155,155,204,155,200,155,204,204,155,200
n02086240_ILSVRC2012_val_00008206.png,155,155,155,155,155,157,155,155,155,155,157,155,434,204,151,157,155,434,155,151,157,155,155,155,155,157,155,155,155,152,157,155,155,155,155,157,155,155,155,155,155
n02086240_ILSVRC2012_val_00010805.png,155,155,204,204,155,155,155,204,204,155,155,155,204,204,155,155,155,204,204,700,204,155,155,155,155,155,155,155,155,155,204,155,155,155,155,155,155,155,155,155,155
n02086240_ILSVRC2012_val_00017268.png,155,155,204,204,155,155,155,204,204,204,204,155,204,204,204,204,155,204,204,204,204,155,204,155,204,204,155,204,204,204,204,155,204,204,204,204,155,204,155,204,204
n02086240_ILSVRC2012_val_00036602.png,155,155,204,204,204,204,155,204,204,155,204,155,204,204,153,204,155,204,204,153,204,155,204,204,204,204,155,155,204,155,204,155,204,204,153,204,155,204,204,204,204
n02086646_ILSVRC2012_val_00001141.png,156,156,156,164,215,215,156,156,164,151,457,156,457,164,162,457,156,457,164,457,457,156,156,164,215,457,156,265,164,215,215,156,156,164,156,156,156,156,162,156,156
n02086646_ILSVRC2012_val_00001164.png,156,156,215,215,156,215,156,215,215,156,215,156,215,215,215,215,156,215,215,215,215,156,215,215,215,215,156,156,215,156,215,156,156,215,156,215,156,156,215,156,215
n02086646_ILSVRC2012_val_00002988.png,156,156,247,156,218,220,156,247,154,218,220,156,247,154,156,218,156,247,156,218,220,156,156,156,156,219,156,156,204,218,218,156,156,156,218,220,156,156,156,156,218
n02086646_ILSVRC2012_val_00007090.png,156,156,215,215,215,215,156,215,215,215,215,156,215,215,215,215,156,215,215,215,215,156,215,215,215,215,156,215,215,215,215,156,215,215,215,215,156,215,215,215,215
n02086646_ILSVRC2012_val_00008975.png,156,156,156,156,215,215,156,156,156,215,215,156,157,157,156,215,156,156,156,215,215,156,156,156,215,215,156,156,156,215,215,156,156,156,156,215,156,156,156,156,215
n02086646_ILSVRC2012_val_00018652.png,156,156,156,156,156,164,156,156,156,263,162,156,157,157,156,162,156,157,157,263,164,156,157,156,156,215,156,156,156,156,162,156,156,156,156,162,156,156,156,156,156
n02086646_ILSVRC2012_val_00026969.png,156,156,155,155,155,155,156,155,155,156,155,156,155,155,155,155,156,155,155,457,155,156,155,155,155,155,156,155,155,156,155,156,155,155,156,155,156,155,155,156,155
n02086646_ILSVRC2012_val_00027937.png,156,156,156,157,156,157,156,157,157,156,230,156,259,259,263,231,156,259,259,279,231,156,157,157,156,231,156,156,157,156,157,156,156,157,156,231,156,156,157,156,231
n02086646_ILSVRC2012_val_00032774.png,156,156,156,215,215,215,156,215,215,215,215,156,215,215,215,215,156,215,215,215,210,156,215,215,215,215,156,215,215,215,215,156,156,156,215,215,156,215,215,215,215
n02086646_ILSVRC2012_val_00041305.png,156,156,156,219,156,218,156,219,219,218,218,156,219,219,218,218,156,219,219,218,218,156,156,219,219,218,156,219,219,219,219,156,156,219,219,219,156,156,219,219,218
n02086910_ILSVRC2012_val_00019603.png,157,157,157,157,239,152,157,152,434,239,152,157,152,434,239,152,157,157,434,239,152,157,152,264,239,152,157,157,157,157,157,157,157,157,157,157,157,157,157,157,157
n02086910_ILSVRC2012_val_00019770.png,157,157,157,852,259,259,157,157,852,259,259,157,852,852,259,259,157,852,852,259,259,157,157,852,259,259,157,157,157,259,259,157,157,157,259,259,157,157,157,259,259
n02086910_ILSVRC2012_val_00026522.png,157,157,156,156,156,218,157,156,156,218,218,157,156,156,218,218,157,156,156,218,218,157,156,156,218,218,157,156,156,218,218,157,157,156,218,218,157,157,156,156,218
n02086910_ILSVRC2012_val_00033263.png,157,157,156,156,156,156,157,156,156,156,156,157,156,156,156,156,157,156,156,156,156,157,157,156,157,156,157,156,156,157,156,157,157,156,156,156,157,156,156,156,156
n02086910_ILSVRC2012_val_00036440.png,157,157,157,156,157,264,157,157,155,263,264,157,154,155,157,264,157,157,157,264,264,157,157,157,157,264,157,157,157,157,264,157,157,157,157,157,157,157,157,157,264
n02086910_ILSVRC2012_val_00040178.png,157,157,157,151,157,264,157,157,151,157,264,157,151,151,157,264,157,157,151,264,264,157,157,157,157,264,157,157,157,157,264,157,157,157,157,157,157,157,157,157,264
n02087046_ILSVRC2012_val_00000170.png,158,158,151,158,171,171,158,151,151,171,171,158,151,151,171,171,158,151,151,171,171,158,151,151,171,171,158,158,151,171,176,158,158,158,171,171,158,158,151,171,171
n02087046_ILSVRC2012_val_00015845.png,158,158,158,158,158,158,158,158,158,158,158,158,434,253,158,158,158,434,253,253,253,158,158,253,253,253,158,158,158,158,158,158,158,158,253,253,158,158,253,253,253
n02087046_ILSVRC2012_val_00024053.png,158,158,174,250,269,227,158,269,250,227,227,158,269,250,227,227,158,269,250,227,227,158,269,248,227,227,158,269,248,227,227,158,174,248,227,227,158,158,248,227,227
n02087394_ILSVRC2012_val_00000077.png,159,159,212,168,176,176,159,212,168,176,176,159,212,168,159,176,159,212,168,176,176,159,159,184,159,176,159,176,168,176,176,159,159,168,159,176,159,159,168,159,176
n02087394_ILSVRC2012_val_00001651.png,159,159,243,243,243,243,159,243,243,243,243,159,243,243,243,243,159,243,243,243,243,159,243,243,243,243,159,243,243,243,243,159,243,243,243,243,159,243,243,243,243
n02087394_ILSVRC2012_val_00005364.png,159,159,237,267,184,213,159,184,211,184,213,159,151,211,184,213,159,151,184,168,213,159,159,184,168,213,159,159,184,168,213,159,159,184,168,213,159,159,211,168,213
n02087394_ILSVRC2012_val_00009200.png,159,159,168,168,163,163,159,168,168,163,163,159,168,168,163,163,159,168,168,163,163,159,168,168,163,163,159,168,168,163,163,159,168,168,163,163,159,168,168,163,163
n02087394_ILSVRC2012_val_00016510.png,159,159,163,207,207,184,159,163,219,185,700,159,161,207,207,207,159,163,207,700,700,159,163,207,230,207,159,163,207,700,700,159,163,207,208,700,159,163,207,207,222
n02088094_ILSVRC2012_val_00021532.png,160,160,160,295,220,220,160,160,256,160,220,160,256,295,256,220,160,256,256,220,220,160,160,160,160,160,160,160,160,160,160,160,160,160,160,160,160,160,256,160,160
n02088094_ILSVRC2012_val_00027757.png,160,160,214,214,214,214,160,214,214,214,214,160,214,214,214,214,160,214,214,214,214,160,214,214,214,214,160,221,214,214,214,160,160,160,214,214,160,160,219,214,214
n02088094_ILSVRC2012_val_00029056.png,160,160,206,221,206,206,160,221,221,206,206,160,221,221,221,221,160,221,221,206,206,160,221,221,221,221,160,221,221,221,221,160,221,221,221,221,160,221,221,221,221
n02088238_ILSVRC2012_val_00003922.png,161,161,162,218,218,218,161,162,218,161,218,161,162,218,218,218,161,161,218,218,218,161,161,218,218,218,161,161,218,218,218,161,161,218,161,218,161,161,218,218,218
n02088238_ILSVRC2012_val_00008311.png,161,161,162,162,162,162,161,162,162,162,162,161,162,162,162,162,161,162,162,797,162,161,162,162,161,162,161,162,162,161,162,161,161,162,162,162,161,162,162,161,162
n02088238_ILSVRC2012_val_00014234.png,161,161,162,162,162,162,161,162,162,162,162,161,162,162,162,162,161,162,162,162,166,161,161,162,162,162,161,161,162,162,162,161,161,162,162,162,161,161,162,162,166
n02088238_ILSVRC2012_val_00025539.png,161,161,166,162,215,215,161,161,162,218,218,161,166,162,215,215,161,166,162,215,215,161,166,162,215,215,161,161,161,218,218,161,161,161,215,215,161,161,162,215,215
n02088364_ILSVRC2012_val_00010420.png,162,162,175,164,164,166,162,176,166,166,166,162,169,166,166,166,162,176,166,166,166,162,166,166,166,166,162,162,166,166,166,162,166,166,166,166,162,162,162,162,166
n02088364_ILSVRC2012_val_00031220.png,162,162,162,166,166,166,162,162,166,166,166,162,700,166,166,166,162,700,166,246,166,162,700,166,166,166,162,162,167,166,166,162,162,166,166,166,162,162,166,166,166
n02088364_ILSVRC2012_val_00042258.png,162,162,219,219,161,161,162,219,219,161,161,162,219,219,161,161,162,219,219,161,161,162,219,219,161,161,162,219,219,219,161,162,219,219,161,161,162,219,219,161,161
n02088466_ILSVRC2012_val_00000141.png,163,163,243,251,611,611,163,254,246,611,178,163,243,246,611,246,163,243,246,611,246,163,246,246,246,246,163,163,246,611,246,163,163,246,611,246,163,163,246,611,246
n02088632_ILSVRC2012_val_00007966.png,164,164,9,9,342,210,164,9,9,210,210,164,9,9,210,210,164,9,9,210,210,164,9,9,164,210,164,164,272,210,210,164,164,164,164,210,164,164,9,164,210
n02088632_ILSVRC2012_val_00011878.png,164,164,164,164,164,210,164,164,164,164,210,164,210,210,164,210,164,164,210,210,210,164,164,164,164,164,164,164,164,164,210,164,164,164,164,164,164,164,164,164,210
n02088632_ILSVRC2012_val_00017113.png,164,164,214,214,217,217,164,164,214,217,217,164,214,214,217,217,164,164,212,217,217,164,214,214,212,217,164,164,214,217,217,164,164,212,164,217,164,164,214,164,217
n02088632_ILSVRC2012_val_00019481.png,164,164,165,165,244,244,164,214,165,244,244,164,214,165,244,244,164,214,165,244,244,164,214,165,244,244,164,165,165,244,244,165,165,165,244,244,164,165,164,244,244
n02088632_ILSVRC2012_val_00020823.png,164,164,164,161,164,163,164,161,161,163,163,164,161,161,161,163,164,161,161,163,163,164,161,161,161,161,164,164,191,161,163,164,164,161,164,161,164,164,161,164,161
n02088632_ILSVRC2012_val_00022122.png,164,164,210,205,210,210,164,164,214,164,210,164,210,205,164,210,164,210,214,210,210,164,210,212,210,210,164,164,210,164,210,164,164,212,164,210,164,164,212,164,210
n02088632_ILSVRC2012_val_00039010.png,164,164,210,210,210,210,164,210,210,210,210,164,210,210,210,210,164,210,210,210,210,164,210,210,210,210,164,164,210,210,210,164,210,210,210,210,164,164,210,210,210
n02089078_ILSVRC2012_val_00018811.png,165,165,214,214,165,214,165,214,214,163,214,165,214,214,165,219,165,214,214,163,219,165,214,214,165,214,165,214,214,165,219,165,214,214,165,214,165,214,214,165,219
n02089078_ILSVRC2012_val_00018840.png,165,165,234,234,214,214,165,234,234,214,214,165,234,234,214,219,165,234,234,219,219,165,234,234,214,219,165,165,234,214,214,165,234,234,214,219,165,234,234,214,214
n02089867_ILSVRC2012_val_00000511.png,166,166,180,173,162,162,166,180,207,162,162,166,180,173,162,162,166,180,162,162,162,166,167,167,162,162,166,166,173,162,162,166,166,173,162,162,166,166,167,162,162
n02089867_ILSVRC2012_val_00003646.png,166,166,180,180,180,180,166,180,180,180,180,166,180,180,180,180,166,180,180,180,180,166,180,180,180,180,166,180,180,180,180,166,180,166,180,180,166,166,166,180,180
n02089867_ILSVRC2012_val_00005831.png,166,166,166,264,161,162,166,166,239,162,162,166,238,239,162,162,166,241,212,161,162,166,166,232,166,162,166,166,215,162,162,166,166,239,166,162,166,166,217,162,162
n02089867_ILSVRC2012_val_00013818.png,166,166,164,162,164,161,166,161,162,161,161,166,162,162,162,161,166,162,162,219,161,166,162,162,161,161,166,162,162,218,161,166,162,162,161,161,166,162,162,162,161
n02089867_ILSVRC2012_val_00023765.png,166,166,162,219,219,219,166,219,219,219,219,166,219,219,219,219,166,219,219,219,219,166,219,219,219,219,166,162,219,162,219,166,162,219,219,219,166,219,219,219,219
n02089867_ILSVRC2012_val_00024521.png,166,166,162,162,217,217,166,162,162,217,217,166,162,162,217,217,166,162,162,217,217,166,166,162,217,217,166,166,162,217,217,166,166,162,215,217,166,166,162,217,217
n02089867_ILSVRC2012_val_00031118.png,166,166,218,218,162,161,166,218,218,162,161,166,218,218,161,161,166,218,218,161,161,166,218,218,161,161,166,218,218,161,161,166,218,218,161,161,166,218,218,161,161
n02089867_ILSVRC2012_val_00033233.png,166,166,162,218,161,162,166,162,218,161,162,166,162,218,218,162,166,162,218,219,162,166,162,219,219,162,166,162,218,218,162,166,162,217,162,162,166,162,218,218,162
n02089973_ILSVRC2012_val_00001696.png,167,167,162,161,162,230,167,162,162,162,230,167,162,162,264,231,167,162,162,263,263,167,162,162,537,263,167,162,162,162,264,167,167,167,537,264,167,167,162,264,264
n02089973_ILSVRC2012_val_00007929.png,167,167,162,156,162,156,167,162,162,162,162,167,162,162,162,162,167,162,162,162,162,167,162,162,215,215,167,162,162,162,162,167,162,162,162,162,167,162,162,162,162
n02090379_ILSVRC2012_val_00009348.png,168,168,163,163,243,163,168,163,163,243,243,168,163,163,163,163,168,163,163,243,243,168,163,163,159,243,168,163,163,163,163,168,163,163,163,163,168,163,163,163,163
n02090379_ILSVRC2012_val_00041688.png,168,168,163,163,243,159,168,163,202,163,159,168,163,611,243,159,168,163,611,243,159,168,163,163,159,159,168,163,611,159,159,168,163,163,163,159,168,163,611,163,159
n02090622_ILSVRC2012_val_00005718.png,169,169,169,258,257,257,169,203,258,169,257,169,203,258,257,257,169,203,258,257,257,169,257,258,257,257,169,257,258,257,257,169,203,258,257,257,169,169,257,169,257
n02090622_ILSVRC2012_val_00006265.png,169,169,169,109,270,249,169,173,396,270,270,169,173,396,250,248,169,173,396,248,250,169,173,973,231,250,169,173,169,257,270,169,169,247,257,248,169,169,169,169,169
n02090622_ILSVRC2012_val_00020810.png,169,169,176,171,266,176,169,176,171,208,176,169,176,171,151,176,169,176,171,151,176,169,176,172,151,176,169,176,171,208,176,169,169,172,172,176,169,176,172,169,176
n02090622_ILSVRC2012_val_00031051.png,169,169,177,160,177,177,169,269,176,177,177,169,24,176,177,177,169,177,176,177,177,169,169,176,177,177,169,169,176,177,177,169,177,160,177,177,169,177,169,177,177
n02090622_ILSVRC2012_val_00031672.png,169,169,212,212,232,212,169,212,212,232,212,169,212,212,232,212,169,212,212,232,212,169,212,212,232,212,169,212,212,232,212,169,212,212,232,212,169,212,212,212,212
n02090622_ILSVRC2012_val_00033651.png,169,169,169,160,170,170,169,169,160,170,170,169,287,160,170,170,169,169,160,175,170,169,169,160,169,170,169,169,160,169,170,169,169,160,169,170,169,169,169,169,170
n02090622_ILSVRC2012_val_00034980.png,169,169,212,181,212,176,169,212,169,212,176,169,287,327,212,176,169,169,169,212,176,169,212,188,212,176,169,169,169,169,176,169,169,169,169,176,169,169,169,169,176
n02090622_ILSVRC2012_val_00048925.png,169,169,169,51,212,212,169,270,327,216,212,169,270,108,169,212,169,270,115,216,212,169,270,173,212,212,169,269,169,212,212,169,270,212,212,212,169,270,169,169,212
n02090721_ILSVRC2012_val_00011311.png,170,170,197,252,196,155,170,177,252,196,155,170,177,252,155,155,170,177,252,155,155,170,177,252,155,265,170,177,252,252,200,170,177,252,252,265,170,177,252,265,265
n02090721_ILSVRC2012_val_00013507.png,170,170,177,177,177,169,170,177,177,177,177,170,177,177,177,171,170,177,177,177,171,170,177,177,177,177,170,177,177,177,169,177,177,177,177,177,170,177,177,177,169
n02090721_ILSVRC2012_val_00016545.png,170,170,177,177,177,177,170,177,177,177,177,170,177,177,177,177,170,177,177,177,177,170,177,177,177,177,170,170,177,177,177,170,177,177,177,177,170,177,177,177,177
n02090721_ILSVRC2012_val_00032464.png,170,170,177,177,170,177,170,170,177,170,177,170,177,177,170,177,170,170,177,169,177,170,177,177,177,177,170,170,170,170,177,170,170,170,170,177,170,170,170,170,177
n02091032_ILSVRC2012_val_00010302.png,171,171,172,172,158,166,171,172,172,166,166,171,172,172,173,166,171,172,172,158,166,171,172,172,173,166,171,172,172,172,210,171,172,172,172,172,171,172,172,171,167
n02091032_ILSVRC2012_val_00014653.png,171,171,172,177,172,172,171,177,177,177,172,171,169,169,177,172,171,172,169,170,172,171,172,169,172,172,171,172,169,172,172,171,172,177,177,172,171,171,177,171,172
n02091032_ILSVRC2012_val_00022684.png,171,171,171,269,372,170,171,172,172,341,172,171,172,172,171,172,171,172,172,735,172,171,171,172,171,172,171,172,169,177,169,171,172,172,177,172,171,172,172,172,172
n02091032_ILSVRC2012_val_00042099.png,171,171,171,172,268,268,171,172,172,268,268,171,172,172,268,268,171,172,172,268,268,171,172,172,268,268,171,172,172,268,268,171,171,172,268,268,171,172,172,268,268
n02091134_ILSVRC2012_val_00003597.png,172,172,172,171,182,177,172,172,171,182,177,172,171,171,182,177,172,171,171,182,177,172,172,171,172,170,172,172,171,225,177,172,172,171,172,177,172,172,172,172,177
n02091134_ILSVRC2012_val_00004407.png,172,172,173,173,176,176,172,173,173,176,176,172,173,173,173,176,172,172,169,176,176,172,173,173,176,176,172,173,173,173,176,172,172,173,176,176,172,173,173,172,176
n02091134_ILSVRC2012_val_00015562.png,172,172,172,176,176,176,172,176,176,176,176,172,176,176,172,176,172,176,176,176,176,172,172,172,172,176,172,176,176,176,176,172,176,169,176,176,172,172,169,172,176
n02091134_ILSVRC2012_val_00022753.png,172,172,236,191,236,236,172,237,237,191,234,172,237,237,236,236,172,237,237,236,236,172,172,172,172,172,172,172,237,236,236,172,172,172,172,172,172,172,173,172,172
n02091244_ILSVRC2012_val_00001548.png,173,173,173,173,173,253,173,173,213,253,253,173,176,176,173,253,173,173,173,253,253,173,173,173,173,253,173,173,173,173,253,173,173,173,173,173,173,173,173,173,173
n02091244_ILSVRC2012_val_00012608.png,173,173,180,180,180,171,173,180,180,209,173,173,179,179,208,171,173,180,180,208,171,173,173,180,215,171,173,180,173,208,171,173,173,173,173,171,173,173,173,208,171
n02091244_ILSVRC2012_val_00017734.png,173,173,339,339,339,339,173,339,339,339,339,173,339,339,339,339,173,339,339,339,339,173,173,339,339,339,173,173,339,339,339,173,339,339,339,339,173,339,339,339,339
n02091244_ILSVRC2012_val_00036181.png,173,173,173,700,173,700,173,173,700,999,700,173,700,700,700,700,173,700,700,700,700,173,173,173,173,700,173,173,700,215,700,173,173,700,173,700,173,173,173,173,700
n02091467_ILSVRC2012_val_00008042.png,174,174,235,816,235,235,174,235,816,235,235,174,235,816,235,235,174,235,816,235,235,174,235,911,235,235,174,235,911,235,235,174,235,911,235,235,174,235,816,235,235
n02091467_ILSVRC2012_val_00010665.png,174,174,174,279,174,174,174,174,279,174,987,174,279,279,174,987,174,174,279,987,987,174,174,174,174,174,174,174,174,174,987,174,174,174,174,174,174,174,174,174,174
n02091467_ILSVRC2012_val_00013860.png,174,174,224,381,105,250,174,224,381,452,250,174,224,381,452,250,174,224,374,452,250,174,224,381,51,250,174,270,383,222,249,174,270,104,222,250,174,174,174,174,250
n02091467_ILSVRC2012_val_00023283.png,174,174,261,261,276,225,174,261,261,170,225,174,261,261,225,225,174,261,261,676,225,174,261,261,174,225,174,174,261,174,225,174,174,261,174,225,174,261,261,174,225
n02091467_ILSVRC2012_val_00029705.png,174,174,269,342,269,225,174,343,343,225,225,174,343,343,225,225,174,343,343,225,225,174,343,343,225,225,174,174,269,174,225,174,174,343,174,225,174,174,343,225,225
n02091467_ILSVRC2012_val_00036618.png,174,174,182,182,261,192,174,182,182,261,192,174,182,182,261,192,174,182,182,261,192,174,182,182,261,192,174,182,192,261,192,174,182,182,261,192,174,182,182,261,192
n02091467_ILSVRC2012_val_00038933.png,174,174,235,235,235,235,174,235,235,235,235,174,235,235,235,235,174,235,235,235,235,174,235,235,235,235,174,235,235,235,235,174,235,235,235,235,174,235,235,235,235
n02091467_ILSVRC2012_val_00049263.png,174,174,250,611,249,196,174,250,611,264,196,174,250,611,235,196,174,248,611,264,196,174,250,611,264,196,174,250,611,174,196,174,174,611,174,196,174,174,611,174,196
n02091635_ILSVRC2012_val_00001812.png,175,175,218,265,267,265,175,218,267,267,266,175,218,850,266,266,175,218,850,266,265,175,218,850,191,266,175,219,229,267,266,175,218,267,267,266,175,218,229,267,266
n02091635_ILSVRC2012_val_00002059.png,175,175,175,226,175,226,175,175,226,226,226,175,200,226,226,226,175,200,226,226,226,175,200,226,200,226,175,175,175,175,226,175,175,175,175,226,175,175,175,175,226
n02091635_ILSVRC2012_val_00031508.png,175,175,193,212,196,196,175,193,162,196,196,175,151,162,175,196,175,162,162,196,196,175,193,162,196,196,175,186,162,175,196,175,194,175,194,196,175,175,175,175,175
n02091635_ILSVRC2012_val_00032727.png,175,175,175,176,175,196,175,196,176,196,196,175,196,176,196,196,175,196,176,196,196,175,175,176,175,196,175,196,176,196,196,175,175,176,175,196,175,175,175,175,175
n02091635_ILSVRC2012_val_00034121.png,175,175,175,226,226,184,175,175,226,226,184,175,226,226,226,184,175,226,226,226,184,175,175,226,175,175,175,175,175,175,175,175,175,175,175,175,175,175,175,175,175
n02091635_ILSVRC2012_val_00037989.png,175,175,191,162,164,164,175,218,162,161,164,175,588,171,164,164,175,267,161,164,164,175,186,161,164,164,175,175,176,161,164,175,219,161,164,164,175,219,161,164,164
n02091831_ILSVRC2012_val_00035609.png,176,176,169,169,176,177,176,176,169,176,646,176,169,169,646,646,176,176,169,646,646,176,169,169,646,646,176,176,169,176,176,176,176,169,176,176,176,176,169,176,169
n02091831_ILSVRC2012_val_00035725.png,176,176,176,172,222,222,176,176,172,222,222,176,172,172,222,222,176,172,172,222,222,176,172,172,222,222,176,172,172,222,222,176,176,172,222,222,176,172,172,222,222
n02091831_ILSVRC2012_val_00040650.png,176,176,160,267,244,163,176,160,267,163,163,176,160,266,163,163,176,160,267,163,163,176,160,267,165,176,176,160,267,244,163,176,160,267,160,160,176,160,267,160,163
n02092002_ILSVRC2012_val_00003725.png,177,177,170,229,170,170,177,170,229,170,170,177,229,229,170,170,177,229,229,170,170,177,229,229,170,170,177,177,229,170,170,177,170,170,170,170,177,170,170,170,170
n02092002_ILSVRC2012_val_00010398.png,177,177,177,177,177,177,177,177,177,170,170,177,902,249,170,170,177,177,177,170,170,177,177,177,170,170,177,177,177,170,170,177,177,177,170,170,177,177,177,170,170
n02092002_ILSVRC2012_val_00024254.png,177,177,170,226,170,170,177,170,226,170,170,177,170,226,170,170,177,170,226,170,170,177,170,226,170,170,177,170,170,170,170,177,170,226,170,170,177,170,170,170,170
n02092002_ILSVRC2012_val_00024335.png,177,177,177,177,177,169,177,177,170,169,169,177,170,170,169,169,177,177,177,169,169,177,177,177,169,169,177,177,177,169,169,177,177,177,169,169,177,177,170,177,169
n02092002_ILSVRC2012_val_00026985.png,177,177,170,170,170,170,177,170,170,170,170,177,170,170,170,170,177,170,170,170,170,177,170,170,170,170,177,170,170,170,170,177,170,170,170,170,177,170,170,170,170
n02092002_ILSVRC2012_val_00031827.png,177,177,177,226,197,197,177,177,226,197,197,177,7,226,197,197,177,160,226,197,197,177,160,177,197,197,177,160,226,197,197,177,177,177,177,197,177,170,170,170,197
n02092002_ILSVRC2012_val_00032368.png,177,177,205,244,224,244,177,244,244,244,244,177,244,244,244,244,177,244,244,244,244,177,244,244,244,244,177,244,244,244,244,177,177,244,244,244,177,244,244,244,244
n02092002_ILSVRC2012_val_00038705.png,177,177,197,199,197,262,177,197,219,197,262,177,197,160,197,262,177,197,160,197,262,177,177,160,197,214,177,177,160,198,205,177,197,160,177,198,177,197,177,197,262
n02092002_ILSVRC2012_val_00049004.png,177,177,177,170,170,170,177,177,170,170,170,177,170,170,170,170,177,170,170,170,170,177,170,170,170,170,177,177,170,170,170,177,177,177,170,170,177,170,170,170,170
n02092339_ILSVRC2012_val_00001385.png,178,178,178,181,163,164,178,178,181,385,164,178,246,181,163,164,178,178,181,163,164,178,178,181,178,164,178,178,178,163,164,178,178,181,178,164,178,178,181,178,164
n02092339_ILSVRC2012_val_00002847.png,178,178,178,750,178,750,178,178,750,178,750,178,750,750,750,750,178,750,750,750,750,178,750,750,750,750,178,178,750,178,750,178,178,750,750,750,178,178,181,750,750
n02092339_ILSVRC2012_val_00010294.png,178,178,296,296,180,180,178,178,251,246,246,178,246,246,246,246,178,178,246,246,246,178,178,246,178,246,178,178,246,178,246,178,178,246,246,246,178,178,178,178,246
n02092339_ILSVRC2012_val_00011391.png,178,178,209,178,178,178,178,209,765,209,178,178,765,765,172,171,178,765,765,171,171,178,765,765,765,171,178,209,181,171,171,178,181,170,171,171,178,209,765,171,171
n02092339_ILSVRC2012_val_00032957.png,178,178,178,171,246,246,178,178,178,246,246,178,171,171,246,246,178,171,171,246,246,178,178,171,246,246,178,178,178,246,246,178,178,178,246,246,178,178,178,246,246
n02092339_ILSVRC2012_val_00034796.png,178,178,209,206,209,209,178,209,206,209,209,178,209,206,209,209,178,209,206,209,209,178,209,209,209,209,178,209,206,209,209,178,209,209,209,209,178,209,209,209,209
n02093256_ILSVRC2012_val_00001419.png,179,179,179,179,179,179,179,179,208,179,180,179,676,217,180,180,179,179,180,176,178,179,179,246,246,246,179,179,180,179,180,179,179,246,179,180,179,180,180,180,180
n02093256_ILSVRC2012_val_00011925.png,179,179,179,205,208,246,179,205,205,180,178,179,929,205,178,178,179,205,205,178,178,179,179,205,178,178,179,179,205,208,208,179,179,205,180,246,179,179,205,179,208
n02093256_ILSVRC2012_val_00016494.png,179,179,179,179,179,179,179,180,246,246,180,179,676,178,246,180,179,179,246,246,180,179,179,178,205,180,179,179,246,246,180,179,179,246,246,179,179,179,179,246,179
n02093256_ILSVRC2012_val_00025951.png,179,179,179,246,206,177,179,179,246,205,205,179,246,246,177,177,179,246,246,177,177,179,246,246,179,177,179,246,246,177,177,179,246,246,177,177,179,179,246,177,177
n02093256_ILSVRC2012_val_00026058.png,179,179,255,180,179,219,179,256,180,180,219,179,255,178,434,219,179,255,180,434,219,179,256,180,434,219,179,256,180,180,219,179,256,180,179,219,179,179,180,179,219
n02093256_ILSVRC2012_val_00033319.png,179,179,179,179,179,176,179,179,246,246,176,179,246,246,179,176,179,246,246,246,176,179,179,246,246,176,179,179,246,246,176,179,179,180,179,172,179,179,179,179,172
n02093256_ILSVRC2012_val_00034055.png,179,179,245,254,245,254,179,254,254,254,254,179,254,254,254,254,179,254,254,254,254,179,254,254,254,254,179,179,254,179,254,179,254,254,254,254,179,254,254,254,254
n02093256_ILSVRC2012_val_00035952.png,179,179,206,197,206,227,179,206,246,355,227,179,206,178,227,227,179,206,206,355,227,179,206,246,227,227,179,206,246,244,205,179,206,180,177,227,179,206,180,177,205
n02093256_ILSVRC2012_val_00044003.png,179,179,179,180,180,180,179,180,180,180,180,179,676,180,180,180,179,179,180,180,180,179,179,180,180,180,179,179,180,180,180,179,179,179,179,180,179,179,180,179,180
n02093428_ILSVRC2012_val_00005790.png,180,180,237,151,178,178,180,171,151,180,171,180,785,151,171,171,180,785,151,171,171,180,151,151,171,171,180,162,151,171,171,180,242,151,180,171,180,162,151,171,171
n02093428_ILSVRC2012_val_00010627.png,180,180,195,195,227,240,180,195,195,151,240,180,195,195,195,240,180,195,195,837,240,180,195,195,241,241,180,195,195,238,241,180,195,195,241,240,180,195,195,180,238
n02093428_ILSVRC2012_val_00047271.png,180,180,242,247,180,180,180,242,247,180,180,180,242,247,179,179,180,242,247,179,179,180,242,247,179,179,180,180,247,180,179,180,180,180,180,180,180,180,247,180,180
n02093428_ILSVRC2012_val_00049036.png,180,180,163,226,163,237,180,163,184,163,237,180,163,226,163,237,180,163,184,163,237,180,163,163,163,237,180,180,163,163,237,180,180,184,163,237,180,180,184,180,237
n02093647_ILSVRC2012_val_00004342.png,181,181,189,191,189,190,181,189,191,189,190,181,189,191,181,190,181,181,191,457,190,181,181,181,190,190,181,189,189,189,190,181,181,191,181,190,181,181,181,181,190
n02093647_ILSVRC2012_val_00009033.png,181,181,181,267,222,160,181,267,267,257,160,181,267,267,229,160,181,181,267,257,160,181,267,267,226,160,181,181,267,202,160,181,181,267,181,160,181,181,181,202,160
n02093647_ILSVRC2012_val_00009636.png,181,181,181,850,266,160,181,181,824,265,160,181,700,824,266,160,181,700,824,265,160,181,181,824,265,160,181,181,181,266,160,181,181,181,181,160,181,181,181,266,160
n02093647_ILSVRC2012_val_00011055.png,181,181,194,229,194,229,181,229,204,204,229,181,229,229,229,229,181,229,229,200,229,181,194,229,229,229,181,229,229,194,229,181,229,229,194,229,181,229,229,229,229
n02093647_ILSVRC2012_val_00034155.png,181,181,181,267,181,267,181,267,267,267,267,181,267,267,267,267,181,267,267,267,267,181,267,267,267,267,181,181,181,267,267,181,181,181,181,267,181,181,267,267,267
n02093754_ILSVRC2012_val_00004053.png,182,182,182,184,182,202,182,184,184,184,202,182,184,184,197,202,182,184,184,197,202,182,184,184,184,202,182,184,184,198,202,182,182,184,184,202,182,184,184,184,226
n02093754_ILSVRC2012_val_00004374.png,182,182,182,341,182,210,182,182,342,182,210,182,363,344,182,210,182,182,344,163,210,182,182,180,182,210,182,182,180,209,210,182,269,235,182,210,182,182,182,182,210
n02093754_ILSVRC2012_val_00005340.png,182,182,182,182,182,185,182,182,182,182,186,182,185,192,192,186,182,185,192,186,186,182,185,192,192,186,182,185,192,192,185,182,182,182,182,186,182,185,182,226,186
n02093754_ILSVRC2012_val_00010785.png,182,182,182,180,276,172,182,182,180,276,172,182,180,180,276,172,182,180,180,276,172,182,182,180,182,172,182,243,243,182,172,182,180,180,276,172,182,180,180,182,172
n02093754_ILSVRC2012_val_00040004.png,182,182,380,292,373,282,182,182,282,262,282,182,380,292,262,282,182,377,282,283,282,182,371,292,182,282,182,291,287,262,287,182,182,255,182,282,182,182,255,182,282
n02093754_ILSVRC2012_val_00044399.png,182,182,182,235,235,235,182,163,163,235,235,182,163,163,235,235,182,163,163,235,235,182,163,163,235,235,182,182,163,235,235,182,163,163,235,235,182,182,163,235,235
n02093754_ILSVRC2012_val_00044977.png,182,182,261,187,182,185,182,182,187,182,182,182,259,187,182,185,182,182,187,293,185,182,182,187,182,182,182,182,187,182,182,182,182,182,182,182,182,182,182,182,182
n02093754_ILSVRC2012_val_00046739.png,182,182,200,200,202,200,182,200,200,202,200,182,200,200,226,200,182,200,200,226,200,182,200,200,200,200,182,200,204,200,200,182,200,200,200,200,182,200,200,226,200
n02093859_ILSVRC2012_val_00023401.png,183,183,197,197,267,267,183,197,197,267,267,183,214,205,267,267,183,183,197,267,267,183,199,197,267,267,183,266,197,267,267,183,197,197,267,267,183,189,197,183,267
n02093859_ILSVRC2012_val_00029670.png,183,233,233,226,266,266,183,233,226,266,266,183,233,226,267,266,183,233,226,265,266,183,233,226,266,266,183,233,226,266,266,183,233,226,266,266,183,233,226,266,266
n02093859_ILSVRC2012_val_00033997.png,183,183,183,196,183,196,183,188,196,196,196,183,188,196,196,196,183,183,196,196,196,183,183,196,196,196,183,183,183,183,196,183,183,183,183,196,183,183,183,183,183
n02093859_ILSVRC2012_val_00036491.png,183,183,183,177,189,189,183,189,177,189,189,183,189,177,189,189,183,183,177,189,189,183,183,177,183,189,183,183,183,183,189,183,183,189,183,189,183,183,183,183,183
n02093859_ILSVRC2012_val_00037440.png,183,183,183,197,177,177,183,197,197,177,177,183,197,197,177,177,183,197,197,177,177,183,197,197,177,177,183,183,197,177,177,183,183,197,233,177,183,183,197,233,177
n02093991_ILSVRC2012_val_00015173.png,184,184,193,200,193,355,184,193,193,193,348,184,155,200,231,348,184,200,200,232,348,184,184,200,213,348,184,200,200,184,347,184,185,200,207,228,184,184,200,184,184
n02093991_ILSVRC2012_val_00021206.png,184,184,191,191,193,193,184,184,611,193,193,184,191,611,193,193,184,189,611,193,193,184,184,611,193,193,184,189,611,193,193,184,184,611,184,184,184,184,611,184,193
n02093991_ILSVRC2012_val_00023515.png,184,184,191,191,191,191,184,191,191,191,191,184,191,191,191,191,184,191,191,191,191,184,191,191,191,191,184,191,191,191,191,184,191,191,191,191,184,191,191,191,191
n02093991_ILSVRC2012_val_00043837.png,184,184,191,611,191,191,184,191,611,191,191,184,191,611,191,191,184,191,611,191,191,184,191,611,191,191,184,191,611,191,191,184,191,611,191,191,184,191,611,191,191
n02094114_ILSVRC2012_val_00015028.png,185,185,201,201,200,193,185,201,201,201,201,185,201,201,200,201,185,201,201,200,193,185,201,201,185,193,185,185,201,200,193,185,185,201,185,193,185,201,201,185,193
n02094114_ILSVRC2012_val_00033965.png,185,192,196,196,192,192,185,196,193,192,192,185,196,193,192,192,185,196,192,192,192,185,196,201,192,192,185,192,192,192,192,185,196,201,192,192,185,196,192,192,192
n02094258_ILSVRC2012_val_00018460.png,186,186,203,192,192,192,186,203,192,185,185,186,284,192,185,185,186,203,192,185,185,186,203,192,185,185,186,192,192,186,192,186,192,192,185,192,186,192,192,192,192
n02094258_ILSVRC2012_val_00021697.png,186,186,186,193,276,212,186,182,193,182,212,186,227,193,227,212,186,186,193,164,212,186,186,193,193,212,186,186,193,227,212,186,186,186,186,212,186,186,193,186,212
n02094258_ILSVRC2012_val_00030671.png,186,186,184,187,193,193,186,184,187,193,193,186,184,187,193,193,186,184,193,193,193,186,184,187,193,193,186,184,187,193,193,186,184,187,193,193,186,184,192,193,193
n02094258_ILSVRC2012_val_00031764.png,186,186,201,187,193,193,186,201,187,193,201,186,201,187,193,193,186,193,187,193,193,186,193,187,193,193,186,201,187,193,193,186,193,187,193,193,186,186,187,187,187
n02094258_ILSVRC2012_val_00038911.png,186,186,182,182,186,182,186,182,182,182,186,186,182,182,182,182,186,182,182,182,182,186,186,182,186,182,186,186,186,186,186,186,186,186,186,182,186,186,182,186,182
n02094258_ILSVRC2012_val_00045518.png,186,186,186,186,192,192,186,182,263,192,192,186,859,263,192,192,186,186,263,226,192,186,186,263,226,192,186,186,263,192,192,186,186,186,192,192,186,186,186,186,192
n02094433_ILSVRC2012_val_00000696.png,187,187,186,186,186,186,187,186,186,186,186,187,186,186,186,186,187,186,186,186,186,187,185,186,185,186,187,186,186,186,186,187,186,186,186,186,187,186,186,186,186
n02094433_ILSVRC2012_val_00008324.png,187,187,187,187,193,201,187,201,201,201,201,187,201,201,193,201,187,201,201,193,201,187,201,201,193,201,187,201,201,193,201,187,201,201,201,201,187,201,187,201,201
n02094433_ILSVRC2012_val_00021892.png,187,187,193,193,193,193,187,193,193,193,193,187,193,193,193,193,187,193,193,193,193,187,193,193,193,193,187,193,193,193,193,187,193,193,193,193,187,193,193,193,193
n02094433_ILSVRC2012_val_00039256.png,187,187,259,154,155,153,187,155,154,155,155,187,154,154,155,153,187,154,154,155,153,187,155,154,155,153,187,155,154,155,155,187,204,155,155,153,187,155,155,155,153
n02095314_ILSVRC2012_val_00031048.png,188,188,188,188,188,189,188,189,188,188,189,188,202,189,188,189,188,188,188,679,189,188,188,188,188,188,188,188,188,188,188,188,188,189,188,189,188,188,188,188,188
n02095314_ILSVRC2012_val_00036220.png,188,188,188,190,190,189,188,189,190,189,189,188,491,190,189,189,188,188,190,189,189,188,188,190,188,189,188,188,188,189,188,188,188,190,189,189,188,188,190,188,189
n02095314_ILSVRC2012_val_00038926.png,188,188,228,270,190,229,188,270,270,190,229,188,270,270,190,229,188,181,270,190,229,188,169,270,190,229,188,188,229,190,229,188,188,228,190,229,188,188,270,190,229
n02095314_ILSVRC2012_val_00039505.png,188,188,188,188,188,188,188,188,188,188,162,188,845,850,188,457,188,188,188,845,457,188,188,190,188,457,188,188,188,188,171,188,188,188,188,188,188,188,188,188,188
n02095314_ILSVRC2012_val_00049364.png,188,188,190,190,188,229,188,190,190,188,229,188,190,190,189,229,188,190,190,189,229,188,188,190,188,229,188,190,190,189,229,188,188,190,188,229,188,188,190,188,229
n02095570_ILSVRC2012_val_00017992.png,189,189,201,187,187,187,189,187,187,187,187,189,187,187,187,187,189,187,187,187,187,189,187,187,187,187,189,187,187,187,187,189,189,187,189,187,189,189,187,189,187
n02095570_ILSVRC2012_val_00024085.png,189,189,191,191,191,191,189,191,191,191,191,189,191,191,191,191,189,191,191,191,191,189,191,191,191,191,189,191,191,191,191,189,191,191,191,191,191,191,191,191,191
n02095570_ILSVRC2012_val_00037052.png,189,189,229,229,735,266,189,229,229,735,266,189,229,229,287,266,189,229,229,474,266,189,229,229,228,266,189,229,229,266,266,189,229,229,267,267,191,229,229,233,267
n02095570_ILSVRC2012_val_00037393.png,189,189,198,202,196,196,189,196,202,198,196,189,155,202,196,196,189,202,202,196,196,189,196,202,196,196,189,190,202,202,196,189,190,202,190,196,189,196,202,196,196
n02095570_ILSVRC2012_val_00038668.png,189,189,189,201,187,187,189,187,219,187,187,189,721,219,187,187,189,194,219,187,187,189,189,219,187,187,189,189,189,187,187,189,189,265,187,187,189,189,219,187,187
n02095570_ILSVRC2012_val_00042120.png,189,189,189,191,189,189,189,189,191,189,196,189,191,191,189,196,189,189,191,377,196,189,189,189,189,196,189,189,191,189,189,189,189,189,189,189,189,189,189,189,189
n02095889_ILSVRC2012_val_00000474.png,190,190,222,489,296,257,190,190,489,203,355,190,270,489,222,355,190,270,190,279,355,190,190,190,190,257,190,190,190,190,355,190,190,190,190,257,190,190,190,190,190
n02095889_ILSVRC2012_val_00005687.png,190,190,189,189,202,229,190,189,196,204,229,190,196,196,200,229,190,196,196,204,229,190,196,196,204,229,190,196,196,204,229,190,190,189,204,229,190,189,196,204,229
n02095889_ILSVRC2012_val_00010739.png,190,190,189,189,189,189,190,189,189,189,189,190,191,189,189,189,190,189,189,189,189,190,188,189,189,189,190,190,188,189,189,190,189,189,189,189,190,189,189,189,189
n02095889_ILSVRC2012_val_00014477.png,190,190,170,188,170,170,190,188,188,170,170,190,188,188,170,170,190,188,188,170,170,190,188,188,198,170,190,188,188,190,170,190,188,190,190,170,190,188,188,190,170
n02095889_ILSVRC2012_val_00020637.png,190,190,190,296,190,203,190,203,296,203,203,190,296,296,190,190,190,190,190,145,199,190,190,296,190,199,190,190,190,203,203,190,190,190,190,203,190,190,190,190,190
n02095889_ILSVRC2012_val_00030339.png,190,190,181,181,202,202,190,202,568,202,202,190,368,568,202,202,190,202,568,202,202,190,850,568,202,202,190,190,568,202,202,190,190,568,202,202,190,190,202,202,202
n02095889_ILSVRC2012_val_00032314.png,190,190,153,850,496,568,190,169,568,284,568,190,697,568,911,568,190,190,568,658,568,190,190,568,190,568,190,190,568,190,568,190,190,568,190,568,190,190,190,190,190
n02095889_ILSVRC2012_val_00032325.png,190,190,202,189,265,267,190,516,188,267,267,190,428,189,265,266,190,190,189,265,266,190,190,188,190,266,190,190,188,265,266,190,190,611,190,181,190,190,190,190,266
n02095889_ILSVRC2012_val_00040712.png,190,190,203,431,216,216,190,203,431,216,216,190,254,785,216,216,190,254,785,216,216,190,254,785,216,216,190,254,676,216,216,190,257,785,216,216,190,208,254,216,216
n02095889_ILSVRC2012_val_00044904.png,190,190,194,202,181,194,190,194,202,850,194,190,194,202,202,194,190,190,202,267,194,190,190,202,202,194,190,190,202,190,194,190,190,202,190,194,190,190,202,190,194
n02096051_ILSVRC2012_val_00013463.png,191,191,191,611,191,189,191,191,611,191,189,191,186,611,189,189,191,191,611,189,189,191,191,611,189,189,191,191,611,189,189,191,191,611,191,189,191,189,611,189,189
n02096051_ILSVRC2012_val_00031914.png,191,191,191,191,191,189,191,191,191,189,189,191,189,611,189,189,191,189,611,189,189,191,191,611,191,189,191,191,611,191,189,191,191,611,191,189,191,191,611,191,189
n02096177_ILSVRC2012_val_00008679.png,192,192,186,186,186,186,192,186,186,186,186,192,186,186,186,186,192,186,186,186,186,192,186,186,192,186,192,186,186,186,186,192,186,186,186,186,192,186,186,186,186
n02096177_ILSVRC2012_val_00017195.png,192,192,182,182,182,182,192,182,182,182,182,192,182,182,182,182,192,182,182,182,182,192,192,182,192,182,192,192,182,182,182,192,182,182,182,182,192,182,182,182,182
n02096294_ILSVRC2012_val_00027492.png,193,193,193,187,186,186,193,187,187,186,186,193,187,187,186,186,193,187,187,186,186,193,187,187,193,186,193,187,187,193,186,193,193,187,193,186,193,193,187,193,186
n02096294_ILSVRC2012_val_00041653.png,193,193,193,193,193,201,193,193,263,193,201,193,151,263,193,201,193,193,263,201,201,193,193,263,193,201,193,193,193,193,201,193,193,193,193,201,193,193,193,193,201
n02096437_ILSVRC2012_val_00009036.png,194,194,194,201,194,177,194,194,201,194,177,194,201,201,177,177,194,194,201,177,177,194,194,201,194,194,194,194,201,194,194,194,194,194,194,194,194,194,194,194,194
n02096437_ILSVRC2012_val_00015182.png,194,194,194,263,247,216,194,194,263,247,216,194,151,263,264,216,194,194,264,264,216,194,194,263,194,216,194,194,194,222,216,194,194,194,194,216,194,194,194,194,216
n02096437_ILSVRC2012_val_00024766.png,194,194,265,265,265,265,194,265,265,265,265,194,265,265,266,265,194,265,265,267,265,194,266,265,265,265,194,265,265,266,265,194,265,266,266,265,194,265,265,266,266
n02096437_ILSVRC2012_val_00027490.png,194,194,170,226,175,568,194,226,226,170,175,194,226,226,175,175,194,226,226,175,175,194,226,226,175,175,194,175,175,175,175,194,194,175,194,175,194,226,226,175,175
n02096437_ILSVRC2012_val_00030585.png,194,194,194,200,194,196,194,200,200,177,196,194,200,200,177,196,194,200,200,177,196,194,200,200,194,196,194,194,194,194,196,194,200,200,194,196,194,204,200,194,196
n02096437_ILSVRC2012_val_00046705.png,194,194,192,153,204,155,194,192,153,204,153,194,192,153,153,153,194,192,153,204,204,194,192,153,153,204,194,192,153,153,154,194,194,204,204,204,194,194,153,204,153
n02096437_ILSVRC2012_val_00048737.png,194,194,265,266,265,266,194,175,181,265,265,194,736,181,266,266,194,194,181,266,266,194,194,181,265,266,194,181,181,266,266,194,194,181,181,181,194,194,181,266,266
n02096585_ILSVRC2012_val_00028307.png,195,195,245,245,245,245,195,245,245,245,245,195,245,245,245,245,195,245,245,245,245,195,245,245,245,245,195,245,245,245,245,195,245,245,245,245,195,245,245,245,245
n02096585_ILSVRC2012_val_00036478.png,195,195,463,361,195,463,195,195,463,463,245,195,463,463,463,463,195,463,463,463,463,195,463,463,463,463,195,463,195,195,195,195,195,463,463,463,195,195,195,463,463
n02096585_ILSVRC2012_val_00048157.png,195,195,195,179,195,179,195,179,179,179,179,195,179,179,195,179,195,179,179,179,179,195,179,179,179,179,195,195,179,195,179,195,195,195,195,195,195,195,179,195,195
n02097047_ILSVRC2012_val_00010521.png,196,196,198,198,198,198,196,198,198,198,198,196,170,197,198,198,196,198,196,198,198,196,198,198,198,198,196,196,196,198,198,196,196,196,198,198,196,196,196,198,198
n02097047_ILSVRC2012_val_00021485.png,196,196,198,198,198,198,196,198,198,198,198,196,198,198,198,198,196,198,198,198,198,196,198,198,198,198,196,198,198,198,198,196,198,198,198,198,196,198,198,196,198
n02097130_ILSVRC2012_val_00004593.png,197,197,197,198,197,198,197,198,198,198,198,197,262,198,197,198,197,198,198,198,198,197,198,198,198,198,197,197,198,198,198,197,198,198,198,198,197,197,198,197,198
n02097130_ILSVRC2012_val_00006744.png,197,197,199,201,221,221,197,220,201,191,221,197,220,187,191,221,197,220,201,902,221,197,220,196,184,221,197,197,196,197,197,197,197,196,197,221,197,197,196,197,183
n02097130_ILSVRC2012_val_00013448.png,197,197,256,234,197,208,197,234,234,244,208,197,234,234,234,208,197,234,234,244,208,197,234,234,197,208,197,234,234,244,208,197,197,197,197,208,197,197,197,244,244
n02097130_ILSVRC2012_val_00032524.png,197,197,196,196,199,262,197,196,196,199,262,197,196,196,266,262,197,196,196,265,262,197,196,196,196,262,197,196,196,198,196,197,196,196,199,252,197,189,196,189,196
n02097130_ILSVRC2012_val_00038625.png,197,197,196,199,199,192,197,196,196,199,192,197,196,196,199,199,197,196,196,199,192,197,196,196,199,192,197,197,196,199,199,197,196,196,199,199,197,199,196,199,199
n02097130_ILSVRC2012_val_00040836.png,197,197,226,226,233,233,197,226,226,233,233,197,226,226,233,233,197,226,226,233,233,197,226,226,233,233,197,197,226,233,233,233,226,226,233,233,233,226,226,233,233
n02097209_ILSVRC2012_val_00003731.png,198,198,197,183,197,197,198,198,183,198,197,198,183,183,197,197,198,183,183,197,197,198,197,183,197,197,198,183,183,197,197,198,183,183,197,197,198,198,183,197,197
n02097209_ILSVRC2012_val_00009362.png,198,198,196,196,196,196,198,198,198,198,196,198,196,611,198,196,198,196,611,196,196,198,198,611,196,196,198,198,611,196,196,198,198,611,198,198,198,198,196,198,196
n02097209_ILSVRC2012_val_00019215.png,198,198,196,196,198,196,198,196,196,196,196,198,196,196,196,196,198,196,196,196,196,198,196,196,196,196,198,198,196,196,196,198,198,196,196,196,198,198,196,196,196
n02097298_ILSVRC2012_val_00000440.png,199,199,199,160,177,157,199,199,226,224,157,199,201,226,199,199,199,199,199,231,157,199,199,199,199,157,199,199,199,199,193,199,199,199,199,199,199,199,199,199,199
n02097298_ILSVRC2012_val_00004549.png,199,199,197,197,197,197,199,199,197,197,197,199,197,197,197,197,199,197,197,197,197,199,197,197,197,197,199,197,197,197,197,199,197,197,197,197,199,197,197,197,197
n02097298_ILSVRC2012_val_00028500.png,199,199,223,192,230,223,199,223,192,230,223,199,223,192,224,223,199,223,192,230,223,199,223,192,203,223,199,223,192,199,223,199,223,192,199,223,199,223,192,199,223
n02097298_ILSVRC2012_val_00029657.png,199,199,199,197,201,199,199,201,197,191,197,199,262,197,197,197,199,187,197,191,197,199,262,197,197,197,199,252,197,189,197,199,199,197,199,197,199,252,197,189,197
n02097298_ILSVRC2012_val_00031084.png,199,199,199,196,192,233,199,199,226,233,233,199,226,226,233,233,199,199,226,233,233,199,226,226,233,233,199,233,226,233,233,199,199,199,177,233,199,199,197,233,233
n02097298_ILSVRC2012_val_00043974.png,199,199,197,197,252,197,199,197,197,197,197,199,197,197,197,197,199,197,197,197,197,199,199,197,199,197,199,197,197,197,197,199,197,197,197,197,199,197,197,197,197
n02097298_ILSVRC2012_val_00047572.png,199,199,183,183,183,183,199,183,183,183,183,199,183,183,183,190,199,183,183,183,190,199,183,183,183,190,199,183,183,183,189,199,199,183,183,199,199,183,183,199,199
n02097474_ILSVRC2012_val_00004045.png,200,200,233,155,252,233,200,252,155,252,233,200,155,155,252,233,200,155,155,252,233,200,155,155,155,233,200,200,200,252,233,200,155,204,204,233,200,204,204,252,233
n02097474_ILSVRC2012_val_00034884.png,200,200,155,341,155,155,200,155,341,155,155,200,155,341,155,155,200,155,341,155,155,200,155,341,155,155,200,155,212,155,155,200,204,212,200,155,200,155,204,204,155
n02097474_ILSVRC2012_val_00039711.png,200,200,185,337,226,226,200,185,294,226,226,200,338,360,226,226,200,200,294,226,226,200,200,360,226,226,200,200,360,226,226,200,200,337,226,226,200,200,276,226,226
n02097658_ILSVRC2012_val_00013728.png,201,201,201,186,201,154,201,186,186,262,154,201,186,186,154,154,201,186,186,154,154,201,154,186,154,154,201,201,186,154,154,201,201,202,201,154,201,201,186,154,154
n02097658_ILSVRC2012_val_00015119.png,201,201,204,254,170,170,201,182,254,170,170,201,262,254,202,170,201,262,254,170,170,201,201,201,201,170,201,254,254,170,170,201,254,254,254,170,201,201,254,170,170
n02097658_ILSVRC2012_val_00025289.png,201,201,252,552,184,182,201,252,252,182,182,201,252,252,182,182,201,252,252,182,182,201,252,252,182,182,201,252,252,182,182,201,252,252,182,182,201,252,252,201,182
n02098105_ILSVRC2012_val_00000748.png,202,202,182,182,192,182,202,182,182,192,182,202,182,182,192,182,202,182,182,186,182,202,202,182,202,182,202,182,182,192,182,202,182,182,185,185,202,202,182,202,182
n02098105_ILSVRC2012_val_00029024.png,202,202,296,170,296,296,202,170,170,296,296,202,270,170,296,296,202,296,170,296,296,202,257,170,257,296,202,257,202,202,222,202,170,202,202,296,202,170,170,202,222
n02098286_ILSVRC2012_val_00024637.png,203,203,192,192,192,192,203,203,192,192,192,203,192,192,192,192,203,192,192,192,192,203,192,192,192,192,203,192,192,192,192,203,192,192,203,192,203,192,192,192,192
n02098286_ILSVRC2012_val_00025645.png,203,203,188,266,196,267,203,266,267,188,267,203,266,267,229,267,203,266,267,229,267,203,266,267,229,267,203,266,267,229,267,203,203,188,188,228,203,203,203,203,267
n02098286_ILSVRC2012_val_00038999.png,203,203,259,259,259,192,203,259,259,259,192,203,259,259,259,192,203,259,259,259,192,203,259,259,259,192,203,259,259,259,192,203,203,259,259,192,203,259,259,259,192
n02098286_ILSVRC2012_val_00039699.png,203,203,203,270,203,270,203,203,270,270,270,203,270,270,270,270,203,270,270,270,270,203,270,270,270,270,203,270,270,270,270,203,203,270,270,270,203,203,203,203,270
n02098286_ILSVRC2012_val_00044696.png,203,203,192,186,203,186,203,192,186,203,186,203,192,186,203,186,203,192,186,186,186,203,192,192,185,186,203,203,186,186,186,203,203,186,203,186,203,203,203,203,186
n02098413_ILSVRC2012_val_00006609.png,204,204,200,200,200,200,204,200,200,200,200,204,226,200,200,200,204,200,200,200,200,204,200,200,200,200,204,204,200,200,200,204,200,200,200,200,204,200,200,200,200
n02098413_ILSVRC2012_val_00012931.png,204,204,226,184,201,193,204,192,611,193,193,204,226,175,226,193,204,226,189,193,193,204,226,189,193,193,204,226,228,204,193,204,204,700,204,193,204,226,175,193,193
n02098413_ILSVRC2012_val_00045094.png,204,204,155,344,155,155,204,204,344,155,155,204,971,344,155,155,204,155,204,155,155,204,204,204,155,155,204,204,204,155,155,204,204,204,204,155,204,204,204,204,204
n02099267_ILSVRC2012_val_00009505.png,205,205,206,206,206,206,205,206,206,206,206,205,209,206,206,206,205,209,206,206,206,205,209,206,206,206,205,209,206,206,206,205,209,206,206,206,205,206,206,206,206
n02099267_ILSVRC2012_val_00021456.png,205,205,208,206,219,256,205,246,206,212,244,205,246,206,212,244,205,246,206,242,244,205,205,206,214,256,205,205,206,205,244,205,205,206,205,256,205,205,206,205,256
n02099267_ILSVRC2012_val_00026803.png,205,205,205,164,197,212,205,199,210,199,212,205,188,164,197,212,205,188,164,196,212,205,199,210,199,212,205,212,164,197,212,205,205,210,199,212,205,205,164,197,212
n02099267_ILSVRC2012_val_00032490.png,205,205,205,179,205,179,205,197,179,196,179,205,852,852,214,179,205,205,179,158,179,205,205,208,158,179,205,205,205,205,179,205,205,205,205,179,205,205,205,205,179
n02099267_ILSVRC2012_val_00033072.png,205,205,197,267,177,224,205,160,267,214,244,205,200,267,205,244,205,160,267,157,244,205,205,267,205,244,205,160,267,205,244,205,205,267,205,244,205,205,267,205,244
n02099429_ILSVRC2012_val_00008966.png,206,206,197,197,265,177,206,197,197,221,177,206,160,226,267,177,206,197,197,266,177,206,214,214,266,177,206,205,226,267,177,206,205,197,221,177,206,221,197,205,177
n02099429_ILSVRC2012_val_00010107.png,206,206,214,205,267,177,206,205,205,267,177,206,205,205,267,177,206,205,205,267,177,206,205,205,267,177,206,205,205,267,177,206,205,205,267,177,206,205,205,267,177
n02099429_ILSVRC2012_val_00019607.png,206,206,206,386,206,355,206,206,386,206,355,206,183,386,355,355,206,206,386,355,355,206,206,206,206,9,206,206,206,206,206,206,206,206,206,206,206,206,206,206,206
n02099429_ILSVRC2012_val_00025714.png,206,206,221,221,219,219,206,219,221,219,219,206,219,221,219,219,206,219,221,219,219,206,219,221,219,219,206,219,221,219,219,206,221,221,219,219,206,221,221,219,219
n02099429_ILSVRC2012_val_00040055.png,206,206,267,367,267,267,206,267,385,267,267,206,267,643,267,267,206,267,267,267,267,206,267,205,267,267,206,267,206,267,267,206,267,267,267,267,206,206,206,206,267
n02099429_ILSVRC2012_val_00041438.png,206,206,355,850,611,266,206,355,824,611,266,206,355,790,611,266,206,355,588,611,266,206,355,588,611,266,206,355,750,611,266,206,355,109,611,266,206,348,911,611,266
n02099429_ILSVRC2012_val_00048720.png,206,206,205,205,265,177,206,205,205,267,177,206,205,205,206,177,206,205,205,265,177,206,206,205,221,177,206,206,205,221,177,206,205,205,206,177,206,206,205,206,177
n02099601_ILSVRC2012_val_00007629.png,207,207,208,208,208,208,207,208,208,208,208,207,208,208,208,208,207,208,208,208,208,207,207,208,207,208,207,208,208,208,208,207,208,208,208,208,207,208,208,208,208
n02099601_ILSVRC2012_val_00031917.png,207,207,208,208,207,434,207,180,208,434,434,207,179,208,434,434,207,208,208,434,434,207,208,208,207,434,207,208,208,208,434,207,208,208,208,434,207,208,208,208,434
n02099601_ILSVRC2012_val_00034237.png,207,207,176,176,176,176,207,176,176,176,176,207,176,176,176,176,207,176,176,176,176,207,207,176,176,176,207,176,176,176,176,207,176,176,176,176,207,176,176,176,176
n02099601_ILSVRC2012_val_00034584.png,207,207,273,208,207,209,207,209,159,209,209,207,173,159,207,209,207,173,159,266,209,207,207,208,207,209,207,173,208,209,209,207,207,159,209,209,207,227,208,207,209
n02099712_ILSVRC2012_val_00003726.png,208,208,222,222,222,267,208,248,222,222,267,208,250,222,222,267,208,250,222,270,267,208,248,222,222,267,208,222,222,222,267,208,222,222,222,267,208,208,222,222,267
n02099712_ILSVRC2012_val_00004225.png,208,208,222,181,212,212,208,222,181,212,212,208,222,181,212,212,208,222,181,212,212,208,222,222,212,212,208,222,181,212,212,208,222,181,212,212,208,222,228,212,212
n02099712_ILSVRC2012_val_00006473.png,208,208,215,216,216,216,208,215,216,216,216,208,215,212,216,216,208,215,212,216,216,208,215,212,216,216,208,216,216,216,216,208,212,212,216,216,208,215,216,216,216
n02099712_ILSVRC2012_val_00012566.png,208,208,170,216,216,212,208,212,212,212,212,208,212,212,212,212,208,212,212,212,212,208,207,207,207,212,208,207,212,212,212,208,257,212,207,212,208,207,212,212,212
n02099712_ILSVRC2012_val_00014270.png,208,208,267,267,257,266,208,208,267,200,267,208,267,267,202,267,208,267,267,200,267,208,267,267,207,267,208,208,267,207,267,208,208,267,207,267,208,267,267,208,267
n02099849_ILSVRC2012_val_00009448.png,209,209,163,163,850,192,209,209,163,184,185,209,163,163,186,185,209,163,163,186,185,209,163,163,184,185,209,163,163,184,185,209,209,209,184,185,209,209,163,184,185
n02099849_ILSVRC2012_val_00012302.png,209,209,209,209,209,208,209,209,611,209,208,209,611,611,208,208,209,208,611,208,208,209,209,611,208,208,209,209,611,208,208,209,209,611,208,208,209,209,611,208,208
n02099849_ILSVRC2012_val_00016526.png,209,209,254,254,254,179,209,254,254,254,179,209,254,254,254,179,209,254,254,254,179,209,254,254,254,179,209,254,254,208,179,209,254,254,254,179,209,254,254,209,179
n02099849_ILSVRC2012_val_00026445.png,209,209,221,221,221,206,209,256,221,221,206,209,221,221,221,206,209,221,221,221,206,209,209,221,221,206,209,206,221,221,206,209,206,221,221,206,209,221,221,221,206
n02099849_ILSVRC2012_val_00042884.png,209,209,211,211,211,211,209,211,211,211,211,209,211,211,211,211,209,211,211,211,211,209,211,211,211,211,209,211,211,211,211,209,211,211,211,211,209,211,211,211,211
n02099849_ILSVRC2012_val_00045884.png,209,209,223,268,221,220,209,151,151,213,262,209,151,151,213,262,209,151,151,214,252,209,208,151,219,252,209,151,151,206,252,209,151,151,197,252,209,209,151,206,265
n02100236_ILSVRC2012_val_00001070.png,210,210,209,236,205,205,210,236,236,205,205,210,234,236,219,208,210,208,236,256,208,210,208,236,210,208,210,208,210,227,208,210,208,208,205,208,210,208,208,208,208
n02100236_ILSVRC2012_val_00006065.png,210,210,164,164,164,164,210,210,164,164,164,210,164,164,164,164,210,210,164,164,164,210,210,164,164,164,210,210,210,164,164,210,210,210,210,210,210,210,210,164,164
n02100236_ILSVRC2012_val_00008928.png,210,210,212,212,164,164,210,212,212,164,164,210,212,212,164,164,210,212,212,164,164,210,212,212,164,164,210,210,212,210,164,210,210,212,210,164,210,212,212,164,164
n02100236_ILSVRC2012_val_00010736.png,210,210,210,852,210,852,210,210,852,210,852,210,852,852,852,852,210,852,852,852,852,210,210,852,210,852,210,210,852,210,210,210,210,210,210,210,210,210,852,210,852
n02100236_ILSVRC2012_val_00023168.png,210,210,210,267,210,164,210,210,267,164,164,210,9,267,163,164,210,210,267,163,164,210,210,267,166,164,210,176,267,166,164,210,210,166,166,164,210,210,267,166,164
n02100236_ILSVRC2012_val_00023726.png,210,210,164,164,221,267,210,165,164,221,221,210,165,164,221,221,210,164,164,221,221,210,164,164,221,221,210,164,164,221,221,210,164,164,221,221,210,210,164,221,221
n02100236_ILSVRC2012_val_00038044.png,210,210,210,178,210,176,210,178,178,176,176,210,246,178,176,176,210,210,178,176,176,210,210,178,210,176,210,210,210,210,176,210,210,210,210,176,210,210,210,210,176
n02100236_ILSVRC2012_val_00043413.png,210,210,164,164,164,164,210,164,164,164,164,210,164,164,164,164,210,164,164,164,164,210,164,164,164,164,210,164,210,164,164,210,210,210,210,210,210,210,210,210,164
n02100236_ILSVRC2012_val_00048694.png,210,210,210,210,215,215,210,210,164,215,215,210,164,164,215,215,210,210,210,215,215,210,210,210,215,215,210,210,210,210,215,210,210,210,210,215,210,210,210,210,210
n02100583_ILSVRC2012_val_00007972.png,211,211,184,209,168,213,211,260,168,168,184,211,260,168,168,168,211,260,168,168,168,211,260,211,168,213,211,184,209,209,209,211,209,209,163,163,211,184,209,211,209
n02100583_ILSVRC2012_val_00013251.png,211,211,260,357,213,213,211,260,357,213,213,211,260,357,213,213,211,260,357,213,213,211,211,357,213,213,211,260,357,211,213,211,211,357,213,213,211,209,357,213,213
n02100583_ILSVRC2012_val_00017375.png,211,211,211,180,209,209,211,180,180,209,209,211,180,180,209,209,211,180,180,209,209,211,159,180,209,209,211,211,211,209,209,211,211,211,209,209,211,211,211,209,209
n02100583_ILSVRC2012_val_00017439.png,211,211,168,211,168,168,211,168,168,168,168,211,159,168,168,168,211,211,168,168,168,211,211,168,168,168,211,209,168,168,168,211,211,211,211,168,211,159,211,168,168
n02100583_ILSVRC2012_val_00045930.png,211,211,209,209,213,213,211,209,209,211,213,211,209,209,213,168,211,209,209,168,168,211,211,209,168,168,211,209,209,211,211,211,211,209,211,168,211,211,209,211,211
n02100583_ILSVRC2012_val_00047990.png,211,211,211,168,168,168,211,168,168,168,168,211,159,168,168,168,211,211,168,168,168,211,211,168,168,168,211,211,211,211,168,211,211,211,168,168,211,211,168,168,168
n02100735_ILSVRC2012_val_00000172.png,212,212,177,177,198,196,212,177,177,196,196,212,177,177,196,196,212,177,177,199,199,212,177,177,212,196,212,177,177,212,199,212,177,177,198,198,212,212,177,212,190
n02100735_ILSVRC2012_val_00002878.png,212,212,233,233,212,190,212,233,183,190,190,212,233,233,212,190,212,233,183,190,190,212,212,183,212,190,212,212,189,212,190,212,212,233,212,190,212,212,183,212,190
n02100735_ILSVRC2012_val_00017156.png,212,212,219,196,212,212,212,219,219,212,212,212,219,219,212,219,212,212,219,911,232,212,212,219,212,212,212,212,212,212,212,212,212,212,212,212,212,212,212,212,212
n02100735_ILSVRC2012_val_00046878.png,212,212,172,251,87,164,212,251,251,164,164,212,251,251,164,164,212,251,251,164,164,212,212,251,212,164,212,251,251,164,164,212,212,212,164,164,212,212,251,164,164
n02100877_ILSVRC2012_val_00007595.png,213,213,209,209,213,209,213,213,209,213,209,213,209,209,213,209,213,209,209,244,209,213,209,209,213,209,213,209,209,213,209,213,213,209,213,209,213,209,209,213,209
n02100877_ILSVRC2012_val_00009476.png,213,213,213,184,213,184,213,213,850,184,184,213,457,850,850,850,213,213,850,457,457,213,213,850,213,213,213,213,850,211,211,213,213,850,213,213,213,213,850,213,850
n02100877_ILSVRC2012_val_00011706.png,213,213,213,597,213,220,213,213,850,220,220,213,676,419,220,220,213,676,611,220,220,213,213,529,213,220,213,213,419,220,220,213,213,431,213,220,213,213,163,213,220
n02100877_ILSVRC2012_val_00016411.png,213,213,213,161,213,218,213,213,161,213,218,213,219,161,213,218,213,219,161,218,218,213,219,219,213,218,213,219,213,213,213,213,213,161,213,219,213,219,219,219,219
n02100877_ILSVRC2012_val_00020737.png,213,213,213,220,213,219,213,219,220,219,219,213,220,220,219,219,213,220,220,219,219,213,220,220,219,219,213,213,220,219,219,213,213,220,213,219,213,213,220,213,219
n02100877_ILSVRC2012_val_00034110.png,213,213,213,218,213,221,213,219,218,220,221,213,219,218,213,221,213,219,218,220,206,213,219,219,220,206,213,219,219,220,221,213,213,218,220,221,213,220,219,220,206
n02100877_ILSVRC2012_val_00039638.png,213,213,213,163,213,213,213,213,163,213,218,213,163,161,213,213,213,213,161,218,218,213,213,163,213,213,213,213,163,213,213,213,213,163,213,213,213,213,163,213,213
n02100877_ILSVRC2012_val_00048629.png,213,213,213,247,220,220,213,218,247,219,220,213,218,247,217,220,213,218,217,217,220,213,213,213,213,220,213,213,256,256,220,213,213,256,217,220,213,213,256,220,220
n02101006_ILSVRC2012_val_00005206.png,214,214,214,187,237,237,214,219,219,237,237,214,219,219,237,237,214,214,219,237,237,214,214,214,214,237,214,214,219,237,237,214,214,214,214,237,214,214,214,214,237
n02101006_ILSVRC2012_val_00005258.png,214,214,214,224,214,224,214,214,205,205,224,214,224,223,205,224,214,224,224,205,224,214,214,224,214,224,214,214,205,205,224,214,214,214,214,224,214,214,214,214,205
n02101006_ILSVRC2012_val_00014032.png,214,214,214,214,214,219,214,214,214,214,219,214,219,219,219,219,214,214,219,219,219,214,214,219,214,219,214,214,214,214,219,214,214,214,214,219,214,214,214,214,214
n02101006_ILSVRC2012_val_00019013.png,214,214,214,297,189,229,214,214,239,214,229,214,200,239,229,229,214,200,239,229,229,214,214,239,175,229,214,214,244,214,266,214,214,214,214,267,214,214,214,214,175
n02101006_ILSVRC2012_val_00019821.png,214,214,214,234,164,164,214,214,234,164,164,214,219,180,164,164,214,219,180,164,164,214,214,234,164,164,214,219,234,164,164,214,219,180,164,164,214,214,234,164,164
n02101006_ILSVRC2012_val_00020268.png,214,214,214,214,214,214,214,214,212,214,214,214,212,212,214,214,214,212,212,161,161,214,214,214,214,214,214,214,214,214,214,214,214,214,214,214,214,214,214,214,214
n02101006_ILSVRC2012_val_00032333.png,214,214,214,234,214,214,214,214,234,214,216,214,237,164,214,216,214,214,164,216,216,214,214,214,214,214,214,214,214,214,216,214,214,214,214,212,214,214,214,214,214
n02101006_ILSVRC2012_val_00034682.png,214,214,219,221,221,221,214,214,221,221,206,214,219,221,221,206,214,219,221,221,206,214,219,221,221,221,214,219,221,221,206,214,219,221,221,221,214,219,221,221,221
n02101006_ILSVRC2012_val_00042851.png,214,214,214,214,214,213,214,214,213,214,213,214,176,213,177,213,214,176,214,177,213,214,176,214,214,213,214,214,214,214,213,214,176,213,170,213,214,214,214,214,213
n02101388_ILSVRC2012_val_00006077.png,215,215,215,215,215,217,215,215,215,217,217,215,173,173,215,217,215,215,215,217,217,215,215,173,215,215,215,215,215,217,217,215,215,215,215,217,215,215,215,217,217
n02101388_ILSVRC2012_val_00012883.png,215,215,267,267,178,178,215,268,266,178,178,215,268,265,178,178,215,266,266,178,178,215,268,265,178,178,215,246,265,178,178,215,215,267,246,178,215,215,267,246,246
n02101388_ILSVRC2012_val_00013927.png,215,215,215,216,215,218,215,216,216,215,218,215,216,216,216,218,215,216,216,216,218,215,215,216,216,218,215,215,216,216,218,215,216,216,216,218,215,216,216,216,216
n02101388_ILSVRC2012_val_00016998.png,215,215,215,215,215,166,215,215,173,215,161,215,941,245,215,166,215,215,166,428,166,215,215,215,215,166,215,215,215,215,215,215,215,215,215,166,215,215,215,215,215
n02101388_ILSVRC2012_val_00017676.png,215,215,218,218,218,218,215,218,218,218,218,215,218,218,218,218,215,218,218,218,218,215,218,218,218,218,215,215,218,218,218,215,215,215,218,218,215,215,218,218,218
n02101388_ILSVRC2012_val_00040496.png,215,215,212,212,212,212,215,212,212,212,212,215,212,212,212,212,215,212,212,212,212,215,212,212,212,212,215,212,212,212,212,215,212,212,212,212,215,212,212,212,212
n02101556_ILSVRC2012_val_00008368.png,216,216,216,212,216,216,216,212,212,216,212,216,212,212,212,212,216,212,212,212,212,216,212,212,212,212,216,216,212,212,212,216,212,212,212,212,216,216,212,216,212
n02101556_ILSVRC2012_val_00008619.png,216,216,215,212,187,212,216,151,212,187,212,216,151,212,201,212,216,151,212,187,212,216,216,212,212,212,216,216,212,212,212,216,216,212,216,212,216,216,212,216,212
n02101556_ILSVRC2012_val_00021360.png,216,216,216,296,220,220,216,216,296,216,220,216,296,296,216,216,216,181,296,220,220,216,216,207,216,216,216,216,222,216,216,216,216,222,216,216,216,216,216,216,216
n02101556_ILSVRC2012_val_00025551.png,216,216,216,212,212,215,216,215,215,215,212,216,215,215,215,215,216,215,215,215,215,216,215,215,215,215,216,216,216,215,212,216,215,215,215,215,216,215,212,215,215
n02101556_ILSVRC2012_val_00026367.png,216,216,266,266,216,212,216,216,219,216,212,216,266,219,216,266,216,266,266,178,171,216,216,219,216,215,216,266,219,216,212,216,266,219,212,212,216,266,219,216,216
n02101556_ILSVRC2012_val_00030747.png,216,216,216,216,216,216,216,216,216,216,216,216,208,178,216,216,216,216,216,220,220,216,216,216,216,216,216,216,216,216,216,216,216,216,216,216,216,216,216,216,216
n02101556_ILSVRC2012_val_00036977.png,216,216,212,212,212,212,216,212,212,212,212,216,212,212,212,212,216,212,212,215,215,216,216,212,212,212,216,212,212,212,212,216,212,212,212,212,216,216,212,216,212
n02101556_ILSVRC2012_val_00040308.png,216,216,216,216,216,216,216,216,216,216,219,216,220,220,216,216,216,216,216,219,219,216,216,216,216,219,216,216,216,216,216,216,216,216,216,216,216,216,216,216,216
n02102040_ILSVRC2012_val_00004553.png,217,217,161,161,338,161,217,161,162,700,161,217,162,162,700,162,217,162,162,700,162,217,162,162,338,162,217,162,162,700,162,217,161,215,700,161,217,161,215,217,247
n02102040_ILSVRC2012_val_00004650.png,217,217,155,155,155,229,217,217,155,155,229,217,155,155,155,229,217,155,155,155,229,217,155,155,155,229,217,155,155,155,155,217,217,155,155,229,217,155,155,155,155
n02102040_ILSVRC2012_val_00014125.png,217,217,232,232,212,244,217,232,232,244,244,217,231,231,232,244,217,232,232,244,244,217,217,232,256,244,217,232,232,232,244,217,232,232,256,244,217,217,232,217,244
n02102040_ILSVRC2012_val_00021016.png,217,217,212,161,217,217,217,217,218,218,220,217,163,163,220,220,217,217,161,220,220,217,217,218,217,218,217,217,217,217,217,217,217,218,217,217,217,217,217,217,217
n02102040_ILSVRC2012_val_00036282.png,217,217,217,217,217,218,217,215,215,216,218,217,215,215,161,218,217,215,215,161,218,217,215,215,217,217,217,215,217,217,217,217,217,217,217,217,217,215,215,217,217
n02102040_ILSVRC2012_val_00043994.png,217,217,217,217,217,246,217,217,217,217,246,217,240,212,217,172,217,537,212,537,172,217,217,217,232,169,217,239,217,217,217,217,232,217,232,217,217,217,217,217,217
n02102040_ILSVRC2012_val_00049218.png,217,217,217,219,217,219,217,217,219,161,217,217,161,219,161,217,217,161,219,161,220,217,217,219,217,220,217,217,217,217,217,217,217,217,217,217,217,217,217,217,217
n02102177_ILSVRC2012_val_00006947.png,218,218,219,219,219,218,218,219,219,217,161,218,219,219,218,161,218,218,218,778,161,218,217,218,217,161,218,218,218,218,161,218,218,218,218,161,218,218,218,217,161
n02102177_ILSVRC2012_val_00007927.png,218,218,215,215,215,215,218,218,568,156,215,218,676,676,676,676,218,218,676,676,676,218,218,676,218,676,218,218,216,676,216,218,218,218,218,212,218,212,218,218,676
n02102177_ILSVRC2012_val_00012288.png,218,218,215,215,215,215,218,218,215,215,215,218,173,215,215,215,218,218,215,215,215,218,215,215,215,215,218,218,215,218,215,218,218,218,215,215,218,218,218,215,215
n02102177_ILSVRC2012_val_00024715.png,218,218,215,215,217,217,218,215,215,217,217,218,215,215,217,217,218,215,215,217,217,218,215,215,217,217,218,218,218,217,217,218,218,215,217,217,218,215,215,217,217
n02102177_ILSVRC2012_val_00025493.png,218,218,230,230,156,156,218,230,230,156,212,218,230,230,156,212,218,230,230,156,212,218,230,230,156,212,218,230,230,156,212,218,218,230,156,212,218,218,218,218,212
n02102177_ILSVRC2012_val_00025988.png,218,218,162,162,215,215,218,161,161,215,215,218,179,162,215,215,218,180,162,215,215,218,162,162,215,215,218,162,162,218,215,218,162,162,218,215,218,218,162,218,215
n02102177_ILSVRC2012_val_00028131.png,218,218,156,156,156,215,218,156,156,215,215,218,156,156,215,215,218,156,156,215,215,218,156,156,215,215,218,156,156,215,215,218,156,156,215,215,218,156,156,215,215
n02102177_ILSVRC2012_val_00047049.png,218,218,218,213,213,213,218,218,213,213,213,218,213,213,213,213,218,213,213,213,213,218,218,213,213,213,218,218,218,213,213,218,213,213,213,213,218,218,218,213,213
n02102318_ILSVRC2012_val_00003530.png,219,219,154,154,265,282,219,154,154,265,608,219,797,154,154,608,219,797,154,785,608,219,797,154,785,608,219,204,154,266,204,219,204,154,204,204,219,219,219,265,265
n02102318_ILSVRC2012_val_00018596.png,219,219,163,163,213,211,219,163,163,211,211,219,163,163,211,211,219,163,163,211,211,219,163,163,211,211,219,219,163,219,213,219,219,163,219,219,219,219,163,219,213
n02102318_ILSVRC2012_val_00044730.png,219,219,220,220,266,266,219,220,220,266,265,219,220,220,266,266,219,219,220,266,266,219,219,220,265,265,219,219,219,266,265,219,219,216,265,265,219,220,220,265,266
n02102480_ILSVRC2012_val_00013126.png,220,220,209,534,333,534,220,209,534,265,534,220,209,534,534,534,220,209,534,534,534,220,209,534,534,534,220,209,534,202,534,220,209,534,534,534,220,209,534,189,534
n02102480_ILSVRC2012_val_00043030.png,220,220,220,220,220,200,220,220,201,220,200,220,816,201,220,200,220,220,220,816,200,220,220,220,220,200,220,220,220,220,200,220,220,220,220,200,220,220,220,220,220
n02102480_ILSVRC2012_val_00045044.png,220,220,219,219,220,219,220,217,219,217,219,220,217,219,217,219,220,217,219,217,219,220,219,219,219,219,220,217,219,220,219,220,219,219,220,219,220,220,219,219,219
n02102480_ILSVRC2012_val_00049792.png,220,220,220,213,213,213,220,220,213,213,213,220,218,219,213,213,220,220,219,213,213,220,220,220,220,213,220,220,220,220,213,220,220,220,220,220,220,220,220,220,220
n02102973_ILSVRC2012_val_00001693.png,221,221,221,221,221,221,221,221,971,221,206,221,695,971,221,221,221,221,221,907,206,221,221,221,221,221,221,221,221,221,221,221,221,221,221,221,221,221,221,221,221
n02102973_ILSVRC2012_val_00031049.png,221,221,267,267,267,267,221,267,267,267,267,221,267,267,267,267,221,267,267,267,267,221,267,267,267,267,221,267,267,267,267,221,267,267,267,267,221,267,267,267,267
n02102973_ILSVRC2012_val_00045436.png,221,221,266,265,266,265,221,266,265,266,266,221,265,265,266,266,221,266,265,265,265,221,266,265,266,266,221,265,266,266,266,221,266,266,266,266,221,266,266,266,266
n02104029_ILSVRC2012_val_00000507.png,222,222,296,296,257,257,222,296,296,257,257,222,296,296,257,257,222,296,296,257,257,222,296,296,257,257,222,270,296,257,270,222,296,296,222,270,222,296,296,257,257
n02104029_ILSVRC2012_val_00012318.png,222,222,257,257,257,257,222,257,257,257,257,222,257,257,257,257,222,257,257,257,257,222,257,257,257,257,222,257,257,257,257,222,257,257,257,257,222,257,257,257,257
n02104029_ILSVRC2012_val_00041264.png,222,222,212,212,212,257,222,212,212,212,257,222,212,212,212,257,222,212,212,212,257,222,212,212,212,257,222,212,212,257,257,222,212,212,212,257,222,212,212,212,257
n02104029_ILSVRC2012_val_00048661.png,222,222,257,257,181,181,222,257,257,181,181,222,257,257,181,181,222,257,257,181,181,222,257,257,196,181,222,257,257,181,181,222,257,257,267,181,222,257,257,267,181
n02104365_ILSVRC2012_val_00008979.png,223,223,195,51,227,51,223,227,227,227,227,223,264,227,227,227,223,264,227,227,227,223,264,227,227,227,223,227,227,227,227,223,227,227,227,227,223,227,227,227,227
n02104365_ILSVRC2012_val_00022058.png,223,223,224,355,213,193,223,224,224,224,224,223,224,224,224,224,223,224,224,224,224,223,224,224,224,224,223,224,224,224,224,223,224,224,224,224,223,224,224,224,224
n02104365_ILSVRC2012_val_00024589.png,223,223,199,199,224,252,223,223,224,224,224,223,226,637,160,160,223,199,227,160,160,223,205,223,205,160,223,226,224,199,226,223,192,223,223,200,223,233,223,223,226
n02104365_ILSVRC2012_val_00032923.png,223,223,261,261,227,227,223,259,261,276,227,223,259,261,227,227,223,261,261,227,227,223,223,261,227,227,223,223,261,227,227,223,223,261,227,227,223,223,261,223,227
n02104365_ILSVRC2012_val_00033312.png,223,223,199,227,223,227,223,199,227,227,227,223,197,227,227,227,223,199,227,227,227,223,199,227,227,227,223,199,227,227,227,223,199,227,227,227,223,199,227,227,227
n02104365_ILSVRC2012_val_00040671.png,223,223,259,259,224,259,223,259,259,259,259,223,259,259,259,259,223,259,259,154,259,223,259,259,223,259,223,261,259,223,259,223,259,259,223,259,223,259,259,259,259
n02104365_ILSVRC2012_val_00046683.png,223,223,630,224,630,630,223,630,224,630,630,223,630,224,630,630,223,630,224,630,630,223,224,224,514,630,223,630,224,630,630,223,630,224,630,630,223,630,224,630,630
n02105056_ILSVRC2012_val_00005648.png,224,224,256,244,256,256,224,256,244,256,256,224,256,244,256,256,224,256,244,256,256,224,256,244,256,256,224,256,256,256,256,224,256,256,256,256,224,256,256,256,256
n02105056_ILSVRC2012_val_00010928.png,224,224,160,266,221,221,224,160,221,221,221,224,160,221,221,221,224,160,221,221,221,224,160,221,221,221,224,160,221,221,221,224,160,221,221,221,224,266,221,266,221
n02105056_ILSVRC2012_val_00011573.png,224,224,199,205,227,221,224,199,205,177,209,224,208,205,209,209,224,205,205,209,209,224,205,205,209,209,224,205,205,205,206,224,205,205,205,206,224,205,205,205,206
n02105056_ILSVRC2012_val_00017117.png,224,224,224,223,252,252,224,224,223,252,252,224,223,223,252,252,224,223,223,252,252,224,223,223,252,252,224,223,223,252,252,224,223,223,252,252,224,223,223,252,252
n02105056_ILSVRC2012_val_00037580.png,224,224,224,225,235,235,224,224,225,235,235,224,225,225,225,225,224,225,225,163,235,224,224,235,224,235,224,224,225,224,235,224,224,224,224,235,224,224,225,224,225
n02105056_ILSVRC2012_val_00040286.png,224,224,205,205,205,205,224,205,205,205,214,224,205,205,205,214,224,205,205,214,214,224,205,205,214,214,224,205,205,205,205,224,205,205,205,205,224,205,205,205,214
n02105162_ILSVRC2012_val_00012708.png,225,225,246,235,174,174,225,246,235,225,174,225,243,235,225,174,225,243,235,174,174,225,246,235,225,174,225,246,235,225,174,225,225,235,174,174,225,246,235,225,174
n02105162_ILSVRC2012_val_00018087.png,225,225,225,235,235,235,225,225,235,235,235,225,235,235,235,235,225,235,235,235,235,225,225,235,235,235,225,235,235,235,235,225,225,235,235,235,225,235,235,235,235
n02105162_ILSVRC2012_val_00021991.png,225,225,235,235,235,235,225,235,235,235,235,225,235,235,235,235,225,235,235,235,235,225,225,235,235,235,225,235,235,235,235,225,235,235,235,235,225,225,235,225,235
n02105162_ILSVRC2012_val_00030061.png,225,225,235,235,225,225,225,235,235,225,227,225,235,235,180,225,225,235,235,179,227,225,235,235,225,225,225,225,225,225,225,225,235,235,225,225,225,225,225,225,225
n02105162_ILSVRC2012_val_00032887.png,225,225,269,269,269,269,225,271,271,269,177,225,269,235,269,269,225,269,225,269,269,225,225,235,269,269,225,225,225,269,269,225,225,225,225,170,225,225,225,225,269
n02105162_ILSVRC2012_val_00045943.png,225,225,225,212,797,797,225,226,212,797,797,225,226,212,225,797,225,225,212,797,797,225,225,212,797,797,225,225,212,797,797,225,225,212,797,797,225,225,275,225,797
n02105251_ILSVRC2012_val_00022548.png,226,226,267,267,202,202,226,202,267,202,202,226,266,267,202,202,226,266,267,202,202,226,202,267,202,202,226,267,267,202,202,226,202,228,202,202,226,202,228,202,202
n02105251_ILSVRC2012_val_00048194.png,226,226,226,160,160,200,226,160,160,160,200,226,160,160,160,200,226,160,160,160,200,226,160,160,160,200,226,160,160,160,200,226,160,160,160,200,226,160,160,160,226
n02105412_ILSVRC2012_val_00010357.png,227,227,227,237,235,249,227,235,237,235,249,227,585,237,227,249,227,227,237,282,249,227,227,236,235,249,227,227,227,227,249,227,227,227,227,249,227,227,227,227,227
n02105412_ILSVRC2012_val_00020380.png,227,227,227,227,151,263,227,227,227,158,263,227,263,238,151,263,227,263,227,151,263,227,227,238,151,263,227,227,227,158,263,227,227,227,151,227,227,227,227,227,227
n02105412_ILSVRC2012_val_00021424.png,227,227,223,223,224,224,227,223,223,224,224,227,223,223,224,224,227,223,223,224,224,227,223,223,224,224,227,223,223,224,224,227,223,223,224,224,227,223,223,224,224
n02105412_ILSVRC2012_val_00030065.png,227,227,227,268,236,236,227,227,268,236,236,227,268,268,236,236,227,268,268,236,236,227,227,268,236,236,227,227,268,236,236,227,227,268,236,236,227,227,268,236,236
n02105412_ILSVRC2012_val_00041161.png,227,227,227,236,214,214,227,227,236,214,214,227,214,236,214,214,227,227,236,214,214,227,227,236,214,214,227,227,236,227,214,227,227,227,227,227,227,227,236,227,236
n02105412_ILSVRC2012_val_00043878.png,227,227,237,237,236,236,227,237,237,236,236,227,237,237,236,236,227,237,237,236,236,227,237,237,236,236,227,237,237,236,236,227,237,237,236,236,227,237,237,236,236
n02105505_ILSVRC2012_val_00001113.png,228,228,203,203,203,203,228,203,203,203,203,228,203,203,203,203,228,203,203,203,203,228,203,203,203,203,228,203,203,203,203,228,153,203,203,203,228,228,203,203,203
n02105505_ILSVRC2012_val_00008044.png,228,228,226,212,216,216,228,200,212,212,216,228,200,212,216,216,228,200,212,219,216,228,200,212,216,216,228,200,212,175,216,228,200,212,228,216,228,228,212,228,216
n02105505_ILSVRC2012_val_00008124.png,228,228,101,275,101,372,228,101,276,386,372,228,351,351,386,372,228,386,386,386,372,228,228,212,228,381,228,228,228,228,372,228,228,228,386,372,228,228,228,228,372
n02105505_ILSVRC2012_val_00008217.png,228,228,228,755,228,267,228,267,755,267,266,228,755,755,267,266,228,267,755,266,266,228,228,755,267,266,228,228,267,267,267,228,228,755,267,266,228,228,267,267,266
n02105505_ILSVRC2012_val_00014870.png,228,228,228,276,170,177,228,170,276,276,177,228,276,276,276,177,228,276,276,276,177,228,228,276,355,177,228,228,276,228,177,228,228,228,228,177,228,228,228,228,177
n02105505_ILSVRC2012_val_00023603.png,228,228,228,6,228,192,228,226,879,192,192,228,971,562,202,226,228,228,562,192,192,228,228,200,228,226,228,228,228,228,192,228,228,228,228,226,228,228,228,228,226
n02105505_ILSVRC2012_val_00026536.png,228,228,228,228,228,228,228,228,228,228,355,228,716,257,228,355,228,228,228,355,355,228,228,228,228,355,228,228,228,228,228,228,228,228,228,228,228,228,228,228,228
n02105505_ILSVRC2012_val_00029359.png,228,228,202,202,229,229,228,202,202,229,229,228,202,202,229,229,228,202,202,229,229,228,202,202,229,229,228,202,202,229,229,228,202,202,229,229,228,229,202,229,229
n02105505_ILSVRC2012_val_00031252.png,228,228,228,474,228,228,228,228,228,228,228,228,748,721,228,294,228,228,228,911,294,228,228,228,228,228,228,228,228,228,228,228,228,228,228,228,228,228,228,228,228
n02105505_ILSVRC2012_val_00043538.png,228,228,228,7,228,228,228,228,228,228,228,228,84,7,228,200,228,228,228,522,840,228,228,228,228,228,228,228,228,228,228,228,228,228,228,228,228,228,228,228,228
n02105505_ILSVRC2012_val_00046836.png,228,228,204,200,228,229,228,204,204,229,229,228,204,204,229,229,228,229,204,229,229,228,200,204,229,229,228,228,204,229,200,228,204,204,229,229,228,228,204,229,229
n02105641_ILSVRC2012_val_00002247.png,229,229,196,190,203,203,229,200,190,203,203,229,200,190,229,229,229,200,190,203,203,229,200,190,190,203,229,200,190,203,203,229,229,229,190,203,229,229,190,229,229
n02105641_ILSVRC2012_val_00018762.png,229,229,342,296,374,374,229,276,296,374,374,229,276,296,374,374,229,276,296,374,374,229,229,296,374,374,229,374,360,374,374,229,229,296,374,374,229,229,229,374,374
n02105641_ILSVRC2012_val_00023328.png,229,229,228,850,181,203,229,229,850,229,87,229,228,911,229,457,229,229,911,457,457,229,229,228,229,457,229,228,181,229,850,229,228,228,229,228,229,229,228,229,228
n02105641_ILSVRC2012_val_00027064.png,229,229,267,181,228,228,229,267,266,228,228,229,266,266,228,228,229,266,181,228,228,229,267,266,228,228,229,267,181,228,228,229,267,228,228,228,229,267,181,228,228
n02105641_ILSVRC2012_val_00030200.png,229,229,228,228,175,175,229,228,228,175,175,229,228,228,229,175,229,228,228,182,175,229,229,229,229,175,229,228,228,228,175,229,228,228,229,175,229,229,229,229,229
n02105641_ILSVRC2012_val_00030831.png,229,229,153,203,153,153,229,153,203,153,153,229,153,203,153,153,229,153,203,153,153,229,153,203,153,153,229,153,203,153,153,229,153,203,153,153,229,153,203,153,153
n02105855_ILSVRC2012_val_00000393.png,230,230,230,230,230,230,230,230,230,230,231,230,244,231,231,231,230,244,231,231,227,230,231,231,230,231,230,231,230,230,231,230,231,230,230,230,230,231,230,230,230
n02105855_ILSVRC2012_val_00003872.png,230,230,230,231,231,231,230,231,231,231,231,230,231,231,231,231,230,231,231,231,231,230,231,231,231,231,230,231,231,231,231,230,230,231,231,231,230,230,231,230,231
n02105855_ILSVRC2012_val_00017879.png,230,230,230,230,230,214,230,230,230,230,230,230,231,231,231,231,230,231,231,231,231,230,230,231,230,231,230,230,231,231,231,230,230,231,231,231,230,230,231,230,231
n02105855_ILSVRC2012_val_00019764.png,230,230,256,247,247,249,230,256,247,249,249,230,256,247,249,249,230,256,247,249,249,230,256,247,249,249,230,256,247,249,249,230,256,247,249,249,230,256,247,249,249
n02105855_ILSVRC2012_val_00020678.png,230,230,231,231,231,231,230,231,231,231,231,230,231,231,231,231,230,231,231,231,231,230,231,231,231,231,230,231,231,231,231,230,231,231,231,231,230,231,231,230,231
n02105855_ILSVRC2012_val_00027579.png,230,230,230,232,232,169,230,230,232,171,176,230,232,232,169,169,230,232,232,172,176,230,230,232,232,169,230,232,232,169,169,230,169,232,169,169,230,230,232,169,169
n02105855_ILSVRC2012_val_00045718.png,230,230,231,231,231,231,230,231,231,231,231,230,231,231,231,231,230,231,231,231,231,230,231,231,231,231,230,231,231,231,231,230,231,231,230,231,230,230,231,230,231
n02106030_ILSVRC2012_val_00027165.png,231,231,230,230,230,230,231,230,230,230,230,231,259,230,230,230,231,230,230,230,230,231,230,230,230,230,231,230,230,230,230,231,231,230,230,230,231,230,230,230,230
n02106030_ILSVRC2012_val_00049725.png,231,231,230,230,230,230,231,230,230,230,230,231,230,230,230,230,231,230,230,230,230,231,230,230,230,230,231,230,230,230,230,231,230,230,230,230,231,230,230,230,230
n02106166_ILSVRC2012_val_00000672.png,232,232,232,232,232,231,232,232,232,230,231,232,231,231,231,231,232,231,231,231,231,232,232,231,231,231,232,232,232,232,232,232,232,232,232,231,232,232,232,232,231
n02106166_ILSVRC2012_val_00006338.png,232,232,232,230,232,230,232,232,230,230,230,232,231,231,232,231,232,231,231,230,230,232,232,231,232,232,232,232,231,232,231,232,232,232,232,232,232,232,232,232,232
n02106166_ILSVRC2012_val_00008138.png,232,232,232,232,232,231,232,231,231,232,231,232,231,231,232,231,232,232,231,231,231,232,231,232,232,231,232,232,232,232,232,232,232,232,232,232,232,232,232,232,232
n02106166_ILSVRC2012_val_00032336.png,232,232,232,230,217,195,232,232,231,217,195,232,231,231,217,195,232,232,231,219,245,232,232,232,232,195,232,232,232,232,217,232,232,232,217,245,232,232,232,232,195
n02106166_ILSVRC2012_val_00035510.png,232,232,232,230,267,231,232,230,230,169,231,232,230,230,232,231,232,230,230,267,231,232,231,231,212,231,232,232,157,232,231,232,232,230,232,231,232,232,230,232,231
n02106166_ILSVRC2012_val_00046446.png,232,232,232,264,264,264,232,232,264,232,264,232,240,240,240,227,232,240,240,182,235,232,240,240,232,240,232,232,232,232,227,232,232,232,227,227,232,232,227,227,227
n02106382_ILSVRC2012_val_00033579.png,233,233,233,200,183,200,233,197,197,183,200,233,160,226,266,200,233,226,226,265,200,233,226,226,265,200,233,233,226,233,200,233,233,233,233,226,233,233,233,183,200
n02106550_ILSVRC2012_val_00003623.png,234,234,179,179,210,210,234,237,179,164,210,234,171,179,210,210,234,237,179,210,210,234,237,234,164,210,234,234,234,210,210,234,234,179,164,210,234,234,179,234,210
n02106550_ILSVRC2012_val_00014320.png,234,234,244,244,214,214,234,244,244,214,214,234,244,244,214,214,234,244,244,214,214,234,244,244,214,214,234,244,244,214,214,234,244,244,214,214,234,244,244,214,214
n02106550_ILSVRC2012_val_00018357.png,234,234,236,237,236,236,234,236,237,236,236,234,171,237,236,236,234,237,237,236,236,234,236,237,236,236,234,234,237,236,236,234,236,237,236,236,234,237,237,236,236
n02106550_ILSVRC2012_val_00019518.png,234,234,205,179,244,244,234,205,246,244,244,234,160,246,244,244,234,214,246,244,244,234,214,246,244,244,234,214,246,244,244,234,214,246,244,244,234,214,246,244,244
n02106550_ILSVRC2012_val_00037152.png,234,234,214,177,214,214,234,214,214,214,214,234,169,169,214,214,234,234,214,214,214,234,214,214,214,214,234,234,177,214,214,234,234,214,214,214,234,234,214,214,214
n02106550_ILSVRC2012_val_00039164.png,234,234,214,214,214,214,234,214,214,214,214,234,214,214,176,165,234,214,214,176,163,234,214,214,214,165,234,214,214,213,163,234,214,214,214,163,234,214,214,176,165
n02106550_ILSVRC2012_val_00045446.png,234,234,234,237,234,236,234,234,237,236,236,234,237,237,237,237,234,237,237,171,171,234,234,234,236,236,234,234,234,234,236,234,234,234,234,234,234,234,234,234,236
n02106662_ILSVRC2012_val_00001684.png,235,235,235,226,201,160,235,362,226,911,160,235,840,226,911,160,235,840,226,911,160,235,840,226,235,160,235,840,226,840,160,235,235,226,840,160,235,840,226,840,160
n02106662_ILSVRC2012_val_00005662.png,235,235,235,235,235,235,235,235,227,235,235,235,225,237,225,225,235,225,225,225,225,235,235,235,235,225,235,225,225,225,225,235,225,235,225,225,235,235,235,235,225
n02106662_ILSVRC2012_val_00014360.png,235,235,235,226,193,193,235,151,226,193,193,235,151,226,193,193,235,151,226,193,193,235,151,235,235,193,235,235,235,235,193,235,235,235,235,193,235,235,235,235,235
n02106662_ILSVRC2012_val_00024896.png,235,235,169,51,227,227,235,227,700,227,227,235,700,700,227,227,235,227,227,227,227,235,227,700,227,227,235,235,227,227,227,235,235,227,227,227,235,235,232,235,227
n02106662_ILSVRC2012_val_00033519.png,235,235,235,263,235,263,235,235,235,235,263,235,263,263,263,263,235,263,263,263,263,235,264,263,264,263,235,235,235,235,263,235,263,263,263,263,235,235,263,235,263
n02106662_ILSVRC2012_val_00043054.png,235,235,227,237,237,158,235,227,227,184,193,235,237,237,237,237,235,237,237,237,158,235,237,237,201,237,235,235,227,235,193,235,235,235,193,158,235,235,235,235,193
n02107142_ILSVRC2012_val_00003683.png,236,236,237,151,237,237,236,237,151,237,237,236,237,151,237,237,236,237,237,237,237,236,237,237,237,237,236,236,208,236,237,236,237,237,236,237,236,236,237,236,237
n02107142_ILSVRC2012_val_00006675.png,236,236,236,236,214,214,236,236,237,214,214,236,237,237,214,214,236,237,237,214,214,236,237,237,214,214,236,237,237,214,214,236,236,236,214,214,236,236,214,214,214
n02107142_ILSVRC2012_val_00036945.png,236,236,234,676,262,676,236,191,676,262,676,236,676,676,262,676,236,676,676,262,676,236,676,676,234,676,236,236,676,262,676,236,236,676,262,676,236,676,676,262,676
n02107142_ILSVRC2012_val_00040464.png,236,241,240,151,240,240,236,237,151,241,241,236,151,151,238,238,236,237,237,238,238,236,241,151,238,238,236,151,151,234,238,236,195,237,238,238,238,237,151,238,238
n02107142_ILSVRC2012_val_00043534.png,236,236,237,237,211,211,236,211,237,211,211,236,237,237,178,211,236,211,237,211,211,236,237,237,211,211,236,237,237,211,211,236,237,237,211,211,236,237,237,178,211
n02107142_ILSVRC2012_val_00043835.png,236,236,236,237,237,237,236,237,237,236,237,236,237,237,237,237,236,237,237,237,237,236,237,237,237,237,236,236,236,237,237,236,236,237,236,237,236,237,237,237,237
n02107312_ILSVRC2012_val_00007236.png,237,237,237,151,184,193,237,151,151,193,192,237,151,151,193,192,237,151,151,192,192,237,151,151,193,193,237,237,151,193,192,237,151,151,193,193,237,151,151,237,193
n02107312_ILSVRC2012_val_00016577.png,237,237,237,151,158,158,237,151,151,158,158,237,151,151,237,158,237,151,151,158,158,237,151,151,158,158,237,237,158,158,158,237,237,151,237,158,237,237,151,237,158
n02107312_ILSVRC2012_val_00032419.png,237,237,237,151,151,151,237,171,151,151,151,237,172,151,151,151,237,171,151,151,151,237,171,151,151,151,237,268,151,268,151,237,171,268,268,268,237,268,151,268,151
n02107312_ILSVRC2012_val_00039460.png,237,237,158,158,158,158,237,158,151,157,158,237,151,151,158,158,237,151,151,157,158,237,151,151,158,158,237,151,158,158,158,237,151,151,151,158,237,151,151,151,151
n02107574_ILSVRC2012_val_00022176.png,238,238,241,241,241,241,238,241,241,241,241,238,241,241,241,241,238,241,241,241,241,238,241,241,241,241,238,241,241,241,241,238,241,241,241,241,238,238,238,241,241
n02107574_ILSVRC2012_val_00023539.png,238,238,241,241,241,241,238,241,241,241,241,238,241,241,241,241,238,241,241,241,241,238,241,241,241,241,238,241,241,241,241,238,241,241,241,241,238,238,238,238,241
n02107574_ILSVRC2012_val_00043234.png,238,238,241,241,241,238,238,241,241,241,240,238,241,241,241,240,238,241,241,240,240,238,241,241,241,240,238,241,241,241,240,238,241,241,241,241,238,241,238,241,240
n02107683_ILSVRC2012_val_00022109.png,239,239,238,238,239,247,239,239,238,239,247,239,238,238,247,247,239,238,238,247,247,239,239,238,247,247,239,239,238,239,247,239,238,238,247,247,239,239,238,247,247
n02107683_ILSVRC2012_val_00041233.png,239,239,238,238,238,238,239,238,238,238,238,239,238,238,238,238,239,238,238,238,238,239,238,238,238,238,238,238,238,238,238,239,238,238,238,238,239,238,238,238,238
n02107683_ILSVRC2012_val_00046247.png,239,239,239,162,239,195,239,239,195,195,195,239,151,151,195,195,239,239,195,195,195,239,240,240,195,195,239,239,239,195,195,239,239,240,195,195,239,239,240,240,195
n02108000_ILSVRC2012_val_00004818.png,241,241,240,240,240,214,241,240,240,214,214,241,240,240,214,214,241,240,240,214,214,241,240,240,240,214,241,240,240,240,214,241,240,240,240,214,241,240,240,240,214
n02108000_ILSVRC2012_val_00006659.png,241,241,241,239,240,239,241,241,239,240,240,241,238,239,240,240,241,241,239,240,240,241,241,239,240,240,241,241,239,240,240,241,241,239,240,240,241,241,239,240,240
n02108000_ILSVRC2012_val_00037081.png,241,241,240,240,240,240,241,240,240,240,240,241,240,240,240,240,241,240,241,240,240,241,240,240,240,240,241,240,240,240,240,241,241,241,241,240,241,241,241,240,241
n02108089_ILSVRC2012_val_00007295.png,242,242,242,254,242,243,242,242,254,243,243,242,180,254,243,243,242,180,254,243,243,242,242,254,243,243,242,179,254,243,243,242,242,254,242,243,242,242,254,243,243
n02108089_ILSVRC2012_val_00029255.png,242,242,245,242,254,254,242,245,245,254,254,242,245,245,254,254,242,245,245,254,254,242,245,242,242,245,242,242,245,245,254,242,245,245,245,254,242,242,245,242,254
n02108089_ILSVRC2012_val_00031314.png,242,242,247,247,247,247,242,247,247,247,247,242,247,247,247,247,242,247,247,247,247,242,247,247,247,247,242,247,247,247,247,242,247,247,247,247,242,247,247,247,247
n02108089_ILSVRC2012_val_00046048.png,242,242,245,254,247,247,242,254,254,247,247,242,254,254,247,247,242,247,247,247,247,242,242,247,247,247,242,242,247,247,247,242,242,254,242,247,242,242,254,247,247
n02108422_ILSVRC2012_val_00004579.png,243,243,274,168,213,213,243,274,213,213,213,243,274,168,213,213,243,274,168,213,213,243,274,159,213,213,243,225,159,211,213,243,225,243,255,213,243,225,159,255,213
n02108422_ILSVRC2012_val_00009175.png,243,243,374,154,262,262,243,374,154,262,262,243,374,154,262,262,243,374,154,262,262,243,154,154,262,262,243,262,154,262,262,243,254,154,262,262,243,262,154,262,262
n02108422_ILSVRC2012_val_00014526.png,243,243,242,246,355,242,243,242,246,676,242,243,676,246,254,242,243,243,246,691,242,243,243,242,243,242,243,243,246,243,242,243,243,243,243,242,243,243,246,243,242
n02108422_ILSVRC2012_val_00022776.png,243,243,254,254,254,254,243,254,254,254,254,243,254,254,254,254,243,254,254,254,254,243,254,254,254,254,243,254,254,254,254,243,254,254,254,254,243,254,254,254,254
n02108422_ILSVRC2012_val_00026154.png,243,243,242,245,151,151,243,243,245,151,151,243,245,245,151,151,243,245,245,151,151,243,243,245,245,151,243,243,245,179,151,243,243,245,243,182,243,243,243,243,151
n02108551_ILSVRC2012_val_00006957.png,244,244,244,200,201,200,244,244,219,200,200,244,200,200,200,200,244,200,200,200,200,244,244,219,175,219,244,244,175,244,200,244,244,244,244,244,244,244,175,244,200
n02108551_ILSVRC2012_val_00023737.png,244,244,244,214,244,262,244,244,214,234,262,244,622,200,237,262,244,244,200,151,262,244,244,244,244,262,244,244,200,244,262,244,244,200,244,244,244,244,200,244,262
n02108551_ILSVRC2012_val_00023750.png,244,244,219,217,232,244,244,219,219,219,256,244,219,217,219,244,244,219,217,217,256,244,219,217,219,219,244,219,219,219,256,244,219,219,219,244,244,219,219,219,244
n02108551_ILSVRC2012_val_00025617.png,244,244,232,217,232,217,244,217,217,232,217,244,217,217,217,217,244,217,217,217,217,244,217,217,232,217,244,217,217,217,217,244,219,217,217,217,244,217,217,217,217
n02108551_ILSVRC2012_val_00040003.png,244,244,239,214,214,214,244,239,214,214,214,244,239,239,214,214,244,214,239,214,214,244,244,214,214,214,244,239,239,214,214,244,244,244,244,214,244,244,244,244,214
n02108551_ILSVRC2012_val_00042391.png,244,244,244,234,234,234,244,234,234,234,234,244,237,234,234,234,244,234,234,234,234,244,234,234,234,234,244,244,244,244,234,244,244,244,244,234,244,234,234,234,234
n02108551_ILSVRC2012_val_00043216.png,244,244,262,200,244,676,244,262,214,244,676,244,262,200,262,643,244,262,200,151,570,244,262,244,244,643,244,244,226,244,643,244,260,244,244,244,244,244,244,244,244
n02108915_ILSVRC2012_val_00005126.png,245,245,245,611,245,243,245,245,611,245,243,245,491,611,245,243,245,245,611,163,243,245,245,611,245,243,245,245,611,245,243,245,245,611,245,243,245,245,245,245,243
n02108915_ILSVRC2012_val_00017968.png,245,245,265,265,151,242,245,245,265,245,242,245,266,266,242,242,245,266,265,242,242,245,267,265,242,242,245,245,265,242,242,245,245,265,245,242,245,151,265,245,242
n02108915_ILSVRC2012_val_00018792.png,245,245,245,151,245,182,245,245,151,245,182,245,813,151,245,182,245,245,245,543,182,245,245,151,245,182,245,245,245,245,182,245,245,245,245,182,245,245,151,245,245
n02108915_ILSVRC2012_val_00022996.png,245,245,245,769,245,262,245,245,769,262,262,245,769,769,262,262,245,245,769,262,262,245,151,769,262,262,245,769,769,262,262,245,245,769,262,262,245,245,769,262,262
n02108915_ILSVRC2012_val_00026558.png,245,245,154,154,434,151,245,154,154,434,162,245,259,154,151,151,245,259,154,434,162,245,154,154,434,161,245,154,154,154,245,245,154,154,434,245,245,154,154,151,151
n02108915_ILSVRC2012_val_00026918.png,245,245,262,254,245,262,245,262,254,262,262,245,262,254,262,262,245,262,254,262,262,245,262,254,262,262,245,252,245,245,262,245,252,254,245,262,245,262,254,245,262
n02108915_ILSVRC2012_val_00032658.png,245,245,151,151,151,151,245,151,151,151,151,245,151,151,151,151,245,151,151,151,151,245,151,151,151,151,245,245,151,151,151,245,245,245,151,151,245,245,245,245,151
n02108915_ILSVRC2012_val_00047896.png,245,245,195,361,195,367,245,195,381,195,367,245,587,611,700,700,245,245,245,700,700,245,245,245,240,242,245,245,245,245,245,245,245,245,245,245,245,245,245,245,245
n02108915_ILSVRC2012_val_00048120.png,245,245,245,700,367,8,245,245,999,199,262,245,587,700,700,262,245,245,700,700,262,245,245,700,700,262,245,245,700,700,262,245,245,700,700,262,245,245,700,700,262
n02108915_ILSVRC2012_val_00049730.png,245,245,195,700,195,195,245,245,700,195,195,245,195,700,195,195,245,245,700,837,195,245,245,700,195,195,245,245,700,195,195,245,245,700,245,195,245,245,245,195,195
n02109047_ILSVRC2012_val_00002330.png,246,246,245,676,268,243,246,245,676,245,243,246,245,676,245,243,246,245,676,245,243,246,243,676,245,243,246,246,676,246,243,246,246,246,246,243,246,243,676,245,243
n02109047_ILSVRC2012_val_00013414.png,246,246,246,234,246,208,246,208,208,208,208,246,234,234,208,208,246,208,234,208,208,246,246,234,208,208,246,246,208,208,208,246,246,208,246,208,246,243,208,208,208
n02109525_ILSVRC2012_val_00002319.png,247,247,264,263,264,263,247,264,263,264,263,247,263,263,263,263,247,264,263,263,263,247,264,263,263,263,247,247,264,264,264,247,264,264,247,263,247,247,247,247,263
n02109525_ILSVRC2012_val_00010859.png,247,247,230,230,230,230,247,230,230,230,230,247,230,230,230,230,247,230,230,230,230,247,230,230,230,230,247,230,230,230,230,247,230,230,230,230,247,230,230,230,230
n02109525_ILSVRC2012_val_00021963.png,247,247,247,156,218,218,247,230,156,218,218,247,230,151,218,218,247,247,247,218,218,247,247,157,218,218,247,247,264,218,218,247,247,247,218,218,247,247,247,247,247
n02109525_ILSVRC2012_val_00025620.png,247,247,242,242,242,242,247,242,242,247,242,247,242,242,457,242,247,242,242,457,242,247,242,242,457,242,247,247,242,247,247,247,247,247,247,247,247,247,242,247,242
n02109525_ILSVRC2012_val_00027277.png,247,247,247,180,247,195,247,247,247,247,247,247,179,179,247,247,247,247,242,310,172,247,247,247,247,172,247,247,247,247,247,247,247,247,247,247,247,247,247,247,247
n02109525_ILSVRC2012_val_00028010.png,247,247,215,212,212,218,247,215,212,212,218,247,215,212,218,218,247,215,212,212,218,247,215,212,212,218,247,247,212,247,218,247,215,212,247,218,247,247,212,247,218
n02109525_ILSVRC2012_val_00036240.png,247,247,217,217,217,256,247,217,217,217,217,247,217,217,217,232,247,217,217,217,256,247,217,217,217,232,247,217,217,217,256,247,217,217,217,256,247,217,217,217,256
n02109525_ILSVRC2012_val_00041748.png,247,247,151,151,151,151,247,151,151,151,151,247,151,151,151,151,247,151,151,151,151,247,268,151,151,151,247,151,151,151,151,247,151,151,151,151,247,151,151,151,151
n02109525_ILSVRC2012_val_00042657.png,247,247,247,212,215,215,247,157,215,215,215,247,157,215,215,215,247,232,215,215,215,247,247,215,215,215,247,247,215,247,215,247,247,215,247,215,247,247,215,247,215
n02109525_ILSVRC2012_val_00043281.png,247,247,247,255,242,242,247,247,247,242,242,247,876,255,242,242,247,247,247,242,242,247,247,247,242,242,247,247,247,242,242,247,247,247,247,247,247,247,247,247,247
n02110063_ILSVRC2012_val_00006052.png,249,249,250,250,250,250,249,250,248,250,250,249,250,250,250,250,249,250,250,250,250,249,250,248,248,248,249,250,248,250,250,249,250,248,250,250,249,248,248,249,250
n02110063_ILSVRC2012_val_00010500.png,249,249,250,250,250,250,249,250,250,250,250,249,250,248,250,250,249,250,250,250,250,249,248,248,250,250,249,248,250,250,250,249,250,250,250,250,249,249,248,249,250
n02110063_ILSVRC2012_val_00025669.png,249,249,249,249,249,248,249,248,248,248,248,249,248,248,248,248,249,248,248,248,248,249,248,248,248,248,249,248,248,248,248,249,250,250,250,250,249,250,250,248,248
n02110063_ILSVRC2012_val_00029783.png,249,249,269,269,249,249,249,269,269,248,250,249,269,269,248,248,249,269,269,248,248,249,249,269,249,248,249,249,269,249,249,249,249,269,249,249,249,249,269,249,249
n02110063_ILSVRC2012_val_00034291.png,249,249,249,235,249,250,249,249,235,249,248,249,235,235,248,248,249,249,235,248,248,249,249,249,249,249,249,249,235,249,248,249,249,249,250,250,249,235,235,249,250
n02110185_ILSVRC2012_val_00026086.png,250,250,249,249,250,250,250,250,250,250,248,250,235,611,248,248,250,250,250,248,248,250,250,248,250,248,250,250,250,250,250,250,250,250,250,248,250,250,250,250,250
n02110341_ILSVRC2012_val_00009602.png,251,251,251,246,251,246,251,251,246,161,246,251,246,246,251,246,251,251,251,161,246,251,251,251,251,246,251,246,246,251,246,251,251,251,251,246,251,246,246,246,246
n02110341_ILSVRC2012_val_00010202.png,251,251,251,251,251,251,251,251,251,251,251,251,114,172,251,172,251,251,251,490,181,251,251,251,251,251,251,251,251,251,251,251,251,251,251,251,251,251,251,251,251
n02110341_ILSVRC2012_val_00016430.png,251,251,276,275,251,251,251,275,275,275,151,251,275,275,251,151,251,251,275,151,151,251,251,251,151,151,251,251,251,251,151,251,251,275,251,151,251,251,251,151,151
n02110341_ILSVRC2012_val_00020015.png,251,251,246,246,246,172,251,251,246,251,172,251,246,246,251,172,251,251,246,172,172,251,251,251,251,251,251,251,251,251,251,251,251,246,251,251,251,251,246,251,246
n02110341_ILSVRC2012_val_00021493.png,251,251,251,212,251,246,251,212,189,251,246,251,213,184,251,246,251,251,184,220,246,251,251,251,251,251,251,251,251,251,246,251,251,251,251,251,251,251,251,251,251
n02110341_ILSVRC2012_val_00023620.png,251,251,212,212,251,212,251,251,212,251,212,251,212,212,251,212,251,212,212,457,169,251,212,212,251,169,251,251,212,251,212,251,251,212,251,212,251,251,251,251,169
n02110341_ILSVRC2012_val_00028175.png,251,251,251,212,251,251,251,251,212,251,251,251,177,212,251,212,251,251,212,212,212,251,251,251,251,251,251,251,251,251,251,251,251,251,251,251,251,251,251,251,251
n02110341_ILSVRC2012_val_00030165.png,251,251,251,246,285,285,251,251,246,251,251,251,246,246,251,251,251,251,246,622,264,251,251,246,251,264,251,251,246,251,251,251,251,246,251,246,251,251,246,251,246
n02110341_ILSVRC2012_val_00030476.png,251,251,251,210,251,643,251,251,246,251,251,251,246,246,251,676,251,251,246,534,676,251,251,246,251,251,251,251,251,251,676,251,251,251,251,251,251,251,251,251,676
n02110341_ILSVRC2012_val_00032904.png,251,251,246,246,242,246,251,251,246,195,246,251,246,246,195,246,251,251,246,195,246,251,246,246,195,33,251,251,161,195,246,251,251,246,195,246,251,251,246,195,246
n02110341_ILSVRC2012_val_00034465.png,251,251,251,290,251,210,251,251,290,251,210,251,290,290,251,210,251,251,251,126,210,251,251,251,251,210,251,251,251,251,210,251,251,251,251,210,251,251,251,251,210
n02110341_ILSVRC2012_val_00048427.png,251,251,246,246,251,246,251,251,246,251,246,251,246,246,246,246,251,246,246,246,246,251,251,246,251,246,251,251,251,251,246,251,251,251,251,246,251,251,246,246,246
n02110627_ILSVRC2012_val_00025949.png,252,252,262,262,852,262,252,262,262,852,262,252,262,262,852,262,252,262,262,852,262,252,262,262,254,262,252,262,262,252,262,252,262,262,252,262,252,262,262,852,262
n02110627_ILSVRC2012_val_00041953.png,252,252,252,262,233,233,252,262,262,233,233,252,262,262,197,233,252,262,262,233,233,252,262,262,233,233,252,262,262,233,233,252,262,262,233,233,252,252,262,233,233
n02110806_ILSVRC2012_val_00009468.png,253,253,151,151,151,151,253,171,151,158,158,253,151,151,151,151,253,158,151,158,158,253,151,151,158,158,253,158,158,158,158,253,158,158,158,158,253,158,151,158,158
n02110806_ILSVRC2012_val_00039498.png,253,253,253,173,253,273,253,173,173,273,273,253,173,173,273,273,253,173,173,273,273,253,173,173,173,173,253,173,173,273,273,253,173,173,173,173,253,173,173,173,173
n02110806_ILSVRC2012_val_00049397.png,253,253,253,171,253,282,253,253,180,161,112,253,180,180,253,514,253,180,180,163,608,253,253,253,253,608,253,180,180,253,171,253,253,180,253,253,253,253,253,253,188
n02110958_ILSVRC2012_val_00001009.png,254,254,254,254,182,182,254,254,245,182,184,254,457,910,182,182,254,254,254,184,184,254,254,254,182,182,254,254,254,254,182,254,254,254,254,254,254,254,254,254,254
n02110958_ILSVRC2012_val_00007928.png,254,254,254,245,245,245,254,245,245,245,245,254,245,245,245,245,254,245,245,245,245,254,254,245,245,245,254,254,245,254,245,254,254,254,254,245,254,254,245,254,254
n02110958_ILSVRC2012_val_00010846.png,254,254,254,552,254,728,254,254,552,192,728,254,552,552,254,728,254,254,552,728,728,254,254,552,254,154,254,254,552,254,728,254,254,552,254,728,254,254,552,254,728
n02110958_ILSVRC2012_val_00019464.png,254,254,172,172,249,249,254,172,162,249,249,254,173,173,250,249,254,172,169,249,249,254,254,254,254,249,254,257,172,174,249,254,254,254,170,261,254,254,254,254,249
n02110958_ILSVRC2012_val_00023543.png,254,254,254,245,344,876,254,896,245,876,876,254,457,245,245,876,254,457,245,435,876,254,254,245,254,435,254,254,245,435,876,254,254,245,254,435,254,254,254,254,254
n02110958_ILSVRC2012_val_00030603.png,254,254,245,245,245,151,254,245,245,254,700,254,245,245,254,700,254,245,245,700,700,254,245,245,700,700,254,245,254,254,700,254,245,254,700,700,254,245,254,700,700
n02110958_ILSVRC2012_val_00030877.png,254,254,154,87,154,243,254,254,87,676,243,254,797,87,254,243,254,797,87,676,243,254,797,254,254,243,254,254,254,254,243,254,254,254,254,243,254,797,254,254,243
n02110958_ILSVRC2012_val_00032117.png,254,254,197,440,206,179,254,208,76,179,179,254,440,440,179,179,254,440,440,179,179,254,440,440,179,179,254,440,197,180,179,254,440,223,179,179,254,440,440,179,179
n02110958_ILSVRC2012_val_00033673.png,254,254,243,254,246,246,254,246,243,246,246,254,242,245,246,246,254,246,245,246,246,254,254,254,246,246,254,267,245,173,176,254,246,254,246,246,254,254,254,246,246
n02110958_ILSVRC2012_val_00045204.png,254,254,254,254,243,254,254,254,254,254,195,254,543,700,254,254,254,254,700,180,195,254,254,254,254,254,254,254,254,254,254,254,254,254,254,254,254,254,254,254,254
n02110958_ILSVRC2012_val_00047017.png,254,254,254,254,254,434,254,254,245,254,254,254,245,245,254,254,254,254,254,852,434,254,254,254,254,254,254,254,254,254,254,254,254,254,254,254,254,254,254,254,254
n02111129_ILSVRC2012_val_00011141.png,255,255,255,235,255,225,255,255,225,255,225,255,235,235,255,225,255,255,235,476,225,255,255,235,255,225,255,255,255,255,255,255,255,255,255,225,255,255,255,255,255
n02111129_ILSVRC2012_val_00011146.png,255,255,255,157,157,187,255,231,157,157,157,255,230,157,151,157,255,255,157,158,158,255,231,157,157,157,255,255,231,255,158,255,255,255,158,262,255,255,231,255,215
n02111129_ILSVRC2012_val_00021370.png,255,255,255,213,213,213,255,213,213,213,213,255,213,213,213,213,255,213,213,213,213,255,213,213,213,213,255,213,213,213,213,255,255,213,213,213,255,213,213,213,213
n02111129_ILSVRC2012_val_00028755.png,255,255,255,255,255,212,255,255,255,182,215,255,244,244,264,215,255,255,255,264,215,255,255,255,255,215,255,255,255,255,220,255,255,255,255,207,255,255,255,255,207
n02111129_ILSVRC2012_val_00030445.png,255,255,354,175,380,690,255,255,213,354,293,255,345,218,476,212,255,255,218,476,251,255,255,213,169,212,255,255,219,354,212,255,255,255,244,212,255,255,255,255,212
n02111129_ILSVRC2012_val_00033357.png,255,255,255,255,255,193,255,226,212,182,187,255,193,215,255,193,255,226,216,186,187,255,255,207,255,193,255,255,255,260,186,255,255,255,255,226,255,255,255,255,186
n02111129_ILSVRC2012_val_00035530.png,255,255,255,255,255,260,255,255,247,255,248,255,253,247,255,249,255,255,247,238,250,255,255,255,255,249,255,255,247,255,255,255,255,255,255,255,255,255,247,255,255
n02111129_ILSVRC2012_val_00049245.png,255,255,255,247,255,247,255,247,255,255,247,255,242,247,247,247,255,247,247,238,247,255,255,247,255,247,255,247,247,247,247,255,255,247,255,247,255,255,255,255,247
n02111277_ILSVRC2012_val_00012380.png,256,256,256,256,256,256,256,244,244,244,244,256,244,244,244,244,256,244,244,244,244,256,256,244,244,244,256,256,256,256,244,256,256,244,256,244,256,256,244,256,244
n02111277_ILSVRC2012_val_00023569.png,256,256,199,177,342,256,256,233,177,244,244,256,177,170,244,244,256,177,177,244,244,256,170,170,256,244,256,177,267,256,244,256,256,177,244,244,256,256,267,256,244
n02111277_ILSVRC2012_val_00038018.png,256,256,256,244,256,244,256,244,244,244,244,256,244,244,256,244,256,244,244,244,244,256,256,244,256,244,256,256,256,256,244,256,256,256,256,244,256,256,256,256,256
n02111500_ILSVRC2012_val_00000174.png,257,257,222,222,222,222,257,222,222,222,222,257,222,222,222,222,257,222,222,222,222,257,222,222,222,222,257,222,222,222,222,257,222,222,222,222,257,222,222,222,222
n02111500_ILSVRC2012_val_00004450.png,257,257,191,267,202,191,257,175,850,189,191,257,191,850,191,191,257,191,850,189,191,257,850,850,850,267,257,229,850,189,267,257,229,222,267,181,257,229,850,229,267
n02111500_ILSVRC2012_val_00037456.png,257,257,258,258,222,222,257,258,258,222,222,257,258,258,222,222,257,258,258,222,222,257,258,258,222,222,257,258,258,222,222,257,258,258,222,222,257,258,258,222,222
n02111889_ILSVRC2012_val_00000590.png,258,258,232,157,196,196,258,232,232,196,196,258,232,232,193,199,258,232,232,196,196,258,232,232,153,196,258,232,232,196,196,258,232,258,200,203,258,232,232,200,199
n02111889_ILSVRC2012_val_00003808.png,258,258,151,259,270,270,258,259,259,270,270,258,151,259,270,270,258,222,259,273,273,258,151,259,270,270,258,151,258,270,270,258,259,258,258,270,258,259,259,270,222
n02111889_ILSVRC2012_val_00006353.png,258,258,259,259,265,153,258,258,259,265,153,258,259,259,265,153,258,258,259,265,153,258,259,259,265,153,258,258,258,265,153,258,258,259,265,153,258,258,258,265,153
n02111889_ILSVRC2012_val_00011049.png,258,258,257,212,219,260,258,203,216,219,260,258,457,216,219,260,258,154,212,219,260,258,258,216,219,260,258,151,216,219,260,258,999,257,222,260,258,258,212,257,260
n02111889_ILSVRC2012_val_00012053.png,258,258,270,270,203,106,258,270,270,106,106,258,270,270,106,106,258,270,270,106,106,258,270,270,106,106,258,258,270,258,106,258,258,270,296,106,258,270,270,106,106
n02111889_ILSVRC2012_val_00018007.png,258,258,203,728,222,222,258,700,728,222,222,258,700,728,222,222,258,700,728,222,222,258,700,728,222,222,258,700,728,222,222,258,700,728,222,222,258,700,728,222,222
n02111889_ILSVRC2012_val_00021632.png,258,258,270,270,270,279,258,279,270,279,279,258,279,270,279,279,258,279,270,279,279,258,279,270,279,279,258,279,270,279,279,258,279,270,279,279,258,279,270,279,279
n02111889_ILSVRC2012_val_00027184.png,258,258,279,279,279,279,258,279,279,279,279,258,279,279,279,279,258,279,279,279,279,258,279,279,279,279,258,279,279,279,279,258,279,279,279,279,258,279,279,279,279
n02111889_ILSVRC2012_val_00030058.png,258,258,258,228,229,229,258,257,229,229,229,258,257,257,229,229,258,257,229,229,229,258,257,257,229,229,258,257,257,222,229,258,257,257,222,229,258,257,257,229,229
n02111889_ILSVRC2012_val_00041480.png,258,258,270,270,270,269,258,270,270,270,270,258,269,269,270,270,258,270,270,270,269,258,270,270,270,270,258,270,270,270,269,258,270,270,270,270,258,270,270,270,270
n02111889_ILSVRC2012_val_00041880.png,258,258,258,270,270,270,258,258,270,248,270,258,279,270,270,270,258,279,270,248,270,258,279,270,270,270,258,258,258,258,270,258,258,258,258,270,258,258,270,270,270
n02111889_ILSVRC2012_val_00049242.png,258,258,153,153,203,153,258,153,153,203,194,258,153,153,279,153,258,153,153,298,190,258,153,153,279,190,258,153,153,258,153,258,153,153,279,153,258,153,153,222,153
n02112018_ILSVRC2012_val_00018688.png,259,259,259,265,279,279,259,259,265,279,279,259,157,217,279,279,259,157,265,279,279,259,157,265,279,279,259,259,151,279,279,259,259,265,261,258,259,259,259,259,280
n02112018_ILSVRC2012_val_00019415.png,259,259,278,278,192,203,259,278,278,203,203,259,278,278,203,203,259,272,280,203,203,259,259,272,203,203,259,203,259,203,203,259,279,279,203,203,259,278,272,203,203
n02112018_ILSVRC2012_val_00020488.png,259,259,154,154,154,154,259,154,154,154,154,259,154,154,154,154,259,154,154,154,154,259,154,154,154,154,259,259,154,154,154,259,259,154,154,154,259,154,154,154,154
n02112018_ILSVRC2012_val_00025677.png,259,259,154,203,283,283,259,154,203,283,283,259,154,203,283,283,259,154,203,283,283,259,154,203,283,283,259,154,203,283,283,259,154,203,283,283,259,154,203,283,283
n02112018_ILSVRC2012_val_00038201.png,259,259,259,259,259,299,259,259,151,259,299,259,151,151,259,299,259,259,151,251,299,259,259,259,259,299,259,259,151,259,299,259,259,151,259,299,259,259,151,259,299
n02112018_ILSVRC2012_val_00042213.png,259,259,259,151,265,157,259,259,151,219,157,259,157,151,151,157,259,259,151,216,157,259,259,151,259,259,259,259,151,151,157,259,259,151,259,259,259,259,151,259,259
n02112137_ILSVRC2012_val_00000355.png,260,260,259,259,260,260,260,259,259,244,244,260,259,259,244,244,260,260,259,244,244,260,259,259,260,244,260,259,259,244,244,260,260,259,244,244,260,260,259,260,244
n02112137_ILSVRC2012_val_00006664.png,260,260,186,151,259,259,260,186,151,263,259,260,287,151,263,259,260,186,151,263,259,260,259,259,263,259,260,260,151,249,259,260,260,151,260,259,260,260,186,260,259
n02112137_ILSVRC2012_val_00021526.png,260,260,273,207,207,263,260,273,207,207,263,260,273,207,207,263,260,273,207,169,263,260,273,207,207,263,260,273,207,207,207,260,260,207,207,263,260,260,207,207,263
n02112137_ILSVRC2012_val_00022725.png,260,260,244,244,244,244,260,244,244,244,244,260,244,244,244,244,260,244,244,244,244,260,260,260,260,244,260,260,260,260,244,260,260,260,260,244,260,260,260,260,244
n02112137_ILSVRC2012_val_00033027.png,260,260,260,643,903,244,260,244,365,793,244,260,244,643,793,244,260,244,643,793,244,260,244,643,793,244,260,260,903,260,244,260,260,260,260,244,260,260,260,260,244
n02112137_ILSVRC2012_val_00034735.png,260,260,260,673,219,204,260,260,673,207,219,260,673,673,809,809,260,861,673,809,809,260,260,673,809,200,260,260,673,219,202,260,260,673,265,204,260,260,673,219,202
n02112137_ILSVRC2012_val_00043426.png,260,260,274,274,342,263,260,274,274,231,263,260,274,274,274,263,260,274,274,76,263,260,274,274,231,263,260,274,274,274,263,260,274,274,274,263,260,274,274,274,230
n02112350_ILSVRC2012_val_00000658.png,261,261,154,219,260,260,261,219,219,260,260,261,219,219,260,260,261,260,219,260,260,261,261,219,261,260,261,261,219,261,260,261,261,261,261,260,261,256,219,261,260
n02112350_ILSVRC2012_val_00002546.png,261,261,332,192,332,332,261,261,192,361,157,261,338,107,261,338,261,261,192,338,338,261,261,261,261,259,261,261,261,261,259,261,261,261,261,261,261,261,261,261,261
n02112350_ILSVRC2012_val_00016074.png,261,261,256,347,256,256,261,256,256,256,256,261,256,256,256,256,261,256,256,256,256,261,256,256,256,256,261,256,256,256,256,261,260,256,260,256,261,256,256,260,256
n02112350_ILSVRC2012_val_00016303.png,261,261,276,276,259,259,261,192,276,259,259,261,276,276,154,259,261,276,276,259,259,261,261,276,259,259,261,261,276,261,259,261,276,276,259,259,261,276,276,261,259
n02112350_ILSVRC2012_val_00018521.png,261,261,261,539,359,539,261,261,539,284,539,261,539,539,539,539,261,539,539,539,539,261,261,539,539,539,261,332,539,539,539,261,261,539,261,539,261,539,539,539,539
n02112350_ILSVRC2012_val_00042477.png,261,261,259,259,261,244,261,259,259,261,255,261,259,259,261,255,261,261,259,235,235,261,261,259,235,235,261,261,259,261,261,261,261,261,261,261,261,261,261,261,261
n02112706_ILSVRC2012_val_00001925.png,262,262,154,154,154,154,262,154,154,154,154,262,154,154,154,154,262,154,154,154,154,262,262,154,154,154,262,262,154,154,154,262,154,154,154,154,262,262,154,154,154
n02112706_ILSVRC2012_val_00003327.png,262,262,262,254,262,262,262,262,254,262,243,262,459,254,243,243,262,262,254,243,243,262,262,262,243,243,262,262,262,262,243,262,262,254,262,243,262,262,254,262,243
n02112706_ILSVRC2012_val_00021608.png,262,262,262,254,262,262,262,262,254,262,262,262,243,254,254,254,262,243,254,907,254,262,243,254,192,254,262,243,254,262,254,262,243,254,262,254,262,262,254,262,254
n02112706_ILSVRC2012_val_00029392.png,262,262,254,245,254,254,262,254,254,254,254,262,254,254,254,254,262,254,254,254,254,262,254,254,254,254,262,262,254,254,254,262,254,254,254,254,262,262,254,254,254
n02112706_ILSVRC2012_val_00030619.png,262,262,154,850,367,463,262,154,283,434,876,262,154,258,659,876,262,154,257,659,876,262,154,431,431,876,262,262,516,431,876,262,262,222,588,876,262,262,968,254,431
n02112706_ILSVRC2012_val_00044772.png,262,262,262,254,262,262,262,262,254,262,262,262,476,254,254,254,262,254,254,281,254,262,254,254,262,254,262,254,254,262,254,262,254,254,262,254,262,262,254,262,254
n02112706_ILSVRC2012_val_00046390.png,262,262,262,243,262,262,262,262,243,262,254,262,254,243,262,245,262,254,243,245,245,262,262,243,262,254,262,262,243,262,254,262,262,262,262,245,262,262,242,262,262
n02112706_ILSVRC2012_val_00048760.png,262,262,262,242,262,254,262,242,242,254,254,262,242,242,242,254,262,242,242,243,254,262,262,242,254,254,262,262,242,245,254,262,262,242,245,245,262,254,245,245,254
n02113023_ILSVRC2012_val_00009618.png,263,263,264,264,273,273,263,264,264,171,253,263,264,264,172,273,263,264,264,172,273,263,264,264,273,273,263,264,264,171,273,264,264,264,172,273,263,264,264,264,273
n02113023_ILSVRC2012_val_00012060.png,263,263,263,253,173,173,263,263,253,166,173,263,169,253,273,253,263,169,253,173,227,263,263,253,264,264,263,263,253,264,273,263,263,263,263,264,263,263,264,264,264
n02113023_ILSVRC2012_val_00023546.png,263,263,151,253,263,162,263,263,263,263,264,263,151,253,264,264,263,151,253,264,264,263,151,253,263,264,263,151,253,264,264,263,263,253,264,264,263,263,253,263,264
n02113023_ILSVRC2012_val_00045593.png,263,263,263,263,263,215,263,263,151,263,731,263,929,929,731,731,263,219,162,731,731,263,263,263,263,218,263,263,215,731,731,263,263,263,263,731,263,263,263,263,218
n02113186_ILSVRC2012_val_00003368.png,264,264,232,232,232,232,264,232,232,232,232,264,231,231,232,232,264,232,232,232,232,264,232,232,232,232,264,232,232,232,232,264,232,232,232,232,264,232,232,232,232
n02113186_ILSVRC2012_val_00013309.png,264,264,151,151,264,263,264,157,157,263,263,264,151,151,263,263,264,151,151,263,263,264,264,264,263,263,264,264,157,264,263,264,264,157,264,264,264,264,151,264,263
n02113186_ILSVRC2012_val_00020270.png,264,264,264,195,264,264,264,264,195,264,264,264,195,195,264,248,264,195,195,248,248,264,195,195,264,248,264,264,195,195,249,264,264,195,264,264,264,264,195,264,248
n02113186_ILSVRC2012_val_00027124.png,264,264,264,232,232,232,264,264,232,232,232,264,676,232,232,232,264,264,232,232,232,264,264,232,232,232,264,264,232,232,232,264,264,232,264,232,264,264,232,232,232
n02113186_ILSVRC2012_val_00031156.png,264,264,263,327,263,263,264,263,263,263,263,264,263,108,263,263,264,263,263,263,263,264,263,263,263,263,264,263,263,263,263,264,263,263,263,263,264,263,263,263,263
n02113186_ILSVRC2012_val_00044971.png,264,264,232,232,264,264,264,232,232,264,230,264,231,231,263,263,264,232,232,263,263,264,232,232,263,263,264,232,232,264,263,264,264,232,264,264,264,264,157,264,264
n02113624_ILSVRC2012_val_00012039.png,265,265,204,611,219,216,265,204,611,283,216,265,204,611,155,216,265,204,611,360,216,265,204,611,204,216,265,204,611,265,216,265,204,611,204,216,265,204,611,265,216
n02113624_ILSVRC2012_val_00014957.png,265,265,219,611,219,219,265,219,611,219,220,265,219,611,216,220,265,219,611,216,220,265,219,611,219,220,265,266,611,219,219,265,266,611,219,220,265,219,611,219,220
n02113624_ILSVRC2012_val_00020474.png,265,265,266,267,257,265,265,222,267,257,265,265,160,267,257,266,265,267,267,257,266,265,267,267,257,266,265,266,266,257,266,265,265,222,257,265,265,222,267,257,266
n02113799_ILSVRC2012_val_00004278.png,267,267,267,217,217,212,267,188,217,212,212,267,196,217,212,212,267,188,217,212,212,267,267,217,212,212,267,267,212,212,212,267,267,217,212,212,267,267,217,217,212
n02113799_ILSVRC2012_val_00005936.png,267,267,381,265,197,252,267,256,267,265,265,267,262,187,265,265,267,267,265,265,265,267,262,265,265,265,267,267,266,266,265,267,265,265,265,265,267,266,265,265,265
n02113799_ILSVRC2012_val_00026130.png,267,267,265,266,266,265,267,265,265,266,265,267,153,266,266,266,267,266,266,266,266,267,265,266,266,266,267,265,266,266,266,267,266,266,266,266,267,266,266,266,266
n02113799_ILSVRC2012_val_00026858.png,267,267,265,265,265,265,267,266,266,266,266,267,187,266,266,266,267,266,266,266,266,267,266,266,266,265,267,266,266,266,266,267,266,267,267,266,267,266,266,266,266
n02113799_ILSVRC2012_val_00027990.png,267,267,267,397,266,266,267,355,397,265,265,267,481,397,266,266,267,857,397,265,266,267,850,397,266,265,267,355,397,355,266,267,276,397,266,266,267,276,397,266,266
n02113799_ILSVRC2012_val_00029984.png,267,267,267,611,266,265,267,266,611,219,265,267,151,611,266,265,267,266,611,187,265,267,267,611,265,265,267,267,611,265,265,267,266,611,266,265,267,267,611,266,265
n02113799_ILSVRC2012_val_00033897.png,267,267,153,153,203,266,267,153,153,153,266,267,153,153,266,266,267,153,265,153,266,267,153,153,265,265,267,265,265,265,266,267,265,265,265,266,267,266,266,266,266
n02113799_ILSVRC2012_val_00038194.png,267,267,265,265,153,265,267,265,265,153,266,267,151,153,153,266,267,151,266,153,266,267,266,153,153,266,267,265,266,266,266,267,266,266,266,266,267,265,266,265,266
n02113799_ILSVRC2012_val_00048625.png,267,267,265,153,265,265,267,153,153,153,265,267,153,153,153,265,267,266,153,153,266,267,266,153,153,265,267,266,265,265,266,267,266,265,265,266,267,266,266,266,266
n02113978_ILSVRC2012_val_00013045.png,268,268,151,151,151,151,268,151,151,151,151,268,151,151,151,151,268,151,151,151,151,268,151,151,151,151,268,151,151,151,151,268,151,151,268,151,268,151,151,151,151
n02113978_ILSVRC2012_val_00028901.png,268,268,268,151,268,151,268,268,151,268,151,268,151,151,760,151,268,151,151,620,151,268,151,151,151,151,268,151,151,268,151,268,151,151,268,151,268,268,151,268,151
n02113978_ILSVRC2012_val_00039850.png,268,268,268,268,268,201,268,245,237,245,158,268,245,237,268,237,268,245,237,700,158,268,268,237,728,268,268,268,268,268,268,268,268,268,268,268,268,268,268,268,268
n02113978_ILSVRC2012_val_00040556.png,268,268,227,227,205,205,268,227,237,205,205,268,234,237,172,176,268,197,237,176,176,268,180,237,171,176,268,268,227,177,176,268,268,227,177,176,268,268,227,268,171
n02114367_ILSVRC2012_val_00017311.png,269,269,269,269,269,272,269,269,271,269,272,269,272,271,269,272,269,272,271,272,272,269,269,272,269,272,269,269,272,269,272,269,269,269,269,272,269,269,269,269,269
n02114367_ILSVRC2012_val_00018872.png,269,269,230,269,269,277,269,230,274,277,277,269,157,274,269,277,269,261,271,277,277,269,269,269,269,277,269,269,269,269,272,269,269,269,269,269,269,269,269,269,280
n02114367_ILSVRC2012_val_00029769.png,269,269,269,250,269,271,269,269,248,269,271,269,250,250,269,271,269,248,250,457,271,269,269,248,269,271,269,248,248,269,269,269,269,248,269,271,269,269,269,269,269
n02114367_ILSVRC2012_val_00045453.png,269,269,272,280,272,280,269,272,271,272,280,269,272,271,272,280,269,271,271,277,277,269,269,271,271,271,269,272,272,272,280,269,272,271,269,272,269,269,269,269,269
n02114548_ILSVRC2012_val_00002948.png,270,270,270,273,203,180,270,273,273,203,180,270,273,273,203,179,270,273,273,179,179,270,270,273,270,179,270,270,273,270,264,270,270,270,270,248,270,270,273,270,273
n02114548_ILSVRC2012_val_00016104.png,270,270,270,248,296,273,270,270,248,273,273,270,250,248,273,273,270,248,248,253,273,270,248,248,273,273,270,270,279,270,273,270,270,250,270,273,270,270,248,273,273
n02114548_ILSVRC2012_val_00016319.png,270,270,269,269,270,279,270,269,269,279,279,270,269,269,270,279,270,270,270,279,279,270,270,269,270,279,270,270,269,270,279,270,270,270,270,279,270,270,269,270,279
n02114548_ILSVRC2012_val_00017957.png,270,270,258,258,258,258,270,258,258,258,258,270,258,258,258,258,270,258,258,258,258,270,258,258,258,258,270,270,258,258,258,270,258,258,258,258,270,270,258,270,258
n02114548_ILSVRC2012_val_00025285.png,270,270,270,270,270,248,270,270,270,248,248,270,998,273,248,250,270,270,273,250,250,270,248,270,250,250,270,270,270,248,248,270,270,270,270,248,270,270,273,248,248
n02114548_ILSVRC2012_val_00025665.png,270,270,279,272,279,279,270,279,272,279,279,270,280,272,279,279,270,270,270,279,279,270,279,280,279,279,270,270,270,279,279,270,270,270,279,279,270,270,269,279,279
n02114548_ILSVRC2012_val_00028264.png,270,270,270,272,269,269,270,269,272,269,269,270,271,272,270,269,270,269,272,269,269,270,270,272,269,269,270,270,270,270,269,270,270,270,270,269,270,270,270,270,269
n02114548_ILSVRC2012_val_00031241.png,270,270,270,279,270,269,270,279,279,270,269,270,279,279,270,269,270,279,279,249,269,270,279,279,270,270,270,270,279,270,269,270,270,279,270,270,270,279,279,270,270
n02114548_ILSVRC2012_val_00035908.png,270,270,270,258,270,249,270,270,270,248,249,270,269,249,248,249,270,270,248,249,249,270,270,248,248,249,270,270,270,270,249,270,270,270,270,269,270,270,270,270,249
n02114712_ILSVRC2012_val_00013903.png,271,271,277,280,277,277,271,277,277,277,277,271,356,277,278,278,271,277,277,278,278,271,271,277,278,278,271,277,277,278,278,271,274,274,277,278,271,274,277,278,278
n02114855_ILSVRC2012_val_00029186.png,272,272,272,272,269,269,272,272,272,269,269,272,280,280,269,269,272,272,272,269,269,272,272,272,269,269,272,272,272,272,269,272,272,280,272,272,272,272,272,272,272
n02114855_ILSVRC2012_val_00037275.png,272,272,271,274,271,271,272,271,274,271,271,272,271,274,271,271,272,271,274,271,271,272,271,271,271,271,272,272,274,271,271,272,272,274,271,271,272,272,274,272,271
n02115641_ILSVRC2012_val_00002786.png,273,273,151,273,273,273,273,151,273,273,180,273,151,227,273,273,273,151,227,159,159,273,273,227,273,246,273,273,273,273,273,273,273,273,273,273,273,273,273,273,273
n02115641_ILSVRC2012_val_00004320.png,273,273,282,250,250,249,273,387,250,250,248,273,282,250,250,250,273,282,250,250,248,273,250,250,250,250,273,273,250,273,250,273,250,250,250,250,273,273,250,273,250
n02115641_ILSVRC2012_val_00022330.png,273,273,273,286,273,172,273,273,286,253,180,273,104,286,253,180,273,104,286,253,179,273,273,286,273,180,273,104,273,253,172,273,273,273,273,180,273,273,286,273,180
n02115913_ILSVRC2012_val_00002551.png,274,274,277,277,274,272,274,277,277,274,272,274,277,278,271,287,274,277,277,221,287,274,274,277,277,287,274,274,274,274,274,274,274,274,274,287,274,274,277,274,287
n02115913_ILSVRC2012_val_00015605.png,274,274,274,274,274,274,274,274,274,273,273,274,271,271,273,273,274,274,271,273,273,274,274,271,273,273,274,274,274,274,274,274,274,274,274,274,274,274,274,274,274
n02115913_ILSVRC2012_val_00015888.png,274,274,274,227,274,104,274,227,227,104,104,274,227,227,274,104,274,227,227,104,104,274,274,227,271,104,274,273,227,104,104,274,274,227,274,104,274,274,227,274,104
n02115913_ILSVRC2012_val_00018791.png,274,274,274,274,104,104,274,274,272,104,104,274,272,272,104,104,274,272,272,104,104,274,274,274,274,274,274,274,274,274,104,274,274,272,274,104,274,274,272,274,104
n02115913_ILSVRC2012_val_00023259.png,274,274,274,386,277,277,274,225,109,225,225,274,245,109,274,225,274,243,109,225,225,274,274,271,274,225,274,274,109,225,225,274,274,209,225,225,274,274,109,274,225
n02115913_ILSVRC2012_val_00042475.png,274,274,274,273,274,271,274,274,237,271,271,274,159,151,274,271,274,274,237,271,271,274,274,237,274,271,274,274,274,274,271,274,274,274,274,274,274,274,274,274,271
n02116738_ILSVRC2012_val_00004282.png,275,275,275,276,76,276,275,276,276,276,276,275,276,287,276,276,275,276,276,276,276,275,275,276,276,276,275,275,276,276,276,275,275,276,276,276,275,275,276,276,276
n02116738_ILSVRC2012_val_00026158.png,275,275,275,275,275,562,275,275,276,341,971,275,508,276,275,971,275,275,276,452,971,275,275,275,275,971,275,275,275,275,275,275,275,275,275,275,275,275,275,275,275
n02116738_ILSVRC2012_val_00030678.png,275,275,275,276,275,276,275,275,276,275,276,275,276,276,275,276,275,275,276,389,276,275,275,275,275,276,275,275,275,275,276,275,275,276,275,276,275,275,275,275,275
n02116738_ILSVRC2012_val_00037949.png,275,275,275,275,240,336,275,275,280,240,336,275,279,280,275,336,275,275,280,240,336,275,275,275,275,358,275,275,275,275,336,275,275,275,275,336,275,275,275,275,275
n02116738_ILSVRC2012_val_00039513.png,275,275,275,282,255,256,275,275,282,345,205,275,21,285,275,205,275,275,281,154,256,275,275,282,275,256,275,275,276,255,256,275,275,276,255,255,275,275,275,275,255
n02116738_ILSVRC2012_val_00041831.png,275,275,276,276,276,276,275,342,276,276,276,275,341,276,276,276,275,342,276,276,276,275,275,276,276,276,275,275,276,276,276,275,275,276,276,276,275,275,276,276,276
n02116738_ILSVRC2012_val_00048385.png,275,275,151,182,174,174,275,151,182,174,174,275,151,182,174,174,275,151,192,174,174,275,151,151,151,174,275,151,182,174,174,275,151,275,174,174,275,151,182,174,174
n02117135_ILSVRC2012_val_00012833.png,276,276,48,611,48,291,276,276,611,291,291,276,33,611,291,291,276,33,611,291,291,276,276,611,291,291,276,34,611,291,291,276,276,611,291,291,276,276,611,291,291
n02117135_ILSVRC2012_val_00023307.png,276,276,275,342,193,264,276,275,275,201,264,276,275,275,201,264,276,276,275,199,264,276,276,275,201,263,276,276,276,276,276,276,276,276,192,264,276,275,276,275,276
n02117135_ILSVRC2012_val_00039085.png,276,276,272,272,272,272,276,272,272,272,272,276,272,272,272,272,276,272,272,272,272,276,272,272,272,272,276,272,272,272,272,276,276,272,272,272,276,276,272,272,272
n02117135_ILSVRC2012_val_00042684.png,276,276,276,276,275,275,276,276,275,276,275,276,17,275,276,275,276,276,275,235,275,276,276,275,276,275,276,276,276,276,275,276,276,275,276,275,276,276,276,276,275
n02117135_ILSVRC2012_val_00048181.png,276,276,293,293,293,293,276,293,293,293,293,276,293,293,293,293,276,293,293,293,293,276,276,293,276,293,276,276,293,276,293,276,276,276,276,293,276,276,293,276,293
n02119022_ILSVRC2012_val_00003449.png,277,277,277,611,277,277,277,278,611,278,278,277,278,611,277,278,277,278,611,278,278,277,278,611,278,278,277,278,611,278,278,277,277,611,277,277,277,278,277,278,278
n02119022_ILSVRC2012_val_00003974.png,277,277,272,272,287,272,277,269,272,269,272,277,269,272,272,272,277,272,272,174,272,277,272,272,272,272,277,277,272,277,272,277,277,280,280,272,277,277,277,277,272
n02119022_ILSVRC2012_val_00008938.png,277,277,277,611,280,280,277,277,611,277,280,277,845,611,280,280,277,272,611,280,280,277,277,611,280,280,277,277,611,280,280,277,277,611,277,280,277,277,611,277,280
n02119022_ILSVRC2012_val_00012749.png,277,277,387,278,277,280,277,151,278,273,280,277,151,278,277,273,277,151,278,174,174,277,263,278,277,272,277,277,278,272,272,277,277,272,273,272,277,277,272,272,272
n02119022_ILSVRC2012_val_00016471.png,277,277,271,271,277,278,277,271,271,278,278,277,271,271,278,278,277,271,271,278,278,277,271,271,278,278,277,271,271,278,278,277,271,271,278,278,277,277,271,278,278
n02119022_ILSVRC2012_val_00025207.png,277,277,277,277,277,271,277,277,278,271,271,277,918,278,271,271,277,277,278,271,271,277,277,277,271,271,277,277,278,271,271,277,277,277,271,271,277,277,277,277,271
n02119022_ILSVRC2012_val_00049984.png,277,277,278,278,278,278,277,278,278,277,272,277,278,278,278,278,277,277,278,278,278,277,278,278,278,278,277,278,278,277,278,277,277,278,277,277,277,277,278,277,278
n02119789_ILSVRC2012_val_00007406.png,278,278,278,277,278,277,278,278,277,277,277,278,277,277,277,277,278,277,277,277,277,278,277,277,277,277,278,277,277,277,277,278,278,277,277,277,278,278,277,277,277
n02119789_ILSVRC2012_val_00008631.png,278,278,277,277,278,277,278,277,277,277,277,278,274,277,278,277,278,274,277,277,277,278,278,277,278,277,278,277,277,277,277,278,277,277,277,277,278,277,277,277,277
n02119789_ILSVRC2012_val_00029683.png,278,278,278,280,277,277,278,277,277,277,272,278,277,277,277,277,278,277,277,277,277,278,277,277,277,277,278,277,277,277,277,278,277,277,277,277,278,278,278,278,277
n02119789_ILSVRC2012_val_00033561.png,278,278,277,277,277,277,278,277,277,277,277,278,277,277,277,277,278,277,277,277,277,278,277,277,277,277,278,277,277,277,277,278,277,277,277,277,278,277,277,277,277
n02119789_ILSVRC2012_val_00042699.png,278,278,278,277,278,277,278,278,277,277,277,278,277,277,278,277,278,278,277,277,277,278,278,277,277,277,278,278,277,278,278,278,278,278,278,278,278,278,277,278,277
n02120079_ILSVRC2012_val_00002447.png,279,279,296,296,270,270,279,222,296,270,270,279,541,296,270,270,279,222,296,270,270,279,222,296,270,270,279,279,279,270,270,279,279,279,279,270,279,279,279,270,270
n02120079_ILSVRC2012_val_00011211.png,279,279,276,280,341,276,279,276,280,355,289,279,276,280,279,289,279,276,280,355,288,279,279,280,279,289,279,279,279,279,289,279,279,280,279,289,279,279,280,279,289
n02120079_ILSVRC2012_val_00029068.png,279,279,270,203,270,170,279,700,700,203,203,279,999,700,999,999,279,999,700,805,805,279,999,999,231,805,279,279,999,805,805,279,279,999,279,805,279,999,999,805,805
n02120079_ILSVRC2012_val_00030558.png,279,279,222,222,222,222,279,222,222,222,222,279,222,222,222,222,279,222,222,222,222,279,222,222,222,222,279,222,222,222,222,279,222,222,222,222,279,222,222,222,222
n02120079_ILSVRC2012_val_00034065.png,279,279,279,363,279,101,279,363,363,341,101,279,363,363,279,51,279,363,363,915,385,279,279,363,104,296,279,279,363,341,296,279,279,363,341,341,279,279,363,279,270
n02120079_ILSVRC2012_val_00038740.png,279,279,106,276,276,269,279,279,276,342,269,279,280,276,270,269,279,280,289,269,269,279,280,276,269,269,279,279,276,269,269,279,279,279,269,269,279,279,279,279,269
n02120079_ILSVRC2012_val_00049517.png,279,279,270,270,270,270,279,270,270,270,270,279,270,270,270,270,279,270,270,270,270,279,270,270,270,270,279,270,270,270,270,279,270,270,279,270,279,270,270,270,270
n02120505_ILSVRC2012_val_00010241.png,280,280,278,278,299,299,280,278,278,299,299,280,278,278,299,298,280,278,278,299,298,280,280,280,280,298,280,278,278,280,298,280,280,278,280,298,280,280,280,280,299
n02120505_ILSVRC2012_val_00013158.png,280,280,280,280,280,280,280,278,278,278,278,280,278,278,278,278,280,280,280,278,278,280,280,278,278,278,280,280,280,280,280,280,280,280,278,278,280,280,280,278,278
n02120505_ILSVRC2012_val_00022283.png,280,280,277,287,277,277,280,277,278,278,271,280,278,278,278,278,280,278,278,278,278,280,280,278,278,278,280,280,280,280,280,280,280,278,280,278,280,278,278,278,278
n02120505_ILSVRC2012_val_00026842.png,280,280,271,271,274,230,280,271,271,271,271,280,271,271,271,231,280,271,271,260,231,280,280,271,235,231,280,271,271,271,231,280,280,271,269,231,280,280,271,280,231
n02120505_ILSVRC2012_val_00028275.png,280,280,278,270,271,271,280,278,270,271,271,280,278,296,278,278,280,278,270,278,278,280,278,280,278,278,280,280,280,280,278,280,280,280,280,280,280,280,280,278,278
n02120505_ILSVRC2012_val_00033228.png,280,280,280,280,280,278,280,280,280,278,278,280,278,278,278,278,280,278,278,278,278,280,278,278,278,278,280,280,278,278,278,280,280,278,278,278,280,280,280,280,278
n02120505_ILSVRC2012_val_00043254.png,280,280,335,335,278,278,280,280,335,280,278,280,335,335,278,278,280,280,335,278,278,280,280,280,278,278,280,280,335,280,278,280,280,335,278,278,280,280,280,280,278
n02120505_ILSVRC2012_val_00043421.png,280,280,280,280,280,280,280,280,280,280,280,280,278,278,280,278,280,280,278,278,278,280,280,278,278,278,280,280,280,280,278,280,280,280,280,278,280,280,280,280,278
n02120505_ILSVRC2012_val_00044748.png,280,280,280,278,278,277,280,278,278,277,277,280,378,278,278,278,280,278,278,278,278,280,280,278,278,278,280,280,278,278,278,280,280,278,278,278,280,280,278,278,278
n02123045_ILSVRC2012_val_00010711.png,281,281,281,281,281,281,281,281,282,281,281,281,292,971,281,282,281,281,282,282,282,281,281,281,281,281,281,281,281,281,281,281,281,281,281,281,281,281,281,281,281
n02123045_ILSVRC2012_val_00040745.png,281,281,281,281,283,283,281,281,281,283,283,281,292,282,283,283,281,281,281,283,283,281,281,281,283,283,281,281,281,283,283,281,281,281,283,283,281,281,281,281,283
n02123159_ILSVRC2012_val_00035532.png,282,282,282,282,282,285,282,282,282,282,285,282,281,281,285,285,282,282,281,285,285,282,281,281,285,285,282,281,281,285,285,282,282,282,282,285,282,282,282,282,285
n02123394_ILSVRC2012_val_00001132.png,283,283,283,478,283,283,283,478,478,283,478,283,478,478,283,478,283,478,478,152,478,283,283,478,283,478,283,283,283,283,283,283,283,283,283,283,283,283,478,283,283
n02123394_ILSVRC2012_val_00005627.png,283,283,287,287,283,348,283,287,287,348,348,283,287,287,348,348,283,287,287,348,348,283,287,287,348,348,283,287,287,283,348,283,287,287,283,348,283,287,287,283,348
n02123394_ILSVRC2012_val_00009899.png,283,283,152,152,797,797,283,152,152,797,797,283,152,152,797,797,283,283,152,797,797,283,152,157,797,797,283,152,152,797,797,283,283,152,750,797,283,283,152,797,797
n02123394_ILSVRC2012_val_00024500.png,283,283,700,643,283,287,283,700,643,287,287,283,700,643,279,287,283,700,643,287,287,283,700,643,283,287,283,283,643,283,287,283,700,643,283,287,283,283,643,283,287
n02123394_ILSVRC2012_val_00034244.png,283,283,154,153,190,153,283,154,153,190,155,283,154,153,190,153,283,154,153,190,153,283,154,153,190,153,283,283,153,283,153,283,283,153,283,153,283,283,153,190,153
n02123394_ILSVRC2012_val_00039390.png,283,283,287,434,203,190,283,283,434,203,190,283,254,434,190,190,283,283,434,190,190,283,222,434,190,190,283,283,434,190,190,283,283,434,283,190,283,283,283,283,190
n02123394_ILSVRC2012_val_00040780.png,283,283,283,611,283,539,283,283,611,283,281,283,673,611,620,611,283,283,611,620,620,283,283,611,283,620,283,283,611,283,281,283,283,611,283,281,283,283,611,283,281
n02123394_ILSVRC2012_val_00043898.png,283,283,283,700,283,785,283,909,700,700,761,283,813,700,593,806,283,620,700,761,761,283,283,700,761,761,283,499,700,761,761,283,813,700,761,761,283,589,700,761,761
n02123394_ILSVRC2012_val_00049996.png,283,283,281,285,281,281,283,281,281,281,281,283,285,285,285,281,283,281,281,285,281,283,281,281,285,281,283,281,281,285,281,283,281,281,281,281,283,281,281,281,281
n02123597_ILSVRC2012_val_00012173.png,284,284,17,426,283,898,284,191,426,676,898,284,191,426,647,898,284,191,778,647,898,284,189,635,284,578,284,191,778,647,107,284,191,635,284,150,284,191,611,647,728
n02123597_ILSVRC2012_val_00015401.png,284,284,283,283,816,283,284,283,283,283,283,284,283,283,283,283,284,283,283,283,283,284,283,283,283,283,284,283,283,283,283,284,283,283,283,283,284,283,283,283,283
n02123597_ILSVRC2012_val_00026893.png,284,284,284,285,171,268,284,284,285,171,268,284,285,285,171,268,284,285,285,171,268,284,284,285,171,268,284,284,285,284,268,284,284,285,171,268,284,284,285,284,268
n02123597_ILSVRC2012_val_00036290.png,284,284,284,287,284,285,284,287,287,287,285,284,287,287,285,285,284,287,287,282,285,284,284,287,282,285,284,284,287,281,285,284,284,284,287,285,284,284,284,284,285
n02123597_ILSVRC2012_val_00036526.png,284,284,287,287,287,285,284,287,287,285,285,284,287,287,285,285,284,287,287,285,285,284,287,287,285,285,284,287,287,285,285,284,287,287,285,285,284,287,287,285,285
n02123597_ILSVRC2012_val_00036961.png,284,284,284,287,104,272,284,284,285,277,272,284,272,285,284,272,284,272,285,272,272,284,284,284,284,272,284,284,284,284,331,284,284,284,284,104,284,284,284,284,278
n02123597_ILSVRC2012_val_00040854.png,284,284,284,285,284,285,284,284,285,284,285,284,285,285,284,285,284,284,285,700,285,284,284,284,284,285,284,284,287,284,285,284,284,284,700,284,284,284,284,284,284
n02123597_ILSVRC2012_val_00045347.png,284,284,285,285,332,285,284,285,285,87,285,284,285,285,284,285,284,285,285,87,285,284,285,285,285,285,284,285,287,284,285,284,284,287,284,285,284,285,287,284,285
n02123597_ILSVRC2012_val_00046572.png,284,284,284,611,284,284,284,284,611,284,155,284,700,611,284,782,284,700,611,598,851,284,284,611,284,154,284,284,611,284,284,284,284,611,284,284,284,284,611,284,284
n02124075_ILSVRC2012_val_00005207.png,285,285,568,186,691,882,285,568,184,882,882,285,707,193,882,882,285,556,186,882,882,285,282,193,882,882,285,285,186,882,882,285,285,186,476,882,285,285,193,857,882
n02125311_ILSVRC2012_val_00006400.png,286,286,278,278,291,291,286,286,278,291,291,286,278,278,271,291,286,278,278,271,291,286,278,278,278,291,286,286,286,271,291,286,286,278,286,286,286,286,278,286,291
n02125311_ILSVRC2012_val_00006612.png,286,286,365,728,277,193,286,700,728,277,274,286,700,728,277,274,286,700,728,277,274,286,700,728,278,274,286,700,728,273,274,286,700,728,269,274,286,700,728,277,274
n02125311_ILSVRC2012_val_00015558.png,286,286,291,291,291,291,286,286,291,343,291,286,291,291,291,291,286,291,291,291,291,286,291,291,291,291,286,286,291,291,291,286,286,286,286,291,286,286,286,291,291
n02125311_ILSVRC2012_val_00018664.png,286,286,343,192,287,287,286,343,226,287,287,286,343,160,287,287,286,343,160,287,287,286,343,200,286,287,286,343,160,286,287,286,286,160,286,287,286,286,160,286,287
n02125311_ILSVRC2012_val_00022007.png,286,286,287,287,287,287,286,287,287,287,287,286,287,287,287,287,286,287,287,287,287,286,287,287,287,287,286,287,287,287,287,286,287,287,287,287,286,287,287,287,287
n02125311_ILSVRC2012_val_00031884.png,286,286,286,285,286,282,286,286,287,286,282,286,747,282,286,282,286,286,286,700,282,286,286,282,286,282,286,286,286,286,292,286,286,286,286,286,286,286,286,286,286
n02127052_ILSVRC2012_val_00000898.png,287,287,286,331,286,286,287,286,331,286,286,287,353,331,286,286,287,353,331,286,286,287,287,287,286,286,287,287,331,286,286,287,287,287,287,286,287,287,287,286,286
n02127052_ILSVRC2012_val_00005998.png,287,287,282,282,282,282,287,282,282,282,282,287,282,282,282,282,287,282,282,282,282,287,282,282,282,282,287,287,282,287,287,287,287,281,281,281,287,287,287,287,282
n02127052_ILSVRC2012_val_00012958.png,287,287,289,289,282,289,287,289,289,282,289,287,289,288,281,289,287,289,289,941,941,287,289,289,287,941,287,289,289,287,289,287,289,287,287,289,287,287,287,287,941
n02127052_ILSVRC2012_val_00018389.png,287,287,282,282,282,282,287,282,282,292,288,287,282,282,287,288,287,282,282,288,288,287,287,282,287,288,287,287,287,287,287,287,287,287,287,288,287,287,287,287,287
n02127052_ILSVRC2012_val_00024645.png,287,287,287,282,287,282,287,287,282,282,282,287,282,282,282,282,287,287,282,282,282,287,287,282,287,282,287,287,287,282,282,287,287,287,282,282,287,287,287,287,287
n02127052_ILSVRC2012_val_00025942.png,287,287,283,283,186,189,287,283,283,186,189,287,283,283,287,189,287,283,283,186,189,287,283,283,192,189,287,283,283,186,189,287,283,283,287,189,287,287,283,287,189
n02127052_ILSVRC2012_val_00029101.png,287,287,287,288,287,288,287,288,288,289,288,287,63,288,288,288,287,288,288,288,288,287,287,288,287,288,287,287,288,287,288,287,287,288,287,288,287,287,287,287,287
n02127052_ILSVRC2012_val_00032552.png,287,287,278,278,104,105,287,277,278,276,105,287,277,278,105,105,287,277,278,105,105,287,287,278,287,105,287,278,278,287,105,287,278,278,286,105,287,287,278,105,105
n02127052_ILSVRC2012_val_00036625.png,287,287,342,109,285,285,287,288,288,285,285,287,641,290,285,285,287,281,290,285,285,287,82,288,285,285,287,287,290,285,285,287,287,288,285,285,287,287,293,285,285
n02128385_ILSVRC2012_val_00009158.png,288,288,290,290,290,290,288,290,290,290,290,288,290,290,290,290,288,290,290,290,290,288,288,290,290,290,288,290,290,290,290,288,288,288,290,290,288,290,290,290,290
n02128385_ILSVRC2012_val_00024219.png,288,288,290,290,290,290,288,288,290,288,290,288,290,290,290,290,288,290,290,290,290,288,288,290,288,290,288,288,290,290,290,288,288,288,290,290,288,288,290,288,290
n02128385_ILSVRC2012_val_00037850.png,288,288,288,288,290,290,288,288,288,290,290,288,290,290,290,290,288,290,290,290,290,288,288,288,290,290,288,290,290,290,290,288,288,288,290,288,288,288,288,288,288
n02128385_ILSVRC2012_val_00045139.png,288,288,290,290,290,290,288,288,288,288,288,288,290,290,290,290,288,290,290,290,290,288,288,290,290,290,288,288,288,290,290,288,288,288,288,290,288,288,290,288,290
n02128757_ILSVRC2012_val_00002557.png,289,289,289,290,289,288,289,289,290,288,288,289,539,290,288,288,289,285,290,288,288,289,289,290,289,288,289,289,290,288,288,289,289,290,289,288,289,289,290,289,288
n02128757_ILSVRC2012_val_00013141.png,289,289,289,288,293,293,289,288,288,293,293,289,290,290,293,293,289,288,288,293,293,289,289,288,293,293,289,289,289,289,293,289,289,288,293,293,289,289,289,289,293
n02128757_ILSVRC2012_val_00019816.png,289,289,289,289,289,288,289,289,288,288,288,289,487,290,289,288,289,289,289,288,288,289,289,289,289,288,289,289,289,289,288,289,289,289,289,288,289,289,289,289,288
n02128757_ILSVRC2012_val_00019978.png,289,289,289,288,289,288,289,288,288,289,288,289,288,288,289,288,289,289,289,164,288,289,289,289,289,293,289,289,289,289,289,289,289,289,289,289,289,289,289,289,289
n02128757_ILSVRC2012_val_00029508.png,289,289,289,289,289,288,289,289,288,289,288,289,288,290,289,288,289,289,289,288,288,289,289,289,289,288,289,289,289,289,288,289,289,289,289,288,289,289,289,289,289
n02128757_ILSVRC2012_val_00033934.png,289,289,289,288,289,288,289,289,290,288,288,289,290,290,288,288,289,290,288,290,288,289,289,288,289,288,289,289,290,289,288,289,289,289,289,288,289,289,289,289,289
n02128757_ILSVRC2012_val_00036474.png,289,289,289,288,289,288,289,289,288,288,288,289,290,288,289,288,289,289,288,290,288,289,289,288,289,288,289,289,289,289,289,289,289,289,289,289,289,289,289,289,289
n02128757_ILSVRC2012_val_00048394.png,289,289,289,287,289,285,289,287,287,285,285,289,287,287,212,285,289,287,287,164,285,289,287,289,289,285,289,289,289,276,289,289,287,276,276,289,289,289,289,289,289
n02128757_ILSVRC2012_val_00048717.png,289,289,287,287,289,397,289,287,287,700,700,289,287,287,700,700,289,287,287,700,700,289,287,287,700,700,289,289,289,289,700,289,289,289,700,289,289,289,289,289,700
n02128925_ILSVRC2012_val_00019365.png,290,290,288,288,288,288,290,288,288,288,288,290,288,288,288,288,290,290,288,288,288,290,290,288,288,288,290,290,288,290,288,290,290,288,290,288,290,290,288,290,288
n02128925_ILSVRC2012_val_00025277.png,290,290,290,288,288,288,290,288,288,288,288,290,288,288,288,288,290,288,288,288,288,290,290,288,290,288,290,288,288,288,288,290,290,290,290,288,290,288,288,288,288
n02128925_ILSVRC2012_val_00035883.png,290,290,288,288,288,288,290,288,288,288,288,290,288,288,288,288,290,288,288,288,288,290,290,290,290,288,290,288,288,288,288,290,288,288,288,288,290,290,288,290,288
n02128925_ILSVRC2012_val_00040208.png,290,290,290,290,290,290,290,251,658,290,290,290,658,658,658,658,290,290,658,658,850,290,290,290,251,719,290,290,290,290,290,290,290,290,290,290,290,290,290,290,290
n02128925_ILSVRC2012_val_00045488.png,290,290,290,290,290,290,290,290,288,290,290,290,288,288,290,290,290,290,288,288,288,290,290,290,290,290,290,290,290,290,290,290,290,290,290,290,290,290,290,290,290
n02129165_ILSVRC2012_val_00006345.png,291,291,354,354,291,355,291,291,354,355,355,291,354,354,354,355,291,291,354,355,355,291,291,291,291,355,291,291,291,291,354,291,291,291,291,355,291,291,354,291,354
n02129165_ILSVRC2012_val_00026880.png,291,291,291,291,291,291,291,291,291,291,291,291,439,439,291,291,291,291,291,212,213,291,291,291,291,291,291,291,291,291,291,291,291,291,291,291,291,291,291,291,291
n02129165_ILSVRC2012_val_00030269.png,291,291,291,292,291,291,291,291,292,291,291,291,700,282,291,291,291,291,282,348,349,291,291,292,291,291,291,291,292,291,291,291,291,291,291,291,291,291,292,291,291
n02129165_ILSVRC2012_val_00030575.png,291,291,291,269,177,294,291,269,269,256,294,291,269,269,256,294,291,269,269,256,294,291,269,269,255,294,291,261,174,255,294,291,269,269,177,294,291,291,269,354,294
n02129165_ILSVRC2012_val_00034589.png,291,291,291,365,291,378,291,291,365,367,378,291,379,379,367,378,291,291,291,676,378,291,291,291,291,374,291,291,291,291,378,291,291,291,291,378,291,291,291,291,378
n02129165_ILSVRC2012_val_00036117.png,291,291,291,365,291,373,291,291,43,291,373,291,43,43,356,373,291,43,43,358,373,291,291,291,291,291,291,291,291,291,291,291,291,291,291,373,291,291,291,291,291
n02129165_ILSVRC2012_val_00038186.png,291,291,220,219,8,337,291,219,219,8,337,291,219,219,8,337,291,219,219,8,337,291,219,219,8,337,291,219,219,8,337,291,219,219,291,337,291,291,219,291,337
n02129165_ILSVRC2012_val_00040647.png,291,291,286,286,286,286,291,286,286,286,286,291,286,286,286,286,291,286,286,286,286,291,286,286,286,286,291,291,286,286,286,291,286,286,286,286,291,291,286,286,286
n02129165_ILSVRC2012_val_00045668.png,291,291,380,380,255,358,291,378,378,259,358,291,380,378,357,356,291,291,357,356,358,291,374,378,356,357,291,380,357,357,357,291,378,378,378,378,291,291,378,291,357
n02129165_ILSVRC2012_val_00047193.png,291,291,372,288,291,293,291,358,288,293,293,291,359,288,291,291,291,358,288,293,293,291,291,288,291,291,291,291,288,291,293,291,291,288,291,293,291,291,288,291,287
n02129165_ILSVRC2012_val_00049018.png,291,291,291,292,291,274,291,291,292,291,274,291,274,292,291,274,291,291,292,277,274,291,291,291,291,274,291,291,291,291,274,291,291,291,291,274,291,291,291,291,291
n02129604_ILSVRC2012_val_00018241.png,292,292,352,277,282,282,292,292,277,282,282,292,353,280,282,282,292,292,287,282,282,292,292,280,292,282,292,292,280,292,282,292,292,287,292,287,292,292,287,292,282
n02129604_ILSVRC2012_val_00023810.png,292,292,292,281,235,282,292,282,281,235,281,292,281,281,292,282,292,282,282,235,282,292,292,282,292,282,292,292,292,292,292,292,292,282,292,282,292,292,292,292,292
n02129604_ILSVRC2012_val_00035494.png,292,292,282,285,282,281,292,281,285,281,285,292,285,285,282,282,292,282,289,282,282,292,292,282,292,282,292,292,292,292,282,292,292,292,292,292,292,292,292,292,282
n02129604_ILSVRC2012_val_00036718.png,292,292,292,292,292,292,292,292,292,292,292,292,282,282,292,292,292,292,282,282,282,292,292,292,292,292,292,292,292,292,292,292,292,292,292,292,292,292,292,292,292
n02129604_ILSVRC2012_val_00038924.png,292,292,292,292,292,292,292,292,292,282,282,292,282,282,292,282,292,292,282,282,282,292,292,292,292,282,292,292,292,292,292,292,292,292,292,292,292,292,292,292,292
n02129604_ILSVRC2012_val_00040630.png,292,292,288,290,290,288,292,290,290,290,288,292,290,290,288,288,292,288,290,288,288,292,292,290,288,288,292,292,290,292,288,292,292,288,288,288,292,290,290,290,288
n02129604_ILSVRC2012_val_00048380.png,292,292,292,285,292,292,292,292,282,292,292,292,285,285,282,282,292,282,282,282,282,292,292,282,292,282,292,292,292,292,292,292,292,292,292,292,292,292,292,292,292
n02130308_ILSVRC2012_val_00005006.png,293,293,289,289,289,290,293,293,290,288,290,293,290,290,293,290,293,290,290,290,290,293,293,293,293,290,293,290,290,293,290,293,293,293,293,290,293,293,293,293,293
n02130308_ILSVRC2012_val_00008094.png,293,293,293,288,288,288,293,293,288,288,288,293,288,288,288,288,293,293,288,288,288,293,293,293,293,288,293,293,293,293,288,293,293,293,293,288,293,293,293,293,288
n02130308_ILSVRC2012_val_00018743.png,293,293,293,290,287,288,293,293,290,288,288,293,288,290,288,288,293,288,290,288,288,293,293,290,293,288,293,293,290,288,288,293,293,288,293,288,293,293,293,293,293
n02130308_ILSVRC2012_val_00030969.png,293,293,293,293,293,397,293,293,289,293,289,293,721,611,293,643,293,293,611,643,643,293,293,293,293,643,293,293,293,293,293,293,293,293,293,293,293,293,293,293,293
n02130308_ILSVRC2012_val_00033907.png,293,293,288,288,288,288,293,293,288,293,293,293,288,290,288,288,293,293,288,288,288,293,293,288,288,288,293,288,288,288,288,293,293,288,293,288,293,293,288,293,288
n02130308_ILSVRC2012_val_00038707.png,293,293,293,290,290,290,293,293,290,290,290,293,290,290,290,290,293,293,290,290,290,293,293,293,293,290,293,293,290,290,290,293,293,293,293,290,293,293,293,288,290
n02130308_ILSVRC2012_val_00040323.png,293,293,288,290,288,288,293,293,288,293,288,293,288,290,293,288,293,288,288,719,288,293,293,290,293,288,293,293,288,288,288,293,293,288,293,288,293,293,293,293,293
n02132136_ILSVRC2012_val_00008922.png,294,294,106,363,291,191,294,106,363,291,191,294,363,363,291,191,294,106,363,285,189,294,294,363,291,189,294,294,363,291,189,294,294,294,294,189,294,294,294,291,189
n02132136_ILSVRC2012_val_00010281.png,294,294,296,296,296,279,294,296,296,272,279,294,296,296,270,279,294,296,296,279,279,294,296,296,270,279,294,294,296,272,279,294,294,296,294,279,294,294,270,272,279
n02132136_ILSVRC2012_val_00011967.png,294,294,226,226,76,343,294,202,226,76,343,294,226,226,611,343,294,226,226,338,343,294,226,226,338,343,294,184,226,291,343,294,226,226,291,343,294,226,226,291,343
n02132136_ILSVRC2012_val_00013482.png,294,294,294,295,186,189,294,294,294,191,189,294,295,295,189,189,294,295,295,189,189,294,294,294,184,189,294,294,295,189,189,294,294,295,294,189,294,294,294,189,189
n02132136_ILSVRC2012_val_00017545.png,294,294,266,259,296,296,294,266,151,296,296,294,266,151,296,296,294,265,153,296,296,294,266,259,296,296,294,266,151,296,296,294,294,153,296,296,294,294,259,296,296
n02132136_ILSVRC2012_val_00018369.png,294,294,294,279,294,278,294,294,279,294,280,294,278,279,279,278,294,294,279,988,278,294,294,294,294,277,294,294,279,294,279,294,294,294,294,279,294,294,279,294,278
n02132136_ILSVRC2012_val_00019682.png,294,294,297,295,342,342,294,297,295,342,342,294,297,295,342,342,294,297,295,341,341,294,297,295,342,342,294,294,294,342,342,294,294,294,342,342,294,294,294,342,342
n02132136_ILSVRC2012_val_00032453.png,294,294,294,294,294,180,294,294,294,294,180,294,297,297,294,180,294,294,294,195,179,294,294,294,294,180,294,294,294,294,179,294,294,294,294,180,294,294,294,294,180
n02132136_ILSVRC2012_val_00034130.png,294,294,377,334,299,299,294,334,334,372,299,294,333,334,298,299,294,334,334,299,299,294,334,334,299,299,294,294,106,299,299,294,294,294,294,299,294,294,334,298,299
n02132136_ILSVRC2012_val_00042274.png,294,294,294,106,106,295,294,294,106,106,295,294,295,295,295,295,294,295,295,295,295,294,295,295,295,295,294,295,294,294,295,294,294,295,295,295,294,294,295,295,295
n02132136_ILSVRC2012_val_00043182.png,294,294,294,219,213,271,294,274,207,184,271,294,46,520,193,271,294,276,797,160,271,294,294,207,226,213,294,193,267,193,271,294,294,219,294,294,294,294,207,294,271
n02132136_ILSVRC2012_val_00049822.png,294,294,294,611,334,76,294,106,611,342,509,294,333,611,865,509,294,337,611,790,509,294,294,611,186,865,294,294,611,192,865,294,294,611,294,294,294,106,611,106,265
n02133161_ILSVRC2012_val_00012998.png,295,295,334,297,297,297,295,334,297,297,297,295,334,297,297,297,295,297,297,297,297,295,297,297,297,297,295,295,297,297,297,295,297,297,297,297,295,297,297,297,297
n02133161_ILSVRC2012_val_00014029.png,295,295,294,294,297,297,295,294,294,297,297,295,294,294,297,297,295,294,294,297,297,295,294,294,297,297,295,294,342,297,297,295,295,294,297,297,295,295,294,297,297
n02133161_ILSVRC2012_val_00018471.png,295,295,297,297,294,294,295,297,297,294,294,295,297,297,294,294,295,297,297,294,294,295,297,297,295,294,295,297,297,294,294,295,297,297,295,294,295,297,297,295,294
n02133161_ILSVRC2012_val_00026962.png,295,295,295,295,106,295,295,295,342,342,342,295,341,341,295,341,295,295,342,363,341,295,295,295,295,342,295,295,295,295,295,295,295,295,295,342,295,295,295,295,295
n02133161_ILSVRC2012_val_00033693.png,295,295,295,295,295,297,295,295,295,295,297,295,852,294,295,297,295,295,295,676,297,295,295,295,295,297,295,295,295,295,295,295,295,295,295,295,295,295,295,295,295
n02133161_ILSVRC2012_val_00035157.png,295,295,295,193,295,297,295,295,193,297,297,295,157,157,295,297,295,295,297,297,297,295,295,226,295,297,295,295,295,295,297,295,295,295,295,297,295,295,295,295,295
n02133161_ILSVRC2012_val_00045891.png,295,295,342,343,372,342,295,342,343,372,342,295,342,343,342,342,295,342,343,372,342,295,342,342,372,342,295,342,342,295,342,295,342,342,295,342,295,342,343,342,342
n02134084_ILSVRC2012_val_00001498.png,296,296,279,280,279,279,296,279,279,279,279,296,279,279,279,279,296,279,279,279,279,296,279,279,279,279,296,279,279,279,279,296,296,279,279,279,296,296,279,296,279
n02134084_ILSVRC2012_val_00010745.png,296,296,356,356,296,279,296,296,356,203,279,296,359,359,338,279,296,356,356,338,279,296,296,356,865,279,296,296,356,279,279,296,296,296,338,279,296,296,296,296,279
n02134084_ILSVRC2012_val_00019930.png,296,296,296,279,296,203,296,203,279,270,270,296,279,279,270,270,296,296,279,270,270,296,296,279,296,270,296,296,279,296,270,296,296,279,296,270,296,296,279,296,270
n02134084_ILSVRC2012_val_00030485.png,296,296,349,364,299,336,296,296,364,299,336,296,85,364,298,336,296,85,364,298,336,296,84,364,296,336,296,296,336,296,336,296,296,287,296,336,296,296,336,336,336
n02134418_ILSVRC2012_val_00013052.png,297,297,297,348,297,297,297,297,434,297,295,297,452,452,297,297,297,297,452,797,295,297,297,452,297,295,297,297,297,297,297,297,297,297,297,297,297,297,297,297,297
n02134418_ILSVRC2012_val_00024825.png,297,297,295,295,295,295,297,295,295,295,295,297,295,295,295,295,297,295,295,295,295,297,295,295,295,295,297,295,295,295,295,297,297,297,295,295,297,297,295,295,295
n02134418_ILSVRC2012_val_00039564.png,297,297,295,295,297,295,297,295,295,295,295,297,295,295,295,295,297,295,295,295,295,297,295,295,295,295,297,295,295,295,295,297,295,295,295,295,297,295,295,295,295
n02134418_ILSVRC2012_val_00045098.png,297,297,297,611,261,342,297,348,611,261,295,297,770,611,297,295,297,169,611,174,295,297,297,611,297,295,297,297,611,297,295,297,297,611,297,295,297,297,297,297,295
n02134418_ILSVRC2012_val_00046498.png,297,297,294,294,294,294,297,294,294,294,294,297,294,294,294,294,297,294,294,294,294,297,294,294,294,294,297,294,294,294,294,297,297,294,294,294,297,297,295,294,294
n02134418_ILSVRC2012_val_00046945.png,297,297,295,295,295,295,297,295,295,295,295,297,295,295,295,295,297,295,295,295,295,297,295,295,295,295,297,295,295,295,295,297,297,295,297,295,297,297,295,295,295
n02137549_ILSVRC2012_val_00016867.png,298,298,298,356,376,356,298,335,356,61,359,298,335,356,285,359,298,335,356,172,358,298,298,356,298,358,298,298,356,298,360,298,298,356,48,357,298,298,357,298,356
n02137549_ILSVRC2012_val_00017694.png,298,336,336,357,336,362,298,298,357,362,362,298,358,359,362,362,298,298,359,362,362,298,298,334,362,362,298,298,358,298,362,298,298,358,298,362,298,298,106,298,362
n02137549_ILSVRC2012_val_00020520.png,298,298,356,356,356,356,298,298,356,850,356,298,356,356,850,356,298,356,356,443,356,298,298,356,298,356,298,298,357,335,356,298,298,357,298,357,298,298,357,298,357
n02137549_ILSVRC2012_val_00031784.png,298,298,104,611,343,343,298,280,611,343,343,298,280,611,343,343,298,280,611,343,343,298,280,611,342,342,298,280,611,343,343,298,280,611,343,343,298,298,611,343,343
n02137549_ILSVRC2012_val_00047303.png,298,298,358,359,334,357,298,360,359,192,357,298,359,359,356,357,298,356,358,356,357,298,356,359,356,357,298,357,358,357,357,298,357,357,357,357,298,357,357,357,357
n02138441_ILSVRC2012_val_00008046.png,299,299,299,359,356,299,299,299,359,359,298,299,359,359,356,298,299,356,356,356,298,299,299,356,299,298,299,299,356,299,299,299,299,299,299,299,299,299,299,299,299
n02138441_ILSVRC2012_val_00024744.png,299,299,359,358,359,299,299,359,359,359,298,299,356,357,359,298,299,356,356,356,298,299,359,356,359,298,299,299,299,359,298,299,299,299,299,299,299,299,299,299,299
n02138441_ILSVRC2012_val_00039283.png,299,299,299,298,299,298,299,299,298,298,298,299,357,298,298,298,299,298,298,298,298,299,299,298,298,298,299,299,299,299,298,299,299,299,299,299,299,299,299,299,299
n02138441_ILSVRC2012_val_00043148.png,299,299,299,359,359,359,299,372,359,359,359,299,372,359,359,359,299,372,359,356,356,299,372,359,356,356,299,299,356,299,356,299,299,299,299,299,299,299,359,299,359
n02165105_ILSVRC2012_val_00006529.png,300,300,300,300,300,124,300,300,310,300,316,300,310,310,310,316,300,310,310,54,316,300,300,300,300,316,300,310,310,303,300,300,300,300,300,300,300,300,300,300,300
n02165105_ILSVRC2012_val_00007429.png,300,300,300,300,300,300,300,300,300,304,300,300,307,307,300,304,300,300,300,304,304,300,300,300,300,304,300,300,302,300,302,300,300,300,300,300,300,300,300,300,300
n02165105_ILSVRC2012_val_00009387.png,300,300,300,302,302,302,300,300,302,302,302,300,302,302,302,302,300,300,302,302,302,300,300,302,300,302,300,300,300,300,302,300,300,300,300,302,300,300,300,300,302
n02165105_ILSVRC2012_val_00019643.png,300,300,300,300,300,300,300,300,300,300,300,300,303,303,300,300,300,300,300,304,304,300,300,300,300,300,300,300,300,300,300,300,300,300,300,300,300,300,300,300,300
n02165105_ILSVRC2012_val_00030936.png,300,300,300,302,300,300,300,300,302,300,302,300,78,302,300,302,300,300,300,302,302,300,300,300,300,300,300,300,300,300,302,300,300,300,300,300,300,300,300,300,300
n02165105_ILSVRC2012_val_00031945.png,300,300,300,300,300,308,300,300,300,300,308,300,306,302,300,308,300,300,300,308,308,300,300,300,300,300,300,300,300,300,300,300,300,300,300,300,300,300,300,300,300
n02165105_ILSVRC2012_val_00036310.png,300,300,300,300,300,300,300,300,300,300,300,300,307,307,300,300,300,300,300,303,302,300,300,300,300,300,300,300,300,300,300,300,300,300,300,300,300,300,300,300,300
n02165105_ILSVRC2012_val_00043705.png,300,300,300,300,300,300,300,300,300,300,300,300,307,307,300,300,300,300,300,302,302,300,300,300,300,300,300,300,300,300,300,300,300,300,300,300,300,300,300,300,300
n02165456_ILSVRC2012_val_00009918.png,301,301,301,611,301,301,301,301,611,301,385,301,640,611,301,301,301,677,611,68,385,301,301,611,301,385,301,783,611,539,611,301,60,611,735,386,301,301,611,301,301
n02165456_ILSVRC2012_val_00017406.png,301,301,301,76,76,76,301,76,611,76,76,301,303,611,892,304,301,301,611,409,304,301,301,611,643,304,301,301,611,301,304,301,301,301,301,304,301,301,304,314,304
n02165456_ILSVRC2012_val_00018142.png,301,301,301,304,301,304,301,301,301,301,304,301,304,304,301,304,301,301,304,304,304,301,301,304,301,304,301,301,301,301,301,301,301,301,301,304,301,301,301,301,301
n02165456_ILSVRC2012_val_00030697.png,301,301,301,75,301,301,301,301,301,301,946,301,328,300,90,946,301,301,301,946,946,301,301,304,301,946,301,301,301,301,946,301,301,301,301,946,301,301,301,301,946
n02165456_ILSVRC2012_val_00031147.png,301,301,304,611,301,301,301,304,611,304,944,301,988,611,304,973,301,301,611,417,683,301,301,611,301,641,301,301,611,988,946,301,301,611,301,301,301,301,611,944,301
n02165456_ILSVRC2012_val_00035067.png,301,301,301,611,301,301,301,301,611,301,301,301,304,611,304,304,301,301,611,304,304,301,301,611,304,304,301,301,611,304,304,301,301,611,301,301,301,301,611,301,301
n02167151_ILSVRC2012_val_00005891.png,302,302,302,303,303,303,302,303,303,303,303,302,303,303,303,303,302,303,303,303,303,302,303,303,303,303,302,302,302,300,303,302,302,302,302,303,302,302,303,302,303
n02167151_ILSVRC2012_val_00010028.png,302,302,302,302,302,302,302,305,302,302,305,302,305,305,302,302,302,302,305,305,305,302,305,305,305,305,302,302,302,302,305,302,302,302,302,302,302,305,305,305,305
n02167151_ILSVRC2012_val_00030419.png,302,302,302,300,305,314,302,302,300,307,314,302,300,300,302,314,302,300,300,24,314,302,300,300,302,314,302,300,300,302,314,302,302,300,312,314,302,300,300,300,314
n02168699_ILSVRC2012_val_00006614.png,303,303,300,396,300,300,303,300,84,300,300,303,226,109,300,300,303,226,109,300,300,303,303,303,303,303,303,303,303,303,300,303,303,303,303,303,303,303,303,303,303
n02169497_ILSVRC2012_val_00014134.png,304,304,304,304,304,302,304,304,304,304,304,304,302,302,304,302,304,304,302,300,302,304,304,302,304,302,304,304,302,304,302,304,304,302,304,302,304,304,304,304,302
n02169497_ILSVRC2012_val_00020159.png,304,304,304,304,301,301,304,304,304,301,301,304,307,307,301,301,304,304,304,301,301,304,304,304,304,301,304,304,304,301,301,304,304,304,301,301,304,304,304,304,304
n02169497_ILSVRC2012_val_00031961.png,304,304,300,300,300,300,304,304,300,300,300,304,302,300,300,300,304,300,300,300,300,304,304,300,304,300,304,304,304,304,300,304,304,304,304,300,304,304,300,304,300
n02169497_ILSVRC2012_val_00047115.png,304,304,304,304,304,302,304,304,302,304,302,304,302,302,304,302,304,304,302,302,302,304,304,304,304,304,304,304,304,304,302,304,304,302,302,302,304,304,304,304,302
n02169497_ILSVRC2012_val_00049845.png,304,304,304,301,304,304,304,304,301,304,304,304,301,301,304,303,304,304,301,319,303,304,304,301,304,304,304,304,304,304,303,304,301,301,304,304,304,304,304,304,304
n02172182_ILSVRC2012_val_00000924.png,305,305,119,119,119,119,305,119,119,119,119,305,119,118,119,119,305,119,119,119,119,305,119,119,119,119,305,305,119,119,119,305,305,305,305,305,305,305,305,305,305
n02172182_ILSVRC2012_val_00008706.png,305,305,305,125,305,305,305,305,125,305,305,305,125,125,305,988,305,305,125,988,988,305,305,125,305,125,305,305,125,305,988,305,305,305,305,988,305,305,305,305,305
n02172182_ILSVRC2012_val_00013314.png,305,305,305,815,305,125,305,305,815,125,125,305,815,815,125,125,305,73,73,125,125,305,305,815,125,125,305,305,73,120,125,305,995,126,305,125,305,305,815,305,125
n02172182_ILSVRC2012_val_00013351.png,305,305,305,305,305,126,305,305,305,305,126,305,300,300,305,126,305,305,302,126,126,305,305,305,126,126,305,305,305,305,126,305,305,305,126,126,305,305,305,305,126
n02172182_ILSVRC2012_val_00028122.png,305,305,363,363,76,78,305,363,363,76,78,305,363,363,73,78,305,363,363,73,78,305,305,363,120,78,305,363,363,78,78,305,363,363,305,78,305,305,363,305,78
n02172182_ILSVRC2012_val_00030596.png,305,305,305,304,305,306,305,305,304,305,306,305,303,304,305,306,305,305,304,306,306,305,305,305,305,305,305,305,305,305,305,305,305,305,305,305,305,305,305,305,306
n02172182_ILSVRC2012_val_00037483.png,305,305,305,305,305,305,305,305,305,305,305,305,300,300,302,302,305,305,302,300,300,305,305,305,305,305,305,305,305,305,305,305,305,305,305,305,305,305,305,305,305
n02172182_ILSVRC2012_val_00037987.png,305,305,300,319,300,304,305,305,319,304,304,305,319,319,304,304,305,308,319,304,304,305,305,319,305,304,305,305,320,304,304,305,305,319,305,304,305,305,319,305,304
n02172182_ILSVRC2012_val_00046782.png,305,995,114,113,125,125,305,125,125,125,125,305,113,112,125,125,305,113,125,125,125,305,113,112,125,125,305,125,125,125,327,305,125,125,125,125,305,305,125,305,125
n02174001_ILSVRC2012_val_00003572.png,306,306,306,308,302,302,306,302,308,302,302,306,302,308,302,302,306,302,308,302,302,306,306,306,302,302,306,306,306,302,302,306,306,308,306,302,306,306,306,302,302
n02174001_ILSVRC2012_val_00016776.png,306,306,302,302,305,305,306,306,302,305,305,306,302,302,305,305,306,305,302,305,305,306,306,302,306,305,306,306,305,305,305,306,305,305,306,305,306,306,305,306,305
n02174001_ILSVRC2012_val_00023049.png,306,306,306,76,306,302,306,71,911,309,309,306,121,911,306,309,306,306,911,309,309,306,306,306,306,305,306,306,76,306,309,306,306,76,306,306,306,306,71,306,306
n02174001_ILSVRC2012_val_00023719.png,306,306,302,302,306,302,306,306,302,314,302,306,302,302,306,302,306,302,302,395,302,306,306,302,306,302,306,306,302,306,302,306,306,302,302,302,306,306,302,306,302
n02177972_ILSVRC2012_val_00006121.png,307,307,307,300,302,300,307,307,300,302,300,307,300,300,307,300,307,302,300,300,300,307,307,300,307,300,307,307,302,307,302,307,307,302,307,302,307,307,307,307,307
n02177972_ILSVRC2012_val_00006901.png,307,307,307,308,302,302,307,307,300,307,302,307,300,300,302,302,307,307,302,300,302,307,302,302,302,302,307,307,308,302,302,307,307,302,307,302,307,307,302,307,302
n02177972_ILSVRC2012_val_00013078.png,307,307,307,307,307,302,307,307,302,302,302,307,302,302,302,302,307,302,302,302,302,307,307,302,302,302,307,307,302,307,302,307,307,307,307,302,307,307,307,307,307
n02177972_ILSVRC2012_val_00015186.png,307,307,307,303,303,303,307,307,303,303,303,307,303,303,307,303,307,303,303,303,303,307,307,307,307,307,307,307,307,307,303,307,307,303,307,303,307,307,307,307,303
n02177972_ILSVRC2012_val_00017638.png,307,307,307,314,304,304,307,307,317,307,304,307,314,314,304,304,307,314,304,304,304,307,307,307,307,304,307,307,304,304,304,307,307,307,307,304,307,307,304,307,304
n02177972_ILSVRC2012_val_00025754.png,307,307,78,78,78,78,307,78,78,78,78,307,78,78,78,78,307,78,78,78,78,307,78,78,307,78,307,307,78,78,78,307,307,307,307,78,307,307,307,307,78
n02190166_ILSVRC2012_val_00004132.png,308,308,308,319,308,308,308,308,319,308,308,308,320,320,308,319,308,308,308,319,319,308,308,308,308,308,308,308,308,308,308,308,308,308,308,308,308,308,308,308,308
n02190166_ILSVRC2012_val_00020286.png,308,308,308,308,300,212,308,308,316,300,212,308,316,316,300,212,308,316,316,300,212,308,308,308,308,212,308,308,316,308,212,308,308,308,308,212,308,308,308,308,212
n02190166_ILSVRC2012_val_00038035.png,308,308,316,316,316,316,308,316,316,308,316,308,316,316,317,317,308,316,316,317,317,308,316,316,308,316,308,316,316,316,316,308,308,316,308,317,308,316,316,308,316
n02206856_ILSVRC2012_val_00014008.png,309,309,309,309,310,310,309,309,309,700,309,309,310,310,309,310,309,309,310,310,310,309,309,309,309,310,309,310,310,310,310,309,309,310,310,310,309,309,310,309,309
n02206856_ILSVRC2012_val_00017418.png,309,309,309,319,309,308,309,309,319,309,984,309,308,319,984,984,309,308,319,984,984,309,309,308,309,309,309,309,319,309,309,309,309,319,309,309,309,984,319,984,984
n02206856_ILSVRC2012_val_00035503.png,309,309,309,125,309,309,309,309,410,308,308,309,599,410,309,308,309,309,410,308,308,309,309,599,309,308,309,74,410,309,308,309,309,309,308,308,309,309,309,309,308
n02206856_ILSVRC2012_val_00042624.png,309,309,309,302,303,304,309,309,303,303,307,309,939,302,303,307,309,304,302,303,307,309,309,304,309,307,309,304,304,303,307,309,309,309,309,307,309,309,308,309,304
n02219486_ILSVRC2012_val_00009635.png,310,310,310,302,310,71,310,302,302,310,71,310,302,302,71,36,310,302,302,306,36,310,310,302,306,36,310,310,310,310,310,310,310,310,310,36,310,310,310,310,310
n02219486_ILSVRC2012_val_00010231.png,310,310,124,124,124,124,310,310,124,316,124,310,124,122,124,122,310,124,124,122,122,310,124,123,124,123,310,310,310,310,124,310,124,310,310,124,310,310,310,310,310
n02219486_ILSVRC2012_val_00021597.png,310,310,70,591,73,78,310,314,591,310,310,310,314,902,310,78,310,310,902,73,78,310,310,310,310,78,310,310,310,310,310,310,310,310,310,73,310,310,310,310,310
n02219486_ILSVRC2012_val_00029818.png,310,310,78,58,78,78,310,815,58,78,73,310,78,58,71,310,310,78,58,78,78,310,310,310,310,310,310,310,310,310,310,310,310,310,310,310,310,310,310,310,310
n02219486_ILSVRC2012_val_00032551.png,310,310,309,309,304,303,310,309,71,307,303,310,71,71,304,303,310,71,71,304,303,310,310,310,306,303,310,71,71,310,303,310,71,310,302,303,310,310,310,304,303
n02219486_ILSVRC2012_val_00034921.png,310,310,77,599,314,314,310,599,599,316,314,310,599,599,314,314,310,599,599,312,314,310,309,599,310,314,310,310,310,312,310,310,310,310,310,124,310,310,310,312,312
n02226429_ILSVRC2012_val_00007152.png,311,311,311,314,312,311,311,312,312,312,311,311,312,314,312,312,311,312,314,312,312,311,311,311,311,37,311,311,311,311,311,311,311,311,311,311,311,312,311,312,312
n02226429_ILSVRC2012_val_00007529.png,311,311,311,318,318,318,311,311,318,311,318,311,316,316,311,318,311,311,318,318,318,311,311,318,318,84,311,311,318,311,318,311,311,311,311,318,311,311,318,311,318
n02226429_ILSVRC2012_val_00017299.png,311,311,311,77,312,319,311,74,312,311,319,311,302,312,320,300,311,312,312,302,300,311,311,312,311,312,311,312,312,312,312,311,312,312,312,312,311,311,311,311,311
n02226429_ILSVRC2012_val_00022361.png,311,311,311,312,311,312,311,311,312,311,312,311,312,312,312,312,311,312,312,312,312,311,312,311,312,312,311,312,312,311,311,311,311,312,311,312,311,311,312,311,311
n02226429_ILSVRC2012_val_00022737.png,311,311,311,311,311,311,311,311,311,311,311,311,312,312,311,312,311,311,311,310,312,311,311,311,311,311,311,311,311,311,311,311,311,311,311,311,311,311,311,311,311
n02226429_ILSVRC2012_val_00030474.png,311,311,311,316,311,311,311,311,311,311,312,311,319,315,311,311,311,311,315,312,312,311,311,311,311,311,311,311,311,311,311,311,311,311,311,311,311,311,311,311,311
n02226429_ILSVRC2012_val_00032352.png,311,311,311,318,311,311,311,312,318,312,312,311,314,315,312,314,311,312,312,312,312,311,312,312,312,312,311,311,312,312,312,311,311,311,312,312,311,311,311,311,311
n02226429_ILSVRC2012_val_00047043.png,311,311,311,312,312,312,311,311,312,312,312,311,312,312,312,312,311,311,311,312,312,311,311,311,311,311,311,311,311,311,311,311,311,311,311,311,311,311,311,311,311
n02229544_ILSVRC2012_val_00017677.png,312,312,318,611,311,311,312,312,611,311,311,312,491,611,311,311,312,491,611,311,311,312,312,611,311,311,312,303,611,311,311,312,312,611,312,311,312,312,611,312,311
n02231487_ILSVRC2012_val_00002014.png,313,313,313,313,313,315,313,313,58,315,315,313,124,58,315,315,313,124,58,315,315,313,313,58,315,315,313,313,58,313,315,313,313,58,315,315,313,313,58,315,315
n02231487_ILSVRC2012_val_00006095.png,313,313,456,79,79,79,313,313,79,79,79,313,79,79,79,79,313,79,79,79,79,313,313,313,313,313,313,79,79,79,79,313,313,313,313,79,313,313,313,313,79
n02231487_ILSVRC2012_val_00010198.png,313,313,312,316,318,837,313,313,315,315,837,313,606,315,315,836,313,475,315,315,836,313,313,313,313,837,313,313,313,313,837,313,313,313,313,313,313,313,313,313,313
n02231487_ILSVRC2012_val_00011889.png,313,313,545,815,544,909,313,370,815,891,909,313,85,815,891,909,313,85,815,909,909,313,85,815,891,909,313,85,815,556,909,313,545,815,909,909,313,36,815,868,909
n02233338_ILSVRC2012_val_00001082.png,314,314,314,304,307,312,314,314,314,314,312,314,312,312,312,312,314,314,312,312,312,314,314,314,314,312,314,314,314,312,312,314,314,312,312,312,314,312,312,314,312
n02233338_ILSVRC2012_val_00004210.png,314,314,314,314,314,314,314,314,315,71,123,314,312,315,124,124,314,314,315,124,123,314,312,314,123,124,314,314,314,314,124,314,314,314,314,314,314,314,314,314,314
n02233338_ILSVRC2012_val_00007863.png,314,314,314,304,314,312,314,316,304,310,125,314,319,304,312,312,314,314,304,312,312,314,314,302,314,312,314,314,302,312,312,314,314,302,312,312,314,314,314,314,312
n02233338_ILSVRC2012_val_00010888.png,314,314,333,700,125,76,314,700,700,314,316,314,700,700,317,317,314,700,700,317,317,314,700,700,1,316,314,700,700,317,317,314,700,700,317,317,314,700,700,317,317
n02233338_ILSVRC2012_val_00016160.png,314,314,314,125,78,78,314,123,125,78,78,314,123,123,78,78,314,124,123,78,78,314,125,125,125,78,314,125,125,78,78,314,314,312,78,78,314,314,314,78,78
n02233338_ILSVRC2012_val_00022332.png,314,314,305,304,314,787,314,304,304,787,787,314,302,304,787,787,314,302,304,787,787,314,302,302,787,787,314,314,314,314,787,314,314,314,314,314,314,314,314,314,787
n02233338_ILSVRC2012_val_00022874.png,314,314,314,1,78,78,314,124,1,78,78,314,124,1,78,78,314,125,1,78,78,314,124,1,314,78,314,82,26,78,78,314,314,103,78,78,314,314,314,78,78
n02236044_ILSVRC2012_val_00000772.png,315,315,318,76,313,74,315,815,815,815,815,315,815,815,815,815,315,815,815,815,815,315,815,815,815,815,315,324,815,315,815,315,315,76,315,815,315,315,815,315,815
n02236044_ILSVRC2012_val_00007130.png,315,315,312,312,312,943,315,304,304,312,317,315,310,304,311,943,315,304,304,311,304,315,315,317,311,317,315,315,304,312,304,315,315,304,311,317,315,315,304,311,317
n02236044_ILSVRC2012_val_00034245.png,315,315,311,312,311,311,315,315,311,317,317,315,311,611,315,315,315,315,315,317,317,315,315,611,315,317,315,315,611,315,315,315,315,611,315,315,315,315,315,315,315
n02236044_ILSVRC2012_val_00042186.png,315,315,46,46,46,1,315,55,40,40,29,315,64,46,40,1,315,55,46,40,29,315,315,40,315,390,315,59,40,46,29,315,315,395,315,29,315,315,46,315,29
n02236044_ILSVRC2012_val_00047877.png,315,315,46,46,327,318,315,46,46,327,815,315,46,46,327,943,315,40,46,327,940,315,315,46,327,318,315,315,40,327,952,315,46,327,327,318,315,315,42,327,943
n02256656_ILSVRC2012_val_00004284.png,316,316,316,316,316,316,316,316,319,316,319,316,314,314,312,314,316,316,314,312,314,316,316,316,316,316,316,316,316,316,316,316,316,316,316,316,316,316,316,316,316
n02256656_ILSVRC2012_val_00005778.png,316,316,316,904,316,319,316,316,904,316,904,316,904,904,316,904,316,316,316,904,904,316,316,904,316,316,316,316,316,316,904,316,316,316,316,904,316,316,316,316,316
n02256656_ILSVRC2012_val_00006532.png,316,316,316,316,316,904,316,316,311,316,904,316,312,311,316,904,316,316,311,904,904,316,316,311,904,904,904,904,904,904,904,316,316,904,904,904,316,316,316,316,904
n02256656_ILSVRC2012_val_00012629.png,316,316,599,308,309,123,316,309,319,316,123,316,309,308,120,123,316,309,308,120,123,316,316,319,316,123,316,316,319,124,124,316,316,319,316,123,316,309,308,316,123
n02256656_ILSVRC2012_val_00019151.png,316,316,316,316,316,308,316,316,316,308,308,316,317,317,316,308,316,316,317,308,308,316,316,316,316,316,316,316,316,316,316,316,316,316,316,316,316,316,316,316,316
n02256656_ILSVRC2012_val_00026040.png,316,316,316,318,316,308,316,316,318,316,308,316,311,318,316,308,316,316,318,309,308,316,316,316,316,308,316,316,316,316,308,316,316,316,316,316,316,316,316,316,316
n02256656_ILSVRC2012_val_00030829.png,316,316,316,319,316,317,316,316,319,316,316,316,311,318,316,316,316,316,316,317,317,316,316,316,316,316,316,316,318,316,316,316,316,316,316,316,316,316,316,316,316
n02256656_ILSVRC2012_val_00039898.png,316,316,316,316,316,317,316,316,311,316,316,316,311,311,316,316,316,316,316,937,317,316,316,316,316,316,316,316,316,316,316,316,316,316,316,316,316,316,316,316,316
n02256656_ILSVRC2012_val_00041528.png,316,316,316,316,316,316,316,36,36,316,120,316,36,36,120,120,316,36,36,120,120,316,125,36,120,120,316,316,36,316,120,316,316,316,124,124,316,37,316,119,120
n02259212_ILSVRC2012_val_00010192.png,317,317,317,316,317,316,317,317,316,316,316,317,316,316,317,316,317,317,317,316,316,317,317,317,317,316,317,317,317,317,317,317,317,317,317,317,317,317,317,317,317
n02259212_ILSVRC2012_val_00012106.png,317,317,317,126,317,317,317,317,317,317,317,317,96,96,317,940,317,317,317,669,940,317,317,317,317,940,317,317,126,317,998,317,317,317,317,317,317,317,317,317,317
n02259212_ILSVRC2012_val_00019737.png,317,317,311,317,316,316,317,317,311,316,316,317,311,311,316,316,317,317,311,316,316,317,317,317,317,316,317,317,317,317,316,317,317,317,317,317,317,317,317,317,316
n02259212_ILSVRC2012_val_00028750.png,317,317,317,316,728,749,317,316,316,728,749,317,316,316,728,749,317,316,316,728,749,317,317,316,728,749,317,317,911,728,749,317,317,317,728,749,317,317,317,728,749
n02259212_ILSVRC2012_val_00038354.png,317,317,317,47,47,47,317,311,47,47,47,317,311,47,47,47,317,317,47,41,47,317,317,47,47,47,317,317,47,47,47,317,317,47,317,47,317,317,47,47,47
n02264363_ILSVRC2012_val_00002027.png,318,318,318,845,318,840,318,318,845,318,840,318,749,845,318,434,318,318,318,669,434,318,318,318,318,749,318,318,318,318,434,318,318,318,318,749,318,318,318,318,318
n02264363_ILSVRC2012_val_00004661.png,318,318,318,318,318,318,318,318,318,318,390,318,546,390,318,390,318,318,390,937,390,318,318,318,318,390,318,318,318,318,389,318,318,318,318,318,318,318,318,318,318
n02264363_ILSVRC2012_val_00016888.png,318,318,318,316,318,943,318,318,316,46,943,318,316,316,318,943,318,316,316,64,943,318,318,316,316,943,318,318,318,318,943,318,318,318,318,943,318,318,318,318,943
n02264363_ILSVRC2012_val_00022155.png,318,318,318,318,318,316,318,318,317,317,316,318,790,794,318,316,318,318,794,317,316,318,318,794,318,318,318,318,318,318,316,318,318,318,318,318,318,318,318,318,316
n02264363_ILSVRC2012_val_00027634.png,318,318,312,317,318,311,318,312,316,312,312,318,311,316,312,311,318,312,316,312,311,318,318,318,318,318,318,318,318,318,318,318,318,316,318,312,318,318,318,318,318
n02264363_ILSVRC2012_val_00047169.png,318,318,46,794,318,318,318,318,794,318,904,318,431,794,318,318,318,431,794,319,319,318,39,794,318,318,318,318,794,318,318,318,318,794,318,318,318,318,794,318,318
n02264363_ILSVRC2012_val_00048414.png,318,318,318,318,318,318,318,318,319,318,319,318,319,320,318,318,318,318,318,320,320,318,318,318,318,318,318,318,320,318,320,318,318,318,318,318,318,318,318,318,318
n02268443_ILSVRC2012_val_00002225.png,319,319,320,320,318,319,319,319,320,320,319,319,320,320,318,320,319,320,320,318,320,319,319,320,320,320,319,319,319,319,320,319,319,320,319,320,319,319,320,320,320
n02268443_ILSVRC2012_val_00013994.png,319,319,319,320,320,320,319,320,320,320,320,319,320,320,320,320,319,320,320,320,320,319,320,320,320,320,319,319,319,320,320,319,319,320,320,320,319,320,320,320,320
n02268443_ILSVRC2012_val_00024823.png,319,319,319,319,319,319,319,319,319,319,319,319,320,939,319,319,319,319,320,310,310,319,319,319,319,319,319,319,319,319,319,319,319,319,319,319,319,319,319,319,319
n02268443_ILSVRC2012_val_00025968.png,319,319,319,319,319,319,319,313,313,319,320,319,313,313,320,320,319,319,313,320,320,319,319,313,319,319,319,319,319,320,320,319,319,313,319,319,319,319,319,319,319
n02268443_ILSVRC2012_val_00043294.png,319,319,319,319,319,319,319,319,320,319,319,319,320,320,302,320,319,320,320,302,320,319,319,319,302,319,319,319,319,308,319,319,319,319,319,319,319,319,319,319,319
n02268443_ILSVRC2012_val_00048401.png,319,319,320,320,320,320,319,320,320,320,320,319,315,320,320,320,319,319,320,320,320,319,319,320,319,320,319,320,320,320,320,319,319,320,320,320,319,319,320,320,320
n02268853_ILSVRC2012_val_00002893.png,320,320,320,320,320,320,320,320,319,84,84,320,319,319,320,319,320,320,319,138,138,320,320,319,320,138,320,320,320,319,291,320,320,320,319,138,320,320,320,320,278
n02268853_ILSVRC2012_val_00012526.png,320,320,320,320,320,320,320,320,319,320,320,320,319,319,320,319,320,320,320,319,319,320,320,319,320,319,320,320,320,320,320,320,320,320,320,320,320,320,320,320,320
n02268853_ILSVRC2012_val_00014038.png,320,320,320,591,452,816,320,319,451,319,805,320,37,906,452,805,320,319,459,452,805,320,320,459,452,805,320,320,319,816,37,320,320,862,313,805,320,320,320,320,319
n02268853_ILSVRC2012_val_00019984.png,320,320,320,320,320,320,320,320,320,320,319,320,319,319,320,319,320,319,319,319,319,320,320,319,320,319,320,320,320,320,319,320,320,319,320,319,320,320,320,320,320
n02268853_ILSVRC2012_val_00032109.png,320,320,320,319,320,320,320,320,319,320,319,320,319,319,319,319,320,320,319,319,319,320,319,319,319,319,320,320,320,320,320,320,320,320,320,320,320,320,320,320,320
n02268853_ILSVRC2012_val_00032356.png,320,320,320,319,320,319,320,319,319,319,319,320,319,316,319,319,320,320,318,319,319,320,319,319,319,319,320,320,319,320,319,320,320,320,320,320,320,320,319,320,320
n02268853_ILSVRC2012_val_00034197.png,320,320,319,319,320,319,320,319,319,319,319,320,319,36,319,319,320,319,319,319,319,320,320,319,319,319,320,320,319,320,320,320,320,319,320,320,320,320,320,320,320
n02268853_ILSVRC2012_val_00040288.png,320,320,320,320,320,319,320,320,319,319,319,320,319,319,320,319,320,319,319,319,319,320,320,319,320,319,320,320,320,320,320,320,320,319,320,319,320,320,320,320,320
n02268853_ILSVRC2012_val_00042764.png,320,320,320,320,320,319,320,319,319,320,319,320,319,319,320,319,320,320,319,319,319,320,320,319,320,319,320,320,320,320,319,320,320,319,320,320,320,320,320,320,320
n02276258_ILSVRC2012_val_00008663.png,321,321,321,321,321,321,321,321,321,321,321,321,982,109,321,321,321,321,321,322,322,321,321,321,321,321,321,321,321,321,322,321,321,321,321,322,321,321,321,321,321
n02276258_ILSVRC2012_val_00011772.png,321,321,58,58,115,58,321,321,58,115,321,321,58,58,115,321,321,321,97,115,326,321,321,321,321,321,321,321,321,321,321,321,321,321,321,321,321,321,321,321,321
n02276258_ILSVRC2012_val_00027353.png,321,321,321,611,321,917,321,321,611,321,917,321,611,611,321,917,321,321,611,772,921,321,321,611,321,321,321,321,611,321,921,321,321,611,321,917,321,321,321,321,321
n02276258_ILSVRC2012_val_00036285.png,321,321,321,322,322,322,321,309,309,321,309,321,322,322,322,322,321,322,322,322,322,321,322,322,322,322,321,322,322,322,322,321,321,326,321,322,321,321,322,322,322
n02276258_ILSVRC2012_val_00038719.png,321,321,321,321,321,326,321,321,321,326,326,321,326,326,321,326,321,321,326,326,326,321,321,321,321,321,321,321,321,321,321,321,321,321,321,321,321,321,321,321,326
n02276258_ILSVRC2012_val_00041566.png,321,321,321,321,321,321,321,321,321,321,309,321,700,700,321,700,321,700,700,700,700,321,321,321,321,321,321,321,321,321,700,321,321,321,321,321,321,321,321,321,321
n02276258_ILSVRC2012_val_00042337.png,321,321,321,321,321,322,321,321,321,321,322,321,322,322,321,322,321,321,321,411,322,321,321,321,321,321,321,321,321,321,322,321,321,321,321,322,321,321,321,321,322
n02276258_ILSVRC2012_val_00044711.png,321,321,321,326,326,326,321,321,326,321,326,321,326,326,326,326,321,326,326,326,326,321,321,321,321,321,321,321,321,326,326,321,321,326,326,326,321,321,321,321,321
n02276258_ILSVRC2012_val_00049499.png,321,321,321,321,321,973,321,321,611,321,973,321,924,611,321,321,321,321,611,936,975,321,321,611,321,321,321,321,611,321,973,321,321,611,321,321,321,321,321,321,321
n02277742_ILSVRC2012_val_00005786.png,322,322,322,611,322,322,322,322,611,322,304,322,611,611,322,322,322,322,611,304,304,322,322,611,322,322,322,322,611,322,322,322,322,611,322,322,322,322,322,322,322
n02277742_ILSVRC2012_val_00007198.png,322,322,322,937,322,326,322,322,322,326,326,322,937,937,326,326,322,322,937,326,326,322,322,322,322,326,322,322,322,322,326,322,322,322,322,322,322,322,322,322,322
n02277742_ILSVRC2012_val_00023815.png,322,322,322,326,322,797,322,322,322,322,797,322,326,326,322,322,322,322,326,434,797,322,322,326,322,797,322,322,322,322,322,322,322,322,322,797,322,322,322,322,322
n02277742_ILSVRC2012_val_00024295.png,322,322,322,322,322,322,322,322,326,322,322,322,326,326,326,326,322,322,326,326,326,322,322,326,322,326,322,322,322,322,322,322,322,322,322,322,322,322,322,322,322
n02277742_ILSVRC2012_val_00025952.png,322,322,322,611,322,109,322,322,611,322,109,322,326,611,322,112,322,322,611,112,112,322,322,611,322,112,322,322,611,322,112,322,322,611,322,112,322,322,611,322,322
n02277742_ILSVRC2012_val_00029018.png,322,322,322,322,322,322,322,322,326,322,322,322,326,326,322,322,322,322,322,997,997,322,322,322,322,322,322,322,322,322,322,322,322,322,322,322,322,322,322,322,322
n02277742_ILSVRC2012_val_00034673.png,322,322,322,326,322,318,322,322,322,322,322,322,326,326,322,318,322,322,322,943,318,322,322,322,322,322,322,322,322,322,322,322,322,322,322,322,322,322,322,322,322
n02277742_ILSVRC2012_val_00041803.png,322,322,322,322,322,325,322,322,325,322,325,322,325,325,322,325,322,325,325,325,325,322,322,325,325,325,322,322,322,322,325,322,322,322,322,325,322,322,322,322,325
n02277742_ILSVRC2012_val_00048001.png,322,322,322,46,46,998,322,322,611,40,998,322,534,611,322,322,322,322,611,40,998,322,322,611,322,322,322,322,611,322,322,322,322,322,322,322,322,322,322,322,322
n02279972_ILSVRC2012_val_00011143.png,323,323,323,323,323,323,323,323,323,323,323,323,318,318,323,323,323,323,323,345,326,323,323,323,323,323,323,323,323,323,323,323,323,323,323,323,323,323,323,323,323
n02279972_ILSVRC2012_val_00023054.png,323,323,323,323,323,323,323,323,316,998,998,323,693,317,323,323,323,323,317,998,998,323,323,323,323,323,323,323,323,323,323,323,323,323,323,323,323,323,323,323,323
n02279972_ILSVRC2012_val_00033925.png,323,323,323,323,323,323,323,323,323,323,323,323,728,815,323,323,323,323,323,938,728,323,323,323,323,323,323,323,323,323,323,323,323,323,323,323,323,323,323,323,323
n02279972_ILSVRC2012_val_00046412.png,323,323,323,973,323,984,323,323,815,984,984,323,292,292,323,984,323,323,323,984,984,323,323,323,323,323,323,323,323,323,984,323,323,323,323,323,323,323,323,323,323
n02279972_ILSVRC2012_val_00049418.png,323,323,323,323,323,323,323,323,323,323,323,323,62,290,323,323,323,323,323,381,594,323,323,323,323,323,323,323,323,323,323,323,323,323,323,323,323,323,323,323,323
n02280649_ILSVRC2012_val_00001014.png,324,324,324,109,324,325,324,324,770,324,325,324,611,882,324,325,324,324,882,325,325,324,324,882,324,325,324,324,324,324,324,324,324,324,324,325,324,324,324,324,324
n02280649_ILSVRC2012_val_00020422.png,324,324,324,904,319,319,324,324,319,319,319,324,319,319,319,319,324,319,319,319,319,324,324,319,324,319,324,324,319,319,319,324,324,319,319,319,324,324,319,319,319
n02280649_ILSVRC2012_val_00021073.png,324,324,324,325,325,325,324,325,325,324,434,324,325,325,325,664,324,325,325,411,478,324,325,325,325,840,324,324,324,324,324,324,324,324,324,325,324,324,325,324,324
n02280649_ILSVRC2012_val_00026917.png,324,324,324,318,324,324,324,324,39,324,325,324,971,828,324,325,324,324,324,325,325,324,324,324,324,325,324,324,324,324,325,324,324,324,324,324,324,324,324,324,324
n02280649_ILSVRC2012_val_00034175.png,324,324,324,324,324,324,324,324,324,324,324,324,772,772,324,324,324,324,324,325,325,324,324,324,324,324,324,324,324,324,324,324,324,324,324,324,324,324,324,324,324
n02280649_ILSVRC2012_val_00035809.png,324,324,324,318,317,815,324,324,318,324,815,324,318,318,317,815,324,318,318,317,815,324,324,318,324,815,324,324,318,324,318,324,324,318,324,815,324,324,318,324,815
n02280649_ILSVRC2012_val_00045914.png,324,324,324,904,324,325,324,324,904,324,325,324,507,904,324,324,324,324,324,545,325,324,324,324,324,324,324,324,904,324,324,324,324,324,324,324,324,324,324,324,324
n02281406_ILSVRC2012_val_00013363.png,325,325,325,325,325,749,325,324,324,749,749,325,324,324,749,749,325,749,324,749,749,325,325,325,325,749,325,325,325,325,749,325,325,325,325,749,325,325,325,325,749
n02281406_ILSVRC2012_val_00014128.png,325,325,325,325,325,325,325,326,326,326,326,325,326,326,326,326,325,325,326,326,326,325,325,325,325,325,325,325,325,325,325,325,325,325,325,325,325,325,325,325,325
n02281406_ILSVRC2012_val_00023163.png,325,325,39,109,852,319,325,325,109,852,319,325,55,109,325,39,325,325,109,217,319,325,325,109,217,319,325,325,392,325,308,325,325,109,325,325,325,325,109,325,325
n02281406_ILSVRC2012_val_00029592.png,325,325,325,955,325,985,325,325,973,985,985,325,322,973,325,985,325,325,973,985,985,325,325,392,325,325,325,322,325,325,985,325,322,322,985,985,325,322,322,321,985
n02281406_ILSVRC2012_val_00038721.png,325,325,325,325,325,325,325,325,325,325,971,325,971,971,325,971,325,325,325,728,971,325,325,325,325,325,325,325,325,325,325,325,325,325,325,325,325,325,325,325,325
n02281406_ILSVRC2012_val_00039971.png,325,325,325,973,325,397,325,325,973,325,397,325,47,109,390,973,325,325,973,943,397,325,325,109,325,397,325,325,973,325,397,325,322,973,325,973,325,322,973,325,33
n02281406_ILSVRC2012_val_00040842.png,325,325,325,973,325,325,325,325,325,325,325,325,55,109,325,325,325,325,325,346,324,325,325,325,325,325,325,325,325,322,325,325,325,325,325,325,325,325,325,325,325
n02281406_ILSVRC2012_val_00041173.png,325,325,324,324,324,324,325,324,324,324,324,325,324,324,324,324,325,324,324,324,324,325,325,324,325,324,325,324,324,324,324,325,324,324,324,324,325,324,324,324,324
n02281787_ILSVRC2012_val_00009023.png,326,326,326,318,326,107,326,326,318,452,452,326,318,318,326,326,326,326,326,452,452,326,326,318,326,325,326,326,326,326,326,326,326,326,326,326,326,326,326,326,326
n02281787_ILSVRC2012_val_00011979.png,326,326,326,397,326,326,326,326,397,326,326,326,390,109,326,326,326,326,109,395,322,326,326,109,326,326,326,326,326,326,326,326,326,326,326,326,326,326,326,326,326
n02281787_ILSVRC2012_val_00017100.png,326,326,326,327,326,324,326,326,328,325,325,326,49,327,325,325,326,326,318,325,325,326,326,326,326,325,326,326,318,325,325,326,326,973,325,325,326,326,326,326,325
n02281787_ILSVRC2012_val_00017393.png,326,326,322,322,322,322,326,326,322,326,322,326,322,322,322,322,326,326,322,322,322,326,326,326,326,326,326,326,326,326,326,326,326,326,326,322,326,326,326,326,322
n02281787_ILSVRC2012_val_00028263.png,326,326,288,288,288,288,326,288,288,288,288,326,290,288,288,290,326,288,288,288,288,326,288,288,82,290,326,326,288,326,288,326,326,326,326,288,326,326,288,953,288
n02281787_ILSVRC2012_val_00036148.png,326,326,322,322,24,47,326,322,322,322,322,326,322,322,322,322,326,322,322,322,322,326,322,322,322,322,326,322,322,322,322,326,326,322,322,47,326,322,322,322,322
n02281787_ILSVRC2012_val_00038236.png,326,326,321,321,321,322,326,199,321,321,322,326,199,321,321,322,326,199,321,321,322,326,321,321,321,322,326,321,321,321,322,326,322,321,321,322,326,322,321,321,322
n02281787_ILSVRC2012_val_00039215.png,326,326,326,326,326,452,326,326,326,326,326,326,749,749,749,322,326,326,326,749,322,326,326,326,326,326,326,326,326,326,322,326,326,326,326,326,326,326,326,326,326
n02281787_ILSVRC2012_val_00039804.png,326,326,326,322,326,326,326,326,326,324,324,326,322,322,326,324,326,326,322,324,324,326,326,326,326,324,326,326,326,326,324,326,326,326,326,324,326,326,322,326,324
n02281787_ILSVRC2012_val_00042940.png,326,326,326,324,326,324,326,326,324,326,324,326,324,324,324,324,326,326,324,324,324,326,326,324,326,324,326,326,326,326,324,326,326,326,326,324,326,326,326,326,326
n02317335_ILSVRC2012_val_00004810.png,327,327,327,108,327,824,327,327,955,327,539,327,955,955,955,658,327,955,955,955,539,327,955,327,327,539,327,327,955,327,911,327,327,327,327,327,327,327,327,327,327
n02317335_ILSVRC2012_val_00010703.png,327,327,327,327,327,327,327,327,327,611,327,327,611,600,327,327,327,611,327,611,584,327,327,327,327,327,327,327,327,327,327,327,327,327,327,327,327,327,327,327,327
n02317335_ILSVRC2012_val_00017129.png,327,327,48,34,34,42,327,34,34,34,42,327,34,34,34,42,327,34,34,34,42,327,34,34,34,42,327,327,327,327,327,327,327,327,34,327,327,327,327,42,42
n02317335_ILSVRC2012_val_00021973.png,327,327,327,327,327,327,327,327,327,327,327,327,679,679,327,327,327,327,327,902,584,327,327,327,327,327,327,327,327,327,327,327,327,327,327,327,327,327,327,327,327
n02317335_ILSVRC2012_val_00025161.png,327,327,327,328,327,783,327,327,327,327,783,327,677,328,327,783,327,783,328,783,674,327,327,327,783,783,327,327,327,327,109,327,327,327,327,783,327,327,327,327,783
n02317335_ILSVRC2012_val_00030782.png,327,327,327,109,327,54,327,327,109,327,54,327,67,109,327,54,327,54,109,54,54,327,327,109,327,54,327,327,327,327,327,327,327,327,327,327,327,327,327,327,327
n02317335_ILSVRC2012_val_00032937.png,327,327,327,390,327,54,327,327,390,54,54,327,390,390,54,54,327,327,390,54,54,327,327,327,327,54,327,327,327,327,54,327,327,390,327,54,327,327,327,327,54
n02319095_ILSVRC2012_val_00000990.png,328,328,328,396,396,396,328,396,396,396,396,328,396,396,396,396,328,396,396,396,396,328,396,396,396,396,328,396,396,396,396,328,396,396,396,328,328,396,396,396,396
n02319095_ILSVRC2012_val_00008818.png,328,328,328,611,328,108,328,397,611,108,108,328,973,611,108,108,328,328,611,108,108,328,973,611,328,108,328,328,611,328,108,328,328,973,328,108,328,328,611,328,108
n02319095_ILSVRC2012_val_00028991.png,328,328,328,116,328,328,328,328,113,113,990,328,113,113,113,990,328,328,113,113,990,328,328,113,113,328,328,328,328,328,328,328,328,328,113,990,328,328,113,113,328
n02319095_ILSVRC2012_val_00035549.png,328,328,109,109,328,116,328,328,109,328,328,328,109,109,328,956,328,328,109,723,956,328,328,109,328,328,328,328,109,328,328,328,328,328,328,328,328,328,109,328,328
n02319095_ILSVRC2012_val_00038301.png,328,328,328,84,328,84,328,328,84,328,84,328,84,84,328,84,328,328,328,84,84,328,328,328,328,328,328,328,328,328,328,328,328,328,328,328,328,328,328,328,328
n02319095_ILSVRC2012_val_00042654.png,328,328,328,109,328,108,328,328,109,328,108,328,973,611,328,108,328,328,973,16,108,328,328,611,328,108,328,328,611,328,108,328,328,109,328,108,328,328,109,328,108
n02319095_ILSVRC2012_val_00046960.png,328,328,328,108,328,108,328,328,108,328,108,328,108,108,108,108,328,108,108,108,108,328,328,108,328,108,328,328,328,328,328,328,328,328,328,328,328,328,328,328,108
n02319095_ILSVRC2012_val_00048422.png,328,328,109,109,108,108,328,109,109,108,108,328,109,109,108,108,328,109,109,108,108,328,109,109,108,108,328,109,109,328,108,328,328,109,328,108,328,109,109,328,108
n02319095_ILSVRC2012_val_00049372.png,328,328,329,329,329,221,328,265,110,221,221,328,219,110,214,221,328,221,110,214,221,328,328,115,328,221,328,266,108,119,221,328,329,115,329,221,328,328,110,328,221
n02321529_ILSVRC2012_val_00022946.png,329,329,329,41,329,29,329,329,41,329,29,329,26,41,29,29,329,29,41,29,29,329,329,41,329,26,329,329,38,29,29,329,329,41,29,29,329,26,41,29,29
n02321529_ILSVRC2012_val_00024300.png,329,329,363,334,102,102,329,363,49,103,102,329,363,49,102,102,329,102,49,102,102,329,363,49,102,102,329,395,49,102,102,329,329,49,102,102,329,49,49,102,102
n02321529_ILSVRC2012_val_00027655.png,329,329,329,69,116,116,329,329,69,116,116,329,5,69,116,116,329,5,69,116,116,329,329,69,116,116,329,329,69,116,116,329,5,69,116,116,329,125,116,116,116
n02321529_ILSVRC2012_val_00034757.png,329,329,327,788,327,327,329,788,788,329,50,329,788,788,50,50,329,788,788,50,50,329,329,788,329,50,329,419,788,329,50,329,329,788,329,50,329,329,788,329,50
n02321529_ILSVRC2012_val_00038618.png,329,329,329,329,329,329,329,390,390,390,389,329,390,390,390,390,329,390,390,390,389,329,390,390,390,390,329,329,390,390,390,329,329,329,329,329,329,329,329,329,329
n02321529_ILSVRC2012_val_00038874.png,329,329,329,110,329,329,329,329,110,329,116,329,110,110,329,329,329,329,110,962,962,329,329,110,329,329,329,115,110,329,329,329,329,110,329,329,329,329,110,329,329
n02321529_ILSVRC2012_val_00043240.png,329,329,329,741,329,110,329,329,741,329,110,329,110,741,329,110,329,110,741,110,110,329,329,911,329,110,329,329,741,329,110,329,329,62,329,329,329,329,329,329,329
n02321529_ILSVRC2012_val_00045864.png,329,329,390,911,911,84,329,390,911,911,84,329,395,816,824,84,329,65,911,434,84,329,65,816,390,84,329,329,911,434,109,329,329,911,850,84,329,329,911,265,84
n02321529_ILSVRC2012_val_00046065.png,329,329,329,329,329,329,329,329,329,329,329,329,110,110,329,329,329,329,110,390,390,329,329,110,329,390,329,329,329,329,329,329,329,110,329,329,329,329,110,329,329
n02321529_ILSVRC2012_val_00047871.png,329,329,329,611,329,121,329,329,611,329,121,329,611,611,119,123,329,329,611,119,119,329,329,329,329,121,329,329,611,329,329,329,329,329,329,329,329,329,329,329,329
n02325366_ILSVRC2012_val_00000097.png,330,330,331,331,331,331,330,331,331,331,331,330,213,355,331,331,330,331,331,331,331,330,331,331,331,331,330,331,331,331,331,330,331,331,331,331,330,331,331,331,331
n02325366_ILSVRC2012_val_00014688.png,330,330,331,331,330,331,330,331,331,330,331,330,331,331,331,331,330,331,331,393,331,330,331,331,330,331,330,331,331,330,331,330,330,330,330,331,330,331,331,330,331
n02325366_ILSVRC2012_val_00017270.png,330,330,330,330,330,330,330,331,331,331,331,330,331,331,331,331,330,331,331,331,331,330,330,331,330,331,330,330,331,331,331,330,330,330,330,330,330,330,330,330,330
n02325366_ILSVRC2012_val_00017565.png,330,330,331,331,331,331,330,331,331,331,331,330,331,331,331,331,330,331,331,331,331,330,330,331,331,331,330,330,331,331,331,330,330,331,330,331,330,330,330,330,330
n02325366_ILSVRC2012_val_00019651.png,330,330,104,76,331,331,330,331,355,331,331,330,355,355,331,331,330,331,331,331,331,330,331,331,331,331,330,331,331,331,331,330,331,331,331,330,330,331,331,330,331
n02325366_ILSVRC2012_val_00020084.png,330,330,331,331,330,331,330,331,331,331,331,330,331,331,331,331,330,330,331,331,331,330,330,331,330,331,330,330,330,330,330,330,330,330,330,330,330,330,330,330,330
n02325366_ILSVRC2012_val_00024659.png,330,330,331,331,331,331,330,331,331,331,331,330,331,331,331,331,330,331,331,331,331,330,330,331,330,331,330,331,331,330,331,330,330,331,330,331,330,331,331,331,331
n02325366_ILSVRC2012_val_00029387.png,330,330,331,331,331,331,330,330,331,330,331,330,331,331,331,331,330,331,331,331,331,330,331,331,330,331,330,330,331,331,331,330,330,330,330,330,330,330,330,330,331
n02326432_ILSVRC2012_val_00013328.png,331,331,330,330,330,330,331,331,331,331,330,331,330,330,330,330,331,331,330,330,330,331,331,331,331,330,331,331,331,331,330,331,331,330,330,330,331,331,331,331,330
n02326432_ILSVRC2012_val_00041538.png,331,331,330,330,330,330,331,331,330,330,330,331,330,330,330,330,331,330,330,330,330,331,331,331,330,330,331,331,330,330,330,331,331,331,330,330,331,330,330,330,330
n02326432_ILSVRC2012_val_00043437.png,331,331,331,331,331,331,331,331,331,331,330,331,330,112,331,330,331,330,330,330,330,331,331,331,331,330,331,331,331,331,330,331,331,331,331,330,331,331,331,331,331
n02328150_ILSVRC2012_val_00000981.png,332,332,332,108,196,196,332,283,328,196,196,332,287,108,196,196,332,287,108,196,196,332,332,108,196,196,332,332,108,332,196,332,332,332,332,196,332,332,108,332,196
n02328150_ILSVRC2012_val_00003933.png,332,332,177,196,192,261,332,198,196,198,261,332,170,198,196,261,332,177,196,196,261,332,177,196,196,261,332,170,196,196,261,332,332,196,196,261,332,332,196,332,261
n02328150_ILSVRC2012_val_00015997.png,332,332,169,172,203,169,332,169,172,203,217,332,169,172,700,750,332,169,172,700,264,332,169,172,700,232,332,169,355,700,232,332,169,172,169,169,332,169,172,169,169
n02328150_ILSVRC2012_val_00017952.png,332,332,332,338,332,355,332,332,355,331,264,332,331,331,331,245,332,331,331,331,264,332,332,331,331,264,332,332,332,332,355,332,332,332,332,332,332,332,332,332,332
n02328150_ILSVRC2012_val_00026585.png,332,332,332,332,332,332,332,332,338,332,338,332,338,338,338,338,332,338,338,338,338,332,338,338,338,338,332,332,332,332,332,332,338,338,338,338,332,332,332,332,338
n02328150_ILSVRC2012_val_00026958.png,332,332,332,341,332,797,332,203,341,797,797,332,299,391,797,797,332,330,341,797,797,332,330,797,797,797,332,332,341,797,797,332,332,341,332,797,332,332,332,332,797
n02328150_ILSVRC2012_val_00027262.png,332,332,332,381,375,212,332,364,381,212,212,332,364,381,375,212,332,364,374,176,212,332,364,381,192,212,332,181,381,155,212,332,181,377,332,212,332,332,332,332,212
n02328150_ILSVRC2012_val_00030881.png,332,332,332,332,332,332,332,286,332,332,332,332,166,158,332,332,332,332,332,258,258,332,332,332,332,258,332,332,332,332,332,332,332,332,332,332,332,332,208,332,332
n02328150_ILSVRC2012_val_00036041.png,332,332,332,229,229,229,332,229,229,229,229,332,200,229,229,229,332,200,229,229,229,332,229,229,229,229,332,229,229,229,229,332,229,229,229,229,332,229,229,229,229
n02328150_ILSVRC2012_val_00046186.png,332,332,330,330,331,330,332,330,330,331,330,332,330,330,330,330,332,330,330,330,330,332,331,330,330,330,332,330,330,330,330,332,330,330,330,330,332,331,330,330,330
n02342885_ILSVRC2012_val_00001439.png,333,333,359,356,333,359,333,333,151,359,359,333,284,284,333,359,333,284,284,359,359,333,333,284,359,358,333,333,106,359,359,333,333,333,333,359,333,333,284,333,359
n02342885_ILSVRC2012_val_00006185.png,333,333,333,333,333,338,333,333,333,338,338,333,359,359,333,338,333,333,333,338,338,333,333,333,333,338,333,333,333,333,338,333,333,333,333,333,333,333,333,333,333
n02342885_ILSVRC2012_val_00013528.png,333,333,333,333,333,719,333,338,338,719,719,333,338,338,333,719,333,338,338,719,719,333,333,333,333,719,333,333,333,333,333,333,333,333,333,333,333,333,333,333,333
n02342885_ILSVRC2012_val_00015181.png,333,333,332,203,203,153,333,463,338,203,725,333,659,338,333,722,333,659,338,722,722,333,659,338,333,722,333,333,332,332,722,333,333,333,333,850,333,333,333,333,722
n02342885_ILSVRC2012_val_00017445.png,333,333,333,333,333,338,333,338,338,338,338,333,338,338,338,338,333,338,338,338,338,333,333,333,333,338,333,333,333,333,338,333,333,333,333,333,333,333,333,333,338
n02342885_ILSVRC2012_val_00025315.png,333,333,333,332,338,338,333,332,332,338,338,333,332,332,338,338,333,332,332,338,338,333,333,333,338,338,333,338,332,338,338,333,332,332,338,338,333,333,333,338,338
n02342885_ILSVRC2012_val_00036070.png,333,333,338,338,23,367,333,338,338,333,23,333,338,338,700,23,333,338,338,882,23,333,338,338,589,23,333,338,338,374,23,333,338,338,897,8,333,338,338,673,23
n02342885_ILSVRC2012_val_00039073.png,333,333,333,333,333,338,333,338,338,333,338,333,338,338,338,338,333,338,338,338,338,333,338,338,338,338,333,338,338,338,338,333,338,338,333,338,333,333,338,338,338
n02342885_ILSVRC2012_val_00040194.png,333,333,338,338,360,359,333,338,338,356,359,333,338,338,333,359,333,338,338,358,359,333,338,338,358,358,333,338,338,359,359,333,338,338,359,358,333,338,338,359,359
n02342885_ILSVRC2012_val_00042043.png,333,333,333,434,333,434,333,333,434,333,750,333,434,434,333,641,333,434,434,910,831,333,333,434,333,750,333,333,434,333,333,333,333,333,333,357,333,333,434,377,380
n02342885_ILSVRC2012_val_00043441.png,333,333,333,850,333,865,333,333,850,333,865,333,700,700,333,865,333,333,700,865,865,333,333,850,865,865,333,333,700,333,865,333,700,700,999,331,333,333,700,700,865
n02346627_ILSVRC2012_val_00004986.png,334,334,334,337,337,337,334,337,337,337,337,334,337,337,337,337,334,337,337,337,337,334,337,337,337,337,334,337,337,337,337,334,334,337,337,337,334,334,337,337,337
n02346627_ILSVRC2012_val_00027802.png,334,334,334,337,334,337,334,334,334,334,337,334,337,337,337,337,334,337,337,337,337,334,334,334,334,337,334,334,334,334,334,334,334,334,334,334,334,334,334,334,334
n02346627_ILSVRC2012_val_00031089.png,334,334,367,295,252,367,334,367,295,297,367,334,366,295,334,367,334,366,295,226,367,334,334,295,334,367,334,334,295,334,367,334,334,295,334,367,334,334,334,334,366
n02346627_ILSVRC2012_val_00037361.png,334,334,334,334,334,334,334,334,334,334,338,334,360,360,334,338,334,360,360,338,338,334,337,360,334,338,334,334,334,334,338,334,334,334,334,338,334,334,334,334,334
n02346627_ILSVRC2012_val_00039685.png,334,334,334,133,334,329,334,76,76,76,26,334,292,292,288,26,334,24,292,26,26,334,334,292,24,26,334,76,76,375,26,334,334,292,334,26,334,334,337,334,26
n02346627_ILSVRC2012_val_00043963.png,334,334,334,266,334,357,334,357,266,357,357,334,357,266,357,357,334,334,266,356,357,334,334,266,357,357,334,334,265,334,357,334,334,266,334,357,334,334,266,334,334
n02346627_ILSVRC2012_val_00049176.png,334,334,334,233,334,337,334,334,189,334,337,334,337,189,334,337,334,334,265,976,337,334,337,233,334,337,334,334,334,334,337,334,334,233,334,337,334,334,334,334,337
n02356798_ILSVRC2012_val_00014331.png,335,335,377,364,364,364,335,381,364,364,364,335,381,364,364,364,335,381,364,364,364,335,379,364,364,364,335,381,364,364,364,335,381,364,364,364,335,381,364,364,364
n02356798_ILSVRC2012_val_00024584.png,335,335,335,280,335,280,335,280,280,280,280,335,280,280,280,280,335,280,280,280,280,335,335,280,335,280,335,280,280,280,280,335,335,335,335,335,335,280,280,280,280
n02356798_ILSVRC2012_val_00043512.png,335,335,104,104,104,104,335,104,104,104,104,335,104,104,104,104,335,104,104,104,104,335,335,335,104,104,335,335,335,104,104,335,335,335,104,104,335,104,335,104,104
n02356798_ILSVRC2012_val_00049288.png,335,335,47,36,365,382,335,338,36,379,381,335,502,36,338,381,335,502,36,379,381,335,338,338,338,381,335,335,36,365,381,335,335,36,379,381,335,338,36,380,381
n02361337_ILSVRC2012_val_00008770.png,336,336,337,337,337,337,336,337,337,337,337,336,337,337,337,337,336,337,337,337,337,336,337,337,337,337,336,336,336,336,337,336,336,337,337,337,336,336,337,337,337
n02361337_ILSVRC2012_val_00008936.png,336,336,336,337,336,337,336,336,337,336,360,336,337,337,337,337,336,336,337,337,337,336,336,337,337,360,336,336,336,336,337,336,336,336,336,337,336,336,336,336,337
n02361337_ILSVRC2012_val_00009972.png,336,336,106,360,106,106,336,336,360,336,106,336,106,360,106,106,336,106,360,106,106,336,106,106,106,106,336,336,336,336,106,336,336,336,336,106,336,336,336,336,106
n02361337_ILSVRC2012_val_00011891.png,336,336,336,336,336,336,336,336,337,337,337,336,337,337,360,360,336,336,337,360,360,336,336,336,336,360,336,336,336,336,336,336,336,336,336,336,336,336,336,336,336
n02361337_ILSVRC2012_val_00018582.png,336,336,298,298,298,298,336,359,359,298,298,336,359,356,298,298,336,359,359,298,298,336,298,356,298,298,336,336,359,298,298,336,359,359,298,298,336,359,356,298,298
n02361337_ILSVRC2012_val_00026331.png,336,336,298,298,298,298,336,336,298,298,298,336,298,298,298,298,336,298,298,298,298,336,298,298,298,298,336,298,298,298,298,336,298,298,298,298,336,298,298,298,298
n02361337_ILSVRC2012_val_00028439.png,336,336,336,357,358,357,336,336,357,336,357,336,357,357,357,357,336,357,357,356,357,336,336,336,336,357,336,336,336,336,357,336,336,336,336,336,336,336,336,336,357
n02361337_ILSVRC2012_val_00030520.png,336,336,336,85,81,82,336,336,336,336,82,336,85,85,86,82,336,336,85,82,82,336,86,85,86,86,336,336,85,336,82,336,336,85,86,86,336,336,86,86,86
n02361337_ILSVRC2012_val_00038413.png,336,336,337,337,360,337,336,337,337,182,337,336,337,337,337,337,336,337,337,337,337,336,337,337,337,337,336,336,337,337,337,336,336,336,336,360,336,336,336,336,337
n02361337_ILSVRC2012_val_00041110.png,336,336,337,337,337,337,336,337,337,337,337,336,337,337,337,337,336,337,337,337,337,336,337,337,337,337,336,337,337,337,337,336,336,337,336,337,336,336,336,336,337
n02361337_ILSVRC2012_val_00048892.png,336,336,337,337,337,337,336,337,337,337,337,336,337,337,337,337,336,337,337,337,337,336,336,337,336,337,336,337,337,337,337,336,336,337,337,337,336,336,337,336,337
n02363005_ILSVRC2012_val_00005020.png,337,337,337,750,337,337,337,337,750,337,293,337,359,750,337,337,337,337,750,273,293,337,337,750,337,337,337,337,337,337,337,337,337,337,337,337,337,337,337,337,337
n02363005_ILSVRC2012_val_00017953.png,337,337,337,360,337,337,337,337,360,336,336,337,360,360,337,336,337,337,337,336,336,337,337,337,337,337,337,337,337,337,336,337,337,337,337,337,337,337,337,337,337
n02363005_ILSVRC2012_val_00028839.png,337,337,337,337,337,337,337,337,337,337,360,337,360,360,337,360,337,337,337,360,360,337,337,337,337,337,337,337,337,337,360,337,337,337,337,337,337,337,337,337,337
n02364673_ILSVRC2012_val_00005591.png,338,338,338,249,219,8,338,338,261,338,435,338,676,249,435,435,338,431,249,435,876,338,348,249,232,876,338,361,249,219,876,338,338,876,876,435,338,338,261,876,435
n02364673_ILSVRC2012_val_00006125.png,338,338,332,332,332,332,338,332,332,332,332,338,332,332,332,332,338,332,332,332,332,338,332,332,332,332,338,332,332,332,332,338,332,332,332,332,338,332,332,332,332
n02364673_ILSVRC2012_val_00019642.png,338,338,338,333,338,333,338,338,333,338,333,338,333,333,338,333,338,338,333,150,333,338,338,333,338,333,338,338,333,338,333,338,338,333,338,333,338,338,333,338,333
n02364673_ILSVRC2012_val_00027956.png,338,338,338,850,338,332,338,333,333,333,332,338,333,333,338,332,338,333,333,333,332,338,333,333,333,332,338,338,333,338,332,338,338,333,338,332,338,338,333,338,332
n02364673_ILSVRC2012_val_00029982.png,338,338,338,850,332,332,338,332,332,332,332,338,332,332,338,332,338,332,332,332,332,338,332,332,332,332,338,338,338,338,338,338,332,332,338,332,338,338,332,338,332
n02389026_ILSVRC2012_val_00009344.png,339,339,339,603,339,355,339,339,603,354,676,339,603,603,354,676,339,603,603,843,676,339,339,339,339,676,339,339,603,339,339,339,339,339,339,339,339,339,339,339,339
n02389026_ILSVRC2012_val_00019729.png,339,339,163,354,428,249,339,184,354,428,174,339,363,354,354,249,339,354,354,428,250,339,354,354,339,249,339,354,354,339,250,339,427,354,427,174,339,339,354,246,225
n02389026_ILSVRC2012_val_00030081.png,339,339,339,611,184,213,339,339,611,184,213,339,517,611,184,169,339,339,611,262,169,339,339,611,207,169,339,339,611,227,213,339,339,611,339,169,339,339,611,184,169
n02389026_ILSVRC2012_val_00039474.png,339,339,339,339,339,247,339,339,339,339,537,339,537,700,339,537,339,537,700,537,537,339,339,339,339,247,339,339,339,339,339,339,339,339,339,339,339,339,209,339,247
n02391049_ILSVRC2012_val_00005604.png,340,340,340,340,340,340,340,340,340,340,340,340,108,352,340,340,340,340,340,110,361,340,340,340,340,340,340,340,340,340,340,340,340,340,340,340,340,340,340,340,340
n02391049_ILSVRC2012_val_00012974.png,340,340,347,340,340,340,340,340,340,340,340,340,347,347,340,340,340,347,347,347,915,340,340,340,340,340,340,340,340,340,340,340,340,340,340,340,340,340,347,347,340
n02391049_ILSVRC2012_val_00024175.png,340,340,340,340,9,9,340,340,340,340,9,340,355,352,340,9,340,355,340,9,9,340,340,340,340,340,340,340,340,340,340,340,340,340,340,340,340,340,340,340,340
n02391049_ILSVRC2012_val_00026486.png,340,340,340,340,340,340,340,340,340,340,396,340,353,353,340,340,340,340,340,393,397,340,340,340,340,340,340,340,340,340,340,340,340,340,340,340,340,340,340,340,340
n02391049_ILSVRC2012_val_00034575.png,340,340,340,340,340,396,340,340,340,340,340,340,274,104,340,396,340,340,340,382,397,340,340,340,340,340,340,340,340,340,340,340,340,340,340,340,340,340,340,340,340
n02391049_ILSVRC2012_val_00037130.png,340,340,340,340,340,340,340,340,292,340,340,340,292,292,340,340,340,340,340,845,564,340,340,340,340,340,340,340,340,340,340,340,340,340,340,340,340,340,340,340,340
n02395406_ILSVRC2012_val_00007278.png,341,341,341,51,341,105,341,343,51,341,105,341,343,51,341,354,341,343,51,209,105,341,341,51,341,348,341,341,51,341,348,341,341,341,341,347,341,341,341,341,341
n02395406_ILSVRC2012_val_00020095.png,341,341,343,343,104,104,341,343,343,104,104,341,343,343,106,104,341,343,343,104,104,341,341,343,104,104,341,343,343,104,104,341,343,343,341,104,341,343,341,341,341
n02395406_ILSVRC2012_val_00023420.png,341,341,365,462,634,421,341,365,150,421,421,341,214,150,421,421,341,421,150,421,421,341,214,150,421,421,341,214,341,341,421,341,256,150,341,421,341,341,99,341,421
n02395406_ILSVRC2012_val_00024546.png,341,341,29,397,332,355,341,700,393,190,355,341,393,393,190,355,341,393,115,190,355,341,973,393,190,355,341,333,108,203,355,341,333,397,190,355,341,341,115,190,355
n02396427_ILSVRC2012_val_00003223.png,342,342,341,341,8,344,342,342,341,8,341,342,341,341,8,341,342,341,341,8,341,342,341,341,7,341,342,341,341,8,341,342,341,341,8,341,342,341,341,341,341
n02396427_ILSVRC2012_val_00011372.png,342,342,341,341,341,341,342,341,341,341,341,342,341,341,341,341,342,341,341,341,341,342,342,341,342,341,342,342,341,342,341,342,342,341,342,341,342,342,342,342,342
n02396427_ILSVRC2012_val_00018260.png,342,342,342,342,342,342,342,342,342,342,341,342,341,341,342,341,342,342,341,341,341,342,342,342,342,341,342,342,342,342,342,342,342,342,342,342,342,342,342,342,342
n02396427_ILSVRC2012_val_00023375.png,342,342,342,333,342,342,342,342,341,342,342,342,341,341,341,341,342,341,341,341,341,342,342,342,342,342,342,342,342,342,342,342,342,342,342,342,342,342,342,342,342
n02396427_ILSVRC2012_val_00025795.png,342,342,342,342,342,341,342,342,342,342,342,342,341,341,341,341,342,342,341,341,341,342,342,342,342,342,342,342,342,342,342,342,342,342,342,342,342,342,342,342,342
n02396427_ILSVRC2012_val_00033505.png,342,342,287,151,276,212,342,342,151,342,341,342,341,151,341,341,342,341,32,341,341,342,342,151,342,341,342,342,151,342,276,342,342,342,342,341,342,342,342,342,342
n02397096_ILSVRC2012_val_00001712.png,343,343,343,272,276,287,343,343,342,276,276,343,341,341,342,287,343,342,342,287,287,343,342,342,355,287,343,342,342,272,276,343,342,342,343,276,343,343,342,276,287
n02397096_ILSVRC2012_val_00014028.png,343,343,342,342,343,342,343,342,342,342,342,343,341,342,341,341,343,342,342,341,341,343,342,342,342,342,343,342,342,343,342,343,342,342,342,342,343,342,342,342,342
n02397096_ILSVRC2012_val_00015122.png,343,343,343,39,343,342,343,343,48,342,342,343,246,48,342,341,343,343,39,342,341,343,343,39,343,342,343,343,39,343,343,343,343,343,343,343,343,343,48,343,343
n02397096_ILSVRC2012_val_00017522.png,343,343,342,341,342,344,343,342,341,342,341,343,341,341,341,341,343,342,341,341,341,343,341,341,343,341,343,343,341,343,342,343,342,342,342,342,343,343,342,343,342
n02397096_ILSVRC2012_val_00023920.png,343,343,343,342,343,342,343,343,341,342,342,343,341,341,343,342,343,342,342,341,341,343,343,343,343,341,343,343,343,343,342,343,343,343,343,342,343,343,343,343,343
n02397096_ILSVRC2012_val_00037303.png,343,343,342,342,342,342,343,342,341,342,342,343,341,341,342,342,343,342,341,341,341,343,342,342,342,342,343,342,342,342,342,343,343,342,342,342,343,343,343,343,342
n02397096_ILSVRC2012_val_00046916.png,343,343,342,342,342,342,343,342,342,274,342,343,341,341,274,341,343,342,341,274,341,343,342,342,274,342,343,343,342,274,342,343,343,342,343,343,343,343,342,274,342
n02398521_ILSVRC2012_val_00001066.png,344,344,346,343,346,150,344,150,343,344,150,344,306,343,343,150,344,306,343,428,150,344,306,343,150,150,344,346,343,346,346,344,343,343,343,344,344,344,343,346,344
n02398521_ILSVRC2012_val_00009331.png,344,344,360,344,209,209,344,184,385,209,209,344,184,385,360,209,344,209,385,209,209,344,184,385,220,209,344,344,385,344,209,344,209,385,344,209,344,344,344,344,209
n02398521_ILSVRC2012_val_00022573.png,344,344,357,367,344,210,344,357,367,344,210,344,367,367,344,210,344,367,367,164,210,344,344,367,344,210,344,344,367,344,210,344,344,344,344,210,344,344,367,210,210
n02398521_ILSVRC2012_val_00031293.png,344,344,344,611,344,365,344,344,611,344,343,344,49,611,343,343,344,344,611,343,343,344,344,611,344,344,344,344,611,343,343,344,344,611,343,343,344,344,611,343,343
n02398521_ILSVRC2012_val_00032449.png,344,344,343,343,385,385,344,341,341,385,101,344,341,341,385,385,344,341,341,101,385,344,344,342,344,385,344,344,343,344,385,344,344,343,344,385,344,344,344,344,343
n02398521_ILSVRC2012_val_00041708.png,344,344,344,594,129,129,344,344,562,129,129,344,63,594,344,129,344,63,594,129,129,344,344,344,344,129,344,344,594,129,129,344,344,669,344,129,344,344,344,344,129
n02403003_ILSVRC2012_val_00049278.png,345,345,345,348,346,346,345,346,348,346,346,345,346,348,346,346,345,346,348,346,346,345,345,348,345,346,345,345,348,346,346,345,345,345,346,346,345,345,348,345,346
n02408429_ILSVRC2012_val_00008103.png,346,346,979,825,979,825,346,386,489,386,386,346,386,938,386,386,346,346,386,386,386,346,386,386,386,386,346,386,386,386,386,346,346,386,386,386,344,386,344,386,386
n02408429_ILSVRC2012_val_00015521.png,346,346,345,345,690,345,346,345,345,690,690,346,345,345,345,690,346,345,345,690,690,346,345,345,345,690,346,345,345,690,690,346,345,345,690,690,346,346,345,346,690
n02408429_ILSVRC2012_val_00031319.png,346,346,346,386,346,349,346,346,386,346,349,346,690,386,346,349,346,346,386,245,349,346,346,386,344,346,346,346,346,346,349,346,346,386,346,346,346,346,386,346,346
n02410509_ILSVRC2012_val_00018349.png,347,347,345,345,345,345,347,345,345,345,345,347,345,345,345,345,347,345,345,345,345,347,347,345,345,345,347,345,345,345,345,347,345,345,345,345,347,347,345,347,345
n02410509_ILSVRC2012_val_00027460.png,347,347,345,345,345,345,347,345,345,346,346,347,345,345,346,346,347,345,345,346,346,347,345,345,346,346,347,345,345,345,346,347,345,345,346,346,347,347,347,346,346
n02410509_ILSVRC2012_val_00028745.png,347,347,346,346,348,348,347,345,346,348,349,347,690,346,348,349,347,345,346,348,349,347,345,346,348,348,347,347,346,347,349,347,347,346,347,348,347,347,346,347,348
n02410509_ILSVRC2012_val_00035618.png,347,347,346,346,346,346,347,346,346,385,385,347,346,346,385,386,347,346,346,385,385,347,346,346,346,385,347,347,347,347,385,347,347,347,347,346,347,347,347,347,347
n02410509_ILSVRC2012_val_00037054.png,347,347,294,294,294,294,347,294,294,347,294,347,294,294,294,294,347,294,294,294,294,347,294,294,294,294,347,294,294,294,294,347,294,294,294,294,347,294,294,294,294
n02410509_ILSVRC2012_val_00043684.png,347,347,346,346,345,346,347,346,346,346,345,347,346,346,346,345,347,346,346,690,345,347,346,346,346,346,347,346,346,346,345,347,347,347,347,346,347,347,347,347,347
n02410509_ILSVRC2012_val_00048448.png,347,347,386,386,386,386,347,343,386,343,386,347,386,386,386,386,347,386,386,386,386,347,386,386,386,386,347,386,386,386,386,347,386,386,386,385,347,347,386,347,386
n02410509_ILSVRC2012_val_00049202.png,347,347,347,347,347,101,347,347,347,386,101,347,385,346,386,386,347,347,346,385,385,347,347,347,347,385,347,347,347,343,101,347,347,346,343,386,347,347,347,347,101
n02412080_ILSVRC2012_val_00013570.png,348,348,348,355,348,345,348,348,355,355,345,348,355,355,355,345,348,355,355,354,690,348,355,355,348,345,348,355,355,355,346,348,348,355,348,348,348,348,355,348,348
n02412080_ILSVRC2012_val_00014235.png,348,348,348,348,348,355,348,348,348,355,348,348,349,349,348,349,348,348,348,354,349,348,348,348,348,348,348,348,348,348,349,348,348,349,349,349,348,348,348,348,348
n02412080_ILSVRC2012_val_00027882.png,348,348,348,348,348,349,348,348,349,348,349,348,349,349,348,349,348,348,348,349,349,348,348,348,348,348,348,348,348,348,348,348,348,348,348,349,348,348,348,348,349
n02412080_ILSVRC2012_val_00040411.png,348,348,348,348,212,212,348,350,350,212,212,348,350,350,212,212,348,348,350,212,212,348,350,350,212,212,348,348,348,355,212,348,348,348,348,212,348,348,348,348,212
n02412080_ILSVRC2012_val_00040492.png,348,348,348,348,348,348,348,348,348,348,349,348,349,349,348,348,348,348,348,349,350,348,348,348,348,348,348,348,348,348,348,348,348,348,348,348,348,348,348,348,348
n02412080_ILSVRC2012_val_00048706.png,348,348,348,345,348,157,348,345,345,348,232,348,345,345,348,231,348,348,345,114,232,348,348,193,348,232,348,348,345,348,231,348,348,345,348,232,348,345,345,348,232
n02415577_ILSVRC2012_val_00007416.png,349,349,349,348,349,8,349,349,348,349,8,349,348,348,348,7,349,349,348,206,8,349,348,348,349,8,349,349,348,349,348,349,349,349,349,349,349,349,349,349,349
n02415577_ILSVRC2012_val_00021149.png,349,349,348,363,343,343,349,349,349,343,343,349,490,363,343,343,349,349,363,343,343,349,349,268,343,343,349,349,349,343,343,349,349,349,349,343,349,349,343,343,343
n02415577_ILSVRC2012_val_00024343.png,349,349,216,348,348,348,349,216,348,348,348,349,216,348,348,348,349,348,348,348,348,349,348,348,348,348,349,348,348,348,348,349,348,348,348,348,349,348,348,348,348
n02415577_ILSVRC2012_val_00041343.png,349,349,348,348,348,348,349,348,348,348,348,349,348,348,348,348,349,348,348,348,348,349,348,348,348,348,349,348,348,348,348,349,349,348,348,348,349,349,348,348,348
n02417914_ILSVRC2012_val_00023225.png,350,350,343,386,351,351,350,350,350,351,351,350,385,386,351,351,350,385,386,351,351,350,385,386,351,351,350,350,350,350,350,350,350,350,350,350,350,350,350,350,350
n02417914_ILSVRC2012_val_00025982.png,350,350,352,352,352,352,350,352,352,352,352,350,352,352,352,352,350,352,352,352,352,350,350,352,352,352,350,350,352,352,352,350,350,352,352,352,350,352,352,350,352
n02422106_ILSVRC2012_val_00007690.png,351,351,353,353,134,353,351,353,353,353,353,351,353,353,353,353,351,353,353,171,353,351,351,351,353,353,351,351,352,138,353,351,351,351,353,353,351,351,351,353,353
n02422106_ILSVRC2012_val_00020699.png,351,351,351,351,351,351,351,351,352,351,352,351,353,353,353,353,351,351,352,353,353,351,351,353,351,353,351,351,352,351,352,351,351,351,351,352,351,351,351,351,351
n02422106_ILSVRC2012_val_00030075.png,351,351,48,48,363,330,351,48,48,363,298,351,39,48,343,104,351,343,48,298,330,351,351,48,351,330,351,351,48,343,330,351,351,48,350,330,351,351,48,351,331
n02422106_ILSVRC2012_val_00035337.png,351,351,351,352,352,352,351,351,352,352,352,351,353,352,352,352,351,353,351,353,353,351,351,351,352,352,351,351,352,352,352,351,351,352,352,352,351,351,351,351,351
n02422106_ILSVRC2012_val_00037470.png,351,351,351,351,350,350,351,351,351,351,350,351,345,353,350,350,351,351,351,350,350,351,351,351,351,351,351,351,351,351,351,351,351,351,351,350,351,351,351,351,351
n02422106_ILSVRC2012_val_00037816.png,351,351,351,352,352,352,351,351,352,352,352,351,352,352,352,352,351,351,352,352,352,351,351,351,351,352,351,351,351,351,352,351,351,351,351,351,351,351,351,351,351
n02422106_ILSVRC2012_val_00045174.png,351,351,351,730,730,730,351,351,730,343,958,351,730,958,958,958,351,351,958,958,958,351,351,958,351,958,351,351,351,351,958,351,351,352,211,958,351,351,274,351,958
n02422106_ILSVRC2012_val_00049022.png,351,351,350,350,350,350,351,350,350,350,350,351,350,350,350,350,351,350,350,350,350,351,350,350,350,350,351,351,351,351,350,351,351,350,350,350,351,351,351,351,351
n02422699_ILSVRC2012_val_00000127.png,352,352,352,352,352,352,352,352,352,352,352,352,353,353,353,353,352,352,353,353,353,352,352,353,353,353,352,352,353,353,353,352,352,352,352,352,352,352,352,352,352
n02422699_ILSVRC2012_val_00002064.png,352,352,353,353,353,353,352,353,353,353,353,352,353,353,353,353,352,352,353,353,353,352,352,352,352,352,352,352,352,352,352,352,352,352,352,352,352,352,352,352,352
n02422699_ILSVRC2012_val_00009954.png,352,352,271,355,271,355,352,271,271,271,355,352,355,355,355,355,352,355,355,355,355,352,352,355,352,355,352,352,355,352,355,352,353,355,352,353,352,353,355,352,355
n02422699_ILSVRC2012_val_00012297.png,352,352,352,353,352,352,352,352,353,353,353,352,113,353,352,353,352,113,353,353,353,352,352,352,353,353,352,352,353,352,353,352,352,353,352,353,352,352,352,352,352
n02422699_ILSVRC2012_val_00018674.png,352,352,353,353,353,353,352,353,353,353,353,352,353,353,353,353,352,353,353,353,353,352,352,353,353,353,352,352,353,352,353,352,353,353,353,353,352,352,352,352,352
n02422699_ILSVRC2012_val_00032385.png,352,352,352,353,352,353,352,352,353,352,352,352,353,353,353,353,352,353,353,353,353,352,352,353,353,353,352,352,353,352,353,352,352,352,352,353,352,352,352,352,352
n02423022_ILSVRC2012_val_00003655.png,353,353,353,225,353,355,353,353,355,353,355,353,217,170,355,355,353,353,355,355,355,353,353,353,353,353,353,353,173,353,353,353,353,353,353,353,353,353,353,353,353
n02423022_ILSVRC2012_val_00019079.png,353,353,353,353,353,352,353,352,353,352,352,353,352,352,353,352,353,352,352,352,352,353,353,352,353,352,353,353,350,353,352,353,350,353,353,353,353,353,353,353,352
n02437312_ILSVRC2012_val_00005356.png,354,354,354,386,354,99,354,354,385,354,99,354,150,386,355,99,354,354,386,355,99,354,354,354,354,99,354,354,354,354,99,354,354,354,354,99,354,354,354,354,354
n02437312_ILSVRC2012_val_00006200.png,354,354,354,360,342,344,354,354,360,341,112,354,114,360,341,113,354,354,360,341,113,354,354,360,341,113,354,354,360,354,113,354,354,360,341,360,354,354,360,354,354
n02437312_ILSVRC2012_val_00015861.png,354,354,354,355,355,355,354,354,355,354,355,354,250,355,355,355,354,354,355,355,355,354,354,355,355,355,354,354,354,354,355,354,354,354,354,355,354,354,354,354,355
n02437312_ILSVRC2012_val_00019635.png,354,354,354,354,354,355,354,354,355,354,355,354,355,355,354,355,354,354,355,355,355,354,354,355,355,355,354,354,354,354,355,354,354,354,354,354,354,354,354,354,354
n02437312_ILSVRC2012_val_00020137.png,354,354,354,51,354,355,354,354,344,354,354,354,50,51,354,355,354,354,51,355,355,354,354,51,354,355,354,354,51,355,355,354,354,51,354,355,354,354,354,354,355
n02437312_ILSVRC2012_val_00025683.png,354,354,354,730,354,787,354,354,354,354,354,354,730,730,787,787,354,354,730,787,787,354,730,730,354,490,354,354,354,354,354,354,354,730,354,490,354,354,354,354,354
n02437312_ILSVRC2012_val_00035662.png,354,354,355,355,355,355,354,355,355,355,355,354,355,355,355,355,354,355,355,355,355,354,354,355,355,355,354,354,354,355,355,354,354,354,354,354,354,354,354,354,355
n02437312_ILSVRC2012_val_00037772.png,354,354,354,354,349,349,354,342,353,349,349,354,346,353,349,349,354,346,353,349,349,354,346,353,349,349,354,345,353,354,349,354,354,354,354,349,354,354,354,354,349
n02437312_ILSVRC2012_val_00040087.png,354,354,354,354,354,354,354,354,354,354,354,354,611,9,354,9,354,354,354,114,9,354,354,354,354,9,354,354,354,354,354,354,354,354,354,354,354,354,354,354,354
n02437312_ILSVRC2012_val_00049912.png,354,354,354,150,360,357,354,354,150,360,357,354,150,150,357,357,354,354,150,356,357,354,354,150,360,356,354,354,150,354,357,354,354,354,354,356,354,354,150,354,357
n02437616_ILSVRC2012_val_00001050.png,355,355,355,355,355,345,355,355,205,355,690,355,353,353,354,354,355,355,353,354,354,355,355,353,355,355,355,355,282,355,355,355,355,355,355,355,355,355,355,355,355
n02437616_ILSVRC2012_val_00001333.png,355,355,355,354,354,354,355,676,354,354,354,355,676,385,354,354,355,676,385,354,354,355,355,355,354,354,355,676,354,354,354,355,355,355,354,354,355,355,355,354,354
n02437616_ILSVRC2012_val_00003654.png,355,355,355,348,355,349,355,355,348,355,349,355,61,349,349,349,355,355,349,349,349,355,355,355,355,355,355,355,355,355,355,355,355,355,355,349,355,355,355,355,355
n02437616_ILSVRC2012_val_00009205.png,355,355,104,350,350,350,355,104,350,350,350,355,104,350,350,350,355,104,350,350,350,355,355,350,350,350,355,104,350,350,350,355,104,350,350,350,355,104,350,350,350
n02437616_ILSVRC2012_val_00020139.png,355,355,286,344,354,346,355,353,344,365,385,355,352,385,385,385,355,355,385,385,385,355,355,385,355,385,355,355,385,355,343,355,355,385,346,385,355,355,343,355,354
n02437616_ILSVRC2012_val_00020158.png,355,355,355,104,355,299,355,104,353,355,299,355,104,353,270,299,355,104,353,270,299,355,104,355,270,355,355,355,355,270,299,355,355,355,270,299,355,355,355,355,355
n02437616_ILSVRC2012_val_00025221.png,355,355,355,434,903,850,355,355,750,903,265,355,778,721,903,265,355,355,750,903,265,355,355,431,355,355,355,355,265,355,265,355,355,355,355,265,355,355,355,355,265
n02437616_ILSVRC2012_val_00026926.png,355,355,355,354,343,33,355,354,354,342,33,355,354,354,343,33,355,355,354,343,33,355,354,354,184,296,355,354,354,271,33,355,355,354,354,33,355,355,354,343,276
n02437616_ILSVRC2012_val_00029566.png,355,355,355,355,355,190,355,355,354,355,190,355,268,354,355,190,355,355,354,190,190,355,355,355,355,190,355,355,355,355,190,355,355,355,355,190,355,355,355,355,355
n02437616_ILSVRC2012_val_00035823.png,355,355,353,352,353,353,355,353,353,353,353,355,352,352,353,353,355,355,355,352,352,355,353,355,353,353,355,353,355,353,355,355,353,353,355,355,355,355,355,353,353
n02437616_ILSVRC2012_val_00037380.png,355,355,355,47,343,377,355,364,47,367,377,355,12,47,355,377,355,355,47,49,377,355,355,355,355,377,355,355,51,355,377,355,355,355,355,104,355,355,355,355,355
n02437616_ILSVRC2012_val_00039936.png,355,355,345,344,348,348,355,346,344,350,350,355,344,344,350,350,355,344,344,350,350,355,344,344,350,350,355,355,345,355,350,355,355,344,350,350,355,355,343,350,350
n02441942_ILSVRC2012_val_00022151.png,356,356,356,356,356,357,356,356,356,356,356,356,357,357,356,357,356,357,357,358,357,356,358,357,358,357,356,357,357,358,357,356,356,356,356,357,356,356,356,356,357
n02441942_ILSVRC2012_val_00022744.png,356,356,356,356,356,356,356,356,356,356,357,356,358,358,356,356,356,356,356,358,358,356,356,356,356,356,356,356,356,356,356,356,356,356,356,356,356,356,356,356,356
n02441942_ILSVRC2012_val_00024239.png,356,356,356,359,356,334,356,358,356,356,357,356,359,359,356,807,356,356,359,807,807,356,356,356,356,807,356,356,356,356,356,356,356,359,356,356,356,359,359,356,356
n02441942_ILSVRC2012_val_00042483.png,356,356,356,356,356,356,356,356,356,356,356,356,359,359,356,359,356,356,356,359,359,356,356,356,356,356,356,356,356,356,356,356,356,356,356,356,356,356,356,356,356
n02441942_ILSVRC2012_val_00045854.png,356,356,298,357,365,372,356,298,357,365,297,356,297,357,365,297,356,356,357,365,297,356,356,356,365,365,356,356,357,278,276,356,356,357,365,356,356,356,357,356,276
n02442845_ILSVRC2012_val_00002028.png,357,357,357,356,334,358,357,357,356,334,359,357,356,356,356,356,357,356,356,196,359,357,357,357,356,84,357,357,357,357,356,357,357,357,357,356,357,357,357,357,356
n02442845_ILSVRC2012_val_00029078.png,357,357,337,293,103,360,357,135,293,103,360,357,135,293,103,360,357,135,293,103,360,357,135,293,103,360,357,135,293,277,360,357,357,293,103,360,357,135,293,103,360
n02442845_ILSVRC2012_val_00029734.png,357,357,357,936,334,334,357,357,996,361,361,357,356,938,361,361,357,357,937,361,361,357,357,199,361,361,357,357,738,361,361,357,357,356,361,361,357,357,357,361,361
n02442845_ILSVRC2012_val_00043521.png,357,357,336,58,357,358,357,372,48,336,356,357,375,62,23,23,357,373,58,24,356,357,374,62,373,212,357,372,48,24,356,357,356,48,366,360,357,357,298,356,356
n02443114_ILSVRC2012_val_00016220.png,358,358,358,357,337,360,358,358,357,337,360,358,337,357,360,360,358,357,357,337,360,358,358,357,358,360,358,358,358,106,360,358,358,357,358,360,358,358,358,360,360
n02443484_ILSVRC2012_val_00000401.png,359,359,361,219,359,359,359,361,611,359,356,359,361,611,356,356,359,361,611,356,356,359,361,611,356,356,359,361,611,356,356,359,361,611,356,356,359,361,611,359,356
n02443484_ILSVRC2012_val_00006104.png,359,359,334,358,334,334,359,334,358,334,102,359,334,295,334,358,359,334,358,334,102,359,359,358,334,334,359,358,358,334,102,359,358,358,334,334,359,359,358,358,358
n02443484_ILSVRC2012_val_00027914.png,359,359,341,360,338,106,359,342,337,209,106,359,337,360,680,276,359,360,360,680,276,359,359,360,359,276,359,337,360,680,276,359,359,360,680,106,359,209,356,797,797
n02443484_ILSVRC2012_val_00040904.png,359,359,358,358,358,358,359,358,358,358,358,359,357,357,356,358,359,356,358,358,358,359,358,358,358,358,359,358,358,358,358,359,358,358,358,358,359,358,358,358,358
n02443484_ILSVRC2012_val_00041818.png,359,359,359,358,359,359,359,358,358,358,359,359,358,295,358,358,359,358,358,358,358,359,358,358,358,358,359,358,359,359,359,359,358,358,358,358,359,358,358,358,358
n02443484_ILSVRC2012_val_00042850.png,359,359,382,357,333,377,359,281,357,106,359,359,285,357,356,358,359,359,357,357,358,359,359,357,356,356,359,356,357,356,357,359,359,359,359,359,359,359,357,359,359
n02443484_ILSVRC2012_val_00043098.png,359,359,359,357,359,359,359,359,357,358,358,359,356,357,358,358,359,356,357,358,358,359,359,356,358,358,359,359,359,359,358,359,359,359,359,359,359,359,359,359,359
n02444819_ILSVRC2012_val_00004298.png,360,360,337,337,357,357,360,337,337,357,357,360,337,337,357,357,360,360,337,357,357,360,360,337,357,357,360,360,337,356,357,360,360,337,356,357,360,360,337,360,360
n02444819_ILSVRC2012_val_00011216.png,360,360,150,150,337,337,360,150,150,337,337,360,150,150,337,337,360,150,150,337,337,360,150,360,337,337,360,360,150,360,337,360,360,150,360,337,360,150,150,360,337
n02444819_ILSVRC2012_val_00029038.png,360,360,360,537,337,337,360,360,537,337,337,360,186,537,360,337,360,360,537,337,337,360,360,537,360,337,360,360,537,360,360,360,360,360,360,360,360,360,537,360,360
n02444819_ILSVRC2012_val_00032035.png,360,360,360,360,360,360,360,360,360,150,150,360,150,150,150,150,360,360,360,150,150,360,360,360,360,360,360,360,360,360,360,360,360,360,360,360,360,360,360,360,360
n02444819_ILSVRC2012_val_00045491.png,360,360,358,358,360,358,360,358,358,356,358,360,358,358,360,358,360,358,358,356,358,360,356,358,356,358,360,360,360,360,358,360,357,357,357,357,360,360,357,360,357
n02445715_ILSVRC2012_val_00001721.png,361,361,361,6,361,97,361,361,397,361,20,361,140,6,361,20,361,361,6,141,20,361,361,397,361,19,361,361,361,361,361,361,361,361,361,361,361,361,361,361,362
n02445715_ILSVRC2012_val_00011219.png,361,361,377,377,377,374,361,361,361,361,374,361,377,377,361,374,361,361,361,380,374,361,361,377,361,374,361,361,361,361,361,361,361,361,361,380,361,361,361,361,374
n02445715_ILSVRC2012_val_00012283.png,361,361,362,362,361,362,361,362,362,361,362,361,362,362,361,362,361,362,362,123,362,361,361,361,361,362,361,361,361,361,362,361,361,361,361,362,361,361,361,361,362
n02445715_ILSVRC2012_val_00015239.png,361,361,361,700,700,700,361,700,700,361,700,361,700,700,700,700,361,700,700,700,700,361,700,700,700,700,361,700,700,700,700,361,700,700,700,700,361,700,700,700,700
n02445715_ILSVRC2012_val_00015459.png,361,361,361,361,361,239,361,361,239,338,239,361,240,239,240,240,361,239,239,240,240,361,361,361,239,239,361,361,361,239,361,361,361,361,361,240,361,361,361,361,217
n02445715_ILSVRC2012_val_00039135.png,361,361,361,342,334,946,361,342,342,334,946,361,113,342,361,946,361,361,342,946,946,361,361,361,361,946,361,361,361,361,361,361,361,361,361,361,361,361,361,361,361
n02445715_ILSVRC2012_val_00048581.png,361,361,361,918,361,898,361,845,918,680,898,361,845,918,680,680,361,361,918,680,680,361,680,918,680,680,361,361,918,680,680,361,361,918,361,898,361,361,918,361,361
n02445715_ILSVRC2012_val_00049976.png,361,361,361,275,361,214,361,361,336,361,201,361,275,275,361,201,361,361,275,201,201,361,361,361,361,201,361,361,361,361,361,361,361,361,361,361,361,361,361,361,361
n02447366_ILSVRC2012_val_00006734.png,362,362,361,361,383,361,362,361,361,361,361,362,361,361,361,361,362,361,361,361,361,362,362,361,361,361,362,362,361,361,361,362,362,361,362,361,362,362,362,362,361
n02447366_ILSVRC2012_val_00007728.png,362,362,362,39,362,372,362,362,39,362,372,362,998,39,362,372,362,362,39,998,372,362,362,39,362,372,362,362,39,362,372,362,362,362,362,372,362,362,39,362,362
n02447366_ILSVRC2012_val_00023566.png,362,362,362,358,362,336,362,362,358,362,336,362,356,358,362,336,362,362,358,336,336,362,362,362,362,362,362,362,362,362,336,362,362,362,362,362,362,362,362,362,362
n02447366_ILSVRC2012_val_00026422.png,362,362,362,334,362,361,362,335,334,362,361,362,335,334,362,361,362,362,334,611,361,362,362,334,362,361,362,362,362,362,362,362,362,362,362,361,362,362,362,362,362
n02447366_ILSVRC2012_val_00037650.png,362,362,249,249,362,280,362,249,249,383,104,362,249,249,362,104,362,362,249,304,104,362,362,249,362,104,362,362,249,362,104,362,362,249,362,104,362,362,362,362,104
n02447366_ILSVRC2012_val_00039103.png,362,362,362,362,362,362,362,362,358,358,358,362,358,358,358,358,362,362,362,358,358,362,362,362,362,362,362,362,362,362,362,362,362,362,362,362,362,362,362,362,362
n02447366_ILSVRC2012_val_00041647.png,362,362,361,611,109,87,362,361,611,109,87,362,157,611,109,87,362,362,611,109,87,362,157,611,109,87,362,362,611,109,87,362,362,611,362,87,362,362,362,109,87
n02447366_ILSVRC2012_val_00044114.png,362,362,358,358,356,358,362,356,359,358,358,362,358,358,358,358,362,359,359,358,358,362,362,358,358,358,362,359,358,358,358,362,362,359,358,358,362,362,359,358,358
n02454379_ILSVRC2012_val_00011755.png,363,363,522,298,298,298,363,363,298,298,298,363,522,298,298,298,363,522,298,298,298,363,522,298,298,298,363,363,298,298,298,363,363,298,298,298,363,363,298,298,298
n02454379_ILSVRC2012_val_00014288.png,363,363,363,39,363,47,363,363,39,47,47,363,700,39,47,47,363,363,39,47,47,363,363,39,363,47,363,363,363,363,47,363,363,363,363,47,363,363,363,363,363
n02454379_ILSVRC2012_val_00018382.png,363,363,363,109,363,363,363,363,109,363,363,363,108,109,363,112,363,363,109,936,112,363,363,363,363,363,363,363,109,363,363,363,363,363,363,363,363,363,363,363,363
n02454379_ILSVRC2012_val_00020980.png,363,363,39,39,806,806,363,363,48,806,806,363,48,48,806,806,363,363,48,806,806,363,363,48,806,806,363,363,48,363,806,363,363,48,363,806,363,363,48,363,806
n02454379_ILSVRC2012_val_00023679.png,363,363,363,49,49,49,363,363,49,50,50,363,49,49,49,49,363,363,49,49,49,363,363,49,363,49,363,363,49,363,49,363,363,49,363,49,363,363,363,363,49
n02454379_ILSVRC2012_val_00025235.png,363,363,363,51,363,363,363,363,363,363,363,363,51,51,363,341,363,363,363,958,341,363,363,363,363,363,363,363,363,363,363,363,363,363,363,363,363,363,363,363,363
n02454379_ILSVRC2012_val_00036094.png,363,363,363,363,363,363,363,363,344,363,344,363,341,341,341,341,363,363,341,341,341,363,363,363,363,363,363,363,363,363,363,363,363,363,363,363,363,363,363,363,363
n02454379_ILSVRC2012_val_00037901.png,363,363,363,824,363,363,363,363,735,298,298,363,516,591,363,298,363,363,363,298,298,363,363,363,363,363,363,363,363,363,363,363,363,363,363,363,363,363,363,363,363
n02454379_ILSVRC2012_val_00040825.png,363,363,363,298,363,298,363,363,298,298,298,363,298,298,104,104,363,298,298,104,104,363,363,298,104,104,363,363,363,104,104,363,298,298,104,104,363,363,363,104,104
n02454379_ILSVRC2012_val_00047246.png,363,363,363,363,363,363,363,363,363,363,363,363,772,772,363,363,363,363,363,70,328,363,363,363,363,363,363,363,363,363,363,363,363,363,363,363,363,363,363,363,363
n02454379_ILSVRC2012_val_00047889.png,363,363,363,363,363,363,363,363,363,363,363,363,39,39,363,47,363,363,363,489,47,363,363,363,363,363,363,363,363,363,363,363,363,363,363,363,363,363,363,363,363
n02457408_ILSVRC2012_val_00011353.png,364,364,380,372,377,377,364,380,372,377,380,364,370,372,380,380,364,370,372,380,380,364,364,372,380,380,364,364,372,377,380,364,364,372,380,380,364,364,372,377,380
n02457408_ILSVRC2012_val_00030344.png,364,364,381,381,364,381,364,379,381,381,381,364,381,381,381,381,364,381,381,381,381,364,364,381,364,381,364,381,381,381,381,364,364,381,381,381,364,364,381,376,381
n02457408_ILSVRC2012_val_00031363.png,364,364,364,87,364,368,364,364,87,383,24,364,87,87,87,370,364,87,87,370,370,364,87,87,364,370,364,364,364,364,364,364,364,24,364,364,364,364,364,364,364
n02457408_ILSVRC2012_val_00041441.png,364,364,364,133,364,364,364,364,364,364,76,364,929,910,364,644,364,364,840,644,644,364,364,641,364,644,364,364,9,364,364,364,364,364,364,364,364,364,364,364,364
n02457408_ILSVRC2012_val_00044120.png,364,364,364,369,364,369,364,369,369,369,369,364,369,369,369,369,364,369,369,369,369,364,369,369,368,369,364,364,369,364,369,364,364,369,368,369,364,368,369,369,369
n02480495_ILSVRC2012_val_00011425.png,365,365,365,380,379,365,365,365,369,360,369,365,369,369,365,369,365,369,369,360,369,365,365,369,365,365,365,365,369,365,369,365,365,369,365,369,365,365,369,365,369
n02480495_ILSVRC2012_val_00015876.png,365,365,365,376,365,380,365,365,365,365,380,365,376,376,380,380,365,376,376,380,380,365,376,365,380,380,365,365,376,381,380,365,376,376,380,380,365,376,376,380,380
n02480495_ILSVRC2012_val_00020525.png,365,365,365,365,365,365,365,350,368,331,73,365,350,368,365,73,365,365,365,73,73,365,365,365,365,73,365,365,365,73,73,365,365,365,365,73,365,365,365,365,365
n02480495_ILSVRC2012_val_00021352.png,365,365,381,381,381,381,365,365,368,365,365,365,381,368,365,381,365,381,368,381,381,365,365,365,365,381,365,365,368,365,381,365,365,368,365,381,365,365,365,365,381
n02480495_ILSVRC2012_val_00022223.png,365,365,381,381,381,358,365,381,381,372,358,365,381,381,372,358,365,381,381,674,358,365,381,381,372,358,365,381,381,381,358,365,381,381,365,358,365,381,381,381,358
n02480495_ILSVRC2012_val_00028784.png,365,365,381,381,377,377,365,381,381,377,377,365,381,381,377,377,365,381,381,377,377,365,381,381,377,377,365,365,381,377,377,365,381,381,377,377,365,381,381,377,377
n02480495_ILSVRC2012_val_00032080.png,365,365,379,379,380,380,365,379,379,380,380,365,379,379,380,380,365,379,380,380,380,365,379,379,365,380,365,379,379,380,380,365,379,380,380,380,365,379,379,380,380
n02480495_ILSVRC2012_val_00033650.png,365,365,368,368,368,368,365,368,368,368,368,365,368,368,387,368,365,368,368,368,368,365,368,368,368,368,369,368,368,368,368,365,365,368,368,368,365,367,368,191,368
n02480495_ILSVRC2012_val_00037228.png,365,365,43,735,365,997,365,365,885,365,994,365,568,885,365,995,365,568,885,36,995,365,365,568,365,994,365,365,568,36,994,365,365,354,35,995,365,365,339,365,995
n02480495_ILSVRC2012_val_00045304.png,365,365,368,368,368,368,365,368,368,365,368,365,368,368,368,368,365,368,368,368,368,365,368,368,365,368,365,369,368,369,368,365,369,368,369,369,365,368,368,365,369
n02480495_ILSVRC2012_val_00049377.png,365,365,343,385,92,354,365,365,385,346,354,365,242,385,346,354,365,242,385,346,354,365,365,365,365,354,365,365,365,365,354,365,365,365,367,367,365,365,365,365,354
n02480855_ILSVRC2012_val_00005565.png,366,366,366,370,366,372,366,366,370,372,372,366,370,370,366,372,366,366,370,372,372,366,370,370,372,372,366,366,366,366,370,366,366,370,366,370,366,366,370,366,370
n02480855_ILSVRC2012_val_00006141.png,366,366,367,367,367,367,366,367,367,367,367,366,367,367,367,367,366,367,367,367,367,366,367,367,366,367,366,366,367,367,367,366,367,367,367,367,366,367,367,367,367
n02480855_ILSVRC2012_val_00006498.png,366,366,366,367,366,377,366,372,373,367,377,366,377,373,373,380,366,366,373,380,380,366,371,373,366,371,366,366,373,366,371,366,366,373,373,371,366,366,366,366,371
n02480855_ILSVRC2012_val_00011482.png,366,366,366,365,367,380,366,379,379,367,379,366,379,379,379,379,366,379,379,256,379,366,366,379,366,379,366,366,379,366,379,366,366,379,256,379,366,366,366,366,379
n02480855_ILSVRC2012_val_00015064.png,366,366,370,367,367,377,366,370,367,380,380,366,195,367,381,380,366,195,367,380,380,366,195,367,378,380,366,366,367,378,378,366,378,373,378,378,366,370,367,380,380
n02480855_ILSVRC2012_val_00021361.png,366,366,381,381,377,337,366,381,381,377,337,366,381,381,381,337,366,381,381,377,337,366,381,381,377,337,366,381,381,370,337,366,381,381,374,337,366,381,381,377,337
n02480855_ILSVRC2012_val_00022791.png,366,366,366,381,366,369,366,379,379,369,369,366,379,379,369,369,366,379,379,369,369,366,366,379,367,369,366,379,379,369,369,366,379,379,369,369,366,379,379,379,369
n02480855_ILSVRC2012_val_00023514.png,366,366,367,367,367,367,366,367,367,367,367,366,367,367,367,367,366,367,367,367,367,366,367,366,367,367,366,367,367,367,367,366,367,367,367,367,366,367,367,367,367
n02480855_ILSVRC2012_val_00044145.png,366,366,269,372,372,367,366,177,367,372,367,366,169,367,372,367,366,169,367,372,367,366,169,367,372,367,366,177,380,372,367,366,177,367,372,367,366,177,372,372,367
n02480855_ILSVRC2012_val_00047603.png,366,366,367,367,365,367,366,367,367,367,367,366,367,367,367,367,366,367,367,367,367,366,367,367,367,367,366,367,367,367,367,366,367,367,367,367,366,367,367,367,367
n02480855_ILSVRC2012_val_00049323.png,366,366,367,367,367,367,366,367,367,367,367,366,367,367,367,367,366,367,367,367,367,366,366,367,367,367,366,366,366,366,366,366,366,366,367,367,366,366,367,367,367
n02481823_ILSVRC2012_val_00007639.png,367,367,367,370,367,370,367,367,370,370,370,367,370,370,367,370,367,370,370,370,370,367,367,370,370,370,367,367,367,367,370,367,367,367,367,370,367,367,370,367,367
n02481823_ILSVRC2012_val_00015148.png,367,367,366,366,366,366,367,367,366,366,366,367,366,366,366,366,367,366,366,366,366,367,366,366,366,366,367,367,366,367,366,367,367,366,367,366,367,366,366,366,366
n02481823_ILSVRC2012_val_00020642.png,367,367,365,116,365,373,367,365,109,373,373,367,109,125,367,371,367,367,125,373,373,367,367,108,367,371,367,367,125,371,373,367,373,344,373,373,367,367,367,373,373
n02481823_ILSVRC2012_val_00024600.png,367,367,289,293,373,373,367,289,293,373,372,367,293,293,373,373,367,293,293,373,373,367,293,289,373,373,367,293,293,373,286,367,367,293,373,373,367,367,287,367,367
n02481823_ILSVRC2012_val_00032684.png,367,367,367,369,381,377,367,369,369,367,377,367,369,369,367,377,367,367,369,377,377,367,367,367,367,377,367,367,369,377,377,367,367,367,367,377,367,367,369,367,377
n02481823_ILSVRC2012_val_00038769.png,367,367,367,367,367,367,367,367,367,367,367,367,370,371,367,367,367,367,367,374,374,367,367,367,367,367,367,367,367,367,367,367,367,367,367,367,367,367,367,367,367
n02483362_ILSVRC2012_val_00015010.png,368,368,368,368,368,368,368,368,368,368,379,368,21,21,21,364,368,21,21,12,381,368,368,368,368,381,368,368,21,368,368,368,368,368,368,368,368,368,368,368,368
n02483362_ILSVRC2012_val_00025033.png,368,368,383,285,364,364,368,364,289,364,364,368,172,285,364,364,368,172,285,364,364,368,368,285,364,364,368,383,287,364,364,368,383,285,364,364,368,364,285,364,364
n02483362_ILSVRC2012_val_00029465.png,368,368,368,368,368,368,368,368,368,299,353,368,298,384,368,368,368,368,368,83,351,368,368,368,368,368,368,368,368,368,368,368,368,368,368,368,368,368,368,368,368
n02483362_ILSVRC2012_val_00034271.png,368,368,374,374,368,384,368,371,374,368,384,368,370,374,368,384,368,380,374,384,384,368,371,368,384,384,368,368,374,368,384,368,368,374,368,384,368,368,368,368,384
n02483362_ILSVRC2012_val_00035977.png,368,368,372,372,381,381,368,372,381,381,381,368,298,381,381,381,368,298,381,381,381,368,381,381,381,381,368,372,374,381,381,368,372,372,381,381,368,372,372,381,381
n02483708_ILSVRC2012_val_00008179.png,369,369,369,368,369,381,369,369,369,369,375,369,368,368,369,369,369,369,369,375,361,369,369,369,369,369,369,369,369,369,369,369,369,369,369,369,369,369,369,369,369
n02483708_ILSVRC2012_val_00011520.png,369,369,224,366,366,366,369,233,366,366,366,369,676,366,366,366,369,369,366,366,366,369,379,366,366,366,369,379,366,366,366,369,676,366,366,366,369,369,366,366,366
n02483708_ILSVRC2012_val_00031942.png,369,369,368,368,369,19,369,368,368,377,370,369,368,368,13,13,369,368,368,13,13,369,369,368,369,375,369,369,368,369,377,369,369,368,369,369,369,369,369,369,377
n02483708_ILSVRC2012_val_00039346.png,369,369,372,368,367,367,369,368,368,367,367,369,368,368,367,367,369,368,368,367,367,369,368,368,367,367,369,368,368,367,367,369,368,368,367,367,369,368,368,367,367
n02484975_ILSVRC2012_val_00000013.png,370,370,370,371,371,371,370,370,371,370,371,370,371,371,371,371,370,370,371,371,371,370,370,371,371,371,370,370,371,370,370,370,370,370,370,370,370,370,370,371,371
n02484975_ILSVRC2012_val_00000695.png,370,370,370,377,383,370,370,370,380,370,381,370,87,377,23,381,370,87,377,264,381,370,370,377,370,370,370,370,377,361,372,370,370,370,370,370,370,370,377,370,378
n02484975_ILSVRC2012_val_00001824.png,370,370,370,371,370,371,370,370,371,370,371,370,371,371,370,371,370,370,370,174,371,370,370,370,370,371,370,370,370,370,370,370,370,371,370,371,370,370,370,370,370
n02484975_ILSVRC2012_val_00003700.png,370,370,370,375,370,371,370,374,375,370,371,370,374,375,370,371,370,370,375,380,371,370,370,370,370,370,370,370,375,370,371,370,370,370,370,371,370,370,370,370,371
n02484975_ILSVRC2012_val_00003752.png,370,370,370,84,370,366,370,370,85,370,370,370,481,115,370,348,370,86,99,348,348,370,145,115,370,348,370,370,20,370,348,370,370,370,370,370,370,370,20,370,348
n02484975_ILSVRC2012_val_00004683.png,370,370,370,105,380,377,370,371,371,380,380,370,371,212,381,380,370,371,371,380,380,370,370,371,370,380,370,370,371,370,380,370,370,364,370,380,370,370,371,370,377
n02484975_ILSVRC2012_val_00006410.png,370,370,370,370,370,370,370,370,380,370,380,370,380,380,380,380,370,380,380,380,380,370,380,380,380,380,370,370,380,380,380,370,370,370,370,370,370,370,380,380,380
n02484975_ILSVRC2012_val_00037535.png,370,370,381,381,368,374,370,381,381,381,374,370,381,381,368,374,370,381,381,368,374,370,381,381,374,374,370,381,381,381,374,370,381,381,374,374,370,381,381,374,374
n02484975_ILSVRC2012_val_00045413.png,370,370,370,381,370,370,370,381,381,381,382,370,381,381,381,381,370,381,381,381,381,370,370,381,381,381,370,370,384,370,381,370,370,361,370,370,370,370,359,370,381
n02486261_ILSVRC2012_val_00007174.png,371,371,380,380,380,380,371,380,380,380,380,371,380,380,380,380,371,380,380,380,380,371,371,380,371,371,371,371,371,371,380,371,371,380,371,380,371,371,371,371,371
n02486261_ILSVRC2012_val_00007845.png,371,371,373,372,373,373,371,371,373,373,373,371,381,381,373,373,371,381,381,373,373,371,381,381,373,373,371,381,381,373,373,371,371,374,373,373,371,371,373,373,373
n02486261_ILSVRC2012_val_00018639.png,371,371,371,374,381,374,371,371,374,371,374,371,374,374,378,374,371,374,374,378,374,371,371,374,371,374,371,371,374,371,374,371,371,371,371,371,371,371,371,371,374
n02486261_ILSVRC2012_val_00027323.png,371,371,371,373,371,371,371,371,373,371,371,371,380,373,371,376,371,373,373,376,376,371,371,371,371,371,371,371,373,371,376,371,371,371,371,371,371,371,373,371,371
n02486261_ILSVRC2012_val_00033107.png,371,371,373,373,370,370,371,373,373,370,370,371,373,373,370,370,371,373,373,370,370,371,371,371,370,370,371,373,373,370,370,371,371,371,370,370,371,371,373,370,370
n02486261_ILSVRC2012_val_00037467.png,371,371,371,370,371,370,371,371,370,370,370,371,370,370,370,370,371,370,370,370,608,371,371,370,371,370,371,370,370,371,370,371,371,371,371,371,371,371,370,371,371
n02486261_ILSVRC2012_val_00038873.png,371,371,76,76,373,373,371,76,76,373,374,371,76,76,373,378,371,371,76,378,378,371,371,76,371,371,371,371,76,371,381,371,371,381,371,381,371,371,371,371,373
n02486261_ILSVRC2012_val_00048475.png,371,371,370,370,370,380,371,370,370,380,380,371,370,370,381,380,371,370,370,380,380,371,371,371,371,380,371,371,370,380,380,371,371,371,380,380,371,371,371,371,380
n02486410_ILSVRC2012_val_00004227.png,372,372,377,299,380,374,372,333,299,380,380,372,333,374,380,371,372,374,374,380,371,372,371,374,371,371,372,371,374,381,374,372,371,374,381,374,372,372,374,372,374
n02486410_ILSVRC2012_val_00035204.png,372,372,272,293,275,352,372,372,293,353,353,372,353,293,353,353,372,372,293,353,353,372,372,293,353,353,372,372,293,372,353,372,372,293,372,353,372,372,293,372,353
n02486410_ILSVRC2012_val_00046494.png,372,372,364,296,375,299,372,170,296,383,299,372,251,296,383,299,372,383,296,383,299,372,372,296,372,299,372,372,296,372,299,372,372,296,372,299,372,372,296,372,299
n02486410_ILSVRC2012_val_00049974.png,372,372,373,373,373,196,372,373,373,373,373,372,287,373,219,373,372,373,373,219,373,372,372,373,373,373,372,372,372,372,373,372,373,373,373,373,372,372,373,373,373
n02487347_ILSVRC2012_val_00008873.png,373,373,372,372,372,372,373,372,372,372,372,373,372,372,372,372,373,373,372,372,372,373,373,372,373,372,373,373,373,373,372,373,373,373,373,373,373,373,372,372,372
n02487347_ILSVRC2012_val_00018852.png,373,373,381,374,380,382,373,381,374,382,380,373,381,374,380,380,373,381,374,380,380,373,370,374,380,380,373,373,374,373,380,373,381,374,381,380,373,373,374,373,380
n02487347_ILSVRC2012_val_00031750.png,373,373,373,372,373,372,373,373,372,373,372,373,372,372,372,372,373,372,372,372,372,373,372,372,372,372,373,373,372,372,372,373,373,373,373,373,373,373,372,373,372
n02487347_ILSVRC2012_val_00045230.png,373,373,373,373,373,373,373,378,378,373,378,373,378,378,378,378,373,378,378,378,378,373,378,378,373,378,373,373,378,373,378,373,373,378,373,378,373,373,378,373,378
n02488291_ILSVRC2012_val_00001458.png,374,374,370,370,370,380,374,370,370,370,380,374,370,370,370,380,374,370,370,370,380,374,370,370,370,380,374,370,370,370,380,374,374,370,370,380,374,374,370,370,380
n02488291_ILSVRC2012_val_00004617.png,374,374,370,370,370,370,374,370,370,370,370,374,370,370,370,370,374,370,370,937,370,374,374,370,370,370,374,374,370,374,370,374,374,370,374,370,374,374,370,374,370
n02488291_ILSVRC2012_val_00005090.png,374,374,380,380,371,371,374,380,380,371,371,374,380,380,374,371,374,374,380,371,371,374,374,380,371,371,374,377,380,371,371,374,374,380,371,371,374,374,374,374,374
n02488291_ILSVRC2012_val_00032874.png,374,374,380,292,380,380,374,380,292,380,380,374,292,292,380,380,374,377,282,380,380,374,380,371,380,380,374,378,380,377,380,374,380,380,380,380,374,380,285,380,380
n02488291_ILSVRC2012_val_00033951.png,374,374,374,368,374,372,374,374,374,374,372,374,368,368,368,372,374,374,368,116,372,374,374,368,374,372,374,374,374,374,374,374,374,374,374,374,374,374,368,374,372
n02488702_ILSVRC2012_val_00009491.png,375,375,375,370,375,383,375,361,370,375,383,375,434,370,375,384,375,361,370,73,384,375,375,370,375,384,375,375,370,361,384,375,375,375,375,384,375,375,375,375,384
n02488702_ILSVRC2012_val_00010182.png,375,375,375,267,375,368,375,375,355,375,368,375,805,348,805,355,375,375,348,805,355,375,375,375,375,368,375,375,375,375,368,375,375,375,375,368,375,375,375,375,375
n02488702_ILSVRC2012_val_00013280.png,375,375,332,361,361,361,375,375,361,361,361,375,154,361,361,361,375,154,361,361,361,375,375,361,361,361,375,375,361,361,361,375,361,361,361,361,375,377,361,361,361
n02488702_ILSVRC2012_val_00021074.png,375,375,368,368,232,371,375,368,368,380,380,375,368,368,151,371,375,368,383,151,371,375,368,368,151,371,375,375,375,362,371,375,375,375,375,370,375,375,375,364,370
n02488702_ILSVRC2012_val_00021333.png,375,375,375,383,375,375,375,375,370,375,375,375,353,63,375,361,375,375,375,361,361,375,375,375,375,375,375,375,375,375,375,375,375,375,375,375,375,375,375,375,375
n02488702_ILSVRC2012_val_00028290.png,375,375,375,367,375,377,375,375,367,375,377,375,372,367,375,380,375,375,367,572,380,375,375,375,219,377,375,375,367,375,380,375,375,375,375,375,375,375,367,375,377
n02488702_ILSVRC2012_val_00031100.png,375,375,362,370,362,362,375,375,370,370,104,375,370,370,375,104,375,375,370,104,104,375,375,375,375,104,375,375,370,383,383,375,370,375,370,383,375,375,375,375,383
n02488702_ILSVRC2012_val_00042059.png,375,375,375,370,375,979,375,375,370,375,979,375,370,370,49,979,375,375,370,979,979,375,375,370,375,979,375,375,375,375,979,375,375,375,375,979,375,375,375,375,375
n02489166_ILSVRC2012_val_00000495.png,376,376,374,374,376,374,376,374,374,374,381,376,374,374,376,381,376,376,374,381,381,376,376,374,381,381,376,376,376,376,376,376,374,374,381,381,376,376,376,376,381
n02489166_ILSVRC2012_val_00013049.png,376,376,373,373,374,374,376,373,373,374,374,376,373,373,374,374,376,373,373,374,374,376,373,373,374,374,376,373,373,374,374,376,373,373,374,374,376,373,373,374,374
n02489166_ILSVRC2012_val_00015066.png,376,376,376,489,373,373,376,105,489,373,373,376,792,489,376,373,376,376,376,373,373,376,376,376,376,373,376,376,376,373,373,376,376,376,376,373,376,376,376,376,376
n02489166_ILSVRC2012_val_00023802.png,376,376,376,997,376,382,376,376,376,376,108,376,120,120,376,108,376,376,125,940,393,376,376,120,376,124,376,376,376,376,376,376,376,376,376,373,376,376,376,376,376
n02489166_ILSVRC2012_val_00024732.png,376,376,376,373,376,373,376,376,373,373,373,376,151,373,373,373,376,376,373,373,373,376,376,373,376,373,376,376,373,376,373,376,376,373,376,373,376,376,376,376,376
n02489166_ILSVRC2012_val_00026904.png,376,376,376,376,376,375,376,376,374,376,375,376,375,374,376,375,376,376,374,375,375,376,376,376,376,375,376,376,376,376,376,376,376,376,376,376,376,376,376,376,376
n02489166_ILSVRC2012_val_00029721.png,376,376,373,373,373,373,376,373,373,373,373,376,373,373,373,373,376,373,373,373,373,376,376,373,376,373,376,373,373,373,373,376,373,373,373,373,376,373,373,373,373
n02489166_ILSVRC2012_val_00036567.png,376,376,298,335,335,335,376,298,335,335,335,376,298,335,376,335,376,298,335,335,335,376,298,335,376,335,376,335,335,335,335,376,335,335,335,335,376,299,335,335,335
n02489166_ILSVRC2012_val_00041477.png,376,376,374,374,376,380,376,373,374,373,380,376,377,374,376,380,376,376,374,377,380,376,376,376,376,380,376,376,374,376,373,376,376,376,376,376,376,376,376,376,376
n02489166_ILSVRC2012_val_00044076.png,376,376,376,213,372,372,376,376,184,376,372,376,220,213,376,372,376,376,184,372,372,376,376,220,376,372,376,376,376,376,376,376,376,184,376,376,376,376,376,376,376
n02490219_ILSVRC2012_val_00015114.png,377,377,377,368,377,377,377,377,368,377,377,377,368,368,377,380,377,380,368,381,380,377,380,368,380,380,377,377,368,377,377,377,377,380,377,377,377,377,380,377,380
n02490219_ILSVRC2012_val_00020215.png,377,377,368,368,370,380,377,368,368,370,380,377,368,368,380,380,377,368,368,380,380,377,380,368,380,380,377,368,368,380,380,377,380,368,380,380,377,377,368,380,380
n02490219_ILSVRC2012_val_00046674.png,377,377,377,333,377,377,377,378,372,378,378,377,378,378,378,378,377,378,378,378,378,377,377,377,377,378,377,378,378,378,378,377,378,378,377,378,377,377,377,377,378
n02492035_ILSVRC2012_val_00004458.png,378,378,381,381,377,377,378,381,381,377,377,378,381,381,381,377,378,381,381,298,377,378,381,381,378,377,378,381,381,377,377,378,378,378,378,377,378,381,378,378,377
n02492035_ILSVRC2012_val_00014497.png,378,378,381,381,381,76,378,381,381,381,381,378,381,381,381,381,378,381,381,381,381,378,378,381,378,381,378,381,381,378,76,378,381,381,381,381,378,378,381,378,381
n02492035_ILSVRC2012_val_00016946.png,378,378,373,373,381,381,378,373,373,373,374,378,373,373,381,381,378,373,373,381,381,378,373,373,378,374,378,373,373,378,381,378,378,373,378,381,378,378,373,378,374
n02492035_ILSVRC2012_val_00017044.png,378,378,380,374,378,382,378,370,370,382,382,378,370,370,382,382,378,370,370,382,382,378,378,370,378,378,378,378,370,378,382,378,373,378,378,378,378,378,378,378,378
n02492035_ILSVRC2012_val_00021520.png,378,378,378,375,379,375,378,378,375,378,375,378,375,375,375,375,378,375,375,388,375,378,375,375,375,375,378,378,375,378,375,378,378,378,378,375,378,378,375,378,375
n02492035_ILSVRC2012_val_00034322.png,378,378,35,282,365,365,378,262,282,379,379,378,35,292,379,379,378,35,282,379,379,378,337,292,379,379,378,106,281,379,379,378,373,282,381,379,378,106,226,379,379
n02492035_ILSVRC2012_val_00037084.png,378,378,381,381,378,370,378,378,381,378,370,378,382,381,378,370,378,382,381,731,370,378,378,381,378,370,378,378,378,378,370,378,378,378,378,370,378,378,378,378,370
n02492660_ILSVRC2012_val_00017479.png,379,379,377,24,375,379,379,377,24,375,370,379,377,24,375,369,379,377,24,375,369,379,377,24,375,370,379,377,377,375,375,379,380,377,379,380,379,377,377,375,380
n02492660_ILSVRC2012_val_00019099.png,379,379,379,334,364,377,379,381,381,377,382,379,381,381,377,370,379,381,381,377,382,379,379,381,377,382,379,379,381,379,379,379,379,381,379,381,379,381,381,379,380
n02492660_ILSVRC2012_val_00026012.png,379,379,703,41,101,280,379,381,594,274,280,379,594,594,365,280,379,381,594,48,280,379,381,381,381,280,379,381,381,366,280,379,381,381,298,280,379,381,381,381,280
n02492660_ILSVRC2012_val_00029394.png,379,379,381,368,375,369,379,368,368,379,369,379,368,368,375,369,379,368,368,375,369,379,379,369,375,369,379,379,368,379,369,379,368,369,369,369,379,379,368,379,369
n02492660_ILSVRC2012_val_00036365.png,379,379,381,381,379,381,379,381,381,381,381,379,381,381,381,381,379,381,381,381,381,379,381,381,381,381,379,381,381,381,381,379,381,381,381,381,379,379,381,381,381
n02492660_ILSVRC2012_val_00039645.png,379,379,379,369,297,297,379,381,369,297,297,379,367,369,297,297,379,367,369,297,297,379,367,369,297,297,379,367,369,369,297,379,379,369,369,297,379,379,379,297,297
n02492660_ILSVRC2012_val_00047185.png,379,379,379,369,379,367,379,379,369,379,367,379,369,369,379,367,379,369,369,367,367,379,369,369,367,366,379,379,368,379,367,379,379,379,379,367,379,379,379,379,367
n02493509_ILSVRC2012_val_00036851.png,380,380,380,365,380,377,380,380,365,380,380,380,377,611,380,380,380,380,611,377,377,380,380,611,380,380,380,380,611,380,380,380,380,377,380,380,380,380,380,377,377
n02493509_ILSVRC2012_val_00038087.png,380,380,371,611,370,370,380,380,611,370,370,380,371,611,370,370,380,370,611,370,370,380,380,611,370,370,380,371,611,370,370,380,370,611,370,370,380,380,611,370,370
n02493509_ILSVRC2012_val_00043467.png,380,380,380,381,365,381,380,380,381,381,381,380,381,381,381,381,380,381,381,381,381,380,380,380,381,381,380,381,381,381,381,380,380,380,381,381,380,381,381,381,381
n02493793_ILSVRC2012_val_00016117.png,381,381,381,369,370,370,381,369,369,370,370,381,369,369,370,370,381,369,369,370,370,381,381,381,370,370,381,381,381,370,370,381,381,369,370,370,381,381,381,370,370
n02494079_ILSVRC2012_val_00002579.png,382,382,382,381,382,382,382,374,381,382,380,382,374,374,383,383,382,374,381,383,384,382,374,374,383,380,382,382,381,382,383,382,382,374,382,380,382,382,381,382,380
n02494079_ILSVRC2012_val_00012247.png,382,382,380,380,380,380,382,380,380,380,380,382,377,380,362,380,382,377,380,362,377,382,380,380,380,380,382,382,380,362,380,382,380,380,362,380,382,382,382,382,380
n02494079_ILSVRC2012_val_00021798.png,382,382,568,611,194,287,382,267,611,249,292,382,267,611,248,286,382,267,611,249,286,382,267,611,249,286,382,382,611,382,382,382,181,611,382,286,382,382,611,382,382
n02494079_ILSVRC2012_val_00037738.png,382,382,382,201,382,364,382,382,196,382,364,382,589,201,793,364,382,589,226,793,364,382,382,187,382,364,382,382,201,793,364,382,382,182,793,364,382,382,201,793,364
n02494079_ILSVRC2012_val_00045893.png,382,382,381,381,382,374,382,381,381,381,381,382,381,381,381,381,382,381,381,381,381,382,381,381,381,381,382,382,381,381,381,382,381,381,382,381,382,382,381,382,381
n02494079_ILSVRC2012_val_00046565.png,382,382,382,534,382,373,382,382,87,363,373,382,534,534,534,373,382,534,534,534,373,382,534,534,534,371,382,382,534,382,373,382,382,534,534,373,382,534,534,534,373
n02497673_ILSVRC2012_val_00015502.png,383,383,261,249,261,174,383,261,279,196,174,383,261,279,261,174,383,261,279,174,174,383,261,279,174,174,383,261,279,174,174,383,261,279,174,174,383,383,279,383,174
n02497673_ILSVRC2012_val_00026623.png,383,383,383,383,383,383,383,383,383,383,383,383,380,384,383,384,383,383,384,384,384,383,383,384,383,384,383,383,383,383,384,383,383,383,383,384,383,383,383,383,383
n02500267_ILSVRC2012_val_00003500.png,384,384,105,105,105,105,384,105,105,105,105,384,105,105,105,105,384,105,105,105,105,384,105,105,105,105,384,105,105,105,105,384,105,105,105,105,384,105,105,105,105
n02500267_ILSVRC2012_val_00008415.png,384,384,384,368,364,364,384,384,383,815,364,384,104,904,815,364,384,384,384,815,364,384,384,904,384,364,384,384,105,105,364,384,384,384,105,364,384,384,384,384,364
n02500267_ILSVRC2012_val_00015304.png,384,384,364,364,375,375,384,364,364,375,375,384,364,364,375,375,384,364,364,375,375,384,364,364,375,375,384,364,364,375,375,384,364,364,364,375,384,364,364,375,375
n02500267_ILSVRC2012_val_00016556.png,384,384,815,904,364,364,384,379,815,364,364,384,990,904,364,364,384,364,815,364,364,384,384,904,364,364,384,384,381,364,364,384,384,384,364,364,384,379,815,364,364
n02500267_ILSVRC2012_val_00034541.png,384,384,384,368,368,375,384,368,368,368,375,384,368,368,368,375,384,368,368,374,375,384,368,368,374,375,384,384,368,374,375,384,384,368,368,375,384,384,384,374,374
n02500267_ILSVRC2012_val_00043257.png,384,384,384,105,368,368,384,105,105,381,381,384,105,105,381,381,384,384,105,381,381,384,105,105,368,368,384,105,105,368,381,384,384,105,376,376,384,384,105,374,374
n02500267_ILSVRC2012_val_00046312.png,384,384,384,105,105,105,384,105,105,105,105,384,341,105,105,105,384,384,105,105,105,384,384,105,384,105,384,384,105,105,105,384,384,105,105,105,384,105,105,105,105
n02504013_ILSVRC2012_val_00010713.png,385,385,386,431,386,23,385,386,431,386,386,385,386,431,386,386,385,386,431,386,386,385,386,431,386,386,385,386,386,386,386,385,386,386,386,386,385,386,229,386,386
n02504013_ILSVRC2012_val_00011247.png,385,385,386,386,23,205,385,386,386,386,205,385,20,386,386,386,385,386,386,386,386,385,385,386,386,386,385,386,386,386,386,385,386,386,386,386,385,386,386,386,386
n02504013_ILSVRC2012_val_00034664.png,385,385,386,386,386,386,385,386,386,386,386,385,386,386,386,386,385,386,386,386,386,385,385,386,386,386,385,386,386,386,386,385,386,386,386,386,385,386,386,385,386
n02504013_ILSVRC2012_val_00035137.png,385,385,386,611,386,386,385,160,611,101,386,385,160,611,101,101,385,160,611,101,101,385,160,611,101,386,385,386,611,101,101,385,386,611,101,101,385,101,611,101,101
n02504013_ILSVRC2012_val_00035479.png,385,385,177,212,87,87,385,177,212,87,386,385,534,212,181,386,385,534,212,87,386,385,534,212,51,386,385,153,212,87,386,385,181,212,87,386,385,181,212,386,386
n02504013_ILSVRC2012_val_00037615.png,385,385,386,386,386,386,385,386,386,386,386,385,386,620,386,386,385,386,508,386,386,385,386,51,386,386,385,386,51,386,386,385,386,681,385,386,385,386,386,386,386
n02504458_ILSVRC2012_val_00001958.png,386,386,385,344,342,101,386,385,385,385,101,386,385,385,101,101,386,385,385,179,101,386,385,385,385,101,386,386,385,386,385,386,386,385,101,385,386,386,385,101,101
n02504458_ILSVRC2012_val_00015578.png,386,386,386,385,385,385,386,386,385,101,101,386,385,385,385,385,386,385,385,385,385,386,385,385,385,385,386,386,385,385,385,386,385,385,385,385,386,386,385,386,385
n02504458_ILSVRC2012_val_00034562.png,386,386,385,385,385,385,386,385,385,385,101,386,385,385,101,385,386,385,385,730,730,386,385,385,386,101,386,385,385,101,385,386,386,385,386,385,386,386,385,386,101
n02509815_ILSVRC2012_val_00008712.png,387,387,380,219,365,358,387,265,219,259,359,387,151,219,387,358,387,151,266,230,358,387,387,265,387,387,387,387,219,260,358,387,387,265,387,358,387,387,265,387,358
n02509815_ILSVRC2012_val_00012160.png,387,387,387,387,387,387,387,387,387,387,387,387,816,611,387,356,387,387,611,772,356,387,387,387,387,358,387,387,387,387,387,387,387,387,387,387,387,387,387,387,387
n02509815_ILSVRC2012_val_00018367.png,387,387,387,387,387,387,387,387,387,387,387,387,356,359,387,387,387,387,387,388,388,387,387,387,387,387,387,387,387,387,387,387,387,387,387,387,387,387,387,387,387
n02509815_ILSVRC2012_val_00018974.png,387,387,358,359,387,358,387,387,359,358,358,387,356,359,387,358,387,387,359,359,358,387,387,358,387,358,387,387,387,387,358,387,387,358,387,358,387,387,387,387,358
n02509815_ILSVRC2012_val_00027481.png,387,387,387,387,387,387,387,387,387,387,387,387,769,794,387,387,387,387,387,772,356,387,387,387,387,387,387,387,387,387,387,387,387,387,387,387,387,387,387,387,387
n02509815_ILSVRC2012_val_00037975.png,387,387,387,276,387,387,387,387,276,387,356,387,271,276,387,356,387,271,276,356,356,387,387,276,387,356,387,387,276,387,387,387,387,276,387,278,387,387,387,387,387
n02509815_ILSVRC2012_val_00045029.png,387,387,387,219,387,294,387,387,151,387,271,387,721,750,387,271,387,387,750,298,272,387,387,750,387,387,387,387,387,387,272,387,387,387,387,387,387,387,387,387,387
n02510455_ILSVRC2012_val_00007107.png,388,388,388,388,388,388,388,388,388,388,388,388,813,813,388,457,388,388,388,457,457,388,388,388,388,388,388,388,388,388,388,388,388,388,388,388,388,388,388,388,388
n02510455_ILSVRC2012_val_00008673.png,388,388,388,388,388,478,388,388,478,478,478,388,478,478,478,478,388,478,478,478,478,388,388,388,478,478,388,388,388,388,478,388,388,388,388,478,388,388,388,388,388
n02510455_ILSVRC2012_val_00012726.png,388,388,388,296,850,397,388,388,388,388,397,388,296,296,388,397,388,388,388,893,0,388,388,388,388,397,388,388,388,388,397,388,388,388,388,388,388,388,388,388,388
n02510455_ILSVRC2012_val_00012855.png,388,388,825,448,203,164,388,448,448,448,275,388,611,448,611,164,388,611,448,611,237,388,388,448,388,448,388,388,388,388,225,388,388,388,388,166,388,388,388,388,388
n02510455_ILSVRC2012_val_00014668.png,388,388,295,294,375,294,388,388,294,388,295,388,295,294,388,295,388,295,294,171,295,388,388,294,388,295,388,388,294,388,295,388,388,294,388,295,388,388,294,388,294
n02510455_ILSVRC2012_val_00021336.png,388,388,388,388,388,388,388,388,388,388,388,388,387,387,388,388,388,388,388,850,850,388,388,387,388,388,388,388,388,388,388,388,388,388,388,388,388,388,388,388,388
n02510455_ILSVRC2012_val_00023272.png,388,388,284,254,284,212,388,208,254,245,219,388,208,254,254,208,388,208,254,805,208,388,388,254,254,208,388,388,254,388,208,388,388,254,388,254,388,388,254,388,388
n02510455_ILSVRC2012_val_00025586.png,388,388,109,107,850,474,388,109,107,808,474,388,109,107,237,824,388,109,107,237,474,388,109,109,850,474,388,341,107,911,474,388,109,296,388,474,388,109,388,388,474
n02510455_ILSVRC2012_val_00031650.png,388,388,388,388,388,151,388,388,388,388,388,388,939,387,388,388,388,388,388,574,939,388,388,388,388,939,388,388,388,388,939,388,388,388,388,939,388,388,388,388,388
n02510455_ILSVRC2012_val_00032206.png,388,388,276,342,106,106,388,275,336,269,342,388,342,342,341,342,388,342,342,341,341,388,388,342,388,341,388,276,342,276,276,388,342,342,342,342,273,276,342,342,342
n02510455_ILSVRC2012_val_00042190.png,388,388,388,388,388,388,388,388,388,388,388,388,296,296,388,179,388,388,388,457,179,388,388,388,388,179,388,388,388,388,388,388,388,388,388,388,388,388,388,388,388
n02510455_ILSVRC2012_val_00045697.png,388,388,388,611,87,87,388,388,611,388,87,388,784,611,388,388,388,388,611,710,710,388,388,611,388,388,388,388,611,388,388,388,388,611,388,388,388,388,611,388,388
n02510455_ILSVRC2012_val_00048200.png,388,388,217,217,297,377,388,217,217,297,380,388,217,217,217,380,388,217,217,380,380,388,388,217,387,380,388,388,217,297,380,388,212,217,380,380,388,217,217,384,380
n02514041_ILSVRC2012_val_00019293.png,389,389,395,395,796,391,389,389,395,796,391,389,395,395,389,391,389,389,395,796,391,389,389,389,389,395,389,389,389,389,391,389,389,389,389,391,389,389,389,389,391
n02514041_ILSVRC2012_val_00019306.png,389,389,389,389,389,389,389,395,395,395,395,389,395,395,395,395,389,395,395,395,395,389,389,395,395,395,389,389,389,389,395,389,395,395,395,395,389,389,395,389,395
n02514041_ILSVRC2012_val_00021708.png,389,389,389,389,389,389,389,389,389,389,389,389,394,394,389,395,389,389,394,700,395,389,389,389,389,389,389,389,389,389,389,389,389,389,389,389,389,389,389,389,389
n02514041_ILSVRC2012_val_00030179.png,389,389,395,395,0,0,389,395,395,0,0,389,395,395,0,0,389,395,395,0,0,389,395,395,0,389,389,395,395,0,0,389,395,395,389,0,389,395,395,0,0
n02526121_ILSVRC2012_val_00010825.png,390,390,390,33,32,65,390,390,61,32,66,390,54,56,32,54,390,390,56,32,54,390,390,390,390,390,390,390,390,35,390,390,390,52,390,52,390,390,390,390,390
n02526121_ILSVRC2012_val_00032665.png,390,390,390,109,390,112,390,116,611,112,112,390,947,611,390,112,390,390,611,112,112,390,390,611,390,112,390,390,611,390,112,390,390,611,390,112,390,390,611,390,112
n02526121_ILSVRC2012_val_00034488.png,390,390,365,397,390,103,390,205,397,103,103,390,205,394,103,103,390,224,394,103,103,390,214,125,103,103,390,103,394,103,103,390,103,390,103,103,390,214,394,103,103
n02526121_ILSVRC2012_val_00037407.png,390,390,390,390,390,390,390,390,103,114,103,390,611,150,114,150,390,611,150,114,150,390,390,390,114,150,390,611,150,114,150,390,390,150,114,150,390,390,150,114,150
n02526121_ILSVRC2012_val_00041211.png,390,390,65,65,390,65,390,65,65,65,65,390,65,65,65,65,390,65,65,65,65,390,65,65,65,65,390,38,38,65,65,390,65,65,65,65,390,65,65,65,65
n02536864_ILSVRC2012_val_00002859.png,391,391,391,391,391,394,391,389,394,394,394,391,394,394,394,394,391,394,394,394,394,391,391,394,394,394,391,394,394,394,394,391,391,394,394,394,391,391,394,394,394
n02536864_ILSVRC2012_val_00009273.png,391,391,979,979,346,472,391,979,344,391,472,391,646,394,391,472,391,646,394,346,472,391,391,394,391,389,391,391,394,36,394,391,391,394,394,391,391,391,391,391,391
n02536864_ILSVRC2012_val_00018813.png,391,391,394,395,395,395,391,391,395,395,395,391,61,395,395,395,391,391,395,395,395,391,391,395,395,395,391,394,395,395,395,391,391,395,395,395,391,391,395,395,395
n02536864_ILSVRC2012_val_00019063.png,391,391,391,391,391,391,391,391,394,389,389,391,394,394,389,389,391,391,394,389,389,391,391,394,391,391,391,391,394,394,389,391,391,394,389,389,391,391,394,391,389
n02536864_ILSVRC2012_val_00025391.png,391,391,362,394,104,0,391,229,394,103,0,391,338,394,103,0,391,362,394,103,0,391,391,394,104,0,391,99,394,0,0,391,383,394,384,0,391,330,394,363,0
n02536864_ILSVRC2012_val_00037371.png,391,391,391,391,391,389,391,828,828,431,389,391,828,828,431,389,391,391,828,431,389,391,391,0,391,389,391,828,828,391,389,391,391,828,391,389,391,391,828,391,389
n02536864_ILSVRC2012_val_00037692.png,391,391,394,394,389,389,391,394,394,389,389,391,394,394,389,389,391,394,394,389,389,391,391,394,389,389,391,394,394,389,389,391,394,394,389,389,391,394,394,389,389
n02536864_ILSVRC2012_val_00040726.png,391,391,389,389,793,389,391,389,389,793,389,391,395,389,793,389,391,395,389,793,389,391,389,389,793,389,391,389,389,793,389,391,389,389,793,389,391,391,389,391,389
n02536864_ILSVRC2012_val_00040798.png,391,391,391,394,391,394,391,391,394,391,394,391,394,394,394,394,391,391,394,394,394,391,391,394,394,394,391,391,394,394,394,391,391,394,394,394,391,391,394,394,394
n02536864_ILSVRC2012_val_00046522.png,391,391,391,394,395,391,391,391,394,395,395,391,394,394,395,395,391,394,394,395,395,391,394,394,395,395,391,391,394,391,391,391,391,394,391,391,391,391,394,391,391
n02536864_ILSVRC2012_val_00047892.png,391,391,389,389,474,389,391,391,389,389,389,391,389,389,389,389,391,391,389,570,389,391,391,391,391,389,391,391,391,391,389,391,391,391,391,389,391,391,391,391,389
n02536864_ILSVRC2012_val_00048832.png,391,391,391,389,389,389,391,391,389,389,389,391,395,389,389,389,391,391,389,389,389,391,391,389,389,389,391,391,391,391,389,391,391,389,391,389,391,391,391,391,389
n02536864_ILSVRC2012_val_00049399.png,391,391,467,363,865,865,391,362,363,865,865,391,333,363,865,865,391,568,363,865,865,391,454,582,865,865,391,467,363,865,865,391,250,389,865,865,391,359,363,865,865
n02536864_ILSVRC2012_val_00049740.png,391,391,389,394,389,389,391,394,394,394,389,391,394,394,5,389,391,394,394,5,389,391,394,394,391,389,391,389,394,5,389,391,394,394,391,389,391,394,394,394,389
n02536864_ILSVRC2012_val_00049936.png,391,391,391,807,391,389,391,395,807,363,389,391,395,807,389,389,391,395,807,363,389,391,391,807,395,389,391,395,807,389,389,391,391,807,389,389,391,391,395,391,389
n02606052_ILSVRC2012_val_00001051.png,392,392,392,392,392,110,392,392,973,392,110,392,937,973,392,110,392,392,392,110,110,392,392,973,392,392,392,392,392,392,110,392,392,973,392,110,392,392,392,392,392
n02606052_ILSVRC2012_val_00001189.png,392,392,390,390,392,390,392,392,390,392,390,392,113,390,392,124,392,392,390,122,124,392,392,392,392,392,392,392,392,392,124,392,392,392,392,392,392,392,392,392,124
n02606052_ILSVRC2012_val_00003598.png,392,392,392,973,392,393,392,973,973,973,393,392,109,973,328,393,392,392,973,328,393,392,392,973,392,393,392,392,392,392,393,392,392,392,392,392,392,392,392,392,393
n02606052_ILSVRC2012_val_00005856.png,392,392,392,392,392,392,392,392,392,392,392,392,937,971,392,392,392,392,392,217,393,392,392,392,392,392,392,392,392,392,392,392,392,392,392,392,392,392,392,392,392
n02606052_ILSVRC2012_val_00025871.png,392,392,392,393,219,911,392,392,393,219,911,392,393,393,217,911,392,392,393,217,911,392,392,392,392,911,392,392,393,219,911,392,392,392,219,911,392,392,392,392,392
n02606052_ILSVRC2012_val_00031004.png,392,392,735,109,973,911,392,658,109,973,911,392,533,109,973,911,392,533,973,973,911,392,533,109,973,911,392,392,973,973,658,392,392,973,392,658,392,392,973,392,658
n02606052_ILSVRC2012_val_00033801.png,392,392,392,392,392,392,392,392,393,393,393,392,393,393,392,393,392,392,392,393,393,392,392,392,392,392,392,392,392,392,392,392,392,392,392,392,392,392,392,392,392
n02606052_ILSVRC2012_val_00033908.png,392,392,392,392,392,392,392,392,109,392,393,392,107,109,392,392,392,392,109,393,393,392,392,392,392,392,392,392,109,392,392,392,392,109,392,392,392,392,392,392,392
n02606052_ILSVRC2012_val_00034051.png,392,392,392,749,392,1,392,392,1,1,1,392,393,1,392,1,392,393,392,1,1,392,392,392,392,1,392,392,1,1,1,392,1,392,1,1,392,393,1,392,1
n02606052_ILSVRC2012_val_00042242.png,392,392,392,392,392,96,392,392,393,392,96,392,155,393,392,96,392,392,392,496,96,392,392,392,392,88,392,392,392,392,96,392,392,392,392,392,392,392,392,392,96
n02606052_ILSVRC2012_val_00044959.png,392,392,392,815,392,392,392,392,815,392,393,392,815,815,392,392,392,392,815,237,393,392,392,392,392,392,392,392,815,392,392,392,392,392,392,392,392,392,392,392,392
n02607072_ILSVRC2012_val_00003033.png,393,393,794,971,107,971,393,794,712,107,971,393,794,712,971,971,393,393,107,971,971,393,393,393,393,393,393,393,712,971,971,393,393,393,393,971,393,393,393,393,971
n02607072_ILSVRC2012_val_00023677.png,393,393,393,393,393,1,393,393,393,393,1,393,1,392,1,392,393,1,392,1,63,393,393,393,393,392,393,1,393,393,392,393,393,393,393,393,393,393,393,393,392
n02607072_ILSVRC2012_val_00039839.png,393,393,393,973,393,973,393,973,973,973,973,393,973,973,393,973,393,973,973,973,973,393,973,973,393,973,393,393,393,973,973,393,393,973,973,973,393,393,393,393,973
n02607072_ILSVRC2012_val_00042058.png,393,393,393,973,973,973,393,973,973,973,973,393,807,973,393,973,393,393,973,973,996,393,393,973,393,973,393,393,393,393,393,393,393,973,973,973,393,393,973,393,393
n02640242_ILSVRC2012_val_00004784.png,394,394,6,109,6,109,394,397,109,397,397,394,390,109,397,397,394,390,109,397,397,394,394,109,397,397,394,394,109,397,109,394,394,109,397,397,394,394,109,397,397
n02640242_ILSVRC2012_val_00007895.png,394,394,395,395,394,390,394,389,395,389,390,394,472,395,394,390,394,394,395,463,390,394,389,395,394,390,394,394,394,394,390,394,394,394,394,390,394,394,394,394,390
n02640242_ILSVRC2012_val_00020563.png,394,394,394,389,389,389,394,389,389,389,389,394,0,389,394,389,394,394,389,377,389,394,394,394,394,394,394,394,394,394,394,394,394,394,394,394,394,394,394,394,394
n02640242_ILSVRC2012_val_00032369.png,394,394,394,395,389,389,394,389,395,389,389,394,389,395,389,389,394,389,395,389,389,394,394,395,389,389,394,389,395,389,389,394,389,395,389,389,394,394,395,389,389
n02640242_ILSVRC2012_val_00036484.png,394,394,394,431,395,395,394,394,431,391,391,394,758,431,395,395,394,394,431,395,395,394,394,516,389,395,394,394,431,394,394,394,394,431,394,394,394,394,394,394,394
n02640242_ILSVRC2012_val_00048433.png,394,394,395,395,394,395,394,395,395,391,395,394,395,395,394,395,394,395,395,391,395,394,395,395,395,395,394,394,395,394,395,394,394,395,394,394,394,394,395,394,395
n02641379_ILSVRC2012_val_00012179.png,395,395,395,394,389,395,395,395,394,391,3,395,394,394,394,394,395,395,394,180,394,395,395,394,51,394,395,395,395,395,395,395,395,394,395,394,395,395,394,395,395
n02641379_ILSVRC2012_val_00022970.png,395,395,395,394,395,394,395,395,611,395,394,395,115,611,395,394,395,390,611,394,394,395,395,611,395,394,395,394,611,394,394,395,395,611,394,394,395,395,611,395,394
n02641379_ILSVRC2012_val_00031703.png,395,395,395,391,395,395,395,395,391,395,394,395,391,611,395,394,395,395,395,394,394,395,395,395,395,394,395,395,395,395,394,395,395,395,395,394,395,395,395,395,394
n02641379_ILSVRC2012_val_00038033.png,395,395,395,389,395,389,395,54,389,395,389,395,54,389,395,389,395,395,389,621,389,395,395,389,395,389,395,65,389,65,389,395,395,389,395,389,395,395,389,395,389
n02641379_ILSVRC2012_val_00047270.png,395,395,395,394,395,395,395,395,394,395,394,395,110,394,395,394,395,394,394,394,394,395,395,394,394,394,395,395,394,395,394,395,395,395,395,395,395,395,395,395,395
n02643566_ILSVRC2012_val_00017008.png,396,396,396,396,396,7,396,396,396,396,214,396,340,340,396,396,396,396,396,197,205,396,396,396,396,396,396,396,396,396,396,396,396,396,396,396,396,396,396,396,396
n02643566_ILSVRC2012_val_00018784.png,396,396,396,611,396,973,396,973,973,973,109,396,109,611,396,109,396,109,611,329,109,396,396,611,396,109,396,973,611,396,109,396,396,611,396,109,396,396,611,396,109
n02643566_ILSVRC2012_val_00020622.png,396,396,328,328,328,328,396,328,328,328,328,396,328,328,396,328,396,396,328,328,328,396,396,396,396,328,396,396,396,396,328,396,396,396,396,328,396,396,328,396,328
n02643566_ILSVRC2012_val_00026234.png,396,396,396,84,396,396,396,396,319,396,396,396,97,320,396,396,396,396,319,797,824,396,396,396,396,396,396,396,396,396,396,396,396,396,396,396,396,396,396,396,396
n02643566_ILSVRC2012_val_00031194.png,396,396,396,611,396,396,396,396,611,973,973,396,973,611,973,973,396,973,611,109,109,396,396,611,109,973,396,396,611,973,973,396,396,611,396,973,396,396,973,973,973
n02643566_ILSVRC2012_val_00034998.png,396,396,396,340,65,65,396,396,340,123,38,396,340,340,340,38,396,340,340,797,38,396,396,340,396,38,396,396,340,396,396,396,396,396,396,396,396,396,396,396,396
n02655020_ILSVRC2012_val_00011123.png,397,397,973,109,397,973,397,109,109,973,973,397,109,109,397,973,397,973,973,973,973,397,109,109,397,397,397,397,973,397,397,397,397,973,397,397,397,397,397,397,397
n02655020_ILSVRC2012_val_00011321.png,397,397,328,328,328,328,397,328,328,328,334,397,328,328,328,328,397,328,328,328,334,397,397,328,328,334,397,397,328,328,334,397,397,328,328,334,397,397,397,328,334
n02655020_ILSVRC2012_val_00014195.png,397,397,48,397,390,390,397,397,397,397,397,397,56,390,397,397,397,397,397,390,390,397,397,397,397,397,397,397,397,397,397,397,397,397,397,397,397,397,397,397,397
n02655020_ILSVRC2012_val_00027264.png,397,397,33,360,51,33,397,387,103,33,51,397,368,103,149,149,397,850,103,149,149,397,377,397,149,149,397,360,103,149,149,397,397,360,149,149,397,360,337,149,149
n02655020_ILSVRC2012_val_00034545.png,397,397,6,6,288,48,397,397,397,293,293,397,6,6,48,48,397,6,6,293,48,397,397,6,293,293,397,397,6,293,48,397,397,6,293,48,397,397,397,293,48
n02666196_ILSVRC2012_val_00000417.png,398,398,398,398,398,398,398,398,398,398,398,398,464,464,398,398,398,398,398,584,772,398,398,398,398,398,398,398,398,398,398,398,398,398,398,398,398,398,398,398,398
n02666196_ILSVRC2012_val_00008875.png,398,398,398,398,398,398,398,398,398,398,398,398,620,458,398,398,398,398,398,202,559,398,398,398,398,398,398,398,398,398,398,398,398,398,398,398,398,398,398,398,398
n02666196_ILSVRC2012_val_00009486.png,398,398,398,398,398,398,398,398,398,398,398,398,440,878,398,907,398,398,398,401,709,398,398,398,398,398,398,398,398,398,398,398,398,398,398,398,398,398,398,398,398
n02666196_ILSVRC2012_val_00026930.png,398,398,398,398,398,398,398,398,398,398,398,398,256,439,398,855,398,398,439,822,822,398,543,439,543,822,398,398,398,398,398,398,398,398,398,398,398,398,398,398,398
n02666196_ILSVRC2012_val_00037785.png,398,398,583,643,583,990,398,492,773,643,990,398,514,773,863,990,398,492,773,643,990,398,398,398,398,398,398,398,398,398,398,398,398,398,398,398,398,398,398,398,990
n02666196_ILSVRC2012_val_00047691.png,398,398,398,398,398,398,398,398,398,398,398,398,731,794,398,398,398,398,398,435,421,398,398,398,398,398,398,398,398,398,398,398,398,398,398,398,398,398,398,398,398
n02667093_ILSVRC2012_val_00011829.png,399,399,834,689,834,834,399,601,601,834,906,399,601,601,906,906,399,689,689,906,906,399,689,399,399,614,399,689,689,906,906,399,399,689,399,906,399,601,689,399,906
n02667093_ILSVRC2012_val_00045608.png,399,399,501,501,501,568,399,501,501,501,568,399,501,501,501,568,399,501,501,568,568,399,399,501,501,568,399,501,568,568,568,399,501,885,568,568,399,399,885,568,568
n02669723_ILSVRC2012_val_00047254.png,400,400,400,454,400,454,400,400,400,400,400,400,869,451,400,400,400,400,400,667,451,400,400,400,400,400,400,400,400,400,400,400,400,400,400,400,400,400,400,400,400
n02672831_ILSVRC2012_val_00001431.png,401,401,401,401,401,652,401,401,401,401,401,401,225,214,401,652,401,401,401,796,652,401,401,401,401,401,401,401,401,401,401,401,401,401,401,401,401,401,401,401,401
n02672831_ILSVRC2012_val_00003980.png,401,401,401,611,401,401,401,401,611,401,401,401,432,611,683,513,401,401,611,683,513,401,401,611,401,401,401,432,611,401,776,401,401,611,401,401,401,401,611,401,401
n02672831_ILSVRC2012_val_00004424.png,401,401,401,401,401,401,401,401,401,401,401,401,228,594,401,401,401,401,401,840,840,401,401,401,401,401,401,401,401,401,401,401,401,401,401,401,401,401,401,401,401
n02672831_ILSVRC2012_val_00016925.png,401,401,401,611,401,401,401,401,611,401,401,401,611,611,401,401,401,401,611,364,615,401,401,611,401,401,401,401,611,401,401,401,401,611,401,401,401,401,401,401,401
n02672831_ILSVRC2012_val_00034116.png,401,401,402,402,546,402,401,420,402,546,402,401,402,402,546,402,401,401,402,819,402,401,401,402,401,402,401,401,402,401,402,401,401,401,401,401,401,401,402,401,402
n02676566_ILSVRC2012_val_00002837.png,402,402,546,611,546,402,402,402,611,402,402,402,714,611,611,714,402,714,611,40,714,402,402,611,402,402,402,402,611,402,714,402,402,611,402,402,402,402,611,402,402
n02676566_ILSVRC2012_val_00003441.png,402,402,402,420,402,420,402,402,402,402,402,402,420,420,402,420,402,402,402,116,420,402,402,420,402,402,402,402,402,402,402,402,402,402,402,402,402,402,402,402,402
n02676566_ILSVRC2012_val_00008735.png,402,402,402,464,402,402,402,402,402,402,402,402,594,464,402,402,402,402,402,714,714,402,402,402,402,714,402,402,402,402,402,402,402,402,402,402,402,402,402,402,402
n02676566_ILSVRC2012_val_00025639.png,402,402,546,420,420,420,402,420,420,420,420,402,786,420,402,420,402,420,420,700,420,402,402,402,402,420,402,546,420,402,402,402,402,402,402,402,402,402,402,402,402
n02676566_ILSVRC2012_val_00037509.png,402,402,402,611,999,546,402,402,611,402,546,402,611,611,999,402,402,402,611,700,546,402,611,611,402,402,402,611,611,999,402,402,402,611,999,402,402,402,611,402,402
n02676566_ILSVRC2012_val_00048632.png,402,402,546,546,402,546,402,546,611,546,546,402,51,611,546,546,402,546,611,529,546,402,402,611,402,546,402,546,611,402,546,402,402,611,402,402,402,402,611,402,546
n02687172_ILSVRC2012_val_00003679.png,403,403,562,404,833,404,403,812,404,51,404,403,812,404,404,404,403,833,404,404,404,403,404,404,404,404,403,812,404,404,404,403,404,404,404,404,403,404,404,404,404
n02687172_ILSVRC2012_val_00009104.png,403,403,833,833,833,833,403,833,833,833,833,403,833,833,833,833,403,833,833,833,833,403,403,833,833,833,403,403,403,403,833,403,403,833,833,833,403,403,833,833,833
n02687172_ILSVRC2012_val_00015544.png,403,403,403,628,403,628,403,403,628,628,628,403,484,628,628,628,403,403,628,628,628,403,403,628,536,628,403,403,628,403,628,403,403,628,403,628,403,403,628,403,628
n02687172_ILSVRC2012_val_00023116.png,403,403,403,403,403,403,403,628,628,628,628,403,628,628,628,628,403,628,628,628,628,403,628,628,628,628,403,403,628,403,628,403,403,628,403,628,403,403,628,403,628
n02687172_ILSVRC2012_val_00026456.png,403,403,403,628,628,628,403,403,628,628,628,403,628,628,628,628,403,628,628,628,628,403,628,628,628,628,403,628,628,628,628,403,403,628,628,628,403,403,628,403,628
n02687172_ILSVRC2012_val_00029651.png,403,403,536,694,833,833,403,536,628,833,833,403,449,694,833,833,403,833,694,833,833,403,536,694,833,833,403,536,536,833,833,403,833,628,833,833,403,536,536,833,833
n02687172_ILSVRC2012_val_00041500.png,403,403,724,724,724,724,403,724,724,724,724,403,724,724,724,724,403,724,724,724,724,403,724,724,724,724,403,403,724,724,724,403,403,862,403,724,403,403,403,403,403
n02687172_ILSVRC2012_val_00041910.png,403,403,833,510,554,628,403,403,510,554,628,403,510,510,554,628,403,510,510,554,628,403,403,403,403,628,403,403,403,403,628,403,403,403,403,403,403,403,403,403,628
n02687172_ILSVRC2012_val_00046511.png,403,403,403,833,403,833,403,403,833,403,833,403,833,833,833,833,403,833,833,833,833,403,833,833,403,833,403,833,833,833,833,403,833,833,833,833,403,403,403,403,833
n02690373_ILSVRC2012_val_00014425.png,404,404,895,611,895,895,404,404,611,404,895,404,895,611,404,404,404,404,611,895,895,404,404,611,404,404,404,404,611,404,404,404,404,611,404,404,404,404,611,404,404
n02690373_ILSVRC2012_val_00023781.png,404,404,404,611,4,404,404,908,611,404,908,404,908,611,908,908,404,908,611,6,908,404,404,611,908,908,404,404,611,895,895,404,404,611,404,895,404,404,611,404,895
n02690373_ILSVRC2012_val_00026189.png,404,404,404,611,555,555,404,555,611,554,554,404,555,611,555,554,404,555,611,554,554,404,555,611,554,554,404,404,611,404,625,404,625,611,625,625,404,404,611,404,625
n02690373_ILSVRC2012_val_00030319.png,404,404,908,611,908,908,404,908,611,908,404,404,611,611,404,404,404,908,611,908,908,404,404,611,404,404,404,404,611,404,404,404,404,611,404,404,404,404,611,404,404
n02690373_ILSVRC2012_val_00030411.png,404,404,404,611,404,404,404,404,611,404,404,404,744,611,404,908,404,657,611,250,908,404,404,611,404,908,404,404,611,404,404,404,404,611,404,404,404,404,611,404,404
n02690373_ILSVRC2012_val_00032804.png,404,404,404,404,404,404,404,404,404,404,404,404,769,908,404,404,404,404,404,908,908,404,404,404,404,908,404,404,404,404,404,404,404,404,404,404,404,404,404,404,404
n02690373_ILSVRC2012_val_00033441.png,404,404,895,908,812,895,404,812,908,812,895,404,744,908,812,895,404,404,908,657,895,404,895,908,895,895,404,895,895,700,895,404,812,908,895,895,404,744,908,895,895
n02690373_ILSVRC2012_val_00040547.png,404,404,908,611,404,404,404,908,611,908,908,404,700,611,908,908,404,908,611,908,908,404,404,611,404,404,404,404,611,404,404,404,404,611,404,404,404,404,611,404,404
n02690373_ILSVRC2012_val_00048111.png,404,404,404,611,404,404,404,404,611,404,404,404,611,611,404,404,404,404,611,744,908,404,404,611,404,404,404,404,611,404,404,404,404,611,404,404,404,404,611,404,404
n02692877_ILSVRC2012_val_00014239.png,405,405,768,770,801,770,405,405,768,405,770,405,768,768,405,770,405,768,768,97,434,405,405,405,405,796,405,405,405,405,405,405,405,405,405,405,405,405,405,405,405
n02692877_ILSVRC2012_val_00020020.png,405,405,405,405,405,404,405,405,404,405,404,405,404,404,404,404,405,404,404,404,404,405,405,405,405,405,405,405,404,405,404,405,404,404,404,404,405,405,405,405,404
n02692877_ILSVRC2012_val_00021968.png,405,405,405,908,701,797,405,908,908,701,797,405,908,908,701,797,405,908,908,701,797,405,405,795,405,750,405,405,701,701,750,405,405,405,701,750,405,405,405,701,797
n02692877_ILSVRC2012_val_00026359.png,405,405,755,50,405,24,405,755,109,23,24,405,755,36,405,755,405,405,36,9,24,405,405,109,405,391,405,405,5,405,318,405,405,36,405,50,405,405,109,405,36
n02699494_ILSVRC2012_val_00000961.png,406,406,406,406,406,406,406,406,406,406,406,406,857,497,406,857,406,406,406,857,857,406,406,406,406,406,406,406,406,406,406,406,406,406,406,406,406,406,406,406,406
n02699494_ILSVRC2012_val_00021990.png,406,406,406,406,406,406,406,406,497,406,497,406,497,497,406,497,406,406,497,687,497,406,406,497,406,497,406,406,406,406,406,406,406,406,406,406,406,406,406,406,406
n02699494_ILSVRC2012_val_00030020.png,406,406,406,497,406,497,406,406,406,406,497,406,497,497,497,497,406,406,497,497,497,406,406,406,406,406,406,406,406,406,406,406,406,406,406,406,406,406,406,406,406
n02699494_ILSVRC2012_val_00030992.png,406,406,406,406,406,406,406,406,687,406,687,406,687,687,687,687,406,687,687,687,687,406,406,406,406,687,406,406,406,406,406,406,406,406,406,687,406,406,406,406,406
n02699494_ILSVRC2012_val_00039633.png,406,406,406,406,406,406,406,406,406,406,406,406,497,497,497,497,406,406,406,497,497,406,406,406,406,406,406,406,497,406,497,406,406,406,406,406,406,406,406,406,406
n02701002_ILSVRC2012_val_00001910.png,407,407,407,407,407,656,407,407,407,656,656,407,654,654,654,654,407,407,407,656,656,407,407,407,407,407,407,407,407,407,654,407,407,407,407,654,407,407,407,407,407
n02701002_ILSVRC2012_val_00013686.png,407,407,407,407,407,407,407,407,407,407,407,407,734,734,407,734,407,407,734,734,734,407,734,734,407,734,407,407,407,407,407,407,407,407,407,407,407,407,407,407,407
n02701002_ILSVRC2012_val_00018957.png,407,407,407,407,407,407,407,407,407,407,407,407,654,654,407,407,407,407,407,734,734,407,407,407,407,407,407,407,407,407,407,407,407,407,407,407,407,407,407,407,407
n02701002_ILSVRC2012_val_00025443.png,407,407,407,407,864,864,407,407,407,864,555,407,867,734,407,555,407,407,407,228,555,407,675,675,675,656,407,407,407,407,407,407,407,407,407,407,407,407,407,407,407
n02701002_ILSVRC2012_val_00026354.png,407,407,407,407,407,407,407,407,407,407,407,407,734,734,407,734,407,407,407,734,734,407,407,407,407,407,407,407,407,407,407,407,407,407,407,407,407,407,407,407,407
n02701002_ILSVRC2012_val_00032219.png,407,407,407,407,407,407,407,407,407,407,407,407,734,734,407,407,407,407,407,734,734,407,407,407,407,407,407,407,407,407,407,407,407,407,407,407,407,407,407,407,407
n02704792_ILSVRC2012_val_00004205.png,408,408,408,913,408,803,408,408,913,408,408,408,403,913,913,569,408,408,408,569,569,408,408,913,408,569,408,408,913,408,847,408,408,408,408,408,408,408,408,408,408
n02704792_ILSVRC2012_val_00008360.png,408,408,408,436,436,436,408,436,436,408,436,408,436,581,436,436,408,436,436,436,436,408,436,436,408,436,408,408,436,436,436,408,408,436,436,436,408,408,436,408,436
n02704792_ILSVRC2012_val_00021040.png,408,408,468,468,468,468,408,468,468,468,468,408,779,779,468,468,408,468,468,468,468,408,408,408,751,751,408,408,705,705,468,408,468,779,751,468,408,705,779,468,751
n02704792_ILSVRC2012_val_00026950.png,408,408,408,847,586,847,408,847,847,847,847,408,657,847,847,847,408,847,847,471,471,408,408,408,408,408,408,408,847,408,847,408,408,408,408,408,408,408,408,408,408
n02704792_ILSVRC2012_val_00030917.png,408,408,408,814,450,814,408,814,814,472,814,408,814,814,472,814,408,814,814,472,814,408,814,814,472,814,408,408,814,472,814,408,814,814,472,472,408,814,814,472,814
n02704792_ILSVRC2012_val_00034843.png,408,408,586,586,408,876,408,586,586,408,876,408,586,586,408,876,408,408,586,876,435,408,408,408,408,408,408,408,408,408,408,408,408,408,408,408,408,408,408,408,408
n02708093_ILSVRC2012_val_00004360.png,409,409,685,611,107,635,409,685,611,635,635,409,685,611,835,826,409,685,611,826,826,409,685,611,635,826,409,409,611,409,826,409,409,611,826,826,409,409,611,635,826
n02727426_ILSVRC2012_val_00012219.png,410,410,410,423,594,599,410,410,410,410,599,410,891,891,741,599,410,410,891,765,599,410,410,891,765,599,410,410,857,410,410,410,410,891,410,410,410,410,410,410,410
n02727426_ILSVRC2012_val_00015129.png,410,410,373,580,904,76,410,904,580,410,38,410,287,421,74,38,410,298,743,40,38,410,350,350,39,38,410,410,904,410,410,410,410,580,580,410,410,410,410,410,410
n02727426_ILSVRC2012_val_00017703.png,410,410,355,491,410,410,410,188,696,660,660,410,181,697,410,660,410,410,915,660,660,410,410,697,410,660,410,355,410,410,410,410,410,410,410,410,410,410,410,410,660
n02727426_ILSVRC2012_val_00019225.png,410,410,410,533,954,954,410,410,533,954,954,410,775,533,954,954,410,410,533,954,954,410,410,911,410,954,410,410,533,410,410,410,410,410,410,410,410,410,410,410,410
n02727426_ILSVRC2012_val_00019772.png,410,410,410,124,410,471,410,410,124,539,471,410,124,124,611,471,410,124,124,471,471,410,410,124,410,471,410,410,410,410,471,410,410,410,410,471,410,410,410,410,410
n02727426_ILSVRC2012_val_00041842.png,410,410,766,850,766,766,410,410,765,766,766,410,938,520,766,766,410,410,520,766,766,410,410,520,766,766,410,410,741,410,766,410,410,410,766,766,410,410,410,410,766
n02730930_ILSVRC2012_val_00000771.png,411,411,669,669,669,669,411,411,669,669,669,411,669,669,669,669,411,669,669,669,669,411,638,669,669,669,411,411,669,411,669,411,669,462,411,669,411,411,411,411,669
n02730930_ILSVRC2012_val_00019514.png,411,411,411,639,411,639,411,411,411,411,411,411,639,639,411,411,411,411,639,639,639,411,411,411,411,411,411,411,411,411,411,411,411,411,411,411,411,411,411,411,411
n02730930_ILSVRC2012_val_00025021.png,411,411,797,797,411,728,411,797,797,728,728,411,797,797,728,728,411,797,797,728,728,411,411,797,411,728,411,411,797,728,728,411,797,797,411,728,411,411,411,411,728
n02730930_ILSVRC2012_val_00027993.png,411,411,411,639,411,796,411,411,639,411,796,411,639,433,796,796,411,411,639,796,796,411,411,639,411,796,411,639,639,411,796,411,411,411,411,411,411,411,411,411,411
n02730930_ILSVRC2012_val_00047847.png,411,411,411,898,411,411,411,411,883,411,419,411,697,804,411,419,411,411,898,419,419,411,411,411,411,411,411,411,411,411,411,411,411,411,411,411,411,411,411,411,411
n02747177_ILSVRC2012_val_00009320.png,412,412,440,753,440,907,412,753,753,440,907,412,753,753,440,440,412,753,753,440,907,412,753,753,440,440,412,753,753,440,440,412,753,753,907,440,412,753,753,412,440
n02747177_ILSVRC2012_val_00021981.png,412,862,406,406,857,406,412,406,406,406,406,412,406,857,857,406,412,406,857,857,406,412,406,857,406,406,412,406,857,708,406,412,406,406,708,406,412,406,406,406,406
n02747177_ILSVRC2012_val_00049737.png,412,412,412,790,502,704,412,412,588,704,704,412,463,790,704,826,412,412,790,826,826,412,412,412,412,412,412,412,412,412,412,412,412,412,412,412,412,412,790,412,826
n02749479_ILSVRC2012_val_00000790.png,413,413,420,776,491,843,413,420,420,843,843,413,971,420,420,843,413,880,420,843,843,413,413,413,361,843,413,413,413,413,843,413,413,413,413,843,413,420,420,764,843
n02749479_ILSVRC2012_val_00003684.png,413,764,413,764,413,764,413,764,764,413,764,413,764,563,413,764,413,764,413,579,764,413,413,413,413,413,413,413,413,413,413,413,413,413,413,413,413,413,764,413,764
n02749479_ILSVRC2012_val_00038946.png,413,413,847,199,652,541,413,413,76,541,541,413,835,593,541,541,413,413,593,541,541,413,413,764,541,541,413,413,764,413,541,413,413,197,413,413,413,413,786,413,541
n02769748_ILSVRC2012_val_00042327.png,414,414,748,859,772,772,414,76,662,674,772,414,695,662,772,772,414,636,662,772,772,414,600,662,772,772,414,636,813,772,772,414,636,597,772,772,414,636,662,772,772
n02776631_ILSVRC2012_val_00047838.png,415,415,415,467,509,509,415,415,118,509,509,415,932,118,509,509,415,415,118,509,509,415,415,118,509,509,415,415,118,509,509,415,932,118,509,509,415,415,118,509,509
n02777292_ILSVRC2012_val_00025802.png,416,416,416,645,416,602,416,602,602,602,602,416,602,602,416,602,416,416,602,843,602,416,416,416,416,416,416,416,416,416,602,416,416,130,416,416,416,416,602,416,379
n02777292_ILSVRC2012_val_00026742.png,416,416,416,850,151,741,416,702,850,151,750,416,602,616,382,602,416,416,658,382,702,416,702,850,702,602,416,702,539,368,702,416,602,850,602,702,416,602,850,416,602
n02777292_ILSVRC2012_val_00032537.png,416,416,416,702,416,702,416,416,702,702,702,416,702,702,416,702,416,416,702,702,702,416,416,702,702,702,416,416,416,416,416,416,416,416,416,702,416,416,416,416,702
n02782093_ILSVRC2012_val_00004812.png,417,417,584,611,721,721,417,721,611,721,721,417,405,405,750,721,417,405,405,721,721,417,417,417,750,750,417,417,417,721,721,417,607,417,721,721,417,701,701,721,721
n02782093_ILSVRC2012_val_00015674.png,417,417,417,417,417,417,417,417,417,417,417,417,900,900,417,417,417,417,417,900,900,417,417,417,417,417,417,417,417,417,417,417,417,417,417,417,417,417,417,417,417
n02782093_ILSVRC2012_val_00016021.png,417,417,417,755,755,405,417,417,900,417,405,417,900,900,417,405,417,417,657,405,405,417,417,417,417,417,417,417,417,417,417,417,417,417,417,417,417,417,417,417,417
n02782093_ILSVRC2012_val_00031463.png,417,417,417,879,879,879,417,879,879,879,879,417,879,879,879,879,417,879,879,879,879,417,417,417,417,417,417,417,417,879,879,417,417,417,417,417,417,417,701,417,701
n02783161_ILSVRC2012_val_00011574.png,418,418,447,745,418,418,418,745,745,673,745,418,745,745,745,745,418,745,745,745,745,418,745,745,745,745,418,418,418,418,418,418,418,745,418,745,418,418,397,418,418
n02783161_ILSVRC2012_val_00016313.png,418,418,767,769,623,623,418,767,769,777,777,418,767,769,623,623,418,767,769,623,623,418,418,769,623,623,418,623,623,623,623,418,418,418,623,777,418,418,767,623,623
n02786058_ILSVRC2012_val_00019076.png,419,419,419,911,816,796,419,542,911,808,796,419,433,911,796,796,419,433,911,594,796,419,419,911,419,796,419,876,911,911,796,419,433,911,806,796,419,433,911,452,796
n02787622_ILSVRC2012_val_00000388.png,420,420,420,420,420,420,420,420,420,420,420,420,819,819,420,420,420,420,420,691,691,420,420,420,420,420,420,420,420,420,420,420,420,420,420,420,420,420,420,420,420
n02787622_ILSVRC2012_val_00008213.png,420,420,420,420,420,420,420,420,546,401,487,420,546,589,420,420,420,420,589,401,590,420,420,420,420,487,420,420,420,420,420,420,420,420,420,546,420,420,420,420,420
n02787622_ILSVRC2012_val_00008976.png,420,420,420,420,420,420,420,420,650,420,819,420,819,650,420,420,420,420,650,819,650,420,420,420,420,420,420,420,420,420,420,420,420,420,420,420,420,420,420,420,420
n02787622_ILSVRC2012_val_00009566.png,420,420,420,490,420,612,420,787,490,420,612,420,670,490,420,420,420,420,490,612,612,420,420,420,420,420,420,420,611,420,420,420,420,420,420,420,420,420,420,420,420
n02787622_ILSVRC2012_val_00017811.png,420,420,420,420,420,420,420,420,420,420,420,420,655,655,420,420,420,420,420,655,655,420,420,420,420,420,420,420,420,420,420,420,420,420,420,420,420,420,420,420,420
n02787622_ILSVRC2012_val_00032950.png,420,420,748,721,748,588,420,420,431,420,588,420,588,431,414,588,420,588,588,414,588,420,420,520,414,420,420,420,420,420,420,420,420,420,420,420,420,420,420,420,420
n02787622_ILSVRC2012_val_00035574.png,420,420,420,420,420,420,420,420,420,420,420,420,782,700,420,700,420,420,700,700,700,420,420,420,420,420,420,420,420,420,420,420,420,420,420,420,420,420,420,420,420
n02787622_ILSVRC2012_val_00046266.png,420,420,420,420,420,420,420,420,420,420,420,420,683,61,420,420,420,420,420,515,808,420,420,420,420,420,420,420,420,420,420,420,420,420,420,420,420,420,420,420,420
n02788148_ILSVRC2012_val_00027018.png,421,421,556,556,564,741,421,421,556,564,564,421,556,556,564,564,421,421,564,564,564,421,421,421,564,564,421,421,556,564,564,421,421,421,564,564,421,421,421,421,564
n02788148_ILSVRC2012_val_00039705.png,421,421,877,894,687,687,421,421,750,421,687,421,477,797,421,506,421,421,564,506,506,421,421,750,421,421,421,421,421,421,421,421,421,794,421,421,421,421,564,421,421
n02788148_ILSVRC2012_val_00044953.png,421,421,556,915,556,729,421,421,915,421,729,421,556,915,729,534,421,556,915,534,534,421,556,915,520,790,421,556,915,421,729,421,421,669,421,534,421,421,794,729,729
n02790996_ILSVRC2012_val_00015490.png,422,422,747,747,788,526,422,747,747,882,526,422,747,747,882,526,422,747,747,882,526,422,422,747,882,526,422,422,747,422,532,422,422,747,422,526,422,422,747,422,422
n02791124_ILSVRC2012_val_00007789.png,423,423,423,467,423,669,423,423,467,423,467,423,169,467,423,467,423,423,423,424,424,423,423,423,423,423,423,423,423,423,794,423,423,423,423,423,423,423,423,423,423
n02791124_ILSVRC2012_val_00011110.png,423,423,423,523,423,423,423,423,423,423,559,423,570,523,559,559,423,570,559,559,559,423,423,514,423,559,423,423,423,423,423,423,423,765,765,559,423,570,423,559,765
n02791124_ILSVRC2012_val_00026295.png,423,423,423,748,423,423,423,423,591,423,423,423,659,591,423,423,423,423,591,424,424,423,423,750,423,423,423,423,748,423,423,423,423,423,423,423,423,423,591,423,423
n02791124_ILSVRC2012_val_00031805.png,423,423,423,865,788,788,423,865,865,788,857,423,806,865,788,424,423,423,865,788,424,423,423,865,788,423,423,423,850,423,423,423,423,865,424,423,423,423,865,423,424
n02791270_ILSVRC2012_val_00008235.png,424,424,424,424,424,424,424,424,663,853,706,424,415,415,415,415,424,424,415,129,706,424,424,424,424,706,424,424,424,424,424,424,424,424,424,706,424,424,424,424,424
n02793495_ILSVRC2012_val_00000693.png,425,425,425,425,425,425,425,425,497,425,425,425,406,497,425,449,425,425,497,449,449,425,425,497,425,425,425,425,425,425,425,425,425,425,425,449,425,425,425,425,449
n02793495_ILSVRC2012_val_00010548.png,425,425,425,858,425,449,425,425,858,449,449,425,449,858,449,449,425,449,858,449,449,425,449,858,449,449,425,425,858,425,449,425,425,425,425,449,425,425,858,449,449
n02793495_ILSVRC2012_val_00011475.png,425,425,425,425,425,425,425,425,425,425,425,425,347,347,425,425,425,425,425,233,233,425,425,425,425,425,425,425,425,425,425,425,425,425,425,425,425,425,425,425,425
n02793495_ILSVRC2012_val_00024346.png,425,425,425,425,425,425,425,425,425,425,425,425,672,580,425,425,425,425,425,449,449,425,425,425,425,425,425,425,425,425,425,425,425,425,425,425,425,425,425,425,425
n02793495_ILSVRC2012_val_00033448.png,425,425,425,425,425,425,425,425,425,425,425,425,611,565,425,425,425,425,565,539,840,425,425,425,425,840,425,425,565,425,425,425,425,425,425,425,425,425,425,425,425
n02793495_ILSVRC2012_val_00037035.png,425,425,425,668,538,668,425,538,668,668,668,425,668,668,668,668,425,425,668,668,668,425,425,668,425,668,425,425,668,425,668,425,425,668,425,668,425,425,668,425,668
n02793495_ILSVRC2012_val_00037067.png,425,425,425,449,425,425,425,425,425,425,425,425,449,449,425,425,425,449,449,373,970,425,449,425,449,970,425,425,425,449,449,425,425,425,425,425,425,425,425,425,970
n02794156_ILSVRC2012_val_00006528.png,426,426,635,635,426,798,426,635,635,635,798,426,635,635,798,798,426,426,635,798,798,426,635,635,635,798,426,635,635,426,798,426,635,635,798,798,426,635,635,426,798
n02794156_ILSVRC2012_val_00006960.png,426,426,823,823,420,618,426,823,618,618,618,426,589,473,426,426,426,618,618,949,618,426,426,426,426,426,426,426,426,426,813,426,426,426,426,426,426,426,426,426,426
n02794156_ILSVRC2012_val_00007803.png,426,426,426,778,426,778,426,778,778,426,778,426,778,778,778,778,426,778,778,778,778,426,778,778,778,778,426,426,426,426,778,426,426,426,778,778,426,426,426,426,426
n02794156_ILSVRC2012_val_00014484.png,426,426,635,635,426,892,426,635,635,635,635,426,635,635,892,892,426,635,635,892,892,426,635,635,892,892,426,426,635,892,892,426,635,635,892,892,426,426,635,892,892
n02794156_ILSVRC2012_val_00014876.png,426,426,426,835,426,426,426,426,426,426,426,426,790,791,426,426,426,426,426,114,778,426,426,426,426,426,426,426,426,426,426,426,426,426,426,426,426,426,426,426,426
n02794156_ILSVRC2012_val_00028271.png,426,426,426,426,577,778,426,778,778,778,778,426,778,778,778,778,426,778,778,778,778,426,426,426,426,778,426,426,426,426,778,426,426,778,778,778,426,426,778,426,778
n02794156_ILSVRC2012_val_00039070.png,426,426,426,826,426,426,426,426,826,426,778,426,826,826,426,778,426,426,426,778,778,426,426,426,426,426,426,426,426,426,426,426,426,426,426,426,426,426,426,426,426
n02795169_ILSVRC2012_val_00013778.png,427,427,427,109,427,588,427,427,109,958,588,427,998,109,958,588,427,427,109,958,588,427,427,109,427,427,427,427,328,427,588,427,427,109,427,427,427,427,634,427,427
n02795169_ILSVRC2012_val_00025956.png,427,427,427,363,427,750,427,363,363,427,191,427,363,363,427,191,427,427,363,756,191,427,427,363,427,191,427,427,363,427,750,427,427,363,427,750,427,427,363,427,427
n02795169_ILSVRC2012_val_00038485.png,427,427,427,917,919,917,427,917,917,491,917,427,471,700,734,917,427,427,700,734,781,427,427,427,427,427,427,427,427,427,781,427,427,427,427,781,427,427,427,427,427
n02795169_ILSVRC2012_val_00041862.png,427,427,427,427,427,788,427,427,427,427,429,427,987,729,427,788,427,427,427,114,709,427,427,427,427,788,427,427,427,427,641,427,427,427,427,427,427,427,427,427,427
n02797295_ILSVRC2012_val_00019109.png,428,428,428,428,428,428,428,428,843,428,264,428,227,263,263,428,428,235,263,253,264,428,428,230,428,263,428,428,428,428,428,428,428,428,428,428,428,428,537,428,428
n02797295_ILSVRC2012_val_00031124.png,428,428,870,476,541,541,428,428,690,428,541,428,870,476,428,541,428,870,476,541,541,428,428,428,428,428,428,428,428,428,428,428,428,428,428,428,428,428,428,428,428
n02797295_ILSVRC2012_val_00031279.png,428,47,381,381,108,611,428,382,381,90,611,428,380,381,611,611,428,428,381,125,611,428,428,370,428,611,428,428,381,428,611,428,428,374,428,611,428,428,374,428,611
n02797295_ILSVRC2012_val_00032004.png,428,428,428,428,412,428,428,428,428,428,144,428,870,444,428,870,428,428,428,604,870,428,428,428,428,428,428,428,428,428,428,428,428,428,428,428,428,428,428,428,428
n02797295_ILSVRC2012_val_00049734.png,428,428,791,791,428,573,428,573,791,573,573,428,791,791,573,573,428,791,791,573,573,428,428,870,428,573,428,428,791,428,573,428,428,428,428,573,428,428,791,428,573
n02799071_ILSVRC2012_val_00001468.png,429,429,429,328,429,429,429,429,429,429,429,429,112,721,429,429,429,429,429,939,941,429,429,429,429,429,429,429,429,429,429,429,429,429,429,429,429,429,429,429,429
n02799071_ILSVRC2012_val_00011579.png,429,429,429,58,429,344,429,429,58,429,58,429,58,58,429,137,429,429,429,142,337,429,429,429,429,429,429,429,429,429,429,429,429,58,429,99,429,429,429,429,429
n02799071_ILSVRC2012_val_00012189.png,429,429,429,429,429,429,429,429,852,429,429,429,852,852,429,429,429,852,852,722,722,429,429,429,429,429,429,429,429,429,429,429,429,429,429,429,429,429,429,429,429
n02799071_ILSVRC2012_val_00021134.png,429,429,429,883,883,883,429,429,429,641,719,429,508,620,429,673,429,429,673,620,673,429,429,429,429,429,429,429,429,429,673,429,429,508,429,508,429,429,429,429,429
n02799071_ILSVRC2012_val_00026506.png,429,429,429,429,429,429,429,429,895,429,429,429,784,403,429,429,429,429,403,403,450,429,429,429,429,429,429,429,429,429,429,429,429,429,429,429,429,429,429,429,429
n02799071_ILSVRC2012_val_00027589.png,429,429,429,562,429,562,429,562,562,562,460,429,694,562,562,562,429,460,562,408,460,429,562,562,562,562,429,693,693,429,460,429,429,429,429,833,429,433,433,429,694
n02799071_ILSVRC2012_val_00027800.png,429,429,429,574,429,574,429,429,429,429,574,429,574,574,429,574,429,429,429,574,574,429,429,429,429,429,429,429,429,429,429,429,429,429,429,429,429,429,429,429,429
n02799071_ILSVRC2012_val_00040705.png,429,429,429,884,429,429,429,429,363,429,988,429,507,507,988,988,429,429,507,988,988,429,429,429,429,988,429,429,429,429,988,429,429,429,988,988,429,429,429,429,429
n02799071_ILSVRC2012_val_00043101.png,429,429,429,429,429,429,429,429,429,429,429,429,750,3,429,768,429,429,429,669,768,429,429,2,429,429,429,429,429,429,429,429,429,429,429,429,429,429,429,429,429
n02799071_ILSVRC2012_val_00046471.png,429,429,429,429,429,429,429,429,69,429,107,429,452,69,429,107,429,429,429,51,107,429,429,429,429,107,429,429,429,429,429,429,429,429,429,429,429,429,429,429,429
n02802426_ILSVRC2012_val_00003674.png,430,430,981,981,981,981,430,890,890,430,890,430,890,890,430,890,430,430,890,890,890,430,430,430,430,890,430,430,890,430,890,430,430,890,430,890,430,430,430,430,890
n02802426_ILSVRC2012_val_00005182.png,430,430,430,768,768,768,430,768,768,768,768,430,768,768,768,768,430,768,768,768,768,430,430,430,430,430,430,430,430,430,430,430,430,430,430,430,430,430,430,430,430
n02802426_ILSVRC2012_val_00015397.png,430,430,430,981,430,805,430,430,805,430,890,430,615,805,805,890,430,430,805,890,890,430,430,805,430,890,430,430,805,430,430,430,430,805,430,430,430,430,805,430,890
n02802426_ILSVRC2012_val_00018856.png,430,430,430,768,430,768,430,430,805,805,805,430,981,768,430,768,430,430,768,768,768,430,430,430,430,768,430,430,430,430,768,430,430,430,430,768,430,430,430,430,768
n02804414_ILSVRC2012_val_00000354.png,431,431,431,793,697,797,431,431,793,431,797,431,680,680,431,750,431,431,680,593,797,431,680,680,431,750,431,520,431,431,431,431,431,431,431,750,431,431,431,431,797
n02804414_ILSVRC2012_val_00041763.png,431,431,431,591,431,431,431,431,591,431,516,431,516,591,431,431,431,431,591,843,516,431,431,516,431,516,431,431,431,431,431,431,431,516,431,431,431,431,431,431,516
n02804414_ILSVRC2012_val_00048267.png,431,431,669,669,669,669,431,669,669,669,669,431,669,669,669,669,431,669,669,669,669,431,669,669,669,669,431,669,669,669,669,431,669,669,669,669,431,669,669,669,669
n02804610_ILSVRC2012_val_00001090.png,432,432,432,795,432,432,432,432,795,432,456,432,700,795,456,456,432,700,795,456,456,432,432,795,432,456,432,432,795,432,456,432,432,432,432,432,432,432,432,432,432
n02804610_ILSVRC2012_val_00002552.png,432,432,432,918,432,875,432,432,918,432,875,432,875,918,875,875,432,875,918,875,875,432,875,696,875,875,432,875,542,875,875,432,875,918,875,875,432,432,432,875,875
n02804610_ILSVRC2012_val_00005838.png,432,432,843,683,843,843,432,432,683,652,432,432,558,683,843,843,432,432,683,843,843,432,432,683,843,843,432,432,432,432,843,432,432,432,432,432,432,432,432,843,843
n02804610_ILSVRC2012_val_00012025.png,432,432,413,413,359,170,432,432,413,380,170,432,413,413,432,170,432,764,413,359,177,432,432,413,432,170,432,413,413,374,177,432,432,413,432,170,432,432,413,432,177
n02804610_ILSVRC2012_val_00021821.png,432,432,432,432,432,432,432,432,432,432,432,432,778,683,432,432,432,432,432,558,558,432,432,432,432,432,432,432,432,432,432,432,432,432,432,432,432,432,432,432,432
n02807133_ILSVRC2012_val_00017501.png,433,433,587,611,816,502,433,801,611,616,669,433,777,611,445,697,433,638,611,457,697,433,433,611,433,638,433,461,611,433,502,433,445,611,433,842,433,638,611,433,697
n02807133_ILSVRC2012_val_00036950.png,433,433,6,433,433,433,433,433,971,433,433,433,6,6,433,391,433,6,6,395,389,433,433,433,433,433,433,433,433,433,433,433,6,433,433,433,433,6,6,433,433
n02807133_ILSVRC2012_val_00039810.png,433,433,452,911,850,641,433,452,452,641,641,433,793,533,641,641,433,793,911,641,641,433,433,911,433,433,433,433,911,433,433,433,433,911,641,641,433,433,533,433,641
n02807133_ILSVRC2012_val_00049121.png,433,433,417,701,417,984,433,417,701,417,984,433,523,701,984,433,433,433,701,984,984,433,433,701,433,984,433,980,701,970,854,433,980,701,975,984,433,970,701,433,433
n02808304_ILSVRC2012_val_00004179.png,434,434,434,797,797,797,434,797,797,797,797,434,797,797,797,797,434,797,797,797,797,434,797,797,797,797,434,797,797,797,797,434,797,797,797,797,434,797,797,797,797
n02808304_ILSVRC2012_val_00009408.png,434,434,431,431,431,797,434,431,431,431,793,434,431,431,529,529,434,434,431,529,793,434,431,431,529,529,434,434,431,434,793,434,434,431,529,793,434,434,431,529,793
n02808304_ILSVRC2012_val_00010463.png,434,434,434,568,568,568,434,434,568,568,568,434,61,568,568,568,434,568,568,568,568,434,568,568,568,568,434,434,568,568,568,434,568,568,568,568,434,568,568,568,568
n02808304_ILSVRC2012_val_00027541.png,434,434,434,434,434,434,434,434,55,434,434,434,852,55,434,434,434,434,55,529,529,434,434,434,434,434,434,434,434,434,434,434,434,434,434,434,434,434,434,434,434
n02808304_ILSVRC2012_val_00036502.png,434,434,692,728,692,692,434,692,728,692,692,434,692,728,692,692,434,692,728,692,692,434,434,728,614,692,434,692,728,692,692,434,692,728,692,692,434,692,728,692,692
n02808440_ILSVRC2012_val_00007187.png,435,435,876,87,125,217,435,463,87,69,264,435,463,87,305,264,435,463,87,305,264,435,412,87,305,264,435,897,87,126,264,435,876,87,87,264,435,463,87,87,250
n02808440_ILSVRC2012_val_00043361.png,435,435,341,341,431,431,435,341,341,910,341,435,341,341,431,341,435,341,341,910,341,435,341,341,431,341,435,341,341,431,341,435,341,341,431,341,435,341,106,431,341
n02814533_ILSVRC2012_val_00023474.png,436,436,436,468,436,436,436,436,468,436,436,436,468,468,436,436,436,436,436,239,627,436,436,436,436,436,436,436,436,436,627,436,436,436,436,436,436,436,436,436,436
n02814533_ILSVRC2012_val_00024318.png,436,436,436,581,436,817,436,436,581,436,817,436,511,581,817,817,436,436,581,817,817,436,436,581,817,817,436,581,581,817,817,436,436,581,436,581,436,436,581,581,581
n02814533_ILSVRC2012_val_00038055.png,436,511,511,511,511,511,436,511,511,511,511,436,817,817,511,511,436,511,817,511,511,436,511,817,511,511,436,511,511,511,511,436,511,511,511,511,436,511,511,511,511
n02814860_ILSVRC2012_val_00001553.png,437,437,863,682,863,558,437,863,708,863,558,437,863,682,708,558,437,437,682,937,558,437,437,682,437,440,437,437,682,437,437,437,437,682,437,558,437,437,682,682,558
n02814860_ILSVRC2012_val_00001866.png,437,437,913,562,832,980,437,755,628,832,556,437,628,628,832,556,437,812,628,832,556,437,628,628,832,556,437,978,978,832,556,437,437,832,832,698,437,682,628,832,904
n02814860_ILSVRC2012_val_00025050.png,437,437,437,562,497,741,437,437,562,885,564,437,562,562,619,562,437,437,562,474,564,437,437,562,437,750,437,437,437,437,437,437,437,437,437,437,437,437,437,437,437
n02814860_ILSVRC2012_val_00044244.png,437,437,437,460,437,437,437,437,460,437,437,437,460,460,460,460,437,460,460,460,460,437,437,437,437,437,437,437,437,437,437,437,437,437,437,460,437,437,437,437,437
n02814860_ILSVRC2012_val_00047273.png,437,437,437,437,437,977,437,460,437,437,977,437,460,460,437,977,437,460,460,977,977,437,460,437,437,437,437,437,437,437,437,437,437,437,437,437,437,437,437,437,437
n02814860_ILSVRC2012_val_00049827.png,437,437,437,663,437,497,437,437,406,437,448,437,557,857,437,448,437,437,668,668,448,437,437,437,668,448,437,437,437,437,437,437,437,437,437,437,437,437,437,437,437
n02815834_ILSVRC2012_val_00034097.png,438,438,438,806,438,647,438,647,419,647,647,438,647,419,647,647,438,647,438,647,647,438,438,419,438,647,438,438,438,438,438,438,438,898,647,647,438,438,438,438,438
n02815834_ILSVRC2012_val_00037928.png,438,438,631,790,647,647,438,438,692,647,647,438,838,419,647,647,438,631,419,647,647,438,631,438,647,647,438,438,419,647,647,438,438,438,438,647,438,438,438,438,647
n02815834_ILSVRC2012_val_00044516.png,438,438,899,647,647,647,438,438,647,647,647,438,505,647,647,647,438,899,647,647,647,438,438,438,438,647,438,438,438,438,647,438,438,438,438,647,438,438,438,647,647
n02817516_ILSVRC2012_val_00007414.png,439,439,439,652,652,568,439,652,652,652,568,439,652,652,652,568,439,652,652,465,568,439,439,652,439,568,439,439,652,439,439,439,439,652,439,568,439,439,652,439,568
n02817516_ILSVRC2012_val_00012627.png,439,439,439,439,439,439,439,439,652,439,439,439,652,652,439,652,439,652,652,652,652,439,439,439,439,439,439,439,439,439,439,439,439,439,439,439,439,439,439,439,439
n02817516_ILSVRC2012_val_00015849.png,439,439,764,413,819,758,439,764,413,758,758,439,764,413,758,758,439,439,413,758,758,439,439,764,758,758,439,764,413,758,758,439,439,413,758,758,439,764,413,872,872
n02817516_ILSVRC2012_val_00025841.png,439,439,439,439,439,480,439,439,439,439,480,439,650,611,439,480,439,439,611,442,480,439,439,439,439,439,439,439,611,439,439,439,439,611,439,480,439,439,439,439,439
n02823428_ILSVRC2012_val_00004888.png,440,440,440,440,440,440,440,440,440,440,440,440,211,737,440,440,440,440,440,960,960,440,440,440,440,440,440,440,440,440,440,440,440,440,910,440,440,440,440,440,440
n02823428_ILSVRC2012_val_00013807.png,440,440,440,440,440,440,440,440,440,440,440,440,737,737,440,440,440,440,440,838,838,440,440,737,440,440,440,440,440,440,440,440,440,440,440,440,440,440,440,440,440
n02823428_ILSVRC2012_val_00031030.png,440,440,440,440,440,440,440,440,440,440,773,440,455,898,440,440,440,440,440,725,773,440,440,440,440,440,440,440,440,440,440,440,440,440,440,440,440,440,440,440,440
n02823428_ILSVRC2012_val_00031328.png,440,440,440,751,440,468,440,440,468,440,468,440,891,674,440,440,440,440,674,609,468,440,440,440,440,468,440,440,440,440,864,440,440,440,440,440,440,440,440,440,440
n02823428_ILSVRC2012_val_00042147.png,440,440,440,648,440,648,440,440,648,737,711,440,631,648,711,631,440,648,648,711,631,440,648,648,648,711,440,440,648,440,648,440,648,648,648,648,440,440,648,648,648
n02823428_ILSVRC2012_val_00046968.png,440,440,440,440,440,440,440,441,440,441,440,440,504,787,440,440,440,440,787,737,737,440,692,787,692,692,440,440,440,440,440,440,440,440,440,440,440,440,787,440,440
n02823750_ILSVRC2012_val_00010158.png,441,441,441,470,441,441,441,572,846,441,441,441,434,846,441,441,441,434,441,969,969,441,883,441,441,441,441,883,441,441,969,441,806,441,441,441,441,883,441,441,441
n02823750_ILSVRC2012_val_00036113.png,441,441,441,552,441,441,441,441,903,441,626,441,629,903,441,934,441,793,552,929,934,441,441,552,725,794,441,441,504,441,504,441,441,441,441,441,441,441,441,441,441
n02823750_ILSVRC2012_val_00039742.png,441,441,793,700,441,441,441,441,441,441,441,441,652,700,441,441,441,441,441,572,572,441,441,441,572,572,441,441,441,441,441,441,441,441,441,572,441,441,441,441,441
n02823750_ILSVRC2012_val_00046967.png,441,441,800,800,971,800,441,518,704,971,971,441,518,704,971,711,441,518,704,971,572,441,518,704,971,865,441,518,704,971,643,441,518,704,441,572,441,518,704,572,857
n02825657_ILSVRC2012_val_00002587.png,442,442,497,497,497,497,442,442,497,442,497,442,497,497,497,497,442,497,497,497,497,442,497,497,497,497,442,442,497,497,497,442,442,497,497,497,442,442,497,442,497
n02825657_ILSVRC2012_val_00004562.png,442,442,442,873,442,888,442,442,873,888,888,442,525,873,442,839,442,442,873,718,718,442,442,442,442,442,442,442,442,442,442,442,442,442,442,442,442,442,442,442,442
n02825657_ILSVRC2012_val_00015948.png,442,442,442,442,442,594,442,442,873,873,594,442,835,778,835,594,442,835,442,594,594,442,442,442,442,442,442,835,873,835,594,442,442,442,442,442,442,442,442,442,594
n02825657_ILSVRC2012_val_00028499.png,442,442,497,497,497,497,442,442,497,497,497,442,497,497,497,497,442,497,497,497,497,442,497,497,497,497,442,497,497,497,497,442,442,497,497,497,442,442,497,497,497
n02825657_ILSVRC2012_val_00047291.png,442,442,442,497,668,668,442,442,497,442,668,442,611,497,668,668,442,497,497,668,668,442,442,442,442,442,442,442,442,442,668,442,442,442,442,668,442,442,442,442,668
n02834397_ILSVRC2012_val_00007240.png,443,443,999,805,443,999,443,999,805,443,999,443,545,805,451,451,443,545,850,451,844,443,772,805,451,443,443,600,805,451,451,443,721,721,451,545,443,451,805,451,545
n02834397_ILSVRC2012_val_00009891.png,443,443,443,640,443,768,443,443,443,443,443,443,770,770,768,770,443,770,770,768,768,443,443,443,443,768,443,434,443,443,443,443,770,770,443,770,443,443,443,443,443
n02834397_ILSVRC2012_val_00013154.png,443,443,591,591,669,591,443,591,591,669,591,443,591,591,669,591,443,591,591,669,591,443,591,591,591,591,443,443,591,591,591,443,591,591,669,591,443,591,591,443,591
n02834397_ILSVRC2012_val_00027533.png,443,774,714,774,774,774,443,714,774,714,774,443,507,754,443,443,443,443,714,714,774,443,443,443,443,443,443,443,443,443,443,443,443,443,443,443,443,443,443,443,443
n02835271_ILSVRC2012_val_00001243.png,444,444,444,444,444,870,444,870,612,870,870,444,870,612,870,870,444,444,612,870,870,444,444,444,444,444,444,444,444,444,444,444,444,444,444,444,444,444,444,444,444
n02835271_ILSVRC2012_val_00009228.png,444,444,444,870,870,870,444,444,870,870,870,444,870,870,870,870,444,870,870,870,870,444,444,444,444,870,444,444,444,444,444,444,444,444,444,870,444,444,444,444,444
n02835271_ILSVRC2012_val_00026795.png,444,444,444,444,444,671,444,444,444,444,444,444,840,870,444,444,444,444,444,793,671,444,444,444,444,444,444,444,444,444,444,444,444,444,444,444,444,444,444,444,444
n02835271_ILSVRC2012_val_00030070.png,444,444,444,444,444,444,444,444,444,444,444,444,376,870,444,444,444,444,444,12,15,444,444,444,444,444,444,444,444,444,444,444,444,444,444,444,444,444,444,444,444
n02835271_ILSVRC2012_val_00034037.png,444,444,444,444,444,444,444,444,444,444,870,444,870,870,444,870,444,444,444,94,870,444,444,444,444,444,444,444,444,444,870,444,444,444,444,444,444,870,870,870,870
n02835271_ILSVRC2012_val_00042496.png,444,444,444,444,444,444,444,444,444,671,671,444,570,433,444,444,444,444,444,671,671,444,444,444,444,444,444,444,444,444,444,444,444,444,444,444,444,444,444,444,444
n02837789_ILSVRC2012_val_00005308.png,445,445,655,639,104,568,445,209,876,209,655,445,180,639,611,655,445,180,639,104,655,445,638,639,638,638,445,639,639,104,639,445,106,655,106,655,445,639,639,638,638
n02840245_ILSVRC2012_val_00003446.png,446,446,446,458,563,432,446,446,458,432,432,446,922,458,563,558,446,446,458,558,683,446,922,777,446,558,446,446,777,446,446,446,446,446,446,683,446,446,458,446,683
n02840245_ILSVRC2012_val_00005370.png,446,446,477,464,893,893,446,477,464,893,893,446,477,464,893,893,446,477,464,893,893,446,446,446,446,893,446,446,464,446,893,446,446,464,893,893,446,446,464,446,893
n02840245_ILSVRC2012_val_00010818.png,446,446,893,893,556,893,446,893,893,893,893,446,893,893,893,893,446,893,893,893,893,446,446,893,446,893,446,446,446,446,893,446,446,893,446,893,446,446,893,446,893
n02840245_ILSVRC2012_val_00011362.png,446,446,620,681,620,681,446,446,681,681,681,446,681,681,681,681,446,681,681,681,681,446,446,681,446,620,446,446,681,446,681,446,446,681,446,446,446,446,681,446,681
n02841315_ILSVRC2012_val_00008614.png,447,447,447,759,447,759,447,759,759,759,759,447,759,759,759,759,447,759,759,759,759,447,759,759,447,759,447,447,759,759,759,447,447,447,447,447,447,447,759,447,759
n02841315_ILSVRC2012_val_00016311.png,447,447,543,563,563,563,447,855,563,563,563,447,816,563,563,563,447,816,563,563,563,447,816,563,563,563,447,471,514,563,563,447,816,447,447,563,447,447,855,447,563
n02843684_ILSVRC2012_val_00011133.png,448,448,448,893,448,699,448,448,796,448,699,448,759,482,448,448,448,448,448,699,699,448,448,448,448,699,448,448,448,448,448,448,448,448,448,448,448,448,448,448,448
n02843684_ILSVRC2012_val_00017166.png,448,448,448,448,448,846,448,448,448,448,846,448,778,892,448,846,448,448,448,846,846,448,448,448,448,448,448,448,448,448,846,448,448,448,448,448,448,448,448,448,448
n02843684_ILSVRC2012_val_00021619.png,448,448,448,879,448,762,448,448,762,448,762,448,425,762,448,762,448,425,762,762,762,448,448,448,448,448,448,448,448,448,853,448,448,448,448,448,448,448,448,448,448
n02843684_ILSVRC2012_val_00026872.png,448,448,448,448,448,406,448,448,448,448,497,448,637,637,448,448,448,448,448,851,873,448,448,448,448,448,448,448,448,448,448,448,448,448,448,448,448,448,448,448,448
n02843684_ILSVRC2012_val_00028359.png,448,448,448,448,448,448,448,448,448,448,448,448,695,704,448,448,448,448,448,637,637,448,448,448,448,448,448,448,448,448,448,448,448,448,448,448,448,448,448,448,448
n02843684_ILSVRC2012_val_00032543.png,448,448,448,442,448,448,448,448,448,448,448,448,708,476,448,448,448,448,448,937,980,448,448,448,448,448,448,448,448,448,448,448,448,448,448,448,448,448,448,448,448
n02843684_ILSVRC2012_val_00034726.png,448,448,448,586,448,448,448,448,448,690,408,448,778,872,448,408,448,448,586,408,408,448,448,448,448,448,448,448,448,448,408,448,448,471,448,408,448,448,448,448,586
n02843684_ILSVRC2012_val_00036900.png,448,448,448,797,448,427,448,448,797,448,427,448,700,797,448,427,448,448,797,427,427,448,448,797,448,448,448,448,797,448,448,448,448,448,448,448,448,448,448,448,448
n02859443_ILSVRC2012_val_00025195.png,449,449,525,424,525,525,449,449,624,634,519,449,480,480,449,519,449,422,771,634,519,449,449,845,449,519,449,999,844,525,525,449,449,818,519,519,449,877,877,449,449
n02859443_ILSVRC2012_val_00026096.png,449,449,449,449,449,449,449,449,449,449,449,449,833,628,449,822,449,449,449,540,822,449,449,449,449,822,449,449,449,449,449,449,449,449,449,449,449,449,449,449,449
n02859443_ILSVRC2012_val_00029483.png,449,449,449,663,449,449,449,698,497,449,698,449,663,406,611,698,449,449,698,611,698,449,449,497,449,449,449,449,449,449,449,449,449,449,449,449,449,449,698,449,698
n02859443_ILSVRC2012_val_00034537.png,449,449,562,433,975,975,449,975,433,975,975,449,890,433,975,975,449,971,433,668,975,449,449,433,611,975,449,975,433,975,975,449,975,975,975,975,449,971,975,975,975
n02860847_ILSVRC2012_val_00000663.png,450,450,450,802,802,802,450,450,802,802,802,450,802,802,802,802,450,802,802,802,802,450,450,802,802,802,450,450,802,450,802,450,802,802,802,802,450,450,802,802,802
n02860847_ILSVRC2012_val_00001443.png,450,450,450,770,450,751,450,770,770,865,865,450,770,770,751,751,450,450,770,751,751,450,450,770,450,450,450,450,770,450,450,450,450,450,450,450,450,450,450,450,450
n02860847_ILSVRC2012_val_00003099.png,450,450,561,611,561,669,450,561,611,803,569,450,561,561,561,561,450,561,561,803,569,450,561,611,561,669,450,450,561,407,561,450,561,611,829,580,450,561,561,450,580
n02860847_ILSVRC2012_val_00004620.png,450,450,450,195,573,573,450,195,195,573,573,450,195,195,573,573,450,450,195,573,573,450,450,195,573,573,450,450,241,573,573,450,450,195,573,573,450,450,450,450,450
n02860847_ILSVRC2012_val_00010013.png,450,450,796,431,491,808,450,796,431,491,808,450,570,431,491,808,450,450,431,491,808,450,450,431,491,850,450,450,431,450,450,450,450,431,450,450,450,450,431,450,450
n02860847_ILSVRC2012_val_00015914.png,450,450,709,709,746,814,450,626,709,814,814,450,481,709,450,814,450,450,709,814,814,450,450,709,814,814,450,473,709,814,814,450,450,709,450,814,450,450,709,450,450
n02860847_ILSVRC2012_val_00019538.png,450,450,573,573,543,543,450,543,573,543,543,450,573,573,543,543,450,573,573,543,543,450,450,573,450,543,450,573,573,543,543,450,450,573,450,543,450,573,573,543,543
n02860847_ILSVRC2012_val_00024826.png,450,450,450,657,450,450,450,657,657,563,563,450,744,744,450,563,450,450,657,629,629,450,450,450,450,450,450,450,657,450,657,450,450,657,450,450,450,450,657,450,450
n02860847_ILSVRC2012_val_00025923.png,450,450,450,679,450,802,450,563,679,450,450,450,563,679,450,450,450,450,795,795,795,450,450,679,450,450,450,450,450,450,450,450,450,450,450,450,450,450,450,450,450
n02860847_ILSVRC2012_val_00042566.png,450,450,652,830,830,830,450,652,830,830,830,450,652,830,830,830,450,830,830,830,830,450,830,830,830,830,450,450,830,830,830,450,450,830,830,830,450,830,830,830,830
n02860847_ILSVRC2012_val_00046970.png,450,450,450,795,450,450,450,450,795,405,405,450,795,795,450,405,450,450,728,405,405,450,450,795,450,450,450,450,450,450,405,450,450,450,450,450,450,450,450,450,450
n02865351_ILSVRC2012_val_00008743.png,451,451,455,455,443,431,451,455,455,431,431,451,455,455,431,431,451,455,455,431,431,451,451,451,451,431,451,451,451,840,431,451,451,451,840,840,451,451,451,451,431
n02865351_ILSVRC2012_val_00018752.png,451,451,451,828,451,451,451,828,828,618,451,451,828,828,451,451,451,451,828,623,623,451,451,828,451,623,451,451,451,451,451,451,451,451,451,451,451,451,451,451,451
n02865351_ILSVRC2012_val_00019594.png,451,451,823,823,451,823,451,823,823,823,823,451,823,823,826,823,451,451,823,826,823,451,451,823,451,823,451,451,823,451,823,451,451,451,451,823,451,451,451,451,823
n02865351_ILSVRC2012_val_00025321.png,451,451,451,451,451,584,451,451,584,451,584,451,584,584,584,584,451,451,584,584,584,451,451,584,584,584,451,451,584,584,584,451,451,451,451,451,451,451,451,451,451
n02865351_ILSVRC2012_val_00029091.png,451,451,451,855,887,887,451,451,679,643,399,451,679,971,451,643,451,451,451,796,399,451,451,451,451,399,451,451,451,451,451,451,451,451,451,451,451,451,451,451,451
n02865351_ILSVRC2012_val_00029266.png,451,451,451,872,451,451,451,451,872,451,826,451,826,872,451,451,451,451,872,826,826,451,451,872,451,451,451,451,872,451,451,451,451,451,451,451,451,451,451,451,451
n02865351_ILSVRC2012_val_00044510.png,451,451,451,451,451,613,451,451,451,451,451,451,902,770,451,451,451,451,451,613,613,451,451,451,613,613,451,451,451,451,451,451,451,451,451,451,451,451,451,451,613
n02869837_ILSVRC2012_val_00008985.png,452,452,721,721,452,806,452,721,721,452,911,452,721,721,452,911,452,452,452,911,911,452,452,452,452,911,452,452,452,452,911,452,452,452,452,452,452,452,452,452,911
n02869837_ILSVRC2012_val_00016726.png,452,452,452,773,816,643,452,620,773,589,678,452,620,773,898,570,452,452,773,740,882,452,452,773,882,882,452,452,773,882,882,452,452,773,882,882,452,452,773,882,882
n02869837_ILSVRC2012_val_00020328.png,452,452,735,854,452,699,452,452,857,452,911,452,854,854,857,699,452,452,854,406,699,452,854,854,406,406,452,452,452,452,452,452,452,452,452,452,452,452,452,452,452
n02869837_ILSVRC2012_val_00023018.png,452,452,452,837,584,808,452,584,837,584,808,452,836,836,452,808,452,452,452,584,808,452,452,452,452,808,452,452,452,452,808,452,452,452,452,808,452,452,452,452,452
n02869837_ILSVRC2012_val_00033752.png,452,452,452,433,434,434,452,452,433,434,434,452,929,433,434,434,452,452,433,434,434,452,452,433,434,434,452,452,452,452,452,452,452,452,452,434,452,452,452,452,452
n02869837_ILSVRC2012_val_00048057.png,452,452,452,452,452,452,452,452,533,452,533,452,533,533,533,533,452,452,533,533,533,452,452,452,452,452,452,452,452,452,452,452,452,452,452,452,452,452,452,452,533
n02870880_ILSVRC2012_val_00003502.png,453,453,769,769,587,454,453,769,769,453,454,453,769,769,454,454,453,769,769,454,454,453,769,769,454,454,453,453,769,454,454,453,769,769,454,454,453,453,453,453,454
n02870880_ILSVRC2012_val_00011398.png,453,453,453,760,894,721,453,697,760,568,591,453,697,760,568,591,453,697,760,568,591,453,697,760,865,697,453,453,760,453,794,453,894,760,568,591,453,453,760,568,591
n02870880_ILSVRC2012_val_00012971.png,453,453,583,695,791,778,453,771,771,519,519,453,424,424,454,778,453,743,743,621,778,453,453,454,454,454,453,648,648,454,453,453,726,648,788,648,453,453,778,860,778
n02870880_ILSVRC2012_val_00019950.png,453,453,423,423,453,527,453,526,423,453,527,453,423,423,526,526,453,423,423,782,782,453,453,423,453,527,453,453,423,453,527,453,423,423,453,527,453,453,453,453,851
n02870880_ILSVRC2012_val_00020091.png,453,453,453,548,453,548,453,453,548,453,548,453,851,851,851,851,453,624,851,851,851,453,453,453,453,851,453,453,453,453,548,453,548,548,548,548,453,548,548,453,548
n02870880_ILSVRC2012_val_00027364.png,453,453,453,453,453,453,453,453,453,453,453,453,886,624,453,401,453,453,624,650,811,453,624,624,453,790,453,453,624,453,453,453,453,624,453,453,453,453,624,453,453
n02870880_ILSVRC2012_val_00028848.png,453,453,453,624,453,453,453,453,624,453,453,453,624,624,624,624,453,624,624,624,624,453,453,624,624,624,453,453,624,624,624,453,453,453,453,624,453,453,624,624,624
n02870880_ILSVRC2012_val_00036412.png,453,453,453,548,453,548,453,453,548,548,548,453,851,851,453,548,453,453,548,598,598,453,453,453,453,453,453,453,453,453,453,453,453,453,453,453,453,453,453,453,453
n02871525_ILSVRC2012_val_00029773.png,454,454,454,860,454,454,454,454,454,454,624,454,781,860,454,624,454,454,860,624,624,454,454,860,454,454,454,454,454,454,454,454,454,860,454,624,454,454,454,454,624
n02877765_ILSVRC2012_val_00009849.png,455,455,455,455,455,451,455,455,455,455,455,455,490,640,455,455,455,455,455,451,451,455,455,455,455,455,455,455,455,455,455,455,455,455,455,455,455,455,455,455,455
n02877765_ILSVRC2012_val_00024230.png,455,455,455,455,455,427,455,455,455,455,427,455,826,826,455,427,455,455,826,530,427,455,455,826,455,427,455,455,455,455,455,455,455,455,455,455,455,455,455,455,455
n02879718_ILSVRC2012_val_00008892.png,456,462,840,746,746,843,456,456,746,746,843,456,447,746,746,843,456,795,746,746,843,456,399,456,752,843,456,882,746,746,843,456,456,746,746,456,456,456,254,462,843
n02879718_ILSVRC2012_val_00033754.png,456,456,432,870,476,476,456,456,491,890,615,456,413,740,702,747,456,456,740,602,747,456,456,456,456,456,456,456,456,456,456,456,456,456,456,456,456,456,740,456,456
n02883205_ILSVRC2012_val_00009483.png,457,457,457,457,457,457,457,457,457,457,457,457,834,834,457,834,457,457,834,451,834,457,457,457,457,457,457,457,457,457,457,457,457,457,457,457,457,457,457,457,457
n02883205_ILSVRC2012_val_00037646.png,457,457,457,906,457,457,457,748,906,906,824,457,597,906,457,457,457,597,906,906,906,457,457,457,457,457,457,457,906,457,457,457,457,906,457,457,457,457,457,457,457
n02892201_ILSVRC2012_val_00023043.png,458,458,458,458,458,458,458,458,709,458,458,458,709,709,458,458,458,458,709,341,5,458,458,709,458,458,458,458,458,458,458,458,458,458,458,458,458,458,458,458,458
n02892201_ILSVRC2012_val_00027456.png,458,458,458,893,458,415,458,458,556,458,509,458,739,556,458,582,458,753,556,118,582,458,458,721,118,509,458,458,556,458,582,458,458,556,458,692,458,458,556,458,582
n02892201_ILSVRC2012_val_00032593.png,458,458,539,490,539,539,458,458,539,458,539,458,490,893,458,539,458,490,398,539,539,458,490,893,458,741,458,458,922,458,458,458,458,458,458,539,458,458,458,458,458
n02892201_ILSVRC2012_val_00038608.png,458,458,458,692,458,458,458,458,868,458,458,458,463,840,458,790,458,458,411,790,790,458,458,458,458,692,458,458,411,458,411,458,458,411,458,790,458,458,411,458,411
n02892201_ILSVRC2012_val_00046922.png,458,458,458,458,458,458,458,458,562,458,973,458,852,562,458,392,458,458,562,11,392,458,458,562,458,392,458,458,458,458,458,458,458,458,458,458,458,458,458,458,458
n02892201_ILSVRC2012_val_00048098.png,458,458,458,458,458,458,458,458,458,458,458,458,649,649,458,458,458,649,458,649,649,458,458,458,458,458,458,458,458,458,458,458,458,458,458,458,458,458,458,458,458
n02892767_ILSVRC2012_val_00029303.png,459,459,459,340,636,461,459,459,639,524,524,459,638,638,461,524,459,459,461,524,461,459,459,638,461,524,459,459,459,459,461,459,459,459,459,461,459,459,638,459,461
n02892767_ILSVRC2012_val_00032597.png,459,459,669,611,452,1,459,459,611,572,572,459,610,611,459,719,459,459,611,719,719,459,459,611,459,719,459,459,611,719,719,459,459,611,459,719,459,459,459,459,643
n02892767_ILSVRC2012_val_00041849.png,459,459,850,721,474,529,459,529,431,529,529,459,203,431,529,529,459,568,431,529,529,459,203,529,529,529,459,203,443,529,529,459,203,529,529,529,459,203,529,529,529
n02894605_ILSVRC2012_val_00016396.png,460,460,562,904,958,228,460,825,904,228,228,460,564,904,460,228,460,460,904,228,228,460,460,840,460,228,460,460,904,460,228,460,460,904,228,228,460,460,904,460,228
n02894605_ILSVRC2012_val_00027022.png,460,460,337,898,279,20,460,360,898,279,141,460,360,898,279,98,460,360,898,279,98,460,360,898,279,360,460,360,898,279,98,460,360,147,279,20,460,360,107,279,20
n02906734_ILSVRC2012_val_00004664.png,462,462,199,741,362,269,462,199,741,177,269,462,199,682,104,270,462,199,682,177,269,462,196,406,275,269,462,199,109,104,269,462,199,646,177,269,462,199,458,9,269
n02906734_ILSVRC2012_val_00010496.png,462,462,696,696,696,696,462,462,696,696,696,462,696,696,462,696,462,462,462,696,696,462,462,462,696,696,462,462,462,462,462,462,462,462,696,462,462,462,462,462,462
n02906734_ILSVRC2012_val_00014268.png,462,462,462,794,462,696,462,462,794,462,696,462,696,794,696,696,462,696,794,696,696,462,462,794,462,696,462,462,794,462,696,462,462,794,462,462,462,462,794,462,696
n02906734_ILSVRC2012_val_00016296.png,462,462,835,564,562,236,462,853,564,281,750,462,835,564,669,750,462,835,564,750,721,462,835,564,750,750,462,462,564,462,750,462,421,564,462,750,462,462,564,462,750
n02906734_ILSVRC2012_val_00027338.png,462,462,462,462,462,462,462,462,462,462,462,462,794,840,462,462,462,462,462,804,804,462,462,462,462,462,462,462,462,462,462,462,462,462,462,462,462,462,462,462,462
n02906734_ILSVRC2012_val_00045922.png,462,462,462,588,462,462,462,911,998,911,911,462,987,987,462,911,462,462,987,911,911,462,462,462,462,462,462,462,462,462,462,462,462,462,462,462,462,462,462,462,462
n02909870_ILSVRC2012_val_00013222.png,463,463,463,411,463,752,463,428,474,428,722,463,678,868,463,722,463,463,463,722,722,463,463,463,463,722,463,463,463,463,828,463,463,463,463,722,463,463,828,828,722
n02909870_ILSVRC2012_val_00042633.png,463,463,738,588,738,588,463,725,588,789,588,463,883,588,588,588,463,725,588,789,588,463,725,588,904,588,463,725,588,738,588,463,725,588,588,588,463,725,588,738,588
n02910353_ILSVRC2012_val_00007920.png,464,464,464,464,464,464,464,464,464,464,464,464,451,451,464,464,464,464,464,608,608,464,464,464,464,464,464,464,464,464,464,464,464,464,464,464,464,464,464,464,464
n02916936_ILSVRC2012_val_00000366.png,465,465,608,608,608,414,465,893,721,414,414,465,498,411,465,414,465,465,411,414,414,465,465,411,465,465,465,465,411,465,414,465,465,411,465,414,465,465,411,465,465
n02916936_ILSVRC2012_val_00005512.png,465,465,615,524,524,461,465,615,597,524,461,465,615,597,636,636,465,615,597,636,636,465,615,597,636,414,465,597,461,414,414,465,465,461,524,524,465,465,597,465,636
n02916936_ILSVRC2012_val_00037390.png,465,465,748,748,636,636,465,636,414,636,411,465,748,414,636,636,465,636,636,636,636,465,636,414,636,636,465,636,414,636,636,465,636,636,636,636,465,636,414,636,636
n02916936_ILSVRC2012_val_00047218.png,465,465,797,885,610,610,465,885,885,610,610,465,885,885,610,610,465,885,885,610,610,465,885,885,610,610,465,885,885,610,610,465,885,885,610,610,465,885,885,610,610
n02917067_ILSVRC2012_val_00012443.png,466,466,466,829,466,466,466,466,466,466,466,466,778,778,820,820,466,466,466,820,705,466,466,466,466,466,466,466,466,466,466,466,466,466,466,466,466,466,466,466,466
n02917067_ILSVRC2012_val_00015394.png,466,466,466,466,466,580,466,466,466,466,705,466,705,705,705,705,466,705,705,705,705,466,466,466,466,466,466,466,466,466,705,466,466,466,466,466,466,466,466,466,466
n02917067_ILSVRC2012_val_00018923.png,466,466,466,450,466,627,466,466,450,466,627,466,770,450,466,466,466,466,450,613,627,466,466,466,466,466,466,466,466,466,466,466,466,466,466,466,466,466,466,466,466
n02917067_ILSVRC2012_val_00027783.png,466,466,475,475,466,898,466,475,475,475,898,466,633,475,704,455,466,704,475,704,455,466,466,475,466,455,466,466,475,466,475,466,466,475,475,475,466,475,475,447,737
n02917067_ILSVRC2012_val_00032751.png,466,466,466,466,466,466,466,466,466,466,466,466,547,547,466,705,466,466,547,199,705,466,466,466,466,466,466,466,466,466,466,466,466,466,466,466,466,466,466,466,466
n02917067_ILSVRC2012_val_00034240.png,466,466,466,845,481,820,466,466,845,593,820,466,405,404,683,820,466,466,466,683,820,466,466,466,466,466,466,466,628,466,466,466,466,466,466,466,466,466,466,466,466
n02917067_ILSVRC2012_val_00041806.png,466,466,547,820,450,536,466,820,820,472,536,466,820,820,450,536,466,820,820,472,536,466,466,820,466,536,466,466,547,466,536,466,547,547,466,547,466,466,547,466,466
n02917067_ILSVRC2012_val_00044802.png,466,466,4,749,895,749,466,466,749,895,749,466,4,749,770,749,466,466,749,670,749,466,466,749,466,971,466,391,749,466,749,466,466,749,466,749,466,466,749,466,466
n02917067_ILSVRC2012_val_00045233.png,466,466,466,466,423,627,466,466,466,891,627,466,404,404,466,466,466,466,404,891,627,466,466,466,466,466,466,466,466,466,466,466,466,466,466,466,466,466,466,466,466
n02917067_ILSVRC2012_val_00046242.png,466,466,466,408,466,466,466,466,408,466,895,466,408,408,849,895,466,466,408,849,895,466,466,466,466,466,466,466,408,466,895,466,466,466,466,895,466,466,466,466,466
n02917067_ILSVRC2012_val_00048010.png,466,466,466,829,466,833,466,829,829,466,466,466,829,829,466,833,466,466,829,833,833,466,466,466,466,466,466,466,466,466,466,466,466,466,466,466,466,466,466,466,466
n02927161_ILSVRC2012_val_00014427.png,467,467,467,467,467,766,467,467,766,766,766,467,766,766,467,766,467,766,766,766,766,467,467,467,467,766,467,467,467,467,766,467,467,766,467,766,467,467,467,467,766
n02927161_ILSVRC2012_val_00022169.png,467,467,467,509,467,509,467,467,509,509,509,467,692,509,509,509,467,467,509,855,509,467,467,467,467,467,467,467,509,467,509,467,467,467,467,509,467,467,467,467,509
n02927161_ILSVRC2012_val_00028530.png,467,467,467,415,467,788,467,467,415,467,788,467,415,415,788,788,467,467,415,788,788,467,467,467,467,788,467,415,415,788,788,467,467,467,467,788,467,467,415,788,788
n02927161_ILSVRC2012_val_00029764.png,467,467,467,834,467,499,467,424,906,585,585,467,720,906,499,499,467,467,594,499,499,467,971,982,467,499,467,467,906,499,499,467,487,424,499,499,467,467,487,499,499
n02927161_ILSVRC2012_val_00037430.png,467,467,467,454,467,894,467,492,453,492,453,467,453,453,453,515,467,453,453,453,548,467,467,453,467,453,467,894,860,415,894,467,467,860,894,894,467,467,467,467,467
n02927161_ILSVRC2012_val_00045033.png,467,467,467,467,467,467,467,467,467,467,467,467,792,600,467,467,467,467,600,499,499,467,467,467,467,467,467,467,467,467,467,467,467,467,467,467,467,467,467,467,467
n02930766_ILSVRC2012_val_00024931.png,468,468,408,408,408,408,468,408,408,690,408,468,730,408,603,408,468,468,408,690,408,468,468,468,468,408,468,468,408,690,408,468,468,408,468,408,468,468,468,468,468
n02939185_ILSVRC2012_val_00006010.png,469,469,523,791,523,523,469,790,791,523,523,469,791,791,523,559,469,523,523,523,559,469,469,791,469,559,469,469,431,702,431,469,516,516,516,516,469,469,431,469,431
n02939185_ILSVRC2012_val_00007070.png,469,469,469,909,909,909,469,909,909,909,909,469,909,909,909,909,469,909,909,909,909,469,909,909,909,909,469,909,909,909,909,469,909,909,909,909,469,909,909,909,909
n02939185_ILSVRC2012_val_00043971.png,469,469,469,482,725,725,469,469,482,849,849,469,859,482,469,469,469,469,482,725,899,469,469,485,725,469,469,469,848,469,469,469,469,482,899,469,469,469,848,469,469
n02950826_ILSVRC2012_val_00014835.png,471,471,471,820,820,820,471,471,820,471,820,471,820,820,820,820,471,820,820,820,820,471,471,820,471,820,471,471,820,471,820,471,471,820,471,820,471,471,820,471,471
n02950826_ILSVRC2012_val_00031280.png,471,471,491,744,730,866,471,491,744,491,491,471,787,657,866,866,471,471,744,866,866,471,744,744,730,652,471,471,744,730,730,471,471,744,866,730,471,471,744,471,866
n02950826_ILSVRC2012_val_00037796.png,471,471,471,657,471,603,471,471,471,471,603,471,657,657,471,603,471,471,657,603,603,471,471,744,471,603,471,471,471,471,471,471,471,471,471,471,471,471,744,471,471
n02950826_ILSVRC2012_val_00046261.png,471,471,471,447,471,447,471,563,447,471,447,471,447,447,447,447,471,447,447,13,447,471,447,447,471,447,471,471,471,471,471,471,471,471,471,471,471,471,447,764,447
n02951358_ILSVRC2012_val_00001677.png,472,472,472,472,472,693,472,472,693,472,693,472,830,693,472,693,472,472,472,755,693,472,472,693,472,693,472,472,472,472,472,472,472,472,472,472,472,472,472,472,472
n02951358_ILSVRC2012_val_00011563.png,472,472,472,472,472,472,472,472,472,472,536,472,625,625,625,536,472,472,625,536,536,472,472,472,472,472,472,472,625,472,536,472,472,472,472,472,472,472,472,472,472
n02951358_ILSVRC2012_val_00022210.png,472,472,693,611,693,693,472,693,540,693,693,472,540,540,472,693,472,693,693,693,693,472,472,693,472,693,472,472,693,472,693,472,472,472,472,472,472,472,693,472,472
n02951358_ILSVRC2012_val_00026341.png,472,472,693,693,693,693,472,693,693,472,693,472,693,693,472,693,472,472,693,693,693,472,472,472,472,472,472,472,472,472,472,472,472,472,472,472,472,472,472,472,472
n02951358_ILSVRC2012_val_00033883.png,472,472,573,573,408,408,472,573,573,472,408,472,573,573,408,408,472,751,573,408,408,472,472,472,472,408,472,833,833,833,625,472,472,472,472,408,472,472,472,472,472
n02951358_ILSVRC2012_val_00043133.png,472,472,472,472,472,801,472,693,472,472,801,472,910,693,472,801,472,472,693,801,801,472,472,472,472,801,472,472,472,472,472,472,472,472,472,472,472,472,472,472,472
n02951585_ILSVRC2012_val_00000101.png,473,473,434,434,700,700,473,434,434,700,999,473,434,434,700,700,473,434,434,700,700,473,434,434,700,700,473,434,434,700,700,473,434,434,700,700,473,434,434,700,700
n02951585_ILSVRC2012_val_00023091.png,473,473,473,898,816,816,473,816,898,816,840,473,898,898,840,840,473,473,898,840,840,473,473,473,473,840,473,473,473,840,840,473,473,473,840,840,473,473,473,696,840
n02951585_ILSVRC2012_val_00028303.png,473,473,434,824,777,597,473,697,457,473,597,473,797,457,473,597,473,608,608,499,597,473,797,473,473,473,473,473,502,473,473,473,473,473,473,473,473,473,473,473,473
n02963159_ILSVRC2012_val_00002963.png,474,474,474,474,474,474,474,474,869,474,474,474,869,652,869,869,474,869,869,869,869,474,869,869,869,869,474,869,869,869,869,474,869,869,869,869,474,869,869,869,869
n02963159_ILSVRC2012_val_00012417.png,474,474,474,391,474,389,474,824,389,363,389,474,389,389,474,389,474,474,474,807,389,474,911,389,735,824,474,474,474,474,824,474,474,474,474,474,474,474,474,474,474
n02963159_ILSVRC2012_val_00019491.png,474,474,474,568,474,474,474,474,568,474,568,474,501,869,474,836,474,501,869,837,836,474,501,869,837,836,474,474,869,837,837,474,474,474,474,837,474,501,869,869,869
n02963159_ILSVRC2012_val_00038532.png,474,568,568,568,216,568,474,285,568,216,568,474,285,568,216,568,474,285,568,216,568,474,285,568,216,568,474,285,568,216,568,474,850,568,850,568,474,474,568,850,568
n02965783_ILSVRC2012_val_00003090.png,475,475,475,821,475,971,475,475,727,475,475,475,782,664,475,836,475,475,664,837,837,475,475,782,836,836,475,475,475,475,475,475,475,475,475,475,475,475,475,475,475
n02965783_ILSVRC2012_val_00009967.png,475,475,475,808,475,475,475,475,672,475,475,475,836,837,475,836,475,475,475,836,836,475,475,475,475,837,475,475,475,475,475,475,475,475,475,475,475,475,475,475,475
n02965783_ILSVRC2012_val_00012473.png,475,475,475,770,475,669,475,475,770,475,466,475,770,770,475,624,475,475,770,264,624,475,475,770,239,624,475,475,475,475,475,475,475,475,475,475,475,475,475,475,475
n02965783_ILSVRC2012_val_00023349.png,475,475,593,662,593,475,475,485,485,485,485,475,662,662,662,485,475,662,662,622,485,475,475,662,475,485,475,475,475,475,475,475,475,475,592,475,475,475,475,475,475
n02965783_ILSVRC2012_val_00038000.png,475,475,475,475,475,475,475,475,475,475,475,475,837,837,836,836,475,475,475,837,836,475,475,475,475,836,475,475,475,475,475,475,475,475,475,475,475,475,475,475,475
n02965783_ILSVRC2012_val_00042821.png,475,475,475,475,475,836,475,475,475,475,475,475,285,633,475,475,475,475,475,836,836,475,475,475,475,475,475,475,475,475,475,475,475,475,475,475,475,475,475,475,475
n02966193_ILSVRC2012_val_00007637.png,476,476,476,476,476,476,476,476,476,476,406,476,509,509,476,476,476,476,509,406,406,476,476,476,476,476,476,476,476,476,476,476,476,476,476,476,476,476,476,476,476
n02966193_ILSVRC2012_val_00008914.png,476,476,476,476,476,476,476,476,476,476,476,476,428,523,476,843,476,476,523,843,843,476,476,476,476,476,476,476,476,476,476,476,476,476,476,476,476,476,476,476,476
n02966193_ILSVRC2012_val_00012715.png,476,476,476,509,476,476,476,476,509,476,476,476,509,509,476,611,476,509,509,611,611,476,476,509,476,476,476,476,509,476,611,476,476,509,476,611,476,476,509,476,476
n02966193_ILSVRC2012_val_00012851.png,476,476,476,476,476,772,476,50,819,476,772,476,608,819,476,772,476,476,819,641,772,476,476,476,476,772,476,476,476,476,772,476,476,476,476,772,476,476,476,476,772
n02966193_ILSVRC2012_val_00013846.png,476,476,476,476,476,634,476,476,791,762,634,476,791,791,476,634,476,476,791,569,634,476,476,476,476,634,476,476,476,476,634,476,476,476,476,634,476,476,476,476,634
n02966193_ILSVRC2012_val_00017990.png,476,476,476,645,476,476,476,690,645,476,843,476,428,645,476,476,476,476,843,843,843,476,476,476,476,476,476,476,645,476,843,476,476,476,476,476,476,476,476,476,476
n02966193_ILSVRC2012_val_00020077.png,476,476,476,498,884,854,476,476,498,698,854,476,498,498,476,476,476,476,498,884,854,476,476,476,476,476,476,476,476,476,476,476,476,476,476,476,476,476,476,476,476
n02966193_ILSVRC2012_val_00020337.png,476,476,476,476,476,476,476,476,476,865,788,476,788,788,476,788,476,788,788,454,788,476,476,476,476,476,476,476,476,476,476,476,476,476,476,476,476,476,476,476,476
n02966193_ILSVRC2012_val_00020734.png,476,476,832,406,476,857,476,476,406,476,476,476,857,857,476,857,476,476,857,843,857,476,476,857,476,476,476,476,476,476,476,476,476,476,476,476,476,476,476,476,476
n02966193_ILSVRC2012_val_00047099.png,476,476,476,476,476,476,476,476,476,476,843,476,843,843,476,476,476,476,843,843,843,476,476,476,476,476,476,476,476,476,843,476,476,476,476,476,476,476,476,476,476
n02966687_ILSVRC2012_val_00023627.png,477,477,477,477,477,477,477,477,477,477,414,477,587,587,477,447,477,477,477,464,447,477,477,477,477,477,477,477,477,477,477,477,477,477,477,477,477,477,477,477,477
n02966687_ILSVRC2012_val_00033562.png,477,477,464,464,401,464,477,477,477,477,464,477,464,650,477,464,477,477,477,464,464,477,477,477,477,477,477,477,477,401,464,477,477,477,477,477,477,477,477,477,477
n02966687_ILSVRC2012_val_00049069.png,477,477,917,917,752,491,477,491,879,795,587,477,879,879,752,784,477,879,879,752,587,477,477,879,477,600,477,770,879,777,587,477,477,477,477,587,477,477,879,477,477
n02974003_ILSVRC2012_val_00007384.png,479,479,479,535,479,479,479,479,535,479,479,479,535,535,479,479,479,479,535,656,511,479,479,535,479,479,479,479,535,479,479,479,479,535,479,479,479,479,535,479,479
n02974003_ILSVRC2012_val_00009164.png,479,479,892,787,661,892,479,479,787,479,409,479,892,787,787,892,479,409,787,665,409,479,479,787,479,409,479,892,787,670,409,479,409,787,479,409,479,409,787,479,409
n02977058_ILSVRC2012_val_00020074.png,480,480,670,665,665,670,480,665,665,665,665,480,670,670,670,670,480,665,665,670,670,480,480,480,480,670,480,665,665,665,665,480,665,670,665,665,480,670,670,670,670
n02977058_ILSVRC2012_val_00037869.png,480,480,707,707,707,707,480,707,707,707,707,480,707,707,707,707,480,707,707,707,707,480,480,707,480,480,480,480,707,707,707,480,480,707,480,707,480,480,707,480,707
n02977058_ILSVRC2012_val_00040442.png,480,480,743,707,707,707,480,707,844,707,707,480,707,707,704,707,480,480,707,704,707,480,480,528,480,707,480,707,707,707,707,480,480,707,480,707,480,480,480,480,707
n02977058_ILSVRC2012_val_00049920.png,480,480,480,886,707,509,480,886,886,886,509,480,509,886,778,509,480,480,886,865,509,480,480,480,480,509,480,480,886,480,480,480,480,480,480,480,480,480,480,480,480
n02978881_ILSVRC2012_val_00000353.png,481,481,481,848,785,605,481,605,482,605,605,481,761,485,481,605,481,481,482,785,605,481,848,482,482,487,481,481,482,482,487,481,481,482,481,481,481,481,482,481,487
n02978881_ILSVRC2012_val_00014829.png,481,481,481,482,481,482,481,481,482,481,482,481,485,482,481,482,481,482,482,704,482,481,481,481,481,481,481,481,482,481,481,481,481,481,481,481,481,481,482,481,481
n02978881_ILSVRC2012_val_00031192.png,481,481,481,481,481,481,481,481,481,481,481,481,754,754,481,481,481,848,848,688,848,481,481,481,481,481,481,481,481,481,481,481,481,481,481,481,481,481,481,481,481
n02978881_ILSVRC2012_val_00047907.png,481,481,481,481,674,481,481,481,481,674,481,481,688,688,481,481,481,481,481,674,882,481,481,481,481,481,481,481,481,481,481,481,481,481,481,481,481,481,481,481,481
n02980441_ILSVRC2012_val_00002487.png,483,483,483,698,483,698,483,698,698,483,698,483,698,698,483,698,483,483,698,698,698,483,483,698,698,698,483,698,698,698,698,483,483,698,483,698,483,483,698,483,698
n02980441_ILSVRC2012_val_00019377.png,483,483,483,468,483,663,483,483,873,483,663,483,407,407,407,663,483,483,407,407,663,483,407,407,407,663,483,483,468,483,663,483,483,407,407,663,483,483,408,829,663
n02980441_ILSVRC2012_val_00032173.png,483,483,483,483,483,668,483,497,580,668,668,483,497,580,668,668,483,497,580,668,668,483,497,698,668,668,483,483,698,483,668,483,483,483,483,668,483,483,483,483,668
n02980441_ILSVRC2012_val_00033614.png,483,483,483,562,698,698,483,698,562,873,562,483,562,562,611,498,483,562,562,752,430,483,698,562,483,794,483,698,562,698,698,483,483,562,483,668,483,483,483,483,562
n02980441_ILSVRC2012_val_00037813.png,483,483,483,698,483,663,483,483,698,483,663,483,663,698,663,663,483,483,698,442,663,483,483,698,483,663,483,483,698,483,663,483,483,698,483,663,483,483,698,483,663
n02981792_ILSVRC2012_val_00012592.png,484,484,484,562,484,871,484,871,871,871,871,484,871,871,484,871,484,871,871,871,871,484,484,484,484,871,484,484,484,484,871,484,484,484,484,871,484,484,484,484,484
n02981792_ILSVRC2012_val_00013181.png,484,484,628,628,554,694,484,484,628,484,694,484,628,628,484,694,484,628,628,554,694,484,484,611,484,557,484,484,484,484,694,484,484,484,484,694,484,484,484,484,484
n02981792_ILSVRC2012_val_00032901.png,484,484,484,871,484,871,484,484,871,484,484,484,914,871,871,871,484,484,871,871,871,484,484,484,484,871,484,484,484,484,484,484,484,871,871,871,484,484,484,484,484
n02981792_ILSVRC2012_val_00036367.png,484,484,484,871,871,871,484,871,489,871,871,484,871,489,484,484,484,871,871,871,871,484,484,484,484,484,484,484,484,484,484,484,484,484,484,484,484,484,484,484,484
n02981792_ILSVRC2012_val_00042944.png,484,484,871,871,871,871,484,871,871,871,871,484,871,871,871,871,484,871,871,871,871,484,484,871,871,484,484,484,871,484,871,484,484,871,871,871,484,484,484,484,871
n02981792_ILSVRC2012_val_00044083.png,484,484,484,871,484,871,484,484,871,871,871,484,871,871,871,871,484,871,871,871,871,484,484,484,484,484,484,484,871,484,871,484,484,484,484,484,484,484,484,484,871
n02981792_ILSVRC2012_val_00046540.png,484,484,484,914,484,914,484,484,484,484,484,484,914,914,484,914,484,484,484,914,914,484,484,871,484,484,484,484,484,484,484,484,484,484,484,484,484,484,484,484,484
n02988304_ILSVRC2012_val_00025485.png,485,485,844,700,999,492,485,859,700,999,893,485,859,700,700,893,485,859,700,700,893,485,485,700,700,893,485,485,700,700,549,485,485,700,700,893,485,485,700,999,893
n02988304_ILSVRC2012_val_00047182.png,485,485,848,754,848,848,485,848,848,848,848,485,481,754,848,848,485,482,754,481,482,485,485,754,848,754,485,485,754,848,848,485,485,848,848,848,485,485,754,485,848
n02992211_ILSVRC2012_val_00005046.png,486,486,486,401,486,486,486,486,401,486,486,486,776,401,486,889,486,486,401,889,889,486,486,401,486,889,486,486,401,486,486,486,486,486,486,486,486,486,401,486,486
n02992211_ILSVRC2012_val_00021412.png,486,486,486,486,486,486,486,486,889,486,486,486,852,788,486,486,486,486,486,209,354,486,486,486,486,486,486,486,486,486,486,486,486,486,486,486,486,486,486,486,486
n02992211_ILSVRC2012_val_00033349.png,486,486,486,486,486,486,486,486,486,486,486,486,889,641,486,542,486,486,486,542,542,486,486,486,486,486,486,486,486,486,486,486,486,486,486,486,486,486,486,486,486
n02992211_ILSVRC2012_val_00044259.png,486,486,486,889,486,683,486,486,889,486,432,486,889,889,486,683,486,486,889,558,683,486,486,486,486,486,486,486,889,683,683,486,486,486,486,683,486,486,486,683,683
n02992529_ILSVRC2012_val_00010737.png,487,487,605,722,605,784,487,605,605,910,487,487,722,722,692,800,487,722,722,910,522,487,487,722,487,487,487,487,487,487,487,487,487,487,487,487,487,605,605,487,487
n02992529_ILSVRC2012_val_00020233.png,487,487,711,711,711,711,487,626,711,711,711,487,868,711,711,711,487,626,711,711,711,487,487,711,711,711,487,487,626,487,711,487,626,711,626,711,487,626,626,626,626
n02992529_ILSVRC2012_val_00030872.png,487,487,487,761,487,487,487,487,487,487,487,487,662,662,487,487,487,487,662,844,844,487,487,487,487,487,487,487,487,487,487,487,487,487,487,487,487,487,487,487,487
n02992529_ILSVRC2012_val_00049503.png,487,487,593,593,593,593,487,593,593,605,593,487,593,593,593,593,487,593,593,546,593,487,593,593,487,593,487,593,593,487,593,487,593,593,593,593,487,593,593,487,593
n02999410_ILSVRC2012_val_00019921.png,488,488,488,695,695,695,488,695,695,695,695,488,695,695,488,695,488,695,695,695,695,488,488,695,695,695,488,488,695,488,695,488,488,488,488,695,488,488,695,695,695
n02999410_ILSVRC2012_val_00046589.png,488,488,506,616,488,616,488,616,616,616,616,488,616,616,616,616,488,616,616,616,616,488,616,616,488,616,488,506,616,616,616,488,488,616,488,506,488,488,840,488,840
n03000134_ILSVRC2012_val_00001094.png,489,489,489,716,489,904,489,387,716,489,562,489,387,716,489,562,489,295,716,226,562,489,489,489,489,562,489,489,489,489,489,489,489,489,489,489,489,489,489,489,489
n03000134_ILSVRC2012_val_00007825.png,489,489,489,489,489,489,489,489,489,489,912,489,912,912,489,912,489,489,489,912,912,489,489,489,489,489,489,489,489,489,489,489,489,489,489,489,489,489,489,489,489
n03000134_ILSVRC2012_val_00011424.png,489,489,303,303,303,772,489,303,312,303,772,489,303,312,312,772,489,303,70,85,772,489,303,312,489,772,489,489,489,489,489,489,489,70,489,489,489,489,489,489,489
n03000134_ILSVRC2012_val_00026576.png,489,489,489,55,489,368,489,489,489,489,374,489,95,55,489,368,489,489,489,374,374,489,370,489,489,374,489,489,489,489,489,489,489,489,489,489,489,489,489,489,368
n03000134_ILSVRC2012_val_00034364.png,489,489,489,489,489,489,489,489,489,489,489,489,507,73,489,489,489,489,489,507,778,489,489,489,489,489,489,489,489,489,489,489,489,489,489,489,489,489,489,489,489
n03000247_ILSVRC2012_val_00006879.png,490,490,490,489,490,490,490,490,490,490,490,490,489,489,490,489,490,490,490,489,489,490,490,490,490,490,490,490,490,490,490,490,490,490,490,490,490,490,490,490,490
n03000247_ILSVRC2012_val_00008644.png,490,490,490,48,490,490,490,490,490,955,490,490,402,514,490,463,490,490,514,113,463,490,490,490,490,490,490,490,669,490,725,490,490,514,490,490,490,490,490,490,490
n03000247_ILSVRC2012_val_00016036.png,490,490,490,490,490,490,490,490,490,490,490,490,53,53,490,490,490,490,490,53,395,490,490,490,490,490,490,490,490,490,490,490,490,490,490,490,490,490,490,490,490
n03000247_ILSVRC2012_val_00023046.png,490,490,490,365,490,490,490,490,365,490,796,490,365,863,490,796,490,490,490,796,796,490,490,490,490,796,490,490,903,490,796,490,490,490,490,490,490,490,490,490,490
n03000247_ILSVRC2012_val_00030114.png,490,490,490,490,490,490,490,490,490,490,490,490,658,539,490,490,490,490,490,490,490,490,490,490,490,490,490,490,490,490,490,490,490,490,490,490,490,490,490,490,490
n03000247_ILSVRC2012_val_00040516.png,490,490,524,524,524,461,490,524,524,524,524,490,524,524,524,524,490,524,461,461,461,490,490,524,490,461,490,490,524,490,461,490,490,524,490,461,490,490,524,490,524
n03000247_ILSVRC2012_val_00045849.png,490,490,490,490,490,490,490,293,490,293,490,490,345,456,490,490,490,490,456,255,763,490,490,490,490,490,490,490,490,490,490,490,490,490,490,490,490,490,490,490,490
n03000684_ILSVRC2012_val_00000537.png,491,491,491,491,491,491,491,491,491,491,491,491,880,521,491,491,491,491,491,880,740,491,491,491,491,491,491,491,491,491,491,491,491,491,491,491,491,491,491,491,491
n03000684_ILSVRC2012_val_00006043.png,491,491,491,491,491,491,491,491,747,491,843,491,641,747,491,602,491,491,747,702,602,491,491,416,491,602,491,491,491,416,416,491,491,491,491,491,491,491,733,416,416
n03000684_ILSVRC2012_val_00017801.png,491,491,491,634,491,491,491,491,634,634,634,491,634,634,491,634,491,634,634,634,634,491,491,634,634,634,491,634,634,634,634,491,491,634,634,634,491,491,634,634,634
n03000684_ILSVRC2012_val_00025063.png,491,491,491,634,491,634,491,491,634,491,634,491,634,634,491,634,491,634,634,634,634,491,491,491,491,634,491,491,491,491,491,491,491,634,491,634,491,491,634,491,491
n03000684_ILSVRC2012_val_00026573.png,491,491,491,491,491,634,491,491,634,634,634,491,634,634,634,634,491,634,634,634,634,491,491,634,491,634,491,491,491,491,491,491,491,634,491,634,491,491,491,491,491
n03000684_ILSVRC2012_val_00029211.png,491,491,491,491,491,491,491,491,777,777,777,491,491,777,777,777,491,491,491,777,777,491,491,491,491,777,491,491,491,777,777,491,491,491,491,777,491,491,491,491,491
n03000684_ILSVRC2012_val_00031549.png,491,491,491,740,902,902,491,491,740,491,902,491,740,740,740,902,491,491,740,740,488,491,491,491,491,491,491,491,491,491,491,491,491,491,491,491,491,491,740,491,491
n03000684_ILSVRC2012_val_00035266.png,491,491,491,491,491,491,491,491,491,491,491,491,634,634,634,634,491,491,634,634,634,491,491,634,491,634,491,491,491,491,491,491,491,491,491,491,491,491,491,491,491
n03000684_ILSVRC2012_val_00043196.png,491,491,491,621,491,621,491,491,621,491,621,491,434,621,491,621,491,491,621,621,621,491,491,491,491,621,491,491,491,491,491,491,491,491,491,491,491,491,491,491,491
n03000684_ILSVRC2012_val_00045501.png,491,491,491,882,491,882,491,882,882,882,882,491,882,882,882,882,491,882,882,882,882,491,491,491,491,491,491,491,491,491,491,491,491,491,491,491,491,491,491,491,491
n03014705_ILSVRC2012_val_00015892.png,492,492,492,478,492,579,492,492,526,881,579,492,532,532,579,579,492,492,669,579,579,492,526,478,881,881,492,492,520,881,579,492,492,478,881,881,492,492,526,881,881
n03014705_ILSVRC2012_val_00020860.png,492,492,492,831,881,881,492,492,431,492,881,492,435,431,881,881,492,492,431,579,881,492,492,492,492,881,492,492,492,492,881,492,492,588,492,881,492,492,492,492,881
n03014705_ILSVRC2012_val_00049658.png,492,492,492,492,492,526,492,492,492,492,553,492,553,553,492,553,492,553,553,534,553,492,492,492,492,492,492,492,492,492,492,492,492,492,492,492,492,492,492,492,492
n03016953_ILSVRC2012_val_00011727.png,493,493,493,493,493,493,493,493,493,493,493,493,499,519,492,881,493,493,519,894,881,493,492,492,492,881,493,493,493,493,881,493,492,492,493,493,493,493,519,493,493
n03017168_ILSVRC2012_val_00003767.png,494,494,494,442,494,494,494,494,442,505,494,494,759,442,494,494,494,494,442,505,442,494,494,442,494,442,494,494,494,494,494,494,494,494,494,494,494,494,442,494,442
n03017168_ILSVRC2012_val_00044362.png,494,494,494,494,494,494,494,494,494,494,442,494,698,442,494,442,494,442,442,442,442,494,442,442,494,442,494,494,494,494,442,494,494,442,494,442,494,494,442,494,442
n03017168_ILSVRC2012_val_00047314.png,494,494,494,884,494,427,494,907,884,494,427,494,778,442,494,427,494,494,884,469,427,494,494,442,494,427,494,494,494,494,494,494,494,494,494,442,494,494,442,494,427
n03018349_ILSVRC2012_val_00021012.png,495,495,894,894,894,894,495,894,894,894,894,495,894,894,894,894,495,894,894,894,894,495,495,495,495,894,495,495,894,495,894,495,495,495,495,495,495,495,495,495,495
n03018349_ILSVRC2012_val_00025078.png,495,495,495,648,648,648,495,495,648,495,648,495,648,648,495,648,495,648,648,648,648,495,648,648,495,648,495,495,648,648,648,495,495,648,495,495,495,495,495,495,495
n03018349_ILSVRC2012_val_00034866.png,495,495,894,894,894,894,495,894,894,894,894,495,894,894,894,894,495,894,894,894,894,495,894,894,894,894,495,894,894,894,894,495,894,894,894,894,495,894,894,894,894
n03018349_ILSVRC2012_val_00042174.png,495,495,884,721,884,552,495,743,520,583,583,495,552,721,552,552,495,552,520,552,552,495,495,520,495,552,495,495,520,495,495,495,495,520,520,552,495,495,520,495,552
n03018349_ILSVRC2012_val_00047940.png,495,495,495,495,495,495,495,495,495,495,495,495,898,898,495,495,495,495,898,855,583,495,495,898,495,583,495,495,495,495,495,495,495,495,495,495,495,495,495,495,495
n03026506_ILSVRC2012_val_00004958.png,496,496,591,591,591,591,496,591,591,591,591,496,591,591,591,591,496,591,591,591,591,496,496,496,496,591,496,496,591,591,591,496,496,591,496,591,496,496,496,496,591
n03026506_ILSVRC2012_val_00016563.png,496,496,496,806,496,695,496,496,806,496,695,496,630,806,496,496,496,496,496,502,695,496,496,496,496,496,496,496,496,496,496,496,496,496,496,496,496,496,496,496,695
n03026506_ILSVRC2012_val_00022347.png,496,496,496,496,496,796,496,496,496,496,796,496,796,806,496,796,496,496,496,796,796,496,496,496,496,796,496,496,496,496,496,496,496,496,496,496,496,496,496,496,496
n03026506_ILSVRC2012_val_00032962.png,496,658,658,658,735,824,496,658,824,824,824,496,824,824,824,824,496,824,824,824,824,496,911,824,824,824,496,496,496,496,824,496,658,824,824,824,496,496,496,496,824
n03026506_ILSVRC2012_val_00039779.png,496,496,496,496,496,496,496,496,496,496,502,496,845,806,496,496,496,496,496,502,502,496,496,496,496,496,496,496,496,496,496,496,496,496,496,496,496,496,496,496,496
n03026506_ILSVRC2012_val_00040019.png,496,496,496,496,496,496,496,496,496,496,591,496,457,806,496,457,496,457,806,457,457,496,496,496,496,496,496,496,806,496,457,496,496,806,496,806,496,496,496,496,496
n03026506_ILSVRC2012_val_00045066.png,496,496,496,496,496,496,496,496,496,496,496,496,806,806,496,496,496,496,496,213,658,496,496,496,496,496,496,496,496,496,496,496,496,496,496,496,496,496,496,496,496
n03028079_ILSVRC2012_val_00004912.png,497,497,497,497,497,497,497,497,497,497,497,497,437,437,483,483,497,497,483,483,483,497,497,497,497,483,497,497,437,497,497,497,497,497,497,497,497,497,497,497,497
n03028079_ILSVRC2012_val_00036229.png,497,497,483,497,483,483,497,497,497,483,483,497,483,663,483,483,497,497,483,483,483,497,497,497,497,497,497,497,497,497,483,497,497,497,483,483,497,497,497,497,483
n03028079_ILSVRC2012_val_00046550.png,497,497,497,497,497,497,497,497,497,497,442,497,442,442,497,442,497,442,442,442,442,497,497,497,497,497,497,497,497,497,497,497,497,497,497,442,497,497,497,497,442
n03028079_ILSVRC2012_val_00049943.png,497,497,497,497,497,497,497,497,497,497,663,497,442,663,663,663,497,442,663,663,663,497,663,663,497,663,497,497,497,497,497,497,442,663,663,663,497,497,663,663,663
n03032252_ILSVRC2012_val_00020549.png,498,498,498,694,498,781,498,498,694,498,781,498,694,694,498,498,498,498,498,660,781,498,498,498,498,498,498,498,498,498,498,498,498,498,498,498,498,498,498,498,498
n03032252_ILSVRC2012_val_00022945.png,498,498,498,498,498,498,498,498,498,498,498,498,424,424,498,498,498,498,498,424,424,498,498,498,498,498,498,498,498,498,498,498,498,498,498,498,498,498,424,498,424
n03032252_ILSVRC2012_val_00034704.png,498,498,498,454,454,454,498,498,454,498,454,498,454,454,454,454,498,454,454,454,454,498,498,454,498,454,498,498,498,498,454,498,498,498,498,454,498,454,454,498,454
n03032252_ILSVRC2012_val_00040566.png,498,498,854,854,642,854,498,854,854,498,854,498,854,854,854,854,498,854,854,642,854,498,854,854,642,854,498,854,854,498,854,498,854,854,642,854,498,498,854,498,854
n03042490_ILSVRC2012_val_00004725.png,500,500,500,833,500,833,500,500,833,502,833,500,472,833,514,833,500,500,833,514,833,500,500,500,500,500,500,500,500,500,500,500,500,500,500,500,500,500,500,500,500
n03042490_ILSVRC2012_val_00009117.png,500,500,663,406,884,663,500,663,698,884,698,500,698,698,170,668,500,500,698,170,668,500,698,698,884,668,500,500,698,500,663,500,500,406,884,663,500,500,698,500,663
n03042490_ILSVRC2012_val_00014207.png,500,500,500,219,980,972,500,580,219,980,979,500,580,219,980,972,500,580,219,980,972,500,580,219,980,972,500,500,219,980,972,500,500,219,980,972,500,500,219,500,972
n03042490_ILSVRC2012_val_00024532.png,500,500,663,884,663,663,500,663,698,663,663,500,698,698,663,663,500,698,698,663,663,500,698,698,663,663,500,663,698,663,663,500,663,698,663,663,500,663,698,663,663
n03042490_ILSVRC2012_val_00025402.png,500,500,500,118,500,386,500,500,118,298,344,500,873,118,298,150,500,500,500,360,150,500,500,119,276,150,500,500,121,104,344,500,500,500,500,150,500,500,500,500,500
n03042490_ILSVRC2012_val_00029218.png,500,500,500,750,500,492,500,977,750,674,492,500,978,750,674,492,500,978,750,674,492,500,972,750,500,492,500,500,750,126,492,500,500,750,69,492,500,500,750,500,492
n03042490_ILSVRC2012_val_00033959.png,500,500,500,750,649,500,500,500,750,500,500,500,562,750,500,972,500,500,750,978,972,500,500,750,500,972,500,500,750,500,500,500,500,750,500,972,500,500,750,500,500
n03042490_ILSVRC2012_val_00037165.png,500,500,835,549,500,500,500,835,549,500,483,500,835,549,549,483,500,835,549,483,483,500,500,750,500,483,500,500,549,500,483,500,500,700,500,483,500,500,549,500,483
n03042490_ILSVRC2012_val_00042179.png,500,500,355,385,355,253,500,354,385,286,253,500,355,385,264,253,500,355,385,264,253,500,354,385,264,253,500,355,385,355,350,500,355,385,354,253,500,354,385,273,253
n03042490_ILSVRC2012_val_00043697.png,500,500,500,857,500,614,500,448,458,448,591,500,695,458,844,591,500,695,458,844,591,500,500,458,844,591,500,500,857,753,591,500,500,458,458,591,500,500,458,458,591
n03042490_ILSVRC2012_val_00044016.png,500,500,500,546,442,884,500,500,546,442,765,500,420,546,442,765,500,537,546,442,765,500,644,546,500,765,500,559,699,442,765,500,500,546,500,699,500,500,699,500,699
n03045698_ILSVRC2012_val_00038702.png,501,501,381,797,377,452,501,448,797,374,457,501,359,797,359,501,501,501,797,457,457,501,457,797,501,457,501,887,797,568,457,501,501,797,501,501,501,501,797,501,501
n03047690_ILSVRC2012_val_00001500.png,502,502,502,502,502,502,502,502,774,502,840,502,774,774,774,840,502,502,502,840,840,502,502,502,502,840,502,502,502,502,502,502,502,502,502,502,502,502,502,502,840
n03047690_ILSVRC2012_val_00015235.png,502,502,502,770,502,868,502,502,770,788,788,502,965,770,502,725,502,502,770,438,868,502,502,770,502,502,502,502,770,502,502,502,502,770,502,868,502,502,770,502,502
n03047690_ILSVRC2012_val_00029828.png,502,502,774,774,774,774,502,774,774,464,774,502,774,774,774,774,502,774,774,774,774,502,774,774,502,774,502,502,770,502,502,502,502,774,502,502,502,774,774,774,774
n03047690_ILSVRC2012_val_00030064.png,502,502,502,502,502,502,502,502,502,502,502,502,838,788,502,502,502,502,502,630,630,502,788,788,788,788,502,788,502,788,788,502,502,502,502,502,502,502,502,502,502
n03047690_ILSVRC2012_val_00038410.png,502,502,502,630,630,630,502,502,630,502,774,502,630,630,630,630,502,502,630,630,630,502,502,630,774,630,502,502,630,502,774,502,630,630,630,502,502,502,630,502,630
n03062245_ILSVRC2012_val_00004420.png,503,503,503,626,683,650,503,503,512,512,650,503,512,633,683,650,503,503,633,683,650,503,503,512,432,650,503,503,503,503,650,503,503,503,503,503,503,503,503,503,650
n03062245_ILSVRC2012_val_00023147.png,503,503,503,503,503,503,503,503,503,503,585,503,653,653,503,585,503,503,503,585,585,503,503,503,503,503,503,503,503,503,503,503,503,503,503,503,503,503,503,503,503
n03062245_ILSVRC2012_val_00031300.png,503,503,503,711,804,804,503,503,711,804,804,503,711,711,804,804,503,503,503,804,804,503,711,503,804,503,503,711,711,804,804,503,503,503,503,503,503,503,503,804,804
n03062245_ILSVRC2012_val_00032428.png,503,503,804,804,773,773,503,804,804,773,773,503,804,804,773,773,503,804,804,773,773,503,503,804,773,773,503,503,804,773,773,503,503,503,773,773,503,503,503,773,773
n03062245_ILSVRC2012_val_00037835.png,503,503,773,773,772,773,503,773,773,772,773,503,773,773,772,773,503,773,773,772,773,503,773,773,772,773,503,773,773,772,773,503,773,773,784,773,503,773,773,680,773
n03062245_ILSVRC2012_val_00038521.png,503,503,686,686,503,686,503,828,855,503,818,503,828,828,710,673,503,828,828,673,673,503,503,828,503,745,503,503,828,633,673,503,828,828,503,503,503,503,828,633,673
n03063689_ILSVRC2012_val_00001940.png,505,505,505,550,505,505,505,550,550,505,550,505,550,550,550,550,505,550,550,550,550,505,550,550,550,550,505,505,550,505,550,505,550,550,550,550,505,550,550,505,550
n03063689_ILSVRC2012_val_00020255.png,505,505,505,550,505,505,505,505,550,505,505,505,550,550,505,505,505,505,550,550,550,505,505,550,505,550,505,505,505,505,505,505,505,505,505,505,505,550,550,505,550
n03065424_ILSVRC2012_val_00001981.png,506,506,506,506,506,506,506,506,506,506,506,506,646,646,506,506,506,506,506,650,632,506,506,506,506,506,506,506,506,506,506,506,506,506,506,506,506,506,506,506,506
n03065424_ILSVRC2012_val_00036319.png,506,506,506,884,787,506,506,538,538,787,787,506,538,538,787,787,506,787,538,787,787,506,538,538,787,787,506,506,506,506,787,506,506,506,506,506,506,506,506,787,787
n03065424_ILSVRC2012_val_00047502.png,506,506,538,538,363,506,506,538,538,506,506,506,538,538,506,506,506,506,506,421,421,506,506,506,506,506,506,506,506,506,506,506,506,538,506,506,506,506,506,506,506
n03065424_ILSVRC2012_val_00048095.png,506,506,506,506,506,506,506,884,884,884,884,506,884,421,506,506,506,506,506,421,421,506,884,506,506,506,506,884,506,506,506,506,506,506,506,506,506,506,506,506,506
n03075370_ILSVRC2012_val_00004971.png,507,507,507,507,507,507,507,507,507,507,507,507,695,695,507,507,507,507,695,695,695,507,507,507,507,507,507,507,507,507,507,507,507,507,507,507,507,507,507,507,507
n03075370_ILSVRC2012_val_00013017.png,507,507,507,507,507,507,507,507,507,507,507,507,673,695,507,507,507,507,507,662,662,507,507,507,507,507,507,507,507,507,507,507,507,507,507,507,507,507,507,507,507
n03075370_ILSVRC2012_val_00016843.png,507,507,507,507,507,507,507,507,507,507,507,507,892,695,507,695,507,507,507,356,695,507,507,507,507,507,507,507,507,507,507,507,507,507,507,507,507,507,507,507,507
n03075370_ILSVRC2012_val_00046376.png,507,507,640,507,640,640,507,507,507,507,640,507,646,844,507,507,507,507,507,640,640,507,507,507,507,507,507,507,507,507,507,507,507,507,507,507,507,707,507,507,640
n03085013_ILSVRC2012_val_00004209.png,508,508,508,750,611,750,508,498,750,620,750,508,878,750,508,750,508,508,750,620,750,508,508,750,508,750,508,508,750,508,750,508,508,750,508,750,508,508,750,508,750
n03085013_ILSVRC2012_val_00047453.png,508,508,508,461,508,487,508,810,748,810,508,508,878,810,810,810,508,508,810,810,810,508,878,810,878,878,508,508,508,508,508,508,508,508,878,878,508,508,810,810,810
n03089624_ILSVRC2012_val_00028243.png,509,509,509,467,509,467,509,467,467,467,467,509,467,467,467,467,509,509,467,467,467,509,467,467,467,467,509,582,467,509,467,509,509,467,509,467,509,509,467,509,582
n03089624_ILSVRC2012_val_00041572.png,509,509,509,509,509,509,509,509,509,509,886,509,855,721,509,509,509,509,509,886,886,509,509,509,509,886,509,509,509,509,886,509,509,509,886,886,509,509,509,509,886
n03089624_ILSVRC2012_val_00049482.png,509,509,509,509,509,509,509,509,582,509,509,509,467,790,509,917,509,509,582,582,917,509,509,582,509,509,509,509,509,509,865,509,582,582,582,865,509,509,509,582,509
n03095699_ILSVRC2012_val_00005740.png,510,510,510,565,611,646,510,510,565,646,646,510,611,565,646,646,510,611,565,646,646,510,611,565,510,646,510,611,565,510,646,510,510,565,510,646,510,510,565,510,646
n03095699_ILSVRC2012_val_00014953.png,510,510,510,724,510,913,510,510,510,510,625,510,724,724,510,625,510,510,724,646,625,510,510,510,510,510,510,510,510,510,510,510,510,510,510,510,510,510,510,510,510
n03095699_ILSVRC2012_val_00023414.png,510,510,803,565,820,565,510,803,565,547,565,510,661,565,565,565,510,803,565,874,565,510,864,565,829,565,510,762,565,611,565,510,510,565,547,565,510,510,565,611,565
n03095699_ILSVRC2012_val_00026041.png,510,510,510,565,510,611,510,510,565,510,668,510,668,565,611,611,510,510,565,971,668,510,510,510,971,668,510,510,510,510,510,510,510,510,510,510,510,510,510,510,510
n03095699_ILSVRC2012_val_00038850.png,510,510,510,510,554,554,510,554,540,554,554,510,554,540,554,554,510,510,510,554,554,510,554,540,554,554,510,510,510,510,554,510,510,540,510,554,510,510,510,510,510
n03095699_ILSVRC2012_val_00044334.png,510,510,510,628,913,833,510,913,628,801,833,510,913,628,611,833,510,913,628,6,833,510,510,510,510,833,510,510,510,510,833,510,913,628,408,833,510,510,510,510,833
n03095699_ILSVRC2012_val_00047443.png,510,510,510,449,750,449,510,694,694,750,536,510,536,536,538,536,510,510,536,750,536,510,510,510,750,510,510,510,510,510,510,510,510,510,741,510,510,510,510,510,510
n03100240_ILSVRC2012_val_00007348.png,511,511,751,817,751,817,511,751,817,817,817,511,751,817,817,817,511,817,817,751,817,511,511,817,511,817,511,511,817,511,817,511,511,511,511,511,511,511,511,511,817
n03100240_ILSVRC2012_val_00016337.png,511,511,511,609,511,408,511,609,609,609,408,511,575,609,511,408,511,609,609,595,408,511,511,609,511,408,511,511,609,511,511,511,511,609,511,408,511,511,511,511,511
n03100240_ILSVRC2012_val_00018249.png,511,511,511,581,511,511,511,511,581,627,627,511,767,581,511,511,511,511,511,627,627,511,511,581,511,627,511,511,511,511,511,511,511,511,511,511,511,511,511,511,511
n03109150_ILSVRC2012_val_00006896.png,512,512,613,413,535,535,512,528,413,535,535,512,872,413,535,535,512,872,413,535,535,512,512,413,535,535,512,764,413,764,764,512,512,413,473,535,512,872,413,413,535
n03109150_ILSVRC2012_val_00018542.png,512,512,414,414,889,636,512,512,414,512,512,512,414,414,512,512,512,512,842,636,636,512,512,512,512,512,512,512,512,512,512,512,512,512,512,512,512,512,512,512,512
n03109150_ILSVRC2012_val_00020908.png,512,512,619,556,512,846,512,512,756,747,619,512,846,756,512,846,512,512,846,747,846,512,846,756,512,846,512,512,512,512,846,512,512,512,512,512,512,512,512,512,512
n03109150_ILSVRC2012_val_00049188.png,512,512,512,473,674,674,512,512,783,674,674,512,606,473,674,674,512,606,488,674,674,512,512,512,674,674,512,512,473,674,674,512,512,512,512,512,512,512,512,512,512
n03110669_ILSVRC2012_val_00015331.png,513,513,558,558,513,875,513,513,558,513,513,513,793,558,513,513,513,513,558,875,875,513,513,513,513,513,513,513,513,513,513,513,513,513,513,513,513,513,513,513,513
n03124043_ILSVRC2012_val_00009429.png,514,514,514,788,514,514,514,514,514,514,514,514,788,788,514,514,514,514,514,788,788,514,514,514,514,514,514,514,514,514,514,514,514,514,514,514,514,514,514,514,514
n03124043_ILSVRC2012_val_00018409.png,514,514,514,514,514,514,514,514,514,514,514,514,725,806,514,514,514,514,514,340,806,514,514,514,514,514,514,514,514,514,514,514,514,514,514,514,514,514,514,514,514
n03124043_ILSVRC2012_val_00024915.png,514,514,643,643,514,883,514,863,643,514,514,514,863,643,514,883,514,863,643,883,883,514,514,643,514,883,514,863,643,773,773,514,514,514,514,883,514,514,514,514,773
n03124043_ILSVRC2012_val_00039446.png,514,514,788,788,788,788,514,514,788,514,788,514,788,788,514,788,514,514,514,788,788,514,514,788,514,514,514,514,514,514,514,514,514,514,514,514,514,514,514,514,514
n03124043_ILSVRC2012_val_00041015.png,514,514,514,514,514,502,514,514,514,514,514,514,502,788,514,502,514,514,514,502,502,514,514,514,514,514,514,514,514,514,514,514,514,514,514,514,514,514,514,514,514
n03124043_ILSVRC2012_val_00041726.png,514,514,514,669,514,506,514,61,669,514,506,514,62,669,514,506,514,514,669,383,506,514,514,601,514,506,514,514,669,514,506,514,514,514,514,524,514,514,669,514,506
n03124043_ILSVRC2012_val_00048554.png,514,514,514,806,514,514,514,806,806,514,788,514,431,806,514,514,514,514,806,431,788,514,514,514,514,514,514,514,806,514,514,514,514,514,514,514,514,514,514,514,514
n03124170_ILSVRC2012_val_00005346.png,515,515,808,808,808,808,515,515,808,515,808,515,808,808,808,808,515,808,808,808,808,515,515,808,808,808,515,515,515,515,808,515,515,515,515,515,515,515,515,515,515
n03124170_ILSVRC2012_val_00006490.png,515,515,515,643,515,452,515,982,903,652,982,515,982,982,652,982,515,982,982,652,982,515,982,982,652,982,515,903,903,652,982,515,905,552,515,982,515,552,903,652,982
n03124170_ILSVRC2012_val_00026251.png,515,515,808,611,808,808,515,515,611,808,808,515,445,611,515,808,515,459,611,808,808,515,515,611,808,808,515,808,611,808,808,515,515,611,515,515,515,515,611,808,808
n03124170_ILSVRC2012_val_00030122.png,515,515,515,514,515,515,515,514,514,515,515,515,514,514,515,912,515,515,514,451,451,515,514,514,515,514,515,515,514,515,515,515,514,514,515,515,515,514,514,515,515
n03124170_ILSVRC2012_val_00032152.png,515,515,515,887,808,887,515,808,887,420,887,515,541,887,541,887,515,887,887,541,887,515,515,887,515,887,515,515,887,515,887,515,515,887,515,887,515,515,887,822,887
n03126707_ILSVRC2012_val_00022541.png,517,517,517,517,517,755,517,517,517,517,517,517,888,497,517,517,517,517,517,755,807,517,517,517,517,517,517,517,517,517,517,517,517,517,517,517,517,517,517,517,517
n03126707_ILSVRC2012_val_00041509.png,517,517,517,488,791,446,517,517,600,517,879,517,600,488,600,600,517,600,488,600,600,517,795,488,600,600,517,600,600,517,600,517,456,488,456,456,517,517,488,517,600
n03126707_ILSVRC2012_val_00045689.png,517,517,517,319,517,540,517,517,320,517,517,517,319,320,517,540,517,517,320,833,540,517,517,517,517,517,517,517,517,517,517,517,517,517,517,517,517,517,517,517,517
n03126707_ILSVRC2012_val_00046401.png,517,517,517,579,807,517,517,517,559,559,579,517,765,559,559,620,517,765,559,559,620,517,517,559,559,620,517,517,830,517,583,517,517,517,517,517,517,517,517,517,517
n03127747_ILSVRC2012_val_00016938.png,518,518,615,796,796,615,518,615,615,615,615,518,615,615,615,615,518,615,615,615,615,518,615,615,615,615,518,518,518,518,518,518,615,518,518,518,518,518,615,518,518
n03127747_ILSVRC2012_val_00022689.png,518,518,560,560,560,560,518,560,560,560,560,518,560,560,560,560,518,560,560,560,560,518,518,560,518,560,518,518,560,518,560,518,518,560,518,560,518,560,560,518,518
n03127747_ILSVRC2012_val_00023927.png,518,518,518,796,545,584,518,770,796,752,584,518,770,796,518,774,518,518,796,752,584,518,518,518,752,584,518,518,796,518,643,518,518,643,518,584,518,518,796,518,518
n03127747_ILSVRC2012_val_00031482.png,518,615,615,615,684,684,518,615,615,684,684,518,615,615,684,684,518,615,615,684,684,518,615,615,684,684,518,518,518,684,684,518,615,615,684,684,518,518,518,684,684
n03127747_ILSVRC2012_val_00031743.png,518,518,691,691,597,787,518,570,691,676,787,518,570,691,464,787,518,691,691,695,787,518,691,691,597,524,518,691,691,597,524,518,691,691,691,787,518,691,691,691,787
n03127747_ILSVRC2012_val_00034685.png,518,518,518,518,518,518,518,518,518,518,518,518,740,759,518,518,518,518,518,786,550,518,518,518,518,518,518,518,518,518,518,518,518,518,518,518,518,518,518,518,518
n03127747_ILSVRC2012_val_00047186.png,518,518,746,746,518,518,518,518,796,518,678,518,570,691,518,518,518,518,518,691,678,518,518,518,518,518,518,518,691,518,518,518,518,691,518,518,518,518,691,518,518
n03127925_ILSVRC2012_val_00012465.png,519,519,694,743,694,730,519,519,519,519,866,519,634,858,866,866,519,561,640,866,866,519,519,519,519,866,519,519,519,519,519,519,634,858,743,743,519,519,519,519,519
n03127925_ILSVRC2012_val_00016539.png,519,519,519,700,519,999,519,519,999,519,999,519,181,700,519,700,519,519,700,478,700,519,519,700,519,700,519,519,700,519,700,519,519,700,519,700,519,519,999,519,999
n03127925_ILSVRC2012_val_00019472.png,519,492,492,492,492,492,519,492,492,492,492,519,492,492,492,492,519,492,492,492,492,519,519,519,492,492,519,492,492,492,492,519,492,492,492,492,519,492,492,492,492
n03127925_ILSVRC2012_val_00027175.png,519,519,519,709,519,415,519,519,709,594,594,519,594,709,476,476,519,519,709,476,476,519,519,709,519,476,519,519,709,709,692,519,519,709,519,519,519,519,709,519,519
n03127925_ILSVRC2012_val_00045564.png,519,519,519,634,519,634,519,519,519,519,634,519,634,634,634,634,519,634,634,634,634,519,519,634,519,634,519,519,634,634,634,519,519,634,519,634,519,519,634,519,634
n03131574_ILSVRC2012_val_00003036.png,520,520,520,520,520,520,520,520,588,520,520,520,431,588,520,520,520,520,588,516,516,520,520,520,520,520,520,520,588,520,520,520,520,520,520,520,520,520,520,520,520
n03131574_ILSVRC2012_val_00003173.png,520,520,748,709,721,709,520,748,893,893,893,520,721,721,721,721,520,721,721,721,721,520,520,721,721,721,520,520,721,520,721,520,520,520,520,520,520,520,520,520,520
n03131574_ILSVRC2012_val_00011415.png,520,520,520,716,520,516,520,520,716,520,520,520,642,488,520,516,520,520,520,457,516,520,520,520,520,520,520,520,520,520,520,520,520,520,520,520,520,520,520,520,520
n03131574_ILSVRC2012_val_00034761.png,520,520,520,519,520,582,520,509,520,520,582,520,509,519,582,582,520,582,519,582,582,520,520,519,520,582,520,520,520,520,582,520,520,520,520,582,520,520,520,520,700
n03131574_ILSVRC2012_val_00044316.png,520,520,520,520,520,520,520,520,520,520,520,520,516,516,516,516,520,520,516,516,516,520,516,516,516,516,520,520,520,520,520,520,520,520,520,516,520,520,520,520,520
n03131574_ILSVRC2012_val_00045370.png,520,520,669,435,669,669,520,669,435,431,516,520,669,876,431,431,520,669,876,431,516,520,669,520,516,516,520,669,876,431,516,520,520,520,520,520,520,520,520,431,520
n03131574_ILSVRC2012_val_00049848.png,520,520,431,431,431,431,520,516,431,431,516,520,431,431,431,431,520,520,431,431,516,520,520,431,516,516,520,520,520,520,520,520,520,520,520,520,520,520,520,520,520
n03133878_ILSVRC2012_val_00010875.png,521,521,469,469,469,926,521,469,469,926,926,521,469,469,926,926,521,469,469,926,926,521,521,469,926,926,521,521,469,926,926,521,926,469,469,926,521,521,469,521,926
n03133878_ILSVRC2012_val_00021118.png,521,521,469,469,909,469,521,469,926,909,469,521,469,926,909,469,521,469,469,909,469,521,469,469,909,469,521,469,469,469,469,521,521,926,521,469,521,521,926,521,469
n03133878_ILSVRC2012_val_00024436.png,521,521,521,469,521,521,521,521,469,521,926,521,828,469,926,926,521,521,469,926,926,521,521,521,521,521,521,521,521,521,521,521,521,469,521,521,521,521,521,521,521
n03133878_ILSVRC2012_val_00031187.png,521,521,544,544,521,469,521,521,544,521,544,521,544,544,544,544,521,521,521,544,544,521,521,521,521,521,521,521,521,521,521,521,521,521,521,544,521,521,521,521,521
n03133878_ILSVRC2012_val_00042723.png,521,521,412,828,521,855,521,828,828,504,828,521,828,828,504,855,521,521,828,504,855,521,521,828,521,828,521,828,828,504,828,521,521,828,521,828,521,521,828,521,828
n03133878_ILSVRC2012_val_00044426.png,521,521,835,469,828,828,521,849,469,521,828,521,611,469,828,828,521,611,469,828,828,521,521,544,521,828,521,521,469,521,828,521,521,544,521,828,521,521,469,521,828
n03134739_ILSVRC2012_val_00001560.png,522,522,522,805,522,574,522,522,805,574,574,522,805,805,574,574,522,805,805,574,574,522,522,805,574,574,522,805,805,574,574,522,805,805,522,574,522,522,805,522,574
n03134739_ILSVRC2012_val_00017462.png,522,522,522,522,522,522,522,522,522,522,522,522,429,574,522,522,522,522,522,574,574,522,522,522,522,522,522,522,522,522,522,522,522,522,522,522,522,522,522,522,522
n03134739_ILSVRC2012_val_00023436.png,522,522,522,522,522,522,522,522,522,522,522,522,769,611,522,522,522,522,522,720,720,522,522,522,522,522,522,522,522,522,522,522,522,522,522,522,522,522,522,522,522
n03134739_ILSVRC2012_val_00041100.png,522,522,363,471,363,866,522,363,543,363,866,522,543,543,849,730,522,543,543,849,621,522,522,543,816,730,522,522,522,363,363,522,522,522,522,621,522,522,522,363,363
n03134739_ILSVRC2012_val_00044616.png,522,522,574,574,522,574,522,522,574,522,574,522,574,574,522,574,522,574,574,574,574,522,522,574,522,574,522,522,574,522,574,522,522,522,522,574,522,522,574,522,574
n03134739_ILSVRC2012_val_00045455.png,522,522,522,522,522,522,522,522,522,522,574,522,574,574,522,574,522,522,574,574,574,522,522,522,522,522,522,522,522,522,522,522,522,522,522,522,522,522,522,522,522
n03141823_ILSVRC2012_val_00005702.png,523,523,523,523,523,233,523,523,872,523,233,523,645,872,523,233,523,523,523,233,233,523,523,523,523,523,523,523,523,523,523,523,523,523,523,523,523,523,523,523,523
n03146219_ILSVRC2012_val_00014672.png,524,524,461,461,461,461,524,524,461,524,524,524,461,461,524,461,524,524,461,461,461,524,524,461,461,524,524,461,461,524,524,524,524,524,524,524,524,524,461,461,461
n03146219_ILSVRC2012_val_00019232.png,524,461,461,461,461,461,524,461,461,524,461,524,570,461,461,461,524,461,461,700,461,524,461,461,461,461,524,524,461,524,461,524,524,461,524,524,524,524,461,524,524
n03160309_ILSVRC2012_val_00002589.png,525,525,525,562,50,525,525,580,562,824,824,525,562,562,788,721,525,562,562,788,721,525,525,525,788,750,525,525,525,525,525,525,525,525,525,750,525,525,525,525,525
n03160309_ILSVRC2012_val_00004828.png,525,525,525,525,525,525,525,525,718,525,525,525,718,718,525,718,525,525,718,718,718,525,718,718,525,525,525,525,525,525,525,525,525,525,525,525,525,525,525,525,525
n03160309_ILSVRC2012_val_00008312.png,525,525,980,721,831,913,525,980,750,223,913,525,980,794,223,913,525,980,700,223,913,525,980,794,750,913,525,980,608,970,913,525,980,669,979,913,525,980,750,970,913
n03160309_ILSVRC2012_val_00011527.png,525,525,525,611,525,431,525,525,611,525,588,525,832,611,525,431,525,525,611,832,431,525,525,611,525,431,525,525,611,525,459,525,525,611,525,431,525,525,611,525,467
n03160309_ILSVRC2012_val_00012427.png,525,718,694,913,250,913,525,525,913,169,913,525,913,913,525,913,525,525,913,172,913,525,913,913,520,913,525,525,525,172,460,525,525,913,525,913,525,525,525,525,525
n03160309_ILSVRC2012_val_00016607.png,525,525,525,706,525,979,525,525,706,979,970,525,703,706,525,970,525,703,706,970,970,525,525,706,970,970,525,703,706,525,970,525,525,706,525,970,525,525,706,525,970
n03160309_ILSVRC2012_val_00017578.png,525,525,525,721,449,913,525,525,794,525,973,525,913,794,611,6,525,913,794,879,6,525,913,794,6,3,525,913,794,975,913,525,460,794,975,913,525,525,794,449,913
n03160309_ILSVRC2012_val_00022094.png,525,525,972,611,972,972,525,913,611,972,972,525,913,611,972,972,525,913,611,972,972,525,525,611,972,972,525,525,611,972,972,525,525,611,972,972,525,913,611,972,972
n03160309_ILSVRC2012_val_00031189.png,525,525,525,460,30,30,525,460,460,30,30,525,460,460,30,30,525,460,460,30,30,525,460,976,30,971,525,976,460,30,30,525,460,460,32,30,525,460,460,30,30
n03160309_ILSVRC2012_val_00034397.png,525,525,525,580,839,839,525,525,580,839,489,525,807,727,489,489,525,489,727,489,489,525,525,727,525,489,525,525,727,807,489,525,525,538,525,489,525,525,727,525,489
n03160309_ILSVRC2012_val_00043308.png,525,525,525,718,913,718,525,839,839,525,718,525,839,718,821,718,525,839,718,821,718,525,821,718,821,718,525,525,718,525,718,525,525,718,525,718,525,525,718,525,718
n03179701_ILSVRC2012_val_00006665.png,526,526,526,526,526,526,526,526,620,526,530,526,620,620,526,530,526,526,620,848,530,526,526,526,526,526,526,673,526,526,526,526,526,526,526,526,526,892,620,526,892
n03180011_ILSVRC2012_val_00007210.png,527,527,527,664,527,632,527,527,664,527,632,527,664,664,527,632,527,527,527,759,632,527,527,527,527,527,527,527,664,527,632,527,527,527,527,632,527,527,527,527,527
n03187595_ILSVRC2012_val_00009824.png,528,528,528,528,528,528,528,528,528,528,528,528,707,556,528,528,528,528,528,707,707,528,528,528,528,528,528,528,528,528,528,528,528,528,528,528,528,528,528,528,528
n03187595_ILSVRC2012_val_00013729.png,528,528,528,707,528,528,528,528,707,528,707,528,707,707,528,707,528,528,707,707,707,528,528,707,528,707,528,528,528,528,528,528,528,528,528,528,528,528,707,528,707
n03187595_ILSVRC2012_val_00022668.png,528,528,507,507,507,771,528,528,892,528,409,528,892,892,528,892,528,528,892,707,688,528,528,892,528,409,528,528,528,528,528,528,528,528,528,528,528,528,528,528,528
n03187595_ILSVRC2012_val_00022826.png,528,528,528,528,528,528,528,528,753,606,613,528,811,753,528,528,528,528,753,707,707,528,528,528,528,528,528,528,528,528,528,528,528,528,528,528,528,528,528,528,528
n03187595_ILSVRC2012_val_00023876.png,528,528,528,440,440,440,528,528,528,528,737,528,395,395,528,737,528,528,528,737,440,528,528,528,528,528,528,528,528,528,528,528,528,528,528,528,528,528,528,528,528
n03187595_ILSVRC2012_val_00026565.png,528,528,528,754,528,528,528,577,848,893,893,528,731,848,528,528,528,528,528,707,707,528,528,528,528,528,528,528,528,528,528,528,528,528,528,528,528,528,528,528,528
n03187595_ILSVRC2012_val_00029370.png,528,707,707,414,707,707,528,707,414,707,707,528,707,414,707,707,528,707,414,707,707,528,707,414,800,707,528,707,414,707,707,528,707,414,707,707,528,528,414,528,528
n03187595_ILSVRC2012_val_00037784.png,528,528,635,640,787,897,528,528,485,897,897,528,481,481,897,897,528,528,528,897,897,528,528,528,528,897,528,528,528,528,897,528,528,528,528,528,528,528,528,528,528
n03187595_ILSVRC2012_val_00037944.png,528,528,528,826,528,485,528,528,826,528,528,528,685,426,528,485,528,528,426,485,485,528,528,635,528,528,528,528,528,528,528,528,528,528,528,528,528,528,528,528,528
n03187595_ILSVRC2012_val_00048472.png,528,528,528,632,528,528,528,528,482,528,528,528,707,482,528,707,528,528,632,707,707,528,528,528,528,528,528,528,482,528,528,528,528,528,528,528,528,528,482,528,528
n03188531_ILSVRC2012_val_00014675.png,529,529,700,700,330,883,529,700,700,331,331,529,700,700,331,331,529,700,700,331,331,529,700,700,331,331,529,700,700,331,331,529,700,700,331,331,529,700,700,331,331
n03188531_ILSVRC2012_val_00023284.png,529,529,529,181,529,611,529,611,424,611,611,529,845,424,529,620,529,529,424,678,620,529,529,424,529,620,529,529,611,529,611,529,529,424,529,529,529,529,424,529,529
n03188531_ILSVRC2012_val_00042598.png,529,529,529,669,431,431,529,431,669,431,431,529,431,669,431,431,529,431,669,431,516,529,529,669,529,431,529,516,669,431,516,529,529,669,529,431,529,529,669,529,529
n03196217_ILSVRC2012_val_00028481.png,530,530,530,530,530,530,530,530,709,530,685,530,685,685,530,530,530,685,685,504,685,530,530,530,530,530,530,530,530,530,530,530,530,530,530,530,530,530,530,530,530
n03196217_ILSVRC2012_val_00033502.png,530,530,782,782,782,798,530,688,688,688,798,530,778,778,798,798,530,778,798,798,798,530,531,798,798,798,530,530,798,782,798,530,530,798,798,798,530,778,688,798,798
n03196217_ILSVRC2012_val_00046460.png,530,530,530,398,781,781,530,530,530,530,781,530,464,790,530,530,530,530,530,781,781,530,530,530,530,530,530,530,530,530,530,530,530,530,530,530,530,530,530,530,530
n03196217_ILSVRC2012_val_00047057.png,530,530,848,754,688,848,530,530,754,848,848,530,571,754,778,485,530,485,754,778,485,530,571,754,754,848,530,530,530,530,530,530,530,754,530,848,530,530,530,530,485
n03197337_ILSVRC2012_val_00034547.png,531,531,531,826,531,826,531,531,531,531,826,531,826,826,531,531,531,826,826,826,826,531,531,531,531,531,531,531,826,531,531,531,531,531,531,531,531,531,531,531,531
n03197337_ILSVRC2012_val_00046789.png,531,826,826,826,826,826,531,531,531,531,531,531,826,826,531,485,531,531,826,848,482,531,531,531,531,485,531,531,531,531,531,531,531,531,531,531,531,531,531,531,531
n03201208_ILSVRC2012_val_00021136.png,532,532,706,706,532,706,532,706,706,532,706,532,706,706,532,706,532,706,706,662,706,532,532,532,532,532,532,532,532,532,532,532,532,706,532,706,532,532,706,532,706
n03201208_ILSVRC2012_val_00026442.png,532,532,846,619,619,619,532,846,846,846,846,532,846,619,846,846,532,846,846,619,846,532,532,846,846,846,532,532,532,846,846,532,532,532,532,532,532,532,846,532,846
n03201208_ILSVRC2012_val_00042552.png,532,532,706,559,624,624,532,765,559,624,624,532,559,559,624,624,532,559,830,624,624,532,532,559,532,624,532,830,830,532,624,532,830,830,532,624,532,532,830,532,624
n03207743_ILSVRC2012_val_00001648.png,533,533,533,533,533,533,533,533,533,533,533,533,658,806,533,533,533,533,533,646,261,533,533,533,533,533,533,533,533,533,533,533,533,533,533,533,533,533,533,533,533
n03207743_ILSVRC2012_val_00010066.png,533,533,533,533,533,443,533,533,443,443,443,533,443,549,533,721,533,533,443,443,443,533,443,721,443,443,533,533,533,443,443,533,533,533,533,533,533,533,533,533,443
n03207743_ILSVRC2012_val_00012950.png,533,533,533,824,533,474,533,533,474,474,474,533,824,824,533,474,533,533,824,474,474,533,533,533,533,474,533,533,533,533,533,533,533,533,533,533,533,533,533,533,474
n03207743_ILSVRC2012_val_00013428.png,533,533,533,474,533,735,533,735,474,735,735,533,443,610,735,735,533,443,610,735,735,533,533,735,735,735,533,443,735,735,735,533,533,533,735,735,533,443,533,443,735
n03207743_ILSVRC2012_val_00032828.png,533,533,533,533,533,533,533,533,533,533,533,533,748,748,748,748,533,533,748,748,748,533,533,636,533,636,533,636,533,636,636,496,496,496,496,496,533,533,533,533,533
n03207743_ILSVRC2012_val_00044274.png,533,533,533,533,533,533,533,533,539,533,533,533,263,640,533,533,533,533,539,796,192,533,533,533,533,533,533,533,539,533,533,533,533,533,533,533,533,533,533,533,533
n03207743_ILSVRC2012_val_00047345.png,533,533,533,533,533,533,533,443,533,735,735,533,443,709,533,533,533,533,533,658,858,533,533,533,533,533,533,533,533,533,533,533,533,533,533,533,533,533,533,533,533
n03207941_ILSVRC2012_val_00014511.png,534,534,651,651,651,651,534,651,651,651,651,534,651,651,534,651,534,534,651,651,651,534,534,651,534,534,534,651,651,651,651,534,651,651,534,651,534,534,651,534,651
n03207941_ILSVRC2012_val_00018647.png,534,534,250,250,534,534,534,534,534,249,285,534,250,279,249,285,534,250,249,249,285,534,534,534,534,534,534,534,157,534,285,534,534,534,534,285,534,534,534,534,534
n03207941_ILSVRC2012_val_00020884.png,534,534,534,721,774,805,534,534,580,459,545,534,755,729,534,673,534,534,729,673,673,534,534,534,534,534,534,534,534,534,534,534,534,534,534,534,534,534,534,534,534
n03207941_ILSVRC2012_val_00031661.png,534,534,791,791,87,791,534,534,534,534,791,534,791,791,534,791,534,534,534,791,791,534,534,534,534,534,534,534,534,534,791,534,534,534,534,791,534,534,534,534,534
n03207941_ILSVRC2012_val_00039033.png,534,534,534,791,534,594,534,534,791,769,851,534,513,791,534,851,534,534,791,851,851,534,534,534,534,534,534,534,534,534,534,534,534,534,534,851,534,534,534,534,534
n03208938_ILSVRC2012_val_00011361.png,535,535,535,535,535,535,535,535,783,535,535,535,783,783,535,535,535,535,535,479,479,535,535,535,535,535,535,535,783,535,535,535,535,535,535,535,535,535,535,535,535
n03208938_ILSVRC2012_val_00018891.png,535,535,535,670,535,670,535,535,670,535,670,535,670,670,535,670,535,670,670,670,670,535,535,535,535,535,535,535,535,535,670,535,535,535,535,535,535,535,535,535,535
n03208938_ILSVRC2012_val_00024502.png,535,535,535,535,535,535,535,535,535,535,665,535,870,665,535,665,535,665,665,665,665,535,535,535,535,535,535,535,535,670,535,535,535,535,535,535,535,535,535,535,535
n03208938_ILSVRC2012_val_00028792.png,535,535,770,770,770,518,535,770,770,770,518,535,770,770,770,670,535,770,770,670,670,535,770,770,770,670,535,770,770,518,770,535,535,770,535,518,535,535,770,518,670
n03208938_ILSVRC2012_val_00036256.png,535,535,456,616,870,870,535,456,616,444,444,535,542,616,535,444,535,870,616,444,444,535,535,616,535,701,535,535,488,535,535,535,535,880,535,671,535,535,616,535,535
n03216828_ILSVRC2012_val_00018995.png,536,536,536,628,536,536,536,536,536,536,510,536,510,628,871,510,536,536,628,674,510,536,536,536,536,510,536,536,536,536,510,536,536,628,536,510,536,510,536,536,510
n03218198_ILSVRC2012_val_00002266.png,537,537,341,341,830,830,537,209,180,537,691,537,180,180,691,691,537,537,180,691,691,537,537,180,537,691,537,537,537,537,691,537,537,537,537,830,537,537,537,537,691
n03218198_ILSVRC2012_val_00023915.png,537,537,537,249,537,249,537,537,249,537,249,537,589,249,537,249,537,537,249,249,249,537,537,249,537,249,537,537,249,537,249,537,537,537,537,537,537,537,537,537,537
n03218198_ILSVRC2012_val_00043057.png,537,537,537,249,537,249,537,537,250,537,250,537,196,250,537,250,537,537,250,249,250,537,537,248,537,537,537,537,537,537,537,537,537,537,537,537,537,537,537,537,537
n03218198_ILSVRC2012_val_00045506.png,537,537,248,248,248,250,537,248,248,248,248,537,250,250,537,250,537,537,250,250,250,537,250,250,250,250,537,248,248,248,250,537,537,537,537,250,537,537,537,537,537
n03220513_ILSVRC2012_val_00007711.png,538,538,538,668,406,698,538,668,668,698,698,538,498,668,698,668,538,538,668,698,698,538,538,668,538,663,538,538,668,538,668,538,538,668,538,668,538,538,538,538,538
n03220513_ILSVRC2012_val_00007941.png,538,538,538,538,538,538,538,538,538,538,538,538,668,668,538,538,538,538,538,316,116,538,538,538,538,538,538,538,538,538,538,538,538,538,538,538,538,538,538,538,538
n03220513_ILSVRC2012_val_00020671.png,538,538,538,538,538,538,538,538,506,538,538,538,506,506,538,538,538,506,506,497,497,538,506,506,506,506,538,538,538,538,538,538,538,538,538,538,538,538,538,538,538
n03220513_ILSVRC2012_val_00025220.png,538,538,538,538,538,538,538,538,538,538,538,538,497,497,538,406,538,538,538,406,406,538,538,538,538,538,538,538,538,538,538,538,538,538,538,538,538,538,538,538,538
n03220513_ILSVRC2012_val_00030349.png,538,538,538,538,538,538,538,538,538,538,538,538,703,506,538,538,538,538,538,884,884,538,538,538,538,538,538,538,538,538,538,538,538,538,538,538,538,538,538,538,538
n03220513_ILSVRC2012_val_00032479.png,538,538,538,538,538,538,538,506,538,538,635,538,506,506,538,635,538,538,506,635,635,538,506,506,538,635,538,538,538,538,538,538,538,538,635,635,538,538,538,635,635
n03220513_ILSVRC2012_val_00039519.png,538,538,538,538,538,538,538,538,538,538,538,538,687,687,538,538,538,538,538,406,406,538,538,538,538,538,538,538,538,538,538,538,538,538,538,538,538,538,538,538,538
n03223299_ILSVRC2012_val_00006033.png,539,539,741,741,608,608,539,741,741,608,608,539,741,741,608,608,539,741,741,608,608,539,741,741,608,608,539,539,741,608,608,539,741,741,608,608,539,741,741,608,608
n03223299_ILSVRC2012_val_00035467.png,539,539,434,797,539,480,539,434,797,539,480,539,721,797,893,851,539,721,797,893,480,539,721,797,893,480,539,434,797,434,851,539,750,750,539,480,539,636,797,434,480
n03223299_ILSVRC2012_val_00045224.png,539,539,539,539,539,767,539,637,458,767,767,539,637,929,767,767,539,637,767,767,767,539,492,929,714,767,539,539,539,539,767,539,539,539,539,767,539,539,539,539,767
n03240683_ILSVRC2012_val_00007159.png,540,540,540,821,540,536,540,540,821,540,536,540,562,821,540,536,540,540,540,536,536,540,540,718,540,536,540,540,540,540,540,540,540,540,540,540,540,540,540,540,540
n03240683_ILSVRC2012_val_00009606.png,540,540,540,611,540,687,540,540,611,540,687,540,780,611,687,687,540,540,611,687,687,540,540,611,540,406,540,540,611,540,540,540,540,611,540,540,540,540,611,540,540
n03240683_ILSVRC2012_val_00011582.png,540,540,540,733,540,733,540,733,733,733,733,540,863,733,733,863,540,540,733,682,863,540,540,540,540,733,540,540,540,540,540,540,540,540,540,540,540,540,540,540,540
n03240683_ILSVRC2012_val_00012597.png,540,540,540,510,540,862,540,540,510,540,812,540,839,510,540,862,540,540,510,862,862,540,540,510,540,862,540,540,510,540,862,540,540,510,540,862,540,540,510,540,540
n03240683_ILSVRC2012_val_00020244.png,540,540,540,611,540,403,540,812,611,403,403,540,112,611,403,403,540,112,611,403,403,540,540,611,403,403,540,540,611,403,403,540,540,611,403,403,540,403,611,403,403
n03240683_ILSVRC2012_val_00025774.png,540,540,913,694,913,879,540,625,694,540,879,540,625,694,540,879,540,540,694,625,879,540,540,694,540,879,540,540,540,540,879,540,540,694,540,433,540,540,540,540,540
n03249569_ILSVRC2012_val_00001972.png,541,541,541,828,541,541,541,541,828,541,541,541,551,828,541,709,541,551,828,542,767,541,541,828,541,551,541,541,570,541,541,541,541,541,541,541,541,541,541,541,541
n03249569_ILSVRC2012_val_00008793.png,541,541,420,650,432,650,541,650,650,650,650,541,650,650,541,650,541,650,650,650,650,541,541,650,541,697,541,650,650,541,650,541,541,541,541,650,541,541,650,541,650
n03249569_ILSVRC2012_val_00013981.png,541,541,412,412,828,505,541,412,412,541,967,541,412,412,708,891,541,412,412,441,969,541,541,412,541,969,541,412,412,503,503,541,412,412,804,969,541,412,412,503,969
n03249569_ILSVRC2012_val_00030864.png,541,541,541,541,541,541,541,846,600,794,572,541,673,600,541,541,541,541,600,602,542,541,541,541,541,541,541,541,541,541,541,541,541,541,541,541,541,541,541,541,541
n03249569_ILSVRC2012_val_00040561.png,541,541,541,415,577,577,541,541,415,577,577,541,828,415,577,577,541,541,415,577,577,541,541,415,577,577,541,541,532,577,577,541,541,415,577,577,541,541,415,541,577
n03250847_ILSVRC2012_val_00021839.png,542,542,418,418,418,418,542,418,418,418,418,542,418,418,418,418,542,542,418,418,418,542,542,542,418,418,542,542,418,418,418,542,542,418,542,418,542,542,542,542,542
n03255030_ILSVRC2012_val_00001287.png,543,422,422,422,422,422,543,422,422,422,422,543,422,422,422,422,543,422,543,422,422,543,543,543,543,543,543,422,422,422,422,543,422,543,422,422,543,422,422,422,422
n03255030_ILSVRC2012_val_00004025.png,543,543,543,543,543,543,543,543,543,543,543,543,422,422,422,543,543,422,422,422,422,543,543,543,543,422,543,543,543,543,543,543,543,543,543,543,543,543,543,543,543
n03255030_ILSVRC2012_val_00017124.png,543,543,508,508,893,508,543,732,508,732,508,543,508,508,878,508,543,543,508,508,508,543,543,611,543,508,543,543,508,508,508,508,508,508,508,508,543,508,508,508,508
n03255030_ILSVRC2012_val_00037109.png,543,543,543,845,413,543,543,543,677,783,543,543,422,409,543,543,543,422,422,674,422,543,543,543,543,543,543,543,543,543,543,543,543,543,543,543,543,543,543,543,543
n03255030_ILSVRC2012_val_00041644.png,543,543,877,677,877,880,543,677,543,677,677,543,880,835,543,880,543,543,543,880,880,543,543,543,543,562,543,543,543,543,543,543,422,422,422,422,543,543,543,543,543
n03259280_ILSVRC2012_val_00021640.png,544,544,491,955,491,491,544,491,491,491,996,544,473,440,596,996,544,996,491,996,996,544,491,758,996,996,544,544,440,996,996,544,596,440,996,996,444,491,491,996,996
n03259280_ILSVRC2012_val_00046328.png,544,544,544,712,544,544,544,868,971,544,868,544,868,712,544,567,544,544,712,927,567,544,544,712,544,107,544,544,712,544,544,544,544,712,544,544,544,544,712,544,544
n03271574_ILSVRC2012_val_00002875.png,545,545,545,545,545,545,545,545,545,545,545,545,811,811,545,545,545,545,545,811,811,545,545,545,545,545,545,545,545,545,545,545,545,545,545,545,545,545,545,545,545
n03271574_ILSVRC2012_val_00005440.png,545,545,754,611,577,577,545,545,611,577,577,545,611,611,577,577,545,545,611,577,494,545,611,611,545,577,545,545,611,545,545,545,545,611,545,577,545,545,611,577,577
n03271574_ILSVRC2012_val_00012322.png,545,545,545,359,545,545,545,545,359,545,971,545,359,359,545,966,545,545,359,966,966,545,545,359,545,545,545,545,545,545,545,545,545,545,545,545,545,545,545,545,545
n03271574_ILSVRC2012_val_00015185.png,545,545,545,545,545,545,545,646,545,545,545,545,674,811,545,545,545,545,545,811,811,545,545,545,545,545,545,545,545,545,811,545,545,545,545,545,545,545,545,545,545
n03271574_ILSVRC2012_val_00015553.png,545,545,545,580,8,154,545,545,281,577,381,545,155,254,545,155,545,545,254,870,230,545,372,254,545,230,545,545,285,545,971,545,545,545,545,284,545,545,254,545,904
n03271574_ILSVRC2012_val_00026566.png,545,545,545,820,565,848,545,545,820,545,848,545,847,820,847,848,545,545,820,586,848,545,545,820,545,545,545,545,545,545,545,545,545,545,545,848,545,545,545,545,545
n03271574_ILSVRC2012_val_00031583.png,545,545,545,828,545,572,545,545,855,545,828,545,855,855,753,572,545,545,572,811,572,545,545,545,545,545,545,545,545,545,545,545,545,545,545,545,545,545,545,545,545
n03271574_ILSVRC2012_val_00042028.png,545,545,545,545,545,545,545,545,535,545,479,545,535,535,545,479,545,545,545,535,479,545,479,479,545,479,545,545,545,545,545,545,545,545,545,479,545,545,545,545,479
n03272010_ILSVRC2012_val_00000467.png,546,546,546,714,917,917,546,546,714,546,917,546,714,714,917,917,546,714,714,917,917,546,546,788,546,917,546,546,546,546,917,546,546,714,546,917,546,546,714,546,546
n03272010_ILSVRC2012_val_00005986.png,546,546,797,434,709,777,546,546,546,546,587,546,721,402,611,587,546,546,546,709,587,546,546,546,546,546,546,546,546,546,546,546,546,546,546,546,546,546,546,546,546
n03272010_ILSVRC2012_val_00021556.png,546,546,546,546,546,546,546,402,546,402,546,546,402,402,546,546,546,402,546,402,402,546,546,546,546,546,546,546,546,546,546,546,546,546,546,546,546,546,546,546,546
n03272562_ILSVRC2012_val_00013865.png,547,547,694,705,547,829,547,425,705,565,829,547,449,705,547,829,547,449,705,829,829,547,547,705,547,829,547,547,547,547,829,547,547,547,547,547,547,547,547,547,547
n03272562_ILSVRC2012_val_00016175.png,547,547,705,705,705,705,547,547,705,705,705,547,705,705,705,705,547,705,705,705,705,547,547,547,547,705,547,547,547,547,547,547,547,547,547,547,547,547,547,547,705
n03272562_ILSVRC2012_val_00019595.png,547,547,705,705,547,705,547,705,705,705,705,547,703,705,705,705,547,547,705,705,705,547,547,705,705,705,547,547,705,547,705,547,547,705,547,705,547,547,547,547,705
n03272562_ILSVRC2012_val_00036429.png,547,547,547,547,547,547,547,547,705,705,547,547,705,705,705,705,547,705,705,705,705,547,547,547,547,547,547,547,547,705,705,547,547,547,547,547,547,547,547,547,547
n03272562_ILSVRC2012_val_00039148.png,547,547,547,547,547,536,547,547,547,547,484,547,871,628,547,484,547,547,536,484,484,547,547,536,547,871,547,547,547,547,547,547,547,547,547,547,547,547,547,547,547
n03272562_ILSVRC2012_val_00048678.png,547,547,547,705,547,547,547,547,829,547,829,547,705,705,705,705,547,547,705,705,705,547,547,705,547,705,547,547,547,547,547,547,547,547,547,705,547,547,547,547,547
n03290653_ILSVRC2012_val_00003398.png,548,548,548,851,548,851,548,548,851,548,851,548,688,851,548,851,548,548,851,851,851,548,548,851,548,851,548,851,851,851,851,548,548,851,548,851,548,548,548,548,548
n03290653_ILSVRC2012_val_00003906.png,548,548,851,565,598,598,548,851,688,548,598,548,786,688,548,598,548,848,688,598,598,548,548,611,548,598,548,548,688,548,598,548,548,688,598,598,548,548,688,548,548
n03290653_ILSVRC2012_val_00019705.png,548,548,548,688,548,548,548,548,688,548,548,548,598,688,548,548,548,548,688,598,598,548,548,688,548,598,548,548,548,548,548,548,548,548,548,548,548,548,548,548,548
n03290653_ILSVRC2012_val_00028921.png,548,548,548,915,548,548,548,915,915,548,548,548,915,915,548,598,548,915,915,598,598,548,915,915,548,598,548,915,915,548,548,548,548,915,548,548,548,548,915,548,548
n03290653_ILSVRC2012_val_00032253.png,548,548,548,754,548,553,548,548,848,548,553,548,498,848,548,548,548,548,848,553,553,548,548,848,548,548,548,548,548,548,548,548,548,548,548,548,548,548,548,548,548
n03290653_ILSVRC2012_val_00034187.png,548,548,548,454,548,548,548,706,424,548,598,548,706,424,548,598,548,706,706,598,598,548,548,762,548,598,548,548,860,548,598,548,548,548,548,548,548,548,548,548,548
n03290653_ILSVRC2012_val_00046229.png,548,548,771,492,827,651,548,507,626,648,651,548,844,759,651,651,548,548,745,534,651,548,851,759,651,651,548,548,548,548,651,548,548,651,548,651,548,548,548,548,651
n03290653_ILSVRC2012_val_00046492.png,548,548,786,478,700,696,548,526,478,700,811,548,526,478,492,859,548,526,478,700,811,548,526,478,700,859,548,526,478,859,811,548,713,478,700,811,548,526,478,482,811
n03291819_ILSVRC2012_val_00017653.png,549,549,549,721,549,921,549,549,549,549,549,549,767,749,549,921,549,549,549,921,921,549,549,568,549,921,549,549,549,549,549,549,549,549,549,549,549,549,549,549,549
n03291819_ILSVRC2012_val_00031282.png,549,549,539,458,741,519,549,184,458,519,519,549,184,458,741,519,549,184,458,564,519,549,184,458,492,519,549,492,458,492,519,549,492,458,519,519,549,184,458,492,519
n03291819_ILSVRC2012_val_00037625.png,549,549,539,539,549,868,549,539,539,868,868,549,539,539,549,868,549,539,539,584,868,549,539,539,549,868,549,539,539,709,868,549,539,539,549,868,549,539,539,549,868
n03297495_ILSVRC2012_val_00011147.png,550,550,464,464,464,584,550,844,482,469,748,550,891,482,469,878,550,674,482,469,878,550,550,482,469,810,550,550,482,827,878,550,550,848,528,855,550,633,482,469,878
n03297495_ILSVRC2012_val_00014754.png,550,550,650,414,250,608,550,650,414,250,752,550,650,414,361,752,550,650,414,249,752,550,650,414,250,752,550,650,414,250,752,550,650,414,333,545,550,650,414,250,752
n03297495_ILSVRC2012_val_00017000.png,550,550,550,759,550,759,550,550,759,550,759,550,759,759,550,759,550,550,550,759,759,550,550,759,550,550,550,550,759,550,550,550,550,550,550,550,550,550,550,550,550
n03297495_ILSVRC2012_val_00021388.png,550,550,844,844,481,771,550,844,844,710,771,550,844,844,745,771,550,844,844,473,771,550,844,844,613,771,550,844,844,771,771,550,844,844,473,771,550,844,844,848,771
n03297495_ILSVRC2012_val_00029360.png,550,550,366,366,366,653,550,366,458,366,855,550,715,715,855,653,550,715,715,653,653,550,715,464,653,653,550,715,855,855,653,550,902,855,902,653,550,524,715,653,653
n03297495_ILSVRC2012_val_00037864.png,550,550,855,855,464,855,550,891,855,464,891,550,891,891,891,891,550,891,891,891,891,550,550,606,891,891,550,550,891,550,891,550,891,891,891,891,550,550,891,891,891
n03314780_ILSVRC2012_val_00015020.png,551,551,447,447,447,447,551,447,551,633,447,551,447,629,447,447,551,551,551,447,447,551,551,551,551,447,551,629,551,551,551,551,447,629,447,447,551,551,551,551,551
n03325584_ILSVRC2012_val_00001256.png,552,552,552,552,552,552,552,552,552,552,793,552,903,903,793,793,552,552,903,793,793,552,552,552,552,793,552,552,552,552,793,552,552,552,552,793,552,552,552,793,793
n03325584_ILSVRC2012_val_00004588.png,552,552,552,785,785,785,552,785,785,785,785,552,785,785,552,785,552,785,785,785,785,552,785,785,785,785,552,552,785,785,785,552,785,785,785,785,552,552,785,552,785
n03325584_ILSVRC2012_val_00008564.png,552,552,903,903,903,793,552,903,903,903,793,552,903,903,903,793,552,903,903,903,793,552,552,552,552,793,552,552,903,552,793,552,552,552,552,552,552,552,552,903,601
n03325584_ILSVRC2012_val_00008918.png,552,552,552,903,552,470,552,552,470,470,470,552,470,470,470,470,552,470,470,470,470,552,552,470,552,470,552,552,470,470,470,552,552,470,552,552,552,552,470,470,470
n03325584_ILSVRC2012_val_00010429.png,552,552,837,837,837,837,552,837,837,837,837,552,837,836,837,836,552,837,837,837,837,552,552,837,552,552,552,837,837,837,836,552,837,837,837,837,552,552,552,552,552
n03325584_ILSVRC2012_val_00027255.png,552,552,552,552,552,678,552,552,415,552,678,552,903,415,454,678,552,903,766,454,678,552,552,415,454,678,552,552,552,552,678,552,552,415,552,678,552,903,415,788,678
n03325584_ILSVRC2012_val_00031270.png,552,552,552,903,903,911,552,452,911,903,911,552,452,903,903,584,552,452,903,903,584,552,552,903,903,973,552,903,903,903,850,552,903,191,903,903,552,903,191,903,903
n03325584_ILSVRC2012_val_00045538.png,552,552,552,281,552,552,552,552,281,552,552,552,285,282,903,903,552,552,281,903,903,552,552,552,552,552,552,552,281,552,552,552,552,552,552,552,552,552,797,552,903
n03337140_ILSVRC2012_val_00012277.png,553,553,539,434,492,840,553,434,434,434,434,553,434,434,434,434,553,434,434,434,434,553,434,434,434,434,553,553,434,553,434,553,553,434,553,553,553,553,553,553,434
n03337140_ILSVRC2012_val_00016690.png,553,553,760,794,760,760,553,760,760,760,760,553,760,760,760,760,553,760,760,760,760,553,760,760,760,760,553,760,760,760,760,553,760,760,760,760,553,760,760,760,760
n03337140_ILSVRC2012_val_00030471.png,553,553,553,721,682,647,553,647,700,553,647,553,503,700,700,647,553,503,700,700,647,553,883,700,700,999,553,553,700,700,647,553,553,700,553,647,553,553,553,553,647
n03337140_ILSVRC2012_val_00048016.png,553,553,553,887,553,697,553,553,894,553,493,553,857,887,553,647,553,553,857,496,647,553,553,857,553,493,553,553,553,553,553,553,553,553,553,553,553,553,553,553,647
n03337140_ILSVRC2012_val_00048129.png,553,553,553,794,553,478,553,553,794,553,721,553,647,794,493,721,553,553,700,493,721,553,553,553,553,721,553,553,493,493,493,553,553,553,493,553,553,553,553,493,493
n03344393_ILSVRC2012_val_00001859.png,554,554,554,611,821,821,554,554,611,821,821,554,562,611,821,821,554,554,611,821,821,554,554,611,562,821,554,554,611,554,554,554,554,611,554,554,554,554,611,554,554
n03344393_ILSVRC2012_val_00009154.png,554,554,554,554,554,554,554,554,871,406,914,554,484,484,914,914,554,914,484,914,914,554,484,484,554,484,554,554,484,554,554,554,554,554,554,554,554,554,554,554,554
n03344393_ILSVRC2012_val_00009788.png,554,554,835,628,669,534,554,669,628,812,534,554,835,628,534,534,554,835,628,628,534,554,554,628,554,534,554,562,628,554,534,554,554,628,554,534,554,835,628,554,534
n03344393_ILSVRC2012_val_00013124.png,554,554,554,554,554,510,554,554,554,554,510,554,625,625,510,510,554,554,554,510,510,554,554,554,554,554,554,554,554,554,554,554,554,554,554,554,554,554,554,554,554
n03344393_ILSVRC2012_val_00018158.png,554,554,562,802,913,562,554,554,537,669,971,554,842,537,669,408,554,554,537,237,408,554,554,537,669,408,554,554,537,554,408,554,803,802,802,408,554,554,537,803,408
n03344393_ILSVRC2012_val_00026840.png,554,554,554,908,554,795,554,908,908,795,795,554,908,908,795,795,554,908,908,795,795,554,554,908,795,795,554,908,908,795,795,554,554,908,803,795,554,554,908,795,795
n03344393_ILSVRC2012_val_00041736.png,554,554,562,611,669,554,554,554,611,913,554,554,562,611,669,625,554,554,611,564,625,554,554,611,669,625,554,554,611,913,554,554,554,611,554,554,554,554,611,554,554
n03344393_ILSVRC2012_val_00043328.png,554,554,562,562,552,388,554,562,611,190,84,554,562,611,982,562,554,562,611,190,696,554,562,562,169,696,554,554,611,749,749,554,554,611,749,554,554,554,554,169,696
n03344393_ILSVRC2012_val_00046326.png,554,554,554,628,554,628,554,628,628,554,628,554,628,628,628,628,554,554,628,628,628,554,554,554,554,554,554,554,554,554,554,554,554,554,554,554,554,554,554,554,554
n03344393_ILSVRC2012_val_00048349.png,554,554,554,554,554,554,554,554,554,554,554,554,562,611,580,821,554,554,554,580,821,554,554,554,554,554,554,554,554,554,554,554,554,554,554,554,554,554,554,554,554
n03345487_ILSVRC2012_val_00003016.png,555,555,555,555,555,555,555,555,555,555,555,555,661,661,717,717,555,555,661,717,717,555,555,555,555,555,555,555,555,555,555,555,555,555,555,555,555,555,555,555,555
n03345487_ILSVRC2012_val_00008013.png,555,555,555,555,555,555,555,555,555,555,555,555,864,864,864,864,555,555,555,864,864,555,555,555,555,864,555,555,555,555,555,555,555,555,864,864,555,555,555,555,555
n03345487_ILSVRC2012_val_00008893.png,555,555,829,829,705,829,555,829,829,654,654,555,829,829,654,654,555,829,829,654,654,555,829,829,555,654,555,555,654,654,654,555,555,555,555,654,555,555,829,654,654
n03345487_ILSVRC2012_val_00012916.png,555,555,555,555,555,717,555,555,611,717,717,555,864,611,555,717,555,555,611,717,717,555,555,611,555,555,555,555,611,555,864,555,555,611,555,555,555,555,611,555,555
n03345487_ILSVRC2012_val_00015376.png,555,555,555,555,555,555,555,517,517,517,517,555,517,517,517,517,555,517,517,517,517,555,555,555,555,517,555,555,555,555,555,555,555,555,555,517,555,555,555,555,517
n03345487_ILSVRC2012_val_00019954.png,555,555,555,555,803,555,555,555,407,406,407,555,407,407,406,407,555,555,407,406,407,555,555,555,406,407,555,555,555,555,468,555,555,407,555,407,555,555,555,555,555
n03345487_ILSVRC2012_val_00029847.png,555,555,867,867,555,705,555,867,867,555,757,555,867,867,555,705,555,555,555,705,705,555,867,867,555,555,555,660,660,660,555,555,555,874,874,874,555,555,874,555,555
n03345487_ILSVRC2012_val_00047588.png,555,555,555,874,555,555,555,555,555,555,555,555,874,874,555,555,555,874,874,407,734,555,555,874,555,555,555,555,555,555,555,555,555,555,555,555,555,555,555,555,555
n03347037_ILSVRC2012_val_00001219.png,556,556,556,640,556,750,556,556,640,556,431,556,494,640,556,431,556,556,640,663,431,556,556,640,556,797,556,556,640,556,431,556,556,640,556,431,556,556,640,556,556
n03347037_ILSVRC2012_val_00010105.png,556,556,556,492,556,556,556,556,516,492,516,556,516,516,556,556,556,556,516,516,516,556,556,556,556,556,556,556,556,556,556,556,556,556,556,556,556,556,556,556,556
n03347037_ILSVRC2012_val_00027126.png,556,556,556,587,556,406,556,556,644,556,470,556,477,845,711,470,556,556,845,470,470,556,556,845,556,470,556,556,556,556,470,556,556,845,556,556,556,556,845,556,470
n03347037_ILSVRC2012_val_00044219.png,556,556,492,771,868,868,556,492,771,868,868,556,492,771,868,868,556,492,771,868,868,556,556,771,868,868,556,556,771,868,868,556,556,771,868,868,556,556,556,556,868
n03355925_ILSVRC2012_val_00013923.png,557,557,498,498,498,498,557,498,498,498,498,557,498,498,498,498,557,498,498,498,498,557,557,498,557,498,557,498,498,498,498,557,557,557,557,498,557,557,498,557,498
n03355925_ILSVRC2012_val_00030788.png,557,557,557,489,557,646,557,557,489,646,646,557,752,489,646,646,557,557,489,646,646,557,557,489,557,646,557,557,489,557,646,557,557,489,557,646,557,557,489,557,646
n03372029_ILSVRC2012_val_00008240.png,558,558,558,558,558,558,558,558,683,558,683,558,683,683,558,683,558,558,558,683,683,558,558,558,558,558,558,558,558,558,558,558,558,558,558,558,558,558,558,558,558
n03372029_ILSVRC2012_val_00031149.png,558,558,558,819,558,683,558,558,683,683,683,558,432,683,683,683,558,558,683,683,683,558,683,683,683,683,558,558,683,683,683,558,558,558,558,558,558,558,558,558,558
n03376595_ILSVRC2012_val_00002253.png,559,559,794,794,669,669,559,794,794,559,669,559,794,794,559,669,559,794,794,669,669,559,794,794,669,669,559,559,794,559,669,559,794,794,669,669,559,559,794,559,669
n03376595_ILSVRC2012_val_00023734.png,559,559,669,669,840,669,559,559,669,669,669,559,669,669,669,669,559,669,669,669,669,559,669,669,669,669,559,559,669,559,669,559,559,669,559,669,559,669,669,559,669
n03376595_ILSVRC2012_val_00037905.png,559,559,559,765,423,423,559,765,765,559,423,559,765,765,559,423,559,765,765,423,424,559,559,559,559,559,559,559,559,559,559,559,559,559,559,559,559,559,559,559,559
n03376595_ILSVRC2012_val_00038258.png,559,559,559,431,559,431,559,559,431,559,431,559,431,431,431,431,559,431,431,431,431,559,559,559,559,431,559,431,431,431,431,559,559,559,559,559,559,559,559,559,431
n03376595_ILSVRC2012_val_00043377.png,559,559,765,765,559,434,559,559,765,559,434,559,765,765,559,434,559,765,765,552,434,559,765,765,552,434,559,559,765,552,431,559,559,559,559,559,559,559,559,552,559
n03376595_ILSVRC2012_val_00048216.png,559,559,541,828,523,523,559,559,828,523,523,559,987,828,523,523,559,523,545,523,523,559,559,559,523,523,559,559,559,559,523,559,559,559,559,559,559,559,559,559,523
n03379051_ILSVRC2012_val_00006397.png,560,560,560,560,560,768,560,560,981,560,768,560,768,981,560,768,560,768,981,768,768,560,560,560,560,768,560,560,560,560,560,560,560,560,560,560,560,560,560,560,560
n03379051_ILSVRC2012_val_00011352.png,560,560,560,787,787,787,560,787,787,787,787,560,787,787,787,787,560,787,787,787,787,560,560,787,787,787,560,787,787,787,787,560,787,787,787,787,560,560,787,787,787
n03379051_ILSVRC2012_val_00018798.png,560,560,560,796,560,560,560,560,796,560,560,560,796,796,560,560,560,560,560,465,443,560,560,560,560,560,560,560,560,560,560,560,560,560,560,560,560,560,560,560,560
n03379051_ILSVRC2012_val_00020653.png,560,560,537,244,537,560,560,537,244,537,537,560,176,568,560,560,560,560,568,537,450,560,560,560,560,560,560,560,537,560,560,560,560,560,560,450,560,560,560,560,450
n03379051_ILSVRC2012_val_00032342.png,560,560,518,518,768,518,560,518,518,768,518,560,518,518,518,518,560,560,518,643,518,560,518,518,518,518,560,560,518,643,796,560,518,518,518,518,560,560,560,560,560
n03379051_ILSVRC2012_val_00032425.png,560,560,560,560,560,560,560,805,805,560,768,560,768,768,560,768,560,560,768,768,768,560,768,768,768,768,560,560,768,560,768,560,560,768,560,560,560,560,560,560,768
n03379051_ILSVRC2012_val_00034208.png,560,560,570,939,518,529,560,570,621,560,529,560,447,621,560,529,560,882,882,939,529,560,560,770,560,529,560,560,560,560,560,560,560,770,560,529,560,560,560,560,560
n03379051_ILSVRC2012_val_00037567.png,560,560,560,560,560,768,560,768,768,768,768,560,768,768,768,768,560,560,768,768,768,560,560,768,560,768,560,560,768,560,768,560,560,768,560,768,560,560,768,768,768
n03379051_ILSVRC2012_val_00039052.png,560,560,560,981,787,524,560,981,429,169,461,560,981,429,787,461,560,560,429,169,524,560,981,981,560,461,560,560,560,560,461,560,560,560,560,787,560,560,560,560,461
n03384352_ILSVRC2012_val_00005128.png,561,561,561,561,561,561,561,561,575,561,867,561,575,575,561,867,561,575,575,867,867,561,561,575,561,561,561,561,575,867,867,561,561,561,561,867,561,561,561,561,867
n03384352_ILSVRC2012_val_00010186.png,561,561,561,561,561,561,561,561,561,561,575,561,573,573,575,575,561,561,573,575,575,561,561,561,561,575,561,561,561,561,575,561,561,561,561,561,561,561,561,561,561
n03384352_ILSVRC2012_val_00011462.png,561,561,561,621,561,595,561,561,621,561,595,561,621,621,561,595,561,561,561,621,595,561,561,561,561,561,561,561,561,561,595,561,561,561,561,561,561,561,561,561,561
n03384352_ILSVRC2012_val_00024267.png,561,561,561,561,561,575,561,561,575,575,575,561,573,573,575,575,561,561,575,575,575,561,561,561,561,575,561,561,575,561,575,561,561,561,561,561,561,561,561,561,561
n03384352_ILSVRC2012_val_00028183.png,561,561,864,561,864,555,561,569,555,569,555,561,864,555,555,555,561,864,555,555,555,561,561,561,561,561,561,561,555,561,864,561,561,561,561,561,561,561,561,561,561
n03384352_ILSVRC2012_val_00045722.png,561,561,561,634,561,634,561,561,634,561,634,561,634,634,561,634,561,561,561,634,634,561,561,561,561,634,561,561,561,561,634,561,561,561,561,634,561,561,561,561,561
n03384352_ILSVRC2012_val_00045886.png,561,561,595,595,595,595,561,561,866,866,866,561,866,730,866,866,561,866,866,866,866,561,561,866,561,866,561,866,866,866,595,561,561,561,561,561,561,561,866,866,866
n03388043_ILSVRC2012_val_00024660.png,562,562,974,974,974,974,562,562,974,562,974,562,974,974,974,974,562,974,974,974,974,562,562,562,562,974,562,562,974,974,974,562,974,974,974,974,562,562,974,974,974
n03388043_ILSVRC2012_val_00049852.png,562,562,562,716,562,562,562,562,716,562,562,562,716,716,716,920,562,716,716,716,920,562,562,716,562,920,562,562,716,562,562,562,562,562,562,562,562,562,716,562,562
n03388183_ILSVRC2012_val_00011739.png,563,563,563,845,563,845,563,563,845,845,845,563,845,845,845,845,563,845,845,845,845,563,563,563,563,845,563,563,563,563,845,563,563,563,845,845,563,563,563,563,845
n03388183_ILSVRC2012_val_00020340.png,563,563,918,918,918,918,563,918,918,918,918,563,918,918,918,918,563,918,918,918,918,563,563,563,563,918,563,918,918,918,918,563,918,918,918,918,563,918,918,918,918
n03388183_ILSVRC2012_val_00033096.png,563,563,563,563,563,563,563,563,563,563,563,563,902,902,563,563,563,563,563,477,418,563,563,563,563,563,563,563,563,563,563,563,563,563,563,563,563,563,563,563,563
n03388549_ILSVRC2012_val_00016940.png,564,564,583,583,583,583,564,564,564,583,583,564,642,642,564,583,564,564,765,583,583,564,564,564,564,564,564,564,564,564,564,564,564,564,564,583,564,564,564,564,583
n03388549_ILSVRC2012_val_00019003.png,564,564,564,564,492,564,564,564,564,564,564,564,423,423,564,564,564,564,423,221,831,564,564,564,564,564,564,564,857,564,564,564,564,564,564,564,564,564,564,564,564
n03388549_ILSVRC2012_val_00021893.png,564,564,564,467,564,564,564,564,162,564,831,564,255,161,564,831,564,564,690,264,831,564,564,564,564,564,564,564,564,564,564,564,564,564,564,564,564,564,564,564,564
n03388549_ILSVRC2012_val_00023430.png,564,564,564,669,564,669,564,564,669,564,564,564,669,669,564,669,564,564,564,831,669,564,564,564,564,564,564,564,564,564,564,564,564,564,564,564,564,564,564,564,564
n03388549_ILSVRC2012_val_00026165.png,564,564,564,831,564,831,564,564,831,422,831,564,765,831,564,564,564,564,831,831,831,564,564,564,564,564,564,564,564,564,831,564,564,564,564,564,564,564,564,564,564
n03388549_ILSVRC2012_val_00030183.png,564,564,669,669,478,669,564,915,669,519,520,564,669,669,519,520,564,669,669,713,520,564,669,669,564,520,564,564,669,564,669,564,669,669,564,669,564,669,669,564,669
n03388549_ILSVRC2012_val_00033922.png,564,564,423,423,423,423,564,564,564,564,423,564,423,424,564,423,564,564,423,423,424,564,564,564,564,564,564,564,564,564,564,564,564,564,564,564,564,564,564,564,564
n03388549_ILSVRC2012_val_00036483.png,564,564,564,904,564,525,564,564,904,564,525,564,708,904,564,525,564,564,669,423,525,564,564,564,564,564,564,564,564,564,564,564,564,564,564,525,564,564,564,564,525
n03388549_ILSVRC2012_val_00040721.png,564,564,669,669,669,669,564,669,669,669,669,564,669,669,669,669,564,669,669,669,669,564,669,669,669,669,564,669,669,669,669,564,669,669,669,669,564,669,669,669,669
n03393912_ILSVRC2012_val_00001451.png,565,565,565,565,565,565,565,565,565,565,565,565,905,905,498,905,565,565,565,498,449,565,565,565,565,565,565,565,565,565,565,565,565,565,565,565,565,565,565,565,565
n03393912_ILSVRC2012_val_00003909.png,565,565,565,565,565,556,565,565,565,565,843,565,786,786,843,843,565,565,565,843,843,565,565,565,565,843,565,565,565,565,843,565,565,565,565,843,565,565,565,565,565
n03393912_ILSVRC2012_val_00005261.png,565,565,565,565,565,565,565,565,565,565,565,565,660,660,565,660,565,565,565,757,660,565,565,565,565,565,565,565,565,565,660,565,565,565,565,565,565,565,565,565,565
n03393912_ILSVRC2012_val_00017306.png,565,565,565,847,565,565,565,565,565,565,565,565,547,547,565,565,565,565,565,675,675,565,565,565,565,565,565,565,565,565,565,565,565,565,565,565,565,565,565,565,565
n03393912_ILSVRC2012_val_00020863.png,565,565,565,794,565,565,565,565,794,565,565,565,794,794,565,565,565,794,794,675,675,565,794,794,565,565,565,565,794,565,565,565,565,794,565,565,565,565,565,565,565
n03393912_ILSVRC2012_val_00029166.png,565,565,565,565,565,565,565,565,565,565,565,565,547,408,565,565,565,565,565,554,554,565,565,408,565,565,565,565,565,565,565,565,565,565,565,565,565,565,565,565,565
n03393912_ILSVRC2012_val_00029824.png,565,565,565,565,565,565,565,565,565,565,565,565,498,867,565,867,565,565,867,867,867,565,565,565,565,565,565,565,565,565,565,565,565,565,565,565,565,565,565,565,565
n03393912_ILSVRC2012_val_00032015.png,565,565,565,425,565,565,565,565,888,888,888,565,698,562,565,718,565,565,565,888,718,565,565,562,565,565,565,565,565,565,565,565,565,565,565,888,565,565,565,565,565
n03393912_ILSVRC2012_val_00033082.png,565,565,565,565,565,565,565,565,565,565,565,565,498,498,565,565,565,565,565,867,867,565,565,565,565,565,565,565,565,565,565,565,565,565,565,565,565,565,565,565,565
n03393912_ILSVRC2012_val_00035384.png,565,565,565,857,498,915,565,565,423,498,915,565,675,424,854,915,565,675,857,598,915,565,565,406,406,915,565,565,857,854,750,565,565,857,565,915,565,565,458,565,915
n03393912_ILSVRC2012_val_00036338.png,565,565,565,565,565,565,565,565,565,565,565,565,705,705,565,565,565,565,565,705,547,565,565,565,565,565,565,565,565,565,565,565,565,565,565,565,565,565,565,565,565
n03393912_ILSVRC2012_val_00036706.png,565,565,565,709,539,539,565,709,709,539,539,565,593,709,539,539,565,539,709,539,539,565,709,709,868,868,565,593,709,565,539,565,593,709,709,539,565,593,709,565,593
n03393912_ILSVRC2012_val_00037466.png,565,565,565,565,565,705,565,565,565,565,565,565,705,705,565,565,565,565,565,705,705,565,565,565,565,565,565,565,565,565,565,565,565,705,565,565,565,565,565,565,565
n03393912_ILSVRC2012_val_00043311.png,565,565,565,565,565,565,565,565,565,565,565,565,498,424,498,565,565,565,565,498,705,565,565,565,565,565,565,565,565,565,565,565,565,565,565,565,565,565,565,565,565
n03393912_ILSVRC2012_val_00043881.png,565,565,565,741,562,819,565,498,498,580,580,565,498,498,562,819,565,498,498,562,819,565,498,498,565,819,565,565,498,565,819,565,565,565,565,819,565,565,498,565,565
n03393912_ILSVRC2012_val_00046790.png,565,565,565,565,565,565,565,565,565,565,565,565,711,820,565,565,565,565,565,665,670,565,565,565,565,565,565,565,565,565,565,565,565,565,565,565,565,565,565,565,565
n03394916_ILSVRC2012_val_00007155.png,566,566,566,566,566,566,566,566,566,566,566,566,513,513,566,566,566,566,566,513,513,566,566,566,566,566,566,566,566,566,566,566,566,566,566,566,566,566,566,566,566
n03394916_ILSVRC2012_val_00009037.png,566,566,461,611,776,776,566,568,611,875,875,566,523,611,513,513,566,837,611,875,875,566,566,611,566,566,566,566,611,566,566,566,566,611,566,566,566,566,611,566,566
n03394916_ILSVRC2012_val_00013113.png,566,566,566,652,566,652,566,652,652,652,652,566,652,652,566,652,566,652,652,652,652,566,566,652,566,652,566,566,566,566,566,566,566,566,566,566,566,566,652,566,652
n03394916_ILSVRC2012_val_00013915.png,566,566,566,566,566,566,566,566,566,566,566,566,513,513,566,566,566,566,566,513,513,566,566,566,566,566,566,566,566,566,566,566,566,566,566,566,566,566,566,566,566
n03394916_ILSVRC2012_val_00017407.png,566,566,523,513,399,399,566,566,566,399,399,566,523,513,399,399,566,566,513,399,399,566,566,513,399,399,566,432,513,566,399,566,566,513,399,399,566,566,513,566,399
n03394916_ILSVRC2012_val_00022204.png,566,566,420,363,363,104,566,566,363,102,102,566,223,363,378,378,566,566,363,378,103,566,566,566,566,103,566,223,363,378,357,566,566,787,768,358,566,566,566,566,102
n03394916_ILSVRC2012_val_00046826.png,566,566,566,786,566,423,566,566,566,566,566,566,621,513,566,566,566,566,566,619,526,566,566,566,566,566,566,566,566,566,566,566,566,566,566,566,566,566,566,566,566
n03400231_ILSVRC2012_val_00014537.png,567,567,544,544,926,926,567,544,544,521,926,567,544,544,926,926,567,544,544,926,926,567,544,544,926,926,567,544,544,544,926,567,544,544,544,926,567,544,544,544,926
n03400231_ILSVRC2012_val_00027646.png,567,567,962,766,116,766,567,962,766,587,766,567,962,766,766,766,567,962,766,784,766,567,962,766,813,766,567,962,766,962,766,567,962,766,813,766,567,962,766,567,766
n03400231_ILSVRC2012_val_00035422.png,567,567,544,891,964,964,567,567,891,567,964,567,891,891,964,964,567,891,891,964,964,567,891,891,964,964,567,891,891,964,964,567,891,891,964,964,567,891,891,964,964
n03404251_ILSVRC2012_val_00013293.png,568,568,474,474,434,434,568,171,474,434,434,568,474,474,434,434,568,474,474,434,434,568,474,474,434,434,568,474,474,434,434,568,474,474,434,434,568,474,474,434,434
n03404251_ILSVRC2012_val_00014604.png,568,568,568,869,568,228,568,228,869,228,228,568,189,869,228,228,568,189,869,228,228,568,568,869,568,228,568,228,869,228,228,568,228,869,228,228,568,228,568,228,228
n03404251_ILSVRC2012_val_00022952.png,568,568,568,824,568,364,568,568,824,106,362,568,358,474,106,362,568,568,474,106,362,568,568,568,568,362,568,568,568,568,362,568,568,568,568,106,568,568,568,568,362
n03404251_ILSVRC2012_val_00025292.png,568,568,824,887,501,501,568,735,887,501,501,568,824,887,885,885,568,824,887,885,885,568,824,887,885,885,568,824,887,568,568,568,824,887,824,885,568,824,887,568,885
n03404251_ILSVRC2012_val_00046152.png,568,568,568,887,887,887,568,887,887,887,887,568,887,887,887,887,568,568,887,887,887,568,568,887,887,887,568,568,887,568,887,568,568,501,568,887,568,568,887,568,568
n03417042_ILSVRC2012_val_00012925.png,569,569,569,867,867,867,569,569,867,867,867,569,867,867,867,867,569,569,867,867,867,569,569,569,569,867,569,569,569,569,867,569,569,569,569,569,569,569,569,569,867
n03417042_ILSVRC2012_val_00022172.png,569,569,569,867,864,569,569,569,569,569,569,569,867,867,569,867,569,569,867,864,867,569,569,569,569,569,569,569,867,569,569,569,569,569,569,569,569,569,569,569,569
n03417042_ILSVRC2012_val_00036233.png,569,569,569,569,569,569,569,569,867,569,803,569,867,867,803,803,569,569,867,803,803,569,569,867,569,803,569,569,569,569,569,569,569,569,569,803,569,569,569,569,803
n03417042_ILSVRC2012_val_00044888.png,569,569,867,867,867,867,569,867,867,867,867,569,867,867,867,867,569,867,867,867,867,569,867,867,867,867,569,867,867,867,867,569,867,867,569,867,569,867,867,569,867
n03424325_ILSVRC2012_val_00017033.png,570,570,570,447,447,745,570,570,632,759,632,570,632,632,570,570,570,570,632,759,632,570,570,632,570,632,570,570,570,570,570,570,570,570,570,570,570,570,570,570,570
n03424325_ILSVRC2012_val_00023123.png,570,570,818,570,570,570,570,570,635,570,545,570,862,635,570,691,570,570,635,691,691,570,570,570,570,570,570,570,570,570,570,570,570,570,570,570,570,570,570,570,570
n03424325_ILSVRC2012_val_00031677.png,570,570,691,691,691,691,570,691,691,691,691,570,691,691,570,691,570,691,691,691,691,570,570,691,691,691,570,570,570,570,570,570,691,691,691,691,570,570,691,570,570
n03425413_ILSVRC2012_val_00009821.png,571,571,571,571,571,571,571,571,571,571,707,571,707,707,571,707,571,571,571,707,707,571,571,571,571,571,571,571,571,571,571,571,571,571,571,571,571,571,571,571,571
n03425413_ILSVRC2012_val_00017469.png,571,571,571,704,571,704,571,704,704,704,704,571,704,704,704,704,571,704,704,704,704,571,571,571,571,704,571,571,704,571,704,571,571,571,571,571,571,571,571,571,571
n03425413_ILSVRC2012_val_00031186.png,571,571,571,704,704,922,571,707,707,692,919,571,707,707,707,919,571,571,707,893,919,571,571,571,571,571,571,571,571,571,919,571,571,571,571,781,571,571,571,571,571
n03425413_ILSVRC2012_val_00040715.png,571,571,704,811,571,707,571,704,811,877,877,571,811,811,571,571,571,704,811,877,877,571,571,811,571,877,571,571,811,571,571,571,571,811,571,571,571,571,571,571,571
n03425413_ILSVRC2012_val_00044734.png,571,571,704,704,704,704,571,704,704,704,704,571,704,704,704,704,571,704,704,704,704,571,571,571,571,571,571,571,704,920,704,571,704,571,571,704,571,571,571,571,571
n03425413_ILSVRC2012_val_00045944.png,571,571,707,704,707,886,571,571,704,571,886,571,704,704,886,886,571,571,704,886,886,571,571,704,571,886,571,571,571,571,886,571,571,571,571,571,571,571,704,571,571
n03425413_ILSVRC2012_val_00048977.png,571,571,571,571,571,571,571,571,571,571,704,571,760,886,571,571,571,571,571,704,704,571,571,571,571,571,571,571,571,571,571,571,571,571,571,571,571,571,571,571,571
n03443371_ILSVRC2012_val_00018786.png,572,572,572,572,572,572,572,572,572,572,572,572,968,968,572,968,572,968,572,504,504,572,572,572,572,572,572,968,956,956,572,572,572,572,572,572,572,572,572,572,572
n03443371_ILSVRC2012_val_00027924.png,572,572,572,828,572,828,572,572,828,572,828,572,828,828,572,828,572,572,828,849,828,572,572,572,572,572,572,572,572,572,572,572,572,572,572,572,572,572,828,572,572
n03443371_ILSVRC2012_val_00033170.png,572,572,641,641,641,641,572,604,604,604,604,572,604,604,604,604,572,604,604,604,604,572,604,604,604,604,572,572,604,572,604,572,604,604,604,572,572,572,604,572,604
n03443371_ILSVRC2012_val_00044121.png,572,572,268,545,337,883,572,180,545,337,883,572,171,545,337,883,572,171,545,337,883,572,171,545,268,883,572,171,545,674,883,572,13,545,337,883,572,171,545,337,883
n03443371_ILSVRC2012_val_00046087.png,572,572,572,898,441,441,572,441,611,572,441,572,441,441,441,441,572,441,441,441,441,572,572,441,572,441,572,572,441,441,441,572,572,572,441,441,572,572,572,572,441
n03444034_ILSVRC2012_val_00005381.png,573,573,573,573,573,573,573,573,573,573,751,573,518,518,573,573,573,573,573,751,751,573,573,573,573,573,573,573,573,573,573,573,573,573,573,573,573,573,573,573,573
n03444034_ILSVRC2012_val_00006363.png,573,573,573,573,573,621,573,573,573,573,573,573,621,621,621,621,573,573,621,112,621,573,573,573,573,573,573,573,573,573,573,573,573,573,573,573,573,573,573,573,573
n03444034_ILSVRC2012_val_00011067.png,573,573,573,573,576,576,573,573,575,576,576,573,408,575,573,576,573,573,575,576,576,573,573,573,573,576,573,573,573,573,576,573,573,573,573,576,573,573,573,573,576
n03444034_ILSVRC2012_val_00018585.png,573,573,621,621,805,573,573,621,621,573,573,573,621,621,805,573,573,621,621,805,751,573,621,621,573,573,573,573,621,805,573,573,573,573,573,573,573,573,621,573,573
n03444034_ILSVRC2012_val_00019495.png,573,573,573,751,573,518,573,573,751,518,518,573,751,751,573,573,573,751,751,518,518,573,573,573,573,573,573,573,573,573,573,573,573,573,573,573,573,573,573,573,573
n03444034_ILSVRC2012_val_00027553.png,573,573,573,611,573,573,573,573,611,573,573,573,407,611,573,573,573,573,611,407,751,573,573,611,573,573,573,573,611,573,573,573,573,611,573,573,573,573,573,573,573
n03444034_ILSVRC2012_val_00047734.png,573,573,573,621,573,573,573,573,621,573,518,573,621,621,573,751,573,573,621,751,751,573,573,573,573,573,573,573,573,573,573,573,573,573,573,573,573,573,573,573,573
n03445777_ILSVRC2012_val_00007755.png,574,574,599,611,87,793,574,599,611,78,793,574,599,611,677,793,574,574,611,700,793,574,599,611,700,574,574,574,611,574,574,574,599,611,574,574,574,574,574,574,574
n03445777_ILSVRC2012_val_00013633.png,574,574,574,574,574,574,574,574,429,574,429,574,722,722,722,722,574,574,574,722,722,574,574,574,574,574,574,574,574,574,574,574,574,574,574,574,574,574,574,574,574
n03445777_ILSVRC2012_val_00020781.png,574,574,574,429,574,319,574,574,429,574,429,574,429,429,574,748,574,574,429,748,748,574,574,429,574,971,574,574,429,574,574,574,574,429,574,574,574,574,429,522,574
n03445777_ILSVRC2012_val_00022792.png,574,574,574,768,574,574,574,574,805,574,805,574,805,890,574,890,574,574,890,319,890,574,574,574,574,890,574,574,574,574,574,574,574,574,574,574,574,574,574,574,574
n03445777_ILSVRC2012_val_00031897.png,574,574,443,455,529,610,574,529,455,805,610,574,529,455,805,529,574,529,455,805,610,574,529,455,805,610,574,529,455,574,610,574,999,574,574,610,574,529,574,574,574
n03445777_ILSVRC2012_val_00035519.png,574,574,574,768,574,728,574,574,768,574,769,574,664,443,574,852,574,574,574,769,769,574,574,574,574,574,574,574,574,574,574,574,574,574,574,574,574,574,574,574,574
n03445777_ILSVRC2012_val_00036755.png,574,574,574,721,574,793,574,855,109,574,669,574,721,721,721,879,574,721,721,721,879,574,574,574,721,879,574,574,721,574,538,574,574,599,599,538,574,574,619,574,879
n03445777_ILSVRC2012_val_00046468.png,574,574,574,722,605,886,574,722,722,605,886,574,722,722,574,574,574,722,722,550,550,574,722,722,574,574,574,574,722,574,574,574,574,722,574,574,574,722,722,574,574
n03445777_ILSVRC2012_val_00048517.png,574,574,574,572,574,107,574,572,572,107,107,574,572,572,574,107,574,574,572,107,107,574,574,572,574,107,574,574,574,574,574,574,574,574,574,107,574,574,574,574,574
n03445924_ILSVRC2012_val_00001116.png,575,575,561,561,561,561,575,561,561,561,561,575,561,561,561,561,575,561,561,561,561,575,561,561,561,561,575,575,561,561,561,575,575,561,561,561,575,575,561,561,561
n03445924_ILSVRC2012_val_00032367.png,575,575,575,575,575,575,575,575,575,575,575,575,621,603,575,621,575,575,575,279,621,575,575,575,575,575,575,575,575,575,575,575,575,575,575,575,575,575,575,575,575
n03445924_ILSVRC2012_val_00043045.png,575,575,575,575,575,561,575,575,575,575,575,575,561,561,575,561,575,575,575,561,561,575,575,575,575,575,575,575,575,575,575,575,575,575,575,561,575,575,575,575,575
n03445924_ILSVRC2012_val_00043857.png,575,575,575,573,573,573,575,575,573,573,573,575,730,573,573,573,575,575,573,573,573,575,575,575,575,575,575,575,575,575,573,575,575,575,575,575,575,575,575,575,575
n03445924_ILSVRC2012_val_00044693.png,575,575,575,575,575,670,575,575,621,575,670,575,621,621,575,670,575,575,621,670,670,575,575,575,575,575,575,575,575,575,575,575,575,575,670,670,575,575,575,575,575
n03445924_ILSVRC2012_val_00046698.png,575,575,575,561,575,561,575,575,561,575,561,575,561,561,561,561,575,575,561,561,561,575,575,575,575,561,575,575,575,575,575,575,575,575,575,575,575,575,575,575,575
n03447447_ILSVRC2012_val_00005102.png,576,576,576,576,576,576,576,576,576,576,576,576,472,472,576,472,576,576,576,472,472,576,576,576,576,576,576,576,576,576,576,576,576,576,576,576,576,576,576,576,576
n03447447_ILSVRC2012_val_00014616.png,576,576,576,576,576,576,576,576,576,576,693,576,693,693,576,693,576,576,693,693,693,576,576,576,576,693,576,576,576,576,576,576,576,576,576,576,576,576,576,576,576
n03447447_ILSVRC2012_val_00015524.png,576,576,576,576,576,576,576,576,576,576,536,576,536,536,576,536,576,576,536,536,536,576,576,576,576,576,576,576,576,576,576,576,576,576,576,576,576,576,576,576,576
n03447447_ILSVRC2012_val_00030329.png,576,576,576,576,576,576,576,576,576,576,576,576,472,472,576,408,576,576,576,408,408,576,576,576,576,576,576,576,576,576,576,576,576,576,576,576,576,576,576,576,576
n03447447_ILSVRC2012_val_00035613.png,576,576,449,449,449,449,576,449,449,449,449,576,449,449,449,449,576,449,449,449,449,576,449,449,449,449,576,449,449,449,449,576,576,576,576,449,576,576,449,576,449
n03447447_ILSVRC2012_val_00045821.png,576,576,576,576,576,576,576,576,576,576,576,576,395,628,576,536,576,576,833,871,536,576,576,576,576,536,576,576,576,576,536,576,576,576,576,576,576,576,576,576,576
n03447447_ILSVRC2012_val_00048806.png,576,576,576,536,576,576,576,576,743,509,829,576,565,510,576,468,576,576,536,509,468,576,576,576,576,573,576,576,576,576,576,576,576,576,576,576,576,576,576,576,576
n03447721_ILSVRC2012_val_00002842.png,577,577,577,577,577,577,577,577,577,577,577,577,494,446,577,577,577,577,577,494,494,577,577,577,577,577,577,577,577,577,577,577,577,577,577,577,577,577,577,577,577
n03450230_ILSVRC2012_val_00007280.png,578,578,578,411,578,578,578,578,411,578,614,578,411,411,614,614,578,614,411,614,614,578,578,411,578,614,578,578,411,775,614,578,578,578,578,578,578,411,411,411,614
n03450230_ILSVRC2012_val_00012228.png,578,578,689,689,689,578,578,601,601,601,601,578,601,601,601,601,578,601,601,601,601,578,578,601,578,578,578,601,689,689,601,689,689,601,601,601,578,689,689,689,601
n03450230_ILSVRC2012_val_00027536.png,578,578,775,515,775,775,578,515,515,775,775,578,515,515,578,775,578,775,515,775,775,578,578,578,578,578,578,578,578,578,578,578,578,578,578,578,578,578,578,578,578
n03457902_ILSVRC2012_val_00005071.png,580,580,580,580,580,580,580,580,580,580,580,580,467,467,580,509,580,580,467,509,509,580,580,467,580,509,580,580,580,580,865,580,580,580,580,580,580,580,580,580,580
n03457902_ILSVRC2012_val_00005484.png,580,580,580,894,580,580,580,580,894,580,799,580,799,894,580,580,580,799,495,564,799,580,580,894,580,894,580,580,580,580,580,580,580,580,580,580,580,580,580,580,580
n03457902_ILSVRC2012_val_00013614.png,580,580,821,821,821,628,580,821,821,580,580,580,694,694,727,727,580,580,694,628,628,580,580,628,628,628,580,821,628,821,628,580,580,580,580,821,580,580,580,580,628
n03457902_ILSVRC2012_val_00014419.png,580,580,580,915,580,730,580,580,580,580,730,580,179,915,580,9,580,580,915,226,9,580,580,839,580,9,580,580,580,580,9,580,580,580,580,525,580,580,580,580,580
n03457902_ILSVRC2012_val_00028752.png,580,580,580,580,580,580,580,580,755,580,580,580,755,755,755,755,580,580,755,755,755,580,580,580,580,580,755,580,755,755,755,580,580,755,580,755,580,580,580,580,755
n03457902_ILSVRC2012_val_00042668.png,580,580,580,580,580,580,580,580,755,580,884,580,755,755,580,884,580,580,580,884,884,580,580,580,580,884,580,580,580,580,884,580,580,580,580,580,580,580,580,580,580
n03457902_ILSVRC2012_val_00049183.png,580,580,580,703,580,660,580,580,580,580,449,580,703,703,703,975,580,580,580,975,975,580,580,580,580,580,580,580,580,580,580,580,580,580,580,580,580,580,580,580,580
n03459775_ILSVRC2012_val_00000852.png,581,581,581,581,581,581,581,581,581,581,581,581,575,575,581,581,581,581,581,511,511,581,581,581,581,581,581,581,581,581,581,581,581,581,581,581,581,581,581,581,436
n03459775_ILSVRC2012_val_00023710.png,581,581,581,893,581,401,581,581,753,581,581,581,563,887,581,581,581,581,581,772,584,581,581,581,581,581,581,581,401,581,581,581,581,581,581,581,581,581,581,581,581
n03459775_ILSVRC2012_val_00032839.png,581,581,581,581,581,581,581,581,581,581,581,581,745,745,581,581,581,581,581,753,753,581,581,581,581,581,581,581,581,581,581,581,581,581,581,581,581,581,581,581,581
n03459775_ILSVRC2012_val_00036721.png,581,581,581,468,468,468,581,581,717,581,468,581,717,717,581,581,581,717,717,468,468,581,581,717,581,581,581,581,609,581,581,581,581,581,581,581,581,581,581,581,468
n03461385_ILSVRC2012_val_00012810.png,582,582,582,467,582,467,582,879,467,467,467,582,879,467,467,467,582,879,467,467,467,582,582,467,582,467,582,582,467,467,467,582,582,467,582,467,582,582,467,467,467
n03461385_ILSVRC2012_val_00040502.png,582,582,582,943,582,943,582,582,943,582,943,582,941,941,941,943,582,582,943,941,943,582,582,582,582,943,582,582,582,582,943,582,582,582,582,943,582,582,582,582,582
n03461385_ILSVRC2012_val_00045566.png,582,582,582,788,582,669,582,669,788,582,669,582,669,788,788,669,582,669,788,454,669,582,582,788,788,669,582,582,788,582,669,582,582,669,582,669,582,582,788,582,669
n03461385_ILSVRC2012_val_00049307.png,582,582,582,582,582,582,582,582,582,582,582,582,942,942,942,942,582,942,942,942,942,582,582,942,582,942,582,582,942,582,942,582,582,582,582,942,582,582,942,582,941
n03467068_ILSVRC2012_val_00007208.png,583,583,583,524,583,604,583,583,524,604,604,583,524,524,604,604,583,583,583,604,604,583,583,524,604,604,583,583,583,604,604,583,583,583,583,604,583,583,583,583,583
n03467068_ILSVRC2012_val_00013177.png,583,583,583,428,580,580,583,421,428,580,580,583,101,428,580,580,583,101,428,580,580,583,367,428,580,580,583,428,428,580,580,583,583,583,583,580,583,583,428,580,580
n03467068_ILSVRC2012_val_00016424.png,583,583,583,583,583,839,583,583,703,912,839,583,39,399,583,839,583,583,583,853,839,583,583,583,583,583,583,583,583,583,583,583,583,583,583,583,583,583,583,583,839
n03467068_ILSVRC2012_val_00017122.png,583,583,583,815,583,765,583,583,839,583,765,583,428,815,583,765,583,583,839,772,765,583,583,839,583,523,583,583,839,583,583,583,583,583,583,583,583,583,839,583,583
n03467068_ILSVRC2012_val_00020435.png,583,583,495,495,583,495,583,495,495,583,495,583,495,495,561,495,583,495,495,561,495,583,495,495,495,495,583,583,583,583,894,583,583,583,583,583,583,495,495,561,495
n03467068_ILSVRC2012_val_00020984.png,583,583,591,414,583,475,583,414,414,583,475,583,414,414,583,475,583,583,414,380,475,583,411,414,583,475,583,583,414,583,583,583,583,414,583,583,583,583,414,583,583
n03467068_ILSVRC2012_val_00042452.png,583,583,583,604,583,604,583,604,604,604,604,583,604,604,604,604,583,583,604,604,604,583,583,583,583,583,583,583,583,583,583,583,583,583,583,583,583,583,583,583,583
n03467068_ILSVRC2012_val_00042555.png,583,583,583,839,583,594,583,583,839,839,839,583,839,839,839,839,583,583,839,839,839,583,583,583,583,583,583,583,839,583,839,583,583,583,583,583,583,583,594,583,839
n03467068_ILSVRC2012_val_00044525.png,583,583,583,494,500,915,583,583,494,863,915,583,494,494,669,915,583,583,494,50,915,583,583,494,583,915,583,583,583,583,915,583,583,583,583,915,583,583,583,583,583
n03467068_ILSVRC2012_val_00048878.png,583,583,772,604,604,604,583,583,604,604,604,583,772,604,604,604,583,583,604,604,604,583,583,583,583,583,583,583,583,583,604,583,583,583,583,604,583,772,583,583,583
n03467068_ILSVRC2012_val_00049842.png,583,583,732,732,732,732,583,732,732,732,732,583,707,732,732,732,583,786,732,732,732,583,583,732,583,583,583,583,732,583,732,583,583,732,583,732,583,583,732,732,732
n03478589_ILSVRC2012_val_00000746.png,586,586,586,847,586,847,586,847,847,586,847,586,847,847,586,847,586,586,847,408,847,586,586,847,586,847,586,586,586,586,586,586,586,586,586,586,586,586,586,586,586
n03478589_ILSVRC2012_val_00000829.png,586,586,586,586,586,586,586,586,586,586,586,586,744,657,586,408,586,586,586,408,408,586,586,586,586,408,586,586,586,586,586,586,586,586,586,586,586,586,586,586,586
n03478589_ILSVRC2012_val_00001644.png,586,586,586,864,586,586,586,586,586,586,586,586,864,864,864,586,586,586,864,517,847,586,586,864,864,847,586,586,586,586,586,586,586,586,586,586,586,586,586,586,586
n03478589_ILSVRC2012_val_00008732.png,586,586,586,609,586,609,586,586,609,609,609,586,609,609,609,609,586,586,609,609,609,586,586,586,586,586,586,586,586,586,586,586,586,586,586,586,586,586,586,586,586
n03478589_ILSVRC2012_val_00009170.png,586,586,586,864,586,586,586,586,586,586,586,586,864,864,586,586,586,586,586,657,652,586,586,586,586,586,586,586,586,586,586,586,586,586,586,586,586,586,586,586,586
n03478589_ILSVRC2012_val_00010604.png,586,586,674,674,674,674,586,674,674,674,674,586,674,674,674,674,586,674,674,674,674,586,586,674,586,674,586,847,847,586,847,586,674,674,674,674,586,586,586,586,586
n03478589_ILSVRC2012_val_00017884.png,586,586,586,586,586,586,586,586,586,586,586,586,657,652,586,864,586,586,586,864,864,586,586,586,586,586,586,586,586,586,586,586,586,586,586,586,586,586,586,586,586
n03478589_ILSVRC2012_val_00020471.png,586,586,786,770,691,535,586,786,770,691,535,586,786,770,770,535,586,586,770,691,535,586,586,770,586,586,586,586,770,586,535,586,586,586,586,586,586,586,770,586,847
n03478589_ILSVRC2012_val_00028298.png,586,586,847,847,586,569,586,847,847,569,569,586,847,847,569,569,586,847,847,569,569,586,847,847,569,569,586,586,847,586,586,586,586,847,586,569,586,586,847,586,586
n03478589_ILSVRC2012_val_00041158.png,586,586,586,847,586,847,586,586,586,586,847,586,847,847,586,847,586,586,586,847,847,586,586,586,586,586,586,586,586,586,586,586,586,586,586,586,586,586,586,586,586
n03481172_ILSVRC2012_val_00010847.png,587,587,587,777,587,587,587,587,777,587,587,587,777,777,587,587,587,587,587,777,777,587,587,587,587,587,587,587,587,587,587,587,587,587,587,587,587,587,587,587,587
n03481172_ILSVRC2012_val_00032002.png,587,587,587,563,767,418,587,587,418,542,767,587,558,563,587,587,587,587,563,542,542,587,587,587,587,587,587,587,587,587,587,587,587,587,587,587,587,587,587,587,587
n03481172_ILSVRC2012_val_00032972.png,587,587,753,872,766,125,587,753,872,677,783,587,753,872,677,677,587,753,872,677,783,587,753,872,677,677,587,753,872,587,783,587,753,872,587,677,587,753,872,677,677
n03482405_ILSVRC2012_val_00004911.png,588,588,588,725,588,659,588,588,492,659,659,588,666,492,659,572,588,588,492,659,572,588,588,492,588,588,588,588,492,588,725,588,588,492,588,588,588,588,492,588,588
n03482405_ILSVRC2012_val_00034331.png,588,588,588,695,588,588,588,588,778,588,588,588,618,778,778,907,588,588,778,778,907,588,907,907,907,907,588,588,588,588,588,588,588,588,588,588,588,588,588,588,588
n03482405_ILSVRC2012_val_00035224.png,588,588,588,588,588,588,588,588,588,588,588,588,790,790,588,588,588,588,588,658,658,588,588,588,588,588,588,588,588,588,588,588,588,588,588,588,588,588,588,588,588
n03483316_ILSVRC2012_val_00024194.png,589,589,589,740,589,740,589,589,740,589,589,589,740,740,589,589,589,589,740,613,740,589,589,589,589,589,589,589,589,589,589,589,589,589,589,589,589,589,589,589,589
n03483316_ILSVRC2012_val_00028141.png,589,589,589,939,585,939,589,747,939,585,943,589,747,939,747,943,589,747,939,639,943,589,585,939,503,939,589,589,939,589,939,589,747,939,503,939,589,747,939,747,939
n03483316_ILSVRC2012_val_00034530.png,589,589,784,587,902,902,589,902,587,902,902,589,784,587,902,902,589,587,587,902,902,589,587,587,589,589,589,587,587,589,589,589,589,587,589,589,589,589,587,589,589
n03483316_ILSVRC2012_val_00038783.png,589,589,764,777,872,413,589,764,777,589,413,589,764,777,872,413,589,764,777,872,413,589,589,589,589,413,589,589,589,589,413,589,589,589,589,589,589,589,589,589,589
n03483316_ILSVRC2012_val_00039288.png,589,589,589,589,424,499,589,457,585,424,424,589,457,747,424,424,589,457,747,424,424,589,589,740,589,424,589,589,589,589,589,589,589,589,589,589,589,589,589,589,424
n03485407_ILSVRC2012_val_00023380.png,590,590,487,487,487,487,590,590,487,487,487,590,487,487,487,487,590,487,487,487,487,590,590,590,590,487,590,590,590,590,487,590,487,487,487,487,590,590,487,590,487
n03485794_ILSVRC2012_val_00022649.png,591,591,735,474,474,735,591,591,474,474,474,591,474,474,474,474,591,474,474,474,452,591,797,474,474,474,591,474,474,474,474,591,474,474,474,452,591,474,474,474,452
n03485794_ILSVRC2012_val_00028249.png,591,591,591,721,591,591,591,721,721,721,721,591,721,721,721,721,591,591,721,721,721,591,591,721,721,750,591,591,591,591,591,591,591,591,591,591,591,591,591,591,591
n03485794_ILSVRC2012_val_00034464.png,591,591,591,591,591,591,591,591,721,591,591,591,721,721,721,721,591,721,721,719,721,591,721,721,721,721,591,721,721,849,721,591,721,721,883,721,591,721,721,849,721
n03485794_ILSVRC2012_val_00036754.png,591,591,591,446,591,591,591,591,868,591,591,591,868,868,893,893,591,591,868,893,893,591,591,868,893,893,591,591,434,591,893,591,591,591,591,893,591,591,591,591,893
n03485794_ILSVRC2012_val_00036948.png,591,591,999,721,591,434,591,700,700,591,434,591,700,700,434,434,591,700,700,434,434,591,700,700,434,434,591,700,700,434,434,591,999,700,434,434,591,700,700,434,434
n03492542_ILSVRC2012_val_00000367.png,592,592,477,797,477,477,592,592,750,592,893,592,492,750,592,785,592,893,750,785,785,592,592,750,592,785,592,592,750,592,893,592,592,750,592,893,592,592,750,592,592
n03492542_ILSVRC2012_val_00001107.png,592,592,848,848,848,848,592,848,482,848,848,592,482,482,848,848,592,848,848,482,482,592,592,848,592,848,592,592,848,592,848,592,848,848,481,848,592,592,848,592,592
n03494278_ILSVRC2012_val_00030826.png,593,563,597,905,777,769,593,593,753,579,769,593,587,753,593,769,593,593,753,881,769,593,593,753,421,769,593,593,753,593,593,593,593,593,593,769,593,593,593,593,769
n03494278_ILSVRC2012_val_00037603.png,593,593,593,769,593,710,593,593,769,593,593,593,769,769,593,593,593,593,769,902,902,593,593,769,593,593,593,593,769,593,593,593,593,769,593,593,593,593,769,593,593
n03494278_ILSVRC2012_val_00048699.png,593,593,593,611,674,674,593,999,611,674,674,593,523,611,674,674,593,523,611,674,674,593,593,611,674,105,593,593,611,593,674,593,593,611,593,674,593,593,611,593,674
n03495258_ILSVRC2012_val_00006832.png,594,594,594,594,594,594,594,594,594,594,594,594,839,699,594,594,594,594,594,358,897,594,594,594,594,594,594,594,594,594,594,594,594,594,594,594,594,594,594,594,594
n03495258_ILSVRC2012_val_00014569.png,594,594,401,401,401,401,594,594,401,401,401,594,401,401,401,401,594,594,401,401,401,594,594,401,401,401,594,594,401,594,594,594,401,401,401,401,594,594,594,594,594
n03495258_ILSVRC2012_val_00015833.png,594,594,594,594,594,594,594,594,594,594,594,594,718,616,594,594,594,594,594,427,391,594,594,594,594,594,594,594,594,594,594,594,594,594,594,594,594,594,594,594,594
n03495258_ILSVRC2012_val_00019556.png,594,594,594,839,594,501,594,594,839,594,501,594,839,839,594,578,594,594,594,524,501,594,594,594,594,501,594,594,594,594,594,594,594,594,594,594,594,594,594,594,594
n03495258_ILSVRC2012_val_00028762.png,594,594,594,594,594,462,594,594,523,523,462,594,523,523,523,462,594,594,523,523,462,594,594,594,594,594,594,594,594,594,462,594,594,594,594,594,594,594,594,594,594
n03495258_ILSVRC2012_val_00030996.png,594,594,594,777,594,893,594,594,787,594,594,594,854,787,594,594,594,594,787,842,748,594,594,594,594,594,594,594,594,594,594,594,594,594,594,594,594,594,594,594,594
n03495258_ILSVRC2012_val_00040680.png,594,594,594,594,594,762,594,594,594,594,594,594,762,762,594,762,594,594,762,440,762,594,594,594,594,762,594,594,594,594,762,594,594,594,594,762,594,594,594,594,762
n03495258_ILSVRC2012_val_00042991.png,594,594,594,560,787,417,594,747,560,843,843,594,747,560,843,843,594,594,560,843,843,594,594,560,594,594,594,594,560,843,843,594,594,594,594,594,594,594,594,594,594
n03496892_ILSVRC2012_val_00000015.png,595,595,595,595,595,595,595,595,595,595,595,595,856,856,595,595,595,856,856,690,856,595,595,856,595,856,595,595,595,595,595,595,595,595,595,595,595,595,595,595,595
n03496892_ILSVRC2012_val_00020334.png,595,595,621,958,856,856,595,856,428,856,856,595,880,425,595,856,595,595,856,856,856,595,856,595,595,595,595,595,856,595,595,595,595,856,595,856,595,595,856,595,595
n03496892_ILSVRC2012_val_00022171.png,595,595,595,595,517,561,595,595,595,408,408,595,856,856,408,408,595,856,856,408,847,595,595,856,595,408,595,856,856,408,847,595,595,856,595,847,595,595,595,408,847
n03496892_ILSVRC2012_val_00048862.png,595,595,595,820,595,595,595,595,820,856,856,595,820,820,856,856,595,820,820,856,856,595,595,820,856,856,595,856,820,856,856,595,856,820,595,856,595,856,820,856,856
n03498962_ILSVRC2012_val_00003307.png,596,596,366,596,366,366,596,366,596,366,372,596,543,587,596,372,596,208,596,223,372,596,587,596,205,372,596,596,596,596,372,596,596,596,596,372,596,596,596,596,372
n03498962_ILSVRC2012_val_00004068.png,596,596,596,835,835,835,596,596,596,596,723,596,792,562,591,716,596,596,562,258,716,596,596,562,596,723,596,596,596,835,835,596,596,596,596,596,596,596,596,596,596
n03498962_ILSVRC2012_val_00016204.png,596,596,596,6,428,730,596,792,792,428,792,596,792,792,792,792,596,792,792,428,792,596,792,792,792,792,596,596,792,792,792,596,596,596,596,792,596,792,792,792,792
n03498962_ILSVRC2012_val_00045508.png,596,596,596,587,596,777,596,596,587,596,596,596,587,587,596,597,596,596,596,896,748,596,596,596,596,596,596,596,596,596,596,596,596,596,596,596,596,596,587,596,596
n03527444_ILSVRC2012_val_00015772.png,597,597,777,587,777,726,597,597,587,777,726,597,777,596,777,726,597,777,587,777,726,597,597,596,777,726,597,597,596,597,726,597,597,596,597,726,597,597,587,597,726
n03527444_ILSVRC2012_val_00028739.png,597,597,597,630,763,763,597,597,630,763,763,597,630,630,763,763,597,597,630,763,763,597,597,597,763,597,597,597,597,763,763,597,597,597,763,763,597,597,597,597,597
n03527444_ILSVRC2012_val_00033835.png,597,597,464,327,533,533,597,597,828,533,533,597,464,828,533,533,597,464,828,533,533,597,597,611,533,533,597,597,502,597,533,597,597,570,533,452,597,597,597,597,452
n03527444_ILSVRC2012_val_00035251.png,597,597,597,524,597,597,597,597,524,597,597,597,464,524,597,597,597,597,597,761,546,597,597,597,597,597,597,597,524,597,597,597,597,597,597,597,597,597,597,597,597
n03527444_ILSVRC2012_val_00037761.png,597,597,413,847,413,413,597,413,586,413,413,597,413,413,413,413,597,764,847,764,764,597,764,413,764,413,597,597,413,413,413,597,413,413,413,413,764,413,413,764,413
n03527444_ILSVRC2012_val_00038025.png,597,597,597,514,597,597,597,597,597,514,597,597,728,747,597,464,597,597,597,774,464,597,597,597,514,597,597,597,514,597,514,597,597,597,597,597,597,597,597,597,597
n03527444_ILSVRC2012_val_00045052.png,597,597,770,518,518,518,597,770,518,589,606,597,770,518,589,518,597,770,518,589,673,597,770,518,589,518,597,770,518,589,518,597,597,589,589,589,597,597,518,589,518
n03529860_ILSVRC2012_val_00003630.png,598,598,598,527,564,846,598,598,527,526,527,598,811,527,527,527,598,811,527,527,527,598,598,526,598,526,598,811,527,598,598,598,556,527,851,851,598,598,527,598,598
n03529860_ILSVRC2012_val_00034521.png,598,598,851,527,564,564,598,846,526,453,453,598,673,526,532,453,598,527,526,453,453,598,598,527,548,453,598,851,526,851,453,598,851,851,598,598,598,851,526,851,851
n03530642_ILSVRC2012_val_00001784.png,599,599,599,599,599,599,599,599,599,599,599,599,410,410,599,599,599,599,599,410,410,599,599,599,599,599,599,599,599,599,599,599,599,599,599,599,599,599,599,599,599
n03530642_ILSVRC2012_val_00048634.png,599,599,599,328,599,599,599,599,599,599,599,599,410,108,599,599,599,599,599,410,410,599,599,108,599,599,599,599,599,599,599,599,599,599,599,599,599,599,599,599,599
n03534580_ILSVRC2012_val_00007809.png,601,601,601,578,601,601,601,601,578,601,982,601,578,578,578,578,601,578,578,982,982,601,601,578,601,578,601,601,601,601,601,601,601,601,601,601,601,601,601,601,982
n03535780_ILSVRC2012_val_00001827.png,602,602,602,982,602,890,602,602,982,602,890,602,601,982,602,890,602,602,982,702,890,602,602,602,602,602,602,602,602,602,602,602,602,602,602,602,602,602,602,602,602
n03535780_ILSVRC2012_val_00006654.png,602,602,602,602,602,602,602,602,602,602,602,602,702,702,602,602,602,602,602,702,702,602,602,602,602,602,602,602,602,602,602,602,602,602,602,602,602,602,602,602,602
n03535780_ILSVRC2012_val_00007279.png,602,602,602,602,602,602,602,602,702,602,602,602,702,523,602,702,602,702,702,702,702,602,702,702,602,602,602,602,602,602,602,602,602,602,602,602,602,602,602,602,602
n03535780_ILSVRC2012_val_00011965.png,602,602,602,602,602,602,602,602,602,602,602,602,523,702,602,602,602,602,602,702,702,602,602,602,602,602,602,602,602,602,602,602,602,602,602,602,602,602,602,602,602
n03535780_ILSVRC2012_val_00040403.png,602,602,602,602,602,602,602,602,862,602,890,602,580,610,842,842,602,602,602,842,842,602,602,602,602,602,602,580,580,602,580,602,602,862,602,602,602,602,602,602,602
n03535780_ILSVRC2012_val_00042259.png,602,602,416,416,416,416,602,416,416,416,416,602,416,416,416,416,602,416,416,416,416,602,416,416,416,416,602,416,416,416,416,602,416,416,416,416,602,416,416,416,416
n03538406_ILSVRC2012_val_00019986.png,603,603,603,690,603,603,603,603,345,603,690,603,345,345,603,690,603,690,690,690,690,603,690,603,690,690,603,603,690,603,690,603,603,603,690,603,603,603,603,603,690
n03538406_ILSVRC2012_val_00036649.png,603,603,603,661,603,612,603,603,661,603,612,603,661,661,612,612,603,603,661,612,612,603,603,661,603,603,603,603,603,603,612,603,603,603,603,612,603,603,603,603,603
n03544143_ILSVRC2012_val_00006119.png,604,604,816,816,358,806,604,604,837,816,828,604,514,837,805,828,604,604,836,359,828,604,514,604,679,828,604,604,604,604,604,604,604,604,604,604,604,604,604,604,828
n03544143_ILSVRC2012_val_00009298.png,604,604,604,604,604,564,604,604,604,604,604,604,846,619,604,708,604,604,604,209,708,604,604,604,604,604,604,604,604,604,604,604,604,604,604,604,604,604,604,604,604
n03544143_ILSVRC2012_val_00010178.png,604,604,604,521,521,544,604,577,567,577,544,604,544,567,544,544,604,544,544,544,544,604,604,604,469,469,604,604,604,604,604,604,604,604,604,604,604,604,604,604,604
n03544143_ILSVRC2012_val_00018841.png,604,604,604,828,604,816,604,604,604,604,84,604,948,828,604,572,604,604,604,939,939,604,604,604,604,604,604,604,604,604,604,604,604,604,604,604,604,604,604,604,604
n03544143_ILSVRC2012_val_00020724.png,604,604,749,583,604,669,604,749,755,999,999,604,749,583,700,700,604,749,583,700,700,604,604,884,999,794,604,604,604,604,604,604,604,755,604,700,604,604,604,604,700
n03544143_ILSVRC2012_val_00023504.png,604,604,604,583,583,464,604,604,583,604,604,604,790,583,604,560,604,604,583,560,560,604,604,604,604,765,604,604,604,604,604,604,604,604,604,604,604,604,604,604,604
n03544143_ILSVRC2012_val_00033133.png,604,604,604,604,604,604,604,604,604,604,604,604,706,619,604,604,604,604,604,734,883,604,604,604,604,604,604,604,604,604,604,604,604,604,604,604,604,604,604,604,604
n03584254_ILSVRC2012_val_00005096.png,605,605,605,632,700,632,605,605,632,632,632,605,632,632,632,632,605,605,632,632,632,605,605,632,605,605,605,605,632,605,632,605,605,632,632,632,605,605,605,605,605
n03584254_ILSVRC2012_val_00013719.png,605,605,539,539,893,893,605,478,478,893,893,605,662,662,893,893,605,893,893,893,893,605,605,662,893,893,605,592,592,893,893,605,605,605,893,893,605,662,605,893,893
n03584254_ILSVRC2012_val_00016434.png,605,605,605,605,605,605,605,605,632,605,632,605,632,632,605,605,605,605,605,704,632,605,605,605,605,605,605,605,605,605,605,605,605,605,605,605,605,605,605,605,605
n03584254_ILSVRC2012_val_00027569.png,605,605,893,481,593,848,605,893,481,605,593,605,830,481,605,605,605,830,481,487,487,605,605,605,605,605,605,605,605,605,487,605,605,481,605,605,605,605,481,605,605
n03584254_ILSVRC2012_val_00043848.png,605,605,782,688,688,688,605,605,688,688,688,605,688,688,688,688,605,688,688,688,688,605,688,688,688,688,605,688,688,688,688,605,688,688,688,688,605,605,688,688,688
n03584254_ILSVRC2012_val_00044047.png,605,605,632,632,632,632,605,632,632,632,632,605,632,632,632,632,605,632,632,632,632,605,605,632,632,632,605,605,632,605,632,605,605,632,605,632,605,605,632,605,605
n03584254_ILSVRC2012_val_00045699.png,605,605,605,632,605,893,605,605,632,605,605,605,761,632,605,551,605,605,632,742,551,605,605,632,605,551,605,605,632,605,551,605,605,632,605,605,605,605,632,605,605
n03584829_ILSVRC2012_val_00005063.png,606,606,770,770,770,670,606,770,770,770,670,606,770,770,770,770,606,770,770,774,670,606,606,770,774,814,606,606,770,774,670,606,606,770,606,670,606,606,770,606,814
n03584829_ILSVRC2012_val_00019902.png,606,606,485,485,774,673,606,673,673,673,673,606,673,673,606,673,606,606,673,673,673,606,606,606,606,606,606,606,606,606,606,606,606,606,606,606,606,606,606,606,606
n03584829_ILSVRC2012_val_00030639.png,606,606,485,485,635,485,606,485,485,592,485,606,485,485,485,485,606,606,485,592,485,606,606,606,606,485,606,485,485,485,485,606,606,485,606,606,606,485,485,485,485
n03584829_ILSVRC2012_val_00031726.png,606,606,606,632,882,882,606,606,485,673,673,606,613,632,673,673,606,613,632,673,673,606,606,606,606,606,606,606,606,606,606,606,606,606,606,606,606,606,606,606,606
n03584829_ILSVRC2012_val_00042592.png,606,606,606,835,606,606,606,606,611,606,528,606,528,611,528,528,606,606,611,528,528,606,606,611,606,606,606,606,611,606,606,606,606,611,606,606,606,528,611,528,528
n03590841_ILSVRC2012_val_00000308.png,607,607,607,619,607,607,607,607,619,903,920,607,619,619,607,607,607,607,607,903,920,607,607,607,607,607,607,607,607,607,607,607,607,607,607,607,607,607,607,607,607
n03590841_ILSVRC2012_val_00004181.png,607,607,607,607,607,797,607,607,957,607,797,607,944,957,607,797,607,607,957,63,797,607,607,607,607,797,607,607,852,607,797,607,607,957,607,797,607,607,607,607,797
n03590841_ILSVRC2012_val_00008067.png,607,607,607,607,607,607,607,607,607,607,607,607,619,920,607,607,607,607,607,796,796,607,607,607,607,607,607,607,607,607,607,607,607,607,607,607,607,607,607,607,607
n03590841_ILSVRC2012_val_00020663.png,607,607,607,607,607,607,607,607,607,607,920,607,862,470,607,920,607,607,607,658,920,607,607,607,607,607,607,607,607,607,607,607,607,607,607,607,607,607,607,607,607
n03590841_ILSVRC2012_val_00024358.png,607,607,607,470,607,607,607,607,607,607,470,607,470,470,607,470,607,607,470,927,470,607,607,470,607,470,607,607,470,607,470,607,607,470,607,470,607,607,607,607,470
n03590841_ILSVRC2012_val_00028060.png,607,607,607,920,607,806,607,607,607,607,607,607,920,920,607,457,607,607,607,796,457,607,607,607,607,607,607,607,920,607,457,607,607,607,607,607,607,607,607,607,607
n03590841_ILSVRC2012_val_00029567.png,607,607,607,607,607,607,607,607,607,607,607,607,530,530,530,530,607,607,530,530,530,607,607,607,607,607,607,607,607,607,607,607,607,607,607,607,607,607,607,607,607
n03590841_ILSVRC2012_val_00030955.png,607,607,530,530,530,607,607,530,530,530,530,607,530,530,920,530,607,607,530,685,685,607,607,607,607,607,607,607,607,607,607,607,607,607,607,607,607,607,607,607,607
n03590841_ILSVRC2012_val_00038039.png,607,607,607,607,607,607,607,607,619,619,607,607,650,619,451,451,607,607,619,451,451,607,607,619,920,607,607,607,607,607,607,607,607,619,607,607,607,607,607,607,607
n03590841_ILSVRC2012_val_00039036.png,607,607,607,619,607,474,607,607,619,265,474,607,747,619,607,806,607,607,619,267,806,607,607,619,266,806,607,607,556,607,474,607,607,619,221,474,607,607,619,607,474
n03590841_ILSVRC2012_val_00039391.png,607,607,607,470,607,470,607,470,470,607,470,607,470,470,619,470,607,470,470,251,470,607,607,406,212,607,607,470,607,607,470,607,607,470,251,470,607,607,607,607,470
n03590841_ILSVRC2012_val_00043321.png,607,607,607,607,607,827,607,607,827,827,827,607,827,827,827,827,607,607,827,827,827,607,607,607,607,827,607,607,607,607,827,607,607,607,607,556,607,827,827,827,827
n03594734_ILSVRC2012_val_00008414.png,608,608,608,750,608,750,608,608,750,750,750,608,750,750,750,750,608,750,750,750,750,608,608,750,608,750,608,608,750,608,608,608,608,608,608,608,608,608,608,608,608
n03594734_ILSVRC2012_val_00014986.png,608,608,608,514,608,608,608,514,514,514,514,608,514,514,514,514,608,608,514,514,514,608,608,514,514,514,608,514,514,514,514,608,608,514,514,608,608,608,514,608,514
n03594734_ILSVRC2012_val_00017093.png,608,608,608,879,608,689,608,608,879,608,501,608,735,879,608,501,608,608,879,784,501,608,608,879,608,501,608,608,608,608,608,608,608,601,608,689,608,608,608,608,608
n03594734_ILSVRC2012_val_00032573.png,608,608,608,608,608,608,608,608,608,608,608,608,491,491,608,608,608,608,491,464,608,608,608,608,608,608,608,608,491,608,608,608,608,491,608,608,608,608,491,608,608
n03594734_ILSVRC2012_val_00044132.png,608,608,608,608,608,608,608,608,608,608,414,608,850,770,608,608,608,608,770,524,414,608,608,608,608,842,608,608,608,608,608,608,608,608,608,608,608,608,608,608,608
n03594734_ILSVRC2012_val_00045258.png,608,608,682,824,824,824,608,608,906,608,885,608,697,906,608,885,608,697,457,501,885,608,608,608,608,885,608,608,608,608,885,608,608,608,608,885,608,608,608,608,608
n03594945_ILSVRC2012_val_00011656.png,609,609,609,491,609,803,609,609,786,864,864,609,778,786,569,803,609,609,609,569,803,609,609,751,609,803,609,609,609,609,803,609,609,609,609,609,609,609,609,609,803
n03594945_ILSVRC2012_val_00019410.png,609,609,717,717,717,717,609,717,717,717,717,609,717,717,717,717,609,717,717,717,717,609,609,717,717,717,609,717,717,717,717,609,609,609,609,609,609,609,609,609,717
n03594945_ILSVRC2012_val_00025834.png,609,609,575,511,609,511,609,609,511,609,575,609,575,661,575,575,609,575,575,575,575,609,575,575,575,575,609,609,609,609,575,609,609,609,609,609,609,609,609,609,609
n03594945_ILSVRC2012_val_00025990.png,609,609,609,609,609,609,609,609,407,407,407,609,407,407,407,407,609,407,407,407,407,609,407,407,407,407,609,609,609,609,864,609,609,609,609,609,609,609,609,609,407
n03594945_ILSVRC2012_val_00029244.png,609,609,609,436,436,436,609,609,656,436,436,609,654,656,436,436,609,436,656,436,436,609,609,656,609,436,609,609,656,436,436,609,609,656,609,436,609,609,656,436,436
n03595614_ILSVRC2012_val_00004520.png,610,610,443,636,496,841,610,443,443,443,443,610,443,443,841,841,610,443,443,841,841,610,610,443,841,841,610,610,443,841,841,610,610,735,841,841,610,443,748,841,841
n03595614_ILSVRC2012_val_00006807.png,610,610,903,490,515,457,610,568,490,515,474,610,568,490,610,451,610,568,490,808,451,610,610,490,808,643,610,610,490,610,841,610,568,490,515,610,610,568,490,841,451
n03595614_ILSVRC2012_val_00014624.png,610,610,610,474,610,515,610,610,610,515,515,610,515,515,515,515,610,515,515,515,515,610,610,515,610,515,610,610,610,610,610,610,610,515,515,515,610,610,610,610,610
n03595614_ILSVRC2012_val_00020964.png,610,610,434,443,434,434,610,434,443,443,434,610,434,474,610,434,610,434,474,434,434,610,434,797,697,697,610,434,610,610,434,610,434,610,610,841,610,610,610,610,434
n03595614_ILSVRC2012_val_00025000.png,610,610,735,411,728,728,610,431,411,728,728,610,431,411,728,728,610,431,411,728,728,610,431,411,728,728,610,529,411,728,728,610,431,411,728,728,610,697,411,728,728
n03595614_ILSVRC2012_val_00039713.png,610,610,841,474,452,824,610,841,841,452,824,610,841,841,841,452,610,841,474,452,452,610,841,443,452,452,610,841,841,452,452,610,841,841,452,452,610,841,474,452,452
n03595614_ILSVRC2012_val_00045794.png,610,610,474,474,841,697,610,474,474,841,474,610,474,474,841,474,610,474,474,841,841,610,474,474,841,474,610,610,474,610,885,610,474,474,841,911,610,474,474,841,841
n03598930_ILSVRC2012_val_00000607.png,611,611,611,591,611,793,611,591,591,611,793,611,434,591,793,793,611,611,591,793,793,611,611,591,611,793,611,611,611,611,793,611,611,611,611,611,611,611,611,611,611
n03598930_ILSVRC2012_val_00001430.png,611,611,611,611,611,611,611,611,611,611,611,611,889,611,611,611,611,611,611,889,611,611,611,611,611,611,611,611,611,611,611,611,611,611,611,611,611,611,611,611,611
n03598930_ILSVRC2012_val_00003029.png,611,611,611,611,611,611,611,611,562,611,611,611,815,562,611,562,611,611,562,100,975,611,611,611,611,611,611,611,611,611,975,611,611,611,611,611,611,611,562,611,611
n03598930_ILSVRC2012_val_00010558.png,611,611,750,750,750,750,611,750,750,750,750,611,208,750,611,750,611,208,750,797,797,611,611,750,750,750,611,750,750,750,750,611,741,750,750,797,611,750,750,750,797
n03598930_ILSVRC2012_val_00012056.png,611,611,611,611,611,611,611,611,611,611,611,611,637,637,611,611,611,611,611,889,611,611,611,611,611,611,611,611,611,611,611,611,611,611,611,611,611,611,611,611,611
n03598930_ILSVRC2012_val_00015328.png,611,611,700,700,700,78,611,677,677,677,78,611,677,677,78,78,611,611,677,78,78,611,611,677,611,611,611,611,75,78,78,611,611,611,611,611,611,611,677,611,611
n03598930_ILSVRC2012_val_00019286.png,611,611,611,611,611,971,611,971,971,971,971,611,971,971,971,971,611,611,971,971,971,611,611,611,611,971,611,611,611,971,971,611,611,971,611,971,611,611,793,611,971
n03598930_ILSVRC2012_val_00023694.png,611,611,611,740,797,797,611,750,740,750,797,611,615,740,830,830,611,434,740,830,830,611,611,740,611,797,611,750,750,750,750,611,611,726,797,830,611,611,740,611,797
n03598930_ILSVRC2012_val_00031067.png,611,611,611,620,611,611,611,611,719,611,611,611,398,527,611,918,611,611,611,918,918,611,611,611,611,918,611,611,611,611,918,611,611,611,611,611,611,611,611,611,611
n03599486_ILSVRC2012_val_00000281.png,612,612,612,612,612,612,612,612,612,612,612,612,580,661,612,612,612,612,612,199,559,612,612,612,612,612,612,612,612,612,612,612,612,612,612,612,612,612,612,612,612
n03599486_ILSVRC2012_val_00002531.png,612,612,612,621,612,621,612,637,621,612,637,612,682,621,612,621,612,682,621,682,637,612,612,612,612,612,612,612,612,612,612,612,612,612,612,612,612,612,612,612,612
n03599486_ILSVRC2012_val_00005448.png,612,612,612,612,612,612,612,612,612,612,612,612,661,661,612,870,612,612,612,870,870,612,612,612,612,612,612,612,612,612,612,612,612,612,612,612,612,612,612,612,612
n03599486_ILSVRC2012_val_00011595.png,612,612,612,612,665,665,612,612,661,575,882,612,469,661,882,882,612,612,612,882,882,612,612,612,612,882,612,612,612,612,612,612,612,612,612,612,612,612,612,612,612
n03599486_ILSVRC2012_val_00012136.png,612,612,612,851,612,612,612,575,983,575,401,612,570,983,796,819,612,612,983,513,819,612,612,691,612,612,612,612,575,612,819,612,612,983,612,612,612,612,612,612,819
n03599486_ILSVRC2012_val_00013621.png,612,612,612,840,612,612,612,523,840,612,612,612,840,840,612,603,612,612,840,603,603,612,612,612,612,603,612,612,612,603,603,612,612,840,612,612,612,612,840,612,612
n03599486_ILSVRC2012_val_00015478.png,612,612,612,612,612,612,612,612,612,612,612,612,870,870,612,612,612,612,612,603,428,612,612,612,612,612,612,612,612,612,612,612,612,612,612,612,612,612,612,612,612
n03599486_ILSVRC2012_val_00022242.png,612,612,612,621,703,575,612,870,870,573,575,612,870,870,573,575,612,612,870,573,575,612,612,870,612,575,612,612,870,612,575,612,612,870,612,575,612,612,612,612,575
n03599486_ILSVRC2012_val_00025728.png,612,612,612,612,612,661,612,612,612,612,661,612,238,661,661,661,612,612,661,555,661,612,612,612,612,612,612,612,661,612,661,612,612,612,612,661,612,612,612,612,612
n03599486_ILSVRC2012_val_00031064.png,612,612,612,571,612,800,612,423,423,800,800,612,731,731,612,480,612,612,612,480,480,612,612,612,612,480,612,612,612,612,612,612,612,612,612,612,612,778,827,612,480
n03599486_ILSVRC2012_val_00032729.png,612,612,870,870,870,870,612,870,870,870,870,612,870,870,870,870,612,870,870,870,870,612,612,612,612,612,612,612,870,612,612,612,612,612,612,612,612,612,612,612,612
n03599486_ILSVRC2012_val_00037368.png,612,612,612,661,612,612,612,612,791,612,612,612,731,670,870,870,612,612,665,870,870,612,612,790,870,870,612,612,612,612,612,612,612,612,612,612,612,612,612,612,612
n03599486_ILSVRC2012_val_00041391.png,612,612,612,665,791,665,612,612,870,612,870,612,870,870,870,870,612,612,870,870,870,612,870,665,870,870,612,612,612,612,870,612,612,870,612,870,612,612,612,612,612
n03599486_ILSVRC2012_val_00043161.png,612,612,612,523,612,612,612,612,523,612,880,612,872,523,880,880,612,612,523,880,880,612,612,612,612,612,612,612,612,612,612,612,612,612,612,612,612,612,612,612,612
n03599486_ILSVRC2012_val_00047401.png,612,612,612,661,870,870,612,612,661,880,870,612,661,661,880,870,612,612,661,880,870,612,661,661,870,870,612,612,612,612,870,612,612,612,612,870,612,661,661,612,870
n03602883_ILSVRC2012_val_00013421.png,613,613,613,835,613,613,613,613,835,613,613,613,759,835,613,613,613,613,613,844,844,613,613,613,613,613,613,613,613,613,613,613,613,613,613,613,613,613,613,613,613
n03602883_ILSVRC2012_val_00040672.png,613,613,613,828,503,503,613,613,828,545,787,613,535,828,613,613,613,535,828,503,503,613,535,828,613,613,613,613,828,613,613,613,613,613,613,613,613,613,613,613,613
n03602883_ILSVRC2012_val_00047465.png,613,613,613,572,613,700,613,613,883,816,700,613,872,883,613,613,613,613,883,700,700,613,613,613,700,700,613,613,883,613,613,613,613,613,613,613,613,613,883,613,700
n03617480_ILSVRC2012_val_00002198.png,614,614,614,775,614,614,614,614,689,614,982,614,601,601,614,982,614,614,614,982,982,614,614,614,614,614,614,614,614,614,614,614,614,614,614,614,614,614,614,614,614
n03617480_ILSVRC2012_val_00004848.png,614,614,614,614,614,614,614,614,614,614,796,614,643,524,614,796,614,614,614,796,796,614,614,614,614,796,614,614,614,614,796,614,614,614,614,614,614,614,614,614,796
n03617480_ILSVRC2012_val_00019061.png,614,614,652,652,652,652,614,652,652,652,652,614,652,652,652,652,614,652,652,652,652,614,614,652,652,652,614,652,652,652,652,614,614,652,652,652,614,652,652,614,652
n03617480_ILSVRC2012_val_00034974.png,614,614,614,789,614,789,614,614,789,614,789,614,789,789,614,789,614,614,614,789,789,614,614,614,614,614,614,614,614,614,614,614,614,614,614,614,614,614,614,614,614
n03623198_ILSVRC2012_val_00016529.png,615,615,615,597,615,632,615,615,597,632,632,615,597,597,632,632,615,597,597,632,632,615,615,615,615,615,615,615,597,632,632,615,615,615,615,615,615,615,597,615,632
n03623198_ILSVRC2012_val_00045211.png,615,615,615,638,615,842,615,615,638,615,842,615,578,638,842,842,615,842,842,842,842,615,459,638,842,842,615,615,842,842,842,615,615,615,615,615,615,615,842,615,842
n03627232_ILSVRC2012_val_00020421.png,616,616,816,525,36,36,616,824,525,33,36,616,525,525,34,36,616,525,525,34,36,616,525,525,816,36,616,616,616,616,36,616,616,616,36,36,616,616,616,36,36
n03627232_ILSVRC2012_val_00025844.png,616,584,774,679,584,584,616,616,584,679,584,616,774,584,616,584,616,616,616,584,584,616,616,616,616,616,616,616,616,616,616,616,616,616,616,616,616,616,616,616,616
n03627232_ILSVRC2012_val_00031210.png,616,616,616,488,616,383,616,616,488,616,832,616,488,488,616,456,616,616,488,451,456,616,616,616,616,456,616,616,616,616,616,616,616,616,616,616,616,616,616,616,616
n03627232_ILSVRC2012_val_00035958.png,616,616,616,506,616,616,616,616,616,616,616,616,474,824,616,616,616,616,616,533,669,616,616,616,616,616,616,616,658,533,658,616,616,616,616,616,616,616,616,616,616
n03627232_ILSVRC2012_val_00044425.png,616,616,616,464,616,584,616,616,464,616,584,616,119,464,616,584,616,616,584,584,584,616,616,616,616,616,616,616,616,616,616,616,616,616,616,616,616,616,616,616,616
n03630383_ILSVRC2012_val_00016305.png,617,617,918,438,739,438,617,438,438,739,438,617,647,438,739,617,617,617,438,739,438,617,438,438,438,438,617,696,438,739,438,617,438,438,739,438,617,438,438,617,438
n03630383_ILSVRC2012_val_00019359.png,617,617,431,735,457,474,617,617,697,667,474,617,702,843,667,474,617,702,248,667,474,617,702,697,667,474,617,617,617,617,474,617,617,697,617,474,617,702,568,617,474
n03630383_ILSVRC2012_val_00019735.png,617,617,457,457,457,735,617,678,700,457,735,617,700,700,697,735,617,700,700,457,841,617,617,700,617,841,617,617,700,697,697,617,697,700,697,697,617,700,700,697,735
n03630383_ILSVRC2012_val_00034841.png,617,617,898,648,898,898,617,845,585,898,898,617,845,585,898,898,617,845,585,898,898,617,617,585,617,898,617,845,585,845,898,617,617,735,735,898,617,585,585,585,438
n03630383_ILSVRC2012_val_00048565.png,617,617,851,851,627,851,617,851,851,851,851,617,782,664,617,851,617,620,782,627,851,617,527,782,627,851,617,664,664,617,851,617,851,851,423,851,617,851,851,851,851
n03633091_ILSVRC2012_val_00048115.png,618,618,618,618,618,618,618,618,618,618,618,618,567,567,618,567,618,618,618,635,567,618,618,618,618,618,618,618,618,618,618,618,618,618,618,618,618,618,731,618,618
n03649909_ILSVRC2012_val_00005053.png,621,621,730,730,621,595,621,621,621,621,621,621,730,730,621,621,621,621,621,595,595,621,621,621,621,621,621,621,621,621,621,621,621,621,621,621,621,621,621,621,621
n03649909_ILSVRC2012_val_00009937.png,621,621,802,595,751,802,621,621,621,751,802,621,803,595,802,802,621,621,621,751,802,621,621,595,621,802,621,621,621,621,802,621,621,621,621,802,621,621,595,621,802
n03649909_ILSVRC2012_val_00012348.png,621,621,428,882,428,671,621,621,882,621,671,621,381,882,621,671,621,491,882,355,671,621,621,621,621,621,621,621,621,621,621,621,621,621,621,621,621,621,621,621,621
n03649909_ILSVRC2012_val_00033704.png,621,621,544,621,544,544,621,621,611,621,544,621,544,611,544,544,621,544,611,544,544,621,544,611,544,544,621,621,611,544,544,621,621,611,621,621,621,621,621,544,544
n03649909_ILSVRC2012_val_00038906.png,621,621,621,621,621,621,621,621,573,621,573,621,573,573,573,573,621,621,621,573,573,621,621,621,621,621,621,621,621,621,621,621,621,621,621,621,621,621,621,621,621
n03649909_ILSVRC2012_val_00042765.png,621,621,621,496,621,621,621,621,748,621,621,621,797,748,621,621,621,414,748,573,573,621,621,797,621,621,621,621,414,621,621,621,621,414,621,621,621,621,621,621,621
n03649909_ILSVRC2012_val_00049371.png,621,621,621,595,621,866,621,621,595,595,595,621,595,595,621,595,621,621,595,595,595,621,621,621,621,595,621,621,866,621,595,621,621,595,621,621,621,621,595,621,595
n03657121_ILSVRC2012_val_00017810.png,622,622,746,458,746,686,622,746,458,686,438,622,458,458,685,633,622,746,458,685,633,622,622,458,622,714,622,622,458,622,633,622,622,458,622,622,622,622,458,622,902
n03657121_ILSVRC2012_val_00020032.png,622,622,622,622,746,464,622,622,622,622,543,622,759,746,622,622,622,622,622,641,422,622,622,746,622,719,622,622,622,622,622,622,622,622,622,622,622,622,622,622,622
n03657121_ILSVRC2012_val_00048747.png,622,622,714,746,643,643,622,643,746,643,643,622,643,746,746,643,622,643,746,643,643,622,643,746,643,643,622,643,622,643,643,622,643,746,643,643,622,570,746,643,643
n03658185_ILSVRC2012_val_00024027.png,623,623,523,611,845,908,623,523,611,523,908,623,523,611,587,623,623,752,611,752,813,623,523,611,752,813,623,792,611,623,623,623,623,611,623,623,623,623,611,752,623
n03658185_ILSVRC2012_val_00034870.png,623,623,777,451,677,783,623,623,474,418,434,623,451,451,319,783,623,451,451,319,677,623,623,623,623,677,623,451,451,623,783,623,623,451,623,783,623,623,451,623,749
n03661043_ILSVRC2012_val_00000849.png,624,624,454,454,454,454,624,454,454,624,624,624,454,454,624,624,624,624,454,620,620,624,624,624,624,624,624,624,624,624,624,624,624,624,624,624,624,624,454,624,624
n03661043_ILSVRC2012_val_00002813.png,624,624,454,611,454,454,624,624,265,454,454,624,462,850,454,454,624,624,850,454,454,624,624,850,454,454,624,624,624,454,454,624,624,624,454,454,624,624,624,454,454
n03661043_ILSVRC2012_val_00003110.png,624,624,624,624,624,624,624,453,624,453,453,624,548,453,453,453,624,624,624,453,453,624,624,453,453,453,624,453,453,453,453,624,453,624,453,453,624,624,624,624,624
n03661043_ILSVRC2012_val_00016213.png,624,624,454,467,467,454,624,454,467,467,454,624,348,467,467,454,624,624,467,467,454,624,624,454,454,454,624,624,624,454,454,624,624,454,454,454,624,624,624,454,454
n03661043_ILSVRC2012_val_00037789.png,624,624,454,509,454,454,624,454,509,454,454,624,454,509,509,454,624,454,509,454,454,624,624,509,454,454,624,624,509,624,454,624,624,509,454,454,624,624,865,454,454
n03662601_ILSVRC2012_val_00002308.png,625,625,625,625,625,625,625,625,625,625,625,625,611,510,625,625,625,625,510,769,860,625,625,625,625,625,625,625,625,625,625,625,625,625,625,625,625,625,625,625,625
n03662601_ILSVRC2012_val_00004933.png,625,625,625,625,625,803,625,625,625,803,803,625,830,830,625,803,625,625,625,803,803,625,625,625,625,625,625,625,625,625,625,625,625,625,625,625,625,625,625,625,625
n03662601_ILSVRC2012_val_00012154.png,625,625,625,625,625,829,625,625,625,625,829,625,318,408,625,318,625,625,625,646,319,625,625,625,625,625,625,625,625,625,625,625,625,625,625,625,625,625,625,625,625
n03662601_ILSVRC2012_val_00014351.png,625,625,625,625,625,472,625,625,472,472,472,625,408,472,472,472,625,625,472,472,472,625,625,472,625,472,625,625,693,625,472,625,625,625,625,472,625,625,625,625,693
n03662601_ILSVRC2012_val_00023517.png,625,625,625,408,625,814,625,625,408,802,814,625,408,408,814,814,625,814,814,814,814,625,625,814,814,814,625,408,408,814,814,625,625,814,814,814,625,625,625,625,814
n03662601_ILSVRC2012_val_00027527.png,625,625,625,625,625,625,625,625,625,625,582,625,668,449,611,625,625,625,625,611,509,625,625,625,625,625,625,625,625,625,625,625,625,625,625,625,625,625,625,625,625
n03662601_ILSVRC2012_val_00028180.png,625,625,625,625,625,625,625,625,625,625,625,625,803,440,625,625,625,625,625,99,920,625,625,625,625,625,625,625,625,625,625,625,625,625,625,625,625,625,625,625,625
n03662601_ILSVRC2012_val_00049403.png,625,625,625,408,625,408,625,625,408,408,408,625,408,408,625,408,625,408,408,408,408,625,625,408,625,625,625,408,408,408,408,625,408,408,408,408,625,625,408,625,625
n03670208_ILSVRC2012_val_00011987.png,627,627,627,874,627,627,627,627,627,627,627,627,895,705,627,484,627,627,627,817,484,627,627,627,627,484,627,627,627,627,627,627,627,627,627,627,627,627,627,627,627
n03670208_ILSVRC2012_val_00020218.png,627,627,627,627,609,656,627,627,627,627,627,627,717,609,627,627,627,627,627,609,656,627,627,627,627,656,627,627,627,627,627,627,627,627,627,627,627,627,627,627,627
n03670208_ILSVRC2012_val_00026977.png,627,627,627,611,627,436,627,627,611,436,436,627,751,611,436,436,627,751,611,436,436,627,627,611,436,436,627,627,611,627,627,627,627,611,436,627,627,627,627,627,627
n03670208_ILSVRC2012_val_00037726.png,627,627,627,611,627,627,627,627,611,627,627,627,937,611,627,627,627,627,611,735,958,627,627,611,627,627,627,627,611,627,627,627,627,611,627,627,627,627,611,627,627
n03670208_ILSVRC2012_val_00044032.png,627,627,627,565,627,627,627,627,627,627,627,627,815,534,627,627,627,627,627,815,466,627,627,627,627,627,627,627,627,627,627,627,627,627,627,627,627,627,627,627,627
n03673027_ILSVRC2012_val_00001106.png,628,628,628,403,628,403,628,628,403,628,403,628,403,403,628,403,628,403,403,403,403,628,628,628,628,628,628,628,628,628,628,628,628,628,628,628,628,628,628,628,403
n03673027_ILSVRC2012_val_00002093.png,628,628,628,449,628,628,628,628,449,628,694,628,449,449,628,628,628,536,449,449,449,628,628,628,628,628,628,628,628,628,628,628,628,628,628,628,628,628,628,628,628
n03673027_ILSVRC2012_val_00003666.png,628,628,628,628,628,628,628,449,449,628,449,628,449,449,628,536,628,628,536,118,449,628,628,628,628,628,628,628,628,628,628,628,628,628,628,628,628,628,628,628,628
n03673027_ILSVRC2012_val_00023265.png,628,628,721,628,847,847,628,478,628,586,847,628,910,536,835,586,628,835,536,586,586,628,832,628,338,586,628,628,628,586,586,628,628,628,586,847,628,628,628,628,847
n03673027_ILSVRC2012_val_00034477.png,628,628,628,628,628,628,628,628,628,628,628,628,536,536,628,628,628,628,628,460,536,628,628,628,628,628,628,628,628,628,628,628,628,628,628,628,628,628,628,628,628
n03673027_ILSVRC2012_val_00036424.png,628,628,628,628,628,628,628,628,536,628,536,628,449,449,628,536,628,628,628,449,536,628,628,628,628,628,628,628,628,628,536,628,628,628,628,628,628,628,628,628,628
n03673027_ILSVRC2012_val_00039419.png,628,628,628,628,628,628,628,628,628,628,628,628,489,611,628,449,628,628,611,448,449,628,628,611,628,628,628,628,611,628,628,628,628,611,628,628,628,628,628,628,628
n03673027_ILSVRC2012_val_00041410.png,628,628,628,403,628,403,628,403,403,403,403,628,403,403,403,403,628,403,403,403,403,628,628,403,628,403,628,628,403,628,403,628,628,403,628,403,628,628,403,628,403
n03676483_ILSVRC2012_val_00000984.png,629,629,629,629,629,696,629,845,845,418,319,629,845,845,79,318,629,845,845,79,318,629,629,845,629,767,629,845,845,629,318,629,845,845,845,319,629,629,845,629,318
n03676483_ILSVRC2012_val_00009386.png,629,629,629,767,629,629,629,418,767,629,629,629,418,769,629,629,629,629,629,499,551,629,629,629,629,629,629,629,767,629,629,629,629,629,629,629,629,629,629,629,629
n03676483_ILSVRC2012_val_00011742.png,629,629,629,611,629,733,629,629,611,563,563,629,767,611,708,563,629,629,611,733,733,629,767,611,629,733,629,629,611,629,629,629,629,611,629,629,629,629,611,629,629
n03676483_ILSVRC2012_val_00015297.png,629,629,629,552,629,585,629,629,552,629,585,629,589,552,629,585,629,589,552,585,585,629,629,767,629,585,629,629,470,629,629,629,629,767,629,629,629,629,696,629,629
n03676483_ILSVRC2012_val_00021922.png,629,629,816,696,462,462,629,816,667,462,462,629,816,667,462,462,629,816,667,462,462,629,816,816,696,462,629,629,629,696,696,629,816,629,696,696,629,629,629,629,696
n03676483_ILSVRC2012_val_00034306.png,629,629,543,784,587,710,629,784,626,587,710,629,784,784,563,600,629,629,784,464,600,629,563,784,464,626,629,784,563,784,784,629,629,784,629,784,629,629,784,629,844
n03676483_ILSVRC2012_val_00044845.png,629,629,629,855,767,767,629,629,767,629,629,629,767,767,767,767,629,767,767,767,767,629,767,767,767,767,629,629,629,629,629,629,629,767,629,629,629,629,629,629,629
n03676483_ILSVRC2012_val_00048483.png,629,629,629,773,773,773,629,773,773,773,773,629,773,773,773,773,629,629,773,773,773,629,773,773,773,773,629,629,773,773,773,629,629,773,629,773,629,629,773,629,773
n03676483_ILSVRC2012_val_00048584.png,629,629,629,737,737,737,629,737,737,737,440,629,440,509,563,440,629,440,509,440,440,629,629,509,629,440,629,585,629,629,737,629,629,629,629,440,629,629,629,629,737
n03680355_ILSVRC2012_val_00003255.png,630,630,630,630,630,630,630,630,502,502,502,630,502,502,502,502,630,630,502,502,502,630,630,630,630,502,630,630,630,630,630,630,630,630,630,630,630,630,630,630,630
n03680355_ILSVRC2012_val_00021273.png,630,630,630,816,630,774,630,806,700,774,774,630,700,700,630,774,630,700,700,774,774,630,630,700,774,774,630,502,862,630,774,630,523,700,630,615,630,630,700,630,774
n03680355_ILSVRC2012_val_00023094.png,630,630,201,806,630,630,630,806,806,774,774,630,203,806,774,774,630,203,806,774,774,630,203,806,630,630,630,203,806,630,774,630,203,806,630,774,630,630,806,630,630
n03680355_ILSVRC2012_val_00030204.png,630,630,630,514,502,514,630,514,597,630,502,630,502,502,502,502,630,502,502,502,502,630,630,514,502,514,630,514,514,502,502,630,630,514,630,514,630,630,514,630,514
n03680355_ILSVRC2012_val_00031581.png,630,630,630,514,514,514,630,630,514,630,514,630,502,514,514,514,630,630,514,514,514,630,630,514,630,514,630,630,514,514,514,630,630,514,514,514,630,630,514,514,514
n03680355_ILSVRC2012_val_00039002.png,630,630,774,774,774,774,630,630,774,597,774,630,597,774,597,774,630,597,774,597,774,630,597,774,597,774,630,597,774,597,774,630,597,774,597,774,630,597,597,597,774
n03680355_ILSVRC2012_val_00040042.png,630,630,502,496,552,496,630,774,496,552,496,630,774,496,552,496,630,774,496,552,496,630,630,496,552,496,630,630,496,597,496,630,774,496,630,514,630,630,496,630,496
n03680355_ILSVRC2012_val_00043555.png,630,630,630,630,630,502,630,630,502,630,502,630,502,502,630,502,630,502,502,502,502,630,630,696,630,502,630,630,502,630,630,630,630,630,630,630,630,630,502,630,630
n03680355_ILSVRC2012_val_00047011.png,630,630,630,502,630,630,630,630,630,630,502,630,502,502,502,502,630,630,502,502,502,630,502,502,502,502,630,630,630,630,630,630,630,502,630,630,630,630,630,630,774
n03680355_ILSVRC2012_val_00047129.png,630,630,514,201,514,514,630,514,514,514,514,630,514,514,514,514,630,514,514,514,514,630,630,514,514,514,630,514,514,514,514,630,514,514,514,514,630,514,514,514,514
n03680355_ILSVRC2012_val_00047132.png,630,630,630,630,630,630,630,630,630,630,630,630,502,502,630,788,630,502,502,788,788,630,630,502,630,788,630,630,502,630,630,630,630,630,630,630,630,630,502,630,630
n03690938_ILSVRC2012_val_00020928.png,631,631,631,631,631,631,631,631,631,631,631,631,804,804,631,585,631,631,631,503,585,631,631,631,585,585,631,631,631,631,631,631,631,631,631,631,631,631,631,631,631
n03690938_ILSVRC2012_val_00032861.png,631,631,631,585,631,631,631,503,585,585,585,631,585,585,585,585,631,585,585,585,585,631,631,585,585,585,631,631,631,631,585,631,585,585,631,585,631,631,631,631,631
n03691459_ILSVRC2012_val_00000109.png,632,632,632,798,632,848,632,632,798,632,848,632,481,769,632,481,632,481,769,485,481,632,632,769,632,481,632,632,769,632,481,632,632,848,848,848,632,632,848,848,848
n03697007_ILSVRC2012_val_00017027.png,634,634,743,743,743,762,634,743,743,884,698,634,743,743,762,762,634,743,743,762,762,634,743,743,705,762,634,743,743,762,762,634,743,743,634,762,634,634,743,634,476
n03697007_ILSVRC2012_val_00034457.png,634,634,634,427,588,709,634,634,427,588,850,634,427,427,588,709,634,634,427,790,709,634,634,427,790,865,634,634,427,790,509,634,634,427,595,709,634,634,427,634,748
n03697007_ILSVRC2012_val_00036866.png,634,634,634,750,690,561,634,634,564,634,561,634,596,831,690,561,634,491,750,690,561,634,596,750,345,561,634,634,750,634,561,634,634,750,634,561,634,634,765,634,561
n03697007_ILSVRC2012_val_00039453.png,634,634,516,516,51,611,634,634,520,642,611,634,516,520,491,491,634,634,516,491,491,634,516,516,634,491,634,583,516,634,634,634,634,634,634,491,634,634,462,634,634
n03697007_ILSVRC2012_val_00042463.png,634,634,595,595,856,847,634,595,595,724,408,634,595,595,595,408,634,595,595,408,408,634,595,595,595,408,634,595,595,847,847,634,634,595,847,847,634,595,595,634,847
n03706229_ILSVRC2012_val_00004516.png,635,635,635,635,635,635,635,635,455,635,455,635,826,455,635,455,635,635,455,826,455,635,635,455,635,455,635,635,455,635,455,635,635,635,635,635,635,635,635,635,455
n03706229_ILSVRC2012_val_00010978.png,635,635,635,635,635,455,635,635,455,455,455,635,826,826,455,455,635,635,455,455,455,635,635,455,455,455,635,635,635,635,455,635,635,455,635,455,635,635,455,455,455
n03709823_ILSVRC2012_val_00034532.png,636,636,556,556,748,556,636,893,556,893,893,636,893,556,893,893,636,893,556,893,893,636,893,556,893,893,636,893,556,893,893,636,893,556,893,893,636,636,556,893,893
n03709823_ILSVRC2012_val_00041107.png,636,636,636,636,636,636,636,636,748,748,748,636,893,748,748,748,636,748,748,748,748,636,636,748,636,636,636,636,636,748,748,636,636,748,748,748,636,748,748,748,748
n03710193_ILSVRC2012_val_00007759.png,637,637,637,637,637,637,637,637,637,637,637,637,695,458,637,674,637,637,637,825,674,637,637,637,637,637,637,637,637,637,637,637,637,637,637,637,637,637,637,637,637
n03710193_ILSVRC2012_val_00011151.png,637,637,637,883,637,412,637,637,708,637,412,637,463,883,637,637,637,637,883,412,412,637,637,637,637,637,637,637,883,637,412,637,637,708,637,708,637,637,637,637,708
n03710193_ILSVRC2012_val_00030503.png,637,637,637,637,637,637,637,637,637,637,637,637,458,480,637,539,637,637,480,552,539,637,637,637,637,637,637,637,637,637,637,637,637,637,637,637,637,637,637,637,637
n03710193_ILSVRC2012_val_00034003.png,637,637,637,637,637,637,637,637,637,704,704,637,778,778,704,704,637,637,704,704,704,637,637,637,637,637,637,637,778,637,637,637,637,637,637,637,637,637,637,637,704
n03710193_ILSVRC2012_val_00047283.png,637,637,661,661,661,621,637,661,661,573,621,637,661,661,661,621,637,661,661,573,621,637,637,637,637,621,637,637,661,637,412,637,637,637,637,637,637,637,637,412,621
n03717622_ILSVRC2012_val_00008215.png,640,640,640,640,640,640,640,787,787,640,787,640,787,787,787,787,640,640,787,787,787,640,640,640,640,640,640,640,640,640,787,640,640,640,640,640,640,640,640,640,640
n03717622_ILSVRC2012_val_00009469.png,640,640,640,646,640,646,640,646,646,646,646,640,646,646,640,646,640,646,646,646,646,640,640,640,640,640,640,640,640,640,640,640,640,640,640,640,640,640,640,640,640
n03717622_ILSVRC2012_val_00013884.png,640,640,640,640,640,640,640,640,721,640,528,640,458,591,640,528,640,640,591,528,528,640,640,640,640,528,640,640,640,640,528,640,640,640,640,528,640,640,640,640,640
n03717622_ILSVRC2012_val_00015092.png,640,640,640,640,640,640,640,640,835,640,640,640,835,835,640,787,640,640,835,787,787,640,640,835,640,640,640,640,640,640,640,640,640,640,640,640,640,640,640,640,640
n03717622_ILSVRC2012_val_00019447.png,640,640,640,640,640,640,640,640,868,640,640,640,868,868,640,640,640,640,640,879,861,640,640,640,640,640,640,640,640,640,640,640,640,640,640,640,640,640,640,640,640
n03717622_ILSVRC2012_val_00025278.png,640,640,640,640,640,640,640,640,640,640,640,640,539,464,640,640,640,640,640,539,539,640,640,640,640,640,640,640,640,640,640,640,640,640,640,640,640,640,640,640,640
n03717622_ILSVRC2012_val_00027367.png,640,640,538,538,538,538,640,538,538,538,538,640,538,538,640,538,640,640,538,506,538,640,640,538,640,538,640,640,538,640,538,640,640,538,640,538,640,640,640,640,640
n03717622_ILSVRC2012_val_00037808.png,640,640,640,640,640,640,640,640,640,640,640,640,796,685,640,640,640,640,685,861,861,640,640,635,640,640,640,640,778,640,861,640,640,861,640,640,640,640,640,640,640
n03717622_ILSVRC2012_val_00048566.png,640,640,640,640,640,640,640,835,835,835,835,640,835,635,835,635,640,835,635,635,635,640,835,835,835,635,640,640,835,835,635,640,835,835,835,635,640,640,892,640,892
n03720891_ILSVRC2012_val_00033713.png,641,641,641,910,641,907,641,641,910,641,907,641,910,910,907,907,641,910,910,907,907,641,641,641,641,641,641,641,910,641,641,641,641,910,641,641,641,641,641,641,641
n03721384_ILSVRC2012_val_00004886.png,642,642,642,642,642,642,642,642,542,542,542,642,542,542,542,542,642,542,542,542,542,642,642,642,642,542,642,642,642,642,642,642,642,642,642,642,642,642,642,642,642
n03721384_ILSVRC2012_val_00008971.png,642,642,642,642,642,642,642,642,642,642,642,642,822,822,642,822,642,822,822,822,822,642,642,642,642,642,642,642,642,642,642,642,642,642,642,642,642,642,642,642,642
n03721384_ILSVRC2012_val_00015165.png,642,642,642,642,642,642,642,642,545,577,577,642,752,545,577,577,642,642,545,577,577,642,642,642,642,577,642,642,545,642,642,642,642,642,642,642,642,642,642,642,642
n03721384_ILSVRC2012_val_00020398.png,642,642,642,642,642,642,642,642,642,642,642,642,764,413,764,764,642,642,764,764,764,642,642,642,642,642,642,642,642,642,642,642,642,642,642,642,642,642,642,642,642
n03721384_ILSVRC2012_val_00024212.png,642,642,642,594,642,642,642,642,642,642,642,642,542,594,642,642,642,642,642,642,642,642,642,642,642,642,642,642,642,642,642,642,642,642,642,642,642,642,642,642,642
n03721384_ILSVRC2012_val_00026825.png,642,642,642,432,642,432,642,642,420,558,558,642,420,420,420,683,642,642,420,683,683,642,642,642,642,683,642,642,642,642,642,642,642,642,642,642,642,642,642,642,642
n03721384_ILSVRC2012_val_00035627.png,642,642,642,642,642,642,642,642,642,642,642,642,910,542,642,642,642,642,642,642,699,642,642,642,642,642,642,642,642,642,642,642,642,642,642,642,642,642,642,642,642
n03721384_ILSVRC2012_val_00035773.png,642,642,642,642,642,822,642,642,642,642,822,642,641,699,642,822,642,642,642,822,822,642,642,642,642,822,642,642,642,642,822,642,642,642,642,822,642,642,642,642,822
n03721384_ILSVRC2012_val_00039895.png,642,642,642,558,642,558,642,642,642,642,642,642,558,558,558,558,642,642,558,558,558,642,642,642,642,642,642,642,642,642,642,642,642,642,642,642,642,642,642,642,558
n03724870_ILSVRC2012_val_00021718.png,643,643,643,643,643,812,643,643,796,643,812,643,796,796,643,643,643,643,796,182,812,643,643,796,643,812,643,643,796,643,643,643,643,796,643,643,643,643,796,643,643
n03729826_ILSVRC2012_val_00042218.png,644,644,469,619,862,259,644,469,818,862,568,644,469,818,862,356,644,469,818,862,356,644,469,727,818,356,644,469,818,862,296,644,469,818,862,356,644,469,818,862,387
n03729826_ILSVRC2012_val_00045781.png,644,644,644,862,644,556,644,623,845,644,980,644,657,657,644,862,644,644,657,862,862,644,744,744,644,862,644,644,744,644,862,644,862,644,644,644,644,644,644,644,862
n03729826_ILSVRC2012_val_00049995.png,644,644,644,130,644,733,644,644,141,644,975,644,833,58,644,975,644,644,100,537,975,644,644,644,644,733,644,644,644,644,975,644,644,644,644,733,644,644,644,644,733
n03733131_ILSVRC2012_val_00010813.png,645,645,645,645,645,645,645,645,645,645,645,645,176,787,645,645,645,645,645,491,595,645,645,645,645,645,645,645,645,645,645,645,645,645,645,645,645,645,645,645,645
n03733131_ILSVRC2012_val_00012555.png,645,645,645,645,645,645,645,723,723,723,723,645,723,723,723,723,645,645,645,723,723,645,645,645,645,645,645,645,645,645,645,645,645,645,645,645,645,645,645,645,645
n03733131_ILSVRC2012_val_00013496.png,645,645,645,645,645,536,645,645,645,645,536,645,733,733,645,536,645,645,872,484,536,645,645,733,645,645,645,645,645,645,645,645,645,733,645,733,645,645,645,645,733
n03733131_ILSVRC2012_val_00021375.png,645,645,645,971,645,701,645,645,971,645,701,645,971,971,645,701,645,645,645,755,701,645,645,645,645,645,645,645,971,645,971,645,645,645,645,645,645,645,645,645,645
n03733131_ILSVRC2012_val_00024970.png,645,645,645,645,645,645,645,645,839,645,645,645,839,839,645,645,645,645,645,724,724,645,645,645,645,645,645,645,645,645,645,645,645,645,645,645,645,645,645,645,645
n03733131_ILSVRC2012_val_00027769.png,645,645,645,645,645,645,645,645,645,645,645,645,602,880,645,645,645,645,645,880,880,645,645,645,645,645,645,645,645,645,645,645,645,645,645,645,645,645,645,645,645
n03733131_ILSVRC2012_val_00038021.png,645,645,721,611,591,832,645,591,611,591,832,645,701,611,591,832,645,591,611,591,832,645,701,611,591,832,645,815,611,815,832,645,58,611,591,832,645,591,611,591,832
n03733131_ILSVRC2012_val_00043568.png,645,645,645,645,645,645,645,645,645,645,645,645,733,733,645,645,645,645,645,975,975,645,645,645,645,645,645,645,645,645,645,645,645,645,645,645,645,645,645,645,645
n03733281_ILSVRC2012_val_00019430.png,646,646,646,646,646,646,646,646,580,646,912,646,580,669,646,646,646,646,669,833,912,646,646,646,646,646,646,646,646,646,646,646,646,646,646,646,646,646,646,646,646
n03733281_ILSVRC2012_val_00024096.png,646,646,646,646,646,646,646,646,646,646,911,646,506,947,646,646,646,646,646,840,911,646,646,646,646,911,646,646,646,646,646,646,646,646,646,911,646,646,646,646,824
n03733281_ILSVRC2012_val_00042322.png,646,646,646,646,646,646,646,646,646,646,646,646,573,835,646,646,646,646,646,525,573,646,646,646,646,646,646,646,646,646,646,646,646,646,646,646,646,646,646,646,646
n03733281_ILSVRC2012_val_00044403.png,646,646,646,646,646,646,646,646,646,646,646,646,506,431,646,646,646,646,646,506,506,646,646,646,646,646,646,646,646,646,646,646,646,646,646,646,646,646,646,646,646
n03733805_ILSVRC2012_val_00004833.png,647,647,647,647,647,647,647,647,438,438,438,647,438,438,647,438,647,438,438,438,438,647,647,899,647,647,647,647,647,647,438,647,647,647,647,647,647,647,647,647,647
n03733805_ILSVRC2012_val_00007887.png,647,647,455,455,455,647,647,441,737,737,441,647,737,737,737,438,647,737,737,737,438,647,647,647,647,647,647,647,441,647,647,647,647,647,647,647,647,647,647,647,647
n03733805_ILSVRC2012_val_00013566.png,647,647,647,999,647,647,647,647,999,647,647,647,968,700,647,438,647,647,999,604,438,647,647,647,647,647,647,647,647,647,647,647,647,647,647,647,647,647,999,647,647
n03733805_ILSVRC2012_val_00032857.png,647,647,778,828,521,521,647,544,828,521,521,647,778,828,521,521,647,778,828,521,521,647,647,828,647,647,647,647,828,647,647,647,647,828,647,647,647,647,828,647,739
n03742115_ILSVRC2012_val_00003358.png,648,648,707,771,771,771,648,480,771,771,771,648,480,771,771,771,648,480,771,771,771,648,480,771,771,771,648,648,648,648,771,648,648,771,648,771,648,648,771,648,771
n03743016_ILSVRC2012_val_00008924.png,649,649,888,51,37,979,649,649,51,36,979,649,694,51,337,979,649,755,51,316,979,649,866,51,86,979,649,471,51,51,972,649,649,50,228,972,649,51,51,9,979
n03743016_ILSVRC2012_val_00017922.png,649,649,649,915,649,958,649,649,721,649,958,649,525,842,649,958,649,972,842,958,958,649,649,797,649,958,649,649,797,649,958,649,972,842,649,958,649,972,842,649,958
n03743016_ILSVRC2012_val_00021884.png,649,649,649,51,915,915,649,386,770,343,797,649,50,770,343,830,649,649,770,343,830,649,649,770,649,830,649,649,669,649,830,649,649,669,649,830,649,649,48,649,830
n03759954_ILSVRC2012_val_00035587.png,650,650,650,589,552,396,650,589,589,476,552,650,589,589,249,776,650,589,589,249,776,650,589,589,249,776,650,589,589,249,365,650,589,589,249,513,650,650,650,249,513
n03759954_ILSVRC2012_val_00049526.png,650,650,650,855,650,490,650,650,650,650,490,650,855,855,650,490,650,650,650,490,490,650,650,650,650,650,650,650,650,490,490,650,650,650,650,490,650,650,650,650,650
n03761084_ILSVRC2012_val_00009531.png,651,651,893,893,651,786,651,893,721,435,876,651,893,893,786,786,651,893,893,786,786,651,651,478,651,786,651,651,893,651,651,651,651,748,651,651,651,651,748,651,651
n03761084_ILSVRC2012_val_00020457.png,651,651,651,406,827,492,651,855,844,827,492,651,855,827,827,827,651,855,827,827,827,651,855,896,859,827,651,651,859,859,827,651,651,530,827,827,651,651,827,827,827
n03761084_ILSVRC2012_val_00025505.png,651,651,827,827,771,493,651,827,827,637,493,651,827,827,637,493,651,827,827,637,493,651,827,827,637,493,651,827,827,827,493,651,651,495,651,493,651,827,827,480,493
n03761084_ILSVRC2012_val_00026735.png,651,651,448,471,448,408,651,448,471,448,609,651,587,471,651,408,651,586,847,864,408,651,651,471,651,408,651,651,448,651,408,651,651,847,651,408,651,651,651,651,408
n03763968_ILSVRC2012_val_00006443.png,652,652,869,474,652,869,652,652,474,869,869,652,869,474,869,869,652,869,474,869,869,652,652,474,652,869,652,652,474,869,869,652,652,474,869,869,652,652,474,869,869
n03763968_ILSVRC2012_val_00020405.png,652,652,652,439,652,652,652,652,439,652,439,652,439,439,652,652,652,439,439,439,439,652,652,439,652,439,652,652,652,652,439,652,652,439,652,439,652,652,439,652,439
n03763968_ILSVRC2012_val_00021649.png,652,652,652,652,413,413,652,652,570,652,413,652,796,570,413,413,652,652,570,413,413,652,652,570,413,413,652,652,652,652,652,652,652,652,652,413,652,652,652,413,413
n03764736_ILSVRC2012_val_00018193.png,653,653,653,725,653,653,653,653,725,653,725,653,849,849,653,849,653,849,849,61,849,653,653,849,653,505,653,653,653,653,653,653,653,653,653,653,653,653,849,653,849
n03764736_ILSVRC2012_val_00032660.png,653,653,653,756,653,725,653,653,653,725,725,653,756,756,725,899,653,653,899,725,725,653,653,653,653,653,653,653,653,653,653,653,653,653,653,653,653,653,653,653,653
n03764736_ILSVRC2012_val_00043790.png,653,653,544,463,412,827,653,653,463,412,827,653,463,463,534,827,653,463,463,333,827,653,463,463,696,827,653,653,463,827,827,653,653,463,544,827,653,653,653,544,827
n03769881_ILSVRC2012_val_00005606.png,654,654,874,874,734,609,654,874,874,654,609,654,874,874,734,609,654,874,874,734,609,654,654,654,654,609,654,654,654,654,609,654,654,654,654,609,654,654,874,734,609
n03769881_ILSVRC2012_val_00012837.png,654,654,734,734,654,734,654,654,734,654,734,654,734,734,734,734,654,734,734,734,734,654,654,654,654,654,654,654,734,654,734,654,654,654,654,654,654,654,654,654,734
n03769881_ILSVRC2012_val_00030789.png,654,654,734,874,734,734,654,654,874,734,734,654,874,874,654,654,654,874,874,734,734,654,654,654,654,654,654,654,654,654,654,654,654,705,654,654,654,654,705,654,654
n03769881_ILSVRC2012_val_00036564.png,654,654,654,654,654,654,654,654,654,654,654,654,705,705,654,654,654,654,654,675,675,654,654,654,654,654,654,654,654,654,654,654,654,654,654,654,654,654,654,654,654
n03769881_ILSVRC2012_val_00040459.png,654,654,757,705,654,654,654,654,654,654,654,654,757,705,654,407,654,654,705,407,407,654,654,654,654,407,654,654,654,654,654,654,654,654,654,654,654,654,654,654,654
n03770439_ILSVRC2012_val_00008063.png,655,655,655,655,775,514,655,655,655,655,514,655,885,885,514,514,655,655,655,514,514,655,655,655,514,514,655,655,655,514,514,655,655,655,514,514,655,655,655,514,514
n03770439_ILSVRC2012_val_00040108.png,655,655,655,903,655,903,655,655,903,903,903,655,903,903,903,903,655,655,903,903,903,655,903,903,655,903,655,655,183,655,903,655,903,903,903,903,655,655,903,655,903
n03770439_ILSVRC2012_val_00045468.png,655,655,655,416,794,514,655,416,416,747,514,655,416,416,700,514,655,655,655,747,514,655,655,655,655,514,655,655,655,747,514,655,655,655,747,514,655,655,655,655,514
n03770679_ILSVRC2012_val_00046793.png,656,656,656,656,656,468,656,656,656,656,656,656,654,654,682,682,656,656,656,682,682,656,656,656,656,656,656,656,656,656,656,656,656,656,656,656,656,656,656,656,656
n03773504_ILSVRC2012_val_00010724.png,657,657,682,682,657,557,657,657,682,657,557,657,682,682,562,557,657,682,682,562,557,657,657,682,562,657,657,657,682,657,657,657,657,682,657,657,657,657,682,657,657
n03775071_ILSVRC2012_val_00002123.png,658,658,658,658,658,806,658,658,658,658,806,658,806,806,806,806,658,658,806,806,806,658,658,658,658,658,658,658,658,658,658,658,658,658,658,806,658,658,658,658,658
n03775071_ILSVRC2012_val_00019745.png,658,658,911,775,735,775,658,816,462,816,462,658,639,638,542,601,658,542,639,542,601,658,658,911,658,462,658,658,411,658,699,658,658,658,658,462,658,658,411,658,462
n03775071_ILSVRC2012_val_00024804.png,658,658,824,824,658,824,658,824,824,824,824,658,824,824,658,824,658,824,824,699,824,658,824,824,658,824,658,658,824,911,824,658,658,824,658,824,658,824,824,658,824
n03775071_ILSVRC2012_val_00025301.png,658,658,658,806,658,806,658,806,721,658,806,658,806,721,658,806,658,806,496,769,769,658,658,658,658,658,658,806,658,806,658,658,658,658,658,658,658,658,658,658,658
n03775071_ILSVRC2012_val_00030946.png,658,658,658,824,658,824,658,658,824,658,824,658,824,824,474,824,658,474,824,474,824,658,658,824,658,824,658,658,824,658,824,658,658,658,658,658,658,658,658,658,824
n03775071_ILSVRC2012_val_00035992.png,658,658,658,824,658,474,658,658,824,474,474,658,756,775,658,658,658,658,775,474,474,658,658,824,658,658,658,658,658,658,658,658,658,658,658,658,658,658,658,658,658
n03775071_ILSVRC2012_val_00047558.png,658,658,806,806,806,806,658,806,806,806,806,658,806,806,806,806,658,806,806,806,806,658,806,806,806,806,658,806,806,806,806,658,806,806,806,806,658,806,806,806,806
n03775071_ILSVRC2012_val_00049817.png,658,658,806,806,341,806,658,806,806,658,806,658,806,806,385,806,658,806,806,254,806,658,658,658,658,806,658,806,806,658,806,658,806,806,658,806,658,658,806,658,806
n03775071_ILSVRC2012_val_00049880.png,658,658,658,658,658,658,658,658,658,658,658,658,490,490,611,38,658,658,490,611,38,658,658,658,658,38,658,658,490,611,38,658,658,658,658,658,658,658,658,658,658
n03775546_ILSVRC2012_val_00013468.png,659,659,659,659,659,659,659,659,659,659,659,659,968,809,659,659,659,659,809,968,968,659,659,659,659,659,659,659,659,659,659,659,659,659,659,659,659,659,659,659,659
n03775546_ILSVRC2012_val_00020906.png,659,659,495,495,495,495,659,495,495,495,495,659,495,495,495,495,659,495,495,495,495,659,495,495,495,495,659,659,495,495,495,659,495,495,495,495,659,495,495,495,495
n03775546_ILSVRC2012_val_00025316.png,659,659,659,739,659,455,659,739,739,828,455,659,521,739,828,455,659,659,739,828,455,659,521,739,828,455,659,659,739,659,455,659,659,659,828,455,659,659,659,659,455
n03775546_ILSVRC2012_val_00039930.png,659,659,957,748,748,748,659,957,709,502,721,659,957,419,659,457,659,957,709,695,457,659,957,721,659,502,659,721,721,659,748,659,659,868,868,5,659,659,659,659,659
n03775546_ILSVRC2012_val_00042695.png,659,659,659,725,435,659,659,230,611,264,968,659,230,611,659,659,659,230,611,230,968,659,659,611,659,968,659,659,611,659,659,659,659,611,659,659,659,659,611,659,659
n03776460_ILSVRC2012_val_00018462.png,660,660,706,663,706,706,660,660,611,706,706,660,562,611,706,706,660,706,706,706,706,660,660,660,706,706,660,660,611,660,706,660,660,611,706,706,660,660,706,706,706
n03776460_ILSVRC2012_val_00029250.png,660,660,716,716,706,716,660,716,716,703,716,660,716,716,716,716,660,716,716,971,716,660,716,716,428,716,660,660,660,660,660,660,660,660,660,716,660,660,660,660,716
n03776460_ILSVRC2012_val_00035097.png,660,660,675,675,675,565,660,675,675,675,675,660,675,675,468,675,660,675,675,468,675,660,660,660,660,675,660,660,660,660,675,660,660,660,660,675,660,660,660,660,565
n03777568_ILSVRC2012_val_00003473.png,661,661,661,661,661,586,661,661,661,661,661,661,717,717,661,586,661,661,661,586,586,661,661,661,661,586,661,661,661,661,586,661,661,661,661,661,661,661,661,661,586
n03777568_ILSVRC2012_val_00003532.png,661,661,661,661,661,661,661,661,661,661,661,661,581,717,661,661,661,661,661,656,575,661,661,661,661,661,661,661,661,661,575,661,661,661,661,661,661,661,661,661,661
n03777568_ILSVRC2012_val_00008754.png,661,661,586,586,661,586,661,661,586,661,856,661,847,847,661,856,661,661,847,424,856,661,661,586,661,856,661,661,586,661,661,661,661,661,661,661,661,661,661,661,661
n03777568_ILSVRC2012_val_00013887.png,661,661,575,621,621,575,661,575,575,575,575,661,575,575,621,575,661,575,575,621,575,661,661,661,661,575,661,661,595,661,586,661,661,586,661,586,661,661,661,661,661
n03777568_ILSVRC2012_val_00015974.png,661,661,661,717,661,661,661,661,717,661,627,661,717,717,661,627,661,661,717,627,627,661,717,717,627,627,661,661,661,661,661,661,661,661,661,661,661,661,661,661,661
n03777568_ILSVRC2012_val_00021159.png,661,661,661,661,661,661,661,661,661,661,856,661,664,870,661,856,661,661,661,866,856,661,661,661,661,661,661,661,661,661,661,661,661,661,661,661,661,661,661,661,661
n03777568_ILSVRC2012_val_00022129.png,661,661,661,661,661,661,661,661,661,661,621,661,751,751,661,661,661,661,751,523,660,661,661,479,661,660,661,661,751,661,661,661,661,661,661,661,661,661,661,661,660
n03777568_ILSVRC2012_val_00022145.png,661,661,661,661,661,661,661,661,661,661,661,661,414,479,661,661,661,661,661,511,817,661,661,661,661,661,661,661,661,661,661,661,661,661,661,661,661,661,661,661,661
n03777568_ILSVRC2012_val_00026792.png,661,661,661,479,661,661,661,511,511,817,817,661,511,511,661,479,661,661,661,751,817,661,661,661,661,661,661,661,661,661,661,661,661,661,661,661,661,661,661,661,661
n03777568_ILSVRC2012_val_00028447.png,661,661,661,717,717,717,661,717,717,717,717,661,717,717,717,717,661,717,717,717,717,661,661,661,717,717,661,661,661,661,661,661,661,661,661,661,661,661,661,661,717
n03777568_ILSVRC2012_val_00033828.png,661,661,661,581,661,661,661,661,581,661,581,661,791,581,661,581,661,661,581,581,581,661,661,581,661,581,661,661,661,661,661,661,661,661,661,661,661,661,661,661,661
n03777568_ILSVRC2012_val_00034074.png,661,661,661,661,661,661,661,661,661,661,661,661,751,751,661,479,661,661,751,479,479,661,661,479,661,661,661,661,661,661,661,661,661,661,661,661,661,661,661,661,661
n03777568_ILSVRC2012_val_00045312.png,661,661,661,661,661,661,661,661,661,661,661,661,864,864,661,609,661,661,586,609,609,661,661,661,661,661,661,661,661,661,661,661,661,661,661,661,661,661,661,661,661
n03777568_ILSVRC2012_val_00047987.png,661,661,661,751,661,603,661,661,661,603,603,661,817,817,661,603,661,661,817,603,603,661,661,817,603,603,661,661,817,661,603,661,661,661,661,603,661,661,661,661,661
n03777568_ILSVRC2012_val_00049034.png,661,661,661,661,661,661,661,661,661,661,661,661,867,856,661,661,661,661,856,612,612,661,661,661,661,661,661,661,661,661,661,661,661,661,661,661,661,661,661,661,661
n03777754_ILSVRC2012_val_00001373.png,662,662,662,754,674,748,662,482,754,613,748,662,754,754,754,748,662,754,754,109,748,662,662,754,662,748,662,754,754,662,754,662,482,482,754,748,662,662,754,662,748
n03777754_ILSVRC2012_val_00024018.png,662,662,606,758,999,999,662,745,758,700,700,662,875,758,700,700,662,700,758,700,700,662,620,700,700,700,662,754,777,700,700,662,662,745,700,700,662,662,662,662,700
n03782006_ILSVRC2012_val_00017128.png,664,664,492,539,192,741,664,891,539,492,741,664,891,539,893,539,664,891,539,192,539,664,891,664,192,539,664,664,664,556,646,664,664,664,664,664,664,891,664,664,539
n03782006_ILSVRC2012_val_00049784.png,664,664,800,700,800,800,664,527,700,886,800,664,707,700,886,800,664,800,700,800,800,664,782,700,886,800,664,651,700,800,800,664,527,999,800,800,664,480,700,886,800
n03785016_ILSVRC2012_val_00005991.png,665,665,665,770,665,665,665,665,770,665,849,665,770,770,665,719,665,665,770,849,719,665,665,770,665,665,665,665,770,665,665,665,665,770,665,665,665,665,770,665,665
n03785016_ILSVRC2012_val_00031789.png,665,665,665,665,665,665,665,665,665,665,665,665,515,518,665,665,665,665,665,837,670,665,665,665,665,665,665,603,665,665,665,665,665,665,665,665,665,665,665,665,665
n03785016_ILSVRC2012_val_00049634.png,665,665,665,670,665,665,665,665,670,670,670,665,770,670,670,670,665,670,670,670,670,665,670,670,670,670,665,665,670,670,670,665,665,670,665,670,665,665,665,665,665
n03786901_ILSVRC2012_val_00003641.png,666,666,666,666,666,666,666,666,769,816,666,666,769,769,816,910,666,666,666,816,910,666,666,666,666,666,666,666,666,666,666,666,666,666,666,666,666,666,666,666,666
n03786901_ILSVRC2012_val_00006228.png,666,666,666,816,816,666,666,666,700,816,816,666,967,700,666,910,666,666,700,910,910,666,666,700,910,910,666,666,700,666,666,666,666,666,666,666,666,666,666,666,666
n03786901_ILSVRC2012_val_00021100.png,666,666,572,883,725,572,666,883,572,883,572,666,883,883,883,883,666,666,883,883,883,666,666,666,666,883,666,666,666,666,883,666,666,666,666,666,666,666,666,666,666
n03787032_ILSVRC2012_val_00010267.png,667,667,667,885,667,885,667,879,721,667,885,667,672,434,885,885,667,672,885,885,885,667,667,667,667,667,667,667,667,667,885,667,667,667,667,885,667,667,667,667,667
n03787032_ILSVRC2012_val_00010755.png,667,667,749,749,452,824,667,749,749,824,885,667,749,749,597,452,667,749,749,824,885,667,667,879,824,452,667,667,749,452,452,667,667,749,667,667,667,667,452,452,452
n03787032_ILSVRC2012_val_00026799.png,667,667,400,400,667,400,667,400,400,667,400,667,400,400,667,400,667,667,667,400,400,667,667,400,400,400,667,667,400,667,400,400,400,400,400,400,667,667,400,400,400
n03788195_ILSVRC2012_val_00005361.png,668,668,668,663,668,663,668,668,663,663,663,668,875,663,668,668,668,668,663,663,663,668,668,663,668,663,668,668,668,668,668,668,668,668,668,668,668,668,668,668,668
n03788195_ILSVRC2012_val_00006508.png,668,668,668,698,668,698,668,538,580,538,580,668,562,698,668,981,668,668,668,981,981,668,668,668,668,668,668,668,668,668,698,668,668,668,668,668,668,668,668,668,668
n03788195_ILSVRC2012_val_00011065.png,668,668,668,611,668,562,668,668,611,668,668,668,832,611,668,562,668,668,611,819,562,668,668,611,668,562,668,668,611,668,562,668,668,668,668,562,668,668,668,668,668
n03788195_ILSVRC2012_val_00015012.png,668,668,832,663,663,663,668,663,663,663,663,668,858,663,663,663,668,668,663,564,663,668,538,663,668,663,668,668,663,663,663,668,663,663,663,663,668,663,663,663,663
n03788195_ILSVRC2012_val_00017260.png,668,668,538,538,538,468,668,668,704,668,668,668,704,704,820,745,668,704,704,820,745,668,668,497,442,745,668,668,668,668,668,668,668,668,668,668,668,668,668,668,668
n03788195_ILSVRC2012_val_00018950.png,668,668,668,668,668,668,668,406,406,668,668,668,711,711,711,437,668,711,711,737,437,668,711,711,668,437,668,668,538,668,437,668,668,538,668,437,668,668,470,668,437
n03788195_ILSVRC2012_val_00019933.png,668,668,668,538,668,668,668,538,538,538,538,668,538,538,538,538,668,668,538,538,538,668,668,538,668,538,668,668,668,668,538,668,668,668,668,538,668,668,668,668,668
n03788195_ILSVRC2012_val_00021199.png,668,668,668,668,668,698,668,668,698,668,668,668,698,698,668,668,668,668,668,937,937,668,668,698,668,698,668,668,668,668,668,668,668,668,668,668,668,668,668,668,668
n03788195_ILSVRC2012_val_00027421.png,668,668,668,668,668,668,668,668,668,668,832,668,538,538,668,628,668,668,668,608,628,668,668,668,668,668,668,668,668,668,668,668,668,668,668,628,668,668,668,668,668
n03788195_ILSVRC2012_val_00027590.png,668,668,668,538,668,698,668,668,611,668,698,668,698,611,668,698,668,698,611,698,698,668,668,611,668,698,668,668,611,668,668,668,668,611,668,698,668,668,668,668,698
n03788195_ILSVRC2012_val_00029390.png,668,668,668,668,668,668,668,668,668,668,668,668,611,727,668,538,668,668,668,977,538,668,668,668,668,668,668,668,668,668,668,668,668,668,668,668,668,668,668,668,668
n03788195_ILSVRC2012_val_00029681.png,668,668,668,668,668,694,668,668,668,668,694,668,694,576,668,668,668,668,668,554,554,668,668,668,668,562,668,668,668,668,668,668,668,668,668,668,668,668,668,668,668
n03788195_ILSVRC2012_val_00041395.png,668,668,668,497,668,668,668,668,668,668,668,668,497,497,668,668,668,668,668,798,708,668,668,668,668,668,668,668,668,668,668,668,668,668,668,668,668,668,668,668,668
n03788195_ILSVRC2012_val_00044234.png,668,668,668,715,668,668,668,668,668,668,668,668,682,744,678,682,668,668,657,678,682,668,668,668,668,668,668,668,668,678,668,668,668,668,668,668,668,668,668,668,668
n03788195_ILSVRC2012_val_00046416.png,668,668,832,832,832,832,668,832,832,832,832,668,832,832,832,832,668,832,832,832,832,668,668,832,832,832,668,832,832,832,832,668,832,832,832,832,668,668,832,832,832
n03788195_ILSVRC2012_val_00047098.png,668,668,668,668,668,668,668,538,538,538,538,668,624,458,668,668,668,668,668,709,709,668,668,668,668,668,668,668,668,668,668,668,668,668,668,668,668,668,668,668,668
n03788195_ILSVRC2012_val_00048324.png,668,668,668,538,682,562,668,538,538,562,538,668,497,538,668,663,668,668,538,469,663,668,668,668,469,538,668,668,668,668,538,668,668,668,668,538,668,668,668,668,668
n03788365_ILSVRC2012_val_00005843.png,669,669,669,431,669,431,669,601,431,431,431,669,601,431,431,431,669,601,431,431,431,669,601,516,669,431,669,669,431,516,431,669,669,516,431,431,669,601,431,601,431
n03788365_ILSVRC2012_val_00014791.png,669,669,669,753,737,431,669,669,857,669,431,669,564,753,737,431,669,564,753,737,516,669,669,753,737,516,669,669,564,773,516,669,669,857,737,431,669,669,857,737,431
n03788365_ILSVRC2012_val_00017852.png,669,669,669,564,669,564,669,669,564,669,564,669,564,564,669,564,669,669,564,564,564,669,669,564,669,669,669,669,564,669,564,669,669,669,669,669,669,669,669,669,669
n03788365_ILSVRC2012_val_00028526.png,669,669,562,562,580,580,669,562,562,580,580,669,562,562,580,580,669,562,562,580,580,669,562,562,669,580,669,669,562,580,580,669,562,562,580,580,669,580,562,580,580
n03788365_ILSVRC2012_val_00033511.png,669,669,669,775,669,775,669,669,775,669,775,669,854,775,775,775,669,669,775,775,775,669,854,775,775,775,669,669,775,775,775,669,669,775,669,775,669,669,775,669,775
n03788365_ILSVRC2012_val_00044292.png,669,669,474,474,772,748,669,474,474,772,748,669,474,474,772,748,669,474,474,772,748,669,669,474,772,748,669,474,474,772,608,516,474,474,772,772,669,474,474,772,748
n03791053_ILSVRC2012_val_00008959.png,670,670,670,414,802,414,670,414,414,414,414,670,597,414,414,414,670,414,414,414,414,670,414,414,414,414,670,670,414,414,414,670,670,414,414,414,670,414,414,414,414
n03791053_ILSVRC2012_val_00016880.png,670,670,686,695,665,686,670,787,671,665,665,670,929,671,665,665,670,670,665,665,665,670,670,665,670,665,670,670,665,665,665,670,670,665,670,670,670,670,665,670,665
n03791053_ILSVRC2012_val_00030997.png,670,670,573,802,802,802,670,573,802,802,802,670,573,802,802,802,670,573,802,802,802,670,670,802,670,802,670,670,802,670,802,670,670,670,670,670,670,670,802,670,802
n03792782_ILSVRC2012_val_00005546.png,671,671,671,671,671,444,671,444,444,444,444,671,444,444,444,444,671,671,444,444,444,671,671,671,671,444,671,671,671,671,444,671,671,671,671,671,671,671,444,671,444
n03792782_ILSVRC2012_val_00006158.png,671,671,444,444,444,444,671,671,444,444,444,671,433,444,444,444,671,671,444,444,444,671,671,444,444,444,671,671,444,444,444,671,671,671,444,671,671,671,671,671,444
n03792782_ILSVRC2012_val_00017103.png,671,671,671,671,671,444,671,671,671,671,444,671,560,535,671,444,671,671,535,444,444,671,671,535,671,444,671,671,251,671,444,671,671,671,671,671,671,671,671,671,444
n03792782_ILSVRC2012_val_00018074.png,671,671,671,671,671,671,671,671,671,671,671,671,665,535,671,671,671,671,671,535,535,671,671,671,671,671,671,671,671,671,671,671,671,671,671,671,671,671,671,671,671
n03792782_ILSVRC2012_val_00020631.png,671,671,671,671,671,671,671,671,671,671,970,671,646,970,970,970,671,671,671,970,970,671,671,671,671,970,671,671,671,671,671,671,671,671,671,671,671,671,671,671,671
n03792782_ILSVRC2012_val_00030892.png,671,671,671,444,671,518,671,671,671,671,518,671,444,444,671,518,671,444,444,518,518,671,671,671,671,518,671,671,671,671,671,671,671,671,671,671,671,671,671,671,671
n03792782_ILSVRC2012_val_00036678.png,671,671,671,671,671,671,671,671,880,671,880,671,972,880,671,671,671,972,880,880,880,671,671,671,671,671,671,671,671,671,671,671,671,671,671,671,671,671,671,671,671
n03792782_ILSVRC2012_val_00037438.png,671,671,671,444,671,671,671,671,444,671,444,671,670,444,444,444,671,671,444,444,444,671,671,444,444,444,671,671,671,671,444,671,671,671,671,444,671,671,671,671,444
n03792972_ILSVRC2012_val_00002082.png,672,672,915,915,915,915,672,915,915,915,915,672,915,915,915,915,672,915,915,915,915,672,915,669,915,915,672,915,979,915,915,672,915,669,915,915,672,915,915,915,915
n03792972_ILSVRC2012_val_00002528.png,672,672,672,915,835,807,672,672,915,879,807,672,915,915,672,807,672,672,915,835,807,672,672,672,835,807,672,672,672,672,807,672,915,915,672,807,672,672,915,672,580
n03792972_ILSVRC2012_val_00006259.png,672,672,634,611,750,525,672,858,611,750,525,672,858,611,750,525,672,858,611,750,525,672,741,611,750,525,672,970,611,750,525,672,672,611,750,525,672,879,611,750,525
n03792972_ILSVRC2012_val_00028281.png,672,672,580,580,449,937,672,672,580,672,937,672,580,580,449,937,672,915,580,937,937,672,915,580,915,937,672,672,672,672,937,672,672,672,672,672,672,672,672,672,672
n03792972_ILSVRC2012_val_00032531.png,672,672,980,611,980,980,672,672,611,980,980,672,879,611,980,980,672,879,611,980,980,672,879,611,980,980,672,672,611,672,980,672,672,611,672,980,672,672,611,980,980
n03792972_ILSVRC2012_val_00038077.png,672,672,672,580,672,580,672,672,580,580,580,672,132,580,580,580,672,672,580,580,580,672,672,672,672,580,672,672,672,538,580,672,672,672,672,672,672,672,672,672,672
n03792972_ILSVRC2012_val_00048211.png,672,672,672,970,672,970,672,970,970,970,970,672,795,970,970,970,672,672,970,970,970,672,672,970,672,970,672,970,970,970,970,672,672,970,970,970,672,672,970,970,970
n03792972_ILSVRC2012_val_00049648.png,672,672,797,797,797,797,672,797,797,797,797,672,797,797,797,797,672,672,797,797,797,672,797,797,797,797,672,672,797,797,797,672,797,797,797,797,672,797,797,797,797
n03793489_ILSVRC2012_val_00007175.png,673,673,845,0,508,842,673,918,828,508,508,673,124,828,508,739,673,673,828,508,508,673,673,828,508,122,673,673,828,673,508,673,712,828,508,739,673,508,828,508,508
n03793489_ILSVRC2012_val_00013906.png,673,673,715,747,909,909,673,715,747,909,909,673,715,747,909,909,673,715,747,909,909,673,715,747,909,909,673,715,747,715,909,673,715,747,909,909,673,715,518,518,909
n03793489_ILSVRC2012_val_00048402.png,673,673,673,611,673,850,673,673,611,508,508,673,878,611,508,508,673,508,611,508,508,673,673,611,508,508,673,673,611,508,508,673,508,611,508,508,673,673,611,508,508
n03793489_ILSVRC2012_val_00048819.png,673,673,464,464,498,545,673,455,455,971,828,673,455,451,451,828,673,673,451,494,828,673,508,451,810,508,673,508,451,508,508,673,508,508,810,810,673,508,451,508,508
n03794056_ILSVRC2012_val_00005987.png,674,674,850,797,750,797,674,229,797,797,797,674,229,797,831,797,674,229,797,797,797,674,229,797,750,797,674,229,797,797,797,674,156,797,750,797,674,229,797,797,797
n03794056_ILSVRC2012_val_00009498.png,674,674,674,674,674,674,674,674,674,674,674,674,419,419,674,674,674,674,674,481,419,674,674,674,674,674,674,674,674,674,674,674,674,674,674,674,674,674,674,674,674
n03794056_ILSVRC2012_val_00014455.png,674,674,674,791,491,845,674,674,772,491,783,674,772,772,491,783,674,674,772,491,783,674,674,674,491,677,674,674,674,674,677,674,674,674,674,783,674,674,674,674,674
n03794056_ILSVRC2012_val_00020873.png,674,674,674,767,674,313,674,816,767,674,313,674,845,767,674,674,674,845,767,313,313,674,674,674,674,674,674,674,674,674,674,674,674,767,674,674,674,674,674,674,674
n03794056_ILSVRC2012_val_00023974.png,674,674,356,284,333,333,674,359,284,333,333,674,359,284,333,333,674,356,284,333,333,674,356,356,333,333,674,359,333,333,333,674,674,674,333,333,674,356,333,333,333
n03794056_ILSVRC2012_val_00032286.png,674,674,674,674,674,674,674,674,674,674,674,674,464,464,674,674,674,674,674,464,464,674,674,674,674,674,674,674,674,674,674,674,674,674,674,674,674,674,674,674,674
n03794056_ILSVRC2012_val_00034073.png,674,674,292,858,39,216,674,830,858,674,219,674,48,858,674,219,674,48,858,39,219,674,674,858,674,219,674,674,830,674,219,674,674,674,674,219,674,674,674,674,219
n03796401_ILSVRC2012_val_00027298.png,675,675,864,864,864,864,675,864,864,675,675,675,864,864,864,717,675,675,864,864,717,675,864,675,675,717,675,675,864,864,675,675,675,675,675,675,675,675,675,675,675
n03796401_ILSVRC2012_val_00035500.png,675,867,867,867,867,867,675,867,867,867,867,675,744,867,867,867,675,867,867,867,867,675,867,867,867,867,675,867,867,867,867,675,867,867,867,867,675,675,867,867,867
n03803284_ILSVRC2012_val_00030040.png,676,676,273,273,243,243,676,273,273,243,243,676,276,273,243,243,676,276,273,243,243,676,276,273,243,243,676,676,676,243,243,676,273,243,243,243,676,676,676,243,243
n03803284_ILSVRC2012_val_00043675.png,676,676,700,700,719,725,676,700,700,719,572,676,700,700,971,572,676,999,700,971,572,676,676,700,971,572,676,676,700,572,572,676,999,700,691,691,676,676,676,676,676
n03803284_ILSVRC2012_val_00046225.png,676,676,235,235,676,234,676,235,235,237,234,676,235,235,676,676,676,235,235,237,227,676,676,235,237,676,676,676,676,676,676,676,676,676,676,676,676,676,676,676,676
n03804744_ILSVRC2012_val_00000649.png,677,677,816,816,363,250,677,816,750,238,238,677,816,750,608,300,677,816,750,238,238,677,348,750,212,212,677,677,79,677,76,677,677,677,362,289,677,677,677,677,212
n03804744_ILSVRC2012_val_00024245.png,677,677,677,904,703,904,677,783,898,703,703,677,783,783,703,703,677,783,851,703,703,677,677,783,677,677,677,677,783,677,703,677,677,677,677,677,677,677,783,677,703
n03804744_ILSVRC2012_val_00048967.png,677,677,76,109,33,391,677,24,109,397,397,677,783,109,112,783,677,783,109,112,783,677,783,109,112,783,677,677,109,599,783,677,677,109,677,783,677,783,109,677,783
n03814639_ILSVRC2012_val_00015284.png,678,678,496,496,443,700,678,496,700,515,700,678,463,700,463,700,678,463,700,463,700,678,361,700,463,700,678,463,700,504,700,678,678,700,504,700,678,722,700,504,700
n03814639_ILSVRC2012_val_00031947.png,678,678,678,490,678,903,678,678,490,678,589,678,490,490,469,469,678,678,678,469,427,678,678,490,678,427,678,678,678,678,678,678,678,490,678,903,678,678,678,678,427
n03814639_ILSVRC2012_val_00048113.png,678,678,700,700,700,534,678,700,700,700,534,678,499,700,700,534,678,700,700,700,534,678,499,700,700,534,678,678,700,700,534,678,678,678,678,678,678,678,700,700,534
n03814906_ILSVRC2012_val_00006606.png,679,679,490,363,903,903,679,490,490,903,903,679,490,855,679,903,679,490,855,903,903,679,490,643,903,903,679,679,679,679,903,679,679,452,903,903,679,679,643,679,903
n03814906_ILSVRC2012_val_00020703.png,679,679,679,679,679,679,679,679,679,679,679,679,772,772,679,679,679,679,679,488,488,679,679,679,679,679,679,679,679,679,679,679,679,679,679,679,679,679,679,679,679
n03814906_ILSVRC2012_val_00024598.png,679,679,677,677,63,577,679,305,677,882,577,679,677,677,882,577,679,679,783,882,577,679,679,679,882,577,679,679,679,679,679,679,679,679,679,679,679,679,679,679,679
n03814906_ILSVRC2012_val_00032693.png,679,679,679,679,679,679,679,679,679,679,679,679,488,488,488,488,679,679,488,772,488,679,679,679,679,584,679,679,488,679,488,679,488,488,488,488,679,679,488,584,488
n03814906_ILSVRC2012_val_00046222.png,679,679,679,679,679,635,679,679,902,679,902,679,488,488,679,488,679,679,488,488,771,679,679,488,679,488,679,679,488,679,902,679,679,679,679,635,679,679,488,679,488
n03825788_ILSVRC2012_val_00004779.png,680,680,111,809,111,111,680,712,809,712,691,680,828,809,809,572,680,828,809,570,691,680,809,809,680,691,680,680,809,680,680,680,680,809,809,680,680,680,809,680,680
n03825788_ILSVRC2012_val_00017705.png,680,680,680,898,680,680,680,680,898,680,838,680,898,898,680,838,680,680,898,503,838,680,899,898,680,838,680,680,898,680,838,680,680,680,680,838,680,680,680,680,838
n03825788_ILSVRC2012_val_00033871.png,680,680,773,794,680,773,680,773,794,737,505,680,773,794,737,505,680,773,794,737,505,680,680,794,737,725,680,773,794,737,773,680,773,794,737,773,680,773,794,737,773
n03825788_ILSVRC2012_val_00048248.png,680,680,265,793,365,793,680,219,903,793,793,680,793,793,793,793,680,793,793,793,793,680,793,793,793,793,680,793,793,793,793,680,793,793,793,793,680,793,793,793,793
n03832673_ILSVRC2012_val_00008390.png,681,681,539,868,398,508,681,539,539,398,398,681,539,750,508,810,681,620,620,398,810,681,508,620,508,810,681,620,620,398,810,681,620,620,508,810,681,620,620,620,810
n03837869_ILSVRC2012_val_00009126.png,682,682,682,489,698,557,682,682,668,829,510,682,708,489,682,682,682,682,489,705,510,682,682,904,682,682,682,682,489,682,682,682,682,682,682,510,682,682,517,682,510
n03837869_ILSVRC2012_val_00024309.png,682,682,517,780,591,904,682,733,755,682,904,682,724,724,591,904,682,724,724,591,556,682,682,682,591,556,682,682,682,682,556,682,733,733,682,556,682,724,724,682,556
n03837869_ILSVRC2012_val_00034643.png,682,682,682,904,682,682,682,682,905,682,733,682,657,794,682,682,682,682,794,356,733,682,682,794,682,682,682,682,682,682,682,682,682,682,682,682,682,682,682,682,682
n03837869_ILSVRC2012_val_00044294.png,682,682,682,546,682,708,682,682,546,708,708,682,708,546,708,708,682,682,682,708,708,682,682,546,708,708,682,682,682,682,682,682,682,682,682,708,682,682,682,682,682
n03838899_ILSVRC2012_val_00021439.png,683,683,683,558,683,558,683,683,558,558,558,683,558,593,558,558,683,683,558,558,558,683,683,558,683,558,683,683,558,683,558,683,683,683,683,558,683,683,683,683,683
n03838899_ILSVRC2012_val_00029649.png,683,683,683,683,683,683,683,683,683,683,683,683,875,875,683,683,683,683,683,558,558,683,683,683,683,683,683,683,683,683,683,683,683,683,683,683,683,683,683,683,683
n03838899_ILSVRC2012_val_00036122.png,683,683,558,558,461,558,683,558,683,824,558,683,570,432,683,558,683,570,558,824,558,683,570,683,735,558,683,683,683,735,558,683,683,683,824,558,683,683,683,824,558
n03838899_ILSVRC2012_val_00047450.png,683,683,683,432,683,558,683,683,432,683,683,683,432,432,683,558,683,432,432,558,558,683,683,683,683,683,683,683,683,683,683,683,683,683,683,683,683,432,683,683,683
n03840681_ILSVRC2012_val_00006072.png,684,684,684,611,684,684,684,684,611,684,589,684,740,611,684,589,684,684,611,192,589,684,684,611,684,589,684,684,611,684,684,684,684,611,684,684,684,684,611,684,684
n03840681_ILSVRC2012_val_00007739.png,684,684,684,112,684,112,684,684,112,684,112,684,110,112,684,112,684,684,112,107,112,684,684,112,684,112,684,684,684,684,112,684,684,684,684,112,684,684,684,684,112
n03840681_ILSVRC2012_val_00010425.png,684,684,684,684,684,684,684,684,684,684,600,684,902,902,684,600,684,684,684,600,600,684,684,684,684,684,684,684,684,684,600,684,684,684,684,684,684,684,684,684,684
n03840681_ILSVRC2012_val_00017465.png,684,684,684,684,684,684,684,684,684,684,684,684,719,719,719,719,684,684,684,719,719,684,684,684,684,684,684,684,684,684,684,684,684,684,684,684,684,684,684,684,684
n03840681_ILSVRC2012_val_00035073.png,684,684,684,850,850,850,684,999,850,643,643,684,999,850,850,451,684,999,850,872,451,684,719,850,872,636,684,850,850,850,850,684,684,850,850,451,684,589,850,850,451
n03840681_ILSVRC2012_val_00036362.png,684,684,684,448,448,448,684,448,448,448,448,684,448,448,684,448,684,448,448,448,448,684,684,448,448,448,684,684,684,684,448,684,684,684,684,684,684,684,448,684,684
n03840681_ILSVRC2012_val_00039095.png,684,684,850,850,850,850,684,435,850,333,700,684,435,850,333,700,684,684,850,333,700,684,684,850,333,700,684,684,850,296,684,684,684,850,684,684,684,684,850,850,850
n03840681_ILSVRC2012_val_00047219.png,684,684,684,327,684,684,684,327,327,684,684,684,327,327,327,684,684,684,327,390,502,684,684,327,684,684,684,327,327,684,684,684,684,684,684,684,684,684,684,684,684
n03841143_ILSVRC2012_val_00003637.png,685,685,685,685,685,257,685,685,685,685,257,685,257,700,257,257,685,685,685,257,257,685,685,685,685,257,685,685,685,258,258,685,685,685,257,257,685,685,685,685,257
n03841143_ILSVRC2012_val_00006978.png,685,685,685,781,685,922,685,685,685,685,685,685,571,571,685,685,685,685,685,815,921,685,685,685,685,921,685,685,685,685,685,685,685,685,685,685,685,685,685,685,685
n03841143_ILSVRC2012_val_00011791.png,685,685,685,632,685,685,685,685,685,685,685,685,482,632,685,485,685,685,632,759,482,685,685,685,685,685,685,685,685,685,685,685,685,685,685,685,685,685,685,685,685
n03841143_ILSVRC2012_val_00012858.png,685,685,685,685,685,685,685,771,771,754,685,685,771,771,685,685,685,685,685,688,688,685,685,685,685,685,685,685,685,685,685,685,685,685,685,685,685,685,685,685,685
n03841143_ILSVRC2012_val_00030557.png,685,685,685,685,685,685,685,685,685,685,685,685,620,835,685,685,685,685,685,797,754,685,685,685,685,685,685,685,685,685,685,685,685,685,685,685,685,685,685,685,685
n03841143_ILSVRC2012_val_00046805.png,685,685,685,685,685,685,685,685,685,685,685,685,826,826,685,685,685,685,685,543,507,685,685,685,685,685,685,685,685,685,685,685,685,685,685,685,685,685,685,685,685
n03841143_ILSVRC2012_val_00047266.png,685,685,685,685,685,635,685,685,685,685,685,685,826,892,826,409,685,685,685,826,409,685,685,685,685,409,685,685,685,685,685,685,685,685,685,685,685,685,685,685,685
n03841143_ILSVRC2012_val_00048490.png,685,685,685,721,685,577,685,685,721,685,577,685,577,721,685,577,685,685,685,543,577,685,685,685,685,685,685,685,685,685,685,685,685,685,685,685,685,685,685,685,685
n03843555_ILSVRC2012_val_00013316.png,686,686,535,535,535,684,686,535,535,535,684,686,535,535,535,684,686,535,535,535,684,686,686,535,686,684,686,686,535,686,686,686,686,535,535,686,686,686,686,686,686
n03843555_ILSVRC2012_val_00046118.png,686,686,686,773,412,773,686,686,686,773,773,686,773,773,773,773,686,773,773,773,773,686,686,686,686,828,686,686,686,686,773,686,686,773,686,773,686,686,773,686,773
n03854065_ILSVRC2012_val_00000166.png,687,687,687,687,687,687,687,687,687,687,687,687,699,699,687,905,687,687,687,699,905,687,687,687,687,687,687,687,687,687,687,687,687,687,687,687,687,687,687,687,687
n03854065_ILSVRC2012_val_00001622.png,687,687,687,687,687,687,687,687,687,687,687,687,538,497,687,687,687,687,687,609,609,687,687,687,687,687,687,687,687,687,687,687,687,687,687,687,687,687,687,687,687
n03854065_ILSVRC2012_val_00007206.png,687,687,687,687,687,687,687,687,687,687,687,687,698,698,687,687,687,687,687,937,497,687,687,687,687,687,687,687,687,687,687,687,687,687,687,687,687,687,687,687,687
n03854065_ILSVRC2012_val_00009172.png,687,687,687,687,687,687,687,687,687,687,611,687,562,611,687,611,687,687,611,758,611,687,687,687,687,611,687,687,687,687,611,687,687,687,687,611,687,687,687,687,611
n03854065_ILSVRC2012_val_00012467.png,687,687,687,663,687,406,687,687,687,687,406,687,832,497,687,687,687,832,497,586,857,687,687,687,687,687,687,687,687,687,687,687,687,687,687,687,687,687,687,687,687
n03854065_ILSVRC2012_val_00013230.png,687,687,794,904,716,904,687,794,794,794,794,687,905,905,716,904,687,905,904,716,904,687,687,687,687,904,687,687,905,687,904,687,687,687,687,904,687,687,905,687,904
n03854065_ILSVRC2012_val_00018163.png,687,687,687,687,687,687,687,687,687,687,687,687,594,594,687,687,687,687,687,151,600,687,687,687,687,687,687,687,687,687,687,687,687,687,687,687,687,687,687,687,687
n03854065_ILSVRC2012_val_00024984.png,687,687,687,406,687,687,687,687,687,687,406,687,406,406,406,406,687,406,406,406,406,687,687,406,687,406,687,687,406,687,406,687,687,406,687,406,687,687,406,687,406
n03854065_ILSVRC2012_val_00025545.png,687,687,687,687,687,687,687,687,687,687,687,687,427,698,687,687,687,687,687,415,415,687,687,687,687,687,687,687,687,687,687,687,687,687,687,687,687,687,687,687,687
n03854065_ILSVRC2012_val_00027979.png,687,687,687,687,687,687,687,687,687,687,687,687,698,497,687,687,687,687,687,411,611,687,687,687,687,687,687,687,687,687,687,687,687,687,687,687,687,687,687,687,687
n03854065_ILSVRC2012_val_00033230.png,687,687,687,687,687,687,687,687,538,687,698,687,538,538,538,698,687,538,538,574,698,687,687,687,687,687,687,687,538,687,698,687,687,687,687,687,687,687,687,687,687
n03854065_ILSVRC2012_val_00034845.png,687,687,687,687,687,687,687,687,687,687,520,687,414,556,687,750,687,687,687,721,750,687,87,687,687,750,687,687,687,687,687,687,687,687,687,687,687,687,687,687,687
n03854065_ILSVRC2012_val_00047068.png,687,687,687,406,687,406,687,406,406,406,406,687,406,406,687,687,687,687,406,406,497,687,687,687,687,687,687,687,406,687,406,687,687,687,687,687,687,687,687,687,687
n03857828_ILSVRC2012_val_00019189.png,688,688,688,688,688,688,688,688,688,688,688,688,886,844,688,688,688,688,688,920,920,688,688,844,688,688,688,688,688,688,688,688,688,688,688,688,688,688,688,688,688
n03857828_ILSVRC2012_val_00022455.png,688,688,688,761,688,886,688,688,898,844,886,688,761,761,551,551,688,688,551,551,551,688,688,761,688,551,688,688,688,688,688,688,688,688,688,688,688,688,688,688,688
n03857828_ILSVRC2012_val_00023487.png,688,688,688,688,688,782,688,688,688,688,688,688,664,664,688,688,688,688,688,782,782,688,688,688,688,688,688,688,688,688,688,688,688,688,688,688,688,688,688,688,688
n03857828_ILSVRC2012_val_00023588.png,688,688,565,434,565,565,688,565,434,565,565,688,547,434,565,565,688,565,434,565,565,688,688,446,688,565,688,688,434,565,565,688,565,434,565,565,688,688,434,565,565
n03857828_ILSVRC2012_val_00029074.png,688,688,922,922,688,922,688,688,782,688,664,688,922,782,688,782,688,688,688,782,605,688,688,688,688,664,688,688,688,688,782,688,688,688,688,688,688,688,688,688,688
n03857828_ILSVRC2012_val_00047063.png,688,688,688,791,791,748,688,688,791,688,464,688,791,790,688,790,688,791,791,657,589,688,688,688,688,688,688,688,688,688,688,688,688,688,688,688,688,688,688,688,688
n03857828_ILSVRC2012_val_00048946.png,688,688,688,911,562,562,688,688,562,562,562,688,424,854,688,562,688,688,688,562,562,688,688,688,688,688,688,688,688,688,688,688,688,688,688,688,688,688,688,688,688
n03866082_ILSVRC2012_val_00032676.png,689,689,601,601,601,601,689,601,601,601,601,689,601,601,601,601,689,689,601,601,601,689,601,601,601,601,689,601,601,601,601,689,601,601,601,601,689,601,601,601,601
n03868242_ILSVRC2012_val_00011896.png,690,690,690,341,690,341,690,690,341,355,341,690,341,341,690,341,690,341,341,222,341,690,690,341,257,341,690,690,690,690,690,690,690,690,690,345,690,690,341,690,341
n03868242_ILSVRC2012_val_00012206.png,690,690,690,611,347,345,690,342,611,347,343,690,381,611,347,345,690,690,611,347,345,690,690,611,347,345,690,690,611,345,345,690,690,611,690,690,690,347,611,347,345
n03868242_ILSVRC2012_val_00019136.png,690,690,348,348,341,341,690,348,341,341,341,690,348,341,341,341,690,348,341,341,345,690,345,345,345,345,690,345,345,341,345,690,690,345,345,345,690,345,345,345,345
n03868242_ILSVRC2012_val_00046812.png,690,690,354,354,354,354,690,354,354,354,354,690,354,354,354,354,690,354,354,354,354,690,354,354,354,354,690,354,354,603,354,690,690,354,690,354,690,354,354,354,354
n03868863_ILSVRC2012_val_00047780.png,691,691,786,786,652,785,691,786,849,652,785,691,786,786,652,785,691,786,691,652,785,691,691,786,652,785,691,691,691,691,785,691,691,691,691,785,691,691,691,691,785
n03871628_ILSVRC2012_val_00046027.png,692,692,692,592,692,692,692,800,592,626,674,692,477,592,692,674,692,674,592,626,674,692,692,592,692,674,692,707,592,707,674,692,692,592,692,692,692,692,592,692,674
n03874293_ILSVRC2012_val_00014074.png,694,694,694,612,428,472,694,694,612,472,472,694,612,612,870,472,694,694,612,212,472,694,694,694,694,693,694,694,694,694,694,694,694,694,694,694,694,694,694,694,694
n03874293_ILSVRC2012_val_00020720.png,694,694,694,694,694,612,694,694,821,694,694,694,880,821,694,694,694,694,694,870,870,694,694,694,694,694,694,694,694,694,694,694,694,694,694,765,694,694,694,694,694
n03874293_ILSVRC2012_val_00021470.png,694,694,694,694,694,694,694,694,694,694,694,694,790,791,790,791,694,694,694,790,790,694,694,694,694,694,694,694,694,694,694,694,694,694,791,791,694,694,694,694,694
n03874293_ILSVRC2012_val_00028416.png,694,694,694,594,694,594,694,694,594,730,594,694,594,594,594,594,694,594,594,594,594,694,694,594,594,594,694,694,594,694,594,694,694,594,694,694,694,694,694,694,694
n03874293_ILSVRC2012_val_00030003.png,694,694,634,634,634,634,694,634,634,634,634,694,634,634,634,634,694,634,634,634,634,694,694,694,694,634,694,694,694,694,634,694,694,694,694,634,694,694,694,694,694
n03874293_ILSVRC2012_val_00034746.png,694,694,694,611,555,555,694,408,611,555,555,694,408,611,694,555,694,555,611,555,555,694,408,611,694,971,694,408,611,554,554,694,694,611,694,971,694,694,611,694,554
n03874293_ILSVRC2012_val_00038246.png,694,694,694,900,694,694,694,694,900,694,694,694,900,900,694,791,694,694,900,791,791,694,694,694,694,791,694,694,694,694,694,694,694,694,694,694,694,694,694,694,694
n03874293_ILSVRC2012_val_00047209.png,694,694,532,718,516,532,694,532,821,915,532,694,532,540,831,532,694,532,540,831,532,694,694,517,516,516,694,694,694,694,559,694,694,694,694,694,694,694,694,694,532
n03874599_ILSVRC2012_val_00030933.png,695,695,626,626,695,748,695,695,507,695,748,695,487,507,695,695,695,662,507,551,662,695,507,507,507,507,695,507,507,507,507,695,695,507,695,695,695,695,695,695,695
n03874599_ILSVRC2012_val_00040224.png,695,695,695,597,695,771,695,695,636,771,547,695,778,414,778,820,695,778,414,820,820,695,423,477,695,695,695,695,636,771,547,695,695,597,695,820,695,695,597,778,634
n03874599_ILSVRC2012_val_00041122.png,695,695,695,857,695,695,695,695,695,695,695,695,492,507,695,695,695,695,894,844,474,695,695,695,695,695,695,695,695,695,695,695,695,695,695,695,695,695,695,695,695
n03876231_ILSVRC2012_val_00012200.png,696,696,709,709,454,454,696,454,767,454,454,696,454,748,624,624,696,454,709,624,624,696,696,709,696,696,696,696,696,696,624,696,454,748,696,624,696,696,696,696,696
n03877472_ILSVRC2012_val_00003988.png,697,697,697,697,697,614,697,697,697,697,697,697,652,652,614,614,697,697,652,614,614,697,697,697,697,614,697,697,652,697,697,697,697,697,697,697,697,697,697,697,697
n03877472_ILSVRC2012_val_00010560.png,697,697,697,496,697,750,697,697,697,697,697,697,850,568,697,614,697,697,568,614,614,697,697,697,697,697,697,697,697,697,697,697,697,697,697,697,697,697,697,697,697
n03877472_ILSVRC2012_val_00012966.png,697,697,697,697,697,697,697,697,697,697,801,697,160,576,697,801,697,697,697,576,801,697,697,697,697,801,697,697,697,697,697,697,697,697,697,697,697,697,697,697,697
n03877472_ILSVRC2012_val_00015534.png,697,697,614,614,614,614,697,697,614,614,614,697,614,614,614,614,697,697,614,614,614,697,697,697,697,697,697,697,697,697,697,697,697,697,697,697,697,697,697,697,697
n03877472_ILSVRC2012_val_00034907.png,697,697,697,652,652,652,697,652,652,652,652,697,652,652,652,652,697,652,652,652,652,697,697,697,697,652,697,652,652,652,652,697,697,652,652,652,697,697,697,697,652
n03877845_ILSVRC2012_val_00008239.png,698,698,698,698,698,698,698,698,698,698,483,698,999,478,698,483,698,698,483,483,483,698,698,698,698,483,698,698,698,698,698,698,698,698,698,483,698,698,698,698,698
n03877845_ILSVRC2012_val_00031044.png,698,698,698,698,698,698,698,698,698,698,698,698,873,873,698,873,698,698,698,873,873,698,698,698,698,698,698,698,698,698,873,698,698,698,698,698,698,698,698,698,698
n03884397_ILSVRC2012_val_00006638.png,699,699,699,699,699,699,699,699,699,699,434,699,710,710,699,434,699,699,699,700,529,699,699,699,699,699,699,699,699,699,699,699,699,699,699,699,699,699,699,699,699
n03884397_ILSVRC2012_val_00008704.png,699,699,788,788,642,642,699,699,687,699,699,699,687,687,699,699,699,699,687,642,642,699,699,699,699,642,699,699,699,699,699,699,699,699,699,699,699,699,699,699,699
n03884397_ILSVRC2012_val_00015682.png,699,699,462,716,644,462,699,644,644,644,644,699,929,716,644,644,699,644,716,644,644,699,699,699,699,644,699,699,716,699,644,699,699,644,644,644,699,699,644,644,644
n03884397_ILSVRC2012_val_00028833.png,699,699,699,699,699,699,699,699,699,699,699,699,642,642,699,699,699,642,642,642,642,699,699,699,699,699,699,642,699,699,642,699,642,642,699,699,699,699,699,699,642
n03884397_ILSVRC2012_val_00032329.png,699,699,699,699,699,699,699,699,699,699,875,699,772,541,699,566,699,699,699,828,566,699,699,699,699,699,699,699,699,699,699,699,699,699,699,699,699,699,699,699,699
n03884397_ILSVRC2012_val_00034403.png,699,699,699,701,699,79,699,699,701,699,79,699,642,701,699,79,699,699,699,318,79,699,699,701,699,699,699,699,699,699,79,699,699,699,699,699,699,699,699,699,79
n03884397_ILSVRC2012_val_00044078.png,699,699,699,584,699,699,699,699,699,699,584,699,584,584,699,584,699,699,584,642,772,699,584,584,699,699,699,699,584,699,699,699,699,584,699,699,699,699,584,699,699
n03884397_ILSVRC2012_val_00048260.png,699,699,494,494,494,558,699,494,494,558,558,699,494,494,699,558,699,494,494,558,558,699,699,699,699,558,699,699,699,699,699,699,699,699,699,699,699,699,699,558,558
n03887697_ILSVRC2012_val_00015263.png,700,700,700,611,999,999,700,999,611,999,999,700,515,611,999,999,700,515,611,999,999,700,999,611,999,999,700,999,611,999,999,700,808,611,999,999,700,999,611,999,999
n03887697_ILSVRC2012_val_00029093.png,700,700,999,999,999,999,700,999,999,999,999,700,999,999,999,999,700,999,999,999,999,700,999,999,999,999,700,999,999,999,999,700,999,999,999,999,700,999,999,999,999
n03887697_ILSVRC2012_val_00029141.png,700,700,999,999,999,999,700,999,999,999,999,700,999,999,999,999,700,999,999,999,999,700,700,999,700,999,700,999,999,700,999,700,700,999,700,999,700,700,999,700,999
n03887697_ILSVRC2012_val_00047077.png,700,902,767,700,419,999,700,767,611,767,999,700,767,611,419,999,700,999,611,419,999,700,999,611,419,999,700,999,611,999,999,700,999,611,999,999,700,999,611,999,999
n03887697_ILSVRC2012_val_00048821.png,700,700,700,700,700,700,700,700,700,700,700,700,808,999,700,700,700,700,700,999,999,700,700,999,700,700,700,700,700,700,700,700,700,700,700,999,700,700,700,700,700
n03888257_ILSVRC2012_val_00001440.png,701,701,921,728,701,701,701,692,692,701,701,701,692,692,701,879,701,728,728,879,879,701,701,701,701,701,701,701,701,701,701,701,701,692,701,701,701,701,728,701,701
n03888257_ILSVRC2012_val_00002665.png,701,701,71,721,701,701,701,434,591,701,701,701,770,443,701,879,701,443,443,879,879,701,443,443,879,879,701,529,529,496,750,701,443,443,750,750,701,496,591,701,879
n03888257_ILSVRC2012_val_00010427.png,701,701,701,417,701,701,701,701,701,701,701,701,611,417,701,417,701,701,701,417,417,701,701,701,701,701,701,701,701,701,701,701,701,701,701,701,701,701,701,701,701
n03888257_ILSVRC2012_val_00018509.png,701,701,701,701,701,701,701,701,701,701,701,701,417,417,701,701,701,701,701,417,417,701,701,701,701,701,701,701,701,701,701,701,701,701,701,701,701,701,701,701,701
n03888257_ILSVRC2012_val_00022496.png,701,701,701,701,701,701,701,417,417,417,405,701,441,417,701,405,701,701,417,641,405,701,701,701,701,405,701,701,701,701,405,701,701,701,701,701,701,701,701,701,701
n03888257_ILSVRC2012_val_00024340.png,701,701,701,806,701,701,701,701,701,701,701,701,709,806,701,557,701,701,701,557,557,701,701,701,701,701,701,701,701,701,701,701,701,701,701,701,701,701,701,701,701
n03888257_ILSVRC2012_val_00030583.png,701,701,701,611,701,701,701,701,611,701,701,701,488,611,701,868,701,701,611,868,868,701,701,611,701,868,701,701,611,701,701,701,701,611,701,701,701,701,611,701,701
n03888257_ILSVRC2012_val_00032482.png,701,701,701,806,701,701,701,701,701,701,701,701,417,417,701,417,701,701,701,417,417,701,701,701,701,701,701,701,701,701,701,701,701,701,701,701,701,701,701,701,701
n03888257_ILSVRC2012_val_00042262.png,701,701,701,462,701,701,701,701,696,701,701,701,749,696,701,701,701,701,696,417,417,701,701,701,701,701,701,701,701,701,701,701,701,701,701,701,701,701,701,701,701
n03888257_ILSVRC2012_val_00044850.png,701,701,701,892,892,701,701,701,769,701,749,701,892,769,892,701,701,701,769,892,405,701,701,701,701,701,701,701,701,701,701,701,701,701,701,701,701,701,701,701,701
n03888257_ILSVRC2012_val_00047778.png,701,701,701,557,879,879,701,701,879,701,701,701,557,557,879,879,701,701,701,879,879,701,701,701,701,701,701,701,701,701,701,701,701,701,701,701,701,701,701,701,701
n03888605_ILSVRC2012_val_00012832.png,702,702,702,702,702,702,702,702,489,843,843,702,489,489,843,843,702,843,843,843,843,702,702,702,702,843,702,702,702,702,702,702,702,702,702,702,702,702,702,702,702
n03888605_ILSVRC2012_val_00019943.png,702,702,496,658,702,702,702,702,702,702,602,702,496,496,602,602,702,496,702,602,602,702,702,702,702,602,702,702,702,702,702,702,702,702,702,702,702,702,702,702,702
n03891251_ILSVRC2012_val_00010731.png,703,703,703,703,703,703,703,703,539,703,703,703,621,533,703,520,703,703,539,621,790,703,703,703,703,703,703,703,539,703,703,703,703,533,703,703,703,703,703,703,703
n03891251_ILSVRC2012_val_00012464.png,703,703,703,421,765,765,703,703,421,765,765,703,421,421,703,765,703,703,703,765,765,703,703,703,703,703,703,703,703,703,703,703,703,703,703,703,703,703,703,703,703
n03891251_ILSVRC2012_val_00031251.png,703,703,703,703,703,792,703,703,843,792,792,703,843,843,703,703,703,843,843,792,792,703,703,843,703,792,703,703,843,703,792,703,703,703,792,703,703,703,703,703,703
n03891251_ILSVRC2012_val_00036218.png,703,703,652,791,652,456,703,703,791,703,703,703,765,791,765,765,703,765,791,765,765,703,703,401,703,765,703,703,703,765,765,703,703,703,703,703,703,703,703,703,703
n03891251_ILSVRC2012_val_00038706.png,703,703,703,703,703,703,703,703,703,703,703,703,523,489,703,509,703,703,489,750,564,703,703,703,703,703,703,703,843,703,703,703,703,703,703,703,703,703,703,703,703
n03891332_ILSVRC2012_val_00002584.png,704,704,704,704,806,427,704,826,826,879,462,704,531,826,704,696,704,704,531,696,696,704,704,704,704,704,704,704,826,704,696,704,704,704,704,696,704,704,826,704,696
n03891332_ILSVRC2012_val_00007481.png,704,704,704,412,412,412,704,412,412,412,463,704,463,412,463,463,704,412,256,463,463,704,704,412,704,463,704,704,412,412,463,704,704,412,412,412,704,412,412,412,412
n03891332_ILSVRC2012_val_00014665.png,704,704,704,704,704,778,704,704,778,704,778,704,778,778,704,778,704,704,778,778,778,704,704,704,704,704,704,704,704,704,704,704,704,704,704,704,704,704,704,704,704
n03891332_ILSVRC2012_val_00018258.png,704,704,704,759,704,550,704,704,759,550,550,704,732,759,704,550,704,704,759,550,550,704,704,759,704,704,704,704,759,704,704,704,704,759,704,550,704,704,704,704,704
n03891332_ILSVRC2012_val_00018476.png,704,704,704,778,704,778,704,704,778,704,778,704,778,778,778,778,704,778,778,778,778,704,778,778,778,778,704,704,704,704,778,704,704,704,704,778,704,704,778,704,778
n03891332_ILSVRC2012_val_00029440.png,704,704,704,704,778,778,704,704,412,704,441,704,412,412,704,441,704,704,704,441,441,704,704,704,704,704,704,704,704,704,441,704,704,704,704,704,704,704,704,704,704
n03891332_ILSVRC2012_val_00038139.png,704,704,704,704,704,704,704,704,704,704,704,704,778,778,704,704,704,704,704,999,861,704,704,704,704,704,704,704,704,704,704,704,704,704,704,704,704,704,704,704,704
n03895866_ILSVRC2012_val_00024310.png,705,705,534,705,705,660,705,534,705,757,757,705,534,757,757,757,705,534,757,757,757,705,705,757,757,757,705,827,757,757,757,705,705,757,757,757,705,705,757,757,757
n03895866_ILSVRC2012_val_00027580.png,705,705,705,743,705,743,705,743,580,743,743,705,794,489,743,743,705,743,743,743,743,705,705,743,743,743,705,705,743,743,743,705,705,743,705,743,705,705,743,743,743
n03895866_ILSVRC2012_val_00030803.png,705,705,705,705,705,829,705,705,466,829,829,705,829,466,829,829,705,705,705,829,829,705,705,466,705,705,705,705,705,705,705,705,705,705,705,705,705,705,705,705,705
n03899768_ILSVRC2012_val_00007381.png,706,706,706,750,706,637,706,791,999,637,637,706,845,700,519,637,706,845,700,637,637,706,561,700,637,637,706,688,478,637,637,706,561,478,624,624,706,561,478,637,637
n03899768_ILSVRC2012_val_00021364.png,706,706,706,835,706,977,706,706,908,688,977,706,908,908,706,977,706,835,835,688,977,706,908,908,532,977,706,835,908,646,977,706,835,403,549,977,706,706,835,706,977
n03899768_ILSVRC2012_val_00036298.png,706,706,706,532,706,664,706,706,532,475,664,706,526,532,705,664,706,706,532,475,664,706,526,532,975,664,706,706,532,706,532,706,706,532,706,664,706,706,532,706,664
n03899768_ILSVRC2012_val_00048451.png,706,706,706,718,449,718,706,706,718,449,718,706,839,718,472,718,706,839,718,472,718,706,706,449,706,718,706,718,525,449,718,706,706,718,706,718,706,706,718,472,718
n03902125_ILSVRC2012_val_00001149.png,707,707,707,572,514,514,707,496,552,514,514,707,205,528,514,514,707,707,528,514,514,707,882,788,514,514,707,461,528,707,514,707,707,707,707,514,707,707,707,707,886
n03902125_ILSVRC2012_val_00012227.png,707,707,707,704,707,571,707,447,447,707,707,707,447,704,707,707,707,707,704,571,571,707,707,707,707,707,707,707,707,707,571,707,707,707,707,707,707,707,707,707,707
n03902125_ILSVRC2012_val_00012392.png,707,707,570,652,570,830,707,641,652,570,830,707,652,652,570,830,707,652,652,570,830,707,707,652,707,830,707,796,652,852,830,707,707,652,707,830,707,707,652,707,830
n03902125_ILSVRC2012_val_00015422.png,707,707,707,708,707,707,707,707,564,707,707,707,897,564,707,707,707,707,564,637,637,707,707,406,707,707,707,707,707,707,707,707,707,707,707,707,707,707,707,707,707
n03902125_ILSVRC2012_val_00016667.png,707,707,707,707,707,707,707,707,662,707,707,707,662,662,707,707,707,707,707,613,528,707,707,707,707,707,707,707,707,707,707,707,707,707,707,707,707,707,707,707,707
n03902125_ILSVRC2012_val_00019207.png,707,707,707,528,707,845,707,707,845,707,845,707,394,528,707,845,707,707,528,124,845,707,707,528,784,845,707,707,528,707,845,707,707,707,707,613,707,707,707,707,845
n03902125_ILSVRC2012_val_00037873.png,707,707,707,707,707,707,707,707,528,707,761,707,918,528,528,761,707,707,528,528,761,707,797,528,528,528,707,707,707,707,707,707,707,707,707,707,707,707,528,528,528
n03902125_ILSVRC2012_val_00041733.png,707,707,707,571,707,688,707,707,707,707,688,707,571,571,811,688,707,571,571,811,688,707,707,707,707,688,707,707,707,707,688,707,707,707,707,688,707,707,707,707,688
n03903868_ILSVRC2012_val_00027628.png,708,708,708,611,857,708,708,708,611,832,442,708,892,611,708,708,708,708,611,679,442,708,708,611,708,426,708,708,611,708,708,708,708,611,708,708,708,708,611,708,708
n03908618_ILSVRC2012_val_00004296.png,709,709,549,709,549,769,709,769,769,769,769,709,769,769,769,769,709,769,769,769,769,709,769,769,769,769,709,709,709,709,769,709,769,769,769,769,709,709,709,709,769
n03908714_ILSVRC2012_val_00011693.png,710,710,710,710,710,710,710,696,767,710,767,710,563,767,767,767,710,710,767,767,767,710,710,710,710,767,710,710,710,710,767,710,710,767,710,767,710,710,710,710,710
n03908714_ILSVRC2012_val_00046227.png,710,710,710,710,710,710,710,710,726,710,462,710,726,726,710,674,710,674,726,674,674,710,710,710,710,692,710,710,726,674,674,710,710,726,674,674,710,710,726,710,674
n03916031_ILSVRC2012_val_00022400.png,711,711,711,686,686,686,711,711,711,711,686,711,686,686,711,686,711,686,686,686,686,711,711,711,711,711,711,711,711,711,686,711,711,711,711,686,711,711,711,711,711
n03920288_ILSVRC2012_val_00032717.png,712,712,816,999,849,739,712,700,849,849,739,712,700,673,739,739,712,700,673,739,739,712,700,673,739,739,712,700,633,739,739,712,816,673,739,739,712,700,551,739,739
n03924679_ILSVRC2012_val_00000489.png,713,713,769,769,587,769,713,769,769,767,769,713,769,769,644,769,713,769,769,644,769,713,769,769,769,769,713,713,769,713,769,713,769,769,798,769,713,713,769,713,769
n03924679_ILSVRC2012_val_00008983.png,713,713,478,482,478,742,713,742,859,859,742,713,859,859,859,742,713,713,859,859,742,713,713,742,713,742,713,713,742,713,742,713,713,713,713,713,713,713,713,713,713
n03924679_ILSVRC2012_val_00022627.png,713,713,713,742,713,713,713,742,742,713,742,713,742,742,742,742,713,713,742,742,742,713,713,742,713,713,713,713,742,713,742,713,713,713,713,713,713,713,742,713,713
n03924679_ILSVRC2012_val_00022650.png,713,713,713,662,534,742,713,713,742,742,742,713,742,742,742,742,713,742,742,742,742,713,742,742,742,742,713,742,742,713,742,713,713,742,713,713,713,742,742,713,742
n03924679_ILSVRC2012_val_00031353.png,713,713,553,742,553,553,713,553,742,553,553,713,553,742,713,553,713,713,713,553,553,713,713,713,713,553,713,713,713,713,713,713,713,713,713,713,713,713,713,713,713
n03924679_ILSVRC2012_val_00038997.png,713,713,588,742,492,713,713,713,742,713,713,713,811,742,713,742,713,713,742,859,742,713,713,713,713,713,713,713,713,713,713,713,713,713,713,713,713,713,713,713,713
n03929660_ILSVRC2012_val_00006263.png,714,714,768,434,768,429,714,999,434,999,429,714,77,434,999,722,714,999,434,999,722,714,551,434,999,722,714,714,434,631,714,714,714,591,714,714,714,714,434,999,722
n03929660_ILSVRC2012_val_00023130.png,714,714,714,714,714,714,714,714,714,714,714,714,402,402,714,594,714,714,714,402,420,714,714,714,714,714,714,714,714,714,714,714,714,714,714,714,714,714,714,714,714
n03929660_ILSVRC2012_val_00045390.png,714,714,658,658,658,950,714,658,658,950,911,714,533,452,452,452,714,533,452,828,725,714,796,796,714,828,714,714,533,714,883,714,714,714,714,714,714,714,452,714,714
n03929660_ILSVRC2012_val_00046594.png,714,714,714,611,835,409,714,714,611,892,892,714,605,611,835,892,714,714,611,892,409,714,714,611,892,409,714,714,611,409,892,714,714,611,714,714,714,714,611,714,409
n03929855_ILSVRC2012_val_00005530.png,715,715,715,715,715,715,715,715,715,715,715,715,439,746,715,711,715,715,715,849,711,715,715,715,715,715,715,715,715,715,715,715,715,715,715,715,715,715,715,715,715
n03929855_ILSVRC2012_val_00011883.png,715,715,715,524,715,619,715,524,524,849,619,715,461,524,849,619,715,524,524,849,619,715,715,524,715,818,715,715,524,715,619,715,715,524,715,619,715,715,524,715,619
n03929855_ILSVRC2012_val_00025618.png,715,715,652,652,652,652,715,652,652,652,652,715,652,652,652,652,715,652,652,652,652,715,652,652,652,652,715,715,652,652,652,715,715,652,715,652,715,715,652,715,652
n03929855_ILSVRC2012_val_00032786.png,715,715,652,652,652,652,715,652,652,652,652,715,652,652,652,652,715,652,652,652,652,715,652,652,652,652,715,652,652,652,652,715,652,652,652,652,715,715,652,715,652
n03929855_ILSVRC2012_val_00040073.png,715,715,715,652,652,652,715,652,652,652,652,715,652,652,652,652,715,652,652,652,652,715,652,652,652,652,715,652,652,652,652,715,652,652,652,652,715,715,652,715,715
n03929855_ILSVRC2012_val_00040296.png,715,715,652,652,652,830,715,652,652,652,915,715,652,652,652,915,715,652,652,915,915,715,652,652,915,915,715,715,652,715,715,715,715,715,715,715,715,715,715,715,715
n03929855_ILSVRC2012_val_00042651.png,715,715,715,652,715,652,715,652,652,652,652,715,652,652,652,652,715,652,652,652,652,715,715,652,652,652,715,715,652,715,715,715,715,652,715,652,715,715,715,715,715
n03930313_ILSVRC2012_val_00010851.png,716,460,460,460,460,460,716,460,460,716,460,716,460,460,912,460,716,460,460,912,460,716,716,460,912,460,716,716,460,716,460,716,716,460,646,460,716,716,716,716,460
n03930313_ILSVRC2012_val_00015192.png,716,716,716,716,716,716,716,716,716,716,716,716,489,489,716,912,716,912,912,912,912,716,716,716,716,716,716,716,716,716,716,716,716,716,716,716,716,716,716,716,716
n03930313_ILSVRC2012_val_00018925.png,716,716,912,912,912,912,716,716,716,716,912,716,344,912,912,912,716,344,912,912,912,716,912,912,912,912,716,716,912,912,912,716,716,716,912,912,716,716,716,716,716
n03930313_ILSVRC2012_val_00029376.png,716,716,716,716,716,716,716,716,716,716,912,716,114,912,716,912,716,716,912,912,912,716,716,716,716,716,716,716,716,912,912,716,716,716,716,912,716,716,716,716,716
n03930313_ILSVRC2012_val_00031316.png,716,716,497,698,497,497,716,497,698,497,497,716,497,698,716,497,716,497,698,497,497,716,497,698,497,497,716,716,698,716,497,716,497,698,497,497,716,716,716,716,716
n03930630_ILSVRC2012_val_00010012.png,717,717,717,717,717,717,717,717,717,717,717,717,817,581,717,717,717,817,581,817,817,717,717,717,717,717,717,717,717,717,717,717,717,717,717,717,717,717,717,717,717
n03930630_ILSVRC2012_val_00022918.png,717,717,717,864,436,436,717,717,864,436,436,717,864,864,436,436,717,864,864,436,436,717,864,864,717,436,717,717,717,717,436,717,717,717,717,436,717,717,864,436,436
n03930630_ILSVRC2012_val_00036504.png,717,717,717,511,511,511,717,511,511,511,511,717,511,511,511,511,717,511,511,511,511,717,717,511,717,717,717,717,511,717,717,717,717,511,717,511,717,717,511,717,717
n03933933_ILSVRC2012_val_00037777.png,718,718,718,839,839,839,718,839,839,839,839,718,839,839,839,839,718,839,839,839,839,718,718,839,839,839,718,718,718,718,839,718,718,718,718,718,718,718,718,718,718
n03933933_ILSVRC2012_val_00042285.png,718,718,839,839,839,839,718,839,839,839,839,718,839,839,839,839,718,839,839,839,839,718,839,839,839,839,718,718,839,839,839,718,718,839,839,839,718,718,839,839,839
n03933933_ILSVRC2012_val_00045013.png,718,718,694,611,694,554,718,554,510,554,554,718,554,510,554,554,718,554,510,554,554,718,554,510,554,554,718,554,510,554,554,718,554,510,554,554,718,718,510,554,554
n03935335_ILSVRC2012_val_00001865.png,719,719,443,443,443,443,719,443,443,443,850,719,443,443,452,850,719,443,443,679,850,719,443,452,452,923,719,850,443,551,850,719,719,452,452,850,719,719,443,719,850
n03935335_ILSVRC2012_val_00010732.png,719,719,719,117,719,112,719,719,107,719,115,719,773,107,719,114,719,719,115,584,114,719,719,719,719,719,719,719,108,719,113,719,719,115,719,719,719,719,719,719,719
n03935335_ILSVRC2012_val_00024576.png,719,719,709,748,719,750,719,719,769,719,797,719,769,769,769,750,719,333,769,534,797,719,719,769,719,750,719,719,748,719,850,719,769,769,719,797,719,769,769,719,797
n03935335_ILSVRC2012_val_00031629.png,719,719,719,341,865,51,719,245,355,865,865,719,245,341,865,865,719,245,341,865,865,719,719,719,865,865,719,719,719,719,865,719,719,341,865,865,719,719,719,719,719
n03935335_ILSVRC2012_val_00032699.png,719,719,719,565,859,859,719,719,565,719,859,719,864,565,719,859,719,804,565,859,859,719,719,719,719,859,719,719,719,719,719,719,719,719,719,719,719,719,719,719,719
n03935335_ILSVRC2012_val_00033938.png,719,719,719,107,719,397,719,719,850,719,719,719,828,904,545,828,719,719,719,545,811,719,719,719,719,719,719,719,719,719,719,719,719,719,719,719,719,719,719,719,719
n03935335_ILSVRC2012_val_00035065.png,719,670,621,474,575,575,719,621,841,575,575,719,621,841,575,575,719,621,841,575,575,719,621,529,575,575,719,575,575,575,575,719,575,575,575,575,719,575,656,575,575
n03935335_ILSVRC2012_val_00041964.png,719,719,584,474,719,502,719,434,911,719,719,719,434,474,719,719,719,719,911,626,502,719,470,719,719,719,719,719,719,719,719,719,719,719,719,719,719,719,719,719,719
n03937543_ILSVRC2012_val_00005967.png,720,720,720,804,720,720,720,720,804,720,631,720,804,804,720,631,720,804,804,631,631,720,720,896,720,631,720,720,804,720,631,720,804,804,720,631,720,720,720,720,720
n03937543_ILSVRC2012_val_00021446.png,720,720,720,631,737,737,720,720,898,737,737,720,631,631,737,737,720,720,631,737,737,720,737,631,737,737,720,720,470,720,737,720,631,631,737,737,720,720,631,720,737
n03937543_ILSVRC2012_val_00034596.png,720,720,720,574,720,720,720,720,574,720,720,720,574,574,720,720,720,720,574,767,767,720,720,574,720,720,720,720,574,720,720,720,720,720,720,720,720,720,720,720,720
n03937543_ILSVRC2012_val_00036242.png,720,720,611,611,720,492,720,720,611,720,910,720,845,611,845,696,720,845,611,845,558,720,720,611,720,720,720,720,611,720,720,720,720,611,720,720,720,720,611,720,720
n03937543_ILSVRC2012_val_00036422.png,720,720,720,855,720,722,720,855,631,722,722,720,113,631,720,722,720,113,631,722,722,720,720,631,720,722,720,720,631,720,722,720,720,720,720,720,720,720,720,720,720
n03938244_ILSVRC2012_val_00013547.png,721,721,721,750,721,750,721,797,797,721,797,721,797,797,797,797,721,797,797,797,797,721,797,797,797,797,721,797,797,797,797,721,797,797,797,797,721,797,797,797,797
n03938244_ILSVRC2012_val_00015615.png,721,721,721,868,721,794,721,721,868,721,794,721,748,804,794,794,721,748,794,794,794,721,721,868,794,794,721,748,767,794,794,721,721,885,794,794,721,721,659,721,794
n03938244_ILSVRC2012_val_00018275.png,721,721,721,721,721,700,721,700,721,721,700,721,700,700,700,700,721,700,700,700,700,721,700,721,750,700,721,721,721,721,700,721,750,750,721,750,721,721,721,721,700
n03942813_ILSVRC2012_val_00018628.png,722,722,865,416,416,981,722,416,416,416,981,722,752,752,722,981,722,722,722,981,981,722,722,722,722,722,722,722,416,722,981,722,722,722,722,429,722,722,722,722,429
n03942813_ILSVRC2012_val_00018725.png,722,722,722,752,702,752,722,702,602,702,890,722,752,752,702,752,722,722,722,702,752,722,722,722,722,752,722,722,722,702,752,722,722,722,702,722,722,722,722,722,722
n03942813_ILSVRC2012_val_00022143.png,722,722,722,722,722,722,722,722,722,722,722,722,752,752,722,752,722,722,722,752,752,722,722,722,722,722,722,722,722,722,722,722,722,722,722,722,722,722,722,722,722
n03942813_ILSVRC2012_val_00024161.png,722,722,722,752,722,747,722,722,752,543,722,722,981,752,587,722,722,722,722,422,747,722,722,752,722,747,722,722,722,722,747,722,722,722,722,747,722,722,722,722,722
n03942813_ILSVRC2012_val_00038835.png,722,722,722,752,797,752,722,722,752,797,752,722,752,752,797,752,722,752,752,797,752,722,722,722,722,722,722,752,541,797,752,722,722,722,541,752,722,722,722,797,722
n03942813_ILSVRC2012_val_00040714.png,722,722,177,830,244,177,722,416,797,416,224,722,160,830,224,224,722,160,830,224,224,722,722,797,722,224,722,722,797,722,224,722,226,830,244,256,722,722,830,722,224
n03942813_ILSVRC2012_val_00042676.png,722,722,722,722,722,722,722,722,722,416,416,722,862,752,722,722,722,722,722,416,416,722,722,722,722,722,722,722,722,722,722,722,722,722,722,722,722,722,722,722,722
n03942813_ILSVRC2012_val_00044526.png,722,722,722,641,722,702,722,722,641,416,416,722,641,731,722,731,722,722,731,702,702,722,722,731,722,722,722,722,722,722,722,722,722,722,722,722,722,722,731,722,722
n03942813_ILSVRC2012_val_00049428.png,722,722,641,641,611,641,722,641,641,610,641,722,641,641,691,641,722,722,641,691,641,722,641,641,731,641,722,722,722,722,641,722,722,641,722,641,722,722,641,722,641
n03944341_ILSVRC2012_val_00000991.png,723,723,721,721,443,721,723,721,721,721,721,723,721,721,443,591,723,721,721,443,591,723,723,723,723,723,723,443,443,443,443,723,721,443,443,443,723,723,443,723,591
n03944341_ILSVRC2012_val_00011797.png,723,723,723,658,723,643,723,610,591,459,459,723,610,591,721,459,723,610,591,459,459,723,643,591,459,459,723,610,591,591,459,723,610,723,459,459,723,610,591,723,459
n03944341_ILSVRC2012_val_00012260.png,723,557,703,791,787,401,723,723,723,723,723,723,703,791,723,791,723,723,723,457,575,723,723,723,723,879,723,723,723,723,879,723,723,723,723,723,723,723,723,723,723
n03944341_ILSVRC2012_val_00031011.png,723,723,723,883,738,738,723,738,883,723,588,723,738,883,883,588,723,883,883,883,588,723,883,883,883,883,723,883,883,883,883,723,883,883,883,883,723,883,883,883,883
n03944341_ILSVRC2012_val_00039230.png,723,723,723,474,723,474,723,723,474,723,723,723,545,474,723,723,723,723,911,545,545,723,723,723,723,723,723,723,723,723,723,723,723,723,723,723,723,723,723,723,723
n03944341_ILSVRC2012_val_00044025.png,723,723,723,723,723,723,723,723,557,723,701,723,557,557,557,557,723,557,557,557,557,723,723,723,723,557,723,723,794,557,557,723,723,723,723,723,723,723,723,723,723
n03947888_ILSVRC2012_val_00002130.png,724,724,724,724,724,724,724,724,724,724,554,724,975,975,724,724,724,724,724,845,554,724,724,724,724,724,724,724,724,724,554,724,724,724,724,724,724,724,724,724,724
n03947888_ILSVRC2012_val_00008620.png,724,724,724,556,724,780,724,724,619,724,780,724,417,846,724,780,724,724,846,672,780,724,724,724,724,780,724,724,852,724,780,724,724,846,724,724,724,724,852,724,780
n03947888_ILSVRC2012_val_00012691.png,724,724,724,724,724,724,724,724,724,724,724,724,536,536,724,724,724,724,724,536,536,724,724,724,724,724,724,724,724,724,724,724,724,724,724,724,724,724,724,724,724
n03947888_ILSVRC2012_val_00030410.png,724,724,724,724,724,780,724,724,565,724,724,724,780,498,724,724,724,724,724,660,780,724,724,724,724,724,724,724,724,724,724,724,724,724,132,724,724,724,724,724,724
n03947888_ILSVRC2012_val_00034173.png,724,724,724,724,724,724,724,724,724,724,724,724,437,536,724,724,724,724,724,871,780,724,724,724,724,724,724,724,724,724,724,724,724,724,724,724,724,724,724,724,724
n03950228_ILSVRC2012_val_00045130.png,725,725,725,725,725,725,725,849,849,849,849,725,849,849,849,849,725,849,849,849,849,725,849,849,849,849,725,849,849,849,849,725,849,849,849,849,725,849,849,849,849
n03954731_ILSVRC2012_val_00002705.png,726,726,764,764,726,764,726,763,413,763,413,726,764,764,764,764,726,764,764,764,764,726,726,726,726,726,726,726,764,726,764,726,726,764,726,764,726,726,764,726,764
n03954731_ILSVRC2012_val_00003624.png,726,726,606,882,726,763,726,606,882,587,763,726,423,526,587,763,726,423,526,587,763,726,423,606,587,763,726,726,656,726,763,726,423,785,726,763,726,726,785,726,726
n03954731_ILSVRC2012_val_00007730.png,726,726,726,613,726,613,726,613,613,613,613,726,613,613,613,613,726,613,613,613,613,726,726,613,726,613,726,726,613,726,726,726,726,726,726,726,726,726,726,726,726
n03954731_ILSVRC2012_val_00008288.png,726,726,516,492,516,797,726,726,563,669,797,726,588,563,726,831,726,588,563,669,831,726,726,563,669,797,726,840,709,726,831,726,726,709,726,797,726,726,709,726,831
n03954731_ILSVRC2012_val_00010215.png,726,726,831,721,492,750,726,750,750,750,721,726,750,750,750,750,726,750,750,750,750,726,750,750,750,750,726,726,750,588,750,726,492,750,750,750,726,726,750,750,750
n03954731_ILSVRC2012_val_00012624.png,726,726,726,774,726,36,726,774,774,473,36,726,774,774,473,36,726,774,774,473,36,726,726,774,726,36,726,726,774,726,36,726,726,774,726,36,726,726,726,726,36
n03954731_ILSVRC2012_val_00034134.png,726,726,749,431,539,658,726,726,431,726,474,726,516,431,726,492,726,516,431,474,474,726,516,431,726,474,726,516,431,726,808,726,726,431,726,726,726,516,726,726,726
n03954731_ILSVRC2012_val_00044017.png,726,726,726,726,726,764,726,726,473,726,764,726,473,473,726,764,726,726,726,758,413,726,726,726,726,726,726,726,726,726,764,726,726,726,726,726,726,726,726,726,726
n03954731_ILSVRC2012_val_00046596.png,726,726,726,630,514,514,726,630,774,630,514,726,502,774,774,514,726,726,774,514,514,726,726,774,514,514,726,726,774,726,514,726,726,774,726,726,726,726,726,726,726
n03956157_ILSVRC2012_val_00011429.png,727,727,727,538,727,727,727,727,727,727,727,727,217,668,727,538,727,727,727,196,538,727,727,668,727,538,727,727,727,727,727,727,727,727,727,727,727,727,727,727,727
n03956157_ILSVRC2012_val_00013382.png,727,727,727,538,538,538,727,538,538,538,538,727,538,538,538,538,727,538,538,538,538,727,727,538,727,538,727,727,727,727,727,727,727,538,727,538,727,727,538,727,538
n03956157_ILSVRC2012_val_00015000.png,727,727,727,538,538,538,727,727,538,538,538,727,538,668,538,538,727,727,668,538,538,727,727,668,727,727,727,727,727,727,727,727,727,727,727,727,727,727,727,727,727
n03956157_ILSVRC2012_val_00019396.png,727,727,727,829,705,646,727,727,829,829,646,727,829,829,829,646,727,829,829,829,646,727,727,975,835,646,727,727,727,727,646,727,727,727,727,646,727,829,829,829,646
n03956157_ILSVRC2012_val_00019543.png,727,727,727,668,915,463,727,727,668,727,562,727,668,668,427,704,727,847,668,428,463,727,727,668,428,913,727,727,668,727,427,727,727,668,727,538,727,727,538,727,727
n03956157_ILSVRC2012_val_00020096.png,727,727,727,538,727,727,727,727,538,727,538,727,538,538,727,538,727,727,538,748,538,727,727,538,727,538,727,727,538,727,727,727,727,538,727,727,727,727,727,727,727
n03956157_ILSVRC2012_val_00022567.png,727,727,727,668,562,562,727,727,668,727,562,727,668,668,727,408,727,727,668,237,408,727,727,668,727,408,727,727,668,727,727,727,727,668,727,408,727,727,668,727,562
n03956157_ILSVRC2012_val_00031330.png,727,727,727,538,727,538,727,727,538,727,727,727,668,668,727,668,727,727,727,987,538,727,727,538,727,538,727,727,727,727,727,727,727,727,727,727,727,727,727,727,727
n03956157_ILSVRC2012_val_00037193.png,727,727,727,915,915,915,727,915,915,915,915,727,915,915,580,915,727,915,915,658,915,727,915,915,915,915,727,727,915,727,915,727,915,915,915,915,727,915,915,915,915
n03961711_ILSVRC2012_val_00008371.png,729,729,556,489,831,706,729,729,489,729,831,729,835,489,831,489,729,835,489,831,421,729,729,729,729,729,729,729,489,831,703,729,729,489,729,556,729,729,489,729,729
n03961711_ILSVRC2012_val_00010894.png,729,729,881,769,881,579,729,492,769,729,642,729,769,769,729,642,729,769,769,642,642,729,729,769,729,642,729,729,769,642,642,729,729,769,729,729,729,729,769,729,577
n03961711_ILSVRC2012_val_00022290.png,729,729,729,495,729,729,729,729,495,495,495,729,495,495,729,495,729,495,495,495,495,729,495,495,495,495,729,729,495,495,495,729,729,495,495,495,729,729,729,729,729
n03961711_ILSVRC2012_val_00030763.png,729,729,729,754,729,729,729,729,754,453,453,729,632,527,729,526,729,729,754,548,453,729,729,729,729,729,729,729,729,729,729,729,729,729,729,729,729,729,729,729,729
n03961711_ILSVRC2012_val_00042539.png,729,729,495,495,495,495,729,729,495,729,495,729,495,495,729,495,729,729,495,495,495,729,729,495,729,495,729,729,729,729,729,729,729,495,729,495,729,729,729,729,495
n03967562_ILSVRC2012_val_00021898.png,730,730,730,489,346,386,730,385,489,177,385,730,354,828,39,39,730,354,489,177,386,730,603,603,170,340,730,730,603,730,101,730,730,603,603,101,730,603,603,603,603
n03967562_ILSVRC2012_val_00022524.png,730,730,730,595,730,595,730,595,595,595,595,730,621,595,595,595,730,595,595,595,595,730,621,595,595,595,730,730,595,730,595,730,730,595,730,730,730,730,595,730,595
n03967562_ILSVRC2012_val_00029750.png,730,730,730,866,730,866,730,866,866,866,866,730,661,866,730,730,730,730,866,866,866,730,730,730,730,866,730,730,866,730,730,730,730,866,730,730,730,730,730,730,730
n03967562_ILSVRC2012_val_00038074.png,730,730,730,112,730,730,730,730,112,730,595,730,112,112,937,634,730,730,112,937,856,730,730,112,730,595,730,730,119,730,730,730,730,5,730,730,730,730,5,730,730
n03967562_ILSVRC2012_val_00040062.png,730,730,730,730,730,730,730,730,730,730,866,730,866,866,730,866,730,730,866,866,866,730,730,730,730,866,730,730,730,866,866,730,730,730,730,730,730,730,730,730,730
n03967562_ILSVRC2012_val_00047330.png,730,730,355,603,730,730,730,730,730,730,730,730,272,603,730,603,730,730,603,603,603,730,730,730,603,603,730,730,730,730,730,730,730,730,730,730,730,730,730,730,730
n03970156_ILSVRC2012_val_00015016.png,731,731,816,816,816,816,731,816,816,816,816,731,816,816,816,816,731,816,816,816,816,731,816,816,816,816,731,731,816,816,816,731,731,816,816,816,731,816,816,816,816
n03970156_ILSVRC2012_val_00022380.png,731,731,731,816,618,617,731,731,816,697,617,731,816,816,731,731,731,816,816,617,617,731,731,816,731,617,731,731,816,731,731,731,731,731,731,731,731,731,731,731,731
n03976467_ILSVRC2012_val_00000765.png,732,732,732,759,732,732,732,732,759,759,759,732,759,759,732,759,732,759,759,759,759,732,732,732,732,732,732,732,732,732,732,732,732,732,732,732,732,732,732,732,732
n03976467_ILSVRC2012_val_00007099.png,732,732,848,481,848,848,732,848,482,848,848,732,848,481,482,848,732,848,482,848,482,732,732,732,732,848,732,732,732,732,732,732,848,481,481,848,732,732,732,732,732
n03976467_ILSVRC2012_val_00007918.png,732,732,732,759,732,732,732,732,732,732,732,732,759,759,759,759,732,732,759,759,759,732,732,732,732,732,732,732,732,732,732,732,732,732,732,732,732,732,732,732,732
n03976467_ILSVRC2012_val_00017870.png,732,732,732,732,732,732,732,732,732,732,732,732,759,759,745,745,732,732,732,745,745,732,732,732,732,732,732,732,732,732,732,732,732,732,732,732,732,732,732,732,732
n03976467_ILSVRC2012_val_00021198.png,732,732,732,759,732,732,732,732,759,732,505,732,759,759,732,550,732,759,759,505,550,732,732,732,732,550,732,732,732,732,550,732,732,759,732,550,732,732,732,732,732
n03976467_ILSVRC2012_val_00031616.png,732,732,732,745,732,732,732,732,745,732,598,732,745,745,732,598,732,732,745,598,598,732,732,732,732,598,732,732,732,732,732,732,732,732,732,598,732,732,732,732,732
n03976467_ILSVRC2012_val_00037223.png,732,732,745,745,745,745,732,732,732,745,745,732,745,745,745,745,732,745,745,745,745,732,732,745,745,745,732,732,732,732,745,732,732,732,732,732,732,732,732,732,732
n03976467_ILSVRC2012_val_00037321.png,732,732,732,759,732,759,732,635,759,732,759,732,635,759,759,759,732,732,759,622,759,732,732,759,732,759,732,732,732,732,732,732,732,732,732,732,732,732,732,732,732
n03976657_ILSVRC2012_val_00012459.png,733,733,733,523,655,655,733,523,523,655,655,733,523,523,655,655,733,523,523,655,655,733,733,733,733,655,733,733,523,733,655,733,733,733,733,655,733,733,733,733,655
n03977966_ILSVRC2012_val_00000452.png,734,734,407,569,734,675,734,734,734,734,407,734,407,407,734,407,734,734,734,407,407,734,734,734,734,734,734,734,734,734,734,734,734,734,734,734,734,734,734,734,734
n03977966_ILSVRC2012_val_00004930.png,734,734,656,656,468,734,734,656,656,734,734,734,656,656,734,734,734,734,656,468,407,734,656,656,734,656,734,656,656,734,734,734,734,734,734,734,734,734,734,734,734
n03977966_ILSVRC2012_val_00007844.png,734,734,734,734,734,734,734,734,734,407,407,734,407,407,734,407,734,734,407,407,407,734,734,734,734,734,734,734,734,734,734,734,734,734,734,734,734,734,734,734,734
n03977966_ILSVRC2012_val_00011461.png,734,734,734,675,734,734,734,734,734,734,407,734,675,675,734,407,734,734,734,772,407,734,734,734,734,407,734,734,675,734,734,734,734,734,734,734,734,734,675,734,734
n03977966_ILSVRC2012_val_00024761.png,734,734,734,734,734,734,734,734,734,734,407,734,407,407,734,407,734,734,407,407,407,734,734,407,734,407,734,734,734,734,734,734,734,734,734,734,734,734,734,734,734
n03977966_ILSVRC2012_val_00035221.png,734,734,734,734,734,734,734,734,734,734,407,734,407,407,407,407,734,407,407,407,407,734,734,407,734,407,734,734,734,734,734,734,734,734,734,734,734,734,734,734,734
n03980874_ILSVRC2012_val_00015841.png,735,735,911,806,911,911,735,658,735,735,735,735,806,474,735,735,735,735,474,911,911,735,911,911,911,911,735,735,735,735,735,735,735,474,735,735,735,735,735,735,911
n03980874_ILSVRC2012_val_00022655.png,735,735,474,474,474,474,735,735,474,474,474,735,474,474,474,474,735,474,474,474,474,735,474,474,474,474,735,474,474,474,474,735,474,474,474,474,735,474,474,474,474
n03980874_ILSVRC2012_val_00029114.png,735,824,474,824,461,524,735,824,824,524,524,735,523,824,524,524,735,735,824,524,461,735,735,735,735,524,735,735,735,461,461,735,735,735,524,524,735,735,735,735,461
n03980874_ILSVRC2012_val_00036507.png,735,735,735,735,735,735,735,735,735,735,735,735,474,474,735,735,735,735,735,775,697,735,735,735,735,735,735,735,735,735,735,735,735,735,735,735,735,735,735,735,735
n03980874_ILSVRC2012_val_00046886.png,735,735,735,735,735,312,735,735,735,735,735,735,711,824,735,735,735,735,735,740,674,735,735,735,735,735,735,735,735,735,735,735,735,735,735,735,735,735,735,735,735
n03980874_ILSVRC2012_val_00048407.png,735,735,735,735,735,735,735,735,735,735,735,735,775,824,735,735,735,735,735,678,689,735,735,735,735,735,735,735,735,735,735,735,735,735,735,735,735,735,735,735,735
n03982430_ILSVRC2012_val_00007106.png,736,736,613,769,736,736,736,736,835,736,620,736,473,835,736,736,736,592,835,893,681,736,736,736,736,736,736,736,736,736,736,736,736,736,736,736,736,736,736,736,736
n03982430_ILSVRC2012_val_00022228.png,736,736,642,816,642,642,736,642,641,642,642,736,641,641,644,642,736,642,542,646,642,736,736,731,736,642,736,736,736,736,642,736,736,542,736,642,736,736,722,642,642
n03982430_ILSVRC2012_val_00022594.png,736,736,711,893,464,464,736,464,414,464,464,736,711,414,464,464,736,464,414,464,464,736,464,414,464,464,736,464,748,464,464,736,711,414,464,893,736,893,748,464,464
n03982430_ILSVRC2012_val_00023851.png,736,736,736,736,736,736,736,736,736,684,472,736,280,563,684,814,736,736,736,684,814,736,736,736,736,736,736,736,684,684,814,736,736,736,684,814,736,736,736,736,736
n03982430_ILSVRC2012_val_00028566.png,736,736,736,641,736,641,736,736,641,736,641,736,641,641,736,641,736,736,641,468,641,736,736,736,736,641,736,736,641,468,641,736,736,736,736,736,736,736,736,736,719
n03982430_ILSVRC2012_val_00029955.png,736,736,736,752,736,736,736,736,752,736,820,736,752,852,736,820,736,736,722,199,820,736,736,736,736,736,736,736,736,736,736,736,736,736,736,736,736,736,736,736,736
n03982430_ILSVRC2012_val_00032782.png,736,736,736,786,786,786,736,736,786,736,492,736,783,786,786,786,736,736,786,786,786,736,736,736,736,736,736,674,736,736,736,736,736,736,736,736,736,736,736,736,736
n03982430_ILSVRC2012_val_00033424.png,736,736,816,971,522,522,736,111,971,572,522,736,111,971,971,522,736,111,971,522,522,736,971,971,736,522,736,816,971,736,522,736,111,971,522,522,736,971,971,736,522
n03982430_ILSVRC2012_val_00037815.png,736,736,736,522,736,736,736,522,522,736,522,736,522,522,522,522,736,522,522,641,522,736,736,736,736,736,736,522,522,522,522,736,522,736,522,522,736,736,522,736,522
n03982430_ILSVRC2012_val_00043143.png,736,736,736,522,642,642,736,522,522,522,642,736,522,522,522,642,736,736,522,522,642,736,642,642,642,642,736,736,522,736,642,736,736,736,736,642,736,736,736,736,642
n03982430_ILSVRC2012_val_00046005.png,736,736,736,722,736,722,736,736,722,736,722,736,722,722,722,722,736,722,722,722,722,736,736,736,736,722,736,736,736,736,722,736,736,722,736,736,736,736,736,736,736
n03983396_ILSVRC2012_val_00008501.png,737,737,737,898,737,700,737,737,898,737,529,737,898,898,840,529,737,737,898,840,529,737,737,898,737,529,737,737,840,840,840,737,737,737,737,529,737,737,737,737,737
n03983396_ILSVRC2012_val_00018919.png,737,737,737,747,737,969,737,737,747,473,969,737,747,747,737,969,737,737,747,567,969,737,737,747,737,969,737,737,747,737,969,737,737,737,737,737,737,737,747,737,969
n03983396_ILSVRC2012_val_00030143.png,737,737,737,902,737,419,737,737,473,419,419,737,767,902,737,419,737,737,737,419,419,737,737,902,737,737,737,737,737,737,419,737,626,629,626,626,737,737,737,737,737
n03983396_ILSVRC2012_val_00032636.png,737,737,737,737,737,737,737,737,737,737,737,737,440,440,737,440,737,737,737,440,440,737,737,737,737,737,737,737,737,737,737,737,737,737,737,737,737,737,737,737,737
n03991062_ILSVRC2012_val_00020387.png,738,738,738,611,738,706,738,738,182,738,580,738,192,281,738,580,738,738,611,580,580,738,738,738,738,582,738,738,738,738,738,738,738,469,738,738,738,738,738,738,738
n03991062_ILSVRC2012_val_00035116.png,738,738,738,738,738,883,738,738,883,738,883,738,883,883,883,883,738,738,883,883,883,738,738,883,738,883,738,738,883,738,738,738,738,883,738,883,738,738,883,883,883
n03991062_ILSVRC2012_val_00047684.png,738,738,738,738,738,669,738,738,738,738,669,738,756,756,738,669,738,738,756,223,669,738,738,756,738,738,738,738,738,738,738,738,738,738,738,738,738,738,738,738,738
n03992509_ILSVRC2012_val_00003396.png,739,739,659,938,666,666,739,659,938,666,666,739,938,938,666,666,739,809,938,666,666,739,938,938,666,666,739,739,938,739,666,739,739,938,659,666,739,739,938,739,666
n03992509_ILSVRC2012_val_00014567.png,739,739,666,739,666,666,739,666,344,666,666,739,666,341,666,666,739,666,341,666,666,739,739,169,739,739,739,739,341,666,666,739,739,739,739,739,739,739,739,739,739
n03992509_ILSVRC2012_val_00022118.png,739,739,739,739,739,739,739,739,961,739,739,739,659,961,739,739,739,739,961,923,923,739,739,739,739,739,739,739,739,739,739,739,739,808,739,739,739,739,739,739,739
n03992509_ILSVRC2012_val_00025303.png,739,739,739,490,739,588,739,739,828,739,790,739,828,828,790,790,739,739,828,790,790,739,828,828,790,790,739,739,828,739,790,739,739,828,790,588,739,739,828,790,790
n03992509_ILSVRC2012_val_00025632.png,739,739,739,106,739,106,739,739,106,739,106,739,935,106,739,106,739,739,106,174,106,739,739,106,739,106,739,739,106,739,739,739,739,106,739,106,739,739,106,739,739
n03992509_ILSVRC2012_val_00026697.png,739,739,150,58,899,346,739,150,63,562,346,739,150,63,63,346,739,150,63,862,346,739,150,63,543,346,739,739,63,666,346,739,739,63,63,346,739,739,63,63,346
n03992509_ILSVRC2012_val_00038161.png,739,739,739,329,739,666,739,341,327,666,666,739,961,329,666,666,739,961,329,666,666,739,961,329,666,666,739,739,646,666,666,739,666,329,666,666,739,961,329,666,666
n03992509_ILSVRC2012_val_00039606.png,739,739,739,562,739,739,739,739,739,910,910,739,562,562,739,739,739,739,739,910,910,739,739,739,739,739,739,739,739,739,739,739,739,739,739,739,739,739,739,739,739
n03992509_ILSVRC2012_val_00043069.png,739,739,739,467,467,467,739,666,415,467,467,739,930,415,467,467,739,930,415,467,467,739,739,415,467,467,739,415,415,467,467,739,415,415,467,467,739,739,467,739,467
n03992509_ILSVRC2012_val_00044041.png,739,739,739,961,941,941,739,739,961,739,941,739,666,961,941,941,739,739,961,941,941,739,666,961,941,941,739,739,961,941,941,739,739,739,739,739,739,739,739,941,941
n03992509_ILSVRC2012_val_00044105.png,739,739,739,739,739,739,739,739,739,739,541,739,666,666,739,739,739,739,666,541,541,739,739,739,739,739,739,739,739,739,739,739,739,739,739,739,739,739,739,739,739
n03992509_ILSVRC2012_val_00049464.png,739,739,431,721,467,927,739,868,725,344,112,739,868,868,987,927,739,868,868,987,927,739,739,529,987,927,739,868,591,987,868,739,739,591,987,927,739,739,885,739,961
n03995372_ILSVRC2012_val_00030679.png,740,740,740,796,413,634,740,447,796,413,634,740,796,796,413,634,740,796,796,678,634,740,796,796,413,634,740,763,796,413,634,740,740,837,413,634,740,763,796,413,634
n03998194_ILSVRC2012_val_00007641.png,741,741,741,741,741,741,741,741,741,741,741,741,868,591,741,741,741,741,741,327,591,741,741,741,741,741,741,741,741,741,741,741,741,741,741,741,741,741,741,741,741
n03998194_ILSVRC2012_val_00035541.png,741,741,741,741,741,741,741,741,741,741,741,741,887,887,741,887,741,741,741,643,643,741,741,741,741,741,741,741,741,741,741,741,741,741,741,741,741,741,741,741,741
n03998194_ILSVRC2012_val_00037709.png,741,741,741,741,741,741,741,741,741,741,741,741,721,721,741,741,741,741,741,735,411,741,741,741,741,741,741,741,741,741,741,741,741,741,741,741,741,741,741,741,741
n03998194_ILSVRC2012_val_00038585.png,741,741,741,741,741,741,741,741,741,741,741,741,765,489,741,741,741,741,741,791,870,741,741,741,741,741,741,741,741,741,741,741,741,741,741,741,741,741,741,741,741
n03998194_ILSVRC2012_val_00041212.png,741,735,735,824,735,735,741,741,741,735,735,741,488,488,735,735,741,741,741,735,735,741,741,741,741,741,741,741,741,741,735,741,741,741,735,735,741,741,741,741,741
n04004767_ILSVRC2012_val_00048309.png,742,742,831,721,745,598,742,831,750,598,598,742,831,831,598,598,742,831,831,598,598,742,831,750,598,598,742,598,831,598,598,742,831,831,598,598,742,598,831,598,598
n04005630_ILSVRC2012_val_00006546.png,743,743,743,884,743,884,743,743,884,884,884,743,863,884,884,884,743,743,884,884,884,743,743,884,743,884,743,743,884,743,884,743,743,884,743,743,743,743,743,743,743
n04005630_ILSVRC2012_val_00042094.png,743,743,669,794,794,794,743,669,794,520,794,743,669,794,669,794,743,669,794,910,794,743,669,794,905,794,743,669,794,743,794,743,743,794,743,794,743,669,794,743,794
n04009552_ILSVRC2012_val_00002386.png,745,745,745,745,563,464,745,745,745,563,563,745,632,632,745,464,745,745,745,626,464,745,745,745,759,464,745,745,745,600,464,745,745,745,745,464,745,632,745,745,777
n04009552_ILSVRC2012_val_00038006.png,745,745,745,563,563,563,745,507,563,589,763,745,531,589,745,763,745,745,589,763,763,745,745,589,745,589,745,745,589,745,763,745,745,745,745,745,745,745,589,745,763
n04009552_ILSVRC2012_val_00041414.png,745,745,754,754,754,628,745,745,632,745,867,745,648,632,745,536,745,745,632,485,536,745,745,745,745,536,745,745,745,745,449,745,745,745,745,745,745,745,745,745,745
n04009552_ILSVRC2012_val_00042464.png,745,745,745,481,745,481,745,745,481,745,481,745,481,481,745,481,745,745,848,481,481,745,745,745,745,478,745,745,745,745,745,745,745,745,745,745,745,745,745,745,745
n04009552_ILSVRC2012_val_00044512.png,745,745,745,545,745,423,745,745,545,745,423,745,778,545,745,545,745,745,545,423,423,745,745,545,745,745,745,745,545,745,423,745,745,545,745,423,745,745,545,745,745
n04019541_ILSVRC2012_val_00002750.png,746,746,746,795,746,795,746,746,795,746,795,746,880,795,795,795,746,746,795,795,795,746,746,795,746,795,746,746,795,746,795,746,746,795,746,795,746,746,795,746,795
n04019541_ILSVRC2012_val_00002816.png,746,746,455,455,455,455,746,746,455,455,455,746,455,455,455,455,746,455,455,455,455,746,746,746,455,455,746,746,746,455,455,746,746,746,455,455,746,746,746,455,455
n04019541_ILSVRC2012_val_00009756.png,746,746,746,450,746,746,746,746,746,746,615,746,560,560,746,746,746,746,746,615,615,746,746,746,746,746,746,746,746,746,746,746,746,746,746,746,746,746,746,746,746
n04019541_ILSVRC2012_val_00016439.png,746,746,462,462,462,462,746,462,462,462,462,746,462,462,462,462,746,462,462,462,462,746,746,462,746,462,746,746,462,462,462,746,746,746,746,462,746,746,746,746,746
n04019541_ILSVRC2012_val_00017276.png,746,746,746,746,746,450,746,746,746,746,746,746,450,450,746,746,746,746,746,560,560,746,746,746,746,746,746,746,746,746,746,746,746,746,746,746,746,746,746,746,746
n04019541_ILSVRC2012_val_00023956.png,746,746,746,981,746,746,746,746,746,746,796,746,796,981,746,796,746,746,746,796,796,746,746,746,746,795,746,746,746,746,746,746,746,981,746,746,746,746,746,746,746
n04019541_ILSVRC2012_val_00034959.png,746,746,746,795,615,615,746,746,795,746,746,746,795,795,746,615,746,795,795,615,615,746,746,795,746,746,746,746,795,746,746,746,746,795,746,746,746,746,795,746,746
n04019541_ILSVRC2012_val_00049419.png,746,746,746,795,746,746,746,746,795,746,795,746,795,795,746,795,746,795,795,795,795,746,795,795,795,795,746,746,537,746,795,746,746,537,746,795,746,746,795,746,795
n04023962_ILSVRC2012_val_00007418.png,747,747,412,412,261,696,747,412,412,261,505,747,412,412,423,626,747,412,412,261,859,747,412,412,257,760,747,412,412,261,859,747,412,412,261,505,747,412,412,261,505
n04023962_ILSVRC2012_val_00042986.png,747,747,496,784,496,499,747,496,784,684,684,747,76,587,784,684,747,496,587,684,684,747,496,477,684,684,747,795,587,699,889,747,76,596,491,684,747,747,740,740,684
n04023962_ILSVRC2012_val_00046859.png,747,747,564,857,564,564,747,564,857,853,853,747,646,706,663,706,747,646,857,460,853,747,646,857,449,853,747,747,564,706,853,747,564,706,442,853,747,747,706,706,853
n04026417_ILSVRC2012_val_00013221.png,748,748,721,797,431,793,748,797,797,431,793,748,797,797,431,797,748,797,797,431,793,748,797,797,797,797,748,797,797,431,793,748,797,797,431,797,748,797,797,431,793
n04033901_ILSVRC2012_val_00003528.png,749,749,749,835,749,749,749,749,606,755,492,749,619,606,405,749,749,749,606,755,598,749,749,749,749,749,749,749,749,749,749,749,749,749,749,749,749,749,749,749,749
n04033901_ILSVRC2012_val_00006721.png,749,749,749,469,816,469,749,618,618,606,618,749,618,618,749,749,749,618,618,618,618,749,749,618,749,618,749,749,749,749,749,749,749,618,749,749,749,749,749,749,749
n04033901_ILSVRC2012_val_00017841.png,749,749,674,674,749,772,749,772,674,692,772,749,674,674,692,772,749,674,674,692,772,749,749,749,749,772,749,749,674,749,772,749,749,749,749,772,749,749,749,749,772
n04033901_ILSVRC2012_val_00031768.png,749,749,749,606,749,749,749,361,606,749,556,749,811,606,749,556,749,811,606,751,556,749,749,606,749,556,749,749,749,749,749,749,749,749,749,749,749,749,749,749,749
n04033901_ILSVRC2012_val_00035789.png,749,749,749,882,456,456,749,816,882,456,456,749,840,882,456,456,749,840,882,456,456,749,816,882,456,456,749,749,749,749,749,749,749,606,749,749,749,749,749,749,749
n04033901_ILSVRC2012_val_00036076.png,749,749,749,512,910,749,749,749,563,604,604,749,606,606,604,604,749,606,606,604,604,749,606,606,604,604,749,749,563,604,749,749,749,846,604,604,749,606,777,749,749
n04033901_ILSVRC2012_val_00036794.png,749,749,749,728,749,749,749,749,700,883,749,749,81,700,749,883,749,749,700,883,883,749,749,700,883,883,749,749,749,749,749,749,749,749,749,749,749,749,749,749,883
n04037443_ILSVRC2012_val_00019285.png,751,751,803,569,187,201,751,565,803,201,201,751,565,803,230,201,751,565,803,230,201,751,751,803,230,201,751,751,803,230,201,751,803,864,230,201,751,751,803,230,201
n04039381_ILSVRC2012_val_00013836.png,752,752,646,611,752,752,752,646,611,752,752,752,646,611,752,722,752,646,611,722,722,752,646,611,722,722,752,646,611,752,752,752,646,611,752,752,752,646,611,752,722
n04040759_ILSVRC2012_val_00004913.png,753,753,753,858,753,858,753,753,858,753,753,753,488,858,753,753,753,753,858,398,398,753,753,858,753,753,753,753,753,753,753,753,753,858,753,753,753,753,753,753,753
n04040759_ILSVRC2012_val_00009434.png,753,753,753,637,492,884,753,753,753,753,881,753,844,844,881,881,753,753,507,881,881,753,753,753,753,753,753,753,844,753,753,753,753,753,753,753,753,753,753,753,881
n04040759_ILSVRC2012_val_00014285.png,753,753,753,581,753,771,753,753,581,753,827,753,661,581,753,556,753,412,581,827,827,753,412,581,753,827,753,753,753,753,753,753,753,753,753,753,753,753,753,753,753
n04040759_ILSVRC2012_val_00027713.png,753,753,753,516,753,332,753,753,520,753,203,753,811,516,753,203,753,753,516,203,203,753,753,753,753,153,753,753,753,753,753,753,753,753,753,753,753,753,753,753,753
n04040759_ILSVRC2012_val_00039056.png,753,753,753,112,753,112,753,753,112,753,112,753,619,112,753,112,753,753,112,112,112,753,753,753,753,112,753,753,112,753,112,753,753,112,753,112,753,753,753,753,753
n04041544_ILSVRC2012_val_00003512.png,754,754,754,854,754,754,754,754,854,754,754,754,881,854,754,754,754,881,854,481,848,754,754,854,754,848,754,754,854,754,754,754,754,754,754,754,754,754,854,754,754
n04044716_ILSVRC2012_val_00017446.png,755,755,755,755,755,755,755,562,562,562,755,755,611,562,755,755,755,755,562,668,807,755,755,562,755,755,755,755,562,755,755,755,755,562,755,755,755,755,755,755,755
n04044716_ILSVRC2012_val_00018277.png,755,755,611,807,318,755,755,611,815,319,319,755,611,807,611,815,755,611,807,319,758,755,611,807,755,978,755,611,807,755,978,755,611,807,755,755,755,755,807,755,755
n04044716_ILSVRC2012_val_00021966.png,755,755,755,791,755,755,755,755,755,755,755,755,754,709,755,807,755,755,755,337,807,755,755,84,35,807,755,755,755,755,755,755,755,755,755,755,755,755,755,755,755
n04044716_ILSVRC2012_val_00029805.png,755,755,755,755,755,755,755,755,755,755,755,755,900,900,900,900,755,900,900,900,900,755,755,900,900,900,755,755,755,900,900,755,755,755,755,900,755,755,755,900,900
n04044716_ILSVRC2012_val_00042123.png,755,755,755,562,755,755,755,755,562,755,755,755,778,562,755,755,755,755,562,807,807,755,755,562,755,755,755,755,755,755,755,755,755,755,755,755,755,755,755,755,755
n04044716_ILSVRC2012_val_00046250.png,755,755,755,755,755,755,755,755,755,807,807,755,807,807,755,807,755,755,755,807,807,755,755,755,807,807,755,755,755,755,755,755,755,755,755,755,755,755,755,755,755
n04049303_ILSVRC2012_val_00013184.png,756,756,756,653,653,653,756,463,653,653,653,756,463,653,653,653,756,463,653,653,653,756,463,653,756,653,756,412,653,653,653,756,653,653,653,653,756,463,653,653,653
n04049303_ILSVRC2012_val_00016933.png,756,756,414,427,756,756,756,756,427,756,738,756,725,427,756,942,756,725,427,942,942,756,756,427,756,725,756,756,756,756,756,756,725,469,469,725,756,756,756,756,738
n04049303_ILSVRC2012_val_00020533.png,756,756,427,427,653,427,756,427,427,653,427,756,427,427,427,427,756,427,427,773,427,756,427,427,427,427,756,756,427,756,427,756,427,427,427,427,756,427,427,427,427
n04049303_ILSVRC2012_val_00021721.png,756,756,756,756,756,756,756,653,756,816,756,756,773,427,816,427,756,756,756,816,427,756,899,756,816,756,756,756,756,756,756,756,756,756,756,756,756,756,756,756,756
n04049303_ILSVRC2012_val_00034588.png,756,756,756,756,756,756,756,756,756,756,427,756,463,427,756,427,756,756,427,427,427,756,427,580,756,580,756,756,756,756,427,756,756,427,756,756,756,756,427,756,427
n04049303_ILSVRC2012_val_00046223.png,756,756,756,840,756,756,756,756,840,756,756,756,840,840,792,840,756,756,840,427,427,756,756,840,756,840,756,756,840,756,756,756,756,840,756,756,756,756,756,756,756
n04065272_ILSVRC2012_val_00020702.png,757,757,705,757,705,705,757,757,757,705,705,757,705,660,757,757,757,757,757,705,705,757,757,757,757,757,757,757,757,757,757,757,757,757,757,757,757,757,757,757,757
n04065272_ILSVRC2012_val_00040441.png,757,757,757,757,757,757,757,757,757,757,407,757,654,734,757,757,757,757,757,407,407,757,757,757,757,407,757,757,757,757,757,757,757,757,757,757,757,757,757,757,757
n04065272_ILSVRC2012_val_00047332.png,757,757,660,660,660,660,757,660,660,660,660,757,660,660,660,660,757,660,660,660,660,757,757,660,660,660,757,757,660,757,660,757,757,757,757,660,757,757,757,757,660
n04067472_ILSVRC2012_val_00038252.png,758,758,733,563,758,863,758,733,563,733,733,758,863,563,733,863,758,863,563,733,863,758,863,563,758,863,758,744,563,758,733,758,758,563,758,733,758,733,563,733,863
n04067472_ILSVRC2012_val_00047971.png,758,758,710,710,710,710,758,758,902,758,464,758,512,818,758,758,758,758,758,920,920,758,758,758,758,758,758,758,758,758,758,758,758,758,758,758,758,758,758,758,758
n04069434_ILSVRC2012_val_00011327.png,759,759,759,759,759,759,759,759,759,759,759,759,778,622,759,759,759,872,759,872,872,759,759,759,759,759,759,759,759,759,759,759,759,759,759,759,759,759,759,759,759
n04069434_ILSVRC2012_val_00014692.png,759,759,609,820,771,608,759,786,745,759,608,759,786,745,464,608,759,759,745,464,608,759,745,745,745,608,759,759,745,759,608,759,759,745,759,608,759,745,745,531,608
n04069434_ILSVRC2012_val_00019112.png,759,759,759,759,759,759,759,759,759,759,759,759,622,622,759,759,759,759,759,622,622,759,759,759,759,759,759,759,759,759,759,759,759,759,759,759,759,759,759,759,759
n04069434_ILSVRC2012_val_00035899.png,759,759,759,897,759,759,759,759,897,759,759,759,897,897,759,759,759,897,897,732,732,759,759,897,759,759,759,759,897,759,759,759,897,897,759,759,759,759,897,759,759
n04069434_ILSVRC2012_val_00038099.png,759,759,759,759,759,759,759,732,759,759,732,759,732,732,759,759,759,759,732,622,622,759,759,759,759,759,759,732,732,759,759,759,759,759,759,759,759,759,759,759,759
n04070727_ILSVRC2012_val_00002613.png,760,760,648,648,415,648,760,760,648,760,648,760,648,648,648,648,760,760,648,551,648,760,760,648,760,760,760,760,648,760,648,760,760,648,760,648,760,760,760,760,760
n04070727_ILSVRC2012_val_00004630.png,760,760,737,737,440,737,760,440,440,440,907,760,907,907,907,907,760,907,907,907,907,760,760,907,440,907,760,760,440,760,760,760,440,440,440,907,760,440,907,907,907
n04070727_ILSVRC2012_val_00018472.png,760,760,648,648,760,760,760,760,648,760,224,760,648,648,224,224,760,648,648,224,224,760,760,648,760,760,760,648,648,224,224,760,760,648,760,224,760,760,648,224,224
n04074963_ILSVRC2012_val_00028651.png,761,761,761,761,761,761,761,761,761,761,761,761,590,590,761,590,761,761,590,590,590,761,761,590,761,590,761,761,761,761,761,761,761,761,761,761,761,761,761,761,761
n04074963_ILSVRC2012_val_00047386.png,761,761,709,709,709,709,761,709,709,563,563,761,769,769,563,563,761,767,769,563,563,761,761,761,761,563,761,626,709,626,563,761,761,769,626,593,761,761,769,761,761
n04074963_ILSVRC2012_val_00047897.png,761,761,761,487,761,487,761,761,487,487,487,761,487,487,487,487,761,487,487,487,487,761,487,487,487,487,761,761,487,761,487,761,761,487,761,487,761,761,487,761,487
n04074963_ILSVRC2012_val_00048845.png,761,761,761,761,761,584,761,761,761,761,584,761,507,487,761,584,761,761,761,485,584,761,761,761,761,584,761,761,761,761,584,761,761,761,761,584,761,761,761,761,761
n04081281_ILSVRC2012_val_00000591.png,762,424,788,467,424,424,762,762,467,424,534,762,788,467,534,534,762,788,467,534,534,762,788,467,762,534,762,788,467,651,415,762,415,467,424,415,762,788,467,534,534
n04086273_ILSVRC2012_val_00002604.png,763,763,763,597,763,763,763,763,763,763,763,763,597,597,763,763,763,763,763,589,674,763,763,763,763,763,763,763,763,763,763,763,763,763,763,763,763,763,763,763,763
n04086273_ILSVRC2012_val_00003123.png,763,763,763,413,763,763,763,763,413,763,763,763,413,413,763,764,763,763,763,764,764,763,763,763,763,763,763,763,763,763,763,763,763,763,763,763,763,763,763,763,763
n04086273_ILSVRC2012_val_00003457.png,763,763,593,767,699,699,763,763,699,696,699,763,191,542,699,699,763,763,699,699,699,763,763,763,763,763,763,763,763,763,699,763,763,763,763,763,763,763,763,763,763
n04086273_ILSVRC2012_val_00007170.png,763,763,763,840,777,840,763,763,840,763,840,763,792,840,763,840,763,763,840,818,840,763,763,840,763,763,763,763,840,763,840,763,763,840,763,840,763,763,763,763,763
n04086273_ILSVRC2012_val_00009614.png,763,763,763,764,763,464,763,763,413,763,464,763,413,413,763,464,763,763,763,841,464,763,763,763,763,763,763,763,763,763,763,763,763,763,763,763,763,763,763,763,763
n04086273_ILSVRC2012_val_00015847.png,763,763,763,763,763,763,763,763,763,763,763,763,764,764,763,763,763,763,763,652,764,763,763,763,763,763,763,763,763,763,763,763,763,763,763,763,763,763,763,763,763
n04086273_ILSVRC2012_val_00017897.png,763,763,763,763,763,763,763,763,597,763,763,763,597,597,763,597,763,763,597,597,464,763,763,763,763,763,763,763,763,763,763,763,763,763,763,763,763,763,763,763,763
n04086273_ILSVRC2012_val_00026654.png,763,763,763,597,763,763,763,763,597,882,764,763,790,597,882,764,763,763,597,882,764,763,763,763,763,763,763,763,597,763,763,763,763,763,763,763,763,763,597,763,763
n04086273_ILSVRC2012_val_00030134.png,763,763,763,413,763,764,763,764,413,764,764,763,413,413,764,764,763,764,413,764,764,763,764,764,764,764,763,763,763,763,763,763,763,763,763,763,763,763,763,763,763
n04090263_ILSVRC2012_val_00001157.png,764,413,491,491,764,764,764,491,491,764,763,764,491,491,587,763,764,413,491,740,763,764,413,413,763,763,764,764,764,763,764,764,764,413,413,413,764,764,764,763,763
n04090263_ILSVRC2012_val_00036115.png,764,764,764,764,491,491,764,763,763,763,413,764,763,763,764,763,764,764,413,646,413,764,764,764,764,413,764,764,764,763,413,764,764,413,764,413,764,764,763,764,413
n04099969_ILSVRC2012_val_00017053.png,765,765,765,765,765,564,765,765,516,700,564,765,431,431,965,564,765,765,431,965,564,765,765,765,765,765,765,765,765,765,765,765,765,765,765,765,765,765,765,765,765
n04099969_ILSVRC2012_val_00024620.png,765,765,532,564,765,532,765,532,564,765,532,765,532,564,765,532,765,765,564,532,532,765,765,564,765,532,765,765,857,532,532,765,765,857,765,532,765,765,765,765,532
n04099969_ILSVRC2012_val_00026013.png,765,765,583,904,791,682,765,765,904,442,682,765,580,904,706,682,765,765,904,757,682,765,765,765,706,682,765,765,765,765,682,765,765,765,765,682,765,765,904,765,682
n04099969_ILSVRC2012_val_00043678.png,765,765,765,424,765,765,765,706,765,532,706,765,424,424,765,765,765,765,424,495,424,765,765,765,765,765,765,765,765,765,765,765,765,765,765,765,765,765,765,765,765
n04111531_ILSVRC2012_val_00002517.png,766,766,509,857,509,415,766,766,857,415,415,766,852,564,938,415,766,415,564,956,415,766,766,766,766,766,766,415,766,415,415,766,766,766,766,766,766,766,766,766,766
n04111531_ILSVRC2012_val_00004891.png,766,766,766,960,766,960,766,766,960,766,960,766,960,960,963,960,766,766,960,963,960,766,766,928,766,960,766,766,960,766,928,766,766,766,766,928,766,766,766,766,960
n04111531_ILSVRC2012_val_00007052.png,766,766,766,766,492,894,766,766,766,556,493,766,931,931,766,766,766,766,766,493,493,766,766,766,766,766,766,766,766,766,766,766,766,766,766,766,766,766,766,766,766
n04111531_ILSVRC2012_val_00010367.png,766,766,766,766,766,766,766,766,85,766,86,766,83,86,86,86,766,86,86,86,86,766,766,86,766,86,766,766,85,8,86,766,766,86,86,86,766,766,8,8,8
n04111531_ILSVRC2012_val_00011779.png,766,766,771,771,766,760,766,771,771,760,760,766,771,771,760,760,766,771,771,760,760,766,766,771,760,760,766,766,771,760,760,766,766,766,766,766,766,771,771,766,760
n04111531_ILSVRC2012_val_00031595.png,766,766,766,467,467,467,766,467,467,467,467,766,467,467,467,467,766,766,467,467,467,766,766,467,467,467,766,766,766,766,766,766,766,766,766,766,766,766,766,766,467
n04111531_ILSVRC2012_val_00041628.png,766,766,766,766,766,766,766,766,467,766,766,766,467,467,766,398,766,766,766,398,398,766,766,766,766,766,766,766,766,766,766,766,766,766,766,766,766,766,766,766,766
n04116512_ILSVRC2012_val_00007734.png,767,767,767,767,767,696,767,767,767,767,696,767,563,563,767,767,767,767,767,418,418,767,767,767,767,767,767,767,767,767,767,767,767,767,563,767,767,767,767,767,767
n04116512_ILSVRC2012_val_00014765.png,767,767,816,725,816,721,767,696,737,563,457,767,696,711,563,457,767,696,711,563,457,767,696,899,750,750,767,696,711,563,563,767,696,898,591,824,767,696,898,563,591
n04116512_ILSVRC2012_val_00023224.png,767,767,767,767,767,767,767,794,911,767,767,767,794,434,767,767,767,767,767,629,629,767,767,767,767,767,767,626,626,767,629,767,767,767,767,767,767,767,767,767,629
n04116512_ILSVRC2012_val_00023298.png,767,767,767,696,767,767,767,767,696,767,629,767,427,696,767,767,767,767,696,629,629,767,696,696,767,767,767,767,696,767,767,767,767,696,767,767,767,767,696,767,767
n04116512_ILSVRC2012_val_00039841.png,767,767,767,563,816,767,767,767,418,767,767,767,563,563,767,418,767,767,767,78,418,767,418,767,418,418,767,767,767,767,767,767,767,767,767,418,767,767,767,767,767
n04118538_ILSVRC2012_val_00002018.png,768,768,552,552,552,775,768,552,775,552,775,768,552,836,552,775,768,552,836,552,775,768,552,768,552,775,768,768,805,552,775,768,768,768,552,775,768,768,768,552,775
n04118538_ILSVRC2012_val_00010987.png,768,768,768,735,805,805,768,768,768,805,805,768,615,981,805,805,768,768,981,805,805,768,768,981,768,768,768,768,444,768,805,768,768,768,768,768,768,768,768,768,768
n04118538_ILSVRC2012_val_00037938.png,768,768,830,615,491,797,768,768,615,768,842,768,615,615,768,842,768,615,615,842,842,768,615,615,768,842,768,615,615,768,830,768,768,768,768,797,768,768,615,768,830
n04118538_ILSVRC2012_val_00046334.png,768,768,805,805,805,805,768,805,805,805,805,768,805,805,805,805,768,805,805,805,805,768,768,805,768,805,768,768,768,768,768,768,768,768,768,768,768,768,768,768,768
n04118538_ILSVRC2012_val_00049365.png,768,768,880,880,880,880,768,880,880,880,880,768,880,880,880,880,768,880,880,880,880,768,768,768,768,880,768,768,880,880,880,768,768,671,768,880,768,768,768,768,880
n04118776_ILSVRC2012_val_00003900.png,769,769,769,794,769,769,769,769,794,769,778,769,474,794,769,778,769,769,794,394,778,769,769,794,394,778,769,769,794,769,769,769,769,794,769,769,769,769,794,769,769
n04118776_ILSVRC2012_val_00012748.png,769,769,769,769,769,769,769,769,769,769,769,769,710,710,769,769,769,769,769,710,710,769,769,769,769,769,769,769,769,769,769,769,769,769,769,769,769,769,769,769,769
n04118776_ILSVRC2012_val_00017168.png,769,769,769,750,769,769,769,835,721,769,778,769,826,797,769,769,769,826,797,778,778,769,769,750,778,826,769,769,769,769,769,769,769,750,769,769,769,769,769,769,769
n04118776_ILSVRC2012_val_00023733.png,769,769,769,845,769,769,769,769,845,769,938,769,845,845,769,938,769,769,769,938,938,769,769,769,938,938,769,769,845,769,938,769,769,769,769,938,769,769,769,938,938
n04118776_ILSVRC2012_val_00049087.png,769,769,769,434,769,769,769,769,434,769,798,769,918,824,769,798,769,769,911,798,798,769,769,769,769,769,769,769,741,769,769,769,769,911,769,769,769,769,769,769,769
n04120489_ILSVRC2012_val_00009957.png,770,770,770,630,770,770,770,770,514,770,770,770,910,630,770,770,770,770,630,630,606,770,770,770,770,770,770,770,770,770,770,770,770,630,770,770,770,770,770,770,770
n04120489_ILSVRC2012_val_00019670.png,770,770,390,391,770,514,770,390,390,770,112,770,390,390,770,514,770,770,390,630,514,770,770,390,770,514,770,618,111,770,608,770,770,390,770,770,770,770,390,770,770
n04120489_ILSVRC2012_val_00031288.png,770,770,770,496,514,514,770,770,496,514,514,770,615,496,514,514,770,770,496,514,514,770,770,770,770,770,770,770,806,514,514,770,770,806,514,514,770,770,496,770,514
n04120489_ILSVRC2012_val_00039728.png,770,770,774,774,774,774,770,774,774,774,774,770,774,774,774,774,770,770,774,774,774,770,770,774,770,774,770,774,774,774,774,770,774,774,774,774,770,770,774,774,774
n04120489_ILSVRC2012_val_00039805.png,770,770,770,770,770,770,770,770,770,770,770,770,788,788,770,770,770,770,788,767,788,770,770,788,770,788,770,770,770,770,770,770,770,770,770,770,770,770,770,770,770
n04120489_ILSVRC2012_val_00048425.png,770,770,0,0,0,0,770,770,770,770,770,770,595,788,770,770,770,770,770,502,774,770,770,770,770,770,770,770,770,770,770,770,770,770,770,770,770,770,770,770,770
n04120489_ILSVRC2012_val_00048619.png,770,770,770,770,770,770,770,770,770,770,770,770,788,788,770,770,770,770,770,774,774,770,770,770,770,770,770,770,770,770,770,770,770,770,770,770,770,770,770,770,770
n04125021_ILSVRC2012_val_00001169.png,771,771,771,556,556,556,771,771,556,556,556,771,494,594,556,556,771,771,594,556,556,771,771,556,556,556,771,771,556,556,556,771,771,771,771,556,771,771,594,556,556
n04125021_ILSVRC2012_val_00010948.png,771,771,799,446,769,799,771,799,446,769,553,771,526,446,769,553,771,553,446,769,553,771,553,446,769,553,771,877,446,769,553,771,771,446,771,771,771,771,446,771,886
n04125021_ILSVRC2012_val_00040028.png,771,771,771,507,771,507,771,771,507,771,771,771,507,507,507,507,771,507,507,507,507,771,507,507,507,507,771,771,507,507,507,771,507,507,507,507,771,771,507,771,771
n04127249_ILSVRC2012_val_00021087.png,772,772,792,682,772,772,772,772,733,772,772,772,239,863,772,843,772,772,772,843,843,772,772,772,772,772,772,772,772,772,772,772,772,772,772,772,772,772,772,772,772
n04127249_ILSVRC2012_val_00024718.png,772,772,772,756,756,225,772,249,201,182,182,772,250,201,772,772,772,772,772,235,235,772,772,772,772,238,772,772,772,772,772,772,249,772,772,235,772,772,772,772,235
n04131690_ILSVRC2012_val_00009845.png,773,773,828,828,773,855,773,828,828,710,818,773,828,828,773,507,773,828,828,710,759,773,828,828,587,818,773,773,828,773,758,773,773,828,773,686,773,773,828,773,773
n04131690_ILSVRC2012_val_00018127.png,773,773,773,773,773,773,773,773,773,773,773,773,749,720,773,773,773,773,720,492,503,773,648,720,773,720,773,773,720,773,773,773,773,773,773,773,773,773,773,773,773
n04131690_ILSVRC2012_val_00023911.png,773,773,746,622,883,469,773,746,622,469,883,773,633,633,469,469,773,633,622,469,469,773,633,883,469,883,773,633,633,469,469,773,720,633,469,469,773,720,622,469,469
n04131690_ILSVRC2012_val_00033390.png,773,773,773,640,773,640,773,773,611,773,640,773,828,611,773,640,773,773,611,535,640,773,773,611,773,640,773,773,611,773,640,773,773,773,773,773,773,773,773,773,773
n04131690_ILSVRC2012_val_00043936.png,773,773,773,855,773,773,773,773,773,773,773,773,855,855,773,828,773,773,773,828,828,773,773,773,773,773,773,773,773,773,773,773,773,773,773,773,773,773,855,773,773
n04133789_ILSVRC2012_val_00007160.png,774,774,558,700,709,806,774,558,700,700,806,774,683,700,700,806,774,457,700,700,806,774,774,700,700,806,774,774,700,700,806,774,774,700,700,806,774,774,700,700,806
n04133789_ILSVRC2012_val_00027771.png,774,774,774,774,774,796,774,774,774,774,704,774,419,419,774,704,774,774,774,491,704,774,774,774,774,704,774,774,774,774,774,774,774,774,774,774,774,774,774,774,704
n04136333_ILSVRC2012_val_00003658.png,775,775,614,578,614,614,775,578,982,614,614,775,578,982,614,614,775,775,578,614,614,775,775,775,775,614,775,775,775,614,614,775,775,775,775,614,775,775,578,614,614
n04136333_ILSVRC2012_val_00040074.png,775,775,775,775,496,496,775,614,496,496,496,775,697,611,411,496,775,775,611,496,496,775,775,611,775,496,775,775,775,775,775,775,775,775,775,775,775,775,775,775,775
n04141076_ILSVRC2012_val_00000673.png,776,776,420,432,875,875,776,776,683,875,875,776,558,558,875,875,776,776,558,875,875,776,776,683,776,875,776,776,776,776,875,776,776,776,776,776,776,776,776,875,875
n04141076_ILSVRC2012_val_00009058.png,776,776,776,776,776,776,776,776,776,776,776,776,683,744,776,776,776,683,776,683,683,776,776,776,776,776,776,776,776,776,776,776,776,776,776,776,776,776,776,776,776
n04141076_ILSVRC2012_val_00022964.png,776,776,776,776,776,776,776,776,432,683,683,776,566,432,776,776,776,776,776,683,683,776,776,776,776,776,776,776,776,776,776,776,776,776,776,776,776,776,776,776,776
n04141327_ILSVRC2012_val_00004352.png,777,777,777,499,777,462,777,777,499,777,462,777,499,499,777,462,777,499,499,696,696,777,777,777,777,462,777,777,499,777,462,777,777,777,777,462,777,777,777,777,462
n04141327_ILSVRC2012_val_00012008.png,777,777,421,519,777,905,777,421,904,905,794,777,435,766,777,777,777,421,798,905,896,777,435,766,777,831,777,422,766,905,435,777,777,777,777,777,777,777,777,777,435
n04141327_ILSVRC2012_val_00026734.png,777,777,777,749,777,777,777,777,749,777,749,777,749,749,777,623,777,777,749,749,623,777,777,749,456,623,777,777,749,777,623,777,777,777,777,777,777,777,777,777,777
n04141327_ILSVRC2012_val_00036286.png,777,777,777,777,777,777,777,777,558,462,777,777,875,558,875,456,777,777,558,522,456,777,777,777,777,777,777,777,777,777,777,777,777,777,777,777,777,777,777,777,777
n04141975_ILSVRC2012_val_00008150.png,778,778,75,482,855,891,778,848,482,855,891,778,75,482,891,485,778,75,482,891,891,778,778,778,482,778,778,778,482,485,891,778,485,485,485,485,778,778,482,485,778
n04141975_ILSVRC2012_val_00021665.png,778,778,826,826,826,826,778,826,826,826,826,778,826,826,826,826,778,826,826,826,826,778,778,826,826,826,778,826,826,826,826,778,778,826,778,778,778,778,778,778,778
n04141975_ILSVRC2012_val_00027733.png,778,778,778,759,778,409,778,826,759,826,826,778,759,759,778,826,778,778,759,759,409,778,778,778,778,409,778,778,826,778,826,778,778,778,826,826,778,778,778,778,778
n04146614_ILSVRC2012_val_00001801.png,779,779,779,700,779,779,779,779,999,779,779,779,404,999,779,779,779,779,700,734,734,779,779,779,779,779,779,779,779,779,779,779,779,779,779,779,779,779,779,779,779
n04146614_ILSVRC2012_val_00005166.png,779,779,779,779,779,779,779,654,654,779,779,779,654,654,654,654,779,654,654,654,654,779,779,779,779,779,779,569,803,779,779,779,779,779,779,779,779,779,779,779,779
n04146614_ILSVRC2012_val_00010401.png,779,779,779,779,779,779,779,779,654,654,654,779,654,654,654,654,779,779,654,654,654,779,779,779,779,779,779,779,779,779,779,779,779,779,779,779,779,779,779,779,779
n04146614_ILSVRC2012_val_00014611.png,779,779,779,779,779,779,779,779,779,779,779,779,705,547,779,779,779,779,547,803,803,779,779,779,779,779,779,779,779,779,779,779,779,779,779,779,779,779,779,779,779
n04146614_ILSVRC2012_val_00019046.png,779,779,779,408,779,408,779,779,779,779,408,779,408,408,408,408,779,408,408,408,408,779,779,779,408,408,779,779,408,408,408,779,779,779,779,779,779,779,779,779,779
n04146614_ILSVRC2012_val_00036576.png,779,779,779,779,779,779,779,705,705,705,705,779,705,705,705,705,779,705,705,705,705,779,779,779,779,779,779,705,705,705,705,779,705,705,705,705,779,779,779,779,779
n04146614_ILSVRC2012_val_00037681.png,779,779,779,779,779,779,779,779,779,779,779,779,603,705,779,779,779,779,779,654,705,779,779,779,779,779,779,779,779,779,779,779,779,779,779,779,779,779,779,779,779
n04147183_ILSVRC2012_val_00001551.png,780,780,780,611,724,724,780,780,611,724,724,780,724,611,724,724,780,724,611,724,724,780,780,611,724,724,780,780,611,724,780,780,780,611,780,780,780,780,611,724,724
n04147183_ILSVRC2012_val_00005106.png,780,780,879,879,879,914,780,780,554,780,914,780,611,554,914,914,780,611,554,914,914,780,611,554,914,914,780,780,724,914,914,780,780,780,780,914,780,780,724,780,914
n04147183_ILSVRC2012_val_00007978.png,780,780,780,611,913,913,780,780,611,780,913,780,484,611,780,724,780,914,611,913,913,780,780,611,724,724,780,780,611,780,780,780,780,611,780,780,780,780,611,780,780
n04147183_ILSVRC2012_val_00012794.png,780,780,812,611,812,812,780,437,611,700,812,780,437,611,700,628,780,628,611,700,628,780,780,611,780,628,780,780,611,780,628,780,506,611,700,628,780,506,611,506,506
n04147183_ILSVRC2012_val_00017721.png,780,780,780,611,780,724,780,780,611,780,724,780,724,611,724,724,780,780,611,724,724,780,780,611,724,724,780,780,611,780,724,780,780,611,780,780,780,780,611,724,724
n04147183_ILSVRC2012_val_00030809.png,780,780,780,780,780,914,780,914,914,914,914,780,914,914,914,914,780,914,914,914,914,780,780,914,914,914,780,780,914,914,914,780,914,914,914,914,780,780,780,914,914
n04147183_ILSVRC2012_val_00048691.png,780,780,780,780,780,724,780,780,611,780,724,780,724,611,724,724,780,780,780,724,724,780,780,611,780,724,780,780,611,780,780,780,780,611,780,780,780,780,780,780,780
n04149813_ILSVRC2012_val_00008865.png,781,781,781,781,781,781,781,781,481,498,481,781,481,481,481,481,781,481,481,454,481,781,481,781,454,481,781,781,481,781,481,781,781,781,781,781,781,481,481,481,481
n04149813_ILSVRC2012_val_00011762.png,781,781,781,481,781,781,781,781,781,781,752,781,790,481,781,781,781,781,632,722,722,781,781,781,781,781,781,781,781,781,781,781,781,781,781,781,781,781,781,781,781
n04149813_ILSVRC2012_val_00023216.png,781,781,781,751,781,781,781,781,781,781,781,781,981,981,781,781,781,781,981,981,981,781,781,981,781,981,781,781,781,781,781,781,781,781,781,781,781,781,781,781,781
n04149813_ILSVRC2012_val_00025406.png,781,781,781,981,781,449,781,781,981,781,449,781,981,981,237,449,781,781,981,237,449,781,781,781,781,781,781,781,781,781,801,781,981,981,981,449,781,781,781,781,781
n04149813_ILSVRC2012_val_00025578.png,781,781,781,781,781,781,781,781,781,781,781,781,773,721,781,893,781,741,750,893,893,781,781,781,781,781,781,781,741,781,893,781,781,781,781,781,781,781,781,781,781
n04149813_ILSVRC2012_val_00026083.png,781,781,781,788,781,526,781,781,646,632,526,781,526,543,754,526,781,664,543,754,526,781,781,543,781,526,781,781,586,781,688,781,781,865,664,664,781,781,398,664,664
n04149813_ILSVRC2012_val_00035385.png,781,781,781,800,781,800,781,800,800,800,800,781,800,800,800,800,781,800,800,800,800,781,781,800,800,800,781,781,800,781,800,781,781,781,781,781,781,781,781,781,800
n04149813_ILSVRC2012_val_00036427.png,781,781,781,781,781,781,781,781,781,781,781,781,922,922,781,781,781,781,781,731,892,781,781,781,781,781,781,781,781,781,781,781,781,781,781,781,781,781,781,781,781
n04149813_ILSVRC2012_val_00038302.png,781,781,781,781,781,781,781,781,781,781,829,781,752,752,781,829,781,781,752,829,829,781,781,781,781,829,781,781,781,781,829,781,781,781,781,547,781,781,781,781,829
n04153751_ILSVRC2012_val_00001878.png,783,783,783,783,783,783,783,783,783,783,783,783,543,700,783,783,783,783,999,677,677,783,783,783,783,783,783,783,783,783,783,783,783,783,783,783,783,783,783,783,783
n04153751_ILSVRC2012_val_00008467.png,783,783,783,783,783,783,783,783,783,783,783,783,677,677,783,772,783,783,783,772,772,783,783,783,783,783,783,783,783,783,772,783,783,783,783,783,783,783,783,783,772
n04153751_ILSVRC2012_val_00008610.png,783,783,783,677,783,816,783,783,783,783,677,783,677,677,783,783,783,677,677,677,677,783,783,783,783,783,783,783,783,783,783,783,783,783,783,783,783,783,783,783,783
n04153751_ILSVRC2012_val_00011550.png,783,783,783,783,783,816,783,783,783,749,885,783,462,589,783,885,783,462,783,885,885,783,783,589,589,589,783,783,783,783,783,783,783,783,783,783,783,783,783,783,783
n04153751_ILSVRC2012_val_00014344.png,783,783,783,577,971,971,783,783,679,971,971,783,641,113,971,971,783,971,971,971,971,783,783,113,783,971,783,783,783,783,783,783,783,783,783,783,783,783,783,783,783
n04153751_ILSVRC2012_val_00024853.png,783,783,783,783,783,563,783,783,783,783,563,783,845,845,783,563,783,783,845,626,629,783,783,783,783,563,783,783,783,783,783,783,783,783,783,783,783,783,845,783,783
n04153751_ILSVRC2012_val_00026238.png,783,783,783,783,783,783,783,783,783,783,783,783,677,677,783,783,783,783,783,674,674,783,783,783,783,783,783,783,783,783,783,783,783,783,783,783,783,783,783,783,783
n04153751_ILSVRC2012_val_00035024.png,783,783,783,563,783,783,783,783,783,783,783,783,677,563,783,783,783,783,563,677,677,783,783,563,783,783,783,783,783,783,783,783,783,783,783,783,783,783,783,783,783
n04153751_ILSVRC2012_val_00046660.png,783,783,783,783,783,783,783,783,783,783,783,783,587,587,783,783,783,783,783,700,700,783,783,783,783,783,783,783,783,783,783,783,783,783,783,783,783,783,783,783,783
n04153751_ILSVRC2012_val_00047141.png,783,783,783,783,783,635,783,783,783,783,783,783,677,677,783,426,783,783,783,531,531,783,783,783,783,531,783,783,783,783,635,783,783,783,783,783,783,783,783,783,783
n04154565_ILSVRC2012_val_00015633.png,784,784,784,845,784,840,784,845,845,845,840,784,845,845,784,840,784,845,845,840,840,784,784,845,784,784,784,784,784,784,840,784,784,784,784,784,784,784,784,784,784
n04154565_ILSVRC2012_val_00033137.png,784,784,633,746,635,635,784,633,746,891,635,784,633,746,784,635,784,633,746,531,635,784,784,746,784,635,784,784,746,784,635,784,633,746,635,635,784,784,746,784,635
n04162706_ILSVRC2012_val_00001799.png,785,785,475,421,475,475,785,475,706,700,757,785,757,706,785,757,785,700,706,700,757,785,654,706,785,575,785,785,706,700,575,785,785,904,700,757,785,785,785,785,656
n04162706_ILSVRC2012_val_00005254.png,785,785,861,903,735,797,785,435,627,735,627,785,876,627,627,627,785,876,627,627,627,785,785,627,627,627,785,876,627,785,627,785,627,627,627,785,785,627,627,627,627
n04162706_ILSVRC2012_val_00036469.png,785,785,585,585,585,585,785,785,457,585,585,785,447,447,447,447,785,447,447,447,447,785,585,643,585,585,785,650,650,447,447,785,589,589,447,447,785,785,447,447,447
n04162706_ILSVRC2012_val_00047565.png,785,785,785,837,785,837,785,785,837,837,837,785,837,836,837,837,785,785,837,837,837,785,837,837,837,837,785,785,837,837,837,785,785,785,837,837,785,785,837,837,837
n04179913_ILSVRC2012_val_00001239.png,786,786,786,420,492,576,786,868,868,476,592,786,787,402,786,592,786,786,402,576,592,786,786,786,786,786,786,787,546,461,868,786,786,786,786,786,786,786,786,786,786
n04179913_ILSVRC2012_val_00001603.png,786,786,896,896,786,786,786,896,804,786,786,786,896,896,786,786,786,896,896,606,606,786,786,786,786,786,786,786,786,786,786,786,786,786,786,786,786,786,786,786,786
n04179913_ILSVRC2012_val_00006735.png,786,786,587,677,362,695,786,677,677,695,695,786,677,677,695,695,786,677,677,695,695,786,677,677,740,606,786,677,677,448,695,786,786,448,786,695,786,783,677,695,783
n04179913_ILSVRC2012_val_00007868.png,786,786,786,606,786,786,786,786,786,786,786,786,606,606,786,786,786,786,786,606,606,786,786,786,786,786,786,786,786,786,786,786,786,786,786,786,786,786,786,786,786
n04179913_ILSVRC2012_val_00025399.png,786,786,634,564,423,564,786,786,564,786,564,786,666,564,564,564,786,579,564,564,564,786,786,564,786,564,786,423,564,786,564,786,423,564,786,564,786,786,786,786,786
n04179913_ILSVRC2012_val_00032677.png,786,786,750,750,586,543,786,863,750,786,543,786,863,750,786,543,786,863,750,293,422,786,750,750,786,543,786,786,750,293,543,786,786,750,786,543,786,786,750,786,543
n04179913_ILSVRC2012_val_00037519.png,786,786,786,786,492,786,786,786,786,710,710,786,606,606,786,786,786,606,606,710,710,786,786,786,786,786,786,786,786,786,786,786,786,786,786,786,786,786,786,786,786
n04179913_ILSVRC2012_val_00039853.png,786,786,428,882,606,606,786,428,882,606,606,786,428,882,606,606,786,428,882,606,606,786,428,882,786,606,786,786,882,786,606,786,428,786,786,786,786,428,882,786,606
n04192698_ILSVRC2012_val_00027200.png,787,787,787,787,787,787,787,787,787,787,787,787,524,524,524,524,787,787,524,524,524,787,787,787,524,461,787,787,524,524,524,787,787,524,524,524,787,787,787,787,524
n04192698_ILSVRC2012_val_00046772.png,787,787,787,868,868,712,787,787,116,712,971,787,524,116,712,712,787,787,787,633,712,787,787,787,787,971,787,787,787,787,712,787,787,787,787,712,787,787,787,787,712
n04200800_ILSVRC2012_val_00006159.png,788,788,865,865,424,424,788,865,611,788,877,788,887,683,788,877,788,788,795,877,877,788,788,865,788,788,788,788,795,788,877,788,788,795,788,877,788,788,865,788,788
n04200800_ILSVRC2012_val_00009691.png,788,788,788,711,788,441,788,788,509,788,509,788,513,566,788,776,788,788,788,711,441,788,788,788,788,788,788,788,788,788,788,788,788,788,788,898,788,788,788,788,441
n04200800_ILSVRC2012_val_00047826.png,788,788,860,860,860,860,788,788,860,860,860,788,860,860,860,860,788,860,860,860,860,788,788,860,860,865,788,788,860,788,860,788,860,860,860,860,788,860,860,860,860
n04200800_ILSVRC2012_val_00049459.png,788,788,788,788,788,788,788,788,788,788,788,788,630,630,788,514,788,788,788,934,514,788,788,788,788,514,788,788,788,788,788,788,788,788,788,514,788,788,788,788,788
n04201297_ILSVRC2012_val_00001632.png,789,789,789,905,905,905,789,905,905,905,905,789,905,905,905,905,789,905,905,905,905,789,905,905,905,905,789,789,905,789,905,789,905,905,905,905,789,905,905,905,905
n04201297_ILSVRC2012_val_00020022.png,789,789,789,789,789,789,789,789,789,789,789,789,668,905,789,789,789,789,789,538,799,789,789,789,789,799,789,789,789,789,789,789,789,789,789,789,789,789,789,789,789
n04201297_ILSVRC2012_val_00028505.png,789,789,789,905,789,799,789,789,905,789,799,789,905,905,789,799,789,789,905,169,799,789,789,905,789,799,789,789,905,789,905,789,789,905,789,905,789,789,789,789,789
n04201297_ILSVRC2012_val_00028735.png,789,789,789,905,799,799,789,789,799,789,799,789,799,799,789,799,789,799,799,799,799,789,799,799,799,799,789,789,799,789,799,789,789,799,789,799,789,789,799,789,789
n04201297_ILSVRC2012_val_00038030.png,789,789,789,778,789,905,789,789,789,789,920,789,799,799,789,789,789,778,799,577,920,789,799,799,577,494,789,789,789,789,577,789,789,789,577,577,789,789,789,789,789
n04204238_ILSVRC2012_val_00013624.png,790,790,790,790,790,516,790,790,790,790,431,790,765,588,790,790,790,790,790,431,431,790,790,790,790,790,790,790,790,790,790,790,790,790,790,790,790,790,790,790,790
n04204238_ILSVRC2012_val_00047942.png,790,790,539,611,790,478,790,790,611,478,478,790,700,611,790,790,790,790,611,478,478,790,790,611,790,790,790,790,611,790,790,790,790,611,790,790,790,790,790,790,790
n04204238_ILSVRC2012_val_00048927.png,790,790,790,840,790,790,790,709,709,876,859,790,516,431,790,790,790,790,431,876,876,790,790,520,790,790,790,790,790,790,790,790,790,588,790,790,790,790,588,790,790
n04204238_ILSVRC2012_val_00049804.png,790,790,636,412,790,790,790,790,412,790,790,790,700,463,463,790,790,790,412,427,588,790,790,790,790,790,790,790,790,790,790,790,790,790,790,790,790,790,790,790,790
n04204347_ILSVRC2012_val_00013905.png,791,791,791,791,791,741,791,791,791,791,741,791,830,830,791,741,791,791,741,741,741,791,791,791,741,741,791,791,791,791,791,791,791,791,791,791,791,791,791,791,791
n04204347_ILSVRC2012_val_00046559.png,791,791,791,791,791,791,791,791,790,791,790,791,790,790,791,790,791,791,790,233,790,791,791,791,791,790,791,791,791,791,790,791,791,791,791,791,791,791,791,791,791
n04204347_ILSVRC2012_val_00049135.png,791,791,791,611,791,791,791,791,477,791,845,791,847,611,847,611,791,847,611,847,784,791,791,611,791,791,791,791,611,791,791,791,791,791,791,791,791,791,791,791,791
n04208210_ILSVRC2012_val_00003427.png,792,792,792,795,803,803,792,792,795,795,803,792,863,795,795,803,792,795,795,795,803,792,792,795,795,803,792,792,795,803,803,792,792,795,803,803,792,803,795,795,803
n04208210_ILSVRC2012_val_00017743.png,792,792,462,462,840,840,792,523,462,840,840,792,462,462,462,840,792,462,462,840,840,792,462,462,840,840,792,462,462,792,840,792,792,462,792,840,792,792,462,792,840
n04208210_ILSVRC2012_val_00035208.png,792,792,385,285,202,750,792,287,285,198,882,792,172,285,196,882,792,831,285,196,882,792,212,285,204,882,792,174,564,203,882,792,669,905,203,691,792,289,289,198,882
n04209133_ILSVRC2012_val_00002667.png,793,793,793,433,793,793,793,793,433,793,433,793,433,433,433,433,793,793,433,433,433,793,433,433,433,433,793,793,433,793,433,793,793,433,793,793,793,793,433,793,793
n04209133_ILSVRC2012_val_00035327.png,793,793,793,391,793,671,793,793,678,793,671,793,678,678,793,701,793,793,678,795,671,793,671,518,671,671,793,793,793,793,793,793,793,793,793,793,793,793,793,793,671
n04209239_ILSVRC2012_val_00034414.png,794,794,565,772,565,477,794,794,772,794,794,794,772,772,792,792,794,772,772,792,792,794,794,794,794,792,794,794,772,794,784,794,772,772,794,795,794,794,772,794,794
n04209239_ILSVRC2012_val_00044909.png,794,794,591,868,458,519,794,591,868,539,519,794,446,868,868,519,794,794,868,612,519,794,794,868,794,794,794,794,868,794,519,794,794,794,868,519,794,794,868,794,519
n04228054_ILSVRC2012_val_00005392.png,795,795,795,791,795,795,795,795,795,795,491,795,238,430,740,740,795,795,430,740,740,795,795,795,615,615,795,795,746,795,740,795,795,795,795,795,795,795,795,795,795
n04228054_ILSVRC2012_val_00006215.png,795,795,646,646,646,979,795,980,646,979,970,795,980,646,980,970,795,980,646,980,970,795,795,611,795,795,795,646,646,970,970,795,970,611,523,970,795,795,646,795,795
n04228054_ILSVRC2012_val_00027692.png,795,795,795,523,795,523,795,523,523,523,523,795,523,523,523,523,795,523,523,523,523,795,523,523,523,523,795,795,523,795,523,795,795,795,795,795,795,795,795,795,523
n04228054_ILSVRC2012_val_00045586.png,795,795,746,746,795,746,795,746,746,746,746,795,746,746,746,746,795,746,746,746,746,795,795,795,795,795,795,795,746,795,746,795,795,746,795,795,795,795,795,795,795
n04228054_ILSVRC2012_val_00045867.png,795,795,795,496,795,614,795,795,795,359,614,795,796,796,795,614,795,795,795,358,591,795,795,795,795,795,795,795,981,795,746,795,795,795,795,795,795,795,795,795,795
n04228054_ILSVRC2012_val_00046368.png,795,795,795,879,646,646,795,795,795,646,646,795,792,462,646,346,795,792,792,646,346,795,795,615,646,346,795,795,795,795,978,795,795,795,795,795,795,795,795,795,795
n04229816_ILSVRC2012_val_00028923.png,796,796,87,643,461,684,796,850,643,643,684,796,338,643,787,684,796,338,452,787,684,796,850,643,787,719,796,338,643,643,684,796,338,643,787,684,796,338,643,643,684
n04235860_ILSVRC2012_val_00005502.png,797,797,797,796,797,452,797,452,735,452,452,797,443,735,452,452,797,797,735,452,452,797,797,911,452,452,797,797,452,452,452,797,797,797,501,452,797,797,452,452,452
n04235860_ILSVRC2012_val_00009372.png,797,797,434,434,797,797,797,434,770,797,797,797,434,790,797,830,797,434,790,830,830,797,797,797,797,797,797,840,462,797,797,797,840,462,797,797,797,434,434,797,797
n04235860_ILSVRC2012_val_00017165.png,797,797,735,735,735,735,797,735,735,611,735,797,735,735,735,735,797,735,735,786,735,797,735,824,642,735,797,735,552,552,735,797,797,735,797,735,797,797,735,797,735
n04235860_ILSVRC2012_val_00018487.png,797,797,797,390,797,608,797,797,389,797,630,797,750,395,797,608,797,797,389,620,630,797,797,389,797,608,797,797,389,797,777,797,797,389,797,608,797,797,797,797,389
n04235860_ILSVRC2012_val_00018905.png,797,797,750,806,750,750,797,434,770,434,750,797,770,770,797,831,797,770,770,831,831,797,797,770,797,797,797,797,770,797,797,797,797,770,797,797,797,797,797,797,797
n04235860_ILSVRC2012_val_00027664.png,797,797,501,689,797,793,797,501,689,793,793,797,689,689,793,793,797,689,689,793,793,797,797,797,797,793,797,797,689,793,793,797,797,689,797,793,797,797,601,797,797
n04235860_ILSVRC2012_val_00039312.png,797,797,806,658,885,831,797,709,806,831,831,797,760,806,831,831,797,831,806,831,831,797,797,806,797,831,797,591,911,434,885,797,885,806,885,831,797,797,911,885,831
n04238763_ILSVRC2012_val_00007304.png,798,798,674,446,798,446,798,798,446,798,446,798,674,446,674,446,798,798,446,674,446,798,798,446,798,798,798,674,446,798,446,798,798,446,798,798,798,798,446,798,798
n04238763_ILSVRC2012_val_00028688.png,798,798,798,798,798,798,798,798,769,798,798,798,769,769,798,769,798,798,769,529,769,798,798,798,798,798,798,798,769,798,798,798,798,798,798,798,798,798,798,798,798
n04238763_ILSVRC2012_val_00030219.png,798,798,709,709,709,709,798,798,794,798,893,798,769,794,893,893,798,893,794,893,893,798,798,794,798,893,798,798,794,798,798,798,798,700,798,893,798,798,794,798,798
n04238763_ILSVRC2012_val_00040633.png,798,798,798,769,769,769,798,798,769,798,769,798,769,769,798,868,798,798,769,199,868,798,798,769,798,798,798,798,769,798,868,798,798,769,798,769,798,798,769,798,769
n04238763_ILSVRC2012_val_00045657.png,798,798,798,798,481,798,798,769,769,769,845,798,898,769,769,845,798,769,769,397,845,798,798,769,798,769,798,798,769,769,769,798,798,798,798,798,798,798,769,769,845
n04239074_ILSVRC2012_val_00002333.png,799,799,706,706,706,706,799,706,706,706,706,799,706,706,706,706,799,706,706,706,706,799,706,706,706,706,799,799,706,706,706,799,799,706,799,706,799,799,706,799,706
n04239074_ILSVRC2012_val_00009490.png,799,799,799,743,799,799,799,799,743,799,799,799,424,743,498,498,799,424,743,727,498,799,424,424,799,498,799,799,498,498,498,799,799,743,799,799,799,799,743,799,799
n04239074_ILSVRC2012_val_00016116.png,799,799,799,904,564,564,799,905,905,564,564,799,619,905,564,564,799,564,905,564,564,799,905,905,564,564,799,904,905,564,564,799,904,669,564,564,799,799,564,564,564
n04243546_ILSVRC2012_val_00004488.png,800,800,467,467,800,800,800,467,467,775,762,800,467,467,800,800,800,467,467,213,765,800,800,467,800,800,800,800,800,800,800,800,800,800,800,800,800,800,467,800,800
n04243546_ILSVRC2012_val_00013787.png,800,800,800,800,800,800,800,800,800,800,800,800,407,571,800,800,800,800,800,627,627,800,800,800,800,800,800,800,800,800,800,800,800,800,800,800,800,800,800,800,800
n04243546_ILSVRC2012_val_00017216.png,800,800,800,800,800,800,800,800,800,800,800,800,886,886,509,424,800,800,886,509,424,800,800,800,800,509,800,800,800,800,800,800,800,800,800,800,800,800,800,800,800
n04243546_ILSVRC2012_val_00024983.png,800,800,800,800,800,800,800,800,800,800,800,800,886,886,800,800,800,800,886,482,480,800,800,886,800,480,800,800,886,800,800,800,800,800,800,800,800,800,800,800,480
n04243546_ILSVRC2012_val_00027538.png,800,800,800,707,800,917,800,707,474,617,664,800,707,707,617,782,800,707,707,617,527,800,800,617,617,617,800,860,707,860,800,800,800,707,571,707,800,800,707,617,851
n04243546_ILSVRC2012_val_00030944.png,800,800,800,800,800,800,800,800,800,800,498,800,498,498,498,498,800,800,498,498,498,800,800,498,800,800,800,800,800,800,800,800,800,800,800,800,800,800,800,800,800
n04243546_ILSVRC2012_val_00032495.png,800,800,800,800,800,800,800,800,800,800,800,800,886,886,800,800,800,800,800,886,851,800,800,800,800,800,800,800,800,800,800,800,800,800,800,800,800,800,800,800,800
n04243546_ILSVRC2012_val_00033812.png,800,800,800,800,800,800,800,800,800,800,800,800,664,664,800,664,800,800,800,664,664,800,800,800,800,800,800,800,800,800,800,800,800,800,800,800,800,800,800,800,800
n04243546_ILSVRC2012_val_00046686.png,800,800,800,527,800,800,800,605,664,605,800,800,664,664,800,851,800,800,800,893,480,800,800,851,800,480,800,800,800,800,800,800,800,800,800,800,800,800,800,800,800
n04251144_ILSVRC2012_val_00002340.png,801,801,6,395,150,801,801,6,33,801,801,801,6,842,801,801,801,6,842,433,433,801,801,801,801,801,801,801,842,801,801,801,801,801,801,801,801,801,801,801,801
n04251144_ILSVRC2012_val_00005841.png,801,801,801,801,801,801,801,801,801,801,801,801,329,327,801,801,801,801,801,67,837,801,801,801,801,801,801,801,801,801,801,801,801,801,801,801,801,801,801,801,801
n04251144_ILSVRC2012_val_00023981.png,801,801,801,6,801,6,801,801,6,801,801,801,6,6,801,801,801,801,801,6,6,801,801,801,801,801,801,801,801,801,801,801,801,801,801,801,801,801,801,801,801
n04251144_ILSVRC2012_val_00025074.png,801,801,801,570,801,801,801,570,570,678,678,801,570,570,678,678,801,570,691,678,678,801,801,570,801,678,801,801,801,801,678,801,801,801,801,678,801,801,801,801,801
n04251144_ILSVRC2012_val_00034083.png,801,801,643,643,643,691,801,643,452,691,691,801,929,591,691,691,801,929,434,691,691,801,801,929,801,691,801,801,801,801,691,801,801,801,801,691,801,801,801,801,801
n04251144_ILSVRC2012_val_00040487.png,801,801,983,611,983,983,801,801,611,801,983,801,983,611,983,983,801,801,611,983,983,801,801,611,801,801,801,801,611,801,983,801,801,611,801,983,801,801,611,801,801
n04251144_ILSVRC2012_val_00043728.png,801,801,903,611,903,552,801,801,611,552,552,801,650,611,552,552,801,801,611,552,552,801,801,611,552,552,801,801,611,801,552,801,801,611,801,552,801,801,611,801,552
n04252077_ILSVRC2012_val_00008872.png,802,802,792,792,792,792,802,792,792,792,792,802,792,792,792,792,802,792,792,792,792,802,802,537,792,792,802,792,792,792,792,802,792,792,792,792,802,792,792,792,792
n04252077_ILSVRC2012_val_00011313.png,802,802,802,833,802,537,802,802,833,802,537,802,657,833,802,537,802,802,833,791,537,802,802,802,802,537,802,802,833,802,802,802,802,802,802,537,802,802,802,802,537
n04252077_ILSVRC2012_val_00012989.png,802,802,803,450,803,803,802,537,802,537,537,802,472,450,537,537,802,802,802,537,537,802,802,450,802,537,802,802,802,802,537,802,802,802,537,537,802,802,802,802,537
n04252077_ILSVRC2012_val_00018612.png,802,802,802,444,802,795,802,802,983,802,802,802,746,430,802,450,802,802,450,898,450,802,802,802,802,802,802,802,802,802,802,802,802,802,802,802,802,802,802,802,802
n04252077_ILSVRC2012_val_00023010.png,802,802,537,879,975,537,802,537,537,537,537,802,537,537,537,537,802,537,537,537,537,802,537,537,802,537,802,537,978,975,537,802,802,537,802,537,802,802,537,802,537
n04252077_ILSVRC2012_val_00027261.png,802,802,802,802,802,491,802,830,746,491,491,802,444,746,802,491,802,802,746,491,491,802,802,746,802,491,802,802,802,802,802,802,802,802,802,802,802,802,802,802,802
n04252077_ILSVRC2012_val_00029247.png,802,802,802,573,802,573,802,573,573,573,573,802,573,573,573,573,802,573,573,573,573,802,802,573,802,573,802,802,802,802,573,802,802,802,802,573,802,802,573,802,573
n04252077_ILSVRC2012_val_00035620.png,802,802,802,802,802,450,802,450,450,450,450,802,830,450,450,450,802,450,450,450,450,802,802,802,802,450,802,802,802,802,450,802,802,802,802,450,802,802,802,802,450
n04252077_ILSVRC2012_val_00037661.png,802,802,802,450,802,450,802,802,450,802,450,802,746,450,537,450,802,802,450,537,450,802,802,802,802,802,802,802,450,802,802,802,802,802,802,802,802,802,802,802,802
n04252077_ILSVRC2012_val_00047033.png,802,802,802,450,537,537,802,450,450,537,537,802,450,450,537,537,802,802,450,537,537,802,802,450,537,537,802,802,450,802,537,802,802,802,802,537,802,802,802,802,802
n04252225_ILSVRC2012_val_00010794.png,803,803,803,569,803,829,803,406,569,803,555,803,695,569,829,920,803,406,569,920,920,803,803,569,803,569,803,803,803,803,920,803,803,803,803,803,803,803,803,803,803
n04252225_ILSVRC2012_val_00015106.png,803,803,803,866,866,866,803,866,866,866,866,803,856,595,803,595,803,803,595,595,595,803,803,803,803,595,803,803,595,803,595,803,803,595,803,595,803,803,803,803,595
n04252225_ILSVRC2012_val_00043941.png,803,803,803,803,803,803,803,803,803,803,803,803,730,730,803,803,803,803,803,646,561,803,803,803,803,803,803,803,803,803,803,803,803,803,803,803,803,803,803,803,803
n04254120_ILSVRC2012_val_00007552.png,804,804,846,552,725,782,804,804,552,804,664,804,459,552,804,782,804,804,620,664,664,804,804,804,804,664,804,804,850,804,782,804,804,804,804,664,804,804,804,804,782
n04254120_ILSVRC2012_val_00008529.png,804,804,999,700,700,999,804,804,700,811,811,804,898,700,700,700,804,898,700,811,811,804,898,700,700,811,804,804,700,811,811,804,804,700,700,811,804,811,700,811,811
n04254120_ILSVRC2012_val_00028718.png,804,804,898,898,804,680,804,898,898,898,898,804,720,898,804,680,804,680,898,680,680,804,804,898,804,680,804,898,898,804,680,804,804,898,680,680,804,804,804,804,804
n04254680_ILSVRC2012_val_00011606.png,805,805,805,805,455,692,805,805,805,455,767,805,768,768,805,805,805,805,805,767,767,805,805,805,805,805,805,805,805,805,805,805,805,805,805,805,805,805,805,805,805
n04254680_ILSVRC2012_val_00016558.png,805,805,805,768,805,805,805,805,768,768,768,805,768,768,805,768,805,805,768,768,768,805,805,805,805,805,805,805,805,805,805,805,805,805,805,805,805,805,805,805,805
n04254680_ILSVRC2012_val_00016819.png,805,805,805,443,451,451,805,805,805,805,451,805,451,443,805,451,805,451,805,452,451,805,805,805,808,451,805,805,805,805,451,805,805,805,805,451,805,805,805,805,805
n04254680_ILSVRC2012_val_00027702.png,805,805,768,768,768,768,805,805,805,805,805,805,768,768,768,768,805,805,805,768,768,805,805,805,805,805,805,805,805,805,805,805,805,805,805,805,805,805,805,805,805
n04254680_ILSVRC2012_val_00033276.png,805,805,714,826,714,805,805,714,485,714,805,805,485,485,714,805,805,485,485,714,890,805,805,805,805,805,805,805,805,805,805,805,805,485,714,805,805,805,805,805,805
n04254680_ILSVRC2012_val_00033315.png,805,805,805,388,388,388,805,805,388,128,388,805,574,388,805,388,805,805,805,128,388,805,805,805,805,388,805,805,805,805,388,805,805,805,805,805,805,805,805,805,805
n04254680_ILSVRC2012_val_00040853.png,805,805,560,812,812,417,805,560,560,812,805,805,560,560,805,890,805,560,560,890,890,805,805,805,805,805,805,805,805,768,805,805,805,805,805,805,805,805,805,805,805
n04254777_ILSVRC2012_val_00024724.png,806,806,806,806,806,806,806,806,806,658,658,806,658,658,658,658,806,658,658,658,658,806,806,806,806,806,806,806,806,806,806,806,806,658,806,658,806,806,658,658,658
n04258138_ILSVRC2012_val_00003739.png,807,807,577,577,807,807,807,892,892,836,837,807,892,892,807,836,807,892,409,837,836,807,807,577,807,807,807,892,892,807,807,807,807,577,807,836,807,807,807,807,807
n04258138_ILSVRC2012_val_00007822.png,807,807,807,755,807,791,807,807,755,807,791,807,132,755,807,791,807,755,755,409,791,807,807,807,409,791,807,807,807,807,421,807,807,807,807,807,807,807,807,807,807
n04258138_ILSVRC2012_val_00018694.png,807,807,835,835,835,833,807,835,812,812,657,807,628,812,657,657,807,628,657,657,744,807,807,807,657,744,807,833,657,657,657,807,780,847,833,847,807,557,812,807,847
n04258138_ILSVRC2012_val_00038084.png,807,807,807,109,787,787,807,755,109,787,787,807,755,109,787,787,807,807,109,787,787,807,807,109,807,787,807,807,693,787,787,807,807,115,807,787,807,807,109,807,787
n04258138_ILSVRC2012_val_00038627.png,807,807,755,755,755,755,807,755,755,807,755,807,755,755,807,755,807,807,755,755,755,807,807,807,724,755,807,807,807,807,807,807,807,807,807,807,807,807,807,807,807
n04258138_ILSVRC2012_val_00038855.png,807,807,807,807,807,807,807,807,807,525,839,807,912,912,839,807,807,807,807,839,839,807,807,807,807,839,807,807,807,807,807,807,807,807,807,807,807,807,807,807,807
n04258138_ILSVRC2012_val_00043736.png,807,807,580,580,580,580,807,580,580,580,580,807,580,580,580,580,807,580,580,580,580,807,580,580,580,580,807,580,580,580,580,807,580,580,580,580,807,580,580,580,580
n04259630_ILSVRC2012_val_00013087.png,808,808,808,515,452,452,808,808,808,808,452,808,61,515,452,452,808,808,808,452,452,808,808,808,452,452,808,808,515,808,452,808,808,808,808,452,808,808,808,808,452
n04259630_ILSVRC2012_val_00019159.png,808,808,808,808,808,808,808,808,808,808,808,808,515,515,808,808,808,808,515,451,451,808,808,808,808,808,808,808,808,808,808,808,808,808,808,808,808,808,808,808,451
n04259630_ILSVRC2012_val_00020420.png,808,808,808,850,808,808,808,808,599,419,419,808,515,599,419,419,808,808,808,419,419,808,808,808,808,419,808,808,808,808,808,808,824,0,808,808,808,808,808,808,808
n04259630_ILSVRC2012_val_00049528.png,808,808,808,419,808,700,808,808,515,808,808,808,700,419,808,700,808,700,419,700,700,808,808,808,808,808,808,808,808,808,808,808,808,808,808,808,808,808,808,808,700
n04264628_ILSVRC2012_val_00002133.png,810,810,878,878,878,810,810,810,878,810,878,810,812,878,878,878,810,810,878,772,878,810,878,878,878,878,810,810,810,810,810,810,810,878,810,878,810,810,878,810,810
n04264628_ILSVRC2012_val_00031182.png,810,810,810,878,878,810,810,810,878,810,810,810,804,878,508,878,810,810,878,527,878,810,810,878,810,810,810,810,810,810,878,810,810,878,810,810,810,810,878,878,810
n04264628_ILSVRC2012_val_00037839.png,810,810,810,878,810,810,810,878,878,878,878,810,878,878,878,878,810,810,810,237,878,810,878,878,878,878,810,810,810,810,878,810,810,878,878,878,810,810,878,810,810
n04265275_ILSVRC2012_val_00015782.png,811,811,196,611,534,534,811,199,611,791,760,811,199,611,534,760,811,199,611,760,760,811,199,611,811,760,811,199,611,811,760,811,199,611,534,760,811,199,611,811,760
n04265275_ILSVRC2012_val_00024838.png,811,811,561,848,811,891,811,811,754,891,891,811,508,482,811,891,811,891,754,891,891,811,811,754,811,811,811,811,811,811,811,811,811,811,811,811,811,811,848,811,811
n04265275_ILSVRC2012_val_00040031.png,811,811,632,636,556,636,811,811,893,811,811,811,464,461,811,748,811,748,464,591,748,811,811,811,811,811,811,811,811,811,811,811,811,811,811,811,811,811,811,811,811
n04265275_ILSVRC2012_val_00049104.png,811,632,632,632,893,893,811,632,632,893,893,811,632,632,893,893,811,632,632,893,893,811,632,632,893,893,811,632,632,893,893,811,811,632,893,893,811,811,632,811,893
n04266014_ILSVRC2012_val_00001795.png,812,812,812,812,812,812,812,812,812,466,466,812,340,971,812,466,812,812,812,466,466,812,812,812,812,812,812,812,812,812,812,812,812,812,812,812,812,812,812,812,812
n04266014_ILSVRC2012_val_00013688.png,812,812,812,618,812,462,812,812,812,618,618,812,895,895,828,669,812,812,812,747,669,812,812,812,812,459,812,812,812,812,812,812,812,812,812,812,812,812,812,812,618
n04266014_ILSVRC2012_val_00021037.png,812,812,812,812,812,812,812,812,895,812,895,812,895,895,812,895,812,812,895,895,895,812,812,812,812,895,812,812,812,812,895,812,812,812,812,812,812,812,812,812,812
n04266014_ILSVRC2012_val_00025483.png,812,812,812,406,812,682,812,812,406,812,682,812,406,857,812,682,812,406,668,873,682,812,812,812,812,812,812,812,812,812,812,812,812,812,812,812,812,812,812,812,812
n04266014_ILSVRC2012_val_00028835.png,812,812,812,744,812,812,812,812,812,812,812,812,784,744,812,812,812,812,657,625,625,812,812,812,812,812,812,812,812,812,812,812,812,812,812,812,812,812,812,812,812
n04266014_ILSVRC2012_val_00040020.png,812,812,562,794,562,562,812,406,109,469,812,812,469,619,909,657,812,562,854,909,744,812,812,406,909,657,812,812,470,862,812,812,812,619,812,812,812,812,862,812,812
n04270147_ILSVRC2012_val_00044421.png,813,813,792,910,792,910,813,813,910,910,910,813,910,910,910,910,813,813,910,910,910,813,813,813,813,910,813,813,813,813,813,813,813,813,813,813,813,813,813,813,813
n04273569_ILSVRC2012_val_00007911.png,814,814,814,611,814,814,814,814,611,814,625,814,408,611,625,625,814,814,611,625,625,814,814,611,625,625,814,814,611,625,625,814,814,611,814,814,814,814,611,814,814
n04273569_ILSVRC2012_val_00009927.png,814,814,814,611,814,403,814,814,611,814,433,814,611,611,408,408,814,814,611,408,408,814,814,611,814,408,814,625,611,814,408,814,814,611,408,403,814,814,611,814,814
n04273569_ILSVRC2012_val_00028541.png,814,814,833,833,833,833,814,814,833,833,833,814,833,833,833,833,814,833,833,833,833,814,814,814,814,833,814,814,814,814,833,814,814,814,814,833,814,814,814,814,833
n04273569_ILSVRC2012_val_00031397.png,814,814,814,525,871,815,814,814,839,525,815,814,871,871,871,815,814,814,833,871,815,814,814,814,814,815,814,814,814,814,815,814,814,833,814,815,814,814,814,814,815
n04273569_ILSVRC2012_val_00041800.png,814,814,833,833,472,148,814,344,344,646,58,814,833,833,646,833,814,833,833,646,148,814,814,814,814,814,814,833,833,814,833,814,814,833,814,833,814,814,833,814,833
n04273569_ILSVRC2012_val_00042203.png,814,814,814,611,814,628,814,814,611,814,628,814,664,611,814,628,814,814,611,628,628,814,814,611,814,814,814,814,611,814,628,814,814,611,814,814,814,814,611,814,814
n04273569_ILSVRC2012_val_00043492.png,814,814,814,833,895,895,814,871,418,895,847,814,871,871,895,895,814,871,871,895,652,814,814,814,895,895,814,814,871,895,833,814,814,833,895,833,814,871,895,403,895
n04275548_ILSVRC2012_val_00019618.png,815,815,815,815,815,815,815,815,815,815,815,815,75,797,815,815,815,815,797,892,73,815,815,815,815,815,815,815,815,815,815,815,815,815,815,815,815,815,815,815,815
n04275548_ILSVRC2012_val_00023532.png,815,815,815,791,500,334,815,75,791,75,73,815,75,791,674,815,815,73,853,674,73,815,815,791,815,815,815,815,815,815,815,815,815,791,815,815,815,815,815,815,73
n04275548_ILSVRC2012_val_00026078.png,815,815,815,815,815,815,815,815,815,815,815,815,72,72,815,815,815,815,815,73,73,815,815,815,815,815,815,815,815,815,815,815,815,815,815,815,815,815,815,815,815
n04275548_ILSVRC2012_val_00035058.png,815,815,815,58,669,815,815,815,58,669,815,815,749,103,749,73,815,749,103,203,73,815,58,58,58,815,815,749,337,815,815,815,749,337,749,73,815,749,337,815,73
n04275548_ILSVRC2012_val_00038200.png,815,815,327,591,824,107,815,815,824,815,815,815,50,700,815,815,815,815,109,73,73,815,815,794,815,815,815,815,109,815,815,815,815,700,815,815,815,815,109,815,815
n04277352_ILSVRC2012_val_00006016.png,816,816,816,587,816,816,816,816,587,816,587,816,587,587,587,587,816,816,587,499,499,816,816,587,816,816,816,816,587,587,587,816,816,587,587,677,816,816,543,816,816
n04277352_ILSVRC2012_val_00030372.png,816,816,816,616,816,911,816,816,616,816,911,816,911,616,911,911,816,911,616,911,911,816,911,616,911,911,816,911,616,911,911,816,816,616,911,911,816,816,616,816,911
n04277352_ILSVRC2012_val_00035970.png,816,816,816,902,816,816,816,816,589,816,641,816,589,589,816,641,816,641,589,641,641,816,641,589,641,641,816,641,641,641,641,816,816,816,816,816,816,641,641,641,641
n04277352_ILSVRC2012_val_00039896.png,816,816,816,816,816,816,816,816,816,816,816,816,647,731,816,731,816,816,731,731,731,816,816,816,816,731,816,816,816,816,816,816,816,816,816,816,816,816,816,816,731
n04277352_ILSVRC2012_val_00049386.png,816,816,816,109,616,125,816,816,533,616,125,816,443,533,616,125,816,816,616,616,125,816,816,533,816,125,816,816,816,816,125,816,816,816,816,816,816,816,816,816,816
n04285008_ILSVRC2012_val_00003896.png,817,817,751,751,751,751,817,751,751,817,817,817,751,751,751,751,817,751,751,751,751,817,817,751,751,751,817,817,751,751,751,817,817,751,817,817,817,817,751,751,751
n04285008_ILSVRC2012_val_00005456.png,817,817,717,511,817,817,817,581,581,656,656,817,717,511,656,581,817,581,511,656,656,817,581,581,581,656,817,581,511,656,656,817,817,511,817,817,817,817,817,656,656
n04285008_ILSVRC2012_val_00035603.png,817,817,751,751,717,466,817,751,751,581,466,817,657,751,817,466,817,817,751,859,466,817,751,817,817,466,817,817,817,581,466,817,817,817,817,466,817,466,817,466,466
n04296562_ILSVRC2012_val_00019297.png,819,819,819,611,819,416,819,819,406,819,416,819,699,699,788,416,819,819,699,602,602,819,819,699,819,602,819,699,699,819,416,819,699,699,416,819,819,699,699,819,602
n04296562_ILSVRC2012_val_00025731.png,819,819,819,819,819,819,819,819,819,819,819,819,650,650,818,589,819,819,819,589,589,819,819,819,819,819,819,819,819,819,641,819,819,819,819,818,819,819,819,819,650
n04296562_ILSVRC2012_val_00039889.png,819,819,862,819,819,862,819,862,854,854,470,819,862,862,556,470,819,819,862,619,470,819,819,862,819,470,819,862,862,469,862,819,819,819,819,470,819,819,819,819,470
n04296562_ILSVRC2012_val_00040912.png,819,819,420,420,641,641,819,420,420,420,641,819,772,420,593,872,819,875,420,641,641,819,819,420,819,456,819,819,420,819,641,819,819,420,819,650,819,819,819,819,819
n04296562_ILSVRC2012_val_00043679.png,819,819,819,632,819,819,819,819,632,819,498,819,632,632,498,498,819,498,632,498,498,819,819,498,819,498,819,819,632,819,498,819,819,498,819,498,819,819,819,819,819
n04310018_ILSVRC2012_val_00003156.png,820,820,820,408,820,408,820,820,847,847,408,820,554,744,847,408,820,820,744,586,408,820,820,744,820,408,820,820,820,820,820,820,820,820,820,408,820,820,820,820,820
n04310018_ILSVRC2012_val_00007826.png,820,820,820,820,820,820,820,820,820,820,820,820,561,632,820,634,820,820,820,595,634,820,820,820,820,820,820,820,820,820,820,820,820,820,820,820,820,820,820,820,820
n04310018_ILSVRC2012_val_00010581.png,820,820,820,700,820,471,820,820,700,471,471,820,882,700,471,471,820,820,700,471,471,820,601,700,820,471,820,820,700,820,471,820,820,700,820,471,820,820,700,820,471
n04310018_ILSVRC2012_val_00015943.png,820,820,820,547,820,820,820,820,547,820,820,820,547,547,820,820,820,820,547,547,547,820,820,820,820,547,820,820,820,820,820,820,820,820,820,820,820,820,820,820,820
n04310018_ILSVRC2012_val_00022127.png,820,820,705,565,820,705,820,466,565,705,705,820,466,565,820,705,820,466,547,705,705,820,466,788,705,829,820,820,820,820,820,820,466,547,547,705,820,820,547,820,705
n04310018_ILSVRC2012_val_00031692.png,820,820,820,820,820,820,820,820,581,820,847,820,700,917,652,652,820,820,917,652,586,820,820,917,820,820,820,820,983,820,820,820,820,917,820,820,820,820,820,820,820
n04310018_ILSVRC2012_val_00034023.png,820,820,356,461,913,847,820,360,219,820,471,820,359,794,471,471,820,359,794,471,471,820,356,794,820,621,820,356,643,820,471,820,356,794,820,820,820,847,643,820,471
n04310018_ILSVRC2012_val_00043296.png,820,820,820,565,820,547,820,565,565,565,547,820,547,660,547,547,820,547,565,547,547,820,820,660,820,547,820,847,565,847,847,820,820,820,820,820,820,820,565,820,547
n04310018_ILSVRC2012_val_00048487.png,820,820,820,908,820,536,820,833,908,565,536,820,871,908,536,536,820,820,908,536,536,820,820,908,536,536,820,820,820,820,536,820,820,820,820,975,820,820,820,820,540
n04311004_ILSVRC2012_val_00008493.png,821,821,580,489,580,375,821,821,821,821,839,821,888,839,821,821,821,821,839,839,839,821,821,821,821,821,821,821,718,821,718,821,821,821,821,821,821,821,718,718,821
n04311004_ILSVRC2012_val_00022352.png,821,821,821,839,821,821,821,821,821,821,821,821,839,839,821,821,821,821,821,718,718,821,821,821,821,821,821,821,821,821,821,821,821,821,821,821,821,821,821,821,821
n04311004_ILSVRC2012_val_00029494.png,821,821,821,821,821,821,821,821,821,821,718,821,718,718,718,718,821,821,821,520,449,821,821,821,821,821,821,821,821,821,821,821,821,821,821,821,821,821,821,821,821
n04311004_ILSVRC2012_val_00030347.png,821,821,821,611,821,821,821,821,611,554,554,821,510,611,821,554,821,821,611,554,554,821,821,611,821,554,821,821,611,821,821,821,821,611,821,554,821,821,611,821,554
n04311004_ILSVRC2012_val_00038332.png,821,821,525,525,525,525,821,525,525,525,525,821,525,525,525,525,821,525,525,525,525,821,525,525,525,525,821,821,821,821,525,821,821,821,821,525,821,821,525,821,525
n04311004_ILSVRC2012_val_00042398.png,821,821,821,839,821,839,821,821,821,821,821,821,839,839,821,839,821,821,821,718,718,821,821,821,821,821,821,821,821,821,821,821,821,821,821,821,821,821,821,821,821
n04311174_ILSVRC2012_val_00015014.png,822,822,822,541,541,541,822,822,541,541,541,822,816,541,822,541,822,822,822,853,541,822,822,822,822,822,822,822,822,822,822,822,822,822,822,822,822,822,822,822,822
n04311174_ILSVRC2012_val_00022391.png,822,822,822,876,822,601,822,822,876,822,601,822,876,876,601,601,822,876,876,601,601,822,822,982,822,578,822,822,469,822,601,822,822,822,822,601,822,822,822,822,601
n04311174_ILSVRC2012_val_00025077.png,822,822,541,490,541,541,822,541,542,822,822,822,542,542,822,541,822,822,542,542,541,822,822,541,822,541,822,822,822,822,822,822,822,822,822,822,822,822,822,822,822
n04311174_ILSVRC2012_val_00038101.png,822,822,822,546,822,915,822,822,401,822,915,822,769,769,915,915,822,822,769,915,915,822,822,769,822,822,822,822,822,822,822,822,822,822,822,915,822,822,822,822,822
n04311174_ILSVRC2012_val_00042359.png,822,822,822,955,822,469,822,822,828,822,469,822,910,828,469,469,822,469,828,469,469,822,822,828,469,469,822,822,828,822,469,822,822,822,822,822,822,822,828,822,469
n04311174_ILSVRC2012_val_00043952.png,822,822,564,642,853,853,822,564,642,853,853,822,564,642,853,853,822,822,822,853,853,822,822,822,853,853,822,822,822,853,853,822,822,822,822,853,822,822,822,822,822
n04311174_ILSVRC2012_val_00047486.png,822,822,822,490,822,822,822,822,490,822,822,822,777,490,822,542,822,822,822,523,542,822,822,822,822,822,822,822,822,822,822,822,822,822,822,822,822,822,822,822,822
n04317175_ILSVRC2012_val_00008854.png,823,823,826,633,635,635,823,823,455,635,409,823,826,892,823,892,823,826,826,892,409,823,823,823,823,823,823,823,826,823,409,823,823,823,823,823,823,823,455,823,823
n04317175_ILSVRC2012_val_00016903.png,823,823,635,635,635,635,823,635,635,635,635,823,426,426,426,635,823,635,635,426,635,823,426,426,426,635,823,823,635,635,635,823,635,426,426,635,823,823,426,426,635
n04317175_ILSVRC2012_val_00027147.png,823,823,823,409,422,892,823,823,892,892,892,823,409,409,892,892,823,892,892,892,892,823,823,409,409,892,823,823,823,823,409,823,823,823,823,409,823,823,409,409,892
n04317175_ILSVRC2012_val_00029515.png,823,823,457,515,214,903,823,650,515,214,515,823,118,515,202,451,823,451,515,214,451,823,823,902,214,451,823,451,515,244,451,823,823,394,191,823,823,823,515,214,593
n04317175_ILSVRC2012_val_00031969.png,823,823,697,363,697,697,823,515,735,697,697,823,515,515,697,697,823,452,515,697,697,823,823,451,823,697,823,515,452,697,697,823,615,515,697,697,823,823,515,823,697
n04317175_ILSVRC2012_val_00035835.png,823,823,636,636,882,882,823,748,748,882,882,823,748,636,882,882,823,748,748,882,882,823,748,748,882,882,823,823,636,823,882,823,823,636,882,882,823,823,636,823,882
n04317175_ILSVRC2012_val_00040387.png,823,823,823,424,823,456,823,424,424,420,456,823,124,424,823,456,823,823,424,934,456,823,823,424,823,456,823,823,424,934,691,823,823,823,823,456,823,823,424,823,456
n04317175_ILSVRC2012_val_00041111.png,823,823,891,891,827,503,823,891,891,503,503,823,464,606,606,503,823,464,828,503,503,823,606,606,587,503,823,891,827,469,505,823,521,891,589,503,823,891,606,589,503
n04317175_ILSVRC2012_val_00045154.png,823,823,823,635,635,635,823,409,426,892,635,823,409,426,409,409,823,409,426,409,409,823,823,426,635,635,823,823,823,823,635,823,823,426,823,426,823,823,823,823,823
n04317175_ILSVRC2012_val_00045381.png,823,823,823,541,823,542,823,823,420,823,542,823,541,541,541,541,823,823,541,541,541,823,541,541,541,541,823,823,541,551,541,823,823,541,541,541,823,823,541,541,541
n04317175_ILSVRC2012_val_00048094.png,823,823,451,451,456,456,823,451,451,451,456,823,451,451,823,456,823,451,451,644,456,823,823,451,823,456,823,451,451,451,451,823,451,451,823,451,823,823,451,823,823
n04325704_ILSVRC2012_val_00044506.png,824,816,816,816,816,816,824,816,816,816,816,824,816,816,816,911,824,824,816,816,911,824,824,911,824,911,824,658,816,816,816,824,824,816,816,816,824,824,824,824,824
n04326547_ILSVRC2012_val_00000171.png,825,825,825,750,825,750,825,825,750,825,750,825,79,750,825,750,825,825,750,879,750,825,825,750,750,750,825,825,750,825,750,825,825,750,825,750,825,825,750,825,750
n04326547_ILSVRC2012_val_00001505.png,825,458,458,847,471,847,825,703,847,471,847,825,847,847,471,652,825,847,847,471,847,825,695,847,471,847,825,825,847,471,847,825,825,847,471,847,825,825,847,471,847
n04326547_ILSVRC2012_val_00003336.png,825,825,825,214,825,728,825,239,214,825,728,825,214,214,20,728,825,214,214,20,728,825,825,214,996,728,825,979,825,979,728,825,825,825,979,728,825,825,825,825,728
n04326547_ILSVRC2012_val_00008677.png,825,825,104,649,825,649,825,297,649,825,649,825,374,649,825,649,825,825,649,649,649,825,825,649,825,649,825,825,825,649,649,825,825,649,825,649,825,825,825,825,649
n04326547_ILSVRC2012_val_00010698.png,825,825,825,825,825,483,825,825,825,825,825,825,984,611,825,825,825,825,825,972,979,825,825,825,825,825,825,825,825,825,825,825,825,825,825,825,825,825,825,825,825
n04326547_ILSVRC2012_val_00017665.png,825,825,972,972,972,972,825,972,972,972,972,825,972,972,825,972,825,972,972,972,972,825,972,972,825,972,825,972,972,972,972,825,972,972,972,972,825,972,972,825,972
n04326547_ILSVRC2012_val_00036929.png,825,825,825,28,825,858,825,825,390,858,858,825,28,28,858,858,825,825,28,858,858,825,825,825,858,858,825,825,858,858,858,825,825,825,825,825,825,825,825,825,825
n04326547_ILSVRC2012_val_00043588.png,825,825,51,51,51,488,825,51,125,109,488,825,51,51,109,488,825,51,51,109,488,825,51,51,109,488,825,488,51,109,488,825,825,996,109,488,825,825,467,109,488
n04328186_ILSVRC2012_val_00005281.png,826,826,826,826,826,826,826,826,826,826,826,826,892,892,826,826,826,826,826,338,409,826,826,826,826,826,826,826,826,826,826,826,826,826,826,826,826,826,826,826,826
n04328186_ILSVRC2012_val_00024579.png,826,826,426,426,826,488,826,826,826,826,826,826,426,892,826,826,826,826,826,488,488,826,426,892,826,409,826,826,409,826,826,826,826,892,826,826,826,826,409,826,826
n04330267_ILSVRC2012_val_00008423.png,827,827,827,651,492,766,827,651,651,651,651,827,651,651,651,651,827,651,651,651,651,827,651,651,827,651,827,827,651,827,651,827,827,827,827,827,827,827,651,827,651
n04330267_ILSVRC2012_val_00030581.png,827,827,827,544,827,909,827,827,544,827,567,827,567,567,567,567,827,827,827,567,567,827,827,567,567,567,827,827,827,827,909,827,827,827,909,909,827,827,827,827,909
n04330267_ILSVRC2012_val_00048543.png,827,827,556,904,556,556,827,556,556,556,556,827,556,904,556,556,827,556,556,556,556,827,556,556,556,556,827,556,904,556,556,827,556,556,556,556,827,556,556,556,556
n04332243_ILSVRC2012_val_00035739.png,828,828,828,828,828,828,828,828,828,828,828,828,773,618,828,828,828,828,828,550,550,828,828,828,828,828,828,828,828,828,828,828,828,828,828,828,828,828,828,828,828
n04335435_ILSVRC2012_val_00003582.png,829,829,829,705,829,829,829,829,547,829,829,829,820,547,829,874,829,829,705,705,874,829,829,547,829,829,829,829,547,829,874,829,829,829,829,874,829,829,829,829,829
n04335435_ILSVRC2012_val_00004778.png,829,829,829,829,829,829,829,829,829,829,829,829,705,770,829,829,829,829,829,466,466,829,829,829,829,829,829,829,829,829,829,829,829,829,829,829,829,829,829,829,829
n04335435_ILSVRC2012_val_00027691.png,829,829,547,705,705,705,829,547,705,705,705,829,820,705,705,705,829,705,705,705,705,829,829,705,705,705,829,829,829,829,829,829,829,547,829,705,829,829,829,829,829
n04335435_ILSVRC2012_val_00028630.png,829,829,829,829,829,829,829,829,829,829,829,829,705,705,829,829,829,829,829,705,705,829,829,829,829,829,829,829,829,829,829,829,829,829,829,829,829,829,829,829,829
n04335435_ILSVRC2012_val_00043000.png,829,829,829,829,829,829,829,829,829,829,829,829,874,874,874,874,829,829,829,874,874,829,829,829,829,874,829,829,829,829,874,829,829,874,829,874,829,829,829,829,829
n04335435_ILSVRC2012_val_00048404.png,829,829,829,829,829,874,829,829,829,829,874,829,734,734,874,874,829,874,874,874,874,829,829,829,829,874,829,829,829,829,874,829,829,829,829,874,829,829,829,829,874
n04336792_ILSVRC2012_val_00013568.png,830,830,830,652,830,830,830,830,830,830,703,830,652,652,830,830,830,830,830,594,703,830,830,652,830,428,830,830,652,830,830,830,830,830,830,830,830,830,830,830,830
n04336792_ILSVRC2012_val_00042958.png,830,830,830,555,830,555,830,830,555,555,555,830,555,555,830,555,830,555,555,555,555,830,830,555,830,555,830,830,830,830,830,830,830,830,830,830,830,830,555,830,555
n04336792_ILSVRC2012_val_00047188.png,830,830,830,621,665,665,830,573,573,870,670,830,870,621,830,670,830,830,573,670,670,830,830,830,830,670,830,830,621,830,665,830,830,830,830,830,830,830,621,830,830
n04344873_ILSVRC2012_val_00015043.png,831,831,721,721,492,627,831,721,721,831,627,831,721,721,831,627,831,721,721,627,627,831,750,750,831,750,831,831,748,831,831,831,831,750,831,831,831,831,721,831,831
n04344873_ILSVRC2012_val_00019069.png,831,831,884,759,831,851,831,532,632,532,651,831,846,632,598,485,831,831,632,905,485,831,831,754,905,831,831,831,598,905,532,831,831,632,831,831,831,831,632,831,598
n04344873_ILSVRC2012_val_00037076.png,831,831,750,750,611,750,831,750,750,750,750,831,284,750,918,750,831,750,750,918,750,831,831,750,831,750,831,598,750,750,918,831,831,750,918,750,831,669,750,750,750
n04346328_ILSVRC2012_val_00014341.png,832,832,832,698,832,698,832,832,698,832,698,832,698,698,698,698,832,832,698,698,698,832,832,832,832,698,832,832,832,832,698,832,832,832,832,698,832,832,832,832,832
n04346328_ILSVRC2012_val_00021027.png,832,832,832,832,832,832,832,832,832,832,668,832,698,698,832,663,832,832,698,860,663,832,832,698,832,663,832,832,832,832,832,832,832,698,832,832,832,832,832,832,663
n04346328_ILSVRC2012_val_00022217.png,832,832,420,619,668,727,832,881,619,498,498,832,868,619,708,900,832,893,619,759,900,832,832,619,832,900,832,868,619,437,437,832,832,832,832,832,832,868,619,832,900
n04346328_ILSVRC2012_val_00024094.png,832,832,832,832,832,832,832,832,832,832,832,832,497,497,832,832,832,832,497,862,708,832,832,832,832,832,832,832,832,832,832,832,832,832,832,832,832,832,832,832,832
n04346328_ILSVRC2012_val_00032142.png,832,832,483,497,483,497,832,832,497,497,497,832,497,497,832,497,832,832,497,497,497,832,832,832,832,497,832,832,832,832,832,832,832,832,832,832,832,832,832,832,832
n04346328_ILSVRC2012_val_00042051.png,832,832,832,832,832,668,832,832,406,406,406,832,497,406,832,698,832,832,832,406,698,832,832,832,832,832,832,832,832,832,832,832,832,832,832,832,832,832,832,832,832
n04346328_ILSVRC2012_val_00045605.png,832,832,832,832,832,832,832,832,832,832,832,832,494,494,494,832,832,832,832,494,442,832,832,832,832,832,832,832,832,832,832,832,832,832,832,832,832,832,832,832,832
n04347754_ILSVRC2012_val_00004204.png,833,833,833,611,833,913,833,554,669,724,408,833,562,591,833,408,833,833,750,484,609,833,833,794,833,408,833,833,498,408,609,833,833,669,833,609,833,833,669,833,609
n04347754_ILSVRC2012_val_00024698.png,833,536,536,536,536,536,833,536,536,525,536,833,536,536,536,536,833,536,536,536,536,833,833,536,833,536,833,833,536,536,536,833,833,833,833,833,833,833,536,833,536
n04347754_ILSVRC2012_val_00033895.png,833,833,833,833,540,540,833,758,758,554,540,833,758,758,554,540,833,833,758,554,540,833,833,833,833,540,833,833,833,833,540,833,833,833,833,540,833,833,833,833,540
n04347754_ILSVRC2012_val_00044250.png,833,833,608,611,727,812,833,669,611,727,812,833,501,611,727,812,833,501,611,727,812,833,833,611,727,812,833,833,611,727,812,833,833,611,727,908,833,833,611,727,833
n04350905_ILSVRC2012_val_00000583.png,834,834,834,834,982,982,834,834,457,982,982,834,451,906,982,982,834,834,834,982,982,834,834,834,834,982,834,834,834,834,834,834,834,834,834,834,834,451,834,834,834
n04350905_ILSVRC2012_val_00008591.png,834,834,700,641,682,682,834,700,808,406,682,834,700,429,682,682,834,700,747,682,682,834,700,743,682,682,834,700,769,682,682,834,700,731,682,682,834,834,430,682,682
n04355338_ILSVRC2012_val_00026523.png,835,835,835,999,835,892,835,892,700,892,892,835,892,700,892,892,835,892,700,892,892,835,835,700,835,892,835,835,700,835,892,835,835,999,835,835,835,835,835,835,835
n04355338_ILSVRC2012_val_00026905.png,835,835,835,706,835,706,835,835,706,835,706,835,423,706,835,706,835,835,706,428,706,835,835,835,835,835,835,835,706,835,835,835,835,835,835,835,835,835,835,835,835
n04355338_ILSVRC2012_val_00039180.png,835,835,835,406,835,406,835,835,406,835,863,835,787,490,863,863,835,835,787,863,863,835,835,892,863,863,835,835,835,863,863,835,835,835,863,863,835,835,835,835,835
n04357314_ILSVRC2012_val_00021692.png,838,838,692,692,692,692,838,838,434,434,434,838,709,709,838,838,838,838,838,721,700,838,838,434,838,838,838,838,838,838,838,838,838,838,838,838,838,838,838,838,838
n04366367_ILSVRC2012_val_00005497.png,839,839,839,65,65,306,839,43,65,839,300,839,47,65,839,300,839,839,65,319,300,839,839,65,839,41,839,42,65,65,65,839,43,65,839,24,839,839,65,839,839
n04367480_ILSVRC2012_val_00006639.png,840,840,840,749,840,840,840,840,840,840,669,840,462,749,840,669,840,840,749,669,669,840,840,840,840,840,840,840,840,840,669,840,840,840,840,669,840,840,840,840,669
n04367480_ILSVRC2012_val_00008621.png,840,840,840,840,84,84,840,840,840,84,84,840,451,772,840,84,840,451,772,84,84,840,451,591,84,84,840,523,700,568,700,840,840,840,840,840,840,840,556,840,840
n04367480_ILSVRC2012_val_00008925.png,840,840,840,539,840,458,840,840,658,840,840,840,658,658,840,840,840,840,533,416,416,840,840,840,840,840,840,840,840,840,840,840,840,840,840,840,840,840,840,840,840
n04367480_ILSVRC2012_val_00032459.png,840,840,699,496,462,699,840,699,750,699,462,840,735,750,462,462,840,735,750,462,462,840,840,840,462,462,840,735,750,840,462,840,699,840,840,462,840,840,750,840,462
n04367480_ILSVRC2012_val_00038844.png,840,840,840,845,840,435,840,435,731,435,435,840,435,731,898,435,840,435,731,435,435,840,840,840,840,840,840,840,840,840,840,840,840,840,840,840,840,784,462,840,784
n04367480_ILSVRC2012_val_00039395.png,840,840,840,840,840,462,840,816,489,462,462,840,52,616,840,462,840,840,840,462,462,840,840,840,840,840,840,840,840,840,840,840,840,840,840,840,840,840,840,840,840
n04370456_ILSVRC2012_val_00043882.png,841,841,474,474,474,735,841,474,474,474,474,841,474,474,474,474,841,474,474,474,474,841,841,474,841,911,841,841,474,911,911,841,841,474,841,474,841,841,474,841,841
n04371430_ILSVRC2012_val_00001006.png,842,842,842,474,842,752,842,842,491,842,752,842,420,769,845,752,842,422,769,845,722,842,433,433,433,752,842,422,474,702,752,842,842,474,842,752,842,842,842,842,752
n04371774_ILSVRC2012_val_00003633.png,843,843,843,778,843,456,843,843,778,843,456,843,778,778,456,456,843,843,778,456,456,843,843,778,843,456,843,843,843,843,843,843,843,778,843,456,843,843,843,843,456
n04371774_ILSVRC2012_val_00005014.png,843,843,843,843,843,843,843,843,843,843,872,843,632,506,843,843,843,843,843,872,872,843,843,843,843,843,843,843,843,843,843,843,843,843,843,843,843,843,843,843,843
n04371774_ILSVRC2012_val_00008853.png,843,843,843,474,602,602,843,491,655,843,843,843,652,879,843,602,843,843,515,602,602,843,843,735,843,843,843,843,655,843,843,843,843,843,843,843,843,843,655,843,843
n04371774_ILSVRC2012_val_00009706.png,843,843,843,843,843,843,843,843,843,843,870,843,870,870,843,573,843,843,843,870,573,843,843,843,843,843,843,843,843,843,843,843,843,843,843,843,843,843,843,843,573
n04371774_ILSVRC2012_val_00012091.png,843,843,594,585,843,568,843,594,487,594,568,843,707,487,585,568,843,580,487,737,568,843,843,487,680,568,843,902,487,902,356,843,843,903,843,568,843,843,487,843,568
n04371774_ILSVRC2012_val_00020264.png,843,843,843,843,843,843,843,843,776,843,683,843,61,776,843,683,843,843,843,683,683,843,843,843,843,432,843,843,843,843,683,843,843,843,843,843,843,683,683,683,683
n04371774_ILSVRC2012_val_00044844.png,843,843,843,843,843,843,843,843,843,843,577,843,488,488,843,577,843,843,843,469,577,843,843,843,843,843,843,843,843,843,843,843,843,843,843,843,843,843,843,843,843
n04372370_ILSVRC2012_val_00000053.png,844,844,844,721,530,771,844,844,893,771,771,844,419,419,771,771,844,419,419,771,771,844,419,419,771,771,844,844,893,771,771,844,844,748,771,771,844,844,419,844,771
n04372370_ILSVRC2012_val_00010882.png,844,844,844,674,844,507,844,844,398,507,507,844,528,398,507,507,844,528,398,507,507,844,844,398,507,507,844,844,674,507,507,844,844,398,507,507,844,844,398,507,507
n04372370_ILSVRC2012_val_00025073.png,844,844,844,844,844,844,844,844,844,844,530,844,480,480,478,530,844,480,844,478,530,844,844,637,844,859,844,707,844,478,530,844,844,844,844,530,844,844,844,844,530
n04372370_ILSVRC2012_val_00026447.png,844,844,619,619,844,619,844,619,619,619,619,844,619,619,619,619,844,619,619,619,619,844,619,619,844,619,844,619,619,844,619,844,844,794,844,619,844,619,464,844,619
n04372370_ILSVRC2012_val_00027671.png,844,844,844,721,507,507,844,737,721,844,737,844,898,721,507,507,844,844,636,507,507,844,844,750,844,844,844,844,721,844,507,844,844,750,844,844,844,844,844,844,844
n04372370_ILSVRC2012_val_00046354.png,844,844,999,999,999,999,844,999,999,999,999,844,606,999,999,999,844,606,999,700,700,844,589,999,999,999,844,710,999,999,999,844,844,999,999,999,844,844,844,844,844
n04372370_ILSVRC2012_val_00046939.png,844,844,844,721,458,708,844,844,887,884,682,844,682,721,884,682,844,682,750,884,682,844,637,750,884,708,844,844,434,434,458,844,844,750,884,884,844,844,750,844,682
n04376876_ILSVRC2012_val_00028109.png,845,845,845,785,845,845,845,845,845,845,845,845,784,784,845,784,845,784,784,784,784,845,845,784,784,563,845,845,845,845,845,845,845,784,845,845,845,845,845,845,845
n04376876_ILSVRC2012_val_00037562.png,845,845,845,845,845,845,845,845,845,845,845,845,691,691,845,845,845,845,845,103,902,845,845,845,845,623,845,845,845,845,845,845,845,845,845,845,845,845,845,845,845
n04376876_ILSVRC2012_val_00046671.png,845,845,691,816,691,691,845,691,691,691,691,845,691,971,691,691,845,691,845,691,691,845,845,845,691,691,845,691,845,691,691,845,845,845,845,691,845,845,845,691,691
n04380533_ILSVRC2012_val_00006229.png,846,846,846,619,619,619,846,846,619,619,619,846,619,619,619,619,846,619,619,619,619,846,846,619,846,619,846,846,846,846,619,846,846,846,846,619,846,846,846,846,846
n04380533_ILSVRC2012_val_00026919.png,846,846,846,619,619,619,846,846,846,846,846,846,669,669,846,846,846,846,846,619,619,846,846,619,846,619,846,846,846,846,846,846,846,846,846,846,846,846,846,846,846
n04389033_ILSVRC2012_val_00002162.png,847,847,847,847,847,408,847,847,847,847,408,847,408,408,408,408,847,408,408,408,408,847,847,847,847,408,847,847,847,847,847,847,847,847,847,847,847,847,847,847,847
n04389033_ILSVRC2012_val_00037887.png,847,847,847,744,847,847,847,847,744,847,847,847,657,657,471,471,847,847,744,471,471,847,847,847,847,847,847,847,847,847,471,847,847,744,847,847,847,847,847,847,847
n04389033_ILSVRC2012_val_00038383.png,847,847,847,847,847,346,847,847,586,847,346,847,586,586,730,345,847,586,586,730,345,847,586,847,847,345,847,847,847,847,345,847,847,847,847,847,847,847,847,847,346
n04389033_ILSVRC2012_val_00046630.png,847,847,586,569,820,595,847,586,586,595,595,847,661,864,595,595,847,408,864,595,595,847,864,561,595,595,847,847,847,847,847,847,847,847,847,847,847,847,847,847,595
n04389033_ILSVRC2012_val_00049454.png,847,847,847,847,847,586,847,847,847,586,586,847,471,471,847,586,847,847,847,586,586,847,847,847,847,586,847,847,847,847,586,847,847,847,847,847,847,847,847,847,586
n04398044_ILSVRC2012_val_00018783.png,849,849,849,464,849,849,849,849,679,600,901,849,512,902,849,901,849,849,902,700,901,849,849,528,700,901,849,695,902,700,901,849,849,849,849,849,849,849,902,700,901
n04398044_ILSVRC2012_val_00020903.png,849,849,849,616,849,849,849,849,849,849,641,849,488,902,849,902,849,902,902,902,902,849,849,849,849,849,849,902,902,684,902,849,849,849,849,902,849,849,849,849,902
n04398044_ILSVRC2012_val_00043720.png,849,849,849,901,849,901,849,849,901,725,901,849,901,969,849,901,849,901,901,969,901,849,849,849,849,901,849,849,849,849,849,849,849,849,849,849,849,849,849,849,849
n04398044_ILSVRC2012_val_00048377.png,849,849,849,849,849,849,849,849,849,849,849,849,505,505,849,849,849,849,849,505,505,849,849,849,849,505,849,849,849,849,849,849,849,849,849,849,849,849,849,849,849
n04398044_ILSVRC2012_val_00049424.png,849,849,883,883,883,883,849,883,883,883,883,849,883,883,883,883,849,883,725,883,883,849,725,849,883,883,849,849,899,883,849,849,849,849,849,849,849,849,849,849,849
n04399382_ILSVRC2012_val_00005571.png,850,850,850,865,850,588,850,850,865,850,588,850,588,865,850,588,850,850,865,588,588,850,850,865,850,850,850,850,850,850,588,850,850,850,850,588,850,850,850,850,588
n04399382_ILSVRC2012_val_00007298.png,850,850,850,719,850,719,850,850,719,773,773,850,674,719,850,773,850,850,719,773,773,850,850,719,850,719,850,850,719,850,850,850,850,719,850,850,850,850,719,850,850
n04399382_ILSVRC2012_val_00007439.png,850,850,928,928,266,266,850,928,928,266,266,850,928,928,266,266,850,928,928,266,266,850,928,928,265,265,850,928,928,266,265,850,850,928,265,266,850,961,928,265,850
n04399382_ILSVRC2012_val_00012784.png,850,850,850,850,850,201,850,850,850,850,865,850,250,865,865,865,850,850,865,865,865,850,865,865,865,865,850,850,850,850,865,850,850,850,850,865,850,850,850,850,865
n04399382_ILSVRC2012_val_00044173.png,850,850,721,721,721,697,850,721,721,850,434,850,721,721,529,434,850,721,721,748,434,850,721,721,514,434,850,721,721,721,434,850,721,721,496,434,850,721,721,496,434
n04404412_ILSVRC2012_val_00013324.png,851,851,703,416,703,596,851,416,416,851,681,851,416,416,474,620,851,416,851,620,620,851,851,416,782,782,851,851,851,851,410,851,851,514,851,851,851,851,851,851,851
n04404412_ILSVRC2012_val_00015287.png,851,851,851,688,556,664,851,664,688,851,782,851,688,688,782,664,851,782,688,620,527,851,664,688,664,664,851,688,688,851,851,851,688,688,851,851,851,688,688,688,664
n04404412_ILSVRC2012_val_00023763.png,851,559,532,765,532,532,851,765,765,532,532,851,765,765,851,851,851,532,532,846,846,851,532,532,851,846,851,851,532,851,851,851,765,765,851,851,851,851,532,851,851
n04404412_ILSVRC2012_val_00024928.png,851,851,583,613,556,742,851,811,664,556,742,851,688,688,556,713,851,688,688,556,742,851,782,782,556,713,851,766,771,556,742,851,782,664,556,713,851,556,688,556,713
n04404412_ILSVRC2012_val_00036477.png,851,851,748,868,748,851,851,893,893,851,782,851,893,688,851,782,851,851,688,859,782,851,851,688,851,782,851,851,688,851,782,851,851,851,851,851,851,851,688,851,782
n04404412_ILSVRC2012_val_00039099.png,851,851,851,556,851,851,851,548,548,548,548,851,495,495,548,548,851,495,495,495,548,851,851,851,851,851,851,851,556,851,851,851,851,851,851,851,851,851,851,548,548
n04409515_ILSVRC2012_val_00012659.png,852,852,852,904,852,852,852,852,852,852,852,852,769,904,852,647,852,852,852,8,647,852,852,852,852,852,852,852,852,852,852,852,852,852,852,852,852,852,852,852,852
n04409515_ILSVRC2012_val_00014503.png,852,852,852,455,852,455,852,455,455,455,455,852,714,714,852,455,852,852,714,714,455,852,852,852,852,455,852,852,852,852,852,852,852,852,852,455,852,852,852,852,852
n04409515_ILSVRC2012_val_00027391.png,852,852,850,951,852,109,852,852,109,852,109,852,850,114,852,118,852,850,114,769,118,852,850,852,852,126,852,850,113,852,429,852,852,852,852,118,852,852,852,852,852
n04409515_ILSVRC2012_val_00034028.png,852,852,852,417,852,722,852,852,768,619,722,852,736,430,852,852,852,852,768,719,722,852,852,852,852,852,852,852,852,852,852,852,852,852,852,852,852,852,852,852,852
n04409515_ILSVRC2012_val_00035188.png,852,852,852,911,852,911,852,852,455,852,911,852,88,455,852,911,852,911,455,14,911,852,852,852,852,852,852,852,852,852,911,852,852,852,852,911,852,852,852,852,911
n04409515_ILSVRC2012_val_00046228.png,852,852,852,798,852,798,852,852,798,646,769,852,890,798,798,769,852,890,798,798,769,852,852,798,852,769,852,852,798,852,769,852,852,798,852,852,852,852,798,852,769
n04417672_ILSVRC2012_val_00003312.png,853,853,853,344,337,462,853,853,5,360,462,853,885,6,853,462,853,853,6,360,462,853,853,5,853,462,853,853,5,853,462,853,853,980,853,853,853,853,853,853,462
n04417672_ILSVRC2012_val_00007791.png,853,853,853,853,853,853,853,853,853,853,853,853,858,858,858,858,853,858,858,73,858,853,858,858,858,858,853,853,853,853,853,853,853,853,853,853,853,853,853,853,853
n04417672_ILSVRC2012_val_00025280.png,853,853,853,611,853,858,853,853,611,853,858,853,611,611,858,858,853,853,611,858,858,853,853,611,853,858,853,853,611,853,853,853,853,611,853,858,853,853,611,853,853
n04417672_ILSVRC2012_val_00038401.png,853,853,853,721,853,216,853,6,721,343,112,853,647,748,735,112,853,853,636,474,112,853,853,636,824,112,853,853,748,853,112,853,853,636,853,112,853,853,748,853,112
n04418357_ILSVRC2012_val_00013044.png,854,854,854,854,854,854,854,854,854,854,854,854,885,885,854,854,854,854,885,498,498,854,854,854,854,854,854,854,854,854,854,854,854,854,854,854,854,854,854,854,854
n04418357_ILSVRC2012_val_00014690.png,854,854,857,857,406,406,854,406,498,406,406,854,498,498,406,406,854,498,498,406,406,854,498,498,406,406,854,406,498,406,406,854,854,406,406,406,854,854,556,406,857
n04418357_ILSVRC2012_val_00017202.png,854,854,854,854,854,854,854,854,556,854,619,854,556,556,619,619,854,854,854,619,619,854,854,556,854,556,854,854,854,854,619,854,854,854,854,854,854,854,556,556,619
n04418357_ILSVRC2012_val_00024485.png,854,854,854,854,854,797,854,854,854,650,797,854,846,650,854,797,854,619,619,650,797,854,854,854,854,797,854,854,854,854,797,854,854,854,854,797,854,854,854,854,797
n04418357_ILSVRC2012_val_00032170.png,854,854,854,425,854,854,854,854,854,854,854,854,920,877,854,854,854,854,854,470,401,854,854,854,854,854,854,854,854,854,854,854,854,854,854,854,854,854,854,854,854
n04418357_ILSVRC2012_val_00049398.png,854,854,854,854,469,873,854,854,794,469,406,854,794,794,876,832,854,794,794,469,832,854,854,794,854,832,854,854,794,854,854,854,854,794,469,708,854,854,794,854,854
n04423845_ILSVRC2012_val_00027942.png,855,650,650,650,855,855,855,650,650,507,855,855,650,650,855,855,855,650,650,488,488,855,855,650,855,855,855,855,650,488,488,855,855,855,855,855,855,855,855,855,855
n04423845_ILSVRC2012_val_00046874.png,855,855,855,855,855,855,855,855,855,855,855,855,650,650,855,650,855,855,650,650,650,855,855,855,855,855,855,855,855,855,855,855,855,855,855,855,855,855,855,855,855
n04428191_ILSVRC2012_val_00003800.png,856,856,856,514,603,603,856,856,514,603,603,856,603,514,690,603,856,603,690,690,603,856,856,690,856,603,856,856,690,856,603,856,856,856,856,856,856,856,856,856,603
n04428191_ILSVRC2012_val_00004155.png,856,856,690,690,856,690,856,690,690,603,603,856,690,690,856,603,856,690,690,258,248,856,856,690,856,248,856,856,856,856,345,856,856,690,856,856,856,856,856,856,856
n04428191_ILSVRC2012_val_00029312.png,856,856,595,595,595,595,856,856,595,595,595,856,595,595,595,595,856,856,595,595,595,856,856,595,856,856,856,856,856,856,856,856,856,856,856,856,856,856,856,856,856
n04429376_ILSVRC2012_val_00007693.png,857,857,857,857,857,857,857,857,857,857,765,857,882,882,857,765,857,857,765,688,765,857,857,857,857,765,857,857,857,857,765,857,857,857,857,765,857,857,857,857,857
n04429376_ILSVRC2012_val_00019420.png,857,857,857,857,857,857,857,857,778,857,765,857,778,778,857,857,857,857,778,765,765,857,857,857,857,857,857,857,857,857,765,857,857,857,857,857,857,857,857,857,857
n04429376_ILSVRC2012_val_00019790.png,857,857,406,406,857,406,857,857,406,406,406,857,406,406,406,406,857,406,406,406,406,857,857,406,857,406,857,406,406,406,406,857,857,857,857,406,857,857,406,857,406
n04429376_ILSVRC2012_val_00023378.png,857,857,857,857,857,564,857,406,406,564,564,857,910,971,564,564,857,857,971,564,564,857,857,857,857,564,857,857,857,857,564,857,857,857,564,564,857,857,857,857,857
n04429376_ILSVRC2012_val_00042822.png,857,857,857,887,857,887,857,887,887,643,887,857,887,887,857,887,857,887,887,770,887,857,857,887,857,887,857,887,887,857,887,857,857,857,857,887,857,857,857,857,857
n04429376_ILSVRC2012_val_00048901.png,857,857,857,791,857,881,857,674,791,857,881,857,791,791,857,881,857,791,791,579,579,857,857,791,857,579,857,857,791,857,579,857,857,791,857,579,857,765,791,579,579
n04435653_ILSVRC2012_val_00000567.png,858,858,858,858,858,858,858,858,774,774,774,858,770,774,858,770,858,770,774,774,774,858,858,858,858,770,858,858,858,858,858,858,858,858,858,774,858,858,858,858,774
n04435653_ILSVRC2012_val_00018247.png,858,858,858,858,858,858,858,858,858,858,858,858,684,481,858,858,858,858,858,640,640,858,858,858,858,858,858,858,858,858,858,858,858,858,858,858,858,858,858,858,858
n04435653_ILSVRC2012_val_00039351.png,858,858,858,858,858,858,858,858,858,858,858,858,870,703,858,858,858,858,858,539,703,858,858,858,858,858,858,858,858,858,858,858,858,858,858,858,858,858,858,858,858
n04435653_ILSVRC2012_val_00044956.png,858,858,858,858,858,858,858,858,858,858,825,858,621,559,858,858,858,858,858,704,877,858,858,858,858,858,858,858,858,858,858,858,858,858,858,858,858,858,858,858,858
n04435653_ILSVRC2012_val_00049870.png,858,858,858,634,858,472,858,858,634,858,472,858,634,634,858,472,858,634,634,472,472,858,858,634,858,472,858,858,858,858,749,858,858,858,549,858,858,858,634,858,858
n04442312_ILSVRC2012_val_00010199.png,859,859,709,709,709,748,859,709,709,709,709,859,709,709,859,859,859,859,709,709,719,859,859,859,859,859,859,859,859,859,859,859,859,859,859,859,859,859,859,859,859
n04442312_ILSVRC2012_val_00013560.png,859,859,859,710,859,710,859,710,710,710,710,859,710,710,859,859,859,859,859,710,710,859,859,859,859,859,859,710,859,859,859,859,859,859,859,859,859,859,859,859,859
n04442312_ILSVRC2012_val_00029661.png,859,859,412,859,606,742,859,859,742,859,859,859,713,742,859,859,859,859,859,606,742,859,859,859,859,859,859,859,859,859,859,859,859,859,859,859,859,859,859,859,859
n04443257_ILSVRC2012_val_00043330.png,860,860,454,454,454,454,860,860,860,860,454,860,624,624,454,454,860,624,624,454,454,860,860,454,860,454,860,860,860,860,454,860,860,860,454,454,860,860,860,860,454
n04447861_ILSVRC2012_val_00033168.png,861,861,485,759,999,804,861,778,748,999,804,861,759,759,999,804,861,759,759,700,804,861,861,861,700,861,861,804,759,700,804,861,759,507,999,861,861,861,635,861,861
n04447861_ILSVRC2012_val_00037132.png,861,861,816,816,816,816,861,816,816,816,816,861,816,816,816,816,861,816,816,816,816,861,816,816,816,816,861,816,816,816,816,861,861,816,910,816,861,816,816,816,816
n04447861_ILSVRC2012_val_00038921.png,861,861,632,745,999,688,861,481,732,999,481,861,745,745,999,848,861,481,759,700,481,861,745,745,861,848,861,897,848,861,848,861,897,897,861,481,861,861,897,861,897
n04456115_ILSVRC2012_val_00003347.png,862,862,862,862,862,626,862,644,644,954,644,862,644,644,644,644,862,644,644,644,644,862,862,644,862,644,862,862,644,862,644,862,862,862,862,644,862,644,644,644,644
n04456115_ILSVRC2012_val_00013914.png,862,862,862,862,862,467,862,476,406,406,467,862,476,864,862,467,862,476,864,406,467,862,862,862,470,467,862,862,862,470,862,862,862,862,862,862,862,862,862,862,467
n04456115_ILSVRC2012_val_00015178.png,862,862,862,862,862,556,862,812,812,827,556,862,812,812,556,556,862,862,862,556,556,862,862,812,862,556,862,862,862,862,556,862,862,556,556,556,862,862,862,556,556
n04456115_ILSVRC2012_val_00016035.png,862,862,862,862,862,862,862,432,432,819,819,862,432,432,862,819,862,862,432,819,819,862,862,862,862,862,862,862,432,862,432,862,862,432,862,862,862,862,862,862,862
n04456115_ILSVRC2012_val_00018088.png,862,862,980,980,51,903,862,980,980,354,459,862,980,980,862,459,862,980,980,209,459,862,862,980,862,591,862,862,980,209,862,862,862,980,51,862,862,980,980,862,862
n04456115_ILSVRC2012_val_00026429.png,862,862,406,406,406,406,862,406,470,406,406,862,470,470,470,470,862,470,470,470,470,862,470,470,470,470,862,470,406,470,406,862,862,470,862,470,862,862,470,470,470
n04456115_ILSVRC2012_val_00035180.png,862,862,1,611,556,556,862,552,611,556,556,862,1,611,556,556,862,1,611,556,556,862,862,611,862,556,862,107,611,556,556,862,862,611,556,556,862,862,611,556,556
n04456115_ILSVRC2012_val_00049922.png,862,862,862,819,980,980,862,862,819,980,980,862,889,819,862,980,862,862,819,980,980,862,862,862,980,980,862,107,862,980,980,862,862,862,980,980,862,862,862,980,980
n04458633_ILSVRC2012_val_00001021.png,863,863,863,863,863,863,863,863,517,863,540,863,758,718,863,863,863,863,863,748,540,863,863,863,863,540,863,863,863,863,863,863,863,863,863,863,863,863,863,863,863
n04458633_ILSVRC2012_val_00008759.png,863,863,863,777,863,863,863,863,514,863,863,863,616,514,863,863,863,863,514,733,733,863,863,863,863,863,863,863,863,863,863,863,863,863,863,863,863,863,863,863,863
n04458633_ILSVRC2012_val_00016327.png,863,863,795,795,863,863,863,863,863,863,863,863,795,795,418,418,863,418,795,418,418,863,863,795,863,418,863,863,795,418,418,863,863,795,863,418,863,863,795,418,418
n04458633_ILSVRC2012_val_00020813.png,863,863,863,863,863,863,863,863,863,863,863,863,595,491,863,863,863,863,863,920,920,863,863,863,863,863,863,863,863,863,863,863,863,863,863,863,863,863,863,863,863
n04458633_ILSVRC2012_val_00021103.png,863,863,863,733,863,863,863,863,863,863,733,863,840,733,863,863,863,863,863,733,733,863,863,863,863,863,863,863,863,863,733,863,863,863,863,863,863,863,863,863,863
n04458633_ILSVRC2012_val_00033637.png,863,863,863,863,863,863,863,863,863,863,863,863,919,781,863,863,863,863,863,733,733,863,863,863,863,863,863,863,863,863,863,863,863,863,863,863,863,863,863,863,863
n04458633_ILSVRC2012_val_00035432.png,863,863,863,657,863,863,863,863,540,863,696,863,441,657,863,863,863,863,657,871,733,863,863,657,863,863,863,863,403,863,863,863,863,863,863,863,863,863,863,863,863
n04458633_ILSVRC2012_val_00036920.png,863,863,708,708,863,708,863,863,708,847,847,863,708,708,565,847,863,708,708,856,847,863,863,708,863,847,863,708,708,524,847,863,863,708,863,863,863,708,708,708,708
n04458633_ILSVRC2012_val_00038772.png,863,863,863,863,863,863,863,863,863,863,863,863,489,498,863,863,863,863,863,733,733,863,863,863,863,863,863,863,863,863,863,863,863,863,863,863,863,863,863,863,863
n04458633_ILSVRC2012_val_00049132.png,863,863,863,863,863,863,863,863,863,863,863,863,557,758,863,863,863,863,863,733,733,863,863,863,863,863,863,863,863,863,863,863,863,863,863,863,863,863,863,863,863
n04461696_ILSVRC2012_val_00022276.png,864,864,864,864,864,864,864,864,864,864,864,864,749,517,864,864,864,864,517,751,751,864,864,517,864,751,864,864,517,864,864,864,864,864,864,864,864,864,517,864,864
n04461696_ILSVRC2012_val_00033496.png,864,864,803,803,864,609,864,803,803,609,609,864,803,803,609,609,864,803,803,609,609,864,864,864,864,609,864,586,803,586,586,864,864,803,609,609,864,864,864,864,609
n04462240_ILSVRC2012_val_00006955.png,865,865,865,850,865,865,865,865,850,865,865,865,850,850,865,453,865,453,865,453,453,865,865,865,865,453,865,865,850,865,453,865,865,850,865,453,865,850,850,865,453
n04462240_ILSVRC2012_val_00007378.png,865,865,850,850,850,850,865,850,850,850,850,865,940,850,850,850,865,865,850,850,850,865,865,850,850,850,865,865,850,850,850,865,850,850,850,850,865,850,850,850,850
n04462240_ILSVRC2012_val_00008384.png,865,865,509,509,509,509,865,865,509,509,509,865,509,509,509,415,865,509,509,415,415,865,509,509,509,509,865,865,509,865,415,865,865,509,865,415,865,865,509,865,415
n04462240_ILSVRC2012_val_00031580.png,865,865,509,509,509,509,865,509,509,509,509,865,509,509,509,509,865,509,509,509,509,865,509,509,509,509,865,509,509,509,509,865,865,509,865,509,865,865,865,509,509
n04462240_ILSVRC2012_val_00043666.png,865,509,509,509,509,509,865,509,509,509,509,865,509,509,509,509,865,509,509,509,509,865,509,509,509,509,865,509,509,509,509,865,509,509,509,509,865,509,509,509,509
n04465501_ILSVRC2012_val_00000294.png,866,866,730,730,866,866,866,866,730,856,856,866,730,730,866,730,866,866,866,856,856,866,866,866,866,866,866,866,866,866,866,866,866,866,866,856,866,730,866,866,866
n04465501_ILSVRC2012_val_00014136.png,866,866,866,866,866,595,866,866,866,866,866,866,730,730,866,866,866,866,866,595,595,866,866,866,866,866,866,866,866,866,866,866,866,866,866,866,866,866,866,866,866
n04465501_ILSVRC2012_val_00017040.png,866,866,866,661,866,866,866,866,661,866,866,866,856,661,866,866,866,866,866,595,595,866,866,866,866,866,866,866,866,866,866,866,866,866,866,866,866,866,866,866,866
n04465501_ILSVRC2012_val_00024074.png,866,866,866,866,866,866,866,866,866,866,856,866,856,661,866,856,866,856,751,856,856,866,866,661,866,856,866,866,866,866,866,866,866,866,866,866,866,866,866,866,866
n04465501_ILSVRC2012_val_00025769.png,866,866,866,791,866,856,866,866,866,866,866,866,595,595,866,856,866,856,856,856,856,866,595,595,856,856,866,866,856,866,866,866,866,866,866,866,866,866,856,866,856
n04465501_ILSVRC2012_val_00028200.png,866,866,866,866,866,866,866,866,866,866,866,866,730,730,866,866,866,730,730,856,856,866,866,866,866,866,866,866,866,866,866,866,866,866,866,866,866,866,866,866,856
n04467665_ILSVRC2012_val_00018687.png,867,867,867,864,803,803,867,864,864,864,803,867,864,864,803,803,867,864,864,803,803,867,864,864,867,867,867,864,864,867,867,867,864,864,864,864,867,867,864,867,569
n04467665_ILSVRC2012_val_00034167.png,867,867,569,800,867,867,867,867,867,867,864,867,778,732,595,595,867,867,732,864,864,867,867,867,867,867,867,867,867,867,867,867,867,867,867,867,867,867,867,867,867
n04467665_ILSVRC2012_val_00041497.png,867,867,867,611,867,979,867,867,611,867,867,867,812,611,867,937,867,812,611,449,937,867,867,611,867,867,867,867,611,867,937,867,867,611,867,867,867,867,611,867,867
n04467665_ILSVRC2012_val_00046771.png,867,867,675,675,675,675,867,675,675,675,675,867,675,675,675,675,867,675,675,675,675,867,675,675,675,675,867,675,675,675,675,867,867,569,675,675,867,675,675,569,675
n04479046_ILSVRC2012_val_00018282.png,869,869,869,568,869,568,869,869,568,869,568,869,917,568,869,568,869,869,568,568,568,869,869,568,869,869,869,869,568,869,568,869,869,869,869,568,869,869,869,869,869
n04479046_ILSVRC2012_val_00019853.png,869,869,841,474,697,697,869,419,474,697,697,869,910,746,869,697,869,697,850,697,697,869,869,411,697,697,869,869,697,697,697,869,869,869,697,697,869,869,697,697,697
n04482393_ILSVRC2012_val_00000069.png,870,870,611,611,870,870,870,793,793,870,641,870,793,793,870,701,870,793,793,474,700,870,870,870,870,870,870,870,793,870,870,870,870,870,870,870,870,870,870,870,870
n04482393_ILSVRC2012_val_00008141.png,870,870,870,870,870,612,870,870,621,346,612,870,621,621,612,612,870,870,870,612,612,870,870,652,612,612,870,870,870,870,612,870,870,870,870,671,870,870,870,870,612
n04482393_ILSVRC2012_val_00025771.png,870,870,870,870,870,870,870,870,897,870,870,870,867,897,870,870,870,870,897,478,478,870,870,897,870,478,870,870,870,870,870,870,870,870,870,870,870,870,870,870,870
n04482393_ILSVRC2012_val_00043028.png,870,870,870,870,870,870,870,870,870,870,870,870,670,670,870,870,870,870,870,573,621,870,870,870,870,870,870,870,870,870,870,870,870,870,870,870,870,870,870,870,870
n04483307_ILSVRC2012_val_00022507.png,871,871,404,871,871,871,871,404,871,871,871,871,481,484,871,871,871,871,871,484,484,871,871,871,871,871,871,871,871,871,871,871,871,871,871,871,871,871,871,871,871
n04483307_ILSVRC2012_val_00049859.png,871,871,871,871,871,871,871,484,484,871,484,871,484,484,871,871,871,871,871,484,484,871,871,871,871,871,871,871,871,871,871,871,871,871,871,871,871,871,871,871,871
n04485082_ILSVRC2012_val_00049028.png,872,872,872,872,872,872,872,872,872,872,872,872,556,556,872,872,872,872,872,700,478,872,872,872,872,872,872,872,872,872,872,872,872,872,872,872,872,872,872,872,872
n04486054_ILSVRC2012_val_00001325.png,873,873,873,832,873,832,873,873,832,832,832,873,832,832,832,832,873,832,832,832,832,873,873,832,873,832,873,873,832,873,873,873,873,873,873,873,873,873,873,873,873
n04486054_ILSVRC2012_val_00006912.png,873,873,873,698,698,698,873,873,698,698,698,873,698,698,698,698,873,873,698,698,698,873,873,873,873,698,873,873,873,873,873,873,873,873,873,873,873,873,873,873,873
n04486054_ILSVRC2012_val_00010210.png,873,873,873,611,663,483,873,611,611,663,483,873,611,611,611,483,873,611,611,663,483,873,873,611,873,483,873,873,611,873,483,873,873,611,873,483,873,873,611,873,483
n04486054_ILSVRC2012_val_00019704.png,873,873,873,562,873,873,873,873,562,873,839,873,216,562,873,839,873,873,562,839,839,873,873,562,873,839,873,873,873,873,873,873,873,873,873,839,873,873,873,873,873
n04486054_ILSVRC2012_val_00021089.png,873,873,873,525,873,873,873,873,525,873,668,873,576,525,873,668,873,873,525,668,668,873,873,873,873,668,873,873,873,873,668,873,873,873,873,873,873,873,873,873,873
n04486054_ILSVRC2012_val_00025155.png,873,873,873,663,406,663,873,873,406,406,406,873,564,663,663,663,873,857,663,663,663,873,873,663,873,663,873,873,873,873,663,873,873,873,873,873,873,873,873,873,873
n04486054_ILSVRC2012_val_00026430.png,873,873,873,668,873,873,873,873,668,873,873,873,822,668,873,873,873,873,668,442,442,873,873,873,873,873,873,873,873,873,873,873,873,873,873,873,873,873,873,873,873
n04486054_ILSVRC2012_val_00026676.png,873,873,884,884,884,884,873,884,884,884,884,873,884,884,873,873,873,873,884,884,884,873,873,884,873,873,873,873,873,873,873,873,873,884,873,873,873,873,873,873,873
n04486054_ILSVRC2012_val_00040446.png,873,873,873,663,873,663,873,873,873,873,873,873,663,663,873,663,873,873,873,191,663,873,873,873,873,873,873,873,873,873,873,873,873,873,873,873,873,873,873,873,873
n04486054_ILSVRC2012_val_00044806.png,873,873,873,611,873,442,873,873,611,873,873,873,538,611,873,873,873,873,611,839,442,873,538,611,873,698,873,873,611,873,873,873,873,611,873,873,873,873,611,873,873
n04486054_ILSVRC2012_val_00045748.png,873,873,873,611,873,873,873,873,611,873,230,873,346,611,873,971,873,873,611,230,230,873,873,611,873,230,873,873,611,873,873,873,873,611,873,873,873,873,873,873,873
n04487081_ILSVRC2012_val_00000573.png,874,874,874,867,874,874,874,874,627,874,705,874,751,581,705,705,874,874,705,705,705,874,874,874,874,874,874,874,874,874,874,874,874,705,874,874,874,874,874,874,874
n04487081_ILSVRC2012_val_00006998.png,874,874,874,874,874,874,874,874,705,874,705,874,705,757,874,829,874,874,757,705,705,874,874,874,874,874,874,874,874,874,874,874,874,654,874,829,874,874,874,874,874
n04487081_ILSVRC2012_val_00007540.png,874,874,547,611,547,547,874,874,611,874,547,874,547,611,547,547,874,874,611,547,547,874,874,611,874,547,874,874,611,874,874,874,874,874,874,874,874,874,874,874,874
n04487081_ILSVRC2012_val_00032183.png,874,874,874,874,874,874,874,874,874,874,874,874,820,705,874,874,874,874,874,654,705,874,874,874,874,874,874,874,874,874,874,874,874,874,874,874,874,874,874,874,874
n04487081_ILSVRC2012_val_00034724.png,874,874,874,609,609,864,874,874,609,609,864,874,646,609,609,864,874,646,609,609,864,874,874,874,874,609,874,874,609,874,864,874,874,874,874,864,874,874,874,874,864
n04487081_ILSVRC2012_val_00038949.png,874,874,874,874,874,874,874,874,874,874,874,874,705,757,874,874,874,874,874,705,705,874,874,874,874,874,874,874,874,874,874,874,874,874,874,874,874,874,874,874,874
n04487394_ILSVRC2012_val_00001321.png,875,875,964,748,816,816,875,964,464,875,618,875,809,451,618,618,875,618,451,618,618,875,875,875,875,875,875,618,451,875,875,875,618,618,875,875,875,618,451,618,618
n04487394_ILSVRC2012_val_00005309.png,875,875,875,875,875,875,875,875,558,875,875,875,594,513,875,875,875,875,513,513,513,875,875,875,875,875,875,875,875,875,875,875,875,875,875,875,875,875,875,875,875
n04487394_ILSVRC2012_val_00016735.png,875,875,875,776,566,566,875,513,513,506,566,875,786,513,545,566,875,786,513,506,566,875,545,513,875,566,875,542,875,545,566,875,875,875,545,566,875,875,513,506,566
n04487394_ILSVRC2012_val_00028418.png,875,875,875,618,875,875,875,875,828,875,875,875,828,828,875,875,875,875,875,229,513,875,875,875,875,875,875,875,875,875,875,875,875,875,875,875,875,875,875,875,875
n04487394_ILSVRC2012_val_00028953.png,875,875,513,776,513,513,875,513,513,513,513,875,513,513,513,513,875,513,513,513,513,875,875,513,875,875,875,875,875,875,875,875,875,875,875,875,875,875,875,875,875
n04487394_ILSVRC2012_val_00030894.png,875,875,875,875,875,558,875,875,875,875,558,875,513,513,875,683,875,875,875,558,558,875,875,875,875,875,875,875,875,875,875,875,875,875,875,875,875,875,875,875,875
n04493381_ILSVRC2012_val_00033123.png,876,876,876,669,876,876,876,876,431,876,876,876,722,431,876,876,876,876,431,203,435,876,876,431,562,876,876,876,431,876,876,876,876,431,876,876,876,876,431,876,876
n04501370_ILSVRC2012_val_00027386.png,877,877,877,877,454,454,877,877,877,454,454,877,480,886,877,454,877,877,877,454,454,877,877,877,877,454,877,877,877,877,454,877,877,877,877,454,877,877,877,877,877
n04501370_ILSVRC2012_val_00039758.png,877,877,561,561,561,561,877,561,561,561,561,877,561,561,561,561,877,561,561,561,561,877,877,561,561,561,877,877,561,877,561,877,877,877,877,877,877,877,877,877,561
n04501370_ILSVRC2012_val_00043908.png,877,877,877,519,713,713,877,519,519,713,553,877,519,519,713,713,877,519,519,713,713,877,877,519,713,713,877,877,519,713,713,877,877,519,713,713,877,877,519,877,713
n04505470_ILSVRC2012_val_00045117.png,878,878,878,878,878,878,878,878,878,878,878,878,947,508,878,878,878,878,878,620,810,878,878,878,878,878,878,878,878,878,878,878,878,878,878,878,878,878,878,878,878
n04507155_ILSVRC2012_val_00021900.png,879,879,879,728,879,452,879,879,728,879,699,879,728,728,879,684,879,879,728,684,684,879,728,728,879,684,879,879,728,879,879,879,879,879,879,879,879,728,728,879,879
n04507155_ILSVRC2012_val_00024621.png,879,879,310,870,679,880,879,879,870,679,880,879,870,870,635,880,879,665,870,633,880,879,879,870,701,880,879,870,870,826,880,879,870,870,870,671,879,671,671,870,671
n04509417_ILSVRC2012_val_00005518.png,880,880,671,671,444,444,880,671,671,444,537,880,983,671,537,537,880,880,671,537,537,880,880,671,444,537,880,880,671,830,537,880,880,671,537,537,880,880,671,537,537
n04515003_ILSVRC2012_val_00000284.png,881,881,881,881,881,881,881,881,579,579,579,881,579,579,881,579,881,579,579,579,579,881,579,579,579,579,881,881,579,881,881,881,881,579,579,881,881,881,881,881,579
n04515003_ILSVRC2012_val_00006527.png,881,881,881,807,881,807,881,807,807,579,807,881,626,807,579,807,881,662,807,579,807,881,881,807,881,807,881,881,807,881,807,881,881,881,881,807,881,579,579,579,807
n04515003_ILSVRC2012_val_00018323.png,881,881,881,881,881,881,881,881,579,881,579,881,854,579,579,579,881,881,579,579,579,881,881,881,579,579,881,881,881,881,881,881,881,881,881,881,881,881,881,881,881
n04515003_ILSVRC2012_val_00021799.png,881,881,579,815,579,579,881,579,815,579,579,881,872,815,579,579,881,579,815,579,579,881,881,815,579,881,881,881,815,579,579,881,881,815,881,579,881,881,815,579,579
n04515003_ILSVRC2012_val_00023889.png,881,579,579,579,749,579,881,579,579,579,579,881,579,579,579,579,881,579,579,579,579,881,579,579,579,579,881,579,579,579,579,881,579,579,579,579,881,579,579,579,579
n04515003_ILSVRC2012_val_00024228.png,881,881,579,579,881,646,881,881,579,881,579,881,424,579,881,881,881,579,579,890,430,881,423,579,890,890,881,881,579,881,881,881,881,579,881,881,881,881,579,881,881
n04515003_ILSVRC2012_val_00025666.png,881,881,620,579,436,713,881,681,579,446,713,881,620,579,593,713,881,620,881,575,713,881,620,579,881,713,881,742,742,592,713,881,592,742,592,713,881,620,579,881,713
n04515003_ILSVRC2012_val_00038019.png,881,881,881,881,881,881,881,881,881,881,579,881,579,579,579,579,881,579,579,579,579,881,579,579,579,579,881,881,881,881,881,881,881,881,579,881,881,881,579,579,579
n04515003_ILSVRC2012_val_00042204.png,881,881,881,881,881,881,881,881,579,687,579,881,579,579,579,579,881,881,579,579,579,881,579,579,579,579,881,881,881,881,579,881,881,881,881,881,881,881,881,881,579
n04515003_ILSVRC2012_val_00045782.png,881,881,881,881,881,881,881,881,881,881,881,881,827,827,881,881,881,881,881,579,579,881,881,881,881,881,881,881,881,881,881,881,881,881,881,881,881,881,881,881,881
n04515003_ILSVRC2012_val_00046319.png,881,881,401,401,611,881,881,620,620,594,881,881,620,620,669,579,881,620,620,669,579,881,881,620,881,579,881,881,620,881,881,881,881,620,881,579,881,881,620,881,881
n04517823_ILSVRC2012_val_00004240.png,882,882,882,709,709,709,882,709,748,709,709,882,748,748,709,709,882,882,748,709,709,882,882,709,709,709,882,882,709,882,709,882,882,774,882,709,882,882,748,882,709
n04517823_ILSVRC2012_val_00019601.png,882,882,678,674,882,678,882,678,778,882,678,882,678,778,882,678,882,678,778,573,573,882,678,882,882,678,882,523,523,882,678,882,678,882,678,678,882,882,733,882,882
n04523525_ILSVRC2012_val_00011949.png,884,884,884,538,884,538,884,884,884,884,884,884,518,538,884,873,884,884,538,873,873,884,884,884,884,884,884,884,884,884,884,884,884,884,884,884,884,884,884,884,884
n04523525_ILSVRC2012_val_00024824.png,884,884,884,663,406,406,884,884,663,406,406,884,406,663,406,406,884,406,663,406,406,884,406,884,406,406,884,406,663,406,406,884,884,884,406,406,884,406,663,406,406
n04525038_ILSVRC2012_val_00025160.png,885,885,748,816,816,816,885,434,816,816,816,885,434,584,584,584,885,434,584,584,584,885,434,966,885,885,885,885,464,885,464,885,885,679,584,584,885,125,125,111,584
n04525305_ILSVRC2012_val_00004510.png,886,886,886,707,454,860,886,860,886,860,860,886,707,707,454,860,886,886,707,454,860,886,886,886,454,860,886,886,886,860,860,886,886,886,454,860,886,886,886,454,860
n04525305_ILSVRC2012_val_00006255.png,886,886,886,707,886,886,886,886,707,707,886,886,707,707,707,707,886,886,707,707,571,886,886,886,886,886,886,886,886,886,886,886,886,886,886,886,886,886,886,886,886
n04525305_ILSVRC2012_val_00010451.png,886,886,886,886,886,886,886,886,886,886,886,886,680,711,886,886,886,886,886,838,585,886,886,886,886,886,886,886,886,886,886,886,886,886,886,886,886,886,886,886,886
n04525305_ILSVRC2012_val_00012903.png,886,886,860,860,860,860,886,886,860,886,860,886,860,860,860,860,886,860,860,860,860,886,886,860,886,860,886,886,886,886,860,886,886,886,886,886,886,886,860,886,860
n04525305_ILSVRC2012_val_00033818.png,886,886,454,454,454,454,886,454,454,454,454,886,454,454,480,480,886,886,454,480,480,886,886,886,886,886,886,886,886,886,886,886,454,454,886,886,886,886,886,886,886
n04525305_ILSVRC2012_val_00046288.png,886,886,886,481,424,921,886,707,707,886,481,886,707,707,454,921,886,886,707,454,921,886,886,707,886,921,886,886,886,886,921,886,886,707,886,886,886,886,707,860,886
n04525305_ILSVRC2012_val_00049713.png,886,886,707,592,707,886,886,707,707,886,571,886,707,707,886,571,886,707,707,571,685,886,886,707,886,886,886,886,886,886,886,886,886,886,886,487,886,886,886,886,886
n04532106_ILSVRC2012_val_00013500.png,887,887,406,406,887,406,887,406,406,406,406,887,406,406,406,406,887,406,406,406,406,887,406,406,406,406,887,406,406,406,406,887,887,887,887,887,887,887,406,887,887
n04532670_ILSVRC2012_val_00003544.png,888,888,888,888,888,888,888,888,888,888,888,888,718,718,888,888,888,888,888,429,975,888,888,888,888,888,888,888,888,888,888,888,888,888,888,888,888,888,888,888,888
n04532670_ILSVRC2012_val_00009742.png,888,888,888,888,710,888,888,888,888,888,663,888,710,518,888,888,888,710,518,710,668,888,888,518,888,668,888,888,888,888,873,888,888,481,888,873,888,888,710,710,888
n04532670_ILSVRC2012_val_00012276.png,888,888,839,839,839,839,888,839,839,839,839,888,839,839,839,839,888,839,839,839,839,888,839,839,839,839,888,839,839,839,839,888,888,839,888,839,888,888,839,888,888
n04532670_ILSVRC2012_val_00012772.png,888,888,888,884,888,873,888,888,721,873,873,888,873,556,873,873,888,888,556,873,873,888,873,406,873,873,888,888,556,873,873,888,888,884,873,888,888,888,884,888,873
n04532670_ILSVRC2012_val_00016054.png,888,888,888,821,821,821,888,888,888,888,821,888,660,694,888,821,888,888,821,821,821,888,888,888,821,821,888,888,888,888,821,888,888,888,821,821,888,888,888,888,821
n04532670_ILSVRC2012_val_00039639.png,888,888,888,821,888,580,888,888,888,888,888,888,821,821,888,888,888,888,821,971,580,888,888,888,888,580,888,888,821,888,888,888,888,888,888,888,888,888,888,888,888
n04532670_ILSVRC2012_val_00042666.png,888,888,888,718,888,525,888,888,718,525,525,888,449,536,525,525,888,888,718,525,525,888,888,888,888,525,888,888,888,525,525,888,888,888,888,525,888,888,888,888,525
n04532670_ILSVRC2012_val_00045576.png,888,888,884,753,854,854,888,556,109,434,434,888,556,753,565,842,888,556,753,434,434,888,888,753,700,434,888,884,753,434,434,888,888,753,434,434,888,888,753,708,434
n04536866_ILSVRC2012_val_00025413.png,889,889,889,369,199,199,889,486,285,199,199,889,456,369,199,199,889,889,369,223,205,889,889,51,889,205,889,889,889,889,205,889,486,486,889,889,889,889,889,889,205
n04536866_ILSVRC2012_val_00047738.png,889,889,889,546,889,889,889,889,889,889,889,889,106,684,889,889,889,889,674,773,822,889,889,889,889,889,889,889,889,889,889,889,889,889,889,889,889,889,889,889,889
n04540053_ILSVRC2012_val_00003076.png,890,890,768,65,752,691,890,890,429,890,543,890,768,429,890,543,890,890,429,747,543,890,890,890,890,543,890,768,429,768,641,890,890,890,890,543,890,890,890,890,890
n04540053_ILSVRC2012_val_00007665.png,890,890,890,430,722,430,890,890,430,890,430,890,430,430,722,430,890,890,430,722,430,890,890,890,890,430,890,890,890,890,430,890,890,890,890,890,890,890,890,890,890
n04540053_ILSVRC2012_val_00008354.png,890,890,890,890,890,890,890,890,890,890,430,890,430,430,890,890,890,890,890,430,430,890,890,890,890,890,890,890,890,890,890,890,890,890,890,890,890,890,890,890,890
n04540053_ILSVRC2012_val_00017159.png,890,890,890,445,890,562,890,890,445,890,643,890,774,445,890,793,890,890,445,793,793,890,890,890,890,890,890,890,445,890,890,890,890,890,890,416,890,890,890,890,890
n04540053_ILSVRC2012_val_00020591.png,890,890,890,416,890,890,890,890,416,430,890,890,857,416,890,733,890,890,416,433,733,890,890,416,890,733,890,890,890,890,890,890,890,890,890,645,890,890,416,890,890
n04540053_ILSVRC2012_val_00022188.png,890,890,430,422,752,752,890,890,422,752,752,890,422,422,890,752,890,890,422,752,752,890,890,422,890,752,890,890,702,890,890,890,890,422,890,890,890,890,422,890,890
n04540053_ILSVRC2012_val_00033523.png,890,890,890,615,615,615,890,890,615,890,615,890,615,615,615,615,890,890,615,615,615,890,890,615,890,615,890,890,615,615,615,890,890,890,890,890,890,890,890,890,890
n04540053_ILSVRC2012_val_00035059.png,890,890,890,910,890,515,890,890,910,890,515,890,910,910,890,515,890,890,910,813,515,890,890,618,890,828,890,890,515,890,515,890,890,890,890,515,890,890,890,890,890
n04540053_ILSVRC2012_val_00045377.png,890,890,890,890,890,733,890,890,890,890,890,890,768,768,890,890,890,890,890,768,768,890,890,890,890,890,890,890,890,890,890,890,890,890,890,890,890,890,890,890,890
n04542943_ILSVRC2012_val_00019935.png,891,891,891,891,891,951,891,891,891,891,951,891,570,882,891,891,891,891,891,953,809,891,891,891,891,809,891,891,891,891,891,891,891,891,891,891,891,891,891,891,891
n04542943_ILSVRC2012_val_00028926.png,891,485,485,485,633,485,891,485,485,485,485,891,485,485,485,485,891,485,485,485,485,891,485,485,891,485,891,891,485,891,891,891,891,485,891,891,891,891,485,891,485
n04542943_ILSVRC2012_val_00038777.png,891,891,891,891,891,891,891,891,891,891,640,891,640,640,891,640,891,891,891,640,640,891,891,891,891,891,891,891,891,891,891,891,891,891,891,891,891,891,891,891,891
n04542943_ILSVRC2012_val_00038979.png,891,891,567,567,964,964,891,891,567,964,963,891,909,567,891,963,891,891,567,964,963,891,809,909,964,963,891,891,891,891,963,891,891,891,891,963,891,891,891,891,963
n04542943_ILSVRC2012_val_00044601.png,891,891,546,546,546,917,891,613,613,921,527,891,613,613,917,664,891,891,613,921,851,891,891,891,891,891,891,891,613,921,527,891,891,891,891,851,891,891,891,891,891
n04548280_ILSVRC2012_val_00018143.png,892,892,892,635,635,635,892,892,635,892,798,892,778,635,778,426,892,426,635,778,798,892,892,635,892,635,892,426,635,426,798,892,635,635,635,635,409,826,635,635,426
n04548280_ILSVRC2012_val_00030330.png,892,892,892,635,635,455,892,892,826,635,455,892,891,826,891,455,892,891,635,790,455,892,859,455,868,455,892,635,635,674,455,892,826,455,892,455,892,635,455,635,455
n04548280_ILSVRC2012_val_00041037.png,892,892,787,116,892,109,892,892,109,892,109,892,109,109,109,109,892,109,109,109,109,892,892,109,892,109,892,892,892,892,109,892,892,892,892,892,892,892,892,892,109
n04548280_ILSVRC2012_val_00041547.png,892,892,549,591,749,679,892,549,431,849,895,892,748,797,679,744,892,549,750,828,657,892,892,750,892,744,892,892,750,111,657,892,111,750,111,471,892,892,750,892,744
n04548362_ILSVRC2012_val_00008403.png,893,709,893,721,636,636,893,721,797,893,721,893,797,797,636,636,893,797,797,636,636,893,893,797,636,636,893,636,750,636,636,893,797,797,893,636,893,893,797,636,636
n04548362_ILSVRC2012_val_00010981.png,893,893,893,893,608,748,893,893,893,608,748,893,630,630,608,893,893,893,893,608,748,893,893,893,893,893,893,893,893,893,748,893,893,893,893,748,893,893,893,893,893
n04548362_ILSVRC2012_val_00021957.png,893,893,893,446,893,710,893,893,446,893,710,893,446,446,867,710,893,893,446,867,710,893,446,446,893,710,893,446,446,565,626,893,446,675,893,626,893,675,675,675,710
n04550184_ILSVRC2012_val_00000482.png,894,894,794,789,669,789,894,794,789,999,789,894,794,789,556,789,894,794,789,805,789,894,794,789,519,789,894,794,789,894,789,894,894,789,789,789,894,894,789,894,789
n04550184_ILSVRC2012_val_00017579.png,894,894,894,894,894,894,894,894,493,894,493,894,553,493,894,493,894,894,493,541,493,894,894,493,894,493,894,894,493,894,493,894,894,894,894,493,894,894,894,894,493
n04550184_ILSVRC2012_val_00018773.png,894,894,799,799,799,799,894,799,799,799,799,894,799,799,799,799,894,799,799,799,799,894,799,799,799,799,894,424,799,799,799,894,799,799,894,799,894,799,799,799,799
n04550184_ILSVRC2012_val_00040716.png,894,894,894,771,894,894,894,894,648,894,894,894,156,804,894,894,894,894,648,495,493,894,894,648,894,894,894,894,894,894,493,894,894,695,894,894,894,894,894,894,894
n04552348_ILSVRC2012_val_00007311.png,895,895,895,312,895,404,895,895,312,908,404,895,812,312,404,404,895,812,312,404,404,895,895,311,908,908,895,895,311,21,404,895,895,312,895,404,895,895,312,404,404
n04552348_ILSVRC2012_val_00016506.png,895,895,895,777,895,895,895,895,770,908,908,895,752,752,908,908,895,752,752,908,908,895,752,752,908,908,895,895,691,895,895,895,895,895,895,895,895,895,907,895,895
n04552348_ILSVRC2012_val_00044335.png,895,895,895,904,895,807,895,895,904,895,895,895,807,904,908,908,895,807,904,908,908,895,895,904,908,908,895,895,404,908,908,895,404,404,404,908,895,895,895,895,895
n04552348_ILSVRC2012_val_00047723.png,895,895,812,404,404,404,895,404,144,404,404,895,404,404,404,404,895,404,404,404,404,895,908,404,908,908,895,404,404,404,404,895,908,404,908,908,895,404,404,895,404
n04552348_ILSVRC2012_val_00047921.png,895,895,404,404,895,404,895,895,404,404,404,895,404,404,404,404,895,404,404,404,404,895,895,404,895,404,895,404,404,404,404,895,404,895,895,404,895,404,404,833,404
n04553703_ILSVRC2012_val_00015991.png,896,896,896,804,896,804,896,804,804,804,804,896,804,804,896,804,896,804,804,804,804,896,896,896,896,804,896,896,896,896,804,896,896,804,896,804,896,896,896,896,804
n04553703_ILSVRC2012_val_00027660.png,896,896,804,804,896,804,896,804,804,804,804,896,804,804,804,804,896,804,804,804,804,896,896,896,896,804,896,896,896,896,896,896,804,804,896,896,896,896,896,896,896
n04553703_ILSVRC2012_val_00048784.png,896,896,446,700,778,835,896,999,700,999,835,896,563,700,914,835,896,432,700,914,835,896,563,700,896,835,896,767,700,435,835,896,896,700,896,835,896,896,999,896,835
n04554684_ILSVRC2012_val_00014530.png,897,897,896,971,971,971,897,971,971,971,971,897,971,971,971,971,897,971,971,971,971,897,971,971,971,971,897,897,971,897,971,897,971,971,971,971,897,971,971,897,971
n04554684_ILSVRC2012_val_00025197.png,897,897,479,632,479,770,897,897,632,770,770,897,770,632,770,770,897,770,632,770,770,897,770,485,770,770,897,897,632,770,770,897,897,897,897,770,897,897,897,770,770
n04554684_ILSVRC2012_val_00026818.png,897,897,897,828,891,828,897,828,828,891,828,897,828,828,891,828,897,828,828,891,828,897,897,828,891,828,897,828,828,891,828,897,828,828,891,828,897,897,828,891,828
n04554684_ILSVRC2012_val_00038937.png,897,897,778,971,778,778,897,778,971,778,778,897,615,971,778,778,897,577,971,778,778,897,897,971,778,778,897,787,971,778,778,897,778,971,778,778,897,861,971,778,778
n04557648_ILSVRC2012_val_00003429.png,898,898,898,756,898,898,898,899,756,899,899,898,725,756,898,898,898,899,756,725,899,898,898,898,898,898,898,898,898,898,898,898,899,898,898,898,898,898,898,898,898
n04557648_ILSVRC2012_val_00043875.png,898,898,898,737,898,898,898,898,737,898,898,898,647,737,898,898,898,898,898,503,441,898,898,898,898,898,898,898,898,898,898,898,898,898,898,898,898,898,898,898,503
n04560804_ILSVRC2012_val_00033522.png,899,899,606,606,606,899,899,606,606,606,504,899,606,606,725,504,899,606,606,504,504,899,606,606,700,504,899,899,899,899,504,899,899,999,504,504,899,899,606,899,899
n04562935_ILSVRC2012_val_00000586.png,900,900,900,900,900,107,900,900,562,900,107,900,572,611,900,971,900,900,611,112,971,900,900,900,900,971,900,900,900,900,900,900,900,611,900,900,900,900,900,900,900
n04562935_ILSVRC2012_val_00004393.png,900,900,494,753,900,887,900,900,494,900,669,900,577,494,900,494,900,900,494,668,501,900,900,900,900,900,900,900,494,900,501,900,900,900,900,900,900,900,900,900,900
n04562935_ILSVRC2012_val_00005814.png,900,900,792,840,604,604,900,523,999,604,604,900,523,523,900,900,900,900,700,604,604,900,900,862,900,900,900,900,840,900,900,900,900,523,900,900,900,900,840,900,900
n04562935_ILSVRC2012_val_00020079.png,900,900,386,344,755,417,900,386,109,417,417,900,386,385,417,417,900,386,342,417,417,900,386,109,417,417,900,386,9,417,417,900,386,342,417,417,900,386,347,417,417
n04562935_ILSVRC2012_val_00026814.png,900,900,900,439,900,439,900,900,439,900,469,900,787,777,900,900,900,900,708,237,715,900,900,900,900,900,900,900,900,900,900,900,900,900,900,900,900,900,900,900,900
n04562935_ILSVRC2012_val_00028785.png,900,900,417,417,900,857,900,417,417,668,564,900,417,417,668,564,900,900,417,668,564,900,900,417,733,564,900,900,900,668,470,900,900,900,668,669,900,900,417,900,564
n04562935_ILSVRC2012_val_00035874.png,900,900,900,900,900,448,900,900,668,900,562,900,94,494,900,998,900,900,494,998,998,900,900,900,900,900,900,900,900,900,900,900,900,900,900,448,900,900,900,900,900
n04562935_ILSVRC2012_val_00039721.png,900,900,668,753,668,562,900,706,753,668,408,900,471,753,668,408,900,471,109,668,408,900,900,753,668,408,900,900,857,538,408,900,900,753,900,408,900,900,753,538,856
n04562935_ILSVRC2012_val_00043653.png,900,900,900,900,900,900,900,900,900,900,900,900,637,559,900,900,900,900,900,669,434,900,900,900,900,900,900,900,900,900,900,900,900,900,900,900,900,900,900,900,900
n04579145_ILSVRC2012_val_00002867.png,901,901,901,804,901,901,901,804,804,804,804,901,804,804,804,804,901,804,804,804,804,901,804,804,804,631,901,804,804,804,804,901,804,804,804,804,901,804,804,804,804
n04579145_ILSVRC2012_val_00016743.png,901,901,901,631,631,631,901,631,631,631,631,901,631,631,631,631,901,631,631,631,631,901,631,631,631,631,901,901,901,711,631,901,901,631,631,631,901,901,901,631,631
n04579145_ILSVRC2012_val_00019348.png,901,901,440,748,901,440,901,901,883,901,440,901,440,794,440,440,901,440,700,440,440,901,440,725,440,440,901,901,901,901,440,901,901,901,901,440,901,901,901,901,440
n04579145_ILSVRC2012_val_00034288.png,901,901,747,588,700,619,901,619,588,700,700,901,747,588,700,846,901,747,588,700,700,901,901,588,700,901,901,901,588,700,862,901,901,588,700,700,901,901,588,700,700
n04579145_ILSVRC2012_val_00034449.png,901,901,901,901,901,901,901,440,440,901,440,901,440,440,440,440,901,440,440,440,440,901,901,440,440,440,901,901,901,901,440,901,901,901,901,440,901,901,440,440,440
n04579145_ILSVRC2012_val_00036864.png,901,901,901,901,901,901,901,999,901,901,967,901,700,746,960,504,901,700,999,928,967,901,700,901,968,968,901,999,999,901,901,901,901,901,901,901,901,901,901,901,901
n04579145_ILSVRC2012_val_00044222.png,901,901,901,631,901,631,901,631,631,631,631,901,720,631,901,711,901,901,631,619,711,901,901,631,901,711,901,901,901,901,631,901,901,901,901,711,901,901,901,901,901
n04579432_ILSVRC2012_val_00004165.png,902,902,902,611,902,633,902,902,611,902,418,902,488,611,902,752,902,902,611,633,633,902,902,611,902,512,902,902,611,558,902,902,902,611,902,902,902,902,902,902,902
n04579432_ILSVRC2012_val_00004456.png,902,902,902,635,902,635,902,902,635,902,635,902,507,635,635,635,902,902,902,635,635,902,902,902,902,902,902,902,902,902,902,902,902,902,902,902,902,902,902,902,902
n04579432_ILSVRC2012_val_00005350.png,902,902,726,695,902,584,902,726,695,597,761,902,726,695,761,761,902,726,695,761,761,902,726,606,761,761,902,902,902,902,902,902,902,902,902,902,902,902,902,902,761
n04579432_ILSVRC2012_val_00032330.png,902,902,710,710,695,514,902,710,710,695,514,902,710,710,695,514,902,902,710,695,514,902,902,902,695,514,902,902,902,695,514,902,902,902,695,902,902,902,902,902,902
n04579432_ILSVRC2012_val_00035948.png,902,902,902,462,632,629,902,902,462,632,629,902,664,462,632,629,902,902,462,632,629,902,868,462,754,551,902,902,462,902,902,902,902,902,902,902,902,902,902,902,902
n04579432_ILSVRC2012_val_00044828.png,902,902,600,777,777,777,902,784,623,623,623,902,677,623,623,623,902,902,623,623,623,902,902,696,623,623,902,902,584,902,902,902,902,451,902,902,902,902,902,902,902
n04584207_ILSVRC2012_val_00006963.png,903,903,568,568,568,474,903,568,568,568,474,903,568,568,568,474,903,568,568,568,474,903,568,568,568,474,903,568,568,568,474,903,568,568,568,474,903,568,568,568,474
n04584207_ILSVRC2012_val_00034564.png,903,903,903,452,452,793,903,903,452,452,793,903,434,452,452,793,903,903,452,452,793,903,903,452,452,793,903,903,903,903,793,903,903,452,452,793,903,903,903,903,793
n04584207_ILSVRC2012_val_00040681.png,903,903,568,568,903,568,903,568,568,903,568,903,568,568,568,568,903,568,568,568,568,903,568,568,903,568,903,903,568,903,568,903,903,568,903,568,903,903,568,903,568
n04589890_ILSVRC2012_val_00017608.png,904,904,904,904,904,904,904,904,904,904,904,904,790,743,904,904,904,904,904,743,743,904,904,904,904,904,904,904,904,904,904,904,904,904,904,904,904,904,904,904,904
n04589890_ILSVRC2012_val_00022729.png,904,904,904,904,904,904,904,904,904,904,904,904,852,852,904,904,904,904,904,828,828,904,904,904,904,904,904,904,904,904,904,904,904,904,904,904,904,904,904,904,904
n04589890_ILSVRC2012_val_00027927.png,904,904,904,319,904,319,904,319,319,319,319,904,319,319,904,319,904,904,904,319,319,904,904,904,904,319,904,904,904,904,904,904,904,904,904,319,904,904,904,904,904
n04589890_ILSVRC2012_val_00033146.png,904,904,904,904,904,904,904,904,904,904,904,904,553,553,904,904,904,904,904,406,538,904,904,904,904,904,904,904,904,904,904,904,904,904,904,904,904,904,904,904,904
n04590129_ILSVRC2012_val_00029933.png,905,905,905,753,905,905,905,905,904,905,591,905,434,815,905,591,905,905,815,815,591,905,905,905,905,905,905,905,904,905,904,905,905,753,905,904,905,905,905,905,905
n04591157_ILSVRC2012_val_00030974.png,906,906,906,906,906,906,906,906,906,906,906,906,846,846,906,906,906,906,906,846,846,906,906,906,906,906,906,906,906,906,906,906,906,906,906,906,906,906,906,906,906
n04592741_ILSVRC2012_val_00019965.png,908,908,908,404,908,404,908,908,404,908,404,908,404,404,908,404,908,404,404,404,404,908,908,908,908,833,908,908,908,908,908,908,908,908,908,404,908,908,908,908,908
n04592741_ILSVRC2012_val_00028274.png,908,908,404,404,908,871,908,404,404,404,871,908,404,404,908,871,908,404,404,405,871,908,908,404,908,871,908,404,404,908,871,908,908,404,908,871,908,404,404,908,871
n04592741_ILSVRC2012_val_00031123.png,908,908,908,657,908,812,908,908,657,657,657,908,744,657,657,657,908,657,657,657,657,908,908,908,908,895,908,908,403,908,657,908,908,908,908,895,908,908,657,908,657
n04596742_ILSVRC2012_val_00007608.png,909,909,766,766,521,469,909,651,651,827,827,909,859,651,827,827,909,827,651,827,827,909,909,651,909,827,909,827,651,827,827,909,859,651,827,827,909,827,651,827,827
n04596742_ILSVRC2012_val_00024149.png,909,909,666,529,961,666,909,469,529,469,469,909,899,529,469,469,909,899,431,174,469,909,961,529,909,469,909,899,529,469,469,909,961,529,469,469,909,909,529,469,469
n04596742_ILSVRC2012_val_00045422.png,909,909,909,960,960,960,909,909,960,960,960,909,960,960,960,960,909,960,960,960,960,909,960,960,960,960,909,960,960,960,960,909,960,960,960,960,909,960,960,960,960
n04597913_ILSVRC2012_val_00020639.png,910,910,666,884,634,634,910,472,884,634,634,910,472,884,634,634,910,472,884,634,634,910,472,884,634,634,910,910,777,634,634,910,910,884,634,634,910,930,884,930,634
n04597913_ILSVRC2012_val_00028641.png,910,910,813,813,813,813,910,813,813,813,813,910,813,813,813,813,910,813,813,813,813,910,813,813,813,813,910,813,813,813,813,910,813,813,813,813,910,813,813,813,813
n04599235_ILSVRC2012_val_00010654.png,911,911,911,125,911,911,911,911,112,911,911,911,616,113,911,911,911,911,911,377,816,911,911,911,911,911,911,911,911,911,911,911,911,911,911,911,911,911,911,816,816
n04604644_ILSVRC2012_val_00006623.png,912,912,912,912,912,730,912,912,611,912,912,912,877,611,912,912,912,912,611,471,471,912,912,611,912,912,912,912,611,912,912,912,912,611,912,912,912,912,611,912,912
n04604644_ILSVRC2012_val_00027236.png,912,912,912,611,912,825,912,912,611,912,825,912,611,611,912,912,912,912,611,825,825,912,912,611,912,912,912,912,611,912,912,912,912,611,912,912,912,912,611,912,912
n04604644_ILSVRC2012_val_00028154.png,912,703,738,580,738,738,912,912,580,580,738,912,738,580,738,738,912,912,580,738,738,912,912,580,912,580,912,738,580,912,738,912,912,912,912,912,912,912,912,912,912
n04604644_ILSVRC2012_val_00034678.png,912,912,460,460,460,460,912,646,460,912,460,912,562,460,460,460,912,562,460,460,460,912,912,460,460,460,912,912,460,912,460,912,912,460,912,460,912,912,912,912,912
n04604644_ILSVRC2012_val_00035406.png,912,912,912,716,912,227,912,912,716,912,912,912,716,249,912,227,912,716,716,227,227,912,912,250,227,227,912,716,249,912,912,912,912,716,912,912,912,912,912,912,912
n04604644_ILSVRC2012_val_00042739.png,912,912,912,888,912,825,912,912,888,912,649,912,888,888,839,649,912,912,888,839,649,912,912,888,912,649,912,912,888,912,825,912,912,888,912,649,912,912,888,912,649
n04606251_ILSVRC2012_val_00027265.png,913,913,747,414,913,723,913,728,414,84,723,913,747,414,724,971,913,747,414,510,723,913,747,797,797,723,913,883,797,913,971,913,417,797,913,971,913,883,414,913,723
n04606251_ILSVRC2012_val_00036696.png,913,913,913,34,835,428,913,913,913,913,428,913,34,34,428,428,913,34,34,428,428,913,913,913,913,428,913,913,34,913,525,913,913,913,913,913,913,913,34,913,913
n04606251_ILSVRC2012_val_00036731.png,913,913,532,562,471,745,913,532,562,745,745,913,532,562,471,745,913,913,562,471,745,913,532,562,471,745,913,913,562,847,745,913,913,611,471,847,913,913,562,471,471
n04606251_ILSVRC2012_val_00037254.png,913,913,913,788,913,694,913,913,788,694,694,913,724,788,694,694,913,913,788,694,694,913,913,788,694,694,913,913,788,913,694,913,913,788,913,913,913,913,788,913,694
n04606251_ILSVRC2012_val_00038015.png,913,913,492,748,833,833,913,549,700,833,833,913,549,700,833,833,913,893,700,833,833,913,709,700,833,833,913,549,700,833,833,913,563,700,833,833,913,674,700,833,833
n04606251_ILSVRC2012_val_00042772.png,913,913,913,791,913,525,913,913,791,913,460,913,791,791,975,975,913,913,791,975,975,913,913,791,975,975,913,913,913,913,975,913,913,913,913,913,913,913,913,913,913
n04612504_ILSVRC2012_val_00004621.png,914,914,914,871,914,724,914,914,669,667,724,914,587,871,914,724,914,914,871,667,724,914,914,871,456,724,914,914,780,914,780,914,914,871,914,914,914,914,914,914,724
n04612504_ILSVRC2012_val_00007517.png,914,914,914,625,914,914,914,625,625,871,871,914,625,625,871,871,914,914,625,871,871,914,914,625,914,871,914,914,625,914,871,914,914,625,914,914,914,914,914,914,914
n04612504_ILSVRC2012_val_00015121.png,914,914,780,839,871,871,914,780,780,871,871,914,724,780,914,871,914,914,780,484,484,914,914,780,914,484,914,914,780,914,484,914,914,780,914,914,914,914,914,914,914
n04612504_ILSVRC2012_val_00016037.png,914,914,914,489,716,975,914,716,489,728,580,914,975,489,728,975,914,975,489,258,975,914,914,728,728,716,914,975,716,716,716,914,914,728,914,449,914,914,489,914,914
n04612504_ILSVRC2012_val_00019111.png,914,914,871,871,871,871,914,871,871,871,871,914,871,871,871,871,914,871,871,871,871,914,871,871,871,871,914,914,871,914,871,914,914,871,871,871,914,871,871,871,871
n04612504_ILSVRC2012_val_00021209.png,914,914,914,914,803,625,914,914,914,724,625,914,484,484,914,625,914,914,914,408,625,914,914,484,914,625,914,914,914,914,914,914,914,914,914,914,914,914,914,914,914
n04612504_ILSVRC2012_val_00028058.png,914,914,780,611,554,540,914,724,724,554,403,914,724,724,554,403,914,913,611,403,403,914,914,780,914,403,914,914,536,540,403,914,914,914,914,403,914,914,780,914,403
n04612504_ILSVRC2012_val_00048170.png,914,914,780,780,780,780,914,780,780,780,780,914,780,780,914,780,914,780,780,780,780,914,780,780,780,780,914,914,780,914,780,914,914,780,780,780,914,914,780,914,780
n04613696_ILSVRC2012_val_00009750.png,915,915,915,580,915,580,915,727,580,580,580,915,727,580,580,580,915,727,580,580,580,915,915,915,915,915,915,727,580,915,580,915,915,915,915,580,915,915,915,915,915
n04613696_ILSVRC2012_val_00014559.png,915,915,915,741,915,915,915,915,741,915,894,915,894,741,894,894,915,915,741,894,894,915,915,915,915,915,915,915,915,915,894,915,915,741,915,915,915,915,915,915,915
n04613696_ILSVRC2012_val_00026625.png,915,915,915,425,448,915,915,915,425,448,915,915,497,425,448,672,915,915,425,448,672,915,915,915,915,915,915,915,915,915,915,915,915,915,915,915,915,915,915,915,915
n04613696_ILSVRC2012_val_00032292.png,915,915,915,915,915,915,915,915,915,915,915,915,882,882,915,915,915,915,523,523,728,915,915,915,915,915,915,915,915,915,915,915,915,915,915,915,915,915,915,915,915
n04613696_ILSVRC2012_val_00042870.png,915,915,538,556,538,580,915,915,669,425,580,915,556,556,556,580,915,556,556,425,580,915,556,556,915,915,915,915,556,915,580,915,915,915,915,580,915,915,556,915,580
n04613696_ILSVRC2012_val_00045840.png,915,915,456,887,614,614,915,915,887,568,614,915,887,887,568,834,915,887,887,568,834,915,915,887,915,915,915,915,887,915,915,915,915,915,915,915,915,915,915,915,915
n06359193_ILSVRC2012_val_00003371.png,916,916,916,707,922,922,916,592,592,922,922,916,592,707,916,922,916,707,707,922,922,916,916,916,916,922,916,916,916,922,922,916,918,918,922,922,916,916,707,922,922
n06359193_ILSVRC2012_val_00005200.png,916,916,688,688,688,688,916,916,688,916,688,916,688,688,916,688,916,688,688,688,688,916,916,916,916,916,916,916,688,916,688,916,916,688,916,688,916,916,916,916,916
n06359193_ILSVRC2012_val_00007421.png,916,916,593,581,916,916,916,754,581,916,664,916,563,581,916,664,916,481,581,851,664,916,916,581,916,664,916,481,609,916,664,916,481,581,481,664,916,481,581,916,664
n06359193_ILSVRC2012_val_00013443.png,916,916,688,688,688,922,916,916,688,781,781,916,688,688,688,922,916,688,688,688,922,916,916,688,646,922,916,688,688,688,916,916,688,688,688,922,916,916,688,916,922
n06359193_ILSVRC2012_val_00018429.png,916,916,916,916,916,664,916,916,916,916,549,916,620,620,916,664,916,916,916,664,664,916,916,916,664,664,916,916,664,916,664,916,769,916,769,664,916,916,916,916,664
n06359193_ILSVRC2012_val_00028582.png,916,916,662,549,549,549,916,549,109,549,549,916,863,549,549,549,916,446,549,478,549,916,549,549,549,549,916,635,549,478,549,916,487,700,478,549,916,921,549,549,549
n06359193_ILSVRC2012_val_00033223.png,916,916,549,549,549,549,916,916,549,549,916,916,549,549,549,549,916,549,549,549,549,916,549,549,916,549,916,549,549,549,549,916,549,549,549,549,916,549,549,549,549
n06359193_ILSVRC2012_val_00034607.png,916,916,938,938,936,620,916,916,938,938,620,916,938,938,938,620,916,916,938,938,620,916,916,938,938,620,916,938,938,938,620,916,916,938,956,508,916,916,938,916,868
n06596364_ILSVRC2012_val_00013975.png,917,917,917,917,917,917,917,917,917,917,917,917,481,481,917,509,917,917,481,700,700,917,917,917,917,917,917,917,917,917,692,917,917,917,917,917,917,917,481,917,917
n06596364_ILSVRC2012_val_00016900.png,917,917,917,921,917,921,917,917,917,917,917,917,921,921,917,921,917,921,921,921,921,917,917,921,917,917,917,917,917,917,917,917,917,917,917,917,917,917,917,917,917
n06785654_ILSVRC2012_val_00004799.png,918,918,918,918,918,918,918,918,918,918,918,918,563,563,918,918,918,918,918,418,563,918,918,918,918,918,918,918,918,918,918,918,918,918,918,918,918,918,918,918,918
n06785654_ILSVRC2012_val_00028095.png,918,918,918,918,918,922,918,918,918,918,922,918,922,922,918,922,918,918,918,798,664,918,918,918,918,922,918,918,918,918,918,918,918,918,918,918,918,918,918,918,918
n06785654_ILSVRC2012_val_00033741.png,918,918,918,918,918,918,918,918,918,918,918,918,563,845,918,918,918,918,918,508,508,918,918,918,918,918,918,918,918,918,918,918,918,918,918,918,918,918,918,918,918
n06785654_ILSVRC2012_val_00044860.png,918,918,918,918,918,918,918,918,918,918,918,918,922,922,918,918,918,918,918,383,566,918,918,918,918,918,918,918,918,918,918,918,918,918,918,918,918,918,918,918,918
n06794110_ILSVRC2012_val_00002788.png,919,919,919,919,879,797,919,919,549,797,797,919,920,920,919,797,919,919,919,672,797,919,919,862,701,797,919,919,919,919,797,919,919,919,919,797,919,919,919,919,797
n06794110_ILSVRC2012_val_00014864.png,919,919,919,663,919,919,919,919,698,919,716,919,497,706,919,716,919,497,716,497,716,919,762,762,762,716,919,919,498,498,919,919,919,919,698,576,919,919,919,919,919
n06794110_ILSVRC2012_val_00017401.png,919,919,919,700,414,411,919,919,700,868,431,919,704,700,606,431,919,704,700,606,431,919,704,700,431,431,919,919,700,919,431,919,704,700,919,750,919,919,728,636,411
n06794110_ILSVRC2012_val_00023720.png,919,919,919,539,919,571,919,919,919,919,571,919,920,920,919,919,919,919,919,571,571,919,919,919,919,571,919,919,919,919,919,919,919,919,919,919,919,919,919,919,919
n06794110_ILSVRC2012_val_00034781.png,919,781,781,781,781,781,919,781,781,781,781,919,781,781,781,781,919,781,781,781,781,919,781,781,781,781,781,781,781,781,781,919,781,781,781,781,919,781,781,781,781
n06794110_ILSVRC2012_val_00036374.png,919,919,612,919,919,919,919,919,920,920,920,919,612,920,919,919,919,919,919,920,920,919,919,919,919,919,919,919,919,919,919,919,919,919,919,919,919,919,919,919,919
n06874185_ILSVRC2012_val_00002675.png,920,920,920,920,920,920,920,920,920,920,920,920,759,737,920,522,920,920,920,604,522,920,920,920,920,920,920,920,920,920,920,920,920,920,920,920,920,920,920,920,920
n06874185_ILSVRC2012_val_00021630.png,920,920,920,468,829,829,920,920,498,829,829,920,632,848,829,829,920,920,468,829,829,920,920,920,920,829,920,920,468,920,829,920,920,468,920,468,920,829,468,829,829
n06874185_ILSVRC2012_val_00031292.png,920,920,920,844,920,920,920,920,920,920,920,920,919,919,920,920,920,920,920,919,710,920,920,920,920,920,920,920,920,920,920,920,920,920,920,920,920,920,920,920,920
n06874185_ILSVRC2012_val_00032963.png,920,920,864,555,555,555,920,920,555,920,555,920,555,555,920,859,920,555,555,859,859,920,920,555,920,859,920,555,920,920,766,555,555,555,859,859,920,920,555,627,859
n06874185_ILSVRC2012_val_00039337.png,920,920,777,777,696,913,920,777,777,462,913,920,777,777,696,913,920,777,777,696,913,920,777,777,462,913,920,764,777,696,913,920,777,777,696,913,920,920,777,764,913
n06874185_ILSVRC2012_val_00041744.png,920,920,920,710,920,507,920,920,398,920,784,920,784,398,844,844,920,920,920,543,507,920,920,920,920,920,920,920,920,920,398,920,920,398,920,844,920,920,920,920,844
n06874185_ILSVRC2012_val_00045632.png,920,920,920,920,920,920,920,920,846,920,846,920,495,495,920,729,920,920,495,548,729,920,920,920,920,729,920,920,920,920,729,920,920,920,920,729,920,920,729,920,729
n06874185_ILSVRC2012_val_00045990.png,920,920,863,863,863,733,920,863,863,912,863,920,863,863,863,733,920,920,863,912,733,920,920,733,920,733,920,733,920,863,863,920,733,863,733,733,920,920,920,920,733
n07248320_ILSVRC2012_val_00013429.png,921,921,921,917,921,921,921,921,921,921,921,921,917,917,921,921,921,921,917,543,917,921,921,917,921,917,921,921,921,921,921,921,921,921,921,921,921,921,921,921,921
n07248320_ILSVRC2012_val_00014096.png,921,917,917,610,917,917,921,917,610,917,917,921,414,610,917,917,921,414,797,796,917,921,917,610,796,917,921,921,610,921,917,921,921,610,921,917,921,921,610,921,917
n07565083_ILSVRC2012_val_00002443.png,922,922,922,620,922,922,922,922,418,922,916,922,527,620,922,664,922,620,664,527,527,922,916,916,922,916,922,922,681,922,681,922,922,916,922,916,922,922,664,922,664
n07565083_ILSVRC2012_val_00016212.png,922,922,922,922,922,918,922,922,922,922,918,922,772,398,922,918,922,922,398,918,918,922,922,922,922,922,922,922,398,922,918,922,922,772,922,922,922,922,922,922,918
n07565083_ILSVRC2012_val_00028256.png,922,922,922,922,922,647,922,922,922,647,647,922,845,845,647,647,922,922,845,647,647,922,922,922,922,647,922,922,922,647,647,922,922,922,922,647,922,922,922,922,647
n07565083_ILSVRC2012_val_00031735.png,922,922,922,918,922,922,922,922,922,922,922,922,898,611,922,921,922,922,611,921,921,922,922,922,922,922,922,922,921,922,922,922,922,646,922,922,922,922,922,922,921
n07565083_ILSVRC2012_val_00049622.png,922,922,922,647,922,591,922,922,647,750,741,922,647,647,922,741,922,647,647,750,741,922,922,647,922,741,922,922,922,922,750,922,922,922,922,741,922,922,922,750,741
n07579787_ILSVRC2012_val_00004547.png,923,923,935,935,935,965,923,965,935,935,965,923,935,935,935,965,923,935,935,935,965,923,935,935,935,965,923,935,935,935,965,923,935,935,935,965,923,935,935,935,965
n07579787_ILSVRC2012_val_00033117.png,923,923,910,925,962,962,923,910,925,962,962,923,910,925,962,962,923,118,925,962,962,923,910,925,962,962,923,923,925,962,962,923,910,925,962,962,923,910,925,962,962
n07583066_ILSVRC2012_val_00007475.png,924,965,965,965,965,965,924,965,965,965,965,924,965,965,965,965,924,965,965,965,965,924,965,965,924,965,924,965,965,965,965,924,965,965,965,965,924,965,965,965,965
n07583066_ILSVRC2012_val_00034029.png,924,924,964,964,940,940,924,964,964,940,940,924,964,964,940,940,924,964,964,940,940,924,964,964,940,940,924,964,964,940,940,924,964,964,940,940,924,964,964,940,940
n07583066_ILSVRC2012_val_00040141.png,924,924,924,959,959,959,924,959,959,959,959,924,959,959,959,959,924,959,959,959,959,924,959,959,959,959,924,924,959,959,959,924,959,959,959,959,924,924,940,959,959
n07583066_ILSVRC2012_val_00041753.png,924,924,108,108,327,937,924,909,108,996,937,924,910,108,991,937,924,910,108,356,937,924,910,108,133,937,924,937,108,277,937,924,910,108,924,937,924,910,108,924,937
n07583066_ILSVRC2012_val_00043380.png,924,924,924,924,924,924,924,924,965,924,965,924,965,965,965,965,924,924,924,965,965,924,924,924,924,924,924,924,924,924,965,924,924,924,924,924,924,924,924,924,965
n07584110_ILSVRC2012_val_00024528.png,925,925,700,700,923,117,925,700,700,700,700,925,700,700,923,923,925,700,700,923,923,925,700,700,923,923,925,700,700,923,923,925,700,700,923,923,925,700,700,925,700
n07584110_ILSVRC2012_val_00025228.png,925,925,925,835,835,809,925,809,835,835,809,925,809,835,892,809,925,809,835,644,809,925,925,835,925,809,925,809,892,925,809,925,925,892,925,925,925,925,925,925,925
n07590611_ILSVRC2012_val_00021894.png,926,926,926,828,963,415,926,926,955,933,415,926,828,828,933,415,926,926,828,933,415,926,926,926,926,926,926,926,828,962,962,926,926,926,962,415,926,926,828,467,415
n07590611_ILSVRC2012_val_00024668.png,926,926,926,909,926,937,926,909,909,937,937,926,909,909,937,937,926,909,909,937,937,926,926,909,937,937,926,909,909,937,937,926,926,909,937,937,926,926,909,937,937
n07590611_ILSVRC2012_val_00024997.png,926,926,926,926,124,124,926,567,567,124,124,926,567,567,124,122,926,567,567,122,122,926,567,567,124,124,926,567,567,124,124,926,567,909,124,124,926,567,567,124,124
n07590611_ILSVRC2012_val_00026099.png,926,926,469,909,696,909,926,910,909,866,909,926,731,909,621,909,926,909,909,866,909,926,618,909,909,909,926,926,926,926,909,926,909,909,926,909,926,926,909,926,909
n07613480_ILSVRC2012_val_00019023.png,927,927,927,927,927,927,927,927,927,927,927,927,949,949,927,927,927,927,927,928,928,927,927,927,927,927,927,927,927,927,927,927,927,927,927,927,927,927,927,927,927
n07613480_ILSVRC2012_val_00024797.png,927,927,960,960,927,960,927,927,960,960,927,927,960,960,927,960,927,960,960,960,960,927,927,927,927,960,927,927,960,927,960,927,927,927,927,927,927,927,927,960,960
n07613480_ILSVRC2012_val_00026853.png,927,927,927,963,927,927,927,927,927,927,927,927,963,963,927,927,927,927,927,427,427,927,927,927,927,927,927,927,927,927,927,927,927,927,927,927,927,927,927,927,927
n07613480_ILSVRC2012_val_00028552.png,927,927,927,928,927,619,927,927,928,927,619,927,938,938,927,619,927,927,938,935,619,927,927,938,927,927,927,927,927,927,927,927,927,927,927,927,927,927,927,927,927
n07613480_ILSVRC2012_val_00038412.png,927,927,926,828,809,909,927,469,828,909,909,927,926,828,909,909,927,926,828,909,909,927,927,925,926,909,927,927,927,927,909,927,926,828,909,926,927,927,927,927,909
n07613480_ILSVRC2012_val_00044243.png,927,927,928,928,647,968,927,928,928,969,968,927,928,928,969,968,927,928,928,969,968,927,928,928,969,968,927,927,928,927,968,927,928,928,927,928,927,928,928,969,968
n07614500_ILSVRC2012_val_00028064.png,928,928,415,935,927,927,928,935,935,927,927,928,935,935,927,927,928,935,935,927,927,928,935,935,927,927,928,935,935,927,927,928,935,935,927,927,928,935,935,927,927
n07614500_ILSVRC2012_val_00038852.png,928,928,666,178,463,659,928,209,178,659,659,928,739,178,659,659,928,659,178,659,659,928,961,219,219,659,928,961,178,659,659,928,961,178,961,659,928,961,219,961,219
n07615774_ILSVRC2012_val_00020656.png,929,929,419,629,629,629,929,464,629,629,629,929,611,629,629,629,929,611,629,629,629,929,611,629,629,629,929,611,629,629,629,929,587,563,629,629,929,777,629,629,629
n07615774_ILSVRC2012_val_00023996.png,929,929,929,929,929,836,929,658,971,836,643,929,781,570,836,643,929,929,929,787,643,929,929,929,929,643,929,929,929,929,929,929,929,929,929,929,929,929,929,929,929
n07615774_ILSVRC2012_val_00033375.png,929,929,929,796,846,619,929,929,515,619,619,929,813,813,929,619,929,929,813,619,619,929,792,813,619,619,929,929,929,929,929,929,929,929,929,929,929,929,813,929,929
n07615774_ILSVRC2012_val_00037736.png,929,929,929,695,929,696,929,499,499,105,596,929,499,499,929,499,929,929,499,596,596,929,929,929,929,499,929,929,929,929,499,929,929,929,929,929,929,929,929,929,929
n07684084_ILSVRC2012_val_00007138.png,930,930,329,876,965,965,930,876,876,965,965,930,435,435,965,965,930,435,435,965,965,930,435,435,965,965,930,435,435,965,965,930,467,876,965,965,930,467,467,965,965
n07684084_ILSVRC2012_val_00041610.png,930,963,962,962,963,963,930,930,962,930,963,930,766,766,930,963,930,766,766,963,963,930,930,766,930,963,930,766,766,930,965,930,930,962,930,963,930,930,766,930,963
n07684084_ILSVRC2012_val_00048399.png,930,930,930,599,930,930,930,930,599,930,930,930,599,599,930,859,930,930,599,859,859,930,930,599,930,930,930,930,599,930,930,930,930,599,930,930,930,930,599,930,930
n07693725_ILSVRC2012_val_00024953.png,931,931,931,443,931,931,931,931,551,931,931,931,415,770,931,932,931,415,809,932,932,931,415,770,931,932,931,415,415,931,932,931,931,415,931,931,931,415,415,931,932
n07693725_ILSVRC2012_val_00028873.png,931,931,109,109,109,112,931,109,109,109,112,931,109,109,109,109,931,931,109,116,44,931,109,109,109,109,931,931,109,931,54,931,109,109,931,52,931,931,109,931,52
n07693725_ILSVRC2012_val_00033939.png,931,931,932,950,932,932,931,932,932,932,932,931,932,932,931,932,931,931,931,932,932,931,931,931,932,932,931,931,931,931,931,931,931,931,931,932,931,931,931,931,932
n07693725_ILSVRC2012_val_00035201.png,931,931,327,328,116,112,931,327,328,116,112,931,327,328,112,112,931,327,328,112,112,931,931,327,931,112,931,931,328,931,112,931,931,328,931,112,931,931,328,931,112
n07693725_ILSVRC2012_val_00037065.png,931,931,931,109,931,931,931,931,109,931,109,931,932,109,931,932,931,931,109,932,932,931,931,109,931,931,931,931,109,931,931,931,931,109,931,931,931,931,931,931,931
n07693725_ILSVRC2012_val_00040941.png,931,931,544,932,963,964,931,931,932,964,964,931,932,932,964,964,931,931,932,964,964,931,931,953,964,964,931,931,931,964,964,931,931,931,964,964,931,931,931,964,964
n07693725_ILSVRC2012_val_00043248.png,931,931,931,931,931,932,931,931,932,931,931,931,932,932,931,932,931,931,932,932,932,931,931,931,931,931,931,931,931,931,931,931,931,931,932,932,931,931,931,931,931
n07693725_ILSVRC2012_val_00045277.png,931,931,931,931,931,950,931,931,931,931,950,931,950,932,931,950,931,950,931,950,950,931,950,415,950,950,931,931,931,931,931,931,931,931,931,931,931,931,931,931,931
n07695742_ILSVRC2012_val_00000891.png,932,932,932,932,415,415,932,790,415,766,766,932,534,930,534,931,932,932,931,534,931,932,932,932,932,931,932,932,932,932,932,932,932,932,932,932,932,932,932,932,931
n07695742_ILSVRC2012_val_00007192.png,932,932,932,932,932,931,932,932,931,931,931,932,931,931,932,931,932,932,931,931,931,932,932,932,932,932,932,932,932,932,931,932,932,932,932,932,932,932,932,932,932
n07695742_ILSVRC2012_val_00012064.png,932,932,932,63,816,125,932,932,63,932,125,932,679,63,932,125,932,932,63,809,125,932,932,56,925,125,932,932,63,932,125,932,932,63,932,125,932,932,63,932,125
n07695742_ILSVRC2012_val_00017047.png,932,932,964,441,932,923,932,932,441,927,712,932,918,868,932,868,932,932,868,928,868,932,868,868,868,868,932,932,932,932,868,932,932,932,932,932,932,932,932,932,932
n07695742_ILSVRC2012_val_00025057.png,932,932,932,932,932,932,932,932,932,932,932,932,987,987,567,567,932,932,932,567,567,932,932,932,932,932,932,932,932,932,932,932,932,932,932,932,932,932,932,932,932
n07695742_ILSVRC2012_val_00025390.png,932,932,932,999,932,700,932,700,700,700,999,932,934,700,932,700,932,934,700,960,700,932,932,700,932,700,932,932,700,960,700,932,932,700,932,700,932,932,700,932,700
n07697313_ILSVRC2012_val_00006210.png,933,933,947,997,965,965,933,947,997,965,965,933,947,997,965,965,933,933,997,965,965,933,933,933,933,965,933,933,933,965,965,933,933,933,933,965,933,933,933,933,965
n07697313_ILSVRC2012_val_00026756.png,933,933,932,987,923,124,933,933,987,816,923,933,61,987,923,923,933,933,987,868,923,933,933,987,923,923,933,415,998,923,923,933,934,987,923,923,933,933,987,933,923
n07697313_ILSVRC2012_val_00039983.png,933,933,931,599,933,933,933,933,599,964,964,933,931,599,964,964,933,933,599,964,964,933,931,599,933,964,933,933,933,933,933,933,933,933,933,964,933,933,931,933,964
n07697313_ILSVRC2012_val_00040256.png,933,933,930,987,930,931,933,933,987,933,933,933,930,987,933,931,933,930,987,931,931,933,930,987,931,931,933,930,998,933,931,933,930,987,930,931,933,933,987,933,933
n07697313_ILSVRC2012_val_00044254.png,933,933,933,931,934,947,933,415,931,934,923,933,931,931,934,923,933,931,931,934,923,933,931,933,934,923,933,931,931,934,923,933,933,931,934,923,933,933,933,934,923
n07697313_ILSVRC2012_val_00049472.png,933,933,933,933,934,965,933,933,965,959,965,933,965,965,959,965,933,965,965,959,965,933,965,965,923,965,933,933,965,959,965,933,933,965,959,965,933,933,933,933,965
n07697537_ILSVRC2012_val_00003930.png,934,934,930,930,965,965,934,934,930,934,965,934,930,930,965,965,934,934,930,965,965,934,934,934,965,965,934,934,930,965,965,934,934,930,965,965,934,934,934,965,965
n07697537_ILSVRC2012_val_00010910.png,934,934,934,962,934,934,934,962,962,928,928,934,962,962,928,928,934,962,962,928,928,934,962,962,928,928,934,934,923,934,928,934,934,934,934,928,934,930,930,934,928
n07697537_ILSVRC2012_val_00024917.png,934,934,934,962,934,962,934,934,933,934,963,934,931,933,933,933,934,933,933,933,933,934,934,934,933,933,934,934,934,809,933,934,934,933,934,933,934,933,933,933,933
n07697537_ILSVRC2012_val_00032446.png,934,934,934,709,963,658,934,934,709,963,434,934,434,709,934,496,934,434,748,963,496,934,934,709,934,934,934,934,434,934,911,934,934,709,934,434,934,934,709,934,934
n07697537_ILSVRC2012_val_00040195.png,934,934,934,79,924,126,934,934,79,934,126,934,79,79,126,126,934,934,126,126,126,934,934,934,934,934,934,124,124,124,126,934,934,934,126,126,934,934,126,126,126
n07697537_ILSVRC2012_val_00048937.png,934,963,963,963,963,963,934,963,963,963,963,934,963,963,963,963,934,963,963,963,963,934,963,963,965,963,934,963,963,963,963,934,963,963,963,963,934,963,963,963,963
n07711569_ILSVRC2012_val_00004122.png,935,935,452,112,938,938,935,911,112,938,938,935,463,112,938,938,935,452,112,938,938,935,738,112,938,938,935,911,112,938,938,935,935,112,938,938,935,935,112,938,938
n07711569_ILSVRC2012_val_00009675.png,935,935,544,959,961,996,935,959,959,659,996,935,909,959,659,996,935,544,959,659,996,935,544,959,659,996,935,963,959,961,996,935,544,959,961,996,935,567,959,961,996
n07711569_ILSVRC2012_val_00012153.png,935,935,700,578,591,591,935,700,470,591,700,935,700,470,591,700,935,700,470,591,700,935,700,470,591,700,935,700,470,591,700,935,700,470,591,700,935,700,470,591,700
n07711569_ILSVRC2012_val_00028805.png,935,935,934,108,109,109,935,934,955,109,109,935,934,955,108,109,935,934,955,108,109,935,934,108,108,109,935,935,955,108,109,935,934,955,109,109,935,935,533,108,109
n07711569_ILSVRC2012_val_00029844.png,935,935,959,959,959,959,935,959,959,959,959,935,959,959,959,959,935,959,959,959,959,935,959,959,959,959,935,959,959,959,959,935,959,959,959,959,935,959,959,959,959
n07711569_ILSVRC2012_val_00032752.png,935,935,891,828,891,891,935,891,828,891,891,935,891,828,891,891,935,891,544,891,891,935,108,935,891,891,935,891,935,891,891,935,891,935,891,891,935,935,828,891,891
n07711569_ILSVRC2012_val_00033636.png,935,935,109,930,109,961,935,109,930,109,961,935,109,930,109,961,935,109,930,109,961,935,109,930,109,961,935,109,930,109,961,935,109,930,109,961,935,109,930,109,961
n07714571_ILSVRC2012_val_00003020.png,936,936,955,955,938,938,936,790,955,938,938,936,791,955,938,938,936,582,955,938,938,936,936,955,938,938,936,791,582,938,938,936,582,955,938,938,936,582,582,938,938
n07714571_ILSVRC2012_val_00017211.png,936,936,936,938,936,936,936,936,938,936,107,936,938,938,936,936,936,936,938,774,644,936,936,936,936,936,936,936,936,936,936,936,936,936,936,936,936,936,936,936,936
n07714571_ILSVRC2012_val_00021265.png,936,936,938,431,944,996,936,938,431,936,947,936,938,431,738,947,936,938,431,738,947,936,936,431,738,947,936,936,431,936,996,936,936,431,738,944,936,936,936,936,936
n07714571_ILSVRC2012_val_00046631.png,936,936,936,55,936,939,936,936,55,936,939,936,310,55,936,939,936,936,55,939,939,936,936,936,936,936,936,936,55,936,936,936,936,936,936,936,936,936,936,936,936
n07714990_ILSVRC2012_val_00003600.png,937,937,937,936,937,925,937,937,936,937,925,937,463,936,809,925,937,937,936,925,925,937,937,936,937,925,937,937,937,937,937,937,937,936,937,926,937,937,937,937,937
n07714990_ILSVRC2012_val_00009259.png,937,937,937,945,950,937,937,937,945,950,939,937,941,945,950,939,937,937,945,950,939,937,937,937,937,939,937,937,937,937,939,937,937,937,937,939,937,937,937,937,937
n07714990_ILSVRC2012_val_00016725.png,937,937,939,55,939,939,937,937,55,939,939,937,55,64,939,939,937,939,55,939,939,937,937,55,937,939,937,937,109,937,937,937,937,973,937,939,937,937,973,937,937
n07714990_ILSVRC2012_val_00017318.png,937,937,738,539,504,504,937,504,721,504,968,937,504,611,504,504,937,937,611,504,504,937,937,611,968,504,937,738,611,504,504,937,937,611,968,968,937,937,611,937,504
n07714990_ILSVRC2012_val_00024367.png,937,937,956,956,937,956,937,956,956,956,956,937,938,938,938,956,937,938,938,938,956,937,937,938,938,956,937,937,938,937,956,937,938,938,938,956,937,937,938,937,956
n07714990_ILSVRC2012_val_00028003.png,937,937,973,533,973,84,937,973,936,973,84,937,88,797,14,14,937,88,797,14,14,937,88,797,973,973,937,390,936,390,14,937,390,936,390,14,937,390,797,390,14
n07714990_ILSVRC2012_val_00028740.png,937,937,937,943,937,937,937,937,46,937,937,937,677,783,937,943,937,937,692,962,962,937,937,783,937,937,937,937,677,937,937,937,937,539,937,937,937,937,328,937,937
n07714990_ILSVRC2012_val_00033384.png,937,937,937,936,937,937,937,937,936,937,937,937,64,936,937,937,937,937,936,938,937,937,937,936,937,937,937,937,937,937,937,937,937,937,937,937,937,937,937,937,937
n07714990_ILSVRC2012_val_00035639.png,937,937,937,937,937,937,937,937,937,937,937,937,55,936,937,937,937,937,937,938,937,937,937,937,937,937,937,937,937,937,937,937,937,937,937,937,937,937,937,937,937
n07714990_ILSVRC2012_val_00037690.png,937,937,936,938,938,938,937,937,937,937,938,937,936,938,937,938,937,937,938,938,938,937,937,938,937,938,937,937,938,937,938,937,937,938,938,938,937,937,938,937,938
n07714990_ILSVRC2012_val_00038267.png,937,937,937,973,937,51,937,39,973,378,36,937,39,973,370,49,937,937,973,378,35,937,937,973,937,36,937,937,937,370,35,937,937,937,937,937,937,937,937,937,35
n07714990_ILSVRC2012_val_00048833.png,937,937,937,797,474,474,937,937,797,937,474,937,775,797,474,474,937,937,797,474,474,937,937,797,937,474,937,937,936,937,911,937,937,797,474,474,937,937,797,937,474
n07715103_ILSVRC2012_val_00010591.png,938,938,964,944,964,964,938,964,109,964,964,938,964,964,964,964,938,964,964,964,964,938,964,109,964,964,938,964,947,964,964,938,964,964,964,964,938,964,964,964,964
n07715103_ILSVRC2012_val_00021277.png,938,938,938,109,109,911,938,533,109,109,911,938,533,109,109,911,938,533,109,109,911,938,533,109,109,911,938,938,109,938,911,938,938,109,938,911,938,938,109,938,911
n07715103_ILSVRC2012_val_00024644.png,938,938,936,936,936,936,938,936,936,936,936,938,943,936,936,936,938,936,936,936,936,938,938,936,936,936,938,938,936,936,936,938,938,936,936,936,938,938,936,936,936
n07715103_ILSVRC2012_val_00026372.png,938,938,109,936,938,109,938,938,109,938,109,938,434,936,938,109,938,452,109,785,109,938,938,936,936,109,938,938,936,938,109,938,938,936,936,109,938,938,109,938,109
n07715103_ILSVRC2012_val_00026586.png,938,938,938,105,938,988,938,937,377,937,988,938,937,298,938,988,938,938,287,937,988,938,938,298,938,988,938,938,287,938,988,938,938,298,938,938,938,938,298,938,988
n07715103_ILSVRC2012_val_00032107.png,938,938,938,938,938,937,938,937,937,937,937,938,937,937,938,937,938,938,937,937,937,938,938,937,938,937,938,938,937,938,937,938,938,937,938,937,938,938,938,938,937
n07715103_ILSVRC2012_val_00032616.png,938,938,938,936,938,937,938,938,937,938,937,938,939,943,938,584,938,938,938,584,584,938,938,938,938,938,938,938,938,938,938,938,938,938,938,938,938,938,938,938,938
n07715103_ILSVRC2012_val_00038343.png,938,938,938,109,109,363,938,938,109,850,363,938,174,109,938,363,938,938,109,265,363,938,938,109,911,363,938,938,109,938,938,938,938,109,938,938,938,938,109,938,938
n07716358_ILSVRC2012_val_00012513.png,939,939,939,514,939,943,939,464,514,943,943,939,514,514,943,943,939,514,514,943,943,939,514,514,943,943,939,514,514,943,943,939,514,514,943,943,939,514,514,943,943
n07716358_ILSVRC2012_val_00016672.png,939,939,943,943,955,941,939,943,943,951,941,939,943,943,855,941,939,943,943,855,941,939,943,943,855,941,939,943,943,947,941,939,939,943,855,941,939,939,943,947,941
n07716358_ILSVRC2012_val_00041945.png,939,939,943,948,939,943,939,939,948,943,943,939,943,948,943,943,939,943,948,943,943,939,943,948,943,943,939,939,948,943,943,939,943,948,943,943,939,939,948,943,943
n07716906_ILSVRC2012_val_00000886.png,940,940,502,502,502,112,940,942,942,721,112,940,942,942,700,112,940,942,961,700,112,940,942,942,643,112,940,942,940,767,112,940,961,961,911,112,940,942,961,700,112
n07716906_ILSVRC2012_val_00021629.png,940,940,940,938,940,659,940,940,938,927,924,940,470,938,659,659,940,470,938,470,659,940,940,938,470,659,940,940,938,936,659,940,940,938,940,659,940,940,938,909,924
n07716906_ILSVRC2012_val_00026745.png,940,940,955,987,940,721,940,940,987,935,748,940,868,987,935,748,940,940,987,935,748,940,963,987,935,748,940,940,998,935,748,940,940,998,940,748,940,940,987,940,748
n07716906_ILSVRC2012_val_00030465.png,940,940,997,994,997,997,940,997,994,997,997,940,997,994,940,997,940,997,994,991,997,940,940,994,940,997,940,940,994,940,997,940,997,994,997,997,940,997,994,940,997
n07717410_ILSVRC2012_val_00020078.png,941,941,941,109,941,641,941,941,109,941,641,941,940,109,363,522,941,941,109,363,522,941,941,109,941,641,941,941,109,940,582,941,941,109,941,582,941,941,109,941,641
n07717410_ILSVRC2012_val_00020547.png,941,941,941,940,941,940,941,941,940,941,940,941,955,940,940,940,941,941,940,940,940,941,941,940,941,940,941,941,940,940,940,941,941,940,941,940,941,941,940,940,940
n07717410_ILSVRC2012_val_00027719.png,941,941,941,942,941,941,941,941,36,941,941,941,942,942,942,942,941,942,942,942,942,941,941,942,941,941,941,941,942,941,942,941,941,942,941,942,941,941,941,941,941
n07717410_ILSVRC2012_val_00030247.png,941,941,941,940,941,940,941,941,940,941,940,941,947,940,941,940,941,941,940,934,940,941,941,941,941,941,941,941,941,941,941,941,941,941,941,941,941,941,941,941,941
n07717410_ILSVRC2012_val_00031900.png,941,941,611,611,932,932,941,932,611,932,932,941,611,611,932,932,941,611,611,932,932,941,941,611,941,941,941,611,611,932,932,941,941,611,932,932,941,941,611,932,932
n07717556_ILSVRC2012_val_00013254.png,942,942,390,806,816,954,942,777,806,385,954,942,777,806,942,942,942,942,806,385,954,942,942,806,101,954,942,777,806,587,942,942,666,806,942,942,942,942,587,942,942
n07717556_ILSVRC2012_val_00017449.png,942,942,910,954,942,954,942,954,955,940,940,942,940,940,947,940,942,940,940,940,940,942,942,942,940,942,942,942,942,942,942,942,942,942,942,940,942,940,940,940,940
n07717556_ILSVRC2012_val_00029658.png,942,942,700,806,806,737,942,619,619,806,680,942,619,619,619,737,942,619,700,940,680,942,619,619,940,737,942,883,883,942,737,942,883,846,942,680,942,883,619,942,737
n07717556_ILSVRC2012_val_00035220.png,942,942,942,950,865,865,942,950,949,582,509,942,950,950,684,684,942,950,950,684,684,942,942,950,942,502,942,942,950,942,684,942,942,949,942,684,942,942,949,942,684
n07717556_ILSVRC2012_val_00044236.png,942,942,112,112,666,666,942,644,112,666,666,942,112,112,666,502,942,112,112,666,666,942,112,112,666,502,942,684,112,666,502,942,942,112,666,502,942,942,112,666,666
n07718747_ILSVRC2012_val_00011408.png,944,944,944,944,944,956,944,944,944,944,956,944,574,805,944,956,944,944,944,543,956,944,944,944,944,956,944,944,944,944,956,944,956,944,944,956,944,944,944,944,956
n07718747_ILSVRC2012_val_00024291.png,944,944,944,946,109,944,944,944,946,109,946,944,108,946,109,946,944,944,946,109,946,944,944,946,944,944,944,944,946,944,944,944,944,944,944,944,944,944,944,944,944
n07718747_ILSVRC2012_val_00035554.png,944,944,309,904,988,956,944,956,904,956,956,944,125,904,956,956,944,125,904,956,956,944,944,904,944,956,944,944,66,944,956,944,944,944,944,956,944,944,904,944,956
n07718747_ILSVRC2012_val_00035900.png,944,944,944,815,944,946,944,311,815,944,953,944,312,78,301,946,944,944,310,301,946,944,944,944,944,944,944,944,944,944,946,944,944,988,944,946,944,944,988,944,946
n07718747_ILSVRC2012_val_00042221.png,944,944,946,946,944,946,944,944,946,946,946,944,552,946,946,946,944,946,946,946,946,944,946,946,946,946,944,946,946,944,946,944,946,946,946,946,944,944,946,944,946
n07718747_ILSVRC2012_val_00045187.png,944,944,946,946,946,946,944,946,946,946,946,944,324,946,946,946,944,946,946,946,946,944,946,946,946,946,944,946,946,946,946,944,946,946,946,946,944,946,946,946,946
n07718747_ILSVRC2012_val_00047856.png,944,944,944,109,109,956,944,944,109,956,956,944,126,109,393,956,944,126,109,48,956,944,944,109,956,956,944,126,109,956,956,944,944,109,956,956,944,944,109,956,956
n07720875_ILSVRC2012_val_00005061.png,945,945,945,948,948,948,945,945,948,948,948,945,948,948,948,948,945,945,948,948,948,945,945,945,948,948,945,945,945,945,948,945,945,945,945,948,945,945,945,945,948
n07720875_ILSVRC2012_val_00005981.png,945,945,943,943,943,943,945,943,943,943,943,945,943,943,943,943,945,943,943,943,943,945,943,943,943,943,945,943,943,943,943,945,945,943,943,943,945,943,943,943,943
n07720875_ILSVRC2012_val_00027915.png,945,945,55,55,988,952,945,55,55,55,951,945,64,64,55,951,945,945,55,852,951,945,945,55,945,951,945,945,109,364,951,945,945,55,986,951,945,945,55,945,945
n07720875_ILSVRC2012_val_00028090.png,945,945,945,55,943,943,945,945,55,943,943,945,700,64,945,943,945,700,55,943,943,945,700,55,943,943,945,945,109,945,943,945,945,327,943,943,945,945,55,943,943
n07720875_ILSVRC2012_val_00028373.png,945,945,989,940,310,937,945,951,940,301,937,945,940,940,309,937,945,940,940,310,937,945,940,940,301,937,945,945,942,945,937,945,945,940,950,937,945,940,942,945,937
n07720875_ILSVRC2012_val_00041116.png,945,945,943,943,943,943,945,943,943,939,941,945,943,943,939,941,945,943,943,939,941,945,943,943,939,941,945,943,943,943,941,945,943,943,943,941,945,943,943,939,941
n07720875_ILSVRC2012_val_00045695.png,945,945,952,328,945,945,945,943,828,943,943,945,951,828,987,987,945,939,55,987,987,945,945,945,945,945,945,945,55,945,945,945,945,945,945,945,945,945,945,945,945
n07720875_ILSVRC2012_val_00046235.png,945,945,943,852,943,943,945,945,943,945,943,945,948,852,945,943,945,945,948,948,943,945,945,945,945,943,945,945,932,945,943,945,948,931,931,943,945,931,932,931,943
n07730033_ILSVRC2012_val_00002804.png,946,946,946,944,946,944,946,946,944,946,946,946,944,944,944,944,946,944,944,944,944,946,946,944,946,944,946,946,944,946,946,946,946,944,946,946,946,946,944,946,944
n07730033_ILSVRC2012_val_00004728.png,946,946,946,815,946,946,946,946,815,946,946,946,941,815,946,944,946,946,74,944,944,946,946,946,946,946,946,946,815,946,946,946,946,946,946,946,946,946,946,946,953
n07730033_ILSVRC2012_val_00040017.png,946,946,108,108,108,108,946,946,985,946,108,946,985,985,309,108,946,946,985,309,108,946,946,946,946,108,946,946,946,946,108,946,946,108,946,108,946,946,946,946,108
n07730033_ILSVRC2012_val_00041488.png,946,946,946,946,946,946,946,309,309,309,309,946,309,309,946,946,946,946,309,944,944,946,946,946,946,946,946,946,946,946,946,946,946,309,946,946,946,946,946,946,946
n07730033_ILSVRC2012_val_00047735.png,946,946,946,108,946,108,946,946,944,946,946,946,936,936,946,108,946,946,946,506,108,946,946,944,946,108,946,946,946,946,946,946,946,108,946,108,946,946,944,946,108
n07734744_ILSVRC2012_val_00010608.png,947,947,997,997,947,997,947,997,997,947,947,947,997,997,947,997,947,997,997,120,997,947,947,947,947,947,947,997,997,947,997,947,947,997,947,997,947,997,997,947,997
n07734744_ILSVRC2012_val_00022068.png,947,947,947,815,947,947,947,947,363,947,947,947,45,904,947,992,947,947,947,998,992,947,947,947,947,992,947,947,947,947,947,947,947,947,947,947,947,947,947,947,947
n07742313_ILSVRC2012_val_00003581.png,948,948,948,109,948,948,948,641,849,94,86,948,56,849,948,86,948,883,883,94,86,948,948,948,948,88,948,948,883,94,98,948,948,719,948,86,948,948,948,948,82
n07742313_ILSVRC2012_val_00007029.png,948,948,948,109,948,55,948,948,611,948,55,948,931,611,938,55,948,948,611,938,55,948,948,611,938,55,948,948,611,938,55,948,948,611,948,55,948,948,948,948,55
n07742313_ILSVRC2012_val_00016931.png,948,948,952,33,952,952,948,952,33,952,952,948,952,33,952,952,948,952,33,952,952,948,952,33,952,952,948,310,33,995,952,948,944,947,952,952,948,952,169,995,952
n07742313_ILSVRC2012_val_00018708.png,948,948,951,951,951,318,948,948,948,937,310,948,113,113,948,108,948,948,113,937,107,948,948,948,948,108,948,948,948,948,107,948,948,948,948,948,948,948,948,948,948
n07742313_ILSVRC2012_val_00034820.png,948,948,943,943,943,783,948,948,943,948,783,948,943,943,943,783,948,943,943,943,783,948,948,943,943,783,948,948,943,577,783,948,948,943,943,783,948,943,943,948,783
n07742313_ILSVRC2012_val_00036263.png,948,948,948,951,951,952,948,948,109,952,952,948,941,574,952,952,948,948,948,952,952,948,948,948,948,952,948,948,948,948,952,948,948,948,948,952,948,948,948,948,952
n07742313_ILSVRC2012_val_00038184.png,948,948,948,109,109,987,948,948,109,39,987,948,112,36,363,987,948,952,109,363,998,948,948,936,588,998,948,948,936,936,987,948,948,936,582,582,948,948,582,931,582
n07742313_ILSVRC2012_val_00045087.png,948,948,948,611,948,988,948,948,611,948,328,948,113,611,948,328,948,948,611,584,328,948,948,611,948,328,948,948,948,948,948,948,948,611,948,328,948,948,948,948,948
n07745940_ILSVRC2012_val_00023739.png,949,949,949,949,949,953,949,949,949,949,953,949,957,953,949,953,949,949,953,953,953,949,949,949,949,949,949,949,949,949,949,949,949,949,949,949,949,949,949,949,949
n07745940_ILSVRC2012_val_00041409.png,949,949,949,883,949,949,949,949,949,949,949,949,725,619,949,619,949,883,619,883,619,949,949,496,949,619,949,949,496,949,949,949,949,883,949,949,949,949,949,949,949
n07747607_ILSVRC2012_val_00005888.png,950,950,950,427,950,797,950,950,582,950,728,950,942,582,950,728,950,942,582,945,728,950,950,950,950,950,950,950,582,950,950,950,950,582,950,728,950,950,950,950,728
n07747607_ILSVRC2012_val_00006756.png,950,950,950,429,950,850,950,950,429,950,850,950,363,429,850,850,950,950,429,850,850,950,950,429,950,850,950,950,429,577,852,950,950,522,997,852,950,950,522,577,852
n07747607_ILSVRC2012_val_00014311.png,950,950,950,942,931,931,950,942,942,931,931,950,942,942,931,931,950,942,942,931,931,950,942,942,931,931,950,942,942,931,931,950,942,942,931,931,950,930,930,931,931
n07747607_ILSVRC2012_val_00043565.png,950,950,950,607,950,773,950,607,607,950,773,950,607,607,773,773,950,607,607,773,773,950,607,607,950,773,950,607,607,607,773,950,607,607,950,773,950,607,607,773,773
n07749582_ILSVRC2012_val_00039834.png,951,951,961,852,961,961,951,961,852,961,961,951,961,852,961,961,951,961,852,961,961,951,961,852,961,961,951,961,852,961,961,951,961,852,961,961,951,961,852,961,961
n07753113_ILSVRC2012_val_00015659.png,952,952,952,952,952,952,952,952,952,952,988,952,988,941,952,988,952,952,952,988,988,952,952,952,952,952,952,952,952,952,952,952,952,952,952,952,952,952,952,952,952
n07753113_ILSVRC2012_val_00017076.png,952,952,952,952,952,816,952,952,952,911,952,952,942,942,868,868,952,952,952,868,868,952,952,952,868,868,952,952,952,868,728,952,952,952,868,936,952,952,952,868,868
n07753113_ILSVRC2012_val_00017371.png,952,952,952,55,952,954,952,952,55,952,952,952,948,64,952,954,952,952,55,363,954,952,952,952,952,954,952,952,952,952,952,952,952,952,952,952,952,952,55,952,952
n07753113_ILSVRC2012_val_00023527.png,952,952,952,952,952,987,952,952,957,957,987,952,957,957,952,987,952,952,957,987,987,952,952,957,952,987,952,952,957,988,957,952,952,952,952,952,952,952,952,952,957
n07753113_ILSVRC2012_val_00036214.png,952,952,952,950,952,119,952,952,952,952,121,952,950,950,952,121,952,952,950,327,121,952,952,950,952,121,952,952,952,952,118,952,952,952,952,118,952,952,952,952,121
n07753275_ILSVRC2012_val_00009015.png,953,953,953,815,953,76,953,953,953,953,953,953,334,107,953,107,953,953,953,76,107,953,953,953,953,953,953,953,953,953,953,953,953,953,953,953,953,953,953,953,953
n07753275_ILSVRC2012_val_00011347.png,953,953,944,996,944,996,953,112,996,996,996,953,112,996,996,996,953,112,996,996,996,953,953,996,953,996,953,953,996,996,996,953,953,953,953,996,953,953,996,953,996
n07753275_ILSVRC2012_val_00015406.png,953,953,953,509,953,509,953,953,953,953,509,953,509,509,953,509,953,953,953,509,509,953,953,953,953,509,953,953,953,953,953,953,953,953,953,953,953,953,953,953,953
n07753275_ILSVRC2012_val_00045670.png,953,953,928,928,928,928,953,928,928,928,928,953,928,928,928,928,953,928,928,928,960,953,928,928,928,960,953,928,928,928,960,953,928,928,928,928,953,928,928,928,928
n07753592_ILSVRC2012_val_00000605.png,954,954,953,109,953,996,954,953,109,953,996,954,996,611,996,996,954,996,611,991,996,954,954,611,996,996,954,953,611,389,996,954,998,0,391,996,954,998,611,998,996
n07753592_ILSVRC2012_val_00001849.png,954,954,434,939,797,797,954,939,939,797,797,954,939,939,943,797,954,939,939,797,797,954,582,939,797,797,954,939,939,797,797,954,954,939,954,797,954,939,939,939,797
n07753592_ILSVRC2012_val_00012131.png,954,954,967,828,954,809,954,954,502,809,111,954,809,502,435,111,954,809,502,809,111,954,809,502,809,111,954,659,502,659,111,954,659,968,659,111,954,954,541,659,111
n07753592_ILSVRC2012_val_00012444.png,954,954,749,721,562,604,954,749,611,541,875,954,749,611,542,776,954,749,611,541,875,954,749,611,541,566,954,29,611,273,566,954,341,611,459,566,954,299,611,954,776
n07753592_ILSVRC2012_val_00023220.png,954,954,434,434,434,61,954,529,434,434,390,954,611,434,434,390,954,611,434,911,111,954,434,434,434,885,954,611,434,911,111,954,885,434,911,885,954,611,434,911,748
n07753592_ILSVRC2012_val_00031781.png,954,954,954,939,954,939,954,954,939,954,939,954,939,939,954,939,954,954,954,939,939,954,954,954,954,954,954,954,954,954,954,954,954,954,954,954,954,954,954,954,954
n07753592_ILSVRC2012_val_00034098.png,954,954,940,930,954,930,954,940,930,954,930,954,940,930,954,930,954,940,930,506,930,954,940,930,954,930,954,954,930,954,930,954,930,930,943,930,954,940,930,954,930
n07753592_ILSVRC2012_val_00043863.png,954,954,942,794,942,942,954,942,611,942,942,954,942,611,942,942,954,942,885,942,942,954,942,910,942,940,954,942,611,910,942,954,942,885,930,942,954,942,910,942,940
n07754684_ILSVRC2012_val_00013939.png,955,955,955,955,955,955,955,955,955,955,955,955,951,951,955,955,955,955,951,951,951,955,955,955,955,955,955,955,955,955,955,955,955,955,955,955,955,955,955,955,955
n07754684_ILSVRC2012_val_00024955.png,955,955,959,909,955,951,955,955,567,951,951,955,909,909,955,951,955,955,909,951,951,955,955,955,955,955,955,955,955,955,951,955,955,955,955,951,955,955,955,955,950
n07754684_ILSVRC2012_val_00026562.png,955,955,955,955,955,911,955,955,953,971,911,955,935,953,971,911,955,955,955,971,911,955,955,955,955,911,955,955,955,955,911,955,955,953,971,816,955,955,955,955,911
n07754684_ILSVRC2012_val_00026658.png,955,955,955,735,955,735,955,955,735,955,735,955,918,824,735,735,955,955,735,735,824,955,955,735,955,735,955,955,955,955,955,955,955,955,955,955,955,955,955,955,955
n07754684_ILSVRC2012_val_00036593.png,955,955,955,956,955,955,955,956,956,955,955,955,912,956,955,945,955,912,956,315,945,955,955,956,955,945,955,955,956,955,956,955,956,956,956,943,955,990,956,955,956
n07754684_ILSVRC2012_val_00037665.png,955,955,850,721,39,390,955,955,721,955,109,955,591,721,806,390,955,591,721,806,390,955,955,721,806,973,955,955,721,806,390,955,955,721,955,329,955,955,721,806,390
n07754684_ILSVRC2012_val_00038581.png,955,955,955,806,955,55,955,955,390,955,55,955,390,390,55,55,955,390,390,55,55,955,955,955,955,55,955,955,955,955,55,955,955,955,955,55,955,955,955,955,55
n07754684_ILSVRC2012_val_00048803.png,955,955,955,109,955,109,955,955,109,955,109,955,109,109,109,109,955,109,109,115,109,955,955,109,955,109,955,955,109,955,109,955,955,109,955,109,955,109,109,955,109
n07760859_ILSVRC2012_val_00002217.png,956,956,938,944,956,944,956,944,944,953,953,956,944,944,956,953,956,956,944,953,953,956,944,944,956,953,956,956,944,956,953,956,944,944,956,956,956,956,944,956,956
n07760859_ILSVRC2012_val_00002336.png,956,956,956,929,927,927,956,928,415,927,927,956,470,929,949,927,956,470,929,927,927,956,470,470,927,927,956,956,929,927,927,956,956,929,928,956,956,956,949,927,927
n07760859_ILSVRC2012_val_00003228.png,956,956,116,611,116,69,956,956,611,956,956,956,700,611,956,868,956,700,611,868,868,956,956,611,956,868,956,956,611,956,956,956,956,611,956,956,956,956,611,956,956
n07760859_ILSVRC2012_val_00011441.png,956,956,937,109,937,937,956,937,109,937,937,956,937,971,937,937,956,937,125,937,937,956,937,971,937,937,956,937,109,937,937,956,956,112,937,937,956,937,112,937,937
n07760859_ILSVRC2012_val_00031795.png,956,956,787,611,684,112,956,787,611,684,112,956,787,611,684,112,956,787,611,684,112,956,787,611,684,112,956,787,611,684,112,956,787,611,684,112,956,787,611,684,112
n07760859_ILSVRC2012_val_00047369.png,956,956,956,936,109,937,956,956,936,937,937,956,938,936,937,937,956,956,936,937,937,956,952,936,937,937,956,956,582,937,937,956,956,109,956,937,956,956,467,956,937
n07760859_ILSVRC2012_val_00049677.png,956,956,956,318,956,326,956,956,815,956,326,956,40,611,956,956,956,956,611,40,326,956,956,611,956,956,956,956,956,956,956,956,956,611,956,956,956,956,956,956,956
n07768694_ILSVRC2012_val_00006503.png,957,957,957,828,957,521,957,957,828,521,521,957,828,828,957,521,957,957,987,521,521,957,957,990,957,124,957,957,828,957,521,957,957,828,957,521,957,957,828,957,957
n07768694_ILSVRC2012_val_00009129.png,957,957,957,957,957,957,957,957,957,957,957,957,949,949,957,957,957,957,957,960,960,957,957,957,957,957,957,957,957,957,957,957,957,957,957,957,957,957,957,957,957
n07768694_ILSVRC2012_val_00010502.png,957,957,957,957,957,957,957,957,957,957,957,957,938,961,965,965,957,957,928,965,965,957,957,961,965,965,957,957,957,957,957,957,957,957,957,957,957,957,957,957,957
n07768694_ILSVRC2012_val_00018186.png,957,957,957,957,957,963,957,957,957,963,963,957,967,952,963,963,957,957,957,963,963,957,990,990,963,963,957,957,957,957,963,957,957,957,963,963,957,957,957,957,963
n07768694_ILSVRC2012_val_00028928.png,957,957,957,911,957,957,957,957,616,957,720,957,855,616,720,720,957,957,616,720,720,957,949,429,957,720,957,957,506,957,987,957,957,816,957,990,957,957,949,957,987
n07768694_ILSVRC2012_val_00040282.png,957,957,957,987,957,987,957,957,109,957,987,957,945,987,957,582,957,957,987,987,987,957,957,987,957,987,957,957,108,957,957,957,957,109,957,957,957,957,506,957,957
n07802026_ILSVRC2012_val_00005847.png,958,958,958,425,958,611,958,958,425,958,611,958,425,580,425,611,958,958,958,912,611,958,958,958,958,611,958,958,958,958,611,958,958,958,958,611,958,958,958,958,611
n07802026_ILSVRC2012_val_00008745.png,958,958,958,214,295,226,958,101,730,233,226,958,101,236,853,226,958,958,214,221,226,958,958,690,958,226,958,958,856,856,226,958,690,690,690,226,958,690,690,690,226
n07802026_ILSVRC2012_val_00018231.png,958,958,958,611,958,405,958,958,611,958,807,958,733,611,733,807,958,958,611,5,807,958,958,611,958,807,958,958,611,958,807,958,958,611,958,755,958,958,611,852,807
n07802026_ILSVRC2012_val_00020287.png,958,958,958,611,958,970,958,958,611,958,979,958,646,611,646,970,958,646,611,970,970,958,958,611,970,970,958,958,611,958,970,958,958,611,958,345,958,958,611,958,970
n07802026_ILSVRC2012_val_00022514.png,958,958,109,109,958,86,958,958,611,958,287,958,103,611,958,287,958,958,611,287,287,958,958,611,958,287,958,958,611,958,331,958,958,611,958,331,958,958,611,958,106
n07802026_ILSVRC2012_val_00034579.png,958,958,958,958,958,958,958,958,958,958,958,958,574,984,958,979,958,958,958,937,979,958,958,958,958,958,958,958,958,958,958,958,958,958,958,958,958,958,958,958,958
n07802026_ILSVRC2012_val_00039944.png,958,958,958,611,958,109,958,958,611,958,5,958,107,611,328,5,958,958,611,328,5,958,958,611,328,5,958,958,611,958,5,958,958,611,328,5,958,958,611,958,5
n07831146_ILSVRC2012_val_00001476.png,959,959,959,965,934,934,959,959,959,959,933,959,552,965,965,965,959,959,965,692,692,959,959,959,959,933,959,959,959,959,965,959,959,959,923,923,959,959,959,959,959
n07831146_ILSVRC2012_val_00007802.png,959,959,108,109,108,108,959,959,904,959,108,959,124,828,327,327,959,124,109,327,327,959,959,108,959,327,959,959,109,959,327,959,959,959,959,327,959,959,109,959,327
n07831146_ILSVRC2012_val_00009608.png,959,959,940,533,959,940,959,940,533,959,940,959,940,533,959,940,959,940,533,940,940,959,959,533,959,940,959,940,533,959,940,959,940,533,940,940,959,940,533,959,940
n07831146_ILSVRC2012_val_00028587.png,959,959,959,987,959,934,959,959,987,959,959,959,845,987,965,934,959,959,987,965,934,959,959,987,959,934,959,959,987,959,959,959,959,909,959,959,959,959,987,959,959
n07831146_ILSVRC2012_val_00047095.png,959,959,959,965,959,940,959,965,923,940,940,959,940,923,940,940,959,940,923,940,940,959,959,923,959,940,959,959,963,959,959,959,959,924,959,940,959,940,923,940,940
n07831146_ILSVRC2012_val_00048788.png,959,959,934,934,965,965,959,934,934,959,700,959,934,934,959,934,959,934,934,893,700,959,959,934,959,700,959,959,934,959,959,959,959,934,959,959,959,934,934,959,959
n07836838_ILSVRC2012_val_00001642.png,960,960,960,932,123,953,960,932,932,314,953,960,932,932,960,953,960,960,960,953,953,960,960,960,960,953,960,960,960,962,953,960,960,923,923,953,960,960,923,962,953
n07836838_ILSVRC2012_val_00030774.png,960,960,361,76,361,87,960,361,815,361,87,960,361,815,560,87,960,361,74,560,87,960,361,73,217,87,960,361,73,960,87,960,361,815,217,87,960,361,815,960,87
n07836838_ILSVRC2012_val_00033685.png,960,960,415,679,116,952,960,928,584,928,928,960,927,515,928,928,960,927,515,928,928,960,960,515,960,928,960,927,808,960,928,960,415,808,960,960,960,927,515,960,928
n07860988_ILSVRC2012_val_00032598.png,961,961,868,828,712,659,961,868,828,712,659,961,808,828,659,659,961,808,828,712,659,961,808,659,961,659,961,808,808,463,659,961,659,828,712,659,961,961,828,961,659
n07871810_ILSVRC2012_val_00027096.png,962,962,962,124,116,584,962,962,124,125,584,962,499,813,125,584,962,499,813,125,584,962,962,813,962,971,962,499,813,924,499,962,924,813,924,584,962,813,813,924,119
n07871810_ILSVRC2012_val_00033452.png,962,962,926,828,926,926,962,118,828,926,926,962,969,828,926,469,962,969,828,469,469,962,962,828,926,926,962,962,828,469,926,962,766,125,962,962,962,962,828,962,926
n07871810_ILSVRC2012_val_00039329.png,962,962,928,591,928,928,962,928,452,928,928,962,928,443,928,928,962,928,591,928,928,962,928,443,928,928,962,928,928,928,928,962,928,928,928,928,962,928,591,928,928
n07871810_ILSVRC2012_val_00042577.png,962,962,544,544,544,544,962,544,544,567,567,962,544,544,567,567,962,962,544,567,567,962,962,962,962,567,962,962,544,962,567,962,962,962,962,962,962,962,962,962,567
n07871810_ILSVRC2012_val_00044312.png,962,962,329,824,329,824,962,962,824,962,824,962,124,824,329,824,962,124,824,122,824,962,962,824,124,824,962,962,824,962,824,962,962,824,962,824,962,962,824,962,824
n07873807_ILSVRC2012_val_00011458.png,963,963,963,926,926,926,963,963,926,963,926,963,926,926,926,926,963,926,926,926,926,963,963,926,963,926,963,963,963,963,926,963,963,926,926,926,963,963,926,963,926
n07873807_ILSVRC2012_val_00015340.png,963,963,930,987,963,964,963,930,987,964,964,963,930,987,963,964,963,930,987,964,964,963,963,987,963,964,963,963,987,963,964,963,963,987,964,964,963,963,963,963,964
n07873807_ILSVRC2012_val_00018461.png,963,963,963,928,963,964,963,963,927,963,964,963,928,928,964,964,963,928,928,964,964,963,963,928,963,964,963,963,963,963,963,963,963,963,963,963,963,963,963,963,963
n07873807_ILSVRC2012_val_00042168.png,963,963,963,927,927,927,963,927,927,927,927,963,927,927,927,927,963,963,927,927,927,963,963,927,963,927,963,963,963,963,963,963,963,963,963,963,963,963,963,963,963
n07873807_ILSVRC2012_val_00044053.png,963,963,963,809,809,925,963,963,868,809,925,963,925,790,809,925,963,963,809,809,925,963,963,790,809,925,963,963,963,963,926,963,963,963,963,926,963,963,963,963,926
n07875152_ILSVRC2012_val_00015388.png,964,964,567,567,926,521,964,567,567,567,521,964,567,567,544,521,964,567,567,544,521,964,964,567,964,909,964,567,567,567,521,964,567,567,544,521,964,567,567,567,521
n07875152_ILSVRC2012_val_00016498.png,964,931,931,931,931,931,964,931,931,931,931,964,931,931,931,931,964,931,931,931,931,964,931,931,931,931,964,931,931,931,931,964,931,931,931,931,964,931,931,931,931
n07875152_ILSVRC2012_val_00033193.png,964,964,959,959,934,934,964,959,959,963,933,964,959,959,933,933,964,959,959,933,933,964,959,959,933,933,964,959,959,933,933,964,964,959,933,933,964,959,959,933,933
n07875152_ILSVRC2012_val_00040684.png,964,964,965,599,109,950,964,965,419,1,950,964,965,419,1,950,964,965,599,1,929,964,965,599,599,929,964,965,933,987,929,964,965,599,109,953,964,965,599,930,964
n07880968_ILSVRC2012_val_00006724.png,965,965,965,964,965,934,965,965,964,965,987,965,964,964,965,934,965,965,964,934,934,965,965,965,965,965,965,965,965,965,965,965,965,965,965,965,965,965,965,965,965
n07880968_ILSVRC2012_val_00023364.png,965,965,965,700,930,961,965,965,700,961,961,965,700,700,961,961,965,700,700,961,961,965,965,700,965,961,965,965,885,965,965,965,965,700,930,961,965,965,700,965,961
n07880968_ILSVRC2012_val_00024068.png,965,965,496,496,927,927,965,700,700,927,927,965,700,700,927,927,965,700,700,927,927,965,700,700,927,927,965,999,700,927,927,965,700,700,927,927,965,965,999,927,927
n07880968_ILSVRC2012_val_00041191.png,965,965,965,904,965,928,965,309,904,928,928,965,309,904,928,928,965,923,904,928,928,965,965,904,928,928,965,309,529,928,928,965,965,927,928,928,965,965,883,965,928
n07892512_ILSVRC2012_val_00019736.png,966,618,641,971,502,524,966,966,971,641,524,966,752,971,787,524,966,971,971,524,461,966,966,572,572,524,966,572,971,572,787,966,966,966,966,787,966,966,971,966,837
n07892512_ILSVRC2012_val_00040697.png,966,966,966,966,966,966,966,966,966,966,966,966,845,845,966,966,966,966,845,572,572,966,966,966,966,572,966,966,966,966,966,966,966,966,966,572,966,966,966,966,966
n07892512_ILSVRC2012_val_00049928.png,966,966,966,966,966,966,966,966,966,966,572,966,673,673,966,966,966,966,966,572,572,966,966,966,966,966,966,966,966,966,966,966,966,966,966,966,966,966,966,966,966
n07920052_ILSVRC2012_val_00018968.png,967,967,967,868,925,925,967,999,968,967,925,967,828,968,925,925,967,925,968,925,925,967,925,925,925,925,967,925,925,925,925,967,967,925,925,925,967,967,925,967,925
n07920052_ILSVRC2012_val_00041584.png,967,967,910,925,969,969,967,910,925,809,969,967,618,925,925,969,967,967,925,969,969,967,967,925,925,969,967,925,925,925,969,967,967,925,969,969,967,967,925,969,969
n07920052_ILSVRC2012_val_00049872.png,967,967,925,809,964,964,967,809,809,964,964,967,925,809,964,964,967,925,809,964,964,967,925,809,964,964,967,925,809,964,964,967,925,809,964,964,967,809,809,964,964
n07930864_ILSVRC2012_val_00001726.png,968,968,504,725,504,504,968,725,725,725,725,968,725,725,725,725,968,725,725,504,504,968,725,725,968,504,968,968,725,504,504,968,968,725,504,504,968,968,725,504,504
n07930864_ILSVRC2012_val_00039707.png,968,968,443,700,591,443,968,443,443,679,679,968,443,515,968,679,968,647,808,488,488,968,968,968,968,488,968,968,968,968,679,968,968,968,968,679,968,968,828,968,968
n07932039_ILSVRC2012_val_00042762.png,969,969,515,712,969,961,969,712,712,426,551,969,712,712,940,551,969,712,712,606,551,969,969,712,969,551,969,712,712,712,551,969,969,712,969,551,969,969,551,969,551
n09193705_ILSVRC2012_val_00003282.png,970,970,970,672,803,803,970,803,672,803,803,970,803,672,803,803,970,803,797,803,802,970,970,672,970,970,970,970,672,970,970,970,970,672,970,970,970,970,672,970,970
n09193705_ILSVRC2012_val_00043503.png,970,970,970,976,147,980,970,970,34,147,980,970,489,980,147,980,970,489,980,147,980,970,970,980,147,980,970,970,980,980,980,970,970,980,147,980,970,970,980,980,980
n09193705_ILSVRC2012_val_00045472.png,970,970,980,580,980,980,970,980,580,980,980,970,980,580,980,980,970,980,580,980,980,970,980,580,980,980,970,980,580,980,980,970,980,580,980,980,970,980,580,980,980
n09229709_ILSVRC2012_val_00008358.png,971,971,898,898,898,971,971,898,898,898,898,971,898,898,971,572,971,898,898,572,572,971,898,898,898,898,971,898,898,898,572,971,898,898,971,572,971,898,898,898,572
n09229709_ILSVRC2012_val_00009029.png,971,971,816,723,816,723,971,971,971,816,723,971,723,723,816,723,971,723,971,816,723,971,723,723,971,723,971,971,723,816,723,971,971,971,971,971,971,723,723,816,723
n09229709_ILSVRC2012_val_00014026.png,971,971,971,971,971,971,971,971,971,971,843,971,764,791,971,843,971,971,971,813,843,971,971,971,971,971,971,971,971,971,843,971,971,971,971,971,971,971,971,971,971
n09229709_ILSVRC2012_val_00014212.png,971,971,971,971,971,971,971,971,971,971,971,971,645,645,971,971,971,971,971,566,566,971,971,971,971,971,971,971,971,971,971,971,971,971,971,971,971,971,971,971,971
n09229709_ILSVRC2012_val_00029935.png,971,971,971,309,971,696,971,971,309,971,816,971,315,309,971,971,971,971,309,910,910,971,971,971,971,971,971,971,971,971,971,971,971,971,971,971,971,971,971,971,971
n09229709_ILSVRC2012_val_00031494.png,971,971,849,545,868,896,971,849,545,868,719,971,868,545,868,971,971,868,971,868,719,971,868,868,868,844,971,971,892,868,844,971,572,446,868,787,971,971,971,868,719
n09229709_ILSVRC2012_val_00031525.png,971,971,971,971,971,633,971,971,971,971,633,971,633,633,971,633,971,971,971,633,633,971,971,971,971,971,971,971,971,971,971,971,971,971,971,971,971,971,971,971,971
n09246464_ILSVRC2012_val_00013282.png,972,972,525,815,815,815,972,525,815,58,815,972,525,815,58,815,972,525,815,58,815,972,525,815,58,815,972,525,815,82,815,972,972,815,50,815,972,525,815,58,815
n09246464_ILSVRC2012_val_00019597.png,972,972,832,500,824,824,972,832,500,649,490,972,442,500,649,490,972,442,500,487,490,972,832,500,775,490,972,972,500,649,490,972,972,500,649,490,972,972,500,972,490
n09246464_ILSVRC2012_val_00038379.png,972,972,972,460,972,972,972,460,460,460,460,972,460,460,460,460,972,460,460,460,460,972,460,460,460,460,972,972,460,460,460,972,972,460,460,460,972,972,460,460,460
n09256479_ILSVRC2012_val_00016233.png,973,973,913,913,913,913,973,913,913,913,913,973,913,913,913,913,973,913,913,913,913,973,913,913,913,913,973,913,913,913,913,973,913,913,913,913,973,913,913,913,913
n09256479_ILSVRC2012_val_00033935.png,973,973,973,4,973,973,973,973,4,973,973,973,898,2,973,4,973,4,4,4,394,973,973,973,973,973,973,973,973,973,973,973,973,973,973,973,973,973,973,973,973
n09256479_ILSVRC2012_val_00043306.png,973,973,973,109,973,973,973,973,109,973,67,973,58,109,973,67,973,973,109,395,67,973,973,109,973,973,973,973,109,973,973,973,973,109,973,973,973,973,109,973,973
n09256479_ILSVRC2012_val_00047624.png,973,973,109,109,109,109,973,109,109,109,109,973,109,109,109,109,973,109,109,109,109,973,109,109,109,109,973,109,109,109,109,973,973,109,109,109,973,109,109,109,109
n09288635_ILSVRC2012_val_00008753.png,974,974,974,177,980,980,974,980,177,980,980,974,980,177,980,980,974,980,177,980,980,974,980,177,980,980,974,974,177,974,980,974,974,177,974,980,974,980,177,980,980
n09288635_ILSVRC2012_val_00015626.png,974,974,974,980,153,980,974,980,980,533,980,974,980,980,533,980,974,980,980,533,980,974,980,980,911,980,974,980,980,222,980,974,980,980,222,980,974,980,980,533,980
n09288635_ILSVRC2012_val_00019666.png,974,974,974,611,562,562,974,562,611,562,562,974,562,611,562,562,974,562,611,562,562,974,562,611,562,562,974,974,611,562,562,974,562,611,562,562,974,562,611,562,562
n09288635_ILSVRC2012_val_00021163.png,974,974,974,806,974,974,974,980,489,980,980,974,980,489,974,980,974,980,489,980,980,974,974,489,974,980,974,974,489,974,980,974,974,750,974,980,974,974,489,974,974
n09288635_ILSVRC2012_val_00026643.png,974,974,562,611,562,669,974,611,611,642,669,974,611,611,642,669,974,611,611,642,669,974,611,611,642,669,974,611,611,974,669,974,974,611,642,669,974,974,611,974,669
n09288635_ILSVRC2012_val_00030256.png,974,974,974,562,974,979,974,974,562,974,580,974,562,562,562,580,974,562,562,937,580,974,562,562,562,580,974,974,974,974,562,974,974,974,974,580,974,974,562,974,562
n09288635_ILSVRC2012_val_00032546.png,974,974,974,562,562,562,974,562,562,562,562,974,554,562,107,562,974,974,562,554,562,974,554,611,554,562,974,974,562,554,562,974,974,562,554,562,974,974,562,554,562
n09288635_ILSVRC2012_val_00032613.png,974,974,377,721,279,377,974,377,700,279,377,974,21,700,356,338,974,23,700,618,361,974,21,700,356,356,974,279,109,279,356,974,8,700,279,279,974,23,700,395,297
n09288635_ILSVRC2012_val_00038277.png,974,974,980,980,980,980,974,980,980,980,980,974,980,980,980,980,974,980,980,980,980,974,980,980,980,980,974,980,980,980,980,974,980,980,980,980,974,980,980,980,980
n09288635_ILSVRC2012_val_00042472.png,974,974,48,721,48,815,974,48,700,725,815,974,134,700,738,815,974,330,700,956,815,974,332,700,956,815,974,974,700,33,815,974,979,700,289,815,974,109,700,212,815
n09332890_ILSVRC2012_val_00012261.png,975,975,975,580,975,821,975,975,839,975,718,975,628,525,975,821,975,975,525,821,821,975,975,718,975,821,975,975,912,975,821,975,975,525,975,975,975,975,975,975,718
n09332890_ILSVRC2012_val_00018915.png,975,975,975,975,975,525,975,975,580,975,525,975,67,595,49,525,975,975,580,49,525,975,975,580,975,525,975,975,975,975,525,975,975,580,975,525,975,975,727,975,525
n09332890_ILSVRC2012_val_00047618.png,975,975,616,337,975,562,975,337,337,975,249,975,356,337,249,249,975,249,337,249,249,975,359,360,975,249,975,249,337,249,249,249,249,337,249,249,249,249,337,249,249
n09332890_ILSVRC2012_val_00048462.png,975,975,975,819,975,975,975,975,718,975,536,975,540,561,536,536,975,975,970,536,536,975,975,829,975,536,975,975,536,536,536,975,975,867,975,536,975,975,536,975,536
n09399592_ILSVRC2012_val_00012389.png,976,976,972,972,972,972,976,972,972,972,972,976,972,972,972,972,976,972,972,972,972,976,972,972,972,972,976,976,972,972,972,976,972,972,972,972,976,976,972,972,972
n09399592_ILSVRC2012_val_00016954.png,976,976,979,580,979,970,976,979,580,979,970,976,383,580,979,970,976,979,580,979,970,976,976,580,979,970,976,979,978,979,970,976,979,580,979,970,976,976,580,976,970
n09399592_ILSVRC2012_val_00018240.png,976,976,970,611,970,67,976,970,755,34,67,976,755,755,976,67,976,970,755,67,67,976,976,755,976,34,976,976,755,976,66,976,970,970,970,67,976,970,970,976,47
n09421951_ILSVRC2012_val_00000145.png,977,977,977,611,980,970,977,971,971,980,979,977,971,971,980,977,977,971,977,980,970,977,977,611,977,970,977,971,977,977,970,977,971,971,977,975,977,971,977,977,970
n09421951_ILSVRC2012_val_00005296.png,977,977,880,646,203,880,977,880,701,183,880,977,880,879,229,880,977,880,879,229,880,977,523,701,523,880,977,880,880,523,880,977,977,795,229,880,977,977,977,523,880
n09421951_ILSVRC2012_val_00040066.png,977,977,4,591,868,276,977,4,591,591,272,977,389,591,591,138,977,434,591,791,272,977,6,591,868,971,977,977,434,33,272,977,4,591,33,272,977,6,591,6,272
n09421951_ILSVRC2012_val_00041063.png,977,977,977,276,975,978,977,977,138,701,978,977,141,272,701,978,977,977,272,701,978,977,977,127,701,978,977,977,272,977,978,977,128,138,701,978,977,141,138,701,978
n09468604_ILSVRC2012_val_00018748.png,979,979,979,819,221,979,979,979,815,979,978,979,562,819,562,978,979,562,819,221,978,979,979,819,979,978,979,979,562,979,978,979,979,819,979,978,979,979,562,979,978
n09468604_ILSVRC2012_val_00018865.png,979,979,979,755,970,979,979,979,755,979,979,979,835,755,755,970,979,525,755,405,970,979,979,755,979,970,979,979,807,979,970,979,979,755,979,979,979,979,755,979,970
n09468604_ILSVRC2012_val_00032345.png,979,979,979,839,979,979,979,979,839,979,979,979,293,839,979,839,979,979,839,888,888,979,979,839,979,979,979,979,839,979,979,979,979,979,979,979,979,979,979,979,979
n09468604_ILSVRC2012_val_00037167.png,979,979,979,611,979,49,979,979,611,49,49,979,758,611,979,49,979,979,611,49,49,979,979,611,979,49,979,979,611,979,49,979,979,611,979,49,979,979,611,979,49
n09468604_ILSVRC2012_val_00038529.png,979,979,979,970,979,970,979,979,979,979,979,979,54,970,970,970,979,970,970,970,970,979,970,970,970,970,979,979,970,970,979,979,970,970,970,970,979,979,970,979,970
n09468604_ILSVRC2012_val_00043651.png,979,979,979,611,672,649,979,979,611,672,649,979,649,611,672,979,979,979,611,672,649,979,979,611,672,979,979,979,611,979,979,979,979,611,979,979,979,979,611,979,649
n09468604_ILSVRC2012_val_00048786.png,979,979,611,611,1,815,979,611,611,975,815,979,611,611,121,989,979,611,611,121,989,979,611,611,975,989,979,979,611,975,815,979,975,611,975,815,979,979,611,979,815
n09472597_ILSVRC2012_val_00007382.png,980,980,980,701,979,417,980,405,405,980,417,980,405,405,815,405,980,405,405,979,405,980,405,611,980,405,980,405,405,979,701,980,405,405,970,755,980,405,405,970,405
n09472597_ILSVRC2012_val_00019071.png,980,980,81,904,980,81,980,980,904,668,802,980,132,904,668,82,980,81,904,668,802,980,132,904,668,258,980,81,904,794,738,980,279,904,979,82,980,980,904,970,80
n09472597_ILSVRC2012_val_00035075.png,980,980,980,815,979,970,980,646,815,979,979,980,646,815,363,970,980,646,815,363,970,980,970,815,348,970,980,970,815,342,970,980,970,815,298,970,980,646,815,298,970
n09472597_ILSVRC2012_val_00042446.png,980,980,980,525,970,970,980,611,525,979,970,980,611,525,970,970,980,611,525,807,970,980,611,525,970,970,980,611,525,970,970,980,611,525,970,970,980,611,525,980,970
n09472597_ILSVRC2012_val_00045671.png,980,980,980,394,979,979,980,980,394,979,979,980,34,394,979,970,980,970,394,979,970,980,34,394,979,970,980,980,394,979,970,980,980,394,980,970,980,980,394,979,970
n09472597_ILSVRC2012_val_00048040.png,980,980,970,611,970,970,980,970,611,970,970,980,970,611,970,970,980,970,611,970,970,980,970,611,980,970,980,980,611,980,970,980,980,611,970,970,980,970,611,970,970
n09835506_ILSVRC2012_val_00020780.png,981,981,981,741,981,981,981,981,741,981,981,981,429,578,981,429,981,981,109,429,429,981,981,981,981,981,981,981,981,981,981,981,981,981,981,429,981,981,981,981,981
n09835506_ILSVRC2012_val_00026408.png,981,981,843,7,843,582,981,981,7,981,981,981,787,7,981,890,981,981,7,890,890,981,981,7,890,890,981,981,981,890,890,981,981,264,981,890,981,981,981,981,890
n09835506_ILSVRC2012_val_00046451.png,981,981,981,981,981,981,981,981,614,981,701,981,429,429,429,429,981,429,429,429,429,981,981,429,981,429,981,981,981,981,981,981,981,887,981,429,981,981,981,981,429
n10148035_ILSVRC2012_val_00000341.png,982,982,400,667,982,699,982,982,400,400,612,982,822,400,612,612,982,982,400,612,612,982,982,982,982,982,982,982,400,982,830,982,982,982,614,624,982,982,667,982,612
n10148035_ILSVRC2012_val_00006461.png,982,982,558,400,457,457,982,982,400,683,400,982,523,400,457,457,982,523,400,457,457,982,982,667,982,457,982,523,400,523,457,982,982,400,400,457,982,432,400,432,432
n10148035_ILSVRC2012_val_00015332.png,982,982,608,797,608,697,982,608,431,697,697,982,608,414,697,697,982,608,797,697,697,982,982,697,697,697,982,608,697,697,697,982,608,697,697,697,982,601,697,697,697
n10148035_ILSVRC2012_val_00042466.png,982,982,982,578,982,645,982,982,578,982,645,982,578,578,982,645,982,982,578,645,645,982,982,982,982,982,982,982,982,982,645,982,982,982,982,645,982,982,982,982,645
n10148035_ILSVRC2012_val_00047481.png,982,982,982,201,982,363,982,170,201,982,363,982,177,201,363,363,982,177,201,363,363,982,170,226,982,363,982,697,160,697,697,982,982,193,982,363,982,170,226,293,363
n10565667_ILSVRC2012_val_00003811.png,983,983,983,691,983,801,983,983,691,329,801,983,732,837,329,801,983,983,801,329,801,983,983,801,329,801,983,983,983,983,983,983,983,983,983,983,983,983,983,983,801
n10565667_ILSVRC2012_val_00017322.png,983,983,983,329,329,552,983,983,329,329,699,983,329,329,329,699,983,983,329,329,699,983,329,329,329,699,983,983,983,329,796,983,983,983,983,796,983,983,983,983,983
n10565667_ILSVRC2012_val_00026867.png,983,983,308,107,308,107,983,983,107,983,107,983,456,107,107,107,983,913,107,107,107,983,983,107,983,107,983,983,107,983,983,983,983,107,107,107,983,983,107,983,107
n10565667_ILSVRC2012_val_00027675.png,983,983,983,396,109,125,983,983,65,983,125,983,65,65,983,125,983,65,65,125,125,983,983,973,983,125,983,983,65,125,125,983,983,983,983,125,983,983,65,123,125
n10565667_ILSVRC2012_val_00037541.png,983,983,983,983,983,983,983,983,801,983,329,983,801,801,983,329,983,983,983,329,329,983,983,983,983,983,983,983,983,983,983,983,983,983,983,983,983,983,983,983,329
n10565667_ILSVRC2012_val_00038909.png,983,983,801,801,983,801,983,801,801,801,801,983,801,801,983,329,983,983,801,329,329,983,983,983,983,329,983,801,801,983,329,983,983,983,983,983,983,801,801,801,801
n10565667_ILSVRC2012_val_00040033.png,983,983,983,109,983,983,983,983,109,983,801,983,973,109,983,801,983,973,973,433,801,983,983,973,983,801,983,801,973,801,801,983,983,801,801,801,983,983,983,983,801
n10565667_ILSVRC2012_val_00047304.png,983,983,983,801,983,983,983,983,801,983,107,983,254,801,983,107,983,983,801,304,107,983,983,983,983,983,983,983,801,983,983,983,983,983,983,983,983,983,983,983,107
n10565667_ILSVRC2012_val_00048689.png,983,983,983,109,983,109,983,109,109,983,109,983,109,109,983,109,983,109,109,112,109,983,109,109,983,109,983,109,109,983,109,983,109,109,983,109,983,983,109,983,109
n11879895_ILSVRC2012_val_00007447.png,984,984,986,616,986,325,984,325,47,14,990,984,315,616,325,990,984,315,989,325,990,984,984,990,325,990,984,986,989,325,990,984,986,986,325,990,984,984,989,325,990
n11879895_ILSVRC2012_val_00014299.png,984,984,984,815,984,985,984,984,815,984,979,984,128,815,646,825,984,984,815,646,336,984,984,815,984,336,984,984,815,984,975,984,984,815,984,703,984,984,815,984,975
n11879895_ILSVRC2012_val_00019304.png,984,984,984,769,984,984,984,806,769,984,984,984,806,769,984,984,984,434,769,390,984,984,984,769,984,984,984,824,769,111,984,984,911,769,434,984,984,434,709,868,984
n11879895_ILSVRC2012_val_00028652.png,984,984,984,611,984,361,984,984,611,361,361,984,361,611,984,361,984,361,611,361,361,984,984,611,984,984,984,984,611,984,361,984,984,611,984,361,984,984,984,984,361
n11879895_ILSVRC2012_val_00029679.png,984,984,984,984,984,984,984,984,984,984,984,984,973,611,984,984,984,984,611,755,574,984,984,611,984,984,984,984,611,984,984,984,984,611,984,984,984,984,984,984,984
n11879895_ILSVRC2012_val_00030171.png,984,984,984,984,984,646,984,984,489,984,646,984,65,669,984,646,984,984,815,772,646,984,984,984,984,984,984,984,815,984,646,984,984,984,984,646,984,984,984,984,984
n11879895_ILSVRC2012_val_00032270.png,984,984,984,984,984,980,984,984,973,980,980,984,974,973,980,980,984,974,973,980,980,984,984,109,980,980,984,984,984,984,980,984,984,984,984,980,984,984,984,984,984
n11939491_ILSVRC2012_val_00008962.png,985,985,309,815,309,309,985,309,815,309,309,985,309,815,309,309,985,309,815,309,309,985,985,74,309,309,985,985,985,985,309,985,985,108,985,309,985,985,815,985,309
n11939491_ILSVRC2012_val_00012632.png,985,985,108,911,816,607,985,985,950,950,607,985,1,950,950,607,985,985,950,607,607,985,985,950,985,607,985,985,985,985,985,985,985,985,985,985,985,985,985,985,607
n11939491_ILSVRC2012_val_00013146.png,985,985,584,973,584,584,985,985,985,985,985,985,310,310,985,985,985,985,985,850,850,985,985,985,985,985,985,985,985,985,985,985,985,985,985,985,985,985,985,985,985
n11939491_ILSVRC2012_val_00032089.png,985,985,937,937,985,973,985,937,937,325,991,985,937,937,985,991,985,937,937,325,991,985,985,937,325,973,985,937,937,985,991,985,985,937,985,991,985,985,937,985,991
n11939491_ILSVRC2012_val_00033791.png,985,985,985,70,985,985,985,985,985,985,868,985,320,70,320,868,985,985,985,320,868,985,985,70,985,985,985,985,985,985,985,985,985,985,985,985,985,985,985,985,985
n11939491_ILSVRC2012_val_00034010.png,985,985,985,309,985,309,985,985,985,985,985,985,716,815,985,716,985,985,985,448,716,985,985,985,985,985,985,985,985,985,985,985,985,985,985,985,985,985,985,985,985
n11939491_ILSVRC2012_val_00043601.png,985,985,985,109,985,840,985,452,109,840,911,985,474,109,985,840,985,985,109,840,840,985,985,109,985,985,985,985,109,985,985,985,985,108,985,985,985,985,108,985,985
n11939491_ILSVRC2012_val_00048975.png,985,985,985,108,108,850,985,985,815,985,883,985,325,815,985,883,985,985,815,725,725,985,985,985,985,985,985,985,985,985,985,985,985,985,985,985,985,985,985,985,985
n12057211_ILSVRC2012_val_00017514.png,986,986,986,989,986,310,986,986,989,986,310,986,989,989,986,310,986,986,989,310,310,986,986,986,986,310,986,986,989,986,986,986,986,986,986,989,986,986,989,986,989
n12057211_ILSVRC2012_val_00021262.png,986,986,986,611,986,986,986,55,611,986,986,986,55,611,986,986,986,986,611,941,941,986,986,611,986,986,986,986,611,986,986,986,986,611,986,986,986,986,611,986,986
n12057211_ILSVRC2012_val_00021398.png,986,986,986,74,986,989,986,939,74,939,301,986,939,74,939,301,986,939,74,939,301,986,986,74,986,986,986,986,73,986,304,986,986,74,986,986,986,986,73,986,301
n12057211_ILSVRC2012_val_00021765.png,986,986,986,115,986,989,986,986,989,986,990,986,55,329,317,990,986,986,121,317,990,986,986,986,986,986,986,986,986,986,990,986,986,986,986,990,986,986,986,986,990
n12057211_ILSVRC2012_val_00022875.png,986,986,986,955,986,990,986,986,599,986,990,986,951,599,986,990,986,986,986,312,990,986,986,986,986,986,986,986,986,986,990,986,986,986,986,990,986,986,986,986,990
n12057211_ILSVRC2012_val_00024302.png,986,986,986,904,986,986,986,986,904,986,986,986,611,904,986,989,986,986,986,11,989,986,986,986,986,986,986,986,986,986,986,986,986,986,986,986,986,986,986,986,986
n12057211_ILSVRC2012_val_00034247.png,986,986,936,936,936,936,986,936,936,728,728,986,898,938,728,728,986,728,938,728,728,986,986,986,986,728,986,986,936,986,728,986,986,938,986,728,986,986,936,986,728
n12057211_ILSVRC2012_val_00039868.png,986,986,986,950,988,989,986,986,950,989,989,986,950,950,988,989,986,986,951,988,989,986,986,950,986,989,986,986,986,986,989,986,986,986,986,989,986,986,986,986,989
n12057211_ILSVRC2012_val_00047719.png,986,986,986,939,46,325,986,986,939,986,325,986,942,939,986,325,986,986,939,866,325,986,986,986,986,325,986,986,939,986,325,986,986,986,986,325,986,986,986,986,325
n12057211_ILSVRC2012_val_00049906.png,986,986,986,940,989,940,986,986,941,941,940,986,941,940,939,940,986,986,940,941,940,986,986,986,986,940,986,986,986,986,986,986,986,986,986,986,986,986,986,986,940
n12144580_ILSVRC2012_val_00008377.png,987,987,987,599,987,109,987,987,599,109,109,987,993,599,947,996,987,947,599,996,996,987,996,599,996,996,987,996,108,996,996,987,996,108,109,996,987,911,599,911,996
n12267677_ILSVRC2012_val_00007085.png,988,988,109,109,988,994,988,109,109,988,947,988,109,109,988,997,988,109,109,994,997,988,108,109,988,995,988,988,109,988,988,988,988,109,988,988,988,988,109,988,988
n12267677_ILSVRC2012_val_00013791.png,988,988,988,988,988,988,988,988,988,988,971,988,317,987,998,971,988,988,998,998,971,988,988,988,988,988,988,988,988,988,988,988,988,988,988,988,988,988,988,988,988
n12267677_ILSVRC2012_val_00024580.png,988,988,988,988,988,988,988,988,988,988,988,988,989,989,988,988,988,988,989,989,989,988,988,988,988,988,988,988,988,988,988,988,988,988,988,988,988,988,988,988,988
n12267677_ILSVRC2012_val_00032501.png,988,988,988,319,988,990,988,988,815,988,990,988,319,319,988,990,988,318,318,990,990,988,988,319,988,990,988,988,318,988,990,988,988,313,990,990,988,988,319,988,990
n12267677_ILSVRC2012_val_00036644.png,988,988,988,988,988,988,988,988,989,988,989,988,989,989,988,989,988,988,988,989,989,988,988,988,988,988,988,988,988,988,988,988,988,988,988,988,988,988,988,988,988
n12267677_ILSVRC2012_val_00037926.png,988,988,677,828,995,995,988,77,828,995,995,988,121,828,995,995,988,988,308,995,995,988,988,828,995,995,988,988,828,988,988,988,988,828,988,988,988,988,988,988,988
n12267677_ILSVRC2012_val_00038256.png,988,988,944,109,988,988,988,816,109,941,940,988,911,109,988,940,988,988,109,940,940,988,988,109,988,940,988,988,109,988,940,988,988,109,988,940,988,988,109,988,988
n12267677_ILSVRC2012_val_00045530.png,988,988,988,952,952,952,988,988,952,988,952,988,55,952,952,952,988,988,952,952,952,988,988,952,988,952,988,988,952,952,952,988,988,952,952,952,988,988,952,952,952
n12620546_ILSVRC2012_val_00017959.png,989,989,989,950,989,989,989,989,430,989,990,989,607,430,989,990,989,989,430,382,990,989,989,805,989,990,989,989,950,989,989,989,989,607,957,957,989,607,430,957,957
n12620546_ILSVRC2012_val_00019339.png,989,989,989,308,306,990,989,989,641,989,990,989,300,971,989,990,989,989,989,423,990,989,989,641,989,990,989,989,989,989,957,989,989,989,989,990,989,989,989,989,990
n12620546_ILSVRC2012_val_00026680.png,989,989,989,398,644,644,989,989,641,644,644,989,398,398,644,644,989,989,398,644,644,989,989,398,989,644,989,989,989,989,989,989,989,989,989,989,989,989,989,989,989
n12620546_ILSVRC2012_val_00034899.png,989,989,78,73,125,125,989,78,73,125,125,989,78,78,125,125,989,78,78,125,125,989,78,78,396,125,989,78,78,125,125,124,78,78,125,121,989,78,78,125,125
n12620546_ILSVRC2012_val_00039107.png,989,989,989,952,989,989,989,952,952,316,989,989,952,952,956,957,989,989,952,956,957,989,989,952,956,957,989,989,952,952,957,989,989,989,989,957,989,989,952,957,957
n12620546_ILSVRC2012_val_00045089.png,989,989,78,78,78,78,989,78,78,78,78,989,78,78,78,78,989,78,78,78,78,989,989,78,78,78,989,78,78,78,78,989,78,78,78,78,989,989,78,78,78
n12768682_ILSVRC2012_val_00003021.png,990,990,990,990,990,990,990,990,990,990,990,990,988,988,990,990,990,990,990,509,582,990,990,988,990,582,990,990,988,990,990,990,990,990,990,990,990,990,988,990,990
n12768682_ILSVRC2012_val_00014680.png,990,990,990,956,990,956,990,990,990,990,956,990,956,956,990,956,990,990,956,956,956,990,990,990,990,956,990,990,990,956,956,990,990,990,990,956,990,990,990,990,956
n12768682_ILSVRC2012_val_00018030.png,990,990,990,988,990,305,990,988,988,990,305,990,988,988,305,305,990,988,988,305,305,990,990,990,990,305,990,988,988,305,305,990,988,988,305,305,990,990,988,990,305
n12768682_ILSVRC2012_val_00025053.png,990,990,990,990,990,990,990,990,988,990,191,990,988,611,990,988,990,990,990,202,191,990,990,990,990,990,990,990,990,990,990,990,990,990,990,990,990,990,990,990,990
n12768682_ILSVRC2012_val_00029898.png,990,990,108,328,328,328,990,108,310,328,328,990,108,772,328,328,990,108,772,328,328,990,108,990,990,108,990,108,990,990,328,990,990,990,990,328,990,990,990,990,328
n12768682_ILSVRC2012_val_00033130.png,990,990,990,988,990,988,990,990,988,990,988,990,988,988,988,988,990,988,988,988,988,990,988,988,988,988,990,990,988,988,988,990,988,988,988,988,990,990,990,988,988
n12768682_ILSVRC2012_val_00048677.png,990,990,990,582,990,582,990,990,582,990,582,990,509,574,990,582,990,990,509,509,582,990,582,509,582,582,990,990,990,990,582,990,990,990,990,990,990,990,990,990,990
n12768682_ILSVRC2012_val_00048728.png,990,990,990,990,990,990,990,990,990,990,988,990,988,988,990,988,990,990,990,988,988,990,990,990,990,988,990,988,988,988,988,990,990,990,990,988,990,990,990,990,988
n12768682_ILSVRC2012_val_00049862.png,990,990,990,957,990,990,990,990,950,990,953,990,957,950,990,953,990,957,953,117,953,990,990,954,990,953,990,957,950,990,953,990,990,948,117,948,990,990,948,990,990
n12985857_ILSVRC2012_val_00005088.png,991,991,991,108,108,996,991,991,108,991,82,991,126,393,991,996,991,991,108,990,996,991,991,108,991,991,991,991,991,991,80,991,991,991,991,991,991,991,991,991,991
n12985857_ILSVRC2012_val_00011021.png,991,991,310,397,991,991,991,310,824,991,329,991,310,712,943,943,991,310,107,943,943,991,991,108,991,973,991,991,619,991,991,991,991,108,991,991,991,991,991,991,991
n12985857_ILSVRC2012_val_00015085.png,991,991,991,996,991,112,991,991,996,991,112,991,996,996,991,112,991,991,996,996,996,991,991,996,991,996,991,991,991,991,996,991,991,991,991,996,991,991,991,991,996
n12985857_ILSVRC2012_val_00015645.png,991,991,825,61,51,55,991,991,61,991,64,991,62,62,991,64,991,64,62,64,64,991,991,60,991,64,991,991,62,991,64,991,991,62,991,64,991,991,62,991,64
n12985857_ILSVRC2012_val_00024125.png,991,991,234,327,174,108,991,309,327,275,108,991,234,327,254,327,991,991,327,249,327,991,237,327,255,327,991,991,327,205,327,991,991,973,223,991,991,991,973,991,991
n12985857_ILSVRC2012_val_00027406.png,991,991,991,991,953,953,991,953,993,953,953,991,953,993,953,953,991,991,993,953,953,991,991,991,991,953,991,991,993,991,953,991,991,993,991,993,991,991,991,991,991
n12985857_ILSVRC2012_val_00033845.png,991,991,991,991,991,991,991,991,991,991,825,991,559,987,991,825,991,991,991,912,825,991,991,991,991,825,991,991,991,991,991,991,991,991,991,825,991,991,991,991,991
n12985857_ILSVRC2012_val_00035290.png,991,991,991,991,991,991,991,991,991,991,54,991,60,996,991,67,991,991,991,67,67,991,991,991,991,67,991,991,991,991,67,991,991,991,991,56,991,991,991,991,991
n12998815_ILSVRC2012_val_00002153.png,992,992,992,992,992,992,992,992,992,992,992,992,36,947,992,992,992,992,992,997,997,992,992,992,992,992,992,992,992,992,997,992,992,992,992,997,992,992,992,992,992
n12998815_ILSVRC2012_val_00007080.png,992,992,992,992,992,992,992,992,992,992,992,992,937,947,992,992,992,992,992,793,947,992,992,992,992,992,992,992,947,992,947,992,992,992,992,992,992,992,992,992,992
n12998815_ILSVRC2012_val_00012361.png,992,992,992,599,992,599,992,310,539,992,109,992,310,383,116,996,992,992,383,36,996,992,992,8,992,996,992,992,947,992,996,992,992,104,992,947,992,310,947,992,996
n12998815_ILSVRC2012_val_00027959.png,992,992,992,992,992,992,992,992,992,992,992,992,947,947,992,992,992,992,992,997,997,992,992,992,992,992,992,992,992,992,947,992,992,992,992,997,992,992,992,992,992
n13037406_ILSVRC2012_val_00000200.png,993,993,993,996,993,991,993,993,996,993,991,993,947,947,993,991,993,993,996,991,991,993,993,993,993,993,993,993,996,993,993,993,993,996,993,996,993,993,993,993,993
n13037406_ILSVRC2012_val_00029039.png,993,993,109,109,109,109,993,109,109,994,805,993,109,109,109,109,993,109,109,506,429,993,109,109,86,429,993,109,109,109,109,993,993,109,993,944,993,109,109,993,109
n13037406_ILSVRC2012_val_00042619.png,993,993,993,994,994,991,993,994,994,993,991,993,994,994,993,991,993,993,993,991,991,993,993,993,993,991,993,993,993,993,991,993,993,993,993,991,993,993,993,993,991
n13040303_ILSVRC2012_val_00000705.png,994,994,994,955,994,997,994,994,994,994,997,994,328,955,994,994,994,994,955,955,997,994,994,955,994,997,994,994,994,994,997,994,994,994,994,997,994,994,994,994,997
n13040303_ILSVRC2012_val_00007007.png,994,994,994,994,994,994,994,994,994,994,994,994,311,587,644,644,994,994,994,644,644,994,994,994,994,994,994,994,994,994,994,994,994,994,994,994,994,994,994,994,994
n13040303_ILSVRC2012_val_00010863.png,994,994,994,806,49,138,994,994,63,994,138,994,63,63,994,138,994,63,63,49,138,994,994,63,994,138,994,994,63,994,138,994,994,63,994,138,994,994,63,994,138
n13040303_ILSVRC2012_val_00014878.png,994,994,994,994,994,994,994,994,327,994,991,994,327,327,994,994,994,994,994,991,991,994,994,994,994,994,994,994,994,994,994,994,994,994,994,991,994,994,994,994,994
n13040303_ILSVRC2012_val_00019555.png,994,994,994,144,994,994,994,994,758,644,644,994,947,393,644,644,994,994,393,644,644,994,994,393,994,994,994,994,994,994,994,994,994,994,994,994,994,994,994,994,994
n13040303_ILSVRC2012_val_00021034.png,994,994,994,994,994,796,994,994,932,808,796,994,506,932,327,327,994,994,994,512,474,994,994,994,994,600,994,994,994,994,994,994,994,994,994,994,994,994,994,994,994
n13040303_ILSVRC2012_val_00021676.png,994,994,994,133,46,133,994,994,133,994,133,994,64,133,133,133,994,994,133,133,133,994,994,133,994,133,994,994,133,133,133,994,994,133,994,133,994,994,994,994,133
n13040303_ILSVRC2012_val_00042399.png,994,994,994,591,850,108,994,994,721,947,947,994,992,626,992,947,994,992,700,947,947,994,994,470,992,992,994,994,708,994,947,994,994,700,947,947,994,992,904,992,947
n13044778_ILSVRC2012_val_00000755.png,995,995,995,728,119,996,995,994,728,994,996,995,467,728,119,996,995,995,728,119,996,995,995,728,995,996,995,995,728,995,996,995,995,728,995,996,995,995,728,995,996
n13044778_ILSVRC2012_val_00007306.png,995,27,27,27,27,994,995,27,27,995,994,995,27,27,995,994,995,995,27,27,994,995,995,114,995,994,995,995,995,995,994,995,995,995,995,994,995,995,995,995,994
n13044778_ILSVRC2012_val_00009582.png,995,995,995,61,995,113,995,995,61,995,125,995,808,61,995,125,995,995,62,616,125,995,995,995,995,995,995,995,995,995,995,995,995,995,995,995,995,995,995,995,995
n13044778_ILSVRC2012_val_00026455.png,995,995,43,47,172,824,995,47,47,172,824,995,47,47,276,824,995,47,47,172,824,995,995,47,172,824,995,277,47,362,474,995,43,47,172,911,995,32,47,172,474
n13044778_ILSVRC2012_val_00026554.png,995,995,995,112,995,991,995,995,112,995,991,995,112,112,995,991,995,995,112,996,991,995,995,112,995,991,995,995,995,995,995,995,995,995,995,995,995,995,995,995,995
n13044778_ILSVRC2012_val_00030653.png,995,995,995,113,995,995,995,995,36,995,994,995,363,849,995,995,995,995,849,994,994,995,995,995,995,995,995,995,995,995,995,995,995,995,995,995,995,995,995,995,995
n13044778_ILSVRC2012_val_00036170.png,995,995,997,750,125,911,995,997,750,997,911,995,61,750,995,911,995,995,750,987,911,995,995,750,995,911,995,995,797,995,911,995,995,459,995,911,995,995,936,995,911
n13044778_ILSVRC2012_val_00037473.png,995,995,995,995,988,947,995,995,995,995,947,995,64,994,947,947,995,995,995,12,947,995,995,995,995,947,995,995,995,995,947,995,995,995,995,947,995,995,995,995,947
n13044778_ILSVRC2012_val_00040976.png,995,995,995,947,995,991,995,991,995,995,991,995,991,115,995,991,995,991,991,991,991,995,995,996,991,991,995,995,947,995,991,995,995,995,995,991,995,995,995,995,991
n13044778_ILSVRC2012_val_00041841.png,995,995,995,988,988,988,995,37,988,988,988,995,113,988,988,988,995,995,988,988,988,995,988,988,988,988,995,995,995,988,988,995,995,995,995,988,995,995,995,995,988
n13044778_ILSVRC2012_val_00043944.png,995,995,995,995,995,995,995,995,995,995,988,995,947,721,995,988,995,995,721,206,988,995,995,721,206,988,995,995,721,995,995,995,995,995,995,995,995,995,995,995,995
n13044778_ILSVRC2012_val_00046820.png,995,995,995,363,995,997,995,363,947,997,997,995,599,828,995,997,995,995,828,997,997,995,995,108,997,997,995,995,419,997,997,995,995,515,995,997,995,995,515,995,997
n13044778_ILSVRC2012_val_00049858.png,995,995,994,363,391,947,995,389,988,391,947,995,395,988,395,947,995,52,995,395,947,995,995,995,995,947,995,995,995,995,947,995,995,995,995,995,995,995,995,995,995
n13052670_ILSVRC2012_val_00002167.png,996,996,996,996,996,991,996,996,109,996,996,996,994,994,996,991,996,996,996,991,991,996,996,996,996,991,996,996,996,996,991,996,996,996,996,996,996,996,996,996,996
n13052670_ILSVRC2012_val_00002537.png,996,118,118,118,118,118,996,118,118,118,960,996,566,118,118,960,996,118,118,119,960,996,996,118,118,960,996,996,118,118,960,996,118,118,118,960,996,996,118,118,960
n13052670_ILSVRC2012_val_00018543.png,996,996,996,126,996,991,996,996,58,995,995,996,46,58,996,995,996,996,113,995,995,996,996,996,996,995,996,996,996,996,996,996,996,996,996,996,996,996,996,996,996
n13052670_ILSVRC2012_val_00023797.png,996,996,108,108,109,108,996,973,327,109,108,996,327,327,109,108,996,109,327,109,108,996,996,327,109,108,996,114,114,109,108,996,996,329,109,108,996,996,996,996,108
n13052670_ILSVRC2012_val_00027909.png,996,996,996,735,996,643,996,996,953,996,643,996,53,414,996,788,996,996,414,808,643,996,996,797,996,643,996,996,793,996,643,996,996,996,903,903,996,996,797,996,996
n13052670_ILSVRC2012_val_00031921.png,996,996,996,973,996,858,996,996,973,996,858,996,327,973,490,858,996,996,973,490,858,996,996,973,996,858,996,996,973,996,858,996,996,973,936,858,996,996,996,996,858
n13052670_ILSVRC2012_val_00038327.png,996,996,996,995,996,995,996,996,947,996,995,996,994,947,996,995,996,996,947,991,995,996,996,996,996,995,996,996,996,996,996,996,996,996,996,996,996,996,996,996,996
n13052670_ILSVRC2012_val_00039616.png,996,996,397,61,996,840,996,996,591,991,840,996,931,697,991,840,996,996,770,991,840,996,996,697,996,840,996,996,61,996,840,996,996,591,996,840,996,996,996,996,840
n13052670_ILSVRC2012_val_00041281.png,996,996,996,993,993,996,996,996,993,993,924,996,993,993,993,924,996,993,993,993,924,996,996,993,993,924,996,996,993,993,993,996,996,993,993,993,996,996,993,993,924
n13054560_ILSVRC2012_val_00007572.png,997,997,997,997,947,649,997,997,947,994,649,997,433,113,947,649,997,433,113,898,649,997,994,113,883,994,997,994,947,994,994,997,997,997,994,649,997,997,997,649,649
n13054560_ILSVRC2012_val_00034614.png,997,997,993,993,993,993,997,997,993,993,993,997,993,993,993,993,997,997,993,993,993,997,997,993,947,993,997,993,993,993,993,997,997,997,947,993,997,997,993,993,993
n13054560_ILSVRC2012_val_00035845.png,997,997,997,992,994,994,997,988,992,994,994,997,328,992,992,994,997,947,992,994,994,997,992,992,992,994,997,947,992,997,947,997,994,992,994,994,997,947,992,997,994
n13054560_ILSVRC2012_val_00042631.png,997,997,344,344,33,33,997,344,344,51,995,997,344,344,344,995,997,344,344,51,995,997,344,344,51,995,997,344,344,51,8,997,209,344,51,995,997,364,344,51,995
n13054560_ILSVRC2012_val_00043080.png,997,997,333,107,263,947,997,333,107,263,947,997,333,115,263,107,997,333,115,263,947,997,947,108,263,947,997,947,109,333,947,997,997,113,947,947,997,333,108,997,947
n13054560_ILSVRC2012_val_00049524.png,997,997,997,906,997,997,997,997,452,824,107,997,514,452,997,947,997,997,452,911,947,997,997,452,997,947,997,997,793,997,997,997,997,793,997,997,997,997,793,997,947
n13133613_ILSVRC2012_val_00000412.png,998,998,998,987,987,998,998,998,998,998,998,998,838,838,987,987,998,998,987,700,987,998,998,998,998,987,998,998,998,998,998,998,998,998,998,998,998,998,998,998,998
n13133613_ILSVRC2012_val_00025079.png,998,998,936,797,936,936,998,750,797,936,797,998,750,797,797,797,998,750,797,797,797,998,750,797,797,797,998,936,797,797,797,998,911,797,750,750,998,936,797,797,797
n15075141_ILSVRC2012_val_00038905.png,999,999,999,700,999,700,999,999,700,999,700,999,700,700,700,700,999,700,700,700,700,999,700,700,700,700,700,700,700,700,700,999,700,700,700,700,999,700,700,700,700
n15075141_ILSVRC2012_val_00040010.png,999,999,700,700,434,434,999,700,700,700,700,999,700,700,700,700,999,700,700,700,700,999,999,999,999,700,999,999,700,999,700,999,999,999,999,999,999,999,700,700,700
