image,label,resnet18__clean,resnet18__mu1,resnet18__mu0_release_default,resnet101__clean,resnet101__mu1,resnet101__mu0_release_default,resnext50__clean,resnext50__mu1,resnext50__mu0_release_default,densenet121__clean,densenet121__mu1,densenet121__mu0_release_default,mobilenet__clean,mobilenet__mu1,mobilenet__mu0_release_default,vit__clean,vit__mu1,vit__mu0_release_default,swin__clean,swin__mu1,swin__mu0_release_default,inceptionv3__clean,inceptionv3__mu1,inceptionv3__mu0_release_default
ILSVRC2012_val_00000036.JPEG,887,887,490,85,887,490,614,887,461,461,887,524,461,887,996,334,887,611,887,887,490,577,887,490,335
ILSVRC2012_val_00000111.JPEG,122,122,887,887,122,611,611,122,611,998,122,887,887,122,887,917,122,641,122,122,641,887,122,850,887
ILSVRC2012_val_00000280.JPEG,897,897,597,759,897,597,897,897,732,759,897,597,759,897,597,759,897,732,732,897,732,759,897,732,897
ILSVRC2012_val_00000300.JPEG,176,176,253,253,176,168,168,176,253,172,176,253,253,176,253,253,176,253,168,176,168,171,176,253,176
ILSVRC2012_val_00000412.JPEG,998,998,850,254,998,998,998,998,998,998,998,850,254,998,850,254,998,998,998,998,998,998,998,850,378
ILSVRC2012_val_00000455.JPEG,788,788,424,423,788,424,424,788,424,424,788,424,424,788,424,424,788,424,424,788,424,423,788,346,346
ILSVRC2012_val_00000467.JPEG,546,546,917,917,546,917,546,546,917,917,546,917,917,546,917,917,546,917,546,546,917,917,546,917,917
ILSVRC2012_val_00000493.JPEG,529,529,785,785,529,785,785,529,785,785,529,785,785,529,785,785,529,785,785,529,785,785,627,627,785
ILSVRC2012_val_00000656.JPEG,712,712,700,700,712,700,700,712,700,700,712,700,700,107,700,700,712,700,470,712,700,700,712,700,700
ILSVRC2012_val_00000703.JPEG,116,116,837,837,116,714,116,116,868,116,116,868,836,116,861,116,116,787,116,116,577,116,116,556,861
ILSVRC2012_val_00000795.JPEG,874,874,611,611,874,611,829,874,698,829,874,611,611,874,611,611,874,975,829,874,562,562,734,562,562
ILSVRC2012_val_00000847.JPEG,233,233,169,169,233,177,177,233,177,177,233,177,177,177,184,177,233,177,170,233,177,170,233,193,170
ILSVRC2012_val_00000879.JPEG,454,454,509,582,454,509,509,454,509,509,454,509,509,582,509,582,454,582,582,454,509,582,454,509,582
ILSVRC2012_val_00000910.JPEG,606,606,711,711,606,711,711,606,711,711,606,711,711,606,509,711,606,509,606,606,711,711,898,898,898
ILSVRC2012_val_00000968.JPEG,730,730,918,918,730,730,730,730,730,730,730,824,730,730,750,797,730,730,730,730,730,730,730,730,730
ILSVRC2012_val_00000985.JPEG,917,917,800,800,917,800,800,917,800,800,917,800,800,917,800,917,917,917,917,917,851,800,917,917,917
ILSVRC2012_val_00001034.JPEG,913,913,585,562,913,626,562,913,898,562,913,438,562,913,794,438,983,913,983,913,983,562,561,626,562
ILSVRC2012_val_00001202.JPEG,477,477,519,519,477,519,519,477,519,519,477,519,519,477,634,634,477,477,477,477,477,477,477,477,477
ILSVRC2012_val_00001220.JPEG,481,481,816,816,481,577,577,481,690,456,481,364,816,481,666,816,481,816,481,481,816,749,481,577,577
ILSVRC2012_val_00001316.JPEG,791,791,727,727,791,727,727,791,538,727,791,538,727,791,727,727,791,624,791,791,727,727,791,727,727
ILSVRC2012_val_00001380.JPEG,685,685,863,863,685,883,685,685,863,685,685,863,863,685,863,863,685,685,685,685,685,685,685,863,685
ILSVRC2012_val_00001387.JPEG,128,128,94,94,128,94,94,128,94,94,128,94,94,128,94,94,128,128,128,128,128,128,128,94,16
ILSVRC2012_val_00001394.JPEG,756,756,410,410,756,410,756,756,410,756,756,410,410,756,410,410,756,756,756,756,410,410,756,756,756
ILSVRC2012_val_00001535.JPEG,365,365,192,366,365,365,365,365,366,365,365,366,366,365,294,366,365,366,366,365,366,366,365,365,365
ILSVRC2012_val_00001638.JPEG,636,636,550,550,636,423,636,636,550,636,636,550,550,636,597,550,636,636,636,636,550,636,636,759,759
ILSVRC2012_val_00001653.JPEG,963,963,588,519,963,588,519,963,588,519,963,588,519,963,588,588,963,930,963,963,790,765,963,588,519
ILSVRC2012_val_00001661.JPEG,671,671,219,151,671,671,671,671,870,671,671,870,870,671,207,444,671,700,671,671,870,444,671,870,671
ILSVRC2012_val_00001689.JPEG,518,518,545,545,518,545,545,518,545,545,518,545,545,518,545,545,518,545,518,518,545,545,518,545,545
ILSVRC2012_val_00001754.JPEG,711,711,427,427,711,427,427,711,427,427,647,427,427,711,427,427,711,427,427,711,427,427,711,427,427
ILSVRC2012_val_00001797.JPEG,867,867,757,757,867,757,867,867,757,867,867,757,757,867,757,757,867,867,867,867,757,757,867,757,757
ILSVRC2012_val_00001820.JPEG,860,860,454,454,860,454,454,860,454,454,860,454,454,860,454,454,860,624,860,860,624,860,860,454,454
ILSVRC2012_val_00001822.JPEG,965,965,556,556,965,861,103,965,651,921,965,556,556,965,556,556,965,666,666,965,712,712,965,314,314
ILSVRC2012_val_00001827.JPEG,602,602,999,999,602,514,602,602,862,862,602,700,999,602,434,601,602,702,602,602,854,602,602,434,602
ILSVRC2012_val_00001859.JPEG,554,554,750,728,554,831,728,554,750,728,554,750,728,554,750,728,554,554,554,554,750,554,554,750,749
ILSVRC2012_val_00001935.JPEG,6,6,835,835,6,835,835,6,835,835,6,835,835,6,835,835,6,6,6,6,835,5,6,840,835
ILSVRC2012_val_00002009.JPEG,565,565,598,886,565,800,664,565,854,565,565,800,664,565,593,886,565,565,565,565,854,624,565,406,565
ILSVRC2012_val_00002041.JPEG,72,72,123,124,72,72,72,72,72,72,72,123,123,72,47,300,72,72,72,72,72,72,72,72,72
ILSVRC2012_val_00002176.JPEG,190,190,181,181,190,181,181,190,181,181,190,181,181,190,181,181,190,190,190,190,190,181,190,181,181
ILSVRC2012_val_00002203.JPEG,637,637,364,160,637,170,637,637,364,781,637,170,170,637,47,226,637,781,781,637,744,781,637,192,851
ILSVRC2012_val_00002212.JPEG,499,499,170,203,499,170,170,499,226,226,499,192,170,499,198,203,499,807,807,499,807,200,499,155,156
ILSVRC2012_val_00002236.JPEG,745,844,796,615,745,482,745,745,477,482,745,615,615,745,796,482,745,710,710,745,633,848,745,633,633
ILSVRC2012_val_00002280.JPEG,490,490,293,293,490,327,490,490,288,288,490,288,288,490,293,293,490,490,490,490,288,490,490,998,599
ILSVRC2012_val_00002342.JPEG,773,773,635,635,773,604,470,773,604,635,773,434,868,773,635,635,773,804,778,773,883,883,773,793,868
ILSVRC2012_val_00002347.JPEG,618,618,745,745,618,745,786,618,745,786,618,745,758,618,650,758,618,745,507,618,786,745,618,745,545
ILSVRC2012_val_00002348.JPEG,993,993,509,467,993,936,993,993,936,993,993,406,467,993,328,993,993,993,993,993,996,993,993,569,993
ILSVRC2012_val_00002369.JPEG,968,725,899,461,968,725,725,968,725,725,968,725,725,725,725,725,968,725,725,968,725,899,725,725,725
ILSVRC2012_val_00002467.JPEG,89,89,170,170,89,89,89,89,89,89,89,750,212,89,806,341,89,89,89,89,89,89,89,89,89
ILSVRC2012_val_00002500.JPEG,677,677,170,871,677,203,833,677,871,871,677,203,871,677,356,871,677,833,833,677,404,693,677,871,871
ILSVRC2012_val_00002547.JPEG,513,672,672,672,513,672,672,513,672,672,513,672,672,672,672,672,513,672,513,513,672,797,513,797,797
ILSVRC2012_val_00002559.JPEG,209,209,695,695,209,210,209,209,163,178,209,614,210,209,51,341,209,209,209,209,190,209,209,246,246
ILSVRC2012_val_00002588.JPEG,596,596,858,858,596,858,858,596,777,777,587,858,858,596,854,858,596,597,777,596,514,514,596,854,753
ILSVRC2012_val_00002635.JPEG,255,255,171,171,255,176,255,255,176,176,255,172,246,255,176,176,255,176,255,255,172,176,255,172,172
ILSVRC2012_val_00002661.JPEG,628,628,669,669,628,669,669,628,669,669,628,669,669,628,669,669,628,669,628,628,401,669,628,669,669
ILSVRC2012_val_00002716.JPEG,695,695,910,910,695,507,695,695,695,695,695,641,507,507,641,623,695,695,695,695,641,507,695,507,695
ILSVRC2012_val_00002912.JPEG,715,715,912,877,715,634,877,715,580,877,715,561,877,715,580,877,715,912,715,715,580,877,715,580,652
ILSVRC2012_val_00002915.JPEG,950,950,599,599,950,599,599,950,599,599,950,599,599,950,599,599,950,599,599,950,599,599,950,599,599
ILSVRC2012_val_00002936.JPEG,377,377,87,87,377,23,23,377,88,377,377,87,87,377,364,380,377,377,377,377,88,88,377,377,377
ILSVRC2012_val_00002948.JPEG,270,270,341,296,270,294,296,270,294,296,270,341,296,270,341,296,270,296,296,270,273,296,270,296,296
ILSVRC2012_val_00002983.JPEG,936,936,55,939,936,936,936,936,55,936,936,955,939,936,55,939,936,936,936,936,64,936,936,936,936
ILSVRC2012_val_00003035.JPEG,338,239,161,161,338,161,161,338,161,161,338,161,161,338,161,161,338,478,674,338,239,338,338,161,240
ILSVRC2012_val_00003050.JPEG,555,555,864,864,555,864,555,555,864,864,555,864,864,555,864,864,555,864,555,555,864,555,555,555,555
ILSVRC2012_val_00003062.JPEG,492,492,664,482,492,742,482,492,662,771,492,446,446,492,632,742,492,446,446,492,446,446,492,771,771
ILSVRC2012_val_00003072.JPEG,435,823,570,570,435,691,678,435,678,678,435,691,678,435,691,691,435,422,422,435,700,700,435,801,801
ILSVRC2012_val_00003124.JPEG,43,43,888,888,43,649,448,43,649,101,43,888,972,43,824,101,43,863,43,43,708,43,43,483,483
ILSVRC2012_val_00003187.JPEG,374,374,169,169,374,169,169,374,169,169,374,169,169,368,169,169,374,169,188,374,169,169,374,169,169
ILSVRC2012_val_00003236.JPEG,777,235,791,791,777,777,777,777,677,677,777,702,358,777,422,358,777,702,777,777,777,777,777,600,416
ILSVRC2012_val_00003268.JPEG,58,50,183,24,58,221,24,58,267,24,58,183,24,58,221,24,58,47,47,58,358,68,128,24,128
ILSVRC2012_val_00003274.JPEG,453,453,454,454,453,624,624,453,454,454,453,454,454,453,624,453,453,453,453,453,624,453,453,624,453
ILSVRC2012_val_00003275.JPEG,148,148,782,664,148,487,487,148,851,851,148,851,664,148,851,782,148,148,148,148,851,851,148,851,148
ILSVRC2012_val_00003288.JPEG,990,990,950,950,990,926,990,990,582,990,990,949,945,990,949,522,990,990,990,990,949,990,990,989,989
ILSVRC2012_val_00003289.JPEG,400,400,249,249,400,856,400,400,249,249,400,249,249,400,249,249,400,400,400,400,400,400,400,537,249
ILSVRC2012_val_00003292.JPEG,337,337,700,695,337,700,626,337,700,626,337,700,626,337,748,893,337,456,337,337,868,357,337,700,314
ILSVRC2012_val_00003303.JPEG,232,232,268,268,232,173,227,232,268,268,232,268,268,232,158,268,232,227,227,232,195,195,232,164,164
ILSVRC2012_val_00003313.JPEG,921,921,543,543,921,471,414,921,422,422,921,422,422,921,543,543,921,917,917,921,577,577,882,897,745
ILSVRC2012_val_00003377.JPEG,204,204,87,87,204,87,212,204,87,87,204,87,87,212,87,87,204,87,204,204,87,87,204,87,181
ILSVRC2012_val_00003419.JPEG,107,107,644,644,107,107,107,107,644,107,107,644,644,107,677,644,107,107,107,107,644,107,417,522,522
ILSVRC2012_val_00003459.JPEG,595,595,483,483,595,483,483,595,483,483,595,483,483,595,483,483,595,866,595,595,483,483,660,483,483
ILSVRC2012_val_00003471.JPEG,929,929,700,700,929,885,700,929,700,700,929,434,700,929,700,700,929,749,749,929,700,700,929,434,999
ILSVRC2012_val_00003557.JPEG,14,14,17,17,14,14,14,14,14,14,14,14,14,14,14,14,14,14,14,14,14,14,14,17,14
ILSVRC2012_val_00003846.JPEG,31,31,218,1,31,370,31,31,921,31,31,611,1,31,157,1,31,31,31,31,392,31,31,162,7
ILSVRC2012_val_00003851.JPEG,252,252,249,249,252,249,261,252,249,261,252,249,174,252,261,261,252,170,252,252,174,261,252,249,261
ILSVRC2012_val_00003906.JPEG,548,548,507,507,548,526,548,548,844,548,548,507,844,548,857,598,548,548,548,548,598,548,548,688,848
ILSVRC2012_val_00003922.JPEG,161,161,490,597,161,597,161,161,676,161,161,490,597,161,151,166,161,161,161,161,218,218,161,171,161
ILSVRC2012_val_00003941.JPEG,706,706,481,651,706,757,757,706,705,651,799,482,651,706,482,651,706,651,848,799,705,651,789,757,651
ILSVRC2012_val_00003971.JPEG,519,519,197,245,519,197,179,519,199,245,519,197,245,519,199,245,519,516,233,519,199,199,519,254,243
ILSVRC2012_val_00004060.JPEG,181,181,242,161,181,181,181,181,166,166,181,162,242,181,247,247,181,181,181,181,181,181,181,181,181
ILSVRC2012_val_00004072.JPEG,599,599,55,55,994,47,64,994,64,55,994,64,64,951,47,64,599,47,64,599,47,64,515,55,55
ILSVRC2012_val_00004121.JPEG,858,858,918,918,858,918,918,858,918,918,858,918,918,858,918,918,858,646,918,858,748,748,646,918,918
ILSVRC2012_val_00004125.JPEG,766,766,911,462,766,588,766,766,808,462,766,806,462,766,588,462,766,731,766,766,790,790,766,741,462
ILSVRC2012_val_00004331.JPEG,869,869,465,465,869,465,465,869,465,465,869,465,465,869,465,465,869,465,465,869,465,465,869,465,465
ILSVRC2012_val_00004359.JPEG,155,155,212,212,155,216,212,155,216,216,155,216,216,155,216,216,155,154,155,155,216,216,155,216,155
ILSVRC2012_val_00004420.JPEG,503,503,745,745,503,745,759,503,745,745,503,745,745,503,759,745,503,745,745,759,745,759,503,732,759
ILSVRC2012_val_00004458.JPEG,378,378,288,289,378,293,287,378,293,287,378,288,289,378,288,287,378,378,378,378,335,335,378,288,293
ILSVRC2012_val_00004495.JPEG,928,928,965,965,928,965,965,928,965,965,928,965,965,928,965,965,928,965,965,928,965,965,928,965,965
ILSVRC2012_val_00004553.JPEG,217,162,726,726,217,726,162,217,726,161,217,726,726,195,726,726,217,161,161,217,166,195,217,195,195
ILSVRC2012_val_00004588.JPEG,552,552,785,785,552,785,785,552,785,785,552,785,785,552,490,785,552,785,552,552,785,785,552,785,627
ILSVRC2012_val_00004667.JPEG,516,516,812,812,516,833,812,516,833,833,516,833,812,516,833,812,516,466,812,516,466,812,516,459,812
ILSVRC2012_val_00004691.JPEG,114,114,695,677,114,114,114,114,42,114,114,73,113,114,38,26,114,43,114,114,113,114,114,43,114
ILSVRC2012_val_00004746.JPEG,274,274,471,471,274,286,286,274,471,471,274,471,634,274,26,730,274,294,274,274,51,51,274,282,286
ILSVRC2012_val_00004769.JPEG,850,850,775,775,850,516,516,850,516,516,850,775,775,850,775,588,850,516,516,850,516,516,850,614,463
ILSVRC2012_val_00004799.JPEG,918,918,41,563,918,918,918,918,918,918,918,918,918,918,750,918,918,918,918,918,918,918,918,918,918
ILSVRC2012_val_00004862.JPEG,785,785,707,707,785,707,707,785,707,707,785,707,707,785,707,707,785,707,785,785,707,707,785,707,707
ILSVRC2012_val_00004939.JPEG,497,497,251,251,497,293,663,497,807,698,497,275,251,497,645,663,497,663,663,497,690,690,497,807,663
ILSVRC2012_val_00005047.JPEG,825,825,84,319,825,390,912,825,47,912,825,64,525,825,84,64,825,525,825,825,912,912,888,29,405
ILSVRC2012_val_00005541.JPEG,760,239,229,229,760,229,232,760,229,229,760,229,229,760,229,229,760,229,229,760,229,229,338,229,229
ILSVRC2012_val_00005565.JPEG,366,366,38,82,366,17,366,366,17,82,366,389,86,366,47,371,366,366,366,366,51,86,366,372,366
ILSVRC2012_val_00005604.JPEG,340,340,866,866,340,340,340,340,340,340,340,866,856,340,730,340,340,340,340,340,340,340,340,856,866
ILSVRC2012_val_00005757.JPEG,949,949,434,434,949,434,434,949,434,434,949,434,434,949,529,529,949,949,949,949,434,434,949,793,793
ILSVRC2012_val_00005824.JPEG,589,589,535,535,589,535,535,589,535,535,589,535,535,535,535,535,589,535,535,589,535,535,589,471,535
ILSVRC2012_val_00005843.JPEG,669,669,700,700,669,601,669,669,700,669,669,700,700,669,700,700,669,831,669,669,601,601,669,700,700
ILSVRC2012_val_00005891.JPEG,302,302,281,514,302,302,302,302,302,302,302,364,312,302,749,514,302,310,310,302,302,302,302,126,302
ILSVRC2012_val_00005955.JPEG,432,432,363,490,432,432,432,432,461,432,432,490,490,432,691,691,432,432,432,432,432,432,432,524,490
ILSVRC2012_val_00005973.JPEG,540,540,999,999,540,700,700,540,700,700,540,840,700,540,564,700,540,540,540,540,840,540,540,461,540
ILSVRC2012_val_00005977.JPEG,417,417,701,701,417,417,417,417,701,417,417,701,701,417,701,701,417,417,417,417,417,417,417,701,417
ILSVRC2012_val_00006038.JPEG,398,398,593,593,398,593,398,398,769,769,398,784,784,398,584,769,398,769,769,398,584,584,398,593,593
ILSVRC2012_val_00006050.JPEG,134,134,16,16,134,92,134,134,134,134,134,16,134,134,16,134,134,134,134,134,80,134,134,129,134
ILSVRC2012_val_00006178.JPEG,198,198,89,89,198,51,198,198,51,198,198,51,89,198,296,355,198,257,198,198,51,198,198,245,245
ILSVRC2012_val_00006309.JPEG,830,830,230,230,830,230,230,830,230,230,830,230,231,830,230,230,830,230,231,830,230,157,627,235,249
ILSVRC2012_val_00006339.JPEG,133,133,177,177,133,350,343,133,343,343,133,177,177,133,349,350,133,343,50,133,350,350,133,343,350
ILSVRC2012_val_00006366.JPEG,393,393,611,611,393,611,393,393,611,393,393,611,611,393,611,611,393,393,393,393,108,108,393,611,611
ILSVRC2012_val_00006391.JPEG,699,699,421,634,699,699,699,699,699,699,699,634,634,699,427,699,699,699,699,699,699,699,699,699,699
ILSVRC2012_val_00006469.JPEG,83,83,348,345,83,83,83,83,83,83,83,181,83,83,228,83,83,83,83,83,83,83,83,348,83
ILSVRC2012_val_00006543.JPEG,388,388,375,375,388,375,388,388,370,388,388,375,375,388,375,375,388,388,388,388,388,388,388,368,388
ILSVRC2012_val_00006549.JPEG,76,76,201,201,76,201,76,76,201,187,76,201,201,76,187,187,76,187,76,76,187,187,76,201,76
ILSVRC2012_val_00006552.JPEG,441,441,614,728,441,614,728,441,614,728,441,614,728,441,614,728,441,720,441,441,614,728,441,614,728
ILSVRC2012_val_00006580.JPEG,141,141,344,344,141,141,141,141,124,141,141,344,344,141,344,344,141,141,141,141,141,141,141,344,141
ILSVRC2012_val_00006627.JPEG,170,170,695,695,170,51,181,170,524,524,170,464,777,170,51,51,170,222,170,170,51,177,170,158,181
ILSVRC2012_val_00006637.JPEG,919,919,669,669,919,434,919,919,434,919,919,669,669,919,700,669,919,919,919,919,919,919,919,919,919
ILSVRC2012_val_00006764.JPEG,41,41,911,67,41,41,41,41,41,41,41,66,41,41,824,41,41,41,41,41,41,41,41,41,41
ILSVRC2012_val_00006791.JPEG,370,382,410,410,370,410,410,370,410,410,370,410,410,370,51,182,370,341,280,370,341,410,381,51,51
ILSVRC2012_val_00006804.JPEG,738,738,240,238,738,447,447,738,514,253,738,166,240,738,241,514,738,738,738,738,700,738,738,611,843
ILSVRC2012_val_00006958.JPEG,881,881,579,579,881,881,881,881,579,579,881,579,579,881,881,881,881,881,881,881,881,881,881,579,579
ILSVRC2012_val_00007169.JPEG,893,893,884,884,893,663,663,893,663,663,893,663,884,893,663,663,893,663,663,893,663,663,893,884,884
ILSVRC2012_val_00007197.JPEG,0,0,434,434,0,868,431,0,936,0,0,434,434,0,431,431,0,797,0,0,840,0,0,452,434
ILSVRC2012_val_00007233.JPEG,412,412,289,289,412,289,289,412,289,289,412,289,289,412,62,289,412,514,412,412,62,289,412,61,883
ILSVRC2012_val_00007259.JPEG,815,815,643,787,815,461,461,815,883,461,815,643,643,815,461,461,815,643,643,815,906,906,815,887,883
ILSVRC2012_val_00007280.JPEG,578,578,496,496,578,496,496,578,496,496,578,496,496,578,496,496,578,496,578,578,496,496,578,496,496
ILSVRC2012_val_00007366.JPEG,202,202,255,255,202,255,255,202,255,255,202,255,255,202,255,255,202,255,255,202,255,255,202,255,255
ILSVRC2012_val_00007373.JPEG,620,620,448,704,620,620,620,620,481,620,620,481,851,620,721,481,620,620,620,620,620,620,620,632,782
ILSVRC2012_val_00007424.JPEG,449,449,582,646,449,829,646,449,860,646,449,706,646,449,705,706,449,975,975,449,663,706,449,509,449
ILSVRC2012_val_00007446.JPEG,175,175,151,151,175,196,175,175,196,175,175,151,151,175,151,196,175,189,175,175,196,194,175,198,186
ILSVRC2012_val_00007467.JPEG,987,998,930,930,987,930,930,987,930,930,998,930,930,987,930,930,987,930,930,998,930,930,987,930,998
ILSVRC2012_val_00007539.JPEG,237,237,217,247,237,234,227,237,234,234,237,244,227,237,234,227,237,227,227,237,165,227,237,164,238
ILSVRC2012_val_00007659.JPEG,570,513,763,513,570,764,764,570,763,764,570,763,763,763,763,763,570,763,570,570,763,763,570,763,763
ILSVRC2012_val_00007718.JPEG,848,848,831,713,848,831,848,848,406,482,848,750,713,848,831,713,848,848,848,848,482,713,482,509,848
ILSVRC2012_val_00007738.JPEG,396,396,917,917,396,750,917,396,214,917,396,750,917,396,797,917,396,396,396,396,796,396,396,611,973
ILSVRC2012_val_00007762.JPEG,227,209,209,209,227,209,209,227,209,209,227,209,209,209,209,209,227,209,209,227,209,209,227,350,209
ILSVRC2012_val_00007816.JPEG,638,639,416,416,639,416,416,639,416,416,639,416,416,639,416,416,639,416,416,638,702,416,639,430,543
ILSVRC2012_val_00007824.JPEG,960,960,787,787,960,787,787,960,787,787,960,787,787,960,787,787,960,787,787,960,577,787,960,787,787
ILSVRC2012_val_00007826.JPEG,820,820,806,863,820,863,820,820,863,820,820,863,863,820,863,863,820,820,820,820,820,820,820,820,820
ILSVRC2012_val_00007861.JPEG,790,790,638,678,790,582,790,790,655,790,790,655,678,790,655,678,790,790,790,790,790,790,790,678,678
ILSVRC2012_val_00007893.JPEG,493,493,592,482,493,811,493,493,753,493,493,811,482,493,482,766,493,766,493,493,493,493,493,482,482
ILSVRC2012_val_00007936.JPEG,870,870,703,703,870,730,730,870,703,703,870,703,703,870,703,730,870,703,703,870,703,703,870,730,870
ILSVRC2012_val_00008119.JPEG,219,213,274,339,219,253,184,219,253,218,219,253,253,213,341,339,219,184,218,219,274,253,207,274,207
ILSVRC2012_val_00008282.JPEG,213,213,180,180,213,246,208,213,208,211,213,180,246,213,179,179,213,211,211,213,208,168,213,163,163
ILSVRC2012_val_00008303.JPEG,180,180,514,514,180,173,173,180,514,173,180,514,173,180,514,173,180,173,173,180,173,173,180,514,253
ILSVRC2012_val_00008495.JPEG,20,20,76,76,20,76,76,20,76,76,20,76,76,20,76,76,20,20,20,20,76,76,20,76,355
ILSVRC2012_val_00008499.JPEG,710,710,514,514,710,514,514,710,514,514,710,514,514,710,514,514,507,514,726,710,514,514,710,514,514
ILSVRC2012_val_00008509.JPEG,38,38,120,120,38,119,38,38,120,38,38,120,120,38,120,120,38,38,38,38,120,38,38,38,38
ILSVRC2012_val_00008524.JPEG,415,415,766,766,415,766,766,415,766,766,415,766,766,415,766,766,415,766,766,415,766,766,415,766,766
ILSVRC2012_val_00008626.JPEG,93,93,700,700,93,93,93,93,82,12,93,700,700,23,700,12,93,23,23,93,80,80,93,82,12
ILSVRC2012_val_00008654.JPEG,52,52,488,488,52,53,52,52,53,52,52,488,52,52,53,52,52,52,52,52,53,52,52,58,58
ILSVRC2012_val_00008690.JPEG,889,889,214,256,889,160,205,889,205,205,889,252,256,889,750,205,889,889,889,889,917,889,889,364,256
ILSVRC2012_val_00008700.JPEG,693,693,22,22,693,22,22,693,22,22,693,21,22,693,22,22,693,22,693,693,80,80,693,23,693
ILSVRC2012_val_00008720.JPEG,947,947,543,543,947,589,543,947,770,543,947,770,543,947,774,543,947,589,947,947,457,996,947,457,457
ILSVRC2012_val_00008764.JPEG,821,821,514,525,821,821,821,821,541,821,821,456,525,821,831,821,821,821,821,821,821,821,821,821,821
ILSVRC2012_val_00008790.JPEG,524,614,491,491,615,491,491,524,870,491,428,491,491,524,491,491,490,491,665,524,491,491,524,671,665
ILSVRC2012_val_00008871.JPEG,502,615,615,615,502,774,615,502,502,502,502,615,615,502,615,615,502,615,615,502,615,615,502,502,502
ILSVRC2012_val_00008881.JPEG,946,944,944,944,946,944,944,946,944,944,946,944,944,946,944,946,946,946,946,946,946,946,946,944,944
ILSVRC2012_val_00008917.JPEG,862,862,857,857,862,857,862,862,857,857,862,857,857,862,857,857,862,862,862,862,857,862,862,857,514
ILSVRC2012_val_00008919.JPEG,70,70,816,816,70,816,320,70,816,315,315,816,816,70,816,462,70,558,70,70,693,693,70,816,315
ILSVRC2012_val_00008924.JPEG,649,649,556,727,649,556,807,649,556,580,649,556,807,649,556,727,649,821,649,649,727,727,649,755,807
ILSVRC2012_val_00008964.JPEG,471,471,707,707,471,707,856,471,707,707,471,707,571,471,414,707,471,471,471,471,612,612,471,745,745
ILSVRC2012_val_00009001.JPEG,625,625,611,611,625,611,625,625,611,625,625,611,611,625,611,611,625,625,625,625,625,625,625,611,611
ILSVRC2012_val_00009022.JPEG,627,627,591,840,627,645,627,627,645,645,627,456,456,627,728,645,627,627,627,627,645,645,654,591,645
ILSVRC2012_val_00009104.JPEG,403,403,233,233,403,199,403,403,199,403,403,233,183,403,199,183,403,403,403,403,199,403,403,738,408
ILSVRC2012_val_00009142.JPEG,780,780,487,605,780,626,626,780,674,914,780,626,662,780,772,914,780,780,780,780,914,780,780,754,674
ILSVRC2012_val_00009198.JPEG,140,141,8,8,140,8,8,140,8,8,140,8,8,141,8,996,140,8,86,140,86,86,140,82,86
ILSVRC2012_val_00009247.JPEG,152,152,385,19,152,86,152,152,80,152,152,385,19,152,385,19,152,152,152,152,80,152,152,385,152
ILSVRC2012_val_00009264.JPEG,660,660,410,410,660,410,410,660,410,410,660,410,410,660,410,410,660,611,660,660,410,410,660,410,410
ILSVRC2012_val_00009386.JPEG,629,629,477,477,629,629,629,629,629,629,629,477,477,629,477,784,629,629,629,629,477,477,783,783,783
ILSVRC2012_val_00009407.JPEG,991,991,425,425,991,991,991,991,991,991,991,489,991,991,991,991,991,991,991,991,991,991,991,991,991
ILSVRC2012_val_00009437.JPEG,753,753,170,209,753,364,996,753,191,728,753,170,209,753,109,797,753,184,753,753,170,996,467,364,286
ILSVRC2012_val_00009516.JPEG,986,986,955,955,986,955,955,986,955,955,986,955,955,986,955,955,986,986,986,986,955,986,986,955,949
ILSVRC2012_val_00009526.JPEG,689,689,800,448,411,800,448,689,800,857,689,800,448,601,800,857,697,697,697,689,846,689,887,406,562
ILSVRC2012_val_00009645.JPEG,375,375,384,384,375,384,384,375,384,384,375,384,384,375,384,384,375,375,375,375,384,384,375,384,384
ILSVRC2012_val_00009733.JPEG,888,888,978,460,888,525,525,888,705,888,888,718,460,705,975,525,888,525,888,888,525,525,888,718,718
ILSVRC2012_val_00009790.JPEG,700,700,844,844,700,844,844,700,626,844,700,844,844,700,844,844,700,844,844,700,844,844,859,844,844
ILSVRC2012_val_00009861.JPEG,426,426,630,630,426,514,635,426,748,630,426,630,630,426,748,748,426,635,635,426,748,635,426,748,635
ILSVRC2012_val_00009868.JPEG,630,630,695,499,630,695,596,630,695,777,630,695,499,630,887,777,630,464,777,630,695,499,630,600,587
ILSVRC2012_val_00009972.JPEG,336,336,359,359,336,359,358,336,359,359,336,359,359,336,359,359,336,358,358,336,358,358,336,359,336
ILSVRC2012_val_00010011.JPEG,248,249,261,261,248,249,249,248,249,249,248,261,261,248,261,261,248,249,248,248,249,249,248,249,249
ILSVRC2012_val_00010070.JPEG,191,191,187,201,191,187,201,191,187,201,191,252,201,191,187,201,191,187,201,191,187,187,189,252,187
ILSVRC2012_val_00010102.JPEG,326,326,375,375,326,364,326,326,364,326,326,364,375,326,84,47,326,326,326,326,326,326,326,39,82
ILSVRC2012_val_00010310.JPEG,12,12,750,750,12,434,748,12,750,748,12,434,529,12,721,748,12,10,12,12,748,10,12,452,95
ILSVRC2012_val_00010412.JPEG,120,120,280,280,120,120,120,120,120,120,120,280,280,120,334,335,120,120,120,120,120,120,120,280,120
ILSVRC2012_val_00010458.JPEG,758,758,669,669,758,854,794,758,854,669,758,854,669,758,854,669,758,975,975,758,854,975,758,794,669
ILSVRC2012_val_00010515.JPEG,591,591,750,750,591,831,831,591,831,750,591,750,750,591,750,750,591,831,750,591,750,750,591,831,831
ILSVRC2012_val_00010584.JPEG,187,187,368,368,187,368,151,187,260,186,187,368,368,186,368,870,187,870,187,187,665,187,187,428,259
ILSVRC2012_val_00010665.JPEG,174,174,383,383,174,383,250,174,384,250,174,383,383,174,383,383,174,261,261,174,285,249,174,361,249
ILSVRC2012_val_00010678.JPEG,305,305,334,280,305,334,280,305,298,280,305,334,280,305,280,280,305,334,305,305,362,280,305,299,280
ILSVRC2012_val_00010711.JPEG,281,281,363,363,281,363,281,281,363,285,281,363,363,281,363,363,281,363,281,281,363,285,281,363,281
ILSVRC2012_val_00010748.JPEG,804,804,427,756,804,804,804,804,804,804,804,427,756,804,427,756,804,798,804,804,901,804,804,883,804
ILSVRC2012_val_00010767.JPEG,15,15,136,136,15,15,15,15,13,15,15,136,136,15,136,136,15,15,15,15,137,15,15,137,15
ILSVRC2012_val_00010816.JPEG,687,497,853,634,687,853,634,687,853,853,687,853,853,687,853,853,687,853,634,687,853,634,442,853,442
ILSVRC2012_val_00010831.JPEG,782,782,788,788,782,788,851,782,788,851,851,788,788,851,788,788,782,782,782,782,782,782,851,788,664
ILSVRC2012_val_00010988.JPEG,139,139,700,700,139,434,700,139,434,700,139,700,700,139,170,700,139,139,139,139,794,380,139,700,138
ILSVRC2012_val_00011010.JPEG,634,634,750,586,634,750,847,634,750,586,634,750,586,634,750,586,634,750,586,634,750,586,634,750,586
ILSVRC2012_val_00011017.JPEG,642,642,699,699,642,642,642,642,699,642,642,699,699,642,854,699,642,642,642,642,699,699,642,642,642
ILSVRC2012_val_00011037.JPEG,59,59,64,64,59,64,64,59,64,64,59,64,64,59,64,64,59,64,64,59,64,64,59,65,64
ILSVRC2012_val_00011043.JPEG,343,343,499,499,343,730,210,343,63,268,343,587,596,343,114,587,343,280,343,343,280,280,343,912,343
ILSVRC2012_val_00011052.JPEG,143,143,292,275,143,292,275,143,292,275,143,292,275,143,292,275,143,292,276,143,80,80,143,292,275
ILSVRC2012_val_00011139.JPEG,420,420,728,728,420,728,728,420,728,764,683,728,728,432,728,728,420,420,420,420,764,420,420,764,413
ILSVRC2012_val_00011147.JPEG,550,550,464,464,550,464,464,550,464,464,550,464,464,550,451,512,550,604,550,550,615,550,550,464,512
ILSVRC2012_val_00011188.JPEG,269,269,351,287,269,286,271,269,287,287,269,350,287,269,351,287,269,273,273,269,286,287,269,286,269
ILSVRC2012_val_00011228.JPEG,391,391,377,377,391,377,377,391,377,391,391,377,377,391,377,377,391,391,391,391,47,391,391,377,391
ILSVRC2012_val_00011309.JPEG,659,659,700,700,659,659,659,659,700,700,659,999,999,659,700,700,659,666,666,659,861,700,659,653,659
ILSVRC2012_val_00011318.JPEG,852,852,950,950,852,852,852,852,852,852,852,950,951,852,951,951,852,852,852,852,852,852,852,852,852
ILSVRC2012_val_00011324.JPEG,701,701,610,411,701,610,411,701,610,610,701,610,434,701,610,701,701,701,701,701,701,701,701,434,462
ILSVRC2012_val_00011399.JPEG,86,86,170,170,86,170,212,86,254,170,86,170,170,86,243,216,86,276,86,86,243,86,86,170,170
ILSVRC2012_val_00011526.JPEG,406,406,888,888,406,888,884,406,884,884,406,888,884,406,888,884,406,884,406,406,884,884,406,884,406
ILSVRC2012_val_00011544.JPEG,390,390,489,489,390,390,390,390,0,998,390,489,0,390,955,288,390,390,390,390,390,390,390,390,390
ILSVRC2012_val_00011546.JPEG,799,799,454,454,799,454,454,799,454,454,799,454,454,799,741,454,799,454,454,799,624,624,799,454,454
ILSVRC2012_val_00011563.JPEG,472,472,664,664,472,921,851,472,921,921,814,921,851,472,921,921,472,472,472,472,851,851,472,611,851
ILSVRC2012_val_00011617.JPEG,310,310,275,275,310,275,275,310,275,275,310,275,275,310,275,275,310,275,275,310,275,275,310,275,276
ILSVRC2012_val_00011679.JPEG,410,410,765,579,410,706,410,410,703,703,410,831,706,410,831,831,410,703,807,410,807,807,410,793,793
ILSVRC2012_val_00011732.JPEG,286,286,345,351,286,291,291,286,231,291,286,343,345,286,351,351,286,291,286,286,345,345,286,291,291
ILSVRC2012_val_00011811.JPEG,280,280,587,104,280,104,104,280,104,104,280,104,104,280,104,104,280,104,280,280,104,104,280,104,104
ILSVRC2012_val_00011878.JPEG,164,164,514,514,164,164,164,164,164,164,164,514,164,164,514,514,164,164,164,164,164,164,164,164,164
ILSVRC2012_val_00011934.JPEG,528,528,597,597,528,528,528,528,759,528,528,447,597,528,759,759,528,528,528,528,613,528,528,447,528
ILSVRC2012_val_00011944.JPEG,891,891,366,608,891,366,403,891,366,608,891,367,608,891,341,608,891,791,891,891,512,891,891,367,540
ILSVRC2012_val_00011967.JPEG,294,294,201,201,294,193,226,294,226,226,294,201,193,294,193,193,294,226,226,294,187,226,294,201,226
ILSVRC2012_val_00012192.JPEG,443,591,643,643,443,643,643,443,643,643,443,643,643,443,911,911,443,452,452,443,392,452,443,643,643
ILSVRC2012_val_00012217.JPEG,857,857,700,700,857,700,700,857,700,700,583,700,700,857,700,700,857,765,857,857,700,857,857,857,857
ILSVRC2012_val_00012227.JPEG,707,707,700,700,707,51,617,707,700,700,707,700,700,707,700,700,707,697,707,707,33,395,707,397,617
ILSVRC2012_val_00012244.JPEG,903,903,177,177,903,337,177,903,170,177,585,177,177,903,177,177,903,337,177,903,337,177,903,177,177
ILSVRC2012_val_00012391.JPEG,505,505,720,720,505,585,585,505,631,720,505,585,585,505,631,631,899,505,505,505,631,899,505,631,720
ILSVRC2012_val_00012418.JPEG,113,113,184,184,113,184,113,113,191,113,113,184,184,113,184,184,113,113,113,113,113,113,113,680,691
ILSVRC2012_val_00012429.JPEG,71,311,293,293,71,287,287,71,293,293,71,276,293,71,293,293,71,287,63,71,287,68,71,293,293
ILSVRC2012_val_00012458.JPEG,992,992,850,723,992,947,947,992,992,992,992,47,723,992,47,992,992,992,992,992,992,992,992,879,947
ILSVRC2012_val_00012464.JPEG,703,703,877,877,703,703,703,703,703,703,703,877,877,703,765,421,703,703,703,703,703,703,703,421,703
ILSVRC2012_val_00012536.JPEG,645,645,330,330,645,645,645,645,645,645,645,233,645,645,645,645,645,645,645,645,645,645,645,645,645
ILSVRC2012_val_00012582.JPEG,953,953,954,954,953,953,953,953,953,953,953,953,953,953,953,953,953,953,953,953,953,953,953,954,953
ILSVRC2012_val_00012686.JPEG,521,926,963,963,521,964,964,521,964,964,521,963,963,521,964,964,521,926,926,521,926,926,521,963,963
ILSVRC2012_val_00012744.JPEG,944,30,876,876,944,876,876,944,435,435,944,435,435,896,793,435,944,435,435,944,435,435,944,435,435
ILSVRC2012_val_00012753.JPEG,957,957,486,486,957,486,486,957,486,486,957,486,486,957,486,486,957,990,990,957,486,486,957,577,486
ILSVRC2012_val_00012788.JPEG,112,112,124,471,112,122,122,112,122,471,112,71,634,112,63,122,112,997,113,112,122,122,112,122,122
ILSVRC2012_val_00012815.JPEG,584,584,700,700,584,451,700,584,451,584,584,700,700,451,700,700,584,451,451,584,584,451,451,515,749
ILSVRC2012_val_00012952.JPEG,206,206,275,275,206,210,210,206,275,275,206,275,275,206,275,275,206,227,206,206,227,206,206,268,177
ILSVRC2012_val_00012968.JPEG,898,650,818,999,898,818,818,898,818,818,767,818,543,898,818,818,767,650,650,898,745,818,898,570,570
ILSVRC2012_val_00012976.JPEG,101,101,364,364,101,343,343,101,252,343,101,177,343,101,252,343,101,342,101,101,252,101,101,252,343
ILSVRC2012_val_00013002.JPEG,288,288,597,401,288,643,288,288,288,288,288,636,288,288,399,490,288,288,288,288,288,288,288,303,288
ILSVRC2012_val_00013012.JPEG,752,752,664,664,752,598,851,752,851,598,752,819,819,752,851,851,852,664,852,752,851,851,752,819,819
ILSVRC2012_val_00013018.JPEG,646,646,835,835,646,835,835,646,835,835,646,835,835,646,835,835,646,835,835,646,835,835,646,835,835
ILSVRC2012_val_00013078.JPEG,307,307,357,357,307,302,307,307,357,357,307,357,337,307,357,357,307,307,307,307,302,302,307,307,307
ILSVRC2012_val_00013098.JPEG,478,519,766,766,478,766,766,478,766,766,478,766,766,478,766,766,478,859,477,478,477,766,478,621,766
ILSVRC2012_val_00013215.JPEG,53,53,514,514,53,514,514,53,514,514,53,514,52,53,514,514,53,53,53,53,53,52,53,52,52
ILSVRC2012_val_00013254.JPEG,942,942,385,700,942,512,512,942,385,700,942,385,700,942,385,700,942,942,942,942,824,999,942,700,700
ILSVRC2012_val_00013420.JPEG,381,381,281,244,381,369,369,381,369,244,381,281,244,381,355,244,381,369,369,381,369,369,381,369,367
ILSVRC2012_val_00013424.JPEG,199,199,198,198,199,198,198,199,198,198,199,198,198,199,198,198,199,198,198,199,198,198,199,198,198
ILSVRC2012_val_00013425.JPEG,362,362,195,195,362,195,362,362,195,195,362,195,195,362,195,195,362,362,362,362,362,362,362,195,195
ILSVRC2012_val_00013427.JPEG,924,924,937,937,924,938,938,924,938,938,924,937,937,924,956,938,924,924,924,924,937,937,962,938,938
ILSVRC2012_val_00013486.JPEG,676,676,235,235,676,676,676,676,235,676,676,235,676,676,235,235,676,676,676,676,235,676,676,676,676
ILSVRC2012_val_00013558.JPEG,325,325,806,750,325,325,325,325,824,325,325,697,797,325,824,325,325,325,325,325,325,325,325,611,325
ILSVRC2012_val_00013564.JPEG,100,100,137,137,100,137,137,100,137,137,100,137,137,100,137,137,100,137,100,100,137,137,100,137,137
ILSVRC2012_val_00013725.JPEG,63,63,341,341,63,341,341,63,341,341,63,341,341,63,341,341,63,429,5,63,341,341,63,341,341
ILSVRC2012_val_00013749.JPEG,558,875,546,889,558,650,889,650,650,650,558,546,432,650,250,486,650,650,650,650,650,650,558,650,889
ILSVRC2012_val_00013756.JPEG,193,193,785,785,193,785,785,193,785,785,785,785,785,193,785,785,193,785,785,193,785,785,193,785,785
ILSVRC2012_val_00013763.JPEG,225,225,243,243,225,243,243,225,243,243,225,243,243,225,243,243,225,243,246,225,243,243,225,243,243
ILSVRC2012_val_00013778.JPEG,427,427,858,858,427,858,858,427,858,858,427,858,858,427,858,858,427,858,858,427,858,858,427,858,858
ILSVRC2012_val_00013826.JPEG,661,661,847,847,661,586,661,661,847,408,661,586,586,661,408,586,661,661,661,661,847,856,661,586,586
ILSVRC2012_val_00013830.JPEG,713,713,471,744,713,471,657,713,657,657,713,657,657,713,744,744,713,744,744,713,744,744,713,657,657
ILSVRC2012_val_00013886.JPEG,835,835,737,791,835,843,843,835,738,807,835,790,791,835,580,580,835,580,835,835,577,577,835,594,577
ILSVRC2012_val_00013908.JPEG,794,794,711,711,794,711,631,794,711,711,794,631,680,794,711,680,794,631,631,794,631,794,794,737,794
ILSVRC2012_val_00014038.JPEG,320,320,750,728,320,750,728,320,750,728,320,750,728,320,109,691,320,691,41,320,823,823,320,459,728
ILSVRC2012_val_00014151.JPEG,256,256,183,183,256,183,183,256,183,183,256,183,183,256,183,183,256,221,221,256,226,221,233,183,183
ILSVRC2012_val_00014221.JPEG,655,655,586,586,655,586,586,655,586,586,655,652,586,655,413,413,655,413,655,655,413,413,655,586,586
ILSVRC2012_val_00014299.JPEG,984,984,84,397,984,84,979,984,84,979,984,109,973,984,84,956,984,84,984,984,84,975,984,109,975
ILSVRC2012_val_00014317.JPEG,39,39,43,43,39,43,39,39,43,39,39,43,43,39,43,43,39,39,39,39,43,43,39,39,39
ILSVRC2012_val_00014320.JPEG,234,234,212,212,234,214,214,234,214,214,234,212,214,234,214,214,234,214,214,234,214,214,234,214,214
ILSVRC2012_val_00014344.JPEG,783,783,771,771,783,688,771,783,771,771,771,771,771,783,461,771,783,771,771,783,771,771,783,771,771
ILSVRC2012_val_00014395.JPEG,347,347,386,386,347,101,101,347,101,101,347,386,386,347,386,386,347,347,347,347,386,386,347,386,386
ILSVRC2012_val_00014398.JPEG,249,249,187,157,249,232,232,249,152,232,249,196,157,249,187,157,249,232,249,249,232,232,249,249,249
ILSVRC2012_val_00014402.JPEG,373,373,385,385,373,385,385,373,385,385,373,385,385,373,385,101,373,367,373,373,51,385,373,611,372
ILSVRC2012_val_00014423.JPEG,387,387,459,459,387,584,850,387,584,156,387,459,459,387,584,584,387,584,584,387,584,584,387,452,584
ILSVRC2012_val_00014529.JPEG,297,297,191,191,297,183,191,297,189,191,297,191,191,297,189,191,297,191,191,297,191,191,297,183,183
ILSVRC2012_val_00014572.JPEG,313,313,13,13,313,82,10,313,10,10,313,10,140,313,10,10,313,13,94,313,10,10,313,140,94
ILSVRC2012_val_00014633.JPEG,976,979,755,755,976,755,755,976,755,755,976,755,755,976,755,755,976,975,976,976,727,727,976,755,755
ILSVRC2012_val_00014715.JPEG,121,121,726,766,121,118,121,121,643,121,121,739,766,121,863,766,121,121,121,121,917,121,121,51,121
ILSVRC2012_val_00014751.JPEG,125,125,611,396,125,611,396,125,611,115,125,921,396,125,741,396,125,611,125,125,973,396,125,611,396
ILSVRC2012_val_00014753.JPEG,123,123,76,76,123,76,76,123,76,73,123,76,76,123,76,76,123,123,123,123,125,125,123,76,76
ILSVRC2012_val_00014928.JPEG,268,268,287,286,268,268,268,268,355,268,268,271,271,268,271,271,268,268,268,268,268,268,268,287,268
ILSVRC2012_val_00015169.JPEG,541,541,224,224,541,224,224,541,223,224,768,224,224,541,223,224,541,768,224,541,224,224,541,224,224
ILSVRC2012_val_00015227.JPEG,520,520,892,892,520,564,520,520,663,520,520,663,743,520,406,687,520,520,520,520,520,520,520,687,520
ILSVRC2012_val_00015473.JPEG,807,807,750,750,807,911,807,807,539,807,807,853,853,807,911,462,807,807,807,807,807,807,807,462,807
ILSVRC2012_val_00015479.JPEG,500,500,363,363,500,363,363,500,363,363,500,363,363,500,363,363,500,363,363,500,363,363,500,36,363
ILSVRC2012_val_00015507.JPEG,408,408,700,700,408,700,700,408,700,700,408,700,700,408,700,700,408,700,408,408,700,700,408,700,526
ILSVRC2012_val_00015661.JPEG,973,973,395,395,973,395,395,973,395,395,973,395,395,973,395,973,973,389,973,973,395,395,973,50,394
ILSVRC2012_val_00015708.JPEG,484,484,744,744,484,657,657,484,657,657,484,862,657,484,744,744,484,978,978,484,744,484,484,644,744
ILSVRC2012_val_00015834.JPEG,421,421,170,170,421,170,170,421,341,170,421,170,170,421,170,170,421,341,170,421,170,170,421,170,170
ILSVRC2012_val_00015890.JPEG,749,749,877,877,749,526,749,749,413,799,749,413,877,749,561,766,749,598,749,749,851,789,749,634,840
ILSVRC2012_val_00015903.JPEG,11,11,36,61,11,35,61,11,36,61,11,36,61,11,36,62,11,11,11,11,36,62,11,51,61
ILSVRC2012_val_00015923.JPEG,184,184,611,611,184,611,611,184,611,611,184,611,611,184,611,611,184,611,611,184,611,268,184,611,611
ILSVRC2012_val_00016108.JPEG,212,217,232,232,212,232,232,212,232,232,212,232,232,212,232,232,212,232,232,212,232,232,212,232,232
ILSVRC2012_val_00016141.JPEG,948,948,514,514,659,666,666,948,514,666,948,514,739,948,514,666,948,739,948,948,63,739,948,863,852
ILSVRC2012_val_00016221.JPEG,615,615,608,608,615,655,655,615,655,655,615,608,608,615,608,655,615,615,615,615,615,615,615,608,608
ILSVRC2012_val_00016401.JPEG,236,236,151,151,236,237,237,236,158,237,236,237,237,236,158,158,236,237,237,236,237,237,236,237,237
ILSVRC2012_val_00016426.JPEG,344,344,182,182,344,342,182,344,182,182,344,210,182,344,364,364,344,342,341,344,210,342,344,364,275
ILSVRC2012_val_00016556.JPEG,384,384,12,12,384,363,364,384,312,364,384,807,807,384,815,91,384,956,364,384,364,384,384,91,295
ILSVRC2012_val_00016586.JPEG,354,354,389,391,354,116,354,354,115,356,354,116,394,354,116,116,354,389,354,354,5,354,354,115,354
ILSVRC2012_val_00016621.JPEG,295,295,206,206,295,206,206,295,206,206,294,206,206,294,206,206,295,206,206,295,206,206,295,221,221
ILSVRC2012_val_00016690.JPEG,553,553,794,700,553,794,700,553,794,700,760,794,700,553,794,700,553,794,700,553,794,700,760,794,700
ILSVRC2012_val_00016702.JPEG,632,632,651,651,632,827,651,632,651,651,632,556,651,632,893,651,632,632,632,632,632,632,632,556,651
ILSVRC2012_val_00016714.JPEG,442,442,448,448,442,448,448,442,448,448,442,448,448,442,448,448,442,448,448,442,448,448,682,448,448
ILSVRC2012_val_00016735.JPEG,875,875,524,524,875,524,524,875,524,524,875,524,524,875,524,524,875,524,524,875,524,524,875,524,665
ILSVRC2012_val_00016749.JPEG,639,639,422,890,639,602,639,639,422,639,639,422,430,639,602,416,639,639,639,639,422,639,639,602,602
ILSVRC2012_val_00016810.JPEG,298,298,850,105,298,850,105,298,265,105,298,850,105,298,850,105,298,365,380,298,265,105,298,850,105
ILSVRC2012_val_00016818.JPEG,27,27,164,164,27,164,164,27,164,164,27,164,164,27,164,164,27,164,164,27,164,164,27,166,164
ILSVRC2012_val_00016841.JPEG,153,153,276,276,153,348,257,153,343,364,153,349,348,153,222,216,153,296,216,153,345,216,153,276,355
ILSVRC2012_val_00016863.JPEG,915,915,970,970,915,970,970,915,970,970,915,970,970,915,970,970,915,970,970,915,970,970,915,970,970
ILSVRC2012_val_00016874.JPEG,557,557,794,794,557,794,794,557,669,794,557,794,794,557,669,794,557,894,557,557,818,794,557,794,794
ILSVRC2012_val_00016904.JPEG,966,966,700,700,966,700,700,966,700,700,966,700,700,966,700,700,966,700,700,966,700,700,966,700,844
ILSVRC2012_val_00017036.JPEG,210,210,39,39,210,39,39,210,39,39,210,39,39,210,39,39,210,210,210,210,39,51,210,39,51
ILSVRC2012_val_00017053.JPEG,765,765,700,700,765,700,700,765,700,700,765,700,700,765,700,700,765,765,765,765,700,700,765,700,765
ILSVRC2012_val_00017088.JPEG,598,598,778,565,598,675,565,598,556,565,598,778,565,598,556,565,598,556,498,598,660,565,598,771,675
ILSVRC2012_val_00017098.JPEG,816,816,695,695,816,844,584,816,600,600,816,674,674,816,122,122,816,584,584,816,772,122,816,830,699
ILSVRC2012_val_00017131.JPEG,800,800,664,782,800,851,800,800,851,800,800,851,851,800,851,851,800,800,800,800,800,800,800,851,851
ILSVRC2012_val_00017135.JPEG,829,829,854,854,829,854,854,829,854,854,829,854,854,829,854,854,829,854,854,829,854,854,829,564,975
ILSVRC2012_val_00017222.JPEG,37,37,360,82,37,360,82,37,82,83,37,360,82,37,83,83,37,360,83,37,82,82,36,83,83
ILSVRC2012_val_00017286.JPEG,469,945,943,939,469,945,945,469,945,945,469,939,939,948,956,943,469,948,948,469,943,943,469,943,943
ILSVRC2012_val_00017402.JPEG,969,470,805,805,969,805,969,969,604,969,720,805,805,961,607,805,969,855,805,969,805,805,607,805,805
ILSVRC2012_val_00017403.JPEG,425,425,266,266,425,700,266,425,700,265,425,265,265,425,266,266,425,700,700,425,700,700,425,197,266
ILSVRC2012_val_00017428.JPEG,769,769,721,700,769,434,700,769,434,769,769,434,999,769,434,700,769,769,769,769,769,769,769,529,769
ILSVRC2012_val_00017462.JPEG,522,522,819,722,522,646,862,522,611,522,522,819,822,522,406,416,522,522,522,522,921,522,522,865,233
ILSVRC2012_val_00017531.JPEG,66,66,276,276,66,66,66,66,276,66,66,276,66,66,294,68,68,66,68,66,271,66,68,276,66
ILSVRC2012_val_00017552.JPEG,303,302,97,97,303,302,302,303,302,302,302,305,305,303,302,302,303,302,302,303,302,302,302,302,302
ILSVRC2012_val_00017556.JPEG,319,319,519,519,319,519,519,319,519,519,319,519,519,319,519,519,319,495,519,319,519,519,616,519,519
ILSVRC2012_val_00017560.JPEG,229,229,375,375,229,375,200,229,200,200,229,375,375,229,375,200,229,226,229,229,155,200,229,229,200
ILSVRC2012_val_00017637.JPEG,488,695,462,792,488,488,488,488,488,488,488,523,792,488,456,456,488,875,488,488,488,488,488,872,488
ILSVRC2012_val_00017684.JPEG,173,173,695,471,173,476,173,173,422,173,173,535,535,173,51,422,173,173,173,173,242,173,173,787,476
ILSVRC2012_val_00017723.JPEG,926,926,788,788,926,788,926,926,788,926,926,788,739,926,788,788,926,788,926,926,788,926,926,788,926
ILSVRC2012_val_00017789.JPEG,145,145,975,403,145,472,145,145,667,667,145,833,833,145,724,978,145,145,145,145,975,871,145,667,667
ILSVRC2012_val_00017808.JPEG,447,447,292,150,447,292,447,447,634,346,447,275,150,447,519,150,447,9,9,447,357,150,447,519,634
ILSVRC2012_val_00017859.JPEG,822,822,898,898,822,680,971,822,572,971,822,898,898,822,898,680,822,898,807,822,691,680,822,849,968
ILSVRC2012_val_00017867.JPEG,385,386,272,272,385,272,280,385,272,280,101,272,272,386,280,280,385,171,385,385,274,274,386,272,280
ILSVRC2012_val_00018002.JPEG,674,749,664,664,674,651,651,674,651,674,674,651,664,674,548,446,674,473,473,674,651,473,674,812,812
ILSVRC2012_val_00018026.JPEG,105,105,50,50,105,105,105,105,39,105,105,363,105,105,47,342,105,105,105,105,105,105,105,51,105
ILSVRC2012_val_00018075.JPEG,1,1,393,393,1,973,1,1,973,1,1,393,393,1,392,393,1,1,1,1,392,1,1,393,392
ILSVRC2012_val_00018136.JPEG,573,573,664,664,573,851,573,573,782,573,573,664,573,573,611,573,573,573,573,573,573,573,573,707,573
ILSVRC2012_val_00018161.JPEG,316,316,40,40,316,47,47,316,47,47,316,47,47,316,47,47,316,47,47,316,47,47,316,47,47
ILSVRC2012_val_00018179.JPEG,45,45,372,372,45,372,372,45,372,373,45,372,372,45,372,372,45,372,372,45,372,372,45,372,372
ILSVRC2012_val_00018191.JPEG,535,535,514,514,535,665,535,535,461,535,535,451,880,535,514,479,535,535,535,535,535,535,535,636,535
ILSVRC2012_val_00018258.JPEG,704,704,414,465,704,414,465,704,414,414,704,465,465,704,465,465,704,704,704,704,615,615,704,704,704
ILSVRC2012_val_00018267.JPEG,600,600,524,524,600,461,461,600,461,461,600,461,524,488,524,524,600,461,461,600,524,461,600,643,4
ILSVRC2012_val_00018274.JPEG,647,647,999,999,647,700,700,647,700,999,647,700,700,647,434,999,647,647,647,647,700,647,647,700,647
ILSVRC2012_val_00018338.JPEG,951,951,942,940,951,940,940,951,940,940,951,940,940,951,940,940,951,940,940,951,940,940,951,940,940
ILSVRC2012_val_00018365.JPEG,312,312,397,317,312,318,318,312,318,318,312,389,318,312,47,317,312,640,317,312,47,318,312,611,317
ILSVRC2012_val_00018437.JPEG,292,292,285,285,292,292,292,292,292,292,292,281,282,292,292,292,292,292,292,292,292,292,292,292,292
ILSVRC2012_val_00018456.JPEG,61,61,893,893,61,936,893,62,973,434,66,893,893,61,885,885,61,973,62,61,51,51,62,885,56
ILSVRC2012_val_00018496.JPEG,355,676,316,243,355,514,245,355,725,242,355,514,243,355,824,160,355,197,197,355,775,197,355,24,242
ILSVRC2012_val_00018573.JPEG,157,157,164,246,157,227,212,157,210,212,157,210,212,157,210,212,157,212,212,157,212,212,157,212,212
ILSVRC2012_val_00018721.JPEG,579,579,847,833,579,847,833,579,657,833,579,847,833,579,847,833,579,657,833,579,744,657,579,847,847
ILSVRC2012_val_00018785.JPEG,996,996,57,57,996,54,54,996,57,54,996,54,54,996,44,54,996,54,32,996,68,68,996,67,54
ILSVRC2012_val_00018800.JPEG,144,144,209,209,144,144,144,144,209,209,144,209,209,144,209,360,144,144,144,144,144,144,144,82,144
ILSVRC2012_val_00018861.JPEG,705,660,660,660,705,660,660,705,660,660,705,660,660,705,660,660,705,660,660,705,660,660,705,660,660
ILSVRC2012_val_00018934.JPEG,267,267,700,296,267,265,296,267,700,296,265,700,296,267,700,296,267,265,258,267,258,257,267,151,151
ILSVRC2012_val_00018959.JPEG,405,405,556,827,405,564,469,405,469,653,405,524,827,405,777,469,405,556,405,405,469,405,405,606,544
ILSVRC2012_val_00018962.JPEG,368,368,406,373,368,476,373,368,865,380,368,611,382,380,917,382,368,382,382,368,476,382,368,51,382
ILSVRC2012_val_00019127.JPEG,837,837,457,457,837,887,684,837,887,837,837,887,887,837,457,457,837,457,837,837,457,457,837,457,457
ILSVRC2012_val_00019164.JPEG,650,650,588,588,650,588,588,650,588,588,650,588,588,650,588,588,650,855,650,650,588,588,650,363,650
ILSVRC2012_val_00019170.JPEG,44,44,579,579,44,911,311,44,911,119,44,735,401,44,311,119,44,911,44,44,735,311,44,973,123
ILSVRC2012_val_00019285.JPEG,751,450,766,766,751,766,766,751,766,766,751,766,766,751,766,766,751,881,556,751,766,766,751,766,766
ILSVRC2012_val_00019355.JPEG,480,480,415,415,480,415,415,480,415,415,480,415,415,480,415,415,480,415,700,480,415,415,480,760,886
ILSVRC2012_val_00019387.JPEG,768,768,851,851,768,851,851,768,611,851,768,851,851,768,851,851,768,921,768,768,851,851,768,611,793
ILSVRC2012_val_00019400.JPEG,419,855,907,907,419,700,855,419,855,855,419,883,883,419,883,855,419,419,419,419,902,419,419,883,883
ILSVRC2012_val_00019410.JPEG,609,609,822,410,609,461,410,609,822,410,609,822,410,609,822,410,609,822,410,609,822,675,609,822,410
ILSVRC2012_val_00019421.JPEG,461,524,502,502,461,502,502,461,502,502,461,502,502,461,502,502,461,502,502,461,502,502,461,502,502
ILSVRC2012_val_00019443.JPEG,418,418,412,449,418,418,418,418,427,418,418,412,696,418,434,418,418,418,418,418,418,418,418,777,709
ILSVRC2012_val_00019534.JPEG,859,859,447,447,859,597,447,859,872,447,859,597,447,859,447,447,859,447,447,859,759,759,859,759,759
ILSVRC2012_val_00019538.JPEG,450,450,695,587,450,830,450,450,477,450,450,597,597,450,726,726,450,450,450,450,450,450,450,726,726
ILSVRC2012_val_00019558.JPEG,999,999,611,611,999,611,611,999,611,611,999,611,611,999,611,611,999,611,611,999,611,999,999,611,611
ILSVRC2012_val_00019578.JPEG,30,30,40,40,30,47,47,30,47,47,30,47,39,30,47,46,30,47,30,30,47,47,30,47,47
ILSVRC2012_val_00019601.JPEG,882,882,602,702,882,702,702,882,602,702,882,702,702,882,702,702,882,702,882,882,702,702,702,702,702
ILSVRC2012_val_00019670.JPEG,770,770,367,367,770,367,367,770,367,367,770,367,367,770,367,367,770,643,369,770,367,369,770,367,725
ILSVRC2012_val_00019836.JPEG,612,612,406,406,612,612,612,612,612,612,612,476,612,612,406,612,612,612,612,612,612,612,612,612,612
ILSVRC2012_val_00019869.JPEG,323,323,955,985,323,323,323,323,323,323,323,323,323,323,323,323,323,323,323,323,323,323,323,323,323
ILSVRC2012_val_00019884.JPEG,96,96,401,881,96,584,85,96,729,96,96,729,401,96,831,401,96,96,96,96,765,765,96,792,96
ILSVRC2012_val_00019930.JPEG,296,296,750,750,296,840,750,296,750,750,296,434,750,296,434,750,296,296,296,296,840,296,296,750,750
ILSVRC2012_val_00019965.JPEG,908,908,831,669,908,669,669,908,669,669,908,181,669,908,750,669,908,404,669,908,434,669,908,669,395
ILSVRC2012_val_00019970.JPEG,814,814,918,833,814,833,814,814,833,814,814,833,833,814,833,833,814,814,814,814,814,814,814,833,833
ILSVRC2012_val_00019988.JPEG,5,5,907,530,5,5,5,5,5,5,6,777,584,5,748,790,5,5,5,5,5,5,5,748,774
ILSVRC2012_val_00019989.JPEG,73,73,266,266,73,267,73,73,267,267,73,183,191,73,221,73,73,73,73,73,267,73,73,267,439
ILSVRC2012_val_00020031.JPEG,156,156,170,170,156,170,197,156,170,170,156,170,170,156,170,170,156,170,215,156,233,233,156,170,170
ILSVRC2012_val_00020100.JPEG,495,495,707,707,495,800,886,495,707,886,495,707,707,495,707,707,495,800,886,495,886,886,495,800,800
ILSVRC2012_val_00020166.JPEG,533,533,918,658,533,806,533,533,806,533,533,474,658,533,658,658,533,533,533,533,824,533,533,496,533
ILSVRC2012_val_00020187.JPEG,445,445,214,214,445,214,775,445,214,213,445,191,213,445,797,213,445,775,775,445,165,842,445,191,163
ILSVRC2012_val_00020253.JPEG,729,495,893,893,729,893,729,729,893,893,729,893,893,495,893,893,729,893,729,729,893,893,907,893,806
ILSVRC2012_val_00020306.JPEG,460,460,700,700,460,700,700,460,700,700,460,700,700,460,700,700,460,867,700,460,744,700,460,669,786
ILSVRC2012_val_00020337.JPEG,476,476,788,788,476,788,788,476,788,788,476,788,788,476,788,788,476,476,476,476,788,476,476,788,788
ILSVRC2012_val_00020384.JPEG,537,537,331,264,537,250,537,537,250,537,537,359,264,537,194,250,537,250,537,537,250,537,537,248,537
ILSVRC2012_val_00020454.JPEG,314,312,298,298,314,298,298,314,298,298,314,298,298,314,298,298,314,298,314,314,298,298,314,298,314
ILSVRC2012_val_00020503.JPEG,925,925,506,506,925,884,925,925,868,925,925,640,739,925,506,506,925,925,925,925,741,925,925,635,925
ILSVRC2012_val_00020524.JPEG,511,511,290,395,511,49,511,511,342,817,511,49,395,511,389,817,511,817,817,511,817,817,511,751,817
ILSVRC2012_val_00020632.JPEG,68,66,365,365,66,372,365,66,371,365,66,365,365,68,341,341,68,373,66,66,371,365,66,373,373
ILSVRC2012_val_00020700.JPEG,183,183,35,35,183,36,36,183,36,36,183,36,36,183,36,36,183,5,183,183,36,36,183,36,36
ILSVRC2012_val_00020720.JPEG,694,694,791,791,694,791,694,694,791,791,694,765,791,694,765,765,694,694,694,694,765,790,694,694,694
ILSVRC2012_val_00020735.JPEG,572,572,465,465,572,465,465,572,465,465,572,465,465,572,465,465,572,465,465,572,465,465,572,604,604
ILSVRC2012_val_00020739.JPEG,168,159,23,22,168,268,268,168,51,51,168,23,23,171,23,23,168,23,168,168,23,23,168,51,268
ILSVRC2012_val_00020804.JPEG,142,142,797,141,142,141,141,142,141,141,142,128,141,142,141,141,142,141,141,142,141,141,142,141,142
ILSVRC2012_val_00020816.JPEG,119,119,24,24,119,24,330,119,364,35,119,24,24,119,24,24,119,47,47,119,364,82,119,24,24
ILSVRC2012_val_00020865.JPEG,182,182,355,355,182,676,225,182,174,182,182,676,247,182,104,275,182,676,182,182,676,182,182,174,182
ILSVRC2012_val_00020866.JPEG,560,560,241,241,560,241,240,560,240,240,560,241,241,560,241,241,560,560,560,560,238,560,560,241,241
ILSVRC2012_val_00020875.JPEG,132,132,189,189,132,202,266,132,202,189,132,202,228,132,189,189,132,132,132,132,194,132,132,228,228
ILSVRC2012_val_00020921.JPEG,866,866,336,336,866,336,856,866,336,336,866,336,336,866,336,354,958,958,856,866,226,336,866,336,336
ILSVRC2012_val_00020949.JPEG,353,353,700,700,353,700,700,353,700,700,353,794,700,353,794,700,353,353,353,353,700,700,353,794,794
ILSVRC2012_val_00020995.JPEG,772,455,749,746,772,635,772,772,635,746,455,470,746,772,749,746,772,512,772,772,818,772,772,635,772
ILSVRC2012_val_00021024.JPEG,28,28,191,8,28,996,28,28,996,25,28,996,996,28,996,996,28,25,28,28,25,28,28,377,599
ILSVRC2012_val_00021092.JPEG,47,47,85,85,47,86,86,47,86,86,47,86,86,47,86,85,47,82,80,47,80,80,47,86,85
ILSVRC2012_val_00021124.JPEG,135,135,282,282,135,281,135,135,281,281,135,281,282,135,282,282,135,281,80,135,51,135,135,285,82
ILSVRC2012_val_00021211.JPEG,32,32,695,695,32,38,38,32,38,38,32,47,32,32,38,38,32,38,38,32,43,43,32,47,32
ILSVRC2012_val_00021245.JPEG,549,549,723,723,549,549,549,549,723,723,549,723,723,549,549,723,549,549,549,549,549,549,549,419,549
ILSVRC2012_val_00021246.JPEG,861,731,266,266,731,183,267,861,183,183,861,183,183,861,183,266,861,183,731,861,183,183,861,183,267
ILSVRC2012_val_00021282.JPEG,402,402,570,570,402,570,570,402,691,570,546,570,570,402,570,635,402,546,402,402,570,570,402,570,570
ILSVRC2012_val_00021339.JPEG,137,137,294,360,137,294,137,137,294,137,137,294,360,137,294,360,137,137,137,137,294,137,137,99,137
ILSVRC2012_val_00021359.JPEG,423,423,579,579,423,579,579,423,579,579,423,579,579,423,881,881,423,423,423,423,579,579,423,579,579
ILSVRC2012_val_00021360.JPEG,216,216,987,174,216,194,216,216,194,216,216,198,174,216,47,194,216,216,216,216,355,216,216,182,216
ILSVRC2012_val_00021444.JPEG,740,763,667,667,740,667,461,740,667,691,650,667,667,650,400,400,740,776,461,740,917,610,740,461,461
ILSVRC2012_val_00021501.JPEG,329,329,374,122,329,254,122,329,254,122,329,170,121,329,262,122,329,151,329,329,79,122,329,182,123
ILSVRC2012_val_00021670.JPEG,621,621,794,794,621,794,741,621,854,621,621,775,794,621,646,233,621,621,621,621,621,621,621,603,665
ILSVRC2012_val_00021699.JPEG,395,845,657,657,395,744,657,395,657,657,395,744,744,395,558,744,395,744,744,395,744,744,395,744,395
ILSVRC2012_val_00021724.JPEG,755,755,700,700,755,700,700,755,700,700,755,700,700,755,109,700,755,755,755,755,700,700,755,700,764
ILSVRC2012_val_00021732.JPEG,613,613,806,806,613,806,806,613,806,615,613,806,806,613,806,806,613,806,806,613,824,615,613,806,676
ILSVRC2012_val_00021750.JPEG,55,55,38,38,55,47,64,55,47,64,55,47,38,55,47,38,55,64,64,55,47,64,55,40,64
ILSVRC2012_val_00021796.JPEG,351,351,189,192,351,189,160,351,189,192,351,189,192,351,192,192,351,189,351,351,189,351,351,189,351
ILSVRC2012_val_00021956.JPEG,18,18,374,374,18,368,371,18,371,10,18,371,371,18,371,371,18,10,18,18,10,95,18,372,370
ILSVRC2012_val_00022012.JPEG,849,849,490,700,849,505,505,849,505,505,849,669,899,849,461,849,505,505,505,505,505,505,849,505,849
ILSVRC2012_val_00022123.JPEG,514,630,797,797,514,797,797,514,797,797,514,797,797,514,797,797,514,797,797,514,797,797,514,797,797
ILSVRC2012_val_00022187.JPEG,592,592,367,943,592,186,943,592,191,939,592,385,939,592,226,469,592,590,592,592,666,662,592,509,939
ILSVRC2012_val_00022192.JPEG,507,635,513,513,507,875,507,507,875,507,507,513,513,507,513,513,507,513,513,507,635,635,507,875,505
ILSVRC2012_val_00022260.JPEG,124,124,497,497,122,611,121,124,406,406,124,611,406,71,611,406,124,122,122,122,917,122,124,461,124
ILSVRC2012_val_00022281.JPEG,824,682,425,425,824,425,824,824,425,425,824,608,824,824,608,608,824,682,682,824,442,682,824,824,824
ILSVRC2012_val_00022321.JPEG,115,115,182,410,115,182,410,115,182,410,115,182,410,115,191,410,115,191,115,115,182,994,115,170,768
ILSVRC2012_val_00022329.JPEG,35,35,103,103,35,103,36,35,103,103,35,103,103,35,103,103,35,103,35,35,103,103,37,337,36
ILSVRC2012_val_00022477.JPEG,798,798,769,769,798,769,798,798,769,798,798,769,769,798,769,769,798,769,798,798,769,798,798,769,769
ILSVRC2012_val_00022508.JPEG,75,75,76,76,75,73,73,75,73,73,75,73,73,75,73,73,75,73,73,75,73,73,75,73,75
ILSVRC2012_val_00022603.JPEG,470,470,425,425,470,470,470,470,470,470,470,425,425,470,854,470,470,470,470,470,470,470,470,827,470
ILSVRC2012_val_00022620.JPEG,834,834,420,420,834,834,834,834,834,834,834,420,834,834,906,906,834,834,834,834,906,906,834,451,906
ILSVRC2012_val_00022625.JPEG,722,722,151,151,722,151,151,722,151,151,722,151,151,722,151,151,722,722,722,722,151,722,722,151,722
ILSVRC2012_val_00022639.JPEG,590,590,700,700,590,590,590,590,590,590,590,700,700,590,700,700,590,590,590,590,761,590,590,761,590
ILSVRC2012_val_00022688.JPEG,146,146,296,296,146,296,296,146,296,296,146,296,296,146,296,296,146,296,801,146,296,801,146,296,801
ILSVRC2012_val_00022693.JPEG,104,104,46,389,331,86,133,331,86,86,104,109,82,331,86,86,331,86,331,331,109,331,104,82,82
ILSVRC2012_val_00022707.JPEG,793,793,452,552,793,452,793,793,452,452,793,452,452,793,824,793,793,793,793,793,452,793,793,452,793
ILSVRC2012_val_00022754.JPEG,566,566,760,760,566,865,566,566,582,118,566,760,760,566,865,766,566,830,566,566,762,566,566,971,566
ILSVRC2012_val_00022783.JPEG,440,440,562,971,440,737,440,440,737,440,440,737,737,440,509,670,440,440,440,440,440,440,440,440,440
ILSVRC2012_val_00022823.JPEG,832,832,580,580,832,832,832,832,832,832,832,580,580,832,580,580,832,832,832,832,832,832,832,832,832
ILSVRC2012_val_00023023.JPEG,581,581,847,847,511,847,847,511,847,847,581,847,847,581,847,847,581,511,581,511,847,847,581,847,408
ILSVRC2012_val_00023074.JPEG,4,4,608,913,4,741,3,4,885,913,4,608,913,4,885,149,4,3,3,4,149,3,4,434,391
ILSVRC2012_val_00023109.JPEG,786,786,700,700,786,700,700,786,700,700,786,700,700,786,700,700,786,700,786,786,700,700,786,700,786
ILSVRC2012_val_00023166.JPEG,467,467,249,624,467,582,860,467,865,865,467,157,624,467,249,624,467,229,624,467,249,860,467,361,624
ILSVRC2012_val_00023185.JPEG,2,3,38,4,2,4,4,2,4,4,2,4,4,4,4,4,2,3,4,2,4,4,2,4,4
ILSVRC2012_val_00023230.JPEG,315,315,343,291,315,958,291,315,958,291,315,343,343,315,343,291,315,958,315,315,958,312,315,343,291
ILSVRC2012_val_00023285.JPEG,172,172,51,51,172,51,172,172,273,172,172,343,51,171,51,51,172,172,172,172,171,172,172,343,268
ILSVRC2012_val_00023303.JPEG,188,188,341,341,188,173,173,188,173,173,188,341,341,188,341,341,188,188,188,188,341,173,188,341,227
ILSVRC2012_val_00023309.JPEG,787,787,792,792,787,792,792,787,491,787,787,792,792,787,792,792,787,792,787,787,792,792,787,562,51
ILSVRC2012_val_00023357.JPEG,162,162,676,676,162,162,162,162,241,241,162,676,676,162,676,241,162,166,166,162,241,241,162,166,162
ILSVRC2012_val_00023366.JPEG,721,721,760,760,721,692,692,721,692,760,692,790,760,721,588,588,721,588,588,721,852,842,721,692,692
ILSVRC2012_val_00023437.JPEG,250,249,264,264,250,264,264,250,264,264,250,264,264,250,264,264,250,264,264,250,264,248,250,264,264
ILSVRC2012_val_00023476.JPEG,79,79,556,556,79,556,556,79,556,556,79,556,556,79,556,556,79,556,79,79,556,556,79,556,124
ILSVRC2012_val_00023549.JPEG,547,547,858,858,547,547,547,547,634,547,547,858,858,547,858,634,547,547,547,547,547,547,547,565,547
ILSVRC2012_val_00023655.JPEG,348,349,819,819,348,51,416,348,416,416,348,112,112,348,416,416,348,643,348,348,51,51,348,416,416
ILSVRC2012_val_00023694.JPEG,611,611,748,516,611,431,797,611,496,431,611,750,431,611,529,529,611,709,496,611,748,516,611,431,797
ILSVRC2012_val_00023759.JPEG,49,49,109,109,49,109,109,49,109,109,50,109,109,49,109,109,49,109,109,49,109,116,49,109,109
ILSVRC2012_val_00023774.JPEG,196,196,155,155,196,194,196,196,155,196,196,155,155,196,155,155,196,196,196,196,200,200,196,155,196
ILSVRC2012_val_00023802.JPEG,376,376,37,994,376,63,120,376,63,994,376,120,120,376,120,120,376,998,994,376,994,994,376,63,124
ILSVRC2012_val_00023871.JPEG,285,285,276,291,285,286,285,285,274,285,285,343,291,285,341,271,285,285,285,285,106,285,285,287,287
ILSVRC2012_val_00023884.JPEG,258,258,279,279,258,279,279,258,279,279,258,279,279,258,279,279,258,279,279,258,279,279,258,279,279
ILSVRC2012_val_00024027.JPEG,623,623,755,812,623,755,657,623,755,657,623,755,812,623,755,812,623,807,744,623,755,744,623,755,744
ILSVRC2012_val_00024053.JPEG,158,158,174,261,158,174,174,158,174,174,158,174,174,158,174,174,158,174,158,158,174,174,158,174,174
ILSVRC2012_val_00024179.JPEG,214,214,105,105,214,295,244,214,298,227,214,295,295,214,295,295,214,214,214,214,297,214,214,269,214
ILSVRC2012_val_00024221.JPEG,33,35,695,695,33,524,730,33,524,524,33,695,695,33,116,120,33,36,33,33,122,637,33,786,859
ILSVRC2012_val_00024251.JPEG,663,698,763,708,663,698,698,663,698,698,698,698,698,698,698,698,663,698,663,663,698,698,832,832,832
ILSVRC2012_val_00024268.JPEG,9,9,199,199,9,189,198,9,198,198,9,199,199,9,199,198,9,198,9,9,199,199,9,196,198
ILSVRC2012_val_00024329.JPEG,201,201,215,156,201,156,156,201,215,156,201,218,218,201,215,156,201,201,201,201,218,156,201,151,201
ILSVRC2012_val_00024335.JPEG,177,177,32,138,177,172,177,177,9,177,177,9,9,177,177,177,177,177,177,177,9,177,177,9,177
ILSVRC2012_val_00024363.JPEG,222,222,296,296,222,296,296,222,296,296,222,296,296,222,296,296,222,296,296,222,296,296,207,296,296
ILSVRC2012_val_00024500.JPEG,283,283,700,700,283,700,700,283,700,700,283,700,700,283,700,700,283,279,279,283,356,700,283,700,700
ILSVRC2012_val_00024763.JPEG,473,473,746,746,473,473,473,473,473,473,473,563,563,563,783,563,473,473,473,473,499,499,477,772,477
ILSVRC2012_val_00024764.JPEG,892,892,700,700,892,700,700,892,700,700,892,700,700,892,700,700,892,892,892,456,456,700,892,635,892
ILSVRC2012_val_00024777.JPEG,681,681,779,779,620,613,527,681,851,527,620,800,851,620,851,527,620,782,782,620,782,782,681,688,688
ILSVRC2012_val_00024804.JPEG,658,658,601,890,658,601,890,658,601,840,658,399,430,658,226,885,658,911,658,658,689,911,658,824,911
ILSVRC2012_val_00024810.JPEG,823,823,51,700,823,390,823,823,51,700,823,363,700,823,51,700,823,341,823,823,431,684,823,363,431
ILSVRC2012_val_00024932.JPEG,149,149,826,622,149,420,622,149,897,897,149,818,606,149,464,531,149,897,149,149,584,149,149,818,818
ILSVRC2012_val_00024953.JPEG,931,931,774,774,931,551,774,931,712,712,931,551,774,931,551,551,931,551,551,931,712,712,868,551,774
ILSVRC2012_val_00025021.JPEG,411,411,728,728,411,728,728,411,728,728,411,728,728,411,728,728,411,411,411,411,728,728,411,728,411
ILSVRC2012_val_00025049.JPEG,725,725,848,622,725,647,647,725,615,615,725,507,507,725,477,507,725,901,725,725,647,899,725,504,504
ILSVRC2012_val_00025128.JPEG,466,466,182,182,466,226,255,466,202,202,466,192,192,466,192,865,466,233,466,466,202,202,466,646,675
ILSVRC2012_val_00025174.JPEG,397,397,943,943,397,936,936,397,936,397,397,936,943,397,936,943,397,397,397,397,47,397,397,793,397
ILSVRC2012_val_00025181.JPEG,220,220,385,385,220,385,220,220,385,385,220,385,385,220,385,385,220,220,220,220,385,220,220,385,220
ILSVRC2012_val_00025207.JPEG,277,277,213,271,277,271,271,277,271,271,277,271,271,277,271,271,277,271,271,277,271,271,277,271,271
ILSVRC2012_val_00025220.JPEG,538,538,666,666,538,635,635,538,406,406,538,635,635,538,577,577,538,538,538,538,635,538,538,835,835
ILSVRC2012_val_00025275.JPEG,610,610,549,549,610,610,610,610,887,610,610,549,610,610,697,610,610,610,610,610,610,610,610,610,610
ILSVRC2012_val_00025346.JPEG,399,399,786,745,399,804,882,399,526,745,399,745,745,399,597,691,399,399,399,399,771,745,399,617,465
ILSVRC2012_val_00025544.JPEG,60,67,49,49,60,49,49,60,47,66,60,49,49,67,49,49,60,66,66,60,51,68,62,49,49
ILSVRC2012_val_00025623.JPEG,890,890,280,456,890,280,890,890,456,890,890,522,456,890,280,456,890,890,890,890,165,890,890,843,645
ILSVRC2012_val_00025625.JPEG,736,736,550,550,736,856,736,736,550,736,736,550,550,736,847,550,736,736,736,736,550,736,736,691,736
ILSVRC2012_val_00025648.JPEG,997,997,700,728,997,994,994,997,994,728,997,200,728,997,83,728,997,994,997,997,995,994,997,156,728
ILSVRC2012_val_00025704.JPEG,218,218,225,243,218,166,218,218,247,163,218,371,167,218,376,176,218,167,218,218,167,218,218,247,218
ILSVRC2012_val_00025746.JPEG,977,977,363,363,977,363,363,977,363,363,977,363,363,977,363,363,977,336,349,977,912,912,977,39,47
ILSVRC2012_val_00025780.JPEG,914,914,562,562,914,562,562,914,562,562,914,562,562,914,669,554,914,780,914,914,540,914,914,562,562
ILSVRC2012_val_00025794.JPEG,789,789,792,410,789,789,789,789,789,789,789,741,789,789,887,789,789,789,789,789,789,789,789,877,877
ILSVRC2012_val_00025843.JPEG,727,727,728,728,727,728,728,727,728,728,727,728,728,727,728,728,727,538,727,727,727,727,727,728,728
ILSVRC2012_val_00025871.JPEG,392,392,608,608,392,608,608,392,608,608,392,608,608,392,608,608,392,392,392,392,392,392,392,608,197
ILSVRC2012_val_00025903.JPEG,251,251,496,246,251,246,246,251,496,251,251,496,246,251,496,246,251,251,251,251,251,251,251,246,246
ILSVRC2012_val_00026009.JPEG,635,635,643,643,635,684,686,635,684,684,635,643,606,635,643,684,635,635,635,635,902,635,635,773,589
ILSVRC2012_val_00026113.JPEG,509,582,788,788,509,788,788,509,788,788,509,788,788,509,788,788,509,582,582,509,788,788,582,788,788
ILSVRC2012_val_00026120.JPEG,345,345,298,294,345,356,345,345,357,294,345,357,294,345,294,294,345,357,345,345,380,345,345,356,294
ILSVRC2012_val_00026272.JPEG,927,927,51,51,927,51,643,927,51,112,927,643,51,927,684,112,927,927,927,927,115,927,927,643,643
ILSVRC2012_val_00026306.JPEG,683,683,477,477,683,683,683,683,477,683,683,477,477,683,477,477,683,683,683,683,683,683,683,683,683
ILSVRC2012_val_00026358.JPEG,805,805,691,723,805,545,805,805,545,805,805,691,805,805,691,545,805,545,805,805,691,805,805,807,805
ILSVRC2012_val_00026416.JPEG,131,131,136,136,131,136,136,131,136,136,131,136,136,131,136,136,131,136,136,131,128,128,136,136,136
ILSVRC2012_val_00026420.JPEG,92,92,56,56,92,63,92,92,61,61,92,363,63,92,850,66,92,92,92,92,65,92,92,85,92
ILSVRC2012_val_00026527.JPEG,587,587,726,726,587,726,726,587,726,726,587,726,726,777,726,726,587,763,587,499,763,763,587,726,726
ILSVRC2012_val_00026532.JPEG,586,586,471,471,586,586,586,586,586,586,586,586,586,586,856,586,586,586,586,586,586,586,586,586,586
ILSVRC2012_val_00026587.JPEG,614,614,513,909,614,735,614,614,735,614,614,577,739,614,611,411,614,614,614,614,411,614,614,650,411
ILSVRC2012_val_00026654.JPEG,763,763,233,792,763,221,763,763,233,763,763,183,803,763,233,597,763,228,763,763,189,763,763,348,763
ILSVRC2012_val_00026670.JPEG,696,723,723,723,696,723,723,696,723,723,696,723,723,696,906,723,696,696,696,696,885,885,696,723,723
ILSVRC2012_val_00026745.JPEG,940,940,750,930,940,930,930,940,930,930,940,750,930,940,750,930,940,930,930,940,940,930,940,797,930
ILSVRC2012_val_00026773.JPEG,26,38,293,287,26,293,287,26,287,287,26,293,287,26,293,287,26,287,26,26,287,287,44,293,350
ILSVRC2012_val_00026799.JPEG,667,667,413,413,667,413,413,667,413,413,667,413,413,667,413,413,667,413,400,400,413,413,667,413,413
ILSVRC2012_val_00026919.JPEG,846,846,750,750,846,564,750,846,750,750,846,750,750,846,750,750,846,846,846,846,750,846,846,750,750
ILSVRC2012_val_00026922.JPEG,717,717,543,543,717,535,634,717,783,856,717,783,543,717,783,543,717,611,717,717,856,864,717,471,581
ILSVRC2012_val_00027115.JPEG,922,922,737,737,922,611,692,922,509,692,922,611,692,922,588,588,922,868,922,922,509,875,611,611,692
ILSVRC2012_val_00027124.JPEG,264,264,383,355,264,355,232,264,384,232,264,355,355,264,232,232,264,232,264,264,380,232,264,355,355
ILSVRC2012_val_00027152.JPEG,431,431,299,499,431,380,341,431,298,467,431,298,341,431,341,391,431,568,431,431,431,431,431,376,391
ILSVRC2012_val_00027157.JPEG,654,654,802,802,654,408,654,654,803,803,654,802,803,654,408,803,654,654,654,654,803,654,654,573,408
ILSVRC2012_val_00027211.JPEG,510,510,750,750,510,564,808,510,831,510,510,750,831,510,831,831,510,510,510,510,510,510,510,750,199
ILSVRC2012_val_00027279.JPEG,813,813,770,400,813,813,813,813,770,813,813,840,840,813,584,400,813,813,813,813,623,813,813,641,641
ILSVRC2012_val_00027298.JPEG,675,675,621,621,675,675,675,675,856,675,675,595,595,675,856,864,675,675,675,675,675,675,675,864,675
ILSVRC2012_val_00027342.JPEG,679,679,700,700,679,700,700,679,700,700,679,700,700,679,700,700,679,700,700,679,700,700,679,999,488
ILSVRC2012_val_00027367.JPEG,640,640,721,721,640,640,640,640,538,640,640,879,538,640,37,640,640,868,640,640,868,868,538,538,538
ILSVRC2012_val_00027411.JPEG,871,871,12,12,871,120,871,871,120,814,871,12,391,871,84,814,871,871,871,871,871,871,871,287,871
ILSVRC2012_val_00027428.JPEG,179,179,295,295,180,295,295,180,295,295,197,295,295,179,295,295,179,295,295,179,295,295,180,295,295
ILSVRC2012_val_00027458.JPEG,486,486,64,64,486,486,486,486,558,486,486,63,64,486,64,64,486,486,486,486,486,486,486,50,486
ILSVRC2012_val_00027473.JPEG,575,575,644,410,575,410,575,575,410,410,575,448,410,575,483,410,575,575,575,575,646,575,575,410,410
ILSVRC2012_val_00027509.JPEG,916,916,782,664,916,480,916,916,782,664,916,664,664,916,480,664,916,480,916,916,916,771,916,886,916
ILSVRC2012_val_00027572.JPEG,678,678,899,899,678,678,678,678,678,678,678,899,899,678,680,901,678,678,678,678,678,678,678,529,678
ILSVRC2012_val_00027584.JPEG,624,624,743,743,624,743,743,624,743,743,624,743,743,624,698,743,624,634,743,624,743,743,624,500,762
ILSVRC2012_val_00027639.JPEG,692,692,844,844,692,626,626,692,626,507,692,844,844,692,507,507,692,507,507,692,844,844,692,732,473
ILSVRC2012_val_00027669.JPEG,159,159,850,266,159,354,168,159,354,168,159,354,266,159,266,189,159,227,159,159,267,168,159,850,184
ILSVRC2012_val_00027671.JPEG,844,844,197,224,844,197,197,844,197,197,844,197,205,844,197,197,844,197,197,844,197,197,844,197,197
ILSVRC2012_val_00027748.JPEG,723,723,434,434,723,434,434,723,434,411,723,434,434,549,434,411,723,434,723,723,411,434,723,411,434
ILSVRC2012_val_00027755.JPEG,978,978,820,820,978,856,820,978,856,820,978,385,820,978,820,820,978,856,820,978,856,820,978,866,847
ILSVRC2012_val_00027764.JPEG,803,803,182,182,803,182,189,803,192,192,803,192,191,803,669,226,803,564,189,803,186,564,706,184,221
ILSVRC2012_val_00027846.JPEG,215,215,51,51,215,51,215,215,51,51,215,51,51,215,51,51,215,169,169,215,51,169,169,169,169
ILSVRC2012_val_00027861.JPEG,801,801,598,598,801,598,598,801,598,598,801,851,851,801,851,664,801,851,801,801,851,851,801,598,851
ILSVRC2012_val_00027870.JPEG,23,18,17,17,23,17,80,23,17,80,23,80,17,23,80,80,23,80,80,23,80,80,23,17,80
ILSVRC2012_val_00027897.JPEG,56,56,467,467,56,956,68,56,47,52,56,112,467,56,364,68,56,52,52,56,956,52,56,39,62
ILSVRC2012_val_00027930.JPEG,327,327,124,119,327,119,119,327,119,119,327,119,119,327,119,125,327,119,119,327,119,119,327,125,119
ILSVRC2012_val_00027954.JPEG,301,301,988,989,301,990,301,301,990,990,301,946,989,301,47,989,301,990,301,301,946,946,301,990,136
ILSVRC2012_val_00028014.JPEG,686,686,601,601,686,601,601,686,601,601,686,601,601,686,601,601,686,601,601,686,601,601,686,541,541
ILSVRC2012_val_00028167.JPEG,81,81,341,341,81,341,341,81,341,341,81,341,341,81,341,341,81,341,81,81,80,80,81,341,341
ILSVRC2012_val_00028203.JPEG,530,530,700,700,530,700,700,530,700,999,530,700,700,530,700,700,530,999,530,530,700,700,530,700,999
ILSVRC2012_val_00028357.JPEG,873,873,546,802,873,786,873,873,668,873,873,413,873,873,917,873,873,873,873,873,442,873,873,873,873
ILSVRC2012_val_00028466.JPEG,662,650,579,579,662,884,884,662,579,514,662,579,579,662,579,514,662,674,674,662,579,667,662,579,632
ILSVRC2012_val_00028545.JPEG,80,80,700,999,80,700,700,80,700,700,80,700,700,80,700,700,80,80,80,80,700,700,80,700,700
ILSVRC2012_val_00028624.JPEG,932,932,216,216,932,216,216,932,216,216,932,216,216,932,216,216,932,216,216,932,216,216,932,216,216
ILSVRC2012_val_00028659.JPEG,847,847,184,184,847,184,184,847,184,184,847,184,184,847,262,184,847,184,847,847,213,184,847,274,260
ILSVRC2012_val_00028711.JPEG,779,779,471,471,779,471,779,779,657,779,779,471,657,779,847,847,779,779,779,779,744,779,779,847,847
ILSVRC2012_val_00028714.JPEG,880,880,603,603,880,671,671,880,444,671,671,603,671,880,671,671,880,671,671,880,603,671,880,603,671
ILSVRC2012_val_00028770.JPEG,147,147,611,611,147,611,611,147,611,611,147,611,646,147,611,611,147,611,611,147,103,611,147,611,611
ILSVRC2012_val_00028859.JPEG,775,775,381,381,775,380,381,775,382,381,775,381,381,775,381,381,775,382,775,775,380,380,843,382,381
ILSVRC2012_val_00029036.JPEG,223,223,739,739,224,739,739,224,739,739,223,739,739,223,739,739,223,739,739,223,739,739,223,467,423
ILSVRC2012_val_00029049.JPEG,894,894,767,767,894,767,456,894,418,456,894,767,767,894,709,767,894,893,894,894,418,418,696,767,767
ILSVRC2012_val_00029074.JPEG,688,688,798,798,688,798,798,688,798,798,688,798,798,688,798,798,688,688,688,688,798,688,688,798,798
ILSVRC2012_val_00029082.JPEG,339,339,887,887,339,887,339,339,601,339,339,775,887,339,775,775,339,339,339,339,887,339,339,775,339
ILSVRC2012_val_00029157.JPEG,262,262,293,291,262,260,262,262,291,291,262,291,291,262,291,291,262,260,262,262,291,262,262,291,291
ILSVRC2012_val_00029222.JPEG,407,407,637,637,407,407,407,407,407,407,407,675,675,407,675,407,407,407,407,407,407,407,407,407,407
ILSVRC2012_val_00029339.JPEG,709,709,999,999,709,700,700,709,700,700,419,700,700,709,700,700,709,700,709,709,700,700,700,700,700
ILSVRC2012_val_00029389.JPEG,774,774,343,820,774,343,856,774,343,856,774,343,820,774,343,856,774,369,413,774,369,413,774,365,802
ILSVRC2012_val_00029487.JPEG,69,69,263,608,69,263,608,69,247,608,69,263,608,69,263,35,69,154,608,69,263,608,69,263,169
ILSVRC2012_val_00029490.JPEG,257,257,695,999,257,695,257,257,695,700,257,507,700,257,507,700,257,707,257,257,786,700,257,589,257
ILSVRC2012_val_00029588.JPEG,810,810,477,477,810,878,878,810,878,810,810,810,810,810,878,878,810,810,810,810,878,878,810,810,810
ILSVRC2012_val_00029671.JPEG,795,795,637,637,795,491,853,795,491,853,795,637,637,795,853,740,795,795,795,795,792,795,795,763,970
ILSVRC2012_val_00029677.JPEG,735,735,584,584,735,584,735,735,735,735,735,584,584,735,584,735,735,584,735,735,584,735,735,735,735
ILSVRC2012_val_00029686.JPEG,884,884,550,550,884,550,550,884,550,550,884,550,550,884,440,907,884,550,505,884,691,505,663,550,550
ILSVRC2012_val_00029701.JPEG,439,439,519,519,439,698,439,439,698,439,439,911,519,439,582,907,439,439,439,439,439,439,439,476,873
ILSVRC2012_val_00029734.JPEG,357,357,201,201,357,201,201,357,201,201,357,201,201,357,201,201,357,199,199,357,199,187,357,201,199
ILSVRC2012_val_00029746.JPEG,506,506,457,457,506,506,506,506,506,506,506,614,614,506,906,906,506,506,506,506,506,506,506,824,506
ILSVRC2012_val_00029751.JPEG,207,207,280,272,207,260,244,207,260,244,207,260,260,207,260,260,207,244,255,207,260,244,207,244,244
ILSVRC2012_val_00029767.JPEG,332,332,243,243,332,159,246,332,243,246,332,243,246,332,243,243,332,243,246,332,246,246,332,243,246
ILSVRC2012_val_00029844.JPEG,935,935,924,924,935,924,959,935,924,924,935,924,924,935,924,924,935,924,924,935,924,924,935,924,935
ILSVRC2012_val_00029893.JPEG,802,802,182,237,802,192,227,802,236,234,802,262,237,802,187,237,802,80,537,802,214,341,802,36,236
ILSVRC2012_val_00029915.JPEG,988,988,76,378,988,214,381,988,76,378,988,76,381,988,76,381,988,990,952,988,76,378,988,76,220
ILSVRC2012_val_00029973.JPEG,165,165,234,234,165,234,234,165,234,234,165,234,234,234,234,234,165,234,234,165,234,234,165,234,234
ILSVRC2012_val_00030024.JPEG,474,474,930,930,474,474,474,474,474,474,474,568,568,474,568,930,474,474,474,474,474,474,474,568,568
ILSVRC2012_val_00030032.JPEG,652,652,76,76,652,73,665,652,76,865,652,76,76,652,76,76,652,865,413,652,917,413,652,76,665
ILSVRC2012_val_00030055.JPEG,273,273,156,156,273,193,263,273,186,263,273,193,263,273,193,186,273,186,263,273,186,263,273,186,263
ILSVRC2012_val_00030152.JPEG,797,797,360,360,797,360,360,797,357,360,797,360,360,797,360,360,797,360,360,797,357,150,195,357,357
ILSVRC2012_val_00030174.JPEG,670,670,700,700,670,700,700,670,700,700,670,700,700,670,700,700,670,633,670,670,700,700,670,758,700
ILSVRC2012_val_00030235.JPEG,842,842,596,596,842,456,472,842,456,456,842,456,456,842,456,456,842,456,842,842,47,456,842,313,63
ILSVRC2012_val_00030287.JPEG,543,543,514,459,543,543,543,543,459,459,543,459,700,543,459,459,543,543,543,543,543,543,543,459,459
ILSVRC2012_val_00030334.JPEG,619,846,802,802,619,802,802,619,802,802,94,802,802,701,537,802,619,584,619,619,802,802,619,537,537
ILSVRC2012_val_00030364.JPEG,253,253,51,51,253,51,173,253,51,173,253,51,51,253,51,51,253,51,253,253,51,51,173,51,51
ILSVRC2012_val_00030382.JPEG,980,980,562,562,980,35,562,980,318,562,980,36,562,980,318,389,980,868,980,980,35,868,980,868,562
ILSVRC2012_val_00030425.JPEG,831,831,495,495,831,894,894,831,894,894,894,894,495,894,495,495,831,495,894,831,894,495,831,495,495
ILSVRC2012_val_00030530.JPEG,287,287,608,608,287,287,287,287,608,287,287,608,608,287,885,281,287,287,287,287,287,287,287,287,287
ILSVRC2012_val_00030603.JPEG,254,254,284,284,254,284,284,254,284,284,254,284,284,254,284,284,254,284,284,254,284,284,254,284,284
ILSVRC2012_val_00030612.JPEG,360,360,105,105,360,105,105,360,105,105,360,105,105,360,105,105,360,105,105,360,105,105,360,105,105
ILSVRC2012_val_00030662.JPEG,136,136,67,43,136,32,43,136,47,43,136,66,43,136,43,43,136,136,136,136,68,41,136,49,136
ILSVRC2012_val_00030667.JPEG,382,382,700,184,382,184,185,382,700,184,382,226,170,382,342,294,380,380,380,382,364,700,382,184,378
ILSVRC2012_val_00030783.JPEG,744,630,597,630,744,514,630,744,597,630,744,514,630,744,514,630,744,776,630,744,514,630,744,514,630
ILSVRC2012_val_00030797.JPEG,943,943,911,767,943,658,115,943,949,720,943,911,584,943,109,720,943,949,943,943,936,936,943,927,417
ILSVRC2012_val_00030985.JPEG,536,536,84,669,536,84,669,536,831,580,536,669,669,536,84,669,536,536,536,536,821,536,536,84,669
ILSVRC2012_val_00030989.JPEG,577,787,691,691,577,801,691,577,691,691,577,801,691,577,36,691,577,36,36,577,36,5,577,801,691
ILSVRC2012_val_00031036.JPEG,304,304,462,462,304,840,462,304,462,462,304,462,462,304,462,302,304,302,302,304,462,302,304,462,462
ILSVRC2012_val_00031148.JPEG,684,684,770,770,684,770,770,684,770,684,684,770,770,684,770,770,684,684,684,684,684,684,684,770,684
ILSVRC2012_val_00031152.JPEG,633,563,563,563,633,749,633,633,473,633,633,418,418,633,749,418,633,623,623,633,623,418,633,784,784
ILSVRC2012_val_00031193.JPEG,851,851,471,471,851,471,471,851,471,471,851,471,471,851,471,471,851,646,958,851,471,471,851,471,471
ILSVRC2012_val_00031235.JPEG,29,29,700,700,29,700,700,29,700,700,29,700,700,29,700,700,29,29,29,29,29,700,29,700,700
ILSVRC2012_val_00031236.JPEG,341,341,160,156,341,169,156,341,169,156,341,169,169,341,156,156,341,156,156,341,156,156,341,160,169
ILSVRC2012_val_00031327.JPEG,741,741,398,401,741,398,741,741,741,741,741,398,741,741,636,401,741,741,741,741,741,741,741,398,398
ILSVRC2012_val_00031337.JPEG,525,525,748,748,525,748,893,525,955,389,525,748,709,525,529,389,525,549,812,525,636,0,814,50,237
ILSVRC2012_val_00031370.JPEG,358,358,51,346,358,51,346,358,51,346,358,51,346,358,36,346,358,635,345,358,36,358,358,346,346
ILSVRC2012_val_00031494.JPEG,971,971,700,700,971,868,700,971,700,700,971,999,999,971,184,700,971,636,971,971,700,700,971,786,786
ILSVRC2012_val_00031533.JPEG,494,494,162,162,442,168,168,494,168,541,494,162,164,494,262,237,494,165,168,494,676,164,494,164,161
ILSVRC2012_val_00031584.JPEG,838,838,793,793,838,793,793,838,793,793,838,793,793,838,793,793,838,793,838,838,793,793,838,793,793
ILSVRC2012_val_00031641.JPEG,954,954,382,382,954,364,382,954,47,47,954,364,382,954,47,382,954,47,954,954,47,47,954,364,365
ILSVRC2012_val_00031654.JPEG,883,883,700,700,883,700,700,883,700,700,883,700,700,883,700,700,725,883,725,883,883,700,883,700,700
ILSVRC2012_val_00031782.JPEG,864,717,428,428,864,603,603,864,690,586,864,428,690,864,690,603,864,603,586,864,428,660,864,603,661
ILSVRC2012_val_00031825.JPEG,682,682,546,546,682,611,682,682,682,682,682,546,546,682,546,546,682,682,682,682,682,682,682,682,682
ILSVRC2012_val_00031833.JPEG,430,430,921,921,890,921,921,890,917,917,890,917,917,890,921,917,430,430,430,430,921,921,890,917,498
ILSVRC2012_val_00031871.JPEG,899,899,700,700,899,700,700,899,700,700,899,700,700,899,700,700,899,700,700,899,700,700,899,700,700
ILSVRC2012_val_00031901.JPEG,648,648,637,637,648,648,648,648,648,648,648,519,648,648,648,648,648,648,648,648,648,648,648,648,648
ILSVRC2012_val_00031933.JPEG,901,901,585,585,901,631,631,901,720,551,901,585,585,901,585,631,901,901,901,901,631,631,720,585,585
ILSVRC2012_val_00032028.JPEG,855,855,209,213,855,467,213,855,213,213,855,750,213,855,750,213,855,855,855,855,750,855,855,213,213
ILSVRC2012_val_00032041.JPEG,939,285,289,289,939,285,285,939,285,939,939,285,285,939,285,285,939,939,939,939,285,285,939,285,285
ILSVRC2012_val_00032152.JPEG,515,515,887,887,515,887,887,515,887,887,515,887,887,515,887,887,515,887,887,515,887,887,515,887,667
ILSVRC2012_val_00032155.JPEG,527,527,563,563,527,700,563,527,563,563,487,563,563,527,563,563,527,662,592,527,473,592,527,710,710
ILSVRC2012_val_00032225.JPEG,907,907,477,477,907,477,477,907,477,477,907,477,477,907,477,477,907,477,512,907,477,477,907,477,477
ILSVRC2012_val_00032313.JPEG,108,108,117,117,108,108,108,108,108,108,108,117,117,108,396,396,108,108,108,108,108,108,108,108,108
ILSVRC2012_val_00032524.JPEG,197,197,295,295,197,295,223,197,295,223,197,295,295,197,295,295,233,233,233,197,224,224,197,295,224
ILSVRC2012_val_00032531.JPEG,672,672,363,58,672,395,58,672,363,58,672,363,58,672,389,58,672,672,672,672,363,979,672,363,58
ILSVRC2012_val_00032540.JPEG,150,150,247,247,150,247,255,150,247,255,150,247,255,150,255,247,150,262,150,150,154,247,150,255,255
ILSVRC2012_val_00032597.JPEG,459,459,700,723,459,700,459,459,700,723,459,700,723,459,434,723,459,700,459,459,434,723,459,806,459
ILSVRC2012_val_00032624.JPEG,309,309,763,763,309,865,847,309,917,309,309,726,726,309,51,763,309,633,309,309,917,447,309,889,889
ILSVRC2012_val_00032712.JPEG,289,289,855,855,289,112,855,289,117,290,289,855,855,289,936,855,289,287,289,289,51,289,289,288,288
ILSVRC2012_val_00032738.JPEG,228,228,337,337,228,337,337,228,357,357,228,337,337,228,357,357,228,228,228,228,103,228,228,337,295
ILSVRC2012_val_00032853.JPEG,759,759,488,730,759,471,471,759,695,471,759,600,447,759,600,730,759,471,471,759,494,730,759,471,471
ILSVRC2012_val_00032913.JPEG,643,643,763,726,643,763,726,643,763,726,643,763,726,719,62,726,643,763,513,643,763,726,643,763,606
ILSVRC2012_val_00032945.JPEG,819,819,924,762,819,762,762,819,762,762,819,762,762,819,406,762,819,762,819,819,762,762,819,887,762
ILSVRC2012_val_00032956.JPEG,349,349,669,669,349,556,349,349,669,669,349,669,669,349,669,669,349,349,349,349,807,351,349,431,171
ILSVRC2012_val_00032968.JPEG,742,859,859,859,742,859,859,742,859,859,742,859,859,742,859,859,742,859,859,742,859,859,742,859,859
ILSVRC2012_val_00032979.JPEG,394,394,191,289,394,191,289,394,191,289,394,189,289,394,191,289,394,186,5,394,183,5,394,189,48
ILSVRC2012_val_00032995.JPEG,235,235,853,853,235,853,853,235,853,853,235,853,853,235,853,853,235,853,235,235,853,853,235,853,853
ILSVRC2012_val_00033013.JPEG,812,812,372,596,812,839,839,812,812,812,812,448,448,812,406,442,812,442,812,812,442,442,812,448,448
ILSVRC2012_val_00033142.JPEG,299,299,199,199,299,196,199,299,197,199,299,199,199,169,199,199,299,197,299,299,197,199,299,199,196
ILSVRC2012_val_00033171.JPEG,796,796,667,667,796,643,796,796,399,796,796,399,399,796,400,796,796,796,796,796,796,796,796,643,796
ILSVRC2012_val_00033180.JPEG,487,487,597,597,487,590,590,487,590,590,487,597,597,487,465,590,487,590,590,487,590,590,487,531,590
ILSVRC2012_val_00033242.JPEG,65,65,84,84,65,973,65,65,973,65,65,109,973,65,109,996,65,65,65,65,65,65,65,973,973
ILSVRC2012_val_00033250.JPEG,260,260,448,448,260,863,260,260,448,376,260,611,376,260,448,448,260,260,260,260,376,260,260,863,168
ILSVRC2012_val_00033257.JPEG,99,99,289,289,99,289,289,99,289,289,132,288,289,99,47,216,99,289,86,99,289,289,132,516,915
ILSVRC2012_val_00033281.JPEG,95,95,284,284,95,95,95,95,95,95,95,16,94,95,16,95,95,95,95,95,95,95,95,94,95
ILSVRC2012_val_00033295.JPEG,195,195,280,368,195,280,368,195,280,151,195,335,368,195,335,368,195,676,195,195,227,368,195,335,195
ILSVRC2012_val_00033347.JPEG,331,331,390,33,331,34,331,331,65,331,331,973,33,331,116,63,331,331,331,331,331,331,331,67,33
ILSVRC2012_val_00033362.JPEG,359,359,642,593,359,189,171,359,691,171,359,546,714,359,714,171,359,358,358,359,684,358,359,286,171
ILSVRC2012_val_00033463.JPEG,603,612,700,700,603,700,700,603,700,700,603,700,700,603,700,700,690,471,690,603,700,700,603,612,612
ILSVRC2012_val_00033503.JPEG,82,82,772,772,82,772,772,82,875,772,82,772,772,82,772,772,82,772,82,82,123,772,82,123,123
ILSVRC2012_val_00033515.JPEG,17,17,14,14,17,14,17,17,14,14,17,14,14,17,14,14,17,17,17,17,95,14,17,14,14
ILSVRC2012_val_00033575.JPEG,25,25,284,330,25,25,25,25,25,25,25,335,335,25,25,25,25,25,25,25,25,25,25,25,25
ILSVRC2012_val_00033576.JPEG,106,106,334,334,106,334,334,106,334,334,106,334,334,106,334,334,106,337,337,106,337,337,106,337,337
ILSVRC2012_val_00033625.JPEG,279,279,155,155,279,194,153,279,194,153,279,153,153,279,153,153,279,153,153,279,153,153,258,265,153
ILSVRC2012_val_00033648.JPEG,743,743,737,829,466,886,829,743,829,829,466,737,829,743,886,829,743,741,829,743,829,743,743,829,829
ILSVRC2012_val_00033651.JPEG,169,169,695,786,169,169,169,169,181,169,169,865,246,169,588,167,169,169,169,169,169,169,169,210,169
ILSVRC2012_val_00033703.JPEG,247,247,187,187,247,187,700,247,158,700,247,187,700,247,187,700,247,187,155,247,152,156,247,151,219
ILSVRC2012_val_00033774.JPEG,854,854,892,892,854,426,854,854,892,854,854,892,426,854,881,854,854,854,854,854,854,854,854,492,854
ILSVRC2012_val_00033820.JPEG,208,208,224,224,208,224,224,208,224,224,208,224,224,208,224,224,208,224,224,208,224,224,208,224,224
ILSVRC2012_val_00033965.JPEG,185,185,51,196,185,787,196,185,51,196,185,35,196,185,109,196,185,196,196,185,51,196,185,643,196
ILSVRC2012_val_00033968.JPEG,737,737,664,664,737,782,782,737,782,782,692,692,664,737,782,782,737,782,664,737,782,782,737,851,790
ILSVRC2012_val_00033991.JPEG,764,764,790,790,764,588,764,764,790,764,764,790,790,764,790,588,764,522,764,764,790,588,764,587,764
ILSVRC2012_val_00034001.JPEG,569,569,727,727,569,727,867,569,727,867,569,727,727,867,727,727,569,867,675,569,727,727,569,727,867
ILSVRC2012_val_00034050.JPEG,446,446,247,247,446,446,446,446,921,921,446,921,921,446,921,921,446,446,446,446,921,921,921,446,921
ILSVRC2012_val_00034175.JPEG,324,324,489,556,324,741,324,324,556,556,324,556,904,324,851,324,324,324,324,324,324,324,324,652,904
ILSVRC2012_val_00034184.JPEG,171,171,210,210,171,210,171,171,210,210,171,210,210,171,210,210,171,171,210,171,210,210,171,246,246
ILSVRC2012_val_00034191.JPEG,896,896,700,700,896,700,700,896,700,700,896,700,700,428,109,700,896,700,896,896,109,700,896,700,515
ILSVRC2012_val_00034312.JPEG,389,389,191,191,389,700,389,389,700,389,389,700,183,389,395,395,389,389,389,389,389,389,389,38,0
ILSVRC2012_val_00034342.JPEG,404,404,700,700,404,700,700,404,700,700,404,700,700,404,700,700,404,404,404,404,700,404,404,700,812
ILSVRC2012_val_00034409.JPEG,534,534,611,456,534,611,456,534,611,765,534,611,456,534,917,63,534,534,534,534,534,534,534,611,870
ILSVRC2012_val_00034496.JPEG,485,485,828,732,485,754,482,485,754,754,485,577,848,485,635,848,485,754,485,485,754,848,754,848,754
ILSVRC2012_val_00034562.JPEG,386,386,391,341,386,51,385,386,385,344,386,341,341,386,116,341,386,385,385,386,385,341,386,385,385
ILSVRC2012_val_00034569.JPEG,531,531,414,414,531,414,531,531,414,531,531,414,414,531,885,636,531,635,531,531,826,826,531,414,531
ILSVRC2012_val_00034678.JPEG,912,912,562,562,912,562,562,912,562,562,912,562,562,912,562,562,912,975,912,912,975,912,912,562,562
ILSVRC2012_val_00034707.JPEG,651,651,480,480,651,480,480,651,480,480,651,480,480,651,480,480,651,480,651,651,480,480,651,480,480
ILSVRC2012_val_00034806.JPEG,126,126,296,296,126,296,296,126,296,296,126,296,296,126,296,296,126,296,126,126,296,296,126,296,296
ILSVRC2012_val_00034810.JPEG,498,867,561,471,498,864,856,498,856,856,821,471,471,498,595,856,498,595,498,498,864,864,498,517,694
ILSVRC2012_val_00034899.JPEG,989,989,112,117,989,112,112,989,112,112,989,112,117,989,112,117,989,112,115,989,108,126,989,112,112
ILSVRC2012_val_00034985.JPEG,379,379,383,383,379,375,384,379,384,384,379,383,384,379,384,384,379,384,379,379,384,384,379,383,375
ILSVRC2012_val_00035136.JPEG,335,335,792,792,335,600,114,335,65,58,335,792,792,335,390,390,335,491,335,335,390,385,387,600,345
ILSVRC2012_val_00035194.JPEG,551,551,700,700,551,700,551,551,700,419,551,700,700,551,700,551,551,419,551,551,804,551,551,700,496
ILSVRC2012_val_00035208.JPEG,792,792,851,851,792,851,851,792,851,851,792,851,851,792,669,851,792,851,851,792,851,851,589,851,851
ILSVRC2012_val_00035221.JPEG,734,734,511,511,734,468,734,734,511,734,734,511,511,734,511,511,734,734,734,734,734,734,734,511,511
ILSVRC2012_val_00035224.JPEG,588,588,918,918,588,588,588,588,549,588,588,549,478,588,588,588,588,588,588,588,588,588,588,588,588
ILSVRC2012_val_00035229.JPEG,559,559,388,361,559,361,559,559,808,559,559,355,361,532,361,361,559,559,559,559,264,559,559,808,559
ILSVRC2012_val_00035230.JPEG,778,876,797,797,778,797,797,435,797,797,778,797,797,435,797,797,778,778,778,778,464,499,778,750,797
ILSVRC2012_val_00035295.JPEG,317,317,340,340,317,340,340,317,340,340,317,340,340,317,340,340,317,340,317,317,340,340,317,340,340
ILSVRC2012_val_00035303.JPEG,19,19,471,471,19,606,448,19,666,469,19,51,471,19,469,469,19,653,12,19,464,626,19,505,505
ILSVRC2012_val_00035316.JPEG,539,539,700,700,539,700,700,539,700,700,539,700,700,539,700,700,539,700,700,539,700,700,539,700,539
ILSVRC2012_val_00035326.JPEG,452,452,695,695,452,695,695,452,695,695,606,695,695,452,695,695,452,597,792,452,597,597,452,606,606
ILSVRC2012_val_00035352.JPEG,580,580,507,507,580,580,580,580,580,580,580,580,580,580,580,580,580,580,580,580,580,580,580,580,580
ILSVRC2012_val_00035394.JPEG,938,938,924,924,938,924,924,938,924,924,938,924,924,938,924,924,938,924,924,938,924,924,938,924,924
ILSVRC2012_val_00035435.JPEG,885,411,496,496,885,496,496,885,496,496,885,496,496,411,496,496,496,496,496,885,496,496,411,496,496
ILSVRC2012_val_00035519.JPEG,574,574,591,434,574,551,574,574,574,574,574,434,434,574,549,793,574,574,574,574,574,574,574,539,574
ILSVRC2012_val_00035569.JPEG,243,243,365,365,243,184,262,243,184,184,243,184,262,243,184,184,243,184,243,243,262,262,243,184,262
ILSVRC2012_val_00035603.JPEG,817,817,662,407,817,754,817,817,627,817,817,586,757,817,84,817,817,745,817,817,817,817,817,627,734
ILSVRC2012_val_00035635.JPEG,826,426,406,406,826,892,892,826,556,892,826,406,892,826,584,577,826,892,892,826,892,409,426,892,892
ILSVRC2012_val_00035639.JPEG,937,937,44,44,937,47,937,937,47,937,937,47,47,937,47,936,937,936,937,937,936,937,937,39,937
ILSVRC2012_val_00035641.JPEG,750,750,239,239,750,264,264,750,264,264,750,264,264,750,157,264,750,230,750,750,157,264,797,264,264
ILSVRC2012_val_00035665.JPEG,239,239,195,195,239,195,195,239,195,195,239,195,195,239,195,195,239,217,217,239,195,238,239,217,217
ILSVRC2012_val_00035796.JPEG,437,437,744,744,437,657,657,437,657,657,437,657,657,437,777,668,437,657,437,437,744,657,437,744,657
ILSVRC2012_val_00035803.JPEG,482,481,902,999,482,626,626,482,626,700,732,626,626,844,464,902,482,626,482,482,482,482,482,606,710
ILSVRC2012_val_00035865.JPEG,464,630,518,518,464,464,464,464,518,464,464,518,518,464,518,518,464,464,464,464,464,464,464,518,518
ILSVRC2012_val_00035874.JPEG,900,900,953,953,900,580,448,900,728,728,900,580,937,900,998,749,900,998,900,900,998,900,900,448,448
ILSVRC2012_val_00035879.JPEG,371,371,272,272,371,371,371,371,269,371,371,272,269,371,269,269,371,371,371,371,371,371,371,269,269
ILSVRC2012_val_00035913.JPEG,571,571,509,415,571,800,571,571,406,415,571,865,860,571,434,860,571,571,571,571,860,860,571,860,860
ILSVRC2012_val_00036287.JPEG,87,87,235,695,87,87,87,87,87,87,87,0,392,87,0,87,87,87,87,87,87,87,87,87,87
ILSVRC2012_val_00036290.JPEG,284,284,863,863,284,268,285,284,268,284,284,643,284,284,51,268,284,285,284,284,285,284,284,285,285
ILSVRC2012_val_00036312.JPEG,920,920,363,879,920,494,920,920,514,920,920,911,417,920,641,494,920,920,920,920,920,920,920,731,731
ILSVRC2012_val_00036313.JPEG,622,622,863,863,622,551,746,622,666,666,622,469,427,622,835,739,622,622,622,622,551,622,622,746,746
ILSVRC2012_val_00036368.JPEG,7,7,885,885,7,885,7,7,885,7,7,885,885,7,885,885,7,7,7,7,885,7,7,885,7
ILSVRC2012_val_00036427.JPEG,781,781,440,440,781,800,781,781,781,781,781,543,800,781,465,781,781,781,781,781,781,781,781,543,781
ILSVRC2012_val_00036458.JPEG,265,181,51,385,265,51,181,265,51,190,265,385,363,265,51,48,265,87,181,265,51,363,181,39,181
ILSVRC2012_val_00036461.JPEG,361,361,103,853,361,330,853,361,330,853,358,103,103,356,38,853,361,103,389,361,389,389,361,335,362
ILSVRC2012_val_00036500.JPEG,130,130,509,509,130,611,921,130,611,582,130,611,865,130,611,580,130,921,975,130,473,473,130,509,876
ILSVRC2012_val_00036570.JPEG,839,839,877,743,839,743,743,839,877,743,839,762,743,839,884,743,839,203,839,839,743,743,839,687,687
ILSVRC2012_val_00036707.JPEG,728,692,549,549,728,591,591,728,549,478,728,549,549,728,591,549,728,549,549,728,692,692,728,549,478
ILSVRC2012_val_00036744.JPEG,88,88,614,614,88,614,614,88,614,614,88,431,614,88,431,614,88,88,88,88,636,431,88,431,887
ILSVRC2012_val_00036809.JPEG,455,463,954,954,455,942,940,455,940,940,427,954,954,455,954,940,455,502,502,455,940,940,455,954,427
ILSVRC2012_val_00036827.JPEG,422,422,820,744,422,595,657,422,856,657,422,595,657,422,595,657,422,422,422,422,786,764,422,595,867
ILSVRC2012_val_00036851.JPEG,380,380,374,374,380,380,380,380,380,380,380,374,374,380,371,374,380,380,380,380,376,380,380,374,374
ILSVRC2012_val_00036874.JPEG,85,85,815,340,85,340,340,85,355,340,85,293,340,85,292,340,85,276,340,85,63,340,85,83,340
ILSVRC2012_val_00036887.JPEG,205,205,246,246,205,246,246,205,246,246,205,246,246,205,246,246,205,246,246,205,246,246,205,246,246
ILSVRC2012_val_00036922.JPEG,776,776,769,769,776,776,776,776,776,776,776,798,776,776,769,683,776,776,776,776,776,776,776,776,776
ILSVRC2012_val_00036954.JPEG,982,982,390,390,982,594,0,982,390,29,982,390,390,982,390,476,982,982,982,982,390,29,982,337,43
ILSVRC2012_val_00036956.JPEG,631,631,519,519,631,519,519,631,519,519,631,434,519,631,434,519,631,434,434,631,911,519,631,434,898
ILSVRC2012_val_00037295.JPEG,352,352,336,280,352,276,277,352,335,277,352,335,280,352,277,277,352,276,352,352,277,277,352,293,278
ILSVRC2012_val_00037297.JPEG,78,78,37,37,78,36,36,78,36,36,78,36,36,78,36,36,78,119,119,78,35,35,78,69,36
ILSVRC2012_val_00037302.JPEG,504,504,700,700,504,901,901,504,700,999,504,700,700,504,700,700,504,999,999,504,700,999,504,700,700
ILSVRC2012_val_00037393.JPEG,189,202,261,257,189,257,202,189,202,257,189,257,257,189,257,257,189,202,196,189,202,257,189,202,202
ILSVRC2012_val_00037552.JPEG,129,129,134,134,129,134,134,129,134,134,129,132,132,129,132,132,129,132,132,129,132,132,129,134,134
ILSVRC2012_val_00037579.JPEG,117,117,700,700,117,700,700,117,700,700,117,700,700,947,434,700,117,700,117,117,700,117,947,700,700
ILSVRC2012_val_00037580.JPEG,224,224,367,367,224,295,224,224,341,224,224,367,367,224,372,366,224,224,224,224,367,224,224,367,224
ILSVRC2012_val_00037665.JPEG,955,955,87,87,955,911,911,955,87,87,955,268,87,955,87,87,955,911,529,955,254,212,955,196,850
ILSVRC2012_val_00037682.JPEG,601,601,519,519,601,601,601,601,601,601,601,601,601,601,915,601,601,601,601,601,601,601,601,601,601
ILSVRC2012_val_00037710.JPEG,98,98,833,833,98,833,833,98,833,833,98,833,833,98,814,833,98,148,148,98,148,148,98,148,148
ILSVRC2012_val_00037884.JPEG,876,896,808,808,876,855,541,876,541,541,896,588,588,861,808,588,876,700,896,896,541,541,876,773,739
ILSVRC2012_val_00037892.JPEG,84,84,843,843,84,702,702,84,702,84,84,702,843,84,702,702,84,233,84,84,702,702,703,702,702
ILSVRC2012_val_00037911.JPEG,666,666,465,465,666,792,465,666,465,465,666,597,465,666,465,465,666,615,666,666,465,465,666,465,465
ILSVRC2012_val_00037949.JPEG,275,275,241,241,275,241,241,275,164,241,275,164,241,275,241,241,275,275,275,275,241,241,275,164,164
ILSVRC2012_val_00037962.JPEG,726,726,700,700,726,700,700,726,700,700,674,700,700,726,902,902,726,477,674,726,686,686,726,674,674
ILSVRC2012_val_00038000.JPEG,475,475,750,728,475,797,797,475,797,475,475,529,728,475,797,728,475,475,475,475,475,475,475,414,475
ILSVRC2012_val_00038017.JPEG,941,941,643,643,941,643,643,941,643,643,941,643,643,941,643,643,941,945,941,941,643,643,941,643,643
ILSVRC2012_val_00038038.JPEG,517,517,700,728,517,517,517,517,517,517,517,700,728,517,700,728,517,517,517,517,517,517,517,517,517
ILSVRC2012_val_00038063.JPEG,617,617,509,509,617,509,509,617,509,509,860,509,509,617,509,509,617,509,509,617,509,509,860,865,865
ILSVRC2012_val_00038065.JPEG,334,334,275,346,334,350,334,334,364,346,334,350,346,334,275,346,334,334,334,334,275,334,334,350,343
ILSVRC2012_val_00038069.JPEG,138,138,497,483,138,128,128,138,128,128,138,483,975,138,646,128,138,135,135,138,646,128,138,9,132
ILSVRC2012_val_00038103.JPEG,428,428,972,483,428,976,483,428,976,976,428,979,979,428,979,979,428,979,428,428,976,976,428,483,483
ILSVRC2012_val_00038150.JPEG,356,356,695,695,356,63,356,356,63,356,356,63,600,356,63,356,356,356,356,356,63,63,356,9,298
ILSVRC2012_val_00038157.JPEG,151,151,797,797,151,186,151,151,797,797,151,750,797,151,185,797,151,159,151,151,186,151,151,192,797
ILSVRC2012_val_00038305.JPEG,856,856,794,791,856,765,791,856,690,856,856,611,791,856,831,856,856,595,856,856,856,856,856,791,791
ILSVRC2012_val_00038364.JPEG,840,840,748,496,840,452,840,840,584,840,840,748,338,840,885,584,840,840,840,840,529,840,840,529,840
ILSVRC2012_val_00038384.JPEG,956,956,748,658,956,459,956,956,824,956,956,658,956,956,636,956,956,956,956,956,956,956,956,502,956
ILSVRC2012_val_00038387.JPEG,934,934,386,386,934,884,947,934,997,997,934,364,808,934,51,51,934,846,846,934,808,808,934,947,947
ILSVRC2012_val_00038724.JPEG,933,933,710,710,933,584,923,933,584,923,933,584,696,933,584,584,933,836,923,933,836,836,933,502,837
ILSVRC2012_val_00038939.JPEG,895,895,999,999,895,700,700,895,700,700,895,700,999,895,999,700,895,710,895,895,786,700,895,710,999
ILSVRC2012_val_00038946.JPEG,413,413,820,820,413,820,820,413,856,820,413,820,820,413,856,820,413,471,820,413,820,820,413,820,820
ILSVRC2012_val_00038989.JPEG,259,259,281,281,259,281,283,259,281,281,259,281,281,259,281,283,259,283,283,259,283,283,259,281,283
ILSVRC2012_val_00039067.JPEG,8,8,748,414,8,636,636,8,887,885,8,443,748,8,591,728,8,7,7,8,885,8,8,443,411
ILSVRC2012_val_00039122.JPEG,720,720,862,862,720,470,720,720,720,720,720,862,852,720,470,470,720,720,720,720,720,720,720,438,720
ILSVRC2012_val_00039130.JPEG,308,308,368,368,308,368,368,308,368,368,308,368,368,308,368,368,308,542,310,308,368,263,308,259,259
ILSVRC2012_val_00039149.JPEG,673,747,469,469,673,469,469,673,469,469,673,469,469,673,35,715,673,909,909,673,622,747,673,469,635
ILSVRC2012_val_00039203.JPEG,46,46,47,47,46,47,47,46,47,47,46,47,47,46,47,47,46,47,47,46,47,47,46,47,47
ILSVRC2012_val_00039253.JPEG,372,372,364,364,372,364,372,372,364,364,372,364,364,372,364,364,372,371,372,372,364,364,372,364,364
ILSVRC2012_val_00039370.JPEG,74,74,815,815,74,73,73,74,73,73,74,815,815,74,815,73,74,73,73,74,73,73,74,123,74
ILSVRC2012_val_00039391.JPEG,607,607,827,827,607,556,556,607,556,556,607,556,827,607,556,556,607,556,607,607,556,469,607,827,827
ILSVRC2012_val_00039500.JPEG,732,732,643,863,732,471,732,732,471,471,732,643,514,732,883,514,732,732,732,732,464,745,732,643,732
ILSVRC2012_val_00039521.JPEG,863,863,815,562,863,580,975,863,979,979,863,815,562,863,815,979,863,975,863,863,975,975,863,562,975
ILSVRC2012_val_00039540.JPEG,163,168,173,173,163,341,211,163,173,173,163,173,173,163,173,341,163,268,168,163,173,173,163,341,341
ILSVRC2012_val_00039605.JPEG,22,22,917,917,22,451,22,22,461,461,22,597,461,22,461,461,22,22,22,22,597,22,22,787,22
ILSVRC2012_val_00039670.JPEG,970,970,671,671,970,671,671,970,671,671,970,671,671,970,671,671,970,970,970,970,671,671,970,671,671
ILSVRC2012_val_00039687.JPEG,244,244,158,253,244,158,227,244,240,151,244,195,151,244,158,240,244,237,244,244,158,227,244,240,240
ILSVRC2012_val_00039699.JPEG,203,203,191,191,203,191,191,203,191,188,203,191,189,203,188,188,203,189,189,203,188,188,203,199,203
ILSVRC2012_val_00039827.JPEG,434,434,700,700,434,700,700,434,700,700,434,700,700,434,700,700,434,419,529,434,700,700,434,700,700
ILSVRC2012_val_00039841.JPEG,767,767,192,189,767,184,189,767,184,189,767,191,189,767,184,189,767,845,418,767,558,767,767,170,767
ILSVRC2012_val_00039845.JPEG,806,806,425,425,806,587,587,806,696,587,806,462,462,806,462,462,806,587,806,806,587,806,806,696,587
ILSVRC2012_val_00040016.JPEG,877,877,750,448,877,519,877,877,646,877,877,520,448,877,520,519,877,877,877,877,877,877,877,520,877
ILSVRC2012_val_00040090.JPEG,363,363,276,354,363,276,342,363,349,342,363,276,349,363,276,177,363,363,363,363,341,341,363,343,343
ILSVRC2012_val_00040115.JPEG,42,42,128,353,42,298,351,42,128,351,42,374,352,42,128,353,92,353,353,42,128,351,42,134,352
ILSVRC2012_val_00040271.JPEG,593,593,723,723,593,452,593,593,452,593,593,452,452,593,452,723,593,593,593,593,793,593,593,452,593
ILSVRC2012_val_00040314.JPEG,36,36,24,24,36,24,36,36,83,36,36,382,88,36,24,24,36,47,36,36,47,36,36,23,288
ILSVRC2012_val_00040348.JPEG,300,300,316,316,300,316,300,300,302,300,300,316,316,300,316,316,300,302,300,300,316,300,300,316,300
ILSVRC2012_val_00040388.JPEG,3,3,695,695,3,695,913,3,913,913,3,695,695,3,824,973,3,913,3,3,5,5,3,677,395
ILSVRC2012_val_00040453.JPEG,868,861,750,750,868,805,805,868,750,750,861,750,750,868,750,750,868,868,868,868,551,551,861,721,787
ILSVRC2012_val_00040480.JPEG,697,697,700,700,697,700,697,697,700,697,697,700,700,697,700,700,697,697,697,697,700,697,697,700,700
ILSVRC2012_val_00040490.JPEG,562,562,797,797,562,797,797,562,797,797,562,797,797,562,797,797,562,797,797,562,797,797,562,470,818
ILSVRC2012_val_00040607.JPEG,291,291,355,355,291,207,291,291,354,355,291,354,355,291,355,354,291,354,291,291,676,291,676,676,676
ILSVRC2012_val_00040666.JPEG,761,761,766,766,761,627,627,761,766,766,761,766,766,761,509,582,761,761,761,761,810,827,761,509,509
ILSVRC2012_val_00040684.JPEG,964,964,695,695,964,695,695,964,695,463,964,695,695,964,931,931,964,950,930,964,1,728,118,414,719
ILSVRC2012_val_00040703.JPEG,364,364,236,150,364,51,364,364,385,150,364,150,150,364,268,150,364,365,364,364,150,150,364,245,150
ILSVRC2012_val_00040789.JPEG,118,118,113,125,118,119,119,118,119,119,118,125,125,118,125,125,118,119,118,118,119,119,118,36,119
ILSVRC2012_val_00040809.JPEG,178,178,276,276,178,276,276,178,276,178,178,276,276,178,276,276,178,276,178,178,276,276,178,289,212
ILSVRC2012_val_00040884.JPEG,330,330,611,695,330,32,330,330,32,330,330,611,32,330,32,330,330,330,330,330,363,330,330,32,330
ILSVRC2012_val_00040888.JPEG,523,523,918,918,523,523,523,523,523,523,523,769,769,523,749,749,523,558,523,523,558,558,523,845,523
ILSVRC2012_val_00040897.JPEG,97,97,261,261,97,154,261,97,154,358,97,261,261,97,182,261,97,362,97,97,261,261,97,154,154
ILSVRC2012_val_00040952.JPEG,240,238,164,164,240,164,164,240,164,164,240,164,164,240,164,164,240,164,240,240,164,164,238,164,164
ILSVRC2012_val_00041131.JPEG,501,501,182,189,501,189,189,501,189,189,501,202,202,501,202,478,501,187,465,501,189,465,501,202,189
ILSVRC2012_val_00041244.JPEG,691,691,490,490,691,490,691,691,461,461,691,524,524,691,490,490,691,490,691,691,490,490,691,524,691
ILSVRC2012_val_00041293.JPEG,54,54,287,293,54,66,66,54,287,68,60,287,287,54,287,66,54,66,66,54,66,68,54,66,66
ILSVRC2012_val_00041315.JPEG,905,905,806,790,905,831,790,905,519,790,905,806,721,905,750,906,905,904,904,905,905,904,905,519,905
ILSVRC2012_val_00041317.JPEG,865,740,477,477,865,477,477,865,477,477,865,477,477,865,477,477,477,477,477,865,477,477,477,477,477
ILSVRC2012_val_00041345.JPEG,995,995,996,996,995,996,996,995,996,996,995,996,996,995,996,996,995,996,996,995,996,996,995,996,996
ILSVRC2012_val_00041363.JPEG,564,564,889,424,564,423,423,564,476,424,564,476,423,564,865,423,564,579,564,564,865,564,564,889,476
ILSVRC2012_val_00041393.JPEG,211,211,333,333,211,168,168,211,168,168,211,168,168,211,274,168,211,211,211,211,168,168,211,168,168
ILSVRC2012_val_00041453.JPEG,747,747,463,427,747,427,427,747,427,427,747,463,427,747,427,427,747,427,747,747,653,427,747,463,427
ILSVRC2012_val_00041545.JPEG,879,879,416,416,879,602,879,879,416,879,879,416,416,879,416,416,879,879,879,879,416,416,879,416,416
ILSVRC2012_val_00041555.JPEG,845,845,825,825,845,845,845,845,825,825,845,825,825,845,956,825,845,845,845,845,845,845,845,767,767
ILSVRC2012_val_00041622.JPEG,350,350,707,606,350,349,349,350,350,350,350,178,349,349,726,726,350,350,350,350,606,350,348,349,349
ILSVRC2012_val_00041645.JPEG,293,293,887,290,293,887,288,293,290,288,293,887,288,293,290,288,293,288,288,293,290,288,293,290,288
ILSVRC2012_val_00041673.JPEG,994,676,182,225,994,225,225,994,225,225,994,225,225,994,225,225,994,225,225,994,225,225,994,163,225
ILSVRC2012_val_00041722.JPEG,644,644,658,806,644,806,806,644,806,806,644,806,806,644,806,107,644,644,644,644,911,806,949,658,806
ILSVRC2012_val_00041742.JPEG,448,448,483,483,448,483,448,448,483,483,448,483,483,448,663,483,448,483,483,448,483,483,448,663,483
ILSVRC2012_val_00041875.JPEG,771,771,465,757,771,651,757,771,651,651,771,414,651,771,465,757,771,771,771,771,531,651,771,651,651
ILSVRC2012_val_00041936.JPEG,626,626,827,827,626,626,626,626,827,626,626,827,827,626,827,827,626,626,626,626,626,626,626,626,626
ILSVRC2012_val_00042034.JPEG,657,657,721,750,657,564,564,657,750,564,657,750,750,657,831,831,657,657,657,657,885,744,657,840,840
ILSVRC2012_val_00042043.JPEG,333,333,750,797,333,750,797,333,797,797,333,750,750,333,750,797,333,338,333,333,797,797,333,611,281
ILSVRC2012_val_00042121.JPEG,952,952,695,695,952,471,695,952,600,600,952,621,491,952,63,995,952,491,952,952,51,684,952,606,606
ILSVRC2012_val_00042124.JPEG,48,48,375,375,48,375,375,48,375,375,48,375,375,48,375,375,48,48,48,48,384,48,48,375,375
ILSVRC2012_val_00042155.JPEG,110,115,29,29,110,29,29,110,29,29,110,29,29,110,29,29,110,29,29,110,29,110,110,29,29
ILSVRC2012_val_00042206.JPEG,246,246,189,189,246,189,183,246,181,181,246,189,189,246,191,183,246,164,246,246,189,181,246,188,183
ILSVRC2012_val_00042208.JPEG,346,346,103,103,346,103,103,346,103,103,346,103,103,346,103,103,346,103,103,346,103,103,346,36,103
ILSVRC2012_val_00042265.JPEG,698,698,448,637,698,663,698,698,663,698,698,863,698,698,698,698,698,698,698,698,663,698,698,497,698
ILSVRC2012_val_00042285.JPEG,718,718,880,880,718,880,700,718,880,700,718,223,700,718,646,833,718,718,718,718,700,700,718,602,877
ILSVRC2012_val_00042290.JPEG,463,463,560,560,463,615,463,463,676,463,463,615,615,463,615,615,463,463,463,463,463,463,463,463,463
ILSVRC2012_val_00042327.JPEG,414,414,859,859,414,859,859,414,124,859,414,122,859,414,518,518,414,691,691,414,518,518,414,505,505
ILSVRC2012_val_00042351.JPEG,656,656,867,867,656,867,675,656,675,675,656,867,675,656,867,867,656,675,675,656,675,675,656,867,675
ILSVRC2012_val_00042390.JPEG,241,241,201,201,241,240,240,241,240,240,241,232,239,241,193,240,241,240,241,241,232,240,240,239,239
ILSVRC2012_val_00042394.JPEG,166,166,252,252,166,200,252,166,196,197,166,196,233,166,187,157,166,162,166,166,252,252,166,219,218
ILSVRC2012_val_00042396.JPEG,568,568,828,828,568,107,461,568,107,107,434,828,828,568,62,666,568,641,650,568,62,107,434,828,828
ILSVRC2012_val_00042408.JPEG,923,923,965,965,923,965,965,923,965,965,923,965,965,923,965,965,923,965,965,923,965,965,923,467,965
ILSVRC2012_val_00042416.JPEG,436,654,757,757,436,757,757,436,757,757,436,757,757,436,757,757,436,757,757,436,757,757,654,757,757
ILSVRC2012_val_00042448.JPEG,103,103,863,863,103,863,863,103,863,863,103,863,863,103,84,863,103,863,863,103,47,863,103,863,863
ILSVRC2012_val_00042577.JPEG,962,962,704,704,962,531,962,962,707,707,962,518,704,962,464,464,962,531,962,962,475,518,962,530,530
ILSVRC2012_val_00042578.JPEG,77,77,386,386,77,51,386,77,386,386,77,340,101,77,101,101,77,101,385,77,51,51,77,340,386
ILSVRC2012_val_00042605.JPEG,401,401,843,843,401,401,401,401,401,401,401,843,401,401,233,401,401,401,401,401,401,401,401,401,401
ILSVRC2012_val_00042627.JPEG,221,221,388,229,221,183,221,221,226,233,221,229,233,221,233,226,221,221,221,221,197,226,221,160,160
ILSVRC2012_val_00042833.JPEG,192,192,344,345,192,354,354,192,51,354,192,344,343,192,344,341,192,354,342,192,364,226,192,348,354
ILSVRC2012_val_00042948.JPEG,716,716,389,389,716,912,716,716,912,912,716,912,912,716,912,912,716,912,716,716,912,912,716,716,716
ILSVRC2012_val_00042972.JPEG,160,160,182,182,160,262,226,160,182,182,160,192,182,160,182,226,160,226,160,160,226,226,160,182,182
ILSVRC2012_val_00042985.JPEG,544,544,381,524,544,676,461,544,177,469,544,381,451,544,47,524,544,451,807,544,451,461,544,365,524
ILSVRC2012_val_00043251.JPEG,974,974,700,700,974,700,700,974,700,700,974,700,700,974,700,700,974,700,974,974,974,700,974,700,700
ILSVRC2012_val_00043286.JPEG,762,762,197,214,762,214,214,762,406,406,762,197,214,762,197,579,762,762,762,762,197,406,762,197,406
ILSVRC2012_val_00043360.JPEG,496,496,797,797,496,496,496,496,750,496,496,750,750,496,750,750,496,496,496,496,496,496,496,750,496
ILSVRC2012_val_00043391.JPEG,167,167,23,261,167,176,167,167,166,166,167,389,176,167,389,176,167,166,166,167,167,167,167,248,167
ILSVRC2012_val_00043409.JPEG,594,594,699,401,594,594,594,594,594,594,594,699,401,594,699,594,594,594,594,594,594,594,594,401,401
ILSVRC2012_val_00043415.JPEG,90,90,425,701,90,417,90,90,417,90,90,672,701,90,672,701,90,90,90,90,90,90,90,672,701
ILSVRC2012_val_00043573.JPEG,733,733,669,669,733,669,669,733,669,669,733,669,669,733,669,669,733,669,669,733,564,669,733,669,669
ILSVRC2012_val_00043587.JPEG,809,969,546,546,809,835,835,809,674,674,809,546,714,809,546,714,809,925,925,809,969,969,809,786,923
ILSVRC2012_val_00043651.JPEG,979,979,5,5,979,5,979,979,5,979,979,5,6,979,973,5,979,5,979,979,5,5,979,5,6
ILSVRC2012_val_00043739.JPEG,836,836,622,622,836,633,633,836,836,836,836,622,622,837,622,622,836,836,836,836,836,836,836,837,837
ILSVRC2012_val_00043770.JPEG,906,906,348,348,906,354,354,906,354,354,906,354,354,906,354,676,906,243,906,906,345,243,906,163,243
ILSVRC2012_val_00043821.JPEG,457,457,549,530,457,457,530,457,457,457,457,692,767,457,478,778,457,457,457,457,591,457,457,457,457
ILSVRC2012_val_00043853.JPEG,872,872,471,471,872,657,872,872,744,471,872,847,471,872,413,471,872,872,872,872,447,872,872,447,447
ILSVRC2012_val_00043930.JPEG,438,438,550,550,438,438,438,438,438,438,438,550,550,438,550,550,438,438,438,438,438,438,438,878,438
ILSVRC2012_val_00044020.JPEG,582,582,956,956,582,956,956,582,956,956,582,956,956,582,956,956,582,956,956,582,956,582,952,956,956
ILSVRC2012_val_00044050.JPEG,383,383,66,61,383,68,384,383,63,62,383,62,66,383,66,62,383,63,383,383,47,384,383,62,61
ILSVRC2012_val_00044086.JPEG,57,64,364,105,57,364,105,57,364,105,57,343,105,57,364,105,57,364,57,57,364,105,57,343,105
ILSVRC2012_val_00044105.JPEG,739,739,456,413,739,936,739,739,413,413,739,456,413,739,351,739,739,739,739,739,691,739,739,413,671
ILSVRC2012_val_00044108.JPEG,91,91,237,237,91,104,91,91,274,91,91,15,15,91,15,15,91,91,91,91,371,91,91,104,88
ILSVRC2012_val_00044178.JPEG,604,604,794,794,604,794,794,604,794,794,604,794,794,604,794,794,604,854,854,604,794,794,604,794,794
ILSVRC2012_val_00044239.JPEG,958,958,337,177,958,958,958,958,337,958,958,342,364,958,364,364,958,958,958,958,911,911,958,958,958
ILSVRC2012_val_00044261.JPEG,563,563,856,766,563,595,766,563,856,856,563,595,766,418,634,634,563,563,563,418,856,856,563,563,563
ILSVRC2012_val_00044392.JPEG,653,653,662,413,653,653,653,653,653,653,653,700,413,653,477,700,653,653,653,653,499,653,653,653,653
ILSVRC2012_val_00044401.JPEG,542,542,664,664,542,527,431,542,527,527,542,527,664,542,782,782,542,527,542,542,782,431,666,527,840
ILSVRC2012_val_00044434.JPEG,585,585,695,571,585,626,626,585,626,707,585,844,844,585,695,781,585,631,631,585,631,631,631,438,631
ILSVRC2012_val_00044487.JPEG,746,746,700,700,746,746,746,746,746,746,746,700,700,746,700,700,746,746,746,746,746,746,746,795,795
ILSVRC2012_val_00044528.JPEG,959,959,965,965,959,965,965,959,965,965,959,965,965,959,965,965,959,965,965,959,969,965,959,965,965
ILSVRC2012_val_00044608.JPEG,961,961,666,666,961,111,666,961,111,666,961,868,666,961,111,666,961,463,463,961,666,666,961,840,470
ILSVRC2012_val_00044668.JPEG,532,532,519,519,532,588,894,532,588,519,532,519,519,564,588,588,532,526,564,532,588,588,532,831,519
ILSVRC2012_val_00044752.JPEG,409,409,611,611,409,892,892,409,892,892,409,892,892,892,892,892,409,892,892,409,892,892,409,892,409
ILSVRC2012_val_00044819.JPEG,200,200,643,903,200,643,200,200,643,200,200,643,903,200,643,903,200,200,200,200,643,200,200,903,200
ILSVRC2012_val_00044828.JPEG,902,902,772,792,902,902,902,902,600,902,902,456,792,902,451,456,902,902,902,902,902,902,902,600,600
ILSVRC2012_val_00044861.JPEG,526,526,413,499,526,424,526,526,413,526,526,456,499,526,413,860,526,764,526,526,889,526,526,889,651
ILSVRC2012_val_00044924.JPEG,878,763,700,700,878,700,700,878,700,700,878,700,700,878,700,700,878,810,810,878,700,878,878,748,810
ILSVRC2012_val_00045039.JPEG,508,508,846,846,508,846,810,508,846,810,508,846,846,508,846,846,508,846,810,508,846,846,508,846,846
ILSVRC2012_val_00045040.JPEG,886,886,737,737,886,737,737,886,737,737,886,737,737,886,737,737,886,737,737,886,737,737,886,737,737
ILSVRC2012_val_00045052.JPEG,597,597,700,518,597,700,518,597,728,518,597,700,518,597,700,518,597,413,597,597,615,615,597,999,691
ILSVRC2012_val_00045131.JPEG,605,605,999,999,605,700,700,605,700,700,605,700,700,605,700,700,605,827,700,605,700,700,605,543,633
ILSVRC2012_val_00045155.JPEG,154,154,210,210,154,161,161,154,161,161,154,210,161,154,161,161,154,180,154,154,161,161,154,161,161
ILSVRC2012_val_00045172.JPEG,10,13,128,128,10,13,13,10,13,13,10,13,13,10,128,16,10,13,10,10,95,95,10,13,13
ILSVRC2012_val_00045199.JPEG,462,462,597,597,462,597,597,840,597,597,462,597,597,462,597,597,840,477,792,462,465,792,462,597,597
ILSVRC2012_val_00045226.JPEG,981,981,240,238,981,981,981,981,981,981,981,249,865,981,241,176,981,981,981,981,981,981,981,890,805
ILSVRC2012_val_00045286.JPEG,576,576,615,615,576,880,576,576,678,576,576,697,476,576,389,576,576,576,576,576,678,576,576,880,880
ILSVRC2012_val_00045318.JPEG,272,272,700,807,272,700,807,272,669,807,272,434,807,272,669,807,272,269,272,272,248,272,272,669,391
ILSVRC2012_val_00045330.JPEG,853,853,425,425,634,425,425,853,425,425,853,425,425,425,425,425,853,425,425,634,425,425,853,425,425
ILSVRC2012_val_00045428.JPEG,458,637,710,710,458,859,696,458,859,784,458,859,710,844,609,653,458,859,590,458,587,792,458,859,590
ILSVRC2012_val_00045449.JPEG,828,828,490,490,828,828,828,828,828,828,828,490,490,828,828,828,828,828,828,828,828,828,828,828,828
ILSVRC2012_val_00045458.JPEG,708,708,611,611,708,611,611,835,611,611,708,611,611,708,611,611,708,611,708,708,470,708,708,611,611
ILSVRC2012_val_00045476.JPEG,985,985,206,197,985,206,197,985,197,197,985,206,197,985,885,205,985,985,985,985,501,451,985,501,197
ILSVRC2012_val_00045480.JPEG,13,13,375,375,13,375,375,13,380,375,13,375,375,13,375,375,13,13,13,13,95,13,13,375,19
ILSVRC2012_val_00045518.JPEG,186,186,267,267,186,267,186,186,267,267,186,267,267,186,267,260,186,189,186,186,189,186,186,189,189
ILSVRC2012_val_00045572.JPEG,724,724,510,510,724,510,510,724,510,510,724,510,510,724,510,510,724,540,724,724,540,510,724,540,724
ILSVRC2012_val_00045593.JPEG,263,263,156,156,263,219,156,263,156,156,263,156,156,263,156,156,263,156,263,263,156,156,263,219,156
ILSVRC2012_val_00045758.JPEG,342,342,272,272,342,272,272,342,272,272,342,272,272,272,280,280,342,272,272,342,272,272,342,272,272
ILSVRC2012_val_00045842.JPEG,561,864,717,717,561,864,864,561,864,864,864,717,717,561,717,864,561,517,517,561,864,864,561,654,654
ILSVRC2012_val_00045907.JPEG,808,808,866,866,808,866,866,808,866,866,808,866,866,808,856,856,808,808,808,808,866,856,808,870,612
ILSVRC2012_val_00045955.JPEG,483,483,226,214,483,233,214,483,233,233,483,233,199,483,233,417,483,540,483,483,197,698,483,866,483
ILSVRC2012_val_00045977.JPEG,714,714,808,808,714,808,808,714,808,808,714,808,808,714,808,808,714,714,714,714,808,808,714,808,808
ILSVRC2012_val_00046031.JPEG,909,909,750,386,909,750,883,909,750,385,909,750,385,909,750,385,909,750,909,909,884,577,469,750,883
ILSVRC2012_val_00046039.JPEG,64,55,113,113,64,312,64,64,59,40,64,312,113,55,312,40,64,55,64,64,59,64,64,59,64
ILSVRC2012_val_00046048.JPEG,242,242,383,383,242,155,155,242,383,212,242,383,383,242,383,383,242,212,242,242,212,247,242,157,257
ILSVRC2012_val_00046054.JPEG,311,311,750,750,311,750,311,311,284,750,311,750,700,311,750,284,311,311,311,311,73,73,311,284,311
ILSVRC2012_val_00046145.JPEG,278,278,213,213,278,274,274,278,274,274,278,343,274,278,184,213,278,271,271,278,274,274,278,291,291
ILSVRC2012_val_00046322.JPEG,680,680,502,502,680,502,899,680,502,502,680,502,502,680,502,502,680,502,899,680,502,502,680,502,502
ILSVRC2012_val_00046371.JPEG,833,833,835,536,833,724,724,833,724,724,833,724,724,833,724,536,833,694,694,833,625,484,833,540,540
ILSVRC2012_val_00046471.JPEG,429,429,854,854,429,429,429,429,854,429,429,854,854,429,854,854,429,429,429,429,429,429,429,417,417
ILSVRC2012_val_00046615.JPEG,50,50,712,712,50,712,712,50,968,712,50,712,712,50,971,712,50,712,50,50,968,968,50,712,712
ILSVRC2012_val_00046649.JPEG,51,51,237,237,51,237,237,51,237,237,51,237,237,51,237,262,51,237,51,51,237,51,51,237,262
ILSVRC2012_val_00046703.JPEG,367,367,355,355,367,369,367,367,369,369,367,355,355,367,355,355,367,367,367,367,369,367,367,368,369
ILSVRC2012_val_00046705.JPEG,194,204,270,258,194,257,257,194,257,257,194,257,257,194,257,257,194,194,194,194,257,257,194,257,258
ILSVRC2012_val_00046746.JPEG,556,556,820,820,556,820,820,556,820,820,556,820,820,556,820,820,556,556,556,556,820,556,556,820,820
ILSVRC2012_val_00046766.JPEG,416,416,422,422,416,702,416,416,422,422,416,422,422,416,543,422,416,416,416,416,422,416,416,602,702
ILSVRC2012_val_00046781.JPEG,811,811,597,597,811,597,597,811,597,597,811,597,597,811,597,597,811,597,811,811,753,811,753,597,753
ILSVRC2012_val_00046799.JPEG,983,983,280,280,983,278,3,983,280,330,983,280,280,983,280,29,983,3,149,983,973,973,983,277,277
ILSVRC2012_val_00046849.JPEG,271,271,730,345,271,246,271,271,345,351,271,345,345,271,345,345,271,271,271,271,271,271,271,352,271
ILSVRC2012_val_00046948.JPEG,21,21,82,82,21,21,82,21,82,82,21,82,82,21,82,82,21,21,21,21,21,21,21,82,21
ILSVRC2012_val_00046974.JPEG,231,231,287,286,231,253,231,231,172,231,231,286,286,231,287,286,231,231,231,231,231,231,231,287,230
ILSVRC2012_val_00047018.JPEG,754,827,760,760,754,760,760,754,760,760,754,760,760,848,760,760,754,760,760,754,760,760,754,760,848
ILSVRC2012_val_00047098.JPEG,668,668,498,571,668,668,668,668,668,668,668,668,668,668,741,668,668,668,668,668,668,668,668,668,668
ILSVRC2012_val_00047119.JPEG,266,181,677,519,266,203,202,266,257,202,266,343,203,266,616,519,266,188,202,266,203,202,266,228,202
ILSVRC2012_val_00047175.JPEG,911,911,315,692,911,692,840,911,692,840,911,692,692,911,692,692,911,840,911,911,692,692,911,692,911
ILSVRC2012_val_00047212.JPEG,424,424,571,571,424,571,571,424,571,571,424,707,571,424,477,860,424,424,424,424,707,571,860,707,860
ILSVRC2012_val_00047446.JPEG,456,542,745,896,456,745,896,456,745,435,845,745,896,456,635,435,456,861,673,456,422,792,542,786,896
ILSVRC2012_val_00047620.JPEG,748,748,802,802,748,802,830,748,830,830,748,802,802,748,450,450,748,748,748,748,844,830,748,591,790
ILSVRC2012_val_00047625.JPEG,818,818,921,921,818,921,818,818,818,818,783,921,921,818,921,818,818,818,818,818,818,818,818,818,818
ILSVRC2012_val_00047632.JPEG,465,652,763,670,465,413,413,764,764,665,465,670,670,413,684,670,465,465,465,465,465,465,465,665,665
ILSVRC2012_val_00047710.JPEG,641,641,907,907,641,641,641,641,883,883,641,502,502,641,684,641,641,641,641,641,883,883,641,883,883
ILSVRC2012_val_00047722.JPEG,321,321,24,30,321,370,32,321,335,32,321,82,32,321,83,32,321,32,32,321,364,32,321,380,32
ILSVRC2012_val_00047785.JPEG,489,489,703,703,489,703,703,489,735,421,489,703,703,489,703,703,489,703,489,489,703,489,489,735,703
ILSVRC2012_val_00047824.JPEG,567,567,722,720,567,722,722,567,722,812,567,722,574,567,574,574,567,567,567,567,722,722,544,722,722
ILSVRC2012_val_00047861.JPEG,827,827,519,519,827,519,519,827,634,519,827,519,519,827,519,519,827,519,827,827,519,519,827,519,675
ILSVRC2012_val_00047918.JPEG,261,261,276,276,261,276,276,261,276,276,261,276,276,261,276,276,261,276,276,261,276,276,261,276,276
ILSVRC2012_val_00047925.JPEG,282,287,286,286,282,286,286,282,286,286,285,286,286,285,286,286,282,282,282,285,271,285,282,286,286
ILSVRC2012_val_00047958.JPEG,910,910,478,478,910,910,910,910,910,910,910,462,478,910,623,749,910,910,910,910,731,910,910,462,462
ILSVRC2012_val_00047978.JPEG,111,111,199,199,111,199,199,111,199,199,111,199,199,111,199,219,111,111,111,111,206,65,111,199,197
ILSVRC2012_val_00048001.JPEG,322,322,55,55,322,47,322,322,64,322,322,64,64,322,64,59,322,322,322,322,322,322,322,723,322
ILSVRC2012_val_00048004.JPEG,451,451,823,823,451,451,451,451,823,451,451,823,823,451,600,823,451,451,451,451,451,451,451,823,823
ILSVRC2012_val_00048011.JPEG,34,34,272,269,34,272,272,34,272,272,34,269,269,34,272,280,34,276,36,34,280,280,34,280,280
ILSVRC2012_val_00048020.JPEG,784,784,453,453,784,453,453,784,453,453,784,453,453,784,453,453,784,453,526,784,453,453,784,453,453
ILSVRC2012_val_00048035.JPEG,369,369,96,96,369,23,96,369,128,93,369,80,96,369,21,96,369,93,369,369,128,128,369,93,93
ILSVRC2012_val_00048089.JPEG,945,945,955,955,945,955,955,945,955,955,945,955,955,945,955,955,945,949,909,945,641,584,945,949,949
ILSVRC2012_val_00048150.JPEG,433,433,833,833,433,833,833,433,833,576,975,833,540,395,833,833,433,975,433,433,833,833,433,842,801
ILSVRC2012_val_00048166.JPEG,972,972,263,263,972,264,263,972,263,263,972,263,271,972,263,271,972,263,263,972,263,271,972,263,264
ILSVRC2012_val_00048178.JPEG,16,16,365,88,16,21,16,16,47,16,16,365,88,16,47,371,16,96,96,16,369,16,16,381,88
ILSVRC2012_val_00048181.JPEG,276,276,599,599,276,599,276,276,599,293,276,599,293,276,741,741,276,293,276,276,599,276,276,599,293
ILSVRC2012_val_00048218.JPEG,904,904,359,359,904,359,359,904,359,359,904,359,359,904,359,359,904,358,904,904,358,358,722,356,356
ILSVRC2012_val_00048326.JPEG,306,306,700,700,306,700,700,306,700,700,306,764,700,306,763,763,306,758,306,306,473,763,306,764,306
ILSVRC2012_val_00048399.JPEG,930,930,489,420,930,930,930,930,47,930,930,546,930,930,402,402,930,930,930,930,813,930,930,325,930
ILSVRC2012_val_00048422.JPEG,328,328,370,374,328,381,381,328,381,334,328,374,381,328,362,362,328,334,328,328,362,334,328,381,381
ILSVRC2012_val_00048423.JPEG,318,318,18,18,318,318,318,318,206,318,318,23,18,318,84,18,318,318,318,318,318,318,318,265,749
ILSVRC2012_val_00048462.JPEG,975,975,450,450,975,450,450,975,450,450,975,450,450,975,807,807,975,975,975,975,975,975,975,975,975
ILSVRC2012_val_00048530.JPEG,226,226,211,211,226,211,211,226,168,211,226,211,211,226,211,168,226,211,184,226,168,168,226,168,168
ILSVRC2012_val_00048531.JPEG,702,702,866,866,702,864,864,702,595,595,702,595,595,555,856,856,702,864,864,702,595,634,571,595,595
ILSVRC2012_val_00048586.JPEG,967,967,653,653,967,653,653,967,653,653,967,653,653,967,739,653,967,925,969,967,653,653,967,653,653
ILSVRC2012_val_00048606.JPEG,127,353,340,352,127,352,352,127,274,353,127,340,340,127,276,353,127,354,127,127,345,353,127,354,353
ILSVRC2012_val_00048648.JPEG,608,608,883,898,608,725,608,608,725,899,608,883,899,608,899,461,608,655,608,608,899,608,608,608,608
ILSVRC2012_val_00048716.JPEG,290,290,293,293,290,293,290,290,288,290,290,293,293,290,293,288,290,290,290,290,288,290,290,290,290
ILSVRC2012_val_00048749.JPEG,94,94,12,344,94,12,12,94,12,12,94,12,12,94,12,12,94,341,216,94,216,216,94,12,12
ILSVRC2012_val_00048750.JPEG,67,67,451,679,67,643,68,67,464,464,67,451,679,67,109,584,67,109,68,67,584,68,67,748,643
ILSVRC2012_val_00048793.JPEG,731,845,825,825,731,677,587,731,825,825,731,825,825,731,825,825,731,677,731,731,825,428,731,519,731
ILSVRC2012_val_00048859.JPEG,230,230,296,296,230,341,296,230,296,296,230,296,296,230,294,296,230,296,231,230,296,231,230,296,294
ILSVRC2012_val_00048885.JPEG,444,444,382,378,444,380,444,444,367,444,444,358,358,444,377,358,444,444,444,444,444,444,444,249,249
ILSVRC2012_val_00048912.JPEG,690,690,278,350,690,350,350,690,350,350,690,350,350,690,277,350,690,348,690,690,275,350,690,381,350
ILSVRC2012_val_00048919.JPEG,491,491,700,700,491,700,491,491,700,700,491,700,700,491,158,158,491,584,491,491,623,491,491,192,491
ILSVRC2012_val_00048951.JPEG,468,468,477,477,468,477,468,468,477,468,468,477,477,468,477,477,468,468,468,468,740,468,468,491,491
ILSVRC2012_val_00048998.JPEG,757,757,866,634,757,866,634,757,866,634,757,866,561,757,856,634,757,634,634,757,866,634,757,634,569
ILSVRC2012_val_00049107.JPEG,102,102,364,364,102,102,102,102,364,102,102,364,364,102,364,102,102,102,102,102,102,102,102,102,102
ILSVRC2012_val_00049116.JPEG,40,40,199,199,40,47,199,40,40,199,40,197,233,40,64,199,40,40,40,40,47,40,40,64,46
ILSVRC2012_val_00049117.JPEG,545,545,282,282,545,292,545,545,280,545,545,282,282,545,363,292,545,292,676,545,545,545,545,545,545
ILSVRC2012_val_00049157.JPEG,109,109,6,6,109,5,5,109,5,5,109,5,5,109,5,5,109,5,5,109,5,5,109,5,5
ILSVRC2012_val_00049162.JPEG,62,62,568,568,62,568,568,62,568,568,62,568,568,62,174,568,62,568,568,62,568,568,62,568,568
ILSVRC2012_val_00049172.JPEG,664,664,695,695,527,865,707,527,469,527,664,847,847,664,588,886,664,598,664,664,598,527,664,844,886
ILSVRC2012_val_00049185.JPEG,841,841,465,465,841,465,465,841,465,465,841,465,465,841,465,465,841,465,465,841,465,465,841,465,465
ILSVRC2012_val_00049188.JPEG,512,512,254,700,512,254,512,512,254,512,512,254,700,512,254,700,512,473,512,512,512,512,512,174,606
ILSVRC2012_val_00049380.JPEG,719,719,265,265,719,568,719,719,267,719,719,266,850,719,850,850,719,451,865,719,451,106,719,850,861
ILSVRC2012_val_00049498.JPEG,238,238,749,587,238,684,238,238,684,240,238,684,502,238,514,514,238,238,241,238,238,238,238,467,161
ILSVRC2012_val_00049730.JPEG,245,245,700,700,245,700,700,245,700,700,245,700,700,245,700,700,245,158,245,245,700,158,245,700,245
ILSVRC2012_val_00049797.JPEG,843,843,723,723,843,835,835,835,730,835,843,723,723,843,723,723,843,835,835,843,723,456,843,879,879
ILSVRC2012_val_00049818.JPEG,665,665,880,880,665,880,665,665,880,880,665,880,880,665,880,665,665,880,665,665,880,880,665,880,880
ILSVRC2012_val_00049867.JPEG,479,479,506,506,479,646,646,479,506,506,479,506,506,479,646,646,479,506,745,479,506,506,592,646,646
ILSVRC2012_val_00049916.JPEG,616,616,23,23,616,86,21,616,23,23,616,23,23,616,86,23,616,23,23,616,23,616,616,86,23
ILSVRC2012_val_00049971.JPEG,583,583,766,766,583,766,766,583,766,766,583,766,766,583,116,766,583,766,583,583,556,766,583,122,766
ILSVRC2012_val_00049990.JPEG,24,24,124,305,24,32,305,24,32,305,24,32,305,24,32,302,24,32,24,24,32,47,24,32,305
